ID_MUNICIPIO;pct_psoe;pct_pp;pct_vox;pct_cs;pct_up_sumar;pct_erc;pct_jxcat;pct_cup;pct_pnv;pct_ehbildu;pct_bng;pct_cc;pct_prc;pct_naplus;pct_teruel;pct_otros
1001;0.274013;0.104989;0.048399;0.0;0.125093;0.0;0.0;0.0;0.20551;0.221891;0.0;0.0;0.0;0.0;0.0;0.020104
1002;0.230769;0.069052;0.023614;0.0;0.102504;0.0;0.0;0.0;0.267979;0.296243;0.0;0.0;0.0;0.0;0.0;0.009839
1003;0.075653;0.002751;0.006878;0.0;0.093535;0.0;0.0;0.0;0.248968;0.558459;0.0;0.0;0.0;0.0;0.0;0.013755
1004;0.198783;0.104462;0.033469;0.0;0.111562;0.0;0.0;0.0;0.260649;0.278905;0.0;0.0;0.0;0.0;0.0;0.01217
1006;0.212121;0.234848;0.113636;0.0;0.143939;0.0;0.0;0.0;0.151515;0.136364;0.0;0.0;0.0;0.0;0.0;0.007576
1008;0.196181;0.171875;0.03125;0.0;0.095486;0.0;0.0;0.0;0.232639;0.262153;0.0;0.0;0.0;0.0;0.0;0.010417
1009;0.173572;0.040314;0.025756;0.0;0.114222;0.0;0.0;0.0;0.198208;0.43785;0.0;0.0;0.0;0.0;0.0;0.010078
1010;0.162162;0.071253;0.027027;0.0;0.103808;0.0;0.0;0.0;0.329853;0.296683;0.0;0.0;0.0;0.0;0.0;0.009214
1011;0.154286;0.36;0.074286;0.0;0.017143;0.0;0.0;0.0;0.308571;0.051429;0.0;0.0;0.0;0.0;0.0;0.034286
1013;0.137931;0.091278;0.014199;0.0;0.095335;0.0;0.0;0.0;0.219067;0.436105;0.0;0.0;0.0;0.0;0.0;0.006085
1014;0.194656;0.21374;0.038168;0.0;0.114504;0.0;0.0;0.0;0.278626;0.156489;0.0;0.0;0.0;0.0;0.0;0.003817
1016;0.194656;0.118321;0.030534;0.0;0.114504;0.0;0.0;0.0;0.248092;0.28626;0.0;0.0;0.0;0.0;0.0;0.007634
1017;0.165261;0.10118;0.026981;0.0;0.118044;0.0;0.0;0.0;0.246206;0.330523;0.0;0.0;0.0;0.0;0.0;0.011804
1018;0.152218;0.135081;0.037298;0.0;0.126008;0.0;0.0;0.0;0.195565;0.34879;0.0;0.0;0.0;0.0;0.0;0.00504
1019;0.090164;0.163934;0.0;0.0;0.090164;0.0;0.0;0.0;0.483607;0.163934;0.0;0.0;0.0;0.0;0.0;0.008197
1020;0.10084;0.092437;0.021008;0.0;0.079832;0.0;0.0;0.0;0.310924;0.390756;0.0;0.0;0.0;0.0;0.0;0.004202
1021;0.153846;0.2;0.058462;0.0;0.101538;0.0;0.0;0.0;0.295385;0.172308;0.0;0.0;0.0;0.0;0.0;0.018462
1022;0.319471;0.279773;0.030246;0.0;0.10775;0.0;0.0;0.0;0.164461;0.088847;0.0;0.0;0.0;0.0;0.0;0.009452
1023;0.129032;0.258065;0.043011;0.0;0.080645;0.0;0.0;0.0;0.306452;0.172043;0.0;0.0;0.0;0.0;0.0;0.010753
1027;0.126354;0.111913;0.032491;0.0;0.115523;0.0;0.0;0.0;0.241877;0.368231;0.0;0.0;0.0;0.0;0.0;0.00361
1028;0.25393;0.247884;0.050786;0.0;0.102781;0.0;0.0;0.0;0.117291;0.214027;0.0;0.0;0.0;0.0;0.0;0.013301
1030;0.149606;0.220472;0.0;0.0;0.086614;0.0;0.0;0.0;0.307087;0.228346;0.0;0.0;0.0;0.0;0.0;0.007874
1031;0.160998;0.339002;0.047619;0.0;0.081633;0.0;0.0;0.0;0.180272;0.179138;0.0;0.0;0.0;0.0;0.0;0.011338
1032;0.23913;0.201087;0.035326;0.0;0.059783;0.0;0.0;0.0;0.274457;0.184783;0.0;0.0;0.0;0.0;0.0;0.005435
1033;0.202479;0.204545;0.035124;0.0;0.045455;0.0;0.0;0.0;0.376033;0.123967;0.0;0.0;0.0;0.0;0.0;0.012397
1034;0.310345;0.051724;0.017241;0.0;0.077586;0.0;0.0;0.0;0.301724;0.241379;0.0;0.0;0.0;0.0;0.0;0.0
1036;0.256736;0.085104;0.022267;0.0;0.111235;0.0;0.0;0.0;0.234265;0.27941;0.0;0.0;0.0;0.0;0.0;0.010981
1037;0.128571;0.142857;0.016667;0.0;0.1;0.0;0.0;0.0;0.316667;0.290476;0.0;0.0;0.0;0.0;0.0;0.004762
1039;0.308824;0.139706;0.022059;0.0;0.051471;0.0;0.0;0.0;0.227941;0.242647;0.0;0.0;0.0;0.0;0.0;0.007353
1041;0.11215;0.317757;0.046729;0.0;0.084112;0.0;0.0;0.0;0.336449;0.074766;0.0;0.0;0.0;0.0;0.0;0.028037
1042;0.140673;0.067278;0.027523;0.0;0.100917;0.0;0.0;0.0;0.363914;0.279817;0.0;0.0;0.0;0.0;0.0;0.019878
1043;0.289975;0.221447;0.05901;0.0;0.114213;0.0;0.0;0.0;0.106599;0.199873;0.0;0.0;0.0;0.0;0.0;0.008883
1044;0.290323;0.107527;0.016129;0.0;0.096774;0.0;0.0;0.0;0.177419;0.311828;0.0;0.0;0.0;0.0;0.0;0.0
1046;0.195175;0.179825;0.035088;0.0;0.120614;0.0;0.0;0.0;0.27193;0.184211;0.0;0.0;0.0;0.0;0.0;0.013158
1047;0.238164;0.278336;0.084648;0.0;0.137733;0.0;0.0;0.0;0.15208;0.10043;0.0;0.0;0.0;0.0;0.0;0.008608
1049;0.194175;0.097087;0.058252;0.0;0.067961;0.0;0.0;0.0;0.271845;0.281553;0.0;0.0;0.0;0.0;0.0;0.029126
1051;0.196444;0.071973;0.021592;0.0;0.08171;0.0;0.0;0.0;0.232854;0.386113;0.0;0.0;0.0;0.0;0.0;0.009314
1052;0.234286;0.045714;0.0;0.0;0.108571;0.0;0.0;0.0;0.337143;0.268571;0.0;0.0;0.0;0.0;0.0;0.005714
1053;0.153646;0.078125;0.018229;0.0;0.09375;0.0;0.0;0.0;0.226562;0.416667;0.0;0.0;0.0;0.0;0.0;0.013021
1054;0.16;0.065333;0.018667;0.0;0.116;0.0;0.0;0.0;0.208;0.424;0.0;0.0;0.0;0.0;0.0;0.008
1055;0.180354;0.151369;0.041868;0.0;0.125604;0.0;0.0;0.0;0.276973;0.215781;0.0;0.0;0.0;0.0;0.0;0.008052
1056;0.046296;0.12037;0.009259;0.0;0.138889;0.0;0.0;0.0;0.37963;0.296296;0.0;0.0;0.0;0.0;0.0;0.009259
1057;0.082051;0.107692;0.035897;0.0;0.041026;0.0;0.0;0.0;0.369231;0.353846;0.0;0.0;0.0;0.0;0.0;0.010256
1058;0.184091;0.077273;0.019318;0.0;0.107955;0.0;0.0;0.0;0.215909;0.386364;0.0;0.0;0.0;0.0;0.0;0.009091
1059;0.29912;0.199534;0.041387;0.0;0.135293;0.0;0.0;0.0;0.143318;0.167675;0.0;0.0;0.0;0.0;0.0;0.013672
1060;0.174699;0.349398;0.036145;0.0;0.042169;0.0;0.0;0.0;0.277108;0.114458;0.0;0.0;0.0;0.0;0.0;0.006024
1061;0.099338;0.006623;0.006623;0.0;0.145695;0.0;0.0;0.0;0.238411;0.470199;0.0;0.0;0.0;0.0;0.0;0.033113
1062;0.300847;0.20339;0.09322;0.0;0.105932;0.0;0.0;0.0;0.127119;0.144068;0.0;0.0;0.0;0.0;0.0;0.025424
1063;0.151154;0.108712;0.033507;0.0;0.118392;0.0;0.0;0.0;0.267312;0.314222;0.0;0.0;0.0;0.0;0.0;0.006701
1901;0.307502;0.192808;0.060756;0.0;0.123373;0.0;0.0;0.0;0.143831;0.157471;0.0;0.0;0.0;0.0;0.0;0.014259
1902;0.221805;0.225564;0.06391;0.0;0.139098;0.0;0.0;0.0;0.210526;0.12782;0.0;0.0;0.0;0.0;0.0;0.011278
2001;0.388889;0.422939;0.137993;0.0;0.046595;0.0;0.0;0.0;0.0;0.0;0.0;0.0;0.0;0.0;0.0;0.003584
2002;0.391304;0.402899;0.185507;0.0;0.011594;0.0;0.0;0.0;0.0;0.0;0.0;0.0;0.0;0.0;0.0;0.008696
2003;0.310843;0.418175;0.178921;0.0;0.080366;0.0;0.0;0.0;0.0;0.0;0.0;0.0;0.0;0.0;0.0;0.011695
2004;0.409978;0.416486;0.132321;0.0;0.032538;0.0;0.0;0.0;0.0;0.0;0.0;0.0;0.0;0.0;0.0;0.008677
2005;0.400955;0.429594;0.138425;0.0;0.026253;0.0;0.0;0.0;0.0;0.0;0.0;0.0;0.0;0.0;0.0;0.004773
2006;0.411765;0.427015;0.12854;0.0;0.028322;0.0;0.0;0.0;0.0;0.0;0.0;0.0;0.0;0.0;0.0;0.004357
2007;0.544863;0.304291;0.078023;0.0;0.063719;0.0;0.0;0.0;0.0;0.0;0.0;0.0;0.0;0.0;0.0;0.009103
2008;0.395172;0.359593;0.184244;0.0;0.054638;0.0;0.0;0.0;0.0;0.0;0.0;0.0;0.0;0.0;0.0;0.006353
2009;0.424144;0.376721;0.112432;0.0;0.07618;0.0;0.0;0.0;0.0;0.0;0.0;0.0;0.0;0.0;0.0;0.010523
2010;0.424116;0.379071;0.147609;0.0;0.045045;0.0;0.0;0.0;0.0;0.0;0.0;0.0;0.0;0.0;0.0;0.004158
2011;0.353191;0.438298;0.161702;0.0;0.046809;0.0;0.0;0.0;0.0;0.0;0.0;0.0;0.0;0.0;0.0;0.0
2012;0.412856;0.41617;0.119284;0.0;0.047714;0.0;0.0;0.0;0.0;0.0;0.0;0.0;0.0;0.0;0.0;0.003976
2013;0.383838;0.242424;0.252525;0.0;0.10101;0.0;0.0;0.0;0.0;0.0;0.0;0.0;0.0;0.0;0.0;0.020202
2014;0.513011;0.30855;0.063197;0.0;0.104089;0.0;0.0;0.0;0.0;0.0;0.0;0.0;0.0;0.0;0.0;0.011152
2015;0.374453;0.373578;0.2021;0.0;0.046369;0.0;0.0;0.0;0.0;0.0;0.0;0.0;0.0;0.0;0.0;0.0035
2016;0.326975;0.474114;0.144414;0.0;0.032698;0.0;0.0;0.0;0.0;0.0;0.0;0.0;0.0;0.0;0.0;0.021798
2017;0.444223;0.350598;0.153386;0.0;0.045817;0.0;0.0;0.0;0.0;0.0;0.0;0.0;0.0;0.0;0.0;0.005976
2018;0.369565;0.476708;0.119565;0.0;0.034161;0.0;0.0;0.0;0.0;0.0;0.0;0.0;0.0;0.0;0.0;0.0
2019;0.438348;0.300339;0.194005;0.0;0.059955;0.0;0.0;0.0;0.0;0.0;0.0;0.0;0.0;0.0;0.0;0.007353
2020;0.406154;0.409231;0.098462;0.0;0.076923;0.0;0.0;0.0;0.0;0.0;0.0;0.0;0.0;0.0;0.0;0.009231
2021;0.375;0.42625;0.16;0.0;0.035;0.0;0.0;0.0;0.0;0.0;0.0;0.0;0.0;0.0;0.0;0.00375
2022;0.337255;0.403922;0.219608;0.0;0.035294;0.0;0.0;0.0;0.0;0.0;0.0;0.0;0.0;0.0;0.0;0.003922
2023;0.4;0.438961;0.116883;0.0;0.036364;0.0;0.0;0.0;0.0;0.0;0.0;0.0;0.0;0.0;0.0;0.007792
2024;0.413226;0.337876;0.155511;0.0;0.084168;0.0;0.0;0.0;0.0;0.0;0.0;0.0;0.0;0.0;0.0;0.009218
2025;0.319567;0.384178;0.204662;0.0;0.074706;0.0;0.0;0.0;0.0;0.0;0.0;0.0;0.0;0.0;0.0;0.016887
2026;0.487952;0.308735;0.088855;0.0;0.106928;0.0;0.0;0.0;0.0;0.0;0.0;0.0;0.0;0.0;0.0;0.00753
2027;0.316742;0.452489;0.131222;0.0;0.076923;0.0;0.0;0.0;0.0;0.0;0.0;0.0;0.0;0.0;0.0;0.022624
2028;0.397849;0.333333;0.193548;0.0;0.075269;0.0;0.0;0.0;0.0;0.0;0.0;0.0;0.0;0.0;0.0;0.0
2029;0.34115;0.358926;0.181543;0.0;0.104766;0.0;0.0;0.0;0.0;0.0;0.0;0.0;0.0;0.0;0.0;0.013616
2030;0.445;0.362273;0.134545;0.0;0.051364;0.0;0.0;0.0;0.0;0.0;0.0;0.0;0.0;0.0;0.0;0.006818
2031;0.559036;0.322892;0.06747;0.0;0.050602;0.0;0.0;0.0;0.0;0.0;0.0;0.0;0.0;0.0;0.0;0.0
2032;0.458763;0.293814;0.154639;0.0;0.082474;0.0;0.0;0.0;0.0;0.0;0.0;0.0;0.0;0.0;0.0;0.010309
2033;0.374738;0.4194;0.123517;0.0;0.071877;0.0;0.0;0.0;0.0;0.0;0.0;0.0;0.0;0.0;0.0;0.010468
2034;0.490978;0.322887;0.11491;0.0;0.064577;0.0;0.0;0.0;0.0;0.0;0.0;0.0;0.0;0.0;0.0;0.006648
2035;0.363577;0.379896;0.199739;0.0;0.050261;0.0;0.0;0.0;0.0;0.0;0.0;0.0;0.0;0.0;0.0;0.006527
2036;0.38806;0.38806;0.223881;0.0;0.0;0.0;0.0;0.0;0.0;0.0;0.0;0.0;0.0;0.0;0.0;0.0
2037;0.324506;0.413007;0.201408;0.0;0.053235;0.0;0.0;0.0;0.0;0.0;0.0;0.0;0.0;0.0;0.0;0.007844
2038;0.31694;0.491803;0.153005;0.0;0.027322;0.0;0.0;0.0;0.0;0.0;0.0;0.0;0.0;0.0;0.0;0.010929
2039;0.453865;0.401496;0.07606;0.0;0.061097;0.0;0.0;0.0;0.0;0.0;0.0;0.0;0.0;0.0;0.0;0.007481
2040;0.480687;0.396996;0.083691;0.0;0.038627;0.0;0.0;0.0;0.0;0.0;0.0;0.0;0.0;0.0;0.0;0.0
2041;0.304;0.58;0.096;0.0;0.012;0.0;0.0;0.0;0.0;0.0;0.0;0.0;0.0;0.0;0.0;0.008
2042;0.452862;0.358586;0.119529;0.0;0.065657;0.0;0.0;0.0;0.0;0.0;0.0;0.0;0.0;0.0;0.0;0.003367
2043;0.400655;0.40393;0.159389;0.0;0.032751;0.0;0.0;0.0;0.0;0.0;0.0;0.0;0.0;0.0;0.0;0.003275
2044;0.413408;0.346369;0.188547;0.0;0.048883;0.0;0.0;0.0;0.0;0.0;0.0;0.0;0.0;0.0;0.0;0.002793
2045;0.396078;0.314082;0.101961;0.0;0.179679;0.0;0.0;0.0;0.0;0.0;0.0;0.0;0.0;0.0;0.0;0.0082
2046;0.28115;0.487753;0.169329;0.0;0.051118;0.0;0.0;0.0;0.0;0.0;0.0;0.0;0.0;0.0;0.0;0.01065
2047;0.27193;0.561404;0.122807;0.0;0.04386;0.0;0.0;0.0;0.0;0.0;0.0;0.0;0.0;0.0;0.0;0.0
2048;0.329241;0.464286;0.170759;0.0;0.03125;0.0;0.0;0.0;0.0;0.0;0.0;0.0;0.0;0.0;0.0;0.004464
2049;0.489758;0.324022;0.115456;0.0;0.067039;0.0;0.0;0.0;0.0;0.0;0.0;0.0;0.0;0.0;0.0;0.003724
2050;0.288136;0.389831;0.271186;0.0;0.050847;0.0;0.0;0.0;0.0;0.0;0.0;0.0;0.0;0.0;0.0;0.0
2051;0.243433;0.543783;0.170753;0.0;0.037653;0.0;0.0;0.0;0.0;0.0;0.0;0.0;0.0;0.0;0.0;0.004378
2052;0.399002;0.354115;0.174564;0.0;0.057357;0.0;0.0;0.0;0.0;0.0;0.0;0.0;0.0;0.0;0.0;0.014963
2053;0.404036;0.338808;0.129047;0.0;0.099484;0.0;0.0;0.0;0.0;0.0;0.0;0.0;0.0;0.0;0.0;0.028625
2054;0.286689;0.549488;0.109215;0.0;0.054608;0.0;0.0;0.0;0.0;0.0;0.0;0.0;0.0;0.0;0.0;0.0
2055;0.501362;0.279292;0.163488;0.0;0.053134;0.0;0.0;0.0;0.0;0.0;0.0;0.0;0.0;0.0;0.0;0.002725
2056;0.4;0.38595;0.17686;0.0;0.030579;0.0;0.0;0.0;0.0;0.0;0.0;0.0;0.0;0.0;0.0;0.006612
2057;0.520416;0.268003;0.123979;0.0;0.077209;0.0;0.0;0.0;0.0;0.0;0.0;0.0;0.0;0.0;0.0;0.010393
2058;0.479638;0.348416;0.076923;0.0;0.085973;0.0;0.0;0.0;0.0;0.0;0.0;0.0;0.0;0.0;0.0;0.00905
2059;0.435685;0.356846;0.190871;0.0;0.016598;0.0;0.0;0.0;0.0;0.0;0.0;0.0;0.0;0.0;0.0;0.0
2060;0.272551;0.492726;0.196896;0.0;0.030068;0.0;0.0;0.0;0.0;0.0;0.0;0.0;0.0;0.0;0.0;0.007759
2061;0.347072;0.446855;0.171367;0.0;0.0282;0.0;0.0;0.0;0.0;0.0;0.0;0.0;0.0;0.0;0.0;0.006508
2062;0.426966;0.389513;0.149813;0.0;0.026217;0.0;0.0;0.0;0.0;0.0;0.0;0.0;0.0;0.0;0.0;0.007491
2063;0.428285;0.34002;0.192578;0.0;0.033099;0.0;0.0;0.0;0.0;0.0;0.0;0.0;0.0;0.0;0.0;0.006018
2064;0.446735;0.463918;0.054983;0.0;0.024055;0.0;0.0;0.0;0.0;0.0;0.0;0.0;0.0;0.0;0.0;0.010309
2065;0.370968;0.443548;0.115591;0.0;0.061828;0.0;0.0;0.0;0.0;0.0;0.0;0.0;0.0;0.0;0.0;0.008065
2066;0.466258;0.331288;0.141104;0.0;0.06135;0.0;0.0;0.0;0.0;0.0;0.0;0.0;0.0;0.0;0.0;0.0
2067;0.432955;0.375;0.106818;0.0;0.076136;0.0;0.0;0.0;0.0;0.0;0.0;0.0;0.0;0.0;0.0;0.009091
2068;0.393939;0.367424;0.174242;0.0;0.060606;0.0;0.0;0.0;0.0;0.0;0.0;0.0;0.0;0.0;0.0;0.003788
2069;0.326844;0.431858;0.181947;0.0;0.055221;0.0;0.0;0.0;0.0;0.0;0.0;0.0;0.0;0.0;0.0;0.00413
2070;0.697595;0.195876;0.054983;0.0;0.044674;0.0;0.0;0.0;0.0;0.0;0.0;0.0;0.0;0.0;0.0;0.006873
2071;0.407323;0.399314;0.163616;0.0;0.02746;0.0;0.0;0.0;0.0;0.0;0.0;0.0;0.0;0.0;0.0;0.002288
2072;0.415113;0.358194;0.156035;0.0;0.062807;0.0;0.0;0.0;0.0;0.0;0.0;0.0;0.0;0.0;0.0;0.007851
2073;0.361034;0.366593;0.165648;0.0;0.100611;0.0;0.0;0.0;0.0;0.0;0.0;0.0;0.0;0.0;0.0;0.006115
2074;0.362418;0.411894;0.152328;0.0;0.064587;0.0;0.0;0.0;0.0;0.0;0.0;0.0;0.0;0.0;0.0;0.008774
2075;0.333089;0.438738;0.176816;0.0;0.042553;0.0;0.0;0.0;0.0;0.0;0.0;0.0;0.0;0.0;0.0;0.008804
2076;0.478261;0.334783;0.143478;0.0;0.043478;0.0;0.0;0.0;0.0;0.0;0.0;0.0;0.0;0.0;0.0;0.0
2077;0.5;0.225;0.1;0.0;0.15;0.0;0.0;0.0;0.0;0.0;0.0;0.0;0.0;0.0;0.0;0.025
2078;0.450151;0.28852;0.176737;0.0;0.077039;0.0;0.0;0.0;0.0;0.0;0.0;0.0;0.0;0.0;0.0;0.007553
2079;0.383341;0.337555;0.095957;0.0;0.173892;0.0;0.0;0.0;0.0;0.0;0.0;0.0;0.0;0.0;0.0;0.009255
2080;0.337989;0.410615;0.203911;0.0;0.047486;0.0;0.0;0.0;0.0;0.0;0.0;0.0;0.0;0.0;0.0;0.0
2081;0.333436;0.416295;0.184875;0.0;0.058317;0.0;0.0;0.0;0.0;0.0;0.0;0.0;0.0;0.0;0.0;0.007078
2082;0.428571;0.311688;0.12987;0.0;0.116883;0.0;0.0;0.0;0.0;0.0;0.0;0.0;0.0;0.0;0.0;0.012987
2083;0.417219;0.430464;0.099338;0.0;0.033113;0.0;0.0;0.0;0.0;0.0;0.0;0.0;0.0;0.0;0.0;0.019868
2084;0.341837;0.377551;0.25;0.0;0.020408;0.0;0.0;0.0;0.0;0.0;0.0;0.0;0.0;0.0;0.0;0.010204
2085;0.348018;0.493392;0.145374;0.0;0.008811;0.0;0.0;0.0;0.0;0.0;0.0;0.0;0.0;0.0;0.0;0.004405
2086;0.43734;0.41624;0.099105;0.0;0.044118;0.0;0.0;0.0;0.0;0.0;0.0;0.0;0.0;0.0;0.0;0.003197
2901;0.360624;0.414555;0.191683;0.0;0.02924;0.0;0.0;0.0;0.0;0.0;0.0;0.0;0.0;0.0;0.0;0.003899
3001;0.182927;0.426829;0.101626;0.0;0.284553;0.0;0.0;0.0;0.0;0.0;0.0;0.0;0.0;0.0;0.0;0.004065
3002;0.324061;0.361994;0.156431;0.0;0.142341;0.0;0.0;0.0;0.0;0.0;0.0;0.0;0.0;0.0;0.0;0.015173
3003;0.243108;0.37594;0.157895;0.0;0.220551;0.0;0.0;0.0;0.0;0.0;0.0;0.0;0.0;0.0;0.0;0.002506
3004;0.353846;0.336538;0.134615;0.0;0.163462;0.0;0.0;0.0;0.0;0.0;0.0;0.0;0.0;0.0;0.0;0.011538
3005;0.247981;0.421648;0.247496;0.0;0.071244;0.0;0.0;0.0;0.0;0.0;0.0;0.0;0.0;0.0;0.0;0.011632
3006;0.273438;0.315104;0.09375;0.0;0.304688;0.0;0.0;0.0;0.0;0.0;0.0;0.0;0.0;0.0;0.0;0.013021
3007;0.357576;0.236364;0.109091;0.0;0.284848;0.0;0.0;0.0;0.0;0.0;0.0;0.0;0.0;0.0;0.0;0.012121
3008;0.318519;0.311111;0.22963;0.0;0.140741;0.0;0.0;0.0;0.0;0.0;0.0;0.0;0.0;0.0;0.0;0.0
3009;0.39233;0.284197;0.129191;0.0;0.179265;0.0;0.0;0.0;0.0;0.0;0.0;0.0;0.0;0.0;0.0;0.015016
3010;0.327465;0.338028;0.091549;0.0;0.21831;0.0;0.0;0.0;0.0;0.0;0.0;0.0;0.0;0.0;0.0;0.024648
3011;0.336041;0.353346;0.185238;0.0;0.109129;0.0;0.0;0.0;0.0;0.0;0.0;0.0;0.0;0.0;0.0;0.016246
3012;0.300439;0.381579;0.211623;0.0;0.094298;0.0;0.0;0.0;0.0;0.0;0.0;0.0;0.0;0.0;0.0;0.012061
3013;0.328264;0.416984;0.168568;0.0;0.077313;0.0;0.0;0.0;0.0;0.0;0.0;0.0;0.0;0.0;0.0;0.008872
3014;0.313355;0.382654;0.161154;0.0;0.127372;0.0;0.0;0.0;0.0;0.0;0.0;0.0;0.0;0.0;0.0;0.015464
3015;0.278603;0.410104;0.200594;0.0;0.099236;0.0;0.0;0.0;0.0;0.0;0.0;0.0;0.0;0.0;0.0;0.011463
3016;0.150685;0.452055;0.246575;0.0;0.123288;0.0;0.0;0.0;0.0;0.0;0.0;0.0;0.0;0.0;0.0;0.027397
3017;0.424242;0.22865;0.096419;0.0;0.225895;0.0;0.0;0.0;0.0;0.0;0.0;0.0;0.0;0.0;0.0;0.024793
3018;0.321542;0.344252;0.112894;0.0;0.208866;0.0;0.0;0.0;0.0;0.0;0.0;0.0;0.0;0.0;0.0;0.012447
3019;0.309542;0.371417;0.186297;0.0;0.118285;0.0;0.0;0.0;0.0;0.0;0.0;0.0;0.0;0.0;0.0;0.01446
3020;0.451613;0.354839;0.053763;0.0;0.11828;0.0;0.0;0.0;0.0;0.0;0.0;0.0;0.0;0.0;0.0;0.021505
3021;0.2989;0.374579;0.143723;0.0;0.173142;0.0;0.0;0.0;0.0;0.0;0.0;0.0;0.0;0.0;0.0;0.009656
3022;0.308943;0.382114;0.130081;0.0;0.162602;0.0;0.0;0.0;0.0;0.0;0.0;0.0;0.0;0.0;0.0;0.01626
3023;0.366071;0.364286;0.102679;0.0;0.158036;0.0;0.0;0.0;0.0;0.0;0.0;0.0;0.0;0.0;0.0;0.008929
3024;0.328999;0.437581;0.170351;0.0;0.057542;0.0;0.0;0.0;0.0;0.0;0.0;0.0;0.0;0.0;0.0;0.005527
3025;0.287476;0.424099;0.221063;0.0;0.058824;0.0;0.0;0.0;0.0;0.0;0.0;0.0;0.0;0.0;0.0;0.008539
3026;0.380037;0.298535;0.127289;0.0;0.180403;0.0;0.0;0.0;0.0;0.0;0.0;0.0;0.0;0.0;0.0;0.013736
3027;0.40625;0.31875;0.13125;0.0;0.1375;0.0;0.0;0.0;0.0;0.0;0.0;0.0;0.0;0.0;0.0;0.00625
3028;0.369509;0.320413;0.111111;0.0;0.193798;0.0;0.0;0.0;0.0;0.0;0.0;0.0;0.0;0.0;0.0;0.005168
3029;0.477528;0.303371;0.061798;0.0;0.140449;0.0;0.0;0.0;0.0;0.0;0.0;0.0;0.0;0.0;0.0;0.016854
3030;0.357895;0.298947;0.12;0.0;0.2;0.0;0.0;0.0;0.0;0.0;0.0;0.0;0.0;0.0;0.0;0.023158
3031;0.337678;0.405916;0.14497;0.0;0.099832;0.0;0.0;0.0;0.0;0.0;0.0;0.0;0.0;0.0;0.0;0.011605
3032;0.206897;0.436782;0.091954;0.0;0.252874;0.0;0.0;0.0;0.0;0.0;0.0;0.0;0.0;0.0;0.0;0.011494
3033;0.246377;0.376812;0.188406;0.0;0.173913;0.0;0.0;0.0;0.0;0.0;0.0;0.0;0.0;0.0;0.0;0.014493
3034;0.298165;0.465138;0.141284;0.0;0.087156;0.0;0.0;0.0;0.0;0.0;0.0;0.0;0.0;0.0;0.0;0.008257
3035;0.403226;0.332661;0.102823;0.0;0.157258;0.0;0.0;0.0;0.0;0.0;0.0;0.0;0.0;0.0;0.0;0.004032
3036;0.333333;0.395062;0.024691;0.0;0.234568;0.0;0.0;0.0;0.0;0.0;0.0;0.0;0.0;0.0;0.0;0.012346
3037;0.40146;0.273723;0.127737;0.0;0.178832;0.0;0.0;0.0;0.0;0.0;0.0;0.0;0.0;0.0;0.0;0.018248
3038;0.340067;0.410774;0.094276;0.0;0.144781;0.0;0.0;0.0;0.0;0.0;0.0;0.0;0.0;0.0;0.0;0.010101
3039;0.226667;0.453333;0.106667;0.0;0.2;0.0;0.0;0.0;0.0;0.0;0.0;0.0;0.0;0.0;0.0;0.013333
3040;0.229268;0.326829;0.092683;0.0;0.341463;0.0;0.0;0.0;0.0;0.0;0.0;0.0;0.0;0.0;0.0;0.009756
3041;0.31964;0.339026;0.129471;0.0;0.202169;0.0;0.0;0.0;0.0;0.0;0.0;0.0;0.0;0.0;0.0;0.009693
3042;0.275472;0.387736;0.146226;0.0;0.176415;0.0;0.0;0.0;0.0;0.0;0.0;0.0;0.0;0.0;0.0;0.014151
3043;0.365138;0.337877;0.10822;0.0;0.184634;0.0;0.0;0.0;0.0;0.0;0.0;0.0;0.0;0.0;0.0;0.004131
3044;0.272629;0.456627;0.194504;0.0;0.068157;0.0;0.0;0.0;0.0;0.0;0.0;0.0;0.0;0.0;0.0;0.008082
3045;0.305699;0.455959;0.124352;0.0;0.103627;0.0;0.0;0.0;0.0;0.0;0.0;0.0;0.0;0.0;0.0;0.010363
3046;0.323331;0.335334;0.180795;0.0;0.149287;0.0;0.0;0.0;0.0;0.0;0.0;0.0;0.0;0.0;0.0;0.011253
3047;0.347022;0.337147;0.152821;0.0;0.144671;0.0;0.0;0.0;0.0;0.0;0.0;0.0;0.0;0.0;0.0;0.018339
3048;0.26763;0.424809;0.167941;0.0;0.129708;0.0;0.0;0.0;0.0;0.0;0.0;0.0;0.0;0.0;0.0;0.009912
3049;0.278815;0.395343;0.224643;0.0;0.093361;0.0;0.0;0.0;0.0;0.0;0.0;0.0;0.0;0.0;0.0;0.007838
3050;0.295063;0.381594;0.16086;0.0;0.146544;0.0;0.0;0.0;0.0;0.0;0.0;0.0;0.0;0.0;0.0;0.015938
3051;0.329073;0.364217;0.124601;0.0;0.166134;0.0;0.0;0.0;0.0;0.0;0.0;0.0;0.0;0.0;0.0;0.015974
3052;0.228792;0.492288;0.14653;0.0;0.124679;0.0;0.0;0.0;0.0;0.0;0.0;0.0;0.0;0.0;0.0;0.007712
3053;0.269356;0.398563;0.156158;0.0;0.163345;0.0;0.0;0.0;0.0;0.0;0.0;0.0;0.0;0.0;0.0;0.012578
3054;0.377953;0.311024;0.133858;0.0;0.165354;0.0;0.0;0.0;0.0;0.0;0.0;0.0;0.0;0.0;0.0;0.011811
3055;0.248805;0.457862;0.203522;0.0;0.078742;0.0;0.0;0.0;0.0;0.0;0.0;0.0;0.0;0.0;0.0;0.011069
3056;0.355015;0.320231;0.122602;0.0;0.18983;0.0;0.0;0.0;0.0;0.0;0.0;0.0;0.0;0.0;0.0;0.012323
3057;0.317919;0.265896;0.277457;0.0;0.121387;0.0;0.0;0.0;0.0;0.0;0.0;0.0;0.0;0.0;0.0;0.017341
3058;0.226505;0.486521;0.214916;0.0;0.063996;0.0;0.0;0.0;0.0;0.0;0.0;0.0;0.0;0.0;0.0;0.008062
3059;0.271879;0.337047;0.234048;0.0;0.145106;0.0;0.0;0.0;0.0;0.0;0.0;0.0;0.0;0.0;0.0;0.011919
3060;0.44086;0.247312;0.053763;0.0;0.247312;0.0;0.0;0.0;0.0;0.0;0.0;0.0;0.0;0.0;0.0;0.010753
3061;0.187646;0.487179;0.250583;0.0;0.060606;0.0;0.0;0.0;0.0;0.0;0.0;0.0;0.0;0.0;0.0;0.013986
3062;0.209184;0.454082;0.168367;0.0;0.168367;0.0;0.0;0.0;0.0;0.0;0.0;0.0;0.0;0.0;0.0;0.0
3063;0.362875;0.330112;0.12449;0.0;0.162834;0.0;0.0;0.0;0.0;0.0;0.0;0.0;0.0;0.0;0.0;0.019689
3064;0.274903;0.435779;0.213385;0.0;0.064865;0.0;0.0;0.0;0.0;0.0;0.0;0.0;0.0;0.0;0.0;0.011068
3065;0.332649;0.379694;0.167286;0.0;0.107402;0.0;0.0;0.0;0.0;0.0;0.0;0.0;0.0;0.0;0.0;0.012967
3066;0.376909;0.343517;0.152413;0.0;0.112855;0.0;0.0;0.0;0.0;0.0;0.0;0.0;0.0;0.0;0.0;0.014306
3067;0.409639;0.325301;0.096386;0.0;0.168675;0.0;0.0;0.0;0.0;0.0;0.0;0.0;0.0;0.0;0.0;0.0
3068;0.078947;0.657895;0.157895;0.0;0.105263;0.0;0.0;0.0;0.0;0.0;0.0;0.0;0.0;0.0;0.0;0.0
3069;0.261649;0.429311;0.178017;0.0;0.119873;0.0;0.0;0.0;0.0;0.0;0.0;0.0;0.0;0.0;0.0;0.011151
3070;0.312739;0.379618;0.194268;0.0;0.105732;0.0;0.0;0.0;0.0;0.0;0.0;0.0;0.0;0.0;0.0;0.007643
3071;0.324005;0.334457;0.083951;0.0;0.247471;0.0;0.0;0.0;0.0;0.0;0.0;0.0;0.0;0.0;0.0;0.010115
3072;0.342679;0.221184;0.140187;0.0;0.280374;0.0;0.0;0.0;0.0;0.0;0.0;0.0;0.0;0.0;0.0;0.015576
3073;0.341346;0.307692;0.125;0.0;0.206731;0.0;0.0;0.0;0.0;0.0;0.0;0.0;0.0;0.0;0.0;0.019231
3074;0.253294;0.445827;0.242313;0.0;0.051245;0.0;0.0;0.0;0.0;0.0;0.0;0.0;0.0;0.0;0.0;0.007321
3075;0.201439;0.402878;0.201439;0.0;0.179856;0.0;0.0;0.0;0.0;0.0;0.0;0.0;0.0;0.0;0.0;0.014388
3076;0.314622;0.414041;0.148822;0.0;0.11242;0.0;0.0;0.0;0.0;0.0;0.0;0.0;0.0;0.0;0.0;0.010095
3077;0.286835;0.40279;0.185702;0.0;0.114211;0.0;0.0;0.0;0.0;0.0;0.0;0.0;0.0;0.0;0.0;0.010462
3078;0.256477;0.450777;0.204663;0.0;0.085492;0.0;0.0;0.0;0.0;0.0;0.0;0.0;0.0;0.0;0.0;0.002591
3079;0.335044;0.353043;0.140596;0.0;0.154836;0.0;0.0;0.0;0.0;0.0;0.0;0.0;0.0;0.0;0.0;0.016481
3080;0.229479;0.456311;0.247132;0.0;0.063548;0.0;0.0;0.0;0.0;0.0;0.0;0.0;0.0;0.0;0.0;0.00353
3081;0.311943;0.315508;0.106952;0.0;0.249554;0.0;0.0;0.0;0.0;0.0;0.0;0.0;0.0;0.0;0.0;0.016043
3082;0.306295;0.3737;0.15309;0.0;0.153776;0.0;0.0;0.0;0.0;0.0;0.0;0.0;0.0;0.0;0.0;0.013138
3083;0.411482;0.305474;0.104139;0.0;0.165821;0.0;0.0;0.0;0.0;0.0;0.0;0.0;0.0;0.0;0.0;0.013084
3084;0.321782;0.393564;0.0;0.0;0.131188;0.0;0.0;0.0;0.0;0.0;0.0;0.0;0.0;0.0;0.0;0.153465
3085;0.269388;0.42449;0.093878;0.0;0.2;0.0;0.0;0.0;0.0;0.0;0.0;0.0;0.0;0.0;0.0;0.012245
3086;0.319444;0.305556;0.118056;0.0;0.229167;0.0;0.0;0.0;0.0;0.0;0.0;0.0;0.0;0.0;0.0;0.027778
3088;0.277581;0.360877;0.225964;0.0;0.11852;0.0;0.0;0.0;0.0;0.0;0.0;0.0;0.0;0.0;0.0;0.017058
3089;0.377572;0.34274;0.15241;0.0;0.115961;0.0;0.0;0.0;0.0;0.0;0.0;0.0;0.0;0.0;0.0;0.011317
3090;0.302297;0.36245;0.17623;0.0;0.145826;0.0;0.0;0.0;0.0;0.0;0.0;0.0;0.0;0.0;0.0;0.013197
3091;0.303371;0.511236;0.050562;0.0;0.123596;0.0;0.0;0.0;0.0;0.0;0.0;0.0;0.0;0.0;0.0;0.011236
3092;0.339747;0.295821;0.11895;0.0;0.232653;0.0;0.0;0.0;0.0;0.0;0.0;0.0;0.0;0.0;0.0;0.012828
3093;0.368212;0.338894;0.155103;0.0;0.119433;0.0;0.0;0.0;0.0;0.0;0.0;0.0;0.0;0.0;0.0;0.018358
3094;0.275028;0.404246;0.181946;0.0;0.121766;0.0;0.0;0.0;0.0;0.0;0.0;0.0;0.0;0.0;0.0;0.017013
3095;0.361588;0.30949;0.10138;0.0;0.217685;0.0;0.0;0.0;0.0;0.0;0.0;0.0;0.0;0.0;0.0;0.009856
3096;0.338521;0.343257;0.131935;0.0;0.168471;0.0;0.0;0.0;0.0;0.0;0.0;0.0;0.0;0.0;0.0;0.017817
3097;0.301669;0.323492;0.08344;0.0;0.28113;0.0;0.0;0.0;0.0;0.0;0.0;0.0;0.0;0.0;0.0;0.01027
3098;0.397028;0.335456;0.121019;0.0;0.140127;0.0;0.0;0.0;0.0;0.0;0.0;0.0;0.0;0.0;0.0;0.006369
3099;0.267263;0.446768;0.195339;0.0;0.079745;0.0;0.0;0.0;0.0;0.0;0.0;0.0;0.0;0.0;0.0;0.010886
3100;0.348485;0.305556;0.063131;0.0;0.267677;0.0;0.0;0.0;0.0;0.0;0.0;0.0;0.0;0.0;0.0;0.015152
3101;0.356135;0.247006;0.096353;0.0;0.289327;0.0;0.0;0.0;0.0;0.0;0.0;0.0;0.0;0.0;0.0;0.011179
3102;0.365015;0.282914;0.108173;0.0;0.230769;0.0;0.0;0.0;0.0;0.0;0.0;0.0;0.0;0.0;0.0;0.013129
3103;0.382775;0.344498;0.076555;0.0;0.196172;0.0;0.0;0.0;0.0;0.0;0.0;0.0;0.0;0.0;0.0;0.0
3104;0.363961;0.337234;0.143948;0.0;0.140279;0.0;0.0;0.0;0.0;0.0;0.0;0.0;0.0;0.0;0.0;0.014578
3105;0.293413;0.413922;0.180389;0.0;0.101547;0.0;0.0;0.0;0.0;0.0;0.0;0.0;0.0;0.0;0.0;0.010729
3106;0.397028;0.392781;0.076433;0.0;0.125265;0.0;0.0;0.0;0.0;0.0;0.0;0.0;0.0;0.0;0.0;0.008493
3107;0.299756;0.359902;0.155501;0.0;0.171638;0.0;0.0;0.0;0.0;0.0;0.0;0.0;0.0;0.0;0.0;0.013203
3109;0.383355;0.36395;0.18715;0.0;0.058215;0.0;0.0;0.0;0.0;0.0;0.0;0.0;0.0;0.0;0.0;0.007331
3110;0.245614;0.273684;0.136842;0.0;0.322807;0.0;0.0;0.0;0.0;0.0;0.0;0.0;0.0;0.0;0.0;0.021053
3111;0.306293;0.401292;0.206269;0.0;0.073941;0.0;0.0;0.0;0.0;0.0;0.0;0.0;0.0;0.0;0.0;0.012204
3112;0.293103;0.463793;0.122414;0.0;0.112069;0.0;0.0;0.0;0.0;0.0;0.0;0.0;0.0;0.0;0.0;0.008621
3113;0.352016;0.3412;0.204851;0.0;0.090462;0.0;0.0;0.0;0.0;0.0;0.0;0.0;0.0;0.0;0.0;0.011472
3114;0.337569;0.372518;0.177919;0.0;0.102462;0.0;0.0;0.0;0.0;0.0;0.0;0.0;0.0;0.0;0.0;0.009531
3115;0.318627;0.377451;0.102941;0.0;0.181373;0.0;0.0;0.0;0.0;0.0;0.0;0.0;0.0;0.0;0.0;0.019608
3116;0.276146;0.386604;0.192714;0.0;0.13396;0.0;0.0;0.0;0.0;0.0;0.0;0.0;0.0;0.0;0.0;0.010576
3117;0.300292;0.3207;0.16035;0.0;0.201166;0.0;0.0;0.0;0.0;0.0;0.0;0.0;0.0;0.0;0.0;0.017493
3118;0.27736;0.398379;0.215402;0.0;0.092646;0.0;0.0;0.0;0.0;0.0;0.0;0.0;0.0;0.0;0.0;0.016213
3119;0.308552;0.386982;0.146063;0.0;0.143904;0.0;0.0;0.0;0.0;0.0;0.0;0.0;0.0;0.0;0.0;0.014498
3120;0.311111;0.401111;0.170556;0.0;0.104444;0.0;0.0;0.0;0.0;0.0;0.0;0.0;0.0;0.0;0.0;0.012778
3121;0.294144;0.378786;0.193792;0.0;0.117507;0.0;0.0;0.0;0.0;0.0;0.0;0.0;0.0;0.0;0.0;0.015772
3122;0.337453;0.319529;0.18005;0.0;0.145496;0.0;0.0;0.0;0.0;0.0;0.0;0.0;0.0;0.0;0.0;0.017471
3123;0.346599;0.380084;0.155856;0.0;0.107118;0.0;0.0;0.0;0.0;0.0;0.0;0.0;0.0;0.0;0.0;0.010344
3124;0.305699;0.287565;0.080311;0.0;0.321244;0.0;0.0;0.0;0.0;0.0;0.0;0.0;0.0;0.0;0.0;0.005181
3125;0.310078;0.313953;0.155039;0.0;0.213178;0.0;0.0;0.0;0.0;0.0;0.0;0.0;0.0;0.0;0.0;0.007752
3127;0.390977;0.364662;0.097744;0.0;0.139098;0.0;0.0;0.0;0.0;0.0;0.0;0.0;0.0;0.0;0.0;0.007519
3128;0.249741;0.389983;0.169603;0.0;0.174093;0.0;0.0;0.0;0.0;0.0;0.0;0.0;0.0;0.0;0.0;0.01658
3129;0.270374;0.393097;0.177373;0.0;0.150527;0.0;0.0;0.0;0.0;0.0;0.0;0.0;0.0;0.0;0.0;0.008629
3130;0.125;0.53125;0.21875;0.0;0.125;0.0;0.0;0.0;0.0;0.0;0.0;0.0;0.0;0.0;0.0;0.0
3131;0.251852;0.4;0.148148;0.0;0.17037;0.0;0.0;0.0;0.0;0.0;0.0;0.0;0.0;0.0;0.0;0.02963
3132;0.358852;0.294258;0.114833;0.0;0.208134;0.0;0.0;0.0;0.0;0.0;0.0;0.0;0.0;0.0;0.0;0.023923
3133;0.314523;0.383355;0.191088;0.0;0.097699;0.0;0.0;0.0;0.0;0.0;0.0;0.0;0.0;0.0;0.0;0.013336
3134;0.454545;0.256198;0.099174;0.0;0.173554;0.0;0.0;0.0;0.0;0.0;0.0;0.0;0.0;0.0;0.0;0.016529
3135;0.426667;0.18;0.046667;0.0;0.306667;0.0;0.0;0.0;0.0;0.0;0.0;0.0;0.0;0.0;0.0;0.04
3136;0.275449;0.290419;0.080838;0.0;0.350299;0.0;0.0;0.0;0.0;0.0;0.0;0.0;0.0;0.0;0.0;0.002994
3137;0.373068;0.280353;0.055188;0.0;0.284768;0.0;0.0;0.0;0.0;0.0;0.0;0.0;0.0;0.0;0.0;0.006623
3138;0.289485;0.324256;0.191873;0.0;0.183913;0.0;0.0;0.0;0.0;0.0;0.0;0.0;0.0;0.0;0.0;0.010473
3139;0.34708;0.348887;0.143143;0.0;0.144369;0.0;0.0;0.0;0.0;0.0;0.0;0.0;0.0;0.0;0.0;0.016521
3140;0.328035;0.362103;0.142997;0.0;0.145275;0.0;0.0;0.0;0.0;0.0;0.0;0.0;0.0;0.0;0.0;0.021591
3901;0.275398;0.29743;0.161567;0.0;0.246022;0.0;0.0;0.0;0.0;0.0;0.0;0.0;0.0;0.0;0.0;0.019584
3902;0.205688;0.455136;0.255421;0.0;0.071679;0.0;0.0;0.0;0.0;0.0;0.0;0.0;0.0;0.0;0.0;0.012076
3903;0.312309;0.370804;0.223296;0.0;0.079858;0.0;0.0;0.0;0.0;0.0;0.0;0.0;0.0;0.0;0.0;0.013733
3904;0.382326;0.319206;0.193868;0.0;0.091073;0.0;0.0;0.0;0.0;0.0;0.0;0.0;0.0;0.0;0.0;0.013526
4001;0.398915;0.355495;0.169607;0.0;0.059701;0.0;0.0;0.0;0.0;0.0;0.0;0.0;0.0;0.0;0.0;0.016282
4002;0.440874;0.311054;0.194087;0.0;0.046272;0.0;0.0;0.0;0.0;0.0;0.0;0.0;0.0;0.0;0.0;0.007712
4003;0.252879;0.431564;0.262055;0.0;0.043286;0.0;0.0;0.0;0.0;0.0;0.0;0.0;0.0;0.0;0.0;0.010216
4004;0.365517;0.355172;0.217241;0.0;0.051724;0.0;0.0;0.0;0.0;0.0;0.0;0.0;0.0;0.0;0.0;0.010345
4005;0.339286;0.47449;0.137755;0.0;0.043367;0.0;0.0;0.0;0.0;0.0;0.0;0.0;0.0;0.0;0.0;0.005102
4006;0.294351;0.489629;0.156884;0.0;0.052074;0.0;0.0;0.0;0.0;0.0;0.0;0.0;0.0;0.0;0.0;0.007061
4007;0.344358;0.389105;0.210117;0.0;0.052529;0.0;0.0;0.0;0.0;0.0;0.0;0.0;0.0;0.0;0.0;0.003891
4008;0.235897;0.582051;0.130769;0.0;0.038462;0.0;0.0;0.0;0.0;0.0;0.0;0.0;0.0;0.0;0.0;0.012821
4009;0.247312;0.494624;0.204301;0.0;0.043011;0.0;0.0;0.0;0.0;0.0;0.0;0.0;0.0;0.0;0.0;0.010753
4010;0.474178;0.36385;0.124413;0.0;0.035211;0.0;0.0;0.0;0.0;0.0;0.0;0.0;0.0;0.0;0.0;0.002347
4011;0.443948;0.307044;0.160218;0.0;0.073413;0.0;0.0;0.0;0.0;0.0;0.0;0.0;0.0;0.0;0.0;0.015377
4012;0.429487;0.365385;0.147436;0.0;0.044872;0.0;0.0;0.0;0.0;0.0;0.0;0.0;0.0;0.0;0.0;0.012821
4013;0.301091;0.410958;0.184485;0.0;0.088292;0.0;0.0;0.0;0.0;0.0;0.0;0.0;0.0;0.0;0.0;0.015173
4014;0.451389;0.229167;0.131944;0.0;0.180556;0.0;0.0;0.0;0.0;0.0;0.0;0.0;0.0;0.0;0.0;0.006944
4015;0.495146;0.194175;0.223301;0.0;0.07767;0.0;0.0;0.0;0.0;0.0;0.0;0.0;0.0;0.0;0.0;0.009709
4016;0.300443;0.375712;0.268817;0.0;0.046173;0.0;0.0;0.0;0.0;0.0;0.0;0.0;0.0;0.0;0.0;0.008855
4017;0.30884;0.428243;0.215844;0.0;0.043628;0.0;0.0;0.0;0.0;0.0;0.0;0.0;0.0;0.0;0.0;0.003444
4018;0.38914;0.420814;0.099548;0.0;0.072398;0.0;0.0;0.0;0.0;0.0;0.0;0.0;0.0;0.0;0.0;0.0181
4019;0.54023;0.293103;0.097701;0.0;0.045977;0.0;0.0;0.0;0.0;0.0;0.0;0.0;0.0;0.0;0.0;0.022989
4020;0.186528;0.601036;0.196891;0.0;0.015544;0.0;0.0;0.0;0.0;0.0;0.0;0.0;0.0;0.0;0.0;0.0
4021;0.333333;0.503704;0.081481;0.0;0.074074;0.0;0.0;0.0;0.0;0.0;0.0;0.0;0.0;0.0;0.0;0.007407
4022;0.432;0.336;0.176;0.0;0.052;0.0;0.0;0.0;0.0;0.0;0.0;0.0;0.0;0.0;0.0;0.004
4023;0.263636;0.518182;0.154545;0.0;0.045455;0.0;0.0;0.0;0.0;0.0;0.0;0.0;0.0;0.0;0.0;0.018182
4024;0.288797;0.363071;0.251452;0.0;0.080913;0.0;0.0;0.0;0.0;0.0;0.0;0.0;0.0;0.0;0.0;0.015768
4026;0.177778;0.577778;0.2;0.0;0.044444;0.0;0.0;0.0;0.0;0.0;0.0;0.0;0.0;0.0;0.0;0.0
4027;0.235714;0.521429;0.185714;0.0;0.021429;0.0;0.0;0.0;0.0;0.0;0.0;0.0;0.0;0.0;0.0;0.035714
4028;0.533333;0.30303;0.090909;0.0;0.066667;0.0;0.0;0.0;0.0;0.0;0.0;0.0;0.0;0.0;0.0;0.006061
4029;0.342569;0.380366;0.229861;0.0;0.039678;0.0;0.0;0.0;0.0;0.0;0.0;0.0;0.0;0.0;0.0;0.007525
4030;0.410876;0.385196;0.154079;0.0;0.037764;0.0;0.0;0.0;0.0;0.0;0.0;0.0;0.0;0.0;0.0;0.012085
4031;0.477246;0.336056;0.143524;0.0;0.033839;0.0;0.0;0.0;0.0;0.0;0.0;0.0;0.0;0.0;0.0;0.009335
4032;0.296564;0.415397;0.197107;0.0;0.080858;0.0;0.0;0.0;0.0;0.0;0.0;0.0;0.0;0.0;0.0;0.010075
4033;0.520548;0.328767;0.068493;0.0;0.054795;0.0;0.0;0.0;0.0;0.0;0.0;0.0;0.0;0.0;0.0;0.027397
4034;0.206349;0.515873;0.238095;0.0;0.039683;0.0;0.0;0.0;0.0;0.0;0.0;0.0;0.0;0.0;0.0;0.0
4035;0.370506;0.380659;0.201232;0.0;0.041944;0.0;0.0;0.0;0.0;0.0;0.0;0.0;0.0;0.0;0.0;0.005659
4036;0.301075;0.435484;0.193548;0.0;0.053763;0.0;0.0;0.0;0.0;0.0;0.0;0.0;0.0;0.0;0.0;0.016129
4037;0.385809;0.384701;0.14745;0.0;0.074279;0.0;0.0;0.0;0.0;0.0;0.0;0.0;0.0;0.0;0.0;0.007761
4038;0.367271;0.377034;0.174338;0.0;0.072989;0.0;0.0;0.0;0.0;0.0;0.0;0.0;0.0;0.0;0.0;0.008368
4041;0.22;0.423333;0.27;0.0;0.083333;0.0;0.0;0.0;0.0;0.0;0.0;0.0;0.0;0.0;0.0;0.003333
4043;0.278926;0.400826;0.256198;0.0;0.053719;0.0;0.0;0.0;0.0;0.0;0.0;0.0;0.0;0.0;0.0;0.010331
4044;0.332447;0.429965;0.175532;0.0;0.053191;0.0;0.0;0.0;0.0;0.0;0.0;0.0;0.0;0.0;0.0;0.008865
4045;0.471626;0.218558;0.246166;0.0;0.046779;0.0;0.0;0.0;0.0;0.0;0.0;0.0;0.0;0.0;0.0;0.016871
4046;0.372832;0.364162;0.179191;0.0;0.069364;0.0;0.0;0.0;0.0;0.0;0.0;0.0;0.0;0.0;0.0;0.014451
4047;0.376838;0.396446;0.169118;0.0;0.04473;0.0;0.0;0.0;0.0;0.0;0.0;0.0;0.0;0.0;0.0;0.012868
4048;0.299607;0.390963;0.233792;0.0;0.065815;0.0;0.0;0.0;0.0;0.0;0.0;0.0;0.0;0.0;0.0;0.009823
4049;0.328045;0.400716;0.196264;0.0;0.064739;0.0;0.0;0.0;0.0;0.0;0.0;0.0;0.0;0.0;0.0;0.010235
4050;0.380952;0.367965;0.205628;0.0;0.030303;0.0;0.0;0.0;0.0;0.0;0.0;0.0;0.0;0.0;0.0;0.015152
4051;0.318919;0.467568;0.162162;0.0;0.032432;0.0;0.0;0.0;0.0;0.0;0.0;0.0;0.0;0.0;0.0;0.018919
4052;0.275795;0.36145;0.256313;0.0;0.091097;0.0;0.0;0.0;0.0;0.0;0.0;0.0;0.0;0.0;0.0;0.015346
4053;0.272717;0.505535;0.170777;0.0;0.041215;0.0;0.0;0.0;0.0;0.0;0.0;0.0;0.0;0.0;0.0;0.009756
4054;0.340659;0.421245;0.18315;0.0;0.047619;0.0;0.0;0.0;0.0;0.0;0.0;0.0;0.0;0.0;0.0;0.007326
4055;0.469256;0.352751;0.122977;0.0;0.048544;0.0;0.0;0.0;0.0;0.0;0.0;0.0;0.0;0.0;0.0;0.006472
4056;0.272;0.472;0.168;0.0;0.088;0.0;0.0;0.0;0.0;0.0;0.0;0.0;0.0;0.0;0.0;0.0
4057;0.326964;0.447983;0.174098;0.0;0.044586;0.0;0.0;0.0;0.0;0.0;0.0;0.0;0.0;0.0;0.0;0.006369
4058;0.454936;0.304721;0.175966;0.0;0.055794;0.0;0.0;0.0;0.0;0.0;0.0;0.0;0.0;0.0;0.0;0.008584
4059;0.509924;0.331298;0.123664;0.0;0.030534;0.0;0.0;0.0;0.0;0.0;0.0;0.0;0.0;0.0;0.0;0.00458
4060;0.179272;0.54902;0.19888;0.0;0.064426;0.0;0.0;0.0;0.0;0.0;0.0;0.0;0.0;0.0;0.0;0.008403
4061;0.333333;0.351852;0.195473;0.0;0.106996;0.0;0.0;0.0;0.0;0.0;0.0;0.0;0.0;0.0;0.0;0.012346
4062;0.378605;0.431318;0.134574;0.0;0.046512;0.0;0.0;0.0;0.0;0.0;0.0;0.0;0.0;0.0;0.0;0.008992
4063;0.300395;0.474308;0.193676;0.0;0.028986;0.0;0.0;0.0;0.0;0.0;0.0;0.0;0.0;0.0;0.0;0.002635
4064;0.28565;0.480761;0.153463;0.0;0.066999;0.0;0.0;0.0;0.0;0.0;0.0;0.0;0.0;0.0;0.0;0.013128
4065;0.512727;0.28;0.189091;0.0;0.018182;0.0;0.0;0.0;0.0;0.0;0.0;0.0;0.0;0.0;0.0;0.0
4066;0.247557;0.419297;0.275413;0.0;0.051668;0.0;0.0;0.0;0.0;0.0;0.0;0.0;0.0;0.0;0.0;0.006065
4067;0.492447;0.398792;0.057402;0.0;0.045317;0.0;0.0;0.0;0.0;0.0;0.0;0.0;0.0;0.0;0.0;0.006042
4068;0.338235;0.426471;0.161765;0.0;0.066176;0.0;0.0;0.0;0.0;0.0;0.0;0.0;0.0;0.0;0.0;0.007353
4069;0.36108;0.41733;0.15142;0.0;0.062784;0.0;0.0;0.0;0.0;0.0;0.0;0.0;0.0;0.0;0.0;0.007386
4070;0.290233;0.437209;0.214884;0.0;0.047442;0.0;0.0;0.0;0.0;0.0;0.0;0.0;0.0;0.0;0.0;0.010233
4071;0.516779;0.332215;0.09396;0.0;0.053691;0.0;0.0;0.0;0.0;0.0;0.0;0.0;0.0;0.0;0.0;0.003356
4072;0.328947;0.473684;0.149123;0.0;0.04386;0.0;0.0;0.0;0.0;0.0;0.0;0.0;0.0;0.0;0.0;0.004386
4073;0.301653;0.438017;0.210744;0.0;0.045455;0.0;0.0;0.0;0.0;0.0;0.0;0.0;0.0;0.0;0.0;0.004132
4074;0.307615;0.336359;0.256178;0.0;0.083207;0.0;0.0;0.0;0.0;0.0;0.0;0.0;0.0;0.0;0.0;0.016641
4075;0.312969;0.440661;0.184276;0.0;0.052579;0.0;0.0;0.0;0.0;0.0;0.0;0.0;0.0;0.0;0.0;0.009514
4076;0.443807;0.355505;0.133028;0.0;0.049312;0.0;0.0;0.0;0.0;0.0;0.0;0.0;0.0;0.0;0.0;0.018349
4077;0.267544;0.631579;0.087719;0.0;0.013158;0.0;0.0;0.0;0.0;0.0;0.0;0.0;0.0;0.0;0.0;0.0
4078;0.296248;0.313066;0.232859;0.0;0.150065;0.0;0.0;0.0;0.0;0.0;0.0;0.0;0.0;0.0;0.0;0.007762
4079;0.247923;0.425997;0.236913;0.0;0.074964;0.0;0.0;0.0;0.0;0.0;0.0;0.0;0.0;0.0;0.0;0.014203
4080;0.362416;0.375839;0.214765;0.0;0.026846;0.0;0.0;0.0;0.0;0.0;0.0;0.0;0.0;0.0;0.0;0.020134
4081;0.517483;0.237762;0.181818;0.0;0.062937;0.0;0.0;0.0;0.0;0.0;0.0;0.0;0.0;0.0;0.0;0.0
4082;0.351064;0.420213;0.159574;0.0;0.058511;0.0;0.0;0.0;0.0;0.0;0.0;0.0;0.0;0.0;0.0;0.010638
4083;0.450641;0.35569;0.124341;0.0;0.064808;0.0;0.0;0.0;0.0;0.0;0.0;0.0;0.0;0.0;0.0;0.004521
4084;0.408511;0.365957;0.13617;0.0;0.080851;0.0;0.0;0.0;0.0;0.0;0.0;0.0;0.0;0.0;0.0;0.008511
4085;0.420213;0.409574;0.135638;0.0;0.023936;0.0;0.0;0.0;0.0;0.0;0.0;0.0;0.0;0.0;0.0;0.010638
4086;0.286219;0.463781;0.208481;0.0;0.031802;0.0;0.0;0.0;0.0;0.0;0.0;0.0;0.0;0.0;0.0;0.009717
4087;0.292308;0.369231;0.3;0.0;0.030769;0.0;0.0;0.0;0.0;0.0;0.0;0.0;0.0;0.0;0.0;0.007692
4088;0.407343;0.30303;0.233683;0.0;0.047203;0.0;0.0;0.0;0.0;0.0;0.0;0.0;0.0;0.0;0.0;0.008741
4089;0.282258;0.461694;0.197581;0.0;0.050403;0.0;0.0;0.0;0.0;0.0;0.0;0.0;0.0;0.0;0.0;0.008065
4090;0.447699;0.368201;0.108787;0.0;0.062762;0.0;0.0;0.0;0.0;0.0;0.0;0.0;0.0;0.0;0.0;0.012552
4091;0.542601;0.304933;0.076233;0.0;0.071749;0.0;0.0;0.0;0.0;0.0;0.0;0.0;0.0;0.0;0.0;0.004484
4092;0.327528;0.446541;0.168844;0.0;0.047412;0.0;0.0;0.0;0.0;0.0;0.0;0.0;0.0;0.0;0.0;0.009676
4093;0.314597;0.362416;0.248322;0.0;0.063758;0.0;0.0;0.0;0.0;0.0;0.0;0.0;0.0;0.0;0.0;0.010906
4094;0.127907;0.523256;0.331395;0.0;0.0;0.0;0.0;0.0;0.0;0.0;0.0;0.0;0.0;0.0;0.0;0.017442
4095;0.286022;0.374194;0.273118;0.0;0.062366;0.0;0.0;0.0;0.0;0.0;0.0;0.0;0.0;0.0;0.0;0.004301
4096;0.334821;0.513393;0.102679;0.0;0.040179;0.0;0.0;0.0;0.0;0.0;0.0;0.0;0.0;0.0;0.0;0.008929
4097;0.422111;0.396985;0.125628;0.0;0.040201;0.0;0.0;0.0;0.0;0.0;0.0;0.0;0.0;0.0;0.0;0.015075
4098;0.323148;0.472222;0.142593;0.0;0.053704;0.0;0.0;0.0;0.0;0.0;0.0;0.0;0.0;0.0;0.0;0.008333
4099;0.28535;0.454803;0.196373;0.0;0.054406;0.0;0.0;0.0;0.0;0.0;0.0;0.0;0.0;0.0;0.0;0.009068
4100;0.273758;0.3977;0.241495;0.0;0.075707;0.0;0.0;0.0;0.0;0.0;0.0;0.0;0.0;0.0;0.0;0.01134
4101;0.344019;0.303344;0.280593;0.0;0.052051;0.0;0.0;0.0;0.0;0.0;0.0;0.0;0.0;0.0;0.0;0.019993
4102;0.262236;0.37212;0.307251;0.0;0.047457;0.0;0.0;0.0;0.0;0.0;0.0;0.0;0.0;0.0;0.0;0.010935
4103;0.268537;0.493988;0.200401;0.0;0.028056;0.0;0.0;0.0;0.0;0.0;0.0;0.0;0.0;0.0;0.0;0.009018
4901;0.401114;0.406685;0.155989;0.0;0.027855;0.0;0.0;0.0;0.0;0.0;0.0;0.0;0.0;0.0;0.0;0.008357
4902;0.216295;0.439976;0.281194;0.0;0.050455;0.0;0.0;0.0;0.0;0.0;0.0;0.0;0.0;0.0;0.0;0.01208
4903;0.204984;0.471042;0.29133;0.0;0.026325;0.0;0.0;0.0;0.0;0.0;0.0;0.0;0.0;0.0;0.0;0.006318
4904;0.179266;0.478762;0.310295;0.0;0.024478;0.0;0.0;0.0;0.0;0.0;0.0;0.0;0.0;0.0;0.0;0.007199
5001;0.321429;0.378571;0.185714;0.0;0.021429;0.0;0.0;0.0;0.0;0.0;0.0;0.0;0.0;0.0;0.0;0.092857
5002;0.329897;0.380756;0.147079;0.0;0.107216;0.0;0.0;0.0;0.0;0.0;0.0;0.0;0.0;0.0;0.0;0.035052
5005;0.212121;0.515152;0.166667;0.0;0.015152;0.0;0.0;0.0;0.0;0.0;0.0;0.0;0.0;0.0;0.0;0.090909
5007;0.12;0.72;0.106667;0.0;0.026667;0.0;0.0;0.0;0.0;0.0;0.0;0.0;0.0;0.0;0.0;0.026667
5008;0.317881;0.490066;0.152318;0.0;0.02649;0.0;0.0;0.0;0.0;0.0;0.0;0.0;0.0;0.0;0.0;0.013245
5010;0.17;0.47;0.23;0.0;0.05;0.0;0.0;0.0;0.0;0.0;0.0;0.0;0.0;0.0;0.0;0.08
5012;0.257732;0.453608;0.195876;0.0;0.0;0.0;0.0;0.0;0.0;0.0;0.0;0.0;0.0;0.0;0.0;0.092784
5013;0.456036;0.399404;0.053651;0.0;0.065574;0.0;0.0;0.0;0.0;0.0;0.0;0.0;0.0;0.0;0.0;0.025335
5014;0.360435;0.39798;0.128949;0.0;0.089332;0.0;0.0;0.0;0.0;0.0;0.0;0.0;0.0;0.0;0.0;0.023304
5015;0.159091;0.522727;0.090909;0.0;0.227273;0.0;0.0;0.0;0.0;0.0;0.0;0.0;0.0;0.0;0.0;0.0
5016;0.274675;0.482684;0.172944;0.0;0.03658;0.0;0.0;0.0;0.0;0.0;0.0;0.0;0.0;0.0;0.0;0.033117
5017;0.275362;0.536232;0.086957;0.0;0.057971;0.0;0.0;0.0;0.0;0.0;0.0;0.0;0.0;0.0;0.0;0.043478
5018;0.45;0.35;0.1;0.0;0.05;0.0;0.0;0.0;0.0;0.0;0.0;0.0;0.0;0.0;0.0;0.05
5019;0.262022;0.391729;0.157237;0.0;0.047905;0.0;0.0;0.0;0.0;0.0;0.0;0.0;0.0;0.0;0.0;0.141107
5021;0.299708;0.47807;0.093567;0.0;0.085526;0.0;0.0;0.0;0.0;0.0;0.0;0.0;0.0;0.0;0.0;0.043129
5022;0.168246;0.57346;0.162717;0.0;0.033965;0.0;0.0;0.0;0.0;0.0;0.0;0.0;0.0;0.0;0.0;0.061611
5023;0.20915;0.431373;0.261438;0.0;0.019608;0.0;0.0;0.0;0.0;0.0;0.0;0.0;0.0;0.0;0.0;0.078431
5024;0.252101;0.420168;0.184874;0.0;0.05042;0.0;0.0;0.0;0.0;0.0;0.0;0.0;0.0;0.0;0.0;0.092437
5025;0.152542;0.661017;0.152542;0.0;0.016949;0.0;0.0;0.0;0.0;0.0;0.0;0.0;0.0;0.0;0.0;0.016949
5026;0.311111;0.459259;0.088889;0.0;0.133333;0.0;0.0;0.0;0.0;0.0;0.0;0.0;0.0;0.0;0.0;0.007407
5027;0.179104;0.482587;0.208955;0.0;0.054726;0.0;0.0;0.0;0.0;0.0;0.0;0.0;0.0;0.0;0.0;0.074627
5029;0.219178;0.616438;0.123288;0.0;0.013699;0.0;0.0;0.0;0.0;0.0;0.0;0.0;0.0;0.0;0.0;0.027397
5030;0.333333;0.138889;0.055556;0.0;0.305556;0.0;0.0;0.0;0.0;0.0;0.0;0.0;0.0;0.0;0.0;0.166667
5033;0.23913;0.601449;0.115942;0.0;0.014493;0.0;0.0;0.0;0.0;0.0;0.0;0.0;0.0;0.0;0.0;0.028986
5034;0.285714;0.285714;0.357143;0.0;0.0;0.0;0.0;0.0;0.0;0.0;0.0;0.0;0.0;0.0;0.0;0.071429
5035;0.459016;0.360656;0.098361;0.0;0.0;0.0;0.0;0.0;0.0;0.0;0.0;0.0;0.0;0.0;0.0;0.081967
5036;0.103448;0.643678;0.183908;0.0;0.011494;0.0;0.0;0.0;0.0;0.0;0.0;0.0;0.0;0.0;0.0;0.057471
5037;0.184397;0.595745;0.134752;0.0;0.021277;0.0;0.0;0.0;0.0;0.0;0.0;0.0;0.0;0.0;0.0;0.06383
5038;0.241379;0.474138;0.181034;0.0;0.068966;0.0;0.0;0.0;0.0;0.0;0.0;0.0;0.0;0.0;0.0;0.034483
5039;0.146341;0.731707;0.04878;0.0;0.02439;0.0;0.0;0.0;0.0;0.0;0.0;0.0;0.0;0.0;0.0;0.04878
5040;0.190476;0.642857;0.166667;0.0;0.0;0.0;0.0;0.0;0.0;0.0;0.0;0.0;0.0;0.0;0.0;0.0
5041;0.196989;0.534504;0.16813;0.0;0.036386;0.0;0.0;0.0;0.0;0.0;0.0;0.0;0.0;0.0;0.0;0.06399
5042;0.227723;0.643564;0.089109;0.0;0.0;0.0;0.0;0.0;0.0;0.0;0.0;0.0;0.0;0.0;0.0;0.039604
5043;0.410959;0.356164;0.054795;0.0;0.164384;0.0;0.0;0.0;0.0;0.0;0.0;0.0;0.0;0.0;0.0;0.013699
5044;0.162921;0.561798;0.202247;0.0;0.033708;0.0;0.0;0.0;0.0;0.0;0.0;0.0;0.0;0.0;0.0;0.039326
5045;0.117647;0.558824;0.235294;0.0;0.0;0.0;0.0;0.0;0.0;0.0;0.0;0.0;0.0;0.0;0.0;0.088235
5046;0.241379;0.724138;0.034483;0.0;0.0;0.0;0.0;0.0;0.0;0.0;0.0;0.0;0.0;0.0;0.0;0.0
5047;0.399872;0.387997;0.155648;0.0;0.044608;0.0;0.0;0.0;0.0;0.0;0.0;0.0;0.0;0.0;0.0;0.011874
5048;0.294737;0.505263;0.115789;0.0;0.042105;0.0;0.0;0.0;0.0;0.0;0.0;0.0;0.0;0.0;0.0;0.042105
5049;0.35473;0.341216;0.141892;0.0;0.064189;0.0;0.0;0.0;0.0;0.0;0.0;0.0;0.0;0.0;0.0;0.097973
5051;0.235294;0.504202;0.10084;0.0;0.07563;0.0;0.0;0.0;0.0;0.0;0.0;0.0;0.0;0.0;0.0;0.084034
5052;0.058824;0.617647;0.220588;0.0;0.014706;0.0;0.0;0.0;0.0;0.0;0.0;0.0;0.0;0.0;0.0;0.088235
5053;0.137255;0.490196;0.215686;0.0;0.0;0.0;0.0;0.0;0.0;0.0;0.0;0.0;0.0;0.0;0.0;0.156863
5054;0.389671;0.346244;0.127934;0.0;0.10446;0.0;0.0;0.0;0.0;0.0;0.0;0.0;0.0;0.0;0.0;0.03169
5055;0.313901;0.504484;0.107623;0.0;0.033632;0.0;0.0;0.0;0.0;0.0;0.0;0.0;0.0;0.0;0.0;0.040359
5056;0.135417;0.34375;0.260417;0.0;0.041667;0.0;0.0;0.0;0.0;0.0;0.0;0.0;0.0;0.0;0.0;0.21875
5057;0.277567;0.439978;0.166214;0.0;0.042911;0.0;0.0;0.0;0.0;0.0;0.0;0.0;0.0;0.0;0.0;0.07333
5058;0.276596;0.404255;0.148936;0.0;0.06383;0.0;0.0;0.0;0.0;0.0;0.0;0.0;0.0;0.0;0.0;0.106383
5059;0.272727;0.327273;0.163636;0.0;0.163636;0.0;0.0;0.0;0.0;0.0;0.0;0.0;0.0;0.0;0.0;0.072727
5060;0.1875;0.6625;0.1125;0.0;0.0;0.0;0.0;0.0;0.0;0.0;0.0;0.0;0.0;0.0;0.0;0.0375
5061;0.393013;0.275109;0.196507;0.0;0.052402;0.0;0.0;0.0;0.0;0.0;0.0;0.0;0.0;0.0;0.0;0.082969
5062;0.072;0.696;0.152;0.0;0.016;0.0;0.0;0.0;0.0;0.0;0.0;0.0;0.0;0.0;0.0;0.064
5063;0.0;0.823529;0.0;0.0;0.117647;0.0;0.0;0.0;0.0;0.0;0.0;0.0;0.0;0.0;0.0;0.058824
5064;0.08;0.666667;0.2;0.0;0.013333;0.0;0.0;0.0;0.0;0.0;0.0;0.0;0.0;0.0;0.0;0.04
5065;0.205634;0.504225;0.183099;0.0;0.03662;0.0;0.0;0.0;0.0;0.0;0.0;0.0;0.0;0.0;0.0;0.070423
5066;0.449735;0.253968;0.097884;0.0;0.145503;0.0;0.0;0.0;0.0;0.0;0.0;0.0;0.0;0.0;0.0;0.05291
5067;0.204082;0.285714;0.102041;0.0;0.081633;0.0;0.0;0.0;0.0;0.0;0.0;0.0;0.0;0.0;0.0;0.326531
5069;0.075472;0.716981;0.113208;0.0;0.056604;0.0;0.0;0.0;0.0;0.0;0.0;0.0;0.0;0.0;0.0;0.037736
5070;0.434783;0.26087;0.26087;0.0;0.043478;0.0;0.0;0.0;0.0;0.0;0.0;0.0;0.0;0.0;0.0;0.0
5072;0.151515;0.545455;0.257576;0.0;0.045455;0.0;0.0;0.0;0.0;0.0;0.0;0.0;0.0;0.0;0.0;0.0
5073;0.283019;0.528302;0.113208;0.0;0.028302;0.0;0.0;0.0;0.0;0.0;0.0;0.0;0.0;0.0;0.0;0.04717
5074;0.222222;0.547893;0.155172;0.0;0.02682;0.0;0.0;0.0;0.0;0.0;0.0;0.0;0.0;0.0;0.0;0.047893
5075;0.246154;0.523077;0.184615;0.0;0.0;0.0;0.0;0.0;0.0;0.0;0.0;0.0;0.0;0.0;0.0;0.046154
5076;0.229167;0.408854;0.210938;0.0;0.057292;0.0;0.0;0.0;0.0;0.0;0.0;0.0;0.0;0.0;0.0;0.09375
5077;0.310078;0.48062;0.155039;0.0;0.031008;0.0;0.0;0.0;0.0;0.0;0.0;0.0;0.0;0.0;0.0;0.023256
5078;0.15;0.7625;0.075;0.0;0.0;0.0;0.0;0.0;0.0;0.0;0.0;0.0;0.0;0.0;0.0;0.0125
5079;0.083333;0.5;0.1875;0.0;0.020833;0.0;0.0;0.0;0.0;0.0;0.0;0.0;0.0;0.0;0.0;0.208333
5080;0.2;0.542857;0.085714;0.0;0.085714;0.0;0.0;0.0;0.0;0.0;0.0;0.0;0.0;0.0;0.0;0.085714
5081;0.275862;0.586207;0.034483;0.0;0.034483;0.0;0.0;0.0;0.0;0.0;0.0;0.0;0.0;0.0;0.0;0.068966
5082;0.314917;0.400552;0.196133;0.0;0.044199;0.0;0.0;0.0;0.0;0.0;0.0;0.0;0.0;0.0;0.0;0.044199
5083;0.132653;0.489796;0.173469;0.0;0.061224;0.0;0.0;0.0;0.0;0.0;0.0;0.0;0.0;0.0;0.0;0.142857
5084;0.268293;0.512195;0.146341;0.0;0.02439;0.0;0.0;0.0;0.0;0.0;0.0;0.0;0.0;0.0;0.0;0.04878
5085;0.064516;0.741935;0.096774;0.0;0.032258;0.0;0.0;0.0;0.0;0.0;0.0;0.0;0.0;0.0;0.0;0.064516
5086;0.166667;0.6;0.15;0.0;0.0;0.0;0.0;0.0;0.0;0.0;0.0;0.0;0.0;0.0;0.0;0.083333
5087;0.184783;0.5;0.163043;0.0;0.01087;0.0;0.0;0.0;0.0;0.0;0.0;0.0;0.0;0.0;0.0;0.141304
5088;0.257143;0.371429;0.314286;0.0;0.0;0.0;0.0;0.0;0.0;0.0;0.0;0.0;0.0;0.0;0.0;0.057143
5089;0.300292;0.498542;0.093294;0.0;0.06414;0.0;0.0;0.0;0.0;0.0;0.0;0.0;0.0;0.0;0.0;0.043732
5090;0.269231;0.5;0.173077;0.0;0.038462;0.0;0.0;0.0;0.0;0.0;0.0;0.0;0.0;0.0;0.0;0.019231
5092;0.17757;0.551402;0.196262;0.0;0.056075;0.0;0.0;0.0;0.0;0.0;0.0;0.0;0.0;0.0;0.0;0.018692
5093;0.239726;0.383562;0.202055;0.0;0.085616;0.0;0.0;0.0;0.0;0.0;0.0;0.0;0.0;0.0;0.0;0.089041
5094;0.083333;0.62963;0.231481;0.0;0.018519;0.0;0.0;0.0;0.0;0.0;0.0;0.0;0.0;0.0;0.0;0.037037
5095;0.27957;0.365591;0.231183;0.0;0.091398;0.0;0.0;0.0;0.0;0.0;0.0;0.0;0.0;0.0;0.0;0.032258
5096;0.419355;0.322581;0.112903;0.0;0.016129;0.0;0.0;0.0;0.0;0.0;0.0;0.0;0.0;0.0;0.0;0.129032
5097;0.301587;0.47619;0.149206;0.0;0.034921;0.0;0.0;0.0;0.0;0.0;0.0;0.0;0.0;0.0;0.0;0.038095
5099;0.326531;0.457726;0.148688;0.0;0.020408;0.0;0.0;0.0;0.0;0.0;0.0;0.0;0.0;0.0;0.0;0.046647
5100;0.246231;0.341709;0.18593;0.0;0.165829;0.0;0.0;0.0;0.0;0.0;0.0;0.0;0.0;0.0;0.0;0.060302
5101;0.179389;0.568702;0.171756;0.0;0.019084;0.0;0.0;0.0;0.0;0.0;0.0;0.0;0.0;0.0;0.0;0.061069
5102;0.295993;0.489779;0.151267;0.0;0.029436;0.0;0.0;0.0;0.0;0.0;0.0;0.0;0.0;0.0;0.0;0.033524
5103;0.191489;0.617021;0.106383;0.0;0.06383;0.0;0.0;0.0;0.0;0.0;0.0;0.0;0.0;0.0;0.0;0.021277
5104;0.047619;0.571429;0.142857;0.0;0.238095;0.0;0.0;0.0;0.0;0.0;0.0;0.0;0.0;0.0;0.0;0.0
5105;0.33463;0.392996;0.128405;0.0;0.038911;0.0;0.0;0.0;0.0;0.0;0.0;0.0;0.0;0.0;0.0;0.105058
5106;0.095238;0.714286;0.142857;0.0;0.0;0.0;0.0;0.0;0.0;0.0;0.0;0.0;0.0;0.0;0.0;0.047619
5107;0.142857;0.628571;0.171429;0.0;0.028571;0.0;0.0;0.0;0.0;0.0;0.0;0.0;0.0;0.0;0.0;0.028571
5108;0.483871;0.322581;0.032258;0.0;0.032258;0.0;0.0;0.0;0.0;0.0;0.0;0.0;0.0;0.0;0.0;0.129032
5109;0.284457;0.469208;0.152493;0.0;0.052786;0.0;0.0;0.0;0.0;0.0;0.0;0.0;0.0;0.0;0.0;0.041056
5110;0.224956;0.391916;0.15993;0.0;0.029877;0.0;0.0;0.0;0.0;0.0;0.0;0.0;0.0;0.0;0.0;0.193322
5112;0.180328;0.508197;0.081967;0.0;0.180328;0.0;0.0;0.0;0.0;0.0;0.0;0.0;0.0;0.0;0.0;0.04918
5113;0.166667;0.666667;0.071429;0.0;0.071429;0.0;0.0;0.0;0.0;0.0;0.0;0.0;0.0;0.0;0.0;0.02381
5114;0.41023;0.373695;0.155532;0.0;0.028184;0.0;0.0;0.0;0.0;0.0;0.0;0.0;0.0;0.0;0.0;0.032359
5115;0.25;0.495283;0.165094;0.0;0.07783;0.0;0.0;0.0;0.0;0.0;0.0;0.0;0.0;0.0;0.0;0.011792
5116;0.233766;0.545455;0.168831;0.0;0.025974;0.0;0.0;0.0;0.0;0.0;0.0;0.0;0.0;0.0;0.0;0.025974
5117;0.160256;0.596154;0.141026;0.0;0.057692;0.0;0.0;0.0;0.0;0.0;0.0;0.0;0.0;0.0;0.0;0.044872
5118;0.138889;0.527778;0.194444;0.0;0.138889;0.0;0.0;0.0;0.0;0.0;0.0;0.0;0.0;0.0;0.0;0.0
5119;0.222222;0.666667;0.055556;0.0;0.055556;0.0;0.0;0.0;0.0;0.0;0.0;0.0;0.0;0.0;0.0;0.0
5120;0.384615;0.538462;0.038462;0.0;0.0;0.0;0.0;0.0;0.0;0.0;0.0;0.0;0.0;0.0;0.0;0.038462
5121;0.263636;0.459091;0.140909;0.0;0.068182;0.0;0.0;0.0;0.0;0.0;0.0;0.0;0.0;0.0;0.0;0.068182
5122;0.255814;0.569767;0.093023;0.0;0.023256;0.0;0.0;0.0;0.0;0.0;0.0;0.0;0.0;0.0;0.0;0.05814
5123;0.202381;0.511905;0.119048;0.0;0.035714;0.0;0.0;0.0;0.0;0.0;0.0;0.0;0.0;0.0;0.0;0.130952
5124;0.075472;0.679245;0.150943;0.0;0.018868;0.0;0.0;0.0;0.0;0.0;0.0;0.0;0.0;0.0;0.0;0.075472
5125;0.064516;0.419355;0.225806;0.0;0.0;0.0;0.0;0.0;0.0;0.0;0.0;0.0;0.0;0.0;0.0;0.290323
5126;0.213115;0.672131;0.065574;0.0;0.016393;0.0;0.0;0.0;0.0;0.0;0.0;0.0;0.0;0.0;0.0;0.032787
5127;0.302041;0.457143;0.181633;0.0;0.040816;0.0;0.0;0.0;0.0;0.0;0.0;0.0;0.0;0.0;0.0;0.018367
5128;0.389764;0.259843;0.185039;0.0;0.074803;0.0;0.0;0.0;0.0;0.0;0.0;0.0;0.0;0.0;0.0;0.090551
5129;0.098592;0.605634;0.239437;0.0;0.0;0.0;0.0;0.0;0.0;0.0;0.0;0.0;0.0;0.0;0.0;0.056338
5130;0.333333;0.387097;0.053763;0.0;0.032258;0.0;0.0;0.0;0.0;0.0;0.0;0.0;0.0;0.0;0.0;0.193548
5131;0.041667;0.513889;0.194444;0.0;0.0;0.0;0.0;0.0;0.0;0.0;0.0;0.0;0.0;0.0;0.0;0.25
5132;0.308442;0.412338;0.159091;0.0;0.068182;0.0;0.0;0.0;0.0;0.0;0.0;0.0;0.0;0.0;0.0;0.051948
5133;0.434783;0.391304;0.043478;0.0;0.0;0.0;0.0;0.0;0.0;0.0;0.0;0.0;0.0;0.0;0.0;0.130435
5134;0.125;0.854167;0.020833;0.0;0.0;0.0;0.0;0.0;0.0;0.0;0.0;0.0;0.0;0.0;0.0;0.0
5135;0.22623;0.445902;0.121311;0.0;0.032787;0.0;0.0;0.0;0.0;0.0;0.0;0.0;0.0;0.0;0.0;0.17377
5136;0.263158;0.491228;0.105263;0.0;0.070175;0.0;0.0;0.0;0.0;0.0;0.0;0.0;0.0;0.0;0.0;0.070175
5138;0.175879;0.487437;0.180905;0.0;0.045226;0.0;0.0;0.0;0.0;0.0;0.0;0.0;0.0;0.0;0.0;0.110553
5139;0.098361;0.672131;0.081967;0.0;0.016393;0.0;0.0;0.0;0.0;0.0;0.0;0.0;0.0;0.0;0.0;0.131148
5140;0.173913;0.326087;0.206522;0.0;0.032609;0.0;0.0;0.0;0.0;0.0;0.0;0.0;0.0;0.0;0.0;0.26087
5141;0.278481;0.43038;0.088608;0.0;0.025316;0.0;0.0;0.0;0.0;0.0;0.0;0.0;0.0;0.0;0.0;0.177215
5142;0.197368;0.526316;0.131579;0.0;0.065789;0.0;0.0;0.0;0.0;0.0;0.0;0.0;0.0;0.0;0.0;0.078947
5143;0.27907;0.372093;0.162791;0.0;0.093023;0.0;0.0;0.0;0.0;0.0;0.0;0.0;0.0;0.0;0.0;0.093023
5144;0.25;0.5;0.194444;0.0;0.0;0.0;0.0;0.0;0.0;0.0;0.0;0.0;0.0;0.0;0.0;0.055556
5145;0.25;0.464286;0.071429;0.0;0.0;0.0;0.0;0.0;0.0;0.0;0.0;0.0;0.0;0.0;0.0;0.214286
5147;0.12037;0.5;0.25;0.0;0.092593;0.0;0.0;0.0;0.0;0.0;0.0;0.0;0.0;0.0;0.0;0.037037
5148;0.130435;0.434783;0.173913;0.0;0.130435;0.0;0.0;0.0;0.0;0.0;0.0;0.0;0.0;0.0;0.0;0.130435
5149;0.177215;0.64557;0.050633;0.0;0.012658;0.0;0.0;0.0;0.0;0.0;0.0;0.0;0.0;0.0;0.0;0.113924
5151;0.135593;0.610169;0.169492;0.0;0.067797;0.0;0.0;0.0;0.0;0.0;0.0;0.0;0.0;0.0;0.0;0.016949
5152;0.181818;0.547521;0.237603;0.0;0.018595;0.0;0.0;0.0;0.0;0.0;0.0;0.0;0.0;0.0;0.0;0.014463
5153;0.237288;0.491525;0.135593;0.0;0.050847;0.0;0.0;0.0;0.0;0.0;0.0;0.0;0.0;0.0;0.0;0.084746
5154;0.333333;0.428571;0.142857;0.0;0.047619;0.0;0.0;0.0;0.0;0.0;0.0;0.0;0.0;0.0;0.0;0.047619
5155;0.486486;0.324324;0.081081;0.0;0.081081;0.0;0.0;0.0;0.0;0.0;0.0;0.0;0.0;0.0;0.0;0.027027
5156;0.228155;0.320388;0.247573;0.0;0.179612;0.0;0.0;0.0;0.0;0.0;0.0;0.0;0.0;0.0;0.0;0.024272
5157;0.323353;0.443114;0.131737;0.0;0.041916;0.0;0.0;0.0;0.0;0.0;0.0;0.0;0.0;0.0;0.0;0.05988
5158;0.231884;0.561594;0.115942;0.0;0.032609;0.0;0.0;0.0;0.0;0.0;0.0;0.0;0.0;0.0;0.0;0.057971
5159;0.080292;0.737226;0.124088;0.0;0.0;0.0;0.0;0.0;0.0;0.0;0.0;0.0;0.0;0.0;0.0;0.058394
5160;0.161702;0.595745;0.165957;0.0;0.004255;0.0;0.0;0.0;0.0;0.0;0.0;0.0;0.0;0.0;0.0;0.07234
5161;0.282878;0.459057;0.186104;0.0;0.047146;0.0;0.0;0.0;0.0;0.0;0.0;0.0;0.0;0.0;0.0;0.024814
5162;0.313725;0.431373;0.078431;0.0;0.117647;0.0;0.0;0.0;0.0;0.0;0.0;0.0;0.0;0.0;0.0;0.058824
5163;0.321036;0.473312;0.135793;0.0;0.044741;0.0;0.0;0.0;0.0;0.0;0.0;0.0;0.0;0.0;0.0;0.025118
5164;0.0625;0.8125;0.0625;0.0;0.0625;0.0;0.0;0.0;0.0;0.0;0.0;0.0;0.0;0.0;0.0;0.0
5165;0.301471;0.404412;0.113971;0.0;0.088235;0.0;0.0;0.0;0.0;0.0;0.0;0.0;0.0;0.0;0.0;0.091912
5166;0.173554;0.46281;0.239669;0.0;0.016529;0.0;0.0;0.0;0.0;0.0;0.0;0.0;0.0;0.0;0.0;0.107438
5167;0.445498;0.255924;0.033175;0.0;0.161137;0.0;0.0;0.0;0.0;0.0;0.0;0.0;0.0;0.0;0.0;0.104265
5168;0.264639;0.468061;0.192395;0.0;0.046388;0.0;0.0;0.0;0.0;0.0;0.0;0.0;0.0;0.0;0.0;0.028517
5169;0.166667;0.633333;0.044444;0.0;0.027778;0.0;0.0;0.0;0.0;0.0;0.0;0.0;0.0;0.0;0.0;0.127778
5170;0.444444;0.361111;0.027778;0.0;0.138889;0.0;0.0;0.0;0.0;0.0;0.0;0.0;0.0;0.0;0.0;0.027778
5171;0.106383;0.553191;0.106383;0.0;0.06383;0.0;0.0;0.0;0.0;0.0;0.0;0.0;0.0;0.0;0.0;0.170213
5172;0.241758;0.296703;0.10989;0.0;0.021978;0.0;0.0;0.0;0.0;0.0;0.0;0.0;0.0;0.0;0.0;0.32967
5173;0.12;0.546667;0.213333;0.0;0.066667;0.0;0.0;0.0;0.0;0.0;0.0;0.0;0.0;0.0;0.0;0.053333
5174;0.212766;0.553191;0.106383;0.0;0.085106;0.0;0.0;0.0;0.0;0.0;0.0;0.0;0.0;0.0;0.0;0.042553
5175;0.244681;0.542553;0.12766;0.0;0.010638;0.0;0.0;0.0;0.0;0.0;0.0;0.0;0.0;0.0;0.0;0.074468
5176;0.313187;0.258242;0.126374;0.0;0.032967;0.0;0.0;0.0;0.0;0.0;0.0;0.0;0.0;0.0;0.0;0.269231
5177;0.428571;0.401786;0.089286;0.0;0.044643;0.0;0.0;0.0;0.0;0.0;0.0;0.0;0.0;0.0;0.0;0.035714
5178;0.183824;0.5625;0.194853;0.0;0.022059;0.0;0.0;0.0;0.0;0.0;0.0;0.0;0.0;0.0;0.0;0.036765
5179;0.1;0.635294;0.211765;0.0;0.011765;0.0;0.0;0.0;0.0;0.0;0.0;0.0;0.0;0.0;0.0;0.041176
5180;0.019608;0.72549;0.098039;0.0;0.039216;0.0;0.0;0.0;0.0;0.0;0.0;0.0;0.0;0.0;0.0;0.117647
5181;0.470588;0.294118;0.176471;0.0;0.029412;0.0;0.0;0.0;0.0;0.0;0.0;0.0;0.0;0.0;0.0;0.029412
5182;0.26875;0.45;0.2;0.0;0.05625;0.0;0.0;0.0;0.0;0.0;0.0;0.0;0.0;0.0;0.0;0.025
5183;0.2;0.64;0.07;0.0;0.01;0.0;0.0;0.0;0.0;0.0;0.0;0.0;0.0;0.0;0.0;0.08
5184;0.307692;0.507692;0.107692;0.0;0.066667;0.0;0.0;0.0;0.0;0.0;0.0;0.0;0.0;0.0;0.0;0.010256
5185;0.197183;0.464789;0.239437;0.0;0.042254;0.0;0.0;0.0;0.0;0.0;0.0;0.0;0.0;0.0;0.0;0.056338
5186;0.2693;0.473968;0.168761;0.0;0.041293;0.0;0.0;0.0;0.0;0.0;0.0;0.0;0.0;0.0;0.0;0.046679
5187;0.339367;0.438914;0.122172;0.0;0.080694;0.0;0.0;0.0;0.0;0.0;0.0;0.0;0.0;0.0;0.0;0.018854
5188;0.038462;0.346154;0.153846;0.0;0.0;0.0;0.0;0.0;0.0;0.0;0.0;0.0;0.0;0.0;0.0;0.461538
5189;0.35082;0.4;0.167213;0.0;0.081967;0.0;0.0;0.0;0.0;0.0;0.0;0.0;0.0;0.0;0.0;0.0
5190;0.065217;0.5;0.369565;0.0;0.0;0.0;0.0;0.0;0.0;0.0;0.0;0.0;0.0;0.0;0.0;0.065217
5191;0.449438;0.213483;0.033708;0.0;0.089888;0.0;0.0;0.0;0.0;0.0;0.0;0.0;0.0;0.0;0.0;0.213483
5192;0.260274;0.575342;0.068493;0.0;0.054795;0.0;0.0;0.0;0.0;0.0;0.0;0.0;0.0;0.0;0.0;0.041096
5193;0.326389;0.534722;0.083333;0.0;0.013889;0.0;0.0;0.0;0.0;0.0;0.0;0.0;0.0;0.0;0.0;0.041667
5194;0.330189;0.386792;0.198113;0.0;0.04717;0.0;0.0;0.0;0.0;0.0;0.0;0.0;0.0;0.0;0.0;0.037736
5195;0.297101;0.427536;0.108696;0.0;0.007246;0.0;0.0;0.0;0.0;0.0;0.0;0.0;0.0;0.0;0.0;0.15942
5196;0.522727;0.295455;0.136364;0.0;0.022727;0.0;0.0;0.0;0.0;0.0;0.0;0.0;0.0;0.0;0.0;0.022727
5197;0.09589;0.534247;0.164384;0.0;0.041096;0.0;0.0;0.0;0.0;0.0;0.0;0.0;0.0;0.0;0.0;0.164384
5198;0.172414;0.534483;0.189655;0.0;0.068966;0.0;0.0;0.0;0.0;0.0;0.0;0.0;0.0;0.0;0.0;0.034483
5199;0.171429;0.628571;0.085714;0.0;0.085714;0.0;0.0;0.0;0.0;0.0;0.0;0.0;0.0;0.0;0.0;0.028571
5200;0.266667;0.633333;0.066667;0.0;0.0;0.0;0.0;0.0;0.0;0.0;0.0;0.0;0.0;0.0;0.0;0.033333
5201;0.251295;0.46114;0.095855;0.0;0.031088;0.0;0.0;0.0;0.0;0.0;0.0;0.0;0.0;0.0;0.0;0.160622
5204;0.388262;0.410835;0.124153;0.0;0.036117;0.0;0.0;0.0;0.0;0.0;0.0;0.0;0.0;0.0;0.0;0.040632
5205;0.171875;0.421875;0.140625;0.0;0.0625;0.0;0.0;0.0;0.0;0.0;0.0;0.0;0.0;0.0;0.0;0.203125
5206;0.529412;0.352941;0.058824;0.0;0.0;0.0;0.0;0.0;0.0;0.0;0.0;0.0;0.0;0.0;0.0;0.058824
5207;0.445076;0.361742;0.11553;0.0;0.039773;0.0;0.0;0.0;0.0;0.0;0.0;0.0;0.0;0.0;0.0;0.037879
5208;0.388889;0.444444;0.138889;0.0;0.027778;0.0;0.0;0.0;0.0;0.0;0.0;0.0;0.0;0.0;0.0;0.0
5209;0.134615;0.653846;0.115385;0.0;0.038462;0.0;0.0;0.0;0.0;0.0;0.0;0.0;0.0;0.0;0.0;0.057692
5210;0.0;0.622222;0.177778;0.0;0.0;0.0;0.0;0.0;0.0;0.0;0.0;0.0;0.0;0.0;0.0;0.2
5211;0.226866;0.579104;0.158209;0.0;0.008955;0.0;0.0;0.0;0.0;0.0;0.0;0.0;0.0;0.0;0.0;0.026866
5212;0.260355;0.550296;0.136095;0.0;0.023669;0.0;0.0;0.0;0.0;0.0;0.0;0.0;0.0;0.0;0.0;0.029586
5213;0.095238;0.698413;0.079365;0.0;0.079365;0.0;0.0;0.0;0.0;0.0;0.0;0.0;0.0;0.0;0.0;0.047619
5214;0.263158;0.526316;0.052632;0.0;0.052632;0.0;0.0;0.0;0.0;0.0;0.0;0.0;0.0;0.0;0.0;0.105263
5215;0.226891;0.563025;0.092437;0.0;0.084034;0.0;0.0;0.0;0.0;0.0;0.0;0.0;0.0;0.0;0.0;0.033613
5216;0.273292;0.478261;0.161491;0.0;0.043478;0.0;0.0;0.0;0.0;0.0;0.0;0.0;0.0;0.0;0.0;0.043478
5217;0.224138;0.465517;0.189655;0.0;0.051724;0.0;0.0;0.0;0.0;0.0;0.0;0.0;0.0;0.0;0.0;0.068966
5218;0.216867;0.46988;0.240964;0.0;0.060241;0.0;0.0;0.0;0.0;0.0;0.0;0.0;0.0;0.0;0.0;0.012048
5219;0.285714;0.285714;0.392857;0.0;0.0;0.0;0.0;0.0;0.0;0.0;0.0;0.0;0.0;0.0;0.0;0.035714
5220;0.209091;0.439394;0.20303;0.0;0.033333;0.0;0.0;0.0;0.0;0.0;0.0;0.0;0.0;0.0;0.0;0.115152
5221;0.353982;0.376106;0.115044;0.0;0.115044;0.0;0.0;0.0;0.0;0.0;0.0;0.0;0.0;0.0;0.0;0.039823
5222;0.186992;0.447154;0.235772;0.0;0.065041;0.0;0.0;0.0;0.0;0.0;0.0;0.0;0.0;0.0;0.0;0.065041
5224;0.108434;0.506024;0.168675;0.0;0.012048;0.0;0.0;0.0;0.0;0.0;0.0;0.0;0.0;0.0;0.0;0.204819
5225;0.246154;0.6;0.088462;0.0;0.026923;0.0;0.0;0.0;0.0;0.0;0.0;0.0;0.0;0.0;0.0;0.038462
5226;0.108108;0.621622;0.243243;0.0;0.0;0.0;0.0;0.0;0.0;0.0;0.0;0.0;0.0;0.0;0.0;0.027027
5227;0.312715;0.340206;0.140893;0.0;0.109966;0.0;0.0;0.0;0.0;0.0;0.0;0.0;0.0;0.0;0.0;0.09622
5228;0.056;0.792;0.096;0.0;0.024;0.0;0.0;0.0;0.0;0.0;0.0;0.0;0.0;0.0;0.0;0.032
5229;0.081967;0.622951;0.196721;0.0;0.032787;0.0;0.0;0.0;0.0;0.0;0.0;0.0;0.0;0.0;0.0;0.065574
5230;0.087719;0.789474;0.105263;0.0;0.0;0.0;0.0;0.0;0.0;0.0;0.0;0.0;0.0;0.0;0.0;0.017544
5231;0.214876;0.487603;0.272727;0.0;0.008264;0.0;0.0;0.0;0.0;0.0;0.0;0.0;0.0;0.0;0.0;0.016529
5232;0.225806;0.397849;0.129032;0.0;0.053763;0.0;0.0;0.0;0.0;0.0;0.0;0.0;0.0;0.0;0.0;0.193548
5233;0.328283;0.489899;0.141414;0.0;0.010101;0.0;0.0;0.0;0.0;0.0;0.0;0.0;0.0;0.0;0.0;0.030303
5234;0.102564;0.666667;0.102564;0.0;0.076923;0.0;0.0;0.0;0.0;0.0;0.0;0.0;0.0;0.0;0.0;0.051282
5235;0.333333;0.469136;0.160494;0.0;0.012346;0.0;0.0;0.0;0.0;0.0;0.0;0.0;0.0;0.0;0.0;0.024691
5236;0.383562;0.39726;0.082192;0.0;0.082192;0.0;0.0;0.0;0.0;0.0;0.0;0.0;0.0;0.0;0.0;0.054795
5237;0.058824;0.722689;0.159664;0.0;0.008403;0.0;0.0;0.0;0.0;0.0;0.0;0.0;0.0;0.0;0.0;0.05042
5238;0.301887;0.460377;0.120755;0.0;0.05283;0.0;0.0;0.0;0.0;0.0;0.0;0.0;0.0;0.0;0.0;0.064151
5239;0.179348;0.445652;0.255435;0.0;0.021739;0.0;0.0;0.0;0.0;0.0;0.0;0.0;0.0;0.0;0.0;0.097826
5240;0.274403;0.441977;0.179724;0.0;0.069543;0.0;0.0;0.0;0.0;0.0;0.0;0.0;0.0;0.0;0.0;0.034353
5241;0.264965;0.376798;0.241299;0.0;0.061253;0.0;0.0;0.0;0.0;0.0;0.0;0.0;0.0;0.0;0.0;0.055684
5242;0.124324;0.715315;0.120721;0.0;0.028829;0.0;0.0;0.0;0.0;0.0;0.0;0.0;0.0;0.0;0.0;0.010811
5243;0.122807;0.473684;0.192982;0.0;0.087719;0.0;0.0;0.0;0.0;0.0;0.0;0.0;0.0;0.0;0.0;0.122807
5244;0.142857;0.75;0.0;0.0;0.0;0.0;0.0;0.0;0.0;0.0;0.0;0.0;0.0;0.0;0.0;0.107143
5245;0.190476;0.319728;0.20068;0.0;0.034014;0.0;0.0;0.0;0.0;0.0;0.0;0.0;0.0;0.0;0.0;0.255102
5246;0.366667;0.533333;0.066667;0.0;0.0;0.0;0.0;0.0;0.0;0.0;0.0;0.0;0.0;0.0;0.0;0.033333
5247;0.335404;0.47205;0.074534;0.0;0.024845;0.0;0.0;0.0;0.0;0.0;0.0;0.0;0.0;0.0;0.0;0.093168
5249;0.342857;0.271429;0.057143;0.0;0.257143;0.0;0.0;0.0;0.0;0.0;0.0;0.0;0.0;0.0;0.0;0.071429
5251;0.189189;0.378378;0.351351;0.0;0.027027;0.0;0.0;0.0;0.0;0.0;0.0;0.0;0.0;0.0;0.0;0.054054
5252;0.148936;0.617021;0.170213;0.0;0.0;0.0;0.0;0.0;0.0;0.0;0.0;0.0;0.0;0.0;0.0;0.06383
5253;0.055556;0.574074;0.296296;0.0;0.074074;0.0;0.0;0.0;0.0;0.0;0.0;0.0;0.0;0.0;0.0;0.0
5254;0.235294;0.48366;0.104575;0.0;0.084967;0.0;0.0;0.0;0.0;0.0;0.0;0.0;0.0;0.0;0.0;0.091503
5256;0.277778;0.355556;0.1;0.0;0.033333;0.0;0.0;0.0;0.0;0.0;0.0;0.0;0.0;0.0;0.0;0.233333
5257;0.247619;0.504762;0.104762;0.0;0.07619;0.0;0.0;0.0;0.0;0.0;0.0;0.0;0.0;0.0;0.0;0.066667
5258;0.229167;0.489583;0.208333;0.0;0.0625;0.0;0.0;0.0;0.0;0.0;0.0;0.0;0.0;0.0;0.0;0.010417
5259;0.298701;0.545455;0.12987;0.0;0.012987;0.0;0.0;0.0;0.0;0.0;0.0;0.0;0.0;0.0;0.0;0.012987
5260;0.151899;0.56962;0.088608;0.0;0.012658;0.0;0.0;0.0;0.0;0.0;0.0;0.0;0.0;0.0;0.0;0.177215
5261;0.1;0.7;0.133333;0.0;0.033333;0.0;0.0;0.0;0.0;0.0;0.0;0.0;0.0;0.0;0.0;0.033333
5262;0.42449;0.453061;0.032653;0.0;0.040816;0.0;0.0;0.0;0.0;0.0;0.0;0.0;0.0;0.0;0.0;0.04898
5263;0.135135;0.558559;0.162162;0.0;0.018018;0.0;0.0;0.0;0.0;0.0;0.0;0.0;0.0;0.0;0.0;0.126126
5264;0.142857;0.464286;0.214286;0.0;0.142857;0.0;0.0;0.0;0.0;0.0;0.0;0.0;0.0;0.0;0.0;0.035714
5265;0.175439;0.421053;0.263158;0.0;0.035088;0.0;0.0;0.0;0.0;0.0;0.0;0.0;0.0;0.0;0.0;0.105263
5266;0.125;0.777778;0.055556;0.0;0.0;0.0;0.0;0.0;0.0;0.0;0.0;0.0;0.0;0.0;0.0;0.041667
5267;0.476923;0.353846;0.123077;0.0;0.046154;0.0;0.0;0.0;0.0;0.0;0.0;0.0;0.0;0.0;0.0;0.0
5901;0.300578;0.439306;0.098266;0.0;0.098266;0.0;0.0;0.0;0.0;0.0;0.0;0.0;0.0;0.0;0.0;0.063584
5902;0.218107;0.522634;0.148148;0.0;0.049383;0.0;0.0;0.0;0.0;0.0;0.0;0.0;0.0;0.0;0.0;0.061728
5903;0.337838;0.405405;0.121622;0.0;0.054054;0.0;0.0;0.0;0.0;0.0;0.0;0.0;0.0;0.0;0.0;0.081081
5904;0.261905;0.47619;0.130952;0.0;0.095238;0.0;0.0;0.0;0.0;0.0;0.0;0.0;0.0;0.0;0.0;0.035714
5905;0.149171;0.646409;0.104972;0.0;0.060773;0.0;0.0;0.0;0.0;0.0;0.0;0.0;0.0;0.0;0.0;0.038674
6001;0.422505;0.341826;0.178344;0.0;0.048832;0.0;0.0;0.0;0.0;0.0;0.0;0.0;0.0;0.0;0.0;0.008493
6002;0.329538;0.407522;0.165631;0.0;0.077985;0.0;0.0;0.0;0.0;0.0;0.0;0.0;0.0;0.0;0.0;0.019324
6003;0.490401;0.401396;0.04712;0.0;0.041885;0.0;0.0;0.0;0.0;0.0;0.0;0.0;0.0;0.0;0.0;0.019197
6004;0.50764;0.342954;0.117997;0.0;0.024618;0.0;0.0;0.0;0.0;0.0;0.0;0.0;0.0;0.0;0.0;0.006791
6005;0.547849;0.265145;0.128183;0.0;0.045654;0.0;0.0;0.0;0.0;0.0;0.0;0.0;0.0;0.0;0.0;0.013169
6006;0.45464;0.311487;0.136599;0.0;0.080717;0.0;0.0;0.0;0.0;0.0;0.0;0.0;0.0;0.0;0.0;0.016557
6007;0.560831;0.237389;0.128586;0.0;0.065282;0.0;0.0;0.0;0.0;0.0;0.0;0.0;0.0;0.0;0.0;0.007913
6008;0.581443;0.280412;0.086598;0.0;0.037113;0.0;0.0;0.0;0.0;0.0;0.0;0.0;0.0;0.0;0.0;0.014433
6009;0.318681;0.307692;0.208791;0.0;0.142857;0.0;0.0;0.0;0.0;0.0;0.0;0.0;0.0;0.0;0.0;0.021978
6010;0.488462;0.310256;0.094872;0.0;0.094872;0.0;0.0;0.0;0.0;0.0;0.0;0.0;0.0;0.0;0.0;0.011538
6011;0.322193;0.40507;0.192909;0.0;0.064811;0.0;0.0;0.0;0.0;0.0;0.0;0.0;0.0;0.0;0.0;0.015017
6012;0.477675;0.318029;0.135636;0.0;0.0615;0.0;0.0;0.0;0.0;0.0;0.0;0.0;0.0;0.0;0.0;0.007161
6013;0.73399;0.157635;0.024631;0.0;0.078818;0.0;0.0;0.0;0.0;0.0;0.0;0.0;0.0;0.0;0.0;0.004926
6014;0.310844;0.514807;0.12603;0.0;0.038967;0.0;0.0;0.0;0.0;0.0;0.0;0.0;0.0;0.0;0.0;0.009352
6015;0.30312;0.437593;0.167669;0.0;0.070269;0.0;0.0;0.0;0.0;0.0;0.0;0.0;0.0;0.0;0.0;0.021348
6016;0.482061;0.370745;0.101656;0.0;0.036799;0.0;0.0;0.0;0.0;0.0;0.0;0.0;0.0;0.0;0.0;0.00874
6017;0.375691;0.475138;0.093923;0.0;0.044199;0.0;0.0;0.0;0.0;0.0;0.0;0.0;0.0;0.0;0.0;0.01105
6018;0.522244;0.266925;0.092843;0.0;0.112186;0.0;0.0;0.0;0.0;0.0;0.0;0.0;0.0;0.0;0.0;0.005803
6019;0.430147;0.407353;0.078676;0.0;0.070588;0.0;0.0;0.0;0.0;0.0;0.0;0.0;0.0;0.0;0.0;0.013235
6020;0.424747;0.373372;0.10275;0.0;0.081766;0.0;0.0;0.0;0.0;0.0;0.0;0.0;0.0;0.0;0.0;0.017366
6021;0.389302;0.482912;0.102526;0.0;0.022288;0.0;0.0;0.0;0.0;0.0;0.0;0.0;0.0;0.0;0.0;0.002972
6022;0.461421;0.343894;0.099642;0.0;0.069494;0.0;0.0;0.0;0.0;0.0;0.0;0.0;0.0;0.0;0.0;0.025549
6023;0.524929;0.338675;0.076923;0.0;0.047009;0.0;0.0;0.0;0.0;0.0;0.0;0.0;0.0;0.0;0.0;0.012464
6024;0.483276;0.372549;0.056517;0.0;0.084198;0.0;0.0;0.0;0.0;0.0;0.0;0.0;0.0;0.0;0.0;0.00346
6025;0.433154;0.359838;0.097305;0.0;0.096765;0.0;0.0;0.0;0.0;0.0;0.0;0.0;0.0;0.0;0.0;0.012938
6026;0.32699;0.539792;0.069204;0.0;0.057093;0.0;0.0;0.0;0.0;0.0;0.0;0.0;0.0;0.0;0.0;0.00692
6027;0.380252;0.447479;0.12395;0.0;0.039916;0.0;0.0;0.0;0.0;0.0;0.0;0.0;0.0;0.0;0.0;0.008403
6028;0.42294;0.432128;0.093361;0.0;0.043272;0.0;0.0;0.0;0.0;0.0;0.0;0.0;0.0;0.0;0.0;0.008299
6029;0.638761;0.220183;0.084862;0.0;0.055046;0.0;0.0;0.0;0.0;0.0;0.0;0.0;0.0;0.0;0.0;0.001147
6030;0.342593;0.425926;0.194444;0.0;0.027778;0.0;0.0;0.0;0.0;0.0;0.0;0.0;0.0;0.0;0.0;0.009259
6031;0.378738;0.458472;0.119601;0.0;0.0299;0.0;0.0;0.0;0.0;0.0;0.0;0.0;0.0;0.0;0.0;0.013289
6032;0.421053;0.385965;0.105263;0.0;0.052632;0.0;0.0;0.0;0.0;0.0;0.0;0.0;0.0;0.0;0.0;0.035088
6033;0.485067;0.349125;0.130793;0.0;0.029866;0.0;0.0;0.0;0.0;0.0;0.0;0.0;0.0;0.0;0.0;0.005149
6034;0.275862;0.560345;0.103448;0.0;0.051724;0.0;0.0;0.0;0.0;0.0;0.0;0.0;0.0;0.0;0.0;0.008621
6035;0.386667;0.383333;0.18;0.0;0.046667;0.0;0.0;0.0;0.0;0.0;0.0;0.0;0.0;0.0;0.0;0.003333
6036;0.424075;0.373069;0.12183;0.0;0.069659;0.0;0.0;0.0;0.0;0.0;0.0;0.0;0.0;0.0;0.0;0.011367
6037;0.354302;0.447734;0.156337;0.0;0.028677;0.0;0.0;0.0;0.0;0.0;0.0;0.0;0.0;0.0;0.0;0.012951
6038;0.463511;0.30572;0.16568;0.0;0.04931;0.0;0.0;0.0;0.0;0.0;0.0;0.0;0.0;0.0;0.0;0.015779
6039;0.636431;0.242625;0.051622;0.0;0.058997;0.0;0.0;0.0;0.0;0.0;0.0;0.0;0.0;0.0;0.0;0.010324
6040;0.522099;0.270718;0.153315;0.0;0.048343;0.0;0.0;0.0;0.0;0.0;0.0;0.0;0.0;0.0;0.0;0.005525
6041;0.430556;0.325;0.15;0.0;0.086111;0.0;0.0;0.0;0.0;0.0;0.0;0.0;0.0;0.0;0.0;0.008333
6042;0.532374;0.263309;0.089209;0.0;0.109353;0.0;0.0;0.0;0.0;0.0;0.0;0.0;0.0;0.0;0.0;0.005755
6043;0.393502;0.361011;0.142599;0.0;0.081227;0.0;0.0;0.0;0.0;0.0;0.0;0.0;0.0;0.0;0.0;0.021661
6044;0.379927;0.384185;0.147149;0.0;0.070704;0.0;0.0;0.0;0.0;0.0;0.0;0.0;0.0;0.0;0.0;0.018035
6045;0.452722;0.355301;0.143266;0.0;0.040115;0.0;0.0;0.0;0.0;0.0;0.0;0.0;0.0;0.0;0.0;0.008596
6046;0.446553;0.403596;0.118881;0.0;0.024975;0.0;0.0;0.0;0.0;0.0;0.0;0.0;0.0;0.0;0.0;0.005994
6047;0.497585;0.322061;0.10306;0.0;0.061192;0.0;0.0;0.0;0.0;0.0;0.0;0.0;0.0;0.0;0.0;0.016103
6048;0.516588;0.306477;0.116904;0.0;0.050553;0.0;0.0;0.0;0.0;0.0;0.0;0.0;0.0;0.0;0.0;0.009479
6049;0.434515;0.383667;0.104777;0.0;0.05547;0.0;0.0;0.0;0.0;0.0;0.0;0.0;0.0;0.0;0.0;0.021572
6050;0.366239;0.439947;0.120105;0.0;0.058901;0.0;0.0;0.0;0.0;0.0;0.0;0.0;0.0;0.0;0.0;0.014808
6051;0.438803;0.364461;0.155938;0.0;0.037171;0.0;0.0;0.0;0.0;0.0;0.0;0.0;0.0;0.0;0.0;0.003626
6052;0.363763;0.453662;0.120097;0.0;0.048594;0.0;0.0;0.0;0.0;0.0;0.0;0.0;0.0;0.0;0.0;0.013884
6053;0.581864;0.254408;0.088161;0.0;0.065491;0.0;0.0;0.0;0.0;0.0;0.0;0.0;0.0;0.0;0.0;0.010076
6054;0.387198;0.409055;0.131148;0.0;0.062711;0.0;0.0;0.0;0.0;0.0;0.0;0.0;0.0;0.0;0.0;0.009888
6055;0.408863;0.433167;0.106505;0.0;0.042173;0.0;0.0;0.0;0.0;0.0;0.0;0.0;0.0;0.0;0.0;0.009292
6056;0.495652;0.307246;0.124638;0.0;0.063768;0.0;0.0;0.0;0.0;0.0;0.0;0.0;0.0;0.0;0.0;0.008696
6057;0.354331;0.485564;0.131234;0.0;0.026247;0.0;0.0;0.0;0.0;0.0;0.0;0.0;0.0;0.0;0.0;0.002625
6058;0.448153;0.323153;0.131392;0.0;0.071733;0.0;0.0;0.0;0.0;0.0;0.0;0.0;0.0;0.0;0.0;0.025568
6059;0.412266;0.414821;0.099659;0.0;0.064736;0.0;0.0;0.0;0.0;0.0;0.0;0.0;0.0;0.0;0.0;0.008518
6060;0.460782;0.335628;0.116548;0.0;0.077207;0.0;0.0;0.0;0.0;0.0;0.0;0.0;0.0;0.0;0.0;0.009835
6061;0.590406;0.314883;0.065191;0.0;0.02583;0.0;0.0;0.0;0.0;0.0;0.0;0.0;0.0;0.0;0.0;0.00369
6062;0.423358;0.345499;0.201946;0.0;0.024331;0.0;0.0;0.0;0.0;0.0;0.0;0.0;0.0;0.0;0.0;0.004866
6063;0.498383;0.315012;0.135797;0.0;0.038337;0.0;0.0;0.0;0.0;0.0;0.0;0.0;0.0;0.0;0.0;0.012471
6064;0.580328;0.213115;0.055738;0.0;0.132787;0.0;0.0;0.0;0.0;0.0;0.0;0.0;0.0;0.0;0.0;0.018033
6065;0.299539;0.589862;0.059908;0.0;0.036866;0.0;0.0;0.0;0.0;0.0;0.0;0.0;0.0;0.0;0.0;0.013825
6066;0.561807;0.286445;0.102302;0.0;0.038363;0.0;0.0;0.0;0.0;0.0;0.0;0.0;0.0;0.0;0.0;0.011083
6067;0.407905;0.379567;0.171514;0.0;0.029828;0.0;0.0;0.0;0.0;0.0;0.0;0.0;0.0;0.0;0.0;0.011186
6068;0.533113;0.298013;0.145695;0.0;0.019868;0.0;0.0;0.0;0.0;0.0;0.0;0.0;0.0;0.0;0.0;0.003311
6069;0.523319;0.318606;0.103093;0.0;0.036328;0.0;0.0;0.0;0.0;0.0;0.0;0.0;0.0;0.0;0.0;0.018655
6070;0.408715;0.382056;0.110131;0.0;0.080897;0.0;0.0;0.0;0.0;0.0;0.0;0.0;0.0;0.0;0.0;0.018202
6071;0.525;0.335;0.11;0.0;0.02;0.0;0.0;0.0;0.0;0.0;0.0;0.0;0.0;0.0;0.0;0.01
6072;0.417271;0.379831;0.141304;0.0;0.048309;0.0;0.0;0.0;0.0;0.0;0.0;0.0;0.0;0.0;0.0;0.013285
6073;0.384966;0.287016;0.09795;0.0;0.209567;0.0;0.0;0.0;0.0;0.0;0.0;0.0;0.0;0.0;0.0;0.020501
6074;0.333707;0.456327;0.087906;0.0;0.098544;0.0;0.0;0.0;0.0;0.0;0.0;0.0;0.0;0.0;0.0;0.023516
6075;0.628809;0.252078;0.055402;0.0;0.058172;0.0;0.0;0.0;0.0;0.0;0.0;0.0;0.0;0.0;0.0;0.00554
6076;0.439932;0.299492;0.101523;0.0;0.1489;0.0;0.0;0.0;0.0;0.0;0.0;0.0;0.0;0.0;0.0;0.010152
6077;0.548117;0.267782;0.062762;0.0;0.117155;0.0;0.0;0.0;0.0;0.0;0.0;0.0;0.0;0.0;0.0;0.004184
6078;0.319672;0.538251;0.079235;0.0;0.040984;0.0;0.0;0.0;0.0;0.0;0.0;0.0;0.0;0.0;0.0;0.021858
6079;0.496855;0.301887;0.174004;0.0;0.020964;0.0;0.0;0.0;0.0;0.0;0.0;0.0;0.0;0.0;0.0;0.006289
6080;0.430704;0.321251;0.149254;0.0;0.085999;0.0;0.0;0.0;0.0;0.0;0.0;0.0;0.0;0.0;0.0;0.012793
6081;0.540613;0.249001;0.069241;0.0;0.123835;0.0;0.0;0.0;0.0;0.0;0.0;0.0;0.0;0.0;0.0;0.01731
6082;0.469965;0.275618;0.159011;0.0;0.077739;0.0;0.0;0.0;0.0;0.0;0.0;0.0;0.0;0.0;0.0;0.017668
6083;0.382835;0.365856;0.148412;0.0;0.084617;0.0;0.0;0.0;0.0;0.0;0.0;0.0;0.0;0.0;0.0;0.01828
6084;0.392547;0.43354;0.141615;0.0;0.026087;0.0;0.0;0.0;0.0;0.0;0.0;0.0;0.0;0.0;0.0;0.006211
6085;0.507644;0.332419;0.076833;0.0;0.076441;0.0;0.0;0.0;0.0;0.0;0.0;0.0;0.0;0.0;0.0;0.006664
6086;0.458591;0.358467;0.10754;0.0;0.061805;0.0;0.0;0.0;0.0;0.0;0.0;0.0;0.0;0.0;0.0;0.013597
6087;0.439538;0.355299;0.156929;0.0;0.04144;0.0;0.0;0.0;0.0;0.0;0.0;0.0;0.0;0.0;0.0;0.006793
6088;0.377524;0.35814;0.143418;0.0;0.101765;0.0;0.0;0.0;0.0;0.0;0.0;0.0;0.0;0.0;0.0;0.019153
6089;0.484127;0.353175;0.111111;0.0;0.039683;0.0;0.0;0.0;0.0;0.0;0.0;0.0;0.0;0.0;0.0;0.011905
6090;0.481865;0.319516;0.107081;0.0;0.069085;0.0;0.0;0.0;0.0;0.0;0.0;0.0;0.0;0.0;0.0;0.022453
6091;0.432875;0.372629;0.154332;0.0;0.032726;0.0;0.0;0.0;0.0;0.0;0.0;0.0;0.0;0.0;0.0;0.007438
6092;0.479167;0.333333;0.141204;0.0;0.027778;0.0;0.0;0.0;0.0;0.0;0.0;0.0;0.0;0.0;0.0;0.018519
6093;0.400897;0.387128;0.143452;0.0;0.04707;0.0;0.0;0.0;0.0;0.0;0.0;0.0;0.0;0.0;0.0;0.021454
6094;0.58547;0.28312;0.099359;0.0;0.023504;0.0;0.0;0.0;0.0;0.0;0.0;0.0;0.0;0.0;0.0;0.008547
6095;0.448004;0.293951;0.129768;0.0;0.111889;0.0;0.0;0.0;0.0;0.0;0.0;0.0;0.0;0.0;0.0;0.016389
6096;0.359375;0.375;0.182292;0.0;0.057292;0.0;0.0;0.0;0.0;0.0;0.0;0.0;0.0;0.0;0.0;0.026042
6097;0.452864;0.387828;0.096659;0.0;0.049523;0.0;0.0;0.0;0.0;0.0;0.0;0.0;0.0;0.0;0.0;0.013126
6098;0.539846;0.282776;0.141388;0.0;0.03599;0.0;0.0;0.0;0.0;0.0;0.0;0.0;0.0;0.0;0.0;0.0
6099;0.481432;0.32626;0.096817;0.0;0.076923;0.0;0.0;0.0;0.0;0.0;0.0;0.0;0.0;0.0;0.0;0.018568
6100;0.418985;0.409165;0.129296;0.0;0.037643;0.0;0.0;0.0;0.0;0.0;0.0;0.0;0.0;0.0;0.0;0.00491
6101;0.334356;0.496933;0.064417;0.0;0.095092;0.0;0.0;0.0;0.0;0.0;0.0;0.0;0.0;0.0;0.0;0.009202
6102;0.431619;0.393977;0.116688;0.0;0.045169;0.0;0.0;0.0;0.0;0.0;0.0;0.0;0.0;0.0;0.0;0.012547
6103;0.445223;0.333333;0.145486;0.0;0.058428;0.0;0.0;0.0;0.0;0.0;0.0;0.0;0.0;0.0;0.0;0.017528
6104;0.55042;0.336134;0.042017;0.0;0.044118;0.0;0.0;0.0;0.0;0.0;0.0;0.0;0.0;0.0;0.0;0.027311
6105;0.356568;0.383378;0.201072;0.0;0.042895;0.0;0.0;0.0;0.0;0.0;0.0;0.0;0.0;0.0;0.0;0.016086
6106;0.432331;0.368421;0.120301;0.0;0.056391;0.0;0.0;0.0;0.0;0.0;0.0;0.0;0.0;0.0;0.0;0.022556
6107;0.464802;0.33269;0.136933;0.0;0.050145;0.0;0.0;0.0;0.0;0.0;0.0;0.0;0.0;0.0;0.0;0.015429
6108;0.401721;0.345467;0.129054;0.0;0.086698;0.0;0.0;0.0;0.0;0.0;0.0;0.0;0.0;0.0;0.0;0.037062
6109;0.538769;0.323794;0.080865;0.0;0.049917;0.0;0.0;0.0;0.0;0.0;0.0;0.0;0.0;0.0;0.0;0.006656
6110;0.358696;0.478261;0.097826;0.0;0.043478;0.0;0.0;0.0;0.0;0.0;0.0;0.0;0.0;0.0;0.0;0.021739
6111;0.49422;0.33526;0.089595;0.0;0.075145;0.0;0.0;0.0;0.0;0.0;0.0;0.0;0.0;0.0;0.0;0.00578
6112;0.473333;0.366667;0.116667;0.0;0.04;0.0;0.0;0.0;0.0;0.0;0.0;0.0;0.0;0.0;0.0;0.003333
6113;0.430675;0.347892;0.110716;0.0;0.089893;0.0;0.0;0.0;0.0;0.0;0.0;0.0;0.0;0.0;0.0;0.020823
6114;0.636364;0.252525;0.080808;0.0;0.020202;0.0;0.0;0.0;0.0;0.0;0.0;0.0;0.0;0.0;0.0;0.010101
6115;0.327791;0.369359;0.194774;0.0;0.07601;0.0;0.0;0.0;0.0;0.0;0.0;0.0;0.0;0.0;0.0;0.032067
6116;0.457935;0.375717;0.107075;0.0;0.045889;0.0;0.0;0.0;0.0;0.0;0.0;0.0;0.0;0.0;0.0;0.013384
6117;0.270854;0.504416;0.131501;0.0;0.076546;0.0;0.0;0.0;0.0;0.0;0.0;0.0;0.0;0.0;0.0;0.016683
6118;0.672566;0.20354;0.088496;0.0;0.0;0.0;0.0;0.0;0.0;0.0;0.0;0.0;0.0;0.0;0.0;0.035398
6119;0.455652;0.302609;0.198261;0.0;0.038261;0.0;0.0;0.0;0.0;0.0;0.0;0.0;0.0;0.0;0.0;0.005217
6120;0.485871;0.309262;0.135793;0.0;0.056122;0.0;0.0;0.0;0.0;0.0;0.0;0.0;0.0;0.0;0.0;0.012951
6121;0.355489;0.425386;0.154374;0.0;0.053602;0.0;0.0;0.0;0.0;0.0;0.0;0.0;0.0;0.0;0.0;0.011149
6122;0.414511;0.39829;0.113985;0.0;0.056773;0.0;0.0;0.0;0.0;0.0;0.0;0.0;0.0;0.0;0.0;0.01644
6123;0.483456;0.302602;0.101831;0.0;0.095406;0.0;0.0;0.0;0.0;0.0;0.0;0.0;0.0;0.0;0.0;0.016704
6124;0.533221;0.352397;0.052986;0.0;0.050463;0.0;0.0;0.0;0.0;0.0;0.0;0.0;0.0;0.0;0.0;0.010934
6125;0.406725;0.363491;0.168935;0.0;0.043235;0.0;0.0;0.0;0.0;0.0;0.0;0.0;0.0;0.0;0.0;0.017614
6126;0.45935;0.383469;0.109079;0.0;0.04336;0.0;0.0;0.0;0.0;0.0;0.0;0.0;0.0;0.0;0.0;0.004743
6127;0.40625;0.416667;0.133152;0.0;0.033514;0.0;0.0;0.0;0.0;0.0;0.0;0.0;0.0;0.0;0.0;0.010417
6128;0.463194;0.32252;0.126949;0.0;0.077355;0.0;0.0;0.0;0.0;0.0;0.0;0.0;0.0;0.0;0.0;0.009981
6129;0.519324;0.364734;0.057971;0.0;0.043478;0.0;0.0;0.0;0.0;0.0;0.0;0.0;0.0;0.0;0.0;0.014493
6130;0.53125;0.23125;0.08125;0.0;0.11875;0.0;0.0;0.0;0.0;0.0;0.0;0.0;0.0;0.0;0.0;0.0375
6131;0.600967;0.163241;0.100363;0.0;0.131802;0.0;0.0;0.0;0.0;0.0;0.0;0.0;0.0;0.0;0.0;0.003628
6132;0.518198;0.254766;0.086655;0.0;0.131716;0.0;0.0;0.0;0.0;0.0;0.0;0.0;0.0;0.0;0.0;0.008666
6133;0.472874;0.35044;0.148094;0.0;0.024194;0.0;0.0;0.0;0.0;0.0;0.0;0.0;0.0;0.0;0.0;0.004399
6134;0.491124;0.366864;0.091716;0.0;0.038462;0.0;0.0;0.0;0.0;0.0;0.0;0.0;0.0;0.0;0.0;0.011834
6135;0.345055;0.416484;0.174725;0.0;0.054945;0.0;0.0;0.0;0.0;0.0;0.0;0.0;0.0;0.0;0.0;0.008791
6136;0.513218;0.315406;0.093892;0.0;0.062899;0.0;0.0;0.0;0.0;0.0;0.0;0.0;0.0;0.0;0.0;0.014585
6137;0.476965;0.330623;0.136856;0.0;0.04065;0.0;0.0;0.0;0.0;0.0;0.0;0.0;0.0;0.0;0.0;0.014905
6138;0.550624;0.278779;0.094313;0.0;0.049931;0.0;0.0;0.0;0.0;0.0;0.0;0.0;0.0;0.0;0.0;0.026352
6139;0.554645;0.248634;0.122951;0.0;0.071038;0.0;0.0;0.0;0.0;0.0;0.0;0.0;0.0;0.0;0.0;0.002732
6140;0.305046;0.548165;0.123853;0.0;0.016055;0.0;0.0;0.0;0.0;0.0;0.0;0.0;0.0;0.0;0.0;0.006881
6141;0.436982;0.407131;0.100332;0.0;0.048922;0.0;0.0;0.0;0.0;0.0;0.0;0.0;0.0;0.0;0.0;0.006633
6142;0.594737;0.284211;0.078947;0.0;0.036842;0.0;0.0;0.0;0.0;0.0;0.0;0.0;0.0;0.0;0.0;0.005263
6143;0.573449;0.25491;0.109976;0.0;0.052239;0.0;0.0;0.0;0.0;0.0;0.0;0.0;0.0;0.0;0.0;0.009427
6144;0.542936;0.296399;0.077562;0.0;0.069252;0.0;0.0;0.0;0.0;0.0;0.0;0.0;0.0;0.0;0.0;0.01385
6145;0.496979;0.330816;0.123867;0.0;0.046828;0.0;0.0;0.0;0.0;0.0;0.0;0.0;0.0;0.0;0.0;0.001511
6146;0.577657;0.256131;0.087193;0.0;0.073569;0.0;0.0;0.0;0.0;0.0;0.0;0.0;0.0;0.0;0.0;0.00545
6147;0.5;0.241667;0.095833;0.0;0.15;0.0;0.0;0.0;0.0;0.0;0.0;0.0;0.0;0.0;0.0;0.0125
6148;0.46793;0.237609;0.100583;0.0;0.176385;0.0;0.0;0.0;0.0;0.0;0.0;0.0;0.0;0.0;0.0;0.017493
6149;0.381204;0.381864;0.135824;0.0;0.060454;0.0;0.0;0.0;0.0;0.0;0.0;0.0;0.0;0.0;0.0;0.040655
6150;0.460526;0.335526;0.074013;0.0;0.113487;0.0;0.0;0.0;0.0;0.0;0.0;0.0;0.0;0.0;0.0;0.016447
6151;0.53504;0.300539;0.11186;0.0;0.044474;0.0;0.0;0.0;0.0;0.0;0.0;0.0;0.0;0.0;0.0;0.008086
6152;0.419429;0.322286;0.153143;0.0;0.098286;0.0;0.0;0.0;0.0;0.0;0.0;0.0;0.0;0.0;0.0;0.006857
6153;0.399408;0.376496;0.141117;0.0;0.070318;0.0;0.0;0.0;0.0;0.0;0.0;0.0;0.0;0.0;0.0;0.01266
6154;0.418628;0.414121;0.125689;0.0;0.034552;0.0;0.0;0.0;0.0;0.0;0.0;0.0;0.0;0.0;0.0;0.007011
6155;0.41181;0.365967;0.13986;0.0;0.064491;0.0;0.0;0.0;0.0;0.0;0.0;0.0;0.0;0.0;0.0;0.017871
6156;0.425653;0.38025;0.124858;0.0;0.047673;0.0;0.0;0.0;0.0;0.0;0.0;0.0;0.0;0.0;0.0;0.021566
6157;0.435115;0.312977;0.225191;0.0;0.019084;0.0;0.0;0.0;0.0;0.0;0.0;0.0;0.0;0.0;0.0;0.007634
6158;0.383626;0.383211;0.108125;0.0;0.102625;0.0;0.0;0.0;0.0;0.0;0.0;0.0;0.0;0.0;0.0;0.022414
6159;0.453282;0.299614;0.151351;0.0;0.081081;0.0;0.0;0.0;0.0;0.0;0.0;0.0;0.0;0.0;0.0;0.014672
6160;0.434642;0.406467;0.089145;0.0;0.061432;0.0;0.0;0.0;0.0;0.0;0.0;0.0;0.0;0.0;0.0;0.008314
6161;0.457286;0.366834;0.115578;0.0;0.050251;0.0;0.0;0.0;0.0;0.0;0.0;0.0;0.0;0.0;0.0;0.01005
6162;0.441601;0.37785;0.132154;0.0;0.0349;0.0;0.0;0.0;0.0;0.0;0.0;0.0;0.0;0.0;0.0;0.013495
6901;0.430657;0.346107;0.1618;0.0;0.053528;0.0;0.0;0.0;0.0;0.0;0.0;0.0;0.0;0.0;0.0;0.007908
6902;0.439865;0.359966;0.108495;0.0;0.075694;0.0;0.0;0.0;0.0;0.0;0.0;0.0;0.0;0.0;0.0;0.01598
6903;0.39857;0.39857;0.107282;0.0;0.079974;0.0;0.0;0.0;0.0;0.0;0.0;0.0;0.0;0.0;0.0;0.015605
7001;0.348406;0.371757;0.087102;0.0;0.185322;0.0;0.0;0.0;0.0;0.0;0.0;0.0;0.0;0.0;0.0;0.007413
7002;0.3103;0.397106;0.092421;0.0;0.187864;0.0;0.0;0.0;0.0;0.0;0.0;0.0;0.0;0.0;0.0;0.012308
7003;0.297174;0.353136;0.169676;0.0;0.16623;0.0;0.0;0.0;0.0;0.0;0.0;0.0;0.0;0.0;0.0;0.013784
7004;0.306231;0.324225;0.152616;0.0;0.201599;0.0;0.0;0.0;0.0;0.0;0.0;0.0;0.0;0.0;0.0;0.015328
7005;0.31686;0.355769;0.16771;0.0;0.146914;0.0;0.0;0.0;0.0;0.0;0.0;0.0;0.0;0.0;0.0;0.012746
7006;0.379291;0.260368;0.096127;0.0;0.252129;0.0;0.0;0.0;0.0;0.0;0.0;0.0;0.0;0.0;0.0;0.012085
7007;0.272436;0.346154;0.092949;0.0;0.253205;0.0;0.0;0.0;0.0;0.0;0.0;0.0;0.0;0.0;0.0;0.035256
7008;0.320035;0.308133;0.142164;0.0;0.219308;0.0;0.0;0.0;0.0;0.0;0.0;0.0;0.0;0.0;0.0;0.010359
7009;0.245841;0.38817;0.144177;0.0;0.195933;0.0;0.0;0.0;0.0;0.0;0.0;0.0;0.0;0.0;0.0;0.025878
7010;0.280444;0.346749;0.146027;0.0;0.211558;0.0;0.0;0.0;0.0;0.0;0.0;0.0;0.0;0.0;0.0;0.015222
7011;0.328742;0.360255;0.185433;0.0;0.110778;0.0;0.0;0.0;0.0;0.0;0.0;0.0;0.0;0.0;0.0;0.014792
7012;0.270848;0.297726;0.097174;0.0;0.324604;0.0;0.0;0.0;0.0;0.0;0.0;0.0;0.0;0.0;0.0;0.009649
7013;0.207772;0.497691;0.153521;0.0;0.13005;0.0;0.0;0.0;0.0;0.0;0.0;0.0;0.0;0.0;0.0;0.010966
7014;0.379475;0.297834;0.124059;0.0;0.185861;0.0;0.0;0.0;0.0;0.0;0.0;0.0;0.0;0.0;0.0;0.012771
7015;0.29829;0.367351;0.091319;0.0;0.22522;0.0;0.0;0.0;0.0;0.0;0.0;0.0;0.0;0.0;0.0;0.01782
7016;0.338843;0.321855;0.146006;0.0;0.183196;0.0;0.0;0.0;0.0;0.0;0.0;0.0;0.0;0.0;0.0;0.010101
7017;0.241958;0.352448;0.158042;0.0;0.237762;0.0;0.0;0.0;0.0;0.0;0.0;0.0;0.0;0.0;0.0;0.00979
7018;0.260536;0.298851;0.068966;0.0;0.344828;0.0;0.0;0.0;0.0;0.0;0.0;0.0;0.0;0.0;0.0;0.02682
7019;0.114035;0.666667;0.166667;0.0;0.04386;0.0;0.0;0.0;0.0;0.0;0.0;0.0;0.0;0.0;0.0;0.008772
7020;0.247595;0.299608;0.088707;0.0;0.349483;0.0;0.0;0.0;0.0;0.0;0.0;0.0;0.0;0.0;0.0;0.014606
7021;0.189944;0.446927;0.139665;0.0;0.201117;0.0;0.0;0.0;0.0;0.0;0.0;0.0;0.0;0.0;0.0;0.022346
7022;0.265271;0.395076;0.132701;0.0;0.192996;0.0;0.0;0.0;0.0;0.0;0.0;0.0;0.0;0.0;0.0;0.013955
7023;0.327593;0.351179;0.074878;0.0;0.229876;0.0;0.0;0.0;0.0;0.0;0.0;0.0;0.0;0.0;0.0;0.016473
7024;0.327504;0.38671;0.082188;0.0;0.178866;0.0;0.0;0.0;0.0;0.0;0.0;0.0;0.0;0.0;0.0;0.024731
7025;0.243386;0.415344;0.140212;0.0;0.179894;0.0;0.0;0.0;0.0;0.0;0.0;0.0;0.0;0.0;0.0;0.021164
7026;0.343581;0.386373;0.12265;0.0;0.129349;0.0;0.0;0.0;0.0;0.0;0.0;0.0;0.0;0.0;0.0;0.018046
7027;0.313804;0.332983;0.200196;0.0;0.138737;0.0;0.0;0.0;0.0;0.0;0.0;0.0;0.0;0.0;0.0;0.01428
7028;0.247539;0.360056;0.126582;0.0;0.254571;0.0;0.0;0.0;0.0;0.0;0.0;0.0;0.0;0.0;0.0;0.011252
7029;0.298456;0.340057;0.142452;0.0;0.203593;0.0;0.0;0.0;0.0;0.0;0.0;0.0;0.0;0.0;0.0;0.015443
7030;0.21294;0.344799;0.129402;0.0;0.30303;0.0;0.0;0.0;0.0;0.0;0.0;0.0;0.0;0.0;0.0;0.009828
7031;0.277443;0.353841;0.214997;0.0;0.138722;0.0;0.0;0.0;0.0;0.0;0.0;0.0;0.0;0.0;0.0;0.014997
7032;0.347415;0.334947;0.110451;0.0;0.190319;0.0;0.0;0.0;0.0;0.0;0.0;0.0;0.0;0.0;0.0;0.016868
7033;0.302887;0.334329;0.151473;0.0;0.197904;0.0;0.0;0.0;0.0;0.0;0.0;0.0;0.0;0.0;0.0;0.013408
7034;0.238251;0.403279;0.133333;0.0;0.213115;0.0;0.0;0.0;0.0;0.0;0.0;0.0;0.0;0.0;0.0;0.012022
7035;0.313164;0.3565;0.099755;0.0;0.221586;0.0;0.0;0.0;0.0;0.0;0.0;0.0;0.0;0.0;0.0;0.008994
7036;0.274925;0.378384;0.195742;0.0;0.137607;0.0;0.0;0.0;0.0;0.0;0.0;0.0;0.0;0.0;0.0;0.013342
7037;0.336127;0.318525;0.10855;0.0;0.224644;0.0;0.0;0.0;0.0;0.0;0.0;0.0;0.0;0.0;0.0;0.012154
7038;0.294574;0.370155;0.095607;0.0;0.231266;0.0;0.0;0.0;0.0;0.0;0.0;0.0;0.0;0.0;0.0;0.008398
7039;0.238424;0.437734;0.16566;0.0;0.149842;0.0;0.0;0.0;0.0;0.0;0.0;0.0;0.0;0.0;0.0;0.008341
7040;0.305131;0.348145;0.174741;0.0;0.157211;0.0;0.0;0.0;0.0;0.0;0.0;0.0;0.0;0.0;0.0;0.014772
7041;0.270476;0.353651;0.144127;0.0;0.223492;0.0;0.0;0.0;0.0;0.0;0.0;0.0;0.0;0.0;0.0;0.008254
7042;0.3817;0.306772;0.092363;0.0;0.20562;0.0;0.0;0.0;0.0;0.0;0.0;0.0;0.0;0.0;0.0;0.013545
7043;0.200645;0.394037;0.144641;0.0;0.250201;0.0;0.0;0.0;0.0;0.0;0.0;0.0;0.0;0.0;0.0;0.010475
7044;0.255945;0.411608;0.141527;0.0;0.181108;0.0;0.0;0.0;0.0;0.0;0.0;0.0;0.0;0.0;0.0;0.009812
7045;0.355981;0.287081;0.086124;0.0;0.258373;0.0;0.0;0.0;0.0;0.0;0.0;0.0;0.0;0.0;0.0;0.01244
7046;0.344959;0.368693;0.136209;0.0;0.132597;0.0;0.0;0.0;0.0;0.0;0.0;0.0;0.0;0.0;0.0;0.017542
7047;0.272829;0.341871;0.14755;0.0;0.222717;0.0;0.0;0.0;0.0;0.0;0.0;0.0;0.0;0.0;0.0;0.015033
7048;0.319612;0.370384;0.132347;0.0;0.155803;0.0;0.0;0.0;0.0;0.0;0.0;0.0;0.0;0.0;0.0;0.021854
7049;0.248062;0.39438;0.098837;0.0;0.239341;0.0;0.0;0.0;0.0;0.0;0.0;0.0;0.0;0.0;0.0;0.01938
7050;0.206642;0.54428;0.123155;0.0;0.112546;0.0;0.0;0.0;0.0;0.0;0.0;0.0;0.0;0.0;0.0;0.013376
7051;0.2968;0.389125;0.133956;0.0;0.163976;0.0;0.0;0.0;0.0;0.0;0.0;0.0;0.0;0.0;0.0;0.016143
7052;0.324948;0.343516;0.091644;0.0;0.221324;0.0;0.0;0.0;0.0;0.0;0.0;0.0;0.0;0.0;0.0;0.018568
7053;0.304762;0.324868;0.126984;0.0;0.22963;0.0;0.0;0.0;0.0;0.0;0.0;0.0;0.0;0.0;0.0;0.013757
7054;0.282238;0.430294;0.129967;0.0;0.136724;0.0;0.0;0.0;0.0;0.0;0.0;0.0;0.0;0.0;0.0;0.020777
7055;0.274109;0.444574;0.160725;0.0;0.111631;0.0;0.0;0.0;0.0;0.0;0.0;0.0;0.0;0.0;0.0;0.008962
7056;0.281581;0.328339;0.120899;0.0;0.253423;0.0;0.0;0.0;0.0;0.0;0.0;0.0;0.0;0.0;0.0;0.015758
7057;0.26931;0.447412;0.128389;0.0;0.144412;0.0;0.0;0.0;0.0;0.0;0.0;0.0;0.0;0.0;0.0;0.010477
7058;0.277315;0.383502;0.131198;0.0;0.193945;0.0;0.0;0.0;0.0;0.0;0.0;0.0;0.0;0.0;0.0;0.014041
7059;0.275894;0.444496;0.129122;0.0;0.136554;0.0;0.0;0.0;0.0;0.0;0.0;0.0;0.0;0.0;0.0;0.013934
7060;0.270192;0.355288;0.113942;0.0;0.249038;0.0;0.0;0.0;0.0;0.0;0.0;0.0;0.0;0.0;0.0;0.011538
7061;0.306164;0.363085;0.120243;0.0;0.195184;0.0;0.0;0.0;0.0;0.0;0.0;0.0;0.0;0.0;0.0;0.015325
7062;0.358537;0.337251;0.127716;0.0;0.162971;0.0;0.0;0.0;0.0;0.0;0.0;0.0;0.0;0.0;0.0;0.013525
7063;0.27634;0.425139;0.092421;0.0;0.195933;0.0;0.0;0.0;0.0;0.0;0.0;0.0;0.0;0.0;0.0;0.010166
7064;0.351902;0.298641;0.106793;0.0;0.223641;0.0;0.0;0.0;0.0;0.0;0.0;0.0;0.0;0.0;0.0;0.019022
7065;0.239336;0.347749;0.146327;0.0;0.262441;0.0;0.0;0.0;0.0;0.0;0.0;0.0;0.0;0.0;0.0;0.004147
7901;0.224839;0.490364;0.14561;0.0;0.126338;0.0;0.0;0.0;0.0;0.0;0.0;0.0;0.0;0.0;0.0;0.012848
7902;0.361355;0.377666;0.070263;0.0;0.176913;0.0;0.0;0.0;0.0;0.0;0.0;0.0;0.0;0.0;0.0;0.013802
8001;0.413396;0.142523;0.116511;0.0;0.178505;0.092835;0.029907;0.010125;0.0;0.0;0.0;0.0;0.0;0.0;0.0;0.016199
8002;0.135802;0.030864;0.04321;0.0;0.166667;0.259259;0.203704;0.154321;0.0;0.0;0.0;0.0;0.0;0.0;0.0;0.006173
8003;0.256787;0.179016;0.063482;0.0;0.103286;0.160441;0.172688;0.031231;0.0;0.0;0.0;0.0;0.0;0.0;0.0;0.033068
8004;0.151724;0.013793;0.006897;0.0;0.089655;0.206897;0.365517;0.131034;0.0;0.0;0.0;0.0;0.0;0.0;0.0;0.034483
8005;0.258896;0.126358;0.072235;0.0;0.126785;0.163222;0.196463;0.024291;0.0;0.0;0.0;0.0;0.0;0.0;0.0;0.031749
8006;0.305407;0.112704;0.051336;0.0;0.132117;0.149186;0.185668;0.041954;0.0;0.0;0.0;0.0;0.0;0.0;0.0;0.021629
8007;0.238636;0.076923;0.048514;0.0;0.132212;0.221372;0.196023;0.057474;0.0;0.0;0.0;0.0;0.0;0.0;0.0;0.028846
8008;0.201835;0.036697;0.100917;0.0;0.055046;0.220183;0.174312;0.201835;0.0;0.0;0.0;0.0;0.0;0.0;0.0;0.009174
8009;0.264325;0.130991;0.08103;0.0;0.139891;0.154567;0.159719;0.035909;0.0;0.0;0.0;0.0;0.0;0.0;0.0;0.033568
8010;0.267062;0.070475;0.073442;0.0;0.090504;0.21773;0.181751;0.070846;0.0;0.0;0.0;0.0;0.0;0.0;0.0;0.02819
8011;0.197936;0.036585;0.020638;0.0;0.090056;0.27955;0.225141;0.116323;0.0;0.0;0.0;0.0;0.0;0.0;0.0;0.033771
8012;0.250909;0.046364;0.03;0.0;0.068182;0.234545;0.275455;0.065455;0.0;0.0;0.0;0.0;0.0;0.0;0.0;0.029091
8013;0.263636;0.072727;0.077273;0.0;0.119318;0.168182;0.221591;0.045455;0.0;0.0;0.0;0.0;0.0;0.0;0.0;0.031818
8014;0.276734;0.065751;0.051301;0.0;0.129335;0.199422;0.211705;0.041185;0.0;0.0;0.0;0.0;0.0;0.0;0.0;0.024566
8015;0.410061;0.167799;0.080867;0.0;0.155852;0.097324;0.052442;0.014259;0.0;0.0;0.0;0.0;0.0;0.0;0.0;0.021398
8016;0.325796;0.078727;0.040201;0.0;0.083752;0.215243;0.178392;0.056951;0.0;0.0;0.0;0.0;0.0;0.0;0.0;0.020938
8017;0.318675;0.062975;0.063518;0.0;0.111292;0.188382;0.190554;0.039631;0.0;0.0;0.0;0.0;0.0;0.0;0.0;0.024973
8018;0.307263;0.081937;0.064556;0.0;0.11856;0.204842;0.148976;0.039727;0.0;0.0;0.0;0.0;0.0;0.0;0.0;0.03414
8019;0.333912;0.159914;0.058492;0.0;0.169872;0.122564;0.104164;0.026886;0.0;0.0;0.0;0.0;0.0;0.0;0.0;0.024197
8020;0.283014;0.124649;0.064112;0.0;0.162197;0.163729;0.14304;0.033206;0.0;0.0;0.0;0.0;0.0;0.0;0.0;0.026054
8021;0.095238;0.02381;0.047619;0.0;0.095238;0.238095;0.238095;0.166667;0.0;0.0;0.0;0.0;0.0;0.0;0.0;0.095238
8022;0.279788;0.05613;0.039334;0.0;0.089004;0.194803;0.231123;0.090152;0.0;0.0;0.0;0.0;0.0;0.0;0.0;0.019667
8023;0.30179;0.12158;0.089282;0.0;0.13886;0.196873;0.099979;0.026949;0.0;0.0;0.0;0.0;0.0;0.0;0.0;0.024686
8024;0.260274;0.027397;0.041096;0.0;0.068493;0.219178;0.26484;0.082192;0.0;0.0;0.0;0.0;0.0;0.0;0.0;0.03653
8025;0.292704;0.088412;0.094421;0.0;0.158798;0.162232;0.117597;0.064378;0.0;0.0;0.0;0.0;0.0;0.0;0.0;0.021459
8026;0.140845;0.077465;0.049296;0.0;0.084507;0.140845;0.373239;0.056338;0.0;0.0;0.0;0.0;0.0;0.0;0.0;0.077465
8027;0.260116;0.04817;0.063584;0.0;0.125241;0.188825;0.225434;0.069364;0.0;0.0;0.0;0.0;0.0;0.0;0.0;0.019268
8028;0.332056;0.11622;0.139208;0.0;0.158365;0.132822;0.06258;0.019157;0.0;0.0;0.0;0.0;0.0;0.0;0.0;0.039591
8029;0.251382;0.148175;0.049023;0.0;0.096572;0.138961;0.239219;0.030593;0.0;0.0;0.0;0.0;0.0;0.0;0.0;0.046074
8030;0.247361;0.145061;0.048714;0.0;0.113938;0.172936;0.206225;0.020568;0.0;0.0;0.0;0.0;0.0;0.0;0.0;0.045196
8031;0.330332;0.092798;0.064404;0.0;0.08795;0.187673;0.187673;0.030471;0.0;0.0;0.0;0.0;0.0;0.0;0.0;0.018698
8032;0.314976;0.110813;0.061786;0.0;0.146407;0.14775;0.163868;0.027535;0.0;0.0;0.0;0.0;0.0;0.0;0.0;0.026864
8033;0.310528;0.110031;0.071243;0.0;0.1331;0.181386;0.132308;0.037883;0.0;0.0;0.0;0.0;0.0;0.0;0.0;0.023521
8034;0.173693;0.057336;0.037099;0.0;0.094435;0.215852;0.281619;0.099494;0.0;0.0;0.0;0.0;0.0;0.0;0.0;0.040472
8035;0.319716;0.119863;0.073508;0.0;0.115582;0.160347;0.155577;0.02911;0.0;0.0;0.0;0.0;0.0;0.0;0.0;0.026296
8036;0.154545;0.045455;0.027273;0.0;0.054545;0.272727;0.336364;0.054545;0.0;0.0;0.0;0.0;0.0;0.0;0.0;0.054545
8037;0.182254;0.04956;0.035172;0.0;0.071942;0.233413;0.309353;0.091926;0.0;0.0;0.0;0.0;0.0;0.0;0.0;0.026379
8038;0.273652;0.057986;0.07528;0.0;0.094608;0.228891;0.19939;0.051882;0.0;0.0;0.0;0.0;0.0;0.0;0.0;0.018311
8039;0.20122;0.085366;0.057927;0.0;0.216463;0.161585;0.189024;0.060976;0.0;0.0;0.0;0.0;0.0;0.0;0.0;0.027439
8040;0.317634;0.105832;0.063859;0.0;0.145865;0.176063;0.136584;0.032276;0.0;0.0;0.0;0.0;0.0;0.0;0.0;0.021887
8041;0.45904;0.148946;0.115354;0.0;0.115354;0.078593;0.05324;0.009349;0.0;0.0;0.0;0.0;0.0;0.0;0.0;0.020124
8042;0.314024;0.139634;0.091463;0.0;0.164634;0.15061;0.092073;0.02378;0.0;0.0;0.0;0.0;0.0;0.0;0.0;0.02378
8043;0.353833;0.13016;0.119629;0.0;0.148273;0.112047;0.100674;0.013058;0.0;0.0;0.0;0.0;0.0;0.0;0.0;0.022325
8044;0.370233;0.07923;0.067753;0.0;0.106257;0.173269;0.115513;0.071455;0.0;0.0;0.0;0.0;0.0;0.0;0.0;0.01629
8045;0.195122;0.02439;0.04878;0.0;0.02439;0.195122;0.268293;0.243902;0.0;0.0;0.0;0.0;0.0;0.0;0.0;0.0
8046;0.313143;0.096257;0.053784;0.0;0.159399;0.151892;0.153846;0.052036;0.0;0.0;0.0;0.0;0.0;0.0;0.0;0.019642
8047;0.40678;0.103925;0.052186;0.0;0.077609;0.19893;0.107493;0.029438;0.0;0.0;0.0;0.0;0.0;0.0;0.0;0.02364
8048;0.237598;0.065274;0.039164;0.0;0.086162;0.27154;0.211488;0.075718;0.0;0.0;0.0;0.0;0.0;0.0;0.0;0.013055
8049;0.184636;0.043127;0.04717;0.0;0.070081;0.233154;0.278976;0.119946;0.0;0.0;0.0;0.0;0.0;0.0;0.0;0.022911
8050;0.147727;0.011364;0.022727;0.0;0.022727;0.193182;0.534091;0.045455;0.0;0.0;0.0;0.0;0.0;0.0;0.0;0.022727
8051;0.347993;0.107277;0.084724;0.0;0.141107;0.157044;0.110435;0.028041;0.0;0.0;0.0;0.0;0.0;0.0;0.0;0.02338
8052;0.223529;0.082353;0.058824;0.0;0.023529;0.176471;0.329412;0.047059;0.0;0.0;0.0;0.0;0.0;0.0;0.0;0.058824
8053;0.331746;0.095767;0.122222;0.0;0.12381;0.179365;0.109524;0.022222;0.0;0.0;0.0;0.0;0.0;0.0;0.0;0.015344
8054;0.348974;0.119342;0.10682;0.0;0.164303;0.133826;0.082378;0.020519;0.0;0.0;0.0;0.0;0.0;0.0;0.0;0.023838
8055;0.172237;0.061697;0.100257;0.0;0.164524;0.244216;0.159383;0.061697;0.0;0.0;0.0;0.0;0.0;0.0;0.0;0.03599
8056;0.347812;0.240062;0.083471;0.0;0.151468;0.089506;0.055191;0.009684;0.0;0.0;0.0;0.0;0.0;0.0;0.0;0.022806
8057;0.095238;0.02381;0.0;0.0;0.309524;0.142857;0.309524;0.095238;0.0;0.0;0.0;0.0;0.0;0.0;0.0;0.02381
8058;0.366722;0.081126;0.116722;0.0;0.143212;0.15149;0.084437;0.023179;0.0;0.0;0.0;0.0;0.0;0.0;0.0;0.033113
8059;0.165939;0.039301;0.039301;0.0;0.122271;0.257642;0.270742;0.069869;0.0;0.0;0.0;0.0;0.0;0.0;0.0;0.034934
8060;0.202381;0.119048;0.047619;0.0;0.02381;0.142857;0.285714;0.119048;0.0;0.0;0.0;0.0;0.0;0.0;0.0;0.059524
8061;0.36631;0.100713;0.125668;0.0;0.125668;0.121212;0.106952;0.024955;0.0;0.0;0.0;0.0;0.0;0.0;0.0;0.02852
8062;0.231222;0.110457;0.091311;0.0;0.103093;0.20324;0.162003;0.067747;0.0;0.0;0.0;0.0;0.0;0.0;0.0;0.030928
8063;0.208108;0.048649;0.043243;0.0;0.089189;0.294595;0.245946;0.043243;0.0;0.0;0.0;0.0;0.0;0.0;0.0;0.027027
8064;0.276;0.0552;0.0424;0.0;0.1216;0.2048;0.216;0.0568;0.0;0.0;0.0;0.0;0.0;0.0;0.0;0.0272
8065;0.303103;0.084726;0.0358;0.0;0.075179;0.213604;0.21957;0.054893;0.0;0.0;0.0;0.0;0.0;0.0;0.0;0.013126
8066;0.311252;0.133394;0.105263;0.0;0.129764;0.176951;0.091652;0.029946;0.0;0.0;0.0;0.0;0.0;0.0;0.0;0.021779
8067;0.323163;0.06182;0.04139;0.0;0.118334;0.189175;0.184664;0.050942;0.0;0.0;0.0;0.0;0.0;0.0;0.0;0.030512
8068;0.317808;0.137829;0.110011;0.0;0.143098;0.170917;0.079663;0.017071;0.0;0.0;0.0;0.0;0.0;0.0;0.0;0.023604
8069;0.281385;0.127902;0.077135;0.0;0.158993;0.170405;0.125148;0.027155;0.0;0.0;0.0;0.0;0.0;0.0;0.0;0.031877
8070;0.2;0.043902;0.029268;0.0;0.058537;0.24878;0.35122;0.058537;0.0;0.0;0.0;0.0;0.0;0.0;0.0;0.009756
8071;0.236181;0.035176;0.035176;0.0;0.160804;0.231156;0.190955;0.075377;0.0;0.0;0.0;0.0;0.0;0.0;0.0;0.035176
8072;0.319181;0.131904;0.091921;0.0;0.144133;0.159384;0.101814;0.021297;0.0;0.0;0.0;0.0;0.0;0.0;0.0;0.030365
8073;0.463343;0.143112;0.080636;0.0;0.179769;0.07618;0.026517;0.011103;0.0;0.0;0.0;0.0;0.0;0.0;0.0;0.01934
8074;0.377763;0.142802;0.112982;0.0;0.159897;0.111697;0.056555;0.015039;0.0;0.0;0.0;0.0;0.0;0.0;0.0;0.023265
8075;0.30203;0.131751;0.109735;0.0;0.144135;0.156863;0.107327;0.02408;0.0;0.0;0.0;0.0;0.0;0.0;0.0;0.02408
8076;0.383195;0.111357;0.090305;0.0;0.156694;0.138042;0.070637;0.0265;0.0;0.0;0.0;0.0;0.0;0.0;0.0;0.023269
8077;0.417207;0.193154;0.079243;0.0;0.134467;0.085861;0.056364;0.012535;0.0;0.0;0.0;0.0;0.0;0.0;0.0;0.021169
8078;0.181818;0.030303;0.05303;0.0;0.015152;0.212121;0.363636;0.113636;0.0;0.0;0.0;0.0;0.0;0.0;0.0;0.030303
8079;0.172566;0.022124;0.035398;0.0;0.057522;0.318584;0.283186;0.09292;0.0;0.0;0.0;0.0;0.0;0.0;0.0;0.017699
8080;0.222222;0.222222;0.0;0.0;0.074074;0.111111;0.259259;0.111111;0.0;0.0;0.0;0.0;0.0;0.0;0.0;0.0
8081;0.115207;0.0553;0.041475;0.0;0.124424;0.193548;0.336406;0.082949;0.0;0.0;0.0;0.0;0.0;0.0;0.0;0.050691
8082;0.345178;0.125635;0.13198;0.0;0.168782;0.106599;0.093909;0.015228;0.0;0.0;0.0;0.0;0.0;0.0;0.0;0.01269
8083;0.139123;0.03204;0.016863;0.0;0.064081;0.231029;0.388702;0.105396;0.0;0.0;0.0;0.0;0.0;0.0;0.0;0.022766
8084;0.243902;0.086585;0.07561;0.0;0.097561;0.22439;0.171951;0.059756;0.0;0.0;0.0;0.0;0.0;0.0;0.0;0.040244
8085;0.220947;0.067432;0.047346;0.0;0.070301;0.246772;0.25538;0.068867;0.0;0.0;0.0;0.0;0.0;0.0;0.0;0.022956
8086;0.380288;0.122954;0.094495;0.0;0.140644;0.124382;0.09043;0.022635;0.0;0.0;0.0;0.0;0.0;0.0;0.0;0.024173
8087;0.16;0.06;0.04;0.0;0.14;0.09;0.3;0.09;0.0;0.0;0.0;0.0;0.0;0.0;0.0;0.12
8088;0.280089;0.095557;0.049013;0.0;0.13552;0.159614;0.202985;0.054772;0.0;0.0;0.0;0.0;0.0;0.0;0.0;0.022449
8089;0.401222;0.16868;0.100822;0.0;0.15121;0.096331;0.050882;0.007859;0.0;0.0;0.0;0.0;0.0;0.0;0.0;0.022994
8090;0.107527;0.043011;0.032258;0.0;0.096774;0.236559;0.387097;0.053763;0.0;0.0;0.0;0.0;0.0;0.0;0.0;0.043011
8091;0.375501;0.085584;0.069805;0.0;0.166622;0.145226;0.098422;0.032362;0.0;0.0;0.0;0.0;0.0;0.0;0.0;0.026478
8092;0.282368;0.057922;0.044293;0.0;0.085605;0.219336;0.221891;0.062606;0.0;0.0;0.0;0.0;0.0;0.0;0.0;0.02598
8093;0.222222;0.0;0.0;0.0;0.111111;0.333333;0.166667;0.111111;0.0;0.0;0.0;0.0;0.0;0.0;0.0;0.055556
8094;0.28367;0.06734;0.049663;0.0;0.105219;0.23569;0.180976;0.050505;0.0;0.0;0.0;0.0;0.0;0.0;0.0;0.026936
8095;0.245614;0.0;0.017544;0.0;0.105263;0.157895;0.350877;0.087719;0.0;0.0;0.0;0.0;0.0;0.0;0.0;0.035088
8096;0.390689;0.127073;0.072122;0.0;0.124124;0.12461;0.11108;0.023937;0.0;0.0;0.0;0.0;0.0;0.0;0.0;0.026365
8097;0.285366;0.04878;0.060976;0.0;0.164634;0.163415;0.197561;0.056098;0.0;0.0;0.0;0.0;0.0;0.0;0.0;0.023171
8098;0.280753;0.105356;0.094762;0.0;0.135374;0.148911;0.157151;0.038846;0.0;0.0;0.0;0.0;0.0;0.0;0.0;0.038846
8099;0.338144;0.039175;0.039175;0.0;0.14433;0.193814;0.160825;0.076289;0.0;0.0;0.0;0.0;0.0;0.0;0.0;0.008247
8100;0.159641;0.085695;0.033172;0.0;0.062198;0.21009;0.3566;0.053905;0.0;0.0;0.0;0.0;0.0;0.0;0.0;0.038701
8101;0.466912;0.156284;0.084697;0.0;0.153812;0.077596;0.030941;0.010068;0.0;0.0;0.0;0.0;0.0;0.0;0.0;0.019688
8102;0.313809;0.094143;0.06423;0.0;0.102518;0.170066;0.181487;0.046283;0.0;0.0;0.0;0.0;0.0;0.0;0.0;0.027465
8103;0.234043;0.101655;0.078014;0.0;0.104019;0.196217;0.191489;0.06383;0.0;0.0;0.0;0.0;0.0;0.0;0.0;0.030733
8104;0.234136;0.070022;0.026258;0.0;0.083151;0.231947;0.251641;0.085339;0.0;0.0;0.0;0.0;0.0;0.0;0.0;0.017505
8105;0.493276;0.150869;0.096097;0.0;0.144802;0.067235;0.02181;0.0041;0.0;0.0;0.0;0.0;0.0;0.0;0.0;0.02181
8106;0.316195;0.105142;0.075101;0.0;0.152898;0.181013;0.101868;0.040632;0.0;0.0;0.0;0.0;0.0;0.0;0.0;0.027152
8107;0.351971;0.137902;0.122498;0.0;0.164221;0.12262;0.062098;0.016495;0.0;0.0;0.0;0.0;0.0;0.0;0.0;0.022195
8108;0.33132;0.15866;0.09333;0.0;0.133956;0.150974;0.101839;0.012352;0.0;0.0;0.0;0.0;0.0;0.0;0.0;0.017568
8109;0.092715;0.046358;0.006623;0.0;0.13245;0.271523;0.205298;0.231788;0.0;0.0;0.0;0.0;0.0;0.0;0.0;0.013245
8110;0.37068;0.118334;0.078622;0.0;0.131724;0.151293;0.097162;0.026436;0.0;0.0;0.0;0.0;0.0;0.0;0.0;0.02575
8111;0.132867;0.062937;0.020979;0.0;0.083916;0.118881;0.454545;0.048951;0.0;0.0;0.0;0.0;0.0;0.0;0.0;0.076923
8112;0.324885;0.065397;0.074721;0.0;0.092449;0.156533;0.225082;0.040709;0.0;0.0;0.0;0.0;0.0;0.0;0.0;0.020223
8113;0.315636;0.094983;0.074609;0.0;0.106883;0.161531;0.174828;0.045032;0.0;0.0;0.0;0.0;0.0;0.0;0.0;0.026499
8114;0.421864;0.118677;0.079387;0.0;0.156918;0.115611;0.068979;0.015894;0.0;0.0;0.0;0.0;0.0;0.0;0.0;0.02267
8115;0.347183;0.121854;0.082301;0.0;0.168997;0.157012;0.086296;0.015581;0.0;0.0;0.0;0.0;0.0;0.0;0.0;0.020775
8116;0.226221;0.064267;0.030848;0.0;0.059126;0.200514;0.33162;0.059126;0.0;0.0;0.0;0.0;0.0;0.0;0.0;0.028278
8117;0.271946;0.070595;0.065684;0.0;0.077348;0.19337;0.258441;0.046654;0.0;0.0;0.0;0.0;0.0;0.0;0.0;0.015961
8118;0.306628;0.126105;0.052864;0.0;0.163584;0.163584;0.127578;0.032406;0.0;0.0;0.0;0.0;0.0;0.0;0.0;0.02725
8119;0.367432;0.115658;0.123173;0.0;0.14405;0.147182;0.065553;0.017537;0.0;0.0;0.0;0.0;0.0;0.0;0.0;0.019415
8120;0.15061;0.157688;0.070389;0.0;0.06626;0.144711;0.312623;0.026347;0.0;0.0;0.0;0.0;0.0;0.0;0.0;0.071372
8121;0.354099;0.138879;0.106793;0.0;0.142668;0.117222;0.093287;0.023187;0.0;0.0;0.0;0.0;0.0;0.0;0.0;0.023865
8122;0.308642;0.082892;0.079365;0.0;0.165785;0.180776;0.109347;0.048501;0.0;0.0;0.0;0.0;0.0;0.0;0.0;0.024691
8123;0.358517;0.095908;0.052466;0.0;0.163274;0.166981;0.095768;0.04589;0.0;0.0;0.0;0.0;0.0;0.0;0.0;0.021196
8124;0.450578;0.119785;0.082616;0.0;0.16179;0.102082;0.049791;0.011393;0.0;0.0;0.0;0.0;0.0;0.0;0.0;0.021965
8125;0.405836;0.12961;0.094224;0.0;0.186896;0.106516;0.042427;0.011994;0.0;0.0;0.0;0.0;0.0;0.0;0.0;0.022497
8126;0.338071;0.135094;0.075238;0.0;0.181742;0.143621;0.084434;0.018893;0.0;0.0;0.0;0.0;0.0;0.0;0.0;0.022906
8127;0.323893;0.099492;0.08061;0.0;0.124909;0.174292;0.127814;0.042847;0.0;0.0;0.0;0.0;0.0;0.0;0.0;0.026144
8128;0.219839;0.040214;0.040214;0.0;0.093834;0.233244;0.260054;0.088472;0.0;0.0;0.0;0.0;0.0;0.0;0.0;0.024129
8129;0.154079;0.042296;0.024169;0.0;0.151057;0.29003;0.205438;0.087613;0.0;0.0;0.0;0.0;0.0;0.0;0.0;0.045317
8130;0.116667;0.066667;0.016667;0.0;0.033333;0.183333;0.433333;0.15;0.0;0.0;0.0;0.0;0.0;0.0;0.0;0.0
8131;0.298651;0.032755;0.05973;0.0;0.090559;0.250482;0.204239;0.044316;0.0;0.0;0.0;0.0;0.0;0.0;0.0;0.019268
8132;0.20614;0.070175;0.026316;0.0;0.065789;0.153509;0.377193;0.039474;0.0;0.0;0.0;0.0;0.0;0.0;0.0;0.061404
8133;0.180952;0.114286;0.07619;0.0;0.057143;0.133333;0.342857;0.07619;0.0;0.0;0.0;0.0;0.0;0.0;0.0;0.019048
8134;0.300169;0.072513;0.035413;0.0;0.146712;0.219224;0.124789;0.074199;0.0;0.0;0.0;0.0;0.0;0.0;0.0;0.026981
8135;0.426636;0.132555;0.072322;0.0;0.190288;0.082534;0.057316;0.017924;0.0;0.0;0.0;0.0;0.0;0.0;0.0;0.020425
8136;0.403565;0.155442;0.104137;0.0;0.18345;0.085423;0.036537;0.008275;0.0;0.0;0.0;0.0;0.0;0.0;0.0;0.02317
8137;0.159091;0.0625;0.028409;0.0;0.164773;0.3125;0.170455;0.085227;0.0;0.0;0.0;0.0;0.0;0.0;0.0;0.017045
8138;0.247648;0.063844;0.042675;0.0;0.133737;0.263777;0.170363;0.059476;0.0;0.0;0.0;0.0;0.0;0.0;0.0;0.018481
8139;0.242188;0.0;0.0;0.0;0.148438;0.203125;0.242188;0.117188;0.0;0.0;0.0;0.0;0.0;0.0;0.0;0.046875
8140;0.319121;0.08429;0.074123;0.0;0.127911;0.175139;0.174483;0.022958;0.0;0.0;0.0;0.0;0.0;0.0;0.0;0.021974
8141;0.289919;0.072057;0.050744;0.0;0.073072;0.219892;0.191475;0.084574;0.0;0.0;0.0;0.0;0.0;0.0;0.0;0.018268
8142;0.260417;0.020833;0.020833;0.0;0.09375;0.229167;0.239583;0.135417;0.0;0.0;0.0;0.0;0.0;0.0;0.0;0.0
8143;0.354545;0.1;0.082955;0.0;0.124432;0.155114;0.117045;0.033523;0.0;0.0;0.0;0.0;0.0;0.0;0.0;0.032386
8144;0.227957;0.08172;0.03871;0.0;0.060215;0.255914;0.202151;0.11828;0.0;0.0;0.0;0.0;0.0;0.0;0.0;0.015054
8145;0.301751;0.089598;0.08033;0.0;0.112255;0.183831;0.148816;0.050463;0.0;0.0;0.0;0.0;0.0;0.0;0.0;0.032956
8146;0.329877;0.119698;0.132893;0.0;0.156456;0.161169;0.061263;0.016023;0.0;0.0;0.0;0.0;0.0;0.0;0.0;0.02262
8147;0.371116;0.104177;0.086687;0.0;0.149431;0.150705;0.085923;0.028952;0.0;0.0;0.0;0.0;0.0;0.0;0.0;0.023009
8148;0.322401;0.137376;0.162748;0.0;0.162129;0.102723;0.061262;0.022896;0.0;0.0;0.0;0.0;0.0;0.0;0.0;0.028465
8149;0.198915;0.057866;0.016275;0.0;0.099458;0.177215;0.298373;0.119349;0.0;0.0;0.0;0.0;0.0;0.0;0.0;0.03255
8150;0.15847;0.043716;0.038251;0.0;0.169399;0.185792;0.349727;0.032787;0.0;0.0;0.0;0.0;0.0;0.0;0.0;0.021858
8151;0.151203;0.054983;0.024055;0.0;0.082474;0.223368;0.353952;0.082474;0.0;0.0;0.0;0.0;0.0;0.0;0.0;0.027491
8152;0.163265;0.091837;0.05102;0.0;0.102041;0.27551;0.214286;0.091837;0.0;0.0;0.0;0.0;0.0;0.0;0.0;0.010204
8153;0.12619;0.042857;0.02619;0.0;0.22381;0.185714;0.264286;0.083333;0.0;0.0;0.0;0.0;0.0;0.0;0.0;0.047619
8154;0.244353;0.119097;0.059548;0.0;0.112936;0.190965;0.205339;0.036961;0.0;0.0;0.0;0.0;0.0;0.0;0.0;0.030801
8155;0.344146;0.109794;0.111458;0.0;0.160116;0.146808;0.077979;0.019339;0.0;0.0;0.0;0.0;0.0;0.0;0.0;0.03036
8156;0.317763;0.131309;0.104061;0.0;0.134164;0.179966;0.093162;0.016868;0.0;0.0;0.0;0.0;0.0;0.0;0.0;0.022707
8157;0.3694;0.142487;0.084425;0.0;0.166262;0.122918;0.076015;0.018114;0.0;0.0;0.0;0.0;0.0;0.0;0.0;0.020378
8158;0.341983;0.115848;0.065338;0.0;0.145968;0.158017;0.123726;0.026413;0.0;0.0;0.0;0.0;0.0;0.0;0.0;0.022706
8159;0.385421;0.124841;0.071308;0.0;0.165679;0.151185;0.064537;0.014917;0.0;0.0;0.0;0.0;0.0;0.0;0.0;0.022112
8160;0.174129;0.014925;0.00995;0.0;0.054726;0.218905;0.412935;0.084577;0.0;0.0;0.0;0.0;0.0;0.0;0.0;0.029851
8161;0.343598;0.116498;0.132748;0.0;0.140611;0.148735;0.067488;0.022409;0.0;0.0;0.0;0.0;0.0;0.0;0.0;0.027912
8162;0.302605;0.102872;0.096192;0.0;0.148297;0.183701;0.111556;0.036072;0.0;0.0;0.0;0.0;0.0;0.0;0.0;0.018704
8163;0.38911;0.144286;0.097492;0.0;0.116475;0.144207;0.072651;0.014999;0.0;0.0;0.0;0.0;0.0;0.0;0.0;0.02078
8164;0.248882;0.04918;0.029806;0.0;0.120715;0.271237;0.171386;0.081967;0.0;0.0;0.0;0.0;0.0;0.0;0.0;0.026826
8165;0.339523;0.084881;0.06985;0.0;0.108753;0.167109;0.151194;0.044209;0.0;0.0;0.0;0.0;0.0;0.0;0.0;0.034483
8166;0.268174;0.063005;0.037157;0.0;0.07916;0.245557;0.248788;0.040388;0.0;0.0;0.0;0.0;0.0;0.0;0.0;0.017771
8167;0.406985;0.125152;0.125394;0.0;0.177056;0.10405;0.031288;0.006791;0.0;0.0;0.0;0.0;0.0;0.0;0.0;0.023284
8168;0.259259;0.201646;0.082305;0.0;0.115226;0.119342;0.160494;0.032922;0.0;0.0;0.0;0.0;0.0;0.0;0.0;0.028807
8169;0.421636;0.134672;0.086939;0.0;0.207054;0.082815;0.035425;0.00959;0.0;0.0;0.0;0.0;0.0;0.0;0.0;0.021867
8170;0.285714;0.055556;0.083333;0.0;0.055556;0.210317;0.242063;0.047619;0.0;0.0;0.0;0.0;0.0;0.0;0.0;0.019841
8171;0.192496;0.053834;0.035073;0.0;0.065253;0.255302;0.304241;0.063622;0.0;0.0;0.0;0.0;0.0;0.0;0.0;0.030179
8172;0.342498;0.129204;0.063396;0.0;0.161597;0.13988;0.103173;0.030053;0.0;0.0;0.0;0.0;0.0;0.0;0.0;0.030199
8174;0.247458;0.067797;0.094915;0.0;0.054237;0.250847;0.20339;0.054237;0.0;0.0;0.0;0.0;0.0;0.0;0.0;0.027119
8175;0.232581;0.075689;0.050627;0.0;0.070175;0.253634;0.223058;0.067168;0.0;0.0;0.0;0.0;0.0;0.0;0.0;0.027068
8176;0.056604;0.150943;0.122642;0.0;0.084906;0.132075;0.311321;0.084906;0.0;0.0;0.0;0.0;0.0;0.0;0.0;0.056604
8177;0.157895;0.105263;0.0;0.0;0.0;0.526316;0.052632;0.105263;0.0;0.0;0.0;0.0;0.0;0.0;0.0;0.052632
8178;0.197452;0.066879;0.047771;0.0;0.127389;0.216561;0.197452;0.070064;0.0;0.0;0.0;0.0;0.0;0.0;0.0;0.076433
8179;0.218487;0.10084;0.081933;0.0;0.142857;0.252101;0.113445;0.05042;0.0;0.0;0.0;0.0;0.0;0.0;0.0;0.039916
8180;0.437316;0.139161;0.106144;0.0;0.173121;0.079386;0.033461;0.013019;0.0;0.0;0.0;0.0;0.0;0.0;0.0;0.018392
8181;0.338943;0.128845;0.074014;0.0;0.138075;0.139341;0.125407;0.029135;0.0;0.0;0.0;0.0;0.0;0.0;0.0;0.02624
8182;0.361515;0.128112;0.159751;0.0;0.113589;0.134855;0.063797;0.017635;0.0;0.0;0.0;0.0;0.0;0.0;0.0;0.020747
8183;0.269796;0.051594;0.058044;0.0;0.085274;0.211752;0.243999;0.055894;0.0;0.0;0.0;0.0;0.0;0.0;0.0;0.023647
8184;0.402572;0.140864;0.110372;0.0;0.157991;0.101752;0.046721;0.016762;0.0;0.0;0.0;0.0;0.0;0.0;0.0;0.022967
8185;0.164179;0.097015;0.097015;0.0;0.156716;0.216418;0.156716;0.067164;0.0;0.0;0.0;0.0;0.0;0.0;0.0;0.044776
8187;0.392323;0.119369;0.083236;0.0;0.151759;0.11135;0.090731;0.026465;0.0;0.0;0.0;0.0;0.0;0.0;0.0;0.024766
8188;0.083333;0.055556;0.041667;0.0;0.027778;0.263889;0.402778;0.083333;0.0;0.0;0.0;0.0;0.0;0.0;0.0;0.041667
8189;0.168421;0.042105;0.010526;0.0;0.094737;0.273684;0.326316;0.052632;0.0;0.0;0.0;0.0;0.0;0.0;0.0;0.031579
8190;0.215569;0.065868;0.017964;0.0;0.077844;0.293413;0.227545;0.077844;0.0;0.0;0.0;0.0;0.0;0.0;0.0;0.023952
8191;0.336179;0.05917;0.057698;0.0;0.097145;0.226376;0.135119;0.064469;0.0;0.0;0.0;0.0;0.0;0.0;0.0;0.023845
8192;0.273709;0.072218;0.066821;0.0;0.111539;0.224621;0.178874;0.053457;0.0;0.0;0.0;0.0;0.0;0.0;0.0;0.018761
8193;0.278184;0.105417;0.058565;0.0;0.161054;0.17716;0.153734;0.048316;0.0;0.0;0.0;0.0;0.0;0.0;0.0;0.01757
8194;0.443891;0.154554;0.111399;0.0;0.144941;0.08222;0.029725;0.011044;0.0;0.0;0.0;0.0;0.0;0.0;0.0;0.022225
8195;0.145455;0.054545;0.018182;0.0;0.109091;0.127273;0.418182;0.072727;0.0;0.0;0.0;0.0;0.0;0.0;0.0;0.054545
8196;0.42642;0.143805;0.121567;0.0;0.153948;0.100031;0.029182;0.006476;0.0;0.0;0.0;0.0;0.0;0.0;0.0;0.018571
8197;0.273018;0.198009;0.081941;0.0;0.105581;0.139708;0.15375;0.015464;0.0;0.0;0.0;0.0;0.0;0.0;0.0;0.032528
8198;0.257676;0.097532;0.062312;0.0;0.143287;0.190247;0.165262;0.049669;0.0;0.0;0.0;0.0;0.0;0.0;0.0;0.034016
8199;0.25;0.053922;0.046569;0.0;0.095588;0.191176;0.264706;0.051471;0.0;0.0;0.0;0.0;0.0;0.0;0.0;0.046569
8200;0.442293;0.134285;0.087981;0.0;0.175421;0.090196;0.037471;0.011145;0.0;0.0;0.0;0.0;0.0;0.0;0.0;0.021208
8201;0.245487;0.054152;0.01444;0.0;0.068592;0.245487;0.303249;0.054152;0.0;0.0;0.0;0.0;0.0;0.0;0.0;0.01444
8202;0.34446;0.076482;0.060201;0.0;0.129304;0.144882;0.184352;0.040408;0.0;0.0;0.0;0.0;0.0;0.0;0.0;0.019911
8203;0.266376;0.106051;0.080474;0.0;0.127885;0.216469;0.136619;0.038054;0.0;0.0;0.0;0.0;0.0;0.0;0.0;0.028072
8204;0.357749;0.101385;0.064314;0.0;0.163466;0.146494;0.12059;0.024118;0.0;0.0;0.0;0.0;0.0;0.0;0.0;0.021885
8205;0.256321;0.178354;0.070187;0.0;0.133664;0.119601;0.170745;0.032337;0.0;0.0;0.0;0.0;0.0;0.0;0.0;0.038791
8206;0.304428;0.053506;0.01845;0.0;0.101476;0.256458;0.186347;0.062731;0.0;0.0;0.0;0.0;0.0;0.0;0.0;0.016605
8207;0.165375;0.050388;0.027132;0.0;0.132429;0.205426;0.290698;0.110465;0.0;0.0;0.0;0.0;0.0;0.0;0.0;0.018088
8208;0.314514;0.142961;0.083596;0.0;0.167192;0.163557;0.082627;0.0189;0.0;0.0;0.0;0.0;0.0;0.0;0.0;0.026654
8209;0.320611;0.16497;0.09648;0.0;0.154156;0.134648;0.089907;0.016539;0.0;0.0;0.0;0.0;0.0;0.0;0.0;0.022689
8210;0.263025;0.065123;0.055716;0.0;0.156657;0.207308;0.17547;0.04631;0.0;0.0;0.0;0.0;0.0;0.0;0.0;0.030391
8211;0.410973;0.148831;0.073415;0.0;0.161379;0.1071;0.059282;0.016926;0.0;0.0;0.0;0.0;0.0;0.0;0.0;0.022095
8212;0.217949;0.041667;0.019231;0.0;0.048077;0.25641;0.323718;0.044872;0.0;0.0;0.0;0.0;0.0;0.0;0.0;0.048077
8213;0.286598;0.092784;0.081558;0.0;0.108591;0.176174;0.188316;0.031615;0.0;0.0;0.0;0.0;0.0;0.0;0.0;0.034364
8214;0.263147;0.114626;0.052999;0.0;0.129211;0.19926;0.168447;0.035333;0.0;0.0;0.0;0.0;0.0;0.0;0.0;0.036976
8215;0.257594;0.068044;0.057716;0.0;0.073512;0.18955;0.284933;0.048603;0.0;0.0;0.0;0.0;0.0;0.0;0.0;0.020049
8216;0.181818;0.090909;0.545455;0.0;0.0;0.090909;0.090909;0.0;0.0;0.0;0.0;0.0;0.0;0.0;0.0;0.0
8217;0.426917;0.147035;0.076643;0.0;0.162744;0.096429;0.055661;0.010654;0.0;0.0;0.0;0.0;0.0;0.0;0.0;0.023917
8218;0.374598;0.103918;0.0901;0.0;0.129093;0.137233;0.118493;0.028204;0.0;0.0;0.0;0.0;0.0;0.0;0.0;0.018361
8219;0.296859;0.122608;0.043128;0.0;0.15255;0.145316;0.177182;0.035711;0.0;0.0;0.0;0.0;0.0;0.0;0.0;0.026646
8220;0.141943;0.036649;0.020361;0.0;0.07039;0.229203;0.393834;0.072717;0.0;0.0;0.0;0.0;0.0;0.0;0.0;0.034904
8221;0.303454;0.175584;0.06658;0.0;0.127471;0.128768;0.134458;0.031144;0.0;0.0;0.0;0.0;0.0;0.0;0.0;0.032541
8222;0.287071;0.088386;0.055515;0.0;0.15851;0.187728;0.145362;0.054054;0.0;0.0;0.0;0.0;0.0;0.0;0.0;0.023375
8223;0.254486;0.053834;0.078303;0.0;0.130506;0.213703;0.189233;0.054649;0.0;0.0;0.0;0.0;0.0;0.0;0.0;0.025285
8224;0.265487;0.061947;0.061947;0.0;0.173451;0.219469;0.157522;0.037168;0.0;0.0;0.0;0.0;0.0;0.0;0.0;0.023009
8225;0.081081;0.0;0.054054;0.0;0.202703;0.108108;0.445946;0.094595;0.0;0.0;0.0;0.0;0.0;0.0;0.0;0.013514
8226;0.190684;0.053857;0.039301;0.0;0.068413;0.315866;0.238719;0.069869;0.0;0.0;0.0;0.0;0.0;0.0;0.0;0.02329
8227;0.287508;0.070935;0.056497;0.0;0.111739;0.208412;0.173258;0.063402;0.0;0.0;0.0;0.0;0.0;0.0;0.0;0.028249
8228;0.207447;0.101064;0.031915;0.0;0.12766;0.239362;0.207447;0.058511;0.0;0.0;0.0;0.0;0.0;0.0;0.0;0.026596
8229;0.162857;0.062857;0.031429;0.0;0.068571;0.262857;0.28;0.071429;0.0;0.0;0.0;0.0;0.0;0.0;0.0;0.06
8230;0.288327;0.161618;0.07887;0.0;0.124307;0.128556;0.151644;0.022904;0.0;0.0;0.0;0.0;0.0;0.0;0.0;0.043775
8231;0.379363;0.1294;0.095808;0.0;0.157806;0.103695;0.077552;0.033591;0.0;0.0;0.0;0.0;0.0;0.0;0.0;0.022784
8232;0.329063;0.044836;0.039231;0.0;0.102482;0.235388;0.16253;0.067254;0.0;0.0;0.0;0.0;0.0;0.0;0.0;0.019215
8233;0.227116;0.044905;0.041451;0.0;0.064767;0.236615;0.273748;0.081174;0.0;0.0;0.0;0.0;0.0;0.0;0.0;0.030225
8234;0.271805;0.105071;0.068966;0.0;0.156998;0.195943;0.129006;0.040974;0.0;0.0;0.0;0.0;0.0;0.0;0.0;0.031237
8235;0.245902;0.074483;0.030292;0.0;0.131148;0.191732;0.251247;0.045973;0.0;0.0;0.0;0.0;0.0;0.0;0.0;0.029223
8236;0.256244;0.070305;0.050879;0.0;0.096207;0.230342;0.209066;0.059204;0.0;0.0;0.0;0.0;0.0;0.0;0.0;0.027752
8237;0.25;0.049808;0.037356;0.0;0.072797;0.225096;0.26341;0.068008;0.0;0.0;0.0;0.0;0.0;0.0;0.0;0.033525
8238;0.287592;0.14347;0.086511;0.0;0.126876;0.155123;0.144961;0.025823;0.0;0.0;0.0;0.0;0.0;0.0;0.0;0.029645
8239;0.284483;0.114943;0.074713;0.0;0.123563;0.132184;0.189655;0.028736;0.0;0.0;0.0;0.0;0.0;0.0;0.0;0.051724
8240;0.352716;0.073949;0.046793;0.0;0.119515;0.212335;0.136698;0.031758;0.0;0.0;0.0;0.0;0.0;0.0;0.0;0.026235
8241;0.215686;0.098039;0.078431;0.0;0.117647;0.156863;0.235294;0.078431;0.0;0.0;0.0;0.0;0.0;0.0;0.0;0.019608
8242;0.157534;0.109589;0.068493;0.0;0.143836;0.212329;0.212329;0.034247;0.0;0.0;0.0;0.0;0.0;0.0;0.0;0.061644
8243;0.098901;0.043956;0.0;0.0;0.043956;0.285714;0.406593;0.065934;0.0;0.0;0.0;0.0;0.0;0.0;0.0;0.054945
8244;0.341056;0.122967;0.073959;0.0;0.199599;0.155268;0.067721;0.021386;0.0;0.0;0.0;0.0;0.0;0.0;0.0;0.018044
8245;0.495704;0.147569;0.086298;0.0;0.158761;0.064191;0.018121;0.009956;0.0;0.0;0.0;0.0;0.0;0.0;0.0;0.0194
8246;0.208514;0.04344;0.026933;0.0;0.101651;0.236316;0.303215;0.062554;0.0;0.0;0.0;0.0;0.0;0.0;0.0;0.017376
8247;0.159712;0.030216;0.02446;0.0;0.109353;0.253237;0.289209;0.093525;0.0;0.0;0.0;0.0;0.0;0.0;0.0;0.040288
8248;0.30307;0.109781;0.0718;0.0;0.152445;0.168835;0.132414;0.03512;0.0;0.0;0.0;0.0;0.0;0.0;0.0;0.026535
8249;0.1875;0.067308;0.0625;0.0;0.129808;0.192308;0.269231;0.081731;0.0;0.0;0.0;0.0;0.0;0.0;0.0;0.009615
8250;0.433142;0.118527;0.133947;0.0;0.136018;0.093211;0.047181;0.019333;0.0;0.0;0.0;0.0;0.0;0.0;0.0;0.018642
8251;0.413043;0.10274;0.10006;0.0;0.104824;0.136986;0.098571;0.019357;0.0;0.0;0.0;0.0;0.0;0.0;0.0;0.024419
8252;0.421633;0.157146;0.099256;0.0;0.182462;0.07937;0.026496;0.011802;0.0;0.0;0.0;0.0;0.0;0.0;0.0;0.021834
8253;0.184783;0.032609;0.065217;0.0;0.108696;0.25;0.23913;0.065217;0.0;0.0;0.0;0.0;0.0;0.0;0.0;0.054348
8254;0.197615;0.01448;0.013629;0.0;0.116695;0.216354;0.319421;0.096252;0.0;0.0;0.0;0.0;0.0;0.0;0.0;0.025554
8255;0.126437;0.0;0.011494;0.0;0.068966;0.172414;0.344828;0.16092;0.0;0.0;0.0;0.0;0.0;0.0;0.0;0.114943
8256;0.244048;0.081349;0.059524;0.0;0.251984;0.206349;0.099206;0.039683;0.0;0.0;0.0;0.0;0.0;0.0;0.0;0.017857
8257;0.264706;0.044118;0.058824;0.0;0.058824;0.176471;0.338235;0.044118;0.0;0.0;0.0;0.0;0.0;0.0;0.0;0.014706
8258;0.130511;0.017637;0.021164;0.0;0.065256;0.356261;0.22575;0.162257;0.0;0.0;0.0;0.0;0.0;0.0;0.0;0.021164
8259;0.305657;0.069495;0.054949;0.0;0.144444;0.170909;0.183838;0.047677;0.0;0.0;0.0;0.0;0.0;0.0;0.0;0.02303
8260;0.400307;0.142039;0.102597;0.0;0.168898;0.105904;0.044765;0.015083;0.0;0.0;0.0;0.0;0.0;0.0;0.0;0.020407
8261;0.298525;0.158702;0.106195;0.0;0.130383;0.153982;0.091445;0.032448;0.0;0.0;0.0;0.0;0.0;0.0;0.0;0.028319
8262;0.366168;0.095512;0.085846;0.0;0.129804;0.154891;0.117837;0.023245;0.0;0.0;0.0;0.0;0.0;0.0;0.0;0.026697
8263;0.394682;0.134962;0.113064;0.0;0.149858;0.13675;0.036794;0.012736;0.0;0.0;0.0;0.0;0.0;0.0;0.0;0.021153
8264;0.244749;0.222222;0.084018;0.0;0.09589;0.121157;0.175342;0.014612;0.0;0.0;0.0;0.0;0.0;0.0;0.0;0.042009
8265;0.197772;0.036212;0.027855;0.0;0.116992;0.23584;0.280409;0.078923;0.0;0.0;0.0;0.0;0.0;0.0;0.0;0.025998
8266;0.396482;0.143711;0.071192;0.0;0.176137;0.106206;0.064089;0.019914;0.0;0.0;0.0;0.0;0.0;0.0;0.0;0.02227
8267;0.345966;0.088567;0.121993;0.0;0.153076;0.142431;0.094954;0.031509;0.0;0.0;0.0;0.0;0.0;0.0;0.0;0.021503
8268;0.30941;0.059011;0.057416;0.0;0.100478;0.208931;0.180223;0.052632;0.0;0.0;0.0;0.0;0.0;0.0;0.0;0.031898
8269;0.194839;0.056872;0.051606;0.0;0.09268;0.242233;0.269616;0.062665;0.0;0.0;0.0;0.0;0.0;0.0;0.0;0.029489
8270;0.316404;0.187553;0.078986;0.0;0.127161;0.125317;0.113945;0.023511;0.0;0.0;0.0;0.0;0.0;0.0;0.0;0.027123
8271;0.146341;0.0;0.0;0.0;0.073171;0.219512;0.219512;0.341463;0.0;0.0;0.0;0.0;0.0;0.0;0.0;0.0
8272;0.1;0.03;0.05;0.0;0.11;0.28;0.18;0.18;0.0;0.0;0.0;0.0;0.0;0.0;0.0;0.07
8273;0.231826;0.058958;0.0498;0.0;0.096165;0.234688;0.212936;0.087006;0.0;0.0;0.0;0.0;0.0;0.0;0.0;0.02862
8274;0.413642;0.079637;0.061156;0.0;0.104839;0.171707;0.116263;0.03629;0.0;0.0;0.0;0.0;0.0;0.0;0.0;0.016465
8275;0.122222;0.038889;0.005556;0.0;0.116667;0.194444;0.377778;0.088889;0.0;0.0;0.0;0.0;0.0;0.0;0.0;0.055556
8276;0.205882;0.064706;0.047059;0.0;0.135294;0.217647;0.211765;0.058824;0.0;0.0;0.0;0.0;0.0;0.0;0.0;0.058824
8277;0.256198;0.07438;0.0;0.0;0.099174;0.231405;0.173554;0.090909;0.0;0.0;0.0;0.0;0.0;0.0;0.0;0.07438
8278;0.1875;0.041045;0.027674;0.0;0.084266;0.224813;0.333022;0.078358;0.0;0.0;0.0;0.0;0.0;0.0;0.0;0.023321
8279;0.369019;0.124084;0.101123;0.0;0.161134;0.115063;0.08383;0.018811;0.0;0.0;0.0;0.0;0.0;0.0;0.0;0.026935
8280;0.108434;0.048193;0.024096;0.0;0.204819;0.240964;0.349398;0.024096;0.0;0.0;0.0;0.0;0.0;0.0;0.0;0.0
8281;0.242967;0.133276;0.041205;0.0;0.137823;0.17505;0.203467;0.036942;0.0;0.0;0.0;0.0;0.0;0.0;0.0;0.02927
8282;0.273113;0.131813;0.053896;0.0;0.150989;0.16633;0.160073;0.03149;0.0;0.0;0.0;0.0;0.0;0.0;0.0;0.032297
8283;0.249061;0.06307;0.052872;0.0;0.096082;0.18438;0.265969;0.059581;0.0;0.0;0.0;0.0;0.0;0.0;0.0;0.028986
8284;0.336792;0.10686;0.114512;0.0;0.126443;0.145117;0.123849;0.019971;0.0;0.0;0.0;0.0;0.0;0.0;0.0;0.026456
8285;0.277387;0.054296;0.053817;0.0;0.097253;0.205206;0.230917;0.058607;0.0;0.0;0.0;0.0;0.0;0.0;0.0;0.022517
8286;0.360778;0.127745;0.129741;0.0;0.116267;0.129242;0.08483;0.02994;0.0;0.0;0.0;0.0;0.0;0.0;0.0;0.021457
8287;0.225225;0.055341;0.015444;0.0;0.119691;0.268983;0.225225;0.060489;0.0;0.0;0.0;0.0;0.0;0.0;0.0;0.029601
8288;0.34434;0.092453;0.117925;0.0;0.135849;0.159434;0.074528;0.033962;0.0;0.0;0.0;0.0;0.0;0.0;0.0;0.041509
8289;0.277346;0.087702;0.06699;0.0;0.17411;0.202589;0.116828;0.055016;0.0;0.0;0.0;0.0;0.0;0.0;0.0;0.019417
8290;0.240351;0.092105;0.066667;0.0;0.127193;0.257018;0.144737;0.055263;0.0;0.0;0.0;0.0;0.0;0.0;0.0;0.016667
8291;0.280876;0.095618;0.13432;0.0;0.17103;0.177575;0.087934;0.024189;0.0;0.0;0.0;0.0;0.0;0.0;0.0;0.028458
8292;0.282609;0.059783;0.069293;0.0;0.110054;0.165761;0.186141;0.096467;0.0;0.0;0.0;0.0;0.0;0.0;0.0;0.029891
8293;0.233129;0.04908;0.02454;0.0;0.07362;0.269939;0.288344;0.04908;0.0;0.0;0.0;0.0;0.0;0.0;0.0;0.01227
8294;0.186667;0.091333;0.066;0.0;0.170667;0.214;0.195333;0.054667;0.0;0.0;0.0;0.0;0.0;0.0;0.0;0.021333
8295;0.361992;0.144299;0.118218;0.0;0.150328;0.12962;0.061337;0.014024;0.0;0.0;0.0;0.0;0.0;0.0;0.0;0.020183
8296;0.260681;0.146271;0.090514;0.0;0.099928;0.168718;0.17958;0.016655;0.0;0.0;0.0;0.0;0.0;0.0;0.0;0.037654
8297;0.125;0.079545;0.090909;0.0;0.068182;0.159091;0.443182;0.011364;0.0;0.0;0.0;0.0;0.0;0.0;0.0;0.022727
8298;0.25778;0.071724;0.042913;0.0;0.088743;0.166788;0.275346;0.064855;0.0;0.0;0.0;0.0;0.0;0.0;0.0;0.03185
8299;0.22093;0.034884;0.03876;0.0;0.081395;0.348837;0.182171;0.081395;0.0;0.0;0.0;0.0;0.0;0.0;0.0;0.011628
8300;0.298344;0.136926;0.103569;0.0;0.154654;0.149522;0.107534;0.021227;0.0;0.0;0.0;0.0;0.0;0.0;0.0;0.028225
8301;0.435999;0.158137;0.103596;0.0;0.161078;0.081828;0.028286;0.007458;0.0;0.0;0.0;0.0;0.0;0.0;0.0;0.023618
8302;0.440336;0.131765;0.127899;0.0;0.141849;0.087395;0.03916;0.010924;0.0;0.0;0.0;0.0;0.0;0.0;0.0;0.020672
8303;0.157576;0.066667;0.030303;0.0;0.206061;0.181818;0.254545;0.09697;0.0;0.0;0.0;0.0;0.0;0.0;0.0;0.006061
8304;0.277311;0.05042;0.053782;0.0;0.070588;0.205042;0.245378;0.077311;0.0;0.0;0.0;0.0;0.0;0.0;0.0;0.020168
8305;0.35112;0.08004;0.060771;0.0;0.107982;0.167545;0.154095;0.053634;0.0;0.0;0.0;0.0;0.0;0.0;0.0;0.024813
8306;0.244713;0.126888;0.072508;0.0;0.120846;0.21148;0.1571;0.018127;0.0;0.0;0.0;0.0;0.0;0.0;0.0;0.048338
8307;0.392104;0.110466;0.060495;0.0;0.161159;0.130882;0.089299;0.032984;0.0;0.0;0.0;0.0;0.0;0.0;0.0;0.02261
8308;0.131868;0.032967;0.032967;0.0;0.032967;0.065934;0.56044;0.087912;0.0;0.0;0.0;0.0;0.0;0.0;0.0;0.054945
8901;0.161677;0.053892;0.011976;0.0;0.035928;0.197605;0.467066;0.041916;0.0;0.0;0.0;0.0;0.0;0.0;0.0;0.02994
8902;0.333802;0.127899;0.091005;0.0;0.147927;0.128953;0.129656;0.016514;0.0;0.0;0.0;0.0;0.0;0.0;0.0;0.024245
8903;0.157895;0.005848;0.017544;0.0;0.105263;0.327485;0.280702;0.099415;0.0;0.0;0.0;0.0;0.0;0.0;0.0;0.005848
8904;0.491323;0.134905;0.128684;0.0;0.154388;0.050589;0.009659;0.008186;0.0;0.0;0.0;0.0;0.0;0.0;0.0;0.022266
8905;0.296364;0.093333;0.065455;0.0;0.130909;0.191515;0.153333;0.037576;0.0;0.0;0.0;0.0;0.0;0.0;0.0;0.031515
9001;0.375;0.541667;0.083333;0.0;0.0;0.0;0.0;0.0;0.0;0.0;0.0;0.0;0.0;0.0;0.0;0.0
9003;0.424242;0.25;0.098485;0.0;0.19697;0.0;0.0;0.0;0.0;0.0;0.0;0.0;0.0;0.0;0.0;0.030303
9006;0.285714;0.342857;0.2;0.0;0.114286;0.0;0.0;0.0;0.0;0.0;0.0;0.0;0.0;0.0;0.0;0.057143
9007;0.194444;0.472222;0.277778;0.0;0.027778;0.0;0.0;0.0;0.0;0.0;0.0;0.0;0.0;0.0;0.0;0.027778
9009;0.257143;0.442857;0.228571;0.0;0.042857;0.0;0.0;0.0;0.0;0.0;0.0;0.0;0.0;0.0;0.0;0.028571
9010;0.30303;0.363636;0.333333;0.0;0.0;0.0;0.0;0.0;0.0;0.0;0.0;0.0;0.0;0.0;0.0;0.0
9011;0.204082;0.530612;0.102041;0.0;0.081633;0.0;0.0;0.0;0.0;0.0;0.0;0.0;0.0;0.0;0.0;0.081633
9012;0.310811;0.472973;0.081081;0.0;0.094595;0.0;0.0;0.0;0.0;0.0;0.0;0.0;0.0;0.0;0.0;0.040541
9013;0.235294;0.588235;0.088235;0.0;0.029412;0.0;0.0;0.0;0.0;0.0;0.0;0.0;0.0;0.0;0.0;0.058824
9014;0.34058;0.391304;0.130435;0.0;0.101449;0.0;0.0;0.0;0.0;0.0;0.0;0.0;0.0;0.0;0.0;0.036232
9016;0.262295;0.442623;0.196721;0.0;0.065574;0.0;0.0;0.0;0.0;0.0;0.0;0.0;0.0;0.0;0.0;0.032787
9017;0.257576;0.530303;0.075758;0.0;0.090909;0.0;0.0;0.0;0.0;0.0;0.0;0.0;0.0;0.0;0.0;0.045455
9018;0.351961;0.388381;0.123709;0.0;0.107768;0.0;0.0;0.0;0.0;0.0;0.0;0.0;0.0;0.0;0.0;0.028181
9019;0.36;0.49;0.07;0.0;0.05;0.0;0.0;0.0;0.0;0.0;0.0;0.0;0.0;0.0;0.0;0.03
9020;0.284024;0.544379;0.106509;0.0;0.023669;0.0;0.0;0.0;0.0;0.0;0.0;0.0;0.0;0.0;0.0;0.04142
9021;0.206897;0.551724;0.0;0.0;0.206897;0.0;0.0;0.0;0.0;0.0;0.0;0.0;0.0;0.0;0.0;0.034483
9022;0.184211;0.526316;0.105263;0.0;0.131579;0.0;0.0;0.0;0.0;0.0;0.0;0.0;0.0;0.0;0.0;0.052632
9023;0.272124;0.410398;0.184735;0.0;0.107301;0.0;0.0;0.0;0.0;0.0;0.0;0.0;0.0;0.0;0.0;0.025442
9024;0.281553;0.446602;0.174757;0.0;0.067961;0.0;0.0;0.0;0.0;0.0;0.0;0.0;0.0;0.0;0.0;0.029126
9025;0.275362;0.507246;0.072464;0.0;0.101449;0.0;0.0;0.0;0.0;0.0;0.0;0.0;0.0;0.0;0.0;0.043478
9026;0.32;0.383333;0.206667;0.0;0.083333;0.0;0.0;0.0;0.0;0.0;0.0;0.0;0.0;0.0;0.0;0.006667
9027;0.457143;0.2;0.057143;0.0;0.285714;0.0;0.0;0.0;0.0;0.0;0.0;0.0;0.0;0.0;0.0;0.0
9029;0.310924;0.436975;0.142857;0.0;0.10084;0.0;0.0;0.0;0.0;0.0;0.0;0.0;0.0;0.0;0.0;0.008403
9030;0.361702;0.5;0.06383;0.0;0.053191;0.0;0.0;0.0;0.0;0.0;0.0;0.0;0.0;0.0;0.0;0.021277
9032;0.6;0.266667;0.066667;0.0;0.066667;0.0;0.0;0.0;0.0;0.0;0.0;0.0;0.0;0.0;0.0;0.0
9033;0.254545;0.563636;0.054545;0.0;0.090909;0.0;0.0;0.0;0.0;0.0;0.0;0.0;0.0;0.0;0.0;0.036364
9034;0.247664;0.537383;0.172897;0.0;0.037383;0.0;0.0;0.0;0.0;0.0;0.0;0.0;0.0;0.0;0.0;0.004673
9035;0.394089;0.334975;0.108374;0.0;0.133005;0.0;0.0;0.0;0.0;0.0;0.0;0.0;0.0;0.0;0.0;0.029557
9036;0.041667;0.708333;0.166667;0.0;0.083333;0.0;0.0;0.0;0.0;0.0;0.0;0.0;0.0;0.0;0.0;0.0
9037;0.533333;0.288889;0.088889;0.0;0.066667;0.0;0.0;0.0;0.0;0.0;0.0;0.0;0.0;0.0;0.0;0.022222
9038;0.375;0.511364;0.045455;0.0;0.045455;0.0;0.0;0.0;0.0;0.0;0.0;0.0;0.0;0.0;0.0;0.022727
9039;0.136364;0.613636;0.25;0.0;0.0;0.0;0.0;0.0;0.0;0.0;0.0;0.0;0.0;0.0;0.0;0.0
9041;0.421053;0.315789;0.105263;0.0;0.157895;0.0;0.0;0.0;0.0;0.0;0.0;0.0;0.0;0.0;0.0;0.0
9043;0.315385;0.476923;0.115385;0.0;0.076923;0.0;0.0;0.0;0.0;0.0;0.0;0.0;0.0;0.0;0.0;0.015385
9044;0.27907;0.465116;0.186047;0.0;0.0;0.0;0.0;0.0;0.0;0.0;0.0;0.0;0.0;0.0;0.0;0.069767
9045;0.270408;0.5;0.112245;0.0;0.071429;0.0;0.0;0.0;0.0;0.0;0.0;0.0;0.0;0.0;0.0;0.045918
9046;0.210526;0.421053;0.052632;0.0;0.210526;0.0;0.0;0.0;0.0;0.0;0.0;0.0;0.0;0.0;0.0;0.105263
9047;0.162791;0.651163;0.186047;0.0;0.0;0.0;0.0;0.0;0.0;0.0;0.0;0.0;0.0;0.0;0.0;0.0
9048;0.354633;0.432375;0.095847;0.0;0.078807;0.0;0.0;0.0;0.0;0.0;0.0;0.0;0.0;0.0;0.0;0.038339
9050;0.25;0.4375;0.15625;0.0;0.15625;0.0;0.0;0.0;0.0;0.0;0.0;0.0;0.0;0.0;0.0;0.0
9051;0.195312;0.585938;0.101562;0.0;0.085938;0.0;0.0;0.0;0.0;0.0;0.0;0.0;0.0;0.0;0.0;0.03125
9052;0.0;0.571429;0.333333;0.0;0.047619;0.0;0.0;0.0;0.0;0.0;0.0;0.0;0.0;0.0;0.0;0.047619
9054;0.145161;0.564516;0.193548;0.0;0.064516;0.0;0.0;0.0;0.0;0.0;0.0;0.0;0.0;0.0;0.0;0.032258
9055;0.212121;0.484848;0.242424;0.0;0.060606;0.0;0.0;0.0;0.0;0.0;0.0;0.0;0.0;0.0;0.0;0.0
9056;0.352708;0.419355;0.150943;0.0;0.057212;0.0;0.0;0.0;0.0;0.0;0.0;0.0;0.0;0.0;0.0;0.019781
9057;0.254237;0.389831;0.135593;0.0;0.20339;0.0;0.0;0.0;0.0;0.0;0.0;0.0;0.0;0.0;0.0;0.016949
9058;0.2875;0.396875;0.209375;0.0;0.0625;0.0;0.0;0.0;0.0;0.0;0.0;0.0;0.0;0.0;0.0;0.04375
9059;0.357576;0.414111;0.126324;0.0;0.076773;0.0;0.0;0.0;0.0;0.0;0.0;0.0;0.0;0.0;0.0;0.025215
9060;0.252252;0.414414;0.216216;0.0;0.081081;0.0;0.0;0.0;0.0;0.0;0.0;0.0;0.0;0.0;0.0;0.036036
9061;0.072581;0.717742;0.185484;0.0;0.008065;0.0;0.0;0.0;0.0;0.0;0.0;0.0;0.0;0.0;0.0;0.016129
9062;0.27027;0.513514;0.108108;0.0;0.081081;0.0;0.0;0.0;0.0;0.0;0.0;0.0;0.0;0.0;0.0;0.027027
9063;0.11236;0.61236;0.252809;0.0;0.011236;0.0;0.0;0.0;0.0;0.0;0.0;0.0;0.0;0.0;0.0;0.011236
9064;0.18894;0.548387;0.193548;0.0;0.02765;0.0;0.0;0.0;0.0;0.0;0.0;0.0;0.0;0.0;0.0;0.041475
9065;0.309278;0.474227;0.082474;0.0;0.082474;0.0;0.0;0.0;0.0;0.0;0.0;0.0;0.0;0.0;0.0;0.051546
9066;0.363636;0.333333;0.090909;0.0;0.151515;0.0;0.0;0.0;0.0;0.0;0.0;0.0;0.0;0.0;0.0;0.060606
9067;0.219697;0.564394;0.151515;0.0;0.045455;0.0;0.0;0.0;0.0;0.0;0.0;0.0;0.0;0.0;0.0;0.018939
9068;0.571429;0.285714;0.0;0.0;0.071429;0.0;0.0;0.0;0.0;0.0;0.0;0.0;0.0;0.0;0.0;0.071429
9070;0.342857;0.428571;0.114286;0.0;0.085714;0.0;0.0;0.0;0.0;0.0;0.0;0.0;0.0;0.0;0.0;0.028571
9071;0.172414;0.517241;0.172414;0.0;0.137931;0.0;0.0;0.0;0.0;0.0;0.0;0.0;0.0;0.0;0.0;0.0
9072;0.335548;0.332226;0.169435;0.0;0.129568;0.0;0.0;0.0;0.0;0.0;0.0;0.0;0.0;0.0;0.0;0.033223
9073;0.339474;0.352632;0.193421;0.0;0.094737;0.0;0.0;0.0;0.0;0.0;0.0;0.0;0.0;0.0;0.0;0.019737
9074;0.274363;0.415292;0.191904;0.0;0.086957;0.0;0.0;0.0;0.0;0.0;0.0;0.0;0.0;0.0;0.0;0.031484
9075;0.25;0.426471;0.25;0.0;0.073529;0.0;0.0;0.0;0.0;0.0;0.0;0.0;0.0;0.0;0.0;0.0
9076;0.533333;0.4;0.066667;0.0;0.0;0.0;0.0;0.0;0.0;0.0;0.0;0.0;0.0;0.0;0.0;0.0
9077;0.210526;0.684211;0.052632;0.0;0.0;0.0;0.0;0.0;0.0;0.0;0.0;0.0;0.0;0.0;0.0;0.052632
9078;0.26087;0.521739;0.130435;0.0;0.086957;0.0;0.0;0.0;0.0;0.0;0.0;0.0;0.0;0.0;0.0;0.0
9079;0.075;0.825;0.1;0.0;0.0;0.0;0.0;0.0;0.0;0.0;0.0;0.0;0.0;0.0;0.0;0.0
9082;0.034483;0.931034;0.034483;0.0;0.0;0.0;0.0;0.0;0.0;0.0;0.0;0.0;0.0;0.0;0.0;0.0
9083;0.304348;0.608696;0.043478;0.0;0.0;0.0;0.0;0.0;0.0;0.0;0.0;0.0;0.0;0.0;0.0;0.043478
9084;0.213675;0.589744;0.102564;0.0;0.059829;0.0;0.0;0.0;0.0;0.0;0.0;0.0;0.0;0.0;0.0;0.034188
9085;0.31761;0.371069;0.191824;0.0;0.100629;0.0;0.0;0.0;0.0;0.0;0.0;0.0;0.0;0.0;0.0;0.018868
9086;0.229084;0.418327;0.25498;0.0;0.071713;0.0;0.0;0.0;0.0;0.0;0.0;0.0;0.0;0.0;0.0;0.025896
9088;0.461538;0.333333;0.102564;0.0;0.102564;0.0;0.0;0.0;0.0;0.0;0.0;0.0;0.0;0.0;0.0;0.0
9090;0.170732;0.658537;0.146341;0.0;0.02439;0.0;0.0;0.0;0.0;0.0;0.0;0.0;0.0;0.0;0.0;0.0
9091;0.259794;0.503093;0.179381;0.0;0.043299;0.0;0.0;0.0;0.0;0.0;0.0;0.0;0.0;0.0;0.0;0.014433
9093;0.283333;0.475;0.175;0.0;0.05;0.0;0.0;0.0;0.0;0.0;0.0;0.0;0.0;0.0;0.0;0.016667
9094;0.291667;0.4375;0.083333;0.0;0.145833;0.0;0.0;0.0;0.0;0.0;0.0;0.0;0.0;0.0;0.0;0.041667
9095;0.181818;0.672727;0.109091;0.0;0.036364;0.0;0.0;0.0;0.0;0.0;0.0;0.0;0.0;0.0;0.0;0.0
9098;0.335463;0.444089;0.15016;0.0;0.054313;0.0;0.0;0.0;0.0;0.0;0.0;0.0;0.0;0.0;0.0;0.015974
9100;0.105263;0.657895;0.184211;0.0;0.0;0.0;0.0;0.0;0.0;0.0;0.0;0.0;0.0;0.0;0.0;0.052632
9101;0.142857;0.714286;0.107143;0.0;0.035714;0.0;0.0;0.0;0.0;0.0;0.0;0.0;0.0;0.0;0.0;0.0
9102;0.269231;0.5;0.076923;0.0;0.153846;0.0;0.0;0.0;0.0;0.0;0.0;0.0;0.0;0.0;0.0;0.0
9103;0.402597;0.454545;0.045455;0.0;0.045455;0.0;0.0;0.0;0.0;0.0;0.0;0.0;0.0;0.0;0.0;0.051948
9104;0.108108;0.513514;0.297297;0.0;0.054054;0.0;0.0;0.0;0.0;0.0;0.0;0.0;0.0;0.0;0.0;0.027027
9105;0.223684;0.407895;0.171053;0.0;0.105263;0.0;0.0;0.0;0.0;0.0;0.0;0.0;0.0;0.0;0.0;0.092105
9108;0.344311;0.338323;0.188623;0.0;0.10479;0.0;0.0;0.0;0.0;0.0;0.0;0.0;0.0;0.0;0.0;0.023952
9109;0.335901;0.272727;0.087827;0.0;0.251156;0.0;0.0;0.0;0.0;0.0;0.0;0.0;0.0;0.0;0.0;0.052388
9110;0.327869;0.540984;0.065574;0.0;0.04918;0.0;0.0;0.0;0.0;0.0;0.0;0.0;0.0;0.0;0.0;0.016393
9112;0.371429;0.5;0.071429;0.0;0.057143;0.0;0.0;0.0;0.0;0.0;0.0;0.0;0.0;0.0;0.0;0.0
9113;0.33945;0.458716;0.100917;0.0;0.085627;0.0;0.0;0.0;0.0;0.0;0.0;0.0;0.0;0.0;0.0;0.015291
9114;0.233333;0.45;0.183333;0.0;0.083333;0.0;0.0;0.0;0.0;0.0;0.0;0.0;0.0;0.0;0.0;0.05
9115;0.245614;0.473684;0.035088;0.0;0.105263;0.0;0.0;0.0;0.0;0.0;0.0;0.0;0.0;0.0;0.0;0.140351
9117;0.290909;0.6;0.090909;0.0;0.018182;0.0;0.0;0.0;0.0;0.0;0.0;0.0;0.0;0.0;0.0;0.0
9119;0.448276;0.310345;0.137931;0.0;0.068966;0.0;0.0;0.0;0.0;0.0;0.0;0.0;0.0;0.0;0.0;0.034483
9120;0.363636;0.242424;0.181818;0.0;0.181818;0.0;0.0;0.0;0.0;0.0;0.0;0.0;0.0;0.0;0.0;0.030303
9122;0.245614;0.526316;0.175439;0.0;0.017544;0.0;0.0;0.0;0.0;0.0;0.0;0.0;0.0;0.0;0.0;0.035088
9123;0.3;0.533333;0.066667;0.0;0.1;0.0;0.0;0.0;0.0;0.0;0.0;0.0;0.0;0.0;0.0;0.0
9124;0.412308;0.388718;0.113846;0.0;0.060513;0.0;0.0;0.0;0.0;0.0;0.0;0.0;0.0;0.0;0.0;0.024615
9125;0.299539;0.502304;0.140553;0.0;0.036866;0.0;0.0;0.0;0.0;0.0;0.0;0.0;0.0;0.0;0.0;0.020737
9127;0.170732;0.634146;0.073171;0.0;0.073171;0.0;0.0;0.0;0.0;0.0;0.0;0.0;0.0;0.0;0.0;0.04878
9128;0.323077;0.4;0.215385;0.0;0.046154;0.0;0.0;0.0;0.0;0.0;0.0;0.0;0.0;0.0;0.0;0.015385
9129;0.492958;0.267606;0.140845;0.0;0.042254;0.0;0.0;0.0;0.0;0.0;0.0;0.0;0.0;0.0;0.0;0.056338
9130;0.166667;0.6875;0.083333;0.0;0.041667;0.0;0.0;0.0;0.0;0.0;0.0;0.0;0.0;0.0;0.0;0.020833
9131;0.352632;0.371053;0.136842;0.0;0.113158;0.0;0.0;0.0;0.0;0.0;0.0;0.0;0.0;0.0;0.0;0.026316
9132;0.216;0.584;0.112;0.0;0.056;0.0;0.0;0.0;0.0;0.0;0.0;0.0;0.0;0.0;0.0;0.032
9133;0.285714;0.285714;0.4;0.0;0.0;0.0;0.0;0.0;0.0;0.0;0.0;0.0;0.0;0.0;0.0;0.028571
9134;0.439024;0.231707;0.079268;0.0;0.213415;0.0;0.0;0.0;0.0;0.0;0.0;0.0;0.0;0.0;0.0;0.036585
9135;0.225806;0.548387;0.16129;0.0;0.064516;0.0;0.0;0.0;0.0;0.0;0.0;0.0;0.0;0.0;0.0;0.0
9136;0.314516;0.314516;0.201613;0.0;0.112903;0.0;0.0;0.0;0.0;0.0;0.0;0.0;0.0;0.0;0.0;0.056452
9137;0.201493;0.529851;0.186567;0.0;0.08209;0.0;0.0;0.0;0.0;0.0;0.0;0.0;0.0;0.0;0.0;0.0
9138;0.173333;0.44;0.16;0.0;0.106667;0.0;0.0;0.0;0.0;0.0;0.0;0.0;0.0;0.0;0.0;0.12
9139;0.39726;0.246575;0.205479;0.0;0.09589;0.0;0.0;0.0;0.0;0.0;0.0;0.0;0.0;0.0;0.0;0.054795
9140;0.341463;0.439024;0.109756;0.0;0.073171;0.0;0.0;0.0;0.0;0.0;0.0;0.0;0.0;0.0;0.0;0.036585
9141;0.358491;0.39413;0.12369;0.0;0.096436;0.0;0.0;0.0;0.0;0.0;0.0;0.0;0.0;0.0;0.0;0.027254
9143;0.0;0.6875;0.3125;0.0;0.0;0.0;0.0;0.0;0.0;0.0;0.0;0.0;0.0;0.0;0.0;0.0
9144;0.21875;0.59375;0.1875;0.0;0.0;0.0;0.0;0.0;0.0;0.0;0.0;0.0;0.0;0.0;0.0;0.0
9148;0.354839;0.403226;0.064516;0.0;0.112903;0.0;0.0;0.0;0.0;0.0;0.0;0.0;0.0;0.0;0.0;0.064516
9149;0.419355;0.354839;0.096774;0.0;0.096774;0.0;0.0;0.0;0.0;0.0;0.0;0.0;0.0;0.0;0.0;0.032258
9151;0.404959;0.391185;0.085399;0.0;0.088154;0.0;0.0;0.0;0.0;0.0;0.0;0.0;0.0;0.0;0.0;0.030303
9152;0.331361;0.431953;0.136095;0.0;0.08284;0.0;0.0;0.0;0.0;0.0;0.0;0.0;0.0;0.0;0.0;0.017751
9154;0.22549;0.588235;0.058824;0.0;0.098039;0.0;0.0;0.0;0.0;0.0;0.0;0.0;0.0;0.0;0.0;0.029412
9155;0.25;0.666667;0.083333;0.0;0.0;0.0;0.0;0.0;0.0;0.0;0.0;0.0;0.0;0.0;0.0;0.0
9159;0.119048;0.547619;0.190476;0.0;0.02381;0.0;0.0;0.0;0.0;0.0;0.0;0.0;0.0;0.0;0.0;0.119048
9160;0.235294;0.411765;0.235294;0.0;0.088235;0.0;0.0;0.0;0.0;0.0;0.0;0.0;0.0;0.0;0.0;0.029412
9162;0.275229;0.366972;0.211009;0.0;0.110092;0.0;0.0;0.0;0.0;0.0;0.0;0.0;0.0;0.0;0.0;0.036697
9163;0.287736;0.46934;0.183962;0.0;0.040094;0.0;0.0;0.0;0.0;0.0;0.0;0.0;0.0;0.0;0.0;0.018868
9164;0.240741;0.509259;0.138889;0.0;0.092593;0.0;0.0;0.0;0.0;0.0;0.0;0.0;0.0;0.0;0.0;0.018519
9166;0.142857;0.597403;0.168831;0.0;0.064935;0.0;0.0;0.0;0.0;0.0;0.0;0.0;0.0;0.0;0.0;0.025974
9167;0.153846;0.666667;0.128205;0.0;0.051282;0.0;0.0;0.0;0.0;0.0;0.0;0.0;0.0;0.0;0.0;0.0
9168;0.483333;0.333333;0.127778;0.0;0.033333;0.0;0.0;0.0;0.0;0.0;0.0;0.0;0.0;0.0;0.0;0.022222
9169;0.283951;0.444444;0.148148;0.0;0.098765;0.0;0.0;0.0;0.0;0.0;0.0;0.0;0.0;0.0;0.0;0.024691
9170;0.294521;0.465753;0.136986;0.0;0.089041;0.0;0.0;0.0;0.0;0.0;0.0;0.0;0.0;0.0;0.0;0.013699
9172;0.209091;0.581818;0.118182;0.0;0.072727;0.0;0.0;0.0;0.0;0.0;0.0;0.0;0.0;0.0;0.0;0.018182
9173;0.228571;0.533333;0.190476;0.0;0.038095;0.0;0.0;0.0;0.0;0.0;0.0;0.0;0.0;0.0;0.0;0.009524
9174;0.343454;0.436433;0.094877;0.0;0.096774;0.0;0.0;0.0;0.0;0.0;0.0;0.0;0.0;0.0;0.0;0.028463
9175;0.211111;0.644444;0.1;0.0;0.044444;0.0;0.0;0.0;0.0;0.0;0.0;0.0;0.0;0.0;0.0;0.0
9176;0.292683;0.487805;0.195122;0.0;0.0;0.0;0.0;0.0;0.0;0.0;0.0;0.0;0.0;0.0;0.0;0.02439
9177;0.270338;0.436796;0.20776;0.0;0.066333;0.0;0.0;0.0;0.0;0.0;0.0;0.0;0.0;0.0;0.0;0.018773
9178;0.304348;0.652174;0.043478;0.0;0.0;0.0;0.0;0.0;0.0;0.0;0.0;0.0;0.0;0.0;0.0;0.0
9179;0.333333;0.461538;0.076923;0.0;0.076923;0.0;0.0;0.0;0.0;0.0;0.0;0.0;0.0;0.0;0.0;0.051282
9180;0.350515;0.391753;0.14433;0.0;0.061856;0.0;0.0;0.0;0.0;0.0;0.0;0.0;0.0;0.0;0.0;0.051546
9181;0.222749;0.559242;0.127962;0.0;0.061611;0.0;0.0;0.0;0.0;0.0;0.0;0.0;0.0;0.0;0.0;0.028436
9182;0.196721;0.639344;0.081967;0.0;0.04918;0.0;0.0;0.0;0.0;0.0;0.0;0.0;0.0;0.0;0.0;0.032787
9183;0.289474;0.473684;0.078947;0.0;0.078947;0.0;0.0;0.0;0.0;0.0;0.0;0.0;0.0;0.0;0.0;0.078947
9184;0.0;0.0;1.0;0.0;0.0;0.0;0.0;0.0;0.0;0.0;0.0;0.0;0.0;0.0;0.0;0.0
9189;0.246753;0.558442;0.116883;0.0;0.051948;0.0;0.0;0.0;0.0;0.0;0.0;0.0;0.0;0.0;0.0;0.025974
9190;0.241935;0.403226;0.16129;0.0;0.129032;0.0;0.0;0.0;0.0;0.0;0.0;0.0;0.0;0.0;0.0;0.064516
9191;0.315789;0.5;0.105263;0.0;0.052632;0.0;0.0;0.0;0.0;0.0;0.0;0.0;0.0;0.0;0.0;0.026316
9192;0.361702;0.340426;0.0;0.0;0.276596;0.0;0.0;0.0;0.0;0.0;0.0;0.0;0.0;0.0;0.0;0.021277
9194;0.327021;0.432629;0.125273;0.0;0.09614;0.0;0.0;0.0;0.0;0.0;0.0;0.0;0.0;0.0;0.0;0.018937
9195;0.4;0.35;0.2;0.0;0.025;0.0;0.0;0.0;0.0;0.0;0.0;0.0;0.0;0.0;0.0;0.025
9196;0.529412;0.372549;0.04902;0.0;0.039216;0.0;0.0;0.0;0.0;0.0;0.0;0.0;0.0;0.0;0.0;0.009804
9197;0.245098;0.509804;0.156863;0.0;0.04902;0.0;0.0;0.0;0.0;0.0;0.0;0.0;0.0;0.0;0.0;0.039216
9198;0.348315;0.47191;0.05618;0.0;0.089888;0.0;0.0;0.0;0.0;0.0;0.0;0.0;0.0;0.0;0.0;0.033708
9199;0.168831;0.506494;0.220779;0.0;0.077922;0.0;0.0;0.0;0.0;0.0;0.0;0.0;0.0;0.0;0.0;0.025974
9200;0.439024;0.317073;0.121951;0.0;0.04878;0.0;0.0;0.0;0.0;0.0;0.0;0.0;0.0;0.0;0.0;0.073171
9201;0.444444;0.444444;0.055556;0.0;0.055556;0.0;0.0;0.0;0.0;0.0;0.0;0.0;0.0;0.0;0.0;0.0
9202;0.1;0.7;0.15;0.0;0.0;0.0;0.0;0.0;0.0;0.0;0.0;0.0;0.0;0.0;0.0;0.05
9206;0.121951;0.609756;0.195122;0.0;0.04878;0.0;0.0;0.0;0.0;0.0;0.0;0.0;0.0;0.0;0.0;0.02439
9208;0.229508;0.532787;0.139344;0.0;0.04918;0.0;0.0;0.0;0.0;0.0;0.0;0.0;0.0;0.0;0.0;0.04918
9209;0.298129;0.457659;0.149064;0.0;0.080241;0.0;0.0;0.0;0.0;0.0;0.0;0.0;0.0;0.0;0.0;0.014906
9211;0.31556;0.465724;0.136017;0.0;0.056583;0.0;0.0;0.0;0.0;0.0;0.0;0.0;0.0;0.0;0.0;0.026115
9213;0.265193;0.469613;0.127072;0.0;0.093923;0.0;0.0;0.0;0.0;0.0;0.0;0.0;0.0;0.0;0.0;0.044199
9214;0.383372;0.357968;0.120092;0.0;0.108545;0.0;0.0;0.0;0.0;0.0;0.0;0.0;0.0;0.0;0.0;0.030023
9215;0.244726;0.476793;0.135021;0.0;0.122363;0.0;0.0;0.0;0.0;0.0;0.0;0.0;0.0;0.0;0.0;0.021097
9216;0.332117;0.372263;0.175182;0.0;0.087591;0.0;0.0;0.0;0.0;0.0;0.0;0.0;0.0;0.0;0.0;0.032847
9217;0.294964;0.417266;0.086331;0.0;0.172662;0.0;0.0;0.0;0.0;0.0;0.0;0.0;0.0;0.0;0.0;0.028777
9218;0.364754;0.405738;0.102459;0.0;0.106557;0.0;0.0;0.0;0.0;0.0;0.0;0.0;0.0;0.0;0.0;0.020492
9219;0.438546;0.305281;0.091783;0.0;0.145442;0.0;0.0;0.0;0.0;0.0;0.0;0.0;0.0;0.0;0.0;0.018948
9220;0.367647;0.455882;0.088235;0.0;0.058824;0.0;0.0;0.0;0.0;0.0;0.0;0.0;0.0;0.0;0.0;0.029412
9221;0.334146;0.321951;0.163415;0.0;0.141463;0.0;0.0;0.0;0.0;0.0;0.0;0.0;0.0;0.0;0.0;0.039024
9223;0.264706;0.470588;0.088235;0.0;0.088235;0.0;0.0;0.0;0.0;0.0;0.0;0.0;0.0;0.0;0.0;0.088235
9224;0.12605;0.655462;0.176471;0.0;0.008403;0.0;0.0;0.0;0.0;0.0;0.0;0.0;0.0;0.0;0.0;0.033613
9225;0.377358;0.415094;0.169811;0.0;0.018868;0.0;0.0;0.0;0.0;0.0;0.0;0.0;0.0;0.0;0.0;0.018868
9226;0.326087;0.608696;0.043478;0.0;0.0;0.0;0.0;0.0;0.0;0.0;0.0;0.0;0.0;0.0;0.0;0.021739
9227;0.387097;0.408602;0.096774;0.0;0.064516;0.0;0.0;0.0;0.0;0.0;0.0;0.0;0.0;0.0;0.0;0.043011
9228;0.246154;0.592308;0.084615;0.0;0.069231;0.0;0.0;0.0;0.0;0.0;0.0;0.0;0.0;0.0;0.0;0.007692
9229;0.312;0.504;0.128;0.0;0.056;0.0;0.0;0.0;0.0;0.0;0.0;0.0;0.0;0.0;0.0;0.0
9230;0.0;0.894737;0.105263;0.0;0.0;0.0;0.0;0.0;0.0;0.0;0.0;0.0;0.0;0.0;0.0;0.0
9231;0.355556;0.511111;0.088889;0.0;0.044444;0.0;0.0;0.0;0.0;0.0;0.0;0.0;0.0;0.0;0.0;0.0
9232;0.409091;0.420455;0.090909;0.0;0.079545;0.0;0.0;0.0;0.0;0.0;0.0;0.0;0.0;0.0;0.0;0.0
9235;0.435185;0.37037;0.101852;0.0;0.074074;0.0;0.0;0.0;0.0;0.0;0.0;0.0;0.0;0.0;0.0;0.018519
9236;0.041667;0.833333;0.125;0.0;0.0;0.0;0.0;0.0;0.0;0.0;0.0;0.0;0.0;0.0;0.0;0.0
9238;0.365462;0.435743;0.090361;0.0;0.086345;0.0;0.0;0.0;0.0;0.0;0.0;0.0;0.0;0.0;0.0;0.022088
9239;0.125;0.71875;0.09375;0.0;0.0625;0.0;0.0;0.0;0.0;0.0;0.0;0.0;0.0;0.0;0.0;0.0
9241;0.337209;0.348837;0.209302;0.0;0.052326;0.0;0.0;0.0;0.0;0.0;0.0;0.0;0.0;0.0;0.0;0.052326
9242;0.326087;0.413043;0.152174;0.0;0.108696;0.0;0.0;0.0;0.0;0.0;0.0;0.0;0.0;0.0;0.0;0.0
9243;0.280702;0.438596;0.140351;0.0;0.105263;0.0;0.0;0.0;0.0;0.0;0.0;0.0;0.0;0.0;0.0;0.035088
9244;0.297297;0.297297;0.243243;0.0;0.108108;0.0;0.0;0.0;0.0;0.0;0.0;0.0;0.0;0.0;0.0;0.054054
9246;0.274827;0.457275;0.117783;0.0;0.099307;0.0;0.0;0.0;0.0;0.0;0.0;0.0;0.0;0.0;0.0;0.050808
9247;0.2;0.333333;0.333333;0.0;0.066667;0.0;0.0;0.0;0.0;0.0;0.0;0.0;0.0;0.0;0.0;0.066667
9248;0.15942;0.565217;0.144928;0.0;0.086957;0.0;0.0;0.0;0.0;0.0;0.0;0.0;0.0;0.0;0.0;0.043478
9249;0.309524;0.547619;0.095238;0.0;0.047619;0.0;0.0;0.0;0.0;0.0;0.0;0.0;0.0;0.0;0.0;0.0
9250;0.395455;0.381818;0.109091;0.0;0.077273;0.0;0.0;0.0;0.0;0.0;0.0;0.0;0.0;0.0;0.0;0.036364
9251;0.306452;0.427419;0.137097;0.0;0.08871;0.0;0.0;0.0;0.0;0.0;0.0;0.0;0.0;0.0;0.0;0.040323
9253;0.28;0.44;0.12;0.0;0.133333;0.0;0.0;0.0;0.0;0.0;0.0;0.0;0.0;0.0;0.0;0.026667
9255;0.304348;0.478261;0.086957;0.0;0.014493;0.0;0.0;0.0;0.0;0.0;0.0;0.0;0.0;0.0;0.0;0.115942
9256;0.303571;0.464286;0.111607;0.0;0.066964;0.0;0.0;0.0;0.0;0.0;0.0;0.0;0.0;0.0;0.0;0.053571
9257;0.133333;0.493333;0.253333;0.0;0.106667;0.0;0.0;0.0;0.0;0.0;0.0;0.0;0.0;0.0;0.0;0.013333
9258;0.298507;0.514925;0.141791;0.0;0.029851;0.0;0.0;0.0;0.0;0.0;0.0;0.0;0.0;0.0;0.0;0.014925
9259;0.28125;0.46875;0.21875;0.0;0.026042;0.0;0.0;0.0;0.0;0.0;0.0;0.0;0.0;0.0;0.0;0.005208
9261;0.307692;0.428094;0.130435;0.0;0.107023;0.0;0.0;0.0;0.0;0.0;0.0;0.0;0.0;0.0;0.0;0.026756
9262;0.290076;0.465649;0.206107;0.0;0.030534;0.0;0.0;0.0;0.0;0.0;0.0;0.0;0.0;0.0;0.0;0.007634
9265;0.206897;0.62069;0.103448;0.0;0.068966;0.0;0.0;0.0;0.0;0.0;0.0;0.0;0.0;0.0;0.0;0.0
9266;0.259259;0.382716;0.271605;0.0;0.08642;0.0;0.0;0.0;0.0;0.0;0.0;0.0;0.0;0.0;0.0;0.0
9267;0.135802;0.740741;0.08642;0.0;0.0;0.0;0.0;0.0;0.0;0.0;0.0;0.0;0.0;0.0;0.0;0.037037
9268;0.487179;0.307692;0.102564;0.0;0.064103;0.0;0.0;0.0;0.0;0.0;0.0;0.0;0.0;0.0;0.0;0.038462
9269;0.25;0.541667;0.041667;0.0;0.125;0.0;0.0;0.0;0.0;0.0;0.0;0.0;0.0;0.0;0.0;0.041667
9270;0.15534;0.563107;0.145631;0.0;0.07767;0.0;0.0;0.0;0.0;0.0;0.0;0.0;0.0;0.0;0.0;0.058252
9272;0.287879;0.510101;0.151515;0.0;0.035354;0.0;0.0;0.0;0.0;0.0;0.0;0.0;0.0;0.0;0.0;0.015152
9273;0.170732;0.487805;0.292683;0.0;0.02439;0.0;0.0;0.0;0.0;0.0;0.0;0.0;0.0;0.0;0.0;0.02439
9274;0.424566;0.411215;0.070761;0.0;0.068091;0.0;0.0;0.0;0.0;0.0;0.0;0.0;0.0;0.0;0.0;0.025367
9275;0.25;0.558824;0.139706;0.0;0.051471;0.0;0.0;0.0;0.0;0.0;0.0;0.0;0.0;0.0;0.0;0.0
9276;0.414449;0.178707;0.121673;0.0;0.250951;0.0;0.0;0.0;0.0;0.0;0.0;0.0;0.0;0.0;0.0;0.034221
9277;0.516854;0.224719;0.044944;0.0;0.191011;0.0;0.0;0.0;0.0;0.0;0.0;0.0;0.0;0.0;0.0;0.022472
9279;0.2;0.592593;0.155556;0.0;0.051852;0.0;0.0;0.0;0.0;0.0;0.0;0.0;0.0;0.0;0.0;0.0
9280;0.272727;0.590909;0.090909;0.0;0.045455;0.0;0.0;0.0;0.0;0.0;0.0;0.0;0.0;0.0;0.0;0.0
9281;0.280899;0.426966;0.191011;0.0;0.05618;0.0;0.0;0.0;0.0;0.0;0.0;0.0;0.0;0.0;0.0;0.044944
9283;0.166667;0.555556;0.138889;0.0;0.027778;0.0;0.0;0.0;0.0;0.0;0.0;0.0;0.0;0.0;0.0;0.111111
9287;0.396226;0.289308;0.18239;0.0;0.08805;0.0;0.0;0.0;0.0;0.0;0.0;0.0;0.0;0.0;0.0;0.044025
9288;0.25;0.583333;0.133333;0.0;0.033333;0.0;0.0;0.0;0.0;0.0;0.0;0.0;0.0;0.0;0.0;0.0
9289;0.325354;0.405876;0.171926;0.0;0.07617;0.0;0.0;0.0;0.0;0.0;0.0;0.0;0.0;0.0;0.0;0.020675
9292;0.421053;0.298246;0.192982;0.0;0.052632;0.0;0.0;0.0;0.0;0.0;0.0;0.0;0.0;0.0;0.0;0.035088
9294;0.381579;0.276316;0.131579;0.0;0.184211;0.0;0.0;0.0;0.0;0.0;0.0;0.0;0.0;0.0;0.0;0.026316
9295;0.083333;0.777778;0.111111;0.0;0.027778;0.0;0.0;0.0;0.0;0.0;0.0;0.0;0.0;0.0;0.0;0.0
9297;0.170635;0.52381;0.170635;0.0;0.079365;0.0;0.0;0.0;0.0;0.0;0.0;0.0;0.0;0.0;0.0;0.055556
9298;0.145455;0.709091;0.054545;0.0;0.072727;0.0;0.0;0.0;0.0;0.0;0.0;0.0;0.0;0.0;0.0;0.018182
9301;0.267925;0.426415;0.209434;0.0;0.066038;0.0;0.0;0.0;0.0;0.0;0.0;0.0;0.0;0.0;0.0;0.030189
9302;0.144737;0.486842;0.210526;0.0;0.092105;0.0;0.0;0.0;0.0;0.0;0.0;0.0;0.0;0.0;0.0;0.065789
9303;0.126984;0.634921;0.190476;0.0;0.031746;0.0;0.0;0.0;0.0;0.0;0.0;0.0;0.0;0.0;0.0;0.015873
9304;0.167702;0.521739;0.173913;0.0;0.031056;0.0;0.0;0.0;0.0;0.0;0.0;0.0;0.0;0.0;0.0;0.10559
9306;0.197183;0.591549;0.169014;0.0;0.028169;0.0;0.0;0.0;0.0;0.0;0.0;0.0;0.0;0.0;0.0;0.014085
9307;0.507463;0.38806;0.074627;0.0;0.029851;0.0;0.0;0.0;0.0;0.0;0.0;0.0;0.0;0.0;0.0;0.0
9308;0.25641;0.487179;0.179487;0.0;0.0;0.0;0.0;0.0;0.0;0.0;0.0;0.0;0.0;0.0;0.0;0.076923
9309;0.260638;0.414894;0.255319;0.0;0.069149;0.0;0.0;0.0;0.0;0.0;0.0;0.0;0.0;0.0;0.0;0.0
9310;0.555556;0.333333;0.111111;0.0;0.0;0.0;0.0;0.0;0.0;0.0;0.0;0.0;0.0;0.0;0.0;0.0
9311;0.638298;0.212766;0.12766;0.0;0.021277;0.0;0.0;0.0;0.0;0.0;0.0;0.0;0.0;0.0;0.0;0.0
9312;0.219178;0.520548;0.136986;0.0;0.109589;0.0;0.0;0.0;0.0;0.0;0.0;0.0;0.0;0.0;0.0;0.013699
9314;0.380282;0.408451;0.084507;0.0;0.098592;0.0;0.0;0.0;0.0;0.0;0.0;0.0;0.0;0.0;0.0;0.028169
9315;0.221854;0.42053;0.215232;0.0;0.109272;0.0;0.0;0.0;0.0;0.0;0.0;0.0;0.0;0.0;0.0;0.033113
9316;0.244444;0.522222;0.177778;0.0;0.011111;0.0;0.0;0.0;0.0;0.0;0.0;0.0;0.0;0.0;0.0;0.044444
9317;0.294118;0.411765;0.0;0.0;0.294118;0.0;0.0;0.0;0.0;0.0;0.0;0.0;0.0;0.0;0.0;0.0
9318;0.292683;0.512195;0.073171;0.0;0.097561;0.0;0.0;0.0;0.0;0.0;0.0;0.0;0.0;0.0;0.0;0.02439
9321;0.341805;0.431201;0.163891;0.0;0.04645;0.0;0.0;0.0;0.0;0.0;0.0;0.0;0.0;0.0;0.0;0.016652
9323;0.219512;0.585366;0.073171;0.0;0.073171;0.0;0.0;0.0;0.0;0.0;0.0;0.0;0.0;0.0;0.0;0.04878
9325;0.235772;0.536585;0.146341;0.0;0.065041;0.0;0.0;0.0;0.0;0.0;0.0;0.0;0.0;0.0;0.0;0.01626
9326;0.304348;0.417391;0.226087;0.0;0.026087;0.0;0.0;0.0;0.0;0.0;0.0;0.0;0.0;0.0;0.0;0.026087
9327;0.3;0.4;0.2;0.0;0.05;0.0;0.0;0.0;0.0;0.0;0.0;0.0;0.0;0.0;0.0;0.05
9328;0.520833;0.416667;0.041667;0.0;0.0;0.0;0.0;0.0;0.0;0.0;0.0;0.0;0.0;0.0;0.0;0.020833
9329;0.3625;0.275;0.1375;0.0;0.1875;0.0;0.0;0.0;0.0;0.0;0.0;0.0;0.0;0.0;0.0;0.0375
9330;0.330484;0.488129;0.093067;0.0;0.066477;0.0;0.0;0.0;0.0;0.0;0.0;0.0;0.0;0.0;0.0;0.021842
9332;0.211538;0.442308;0.192308;0.0;0.115385;0.0;0.0;0.0;0.0;0.0;0.0;0.0;0.0;0.0;0.0;0.038462
9334;0.454545;0.272727;0.181818;0.0;0.060606;0.0;0.0;0.0;0.0;0.0;0.0;0.0;0.0;0.0;0.0;0.030303
9335;0.446154;0.353846;0.046154;0.0;0.076923;0.0;0.0;0.0;0.0;0.0;0.0;0.0;0.0;0.0;0.0;0.076923
9337;0.264706;0.382353;0.147059;0.0;0.176471;0.0;0.0;0.0;0.0;0.0;0.0;0.0;0.0;0.0;0.0;0.029412
9338;0.296089;0.379888;0.22905;0.0;0.050279;0.0;0.0;0.0;0.0;0.0;0.0;0.0;0.0;0.0;0.0;0.044693
9339;0.263736;0.494505;0.076923;0.0;0.142857;0.0;0.0;0.0;0.0;0.0;0.0;0.0;0.0;0.0;0.0;0.021978
9340;0.209302;0.697674;0.069767;0.0;0.023256;0.0;0.0;0.0;0.0;0.0;0.0;0.0;0.0;0.0;0.0;0.0
9343;0.25;0.602941;0.102941;0.0;0.044118;0.0;0.0;0.0;0.0;0.0;0.0;0.0;0.0;0.0;0.0;0.0
9345;0.423529;0.341176;0.152941;0.0;0.070588;0.0;0.0;0.0;0.0;0.0;0.0;0.0;0.0;0.0;0.0;0.011765
9346;0.260274;0.506849;0.123288;0.0;0.082192;0.0;0.0;0.0;0.0;0.0;0.0;0.0;0.0;0.0;0.0;0.027397
9347;0.288288;0.531532;0.063063;0.0;0.108108;0.0;0.0;0.0;0.0;0.0;0.0;0.0;0.0;0.0;0.0;0.009009
9348;0.375;0.451923;0.086538;0.0;0.076923;0.0;0.0;0.0;0.0;0.0;0.0;0.0;0.0;0.0;0.0;0.009615
9350;0.177914;0.665644;0.125767;0.0;0.018405;0.0;0.0;0.0;0.0;0.0;0.0;0.0;0.0;0.0;0.0;0.01227
9351;0.085106;0.659574;0.148936;0.0;0.106383;0.0;0.0;0.0;0.0;0.0;0.0;0.0;0.0;0.0;0.0;0.0
9352;0.230769;0.5;0.230769;0.0;0.025641;0.0;0.0;0.0;0.0;0.0;0.0;0.0;0.0;0.0;0.0;0.012821
9353;0.365385;0.365385;0.192308;0.0;0.057692;0.0;0.0;0.0;0.0;0.0;0.0;0.0;0.0;0.0;0.0;0.019231
9354;0.16;0.48;0.12;0.0;0.2;0.0;0.0;0.0;0.0;0.0;0.0;0.0;0.0;0.0;0.0;0.04
9355;0.035088;0.807018;0.122807;0.0;0.017544;0.0;0.0;0.0;0.0;0.0;0.0;0.0;0.0;0.0;0.0;0.017544
9356;0.244898;0.55102;0.102041;0.0;0.102041;0.0;0.0;0.0;0.0;0.0;0.0;0.0;0.0;0.0;0.0;0.0
9358;0.20339;0.632768;0.124294;0.0;0.028249;0.0;0.0;0.0;0.0;0.0;0.0;0.0;0.0;0.0;0.0;0.011299
9360;0.347826;0.391304;0.0;0.0;0.130435;0.0;0.0;0.0;0.0;0.0;0.0;0.0;0.0;0.0;0.0;0.130435
9361;0.252525;0.444444;0.151515;0.0;0.080808;0.0;0.0;0.0;0.0;0.0;0.0;0.0;0.0;0.0;0.0;0.070707
9362;0.343195;0.426036;0.130178;0.0;0.076923;0.0;0.0;0.0;0.0;0.0;0.0;0.0;0.0;0.0;0.0;0.023669
9363;0.138806;0.58806;0.202985;0.0;0.047761;0.0;0.0;0.0;0.0;0.0;0.0;0.0;0.0;0.0;0.0;0.022388
9365;0.166667;0.611111;0.166667;0.0;0.055556;0.0;0.0;0.0;0.0;0.0;0.0;0.0;0.0;0.0;0.0;0.0
9366;0.305085;0.491525;0.101695;0.0;0.084746;0.0;0.0;0.0;0.0;0.0;0.0;0.0;0.0;0.0;0.0;0.016949
9368;0.0;0.923077;0.0;0.0;0.076923;0.0;0.0;0.0;0.0;0.0;0.0;0.0;0.0;0.0;0.0;0.0
9369;0.396429;0.353571;0.092857;0.0;0.114286;0.0;0.0;0.0;0.0;0.0;0.0;0.0;0.0;0.0;0.0;0.042857
9372;0.298429;0.418848;0.183246;0.0;0.094241;0.0;0.0;0.0;0.0;0.0;0.0;0.0;0.0;0.0;0.0;0.005236
9373;0.146953;0.612903;0.200717;0.0;0.02509;0.0;0.0;0.0;0.0;0.0;0.0;0.0;0.0;0.0;0.0;0.014337
9374;0.258427;0.52809;0.157303;0.0;0.022472;0.0;0.0;0.0;0.0;0.0;0.0;0.0;0.0;0.0;0.0;0.033708
9375;0.234043;0.382979;0.382979;0.0;0.0;0.0;0.0;0.0;0.0;0.0;0.0;0.0;0.0;0.0;0.0;0.0
9377;0.251073;0.506438;0.145923;0.0;0.038627;0.0;0.0;0.0;0.0;0.0;0.0;0.0;0.0;0.0;0.0;0.05794
9378;0.208333;0.375;0.0;0.0;0.25;0.0;0.0;0.0;0.0;0.0;0.0;0.0;0.0;0.0;0.0;0.166667
9380;0.340426;0.425532;0.085106;0.0;0.085106;0.0;0.0;0.0;0.0;0.0;0.0;0.0;0.0;0.0;0.0;0.06383
9381;0.333333;0.555556;0.0;0.0;0.0;0.0;0.0;0.0;0.0;0.0;0.0;0.0;0.0;0.0;0.0;0.111111
9382;0.047619;0.857143;0.047619;0.0;0.0;0.0;0.0;0.0;0.0;0.0;0.0;0.0;0.0;0.0;0.0;0.047619
9384;0.207921;0.5;0.237624;0.0;0.044554;0.0;0.0;0.0;0.0;0.0;0.0;0.0;0.0;0.0;0.0;0.009901
9386;0.107143;0.625;0.142857;0.0;0.071429;0.0;0.0;0.0;0.0;0.0;0.0;0.0;0.0;0.0;0.0;0.053571
9387;0.375;0.3875;0.0625;0.0;0.15;0.0;0.0;0.0;0.0;0.0;0.0;0.0;0.0;0.0;0.0;0.025
9388;0.375;0.291667;0.208333;0.0;0.125;0.0;0.0;0.0;0.0;0.0;0.0;0.0;0.0;0.0;0.0;0.0
9389;0.207547;0.641509;0.075472;0.0;0.037736;0.0;0.0;0.0;0.0;0.0;0.0;0.0;0.0;0.0;0.0;0.037736
9390;0.334101;0.470046;0.147465;0.0;0.039171;0.0;0.0;0.0;0.0;0.0;0.0;0.0;0.0;0.0;0.0;0.009217
9391;0.287554;0.527897;0.11588;0.0;0.034335;0.0;0.0;0.0;0.0;0.0;0.0;0.0;0.0;0.0;0.0;0.034335
9392;0.378378;0.378378;0.162162;0.0;0.054054;0.0;0.0;0.0;0.0;0.0;0.0;0.0;0.0;0.0;0.0;0.027027
9394;0.428246;0.405467;0.063781;0.0;0.082005;0.0;0.0;0.0;0.0;0.0;0.0;0.0;0.0;0.0;0.0;0.020501
9395;0.247423;0.381443;0.185567;0.0;0.154639;0.0;0.0;0.0;0.0;0.0;0.0;0.0;0.0;0.0;0.0;0.030928
9396;0.183486;0.568807;0.165138;0.0;0.06422;0.0;0.0;0.0;0.0;0.0;0.0;0.0;0.0;0.0;0.0;0.018349
9398;0.42;0.32;0.24;0.0;0.02;0.0;0.0;0.0;0.0;0.0;0.0;0.0;0.0;0.0;0.0;0.0
9400;0.454918;0.331967;0.102459;0.0;0.069672;0.0;0.0;0.0;0.0;0.0;0.0;0.0;0.0;0.0;0.0;0.040984
9403;0.181818;0.675325;0.103896;0.0;0.038961;0.0;0.0;0.0;0.0;0.0;0.0;0.0;0.0;0.0;0.0;0.0
9405;0.244186;0.5;0.139535;0.0;0.034884;0.0;0.0;0.0;0.0;0.0;0.0;0.0;0.0;0.0;0.0;0.081395
9406;0.268041;0.350515;0.180412;0.0;0.170103;0.0;0.0;0.0;0.0;0.0;0.0;0.0;0.0;0.0;0.0;0.030928
9407;0.5;0.35;0.0;0.0;0.1;0.0;0.0;0.0;0.0;0.0;0.0;0.0;0.0;0.0;0.0;0.05
9408;0.135135;0.675676;0.108108;0.0;0.054054;0.0;0.0;0.0;0.0;0.0;0.0;0.0;0.0;0.0;0.0;0.027027
9409;0.407407;0.185185;0.160494;0.0;0.074074;0.0;0.0;0.0;0.0;0.0;0.0;0.0;0.0;0.0;0.0;0.17284
9410;0.449124;0.251775;0.103171;0.0;0.168008;0.0;0.0;0.0;0.0;0.0;0.0;0.0;0.0;0.0;0.0;0.027922
9411;0.345455;0.363636;0.163636;0.0;0.081818;0.0;0.0;0.0;0.0;0.0;0.0;0.0;0.0;0.0;0.0;0.045455
9412;0.295858;0.416174;0.126233;0.0;0.140039;0.0;0.0;0.0;0.0;0.0;0.0;0.0;0.0;0.0;0.0;0.021696
9413;0.294964;0.47482;0.111511;0.0;0.086331;0.0;0.0;0.0;0.0;0.0;0.0;0.0;0.0;0.0;0.0;0.032374
9414;0.314286;0.535714;0.1;0.0;0.042857;0.0;0.0;0.0;0.0;0.0;0.0;0.0;0.0;0.0;0.0;0.007143
9415;0.226131;0.557789;0.140704;0.0;0.035176;0.0;0.0;0.0;0.0;0.0;0.0;0.0;0.0;0.0;0.0;0.040201
9416;0.269231;0.230769;0.192308;0.0;0.269231;0.0;0.0;0.0;0.0;0.0;0.0;0.0;0.0;0.0;0.0;0.038462
9417;0.096774;0.612903;0.290323;0.0;0.0;0.0;0.0;0.0;0.0;0.0;0.0;0.0;0.0;0.0;0.0;0.0
9418;0.172414;0.672414;0.155172;0.0;0.0;0.0;0.0;0.0;0.0;0.0;0.0;0.0;0.0;0.0;0.0;0.0
9419;0.088889;0.733333;0.111111;0.0;0.066667;0.0;0.0;0.0;0.0;0.0;0.0;0.0;0.0;0.0;0.0;0.0
9421;0.308108;0.437838;0.12973;0.0;0.091892;0.0;0.0;0.0;0.0;0.0;0.0;0.0;0.0;0.0;0.0;0.032432
9422;0.2;0.65;0.15;0.0;0.0;0.0;0.0;0.0;0.0;0.0;0.0;0.0;0.0;0.0;0.0;0.0
9423;0.095238;0.761905;0.047619;0.0;0.0;0.0;0.0;0.0;0.0;0.0;0.0;0.0;0.0;0.0;0.0;0.095238
9424;0.130435;0.608696;0.217391;0.0;0.043478;0.0;0.0;0.0;0.0;0.0;0.0;0.0;0.0;0.0;0.0;0.0
9425;0.398773;0.371166;0.095092;0.0;0.116564;0.0;0.0;0.0;0.0;0.0;0.0;0.0;0.0;0.0;0.0;0.018405
9427;0.250271;0.548212;0.108342;0.0;0.073673;0.0;0.0;0.0;0.0;0.0;0.0;0.0;0.0;0.0;0.0;0.019502
9428;0.333333;0.474359;0.166667;0.0;0.012821;0.0;0.0;0.0;0.0;0.0;0.0;0.0;0.0;0.0;0.0;0.012821
9429;0.166667;0.566667;0.266667;0.0;0.0;0.0;0.0;0.0;0.0;0.0;0.0;0.0;0.0;0.0;0.0;0.0
9430;0.5;0.3;0.15;0.0;0.0;0.0;0.0;0.0;0.0;0.0;0.0;0.0;0.0;0.0;0.0;0.05
9431;0.235294;0.494118;0.2;0.0;0.058824;0.0;0.0;0.0;0.0;0.0;0.0;0.0;0.0;0.0;0.0;0.011765
9432;0.452174;0.443478;0.026087;0.0;0.069565;0.0;0.0;0.0;0.0;0.0;0.0;0.0;0.0;0.0;0.0;0.008696
9433;0.489362;0.340426;0.042553;0.0;0.106383;0.0;0.0;0.0;0.0;0.0;0.0;0.0;0.0;0.0;0.0;0.021277
9434;0.346311;0.382172;0.165984;0.0;0.081967;0.0;0.0;0.0;0.0;0.0;0.0;0.0;0.0;0.0;0.0;0.023566
9437;0.29108;0.483568;0.14554;0.0;0.042254;0.0;0.0;0.0;0.0;0.0;0.0;0.0;0.0;0.0;0.0;0.037559
9438;0.297872;0.429787;0.13617;0.0;0.121277;0.0;0.0;0.0;0.0;0.0;0.0;0.0;0.0;0.0;0.0;0.014894
9439;0.263889;0.378788;0.204545;0.0;0.104798;0.0;0.0;0.0;0.0;0.0;0.0;0.0;0.0;0.0;0.0;0.04798
9440;0.390625;0.453125;0.09375;0.0;0.0625;0.0;0.0;0.0;0.0;0.0;0.0;0.0;0.0;0.0;0.0;0.0
9441;0.057971;0.536232;0.391304;0.0;0.014493;0.0;0.0;0.0;0.0;0.0;0.0;0.0;0.0;0.0;0.0;0.0
9442;0.386029;0.419118;0.099265;0.0;0.058824;0.0;0.0;0.0;0.0;0.0;0.0;0.0;0.0;0.0;0.0;0.036765
9443;0.274336;0.460177;0.150442;0.0;0.070796;0.0;0.0;0.0;0.0;0.0;0.0;0.0;0.0;0.0;0.0;0.044248
9444;0.086957;0.717391;0.152174;0.0;0.021739;0.0;0.0;0.0;0.0;0.0;0.0;0.0;0.0;0.0;0.0;0.021739
9445;0.4;0.4;0.057143;0.0;0.085714;0.0;0.0;0.0;0.0;0.0;0.0;0.0;0.0;0.0;0.0;0.057143
9446;0.555556;0.333333;0.0;0.0;0.111111;0.0;0.0;0.0;0.0;0.0;0.0;0.0;0.0;0.0;0.0;0.0
9447;0.228571;0.542857;0.142857;0.0;0.085714;0.0;0.0;0.0;0.0;0.0;0.0;0.0;0.0;0.0;0.0;0.0
9448;0.125828;0.741722;0.086093;0.0;0.02649;0.0;0.0;0.0;0.0;0.0;0.0;0.0;0.0;0.0;0.0;0.019868
9449;0.05;0.6125;0.2875;0.0;0.05;0.0;0.0;0.0;0.0;0.0;0.0;0.0;0.0;0.0;0.0;0.0
9450;0.454545;0.454545;0.045455;0.0;0.0;0.0;0.0;0.0;0.0;0.0;0.0;0.0;0.0;0.0;0.0;0.045455
9451;0.540541;0.259459;0.048649;0.0;0.124324;0.0;0.0;0.0;0.0;0.0;0.0;0.0;0.0;0.0;0.0;0.027027
9454;0.266667;0.4;0.2;0.0;0.066667;0.0;0.0;0.0;0.0;0.0;0.0;0.0;0.0;0.0;0.0;0.066667
9455;0.108108;0.378378;0.486486;0.0;0.027027;0.0;0.0;0.0;0.0;0.0;0.0;0.0;0.0;0.0;0.0;0.0
9456;0.333333;0.505051;0.111111;0.0;0.040404;0.0;0.0;0.0;0.0;0.0;0.0;0.0;0.0;0.0;0.0;0.010101
9458;0.277512;0.327751;0.229665;0.0;0.124402;0.0;0.0;0.0;0.0;0.0;0.0;0.0;0.0;0.0;0.0;0.04067
9460;0.204724;0.590551;0.110236;0.0;0.07874;0.0;0.0;0.0;0.0;0.0;0.0;0.0;0.0;0.0;0.0;0.015748
9463;0.356383;0.388298;0.154255;0.0;0.085106;0.0;0.0;0.0;0.0;0.0;0.0;0.0;0.0;0.0;0.0;0.015957
9464;0.307692;0.423077;0.230769;0.0;0.038462;0.0;0.0;0.0;0.0;0.0;0.0;0.0;0.0;0.0;0.0;0.0
9466;0.168675;0.650602;0.144578;0.0;0.012048;0.0;0.0;0.0;0.0;0.0;0.0;0.0;0.0;0.0;0.0;0.024096
9467;0.257143;0.628571;0.114286;0.0;0.0;0.0;0.0;0.0;0.0;0.0;0.0;0.0;0.0;0.0;0.0;0.0
9471;0.338843;0.512397;0.049587;0.0;0.099174;0.0;0.0;0.0;0.0;0.0;0.0;0.0;0.0;0.0;0.0;0.0
9472;0.333333;0.487179;0.102564;0.0;0.076923;0.0;0.0;0.0;0.0;0.0;0.0;0.0;0.0;0.0;0.0;0.0
9473;0.205882;0.514706;0.205882;0.0;0.073529;0.0;0.0;0.0;0.0;0.0;0.0;0.0;0.0;0.0;0.0;0.0
9476;0.259259;0.62963;0.074074;0.0;0.018519;0.0;0.0;0.0;0.0;0.0;0.0;0.0;0.0;0.0;0.0;0.018519
9478;0.514286;0.314286;0.028571;0.0;0.114286;0.0;0.0;0.0;0.0;0.0;0.0;0.0;0.0;0.0;0.0;0.028571
9480;0.303371;0.494382;0.089888;0.0;0.044944;0.0;0.0;0.0;0.0;0.0;0.0;0.0;0.0;0.0;0.0;0.067416
9482;0.125;0.666667;0.166667;0.0;0.0;0.0;0.0;0.0;0.0;0.0;0.0;0.0;0.0;0.0;0.0;0.041667
9483;0.344371;0.443709;0.099338;0.0;0.086093;0.0;0.0;0.0;0.0;0.0;0.0;0.0;0.0;0.0;0.0;0.02649
9485;0.113636;0.727273;0.136364;0.0;0.022727;0.0;0.0;0.0;0.0;0.0;0.0;0.0;0.0;0.0;0.0;0.0
9901;0.29108;0.521127;0.065728;0.0;0.075117;0.0;0.0;0.0;0.0;0.0;0.0;0.0;0.0;0.0;0.0;0.046948
9902;0.314869;0.411079;0.177843;0.0;0.06414;0.0;0.0;0.0;0.0;0.0;0.0;0.0;0.0;0.0;0.0;0.03207
9903;0.332566;0.429756;0.124367;0.0;0.076002;0.0;0.0;0.0;0.0;0.0;0.0;0.0;0.0;0.0;0.0;0.03731
9904;0.314516;0.473118;0.126344;0.0;0.069892;0.0;0.0;0.0;0.0;0.0;0.0;0.0;0.0;0.0;0.0;0.016129
9905;0.34471;0.354949;0.116041;0.0;0.146758;0.0;0.0;0.0;0.0;0.0;0.0;0.0;0.0;0.0;0.0;0.037543
9906;0.243392;0.462555;0.199339;0.0;0.071586;0.0;0.0;0.0;0.0;0.0;0.0;0.0;0.0;0.0;0.0;0.023128
9907;0.333044;0.352992;0.171726;0.0;0.084128;0.0;0.0;0.0;0.0;0.0;0.0;0.0;0.0;0.0;0.0;0.058109
9908;0.318644;0.40678;0.162712;0.0;0.088136;0.0;0.0;0.0;0.0;0.0;0.0;0.0;0.0;0.0;0.0;0.023729
10001;0.556034;0.271552;0.12069;0.0;0.043103;0.0;0.0;0.0;0.0;0.0;0.0;0.0;0.0;0.0;0.0;0.008621
10002;0.477663;0.28866;0.164948;0.0;0.061856;0.0;0.0;0.0;0.0;0.0;0.0;0.0;0.0;0.0;0.0;0.006873
10003;0.365672;0.41791;0.119403;0.0;0.087065;0.0;0.0;0.0;0.0;0.0;0.0;0.0;0.0;0.0;0.0;0.00995
10004;0.444215;0.340909;0.17562;0.0;0.028926;0.0;0.0;0.0;0.0;0.0;0.0;0.0;0.0;0.0;0.0;0.010331
10005;0.408955;0.385075;0.143284;0.0;0.029851;0.0;0.0;0.0;0.0;0.0;0.0;0.0;0.0;0.0;0.0;0.032836
10006;0.482613;0.365648;0.118019;0.0;0.023182;0.0;0.0;0.0;0.0;0.0;0.0;0.0;0.0;0.0;0.0;0.010537
10007;0.289888;0.503371;0.182022;0.0;0.024719;0.0;0.0;0.0;0.0;0.0;0.0;0.0;0.0;0.0;0.0;0.0
10008;0.353196;0.47454;0.105092;0.0;0.054171;0.0;0.0;0.0;0.0;0.0;0.0;0.0;0.0;0.0;0.0;0.013001
10009;0.397436;0.461538;0.089744;0.0;0.044872;0.0;0.0;0.0;0.0;0.0;0.0;0.0;0.0;0.0;0.0;0.00641
10010;0.482784;0.313553;0.135531;0.0;0.050549;0.0;0.0;0.0;0.0;0.0;0.0;0.0;0.0;0.0;0.0;0.017582
10011;0.507212;0.28125;0.149038;0.0;0.045673;0.0;0.0;0.0;0.0;0.0;0.0;0.0;0.0;0.0;0.0;0.016827
10012;0.492135;0.301124;0.107865;0.0;0.085393;0.0;0.0;0.0;0.0;0.0;0.0;0.0;0.0;0.0;0.0;0.013483
10013;0.363636;0.44385;0.117647;0.0;0.069519;0.0;0.0;0.0;0.0;0.0;0.0;0.0;0.0;0.0;0.0;0.005348
10014;0.44241;0.376049;0.144165;0.0;0.032799;0.0;0.0;0.0;0.0;0.0;0.0;0.0;0.0;0.0;0.0;0.004577
10015;0.470067;0.32816;0.108647;0.0;0.059867;0.0;0.0;0.0;0.0;0.0;0.0;0.0;0.0;0.0;0.0;0.033259
10016;0.447257;0.278481;0.177215;0.0;0.067511;0.0;0.0;0.0;0.0;0.0;0.0;0.0;0.0;0.0;0.0;0.029536
10017;0.414763;0.420035;0.137083;0.0;0.026362;0.0;0.0;0.0;0.0;0.0;0.0;0.0;0.0;0.0;0.0;0.001757
10018;0.466102;0.269068;0.179025;0.0;0.072034;0.0;0.0;0.0;0.0;0.0;0.0;0.0;0.0;0.0;0.0;0.013771
10019;0.316881;0.391905;0.187562;0.0;0.085884;0.0;0.0;0.0;0.0;0.0;0.0;0.0;0.0;0.0;0.0;0.017769
10020;0.557627;0.308475;0.073729;0.0;0.05339;0.0;0.0;0.0;0.0;0.0;0.0;0.0;0.0;0.0;0.0;0.00678
10021;0.516468;0.290617;0.085801;0.0;0.084417;0.0;0.0;0.0;0.0;0.0;0.0;0.0;0.0;0.0;0.0;0.022696
10022;0.427586;0.434483;0.055172;0.0;0.058621;0.0;0.0;0.0;0.0;0.0;0.0;0.0;0.0;0.0;0.0;0.024138
10023;0.510239;0.31058;0.107509;0.0;0.049488;0.0;0.0;0.0;0.0;0.0;0.0;0.0;0.0;0.0;0.0;0.022184
10024;0.286316;0.477895;0.124211;0.0;0.092632;0.0;0.0;0.0;0.0;0.0;0.0;0.0;0.0;0.0;0.0;0.018947
10025;0.489796;0.302721;0.098639;0.0;0.078231;0.0;0.0;0.0;0.0;0.0;0.0;0.0;0.0;0.0;0.0;0.030612
10026;0.330059;0.341847;0.202358;0.0;0.104126;0.0;0.0;0.0;0.0;0.0;0.0;0.0;0.0;0.0;0.0;0.021611
10027;0.676471;0.264706;0.044118;0.0;0.014706;0.0;0.0;0.0;0.0;0.0;0.0;0.0;0.0;0.0;0.0;0.0
10028;0.48;0.373333;0.093333;0.0;0.053333;0.0;0.0;0.0;0.0;0.0;0.0;0.0;0.0;0.0;0.0;0.0
10029;0.6;0.228571;0.128571;0.0;0.042857;0.0;0.0;0.0;0.0;0.0;0.0;0.0;0.0;0.0;0.0;0.0
10030;0.409375;0.35;0.2;0.0;0.040625;0.0;0.0;0.0;0.0;0.0;0.0;0.0;0.0;0.0;0.0;0.0
10031;0.31746;0.468254;0.126984;0.0;0.071429;0.0;0.0;0.0;0.0;0.0;0.0;0.0;0.0;0.0;0.0;0.015873
10032;0.370872;0.452159;0.088908;0.0;0.08044;0.0;0.0;0.0;0.0;0.0;0.0;0.0;0.0;0.0;0.0;0.007621
10033;0.240741;0.459259;0.251852;0.0;0.02963;0.0;0.0;0.0;0.0;0.0;0.0;0.0;0.0;0.0;0.0;0.018519
10034;0.489879;0.356275;0.072874;0.0;0.072874;0.0;0.0;0.0;0.0;0.0;0.0;0.0;0.0;0.0;0.0;0.008097
10035;0.516758;0.262666;0.096648;0.0;0.115355;0.0;0.0;0.0;0.0;0.0;0.0;0.0;0.0;0.0;0.0;0.008574
10036;0.652893;0.235537;0.061983;0.0;0.045455;0.0;0.0;0.0;0.0;0.0;0.0;0.0;0.0;0.0;0.0;0.004132
10037;0.334176;0.427574;0.128479;0.0;0.08415;0.0;0.0;0.0;0.0;0.0;0.0;0.0;0.0;0.0;0.0;0.025622
10038;0.241935;0.419355;0.290323;0.0;0.032258;0.0;0.0;0.0;0.0;0.0;0.0;0.0;0.0;0.0;0.0;0.016129
10039;0.379061;0.400722;0.129964;0.0;0.072202;0.0;0.0;0.0;0.0;0.0;0.0;0.0;0.0;0.0;0.0;0.018051
10040;0.468553;0.305031;0.125786;0.0;0.078616;0.0;0.0;0.0;0.0;0.0;0.0;0.0;0.0;0.0;0.0;0.022013
10041;0.401299;0.411688;0.120779;0.0;0.05974;0.0;0.0;0.0;0.0;0.0;0.0;0.0;0.0;0.0;0.0;0.006494
10042;0.519231;0.269231;0.153846;0.0;0.057692;0.0;0.0;0.0;0.0;0.0;0.0;0.0;0.0;0.0;0.0;0.0
10043;0.502674;0.311943;0.11943;0.0;0.055258;0.0;0.0;0.0;0.0;0.0;0.0;0.0;0.0;0.0;0.0;0.010695
10044;0.527255;0.239841;0.145689;0.0;0.059465;0.0;0.0;0.0;0.0;0.0;0.0;0.0;0.0;0.0;0.0;0.02775
10045;0.489914;0.340058;0.092219;0.0;0.072046;0.0;0.0;0.0;0.0;0.0;0.0;0.0;0.0;0.0;0.0;0.005764
10046;0.51938;0.24031;0.077519;0.0;0.131783;0.0;0.0;0.0;0.0;0.0;0.0;0.0;0.0;0.0;0.0;0.031008
10047;0.490832;0.318759;0.088858;0.0;0.090268;0.0;0.0;0.0;0.0;0.0;0.0;0.0;0.0;0.0;0.0;0.011283
10048;0.280576;0.510791;0.18705;0.0;0.014388;0.0;0.0;0.0;0.0;0.0;0.0;0.0;0.0;0.0;0.0;0.007194
10049;0.426817;0.422723;0.093825;0.0;0.034118;0.0;0.0;0.0;0.0;0.0;0.0;0.0;0.0;0.0;0.0;0.022518
10050;0.397203;0.454545;0.111888;0.0;0.025175;0.0;0.0;0.0;0.0;0.0;0.0;0.0;0.0;0.0;0.0;0.011189
10051;0.280528;0.528053;0.145215;0.0;0.016502;0.0;0.0;0.0;0.0;0.0;0.0;0.0;0.0;0.0;0.0;0.029703
10052;0.108696;0.565217;0.26087;0.0;0.050725;0.0;0.0;0.0;0.0;0.0;0.0;0.0;0.0;0.0;0.0;0.014493
10053;0.376963;0.445026;0.141361;0.0;0.031414;0.0;0.0;0.0;0.0;0.0;0.0;0.0;0.0;0.0;0.0;0.005236
10054;0.40796;0.373134;0.129353;0.0;0.074627;0.0;0.0;0.0;0.0;0.0;0.0;0.0;0.0;0.0;0.0;0.014925
10055;0.3375;0.422917;0.145833;0.0;0.072917;0.0;0.0;0.0;0.0;0.0;0.0;0.0;0.0;0.0;0.0;0.020833
10056;0.540984;0.297814;0.081967;0.0;0.062842;0.0;0.0;0.0;0.0;0.0;0.0;0.0;0.0;0.0;0.0;0.016393
10057;0.541176;0.2;0.152941;0.0;0.070588;0.0;0.0;0.0;0.0;0.0;0.0;0.0;0.0;0.0;0.0;0.035294
10058;0.460829;0.288786;0.170507;0.0;0.072197;0.0;0.0;0.0;0.0;0.0;0.0;0.0;0.0;0.0;0.0;0.00768
10059;0.484163;0.361991;0.122172;0.0;0.0181;0.0;0.0;0.0;0.0;0.0;0.0;0.0;0.0;0.0;0.0;0.013575
10060;0.406107;0.352672;0.203053;0.0;0.032061;0.0;0.0;0.0;0.0;0.0;0.0;0.0;0.0;0.0;0.0;0.006107
10061;0.533771;0.273921;0.110694;0.0;0.054409;0.0;0.0;0.0;0.0;0.0;0.0;0.0;0.0;0.0;0.0;0.027205
10062;0.612903;0.174194;0.067742;0.0;0.1;0.0;0.0;0.0;0.0;0.0;0.0;0.0;0.0;0.0;0.0;0.045161
10063;0.434109;0.426357;0.069767;0.0;0.069767;0.0;0.0;0.0;0.0;0.0;0.0;0.0;0.0;0.0;0.0;0.0
10064;0.42327;0.402207;0.136409;0.0;0.035105;0.0;0.0;0.0;0.0;0.0;0.0;0.0;0.0;0.0;0.0;0.003009
10065;0.480447;0.212291;0.156425;0.0;0.128492;0.0;0.0;0.0;0.0;0.0;0.0;0.0;0.0;0.0;0.0;0.022346
10066;0.405797;0.442029;0.123188;0.0;0.028986;0.0;0.0;0.0;0.0;0.0;0.0;0.0;0.0;0.0;0.0;0.0
10067;0.378912;0.402735;0.150832;0.0;0.054835;0.0;0.0;0.0;0.0;0.0;0.0;0.0;0.0;0.0;0.0;0.012687
10068;0.38921;0.360308;0.152216;0.0;0.073218;0.0;0.0;0.0;0.0;0.0;0.0;0.0;0.0;0.0;0.0;0.025048
10069;0.433333;0.375439;0.114035;0.0;0.04386;0.0;0.0;0.0;0.0;0.0;0.0;0.0;0.0;0.0;0.0;0.033333
10070;0.338809;0.451745;0.149897;0.0;0.039014;0.0;0.0;0.0;0.0;0.0;0.0;0.0;0.0;0.0;0.0;0.020534
10071;0.381579;0.434211;0.118421;0.0;0.065789;0.0;0.0;0.0;0.0;0.0;0.0;0.0;0.0;0.0;0.0;0.0
10072;0.586643;0.312274;0.059567;0.0;0.041516;0.0;0.0;0.0;0.0;0.0;0.0;0.0;0.0;0.0;0.0;0.0
10073;0.440711;0.381423;0.110672;0.0;0.051383;0.0;0.0;0.0;0.0;0.0;0.0;0.0;0.0;0.0;0.0;0.01581
10075;0.298701;0.350649;0.246753;0.0;0.103896;0.0;0.0;0.0;0.0;0.0;0.0;0.0;0.0;0.0;0.0;0.0
10076;0.472275;0.305927;0.160612;0.0;0.043977;0.0;0.0;0.0;0.0;0.0;0.0;0.0;0.0;0.0;0.0;0.017208
10077;0.414458;0.378313;0.118072;0.0;0.074699;0.0;0.0;0.0;0.0;0.0;0.0;0.0;0.0;0.0;0.0;0.014458
10078;0.466667;0.385185;0.040741;0.0;0.1;0.0;0.0;0.0;0.0;0.0;0.0;0.0;0.0;0.0;0.0;0.007407
10079;0.356358;0.362637;0.210361;0.0;0.062794;0.0;0.0;0.0;0.0;0.0;0.0;0.0;0.0;0.0;0.0;0.007849
10080;0.50813;0.329268;0.121951;0.0;0.028455;0.0;0.0;0.0;0.0;0.0;0.0;0.0;0.0;0.0;0.0;0.012195
10081;0.302326;0.457364;0.139535;0.0;0.062016;0.0;0.0;0.0;0.0;0.0;0.0;0.0;0.0;0.0;0.0;0.03876
10082;0.492595;0.293843;0.144193;0.0;0.050663;0.0;0.0;0.0;0.0;0.0;0.0;0.0;0.0;0.0;0.0;0.018706
10083;0.405405;0.243243;0.337838;0.0;0.013514;0.0;0.0;0.0;0.0;0.0;0.0;0.0;0.0;0.0;0.0;0.0
10084;0.446835;0.362025;0.120253;0.0;0.064557;0.0;0.0;0.0;0.0;0.0;0.0;0.0;0.0;0.0;0.0;0.006329
10085;0.289362;0.387234;0.280851;0.0;0.038298;0.0;0.0;0.0;0.0;0.0;0.0;0.0;0.0;0.0;0.0;0.004255
10086;0.316742;0.447964;0.162896;0.0;0.036199;0.0;0.0;0.0;0.0;0.0;0.0;0.0;0.0;0.0;0.0;0.036199
10087;0.402135;0.391459;0.162811;0.0;0.036477;0.0;0.0;0.0;0.0;0.0;0.0;0.0;0.0;0.0;0.0;0.007117
10088;0.325758;0.477273;0.166667;0.0;0.015152;0.0;0.0;0.0;0.0;0.0;0.0;0.0;0.0;0.0;0.0;0.015152
10089;0.507027;0.256216;0.140541;0.0;0.064865;0.0;0.0;0.0;0.0;0.0;0.0;0.0;0.0;0.0;0.0;0.031351
10090;0.438312;0.376623;0.12987;0.0;0.048701;0.0;0.0;0.0;0.0;0.0;0.0;0.0;0.0;0.0;0.0;0.006494
10091;0.375465;0.394052;0.133829;0.0;0.063197;0.0;0.0;0.0;0.0;0.0;0.0;0.0;0.0;0.0;0.0;0.033457
10092;0.5;0.367347;0.066327;0.0;0.056122;0.0;0.0;0.0;0.0;0.0;0.0;0.0;0.0;0.0;0.0;0.010204
10093;0.633094;0.219424;0.068345;0.0;0.068345;0.0;0.0;0.0;0.0;0.0;0.0;0.0;0.0;0.0;0.0;0.010791
10094;0.598726;0.235669;0.089172;0.0;0.070064;0.0;0.0;0.0;0.0;0.0;0.0;0.0;0.0;0.0;0.0;0.006369
10095;0.423913;0.391304;0.126812;0.0;0.039855;0.0;0.0;0.0;0.0;0.0;0.0;0.0;0.0;0.0;0.0;0.018116
10096;0.448305;0.341484;0.07293;0.0;0.119691;0.0;0.0;0.0;0.0;0.0;0.0;0.0;0.0;0.0;0.0;0.017589
10097;0.298701;0.402597;0.155844;0.0;0.025974;0.0;0.0;0.0;0.0;0.0;0.0;0.0;0.0;0.0;0.0;0.116883
10098;0.430421;0.339806;0.171521;0.0;0.048544;0.0;0.0;0.0;0.0;0.0;0.0;0.0;0.0;0.0;0.0;0.009709
10099;0.412791;0.337209;0.188953;0.0;0.040698;0.0;0.0;0.0;0.0;0.0;0.0;0.0;0.0;0.0;0.0;0.020349
10100;0.463511;0.319527;0.100592;0.0;0.104536;0.0;0.0;0.0;0.0;0.0;0.0;0.0;0.0;0.0;0.0;0.011834
10101;0.468254;0.34127;0.119048;0.0;0.055556;0.0;0.0;0.0;0.0;0.0;0.0;0.0;0.0;0.0;0.0;0.015873
10102;0.525333;0.322667;0.08;0.0;0.053333;0.0;0.0;0.0;0.0;0.0;0.0;0.0;0.0;0.0;0.0;0.018667
10103;0.481848;0.343234;0.108911;0.0;0.046205;0.0;0.0;0.0;0.0;0.0;0.0;0.0;0.0;0.0;0.0;0.019802
10104;0.338867;0.425873;0.157985;0.0;0.060675;0.0;0.0;0.0;0.0;0.0;0.0;0.0;0.0;0.0;0.0;0.0166
10105;0.357401;0.383875;0.190132;0.0;0.05355;0.0;0.0;0.0;0.0;0.0;0.0;0.0;0.0;0.0;0.0;0.015042
10106;0.542056;0.271028;0.11215;0.0;0.065421;0.0;0.0;0.0;0.0;0.0;0.0;0.0;0.0;0.0;0.0;0.009346
10107;0.516796;0.321705;0.068475;0.0;0.082687;0.0;0.0;0.0;0.0;0.0;0.0;0.0;0.0;0.0;0.0;0.010336
10108;0.253731;0.395522;0.283582;0.0;0.052239;0.0;0.0;0.0;0.0;0.0;0.0;0.0;0.0;0.0;0.0;0.014925
10109;0.405581;0.374884;0.146047;0.0;0.056744;0.0;0.0;0.0;0.0;0.0;0.0;0.0;0.0;0.0;0.0;0.016744
10110;0.320659;0.417617;0.174905;0.0;0.054499;0.0;0.0;0.0;0.0;0.0;0.0;0.0;0.0;0.0;0.0;0.032319
10111;0.328244;0.394766;0.167939;0.0;0.066521;0.0;0.0;0.0;0.0;0.0;0.0;0.0;0.0;0.0;0.0;0.04253
10112;0.363554;0.427017;0.165911;0.0;0.039891;0.0;0.0;0.0;0.0;0.0;0.0;0.0;0.0;0.0;0.0;0.003626
10113;0.49282;0.275457;0.091384;0.0;0.124674;0.0;0.0;0.0;0.0;0.0;0.0;0.0;0.0;0.0;0.0;0.015666
10114;0.596626;0.187117;0.08589;0.0;0.107362;0.0;0.0;0.0;0.0;0.0;0.0;0.0;0.0;0.0;0.0;0.023006
10115;0.388702;0.400673;0.124953;0.0;0.066592;0.0;0.0;0.0;0.0;0.0;0.0;0.0;0.0;0.0;0.0;0.01908
10116;0.422642;0.313208;0.140377;0.0;0.109057;0.0;0.0;0.0;0.0;0.0;0.0;0.0;0.0;0.0;0.0;0.014717
10117;0.577778;0.311111;0.088889;0.0;0.014815;0.0;0.0;0.0;0.0;0.0;0.0;0.0;0.0;0.0;0.0;0.007407
10118;0.456522;0.334783;0.073913;0.0;0.121739;0.0;0.0;0.0;0.0;0.0;0.0;0.0;0.0;0.0;0.0;0.013043
10119;0.527316;0.268409;0.15677;0.0;0.035629;0.0;0.0;0.0;0.0;0.0;0.0;0.0;0.0;0.0;0.0;0.011876
10120;0.461538;0.326923;0.144231;0.0;0.048077;0.0;0.0;0.0;0.0;0.0;0.0;0.0;0.0;0.0;0.0;0.019231
10121;0.385401;0.384672;0.14562;0.0;0.068066;0.0;0.0;0.0;0.0;0.0;0.0;0.0;0.0;0.0;0.0;0.016241
10122;0.366667;0.406667;0.14;0.0;0.073333;0.0;0.0;0.0;0.0;0.0;0.0;0.0;0.0;0.0;0.0;0.013333
10123;0.549451;0.27033;0.118681;0.0;0.054945;0.0;0.0;0.0;0.0;0.0;0.0;0.0;0.0;0.0;0.0;0.006593
10124;0.489198;0.316358;0.145062;0.0;0.041667;0.0;0.0;0.0;0.0;0.0;0.0;0.0;0.0;0.0;0.0;0.007716
10125;0.440072;0.339893;0.155635;0.0;0.053667;0.0;0.0;0.0;0.0;0.0;0.0;0.0;0.0;0.0;0.0;0.010733
10126;0.369678;0.457944;0.122534;0.0;0.036345;0.0;0.0;0.0;0.0;0.0;0.0;0.0;0.0;0.0;0.0;0.013499
10127;0.347674;0.355003;0.177183;0.0;0.09847;0.0;0.0;0.0;0.0;0.0;0.0;0.0;0.0;0.0;0.0;0.02167
10128;0.426296;0.37473;0.137689;0.0;0.048056;0.0;0.0;0.0;0.0;0.0;0.0;0.0;0.0;0.0;0.0;0.013229
10129;0.468;0.332;0.112;0.0;0.04;0.0;0.0;0.0;0.0;0.0;0.0;0.0;0.0;0.0;0.0;0.048
10130;0.554681;0.27144;0.061369;0.0;0.100708;0.0;0.0;0.0;0.0;0.0;0.0;0.0;0.0;0.0;0.0;0.011802
10131;0.311536;0.42458;0.183652;0.0;0.060638;0.0;0.0;0.0;0.0;0.0;0.0;0.0;0.0;0.0;0.0;0.019594
10132;0.513208;0.29434;0.173585;0.0;0.018868;0.0;0.0;0.0;0.0;0.0;0.0;0.0;0.0;0.0;0.0;0.0
10133;0.726867;0.164994;0.052397;0.0;0.045708;0.0;0.0;0.0;0.0;0.0;0.0;0.0;0.0;0.0;0.0;0.010033
10134;0.32266;0.465517;0.182266;0.0;0.027094;0.0;0.0;0.0;0.0;0.0;0.0;0.0;0.0;0.0;0.0;0.002463
10135;0.454654;0.356802;0.142005;0.0;0.039379;0.0;0.0;0.0;0.0;0.0;0.0;0.0;0.0;0.0;0.0;0.00716
10136;0.432039;0.330097;0.165049;0.0;0.072816;0.0;0.0;0.0;0.0;0.0;0.0;0.0;0.0;0.0;0.0;0.0
10137;0.428125;0.403125;0.1375;0.0;0.025;0.0;0.0;0.0;0.0;0.0;0.0;0.0;0.0;0.0;0.0;0.00625
10138;0.596447;0.243655;0.050761;0.0;0.086294;0.0;0.0;0.0;0.0;0.0;0.0;0.0;0.0;0.0;0.0;0.022843
10139;0.3625;0.4875;0.05;0.0;0.075;0.0;0.0;0.0;0.0;0.0;0.0;0.0;0.0;0.0;0.0;0.025
10140;0.349574;0.436054;0.170524;0.0;0.037759;0.0;0.0;0.0;0.0;0.0;0.0;0.0;0.0;0.0;0.0;0.00609
10141;0.399061;0.394366;0.187793;0.0;0.018779;0.0;0.0;0.0;0.0;0.0;0.0;0.0;0.0;0.0;0.0;0.0
10142;0.452424;0.32675;0.077199;0.0;0.129264;0.0;0.0;0.0;0.0;0.0;0.0;0.0;0.0;0.0;0.0;0.014363
10143;0.485437;0.378641;0.087379;0.0;0.038835;0.0;0.0;0.0;0.0;0.0;0.0;0.0;0.0;0.0;0.0;0.009709
10144;0.449472;0.423831;0.098039;0.0;0.022624;0.0;0.0;0.0;0.0;0.0;0.0;0.0;0.0;0.0;0.0;0.006033
10145;0.484848;0.333333;0.141414;0.0;0.040404;0.0;0.0;0.0;0.0;0.0;0.0;0.0;0.0;0.0;0.0;0.0
10146;0.400962;0.3625;0.156731;0.0;0.071154;0.0;0.0;0.0;0.0;0.0;0.0;0.0;0.0;0.0;0.0;0.008654
10147;0.567338;0.266172;0.074231;0.0;0.078473;0.0;0.0;0.0;0.0;0.0;0.0;0.0;0.0;0.0;0.0;0.013786
10148;0.361908;0.390859;0.141593;0.0;0.084549;0.0;0.0;0.0;0.0;0.0;0.0;0.0;0.0;0.0;0.0;0.021092
10149;0.430034;0.382253;0.12628;0.0;0.044369;0.0;0.0;0.0;0.0;0.0;0.0;0.0;0.0;0.0;0.0;0.017065
10150;0.555133;0.281369;0.095057;0.0;0.057034;0.0;0.0;0.0;0.0;0.0;0.0;0.0;0.0;0.0;0.0;0.011407
10151;0.444444;0.407407;0.096296;0.0;0.051852;0.0;0.0;0.0;0.0;0.0;0.0;0.0;0.0;0.0;0.0;0.0
10152;0.482315;0.318328;0.141479;0.0;0.051447;0.0;0.0;0.0;0.0;0.0;0.0;0.0;0.0;0.0;0.0;0.006431
10153;0.319372;0.460733;0.089005;0.0;0.099476;0.0;0.0;0.0;0.0;0.0;0.0;0.0;0.0;0.0;0.0;0.031414
10154;0.385827;0.464567;0.062992;0.0;0.086614;0.0;0.0;0.0;0.0;0.0;0.0;0.0;0.0;0.0;0.0;0.0
10155;0.5;0.341623;0.111257;0.0;0.043194;0.0;0.0;0.0;0.0;0.0;0.0;0.0;0.0;0.0;0.0;0.003927
10156;0.657895;0.25;0.013158;0.0;0.039474;0.0;0.0;0.0;0.0;0.0;0.0;0.0;0.0;0.0;0.0;0.039474
10157;0.356725;0.421053;0.134503;0.0;0.064327;0.0;0.0;0.0;0.0;0.0;0.0;0.0;0.0;0.0;0.0;0.023392
10158;0.551867;0.236515;0.174274;0.0;0.037344;0.0;0.0;0.0;0.0;0.0;0.0;0.0;0.0;0.0;0.0;0.0
10159;0.4;0.330612;0.253061;0.0;0.008163;0.0;0.0;0.0;0.0;0.0;0.0;0.0;0.0;0.0;0.0;0.008163
10160;0.526012;0.317919;0.057803;0.0;0.092486;0.0;0.0;0.0;0.0;0.0;0.0;0.0;0.0;0.0;0.0;0.00578
10161;0.457627;0.372881;0.169492;0.0;0.0;0.0;0.0;0.0;0.0;0.0;0.0;0.0;0.0;0.0;0.0;0.0
10162;0.63145;0.260442;0.058968;0.0;0.044226;0.0;0.0;0.0;0.0;0.0;0.0;0.0;0.0;0.0;0.0;0.004914
10163;0.462617;0.406542;0.093458;0.0;0.023364;0.0;0.0;0.0;0.0;0.0;0.0;0.0;0.0;0.0;0.0;0.014019
10164;0.556355;0.280576;0.103118;0.0;0.035971;0.0;0.0;0.0;0.0;0.0;0.0;0.0;0.0;0.0;0.0;0.023981
10165;0.4375;0.424107;0.084821;0.0;0.022321;0.0;0.0;0.0;0.0;0.0;0.0;0.0;0.0;0.0;0.0;0.03125
10166;0.274419;0.511628;0.167442;0.0;0.04186;0.0;0.0;0.0;0.0;0.0;0.0;0.0;0.0;0.0;0.0;0.004651
10167;0.415842;0.440594;0.108911;0.0;0.029703;0.0;0.0;0.0;0.0;0.0;0.0;0.0;0.0;0.0;0.0;0.00495
10168;0.493274;0.408072;0.044843;0.0;0.049327;0.0;0.0;0.0;0.0;0.0;0.0;0.0;0.0;0.0;0.0;0.004484
10169;0.419718;0.459155;0.073239;0.0;0.03662;0.0;0.0;0.0;0.0;0.0;0.0;0.0;0.0;0.0;0.0;0.011268
10170;0.340426;0.393617;0.132979;0.0;0.090426;0.0;0.0;0.0;0.0;0.0;0.0;0.0;0.0;0.0;0.0;0.042553
10171;0.475;0.375;0.095833;0.0;0.045833;0.0;0.0;0.0;0.0;0.0;0.0;0.0;0.0;0.0;0.0;0.008333
10172;0.410148;0.384778;0.143763;0.0;0.05074;0.0;0.0;0.0;0.0;0.0;0.0;0.0;0.0;0.0;0.0;0.010571
10173;0.28169;0.347418;0.288732;0.0;0.06338;0.0;0.0;0.0;0.0;0.0;0.0;0.0;0.0;0.0;0.0;0.018779
10174;0.333333;0.396825;0.15873;0.0;0.111111;0.0;0.0;0.0;0.0;0.0;0.0;0.0;0.0;0.0;0.0;0.0
10175;0.446219;0.322684;0.13312;0.0;0.088392;0.0;0.0;0.0;0.0;0.0;0.0;0.0;0.0;0.0;0.0;0.009585
10176;0.420408;0.302041;0.191837;0.0;0.073469;0.0;0.0;0.0;0.0;0.0;0.0;0.0;0.0;0.0;0.0;0.012245
10177;0.414449;0.320152;0.152091;0.0;0.085171;0.0;0.0;0.0;0.0;0.0;0.0;0.0;0.0;0.0;0.0;0.028137
10178;0.408644;0.438114;0.100196;0.0;0.035363;0.0;0.0;0.0;0.0;0.0;0.0;0.0;0.0;0.0;0.0;0.017682
10179;0.492891;0.298578;0.094787;0.0;0.099526;0.0;0.0;0.0;0.0;0.0;0.0;0.0;0.0;0.0;0.0;0.014218
10180;0.322275;0.346336;0.28035;0.0;0.042289;0.0;0.0;0.0;0.0;0.0;0.0;0.0;0.0;0.0;0.0;0.00875
10181;0.397206;0.387226;0.155689;0.0;0.043912;0.0;0.0;0.0;0.0;0.0;0.0;0.0;0.0;0.0;0.0;0.015968
10182;0.360465;0.302326;0.255814;0.0;0.05814;0.0;0.0;0.0;0.0;0.0;0.0;0.0;0.0;0.0;0.0;0.023256
10183;0.414847;0.377001;0.126638;0.0;0.071325;0.0;0.0;0.0;0.0;0.0;0.0;0.0;0.0;0.0;0.0;0.010189
10184;0.445269;0.426716;0.083488;0.0;0.03525;0.0;0.0;0.0;0.0;0.0;0.0;0.0;0.0;0.0;0.0;0.009276
10185;0.397163;0.41844;0.122931;0.0;0.056738;0.0;0.0;0.0;0.0;0.0;0.0;0.0;0.0;0.0;0.0;0.004728
10186;0.465021;0.38546;0.097394;0.0;0.041152;0.0;0.0;0.0;0.0;0.0;0.0;0.0;0.0;0.0;0.0;0.010974
10187;0.501805;0.256318;0.075812;0.0;0.119134;0.0;0.0;0.0;0.0;0.0;0.0;0.0;0.0;0.0;0.0;0.046931
10188;0.443804;0.380403;0.123919;0.0;0.023055;0.0;0.0;0.0;0.0;0.0;0.0;0.0;0.0;0.0;0.0;0.028818
10189;0.454947;0.34052;0.121614;0.0;0.069099;0.0;0.0;0.0;0.0;0.0;0.0;0.0;0.0;0.0;0.0;0.01382
10190;0.402899;0.336232;0.173913;0.0;0.072464;0.0;0.0;0.0;0.0;0.0;0.0;0.0;0.0;0.0;0.0;0.014493
10191;0.363636;0.35101;0.166667;0.0;0.103535;0.0;0.0;0.0;0.0;0.0;0.0;0.0;0.0;0.0;0.0;0.015152
10192;0.378378;0.459459;0.094595;0.0;0.042471;0.0;0.0;0.0;0.0;0.0;0.0;0.0;0.0;0.0;0.0;0.025097
10193;0.261181;0.493739;0.190519;0.0;0.041145;0.0;0.0;0.0;0.0;0.0;0.0;0.0;0.0;0.0;0.0;0.013417
10194;0.36715;0.398551;0.181159;0.0;0.048309;0.0;0.0;0.0;0.0;0.0;0.0;0.0;0.0;0.0;0.0;0.004831
10195;0.333653;0.434883;0.160776;0.0;0.057434;0.0;0.0;0.0;0.0;0.0;0.0;0.0;0.0;0.0;0.0;0.013254
10196;0.473684;0.416667;0.057018;0.0;0.035088;0.0;0.0;0.0;0.0;0.0;0.0;0.0;0.0;0.0;0.0;0.017544
10197;0.2875;0.35;0.3375;0.0;0.025;0.0;0.0;0.0;0.0;0.0;0.0;0.0;0.0;0.0;0.0;0.0
10198;0.348645;0.553592;0.074205;0.0;0.01649;0.0;0.0;0.0;0.0;0.0;0.0;0.0;0.0;0.0;0.0;0.007067
10199;0.2;0.316667;0.4;0.0;0.025;0.0;0.0;0.0;0.0;0.0;0.0;0.0;0.0;0.0;0.0;0.058333
10200;0.430189;0.358491;0.181132;0.0;0.030189;0.0;0.0;0.0;0.0;0.0;0.0;0.0;0.0;0.0;0.0;0.0
10201;0.454545;0.376623;0.12987;0.0;0.038961;0.0;0.0;0.0;0.0;0.0;0.0;0.0;0.0;0.0;0.0;0.0
10202;0.420814;0.361991;0.131222;0.0;0.070136;0.0;0.0;0.0;0.0;0.0;0.0;0.0;0.0;0.0;0.0;0.015837
10203;0.361653;0.387769;0.168926;0.0;0.063471;0.0;0.0;0.0;0.0;0.0;0.0;0.0;0.0;0.0;0.0;0.018182
10204;0.3367;0.410774;0.151515;0.0;0.084175;0.0;0.0;0.0;0.0;0.0;0.0;0.0;0.0;0.0;0.0;0.016835
10205;0.46971;0.307884;0.112033;0.0;0.091286;0.0;0.0;0.0;0.0;0.0;0.0;0.0;0.0;0.0;0.0;0.019087
10206;0.370629;0.398601;0.118881;0.0;0.097902;0.0;0.0;0.0;0.0;0.0;0.0;0.0;0.0;0.0;0.0;0.013986
10207;0.446367;0.352941;0.141869;0.0;0.055363;0.0;0.0;0.0;0.0;0.0;0.0;0.0;0.0;0.0;0.0;0.00346
10208;0.60241;0.253012;0.096386;0.0;0.036145;0.0;0.0;0.0;0.0;0.0;0.0;0.0;0.0;0.0;0.0;0.012048
10209;0.485876;0.327684;0.096045;0.0;0.079096;0.0;0.0;0.0;0.0;0.0;0.0;0.0;0.0;0.0;0.0;0.011299
10210;0.543478;0.332298;0.0;0.0;0.034161;0.0;0.0;0.0;0.0;0.0;0.0;0.0;0.0;0.0;0.0;0.090062
10211;0.502793;0.287709;0.136872;0.0;0.053073;0.0;0.0;0.0;0.0;0.0;0.0;0.0;0.0;0.0;0.0;0.019553
10212;0.465217;0.255652;0.082609;0.0;0.176522;0.0;0.0;0.0;0.0;0.0;0.0;0.0;0.0;0.0;0.0;0.02
10213;0.398977;0.429668;0.127877;0.0;0.030691;0.0;0.0;0.0;0.0;0.0;0.0;0.0;0.0;0.0;0.0;0.012788
10214;0.408046;0.41954;0.109195;0.0;0.057471;0.0;0.0;0.0;0.0;0.0;0.0;0.0;0.0;0.0;0.0;0.005747
10215;0.434783;0.32107;0.110368;0.0;0.120401;0.0;0.0;0.0;0.0;0.0;0.0;0.0;0.0;0.0;0.0;0.013378
10216;0.37156;0.405505;0.168807;0.0;0.044037;0.0;0.0;0.0;0.0;0.0;0.0;0.0;0.0;0.0;0.0;0.010092
10217;0.356608;0.456359;0.129676;0.0;0.032419;0.0;0.0;0.0;0.0;0.0;0.0;0.0;0.0;0.0;0.0;0.024938
10218;0.524893;0.365576;0.066856;0.0;0.02845;0.0;0.0;0.0;0.0;0.0;0.0;0.0;0.0;0.0;0.0;0.014225
10219;0.456311;0.346741;0.128988;0.0;0.055479;0.0;0.0;0.0;0.0;0.0;0.0;0.0;0.0;0.0;0.0;0.012483
10901;0.376738;0.319848;0.252845;0.0;0.046776;0.0;0.0;0.0;0.0;0.0;0.0;0.0;0.0;0.0;0.0;0.003793
10902;0.44636;0.377395;0.139847;0.0;0.028736;0.0;0.0;0.0;0.0;0.0;0.0;0.0;0.0;0.0;0.0;0.007663
10903;0.493007;0.27972;0.132867;0.0;0.057692;0.0;0.0;0.0;0.0;0.0;0.0;0.0;0.0;0.0;0.0;0.036713
10904;0.418787;0.264188;0.264188;0.0;0.041096;0.0;0.0;0.0;0.0;0.0;0.0;0.0;0.0;0.0;0.0;0.011742
10905;0.370023;0.318501;0.271663;0.0;0.035129;0.0;0.0;0.0;0.0;0.0;0.0;0.0;0.0;0.0;0.0;0.004684
11001;0.42336;0.311349;0.170228;0.0;0.080324;0.0;0.0;0.0;0.0;0.0;0.0;0.0;0.0;0.0;0.0;0.014738
11002;0.459539;0.081248;0.038999;0.0;0.411765;0.0;0.0;0.0;0.0;0.0;0.0;0.0;0.0;0.0;0.0;0.00845
11003;0.307975;0.48589;0.15092;0.0;0.046626;0.0;0.0;0.0;0.0;0.0;0.0;0.0;0.0;0.0;0.0;0.008589
11004;0.291611;0.361537;0.225295;0.0;0.097363;0.0;0.0;0.0;0.0;0.0;0.0;0.0;0.0;0.0;0.0;0.024193
11005;0.479753;0.314345;0.104324;0.0;0.087852;0.0;0.0;0.0;0.0;0.0;0.0;0.0;0.0;0.0;0.0;0.013727
11006;0.372982;0.356453;0.159886;0.0;0.087413;0.0;0.0;0.0;0.0;0.0;0.0;0.0;0.0;0.0;0.0;0.023268
11007;0.343397;0.342438;0.14539;0.0;0.139065;0.0;0.0;0.0;0.0;0.0;0.0;0.0;0.0;0.0;0.0;0.029711
11008;0.313674;0.342742;0.205409;0.0;0.10776;0.0;0.0;0.0;0.0;0.0;0.0;0.0;0.0;0.0;0.0;0.030415
11009;0.314031;0.474388;0.106904;0.0;0.089087;0.0;0.0;0.0;0.0;0.0;0.0;0.0;0.0;0.0;0.0;0.01559
11010;0.379407;0.299182;0.156106;0.0;0.148441;0.0;0.0;0.0;0.0;0.0;0.0;0.0;0.0;0.0;0.0;0.016863
11011;0.285714;0.452524;0.10864;0.0;0.11805;0.0;0.0;0.0;0.0;0.0;0.0;0.0;0.0;0.0;0.0;0.035073
11012;0.368254;0.347709;0.078122;0.0;0.166893;0.0;0.0;0.0;0.0;0.0;0.0;0.0;0.0;0.0;0.0;0.039023
11013;0.394855;0.336977;0.158199;0.0;0.093248;0.0;0.0;0.0;0.0;0.0;0.0;0.0;0.0;0.0;0.0;0.01672
11014;0.28621;0.372178;0.124175;0.0;0.186002;0.0;0.0;0.0;0.0;0.0;0.0;0.0;0.0;0.0;0.0;0.031435
11015;0.301219;0.357435;0.187995;0.0;0.12632;0.0;0.0;0.0;0.0;0.0;0.0;0.0;0.0;0.0;0.0;0.027031
11016;0.268848;0.346935;0.217896;0.0;0.139706;0.0;0.0;0.0;0.0;0.0;0.0;0.0;0.0;0.0;0.0;0.026616
11017;0.42546;0.28364;0.110842;0.0;0.170378;0.0;0.0;0.0;0.0;0.0;0.0;0.0;0.0;0.0;0.0;0.009681
11018;0.419111;0.38316;0.15421;0.0;0.037843;0.0;0.0;0.0;0.0;0.0;0.0;0.0;0.0;0.0;0.0;0.005676
11019;0.34127;0.411111;0.114286;0.0;0.107937;0.0;0.0;0.0;0.0;0.0;0.0;0.0;0.0;0.0;0.0;0.025397
11020;0.327986;0.37292;0.152452;0.0;0.118119;0.0;0.0;0.0;0.0;0.0;0.0;0.0;0.0;0.0;0.0;0.028522
11021;0.381533;0.339532;0.150369;0.0;0.108368;0.0;0.0;0.0;0.0;0.0;0.0;0.0;0.0;0.0;0.0;0.020199
11022;0.324646;0.359078;0.191928;0.0;0.089045;0.0;0.0;0.0;0.0;0.0;0.0;0.0;0.0;0.0;0.0;0.035303
11023;0.439647;0.286952;0.1237;0.0;0.1341;0.0;0.0;0.0;0.0;0.0;0.0;0.0;0.0;0.0;0.0;0.0156
11024;0.380195;0.368158;0.100386;0.0;0.135816;0.0;0.0;0.0;0.0;0.0;0.0;0.0;0.0;0.0;0.0;0.015444
11025;0.50542;0.286247;0.110095;0.0;0.080623;0.0;0.0;0.0;0.0;0.0;0.0;0.0;0.0;0.0;0.0;0.017615
11026;0.318047;0.418639;0.15858;0.0;0.085799;0.0;0.0;0.0;0.0;0.0;0.0;0.0;0.0;0.0;0.0;0.018935
11027;0.291548;0.38443;0.156574;0.0;0.138044;0.0;0.0;0.0;0.0;0.0;0.0;0.0;0.0;0.0;0.0;0.029404
11028;0.438068;0.189405;0.082516;0.0;0.248797;0.0;0.0;0.0;0.0;0.0;0.0;0.0;0.0;0.0;0.0;0.041214
11029;0.304236;0.235359;0.237201;0.0;0.208103;0.0;0.0;0.0;0.0;0.0;0.0;0.0;0.0;0.0;0.0;0.015101
11030;0.277253;0.416882;0.154195;0.0;0.114384;0.0;0.0;0.0;0.0;0.0;0.0;0.0;0.0;0.0;0.0;0.037286
11031;0.346052;0.341562;0.170781;0.0;0.111767;0.0;0.0;0.0;0.0;0.0;0.0;0.0;0.0;0.0;0.0;0.029839
11032;0.326301;0.343197;0.159517;0.0;0.141946;0.0;0.0;0.0;0.0;0.0;0.0;0.0;0.0;0.0;0.0;0.029039
11033;0.349614;0.347615;0.192802;0.0;0.085261;0.0;0.0;0.0;0.0;0.0;0.0;0.0;0.0;0.0;0.0;0.024707
11034;0.439364;0.339298;0.141153;0.0;0.062293;0.0;0.0;0.0;0.0;0.0;0.0;0.0;0.0;0.0;0.0;0.017893
11035;0.327891;0.395493;0.142791;0.0;0.11129;0.0;0.0;0.0;0.0;0.0;0.0;0.0;0.0;0.0;0.0;0.022534
11036;0.438799;0.411085;0.064665;0.0;0.073903;0.0;0.0;0.0;0.0;0.0;0.0;0.0;0.0;0.0;0.0;0.011547
11037;0.320406;0.118421;0.042475;0.0;0.493075;0.0;0.0;0.0;0.0;0.0;0.0;0.0;0.0;0.0;0.0;0.025623
11038;0.284231;0.487122;0.126743;0.0;0.075333;0.0;0.0;0.0;0.0;0.0;0.0;0.0;0.0;0.0;0.0;0.02657
11039;0.389995;0.372275;0.117453;0.0;0.101772;0.0;0.0;0.0;0.0;0.0;0.0;0.0;0.0;0.0;0.0;0.018504
11040;0.469136;0.345679;0.092593;0.0;0.070988;0.0;0.0;0.0;0.0;0.0;0.0;0.0;0.0;0.0;0.0;0.021605
11041;0.363509;0.381458;0.159513;0.0;0.076479;0.0;0.0;0.0;0.0;0.0;0.0;0.0;0.0;0.0;0.0;0.019042
11042;0.420596;0.356079;0.153846;0.0;0.049628;0.0;0.0;0.0;0.0;0.0;0.0;0.0;0.0;0.0;0.0;0.019851
11901;0.481656;0.287212;0.115042;0.0;0.100629;0.0;0.0;0.0;0.0;0.0;0.0;0.0;0.0;0.0;0.0;0.015461
11902;0.377988;0.389716;0.15742;0.0;0.058638;0.0;0.0;0.0;0.0;0.0;0.0;0.0;0.0;0.0;0.0;0.016238
11903;0.385093;0.325643;0.179237;0.0;0.099379;0.0;0.0;0.0;0.0;0.0;0.0;0.0;0.0;0.0;0.0;0.010648
12001;0.351759;0.370603;0.094221;0.0;0.180905;0.0;0.0;0.0;0.0;0.0;0.0;0.0;0.0;0.0;0.0;0.002513
12002;0.329787;0.202128;0.095745;0.0;0.351064;0.0;0.0;0.0;0.0;0.0;0.0;0.0;0.0;0.0;0.0;0.021277
12003;0.254692;0.438338;0.147453;0.0;0.155496;0.0;0.0;0.0;0.0;0.0;0.0;0.0;0.0;0.0;0.0;0.004021
12004;0.327389;0.360828;0.177389;0.0;0.128344;0.0;0.0;0.0;0.0;0.0;0.0;0.0;0.0;0.0;0.0;0.006051
12005;0.361294;0.328952;0.155137;0.0;0.145797;0.0;0.0;0.0;0.0;0.0;0.0;0.0;0.0;0.0;0.0;0.00882
12006;0.388535;0.248408;0.210191;0.0;0.152866;0.0;0.0;0.0;0.0;0.0;0.0;0.0;0.0;0.0;0.0;0.0
12007;0.258481;0.397415;0.105008;0.0;0.231018;0.0;0.0;0.0;0.0;0.0;0.0;0.0;0.0;0.0;0.0;0.008078
12008;0.327869;0.387978;0.147541;0.0;0.131148;0.0;0.0;0.0;0.0;0.0;0.0;0.0;0.0;0.0;0.0;0.005464
12009;0.308754;0.34123;0.209288;0.0;0.129354;0.0;0.0;0.0;0.0;0.0;0.0;0.0;0.0;0.0;0.0;0.011374
12010;0.361386;0.391089;0.039604;0.0;0.207921;0.0;0.0;0.0;0.0;0.0;0.0;0.0;0.0;0.0;0.0;0.0
12011;0.391418;0.253697;0.153378;0.0;0.19107;0.0;0.0;0.0;0.0;0.0;0.0;0.0;0.0;0.0;0.0;0.010438
12012;0.412088;0.341575;0.121795;0.0;0.115842;0.0;0.0;0.0;0.0;0.0;0.0;0.0;0.0;0.0;0.0;0.0087
12013;0.386792;0.254717;0.160377;0.0;0.198113;0.0;0.0;0.0;0.0;0.0;0.0;0.0;0.0;0.0;0.0;0.0
12014;0.383333;0.291667;0.141667;0.0;0.175;0.0;0.0;0.0;0.0;0.0;0.0;0.0;0.0;0.0;0.0;0.008333
12015;0.220339;0.220339;0.135593;0.0;0.423729;0.0;0.0;0.0;0.0;0.0;0.0;0.0;0.0;0.0;0.0;0.0
12016;0.363776;0.394474;0.179586;0.0;0.059094;0.0;0.0;0.0;0.0;0.0;0.0;0.0;0.0;0.0;0.0;0.00307
12017;0.348837;0.465116;0.062016;0.0;0.093023;0.0;0.0;0.0;0.0;0.0;0.0;0.0;0.0;0.0;0.0;0.031008
12018;0.377432;0.36965;0.093385;0.0;0.136187;0.0;0.0;0.0;0.0;0.0;0.0;0.0;0.0;0.0;0.0;0.023346
12020;0.113043;0.547826;0.286957;0.0;0.026087;0.0;0.0;0.0;0.0;0.0;0.0;0.0;0.0;0.0;0.0;0.026087
12021;0.345227;0.286673;0.173529;0.0;0.186337;0.0;0.0;0.0;0.0;0.0;0.0;0.0;0.0;0.0;0.0;0.008234
12022;0.348921;0.374101;0.151079;0.0;0.115108;0.0;0.0;0.0;0.0;0.0;0.0;0.0;0.0;0.0;0.0;0.010791
12024;0.463415;0.195122;0.097561;0.0;0.211382;0.0;0.0;0.0;0.0;0.0;0.0;0.0;0.0;0.0;0.0;0.03252
12025;0.340659;0.417582;0.10989;0.0;0.131868;0.0;0.0;0.0;0.0;0.0;0.0;0.0;0.0;0.0;0.0;0.0
12026;0.38118;0.371611;0.114833;0.0;0.129187;0.0;0.0;0.0;0.0;0.0;0.0;0.0;0.0;0.0;0.0;0.00319
12027;0.335416;0.346106;0.163144;0.0;0.142011;0.0;0.0;0.0;0.0;0.0;0.0;0.0;0.0;0.0;0.0;0.013321
12028;0.25306;0.431299;0.161977;0.0;0.143523;0.0;0.0;0.0;0.0;0.0;0.0;0.0;0.0;0.0;0.0;0.010141
12029;0.417962;0.297064;0.119171;0.0;0.162349;0.0;0.0;0.0;0.0;0.0;0.0;0.0;0.0;0.0;0.0;0.003454
12031;0.27424;0.3312;0.184;0.0;0.19872;0.0;0.0;0.0;0.0;0.0;0.0;0.0;0.0;0.0;0.0;0.01184
12032;0.314558;0.359362;0.190737;0.0;0.123589;0.0;0.0;0.0;0.0;0.0;0.0;0.0;0.0;0.0;0.0;0.011754
12033;0.294845;0.408935;0.150515;0.0;0.138832;0.0;0.0;0.0;0.0;0.0;0.0;0.0;0.0;0.0;0.0;0.006873
12034;0.387755;0.348882;0.158406;0.0;0.099125;0.0;0.0;0.0;0.0;0.0;0.0;0.0;0.0;0.0;0.0;0.005831
12036;0.366505;0.398058;0.162621;0.0;0.067961;0.0;0.0;0.0;0.0;0.0;0.0;0.0;0.0;0.0;0.0;0.004854
12037;0.3125;0.3125;0.0625;0.0;0.25;0.0;0.0;0.0;0.0;0.0;0.0;0.0;0.0;0.0;0.0;0.0625
12038;0.321429;0.464286;0.160714;0.0;0.053571;0.0;0.0;0.0;0.0;0.0;0.0;0.0;0.0;0.0;0.0;0.0
12039;0.38829;0.40832;0.107858;0.0;0.090909;0.0;0.0;0.0;0.0;0.0;0.0;0.0;0.0;0.0;0.0;0.004622
12040;0.322215;0.356396;0.154933;0.0;0.15456;0.0;0.0;0.0;0.0;0.0;0.0;0.0;0.0;0.0;0.0;0.011895
12041;0.240964;0.554217;0.180723;0.0;0.012048;0.0;0.0;0.0;0.0;0.0;0.0;0.0;0.0;0.0;0.0;0.012048
12042;0.207589;0.573661;0.165179;0.0;0.046875;0.0;0.0;0.0;0.0;0.0;0.0;0.0;0.0;0.0;0.0;0.006696
12043;0.285088;0.324561;0.223684;0.0;0.157895;0.0;0.0;0.0;0.0;0.0;0.0;0.0;0.0;0.0;0.0;0.008772
12044;0.459155;0.371831;0.090141;0.0;0.073239;0.0;0.0;0.0;0.0;0.0;0.0;0.0;0.0;0.0;0.0;0.005634
12045;0.446565;0.28626;0.057252;0.0;0.209924;0.0;0.0;0.0;0.0;0.0;0.0;0.0;0.0;0.0;0.0;0.0
12046;0.329193;0.360248;0.149068;0.0;0.142857;0.0;0.0;0.0;0.0;0.0;0.0;0.0;0.0;0.0;0.0;0.018634
12048;0.305882;0.458824;0.123529;0.0;0.1;0.0;0.0;0.0;0.0;0.0;0.0;0.0;0.0;0.0;0.0;0.011765
12049;0.41092;0.255747;0.140805;0.0;0.186782;0.0;0.0;0.0;0.0;0.0;0.0;0.0;0.0;0.0;0.0;0.005747
12050;0.402597;0.314935;0.109307;0.0;0.166667;0.0;0.0;0.0;0.0;0.0;0.0;0.0;0.0;0.0;0.0;0.006494
12051;0.150327;0.594771;0.160131;0.0;0.084967;0.0;0.0;0.0;0.0;0.0;0.0;0.0;0.0;0.0;0.0;0.009804
12052;0.290541;0.416667;0.193694;0.0;0.096847;0.0;0.0;0.0;0.0;0.0;0.0;0.0;0.0;0.0;0.0;0.002252
12053;0.323821;0.407688;0.131043;0.0;0.129295;0.0;0.0;0.0;0.0;0.0;0.0;0.0;0.0;0.0;0.0;0.008154
12055;0.179487;0.269231;0.166667;0.0;0.384615;0.0;0.0;0.0;0.0;0.0;0.0;0.0;0.0;0.0;0.0;0.0
12056;0.308057;0.35545;0.151659;0.0;0.180095;0.0;0.0;0.0;0.0;0.0;0.0;0.0;0.0;0.0;0.0;0.004739
12057;0.398287;0.325482;0.079229;0.0;0.192719;0.0;0.0;0.0;0.0;0.0;0.0;0.0;0.0;0.0;0.0;0.004283
12058;0.136364;0.636364;0.136364;0.0;0.075758;0.0;0.0;0.0;0.0;0.0;0.0;0.0;0.0;0.0;0.0;0.015152
12059;0.289855;0.36715;0.21256;0.0;0.130435;0.0;0.0;0.0;0.0;0.0;0.0;0.0;0.0;0.0;0.0;0.0
12060;0.312849;0.388268;0.125698;0.0;0.148045;0.0;0.0;0.0;0.0;0.0;0.0;0.0;0.0;0.0;0.0;0.02514
12061;0.424812;0.281955;0.086466;0.0;0.195489;0.0;0.0;0.0;0.0;0.0;0.0;0.0;0.0;0.0;0.0;0.011278
12063;0.324324;0.243243;0.054054;0.0;0.378378;0.0;0.0;0.0;0.0;0.0;0.0;0.0;0.0;0.0;0.0;0.0
12064;0.414634;0.365854;0.036585;0.0;0.146341;0.0;0.0;0.0;0.0;0.0;0.0;0.0;0.0;0.0;0.0;0.036585
12065;0.282051;0.455128;0.153846;0.0;0.096154;0.0;0.0;0.0;0.0;0.0;0.0;0.0;0.0;0.0;0.0;0.012821
12067;0.428571;0.352217;0.118227;0.0;0.098522;0.0;0.0;0.0;0.0;0.0;0.0;0.0;0.0;0.0;0.0;0.002463
12068;0.410256;0.358974;0.051282;0.0;0.179487;0.0;0.0;0.0;0.0;0.0;0.0;0.0;0.0;0.0;0.0;0.0
12069;0.128205;0.435897;0.230769;0.0;0.179487;0.0;0.0;0.0;0.0;0.0;0.0;0.0;0.0;0.0;0.0;0.025641
12070;0.404306;0.38756;0.117225;0.0;0.090909;0.0;0.0;0.0;0.0;0.0;0.0;0.0;0.0;0.0;0.0;0.0
12071;0.32722;0.400579;0.124517;0.0;0.141892;0.0;0.0;0.0;0.0;0.0;0.0;0.0;0.0;0.0;0.0;0.005792
12072;0.332962;0.4098;0.144766;0.0;0.10245;0.0;0.0;0.0;0.0;0.0;0.0;0.0;0.0;0.0;0.0;0.010022
12073;0.383178;0.364486;0.140187;0.0;0.093458;0.0;0.0;0.0;0.0;0.0;0.0;0.0;0.0;0.0;0.0;0.018692
12074;0.329618;0.367834;0.208599;0.0;0.092357;0.0;0.0;0.0;0.0;0.0;0.0;0.0;0.0;0.0;0.0;0.001592
12075;0.390244;0.243902;0.04878;0.0;0.292683;0.0;0.0;0.0;0.0;0.0;0.0;0.0;0.0;0.0;0.0;0.02439
12076;0.377049;0.42623;0.098361;0.0;0.098361;0.0;0.0;0.0;0.0;0.0;0.0;0.0;0.0;0.0;0.0;0.0
12077;0.326746;0.333597;0.168379;0.0;0.161265;0.0;0.0;0.0;0.0;0.0;0.0;0.0;0.0;0.0;0.0;0.010013
12078;0.288;0.528;0.056;0.0;0.12;0.0;0.0;0.0;0.0;0.0;0.0;0.0;0.0;0.0;0.0;0.008
12079;0.337989;0.346369;0.175978;0.0;0.122905;0.0;0.0;0.0;0.0;0.0;0.0;0.0;0.0;0.0;0.0;0.01676
12080;0.452446;0.320652;0.081522;0.0;0.139946;0.0;0.0;0.0;0.0;0.0;0.0;0.0;0.0;0.0;0.0;0.005435
12081;0.304175;0.407555;0.149105;0.0;0.12326;0.0;0.0;0.0;0.0;0.0;0.0;0.0;0.0;0.0;0.0;0.015905
12082;0.300125;0.373248;0.190093;0.0;0.125295;0.0;0.0;0.0;0.0;0.0;0.0;0.0;0.0;0.0;0.0;0.011239
12083;0.412698;0.333333;0.206349;0.0;0.047619;0.0;0.0;0.0;0.0;0.0;0.0;0.0;0.0;0.0;0.0;0.0
12084;0.317786;0.383396;0.167133;0.0;0.121813;0.0;0.0;0.0;0.0;0.0;0.0;0.0;0.0;0.0;0.0;0.009873
12085;0.313987;0.355294;0.204444;0.0;0.115817;0.0;0.0;0.0;0.0;0.0;0.0;0.0;0.0;0.0;0.0;0.010458
12087;0.3;0.6;0.1;0.0;0.0;0.0;0.0;0.0;0.0;0.0;0.0;0.0;0.0;0.0;0.0;0.0
12088;0.215385;0.476923;0.138462;0.0;0.169231;0.0;0.0;0.0;0.0;0.0;0.0;0.0;0.0;0.0;0.0;0.0
12089;0.247121;0.421022;0.20933;0.0;0.111013;0.0;0.0;0.0;0.0;0.0;0.0;0.0;0.0;0.0;0.0;0.011515
12090;0.184783;0.48913;0.26087;0.0;0.065217;0.0;0.0;0.0;0.0;0.0;0.0;0.0;0.0;0.0;0.0;0.0
12091;0.336364;0.427273;0.127273;0.0;0.109091;0.0;0.0;0.0;0.0;0.0;0.0;0.0;0.0;0.0;0.0;0.0
12092;0.216667;0.366667;0.116667;0.0;0.3;0.0;0.0;0.0;0.0;0.0;0.0;0.0;0.0;0.0;0.0;0.0
12093;0.303279;0.360656;0.155738;0.0;0.180328;0.0;0.0;0.0;0.0;0.0;0.0;0.0;0.0;0.0;0.0;0.0
12094;0.387143;0.241429;0.14;0.0;0.208571;0.0;0.0;0.0;0.0;0.0;0.0;0.0;0.0;0.0;0.0;0.022857
12095;0.357435;0.386085;0.11869;0.0;0.129604;0.0;0.0;0.0;0.0;0.0;0.0;0.0;0.0;0.0;0.0;0.008186
12096;0.485612;0.302158;0.07554;0.0;0.131295;0.0;0.0;0.0;0.0;0.0;0.0;0.0;0.0;0.0;0.0;0.005396
12097;0.182927;0.390244;0.231707;0.0;0.170732;0.0;0.0;0.0;0.0;0.0;0.0;0.0;0.0;0.0;0.0;0.02439
12098;0.322034;0.368039;0.232446;0.0;0.075061;0.0;0.0;0.0;0.0;0.0;0.0;0.0;0.0;0.0;0.0;0.002421
12099;0.309751;0.367113;0.179732;0.0;0.122371;0.0;0.0;0.0;0.0;0.0;0.0;0.0;0.0;0.0;0.0;0.021033
12100;0.384401;0.348189;0.143918;0.0;0.116063;0.0;0.0;0.0;0.0;0.0;0.0;0.0;0.0;0.0;0.0;0.007428
12101;0.388112;0.388112;0.125874;0.0;0.083916;0.0;0.0;0.0;0.0;0.0;0.0;0.0;0.0;0.0;0.0;0.013986
12102;0.512077;0.241546;0.152174;0.0;0.067633;0.0;0.0;0.0;0.0;0.0;0.0;0.0;0.0;0.0;0.0;0.02657
12103;0.246575;0.479452;0.178082;0.0;0.082192;0.0;0.0;0.0;0.0;0.0;0.0;0.0;0.0;0.0;0.0;0.013699
12104;0.314722;0.395866;0.150309;0.0;0.13041;0.0;0.0;0.0;0.0;0.0;0.0;0.0;0.0;0.0;0.0;0.008694
12105;0.233385;0.536321;0.15456;0.0;0.066461;0.0;0.0;0.0;0.0;0.0;0.0;0.0;0.0;0.0;0.0;0.009274
12106;0.485232;0.257384;0.091772;0.0;0.151899;0.0;0.0;0.0;0.0;0.0;0.0;0.0;0.0;0.0;0.0;0.013713
12107;0.340764;0.388535;0.124204;0.0;0.136943;0.0;0.0;0.0;0.0;0.0;0.0;0.0;0.0;0.0;0.0;0.009554
12108;0.327273;0.4;0.111688;0.0;0.155844;0.0;0.0;0.0;0.0;0.0;0.0;0.0;0.0;0.0;0.0;0.005195
12109;0.367704;0.317121;0.169261;0.0;0.126459;0.0;0.0;0.0;0.0;0.0;0.0;0.0;0.0;0.0;0.0;0.019455
12110;0.424242;0.321212;0.133333;0.0;0.121212;0.0;0.0;0.0;0.0;0.0;0.0;0.0;0.0;0.0;0.0;0.0
12111;0.310606;0.397727;0.098485;0.0;0.185606;0.0;0.0;0.0;0.0;0.0;0.0;0.0;0.0;0.0;0.0;0.007576
12112;0.333333;0.444444;0.160494;0.0;0.061728;0.0;0.0;0.0;0.0;0.0;0.0;0.0;0.0;0.0;0.0;0.0
12113;0.36;0.386667;0.066667;0.0;0.173333;0.0;0.0;0.0;0.0;0.0;0.0;0.0;0.0;0.0;0.0;0.013333
12114;0.349693;0.386503;0.134969;0.0;0.116564;0.0;0.0;0.0;0.0;0.0;0.0;0.0;0.0;0.0;0.0;0.01227
12115;0.229508;0.459016;0.240437;0.0;0.054645;0.0;0.0;0.0;0.0;0.0;0.0;0.0;0.0;0.0;0.0;0.016393
12116;0.345455;0.472727;0.072727;0.0;0.109091;0.0;0.0;0.0;0.0;0.0;0.0;0.0;0.0;0.0;0.0;0.0
12117;0.317386;0.34189;0.150525;0.0;0.178919;0.0;0.0;0.0;0.0;0.0;0.0;0.0;0.0;0.0;0.0;0.01128
12118;0.257576;0.439394;0.19697;0.0;0.090909;0.0;0.0;0.0;0.0;0.0;0.0;0.0;0.0;0.0;0.0;0.015152
12119;0.15;0.69;0.1;0.0;0.05;0.0;0.0;0.0;0.0;0.0;0.0;0.0;0.0;0.0;0.0;0.01
12120;0.298077;0.461538;0.163462;0.0;0.076923;0.0;0.0;0.0;0.0;0.0;0.0;0.0;0.0;0.0;0.0;0.0
12121;0.455189;0.385613;0.097877;0.0;0.058962;0.0;0.0;0.0;0.0;0.0;0.0;0.0;0.0;0.0;0.0;0.002358
12122;0.260731;0.421304;0.18124;0.0;0.131955;0.0;0.0;0.0;0.0;0.0;0.0;0.0;0.0;0.0;0.0;0.004769
12123;0.140351;0.473684;0.122807;0.0;0.263158;0.0;0.0;0.0;0.0;0.0;0.0;0.0;0.0;0.0;0.0;0.0
12124;0.2423;0.537988;0.12731;0.0;0.085558;0.0;0.0;0.0;0.0;0.0;0.0;0.0;0.0;0.0;0.0;0.006845
12125;0.328205;0.379487;0.138462;0.0;0.148718;0.0;0.0;0.0;0.0;0.0;0.0;0.0;0.0;0.0;0.0;0.005128
12126;0.354769;0.336969;0.143874;0.0;0.154385;0.0;0.0;0.0;0.0;0.0;0.0;0.0;0.0;0.0;0.0;0.010002
12127;0.478261;0.130435;0.130435;0.0;0.26087;0.0;0.0;0.0;0.0;0.0;0.0;0.0;0.0;0.0;0.0;0.0
12128;0.322129;0.346405;0.12605;0.0;0.196078;0.0;0.0;0.0;0.0;0.0;0.0;0.0;0.0;0.0;0.0;0.009337
12129;0.448591;0.256664;0.060929;0.0;0.224676;0.0;0.0;0.0;0.0;0.0;0.0;0.0;0.0;0.0;0.0;0.009139
12130;0.108974;0.669872;0.169872;0.0;0.051282;0.0;0.0;0.0;0.0;0.0;0.0;0.0;0.0;0.0;0.0;0.0
12131;0.420455;0.409091;0.079545;0.0;0.090909;0.0;0.0;0.0;0.0;0.0;0.0;0.0;0.0;0.0;0.0;0.0
12132;0.331606;0.292746;0.160622;0.0;0.209845;0.0;0.0;0.0;0.0;0.0;0.0;0.0;0.0;0.0;0.0;0.005181
12133;0.253012;0.46988;0.192771;0.0;0.072289;0.0;0.0;0.0;0.0;0.0;0.0;0.0;0.0;0.0;0.0;0.012048
12134;0.267327;0.227723;0.29703;0.0;0.188119;0.0;0.0;0.0;0.0;0.0;0.0;0.0;0.0;0.0;0.0;0.019802
12135;0.337202;0.326209;0.174116;0.0;0.150216;0.0;0.0;0.0;0.0;0.0;0.0;0.0;0.0;0.0;0.0;0.012256
12136;0.275814;0.45814;0.173023;0.0;0.087907;0.0;0.0;0.0;0.0;0.0;0.0;0.0;0.0;0.0;0.0;0.005116
12137;0.414634;0.146341;0.0;0.0;0.365854;0.0;0.0;0.0;0.0;0.0;0.0;0.0;0.0;0.0;0.0;0.073171
12138;0.407603;0.289623;0.133626;0.0;0.154637;0.0;0.0;0.0;0.0;0.0;0.0;0.0;0.0;0.0;0.0;0.014511
12139;0.208696;0.373913;0.16087;0.0;0.247826;0.0;0.0;0.0;0.0;0.0;0.0;0.0;0.0;0.0;0.0;0.008696
12140;0.357749;0.308917;0.178344;0.0;0.147558;0.0;0.0;0.0;0.0;0.0;0.0;0.0;0.0;0.0;0.0;0.007431
12141;0.175;0.45;0.2125;0.0;0.15;0.0;0.0;0.0;0.0;0.0;0.0;0.0;0.0;0.0;0.0;0.0125
12142;0.22314;0.421488;0.289256;0.0;0.057851;0.0;0.0;0.0;0.0;0.0;0.0;0.0;0.0;0.0;0.0;0.008264
12901;0.331267;0.384347;0.144518;0.0;0.132119;0.0;0.0;0.0;0.0;0.0;0.0;0.0;0.0;0.0;0.0;0.007749
12902;0.245173;0.416618;0.176126;0.0;0.149795;0.0;0.0;0.0;0.0;0.0;0.0;0.0;0.0;0.0;0.0;0.012288
13001;0.477427;0.370203;0.112867;0.0;0.037246;0.0;0.0;0.0;0.0;0.0;0.0;0.0;0.0;0.0;0.0;0.002257
13002;0.326864;0.47191;0.180797;0.0;0.018386;0.0;0.0;0.0;0.0;0.0;0.0;0.0;0.0;0.0;0.0;0.002043
13003;0.39375;0.3625;0.184375;0.0;0.059375;0.0;0.0;0.0;0.0;0.0;0.0;0.0;0.0;0.0;0.0;0.0
13004;0.434211;0.391813;0.140351;0.0;0.027778;0.0;0.0;0.0;0.0;0.0;0.0;0.0;0.0;0.0;0.0;0.005848
13005;0.389346;0.370682;0.133608;0.0;0.098018;0.0;0.0;0.0;0.0;0.0;0.0;0.0;0.0;0.0;0.0;0.008347
13006;0.42716;0.449383;0.088889;0.0;0.02963;0.0;0.0;0.0;0.0;0.0;0.0;0.0;0.0;0.0;0.0;0.004938
13007;0.426322;0.382452;0.109111;0.0;0.071991;0.0;0.0;0.0;0.0;0.0;0.0;0.0;0.0;0.0;0.0;0.010124
13008;0.35689;0.480565;0.130742;0.0;0.017668;0.0;0.0;0.0;0.0;0.0;0.0;0.0;0.0;0.0;0.0;0.014134
13009;0.315197;0.467167;0.189493;0.0;0.0197;0.0;0.0;0.0;0.0;0.0;0.0;0.0;0.0;0.0;0.0;0.008443
13010;0.386513;0.40625;0.169408;0.0;0.03125;0.0;0.0;0.0;0.0;0.0;0.0;0.0;0.0;0.0;0.0;0.006579
13011;0.425816;0.382789;0.132047;0.0;0.0523;0.0;0.0;0.0;0.0;0.0;0.0;0.0;0.0;0.0;0.0;0.007047
13012;0.523622;0.311024;0.102362;0.0;0.062992;0.0;0.0;0.0;0.0;0.0;0.0;0.0;0.0;0.0;0.0;0.0
13013;0.312357;0.469778;0.162777;0.0;0.050306;0.0;0.0;0.0;0.0;0.0;0.0;0.0;0.0;0.0;0.0;0.004782
13014;0.476331;0.387574;0.091716;0.0;0.038462;0.0;0.0;0.0;0.0;0.0;0.0;0.0;0.0;0.0;0.0;0.005917
13015;0.388845;0.456839;0.109163;0.0;0.037716;0.0;0.0;0.0;0.0;0.0;0.0;0.0;0.0;0.0;0.0;0.007437
13016;0.297645;0.404711;0.267666;0.0;0.023555;0.0;0.0;0.0;0.0;0.0;0.0;0.0;0.0;0.0;0.0;0.006424
13017;0.554913;0.34104;0.075145;0.0;0.011561;0.0;0.0;0.0;0.0;0.0;0.0;0.0;0.0;0.0;0.0;0.017341
13018;0.494505;0.312402;0.171115;0.0;0.015699;0.0;0.0;0.0;0.0;0.0;0.0;0.0;0.0;0.0;0.0;0.006279
13019;0.339681;0.375245;0.136096;0.0;0.140577;0.0;0.0;0.0;0.0;0.0;0.0;0.0;0.0;0.0;0.0;0.008401
13020;0.388055;0.357458;0.154163;0.0;0.090026;0.0;0.0;0.0;0.0;0.0;0.0;0.0;0.0;0.0;0.0;0.010297
13021;0.439169;0.394659;0.127596;0.0;0.035608;0.0;0.0;0.0;0.0;0.0;0.0;0.0;0.0;0.0;0.0;0.002967
13022;0.448133;0.373444;0.141079;0.0;0.024896;0.0;0.0;0.0;0.0;0.0;0.0;0.0;0.0;0.0;0.0;0.012448
13023;0.207742;0.513726;0.248149;0.0;0.023134;0.0;0.0;0.0;0.0;0.0;0.0;0.0;0.0;0.0;0.0;0.007249
13024;0.321086;0.455272;0.196486;0.0;0.020767;0.0;0.0;0.0;0.0;0.0;0.0;0.0;0.0;0.0;0.0;0.00639
13025;0.438819;0.388186;0.147679;0.0;0.025316;0.0;0.0;0.0;0.0;0.0;0.0;0.0;0.0;0.0;0.0;0.0
13026;0.401734;0.34104;0.112717;0.0;0.141618;0.0;0.0;0.0;0.0;0.0;0.0;0.0;0.0;0.0;0.0;0.00289
13027;0.396339;0.397254;0.162471;0.0;0.035698;0.0;0.0;0.0;0.0;0.0;0.0;0.0;0.0;0.0;0.0;0.008238
13028;0.342438;0.445246;0.144035;0.0;0.062097;0.0;0.0;0.0;0.0;0.0;0.0;0.0;0.0;0.0;0.0;0.006184
13029;0.337838;0.364865;0.189189;0.0;0.067568;0.0;0.0;0.0;0.0;0.0;0.0;0.0;0.0;0.0;0.0;0.040541
13030;0.231579;0.452632;0.294737;0.0;0.021053;0.0;0.0;0.0;0.0;0.0;0.0;0.0;0.0;0.0;0.0;0.0
13031;0.36272;0.38539;0.193955;0.0;0.052393;0.0;0.0;0.0;0.0;0.0;0.0;0.0;0.0;0.0;0.0;0.005542
13032;0.410026;0.368895;0.179949;0.0;0.028278;0.0;0.0;0.0;0.0;0.0;0.0;0.0;0.0;0.0;0.0;0.012853
13033;0.499591;0.264922;0.190515;0.0;0.039248;0.0;0.0;0.0;0.0;0.0;0.0;0.0;0.0;0.0;0.0;0.005724
13034;0.309445;0.44446;0.162416;0.0;0.073283;0.0;0.0;0.0;0.0;0.0;0.0;0.0;0.0;0.0;0.0;0.010396
13035;0.518519;0.310541;0.121083;0.0;0.045584;0.0;0.0;0.0;0.0;0.0;0.0;0.0;0.0;0.0;0.0;0.004274
13036;0.395349;0.382826;0.186047;0.0;0.028623;0.0;0.0;0.0;0.0;0.0;0.0;0.0;0.0;0.0;0.0;0.007156
13037;0.416376;0.428571;0.127178;0.0;0.019164;0.0;0.0;0.0;0.0;0.0;0.0;0.0;0.0;0.0;0.0;0.008711
13038;0.559483;0.321552;0.076724;0.0;0.039655;0.0;0.0;0.0;0.0;0.0;0.0;0.0;0.0;0.0;0.0;0.002586
13039;0.367911;0.397394;0.160545;0.0;0.063963;0.0;0.0;0.0;0.0;0.0;0.0;0.0;0.0;0.0;0.0;0.010187
13040;0.353303;0.430108;0.15361;0.0;0.056836;0.0;0.0;0.0;0.0;0.0;0.0;0.0;0.0;0.0;0.0;0.006144
13041;0.322785;0.291139;0.28481;0.0;0.082278;0.0;0.0;0.0;0.0;0.0;0.0;0.0;0.0;0.0;0.0;0.018987
13042;0.370915;0.361111;0.240196;0.0;0.026144;0.0;0.0;0.0;0.0;0.0;0.0;0.0;0.0;0.0;0.0;0.001634
13043;0.290123;0.537037;0.098765;0.0;0.067901;0.0;0.0;0.0;0.0;0.0;0.0;0.0;0.0;0.0;0.0;0.006173
13044;0.391138;0.347921;0.230853;0.0;0.026258;0.0;0.0;0.0;0.0;0.0;0.0;0.0;0.0;0.0;0.0;0.003829
13045;0.339545;0.42236;0.219462;0.0;0.014493;0.0;0.0;0.0;0.0;0.0;0.0;0.0;0.0;0.0;0.0;0.004141
13046;0.387352;0.454545;0.13834;0.0;0.01581;0.0;0.0;0.0;0.0;0.0;0.0;0.0;0.0;0.0;0.0;0.003953
13047;0.408398;0.369224;0.166549;0.0;0.046915;0.0;0.0;0.0;0.0;0.0;0.0;0.0;0.0;0.0;0.0;0.008914
13048;0.341398;0.389785;0.112903;0.0;0.145161;0.0;0.0;0.0;0.0;0.0;0.0;0.0;0.0;0.0;0.0;0.010753
13049;0.314402;0.387424;0.247465;0.0;0.042596;0.0;0.0;0.0;0.0;0.0;0.0;0.0;0.0;0.0;0.0;0.008114
13050;0.336111;0.402778;0.244444;0.0;0.013889;0.0;0.0;0.0;0.0;0.0;0.0;0.0;0.0;0.0;0.0;0.002778
13051;0.414449;0.372624;0.174905;0.0;0.038023;0.0;0.0;0.0;0.0;0.0;0.0;0.0;0.0;0.0;0.0;0.0
13052;0.330652;0.404379;0.220509;0.0;0.03597;0.0;0.0;0.0;0.0;0.0;0.0;0.0;0.0;0.0;0.0;0.00849
13053;0.388444;0.386074;0.14963;0.0;0.064099;0.0;0.0;0.0;0.0;0.0;0.0;0.0;0.0;0.0;0.0;0.011753
13054;0.312269;0.528556;0.126388;0.0;0.028027;0.0;0.0;0.0;0.0;0.0;0.0;0.0;0.0;0.0;0.0;0.004759
13055;0.495833;0.304167;0.158333;0.0;0.041667;0.0;0.0;0.0;0.0;0.0;0.0;0.0;0.0;0.0;0.0;0.0
13056;0.376514;0.341745;0.164536;0.0;0.107447;0.0;0.0;0.0;0.0;0.0;0.0;0.0;0.0;0.0;0.0;0.009758
13057;0.399285;0.47199;0.102503;0.0;0.022646;0.0;0.0;0.0;0.0;0.0;0.0;0.0;0.0;0.0;0.0;0.003576
13058;0.362829;0.42945;0.165357;0.0;0.035531;0.0;0.0;0.0;0.0;0.0;0.0;0.0;0.0;0.0;0.0;0.006833
13059;0.380952;0.340136;0.14966;0.0;0.102041;0.0;0.0;0.0;0.0;0.0;0.0;0.0;0.0;0.0;0.0;0.027211
13060;0.378947;0.315789;0.168421;0.0;0.126316;0.0;0.0;0.0;0.0;0.0;0.0;0.0;0.0;0.0;0.0;0.010526
13061;0.322671;0.426305;0.186285;0.0;0.05783;0.0;0.0;0.0;0.0;0.0;0.0;0.0;0.0;0.0;0.0;0.006909
13062;0.383592;0.416851;0.133038;0.0;0.05765;0.0;0.0;0.0;0.0;0.0;0.0;0.0;0.0;0.0;0.0;0.008869
13063;0.372901;0.387739;0.176884;0.0;0.054276;0.0;0.0;0.0;0.0;0.0;0.0;0.0;0.0;0.0;0.0;0.0082
13064;0.339874;0.374212;0.198318;0.0;0.083392;0.0;0.0;0.0;0.0;0.0;0.0;0.0;0.0;0.0;0.0;0.004205
13065;0.339108;0.410499;0.217323;0.0;0.029921;0.0;0.0;0.0;0.0;0.0;0.0;0.0;0.0;0.0;0.0;0.00315
13066;0.408477;0.387983;0.171402;0.0;0.025617;0.0;0.0;0.0;0.0;0.0;0.0;0.0;0.0;0.0;0.0;0.006521
13067;0.50566;0.301887;0.128302;0.0;0.064151;0.0;0.0;0.0;0.0;0.0;0.0;0.0;0.0;0.0;0.0;0.0
13068;0.382586;0.302111;0.258575;0.0;0.05277;0.0;0.0;0.0;0.0;0.0;0.0;0.0;0.0;0.0;0.0;0.003958
13069;0.464758;0.279736;0.213656;0.0;0.037445;0.0;0.0;0.0;0.0;0.0;0.0;0.0;0.0;0.0;0.0;0.004405
13070;0.414722;0.389587;0.154399;0.0;0.041293;0.0;0.0;0.0;0.0;0.0;0.0;0.0;0.0;0.0;0.0;0.0
13071;0.410598;0.364733;0.137392;0.0;0.078857;0.0;0.0;0.0;0.0;0.0;0.0;0.0;0.0;0.0;0.0;0.00842
13072;0.306238;0.36673;0.289225;0.0;0.032136;0.0;0.0;0.0;0.0;0.0;0.0;0.0;0.0;0.0;0.0;0.005671
13073;0.451031;0.335052;0.193299;0.0;0.020619;0.0;0.0;0.0;0.0;0.0;0.0;0.0;0.0;0.0;0.0;0.0
13074;0.413015;0.415671;0.12749;0.0;0.041169;0.0;0.0;0.0;0.0;0.0;0.0;0.0;0.0;0.0;0.0;0.002656
13075;0.22695;0.553191;0.198582;0.0;0.021277;0.0;0.0;0.0;0.0;0.0;0.0;0.0;0.0;0.0;0.0;0.0
13076;0.488235;0.426471;0.058824;0.0;0.020588;0.0;0.0;0.0;0.0;0.0;0.0;0.0;0.0;0.0;0.0;0.005882
13077;0.393243;0.393694;0.142342;0.0;0.065315;0.0;0.0;0.0;0.0;0.0;0.0;0.0;0.0;0.0;0.0;0.005405
13078;0.364919;0.384085;0.200859;0.0;0.044005;0.0;0.0;0.0;0.0;0.0;0.0;0.0;0.0;0.0;0.0;0.006133
13079;0.382387;0.423616;0.150432;0.0;0.037608;0.0;0.0;0.0;0.0;0.0;0.0;0.0;0.0;0.0;0.0;0.005957
13080;0.467811;0.381974;0.111588;0.0;0.021459;0.0;0.0;0.0;0.0;0.0;0.0;0.0;0.0;0.0;0.0;0.017167
13081;0.408269;0.354005;0.180879;0.0;0.056848;0.0;0.0;0.0;0.0;0.0;0.0;0.0;0.0;0.0;0.0;0.0
13082;0.275049;0.448717;0.210488;0.0;0.055258;0.0;0.0;0.0;0.0;0.0;0.0;0.0;0.0;0.0;0.0;0.010488
13083;0.291343;0.442985;0.21194;0.0;0.048358;0.0;0.0;0.0;0.0;0.0;0.0;0.0;0.0;0.0;0.0;0.005373
13084;0.430577;0.380655;0.148206;0.0;0.039002;0.0;0.0;0.0;0.0;0.0;0.0;0.0;0.0;0.0;0.0;0.00156
13085;0.407099;0.38325;0.160843;0.0;0.042707;0.0;0.0;0.0;0.0;0.0;0.0;0.0;0.0;0.0;0.0;0.006101
13086;0.487395;0.386555;0.117647;0.0;0.008403;0.0;0.0;0.0;0.0;0.0;0.0;0.0;0.0;0.0;0.0;0.0
13087;0.349442;0.412392;0.151983;0.0;0.07373;0.0;0.0;0.0;0.0;0.0;0.0;0.0;0.0;0.0;0.0;0.012454
13088;0.454094;0.332506;0.143921;0.0;0.064516;0.0;0.0;0.0;0.0;0.0;0.0;0.0;0.0;0.0;0.0;0.004963
13089;0.432039;0.401294;0.13835;0.0;0.02589;0.0;0.0;0.0;0.0;0.0;0.0;0.0;0.0;0.0;0.0;0.002427
13090;0.410053;0.392857;0.177249;0.0;0.01455;0.0;0.0;0.0;0.0;0.0;0.0;0.0;0.0;0.0;0.0;0.005291
13091;0.382222;0.42;0.173333;0.0;0.022222;0.0;0.0;0.0;0.0;0.0;0.0;0.0;0.0;0.0;0.0;0.002222
13092;0.379747;0.419955;0.173492;0.0;0.023827;0.0;0.0;0.0;0.0;0.0;0.0;0.0;0.0;0.0;0.0;0.002978
13093;0.367901;0.434215;0.138624;0.0;0.050441;0.0;0.0;0.0;0.0;0.0;0.0;0.0;0.0;0.0;0.0;0.008818
13094;0.258772;0.557018;0.149123;0.0;0.035088;0.0;0.0;0.0;0.0;0.0;0.0;0.0;0.0;0.0;0.0;0.0
13095;0.229167;0.458333;0.270833;0.0;0.041667;0.0;0.0;0.0;0.0;0.0;0.0;0.0;0.0;0.0;0.0;0.0
13096;0.339165;0.404046;0.214143;0.0;0.038272;0.0;0.0;0.0;0.0;0.0;0.0;0.0;0.0;0.0;0.0;0.004374
13097;0.421847;0.40857;0.127339;0.0;0.035003;0.0;0.0;0.0;0.0;0.0;0.0;0.0;0.0;0.0;0.0;0.007242
13098;0.340473;0.418021;0.191285;0.0;0.044313;0.0;0.0;0.0;0.0;0.0;0.0;0.0;0.0;0.0;0.0;0.005908
13901;0.332822;0.372699;0.231595;0.0;0.052147;0.0;0.0;0.0;0.0;0.0;0.0;0.0;0.0;0.0;0.0;0.010736
13902;0.402899;0.292754;0.22029;0.0;0.081159;0.0;0.0;0.0;0.0;0.0;0.0;0.0;0.0;0.0;0.0;0.002899
13903;0.266509;0.561321;0.146226;0.0;0.021226;0.0;0.0;0.0;0.0;0.0;0.0;0.0;0.0;0.0;0.0;0.004717
13904;0.347701;0.41092;0.181034;0.0;0.045977;0.0;0.0;0.0;0.0;0.0;0.0;0.0;0.0;0.0;0.0;0.014368
14001;0.369081;0.409146;0.09915;0.0;0.118171;0.0;0.0;0.0;0.0;0.0;0.0;0.0;0.0;0.0;0.0;0.004452
14002;0.449711;0.293658;0.099233;0.0;0.145415;0.0;0.0;0.0;0.0;0.0;0.0;0.0;0.0;0.0;0.0;0.011983
14003;0.390608;0.422625;0.113127;0.0;0.066169;0.0;0.0;0.0;0.0;0.0;0.0;0.0;0.0;0.0;0.0;0.007471
14004;0.385346;0.415197;0.144505;0.0;0.049525;0.0;0.0;0.0;0.0;0.0;0.0;0.0;0.0;0.0;0.0;0.005427
14005;0.389659;0.253835;0.13805;0.0;0.204602;0.0;0.0;0.0;0.0;0.0;0.0;0.0;0.0;0.0;0.0;0.013855
14006;0.305351;0.482472;0.109779;0.0;0.099631;0.0;0.0;0.0;0.0;0.0;0.0;0.0;0.0;0.0;0.0;0.002768
14007;0.372261;0.359724;0.16229;0.0;0.09536;0.0;0.0;0.0;0.0;0.0;0.0;0.0;0.0;0.0;0.0;0.010365
14008;0.381941;0.400104;0.149974;0.0;0.064868;0.0;0.0;0.0;0.0;0.0;0.0;0.0;0.0;0.0;0.0;0.003114
14009;0.390215;0.356205;0.152148;0.0;0.092482;0.0;0.0;0.0;0.0;0.0;0.0;0.0;0.0;0.0;0.0;0.00895
14010;0.450229;0.325361;0.134717;0.0;0.082659;0.0;0.0;0.0;0.0;0.0;0.0;0.0;0.0;0.0;0.0;0.007035
14011;0.36887;0.409382;0.164179;0.0;0.057569;0.0;0.0;0.0;0.0;0.0;0.0;0.0;0.0;0.0;0.0;0.0
14012;0.452576;0.329562;0.093645;0.0;0.115311;0.0;0.0;0.0;0.0;0.0;0.0;0.0;0.0;0.0;0.0;0.008907
14013;0.312106;0.396842;0.160842;0.0;0.111744;0.0;0.0;0.0;0.0;0.0;0.0;0.0;0.0;0.0;0.0;0.018466
14014;0.419681;0.33883;0.093085;0.0;0.135638;0.0;0.0;0.0;0.0;0.0;0.0;0.0;0.0;0.0;0.0;0.012766
14015;0.322057;0.384303;0.130582;0.0;0.156292;0.0;0.0;0.0;0.0;0.0;0.0;0.0;0.0;0.0;0.0;0.006766
14016;0.449134;0.359307;0.079004;0.0;0.106061;0.0;0.0;0.0;0.0;0.0;0.0;0.0;0.0;0.0;0.0;0.006494
14017;0.393074;0.329128;0.168584;0.0;0.094372;0.0;0.0;0.0;0.0;0.0;0.0;0.0;0.0;0.0;0.0;0.014842
14018;0.293868;0.390282;0.165445;0.0;0.136907;0.0;0.0;0.0;0.0;0.0;0.0;0.0;0.0;0.0;0.0;0.013498
14019;0.399701;0.297909;0.097311;0.0;0.195903;0.0;0.0;0.0;0.0;0.0;0.0;0.0;0.0;0.0;0.0;0.009176
14020;0.527778;0.265873;0.126984;0.0;0.075397;0.0;0.0;0.0;0.0;0.0;0.0;0.0;0.0;0.0;0.0;0.003968
14021;0.264183;0.415176;0.153787;0.0;0.149864;0.0;0.0;0.0;0.0;0.0;0.0;0.0;0.0;0.0;0.0;0.01699
14022;0.378137;0.180818;0.054658;0.0;0.378137;0.0;0.0;0.0;0.0;0.0;0.0;0.0;0.0;0.0;0.0;0.00825
14023;0.343636;0.480606;0.133333;0.0;0.040606;0.0;0.0;0.0;0.0;0.0;0.0;0.0;0.0;0.0;0.0;0.001818
14024;0.368785;0.36326;0.140193;0.0;0.118785;0.0;0.0;0.0;0.0;0.0;0.0;0.0;0.0;0.0;0.0;0.008978
14025;0.404428;0.206507;0.052869;0.0;0.32761;0.0;0.0;0.0;0.0;0.0;0.0;0.0;0.0;0.0;0.0;0.008586
14026;0.40243;0.372817;0.129841;0.0;0.089598;0.0;0.0;0.0;0.0;0.0;0.0;0.0;0.0;0.0;0.0;0.005315
14027;0.350777;0.284456;0.085838;0.0;0.266149;0.0;0.0;0.0;0.0;0.0;0.0;0.0;0.0;0.0;0.0;0.012781
14028;0.44;0.416;0.116;0.0;0.02;0.0;0.0;0.0;0.0;0.0;0.0;0.0;0.0;0.0;0.0;0.008
14029;0.447502;0.356988;0.116944;0.0;0.071687;0.0;0.0;0.0;0.0;0.0;0.0;0.0;0.0;0.0;0.0;0.006879
14030;0.380441;0.281938;0.13022;0.0;0.197533;0.0;0.0;0.0;0.0;0.0;0.0;0.0;0.0;0.0;0.0;0.009868
14031;0.380952;0.316017;0.220779;0.0;0.069264;0.0;0.0;0.0;0.0;0.0;0.0;0.0;0.0;0.0;0.0;0.012987
14032;0.377224;0.469751;0.124555;0.0;0.024911;0.0;0.0;0.0;0.0;0.0;0.0;0.0;0.0;0.0;0.0;0.003559
14033;0.452103;0.290888;0.130841;0.0;0.100467;0.0;0.0;0.0;0.0;0.0;0.0;0.0;0.0;0.0;0.0;0.025701
14034;0.333333;0.481982;0.117117;0.0;0.058559;0.0;0.0;0.0;0.0;0.0;0.0;0.0;0.0;0.0;0.0;0.009009
14035;0.331377;0.458547;0.153583;0.0;0.051113;0.0;0.0;0.0;0.0;0.0;0.0;0.0;0.0;0.0;0.0;0.00538
14036;0.442926;0.282556;0.131833;0.0;0.131029;0.0;0.0;0.0;0.0;0.0;0.0;0.0;0.0;0.0;0.0;0.011656
14037;0.386543;0.392111;0.141067;0.0;0.07007;0.0;0.0;0.0;0.0;0.0;0.0;0.0;0.0;0.0;0.0;0.010209
14038;0.260785;0.451957;0.182146;0.0;0.0927;0.0;0.0;0.0;0.0;0.0;0.0;0.0;0.0;0.0;0.0;0.012412
14039;0.413493;0.375408;0.105005;0.0;0.095756;0.0;0.0;0.0;0.0;0.0;0.0;0.0;0.0;0.0;0.0;0.010337
14040;0.240014;0.276776;0.069636;0.0;0.399788;0.0;0.0;0.0;0.0;0.0;0.0;0.0;0.0;0.0;0.0;0.013786
14041;0.32513;0.240416;0.112636;0.0;0.311406;0.0;0.0;0.0;0.0;0.0;0.0;0.0;0.0;0.0;0.0;0.010412
14042;0.379752;0.344975;0.088786;0.0;0.169172;0.0;0.0;0.0;0.0;0.0;0.0;0.0;0.0;0.0;0.0;0.017315
14043;0.414812;0.339217;0.149271;0.0;0.087874;0.0;0.0;0.0;0.0;0.0;0.0;0.0;0.0;0.0;0.0;0.008826
14044;0.449275;0.329923;0.14578;0.0;0.066496;0.0;0.0;0.0;0.0;0.0;0.0;0.0;0.0;0.0;0.0;0.008525
14045;0.463499;0.365443;0.104104;0.0;0.056156;0.0;0.0;0.0;0.0;0.0;0.0;0.0;0.0;0.0;0.0;0.010799
14046;0.352577;0.180039;0.094586;0.0;0.360078;0.0;0.0;0.0;0.0;0.0;0.0;0.0;0.0;0.0;0.0;0.01272
14047;0.349206;0.340017;0.187135;0.0;0.103592;0.0;0.0;0.0;0.0;0.0;0.0;0.0;0.0;0.0;0.0;0.02005
14048;0.50171;0.312429;0.08894;0.0;0.085519;0.0;0.0;0.0;0.0;0.0;0.0;0.0;0.0;0.0;0.0;0.011403
14049;0.389536;0.364035;0.101481;0.0;0.132153;0.0;0.0;0.0;0.0;0.0;0.0;0.0;0.0;0.0;0.0;0.012795
14050;0.353443;0.322709;0.12749;0.0;0.18782;0.0;0.0;0.0;0.0;0.0;0.0;0.0;0.0;0.0;0.0;0.008537
14051;0.450413;0.428719;0.066116;0.0;0.047521;0.0;0.0;0.0;0.0;0.0;0.0;0.0;0.0;0.0;0.0;0.007231
14052;0.366014;0.362722;0.159868;0.0;0.100604;0.0;0.0;0.0;0.0;0.0;0.0;0.0;0.0;0.0;0.0;0.010792
14053;0.426603;0.307866;0.110471;0.0;0.146042;0.0;0.0;0.0;0.0;0.0;0.0;0.0;0.0;0.0;0.0;0.009018
14054;0.328931;0.452656;0.114402;0.0;0.096242;0.0;0.0;0.0;0.0;0.0;0.0;0.0;0.0;0.0;0.0;0.007769
14055;0.306619;0.415856;0.181619;0.0;0.083281;0.0;0.0;0.0;0.0;0.0;0.0;0.0;0.0;0.0;0.0;0.012625
14056;0.361771;0.363753;0.159573;0.0;0.102441;0.0;0.0;0.0;0.0;0.0;0.0;0.0;0.0;0.0;0.0;0.012462
14057;0.363771;0.342161;0.086229;0.0;0.197034;0.0;0.0;0.0;0.0;0.0;0.0;0.0;0.0;0.0;0.0;0.010805
14058;0.333578;0.419633;0.129541;0.0;0.108073;0.0;0.0;0.0;0.0;0.0;0.0;0.0;0.0;0.0;0.0;0.009174
14059;0.330869;0.463956;0.149723;0.0;0.049908;0.0;0.0;0.0;0.0;0.0;0.0;0.0;0.0;0.0;0.0;0.005545
14060;0.365473;0.338034;0.156631;0.0;0.12843;0.0;0.0;0.0;0.0;0.0;0.0;0.0;0.0;0.0;0.0;0.011433
14061;0.455238;0.312381;0.12;0.0;0.102857;0.0;0.0;0.0;0.0;0.0;0.0;0.0;0.0;0.0;0.0;0.009524
14062;0.443329;0.426112;0.074605;0.0;0.04878;0.0;0.0;0.0;0.0;0.0;0.0;0.0;0.0;0.0;0.0;0.007174
14063;0.415512;0.390582;0.15928;0.0;0.034626;0.0;0.0;0.0;0.0;0.0;0.0;0.0;0.0;0.0;0.0;0.0
14064;0.385965;0.412281;0.162281;0.0;0.039474;0.0;0.0;0.0;0.0;0.0;0.0;0.0;0.0;0.0;0.0;0.0
14065;0.343972;0.396454;0.110638;0.0;0.138298;0.0;0.0;0.0;0.0;0.0;0.0;0.0;0.0;0.0;0.0;0.010638
14066;0.352824;0.338831;0.096702;0.0;0.2004;0.0;0.0;0.0;0.0;0.0;0.0;0.0;0.0;0.0;0.0;0.011244
14067;0.315922;0.389409;0.166787;0.0;0.119597;0.0;0.0;0.0;0.0;0.0;0.0;0.0;0.0;0.0;0.0;0.008285
14068;0.511873;0.266491;0.102902;0.0;0.108179;0.0;0.0;0.0;0.0;0.0;0.0;0.0;0.0;0.0;0.0;0.010554
14069;0.479337;0.353519;0.09063;0.0;0.069354;0.0;0.0;0.0;0.0;0.0;0.0;0.0;0.0;0.0;0.0;0.00716
14070;0.361556;0.488558;0.106407;0.0;0.038902;0.0;0.0;0.0;0.0;0.0;0.0;0.0;0.0;0.0;0.0;0.004577
14071;0.347079;0.381443;0.182131;0.0;0.080756;0.0;0.0;0.0;0.0;0.0;0.0;0.0;0.0;0.0;0.0;0.008591
14072;0.428373;0.347705;0.06815;0.0;0.148818;0.0;0.0;0.0;0.0;0.0;0.0;0.0;0.0;0.0;0.0;0.006954
14073;0.43262;0.257953;0.185078;0.0;0.120301;0.0;0.0;0.0;0.0;0.0;0.0;0.0;0.0;0.0;0.0;0.004049
14074;0.463472;0.375804;0.07481;0.0;0.083577;0.0;0.0;0.0;0.0;0.0;0.0;0.0;0.0;0.0;0.0;0.002338
14075;0.528205;0.25641;0.058974;0.0;0.148718;0.0;0.0;0.0;0.0;0.0;0.0;0.0;0.0;0.0;0.0;0.007692
14901;0.542446;0.120863;0.051799;0.0;0.280576;0.0;0.0;0.0;0.0;0.0;0.0;0.0;0.0;0.0;0.0;0.004317
14902;0.488889;0.246914;0.128395;0.0;0.128395;0.0;0.0;0.0;0.0;0.0;0.0;0.0;0.0;0.0;0.0;0.007407
15001;0.235706;0.528027;0.050729;0.0;0.095291;0.0;0.0;0.0;0.0;0.0;0.082119;0.0;0.0;0.0;0.0;0.008128
15002;0.273344;0.407938;0.054778;0.0;0.140772;0.0;0.0;0.0;0.0;0.0;0.115187;0.0;0.0;0.0;0.0;0.007982
15003;0.266442;0.571669;0.043002;0.0;0.037099;0.0;0.0;0.0;0.0;0.0;0.075885;0.0;0.0;0.0;0.0;0.005902
15004;0.311766;0.37725;0.050874;0.0;0.138795;0.0;0.0;0.0;0.0;0.0;0.117141;0.0;0.0;0.0;0.0;0.004174
15005;0.300943;0.404344;0.06156;0.0;0.139583;0.0;0.0;0.0;0.0;0.0;0.083738;0.0;0.0;0.0;0.0;0.009831
15006;0.243586;0.531999;0.035805;0.0;0.056668;0.0;0.0;0.0;0.0;0.0;0.130533;0.0;0.0;0.0;0.0;0.00141
15007;0.290925;0.514235;0.048043;0.0;0.05516;0.0;0.0;0.0;0.0;0.0;0.088078;0.0;0.0;0.0;0.0;0.003559
15008;0.254451;0.490421;0.05657;0.0;0.107956;0.0;0.0;0.0;0.0;0.0;0.083615;0.0;0.0;0.0;0.0;0.006987
15009;0.293652;0.452293;0.042917;0.0;0.110742;0.0;0.0;0.0;0.0;0.0;0.095414;0.0;0.0;0.0;0.0;0.004981
15010;0.246633;0.564815;0.030303;0.0;0.032828;0.0;0.0;0.0;0.0;0.0;0.119529;0.0;0.0;0.0;0.0;0.005892
15011;0.270713;0.445024;0.067839;0.0;0.114071;0.0;0.0;0.0;0.0;0.0;0.095303;0.0;0.0;0.0;0.0;0.007049
15012;0.20863;0.563977;0.050657;0.0;0.082552;0.0;0.0;0.0;0.0;0.0;0.08743;0.0;0.0;0.0;0.0;0.006754
15013;0.254241;0.451442;0.061917;0.0;0.125742;0.0;0.0;0.0;0.0;0.0;0.099449;0.0;0.0;0.0;0.0;0.007209
15014;0.220615;0.545792;0.050426;0.0;0.049685;0.0;0.0;0.0;0.0;0.0;0.126808;0.0;0.0;0.0;0.0;0.006674
15015;0.267087;0.422685;0.057198;0.0;0.142026;0.0;0.0;0.0;0.0;0.0;0.106641;0.0;0.0;0.0;0.0;0.004363
15016;0.37026;0.44906;0.069898;0.0;0.03396;0.0;0.0;0.0;0.0;0.0;0.072206;0.0;0.0;0.0;0.0;0.004616
15017;0.311423;0.386389;0.060534;0.0;0.148222;0.0;0.0;0.0;0.0;0.0;0.084542;0.0;0.0;0.0;0.0;0.008892
15018;0.359504;0.331956;0.046832;0.0;0.100551;0.0;0.0;0.0;0.0;0.0;0.152893;0.0;0.0;0.0;0.0;0.008264
15019;0.285066;0.442697;0.054039;0.0;0.087075;0.0;0.0;0.0;0.0;0.0;0.12539;0.0;0.0;0.0;0.0;0.005733
15020;0.325893;0.410308;0.033279;0.0;0.092532;0.0;0.0;0.0;0.0;0.0;0.134334;0.0;0.0;0.0;0.0;0.003653
15021;0.280688;0.455075;0.045811;0.0;0.116426;0.0;0.0;0.0;0.0;0.0;0.0939;0.0;0.0;0.0;0.0;0.008099
15022;0.270168;0.41608;0.050352;0.0;0.100704;0.0;0.0;0.0;0.0;0.0;0.156741;0.0;0.0;0.0;0.0;0.005956
15023;0.352387;0.417433;0.046868;0.0;0.08191;0.0;0.0;0.0;0.0;0.0;0.098993;0.0;0.0;0.0;0.0;0.002409
15024;0.292185;0.506539;0.055502;0.0;0.058692;0.0;0.0;0.0;0.0;0.0;0.083892;0.0;0.0;0.0;0.0;0.00319
15025;0.274542;0.554077;0.034942;0.0;0.064892;0.0;0.0;0.0;0.0;0.0;0.064892;0.0;0.0;0.0;0.0;0.006656
15027;0.260834;0.526574;0.059689;0.0;0.082584;0.0;0.0;0.0;0.0;0.0;0.067866;0.0;0.0;0.0;0.0;0.002453
15028;0.344278;0.311445;0.025328;0.0;0.122889;0.0;0.0;0.0;0.0;0.0;0.193246;0.0;0.0;0.0;0.0;0.002814
15029;0.255688;0.543231;0.061718;0.0;0.058874;0.0;0.0;0.0;0.0;0.0;0.078214;0.0;0.0;0.0;0.0;0.002275
15030;0.312844;0.40214;0.048546;0.0;0.14085;0.0;0.0;0.0;0.0;0.0;0.087873;0.0;0.0;0.0;0.0;0.007747
15031;0.340986;0.362703;0.054941;0.0;0.14463;0.0;0.0;0.0;0.0;0.0;0.089125;0.0;0.0;0.0;0.0;0.007615
15032;0.198479;0.585434;0.052421;0.0;0.072429;0.0;0.0;0.0;0.0;0.0;0.088035;0.0;0.0;0.0;0.0;0.003201
15033;0.256009;0.444382;0.045277;0.0;0.108999;0.0;0.0;0.0;0.0;0.0;0.140861;0.0;0.0;0.0;0.0;0.004472
15034;0.394007;0.40455;0.044395;0.0;0.052719;0.0;0.0;0.0;0.0;0.0;0.102664;0.0;0.0;0.0;0.0;0.001665
15035;0.306144;0.319912;0.037537;0.0;0.178595;0.0;0.0;0.0;0.0;0.0;0.152357;0.0;0.0;0.0;0.0;0.005455
15036;0.296675;0.390175;0.056842;0.0;0.17159;0.0;0.0;0.0;0.0;0.0;0.077871;0.0;0.0;0.0;0.0;0.006846
15037;0.294513;0.455767;0.045539;0.0;0.092572;0.0;0.0;0.0;0.0;0.0;0.107503;0.0;0.0;0.0;0.0;0.004106
15038;0.304605;0.488158;0.043421;0.0;0.060526;0.0;0.0;0.0;0.0;0.0;0.098684;0.0;0.0;0.0;0.0;0.004605
15039;0.221239;0.549779;0.060841;0.0;0.106195;0.0;0.0;0.0;0.0;0.0;0.056416;0.0;0.0;0.0;0.0;0.005531
15040;0.250267;0.517076;0.046425;0.0;0.082711;0.0;0.0;0.0;0.0;0.0;0.099787;0.0;0.0;0.0;0.0;0.003735
15041;0.265529;0.496055;0.042749;0.0;0.09353;0.0;0.0;0.0;0.0;0.0;0.09683;0.0;0.0;0.0;0.0;0.005308
15042;0.245205;0.526179;0.05184;0.0;0.099015;0.0;0.0;0.0;0.0;0.0;0.072058;0.0;0.0;0.0;0.0;0.005702
15043;0.280244;0.461561;0.044967;0.0;0.083551;0.0;0.0;0.0;0.0;0.0;0.125326;0.0;0.0;0.0;0.0;0.004352
15044;0.266187;0.541966;0.03717;0.0;0.088729;0.0;0.0;0.0;0.0;0.0;0.059952;0.0;0.0;0.0;0.0;0.005995
15045;0.18942;0.615614;0.041809;0.0;0.052048;0.0;0.0;0.0;0.0;0.0;0.09599;0.0;0.0;0.0;0.0;0.005119
15046;0.24072;0.52427;0.043268;0.0;0.082363;0.0;0.0;0.0;0.0;0.0;0.105425;0.0;0.0;0.0;0.0;0.003953
15047;0.283854;0.509766;0.03776;0.0;0.076172;0.0;0.0;0.0;0.0;0.0;0.090495;0.0;0.0;0.0;0.0;0.001953
15048;0.288381;0.444608;0.053058;0.0;0.120855;0.0;0.0;0.0;0.0;0.0;0.089413;0.0;0.0;0.0;0.0;0.003685
15049;0.15822;0.533993;0.02843;0.0;0.066749;0.0;0.0;0.0;0.0;0.0;0.207664;0.0;0.0;0.0;0.0;0.004944
15050;0.291585;0.48728;0.044031;0.0;0.073386;0.0;0.0;0.0;0.0;0.0;0.098826;0.0;0.0;0.0;0.0;0.004892
15051;0.296631;0.349657;0.051154;0.0;0.183718;0.0;0.0;0.0;0.0;0.0;0.114161;0.0;0.0;0.0;0.0;0.004679
15052;0.301157;0.489154;0.050615;0.0;0.067607;0.0;0.0;0.0;0.0;0.0;0.085683;0.0;0.0;0.0;0.0;0.005785
15053;0.311075;0.397821;0.036716;0.0;0.103692;0.0;0.0;0.0;0.0;0.0;0.145047;0.0;0.0;0.0;0.0;0.005649
15054;0.287322;0.383413;0.061559;0.0;0.164917;0.0;0.0;0.0;0.0;0.0;0.094856;0.0;0.0;0.0;0.0;0.007932
15055;0.31957;0.367909;0.051695;0.0;0.141658;0.0;0.0;0.0;0.0;0.0;0.112118;0.0;0.0;0.0;0.0;0.007049
15056;0.287718;0.501451;0.046422;0.0;0.072776;0.0;0.0;0.0;0.0;0.0;0.086557;0.0;0.0;0.0;0.0;0.005077
15057;0.269545;0.46966;0.045481;0.0;0.103512;0.0;0.0;0.0;0.0;0.0;0.106851;0.0;0.0;0.0;0.0;0.004951
15058;0.282008;0.444291;0.055709;0.0;0.135584;0.0;0.0;0.0;0.0;0.0;0.075566;0.0;0.0;0.0;0.0;0.006841
15059;0.249505;0.504552;0.052118;0.0;0.06927;0.0;0.0;0.0;0.0;0.0;0.120069;0.0;0.0;0.0;0.0;0.004486
15060;0.256944;0.483507;0.052517;0.0;0.104818;0.0;0.0;0.0;0.0;0.0;0.097222;0.0;0.0;0.0;0.0;0.004991
15061;0.236395;0.541031;0.039735;0.0;0.067953;0.0;0.0;0.0;0.0;0.0;0.110567;0.0;0.0;0.0;0.0;0.004319
15062;0.220256;0.53798;0.040566;0.0;0.081405;0.0;0.0;0.0;0.0;0.0;0.115165;0.0;0.0;0.0;0.0;0.004628
15064;0.271851;0.492465;0.056058;0.0;0.084388;0.0;0.0;0.0;0.0;0.0;0.090416;0.0;0.0;0.0;0.0;0.004822
15065;0.291858;0.454702;0.043196;0.0;0.111047;0.0;0.0;0.0;0.0;0.0;0.091743;0.0;0.0;0.0;0.0;0.007454
15066;0.203465;0.592052;0.038383;0.0;0.081182;0.0;0.0;0.0;0.0;0.0;0.079484;0.0;0.0;0.0;0.0;0.005435
15067;0.282548;0.381233;0.056787;0.0;0.15928;0.0;0.0;0.0;0.0;0.0;0.1134;0.0;0.0;0.0;0.0;0.006752
15068;0.266789;0.488194;0.043545;0.0;0.07513;0.0;0.0;0.0;0.0;0.0;0.121742;0.0;0.0;0.0;0.0;0.0046
15069;0.32335;0.351192;0.039654;0.0;0.141953;0.0;0.0;0.0;0.0;0.0;0.137313;0.0;0.0;0.0;0.0;0.006539
15070;0.327347;0.331074;0.043545;0.0;0.117926;0.0;0.0;0.0;0.0;0.0;0.175195;0.0;0.0;0.0;0.0;0.004914
15071;0.246534;0.458052;0.063633;0.0;0.089406;0.0;0.0;0.0;0.0;0.0;0.137753;0.0;0.0;0.0;0.0;0.004621
15072;0.285563;0.389761;0.054968;0.0;0.125793;0.0;0.0;0.0;0.0;0.0;0.137421;0.0;0.0;0.0;0.0;0.006494
15073;0.229331;0.460553;0.092335;0.0;0.092965;0.0;0.0;0.0;0.0;0.0;0.117676;0.0;0.0;0.0;0.0;0.00714
15074;0.204096;0.583333;0.039548;0.0;0.080155;0.0;0.0;0.0;0.0;0.0;0.08863;0.0;0.0;0.0;0.0;0.004237
15075;0.269932;0.439365;0.066999;0.0;0.133184;0.0;0.0;0.0;0.0;0.0;0.084411;0.0;0.0;0.0;0.0;0.006109
15076;0.224018;0.459007;0.039261;0.0;0.079677;0.0;0.0;0.0;0.0;0.0;0.187067;0.0;0.0;0.0;0.0;0.01097
15077;0.22678;0.592158;0.052403;0.0;0.049331;0.0;0.0;0.0;0.0;0.0;0.076437;0.0;0.0;0.0;0.0;0.002891
15078;0.261033;0.422267;0.037151;0.0;0.141335;0.0;0.0;0.0;0.0;0.0;0.13184;0.0;0.0;0.0;0.0;0.006374
15079;0.241053;0.530526;0.04;0.0;0.055789;0.0;0.0;0.0;0.0;0.0;0.128421;0.0;0.0;0.0;0.0;0.004211
15080;0.267422;0.575784;0.036585;0.0;0.055749;0.0;0.0;0.0;0.0;0.0;0.062718;0.0;0.0;0.0;0.0;0.001742
15081;0.147018;0.635229;0.036061;0.0;0.049931;0.0;0.0;0.0;0.0;0.0;0.128988;0.0;0.0;0.0;0.0;0.002774
15082;0.248788;0.452909;0.046226;0.0;0.131146;0.0;0.0;0.0;0.0;0.0;0.112794;0.0;0.0;0.0;0.0;0.008137
15083;0.14974;0.671875;0.040365;0.0;0.045573;0.0;0.0;0.0;0.0;0.0;0.091146;0.0;0.0;0.0;0.0;0.001302
15084;0.190608;0.64779;0.046961;0.0;0.042818;0.0;0.0;0.0;0.0;0.0;0.070902;0.0;0.0;0.0;0.0;0.000921
15085;0.261224;0.546032;0.034014;0.0;0.075737;0.0;0.0;0.0;0.0;0.0;0.082086;0.0;0.0;0.0;0.0;0.000907
15086;0.212512;0.591857;0.055611;0.0;0.056107;0.0;0.0;0.0;0.0;0.0;0.078451;0.0;0.0;0.0;0.0;0.005462
15087;0.2837;0.45196;0.04087;0.0;0.123805;0.0;0.0;0.0;0.0;0.0;0.09608;0.0;0.0;0.0;0.0;0.003585
15088;0.245817;0.581296;0.046761;0.0;0.058773;0.0;0.0;0.0;0.0;0.0;0.063921;0.0;0.0;0.0;0.0;0.003432
15089;0.250467;0.506223;0.042937;0.0;0.092719;0.0;0.0;0.0;0.0;0.0;0.10112;0.0;0.0;0.0;0.0;0.006534
15090;0.156404;0.605911;0.035714;0.0;0.050493;0.0;0.0;0.0;0.0;0.0;0.147783;0.0;0.0;0.0;0.0;0.003695
15091;0.26135;0.509202;0.052761;0.0;0.089571;0.0;0.0;0.0;0.0;0.0;0.082209;0.0;0.0;0.0;0.0;0.004908
15092;0.315406;0.509159;0.04744;0.0;0.042039;0.0;0.0;0.0;0.0;0.0;0.081024;0.0;0.0;0.0;0.0;0.004932
15093;0.217423;0.577132;0.036298;0.0;0.050091;0.0;0.0;0.0;0.0;0.0;0.115426;0.0;0.0;0.0;0.0;0.00363
15901;0.317132;0.435515;0.041867;0.0;0.099615;0.0;0.0;0.0;0.0;0.0;0.102021;0.0;0.0;0.0;0.0;0.00385
15902;0.247347;0.532134;0.048349;0.0;0.097583;0.0;0.0;0.0;0.0;0.0;0.068396;0.0;0.0;0.0;0.0;0.006191
16001;0.326087;0.456522;0.130435;0.0;0.065217;0.0;0.0;0.0;0.0;0.0;0.0;0.0;0.0;0.0;0.0;0.021739
16002;0.386207;0.331034;0.234483;0.0;0.034483;0.0;0.0;0.0;0.0;0.0;0.0;0.0;0.0;0.0;0.0;0.013793
16003;0.487179;0.333333;0.111111;0.0;0.068376;0.0;0.0;0.0;0.0;0.0;0.0;0.0;0.0;0.0;0.0;0.0
16004;0.418182;0.424242;0.109091;0.0;0.048485;0.0;0.0;0.0;0.0;0.0;0.0;0.0;0.0;0.0;0.0;0.0
16005;0.488506;0.362069;0.057471;0.0;0.074713;0.0;0.0;0.0;0.0;0.0;0.0;0.0;0.0;0.0;0.0;0.017241
16006;0.397727;0.443182;0.090909;0.0;0.068182;0.0;0.0;0.0;0.0;0.0;0.0;0.0;0.0;0.0;0.0;0.0
16007;0.362528;0.437916;0.176275;0.0;0.018847;0.0;0.0;0.0;0.0;0.0;0.0;0.0;0.0;0.0;0.0;0.004435
16008;0.482759;0.310345;0.034483;0.0;0.137931;0.0;0.0;0.0;0.0;0.0;0.0;0.0;0.0;0.0;0.0;0.034483
16009;0.177778;0.622222;0.155556;0.0;0.044444;0.0;0.0;0.0;0.0;0.0;0.0;0.0;0.0;0.0;0.0;0.0
16010;0.184783;0.652174;0.141304;0.0;0.01087;0.0;0.0;0.0;0.0;0.0;0.0;0.0;0.0;0.0;0.0;0.01087
16011;0.4;0.4;0.0;0.0;0.2;0.0;0.0;0.0;0.0;0.0;0.0;0.0;0.0;0.0;0.0;0.0
16012;0.525424;0.305085;0.101695;0.0;0.067797;0.0;0.0;0.0;0.0;0.0;0.0;0.0;0.0;0.0;0.0;0.0
16013;0.421053;0.473684;0.105263;0.0;0.0;0.0;0.0;0.0;0.0;0.0;0.0;0.0;0.0;0.0;0.0;0.0
16014;0.477108;0.306024;0.156627;0.0;0.050602;0.0;0.0;0.0;0.0;0.0;0.0;0.0;0.0;0.0;0.0;0.009639
16015;0.286232;0.525362;0.137681;0.0;0.039855;0.0;0.0;0.0;0.0;0.0;0.0;0.0;0.0;0.0;0.0;0.01087
16016;0.4125;0.4125;0.1375;0.0;0.03125;0.0;0.0;0.0;0.0;0.0;0.0;0.0;0.0;0.0;0.0;0.00625
16017;0.470803;0.313869;0.164234;0.0;0.040146;0.0;0.0;0.0;0.0;0.0;0.0;0.0;0.0;0.0;0.0;0.010949
16018;0.283388;0.37785;0.302932;0.0;0.032573;0.0;0.0;0.0;0.0;0.0;0.0;0.0;0.0;0.0;0.0;0.003257
16019;0.242236;0.583851;0.142857;0.0;0.024845;0.0;0.0;0.0;0.0;0.0;0.0;0.0;0.0;0.0;0.0;0.006211
16020;0.666667;0.333333;0.0;0.0;0.0;0.0;0.0;0.0;0.0;0.0;0.0;0.0;0.0;0.0;0.0;0.0
16022;0.444444;0.301587;0.222222;0.0;0.031746;0.0;0.0;0.0;0.0;0.0;0.0;0.0;0.0;0.0;0.0;0.0
16023;0.383721;0.330233;0.176744;0.0;0.1;0.0;0.0;0.0;0.0;0.0;0.0;0.0;0.0;0.0;0.0;0.009302
16024;0.455556;0.433333;0.022222;0.0;0.077778;0.0;0.0;0.0;0.0;0.0;0.0;0.0;0.0;0.0;0.0;0.011111
16025;0.0;0.9;0.1;0.0;0.0;0.0;0.0;0.0;0.0;0.0;0.0;0.0;0.0;0.0;0.0;0.0
16026;0.342857;0.442857;0.185714;0.0;0.014286;0.0;0.0;0.0;0.0;0.0;0.0;0.0;0.0;0.0;0.0;0.014286
16027;0.36121;0.359431;0.16548;0.0;0.099644;0.0;0.0;0.0;0.0;0.0;0.0;0.0;0.0;0.0;0.0;0.014235
16029;0.302326;0.325581;0.244186;0.0;0.116279;0.0;0.0;0.0;0.0;0.0;0.0;0.0;0.0;0.0;0.0;0.011628
16030;0.590909;0.227273;0.045455;0.0;0.136364;0.0;0.0;0.0;0.0;0.0;0.0;0.0;0.0;0.0;0.0;0.0
16031;0.484848;0.272727;0.212121;0.0;0.030303;0.0;0.0;0.0;0.0;0.0;0.0;0.0;0.0;0.0;0.0;0.0
16032;0.414729;0.352713;0.182171;0.0;0.03876;0.0;0.0;0.0;0.0;0.0;0.0;0.0;0.0;0.0;0.0;0.011628
16033;0.42704;0.395713;0.105523;0.0;0.057708;0.0;0.0;0.0;0.0;0.0;0.0;0.0;0.0;0.0;0.0;0.014015
16034;0.364486;0.439252;0.140187;0.0;0.056075;0.0;0.0;0.0;0.0;0.0;0.0;0.0;0.0;0.0;0.0;0.0
16035;0.553763;0.27957;0.080645;0.0;0.069892;0.0;0.0;0.0;0.0;0.0;0.0;0.0;0.0;0.0;0.0;0.016129
16036;0.5625;0.2;0.1625;0.0;0.075;0.0;0.0;0.0;0.0;0.0;0.0;0.0;0.0;0.0;0.0;0.0
16038;0.368421;0.578947;0.052632;0.0;0.0;0.0;0.0;0.0;0.0;0.0;0.0;0.0;0.0;0.0;0.0;0.0
16039;0.37247;0.45749;0.133603;0.0;0.032389;0.0;0.0;0.0;0.0;0.0;0.0;0.0;0.0;0.0;0.0;0.004049
16040;0.1625;0.55;0.1875;0.0;0.0875;0.0;0.0;0.0;0.0;0.0;0.0;0.0;0.0;0.0;0.0;0.0125
16041;0.425993;0.375451;0.155235;0.0;0.043321;0.0;0.0;0.0;0.0;0.0;0.0;0.0;0.0;0.0;0.0;0.0
16042;0.518697;0.3269;0.11339;0.0;0.034982;0.0;0.0;0.0;0.0;0.0;0.0;0.0;0.0;0.0;0.0;0.006031
16043;0.253333;0.64;0.093333;0.0;0.013333;0.0;0.0;0.0;0.0;0.0;0.0;0.0;0.0;0.0;0.0;0.0
16044;0.32;0.68;0.0;0.0;0.0;0.0;0.0;0.0;0.0;0.0;0.0;0.0;0.0;0.0;0.0;0.0
16045;0.475806;0.322581;0.137097;0.0;0.056452;0.0;0.0;0.0;0.0;0.0;0.0;0.0;0.0;0.0;0.0;0.008065
16046;0.313725;0.54902;0.111111;0.0;0.026144;0.0;0.0;0.0;0.0;0.0;0.0;0.0;0.0;0.0;0.0;0.0
16047;0.333333;0.414815;0.185185;0.0;0.051852;0.0;0.0;0.0;0.0;0.0;0.0;0.0;0.0;0.0;0.0;0.014815
16048;0.32899;0.390879;0.241042;0.0;0.035831;0.0;0.0;0.0;0.0;0.0;0.0;0.0;0.0;0.0;0.0;0.003257
16049;0.42;0.38;0.16;0.0;0.03;0.0;0.0;0.0;0.0;0.0;0.0;0.0;0.0;0.0;0.0;0.01
16050;0.403509;0.421053;0.152047;0.0;0.017544;0.0;0.0;0.0;0.0;0.0;0.0;0.0;0.0;0.0;0.0;0.005848
16051;0.456522;0.347826;0.173913;0.0;0.021739;0.0;0.0;0.0;0.0;0.0;0.0;0.0;0.0;0.0;0.0;0.0
16052;0.410256;0.361305;0.121212;0.0;0.100233;0.0;0.0;0.0;0.0;0.0;0.0;0.0;0.0;0.0;0.0;0.006993
16053;0.445513;0.294872;0.125;0.0;0.125;0.0;0.0;0.0;0.0;0.0;0.0;0.0;0.0;0.0;0.0;0.009615
16055;0.317073;0.463415;0.168699;0.0;0.04878;0.0;0.0;0.0;0.0;0.0;0.0;0.0;0.0;0.0;0.0;0.002033
16056;0.317901;0.401235;0.216049;0.0;0.064815;0.0;0.0;0.0;0.0;0.0;0.0;0.0;0.0;0.0;0.0;0.0
16057;0.396226;0.415094;0.09434;0.0;0.075472;0.0;0.0;0.0;0.0;0.0;0.0;0.0;0.0;0.0;0.0;0.018868
16058;0.586667;0.32;0.053333;0.0;0.026667;0.0;0.0;0.0;0.0;0.0;0.0;0.0;0.0;0.0;0.0;0.013333
16060;0.397482;0.384892;0.179856;0.0;0.028777;0.0;0.0;0.0;0.0;0.0;0.0;0.0;0.0;0.0;0.0;0.008993
16061;0.415292;0.371814;0.149925;0.0;0.050975;0.0;0.0;0.0;0.0;0.0;0.0;0.0;0.0;0.0;0.0;0.011994
16062;0.576923;0.115385;0.115385;0.0;0.115385;0.0;0.0;0.0;0.0;0.0;0.0;0.0;0.0;0.0;0.0;0.076923
16063;0.333333;0.488095;0.130952;0.0;0.047619;0.0;0.0;0.0;0.0;0.0;0.0;0.0;0.0;0.0;0.0;0.0
16064;0.32902;0.465804;0.166359;0.0;0.029575;0.0;0.0;0.0;0.0;0.0;0.0;0.0;0.0;0.0;0.0;0.009242
16065;0.284133;0.420664;0.239852;0.0;0.051661;0.0;0.0;0.0;0.0;0.0;0.0;0.0;0.0;0.0;0.0;0.00369
16066;0.304762;0.440336;0.19888;0.0;0.044258;0.0;0.0;0.0;0.0;0.0;0.0;0.0;0.0;0.0;0.0;0.011765
16067;0.344086;0.451613;0.16129;0.0;0.032258;0.0;0.0;0.0;0.0;0.0;0.0;0.0;0.0;0.0;0.0;0.010753
16068;0.367816;0.494253;0.126437;0.0;0.011494;0.0;0.0;0.0;0.0;0.0;0.0;0.0;0.0;0.0;0.0;0.0
16070;0.366667;0.333333;0.3;0.0;0.0;0.0;0.0;0.0;0.0;0.0;0.0;0.0;0.0;0.0;0.0;0.0
16071;0.444444;0.277778;0.277778;0.0;0.0;0.0;0.0;0.0;0.0;0.0;0.0;0.0;0.0;0.0;0.0;0.0
16072;0.397959;0.265306;0.285714;0.0;0.040816;0.0;0.0;0.0;0.0;0.0;0.0;0.0;0.0;0.0;0.0;0.010204
16073;0.463576;0.423841;0.092715;0.0;0.019868;0.0;0.0;0.0;0.0;0.0;0.0;0.0;0.0;0.0;0.0;0.0
16074;0.466667;0.466667;0.066667;0.0;0.0;0.0;0.0;0.0;0.0;0.0;0.0;0.0;0.0;0.0;0.0;0.0
16078;0.374805;0.405656;0.136886;0.0;0.069972;0.0;0.0;0.0;0.0;0.0;0.0;0.0;0.0;0.0;0.0;0.012681
16079;0.444444;0.388889;0.111111;0.0;0.055556;0.0;0.0;0.0;0.0;0.0;0.0;0.0;0.0;0.0;0.0;0.0
16081;0.363636;0.363636;0.159091;0.0;0.113636;0.0;0.0;0.0;0.0;0.0;0.0;0.0;0.0;0.0;0.0;0.0
16082;0.494898;0.234694;0.178571;0.0;0.076531;0.0;0.0;0.0;0.0;0.0;0.0;0.0;0.0;0.0;0.0;0.015306
16083;0.083333;0.458333;0.416667;0.0;0.041667;0.0;0.0;0.0;0.0;0.0;0.0;0.0;0.0;0.0;0.0;0.0
16084;0.5;0.411765;0.058824;0.0;0.029412;0.0;0.0;0.0;0.0;0.0;0.0;0.0;0.0;0.0;0.0;0.0
16085;0.346939;0.408163;0.163265;0.0;0.061224;0.0;0.0;0.0;0.0;0.0;0.0;0.0;0.0;0.0;0.0;0.020408
16086;0.371669;0.4446;0.145863;0.0;0.032258;0.0;0.0;0.0;0.0;0.0;0.0;0.0;0.0;0.0;0.0;0.00561
16087;0.256579;0.493421;0.210526;0.0;0.039474;0.0;0.0;0.0;0.0;0.0;0.0;0.0;0.0;0.0;0.0;0.0
16088;0.493671;0.392405;0.075949;0.0;0.037975;0.0;0.0;0.0;0.0;0.0;0.0;0.0;0.0;0.0;0.0;0.0
16089;0.402516;0.336478;0.207547;0.0;0.053459;0.0;0.0;0.0;0.0;0.0;0.0;0.0;0.0;0.0;0.0;0.0
16091;0.611111;0.314815;0.0;0.0;0.074074;0.0;0.0;0.0;0.0;0.0;0.0;0.0;0.0;0.0;0.0;0.0
16092;0.205607;0.457944;0.28972;0.0;0.046729;0.0;0.0;0.0;0.0;0.0;0.0;0.0;0.0;0.0;0.0;0.0
16093;0.272727;0.454545;0.25;0.0;0.022727;0.0;0.0;0.0;0.0;0.0;0.0;0.0;0.0;0.0;0.0;0.0
16094;0.162791;0.55814;0.197674;0.0;0.046512;0.0;0.0;0.0;0.0;0.0;0.0;0.0;0.0;0.0;0.0;0.034884
16095;0.266667;0.48;0.173333;0.0;0.08;0.0;0.0;0.0;0.0;0.0;0.0;0.0;0.0;0.0;0.0;0.0
16096;0.438596;0.355263;0.166667;0.0;0.039474;0.0;0.0;0.0;0.0;0.0;0.0;0.0;0.0;0.0;0.0;0.0
16097;0.504587;0.376147;0.06422;0.0;0.036697;0.0;0.0;0.0;0.0;0.0;0.0;0.0;0.0;0.0;0.0;0.018349
16098;0.422274;0.37123;0.136891;0.0;0.058005;0.0;0.0;0.0;0.0;0.0;0.0;0.0;0.0;0.0;0.0;0.011601
16099;0.307087;0.425197;0.220472;0.0;0.031496;0.0;0.0;0.0;0.0;0.0;0.0;0.0;0.0;0.0;0.0;0.015748
16100;0.42803;0.393939;0.138258;0.0;0.039773;0.0;0.0;0.0;0.0;0.0;0.0;0.0;0.0;0.0;0.0;0.0
16101;0.528926;0.256198;0.181818;0.0;0.024793;0.0;0.0;0.0;0.0;0.0;0.0;0.0;0.0;0.0;0.0;0.008264
16102;0.307604;0.470046;0.208525;0.0;0.010369;0.0;0.0;0.0;0.0;0.0;0.0;0.0;0.0;0.0;0.0;0.003456
16103;0.346535;0.435644;0.178218;0.0;0.039604;0.0;0.0;0.0;0.0;0.0;0.0;0.0;0.0;0.0;0.0;0.0
16104;0.387755;0.265306;0.326531;0.0;0.020408;0.0;0.0;0.0;0.0;0.0;0.0;0.0;0.0;0.0;0.0;0.0
16106;0.409615;0.358654;0.189904;0.0;0.037019;0.0;0.0;0.0;0.0;0.0;0.0;0.0;0.0;0.0;0.0;0.004808
16107;0.393939;0.484848;0.106061;0.0;0.015152;0.0;0.0;0.0;0.0;0.0;0.0;0.0;0.0;0.0;0.0;0.0
16108;0.526316;0.22807;0.22807;0.0;0.0;0.0;0.0;0.0;0.0;0.0;0.0;0.0;0.0;0.0;0.0;0.017544
16109;0.361111;0.444444;0.138889;0.0;0.027778;0.0;0.0;0.0;0.0;0.0;0.0;0.0;0.0;0.0;0.0;0.027778
16110;0.075949;0.316456;0.493671;0.0;0.0;0.0;0.0;0.0;0.0;0.0;0.0;0.0;0.0;0.0;0.0;0.113924
16111;0.434783;0.365217;0.086957;0.0;0.104348;0.0;0.0;0.0;0.0;0.0;0.0;0.0;0.0;0.0;0.0;0.008696
16112;0.428016;0.412451;0.099222;0.0;0.052529;0.0;0.0;0.0;0.0;0.0;0.0;0.0;0.0;0.0;0.0;0.007782
16113;0.368445;0.455849;0.127745;0.0;0.038996;0.0;0.0;0.0;0.0;0.0;0.0;0.0;0.0;0.0;0.0;0.008965
16115;0.542857;0.371429;0.028571;0.0;0.028571;0.0;0.0;0.0;0.0;0.0;0.0;0.0;0.0;0.0;0.0;0.028571
16116;0.4;0.46;0.1;0.0;0.04;0.0;0.0;0.0;0.0;0.0;0.0;0.0;0.0;0.0;0.0;0.0
16117;0.40638;0.403606;0.130374;0.0;0.058252;0.0;0.0;0.0;0.0;0.0;0.0;0.0;0.0;0.0;0.0;0.001387
16118;0.315333;0.516876;0.119576;0.0;0.040501;0.0;0.0;0.0;0.0;0.0;0.0;0.0;0.0;0.0;0.0;0.007715
16119;0.395833;0.319444;0.131944;0.0;0.138889;0.0;0.0;0.0;0.0;0.0;0.0;0.0;0.0;0.0;0.0;0.013889
16121;0.460606;0.363636;0.066667;0.0;0.09697;0.0;0.0;0.0;0.0;0.0;0.0;0.0;0.0;0.0;0.0;0.012121
16122;0.448649;0.372973;0.140541;0.0;0.037838;0.0;0.0;0.0;0.0;0.0;0.0;0.0;0.0;0.0;0.0;0.0
16123;0.390244;0.365854;0.121951;0.0;0.097561;0.0;0.0;0.0;0.0;0.0;0.0;0.0;0.0;0.0;0.0;0.02439
16124;0.377444;0.355639;0.157895;0.0;0.100752;0.0;0.0;0.0;0.0;0.0;0.0;0.0;0.0;0.0;0.0;0.008271
16125;0.338136;0.435593;0.182203;0.0;0.033898;0.0;0.0;0.0;0.0;0.0;0.0;0.0;0.0;0.0;0.0;0.010169
16126;0.405085;0.364407;0.152542;0.0;0.067797;0.0;0.0;0.0;0.0;0.0;0.0;0.0;0.0;0.0;0.0;0.010169
16128;0.363636;0.393939;0.242424;0.0;0.0;0.0;0.0;0.0;0.0;0.0;0.0;0.0;0.0;0.0;0.0;0.0
16129;0.285714;0.460317;0.253968;0.0;0.0;0.0;0.0;0.0;0.0;0.0;0.0;0.0;0.0;0.0;0.0;0.0
16130;0.507042;0.279343;0.183099;0.0;0.025822;0.0;0.0;0.0;0.0;0.0;0.0;0.0;0.0;0.0;0.0;0.004695
16131;0.343137;0.254902;0.323529;0.0;0.068627;0.0;0.0;0.0;0.0;0.0;0.0;0.0;0.0;0.0;0.0;0.009804
16132;0.222222;0.388889;0.166667;0.0;0.166667;0.0;0.0;0.0;0.0;0.0;0.0;0.0;0.0;0.0;0.0;0.055556
16133;0.361547;0.361547;0.112275;0.0;0.155905;0.0;0.0;0.0;0.0;0.0;0.0;0.0;0.0;0.0;0.0;0.008726
16134;0.359717;0.392978;0.162304;0.0;0.076686;0.0;0.0;0.0;0.0;0.0;0.0;0.0;0.0;0.0;0.0;0.008315
16135;0.358974;0.495726;0.094017;0.0;0.042735;0.0;0.0;0.0;0.0;0.0;0.0;0.0;0.0;0.0;0.0;0.008547
16137;0.25;0.34375;0.375;0.0;0.03125;0.0;0.0;0.0;0.0;0.0;0.0;0.0;0.0;0.0;0.0;0.0
16139;0.316742;0.461538;0.153846;0.0;0.058824;0.0;0.0;0.0;0.0;0.0;0.0;0.0;0.0;0.0;0.0;0.00905
16140;0.625;0.0625;0.125;0.0;0.1875;0.0;0.0;0.0;0.0;0.0;0.0;0.0;0.0;0.0;0.0;0.0
16141;0.495146;0.339806;0.106796;0.0;0.058252;0.0;0.0;0.0;0.0;0.0;0.0;0.0;0.0;0.0;0.0;0.0
16142;0.337209;0.44186;0.139535;0.0;0.069767;0.0;0.0;0.0;0.0;0.0;0.0;0.0;0.0;0.0;0.0;0.011628
16143;0.214286;0.214286;0.571429;0.0;0.0;0.0;0.0;0.0;0.0;0.0;0.0;0.0;0.0;0.0;0.0;0.0
16145;0.501529;0.333333;0.11315;0.0;0.04893;0.0;0.0;0.0;0.0;0.0;0.0;0.0;0.0;0.0;0.0;0.003058
16146;0.327586;0.413793;0.155172;0.0;0.103448;0.0;0.0;0.0;0.0;0.0;0.0;0.0;0.0;0.0;0.0;0.0
16147;0.333333;0.358974;0.307692;0.0;0.0;0.0;0.0;0.0;0.0;0.0;0.0;0.0;0.0;0.0;0.0;0.0
16148;0.294505;0.538462;0.138462;0.0;0.024176;0.0;0.0;0.0;0.0;0.0;0.0;0.0;0.0;0.0;0.0;0.004396
16149;0.419847;0.267176;0.167939;0.0;0.129771;0.0;0.0;0.0;0.0;0.0;0.0;0.0;0.0;0.0;0.0;0.015267
16150;0.301205;0.46988;0.168675;0.0;0.060241;0.0;0.0;0.0;0.0;0.0;0.0;0.0;0.0;0.0;0.0;0.0
16151;0.210526;0.491228;0.140351;0.0;0.087719;0.0;0.0;0.0;0.0;0.0;0.0;0.0;0.0;0.0;0.0;0.070175
16152;0.181818;0.727273;0.045455;0.0;0.045455;0.0;0.0;0.0;0.0;0.0;0.0;0.0;0.0;0.0;0.0;0.0
16153;0.413408;0.439944;0.108939;0.0;0.023743;0.0;0.0;0.0;0.0;0.0;0.0;0.0;0.0;0.0;0.0;0.013966
16154;0.336294;0.39402;0.219065;0.0;0.043221;0.0;0.0;0.0;0.0;0.0;0.0;0.0;0.0;0.0;0.0;0.007401
16155;0.340967;0.412214;0.19084;0.0;0.040712;0.0;0.0;0.0;0.0;0.0;0.0;0.0;0.0;0.0;0.0;0.015267
16156;0.305085;0.423729;0.186441;0.0;0.084746;0.0;0.0;0.0;0.0;0.0;0.0;0.0;0.0;0.0;0.0;0.0
16157;0.407643;0.369427;0.191083;0.0;0.025478;0.0;0.0;0.0;0.0;0.0;0.0;0.0;0.0;0.0;0.0;0.006369
16158;0.383085;0.412935;0.149254;0.0;0.052239;0.0;0.0;0.0;0.0;0.0;0.0;0.0;0.0;0.0;0.0;0.002488
16159;0.373134;0.492537;0.126866;0.0;0.007463;0.0;0.0;0.0;0.0;0.0;0.0;0.0;0.0;0.0;0.0;0.0
16160;0.275;0.5;0.225;0.0;0.0;0.0;0.0;0.0;0.0;0.0;0.0;0.0;0.0;0.0;0.0;0.0
16161;0.358974;0.435897;0.153846;0.0;0.051282;0.0;0.0;0.0;0.0;0.0;0.0;0.0;0.0;0.0;0.0;0.0
16162;0.257143;0.514286;0.142857;0.0;0.085714;0.0;0.0;0.0;0.0;0.0;0.0;0.0;0.0;0.0;0.0;0.0
16163;0.555556;0.333333;0.066667;0.0;0.022222;0.0;0.0;0.0;0.0;0.0;0.0;0.0;0.0;0.0;0.0;0.022222
16165;0.523077;0.4;0.046154;0.0;0.030769;0.0;0.0;0.0;0.0;0.0;0.0;0.0;0.0;0.0;0.0;0.0
16166;0.391061;0.446927;0.145251;0.0;0.01676;0.0;0.0;0.0;0.0;0.0;0.0;0.0;0.0;0.0;0.0;0.0
16167;0.530702;0.276316;0.162281;0.0;0.030702;0.0;0.0;0.0;0.0;0.0;0.0;0.0;0.0;0.0;0.0;0.0
16169;0.390244;0.268293;0.292683;0.0;0.04878;0.0;0.0;0.0;0.0;0.0;0.0;0.0;0.0;0.0;0.0;0.0
16170;0.470716;0.37961;0.095445;0.0;0.034707;0.0;0.0;0.0;0.0;0.0;0.0;0.0;0.0;0.0;0.0;0.019523
16171;0.386293;0.417445;0.153427;0.0;0.041277;0.0;0.0;0.0;0.0;0.0;0.0;0.0;0.0;0.0;0.0;0.001558
16172;0.344398;0.518672;0.120332;0.0;0.016598;0.0;0.0;0.0;0.0;0.0;0.0;0.0;0.0;0.0;0.0;0.0
16173;0.35;0.5125;0.10625;0.0;0.025;0.0;0.0;0.0;0.0;0.0;0.0;0.0;0.0;0.0;0.0;0.00625
16174;0.356164;0.39726;0.19863;0.0;0.047945;0.0;0.0;0.0;0.0;0.0;0.0;0.0;0.0;0.0;0.0;0.0
16175;0.386404;0.36136;0.214158;0.0;0.032456;0.0;0.0;0.0;0.0;0.0;0.0;0.0;0.0;0.0;0.0;0.005622
16176;0.75;0.2;0.05;0.0;0.0;0.0;0.0;0.0;0.0;0.0;0.0;0.0;0.0;0.0;0.0;0.0
16177;0.301587;0.412698;0.206349;0.0;0.079365;0.0;0.0;0.0;0.0;0.0;0.0;0.0;0.0;0.0;0.0;0.0
16181;0.263158;0.684211;0.052632;0.0;0.0;0.0;0.0;0.0;0.0;0.0;0.0;0.0;0.0;0.0;0.0;0.0
16185;0.333333;0.481481;0.074074;0.0;0.111111;0.0;0.0;0.0;0.0;0.0;0.0;0.0;0.0;0.0;0.0;0.0
16186;0.427215;0.335443;0.208861;0.0;0.015823;0.0;0.0;0.0;0.0;0.0;0.0;0.0;0.0;0.0;0.0;0.012658
16187;0.394737;0.342105;0.157895;0.0;0.078947;0.0;0.0;0.0;0.0;0.0;0.0;0.0;0.0;0.0;0.0;0.026316
16188;0.416667;0.383333;0.116667;0.0;0.066667;0.0;0.0;0.0;0.0;0.0;0.0;0.0;0.0;0.0;0.0;0.016667
16189;0.251232;0.374384;0.330049;0.0;0.019704;0.0;0.0;0.0;0.0;0.0;0.0;0.0;0.0;0.0;0.0;0.024631
16190;0.32068;0.435094;0.205734;0.0;0.035572;0.0;0.0;0.0;0.0;0.0;0.0;0.0;0.0;0.0;0.0;0.00292
16191;0.388179;0.442492;0.135783;0.0;0.030351;0.0;0.0;0.0;0.0;0.0;0.0;0.0;0.0;0.0;0.0;0.003195
16192;0.615385;0.076923;0.269231;0.0;0.038462;0.0;0.0;0.0;0.0;0.0;0.0;0.0;0.0;0.0;0.0;0.0
16193;0.5;0.304348;0.152174;0.0;0.043478;0.0;0.0;0.0;0.0;0.0;0.0;0.0;0.0;0.0;0.0;0.0
16194;0.520231;0.231214;0.16185;0.0;0.075145;0.0;0.0;0.0;0.0;0.0;0.0;0.0;0.0;0.0;0.0;0.011561
16195;0.511561;0.317919;0.132948;0.0;0.031792;0.0;0.0;0.0;0.0;0.0;0.0;0.0;0.0;0.0;0.0;0.00578
16196;0.533605;0.334012;0.069246;0.0;0.059063;0.0;0.0;0.0;0.0;0.0;0.0;0.0;0.0;0.0;0.0;0.004073
16197;0.442308;0.423077;0.115385;0.0;0.019231;0.0;0.0;0.0;0.0;0.0;0.0;0.0;0.0;0.0;0.0;0.0
16198;0.423881;0.320398;0.21393;0.0;0.035821;0.0;0.0;0.0;0.0;0.0;0.0;0.0;0.0;0.0;0.0;0.00597
16199;0.130435;0.695652;0.130435;0.0;0.043478;0.0;0.0;0.0;0.0;0.0;0.0;0.0;0.0;0.0;0.0;0.0
16202;0.394584;0.421663;0.141199;0.0;0.032882;0.0;0.0;0.0;0.0;0.0;0.0;0.0;0.0;0.0;0.0;0.009671
16203;0.391365;0.350147;0.18206;0.0;0.064133;0.0;0.0;0.0;0.0;0.0;0.0;0.0;0.0;0.0;0.0;0.012296
16204;0.39899;0.30303;0.237374;0.0;0.045455;0.0;0.0;0.0;0.0;0.0;0.0;0.0;0.0;0.0;0.0;0.015152
16205;0.324324;0.527027;0.094595;0.0;0.054054;0.0;0.0;0.0;0.0;0.0;0.0;0.0;0.0;0.0;0.0;0.0
16206;0.5;0.391304;0.094203;0.0;0.014493;0.0;0.0;0.0;0.0;0.0;0.0;0.0;0.0;0.0;0.0;0.0
16209;0.358696;0.413043;0.152174;0.0;0.076087;0.0;0.0;0.0;0.0;0.0;0.0;0.0;0.0;0.0;0.0;0.0
16211;0.390756;0.415966;0.134454;0.0;0.054622;0.0;0.0;0.0;0.0;0.0;0.0;0.0;0.0;0.0;0.0;0.004202
16212;0.444976;0.363636;0.143541;0.0;0.047847;0.0;0.0;0.0;0.0;0.0;0.0;0.0;0.0;0.0;0.0;0.0
16213;0.294118;0.617647;0.058824;0.0;0.0;0.0;0.0;0.0;0.0;0.0;0.0;0.0;0.0;0.0;0.0;0.029412
16215;0.566667;0.233333;0.144444;0.0;0.044444;0.0;0.0;0.0;0.0;0.0;0.0;0.0;0.0;0.0;0.0;0.011111
16216;0.481818;0.363636;0.127273;0.0;0.022727;0.0;0.0;0.0;0.0;0.0;0.0;0.0;0.0;0.0;0.0;0.004545
16217;0.318841;0.507246;0.115942;0.0;0.057971;0.0;0.0;0.0;0.0;0.0;0.0;0.0;0.0;0.0;0.0;0.0
16218;0.441558;0.474026;0.084416;0.0;0.0;0.0;0.0;0.0;0.0;0.0;0.0;0.0;0.0;0.0;0.0;0.0
16219;0.592105;0.171053;0.171053;0.0;0.052632;0.0;0.0;0.0;0.0;0.0;0.0;0.0;0.0;0.0;0.0;0.013158
16224;0.338983;0.508475;0.067797;0.0;0.067797;0.0;0.0;0.0;0.0;0.0;0.0;0.0;0.0;0.0;0.0;0.016949
16225;0.357143;0.571429;0.047619;0.0;0.0;0.0;0.0;0.0;0.0;0.0;0.0;0.0;0.0;0.0;0.0;0.02381
16227;0.448718;0.397436;0.115385;0.0;0.038462;0.0;0.0;0.0;0.0;0.0;0.0;0.0;0.0;0.0;0.0;0.0
16228;0.302632;0.467105;0.210526;0.0;0.019737;0.0;0.0;0.0;0.0;0.0;0.0;0.0;0.0;0.0;0.0;0.0
16231;0.307692;0.410256;0.25641;0.0;0.025641;0.0;0.0;0.0;0.0;0.0;0.0;0.0;0.0;0.0;0.0;0.0
16234;0.4375;0.1875;0.25;0.0;0.125;0.0;0.0;0.0;0.0;0.0;0.0;0.0;0.0;0.0;0.0;0.0
16236;0.303125;0.464062;0.185938;0.0;0.040625;0.0;0.0;0.0;0.0;0.0;0.0;0.0;0.0;0.0;0.0;0.00625
16237;0.205479;0.616438;0.150685;0.0;0.027397;0.0;0.0;0.0;0.0;0.0;0.0;0.0;0.0;0.0;0.0;0.0
16238;0.405714;0.457143;0.111429;0.0;0.025714;0.0;0.0;0.0;0.0;0.0;0.0;0.0;0.0;0.0;0.0;0.0
16239;0.47619;0.285714;0.07619;0.0;0.161905;0.0;0.0;0.0;0.0;0.0;0.0;0.0;0.0;0.0;0.0;0.0
16240;0.395349;0.290698;0.162791;0.0;0.151163;0.0;0.0;0.0;0.0;0.0;0.0;0.0;0.0;0.0;0.0;0.0
16242;0.261224;0.587755;0.134694;0.0;0.012245;0.0;0.0;0.0;0.0;0.0;0.0;0.0;0.0;0.0;0.0;0.004082
16243;0.364261;0.37457;0.185567;0.0;0.065292;0.0;0.0;0.0;0.0;0.0;0.0;0.0;0.0;0.0;0.0;0.010309
16244;0.473684;0.359932;0.151104;0.0;0.01528;0.0;0.0;0.0;0.0;0.0;0.0;0.0;0.0;0.0;0.0;0.0
16245;0.303725;0.415473;0.189112;0.0;0.077364;0.0;0.0;0.0;0.0;0.0;0.0;0.0;0.0;0.0;0.0;0.014327
16246;0.357143;0.485119;0.136905;0.0;0.017857;0.0;0.0;0.0;0.0;0.0;0.0;0.0;0.0;0.0;0.0;0.002976
16247;0.465116;0.325581;0.162791;0.0;0.046512;0.0;0.0;0.0;0.0;0.0;0.0;0.0;0.0;0.0;0.0;0.0
16248;0.413043;0.395652;0.150725;0.0;0.030435;0.0;0.0;0.0;0.0;0.0;0.0;0.0;0.0;0.0;0.0;0.010145
16249;0.423966;0.386125;0.149965;0.0;0.034338;0.0;0.0;0.0;0.0;0.0;0.0;0.0;0.0;0.0;0.0;0.005606
16250;0.222222;0.533333;0.111111;0.0;0.111111;0.0;0.0;0.0;0.0;0.0;0.0;0.0;0.0;0.0;0.0;0.022222
16251;0.279499;0.483038;0.205752;0.0;0.024336;0.0;0.0;0.0;0.0;0.0;0.0;0.0;0.0;0.0;0.0;0.007375
16253;0.219828;0.448276;0.25;0.0;0.064655;0.0;0.0;0.0;0.0;0.0;0.0;0.0;0.0;0.0;0.0;0.017241
16254;0.393939;0.466667;0.09697;0.0;0.024242;0.0;0.0;0.0;0.0;0.0;0.0;0.0;0.0;0.0;0.0;0.018182
16255;0.529412;0.343137;0.098039;0.0;0.019608;0.0;0.0;0.0;0.0;0.0;0.0;0.0;0.0;0.0;0.0;0.009804
16258;0.3;0.466667;0.216667;0.0;0.016667;0.0;0.0;0.0;0.0;0.0;0.0;0.0;0.0;0.0;0.0;0.0
16259;0.409091;0.5;0.090909;0.0;0.0;0.0;0.0;0.0;0.0;0.0;0.0;0.0;0.0;0.0;0.0;0.0
16263;0.465668;0.362047;0.121099;0.0;0.041199;0.0;0.0;0.0;0.0;0.0;0.0;0.0;0.0;0.0;0.0;0.009988
16264;0.368078;0.436482;0.185668;0.0;0.009772;0.0;0.0;0.0;0.0;0.0;0.0;0.0;0.0;0.0;0.0;0.0
16265;0.35;0.45;0.15;0.0;0.05;0.0;0.0;0.0;0.0;0.0;0.0;0.0;0.0;0.0;0.0;0.0
16266;0.245211;0.616858;0.103448;0.0;0.022989;0.0;0.0;0.0;0.0;0.0;0.0;0.0;0.0;0.0;0.0;0.011494
16269;0.333333;0.489796;0.14966;0.0;0.020408;0.0;0.0;0.0;0.0;0.0;0.0;0.0;0.0;0.0;0.0;0.006803
16270;0.285714;0.445378;0.218487;0.0;0.033613;0.0;0.0;0.0;0.0;0.0;0.0;0.0;0.0;0.0;0.0;0.016807
16271;0.427126;0.380567;0.159919;0.0;0.030364;0.0;0.0;0.0;0.0;0.0;0.0;0.0;0.0;0.0;0.0;0.002024
16272;0.206452;0.4;0.309677;0.0;0.077419;0.0;0.0;0.0;0.0;0.0;0.0;0.0;0.0;0.0;0.0;0.006452
16273;0.123223;0.535545;0.308057;0.0;0.028436;0.0;0.0;0.0;0.0;0.0;0.0;0.0;0.0;0.0;0.0;0.004739
16274;0.468085;0.361702;0.117021;0.0;0.053191;0.0;0.0;0.0;0.0;0.0;0.0;0.0;0.0;0.0;0.0;0.0
16275;0.1875;0.375;0.0625;0.0;0.375;0.0;0.0;0.0;0.0;0.0;0.0;0.0;0.0;0.0;0.0;0.0
16276;0.47619;0.333333;0.190476;0.0;0.0;0.0;0.0;0.0;0.0;0.0;0.0;0.0;0.0;0.0;0.0;0.0
16277;0.191781;0.630137;0.136986;0.0;0.027397;0.0;0.0;0.0;0.0;0.0;0.0;0.0;0.0;0.0;0.0;0.013699
16278;0.346939;0.408163;0.142857;0.0;0.102041;0.0;0.0;0.0;0.0;0.0;0.0;0.0;0.0;0.0;0.0;0.0
16279;0.252101;0.504202;0.210084;0.0;0.033613;0.0;0.0;0.0;0.0;0.0;0.0;0.0;0.0;0.0;0.0;0.0
16280;0.373016;0.515873;0.055556;0.0;0.047619;0.0;0.0;0.0;0.0;0.0;0.0;0.0;0.0;0.0;0.0;0.007937
16901;0.316258;0.481069;0.140312;0.0;0.057906;0.0;0.0;0.0;0.0;0.0;0.0;0.0;0.0;0.0;0.0;0.004454
16902;0.483871;0.354839;0.139785;0.0;0.010753;0.0;0.0;0.0;0.0;0.0;0.0;0.0;0.0;0.0;0.0;0.010753
16903;0.161747;0.744982;0.072019;0.0;0.012987;0.0;0.0;0.0;0.0;0.0;0.0;0.0;0.0;0.0;0.0;0.008264
16904;0.328982;0.407311;0.174935;0.0;0.073107;0.0;0.0;0.0;0.0;0.0;0.0;0.0;0.0;0.0;0.0;0.015666
16905;0.398595;0.341528;0.178227;0.0;0.069359;0.0;0.0;0.0;0.0;0.0;0.0;0.0;0.0;0.0;0.0;0.012291
16906;0.469388;0.428571;0.102041;0.0;0.0;0.0;0.0;0.0;0.0;0.0;0.0;0.0;0.0;0.0;0.0;0.0
16908;0.507937;0.238095;0.095238;0.0;0.142857;0.0;0.0;0.0;0.0;0.0;0.0;0.0;0.0;0.0;0.0;0.015873
16909;0.582988;0.280083;0.082988;0.0;0.039419;0.0;0.0;0.0;0.0;0.0;0.0;0.0;0.0;0.0;0.0;0.014523
16910;0.393443;0.360656;0.147541;0.0;0.098361;0.0;0.0;0.0;0.0;0.0;0.0;0.0;0.0;0.0;0.0;0.0
17001;0.194712;0.079327;0.072115;0.0;0.153846;0.211538;0.204327;0.0625;0.0;0.0;0.0;0.0;0.0;0.0;0.0;0.021635
17002;0.162791;0.087855;0.059432;0.0;0.074935;0.160207;0.325581;0.093023;0.0;0.0;0.0;0.0;0.0;0.0;0.0;0.036176
17003;0.104478;0.029851;0.0;0.0;0.119403;0.208955;0.283582;0.223881;0.0;0.0;0.0;0.0;0.0;0.0;0.0;0.029851
17004;0.205128;0.051282;0.015385;0.0;0.120513;0.2;0.261538;0.123077;0.0;0.0;0.0;0.0;0.0;0.0;0.0;0.023077
17005;0.277778;0.09375;0.038194;0.0;0.097222;0.225694;0.208333;0.038194;0.0;0.0;0.0;0.0;0.0;0.0;0.0;0.020833
17006;0.229611;0.111669;0.047679;0.0;0.079046;0.196989;0.23212;0.067754;0.0;0.0;0.0;0.0;0.0;0.0;0.0;0.035132
17007;0.187556;0.062218;0.03156;0.0;0.061317;0.122633;0.449955;0.06853;0.0;0.0;0.0;0.0;0.0;0.0;0.0;0.016231
17008;0.249881;0.057334;0.055901;0.0;0.085523;0.150979;0.311992;0.067845;0.0;0.0;0.0;0.0;0.0;0.0;0.0;0.020545
17009;0.249424;0.054189;0.03382;0.0;0.108378;0.205995;0.224827;0.092237;0.0;0.0;0.0;0.0;0.0;0.0;0.0;0.03113
17010;0.180995;0.004525;0.013575;0.0;0.122172;0.167421;0.316742;0.18552;0.0;0.0;0.0;0.0;0.0;0.0;0.0;0.00905
17011;0.194779;0.058233;0.032129;0.0;0.118474;0.25502;0.206827;0.118474;0.0;0.0;0.0;0.0;0.0;0.0;0.0;0.016064
17012;0.268507;0.114178;0.131744;0.0;0.095358;0.141782;0.194479;0.027604;0.0;0.0;0.0;0.0;0.0;0.0;0.0;0.026349
17013;0.314707;0.124407;0.081181;0.0;0.114918;0.133896;0.180285;0.026357;0.0;0.0;0.0;0.0;0.0;0.0;0.0;0.024249
17014;0.265306;0.081633;0.020408;0.0;0.102041;0.122449;0.285714;0.061224;0.0;0.0;0.0;0.0;0.0;0.0;0.0;0.061224
17015;0.222222;0.050986;0.030423;0.0;0.10582;0.186147;0.286556;0.097282;0.0;0.0;0.0;0.0;0.0;0.0;0.0;0.020563
17016;0.204124;0.05567;0.05567;0.0;0.090722;0.237113;0.220619;0.11134;0.0;0.0;0.0;0.0;0.0;0.0;0.0;0.024742
17018;0.241692;0.039275;0.045317;0.0;0.120846;0.163142;0.226586;0.141994;0.0;0.0;0.0;0.0;0.0;0.0;0.0;0.021148
17019;0.26811;0.043297;0.029975;0.0;0.068276;0.193172;0.31224;0.057452;0.0;0.0;0.0;0.0;0.0;0.0;0.0;0.027477
17020;0.222951;0.05082;0.042623;0.0;0.09918;0.17377;0.307787;0.081557;0.0;0.0;0.0;0.0;0.0;0.0;0.0;0.021311
17021;0.211765;0.011765;0.0;0.0;0.247059;0.117647;0.247059;0.129412;0.0;0.0;0.0;0.0;0.0;0.0;0.0;0.035294
17022;0.318857;0.0608;0.051429;0.0;0.1168;0.186514;0.172343;0.074057;0.0;0.0;0.0;0.0;0.0;0.0;0.0;0.0192
17023;0.389197;0.130034;0.081109;0.0;0.160351;0.108088;0.089536;0.01991;0.0;0.0;0.0;0.0;0.0;0.0;0.0;0.021776
17024;0.161404;0.25614;0.091228;0.0;0.063158;0.098246;0.263158;0.024561;0.0;0.0;0.0;0.0;0.0;0.0;0.0;0.042105
17025;0.200951;0.055886;0.034483;0.0;0.090369;0.135553;0.311534;0.148633;0.0;0.0;0.0;0.0;0.0;0.0;0.0;0.022592
17026;0.185864;0.091623;0.054974;0.0;0.049738;0.15445;0.371728;0.081152;0.0;0.0;0.0;0.0;0.0;0.0;0.0;0.010471
17027;0.253132;0.052714;0.028184;0.0;0.124217;0.259916;0.200939;0.061065;0.0;0.0;0.0;0.0;0.0;0.0;0.0;0.019833
17028;0.160976;0.053659;0.029268;0.0;0.117073;0.165854;0.341463;0.092683;0.0;0.0;0.0;0.0;0.0;0.0;0.0;0.039024
17029;0.118519;0.081481;0.051852;0.0;0.125926;0.266667;0.259259;0.059259;0.0;0.0;0.0;0.0;0.0;0.0;0.0;0.037037
17030;0.244656;0.123515;0.092637;0.0;0.087886;0.147268;0.211401;0.054632;0.0;0.0;0.0;0.0;0.0;0.0;0.0;0.038005
17031;0.21;0.09;0.05;0.0;0.18;0.15;0.2;0.11;0.0;0.0;0.0;0.0;0.0;0.0;0.0;0.01
17032;0.27963;0.061111;0.025926;0.0;0.125;0.184259;0.25;0.048148;0.0;0.0;0.0;0.0;0.0;0.0;0.0;0.025926
17033;0.275395;0.100734;0.090293;0.0;0.133465;0.136569;0.179458;0.052765;0.0;0.0;0.0;0.0;0.0;0.0;0.0;0.031321
17034;0.303056;0.114858;0.080084;0.0;0.111275;0.153635;0.179347;0.031401;0.0;0.0;0.0;0.0;0.0;0.0;0.0;0.026344
17035;0.20603;0.045226;0.040201;0.0;0.10804;0.243719;0.261307;0.072864;0.0;0.0;0.0;0.0;0.0;0.0;0.0;0.022613
17036;0.312883;0.065031;0.057055;0.0;0.123313;0.192025;0.174233;0.053374;0.0;0.0;0.0;0.0;0.0;0.0;0.0;0.022086
17037;0.153846;0.098901;0.043956;0.0;0.153846;0.10989;0.373626;0.043956;0.0;0.0;0.0;0.0;0.0;0.0;0.0;0.021978
17038;0.151292;0.055351;0.055351;0.0;0.055351;0.243542;0.302583;0.084871;0.0;0.0;0.0;0.0;0.0;0.0;0.0;0.051661
17039;0.29458;0.074301;0.048077;0.0;0.101399;0.137238;0.253497;0.061189;0.0;0.0;0.0;0.0;0.0;0.0;0.0;0.02972
17040;0.169492;0.064972;0.042373;0.0;0.124294;0.163842;0.310734;0.110169;0.0;0.0;0.0;0.0;0.0;0.0;0.0;0.014124
17041;0.189781;0.087591;0.029197;0.0;0.094891;0.335766;0.138686;0.109489;0.0;0.0;0.0;0.0;0.0;0.0;0.0;0.014599
17042;0.214035;0.084211;0.094737;0.0;0.098246;0.157895;0.270175;0.035088;0.0;0.0;0.0;0.0;0.0;0.0;0.0;0.045614
17043;0.136364;0.05303;0.060606;0.0;0.090909;0.204545;0.295455;0.136364;0.0;0.0;0.0;0.0;0.0;0.0;0.0;0.022727
17044;0.250218;0.067885;0.050261;0.0;0.090731;0.182768;0.268059;0.063751;0.0;0.0;0.0;0.0;0.0;0.0;0.0;0.026327
17046;0.230435;0.041304;0.017391;0.0;0.086957;0.293478;0.23913;0.076087;0.0;0.0;0.0;0.0;0.0;0.0;0.0;0.015217
17047;0.269434;0.145621;0.129089;0.0;0.098488;0.139641;0.141752;0.04643;0.0;0.0;0.0;0.0;0.0;0.0;0.0;0.029546
17048;0.329059;0.157271;0.102347;0.0;0.090249;0.10888;0.163804;0.015727;0.0;0.0;0.0;0.0;0.0;0.0;0.0;0.032664
17049;0.239574;0.049246;0.050577;0.0;0.140195;0.149512;0.180124;0.173469;0.0;0.0;0.0;0.0;0.0;0.0;0.0;0.017303
17050;0.15121;0.050403;0.028226;0.0;0.094758;0.145161;0.320565;0.1875;0.0;0.0;0.0;0.0;0.0;0.0;0.0;0.022177
17051;0.196203;0.044304;0.088608;0.0;0.088608;0.107595;0.28481;0.14557;0.0;0.0;0.0;0.0;0.0;0.0;0.0;0.044304
17052;0.091954;0.034483;0.08046;0.0;0.057471;0.287356;0.356322;0.08046;0.0;0.0;0.0;0.0;0.0;0.0;0.0;0.011494
17054;0.288889;0.085185;0.085185;0.0;0.077778;0.140741;0.240741;0.066667;0.0;0.0;0.0;0.0;0.0;0.0;0.0;0.014815
17055;0.148936;0.035461;0.014184;0.0;0.134752;0.29078;0.191489;0.12766;0.0;0.0;0.0;0.0;0.0;0.0;0.0;0.056738
17056;0.179856;0.06205;0.032374;0.0;0.084532;0.183453;0.356115;0.07554;0.0;0.0;0.0;0.0;0.0;0.0;0.0;0.026079
17057;0.271917;0.05052;0.031204;0.0;0.087667;0.213967;0.243685;0.074294;0.0;0.0;0.0;0.0;0.0;0.0;0.0;0.026746
17058;0.193798;0.062016;0.023256;0.0;0.178295;0.100775;0.302326;0.093023;0.0;0.0;0.0;0.0;0.0;0.0;0.0;0.046512
17060;0.206107;0.148855;0.09542;0.0;0.122137;0.179389;0.198473;0.034351;0.0;0.0;0.0;0.0;0.0;0.0;0.0;0.015267
17061;0.050725;0.202899;0.07971;0.0;0.072464;0.224638;0.246377;0.057971;0.0;0.0;0.0;0.0;0.0;0.0;0.0;0.065217
17062;0.302912;0.098544;0.078387;0.0;0.115622;0.141937;0.18533;0.056271;0.0;0.0;0.0;0.0;0.0;0.0;0.0;0.020997
17063;0.128571;0.007143;0.007143;0.0;0.085714;0.264286;0.307143;0.171429;0.0;0.0;0.0;0.0;0.0;0.0;0.0;0.028571
17064;0.259091;0.095455;0.031818;0.0;0.104545;0.15;0.231818;0.109091;0.0;0.0;0.0;0.0;0.0;0.0;0.0;0.018182
17065;0.097778;0.044444;0.004444;0.0;0.115556;0.244444;0.342222;0.128889;0.0;0.0;0.0;0.0;0.0;0.0;0.0;0.022222
17066;0.330432;0.143928;0.122573;0.0;0.099009;0.104097;0.144263;0.031664;0.0;0.0;0.0;0.0;0.0;0.0;0.0;0.024033
17067;0.220807;0.036093;0.03397;0.0;0.087049;0.205945;0.303609;0.097665;0.0;0.0;0.0;0.0;0.0;0.0;0.0;0.014862
17068;0.171598;0.094675;0.029586;0.0;0.130178;0.12426;0.366864;0.059172;0.0;0.0;0.0;0.0;0.0;0.0;0.0;0.023669
17069;0.197279;0.207483;0.078231;0.0;0.054422;0.142857;0.251701;0.037415;0.0;0.0;0.0;0.0;0.0;0.0;0.0;0.030612
17070;0.15;0.075;0.025;0.0;0.05;0.175;0.4;0.0625;0.0;0.0;0.0;0.0;0.0;0.0;0.0;0.0625
17071;0.192308;0.037179;0.035897;0.0;0.087179;0.24359;0.30641;0.070513;0.0;0.0;0.0;0.0;0.0;0.0;0.0;0.026923
17073;0.200837;0.096234;0.038354;0.0;0.072524;0.145049;0.324965;0.092748;0.0;0.0;0.0;0.0;0.0;0.0;0.0;0.029289
17074;0.25;0.082418;0.101648;0.0;0.082418;0.236264;0.175824;0.057692;0.0;0.0;0.0;0.0;0.0;0.0;0.0;0.013736
17075;0.133333;0.066667;0.078431;0.0;0.133333;0.25098;0.219608;0.070588;0.0;0.0;0.0;0.0;0.0;0.0;0.0;0.047059
17076;0.113402;0.010309;0.010309;0.0;0.298969;0.164948;0.185567;0.14433;0.0;0.0;0.0;0.0;0.0;0.0;0.0;0.072165
17077;0.269504;0.068558;0.061466;0.0;0.130024;0.165485;0.20331;0.073286;0.0;0.0;0.0;0.0;0.0;0.0;0.0;0.028369
17078;0.091633;0.143426;0.031873;0.0;0.067729;0.179283;0.342629;0.095618;0.0;0.0;0.0;0.0;0.0;0.0;0.0;0.047809
17079;0.295678;0.108526;0.063156;0.0;0.115621;0.119676;0.192268;0.078891;0.0;0.0;0.0;0.0;0.0;0.0;0.0;0.026184
17080;0.180952;0.066667;0.047619;0.0;0.095238;0.238095;0.152381;0.142857;0.0;0.0;0.0;0.0;0.0;0.0;0.0;0.07619
17081;0.201149;0.086207;0.034483;0.0;0.086207;0.155172;0.327586;0.057471;0.0;0.0;0.0;0.0;0.0;0.0;0.0;0.051724
17082;0.151515;0.161616;0.087542;0.0;0.070707;0.185185;0.272727;0.050505;0.0;0.0;0.0;0.0;0.0;0.0;0.0;0.020202
17083;0.291473;0.084238;0.058915;0.0;0.162274;0.156072;0.182429;0.043928;0.0;0.0;0.0;0.0;0.0;0.0;0.0;0.020672
17084;0.2;0.075676;0.032432;0.0;0.064865;0.216216;0.340541;0.037838;0.0;0.0;0.0;0.0;0.0;0.0;0.0;0.032432
17085;0.15311;0.047847;0.038278;0.0;0.086124;0.181818;0.277512;0.177033;0.0;0.0;0.0;0.0;0.0;0.0;0.0;0.038278
17086;0.314945;0.187563;0.122367;0.0;0.097292;0.127382;0.098295;0.025075;0.0;0.0;0.0;0.0;0.0;0.0;0.0;0.027081
17087;0.196532;0.052023;0.00578;0.0;0.080925;0.231214;0.289017;0.127168;0.0;0.0;0.0;0.0;0.0;0.0;0.0;0.017341
17088;0.213592;0.053398;0.058252;0.0;0.13835;0.184466;0.228155;0.109223;0.0;0.0;0.0;0.0;0.0;0.0;0.0;0.014563
17089;0.285675;0.078361;0.067638;0.0;0.109156;0.16882;0.224086;0.038493;0.0;0.0;0.0;0.0;0.0;0.0;0.0;0.02777
17090;0.145631;0.089806;0.043689;0.0;0.075243;0.218447;0.347087;0.065534;0.0;0.0;0.0;0.0;0.0;0.0;0.0;0.014563
17091;0.191304;0.047826;0.03913;0.0;0.104348;0.191304;0.343478;0.065217;0.0;0.0;0.0;0.0;0.0;0.0;0.0;0.017391
17092;0.317412;0.082067;0.070343;0.0;0.09683;0.181068;0.192358;0.037343;0.0;0.0;0.0;0.0;0.0;0.0;0.0;0.022579
17093;0.205686;0.122074;0.043478;0.0;0.110368;0.202341;0.217391;0.068562;0.0;0.0;0.0;0.0;0.0;0.0;0.0;0.0301
17094;0.201754;0.137427;0.059942;0.0;0.097953;0.168129;0.263158;0.040936;0.0;0.0;0.0;0.0;0.0;0.0;0.0;0.030702
17095;0.388562;0.151515;0.10892;0.0;0.117798;0.100726;0.09586;0.011268;0.0;0.0;0.0;0.0;0.0;0.0;0.0;0.025352
17096;0.123596;0.067416;0.033708;0.0;0.146067;0.224719;0.269663;0.101124;0.0;0.0;0.0;0.0;0.0;0.0;0.0;0.033708
17097;0.135135;0.081081;0.013514;0.0;0.108108;0.195946;0.236486;0.195946;0.0;0.0;0.0;0.0;0.0;0.0;0.0;0.033784
17098;0.256281;0.035176;0.025126;0.0;0.135678;0.110553;0.326633;0.085427;0.0;0.0;0.0;0.0;0.0;0.0;0.0;0.025126
17099;0.241935;0.080645;0.112903;0.0;0.080645;0.096774;0.306452;0.080645;0.0;0.0;0.0;0.0;0.0;0.0;0.0;0.0
17100;0.146154;0.053846;0.061538;0.0;0.1;0.184615;0.361538;0.038462;0.0;0.0;0.0;0.0;0.0;0.0;0.0;0.053846
17101;0.290411;0.093151;0.084932;0.0;0.147945;0.178082;0.131507;0.049315;0.0;0.0;0.0;0.0;0.0;0.0;0.0;0.024658
17102;0.296;0.050667;0.058667;0.0;0.088;0.2;0.232;0.053333;0.0;0.0;0.0;0.0;0.0;0.0;0.0;0.021333
17103;0.327848;0.102532;0.108228;0.0;0.131962;0.115506;0.144937;0.035443;0.0;0.0;0.0;0.0;0.0;0.0;0.0;0.033544
17105;0.186207;0.082759;0.062069;0.0;0.234483;0.117241;0.103448;0.172414;0.0;0.0;0.0;0.0;0.0;0.0;0.0;0.041379
17106;0.307692;0.067308;0.076923;0.0;0.048077;0.240385;0.192308;0.028846;0.0;0.0;0.0;0.0;0.0;0.0;0.0;0.038462
17107;0.141243;0.050847;0.067797;0.0;0.084746;0.101695;0.435028;0.084746;0.0;0.0;0.0;0.0;0.0;0.0;0.0;0.033898
17109;0.154013;0.034707;0.045553;0.0;0.136659;0.171367;0.266811;0.147505;0.0;0.0;0.0;0.0;0.0;0.0;0.0;0.043384
17110;0.32634;0.143357;0.087413;0.0;0.06993;0.137529;0.18648;0.025641;0.0;0.0;0.0;0.0;0.0;0.0;0.0;0.02331
17111;0.210756;0.082849;0.072674;0.0;0.123547;0.159884;0.242733;0.081395;0.0;0.0;0.0;0.0;0.0;0.0;0.0;0.026163
17112;0.218045;0.067669;0.045113;0.0;0.075188;0.24812;0.293233;0.037594;0.0;0.0;0.0;0.0;0.0;0.0;0.0;0.015038
17114;0.297159;0.068134;0.055266;0.0;0.102053;0.150699;0.231256;0.072374;0.0;0.0;0.0;0.0;0.0;0.0;0.0;0.023059
17115;0.165049;0.07767;0.024272;0.0;0.121359;0.252427;0.257282;0.07767;0.0;0.0;0.0;0.0;0.0;0.0;0.0;0.024272
17116;0.191111;0.044444;0.013333;0.0;0.133333;0.235556;0.253333;0.093333;0.0;0.0;0.0;0.0;0.0;0.0;0.0;0.035556
17117;0.372299;0.103678;0.083793;0.0;0.109655;0.132299;0.14931;0.027356;0.0;0.0;0.0;0.0;0.0;0.0;0.0;0.021609
17118;0.321609;0.104884;0.077556;0.0;0.11045;0.160678;0.159919;0.040612;0.0;0.0;0.0;0.0;0.0;0.0;0.0;0.024291
17119;0.069444;0.055556;0.041667;0.0;0.236111;0.222222;0.166667;0.152778;0.0;0.0;0.0;0.0;0.0;0.0;0.0;0.055556
17120;0.216891;0.15547;0.101727;0.0;0.080614;0.166987;0.213052;0.023033;0.0;0.0;0.0;0.0;0.0;0.0;0.0;0.042226
17121;0.172662;0.05036;0.028777;0.0;0.064748;0.179856;0.366906;0.079137;0.0;0.0;0.0;0.0;0.0;0.0;0.0;0.057554
17123;0.1875;0.029167;0.041667;0.0;0.054167;0.1875;0.416667;0.070833;0.0;0.0;0.0;0.0;0.0;0.0;0.0;0.0125
17124;0.268456;0.078619;0.036433;0.0;0.080537;0.178332;0.281879;0.048897;0.0;0.0;0.0;0.0;0.0;0.0;0.0;0.026846
17125;0.128205;0.025641;0.0;0.0;0.115385;0.217949;0.448718;0.064103;0.0;0.0;0.0;0.0;0.0;0.0;0.0;0.0
17126;0.135593;0.050847;0.012712;0.0;0.097458;0.292373;0.283898;0.105932;0.0;0.0;0.0;0.0;0.0;0.0;0.0;0.021186
17128;0.206897;0.107759;0.060345;0.0;0.056034;0.202586;0.258621;0.060345;0.0;0.0;0.0;0.0;0.0;0.0;0.0;0.047414
17129;0.170455;0.181818;0.090909;0.0;0.056818;0.215909;0.204545;0.056818;0.0;0.0;0.0;0.0;0.0;0.0;0.0;0.022727
17130;0.135593;0.021186;0.012712;0.0;0.110169;0.224576;0.338983;0.122881;0.0;0.0;0.0;0.0;0.0;0.0;0.0;0.033898
17132;0.226547;0.097804;0.088822;0.0;0.082834;0.142715;0.280439;0.052894;0.0;0.0;0.0;0.0;0.0;0.0;0.0;0.027944
17133;0.227041;0.029337;0.03699;0.0;0.08801;0.154337;0.380102;0.065051;0.0;0.0;0.0;0.0;0.0;0.0;0.0;0.019133
17134;0.21875;0.025;0.0375;0.0;0.13125;0.1625;0.275;0.1;0.0;0.0;0.0;0.0;0.0;0.0;0.0;0.05
17135;0.257246;0.115942;0.115942;0.0;0.097826;0.199275;0.152174;0.043478;0.0;0.0;0.0;0.0;0.0;0.0;0.0;0.018116
17136;0.178344;0.057325;0.031847;0.0;0.210191;0.191083;0.203822;0.050955;0.0;0.0;0.0;0.0;0.0;0.0;0.0;0.076433
17137;0.219075;0.0404;0.031653;0.0;0.091212;0.240733;0.286547;0.069554;0.0;0.0;0.0;0.0;0.0;0.0;0.0;0.020825
17138;0.444631;0.107383;0.043624;0.0;0.102349;0.135906;0.10906;0.038591;0.0;0.0;0.0;0.0;0.0;0.0;0.0;0.018456
17139;0.248918;0.055195;0.028139;0.0;0.074675;0.185065;0.3171;0.071429;0.0;0.0;0.0;0.0;0.0;0.0;0.0;0.019481
17140;0.181435;0.075949;0.037975;0.0;0.07384;0.122363;0.415612;0.078059;0.0;0.0;0.0;0.0;0.0;0.0;0.0;0.014768
17141;0.258193;0.166714;0.08236;0.0;0.104303;0.164434;0.170989;0.025078;0.0;0.0;0.0;0.0;0.0;0.0;0.0;0.027928
17142;0.263239;0.11054;0.078149;0.0;0.097172;0.139332;0.222622;0.070951;0.0;0.0;0.0;0.0;0.0;0.0;0.0;0.017995
17143;0.264368;0.068966;0.045977;0.0;0.068966;0.137931;0.229885;0.114943;0.0;0.0;0.0;0.0;0.0;0.0;0.0;0.068966
17144;0.258503;0.081633;0.054422;0.0;0.102041;0.176871;0.22449;0.054422;0.0;0.0;0.0;0.0;0.0;0.0;0.0;0.047619
17145;0.261161;0.059152;0.053571;0.0;0.108259;0.185268;0.238839;0.065848;0.0;0.0;0.0;0.0;0.0;0.0;0.0;0.027902
17146;0.312197;0.089545;0.097773;0.0;0.138916;0.196999;0.10455;0.03001;0.0;0.0;0.0;0.0;0.0;0.0;0.0;0.03001
17147;0.349291;0.077571;0.06117;0.0;0.089761;0.17398;0.173316;0.040559;0.0;0.0;0.0;0.0;0.0;0.0;0.0;0.034353
17148;0.289366;0.083845;0.08998;0.0;0.093047;0.117587;0.270961;0.033742;0.0;0.0;0.0;0.0;0.0;0.0;0.0;0.021472
17149;0.146825;0.011905;0.015873;0.0;0.119048;0.186508;0.301587;0.18254;0.0;0.0;0.0;0.0;0.0;0.0;0.0;0.035714
17150;0.225586;0.046875;0.047852;0.0;0.094727;0.199219;0.307617;0.055664;0.0;0.0;0.0;0.0;0.0;0.0;0.0;0.022461
17151;0.118182;0.109091;0.063636;0.0;0.109091;0.172727;0.236364;0.127273;0.0;0.0;0.0;0.0;0.0;0.0;0.0;0.063636
17152;0.331386;0.176688;0.138859;0.0;0.087959;0.104875;0.122866;0.015531;0.0;0.0;0.0;0.0;0.0;0.0;0.0;0.021836
17153;0.151316;0.039474;0.013158;0.0;0.151316;0.164474;0.171053;0.269737;0.0;0.0;0.0;0.0;0.0;0.0;0.0;0.039474
17154;0.1625;0.0375;0.0125;0.0;0.2375;0.1375;0.1875;0.1875;0.0;0.0;0.0;0.0;0.0;0.0;0.0;0.0375
17155;0.370353;0.093954;0.103338;0.0;0.105476;0.125668;0.127569;0.051431;0.0;0.0;0.0;0.0;0.0;0.0;0.0;0.022212
17157;0.154639;0.082474;0.030928;0.0;0.103093;0.134021;0.350515;0.14433;0.0;0.0;0.0;0.0;0.0;0.0;0.0;0.0
17158;0.225256;0.102389;0.187713;0.0;0.061433;0.177474;0.167235;0.054608;0.0;0.0;0.0;0.0;0.0;0.0;0.0;0.023891
17159;0.218391;0.071264;0.03908;0.0;0.144828;0.167816;0.275862;0.068966;0.0;0.0;0.0;0.0;0.0;0.0;0.0;0.013793
17160;0.3563;0.104399;0.070224;0.0;0.135597;0.134605;0.160071;0.018962;0.0;0.0;0.0;0.0;0.0;0.0;0.0;0.019843
17161;0.181939;0.034529;0.011952;0.0;0.12085;0.245684;0.281541;0.09429;0.0;0.0;0.0;0.0;0.0;0.0;0.0;0.029216
17162;0.119565;0.086957;0.130435;0.0;0.173913;0.054348;0.26087;0.119565;0.0;0.0;0.0;0.0;0.0;0.0;0.0;0.054348
17163;0.193643;0.049389;0.031785;0.0;0.104156;0.193643;0.300733;0.101222;0.0;0.0;0.0;0.0;0.0;0.0;0.0;0.025428
17164;0.25962;0.048209;0.036267;0.0;0.076957;0.204334;0.267581;0.076515;0.0;0.0;0.0;0.0;0.0;0.0;0.0;0.030517
17165;0.272021;0.051813;0.023316;0.0;0.080311;0.147668;0.284974;0.11658;0.0;0.0;0.0;0.0;0.0;0.0;0.0;0.023316
17166;0.131148;0.04918;0.023419;0.0;0.138173;0.213115;0.255269;0.175644;0.0;0.0;0.0;0.0;0.0;0.0;0.0;0.014052
17167;0.285799;0.052882;0.033868;0.0;0.071895;0.22044;0.256684;0.056447;0.0;0.0;0.0;0.0;0.0;0.0;0.0;0.021985
17168;0.195312;0.058594;0.011719;0.0;0.132812;0.226562;0.238281;0.121094;0.0;0.0;0.0;0.0;0.0;0.0;0.0;0.015625
17169;0.295848;0.087082;0.076701;0.0;0.091119;0.157439;0.188581;0.074394;0.0;0.0;0.0;0.0;0.0;0.0;0.0;0.028835
17170;0.073529;0.007353;0.007353;0.0;0.125;0.352941;0.205882;0.198529;0.0;0.0;0.0;0.0;0.0;0.0;0.0;0.029412
17171;0.225352;0.049296;0.021127;0.0;0.070423;0.28169;0.260563;0.077465;0.0;0.0;0.0;0.0;0.0;0.0;0.0;0.014085
17172;0.194888;0.031949;0.044728;0.0;0.166134;0.175719;0.233227;0.111821;0.0;0.0;0.0;0.0;0.0;0.0;0.0;0.041534
17173;0.183824;0.058824;0.014706;0.0;0.095588;0.257353;0.183824;0.198529;0.0;0.0;0.0;0.0;0.0;0.0;0.0;0.007353
17174;0.137255;0.039216;0.04902;0.0;0.156863;0.205882;0.235294;0.156863;0.0;0.0;0.0;0.0;0.0;0.0;0.0;0.019608
17175;0.322188;0.103343;0.227964;0.0;0.103343;0.094225;0.085106;0.042553;0.0;0.0;0.0;0.0;0.0;0.0;0.0;0.021277
17176;0.17;0.19;0.05;0.0;0.14;0.2;0.13;0.11;0.0;0.0;0.0;0.0;0.0;0.0;0.0;0.01
17177;0.264463;0.090909;0.052342;0.0;0.068871;0.195592;0.256198;0.046832;0.0;0.0;0.0;0.0;0.0;0.0;0.0;0.024793
17178;0.236476;0.075734;0.037094;0.0;0.117465;0.197836;0.267388;0.049459;0.0;0.0;0.0;0.0;0.0;0.0;0.0;0.018547
17180;0.281036;0.073115;0.055979;0.0;0.100533;0.144136;0.243526;0.073305;0.0;0.0;0.0;0.0;0.0;0.0;0.0;0.02837
17181;0.28392;0.123534;0.074958;0.0;0.125628;0.157035;0.177136;0.023032;0.0;0.0;0.0;0.0;0.0;0.0;0.0;0.034757
17182;0.346591;0.1875;0.142045;0.0;0.090909;0.113636;0.096591;0.005682;0.0;0.0;0.0;0.0;0.0;0.0;0.0;0.017045
17183;0.107345;0.067797;0.028249;0.0;0.056497;0.180791;0.39548;0.152542;0.0;0.0;0.0;0.0;0.0;0.0;0.0;0.011299
17184;0.222922;0.042821;0.041562;0.0;0.089421;0.232997;0.263224;0.09068;0.0;0.0;0.0;0.0;0.0;0.0;0.0;0.016373
17185;0.294249;0.04705;0.032114;0.0;0.085138;0.159074;0.301718;0.056759;0.0;0.0;0.0;0.0;0.0;0.0;0.0;0.023898
17186;0.337209;0.091085;0.074419;0.0;0.133721;0.127132;0.136047;0.072481;0.0;0.0;0.0;0.0;0.0;0.0;0.0;0.027907
17187;0.250559;0.038031;0.042506;0.0;0.14094;0.203579;0.194631;0.120805;0.0;0.0;0.0;0.0;0.0;0.0;0.0;0.008949
17188;0.177966;0.059322;0.0;0.0;0.177966;0.050847;0.330508;0.186441;0.0;0.0;0.0;0.0;0.0;0.0;0.0;0.016949
17189;0.213296;0.024931;0.032318;0.0;0.087719;0.138504;0.379501;0.106187;0.0;0.0;0.0;0.0;0.0;0.0;0.0;0.017544
17190;0.190751;0.04817;0.025048;0.0;0.094412;0.225434;0.310212;0.084778;0.0;0.0;0.0;0.0;0.0;0.0;0.0;0.021195
17191;0.157895;0.045113;0.022556;0.0;0.142857;0.112782;0.406015;0.067669;0.0;0.0;0.0;0.0;0.0;0.0;0.0;0.045113
17192;0.132653;0.132653;0.112245;0.0;0.05102;0.255102;0.193878;0.05102;0.0;0.0;0.0;0.0;0.0;0.0;0.0;0.071429
17193;0.302518;0.099281;0.106115;0.0;0.134173;0.129496;0.173022;0.030576;0.0;0.0;0.0;0.0;0.0;0.0;0.0;0.02482
17194;0.08;0.04;0.04;0.0;0.02;0.42;0.26;0.06;0.0;0.0;0.0;0.0;0.0;0.0;0.0;0.08
17195;0.222222;0.039683;0.043651;0.0;0.138889;0.194444;0.230159;0.115079;0.0;0.0;0.0;0.0;0.0;0.0;0.0;0.015873
17196;0.234286;0.062857;0.057143;0.0;0.131429;0.148571;0.222857;0.097143;0.0;0.0;0.0;0.0;0.0;0.0;0.0;0.045714
17197;0.175824;0.098901;0.076923;0.0;0.120879;0.10989;0.362637;0.010989;0.0;0.0;0.0;0.0;0.0;0.0;0.0;0.043956
17198;0.185811;0.10473;0.128378;0.0;0.148649;0.148649;0.165541;0.067568;0.0;0.0;0.0;0.0;0.0;0.0;0.0;0.050676
17199;0.246741;0.097416;0.069975;0.0;0.120741;0.174022;0.200091;0.061285;0.0;0.0;0.0;0.0;0.0;0.0;0.0;0.029728
17200;0.245098;0.029412;0.019608;0.0;0.164216;0.181373;0.176471;0.147059;0.0;0.0;0.0;0.0;0.0;0.0;0.0;0.036765
17201;0.178947;0.052632;0.052632;0.0;0.115789;0.231579;0.242105;0.105263;0.0;0.0;0.0;0.0;0.0;0.0;0.0;0.021053
17202;0.295089;0.135369;0.050351;0.0;0.10194;0.165085;0.195213;0.030128;0.0;0.0;0.0;0.0;0.0;0.0;0.0;0.026826
17203;0.326733;0.019802;0.019802;0.0;0.188119;0.168317;0.168317;0.049505;0.0;0.0;0.0;0.0;0.0;0.0;0.0;0.059406
17204;0.295673;0.098558;0.0625;0.0;0.117788;0.151442;0.194712;0.024038;0.0;0.0;0.0;0.0;0.0;0.0;0.0;0.055288
17205;0.174242;0.068182;0.030303;0.0;0.05303;0.189394;0.409091;0.037879;0.0;0.0;0.0;0.0;0.0;0.0;0.0;0.037879
17206;0.131579;0.105263;0.035088;0.0;0.052632;0.184211;0.324561;0.087719;0.0;0.0;0.0;0.0;0.0;0.0;0.0;0.078947
17207;0.159976;0.043187;0.024331;0.0;0.11983;0.182482;0.324818;0.115572;0.0;0.0;0.0;0.0;0.0;0.0;0.0;0.029805
17208;0.202773;0.051993;0.041594;0.0;0.129983;0.176776;0.292894;0.088388;0.0;0.0;0.0;0.0;0.0;0.0;0.0;0.015598
17209;0.219917;0.122407;0.085062;0.0;0.126556;0.197095;0.201245;0.026971;0.0;0.0;0.0;0.0;0.0;0.0;0.0;0.020747
17210;0.186398;0.075567;0.047859;0.0;0.078086;0.168766;0.31738;0.09068;0.0;0.0;0.0;0.0;0.0;0.0;0.0;0.035264
17211;0.172355;0.032423;0.03413;0.0;0.073379;0.16041;0.346416;0.163823;0.0;0.0;0.0;0.0;0.0;0.0;0.0;0.017065
17212;0.164948;0.020619;0.051546;0.0;0.082474;0.298969;0.216495;0.134021;0.0;0.0;0.0;0.0;0.0;0.0;0.0;0.030928
17213;0.273684;0.094436;0.083008;0.0;0.118195;0.121203;0.243609;0.035789;0.0;0.0;0.0;0.0;0.0;0.0;0.0;0.030075
17214;0.226337;0.08642;0.061728;0.0;0.100823;0.187243;0.255144;0.055556;0.0;0.0;0.0;0.0;0.0;0.0;0.0;0.026749
17215;0.273854;0.084097;0.050135;0.0;0.084636;0.21186;0.210243;0.054447;0.0;0.0;0.0;0.0;0.0;0.0;0.0;0.030728
17216;0.173077;0.076923;0.028846;0.0;0.105769;0.115385;0.317308;0.125;0.0;0.0;0.0;0.0;0.0;0.0;0.0;0.057692
17217;0.15625;0.011719;0.039062;0.0;0.125;0.117188;0.207031;0.328125;0.0;0.0;0.0;0.0;0.0;0.0;0.0;0.015625
17218;0.143204;0.055825;0.009709;0.0;0.15534;0.150485;0.305825;0.150485;0.0;0.0;0.0;0.0;0.0;0.0;0.0;0.029126
17220;0.158172;0.063269;0.024605;0.0;0.084359;0.244288;0.332162;0.065026;0.0;0.0;0.0;0.0;0.0;0.0;0.0;0.02812
17221;0.317936;0.145796;0.125586;0.0;0.079755;0.141826;0.136774;0.030675;0.0;0.0;0.0;0.0;0.0;0.0;0.0;0.021653
17222;0.162791;0.046512;0.023256;0.0;0.093023;0.22093;0.360465;0.081395;0.0;0.0;0.0;0.0;0.0;0.0;0.0;0.011628
17223;0.262357;0.098859;0.091255;0.0;0.093156;0.18251;0.173004;0.081749;0.0;0.0;0.0;0.0;0.0;0.0;0.0;0.01711
17224;0.144509;0.075145;0.063584;0.0;0.046243;0.184971;0.393064;0.052023;0.0;0.0;0.0;0.0;0.0;0.0;0.0;0.040462
17225;0.19708;0.080292;0.043796;0.0;0.036496;0.343066;0.248175;0.043796;0.0;0.0;0.0;0.0;0.0;0.0;0.0;0.007299
17226;0.247475;0.178451;0.213805;0.0;0.10101;0.102694;0.122896;0.013468;0.0;0.0;0.0;0.0;0.0;0.0;0.0;0.020202
17227;0.252632;0.042105;0.031579;0.0;0.073684;0.263158;0.252632;0.063158;0.0;0.0;0.0;0.0;0.0;0.0;0.0;0.021053
17228;0.216749;0.073892;0.068966;0.0;0.078818;0.241379;0.226601;0.039409;0.0;0.0;0.0;0.0;0.0;0.0;0.0;0.054187
17230;0.274854;0.128655;0.084795;0.0;0.099415;0.114035;0.22807;0.04386;0.0;0.0;0.0;0.0;0.0;0.0;0.0;0.026316
17232;0.211538;0.096154;0.038462;0.0;0.153846;0.144231;0.192308;0.144231;0.0;0.0;0.0;0.0;0.0;0.0;0.0;0.019231
17233;0.218045;0.078321;0.048872;0.0;0.105263;0.153509;0.300752;0.057644;0.0;0.0;0.0;0.0;0.0;0.0;0.0;0.037594
17234;0.210526;0.082707;0.112782;0.0;0.112782;0.203008;0.165414;0.097744;0.0;0.0;0.0;0.0;0.0;0.0;0.0;0.015038
17901;0.233542;0.054859;0.037618;0.0;0.119122;0.188088;0.22884;0.105016;0.0;0.0;0.0;0.0;0.0;0.0;0.0;0.032915
17902;0.22376;0.085352;0.042676;0.0;0.080738;0.191465;0.287197;0.051903;0.0;0.0;0.0;0.0;0.0;0.0;0.0;0.036909
17903;0.270035;0.067944;0.054007;0.0;0.069686;0.170732;0.301394;0.045296;0.0;0.0;0.0;0.0;0.0;0.0;0.0;0.020906
18001;0.540146;0.233577;0.138686;0.0;0.087591;0.0;0.0;0.0;0.0;0.0;0.0;0.0;0.0;0.0;0.0;0.0
18002;0.619444;0.230556;0.1;0.0;0.047222;0.0;0.0;0.0;0.0;0.0;0.0;0.0;0.0;0.0;0.0;0.002778
18003;0.29963;0.362421;0.188846;0.0;0.133928;0.0;0.0;0.0;0.0;0.0;0.0;0.0;0.0;0.0;0.0;0.015176
18004;0.378151;0.409664;0.191176;0.0;0.021008;0.0;0.0;0.0;0.0;0.0;0.0;0.0;0.0;0.0;0.0;0.0
18005;0.441948;0.284644;0.153558;0.0;0.104869;0.0;0.0;0.0;0.0;0.0;0.0;0.0;0.0;0.0;0.0;0.014981
18006;0.323991;0.353886;0.259716;0.0;0.052691;0.0;0.0;0.0;0.0;0.0;0.0;0.0;0.0;0.0;0.0;0.009716
18007;0.465368;0.307359;0.164502;0.0;0.056277;0.0;0.0;0.0;0.0;0.0;0.0;0.0;0.0;0.0;0.0;0.006494
18010;0.40051;0.267857;0.153061;0.0;0.153061;0.0;0.0;0.0;0.0;0.0;0.0;0.0;0.0;0.0;0.0;0.02551
18011;0.35895;0.346454;0.159013;0.0;0.124336;0.0;0.0;0.0;0.0;0.0;0.0;0.0;0.0;0.0;0.0;0.011246
18012;0.384875;0.424713;0.143822;0.0;0.039838;0.0;0.0;0.0;0.0;0.0;0.0;0.0;0.0;0.0;0.0;0.006752
18013;0.337948;0.406106;0.173234;0.0;0.075257;0.0;0.0;0.0;0.0;0.0;0.0;0.0;0.0;0.0;0.0;0.007455
18014;0.280753;0.386306;0.196979;0.0;0.114577;0.0;0.0;0.0;0.0;0.0;0.0;0.0;0.0;0.0;0.0;0.021385
18015;0.41875;0.29375;0.2;0.0;0.08125;0.0;0.0;0.0;0.0;0.0;0.0;0.0;0.0;0.0;0.0;0.00625
18016;0.420354;0.39823;0.137168;0.0;0.044248;0.0;0.0;0.0;0.0;0.0;0.0;0.0;0.0;0.0;0.0;0.0
18017;0.276294;0.447739;0.168496;0.0;0.095675;0.0;0.0;0.0;0.0;0.0;0.0;0.0;0.0;0.0;0.0;0.011796
18018;0.432796;0.333333;0.11828;0.0;0.110215;0.0;0.0;0.0;0.0;0.0;0.0;0.0;0.0;0.0;0.0;0.005376
18020;0.365696;0.307443;0.271845;0.0;0.038835;0.0;0.0;0.0;0.0;0.0;0.0;0.0;0.0;0.0;0.0;0.016181
18021;0.318985;0.365957;0.171157;0.0;0.128662;0.0;0.0;0.0;0.0;0.0;0.0;0.0;0.0;0.0;0.0;0.015238
18022;0.358657;0.293389;0.199475;0.0;0.131584;0.0;0.0;0.0;0.0;0.0;0.0;0.0;0.0;0.0;0.0;0.016894
18023;0.325375;0.423985;0.156696;0.0;0.081138;0.0;0.0;0.0;0.0;0.0;0.0;0.0;0.0;0.0;0.0;0.012806
18024;0.407752;0.306977;0.114729;0.0;0.16124;0.0;0.0;0.0;0.0;0.0;0.0;0.0;0.0;0.0;0.0;0.009302
18025;0.43956;0.296703;0.17033;0.0;0.076923;0.0;0.0;0.0;0.0;0.0;0.0;0.0;0.0;0.0;0.0;0.016484
18027;0.487603;0.238489;0.123377;0.0;0.140496;0.0;0.0;0.0;0.0;0.0;0.0;0.0;0.0;0.0;0.0;0.010035
18028;0.362759;0.395862;0.172414;0.0;0.06069;0.0;0.0;0.0;0.0;0.0;0.0;0.0;0.0;0.0;0.0;0.008276
18029;0.419411;0.357019;0.155979;0.0;0.058925;0.0;0.0;0.0;0.0;0.0;0.0;0.0;0.0;0.0;0.0;0.008666
18030;0.39206;0.421836;0.129032;0.0;0.047146;0.0;0.0;0.0;0.0;0.0;0.0;0.0;0.0;0.0;0.0;0.009926
18032;0.331492;0.348066;0.149171;0.0;0.143646;0.0;0.0;0.0;0.0;0.0;0.0;0.0;0.0;0.0;0.0;0.027624
18033;0.419048;0.3;0.214286;0.0;0.061905;0.0;0.0;0.0;0.0;0.0;0.0;0.0;0.0;0.0;0.0;0.004762
18034;0.380623;0.235294;0.145329;0.0;0.221453;0.0;0.0;0.0;0.0;0.0;0.0;0.0;0.0;0.0;0.0;0.017301
18035;0.352113;0.451788;0.124594;0.0;0.067172;0.0;0.0;0.0;0.0;0.0;0.0;0.0;0.0;0.0;0.0;0.004334
18036;0.262331;0.432611;0.16274;0.0;0.127553;0.0;0.0;0.0;0.0;0.0;0.0;0.0;0.0;0.0;0.0;0.014766
18037;0.298578;0.407583;0.194313;0.0;0.092417;0.0;0.0;0.0;0.0;0.0;0.0;0.0;0.0;0.0;0.0;0.007109
18038;0.408322;0.286086;0.171651;0.0;0.120936;0.0;0.0;0.0;0.0;0.0;0.0;0.0;0.0;0.0;0.0;0.013004
18039;0.350064;0.412165;0.176946;0.0;0.051467;0.0;0.0;0.0;0.0;0.0;0.0;0.0;0.0;0.0;0.0;0.009358
18040;0.544828;0.213793;0.082759;0.0;0.144828;0.0;0.0;0.0;0.0;0.0;0.0;0.0;0.0;0.0;0.0;0.013793
18042;0.400593;0.338279;0.139466;0.0;0.11276;0.0;0.0;0.0;0.0;0.0;0.0;0.0;0.0;0.0;0.0;0.008902
18043;0.228571;0.4;0.2;0.0;0.171429;0.0;0.0;0.0;0.0;0.0;0.0;0.0;0.0;0.0;0.0;0.0
18044;0.333333;0.44086;0.11828;0.0;0.086022;0.0;0.0;0.0;0.0;0.0;0.0;0.0;0.0;0.0;0.0;0.021505
18045;0.43472;0.312769;0.192253;0.0;0.055954;0.0;0.0;0.0;0.0;0.0;0.0;0.0;0.0;0.0;0.0;0.004304
18046;0.349191;0.352997;0.20647;0.0;0.069458;0.0;0.0;0.0;0.0;0.0;0.0;0.0;0.0;0.0;0.0;0.021884
18047;0.351199;0.318054;0.1441;0.0;0.170663;0.0;0.0;0.0;0.0;0.0;0.0;0.0;0.0;0.0;0.0;0.015985
18048;0.376804;0.281909;0.219756;0.0;0.099334;0.0;0.0;0.0;0.0;0.0;0.0;0.0;0.0;0.0;0.0;0.022198
18049;0.413625;0.355231;0.131387;0.0;0.099757;0.0;0.0;0.0;0.0;0.0;0.0;0.0;0.0;0.0;0.0;0.0
18050;0.35;0.291071;0.241071;0.0;0.101786;0.0;0.0;0.0;0.0;0.0;0.0;0.0;0.0;0.0;0.0;0.016071
18051;0.468665;0.366485;0.133515;0.0;0.025886;0.0;0.0;0.0;0.0;0.0;0.0;0.0;0.0;0.0;0.0;0.00545
18053;0.443888;0.333667;0.150301;0.0;0.062124;0.0;0.0;0.0;0.0;0.0;0.0;0.0;0.0;0.0;0.0;0.01002
18054;0.325123;0.410509;0.17734;0.0;0.078818;0.0;0.0;0.0;0.0;0.0;0.0;0.0;0.0;0.0;0.0;0.00821
18056;0.430925;0.326996;0.119561;0.0;0.114068;0.0;0.0;0.0;0.0;0.0;0.0;0.0;0.0;0.0;0.0;0.00845
18057;0.316636;0.356943;0.206431;0.0;0.105312;0.0;0.0;0.0;0.0;0.0;0.0;0.0;0.0;0.0;0.0;0.014678
18059;0.39336;0.300805;0.147552;0.0;0.144869;0.0;0.0;0.0;0.0;0.0;0.0;0.0;0.0;0.0;0.0;0.013414
18061;0.346883;0.317073;0.149051;0.0;0.178862;0.0;0.0;0.0;0.0;0.0;0.0;0.0;0.0;0.0;0.0;0.00813
18062;0.301087;0.36343;0.204586;0.0;0.113221;0.0;0.0;0.0;0.0;0.0;0.0;0.0;0.0;0.0;0.0;0.017676
18063;0.350927;0.368046;0.263909;0.0;0.012839;0.0;0.0;0.0;0.0;0.0;0.0;0.0;0.0;0.0;0.0;0.00428
18064;0.471223;0.334532;0.143885;0.0;0.043165;0.0;0.0;0.0;0.0;0.0;0.0;0.0;0.0;0.0;0.0;0.007194
18065;0.42723;0.131455;0.06338;0.0;0.36385;0.0;0.0;0.0;0.0;0.0;0.0;0.0;0.0;0.0;0.0;0.014085
18066;0.520085;0.219168;0.15081;0.0;0.098661;0.0;0.0;0.0;0.0;0.0;0.0;0.0;0.0;0.0;0.0;0.011276
18067;0.419878;0.356998;0.194726;0.0;0.024341;0.0;0.0;0.0;0.0;0.0;0.0;0.0;0.0;0.0;0.0;0.004057
18068;0.281346;0.402141;0.180428;0.0;0.12156;0.0;0.0;0.0;0.0;0.0;0.0;0.0;0.0;0.0;0.0;0.014526
18069;0.34593;0.430233;0.151163;0.0;0.063953;0.0;0.0;0.0;0.0;0.0;0.0;0.0;0.0;0.0;0.0;0.008721
18070;0.363248;0.303419;0.192308;0.0;0.128205;0.0;0.0;0.0;0.0;0.0;0.0;0.0;0.0;0.0;0.0;0.012821
18071;0.354277;0.312894;0.172344;0.0;0.141055;0.0;0.0;0.0;0.0;0.0;0.0;0.0;0.0;0.0;0.0;0.01943
18072;0.417373;0.334746;0.182203;0.0;0.057203;0.0;0.0;0.0;0.0;0.0;0.0;0.0;0.0;0.0;0.0;0.008475
18074;0.380734;0.408257;0.192661;0.0;0.018349;0.0;0.0;0.0;0.0;0.0;0.0;0.0;0.0;0.0;0.0;0.0
18076;0.48218;0.314465;0.136268;0.0;0.0587;0.0;0.0;0.0;0.0;0.0;0.0;0.0;0.0;0.0;0.0;0.008386
18077;0.468153;0.22293;0.22293;0.0;0.076433;0.0;0.0;0.0;0.0;0.0;0.0;0.0;0.0;0.0;0.0;0.009554
18078;0.392562;0.316116;0.128099;0.0;0.157025;0.0;0.0;0.0;0.0;0.0;0.0;0.0;0.0;0.0;0.0;0.006198
18079;0.560838;0.195407;0.118856;0.0;0.116035;0.0;0.0;0.0;0.0;0.0;0.0;0.0;0.0;0.0;0.0;0.008864
18082;0.390826;0.376147;0.148624;0.0;0.077064;0.0;0.0;0.0;0.0;0.0;0.0;0.0;0.0;0.0;0.0;0.007339
18083;0.356784;0.452261;0.105528;0.0;0.075377;0.0;0.0;0.0;0.0;0.0;0.0;0.0;0.0;0.0;0.0;0.01005
18084;0.275212;0.38203;0.195727;0.0;0.126296;0.0;0.0;0.0;0.0;0.0;0.0;0.0;0.0;0.0;0.0;0.020735
18085;0.407982;0.323725;0.190687;0.0;0.075388;0.0;0.0;0.0;0.0;0.0;0.0;0.0;0.0;0.0;0.0;0.002217
18086;0.644269;0.173913;0.047431;0.0;0.130435;0.0;0.0;0.0;0.0;0.0;0.0;0.0;0.0;0.0;0.0;0.003953
18087;0.274466;0.442922;0.136856;0.0;0.130365;0.0;0.0;0.0;0.0;0.0;0.0;0.0;0.0;0.0;0.0;0.015392
18088;0.47314;0.182851;0.058884;0.0;0.277893;0.0;0.0;0.0;0.0;0.0;0.0;0.0;0.0;0.0;0.0;0.007231
18089;0.348673;0.400612;0.162959;0.0;0.075204;0.0;0.0;0.0;0.0;0.0;0.0;0.0;0.0;0.0;0.0;0.012551
18093;0.334052;0.37069;0.228987;0.0;0.05819;0.0;0.0;0.0;0.0;0.0;0.0;0.0;0.0;0.0;0.0;0.008082
18094;0.341966;0.412007;0.134197;0.0;0.104768;0.0;0.0;0.0;0.0;0.0;0.0;0.0;0.0;0.0;0.0;0.007063
18095;0.394489;0.292339;0.1875;0.0;0.111559;0.0;0.0;0.0;0.0;0.0;0.0;0.0;0.0;0.0;0.0;0.014113
18096;0.558974;0.235897;0.179487;0.0;0.010256;0.0;0.0;0.0;0.0;0.0;0.0;0.0;0.0;0.0;0.0;0.015385
18097;0.325472;0.352201;0.224843;0.0;0.091195;0.0;0.0;0.0;0.0;0.0;0.0;0.0;0.0;0.0;0.0;0.006289
18098;0.401121;0.387105;0.133282;0.0;0.070591;0.0;0.0;0.0;0.0;0.0;0.0;0.0;0.0;0.0;0.0;0.0079
18099;0.330407;0.36233;0.137271;0.0;0.153232;0.0;0.0;0.0;0.0;0.0;0.0;0.0;0.0;0.0;0.0;0.01676
18100;0.43463;0.31;0.155;0.0;0.089259;0.0;0.0;0.0;0.0;0.0;0.0;0.0;0.0;0.0;0.0;0.011111
18101;0.302481;0.390976;0.150588;0.0;0.137821;0.0;0.0;0.0;0.0;0.0;0.0;0.0;0.0;0.0;0.0;0.018134
18102;0.465711;0.255987;0.160015;0.0;0.103229;0.0;0.0;0.0;0.0;0.0;0.0;0.0;0.0;0.0;0.0;0.015058
18103;0.407708;0.381339;0.174442;0.0;0.032454;0.0;0.0;0.0;0.0;0.0;0.0;0.0;0.0;0.0;0.0;0.004057
18105;0.449064;0.264449;0.139709;0.0;0.138046;0.0;0.0;0.0;0.0;0.0;0.0;0.0;0.0;0.0;0.0;0.008732
18106;0.415323;0.334677;0.217742;0.0;0.024194;0.0;0.0;0.0;0.0;0.0;0.0;0.0;0.0;0.0;0.0;0.008065
18107;0.476923;0.319658;0.148718;0.0;0.047863;0.0;0.0;0.0;0.0;0.0;0.0;0.0;0.0;0.0;0.0;0.006838
18108;0.430657;0.319708;0.135766;0.0;0.10365;0.0;0.0;0.0;0.0;0.0;0.0;0.0;0.0;0.0;0.0;0.010219
18109;0.337995;0.473193;0.142191;0.0;0.041958;0.0;0.0;0.0;0.0;0.0;0.0;0.0;0.0;0.0;0.0;0.004662
18111;0.308728;0.311513;0.208449;0.0;0.151346;0.0;0.0;0.0;0.0;0.0;0.0;0.0;0.0;0.0;0.0;0.019963
18112;0.306667;0.44;0.16;0.0;0.093333;0.0;0.0;0.0;0.0;0.0;0.0;0.0;0.0;0.0;0.0;0.0
18114;0.4098;0.314031;0.14922;0.0;0.11804;0.0;0.0;0.0;0.0;0.0;0.0;0.0;0.0;0.0;0.0;0.008909
18115;0.465188;0.235173;0.159876;0.0;0.131511;0.0;0.0;0.0;0.0;0.0;0.0;0.0;0.0;0.0;0.0;0.008252
18116;0.308473;0.41654;0.131913;0.0;0.128361;0.0;0.0;0.0;0.0;0.0;0.0;0.0;0.0;0.0;0.0;0.014713
18117;0.471204;0.293194;0.115183;0.0;0.117801;0.0;0.0;0.0;0.0;0.0;0.0;0.0;0.0;0.0;0.0;0.002618
18119;0.325434;0.402054;0.165087;0.0;0.093997;0.0;0.0;0.0;0.0;0.0;0.0;0.0;0.0;0.0;0.0;0.013428
18120;0.564815;0.25463;0.097222;0.0;0.064815;0.0;0.0;0.0;0.0;0.0;0.0;0.0;0.0;0.0;0.0;0.018519
18121;0.404494;0.247191;0.11236;0.0;0.213483;0.0;0.0;0.0;0.0;0.0;0.0;0.0;0.0;0.0;0.0;0.022472
18122;0.354018;0.388797;0.177924;0.0;0.067454;0.0;0.0;0.0;0.0;0.0;0.0;0.0;0.0;0.0;0.0;0.011807
18123;0.396825;0.391534;0.142857;0.0;0.068783;0.0;0.0;0.0;0.0;0.0;0.0;0.0;0.0;0.0;0.0;0.0
18124;0.248963;0.46888;0.244813;0.0;0.037344;0.0;0.0;0.0;0.0;0.0;0.0;0.0;0.0;0.0;0.0;0.0
18126;0.360887;0.233871;0.141129;0.0;0.248992;0.0;0.0;0.0;0.0;0.0;0.0;0.0;0.0;0.0;0.0;0.015121
18127;0.3358;0.323102;0.161635;0.0;0.163233;0.0;0.0;0.0;0.0;0.0;0.0;0.0;0.0;0.0;0.0;0.016231
18128;0.338843;0.38843;0.140496;0.0;0.099174;0.0;0.0;0.0;0.0;0.0;0.0;0.0;0.0;0.0;0.0;0.033058
18132;0.530031;0.223148;0.102148;0.0;0.136344;0.0;0.0;0.0;0.0;0.0;0.0;0.0;0.0;0.0;0.0;0.00833
18133;0.337847;0.430045;0.163765;0.0;0.059317;0.0;0.0;0.0;0.0;0.0;0.0;0.0;0.0;0.0;0.0;0.009026
18134;0.27756;0.35351;0.187112;0.0;0.164787;0.0;0.0;0.0;0.0;0.0;0.0;0.0;0.0;0.0;0.0;0.017031
18135;0.414712;0.334399;0.182303;0.0;0.056859;0.0;0.0;0.0;0.0;0.0;0.0;0.0;0.0;0.0;0.0;0.011727
18136;0.547155;0.251754;0.093531;0.0;0.098987;0.0;0.0;0.0;0.0;0.0;0.0;0.0;0.0;0.0;0.0;0.008574
18137;0.320513;0.424501;0.222222;0.0;0.02849;0.0;0.0;0.0;0.0;0.0;0.0;0.0;0.0;0.0;0.0;0.004274
18138;0.416667;0.225;0.185256;0.0;0.162179;0.0;0.0;0.0;0.0;0.0;0.0;0.0;0.0;0.0;0.0;0.010897
18140;0.343816;0.347711;0.177572;0.0;0.11607;0.0;0.0;0.0;0.0;0.0;0.0;0.0;0.0;0.0;0.0;0.01483
18141;0.207843;0.52549;0.219608;0.0;0.039216;0.0;0.0;0.0;0.0;0.0;0.0;0.0;0.0;0.0;0.0;0.007843
18143;0.399417;0.244898;0.119534;0.0;0.220117;0.0;0.0;0.0;0.0;0.0;0.0;0.0;0.0;0.0;0.0;0.016035
18144;0.241433;0.386293;0.194704;0.0;0.163551;0.0;0.0;0.0;0.0;0.0;0.0;0.0;0.0;0.0;0.0;0.014019
18145;0.285244;0.402939;0.177072;0.0;0.119929;0.0;0.0;0.0;0.0;0.0;0.0;0.0;0.0;0.0;0.0;0.014815
18146;0.378029;0.376414;0.119548;0.0;0.109855;0.0;0.0;0.0;0.0;0.0;0.0;0.0;0.0;0.0;0.0;0.016155
18147;0.365998;0.311759;0.180948;0.0;0.127621;0.0;0.0;0.0;0.0;0.0;0.0;0.0;0.0;0.0;0.0;0.013674
18148;0.379421;0.364952;0.192926;0.0;0.054662;0.0;0.0;0.0;0.0;0.0;0.0;0.0;0.0;0.0;0.0;0.008039
18149;0.279086;0.406855;0.199813;0.0;0.103754;0.0;0.0;0.0;0.0;0.0;0.0;0.0;0.0;0.0;0.0;0.010492
18150;0.311665;0.338185;0.188036;0.0;0.150548;0.0;0.0;0.0;0.0;0.0;0.0;0.0;0.0;0.0;0.0;0.011565
18151;0.425414;0.237569;0.20442;0.0;0.104972;0.0;0.0;0.0;0.0;0.0;0.0;0.0;0.0;0.0;0.0;0.027624
18152;0.679012;0.189815;0.08179;0.0;0.044753;0.0;0.0;0.0;0.0;0.0;0.0;0.0;0.0;0.0;0.0;0.00463
18153;0.303774;0.33805;0.187264;0.0;0.150314;0.0;0.0;0.0;0.0;0.0;0.0;0.0;0.0;0.0;0.0;0.020597
18154;0.307443;0.444984;0.211974;0.0;0.027508;0.0;0.0;0.0;0.0;0.0;0.0;0.0;0.0;0.0;0.0;0.008091
18157;0.29097;0.391304;0.186176;0.0;0.125975;0.0;0.0;0.0;0.0;0.0;0.0;0.0;0.0;0.0;0.0;0.005574
18158;0.513809;0.222383;0.146538;0.0;0.110058;0.0;0.0;0.0;0.0;0.0;0.0;0.0;0.0;0.0;0.0;0.007214
18159;0.418354;0.17004;0.133603;0.0;0.245614;0.0;0.0;0.0;0.0;0.0;0.0;0.0;0.0;0.0;0.0;0.032389
18161;0.35468;0.458128;0.133005;0.0;0.044335;0.0;0.0;0.0;0.0;0.0;0.0;0.0;0.0;0.0;0.0;0.009852
18162;0.373293;0.382398;0.185129;0.0;0.045524;0.0;0.0;0.0;0.0;0.0;0.0;0.0;0.0;0.0;0.0;0.013657
18163;0.288136;0.466102;0.139831;0.0;0.097458;0.0;0.0;0.0;0.0;0.0;0.0;0.0;0.0;0.0;0.0;0.008475
18164;0.32021;0.442695;0.153981;0.0;0.07699;0.0;0.0;0.0;0.0;0.0;0.0;0.0;0.0;0.0;0.0;0.006124
18165;0.390049;0.281489;0.184412;0.0;0.130828;0.0;0.0;0.0;0.0;0.0;0.0;0.0;0.0;0.0;0.0;0.013222
18167;0.472918;0.278092;0.144705;0.0;0.097009;0.0;0.0;0.0;0.0;0.0;0.0;0.0;0.0;0.0;0.0;0.007276
18168;0.334532;0.379496;0.152878;0.0;0.120504;0.0;0.0;0.0;0.0;0.0;0.0;0.0;0.0;0.0;0.0;0.01259
18170;0.461538;0.302885;0.163462;0.0;0.057692;0.0;0.0;0.0;0.0;0.0;0.0;0.0;0.0;0.0;0.0;0.014423
18171;0.353599;0.231307;0.179595;0.0;0.224319;0.0;0.0;0.0;0.0;0.0;0.0;0.0;0.0;0.0;0.0;0.011181
18173;0.388986;0.300812;0.154226;0.0;0.142607;0.0;0.0;0.0;0.0;0.0;0.0;0.0;0.0;0.0;0.0;0.013369
18174;0.455782;0.306122;0.166667;0.0;0.057823;0.0;0.0;0.0;0.0;0.0;0.0;0.0;0.0;0.0;0.0;0.013605
18175;0.363856;0.360353;0.179754;0.0;0.084441;0.0;0.0;0.0;0.0;0.0;0.0;0.0;0.0;0.0;0.0;0.011597
18176;0.627329;0.236025;0.049689;0.0;0.080745;0.0;0.0;0.0;0.0;0.0;0.0;0.0;0.0;0.0;0.0;0.006211
18177;0.372;0.464;0.112;0.0;0.04;0.0;0.0;0.0;0.0;0.0;0.0;0.0;0.0;0.0;0.0;0.012
18178;0.405825;0.427184;0.099029;0.0;0.062136;0.0;0.0;0.0;0.0;0.0;0.0;0.0;0.0;0.0;0.0;0.005825
18179;0.371429;0.374603;0.190476;0.0;0.057143;0.0;0.0;0.0;0.0;0.0;0.0;0.0;0.0;0.0;0.0;0.006349
18180;0.401985;0.334988;0.156328;0.0;0.096774;0.0;0.0;0.0;0.0;0.0;0.0;0.0;0.0;0.0;0.0;0.009926
18181;0.166667;0.603175;0.190476;0.0;0.039683;0.0;0.0;0.0;0.0;0.0;0.0;0.0;0.0;0.0;0.0;0.0
18182;0.400616;0.384438;0.163328;0.0;0.046995;0.0;0.0;0.0;0.0;0.0;0.0;0.0;0.0;0.0;0.0;0.004622
18183;0.350126;0.428212;0.141058;0.0;0.073048;0.0;0.0;0.0;0.0;0.0;0.0;0.0;0.0;0.0;0.0;0.007557
18184;0.444853;0.278799;0.135417;0.0;0.125613;0.0;0.0;0.0;0.0;0.0;0.0;0.0;0.0;0.0;0.0;0.015319
18185;0.391727;0.311436;0.20438;0.0;0.080292;0.0;0.0;0.0;0.0;0.0;0.0;0.0;0.0;0.0;0.0;0.012165
18187;0.56231;0.212766;0.145897;0.0;0.054711;0.0;0.0;0.0;0.0;0.0;0.0;0.0;0.0;0.0;0.0;0.024316
18188;0.502914;0.29975;0.114904;0.0;0.074105;0.0;0.0;0.0;0.0;0.0;0.0;0.0;0.0;0.0;0.0;0.008326
18189;0.27972;0.335664;0.160839;0.0;0.22028;0.0;0.0;0.0;0.0;0.0;0.0;0.0;0.0;0.0;0.0;0.003497
18192;0.446125;0.259924;0.189036;0.0;0.094518;0.0;0.0;0.0;0.0;0.0;0.0;0.0;0.0;0.0;0.0;0.010397
18193;0.312441;0.359659;0.166011;0.0;0.145868;0.0;0.0;0.0;0.0;0.0;0.0;0.0;0.0;0.0;0.0;0.01602
18194;0.441931;0.282805;0.199095;0.0;0.067119;0.0;0.0;0.0;0.0;0.0;0.0;0.0;0.0;0.0;0.0;0.00905
18901;0.279762;0.315476;0.202381;0.0;0.193452;0.0;0.0;0.0;0.0;0.0;0.0;0.0;0.0;0.0;0.0;0.008929
18902;0.363484;0.38861;0.118928;0.0;0.113903;0.0;0.0;0.0;0.0;0.0;0.0;0.0;0.0;0.0;0.0;0.015075
18903;0.325733;0.40228;0.201954;0.0;0.052117;0.0;0.0;0.0;0.0;0.0;0.0;0.0;0.0;0.0;0.0;0.017915
18904;0.413255;0.366472;0.138402;0.0;0.079922;0.0;0.0;0.0;0.0;0.0;0.0;0.0;0.0;0.0;0.0;0.001949
18905;0.30248;0.357492;0.202759;0.0;0.116486;0.0;0.0;0.0;0.0;0.0;0.0;0.0;0.0;0.0;0.0;0.020782
18906;0.3377;0.42067;0.15575;0.0;0.078603;0.0;0.0;0.0;0.0;0.0;0.0;0.0;0.0;0.0;0.0;0.007278
18907;0.42921;0.359165;0.173621;0.0;0.032787;0.0;0.0;0.0;0.0;0.0;0.0;0.0;0.0;0.0;0.0;0.005216
18908;0.425795;0.326855;0.128975;0.0;0.109541;0.0;0.0;0.0;0.0;0.0;0.0;0.0;0.0;0.0;0.0;0.008834
18909;0.501312;0.325459;0.141732;0.0;0.026247;0.0;0.0;0.0;0.0;0.0;0.0;0.0;0.0;0.0;0.0;0.005249
18910;0.351293;0.377155;0.161638;0.0;0.107759;0.0;0.0;0.0;0.0;0.0;0.0;0.0;0.0;0.0;0.0;0.002155
18911;0.280287;0.344776;0.248792;0.0;0.110482;0.0;0.0;0.0;0.0;0.0;0.0;0.0;0.0;0.0;0.0;0.015664
18912;0.476596;0.362766;0.115957;0.0;0.040426;0.0;0.0;0.0;0.0;0.0;0.0;0.0;0.0;0.0;0.0;0.004255
18913;0.279678;0.515091;0.162978;0.0;0.026157;0.0;0.0;0.0;0.0;0.0;0.0;0.0;0.0;0.0;0.0;0.016097
18914;0.472518;0.232978;0.122231;0.0;0.159147;0.0;0.0;0.0;0.0;0.0;0.0;0.0;0.0;0.0;0.0;0.013126
18915;0.524775;0.317568;0.085586;0.0;0.06982;0.0;0.0;0.0;0.0;0.0;0.0;0.0;0.0;0.0;0.0;0.002252
18916;0.340326;0.339549;0.209013;0.0;0.095571;0.0;0.0;0.0;0.0;0.0;0.0;0.0;0.0;0.0;0.0;0.01554
19001;0.088889;0.688889;0.111111;0.0;0.111111;0.0;0.0;0.0;0.0;0.0;0.0;0.0;0.0;0.0;0.0;0.0
19002;0.453125;0.46875;0.0625;0.0;0.015625;0.0;0.0;0.0;0.0;0.0;0.0;0.0;0.0;0.0;0.0;0.0
19003;0.4;0.2;0.12;0.0;0.28;0.0;0.0;0.0;0.0;0.0;0.0;0.0;0.0;0.0;0.0;0.0
19004;0.12766;0.553191;0.297872;0.0;0.0;0.0;0.0;0.0;0.0;0.0;0.0;0.0;0.0;0.0;0.0;0.021277
19005;0.453125;0.328125;0.078125;0.0;0.140625;0.0;0.0;0.0;0.0;0.0;0.0;0.0;0.0;0.0;0.0;0.0
19006;0.3;0.338095;0.242857;0.0;0.107937;0.0;0.0;0.0;0.0;0.0;0.0;0.0;0.0;0.0;0.0;0.011111
19007;0.352025;0.454829;0.140187;0.0;0.037383;0.0;0.0;0.0;0.0;0.0;0.0;0.0;0.0;0.0;0.0;0.015576
19008;0.233333;0.1;0.133333;0.0;0.466667;0.0;0.0;0.0;0.0;0.0;0.0;0.0;0.0;0.0;0.0;0.066667
19009;0.406593;0.423077;0.131868;0.0;0.032967;0.0;0.0;0.0;0.0;0.0;0.0;0.0;0.0;0.0;0.0;0.005495
19010;0.428571;0.285714;0.285714;0.0;0.0;0.0;0.0;0.0;0.0;0.0;0.0;0.0;0.0;0.0;0.0;0.0
19011;0.444444;0.372549;0.111111;0.0;0.039216;0.0;0.0;0.0;0.0;0.0;0.0;0.0;0.0;0.0;0.0;0.03268
19013;0.571429;0.285714;0.102041;0.0;0.040816;0.0;0.0;0.0;0.0;0.0;0.0;0.0;0.0;0.0;0.0;0.0
19015;0.425;0.3875;0.125;0.0;0.05;0.0;0.0;0.0;0.0;0.0;0.0;0.0;0.0;0.0;0.0;0.0125
19016;0.55;0.275;0.15;0.0;0.025;0.0;0.0;0.0;0.0;0.0;0.0;0.0;0.0;0.0;0.0;0.0
19017;0.267857;0.535714;0.107143;0.0;0.089286;0.0;0.0;0.0;0.0;0.0;0.0;0.0;0.0;0.0;0.0;0.0
19018;0.218045;0.428571;0.278195;0.0;0.067669;0.0;0.0;0.0;0.0;0.0;0.0;0.0;0.0;0.0;0.0;0.007519
19019;0.416667;0.166667;0.25;0.0;0.166667;0.0;0.0;0.0;0.0;0.0;0.0;0.0;0.0;0.0;0.0;0.0
19020;0.148936;0.446809;0.319149;0.0;0.06383;0.0;0.0;0.0;0.0;0.0;0.0;0.0;0.0;0.0;0.0;0.021277
19021;0.343203;0.355316;0.228802;0.0;0.059219;0.0;0.0;0.0;0.0;0.0;0.0;0.0;0.0;0.0;0.0;0.013459
19022;0.238095;0.547619;0.156085;0.0;0.047619;0.0;0.0;0.0;0.0;0.0;0.0;0.0;0.0;0.0;0.0;0.010582
19023;0.340659;0.373626;0.131868;0.0;0.142857;0.0;0.0;0.0;0.0;0.0;0.0;0.0;0.0;0.0;0.0;0.010989
19024;0.296274;0.330506;0.248107;0.0;0.106634;0.0;0.0;0.0;0.0;0.0;0.0;0.0;0.0;0.0;0.0;0.018479
19027;0.417476;0.378641;0.058252;0.0;0.135922;0.0;0.0;0.0;0.0;0.0;0.0;0.0;0.0;0.0;0.0;0.009709
19031;0.166667;0.666667;0.0;0.0;0.166667;0.0;0.0;0.0;0.0;0.0;0.0;0.0;0.0;0.0;0.0;0.0
19032;0.504673;0.299065;0.102804;0.0;0.084112;0.0;0.0;0.0;0.0;0.0;0.0;0.0;0.0;0.0;0.0;0.009346
19033;0.27907;0.348837;0.209302;0.0;0.162791;0.0;0.0;0.0;0.0;0.0;0.0;0.0;0.0;0.0;0.0;0.0
19034;0.388889;0.5;0.0;0.0;0.111111;0.0;0.0;0.0;0.0;0.0;0.0;0.0;0.0;0.0;0.0;0.0
19036;0.371134;0.396907;0.170103;0.0;0.056701;0.0;0.0;0.0;0.0;0.0;0.0;0.0;0.0;0.0;0.0;0.005155
19037;0.281553;0.485437;0.194175;0.0;0.019417;0.0;0.0;0.0;0.0;0.0;0.0;0.0;0.0;0.0;0.0;0.019417
19038;0.25;0.3125;0.4375;0.0;0.0;0.0;0.0;0.0;0.0;0.0;0.0;0.0;0.0;0.0;0.0;0.0
19039;0.25;0.403846;0.192308;0.0;0.134615;0.0;0.0;0.0;0.0;0.0;0.0;0.0;0.0;0.0;0.0;0.019231
19040;0.390244;0.146341;0.365854;0.0;0.097561;0.0;0.0;0.0;0.0;0.0;0.0;0.0;0.0;0.0;0.0;0.0
19041;0.431818;0.265152;0.159091;0.0;0.121212;0.0;0.0;0.0;0.0;0.0;0.0;0.0;0.0;0.0;0.0;0.022727
19042;0.482759;0.137931;0.206897;0.0;0.172414;0.0;0.0;0.0;0.0;0.0;0.0;0.0;0.0;0.0;0.0;0.0
19043;0.275362;0.391304;0.231884;0.0;0.072464;0.0;0.0;0.0;0.0;0.0;0.0;0.0;0.0;0.0;0.0;0.028986
19044;0.252381;0.57619;0.104762;0.0;0.061905;0.0;0.0;0.0;0.0;0.0;0.0;0.0;0.0;0.0;0.0;0.004762
19045;0.175439;0.54386;0.22807;0.0;0.052632;0.0;0.0;0.0;0.0;0.0;0.0;0.0;0.0;0.0;0.0;0.0
19046;0.359712;0.318185;0.180899;0.0;0.122685;0.0;0.0;0.0;0.0;0.0;0.0;0.0;0.0;0.0;0.0;0.01852
19047;0.311111;0.377778;0.088889;0.0;0.222222;0.0;0.0;0.0;0.0;0.0;0.0;0.0;0.0;0.0;0.0;0.0
19048;0.454545;0.363636;0.090909;0.0;0.090909;0.0;0.0;0.0;0.0;0.0;0.0;0.0;0.0;0.0;0.0;0.0
19049;0.666667;0.166667;0.166667;0.0;0.0;0.0;0.0;0.0;0.0;0.0;0.0;0.0;0.0;0.0;0.0;0.0
19050;0.5;0.25;0.1875;0.0;0.0625;0.0;0.0;0.0;0.0;0.0;0.0;0.0;0.0;0.0;0.0;0.0
19051;0.55102;0.346939;0.061224;0.0;0.040816;0.0;0.0;0.0;0.0;0.0;0.0;0.0;0.0;0.0;0.0;0.0
19052;0.625;0.1875;0.1875;0.0;0.0;0.0;0.0;0.0;0.0;0.0;0.0;0.0;0.0;0.0;0.0;0.0
19053;0.382334;0.37706;0.146341;0.0;0.087014;0.0;0.0;0.0;0.0;0.0;0.0;0.0;0.0;0.0;0.0;0.007251
19054;0.326241;0.475177;0.170213;0.0;0.021277;0.0;0.0;0.0;0.0;0.0;0.0;0.0;0.0;0.0;0.0;0.007092
19055;0.3;0.366667;0.233333;0.0;0.066667;0.0;0.0;0.0;0.0;0.0;0.0;0.0;0.0;0.0;0.0;0.033333
19057;0.64;0.18;0.02;0.0;0.16;0.0;0.0;0.0;0.0;0.0;0.0;0.0;0.0;0.0;0.0;0.0
19058;0.319484;0.35165;0.212598;0.0;0.103702;0.0;0.0;0.0;0.0;0.0;0.0;0.0;0.0;0.0;0.0;0.012565
19059;0.254237;0.610169;0.101695;0.0;0.033898;0.0;0.0;0.0;0.0;0.0;0.0;0.0;0.0;0.0;0.0;0.0
19060;0.408;0.24;0.096;0.0;0.224;0.0;0.0;0.0;0.0;0.0;0.0;0.0;0.0;0.0;0.0;0.032
19061;0.378788;0.30303;0.181818;0.0;0.121212;0.0;0.0;0.0;0.0;0.0;0.0;0.0;0.0;0.0;0.0;0.015152
19064;0.21519;0.658228;0.101266;0.0;0.012658;0.0;0.0;0.0;0.0;0.0;0.0;0.0;0.0;0.0;0.0;0.012658
19065;0.392857;0.392857;0.119048;0.0;0.059524;0.0;0.0;0.0;0.0;0.0;0.0;0.0;0.0;0.0;0.0;0.035714
19066;0.116667;0.6;0.166667;0.0;0.066667;0.0;0.0;0.0;0.0;0.0;0.0;0.0;0.0;0.0;0.0;0.05
19067;0.66;0.08;0.2;0.0;0.06;0.0;0.0;0.0;0.0;0.0;0.0;0.0;0.0;0.0;0.0;0.0
19070;0.415385;0.4;0.153846;0.0;0.015385;0.0;0.0;0.0;0.0;0.0;0.0;0.0;0.0;0.0;0.0;0.015385
19071;0.251249;0.365521;0.255789;0.0;0.110186;0.0;0.0;0.0;0.0;0.0;0.0;0.0;0.0;0.0;0.0;0.017254
19073;0.473684;0.368421;0.157895;0.0;0.0;0.0;0.0;0.0;0.0;0.0;0.0;0.0;0.0;0.0;0.0;0.0
19074;0.56;0.21;0.07;0.0;0.14;0.0;0.0;0.0;0.0;0.0;0.0;0.0;0.0;0.0;0.0;0.02
19075;0.166667;0.611111;0.166667;0.0;0.027778;0.0;0.0;0.0;0.0;0.0;0.0;0.0;0.0;0.0;0.0;0.027778
19076;0.315789;0.421053;0.210526;0.0;0.052632;0.0;0.0;0.0;0.0;0.0;0.0;0.0;0.0;0.0;0.0;0.0
19078;0.675676;0.135135;0.054054;0.0;0.135135;0.0;0.0;0.0;0.0;0.0;0.0;0.0;0.0;0.0;0.0;0.0
19079;0.2;0.8;0.0;0.0;0.0;0.0;0.0;0.0;0.0;0.0;0.0;0.0;0.0;0.0;0.0;0.0
19080;0.25;0.5;0.159091;0.0;0.045455;0.0;0.0;0.0;0.0;0.0;0.0;0.0;0.0;0.0;0.0;0.045455
19081;0.190476;0.666667;0.095238;0.0;0.047619;0.0;0.0;0.0;0.0;0.0;0.0;0.0;0.0;0.0;0.0;0.0
19082;0.517647;0.141176;0.2;0.0;0.141176;0.0;0.0;0.0;0.0;0.0;0.0;0.0;0.0;0.0;0.0;0.0
19086;0.41256;0.408696;0.107246;0.0;0.067633;0.0;0.0;0.0;0.0;0.0;0.0;0.0;0.0;0.0;0.0;0.003865
19087;0.333333;0.555556;0.055556;0.0;0.055556;0.0;0.0;0.0;0.0;0.0;0.0;0.0;0.0;0.0;0.0;0.0
19088;0.267442;0.395349;0.255814;0.0;0.069767;0.0;0.0;0.0;0.0;0.0;0.0;0.0;0.0;0.0;0.0;0.011628
19089;0.571429;0.0;0.357143;0.0;0.0;0.0;0.0;0.0;0.0;0.0;0.0;0.0;0.0;0.0;0.0;0.071429
19090;0.388889;0.388889;0.083333;0.0;0.125;0.0;0.0;0.0;0.0;0.0;0.0;0.0;0.0;0.0;0.0;0.013889
19091;0.352941;0.352941;0.294118;0.0;0.0;0.0;0.0;0.0;0.0;0.0;0.0;0.0;0.0;0.0;0.0;0.0
19092;0.319079;0.398026;0.207237;0.0;0.069079;0.0;0.0;0.0;0.0;0.0;0.0;0.0;0.0;0.0;0.0;0.006579
19095;0.285714;0.714286;0.0;0.0;0.0;0.0;0.0;0.0;0.0;0.0;0.0;0.0;0.0;0.0;0.0;0.0
19096;0.333333;0.434783;0.086957;0.0;0.144928;0.0;0.0;0.0;0.0;0.0;0.0;0.0;0.0;0.0;0.0;0.0
19097;0.090909;0.727273;0.181818;0.0;0.0;0.0;0.0;0.0;0.0;0.0;0.0;0.0;0.0;0.0;0.0;0.0
19098;0.6;0.25;0.05;0.0;0.05;0.0;0.0;0.0;0.0;0.0;0.0;0.0;0.0;0.0;0.0;0.05
19099;0.448649;0.302703;0.124324;0.0;0.097297;0.0;0.0;0.0;0.0;0.0;0.0;0.0;0.0;0.0;0.0;0.027027
19102;0.276316;0.368421;0.289474;0.0;0.052632;0.0;0.0;0.0;0.0;0.0;0.0;0.0;0.0;0.0;0.0;0.013158
19103;0.423077;0.432692;0.120192;0.0;0.024038;0.0;0.0;0.0;0.0;0.0;0.0;0.0;0.0;0.0;0.0;0.0
19104;0.1;0.8;0.1;0.0;0.0;0.0;0.0;0.0;0.0;0.0;0.0;0.0;0.0;0.0;0.0;0.0
19105;0.265998;0.353868;0.263133;0.0;0.100764;0.0;0.0;0.0;0.0;0.0;0.0;0.0;0.0;0.0;0.0;0.016237
19106;0.4;0.25;0.216667;0.0;0.05;0.0;0.0;0.0;0.0;0.0;0.0;0.0;0.0;0.0;0.0;0.083333
19107;0.342975;0.446281;0.165289;0.0;0.024793;0.0;0.0;0.0;0.0;0.0;0.0;0.0;0.0;0.0;0.0;0.020661
19108;0.360465;0.313953;0.104651;0.0;0.209302;0.0;0.0;0.0;0.0;0.0;0.0;0.0;0.0;0.0;0.0;0.011628
19109;0.04;0.6;0.32;0.0;0.04;0.0;0.0;0.0;0.0;0.0;0.0;0.0;0.0;0.0;0.0;0.0
19110;0.296296;0.388889;0.240741;0.0;0.055556;0.0;0.0;0.0;0.0;0.0;0.0;0.0;0.0;0.0;0.0;0.018519
19111;0.379562;0.350365;0.19708;0.0;0.058394;0.0;0.0;0.0;0.0;0.0;0.0;0.0;0.0;0.0;0.0;0.014599
19112;0.163636;0.509091;0.272727;0.0;0.0;0.0;0.0;0.0;0.0;0.0;0.0;0.0;0.0;0.0;0.0;0.054545
19113;0.387363;0.362637;0.142857;0.0;0.085165;0.0;0.0;0.0;0.0;0.0;0.0;0.0;0.0;0.0;0.0;0.021978
19114;0.52;0.32;0.12;0.0;0.04;0.0;0.0;0.0;0.0;0.0;0.0;0.0;0.0;0.0;0.0;0.0
19115;0.210526;0.526316;0.210526;0.0;0.052632;0.0;0.0;0.0;0.0;0.0;0.0;0.0;0.0;0.0;0.0;0.0
19116;0.571429;0.285714;0.142857;0.0;0.0;0.0;0.0;0.0;0.0;0.0;0.0;0.0;0.0;0.0;0.0;0.0
19117;0.360816;0.290612;0.236735;0.0;0.097143;0.0;0.0;0.0;0.0;0.0;0.0;0.0;0.0;0.0;0.0;0.014694
19118;0.454545;0.090909;0.0;0.0;0.363636;0.0;0.0;0.0;0.0;0.0;0.0;0.0;0.0;0.0;0.0;0.090909
19119;0.367647;0.323529;0.191176;0.0;0.102941;0.0;0.0;0.0;0.0;0.0;0.0;0.0;0.0;0.0;0.0;0.014706
19120;0.256098;0.390244;0.317073;0.0;0.036585;0.0;0.0;0.0;0.0;0.0;0.0;0.0;0.0;0.0;0.0;0.0
19121;0.422111;0.346734;0.180905;0.0;0.035176;0.0;0.0;0.0;0.0;0.0;0.0;0.0;0.0;0.0;0.0;0.015075
19122;0.366667;0.45;0.083333;0.0;0.083333;0.0;0.0;0.0;0.0;0.0;0.0;0.0;0.0;0.0;0.0;0.016667
19123;0.414634;0.463415;0.073171;0.0;0.04878;0.0;0.0;0.0;0.0;0.0;0.0;0.0;0.0;0.0;0.0;0.0
19124;0.348432;0.33101;0.142857;0.0;0.174216;0.0;0.0;0.0;0.0;0.0;0.0;0.0;0.0;0.0;0.0;0.003484
19125;0.264706;0.529412;0.088235;0.0;0.117647;0.0;0.0;0.0;0.0;0.0;0.0;0.0;0.0;0.0;0.0;0.0
19126;0.264945;0.348339;0.250185;0.0;0.113653;0.0;0.0;0.0;0.0;0.0;0.0;0.0;0.0;0.0;0.0;0.022878
19127;0.257143;0.614286;0.128571;0.0;0.0;0.0;0.0;0.0;0.0;0.0;0.0;0.0;0.0;0.0;0.0;0.0
19129;0.28;0.68;0.04;0.0;0.0;0.0;0.0;0.0;0.0;0.0;0.0;0.0;0.0;0.0;0.0;0.0
19130;0.340596;0.399951;0.17103;0.0;0.076373;0.0;0.0;0.0;0.0;0.0;0.0;0.0;0.0;0.0;0.0;0.012048
19132;0.333333;0.47619;0.142857;0.0;0.047619;0.0;0.0;0.0;0.0;0.0;0.0;0.0;0.0;0.0;0.0;0.0
19133;0.385714;0.271429;0.285714;0.0;0.042857;0.0;0.0;0.0;0.0;0.0;0.0;0.0;0.0;0.0;0.0;0.014286
19134;0.444444;0.222222;0.222222;0.0;0.111111;0.0;0.0;0.0;0.0;0.0;0.0;0.0;0.0;0.0;0.0;0.0
19135;0.373134;0.507463;0.044776;0.0;0.074627;0.0;0.0;0.0;0.0;0.0;0.0;0.0;0.0;0.0;0.0;0.0
19136;0.727273;0.181818;0.090909;0.0;0.0;0.0;0.0;0.0;0.0;0.0;0.0;0.0;0.0;0.0;0.0;0.0
19138;0.533679;0.227979;0.134715;0.0;0.093264;0.0;0.0;0.0;0.0;0.0;0.0;0.0;0.0;0.0;0.0;0.010363
19139;0.392857;0.428571;0.0;0.0;0.178571;0.0;0.0;0.0;0.0;0.0;0.0;0.0;0.0;0.0;0.0;0.0
19142;0.383333;0.254167;0.208333;0.0;0.116667;0.0;0.0;0.0;0.0;0.0;0.0;0.0;0.0;0.0;0.0;0.0375
19143;0.310469;0.40722;0.205054;0.0;0.068592;0.0;0.0;0.0;0.0;0.0;0.0;0.0;0.0;0.0;0.0;0.008664
19145;0.166667;0.7;0.133333;0.0;0.0;0.0;0.0;0.0;0.0;0.0;0.0;0.0;0.0;0.0;0.0;0.0
19146;0.466667;0.266667;0.088889;0.0;0.155556;0.0;0.0;0.0;0.0;0.0;0.0;0.0;0.0;0.0;0.0;0.022222
19147;0.441176;0.352941;0.117647;0.0;0.088235;0.0;0.0;0.0;0.0;0.0;0.0;0.0;0.0;0.0;0.0;0.0
19148;0.314286;0.514286;0.085714;0.0;0.085714;0.0;0.0;0.0;0.0;0.0;0.0;0.0;0.0;0.0;0.0;0.0
19150;0.272727;0.386364;0.272727;0.0;0.056818;0.0;0.0;0.0;0.0;0.0;0.0;0.0;0.0;0.0;0.0;0.011364
19151;0.367197;0.339045;0.182375;0.0;0.100367;0.0;0.0;0.0;0.0;0.0;0.0;0.0;0.0;0.0;0.0;0.011016
19152;0.347518;0.385343;0.198582;0.0;0.052009;0.0;0.0;0.0;0.0;0.0;0.0;0.0;0.0;0.0;0.0;0.016548
19153;0.4375;0.0;0.0;0.0;0.5;0.0;0.0;0.0;0.0;0.0;0.0;0.0;0.0;0.0;0.0;0.0625
19154;0.08;0.66;0.24;0.0;0.02;0.0;0.0;0.0;0.0;0.0;0.0;0.0;0.0;0.0;0.0;0.0
19155;0.490566;0.226415;0.150943;0.0;0.09434;0.0;0.0;0.0;0.0;0.0;0.0;0.0;0.0;0.0;0.0;0.037736
19156;0.344398;0.409405;0.183956;0.0;0.051176;0.0;0.0;0.0;0.0;0.0;0.0;0.0;0.0;0.0;0.0;0.011065
19157;0.365854;0.317073;0.170732;0.0;0.121951;0.0;0.0;0.0;0.0;0.0;0.0;0.0;0.0;0.0;0.0;0.02439
19159;0.176471;0.5;0.264706;0.0;0.029412;0.0;0.0;0.0;0.0;0.0;0.0;0.0;0.0;0.0;0.0;0.029412
19160;0.216296;0.314074;0.287407;0.0;0.152593;0.0;0.0;0.0;0.0;0.0;0.0;0.0;0.0;0.0;0.0;0.02963
19161;0.368984;0.235294;0.203209;0.0;0.171123;0.0;0.0;0.0;0.0;0.0;0.0;0.0;0.0;0.0;0.0;0.02139
19162;0.489796;0.285714;0.183673;0.0;0.040816;0.0;0.0;0.0;0.0;0.0;0.0;0.0;0.0;0.0;0.0;0.0
19163;0.25;0.409091;0.204545;0.0;0.113636;0.0;0.0;0.0;0.0;0.0;0.0;0.0;0.0;0.0;0.0;0.022727
19165;0.472222;0.333333;0.055556;0.0;0.111111;0.0;0.0;0.0;0.0;0.0;0.0;0.0;0.0;0.0;0.0;0.027778
19166;0.311927;0.385321;0.174312;0.0;0.119266;0.0;0.0;0.0;0.0;0.0;0.0;0.0;0.0;0.0;0.0;0.009174
19167;0.167939;0.427481;0.351145;0.0;0.038168;0.0;0.0;0.0;0.0;0.0;0.0;0.0;0.0;0.0;0.0;0.015267
19168;0.497326;0.315508;0.074866;0.0;0.080214;0.0;0.0;0.0;0.0;0.0;0.0;0.0;0.0;0.0;0.0;0.032086
19169;0.35;0.35;0.15;0.0;0.15;0.0;0.0;0.0;0.0;0.0;0.0;0.0;0.0;0.0;0.0;0.0
19170;0.409091;0.363636;0.109091;0.0;0.090909;0.0;0.0;0.0;0.0;0.0;0.0;0.0;0.0;0.0;0.0;0.027273
19171;0.406325;0.282223;0.191902;0.0;0.104456;0.0;0.0;0.0;0.0;0.0;0.0;0.0;0.0;0.0;0.0;0.015093
19172;0.276923;0.338462;0.138462;0.0;0.246154;0.0;0.0;0.0;0.0;0.0;0.0;0.0;0.0;0.0;0.0;0.0
19173;0.4;0.222222;0.288889;0.0;0.066667;0.0;0.0;0.0;0.0;0.0;0.0;0.0;0.0;0.0;0.0;0.022222
19174;0.267857;0.5;0.142857;0.0;0.089286;0.0;0.0;0.0;0.0;0.0;0.0;0.0;0.0;0.0;0.0;0.0
19175;0.125;0.8125;0.0625;0.0;0.0;0.0;0.0;0.0;0.0;0.0;0.0;0.0;0.0;0.0;0.0;0.0
19176;0.316964;0.477679;0.178571;0.0;0.026786;0.0;0.0;0.0;0.0;0.0;0.0;0.0;0.0;0.0;0.0;0.0
19177;0.387755;0.367347;0.122449;0.0;0.122449;0.0;0.0;0.0;0.0;0.0;0.0;0.0;0.0;0.0;0.0;0.0
19178;0.6875;0.1875;0.125;0.0;0.0;0.0;0.0;0.0;0.0;0.0;0.0;0.0;0.0;0.0;0.0;0.0
19179;0.375;0.34375;0.203125;0.0;0.078125;0.0;0.0;0.0;0.0;0.0;0.0;0.0;0.0;0.0;0.0;0.0
19181;0.431818;0.363636;0.090909;0.0;0.113636;0.0;0.0;0.0;0.0;0.0;0.0;0.0;0.0;0.0;0.0;0.0
19182;0.333333;0.133333;0.166667;0.0;0.266667;0.0;0.0;0.0;0.0;0.0;0.0;0.0;0.0;0.0;0.0;0.1
19183;0.474576;0.355932;0.101695;0.0;0.050847;0.0;0.0;0.0;0.0;0.0;0.0;0.0;0.0;0.0;0.0;0.016949
19184;0.340426;0.446809;0.148936;0.0;0.042553;0.0;0.0;0.0;0.0;0.0;0.0;0.0;0.0;0.0;0.0;0.021277
19185;0.346154;0.346154;0.115385;0.0;0.192308;0.0;0.0;0.0;0.0;0.0;0.0;0.0;0.0;0.0;0.0;0.0
19186;0.4;0.414286;0.1;0.0;0.085714;0.0;0.0;0.0;0.0;0.0;0.0;0.0;0.0;0.0;0.0;0.0
19187;0.243243;0.594595;0.054054;0.0;0.108108;0.0;0.0;0.0;0.0;0.0;0.0;0.0;0.0;0.0;0.0;0.0
19188;0.190476;0.47619;0.285714;0.0;0.047619;0.0;0.0;0.0;0.0;0.0;0.0;0.0;0.0;0.0;0.0;0.0
19189;0.354167;0.25;0.322917;0.0;0.052083;0.0;0.0;0.0;0.0;0.0;0.0;0.0;0.0;0.0;0.0;0.020833
19190;0.463899;0.345969;0.098676;0.0;0.082431;0.0;0.0;0.0;0.0;0.0;0.0;0.0;0.0;0.0;0.0;0.009025
19191;0.538462;0.230769;0.0;0.0;0.230769;0.0;0.0;0.0;0.0;0.0;0.0;0.0;0.0;0.0;0.0;0.0
19192;0.3343;0.439449;0.197244;0.0;0.021755;0.0;0.0;0.0;0.0;0.0;0.0;0.0;0.0;0.0;0.0;0.007252
19193;0.5;0.214286;0.107143;0.0;0.142857;0.0;0.0;0.0;0.0;0.0;0.0;0.0;0.0;0.0;0.0;0.035714
19194;0.434211;0.289474;0.223684;0.0;0.052632;0.0;0.0;0.0;0.0;0.0;0.0;0.0;0.0;0.0;0.0;0.0
19195;0.545455;0.242424;0.121212;0.0;0.090909;0.0;0.0;0.0;0.0;0.0;0.0;0.0;0.0;0.0;0.0;0.0
19196;0.246753;0.428571;0.246753;0.0;0.064935;0.0;0.0;0.0;0.0;0.0;0.0;0.0;0.0;0.0;0.0;0.012987
19197;0.580645;0.258065;0.032258;0.0;0.129032;0.0;0.0;0.0;0.0;0.0;0.0;0.0;0.0;0.0;0.0;0.0
19198;0.545455;0.272727;0.181818;0.0;0.0;0.0;0.0;0.0;0.0;0.0;0.0;0.0;0.0;0.0;0.0;0.0
19199;0.357143;0.214286;0.357143;0.0;0.071429;0.0;0.0;0.0;0.0;0.0;0.0;0.0;0.0;0.0;0.0;0.0
19200;0.482143;0.321429;0.196429;0.0;0.0;0.0;0.0;0.0;0.0;0.0;0.0;0.0;0.0;0.0;0.0;0.0
19201;0.15;0.7;0.05;0.0;0.075;0.0;0.0;0.0;0.0;0.0;0.0;0.0;0.0;0.0;0.0;0.025
19202;0.333333;0.2;0.066667;0.0;0.4;0.0;0.0;0.0;0.0;0.0;0.0;0.0;0.0;0.0;0.0;0.0
19203;0.419355;0.322581;0.129032;0.0;0.096774;0.0;0.0;0.0;0.0;0.0;0.0;0.0;0.0;0.0;0.0;0.032258
19204;0.423729;0.305085;0.152542;0.0;0.118644;0.0;0.0;0.0;0.0;0.0;0.0;0.0;0.0;0.0;0.0;0.0
19208;0.472222;0.416667;0.055556;0.0;0.055556;0.0;0.0;0.0;0.0;0.0;0.0;0.0;0.0;0.0;0.0;0.0
19209;0.36;0.24;0.32;0.0;0.08;0.0;0.0;0.0;0.0;0.0;0.0;0.0;0.0;0.0;0.0;0.0
19210;0.294118;0.529412;0.0;0.0;0.176471;0.0;0.0;0.0;0.0;0.0;0.0;0.0;0.0;0.0;0.0;0.0
19211;0.296167;0.473868;0.125436;0.0;0.094077;0.0;0.0;0.0;0.0;0.0;0.0;0.0;0.0;0.0;0.0;0.010453
19212;0.296296;0.446394;0.181287;0.0;0.068226;0.0;0.0;0.0;0.0;0.0;0.0;0.0;0.0;0.0;0.0;0.007797
19213;0.339623;0.471698;0.169811;0.0;0.018868;0.0;0.0;0.0;0.0;0.0;0.0;0.0;0.0;0.0;0.0;0.0
19214;0.26087;0.434783;0.173913;0.0;0.130435;0.0;0.0;0.0;0.0;0.0;0.0;0.0;0.0;0.0;0.0;0.0
19215;0.204225;0.598592;0.147887;0.0;0.035211;0.0;0.0;0.0;0.0;0.0;0.0;0.0;0.0;0.0;0.0;0.014085
19216;0.38835;0.281553;0.106796;0.0;0.203883;0.0;0.0;0.0;0.0;0.0;0.0;0.0;0.0;0.0;0.0;0.019417
19217;0.203125;0.671875;0.125;0.0;0.0;0.0;0.0;0.0;0.0;0.0;0.0;0.0;0.0;0.0;0.0;0.0
19218;0.285714;0.214286;0.142857;0.0;0.357143;0.0;0.0;0.0;0.0;0.0;0.0;0.0;0.0;0.0;0.0;0.0
19219;0.571429;0.0;0.0;0.0;0.285714;0.0;0.0;0.0;0.0;0.0;0.0;0.0;0.0;0.0;0.0;0.142857
19220;0.275275;0.267267;0.318318;0.0;0.116116;0.0;0.0;0.0;0.0;0.0;0.0;0.0;0.0;0.0;0.0;0.023023
19221;0.521739;0.347826;0.086957;0.0;0.043478;0.0;0.0;0.0;0.0;0.0;0.0;0.0;0.0;0.0;0.0;0.0
19222;0.440678;0.372881;0.169492;0.0;0.016949;0.0;0.0;0.0;0.0;0.0;0.0;0.0;0.0;0.0;0.0;0.0
19223;0.304348;0.507246;0.144928;0.0;0.028986;0.0;0.0;0.0;0.0;0.0;0.0;0.0;0.0;0.0;0.0;0.014493
19224;0.108696;0.684783;0.195652;0.0;0.01087;0.0;0.0;0.0;0.0;0.0;0.0;0.0;0.0;0.0;0.0;0.0
19225;0.307263;0.290503;0.272346;0.0;0.108939;0.0;0.0;0.0;0.0;0.0;0.0;0.0;0.0;0.0;0.0;0.02095
19226;0.454545;0.363636;0.090909;0.0;0.090909;0.0;0.0;0.0;0.0;0.0;0.0;0.0;0.0;0.0;0.0;0.0
19227;0.431818;0.340909;0.136364;0.0;0.090909;0.0;0.0;0.0;0.0;0.0;0.0;0.0;0.0;0.0;0.0;0.0
19228;0.625;0.166667;0.041667;0.0;0.166667;0.0;0.0;0.0;0.0;0.0;0.0;0.0;0.0;0.0;0.0;0.0
19229;0.34;0.5;0.12;0.0;0.04;0.0;0.0;0.0;0.0;0.0;0.0;0.0;0.0;0.0;0.0;0.0
19230;0.27256;0.335175;0.233886;0.0;0.127072;0.0;0.0;0.0;0.0;0.0;0.0;0.0;0.0;0.0;0.0;0.031308
19231;0.142857;0.428571;0.428571;0.0;0.0;0.0;0.0;0.0;0.0;0.0;0.0;0.0;0.0;0.0;0.0;0.0
19232;0.326923;0.480769;0.153846;0.0;0.038462;0.0;0.0;0.0;0.0;0.0;0.0;0.0;0.0;0.0;0.0;0.0
19233;0.225352;0.380282;0.183099;0.0;0.169014;0.0;0.0;0.0;0.0;0.0;0.0;0.0;0.0;0.0;0.0;0.042254
19234;0.404255;0.468085;0.106383;0.0;0.021277;0.0;0.0;0.0;0.0;0.0;0.0;0.0;0.0;0.0;0.0;0.0
19235;0.518072;0.301205;0.13253;0.0;0.048193;0.0;0.0;0.0;0.0;0.0;0.0;0.0;0.0;0.0;0.0;0.0
19237;0.411765;0.264706;0.147059;0.0;0.176471;0.0;0.0;0.0;0.0;0.0;0.0;0.0;0.0;0.0;0.0;0.0
19238;0.222222;0.277778;0.25;0.0;0.25;0.0;0.0;0.0;0.0;0.0;0.0;0.0;0.0;0.0;0.0;0.0
19239;0.257143;0.414286;0.228571;0.0;0.071429;0.0;0.0;0.0;0.0;0.0;0.0;0.0;0.0;0.0;0.0;0.028571
19240;0.363636;0.363636;0.090909;0.0;0.181818;0.0;0.0;0.0;0.0;0.0;0.0;0.0;0.0;0.0;0.0;0.0
19241;0.2;0.68;0.12;0.0;0.0;0.0;0.0;0.0;0.0;0.0;0.0;0.0;0.0;0.0;0.0;0.0
19242;0.271605;0.444444;0.209877;0.0;0.061728;0.0;0.0;0.0;0.0;0.0;0.0;0.0;0.0;0.0;0.0;0.012346
19243;0.258065;0.419355;0.129032;0.0;0.16129;0.0;0.0;0.0;0.0;0.0;0.0;0.0;0.0;0.0;0.0;0.032258
19244;0.328767;0.493151;0.123288;0.0;0.054795;0.0;0.0;0.0;0.0;0.0;0.0;0.0;0.0;0.0;0.0;0.0
19245;0.372483;0.368009;0.193512;0.0;0.051454;0.0;0.0;0.0;0.0;0.0;0.0;0.0;0.0;0.0;0.0;0.014541
19246;0.387097;0.419355;0.032258;0.0;0.129032;0.0;0.0;0.0;0.0;0.0;0.0;0.0;0.0;0.0;0.0;0.032258
19247;0.45283;0.320755;0.122642;0.0;0.09434;0.0;0.0;0.0;0.0;0.0;0.0;0.0;0.0;0.0;0.0;0.009434
19248;0.411765;0.352941;0.098039;0.0;0.137255;0.0;0.0;0.0;0.0;0.0;0.0;0.0;0.0;0.0;0.0;0.0
19249;0.275862;0.655172;0.068966;0.0;0.0;0.0;0.0;0.0;0.0;0.0;0.0;0.0;0.0;0.0;0.0;0.0
19250;0.214286;0.357143;0.214286;0.0;0.142857;0.0;0.0;0.0;0.0;0.0;0.0;0.0;0.0;0.0;0.0;0.071429
19251;0.357143;0.607143;0.035714;0.0;0.0;0.0;0.0;0.0;0.0;0.0;0.0;0.0;0.0;0.0;0.0;0.0
19252;0.173913;0.521739;0.173913;0.0;0.130435;0.0;0.0;0.0;0.0;0.0;0.0;0.0;0.0;0.0;0.0;0.0
19254;0.233333;0.6;0.1;0.0;0.066667;0.0;0.0;0.0;0.0;0.0;0.0;0.0;0.0;0.0;0.0;0.0
19255;0.4;0.38;0.06;0.0;0.14;0.0;0.0;0.0;0.0;0.0;0.0;0.0;0.0;0.0;0.0;0.02
19256;0.096774;0.741935;0.129032;0.0;0.032258;0.0;0.0;0.0;0.0;0.0;0.0;0.0;0.0;0.0;0.0;0.0
19257;0.347863;0.437156;0.126534;0.0;0.079137;0.0;0.0;0.0;0.0;0.0;0.0;0.0;0.0;0.0;0.0;0.00931
19258;0.261538;0.538462;0.138462;0.0;0.061538;0.0;0.0;0.0;0.0;0.0;0.0;0.0;0.0;0.0;0.0;0.0
19259;0.68;0.2;0.04;0.0;0.08;0.0;0.0;0.0;0.0;0.0;0.0;0.0;0.0;0.0;0.0;0.0
19260;0.818182;0.045455;0.0;0.0;0.136364;0.0;0.0;0.0;0.0;0.0;0.0;0.0;0.0;0.0;0.0;0.0
19261;0.176471;0.647059;0.058824;0.0;0.117647;0.0;0.0;0.0;0.0;0.0;0.0;0.0;0.0;0.0;0.0;0.0
19262;0.383929;0.410714;0.098214;0.0;0.107143;0.0;0.0;0.0;0.0;0.0;0.0;0.0;0.0;0.0;0.0;0.0
19263;0.47619;0.190476;0.142857;0.0;0.190476;0.0;0.0;0.0;0.0;0.0;0.0;0.0;0.0;0.0;0.0;0.0
19264;0.452381;0.261905;0.214286;0.0;0.071429;0.0;0.0;0.0;0.0;0.0;0.0;0.0;0.0;0.0;0.0;0.0
19265;0.268519;0.453704;0.194444;0.0;0.083333;0.0;0.0;0.0;0.0;0.0;0.0;0.0;0.0;0.0;0.0;0.0
19266;0.270115;0.505747;0.212644;0.0;0.005747;0.0;0.0;0.0;0.0;0.0;0.0;0.0;0.0;0.0;0.0;0.005747
19267;0.117647;0.705882;0.0;0.0;0.117647;0.0;0.0;0.0;0.0;0.0;0.0;0.0;0.0;0.0;0.0;0.058824
19268;0.464286;0.321429;0.071429;0.0;0.142857;0.0;0.0;0.0;0.0;0.0;0.0;0.0;0.0;0.0;0.0;0.0
19269;0.553571;0.125;0.107143;0.0;0.196429;0.0;0.0;0.0;0.0;0.0;0.0;0.0;0.0;0.0;0.0;0.017857
19270;0.214286;0.5;0.142857;0.0;0.142857;0.0;0.0;0.0;0.0;0.0;0.0;0.0;0.0;0.0;0.0;0.0
19271;0.269231;0.423077;0.307692;0.0;0.0;0.0;0.0;0.0;0.0;0.0;0.0;0.0;0.0;0.0;0.0;0.0
19272;0.482759;0.413793;0.051724;0.0;0.034483;0.0;0.0;0.0;0.0;0.0;0.0;0.0;0.0;0.0;0.0;0.017241
19274;0.311757;0.367239;0.224571;0.0;0.080581;0.0;0.0;0.0;0.0;0.0;0.0;0.0;0.0;0.0;0.0;0.015852
19277;0.357143;0.142857;0.285714;0.0;0.214286;0.0;0.0;0.0;0.0;0.0;0.0;0.0;0.0;0.0;0.0;0.0
19278;0.16;0.6;0.16;0.0;0.08;0.0;0.0;0.0;0.0;0.0;0.0;0.0;0.0;0.0;0.0;0.0
19279;0.234043;0.340426;0.404255;0.0;0.0;0.0;0.0;0.0;0.0;0.0;0.0;0.0;0.0;0.0;0.0;0.021277
19280;0.290368;0.299929;0.272309;0.0;0.11898;0.0;0.0;0.0;0.0;0.0;0.0;0.0;0.0;0.0;0.0;0.018414
19281;0.285714;0.428571;0.214286;0.0;0.071429;0.0;0.0;0.0;0.0;0.0;0.0;0.0;0.0;0.0;0.0;0.0
19282;0.272727;0.53719;0.173554;0.0;0.008264;0.0;0.0;0.0;0.0;0.0;0.0;0.0;0.0;0.0;0.0;0.008264
19283;0.461538;0.346154;0.115385;0.0;0.076923;0.0;0.0;0.0;0.0;0.0;0.0;0.0;0.0;0.0;0.0;0.0
19284;0.4;0.2;0.0;0.0;0.4;0.0;0.0;0.0;0.0;0.0;0.0;0.0;0.0;0.0;0.0;0.0
19285;0.388889;0.333333;0.222222;0.0;0.055556;0.0;0.0;0.0;0.0;0.0;0.0;0.0;0.0;0.0;0.0;0.0
19286;0.297778;0.317037;0.262222;0.0;0.103704;0.0;0.0;0.0;0.0;0.0;0.0;0.0;0.0;0.0;0.0;0.019259
19287;0.191919;0.484848;0.30303;0.0;0.020202;0.0;0.0;0.0;0.0;0.0;0.0;0.0;0.0;0.0;0.0;0.0
19288;0.304348;0.391304;0.217391;0.0;0.086957;0.0;0.0;0.0;0.0;0.0;0.0;0.0;0.0;0.0;0.0;0.0
19289;0.2;0.4;0.266667;0.0;0.133333;0.0;0.0;0.0;0.0;0.0;0.0;0.0;0.0;0.0;0.0;0.0
19290;0.316891;0.289985;0.248132;0.0;0.104634;0.0;0.0;0.0;0.0;0.0;0.0;0.0;0.0;0.0;0.0;0.040359
19291;0.288268;0.418994;0.202235;0.0;0.072626;0.0;0.0;0.0;0.0;0.0;0.0;0.0;0.0;0.0;0.0;0.017877
19293;0.295203;0.327798;0.210947;0.0;0.144526;0.0;0.0;0.0;0.0;0.0;0.0;0.0;0.0;0.0;0.0;0.021525
19294;0.444444;0.222222;0.111111;0.0;0.222222;0.0;0.0;0.0;0.0;0.0;0.0;0.0;0.0;0.0;0.0;0.0
19296;0.304348;0.434783;0.217391;0.0;0.0;0.0;0.0;0.0;0.0;0.0;0.0;0.0;0.0;0.0;0.0;0.043478
19297;0.258065;0.451613;0.258065;0.0;0.032258;0.0;0.0;0.0;0.0;0.0;0.0;0.0;0.0;0.0;0.0;0.0
19298;0.489362;0.297872;0.170213;0.0;0.042553;0.0;0.0;0.0;0.0;0.0;0.0;0.0;0.0;0.0;0.0;0.0
19299;0.337838;0.364865;0.22973;0.0;0.040541;0.0;0.0;0.0;0.0;0.0;0.0;0.0;0.0;0.0;0.0;0.027027
19300;0.22973;0.384384;0.231231;0.0;0.132132;0.0;0.0;0.0;0.0;0.0;0.0;0.0;0.0;0.0;0.0;0.022523
19301;0.228571;0.457143;0.257143;0.0;0.057143;0.0;0.0;0.0;0.0;0.0;0.0;0.0;0.0;0.0;0.0;0.0
19302;0.348837;0.325581;0.27907;0.0;0.023256;0.0;0.0;0.0;0.0;0.0;0.0;0.0;0.0;0.0;0.0;0.023256
19303;0.09375;0.71875;0.125;0.0;0.0625;0.0;0.0;0.0;0.0;0.0;0.0;0.0;0.0;0.0;0.0;0.0
19304;0.331731;0.245192;0.245192;0.0;0.144231;0.0;0.0;0.0;0.0;0.0;0.0;0.0;0.0;0.0;0.0;0.033654
19305;0.362745;0.45098;0.156863;0.0;0.029412;0.0;0.0;0.0;0.0;0.0;0.0;0.0;0.0;0.0;0.0;0.0
19306;0.210526;0.631579;0.157895;0.0;0.0;0.0;0.0;0.0;0.0;0.0;0.0;0.0;0.0;0.0;0.0;0.0
19307;0.227273;0.636364;0.090909;0.0;0.045455;0.0;0.0;0.0;0.0;0.0;0.0;0.0;0.0;0.0;0.0;0.0
19308;0.517241;0.275862;0.137931;0.0;0.068966;0.0;0.0;0.0;0.0;0.0;0.0;0.0;0.0;0.0;0.0;0.0
19309;0.375;0.25;0.1875;0.0;0.125;0.0;0.0;0.0;0.0;0.0;0.0;0.0;0.0;0.0;0.0;0.0625
19310;0.571429;0.285714;0.142857;0.0;0.0;0.0;0.0;0.0;0.0;0.0;0.0;0.0;0.0;0.0;0.0;0.0
19311;0.318841;0.594203;0.014493;0.0;0.072464;0.0;0.0;0.0;0.0;0.0;0.0;0.0;0.0;0.0;0.0;0.0
19314;0.242424;0.333333;0.393939;0.0;0.030303;0.0;0.0;0.0;0.0;0.0;0.0;0.0;0.0;0.0;0.0;0.0
19317;0.388889;0.425926;0.092593;0.0;0.083333;0.0;0.0;0.0;0.0;0.0;0.0;0.0;0.0;0.0;0.0;0.009259
19318;0.333333;0.277778;0.333333;0.0;0.055556;0.0;0.0;0.0;0.0;0.0;0.0;0.0;0.0;0.0;0.0;0.0
19319;0.294868;0.33343;0.243259;0.0;0.109597;0.0;0.0;0.0;0.0;0.0;0.0;0.0;0.0;0.0;0.0;0.018846
19321;0.592593;0.222222;0.111111;0.0;0.074074;0.0;0.0;0.0;0.0;0.0;0.0;0.0;0.0;0.0;0.0;0.0
19322;0.368421;0.421053;0.157895;0.0;0.052632;0.0;0.0;0.0;0.0;0.0;0.0;0.0;0.0;0.0;0.0;0.0
19323;0.342857;0.342857;0.2;0.0;0.114286;0.0;0.0;0.0;0.0;0.0;0.0;0.0;0.0;0.0;0.0;0.0
19324;0.366071;0.455357;0.151786;0.0;0.017857;0.0;0.0;0.0;0.0;0.0;0.0;0.0;0.0;0.0;0.0;0.008929
19325;0.222222;0.622222;0.1;0.0;0.055556;0.0;0.0;0.0;0.0;0.0;0.0;0.0;0.0;0.0;0.0;0.0
19326;0.27121;0.332406;0.278628;0.0;0.08994;0.0;0.0;0.0;0.0;0.0;0.0;0.0;0.0;0.0;0.0;0.027816
19327;0.166134;0.440895;0.357827;0.0;0.022364;0.0;0.0;0.0;0.0;0.0;0.0;0.0;0.0;0.0;0.0;0.01278
19329;0.307692;0.410256;0.153846;0.0;0.128205;0.0;0.0;0.0;0.0;0.0;0.0;0.0;0.0;0.0;0.0;0.0
19330;0.538462;0.276923;0.169231;0.0;0.015385;0.0;0.0;0.0;0.0;0.0;0.0;0.0;0.0;0.0;0.0;0.0
19331;0.363406;0.360365;0.17334;0.0;0.091232;0.0;0.0;0.0;0.0;0.0;0.0;0.0;0.0;0.0;0.0;0.011657
19332;0.217391;0.449275;0.15942;0.0;0.15942;0.0;0.0;0.0;0.0;0.0;0.0;0.0;0.0;0.0;0.0;0.014493
19333;0.345679;0.358025;0.135802;0.0;0.148148;0.0;0.0;0.0;0.0;0.0;0.0;0.0;0.0;0.0;0.0;0.012346
19334;0.518519;0.166667;0.055556;0.0;0.259259;0.0;0.0;0.0;0.0;0.0;0.0;0.0;0.0;0.0;0.0;0.0
19335;0.441176;0.470588;0.058824;0.0;0.029412;0.0;0.0;0.0;0.0;0.0;0.0;0.0;0.0;0.0;0.0;0.0
19901;0.28;0.4;0.24;0.0;0.08;0.0;0.0;0.0;0.0;0.0;0.0;0.0;0.0;0.0;0.0;0.0
20001;0.033557;0.006711;0.0;0.0;0.04698;0.0;0.0;0.0;0.469799;0.42953;0.0;0.0;0.0;0.0;0.0;0.013423
20002;0.064103;0.004274;0.012821;0.0;0.07265;0.0;0.0;0.0;0.205128;0.636752;0.0;0.0;0.0;0.0;0.0;0.004274
20003;0.106825;0.014837;0.005935;0.0;0.04451;0.0;0.0;0.0;0.249258;0.569733;0.0;0.0;0.0;0.0;0.0;0.008902
20004;0.081481;0.014815;0.014815;0.0;0.044444;0.0;0.0;0.0;0.437037;0.407407;0.0;0.0;0.0;0.0;0.0;0.0
20005;0.132075;0.037736;0.012579;0.0;0.083019;0.0;0.0;0.0;0.240252;0.485535;0.0;0.0;0.0;0.0;0.0;0.008805
20006;0.062069;0.02069;0.006897;0.0;0.055172;0.0;0.0;0.0;0.262069;0.57931;0.0;0.0;0.0;0.0;0.0;0.013793
20007;0.022124;0.00885;0.013274;0.0;0.075221;0.0;0.0;0.0;0.216814;0.654867;0.0;0.0;0.0;0.0;0.0;0.00885
20008;0.065217;0.024155;0.002415;0.0;0.038647;0.0;0.0;0.0;0.258454;0.608696;0.0;0.0;0.0;0.0;0.0;0.002415
20009;0.288832;0.064626;0.024235;0.0;0.122449;0.0;0.0;0.0;0.162132;0.328798;0.0;0.0;0.0;0.0;0.0;0.008929
20010;0.16498;0.040486;0.013158;0.0;0.093117;0.0;0.0;0.0;0.188259;0.495951;0.0;0.0;0.0;0.0;0.0;0.004049
20011;0.138204;0.019366;0.007923;0.0;0.073944;0.0;0.0;0.0;0.258803;0.495599;0.0;0.0;0.0;0.0;0.0;0.006162
20012;0.083333;0.010417;0.0;0.0;0.041667;0.0;0.0;0.0;0.291667;0.552083;0.0;0.0;0.0;0.0;0.0;0.020833
20013;0.167151;0.034856;0.011355;0.0;0.086084;0.0;0.0;0.0;0.271455;0.422498;0.0;0.0;0.0;0.0;0.0;0.006602
20014;0.103989;0.042735;0.004274;0.0;0.068376;0.0;0.0;0.0;0.233618;0.541311;0.0;0.0;0.0;0.0;0.0;0.005698
20015;0.059752;0.003382;0.006764;0.0;0.033822;0.0;0.0;0.0;0.235626;0.659526;0.0;0.0;0.0;0.0;0.0;0.001127
20016;0.069536;0.027594;0.012141;0.0;0.064018;0.0;0.0;0.0;0.395143;0.419426;0.0;0.0;0.0;0.0;0.0;0.012141
20017;0.170674;0.036702;0.014826;0.0;0.06798;0.0;0.0;0.0;0.332309;0.370277;0.0;0.0;0.0;0.0;0.0;0.007232
20018;0.092469;0.029641;0.008368;0.0;0.036732;0.0;0.0;0.0;0.352858;0.475394;0.0;0.0;0.0;0.0;0.0;0.004538
20019;0.229394;0.052187;0.012356;0.0;0.108275;0.0;0.0;0.0;0.305804;0.282881;0.0;0.0;0.0;0.0;0.0;0.009104
20020;0.0;0.0;0.0;0.0;0.030303;0.0;0.0;0.0;0.409091;0.530303;0.0;0.0;0.0;0.0;0.0;0.030303
20021;0.059829;0.034188;0.008547;0.0;0.068376;0.0;0.0;0.0;0.358974;0.470085;0.0;0.0;0.0;0.0;0.0;0.0
20022;0.080944;0.015177;0.003373;0.0;0.043845;0.0;0.0;0.0;0.290051;0.56661;0.0;0.0;0.0;0.0;0.0;0.0
20023;0.119149;0.025532;0.021277;0.0;0.07234;0.0;0.0;0.0;0.212766;0.544681;0.0;0.0;0.0;0.0;0.0;0.004255
20024;0.064103;0.021368;0.017094;0.0;0.089744;0.0;0.0;0.0;0.25641;0.542735;0.0;0.0;0.0;0.0;0.0;0.008547
20025;0.071156;0.008895;0.005083;0.0;0.052097;0.0;0.0;0.0;0.33291;0.518424;0.0;0.0;0.0;0.0;0.0;0.011436
20026;0.032258;0.0;0.0;0.0;0.045161;0.0;0.0;0.0;0.393548;0.529032;0.0;0.0;0.0;0.0;0.0;0.0
20027;0.104009;0.013945;0.005811;0.0;0.050552;0.0;0.0;0.0;0.270773;0.546775;0.0;0.0;0.0;0.0;0.0;0.008135
20028;0.219828;0.045259;0.007902;0.0;0.073276;0.0;0.0;0.0;0.198994;0.443966;0.0;0.0;0.0;0.0;0.0;0.010776
20029;0.140304;0.030774;0.005625;0.0;0.081403;0.0;0.0;0.0;0.35043;0.386499;0.0;0.0;0.0;0.0;0.0;0.004964
20030;0.347905;0.073605;0.017008;0.0;0.103785;0.0;0.0;0.0;0.206123;0.243758;0.0;0.0;0.0;0.0;0.0;0.007816
20031;0.049505;0.0;0.0;0.0;0.029703;0.0;0.0;0.0;0.29703;0.60396;0.0;0.0;0.0;0.0;0.0;0.019802
20032;0.225436;0.059756;0.01324;0.0;0.074739;0.0;0.0;0.0;0.312369;0.306098;0.0;0.0;0.0;0.0;0.0;0.008362
20033;0.094371;0.019868;0.013245;0.0;0.077815;0.0;0.0;0.0;0.27649;0.513245;0.0;0.0;0.0;0.0;0.0;0.004967
20034;0.205189;0.040566;0.008491;0.0;0.096226;0.0;0.0;0.0;0.234434;0.409434;0.0;0.0;0.0;0.0;0.0;0.00566
20035;0.088496;0.017699;0.00885;0.0;0.070796;0.0;0.0;0.0;0.289086;0.525074;0.0;0.0;0.0;0.0;0.0;0.0
20036;0.191266;0.092467;0.018013;0.0;0.101638;0.0;0.0;0.0;0.332751;0.244432;0.0;0.0;0.0;0.0;0.0;0.019432
20037;0.015873;0.0;0.0;0.0;0.111111;0.0;0.0;0.0;0.349206;0.52381;0.0;0.0;0.0;0.0;0.0;0.0
20038;0.05948;0.007435;0.011152;0.0;0.033457;0.0;0.0;0.0;0.29368;0.594796;0.0;0.0;0.0;0.0;0.0;0.0
20039;0.071028;0.011838;0.002492;0.0;0.043614;0.0;0.0;0.0;0.358255;0.506542;0.0;0.0;0.0;0.0;0.0;0.006231
20040;0.200895;0.047281;0.014787;0.0;0.124915;0.0;0.0;0.0;0.161786;0.440996;0.0;0.0;0.0;0.0;0.0;0.009339
20041;0.082803;0.044586;0.012739;0.0;0.070064;0.0;0.0;0.0;0.286624;0.477707;0.0;0.0;0.0;0.0;0.0;0.025478
20042;0.201295;0.044792;0.012412;0.0;0.091743;0.0;0.0;0.0;0.216406;0.427955;0.0;0.0;0.0;0.0;0.0;0.005397
20043;0.07099;0.02454;0.001753;0.0;0.033304;0.0;0.0;0.0;0.364592;0.49518;0.0;0.0;0.0;0.0;0.0;0.009641
20044;0.090909;0.038278;0.014354;0.0;0.047847;0.0;0.0;0.0;0.186603;0.62201;0.0;0.0;0.0;0.0;0.0;0.0
20045;0.35463;0.127149;0.047354;0.0;0.137103;0.0;0.0;0.0;0.1792;0.141138;0.0;0.0;0.0;0.0;0.0;0.013426
20046;0.175603;0.049598;0.032172;0.0;0.08445;0.0;0.0;0.0;0.242627;0.406166;0.0;0.0;0.0;0.0;0.0;0.009383
20047;0.086207;0.02069;0.010345;0.0;0.058621;0.0;0.0;0.0;0.196552;0.617241;0.0;0.0;0.0;0.0;0.0;0.010345
20048;0.110169;0.025424;0.008475;0.0;0.076271;0.0;0.0;0.0;0.161017;0.601695;0.0;0.0;0.0;0.0;0.0;0.016949
20049;0.167936;0.036997;0.010881;0.0;0.08161;0.0;0.0;0.0;0.253174;0.445049;0.0;0.0;0.0;0.0;0.0;0.004353
20050;0.038674;0.01105;0.0;0.0;0.049724;0.0;0.0;0.0;0.232044;0.646409;0.0;0.0;0.0;0.0;0.0;0.022099
20051;0.226991;0.051327;0.012832;0.0;0.100221;0.0;0.0;0.0;0.237389;0.365708;0.0;0.0;0.0;0.0;0.0;0.005531
20052;0.142029;0.034783;0.008696;0.0;0.062319;0.0;0.0;0.0;0.285507;0.456522;0.0;0.0;0.0;0.0;0.0;0.010145
20053;0.205967;0.044915;0.015079;0.0;0.119987;0.0;0.0;0.0;0.167469;0.438242;0.0;0.0;0.0;0.0;0.0;0.008341
20054;0.029091;0.003636;0.010909;0.0;0.036364;0.0;0.0;0.0;0.130909;0.781818;0.0;0.0;0.0;0.0;0.0;0.007273
20055;0.225783;0.048658;0.01185;0.0;0.11545;0.0;0.0;0.0;0.220038;0.366999;0.0;0.0;0.0;0.0;0.0;0.011222
20056;0.094214;0.031528;0.002967;0.0;0.072329;0.0;0.0;0.0;0.328635;0.463279;0.0;0.0;0.0;0.0;0.0;0.007047
20057;0.104167;0.006944;0.006944;0.0;0.083333;0.0;0.0;0.0;0.222222;0.576389;0.0;0.0;0.0;0.0;0.0;0.0
20058;0.194861;0.051392;0.014989;0.0;0.102784;0.0;0.0;0.0;0.289079;0.33833;0.0;0.0;0.0;0.0;0.0;0.008565
20059;0.110448;0.025539;0.003814;0.0;0.064179;0.0;0.0;0.0;0.28126;0.510945;0.0;0.0;0.0;0.0;0.0;0.003814
20060;0.0;0.0;0.0;0.0;0.0;0.0;0.0;0.0;0.0;1.0;0.0;0.0;0.0;0.0;0.0;0.0
20061;0.135843;0.034043;0.009493;0.0;0.067103;0.0;0.0;0.0;0.29689;0.450409;0.0;0.0;0.0;0.0;0.0;0.006219
20062;0.09106;0.019868;0.011589;0.0;0.071192;0.0;0.0;0.0;0.350993;0.438742;0.0;0.0;0.0;0.0;0.0;0.016556
20063;0.093882;0.032335;0.009737;0.0;0.081021;0.0;0.0;0.0;0.181701;0.595076;0.0;0.0;0.0;0.0;0.0;0.006247
20064;0.277241;0.06428;0.023386;0.0;0.130259;0.0;0.0;0.0;0.173373;0.318396;0.0;0.0;0.0;0.0;0.0;0.013065
20065;0.241698;0.063146;0.013065;0.0;0.071312;0.0;0.0;0.0;0.220468;0.382689;0.0;0.0;0.0;0.0;0.0;0.007621
20066;0.011194;0.003731;0.0;0.0;0.041045;0.0;0.0;0.0;0.25;0.690299;0.0;0.0;0.0;0.0;0.0;0.003731
20067;0.331331;0.075185;0.021379;0.0;0.137236;0.0;0.0;0.0;0.127666;0.29519;0.0;0.0;0.0;0.0;0.0;0.012013
20068;0.02;0.01;0.01;0.0;0.09;0.0;0.0;0.0;0.35;0.52;0.0;0.0;0.0;0.0;0.0;0.0
20069;0.251584;0.154152;0.027557;0.0;0.121294;0.0;0.0;0.0;0.214341;0.218893;0.0;0.0;0.0;0.0;0.0;0.012178
20070;0.058091;0.006916;0.002766;0.0;0.04426;0.0;0.0;0.0;0.315353;0.571231;0.0;0.0;0.0;0.0;0.0;0.001383
20071;0.167877;0.038842;0.011804;0.0;0.091303;0.0;0.0;0.0;0.276735;0.406174;0.0;0.0;0.0;0.0;0.0;0.007264
20072;0.257029;0.079061;0.023156;0.0;0.111809;0.0;0.0;0.0;0.234535;0.282501;0.0;0.0;0.0;0.0;0.0;0.011909
20073;0.138017;0.041654;0.006839;0.0;0.076158;0.0;0.0;0.0;0.17221;0.548959;0.0;0.0;0.0;0.0;0.0;0.016164
20074;0.161094;0.034448;0.007219;0.0;0.085993;0.0;0.0;0.0;0.263425;0.439843;0.0;0.0;0.0;0.0;0.0;0.007979
20075;0.187819;0.044493;0.0186;0.0;0.063822;0.0;0.0;0.0;0.231218;0.446754;0.0;0.0;0.0;0.0;0.0;0.007294
20076;0.190683;0.047826;0.013251;0.0;0.121118;0.0;0.0;0.0;0.252588;0.36646;0.0;0.0;0.0;0.0;0.0;0.008075
20077;0.257175;0.051546;0.012817;0.0;0.086096;0.0;0.0;0.0;0.273335;0.312622;0.0;0.0;0.0;0.0;0.0;0.006408
20078;0.076261;0.00738;0.00369;0.0;0.04182;0.0;0.0;0.0;0.206642;0.658057;0.0;0.0;0.0;0.0;0.0;0.00615
20079;0.170956;0.066852;0.014298;0.0;0.08571;0.0;0.0;0.0;0.326223;0.330242;0.0;0.0;0.0;0.0;0.0;0.005719
20080;0.351678;0.060761;0.018208;0.0;0.115385;0.0;0.0;0.0;0.193126;0.25225;0.0;0.0;0.0;0.0;0.0;0.008592
20081;0.184855;0.031125;0.00911;0.0;0.08123;0.0;0.0;0.0;0.262099;0.424938;0.0;0.0;0.0;0.0;0.0;0.006643
20901;0.164369;0.041357;0.019088;0.0;0.123012;0.0;0.0;0.0;0.294804;0.344645;0.0;0.0;0.0;0.0;0.0;0.012725
20902;0.366496;0.103753;0.031243;0.0;0.117616;0.0;0.0;0.0;0.139049;0.229793;0.0;0.0;0.0;0.0;0.0;0.012049
20903;0.194094;0.061745;0.020671;0.0;0.131007;0.0;0.0;0.0;0.202148;0.379329;0.0;0.0;0.0;0.0;0.0;0.011007
20904;0.0;0.015625;0.0;0.0;0.046875;0.0;0.0;0.0;0.15625;0.765625;0.0;0.0;0.0;0.0;0.0;0.015625
20905;0.009009;0.0;0.0;0.0;0.036036;0.0;0.0;0.0;0.252252;0.702703;0.0;0.0;0.0;0.0;0.0;0.0
20906;0.097826;0.0;0.0;0.0;0.086957;0.0;0.0;0.0;0.26087;0.554348;0.0;0.0;0.0;0.0;0.0;0.0
20907;0.046512;0.023256;0.0;0.0;0.116279;0.0;0.0;0.0;0.244186;0.55814;0.0;0.0;0.0;0.0;0.0;0.011628
21001;0.45045;0.261261;0.11036;0.0;0.157658;0.0;0.0;0.0;0.0;0.0;0.0;0.0;0.0;0.0;0.0;0.02027
21002;0.27965;0.385092;0.177859;0.0;0.139231;0.0;0.0;0.0;0.0;0.0;0.0;0.0;0.0;0.0;0.0;0.018168
21003;0.703226;0.08172;0.058065;0.0;0.152688;0.0;0.0;0.0;0.0;0.0;0.0;0.0;0.0;0.0;0.0;0.004301
21004;0.45674;0.258551;0.119718;0.0;0.15493;0.0;0.0;0.0;0.0;0.0;0.0;0.0;0.0;0.0;0.0;0.01006
21005;0.326036;0.333977;0.22419;0.0;0.103563;0.0;0.0;0.0;0.0;0.0;0.0;0.0;0.0;0.0;0.0;0.012234
21006;0.487582;0.268626;0.103396;0.0;0.126711;0.0;0.0;0.0;0.0;0.0;0.0;0.0;0.0;0.0;0.0;0.013685
21007;0.398625;0.322108;0.105155;0.0;0.162199;0.0;0.0;0.0;0.0;0.0;0.0;0.0;0.0;0.0;0.0;0.011913
21008;0.47375;0.345;0.08125;0.0;0.071875;0.0;0.0;0.0;0.0;0.0;0.0;0.0;0.0;0.0;0.0;0.028125
21009;0.487941;0.237477;0.102041;0.0;0.157699;0.0;0.0;0.0;0.0;0.0;0.0;0.0;0.0;0.0;0.0;0.014842
21010;0.335478;0.386284;0.151875;0.0;0.113825;0.0;0.0;0.0;0.0;0.0;0.0;0.0;0.0;0.0;0.0;0.012538
21011;0.467846;0.347432;0.104877;0.0;0.072508;0.0;0.0;0.0;0.0;0.0;0.0;0.0;0.0;0.0;0.0;0.007337
21012;0.399061;0.338028;0.028169;0.0;0.225352;0.0;0.0;0.0;0.0;0.0;0.0;0.0;0.0;0.0;0.0;0.00939
21013;0.394366;0.329206;0.149512;0.0;0.111128;0.0;0.0;0.0;0.0;0.0;0.0;0.0;0.0;0.0;0.0;0.015787
21014;0.44581;0.396345;0.068998;0.0;0.080025;0.0;0.0;0.0;0.0;0.0;0.0;0.0;0.0;0.0;0.0;0.008822
21015;0.518106;0.200557;0.169916;0.0;0.08078;0.0;0.0;0.0;0.0;0.0;0.0;0.0;0.0;0.0;0.0;0.030641
21016;0.629944;0.220339;0.079096;0.0;0.062147;0.0;0.0;0.0;0.0;0.0;0.0;0.0;0.0;0.0;0.0;0.008475
21017;0.453324;0.365346;0.113499;0.0;0.0591;0.0;0.0;0.0;0.0;0.0;0.0;0.0;0.0;0.0;0.0;0.008731
21018;0.550978;0.264676;0.060762;0.0;0.114315;0.0;0.0;0.0;0.0;0.0;0.0;0.0;0.0;0.0;0.0;0.009269
21019;0.505155;0.255155;0.118557;0.0;0.113402;0.0;0.0;0.0;0.0;0.0;0.0;0.0;0.0;0.0;0.0;0.007732
21020;0.511962;0.325359;0.105263;0.0;0.052632;0.0;0.0;0.0;0.0;0.0;0.0;0.0;0.0;0.0;0.0;0.004785
21021;0.254528;0.403063;0.24529;0.0;0.084843;0.0;0.0;0.0;0.0;0.0;0.0;0.0;0.0;0.0;0.0;0.012277
21022;0.373016;0.301587;0.119048;0.0;0.206349;0.0;0.0;0.0;0.0;0.0;0.0;0.0;0.0;0.0;0.0;0.0
21023;0.45684;0.330619;0.072476;0.0;0.12785;0.0;0.0;0.0;0.0;0.0;0.0;0.0;0.0;0.0;0.0;0.012215
21024;0.48048;0.24024;0.063063;0.0;0.15015;0.0;0.0;0.0;0.0;0.0;0.0;0.0;0.0;0.0;0.0;0.066066
21025;0.36223;0.393976;0.111518;0.0;0.118844;0.0;0.0;0.0;0.0;0.0;0.0;0.0;0.0;0.0;0.0;0.013431
21026;0.517647;0.235294;0.052941;0.0;0.164706;0.0;0.0;0.0;0.0;0.0;0.0;0.0;0.0;0.0;0.0;0.029412
21027;0.222222;0.444444;0.266667;0.0;0.066667;0.0;0.0;0.0;0.0;0.0;0.0;0.0;0.0;0.0;0.0;0.0
21028;0.504202;0.382353;0.063025;0.0;0.037815;0.0;0.0;0.0;0.0;0.0;0.0;0.0;0.0;0.0;0.0;0.012605
21029;0.404382;0.410359;0.082669;0.0;0.088645;0.0;0.0;0.0;0.0;0.0;0.0;0.0;0.0;0.0;0.0;0.013944
21030;0.463668;0.343253;0.150173;0.0;0.038062;0.0;0.0;0.0;0.0;0.0;0.0;0.0;0.0;0.0;0.0;0.004844
21031;0.491071;0.327806;0.103316;0.0;0.070153;0.0;0.0;0.0;0.0;0.0;0.0;0.0;0.0;0.0;0.0;0.007653
21032;0.526149;0.252773;0.093502;0.0;0.126783;0.0;0.0;0.0;0.0;0.0;0.0;0.0;0.0;0.0;0.0;0.000792
21033;0.419426;0.200883;0.055188;0.0;0.273731;0.0;0.0;0.0;0.0;0.0;0.0;0.0;0.0;0.0;0.0;0.050773
21034;0.408083;0.346806;0.121252;0.0;0.102999;0.0;0.0;0.0;0.0;0.0;0.0;0.0;0.0;0.0;0.0;0.02086
21035;0.43144;0.363891;0.104903;0.0;0.08856;0.0;0.0;0.0;0.0;0.0;0.0;0.0;0.0;0.0;0.0;0.011206
21036;0.477477;0.351351;0.144144;0.0;0.027027;0.0;0.0;0.0;0.0;0.0;0.0;0.0;0.0;0.0;0.0;0.0
21037;0.611111;0.212963;0.07716;0.0;0.08642;0.0;0.0;0.0;0.0;0.0;0.0;0.0;0.0;0.0;0.0;0.012346
21038;0.331499;0.471802;0.09216;0.0;0.09216;0.0;0.0;0.0;0.0;0.0;0.0;0.0;0.0;0.0;0.0;0.01238
21039;0.519608;0.240196;0.093137;0.0;0.147059;0.0;0.0;0.0;0.0;0.0;0.0;0.0;0.0;0.0;0.0;0.0
21040;0.384651;0.369677;0.144127;0.0;0.083294;0.0;0.0;0.0;0.0;0.0;0.0;0.0;0.0;0.0;0.0;0.01825
21041;0.343358;0.365934;0.142843;0.0;0.123463;0.0;0.0;0.0;0.0;0.0;0.0;0.0;0.0;0.0;0.0;0.024401
21042;0.31515;0.381497;0.191566;0.0;0.098353;0.0;0.0;0.0;0.0;0.0;0.0;0.0;0.0;0.0;0.0;0.013433
21043;0.504981;0.245211;0.131034;0.0;0.100383;0.0;0.0;0.0;0.0;0.0;0.0;0.0;0.0;0.0;0.0;0.018391
21044;0.246119;0.48915;0.200217;0.0;0.051661;0.0;0.0;0.0;0.0;0.0;0.0;0.0;0.0;0.0;0.0;0.012853
21045;0.481481;0.259259;0.04321;0.0;0.197531;0.0;0.0;0.0;0.0;0.0;0.0;0.0;0.0;0.0;0.0;0.018519
21046;0.181165;0.616121;0.168396;0.0;0.029529;0.0;0.0;0.0;0.0;0.0;0.0;0.0;0.0;0.0;0.0;0.004789
21047;0.333622;0.401213;0.110919;0.0;0.149913;0.0;0.0;0.0;0.0;0.0;0.0;0.0;0.0;0.0;0.0;0.004333
21048;0.456621;0.251142;0.150685;0.0;0.114155;0.0;0.0;0.0;0.0;0.0;0.0;0.0;0.0;0.0;0.0;0.027397
21049;0.515531;0.229973;0.075204;0.0;0.167847;0.0;0.0;0.0;0.0;0.0;0.0;0.0;0.0;0.0;0.0;0.011444
21050;0.318568;0.415194;0.194515;0.0;0.061281;0.0;0.0;0.0;0.0;0.0;0.0;0.0;0.0;0.0;0.0;0.010443
21051;0.478495;0.301075;0.123656;0.0;0.069892;0.0;0.0;0.0;0.0;0.0;0.0;0.0;0.0;0.0;0.0;0.026882
21052;0.515876;0.196394;0.088593;0.0;0.182281;0.0;0.0;0.0;0.0;0.0;0.0;0.0;0.0;0.0;0.0;0.016856
21053;0.3087;0.491581;0.123948;0.0;0.065482;0.0;0.0;0.0;0.0;0.0;0.0;0.0;0.0;0.0;0.0;0.01029
21054;0.276205;0.481132;0.176799;0.0;0.049616;0.0;0.0;0.0;0.0;0.0;0.0;0.0;0.0;0.0;0.0;0.016247
21055;0.227918;0.493969;0.20415;0.0;0.060128;0.0;0.0;0.0;0.0;0.0;0.0;0.0;0.0;0.0;0.0;0.013835
21056;0.502272;0.267542;0.095406;0.0;0.12418;0.0;0.0;0.0;0.0;0.0;0.0;0.0;0.0;0.0;0.0;0.010601
21057;0.559671;0.253086;0.076132;0.0;0.053498;0.0;0.0;0.0;0.0;0.0;0.0;0.0;0.0;0.0;0.0;0.057613
21058;0.544977;0.285047;0.084696;0.0;0.077687;0.0;0.0;0.0;0.0;0.0;0.0;0.0;0.0;0.0;0.0;0.007593
21059;0.639241;0.196203;0.044304;0.0;0.107595;0.0;0.0;0.0;0.0;0.0;0.0;0.0;0.0;0.0;0.0;0.012658
21060;0.286202;0.404803;0.179547;0.0;0.105071;0.0;0.0;0.0;0.0;0.0;0.0;0.0;0.0;0.0;0.0;0.024378
21061;0.328091;0.424915;0.190256;0.0;0.044403;0.0;0.0;0.0;0.0;0.0;0.0;0.0;0.0;0.0;0.0;0.012334
21062;0.315116;0.440698;0.210465;0.0;0.02907;0.0;0.0;0.0;0.0;0.0;0.0;0.0;0.0;0.0;0.0;0.004651
21063;0.619565;0.215839;0.09265;0.0;0.064182;0.0;0.0;0.0;0.0;0.0;0.0;0.0;0.0;0.0;0.0;0.007764
21064;0.43441;0.288728;0.158866;0.0;0.104592;0.0;0.0;0.0;0.0;0.0;0.0;0.0;0.0;0.0;0.0;0.013404
21065;0.231884;0.555556;0.125604;0.0;0.082126;0.0;0.0;0.0;0.0;0.0;0.0;0.0;0.0;0.0;0.0;0.004831
21066;0.643735;0.226044;0.054054;0.0;0.066339;0.0;0.0;0.0;0.0;0.0;0.0;0.0;0.0;0.0;0.0;0.009828
21067;0.590909;0.149351;0.087662;0.0;0.155844;0.0;0.0;0.0;0.0;0.0;0.0;0.0;0.0;0.0;0.0;0.016234
21068;0.46714;0.271758;0.191829;0.0;0.049734;0.0;0.0;0.0;0.0;0.0;0.0;0.0;0.0;0.0;0.0;0.019538
21069;0.512411;0.317376;0.114362;0.0;0.046986;0.0;0.0;0.0;0.0;0.0;0.0;0.0;0.0;0.0;0.0;0.008865
21070;0.445406;0.315536;0.091871;0.0;0.133959;0.0;0.0;0.0;0.0;0.0;0.0;0.0;0.0;0.0;0.0;0.013228
21071;0.386667;0.34;0.126667;0.0;0.1;0.0;0.0;0.0;0.0;0.0;0.0;0.0;0.0;0.0;0.0;0.046667
21072;0.480549;0.319899;0.076406;0.0;0.115169;0.0;0.0;0.0;0.0;0.0;0.0;0.0;0.0;0.0;0.0;0.007976
21073;0.317095;0.444641;0.153233;0.0;0.077945;0.0;0.0;0.0;0.0;0.0;0.0;0.0;0.0;0.0;0.0;0.007086
21074;0.389979;0.44938;0.105888;0.0;0.05062;0.0;0.0;0.0;0.0;0.0;0.0;0.0;0.0;0.0;0.0;0.004132
21075;0.46281;0.433884;0.070248;0.0;0.033058;0.0;0.0;0.0;0.0;0.0;0.0;0.0;0.0;0.0;0.0;0.0
21076;0.507692;0.269565;0.049498;0.0;0.167224;0.0;0.0;0.0;0.0;0.0;0.0;0.0;0.0;0.0;0.0;0.00602
21077;0.407874;0.394488;0.13622;0.0;0.058268;0.0;0.0;0.0;0.0;0.0;0.0;0.0;0.0;0.0;0.0;0.00315
21078;0.492072;0.241789;0.065119;0.0;0.191393;0.0;0.0;0.0;0.0;0.0;0.0;0.0;0.0;0.0;0.0;0.009626
21079;0.517007;0.297052;0.06576;0.0;0.115646;0.0;0.0;0.0;0.0;0.0;0.0;0.0;0.0;0.0;0.0;0.004535
21902;0.618056;0.161111;0.070833;0.0;0.136111;0.0;0.0;0.0;0.0;0.0;0.0;0.0;0.0;0.0;0.0;0.013889
22001;0.204545;0.517045;0.153409;0.0;0.079545;0.0;0.0;0.0;0.0;0.0;0.0;0.0;0.0;0.0;0.028409;0.017045
22002;0.247191;0.449438;0.101124;0.0;0.078652;0.0;0.0;0.0;0.0;0.0;0.0;0.0;0.0;0.0;0.0;0.123596
22003;0.18797;0.511278;0.097744;0.0;0.165414;0.0;0.0;0.0;0.0;0.0;0.0;0.0;0.0;0.0;0.007519;0.030075
22004;0.263158;0.326316;0.168421;0.0;0.178947;0.0;0.0;0.0;0.0;0.0;0.0;0.0;0.0;0.0;0.042105;0.021053
22006;0.375;0.260417;0.104167;0.0;0.208333;0.0;0.0;0.0;0.0;0.0;0.0;0.0;0.0;0.0;0.036458;0.015625
22007;0.353383;0.43609;0.133459;0.0;0.06391;0.0;0.0;0.0;0.0;0.0;0.0;0.0;0.0;0.0;0.005639;0.007519
22008;0.285714;0.457143;0.085714;0.0;0.095238;0.0;0.0;0.0;0.0;0.0;0.0;0.0;0.0;0.0;0.047619;0.028571
22009;0.431762;0.265509;0.101737;0.0;0.124069;0.0;0.0;0.0;0.0;0.0;0.0;0.0;0.0;0.0;0.009926;0.066998
22011;0.315789;0.473684;0.105263;0.0;0.078947;0.0;0.0;0.0;0.0;0.0;0.0;0.0;0.0;0.0;0.0;0.026316
22012;0.246575;0.506849;0.164384;0.0;0.054795;0.0;0.0;0.0;0.0;0.0;0.0;0.0;0.0;0.0;0.013699;0.013699
22013;0.402778;0.388889;0.152778;0.0;0.046296;0.0;0.0;0.0;0.0;0.0;0.0;0.0;0.0;0.0;0.0;0.009259
22014;0.378698;0.408284;0.071006;0.0;0.106509;0.0;0.0;0.0;0.0;0.0;0.0;0.0;0.0;0.0;0.023669;0.011834
22015;0.317647;0.431373;0.137255;0.0;0.078431;0.0;0.0;0.0;0.0;0.0;0.0;0.0;0.0;0.0;0.019608;0.015686
22016;0.450363;0.343826;0.099274;0.0;0.094431;0.0;0.0;0.0;0.0;0.0;0.0;0.0;0.0;0.0;0.0;0.012107
22017;0.402889;0.365971;0.154093;0.0;0.0626;0.0;0.0;0.0;0.0;0.0;0.0;0.0;0.0;0.0;0.006421;0.008026
22018;0.418699;0.398374;0.121951;0.0;0.04878;0.0;0.0;0.0;0.0;0.0;0.0;0.0;0.0;0.0;0.0;0.012195
22019;0.377483;0.350993;0.07947;0.0;0.139073;0.0;0.0;0.0;0.0;0.0;0.0;0.0;0.0;0.0;0.033113;0.019868
22020;0.320513;0.397436;0.205128;0.0;0.064103;0.0;0.0;0.0;0.0;0.0;0.0;0.0;0.0;0.0;0.0;0.012821
22021;0.415929;0.346608;0.135693;0.0;0.076696;0.0;0.0;0.0;0.0;0.0;0.0;0.0;0.0;0.0;0.007375;0.017699
22022;0.347727;0.397727;0.134091;0.0;0.093182;0.0;0.0;0.0;0.0;0.0;0.0;0.0;0.0;0.0;0.011364;0.015909
22023;0.423729;0.379661;0.155932;0.0;0.030508;0.0;0.0;0.0;0.0;0.0;0.0;0.0;0.0;0.0;0.00678;0.00339
22024;0.463687;0.251397;0.067039;0.0;0.178771;0.0;0.0;0.0;0.0;0.0;0.0;0.0;0.0;0.0;0.01676;0.022346
22025;0.373913;0.426087;0.095652;0.0;0.076812;0.0;0.0;0.0;0.0;0.0;0.0;0.0;0.0;0.0;0.008696;0.018841
22027;0.291667;0.365741;0.194444;0.0;0.12963;0.0;0.0;0.0;0.0;0.0;0.0;0.0;0.0;0.0;0.0;0.018519
22028;0.353791;0.350181;0.108303;0.0;0.169675;0.0;0.0;0.0;0.0;0.0;0.0;0.0;0.0;0.0;0.00361;0.01444
22029;0.295918;0.469388;0.183673;0.0;0.040816;0.0;0.0;0.0;0.0;0.0;0.0;0.0;0.0;0.0;0.0;0.010204
22032;0.3125;0.225;0.2;0.0;0.2;0.0;0.0;0.0;0.0;0.0;0.0;0.0;0.0;0.0;0.05;0.0125
22035;0.534247;0.226027;0.116438;0.0;0.10274;0.0;0.0;0.0;0.0;0.0;0.0;0.0;0.0;0.0;0.006849;0.013699
22036;0.16;0.52;0.253333;0.0;0.053333;0.0;0.0;0.0;0.0;0.0;0.0;0.0;0.0;0.0;0.0;0.013333
22037;0.165217;0.426087;0.078261;0.0;0.269565;0.0;0.0;0.0;0.0;0.0;0.0;0.0;0.0;0.0;0.043478;0.017391
22039;0.353204;0.356185;0.090909;0.0;0.177347;0.0;0.0;0.0;0.0;0.0;0.0;0.0;0.0;0.0;0.008942;0.013413
22040;0.304348;0.452174;0.052174;0.0;0.147826;0.0;0.0;0.0;0.0;0.0;0.0;0.0;0.0;0.0;0.026087;0.017391
22041;0.292453;0.424528;0.198113;0.0;0.037736;0.0;0.0;0.0;0.0;0.0;0.0;0.0;0.0;0.0;0.009434;0.037736
22042;0.207547;0.556604;0.075472;0.0;0.150943;0.0;0.0;0.0;0.0;0.0;0.0;0.0;0.0;0.0;0.0;0.009434
22043;0.3;0.333333;0.15;0.0;0.116667;0.0;0.0;0.0;0.0;0.0;0.0;0.0;0.0;0.0;0.0;0.1
22044;0.392265;0.243094;0.110497;0.0;0.176796;0.0;0.0;0.0;0.0;0.0;0.0;0.0;0.0;0.0;0.071823;0.005525
22045;0.40678;0.271186;0.033898;0.0;0.118644;0.0;0.0;0.0;0.0;0.0;0.0;0.0;0.0;0.0;0.033898;0.135593
22046;0.410546;0.376648;0.124294;0.0;0.06968;0.0;0.0;0.0;0.0;0.0;0.0;0.0;0.0;0.0;0.00565;0.013183
22047;0.252174;0.526087;0.1;0.0;0.108696;0.0;0.0;0.0;0.0;0.0;0.0;0.0;0.0;0.0;0.0;0.013043
22048;0.322917;0.417459;0.135756;0.0;0.091486;0.0;0.0;0.0;0.0;0.0;0.0;0.0;0.0;0.0;0.012228;0.020154
22049;0.185714;0.557143;0.228571;0.0;0.028571;0.0;0.0;0.0;0.0;0.0;0.0;0.0;0.0;0.0;0.0;0.0
22050;0.337662;0.428571;0.155844;0.0;0.038961;0.0;0.0;0.0;0.0;0.0;0.0;0.0;0.0;0.0;0.012987;0.025974
22051;0.351351;0.405405;0.081081;0.0;0.135135;0.0;0.0;0.0;0.0;0.0;0.0;0.0;0.0;0.0;0.013514;0.013514
22052;0.402077;0.363501;0.132047;0.0;0.075668;0.0;0.0;0.0;0.0;0.0;0.0;0.0;0.0;0.0;0.008902;0.017804
22053;0.453686;0.323251;0.092628;0.0;0.10775;0.0;0.0;0.0;0.0;0.0;0.0;0.0;0.0;0.0;0.00189;0.020794
22054;0.28502;0.367611;0.123887;0.0;0.178138;0.0;0.0;0.0;0.0;0.0;0.0;0.0;0.0;0.0;0.015385;0.02996
22055;0.312236;0.464135;0.164557;0.0;0.033755;0.0;0.0;0.0;0.0;0.0;0.0;0.0;0.0;0.0;0.008439;0.016878
22057;0.480702;0.214035;0.101754;0.0;0.147368;0.0;0.0;0.0;0.0;0.0;0.0;0.0;0.0;0.0;0.014035;0.042105
22058;0.388889;0.354167;0.090278;0.0;0.111111;0.0;0.0;0.0;0.0;0.0;0.0;0.0;0.0;0.0;0.006944;0.048611
22059;0.310069;0.322654;0.128146;0.0;0.185355;0.0;0.0;0.0;0.0;0.0;0.0;0.0;0.0;0.0;0.016018;0.037757
22060;0.377404;0.430288;0.075721;0.0;0.084135;0.0;0.0;0.0;0.0;0.0;0.0;0.0;0.0;0.0;0.021635;0.010817
22061;0.331041;0.399379;0.128911;0.0;0.112935;0.0;0.0;0.0;0.0;0.0;0.0;0.0;0.0;0.0;0.009763;0.017972
22062;0.237288;0.516949;0.067797;0.0;0.152542;0.0;0.0;0.0;0.0;0.0;0.0;0.0;0.0;0.0;0.0;0.025424
22063;0.280576;0.352518;0.136691;0.0;0.223022;0.0;0.0;0.0;0.0;0.0;0.0;0.0;0.0;0.0;0.0;0.007194
22064;0.368;0.368;0.16;0.0;0.064;0.0;0.0;0.0;0.0;0.0;0.0;0.0;0.0;0.0;0.032;0.008
22066;0.37585;0.29932;0.076531;0.0;0.187075;0.0;0.0;0.0;0.0;0.0;0.0;0.0;0.0;0.0;0.027211;0.034014
22067;0.574074;0.148148;0.018519;0.0;0.203704;0.0;0.0;0.0;0.0;0.0;0.0;0.0;0.0;0.0;0.0;0.055556
22068;0.262295;0.344262;0.065574;0.0;0.311475;0.0;0.0;0.0;0.0;0.0;0.0;0.0;0.0;0.0;0.0;0.016393
22069;0.301136;0.420455;0.102273;0.0;0.147727;0.0;0.0;0.0;0.0;0.0;0.0;0.0;0.0;0.0;0.005682;0.022727
22072;0.251748;0.27972;0.181818;0.0;0.223776;0.0;0.0;0.0;0.0;0.0;0.0;0.0;0.0;0.0;0.020979;0.041958
22074;0.330612;0.416327;0.053061;0.0;0.155102;0.0;0.0;0.0;0.0;0.0;0.0;0.0;0.0;0.0;0.008163;0.036735
22075;0.532468;0.246753;0.12987;0.0;0.077922;0.0;0.0;0.0;0.0;0.0;0.0;0.0;0.0;0.0;0.0;0.012987
22076;0.364444;0.431111;0.115556;0.0;0.075556;0.0;0.0;0.0;0.0;0.0;0.0;0.0;0.0;0.0;0.008889;0.004444
22077;0.444;0.324;0.148;0.0;0.076;0.0;0.0;0.0;0.0;0.0;0.0;0.0;0.0;0.0;0.0;0.008
22078;0.345714;0.265714;0.114286;0.0;0.231429;0.0;0.0;0.0;0.0;0.0;0.0;0.0;0.0;0.0;0.02;0.022857
22079;0.547619;0.202381;0.178571;0.0;0.047619;0.0;0.0;0.0;0.0;0.0;0.0;0.0;0.0;0.0;0.02381;0.0
22080;0.293785;0.508475;0.112994;0.0;0.079096;0.0;0.0;0.0;0.0;0.0;0.0;0.0;0.0;0.0;0.00565;0.0
22081;0.178404;0.525822;0.183099;0.0;0.089202;0.0;0.0;0.0;0.0;0.0;0.0;0.0;0.0;0.0;0.018779;0.004695
22082;0.221675;0.403941;0.221675;0.0;0.08867;0.0;0.0;0.0;0.0;0.0;0.0;0.0;0.0;0.0;0.039409;0.024631
22083;0.391061;0.421788;0.122905;0.0;0.055866;0.0;0.0;0.0;0.0;0.0;0.0;0.0;0.0;0.0;0.005587;0.002793
22084;0.312896;0.312896;0.097252;0.0;0.232558;0.0;0.0;0.0;0.0;0.0;0.0;0.0;0.0;0.0;0.008457;0.035941
22085;0.457143;0.371429;0.057143;0.0;0.114286;0.0;0.0;0.0;0.0;0.0;0.0;0.0;0.0;0.0;0.0;0.0
22086;0.27673;0.371069;0.188679;0.0;0.138365;0.0;0.0;0.0;0.0;0.0;0.0;0.0;0.0;0.0;0.012579;0.012579
22087;0.155556;0.555556;0.177778;0.0;0.0;0.0;0.0;0.0;0.0;0.0;0.0;0.0;0.0;0.0;0.0;0.111111
22088;0.475728;0.349515;0.067961;0.0;0.087379;0.0;0.0;0.0;0.0;0.0;0.0;0.0;0.0;0.0;0.009709;0.009709
22089;0.368421;0.368421;0.178947;0.0;0.063158;0.0;0.0;0.0;0.0;0.0;0.0;0.0;0.0;0.0;0.005263;0.015789
22090;0.337662;0.363636;0.116883;0.0;0.116883;0.0;0.0;0.0;0.0;0.0;0.0;0.0;0.0;0.0;0.051948;0.012987
22094;0.382716;0.283951;0.160494;0.0;0.111111;0.0;0.0;0.0;0.0;0.0;0.0;0.0;0.0;0.0;0.049383;0.012346
22095;0.508197;0.327869;0.04918;0.0;0.114754;0.0;0.0;0.0;0.0;0.0;0.0;0.0;0.0;0.0;0.0;0.0
22096;0.247012;0.486056;0.139442;0.0;0.103586;0.0;0.0;0.0;0.0;0.0;0.0;0.0;0.0;0.0;0.007968;0.015936
22099;0.420904;0.375706;0.121469;0.0;0.059322;0.0;0.0;0.0;0.0;0.0;0.0;0.0;0.0;0.0;0.011299;0.011299
22102;0.343066;0.386861;0.087591;0.0;0.094891;0.0;0.0;0.0;0.0;0.0;0.0;0.0;0.0;0.0;0.080292;0.007299
22103;0.384929;0.338086;0.130346;0.0;0.09776;0.0;0.0;0.0;0.0;0.0;0.0;0.0;0.0;0.0;0.02444;0.02444
22105;0.422535;0.239437;0.098592;0.0;0.15493;0.0;0.0;0.0;0.0;0.0;0.0;0.0;0.0;0.0;0.0;0.084507
22106;0.333333;0.166667;0.055556;0.0;0.444444;0.0;0.0;0.0;0.0;0.0;0.0;0.0;0.0;0.0;0.0;0.0
22107;0.285714;0.328571;0.128571;0.0;0.185714;0.0;0.0;0.0;0.0;0.0;0.0;0.0;0.0;0.0;0.0;0.071429
22109;0.290909;0.340909;0.177273;0.0;0.168182;0.0;0.0;0.0;0.0;0.0;0.0;0.0;0.0;0.0;0.013636;0.009091
22110;0.358238;0.381226;0.118774;0.0;0.1341;0.0;0.0;0.0;0.0;0.0;0.0;0.0;0.0;0.0;0.003831;0.003831
22111;0.309091;0.454545;0.163636;0.0;0.063636;0.0;0.0;0.0;0.0;0.0;0.0;0.0;0.0;0.0;0.0;0.009091
22112;0.299216;0.43739;0.154006;0.0;0.086838;0.0;0.0;0.0;0.0;0.0;0.0;0.0;0.0;0.0;0.007037;0.015513
22113;0.298667;0.384;0.08;0.0;0.178667;0.0;0.0;0.0;0.0;0.0;0.0;0.0;0.0;0.0;0.034667;0.024
22114;0.25;0.3625;0.075;0.0;0.1;0.0;0.0;0.0;0.0;0.0;0.0;0.0;0.0;0.0;0.175;0.0375
22115;0.270916;0.410359;0.167331;0.0;0.10757;0.0;0.0;0.0;0.0;0.0;0.0;0.0;0.0;0.0;0.011952;0.031873
22116;0.345212;0.461024;0.135857;0.0;0.041203;0.0;0.0;0.0;0.0;0.0;0.0;0.0;0.0;0.0;0.004454;0.012249
22117;0.303991;0.424883;0.110329;0.0;0.123239;0.0;0.0;0.0;0.0;0.0;0.0;0.0;0.0;0.0;0.008803;0.028756
22119;0.361607;0.415179;0.098214;0.0;0.095982;0.0;0.0;0.0;0.0;0.0;0.0;0.0;0.0;0.0;0.011161;0.017857
22122;0.253968;0.349206;0.15873;0.0;0.15873;0.0;0.0;0.0;0.0;0.0;0.0;0.0;0.0;0.0;0.0;0.079365
22124;0.346774;0.379032;0.16129;0.0;0.064516;0.0;0.0;0.0;0.0;0.0;0.0;0.0;0.0;0.0;0.016129;0.032258
22125;0.348446;0.374285;0.125843;0.0;0.120194;0.0;0.0;0.0;0.0;0.0;0.0;0.0;0.0;0.0;0.01086;0.020372
22126;0.197531;0.666667;0.08642;0.0;0.049383;0.0;0.0;0.0;0.0;0.0;0.0;0.0;0.0;0.0;0.0;0.0
22127;0.239295;0.372796;0.206549;0.0;0.163728;0.0;0.0;0.0;0.0;0.0;0.0;0.0;0.0;0.0;0.015113;0.002519
22128;0.30303;0.507576;0.113636;0.0;0.045455;0.0;0.0;0.0;0.0;0.0;0.0;0.0;0.0;0.0;0.007576;0.022727
22129;0.316239;0.461538;0.119658;0.0;0.076923;0.0;0.0;0.0;0.0;0.0;0.0;0.0;0.0;0.0;0.008547;0.017094
22130;0.333569;0.342635;0.142351;0.0;0.152408;0.0;0.0;0.0;0.0;0.0;0.0;0.0;0.0;0.0;0.01034;0.018697
22131;0.414286;0.314286;0.057143;0.0;0.171429;0.0;0.0;0.0;0.0;0.0;0.0;0.0;0.0;0.0;0.042857;0.0
22133;0.355556;0.322222;0.055556;0.0;0.155556;0.0;0.0;0.0;0.0;0.0;0.0;0.0;0.0;0.0;0.066667;0.044444
22135;0.307692;0.430769;0.138462;0.0;0.084615;0.0;0.0;0.0;0.0;0.0;0.0;0.0;0.0;0.0;0.030769;0.007692
22136;0.35368;0.420108;0.096948;0.0;0.098743;0.0;0.0;0.0;0.0;0.0;0.0;0.0;0.0;0.0;0.012567;0.017953
22137;0.394548;0.352941;0.124821;0.0;0.087518;0.0;0.0;0.0;0.0;0.0;0.0;0.0;0.0;0.0;0.012912;0.02726
22139;0.140351;0.54386;0.140351;0.0;0.140351;0.0;0.0;0.0;0.0;0.0;0.0;0.0;0.0;0.0;0.035088;0.0
22141;0.29;0.4;0.15;0.0;0.11;0.0;0.0;0.0;0.0;0.0;0.0;0.0;0.0;0.0;0.0;0.05
22142;0.22619;0.547619;0.047619;0.0;0.142857;0.0;0.0;0.0;0.0;0.0;0.0;0.0;0.0;0.0;0.011905;0.02381
22143;0.264706;0.5;0.073529;0.0;0.161765;0.0;0.0;0.0;0.0;0.0;0.0;0.0;0.0;0.0;0.0;0.0
22144;0.410256;0.410256;0.066667;0.0;0.092308;0.0;0.0;0.0;0.0;0.0;0.0;0.0;0.0;0.0;0.010256;0.010256
22149;0.358333;0.408333;0.1125;0.0;0.083333;0.0;0.0;0.0;0.0;0.0;0.0;0.0;0.0;0.0;0.025;0.0125
22150;0.325521;0.380208;0.09375;0.0;0.179688;0.0;0.0;0.0;0.0;0.0;0.0;0.0;0.0;0.0;0.007812;0.013021
22151;0.196721;0.377049;0.278689;0.0;0.147541;0.0;0.0;0.0;0.0;0.0;0.0;0.0;0.0;0.0;0.0;0.0
22155;0.181818;0.681818;0.068182;0.0;0.068182;0.0;0.0;0.0;0.0;0.0;0.0;0.0;0.0;0.0;0.0;0.0
22156;0.309963;0.380074;0.132841;0.0;0.125461;0.0;0.0;0.0;0.0;0.0;0.0;0.0;0.0;0.0;0.02952;0.02214
22157;0.483444;0.238411;0.099338;0.0;0.125828;0.0;0.0;0.0;0.0;0.0;0.0;0.0;0.0;0.0;0.019868;0.033113
22158;0.327628;0.384719;0.147555;0.0;0.113325;0.0;0.0;0.0;0.0;0.0;0.0;0.0;0.0;0.0;0.008313;0.01846
22160;0.335329;0.347305;0.131737;0.0;0.161677;0.0;0.0;0.0;0.0;0.0;0.0;0.0;0.0;0.0;0.017964;0.005988
22162;0.272727;0.505051;0.151515;0.0;0.050505;0.0;0.0;0.0;0.0;0.0;0.0;0.0;0.0;0.0;0.0;0.020202
22163;0.255937;0.416887;0.184697;0.0;0.113456;0.0;0.0;0.0;0.0;0.0;0.0;0.0;0.0;0.0;0.013193;0.015831
22164;0.146341;0.536585;0.170732;0.0;0.121951;0.0;0.0;0.0;0.0;0.0;0.0;0.0;0.0;0.0;0.02439;0.0
22165;0.29052;0.495413;0.103976;0.0;0.076453;0.0;0.0;0.0;0.0;0.0;0.0;0.0;0.0;0.0;0.0;0.033639
22167;0.322086;0.493865;0.101227;0.0;0.070552;0.0;0.0;0.0;0.0;0.0;0.0;0.0;0.0;0.0;0.006135;0.006135
22168;0.55;0.4;0.0;0.0;0.0;0.0;0.0;0.0;0.0;0.0;0.0;0.0;0.0;0.0;0.05;0.0
22170;0.260952;0.380952;0.12;0.0;0.180952;0.0;0.0;0.0;0.0;0.0;0.0;0.0;0.0;0.0;0.009524;0.047619
22172;0.258856;0.52861;0.114441;0.0;0.065395;0.0;0.0;0.0;0.0;0.0;0.0;0.0;0.0;0.0;0.008174;0.024523
22173;0.35;0.225;0.10625;0.0;0.2875;0.0;0.0;0.0;0.0;0.0;0.0;0.0;0.0;0.0;0.03125;0.0
22174;0.354839;0.448925;0.129032;0.0;0.051075;0.0;0.0;0.0;0.0;0.0;0.0;0.0;0.0;0.0;0.010753;0.005376
22175;0.401709;0.299145;0.196581;0.0;0.08547;0.0;0.0;0.0;0.0;0.0;0.0;0.0;0.0;0.0;0.0;0.017094
22176;0.183099;0.514085;0.21831;0.0;0.084507;0.0;0.0;0.0;0.0;0.0;0.0;0.0;0.0;0.0;0.0;0.0
22177;0.305556;0.375;0.111111;0.0;0.083333;0.0;0.0;0.0;0.0;0.0;0.0;0.0;0.0;0.0;0.027778;0.097222
22178;0.189474;0.515789;0.273684;0.0;0.010526;0.0;0.0;0.0;0.0;0.0;0.0;0.0;0.0;0.0;0.0;0.010526
22181;0.369565;0.478261;0.043478;0.0;0.086957;0.0;0.0;0.0;0.0;0.0;0.0;0.0;0.0;0.0;0.021739;0.0
22182;0.459302;0.273256;0.052326;0.0;0.180233;0.0;0.0;0.0;0.0;0.0;0.0;0.0;0.0;0.0;0.011628;0.023256
22184;0.280576;0.489209;0.165468;0.0;0.028777;0.0;0.0;0.0;0.0;0.0;0.0;0.0;0.0;0.0;0.0;0.035971
22186;0.414286;0.378571;0.064286;0.0;0.1;0.0;0.0;0.0;0.0;0.0;0.0;0.0;0.0;0.0;0.028571;0.014286
22187;0.325;0.304167;0.108333;0.0;0.216667;0.0;0.0;0.0;0.0;0.0;0.0;0.0;0.0;0.0;0.008333;0.0375
22188;0.591837;0.183673;0.081633;0.0;0.142857;0.0;0.0;0.0;0.0;0.0;0.0;0.0;0.0;0.0;0.0;0.0
22189;0.412903;0.387097;0.090323;0.0;0.077419;0.0;0.0;0.0;0.0;0.0;0.0;0.0;0.0;0.0;0.012903;0.019355
22190;0.378947;0.410526;0.063158;0.0;0.115789;0.0;0.0;0.0;0.0;0.0;0.0;0.0;0.0;0.0;0.0;0.031579
22193;0.331658;0.457286;0.115578;0.0;0.060302;0.0;0.0;0.0;0.0;0.0;0.0;0.0;0.0;0.0;0.005025;0.030151
22195;0.267677;0.419192;0.181818;0.0;0.116162;0.0;0.0;0.0;0.0;0.0;0.0;0.0;0.0;0.0;0.0;0.015152
22197;0.318452;0.494048;0.107143;0.0;0.065476;0.0;0.0;0.0;0.0;0.0;0.0;0.0;0.0;0.0;0.008929;0.005952
22199;0.387489;0.347307;0.086881;0.0;0.141399;0.0;0.0;0.0;0.0;0.0;0.0;0.0;0.0;0.0;0.017159;0.019765
22200;0.324022;0.430168;0.044693;0.0;0.189944;0.0;0.0;0.0;0.0;0.0;0.0;0.0;0.0;0.0;0.0;0.011173
22201;0.511364;0.301136;0.068182;0.0;0.102273;0.0;0.0;0.0;0.0;0.0;0.0;0.0;0.0;0.0;0.011364;0.005682
22202;0.267857;0.446429;0.0625;0.0;0.205357;0.0;0.0;0.0;0.0;0.0;0.0;0.0;0.0;0.0;0.0;0.017857
22203;0.344828;0.551724;0.068966;0.0;0.0;0.0;0.0;0.0;0.0;0.0;0.0;0.0;0.0;0.0;0.0;0.034483
22204;0.24345;0.468341;0.122271;0.0;0.127729;0.0;0.0;0.0;0.0;0.0;0.0;0.0;0.0;0.0;0.015284;0.022926
22205;0.522152;0.256329;0.151899;0.0;0.056962;0.0;0.0;0.0;0.0;0.0;0.0;0.0;0.0;0.0;0.003165;0.009494
22206;0.460938;0.257812;0.15625;0.0;0.085938;0.0;0.0;0.0;0.0;0.0;0.0;0.0;0.0;0.0;0.023438;0.015625
22207;0.361446;0.253012;0.13253;0.0;0.204819;0.0;0.0;0.0;0.0;0.0;0.0;0.0;0.0;0.0;0.0;0.048193
22208;0.254658;0.322981;0.10559;0.0;0.285714;0.0;0.0;0.0;0.0;0.0;0.0;0.0;0.0;0.0;0.018634;0.012422
22209;0.373984;0.276423;0.097561;0.0;0.235772;0.0;0.0;0.0;0.0;0.0;0.0;0.0;0.0;0.0;0.0;0.01626
22212;0.482143;0.267857;0.071429;0.0;0.160714;0.0;0.0;0.0;0.0;0.0;0.0;0.0;0.0;0.0;0.017857;0.0
22213;0.350586;0.370605;0.146973;0.0;0.108398;0.0;0.0;0.0;0.0;0.0;0.0;0.0;0.0;0.0;0.007324;0.016113
22214;0.166667;0.480392;0.235294;0.0;0.107843;0.0;0.0;0.0;0.0;0.0;0.0;0.0;0.0;0.0;0.0;0.009804
22215;0.404494;0.359551;0.101124;0.0;0.078652;0.0;0.0;0.0;0.0;0.0;0.0;0.0;0.0;0.0;0.0;0.05618
22217;0.299625;0.434457;0.183521;0.0;0.06367;0.0;0.0;0.0;0.0;0.0;0.0;0.0;0.0;0.0;0.007491;0.011236
22218;0.432432;0.324324;0.162162;0.0;0.081081;0.0;0.0;0.0;0.0;0.0;0.0;0.0;0.0;0.0;0.0;0.0
22220;0.352941;0.369748;0.117647;0.0;0.10084;0.0;0.0;0.0;0.0;0.0;0.0;0.0;0.0;0.0;0.0;0.058824
22221;0.303571;0.267857;0.125;0.0;0.25;0.0;0.0;0.0;0.0;0.0;0.0;0.0;0.0;0.0;0.017857;0.035714
22222;0.32304;0.344418;0.187648;0.0;0.128266;0.0;0.0;0.0;0.0;0.0;0.0;0.0;0.0;0.0;0.002375;0.014252
22223;0.52381;0.15873;0.047619;0.0;0.222222;0.0;0.0;0.0;0.0;0.0;0.0;0.0;0.0;0.0;0.0;0.047619
22225;0.301297;0.455189;0.135024;0.0;0.087264;0.0;0.0;0.0;0.0;0.0;0.0;0.0;0.0;0.0;0.004717;0.016509
22226;0.382298;0.380414;0.122411;0.0;0.084746;0.0;0.0;0.0;0.0;0.0;0.0;0.0;0.0;0.0;0.00565;0.024482
22227;0.40411;0.260274;0.109589;0.0;0.109589;0.0;0.0;0.0;0.0;0.0;0.0;0.0;0.0;0.0;0.006849;0.109589
22228;0.256293;0.478261;0.128146;0.0;0.100686;0.0;0.0;0.0;0.0;0.0;0.0;0.0;0.0;0.0;0.020595;0.016018
22229;0.239437;0.309859;0.126761;0.0;0.309859;0.0;0.0;0.0;0.0;0.0;0.0;0.0;0.0;0.0;0.014085;0.0
22230;0.352941;0.403361;0.105042;0.0;0.105042;0.0;0.0;0.0;0.0;0.0;0.0;0.0;0.0;0.0;0.012605;0.021008
22232;0.350877;0.526316;0.017544;0.0;0.087719;0.0;0.0;0.0;0.0;0.0;0.0;0.0;0.0;0.0;0.0;0.017544
22233;0.372549;0.45098;0.058824;0.0;0.078431;0.0;0.0;0.0;0.0;0.0;0.0;0.0;0.0;0.0;0.0;0.039216
22234;0.311609;0.462322;0.167006;0.0;0.044807;0.0;0.0;0.0;0.0;0.0;0.0;0.0;0.0;0.0;0.00611;0.008147
22235;0.360656;0.47541;0.098361;0.0;0.04918;0.0;0.0;0.0;0.0;0.0;0.0;0.0;0.0;0.0;0.016393;0.0
22236;0.380952;0.417989;0.132275;0.0;0.05291;0.0;0.0;0.0;0.0;0.0;0.0;0.0;0.0;0.0;0.005291;0.010582
22239;0.169014;0.521127;0.239437;0.0;0.070423;0.0;0.0;0.0;0.0;0.0;0.0;0.0;0.0;0.0;0.0;0.0
22242;0.119048;0.666667;0.166667;0.0;0.02381;0.0;0.0;0.0;0.0;0.0;0.0;0.0;0.0;0.0;0.02381;0.0
22243;0.28125;0.53125;0.0;0.0;0.125;0.0;0.0;0.0;0.0;0.0;0.0;0.0;0.0;0.0;0.03125;0.03125
22244;0.333333;0.5;0.083333;0.0;0.027778;0.0;0.0;0.0;0.0;0.0;0.0;0.0;0.0;0.0;0.0;0.055556
22245;0.237069;0.577586;0.103448;0.0;0.060345;0.0;0.0;0.0;0.0;0.0;0.0;0.0;0.0;0.0;0.008621;0.012931
22246;0.311111;0.555556;0.022222;0.0;0.088889;0.0;0.0;0.0;0.0;0.0;0.0;0.0;0.0;0.0;0.022222;0.0
22247;0.6;0.2;0.04;0.0;0.16;0.0;0.0;0.0;0.0;0.0;0.0;0.0;0.0;0.0;0.0;0.0
22248;0.489583;0.364583;0.0625;0.0;0.083333;0.0;0.0;0.0;0.0;0.0;0.0;0.0;0.0;0.0;0.0;0.0
22249;0.356436;0.277228;0.178218;0.0;0.168317;0.0;0.0;0.0;0.0;0.0;0.0;0.0;0.0;0.0;0.0;0.019802
22250;0.325879;0.258786;0.13099;0.0;0.249201;0.0;0.0;0.0;0.0;0.0;0.0;0.0;0.0;0.0;0.01278;0.022364
22251;0.30531;0.473451;0.172566;0.0;0.039823;0.0;0.0;0.0;0.0;0.0;0.0;0.0;0.0;0.0;0.0;0.00885
22252;0.356436;0.386139;0.108911;0.0;0.118812;0.0;0.0;0.0;0.0;0.0;0.0;0.0;0.0;0.0;0.029703;0.0
22253;0.327273;0.490909;0.072727;0.0;0.036364;0.0;0.0;0.0;0.0;0.0;0.0;0.0;0.0;0.0;0.0;0.072727
22254;0.389417;0.41384;0.135685;0.0;0.05156;0.0;0.0;0.0;0.0;0.0;0.0;0.0;0.0;0.0;0.006784;0.002714
22901;0.417537;0.281837;0.075157;0.0;0.19833;0.0;0.0;0.0;0.0;0.0;0.0;0.0;0.0;0.0;0.016701;0.010438
22902;0.164634;0.512195;0.128049;0.0;0.170732;0.0;0.0;0.0;0.0;0.0;0.0;0.0;0.0;0.0;0.018293;0.006098
22903;0.342629;0.414343;0.119522;0.0;0.09761;0.0;0.0;0.0;0.0;0.0;0.0;0.0;0.0;0.0;0.007968;0.017928
22904;0.287145;0.440735;0.148581;0.0;0.098497;0.0;0.0;0.0;0.0;0.0;0.0;0.0;0.0;0.0;0.006678;0.018364
22905;0.298643;0.452489;0.140271;0.0;0.081448;0.0;0.0;0.0;0.0;0.0;0.0;0.0;0.0;0.0;0.013575;0.013575
22906;0.454545;0.280303;0.106061;0.0;0.143939;0.0;0.0;0.0;0.0;0.0;0.0;0.0;0.0;0.0;0.007576;0.007576
22907;0.306348;0.349586;0.114075;0.0;0.199632;0.0;0.0;0.0;0.0;0.0;0.0;0.0;0.0;0.0;0.0092;0.021159
22908;0.337838;0.385135;0.060811;0.0;0.175676;0.0;0.0;0.0;0.0;0.0;0.0;0.0;0.0;0.0;0.02027;0.02027
22909;0.385965;0.350877;0.149123;0.0;0.096491;0.0;0.0;0.0;0.0;0.0;0.0;0.0;0.0;0.0;0.004386;0.013158
23001;0.474432;0.285511;0.164773;0.0;0.036932;0.0;0.0;0.0;0.0;0.0;0.0;0.0;0.0;0.0;0.0;0.038352
23002;0.317276;0.417418;0.170938;0.0;0.07744;0.0;0.0;0.0;0.0;0.0;0.0;0.0;0.0;0.0;0.0;0.016928
23003;0.421366;0.382533;0.140993;0.0;0.038028;0.0;0.0;0.0;0.0;0.0;0.0;0.0;0.0;0.0;0.0;0.01708
23004;0.290801;0.501484;0.145401;0.0;0.04451;0.0;0.0;0.0;0.0;0.0;0.0;0.0;0.0;0.0;0.0;0.017804
23005;0.318209;0.414995;0.17046;0.0;0.075272;0.0;0.0;0.0;0.0;0.0;0.0;0.0;0.0;0.0;0.0;0.021064
23006;0.527746;0.314359;0.088387;0.0;0.043764;0.0;0.0;0.0;0.0;0.0;0.0;0.0;0.0;0.0;0.0;0.025744
23007;0.402325;0.358069;0.154671;0.0;0.046938;0.0;0.0;0.0;0.0;0.0;0.0;0.0;0.0;0.0;0.0;0.037997
23008;0.577351;0.221436;0.100101;0.0;0.075834;0.0;0.0;0.0;0.0;0.0;0.0;0.0;0.0;0.0;0.0;0.025278
23009;0.297303;0.439972;0.161732;0.0;0.061245;0.0;0.0;0.0;0.0;0.0;0.0;0.0;0.0;0.0;0.0;0.039749
23010;0.335103;0.410032;0.18056;0.0;0.059736;0.0;0.0;0.0;0.0;0.0;0.0;0.0;0.0;0.0;0.0;0.01457
23011;0.493011;0.266836;0.105464;0.0;0.113088;0.0;0.0;0.0;0.0;0.0;0.0;0.0;0.0;0.0;0.0;0.021601
23012;0.400294;0.344739;0.175497;0.0;0.046358;0.0;0.0;0.0;0.0;0.0;0.0;0.0;0.0;0.0;0.0;0.033113
23014;0.435964;0.337167;0.139571;0.0;0.072138;0.0;0.0;0.0;0.0;0.0;0.0;0.0;0.0;0.0;0.0;0.015159
23015;0.453878;0.381551;0.104822;0.0;0.038784;0.0;0.0;0.0;0.0;0.0;0.0;0.0;0.0;0.0;0.0;0.020964
23016;0.47651;0.322148;0.104027;0.0;0.063758;0.0;0.0;0.0;0.0;0.0;0.0;0.0;0.0;0.0;0.0;0.033557
23017;0.557362;0.292683;0.084011;0.0;0.04607;0.0;0.0;0.0;0.0;0.0;0.0;0.0;0.0;0.0;0.0;0.019874
23018;0.474565;0.262073;0.135866;0.0;0.108822;0.0;0.0;0.0;0.0;0.0;0.0;0.0;0.0;0.0;0.0;0.018674
23019;0.397072;0.36505;0.150046;0.0;0.067704;0.0;0.0;0.0;0.0;0.0;0.0;0.0;0.0;0.0;0.0;0.020128
23020;0.323978;0.287089;0.093023;0.0;0.270249;0.0;0.0;0.0;0.0;0.0;0.0;0.0;0.0;0.0;0.0;0.025662
23021;0.521739;0.268542;0.153453;0.0;0.038363;0.0;0.0;0.0;0.0;0.0;0.0;0.0;0.0;0.0;0.0;0.017903
23024;0.343924;0.426484;0.125;0.0;0.080357;0.0;0.0;0.0;0.0;0.0;0.0;0.0;0.0;0.0;0.0;0.024235
23025;0.407752;0.360724;0.177778;0.0;0.037726;0.0;0.0;0.0;0.0;0.0;0.0;0.0;0.0;0.0;0.0;0.016021
23026;0.38342;0.458117;0.103627;0.0;0.044041;0.0;0.0;0.0;0.0;0.0;0.0;0.0;0.0;0.0;0.0;0.010794
23027;0.469512;0.341463;0.132114;0.0;0.028455;0.0;0.0;0.0;0.0;0.0;0.0;0.0;0.0;0.0;0.0;0.028455
23028;0.41201;0.3508;0.127985;0.0;0.080686;0.0;0.0;0.0;0.0;0.0;0.0;0.0;0.0;0.0;0.0;0.028518
23029;0.408602;0.392473;0.132616;0.0;0.02509;0.0;0.0;0.0;0.0;0.0;0.0;0.0;0.0;0.0;0.0;0.041219
23030;0.607143;0.28683;0.092634;0.0;0.010045;0.0;0.0;0.0;0.0;0.0;0.0;0.0;0.0;0.0;0.0;0.003348
23031;0.610493;0.189189;0.096979;0.0;0.08744;0.0;0.0;0.0;0.0;0.0;0.0;0.0;0.0;0.0;0.0;0.015898
23032;0.586797;0.210269;0.105134;0.0;0.070905;0.0;0.0;0.0;0.0;0.0;0.0;0.0;0.0;0.0;0.0;0.026895
23033;0.306982;0.443532;0.206366;0.0;0.028747;0.0;0.0;0.0;0.0;0.0;0.0;0.0;0.0;0.0;0.0;0.014374
23034;0.388532;0.39925;0.178457;0.0;0.021436;0.0;0.0;0.0;0.0;0.0;0.0;0.0;0.0;0.0;0.0;0.012326
23035;0.409038;0.378911;0.126304;0.0;0.06489;0.0;0.0;0.0;0.0;0.0;0.0;0.0;0.0;0.0;0.0;0.020857
23037;0.459103;0.279683;0.147757;0.0;0.081794;0.0;0.0;0.0;0.0;0.0;0.0;0.0;0.0;0.0;0.0;0.031662
23038;0.300885;0.428887;0.169406;0.0;0.058786;0.0;0.0;0.0;0.0;0.0;0.0;0.0;0.0;0.0;0.0;0.042035
23039;0.447983;0.348195;0.132343;0.0;0.055202;0.0;0.0;0.0;0.0;0.0;0.0;0.0;0.0;0.0;0.0;0.016277
23040;0.422321;0.246429;0.075893;0.0;0.227679;0.0;0.0;0.0;0.0;0.0;0.0;0.0;0.0;0.0;0.0;0.027679
23041;0.311346;0.385224;0.242744;0.0;0.039578;0.0;0.0;0.0;0.0;0.0;0.0;0.0;0.0;0.0;0.0;0.021108
23042;0.29;0.5;0.135;0.0;0.065;0.0;0.0;0.0;0.0;0.0;0.0;0.0;0.0;0.0;0.0;0.01
23043;0.349432;0.4375;0.139205;0.0;0.048295;0.0;0.0;0.0;0.0;0.0;0.0;0.0;0.0;0.0;0.0;0.025568
23044;0.364278;0.39447;0.08465;0.0;0.13544;0.0;0.0;0.0;0.0;0.0;0.0;0.0;0.0;0.0;0.0;0.021163
23045;0.370885;0.27286;0.142648;0.0;0.196781;0.0;0.0;0.0;0.0;0.0;0.0;0.0;0.0;0.0;0.0;0.016825
23046;0.479956;0.272927;0.142779;0.0;0.079627;0.0;0.0;0.0;0.0;0.0;0.0;0.0;0.0;0.0;0.0;0.024712
23047;0.427393;0.325908;0.143564;0.0;0.070957;0.0;0.0;0.0;0.0;0.0;0.0;0.0;0.0;0.0;0.0;0.032178
23048;0.265442;0.469115;0.21202;0.0;0.03005;0.0;0.0;0.0;0.0;0.0;0.0;0.0;0.0;0.0;0.0;0.023372
23049;0.477293;0.202137;0.122885;0.0;0.178985;0.0;0.0;0.0;0.0;0.0;0.0;0.0;0.0;0.0;0.0;0.0187
23050;0.301083;0.418934;0.147869;0.0;0.077081;0.0;0.0;0.0;0.0;0.0;0.0;0.0;0.0;0.0;0.0;0.055033
23051;0.372792;0.405251;0.133652;0.0;0.053938;0.0;0.0;0.0;0.0;0.0;0.0;0.0;0.0;0.0;0.0;0.034368
23052;0.527273;0.355682;0.065909;0.0;0.032955;0.0;0.0;0.0;0.0;0.0;0.0;0.0;0.0;0.0;0.0;0.018182
23053;0.409889;0.219267;0.082523;0.0;0.273998;0.0;0.0;0.0;0.0;0.0;0.0;0.0;0.0;0.0;0.0;0.014322
23054;0.533088;0.319853;0.095588;0.0;0.033088;0.0;0.0;0.0;0.0;0.0;0.0;0.0;0.0;0.0;0.0;0.018382
23055;0.366713;0.353785;0.160203;0.0;0.101797;0.0;0.0;0.0;0.0;0.0;0.0;0.0;0.0;0.0;0.0;0.017502
23056;0.356948;0.337875;0.165304;0.0;0.111262;0.0;0.0;0.0;0.0;0.0;0.0;0.0;0.0;0.0;0.0;0.02861
23057;0.410256;0.227106;0.117216;0.0;0.225275;0.0;0.0;0.0;0.0;0.0;0.0;0.0;0.0;0.0;0.0;0.020147
23058;0.387773;0.376386;0.133803;0.0;0.07252;0.0;0.0;0.0;0.0;0.0;0.0;0.0;0.0;0.0;0.0;0.029518
23059;0.436243;0.355098;0.128696;0.0;0.052993;0.0;0.0;0.0;0.0;0.0;0.0;0.0;0.0;0.0;0.0;0.026969
23060;0.379791;0.357909;0.170436;0.0;0.064914;0.0;0.0;0.0;0.0;0.0;0.0;0.0;0.0;0.0;0.0;0.02695
23061;0.390958;0.39559;0.153604;0.0;0.042802;0.0;0.0;0.0;0.0;0.0;0.0;0.0;0.0;0.0;0.0;0.017047
23062;0.44403;0.35541;0.163246;0.0;0.025187;0.0;0.0;0.0;0.0;0.0;0.0;0.0;0.0;0.0;0.0;0.012127
23063;0.387034;0.293866;0.217003;0.0;0.082686;0.0;0.0;0.0;0.0;0.0;0.0;0.0;0.0;0.0;0.0;0.01941
23064;0.419048;0.401587;0.142063;0.0;0.030952;0.0;0.0;0.0;0.0;0.0;0.0;0.0;0.0;0.0;0.0;0.006349
23065;0.442256;0.381379;0.117278;0.0;0.03581;0.0;0.0;0.0;0.0;0.0;0.0;0.0;0.0;0.0;0.0;0.023277
23066;0.341045;0.431305;0.175664;0.0;0.031705;0.0;0.0;0.0;0.0;0.0;0.0;0.0;0.0;0.0;0.0;0.02028
23067;0.410383;0.312022;0.078689;0.0;0.16612;0.0;0.0;0.0;0.0;0.0;0.0;0.0;0.0;0.0;0.0;0.032787
23069;0.410549;0.359747;0.119105;0.0;0.077297;0.0;0.0;0.0;0.0;0.0;0.0;0.0;0.0;0.0;0.0;0.033301
23070;0.333049;0.425586;0.183369;0.0;0.045203;0.0;0.0;0.0;0.0;0.0;0.0;0.0;0.0;0.0;0.0;0.012793
23071;0.318707;0.294072;0.323326;0.0;0.04157;0.0;0.0;0.0;0.0;0.0;0.0;0.0;0.0;0.0;0.0;0.022325
23072;0.411255;0.367965;0.16811;0.0;0.037518;0.0;0.0;0.0;0.0;0.0;0.0;0.0;0.0;0.0;0.0;0.015152
23073;0.37504;0.39852;0.154069;0.0;0.051463;0.0;0.0;0.0;0.0;0.0;0.0;0.0;0.0;0.0;0.0;0.020907
23074;0.410428;0.351159;0.115865;0.0;0.090463;0.0;0.0;0.0;0.0;0.0;0.0;0.0;0.0;0.0;0.0;0.032086
23075;0.444795;0.324527;0.126972;0.0;0.05836;0.0;0.0;0.0;0.0;0.0;0.0;0.0;0.0;0.0;0.0;0.045347
23076;0.463608;0.365506;0.125;0.0;0.033228;0.0;0.0;0.0;0.0;0.0;0.0;0.0;0.0;0.0;0.0;0.012658
23077;0.412998;0.354298;0.178197;0.0;0.037736;0.0;0.0;0.0;0.0;0.0;0.0;0.0;0.0;0.0;0.0;0.016771
23079;0.399482;0.386524;0.156238;0.0;0.026287;0.0;0.0;0.0;0.0;0.0;0.0;0.0;0.0;0.0;0.0;0.03147
23080;0.440063;0.357256;0.156151;0.0;0.025237;0.0;0.0;0.0;0.0;0.0;0.0;0.0;0.0;0.0;0.0;0.021293
23081;0.44316;0.333333;0.139692;0.0;0.058767;0.0;0.0;0.0;0.0;0.0;0.0;0.0;0.0;0.0;0.0;0.025048
23082;0.391603;0.408397;0.135115;0.0;0.053435;0.0;0.0;0.0;0.0;0.0;0.0;0.0;0.0;0.0;0.0;0.01145
23084;0.466989;0.227053;0.247987;0.0;0.033816;0.0;0.0;0.0;0.0;0.0;0.0;0.0;0.0;0.0;0.0;0.024155
23085;0.555773;0.262231;0.106327;0.0;0.050881;0.0;0.0;0.0;0.0;0.0;0.0;0.0;0.0;0.0;0.0;0.024788
23086;0.383968;0.367274;0.120428;0.0;0.092265;0.0;0.0;0.0;0.0;0.0;0.0;0.0;0.0;0.0;0.0;0.036065
23087;0.290327;0.381784;0.130528;0.0;0.167588;0.0;0.0;0.0;0.0;0.0;0.0;0.0;0.0;0.0;0.0;0.029774
23088;0.445059;0.253859;0.109422;0.0;0.164478;0.0;0.0;0.0;0.0;0.0;0.0;0.0;0.0;0.0;0.0;0.027183
23090;0.381998;0.371021;0.147091;0.0;0.02854;0.0;0.0;0.0;0.0;0.0;0.0;0.0;0.0;0.0;0.0;0.07135
23091;0.441176;0.390196;0.139216;0.0;0.021569;0.0;0.0;0.0;0.0;0.0;0.0;0.0;0.0;0.0;0.0;0.007843
23092;0.344487;0.384175;0.153792;0.0;0.089906;0.0;0.0;0.0;0.0;0.0;0.0;0.0;0.0;0.0;0.0;0.02764
23093;0.537054;0.290027;0.087374;0.0;0.053522;0.0;0.0;0.0;0.0;0.0;0.0;0.0;0.0;0.0;0.0;0.032022
23094;0.522468;0.234665;0.097718;0.0;0.127318;0.0;0.0;0.0;0.0;0.0;0.0;0.0;0.0;0.0;0.0;0.017832
23095;0.352538;0.400685;0.185898;0.0;0.041293;0.0;0.0;0.0;0.0;0.0;0.0;0.0;0.0;0.0;0.0;0.019585
23096;0.553003;0.265274;0.100783;0.0;0.04752;0.0;0.0;0.0;0.0;0.0;0.0;0.0;0.0;0.0;0.0;0.03342
23097;0.311629;0.372177;0.244594;0.0;0.046132;0.0;0.0;0.0;0.0;0.0;0.0;0.0;0.0;0.0;0.0;0.025469
23098;0.454545;0.406855;0.068554;0.0;0.0462;0.0;0.0;0.0;0.0;0.0;0.0;0.0;0.0;0.0;0.0;0.023845
23099;0.341044;0.410155;0.150635;0.0;0.062059;0.0;0.0;0.0;0.0;0.0;0.0;0.0;0.0;0.0;0.0;0.036107
23101;0.418972;0.312253;0.217391;0.0;0.027668;0.0;0.0;0.0;0.0;0.0;0.0;0.0;0.0;0.0;0.0;0.023715
23901;0.428243;0.342135;0.145809;0.0;0.035591;0.0;0.0;0.0;0.0;0.0;0.0;0.0;0.0;0.0;0.0;0.04822
23902;0.544983;0.300461;0.076125;0.0;0.056517;0.0;0.0;0.0;0.0;0.0;0.0;0.0;0.0;0.0;0.0;0.021915
23903;0.348781;0.349581;0.162205;0.0;0.12505;0.0;0.0;0.0;0.0;0.0;0.0;0.0;0.0;0.0;0.0;0.014383
23904;0.336828;0.366317;0.176278;0.0;0.048493;0.0;0.0;0.0;0.0;0.0;0.0;0.0;0.0;0.0;0.0;0.072084
23905;0.343077;0.401538;0.207692;0.0;0.028462;0.0;0.0;0.0;0.0;0.0;0.0;0.0;0.0;0.0;0.0;0.019231
24001;0.206612;0.479339;0.165289;0.0;0.049587;0.0;0.0;0.0;0.0;0.0;0.0;0.0;0.0;0.0;0.0;0.099174
24002;0.367232;0.355932;0.180791;0.0;0.045198;0.0;0.0;0.0;0.0;0.0;0.0;0.0;0.0;0.0;0.0;0.050847
24003;0.29863;0.468493;0.158904;0.0;0.030137;0.0;0.0;0.0;0.0;0.0;0.0;0.0;0.0;0.0;0.0;0.043836
24004;0.225722;0.454068;0.154856;0.0;0.049869;0.0;0.0;0.0;0.0;0.0;0.0;0.0;0.0;0.0;0.007874;0.107612
24005;0.268398;0.519481;0.134199;0.0;0.021645;0.0;0.0;0.0;0.0;0.0;0.0;0.0;0.0;0.0;0.0;0.056277
24006;0.234043;0.353723;0.18883;0.0;0.018617;0.0;0.0;0.0;0.0;0.0;0.0;0.0;0.0;0.0;0.0;0.204787
24007;0.487666;0.267552;0.119545;0.0;0.108159;0.0;0.0;0.0;0.0;0.0;0.0;0.0;0.0;0.0;0.0;0.017078
24008;0.247604;0.496507;0.128513;0.0;0.059951;0.0;0.0;0.0;0.0;0.0;0.0;0.0;0.0;0.0;0.002437;0.064988
24009;0.360248;0.478261;0.074534;0.0;0.074534;0.0;0.0;0.0;0.0;0.0;0.0;0.0;0.0;0.0;0.006211;0.006211
24010;0.274426;0.403512;0.170559;0.0;0.041846;0.0;0.0;0.0;0.0;0.0;0.0;0.0;0.0;0.0;0.001494;0.108164
24011;0.625;0.211538;0.057692;0.0;0.067308;0.0;0.0;0.0;0.0;0.0;0.0;0.0;0.0;0.0;0.028846;0.009615
24012;0.2;0.381395;0.255814;0.0;0.060465;0.0;0.0;0.0;0.0;0.0;0.0;0.0;0.0;0.0;0.0;0.102326
24014;0.433476;0.374249;0.090343;0.0;0.078326;0.0;0.0;0.0;0.0;0.0;0.0;0.0;0.0;0.0;0.001717;0.021888
24015;0.24581;0.487275;0.148976;0.0;0.024829;0.0;0.0;0.0;0.0;0.0;0.0;0.0;0.0;0.0;0.0;0.09311
24016;0.390511;0.49635;0.069343;0.0;0.032847;0.0;0.0;0.0;0.0;0.0;0.0;0.0;0.0;0.0;0.0;0.010949
24017;0.271053;0.444737;0.165789;0.0;0.05;0.0;0.0;0.0;0.0;0.0;0.0;0.0;0.0;0.0;0.0;0.068421
24018;0.138686;0.532847;0.175182;0.0;0.065693;0.0;0.0;0.0;0.0;0.0;0.0;0.0;0.0;0.0;0.0;0.087591
24019;0.527426;0.291139;0.054852;0.0;0.113924;0.0;0.0;0.0;0.0;0.0;0.0;0.0;0.0;0.0;0.0;0.012658
24020;0.257764;0.409938;0.13354;0.0;0.040373;0.0;0.0;0.0;0.0;0.0;0.0;0.0;0.0;0.0;0.006211;0.152174
24021;0.362533;0.313964;0.114484;0.0;0.079792;0.0;0.0;0.0;0.0;0.0;0.0;0.0;0.0;0.0;0.003469;0.125759
24022;0.27;0.53;0.11;0.0;0.085;0.0;0.0;0.0;0.0;0.0;0.0;0.0;0.0;0.0;0.0;0.005
24023;0.234043;0.489362;0.175532;0.0;0.047872;0.0;0.0;0.0;0.0;0.0;0.0;0.0;0.0;0.0;0.0;0.053191
24024;0.268456;0.391499;0.149888;0.0;0.058166;0.0;0.0;0.0;0.0;0.0;0.0;0.0;0.0;0.0;0.0;0.131991
24025;0.118421;0.504386;0.197368;0.0;0.026316;0.0;0.0;0.0;0.0;0.0;0.0;0.0;0.0;0.0;0.0;0.153509
24026;0.16485;0.587193;0.110354;0.0;0.032698;0.0;0.0;0.0;0.0;0.0;0.0;0.0;0.0;0.0;0.004087;0.100817
24027;0.393143;0.361143;0.125714;0.0;0.098286;0.0;0.0;0.0;0.0;0.0;0.0;0.0;0.0;0.0;0.0;0.021714
24028;0.397306;0.316498;0.131313;0.0;0.040404;0.0;0.0;0.0;0.0;0.0;0.0;0.0;0.0;0.0;0.0;0.114478
24029;0.393411;0.310078;0.102713;0.0;0.062016;0.0;0.0;0.0;0.0;0.0;0.0;0.0;0.0;0.0;0.0;0.131783
24030;0.44413;0.34901;0.070368;0.0;0.116337;0.0;0.0;0.0;0.0;0.0;0.0;0.0;0.0;0.0;0.002475;0.01768
24031;0.346821;0.34104;0.109827;0.0;0.104046;0.0;0.0;0.0;0.0;0.0;0.0;0.0;0.0;0.0;0.0;0.098266
24032;0.350649;0.324675;0.233766;0.0;0.0;0.0;0.0;0.0;0.0;0.0;0.0;0.0;0.0;0.0;0.012987;0.077922
24033;0.176871;0.489796;0.183673;0.0;0.047619;0.0;0.0;0.0;0.0;0.0;0.0;0.0;0.0;0.0;0.0;0.102041
24034;0.479402;0.289984;0.109451;0.0;0.100162;0.0;0.0;0.0;0.0;0.0;0.0;0.0;0.0;0.0;0.002423;0.018578
24036;0.492537;0.338308;0.039801;0.0;0.114428;0.0;0.0;0.0;0.0;0.0;0.0;0.0;0.0;0.0;0.0;0.014925
24037;0.236948;0.449799;0.144578;0.0;0.096386;0.0;0.0;0.0;0.0;0.0;0.0;0.0;0.0;0.0;0.02008;0.052209
24038;0.433455;0.402005;0.07247;0.0;0.081586;0.0;0.0;0.0;0.0;0.0;0.0;0.0;0.0;0.0;0.000456;0.010027
24039;0.243733;0.440111;0.190111;0.0;0.022981;0.0;0.0;0.0;0.0;0.0;0.0;0.0;0.0;0.0;0.002089;0.100975
24040;0.346032;0.342857;0.196825;0.0;0.034921;0.0;0.0;0.0;0.0;0.0;0.0;0.0;0.0;0.0;0.0;0.079365
24041;0.389381;0.448378;0.097345;0.0;0.058997;0.0;0.0;0.0;0.0;0.0;0.0;0.0;0.0;0.0;0.00295;0.00295
24042;0.415094;0.490566;0.056604;0.0;0.018868;0.0;0.0;0.0;0.0;0.0;0.0;0.0;0.0;0.0;0.0;0.018868
24043;0.402778;0.444444;0.069444;0.0;0.041667;0.0;0.0;0.0;0.0;0.0;0.0;0.0;0.0;0.0;0.0;0.041667
24044;0.29703;0.386139;0.09901;0.0;0.118812;0.0;0.0;0.0;0.0;0.0;0.0;0.0;0.0;0.0;0.0;0.09901
24046;0.372274;0.339564;0.116822;0.0;0.042056;0.0;0.0;0.0;0.0;0.0;0.0;0.0;0.0;0.0;0.001558;0.127726
24047;0.221519;0.42616;0.147679;0.0;0.035865;0.0;0.0;0.0;0.0;0.0;0.0;0.0;0.0;0.0;0.0;0.168776
24049;0.429557;0.389163;0.084729;0.0;0.080788;0.0;0.0;0.0;0.0;0.0;0.0;0.0;0.0;0.0;0.0;0.015764
24050;0.243243;0.513514;0.202703;0.0;0.0;0.0;0.0;0.0;0.0;0.0;0.0;0.0;0.0;0.0;0.0;0.040541
24051;0.277344;0.457031;0.097656;0.0;0.054688;0.0;0.0;0.0;0.0;0.0;0.0;0.0;0.0;0.0;0.003906;0.109375
24052;0.418605;0.313953;0.081395;0.0;0.093023;0.0;0.0;0.0;0.0;0.0;0.0;0.0;0.0;0.0;0.023256;0.069767
24053;0.220149;0.507463;0.179104;0.0;0.022388;0.0;0.0;0.0;0.0;0.0;0.0;0.0;0.0;0.0;0.014925;0.05597
24054;0.215278;0.486111;0.204861;0.0;0.013889;0.0;0.0;0.0;0.0;0.0;0.0;0.0;0.0;0.0;0.003472;0.076389
24055;0.27833;0.431412;0.125249;0.0;0.053678;0.0;0.0;0.0;0.0;0.0;0.0;0.0;0.0;0.0;0.0;0.111332
24056;0.308102;0.333689;0.101279;0.0;0.041578;0.0;0.0;0.0;0.0;0.0;0.0;0.0;0.0;0.0;0.001599;0.213753
24057;0.433333;0.402083;0.092708;0.0;0.061458;0.0;0.0;0.0;0.0;0.0;0.0;0.0;0.0;0.0;0.002083;0.008333
24058;0.285714;0.464286;0.178571;0.0;0.008929;0.0;0.0;0.0;0.0;0.0;0.0;0.0;0.0;0.0;0.0;0.0625
24059;0.558491;0.34717;0.039623;0.0;0.045283;0.0;0.0;0.0;0.0;0.0;0.0;0.0;0.0;0.0;0.0;0.009434
24060;0.32687;0.34903;0.132964;0.0;0.058172;0.0;0.0;0.0;0.0;0.0;0.0;0.0;0.0;0.0;0.0;0.132964
24061;0.281319;0.335531;0.178755;0.0;0.054945;0.0;0.0;0.0;0.0;0.0;0.0;0.0;0.0;0.0;0.001465;0.147985
24062;0.326316;0.347368;0.105263;0.0;0.073684;0.0;0.0;0.0;0.0;0.0;0.0;0.0;0.0;0.0;0.0;0.147368
24063;0.179487;0.322344;0.139194;0.0;0.029304;0.0;0.0;0.0;0.0;0.0;0.0;0.0;0.0;0.0;0.0;0.32967
24064;0.449193;0.340931;0.08547;0.0;0.106363;0.0;0.0;0.0;0.0;0.0;0.0;0.0;0.0;0.0;0.00095;0.017094
24065;0.282528;0.333333;0.163569;0.0;0.071871;0.0;0.0;0.0;0.0;0.0;0.0;0.0;0.0;0.0;0.00062;0.148079
24066;0.157303;0.561798;0.116105;0.0;0.059925;0.0;0.0;0.0;0.0;0.0;0.0;0.0;0.0;0.0;0.0;0.104869
24067;0.194529;0.574468;0.145897;0.0;0.030395;0.0;0.0;0.0;0.0;0.0;0.0;0.0;0.0;0.0;0.0;0.054711
24068;0.462025;0.259494;0.063291;0.0;0.050633;0.0;0.0;0.0;0.0;0.0;0.0;0.0;0.0;0.0;0.0;0.164557
24069;0.111111;0.703704;0.185185;0.0;0.0;0.0;0.0;0.0;0.0;0.0;0.0;0.0;0.0;0.0;0.0;0.0
24070;0.52159;0.244555;0.072602;0.0;0.143676;0.0;0.0;0.0;0.0;0.0;0.0;0.0;0.0;0.0;0.001146;0.016431
24071;0.333858;0.437795;0.12126;0.0;0.092913;0.0;0.0;0.0;0.0;0.0;0.0;0.0;0.0;0.0;0.001575;0.012598
24073;0.255814;0.418605;0.122924;0.0;0.036545;0.0;0.0;0.0;0.0;0.0;0.0;0.0;0.0;0.0;0.0;0.166113
24074;0.208333;0.527778;0.111111;0.0;0.055556;0.0;0.0;0.0;0.0;0.0;0.0;0.0;0.0;0.0;0.0;0.097222
24076;0.315937;0.301957;0.164026;0.0;0.105312;0.0;0.0;0.0;0.0;0.0;0.0;0.0;0.0;0.0;0.002796;0.109972
24077;0.310734;0.491525;0.101695;0.0;0.00565;0.0;0.0;0.0;0.0;0.0;0.0;0.0;0.0;0.0;0.0;0.090395
24078;0.387665;0.418502;0.092511;0.0;0.030837;0.0;0.0;0.0;0.0;0.0;0.0;0.0;0.0;0.0;0.0;0.070485
24079;0.26283;0.396579;0.158631;0.0;0.023328;0.0;0.0;0.0;0.0;0.0;0.0;0.0;0.0;0.0;0.00311;0.155521
24080;0.294118;0.496732;0.084967;0.0;0.052288;0.0;0.0;0.0;0.0;0.0;0.0;0.0;0.0;0.0;0.006536;0.065359
24081;0.146341;0.512195;0.243902;0.0;0.012195;0.0;0.0;0.0;0.0;0.0;0.0;0.0;0.0;0.0;0.0;0.085366
24082;0.318519;0.351111;0.112593;0.0;0.088889;0.0;0.0;0.0;0.0;0.0;0.0;0.0;0.0;0.0;0.0;0.128889
24083;0.435159;0.322767;0.122478;0.0;0.067723;0.0;0.0;0.0;0.0;0.0;0.0;0.0;0.0;0.0;0.004323;0.04755
24084;0.41;0.46;0.04;0.0;0.04;0.0;0.0;0.0;0.0;0.0;0.0;0.0;0.0;0.0;0.0;0.05
24086;0.223529;0.482353;0.152941;0.0;0.041176;0.0;0.0;0.0;0.0;0.0;0.0;0.0;0.0;0.0;0.0;0.1
24087;0.122249;0.501222;0.237164;0.0;0.017115;0.0;0.0;0.0;0.0;0.0;0.0;0.0;0.0;0.0;0.002445;0.119804
24088;0.32058;0.443272;0.104222;0.0;0.031662;0.0;0.0;0.0;0.0;0.0;0.0;0.0;0.0;0.0;0.002639;0.097625
24089;0.309838;0.382546;0.130261;0.0;0.05723;0.0;0.0;0.0;0.0;0.0;0.0;0.0;0.0;0.0;0.001476;0.118649
24090;0.355556;0.444444;0.106667;0.0;0.053333;0.0;0.0;0.0;0.0;0.0;0.0;0.0;0.0;0.0;0.013333;0.026667
24091;0.282723;0.421466;0.10733;0.0;0.086387;0.0;0.0;0.0;0.0;0.0;0.0;0.0;0.0;0.0;0.002618;0.099476
24092;0.308378;0.42246;0.153298;0.0;0.02852;0.0;0.0;0.0;0.0;0.0;0.0;0.0;0.0;0.0;0.001783;0.085561
24093;0.292373;0.398305;0.09322;0.0;0.076271;0.0;0.0;0.0;0.0;0.0;0.0;0.0;0.0;0.0;0.0;0.139831
24094;0.284797;0.410064;0.171306;0.0;0.06424;0.0;0.0;0.0;0.0;0.0;0.0;0.0;0.0;0.0;0.002141;0.067452
24095;0.197425;0.403433;0.236052;0.0;0.04721;0.0;0.0;0.0;0.0;0.0;0.0;0.0;0.0;0.0;0.004292;0.111588
24096;0.253333;0.386667;0.213333;0.0;0.093333;0.0;0.0;0.0;0.0;0.0;0.0;0.0;0.0;0.0;0.0;0.053333
24097;0.184397;0.333333;0.191489;0.0;0.042553;0.0;0.0;0.0;0.0;0.0;0.0;0.0;0.0;0.0;0.0;0.248227
24098;0.404878;0.221951;0.136585;0.0;0.090244;0.0;0.0;0.0;0.0;0.0;0.0;0.0;0.0;0.0;0.014634;0.131707
24099;0.451327;0.300885;0.115044;0.0;0.053097;0.0;0.0;0.0;0.0;0.0;0.0;0.0;0.0;0.0;0.0;0.079646
24100;0.307252;0.423664;0.122137;0.0;0.120229;0.0;0.0;0.0;0.0;0.0;0.0;0.0;0.0;0.0;0.0;0.026718
24101;0.449799;0.293173;0.088353;0.0;0.108434;0.0;0.0;0.0;0.0;0.0;0.0;0.0;0.0;0.0;0.0;0.060241
24102;0.448513;0.409611;0.09611;0.0;0.034325;0.0;0.0;0.0;0.0;0.0;0.0;0.0;0.0;0.0;0.004577;0.006865
24103;0.246377;0.618357;0.091787;0.0;0.009662;0.0;0.0;0.0;0.0;0.0;0.0;0.0;0.0;0.0;0.014493;0.019324
24104;0.405882;0.388235;0.123529;0.0;0.017647;0.0;0.0;0.0;0.0;0.0;0.0;0.0;0.0;0.0;0.0;0.064706
24105;0.287307;0.352487;0.178388;0.0;0.055746;0.0;0.0;0.0;0.0;0.0;0.0;0.0;0.0;0.0;0.0;0.126072
24106;0.231707;0.567073;0.103659;0.0;0.054878;0.0;0.0;0.0;0.0;0.0;0.0;0.0;0.0;0.0;0.0;0.042683
24107;0.51049;0.265734;0.097902;0.0;0.062937;0.0;0.0;0.0;0.0;0.0;0.0;0.0;0.0;0.0;0.0;0.062937
24108;0.219731;0.44843;0.210762;0.0;0.03139;0.0;0.0;0.0;0.0;0.0;0.0;0.0;0.0;0.0;0.004484;0.085202
24109;0.447514;0.313076;0.116022;0.0;0.082873;0.0;0.0;0.0;0.0;0.0;0.0;0.0;0.0;0.0;0.0;0.040516
24110;0.533166;0.269086;0.072591;0.0;0.106383;0.0;0.0;0.0;0.0;0.0;0.0;0.0;0.0;0.0;0.0;0.018773
24112;0.628713;0.222772;0.064356;0.0;0.059406;0.0;0.0;0.0;0.0;0.0;0.0;0.0;0.0;0.0;0.0;0.024752
24113;0.218254;0.56746;0.079365;0.0;0.011905;0.0;0.0;0.0;0.0;0.0;0.0;0.0;0.0;0.0;0.003968;0.119048
24114;0.45897;0.271081;0.107527;0.0;0.074137;0.0;0.0;0.0;0.0;0.0;0.0;0.0;0.0;0.0;0.002264;0.086022
24115;0.427619;0.362788;0.09733;0.0;0.092007;0.0;0.0;0.0;0.0;0.0;0.0;0.0;0.0;0.0;0.001429;0.018827
24116;0.25;0.403571;0.160714;0.0;0.107143;0.0;0.0;0.0;0.0;0.0;0.0;0.0;0.0;0.0;0.017857;0.060714
24117;0.14658;0.638436;0.110749;0.0;0.032573;0.0;0.0;0.0;0.0;0.0;0.0;0.0;0.0;0.0;0.006515;0.065147
24118;0.5;0.244186;0.104651;0.0;0.034884;0.0;0.0;0.0;0.0;0.0;0.0;0.0;0.0;0.0;0.0;0.116279
24119;0.421712;0.379958;0.098121;0.0;0.085595;0.0;0.0;0.0;0.0;0.0;0.0;0.0;0.0;0.0;0.002088;0.012526
24120;0.151786;0.401786;0.129464;0.0;0.066964;0.0;0.0;0.0;0.0;0.0;0.0;0.0;0.0;0.0;0.004464;0.245536
24121;0.33195;0.255187;0.232365;0.0;0.105809;0.0;0.0;0.0;0.0;0.0;0.0;0.0;0.0;0.0;0.004149;0.070539
24122;0.371958;0.451912;0.045191;0.0;0.056779;0.0;0.0;0.0;0.0;0.0;0.0;0.0;0.0;0.0;0.002317;0.071842
24123;0.343629;0.38417;0.125483;0.0;0.063707;0.0;0.0;0.0;0.0;0.0;0.0;0.0;0.0;0.0;0.0;0.083012
24124;0.255;0.455;0.15;0.0;0.05;0.0;0.0;0.0;0.0;0.0;0.0;0.0;0.0;0.0;0.0;0.09
24125;0.234875;0.537367;0.142349;0.0;0.017794;0.0;0.0;0.0;0.0;0.0;0.0;0.0;0.0;0.0;0.0;0.067616
24127;0.206186;0.463918;0.123711;0.0;0.041237;0.0;0.0;0.0;0.0;0.0;0.0;0.0;0.0;0.0;0.0;0.164948
24129;0.1875;0.508929;0.178571;0.0;0.026786;0.0;0.0;0.0;0.0;0.0;0.0;0.0;0.0;0.0;0.0;0.098214
24130;0.223242;0.397554;0.125382;0.0;0.04893;0.0;0.0;0.0;0.0;0.0;0.0;0.0;0.0;0.0;0.003058;0.201835
24131;0.178174;0.461024;0.193764;0.0;0.048998;0.0;0.0;0.0;0.0;0.0;0.0;0.0;0.0;0.0;0.0;0.11804
24132;0.276042;0.434896;0.130208;0.0;0.067708;0.0;0.0;0.0;0.0;0.0;0.0;0.0;0.0;0.0;0.007812;0.083333
24133;0.248322;0.392617;0.221477;0.0;0.053691;0.0;0.0;0.0;0.0;0.0;0.0;0.0;0.0;0.0;0.0;0.083893
24134;0.415872;0.226366;0.114484;0.0;0.088899;0.0;0.0;0.0;0.0;0.0;0.0;0.0;0.0;0.0;0.000434;0.153946
24136;0.218232;0.582873;0.129834;0.0;0.005525;0.0;0.0;0.0;0.0;0.0;0.0;0.0;0.0;0.0;0.0;0.063536
24137;0.44086;0.229839;0.090054;0.0;0.069892;0.0;0.0;0.0;0.0;0.0;0.0;0.0;0.0;0.0;0.004032;0.165323
24139;0.299563;0.45481;0.142857;0.0;0.037172;0.0;0.0;0.0;0.0;0.0;0.0;0.0;0.0;0.0;0.005831;0.059767
24141;0.342466;0.287671;0.219178;0.0;0.068493;0.0;0.0;0.0;0.0;0.0;0.0;0.0;0.0;0.0;0.0;0.082192
24142;0.326249;0.306057;0.151966;0.0;0.065887;0.0;0.0;0.0;0.0;0.0;0.0;0.0;0.0;0.0;0.001771;0.148069
24143;0.494152;0.315789;0.122807;0.0;0.055556;0.0;0.0;0.0;0.0;0.0;0.0;0.0;0.0;0.0;0.0;0.011696
24144;0.251816;0.411622;0.142857;0.0;0.082324;0.0;0.0;0.0;0.0;0.0;0.0;0.0;0.0;0.0;0.0;0.11138
24145;0.399538;0.307159;0.168591;0.0;0.036952;0.0;0.0;0.0;0.0;0.0;0.0;0.0;0.0;0.0;0.0;0.08776
24146;0.29798;0.459596;0.166667;0.0;0.030303;0.0;0.0;0.0;0.0;0.0;0.0;0.0;0.0;0.0;0.0;0.045455
24148;0.206983;0.508728;0.157107;0.0;0.04655;0.0;0.0;0.0;0.0;0.0;0.0;0.0;0.0;0.0;0.002494;0.078138
24149;0.255814;0.465116;0.155039;0.0;0.054264;0.0;0.0;0.0;0.0;0.0;0.0;0.0;0.0;0.0;0.007752;0.062016
24150;0.190789;0.473684;0.111842;0.0;0.032895;0.0;0.0;0.0;0.0;0.0;0.0;0.0;0.0;0.0;0.006579;0.184211
24151;0.302671;0.364985;0.142433;0.0;0.068249;0.0;0.0;0.0;0.0;0.0;0.0;0.0;0.0;0.0;0.005935;0.115727
24152;0.191275;0.486577;0.167785;0.0;0.090604;0.0;0.0;0.0;0.0;0.0;0.0;0.0;0.0;0.0;0.010067;0.053691
24153;0.368132;0.335165;0.153846;0.0;0.076923;0.0;0.0;0.0;0.0;0.0;0.0;0.0;0.0;0.0;0.0;0.065934
24154;0.344214;0.341246;0.169139;0.0;0.050445;0.0;0.0;0.0;0.0;0.0;0.0;0.0;0.0;0.0;0.001484;0.093472
24155;0.340237;0.449704;0.109467;0.0;0.026627;0.0;0.0;0.0;0.0;0.0;0.0;0.0;0.0;0.0;0.002959;0.071006
24156;0.30625;0.425;0.125;0.0;0.03125;0.0;0.0;0.0;0.0;0.0;0.0;0.0;0.0;0.0;0.0;0.1125
24157;0.2375;0.398438;0.144792;0.0;0.038542;0.0;0.0;0.0;0.0;0.0;0.0;0.0;0.0;0.0;0.001042;0.179688
24158;0.196507;0.362445;0.296943;0.0;0.065502;0.0;0.0;0.0;0.0;0.0;0.0;0.0;0.0;0.0;0.004367;0.074236
24159;0.208871;0.495161;0.157258;0.0;0.027419;0.0;0.0;0.0;0.0;0.0;0.0;0.0;0.0;0.0;0.0;0.11129
24160;0.282276;0.365427;0.181619;0.0;0.080963;0.0;0.0;0.0;0.0;0.0;0.0;0.0;0.0;0.0;0.004376;0.085339
24161;0.250965;0.455598;0.07722;0.0;0.07722;0.0;0.0;0.0;0.0;0.0;0.0;0.0;0.0;0.0;0.007722;0.131274
24162;0.307125;0.301392;0.206388;0.0;0.061425;0.0;0.0;0.0;0.0;0.0;0.0;0.0;0.0;0.0;0.0;0.123669
24163;0.245609;0.374924;0.182919;0.0;0.059661;0.0;0.0;0.0;0.0;0.0;0.0;0.0;0.0;0.0;0.0;0.136887
24164;0.208029;0.386861;0.211679;0.0;0.036496;0.0;0.0;0.0;0.0;0.0;0.0;0.0;0.0;0.0;0.00365;0.153285
24165;0.460177;0.451327;0.061947;0.0;0.017699;0.0;0.0;0.0;0.0;0.0;0.0;0.0;0.0;0.0;0.0;0.00885
24166;0.284985;0.38713;0.166496;0.0;0.045965;0.0;0.0;0.0;0.0;0.0;0.0;0.0;0.0;0.0;0.001021;0.114402
24167;0.313025;0.394958;0.147059;0.0;0.048319;0.0;0.0;0.0;0.0;0.0;0.0;0.0;0.0;0.0;0.002101;0.094538
24168;0.283133;0.445783;0.141566;0.0;0.018072;0.0;0.0;0.0;0.0;0.0;0.0;0.0;0.0;0.0;0.0;0.111446
24169;0.56624;0.248082;0.063427;0.0;0.104348;0.0;0.0;0.0;0.0;0.0;0.0;0.0;0.0;0.0;0.002558;0.015345
24170;0.480851;0.301277;0.100426;0.0;0.091915;0.0;0.0;0.0;0.0;0.0;0.0;0.0;0.0;0.0;0.001702;0.02383
24171;0.415;0.355;0.175;0.0;0.05;0.0;0.0;0.0;0.0;0.0;0.0;0.0;0.0;0.0;0.0;0.005
24172;0.260377;0.550943;0.124528;0.0;0.018868;0.0;0.0;0.0;0.0;0.0;0.0;0.0;0.0;0.0;0.015094;0.030189
24173;0.232036;0.461078;0.172156;0.0;0.019461;0.0;0.0;0.0;0.0;0.0;0.0;0.0;0.0;0.0;0.0;0.115269
24174;0.282392;0.335548;0.159468;0.0;0.059801;0.0;0.0;0.0;0.0;0.0;0.0;0.0;0.0;0.0;0.003322;0.159468
24175;0.251946;0.349611;0.181883;0.0;0.076433;0.0;0.0;0.0;0.0;0.0;0.0;0.0;0.0;0.0;0.005662;0.134466
24176;0.178261;0.508696;0.165217;0.0;0.026087;0.0;0.0;0.0;0.0;0.0;0.0;0.0;0.0;0.0;0.0;0.121739
24177;0.212465;0.478754;0.167139;0.0;0.03966;0.0;0.0;0.0;0.0;0.0;0.0;0.0;0.0;0.0;0.002833;0.09915
24178;0.291667;0.479167;0.0625;0.0;0.020833;0.0;0.0;0.0;0.0;0.0;0.0;0.0;0.0;0.0;0.0;0.145833
24179;0.183099;0.370892;0.206573;0.0;0.042254;0.0;0.0;0.0;0.0;0.0;0.0;0.0;0.0;0.0;0.0;0.197183
24180;0.226161;0.420538;0.206601;0.0;0.033007;0.0;0.0;0.0;0.0;0.0;0.0;0.0;0.0;0.0;0.001222;0.112469
24181;0.34466;0.447573;0.166019;0.0;0.02233;0.0;0.0;0.0;0.0;0.0;0.0;0.0;0.0;0.0;0.000971;0.018447
24182;0.210714;0.460714;0.121429;0.0;0.046429;0.0;0.0;0.0;0.0;0.0;0.0;0.0;0.0;0.0;0.010714;0.15
24183;0.308511;0.382979;0.141844;0.0;0.044326;0.0;0.0;0.0;0.0;0.0;0.0;0.0;0.0;0.0;0.001773;0.120567
24184;0.390244;0.398374;0.073171;0.0;0.04065;0.0;0.0;0.0;0.0;0.0;0.0;0.0;0.0;0.0;0.0;0.097561
24185;0.283186;0.492625;0.097345;0.0;0.070796;0.0;0.0;0.0;0.0;0.0;0.0;0.0;0.0;0.0;0.0;0.056047
24187;0.270125;0.407871;0.139535;0.0;0.050089;0.0;0.0;0.0;0.0;0.0;0.0;0.0;0.0;0.0;0.0;0.132379
24188;0.302787;0.394774;0.143902;0.0;0.042509;0.0;0.0;0.0;0.0;0.0;0.0;0.0;0.0;0.0;0.001394;0.114634
24189;0.256542;0.345327;0.221262;0.0;0.058879;0.0;0.0;0.0;0.0;0.0;0.0;0.0;0.0;0.0;0.000467;0.117523
24190;0.25;0.428571;0.205357;0.0;0.0625;0.0;0.0;0.0;0.0;0.0;0.0;0.0;0.0;0.0;0.0;0.053571
24191;0.272727;0.454545;0.136364;0.0;0.015152;0.0;0.0;0.0;0.0;0.0;0.0;0.0;0.0;0.0;0.0;0.121212
24193;0.351724;0.282759;0.141379;0.0;0.07931;0.0;0.0;0.0;0.0;0.0;0.0;0.0;0.0;0.0;0.0;0.144828
24194;0.5;0.205556;0.133333;0.0;0.066667;0.0;0.0;0.0;0.0;0.0;0.0;0.0;0.0;0.0;0.033333;0.061111
24196;0.491629;0.324962;0.081431;0.0;0.087519;0.0;0.0;0.0;0.0;0.0;0.0;0.0;0.0;0.0;0.002283;0.012177
24197;0.250454;0.395644;0.172414;0.0;0.07078;0.0;0.0;0.0;0.0;0.0;0.0;0.0;0.0;0.0;0.0;0.110708
24198;0.487106;0.358166;0.103152;0.0;0.045845;0.0;0.0;0.0;0.0;0.0;0.0;0.0;0.0;0.0;0.0;0.005731
24199;0.29682;0.409894;0.141343;0.0;0.067138;0.0;0.0;0.0;0.0;0.0;0.0;0.0;0.0;0.0;0.0;0.084806
24201;0.275457;0.37859;0.169713;0.0;0.041775;0.0;0.0;0.0;0.0;0.0;0.0;0.0;0.0;0.0;0.001305;0.133159
24202;0.476854;0.249898;0.083982;0.0;0.141745;0.0;0.0;0.0;0.0;0.0;0.0;0.0;0.0;0.0;0.001229;0.046293
24203;0.150685;0.520548;0.178082;0.0;0.041096;0.0;0.0;0.0;0.0;0.0;0.0;0.0;0.0;0.0;0.0;0.109589
24205;0.258312;0.452685;0.149616;0.0;0.044757;0.0;0.0;0.0;0.0;0.0;0.0;0.0;0.0;0.0;0.001279;0.09335
24206;0.434316;0.365505;0.093834;0.0;0.09294;0.0;0.0;0.0;0.0;0.0;0.0;0.0;0.0;0.0;0.002681;0.010724
24207;0.315534;0.451456;0.121359;0.0;0.038835;0.0;0.0;0.0;0.0;0.0;0.0;0.0;0.0;0.0;0.0;0.072816
24209;0.439209;0.430483;0.054683;0.0;0.057592;0.0;0.0;0.0;0.0;0.0;0.0;0.0;0.0;0.0;0.001745;0.016289
24210;0.341902;0.359897;0.141388;0.0;0.087404;0.0;0.0;0.0;0.0;0.0;0.0;0.0;0.0;0.0;0.0;0.069409
24211;0.221675;0.497537;0.192118;0.0;0.014778;0.0;0.0;0.0;0.0;0.0;0.0;0.0;0.0;0.0;0.0;0.073892
24212;0.313269;0.387141;0.127223;0.0;0.032832;0.0;0.0;0.0;0.0;0.0;0.0;0.0;0.0;0.0;0.001368;0.138167
24213;0.278689;0.401639;0.155738;0.0;0.016393;0.0;0.0;0.0;0.0;0.0;0.0;0.0;0.0;0.0;0.0;0.147541
24214;0.409836;0.337237;0.091335;0.0;0.081967;0.0;0.0;0.0;0.0;0.0;0.0;0.0;0.0;0.0;0.002342;0.077283
24215;0.210526;0.431579;0.221053;0.0;0.042105;0.0;0.0;0.0;0.0;0.0;0.0;0.0;0.0;0.0;0.010526;0.084211
24216;0.288889;0.486667;0.1;0.0;0.057778;0.0;0.0;0.0;0.0;0.0;0.0;0.0;0.0;0.0;0.0;0.066667
24217;0.226804;0.515464;0.092784;0.0;0.041237;0.0;0.0;0.0;0.0;0.0;0.0;0.0;0.0;0.0;0.0;0.123711
24218;0.244048;0.360119;0.181548;0.0;0.053571;0.0;0.0;0.0;0.0;0.0;0.0;0.0;0.0;0.0;0.0;0.160714
24219;0.238506;0.454023;0.152299;0.0;0.057471;0.0;0.0;0.0;0.0;0.0;0.0;0.0;0.0;0.0;0.0;0.097701
24221;0.221154;0.486538;0.163462;0.0;0.036538;0.0;0.0;0.0;0.0;0.0;0.0;0.0;0.0;0.0;0.0;0.092308
24222;0.305362;0.321919;0.160395;0.0;0.078363;0.0;0.0;0.0;0.0;0.0;0.0;0.0;0.0;0.0;0.001223;0.132738
24223;0.286761;0.369014;0.12338;0.0;0.07662;0.0;0.0;0.0;0.0;0.0;0.0;0.0;0.0;0.0;0.0;0.144225
24224;0.308861;0.407595;0.106329;0.0;0.065823;0.0;0.0;0.0;0.0;0.0;0.0;0.0;0.0;0.0;0.0;0.111392
24225;0.22486;0.375698;0.180168;0.0;0.072626;0.0;0.0;0.0;0.0;0.0;0.0;0.0;0.0;0.0;0.00419;0.142458
24226;0.2;0.508333;0.125;0.0;0.033333;0.0;0.0;0.0;0.0;0.0;0.0;0.0;0.0;0.0;0.0;0.133333
24227;0.238556;0.372359;0.183979;0.0;0.048415;0.0;0.0;0.0;0.0;0.0;0.0;0.0;0.0;0.0;0.004401;0.152289
24228;0.202156;0.477089;0.140162;0.0;0.045822;0.0;0.0;0.0;0.0;0.0;0.0;0.0;0.0;0.0;0.002695;0.132075
24229;0.250896;0.473118;0.11828;0.0;0.032258;0.0;0.0;0.0;0.0;0.0;0.0;0.0;0.0;0.0;0.0;0.125448
24230;0.235915;0.514085;0.140845;0.0;0.052817;0.0;0.0;0.0;0.0;0.0;0.0;0.0;0.0;0.0;0.0;0.056338
24901;0.343186;0.330049;0.151067;0.0;0.065681;0.0;0.0;0.0;0.0;0.0;0.0;0.0;0.0;0.0;0.00821;0.101806
24902;0.310484;0.41129;0.149194;0.0;0.03629;0.0;0.0;0.0;0.0;0.0;0.0;0.0;0.0;0.0;0.0;0.092742
25001;0.164179;0.134328;0.059701;0.0;0.134328;0.179104;0.208955;0.074627;0.0;0.0;0.0;0.0;0.0;0.0;0.0;0.044776
25002;0.240803;0.050167;0.056856;0.0;0.06689;0.227425;0.270903;0.063545;0.0;0.0;0.0;0.0;0.0;0.0;0.0;0.023411
25003;0.249541;0.099541;0.069725;0.0;0.070183;0.23578;0.223853;0.021101;0.0;0.0;0.0;0.0;0.0;0.0;0.0;0.030275
25004;0.258065;0.077957;0.075269;0.0;0.069892;0.27957;0.198925;0.005376;0.0;0.0;0.0;0.0;0.0;0.0;0.0;0.034946
25005;0.343195;0.076923;0.029586;0.0;0.088757;0.195266;0.201183;0.047337;0.0;0.0;0.0;0.0;0.0;0.0;0.0;0.017751
25006;0.298969;0.072165;0.097938;0.0;0.113402;0.237113;0.159794;0.020619;0.0;0.0;0.0;0.0;0.0;0.0;0.0;0.0
25007;0.266667;0.110303;0.121212;0.0;0.100606;0.206061;0.150303;0.026667;0.0;0.0;0.0;0.0;0.0;0.0;0.0;0.018182
25008;0.25257;0.127753;0.033774;0.0;0.064611;0.25257;0.221733;0.036711;0.0;0.0;0.0;0.0;0.0;0.0;0.0;0.010279
25009;0.254279;0.124694;0.07335;0.0;0.04401;0.198044;0.268949;0.031785;0.0;0.0;0.0;0.0;0.0;0.0;0.0;0.00489
25010;0.211009;0.018349;0.009174;0.0;0.06422;0.321101;0.275229;0.091743;0.0;0.0;0.0;0.0;0.0;0.0;0.0;0.009174
25011;0.298928;0.131702;0.089812;0.0;0.07071;0.222185;0.135389;0.025469;0.0;0.0;0.0;0.0;0.0;0.0;0.0;0.025804
25012;0.309158;0.125275;0.100366;0.0;0.112821;0.167033;0.117216;0.025641;0.0;0.0;0.0;0.0;0.0;0.0;0.0;0.042491
25013;0.368333;0.13;0.049167;0.0;0.073333;0.140833;0.2025;0.01;0.0;0.0;0.0;0.0;0.0;0.0;0.0;0.025833
25014;0.132353;0.058824;0.014706;0.0;0.066176;0.352941;0.242647;0.102941;0.0;0.0;0.0;0.0;0.0;0.0;0.0;0.029412
25015;0.205882;0.098039;0.02451;0.0;0.073529;0.303922;0.27451;0.019608;0.0;0.0;0.0;0.0;0.0;0.0;0.0;0.0
25016;0.259011;0.099749;0.050293;0.0;0.060352;0.279128;0.207041;0.0285;0.0;0.0;0.0;0.0;0.0;0.0;0.0;0.015926
25017;0.294118;0.071895;0.026144;0.0;0.065359;0.248366;0.235294;0.026144;0.0;0.0;0.0;0.0;0.0;0.0;0.0;0.03268
25019;0.314594;0.154794;0.079322;0.0;0.100116;0.170581;0.136311;0.021948;0.0;0.0;0.0;0.0;0.0;0.0;0.0;0.022333
25020;0.277457;0.104046;0.034682;0.0;0.046243;0.236994;0.271676;0.00578;0.0;0.0;0.0;0.0;0.0;0.0;0.0;0.023121
25021;0.346657;0.071675;0.057202;0.0;0.060648;0.247416;0.17643;0.02481;0.0;0.0;0.0;0.0;0.0;0.0;0.0;0.015162
25022;0.254237;0.067797;0.016949;0.0;0.101695;0.186441;0.322034;0.0;0.0;0.0;0.0;0.0;0.0;0.0;0.0;0.050847
25023;0.266623;0.172099;0.073012;0.0;0.085724;0.176988;0.187744;0.017927;0.0;0.0;0.0;0.0;0.0;0.0;0.0;0.019883
25024;0.266949;0.033898;0.004237;0.0;0.072034;0.29661;0.207627;0.097458;0.0;0.0;0.0;0.0;0.0;0.0;0.0;0.021186
25025;0.296178;0.266454;0.129512;0.0;0.092357;0.091295;0.077495;0.02017;0.0;0.0;0.0;0.0;0.0;0.0;0.0;0.026539
25027;0.196995;0.086811;0.065109;0.0;0.046745;0.258765;0.312187;0.020033;0.0;0.0;0.0;0.0;0.0;0.0;0.0;0.013356
25029;0.297297;0.061776;0.043436;0.0;0.045367;0.266409;0.215251;0.05695;0.0;0.0;0.0;0.0;0.0;0.0;0.0;0.013514
25030;0.207317;0.04878;0.073171;0.0;0.036585;0.170732;0.341463;0.073171;0.0;0.0;0.0;0.0;0.0;0.0;0.0;0.04878
25031;0.282051;0.410256;0.205128;0.0;0.025641;0.0;0.076923;0.0;0.0;0.0;0.0;0.0;0.0;0.0;0.0;0.0
25032;0.093023;0.023256;0.0;0.0;0.046512;0.55814;0.139535;0.116279;0.0;0.0;0.0;0.0;0.0;0.0;0.0;0.023256
25033;0.234652;0.081855;0.039563;0.0;0.080491;0.289222;0.21146;0.039563;0.0;0.0;0.0;0.0;0.0;0.0;0.0;0.023192
25034;0.19665;0.088128;0.04807;0.0;0.057538;0.285506;0.251275;0.040058;0.0;0.0;0.0;0.0;0.0;0.0;0.0;0.032775
25035;0.218623;0.11336;0.060729;0.0;0.105263;0.206478;0.259109;0.012146;0.0;0.0;0.0;0.0;0.0;0.0;0.0;0.024291
25036;0.265957;0.138298;0.074468;0.0;0.042553;0.244681;0.138298;0.085106;0.0;0.0;0.0;0.0;0.0;0.0;0.0;0.010638
25037;0.21256;0.062802;0.077295;0.0;0.05314;0.222222;0.31401;0.028986;0.0;0.0;0.0;0.0;0.0;0.0;0.0;0.028986
25038;0.265625;0.238839;0.055804;0.0;0.041295;0.205357;0.142857;0.006696;0.0;0.0;0.0;0.0;0.0;0.0;0.0;0.043527
25039;0.19898;0.056122;0.0;0.0;0.153061;0.219388;0.22449;0.137755;0.0;0.0;0.0;0.0;0.0;0.0;0.0;0.010204
25040;0.351943;0.122365;0.0667;0.0;0.070817;0.169302;0.175395;0.019763;0.0;0.0;0.0;0.0;0.0;0.0;0.0;0.023715
25041;0.260563;0.088028;0.052817;0.0;0.052817;0.264085;0.200704;0.03169;0.0;0.0;0.0;0.0;0.0;0.0;0.0;0.049296
25042;0.171171;0.135135;0.063063;0.0;0.117117;0.099099;0.234234;0.018018;0.0;0.0;0.0;0.0;0.0;0.0;0.0;0.162162
25043;0.220486;0.059028;0.017361;0.0;0.123264;0.317708;0.157986;0.076389;0.0;0.0;0.0;0.0;0.0;0.0;0.0;0.027778
25044;0.127119;0.220339;0.059322;0.0;0.050847;0.135593;0.338983;0.033898;0.0;0.0;0.0;0.0;0.0;0.0;0.0;0.033898
25045;0.117647;0.205882;0.029412;0.0;0.088235;0.5;0.029412;0.029412;0.0;0.0;0.0;0.0;0.0;0.0;0.0;0.0
25046;0.283636;0.083636;0.029091;0.0;0.065455;0.232727;0.210909;0.076364;0.0;0.0;0.0;0.0;0.0;0.0;0.0;0.018182
25047;0.179032;0.08871;0.024194;0.0;0.06129;0.351613;0.258065;0.022581;0.0;0.0;0.0;0.0;0.0;0.0;0.0;0.014516
25048;0.262357;0.098859;0.060837;0.0;0.070342;0.258555;0.214829;0.01616;0.0;0.0;0.0;0.0;0.0;0.0;0.0;0.018061
25049;0.147368;0.126316;0.105263;0.0;0.010526;0.263158;0.221053;0.052632;0.0;0.0;0.0;0.0;0.0;0.0;0.0;0.073684
25050;0.23301;0.078692;0.057741;0.0;0.056719;0.339295;0.1814;0.036791;0.0;0.0;0.0;0.0;0.0;0.0;0.0;0.016352
25051;0.237918;0.080855;0.032528;0.0;0.116171;0.246283;0.20539;0.053903;0.0;0.0;0.0;0.0;0.0;0.0;0.0;0.026952
25052;0.251064;0.064894;0.045745;0.0;0.06383;0.280851;0.248936;0.030851;0.0;0.0;0.0;0.0;0.0;0.0;0.0;0.01383
25053;0.267114;0.111409;0.07651;0.0;0.077852;0.17047;0.241611;0.036242;0.0;0.0;0.0;0.0;0.0;0.0;0.0;0.018792
25055;0.23913;0.108696;0.065217;0.0;0.021739;0.152174;0.336957;0.043478;0.0;0.0;0.0;0.0;0.0;0.0;0.0;0.032609
25056;0.287037;0.018519;0.046296;0.0;0.055556;0.166667;0.333333;0.055556;0.0;0.0;0.0;0.0;0.0;0.0;0.0;0.037037
25057;0.337931;0.213793;0.075862;0.0;0.165517;0.082759;0.082759;0.013793;0.0;0.0;0.0;0.0;0.0;0.0;0.0;0.027586
25058;0.242761;0.073384;0.044823;0.0;0.054344;0.275288;0.241571;0.04403;0.0;0.0;0.0;0.0;0.0;0.0;0.0;0.0238
25059;0.413284;0.243542;0.103321;0.0;0.084871;0.053506;0.068266;0.01107;0.0;0.0;0.0;0.0;0.0;0.0;0.0;0.02214
25060;0.068966;0.172414;0.034483;0.0;0.0;0.275862;0.413793;0.034483;0.0;0.0;0.0;0.0;0.0;0.0;0.0;0.0
25061;0.186047;0.093023;0.139535;0.0;0.023256;0.186047;0.27907;0.0;0.0;0.0;0.0;0.0;0.0;0.0;0.0;0.093023
25062;0.214447;0.092551;0.049661;0.0;0.090293;0.266366;0.21219;0.049661;0.0;0.0;0.0;0.0;0.0;0.0;0.0;0.024831
25063;0.333333;0.137255;0.176471;0.0;0.019608;0.176471;0.098039;0.0;0.0;0.0;0.0;0.0;0.0;0.0;0.0;0.058824
25064;0.162162;0.108108;0.027027;0.0;0.027027;0.094595;0.405405;0.135135;0.0;0.0;0.0;0.0;0.0;0.0;0.0;0.040541
25067;0.262651;0.118072;0.057831;0.0;0.089157;0.185542;0.226506;0.036145;0.0;0.0;0.0;0.0;0.0;0.0;0.0;0.024096
25068;0.248276;0.044828;0.041379;0.0;0.051724;0.189655;0.358621;0.027586;0.0;0.0;0.0;0.0;0.0;0.0;0.0;0.037931
25069;0.2;0.085714;0.085714;0.0;0.04898;0.314286;0.228571;0.016327;0.0;0.0;0.0;0.0;0.0;0.0;0.0;0.020408
25070;0.212062;0.064202;0.046693;0.0;0.081712;0.270428;0.243191;0.062257;0.0;0.0;0.0;0.0;0.0;0.0;0.0;0.019455
25071;0.076923;0.115385;0.0;0.0;0.115385;0.153846;0.384615;0.153846;0.0;0.0;0.0;0.0;0.0;0.0;0.0;0.0
25072;0.31529;0.112165;0.06808;0.0;0.074219;0.173828;0.20173;0.030692;0.0;0.0;0.0;0.0;0.0;0.0;0.0;0.023996
25073;0.227129;0.025237;0.069401;0.0;0.088328;0.337539;0.211356;0.015773;0.0;0.0;0.0;0.0;0.0;0.0;0.0;0.025237
25074;0.117117;0.036036;0.063063;0.0;0.072072;0.441441;0.234234;0.009009;0.0;0.0;0.0;0.0;0.0;0.0;0.0;0.027027
25075;0.113402;0.041237;0.061856;0.0;0.082474;0.319588;0.216495;0.113402;0.0;0.0;0.0;0.0;0.0;0.0;0.0;0.051546
25076;0.227273;0.068182;0.079545;0.0;0.068182;0.352273;0.181818;0.011364;0.0;0.0;0.0;0.0;0.0;0.0;0.0;0.011364
25077;0.210909;0.08;0.032727;0.0;0.123636;0.214545;0.232727;0.090909;0.0;0.0;0.0;0.0;0.0;0.0;0.0;0.014545
25078;0.233807;0.07425;0.039494;0.0;0.085308;0.28594;0.224329;0.041074;0.0;0.0;0.0;0.0;0.0;0.0;0.0;0.015798
25079;0.162437;0.081218;0.025381;0.0;0.076142;0.28934;0.274112;0.050761;0.0;0.0;0.0;0.0;0.0;0.0;0.0;0.040609
25081;0.25641;0.070513;0.051282;0.0;0.089744;0.230769;0.217949;0.038462;0.0;0.0;0.0;0.0;0.0;0.0;0.0;0.044872
25082;0.270833;0.052083;0.052083;0.0;0.067708;0.28125;0.255208;0.010417;0.0;0.0;0.0;0.0;0.0;0.0;0.0;0.010417
25085;0.166667;0.208333;0.0625;0.0;0.0625;0.166667;0.270833;0.041667;0.0;0.0;0.0;0.0;0.0;0.0;0.0;0.020833
25086;0.182081;0.034682;0.028902;0.0;0.109827;0.309249;0.231214;0.063584;0.0;0.0;0.0;0.0;0.0;0.0;0.0;0.040462
25087;0.16129;0.0;0.032258;0.0;0.032258;0.193548;0.419355;0.16129;0.0;0.0;0.0;0.0;0.0;0.0;0.0;0.0
25088;0.162162;0.040541;0.0;0.0;0.013514;0.310811;0.445946;0.0;0.0;0.0;0.0;0.0;0.0;0.0;0.0;0.027027
25089;0.16129;0.0;0.016129;0.0;0.145161;0.241935;0.209677;0.16129;0.0;0.0;0.0;0.0;0.0;0.0;0.0;0.064516
25092;0.204545;0.045455;0.034091;0.0;0.102273;0.261364;0.25;0.056818;0.0;0.0;0.0;0.0;0.0;0.0;0.0;0.045455
25093;0.223404;0.109043;0.069149;0.0;0.06117;0.180851;0.271277;0.045213;0.0;0.0;0.0;0.0;0.0;0.0;0.0;0.039894
25094;0.191011;0.123596;0.011236;0.0;0.044944;0.213483;0.370787;0.022472;0.0;0.0;0.0;0.0;0.0;0.0;0.0;0.022472
25096;0.227642;0.111789;0.052846;0.0;0.079268;0.22561;0.26626;0.020325;0.0;0.0;0.0;0.0;0.0;0.0;0.0;0.01626
25097;0.081967;0.180328;0.0;0.0;0.032787;0.491803;0.131148;0.081967;0.0;0.0;0.0;0.0;0.0;0.0;0.0;0.0
25098;0.253521;0.028169;0.035211;0.0;0.06338;0.246479;0.288732;0.077465;0.0;0.0;0.0;0.0;0.0;0.0;0.0;0.007042
25099;0.260705;0.086902;0.060453;0.0;0.047859;0.206549;0.275819;0.034005;0.0;0.0;0.0;0.0;0.0;0.0;0.0;0.027708
25100;0.220183;0.018349;0.045872;0.0;0.100917;0.238532;0.302752;0.073394;0.0;0.0;0.0;0.0;0.0;0.0;0.0;0.0
25101;0.190751;0.026012;0.046243;0.0;0.026012;0.309249;0.297688;0.069364;0.0;0.0;0.0;0.0;0.0;0.0;0.0;0.034682
25102;0.281095;0.134328;0.052239;0.0;0.069652;0.149254;0.273632;0.017413;0.0;0.0;0.0;0.0;0.0;0.0;0.0;0.022388
25103;0.228916;0.060241;0.060241;0.0;0.048193;0.204819;0.349398;0.024096;0.0;0.0;0.0;0.0;0.0;0.0;0.0;0.024096
25104;0.183908;0.068966;0.126437;0.0;0.08046;0.137931;0.321839;0.045977;0.0;0.0;0.0;0.0;0.0;0.0;0.0;0.034483
25105;0.195402;0.045977;0.057471;0.0;0.149425;0.252874;0.252874;0.022989;0.0;0.0;0.0;0.0;0.0;0.0;0.0;0.022989
25109;0.154412;0.073529;0.036765;0.0;0.080882;0.205882;0.375;0.014706;0.0;0.0;0.0;0.0;0.0;0.0;0.0;0.058824
25110;0.297054;0.079976;0.046903;0.0;0.076969;0.203848;0.244137;0.029465;0.0;0.0;0.0;0.0;0.0;0.0;0.0;0.021648
25111;0.232877;0.054795;0.0;0.0;0.0;0.246575;0.369863;0.041096;0.0;0.0;0.0;0.0;0.0;0.0;0.0;0.054795
25112;0.163743;0.140351;0.093567;0.0;0.081871;0.274854;0.187135;0.052632;0.0;0.0;0.0;0.0;0.0;0.0;0.0;0.005848
25113;0.246879;0.062413;0.0319;0.0;0.049931;0.312067;0.239945;0.036061;0.0;0.0;0.0;0.0;0.0;0.0;0.0;0.020804
25114;0.063492;0.015873;0.015873;0.0;0.0;0.365079;0.507937;0.015873;0.0;0.0;0.0;0.0;0.0;0.0;0.0;0.015873
25115;0.243802;0.068182;0.047521;0.0;0.028926;0.225207;0.340909;0.030992;0.0;0.0;0.0;0.0;0.0;0.0;0.0;0.014463
25118;0.198068;0.130435;0.082126;0.0;0.077295;0.256039;0.217391;0.028986;0.0;0.0;0.0;0.0;0.0;0.0;0.0;0.009662
25119;0.263799;0.08172;0.023656;0.0;0.05448;0.236559;0.283871;0.039427;0.0;0.0;0.0;0.0;0.0;0.0;0.0;0.016487
25120;0.350014;0.182245;0.091791;0.0;0.090924;0.129455;0.117328;0.017205;0.0;0.0;0.0;0.0;0.0;0.0;0.0;0.021037
25121;0.48072;0.172237;0.089974;0.0;0.092545;0.097686;0.041131;0.007712;0.0;0.0;0.0;0.0;0.0;0.0;0.0;0.017995
25122;0.231029;0.091062;0.048061;0.0;0.064081;0.215008;0.290051;0.043002;0.0;0.0;0.0;0.0;0.0;0.0;0.0;0.017707
25123;0.163265;0.034014;0.0;0.0;0.14966;0.326531;0.231293;0.047619;0.0;0.0;0.0;0.0;0.0;0.0;0.0;0.047619
25124;0.106383;0.223404;0.021277;0.0;0.042553;0.170213;0.244681;0.117021;0.0;0.0;0.0;0.0;0.0;0.0;0.0;0.074468
25125;0.232456;0.105263;0.026316;0.0;0.04386;0.289474;0.245614;0.04386;0.0;0.0;0.0;0.0;0.0;0.0;0.0;0.013158
25126;0.251256;0.080402;0.01005;0.0;0.110553;0.301508;0.155779;0.075377;0.0;0.0;0.0;0.0;0.0;0.0;0.0;0.015075
25127;0.178571;0.035714;0.0;0.0;0.128571;0.25;0.25;0.128571;0.0;0.0;0.0;0.0;0.0;0.0;0.0;0.028571
25128;0.356164;0.041096;0.013699;0.0;0.082192;0.164384;0.219178;0.082192;0.0;0.0;0.0;0.0;0.0;0.0;0.0;0.041096
25129;0.113208;0.037736;0.075472;0.0;0.075472;0.226415;0.292453;0.160377;0.0;0.0;0.0;0.0;0.0;0.0;0.0;0.018868
25130;0.24031;0.03876;0.069767;0.0;0.062016;0.20155;0.271318;0.108527;0.0;0.0;0.0;0.0;0.0;0.0;0.0;0.007752
25131;0.288973;0.08365;0.038023;0.0;0.041825;0.323194;0.186312;0.038023;0.0;0.0;0.0;0.0;0.0;0.0;0.0;0.0
25132;0.173913;0.108696;0.043478;0.0;0.043478;0.26087;0.282609;0.0;0.0;0.0;0.0;0.0;0.0;0.0;0.0;0.086957
25133;0.237975;0.088608;0.053165;0.0;0.048101;0.202532;0.313924;0.03038;0.0;0.0;0.0;0.0;0.0;0.0;0.0;0.025316
25134;0.324808;0.104859;0.028133;0.0;0.048593;0.219949;0.199488;0.023018;0.0;0.0;0.0;0.0;0.0;0.0;0.0;0.051151
25135;0.264957;0.095726;0.082051;0.0;0.061538;0.188034;0.271795;0.015385;0.0;0.0;0.0;0.0;0.0;0.0;0.0;0.020513
25136;0.084746;0.186441;0.016949;0.0;0.067797;0.237288;0.322034;0.084746;0.0;0.0;0.0;0.0;0.0;0.0;0.0;0.0
25137;0.323224;0.111133;0.079409;0.0;0.068236;0.160814;0.193536;0.033719;0.0;0.0;0.0;0.0;0.0;0.0;0.0;0.029928
25138;0.267956;0.110497;0.055249;0.0;0.035912;0.267956;0.207182;0.030387;0.0;0.0;0.0;0.0;0.0;0.0;0.0;0.024862
25139;0.145963;0.046584;0.049689;0.0;0.096273;0.350932;0.220497;0.080745;0.0;0.0;0.0;0.0;0.0;0.0;0.0;0.009317
25140;0.268908;0.092437;0.042017;0.0;0.113445;0.170168;0.231092;0.05042;0.0;0.0;0.0;0.0;0.0;0.0;0.0;0.031513
25141;0.114943;0.068966;0.045977;0.0;0.149425;0.195402;0.298851;0.057471;0.0;0.0;0.0;0.0;0.0;0.0;0.0;0.068966
25142;0.251046;0.083682;0.062762;0.0;0.050209;0.334728;0.16318;0.033473;0.0;0.0;0.0;0.0;0.0;0.0;0.0;0.020921
25143;0.369231;0.107692;0.030769;0.0;0.076923;0.092308;0.276923;0.015385;0.0;0.0;0.0;0.0;0.0;0.0;0.0;0.030769
25145;0.074074;0.0;0.037037;0.0;0.0;0.277778;0.462963;0.018519;0.0;0.0;0.0;0.0;0.0;0.0;0.0;0.12963
25146;0.13245;0.092715;0.046358;0.0;0.099338;0.125828;0.390728;0.072848;0.0;0.0;0.0;0.0;0.0;0.0;0.0;0.039735
25148;0.107143;0.121429;0.064286;0.0;0.014286;0.2;0.4;0.05;0.0;0.0;0.0;0.0;0.0;0.0;0.0;0.042857
25149;0.306522;0.080435;0.028261;0.0;0.052174;0.204348;0.292391;0.025;0.0;0.0;0.0;0.0;0.0;0.0;0.0;0.01087
25150;0.146552;0.146552;0.12069;0.0;0.051724;0.137931;0.353448;0.017241;0.0;0.0;0.0;0.0;0.0;0.0;0.0;0.025862
25151;0.123667;0.127932;0.072495;0.0;0.055437;0.204691;0.326226;0.061834;0.0;0.0;0.0;0.0;0.0;0.0;0.0;0.027719
25152;0.136364;0.102273;0.045455;0.0;0.045455;0.136364;0.443182;0.034091;0.0;0.0;0.0;0.0;0.0;0.0;0.0;0.056818
25153;0.267241;0.198276;0.094828;0.0;0.025862;0.241379;0.12931;0.025862;0.0;0.0;0.0;0.0;0.0;0.0;0.0;0.017241
25154;0.1;0.057143;0.042857;0.0;0.042857;0.3;0.342857;0.057143;0.0;0.0;0.0;0.0;0.0;0.0;0.0;0.057143
25155;0.25266;0.06383;0.055851;0.0;0.06117;0.226064;0.289894;0.039894;0.0;0.0;0.0;0.0;0.0;0.0;0.0;0.010638
25156;0.25046;0.092081;0.040516;0.0;0.121547;0.208103;0.209945;0.034991;0.0;0.0;0.0;0.0;0.0;0.0;0.0;0.042357
25157;0.254237;0.076271;0.118644;0.0;0.016949;0.194915;0.254237;0.050847;0.0;0.0;0.0;0.0;0.0;0.0;0.0;0.033898
25158;0.219748;0.066796;0.061955;0.0;0.060987;0.28364;0.237173;0.037754;0.0;0.0;0.0;0.0;0.0;0.0;0.0;0.031946
25161;0.223881;0.059701;0.004975;0.0;0.119403;0.308458;0.21393;0.059701;0.0;0.0;0.0;0.0;0.0;0.0;0.0;0.00995
25163;0.209459;0.074324;0.094595;0.0;0.081081;0.175676;0.256757;0.047297;0.0;0.0;0.0;0.0;0.0;0.0;0.0;0.060811
25164;0.212963;0.092593;0.023148;0.0;0.018519;0.222222;0.398148;0.009259;0.0;0.0;0.0;0.0;0.0;0.0;0.0;0.023148
25165;0.190476;0.121693;0.042328;0.0;0.031746;0.248677;0.328042;0.021164;0.0;0.0;0.0;0.0;0.0;0.0;0.0;0.015873
25166;0.069565;0.173913;0.043478;0.0;0.043478;0.321739;0.26087;0.052174;0.0;0.0;0.0;0.0;0.0;0.0;0.0;0.034783
25167;0.071942;0.208633;0.064748;0.0;0.064748;0.093525;0.323741;0.093525;0.0;0.0;0.0;0.0;0.0;0.0;0.0;0.079137
25168;0.123867;0.123867;0.066465;0.0;0.045317;0.244713;0.332326;0.042296;0.0;0.0;0.0;0.0;0.0;0.0;0.0;0.021148
25169;0.348837;0.069767;0.031008;0.0;0.077519;0.178295;0.20155;0.085271;0.0;0.0;0.0;0.0;0.0;0.0;0.0;0.007752
25170;0.233533;0.041916;0.041916;0.0;0.077844;0.209581;0.323353;0.047904;0.0;0.0;0.0;0.0;0.0;0.0;0.0;0.023952
25171;0.32829;0.055976;0.03177;0.0;0.069592;0.251891;0.210287;0.035552;0.0;0.0;0.0;0.0;0.0;0.0;0.0;0.016641
25172;0.253444;0.10101;0.024793;0.0;0.039486;0.240588;0.275482;0.038567;0.0;0.0;0.0;0.0;0.0;0.0;0.0;0.02663
25173;0.411607;0.105357;0.059821;0.0;0.122321;0.14375;0.107143;0.034821;0.0;0.0;0.0;0.0;0.0;0.0;0.0;0.015179
25174;0.34386;0.063158;0.059649;0.0;0.073684;0.182456;0.22807;0.017544;0.0;0.0;0.0;0.0;0.0;0.0;0.0;0.031579
25175;0.142857;0.15873;0.071429;0.0;0.150794;0.111111;0.301587;0.02381;0.0;0.0;0.0;0.0;0.0;0.0;0.0;0.039683
25176;0.164319;0.112676;0.065728;0.0;0.037559;0.220657;0.328638;0.056338;0.0;0.0;0.0;0.0;0.0;0.0;0.0;0.014085
25177;0.185366;0.068293;0.097561;0.0;0.117073;0.243902;0.2;0.029268;0.0;0.0;0.0;0.0;0.0;0.0;0.0;0.058537
25179;0.163121;0.070922;0.049645;0.0;0.099291;0.22695;0.312057;0.070922;0.0;0.0;0.0;0.0;0.0;0.0;0.0;0.007092
25180;0.18254;0.071429;0.039683;0.0;0.047619;0.190476;0.404762;0.015873;0.0;0.0;0.0;0.0;0.0;0.0;0.0;0.047619
25181;0.193182;0.136364;0.034091;0.0;0.090909;0.159091;0.318182;0.034091;0.0;0.0;0.0;0.0;0.0;0.0;0.0;0.034091
25182;0.319767;0.109012;0.078488;0.0;0.077035;0.193314;0.170058;0.02907;0.0;0.0;0.0;0.0;0.0;0.0;0.0;0.023256
25183;0.194529;0.079027;0.051672;0.0;0.12462;0.218845;0.212766;0.054711;0.0;0.0;0.0;0.0;0.0;0.0;0.0;0.06383
25185;0.29563;0.089974;0.043702;0.0;0.07455;0.179949;0.239075;0.051414;0.0;0.0;0.0;0.0;0.0;0.0;0.0;0.025707
25186;0.120567;0.070922;0.070922;0.0;0.070922;0.156028;0.425532;0.070922;0.0;0.0;0.0;0.0;0.0;0.0;0.0;0.014184
25189;0.307573;0.115147;0.083462;0.0;0.097372;0.180062;0.164606;0.032457;0.0;0.0;0.0;0.0;0.0;0.0;0.0;0.01932
25190;0.331461;0.044944;0.0;0.0;0.11236;0.308989;0.117978;0.067416;0.0;0.0;0.0;0.0;0.0;0.0;0.0;0.016854
25191;0.191489;0.12766;0.090426;0.0;0.026596;0.132979;0.345745;0.031915;0.0;0.0;0.0;0.0;0.0;0.0;0.0;0.053191
25192;0.258252;0.069903;0.07767;0.0;0.091262;0.223301;0.217476;0.034951;0.0;0.0;0.0;0.0;0.0;0.0;0.0;0.027184
25193;0.206963;0.065764;0.015474;0.0;0.059961;0.199226;0.326886;0.087041;0.0;0.0;0.0;0.0;0.0;0.0;0.0;0.038685
25194;0.189394;0.090909;0.041667;0.0;0.045455;0.17803;0.412879;0.022727;0.0;0.0;0.0;0.0;0.0;0.0;0.0;0.018939
25196;0.380282;0.042254;0.028169;0.0;0.098592;0.183099;0.197183;0.056338;0.0;0.0;0.0;0.0;0.0;0.0;0.0;0.014085
25197;0.126126;0.036036;0.018018;0.0;0.045045;0.405405;0.261261;0.108108;0.0;0.0;0.0;0.0;0.0;0.0;0.0;0.0
25200;0.306931;0.059406;0.034653;0.0;0.034653;0.29703;0.193069;0.049505;0.0;0.0;0.0;0.0;0.0;0.0;0.0;0.024752
25201;0.121212;0.19697;0.045455;0.0;0.075758;0.151515;0.242424;0.045455;0.0;0.0;0.0;0.0;0.0;0.0;0.0;0.121212
25202;0.264706;0.058824;0.029412;0.0;0.176471;0.235294;0.132353;0.088235;0.0;0.0;0.0;0.0;0.0;0.0;0.0;0.014706
25203;0.33704;0.130813;0.053174;0.0;0.095026;0.184594;0.142944;0.034776;0.0;0.0;0.0;0.0;0.0;0.0;0.0;0.021634
25204;0.292;0.092;0.062667;0.0;0.048;0.233333;0.244;0.02;0.0;0.0;0.0;0.0;0.0;0.0;0.0;0.008
25205;0.275568;0.105114;0.0625;0.0;0.071023;0.178977;0.258523;0.017045;0.0;0.0;0.0;0.0;0.0;0.0;0.0;0.03125
25206;0.230216;0.079137;0.014388;0.0;0.05036;0.23741;0.345324;0.014388;0.0;0.0;0.0;0.0;0.0;0.0;0.0;0.028777
25207;0.252119;0.083951;0.038665;0.0;0.083951;0.23411;0.223782;0.058792;0.0;0.0;0.0;0.0;0.0;0.0;0.0;0.024629
25208;0.223744;0.022831;0.009132;0.0;0.187215;0.214612;0.182648;0.136986;0.0;0.0;0.0;0.0;0.0;0.0;0.0;0.022831
25209;0.253891;0.081712;0.032101;0.0;0.126459;0.241245;0.195525;0.052529;0.0;0.0;0.0;0.0;0.0;0.0;0.0;0.016537
25210;0.326866;0.107463;0.031343;0.0;0.038806;0.249254;0.223881;0.008955;0.0;0.0;0.0;0.0;0.0;0.0;0.0;0.013433
25211;0.198113;0.122642;0.044811;0.0;0.049528;0.351415;0.148585;0.061321;0.0;0.0;0.0;0.0;0.0;0.0;0.0;0.023585
25212;0.325;0.175;0.033333;0.0;0.083333;0.141667;0.233333;0.0;0.0;0.0;0.0;0.0;0.0;0.0;0.0;0.008333
25215;0.255639;0.131579;0.199248;0.0;0.086466;0.131579;0.112782;0.06015;0.0;0.0;0.0;0.0;0.0;0.0;0.0;0.022556
25216;0.16129;0.141935;0.03871;0.0;0.025806;0.167742;0.296774;0.096774;0.0;0.0;0.0;0.0;0.0;0.0;0.0;0.070968
25217;0.286524;0.088208;0.058652;0.0;0.076417;0.202757;0.222818;0.04196;0.0;0.0;0.0;0.0;0.0;0.0;0.0;0.022665
25218;0.121212;0.0;0.015152;0.0;0.030303;0.287879;0.409091;0.106061;0.0;0.0;0.0;0.0;0.0;0.0;0.0;0.030303
25219;0.136364;0.170455;0.022727;0.0;0.159091;0.181818;0.227273;0.090909;0.0;0.0;0.0;0.0;0.0;0.0;0.0;0.011364
25220;0.250382;0.09771;0.050382;0.0;0.050382;0.227481;0.267176;0.019847;0.0;0.0;0.0;0.0;0.0;0.0;0.0;0.036641
25221;0.151899;0.075949;0.0;0.0;0.101266;0.379747;0.278481;0.012658;0.0;0.0;0.0;0.0;0.0;0.0;0.0;0.0
25222;0.097561;0.243902;0.04878;0.0;0.0;0.121951;0.390244;0.04878;0.0;0.0;0.0;0.0;0.0;0.0;0.0;0.04878
25223;0.252205;0.035273;0.047619;0.0;0.082892;0.248677;0.253968;0.049383;0.0;0.0;0.0;0.0;0.0;0.0;0.0;0.029982
25224;0.204301;0.0;0.010753;0.0;0.172043;0.268817;0.204301;0.139785;0.0;0.0;0.0;0.0;0.0;0.0;0.0;0.0
25225;0.16;0.107692;0.073846;0.0;0.036923;0.310769;0.252308;0.046154;0.0;0.0;0.0;0.0;0.0;0.0;0.0;0.012308
25226;0.224638;0.043478;0.014493;0.0;0.166667;0.326087;0.166667;0.050725;0.0;0.0;0.0;0.0;0.0;0.0;0.0;0.007246
25227;0.213656;0.055066;0.030837;0.0;0.099119;0.251101;0.273128;0.044053;0.0;0.0;0.0;0.0;0.0;0.0;0.0;0.03304
25228;0.270297;0.133663;0.088614;0.0;0.082673;0.19505;0.190594;0.014356;0.0;0.0;0.0;0.0;0.0;0.0;0.0;0.024752
25230;0.297669;0.125;0.072034;0.0;0.040254;0.243644;0.194915;0.01589;0.0;0.0;0.0;0.0;0.0;0.0;0.0;0.010593
25231;0.201201;0.111111;0.051051;0.0;0.042042;0.327327;0.228228;0.015015;0.0;0.0;0.0;0.0;0.0;0.0;0.0;0.024024
25232;0.326481;0.097944;0.041112;0.0;0.064087;0.218863;0.185006;0.050786;0.0;0.0;0.0;0.0;0.0;0.0;0.0;0.015719
25233;0.320856;0.165775;0.048128;0.0;0.048128;0.192513;0.165775;0.026738;0.0;0.0;0.0;0.0;0.0;0.0;0.0;0.032086
25234;0.363198;0.095219;0.048212;0.0;0.08638;0.140619;0.214946;0.032543;0.0;0.0;0.0;0.0;0.0;0.0;0.0;0.018883
25238;0.146154;0.069231;0.061538;0.0;0.115385;0.184615;0.330769;0.076923;0.0;0.0;0.0;0.0;0.0;0.0;0.0;0.015385
25239;0.248201;0.079137;0.061151;0.0;0.100719;0.248201;0.226619;0.032374;0.0;0.0;0.0;0.0;0.0;0.0;0.0;0.003597
25240;0.249166;0.137931;0.084538;0.0;0.078977;0.18465;0.205784;0.036707;0.0;0.0;0.0;0.0;0.0;0.0;0.0;0.022247
25242;0.223022;0.105516;0.047962;0.0;0.071942;0.206235;0.263789;0.064748;0.0;0.0;0.0;0.0;0.0;0.0;0.0;0.016787
25243;0.361977;0.25512;0.097507;0.0;0.098397;0.092164;0.066785;0.008905;0.0;0.0;0.0;0.0;0.0;0.0;0.0;0.019145
25244;0.353414;0.120482;0.044177;0.0;0.052209;0.180723;0.196787;0.036145;0.0;0.0;0.0;0.0;0.0;0.0;0.0;0.016064
25245;0.438406;0.094203;0.025362;0.0;0.115942;0.144928;0.137681;0.036232;0.0;0.0;0.0;0.0;0.0;0.0;0.0;0.007246
25247;0.308642;0.246914;0.197531;0.0;0.123457;0.049383;0.037037;0.012346;0.0;0.0;0.0;0.0;0.0;0.0;0.0;0.024691
25248;0.190019;0.036468;0.024952;0.0;0.024952;0.301344;0.34357;0.051823;0.0;0.0;0.0;0.0;0.0;0.0;0.0;0.026871
25249;0.138889;0.074074;0.092593;0.0;0.074074;0.259259;0.231481;0.083333;0.0;0.0;0.0;0.0;0.0;0.0;0.0;0.046296
25250;0.226852;0.078704;0.069444;0.0;0.055556;0.277778;0.231481;0.037037;0.0;0.0;0.0;0.0;0.0;0.0;0.0;0.023148
25251;0.241525;0.116525;0.086864;0.0;0.050847;0.277542;0.182203;0.014831;0.0;0.0;0.0;0.0;0.0;0.0;0.0;0.029661
25252;0.204545;0.103896;0.071429;0.0;0.084416;0.220779;0.25974;0.016234;0.0;0.0;0.0;0.0;0.0;0.0;0.0;0.038961
25253;0.191304;0.052174;0.026087;0.0;0.078261;0.278261;0.286957;0.043478;0.0;0.0;0.0;0.0;0.0;0.0;0.0;0.043478
25254;0.315335;0.12959;0.036717;0.0;0.082073;0.181425;0.207343;0.019438;0.0;0.0;0.0;0.0;0.0;0.0;0.0;0.028078
25255;0.238462;0.076923;0.046154;0.0;0.1;0.296154;0.203846;0.026923;0.0;0.0;0.0;0.0;0.0;0.0;0.0;0.011538
25901;0.223881;0.099502;0.029851;0.0;0.084577;0.21393;0.218905;0.094527;0.0;0.0;0.0;0.0;0.0;0.0;0.0;0.034826
25902;0.172131;0.087432;0.079235;0.0;0.04918;0.303279;0.23224;0.046448;0.0;0.0;0.0;0.0;0.0;0.0;0.0;0.030055
25903;0.216216;0.047297;0.006757;0.0;0.087838;0.256757;0.236486;0.087838;0.0;0.0;0.0;0.0;0.0;0.0;0.0;0.060811
25904;0.20354;0.070796;0.026549;0.0;0.106195;0.247788;0.309735;0.00885;0.0;0.0;0.0;0.0;0.0;0.0;0.0;0.026549
25905;0.264;0.12;0.108;0.0;0.048;0.188;0.216;0.02;0.0;0.0;0.0;0.0;0.0;0.0;0.0;0.036
25906;0.310606;0.060606;0.022727;0.0;0.045455;0.287879;0.227273;0.037879;0.0;0.0;0.0;0.0;0.0;0.0;0.0;0.007576
25907;0.2;0.058182;0.065455;0.0;0.058182;0.367273;0.174545;0.061818;0.0;0.0;0.0;0.0;0.0;0.0;0.0;0.014545
25908;0.23913;0.065217;0.072464;0.0;0.086957;0.15942;0.282609;0.086957;0.0;0.0;0.0;0.0;0.0;0.0;0.0;0.007246
25909;0.247191;0.044944;0.044944;0.0;0.11236;0.157303;0.213483;0.123596;0.0;0.0;0.0;0.0;0.0;0.0;0.0;0.05618
25910;0.182927;0.02439;0.02439;0.0;0.121951;0.207317;0.317073;0.073171;0.0;0.0;0.0;0.0;0.0;0.0;0.0;0.04878
25911;0.183594;0.050781;0.066406;0.0;0.058594;0.242188;0.308594;0.035156;0.0;0.0;0.0;0.0;0.0;0.0;0.0;0.054688
25912;0.270796;0.320354;0.060177;0.0;0.077876;0.106195;0.136283;0.010619;0.0;0.0;0.0;0.0;0.0;0.0;0.0;0.017699
25913;0.074627;0.029851;0.014925;0.0;0.104478;0.223881;0.328358;0.059701;0.0;0.0;0.0;0.0;0.0;0.0;0.0;0.164179
26001;0.401361;0.489796;0.040816;0.0;0.054422;0.0;0.0;0.0;0.0;0.0;0.0;0.0;0.0;0.0;0.0;0.013605
26002;0.276131;0.424337;0.232449;0.0;0.056162;0.0;0.0;0.0;0.0;0.0;0.0;0.0;0.0;0.0;0.0;0.01092
26003;0.282609;0.597826;0.086957;0.0;0.028986;0.0;0.0;0.0;0.0;0.0;0.0;0.0;0.0;0.0;0.0;0.003623
26004;0.115385;0.75641;0.128205;0.0;0.0;0.0;0.0;0.0;0.0;0.0;0.0;0.0;0.0;0.0;0.0;0.0
26005;0.352907;0.479154;0.113917;0.0;0.043453;0.0;0.0;0.0;0.0;0.0;0.0;0.0;0.0;0.0;0.0;0.01057
26006;0.412209;0.434156;0.085048;0.0;0.061043;0.0;0.0;0.0;0.0;0.0;0.0;0.0;0.0;0.0;0.0;0.007545
26007;0.462366;0.301075;0.091398;0.0;0.11828;0.0;0.0;0.0;0.0;0.0;0.0;0.0;0.0;0.0;0.0;0.026882
26008;0.364804;0.520393;0.09139;0.0;0.015861;0.0;0.0;0.0;0.0;0.0;0.0;0.0;0.0;0.0;0.0;0.007553
26009;0.367347;0.465986;0.085034;0.0;0.071429;0.0;0.0;0.0;0.0;0.0;0.0;0.0;0.0;0.0;0.0;0.010204
26010;0.30303;0.484848;0.166667;0.0;0.030303;0.0;0.0;0.0;0.0;0.0;0.0;0.0;0.0;0.0;0.0;0.015152
26011;0.365377;0.471383;0.089682;0.0;0.063079;0.0;0.0;0.0;0.0;0.0;0.0;0.0;0.0;0.0;0.0;0.01048
26012;0.310345;0.586207;0.0;0.0;0.068966;0.0;0.0;0.0;0.0;0.0;0.0;0.0;0.0;0.0;0.0;0.034483
26013;0.351779;0.355731;0.150198;0.0;0.086957;0.0;0.0;0.0;0.0;0.0;0.0;0.0;0.0;0.0;0.0;0.055336
26014;0.476351;0.422297;0.037162;0.0;0.047297;0.0;0.0;0.0;0.0;0.0;0.0;0.0;0.0;0.0;0.0;0.016892
26015;0.261438;0.607843;0.098039;0.0;0.026144;0.0;0.0;0.0;0.0;0.0;0.0;0.0;0.0;0.0;0.0;0.006536
26016;0.481481;0.333333;0.148148;0.0;0.037037;0.0;0.0;0.0;0.0;0.0;0.0;0.0;0.0;0.0;0.0;0.0
26017;0.5053;0.303887;0.031802;0.0;0.14841;0.0;0.0;0.0;0.0;0.0;0.0;0.0;0.0;0.0;0.0;0.010601
26018;0.398469;0.443367;0.075255;0.0;0.071556;0.0;0.0;0.0;0.0;0.0;0.0;0.0;0.0;0.0;0.0;0.011352
26019;0.332155;0.438163;0.141343;0.0;0.070671;0.0;0.0;0.0;0.0;0.0;0.0;0.0;0.0;0.0;0.0;0.017668
26020;0.274143;0.58567;0.090343;0.0;0.031153;0.0;0.0;0.0;0.0;0.0;0.0;0.0;0.0;0.0;0.0;0.018692
26021;0.317327;0.469307;0.174752;0.0;0.033168;0.0;0.0;0.0;0.0;0.0;0.0;0.0;0.0;0.0;0.0;0.005446
26022;0.214815;0.637037;0.118519;0.0;0.022222;0.0;0.0;0.0;0.0;0.0;0.0;0.0;0.0;0.0;0.0;0.007407
26023;0.353125;0.484375;0.10625;0.0;0.04375;0.0;0.0;0.0;0.0;0.0;0.0;0.0;0.0;0.0;0.0;0.0125
26024;0.367347;0.455782;0.136054;0.0;0.027211;0.0;0.0;0.0;0.0;0.0;0.0;0.0;0.0;0.0;0.0;0.013605
26025;0.380952;0.380952;0.15873;0.0;0.063492;0.0;0.0;0.0;0.0;0.0;0.0;0.0;0.0;0.0;0.0;0.015873
26026;0.349754;0.540887;0.081773;0.0;0.025616;0.0;0.0;0.0;0.0;0.0;0.0;0.0;0.0;0.0;0.0;0.00197
26027;0.455556;0.466667;0.022222;0.0;0.055556;0.0;0.0;0.0;0.0;0.0;0.0;0.0;0.0;0.0;0.0;0.0
26028;0.27027;0.594595;0.054054;0.0;0.072072;0.0;0.0;0.0;0.0;0.0;0.0;0.0;0.0;0.0;0.0;0.009009
26029;0.266667;0.733333;0.0;0.0;0.0;0.0;0.0;0.0;0.0;0.0;0.0;0.0;0.0;0.0;0.0;0.0
26030;0.090909;0.909091;0.0;0.0;0.0;0.0;0.0;0.0;0.0;0.0;0.0;0.0;0.0;0.0;0.0;0.0
26031;0.333333;0.533333;0.093333;0.0;0.026667;0.0;0.0;0.0;0.0;0.0;0.0;0.0;0.0;0.0;0.0;0.013333
26032;0.368421;0.473684;0.078947;0.0;0.052632;0.0;0.0;0.0;0.0;0.0;0.0;0.0;0.0;0.0;0.0;0.026316
26033;0.496241;0.353383;0.105263;0.0;0.030075;0.0;0.0;0.0;0.0;0.0;0.0;0.0;0.0;0.0;0.0;0.015038
26034;0.426778;0.433054;0.075314;0.0;0.052301;0.0;0.0;0.0;0.0;0.0;0.0;0.0;0.0;0.0;0.0;0.012552
26035;0.473684;0.526316;0.0;0.0;0.0;0.0;0.0;0.0;0.0;0.0;0.0;0.0;0.0;0.0;0.0;0.0
26036;0.340899;0.469036;0.126081;0.0;0.050364;0.0;0.0;0.0;0.0;0.0;0.0;0.0;0.0;0.0;0.0;0.013619
26037;0.271845;0.456311;0.067961;0.0;0.194175;0.0;0.0;0.0;0.0;0.0;0.0;0.0;0.0;0.0;0.0;0.009709
26038;0.376812;0.246377;0.173913;0.0;0.202899;0.0;0.0;0.0;0.0;0.0;0.0;0.0;0.0;0.0;0.0;0.0
26039;0.333333;0.366667;0.233333;0.0;0.033333;0.0;0.0;0.0;0.0;0.0;0.0;0.0;0.0;0.0;0.0;0.033333
26040;0.355556;0.555556;0.022222;0.0;0.022222;0.0;0.0;0.0;0.0;0.0;0.0;0.0;0.0;0.0;0.0;0.044444
26041;0.252874;0.62069;0.068966;0.0;0.045977;0.0;0.0;0.0;0.0;0.0;0.0;0.0;0.0;0.0;0.0;0.011494
26042;0.460993;0.416667;0.078014;0.0;0.037234;0.0;0.0;0.0;0.0;0.0;0.0;0.0;0.0;0.0;0.0;0.007092
26043;0.482353;0.356863;0.031373;0.0;0.113725;0.0;0.0;0.0;0.0;0.0;0.0;0.0;0.0;0.0;0.0;0.015686
26044;0.361702;0.446809;0.042553;0.0;0.12766;0.0;0.0;0.0;0.0;0.0;0.0;0.0;0.0;0.0;0.0;0.021277
26045;0.6;0.2;0.0;0.0;0.2;0.0;0.0;0.0;0.0;0.0;0.0;0.0;0.0;0.0;0.0;0.0
26046;0.35257;0.494139;0.083859;0.0;0.059513;0.0;0.0;0.0;0.0;0.0;0.0;0.0;0.0;0.0;0.0;0.009919
26047;0.37037;0.492455;0.088477;0.0;0.038409;0.0;0.0;0.0;0.0;0.0;0.0;0.0;0.0;0.0;0.0;0.010288
26048;0.0;0.882353;0.117647;0.0;0.0;0.0;0.0;0.0;0.0;0.0;0.0;0.0;0.0;0.0;0.0;0.0
26049;0.234783;0.53913;0.130435;0.0;0.078261;0.0;0.0;0.0;0.0;0.0;0.0;0.0;0.0;0.0;0.0;0.017391
26050;0.180851;0.531915;0.170213;0.0;0.117021;0.0;0.0;0.0;0.0;0.0;0.0;0.0;0.0;0.0;0.0;0.0
26051;0.251309;0.549738;0.141361;0.0;0.052356;0.0;0.0;0.0;0.0;0.0;0.0;0.0;0.0;0.0;0.0;0.005236
26052;0.178571;0.607143;0.116071;0.0;0.080357;0.0;0.0;0.0;0.0;0.0;0.0;0.0;0.0;0.0;0.0;0.017857
26053;0.341772;0.462025;0.132911;0.0;0.056962;0.0;0.0;0.0;0.0;0.0;0.0;0.0;0.0;0.0;0.0;0.006329
26054;0.371681;0.477876;0.115044;0.0;0.035398;0.0;0.0;0.0;0.0;0.0;0.0;0.0;0.0;0.0;0.0;0.0
26055;0.233333;0.533333;0.1;0.0;0.033333;0.0;0.0;0.0;0.0;0.0;0.0;0.0;0.0;0.0;0.0;0.1
26056;0.417957;0.417957;0.102167;0.0;0.04644;0.0;0.0;0.0;0.0;0.0;0.0;0.0;0.0;0.0;0.0;0.01548
26057;0.48;0.46;0.06;0.0;0.0;0.0;0.0;0.0;0.0;0.0;0.0;0.0;0.0;0.0;0.0;0.0
26058;0.365672;0.514925;0.037313;0.0;0.08209;0.0;0.0;0.0;0.0;0.0;0.0;0.0;0.0;0.0;0.0;0.0
26059;0.309662;0.490105;0.130384;0.0;0.059371;0.0;0.0;0.0;0.0;0.0;0.0;0.0;0.0;0.0;0.0;0.010477
26060;0.105263;0.614035;0.140351;0.0;0.140351;0.0;0.0;0.0;0.0;0.0;0.0;0.0;0.0;0.0;0.0;0.0
26061;0.39493;0.455437;0.051513;0.0;0.082584;0.0;0.0;0.0;0.0;0.0;0.0;0.0;0.0;0.0;0.0;0.015536
26062;0.215385;0.615385;0.076923;0.0;0.076923;0.0;0.0;0.0;0.0;0.0;0.0;0.0;0.0;0.0;0.0;0.015385
26063;0.315789;0.473684;0.118421;0.0;0.052632;0.0;0.0;0.0;0.0;0.0;0.0;0.0;0.0;0.0;0.0;0.039474
26064;0.348851;0.428403;0.110194;0.0;0.100177;0.0;0.0;0.0;0.0;0.0;0.0;0.0;0.0;0.0;0.0;0.012375
26065;0.296875;0.578125;0.078125;0.0;0.046875;0.0;0.0;0.0;0.0;0.0;0.0;0.0;0.0;0.0;0.0;0.0
26066;0.3;0.528571;0.090476;0.0;0.07619;0.0;0.0;0.0;0.0;0.0;0.0;0.0;0.0;0.0;0.0;0.004762
26067;0.416667;0.333333;0.0;0.0;0.25;0.0;0.0;0.0;0.0;0.0;0.0;0.0;0.0;0.0;0.0;0.0
26068;0.344262;0.42623;0.131148;0.0;0.081967;0.0;0.0;0.0;0.0;0.0;0.0;0.0;0.0;0.0;0.0;0.016393
26069;0.279503;0.565217;0.093168;0.0;0.062112;0.0;0.0;0.0;0.0;0.0;0.0;0.0;0.0;0.0;0.0;0.0
26070;0.322034;0.542373;0.127119;0.0;0.008475;0.0;0.0;0.0;0.0;0.0;0.0;0.0;0.0;0.0;0.0;0.0
26071;0.403609;0.381014;0.108095;0.0;0.09249;0.0;0.0;0.0;0.0;0.0;0.0;0.0;0.0;0.0;0.0;0.014792
26072;0.412245;0.428571;0.065306;0.0;0.089796;0.0;0.0;0.0;0.0;0.0;0.0;0.0;0.0;0.0;0.0;0.004082
26073;0.442857;0.428571;0.042857;0.0;0.085714;0.0;0.0;0.0;0.0;0.0;0.0;0.0;0.0;0.0;0.0;0.0
26074;0.369048;0.428571;0.107143;0.0;0.083333;0.0;0.0;0.0;0.0;0.0;0.0;0.0;0.0;0.0;0.0;0.011905
26075;0.333333;0.478431;0.113725;0.0;0.062745;0.0;0.0;0.0;0.0;0.0;0.0;0.0;0.0;0.0;0.0;0.011765
26076;0.357143;0.47619;0.130952;0.0;0.035714;0.0;0.0;0.0;0.0;0.0;0.0;0.0;0.0;0.0;0.0;0.0
26077;0.357143;0.5;0.071429;0.0;0.0;0.0;0.0;0.0;0.0;0.0;0.0;0.0;0.0;0.0;0.0;0.071429
26078;0.344262;0.52459;0.04918;0.0;0.065574;0.0;0.0;0.0;0.0;0.0;0.0;0.0;0.0;0.0;0.0;0.016393
26079;0.236434;0.600775;0.125969;0.0;0.025194;0.0;0.0;0.0;0.0;0.0;0.0;0.0;0.0;0.0;0.0;0.011628
26080;0.260606;0.606061;0.1;0.0;0.033333;0.0;0.0;0.0;0.0;0.0;0.0;0.0;0.0;0.0;0.0;0.0
26081;0.117647;0.647059;0.117647;0.0;0.058824;0.0;0.0;0.0;0.0;0.0;0.0;0.0;0.0;0.0;0.0;0.058824
26082;0.431579;0.421053;0.084211;0.0;0.052632;0.0;0.0;0.0;0.0;0.0;0.0;0.0;0.0;0.0;0.0;0.010526
26083;0.272401;0.562724;0.096774;0.0;0.057348;0.0;0.0;0.0;0.0;0.0;0.0;0.0;0.0;0.0;0.0;0.010753
26084;0.284767;0.496595;0.146774;0.0;0.055197;0.0;0.0;0.0;0.0;0.0;0.0;0.0;0.0;0.0;0.0;0.016667
26086;0.066667;0.8;0.133333;0.0;0.0;0.0;0.0;0.0;0.0;0.0;0.0;0.0;0.0;0.0;0.0;0.0
26087;0.356643;0.51049;0.048951;0.0;0.06993;0.0;0.0;0.0;0.0;0.0;0.0;0.0;0.0;0.0;0.0;0.013986
26088;0.342857;0.257143;0.228571;0.0;0.142857;0.0;0.0;0.0;0.0;0.0;0.0;0.0;0.0;0.0;0.0;0.028571
26089;0.369199;0.453115;0.090079;0.0;0.070841;0.0;0.0;0.0;0.0;0.0;0.0;0.0;0.0;0.0;0.0;0.016766
26091;0.178862;0.682927;0.056911;0.0;0.065041;0.0;0.0;0.0;0.0;0.0;0.0;0.0;0.0;0.0;0.0;0.01626
26092;0.227273;0.666667;0.090909;0.0;0.0;0.0;0.0;0.0;0.0;0.0;0.0;0.0;0.0;0.0;0.0;0.015152
26093;0.416667;0.375;0.104167;0.0;0.0625;0.0;0.0;0.0;0.0;0.0;0.0;0.0;0.0;0.0;0.0;0.041667
26094;0.22449;0.653061;0.040816;0.0;0.081633;0.0;0.0;0.0;0.0;0.0;0.0;0.0;0.0;0.0;0.0;0.0
26095;0.61039;0.246753;0.025974;0.0;0.116883;0.0;0.0;0.0;0.0;0.0;0.0;0.0;0.0;0.0;0.0;0.0
26096;0.380488;0.463415;0.078049;0.0;0.058537;0.0;0.0;0.0;0.0;0.0;0.0;0.0;0.0;0.0;0.0;0.019512
26098;0.328125;0.5;0.046875;0.0;0.125;0.0;0.0;0.0;0.0;0.0;0.0;0.0;0.0;0.0;0.0;0.0
26099;0.404837;0.459516;0.090431;0.0;0.039958;0.0;0.0;0.0;0.0;0.0;0.0;0.0;0.0;0.0;0.0;0.005258
26100;0.446809;0.340426;0.191489;0.0;0.0;0.0;0.0;0.0;0.0;0.0;0.0;0.0;0.0;0.0;0.0;0.021277
26101;0.269231;0.538462;0.115385;0.0;0.076923;0.0;0.0;0.0;0.0;0.0;0.0;0.0;0.0;0.0;0.0;0.0
26102;0.344145;0.498275;0.077525;0.0;0.071544;0.0;0.0;0.0;0.0;0.0;0.0;0.0;0.0;0.0;0.0;0.008512
26103;0.370079;0.434383;0.135171;0.0;0.055118;0.0;0.0;0.0;0.0;0.0;0.0;0.0;0.0;0.0;0.0;0.005249
26104;0.25;0.375;0.125;0.0;0.25;0.0;0.0;0.0;0.0;0.0;0.0;0.0;0.0;0.0;0.0;0.0
26105;0.367788;0.454928;0.102764;0.0;0.055889;0.0;0.0;0.0;0.0;0.0;0.0;0.0;0.0;0.0;0.0;0.01863
26106;0.438356;0.479452;0.027397;0.0;0.027397;0.0;0.0;0.0;0.0;0.0;0.0;0.0;0.0;0.0;0.0;0.027397
26107;0.373333;0.413333;0.093333;0.0;0.093333;0.0;0.0;0.0;0.0;0.0;0.0;0.0;0.0;0.0;0.0;0.026667
26108;0.297189;0.522088;0.096386;0.0;0.064257;0.0;0.0;0.0;0.0;0.0;0.0;0.0;0.0;0.0;0.0;0.02008
26109;0.42029;0.463768;0.043478;0.0;0.072464;0.0;0.0;0.0;0.0;0.0;0.0;0.0;0.0;0.0;0.0;0.0
26110;0.327586;0.491379;0.12069;0.0;0.051724;0.0;0.0;0.0;0.0;0.0;0.0;0.0;0.0;0.0;0.0;0.008621
26111;0.442708;0.328125;0.09375;0.0;0.098958;0.0;0.0;0.0;0.0;0.0;0.0;0.0;0.0;0.0;0.0;0.036458
26112;0.327586;0.511494;0.091954;0.0;0.045977;0.0;0.0;0.0;0.0;0.0;0.0;0.0;0.0;0.0;0.0;0.022989
26113;0.148148;0.62963;0.185185;0.0;0.0;0.0;0.0;0.0;0.0;0.0;0.0;0.0;0.0;0.0;0.0;0.037037
26114;0.457143;0.414286;0.042857;0.0;0.057143;0.0;0.0;0.0;0.0;0.0;0.0;0.0;0.0;0.0;0.0;0.028571
26115;0.173913;0.695652;0.043478;0.0;0.086957;0.0;0.0;0.0;0.0;0.0;0.0;0.0;0.0;0.0;0.0;0.0
26117;0.389283;0.482247;0.07876;0.0;0.043254;0.0;0.0;0.0;0.0;0.0;0.0;0.0;0.0;0.0;0.0;0.006456
26118;0.245283;0.490566;0.245283;0.0;0.018868;0.0;0.0;0.0;0.0;0.0;0.0;0.0;0.0;0.0;0.0;0.0
26119;0.57037;0.296296;0.022222;0.0;0.111111;0.0;0.0;0.0;0.0;0.0;0.0;0.0;0.0;0.0;0.0;0.0
26120;0.37229;0.459001;0.118756;0.0;0.043355;0.0;0.0;0.0;0.0;0.0;0.0;0.0;0.0;0.0;0.0;0.006598
26121;0.269231;0.615385;0.076923;0.0;0.0;0.0;0.0;0.0;0.0;0.0;0.0;0.0;0.0;0.0;0.0;0.038462
26122;0.361905;0.419048;0.066667;0.0;0.095238;0.0;0.0;0.0;0.0;0.0;0.0;0.0;0.0;0.0;0.0;0.057143
26123;0.239583;0.59375;0.0625;0.0;0.083333;0.0;0.0;0.0;0.0;0.0;0.0;0.0;0.0;0.0;0.0;0.020833
26124;0.369497;0.509434;0.073899;0.0;0.039308;0.0;0.0;0.0;0.0;0.0;0.0;0.0;0.0;0.0;0.0;0.007862
26125;0.337203;0.495515;0.125594;0.0;0.036412;0.0;0.0;0.0;0.0;0.0;0.0;0.0;0.0;0.0;0.0;0.005277
26126;0.208333;0.708333;0.0;0.0;0.041667;0.0;0.0;0.0;0.0;0.0;0.0;0.0;0.0;0.0;0.0;0.041667
26127;0.369863;0.520548;0.068493;0.0;0.041096;0.0;0.0;0.0;0.0;0.0;0.0;0.0;0.0;0.0;0.0;0.0
26128;0.474359;0.358974;0.025641;0.0;0.141026;0.0;0.0;0.0;0.0;0.0;0.0;0.0;0.0;0.0;0.0;0.0
26129;0.339007;0.52766;0.103546;0.0;0.024113;0.0;0.0;0.0;0.0;0.0;0.0;0.0;0.0;0.0;0.0;0.005674
26130;0.23494;0.668675;0.078313;0.0;0.018072;0.0;0.0;0.0;0.0;0.0;0.0;0.0;0.0;0.0;0.0;0.0
26131;0.30303;0.666667;0.0;0.0;0.0;0.0;0.0;0.0;0.0;0.0;0.0;0.0;0.0;0.0;0.0;0.030303
26132;0.369565;0.445652;0.086957;0.0;0.097826;0.0;0.0;0.0;0.0;0.0;0.0;0.0;0.0;0.0;0.0;0.0
26134;0.329268;0.5;0.121951;0.0;0.036585;0.0;0.0;0.0;0.0;0.0;0.0;0.0;0.0;0.0;0.0;0.012195
26135;0.392857;0.378571;0.185714;0.0;0.042857;0.0;0.0;0.0;0.0;0.0;0.0;0.0;0.0;0.0;0.0;0.0
26136;0.376623;0.402597;0.064935;0.0;0.155844;0.0;0.0;0.0;0.0;0.0;0.0;0.0;0.0;0.0;0.0;0.0
26138;0.340226;0.492481;0.087719;0.0;0.070175;0.0;0.0;0.0;0.0;0.0;0.0;0.0;0.0;0.0;0.0;0.009398
26139;0.175;0.725;0.075;0.0;0.025;0.0;0.0;0.0;0.0;0.0;0.0;0.0;0.0;0.0;0.0;0.0
26140;0.375;0.47;0.0;0.0;0.105;0.0;0.0;0.0;0.0;0.0;0.0;0.0;0.0;0.0;0.0;0.05
26141;0.202899;0.565217;0.144928;0.0;0.086957;0.0;0.0;0.0;0.0;0.0;0.0;0.0;0.0;0.0;0.0;0.0
26142;0.360877;0.524452;0.064081;0.0;0.047218;0.0;0.0;0.0;0.0;0.0;0.0;0.0;0.0;0.0;0.0;0.003373
26143;0.244582;0.386997;0.226006;0.0;0.114551;0.0;0.0;0.0;0.0;0.0;0.0;0.0;0.0;0.0;0.0;0.027864
26144;0.21118;0.552795;0.167702;0.0;0.062112;0.0;0.0;0.0;0.0;0.0;0.0;0.0;0.0;0.0;0.0;0.006211
26145;0.225806;0.526882;0.188172;0.0;0.032258;0.0;0.0;0.0;0.0;0.0;0.0;0.0;0.0;0.0;0.0;0.026882
26146;0.308824;0.544118;0.029412;0.0;0.088235;0.0;0.0;0.0;0.0;0.0;0.0;0.0;0.0;0.0;0.0;0.029412
26147;0.566667;0.266667;0.033333;0.0;0.1;0.0;0.0;0.0;0.0;0.0;0.0;0.0;0.0;0.0;0.0;0.033333
26148;0.522124;0.40708;0.053097;0.0;0.017699;0.0;0.0;0.0;0.0;0.0;0.0;0.0;0.0;0.0;0.0;0.0
26149;0.571429;0.321429;0.035714;0.0;0.071429;0.0;0.0;0.0;0.0;0.0;0.0;0.0;0.0;0.0;0.0;0.0
26150;0.487179;0.384615;0.064103;0.0;0.051282;0.0;0.0;0.0;0.0;0.0;0.0;0.0;0.0;0.0;0.0;0.012821
26151;0.418338;0.481375;0.065903;0.0;0.034384;0.0;0.0;0.0;0.0;0.0;0.0;0.0;0.0;0.0;0.0;0.0
26152;0.28;0.48;0.12;0.0;0.12;0.0;0.0;0.0;0.0;0.0;0.0;0.0;0.0;0.0;0.0;0.0
26153;0.75;0.125;0.0;0.0;0.125;0.0;0.0;0.0;0.0;0.0;0.0;0.0;0.0;0.0;0.0;0.0
26154;0.285714;0.285714;0.428571;0.0;0.0;0.0;0.0;0.0;0.0;0.0;0.0;0.0;0.0;0.0;0.0;0.0
26155;0.518182;0.445455;0.009091;0.0;0.027273;0.0;0.0;0.0;0.0;0.0;0.0;0.0;0.0;0.0;0.0;0.0
26157;0.261062;0.513274;0.159292;0.0;0.057522;0.0;0.0;0.0;0.0;0.0;0.0;0.0;0.0;0.0;0.0;0.00885
26158;0.306122;0.561224;0.091837;0.0;0.040816;0.0;0.0;0.0;0.0;0.0;0.0;0.0;0.0;0.0;0.0;0.0
26160;0.395264;0.495446;0.061931;0.0;0.038251;0.0;0.0;0.0;0.0;0.0;0.0;0.0;0.0;0.0;0.0;0.009107
26161;0.083333;0.583333;0.25;0.0;0.083333;0.0;0.0;0.0;0.0;0.0;0.0;0.0;0.0;0.0;0.0;0.0
26162;0.291667;0.552083;0.09375;0.0;0.0625;0.0;0.0;0.0;0.0;0.0;0.0;0.0;0.0;0.0;0.0;0.0
26163;0.383333;0.416667;0.125;0.0;0.066667;0.0;0.0;0.0;0.0;0.0;0.0;0.0;0.0;0.0;0.0;0.008333
26164;0.2;0.6;0.142857;0.0;0.057143;0.0;0.0;0.0;0.0;0.0;0.0;0.0;0.0;0.0;0.0;0.0
26165;0.401575;0.374016;0.173228;0.0;0.047244;0.0;0.0;0.0;0.0;0.0;0.0;0.0;0.0;0.0;0.0;0.003937
26166;0.133333;0.674074;0.125926;0.0;0.066667;0.0;0.0;0.0;0.0;0.0;0.0;0.0;0.0;0.0;0.0;0.0
26167;0.3;0.6;0.05;0.0;0.025;0.0;0.0;0.0;0.0;0.0;0.0;0.0;0.0;0.0;0.0;0.025
26168;0.320679;0.414996;0.147607;0.0;0.097618;0.0;0.0;0.0;0.0;0.0;0.0;0.0;0.0;0.0;0.0;0.019099
26169;0.291667;0.583333;0.083333;0.0;0.041667;0.0;0.0;0.0;0.0;0.0;0.0;0.0;0.0;0.0;0.0;0.0
26170;0.29932;0.530612;0.12585;0.0;0.034014;0.0;0.0;0.0;0.0;0.0;0.0;0.0;0.0;0.0;0.0;0.010204
26171;0.272;0.6;0.048;0.0;0.08;0.0;0.0;0.0;0.0;0.0;0.0;0.0;0.0;0.0;0.0;0.0
26172;0.65;0.2;0.0;0.0;0.1;0.0;0.0;0.0;0.0;0.0;0.0;0.0;0.0;0.0;0.0;0.05
26173;0.0;1.0;0.0;0.0;0.0;0.0;0.0;0.0;0.0;0.0;0.0;0.0;0.0;0.0;0.0;0.0
26174;0.195652;0.608696;0.076087;0.0;0.119565;0.0;0.0;0.0;0.0;0.0;0.0;0.0;0.0;0.0;0.0;0.0
26175;0.297297;0.540541;0.162162;0.0;0.0;0.0;0.0;0.0;0.0;0.0;0.0;0.0;0.0;0.0;0.0;0.0
26176;0.193548;0.66129;0.129032;0.0;0.0;0.0;0.0;0.0;0.0;0.0;0.0;0.0;0.0;0.0;0.0;0.016129
26177;0.318966;0.568966;0.077586;0.0;0.030172;0.0;0.0;0.0;0.0;0.0;0.0;0.0;0.0;0.0;0.0;0.00431
26178;0.421053;0.385965;0.070175;0.0;0.105263;0.0;0.0;0.0;0.0;0.0;0.0;0.0;0.0;0.0;0.0;0.017544
26179;0.5;0.444444;0.055556;0.0;0.0;0.0;0.0;0.0;0.0;0.0;0.0;0.0;0.0;0.0;0.0;0.0
26180;0.207792;0.597403;0.142857;0.0;0.045455;0.0;0.0;0.0;0.0;0.0;0.0;0.0;0.0;0.0;0.0;0.006494
26181;0.142857;0.857143;0.0;0.0;0.0;0.0;0.0;0.0;0.0;0.0;0.0;0.0;0.0;0.0;0.0;0.0
26183;0.265306;0.612245;0.040816;0.0;0.020408;0.0;0.0;0.0;0.0;0.0;0.0;0.0;0.0;0.0;0.0;0.061224
27001;0.217736;0.606492;0.057799;0.0;0.045922;0.0;0.0;0.0;0.0;0.0;0.068884;0.0;0.0;0.0;0.0;0.003167
27002;0.34;0.480952;0.035238;0.0;0.044762;0.0;0.0;0.0;0.0;0.0;0.092381;0.0;0.0;0.0;0.0;0.006667
27003;0.278635;0.584078;0.031682;0.0;0.026807;0.0;0.0;0.0;0.0;0.0;0.077173;0.0;0.0;0.0;0.0;0.001625
27004;0.295129;0.573066;0.037249;0.0;0.040115;0.0;0.0;0.0;0.0;0.0;0.051576;0.0;0.0;0.0;0.0;0.002865
27005;0.239029;0.502323;0.03872;0.0;0.056273;0.0;0.0;0.0;0.0;0.0;0.157976;0.0;0.0;0.0;0.0;0.005679
27006;0.279563;0.537902;0.053366;0.0;0.039418;0.0;0.0;0.0;0.0;0.0;0.083081;0.0;0.0;0.0;0.0;0.006671
27007;0.222057;0.651335;0.032146;0.0;0.038081;0.0;0.0;0.0;0.0;0.0;0.052918;0.0;0.0;0.0;0.0;0.003462
27008;0.288172;0.534409;0.03871;0.0;0.032258;0.0;0.0;0.0;0.0;0.0;0.102151;0.0;0.0;0.0;0.0;0.004301
27009;0.216054;0.675585;0.017391;0.0;0.032776;0.0;0.0;0.0;0.0;0.0;0.054849;0.0;0.0;0.0;0.0;0.003344
27010;0.264614;0.540643;0.061224;0.0;0.0422;0.0;0.0;0.0;0.0;0.0;0.085092;0.0;0.0;0.0;0.0;0.006226
27011;0.342282;0.503966;0.032337;0.0;0.034167;0.0;0.0;0.0;0.0;0.0;0.084198;0.0;0.0;0.0;0.0;0.003051
27012;0.362069;0.507958;0.043767;0.0;0.033156;0.0;0.0;0.0;0.0;0.0;0.05305;0.0;0.0;0.0;0.0;0.0
27013;0.34696;0.404672;0.027138;0.0;0.078324;0.0;0.0;0.0;0.0;0.0;0.136036;0.0;0.0;0.0;0.0;0.00687
27014;0.289119;0.547212;0.053957;0.0;0.033273;0.0;0.0;0.0;0.0;0.0;0.07509;0.0;0.0;0.0;0.0;0.001349
27015;0.260756;0.581369;0.047886;0.0;0.0419;0.0;0.0;0.0;0.0;0.0;0.064347;0.0;0.0;0.0;0.0;0.003741
27016;0.308733;0.50656;0.04346;0.0;0.055761;0.0;0.0;0.0;0.0;0.0;0.080771;0.0;0.0;0.0;0.0;0.004715
27017;0.286119;0.573654;0.016997;0.0;0.05949;0.0;0.0;0.0;0.0;0.0;0.060907;0.0;0.0;0.0;0.0;0.002833
27018;0.434479;0.429995;0.02292;0.0;0.036373;0.0;0.0;0.0;0.0;0.0;0.07424;0.0;0.0;0.0;0.0;0.001993
27019;0.322781;0.424121;0.055444;0.0;0.064992;0.0;0.0;0.0;0.0;0.0;0.126298;0.0;0.0;0.0;0.0;0.006365
27020;0.201687;0.679064;0.031442;0.0;0.031058;0.0;0.0;0.0;0.0;0.0;0.055215;0.0;0.0;0.0;0.0;0.001534
27021;0.282443;0.541031;0.052481;0.0;0.050573;0.0;0.0;0.0;0.0;0.0;0.069656;0.0;0.0;0.0;0.0;0.003817
27022;0.289558;0.494555;0.04132;0.0;0.066944;0.0;0.0;0.0;0.0;0.0;0.101858;0.0;0.0;0.0;0.0;0.005766
27023;0.201965;0.681769;0.038755;0.0;0.024563;0.0;0.0;0.0;0.0;0.0;0.049672;0.0;0.0;0.0;0.0;0.003275
27024;0.30597;0.552239;0.023321;0.0;0.034515;0.0;0.0;0.0;0.0;0.0;0.076493;0.0;0.0;0.0;0.0;0.007463
27025;0.236064;0.513815;0.035385;0.0;0.064469;0.0;0.0;0.0;0.0;0.0;0.143965;0.0;0.0;0.0;0.0;0.006302
27026;0.325625;0.53125;0.04625;0.0;0.03125;0.0;0.0;0.0;0.0;0.0;0.064375;0.0;0.0;0.0;0.0;0.00125
27027;0.325688;0.487003;0.028287;0.0;0.029817;0.0;0.0;0.0;0.0;0.0;0.123853;0.0;0.0;0.0;0.0;0.005352
27028;0.330709;0.471602;0.044243;0.0;0.057522;0.0;0.0;0.0;0.0;0.0;0.08836;0.0;0.0;0.0;0.0;0.007564
27029;0.255924;0.559242;0.070142;0.0;0.03981;0.0;0.0;0.0;0.0;0.0;0.069194;0.0;0.0;0.0;0.0;0.005687
27030;0.307125;0.492383;0.039312;0.0;0.054545;0.0;0.0;0.0;0.0;0.0;0.099754;0.0;0.0;0.0;0.0;0.00688
27031;0.344158;0.463161;0.052193;0.0;0.056706;0.0;0.0;0.0;0.0;0.0;0.077406;0.0;0.0;0.0;0.0;0.006377
27032;0.275618;0.536219;0.047703;0.0;0.045053;0.0;0.0;0.0;0.0;0.0;0.090548;0.0;0.0;0.0;0.0;0.004859
27033;0.286863;0.506702;0.02681;0.0;0.048257;0.0;0.0;0.0;0.0;0.0;0.120643;0.0;0.0;0.0;0.0;0.010724
27034;0.388889;0.482456;0.035088;0.0;0.032164;0.0;0.0;0.0;0.0;0.0;0.05848;0.0;0.0;0.0;0.0;0.002924
27035;0.388889;0.333333;0.039683;0.0;0.119048;0.0;0.0;0.0;0.0;0.0;0.119048;0.0;0.0;0.0;0.0;0.0
27037;0.297554;0.580163;0.044837;0.0;0.024457;0.0;0.0;0.0;0.0;0.0;0.050272;0.0;0.0;0.0;0.0;0.002717
27038;0.354938;0.483025;0.046296;0.0;0.046296;0.0;0.0;0.0;0.0;0.0;0.063272;0.0;0.0;0.0;0.0;0.006173
27039;0.232853;0.567147;0.051873;0.0;0.049856;0.0;0.0;0.0;0.0;0.0;0.093948;0.0;0.0;0.0;0.0;0.004323
27040;0.269231;0.608597;0.028054;0.0;0.037557;0.0;0.0;0.0;0.0;0.0;0.054751;0.0;0.0;0.0;0.0;0.00181
27041;0.257036;0.553471;0.054409;0.0;0.038149;0.0;0.0;0.0;0.0;0.0;0.091307;0.0;0.0;0.0;0.0;0.005629
27042;0.230088;0.676991;0.023894;0.0;0.015929;0.0;0.0;0.0;0.0;0.0;0.048673;0.0;0.0;0.0;0.0;0.004425
27043;0.300245;0.558824;0.033088;0.0;0.042892;0.0;0.0;0.0;0.0;0.0;0.063725;0.0;0.0;0.0;0.0;0.001225
27044;0.19746;0.616628;0.049654;0.0;0.034065;0.0;0.0;0.0;0.0;0.0;0.09642;0.0;0.0;0.0;0.0;0.005774
27045;0.529506;0.373206;0.035088;0.0;0.027113;0.0;0.0;0.0;0.0;0.0;0.031898;0.0;0.0;0.0;0.0;0.00319
27046;0.341579;0.474786;0.045671;0.0;0.039962;0.0;0.0;0.0;0.0;0.0;0.094196;0.0;0.0;0.0;0.0;0.003806
27047;0.298763;0.473834;0.035205;0.0;0.041865;0.0;0.0;0.0;0.0;0.0;0.14177;0.0;0.0;0.0;0.0;0.008563
27048;0.344118;0.496324;0.039706;0.0;0.047059;0.0;0.0;0.0;0.0;0.0;0.069853;0.0;0.0;0.0;0.0;0.002941
27049;0.20276;0.667728;0.035032;0.0;0.030786;0.0;0.0;0.0;0.0;0.0;0.059448;0.0;0.0;0.0;0.0;0.004246
27050;0.30303;0.539607;0.040936;0.0;0.053695;0.0;0.0;0.0;0.0;0.0;0.059011;0.0;0.0;0.0;0.0;0.003721
27051;0.308299;0.464506;0.044582;0.0;0.069273;0.0;0.0;0.0;0.0;0.0;0.105967;0.0;0.0;0.0;0.0;0.007373
27052;0.421667;0.446667;0.026667;0.0;0.053333;0.0;0.0;0.0;0.0;0.0;0.046667;0.0;0.0;0.0;0.0;0.005
27053;0.497283;0.383152;0.027174;0.0;0.040761;0.0;0.0;0.0;0.0;0.0;0.05163;0.0;0.0;0.0;0.0;0.0
27054;0.279621;0.57109;0.021327;0.0;0.024882;0.0;0.0;0.0;0.0;0.0;0.101896;0.0;0.0;0.0;0.0;0.001185
27055;0.271327;0.556872;0.031991;0.0;0.03673;0.0;0.0;0.0;0.0;0.0;0.101896;0.0;0.0;0.0;0.0;0.001185
27056;0.329025;0.511163;0.039953;0.0;0.050529;0.0;0.0;0.0;0.0;0.0;0.061105;0.0;0.0;0.0;0.0;0.008226
27057;0.305041;0.519243;0.052482;0.0;0.042504;0.0;0.0;0.0;0.0;0.0;0.077621;0.0;0.0;0.0;0.0;0.00311
27058;0.275877;0.602425;0.031615;0.0;0.031182;0.0;0.0;0.0;0.0;0.0;0.055002;0.0;0.0;0.0;0.0;0.003898
27059;0.235628;0.618879;0.030518;0.0;0.056068;0.0;0.0;0.0;0.0;0.0;0.055358;0.0;0.0;0.0;0.0;0.003549
27060;0.3065;0.516398;0.02743;0.0;0.041145;0.0;0.0;0.0;0.0;0.0;0.107335;0.0;0.0;0.0;0.0;0.001193
27061;0.38394;0.504391;0.041405;0.0;0.027604;0.0;0.0;0.0;0.0;0.0;0.037641;0.0;0.0;0.0;0.0;0.005019
27062;0.291667;0.583333;0.060185;0.0;0.025463;0.0;0.0;0.0;0.0;0.0;0.039352;0.0;0.0;0.0;0.0;0.0
27063;0.324869;0.45972;0.033275;0.0;0.055166;0.0;0.0;0.0;0.0;0.0;0.125219;0.0;0.0;0.0;0.0;0.001751
27064;0.265166;0.575342;0.03229;0.0;0.044031;0.0;0.0;0.0;0.0;0.0;0.071429;0.0;0.0;0.0;0.0;0.011742
27065;0.262265;0.546941;0.047244;0.0;0.053301;0.0;0.0;0.0;0.0;0.0;0.085766;0.0;0.0;0.0;0.0;0.004482
27066;0.329507;0.431885;0.036313;0.0;0.073679;0.0;0.0;0.0;0.0;0.0;0.122408;0.0;0.0;0.0;0.0;0.006208
27901;0.234997;0.640556;0.043588;0.0;0.032217;0.0;0.0;0.0;0.0;0.0;0.047378;0.0;0.0;0.0;0.0;0.001263
27902;0.290875;0.476717;0.04573;0.0;0.068699;0.0;0.0;0.0;0.0;0.0;0.111088;0.0;0.0;0.0;0.0;0.006891
28001;0.283019;0.396226;0.113208;0.0;0.207547;0.0;0.0;0.0;0.0;0.0;0.0;0.0;0.0;0.0;0.0;0.0
28002;0.215431;0.415258;0.227568;0.0;0.125704;0.0;0.0;0.0;0.0;0.0;0.0;0.0;0.0;0.0;0.0;0.016038
28003;0.248447;0.434783;0.142857;0.0;0.142857;0.0;0.0;0.0;0.0;0.0;0.0;0.0;0.0;0.0;0.0;0.031056
28004;0.265144;0.390065;0.223643;0.0;0.106686;0.0;0.0;0.0;0.0;0.0;0.0;0.0;0.0;0.0;0.0;0.014462
28005;0.31805;0.377203;0.147054;0.0;0.143055;0.0;0.0;0.0;0.0;0.0;0.0;0.0;0.0;0.0;0.0;0.014639
28006;0.271327;0.454974;0.143757;0.0;0.117631;0.0;0.0;0.0;0.0;0.0;0.0;0.0;0.0;0.0;0.0;0.012311
28007;0.321716;0.381283;0.121053;0.0;0.162452;0.0;0.0;0.0;0.0;0.0;0.0;0.0;0.0;0.0;0.0;0.013496
28008;0.265944;0.383291;0.211097;0.0;0.124362;0.0;0.0;0.0;0.0;0.0;0.0;0.0;0.0;0.0;0.0;0.015306
28009;0.247691;0.43887;0.189277;0.0;0.109491;0.0;0.0;0.0;0.0;0.0;0.0;0.0;0.0;0.0;0.0;0.014671
28010;0.222338;0.434808;0.174271;0.0;0.155811;0.0;0.0;0.0;0.0;0.0;0.0;0.0;0.0;0.0;0.0;0.012771
28011;0.241279;0.360465;0.223837;0.0;0.151163;0.0;0.0;0.0;0.0;0.0;0.0;0.0;0.0;0.0;0.0;0.023256
28012;0.239316;0.403134;0.239316;0.0;0.103989;0.0;0.0;0.0;0.0;0.0;0.0;0.0;0.0;0.0;0.0;0.014245
28013;0.303273;0.368871;0.176101;0.0;0.138669;0.0;0.0;0.0;0.0;0.0;0.0;0.0;0.0;0.0;0.0;0.013086
28014;0.284761;0.392807;0.182287;0.0;0.127487;0.0;0.0;0.0;0.0;0.0;0.0;0.0;0.0;0.0;0.0;0.012658
28015;0.222682;0.43148;0.209615;0.0;0.12272;0.0;0.0;0.0;0.0;0.0;0.0;0.0;0.0;0.0;0.0;0.013502
28016;0.412698;0.206349;0.15873;0.0;0.206349;0.0;0.0;0.0;0.0;0.0;0.0;0.0;0.0;0.0;0.0;0.015873
28017;0.230981;0.380385;0.218148;0.0;0.154904;0.0;0.0;0.0;0.0;0.0;0.0;0.0;0.0;0.0;0.0;0.015582
28018;0.239473;0.423374;0.183042;0.0;0.143225;0.0;0.0;0.0;0.0;0.0;0.0;0.0;0.0;0.0;0.0;0.010885
28019;0.33269;0.31244;0.186114;0.0;0.14947;0.0;0.0;0.0;0.0;0.0;0.0;0.0;0.0;0.0;0.0;0.019286
28020;0.288288;0.333333;0.081081;0.0;0.288288;0.0;0.0;0.0;0.0;0.0;0.0;0.0;0.0;0.0;0.0;0.009009
28021;0.241784;0.359155;0.129108;0.0;0.251174;0.0;0.0;0.0;0.0;0.0;0.0;0.0;0.0;0.0;0.0;0.018779
28022;0.146726;0.585189;0.184277;0.0;0.074993;0.0;0.0;0.0;0.0;0.0;0.0;0.0;0.0;0.0;0.0;0.008815
28023;0.211984;0.391953;0.171534;0.0;0.213714;0.0;0.0;0.0;0.0;0.0;0.0;0.0;0.0;0.0;0.0;0.010815
28024;0.190476;0.469388;0.183673;0.0;0.142857;0.0;0.0;0.0;0.0;0.0;0.0;0.0;0.0;0.0;0.0;0.013605
28025;0.176101;0.515723;0.22327;0.0;0.078616;0.0;0.0;0.0;0.0;0.0;0.0;0.0;0.0;0.0;0.0;0.006289
28026;0.20282;0.453947;0.2;0.0;0.131767;0.0;0.0;0.0;0.0;0.0;0.0;0.0;0.0;0.0;0.0;0.011466
28027;0.313531;0.412541;0.139714;0.0;0.125413;0.0;0.0;0.0;0.0;0.0;0.0;0.0;0.0;0.0;0.0;0.008801
28028;0.240862;0.305483;0.099217;0.0;0.339426;0.0;0.0;0.0;0.0;0.0;0.0;0.0;0.0;0.0;0.0;0.015013
28029;0.212177;0.400369;0.156827;0.0;0.210332;0.0;0.0;0.0;0.0;0.0;0.0;0.0;0.0;0.0;0.0;0.020295
28030;0.284717;0.327285;0.143057;0.0;0.230286;0.0;0.0;0.0;0.0;0.0;0.0;0.0;0.0;0.0;0.0;0.014655
28031;0.323867;0.406647;0.151662;0.0;0.111178;0.0;0.0;0.0;0.0;0.0;0.0;0.0;0.0;0.0;0.0;0.006647
28032;0.258073;0.372856;0.228052;0.0;0.130172;0.0;0.0;0.0;0.0;0.0;0.0;0.0;0.0;0.0;0.0;0.010848
28033;0.218711;0.454151;0.211276;0.0;0.10254;0.0;0.0;0.0;0.0;0.0;0.0;0.0;0.0;0.0;0.0;0.013321
28034;0.280528;0.435644;0.165017;0.0;0.10231;0.0;0.0;0.0;0.0;0.0;0.0;0.0;0.0;0.0;0.0;0.016502
28035;0.306968;0.36064;0.16855;0.0;0.148776;0.0;0.0;0.0;0.0;0.0;0.0;0.0;0.0;0.0;0.0;0.015066
28036;0.243788;0.330052;0.22691;0.0;0.187998;0.0;0.0;0.0;0.0;0.0;0.0;0.0;0.0;0.0;0.0;0.011252
28037;0.380049;0.329761;0.187139;0.0;0.096455;0.0;0.0;0.0;0.0;0.0;0.0;0.0;0.0;0.0;0.0;0.006595
28038;0.293004;0.360565;0.143268;0.0;0.190465;0.0;0.0;0.0;0.0;0.0;0.0;0.0;0.0;0.0;0.0;0.012698
28039;0.345794;0.271028;0.158879;0.0;0.17757;0.0;0.0;0.0;0.0;0.0;0.0;0.0;0.0;0.0;0.0;0.046729
28040;0.322111;0.321749;0.189972;0.0;0.150059;0.0;0.0;0.0;0.0;0.0;0.0;0.0;0.0;0.0;0.0;0.01611
28041;0.208856;0.452265;0.203993;0.0;0.123368;0.0;0.0;0.0;0.0;0.0;0.0;0.0;0.0;0.0;0.0;0.011518
28042;0.232264;0.404276;0.199223;0.0;0.146744;0.0;0.0;0.0;0.0;0.0;0.0;0.0;0.0;0.0;0.0;0.017493
28043;0.282588;0.343958;0.252379;0.0;0.10823;0.0;0.0;0.0;0.0;0.0;0.0;0.0;0.0;0.0;0.0;0.012845
28044;0.258545;0.405803;0.152027;0.0;0.174086;0.0;0.0;0.0;0.0;0.0;0.0;0.0;0.0;0.0;0.0;0.009539
28045;0.258091;0.41064;0.161678;0.0;0.155091;0.0;0.0;0.0;0.0;0.0;0.0;0.0;0.0;0.0;0.0;0.014499
28046;0.237267;0.417483;0.151567;0.0;0.178991;0.0;0.0;0.0;0.0;0.0;0.0;0.0;0.0;0.0;0.0;0.014691
28047;0.295128;0.379571;0.152655;0.0;0.157136;0.0;0.0;0.0;0.0;0.0;0.0;0.0;0.0;0.0;0.0;0.01551
28048;0.345212;0.273942;0.162584;0.0;0.2049;0.0;0.0;0.0;0.0;0.0;0.0;0.0;0.0;0.0;0.0;0.013363
28049;0.342796;0.342986;0.117354;0.0;0.180758;0.0;0.0;0.0;0.0;0.0;0.0;0.0;0.0;0.0;0.0;0.016106
28050;0.217857;0.422527;0.234066;0.0;0.112912;0.0;0.0;0.0;0.0;0.0;0.0;0.0;0.0;0.0;0.0;0.012637
28051;0.236446;0.354669;0.196536;0.0;0.192771;0.0;0.0;0.0;0.0;0.0;0.0;0.0;0.0;0.0;0.0;0.019578
28052;0.241391;0.413563;0.229445;0.0;0.107519;0.0;0.0;0.0;0.0;0.0;0.0;0.0;0.0;0.0;0.0;0.008082
28053;0.245066;0.412562;0.181569;0.0;0.148275;0.0;0.0;0.0;0.0;0.0;0.0;0.0;0.0;0.0;0.0;0.012528
28054;0.242498;0.406593;0.182904;0.0;0.152895;0.0;0.0;0.0;0.0;0.0;0.0;0.0;0.0;0.0;0.0;0.01511
28055;0.371925;0.370478;0.178003;0.0;0.070912;0.0;0.0;0.0;0.0;0.0;0.0;0.0;0.0;0.0;0.0;0.008683
28056;0.292249;0.307497;0.120712;0.0;0.275731;0.0;0.0;0.0;0.0;0.0;0.0;0.0;0.0;0.0;0.0;0.003812
28057;0.247439;0.406619;0.202522;0.0;0.126872;0.0;0.0;0.0;0.0;0.0;0.0;0.0;0.0;0.0;0.0;0.016548
28058;0.378006;0.306957;0.146965;0.0;0.150466;0.0;0.0;0.0;0.0;0.0;0.0;0.0;0.0;0.0;0.0;0.017607
28059;0.262629;0.424225;0.199483;0.0;0.100459;0.0;0.0;0.0;0.0;0.0;0.0;0.0;0.0;0.0;0.0;0.013203
28060;0.427565;0.272514;0.140172;0.0;0.154268;0.0;0.0;0.0;0.0;0.0;0.0;0.0;0.0;0.0;0.0;0.005482
28061;0.249986;0.411437;0.173947;0.0;0.15258;0.0;0.0;0.0;0.0;0.0;0.0;0.0;0.0;0.0;0.0;0.01205
28062;0.206642;0.328413;0.258303;0.0;0.184502;0.0;0.0;0.0;0.0;0.0;0.0;0.0;0.0;0.0;0.0;0.02214
28063;0.264069;0.411255;0.155844;0.0;0.151515;0.0;0.0;0.0;0.0;0.0;0.0;0.0;0.0;0.0;0.0;0.017316
28064;0.252033;0.495935;0.121951;0.0;0.121951;0.0;0.0;0.0;0.0;0.0;0.0;0.0;0.0;0.0;0.0;0.00813
28065;0.347308;0.325164;0.124616;0.0;0.188014;0.0;0.0;0.0;0.0;0.0;0.0;0.0;0.0;0.0;0.0;0.014898
28066;0.172852;0.494323;0.226063;0.0;0.092357;0.0;0.0;0.0;0.0;0.0;0.0;0.0;0.0;0.0;0.0;0.014404
28067;0.283462;0.368639;0.181969;0.0;0.150166;0.0;0.0;0.0;0.0;0.0;0.0;0.0;0.0;0.0;0.0;0.015763
28068;0.247305;0.416095;0.196014;0.0;0.125231;0.0;0.0;0.0;0.0;0.0;0.0;0.0;0.0;0.0;0.0;0.015354
28069;0.315789;0.368421;0.122807;0.0;0.192982;0.0;0.0;0.0;0.0;0.0;0.0;0.0;0.0;0.0;0.0;0.0
28070;0.213235;0.411765;0.132353;0.0;0.235294;0.0;0.0;0.0;0.0;0.0;0.0;0.0;0.0;0.0;0.0;0.007353
28071;0.253731;0.328358;0.268657;0.0;0.134328;0.0;0.0;0.0;0.0;0.0;0.0;0.0;0.0;0.0;0.0;0.014925
28072;0.222597;0.423786;0.177998;0.0;0.163132;0.0;0.0;0.0;0.0;0.0;0.0;0.0;0.0;0.0;0.0;0.012488
28073;0.305145;0.340193;0.194105;0.0;0.140943;0.0;0.0;0.0;0.0;0.0;0.0;0.0;0.0;0.0;0.0;0.019614
28074;0.368689;0.327095;0.115825;0.0;0.172707;0.0;0.0;0.0;0.0;0.0;0.0;0.0;0.0;0.0;0.0;0.015684
28075;0.261684;0.376211;0.193684;0.0;0.155579;0.0;0.0;0.0;0.0;0.0;0.0;0.0;0.0;0.0;0.0;0.012842
28076;0.290576;0.424084;0.136126;0.0;0.141361;0.0;0.0;0.0;0.0;0.0;0.0;0.0;0.0;0.0;0.0;0.007853
28078;0.092593;0.425926;0.074074;0.0;0.407407;0.0;0.0;0.0;0.0;0.0;0.0;0.0;0.0;0.0;0.0;0.0
28079;0.275541;0.421143;0.12485;0.0;0.166001;0.0;0.0;0.0;0.0;0.0;0.0;0.0;0.0;0.0;0.0;0.012465
28080;0.174508;0.569961;0.162783;0.0;0.083088;0.0;0.0;0.0;0.0;0.0;0.0;0.0;0.0;0.0;0.0;0.009661
28082;0.243422;0.352882;0.147017;0.0;0.243222;0.0;0.0;0.0;0.0;0.0;0.0;0.0;0.0;0.0;0.0;0.013457
28083;0.253635;0.378844;0.204607;0.0;0.146699;0.0;0.0;0.0;0.0;0.0;0.0;0.0;0.0;0.0;0.0;0.016214
28084;0.326582;0.328909;0.172039;0.0;0.155577;0.0;0.0;0.0;0.0;0.0;0.0;0.0;0.0;0.0;0.0;0.016894
28085;0.290606;0.407187;0.157612;0.0;0.13356;0.0;0.0;0.0;0.0;0.0;0.0;0.0;0.0;0.0;0.0;0.011036
28086;0.265232;0.406274;0.19497;0.0;0.117967;0.0;0.0;0.0;0.0;0.0;0.0;0.0;0.0;0.0;0.0;0.015556
28087;0.22435;0.464595;0.176662;0.0;0.125;0.0;0.0;0.0;0.0;0.0;0.0;0.0;0.0;0.0;0.0;0.009393
28088;0.327434;0.300885;0.09292;0.0;0.261062;0.0;0.0;0.0;0.0;0.0;0.0;0.0;0.0;0.0;0.0;0.017699
28089;0.240403;0.414118;0.217632;0.0;0.113858;0.0;0.0;0.0;0.0;0.0;0.0;0.0;0.0;0.0;0.0;0.013988
28090;0.24927;0.427465;0.142531;0.0;0.166265;0.0;0.0;0.0;0.0;0.0;0.0;0.0;0.0;0.0;0.0;0.014469
28091;0.300182;0.398857;0.149052;0.0;0.139704;0.0;0.0;0.0;0.0;0.0;0.0;0.0;0.0;0.0;0.0;0.012205
28092;0.331448;0.361195;0.137722;0.0;0.155013;0.0;0.0;0.0;0.0;0.0;0.0;0.0;0.0;0.0;0.0;0.014622
28093;0.219551;0.457265;0.189103;0.0;0.123932;0.0;0.0;0.0;0.0;0.0;0.0;0.0;0.0;0.0;0.0;0.01015
28094;0.241688;0.34399;0.171355;0.0;0.221228;0.0;0.0;0.0;0.0;0.0;0.0;0.0;0.0;0.0;0.0;0.021739
28095;0.265134;0.368582;0.217625;0.0;0.1341;0.0;0.0;0.0;0.0;0.0;0.0;0.0;0.0;0.0;0.0;0.014559
28096;0.260695;0.396295;0.209766;0.0;0.117647;0.0;0.0;0.0;0.0;0.0;0.0;0.0;0.0;0.0;0.0;0.015597
28097;0.376147;0.321101;0.100917;0.0;0.165138;0.0;0.0;0.0;0.0;0.0;0.0;0.0;0.0;0.0;0.0;0.036697
28099;0.210847;0.418647;0.249238;0.0;0.099939;0.0;0.0;0.0;0.0;0.0;0.0;0.0;0.0;0.0;0.0;0.021328
28100;0.237774;0.345138;0.221473;0.0;0.173412;0.0;0.0;0.0;0.0;0.0;0.0;0.0;0.0;0.0;0.0;0.022203
28101;0.242857;0.419048;0.119048;0.0;0.204762;0.0;0.0;0.0;0.0;0.0;0.0;0.0;0.0;0.0;0.0;0.014286
28102;0.372578;0.366617;0.122206;0.0;0.131148;0.0;0.0;0.0;0.0;0.0;0.0;0.0;0.0;0.0;0.0;0.007452
28104;0.202332;0.485906;0.17484;0.0;0.12557;0.0;0.0;0.0;0.0;0.0;0.0;0.0;0.0;0.0;0.0;0.011352
28106;0.366619;0.28495;0.169489;0.0;0.159238;0.0;0.0;0.0;0.0;0.0;0.0;0.0;0.0;0.0;0.0;0.019705
28107;0.409786;0.308869;0.137615;0.0;0.134557;0.0;0.0;0.0;0.0;0.0;0.0;0.0;0.0;0.0;0.0;0.009174
28108;0.240014;0.376777;0.194651;0.0;0.167569;0.0;0.0;0.0;0.0;0.0;0.0;0.0;0.0;0.0;0.0;0.020988
28109;0.207591;0.426801;0.213013;0.0;0.139427;0.0;0.0;0.0;0.0;0.0;0.0;0.0;0.0;0.0;0.0;0.013168
28110;0.350314;0.358491;0.179874;0.0;0.10566;0.0;0.0;0.0;0.0;0.0;0.0;0.0;0.0;0.0;0.0;0.00566
28111;0.296099;0.351064;0.205674;0.0;0.132979;0.0;0.0;0.0;0.0;0.0;0.0;0.0;0.0;0.0;0.0;0.014184
28112;0.301471;0.345588;0.132353;0.0;0.205882;0.0;0.0;0.0;0.0;0.0;0.0;0.0;0.0;0.0;0.0;0.014706
28113;0.316632;0.344601;0.14907;0.0;0.176296;0.0;0.0;0.0;0.0;0.0;0.0;0.0;0.0;0.0;0.0;0.013401
28114;0.155172;0.586207;0.051724;0.0;0.189655;0.0;0.0;0.0;0.0;0.0;0.0;0.0;0.0;0.0;0.0;0.017241
28115;0.154383;0.593841;0.175684;0.0;0.067916;0.0;0.0;0.0;0.0;0.0;0.0;0.0;0.0;0.0;0.0;0.008177
28116;0.224793;0.358678;0.254545;0.0;0.135537;0.0;0.0;0.0;0.0;0.0;0.0;0.0;0.0;0.0;0.0;0.026446
28117;0.26;0.42;0.06;0.0;0.26;0.0;0.0;0.0;0.0;0.0;0.0;0.0;0.0;0.0;0.0;0.0
28118;0.211268;0.323944;0.15493;0.0;0.28169;0.0;0.0;0.0;0.0;0.0;0.0;0.0;0.0;0.0;0.0;0.028169
28119;0.218466;0.452573;0.191221;0.0;0.128153;0.0;0.0;0.0;0.0;0.0;0.0;0.0;0.0;0.0;0.0;0.009586
28120;0.310415;0.413549;0.167846;0.0;0.097068;0.0;0.0;0.0;0.0;0.0;0.0;0.0;0.0;0.0;0.0;0.011122
28121;0.270718;0.40884;0.160221;0.0;0.127072;0.0;0.0;0.0;0.0;0.0;0.0;0.0;0.0;0.0;0.0;0.033149
28122;0.265795;0.287582;0.272331;0.0;0.154684;0.0;0.0;0.0;0.0;0.0;0.0;0.0;0.0;0.0;0.0;0.019608
28123;0.295065;0.324627;0.118429;0.0;0.247694;0.0;0.0;0.0;0.0;0.0;0.0;0.0;0.0;0.0;0.0;0.014186
28124;0.234375;0.328125;0.125;0.0;0.296875;0.0;0.0;0.0;0.0;0.0;0.0;0.0;0.0;0.0;0.0;0.015625
28125;0.218689;0.421673;0.204162;0.0;0.141343;0.0;0.0;0.0;0.0;0.0;0.0;0.0;0.0;0.0;0.0;0.014134
28126;0.325581;0.395349;0.162791;0.0;0.093023;0.0;0.0;0.0;0.0;0.0;0.0;0.0;0.0;0.0;0.0;0.023256
28127;0.175665;0.55353;0.17126;0.0;0.090053;0.0;0.0;0.0;0.0;0.0;0.0;0.0;0.0;0.0;0.0;0.009492
28128;0.301105;0.450276;0.151934;0.0;0.093923;0.0;0.0;0.0;0.0;0.0;0.0;0.0;0.0;0.0;0.0;0.002762
28129;0.236117;0.467619;0.160786;0.0;0.119845;0.0;0.0;0.0;0.0;0.0;0.0;0.0;0.0;0.0;0.0;0.015632
28130;0.356576;0.30954;0.12877;0.0;0.188002;0.0;0.0;0.0;0.0;0.0;0.0;0.0;0.0;0.0;0.0;0.017113
28131;0.246631;0.412402;0.173574;0.0;0.153815;0.0;0.0;0.0;0.0;0.0;0.0;0.0;0.0;0.0;0.0;0.013578
28132;0.312139;0.315194;0.214504;0.0;0.140061;0.0;0.0;0.0;0.0;0.0;0.0;0.0;0.0;0.0;0.0;0.018102
28133;0.295279;0.413981;0.168634;0.0;0.111893;0.0;0.0;0.0;0.0;0.0;0.0;0.0;0.0;0.0;0.0;0.010213
28134;0.280242;0.416084;0.142096;0.0;0.147836;0.0;0.0;0.0;0.0;0.0;0.0;0.0;0.0;0.0;0.0;0.013743
28135;0.244338;0.373063;0.172825;0.0;0.188319;0.0;0.0;0.0;0.0;0.0;0.0;0.0;0.0;0.0;0.0;0.021454
28136;0.2978;0.392555;0.225042;0.0;0.072758;0.0;0.0;0.0;0.0;0.0;0.0;0.0;0.0;0.0;0.0;0.011844
28137;0.27218;0.363158;0.225564;0.0;0.125564;0.0;0.0;0.0;0.0;0.0;0.0;0.0;0.0;0.0;0.0;0.013534
28138;0.116667;0.566667;0.116667;0.0;0.2;0.0;0.0;0.0;0.0;0.0;0.0;0.0;0.0;0.0;0.0;0.0
28140;0.232522;0.377848;0.236057;0.0;0.13315;0.0;0.0;0.0;0.0;0.0;0.0;0.0;0.0;0.0;0.0;0.020424
28141;0.218012;0.436232;0.194824;0.0;0.132919;0.0;0.0;0.0;0.0;0.0;0.0;0.0;0.0;0.0;0.0;0.018012
28143;0.25;0.455882;0.044118;0.0;0.191176;0.0;0.0;0.0;0.0;0.0;0.0;0.0;0.0;0.0;0.0;0.058824
28144;0.243757;0.43962;0.162877;0.0;0.141446;0.0;0.0;0.0;0.0;0.0;0.0;0.0;0.0;0.0;0.0;0.0123
28145;0.278765;0.347053;0.1913;0.0;0.167446;0.0;0.0;0.0;0.0;0.0;0.0;0.0;0.0;0.0;0.0;0.015435
28146;0.317247;0.401899;0.178006;0.0;0.098101;0.0;0.0;0.0;0.0;0.0;0.0;0.0;0.0;0.0;0.0;0.004747
28147;0.295933;0.359046;0.224404;0.0;0.110799;0.0;0.0;0.0;0.0;0.0;0.0;0.0;0.0;0.0;0.0;0.009818
28148;0.302198;0.392289;0.142418;0.0;0.147663;0.0;0.0;0.0;0.0;0.0;0.0;0.0;0.0;0.0;0.0;0.015431
28149;0.243022;0.377318;0.220379;0.0;0.142495;0.0;0.0;0.0;0.0;0.0;0.0;0.0;0.0;0.0;0.0;0.016787
28150;0.209666;0.397892;0.241642;0.0;0.139535;0.0;0.0;0.0;0.0;0.0;0.0;0.0;0.0;0.0;0.0;0.011265
28151;0.291753;0.384998;0.163282;0.0;0.145877;0.0;0.0;0.0;0.0;0.0;0.0;0.0;0.0;0.0;0.0;0.01409
28152;0.175909;0.525511;0.184701;0.0;0.104188;0.0;0.0;0.0;0.0;0.0;0.0;0.0;0.0;0.0;0.0;0.009692
28153;0.263415;0.255285;0.143089;0.0;0.321951;0.0;0.0;0.0;0.0;0.0;0.0;0.0;0.0;0.0;0.0;0.01626
28154;0.285403;0.388526;0.187606;0.0;0.121762;0.0;0.0;0.0;0.0;0.0;0.0;0.0;0.0;0.0;0.0;0.016703
28155;0.463183;0.325416;0.154394;0.0;0.052257;0.0;0.0;0.0;0.0;0.0;0.0;0.0;0.0;0.0;0.0;0.004751
28156;0.287397;0.328622;0.228504;0.0;0.146054;0.0;0.0;0.0;0.0;0.0;0.0;0.0;0.0;0.0;0.0;0.009423
28157;0.240708;0.472566;0.182301;0.0;0.099115;0.0;0.0;0.0;0.0;0.0;0.0;0.0;0.0;0.0;0.0;0.00531
28158;0.205782;0.462585;0.188776;0.0;0.130952;0.0;0.0;0.0;0.0;0.0;0.0;0.0;0.0;0.0;0.0;0.011905
28159;0.233607;0.422131;0.192623;0.0;0.139344;0.0;0.0;0.0;0.0;0.0;0.0;0.0;0.0;0.0;0.0;0.012295
28160;0.233937;0.416747;0.201879;0.0;0.134033;0.0;0.0;0.0;0.0;0.0;0.0;0.0;0.0;0.0;0.0;0.013403
28161;0.252592;0.393277;0.203376;0.0;0.136193;0.0;0.0;0.0;0.0;0.0;0.0;0.0;0.0;0.0;0.0;0.014562
28162;0.19784;0.478186;0.207343;0.0;0.105832;0.0;0.0;0.0;0.0;0.0;0.0;0.0;0.0;0.0;0.0;0.010799
28163;0.289617;0.338798;0.155738;0.0;0.202186;0.0;0.0;0.0;0.0;0.0;0.0;0.0;0.0;0.0;0.0;0.013661
28164;0.249521;0.401686;0.233039;0.0;0.103105;0.0;0.0;0.0;0.0;0.0;0.0;0.0;0.0;0.0;0.0;0.012649
28165;0.213126;0.489851;0.219215;0.0;0.071042;0.0;0.0;0.0;0.0;0.0;0.0;0.0;0.0;0.0;0.0;0.006766
28166;0.303136;0.355401;0.202091;0.0;0.135889;0.0;0.0;0.0;0.0;0.0;0.0;0.0;0.0;0.0;0.0;0.003484
28167;0.306933;0.332864;0.171646;0.0;0.167982;0.0;0.0;0.0;0.0;0.0;0.0;0.0;0.0;0.0;0.0;0.020575
28168;0.254842;0.422018;0.166157;0.0;0.142712;0.0;0.0;0.0;0.0;0.0;0.0;0.0;0.0;0.0;0.0;0.014271
28169;0.18115;0.423797;0.242647;0.0;0.139037;0.0;0.0;0.0;0.0;0.0;0.0;0.0;0.0;0.0;0.0;0.013369
28170;0.284429;0.344576;0.237212;0.0;0.125913;0.0;0.0;0.0;0.0;0.0;0.0;0.0;0.0;0.0;0.0;0.00787
28171;0.276483;0.441131;0.171482;0.0;0.096303;0.0;0.0;0.0;0.0;0.0;0.0;0.0;0.0;0.0;0.0;0.014601
28172;0.199504;0.418537;0.227126;0.0;0.138433;0.0;0.0;0.0;0.0;0.0;0.0;0.0;0.0;0.0;0.0;0.016401
28173;0.331155;0.357298;0.187364;0.0;0.108932;0.0;0.0;0.0;0.0;0.0;0.0;0.0;0.0;0.0;0.0;0.015251
28174;0.266234;0.408369;0.227273;0.0;0.084416;0.0;0.0;0.0;0.0;0.0;0.0;0.0;0.0;0.0;0.0;0.013709
28175;0.21598;0.41573;0.205993;0.0;0.148564;0.0;0.0;0.0;0.0;0.0;0.0;0.0;0.0;0.0;0.0;0.013733
28176;0.16357;0.543386;0.203205;0.0;0.079356;0.0;0.0;0.0;0.0;0.0;0.0;0.0;0.0;0.0;0.0;0.010484
28177;0.197397;0.510608;0.182743;0.0;0.096457;0.0;0.0;0.0;0.0;0.0;0.0;0.0;0.0;0.0;0.0;0.012795
28178;0.230193;0.367238;0.255889;0.0;0.126338;0.0;0.0;0.0;0.0;0.0;0.0;0.0;0.0;0.0;0.0;0.020343
28179;0.205624;0.415641;0.239895;0.0;0.13181;0.0;0.0;0.0;0.0;0.0;0.0;0.0;0.0;0.0;0.0;0.00703
28180;0.359405;0.345489;0.176104;0.0;0.109645;0.0;0.0;0.0;0.0;0.0;0.0;0.0;0.0;0.0;0.0;0.009357
28181;0.180181;0.538683;0.179701;0.0;0.092491;0.0;0.0;0.0;0.0;0.0;0.0;0.0;0.0;0.0;0.0;0.008943
28182;0.26943;0.305699;0.207254;0.0;0.202073;0.0;0.0;0.0;0.0;0.0;0.0;0.0;0.0;0.0;0.0;0.015544
28183;0.244224;0.310231;0.119912;0.0;0.309131;0.0;0.0;0.0;0.0;0.0;0.0;0.0;0.0;0.0;0.0;0.016502
28901;0.258156;0.351773;0.171631;0.0;0.2;0.0;0.0;0.0;0.0;0.0;0.0;0.0;0.0;0.0;0.0;0.01844
28902;0.172986;0.405213;0.187204;0.0;0.225118;0.0;0.0;0.0;0.0;0.0;0.0;0.0;0.0;0.0;0.0;0.009479
28903;0.253248;0.443167;0.131396;0.0;0.16016;0.0;0.0;0.0;0.0;0.0;0.0;0.0;0.0;0.0;0.0;0.012029
29001;0.471606;0.224217;0.074086;0.0;0.220953;0.0;0.0;0.0;0.0;0.0;0.0;0.0;0.0;0.0;0.0;0.009138
29002;0.397849;0.345281;0.173238;0.0;0.080048;0.0;0.0;0.0;0.0;0.0;0.0;0.0;0.0;0.0;0.0;0.003584
29003;0.45098;0.277526;0.134238;0.0;0.128205;0.0;0.0;0.0;0.0;0.0;0.0;0.0;0.0;0.0;0.0;0.00905
29004;0.372294;0.367965;0.177489;0.0;0.073593;0.0;0.0;0.0;0.0;0.0;0.0;0.0;0.0;0.0;0.0;0.008658
29005;0.279709;0.392857;0.230088;0.0;0.084387;0.0;0.0;0.0;0.0;0.0;0.0;0.0;0.0;0.0;0.0;0.012958
29006;0.364679;0.357798;0.201835;0.0;0.068807;0.0;0.0;0.0;0.0;0.0;0.0;0.0;0.0;0.0;0.0;0.006881
29007;0.26207;0.401244;0.198244;0.0;0.119102;0.0;0.0;0.0;0.0;0.0;0.0;0.0;0.0;0.0;0.0;0.01934
29008;0.244749;0.405663;0.246229;0.0;0.089294;0.0;0.0;0.0;0.0;0.0;0.0;0.0;0.0;0.0;0.0;0.014065
29009;0.443255;0.231263;0.082441;0.0;0.228051;0.0;0.0;0.0;0.0;0.0;0.0;0.0;0.0;0.0;0.0;0.014989
29010;0.439769;0.331683;0.108086;0.0;0.113036;0.0;0.0;0.0;0.0;0.0;0.0;0.0;0.0;0.0;0.0;0.007426
29011;0.43299;0.307732;0.156186;0.0;0.092784;0.0;0.0;0.0;0.0;0.0;0.0;0.0;0.0;0.0;0.0;0.010309
29012;0.411411;0.32973;0.142492;0.0;0.103604;0.0;0.0;0.0;0.0;0.0;0.0;0.0;0.0;0.0;0.0;0.012763
29013;0.377104;0.322391;0.119529;0.0;0.167508;0.0;0.0;0.0;0.0;0.0;0.0;0.0;0.0;0.0;0.0;0.013468
29014;0.275362;0.413043;0.173913;0.0;0.130435;0.0;0.0;0.0;0.0;0.0;0.0;0.0;0.0;0.0;0.0;0.007246
29015;0.331613;0.421827;0.146886;0.0;0.088086;0.0;0.0;0.0;0.0;0.0;0.0;0.0;0.0;0.0;0.0;0.011588
29016;0.389474;0.357895;0.184211;0.0;0.063158;0.0;0.0;0.0;0.0;0.0;0.0;0.0;0.0;0.0;0.0;0.005263
29017;0.372252;0.347405;0.109059;0.0;0.163369;0.0;0.0;0.0;0.0;0.0;0.0;0.0;0.0;0.0;0.0;0.007916
29018;0.348974;0.308651;0.15176;0.0;0.184018;0.0;0.0;0.0;0.0;0.0;0.0;0.0;0.0;0.0;0.0;0.006598
29019;0.24649;0.283931;0.163807;0.0;0.302652;0.0;0.0;0.0;0.0;0.0;0.0;0.0;0.0;0.0;0.0;0.00312
29020;0.320812;0.270294;0.086356;0.0;0.31563;0.0;0.0;0.0;0.0;0.0;0.0;0.0;0.0;0.0;0.0;0.006908
29021;0.356436;0.405941;0.09901;0.0;0.138614;0.0;0.0;0.0;0.0;0.0;0.0;0.0;0.0;0.0;0.0;0.0
29022;0.443609;0.240602;0.105263;0.0;0.180451;0.0;0.0;0.0;0.0;0.0;0.0;0.0;0.0;0.0;0.0;0.030075
29023;0.175735;0.51157;0.219512;0.0;0.076298;0.0;0.0;0.0;0.0;0.0;0.0;0.0;0.0;0.0;0.0;0.016886
29024;0.316667;0.416667;0.158333;0.0;0.095833;0.0;0.0;0.0;0.0;0.0;0.0;0.0;0.0;0.0;0.0;0.0125
29025;0.274019;0.415561;0.166099;0.0;0.125669;0.0;0.0;0.0;0.0;0.0;0.0;0.0;0.0;0.0;0.0;0.018652
29026;0.416541;0.306767;0.112782;0.0;0.156391;0.0;0.0;0.0;0.0;0.0;0.0;0.0;0.0;0.0;0.0;0.007519
29027;0.295298;0.341066;0.25768;0.0;0.096552;0.0;0.0;0.0;0.0;0.0;0.0;0.0;0.0;0.0;0.0;0.009404
29028;0.423329;0.343381;0.111402;0.0;0.117955;0.0;0.0;0.0;0.0;0.0;0.0;0.0;0.0;0.0;0.0;0.003932
29029;0.34902;0.411765;0.121569;0.0;0.109804;0.0;0.0;0.0;0.0;0.0;0.0;0.0;0.0;0.0;0.0;0.007843
29030;0.581034;0.074138;0.044828;0.0;0.287931;0.0;0.0;0.0;0.0;0.0;0.0;0.0;0.0;0.0;0.0;0.012069
29031;0.445905;0.222447;0.088979;0.0;0.23458;0.0;0.0;0.0;0.0;0.0;0.0;0.0;0.0;0.0;0.0;0.008089
29032;0.406205;0.297925;0.117526;0.0;0.169509;0.0;0.0;0.0;0.0;0.0;0.0;0.0;0.0;0.0;0.0;0.008835
29033;0.399215;0.379581;0.157068;0.0;0.056283;0.0;0.0;0.0;0.0;0.0;0.0;0.0;0.0;0.0;0.0;0.007853
29034;0.231198;0.495822;0.220056;0.0;0.036212;0.0;0.0;0.0;0.0;0.0;0.0;0.0;0.0;0.0;0.0;0.016713
29035;0.475444;0.246604;0.087774;0.0;0.185998;0.0;0.0;0.0;0.0;0.0;0.0;0.0;0.0;0.0;0.0;0.00418
29036;0.370629;0.296037;0.095571;0.0;0.235431;0.0;0.0;0.0;0.0;0.0;0.0;0.0;0.0;0.0;0.0;0.002331
29037;0.295597;0.603774;0.050314;0.0;0.044025;0.0;0.0;0.0;0.0;0.0;0.0;0.0;0.0;0.0;0.0;0.006289
29038;0.305692;0.344427;0.217391;0.0;0.114783;0.0;0.0;0.0;0.0;0.0;0.0;0.0;0.0;0.0;0.0;0.017708
29039;0.273092;0.263052;0.136546;0.0;0.317771;0.0;0.0;0.0;0.0;0.0;0.0;0.0;0.0;0.0;0.0;0.009538
29040;0.297619;0.452381;0.15997;0.0;0.075893;0.0;0.0;0.0;0.0;0.0;0.0;0.0;0.0;0.0;0.0;0.014137
29041;0.269945;0.322404;0.179599;0.0;0.214936;0.0;0.0;0.0;0.0;0.0;0.0;0.0;0.0;0.0;0.0;0.013115
29042;0.247515;0.426441;0.20507;0.0;0.107853;0.0;0.0;0.0;0.0;0.0;0.0;0.0;0.0;0.0;0.0;0.013121
29043;0.345311;0.368453;0.172351;0.0;0.101705;0.0;0.0;0.0;0.0;0.0;0.0;0.0;0.0;0.0;0.0;0.01218
29044;0.360236;0.375984;0.194882;0.0;0.068898;0.0;0.0;0.0;0.0;0.0;0.0;0.0;0.0;0.0;0.0;0.0
29045;0.26867;0.369763;0.238616;0.0;0.102004;0.0;0.0;0.0;0.0;0.0;0.0;0.0;0.0;0.0;0.0;0.020947
29046;0.362704;0.429089;0.118286;0.0;0.079662;0.0;0.0;0.0;0.0;0.0;0.0;0.0;0.0;0.0;0.0;0.01026
29047;0.532663;0.194724;0.062814;0.0;0.193467;0.0;0.0;0.0;0.0;0.0;0.0;0.0;0.0;0.0;0.0;0.016332
29048;0.459877;0.138889;0.030864;0.0;0.365226;0.0;0.0;0.0;0.0;0.0;0.0;0.0;0.0;0.0;0.0;0.005144
29049;0.507905;0.243083;0.094368;0.0;0.144269;0.0;0.0;0.0;0.0;0.0;0.0;0.0;0.0;0.0;0.0;0.010375
29050;0.426009;0.29148;0.174888;0.0;0.085202;0.0;0.0;0.0;0.0;0.0;0.0;0.0;0.0;0.0;0.0;0.022422
29051;0.257877;0.419363;0.200626;0.0;0.10652;0.0;0.0;0.0;0.0;0.0;0.0;0.0;0.0;0.0;0.0;0.015614
29052;0.304094;0.467836;0.122807;0.0;0.076023;0.0;0.0;0.0;0.0;0.0;0.0;0.0;0.0;0.0;0.0;0.02924
29053;0.262976;0.431661;0.190311;0.0;0.105536;0.0;0.0;0.0;0.0;0.0;0.0;0.0;0.0;0.0;0.0;0.009516
29054;0.269184;0.435323;0.176022;0.0;0.100052;0.0;0.0;0.0;0.0;0.0;0.0;0.0;0.0;0.0;0.0;0.019419
29055;0.408624;0.294319;0.187543;0.0;0.097194;0.0;0.0;0.0;0.0;0.0;0.0;0.0;0.0;0.0;0.0;0.01232
29056;0.38482;0.404794;0.139814;0.0;0.05992;0.0;0.0;0.0;0.0;0.0;0.0;0.0;0.0;0.0;0.0;0.010652
29057;0.523077;0.297436;0.117949;0.0;0.05641;0.0;0.0;0.0;0.0;0.0;0.0;0.0;0.0;0.0;0.0;0.005128
29058;0.379592;0.321429;0.240816;0.0;0.053061;0.0;0.0;0.0;0.0;0.0;0.0;0.0;0.0;0.0;0.0;0.005102
29059;0.388248;0.240818;0.105981;0.0;0.249213;0.0;0.0;0.0;0.0;0.0;0.0;0.0;0.0;0.0;0.0;0.01574
29060;0.287449;0.435223;0.238866;0.0;0.032389;0.0;0.0;0.0;0.0;0.0;0.0;0.0;0.0;0.0;0.0;0.006073
29061;0.211082;0.296834;0.151715;0.0;0.300792;0.0;0.0;0.0;0.0;0.0;0.0;0.0;0.0;0.0;0.0;0.039578
29062;0.496337;0.3663;0.09707;0.0;0.040293;0.0;0.0;0.0;0.0;0.0;0.0;0.0;0.0;0.0;0.0;0.0
29063;0.292135;0.52809;0.101124;0.0;0.067416;0.0;0.0;0.0;0.0;0.0;0.0;0.0;0.0;0.0;0.0;0.011236
29064;0.370031;0.458716;0.116208;0.0;0.045872;0.0;0.0;0.0;0.0;0.0;0.0;0.0;0.0;0.0;0.0;0.009174
29065;0.263889;0.347222;0.277778;0.0;0.111111;0.0;0.0;0.0;0.0;0.0;0.0;0.0;0.0;0.0;0.0;0.0
29066;0.358779;0.332061;0.145038;0.0;0.156489;0.0;0.0;0.0;0.0;0.0;0.0;0.0;0.0;0.0;0.0;0.007634
29067;0.311909;0.381045;0.152472;0.0;0.135874;0.0;0.0;0.0;0.0;0.0;0.0;0.0;0.0;0.0;0.0;0.018699
29068;0.24986;0.406979;0.215339;0.0;0.114014;0.0;0.0;0.0;0.0;0.0;0.0;0.0;0.0;0.0;0.0;0.013809
29069;0.303933;0.408291;0.178619;0.0;0.093036;0.0;0.0;0.0;0.0;0.0;0.0;0.0;0.0;0.0;0.0;0.016121
29070;0.294163;0.350523;0.211567;0.0;0.119253;0.0;0.0;0.0;0.0;0.0;0.0;0.0;0.0;0.0;0.0;0.024494
29071;0.349593;0.396748;0.169106;0.0;0.074797;0.0;0.0;0.0;0.0;0.0;0.0;0.0;0.0;0.0;0.0;0.009756
29072;0.398046;0.308913;0.164021;0.0;0.112739;0.0;0.0;0.0;0.0;0.0;0.0;0.0;0.0;0.0;0.0;0.01628
29073;0.349955;0.298308;0.13179;0.0;0.212823;0.0;0.0;0.0;0.0;0.0;0.0;0.0;0.0;0.0;0.0;0.007124
29074;0.398601;0.40035;0.129371;0.0;0.066434;0.0;0.0;0.0;0.0;0.0;0.0;0.0;0.0;0.0;0.0;0.005245
29075;0.315323;0.413538;0.156308;0.0;0.104123;0.0;0.0;0.0;0.0;0.0;0.0;0.0;0.0;0.0;0.0;0.010708
29076;0.32796;0.321141;0.226906;0.0;0.109733;0.0;0.0;0.0;0.0;0.0;0.0;0.0;0.0;0.0;0.0;0.014259
29077;0.458333;0.256944;0.208333;0.0;0.076389;0.0;0.0;0.0;0.0;0.0;0.0;0.0;0.0;0.0;0.0;0.0
29079;0.395463;0.336603;0.136726;0.0;0.119559;0.0;0.0;0.0;0.0;0.0;0.0;0.0;0.0;0.0;0.0;0.011649
29080;0.308108;0.369169;0.18999;0.0;0.119319;0.0;0.0;0.0;0.0;0.0;0.0;0.0;0.0;0.0;0.0;0.013413
29081;0.305556;0.435185;0.24537;0.0;0.009259;0.0;0.0;0.0;0.0;0.0;0.0;0.0;0.0;0.0;0.0;0.00463
29082;0.26501;0.429852;0.15113;0.0;0.137344;0.0;0.0;0.0;0.0;0.0;0.0;0.0;0.0;0.0;0.0;0.016664
29083;0.401256;0.400558;0.129798;0.0;0.06141;0.0;0.0;0.0;0.0;0.0;0.0;0.0;0.0;0.0;0.0;0.006978
29084;0.316545;0.411396;0.167599;0.0;0.095585;0.0;0.0;0.0;0.0;0.0;0.0;0.0;0.0;0.0;0.0;0.008875
29085;0.47619;0.247619;0.152381;0.0;0.095238;0.0;0.0;0.0;0.0;0.0;0.0;0.0;0.0;0.0;0.0;0.028571
29086;0.427992;0.298174;0.178499;0.0;0.091278;0.0;0.0;0.0;0.0;0.0;0.0;0.0;0.0;0.0;0.0;0.004057
29087;0.238971;0.3125;0.169118;0.0;0.268382;0.0;0.0;0.0;0.0;0.0;0.0;0.0;0.0;0.0;0.0;0.011029
29088;0.39089;0.360699;0.146716;0.0;0.09322;0.0;0.0;0.0;0.0;0.0;0.0;0.0;0.0;0.0;0.0;0.008475
29089;0.390058;0.181818;0.070757;0.0;0.351545;0.0;0.0;0.0;0.0;0.0;0.0;0.0;0.0;0.0;0.0;0.005822
29090;0.24082;0.47737;0.222032;0.0;0.054654;0.0;0.0;0.0;0.0;0.0;0.0;0.0;0.0;0.0;0.0;0.005124
29091;0.285838;0.409202;0.1711;0.0;0.122646;0.0;0.0;0.0;0.0;0.0;0.0;0.0;0.0;0.0;0.0;0.011215
29092;0.353222;0.355609;0.128878;0.0;0.152745;0.0;0.0;0.0;0.0;0.0;0.0;0.0;0.0;0.0;0.0;0.009547
29093;0.467532;0.323308;0.118934;0.0;0.086124;0.0;0.0;0.0;0.0;0.0;0.0;0.0;0.0;0.0;0.0;0.004101
29094;0.279335;0.394717;0.204272;0.0;0.106337;0.0;0.0;0.0;0.0;0.0;0.0;0.0;0.0;0.0;0.0;0.01534
29095;0.420385;0.310586;0.102362;0.0;0.157043;0.0;0.0;0.0;0.0;0.0;0.0;0.0;0.0;0.0;0.0;0.009624
29096;0.437132;0.296415;0.103264;0.0;0.151953;0.0;0.0;0.0;0.0;0.0;0.0;0.0;0.0;0.0;0.0;0.011236
29097;0.376446;0.341746;0.151069;0.0;0.120925;0.0;0.0;0.0;0.0;0.0;0.0;0.0;0.0;0.0;0.0;0.009814
29098;0.455982;0.276524;0.112867;0.0;0.146727;0.0;0.0;0.0;0.0;0.0;0.0;0.0;0.0;0.0;0.0;0.007901
29099;0.419718;0.312676;0.166197;0.0;0.094366;0.0;0.0;0.0;0.0;0.0;0.0;0.0;0.0;0.0;0.0;0.007042
29100;0.469849;0.309673;0.141332;0.0;0.072236;0.0;0.0;0.0;0.0;0.0;0.0;0.0;0.0;0.0;0.0;0.00691
29901;0.267132;0.437658;0.156753;0.0;0.11487;0.0;0.0;0.0;0.0;0.0;0.0;0.0;0.0;0.0;0.0;0.023586
29902;0.463139;0.351367;0.10761;0.0;0.073722;0.0;0.0;0.0;0.0;0.0;0.0;0.0;0.0;0.0;0.0;0.004162
29903;0.394118;0.367647;0.120588;0.0;0.097059;0.0;0.0;0.0;0.0;0.0;0.0;0.0;0.0;0.0;0.0;0.020588
29904;0.76699;0.080906;0.048544;0.0;0.10356;0.0;0.0;0.0;0.0;0.0;0.0;0.0;0.0;0.0;0.0;0.0
30001;0.279907;0.489547;0.180314;0.0;0.042102;0.0;0.0;0.0;0.0;0.0;0.0;0.0;0.0;0.0;0.0;0.00813
30002;0.264221;0.405614;0.248329;0.0;0.070548;0.0;0.0;0.0;0.0;0.0;0.0;0.0;0.0;0.0;0.0;0.011288
30003;0.316478;0.382491;0.205987;0.0;0.08501;0.0;0.0;0.0;0.0;0.0;0.0;0.0;0.0;0.0;0.0;0.010034
30004;0.353972;0.359813;0.188084;0.0;0.08528;0.0;0.0;0.0;0.0;0.0;0.0;0.0;0.0;0.0;0.0;0.01285
30005;0.234535;0.439346;0.233637;0.0;0.077596;0.0;0.0;0.0;0.0;0.0;0.0;0.0;0.0;0.0;0.0;0.014886
30006;0.265359;0.50719;0.115033;0.0;0.100654;0.0;0.0;0.0;0.0;0.0;0.0;0.0;0.0;0.0;0.0;0.011765
30007;0.25626;0.368148;0.294157;0.0;0.066546;0.0;0.0;0.0;0.0;0.0;0.0;0.0;0.0;0.0;0.0;0.014888
30008;0.263579;0.395416;0.200886;0.0;0.122978;0.0;0.0;0.0;0.0;0.0;0.0;0.0;0.0;0.0;0.0;0.017142
30009;0.277108;0.398324;0.223677;0.0;0.08968;0.0;0.0;0.0;0.0;0.0;0.0;0.0;0.0;0.0;0.0;0.01121
30010;0.273285;0.428133;0.230931;0.0;0.056727;0.0;0.0;0.0;0.0;0.0;0.0;0.0;0.0;0.0;0.0;0.010924
30011;0.287518;0.428981;0.207174;0.0;0.063128;0.0;0.0;0.0;0.0;0.0;0.0;0.0;0.0;0.0;0.0;0.013199
30012;0.399675;0.34279;0.125591;0.0;0.121602;0.0;0.0;0.0;0.0;0.0;0.0;0.0;0.0;0.0;0.0;0.010343
30013;0.424225;0.339648;0.161117;0.0;0.068312;0.0;0.0;0.0;0.0;0.0;0.0;0.0;0.0;0.0;0.0;0.006697
30014;0.400691;0.291883;0.224525;0.0;0.061313;0.0;0.0;0.0;0.0;0.0;0.0;0.0;0.0;0.0;0.0;0.021589
30015;0.261884;0.479732;0.181029;0.0;0.068679;0.0;0.0;0.0;0.0;0.0;0.0;0.0;0.0;0.0;0.0;0.008676
30016;0.244323;0.399391;0.235017;0.0;0.102288;0.0;0.0;0.0;0.0;0.0;0.0;0.0;0.0;0.0;0.0;0.018981
30017;0.295677;0.432218;0.183073;0.0;0.076209;0.0;0.0;0.0;0.0;0.0;0.0;0.0;0.0;0.0;0.0;0.012824
30018;0.302085;0.354926;0.247971;0.0;0.070667;0.0;0.0;0.0;0.0;0.0;0.0;0.0;0.0;0.0;0.0;0.024351
30019;0.286763;0.404723;0.19417;0.0;0.101972;0.0;0.0;0.0;0.0;0.0;0.0;0.0;0.0;0.0;0.0;0.012372
30020;0.218248;0.427854;0.250804;0.0;0.094252;0.0;0.0;0.0;0.0;0.0;0.0;0.0;0.0;0.0;0.0;0.008842
30021;0.215762;0.402922;0.316959;0.0;0.055029;0.0;0.0;0.0;0.0;0.0;0.0;0.0;0.0;0.0;0.0;0.009327
30022;0.304763;0.435186;0.163824;0.0;0.08421;0.0;0.0;0.0;0.0;0.0;0.0;0.0;0.0;0.0;0.0;0.012017
30023;0.27474;0.382757;0.214022;0.0;0.111037;0.0;0.0;0.0;0.0;0.0;0.0;0.0;0.0;0.0;0.0;0.017444
30024;0.274883;0.414532;0.223897;0.0;0.076421;0.0;0.0;0.0;0.0;0.0;0.0;0.0;0.0;0.0;0.0;0.010267
30025;0.315594;0.346836;0.258671;0.0;0.065925;0.0;0.0;0.0;0.0;0.0;0.0;0.0;0.0;0.0;0.0;0.012973
30026;0.278439;0.37688;0.255097;0.0;0.079712;0.0;0.0;0.0;0.0;0.0;0.0;0.0;0.0;0.0;0.0;0.009872
30027;0.24586;0.405299;0.227841;0.0;0.105328;0.0;0.0;0.0;0.0;0.0;0.0;0.0;0.0;0.0;0.0;0.015673
30028;0.377641;0.35401;0.121109;0.0;0.142922;0.0;0.0;0.0;0.0;0.0;0.0;0.0;0.0;0.0;0.0;0.004317
30029;0.318677;0.394654;0.183609;0.0;0.09028;0.0;0.0;0.0;0.0;0.0;0.0;0.0;0.0;0.0;0.0;0.01278
30030;0.229574;0.431365;0.215046;0.0;0.108787;0.0;0.0;0.0;0.0;0.0;0.0;0.0;0.0;0.0;0.0;0.015228
30031;0.217073;0.514634;0.204878;0.0;0.05122;0.0;0.0;0.0;0.0;0.0;0.0;0.0;0.0;0.0;0.0;0.012195
30032;0.282678;0.400724;0.248304;0.0;0.061511;0.0;0.0;0.0;0.0;0.0;0.0;0.0;0.0;0.0;0.0;0.006784
30033;0.264578;0.424435;0.218696;0.0;0.08092;0.0;0.0;0.0;0.0;0.0;0.0;0.0;0.0;0.0;0.0;0.011371
30034;0.307298;0.416133;0.201024;0.0;0.06402;0.0;0.0;0.0;0.0;0.0;0.0;0.0;0.0;0.0;0.0;0.011524
30035;0.216263;0.437526;0.245102;0.0;0.083847;0.0;0.0;0.0;0.0;0.0;0.0;0.0;0.0;0.0;0.0;0.017263
30036;0.216149;0.41289;0.276939;0.0;0.079282;0.0;0.0;0.0;0.0;0.0;0.0;0.0;0.0;0.0;0.0;0.01474
30037;0.210624;0.445849;0.263744;0.0;0.064802;0.0;0.0;0.0;0.0;0.0;0.0;0.0;0.0;0.0;0.0;0.014981
30038;0.271285;0.388417;0.25776;0.0;0.071354;0.0;0.0;0.0;0.0;0.0;0.0;0.0;0.0;0.0;0.0;0.011184
30039;0.228748;0.410793;0.239143;0.0;0.106222;0.0;0.0;0.0;0.0;0.0;0.0;0.0;0.0;0.0;0.0;0.015093
30040;0.331579;0.45614;0.145614;0.0;0.05614;0.0;0.0;0.0;0.0;0.0;0.0;0.0;0.0;0.0;0.0;0.010526
30041;0.292176;0.381863;0.22116;0.0;0.088798;0.0;0.0;0.0;0.0;0.0;0.0;0.0;0.0;0.0;0.0;0.016004
30042;0.273601;0.3697;0.264556;0.0;0.085359;0.0;0.0;0.0;0.0;0.0;0.0;0.0;0.0;0.0;0.0;0.006783
30043;0.283034;0.422186;0.164771;0.0;0.117147;0.0;0.0;0.0;0.0;0.0;0.0;0.0;0.0;0.0;0.0;0.012863
30901;0.253437;0.438765;0.187828;0.0;0.107348;0.0;0.0;0.0;0.0;0.0;0.0;0.0;0.0;0.0;0.0;0.012622
30902;0.31795;0.363931;0.218835;0.0;0.083958;0.0;0.0;0.0;0.0;0.0;0.0;0.0;0.0;0.0;0.0;0.015327
31001;0.156863;0.078431;0.0;0.0;0.117647;0.0;0.0;0.0;0.0;0.352941;0.0;0.0;0.0;0.196078;0.0;0.098039
31002;0.170648;0.12628;0.044369;0.0;0.163823;0.0;0.0;0.0;0.0;0.221843;0.0;0.0;0.0;0.146758;0.0;0.12628
31003;0.222222;0.061728;0.012346;0.0;0.111111;0.0;0.0;0.0;0.0;0.432099;0.0;0.0;0.0;0.098765;0.0;0.061728
31004;0.173913;0.217391;0.0;0.0;0.043478;0.0;0.0;0.0;0.0;0.304348;0.0;0.0;0.0;0.26087;0.0;0.0
31005;0.263736;0.181319;0.054945;0.0;0.087912;0.0;0.0;0.0;0.0;0.153846;0.0;0.0;0.0;0.225275;0.0;0.032967
31006;0.409848;0.175235;0.089066;0.0;0.099928;0.0;0.0;0.0;0.0;0.025344;0.0;0.0;0.0;0.188269;0.0;0.01231
31007;0.142857;0.260504;0.067227;0.0;0.134454;0.0;0.0;0.0;0.0;0.12605;0.0;0.0;0.0;0.210084;0.0;0.058824
31008;0.265306;0.183673;0.081633;0.0;0.040816;0.0;0.0;0.0;0.0;0.102041;0.0;0.0;0.0;0.142857;0.0;0.183673
31009;0.259912;0.092511;0.024229;0.0;0.209251;0.0;0.0;0.0;0.0;0.220264;0.0;0.0;0.0;0.156388;0.0;0.037445
31010;0.290349;0.09651;0.023446;0.0;0.147764;0.0;0.0;0.0;0.0;0.316521;0.0;0.0;0.0;0.043893;0.0;0.081516
31011;0.206544;0.155419;0.03272;0.0;0.137014;0.0;0.0;0.0;0.0;0.202454;0.0;0.0;0.0;0.214724;0.0;0.051125
31012;0.406998;0.169429;0.051565;0.0;0.108656;0.0;0.0;0.0;0.0;0.110497;0.0;0.0;0.0;0.127072;0.0;0.025783
31013;0.174564;0.092269;0.022444;0.0;0.209476;0.0;0.0;0.0;0.0;0.316708;0.0;0.0;0.0;0.144638;0.0;0.0399
31014;0.131148;0.213115;0.038251;0.0;0.120219;0.0;0.0;0.0;0.0;0.322404;0.0;0.0;0.0;0.114754;0.0;0.060109
31015;0.3573;0.19369;0.053558;0.0;0.09391;0.0;0.0;0.0;0.0;0.053558;0.0;0.0;0.0;0.225972;0.0;0.02201
31016;0.352048;0.08248;0.038222;0.0;0.187271;0.0;0.0;0.0;0.0;0.234272;0.0;0.0;0.0;0.064192;0.0;0.041514
31017;0.163424;0.14786;0.019455;0.0;0.120623;0.0;0.0;0.0;0.0;0.307393;0.0;0.0;0.0;0.136187;0.0;0.105058
31018;0.294118;0.183391;0.048443;0.0;0.200692;0.0;0.0;0.0;0.0;0.131488;0.0;0.0;0.0;0.093426;0.0;0.048443
31019;0.210567;0.069678;0.047473;0.0;0.133231;0.0;0.0;0.0;0.0;0.392802;0.0;0.0;0.0;0.098775;0.0;0.047473
31020;0.10177;0.022124;0.00885;0.0;0.10177;0.0;0.0;0.0;0.0;0.663717;0.0;0.0;0.0;0.022124;0.0;0.079646
31021;0.282051;0.128205;0.025641;0.0;0.025641;0.0;0.0;0.0;0.0;0.333333;0.0;0.0;0.0;0.153846;0.0;0.051282
31022;0.154386;0.031579;0.021053;0.0;0.063158;0.0;0.0;0.0;0.0;0.614035;0.0;0.0;0.0;0.02807;0.0;0.087719
31023;0.228385;0.22473;0.064844;0.0;0.147966;0.0;0.0;0.0;0.0;0.10712;0.0;0.0;0.0;0.177686;0.0;0.049269
31024;0.02;0.0;0.0;0.0;0.14;0.0;0.0;0.0;0.0;0.76;0.0;0.0;0.0;0.02;0.0;0.06
31025;0.166359;0.120148;0.040665;0.0;0.151571;0.0;0.0;0.0;0.0;0.386322;0.0;0.0;0.0;0.09427;0.0;0.040665
31026;0.37069;0.224138;0.0;0.0;0.068966;0.0;0.0;0.0;0.0;0.163793;0.0;0.0;0.0;0.12931;0.0;0.043103
31027;0.055769;0.048077;0.005769;0.0;0.053846;0.0;0.0;0.0;0.0;0.671154;0.0;0.0;0.0;0.034615;0.0;0.130769
31028;0.195531;0.039106;0.022346;0.0;0.201117;0.0;0.0;0.0;0.0;0.368715;0.0;0.0;0.0;0.106145;0.0;0.067039
31029;0.292484;0.166667;0.027778;0.0;0.096405;0.0;0.0;0.0;0.0;0.130719;0.0;0.0;0.0;0.25817;0.0;0.027778
31030;0.258065;0.043011;0.053763;0.0;0.172043;0.0;0.0;0.0;0.0;0.301075;0.0;0.0;0.0;0.096774;0.0;0.075269
31031;0.183333;0.05;0.025;0.0;0.075;0.0;0.0;0.0;0.0;0.541667;0.0;0.0;0.0;0.025;0.0;0.1
31032;0.416014;0.157528;0.046127;0.0;0.086162;0.0;0.0;0.0;0.0;0.056571;0.0;0.0;0.0;0.225413;0.0;0.012185
31033;0.130435;0.0;0.0;0.0;0.130435;0.0;0.0;0.0;0.0;0.478261;0.0;0.0;0.0;0.130435;0.0;0.130435
31034;0.071429;0.071429;0.0;0.0;0.214286;0.0;0.0;0.0;0.0;0.428571;0.0;0.0;0.0;0.178571;0.0;0.035714
31035;0.432432;0.027027;0.054054;0.0;0.081081;0.0;0.0;0.0;0.0;0.108108;0.0;0.0;0.0;0.243243;0.0;0.054054
31036;0.352254;0.196995;0.053422;0.0;0.073456;0.0;0.0;0.0;0.0;0.176962;0.0;0.0;0.0;0.113523;0.0;0.033389
31037;0.128205;0.012821;0.038462;0.0;0.051282;0.0;0.0;0.0;0.0;0.666667;0.0;0.0;0.0;0.012821;0.0;0.089744
31038;0.324524;0.162791;0.053911;0.0;0.11945;0.0;0.0;0.0;0.0;0.120507;0.0;0.0;0.0;0.186047;0.0;0.03277
31039;0.206349;0.111111;0.0;0.0;0.15873;0.0;0.0;0.0;0.0;0.380952;0.0;0.0;0.0;0.126984;0.0;0.015873
31040;0.19708;0.233577;0.043796;0.0;0.058394;0.0;0.0;0.0;0.0;0.29927;0.0;0.0;0.0;0.094891;0.0;0.072993
31041;0.235039;0.185603;0.076323;0.0;0.156114;0.0;0.0;0.0;0.0;0.14484;0.0;0.0;0.0;0.155247;0.0;0.046834
31042;0.418605;0.167019;0.097252;0.0;0.049683;0.0;0.0;0.0;0.0;0.016913;0.0;0.0;0.0;0.240486;0.0;0.010042
31043;0.296296;0.037037;0.0;0.0;0.0;0.0;0.0;0.0;0.0;0.037037;0.0;0.0;0.0;0.444444;0.0;0.185185
31044;0.082927;0.078049;0.0;0.0;0.063415;0.0;0.0;0.0;0.0;0.609756;0.0;0.0;0.0;0.068293;0.0;0.097561
31045;0.319648;0.087977;0.014663;0.0;0.222874;0.0;0.0;0.0;0.0;0.120235;0.0;0.0;0.0;0.184751;0.0;0.049853
31046;0.228571;0.4;0.057143;0.0;0.028571;0.0;0.0;0.0;0.0;0.085714;0.0;0.0;0.0;0.171429;0.0;0.028571
31047;0.337423;0.177914;0.01227;0.0;0.055215;0.0;0.0;0.0;0.0;0.177914;0.0;0.0;0.0;0.171779;0.0;0.067485
31048;0.19685;0.244094;0.204724;0.0;0.086614;0.0;0.0;0.0;0.0;0.023622;0.0;0.0;0.0;0.212598;0.0;0.031496
31049;0.109015;0.069182;0.016771;0.0;0.060797;0.0;0.0;0.0;0.0;0.599581;0.0;0.0;0.0;0.077568;0.0;0.067086
31050;0.197722;0.107676;0.024681;0.0;0.077299;0.0;0.0;0.0;0.0;0.415514;0.0;0.0;0.0;0.093572;0.0;0.083537
31051;0.261745;0.120805;0.120805;0.0;0.087248;0.0;0.0;0.0;0.0;0.134228;0.0;0.0;0.0;0.228188;0.0;0.04698
31052;0.2375;0.275;0.025;0.0;0.175;0.0;0.0;0.0;0.0;0.075;0.0;0.0;0.0;0.15;0.0;0.0625
31053;0.322086;0.110429;0.042945;0.0;0.107362;0.0;0.0;0.0;0.0;0.184049;0.0;0.0;0.0;0.184049;0.0;0.04908
31054;0.281787;0.075601;0.017182;0.0;0.089347;0.0;0.0;0.0;0.0;0.419244;0.0;0.0;0.0;0.054983;0.0;0.061856
31055;0.165775;0.042781;0.005348;0.0;0.080214;0.0;0.0;0.0;0.0;0.470588;0.0;0.0;0.0;0.032086;0.0;0.203209
31056;0.221374;0.160305;0.061069;0.0;0.160305;0.0;0.0;0.0;0.0;0.198473;0.0;0.0;0.0;0.145038;0.0;0.053435
31057;0.395294;0.267451;0.06902;0.0;0.090196;0.0;0.0;0.0;0.0;0.008627;0.0;0.0;0.0;0.158431;0.0;0.01098
31058;0.170068;0.142857;0.013605;0.0;0.068027;0.0;0.0;0.0;0.0;0.285714;0.0;0.0;0.0;0.176871;0.0;0.142857
31059;0.215385;0.069231;0.007692;0.0;0.084615;0.0;0.0;0.0;0.0;0.392308;0.0;0.0;0.0;0.161538;0.0;0.069231
31060;0.301152;0.143115;0.041062;0.0;0.175463;0.0;0.0;0.0;0.0;0.197997;0.0;0.0;0.0;0.099549;0.0;0.041662
31061;0.15;0.2;0.025;0.0;0.1;0.0;0.0;0.0;0.0;0.075;0.0;0.0;0.0;0.425;0.0;0.025
31062;0.391468;0.27478;0.053952;0.0;0.095358;0.0;0.0;0.0;0.0;0.031368;0.0;0.0;0.0;0.140527;0.0;0.012547
31063;0.140351;0.315789;0.0;0.0;0.070175;0.0;0.0;0.0;0.0;0.192982;0.0;0.0;0.0;0.192982;0.0;0.087719
31064;0.443443;0.214214;0.062062;0.0;0.064064;0.0;0.0;0.0;0.0;0.044044;0.0;0.0;0.0;0.163163;0.0;0.009009
31065;0.428687;0.221232;0.051053;0.0;0.059968;0.0;0.0;0.0;0.0;0.055916;0.0;0.0;0.0;0.172609;0.0;0.010535
31066;0.40708;0.162832;0.051327;0.0;0.072566;0.0;0.0;0.0;0.0;0.058407;0.0;0.0;0.0;0.235398;0.0;0.012389
31067;0.423328;0.155791;0.09217;0.0;0.079935;0.0;0.0;0.0;0.0;0.0677;0.0;0.0;0.0;0.163132;0.0;0.017945
31068;0.384008;0.174235;0.072063;0.0;0.121422;0.0;0.0;0.0;0.0;0.037512;0.0;0.0;0.0;0.195953;0.0;0.014808
31069;0.334477;0.120069;0.080617;0.0;0.092624;0.0;0.0;0.0;0.0;0.152659;0.0;0.0;0.0;0.207547;0.0;0.012007
31070;0.295429;0.213143;0.110857;0.0;0.204571;0.0;0.0;0.0;0.0;0.048571;0.0;0.0;0.0;0.117143;0.0;0.010286
31071;0.363636;0.181818;0.0;0.0;0.090909;0.0;0.0;0.0;0.0;0.090909;0.0;0.0;0.0;0.272727;0.0;0.0
31072;0.355423;0.228834;0.103057;0.0;0.07736;0.0;0.0;0.0;0.0;0.022992;0.0;0.0;0.0;0.201244;0.0;0.01109
31073;0.184834;0.094787;0.009479;0.0;0.099526;0.0;0.0;0.0;0.0;0.526066;0.0;0.0;0.0;0.009479;0.0;0.075829
31074;0.236749;0.063604;0.021201;0.0;0.169611;0.0;0.0;0.0;0.0;0.339223;0.0;0.0;0.0;0.109541;0.0;0.060071
31075;0.116883;0.116883;0.142857;0.0;0.298701;0.0;0.0;0.0;0.0;0.142857;0.0;0.0;0.0;0.168831;0.0;0.012987
31076;0.143924;0.275896;0.14492;0.0;0.065737;0.0;0.0;0.0;0.0;0.076693;0.0;0.0;0.0;0.24751;0.0;0.045319
31077;0.311592;0.185107;0.096118;0.0;0.089781;0.0;0.0;0.0;0.0;0.022709;0.0;0.0;0.0;0.283338;0.0;0.011355
31078;0.390543;0.199066;0.077642;0.0;0.118506;0.0;0.0;0.0;0.0;0.043783;0.0;0.0;0.0;0.161705;0.0;0.008757
31079;0.461538;0.179487;0.051282;0.0;0.076923;0.0;0.0;0.0;0.0;0.076923;0.0;0.0;0.0;0.153846;0.0;0.0
31080;0.331412;0.126801;0.025937;0.0;0.129683;0.0;0.0;0.0;0.0;0.207493;0.0;0.0;0.0;0.146974;0.0;0.0317
31081;0.1875;0.129464;0.008929;0.0;0.022321;0.0;0.0;0.0;0.0;0.486607;0.0;0.0;0.0;0.026786;0.0;0.138393
31082;0.141058;0.108312;0.02267;0.0;0.105793;0.0;0.0;0.0;0.0;0.448363;0.0;0.0;0.0;0.047859;0.0;0.125945
31083;0.051282;0.051282;0.0;0.0;0.076923;0.0;0.0;0.0;0.0;0.410256;0.0;0.0;0.0;0.25641;0.0;0.153846
31084;0.138122;0.052881;0.007893;0.0;0.078137;0.0;0.0;0.0;0.0;0.578532;0.0;0.0;0.0;0.039463;0.0;0.104972
31085;0.208571;0.045714;0.011429;0.0;0.185714;0.0;0.0;0.0;0.0;0.451429;0.0;0.0;0.0;0.045714;0.0;0.051429
31086;0.211738;0.209225;0.076173;0.0;0.164104;0.0;0.0;0.0;0.0;0.146015;0.0;0.0;0.0;0.144709;0.0;0.048035
31087;0.236842;0.04386;0.0;0.0;0.017544;0.0;0.0;0.0;0.0;0.526316;0.0;0.0;0.0;0.035088;0.0;0.140351
31088;0.285414;0.159001;0.077792;0.0;0.150329;0.0;0.0;0.0;0.0;0.11774;0.0;0.0;0.0;0.163732;0.0;0.045992
31089;0.2;0.216216;0.07027;0.0;0.140541;0.0;0.0;0.0;0.0;0.113514;0.0;0.0;0.0;0.205405;0.0;0.054054
31090;0.307692;0.076923;0.012821;0.0;0.038462;0.0;0.0;0.0;0.0;0.282051;0.0;0.0;0.0;0.064103;0.0;0.217949
31091;0.124378;0.034826;0.0;0.0;0.064677;0.0;0.0;0.0;0.0;0.626866;0.0;0.0;0.0;0.049751;0.0;0.099502
31092;0.168378;0.086242;0.022587;0.0;0.131417;0.0;0.0;0.0;0.0;0.349076;0.0;0.0;0.0;0.123203;0.0;0.119097
31093;0.205128;0.087179;0.005128;0.0;0.082051;0.0;0.0;0.0;0.0;0.4;0.0;0.0;0.0;0.138462;0.0;0.082051
31094;0.305556;0.097222;0.013889;0.0;0.111111;0.0;0.0;0.0;0.0;0.125;0.0;0.0;0.0;0.347222;0.0;0.0
31095;0.245902;0.081967;0.0;0.0;0.131148;0.0;0.0;0.0;0.0;0.47541;0.0;0.0;0.0;0.016393;0.0;0.04918
31096;0.205128;0.230769;0.012821;0.0;0.102564;0.0;0.0;0.0;0.0;0.205128;0.0;0.0;0.0;0.217949;0.0;0.025641
31097;0.240191;0.171565;0.04271;0.0;0.126538;0.0;0.0;0.0;0.0;0.190242;0.0;0.0;0.0;0.189373;0.0;0.03938
31098;0.212725;0.160026;0.060411;0.0;0.149743;0.0;0.0;0.0;0.0;0.239075;0.0;0.0;0.0;0.131105;0.0;0.046915
31099;0.243902;0.243902;0.02439;0.0;0.073171;0.0;0.0;0.0;0.0;0.195122;0.0;0.0;0.0;0.195122;0.0;0.02439
31100;0.147287;0.248062;0.069767;0.0;0.108527;0.0;0.0;0.0;0.0;0.224806;0.0;0.0;0.0;0.170543;0.0;0.031008
31101;0.189349;0.131164;0.071992;0.0;0.136095;0.0;0.0;0.0;0.0;0.270217;0.0;0.0;0.0;0.163708;0.0;0.037475
31102;0.294118;0.147059;0.0;0.0;0.161765;0.0;0.0;0.0;0.0;0.25;0.0;0.0;0.0;0.073529;0.0;0.073529
31103;0.172414;0.241379;0.068966;0.0;0.103448;0.0;0.0;0.0;0.0;0.103448;0.0;0.0;0.0;0.310345;0.0;0.0
31104;0.435456;0.137694;0.033563;0.0;0.11704;0.0;0.0;0.0;0.0;0.086919;0.0;0.0;0.0;0.148881;0.0;0.040448
31105;0.347907;0.267907;0.141395;0.0;0.03907;0.0;0.0;0.0;0.0;0.014884;0.0;0.0;0.0;0.179535;0.0;0.009302
31106;0.358459;0.244556;0.128978;0.0;0.075377;0.0;0.0;0.0;0.0;0.01675;0.0;0.0;0.0;0.160804;0.0;0.015075
31107;0.246564;0.284364;0.088488;0.0;0.036942;0.0;0.0;0.0;0.0;0.012027;0.0;0.0;0.0;0.323024;0.0;0.008591
31108;0.344853;0.3;0.083088;0.0;0.083088;0.0;0.0;0.0;0.0;0.025735;0.0;0.0;0.0;0.153676;0.0;0.009559
31109;0.199194;0.183871;0.069355;0.0;0.126613;0.0;0.0;0.0;0.0;0.210484;0.0;0.0;0.0;0.16371;0.0;0.046774
31110;0.393939;0.106061;0.075758;0.0;0.151515;0.0;0.0;0.0;0.0;0.106061;0.0;0.0;0.0;0.136364;0.0;0.030303
31111;0.212121;0.015152;0.045455;0.0;0.136364;0.0;0.0;0.0;0.0;0.287879;0.0;0.0;0.0;0.090909;0.0;0.212121
31112;0.20339;0.152542;0.0;0.0;0.186441;0.0;0.0;0.0;0.0;0.271186;0.0;0.0;0.0;0.118644;0.0;0.067797
31113;0.320988;0.148148;0.012346;0.0;0.135802;0.0;0.0;0.0;0.0;0.148148;0.0;0.0;0.0;0.111111;0.0;0.123457
31114;0.290566;0.109434;0.060377;0.0;0.203774;0.0;0.0;0.0;0.0;0.203774;0.0;0.0;0.0;0.098113;0.0;0.033962
31115;0.157407;0.055556;0.018519;0.0;0.12037;0.0;0.0;0.0;0.0;0.435185;0.0;0.0;0.0;0.074074;0.0;0.138889
31116;0.166667;0.25;0.125;0.0;0.041667;0.0;0.0;0.0;0.0;0.104167;0.0;0.0;0.0;0.25;0.0;0.0625
31117;0.066667;0.027778;0.0;0.0;0.016667;0.0;0.0;0.0;0.0;0.791667;0.0;0.0;0.0;0.019444;0.0;0.077778
31118;0.317308;0.048077;0.038462;0.0;0.076923;0.0;0.0;0.0;0.0;0.288462;0.0;0.0;0.0;0.096154;0.0;0.134615
31119;0.090909;0.045455;0.0;0.0;0.272727;0.0;0.0;0.0;0.0;0.363636;0.0;0.0;0.0;0.090909;0.0;0.136364
31120;0.165217;0.147826;0.017391;0.0;0.169565;0.0;0.0;0.0;0.0;0.304348;0.0;0.0;0.0;0.143478;0.0;0.052174
31121;0.136364;0.363636;0.022727;0.0;0.272727;0.0;0.0;0.0;0.0;0.113636;0.0;0.0;0.0;0.045455;0.0;0.045455
31122;0.239414;0.136265;0.037731;0.0;0.160695;0.0;0.0;0.0;0.0;0.249457;0.0;0.0;0.0;0.11645;0.0;0.059989
31123;0.195592;0.099174;0.022039;0.0;0.104683;0.0;0.0;0.0;0.0;0.352617;0.0;0.0;0.0;0.090909;0.0;0.134986
31124;0.228395;0.148148;0.04321;0.0;0.111111;0.0;0.0;0.0;0.0;0.12963;0.0;0.0;0.0;0.283951;0.0;0.055556
31125;0.244186;0.139535;0.017442;0.0;0.186047;0.0;0.0;0.0;0.0;0.174419;0.0;0.0;0.0;0.19186;0.0;0.046512
31126;0.165957;0.085106;0.025532;0.0;0.165957;0.0;0.0;0.0;0.0;0.374468;0.0;0.0;0.0;0.085106;0.0;0.097872
31127;0.067416;0.157303;0.05618;0.0;0.044944;0.0;0.0;0.0;0.0;0.314607;0.0;0.0;0.0;0.213483;0.0;0.146067
31128;0.197531;0.09465;0.012346;0.0;0.152263;0.0;0.0;0.0;0.0;0.341564;0.0;0.0;0.0;0.135802;0.0;0.065844
31129;0.175781;0.058594;0.058594;0.0;0.003906;0.0;0.0;0.0;0.0;0.621094;0.0;0.0;0.0;0.007812;0.0;0.074219
31130;0.207207;0.126126;0.004505;0.0;0.108108;0.0;0.0;0.0;0.0;0.36036;0.0;0.0;0.0;0.094595;0.0;0.099099
31131;0.137228;0.230978;0.096467;0.0;0.119565;0.0;0.0;0.0;0.0;0.202446;0.0;0.0;0.0;0.169837;0.0;0.043478
31132;0.085714;0.209524;0.095238;0.0;0.038095;0.0;0.0;0.0;0.0;0.32381;0.0;0.0;0.0;0.238095;0.0;0.009524
31133;0.24;0.0;0.0;0.0;0.0;0.0;0.0;0.0;0.0;0.6;0.0;0.0;0.0;0.12;0.0;0.04
31134;0.243478;0.095652;0.052174;0.0;0.104348;0.0;0.0;0.0;0.0;0.269565;0.0;0.0;0.0;0.165217;0.0;0.069565
31135;0.295082;0.229508;0.196721;0.0;0.04918;0.0;0.0;0.0;0.0;0.016393;0.0;0.0;0.0;0.180328;0.0;0.032787
31136;0.214533;0.041522;0.093426;0.0;0.145329;0.0;0.0;0.0;0.0;0.3391;0.0;0.0;0.0;0.110727;0.0;0.055363
31137;0.239583;0.229167;0.020833;0.0;0.125;0.0;0.0;0.0;0.0;0.25;0.0;0.0;0.0;0.041667;0.0;0.09375
31138;0.206271;0.062706;0.014851;0.0;0.080858;0.0;0.0;0.0;0.0;0.49505;0.0;0.0;0.0;0.036304;0.0;0.10396
31139;0.20202;0.161616;0.020202;0.0;0.10101;0.0;0.0;0.0;0.0;0.232323;0.0;0.0;0.0;0.222222;0.0;0.060606
31140;0.166667;0.130952;0.011905;0.0;0.095238;0.0;0.0;0.0;0.0;0.27381;0.0;0.0;0.0;0.178571;0.0;0.142857
31141;0.135593;0.423729;0.135593;0.0;0.084746;0.0;0.0;0.0;0.0;0.118644;0.0;0.0;0.0;0.067797;0.0;0.033898
31142;0.305842;0.174112;0.058419;0.0;0.064147;0.0;0.0;0.0;0.0;0.160367;0.0;0.0;0.0;0.211913;0.0;0.0252
31143;0.2;0.111111;0.0;0.0;0.044444;0.0;0.0;0.0;0.0;0.311111;0.0;0.0;0.0;0.288889;0.0;0.044444
31144;0.142539;0.051225;0.01559;0.0;0.095768;0.0;0.0;0.0;0.0;0.536748;0.0;0.0;0.0;0.066815;0.0;0.091314
31145;0.230769;0.213675;0.034188;0.0;0.076923;0.0;0.0;0.0;0.0;0.034188;0.0;0.0;0.0;0.393162;0.0;0.017094
31146;0.291667;0.166667;0.0;0.0;0.083333;0.0;0.0;0.0;0.0;0.166667;0.0;0.0;0.0;0.291667;0.0;0.0
31147;0.098592;0.140845;0.126761;0.0;0.126761;0.0;0.0;0.0;0.0;0.211268;0.0;0.0;0.0;0.267606;0.0;0.028169
31148;0.409836;0.147541;0.065574;0.0;0.131148;0.0;0.0;0.0;0.0;0.131148;0.0;0.0;0.0;0.081967;0.0;0.032787
31149;0.159214;0.054878;0.015583;0.0;0.052846;0.0;0.0;0.0;0.0;0.608401;0.0;0.0;0.0;0.048103;0.0;0.060976
31150;0.08209;0.126866;0.0;0.0;0.216418;0.0;0.0;0.0;0.0;0.402985;0.0;0.0;0.0;0.126866;0.0;0.044776
31151;0.15;0.2;0.05;0.0;0.05;0.0;0.0;0.0;0.0;0.225;0.0;0.0;0.0;0.2;0.0;0.125
31152;0.358604;0.180505;0.037304;0.0;0.1071;0.0;0.0;0.0;0.0;0.074609;0.0;0.0;0.0;0.216606;0.0;0.025271
31153;0.231798;0.063893;0.017088;0.0;0.085438;0.0;0.0;0.0;0.0;0.469539;0.0;0.0;0.0;0.033432;0.0;0.098811
31154;0.107438;0.157025;0.008264;0.0;0.206612;0.0;0.0;0.0;0.0;0.338843;0.0;0.0;0.0;0.115702;0.0;0.066116
31155;0.404494;0.078652;0.08427;0.0;0.162921;0.0;0.0;0.0;0.0;0.095506;0.0;0.0;0.0;0.157303;0.0;0.016854
31156;0.175141;0.090395;0.056497;0.0;0.118644;0.0;0.0;0.0;0.0;0.40113;0.0;0.0;0.0;0.062147;0.0;0.096045
31157;0.354129;0.169659;0.089318;0.0;0.107271;0.0;0.0;0.0;0.0;0.06149;0.0;0.0;0.0;0.187163;0.0;0.030969
31158;0.12426;0.076923;0.047337;0.0;0.118343;0.0;0.0;0.0;0.0;0.420118;0.0;0.0;0.0;0.183432;0.0;0.029586
31159;0.190476;0.117216;0.039072;0.0;0.120879;0.0;0.0;0.0;0.0;0.282051;0.0;0.0;0.0;0.201465;0.0;0.04884
31160;0.232558;0.186047;0.034884;0.0;0.22093;0.0;0.0;0.0;0.0;0.174419;0.0;0.0;0.0;0.127907;0.0;0.023256
31161;0.278008;0.045643;0.058091;0.0;0.165975;0.0;0.0;0.0;0.0;0.232365;0.0;0.0;0.0;0.128631;0.0;0.091286
31162;0.3125;0.0625;0.0625;0.0;0.1875;0.0;0.0;0.0;0.0;0.21875;0.0;0.0;0.0;0.15625;0.0;0.0
31163;0.393242;0.197699;0.056075;0.0;0.079799;0.0;0.0;0.0;0.0;0.037383;0.0;0.0;0.0;0.224299;0.0;0.011503
31164;0.40617;0.218509;0.066838;0.0;0.095116;0.0;0.0;0.0;0.0;0.03599;0.0;0.0;0.0;0.174807;0.0;0.002571
31165;0.386959;0.171566;0.082309;0.0;0.115446;0.0;0.0;0.0;0.0;0.045965;0.0;0.0;0.0;0.183859;0.0;0.013896
31166;0.213415;0.219512;0.006098;0.0;0.073171;0.0;0.0;0.0;0.0;0.170732;0.0;0.0;0.0;0.304878;0.0;0.012195
31167;0.278418;0.149918;0.046129;0.0;0.115321;0.0;0.0;0.0;0.0;0.204283;0.0;0.0;0.0;0.179572;0.0;0.026359
31168;0.174419;0.180233;0.093023;0.0;0.087209;0.0;0.0;0.0;0.0;0.238372;0.0;0.0;0.0;0.174419;0.0;0.052326
31169;0.473058;0.151854;0.054584;0.0;0.058083;0.0;0.0;0.0;0.0;0.018894;0.0;0.0;0.0;0.23443;0.0;0.009097
31170;0.28125;0.125;0.0;0.0;0.125;0.0;0.0;0.0;0.0;0.375;0.0;0.0;0.0;0.03125;0.0;0.0625
31171;0.462719;0.092105;0.004386;0.0;0.155702;0.0;0.0;0.0;0.0;0.125;0.0;0.0;0.0;0.140351;0.0;0.019737
31172;0.209738;0.123596;0.059925;0.0;0.138577;0.0;0.0;0.0;0.0;0.134831;0.0;0.0;0.0;0.269663;0.0;0.06367
31173;0.423729;0.265023;0.084746;0.0;0.069337;0.0;0.0;0.0;0.0;0.013867;0.0;0.0;0.0;0.140216;0.0;0.003082
31174;0.209677;0.112903;0.080645;0.0;0.080645;0.0;0.0;0.0;0.0;0.33871;0.0;0.0;0.0;0.112903;0.0;0.064516
31175;0.235294;0.196078;0.0;0.0;0.039216;0.0;0.0;0.0;0.0;0.176471;0.0;0.0;0.0;0.196078;0.0;0.156863
31176;0.383858;0.204724;0.108268;0.0;0.102854;0.0;0.0;0.0;0.0;0.029528;0.0;0.0;0.0;0.156988;0.0;0.01378
31177;0.297468;0.132911;0.094937;0.0;0.189873;0.0;0.0;0.0;0.0;0.139241;0.0;0.0;0.0;0.113924;0.0;0.031646
31178;0.405751;0.188498;0.146965;0.0;0.051118;0.0;0.0;0.0;0.0;0.028754;0.0;0.0;0.0;0.146965;0.0;0.031949
31179;0.445483;0.146417;0.074766;0.0;0.090343;0.0;0.0;0.0;0.0;0.056075;0.0;0.0;0.0;0.168224;0.0;0.018692
31180;0.175325;0.220779;0.019481;0.0;0.188312;0.0;0.0;0.0;0.0;0.214286;0.0;0.0;0.0;0.142857;0.0;0.038961
31181;0.181818;0.056818;0.045455;0.0;0.045455;0.0;0.0;0.0;0.0;0.420455;0.0;0.0;0.0;0.170455;0.0;0.079545
31182;0.125;0.03125;0.125;0.0;0.15625;0.0;0.0;0.0;0.0;0.15625;0.0;0.0;0.0;0.375;0.0;0.03125
31183;0.206501;0.172084;0.09369;0.0;0.110899;0.0;0.0;0.0;0.0;0.135755;0.0;0.0;0.0;0.204589;0.0;0.076482
31184;0.02381;0.095238;0.095238;0.0;0.047619;0.0;0.0;0.0;0.0;0.404762;0.0;0.0;0.0;0.285714;0.0;0.047619
31185;0.156863;0.078431;0.014006;0.0;0.072829;0.0;0.0;0.0;0.0;0.369748;0.0;0.0;0.0;0.218487;0.0;0.089636
31186;0.165803;0.082902;0.025907;0.0;0.150259;0.0;0.0;0.0;0.0;0.367876;0.0;0.0;0.0;0.160622;0.0;0.046632
31187;0.203704;0.055556;0.037037;0.0;0.166667;0.0;0.0;0.0;0.0;0.37037;0.0;0.0;0.0;0.0;0.0;0.166667
31188;0.262136;0.150485;0.082524;0.0;0.106796;0.0;0.0;0.0;0.0;0.252427;0.0;0.0;0.0;0.101942;0.0;0.043689
31189;0.314152;0.07465;0.026439;0.0;0.094868;0.0;0.0;0.0;0.0;0.401244;0.0;0.0;0.0;0.026439;0.0;0.062208
31190;0.310345;0.103448;0.0;0.0;0.034483;0.0;0.0;0.0;0.0;0.206897;0.0;0.0;0.0;0.310345;0.0;0.034483
31191;0.342396;0.163594;0.074654;0.0;0.132719;0.0;0.0;0.0;0.0;0.096774;0.0;0.0;0.0;0.152995;0.0;0.036866
31192;0.169231;0.076923;0.015385;0.0;0.261538;0.0;0.0;0.0;0.0;0.253846;0.0;0.0;0.0;0.192308;0.0;0.030769
31193;0.206667;0.159048;0.048571;0.0;0.160952;0.0;0.0;0.0;0.0;0.249524;0.0;0.0;0.0;0.120952;0.0;0.054286
31194;0.155556;0.093333;0.022222;0.0;0.173333;0.0;0.0;0.0;0.0;0.391111;0.0;0.0;0.0;0.111111;0.0;0.053333
31195;0.090909;0.016529;0.008264;0.0;0.066116;0.0;0.0;0.0;0.0;0.595041;0.0;0.0;0.0;0.107438;0.0;0.115702
31196;0.130435;0.086957;0.0;0.0;0.086957;0.0;0.0;0.0;0.0;0.434783;0.0;0.0;0.0;0.217391;0.0;0.043478
31197;0.396226;0.150943;0.037736;0.0;0.169811;0.0;0.0;0.0;0.0;0.09434;0.0;0.0;0.0;0.075472;0.0;0.075472
31198;0.088235;0.058824;0.0;0.0;0.294118;0.0;0.0;0.0;0.0;0.470588;0.0;0.0;0.0;0.029412;0.0;0.058824
31199;0.215054;0.172043;0.0;0.0;0.064516;0.0;0.0;0.0;0.0;0.344086;0.0;0.0;0.0;0.075269;0.0;0.129032
31200;0.327902;0.065173;0.01833;0.0;0.144603;0.0;0.0;0.0;0.0;0.287169;0.0;0.0;0.0;0.136456;0.0;0.020367
31201;0.248996;0.175754;0.04904;0.0;0.136997;0.0;0.0;0.0;0.0;0.178102;0.0;0.0;0.0;0.172193;0.0;0.038918
31202;0.318587;0.235819;0.076704;0.0;0.103104;0.0;0.0;0.0;0.0;0.052444;0.0;0.0;0.0;0.19051;0.0;0.022833
31203;0.25;0.15;0.1;0.0;0.1;0.0;0.0;0.0;0.0;0.15;0.0;0.0;0.0;0.2;0.0;0.05
31204;0.085714;0.257143;0.085714;0.0;0.114286;0.0;0.0;0.0;0.0;0.228571;0.0;0.0;0.0;0.171429;0.0;0.057143
31205;0.403333;0.166667;0.036667;0.0;0.1;0.0;0.0;0.0;0.0;0.106667;0.0;0.0;0.0;0.153333;0.0;0.033333
31206;0.252297;0.136396;0.048057;0.0;0.128622;0.0;0.0;0.0;0.0;0.226148;0.0;0.0;0.0;0.151237;0.0;0.057244
31207;0.136842;0.063158;0.047368;0.0;0.157895;0.0;0.0;0.0;0.0;0.352632;0.0;0.0;0.0;0.168421;0.0;0.073684
31208;0.523636;0.205195;0.04987;0.0;0.093506;0.0;0.0;0.0;0.0;0.032727;0.0;0.0;0.0;0.080519;0.0;0.014545
31209;0.166667;0.137255;0.058824;0.0;0.235294;0.0;0.0;0.0;0.0;0.27451;0.0;0.0;0.0;0.04902;0.0;0.078431
31210;0.181818;0.113636;0.030303;0.0;0.098485;0.0;0.0;0.0;0.0;0.371212;0.0;0.0;0.0;0.151515;0.0;0.05303
31211;0.076923;0.384615;0.076923;0.0;0.076923;0.0;0.0;0.0;0.0;0.0;0.0;0.0;0.0;0.384615;0.0;0.0
31212;0.395604;0.10989;0.021978;0.0;0.065934;0.0;0.0;0.0;0.0;0.043956;0.0;0.0;0.0;0.351648;0.0;0.010989
31213;0.113208;0.056604;0.018868;0.0;0.0;0.0;0.0;0.0;0.0;0.660377;0.0;0.0;0.0;0.0;0.0;0.150943
31214;0.203125;0.078125;0.015625;0.0;0.125;0.0;0.0;0.0;0.0;0.34375;0.0;0.0;0.0;0.125;0.0;0.109375
31215;0.363276;0.242996;0.112363;0.0;0.084653;0.0;0.0;0.0;0.0;0.021011;0.0;0.0;0.0;0.160171;0.0;0.01553
31216;0.312451;0.153093;0.04581;0.0;0.162099;0.0;0.0;0.0;0.0;0.14722;0.0;0.0;0.0;0.151527;0.0;0.0278
31217;0.273543;0.147982;0.026906;0.0;0.147982;0.0;0.0;0.0;0.0;0.147982;0.0;0.0;0.0;0.192825;0.0;0.06278
31219;0.327869;0.081967;0.081967;0.0;0.065574;0.0;0.0;0.0;0.0;0.213115;0.0;0.0;0.0;0.229508;0.0;0.0
31220;0.357282;0.145631;0.071845;0.0;0.085437;0.0;0.0;0.0;0.0;0.038835;0.0;0.0;0.0;0.281553;0.0;0.019417
31221;0.217337;0.116834;0.026382;0.0;0.077889;0.0;0.0;0.0;0.0;0.396985;0.0;0.0;0.0;0.100503;0.0;0.06407
31222;0.611111;0.0;0.0;0.0;0.083333;0.0;0.0;0.0;0.0;0.194444;0.0;0.0;0.0;0.055556;0.0;0.055556
31223;0.354545;0.154545;0.057576;0.0;0.071212;0.0;0.0;0.0;0.0;0.181818;0.0;0.0;0.0;0.162121;0.0;0.018182
31224;0.357257;0.22488;0.046252;0.0;0.079745;0.0;0.0;0.0;0.0;0.07496;0.0;0.0;0.0;0.199362;0.0;0.017544
31225;0.315789;0.315789;0.0;0.0;0.052632;0.0;0.0;0.0;0.0;0.157895;0.0;0.0;0.0;0.105263;0.0;0.052632
31226;0.252632;0.044737;0.021053;0.0;0.060526;0.0;0.0;0.0;0.0;0.513158;0.0;0.0;0.0;0.039474;0.0;0.068421
31227;0.333093;0.092646;0.033526;0.0;0.15465;0.0;0.0;0.0;0.0;0.217736;0.0;0.0;0.0;0.130858;0.0;0.037491
31228;0.272189;0.10355;0.059172;0.0;0.189349;0.0;0.0;0.0;0.0;0.142012;0.0;0.0;0.0;0.171598;0.0;0.06213
31229;0.146341;0.170732;0.073171;0.0;0.097561;0.0;0.0;0.0;0.0;0.341463;0.0;0.0;0.0;0.121951;0.0;0.04878
31230;0.236111;0.152778;0.013889;0.0;0.041667;0.0;0.0;0.0;0.0;0.125;0.0;0.0;0.0;0.236111;0.0;0.194444
31231;0.278689;0.213115;0.065574;0.0;0.032787;0.0;0.0;0.0;0.0;0.04918;0.0;0.0;0.0;0.344262;0.0;0.016393
31232;0.293263;0.242902;0.113508;0.0;0.121;0.0;0.0;0.0;0.0;0.038531;0.0;0.0;0.0;0.174403;0.0;0.016393
31233;0.214286;0.342857;0.242857;0.0;0.085714;0.0;0.0;0.0;0.0;0.0;0.0;0.0;0.0;0.1;0.0;0.014286
31234;0.222222;0.092593;0.092593;0.0;0.148148;0.0;0.0;0.0;0.0;0.111111;0.0;0.0;0.0;0.296296;0.0;0.037037
31235;0.232323;0.050505;0.030303;0.0;0.151515;0.0;0.0;0.0;0.0;0.282828;0.0;0.0;0.0;0.161616;0.0;0.090909
31236;0.186633;0.119798;0.029004;0.0;0.127364;0.0;0.0;0.0;0.0;0.297604;0.0;0.0;0.0;0.162673;0.0;0.076923
31237;0.268657;0.171642;0.007463;0.0;0.11194;0.0;0.0;0.0;0.0;0.156716;0.0;0.0;0.0;0.246269;0.0;0.037313
31238;0.235294;0.127451;0.0;0.0;0.186275;0.0;0.0;0.0;0.0;0.313725;0.0;0.0;0.0;0.117647;0.0;0.019608
31239;0.223301;0.194175;0.048544;0.0;0.024272;0.0;0.0;0.0;0.0;0.34466;0.0;0.0;0.0;0.126214;0.0;0.038835
31240;0.095975;0.037152;0.0;0.0;0.089783;0.0;0.0;0.0;0.0;0.609907;0.0;0.0;0.0;0.037152;0.0;0.130031
31241;0.2;0.222222;0.022222;0.0;0.133333;0.0;0.0;0.0;0.0;0.166667;0.0;0.0;0.0;0.211111;0.0;0.044444
31242;0.218579;0.234973;0.016393;0.0;0.120219;0.0;0.0;0.0;0.0;0.262295;0.0;0.0;0.0;0.098361;0.0;0.04918
31243;0.15814;0.093023;0.023256;0.0;0.130233;0.0;0.0;0.0;0.0;0.367442;0.0;0.0;0.0;0.190698;0.0;0.037209
31244;0.231884;0.144928;0.072464;0.0;0.057971;0.0;0.0;0.0;0.0;0.246377;0.0;0.0;0.0;0.086957;0.0;0.15942
31245;0.078431;0.078431;0.0;0.0;0.058824;0.0;0.0;0.0;0.0;0.333333;0.0;0.0;0.0;0.27451;0.0;0.176471
31246;0.227723;0.118812;0.059406;0.0;0.118812;0.0;0.0;0.0;0.0;0.168317;0.0;0.0;0.0;0.207921;0.0;0.09901
31247;0.122449;0.061224;0.0;0.0;0.05102;0.0;0.0;0.0;0.0;0.55102;0.0;0.0;0.0;0.193878;0.0;0.020408
31248;0.222222;0.1875;0.020833;0.0;0.069444;0.0;0.0;0.0;0.0;0.298611;0.0;0.0;0.0;0.111111;0.0;0.090278
31249;0.499208;0.180666;0.042789;0.0;0.060222;0.0;0.0;0.0;0.0;0.011886;0.0;0.0;0.0;0.192552;0.0;0.012678
31250;0.251429;0.083429;0.015429;0.0;0.110857;0.0;0.0;0.0;0.0;0.430286;0.0;0.0;0.0;0.042857;0.0;0.065714
31251;0.356916;0.193197;0.064399;0.0;0.09932;0.0;0.0;0.0;0.0;0.097052;0.0;0.0;0.0;0.143311;0.0;0.045805
31252;0.12;0.08;0.02;0.0;0.04;0.0;0.0;0.0;0.0;0.54;0.0;0.0;0.0;0.18;0.0;0.02
31253;0.230769;0.048077;0.0;0.0;0.115385;0.0;0.0;0.0;0.0;0.519231;0.0;0.0;0.0;0.019231;0.0;0.067308
31254;0.407804;0.250191;0.051262;0.0;0.098699;0.0;0.0;0.0;0.0;0.054323;0.0;0.0;0.0;0.118592;0.0;0.019128
31255;0.216216;0.189189;0.0;0.0;0.216216;0.0;0.0;0.0;0.0;0.094595;0.0;0.0;0.0;0.256757;0.0;0.027027
31256;0.087719;0.035088;0.017544;0.0;0.052632;0.0;0.0;0.0;0.0;0.526316;0.0;0.0;0.0;0.087719;0.0;0.192982
31257;0.322485;0.128698;0.029586;0.0;0.174556;0.0;0.0;0.0;0.0;0.147929;0.0;0.0;0.0;0.161243;0.0;0.035503
31258;0.266425;0.098548;0.032486;0.0;0.145372;0.0;0.0;0.0;0.0;0.308893;0.0;0.0;0.0;0.095644;0.0;0.052632
31259;0.245734;0.054608;0.027304;0.0;0.085324;0.0;0.0;0.0;0.0;0.443686;0.0;0.0;0.0;0.006826;0.0;0.136519
31260;0.208333;0.164286;0.030952;0.0;0.116667;0.0;0.0;0.0;0.0;0.264286;0.0;0.0;0.0;0.178571;0.0;0.036905
31261;0.277778;0.172222;0.161111;0.0;0.138889;0.0;0.0;0.0;0.0;0.077778;0.0;0.0;0.0;0.161111;0.0;0.011111
31262;0.215054;0.091398;0.043011;0.0;0.290323;0.0;0.0;0.0;0.0;0.198925;0.0;0.0;0.0;0.11828;0.0;0.043011
31263;0.109489;0.021898;0.043796;0.0;0.080292;0.0;0.0;0.0;0.0;0.686131;0.0;0.0;0.0;0.014599;0.0;0.043796
31264;0.188119;0.09901;0.029703;0.0;0.108911;0.0;0.0;0.0;0.0;0.39604;0.0;0.0;0.0;0.069307;0.0;0.108911
31265;0.190476;0.214286;0.095238;0.0;0.142857;0.0;0.0;0.0;0.0;0.190476;0.0;0.0;0.0;0.095238;0.0;0.071429
31901;0.306188;0.15784;0.051822;0.0;0.14085;0.0;0.0;0.0;0.0;0.159074;0.0;0.0;0.0;0.145406;0.0;0.038819
31902;0.239405;0.185009;0.074004;0.0;0.1537;0.0;0.0;0.0;0.0;0.172992;0.0;0.0;0.0;0.122075;0.0;0.052815
31903;0.323931;0.121199;0.062583;0.0;0.160864;0.0;0.0;0.0;0.0;0.238651;0.0;0.0;0.0;0.060599;0.0;0.032173
31904;0.275754;0.118626;0.03538;0.0;0.147763;0.0;0.0;0.0;0.0;0.298647;0.0;0.0;0.0;0.077003;0.0;0.046826
31905;0.354902;0.175;0.076961;0.0;0.165196;0.0;0.0;0.0;0.0;0.085294;0.0;0.0;0.0;0.101471;0.0;0.041176
31906;0.269377;0.163144;0.089431;0.0;0.159892;0.0;0.0;0.0;0.0;0.159892;0.0;0.0;0.0;0.124661;0.0;0.033604
31907;0.252448;0.157485;0.056152;0.0;0.160316;0.0;0.0;0.0;0.0;0.171995;0.0;0.0;0.0;0.144981;0.0;0.056624
31908;0.201258;0.08805;0.025157;0.0;0.163522;0.0;0.0;0.0;0.0;0.359748;0.0;0.0;0.0;0.061635;0.0;0.100629
32001;0.260473;0.354995;0.039742;0.0;0.08754;0.0;0.0;0.0;0.0;0.0;0.25;0.0;0.0;0.0;0.0;0.00725
32002;0.324486;0.482415;0.055076;0.0;0.059058;0.0;0.0;0.0;0.0;0.0;0.076311;0.0;0.0;0.0;0.0;0.002654
32003;0.278539;0.572298;0.033486;0.0;0.045662;0.0;0.0;0.0;0.0;0.0;0.070015;0.0;0.0;0.0;0.0;0.0
32004;0.081136;0.817444;0.06288;0.0;0.017241;0.0;0.0;0.0;0.0;0.0;0.018256;0.0;0.0;0.0;0.0;0.003043
32005;0.192771;0.657487;0.02926;0.0;0.024096;0.0;0.0;0.0;0.0;0.0;0.086059;0.0;0.0;0.0;0.0;0.010327
32006;0.2182;0.658513;0.047945;0.0;0.020548;0.0;0.0;0.0;0.0;0.0;0.049902;0.0;0.0;0.0;0.0;0.004892
32007;0.241233;0.543039;0.023379;0.0;0.063762;0.0;0.0;0.0;0.0;0.0;0.124336;0.0;0.0;0.0;0.0;0.004251
32008;0.319276;0.442304;0.063091;0.0;0.073053;0.0;0.0;0.0;0.0;0.0;0.095633;0.0;0.0;0.0;0.0;0.006641
32009;0.335529;0.485178;0.063726;0.0;0.060576;0.0;0.0;0.0;0.0;0.0;0.049262;0.0;0.0;0.0;0.0;0.005728
32010;0.29771;0.519084;0.061069;0.0;0.045802;0.0;0.0;0.0;0.0;0.0;0.076336;0.0;0.0;0.0;0.0;0.0
32011;0.082051;0.813675;0.037607;0.0;0.020513;0.0;0.0;0.0;0.0;0.0;0.039316;0.0;0.0;0.0;0.0;0.006838
32012;0.281116;0.570815;0.034335;0.0;0.049356;0.0;0.0;0.0;0.0;0.0;0.064378;0.0;0.0;0.0;0.0;0.0
32013;0.182336;0.685185;0.061966;0.0;0.027066;0.0;0.0;0.0;0.0;0.0;0.0349;0.0;0.0;0.0;0.0;0.008547
32014;0.198887;0.625869;0.037552;0.0;0.037552;0.0;0.0;0.0;0.0;0.0;0.100139;0.0;0.0;0.0;0.0;0.0
32015;0.221532;0.643892;0.055901;0.0;0.028986;0.0;0.0;0.0;0.0;0.0;0.043478;0.0;0.0;0.0;0.0;0.006211
32016;0.491736;0.402893;0.030992;0.0;0.022727;0.0;0.0;0.0;0.0;0.0;0.049587;0.0;0.0;0.0;0.0;0.002066
32017;0.228608;0.646232;0.057471;0.0;0.034483;0.0;0.0;0.0;0.0;0.0;0.022989;0.0;0.0;0.0;0.0;0.010217
32018;0.439952;0.409037;0.053508;0.0;0.052319;0.0;0.0;0.0;0.0;0.0;0.039239;0.0;0.0;0.0;0.0;0.005945
32019;0.252978;0.565906;0.057921;0.0;0.043346;0.0;0.0;0.0;0.0;0.0;0.067934;0.0;0.0;0.0;0.0;0.011914
32020;0.276852;0.59104;0.034463;0.0;0.038484;0.0;0.0;0.0;0.0;0.0;0.058587;0.0;0.0;0.0;0.0;0.000574
32021;0.375;0.427215;0.052215;0.0;0.025316;0.0;0.0;0.0;0.0;0.0;0.112342;0.0;0.0;0.0;0.0;0.007911
32022;0.313449;0.4859;0.049892;0.0;0.048807;0.0;0.0;0.0;0.0;0.0;0.096529;0.0;0.0;0.0;0.0;0.005423
32023;0.341787;0.531401;0.031401;0.0;0.038647;0.0;0.0;0.0;0.0;0.0;0.055556;0.0;0.0;0.0;0.0;0.001208
32024;0.28422;0.545129;0.039151;0.0;0.050209;0.0;0.0;0.0;0.0;0.0;0.076808;0.0;0.0;0.0;0.0;0.004483
32025;0.26158;0.546322;0.036785;0.0;0.053134;0.0;0.0;0.0;0.0;0.0;0.100817;0.0;0.0;0.0;0.0;0.001362
32026;0.33906;0.459828;0.052552;0.0;0.071248;0.0;0.0;0.0;0.0;0.0;0.067711;0.0;0.0;0.0;0.0;0.009601
32027;0.292285;0.587537;0.02819;0.0;0.04451;0.0;0.0;0.0;0.0;0.0;0.043027;0.0;0.0;0.0;0.0;0.004451
32028;0.167279;0.706801;0.046875;0.0;0.024816;0.0;0.0;0.0;0.0;0.0;0.05239;0.0;0.0;0.0;0.0;0.001838
32029;0.231003;0.705167;0.009119;0.0;0.027356;0.0;0.0;0.0;0.0;0.0;0.027356;0.0;0.0;0.0;0.0;0.0
32030;0.492625;0.371681;0.038348;0.0;0.035398;0.0;0.0;0.0;0.0;0.0;0.057522;0.0;0.0;0.0;0.0;0.004425
32031;0.236034;0.596369;0.050279;0.0;0.043296;0.0;0.0;0.0;0.0;0.0;0.071229;0.0;0.0;0.0;0.0;0.002793
32032;0.250091;0.523083;0.056161;0.0;0.047801;0.0;0.0;0.0;0.0;0.0;0.118866;0.0;0.0;0.0;0.0;0.003999
32033;0.241627;0.629187;0.038278;0.0;0.026316;0.0;0.0;0.0;0.0;0.0;0.064593;0.0;0.0;0.0;0.0;0.0
32034;0.333763;0.493557;0.036082;0.0;0.037371;0.0;0.0;0.0;0.0;0.0;0.092784;0.0;0.0;0.0;0.0;0.006443
32035;0.185649;0.657175;0.055809;0.0;0.03303;0.0;0.0;0.0;0.0;0.0;0.063781;0.0;0.0;0.0;0.0;0.004556
32036;0.201708;0.596585;0.039488;0.0;0.052295;0.0;0.0;0.0;0.0;0.0;0.105656;0.0;0.0;0.0;0.0;0.004269
32037;0.212389;0.661504;0.019912;0.0;0.042035;0.0;0.0;0.0;0.0;0.0;0.061947;0.0;0.0;0.0;0.0;0.002212
32038;0.326007;0.520147;0.032967;0.0;0.054945;0.0;0.0;0.0;0.0;0.0;0.062271;0.0;0.0;0.0;0.0;0.003663
32039;0.27037;0.554321;0.033333;0.0;0.034568;0.0;0.0;0.0;0.0;0.0;0.1;0.0;0.0;0.0;0.0;0.007407
32040;0.26599;0.591878;0.04467;0.0;0.039594;0.0;0.0;0.0;0.0;0.0;0.056853;0.0;0.0;0.0;0.0;0.001015
32041;0.252677;0.605996;0.038544;0.0;0.03212;0.0;0.0;0.0;0.0;0.0;0.066381;0.0;0.0;0.0;0.0;0.004283
32042;0.256015;0.599615;0.052936;0.0;0.040423;0.0;0.0;0.0;0.0;0.0;0.045236;0.0;0.0;0.0;0.0;0.005775
32043;0.310958;0.490534;0.044177;0.0;0.038439;0.0;0.0;0.0;0.0;0.0;0.108434;0.0;0.0;0.0;0.0;0.007458
32044;0.302158;0.55036;0.023381;0.0;0.052158;0.0;0.0;0.0;0.0;0.0;0.066547;0.0;0.0;0.0;0.0;0.005396
32045;0.306773;0.537849;0.052931;0.0;0.038702;0.0;0.0;0.0;0.0;0.0;0.058623;0.0;0.0;0.0;0.0;0.005122
32046;0.308642;0.504801;0.039781;0.0;0.060357;0.0;0.0;0.0;0.0;0.0;0.083676;0.0;0.0;0.0;0.0;0.002743
32047;0.214454;0.633936;0.032993;0.0;0.02828;0.0;0.0;0.0;0.0;0.0;0.089552;0.0;0.0;0.0;0.0;0.000786
32048;0.347826;0.440454;0.041588;0.0;0.039698;0.0;0.0;0.0;0.0;0.0;0.128544;0.0;0.0;0.0;0.0;0.00189
32049;0.296214;0.505568;0.03118;0.0;0.044543;0.0;0.0;0.0;0.0;0.0;0.113586;0.0;0.0;0.0;0.0;0.008909
32050;0.250148;0.620934;0.029568;0.0;0.031342;0.0;0.0;0.0;0.0;0.0;0.067416;0.0;0.0;0.0;0.0;0.000591
32051;0.230181;0.670487;0.022923;0.0;0.033429;0.0;0.0;0.0;0.0;0.0;0.03916;0.0;0.0;0.0;0.0;0.00382
32052;0.22247;0.635417;0.03869;0.0;0.048363;0.0;0.0;0.0;0.0;0.0;0.050595;0.0;0.0;0.0;0.0;0.004464
32053;0.22888;0.63556;0.026523;0.0;0.028487;0.0;0.0;0.0;0.0;0.0;0.078585;0.0;0.0;0.0;0.0;0.001965
32054;0.355925;0.430218;0.046636;0.0;0.069574;0.0;0.0;0.0;0.0;0.0;0.089988;0.0;0.0;0.0;0.0;0.007657
32055;0.240763;0.589988;0.038141;0.0;0.060787;0.0;0.0;0.0;0.0;0.0;0.056019;0.0;0.0;0.0;0.0;0.014303
32056;0.256281;0.674372;0.030151;0.0;0.01809;0.0;0.0;0.0;0.0;0.0;0.01809;0.0;0.0;0.0;0.0;0.003015
32057;0.4081;0.401869;0.028037;0.0;0.049844;0.0;0.0;0.0;0.0;0.0;0.099688;0.0;0.0;0.0;0.0;0.012461
32058;0.268649;0.550186;0.044362;0.0;0.063445;0.0;0.0;0.0;0.0;0.0;0.061462;0.0;0.0;0.0;0.0;0.011896
32059;0.286078;0.578947;0.043294;0.0;0.028014;0.0;0.0;0.0;0.0;0.0;0.055178;0.0;0.0;0.0;0.0;0.008489
32060;0.40255;0.43898;0.045537;0.0;0.045537;0.0;0.0;0.0;0.0;0.0;0.060109;0.0;0.0;0.0;0.0;0.007286
32061;0.235443;0.625316;0.035443;0.0;0.035443;0.0;0.0;0.0;0.0;0.0;0.067089;0.0;0.0;0.0;0.0;0.001266
32062;0.198036;0.682488;0.027823;0.0;0.018003;0.0;0.0;0.0;0.0;0.0;0.072013;0.0;0.0;0.0;0.0;0.001637
32063;0.402449;0.466939;0.03102;0.0;0.051429;0.0;0.0;0.0;0.0;0.0;0.044898;0.0;0.0;0.0;0.0;0.003265
32064;0.206349;0.625397;0.066667;0.0;0.04127;0.0;0.0;0.0;0.0;0.0;0.057143;0.0;0.0;0.0;0.0;0.003175
32065;0.331797;0.497696;0.057604;0.0;0.0553;0.0;0.0;0.0;0.0;0.0;0.0553;0.0;0.0;0.0;0.0;0.002304
32066;0.115385;0.813187;0.032967;0.0;0.016484;0.0;0.0;0.0;0.0;0.0;0.021978;0.0;0.0;0.0;0.0;0.0
32067;0.25393;0.533253;0.043531;0.0;0.035067;0.0;0.0;0.0;0.0;0.0;0.130593;0.0;0.0;0.0;0.0;0.003628
32068;0.274834;0.51766;0.045254;0.0;0.029801;0.0;0.0;0.0;0.0;0.0;0.13245;0.0;0.0;0.0;0.0;0.0
32069;0.341494;0.444066;0.033158;0.0;0.078401;0.0;0.0;0.0;0.0;0.0;0.095135;0.0;0.0;0.0;0.0;0.007747
32070;0.297468;0.620253;0.012658;0.0;0.028481;0.0;0.0;0.0;0.0;0.0;0.037975;0.0;0.0;0.0;0.0;0.003165
32071;0.355429;0.505143;0.037714;0.0;0.030857;0.0;0.0;0.0;0.0;0.0;0.068571;0.0;0.0;0.0;0.0;0.002286
32072;0.377505;0.456851;0.042945;0.0;0.060532;0.0;0.0;0.0;0.0;0.0;0.053988;0.0;0.0;0.0;0.0;0.00818
32073;0.336634;0.49835;0.059406;0.0;0.057206;0.0;0.0;0.0;0.0;0.0;0.045105;0.0;0.0;0.0;0.0;0.0033
32074;0.236232;0.610145;0.043478;0.0;0.04058;0.0;0.0;0.0;0.0;0.0;0.05942;0.0;0.0;0.0;0.0;0.010145
32075;0.267241;0.569828;0.053448;0.0;0.048276;0.0;0.0;0.0;0.0;0.0;0.05431;0.0;0.0;0.0;0.0;0.006897
32076;0.191489;0.661702;0.03617;0.0;0.02695;0.0;0.0;0.0;0.0;0.0;0.077305;0.0;0.0;0.0;0.0;0.006383
32077;0.312987;0.506494;0.055844;0.0;0.049351;0.0;0.0;0.0;0.0;0.0;0.066234;0.0;0.0;0.0;0.0;0.009091
32078;0.203922;0.644444;0.030065;0.0;0.037908;0.0;0.0;0.0;0.0;0.0;0.082353;0.0;0.0;0.0;0.0;0.001307
32079;0.308255;0.500522;0.062696;0.0;0.051202;0.0;0.0;0.0;0.0;0.0;0.07001;0.0;0.0;0.0;0.0;0.007315
32080;0.134783;0.547826;0.073913;0.0;0.091304;0.0;0.0;0.0;0.0;0.0;0.13913;0.0;0.0;0.0;0.0;0.013043
32081;0.295712;0.534048;0.054855;0.0;0.034678;0.0;0.0;0.0;0.0;0.0;0.076293;0.0;0.0;0.0;0.0;0.004414
32082;0.243114;0.571257;0.02994;0.0;0.033533;0.0;0.0;0.0;0.0;0.0;0.120958;0.0;0.0;0.0;0.0;0.001198
32083;0.255245;0.585664;0.048951;0.0;0.047203;0.0;0.0;0.0;0.0;0.0;0.057692;0.0;0.0;0.0;0.0;0.005245
32084;0.264182;0.487844;0.053485;0.0;0.035656;0.0;0.0;0.0;0.0;0.0;0.150729;0.0;0.0;0.0;0.0;0.008104
32085;0.323317;0.465915;0.056483;0.0;0.044519;0.0;0.0;0.0;0.0;0.0;0.107262;0.0;0.0;0.0;0.0;0.002504
32086;0.270535;0.541721;0.043025;0.0;0.041721;0.0;0.0;0.0;0.0;0.0;0.094524;0.0;0.0;0.0;0.0;0.008475
32087;0.2262;0.604557;0.038242;0.0;0.048007;0.0;0.0;0.0;0.0;0.0;0.077299;0.0;0.0;0.0;0.0;0.005696
32088;0.379277;0.477028;0.060606;0.0;0.036168;0.0;0.0;0.0;0.0;0.0;0.041056;0.0;0.0;0.0;0.0;0.005865
32089;0.245922;0.5734;0.032622;0.0;0.033877;0.0;0.0;0.0;0.0;0.0;0.10665;0.0;0.0;0.0;0.0;0.007528
32090;0.17636;0.403377;0.0394;0.0;0.02439;0.0;0.0;0.0;0.0;0.0;0.35272;0.0;0.0;0.0;0.0;0.003752
32091;0.324013;0.544408;0.037007;0.0;0.025493;0.0;0.0;0.0;0.0;0.0;0.066612;0.0;0.0;0.0;0.0;0.002467
32092;0.236527;0.520958;0.056886;0.0;0.047904;0.0;0.0;0.0;0.0;0.0;0.134731;0.0;0.0;0.0;0.0;0.002994
33001;0.282818;0.524013;0.13127;0.0;0.051227;0.0;0.0;0.0;0.0;0.0;0.0;0.0;0.0;0.0;0.006403;0.004269
33002;0.4496;0.280346;0.137396;0.0;0.121549;0.0;0.0;0.0;0.0;0.0;0.0;0.0;0.0;0.0;0.002451;0.008659
33003;0.349862;0.371901;0.206612;0.0;0.063361;0.0;0.0;0.0;0.0;0.0;0.0;0.0;0.0;0.0;0.002755;0.00551
33004;0.357262;0.337347;0.120224;0.0;0.166693;0.0;0.0;0.0;0.0;0.0;0.0;0.0;0.0;0.0;0.00364;0.014833
33005;0.345794;0.378505;0.167056;0.0;0.079439;0.0;0.0;0.0;0.0;0.0;0.0;0.0;0.0;0.0;0.021028;0.008178
33006;0.431351;0.236757;0.115676;0.0;0.198919;0.0;0.0;0.0;0.0;0.0;0.0;0.0;0.0;0.0;0.008649;0.008649
33007;0.414951;0.365114;0.093174;0.0;0.093174;0.0;0.0;0.0;0.0;0.0;0.0;0.0;0.0;0.0;0.024919;0.008667
33008;0.388796;0.405518;0.119565;0.0;0.081104;0.0;0.0;0.0;0.0;0.0;0.0;0.0;0.0;0.0;0.0;0.005017
33009;0.28;0.344615;0.135385;0.0;0.227692;0.0;0.0;0.0;0.0;0.0;0.0;0.0;0.0;0.0;0.003077;0.009231
33010;0.4089;0.330814;0.117548;0.0;0.130982;0.0;0.0;0.0;0.0;0.0;0.0;0.0;0.0;0.0;0.003359;0.008396
33011;0.308797;0.464763;0.124608;0.0;0.090444;0.0;0.0;0.0;0.0;0.0;0.0;0.0;0.0;0.0;0.004621;0.006767
33012;0.311507;0.439955;0.135414;0.0;0.102536;0.0;0.0;0.0;0.0;0.0;0.0;0.0;0.0;0.0;0.001393;0.009195
33013;0.307463;0.459701;0.137313;0.0;0.095522;0.0;0.0;0.0;0.0;0.0;0.0;0.0;0.0;0.0;0.0;0.0
33014;0.362951;0.311639;0.106885;0.0;0.196885;0.0;0.0;0.0;0.0;0.0;0.0;0.0;0.0;0.0;0.00459;0.017049
33015;0.316916;0.331906;0.141328;0.0;0.198073;0.0;0.0;0.0;0.0;0.0;0.0;0.0;0.0;0.0;0.003212;0.008565
33016;0.304981;0.39632;0.133757;0.0;0.151714;0.0;0.0;0.0;0.0;0.0;0.0;0.0;0.0;0.0;0.002808;0.01042
33017;0.41138;0.391239;0.090634;0.0;0.09718;0.0;0.0;0.0;0.0;0.0;0.0;0.0;0.0;0.0;0.004532;0.005035
33018;0.342092;0.445711;0.090729;0.0;0.105107;0.0;0.0;0.0;0.0;0.0;0.0;0.0;0.0;0.0;0.008428;0.007933
33019;0.317536;0.439705;0.134281;0.0;0.09742;0.0;0.0;0.0;0.0;0.0;0.0;0.0;0.0;0.0;0.002106;0.008952
33020;0.412157;0.281053;0.131449;0.0;0.156728;0.0;0.0;0.0;0.0;0.0;0.0;0.0;0.0;0.0;0.005171;0.013444
33021;0.370625;0.366163;0.129719;0.0;0.119423;0.0;0.0;0.0;0.0;0.0;0.0;0.0;0.0;0.0;0.004804;0.009266
33022;0.465164;0.25;0.07377;0.0;0.182377;0.0;0.0;0.0;0.0;0.0;0.0;0.0;0.0;0.0;0.0;0.028689
33023;0.406371;0.399053;0.078347;0.0;0.105898;0.0;0.0;0.0;0.0;0.0;0.0;0.0;0.0;0.0;0.003874;0.006457
33024;0.346973;0.343004;0.128412;0.0;0.164314;0.0;0.0;0.0;0.0;0.0;0.0;0.0;0.0;0.0;0.003681;0.013616
33025;0.341235;0.384132;0.107241;0.0;0.152234;0.0;0.0;0.0;0.0;0.0;0.0;0.0;0.0;0.0;0.004354;0.010805
33026;0.342553;0.36909;0.12764;0.0;0.146702;0.0;0.0;0.0;0.0;0.0;0.0;0.0;0.0;0.0;0.003925;0.010092
33027;0.428571;0.342437;0.10084;0.0;0.115546;0.0;0.0;0.0;0.0;0.0;0.0;0.0;0.0;0.0;0.010504;0.002101
33028;0.449254;0.370149;0.102985;0.0;0.064179;0.0;0.0;0.0;0.0;0.0;0.0;0.0;0.0;0.0;0.002985;0.010448
33029;0.454023;0.373563;0.051724;0.0;0.097701;0.0;0.0;0.0;0.0;0.0;0.0;0.0;0.0;0.0;0.022989;0.0
33030;0.279202;0.418803;0.123932;0.0;0.160969;0.0;0.0;0.0;0.0;0.0;0.0;0.0;0.0;0.0;0.001425;0.01567
33031;0.404707;0.243026;0.109817;0.0;0.224859;0.0;0.0;0.0;0.0;0.0;0.0;0.0;0.0;0.0;0.002684;0.014907
33032;0.429196;0.257681;0.114571;0.0;0.180391;0.0;0.0;0.0;0.0;0.0;0.0;0.0;0.0;0.0;0.003687;0.014475
33033;0.431684;0.263469;0.121601;0.0;0.169228;0.0;0.0;0.0;0.0;0.0;0.0;0.0;0.0;0.0;0.002871;0.011147
33034;0.383648;0.419811;0.105346;0.0;0.078459;0.0;0.0;0.0;0.0;0.0;0.0;0.0;0.0;0.0;0.00456;0.008176
33035;0.328614;0.371709;0.158222;0.0;0.128788;0.0;0.0;0.0;0.0;0.0;0.0;0.0;0.0;0.0;0.003105;0.009563
33036;0.345788;0.39924;0.135909;0.0;0.10817;0.0;0.0;0.0;0.0;0.0;0.0;0.0;0.0;0.0;0.00114;0.009753
33037;0.414366;0.239026;0.092103;0.0;0.232365;0.0;0.0;0.0;0.0;0.0;0.0;0.0;0.0;0.0;0.004025;0.018114
33038;0.387342;0.272152;0.114557;0.0;0.206962;0.0;0.0;0.0;0.0;0.0;0.0;0.0;0.0;0.0;0.002532;0.016456
33039;0.410423;0.345277;0.100977;0.0;0.135993;0.0;0.0;0.0;0.0;0.0;0.0;0.0;0.0;0.0;0.003257;0.004072
33040;0.343689;0.370227;0.140129;0.0;0.134951;0.0;0.0;0.0;0.0;0.0;0.0;0.0;0.0;0.0;0.002589;0.008414
33041;0.397399;0.394149;0.082284;0.0;0.115807;0.0;0.0;0.0;0.0;0.0;0.0;0.0;0.0;0.0;0.001829;0.008533
33042;0.313501;0.377574;0.12782;0.0;0.163779;0.0;0.0;0.0;0.0;0.0;0.0;0.0;0.0;0.0;0.003923;0.013403
33043;0.412417;0.341463;0.126386;0.0;0.108647;0.0;0.0;0.0;0.0;0.0;0.0;0.0;0.0;0.0;0.0;0.011086
33044;0.295933;0.419668;0.136794;0.0;0.13067;0.0;0.0;0.0;0.0;0.0;0.0;0.0;0.0;0.0;0.004461;0.012474
33045;0.395196;0.370188;0.102007;0.0;0.120434;0.0;0.0;0.0;0.0;0.0;0.0;0.0;0.0;0.0;0.002303;0.009872
33046;0.271768;0.46438;0.192612;0.0;0.060686;0.0;0.0;0.0;0.0;0.0;0.0;0.0;0.0;0.0;0.002639;0.007916
33047;0.311971;0.483676;0.146312;0.0;0.054414;0.0;0.0;0.0;0.0;0.0;0.0;0.0;0.0;0.0;0.001209;0.002418
33048;0.4;0.442105;0.073684;0.0;0.084211;0.0;0.0;0.0;0.0;0.0;0.0;0.0;0.0;0.0;0.0;0.0
33049;0.394657;0.367188;0.107611;0.0;0.118196;0.0;0.0;0.0;0.0;0.0;0.0;0.0;0.0;0.0;0.003024;0.009325
33050;0.382514;0.36612;0.136612;0.0;0.103825;0.0;0.0;0.0;0.0;0.0;0.0;0.0;0.0;0.0;0.005464;0.005464
33051;0.359509;0.414372;0.127367;0.0;0.089071;0.0;0.0;0.0;0.0;0.0;0.0;0.0;0.0;0.0;0.002582;0.0071
33052;0.450575;0.333333;0.117241;0.0;0.094253;0.0;0.0;0.0;0.0;0.0;0.0;0.0;0.0;0.0;0.002299;0.002299
33053;0.361233;0.267254;0.15859;0.0;0.180617;0.0;0.0;0.0;0.0;0.0;0.0;0.0;0.0;0.0;0.007342;0.024963
33054;0.364957;0.378632;0.125641;0.0;0.113675;0.0;0.0;0.0;0.0;0.0;0.0;0.0;0.0;0.0;0.003419;0.013675
33055;0.329032;0.445161;0.118894;0.0;0.098618;0.0;0.0;0.0;0.0;0.0;0.0;0.0;0.0;0.0;0.001843;0.006452
33056;0.309804;0.441327;0.128507;0.0;0.110106;0.0;0.0;0.0;0.0;0.0;0.0;0.0;0.0;0.0;0.001207;0.00905
33057;0.382835;0.278689;0.132112;0.0;0.184185;0.0;0.0;0.0;0.0;0.0;0.0;0.0;0.0;0.0;0.001929;0.020251
33058;0.482592;0.204062;0.083172;0.0;0.219536;0.0;0.0;0.0;0.0;0.0;0.0;0.0;0.0;0.0;0.0;0.010638
33059;0.327215;0.438758;0.12778;0.0;0.097423;0.0;0.0;0.0;0.0;0.0;0.0;0.0;0.0;0.0;0.003177;0.005648
33060;0.455526;0.224169;0.095912;0.0;0.203616;0.0;0.0;0.0;0.0;0.0;0.0;0.0;0.0;0.0;0.003706;0.017071
33061;0.411458;0.333333;0.177083;0.0;0.072917;0.0;0.0;0.0;0.0;0.0;0.0;0.0;0.0;0.0;0.0;0.005208
33062;0.518987;0.295359;0.059072;0.0;0.118143;0.0;0.0;0.0;0.0;0.0;0.0;0.0;0.0;0.0;0.008439;0.0
33063;0.334601;0.501901;0.057034;0.0;0.102662;0.0;0.0;0.0;0.0;0.0;0.0;0.0;0.0;0.0;0.0;0.003802
33064;0.434783;0.26087;0.125;0.0;0.173913;0.0;0.0;0.0;0.0;0.0;0.0;0.0;0.0;0.0;0.0;0.005435
33065;0.286465;0.395532;0.156373;0.0;0.153745;0.0;0.0;0.0;0.0;0.0;0.0;0.0;0.0;0.0;0.0;0.007884
33066;0.337899;0.364087;0.1367;0.0;0.144603;0.0;0.0;0.0;0.0;0.0;0.0;0.0;0.0;0.0;0.004287;0.012424
33067;0.484899;0.255034;0.105705;0.0;0.135906;0.0;0.0;0.0;0.0;0.0;0.0;0.0;0.0;0.0;0.005034;0.013423
33068;0.411111;0.360317;0.131746;0.0;0.077778;0.0;0.0;0.0;0.0;0.0;0.0;0.0;0.0;0.0;0.009524;0.009524
33069;0.392116;0.346473;0.121162;0.0;0.13029;0.0;0.0;0.0;0.0;0.0;0.0;0.0;0.0;0.0;0.00249;0.007469
33070;0.399828;0.402413;0.079707;0.0;0.103404;0.0;0.0;0.0;0.0;0.0;0.0;0.0;0.0;0.0;0.00517;0.009479
33071;0.55914;0.290323;0.091398;0.0;0.05914;0.0;0.0;0.0;0.0;0.0;0.0;0.0;0.0;0.0;0.0;0.0
33072;0.393162;0.30235;0.127137;0.0;0.168803;0.0;0.0;0.0;0.0;0.0;0.0;0.0;0.0;0.0;0.003205;0.005342
33073;0.318661;0.44929;0.152738;0.0;0.066126;0.0;0.0;0.0;0.0;0.0;0.0;0.0;0.0;0.0;0.009128;0.004057
33074;0.380567;0.423302;0.098066;0.0;0.087269;0.0;0.0;0.0;0.0;0.0;0.0;0.0;0.0;0.0;0.004049;0.006748
33075;0.485294;0.367647;0.036765;0.0;0.110294;0.0;0.0;0.0;0.0;0.0;0.0;0.0;0.0;0.0;0.0;0.0
33076;0.301038;0.42805;0.142873;0.0;0.116855;0.0;0.0;0.0;0.0;0.0;0.0;0.0;0.0;0.0;0.002739;0.008445
33077;0.317614;0.549237;0.080444;0.0;0.041609;0.0;0.0;0.0;0.0;0.0;0.0;0.0;0.0;0.0;0.005548;0.005548
33078;0.329897;0.381443;0.113402;0.0;0.175258;0.0;0.0;0.0;0.0;0.0;0.0;0.0;0.0;0.0;0.0;0.0
34001;0.387097;0.258065;0.129032;0.0;0.16129;0.0;0.0;0.0;0.0;0.0;0.0;0.0;0.0;0.0;0.032258;0.032258
34003;0.165217;0.582609;0.13913;0.0;0.06087;0.0;0.0;0.0;0.0;0.0;0.0;0.0;0.0;0.0;0.008696;0.043478
34004;0.335817;0.43371;0.130524;0.0;0.070658;0.0;0.0;0.0;0.0;0.0;0.0;0.0;0.0;0.0;0.005396;0.023895
34005;0.353873;0.445423;0.112676;0.0;0.06162;0.0;0.0;0.0;0.0;0.0;0.0;0.0;0.0;0.0;0.015845;0.010563
34006;0.089552;0.686567;0.19403;0.0;0.014925;0.0;0.0;0.0;0.0;0.0;0.0;0.0;0.0;0.0;0.014925;0.0
34009;0.074074;0.777778;0.037037;0.0;0.111111;0.0;0.0;0.0;0.0;0.0;0.0;0.0;0.0;0.0;0.0;0.0
34010;0.263923;0.556901;0.116223;0.0;0.031477;0.0;0.0;0.0;0.0;0.0;0.0;0.0;0.0;0.0;0.004843;0.026634
34011;0.3;0.506897;0.155172;0.0;0.013793;0.0;0.0;0.0;0.0;0.0;0.0;0.0;0.0;0.0;0.003448;0.02069
34012;0.334694;0.465306;0.114286;0.0;0.069388;0.0;0.0;0.0;0.0;0.0;0.0;0.0;0.0;0.0;0.016327;0.0
34015;0.2;0.525;0.25;0.0;0.025;0.0;0.0;0.0;0.0;0.0;0.0;0.0;0.0;0.0;0.0;0.0
34017;0.398876;0.48736;0.057584;0.0;0.037921;0.0;0.0;0.0;0.0;0.0;0.0;0.0;0.0;0.0;0.004213;0.014045
34018;0.3375;0.3875;0.11875;0.0;0.075;0.0;0.0;0.0;0.0;0.0;0.0;0.0;0.0;0.0;0.01875;0.0625
34019;0.226667;0.546667;0.16;0.0;0.04;0.0;0.0;0.0;0.0;0.0;0.0;0.0;0.0;0.0;0.0;0.026667
34020;0.375;0.425;0.175;0.0;0.0;0.0;0.0;0.0;0.0;0.0;0.0;0.0;0.0;0.0;0.025;0.0
34022;0.429274;0.428044;0.108241;0.0;0.01845;0.0;0.0;0.0;0.0;0.0;0.0;0.0;0.0;0.0;0.00738;0.00861
34023;0.404382;0.336084;0.124929;0.0;0.102447;0.0;0.0;0.0;0.0;0.0;0.0;0.0;0.0;0.0;0.003415;0.028742
34024;0.285714;0.571429;0.071429;0.0;0.071429;0.0;0.0;0.0;0.0;0.0;0.0;0.0;0.0;0.0;0.0;0.0
34025;0.315789;0.447368;0.184211;0.0;0.052632;0.0;0.0;0.0;0.0;0.0;0.0;0.0;0.0;0.0;0.0;0.0
34027;0.354749;0.388268;0.129888;0.0;0.078212;0.0;0.0;0.0;0.0;0.0;0.0;0.0;0.0;0.0;0.006983;0.041899
34028;0.252747;0.571429;0.065934;0.0;0.087912;0.0;0.0;0.0;0.0;0.0;0.0;0.0;0.0;0.0;0.010989;0.010989
34029;0.240385;0.609615;0.121154;0.0;0.023077;0.0;0.0;0.0;0.0;0.0;0.0;0.0;0.0;0.0;0.0;0.005769
34031;0.148148;0.62963;0.148148;0.0;0.037037;0.0;0.0;0.0;0.0;0.0;0.0;0.0;0.0;0.0;0.037037;0.0
34032;0.258065;0.516129;0.096774;0.0;0.129032;0.0;0.0;0.0;0.0;0.0;0.0;0.0;0.0;0.0;0.0;0.0
34033;0.210526;0.473684;0.210526;0.0;0.105263;0.0;0.0;0.0;0.0;0.0;0.0;0.0;0.0;0.0;0.0;0.0
34034;0.280899;0.393258;0.134831;0.0;0.078652;0.0;0.0;0.0;0.0;0.0;0.0;0.0;0.0;0.0;0.011236;0.101124
34035;0.342466;0.424658;0.178082;0.0;0.041096;0.0;0.0;0.0;0.0;0.0;0.0;0.0;0.0;0.0;0.0;0.013699
34036;0.424242;0.351515;0.139394;0.0;0.066667;0.0;0.0;0.0;0.0;0.0;0.0;0.0;0.0;0.0;0.006061;0.012121
34037;0.18552;0.570136;0.180995;0.0;0.031674;0.0;0.0;0.0;0.0;0.0;0.0;0.0;0.0;0.0;0.00905;0.022624
34038;0.247059;0.576471;0.170588;0.0;0.0;0.0;0.0;0.0;0.0;0.0;0.0;0.0;0.0;0.0;0.0;0.005882
34039;0.093023;0.697674;0.209302;0.0;0.0;0.0;0.0;0.0;0.0;0.0;0.0;0.0;0.0;0.0;0.0;0.0
34041;0.1;0.483333;0.183333;0.0;0.033333;0.0;0.0;0.0;0.0;0.0;0.0;0.0;0.0;0.0;0.15;0.05
34042;0.233184;0.497758;0.179372;0.0;0.035874;0.0;0.0;0.0;0.0;0.0;0.0;0.0;0.0;0.0;0.004484;0.049327
34045;0.278689;0.557377;0.147541;0.0;0.016393;0.0;0.0;0.0;0.0;0.0;0.0;0.0;0.0;0.0;0.0;0.0
34046;0.488889;0.355556;0.133333;0.0;0.0;0.0;0.0;0.0;0.0;0.0;0.0;0.0;0.0;0.0;0.0;0.022222
34047;0.249199;0.549679;0.144231;0.0;0.03125;0.0;0.0;0.0;0.0;0.0;0.0;0.0;0.0;0.0;0.00641;0.019231
34048;0.282609;0.434783;0.130435;0.0;0.108696;0.0;0.0;0.0;0.0;0.0;0.0;0.0;0.0;0.0;0.021739;0.021739
34049;0.330317;0.466063;0.104072;0.0;0.063348;0.0;0.0;0.0;0.0;0.0;0.0;0.0;0.0;0.0;0.013575;0.022624
34050;0.342857;0.514286;0.121429;0.0;0.021429;0.0;0.0;0.0;0.0;0.0;0.0;0.0;0.0;0.0;0.0;0.0
34051;0.157895;0.578947;0.105263;0.0;0.065789;0.0;0.0;0.0;0.0;0.0;0.0;0.0;0.0;0.0;0.013158;0.078947
34052;0.307692;0.453846;0.107692;0.0;0.053846;0.0;0.0;0.0;0.0;0.0;0.0;0.0;0.0;0.0;0.015385;0.061538
34053;0.309211;0.480263;0.151316;0.0;0.019737;0.0;0.0;0.0;0.0;0.0;0.0;0.0;0.0;0.0;0.0;0.039474
34055;0.261364;0.528409;0.170455;0.0;0.022727;0.0;0.0;0.0;0.0;0.0;0.0;0.0;0.0;0.0;0.0;0.017045
34056;0.327635;0.446581;0.128205;0.0;0.064103;0.0;0.0;0.0;0.0;0.0;0.0;0.0;0.0;0.0;0.004274;0.029202
34057;0.305842;0.498282;0.123711;0.0;0.04811;0.0;0.0;0.0;0.0;0.0;0.0;0.0;0.0;0.0;0.013746;0.010309
34058;0.391304;0.507246;0.057971;0.0;0.036232;0.0;0.0;0.0;0.0;0.0;0.0;0.0;0.0;0.0;0.0;0.007246
34059;0.366013;0.490196;0.084967;0.0;0.039216;0.0;0.0;0.0;0.0;0.0;0.0;0.0;0.0;0.0;0.0;0.019608
34060;0.31;0.53;0.06;0.0;0.05;0.0;0.0;0.0;0.0;0.0;0.0;0.0;0.0;0.0;0.0;0.05
34061;0.069444;0.444444;0.375;0.0;0.055556;0.0;0.0;0.0;0.0;0.0;0.0;0.0;0.0;0.0;0.013889;0.041667
34062;0.172043;0.473118;0.258065;0.0;0.053763;0.0;0.0;0.0;0.0;0.0;0.0;0.0;0.0;0.0;0.021505;0.021505
34063;0.246753;0.636364;0.077922;0.0;0.025974;0.0;0.0;0.0;0.0;0.0;0.0;0.0;0.0;0.0;0.0;0.012987
34066;0.170213;0.553191;0.234043;0.0;0.021277;0.0;0.0;0.0;0.0;0.0;0.0;0.0;0.0;0.0;0.0;0.021277
34067;0.408602;0.419355;0.086022;0.0;0.086022;0.0;0.0;0.0;0.0;0.0;0.0;0.0;0.0;0.0;0.0;0.0
34068;0.193548;0.612903;0.129032;0.0;0.064516;0.0;0.0;0.0;0.0;0.0;0.0;0.0;0.0;0.0;0.0;0.0
34069;0.39897;0.344273;0.130631;0.0;0.099743;0.0;0.0;0.0;0.0;0.0;0.0;0.0;0.0;0.0;0.003218;0.023166
34070;0.425287;0.436782;0.08046;0.0;0.045977;0.0;0.0;0.0;0.0;0.0;0.0;0.0;0.0;0.0;0.011494;0.0
34071;0.2;0.512;0.216;0.0;0.048;0.0;0.0;0.0;0.0;0.0;0.0;0.0;0.0;0.0;0.008;0.016
34072;0.216981;0.471698;0.235849;0.0;0.056604;0.0;0.0;0.0;0.0;0.0;0.0;0.0;0.0;0.0;0.009434;0.009434
34073;0.255639;0.541353;0.112782;0.0;0.052632;0.0;0.0;0.0;0.0;0.0;0.0;0.0;0.0;0.0;0.015038;0.022556
34074;0.394683;0.427403;0.124744;0.0;0.010225;0.0;0.0;0.0;0.0;0.0;0.0;0.0;0.0;0.0;0.006135;0.03681
34076;0.231481;0.590278;0.122685;0.0;0.037037;0.0;0.0;0.0;0.0;0.0;0.0;0.0;0.0;0.0;0.0;0.018519
34077;0.328814;0.342373;0.220339;0.0;0.074576;0.0;0.0;0.0;0.0;0.0;0.0;0.0;0.0;0.0;0.0;0.033898
34079;0.294906;0.402815;0.1937;0.0;0.073727;0.0;0.0;0.0;0.0;0.0;0.0;0.0;0.0;0.0;0.006032;0.02882
34080;0.355149;0.425698;0.134794;0.0;0.058241;0.0;0.0;0.0;0.0;0.0;0.0;0.0;0.0;0.0;0.004203;0.021915
34081;0.212766;0.574468;0.170213;0.0;0.0;0.0;0.0;0.0;0.0;0.0;0.0;0.0;0.0;0.0;0.021277;0.021277
34082;0.261538;0.384615;0.292308;0.0;0.030769;0.0;0.0;0.0;0.0;0.0;0.0;0.0;0.0;0.0;0.0;0.030769
34083;0.316163;0.463588;0.123446;0.0;0.061279;0.0;0.0;0.0;0.0;0.0;0.0;0.0;0.0;0.0;0.008881;0.026643
34084;0.091743;0.522936;0.321101;0.0;0.036697;0.0;0.0;0.0;0.0;0.0;0.0;0.0;0.0;0.0;0.0;0.027523
34086;0.256098;0.463415;0.097561;0.0;0.097561;0.0;0.0;0.0;0.0;0.0;0.0;0.0;0.0;0.0;0.012195;0.073171
34087;0.220183;0.550459;0.155963;0.0;0.036697;0.0;0.0;0.0;0.0;0.0;0.0;0.0;0.0;0.0;0.0;0.036697
34088;0.319149;0.365957;0.170213;0.0;0.097872;0.0;0.0;0.0;0.0;0.0;0.0;0.0;0.0;0.0;0.0;0.046809
34089;0.132653;0.5;0.214286;0.0;0.142857;0.0;0.0;0.0;0.0;0.0;0.0;0.0;0.0;0.0;0.0;0.010204
34091;0.301205;0.566265;0.072289;0.0;0.048193;0.0;0.0;0.0;0.0;0.0;0.0;0.0;0.0;0.0;0.0;0.012048
34092;0.287805;0.604878;0.073171;0.0;0.019512;0.0;0.0;0.0;0.0;0.0;0.0;0.0;0.0;0.0;0.0;0.014634
34093;0.090909;0.69697;0.151515;0.0;0.015152;0.0;0.0;0.0;0.0;0.0;0.0;0.0;0.0;0.0;0.045455;0.0
34094;0.190476;0.452381;0.214286;0.0;0.0;0.0;0.0;0.0;0.0;0.0;0.0;0.0;0.0;0.0;0.0;0.142857
34096;0.314286;0.514286;0.114286;0.0;0.028571;0.0;0.0;0.0;0.0;0.0;0.0;0.0;0.0;0.0;0.0;0.028571
34098;0.305206;0.37702;0.201077;0.0;0.084381;0.0;0.0;0.0;0.0;0.0;0.0;0.0;0.0;0.0;0.007181;0.025135
34099;0.272727;0.431818;0.272727;0.0;0.022727;0.0;0.0;0.0;0.0;0.0;0.0;0.0;0.0;0.0;0.0;0.0
34100;0.29661;0.40678;0.220339;0.0;0.050847;0.0;0.0;0.0;0.0;0.0;0.0;0.0;0.0;0.0;0.008475;0.016949
34101;0.27907;0.465116;0.209302;0.0;0.023256;0.0;0.0;0.0;0.0;0.0;0.0;0.0;0.0;0.0;0.0;0.023256
34102;0.221477;0.557047;0.187919;0.0;0.013423;0.0;0.0;0.0;0.0;0.0;0.0;0.0;0.0;0.0;0.0;0.020134
34103;0.272727;0.606061;0.075758;0.0;0.045455;0.0;0.0;0.0;0.0;0.0;0.0;0.0;0.0;0.0;0.0;0.0
34104;0.229508;0.628415;0.103825;0.0;0.021858;0.0;0.0;0.0;0.0;0.0;0.0;0.0;0.0;0.0;0.005464;0.010929
34106;0.142857;0.52381;0.154762;0.0;0.011905;0.0;0.0;0.0;0.0;0.0;0.0;0.0;0.0;0.0;0.142857;0.02381
34107;0.226415;0.603774;0.113208;0.0;0.056604;0.0;0.0;0.0;0.0;0.0;0.0;0.0;0.0;0.0;0.0;0.0
34108;0.447837;0.379135;0.117048;0.0;0.02799;0.0;0.0;0.0;0.0;0.0;0.0;0.0;0.0;0.0;0.0;0.02799
34109;0.153846;0.487179;0.25641;0.0;0.076923;0.0;0.0;0.0;0.0;0.0;0.0;0.0;0.0;0.0;0.0;0.025641
34110;0.431034;0.362069;0.068966;0.0;0.137931;0.0;0.0;0.0;0.0;0.0;0.0;0.0;0.0;0.0;0.0;0.0
34112;0.285714;0.542857;0.142857;0.0;0.028571;0.0;0.0;0.0;0.0;0.0;0.0;0.0;0.0;0.0;0.0;0.0
34113;0.363636;0.424242;0.121212;0.0;0.0;0.0;0.0;0.0;0.0;0.0;0.0;0.0;0.0;0.0;0.0;0.090909
34114;0.142857;0.611111;0.198413;0.0;0.031746;0.0;0.0;0.0;0.0;0.0;0.0;0.0;0.0;0.0;0.0;0.015873
34116;0.227273;0.545455;0.181818;0.0;0.022727;0.0;0.0;0.0;0.0;0.0;0.0;0.0;0.0;0.0;0.0;0.022727
34120;0.376342;0.400756;0.118109;0.0;0.062554;0.0;0.0;0.0;0.0;0.0;0.0;0.0;0.0;0.0;0.002106;0.040132
34121;0.151079;0.561151;0.258993;0.0;0.021583;0.0;0.0;0.0;0.0;0.0;0.0;0.0;0.0;0.0;0.0;0.007194
34122;0.293103;0.413793;0.189655;0.0;0.051724;0.0;0.0;0.0;0.0;0.0;0.0;0.0;0.0;0.0;0.0;0.051724
34123;0.337827;0.462331;0.127676;0.0;0.055511;0.0;0.0;0.0;0.0;0.0;0.0;0.0;0.0;0.0;0.003965;0.012688
34124;0.272727;0.454545;0.25;0.0;0.0;0.0;0.0;0.0;0.0;0.0;0.0;0.0;0.0;0.0;0.0;0.022727
34125;0.172414;0.551724;0.103448;0.0;0.068966;0.0;0.0;0.0;0.0;0.0;0.0;0.0;0.0;0.0;0.034483;0.068966
34126;0.204082;0.607143;0.147959;0.0;0.02551;0.0;0.0;0.0;0.0;0.0;0.0;0.0;0.0;0.0;0.005102;0.010204
34127;0.25974;0.571429;0.116883;0.0;0.051948;0.0;0.0;0.0;0.0;0.0;0.0;0.0;0.0;0.0;0.0;0.0
34129;0.208696;0.582609;0.156522;0.0;0.026087;0.0;0.0;0.0;0.0;0.0;0.0;0.0;0.0;0.0;0.0;0.026087
34130;0.354167;0.361111;0.194444;0.0;0.055556;0.0;0.0;0.0;0.0;0.0;0.0;0.0;0.0;0.0;0.013889;0.020833
34131;0.0;0.894737;0.105263;0.0;0.0;0.0;0.0;0.0;0.0;0.0;0.0;0.0;0.0;0.0;0.0;0.0
34132;0.356164;0.438356;0.136986;0.0;0.041096;0.0;0.0;0.0;0.0;0.0;0.0;0.0;0.0;0.0;0.013699;0.013699
34133;0.205128;0.564103;0.179487;0.0;0.025641;0.0;0.0;0.0;0.0;0.0;0.0;0.0;0.0;0.0;0.012821;0.012821
34134;0.454545;0.393939;0.060606;0.0;0.060606;0.0;0.0;0.0;0.0;0.0;0.0;0.0;0.0;0.0;0.030303;0.0
34135;0.289655;0.455172;0.203448;0.0;0.037931;0.0;0.0;0.0;0.0;0.0;0.0;0.0;0.0;0.0;0.003448;0.010345
34136;0.165138;0.522936;0.119266;0.0;0.036697;0.0;0.0;0.0;0.0;0.0;0.0;0.0;0.0;0.0;0.0;0.155963
34137;0.75;0.25;0.0;0.0;0.0;0.0;0.0;0.0;0.0;0.0;0.0;0.0;0.0;0.0;0.0;0.0
34139;0.344828;0.387931;0.189655;0.0;0.043103;0.0;0.0;0.0;0.0;0.0;0.0;0.0;0.0;0.0;0.017241;0.017241
34140;0.261538;0.507692;0.215385;0.0;0.0;0.0;0.0;0.0;0.0;0.0;0.0;0.0;0.0;0.0;0.0;0.015385
34141;0.337931;0.489655;0.117241;0.0;0.041379;0.0;0.0;0.0;0.0;0.0;0.0;0.0;0.0;0.0;0.0;0.013793
34143;0.258065;0.540323;0.129032;0.0;0.040323;0.0;0.0;0.0;0.0;0.0;0.0;0.0;0.0;0.0;0.008065;0.024194
34146;0.348837;0.348837;0.186047;0.0;0.023256;0.0;0.0;0.0;0.0;0.0;0.0;0.0;0.0;0.0;0.0;0.093023
34147;0.195122;0.536585;0.219512;0.0;0.03252;0.0;0.0;0.0;0.0;0.0;0.0;0.0;0.0;0.0;0.00813;0.00813
34149;0.458333;0.333333;0.083333;0.0;0.0;0.0;0.0;0.0;0.0;0.0;0.0;0.0;0.0;0.0;0.083333;0.041667
34151;0.242105;0.578947;0.147368;0.0;0.021053;0.0;0.0;0.0;0.0;0.0;0.0;0.0;0.0;0.0;0.0;0.010526
34152;0.28125;0.5625;0.072917;0.0;0.041667;0.0;0.0;0.0;0.0;0.0;0.0;0.0;0.0;0.0;0.020833;0.020833
34154;0.145455;0.618182;0.163636;0.0;0.054545;0.0;0.0;0.0;0.0;0.0;0.0;0.0;0.0;0.0;0.0;0.018182
34155;0.471154;0.403846;0.076923;0.0;0.038462;0.0;0.0;0.0;0.0;0.0;0.0;0.0;0.0;0.0;0.009615;0.0
34156;0.076923;0.692308;0.153846;0.0;0.025641;0.0;0.0;0.0;0.0;0.0;0.0;0.0;0.0;0.0;0.0;0.051282
34157;0.343858;0.456946;0.140069;0.0;0.043054;0.0;0.0;0.0;0.0;0.0;0.0;0.0;0.0;0.0;0.001722;0.014351
34158;0.414508;0.331606;0.134715;0.0;0.07772;0.0;0.0;0.0;0.0;0.0;0.0;0.0;0.0;0.0;0.010363;0.031088
34159;0.521008;0.277311;0.042017;0.0;0.10084;0.0;0.0;0.0;0.0;0.0;0.0;0.0;0.0;0.0;0.004202;0.054622
34160;0.472727;0.254545;0.154545;0.0;0.090909;0.0;0.0;0.0;0.0;0.0;0.0;0.0;0.0;0.0;0.0;0.027273
34161;0.0;0.714286;0.285714;0.0;0.0;0.0;0.0;0.0;0.0;0.0;0.0;0.0;0.0;0.0;0.0;0.0
34163;0.297297;0.540541;0.108108;0.0;0.054054;0.0;0.0;0.0;0.0;0.0;0.0;0.0;0.0;0.0;0.0;0.0
34165;0.044444;0.711111;0.222222;0.0;0.0;0.0;0.0;0.0;0.0;0.0;0.0;0.0;0.0;0.0;0.0;0.022222
34167;0.220779;0.454545;0.25974;0.0;0.051948;0.0;0.0;0.0;0.0;0.0;0.0;0.0;0.0;0.0;0.0;0.012987
34168;0.25;0.545455;0.136364;0.0;0.045455;0.0;0.0;0.0;0.0;0.0;0.0;0.0;0.0;0.0;0.022727;0.0
34169;0.212355;0.57529;0.142857;0.0;0.046332;0.0;0.0;0.0;0.0;0.0;0.0;0.0;0.0;0.0;0.003861;0.019305
34170;0.214286;0.607143;0.178571;0.0;0.0;0.0;0.0;0.0;0.0;0.0;0.0;0.0;0.0;0.0;0.0;0.0
34171;0.295559;0.433384;0.166922;0.0;0.067381;0.0;0.0;0.0;0.0;0.0;0.0;0.0;0.0;0.0;0.015314;0.02144
34174;0.202797;0.587413;0.13986;0.0;0.027972;0.0;0.0;0.0;0.0;0.0;0.0;0.0;0.0;0.0;0.013986;0.027972
34175;0.161765;0.617647;0.205882;0.0;0.014706;0.0;0.0;0.0;0.0;0.0;0.0;0.0;0.0;0.0;0.0;0.0
34176;0.126214;0.533981;0.23301;0.0;0.029126;0.0;0.0;0.0;0.0;0.0;0.0;0.0;0.0;0.0;0.0;0.07767
34177;0.333333;0.492424;0.113636;0.0;0.045455;0.0;0.0;0.0;0.0;0.0;0.0;0.0;0.0;0.0;0.007576;0.007576
34178;0.141304;0.652174;0.054348;0.0;0.141304;0.0;0.0;0.0;0.0;0.0;0.0;0.0;0.0;0.0;0.0;0.01087
34179;0.125;0.8125;0.0625;0.0;0.0;0.0;0.0;0.0;0.0;0.0;0.0;0.0;0.0;0.0;0.0;0.0
34180;0.175439;0.508772;0.070175;0.0;0.052632;0.0;0.0;0.0;0.0;0.0;0.0;0.0;0.0;0.0;0.052632;0.140351
34181;0.478827;0.283388;0.149837;0.0;0.045603;0.0;0.0;0.0;0.0;0.0;0.0;0.0;0.0;0.0;0.003257;0.039088
34182;0.410653;0.414089;0.121993;0.0;0.037801;0.0;0.0;0.0;0.0;0.0;0.0;0.0;0.0;0.0;0.005155;0.010309
34184;0.185185;0.555556;0.111111;0.0;0.148148;0.0;0.0;0.0;0.0;0.0;0.0;0.0;0.0;0.0;0.0;0.0
34185;0.386364;0.477273;0.090909;0.0;0.045455;0.0;0.0;0.0;0.0;0.0;0.0;0.0;0.0;0.0;0.0;0.0
34186;0.27907;0.418605;0.255814;0.0;0.023256;0.0;0.0;0.0;0.0;0.0;0.0;0.0;0.0;0.0;0.0;0.023256
34189;0.162162;0.675676;0.081081;0.0;0.081081;0.0;0.0;0.0;0.0;0.0;0.0;0.0;0.0;0.0;0.0;0.0
34190;0.133333;0.633333;0.1;0.0;0.066667;0.0;0.0;0.0;0.0;0.0;0.0;0.0;0.0;0.0;0.033333;0.033333
34192;0.175439;0.614035;0.192982;0.0;0.017544;0.0;0.0;0.0;0.0;0.0;0.0;0.0;0.0;0.0;0.0;0.0
34196;0.196721;0.639344;0.098361;0.0;0.032787;0.0;0.0;0.0;0.0;0.0;0.0;0.0;0.0;0.0;0.016393;0.016393
34199;0.36375;0.42625;0.11125;0.0;0.0775;0.0;0.0;0.0;0.0;0.0;0.0;0.0;0.0;0.0;0.00125;0.02
34201;0.265152;0.537879;0.113636;0.0;0.060606;0.0;0.0;0.0;0.0;0.0;0.0;0.0;0.0;0.0;0.0;0.022727
34202;0.2;0.65;0.1;0.0;0.05;0.0;0.0;0.0;0.0;0.0;0.0;0.0;0.0;0.0;0.0;0.0
34204;0.179487;0.769231;0.051282;0.0;0.0;0.0;0.0;0.0;0.0;0.0;0.0;0.0;0.0;0.0;0.0;0.0
34205;0.2;0.542857;0.228571;0.0;0.0;0.0;0.0;0.0;0.0;0.0;0.0;0.0;0.0;0.0;0.0;0.028571
34206;0.396934;0.444634;0.131175;0.0;0.022147;0.0;0.0;0.0;0.0;0.0;0.0;0.0;0.0;0.0;0.001704;0.003407
34208;0.097561;0.658537;0.219512;0.0;0.0;0.0;0.0;0.0;0.0;0.0;0.0;0.0;0.0;0.0;0.0;0.02439
34210;0.214286;0.583333;0.190476;0.0;0.0;0.0;0.0;0.0;0.0;0.0;0.0;0.0;0.0;0.0;0.0;0.011905
34211;0.190789;0.572368;0.197368;0.0;0.013158;0.0;0.0;0.0;0.0;0.0;0.0;0.0;0.0;0.0;0.0;0.026316
34213;0.134615;0.653846;0.115385;0.0;0.076923;0.0;0.0;0.0;0.0;0.0;0.0;0.0;0.0;0.0;0.019231;0.0
34214;0.342857;0.435714;0.135714;0.0;0.014286;0.0;0.0;0.0;0.0;0.0;0.0;0.0;0.0;0.0;0.014286;0.057143
34215;0.412698;0.349206;0.150794;0.0;0.039683;0.0;0.0;0.0;0.0;0.0;0.0;0.0;0.0;0.0;0.007937;0.039683
34216;0.272727;0.545455;0.181818;0.0;0.0;0.0;0.0;0.0;0.0;0.0;0.0;0.0;0.0;0.0;0.0;0.0
34217;0.310987;0.375233;0.201117;0.0;0.073557;0.0;0.0;0.0;0.0;0.0;0.0;0.0;0.0;0.0;0.001862;0.037244
34218;0.232787;0.42623;0.278689;0.0;0.045902;0.0;0.0;0.0;0.0;0.0;0.0;0.0;0.0;0.0;0.003279;0.013115
34220;0.284483;0.456897;0.155172;0.0;0.025862;0.0;0.0;0.0;0.0;0.0;0.0;0.0;0.0;0.0;0.017241;0.060345
34221;0.36;0.384;0.16;0.0;0.08;0.0;0.0;0.0;0.0;0.0;0.0;0.0;0.0;0.0;0.008;0.008
34222;0.128205;0.641026;0.166667;0.0;0.051282;0.0;0.0;0.0;0.0;0.0;0.0;0.0;0.0;0.0;0.012821;0.0
34223;0.176871;0.605442;0.210884;0.0;0.006803;0.0;0.0;0.0;0.0;0.0;0.0;0.0;0.0;0.0;0.0;0.0
34224;0.407407;0.407407;0.148148;0.0;0.0;0.0;0.0;0.0;0.0;0.0;0.0;0.0;0.0;0.0;0.0;0.037037
34225;0.4049;0.320396;0.137627;0.0;0.10322;0.0;0.0;0.0;0.0;0.0;0.0;0.0;0.0;0.0;0.004404;0.029452
34227;0.12963;0.5;0.222222;0.0;0.0;0.0;0.0;0.0;0.0;0.0;0.0;0.0;0.0;0.0;0.055556;0.092593
34228;0.333333;0.433333;0.1;0.0;0.083333;0.0;0.0;0.0;0.0;0.0;0.0;0.0;0.0;0.0;0.0;0.05
34229;0.317073;0.585366;0.02439;0.0;0.04878;0.0;0.0;0.0;0.0;0.0;0.0;0.0;0.0;0.0;0.0;0.02439
34230;0.076923;0.769231;0.076923;0.0;0.076923;0.0;0.0;0.0;0.0;0.0;0.0;0.0;0.0;0.0;0.0;0.0
34231;0.27439;0.530488;0.152439;0.0;0.0;0.0;0.0;0.0;0.0;0.0;0.0;0.0;0.0;0.0;0.006098;0.036585
34232;0.345283;0.460377;0.141509;0.0;0.037736;0.0;0.0;0.0;0.0;0.0;0.0;0.0;0.0;0.0;0.001887;0.013208
34233;0.168224;0.672897;0.11215;0.0;0.009346;0.0;0.0;0.0;0.0;0.0;0.0;0.0;0.0;0.0;0.0;0.037383
34234;0.255814;0.348837;0.232558;0.0;0.093023;0.0;0.0;0.0;0.0;0.0;0.0;0.0;0.0;0.0;0.023256;0.046512
34236;0.138889;0.611111;0.185185;0.0;0.037037;0.0;0.0;0.0;0.0;0.0;0.0;0.0;0.0;0.0;0.009259;0.018519
34237;0.307692;0.540865;0.091346;0.0;0.045673;0.0;0.0;0.0;0.0;0.0;0.0;0.0;0.0;0.0;0.004808;0.009615
34238;0.458167;0.40239;0.051793;0.0;0.035857;0.0;0.0;0.0;0.0;0.0;0.0;0.0;0.0;0.0;0.0;0.051793
34240;0.180328;0.491803;0.262295;0.0;0.032787;0.0;0.0;0.0;0.0;0.0;0.0;0.0;0.0;0.0;0.032787;0.0
34241;0.25;0.6875;0.0625;0.0;0.0;0.0;0.0;0.0;0.0;0.0;0.0;0.0;0.0;0.0;0.0;0.0
34242;0.205882;0.470588;0.191176;0.0;0.088235;0.0;0.0;0.0;0.0;0.0;0.0;0.0;0.0;0.0;0.029412;0.014706
34243;0.294118;0.560784;0.098039;0.0;0.031373;0.0;0.0;0.0;0.0;0.0;0.0;0.0;0.0;0.0;0.007843;0.007843
34245;0.340909;0.509091;0.090909;0.0;0.027273;0.0;0.0;0.0;0.0;0.0;0.0;0.0;0.0;0.0;0.004545;0.027273
34246;0.291667;0.583333;0.104167;0.0;0.0;0.0;0.0;0.0;0.0;0.0;0.0;0.0;0.0;0.0;0.0;0.020833
34901;0.220159;0.522546;0.197613;0.0;0.029178;0.0;0.0;0.0;0.0;0.0;0.0;0.0;0.0;0.0;0.003979;0.026525
34902;0.232323;0.565657;0.151515;0.0;0.020202;0.0;0.0;0.0;0.0;0.0;0.0;0.0;0.0;0.0;0.0;0.030303
34903;0.156716;0.559701;0.19403;0.0;0.052239;0.0;0.0;0.0;0.0;0.0;0.0;0.0;0.0;0.0;0.0;0.037313
34904;0.405405;0.373874;0.135135;0.0;0.076577;0.0;0.0;0.0;0.0;0.0;0.0;0.0;0.0;0.0;0.004505;0.004505
35001;0.364811;0.226392;0.077822;0.0;0.101815;0.0;0.0;0.0;0.0;0.0;0.0;0.025223;0.0;0.0;0.0;0.203937
35002;0.29733;0.214821;0.169397;0.0;0.10057;0.0;0.0;0.0;0.0;0.0;0.0;0.047465;0.0;0.0;0.0;0.170417
35003;0.266516;0.278656;0.180971;0.0;0.08978;0.0;0.0;0.0;0.0;0.0;0.0;0.133258;0.0;0.0;0.0;0.050819
35004;0.409848;0.215861;0.136556;0.0;0.108561;0.0;0.0;0.0;0.0;0.0;0.0;0.090647;0.0;0.0;0.0;0.038527
35005;0.3125;0.386905;0.102679;0.0;0.047619;0.0;0.0;0.0;0.0;0.0;0.0;0.032738;0.0;0.0;0.0;0.11756
35006;0.375944;0.218212;0.137026;0.0;0.109448;0.0;0.0;0.0;0.0;0.0;0.0;0.058342;0.0;0.0;0.0;0.101028
35007;0.216867;0.171084;0.175904;0.0;0.060241;0.0;0.0;0.0;0.0;0.0;0.0;0.286747;0.0;0.0;0.0;0.089157
35008;0.335212;0.235256;0.147658;0.0;0.099306;0.0;0.0;0.0;0.0;0.0;0.0;0.072637;0.0;0.0;0.0;0.109931
35009;0.246151;0.161603;0.107987;0.0;0.070388;0.0;0.0;0.0;0.0;0.0;0.0;0.023646;0.0;0.0;0.0;0.390225
35010;0.353596;0.210965;0.114025;0.0;0.116011;0.0;0.0;0.0;0.0;0.0;0.0;0.144219;0.0;0.0;0.0;0.061184
35011;0.321843;0.217344;0.173863;0.0;0.091886;0.0;0.0;0.0;0.0;0.0;0.0;0.050387;0.0;0.0;0.0;0.144676
35012;0.253927;0.263253;0.181119;0.0;0.061846;0.0;0.0;0.0;0.0;0.0;0.0;0.192081;0.0;0.0;0.0;0.047775
35013;0.2861;0.358714;0.126763;0.0;0.078838;0.0;0.0;0.0;0.0;0.0;0.0;0.050207;0.0;0.0;0.0;0.099378
35014;0.27765;0.280086;0.167192;0.0;0.136676;0.0;0.0;0.0;0.0;0.0;0.0;0.111032;0.0;0.0;0.0;0.027364
35015;0.338028;0.212148;0.130986;0.0;0.103169;0.0;0.0;0.0;0.0;0.0;0.0;0.167254;0.0;0.0;0.0;0.048415
35016;0.357187;0.28847;0.138315;0.0;0.111106;0.0;0.0;0.0;0.0;0.0;0.0;0.041523;0.0;0.0;0.0;0.063399
35017;0.283073;0.260781;0.163712;0.0;0.11667;0.0;0.0;0.0;0.0;0.0;0.0;0.121819;0.0;0.0;0.0;0.053947
35018;0.366471;0.240594;0.121965;0.0;0.134277;0.0;0.0;0.0;0.0;0.0;0.0;0.101829;0.0;0.0;0.0;0.034864
35019;0.306859;0.279362;0.165747;0.0;0.08571;0.0;0.0;0.0;0.0;0.0;0.0;0.078452;0.0;0.0;0.0;0.08387
35020;0.383637;0.194063;0.083562;0.0;0.049139;0.0;0.0;0.0;0.0;0.0;0.0;0.074083;0.0;0.0;0.0;0.215515
35021;0.286355;0.349491;0.14654;0.0;0.104044;0.0;0.0;0.0;0.0;0.0;0.0;0.052115;0.0;0.0;0.0;0.061455
35022;0.332515;0.199491;0.189738;0.0;0.092245;0.0;0.0;0.0;0.0;0.0;0.0;0.040345;0.0;0.0;0.0;0.145666
35023;0.250898;0.20972;0.123534;0.0;0.070984;0.0;0.0;0.0;0.0;0.0;0.0;0.060689;0.0;0.0;0.0;0.284175
35024;0.330516;0.264535;0.129009;0.0;0.112107;0.0;0.0;0.0;0.0;0.0;0.0;0.123205;0.0;0.0;0.0;0.040627
35025;0.24957;0.366609;0.123924;0.0;0.078313;0.0;0.0;0.0;0.0;0.0;0.0;0.04475;0.0;0.0;0.0;0.136833
35026;0.32629;0.256878;0.164551;0.0;0.100365;0.0;0.0;0.0;0.0;0.0;0.0;0.061336;0.0;0.0;0.0;0.090579
35027;0.321984;0.283548;0.130735;0.0;0.098683;0.0;0.0;0.0;0.0;0.0;0.0;0.056656;0.0;0.0;0.0;0.108392
35028;0.334982;0.320147;0.144202;0.0;0.106397;0.0;0.0;0.0;0.0;0.0;0.0;0.065242;0.0;0.0;0.0;0.029032
35029;0.293936;0.207263;0.119219;0.0;0.107229;0.0;0.0;0.0;0.0;0.0;0.0;0.232956;0.0;0.0;0.0;0.039397
35030;0.294802;0.255938;0.130377;0.0;0.093672;0.0;0.0;0.0;0.0;0.0;0.0;0.193323;0.0;0.0;0.0;0.031888
35031;0.269146;0.266032;0.188347;0.0;0.094357;0.0;0.0;0.0;0.0;0.0;0.0;0.06834;0.0;0.0;0.0;0.113778
35032;0.291786;0.395586;0.096036;0.0;0.086228;0.0;0.0;0.0;0.0;0.0;0.0;0.039232;0.0;0.0;0.0;0.091132
35033;0.305499;0.257015;0.147475;0.0;0.091582;0.0;0.0;0.0;0.0;0.0;0.0;0.09697;0.0;0.0;0.0;0.101459
35034;0.324825;0.266579;0.159031;0.0;0.129581;0.0;0.0;0.0;0.0;0.0;0.0;0.092277;0.0;0.0;0.0;0.027705
36001;0.26406;0.51955;0.033208;0.0;0.093733;0.0;0.0;0.0;0.0;0.0;0.083021;0.0;0.0;0.0;0.0;0.006427
36002;0.247028;0.514311;0.062087;0.0;0.070894;0.0;0.0;0.0;0.0;0.0;0.101717;0.0;0.0;0.0;0.0;0.003963
36003;0.276389;0.463411;0.044554;0.0;0.141821;0.0;0.0;0.0;0.0;0.0;0.067996;0.0;0.0;0.0;0.0;0.005828
36004;0.268104;0.427861;0.035793;0.0;0.143588;0.0;0.0;0.0;0.0;0.0;0.117606;0.0;0.0;0.0;0.0;0.007048
36005;0.308485;0.457577;0.044344;0.0;0.098987;0.0;0.0;0.0;0.0;0.0;0.084497;0.0;0.0;0.0;0.0;0.00611
36006;0.24711;0.492718;0.044152;0.0;0.100439;0.0;0.0;0.0;0.0;0.0;0.109108;0.0;0.0;0.0;0.0;0.006472
36007;0.283688;0.546986;0.048759;0.0;0.06117;0.0;0.0;0.0;0.0;0.0;0.056738;0.0;0.0;0.0;0.0;0.00266
36008;0.275219;0.337922;0.033855;0.0;0.200688;0.0;0.0;0.0;0.0;0.0;0.144055;0.0;0.0;0.0;0.0;0.00826
36009;0.298222;0.51368;0.053352;0.0;0.074897;0.0;0.0;0.0;0.0;0.0;0.051984;0.0;0.0;0.0;0.0;0.007866
36010;0.312847;0.359519;0.027726;0.0;0.115989;0.0;0.0;0.0;0.0;0.0;0.176063;0.0;0.0;0.0;0.0;0.007856
36013;0.237994;0.514124;0.049435;0.0;0.101695;0.0;0.0;0.0;0.0;0.0;0.086158;0.0;0.0;0.0;0.0;0.010593
36014;0.258659;0.58364;0.028003;0.0;0.06927;0.0;0.0;0.0;0.0;0.0;0.054532;0.0;0.0;0.0;0.0;0.005895
36015;0.320239;0.447562;0.038583;0.0;0.089092;0.0;0.0;0.0;0.0;0.0;0.098913;0.0;0.0;0.0;0.0;0.005612
36016;0.152174;0.704348;0.037681;0.0;0.031884;0.0;0.0;0.0;0.0;0.0;0.073913;0.0;0.0;0.0;0.0;0.0
36017;0.286607;0.49215;0.035485;0.0;0.082746;0.0;0.0;0.0;0.0;0.0;0.098526;0.0;0.0;0.0;0.0;0.004486
36018;0.292635;0.52694;0.052397;0.0;0.044488;0.0;0.0;0.0;0.0;0.0;0.079585;0.0;0.0;0.0;0.0;0.003955
36019;0.437309;0.365953;0.043833;0.0;0.076453;0.0;0.0;0.0;0.0;0.0;0.071356;0.0;0.0;0.0;0.0;0.005097
36020;0.23758;0.590446;0.040127;0.0;0.049682;0.0;0.0;0.0;0.0;0.0;0.080255;0.0;0.0;0.0;0.0;0.001911
36021;0.29709;0.417961;0.055349;0.0;0.140232;0.0;0.0;0.0;0.0;0.0;0.080508;0.0;0.0;0.0;0.0;0.00886
36022;0.333386;0.31257;0.043699;0.0;0.182743;0.0;0.0;0.0;0.0;0.0;0.120133;0.0;0.0;0.0;0.0;0.007469
36023;0.25075;0.432811;0.036512;0.0;0.135212;0.0;0.0;0.0;0.0;0.0;0.138379;0.0;0.0;0.0;0.0;0.006335
36024;0.201923;0.596817;0.051144;0.0;0.053382;0.0;0.0;0.0;0.0;0.0;0.092755;0.0;0.0;0.0;0.0;0.003979
36025;0.172797;0.630118;0.068008;0.0;0.069396;0.0;0.0;0.0;0.0;0.0;0.054823;0.0;0.0;0.0;0.0;0.004858
36026;0.27967;0.449559;0.069735;0.0;0.111387;0.0;0.0;0.0;0.0;0.0;0.080093;0.0;0.0;0.0;0.0;0.009556
36027;0.233869;0.564374;0.045744;0.0;0.064526;0.0;0.0;0.0;0.0;0.0;0.086337;0.0;0.0;0.0;0.0;0.00515
36028;0.303222;0.516108;0.043507;0.0;0.068416;0.0;0.0;0.0;0.0;0.0;0.066091;0.0;0.0;0.0;0.0;0.002657
36029;0.284932;0.346705;0.035817;0.0;0.155571;0.0;0.0;0.0;0.0;0.0;0.170319;0.0;0.0;0.0;0.0;0.006658
36030;0.285454;0.424353;0.052862;0.0;0.12541;0.0;0.0;0.0;0.0;0.0;0.103536;0.0;0.0;0.0;0.0;0.008385
36031;0.220339;0.413136;0.074153;0.0;0.080508;0.0;0.0;0.0;0.0;0.0;0.197034;0.0;0.0;0.0;0.0;0.014831
36032;0.264761;0.511094;0.048514;0.0;0.060173;0.0;0.0;0.0;0.0;0.0;0.110192;0.0;0.0;0.0;0.0;0.005265
36033;0.332616;0.390509;0.038201;0.0;0.136339;0.0;0.0;0.0;0.0;0.0;0.096417;0.0;0.0;0.0;0.0;0.005918
36034;0.297854;0.455365;0.043348;0.0;0.112446;0.0;0.0;0.0;0.0;0.0;0.081974;0.0;0.0;0.0;0.0;0.009013
36035;0.304514;0.436571;0.050251;0.0;0.128773;0.0;0.0;0.0;0.0;0.0;0.072686;0.0;0.0;0.0;0.0;0.007205
36036;0.290537;0.466496;0.046547;0.0;0.096164;0.0;0.0;0.0;0.0;0.0;0.093095;0.0;0.0;0.0;0.0;0.007161
36037;0.258082;0.412055;0.065205;0.0;0.132055;0.0;0.0;0.0;0.0;0.0;0.11726;0.0;0.0;0.0;0.0;0.015342
36038;0.321836;0.401277;0.051191;0.0;0.128402;0.0;0.0;0.0;0.0;0.0;0.089107;0.0;0.0;0.0;0.0;0.008187
36039;0.293866;0.409613;0.050291;0.0;0.148304;0.0;0.0;0.0;0.0;0.0;0.089359;0.0;0.0;0.0;0.0;0.008568
36040;0.276897;0.509626;0.044734;0.0;0.082106;0.0;0.0;0.0;0.0;0.0;0.080974;0.0;0.0;0.0;0.0;0.005663
36041;0.268497;0.480126;0.061787;0.0;0.107536;0.0;0.0;0.0;0.0;0.0;0.075266;0.0;0.0;0.0;0.0;0.006789
36042;0.314065;0.378131;0.044899;0.0;0.154246;0.0;0.0;0.0;0.0;0.0;0.098274;0.0;0.0;0.0;0.0;0.010385
36043;0.272152;0.441832;0.075045;0.0;0.103074;0.0;0.0;0.0;0.0;0.0;0.097046;0.0;0.0;0.0;0.0;0.01085
36044;0.238199;0.451438;0.045035;0.0;0.118285;0.0;0.0;0.0;0.0;0.0;0.139447;0.0;0.0;0.0;0.0;0.007596
36045;0.36486;0.328566;0.041325;0.0;0.147945;0.0;0.0;0.0;0.0;0.0;0.110068;0.0;0.0;0.0;0.0;0.007236
36046;0.272043;0.50455;0.064951;0.0;0.080954;0.0;0.0;0.0;0.0;0.0;0.070599;0.0;0.0;0.0;0.0;0.006903
36047;0.294426;0.552787;0.04918;0.0;0.032787;0.0;0.0;0.0;0.0;0.0;0.068197;0.0;0.0;0.0;0.0;0.002623
36048;0.281553;0.407001;0.042412;0.0;0.130301;0.0;0.0;0.0;0.0;0.0;0.128258;0.0;0.0;0.0;0.0;0.010475
36049;0.237234;0.443906;0.059448;0.0;0.151696;0.0;0.0;0.0;0.0;0.0;0.100075;0.0;0.0;0.0;0.0;0.007641
36050;0.334718;0.36864;0.055902;0.0;0.116822;0.0;0.0;0.0;0.0;0.0;0.117688;0.0;0.0;0.0;0.0;0.006231
36051;0.264831;0.504197;0.05357;0.0;0.094124;0.0;0.0;0.0;0.0;0.0;0.076111;0.0;0.0;0.0;0.0;0.007168
36052;0.262904;0.53332;0.041795;0.0;0.074153;0.0;0.0;0.0;0.0;0.0;0.08282;0.0;0.0;0.0;0.0;0.005008
36053;0.265982;0.372146;0.05274;0.0;0.108447;0.0;0.0;0.0;0.0;0.0;0.194064;0.0;0.0;0.0;0.0;0.006621
36054;0.294894;0.416563;0.052677;0.0;0.107597;0.0;0.0;0.0;0.0;0.0;0.122042;0.0;0.0;0.0;0.0;0.006227
36055;0.276509;0.443292;0.056559;0.0;0.109726;0.0;0.0;0.0;0.0;0.0;0.10783;0.0;0.0;0.0;0.0;0.006085
36056;0.225789;0.541564;0.035665;0.0;0.094925;0.0;0.0;0.0;0.0;0.0;0.096571;0.0;0.0;0.0;0.0;0.005487
36057;0.376071;0.316467;0.04705;0.0;0.164973;0.0;0.0;0.0;0.0;0.0;0.085863;0.0;0.0;0.0;0.0;0.009576
36058;0.364035;0.402924;0.035965;0.0;0.099123;0.0;0.0;0.0;0.0;0.0;0.092398;0.0;0.0;0.0;0.0;0.005556
36059;0.204694;0.570078;0.055411;0.0;0.056389;0.0;0.0;0.0;0.0;0.0;0.110169;0.0;0.0;0.0;0.0;0.003259
36060;0.325987;0.403798;0.044959;0.0;0.129563;0.0;0.0;0.0;0.0;0.0;0.086406;0.0;0.0;0.0;0.0;0.009287
36061;0.224468;0.561635;0.056894;0.0;0.07959;0.0;0.0;0.0;0.0;0.0;0.066998;0.0;0.0;0.0;0.0;0.010415
36901;0.364873;0.333544;0.043038;0.0;0.110127;0.0;0.0;0.0;0.0;0.0;0.143354;0.0;0.0;0.0;0.0;0.005063
36902;0.293548;0.493011;0.046505;0.0;0.089516;0.0;0.0;0.0;0.0;0.0;0.072312;0.0;0.0;0.0;0.0;0.005108
37001;0.284404;0.577982;0.091743;0.0;0.036697;0.0;0.0;0.0;0.0;0.0;0.0;0.0;0.0;0.0;0.0;0.009174
37002;0.296296;0.592593;0.074074;0.0;0.024691;0.0;0.0;0.0;0.0;0.0;0.0;0.0;0.0;0.0;0.0;0.012346
37003;0.274194;0.516129;0.177419;0.0;0.016129;0.0;0.0;0.0;0.0;0.0;0.0;0.0;0.0;0.0;0.016129;0.0
37004;0.133333;0.733333;0.0;0.0;0.0;0.0;0.0;0.0;0.0;0.0;0.0;0.0;0.0;0.0;0.066667;0.066667
37005;0.169492;0.644068;0.118644;0.0;0.033898;0.0;0.0;0.0;0.0;0.0;0.0;0.0;0.0;0.0;0.016949;0.016949
37006;0.323944;0.43662;0.126761;0.0;0.112676;0.0;0.0;0.0;0.0;0.0;0.0;0.0;0.0;0.0;0.0;0.0
37007;0.300654;0.493464;0.163399;0.0;0.03268;0.0;0.0;0.0;0.0;0.0;0.0;0.0;0.0;0.0;0.006536;0.003268
37008;0.265215;0.507687;0.153107;0.0;0.037156;0.0;0.0;0.0;0.0;0.0;0.0;0.0;0.0;0.0;0.004805;0.032031
37009;0.2;0.648276;0.082759;0.0;0.068966;0.0;0.0;0.0;0.0;0.0;0.0;0.0;0.0;0.0;0.0;0.0
37010;0.346211;0.448737;0.148588;0.0;0.031204;0.0;0.0;0.0;0.0;0.0;0.0;0.0;0.0;0.0;0.008915;0.016345
37011;0.405797;0.463768;0.086957;0.0;0.028986;0.0;0.0;0.0;0.0;0.0;0.0;0.0;0.0;0.0;0.014493;0.0
37012;0.277778;0.537037;0.111111;0.0;0.064815;0.0;0.0;0.0;0.0;0.0;0.0;0.0;0.0;0.0;0.0;0.009259
37013;0.160714;0.553571;0.25;0.0;0.035714;0.0;0.0;0.0;0.0;0.0;0.0;0.0;0.0;0.0;0.0;0.0
37014;0.371762;0.475389;0.115285;0.0;0.032383;0.0;0.0;0.0;0.0;0.0;0.0;0.0;0.0;0.0;0.002591;0.002591
37015;0.315385;0.530769;0.1;0.0;0.046154;0.0;0.0;0.0;0.0;0.0;0.0;0.0;0.0;0.0;0.0;0.007692
37016;0.252451;0.534314;0.147059;0.0;0.058824;0.0;0.0;0.0;0.0;0.0;0.0;0.0;0.0;0.0;0.002451;0.004902
37017;0.128492;0.664804;0.189944;0.0;0.011173;0.0;0.0;0.0;0.0;0.0;0.0;0.0;0.0;0.0;0.0;0.005587
37018;0.24359;0.423077;0.25641;0.0;0.064103;0.0;0.0;0.0;0.0;0.0;0.0;0.0;0.0;0.0;0.0;0.012821
37019;0.12069;0.715517;0.163793;0.0;0.0;0.0;0.0;0.0;0.0;0.0;0.0;0.0;0.0;0.0;0.0;0.0
37020;0.276923;0.48;0.150769;0.0;0.070769;0.0;0.0;0.0;0.0;0.0;0.0;0.0;0.0;0.0;0.009231;0.012308
37021;0.272727;0.454545;0.25;0.0;0.0;0.0;0.0;0.0;0.0;0.0;0.0;0.0;0.0;0.0;0.0;0.022727
37022;0.221649;0.603093;0.154639;0.0;0.015464;0.0;0.0;0.0;0.0;0.0;0.0;0.0;0.0;0.0;0.005155;0.0
37023;0.267284;0.459729;0.182466;0.0;0.066287;0.0;0.0;0.0;0.0;0.0;0.0;0.0;0.0;0.0;0.00784;0.016393
37024;0.30137;0.520548;0.150685;0.0;0.027397;0.0;0.0;0.0;0.0;0.0;0.0;0.0;0.0;0.0;0.0;0.0
37025;0.240196;0.534314;0.191176;0.0;0.034314;0.0;0.0;0.0;0.0;0.0;0.0;0.0;0.0;0.0;0.0;0.0
37026;0.335821;0.365672;0.268657;0.0;0.022388;0.0;0.0;0.0;0.0;0.0;0.0;0.0;0.0;0.0;0.0;0.007463
37027;0.275132;0.455026;0.153439;0.0;0.089947;0.0;0.0;0.0;0.0;0.0;0.0;0.0;0.0;0.0;0.021164;0.005291
37028;0.274725;0.582418;0.131868;0.0;0.010989;0.0;0.0;0.0;0.0;0.0;0.0;0.0;0.0;0.0;0.0;0.0
37029;0.246032;0.555556;0.166667;0.0;0.015873;0.0;0.0;0.0;0.0;0.0;0.0;0.0;0.0;0.0;0.015873;0.0
37030;0.241935;0.596774;0.080645;0.0;0.048387;0.0;0.0;0.0;0.0;0.0;0.0;0.0;0.0;0.0;0.032258;0.0
37031;0.2103;0.553648;0.206009;0.0;0.030043;0.0;0.0;0.0;0.0;0.0;0.0;0.0;0.0;0.0;0.0;0.0
37032;0.265446;0.480549;0.208238;0.0;0.038902;0.0;0.0;0.0;0.0;0.0;0.0;0.0;0.0;0.0;0.0;0.006865
37033;0.304348;0.463768;0.15942;0.0;0.043478;0.0;0.0;0.0;0.0;0.0;0.0;0.0;0.0;0.0;0.0;0.028986
37034;0.26087;0.405797;0.26087;0.0;0.043478;0.0;0.0;0.0;0.0;0.0;0.0;0.0;0.0;0.0;0.028986;0.0
37035;0.33913;0.452174;0.173913;0.0;0.026087;0.0;0.0;0.0;0.0;0.0;0.0;0.0;0.0;0.0;0.008696;0.0
37036;0.28125;0.59375;0.03125;0.0;0.09375;0.0;0.0;0.0;0.0;0.0;0.0;0.0;0.0;0.0;0.0;0.0
37037;0.1;0.585714;0.314286;0.0;0.0;0.0;0.0;0.0;0.0;0.0;0.0;0.0;0.0;0.0;0.0;0.0
37038;0.318898;0.496063;0.125984;0.0;0.049213;0.0;0.0;0.0;0.0;0.0;0.0;0.0;0.0;0.0;0.003937;0.005906
37039;0.271795;0.54359;0.153846;0.0;0.010256;0.0;0.0;0.0;0.0;0.0;0.0;0.0;0.0;0.0;0.010256;0.010256
37040;0.342282;0.42953;0.167785;0.0;0.053691;0.0;0.0;0.0;0.0;0.0;0.0;0.0;0.0;0.0;0.0;0.006711
37041;0.098039;0.72549;0.156863;0.0;0.019608;0.0;0.0;0.0;0.0;0.0;0.0;0.0;0.0;0.0;0.0;0.0
37042;0.068966;0.793103;0.137931;0.0;0.0;0.0;0.0;0.0;0.0;0.0;0.0;0.0;0.0;0.0;0.0;0.0
37044;0.25;0.594156;0.100649;0.0;0.051948;0.0;0.0;0.0;0.0;0.0;0.0;0.0;0.0;0.0;0.003247;0.0
37045;0.24;0.6;0.16;0.0;0.0;0.0;0.0;0.0;0.0;0.0;0.0;0.0;0.0;0.0;0.0;0.0
37046;0.337211;0.422329;0.167541;0.0;0.059299;0.0;0.0;0.0;0.0;0.0;0.0;0.0;0.0;0.0;0.003972;0.009647
37047;0.146789;0.697248;0.06422;0.0;0.055046;0.0;0.0;0.0;0.0;0.0;0.0;0.0;0.0;0.0;0.0;0.036697
37049;0.316327;0.44898;0.193878;0.0;0.030612;0.0;0.0;0.0;0.0;0.0;0.0;0.0;0.0;0.0;0.010204;0.0
37050;0.192308;0.596154;0.211538;0.0;0.0;0.0;0.0;0.0;0.0;0.0;0.0;0.0;0.0;0.0;0.0;0.0
37051;0.305085;0.423729;0.220339;0.0;0.033898;0.0;0.0;0.0;0.0;0.0;0.0;0.0;0.0;0.0;0.0;0.016949
37052;0.386598;0.505155;0.092784;0.0;0.015464;0.0;0.0;0.0;0.0;0.0;0.0;0.0;0.0;0.0;0.0;0.0
37054;0.456044;0.417582;0.082418;0.0;0.021978;0.0;0.0;0.0;0.0;0.0;0.0;0.0;0.0;0.0;0.005495;0.016484
37055;0.204545;0.647727;0.090909;0.0;0.056818;0.0;0.0;0.0;0.0;0.0;0.0;0.0;0.0;0.0;0.0;0.0
37056;0.076923;0.807692;0.076923;0.0;0.0;0.0;0.0;0.0;0.0;0.0;0.0;0.0;0.0;0.0;0.038462;0.0
37057;0.19863;0.643836;0.130137;0.0;0.020548;0.0;0.0;0.0;0.0;0.0;0.0;0.0;0.0;0.0;0.0;0.006849
37058;0.181818;0.545455;0.204545;0.0;0.045455;0.0;0.0;0.0;0.0;0.0;0.0;0.0;0.0;0.0;0.0;0.022727
37059;0.365591;0.548387;0.053763;0.0;0.010753;0.0;0.0;0.0;0.0;0.0;0.0;0.0;0.0;0.0;0.010753;0.010753
37060;0.286996;0.44843;0.183857;0.0;0.071749;0.0;0.0;0.0;0.0;0.0;0.0;0.0;0.0;0.0;0.004484;0.004484
37061;0.189542;0.594771;0.189542;0.0;0.019608;0.0;0.0;0.0;0.0;0.0;0.0;0.0;0.0;0.0;0.0;0.006536
37062;0.109091;0.672727;0.127273;0.0;0.0;0.0;0.0;0.0;0.0;0.0;0.0;0.0;0.0;0.0;0.072727;0.018182
37063;0.288889;0.555556;0.155556;0.0;0.0;0.0;0.0;0.0;0.0;0.0;0.0;0.0;0.0;0.0;0.0;0.0
37065;0.26087;0.559006;0.161491;0.0;0.012422;0.0;0.0;0.0;0.0;0.0;0.0;0.0;0.0;0.0;0.0;0.006211
37067;0.326214;0.449709;0.139029;0.0;0.067184;0.0;0.0;0.0;0.0;0.0;0.0;0.0;0.0;0.0;0.00466;0.013204
37068;0.279835;0.518519;0.185185;0.0;0.016461;0.0;0.0;0.0;0.0;0.0;0.0;0.0;0.0;0.0;0.0;0.0
37069;0.268041;0.472754;0.195876;0.0;0.048601;0.0;0.0;0.0;0.0;0.0;0.0;0.0;0.0;0.0;0.005891;0.008837
37070;0.355499;0.383632;0.222506;0.0;0.035806;0.0;0.0;0.0;0.0;0.0;0.0;0.0;0.0;0.0;0.002558;0.0
37071;0.322581;0.370968;0.258065;0.0;0.016129;0.0;0.0;0.0;0.0;0.0;0.0;0.0;0.0;0.0;0.032258;0.0
37072;0.176471;0.529412;0.284314;0.0;0.009804;0.0;0.0;0.0;0.0;0.0;0.0;0.0;0.0;0.0;0.0;0.0
37073;0.235154;0.467933;0.223278;0.0;0.042755;0.0;0.0;0.0;0.0;0.0;0.0;0.0;0.0;0.0;0.011876;0.019002
37074;0.395833;0.447917;0.145833;0.0;0.010417;0.0;0.0;0.0;0.0;0.0;0.0;0.0;0.0;0.0;0.0;0.0
37077;0.463415;0.439024;0.092683;0.0;0.004878;0.0;0.0;0.0;0.0;0.0;0.0;0.0;0.0;0.0;0.0;0.0
37078;0.295;0.453333;0.156667;0.0;0.078333;0.0;0.0;0.0;0.0;0.0;0.0;0.0;0.0;0.0;0.006667;0.01
37079;0.232143;0.535714;0.178571;0.0;0.035714;0.0;0.0;0.0;0.0;0.0;0.0;0.0;0.0;0.0;0.0;0.017857
37080;0.24;0.445714;0.28;0.0;0.028571;0.0;0.0;0.0;0.0;0.0;0.0;0.0;0.0;0.0;0.005714;0.0
37081;0.393136;0.369735;0.210608;0.0;0.015601;0.0;0.0;0.0;0.0;0.0;0.0;0.0;0.0;0.0;0.00312;0.0078
37082;0.409186;0.40501;0.141962;0.0;0.031315;0.0;0.0;0.0;0.0;0.0;0.0;0.0;0.0;0.0;0.002088;0.010438
37083;0.361111;0.388889;0.215278;0.0;0.027778;0.0;0.0;0.0;0.0;0.0;0.0;0.0;0.0;0.0;0.0;0.006944
37085;0.255162;0.473451;0.195182;0.0;0.058505;0.0;0.0;0.0;0.0;0.0;0.0;0.0;0.0;0.0;0.004425;0.013274
37086;0.190476;0.642857;0.130952;0.0;0.035714;0.0;0.0;0.0;0.0;0.0;0.0;0.0;0.0;0.0;0.0;0.0
37087;0.210393;0.456274;0.238276;0.0;0.076046;0.0;0.0;0.0;0.0;0.0;0.0;0.0;0.0;0.0;0.006337;0.012674
37088;0.277372;0.423358;0.218978;0.0;0.051095;0.0;0.0;0.0;0.0;0.0;0.0;0.0;0.0;0.0;0.014599;0.014599
37089;0.32;0.42;0.2;0.0;0.06;0.0;0.0;0.0;0.0;0.0;0.0;0.0;0.0;0.0;0.0;0.0
37090;0.319149;0.531915;0.06383;0.0;0.042553;0.0;0.0;0.0;0.0;0.0;0.0;0.0;0.0;0.0;0.0;0.042553
37091;0.168224;0.682243;0.11215;0.0;0.028037;0.0;0.0;0.0;0.0;0.0;0.0;0.0;0.0;0.0;0.009346;0.0
37092;0.252964;0.434124;0.227273;0.0;0.067852;0.0;0.0;0.0;0.0;0.0;0.0;0.0;0.0;0.0;0.006588;0.011199
37096;0.260274;0.547945;0.178082;0.0;0.006849;0.0;0.0;0.0;0.0;0.0;0.0;0.0;0.0;0.0;0.006849;0.0
37097;0.230769;0.576923;0.192308;0.0;0.0;0.0;0.0;0.0;0.0;0.0;0.0;0.0;0.0;0.0;0.0;0.0
37098;0.593909;0.233503;0.13198;0.0;0.020305;0.0;0.0;0.0;0.0;0.0;0.0;0.0;0.0;0.0;0.015228;0.005076
37099;0.363636;0.522727;0.113636;0.0;0.0;0.0;0.0;0.0;0.0;0.0;0.0;0.0;0.0;0.0;0.0;0.0
37100;0.056604;0.830189;0.075472;0.0;0.0;0.0;0.0;0.0;0.0;0.0;0.0;0.0;0.0;0.0;0.037736;0.0
37101;0.135802;0.691358;0.111111;0.0;0.049383;0.0;0.0;0.0;0.0;0.0;0.0;0.0;0.0;0.0;0.012346;0.0
37102;0.275472;0.396226;0.286792;0.0;0.022642;0.0;0.0;0.0;0.0;0.0;0.0;0.0;0.0;0.0;0.011321;0.007547
37103;0.314985;0.452599;0.17737;0.0;0.04893;0.0;0.0;0.0;0.0;0.0;0.0;0.0;0.0;0.0;0.003058;0.003058
37104;0.166667;0.5;0.277778;0.0;0.0;0.0;0.0;0.0;0.0;0.0;0.0;0.0;0.0;0.0;0.0;0.055556
37106;0.194969;0.584906;0.194969;0.0;0.012579;0.0;0.0;0.0;0.0;0.0;0.0;0.0;0.0;0.0;0.0;0.012579
37107;0.2864;0.519983;0.134586;0.0;0.041378;0.0;0.0;0.0;0.0;0.0;0.0;0.0;0.0;0.0;0.005084;0.012569
37108;0.233766;0.519481;0.155844;0.0;0.064935;0.0;0.0;0.0;0.0;0.0;0.0;0.0;0.0;0.0;0.025974;0.0
37109;0.116279;0.627907;0.24031;0.0;0.007752;0.0;0.0;0.0;0.0;0.0;0.0;0.0;0.0;0.0;0.007752;0.0
37110;0.253012;0.457831;0.204819;0.0;0.048193;0.0;0.0;0.0;0.0;0.0;0.0;0.0;0.0;0.0;0.024096;0.012048
37112;0.261905;0.539683;0.174603;0.0;0.015873;0.0;0.0;0.0;0.0;0.0;0.0;0.0;0.0;0.0;0.0;0.007937
37113;0.382353;0.485294;0.106618;0.0;0.018382;0.0;0.0;0.0;0.0;0.0;0.0;0.0;0.0;0.0;0.007353;0.0
37114;0.296875;0.5625;0.109375;0.0;0.015625;0.0;0.0;0.0;0.0;0.0;0.0;0.0;0.0;0.0;0.015625;0.0
37115;0.252747;0.56044;0.164835;0.0;0.021978;0.0;0.0;0.0;0.0;0.0;0.0;0.0;0.0;0.0;0.0;0.0
37116;0.294118;0.45098;0.156863;0.0;0.098039;0.0;0.0;0.0;0.0;0.0;0.0;0.0;0.0;0.0;0.0;0.0
37117;0.264415;0.431631;0.215815;0.0;0.070016;0.0;0.0;0.0;0.0;0.0;0.0;0.0;0.0;0.0;0.004942;0.01318
37118;0.318584;0.371681;0.274336;0.0;0.035398;0.0;0.0;0.0;0.0;0.0;0.0;0.0;0.0;0.0;0.0;0.0
37119;0.590361;0.192771;0.096386;0.0;0.108434;0.0;0.0;0.0;0.0;0.0;0.0;0.0;0.0;0.0;0.012048;0.0
37120;0.320988;0.493827;0.111111;0.0;0.074074;0.0;0.0;0.0;0.0;0.0;0.0;0.0;0.0;0.0;0.0;0.0
37121;0.344578;0.431325;0.180723;0.0;0.033735;0.0;0.0;0.0;0.0;0.0;0.0;0.0;0.0;0.0;0.00241;0.007229
37122;0.349693;0.460123;0.159509;0.0;0.02454;0.0;0.0;0.0;0.0;0.0;0.0;0.0;0.0;0.0;0.006135;0.0
37123;0.094017;0.709402;0.17094;0.0;0.025641;0.0;0.0;0.0;0.0;0.0;0.0;0.0;0.0;0.0;0.0;0.0
37124;0.335484;0.406452;0.180645;0.0;0.064516;0.0;0.0;0.0;0.0;0.0;0.0;0.0;0.0;0.0;0.0;0.012903
37125;0.265537;0.480226;0.19209;0.0;0.045198;0.0;0.0;0.0;0.0;0.0;0.0;0.0;0.0;0.0;0.00565;0.011299
37126;0.107143;0.714286;0.178571;0.0;0.0;0.0;0.0;0.0;0.0;0.0;0.0;0.0;0.0;0.0;0.0;0.0
37127;0.368056;0.416667;0.138889;0.0;0.0625;0.0;0.0;0.0;0.0;0.0;0.0;0.0;0.0;0.0;0.006944;0.006944
37128;0.5;0.388889;0.074074;0.0;0.030864;0.0;0.0;0.0;0.0;0.0;0.0;0.0;0.0;0.0;0.0;0.006173
37129;0.302326;0.383721;0.203488;0.0;0.093023;0.0;0.0;0.0;0.0;0.0;0.0;0.0;0.0;0.0;0.0;0.017442
37130;0.132911;0.658228;0.202532;0.0;0.006329;0.0;0.0;0.0;0.0;0.0;0.0;0.0;0.0;0.0;0.0;0.0
37131;0.263566;0.511628;0.224806;0.0;0.0;0.0;0.0;0.0;0.0;0.0;0.0;0.0;0.0;0.0;0.0;0.0
37132;0.409524;0.466667;0.085714;0.0;0.028571;0.0;0.0;0.0;0.0;0.0;0.0;0.0;0.0;0.0;0.009524;0.0
37133;0.240964;0.433735;0.26506;0.0;0.036145;0.0;0.0;0.0;0.0;0.0;0.0;0.0;0.0;0.0;0.012048;0.012048
37134;0.343066;0.379562;0.189781;0.0;0.080292;0.0;0.0;0.0;0.0;0.0;0.0;0.0;0.0;0.0;0.007299;0.0
37135;0.329009;0.489387;0.146226;0.0;0.025943;0.0;0.0;0.0;0.0;0.0;0.0;0.0;0.0;0.0;0.008255;0.001179
37136;0.358537;0.44878;0.156098;0.0;0.034146;0.0;0.0;0.0;0.0;0.0;0.0;0.0;0.0;0.0;0.002439;0.0
37137;0.039216;0.843137;0.078431;0.0;0.0;0.0;0.0;0.0;0.0;0.0;0.0;0.0;0.0;0.0;0.039216;0.0
37138;0.276471;0.464706;0.229412;0.0;0.023529;0.0;0.0;0.0;0.0;0.0;0.0;0.0;0.0;0.0;0.0;0.005882
37139;0.267857;0.488095;0.184524;0.0;0.059524;0.0;0.0;0.0;0.0;0.0;0.0;0.0;0.0;0.0;0.0;0.0
37140;0.274112;0.535533;0.152284;0.0;0.027919;0.0;0.0;0.0;0.0;0.0;0.0;0.0;0.0;0.0;0.002538;0.007614
37141;0.43;0.41;0.08;0.0;0.03;0.0;0.0;0.0;0.0;0.0;0.0;0.0;0.0;0.0;0.05;0.0
37142;0.297424;0.435597;0.189696;0.0;0.058548;0.0;0.0;0.0;0.0;0.0;0.0;0.0;0.0;0.0;0.007026;0.01171
37143;0.297872;0.450355;0.198582;0.0;0.035461;0.0;0.0;0.0;0.0;0.0;0.0;0.0;0.0;0.0;0.0;0.01773
37144;0.273859;0.477178;0.228216;0.0;0.016598;0.0;0.0;0.0;0.0;0.0;0.0;0.0;0.0;0.0;0.0;0.004149
37145;0.412791;0.412791;0.151163;0.0;0.023256;0.0;0.0;0.0;0.0;0.0;0.0;0.0;0.0;0.0;0.0;0.0
37146;0.170732;0.585366;0.219512;0.0;0.02439;0.0;0.0;0.0;0.0;0.0;0.0;0.0;0.0;0.0;0.0;0.0
37147;0.361702;0.48227;0.06383;0.0;0.078014;0.0;0.0;0.0;0.0;0.0;0.0;0.0;0.0;0.0;0.007092;0.007092
37148;0.143885;0.593525;0.194245;0.0;0.061151;0.0;0.0;0.0;0.0;0.0;0.0;0.0;0.0;0.0;0.003597;0.003597
37149;0.08;0.8;0.12;0.0;0.0;0.0;0.0;0.0;0.0;0.0;0.0;0.0;0.0;0.0;0.0;0.0
37150;0.0;0.961538;0.038462;0.0;0.0;0.0;0.0;0.0;0.0;0.0;0.0;0.0;0.0;0.0;0.0;0.0
37151;0.150442;0.707965;0.132743;0.0;0.00885;0.0;0.0;0.0;0.0;0.0;0.0;0.0;0.0;0.0;0.0;0.0
37152;0.148936;0.574468;0.216312;0.0;0.042553;0.0;0.0;0.0;0.0;0.0;0.0;0.0;0.0;0.0;0.003546;0.014184
37154;0.179775;0.483146;0.258427;0.0;0.05618;0.0;0.0;0.0;0.0;0.0;0.0;0.0;0.0;0.0;0.022472;0.0
37155;0.403846;0.211538;0.326923;0.0;0.057692;0.0;0.0;0.0;0.0;0.0;0.0;0.0;0.0;0.0;0.0;0.0
37156;0.243125;0.522133;0.191482;0.0;0.034541;0.0;0.0;0.0;0.0;0.0;0.0;0.0;0.0;0.0;0.003018;0.005701
37157;0.5;0.283333;0.166667;0.0;0.05;0.0;0.0;0.0;0.0;0.0;0.0;0.0;0.0;0.0;0.0;0.0
37158;0.416667;0.363095;0.083333;0.0;0.095238;0.0;0.0;0.0;0.0;0.0;0.0;0.0;0.0;0.0;0.011905;0.029762
37159;0.265306;0.530612;0.142857;0.0;0.040816;0.0;0.0;0.0;0.0;0.0;0.0;0.0;0.0;0.0;0.0;0.020408
37160;0.287634;0.508065;0.147849;0.0;0.043011;0.0;0.0;0.0;0.0;0.0;0.0;0.0;0.0;0.0;0.010753;0.002688
37161;0.169014;0.422535;0.366197;0.0;0.0;0.0;0.0;0.0;0.0;0.0;0.0;0.0;0.0;0.0;0.014085;0.028169
37162;0.283688;0.496454;0.191489;0.0;0.028369;0.0;0.0;0.0;0.0;0.0;0.0;0.0;0.0;0.0;0.0;0.0
37163;0.12;0.36;0.4;0.0;0.12;0.0;0.0;0.0;0.0;0.0;0.0;0.0;0.0;0.0;0.0;0.0
37164;0.370968;0.387097;0.145161;0.0;0.096774;0.0;0.0;0.0;0.0;0.0;0.0;0.0;0.0;0.0;0.0;0.0
37165;0.0;0.789474;0.157895;0.0;0.052632;0.0;0.0;0.0;0.0;0.0;0.0;0.0;0.0;0.0;0.0;0.0
37166;0.189781;0.613139;0.182482;0.0;0.014599;0.0;0.0;0.0;0.0;0.0;0.0;0.0;0.0;0.0;0.0;0.0
37167;0.515873;0.31746;0.095238;0.0;0.055556;0.0;0.0;0.0;0.0;0.0;0.0;0.0;0.0;0.0;0.0;0.015873
37168;0.320557;0.334495;0.275261;0.0;0.066202;0.0;0.0;0.0;0.0;0.0;0.0;0.0;0.0;0.0;0.003484;0.0
37169;0.353846;0.338462;0.284615;0.0;0.023077;0.0;0.0;0.0;0.0;0.0;0.0;0.0;0.0;0.0;0.0;0.0
37170;0.285408;0.578326;0.100858;0.0;0.026824;0.0;0.0;0.0;0.0;0.0;0.0;0.0;0.0;0.0;0.005365;0.003219
37171;0.17301;0.67128;0.141869;0.0;0.013841;0.0;0.0;0.0;0.0;0.0;0.0;0.0;0.0;0.0;0.0;0.0
37172;0.181655;0.517986;0.219424;0.0;0.052158;0.0;0.0;0.0;0.0;0.0;0.0;0.0;0.0;0.0;0.010791;0.017986
37173;0.350598;0.469124;0.130478;0.0;0.038845;0.0;0.0;0.0;0.0;0.0;0.0;0.0;0.0;0.0;0.00498;0.005976
37174;0.350275;0.472527;0.137363;0.0;0.027473;0.0;0.0;0.0;0.0;0.0;0.0;0.0;0.0;0.0;0.005495;0.006868
37175;0.193103;0.637931;0.124138;0.0;0.034483;0.0;0.0;0.0;0.0;0.0;0.0;0.0;0.0;0.0;0.003448;0.006897
37176;0.36;0.36;0.28;0.0;0.0;0.0;0.0;0.0;0.0;0.0;0.0;0.0;0.0;0.0;0.0;0.0
37177;0.25;0.607143;0.071429;0.0;0.056122;0.0;0.0;0.0;0.0;0.0;0.0;0.0;0.0;0.0;0.0;0.015306
37178;0.19697;0.69697;0.090909;0.0;0.0;0.0;0.0;0.0;0.0;0.0;0.0;0.0;0.0;0.0;0.0;0.015152
37179;0.372093;0.383721;0.186047;0.0;0.040698;0.0;0.0;0.0;0.0;0.0;0.0;0.0;0.0;0.0;0.011628;0.005814
37180;0.354839;0.451613;0.129032;0.0;0.064516;0.0;0.0;0.0;0.0;0.0;0.0;0.0;0.0;0.0;0.0;0.0
37181;0.285714;0.434066;0.263736;0.0;0.010989;0.0;0.0;0.0;0.0;0.0;0.0;0.0;0.0;0.0;0.0;0.005495
37182;0.142857;0.589286;0.25;0.0;0.0;0.0;0.0;0.0;0.0;0.0;0.0;0.0;0.0;0.0;0.0;0.017857
37183;0.341727;0.496403;0.111511;0.0;0.043165;0.0;0.0;0.0;0.0;0.0;0.0;0.0;0.0;0.0;0.0;0.007194
37184;0.275676;0.562162;0.135135;0.0;0.021622;0.0;0.0;0.0;0.0;0.0;0.0;0.0;0.0;0.0;0.0;0.005405
37185;0.194647;0.559611;0.189781;0.0;0.043796;0.0;0.0;0.0;0.0;0.0;0.0;0.0;0.0;0.0;0.002433;0.009732
37186;0.409639;0.506024;0.060241;0.0;0.012048;0.0;0.0;0.0;0.0;0.0;0.0;0.0;0.0;0.0;0.012048;0.0
37187;0.292627;0.502304;0.170507;0.0;0.034562;0.0;0.0;0.0;0.0;0.0;0.0;0.0;0.0;0.0;0.0;0.0
37188;0.326531;0.44898;0.112245;0.0;0.091837;0.0;0.0;0.0;0.0;0.0;0.0;0.0;0.0;0.0;0.010204;0.010204
37189;0.304878;0.439024;0.170732;0.0;0.060976;0.0;0.0;0.0;0.0;0.0;0.0;0.0;0.0;0.0;0.012195;0.012195
37190;0.246479;0.661972;0.06338;0.0;0.014085;0.0;0.0;0.0;0.0;0.0;0.0;0.0;0.0;0.0;0.007042;0.007042
37191;0.268657;0.61194;0.089552;0.0;0.029851;0.0;0.0;0.0;0.0;0.0;0.0;0.0;0.0;0.0;0.0;0.0
37192;0.186147;0.341991;0.164502;0.0;0.290043;0.0;0.0;0.0;0.0;0.0;0.0;0.0;0.0;0.0;0.0;0.017316
37193;0.416031;0.358779;0.152672;0.0;0.057252;0.0;0.0;0.0;0.0;0.0;0.0;0.0;0.0;0.0;0.007634;0.007634
37194;0.460606;0.412121;0.060606;0.0;0.054545;0.0;0.0;0.0;0.0;0.0;0.0;0.0;0.0;0.0;0.0;0.012121
37195;0.62963;0.111111;0.037037;0.0;0.148148;0.0;0.0;0.0;0.0;0.0;0.0;0.0;0.0;0.0;0.0;0.074074
37196;0.272727;0.0;0.090909;0.0;0.022727;0.0;0.0;0.0;0.0;0.0;0.0;0.0;0.0;0.0;0.0;0.613636
37197;0.283333;0.5;0.2;0.0;0.016667;0.0;0.0;0.0;0.0;0.0;0.0;0.0;0.0;0.0;0.0;0.0
37198;0.417178;0.435583;0.067485;0.0;0.030675;0.0;0.0;0.0;0.0;0.0;0.0;0.0;0.0;0.0;0.018405;0.030675
37199;0.315217;0.478261;0.130435;0.0;0.021739;0.0;0.0;0.0;0.0;0.0;0.0;0.0;0.0;0.0;0.021739;0.032609
37200;0.241135;0.531915;0.163121;0.0;0.028369;0.0;0.0;0.0;0.0;0.0;0.0;0.0;0.0;0.0;0.021277;0.014184
37201;0.274725;0.434066;0.197802;0.0;0.065934;0.0;0.0;0.0;0.0;0.0;0.0;0.0;0.0;0.0;0.021978;0.005495
37202;0.323714;0.429109;0.160602;0.0;0.069009;0.0;0.0;0.0;0.0;0.0;0.0;0.0;0.0;0.0;0.007528;0.010038
37203;0.324074;0.481481;0.12037;0.0;0.055556;0.0;0.0;0.0;0.0;0.0;0.0;0.0;0.0;0.0;0.0;0.018519
37204;0.218935;0.556213;0.04142;0.0;0.0;0.0;0.0;0.0;0.0;0.0;0.0;0.0;0.0;0.0;0.0;0.183432
37205;0.360947;0.366864;0.177515;0.0;0.088757;0.0;0.0;0.0;0.0;0.0;0.0;0.0;0.0;0.0;0.0;0.005917
37206;0.35;0.483333;0.133333;0.0;0.016667;0.0;0.0;0.0;0.0;0.0;0.0;0.0;0.0;0.0;0.0;0.016667
37207;0.168966;0.465517;0.289655;0.0;0.048276;0.0;0.0;0.0;0.0;0.0;0.0;0.0;0.0;0.0;0.010345;0.017241
37208;0.298246;0.596491;0.052632;0.0;0.052632;0.0;0.0;0.0;0.0;0.0;0.0;0.0;0.0;0.0;0.0;0.0
37209;0.446203;0.272152;0.170886;0.0;0.085443;0.0;0.0;0.0;0.0;0.0;0.0;0.0;0.0;0.0;0.009494;0.015823
37211;0.183673;0.598639;0.163265;0.0;0.047619;0.0;0.0;0.0;0.0;0.0;0.0;0.0;0.0;0.0;0.0;0.006803
37212;0.210526;0.473684;0.221053;0.0;0.094737;0.0;0.0;0.0;0.0;0.0;0.0;0.0;0.0;0.0;0.0;0.0
37213;0.21875;0.46875;0.15625;0.0;0.03125;0.0;0.0;0.0;0.0;0.0;0.0;0.0;0.0;0.0;0.0;0.125
37214;0.220779;0.467532;0.246753;0.0;0.064935;0.0;0.0;0.0;0.0;0.0;0.0;0.0;0.0;0.0;0.0;0.0
37215;0.361111;0.388889;0.138889;0.0;0.074074;0.0;0.0;0.0;0.0;0.0;0.0;0.0;0.0;0.0;0.027778;0.009259
37216;0.255605;0.591928;0.134529;0.0;0.008969;0.0;0.0;0.0;0.0;0.0;0.0;0.0;0.0;0.0;0.004484;0.004484
37217;0.488372;0.325581;0.116279;0.0;0.069767;0.0;0.0;0.0;0.0;0.0;0.0;0.0;0.0;0.0;0.0;0.0
37218;0.033333;0.8;0.133333;0.0;0.0;0.0;0.0;0.0;0.0;0.0;0.0;0.0;0.0;0.0;0.033333;0.0
37219;0.282828;0.424242;0.171717;0.0;0.090909;0.0;0.0;0.0;0.0;0.0;0.0;0.0;0.0;0.0;0.020202;0.010101
37221;0.506173;0.399177;0.069959;0.0;0.020576;0.0;0.0;0.0;0.0;0.0;0.0;0.0;0.0;0.0;0.004115;0.0
37222;0.224138;0.5;0.189655;0.0;0.086207;0.0;0.0;0.0;0.0;0.0;0.0;0.0;0.0;0.0;0.0;0.0
37223;0.361111;0.541667;0.069444;0.0;0.013889;0.0;0.0;0.0;0.0;0.0;0.0;0.0;0.0;0.0;0.013889;0.0
37224;0.164384;0.684932;0.116438;0.0;0.034247;0.0;0.0;0.0;0.0;0.0;0.0;0.0;0.0;0.0;0.0;0.0
37225;0.255814;0.569767;0.116279;0.0;0.011628;0.0;0.0;0.0;0.0;0.0;0.0;0.0;0.0;0.0;0.011628;0.034884
37226;0.198276;0.655172;0.146552;0.0;0.0;0.0;0.0;0.0;0.0;0.0;0.0;0.0;0.0;0.0;0.0;0.0
37228;0.371901;0.433884;0.128099;0.0;0.041322;0.0;0.0;0.0;0.0;0.0;0.0;0.0;0.0;0.0;0.020661;0.004132
37229;0.126214;0.582524;0.203883;0.0;0.058252;0.0;0.0;0.0;0.0;0.0;0.0;0.0;0.0;0.0;0.009709;0.019417
37230;0.367232;0.39548;0.19209;0.0;0.045198;0.0;0.0;0.0;0.0;0.0;0.0;0.0;0.0;0.0;0.0;0.0
37231;0.294444;0.483333;0.133333;0.0;0.061111;0.0;0.0;0.0;0.0;0.0;0.0;0.0;0.0;0.0;0.022222;0.005556
37232;0.222222;0.626543;0.104938;0.0;0.04321;0.0;0.0;0.0;0.0;0.0;0.0;0.0;0.0;0.0;0.003086;0.0
37233;0.575;0.325;0.05;0.0;0.025;0.0;0.0;0.0;0.0;0.0;0.0;0.0;0.0;0.0;0.025;0.0
37234;0.361607;0.486607;0.116071;0.0;0.022321;0.0;0.0;0.0;0.0;0.0;0.0;0.0;0.0;0.0;0.004464;0.008929
37235;0.275641;0.455128;0.25;0.0;0.019231;0.0;0.0;0.0;0.0;0.0;0.0;0.0;0.0;0.0;0.0;0.0
37236;0.192308;0.538462;0.205128;0.0;0.051282;0.0;0.0;0.0;0.0;0.0;0.0;0.0;0.0;0.0;0.0;0.012821
37237;0.326923;0.379808;0.216346;0.0;0.076923;0.0;0.0;0.0;0.0;0.0;0.0;0.0;0.0;0.0;0.0;0.0
37238;0.340659;0.417582;0.076923;0.0;0.120879;0.0;0.0;0.0;0.0;0.0;0.0;0.0;0.0;0.0;0.0;0.043956
37239;0.313253;0.481928;0.060241;0.0;0.10241;0.0;0.0;0.0;0.0;0.0;0.0;0.0;0.0;0.0;0.03012;0.012048
37240;0.232404;0.439575;0.232404;0.0;0.074369;0.0;0.0;0.0;0.0;0.0;0.0;0.0;0.0;0.0;0.01328;0.007968
37241;0.188034;0.589744;0.188034;0.0;0.025641;0.0;0.0;0.0;0.0;0.0;0.0;0.0;0.0;0.0;0.0;0.008547
37242;0.306452;0.5;0.16129;0.0;0.032258;0.0;0.0;0.0;0.0;0.0;0.0;0.0;0.0;0.0;0.0;0.0
37243;0.087719;0.684211;0.175439;0.0;0.035088;0.0;0.0;0.0;0.0;0.0;0.0;0.0;0.0;0.0;0.0;0.017544
37244;0.216216;0.531532;0.126126;0.0;0.09009;0.0;0.0;0.0;0.0;0.0;0.0;0.0;0.0;0.0;0.018018;0.018018
37245;0.425339;0.470588;0.072398;0.0;0.027149;0.0;0.0;0.0;0.0;0.0;0.0;0.0;0.0;0.0;0.0;0.004525
37246;0.354301;0.464785;0.125;0.0;0.042204;0.0;0.0;0.0;0.0;0.0;0.0;0.0;0.0;0.0;0.006452;0.007258
37247;0.190476;0.47619;0.272109;0.0;0.047619;0.0;0.0;0.0;0.0;0.0;0.0;0.0;0.0;0.0;0.013605;0.0
37248;0.223214;0.517857;0.214286;0.0;0.035714;0.0;0.0;0.0;0.0;0.0;0.0;0.0;0.0;0.0;0.0;0.008929
37249;0.333333;0.466667;0.2;0.0;0.0;0.0;0.0;0.0;0.0;0.0;0.0;0.0;0.0;0.0;0.0;0.0
37250;0.443966;0.392241;0.090517;0.0;0.068966;0.0;0.0;0.0;0.0;0.0;0.0;0.0;0.0;0.0;0.0;0.00431
37251;0.134146;0.597561;0.231707;0.0;0.02439;0.0;0.0;0.0;0.0;0.0;0.0;0.0;0.0;0.0;0.0;0.012195
37252;0.148649;0.554054;0.27027;0.0;0.013514;0.0;0.0;0.0;0.0;0.0;0.0;0.0;0.0;0.0;0.013514;0.0
37253;0.363636;0.390909;0.2;0.0;0.036364;0.0;0.0;0.0;0.0;0.0;0.0;0.0;0.0;0.0;0.009091;0.0
37254;0.330986;0.464789;0.161972;0.0;0.014085;0.0;0.0;0.0;0.0;0.0;0.0;0.0;0.0;0.0;0.014085;0.014085
37255;0.219512;0.512195;0.268293;0.0;0.0;0.0;0.0;0.0;0.0;0.0;0.0;0.0;0.0;0.0;0.0;0.0
37256;0.307143;0.471429;0.157143;0.0;0.028571;0.0;0.0;0.0;0.0;0.0;0.0;0.0;0.0;0.0;0.021429;0.014286
37257;0.111111;0.666667;0.138889;0.0;0.083333;0.0;0.0;0.0;0.0;0.0;0.0;0.0;0.0;0.0;0.0;0.0
37258;0.264368;0.586207;0.149425;0.0;0.0;0.0;0.0;0.0;0.0;0.0;0.0;0.0;0.0;0.0;0.0;0.0
37259;0.2;0.64;0.08;0.0;0.08;0.0;0.0;0.0;0.0;0.0;0.0;0.0;0.0;0.0;0.0;0.0
37260;0.41;0.35;0.15;0.0;0.07;0.0;0.0;0.0;0.0;0.0;0.0;0.0;0.0;0.0;0.01;0.01
37261;0.285714;0.434524;0.196429;0.0;0.029762;0.0;0.0;0.0;0.0;0.0;0.0;0.0;0.0;0.0;0.053571;0.0
37262;0.017857;0.625;0.357143;0.0;0.0;0.0;0.0;0.0;0.0;0.0;0.0;0.0;0.0;0.0;0.0;0.0
37263;0.38843;0.404959;0.107438;0.0;0.095041;0.0;0.0;0.0;0.0;0.0;0.0;0.0;0.0;0.0;0.0;0.004132
37264;0.25;0.45;0.225;0.0;0.075;0.0;0.0;0.0;0.0;0.0;0.0;0.0;0.0;0.0;0.0;0.0
37265;0.490446;0.33121;0.140127;0.0;0.038217;0.0;0.0;0.0;0.0;0.0;0.0;0.0;0.0;0.0;0.0;0.0
37266;0.25;0.638889;0.055556;0.0;0.027778;0.0;0.0;0.0;0.0;0.0;0.0;0.0;0.0;0.0;0.0;0.027778
37267;0.304688;0.46875;0.148438;0.0;0.078125;0.0;0.0;0.0;0.0;0.0;0.0;0.0;0.0;0.0;0.0;0.0
37268;0.21875;0.625;0.125;0.0;0.0;0.0;0.0;0.0;0.0;0.0;0.0;0.0;0.0;0.0;0.015625;0.015625
37269;0.359477;0.408497;0.166667;0.0;0.052288;0.0;0.0;0.0;0.0;0.0;0.0;0.0;0.0;0.0;0.0;0.013072
37270;0.225564;0.578947;0.172932;0.0;0.007519;0.0;0.0;0.0;0.0;0.0;0.0;0.0;0.0;0.0;0.007519;0.007519
37271;0.322835;0.5;0.145669;0.0;0.019685;0.0;0.0;0.0;0.0;0.0;0.0;0.0;0.0;0.0;0.003937;0.007874
37272;0.326923;0.442308;0.192308;0.0;0.0;0.0;0.0;0.0;0.0;0.0;0.0;0.0;0.0;0.0;0.009615;0.028846
37273;0.175439;0.631579;0.157895;0.0;0.035088;0.0;0.0;0.0;0.0;0.0;0.0;0.0;0.0;0.0;0.0;0.0
37274;0.324738;0.46804;0.127458;0.0;0.064647;0.0;0.0;0.0;0.0;0.0;0.0;0.0;0.0;0.0;0.004559;0.010559
37275;0.464789;0.450704;0.042254;0.0;0.028169;0.0;0.0;0.0;0.0;0.0;0.0;0.0;0.0;0.0;0.014085;0.0
37276;0.284091;0.534091;0.136364;0.0;0.022727;0.0;0.0;0.0;0.0;0.0;0.0;0.0;0.0;0.0;0.0;0.022727
37277;0.266667;0.516667;0.2;0.0;0.016667;0.0;0.0;0.0;0.0;0.0;0.0;0.0;0.0;0.0;0.0;0.0
37278;0.242812;0.429712;0.22524;0.0;0.086262;0.0;0.0;0.0;0.0;0.0;0.0;0.0;0.0;0.0;0.009585;0.00639
37279;0.269618;0.501006;0.156942;0.0;0.062374;0.0;0.0;0.0;0.0;0.0;0.0;0.0;0.0;0.0;0.008048;0.002012
37280;0.153846;0.692308;0.134615;0.0;0.0;0.0;0.0;0.0;0.0;0.0;0.0;0.0;0.0;0.0;0.0;0.019231
37281;0.407407;0.518519;0.037037;0.0;0.037037;0.0;0.0;0.0;0.0;0.0;0.0;0.0;0.0;0.0;0.0;0.0
37282;0.350365;0.394161;0.211679;0.0;0.043796;0.0;0.0;0.0;0.0;0.0;0.0;0.0;0.0;0.0;0.0;0.0
37283;0.3;0.5;0.188889;0.0;0.011111;0.0;0.0;0.0;0.0;0.0;0.0;0.0;0.0;0.0;0.0;0.0
37284;0.33195;0.46888;0.107884;0.0;0.074689;0.0;0.0;0.0;0.0;0.0;0.0;0.0;0.0;0.0;0.004149;0.012448
37285;0.353846;0.45;0.130769;0.0;0.061538;0.0;0.0;0.0;0.0;0.0;0.0;0.0;0.0;0.0;0.0;0.003846
37286;0.359551;0.365169;0.101124;0.0;0.174157;0.0;0.0;0.0;0.0;0.0;0.0;0.0;0.0;0.0;0.0;0.0
37287;0.180851;0.611702;0.159574;0.0;0.047872;0.0;0.0;0.0;0.0;0.0;0.0;0.0;0.0;0.0;0.0;0.0
37288;0.259091;0.527273;0.181818;0.0;0.031818;0.0;0.0;0.0;0.0;0.0;0.0;0.0;0.0;0.0;0.0;0.0
37289;0.224638;0.608696;0.123188;0.0;0.021739;0.0;0.0;0.0;0.0;0.0;0.0;0.0;0.0;0.0;0.007246;0.014493
37290;0.232759;0.551724;0.146552;0.0;0.068966;0.0;0.0;0.0;0.0;0.0;0.0;0.0;0.0;0.0;0.0;0.0
37291;0.343137;0.387255;0.22549;0.0;0.044118;0.0;0.0;0.0;0.0;0.0;0.0;0.0;0.0;0.0;0.0;0.0
37292;0.096774;0.645161;0.193548;0.0;0.032258;0.0;0.0;0.0;0.0;0.0;0.0;0.0;0.0;0.0;0.0;0.032258
37293;0.176471;0.661765;0.117647;0.0;0.029412;0.0;0.0;0.0;0.0;0.0;0.0;0.0;0.0;0.0;0.0;0.014706
37294;0.31133;0.454237;0.150983;0.0;0.068001;0.0;0.0;0.0;0.0;0.0;0.0;0.0;0.0;0.0;0.004682;0.010768
37296;0.439252;0.448598;0.084112;0.0;0.023364;0.0;0.0;0.0;0.0;0.0;0.0;0.0;0.0;0.0;0.0;0.004673
37297;0.281646;0.531646;0.139241;0.0;0.037975;0.0;0.0;0.0;0.0;0.0;0.0;0.0;0.0;0.0;0.006329;0.003165
37298;0.3;0.46;0.16;0.0;0.08;0.0;0.0;0.0;0.0;0.0;0.0;0.0;0.0;0.0;0.0;0.0
37299;0.20625;0.575;0.1875;0.0;0.0125;0.0;0.0;0.0;0.0;0.0;0.0;0.0;0.0;0.0;0.0;0.01875
37300;0.387268;0.387268;0.127321;0.0;0.076923;0.0;0.0;0.0;0.0;0.0;0.0;0.0;0.0;0.0;0.007958;0.013263
37301;0.240964;0.638554;0.096386;0.0;0.024096;0.0;0.0;0.0;0.0;0.0;0.0;0.0;0.0;0.0;0.0;0.0
37302;0.298851;0.551724;0.143678;0.0;0.005747;0.0;0.0;0.0;0.0;0.0;0.0;0.0;0.0;0.0;0.0;0.0
37303;0.29927;0.525547;0.138686;0.0;0.036496;0.0;0.0;0.0;0.0;0.0;0.0;0.0;0.0;0.0;0.0;0.0
37304;0.329787;0.542553;0.117021;0.0;0.010638;0.0;0.0;0.0;0.0;0.0;0.0;0.0;0.0;0.0;0.0;0.0
37305;0.301282;0.403846;0.217949;0.0;0.064103;0.0;0.0;0.0;0.0;0.0;0.0;0.0;0.0;0.0;0.00641;0.00641
37306;0.138554;0.656627;0.174699;0.0;0.03012;0.0;0.0;0.0;0.0;0.0;0.0;0.0;0.0;0.0;0.0;0.0
37307;0.141176;0.647059;0.176471;0.0;0.023529;0.0;0.0;0.0;0.0;0.0;0.0;0.0;0.0;0.0;0.011765;0.0
37309;0.185185;0.518519;0.148148;0.0;0.0;0.0;0.0;0.0;0.0;0.0;0.0;0.0;0.0;0.0;0.074074;0.074074
37310;0.217391;0.66087;0.052174;0.0;0.069565;0.0;0.0;0.0;0.0;0.0;0.0;0.0;0.0;0.0;0.0;0.0
37311;0.290076;0.541985;0.099237;0.0;0.030534;0.0;0.0;0.0;0.0;0.0;0.0;0.0;0.0;0.0;0.030534;0.007634
37312;0.267327;0.524752;0.153465;0.0;0.029703;0.0;0.0;0.0;0.0;0.0;0.0;0.0;0.0;0.0;0.00495;0.019802
37313;0.292105;0.460526;0.234211;0.0;0.013158;0.0;0.0;0.0;0.0;0.0;0.0;0.0;0.0;0.0;0.0;0.0
37314;0.191176;0.573529;0.205882;0.0;0.029412;0.0;0.0;0.0;0.0;0.0;0.0;0.0;0.0;0.0;0.0;0.0
37315;0.193548;0.677419;0.096774;0.0;0.032258;0.0;0.0;0.0;0.0;0.0;0.0;0.0;0.0;0.0;0.0;0.0
37316;0.23133;0.533698;0.198543;0.0;0.020036;0.0;0.0;0.0;0.0;0.0;0.0;0.0;0.0;0.0;0.007286;0.009107
37317;0.331683;0.50495;0.138614;0.0;0.024752;0.0;0.0;0.0;0.0;0.0;0.0;0.0;0.0;0.0;0.0;0.0
37318;0.203947;0.611842;0.105263;0.0;0.059211;0.0;0.0;0.0;0.0;0.0;0.0;0.0;0.0;0.0;0.013158;0.006579
37319;0.38806;0.298507;0.253731;0.0;0.014925;0.0;0.0;0.0;0.0;0.0;0.0;0.0;0.0;0.0;0.029851;0.014925
37320;0.20339;0.491525;0.288136;0.0;0.0;0.0;0.0;0.0;0.0;0.0;0.0;0.0;0.0;0.0;0.0;0.016949
37321;0.339623;0.5;0.122642;0.0;0.037736;0.0;0.0;0.0;0.0;0.0;0.0;0.0;0.0;0.0;0.0;0.0
37322;0.355556;0.363175;0.172698;0.0;0.093333;0.0;0.0;0.0;0.0;0.0;0.0;0.0;0.0;0.0;0.00381;0.011429
37323;0.234463;0.550847;0.19209;0.0;0.014124;0.0;0.0;0.0;0.0;0.0;0.0;0.0;0.0;0.0;0.0;0.008475
37324;0.304527;0.522634;0.156379;0.0;0.00823;0.0;0.0;0.0;0.0;0.0;0.0;0.0;0.0;0.0;0.00823;0.0
37325;0.295775;0.492958;0.169014;0.0;0.028169;0.0;0.0;0.0;0.0;0.0;0.0;0.0;0.0;0.0;0.0;0.014085
37327;0.369863;0.438356;0.143836;0.0;0.034247;0.0;0.0;0.0;0.0;0.0;0.0;0.0;0.0;0.0;0.006849;0.006849
37328;0.365385;0.317308;0.182692;0.0;0.115385;0.0;0.0;0.0;0.0;0.0;0.0;0.0;0.0;0.0;0.009615;0.009615
37329;0.125;0.59375;0.28125;0.0;0.0;0.0;0.0;0.0;0.0;0.0;0.0;0.0;0.0;0.0;0.0;0.0
37330;0.294118;0.466063;0.20362;0.0;0.022624;0.0;0.0;0.0;0.0;0.0;0.0;0.0;0.0;0.0;0.004525;0.00905
37331;0.163793;0.586207;0.206897;0.0;0.034483;0.0;0.0;0.0;0.0;0.0;0.0;0.0;0.0;0.0;0.0;0.008621
37332;0.176471;0.431373;0.333333;0.0;0.0;0.0;0.0;0.0;0.0;0.0;0.0;0.0;0.0;0.0;0.0;0.058824
37333;0.262712;0.491525;0.220339;0.0;0.025424;0.0;0.0;0.0;0.0;0.0;0.0;0.0;0.0;0.0;0.0;0.0
37334;0.136364;0.25;0.613636;0.0;0.0;0.0;0.0;0.0;0.0;0.0;0.0;0.0;0.0;0.0;0.0;0.0
37335;0.195035;0.531915;0.251773;0.0;0.021277;0.0;0.0;0.0;0.0;0.0;0.0;0.0;0.0;0.0;0.0;0.0
37336;0.309524;0.595238;0.02381;0.0;0.0;0.0;0.0;0.0;0.0;0.0;0.0;0.0;0.0;0.0;0.047619;0.02381
37337;0.029703;0.70297;0.247525;0.0;0.009901;0.0;0.0;0.0;0.0;0.0;0.0;0.0;0.0;0.0;0.009901;0.0
37338;0.153846;0.615385;0.169231;0.0;0.046154;0.0;0.0;0.0;0.0;0.0;0.0;0.0;0.0;0.0;0.0;0.015385
37339;0.285714;0.495536;0.196429;0.0;0.017857;0.0;0.0;0.0;0.0;0.0;0.0;0.0;0.0;0.0;0.0;0.004464
37340;0.105882;0.694118;0.188235;0.0;0.011765;0.0;0.0;0.0;0.0;0.0;0.0;0.0;0.0;0.0;0.0;0.0
37341;0.21875;0.5625;0.15625;0.0;0.03125;0.0;0.0;0.0;0.0;0.0;0.0;0.0;0.0;0.0;0.0;0.03125
37342;0.331633;0.494898;0.117347;0.0;0.020408;0.0;0.0;0.0;0.0;0.0;0.0;0.0;0.0;0.0;0.010204;0.02551
37343;0.357143;0.261905;0.214286;0.0;0.142857;0.0;0.0;0.0;0.0;0.0;0.0;0.0;0.0;0.0;0.0;0.02381
37344;0.31677;0.447205;0.149068;0.0;0.043478;0.0;0.0;0.0;0.0;0.0;0.0;0.0;0.0;0.0;0.037267;0.006211
37345;0.356522;0.469565;0.13913;0.0;0.017391;0.0;0.0;0.0;0.0;0.0;0.0;0.0;0.0;0.0;0.008696;0.008696
37346;0.202899;0.666667;0.101449;0.0;0.019324;0.0;0.0;0.0;0.0;0.0;0.0;0.0;0.0;0.0;0.0;0.009662
37347;0.287356;0.442529;0.163793;0.0;0.091954;0.0;0.0;0.0;0.0;0.0;0.0;0.0;0.0;0.0;0.002874;0.011494
37348;0.176471;0.564706;0.223529;0.0;0.035294;0.0;0.0;0.0;0.0;0.0;0.0;0.0;0.0;0.0;0.0;0.0
37349;0.125;0.625;0.138889;0.0;0.027778;0.0;0.0;0.0;0.0;0.0;0.0;0.0;0.0;0.0;0.083333;0.0
37350;0.208029;0.572993;0.186131;0.0;0.018248;0.0;0.0;0.0;0.0;0.0;0.0;0.0;0.0;0.0;0.00365;0.010949
37351;0.214286;0.428571;0.125;0.0;0.0;0.0;0.0;0.0;0.0;0.0;0.0;0.0;0.0;0.0;0.232143;0.0
37352;0.236486;0.459459;0.27027;0.0;0.006757;0.0;0.0;0.0;0.0;0.0;0.0;0.0;0.0;0.0;0.006757;0.02027
37353;0.340909;0.477273;0.159091;0.0;0.022727;0.0;0.0;0.0;0.0;0.0;0.0;0.0;0.0;0.0;0.0;0.0
37354;0.295487;0.432779;0.187648;0.0;0.069121;0.0;0.0;0.0;0.0;0.0;0.0;0.0;0.0;0.0;0.004276;0.010689
37355;0.25641;0.42735;0.17094;0.0;0.059829;0.0;0.0;0.0;0.0;0.0;0.0;0.0;0.0;0.0;0.059829;0.025641
37356;0.357143;0.557143;0.071429;0.0;0.014286;0.0;0.0;0.0;0.0;0.0;0.0;0.0;0.0;0.0;0.0;0.0
37357;0.346154;0.516484;0.093407;0.0;0.027473;0.0;0.0;0.0;0.0;0.0;0.0;0.0;0.0;0.0;0.005495;0.010989
37358;0.132812;0.703125;0.132812;0.0;0.023438;0.0;0.0;0.0;0.0;0.0;0.0;0.0;0.0;0.0;0.007812;0.0
37359;0.189189;0.603604;0.135135;0.0;0.027027;0.0;0.0;0.0;0.0;0.0;0.0;0.0;0.0;0.0;0.0;0.045045
37360;0.333333;0.51773;0.113475;0.0;0.021277;0.0;0.0;0.0;0.0;0.0;0.0;0.0;0.0;0.0;0.007092;0.007092
37361;0.166667;0.574074;0.259259;0.0;0.0;0.0;0.0;0.0;0.0;0.0;0.0;0.0;0.0;0.0;0.0;0.0
37362;0.249793;0.468707;0.196581;0.0;0.065619;0.0;0.0;0.0;0.0;0.0;0.0;0.0;0.0;0.0;0.004411;0.014888
37363;0.315068;0.479452;0.178082;0.0;0.027397;0.0;0.0;0.0;0.0;0.0;0.0;0.0;0.0;0.0;0.0;0.0
37364;0.319846;0.510597;0.111753;0.0;0.032755;0.0;0.0;0.0;0.0;0.0;0.0;0.0;0.0;0.0;0.007707;0.017341
37365;0.223214;0.598214;0.133929;0.0;0.044643;0.0;0.0;0.0;0.0;0.0;0.0;0.0;0.0;0.0;0.0;0.0
37366;0.352941;0.441176;0.147059;0.0;0.058824;0.0;0.0;0.0;0.0;0.0;0.0;0.0;0.0;0.0;0.0;0.0
37367;0.178295;0.658915;0.124031;0.0;0.023256;0.0;0.0;0.0;0.0;0.0;0.0;0.0;0.0;0.0;0.015504;0.0
37368;0.166667;0.833333;0.0;0.0;0.0;0.0;0.0;0.0;0.0;0.0;0.0;0.0;0.0;0.0;0.0;0.0
37369;0.359551;0.438202;0.157303;0.0;0.044944;0.0;0.0;0.0;0.0;0.0;0.0;0.0;0.0;0.0;0.0;0.0
37370;0.194093;0.531646;0.160338;0.0;0.033755;0.0;0.0;0.0;0.0;0.0;0.0;0.0;0.0;0.0;0.067511;0.012658
37371;0.320755;0.484277;0.18239;0.0;0.012579;0.0;0.0;0.0;0.0;0.0;0.0;0.0;0.0;0.0;0.0;0.0
37372;0.355769;0.461538;0.125;0.0;0.057692;0.0;0.0;0.0;0.0;0.0;0.0;0.0;0.0;0.0;0.0;0.0
37373;0.455982;0.374718;0.092551;0.0;0.069977;0.0;0.0;0.0;0.0;0.0;0.0;0.0;0.0;0.0;0.004515;0.002257
37374;0.333333;0.460094;0.165493;0.0;0.03169;0.0;0.0;0.0;0.0;0.0;0.0;0.0;0.0;0.0;0.004695;0.004695
37375;0.479691;0.4294;0.061896;0.0;0.027079;0.0;0.0;0.0;0.0;0.0;0.0;0.0;0.0;0.0;0.0;0.001934
37376;0.276389;0.545139;0.148611;0.0;0.01875;0.0;0.0;0.0;0.0;0.0;0.0;0.0;0.0;0.0;0.004167;0.006944
37377;0.234637;0.553073;0.134078;0.0;0.027933;0.0;0.0;0.0;0.0;0.0;0.0;0.0;0.0;0.0;0.022346;0.027933
37378;0.489796;0.428571;0.081633;0.0;0.0;0.0;0.0;0.0;0.0;0.0;0.0;0.0;0.0;0.0;0.0;0.0
37379;0.244444;0.444444;0.259259;0.0;0.022222;0.0;0.0;0.0;0.0;0.0;0.0;0.0;0.0;0.0;0.022222;0.007407
37380;0.380952;0.285714;0.214286;0.0;0.119048;0.0;0.0;0.0;0.0;0.0;0.0;0.0;0.0;0.0;0.0;0.0
37381;0.162162;0.657658;0.108108;0.0;0.036036;0.0;0.0;0.0;0.0;0.0;0.0;0.0;0.0;0.0;0.018018;0.018018
37382;0.430769;0.461538;0.069231;0.0;0.023077;0.0;0.0;0.0;0.0;0.0;0.0;0.0;0.0;0.0;0.007692;0.007692
38001;0.35703;0.393409;0.0;0.0;0.106678;0.0;0.0;0.0;0.0;0.0;0.0;0.118717;0.0;0.0;0.0;0.024165
38002;0.475;0.298438;0.0;0.0;0.067188;0.0;0.0;0.0;0.0;0.0;0.0;0.148438;0.0;0.0;0.0;0.010938
38003;0.442523;0.361139;0.0;0.0;0.083418;0.0;0.0;0.0;0.0;0.0;0.0;0.095626;0.0;0.0;0.0;0.017294
38004;0.338748;0.351946;0.0;0.0;0.121489;0.0;0.0;0.0;0.0;0.0;0.0;0.162098;0.0;0.0;0.0;0.025719
38005;0.403359;0.279392;0.0;0.0;0.094108;0.0;0.0;0.0;0.0;0.0;0.0;0.186883;0.0;0.0;0.0;0.036257
38006;0.341536;0.398083;0.0;0.0;0.104014;0.0;0.0;0.0;0.0;0.0;0.0;0.126411;0.0;0.0;0.0;0.029955
38007;0.320071;0.387268;0.0;0.0;0.043324;0.0;0.0;0.0;0.0;0.0;0.0;0.229001;0.0;0.0;0.0;0.020336
38008;0.320759;0.292653;0.0;0.0;0.073471;0.0;0.0;0.0;0.0;0.0;0.0;0.29783;0.0;0.0;0.0;0.015286
38009;0.287305;0.375119;0.0;0.0;0.089723;0.0;0.0;0.0;0.0;0.0;0.0;0.235444;0.0;0.0;0.0;0.012409
38010;0.448195;0.326138;0.0;0.0;0.118524;0.0;0.0;0.0;0.0;0.0;0.0;0.090659;0.0;0.0;0.0;0.016484
38011;0.330763;0.393368;0.0;0.0;0.122546;0.0;0.0;0.0;0.0;0.0;0.0;0.128225;0.0;0.0;0.0;0.025098
38012;0.395477;0.301956;0.0;0.0;0.126528;0.0;0.0;0.0;0.0;0.0;0.0;0.156479;0.0;0.0;0.0;0.01956
38013;0.244136;0.385352;0.0;0.0;0.078506;0.0;0.0;0.0;0.0;0.0;0.0;0.270464;0.0;0.0;0.0;0.021541
38014;0.269392;0.278826;0.0;0.0;0.092243;0.0;0.0;0.0;0.0;0.0;0.0;0.341719;0.0;0.0;0.0;0.01782
38015;0.324244;0.341053;0.0;0.0;0.069481;0.0;0.0;0.0;0.0;0.0;0.0;0.240568;0.0;0.0;0.0;0.024654
38016;0.359307;0.36075;0.0;0.0;0.103896;0.0;0.0;0.0;0.0;0.0;0.0;0.150072;0.0;0.0;0.0;0.025974
38017;0.341668;0.362477;0.0;0.0;0.108519;0.0;0.0;0.0;0.0;0.0;0.0;0.155395;0.0;0.0;0.0;0.03194
38018;0.319892;0.357845;0.0;0.0;0.077262;0.0;0.0;0.0;0.0;0.0;0.0;0.223653;0.0;0.0;0.0;0.021349
38019;0.377522;0.357829;0.0;0.0;0.056436;0.0;0.0;0.0;0.0;0.0;0.0;0.188401;0.0;0.0;0.0;0.019813
38020;0.320575;0.354565;0.0;0.0;0.129392;0.0;0.0;0.0;0.0;0.0;0.0;0.168047;0.0;0.0;0.0;0.027421
38021;0.347208;0.387817;0.0;0.0;0.063959;0.0;0.0;0.0;0.0;0.0;0.0;0.169543;0.0;0.0;0.0;0.031472
38022;0.314204;0.401623;0.0;0.0;0.06684;0.0;0.0;0.0;0.0;0.0;0.0;0.199682;0.0;0.0;0.0;0.017651
38023;0.352076;0.314351;0.0;0.0;0.149083;0.0;0.0;0.0;0.0;0.0;0.0;0.154071;0.0;0.0;0.0;0.030419
38024;0.273347;0.350335;0.0;0.0;0.071238;0.0;0.0;0.0;0.0;0.0;0.0;0.288894;0.0;0.0;0.0;0.016186
38025;0.37944;0.368993;0.0;0.0;0.07898;0.0;0.0;0.0;0.0;0.0;0.0;0.142081;0.0;0.0;0.0;0.030506
38026;0.297617;0.302465;0.0;0.0;0.095933;0.0;0.0;0.0;0.0;0.0;0.0;0.286113;0.0;0.0;0.0;0.017872
38027;0.267021;0.255125;0.0;0.0;0.058972;0.0;0.0;0.0;0.0;0.0;0.0;0.408757;0.0;0.0;0.0;0.010124
38028;0.420563;0.369604;0.0;0.0;0.098055;0.0;0.0;0.0;0.0;0.0;0.0;0.091711;0.0;0.0;0.0;0.020066
38029;0.351896;0.361374;0.0;0.0;0.113744;0.0;0.0;0.0;0.0;0.0;0.0;0.14455;0.0;0.0;0.0;0.028436
38030;0.348369;0.256072;0.0;0.0;0.081194;0.0;0.0;0.0;0.0;0.0;0.0;0.30465;0.0;0.0;0.0;0.009715
38031;0.380258;0.407544;0.0;0.0;0.087193;0.0;0.0;0.0;0.0;0.0;0.0;0.105084;0.0;0.0;0.0;0.019922
38032;0.288148;0.420847;0.0;0.0;0.119683;0.0;0.0;0.0;0.0;0.0;0.0;0.14455;0.0;0.0;0.0;0.026772
38033;0.410891;0.330858;0.0;0.0;0.058993;0.0;0.0;0.0;0.0;0.0;0.0;0.188531;0.0;0.0;0.0;0.010726
38034;0.335958;0.342332;0.0;0.0;0.080615;0.0;0.0;0.0;0.0;0.0;0.0;0.221972;0.0;0.0;0.0;0.019123
38035;0.25187;0.389101;0.0;0.0;0.093268;0.0;0.0;0.0;0.0;0.0;0.0;0.239353;0.0;0.0;0.0;0.026408
38036;0.429518;0.321697;0.0;0.0;0.098542;0.0;0.0;0.0;0.0;0.0;0.0;0.123509;0.0;0.0;0.0;0.026734
38037;0.367955;0.347506;0.0;0.0;0.094264;0.0;0.0;0.0;0.0;0.0;0.0;0.173067;0.0;0.0;0.0;0.017207
38038;0.341371;0.375208;0.0;0.0;0.119182;0.0;0.0;0.0;0.0;0.0;0.0;0.135637;0.0;0.0;0.0;0.028603
38039;0.259662;0.388277;0.0;0.0;0.079345;0.0;0.0;0.0;0.0;0.0;0.0;0.25032;0.0;0.0;0.0;0.022396
38040;0.265342;0.508475;0.0;0.0;0.069258;0.0;0.0;0.0;0.0;0.0;0.0;0.139684;0.0;0.0;0.0;0.017241
38041;0.279552;0.298881;0.0;0.0;0.114954;0.0;0.0;0.0;0.0;0.0;0.0;0.284842;0.0;0.0;0.0;0.02177
38042;0.444307;0.312706;0.0;0.0;0.105611;0.0;0.0;0.0;0.0;0.0;0.0;0.115924;0.0;0.0;0.0;0.021452
38043;0.330647;0.353119;0.0;0.0;0.113134;0.0;0.0;0.0;0.0;0.0;0.0;0.171639;0.0;0.0;0.0;0.031461
38044;0.318966;0.410201;0.0;0.0;0.056753;0.0;0.0;0.0;0.0;0.0;0.0;0.19181;0.0;0.0;0.0;0.02227
38045;0.383107;0.246858;0.0;0.0;0.093514;0.0;0.0;0.0;0.0;0.0;0.0;0.221719;0.0;0.0;0.0;0.054801
38046;0.315487;0.331121;0.0;0.0;0.156932;0.0;0.0;0.0;0.0;0.0;0.0;0.177139;0.0;0.0;0.0;0.019322
38047;0.241351;0.374794;0.0;0.0;0.065074;0.0;0.0;0.0;0.0;0.0;0.0;0.299012;0.0;0.0;0.0;0.019769
38048;0.280534;0.338931;0.0;0.0;0.122901;0.0;0.0;0.0;0.0;0.0;0.0;0.233206;0.0;0.0;0.0;0.024427
38049;0.351105;0.384915;0.0;0.0;0.096229;0.0;0.0;0.0;0.0;0.0;0.0;0.13394;0.0;0.0;0.0;0.03381
38050;0.415162;0.358845;0.0;0.0;0.083032;0.0;0.0;0.0;0.0;0.0;0.0;0.111913;0.0;0.0;0.0;0.031047
38051;0.321042;0.398263;0.0;0.0;0.060811;0.0;0.0;0.0;0.0;0.0;0.0;0.199614;0.0;0.0;0.0;0.02027
38052;0.273836;0.432373;0.0;0.0;0.087583;0.0;0.0;0.0;0.0;0.0;0.0;0.192905;0.0;0.0;0.0;0.013304
38053;0.304279;0.313391;0.0;0.0;0.073296;0.0;0.0;0.0;0.0;0.0;0.0;0.29477;0.0;0.0;0.0;0.014263
38901;0.350099;0.325444;0.0;0.0;0.091716;0.0;0.0;0.0;0.0;0.0;0.0;0.214004;0.0;0.0;0.0;0.018738
39001;0.308511;0.428661;0.140801;0.0;0.110763;0.0;0.0;0.0;0.0;0.0;0.0;0.0;0.0;0.0;0.0;0.011264
39002;0.389453;0.402734;0.113672;0.0;0.083594;0.0;0.0;0.0;0.0;0.0;0.0;0.0;0.0;0.0;0.0;0.010547
39003;0.393782;0.362694;0.207254;0.0;0.036269;0.0;0.0;0.0;0.0;0.0;0.0;0.0;0.0;0.0;0.0;0.0
39004;0.374549;0.381769;0.175993;0.0;0.060469;0.0;0.0;0.0;0.0;0.0;0.0;0.0;0.0;0.0;0.0;0.00722
39005;0.253899;0.469671;0.185442;0.0;0.073657;0.0;0.0;0.0;0.0;0.0;0.0;0.0;0.0;0.0;0.0;0.017331
39006;0.246734;0.511611;0.174891;0.0;0.058055;0.0;0.0;0.0;0.0;0.0;0.0;0.0;0.0;0.0;0.0;0.008708
39007;0.337884;0.426621;0.133106;0.0;0.095563;0.0;0.0;0.0;0.0;0.0;0.0;0.0;0.0;0.0;0.0;0.006826
39008;0.372689;0.37317;0.145994;0.0;0.094376;0.0;0.0;0.0;0.0;0.0;0.0;0.0;0.0;0.0;0.0;0.013771
39009;0.306476;0.446415;0.14919;0.0;0.087124;0.0;0.0;0.0;0.0;0.0;0.0;0.0;0.0;0.0;0.0;0.010794
39010;0.424242;0.372294;0.123377;0.0;0.071429;0.0;0.0;0.0;0.0;0.0;0.0;0.0;0.0;0.0;0.0;0.008658
39011;0.215686;0.51451;0.186667;0.0;0.07451;0.0;0.0;0.0;0.0;0.0;0.0;0.0;0.0;0.0;0.0;0.008627
39012;0.380541;0.386622;0.110632;0.0;0.112789;0.0;0.0;0.0;0.0;0.0;0.0;0.0;0.0;0.0;0.0;0.009415
39013;0.208;0.616;0.141333;0.0;0.029333;0.0;0.0;0.0;0.0;0.0;0.0;0.0;0.0;0.0;0.0;0.005333
39014;0.290274;0.425532;0.165653;0.0;0.107903;0.0;0.0;0.0;0.0;0.0;0.0;0.0;0.0;0.0;0.0;0.010638
39015;0.221683;0.566343;0.166667;0.0;0.038835;0.0;0.0;0.0;0.0;0.0;0.0;0.0;0.0;0.0;0.0;0.006472
39016;0.346536;0.420591;0.145171;0.0;0.07805;0.0;0.0;0.0;0.0;0.0;0.0;0.0;0.0;0.0;0.0;0.009652
39017;0.218362;0.501241;0.228288;0.0;0.047146;0.0;0.0;0.0;0.0;0.0;0.0;0.0;0.0;0.0;0.0;0.004963
39018;0.41124;0.314897;0.137972;0.0;0.120131;0.0;0.0;0.0;0.0;0.0;0.0;0.0;0.0;0.0;0.0;0.01576
39019;0.309599;0.426688;0.1577;0.0;0.091772;0.0;0.0;0.0;0.0;0.0;0.0;0.0;0.0;0.0;0.0;0.014241
39020;0.459555;0.270692;0.109965;0.0;0.142966;0.0;0.0;0.0;0.0;0.0;0.0;0.0;0.0;0.0;0.0;0.016823
39021;0.273936;0.406915;0.268617;0.0;0.047872;0.0;0.0;0.0;0.0;0.0;0.0;0.0;0.0;0.0;0.0;0.00266
39022;0.231754;0.5621;0.140845;0.0;0.057618;0.0;0.0;0.0;0.0;0.0;0.0;0.0;0.0;0.0;0.0;0.007682
39023;0.403216;0.394352;0.106576;0.0;0.082045;0.0;0.0;0.0;0.0;0.0;0.0;0.0;0.0;0.0;0.0;0.013812
39024;0.377289;0.41978;0.084982;0.0;0.101099;0.0;0.0;0.0;0.0;0.0;0.0;0.0;0.0;0.0;0.0;0.01685
39025;0.386591;0.376566;0.14364;0.0;0.08161;0.0;0.0;0.0;0.0;0.0;0.0;0.0;0.0;0.0;0.0;0.011591
39026;0.280916;0.455725;0.200763;0.0;0.052672;0.0;0.0;0.0;0.0;0.0;0.0;0.0;0.0;0.0;0.0;0.009924
39027;0.299186;0.458208;0.162023;0.0;0.073296;0.0;0.0;0.0;0.0;0.0;0.0;0.0;0.0;0.0;0.0;0.007287
39028;0.233499;0.490349;0.17995;0.0;0.084994;0.0;0.0;0.0;0.0;0.0;0.0;0.0;0.0;0.0;0.0;0.011208
39029;0.278557;0.51503;0.148297;0.0;0.0501;0.0;0.0;0.0;0.0;0.0;0.0;0.0;0.0;0.0;0.0;0.008016
39030;0.389922;0.384496;0.122481;0.0;0.087597;0.0;0.0;0.0;0.0;0.0;0.0;0.0;0.0;0.0;0.0;0.015504
39031;0.258903;0.469682;0.202117;0.0;0.060635;0.0;0.0;0.0;0.0;0.0;0.0;0.0;0.0;0.0;0.0;0.008662
39032;0.238011;0.474245;0.215808;0.0;0.062167;0.0;0.0;0.0;0.0;0.0;0.0;0.0;0.0;0.0;0.0;0.009769
39033;0.404819;0.366265;0.159036;0.0;0.062651;0.0;0.0;0.0;0.0;0.0;0.0;0.0;0.0;0.0;0.0;0.007229
39034;0.190184;0.490798;0.288344;0.0;0.030675;0.0;0.0;0.0;0.0;0.0;0.0;0.0;0.0;0.0;0.0;0.0
39035;0.368541;0.436214;0.103185;0.0;0.084591;0.0;0.0;0.0;0.0;0.0;0.0;0.0;0.0;0.0;0.0;0.007468
39036;0.316953;0.455774;0.113022;0.0;0.105651;0.0;0.0;0.0;0.0;0.0;0.0;0.0;0.0;0.0;0.0;0.0086
39037;0.282723;0.5;0.122382;0.0;0.08377;0.0;0.0;0.0;0.0;0.0;0.0;0.0;0.0;0.0;0.0;0.011126
39038;0.370807;0.351768;0.140526;0.0;0.12602;0.0;0.0;0.0;0.0;0.0;0.0;0.0;0.0;0.0;0.0;0.010879
39039;0.321951;0.434146;0.192683;0.0;0.043902;0.0;0.0;0.0;0.0;0.0;0.0;0.0;0.0;0.0;0.0;0.007317
39040;0.315584;0.465403;0.145307;0.0;0.062575;0.0;0.0;0.0;0.0;0.0;0.0;0.0;0.0;0.0;0.0;0.011131
39041;0.319211;0.403944;0.168736;0.0;0.096421;0.0;0.0;0.0;0.0;0.0;0.0;0.0;0.0;0.0;0.0;0.011687
39042;0.281083;0.470463;0.168053;0.0;0.070804;0.0;0.0;0.0;0.0;0.0;0.0;0.0;0.0;0.0;0.0;0.009597
39043;0.223737;0.538091;0.167602;0.0;0.059342;0.0;0.0;0.0;0.0;0.0;0.0;0.0;0.0;0.0;0.0;0.011227
39044;0.336434;0.412123;0.141116;0.0;0.096216;0.0;0.0;0.0;0.0;0.0;0.0;0.0;0.0;0.0;0.0;0.014112
39045;0.423664;0.385496;0.125954;0.0;0.057252;0.0;0.0;0.0;0.0;0.0;0.0;0.0;0.0;0.0;0.0;0.007634
39046;0.425397;0.321693;0.139683;0.0;0.100529;0.0;0.0;0.0;0.0;0.0;0.0;0.0;0.0;0.0;0.0;0.012698
39047;0.284106;0.464901;0.168874;0.0;0.07351;0.0;0.0;0.0;0.0;0.0;0.0;0.0;0.0;0.0;0.0;0.008609
39048;0.262059;0.481641;0.141829;0.0;0.101512;0.0;0.0;0.0;0.0;0.0;0.0;0.0;0.0;0.0;0.0;0.012959
39049;0.376569;0.368201;0.192469;0.0;0.041841;0.0;0.0;0.0;0.0;0.0;0.0;0.0;0.0;0.0;0.0;0.020921
39050;0.235294;0.55615;0.13369;0.0;0.074866;0.0;0.0;0.0;0.0;0.0;0.0;0.0;0.0;0.0;0.0;0.0
39051;0.26;0.46;0.16;0.0;0.12;0.0;0.0;0.0;0.0;0.0;0.0;0.0;0.0;0.0;0.0;0.0
39052;0.282269;0.460763;0.160704;0.0;0.084206;0.0;0.0;0.0;0.0;0.0;0.0;0.0;0.0;0.0;0.0;0.012058
39053;0.245033;0.496689;0.211921;0.0;0.046358;0.0;0.0;0.0;0.0;0.0;0.0;0.0;0.0;0.0;0.0;0.0
39054;0.354821;0.376493;0.163379;0.0;0.086691;0.0;0.0;0.0;0.0;0.0;0.0;0.0;0.0;0.0;0.0;0.018616
39055;0.230159;0.541005;0.166667;0.0;0.059524;0.0;0.0;0.0;0.0;0.0;0.0;0.0;0.0;0.0;0.0;0.002646
39056;0.283276;0.45165;0.172355;0.0;0.079067;0.0;0.0;0.0;0.0;0.0;0.0;0.0;0.0;0.0;0.0;0.013652
39057;0.38914;0.397624;0.113122;0.0;0.085407;0.0;0.0;0.0;0.0;0.0;0.0;0.0;0.0;0.0;0.0;0.014706
39058;0.446996;0.314488;0.134276;0.0;0.095406;0.0;0.0;0.0;0.0;0.0;0.0;0.0;0.0;0.0;0.0;0.008834
39059;0.337936;0.442463;0.131185;0.0;0.076333;0.0;0.0;0.0;0.0;0.0;0.0;0.0;0.0;0.0;0.0;0.012083
39060;0.360191;0.375694;0.151579;0.0;0.09933;0.0;0.0;0.0;0.0;0.0;0.0;0.0;0.0;0.0;0.0;0.013206
39061;0.234516;0.517745;0.164579;0.0;0.072721;0.0;0.0;0.0;0.0;0.0;0.0;0.0;0.0;0.0;0.0;0.010438
39062;0.223938;0.496782;0.19112;0.0;0.076577;0.0;0.0;0.0;0.0;0.0;0.0;0.0;0.0;0.0;0.0;0.011583
39063;0.352941;0.401207;0.176471;0.0;0.067873;0.0;0.0;0.0;0.0;0.0;0.0;0.0;0.0;0.0;0.0;0.001508
39064;0.274361;0.491012;0.136235;0.0;0.088931;0.0;0.0;0.0;0.0;0.0;0.0;0.0;0.0;0.0;0.0;0.009461
39065;0.304598;0.41954;0.178161;0.0;0.086207;0.0;0.0;0.0;0.0;0.0;0.0;0.0;0.0;0.0;0.0;0.011494
39066;0.347639;0.41774;0.130186;0.0;0.100143;0.0;0.0;0.0;0.0;0.0;0.0;0.0;0.0;0.0;0.0;0.004292
39067;0.358209;0.44403;0.126866;0.0;0.063433;0.0;0.0;0.0;0.0;0.0;0.0;0.0;0.0;0.0;0.0;0.007463
39068;0.327236;0.384146;0.138211;0.0;0.136179;0.0;0.0;0.0;0.0;0.0;0.0;0.0;0.0;0.0;0.0;0.014228
39069;0.348884;0.361731;0.183232;0.0;0.091278;0.0;0.0;0.0;0.0;0.0;0.0;0.0;0.0;0.0;0.0;0.014875
39070;0.312;0.392;0.24;0.0;0.032;0.0;0.0;0.0;0.0;0.0;0.0;0.0;0.0;0.0;0.0;0.024
39071;0.137405;0.633588;0.19084;0.0;0.038168;0.0;0.0;0.0;0.0;0.0;0.0;0.0;0.0;0.0;0.0;0.0
39072;0.163158;0.526316;0.231579;0.0;0.068421;0.0;0.0;0.0;0.0;0.0;0.0;0.0;0.0;0.0;0.0;0.010526
39073;0.306069;0.456105;0.146918;0.0;0.079396;0.0;0.0;0.0;0.0;0.0;0.0;0.0;0.0;0.0;0.0;0.011514
39074;0.257933;0.46298;0.183336;0.0;0.086658;0.0;0.0;0.0;0.0;0.0;0.0;0.0;0.0;0.0;0.0;0.009093
39075;0.319222;0.455003;0.138577;0.0;0.076457;0.0;0.0;0.0;0.0;0.0;0.0;0.0;0.0;0.0;0.0;0.010742
39076;0.346572;0.410266;0.146871;0.0;0.086924;0.0;0.0;0.0;0.0;0.0;0.0;0.0;0.0;0.0;0.0;0.009367
39077;0.261745;0.516779;0.147651;0.0;0.067114;0.0;0.0;0.0;0.0;0.0;0.0;0.0;0.0;0.0;0.0;0.006711
39078;0.303191;0.442376;0.171986;0.0;0.072695;0.0;0.0;0.0;0.0;0.0;0.0;0.0;0.0;0.0;0.0;0.009752
39079;0.313561;0.456305;0.142109;0.0;0.075813;0.0;0.0;0.0;0.0;0.0;0.0;0.0;0.0;0.0;0.0;0.012213
39080;0.323039;0.458757;0.120683;0.0;0.083706;0.0;0.0;0.0;0.0;0.0;0.0;0.0;0.0;0.0;0.0;0.013816
39081;0.166189;0.584527;0.166189;0.0;0.077364;0.0;0.0;0.0;0.0;0.0;0.0;0.0;0.0;0.0;0.0;0.005731
39082;0.207161;0.56266;0.191816;0.0;0.030691;0.0;0.0;0.0;0.0;0.0;0.0;0.0;0.0;0.0;0.0;0.007673
39083;0.4016;0.416;0.1136;0.0;0.064;0.0;0.0;0.0;0.0;0.0;0.0;0.0;0.0;0.0;0.0;0.0048
39084;0.225291;0.53343;0.175872;0.0;0.052326;0.0;0.0;0.0;0.0;0.0;0.0;0.0;0.0;0.0;0.0;0.013081
39085;0.313356;0.429929;0.158962;0.0;0.086972;0.0;0.0;0.0;0.0;0.0;0.0;0.0;0.0;0.0;0.0;0.01078
39086;0.326923;0.423077;0.192308;0.0;0.057692;0.0;0.0;0.0;0.0;0.0;0.0;0.0;0.0;0.0;0.0;0.0
39087;0.413001;0.359725;0.1161;0.0;0.09871;0.0;0.0;0.0;0.0;0.0;0.0;0.0;0.0;0.0;0.0;0.012464
39088;0.5;0.363636;0.068182;0.0;0.045455;0.0;0.0;0.0;0.0;0.0;0.0;0.0;0.0;0.0;0.0;0.022727
39089;0.24;0.46;0.17;0.0;0.13;0.0;0.0;0.0;0.0;0.0;0.0;0.0;0.0;0.0;0.0;0.0
39090;0.292079;0.407591;0.181518;0.0;0.110561;0.0;0.0;0.0;0.0;0.0;0.0;0.0;0.0;0.0;0.0;0.008251
39091;0.300699;0.422378;0.188112;0.0;0.079021;0.0;0.0;0.0;0.0;0.0;0.0;0.0;0.0;0.0;0.0;0.00979
39092;0.310764;0.46875;0.138889;0.0;0.074653;0.0;0.0;0.0;0.0;0.0;0.0;0.0;0.0;0.0;0.0;0.006944
39093;0.264957;0.474359;0.119658;0.0;0.132479;0.0;0.0;0.0;0.0;0.0;0.0;0.0;0.0;0.0;0.0;0.008547
39094;0.283784;0.411411;0.187688;0.0;0.106607;0.0;0.0;0.0;0.0;0.0;0.0;0.0;0.0;0.0;0.0;0.010511
39095;0.406085;0.379754;0.121709;0.0;0.087771;0.0;0.0;0.0;0.0;0.0;0.0;0.0;0.0;0.0;0.0;0.004681
39096;0.266958;0.50547;0.185996;0.0;0.032823;0.0;0.0;0.0;0.0;0.0;0.0;0.0;0.0;0.0;0.0;0.008753
39097;0.213429;0.556355;0.201439;0.0;0.021583;0.0;0.0;0.0;0.0;0.0;0.0;0.0;0.0;0.0;0.0;0.007194
39098;0.207912;0.534499;0.206072;0.0;0.042318;0.0;0.0;0.0;0.0;0.0;0.0;0.0;0.0;0.0;0.0;0.0092
39099;0.357632;0.387837;0.162706;0.0;0.081353;0.0;0.0;0.0;0.0;0.0;0.0;0.0;0.0;0.0;0.0;0.010471
39100;0.276899;0.481013;0.186709;0.0;0.047468;0.0;0.0;0.0;0.0;0.0;0.0;0.0;0.0;0.0;0.0;0.007911
39101;0.486667;0.273333;0.046667;0.0;0.186667;0.0;0.0;0.0;0.0;0.0;0.0;0.0;0.0;0.0;0.0;0.006667
39102;0.309959;0.456688;0.142015;0.0;0.079552;0.0;0.0;0.0;0.0;0.0;0.0;0.0;0.0;0.0;0.0;0.011786
40001;0.253597;0.544964;0.142086;0.0;0.052158;0.0;0.0;0.0;0.0;0.0;0.0;0.0;0.0;0.0;0.0;0.007194
40002;0.225806;0.548387;0.096774;0.0;0.064516;0.0;0.0;0.0;0.0;0.0;0.0;0.0;0.0;0.0;0.0;0.064516
40003;0.117647;0.682353;0.188235;0.0;0.011765;0.0;0.0;0.0;0.0;0.0;0.0;0.0;0.0;0.0;0.0;0.0
40004;0.314024;0.463415;0.192073;0.0;0.027439;0.0;0.0;0.0;0.0;0.0;0.0;0.0;0.0;0.0;0.0;0.003049
40005;0.26087;0.565217;0.173913;0.0;0.0;0.0;0.0;0.0;0.0;0.0;0.0;0.0;0.0;0.0;0.0;0.0
40006;0.352941;0.470588;0.0;0.0;0.176471;0.0;0.0;0.0;0.0;0.0;0.0;0.0;0.0;0.0;0.0;0.0
40007;0.285714;0.492063;0.111111;0.0;0.111111;0.0;0.0;0.0;0.0;0.0;0.0;0.0;0.0;0.0;0.0;0.0
40008;0.264706;0.470588;0.205882;0.0;0.058824;0.0;0.0;0.0;0.0;0.0;0.0;0.0;0.0;0.0;0.0;0.0
40009;0.285714;0.485714;0.114286;0.0;0.114286;0.0;0.0;0.0;0.0;0.0;0.0;0.0;0.0;0.0;0.0;0.0
40010;0.222222;0.54321;0.160494;0.0;0.049383;0.0;0.0;0.0;0.0;0.0;0.0;0.0;0.0;0.0;0.0;0.024691
40012;0.244186;0.52907;0.168605;0.0;0.05814;0.0;0.0;0.0;0.0;0.0;0.0;0.0;0.0;0.0;0.0;0.0
40013;0.050847;0.762712;0.084746;0.0;0.101695;0.0;0.0;0.0;0.0;0.0;0.0;0.0;0.0;0.0;0.0;0.0
40014;0.65;0.275;0.0;0.0;0.075;0.0;0.0;0.0;0.0;0.0;0.0;0.0;0.0;0.0;0.0;0.0
40015;0.263158;0.631579;0.105263;0.0;0.0;0.0;0.0;0.0;0.0;0.0;0.0;0.0;0.0;0.0;0.0;0.0
40016;0.090909;0.636364;0.159091;0.0;0.090909;0.0;0.0;0.0;0.0;0.0;0.0;0.0;0.0;0.0;0.0;0.022727
40017;0.169014;0.71831;0.056338;0.0;0.056338;0.0;0.0;0.0;0.0;0.0;0.0;0.0;0.0;0.0;0.0;0.0
40018;0.192308;0.634615;0.173077;0.0;0.0;0.0;0.0;0.0;0.0;0.0;0.0;0.0;0.0;0.0;0.0;0.0
40019;0.318182;0.454545;0.045455;0.0;0.136364;0.0;0.0;0.0;0.0;0.0;0.0;0.0;0.0;0.0;0.0;0.045455
40020;0.264463;0.495868;0.14876;0.0;0.082645;0.0;0.0;0.0;0.0;0.0;0.0;0.0;0.0;0.0;0.0;0.008264
40021;0.117647;0.588235;0.176471;0.0;0.117647;0.0;0.0;0.0;0.0;0.0;0.0;0.0;0.0;0.0;0.0;0.0
40022;0.391566;0.391566;0.138554;0.0;0.066265;0.0;0.0;0.0;0.0;0.0;0.0;0.0;0.0;0.0;0.0;0.012048
40024;0.277778;0.530159;0.120635;0.0;0.060317;0.0;0.0;0.0;0.0;0.0;0.0;0.0;0.0;0.0;0.0;0.011111
40025;0.15625;0.614583;0.104167;0.0;0.125;0.0;0.0;0.0;0.0;0.0;0.0;0.0;0.0;0.0;0.0;0.0
40026;0.295918;0.336735;0.142857;0.0;0.214286;0.0;0.0;0.0;0.0;0.0;0.0;0.0;0.0;0.0;0.0;0.010204
40028;0.204819;0.590361;0.180723;0.0;0.012048;0.0;0.0;0.0;0.0;0.0;0.0;0.0;0.0;0.0;0.0;0.012048
40029;0.32;0.4;0.24;0.0;0.04;0.0;0.0;0.0;0.0;0.0;0.0;0.0;0.0;0.0;0.0;0.0
40030;0.415205;0.394737;0.084795;0.0;0.099415;0.0;0.0;0.0;0.0;0.0;0.0;0.0;0.0;0.0;0.0;0.005848
40031;0.321561;0.395911;0.156134;0.0;0.104089;0.0;0.0;0.0;0.0;0.0;0.0;0.0;0.0;0.0;0.0;0.022305
40032;0.304688;0.527344;0.109375;0.0;0.058594;0.0;0.0;0.0;0.0;0.0;0.0;0.0;0.0;0.0;0.0;0.0
40033;0.204082;0.469388;0.22449;0.0;0.102041;0.0;0.0;0.0;0.0;0.0;0.0;0.0;0.0;0.0;0.0;0.0
40034;0.192982;0.684211;0.035088;0.0;0.052632;0.0;0.0;0.0;0.0;0.0;0.0;0.0;0.0;0.0;0.0;0.035088
40035;0.304;0.416;0.192;0.0;0.072;0.0;0.0;0.0;0.0;0.0;0.0;0.0;0.0;0.0;0.0;0.016
40036;0.186701;0.565217;0.204604;0.0;0.035806;0.0;0.0;0.0;0.0;0.0;0.0;0.0;0.0;0.0;0.0;0.007673
40037;0.35;0.6;0.0;0.0;0.05;0.0;0.0;0.0;0.0;0.0;0.0;0.0;0.0;0.0;0.0;0.0
40039;0.263514;0.527027;0.155405;0.0;0.054054;0.0;0.0;0.0;0.0;0.0;0.0;0.0;0.0;0.0;0.0;0.0
40040;0.277809;0.488425;0.189159;0.0;0.040655;0.0;0.0;0.0;0.0;0.0;0.0;0.0;0.0;0.0;0.0;0.003953
40041;0.279673;0.52251;0.125512;0.0;0.069577;0.0;0.0;0.0;0.0;0.0;0.0;0.0;0.0;0.0;0.0;0.002729
40043;0.281752;0.549635;0.124818;0.0;0.039416;0.0;0.0;0.0;0.0;0.0;0.0;0.0;0.0;0.0;0.0;0.00438
40044;0.252336;0.579439;0.093458;0.0;0.065421;0.0;0.0;0.0;0.0;0.0;0.0;0.0;0.0;0.0;0.0;0.009346
40045;0.320388;0.475728;0.15534;0.0;0.048544;0.0;0.0;0.0;0.0;0.0;0.0;0.0;0.0;0.0;0.0;0.0
40046;0.434211;0.394737;0.078947;0.0;0.065789;0.0;0.0;0.0;0.0;0.0;0.0;0.0;0.0;0.0;0.0;0.026316
40047;0.258065;0.580645;0.129032;0.0;0.032258;0.0;0.0;0.0;0.0;0.0;0.0;0.0;0.0;0.0;0.0;0.0
40048;0.37931;0.448276;0.137931;0.0;0.034483;0.0;0.0;0.0;0.0;0.0;0.0;0.0;0.0;0.0;0.0;0.0
40049;0.103448;0.724138;0.103448;0.0;0.068966;0.0;0.0;0.0;0.0;0.0;0.0;0.0;0.0;0.0;0.0;0.0
40051;0.409091;0.454545;0.090909;0.0;0.045455;0.0;0.0;0.0;0.0;0.0;0.0;0.0;0.0;0.0;0.0;0.0
40052;0.362069;0.362069;0.189655;0.0;0.086207;0.0;0.0;0.0;0.0;0.0;0.0;0.0;0.0;0.0;0.0;0.0
40053;0.356164;0.383562;0.109589;0.0;0.109589;0.0;0.0;0.0;0.0;0.0;0.0;0.0;0.0;0.0;0.0;0.041096
40054;0.382022;0.370787;0.157303;0.0;0.089888;0.0;0.0;0.0;0.0;0.0;0.0;0.0;0.0;0.0;0.0;0.0
40055;0.5;0.35;0.05;0.0;0.1;0.0;0.0;0.0;0.0;0.0;0.0;0.0;0.0;0.0;0.0;0.0
40056;0.111111;0.777778;0.0;0.0;0.111111;0.0;0.0;0.0;0.0;0.0;0.0;0.0;0.0;0.0;0.0;0.0
40057;0.416587;0.384175;0.083889;0.0;0.105815;0.0;0.0;0.0;0.0;0.0;0.0;0.0;0.0;0.0;0.0;0.009533
40058;0.183333;0.6625;0.125;0.0;0.029167;0.0;0.0;0.0;0.0;0.0;0.0;0.0;0.0;0.0;0.0;0.0
40059;0.208333;0.520833;0.145833;0.0;0.104167;0.0;0.0;0.0;0.0;0.0;0.0;0.0;0.0;0.0;0.0;0.020833
40060;0.142857;0.673469;0.102041;0.0;0.081633;0.0;0.0;0.0;0.0;0.0;0.0;0.0;0.0;0.0;0.0;0.0
40061;0.326087;0.565217;0.086957;0.0;0.021739;0.0;0.0;0.0;0.0;0.0;0.0;0.0;0.0;0.0;0.0;0.0
40062;0.3125;0.4375;0.1875;0.0;0.0625;0.0;0.0;0.0;0.0;0.0;0.0;0.0;0.0;0.0;0.0;0.0
40063;0.338749;0.43151;0.127108;0.0;0.093994;0.0;0.0;0.0;0.0;0.0;0.0;0.0;0.0;0.0;0.0;0.008638
40065;0.300595;0.511905;0.110119;0.0;0.065476;0.0;0.0;0.0;0.0;0.0;0.0;0.0;0.0;0.0;0.0;0.011905
40068;0.16;0.56;0.24;0.0;0.0;0.0;0.0;0.0;0.0;0.0;0.0;0.0;0.0;0.0;0.0;0.04
40069;0.258621;0.603448;0.12069;0.0;0.0;0.0;0.0;0.0;0.0;0.0;0.0;0.0;0.0;0.0;0.0;0.017241
40070;0.221154;0.432692;0.221154;0.0;0.105769;0.0;0.0;0.0;0.0;0.0;0.0;0.0;0.0;0.0;0.0;0.019231
40071;0.227273;0.681818;0.090909;0.0;0.0;0.0;0.0;0.0;0.0;0.0;0.0;0.0;0.0;0.0;0.0;0.0
40072;0.255208;0.307292;0.333333;0.0;0.083333;0.0;0.0;0.0;0.0;0.0;0.0;0.0;0.0;0.0;0.0;0.020833
40073;0.244898;0.554422;0.170068;0.0;0.020408;0.0;0.0;0.0;0.0;0.0;0.0;0.0;0.0;0.0;0.0;0.010204
40074;0.244681;0.617021;0.106383;0.0;0.026596;0.0;0.0;0.0;0.0;0.0;0.0;0.0;0.0;0.0;0.0;0.005319
40075;0.308333;0.525;0.075;0.0;0.083333;0.0;0.0;0.0;0.0;0.0;0.0;0.0;0.0;0.0;0.0;0.008333
40076;0.280464;0.419536;0.178917;0.0;0.10619;0.0;0.0;0.0;0.0;0.0;0.0;0.0;0.0;0.0;0.0;0.014894
40077;0.261965;0.424433;0.18262;0.0;0.11461;0.0;0.0;0.0;0.0;0.0;0.0;0.0;0.0;0.0;0.0;0.016373
40078;0.32381;0.447619;0.095238;0.0;0.095238;0.0;0.0;0.0;0.0;0.0;0.0;0.0;0.0;0.0;0.0;0.038095
40079;0.365482;0.35533;0.167513;0.0;0.101523;0.0;0.0;0.0;0.0;0.0;0.0;0.0;0.0;0.0;0.0;0.010152
40080;0.117647;0.470588;0.352941;0.0;0.039216;0.0;0.0;0.0;0.0;0.0;0.0;0.0;0.0;0.0;0.0;0.019608
40081;0.222222;0.577778;0.133333;0.0;0.055556;0.0;0.0;0.0;0.0;0.0;0.0;0.0;0.0;0.0;0.0;0.011111
40082;0.239437;0.521127;0.197183;0.0;0.014085;0.0;0.0;0.0;0.0;0.0;0.0;0.0;0.0;0.0;0.0;0.028169
40083;0.163265;0.530612;0.244898;0.0;0.061224;0.0;0.0;0.0;0.0;0.0;0.0;0.0;0.0;0.0;0.0;0.0
40084;0.170732;0.585366;0.02439;0.0;0.219512;0.0;0.0;0.0;0.0;0.0;0.0;0.0;0.0;0.0;0.0;0.0
40086;0.265594;0.503018;0.144869;0.0;0.084507;0.0;0.0;0.0;0.0;0.0;0.0;0.0;0.0;0.0;0.0;0.002012
40087;0.085106;0.829787;0.042553;0.0;0.021277;0.0;0.0;0.0;0.0;0.0;0.0;0.0;0.0;0.0;0.0;0.021277
40088;0.247475;0.555556;0.161616;0.0;0.020202;0.0;0.0;0.0;0.0;0.0;0.0;0.0;0.0;0.0;0.0;0.015152
40089;0.209459;0.581081;0.135135;0.0;0.060811;0.0;0.0;0.0;0.0;0.0;0.0;0.0;0.0;0.0;0.0;0.013514
40091;0.279412;0.529412;0.117647;0.0;0.073529;0.0;0.0;0.0;0.0;0.0;0.0;0.0;0.0;0.0;0.0;0.0
40092;0.296296;0.580247;0.074074;0.0;0.037037;0.0;0.0;0.0;0.0;0.0;0.0;0.0;0.0;0.0;0.0;0.012346
40093;0.234375;0.5;0.125;0.0;0.125;0.0;0.0;0.0;0.0;0.0;0.0;0.0;0.0;0.0;0.0;0.015625
40094;0.202091;0.505226;0.212544;0.0;0.069686;0.0;0.0;0.0;0.0;0.0;0.0;0.0;0.0;0.0;0.0;0.010453
40095;0.175549;0.54232;0.253918;0.0;0.025078;0.0;0.0;0.0;0.0;0.0;0.0;0.0;0.0;0.0;0.0;0.003135
40097;0.45;0.33;0.16;0.0;0.06;0.0;0.0;0.0;0.0;0.0;0.0;0.0;0.0;0.0;0.0;0.0
40099;0.317073;0.560976;0.04878;0.0;0.04878;0.0;0.0;0.0;0.0;0.0;0.0;0.0;0.0;0.0;0.0;0.02439
40100;0.287958;0.528796;0.141361;0.0;0.031414;0.0;0.0;0.0;0.0;0.0;0.0;0.0;0.0;0.0;0.0;0.010471
40101;0.278409;0.362216;0.224432;0.0;0.119318;0.0;0.0;0.0;0.0;0.0;0.0;0.0;0.0;0.0;0.0;0.015625
40103;0.287037;0.37963;0.231481;0.0;0.092593;0.0;0.0;0.0;0.0;0.0;0.0;0.0;0.0;0.0;0.0;0.009259
40104;0.251029;0.358025;0.259259;0.0;0.119342;0.0;0.0;0.0;0.0;0.0;0.0;0.0;0.0;0.0;0.0;0.012346
40105;0.2;0.425;0.175;0.0;0.2;0.0;0.0;0.0;0.0;0.0;0.0;0.0;0.0;0.0;0.0;0.0
40106;0.368056;0.534722;0.0625;0.0;0.027778;0.0;0.0;0.0;0.0;0.0;0.0;0.0;0.0;0.0;0.0;0.006944
40107;0.104478;0.656716;0.19403;0.0;0.029851;0.0;0.0;0.0;0.0;0.0;0.0;0.0;0.0;0.0;0.0;0.014925
40108;0.238095;0.47619;0.202381;0.0;0.071429;0.0;0.0;0.0;0.0;0.0;0.0;0.0;0.0;0.0;0.0;0.011905
40109;0.229167;0.541667;0.208333;0.0;0.020833;0.0;0.0;0.0;0.0;0.0;0.0;0.0;0.0;0.0;0.0;0.0
40110;0.348624;0.440367;0.137615;0.0;0.06422;0.0;0.0;0.0;0.0;0.0;0.0;0.0;0.0;0.0;0.0;0.009174
40111;0.2;0.457143;0.285714;0.0;0.028571;0.0;0.0;0.0;0.0;0.0;0.0;0.0;0.0;0.0;0.0;0.028571
40112;0.284771;0.46265;0.160132;0.0;0.078002;0.0;0.0;0.0;0.0;0.0;0.0;0.0;0.0;0.0;0.0;0.014445
40113;0.367284;0.330247;0.117284;0.0;0.16358;0.0;0.0;0.0;0.0;0.0;0.0;0.0;0.0;0.0;0.0;0.021605
40115;0.329114;0.379747;0.202532;0.0;0.075949;0.0;0.0;0.0;0.0;0.0;0.0;0.0;0.0;0.0;0.0;0.012658
40118;0.259259;0.555556;0.148148;0.0;0.0;0.0;0.0;0.0;0.0;0.0;0.0;0.0;0.0;0.0;0.0;0.037037
40119;0.124138;0.558621;0.22069;0.0;0.082759;0.0;0.0;0.0;0.0;0.0;0.0;0.0;0.0;0.0;0.0;0.013793
40120;0.328571;0.37619;0.2;0.0;0.080952;0.0;0.0;0.0;0.0;0.0;0.0;0.0;0.0;0.0;0.0;0.014286
40121;0.217391;0.608696;0.13587;0.0;0.038043;0.0;0.0;0.0;0.0;0.0;0.0;0.0;0.0;0.0;0.0;0.0
40122;0.293217;0.444201;0.150985;0.0;0.098468;0.0;0.0;0.0;0.0;0.0;0.0;0.0;0.0;0.0;0.0;0.013129
40123;0.293103;0.396552;0.094828;0.0;0.137931;0.0;0.0;0.0;0.0;0.0;0.0;0.0;0.0;0.0;0.0;0.077586
40124;0.321212;0.424242;0.139394;0.0;0.109091;0.0;0.0;0.0;0.0;0.0;0.0;0.0;0.0;0.0;0.0;0.006061
40125;0.211538;0.480769;0.134615;0.0;0.153846;0.0;0.0;0.0;0.0;0.0;0.0;0.0;0.0;0.0;0.0;0.019231
40126;0.096154;0.615385;0.134615;0.0;0.115385;0.0;0.0;0.0;0.0;0.0;0.0;0.0;0.0;0.0;0.0;0.038462
40127;0.15625;0.65625;0.0625;0.0;0.0625;0.0;0.0;0.0;0.0;0.0;0.0;0.0;0.0;0.0;0.0;0.0625
40128;0.34375;0.291667;0.166667;0.0;0.15625;0.0;0.0;0.0;0.0;0.0;0.0;0.0;0.0;0.0;0.0;0.041667
40129;0.203252;0.634146;0.154472;0.0;0.0;0.0;0.0;0.0;0.0;0.0;0.0;0.0;0.0;0.0;0.0;0.00813
40130;0.297619;0.571429;0.083333;0.0;0.047619;0.0;0.0;0.0;0.0;0.0;0.0;0.0;0.0;0.0;0.0;0.0
40131;0.25;0.5;0.227273;0.0;0.022727;0.0;0.0;0.0;0.0;0.0;0.0;0.0;0.0;0.0;0.0;0.0
40132;0.258065;0.612903;0.096774;0.0;0.0;0.0;0.0;0.0;0.0;0.0;0.0;0.0;0.0;0.0;0.0;0.032258
40134;0.347917;0.5;0.116667;0.0;0.033333;0.0;0.0;0.0;0.0;0.0;0.0;0.0;0.0;0.0;0.0;0.002083
40135;0.326829;0.507317;0.160976;0.0;0.004878;0.0;0.0;0.0;0.0;0.0;0.0;0.0;0.0;0.0;0.0;0.0
40136;0.252747;0.450549;0.098901;0.0;0.175824;0.0;0.0;0.0;0.0;0.0;0.0;0.0;0.0;0.0;0.0;0.021978
40138;0.361663;0.401365;0.172457;0.0;0.058313;0.0;0.0;0.0;0.0;0.0;0.0;0.0;0.0;0.0;0.0;0.006203
40139;0.333333;0.515625;0.078125;0.0;0.0625;0.0;0.0;0.0;0.0;0.0;0.0;0.0;0.0;0.0;0.0;0.010417
40140;0.358491;0.45283;0.113208;0.0;0.075472;0.0;0.0;0.0;0.0;0.0;0.0;0.0;0.0;0.0;0.0;0.0
40141;0.305509;0.470785;0.168614;0.0;0.048414;0.0;0.0;0.0;0.0;0.0;0.0;0.0;0.0;0.0;0.0;0.006678
40142;0.358974;0.487179;0.076923;0.0;0.076923;0.0;0.0;0.0;0.0;0.0;0.0;0.0;0.0;0.0;0.0;0.0
40143;0.322581;0.548387;0.096774;0.0;0.016129;0.0;0.0;0.0;0.0;0.0;0.0;0.0;0.0;0.0;0.0;0.016129
40144;0.0;0.333333;0.5;0.0;0.0;0.0;0.0;0.0;0.0;0.0;0.0;0.0;0.0;0.0;0.0;0.166667
40145;0.297821;0.434625;0.159806;0.0;0.101695;0.0;0.0;0.0;0.0;0.0;0.0;0.0;0.0;0.0;0.0;0.006053
40146;0.256757;0.427928;0.225225;0.0;0.076577;0.0;0.0;0.0;0.0;0.0;0.0;0.0;0.0;0.0;0.0;0.013514
40148;0.410112;0.466292;0.078652;0.0;0.044944;0.0;0.0;0.0;0.0;0.0;0.0;0.0;0.0;0.0;0.0;0.0
40149;0.264984;0.533123;0.11041;0.0;0.078864;0.0;0.0;0.0;0.0;0.0;0.0;0.0;0.0;0.0;0.0;0.012618
40150;0.255319;0.553191;0.021277;0.0;0.170213;0.0;0.0;0.0;0.0;0.0;0.0;0.0;0.0;0.0;0.0;0.0
40151;0.1875;0.71875;0.0625;0.0;0.03125;0.0;0.0;0.0;0.0;0.0;0.0;0.0;0.0;0.0;0.0;0.0
40152;0.341137;0.419732;0.160535;0.0;0.065217;0.0;0.0;0.0;0.0;0.0;0.0;0.0;0.0;0.0;0.0;0.013378
40154;0.227273;0.590909;0.090909;0.0;0.0;0.0;0.0;0.0;0.0;0.0;0.0;0.0;0.0;0.0;0.0;0.090909
40155;0.319285;0.407727;0.147829;0.0;0.105364;0.0;0.0;0.0;0.0;0.0;0.0;0.0;0.0;0.0;0.0;0.019796
40156;0.260664;0.507109;0.127962;0.0;0.080569;0.0;0.0;0.0;0.0;0.0;0.0;0.0;0.0;0.0;0.0;0.023697
40157;0.090909;0.545455;0.151515;0.0;0.212121;0.0;0.0;0.0;0.0;0.0;0.0;0.0;0.0;0.0;0.0;0.0
40158;0.142857;0.642857;0.142857;0.0;0.071429;0.0;0.0;0.0;0.0;0.0;0.0;0.0;0.0;0.0;0.0;0.0
40159;0.202247;0.550562;0.202247;0.0;0.033708;0.0;0.0;0.0;0.0;0.0;0.0;0.0;0.0;0.0;0.0;0.011236
40160;0.188406;0.550725;0.217391;0.0;0.028986;0.0;0.0;0.0;0.0;0.0;0.0;0.0;0.0;0.0;0.0;0.014493
40161;0.111111;0.703704;0.148148;0.0;0.037037;0.0;0.0;0.0;0.0;0.0;0.0;0.0;0.0;0.0;0.0;0.0
40162;0.219424;0.514388;0.205036;0.0;0.035971;0.0;0.0;0.0;0.0;0.0;0.0;0.0;0.0;0.0;0.0;0.02518
40163;0.057143;0.8;0.114286;0.0;0.028571;0.0;0.0;0.0;0.0;0.0;0.0;0.0;0.0;0.0;0.0;0.0
40164;0.152174;0.57971;0.253623;0.0;0.014493;0.0;0.0;0.0;0.0;0.0;0.0;0.0;0.0;0.0;0.0;0.0
40165;0.42623;0.327869;0.131148;0.0;0.081967;0.0;0.0;0.0;0.0;0.0;0.0;0.0;0.0;0.0;0.0;0.032787
40166;0.252688;0.596774;0.107527;0.0;0.037634;0.0;0.0;0.0;0.0;0.0;0.0;0.0;0.0;0.0;0.0;0.005376
40168;0.363636;0.409091;0.090909;0.0;0.136364;0.0;0.0;0.0;0.0;0.0;0.0;0.0;0.0;0.0;0.0;0.0
40170;0.258879;0.504673;0.175701;0.0;0.054206;0.0;0.0;0.0;0.0;0.0;0.0;0.0;0.0;0.0;0.0;0.006542
40171;0.25;0.5;0.25;0.0;0.0;0.0;0.0;0.0;0.0;0.0;0.0;0.0;0.0;0.0;0.0;0.0
40172;0.413793;0.310345;0.206897;0.0;0.068966;0.0;0.0;0.0;0.0;0.0;0.0;0.0;0.0;0.0;0.0;0.0
40173;0.282443;0.366412;0.236641;0.0;0.091603;0.0;0.0;0.0;0.0;0.0;0.0;0.0;0.0;0.0;0.0;0.022901
40174;0.183962;0.636792;0.15566;0.0;0.018868;0.0;0.0;0.0;0.0;0.0;0.0;0.0;0.0;0.0;0.0;0.004717
40176;0.45583;0.413428;0.063604;0.0;0.060071;0.0;0.0;0.0;0.0;0.0;0.0;0.0;0.0;0.0;0.0;0.007067
40177;0.270833;0.5;0.197917;0.0;0.020833;0.0;0.0;0.0;0.0;0.0;0.0;0.0;0.0;0.0;0.0;0.010417
40178;0.105263;0.684211;0.192982;0.0;0.017544;0.0;0.0;0.0;0.0;0.0;0.0;0.0;0.0;0.0;0.0;0.0
40179;0.343454;0.462998;0.121442;0.0;0.064516;0.0;0.0;0.0;0.0;0.0;0.0;0.0;0.0;0.0;0.0;0.00759
40180;0.152284;0.593909;0.218274;0.0;0.030457;0.0;0.0;0.0;0.0;0.0;0.0;0.0;0.0;0.0;0.0;0.005076
40181;0.382614;0.373414;0.136104;0.0;0.096764;0.0;0.0;0.0;0.0;0.0;0.0;0.0;0.0;0.0;0.0;0.011104
40182;0.393162;0.358974;0.102564;0.0;0.111111;0.0;0.0;0.0;0.0;0.0;0.0;0.0;0.0;0.0;0.0;0.034188
40183;0.091837;0.72449;0.163265;0.0;0.0;0.0;0.0;0.0;0.0;0.0;0.0;0.0;0.0;0.0;0.0;0.020408
40184;0.179487;0.620513;0.138462;0.0;0.05641;0.0;0.0;0.0;0.0;0.0;0.0;0.0;0.0;0.0;0.0;0.005128
40185;0.292948;0.522604;0.139241;0.0;0.039783;0.0;0.0;0.0;0.0;0.0;0.0;0.0;0.0;0.0;0.0;0.005425
40186;0.461538;0.307692;0.153846;0.0;0.025641;0.0;0.0;0.0;0.0;0.0;0.0;0.0;0.0;0.0;0.0;0.051282
40188;0.166667;0.533333;0.116667;0.0;0.133333;0.0;0.0;0.0;0.0;0.0;0.0;0.0;0.0;0.0;0.0;0.05
40189;0.441595;0.307692;0.182336;0.0;0.062678;0.0;0.0;0.0;0.0;0.0;0.0;0.0;0.0;0.0;0.0;0.005698
40190;0.166667;0.638889;0.138889;0.0;0.027778;0.0;0.0;0.0;0.0;0.0;0.0;0.0;0.0;0.0;0.0;0.027778
40191;0.26087;0.490683;0.198758;0.0;0.037267;0.0;0.0;0.0;0.0;0.0;0.0;0.0;0.0;0.0;0.0;0.012422
40192;0.323232;0.555556;0.080808;0.0;0.040404;0.0;0.0;0.0;0.0;0.0;0.0;0.0;0.0;0.0;0.0;0.0
40193;0.394904;0.414013;0.11465;0.0;0.070064;0.0;0.0;0.0;0.0;0.0;0.0;0.0;0.0;0.0;0.0;0.006369
40194;0.333177;0.446387;0.119409;0.0;0.086899;0.0;0.0;0.0;0.0;0.0;0.0;0.0;0.0;0.0;0.0;0.014129
40195;0.327616;0.502573;0.102916;0.0;0.054889;0.0;0.0;0.0;0.0;0.0;0.0;0.0;0.0;0.0;0.0;0.012007
40196;0.04;0.72;0.24;0.0;0.0;0.0;0.0;0.0;0.0;0.0;0.0;0.0;0.0;0.0;0.0;0.0
40198;0.111111;0.722222;0.166667;0.0;0.0;0.0;0.0;0.0;0.0;0.0;0.0;0.0;0.0;0.0;0.0;0.0
40199;0.296703;0.483516;0.208791;0.0;0.010989;0.0;0.0;0.0;0.0;0.0;0.0;0.0;0.0;0.0;0.0;0.0
40200;0.588235;0.323529;0.029412;0.0;0.058824;0.0;0.0;0.0;0.0;0.0;0.0;0.0;0.0;0.0;0.0;0.0
40201;0.096774;0.709677;0.129032;0.0;0.064516;0.0;0.0;0.0;0.0;0.0;0.0;0.0;0.0;0.0;0.0;0.0
40202;0.292683;0.634146;0.04878;0.0;0.0;0.0;0.0;0.0;0.0;0.0;0.0;0.0;0.0;0.0;0.0;0.02439
40203;0.275943;0.380896;0.199292;0.0;0.125;0.0;0.0;0.0;0.0;0.0;0.0;0.0;0.0;0.0;0.0;0.018868
40204;0.237113;0.56701;0.123711;0.0;0.061856;0.0;0.0;0.0;0.0;0.0;0.0;0.0;0.0;0.0;0.0;0.010309
40205;0.298246;0.538012;0.099415;0.0;0.040936;0.0;0.0;0.0;0.0;0.0;0.0;0.0;0.0;0.0;0.0;0.023392
40206;0.289062;0.414062;0.109375;0.0;0.164062;0.0;0.0;0.0;0.0;0.0;0.0;0.0;0.0;0.0;0.0;0.023438
40207;0.285714;0.445113;0.141353;0.0;0.105263;0.0;0.0;0.0;0.0;0.0;0.0;0.0;0.0;0.0;0.0;0.022556
40208;0.256932;0.528651;0.162662;0.0;0.048059;0.0;0.0;0.0;0.0;0.0;0.0;0.0;0.0;0.0;0.0;0.003697
40210;0.191781;0.465753;0.273973;0.0;0.068493;0.0;0.0;0.0;0.0;0.0;0.0;0.0;0.0;0.0;0.0;0.0
40211;0.230769;0.423077;0.211538;0.0;0.134615;0.0;0.0;0.0;0.0;0.0;0.0;0.0;0.0;0.0;0.0;0.0
40212;0.291667;0.541667;0.083333;0.0;0.041667;0.0;0.0;0.0;0.0;0.0;0.0;0.0;0.0;0.0;0.0;0.041667
40213;0.294118;0.5;0.132353;0.0;0.073529;0.0;0.0;0.0;0.0;0.0;0.0;0.0;0.0;0.0;0.0;0.0
40214;0.296053;0.486842;0.138158;0.0;0.059211;0.0;0.0;0.0;0.0;0.0;0.0;0.0;0.0;0.0;0.0;0.019737
40215;0.225806;0.580645;0.145161;0.0;0.048387;0.0;0.0;0.0;0.0;0.0;0.0;0.0;0.0;0.0;0.0;0.0
40216;0.237366;0.488515;0.196018;0.0;0.068913;0.0;0.0;0.0;0.0;0.0;0.0;0.0;0.0;0.0;0.0;0.009188
40218;0.09434;0.811321;0.09434;0.0;0.0;0.0;0.0;0.0;0.0;0.0;0.0;0.0;0.0;0.0;0.0;0.0
40219;0.135204;0.604592;0.165816;0.0;0.066327;0.0;0.0;0.0;0.0;0.0;0.0;0.0;0.0;0.0;0.0;0.028061
40220;0.288462;0.5;0.115385;0.0;0.096154;0.0;0.0;0.0;0.0;0.0;0.0;0.0;0.0;0.0;0.0;0.0
40221;0.25;0.613636;0.068182;0.0;0.068182;0.0;0.0;0.0;0.0;0.0;0.0;0.0;0.0;0.0;0.0;0.0
40222;0.390977;0.43609;0.120301;0.0;0.052632;0.0;0.0;0.0;0.0;0.0;0.0;0.0;0.0;0.0;0.0;0.0
40223;0.358696;0.342391;0.163043;0.0;0.103261;0.0;0.0;0.0;0.0;0.0;0.0;0.0;0.0;0.0;0.0;0.032609
40224;0.076923;0.769231;0.0;0.0;0.153846;0.0;0.0;0.0;0.0;0.0;0.0;0.0;0.0;0.0;0.0;0.0
40225;0.272167;0.428571;0.25;0.0;0.041872;0.0;0.0;0.0;0.0;0.0;0.0;0.0;0.0;0.0;0.0;0.007389
40228;0.292818;0.544199;0.138122;0.0;0.024862;0.0;0.0;0.0;0.0;0.0;0.0;0.0;0.0;0.0;0.0;0.0
40229;0.166667;0.833333;0.0;0.0;0.0;0.0;0.0;0.0;0.0;0.0;0.0;0.0;0.0;0.0;0.0;0.0
40230;0.405405;0.243243;0.27027;0.0;0.067568;0.0;0.0;0.0;0.0;0.0;0.0;0.0;0.0;0.0;0.0;0.013514
40231;0.39759;0.457831;0.108434;0.0;0.036145;0.0;0.0;0.0;0.0;0.0;0.0;0.0;0.0;0.0;0.0;0.0
40233;0.332226;0.428571;0.139535;0.0;0.093023;0.0;0.0;0.0;0.0;0.0;0.0;0.0;0.0;0.0;0.0;0.006645
40234;0.326165;0.451613;0.164875;0.0;0.043011;0.0;0.0;0.0;0.0;0.0;0.0;0.0;0.0;0.0;0.0;0.014337
40901;0.305882;0.402941;0.152941;0.0;0.129412;0.0;0.0;0.0;0.0;0.0;0.0;0.0;0.0;0.0;0.0;0.008824
40902;0.148649;0.675676;0.121622;0.0;0.054054;0.0;0.0;0.0;0.0;0.0;0.0;0.0;0.0;0.0;0.0;0.0
40903;0.151515;0.515152;0.257576;0.0;0.060606;0.0;0.0;0.0;0.0;0.0;0.0;0.0;0.0;0.0;0.0;0.015152
40904;0.20462;0.508251;0.132013;0.0;0.141914;0.0;0.0;0.0;0.0;0.0;0.0;0.0;0.0;0.0;0.0;0.013201
40905;0.159574;0.648936;0.180851;0.0;0.010638;0.0;0.0;0.0;0.0;0.0;0.0;0.0;0.0;0.0;0.0;0.0
40906;0.323644;0.415316;0.145333;0.0;0.099497;0.0;0.0;0.0;0.0;0.0;0.0;0.0;0.0;0.0;0.0;0.01621
41001;0.411404;0.284211;0.082456;0.0;0.217544;0.0;0.0;0.0;0.0;0.0;0.0;0.0;0.0;0.0;0.0;0.004386
41002;0.374233;0.445808;0.109407;0.0;0.063395;0.0;0.0;0.0;0.0;0.0;0.0;0.0;0.0;0.0;0.0;0.007157
41003;0.407263;0.373184;0.126816;0.0;0.079888;0.0;0.0;0.0;0.0;0.0;0.0;0.0;0.0;0.0;0.0;0.012849
41004;0.364884;0.308459;0.156753;0.0;0.145457;0.0;0.0;0.0;0.0;0.0;0.0;0.0;0.0;0.0;0.0;0.024448
41005;0.337496;0.307431;0.148319;0.0;0.193648;0.0;0.0;0.0;0.0;0.0;0.0;0.0;0.0;0.0;0.0;0.013105
41006;0.505508;0.257038;0.134639;0.0;0.089351;0.0;0.0;0.0;0.0;0.0;0.0;0.0;0.0;0.0;0.0;0.013464
41007;0.461749;0.257228;0.126115;0.0;0.140393;0.0;0.0;0.0;0.0;0.0;0.0;0.0;0.0;0.0;0.0;0.014515
41008;0.574156;0.182085;0.116006;0.0;0.123348;0.0;0.0;0.0;0.0;0.0;0.0;0.0;0.0;0.0;0.0;0.004405
41009;0.386719;0.402344;0.147135;0.0;0.052083;0.0;0.0;0.0;0.0;0.0;0.0;0.0;0.0;0.0;0.0;0.011719
41010;0.315162;0.288651;0.155198;0.0;0.221031;0.0;0.0;0.0;0.0;0.0;0.0;0.0;0.0;0.0;0.0;0.019958
41011;0.502724;0.264351;0.091749;0.0;0.130181;0.0;0.0;0.0;0.0;0.0;0.0;0.0;0.0;0.0;0.0;0.010994
41012;0.44697;0.303476;0.147504;0.0;0.089127;0.0;0.0;0.0;0.0;0.0;0.0;0.0;0.0;0.0;0.0;0.012923
41013;0.599934;0.160159;0.069159;0.0;0.16049;0.0;0.0;0.0;0.0;0.0;0.0;0.0;0.0;0.0;0.0;0.010258
41014;0.354857;0.153143;0.069143;0.0;0.413714;0.0;0.0;0.0;0.0;0.0;0.0;0.0;0.0;0.0;0.0;0.009143
41015;0.392586;0.336422;0.161752;0.0;0.094075;0.0;0.0;0.0;0.0;0.0;0.0;0.0;0.0;0.0;0.0;0.015164
41016;0.304934;0.35077;0.174423;0.0;0.153079;0.0;0.0;0.0;0.0;0.0;0.0;0.0;0.0;0.0;0.0;0.016795
41017;0.308405;0.391453;0.152575;0.0;0.130623;0.0;0.0;0.0;0.0;0.0;0.0;0.0;0.0;0.0;0.0;0.016943
41018;0.510669;0.21242;0.107962;0.0;0.157006;0.0;0.0;0.0;0.0;0.0;0.0;0.0;0.0;0.0;0.0;0.011943
41019;0.373939;0.323865;0.180088;0.0;0.107174;0.0;0.0;0.0;0.0;0.0;0.0;0.0;0.0;0.0;0.0;0.014934
41020;0.435593;0.285768;0.133567;0.0;0.138569;0.0;0.0;0.0;0.0;0.0;0.0;0.0;0.0;0.0;0.0;0.006503
41021;0.408435;0.28065;0.130867;0.0;0.162673;0.0;0.0;0.0;0.0;0.0;0.0;0.0;0.0;0.0;0.0;0.017374
41022;0.480044;0.203252;0.083149;0.0;0.223577;0.0;0.0;0.0;0.0;0.0;0.0;0.0;0.0;0.0;0.0;0.009978
41023;0.438393;0.336888;0.115787;0.0;0.098077;0.0;0.0;0.0;0.0;0.0;0.0;0.0;0.0;0.0;0.0;0.010855
41024;0.384059;0.341929;0.136035;0.0;0.108238;0.0;0.0;0.0;0.0;0.0;0.0;0.0;0.0;0.0;0.0;0.029739
41025;0.356885;0.355443;0.139149;0.0;0.136986;0.0;0.0;0.0;0.0;0.0;0.0;0.0;0.0;0.0;0.0;0.011536
41026;0.30114;0.133312;0.066181;0.0;0.349905;0.0;0.0;0.0;0.0;0.0;0.0;0.0;0.0;0.0;0.0;0.149462
41027;0.387324;0.302817;0.154538;0.0;0.143584;0.0;0.0;0.0;0.0;0.0;0.0;0.0;0.0;0.0;0.0;0.011737
41028;0.340896;0.331588;0.143106;0.0;0.169284;0.0;0.0;0.0;0.0;0.0;0.0;0.0;0.0;0.0;0.0;0.015125
41029;0.384624;0.338992;0.124459;0.0;0.136246;0.0;0.0;0.0;0.0;0.0;0.0;0.0;0.0;0.0;0.0;0.015679
41030;0.484932;0.284932;0.09863;0.0;0.120548;0.0;0.0;0.0;0.0;0.0;0.0;0.0;0.0;0.0;0.0;0.010959
41031;0.561125;0.222494;0.118582;0.0;0.084352;0.0;0.0;0.0;0.0;0.0;0.0;0.0;0.0;0.0;0.0;0.013447
41032;0.4051;0.372678;0.096175;0.0;0.11439;0.0;0.0;0.0;0.0;0.0;0.0;0.0;0.0;0.0;0.0;0.011658
41033;0.430442;0.369325;0.137369;0.0;0.055588;0.0;0.0;0.0;0.0;0.0;0.0;0.0;0.0;0.0;0.0;0.007276
41034;0.422287;0.267408;0.160404;0.0;0.131487;0.0;0.0;0.0;0.0;0.0;0.0;0.0;0.0;0.0;0.0;0.018414
41035;0.46755;0.335099;0.124503;0.0;0.066225;0.0;0.0;0.0;0.0;0.0;0.0;0.0;0.0;0.0;0.0;0.006623
41036;0.390888;0.191041;0.063936;0.0;0.346478;0.0;0.0;0.0;0.0;0.0;0.0;0.0;0.0;0.0;0.0;0.007657
41037;0.438824;0.176394;0.088629;0.0;0.287938;0.0;0.0;0.0;0.0;0.0;0.0;0.0;0.0;0.0;0.0;0.008214
41038;0.373378;0.304105;0.157938;0.0;0.144894;0.0;0.0;0.0;0.0;0.0;0.0;0.0;0.0;0.0;0.0;0.019684
41039;0.328631;0.419915;0.146979;0.0;0.093162;0.0;0.0;0.0;0.0;0.0;0.0;0.0;0.0;0.0;0.0;0.011313
41040;0.258516;0.438755;0.176404;0.0;0.112452;0.0;0.0;0.0;0.0;0.0;0.0;0.0;0.0;0.0;0.0;0.013873
41041;0.379429;0.370503;0.139659;0.0;0.098462;0.0;0.0;0.0;0.0;0.0;0.0;0.0;0.0;0.0;0.0;0.011947
41042;0.456731;0.237637;0.077381;0.0;0.220696;0.0;0.0;0.0;0.0;0.0;0.0;0.0;0.0;0.0;0.0;0.007555
41043;0.488532;0.21789;0.165138;0.0;0.116972;0.0;0.0;0.0;0.0;0.0;0.0;0.0;0.0;0.0;0.0;0.011468
41044;0.337987;0.351431;0.152017;0.0;0.140814;0.0;0.0;0.0;0.0;0.0;0.0;0.0;0.0;0.0;0.0;0.017752
41045;0.382936;0.249937;0.121957;0.0;0.229109;0.0;0.0;0.0;0.0;0.0;0.0;0.0;0.0;0.0;0.0;0.01606
41046;0.443653;0.199109;0.088641;0.0;0.262361;0.0;0.0;0.0;0.0;0.0;0.0;0.0;0.0;0.0;0.0;0.006236
41047;0.319684;0.396607;0.134711;0.0;0.134583;0.0;0.0;0.0;0.0;0.0;0.0;0.0;0.0;0.0;0.0;0.014415
41048;0.482527;0.340054;0.110887;0.0;0.059812;0.0;0.0;0.0;0.0;0.0;0.0;0.0;0.0;0.0;0.0;0.00672
41049;0.417097;0.27165;0.12941;0.0;0.167341;0.0;0.0;0.0;0.0;0.0;0.0;0.0;0.0;0.0;0.0;0.014503
41050;0.375349;0.361146;0.147096;0.0;0.105503;0.0;0.0;0.0;0.0;0.0;0.0;0.0;0.0;0.0;0.0;0.010905
41051;0.453282;0.321236;0.123552;0.0;0.092664;0.0;0.0;0.0;0.0;0.0;0.0;0.0;0.0;0.0;0.0;0.009266
41052;0.503157;0.240894;0.110248;0.0;0.137931;0.0;0.0;0.0;0.0;0.0;0.0;0.0;0.0;0.0;0.0;0.007771
41053;0.40568;0.314887;0.141559;0.0;0.12415;0.0;0.0;0.0;0.0;0.0;0.0;0.0;0.0;0.0;0.0;0.013724
41054;0.453571;0.260714;0.164286;0.0;0.101786;0.0;0.0;0.0;0.0;0.0;0.0;0.0;0.0;0.0;0.0;0.019643
41055;0.419395;0.346613;0.133107;0.0;0.093679;0.0;0.0;0.0;0.0;0.0;0.0;0.0;0.0;0.0;0.0;0.007206
41056;0.510957;0.243608;0.127831;0.0;0.11103;0.0;0.0;0.0;0.0;0.0;0.0;0.0;0.0;0.0;0.0;0.006574
41057;0.457711;0.363184;0.064677;0.0;0.104478;0.0;0.0;0.0;0.0;0.0;0.0;0.0;0.0;0.0;0.0;0.00995
41058;0.335482;0.371446;0.153099;0.0;0.124204;0.0;0.0;0.0;0.0;0.0;0.0;0.0;0.0;0.0;0.0;0.015768
41059;0.328475;0.353519;0.128724;0.0;0.170527;0.0;0.0;0.0;0.0;0.0;0.0;0.0;0.0;0.0;0.0;0.018755
41060;0.376751;0.357774;0.143169;0.0;0.110482;0.0;0.0;0.0;0.0;0.0;0.0;0.0;0.0;0.0;0.0;0.011823
41061;0.202618;0.121571;0.055486;0.0;0.61409;0.0;0.0;0.0;0.0;0.0;0.0;0.0;0.0;0.0;0.0;0.006234
41062;0.467385;0.087971;0.048474;0.0;0.393776;0.0;0.0;0.0;0.0;0.0;0.0;0.0;0.0;0.0;0.0;0.002394
41063;0.420535;0.274713;0.153468;0.0;0.140907;0.0;0.0;0.0;0.0;0.0;0.0;0.0;0.0;0.0;0.0;0.010377
41064;0.448685;0.32784;0.134432;0.0;0.081816;0.0;0.0;0.0;0.0;0.0;0.0;0.0;0.0;0.0;0.0;0.007228
41065;0.457401;0.257415;0.113248;0.0;0.159555;0.0;0.0;0.0;0.0;0.0;0.0;0.0;0.0;0.0;0.0;0.012381
41066;0.611617;0.198178;0.058087;0.0;0.129841;0.0;0.0;0.0;0.0;0.0;0.0;0.0;0.0;0.0;0.0;0.002278
41067;0.408325;0.333598;0.132012;0.0;0.115362;0.0;0.0;0.0;0.0;0.0;0.0;0.0;0.0;0.0;0.0;0.010704
41068;0.494654;0.275431;0.10109;0.0;0.118662;0.0;0.0;0.0;0.0;0.0;0.0;0.0;0.0;0.0;0.0;0.010162
41069;0.264816;0.368539;0.200469;0.0;0.149728;0.0;0.0;0.0;0.0;0.0;0.0;0.0;0.0;0.0;0.0;0.016448
41070;0.291137;0.342634;0.164957;0.0;0.176446;0.0;0.0;0.0;0.0;0.0;0.0;0.0;0.0;0.0;0.0;0.024826
41071;0.446167;0.261838;0.10372;0.0;0.174183;0.0;0.0;0.0;0.0;0.0;0.0;0.0;0.0;0.0;0.0;0.014092
41072;0.389346;0.117396;0.072016;0.0;0.415982;0.0;0.0;0.0;0.0;0.0;0.0;0.0;0.0;0.0;0.0;0.005261
41073;0.441331;0.338879;0.125219;0.0;0.079685;0.0;0.0;0.0;0.0;0.0;0.0;0.0;0.0;0.0;0.0;0.014886
41074;0.429721;0.245149;0.083294;0.0;0.232371;0.0;0.0;0.0;0.0;0.0;0.0;0.0;0.0;0.0;0.0;0.009465
41075;0.32241;0.377361;0.169147;0.0;0.117773;0.0;0.0;0.0;0.0;0.0;0.0;0.0;0.0;0.0;0.0;0.013309
41076;0.474391;0.271201;0.092359;0.0;0.151973;0.0;0.0;0.0;0.0;0.0;0.0;0.0;0.0;0.0;0.0;0.010076
41077;0.407835;0.290136;0.127142;0.0;0.162644;0.0;0.0;0.0;0.0;0.0;0.0;0.0;0.0;0.0;0.0;0.012242
41078;0.483001;0.271395;0.108441;0.0;0.127198;0.0;0.0;0.0;0.0;0.0;0.0;0.0;0.0;0.0;0.0;0.009965
41079;0.4343;0.262802;0.150886;0.0;0.135105;0.0;0.0;0.0;0.0;0.0;0.0;0.0;0.0;0.0;0.0;0.016908
41080;0.416761;0.317101;0.155153;0.0;0.09966;0.0;0.0;0.0;0.0;0.0;0.0;0.0;0.0;0.0;0.0;0.011325
41081;0.469367;0.226487;0.118882;0.0;0.167259;0.0;0.0;0.0;0.0;0.0;0.0;0.0;0.0;0.0;0.0;0.018005
41082;0.505859;0.271875;0.115625;0.0;0.090234;0.0;0.0;0.0;0.0;0.0;0.0;0.0;0.0;0.0;0.0;0.016406
41083;0.53222;0.22673;0.114558;0.0;0.118138;0.0;0.0;0.0;0.0;0.0;0.0;0.0;0.0;0.0;0.0;0.008353
41084;0.42963;0.335979;0.130688;0.0;0.1;0.0;0.0;0.0;0.0;0.0;0.0;0.0;0.0;0.0;0.0;0.003704
41085;0.341657;0.369976;0.153471;0.0;0.121194;0.0;0.0;0.0;0.0;0.0;0.0;0.0;0.0;0.0;0.0;0.013703
41086;0.411748;0.299856;0.139432;0.0;0.129803;0.0;0.0;0.0;0.0;0.0;0.0;0.0;0.0;0.0;0.0;0.019162
41087;0.342701;0.355627;0.166222;0.0;0.119151;0.0;0.0;0.0;0.0;0.0;0.0;0.0;0.0;0.0;0.0;0.016299
41088;0.51;0.31;0.0725;0.0;0.0975;0.0;0.0;0.0;0.0;0.0;0.0;0.0;0.0;0.0;0.0;0.01
41089;0.391862;0.258318;0.147932;0.0;0.184577;0.0;0.0;0.0;0.0;0.0;0.0;0.0;0.0;0.0;0.0;0.017311
41090;0.436282;0.300325;0.128247;0.0;0.124594;0.0;0.0;0.0;0.0;0.0;0.0;0.0;0.0;0.0;0.0;0.010552
41091;0.339592;0.376372;0.124429;0.0;0.142978;0.0;0.0;0.0;0.0;0.0;0.0;0.0;0.0;0.0;0.0;0.016628
41092;0.523482;0.249361;0.131657;0.0;0.085675;0.0;0.0;0.0;0.0;0.0;0.0;0.0;0.0;0.0;0.0;0.009825
41093;0.267195;0.462251;0.133732;0.0;0.123455;0.0;0.0;0.0;0.0;0.0;0.0;0.0;0.0;0.0;0.0;0.013366
41094;0.377072;0.32592;0.188233;0.0;0.095633;0.0;0.0;0.0;0.0;0.0;0.0;0.0;0.0;0.0;0.0;0.013142
41095;0.366499;0.346622;0.164094;0.0;0.106134;0.0;0.0;0.0;0.0;0.0;0.0;0.0;0.0;0.0;0.0;0.016652
41096;0.310209;0.408987;0.114102;0.0;0.153448;0.0;0.0;0.0;0.0;0.0;0.0;0.0;0.0;0.0;0.0;0.013253
41097;0.449797;0.376857;0.107609;0.0;0.062584;0.0;0.0;0.0;0.0;0.0;0.0;0.0;0.0;0.0;0.0;0.003152
41098;0.368033;0.360397;0.150929;0.0;0.106643;0.0;0.0;0.0;0.0;0.0;0.0;0.0;0.0;0.0;0.0;0.013998
41099;0.498132;0.206725;0.17144;0.0;0.111665;0.0;0.0;0.0;0.0;0.0;0.0;0.0;0.0;0.0;0.0;0.012038
41100;0.528523;0.265101;0.130872;0.0;0.062081;0.0;0.0;0.0;0.0;0.0;0.0;0.0;0.0;0.0;0.0;0.013423
41101;0.431733;0.315443;0.138183;0.0;0.106403;0.0;0.0;0.0;0.0;0.0;0.0;0.0;0.0;0.0;0.0;0.008239
41102;0.363802;0.318301;0.165622;0.0;0.134176;0.0;0.0;0.0;0.0;0.0;0.0;0.0;0.0;0.0;0.0;0.018099
41901;0.661059;0.188026;0.065809;0.0;0.081148;0.0;0.0;0.0;0.0;0.0;0.0;0.0;0.0;0.0;0.0;0.003958
41902;0.46388;0.268794;0.135314;0.0;0.116978;0.0;0.0;0.0;0.0;0.0;0.0;0.0;0.0;0.0;0.0;0.015035
41903;0.404575;0.346405;0.138998;0.0;0.096296;0.0;0.0;0.0;0.0;0.0;0.0;0.0;0.0;0.0;0.0;0.013725
41904;0.646154;0.138462;0.132692;0.0;0.072115;0.0;0.0;0.0;0.0;0.0;0.0;0.0;0.0;0.0;0.0;0.010577
42001;0.322034;0.333333;0.129944;0.0;0.045198;0.0;0.0;0.0;0.0;0.0;0.0;0.0;0.0;0.0;0.0;0.169492
42003;0.072727;0.672727;0.109091;0.0;0.018182;0.0;0.0;0.0;0.0;0.0;0.0;0.0;0.0;0.0;0.0;0.127273
42004;0.261283;0.43943;0.16924;0.0;0.014252;0.0;0.0;0.0;0.0;0.0;0.0;0.0;0.0;0.0;0.0;0.115796
42006;0.184615;0.407692;0.076923;0.0;0.053846;0.0;0.0;0.0;0.0;0.0;0.0;0.0;0.0;0.0;0.0;0.276923
42007;0.271605;0.555556;0.08642;0.0;0.0;0.0;0.0;0.0;0.0;0.0;0.0;0.0;0.0;0.0;0.0;0.08642
42008;0.205128;0.538462;0.102564;0.0;0.051282;0.0;0.0;0.0;0.0;0.0;0.0;0.0;0.0;0.0;0.0;0.102564
42009;0.144928;0.449275;0.086957;0.0;0.014493;0.0;0.0;0.0;0.0;0.0;0.0;0.0;0.0;0.0;0.0;0.304348
42010;0.1875;0.6875;0.0625;0.0;0.0625;0.0;0.0;0.0;0.0;0.0;0.0;0.0;0.0;0.0;0.0;0.0
42011;0.333333;0.416667;0.0;0.0;0.0;0.0;0.0;0.0;0.0;0.0;0.0;0.0;0.0;0.0;0.0;0.25
42012;0.285714;0.333333;0.095238;0.0;0.0;0.0;0.0;0.0;0.0;0.0;0.0;0.0;0.0;0.0;0.0;0.285714
42013;0.555556;0.148148;0.037037;0.0;0.0;0.0;0.0;0.0;0.0;0.0;0.0;0.0;0.0;0.0;0.0;0.259259
42014;0.186047;0.27907;0.209302;0.0;0.0;0.0;0.0;0.0;0.0;0.0;0.0;0.0;0.0;0.0;0.0;0.325581
42015;0.1;0.5;0.1;0.0;0.0;0.0;0.0;0.0;0.0;0.0;0.0;0.0;0.0;0.0;0.0;0.3
42016;0.066667;0.333333;0.066667;0.0;0.133333;0.0;0.0;0.0;0.0;0.0;0.0;0.0;0.0;0.0;0.0;0.4
42017;0.401786;0.232143;0.133929;0.0;0.053571;0.0;0.0;0.0;0.0;0.0;0.0;0.0;0.0;0.0;0.0;0.178571
42018;0.134831;0.685393;0.101124;0.0;0.022472;0.0;0.0;0.0;0.0;0.0;0.0;0.0;0.0;0.0;0.0;0.05618
42019;0.228205;0.394872;0.115385;0.0;0.041026;0.0;0.0;0.0;0.0;0.0;0.0;0.0;0.0;0.0;0.0;0.220513
42020;0.330851;0.375177;0.087589;0.0;0.025177;0.0;0.0;0.0;0.0;0.0;0.0;0.0;0.0;0.0;0.0;0.181206
42021;0.159091;0.5;0.159091;0.0;0.022727;0.0;0.0;0.0;0.0;0.0;0.0;0.0;0.0;0.0;0.0;0.159091
42022;0.130137;0.458904;0.136986;0.0;0.013699;0.0;0.0;0.0;0.0;0.0;0.0;0.0;0.0;0.0;0.0;0.260274
42023;0.191489;0.659574;0.106383;0.0;0.0;0.0;0.0;0.0;0.0;0.0;0.0;0.0;0.0;0.0;0.0;0.042553
42024;0.140625;0.5;0.140625;0.0;0.03125;0.0;0.0;0.0;0.0;0.0;0.0;0.0;0.0;0.0;0.0;0.1875
42025;0.36209;0.36938;0.123937;0.0;0.035237;0.0;0.0;0.0;0.0;0.0;0.0;0.0;0.0;0.0;0.0;0.109356
42026;0.103448;0.586207;0.0;0.0;0.0;0.0;0.0;0.0;0.0;0.0;0.0;0.0;0.0;0.0;0.0;0.310345
42027;0.355932;0.389831;0.101695;0.0;0.067797;0.0;0.0;0.0;0.0;0.0;0.0;0.0;0.0;0.0;0.0;0.084746
42028;0.391304;0.275362;0.086957;0.0;0.072464;0.0;0.0;0.0;0.0;0.0;0.0;0.0;0.0;0.0;0.0;0.173913
42029;0.157895;0.684211;0.042105;0.0;0.042105;0.0;0.0;0.0;0.0;0.0;0.0;0.0;0.0;0.0;0.0;0.073684
42030;0.106667;0.64;0.093333;0.0;0.0;0.0;0.0;0.0;0.0;0.0;0.0;0.0;0.0;0.0;0.0;0.16
42031;0.0625;0.4375;0.0625;0.0;0.0;0.0;0.0;0.0;0.0;0.0;0.0;0.0;0.0;0.0;0.0;0.4375
42032;0.267857;0.464286;0.080357;0.0;0.026786;0.0;0.0;0.0;0.0;0.0;0.0;0.0;0.0;0.0;0.0;0.160714
42033;0.191489;0.553191;0.170213;0.0;0.042553;0.0;0.0;0.0;0.0;0.0;0.0;0.0;0.0;0.0;0.0;0.042553
42034;0.333333;0.333333;0.151515;0.0;0.090909;0.0;0.0;0.0;0.0;0.0;0.0;0.0;0.0;0.0;0.0;0.090909
42035;0.296935;0.427203;0.082375;0.0;0.017241;0.0;0.0;0.0;0.0;0.0;0.0;0.0;0.0;0.0;0.0;0.176245
42036;0.243243;0.189189;0.054054;0.0;0.081081;0.0;0.0;0.0;0.0;0.0;0.0;0.0;0.0;0.0;0.0;0.432432
42037;0.15;0.65;0.15;0.0;0.0;0.0;0.0;0.0;0.0;0.0;0.0;0.0;0.0;0.0;0.0;0.05
42038;0.08;0.6;0.0;0.0;0.16;0.0;0.0;0.0;0.0;0.0;0.0;0.0;0.0;0.0;0.0;0.16
42039;0.401515;0.280303;0.106061;0.0;0.113636;0.0;0.0;0.0;0.0;0.0;0.0;0.0;0.0;0.0;0.0;0.098485
42041;0.125;0.416667;0.125;0.0;0.0;0.0;0.0;0.0;0.0;0.0;0.0;0.0;0.0;0.0;0.0;0.333333
42042;0.115385;0.403846;0.288462;0.0;0.019231;0.0;0.0;0.0;0.0;0.0;0.0;0.0;0.0;0.0;0.0;0.173077
42043;0.23337;0.420066;0.124587;0.0;0.026828;0.0;0.0;0.0;0.0;0.0;0.0;0.0;0.0;0.0;0.0;0.195149
42044;0.022727;0.659091;0.181818;0.0;0.022727;0.0;0.0;0.0;0.0;0.0;0.0;0.0;0.0;0.0;0.0;0.113636
42045;0.244681;0.457447;0.090426;0.0;0.0;0.0;0.0;0.0;0.0;0.0;0.0;0.0;0.0;0.0;0.0;0.207447
42046;0.323529;0.382353;0.029412;0.0;0.147059;0.0;0.0;0.0;0.0;0.0;0.0;0.0;0.0;0.0;0.0;0.117647
42048;0.142857;0.428571;0.122449;0.0;0.0;0.0;0.0;0.0;0.0;0.0;0.0;0.0;0.0;0.0;0.0;0.306122
42049;0.146667;0.573333;0.133333;0.0;0.0;0.0;0.0;0.0;0.0;0.0;0.0;0.0;0.0;0.0;0.0;0.146667
42050;0.111111;0.833333;0.0;0.0;0.0;0.0;0.0;0.0;0.0;0.0;0.0;0.0;0.0;0.0;0.0;0.055556
42051;0.0;1.0;0.0;0.0;0.0;0.0;0.0;0.0;0.0;0.0;0.0;0.0;0.0;0.0;0.0;0.0
42052;0.0;0.5;0.416667;0.0;0.0;0.0;0.0;0.0;0.0;0.0;0.0;0.0;0.0;0.0;0.0;0.083333
42053;0.0;0.916667;0.083333;0.0;0.0;0.0;0.0;0.0;0.0;0.0;0.0;0.0;0.0;0.0;0.0;0.0
42054;0.642857;0.142857;0.071429;0.0;0.0;0.0;0.0;0.0;0.0;0.0;0.0;0.0;0.0;0.0;0.0;0.142857
42055;0.34188;0.384615;0.136752;0.0;0.025641;0.0;0.0;0.0;0.0;0.0;0.0;0.0;0.0;0.0;0.0;0.111111
42056;0.148148;0.592593;0.074074;0.0;0.074074;0.0;0.0;0.0;0.0;0.0;0.0;0.0;0.0;0.0;0.0;0.111111
42057;0.211765;0.6;0.070588;0.0;0.011765;0.0;0.0;0.0;0.0;0.0;0.0;0.0;0.0;0.0;0.0;0.105882
42058;0.150685;0.671233;0.041096;0.0;0.0;0.0;0.0;0.0;0.0;0.0;0.0;0.0;0.0;0.0;0.0;0.136986
42059;0.105263;0.473684;0.315789;0.0;0.0;0.0;0.0;0.0;0.0;0.0;0.0;0.0;0.0;0.0;0.0;0.105263
42060;0.058824;0.647059;0.058824;0.0;0.0;0.0;0.0;0.0;0.0;0.0;0.0;0.0;0.0;0.0;0.0;0.235294
42061;0.25;0.388889;0.092593;0.0;0.037037;0.0;0.0;0.0;0.0;0.0;0.0;0.0;0.0;0.0;0.0;0.231481
42062;0.4;0.4;0.0;0.0;0.2;0.0;0.0;0.0;0.0;0.0;0.0;0.0;0.0;0.0;0.0;0.0
42063;0.28125;0.71875;0.0;0.0;0.0;0.0;0.0;0.0;0.0;0.0;0.0;0.0;0.0;0.0;0.0;0.0
42064;0.381818;0.309091;0.181818;0.0;0.090909;0.0;0.0;0.0;0.0;0.0;0.0;0.0;0.0;0.0;0.0;0.036364
42065;0.105263;0.526316;0.052632;0.0;0.052632;0.0;0.0;0.0;0.0;0.0;0.0;0.0;0.0;0.0;0.0;0.263158
42068;0.160714;0.5;0.125;0.0;0.017857;0.0;0.0;0.0;0.0;0.0;0.0;0.0;0.0;0.0;0.0;0.196429
42069;0.396226;0.337637;0.10427;0.0;0.043694;0.0;0.0;0.0;0.0;0.0;0.0;0.0;0.0;0.0;0.0;0.118173
42070;0.388889;0.333333;0.055556;0.0;0.111111;0.0;0.0;0.0;0.0;0.0;0.0;0.0;0.0;0.0;0.0;0.111111
42071;0.231481;0.462963;0.037037;0.0;0.037037;0.0;0.0;0.0;0.0;0.0;0.0;0.0;0.0;0.0;0.0;0.231481
42073;0.188679;0.584906;0.132075;0.0;0.018868;0.0;0.0;0.0;0.0;0.0;0.0;0.0;0.0;0.0;0.0;0.075472
42075;0.214286;0.607143;0.0;0.0;0.125;0.0;0.0;0.0;0.0;0.0;0.0;0.0;0.0;0.0;0.0;0.053571
42076;0.233083;0.383459;0.135338;0.0;0.007519;0.0;0.0;0.0;0.0;0.0;0.0;0.0;0.0;0.0;0.0;0.240602
42078;0.284741;0.46594;0.088556;0.0;0.029973;0.0;0.0;0.0;0.0;0.0;0.0;0.0;0.0;0.0;0.0;0.13079
42079;0.0;0.882353;0.0;0.0;0.0;0.0;0.0;0.0;0.0;0.0;0.0;0.0;0.0;0.0;0.0;0.117647
42080;0.242991;0.373832;0.140187;0.0;0.009346;0.0;0.0;0.0;0.0;0.0;0.0;0.0;0.0;0.0;0.0;0.233645
42081;0.244681;0.446809;0.159574;0.0;0.021277;0.0;0.0;0.0;0.0;0.0;0.0;0.0;0.0;0.0;0.0;0.12766
42082;0.153846;0.384615;0.076923;0.0;0.0;0.0;0.0;0.0;0.0;0.0;0.0;0.0;0.0;0.0;0.0;0.384615
42083;0.235294;0.411765;0.294118;0.0;0.0;0.0;0.0;0.0;0.0;0.0;0.0;0.0;0.0;0.0;0.0;0.058824
42084;0.15;0.6;0.1;0.0;0.05;0.0;0.0;0.0;0.0;0.0;0.0;0.0;0.0;0.0;0.0;0.1
42085;0.177966;0.618644;0.059322;0.0;0.016949;0.0;0.0;0.0;0.0;0.0;0.0;0.0;0.0;0.0;0.0;0.127119
42086;0.08;0.72;0.0;0.0;0.0;0.0;0.0;0.0;0.0;0.0;0.0;0.0;0.0;0.0;0.0;0.2
42087;0.404255;0.340426;0.042553;0.0;0.042553;0.0;0.0;0.0;0.0;0.0;0.0;0.0;0.0;0.0;0.0;0.170213
42088;0.148148;0.537037;0.203704;0.0;0.018519;0.0;0.0;0.0;0.0;0.0;0.0;0.0;0.0;0.0;0.0;0.092593
42089;0.28;0.4;0.04;0.0;0.02;0.0;0.0;0.0;0.0;0.0;0.0;0.0;0.0;0.0;0.0;0.26
42090;0.381818;0.418182;0.109091;0.0;0.0;0.0;0.0;0.0;0.0;0.0;0.0;0.0;0.0;0.0;0.0;0.090909
42092;0.121951;0.365854;0.365854;0.0;0.0;0.0;0.0;0.0;0.0;0.0;0.0;0.0;0.0;0.0;0.0;0.146341
42093;0.04;0.52;0.08;0.0;0.0;0.0;0.0;0.0;0.0;0.0;0.0;0.0;0.0;0.0;0.0;0.36
42094;0.264113;0.368952;0.122984;0.0;0.050403;0.0;0.0;0.0;0.0;0.0;0.0;0.0;0.0;0.0;0.0;0.193548
42095;0.256475;0.361339;0.137713;0.0;0.04043;0.0;0.0;0.0;0.0;0.0;0.0;0.0;0.0;0.0;0.0;0.204043
42096;0.209459;0.506757;0.081081;0.0;0.040541;0.0;0.0;0.0;0.0;0.0;0.0;0.0;0.0;0.0;0.0;0.162162
42097;0.230769;0.692308;0.0;0.0;0.0;0.0;0.0;0.0;0.0;0.0;0.0;0.0;0.0;0.0;0.0;0.076923
42098;0.545455;0.363636;0.0;0.0;0.0;0.0;0.0;0.0;0.0;0.0;0.0;0.0;0.0;0.0;0.0;0.090909
42100;0.2;0.55;0.05;0.0;0.0;0.0;0.0;0.0;0.0;0.0;0.0;0.0;0.0;0.0;0.0;0.2
42103;0.211823;0.492611;0.118227;0.0;0.046798;0.0;0.0;0.0;0.0;0.0;0.0;0.0;0.0;0.0;0.0;0.130542
42105;0.05;0.9;0.025;0.0;0.0;0.0;0.0;0.0;0.0;0.0;0.0;0.0;0.0;0.0;0.0;0.025
42106;0.083333;0.416667;0.166667;0.0;0.0;0.0;0.0;0.0;0.0;0.0;0.0;0.0;0.0;0.0;0.0;0.333333
42107;0.285714;0.367347;0.102041;0.0;0.040816;0.0;0.0;0.0;0.0;0.0;0.0;0.0;0.0;0.0;0.0;0.204082
42108;0.0;0.857143;0.0;0.0;0.0;0.0;0.0;0.0;0.0;0.0;0.0;0.0;0.0;0.0;0.0;0.142857
42110;0.150943;0.54717;0.188679;0.0;0.037736;0.0;0.0;0.0;0.0;0.0;0.0;0.0;0.0;0.0;0.0;0.075472
42111;0.207865;0.421348;0.123596;0.0;0.033708;0.0;0.0;0.0;0.0;0.0;0.0;0.0;0.0;0.0;0.0;0.213483
42113;0.233871;0.553763;0.102151;0.0;0.013441;0.0;0.0;0.0;0.0;0.0;0.0;0.0;0.0;0.0;0.0;0.096774
42115;0.096774;0.629032;0.145161;0.0;0.032258;0.0;0.0;0.0;0.0;0.0;0.0;0.0;0.0;0.0;0.0;0.096774
42116;0.37931;0.413793;0.103448;0.0;0.068966;0.0;0.0;0.0;0.0;0.0;0.0;0.0;0.0;0.0;0.0;0.034483
42117;0.165049;0.485437;0.174757;0.0;0.029126;0.0;0.0;0.0;0.0;0.0;0.0;0.0;0.0;0.0;0.0;0.145631
42118;0.066667;0.733333;0.133333;0.0;0.0;0.0;0.0;0.0;0.0;0.0;0.0;0.0;0.0;0.0;0.0;0.066667
42119;0.083333;0.619048;0.095238;0.0;0.0;0.0;0.0;0.0;0.0;0.0;0.0;0.0;0.0;0.0;0.0;0.202381
42120;0.326733;0.415842;0.069307;0.0;0.029703;0.0;0.0;0.0;0.0;0.0;0.0;0.0;0.0;0.0;0.0;0.158416
42121;0.378378;0.297297;0.135135;0.0;0.054054;0.0;0.0;0.0;0.0;0.0;0.0;0.0;0.0;0.0;0.0;0.135135
42123;0.152;0.44;0.104;0.0;0.024;0.0;0.0;0.0;0.0;0.0;0.0;0.0;0.0;0.0;0.0;0.28
42124;0.289474;0.526316;0.0;0.0;0.0;0.0;0.0;0.0;0.0;0.0;0.0;0.0;0.0;0.0;0.0;0.184211
42125;0.295082;0.393443;0.04918;0.0;0.0;0.0;0.0;0.0;0.0;0.0;0.0;0.0;0.0;0.0;0.0;0.262295
42127;0.193548;0.451613;0.064516;0.0;0.064516;0.0;0.0;0.0;0.0;0.0;0.0;0.0;0.0;0.0;0.0;0.225806
42128;0.275862;0.431034;0.034483;0.0;0.017241;0.0;0.0;0.0;0.0;0.0;0.0;0.0;0.0;0.0;0.0;0.241379
42129;0.310547;0.365234;0.099609;0.0;0.029297;0.0;0.0;0.0;0.0;0.0;0.0;0.0;0.0;0.0;0.0;0.195312
42130;0.1;0.525;0.075;0.0;0.0;0.0;0.0;0.0;0.0;0.0;0.0;0.0;0.0;0.0;0.0;0.3
42131;0.314286;0.571429;0.057143;0.0;0.0;0.0;0.0;0.0;0.0;0.0;0.0;0.0;0.0;0.0;0.0;0.057143
42132;0.261682;0.401869;0.11215;0.0;0.065421;0.0;0.0;0.0;0.0;0.0;0.0;0.0;0.0;0.0;0.0;0.158879
42134;0.306592;0.376086;0.12928;0.0;0.057741;0.0;0.0;0.0;0.0;0.0;0.0;0.0;0.0;0.0;0.0;0.130301
42135;0.229167;0.333333;0.041667;0.0;0.0625;0.0;0.0;0.0;0.0;0.0;0.0;0.0;0.0;0.0;0.0;0.333333
42139;0.2;0.6;0.133333;0.0;0.066667;0.0;0.0;0.0;0.0;0.0;0.0;0.0;0.0;0.0;0.0;0.0
42140;0.083333;0.583333;0.166667;0.0;0.0;0.0;0.0;0.0;0.0;0.0;0.0;0.0;0.0;0.0;0.0;0.166667
42141;0.316456;0.417722;0.177215;0.0;0.012658;0.0;0.0;0.0;0.0;0.0;0.0;0.0;0.0;0.0;0.0;0.075949
42142;0.25;0.472222;0.111111;0.0;0.0;0.0;0.0;0.0;0.0;0.0;0.0;0.0;0.0;0.0;0.0;0.166667
42144;0.323899;0.383648;0.084906;0.0;0.034591;0.0;0.0;0.0;0.0;0.0;0.0;0.0;0.0;0.0;0.0;0.172956
42145;0.298851;0.321839;0.08046;0.0;0.011494;0.0;0.0;0.0;0.0;0.0;0.0;0.0;0.0;0.0;0.0;0.287356
42148;0.222222;0.555556;0.0;0.0;0.0;0.0;0.0;0.0;0.0;0.0;0.0;0.0;0.0;0.0;0.0;0.222222
42149;0.281356;0.315254;0.108475;0.0;0.023729;0.0;0.0;0.0;0.0;0.0;0.0;0.0;0.0;0.0;0.0;0.271186
42151;0.30303;0.484848;0.030303;0.0;0.0;0.0;0.0;0.0;0.0;0.0;0.0;0.0;0.0;0.0;0.0;0.181818
42152;0.225;0.475;0.125;0.0;0.0;0.0;0.0;0.0;0.0;0.0;0.0;0.0;0.0;0.0;0.0;0.175
42153;0.473684;0.315789;0.0;0.0;0.052632;0.0;0.0;0.0;0.0;0.0;0.0;0.0;0.0;0.0;0.0;0.157895
42154;0.375;0.284091;0.113636;0.0;0.022727;0.0;0.0;0.0;0.0;0.0;0.0;0.0;0.0;0.0;0.0;0.204545
42155;0.172414;0.45977;0.16092;0.0;0.011494;0.0;0.0;0.0;0.0;0.0;0.0;0.0;0.0;0.0;0.0;0.195402
42156;0.176471;0.352941;0.294118;0.0;0.058824;0.0;0.0;0.0;0.0;0.0;0.0;0.0;0.0;0.0;0.0;0.117647
42157;0.125;0.75;0.0;0.0;0.0;0.0;0.0;0.0;0.0;0.0;0.0;0.0;0.0;0.0;0.0;0.125
42158;0.346667;0.426667;0.026667;0.0;0.053333;0.0;0.0;0.0;0.0;0.0;0.0;0.0;0.0;0.0;0.0;0.146667
42159;0.216216;0.594595;0.081081;0.0;0.027027;0.0;0.0;0.0;0.0;0.0;0.0;0.0;0.0;0.0;0.0;0.081081
42160;0.34359;0.271795;0.107692;0.0;0.087179;0.0;0.0;0.0;0.0;0.0;0.0;0.0;0.0;0.0;0.0;0.189744
42161;0.166667;0.62963;0.101852;0.0;0.009259;0.0;0.0;0.0;0.0;0.0;0.0;0.0;0.0;0.0;0.0;0.092593
42162;0.189036;0.47511;0.080025;0.0;0.027095;0.0;0.0;0.0;0.0;0.0;0.0;0.0;0.0;0.0;0.0;0.228733
42163;0.463415;0.146341;0.243902;0.0;0.02439;0.0;0.0;0.0;0.0;0.0;0.0;0.0;0.0;0.0;0.0;0.121951
42164;0.290503;0.412477;0.11825;0.0;0.036313;0.0;0.0;0.0;0.0;0.0;0.0;0.0;0.0;0.0;0.0;0.142458
42165;0.303571;0.375;0.117857;0.0;0.053571;0.0;0.0;0.0;0.0;0.0;0.0;0.0;0.0;0.0;0.0;0.15
42166;0.25;0.363636;0.159091;0.0;0.045455;0.0;0.0;0.0;0.0;0.0;0.0;0.0;0.0;0.0;0.0;0.181818
42167;0.359281;0.389222;0.137725;0.0;0.017964;0.0;0.0;0.0;0.0;0.0;0.0;0.0;0.0;0.0;0.0;0.095808
42168;0.275;0.2875;0.1375;0.0;0.1;0.0;0.0;0.0;0.0;0.0;0.0;0.0;0.0;0.0;0.0;0.2
42171;0.169231;0.584615;0.138462;0.0;0.015385;0.0;0.0;0.0;0.0;0.0;0.0;0.0;0.0;0.0;0.0;0.092308
42172;0.115385;0.692308;0.076923;0.0;0.0;0.0;0.0;0.0;0.0;0.0;0.0;0.0;0.0;0.0;0.0;0.115385
42173;0.336359;0.311605;0.078532;0.0;0.034849;0.0;0.0;0.0;0.0;0.0;0.0;0.0;0.0;0.0;0.0;0.238655
42174;0.407407;0.348148;0.059259;0.0;0.044444;0.0;0.0;0.0;0.0;0.0;0.0;0.0;0.0;0.0;0.0;0.140741
42175;0.12;0.64;0.08;0.0;0.04;0.0;0.0;0.0;0.0;0.0;0.0;0.0;0.0;0.0;0.0;0.12
42176;0.142857;0.666667;0.142857;0.0;0.0;0.0;0.0;0.0;0.0;0.0;0.0;0.0;0.0;0.0;0.0;0.047619
42177;0.136364;0.477273;0.068182;0.0;0.022727;0.0;0.0;0.0;0.0;0.0;0.0;0.0;0.0;0.0;0.0;0.295455
42178;0.2;0.4;0.1;0.0;0.085714;0.0;0.0;0.0;0.0;0.0;0.0;0.0;0.0;0.0;0.0;0.214286
42181;0.471631;0.244681;0.042553;0.0;0.024823;0.0;0.0;0.0;0.0;0.0;0.0;0.0;0.0;0.0;0.0;0.216312
42182;0.138889;0.833333;0.027778;0.0;0.0;0.0;0.0;0.0;0.0;0.0;0.0;0.0;0.0;0.0;0.0;0.0
42183;0.065789;0.618421;0.065789;0.0;0.052632;0.0;0.0;0.0;0.0;0.0;0.0;0.0;0.0;0.0;0.0;0.197368
42184;0.268293;0.414634;0.170732;0.0;0.02439;0.0;0.0;0.0;0.0;0.0;0.0;0.0;0.0;0.0;0.0;0.121951
42185;0.090909;0.590909;0.0;0.0;0.045455;0.0;0.0;0.0;0.0;0.0;0.0;0.0;0.0;0.0;0.0;0.272727
42187;0.146341;0.243902;0.439024;0.0;0.0;0.0;0.0;0.0;0.0;0.0;0.0;0.0;0.0;0.0;0.0;0.170732
42188;0.361702;0.382979;0.06383;0.0;0.085106;0.0;0.0;0.0;0.0;0.0;0.0;0.0;0.0;0.0;0.0;0.106383
42189;0.12766;0.638298;0.170213;0.0;0.021277;0.0;0.0;0.0;0.0;0.0;0.0;0.0;0.0;0.0;0.0;0.042553
42190;0.412698;0.238095;0.126984;0.0;0.047619;0.0;0.0;0.0;0.0;0.0;0.0;0.0;0.0;0.0;0.0;0.174603
42191;0.380597;0.350746;0.11194;0.0;0.044776;0.0;0.0;0.0;0.0;0.0;0.0;0.0;0.0;0.0;0.0;0.11194
42192;0.321429;0.321429;0.107143;0.0;0.0;0.0;0.0;0.0;0.0;0.0;0.0;0.0;0.0;0.0;0.0;0.25
42193;0.111111;0.888889;0.0;0.0;0.0;0.0;0.0;0.0;0.0;0.0;0.0;0.0;0.0;0.0;0.0;0.0
42194;0.277228;0.386139;0.128713;0.0;0.009901;0.0;0.0;0.0;0.0;0.0;0.0;0.0;0.0;0.0;0.0;0.19802
42195;0.338983;0.389831;0.084746;0.0;0.033898;0.0;0.0;0.0;0.0;0.0;0.0;0.0;0.0;0.0;0.0;0.152542
42196;0.0;1.0;0.0;0.0;0.0;0.0;0.0;0.0;0.0;0.0;0.0;0.0;0.0;0.0;0.0;0.0
42197;0.153846;0.557692;0.038462;0.0;0.019231;0.0;0.0;0.0;0.0;0.0;0.0;0.0;0.0;0.0;0.0;0.230769
42198;0.363636;0.363636;0.181818;0.0;0.0;0.0;0.0;0.0;0.0;0.0;0.0;0.0;0.0;0.0;0.0;0.090909
42200;0.145833;0.604167;0.104167;0.0;0.0;0.0;0.0;0.0;0.0;0.0;0.0;0.0;0.0;0.0;0.0;0.145833
42201;0.24;0.4;0.12;0.0;0.04;0.0;0.0;0.0;0.0;0.0;0.0;0.0;0.0;0.0;0.0;0.2
42202;0.166667;0.666667;0.083333;0.0;0.0;0.0;0.0;0.0;0.0;0.0;0.0;0.0;0.0;0.0;0.0;0.083333
42204;0.153846;0.384615;0.153846;0.0;0.051282;0.0;0.0;0.0;0.0;0.0;0.0;0.0;0.0;0.0;0.0;0.25641
42205;0.238095;0.428571;0.111111;0.0;0.015873;0.0;0.0;0.0;0.0;0.0;0.0;0.0;0.0;0.0;0.0;0.206349
42206;0.0;0.333333;0.0;0.0;0.333333;0.0;0.0;0.0;0.0;0.0;0.0;0.0;0.0;0.0;0.0;0.333333
42207;0.177778;0.422222;0.066667;0.0;0.133333;0.0;0.0;0.0;0.0;0.0;0.0;0.0;0.0;0.0;0.0;0.2
42208;0.15;0.3;0.0;0.0;0.0;0.0;0.0;0.0;0.0;0.0;0.0;0.0;0.0;0.0;0.0;0.55
42209;0.19469;0.442478;0.097345;0.0;0.097345;0.0;0.0;0.0;0.0;0.0;0.0;0.0;0.0;0.0;0.0;0.168142
42211;0.115942;0.478261;0.086957;0.0;0.057971;0.0;0.0;0.0;0.0;0.0;0.0;0.0;0.0;0.0;0.0;0.26087
42212;0.130435;0.478261;0.152174;0.0;0.108696;0.0;0.0;0.0;0.0;0.0;0.0;0.0;0.0;0.0;0.0;0.130435
42213;0.1875;0.8125;0.0;0.0;0.0;0.0;0.0;0.0;0.0;0.0;0.0;0.0;0.0;0.0;0.0;0.0
42215;0.261297;0.416503;0.159136;0.0;0.019646;0.0;0.0;0.0;0.0;0.0;0.0;0.0;0.0;0.0;0.0;0.143418
42216;0.086957;0.391304;0.217391;0.0;0.0;0.0;0.0;0.0;0.0;0.0;0.0;0.0;0.0;0.0;0.0;0.304348
42217;0.366667;0.4;0.066667;0.0;0.033333;0.0;0.0;0.0;0.0;0.0;0.0;0.0;0.0;0.0;0.0;0.133333
42218;0.178571;0.446429;0.125;0.0;0.125;0.0;0.0;0.0;0.0;0.0;0.0;0.0;0.0;0.0;0.0;0.125
42219;0.272727;0.515152;0.030303;0.0;0.0;0.0;0.0;0.0;0.0;0.0;0.0;0.0;0.0;0.0;0.0;0.181818
43001;0.281893;0.088477;0.090535;0.0;0.127572;0.174897;0.12963;0.080247;0.0;0.0;0.0;0.0;0.0;0.0;0.0;0.026749
43002;0.408848;0.138063;0.143402;0.0;0.106026;0.080854;0.070175;0.016781;0.0;0.0;0.0;0.0;0.0;0.0;0.0;0.03585
43003;0.30837;0.101322;0.0837;0.0;0.180617;0.202643;0.079295;0.030837;0.0;0.0;0.0;0.0;0.0;0.0;0.0;0.013216
43004;0.312144;0.114272;0.079149;0.0;0.107593;0.23349;0.106357;0.037101;0.0;0.0;0.0;0.0;0.0;0.0;0.0;0.009894
43005;0.319583;0.104167;0.092917;0.0;0.1125;0.177083;0.13375;0.038333;0.0;0.0;0.0;0.0;0.0;0.0;0.0;0.021667
43006;0.330166;0.104513;0.061758;0.0;0.12114;0.235154;0.097387;0.023753;0.0;0.0;0.0;0.0;0.0;0.0;0.0;0.026128
43007;0.189362;0.097872;0.070213;0.0;0.104255;0.206383;0.223404;0.082979;0.0;0.0;0.0;0.0;0.0;0.0;0.0;0.025532
43008;0.284091;0.176136;0.147727;0.0;0.0625;0.221591;0.090909;0.017045;0.0;0.0;0.0;0.0;0.0;0.0;0.0;0.0
43009;0.295817;0.069721;0.082669;0.0;0.116534;0.181275;0.164343;0.064741;0.0;0.0;0.0;0.0;0.0;0.0;0.0;0.0249
43010;0.211382;0.060976;0.081301;0.0;0.109756;0.215447;0.264228;0.044715;0.0;0.0;0.0;0.0;0.0;0.0;0.0;0.012195
43011;0.150479;0.120383;0.056088;0.0;0.105335;0.229822;0.259918;0.05472;0.0;0.0;0.0;0.0;0.0;0.0;0.0;0.023256
43012;0.286297;0.136008;0.066644;0.0;0.175451;0.17001;0.118327;0.027202;0.0;0.0;0.0;0.0;0.0;0.0;0.0;0.020061
43013;0.266597;0.119917;0.078206;0.0;0.111922;0.224539;0.163712;0.016336;0.0;0.0;0.0;0.0;0.0;0.0;0.0;0.01877
43014;0.340722;0.094769;0.087732;0.0;0.106732;0.220502;0.114591;0.018414;0.0;0.0;0.0;0.0;0.0;0.0;0.0;0.016538
43015;0.125;0.013889;0.0;0.0;0.180556;0.291667;0.236111;0.138889;0.0;0.0;0.0;0.0;0.0;0.0;0.0;0.013889
43016;0.414783;0.098696;0.090435;0.0;0.116522;0.127391;0.09913;0.032609;0.0;0.0;0.0;0.0;0.0;0.0;0.0;0.020435
43017;0.21;0.02;0.0;0.0;0.07;0.28;0.26;0.13;0.0;0.0;0.0;0.0;0.0;0.0;0.0;0.03
43018;0.247423;0.044674;0.037801;0.0;0.068729;0.219931;0.343643;0.024055;0.0;0.0;0.0;0.0;0.0;0.0;0.0;0.013746
43019;0.261538;0.149112;0.062722;0.0;0.088757;0.249704;0.138462;0.026036;0.0;0.0;0.0;0.0;0.0;0.0;0.0;0.023669
43020;0.353191;0.116717;0.124012;0.0;0.145289;0.12766;0.086322;0.021884;0.0;0.0;0.0;0.0;0.0;0.0;0.0;0.024924
43021;0.179245;0.066038;0.084906;0.0;0.108491;0.198113;0.25;0.075472;0.0;0.0;0.0;0.0;0.0;0.0;0.0;0.037736
43022;0.367213;0.161749;0.072131;0.0;0.071038;0.175956;0.120219;0.022951;0.0;0.0;0.0;0.0;0.0;0.0;0.0;0.008743
43023;0.326797;0.026144;0.019608;0.0;0.130719;0.326797;0.078431;0.078431;0.0;0.0;0.0;0.0;0.0;0.0;0.0;0.013072
43024;0.322362;0.155857;0.14424;0.0;0.128751;0.124879;0.084221;0.015489;0.0;0.0;0.0;0.0;0.0;0.0;0.0;0.024201
43025;0.431818;0.108586;0.040404;0.0;0.088384;0.199495;0.09596;0.027778;0.0;0.0;0.0;0.0;0.0;0.0;0.0;0.007576
43026;0.244094;0.072835;0.037402;0.0;0.066929;0.316929;0.208661;0.021654;0.0;0.0;0.0;0.0;0.0;0.0;0.0;0.031496
43027;0.088496;0.017699;0.097345;0.0;0.026549;0.300885;0.424779;0.035398;0.0;0.0;0.0;0.0;0.0;0.0;0.0;0.00885
43028;0.34527;0.109567;0.124532;0.0;0.130412;0.136291;0.099947;0.027793;0.0;0.0;0.0;0.0;0.0;0.0;0.0;0.026189
43029;0.193694;0.013514;0.018018;0.0;0.103604;0.454955;0.135135;0.04955;0.0;0.0;0.0;0.0;0.0;0.0;0.0;0.031532
43030;0.294618;0.090652;0.101983;0.0;0.144476;0.175637;0.15864;0.022663;0.0;0.0;0.0;0.0;0.0;0.0;0.0;0.011331
43031;0.238636;0.082386;0.08428;0.0;0.086174;0.198864;0.237689;0.047348;0.0;0.0;0.0;0.0;0.0;0.0;0.0;0.024621
43032;0.409786;0.073394;0.061162;0.0;0.088685;0.195719;0.152905;0.015291;0.0;0.0;0.0;0.0;0.0;0.0;0.0;0.003058
43033;0.191682;0.077758;0.086799;0.0;0.137432;0.321881;0.132007;0.030741;0.0;0.0;0.0;0.0;0.0;0.0;0.0;0.0217
43034;0.243077;0.058462;0.064615;0.0;0.073846;0.243077;0.24;0.036923;0.0;0.0;0.0;0.0;0.0;0.0;0.0;0.04
43035;0.230769;0.094675;0.053254;0.0;0.076923;0.284024;0.16568;0.035503;0.0;0.0;0.0;0.0;0.0;0.0;0.0;0.059172
43036;0.280734;0.119266;0.163303;0.0;0.111927;0.122936;0.143119;0.029358;0.0;0.0;0.0;0.0;0.0;0.0;0.0;0.029358
43037;0.376871;0.168713;0.121362;0.0;0.126997;0.100336;0.068966;0.014886;0.0;0.0;0.0;0.0;0.0;0.0;0.0;0.021867
43038;0.292028;0.199431;0.128118;0.0;0.126017;0.128389;0.089751;0.013896;0.0;0.0;0.0;0.0;0.0;0.0;0.0;0.02237
43039;0.094595;0.040541;0.0;0.0;0.054054;0.27027;0.297297;0.202703;0.0;0.0;0.0;0.0;0.0;0.0;0.0;0.040541
43040;0.127907;0.050388;0.023256;0.0;0.170543;0.302326;0.189922;0.096899;0.0;0.0;0.0;0.0;0.0;0.0;0.0;0.03876
43041;0.232877;0.184932;0.130137;0.0;0.054795;0.205479;0.157534;0.034247;0.0;0.0;0.0;0.0;0.0;0.0;0.0;0.0
43042;0.216312;0.148345;0.093972;0.0;0.097518;0.198582;0.177896;0.03487;0.0;0.0;0.0;0.0;0.0;0.0;0.0;0.032506
43043;0.284286;0.152339;0.118752;0.0;0.145142;0.133147;0.109556;0.031587;0.0;0.0;0.0;0.0;0.0;0.0;0.0;0.02519
43044;0.325821;0.174179;0.101222;0.0;0.131398;0.181054;0.057678;0.014515;0.0;0.0;0.0;0.0;0.0;0.0;0.0;0.014133
43045;0.11;0.01;0.03;0.0;0.04;0.34;0.43;0.0;0.0;0.0;0.0;0.0;0.0;0.0;0.0;0.04
43046;0.373134;0.029851;0.014925;0.0;0.044776;0.343284;0.074627;0.104478;0.0;0.0;0.0;0.0;0.0;0.0;0.0;0.014925
43047;0.415314;0.138993;0.157303;0.0;0.085726;0.116105;0.049105;0.011652;0.0;0.0;0.0;0.0;0.0;0.0;0.0;0.025801
43048;0.289474;0.186235;0.046559;0.0;0.137652;0.202429;0.109312;0.018219;0.0;0.0;0.0;0.0;0.0;0.0;0.0;0.010121
43049;0.207692;0.032692;0.030769;0.0;0.080769;0.336538;0.207692;0.086538;0.0;0.0;0.0;0.0;0.0;0.0;0.0;0.017308
43050;0.347055;0.156089;0.122356;0.0;0.124643;0.128645;0.07833;0.008005;0.0;0.0;0.0;0.0;0.0;0.0;0.0;0.034877
43051;0.401972;0.179784;0.131748;0.0;0.146925;0.073697;0.037553;0.006102;0.0;0.0;0.0;0.0;0.0;0.0;0.0;0.022219
43052;0.356766;0.056239;0.061511;0.0;0.135325;0.261863;0.094903;0.02812;0.0;0.0;0.0;0.0;0.0;0.0;0.0;0.005272
43053;0.291667;0.025;0.041667;0.0;0.108333;0.275;0.125;0.091667;0.0;0.0;0.0;0.0;0.0;0.0;0.0;0.041667
43054;0.261445;0.055157;0.045229;0.0;0.073359;0.272477;0.232763;0.043023;0.0;0.0;0.0;0.0;0.0;0.0;0.0;0.016547
43055;0.278454;0.045097;0.043665;0.0;0.082319;0.256263;0.204009;0.068003;0.0;0.0;0.0;0.0;0.0;0.0;0.0;0.02219
43056;0.229437;0.095238;0.02381;0.0;0.058442;0.357143;0.160173;0.051948;0.0;0.0;0.0;0.0;0.0;0.0;0.0;0.02381
43057;0.26087;0.043478;0.0;0.0;0.043478;0.26087;0.26087;0.130435;0.0;0.0;0.0;0.0;0.0;0.0;0.0;0.0
43058;0.238806;0.044776;0.014925;0.0;0.149254;0.313433;0.164179;0.074627;0.0;0.0;0.0;0.0;0.0;0.0;0.0;0.0
43059;0.1875;0.015625;0.010417;0.0;0.125;0.255208;0.328125;0.036458;0.0;0.0;0.0;0.0;0.0;0.0;0.0;0.041667
43060;0.255474;0.071308;0.028636;0.0;0.072993;0.384615;0.129141;0.039865;0.0;0.0;0.0;0.0;0.0;0.0;0.0;0.017967
43061;0.076923;0.115385;0.076923;0.0;0.115385;0.115385;0.423077;0.0;0.0;0.0;0.0;0.0;0.0;0.0;0.0;0.076923
43062;0.238095;0.17619;0.07619;0.0;0.12381;0.138095;0.180952;0.028571;0.0;0.0;0.0;0.0;0.0;0.0;0.0;0.038095
43063;0.291536;0.122257;0.125392;0.0;0.106583;0.163009;0.144201;0.034483;0.0;0.0;0.0;0.0;0.0;0.0;0.0;0.012539
43064;0.259094;0.129918;0.062361;0.0;0.062361;0.268745;0.17075;0.032665;0.0;0.0;0.0;0.0;0.0;0.0;0.0;0.014105
43065;0.248;0.032;0.068;0.0;0.076;0.232;0.292;0.044;0.0;0.0;0.0;0.0;0.0;0.0;0.0;0.008
43066;0.298077;0.134615;0.076923;0.0;0.096154;0.230769;0.134615;0.009615;0.0;0.0;0.0;0.0;0.0;0.0;0.0;0.019231
43067;0.311881;0.032178;0.027228;0.0;0.05198;0.262376;0.272277;0.024752;0.0;0.0;0.0;0.0;0.0;0.0;0.0;0.017327
43068;0.376344;0.139785;0.197133;0.0;0.046595;0.16129;0.064516;0.007168;0.0;0.0;0.0;0.0;0.0;0.0;0.0;0.007168
43069;0.316176;0.058824;0.036765;0.0;0.102941;0.191176;0.198529;0.073529;0.0;0.0;0.0;0.0;0.0;0.0;0.0;0.022059
43070;0.213873;0.052023;0.017341;0.0;0.057803;0.317919;0.138728;0.179191;0.0;0.0;0.0;0.0;0.0;0.0;0.0;0.023121
43071;0.280069;0.128866;0.039519;0.0;0.121993;0.159794;0.213058;0.04811;0.0;0.0;0.0;0.0;0.0;0.0;0.0;0.008591
43072;0.223881;0.238806;0.074627;0.0;0.059701;0.208955;0.149254;0.044776;0.0;0.0;0.0;0.0;0.0;0.0;0.0;0.0
43073;0.125;0.083333;0.0;0.0;0.1875;0.166667;0.3125;0.041667;0.0;0.0;0.0;0.0;0.0;0.0;0.0;0.083333
43074;0.27462;0.065653;0.066453;0.0;0.116093;0.255404;0.145717;0.056045;0.0;0.0;0.0;0.0;0.0;0.0;0.0;0.020016
43075;0.433333;0.066667;0.083333;0.0;0.083333;0.2;0.116667;0.0;0.0;0.0;0.0;0.0;0.0;0.0;0.0;0.016667
43076;0.183871;0.051613;0.064516;0.0;0.093548;0.264516;0.225806;0.103226;0.0;0.0;0.0;0.0;0.0;0.0;0.0;0.012903
43077;0.452055;0.171233;0.085616;0.0;0.054795;0.174658;0.047945;0.006849;0.0;0.0;0.0;0.0;0.0;0.0;0.0;0.006849
43078;0.292115;0.094982;0.091398;0.0;0.086022;0.175627;0.224014;0.030466;0.0;0.0;0.0;0.0;0.0;0.0;0.0;0.005376
43079;0.300699;0.034965;0.094406;0.0;0.136364;0.174825;0.206294;0.034965;0.0;0.0;0.0;0.0;0.0;0.0;0.0;0.017483
43080;0.214724;0.122699;0.018405;0.0;0.07362;0.177914;0.288344;0.079755;0.0;0.0;0.0;0.0;0.0;0.0;0.0;0.02454
43081;0.212245;0.032653;0.095918;0.0;0.116327;0.236735;0.208163;0.059184;0.0;0.0;0.0;0.0;0.0;0.0;0.0;0.038776
43082;0.184426;0.110656;0.053279;0.0;0.086066;0.254098;0.237705;0.04918;0.0;0.0;0.0;0.0;0.0;0.0;0.0;0.02459
43083;0.305556;0.166667;0.12963;0.0;0.037037;0.138889;0.138889;0.046296;0.0;0.0;0.0;0.0;0.0;0.0;0.0;0.037037
43084;0.291209;0.046703;0.038462;0.0;0.115385;0.321429;0.137363;0.03022;0.0;0.0;0.0;0.0;0.0;0.0;0.0;0.019231
43085;0.208791;0.06044;0.032967;0.0;0.093407;0.285714;0.214286;0.054945;0.0;0.0;0.0;0.0;0.0;0.0;0.0;0.049451
43086;0.302191;0.048155;0.053922;0.0;0.088235;0.233276;0.203576;0.045559;0.0;0.0;0.0;0.0;0.0;0.0;0.0;0.025087
43088;0.220827;0.094535;0.09675;0.0;0.121861;0.237814;0.180207;0.022895;0.0;0.0;0.0;0.0;0.0;0.0;0.0;0.025111
43089;0.333333;0.089552;0.129353;0.0;0.139303;0.114428;0.109453;0.059701;0.0;0.0;0.0;0.0;0.0;0.0;0.0;0.024876
43090;0.36234;0.126961;0.189729;0.0;0.114123;0.097004;0.038516;0.03709;0.0;0.0;0.0;0.0;0.0;0.0;0.0;0.034237
43091;0.15625;0.041667;0.03125;0.0;0.302083;0.21875;0.114583;0.125;0.0;0.0;0.0;0.0;0.0;0.0;0.0;0.010417
43092;0.31326;0.185523;0.144161;0.0;0.096107;0.110908;0.10442;0.016626;0.0;0.0;0.0;0.0;0.0;0.0;0.0;0.028994
43093;0.338004;0.096815;0.058174;0.0;0.09087;0.185563;0.174947;0.036093;0.0;0.0;0.0;0.0;0.0;0.0;0.0;0.019533
43094;0.300709;0.085106;0.061702;0.0;0.095745;0.244681;0.17305;0.021277;0.0;0.0;0.0;0.0;0.0;0.0;0.0;0.01773
43095;0.275688;0.135879;0.11735;0.0;0.110051;0.177428;0.126895;0.023021;0.0;0.0;0.0;0.0;0.0;0.0;0.0;0.033689
43096;0.161765;0.029412;0.044118;0.0;0.073529;0.294118;0.264706;0.102941;0.0;0.0;0.0;0.0;0.0;0.0;0.0;0.029412
43097;0.232323;0.060606;0.043771;0.0;0.138047;0.286195;0.16835;0.026936;0.0;0.0;0.0;0.0;0.0;0.0;0.0;0.043771
43098;0.140562;0.108434;0.072289;0.0;0.104418;0.192771;0.301205;0.048193;0.0;0.0;0.0;0.0;0.0;0.0;0.0;0.032129
43099;0.33121;0.025478;0.050955;0.0;0.063694;0.216561;0.273885;0.038217;0.0;0.0;0.0;0.0;0.0;0.0;0.0;0.0
43100;0.32378;0.159179;0.118125;0.0;0.160728;0.12316;0.070875;0.014717;0.0;0.0;0.0;0.0;0.0;0.0;0.0;0.029435
43101;0.17;0.06;0.0;0.0;0.08;0.14;0.35;0.18;0.0;0.0;0.0;0.0;0.0;0.0;0.0;0.02
43102;0.393846;0.046154;0.052308;0.0;0.08;0.273846;0.135385;0.009231;0.0;0.0;0.0;0.0;0.0;0.0;0.0;0.009231
43103;0.298193;0.174699;0.125;0.0;0.09488;0.150602;0.108434;0.021084;0.0;0.0;0.0;0.0;0.0;0.0;0.0;0.027108
43104;0.319925;0.040225;0.050514;0.0;0.076707;0.276894;0.180543;0.033676;0.0;0.0;0.0;0.0;0.0;0.0;0.0;0.021515
43105;0.213592;0.067961;0.019417;0.0;0.165049;0.262136;0.194175;0.067961;0.0;0.0;0.0;0.0;0.0;0.0;0.0;0.009709
43106;0.233533;0.06986;0.065868;0.0;0.207585;0.211577;0.187625;0.013972;0.0;0.0;0.0;0.0;0.0;0.0;0.0;0.00998
43107;0.261719;0.046875;0.019531;0.0;0.113281;0.347656;0.152344;0.046875;0.0;0.0;0.0;0.0;0.0;0.0;0.0;0.011719
43108;0.27847;0.072954;0.099644;0.0;0.090747;0.183274;0.208185;0.048043;0.0;0.0;0.0;0.0;0.0;0.0;0.0;0.018683
43109;0.317173;0.138435;0.212033;0.0;0.126168;0.106893;0.050234;0.006425;0.0;0.0;0.0;0.0;0.0;0.0;0.0;0.04264
43110;0.30303;0.048485;0.072727;0.0;0.10303;0.254545;0.157576;0.0;0.0;0.0;0.0;0.0;0.0;0.0;0.0;0.060606
43111;0.333999;0.129741;0.137725;0.0;0.150366;0.144378;0.062542;0.011976;0.0;0.0;0.0;0.0;0.0;0.0;0.0;0.029275
43112;0.15528;0.043478;0.018634;0.0;0.099379;0.31677;0.229814;0.111801;0.0;0.0;0.0;0.0;0.0;0.0;0.0;0.024845
43113;0.186235;0.109312;0.089069;0.0;0.064777;0.214575;0.275304;0.040486;0.0;0.0;0.0;0.0;0.0;0.0;0.0;0.020243
43114;0.278008;0.033195;0.016598;0.0;0.153527;0.286307;0.149378;0.06639;0.0;0.0;0.0;0.0;0.0;0.0;0.0;0.016598
43115;0.234783;0.034783;0.034783;0.0;0.069565;0.269565;0.234783;0.078261;0.0;0.0;0.0;0.0;0.0;0.0;0.0;0.043478
43116;0.29321;0.049383;0.018519;0.0;0.080247;0.311728;0.194444;0.040123;0.0;0.0;0.0;0.0;0.0;0.0;0.0;0.012346
43117;0.239583;0.177083;0.083333;0.0;0.114583;0.1875;0.15625;0.03125;0.0;0.0;0.0;0.0;0.0;0.0;0.0;0.010417
43118;0.214521;0.079208;0.046205;0.0;0.115512;0.270627;0.184818;0.056106;0.0;0.0;0.0;0.0;0.0;0.0;0.0;0.033003
43119;0.296763;0.089928;0.098921;0.0;0.145683;0.203237;0.098921;0.046763;0.0;0.0;0.0;0.0;0.0;0.0;0.0;0.019784
43120;0.264706;0.121849;0.147059;0.0;0.130252;0.130252;0.130252;0.042017;0.0;0.0;0.0;0.0;0.0;0.0;0.0;0.033613
43121;0.336957;0.024457;0.035326;0.0;0.081522;0.285326;0.192935;0.029891;0.0;0.0;0.0;0.0;0.0;0.0;0.0;0.013587
43122;0.253012;0.060241;0.024096;0.0;0.180723;0.253012;0.144578;0.084337;0.0;0.0;0.0;0.0;0.0;0.0;0.0;0.0
43123;0.343931;0.146018;0.115571;0.0;0.110051;0.127024;0.105748;0.026665;0.0;0.0;0.0;0.0;0.0;0.0;0.0;0.024992
43124;0.391608;0.087413;0.055944;0.0;0.055944;0.171329;0.195804;0.024476;0.0;0.0;0.0;0.0;0.0;0.0;0.0;0.017483
43125;0.394604;0.111298;0.038786;0.0;0.092749;0.234401;0.079258;0.021922;0.0;0.0;0.0;0.0;0.0;0.0;0.0;0.026981
43126;0.269406;0.08105;0.101598;0.0;0.13242;0.188356;0.151826;0.035388;0.0;0.0;0.0;0.0;0.0;0.0;0.0;0.039954
43127;0.194313;0.090047;0.055292;0.0;0.132701;0.249605;0.195893;0.058452;0.0;0.0;0.0;0.0;0.0;0.0;0.0;0.023697
43128;0.336874;0.07739;0.07132;0.0;0.116844;0.245827;0.115326;0.022762;0.0;0.0;0.0;0.0;0.0;0.0;0.0;0.013657
43129;0.218017;0.091648;0.086644;0.0;0.060056;0.176103;0.319362;0.027839;0.0;0.0;0.0;0.0;0.0;0.0;0.0;0.020332
43130;0.184874;0.084034;0.008403;0.0;0.067227;0.252101;0.327731;0.05042;0.0;0.0;0.0;0.0;0.0;0.0;0.0;0.02521
43131;0.346143;0.197125;0.132884;0.0;0.134057;0.100323;0.063068;0.008214;0.0;0.0;0.0;0.0;0.0;0.0;0.0;0.018187
43132;0.216867;0.084337;0.052209;0.0;0.092369;0.26506;0.196787;0.048193;0.0;0.0;0.0;0.0;0.0;0.0;0.0;0.044177
43133;0.316456;0.112158;0.084486;0.0;0.115102;0.222255;0.105387;0.028555;0.0;0.0;0.0;0.0;0.0;0.0;0.0;0.015602
43134;0.283654;0.086538;0.100962;0.0;0.168269;0.129808;0.158654;0.014423;0.0;0.0;0.0;0.0;0.0;0.0;0.0;0.057692
43135;0.292793;0.085586;0.013514;0.0;0.076577;0.220721;0.256757;0.036036;0.0;0.0;0.0;0.0;0.0;0.0;0.0;0.018018
43136;0.377851;0.088878;0.054585;0.0;0.115778;0.192701;0.137172;0.021866;0.0;0.0;0.0;0.0;0.0;0.0;0.0;0.011169
43137;0.290249;0.108844;0.122449;0.0;0.119426;0.174603;0.095238;0.034014;0.0;0.0;0.0;0.0;0.0;0.0;0.0;0.055178
43138;0.348553;0.124759;0.12926;0.0;0.075241;0.159486;0.12926;0.010932;0.0;0.0;0.0;0.0;0.0;0.0;0.0;0.022508
43139;0.223222;0.065413;0.044154;0.0;0.083401;0.199509;0.307441;0.053966;0.0;0.0;0.0;0.0;0.0;0.0;0.0;0.022895
43140;0.364397;0.13859;0.157109;0.0;0.133811;0.101553;0.071087;0.011947;0.0;0.0;0.0;0.0;0.0;0.0;0.0;0.021505
43141;0.416667;0.116667;0.066667;0.0;0.066667;0.116667;0.15;0.016667;0.0;0.0;0.0;0.0;0.0;0.0;0.0;0.05
43142;0.244444;0.061111;0.076389;0.0;0.061111;0.252778;0.266667;0.025;0.0;0.0;0.0;0.0;0.0;0.0;0.0;0.0125
43143;0.029412;0.029412;0.029412;0.0;0.235294;0.235294;0.352941;0.088235;0.0;0.0;0.0;0.0;0.0;0.0;0.0;0.0
43144;0.271283;0.090806;0.113507;0.0;0.146425;0.192963;0.124858;0.031782;0.0;0.0;0.0;0.0;0.0;0.0;0.0;0.028377
43145;0.342415;0.075008;0.06929;0.0;0.084427;0.169526;0.172889;0.063909;0.0;0.0;0.0;0.0;0.0;0.0;0.0;0.022536
43146;0.088235;0.0;0.0;0.0;0.205882;0.294118;0.205882;0.176471;0.0;0.0;0.0;0.0;0.0;0.0;0.0;0.029412
43147;0.178273;0.066852;0.02507;0.0;0.072423;0.284123;0.29805;0.047354;0.0;0.0;0.0;0.0;0.0;0.0;0.0;0.027855
43148;0.344846;0.184428;0.11327;0.0;0.127743;0.114965;0.077405;0.015985;0.0;0.0;0.0;0.0;0.0;0.0;0.0;0.021358
43149;0.385281;0.103896;0.073593;0.0;0.058442;0.21645;0.132035;0.021645;0.0;0.0;0.0;0.0;0.0;0.0;0.0;0.008658
43150;0.206161;0.084123;0.046209;0.0;0.109005;0.290284;0.17891;0.053318;0.0;0.0;0.0;0.0;0.0;0.0;0.0;0.031991
43151;0.146667;0.146667;0.013333;0.0;0.106667;0.24;0.16;0.173333;0.0;0.0;0.0;0.0;0.0;0.0;0.0;0.013333
43152;0.264881;0.041667;0.047619;0.0;0.059524;0.285714;0.25;0.026786;0.0;0.0;0.0;0.0;0.0;0.0;0.0;0.02381
43153;0.353156;0.133969;0.098419;0.0;0.121683;0.151876;0.09319;0.024441;0.0;0.0;0.0;0.0;0.0;0.0;0.0;0.023265
43154;0.16129;0.043011;0.032258;0.0;0.107527;0.408602;0.11828;0.107527;0.0;0.0;0.0;0.0;0.0;0.0;0.0;0.021505
43155;0.360272;0.112838;0.076478;0.0;0.116958;0.162498;0.128885;0.023927;0.0;0.0;0.0;0.0;0.0;0.0;0.0;0.018144
43156;0.354346;0.166797;0.08379;0.0;0.097103;0.164839;0.098277;0.021926;0.0;0.0;0.0;0.0;0.0;0.0;0.0;0.012921
43157;0.165414;0.041353;0.018797;0.0;0.048872;0.323308;0.308271;0.071429;0.0;0.0;0.0;0.0;0.0;0.0;0.0;0.022556
43158;0.2;0.02;0.0;0.0;0.08;0.24;0.3;0.06;0.0;0.0;0.0;0.0;0.0;0.0;0.0;0.1
43159;0.212121;0.030303;0.015152;0.0;0.030303;0.181818;0.409091;0.090909;0.0;0.0;0.0;0.0;0.0;0.0;0.0;0.030303
43160;0.328125;0.104911;0.136161;0.0;0.108259;0.117188;0.152902;0.035714;0.0;0.0;0.0;0.0;0.0;0.0;0.0;0.016741
43161;0.311811;0.093411;0.073145;0.0;0.097747;0.177962;0.182392;0.043925;0.0;0.0;0.0;0.0;0.0;0.0;0.0;0.019606
43162;0.316963;0.18546;0.089499;0.0;0.108885;0.127302;0.124394;0.030048;0.0;0.0;0.0;0.0;0.0;0.0;0.0;0.017447
43163;0.388283;0.144978;0.116321;0.0;0.127529;0.120502;0.069793;0.013813;0.0;0.0;0.0;0.0;0.0;0.0;0.0;0.018781
43164;0.403361;0.130252;0.151261;0.0;0.147059;0.084034;0.037815;0.021008;0.0;0.0;0.0;0.0;0.0;0.0;0.0;0.02521
43165;0.221698;0.033019;0.028302;0.0;0.120283;0.212264;0.299528;0.051887;0.0;0.0;0.0;0.0;0.0;0.0;0.0;0.033019
43166;0.307626;0.107452;0.112652;0.0;0.113518;0.176776;0.129116;0.028596;0.0;0.0;0.0;0.0;0.0;0.0;0.0;0.024263
43167;0.231317;0.05694;0.053381;0.0;0.170819;0.238434;0.185053;0.039146;0.0;0.0;0.0;0.0;0.0;0.0;0.0;0.024911
43168;0.192982;0.017544;0.052632;0.0;0.140351;0.315789;0.22807;0.035088;0.0;0.0;0.0;0.0;0.0;0.0;0.0;0.017544
43169;0.205882;0.035294;0.029412;0.0;0.114706;0.347059;0.191176;0.067647;0.0;0.0;0.0;0.0;0.0;0.0;0.0;0.008824
43170;0.325733;0.047231;0.058632;0.0;0.089577;0.228013;0.174267;0.043974;0.0;0.0;0.0;0.0;0.0;0.0;0.0;0.032573
43171;0.369443;0.176801;0.179152;0.0;0.109147;0.078794;0.05304;0.009709;0.0;0.0;0.0;0.0;0.0;0.0;0.0;0.023914
43172;0.309091;0.036364;0.063636;0.0;0.086364;0.313636;0.168182;0.013636;0.0;0.0;0.0;0.0;0.0;0.0;0.0;0.009091
43173;0.218182;0.018182;0.018182;0.0;0.0;0.2;0.218182;0.327273;0.0;0.0;0.0;0.0;0.0;0.0;0.0;0.0
43174;0.165049;0.067961;0.019417;0.0;0.165049;0.349515;0.15534;0.058252;0.0;0.0;0.0;0.0;0.0;0.0;0.0;0.019417
43175;0.227011;0.149425;0.04023;0.0;0.045977;0.218391;0.244253;0.045977;0.0;0.0;0.0;0.0;0.0;0.0;0.0;0.028736
43176;0.262055;0.050314;0.044025;0.0;0.119497;0.249476;0.21174;0.035639;0.0;0.0;0.0;0.0;0.0;0.0;0.0;0.027254
43177;0.269767;0.051163;0.093023;0.0;0.060465;0.265116;0.176744;0.055814;0.0;0.0;0.0;0.0;0.0;0.0;0.0;0.027907
43178;0.255792;0.133457;0.088044;0.0;0.107507;0.174235;0.179796;0.019462;0.0;0.0;0.0;0.0;0.0;0.0;0.0;0.041705
43901;0.384632;0.077472;0.090489;0.0;0.074113;0.253202;0.093219;0.015746;0.0;0.0;0.0;0.0;0.0;0.0;0.0;0.011127
43902;0.422387;0.091528;0.089672;0.0;0.108225;0.174397;0.087199;0.01979;0.0;0.0;0.0;0.0;0.0;0.0;0.0;0.006803
43903;0.373563;0.100575;0.076868;0.0;0.076868;0.211207;0.14296;0.010057;0.0;0.0;0.0;0.0;0.0;0.0;0.0;0.007902
43904;0.296552;0.104598;0.092529;0.0;0.068391;0.196552;0.217241;0.013218;0.0;0.0;0.0;0.0;0.0;0.0;0.0;0.01092
43905;0.331212;0.231901;0.156895;0.0;0.110161;0.080743;0.061131;0.005842;0.0;0.0;0.0;0.0;0.0;0.0;0.0;0.022116
43906;0.269939;0.09407;0.077028;0.0;0.115883;0.176551;0.217451;0.026585;0.0;0.0;0.0;0.0;0.0;0.0;0.0;0.022495
43907;0.42313;0.157202;0.145083;0.0;0.132618;0.065097;0.046399;0.007618;0.0;0.0;0.0;0.0;0.0;0.0;0.0;0.022853
44001;0.085106;0.319149;0.234043;0.0;0.0;0.0;0.0;0.0;0.0;0.0;0.0;0.0;0.0;0.0;0.340426;0.021277
44002;0.4;0.266667;0.177778;0.0;0.111111;0.0;0.0;0.0;0.0;0.0;0.0;0.0;0.0;0.0;0.0;0.044444
44003;0.133333;0.733333;0.0;0.0;0.0;0.0;0.0;0.0;0.0;0.0;0.0;0.0;0.0;0.0;0.133333;0.0
44004;0.304762;0.355556;0.152381;0.0;0.063492;0.0;0.0;0.0;0.0;0.0;0.0;0.0;0.0;0.0;0.098413;0.025397
44005;0.319149;0.297872;0.212766;0.0;0.021277;0.0;0.0;0.0;0.0;0.0;0.0;0.0;0.0;0.0;0.148936;0.0
44006;0.337748;0.417219;0.05298;0.0;0.02649;0.0;0.0;0.0;0.0;0.0;0.0;0.0;0.0;0.0;0.165563;0.0
44007;0.181102;0.527559;0.181102;0.0;0.007874;0.0;0.0;0.0;0.0;0.0;0.0;0.0;0.0;0.0;0.094488;0.007874
44008;0.423221;0.297753;0.147004;0.0;0.043071;0.0;0.0;0.0;0.0;0.0;0.0;0.0;0.0;0.0;0.085206;0.003745
44009;0.33737;0.283737;0.119377;0.0;0.064014;0.0;0.0;0.0;0.0;0.0;0.0;0.0;0.0;0.0;0.148789;0.046713
44010;0.352113;0.352113;0.197183;0.0;0.028169;0.0;0.0;0.0;0.0;0.0;0.0;0.0;0.0;0.0;0.070423;0.0
44011;0.366667;0.2;0.1;0.0;0.066667;0.0;0.0;0.0;0.0;0.0;0.0;0.0;0.0;0.0;0.266667;0.0
44012;0.264822;0.454545;0.114625;0.0;0.055336;0.0;0.0;0.0;0.0;0.0;0.0;0.0;0.0;0.0;0.075099;0.035573
44013;0.319448;0.358445;0.14548;0.0;0.067106;0.0;0.0;0.0;0.0;0.0;0.0;0.0;0.0;0.0;0.094581;0.01494
44014;0.33298;0.292153;0.098621;0.0;0.084305;0.0;0.0;0.0;0.0;0.0;0.0;0.0;0.0;0.0;0.178155;0.013786
44016;0.229102;0.371517;0.126935;0.0;0.021672;0.0;0.0;0.0;0.0;0.0;0.0;0.0;0.0;0.0;0.235294;0.01548
44017;0.305677;0.39738;0.126638;0.0;0.026201;0.0;0.0;0.0;0.0;0.0;0.0;0.0;0.0;0.0;0.078603;0.065502
44018;0.0;0.9375;0.0625;0.0;0.0;0.0;0.0;0.0;0.0;0.0;0.0;0.0;0.0;0.0;0.0;0.0
44019;0.155556;0.4;0.177778;0.0;0.044444;0.0;0.0;0.0;0.0;0.0;0.0;0.0;0.0;0.0;0.222222;0.0
44020;0.05;0.6;0.15;0.0;0.0;0.0;0.0;0.0;0.0;0.0;0.0;0.0;0.0;0.0;0.15;0.05
44021;0.297619;0.297619;0.071429;0.0;0.047619;0.0;0.0;0.0;0.0;0.0;0.0;0.0;0.0;0.0;0.22619;0.059524
44022;0.341693;0.23511;0.137931;0.0;0.068966;0.0;0.0;0.0;0.0;0.0;0.0;0.0;0.0;0.0;0.175549;0.040752
44023;0.263158;0.631579;0.0;0.0;0.0;0.0;0.0;0.0;0.0;0.0;0.0;0.0;0.0;0.0;0.105263;0.0
44024;0.068966;0.758621;0.103448;0.0;0.0;0.0;0.0;0.0;0.0;0.0;0.0;0.0;0.0;0.0;0.068966;0.0
44025;0.375363;0.257732;0.151996;0.0;0.086175;0.0;0.0;0.0;0.0;0.0;0.0;0.0;0.0;0.0;0.109966;0.018768
44026;0.293333;0.293333;0.32;0.0;0.08;0.0;0.0;0.0;0.0;0.0;0.0;0.0;0.0;0.0;0.013333;0.0
44027;0.45;0.233333;0.108333;0.0;0.125;0.0;0.0;0.0;0.0;0.0;0.0;0.0;0.0;0.0;0.066667;0.016667
44028;0.285714;0.466165;0.067669;0.0;0.0;0.0;0.0;0.0;0.0;0.0;0.0;0.0;0.0;0.0;0.180451;0.0
44029;0.443645;0.29976;0.127098;0.0;0.047962;0.0;0.0;0.0;0.0;0.0;0.0;0.0;0.0;0.0;0.071942;0.009592
44031;0.346939;0.469388;0.142857;0.0;0.020408;0.0;0.0;0.0;0.0;0.0;0.0;0.0;0.0;0.0;0.0;0.020408
44032;0.411765;0.352941;0.235294;0.0;0.0;0.0;0.0;0.0;0.0;0.0;0.0;0.0;0.0;0.0;0.0;0.0
44033;0.305882;0.388235;0.117647;0.0;0.064706;0.0;0.0;0.0;0.0;0.0;0.0;0.0;0.0;0.0;0.105882;0.017647
44034;0.333333;0.40625;0.0625;0.0;0.041667;0.0;0.0;0.0;0.0;0.0;0.0;0.0;0.0;0.0;0.052083;0.104167
44035;0.16;0.426667;0.133333;0.0;0.013333;0.0;0.0;0.0;0.0;0.0;0.0;0.0;0.0;0.0;0.266667;0.0
44036;0.105263;0.473684;0.157895;0.0;0.105263;0.0;0.0;0.0;0.0;0.0;0.0;0.0;0.0;0.0;0.157895;0.0
44037;0.285285;0.426426;0.105105;0.0;0.054054;0.0;0.0;0.0;0.0;0.0;0.0;0.0;0.0;0.0;0.123123;0.006006
44038;0.329545;0.329545;0.113636;0.0;0.079545;0.0;0.0;0.0;0.0;0.0;0.0;0.0;0.0;0.0;0.125;0.022727
44039;0.148649;0.452703;0.243243;0.0;0.033784;0.0;0.0;0.0;0.0;0.0;0.0;0.0;0.0;0.0;0.101351;0.02027
44040;0.239726;0.328767;0.068493;0.0;0.027397;0.0;0.0;0.0;0.0;0.0;0.0;0.0;0.0;0.0;0.30137;0.034247
44041;0.306122;0.081633;0.163265;0.0;0.204082;0.0;0.0;0.0;0.0;0.0;0.0;0.0;0.0;0.0;0.204082;0.040816
44042;0.241379;0.333333;0.091954;0.0;0.045977;0.0;0.0;0.0;0.0;0.0;0.0;0.0;0.0;0.0;0.287356;0.0
44043;0.258621;0.413793;0.137931;0.0;0.051724;0.0;0.0;0.0;0.0;0.0;0.0;0.0;0.0;0.0;0.103448;0.034483
44044;0.15493;0.478873;0.126761;0.0;0.028169;0.0;0.0;0.0;0.0;0.0;0.0;0.0;0.0;0.0;0.084507;0.126761
44045;0.282392;0.401993;0.142857;0.0;0.069767;0.0;0.0;0.0;0.0;0.0;0.0;0.0;0.0;0.0;0.089701;0.013289
44046;0.333333;0.333333;0.111111;0.0;0.0;0.0;0.0;0.0;0.0;0.0;0.0;0.0;0.0;0.0;0.194444;0.027778
44047;0.355372;0.297521;0.066116;0.0;0.07438;0.0;0.0;0.0;0.0;0.0;0.0;0.0;0.0;0.0;0.173554;0.033058
44048;0.333333;0.314815;0.111111;0.0;0.0;0.0;0.0;0.0;0.0;0.0;0.0;0.0;0.0;0.0;0.0;0.240741
44049;0.346484;0.372213;0.092624;0.0;0.06175;0.0;0.0;0.0;0.0;0.0;0.0;0.0;0.0;0.0;0.121784;0.005146
44050;0.281696;0.356696;0.137946;0.0;0.037054;0.0;0.0;0.0;0.0;0.0;0.0;0.0;0.0;0.0;0.170536;0.016071
44051;0.306469;0.463415;0.130435;0.0;0.036055;0.0;0.0;0.0;0.0;0.0;0.0;0.0;0.0;0.0;0.053022;0.010604
44052;0.176471;0.333333;0.156863;0.0;0.137255;0.0;0.0;0.0;0.0;0.0;0.0;0.0;0.0;0.0;0.196078;0.0
44053;0.222222;0.396825;0.15873;0.0;0.031746;0.0;0.0;0.0;0.0;0.0;0.0;0.0;0.0;0.0;0.142857;0.047619
44054;0.208333;0.427083;0.166667;0.0;0.052083;0.0;0.0;0.0;0.0;0.0;0.0;0.0;0.0;0.0;0.09375;0.052083
44055;0.195876;0.371134;0.072165;0.0;0.030928;0.0;0.0;0.0;0.0;0.0;0.0;0.0;0.0;0.0;0.298969;0.030928
44056;0.238671;0.483384;0.148036;0.0;0.021148;0.0;0.0;0.0;0.0;0.0;0.0;0.0;0.0;0.0;0.096677;0.012085
44059;0.295154;0.405286;0.112335;0.0;0.019824;0.0;0.0;0.0;0.0;0.0;0.0;0.0;0.0;0.0;0.15859;0.008811
44060;0.15625;0.53125;0.21875;0.0;0.0;0.0;0.0;0.0;0.0;0.0;0.0;0.0;0.0;0.0;0.03125;0.0625
44061;0.306452;0.354839;0.209677;0.0;0.048387;0.0;0.0;0.0;0.0;0.0;0.0;0.0;0.0;0.0;0.032258;0.048387
44062;0.346154;0.461538;0.0;0.0;0.0;0.0;0.0;0.0;0.0;0.0;0.0;0.0;0.0;0.0;0.192308;0.0
44063;0.25;0.283333;0.183333;0.0;0.116667;0.0;0.0;0.0;0.0;0.0;0.0;0.0;0.0;0.0;0.166667;0.0
44064;0.254545;0.472727;0.2;0.0;0.036364;0.0;0.0;0.0;0.0;0.0;0.0;0.0;0.0;0.0;0.036364;0.0
44065;0.322034;0.338983;0.254237;0.0;0.050847;0.0;0.0;0.0;0.0;0.0;0.0;0.0;0.0;0.0;0.033898;0.0
44066;0.46875;0.15625;0.125;0.0;0.0625;0.0;0.0;0.0;0.0;0.0;0.0;0.0;0.0;0.0;0.1875;0.0
44067;0.33871;0.274194;0.048387;0.0;0.145161;0.0;0.0;0.0;0.0;0.0;0.0;0.0;0.0;0.0;0.16129;0.032258
44068;0.300797;0.360558;0.149402;0.0;0.031873;0.0;0.0;0.0;0.0;0.0;0.0;0.0;0.0;0.0;0.13745;0.01992
44070;0.071429;0.571429;0.119048;0.0;0.0;0.0;0.0;0.0;0.0;0.0;0.0;0.0;0.0;0.0;0.166667;0.071429
44071;0.273171;0.287805;0.104878;0.0;0.056098;0.0;0.0;0.0;0.0;0.0;0.0;0.0;0.0;0.0;0.263415;0.014634
44074;0.247024;0.440476;0.175595;0.0;0.014881;0.0;0.0;0.0;0.0;0.0;0.0;0.0;0.0;0.0;0.113095;0.008929
44075;0.1893;0.506173;0.127572;0.0;0.016461;0.0;0.0;0.0;0.0;0.0;0.0;0.0;0.0;0.0;0.156379;0.004115
44076;0.354351;0.358134;0.079445;0.0;0.034678;0.0;0.0;0.0;0.0;0.0;0.0;0.0;0.0;0.0;0.168348;0.005044
44077;0.54717;0.207547;0.113208;0.0;0.037736;0.0;0.0;0.0;0.0;0.0;0.0;0.0;0.0;0.0;0.037736;0.056604
44080;0.302885;0.269231;0.0625;0.0;0.067308;0.0;0.0;0.0;0.0;0.0;0.0;0.0;0.0;0.0;0.274038;0.024038
44082;0.265823;0.278481;0.21519;0.0;0.012658;0.0;0.0;0.0;0.0;0.0;0.0;0.0;0.0;0.0;0.227848;0.0
44084;0.326531;0.55102;0.040816;0.0;0.020408;0.0;0.0;0.0;0.0;0.0;0.0;0.0;0.0;0.0;0.040816;0.020408
44085;0.0;0.423077;0.096154;0.0;0.0;0.0;0.0;0.0;0.0;0.0;0.0;0.0;0.0;0.0;0.480769;0.0
44086;0.365854;0.368902;0.07622;0.0;0.094512;0.0;0.0;0.0;0.0;0.0;0.0;0.0;0.0;0.0;0.094512;0.0
44087;0.316667;0.45;0.083333;0.0;0.016667;0.0;0.0;0.0;0.0;0.0;0.0;0.0;0.0;0.0;0.083333;0.05
44088;0.190476;0.52381;0.238095;0.0;0.0;0.0;0.0;0.0;0.0;0.0;0.0;0.0;0.0;0.0;0.0;0.047619
44089;0.226415;0.320755;0.113208;0.0;0.056604;0.0;0.0;0.0;0.0;0.0;0.0;0.0;0.0;0.0;0.264151;0.018868
44090;0.169811;0.528302;0.226415;0.0;0.0;0.0;0.0;0.0;0.0;0.0;0.0;0.0;0.0;0.0;0.056604;0.018868
44092;0.219178;0.356164;0.082192;0.0;0.109589;0.0;0.0;0.0;0.0;0.0;0.0;0.0;0.0;0.0;0.219178;0.013699
44093;0.211268;0.380282;0.042254;0.0;0.014085;0.0;0.0;0.0;0.0;0.0;0.0;0.0;0.0;0.0;0.352113;0.0
44094;0.209091;0.427273;0.136364;0.0;0.027273;0.0;0.0;0.0;0.0;0.0;0.0;0.0;0.0;0.0;0.181818;0.018182
44096;0.319328;0.226891;0.084034;0.0;0.10084;0.0;0.0;0.0;0.0;0.0;0.0;0.0;0.0;0.0;0.260504;0.008403
44097;0.197531;0.395062;0.160494;0.0;0.024691;0.0;0.0;0.0;0.0;0.0;0.0;0.0;0.0;0.0;0.098765;0.123457
44099;0.458937;0.188406;0.166667;0.0;0.101449;0.0;0.0;0.0;0.0;0.0;0.0;0.0;0.0;0.0;0.07971;0.004831
44100;0.492647;0.227941;0.058824;0.0;0.154412;0.0;0.0;0.0;0.0;0.0;0.0;0.0;0.0;0.0;0.066176;0.0
44101;0.22;0.28;0.26;0.0;0.04;0.0;0.0;0.0;0.0;0.0;0.0;0.0;0.0;0.0;0.2;0.0
44102;0.136364;0.545455;0.136364;0.0;0.136364;0.0;0.0;0.0;0.0;0.0;0.0;0.0;0.0;0.0;0.045455;0.0
44103;0.173913;0.373913;0.2;0.0;0.043478;0.0;0.0;0.0;0.0;0.0;0.0;0.0;0.0;0.0;0.086957;0.121739
44105;0.339623;0.283019;0.09434;0.0;0.113208;0.0;0.0;0.0;0.0;0.0;0.0;0.0;0.0;0.0;0.113208;0.056604
44106;0.322314;0.214876;0.107438;0.0;0.024793;0.0;0.0;0.0;0.0;0.0;0.0;0.0;0.0;0.0;0.297521;0.033058
44107;0.368421;0.269737;0.243421;0.0;0.019737;0.0;0.0;0.0;0.0;0.0;0.0;0.0;0.0;0.0;0.085526;0.013158
44108;0.243028;0.318725;0.143426;0.0;0.087649;0.0;0.0;0.0;0.0;0.0;0.0;0.0;0.0;0.0;0.203187;0.003984
44109;0.272727;0.38961;0.246753;0.0;0.038961;0.0;0.0;0.0;0.0;0.0;0.0;0.0;0.0;0.0;0.051948;0.0
44110;0.25;0.625;0.0625;0.0;0.0;0.0;0.0;0.0;0.0;0.0;0.0;0.0;0.0;0.0;0.0625;0.0
44111;0.278689;0.180328;0.032787;0.0;0.180328;0.0;0.0;0.0;0.0;0.0;0.0;0.0;0.0;0.0;0.327869;0.0
44112;0.282143;0.382143;0.067857;0.0;0.067857;0.0;0.0;0.0;0.0;0.0;0.0;0.0;0.0;0.0;0.146429;0.053571
44113;0.308824;0.117647;0.044118;0.0;0.279412;0.0;0.0;0.0;0.0;0.0;0.0;0.0;0.0;0.0;0.25;0.0
44114;0.252941;0.370588;0.082353;0.0;0.064706;0.0;0.0;0.0;0.0;0.0;0.0;0.0;0.0;0.0;0.135294;0.094118
44115;0.425743;0.267327;0.059406;0.0;0.069307;0.0;0.0;0.0;0.0;0.0;0.0;0.0;0.0;0.0;0.138614;0.039604
44116;0.095238;0.47619;0.126984;0.0;0.0;0.0;0.0;0.0;0.0;0.0;0.0;0.0;0.0;0.0;0.285714;0.015873
44117;0.385906;0.268456;0.184564;0.0;0.057047;0.0;0.0;0.0;0.0;0.0;0.0;0.0;0.0;0.0;0.087248;0.016779
44118;0.243243;0.459459;0.162162;0.0;0.018018;0.0;0.0;0.0;0.0;0.0;0.0;0.0;0.0;0.0;0.063063;0.054054
44119;0.291667;0.28125;0.114583;0.0;0.052083;0.0;0.0;0.0;0.0;0.0;0.0;0.0;0.0;0.0;0.260417;0.0
44120;0.216867;0.36747;0.222892;0.0;0.036145;0.0;0.0;0.0;0.0;0.0;0.0;0.0;0.0;0.0;0.138554;0.018072
44121;0.130435;0.391304;0.152174;0.0;0.043478;0.0;0.0;0.0;0.0;0.0;0.0;0.0;0.0;0.0;0.021739;0.26087
44122;0.35654;0.344937;0.148734;0.0;0.047468;0.0;0.0;0.0;0.0;0.0;0.0;0.0;0.0;0.0;0.093882;0.008439
44123;0.285714;0.480519;0.077922;0.0;0.051948;0.0;0.0;0.0;0.0;0.0;0.0;0.0;0.0;0.0;0.103896;0.0
44124;0.349206;0.206349;0.111111;0.0;0.111111;0.0;0.0;0.0;0.0;0.0;0.0;0.0;0.0;0.0;0.222222;0.0
44125;0.243902;0.487805;0.121951;0.0;0.02439;0.0;0.0;0.0;0.0;0.0;0.0;0.0;0.0;0.0;0.121951;0.0
44126;0.427928;0.337838;0.076577;0.0;0.09009;0.0;0.0;0.0;0.0;0.0;0.0;0.0;0.0;0.0;0.045045;0.022523
44127;0.220339;0.372881;0.135593;0.0;0.050847;0.0;0.0;0.0;0.0;0.0;0.0;0.0;0.0;0.0;0.186441;0.033898
44128;0.268293;0.463415;0.073171;0.0;0.0;0.0;0.0;0.0;0.0;0.0;0.0;0.0;0.0;0.0;0.195122;0.0
44129;0.368421;0.210526;0.157895;0.0;0.157895;0.0;0.0;0.0;0.0;0.0;0.0;0.0;0.0;0.0;0.078947;0.026316
44130;0.057143;0.228571;0.057143;0.0;0.028571;0.0;0.0;0.0;0.0;0.0;0.0;0.0;0.0;0.0;0.6;0.028571
44131;0.481481;0.185185;0.074074;0.0;0.074074;0.0;0.0;0.0;0.0;0.0;0.0;0.0;0.0;0.0;0.148148;0.037037
44132;0.361702;0.276596;0.212766;0.0;0.085106;0.0;0.0;0.0;0.0;0.0;0.0;0.0;0.0;0.0;0.06383;0.0
44133;0.0625;0.5;0.25;0.0;0.0;0.0;0.0;0.0;0.0;0.0;0.0;0.0;0.0;0.0;0.0625;0.125
44135;0.223881;0.38806;0.253731;0.0;0.0;0.0;0.0;0.0;0.0;0.0;0.0;0.0;0.0;0.0;0.104478;0.029851
44136;0.27907;0.55814;0.023256;0.0;0.069767;0.0;0.0;0.0;0.0;0.0;0.0;0.0;0.0;0.0;0.069767;0.0
44137;0.104895;0.58042;0.174825;0.0;0.048951;0.0;0.0;0.0;0.0;0.0;0.0;0.0;0.0;0.0;0.076923;0.013986
44138;0.202381;0.452381;0.154762;0.0;0.011905;0.0;0.0;0.0;0.0;0.0;0.0;0.0;0.0;0.0;0.154762;0.02381
44141;0.25641;0.346154;0.141026;0.0;0.076923;0.0;0.0;0.0;0.0;0.0;0.0;0.0;0.0;0.0;0.089744;0.089744
44142;0.392857;0.285714;0.107143;0.0;0.071429;0.0;0.0;0.0;0.0;0.0;0.0;0.0;0.0;0.0;0.107143;0.035714
44143;0.364821;0.364821;0.185668;0.0;0.026059;0.0;0.0;0.0;0.0;0.0;0.0;0.0;0.0;0.0;0.04886;0.009772
44144;0.43318;0.248848;0.064516;0.0;0.036866;0.0;0.0;0.0;0.0;0.0;0.0;0.0;0.0;0.0;0.21659;0.0
44145;0.326241;0.334752;0.129078;0.0;0.04539;0.0;0.0;0.0;0.0;0.0;0.0;0.0;0.0;0.0;0.141844;0.022695
44146;0.445312;0.328125;0.09375;0.0;0.015625;0.0;0.0;0.0;0.0;0.0;0.0;0.0;0.0;0.0;0.101562;0.015625
44147;0.310219;0.350365;0.076642;0.0;0.094891;0.0;0.0;0.0;0.0;0.0;0.0;0.0;0.0;0.0;0.160584;0.007299
44148;0.5;0.266667;0.066667;0.0;0.016667;0.0;0.0;0.0;0.0;0.0;0.0;0.0;0.0;0.0;0.133333;0.016667
44149;0.506849;0.328767;0.082192;0.0;0.027397;0.0;0.0;0.0;0.0;0.0;0.0;0.0;0.0;0.0;0.054795;0.0
44150;0.176471;0.411765;0.058824;0.0;0.058824;0.0;0.0;0.0;0.0;0.0;0.0;0.0;0.0;0.0;0.294118;0.0
44151;0.421488;0.297521;0.082645;0.0;0.033058;0.0;0.0;0.0;0.0;0.0;0.0;0.0;0.0;0.0;0.132231;0.033058
44152;0.112903;0.467742;0.129032;0.0;0.016129;0.0;0.0;0.0;0.0;0.0;0.0;0.0;0.0;0.0;0.209677;0.064516
44153;0.261945;0.37372;0.110922;0.0;0.040956;0.0;0.0;0.0;0.0;0.0;0.0;0.0;0.0;0.0;0.199659;0.012799
44154;0.177914;0.423313;0.177914;0.0;0.07362;0.0;0.0;0.0;0.0;0.0;0.0;0.0;0.0;0.0;0.134969;0.01227
44155;0.420348;0.240964;0.078983;0.0;0.104418;0.0;0.0;0.0;0.0;0.0;0.0;0.0;0.0;0.0;0.148594;0.006693
44156;0.15625;0.40625;0.21875;0.0;0.03125;0.0;0.0;0.0;0.0;0.0;0.0;0.0;0.0;0.0;0.1875;0.0
44157;0.363636;0.409091;0.113636;0.0;0.0;0.0;0.0;0.0;0.0;0.0;0.0;0.0;0.0;0.0;0.068182;0.045455
44158;0.253968;0.367347;0.143991;0.0;0.054422;0.0;0.0;0.0;0.0;0.0;0.0;0.0;0.0;0.0;0.157596;0.022676
44159;0.052632;0.447368;0.236842;0.0;0.105263;0.0;0.0;0.0;0.0;0.0;0.0;0.0;0.0;0.0;0.078947;0.078947
44160;0.254777;0.420382;0.111465;0.0;0.019108;0.0;0.0;0.0;0.0;0.0;0.0;0.0;0.0;0.0;0.175159;0.019108
44161;0.279221;0.399351;0.107143;0.0;0.029221;0.0;0.0;0.0;0.0;0.0;0.0;0.0;0.0;0.0;0.178571;0.006494
44163;0.311688;0.337662;0.155844;0.0;0.064935;0.0;0.0;0.0;0.0;0.0;0.0;0.0;0.0;0.0;0.103896;0.025974
44164;0.206897;0.413793;0.172414;0.0;0.068966;0.0;0.0;0.0;0.0;0.0;0.0;0.0;0.0;0.0;0.103448;0.034483
44165;0.305085;0.364407;0.144068;0.0;0.042373;0.0;0.0;0.0;0.0;0.0;0.0;0.0;0.0;0.0;0.101695;0.042373
44167;0.3;0.333333;0.033333;0.0;0.1;0.0;0.0;0.0;0.0;0.0;0.0;0.0;0.0;0.0;0.2;0.033333
44168;0.180451;0.511278;0.120301;0.0;0.0;0.0;0.0;0.0;0.0;0.0;0.0;0.0;0.0;0.0;0.097744;0.090226
44169;0.308057;0.350711;0.090047;0.0;0.056872;0.0;0.0;0.0;0.0;0.0;0.0;0.0;0.0;0.0;0.194313;0.0
44171;0.294118;0.183007;0.03268;0.0;0.254902;0.0;0.0;0.0;0.0;0.0;0.0;0.0;0.0;0.0;0.20915;0.026144
44172;0.316239;0.444444;0.08547;0.0;0.042735;0.0;0.0;0.0;0.0;0.0;0.0;0.0;0.0;0.0;0.081197;0.029915
44173;0.287671;0.260274;0.109589;0.0;0.054795;0.0;0.0;0.0;0.0;0.0;0.0;0.0;0.0;0.0;0.232877;0.054795
44174;0.226537;0.404531;0.158576;0.0;0.022654;0.0;0.0;0.0;0.0;0.0;0.0;0.0;0.0;0.0;0.116505;0.071197
44175;0.282051;0.410256;0.141026;0.0;0.0;0.0;0.0;0.0;0.0;0.0;0.0;0.0;0.0;0.0;0.166667;0.0
44176;0.416667;0.308333;0.15;0.0;0.016667;0.0;0.0;0.0;0.0;0.0;0.0;0.0;0.0;0.0;0.091667;0.016667
44177;0.428571;0.233766;0.116883;0.0;0.077922;0.0;0.0;0.0;0.0;0.0;0.0;0.0;0.0;0.0;0.12987;0.012987
44178;0.153846;0.333333;0.307692;0.0;0.025641;0.0;0.0;0.0;0.0;0.0;0.0;0.0;0.0;0.0;0.076923;0.102564
44179;0.303419;0.324786;0.068376;0.0;0.102564;0.0;0.0;0.0;0.0;0.0;0.0;0.0;0.0;0.0;0.136752;0.064103
44180;0.350877;0.526316;0.070175;0.0;0.0;0.0;0.0;0.0;0.0;0.0;0.0;0.0;0.0;0.0;0.017544;0.035088
44181;0.372881;0.389831;0.152542;0.0;0.016949;0.0;0.0;0.0;0.0;0.0;0.0;0.0;0.0;0.0;0.016949;0.050847
44182;0.299363;0.356688;0.146497;0.0;0.019108;0.0;0.0;0.0;0.0;0.0;0.0;0.0;0.0;0.0;0.171975;0.006369
44183;0.319149;0.255319;0.12766;0.0;0.0;0.0;0.0;0.0;0.0;0.0;0.0;0.0;0.0;0.0;0.170213;0.12766
44184;0.128205;0.615385;0.076923;0.0;0.051282;0.0;0.0;0.0;0.0;0.0;0.0;0.0;0.0;0.0;0.076923;0.051282
44185;0.275362;0.391304;0.101449;0.0;0.043478;0.0;0.0;0.0;0.0;0.0;0.0;0.0;0.0;0.0;0.173913;0.014493
44187;0.174194;0.380645;0.154839;0.0;0.064516;0.0;0.0;0.0;0.0;0.0;0.0;0.0;0.0;0.0;0.212903;0.012903
44189;0.340426;0.276596;0.12766;0.0;0.042553;0.0;0.0;0.0;0.0;0.0;0.0;0.0;0.0;0.0;0.191489;0.021277
44190;0.192308;0.365385;0.076923;0.0;0.038462;0.0;0.0;0.0;0.0;0.0;0.0;0.0;0.0;0.0;0.288462;0.038462
44191;0.364791;0.283122;0.096189;0.0;0.139746;0.0;0.0;0.0;0.0;0.0;0.0;0.0;0.0;0.0;0.103448;0.012704
44192;0.236667;0.373333;0.16;0.0;0.036667;0.0;0.0;0.0;0.0;0.0;0.0;0.0;0.0;0.0;0.183333;0.01
44193;0.302632;0.328947;0.197368;0.0;0.039474;0.0;0.0;0.0;0.0;0.0;0.0;0.0;0.0;0.0;0.118421;0.013158
44194;0.209877;0.271605;0.148148;0.0;0.074074;0.0;0.0;0.0;0.0;0.0;0.0;0.0;0.0;0.0;0.209877;0.08642
44195;0.323944;0.323944;0.183099;0.0;0.042254;0.0;0.0;0.0;0.0;0.0;0.0;0.0;0.0;0.0;0.112676;0.014085
44196;0.47561;0.256098;0.097561;0.0;0.0;0.0;0.0;0.0;0.0;0.0;0.0;0.0;0.0;0.0;0.085366;0.085366
44197;0.431818;0.386364;0.113636;0.0;0.068182;0.0;0.0;0.0;0.0;0.0;0.0;0.0;0.0;0.0;0.0;0.0
44198;0.255034;0.395973;0.208054;0.0;0.013423;0.0;0.0;0.0;0.0;0.0;0.0;0.0;0.0;0.0;0.09396;0.033557
44199;0.184211;0.342105;0.131579;0.0;0.052632;0.0;0.0;0.0;0.0;0.0;0.0;0.0;0.0;0.0;0.263158;0.026316
44200;0.105263;0.368421;0.105263;0.0;0.052632;0.0;0.0;0.0;0.0;0.0;0.0;0.0;0.0;0.0;0.157895;0.210526
44201;0.404639;0.21134;0.141753;0.0;0.06701;0.0;0.0;0.0;0.0;0.0;0.0;0.0;0.0;0.0;0.167526;0.007732
44203;0.333333;0.333333;0.222222;0.0;0.0;0.0;0.0;0.0;0.0;0.0;0.0;0.0;0.0;0.0;0.0;0.111111
44204;0.4375;0.25;0.1875;0.0;0.0625;0.0;0.0;0.0;0.0;0.0;0.0;0.0;0.0;0.0;0.0625;0.0
44205;0.281465;0.366133;0.128146;0.0;0.08238;0.0;0.0;0.0;0.0;0.0;0.0;0.0;0.0;0.0;0.128146;0.01373
44206;0.252747;0.274725;0.142857;0.0;0.120879;0.0;0.0;0.0;0.0;0.0;0.0;0.0;0.0;0.0;0.131868;0.076923
44207;0.358491;0.386792;0.084906;0.0;0.028302;0.0;0.0;0.0;0.0;0.0;0.0;0.0;0.0;0.0;0.132075;0.009434
44208;0.105263;0.105263;0.578947;0.0;0.0;0.0;0.0;0.0;0.0;0.0;0.0;0.0;0.0;0.0;0.210526;0.0
44209;0.253546;0.402482;0.136525;0.0;0.026596;0.0;0.0;0.0;0.0;0.0;0.0;0.0;0.0;0.0;0.173759;0.007092
44210;0.33557;0.345638;0.125839;0.0;0.067114;0.0;0.0;0.0;0.0;0.0;0.0;0.0;0.0;0.0;0.112416;0.013423
44211;0.484848;0.181818;0.121212;0.0;0.060606;0.0;0.0;0.0;0.0;0.0;0.0;0.0;0.0;0.0;0.151515;0.0
44212;0.259259;0.333333;0.148148;0.0;0.0;0.0;0.0;0.0;0.0;0.0;0.0;0.0;0.0;0.0;0.148148;0.111111
44213;0.241379;0.448276;0.137931;0.0;0.0;0.0;0.0;0.0;0.0;0.0;0.0;0.0;0.0;0.0;0.155172;0.017241
44215;0.214876;0.289256;0.123967;0.0;0.041322;0.0;0.0;0.0;0.0;0.0;0.0;0.0;0.0;0.0;0.272727;0.057851
44216;0.225061;0.377556;0.138693;0.0;0.0463;0.0;0.0;0.0;0.0;0.0;0.0;0.0;0.0;0.0;0.202503;0.009888
44217;0.454545;0.181818;0.090909;0.0;0.0;0.0;0.0;0.0;0.0;0.0;0.0;0.0;0.0;0.0;0.272727;0.0
44218;0.142857;0.642857;0.035714;0.0;0.035714;0.0;0.0;0.0;0.0;0.0;0.0;0.0;0.0;0.0;0.107143;0.035714
44219;0.201681;0.521008;0.117647;0.0;0.07563;0.0;0.0;0.0;0.0;0.0;0.0;0.0;0.0;0.0;0.058824;0.02521
44220;0.11236;0.561798;0.123596;0.0;0.011236;0.0;0.0;0.0;0.0;0.0;0.0;0.0;0.0;0.0;0.11236;0.078652
44221;0.344482;0.414716;0.073579;0.0;0.06689;0.0;0.0;0.0;0.0;0.0;0.0;0.0;0.0;0.0;0.090301;0.010033
44222;0.158416;0.50495;0.19802;0.0;0.039604;0.0;0.0;0.0;0.0;0.0;0.0;0.0;0.0;0.0;0.079208;0.019802
44223;0.321429;0.428571;0.035714;0.0;0.089286;0.0;0.0;0.0;0.0;0.0;0.0;0.0;0.0;0.0;0.089286;0.035714
44224;0.833333;0.083333;0.083333;0.0;0.0;0.0;0.0;0.0;0.0;0.0;0.0;0.0;0.0;0.0;0.0;0.0
44225;0.329114;0.35443;0.012658;0.0;0.126582;0.0;0.0;0.0;0.0;0.0;0.0;0.0;0.0;0.0;0.177215;0.0
44226;0.280899;0.280899;0.146067;0.0;0.089888;0.0;0.0;0.0;0.0;0.0;0.0;0.0;0.0;0.0;0.202247;0.0
44227;0.2;0.566667;0.1;0.0;0.033333;0.0;0.0;0.0;0.0;0.0;0.0;0.0;0.0;0.0;0.083333;0.016667
44228;0.233766;0.506494;0.168831;0.0;0.0;0.0;0.0;0.0;0.0;0.0;0.0;0.0;0.0;0.0;0.077922;0.012987
44229;0.224299;0.242991;0.121495;0.0;0.121495;0.0;0.0;0.0;0.0;0.0;0.0;0.0;0.0;0.0;0.205607;0.084112
44230;0.461538;0.259615;0.009615;0.0;0.115385;0.0;0.0;0.0;0.0;0.0;0.0;0.0;0.0;0.0;0.115385;0.038462
44231;0.08;0.2;0.24;0.0;0.32;0.0;0.0;0.0;0.0;0.0;0.0;0.0;0.0;0.0;0.04;0.12
44232;0.322464;0.315217;0.119565;0.0;0.014493;0.0;0.0;0.0;0.0;0.0;0.0;0.0;0.0;0.0;0.166667;0.061594
44234;0.319149;0.340426;0.170213;0.0;0.085106;0.0;0.0;0.0;0.0;0.0;0.0;0.0;0.0;0.0;0.085106;0.0
44235;0.375;0.296875;0.171875;0.0;0.0625;0.0;0.0;0.0;0.0;0.0;0.0;0.0;0.0;0.0;0.09375;0.0
44236;0.153846;0.589744;0.051282;0.0;0.076923;0.0;0.0;0.0;0.0;0.0;0.0;0.0;0.0;0.0;0.051282;0.076923
44237;0.386617;0.375465;0.115242;0.0;0.02974;0.0;0.0;0.0;0.0;0.0;0.0;0.0;0.0;0.0;0.092937;0.0
44238;0.467652;0.17252;0.098583;0.0;0.055453;0.0;0.0;0.0;0.0;0.0;0.0;0.0;0.0;0.0;0.195317;0.010474
44239;0.0;0.791667;0.125;0.0;0.0;0.0;0.0;0.0;0.0;0.0;0.0;0.0;0.0;0.0;0.083333;0.0
44240;0.306452;0.370968;0.137097;0.0;0.048387;0.0;0.0;0.0;0.0;0.0;0.0;0.0;0.0;0.0;0.112903;0.024194
44241;0.312821;0.366667;0.105128;0.0;0.074359;0.0;0.0;0.0;0.0;0.0;0.0;0.0;0.0;0.0;0.117949;0.023077
44243;0.136364;0.363636;0.318182;0.0;0.045455;0.0;0.0;0.0;0.0;0.0;0.0;0.0;0.0;0.0;0.136364;0.0
44244;0.176471;0.45098;0.117647;0.0;0.058824;0.0;0.0;0.0;0.0;0.0;0.0;0.0;0.0;0.0;0.196078;0.0
44245;0.238636;0.392045;0.164773;0.0;0.045455;0.0;0.0;0.0;0.0;0.0;0.0;0.0;0.0;0.0;0.130682;0.028409
44246;0.347064;0.358457;0.092901;0.0;0.077125;0.0;0.0;0.0;0.0;0.0;0.0;0.0;0.0;0.0;0.108677;0.015776
44247;0.37037;0.217593;0.092593;0.0;0.069444;0.0;0.0;0.0;0.0;0.0;0.0;0.0;0.0;0.0;0.25;0.0
44249;0.178571;0.428571;0.178571;0.0;0.107143;0.0;0.0;0.0;0.0;0.0;0.0;0.0;0.0;0.0;0.071429;0.035714
44250;0.117647;0.352941;0.411765;0.0;0.0;0.0;0.0;0.0;0.0;0.0;0.0;0.0;0.0;0.0;0.058824;0.058824
44251;0.177419;0.435484;0.263441;0.0;0.021505;0.0;0.0;0.0;0.0;0.0;0.0;0.0;0.0;0.0;0.086022;0.016129
44252;0.33871;0.322581;0.241935;0.0;0.0;0.0;0.0;0.0;0.0;0.0;0.0;0.0;0.0;0.0;0.032258;0.064516
44256;0.088235;0.294118;0.205882;0.0;0.058824;0.0;0.0;0.0;0.0;0.0;0.0;0.0;0.0;0.0;0.323529;0.029412
44257;0.277311;0.369748;0.193277;0.0;0.033613;0.0;0.0;0.0;0.0;0.0;0.0;0.0;0.0;0.0;0.10084;0.02521
44258;0.025641;0.615385;0.153846;0.0;0.051282;0.0;0.0;0.0;0.0;0.0;0.0;0.0;0.0;0.0;0.128205;0.025641
44260;0.247312;0.354839;0.258065;0.0;0.032258;0.0;0.0;0.0;0.0;0.0;0.0;0.0;0.0;0.0;0.032258;0.075269
44261;0.367673;0.31794;0.119005;0.0;0.033748;0.0;0.0;0.0;0.0;0.0;0.0;0.0;0.0;0.0;0.154529;0.007105
44262;0.133929;0.4375;0.205357;0.0;0.008929;0.0;0.0;0.0;0.0;0.0;0.0;0.0;0.0;0.0;0.133929;0.080357
44263;0.264493;0.181159;0.278986;0.0;0.032609;0.0;0.0;0.0;0.0;0.0;0.0;0.0;0.0;0.0;0.217391;0.025362
44264;0.275641;0.333333;0.198718;0.0;0.044872;0.0;0.0;0.0;0.0;0.0;0.0;0.0;0.0;0.0;0.147436;0.0
44265;0.265625;0.53125;0.09375;0.0;0.023438;0.0;0.0;0.0;0.0;0.0;0.0;0.0;0.0;0.0;0.039062;0.046875
44266;0.216867;0.457831;0.108434;0.0;0.0;0.0;0.0;0.0;0.0;0.0;0.0;0.0;0.0;0.0;0.168675;0.048193
44267;0.12766;0.595745;0.042553;0.0;0.06383;0.0;0.0;0.0;0.0;0.0;0.0;0.0;0.0;0.0;0.170213;0.0
44268;0.384615;0.346154;0.076923;0.0;0.038462;0.0;0.0;0.0;0.0;0.0;0.0;0.0;0.0;0.0;0.115385;0.038462
45001;0.366261;0.386778;0.18921;0.0;0.046353;0.0;0.0;0.0;0.0;0.0;0.0;0.0;0.0;0.0;0.0;0.011398
45002;0.356835;0.357912;0.209365;0.0;0.070506;0.0;0.0;0.0;0.0;0.0;0.0;0.0;0.0;0.0;0.0;0.005382
45003;0.333333;0.352113;0.232394;0.0;0.07277;0.0;0.0;0.0;0.0;0.0;0.0;0.0;0.0;0.0;0.0;0.00939
45004;0.375;0.330189;0.216981;0.0;0.073113;0.0;0.0;0.0;0.0;0.0;0.0;0.0;0.0;0.0;0.0;0.004717
45005;0.431034;0.402299;0.109195;0.0;0.045977;0.0;0.0;0.0;0.0;0.0;0.0;0.0;0.0;0.0;0.0;0.011494
45006;0.428571;0.308791;0.216484;0.0;0.040659;0.0;0.0;0.0;0.0;0.0;0.0;0.0;0.0;0.0;0.0;0.005495
45007;0.507605;0.285171;0.144487;0.0;0.060837;0.0;0.0;0.0;0.0;0.0;0.0;0.0;0.0;0.0;0.0;0.001901
45008;0.527559;0.354331;0.086614;0.0;0.015748;0.0;0.0;0.0;0.0;0.0;0.0;0.0;0.0;0.0;0.0;0.015748
45009;0.310714;0.478571;0.167857;0.0;0.032143;0.0;0.0;0.0;0.0;0.0;0.0;0.0;0.0;0.0;0.0;0.010714
45010;0.376984;0.309524;0.202381;0.0;0.107143;0.0;0.0;0.0;0.0;0.0;0.0;0.0;0.0;0.0;0.0;0.003968
45011;0.380753;0.451883;0.150628;0.0;0.012552;0.0;0.0;0.0;0.0;0.0;0.0;0.0;0.0;0.0;0.0;0.004184
45012;0.305455;0.414545;0.178182;0.0;0.096364;0.0;0.0;0.0;0.0;0.0;0.0;0.0;0.0;0.0;0.0;0.005455
45013;0.289834;0.496756;0.160058;0.0;0.046864;0.0;0.0;0.0;0.0;0.0;0.0;0.0;0.0;0.0;0.0;0.006489
45014;0.436672;0.27025;0.184831;0.0;0.098675;0.0;0.0;0.0;0.0;0.0;0.0;0.0;0.0;0.0;0.0;0.009573
45015;0.382739;0.30394;0.238274;0.0;0.067542;0.0;0.0;0.0;0.0;0.0;0.0;0.0;0.0;0.0;0.0;0.007505
45016;0.319989;0.384514;0.187516;0.0;0.094812;0.0;0.0;0.0;0.0;0.0;0.0;0.0;0.0;0.0;0.0;0.013168
45017;0.574257;0.306931;0.069307;0.0;0.039604;0.0;0.0;0.0;0.0;0.0;0.0;0.0;0.0;0.0;0.0;0.009901
45018;0.283333;0.264286;0.328571;0.0;0.111905;0.0;0.0;0.0;0.0;0.0;0.0;0.0;0.0;0.0;0.0;0.011905
45019;0.377549;0.352014;0.1515;0.0;0.109169;0.0;0.0;0.0;0.0;0.0;0.0;0.0;0.0;0.0;0.0;0.009769
45020;0.322348;0.476828;0.148301;0.0;0.046344;0.0;0.0;0.0;0.0;0.0;0.0;0.0;0.0;0.0;0.0;0.006179
45021;0.336658;0.34015;0.230923;0.0;0.080299;0.0;0.0;0.0;0.0;0.0;0.0;0.0;0.0;0.0;0.0;0.01197
45022;0.3125;0.415441;0.220588;0.0;0.047794;0.0;0.0;0.0;0.0;0.0;0.0;0.0;0.0;0.0;0.0;0.003676
45023;0.290946;0.322991;0.256867;0.0;0.120549;0.0;0.0;0.0;0.0;0.0;0.0;0.0;0.0;0.0;0.0;0.008647
45024;0.290201;0.479899;0.188442;0.0;0.030151;0.0;0.0;0.0;0.0;0.0;0.0;0.0;0.0;0.0;0.0;0.011307
45025;0.358919;0.318919;0.222703;0.0;0.085405;0.0;0.0;0.0;0.0;0.0;0.0;0.0;0.0;0.0;0.0;0.014054
45026;0.355556;0.255556;0.288889;0.0;0.1;0.0;0.0;0.0;0.0;0.0;0.0;0.0;0.0;0.0;0.0;0.0
45027;0.470149;0.30597;0.175373;0.0;0.048507;0.0;0.0;0.0;0.0;0.0;0.0;0.0;0.0;0.0;0.0;0.0
45028;0.415108;0.37482;0.149281;0.0;0.052518;0.0;0.0;0.0;0.0;0.0;0.0;0.0;0.0;0.0;0.0;0.008273
45029;0.442953;0.395973;0.107383;0.0;0.033557;0.0;0.0;0.0;0.0;0.0;0.0;0.0;0.0;0.0;0.0;0.020134
45030;0.411268;0.332394;0.140845;0.0;0.109859;0.0;0.0;0.0;0.0;0.0;0.0;0.0;0.0;0.0;0.0;0.005634
45031;0.328853;0.361978;0.215074;0.0;0.083533;0.0;0.0;0.0;0.0;0.0;0.0;0.0;0.0;0.0;0.0;0.010562
45032;0.474359;0.291667;0.163462;0.0;0.067308;0.0;0.0;0.0;0.0;0.0;0.0;0.0;0.0;0.0;0.0;0.003205
45033;0.432039;0.276699;0.228155;0.0;0.063107;0.0;0.0;0.0;0.0;0.0;0.0;0.0;0.0;0.0;0.0;0.0
45034;0.337137;0.423237;0.124481;0.0;0.109959;0.0;0.0;0.0;0.0;0.0;0.0;0.0;0.0;0.0;0.0;0.005187
45035;0.458333;0.295833;0.1375;0.0;0.091667;0.0;0.0;0.0;0.0;0.0;0.0;0.0;0.0;0.0;0.0;0.016667
45036;0.30625;0.46875;0.170833;0.0;0.047917;0.0;0.0;0.0;0.0;0.0;0.0;0.0;0.0;0.0;0.0;0.00625
45037;0.37346;0.417062;0.133649;0.0;0.069194;0.0;0.0;0.0;0.0;0.0;0.0;0.0;0.0;0.0;0.0;0.006635
45038;0.226545;0.345455;0.293455;0.0;0.120727;0.0;0.0;0.0;0.0;0.0;0.0;0.0;0.0;0.0;0.0;0.013818
45039;0.151685;0.494382;0.303371;0.0;0.033708;0.0;0.0;0.0;0.0;0.0;0.0;0.0;0.0;0.0;0.0;0.016854
45040;0.32336;0.420023;0.192175;0.0;0.056387;0.0;0.0;0.0;0.0;0.0;0.0;0.0;0.0;0.0;0.0;0.008055
45041;0.320156;0.332793;0.246273;0.0;0.090084;0.0;0.0;0.0;0.0;0.0;0.0;0.0;0.0;0.0;0.0;0.010693
45042;0.3;0.476923;0.130769;0.0;0.084615;0.0;0.0;0.0;0.0;0.0;0.0;0.0;0.0;0.0;0.0;0.007692
45043;0.33222;0.474124;0.133556;0.0;0.058431;0.0;0.0;0.0;0.0;0.0;0.0;0.0;0.0;0.0;0.0;0.001669
45045;0.360119;0.349206;0.217262;0.0;0.065476;0.0;0.0;0.0;0.0;0.0;0.0;0.0;0.0;0.0;0.0;0.007937
45046;0.412537;0.356418;0.172537;0.0;0.053731;0.0;0.0;0.0;0.0;0.0;0.0;0.0;0.0;0.0;0.0;0.004776
45047;0.213132;0.354351;0.3111;0.0;0.1037;0.0;0.0;0.0;0.0;0.0;0.0;0.0;0.0;0.0;0.0;0.017718
45048;0.321678;0.409091;0.181818;0.0;0.083916;0.0;0.0;0.0;0.0;0.0;0.0;0.0;0.0;0.0;0.0;0.003497
45049;0.277603;0.451104;0.233438;0.0;0.037855;0.0;0.0;0.0;0.0;0.0;0.0;0.0;0.0;0.0;0.0;0.0
45050;0.370558;0.312183;0.203046;0.0;0.093909;0.0;0.0;0.0;0.0;0.0;0.0;0.0;0.0;0.0;0.0;0.020305
45051;0.336719;0.361719;0.244531;0.0;0.049219;0.0;0.0;0.0;0.0;0.0;0.0;0.0;0.0;0.0;0.0;0.007812
45052;0.302478;0.370991;0.209548;0.0;0.105321;0.0;0.0;0.0;0.0;0.0;0.0;0.0;0.0;0.0;0.0;0.011662
45053;0.392839;0.400377;0.146993;0.0;0.054994;0.0;0.0;0.0;0.0;0.0;0.0;0.0;0.0;0.0;0.0;0.004797
45054;0.320267;0.433163;0.186985;0.0;0.057624;0.0;0.0;0.0;0.0;0.0;0.0;0.0;0.0;0.0;0.0;0.00196
45055;0.38403;0.418251;0.149556;0.0;0.048162;0.0;0.0;0.0;0.0;0.0;0.0;0.0;0.0;0.0;0.0;0.0
45056;0.368455;0.282723;0.263089;0.0;0.07788;0.0;0.0;0.0;0.0;0.0;0.0;0.0;0.0;0.0;0.0;0.007853
45057;0.264151;0.427673;0.251572;0.0;0.044025;0.0;0.0;0.0;0.0;0.0;0.0;0.0;0.0;0.0;0.0;0.012579
45058;0.367347;0.379592;0.167347;0.0;0.081633;0.0;0.0;0.0;0.0;0.0;0.0;0.0;0.0;0.0;0.0;0.004082
45059;0.259091;0.458333;0.233333;0.0;0.041667;0.0;0.0;0.0;0.0;0.0;0.0;0.0;0.0;0.0;0.0;0.007576
45060;0.464567;0.212598;0.275591;0.0;0.03937;0.0;0.0;0.0;0.0;0.0;0.0;0.0;0.0;0.0;0.0;0.007874
45061;0.408664;0.3262;0.174843;0.0;0.082985;0.0;0.0;0.0;0.0;0.0;0.0;0.0;0.0;0.0;0.0;0.007307
45062;0.29441;0.450932;0.21118;0.0;0.037267;0.0;0.0;0.0;0.0;0.0;0.0;0.0;0.0;0.0;0.0;0.006211
45063;0.420139;0.322917;0.180556;0.0;0.072917;0.0;0.0;0.0;0.0;0.0;0.0;0.0;0.0;0.0;0.0;0.003472
45064;0.285574;0.375204;0.176971;0.0;0.153418;0.0;0.0;0.0;0.0;0.0;0.0;0.0;0.0;0.0;0.0;0.008832
45065;0.462312;0.366834;0.110553;0.0;0.060302;0.0;0.0;0.0;0.0;0.0;0.0;0.0;0.0;0.0;0.0;0.0
45066;0.281891;0.427007;0.208724;0.0;0.073166;0.0;0.0;0.0;0.0;0.0;0.0;0.0;0.0;0.0;0.0;0.009211
45067;0.309162;0.485666;0.160764;0.0;0.036537;0.0;0.0;0.0;0.0;0.0;0.0;0.0;0.0;0.0;0.0;0.00787
45068;0.512397;0.214876;0.157025;0.0;0.090909;0.0;0.0;0.0;0.0;0.0;0.0;0.0;0.0;0.0;0.0;0.024793
45069;0.354054;0.358108;0.198649;0.0;0.081757;0.0;0.0;0.0;0.0;0.0;0.0;0.0;0.0;0.0;0.0;0.007432
45070;0.338555;0.384682;0.182768;0.0;0.087903;0.0;0.0;0.0;0.0;0.0;0.0;0.0;0.0;0.0;0.0;0.006092
45071;0.430524;0.337889;0.113895;0.0;0.112377;0.0;0.0;0.0;0.0;0.0;0.0;0.0;0.0;0.0;0.0;0.005315
45072;0.402439;0.347561;0.166667;0.0;0.071138;0.0;0.0;0.0;0.0;0.0;0.0;0.0;0.0;0.0;0.0;0.012195
45073;0.369458;0.448276;0.064039;0.0;0.118227;0.0;0.0;0.0;0.0;0.0;0.0;0.0;0.0;0.0;0.0;0.0
45074;0.389262;0.45302;0.073826;0.0;0.077181;0.0;0.0;0.0;0.0;0.0;0.0;0.0;0.0;0.0;0.0;0.006711
45075;0.28125;0.322917;0.34375;0.0;0.041667;0.0;0.0;0.0;0.0;0.0;0.0;0.0;0.0;0.0;0.0;0.010417
45076;0.285408;0.474249;0.16309;0.0;0.075107;0.0;0.0;0.0;0.0;0.0;0.0;0.0;0.0;0.0;0.0;0.002146
45077;0.350622;0.311203;0.246888;0.0;0.076763;0.0;0.0;0.0;0.0;0.0;0.0;0.0;0.0;0.0;0.0;0.014523
45078;0.356054;0.415247;0.18296;0.0;0.043049;0.0;0.0;0.0;0.0;0.0;0.0;0.0;0.0;0.0;0.0;0.002691
45079;0.29434;0.343396;0.181132;0.0;0.177358;0.0;0.0;0.0;0.0;0.0;0.0;0.0;0.0;0.0;0.0;0.003774
45080;0.333333;0.666667;0.0;0.0;0.0;0.0;0.0;0.0;0.0;0.0;0.0;0.0;0.0;0.0;0.0;0.0
45081;0.273791;0.370742;0.242139;0.0;0.098947;0.0;0.0;0.0;0.0;0.0;0.0;0.0;0.0;0.0;0.0;0.014381
45082;0.401593;0.411832;0.110353;0.0;0.067122;0.0;0.0;0.0;0.0;0.0;0.0;0.0;0.0;0.0;0.0;0.009101
45083;0.239175;0.447423;0.230928;0.0;0.070103;0.0;0.0;0.0;0.0;0.0;0.0;0.0;0.0;0.0;0.0;0.012371
45084;0.42246;0.312166;0.18516;0.0;0.073529;0.0;0.0;0.0;0.0;0.0;0.0;0.0;0.0;0.0;0.0;0.006684
45085;0.215064;0.377495;0.34029;0.0;0.061706;0.0;0.0;0.0;0.0;0.0;0.0;0.0;0.0;0.0;0.0;0.005445
45086;0.279133;0.409214;0.227642;0.0;0.081301;0.0;0.0;0.0;0.0;0.0;0.0;0.0;0.0;0.0;0.0;0.00271
45087;0.300482;0.465886;0.168677;0.0;0.05858;0.0;0.0;0.0;0.0;0.0;0.0;0.0;0.0;0.0;0.0;0.006375
45088;0.303416;0.334105;0.265779;0.0;0.072959;0.0;0.0;0.0;0.0;0.0;0.0;0.0;0.0;0.0;0.0;0.023741
45089;0.4033;0.277727;0.169569;0.0;0.142988;0.0;0.0;0.0;0.0;0.0;0.0;0.0;0.0;0.0;0.0;0.006416
45090;0.432727;0.374545;0.163636;0.0;0.029091;0.0;0.0;0.0;0.0;0.0;0.0;0.0;0.0;0.0;0.0;0.0
45091;0.487889;0.287197;0.148789;0.0;0.069204;0.0;0.0;0.0;0.0;0.0;0.0;0.0;0.0;0.0;0.0;0.00692
45092;0.365079;0.513228;0.10582;0.0;0.010582;0.0;0.0;0.0;0.0;0.0;0.0;0.0;0.0;0.0;0.0;0.005291
45093;0.211864;0.627119;0.144068;0.0;0.016949;0.0;0.0;0.0;0.0;0.0;0.0;0.0;0.0;0.0;0.0;0.0
45094;0.383764;0.295203;0.232472;0.0;0.077491;0.0;0.0;0.0;0.0;0.0;0.0;0.0;0.0;0.0;0.0;0.01107
45095;0.320565;0.389113;0.264113;0.0;0.020161;0.0;0.0;0.0;0.0;0.0;0.0;0.0;0.0;0.0;0.0;0.006048
45096;0.286616;0.32702;0.184343;0.0;0.195707;0.0;0.0;0.0;0.0;0.0;0.0;0.0;0.0;0.0;0.0;0.006313
45097;0.383966;0.402954;0.17616;0.0;0.03481;0.0;0.0;0.0;0.0;0.0;0.0;0.0;0.0;0.0;0.0;0.00211
45098;0.21004;0.511889;0.233818;0.0;0.041612;0.0;0.0;0.0;0.0;0.0;0.0;0.0;0.0;0.0;0.0;0.002642
45099;0.312913;0.314306;0.266272;0.0;0.089802;0.0;0.0;0.0;0.0;0.0;0.0;0.0;0.0;0.0;0.0;0.016707
45100;0.455224;0.365672;0.156716;0.0;0.022388;0.0;0.0;0.0;0.0;0.0;0.0;0.0;0.0;0.0;0.0;0.0
45101;0.294633;0.419502;0.232199;0.0;0.044897;0.0;0.0;0.0;0.0;0.0;0.0;0.0;0.0;0.0;0.0;0.008769
45102;0.291651;0.418553;0.210761;0.0;0.074954;0.0;0.0;0.0;0.0;0.0;0.0;0.0;0.0;0.0;0.0;0.004082
45103;0.458647;0.424812;0.086466;0.0;0.030075;0.0;0.0;0.0;0.0;0.0;0.0;0.0;0.0;0.0;0.0;0.0
45104;0.5;0.270588;0.141176;0.0;0.076471;0.0;0.0;0.0;0.0;0.0;0.0;0.0;0.0;0.0;0.0;0.011765
45105;0.311111;0.388889;0.222222;0.0;0.062963;0.0;0.0;0.0;0.0;0.0;0.0;0.0;0.0;0.0;0.0;0.014815
45106;0.387233;0.372884;0.154157;0.0;0.076527;0.0;0.0;0.0;0.0;0.0;0.0;0.0;0.0;0.0;0.0;0.009198
45107;0.305211;0.362992;0.217653;0.0;0.105636;0.0;0.0;0.0;0.0;0.0;0.0;0.0;0.0;0.0;0.0;0.008508
45108;0.365217;0.365217;0.234783;0.0;0.034783;0.0;0.0;0.0;0.0;0.0;0.0;0.0;0.0;0.0;0.0;0.0
45109;0.298046;0.424807;0.2199;0.0;0.05134;0.0;0.0;0.0;0.0;0.0;0.0;0.0;0.0;0.0;0.0;0.005906
45110;0.426002;0.372854;0.179886;0.0;0.018806;0.0;0.0;0.0;0.0;0.0;0.0;0.0;0.0;0.0;0.0;0.002453
45111;0.644444;0.355556;0.0;0.0;0.0;0.0;0.0;0.0;0.0;0.0;0.0;0.0;0.0;0.0;0.0;0.0
45112;0.379859;0.390459;0.166961;0.0;0.059187;0.0;0.0;0.0;0.0;0.0;0.0;0.0;0.0;0.0;0.0;0.003534
45113;0.315254;0.392373;0.263559;0.0;0.023729;0.0;0.0;0.0;0.0;0.0;0.0;0.0;0.0;0.0;0.0;0.005085
45114;0.458647;0.360902;0.135338;0.0;0.042607;0.0;0.0;0.0;0.0;0.0;0.0;0.0;0.0;0.0;0.0;0.002506
45115;0.327412;0.406145;0.215074;0.0;0.043687;0.0;0.0;0.0;0.0;0.0;0.0;0.0;0.0;0.0;0.0;0.007681
45116;0.321033;0.398524;0.228782;0.0;0.04797;0.0;0.0;0.0;0.0;0.0;0.0;0.0;0.0;0.0;0.0;0.00369
45117;0.446397;0.360281;0.149385;0.0;0.031634;0.0;0.0;0.0;0.0;0.0;0.0;0.0;0.0;0.0;0.0;0.012302
45118;0.310972;0.357994;0.239498;0.0;0.07837;0.0;0.0;0.0;0.0;0.0;0.0;0.0;0.0;0.0;0.0;0.013166
45119;0.291807;0.315456;0.256334;0.0;0.118243;0.0;0.0;0.0;0.0;0.0;0.0;0.0;0.0;0.0;0.0;0.018159
45120;0.394737;0.315789;0.166667;0.0;0.096491;0.0;0.0;0.0;0.0;0.0;0.0;0.0;0.0;0.0;0.0;0.026316
45121;0.290867;0.369724;0.261896;0.0;0.064467;0.0;0.0;0.0;0.0;0.0;0.0;0.0;0.0;0.0;0.0;0.013047
45122;0.29924;0.399055;0.186281;0.0;0.10495;0.0;0.0;0.0;0.0;0.0;0.0;0.0;0.0;0.0;0.0;0.010474
45123;0.278296;0.263692;0.304665;0.0;0.135903;0.0;0.0;0.0;0.0;0.0;0.0;0.0;0.0;0.0;0.0;0.017444
45124;0.349271;0.434985;0.156268;0.0;0.046647;0.0;0.0;0.0;0.0;0.0;0.0;0.0;0.0;0.0;0.0;0.012828
45125;0.433644;0.363213;0.103609;0.0;0.080908;0.0;0.0;0.0;0.0;0.0;0.0;0.0;0.0;0.0;0.0;0.018626
45126;0.440994;0.254658;0.186335;0.0;0.10559;0.0;0.0;0.0;0.0;0.0;0.0;0.0;0.0;0.0;0.0;0.012422
45127;0.222807;0.37193;0.280702;0.0;0.089474;0.0;0.0;0.0;0.0;0.0;0.0;0.0;0.0;0.0;0.0;0.035088
45128;0.335049;0.393368;0.201258;0.0;0.062893;0.0;0.0;0.0;0.0;0.0;0.0;0.0;0.0;0.0;0.0;0.007433
45129;0.402062;0.309278;0.092784;0.0;0.195876;0.0;0.0;0.0;0.0;0.0;0.0;0.0;0.0;0.0;0.0;0.0
45130;0.349282;0.478469;0.124402;0.0;0.047847;0.0;0.0;0.0;0.0;0.0;0.0;0.0;0.0;0.0;0.0;0.0
45131;0.30137;0.452055;0.105023;0.0;0.13242;0.0;0.0;0.0;0.0;0.0;0.0;0.0;0.0;0.0;0.0;0.009132
45132;0.205193;0.486762;0.25611;0.0;0.044297;0.0;0.0;0.0;0.0;0.0;0.0;0.0;0.0;0.0;0.0;0.007637
45133;0.350715;0.380711;0.20766;0.0;0.054915;0.0;0.0;0.0;0.0;0.0;0.0;0.0;0.0;0.0;0.0;0.005999
45134;0.331675;0.364013;0.208955;0.0;0.087065;0.0;0.0;0.0;0.0;0.0;0.0;0.0;0.0;0.0;0.0;0.008292
45135;0.370583;0.343203;0.14645;0.0;0.133715;0.0;0.0;0.0;0.0;0.0;0.0;0.0;0.0;0.0;0.0;0.006049
45136;0.327547;0.419454;0.190452;0.0;0.057442;0.0;0.0;0.0;0.0;0.0;0.0;0.0;0.0;0.0;0.0;0.005106
45137;0.447985;0.25492;0.194939;0.0;0.09747;0.0;0.0;0.0;0.0;0.0;0.0;0.0;0.0;0.0;0.0;0.004686
45138;0.361893;0.442455;0.148338;0.0;0.043478;0.0;0.0;0.0;0.0;0.0;0.0;0.0;0.0;0.0;0.0;0.003836
45139;0.447154;0.463415;0.065041;0.0;0.01626;0.0;0.0;0.0;0.0;0.0;0.0;0.0;0.0;0.0;0.0;0.00813
45140;0.432668;0.350374;0.15212;0.0;0.061097;0.0;0.0;0.0;0.0;0.0;0.0;0.0;0.0;0.0;0.0;0.003741
45141;0.415179;0.379464;0.139881;0.0;0.058036;0.0;0.0;0.0;0.0;0.0;0.0;0.0;0.0;0.0;0.0;0.00744
45142;0.345492;0.417931;0.162434;0.0;0.06511;0.0;0.0;0.0;0.0;0.0;0.0;0.0;0.0;0.0;0.0;0.009034
45143;0.307447;0.397872;0.188298;0.0;0.1;0.0;0.0;0.0;0.0;0.0;0.0;0.0;0.0;0.0;0.0;0.006383
45144;0.418278;0.376098;0.13884;0.0;0.065026;0.0;0.0;0.0;0.0;0.0;0.0;0.0;0.0;0.0;0.0;0.001757
45145;0.2848;0.390933;0.245333;0.0;0.064533;0.0;0.0;0.0;0.0;0.0;0.0;0.0;0.0;0.0;0.0;0.0144
45146;0.241758;0.494505;0.175824;0.0;0.087912;0.0;0.0;0.0;0.0;0.0;0.0;0.0;0.0;0.0;0.0;0.0
45147;0.354565;0.280255;0.244161;0.0;0.10828;0.0;0.0;0.0;0.0;0.0;0.0;0.0;0.0;0.0;0.0;0.012739
45148;0.289474;0.515789;0.147368;0.0;0.036842;0.0;0.0;0.0;0.0;0.0;0.0;0.0;0.0;0.0;0.0;0.010526
45149;0.314136;0.460733;0.164921;0.0;0.057592;0.0;0.0;0.0;0.0;0.0;0.0;0.0;0.0;0.0;0.0;0.002618
45150;0.50266;0.284574;0.146277;0.0;0.055851;0.0;0.0;0.0;0.0;0.0;0.0;0.0;0.0;0.0;0.0;0.010638
45151;0.439506;0.353086;0.148148;0.0;0.059259;0.0;0.0;0.0;0.0;0.0;0.0;0.0;0.0;0.0;0.0;0.0
45152;0.404878;0.34878;0.163415;0.0;0.073171;0.0;0.0;0.0;0.0;0.0;0.0;0.0;0.0;0.0;0.0;0.009756
45153;0.32646;0.393471;0.216495;0.0;0.054983;0.0;0.0;0.0;0.0;0.0;0.0;0.0;0.0;0.0;0.0;0.008591
45154;0.259227;0.417399;0.210896;0.0;0.09754;0.0;0.0;0.0;0.0;0.0;0.0;0.0;0.0;0.0;0.0;0.014938
45155;0.458678;0.318182;0.157025;0.0;0.057851;0.0;0.0;0.0;0.0;0.0;0.0;0.0;0.0;0.0;0.0;0.008264
45156;0.378274;0.368644;0.134438;0.0;0.112481;0.0;0.0;0.0;0.0;0.0;0.0;0.0;0.0;0.0;0.0;0.006163
45157;0.264972;0.370056;0.263277;0.0;0.09096;0.0;0.0;0.0;0.0;0.0;0.0;0.0;0.0;0.0;0.0;0.010734
45158;0.308909;0.420137;0.200316;0.0;0.067475;0.0;0.0;0.0;0.0;0.0;0.0;0.0;0.0;0.0;0.0;0.003163
45159;0.280488;0.378049;0.292683;0.0;0.04878;0.0;0.0;0.0;0.0;0.0;0.0;0.0;0.0;0.0;0.0;0.0
45160;0.255914;0.407527;0.251613;0.0;0.077419;0.0;0.0;0.0;0.0;0.0;0.0;0.0;0.0;0.0;0.0;0.007527
45161;0.271051;0.329664;0.254724;0.0;0.126399;0.0;0.0;0.0;0.0;0.0;0.0;0.0;0.0;0.0;0.0;0.018162
45162;0.390351;0.440789;0.111842;0.0;0.050439;0.0;0.0;0.0;0.0;0.0;0.0;0.0;0.0;0.0;0.0;0.006579
45163;0.318922;0.375473;0.196778;0.0;0.099293;0.0;0.0;0.0;0.0;0.0;0.0;0.0;0.0;0.0;0.0;0.009535
45164;0.295455;0.439394;0.181818;0.0;0.075758;0.0;0.0;0.0;0.0;0.0;0.0;0.0;0.0;0.0;0.0;0.007576
45165;0.340308;0.387408;0.191492;0.0;0.070111;0.0;0.0;0.0;0.0;0.0;0.0;0.0;0.0;0.0;0.0;0.01068
45166;0.460656;0.380328;0.109016;0.0;0.04918;0.0;0.0;0.0;0.0;0.0;0.0;0.0;0.0;0.0;0.0;0.00082
45167;0.366391;0.455464;0.126722;0.0;0.049587;0.0;0.0;0.0;0.0;0.0;0.0;0.0;0.0;0.0;0.0;0.001837
45168;0.301475;0.406966;0.170567;0.0;0.110322;0.0;0.0;0.0;0.0;0.0;0.0;0.0;0.0;0.0;0.0;0.010671
45169;0.259843;0.433071;0.220472;0.0;0.062992;0.0;0.0;0.0;0.0;0.0;0.0;0.0;0.0;0.0;0.0;0.023622
45170;0.285714;0.535714;0.164286;0.0;0.014286;0.0;0.0;0.0;0.0;0.0;0.0;0.0;0.0;0.0;0.0;0.0
45171;0.337904;0.370225;0.214496;0.0;0.06954;0.0;0.0;0.0;0.0;0.0;0.0;0.0;0.0;0.0;0.0;0.007835
45172;0.379531;0.481876;0.113006;0.0;0.023454;0.0;0.0;0.0;0.0;0.0;0.0;0.0;0.0;0.0;0.0;0.002132
45173;0.280752;0.421839;0.217825;0.0;0.071612;0.0;0.0;0.0;0.0;0.0;0.0;0.0;0.0;0.0;0.0;0.007973
45174;0.252294;0.408257;0.298165;0.0;0.036697;0.0;0.0;0.0;0.0;0.0;0.0;0.0;0.0;0.0;0.0;0.004587
45175;0.350877;0.510965;0.109649;0.0;0.019737;0.0;0.0;0.0;0.0;0.0;0.0;0.0;0.0;0.0;0.0;0.008772
45176;0.302895;0.329773;0.242936;0.0;0.100965;0.0;0.0;0.0;0.0;0.0;0.0;0.0;0.0;0.0;0.0;0.023432
45177;0.353135;0.386799;0.190099;0.0;0.064686;0.0;0.0;0.0;0.0;0.0;0.0;0.0;0.0;0.0;0.0;0.005281
45179;0.376731;0.418283;0.130194;0.0;0.069252;0.0;0.0;0.0;0.0;0.0;0.0;0.0;0.0;0.0;0.0;0.00554
45180;0.24898;0.419955;0.25034;0.0;0.067574;0.0;0.0;0.0;0.0;0.0;0.0;0.0;0.0;0.0;0.0;0.013152
45181;0.338444;0.421919;0.203294;0.0;0.031232;0.0;0.0;0.0;0.0;0.0;0.0;0.0;0.0;0.0;0.0;0.005111
45182;0.377261;0.346253;0.19509;0.0;0.076227;0.0;0.0;0.0;0.0;0.0;0.0;0.0;0.0;0.0;0.0;0.005168
45183;0.246305;0.340996;0.267652;0.0;0.122605;0.0;0.0;0.0;0.0;0.0;0.0;0.0;0.0;0.0;0.0;0.022441
45184;0.581081;0.155405;0.135135;0.0;0.128378;0.0;0.0;0.0;0.0;0.0;0.0;0.0;0.0;0.0;0.0;0.0
45185;0.385198;0.393656;0.134273;0.0;0.080705;0.0;0.0;0.0;0.0;0.0;0.0;0.0;0.0;0.0;0.0;0.006167
45186;0.274638;0.366184;0.159738;0.0;0.191966;0.0;0.0;0.0;0.0;0.0;0.0;0.0;0.0;0.0;0.0;0.007473
45187;0.415723;0.389308;0.142453;0.0;0.046855;0.0;0.0;0.0;0.0;0.0;0.0;0.0;0.0;0.0;0.0;0.00566
45188;0.386163;0.336114;0.185476;0.0;0.077036;0.0;0.0;0.0;0.0;0.0;0.0;0.0;0.0;0.0;0.0;0.015211
45189;0.279857;0.347594;0.263815;0.0;0.090909;0.0;0.0;0.0;0.0;0.0;0.0;0.0;0.0;0.0;0.0;0.017825
45190;0.407932;0.322946;0.201133;0.0;0.065156;0.0;0.0;0.0;0.0;0.0;0.0;0.0;0.0;0.0;0.0;0.002833
45191;0.485057;0.34023;0.131034;0.0;0.03908;0.0;0.0;0.0;0.0;0.0;0.0;0.0;0.0;0.0;0.0;0.004598
45192;0.387435;0.434031;0.131937;0.0;0.043455;0.0;0.0;0.0;0.0;0.0;0.0;0.0;0.0;0.0;0.0;0.003141
45193;0.322851;0.39413;0.215933;0.0;0.062893;0.0;0.0;0.0;0.0;0.0;0.0;0.0;0.0;0.0;0.0;0.004193
45194;0.418605;0.372093;0.162791;0.0;0.023256;0.0;0.0;0.0;0.0;0.0;0.0;0.0;0.0;0.0;0.0;0.023256
45195;0.45935;0.318428;0.149729;0.0;0.060976;0.0;0.0;0.0;0.0;0.0;0.0;0.0;0.0;0.0;0.0;0.011518
45196;0.360687;0.362595;0.228053;0.0;0.041031;0.0;0.0;0.0;0.0;0.0;0.0;0.0;0.0;0.0;0.0;0.007634
45197;0.414217;0.383459;0.166781;0.0;0.031442;0.0;0.0;0.0;0.0;0.0;0.0;0.0;0.0;0.0;0.0;0.004101
45198;0.340972;0.4125;0.206944;0.0;0.036111;0.0;0.0;0.0;0.0;0.0;0.0;0.0;0.0;0.0;0.0;0.003472
45199;0.268938;0.291784;0.288176;0.0;0.127856;0.0;0.0;0.0;0.0;0.0;0.0;0.0;0.0;0.0;0.0;0.023246
45200;0.358974;0.381038;0.202743;0.0;0.051282;0.0;0.0;0.0;0.0;0.0;0.0;0.0;0.0;0.0;0.0;0.005963
45201;0.301503;0.311662;0.267777;0.0;0.106054;0.0;0.0;0.0;0.0;0.0;0.0;0.0;0.0;0.0;0.0;0.013003
45202;0.326448;0.387064;0.220115;0.0;0.0596;0.0;0.0;0.0;0.0;0.0;0.0;0.0;0.0;0.0;0.0;0.006773
45203;0.340485;0.300373;0.266325;0.0;0.081623;0.0;0.0;0.0;0.0;0.0;0.0;0.0;0.0;0.0;0.0;0.011194
45204;0.340249;0.408714;0.201245;0.0;0.043568;0.0;0.0;0.0;0.0;0.0;0.0;0.0;0.0;0.0;0.0;0.006224
45205;0.294004;0.313283;0.282822;0.0;0.093696;0.0;0.0;0.0;0.0;0.0;0.0;0.0;0.0;0.0;0.0;0.016194
45901;0.360825;0.378007;0.190722;0.0;0.058419;0.0;0.0;0.0;0.0;0.0;0.0;0.0;0.0;0.0;0.0;0.012027
46001;0.363636;0.388112;0.145105;0.0;0.096154;0.0;0.0;0.0;0.0;0.0;0.0;0.0;0.0;0.0;0.0;0.006993
46002;0.347003;0.280757;0.098843;0.0;0.250263;0.0;0.0;0.0;0.0;0.0;0.0;0.0;0.0;0.0;0.0;0.023134
46003;0.286255;0.324086;0.15889;0.0;0.220681;0.0;0.0;0.0;0.0;0.0;0.0;0.0;0.0;0.0;0.0;0.010088
46004;0.267915;0.313751;0.142027;0.0;0.26275;0.0;0.0;0.0;0.0;0.0;0.0;0.0;0.0;0.0;0.0;0.013557
46005;0.370415;0.293357;0.163651;0.0;0.158793;0.0;0.0;0.0;0.0;0.0;0.0;0.0;0.0;0.0;0.0;0.013784
46006;0.279367;0.391002;0.147737;0.0;0.174396;0.0;0.0;0.0;0.0;0.0;0.0;0.0;0.0;0.0;0.0;0.007498
46007;0.297254;0.352929;0.18451;0.0;0.14793;0.0;0.0;0.0;0.0;0.0;0.0;0.0;0.0;0.0;0.0;0.017378
46008;0.359591;0.261893;0.129923;0.0;0.235806;0.0;0.0;0.0;0.0;0.0;0.0;0.0;0.0;0.0;0.0;0.012788
46009;0.316619;0.350991;0.126971;0.0;0.194096;0.0;0.0;0.0;0.0;0.0;0.0;0.0;0.0;0.0;0.0;0.011322
46010;0.297818;0.292683;0.168164;0.0;0.223363;0.0;0.0;0.0;0.0;0.0;0.0;0.0;0.0;0.0;0.0;0.017972
46011;0.292314;0.344377;0.188186;0.0;0.161871;0.0;0.0;0.0;0.0;0.0;0.0;0.0;0.0;0.0;0.0;0.013253
46012;0.285901;0.374674;0.160574;0.0;0.16188;0.0;0.0;0.0;0.0;0.0;0.0;0.0;0.0;0.0;0.0;0.016971
46013;0.304415;0.350049;0.144943;0.0;0.187544;0.0;0.0;0.0;0.0;0.0;0.0;0.0;0.0;0.0;0.0;0.013048
46014;0.327204;0.347681;0.147514;0.0;0.16799;0.0;0.0;0.0;0.0;0.0;0.0;0.0;0.0;0.0;0.0;0.009611
46015;0.319502;0.341805;0.158887;0.0;0.167704;0.0;0.0;0.0;0.0;0.0;0.0;0.0;0.0;0.0;0.0;0.012102
46016;0.425;0.257143;0.089286;0.0;0.221429;0.0;0.0;0.0;0.0;0.0;0.0;0.0;0.0;0.0;0.0;0.007143
46017;0.284605;0.332347;0.180286;0.0;0.183074;0.0;0.0;0.0;0.0;0.0;0.0;0.0;0.0;0.0;0.0;0.019689
46018;0.324731;0.372043;0.169892;0.0;0.133333;0.0;0.0;0.0;0.0;0.0;0.0;0.0;0.0;0.0;0.0;0.0
46019;0.405514;0.306706;0.138599;0.0;0.140387;0.0;0.0;0.0;0.0;0.0;0.0;0.0;0.0;0.0;0.0;0.008793
46020;0.349442;0.344373;0.14194;0.0;0.154106;0.0;0.0;0.0;0.0;0.0;0.0;0.0;0.0;0.0;0.0;0.010139
46021;0.379731;0.281776;0.17354;0.0;0.150096;0.0;0.0;0.0;0.0;0.0;0.0;0.0;0.0;0.0;0.0;0.014857
46022;0.36248;0.312915;0.165435;0.0;0.141214;0.0;0.0;0.0;0.0;0.0;0.0;0.0;0.0;0.0;0.0;0.017956
46023;0.281022;0.251825;0.189781;0.0;0.266423;0.0;0.0;0.0;0.0;0.0;0.0;0.0;0.0;0.0;0.0;0.010949
46024;0.366477;0.318182;0.167614;0.0;0.127841;0.0;0.0;0.0;0.0;0.0;0.0;0.0;0.0;0.0;0.0;0.019886
46025;0.3293;0.330878;0.138348;0.0;0.187796;0.0;0.0;0.0;0.0;0.0;0.0;0.0;0.0;0.0;0.0;0.013677
46026;0.293436;0.382239;0.088803;0.0;0.223938;0.0;0.0;0.0;0.0;0.0;0.0;0.0;0.0;0.0;0.0;0.011583
46027;0.317358;0.356218;0.198187;0.0;0.123057;0.0;0.0;0.0;0.0;0.0;0.0;0.0;0.0;0.0;0.0;0.005181
46028;0.334347;0.358663;0.136778;0.0;0.158055;0.0;0.0;0.0;0.0;0.0;0.0;0.0;0.0;0.0;0.0;0.012158
46029;0.312102;0.32895;0.200671;0.0;0.144579;0.0;0.0;0.0;0.0;0.0;0.0;0.0;0.0;0.0;0.0;0.013698
46030;0.356391;0.323308;0.138346;0.0;0.16391;0.0;0.0;0.0;0.0;0.0;0.0;0.0;0.0;0.0;0.0;0.018045
46031;0.347481;0.290493;0.168981;0.0;0.180352;0.0;0.0;0.0;0.0;0.0;0.0;0.0;0.0;0.0;0.0;0.012693
46032;0.332434;0.334458;0.122807;0.0;0.190508;0.0;0.0;0.0;0.0;0.0;0.0;0.0;0.0;0.0;0.0;0.019793
46033;0.304094;0.345029;0.116959;0.0;0.233918;0.0;0.0;0.0;0.0;0.0;0.0;0.0;0.0;0.0;0.0;0.0
46034;0.344274;0.262582;0.163384;0.0;0.208607;0.0;0.0;0.0;0.0;0.0;0.0;0.0;0.0;0.0;0.0;0.021152
46035;0.372452;0.259478;0.152982;0.0;0.202515;0.0;0.0;0.0;0.0;0.0;0.0;0.0;0.0;0.0;0.0;0.012574
46036;0.19603;0.444169;0.198511;0.0;0.143921;0.0;0.0;0.0;0.0;0.0;0.0;0.0;0.0;0.0;0.0;0.01737
46037;0.383501;0.280936;0.157191;0.0;0.16165;0.0;0.0;0.0;0.0;0.0;0.0;0.0;0.0;0.0;0.0;0.016722
46038;0.390476;0.366667;0.12381;0.0;0.119048;0.0;0.0;0.0;0.0;0.0;0.0;0.0;0.0;0.0;0.0;0.0
46039;0.312195;0.403049;0.120122;0.0;0.156098;0.0;0.0;0.0;0.0;0.0;0.0;0.0;0.0;0.0;0.0;0.008537
46040;0.41457;0.260927;0.103311;0.0;0.207947;0.0;0.0;0.0;0.0;0.0;0.0;0.0;0.0;0.0;0.0;0.013245
46041;0.340708;0.300885;0.061947;0.0;0.278761;0.0;0.0;0.0;0.0;0.0;0.0;0.0;0.0;0.0;0.0;0.017699
46042;0.338864;0.377212;0.11615;0.0;0.162979;0.0;0.0;0.0;0.0;0.0;0.0;0.0;0.0;0.0;0.0;0.004794
46043;0.308333;0.516667;0.091667;0.0;0.066667;0.0;0.0;0.0;0.0;0.0;0.0;0.0;0.0;0.0;0.0;0.016667
46044;0.36544;0.37056;0.11552;0.0;0.13984;0.0;0.0;0.0;0.0;0.0;0.0;0.0;0.0;0.0;0.0;0.00864
46045;0.32227;0.310493;0.109208;0.0;0.239829;0.0;0.0;0.0;0.0;0.0;0.0;0.0;0.0;0.0;0.0;0.018201
46046;0.256374;0.356941;0.134561;0.0;0.232295;0.0;0.0;0.0;0.0;0.0;0.0;0.0;0.0;0.0;0.0;0.01983
46047;0.438389;0.265403;0.101896;0.0;0.191943;0.0;0.0;0.0;0.0;0.0;0.0;0.0;0.0;0.0;0.0;0.00237
46048;0.371668;0.288792;0.117561;0.0;0.2092;0.0;0.0;0.0;0.0;0.0;0.0;0.0;0.0;0.0;0.0;0.012778
46049;0.300469;0.366197;0.159624;0.0;0.15493;0.0;0.0;0.0;0.0;0.0;0.0;0.0;0.0;0.0;0.0;0.018779
46050;0.489209;0.251799;0.158273;0.0;0.100719;0.0;0.0;0.0;0.0;0.0;0.0;0.0;0.0;0.0;0.0;0.0
46051;0.271202;0.379957;0.219799;0.0;0.116534;0.0;0.0;0.0;0.0;0.0;0.0;0.0;0.0;0.0;0.0;0.012508
46052;0.341014;0.389401;0.124424;0.0;0.135945;0.0;0.0;0.0;0.0;0.0;0.0;0.0;0.0;0.0;0.0;0.009217
46053;0.440716;0.228188;0.107383;0.0;0.214765;0.0;0.0;0.0;0.0;0.0;0.0;0.0;0.0;0.0;0.0;0.008949
46054;0.354142;0.302927;0.145268;0.0;0.177602;0.0;0.0;0.0;0.0;0.0;0.0;0.0;0.0;0.0;0.0;0.020061
46055;0.346591;0.267992;0.151515;0.0;0.216856;0.0;0.0;0.0;0.0;0.0;0.0;0.0;0.0;0.0;0.0;0.017045
46056;0.331126;0.238411;0.13245;0.0;0.264901;0.0;0.0;0.0;0.0;0.0;0.0;0.0;0.0;0.0;0.0;0.033113
46057;0.321192;0.377483;0.182119;0.0;0.112583;0.0;0.0;0.0;0.0;0.0;0.0;0.0;0.0;0.0;0.0;0.006623
46058;0.412625;0.290223;0.117013;0.0;0.170131;0.0;0.0;0.0;0.0;0.0;0.0;0.0;0.0;0.0;0.0;0.010008
46059;0.419878;0.192698;0.070994;0.0;0.309331;0.0;0.0;0.0;0.0;0.0;0.0;0.0;0.0;0.0;0.0;0.007099
46060;0.331745;0.336361;0.163937;0.0;0.155599;0.0;0.0;0.0;0.0;0.0;0.0;0.0;0.0;0.0;0.0;0.012359
46061;0.285714;0.344948;0.181185;0.0;0.1777;0.0;0.0;0.0;0.0;0.0;0.0;0.0;0.0;0.0;0.0;0.010453
46062;0.306046;0.378941;0.156783;0.0;0.147816;0.0;0.0;0.0;0.0;0.0;0.0;0.0;0.0;0.0;0.0;0.010414
46063;0.339709;0.34583;0.128539;0.0;0.177506;0.0;0.0;0.0;0.0;0.0;0.0;0.0;0.0;0.0;0.0;0.008416
46064;0.356771;0.3125;0.161458;0.0;0.161458;0.0;0.0;0.0;0.0;0.0;0.0;0.0;0.0;0.0;0.0;0.007812
46065;0.326122;0.279647;0.164263;0.0;0.21234;0.0;0.0;0.0;0.0;0.0;0.0;0.0;0.0;0.0;0.0;0.017628
46066;0.325697;0.378486;0.124502;0.0;0.163347;0.0;0.0;0.0;0.0;0.0;0.0;0.0;0.0;0.0;0.0;0.007968
46067;0.345279;0.334941;0.183322;0.0;0.128187;0.0;0.0;0.0;0.0;0.0;0.0;0.0;0.0;0.0;0.0;0.00827
46068;0.308917;0.410828;0.159236;0.0;0.121019;0.0;0.0;0.0;0.0;0.0;0.0;0.0;0.0;0.0;0.0;0.0
46069;0.381356;0.338983;0.118644;0.0;0.161017;0.0;0.0;0.0;0.0;0.0;0.0;0.0;0.0;0.0;0.0;0.0
46070;0.238342;0.40138;0.197169;0.0;0.147517;0.0;0.0;0.0;0.0;0.0;0.0;0.0;0.0;0.0;0.0;0.015592
46071;0.388724;0.382789;0.062315;0.0;0.163205;0.0;0.0;0.0;0.0;0.0;0.0;0.0;0.0;0.0;0.0;0.002967
46072;0.339403;0.322287;0.091406;0.0;0.234159;0.0;0.0;0.0;0.0;0.0;0.0;0.0;0.0;0.0;0.0;0.012746
46073;0.416957;0.333333;0.082462;0.0;0.155633;0.0;0.0;0.0;0.0;0.0;0.0;0.0;0.0;0.0;0.0;0.011614
46074;0.332705;0.312912;0.149387;0.0;0.197455;0.0;0.0;0.0;0.0;0.0;0.0;0.0;0.0;0.0;0.0;0.00754
46075;0.285714;0.339286;0.151786;0.0;0.196429;0.0;0.0;0.0;0.0;0.0;0.0;0.0;0.0;0.0;0.0;0.026786
46076;0.351779;0.426877;0.120553;0.0;0.094862;0.0;0.0;0.0;0.0;0.0;0.0;0.0;0.0;0.0;0.0;0.005929
46077;0.40348;0.239442;0.078847;0.0;0.268806;0.0;0.0;0.0;0.0;0.0;0.0;0.0;0.0;0.0;0.0;0.009425
46078;0.387009;0.272351;0.149207;0.0;0.173553;0.0;0.0;0.0;0.0;0.0;0.0;0.0;0.0;0.0;0.0;0.017881
46079;0.319588;0.395189;0.206186;0.0;0.072165;0.0;0.0;0.0;0.0;0.0;0.0;0.0;0.0;0.0;0.0;0.006873
46080;0.304645;0.385246;0.147541;0.0;0.155738;0.0;0.0;0.0;0.0;0.0;0.0;0.0;0.0;0.0;0.0;0.006831
46081;0.315544;0.338359;0.174249;0.0;0.156771;0.0;0.0;0.0;0.0;0.0;0.0;0.0;0.0;0.0;0.0;0.015077
46082;0.328412;0.318829;0.15281;0.0;0.186998;0.0;0.0;0.0;0.0;0.0;0.0;0.0;0.0;0.0;0.0;0.01295
46083;0.291514;0.332203;0.18026;0.0;0.178886;0.0;0.0;0.0;0.0;0.0;0.0;0.0;0.0;0.0;0.0;0.017137
46084;0.328;0.376;0.124444;0.0;0.154667;0.0;0.0;0.0;0.0;0.0;0.0;0.0;0.0;0.0;0.0;0.016889
46085;0.319718;0.389665;0.155031;0.0;0.125799;0.0;0.0;0.0;0.0;0.0;0.0;0.0;0.0;0.0;0.0;0.009787
46086;0.410256;0.089744;0.064103;0.0;0.435897;0.0;0.0;0.0;0.0;0.0;0.0;0.0;0.0;0.0;0.0;0.0
46087;0.462264;0.283019;0.09434;0.0;0.141509;0.0;0.0;0.0;0.0;0.0;0.0;0.0;0.0;0.0;0.0;0.018868
46088;0.452381;0.333333;0.047619;0.0;0.142857;0.0;0.0;0.0;0.0;0.0;0.0;0.0;0.0;0.0;0.0;0.02381
46089;0.305606;0.333936;0.178421;0.0;0.171187;0.0;0.0;0.0;0.0;0.0;0.0;0.0;0.0;0.0;0.0;0.01085
46090;0.36971;0.349666;0.113586;0.0;0.161099;0.0;0.0;0.0;0.0;0.0;0.0;0.0;0.0;0.0;0.0;0.005939
46091;0.198113;0.509434;0.188679;0.0;0.084906;0.0;0.0;0.0;0.0;0.0;0.0;0.0;0.0;0.0;0.0;0.018868
46092;0.295082;0.420765;0.114754;0.0;0.15847;0.0;0.0;0.0;0.0;0.0;0.0;0.0;0.0;0.0;0.0;0.010929
46093;0.320646;0.352364;0.160323;0.0;0.156286;0.0;0.0;0.0;0.0;0.0;0.0;0.0;0.0;0.0;0.0;0.010381
46094;0.315553;0.319854;0.184607;0.0;0.159895;0.0;0.0;0.0;0.0;0.0;0.0;0.0;0.0;0.0;0.0;0.020091
46095;0.285714;0.410989;0.215385;0.0;0.068132;0.0;0.0;0.0;0.0;0.0;0.0;0.0;0.0;0.0;0.0;0.01978
46096;0.366071;0.209821;0.254464;0.0;0.142857;0.0;0.0;0.0;0.0;0.0;0.0;0.0;0.0;0.0;0.0;0.026786
46097;0.277933;0.407821;0.185754;0.0;0.110335;0.0;0.0;0.0;0.0;0.0;0.0;0.0;0.0;0.0;0.0;0.018156
46098;0.252874;0.31144;0.14012;0.0;0.28462;0.0;0.0;0.0;0.0;0.0;0.0;0.0;0.0;0.0;0.0;0.010947
46099;0.341418;0.382463;0.152985;0.0;0.106343;0.0;0.0;0.0;0.0;0.0;0.0;0.0;0.0;0.0;0.0;0.016791
46100;0.388601;0.310881;0.07772;0.0;0.202073;0.0;0.0;0.0;0.0;0.0;0.0;0.0;0.0;0.0;0.0;0.020725
46101;0.394659;0.324926;0.081602;0.0;0.195846;0.0;0.0;0.0;0.0;0.0;0.0;0.0;0.0;0.0;0.0;0.002967
46102;0.418592;0.266007;0.136798;0.0;0.163426;0.0;0.0;0.0;0.0;0.0;0.0;0.0;0.0;0.0;0.0;0.015177
46103;0.316004;0.307849;0.115189;0.0;0.247706;0.0;0.0;0.0;0.0;0.0;0.0;0.0;0.0;0.0;0.0;0.013252
46104;0.296044;0.315143;0.135061;0.0;0.244884;0.0;0.0;0.0;0.0;0.0;0.0;0.0;0.0;0.0;0.0;0.008868
46105;0.364711;0.325744;0.15937;0.0;0.13993;0.0;0.0;0.0;0.0;0.0;0.0;0.0;0.0;0.0;0.0;0.010245
46106;0.31338;0.349472;0.161972;0.0;0.161972;0.0;0.0;0.0;0.0;0.0;0.0;0.0;0.0;0.0;0.0;0.013204
46107;0.376606;0.331305;0.132522;0.0;0.145368;0.0;0.0;0.0;0.0;0.0;0.0;0.0;0.0;0.0;0.0;0.014199
46108;0.380805;0.414861;0.130031;0.0;0.068111;0.0;0.0;0.0;0.0;0.0;0.0;0.0;0.0;0.0;0.0;0.006192
46109;0.342876;0.333405;0.153465;0.0;0.155618;0.0;0.0;0.0;0.0;0.0;0.0;0.0;0.0;0.0;0.0;0.014636
46110;0.368499;0.313874;0.159517;0.0;0.142493;0.0;0.0;0.0;0.0;0.0;0.0;0.0;0.0;0.0;0.0;0.015617
46111;0.28349;0.34234;0.212274;0.0;0.145867;0.0;0.0;0.0;0.0;0.0;0.0;0.0;0.0;0.0;0.0;0.016029
46112;0.327189;0.412442;0.101382;0.0;0.145161;0.0;0.0;0.0;0.0;0.0;0.0;0.0;0.0;0.0;0.0;0.013825
46113;0.284227;0.348256;0.153045;0.0;0.20406;0.0;0.0;0.0;0.0;0.0;0.0;0.0;0.0;0.0;0.0;0.010411
46114;0.291667;0.407895;0.20614;0.0;0.094298;0.0;0.0;0.0;0.0;0.0;0.0;0.0;0.0;0.0;0.0;0.0
46115;0.188341;0.466368;0.282511;0.0;0.040359;0.0;0.0;0.0;0.0;0.0;0.0;0.0;0.0;0.0;0.0;0.022422
46116;0.290146;0.385858;0.154653;0.0;0.156843;0.0;0.0;0.0;0.0;0.0;0.0;0.0;0.0;0.0;0.0;0.0125
46117;0.292191;0.367758;0.130982;0.0;0.191436;0.0;0.0;0.0;0.0;0.0;0.0;0.0;0.0;0.0;0.0;0.017632
46118;0.38626;0.35156;0.13775;0.0;0.114967;0.0;0.0;0.0;0.0;0.0;0.0;0.0;0.0;0.0;0.0;0.009464
46119;0.414634;0.24216;0.121951;0.0;0.207317;0.0;0.0;0.0;0.0;0.0;0.0;0.0;0.0;0.0;0.0;0.013937
46120;0.363445;0.322479;0.115546;0.0;0.183824;0.0;0.0;0.0;0.0;0.0;0.0;0.0;0.0;0.0;0.0;0.014706
46121;0.179775;0.52809;0.134831;0.0;0.157303;0.0;0.0;0.0;0.0;0.0;0.0;0.0;0.0;0.0;0.0;0.0
46122;0.432153;0.255162;0.126352;0.0;0.176008;0.0;0.0;0.0;0.0;0.0;0.0;0.0;0.0;0.0;0.0;0.010324
46123;0.328522;0.287285;0.134708;0.0;0.239863;0.0;0.0;0.0;0.0;0.0;0.0;0.0;0.0;0.0;0.0;0.009622
46124;0.285714;0.344444;0.1;0.0;0.252381;0.0;0.0;0.0;0.0;0.0;0.0;0.0;0.0;0.0;0.0;0.01746
46125;0.411504;0.297935;0.129794;0.0;0.154867;0.0;0.0;0.0;0.0;0.0;0.0;0.0;0.0;0.0;0.0;0.0059
46126;0.329969;0.310229;0.125393;0.0;0.22297;0.0;0.0;0.0;0.0;0.0;0.0;0.0;0.0;0.0;0.0;0.01144
46127;0.390289;0.278711;0.126517;0.0;0.192344;0.0;0.0;0.0;0.0;0.0;0.0;0.0;0.0;0.0;0.0;0.012138
46128;0.371805;0.318219;0.11789;0.0;0.183017;0.0;0.0;0.0;0.0;0.0;0.0;0.0;0.0;0.0;0.0;0.009068
46129;0.3225;0.285;0.085;0.0;0.3025;0.0;0.0;0.0;0.0;0.0;0.0;0.0;0.0;0.0;0.0;0.005
46130;0.354887;0.309774;0.133835;0.0;0.18797;0.0;0.0;0.0;0.0;0.0;0.0;0.0;0.0;0.0;0.0;0.013534
46131;0.352637;0.353408;0.146799;0.0;0.134325;0.0;0.0;0.0;0.0;0.0;0.0;0.0;0.0;0.0;0.0;0.012832
46132;0.330017;0.391929;0.123825;0.0;0.144831;0.0;0.0;0.0;0.0;0.0;0.0;0.0;0.0;0.0;0.0;0.009397
46133;0.488889;0.311111;0.097222;0.0;0.094444;0.0;0.0;0.0;0.0;0.0;0.0;0.0;0.0;0.0;0.0;0.008333
46134;0.32132;0.287817;0.188325;0.0;0.183249;0.0;0.0;0.0;0.0;0.0;0.0;0.0;0.0;0.0;0.0;0.019289
46135;0.260197;0.403401;0.133615;0.0;0.191024;0.0;0.0;0.0;0.0;0.0;0.0;0.0;0.0;0.0;0.0;0.011763
46136;0.326994;0.312152;0.194341;0.0;0.156308;0.0;0.0;0.0;0.0;0.0;0.0;0.0;0.0;0.0;0.0;0.010204
46137;0.346154;0.346154;0.134615;0.0;0.149038;0.0;0.0;0.0;0.0;0.0;0.0;0.0;0.0;0.0;0.0;0.024038
46138;0.300971;0.36246;0.152104;0.0;0.171521;0.0;0.0;0.0;0.0;0.0;0.0;0.0;0.0;0.0;0.0;0.012945
46139;0.29789;0.385654;0.129958;0.0;0.178903;0.0;0.0;0.0;0.0;0.0;0.0;0.0;0.0;0.0;0.0;0.007595
46140;0.289256;0.311295;0.179063;0.0;0.214876;0.0;0.0;0.0;0.0;0.0;0.0;0.0;0.0;0.0;0.0;0.00551
46141;0.267806;0.415954;0.153846;0.0;0.145299;0.0;0.0;0.0;0.0;0.0;0.0;0.0;0.0;0.0;0.0;0.017094
46142;0.301318;0.451977;0.097928;0.0;0.131827;0.0;0.0;0.0;0.0;0.0;0.0;0.0;0.0;0.0;0.0;0.016949
46143;0.328558;0.33541;0.12208;0.0;0.199003;0.0;0.0;0.0;0.0;0.0;0.0;0.0;0.0;0.0;0.0;0.014949
46144;0.295409;0.421158;0.195609;0.0;0.083832;0.0;0.0;0.0;0.0;0.0;0.0;0.0;0.0;0.0;0.0;0.003992
46145;0.350925;0.327312;0.125956;0.0;0.183292;0.0;0.0;0.0;0.0;0.0;0.0;0.0;0.0;0.0;0.0;0.012515
46146;0.264404;0.298343;0.187845;0.0;0.229676;0.0;0.0;0.0;0.0;0.0;0.0;0.0;0.0;0.0;0.0;0.019732
46147;0.298434;0.344347;0.180126;0.0;0.162089;0.0;0.0;0.0;0.0;0.0;0.0;0.0;0.0;0.0;0.0;0.015004
46148;0.263113;0.375635;0.226734;0.0;0.120981;0.0;0.0;0.0;0.0;0.0;0.0;0.0;0.0;0.0;0.0;0.013536
46149;0.253676;0.393382;0.238971;0.0;0.106618;0.0;0.0;0.0;0.0;0.0;0.0;0.0;0.0;0.0;0.0;0.007353
46150;0.316952;0.349715;0.166667;0.0;0.15812;0.0;0.0;0.0;0.0;0.0;0.0;0.0;0.0;0.0;0.0;0.008547
46151;0.364452;0.315978;0.163375;0.0;0.145422;0.0;0.0;0.0;0.0;0.0;0.0;0.0;0.0;0.0;0.0;0.010772
46152;0.272727;0.506494;0.155844;0.0;0.025974;0.0;0.0;0.0;0.0;0.0;0.0;0.0;0.0;0.0;0.0;0.038961
46153;0.419098;0.209549;0.148541;0.0;0.222812;0.0;0.0;0.0;0.0;0.0;0.0;0.0;0.0;0.0;0.0;0.0
46154;0.242623;0.468852;0.183607;0.0;0.088525;0.0;0.0;0.0;0.0;0.0;0.0;0.0;0.0;0.0;0.0;0.016393
46155;0.392473;0.27957;0.134409;0.0;0.180108;0.0;0.0;0.0;0.0;0.0;0.0;0.0;0.0;0.0;0.0;0.013441
46156;0.340598;0.359278;0.122042;0.0;0.165629;0.0;0.0;0.0;0.0;0.0;0.0;0.0;0.0;0.0;0.0;0.012453
46157;0.322227;0.395441;0.116616;0.0;0.155633;0.0;0.0;0.0;0.0;0.0;0.0;0.0;0.0;0.0;0.0;0.010083
46158;0.383851;0.322981;0.140373;0.0;0.142857;0.0;0.0;0.0;0.0;0.0;0.0;0.0;0.0;0.0;0.0;0.009938
46159;0.344006;0.296338;0.175856;0.0;0.166657;0.0;0.0;0.0;0.0;0.0;0.0;0.0;0.0;0.0;0.0;0.017144
46160;0.473433;0.19346;0.098774;0.0;0.217984;0.0;0.0;0.0;0.0;0.0;0.0;0.0;0.0;0.0;0.0;0.016349
46161;0.321579;0.346767;0.161209;0.0;0.162049;0.0;0.0;0.0;0.0;0.0;0.0;0.0;0.0;0.0;0.0;0.008396
46162;0.417486;0.281967;0.219672;0.0;0.068852;0.0;0.0;0.0;0.0;0.0;0.0;0.0;0.0;0.0;0.0;0.012022
46163;0.306789;0.272193;0.177546;0.0;0.231723;0.0;0.0;0.0;0.0;0.0;0.0;0.0;0.0;0.0;0.0;0.011749
46164;0.350554;0.328623;0.157698;0.0;0.148429;0.0;0.0;0.0;0.0;0.0;0.0;0.0;0.0;0.0;0.0;0.014696
46165;0.325958;0.334233;0.169275;0.0;0.154884;0.0;0.0;0.0;0.0;0.0;0.0;0.0;0.0;0.0;0.0;0.01565
46166;0.297488;0.356697;0.1237;0.0;0.209634;0.0;0.0;0.0;0.0;0.0;0.0;0.0;0.0;0.0;0.0;0.012482
46167;0.455696;0.274262;0.122363;0.0;0.135021;0.0;0.0;0.0;0.0;0.0;0.0;0.0;0.0;0.0;0.0;0.012658
46168;0.349716;0.31443;0.148078;0.0;0.172023;0.0;0.0;0.0;0.0;0.0;0.0;0.0;0.0;0.0;0.0;0.015753
46169;0.380184;0.301312;0.14835;0.0;0.153801;0.0;0.0;0.0;0.0;0.0;0.0;0.0;0.0;0.0;0.0;0.016353
46170;0.394881;0.356124;0.157952;0.0;0.082267;0.0;0.0;0.0;0.0;0.0;0.0;0.0;0.0;0.0;0.0;0.008775
46171;0.341104;0.322471;0.152897;0.0;0.17051;0.0;0.0;0.0;0.0;0.0;0.0;0.0;0.0;0.0;0.0;0.013018
46172;0.267602;0.324202;0.221644;0.0;0.167761;0.0;0.0;0.0;0.0;0.0;0.0;0.0;0.0;0.0;0.0;0.018791
46173;0.303605;0.364326;0.128083;0.0;0.197343;0.0;0.0;0.0;0.0;0.0;0.0;0.0;0.0;0.0;0.0;0.006641
46174;0.452128;0.273936;0.115691;0.0;0.151596;0.0;0.0;0.0;0.0;0.0;0.0;0.0;0.0;0.0;0.0;0.006649
46175;0.336111;0.288889;0.108333;0.0;0.261111;0.0;0.0;0.0;0.0;0.0;0.0;0.0;0.0;0.0;0.0;0.005556
46176;0.293173;0.311245;0.20415;0.0;0.170683;0.0;0.0;0.0;0.0;0.0;0.0;0.0;0.0;0.0;0.0;0.02075
46177;0.360931;0.293561;0.143669;0.0;0.188041;0.0;0.0;0.0;0.0;0.0;0.0;0.0;0.0;0.0;0.0;0.013799
46178;0.227294;0.32785;0.254866;0.0;0.16937;0.0;0.0;0.0;0.0;0.0;0.0;0.0;0.0;0.0;0.0;0.020621
46179;0.328277;0.386529;0.168689;0.0;0.106796;0.0;0.0;0.0;0.0;0.0;0.0;0.0;0.0;0.0;0.0;0.009709
46180;0.375;0.286538;0.123077;0.0;0.201923;0.0;0.0;0.0;0.0;0.0;0.0;0.0;0.0;0.0;0.0;0.013462
46181;0.343265;0.325603;0.142374;0.0;0.172582;0.0;0.0;0.0;0.0;0.0;0.0;0.0;0.0;0.0;0.0;0.016177
46182;0.306041;0.257552;0.18442;0.0;0.221781;0.0;0.0;0.0;0.0;0.0;0.0;0.0;0.0;0.0;0.0;0.030207
46183;0.219285;0.399911;0.157298;0.0;0.212397;0.0;0.0;0.0;0.0;0.0;0.0;0.0;0.0;0.0;0.0;0.011109
46184;0.328086;0.298695;0.127329;0.0;0.231444;0.0;0.0;0.0;0.0;0.0;0.0;0.0;0.0;0.0;0.0;0.014447
46185;0.40836;0.138264;0.054662;0.0;0.385852;0.0;0.0;0.0;0.0;0.0;0.0;0.0;0.0;0.0;0.0;0.012862
46186;0.335955;0.308328;0.181163;0.0;0.160344;0.0;0.0;0.0;0.0;0.0;0.0;0.0;0.0;0.0;0.0;0.01421
46187;0.303681;0.345603;0.133947;0.0;0.204499;0.0;0.0;0.0;0.0;0.0;0.0;0.0;0.0;0.0;0.0;0.01227
46188;0.283186;0.297345;0.175221;0.0;0.228319;0.0;0.0;0.0;0.0;0.0;0.0;0.0;0.0;0.0;0.0;0.015929
46189;0.282913;0.280112;0.145658;0.0;0.277311;0.0;0.0;0.0;0.0;0.0;0.0;0.0;0.0;0.0;0.0;0.014006
46190;0.339991;0.324922;0.169461;0.0;0.15168;0.0;0.0;0.0;0.0;0.0;0.0;0.0;0.0;0.0;0.0;0.013946
46191;0.322561;0.304537;0.155376;0.0;0.155998;0.0;0.0;0.0;0.0;0.0;0.0;0.0;0.0;0.0;0.0;0.061529
46192;0.385027;0.283422;0.187166;0.0;0.130125;0.0;0.0;0.0;0.0;0.0;0.0;0.0;0.0;0.0;0.0;0.01426
46193;0.35363;0.309806;0.139717;0.0;0.183975;0.0;0.0;0.0;0.0;0.0;0.0;0.0;0.0;0.0;0.0;0.012872
46194;0.336279;0.316033;0.17363;0.0;0.160676;0.0;0.0;0.0;0.0;0.0;0.0;0.0;0.0;0.0;0.0;0.013383
46195;0.372777;0.290006;0.160025;0.0;0.157572;0.0;0.0;0.0;0.0;0.0;0.0;0.0;0.0;0.0;0.0;0.01962
46196;0.26087;0.426087;0.2;0.0;0.104348;0.0;0.0;0.0;0.0;0.0;0.0;0.0;0.0;0.0;0.0;0.008696
46197;0.349826;0.209756;0.12892;0.0;0.294077;0.0;0.0;0.0;0.0;0.0;0.0;0.0;0.0;0.0;0.0;0.017422
46198;0.30479;0.195936;0.111756;0.0;0.374456;0.0;0.0;0.0;0.0;0.0;0.0;0.0;0.0;0.0;0.0;0.013062
46199;0.322505;0.361146;0.164331;0.0;0.139915;0.0;0.0;0.0;0.0;0.0;0.0;0.0;0.0;0.0;0.0;0.012102
46200;0.389002;0.361168;0.10387;0.0;0.143245;0.0;0.0;0.0;0.0;0.0;0.0;0.0;0.0;0.0;0.0;0.002716
46201;0.571429;0.314286;0.0;0.0;0.114286;0.0;0.0;0.0;0.0;0.0;0.0;0.0;0.0;0.0;0.0;0.0
46202;0.261999;0.355373;0.208481;0.0;0.158785;0.0;0.0;0.0;0.0;0.0;0.0;0.0;0.0;0.0;0.0;0.015362
46203;0.397488;0.260805;0.120059;0.0;0.208349;0.0;0.0;0.0;0.0;0.0;0.0;0.0;0.0;0.0;0.0;0.013299
46204;0.350254;0.355916;0.126318;0.0;0.158532;0.0;0.0;0.0;0.0;0.0;0.0;0.0;0.0;0.0;0.0;0.008981
46205;0.324594;0.363828;0.149968;0.0;0.148593;0.0;0.0;0.0;0.0;0.0;0.0;0.0;0.0;0.0;0.0;0.013017
46206;0.36165;0.308252;0.140777;0.0;0.179612;0.0;0.0;0.0;0.0;0.0;0.0;0.0;0.0;0.0;0.0;0.009709
46207;0.306598;0.340538;0.157945;0.0;0.182594;0.0;0.0;0.0;0.0;0.0;0.0;0.0;0.0;0.0;0.0;0.012325
46208;0.406143;0.276451;0.103527;0.0;0.205916;0.0;0.0;0.0;0.0;0.0;0.0;0.0;0.0;0.0;0.0;0.007964
46209;0.377127;0.285228;0.198094;0.0;0.132743;0.0;0.0;0.0;0.0;0.0;0.0;0.0;0.0;0.0;0.0;0.006807
46210;0.368821;0.346008;0.106464;0.0;0.171103;0.0;0.0;0.0;0.0;0.0;0.0;0.0;0.0;0.0;0.0;0.007605
46211;0.330399;0.335139;0.175355;0.0;0.146242;0.0;0.0;0.0;0.0;0.0;0.0;0.0;0.0;0.0;0.0;0.012864
46212;0.365338;0.324654;0.133442;0.0;0.166802;0.0;0.0;0.0;0.0;0.0;0.0;0.0;0.0;0.0;0.0;0.009764
46213;0.301624;0.391432;0.197597;0.0;0.096964;0.0;0.0;0.0;0.0;0.0;0.0;0.0;0.0;0.0;0.0;0.012384
46214;0.324419;0.345392;0.155933;0.0;0.15913;0.0;0.0;0.0;0.0;0.0;0.0;0.0;0.0;0.0;0.0;0.015126
46215;0.438547;0.17784;0.100559;0.0;0.274674;0.0;0.0;0.0;0.0;0.0;0.0;0.0;0.0;0.0;0.0;0.00838
46216;0.226715;0.445479;0.155384;0.0;0.160154;0.0;0.0;0.0;0.0;0.0;0.0;0.0;0.0;0.0;0.0;0.012267
46217;0.397163;0.275177;0.157447;0.0;0.157447;0.0;0.0;0.0;0.0;0.0;0.0;0.0;0.0;0.0;0.0;0.012766
46218;0.277712;0.355185;0.123957;0.0;0.233611;0.0;0.0;0.0;0.0;0.0;0.0;0.0;0.0;0.0;0.0;0.009535
46219;0.256637;0.513274;0.079646;0.0;0.132743;0.0;0.0;0.0;0.0;0.0;0.0;0.0;0.0;0.0;0.0;0.017699
46220;0.375764;0.271868;0.136037;0.0;0.201412;0.0;0.0;0.0;0.0;0.0;0.0;0.0;0.0;0.0;0.0;0.014918
46221;0.354386;0.326316;0.133333;0.0;0.182456;0.0;0.0;0.0;0.0;0.0;0.0;0.0;0.0;0.0;0.0;0.003509
46222;0.418605;0.197674;0.110465;0.0;0.261628;0.0;0.0;0.0;0.0;0.0;0.0;0.0;0.0;0.0;0.0;0.011628
46223;0.334726;0.351939;0.165107;0.0;0.130515;0.0;0.0;0.0;0.0;0.0;0.0;0.0;0.0;0.0;0.0;0.017714
46224;0.30597;0.268657;0.201493;0.0;0.216418;0.0;0.0;0.0;0.0;0.0;0.0;0.0;0.0;0.0;0.0;0.007463
46225;0.367347;0.314286;0.114286;0.0;0.167347;0.0;0.0;0.0;0.0;0.0;0.0;0.0;0.0;0.0;0.0;0.036735
46226;0.681818;0.0;0.045455;0.0;0.272727;0.0;0.0;0.0;0.0;0.0;0.0;0.0;0.0;0.0;0.0;0.0
46227;0.450808;0.202643;0.098385;0.0;0.232012;0.0;0.0;0.0;0.0;0.0;0.0;0.0;0.0;0.0;0.0;0.016153
46228;0.25657;0.341137;0.214047;0.0;0.170091;0.0;0.0;0.0;0.0;0.0;0.0;0.0;0.0;0.0;0.0;0.018156
46229;0.347545;0.301034;0.196382;0.0;0.143411;0.0;0.0;0.0;0.0;0.0;0.0;0.0;0.0;0.0;0.0;0.011628
46230;0.388747;0.28661;0.150755;0.0;0.159381;0.0;0.0;0.0;0.0;0.0;0.0;0.0;0.0;0.0;0.0;0.014507
46231;0.395904;0.249147;0.083618;0.0;0.261661;0.0;0.0;0.0;0.0;0.0;0.0;0.0;0.0;0.0;0.0;0.00967
46232;0.384173;0.364029;0.164029;0.0;0.079137;0.0;0.0;0.0;0.0;0.0;0.0;0.0;0.0;0.0;0.0;0.008633
46233;0.324044;0.350125;0.162915;0.0;0.149339;0.0;0.0;0.0;0.0;0.0;0.0;0.0;0.0;0.0;0.0;0.013576
46234;0.363636;0.363636;0.114478;0.0;0.141414;0.0;0.0;0.0;0.0;0.0;0.0;0.0;0.0;0.0;0.0;0.016835
46235;0.382098;0.273147;0.121014;0.0;0.21078;0.0;0.0;0.0;0.0;0.0;0.0;0.0;0.0;0.0;0.0;0.012961
46236;0.408779;0.223594;0.148148;0.0;0.20439;0.0;0.0;0.0;0.0;0.0;0.0;0.0;0.0;0.0;0.0;0.015089
46237;0.342596;0.327303;0.152742;0.0;0.164864;0.0;0.0;0.0;0.0;0.0;0.0;0.0;0.0;0.0;0.0;0.012495
46238;0.343224;0.31955;0.10541;0.0;0.219818;0.0;0.0;0.0;0.0;0.0;0.0;0.0;0.0;0.0;0.0;0.011998
46239;0.282421;0.409222;0.193084;0.0;0.100865;0.0;0.0;0.0;0.0;0.0;0.0;0.0;0.0;0.0;0.0;0.014409
46240;0.255556;0.333333;0.183333;0.0;0.211111;0.0;0.0;0.0;0.0;0.0;0.0;0.0;0.0;0.0;0.0;0.016667
46241;0.431677;0.257764;0.114907;0.0;0.189441;0.0;0.0;0.0;0.0;0.0;0.0;0.0;0.0;0.0;0.0;0.006211
46242;0.234127;0.503968;0.190476;0.0;0.047619;0.0;0.0;0.0;0.0;0.0;0.0;0.0;0.0;0.0;0.0;0.02381
46243;0.377551;0.336735;0.102041;0.0;0.173469;0.0;0.0;0.0;0.0;0.0;0.0;0.0;0.0;0.0;0.0;0.010204
46244;0.319451;0.344449;0.19513;0.0;0.127327;0.0;0.0;0.0;0.0;0.0;0.0;0.0;0.0;0.0;0.0;0.013644
46245;0.341176;0.308235;0.16;0.0;0.178824;0.0;0.0;0.0;0.0;0.0;0.0;0.0;0.0;0.0;0.0;0.011765
46246;0.252273;0.432955;0.247727;0.0;0.061364;0.0;0.0;0.0;0.0;0.0;0.0;0.0;0.0;0.0;0.0;0.005682
46247;0.235049;0.486787;0.13491;0.0;0.139082;0.0;0.0;0.0;0.0;0.0;0.0;0.0;0.0;0.0;0.0;0.004172
46248;0.305297;0.355337;0.207346;0.0;0.120309;0.0;0.0;0.0;0.0;0.0;0.0;0.0;0.0;0.0;0.0;0.011711
46249;0.337715;0.388798;0.166692;0.0;0.096341;0.0;0.0;0.0;0.0;0.0;0.0;0.0;0.0;0.0;0.0;0.010456
46250;0.296935;0.368334;0.142303;0.0;0.178679;0.0;0.0;0.0;0.0;0.0;0.0;0.0;0.0;0.0;0.0;0.013748
46251;0.385363;0.351586;0.090072;0.0;0.166325;0.0;0.0;0.0;0.0;0.0;0.0;0.0;0.0;0.0;0.0;0.006653
46252;0.258065;0.494624;0.129032;0.0;0.107527;0.0;0.0;0.0;0.0;0.0;0.0;0.0;0.0;0.0;0.0;0.010753
46253;0.320988;0.395062;0.160494;0.0;0.123457;0.0;0.0;0.0;0.0;0.0;0.0;0.0;0.0;0.0;0.0;0.0
46254;0.38358;0.386272;0.146703;0.0;0.079408;0.0;0.0;0.0;0.0;0.0;0.0;0.0;0.0;0.0;0.0;0.004038
46255;0.360629;0.293263;0.131908;0.0;0.198064;0.0;0.0;0.0;0.0;0.0;0.0;0.0;0.0;0.0;0.0;0.016136
46256;0.296175;0.354827;0.199271;0.0;0.133151;0.0;0.0;0.0;0.0;0.0;0.0;0.0;0.0;0.0;0.0;0.016576
46257;0.391998;0.245885;0.097999;0.0;0.248671;0.0;0.0;0.0;0.0;0.0;0.0;0.0;0.0;0.0;0.0;0.015447
46258;0.326801;0.368937;0.139147;0.0;0.154336;0.0;0.0;0.0;0.0;0.0;0.0;0.0;0.0;0.0;0.0;0.010779
46259;0.29;0.345;0.205;0.0;0.14;0.0;0.0;0.0;0.0;0.0;0.0;0.0;0.0;0.0;0.0;0.02
46260;0.336364;0.335455;0.118182;0.0;0.199091;0.0;0.0;0.0;0.0;0.0;0.0;0.0;0.0;0.0;0.0;0.010909
46261;0.351657;0.295934;0.189759;0.0;0.151355;0.0;0.0;0.0;0.0;0.0;0.0;0.0;0.0;0.0;0.0;0.011295
46262;0.263473;0.407186;0.227545;0.0;0.08982;0.0;0.0;0.0;0.0;0.0;0.0;0.0;0.0;0.0;0.0;0.011976
46263;0.470899;0.222222;0.15873;0.0;0.142857;0.0;0.0;0.0;0.0;0.0;0.0;0.0;0.0;0.0;0.0;0.005291
46902;0.392857;0.295455;0.175325;0.0;0.133117;0.0;0.0;0.0;0.0;0.0;0.0;0.0;0.0;0.0;0.0;0.003247
46903;0.225951;0.425429;0.198173;0.0;0.137025;0.0;0.0;0.0;0.0;0.0;0.0;0.0;0.0;0.0;0.0;0.013423
46904;0.364845;0.292467;0.155096;0.0;0.159527;0.0;0.0;0.0;0.0;0.0;0.0;0.0;0.0;0.0;0.0;0.028065
47001;0.146341;0.658537;0.170732;0.0;0.02439;0.0;0.0;0.0;0.0;0.0;0.0;0.0;0.0;0.0;0.0;0.0
47002;0.294118;0.588235;0.058824;0.0;0.058824;0.0;0.0;0.0;0.0;0.0;0.0;0.0;0.0;0.0;0.0;0.0
47003;0.257895;0.542105;0.147368;0.0;0.047368;0.0;0.0;0.0;0.0;0.0;0.0;0.0;0.0;0.0;0.005263;0.0
47004;0.410897;0.368899;0.177072;0.0;0.035187;0.0;0.0;0.0;0.0;0.0;0.0;0.0;0.0;0.0;0.00454;0.003405
47005;0.268041;0.448454;0.234536;0.0;0.041237;0.0;0.0;0.0;0.0;0.0;0.0;0.0;0.0;0.0;0.0;0.007732
47006;0.353741;0.29932;0.129252;0.0;0.210884;0.0;0.0;0.0;0.0;0.0;0.0;0.0;0.0;0.0;0.0;0.006803
47007;0.285627;0.365542;0.216955;0.0;0.109693;0.0;0.0;0.0;0.0;0.0;0.0;0.0;0.0;0.0;0.005469;0.016712
47008;0.1875;0.25;0.25;0.0;0.3125;0.0;0.0;0.0;0.0;0.0;0.0;0.0;0.0;0.0;0.0;0.0
47009;0.333333;0.436782;0.126437;0.0;0.091954;0.0;0.0;0.0;0.0;0.0;0.0;0.0;0.0;0.0;0.0;0.011494
47010;0.264989;0.422897;0.197796;0.0;0.0931;0.0;0.0;0.0;0.0;0.0;0.0;0.0;0.0;0.0;0.005017;0.016202
47011;0.267699;0.469027;0.227876;0.0;0.024336;0.0;0.0;0.0;0.0;0.0;0.0;0.0;0.0;0.0;0.011062;0.0
47012;0.211268;0.577465;0.169014;0.0;0.042254;0.0;0.0;0.0;0.0;0.0;0.0;0.0;0.0;0.0;0.0;0.0
47013;0.405063;0.455696;0.050633;0.0;0.088608;0.0;0.0;0.0;0.0;0.0;0.0;0.0;0.0;0.0;0.0;0.0
47014;0.205128;0.512821;0.230769;0.0;0.051282;0.0;0.0;0.0;0.0;0.0;0.0;0.0;0.0;0.0;0.0;0.0
47015;0.298387;0.459677;0.153226;0.0;0.048387;0.0;0.0;0.0;0.0;0.0;0.0;0.0;0.0;0.0;0.008065;0.032258
47016;0.254237;0.59322;0.101695;0.0;0.033898;0.0;0.0;0.0;0.0;0.0;0.0;0.0;0.0;0.0;0.016949;0.0
47017;0.138889;0.652778;0.166667;0.0;0.034722;0.0;0.0;0.0;0.0;0.0;0.0;0.0;0.0;0.0;0.0;0.006944
47018;0.032258;0.580645;0.193548;0.0;0.16129;0.0;0.0;0.0;0.0;0.0;0.0;0.0;0.0;0.0;0.0;0.032258
47019;0.202703;0.608108;0.148649;0.0;0.040541;0.0;0.0;0.0;0.0;0.0;0.0;0.0;0.0;0.0;0.0;0.0
47020;0.278607;0.502488;0.18408;0.0;0.014925;0.0;0.0;0.0;0.0;0.0;0.0;0.0;0.0;0.0;0.0;0.0199
47021;0.25;0.384615;0.25;0.0;0.096154;0.0;0.0;0.0;0.0;0.0;0.0;0.0;0.0;0.0;0.0;0.019231
47022;0.102041;0.77551;0.122449;0.0;0.0;0.0;0.0;0.0;0.0;0.0;0.0;0.0;0.0;0.0;0.0;0.0
47023;0.249402;0.402789;0.229482;0.0;0.103586;0.0;0.0;0.0;0.0;0.0;0.0;0.0;0.0;0.0;0.00757;0.007171
47024;0.45;0.377778;0.122222;0.0;0.027778;0.0;0.0;0.0;0.0;0.0;0.0;0.0;0.0;0.0;0.011111;0.011111
47025;0.4;0.506667;0.08;0.0;0.013333;0.0;0.0;0.0;0.0;0.0;0.0;0.0;0.0;0.0;0.0;0.0
47026;0.162162;0.675676;0.108108;0.0;0.027027;0.0;0.0;0.0;0.0;0.0;0.0;0.0;0.0;0.0;0.0;0.027027
47027;0.353106;0.339094;0.18029;0.0;0.106492;0.0;0.0;0.0;0.0;0.0;0.0;0.0;0.0;0.0;0.003737;0.017282
47028;0.133333;0.6;0.266667;0.0;0.0;0.0;0.0;0.0;0.0;0.0;0.0;0.0;0.0;0.0;0.0;0.0
47029;0.230769;0.512821;0.128205;0.0;0.102564;0.0;0.0;0.0;0.0;0.0;0.0;0.0;0.0;0.0;0.0;0.025641
47030;0.300604;0.436556;0.155589;0.0;0.102719;0.0;0.0;0.0;0.0;0.0;0.0;0.0;0.0;0.0;0.0;0.004532
47031;0.251852;0.466667;0.274074;0.0;0.0;0.0;0.0;0.0;0.0;0.0;0.0;0.0;0.0;0.0;0.0;0.007407
47032;0.151261;0.403361;0.378151;0.0;0.067227;0.0;0.0;0.0;0.0;0.0;0.0;0.0;0.0;0.0;0.0;0.0
47033;0.2375;0.51875;0.175;0.0;0.04375;0.0;0.0;0.0;0.0;0.0;0.0;0.0;0.0;0.0;0.01875;0.00625
47034;0.3;0.54;0.12;0.0;0.04;0.0;0.0;0.0;0.0;0.0;0.0;0.0;0.0;0.0;0.0;0.0
47035;0.382979;0.449848;0.142857;0.0;0.019757;0.0;0.0;0.0;0.0;0.0;0.0;0.0;0.0;0.0;0.00304;0.00152
47036;0.293333;0.433333;0.226667;0.0;0.046667;0.0;0.0;0.0;0.0;0.0;0.0;0.0;0.0;0.0;0.0;0.0
47037;0.301471;0.492647;0.191176;0.0;0.014706;0.0;0.0;0.0;0.0;0.0;0.0;0.0;0.0;0.0;0.0;0.0
47038;0.363636;0.337662;0.194805;0.0;0.064935;0.0;0.0;0.0;0.0;0.0;0.0;0.0;0.0;0.0;0.0;0.038961
47039;0.470085;0.410256;0.08547;0.0;0.008547;0.0;0.0;0.0;0.0;0.0;0.0;0.0;0.0;0.0;0.0;0.025641
47040;0.25641;0.589744;0.102564;0.0;0.051282;0.0;0.0;0.0;0.0;0.0;0.0;0.0;0.0;0.0;0.0;0.0
47041;0.233645;0.551402;0.121495;0.0;0.074766;0.0;0.0;0.0;0.0;0.0;0.0;0.0;0.0;0.0;0.009346;0.009346
47042;0.282051;0.487179;0.153846;0.0;0.051282;0.0;0.0;0.0;0.0;0.0;0.0;0.0;0.0;0.0;0.025641;0.0
47043;0.375;0.454167;0.120833;0.0;0.029167;0.0;0.0;0.0;0.0;0.0;0.0;0.0;0.0;0.0;0.004167;0.016667
47044;0.338129;0.352518;0.133094;0.0;0.140288;0.0;0.0;0.0;0.0;0.0;0.0;0.0;0.0;0.0;0.014388;0.021583
47045;0.356877;0.328996;0.130112;0.0;0.178439;0.0;0.0;0.0;0.0;0.0;0.0;0.0;0.0;0.0;0.003717;0.001859
47046;0.402174;0.423913;0.086957;0.0;0.076087;0.0;0.0;0.0;0.0;0.0;0.0;0.0;0.0;0.0;0.0;0.01087
47047;0.144928;0.521739;0.253623;0.0;0.050725;0.0;0.0;0.0;0.0;0.0;0.0;0.0;0.0;0.0;0.014493;0.014493
47048;0.206612;0.53719;0.198347;0.0;0.049587;0.0;0.0;0.0;0.0;0.0;0.0;0.0;0.0;0.0;0.008264;0.0
47049;0.421053;0.315789;0.131579;0.0;0.092105;0.0;0.0;0.0;0.0;0.0;0.0;0.0;0.0;0.0;0.039474;0.0
47050;0.336797;0.35507;0.193479;0.0;0.098889;0.0;0.0;0.0;0.0;0.0;0.0;0.0;0.0;0.0;0.003225;0.01254
47051;0.264;0.376;0.22;0.0;0.0;0.0;0.0;0.0;0.0;0.0;0.0;0.0;0.0;0.0;0.024;0.116
47052;0.319404;0.384407;0.167924;0.0;0.107758;0.0;0.0;0.0;0.0;0.0;0.0;0.0;0.0;0.0;0.005804;0.014703
47053;0.32;0.49;0.06;0.0;0.08;0.0;0.0;0.0;0.0;0.0;0.0;0.0;0.0;0.0;0.01;0.04
47054;0.27088;0.501129;0.158014;0.0;0.058691;0.0;0.0;0.0;0.0;0.0;0.0;0.0;0.0;0.0;0.0;0.011287
47055;0.335329;0.39521;0.209581;0.0;0.047904;0.0;0.0;0.0;0.0;0.0;0.0;0.0;0.0;0.0;0.005988;0.005988
47056;0.104478;0.597015;0.208955;0.0;0.044776;0.0;0.0;0.0;0.0;0.0;0.0;0.0;0.0;0.0;0.044776;0.0
47057;0.215859;0.38326;0.325991;0.0;0.061674;0.0;0.0;0.0;0.0;0.0;0.0;0.0;0.0;0.0;0.008811;0.004405
47058;0.37037;0.355556;0.185185;0.0;0.066667;0.0;0.0;0.0;0.0;0.0;0.0;0.0;0.0;0.0;0.007407;0.014815
47059;0.272727;0.454545;0.19697;0.0;0.045455;0.0;0.0;0.0;0.0;0.0;0.0;0.0;0.0;0.0;0.015152;0.015152
47060;0.343558;0.447853;0.128834;0.0;0.06135;0.0;0.0;0.0;0.0;0.0;0.0;0.0;0.0;0.0;0.01227;0.006135
47061;0.394872;0.384615;0.138462;0.0;0.076923;0.0;0.0;0.0;0.0;0.0;0.0;0.0;0.0;0.0;0.005128;0.0
47062;0.134921;0.634921;0.18254;0.0;0.031746;0.0;0.0;0.0;0.0;0.0;0.0;0.0;0.0;0.0;0.007937;0.007937
47063;0.229508;0.508197;0.147541;0.0;0.098361;0.0;0.0;0.0;0.0;0.0;0.0;0.0;0.0;0.0;0.0;0.016393
47064;0.111111;0.555556;0.111111;0.0;0.222222;0.0;0.0;0.0;0.0;0.0;0.0;0.0;0.0;0.0;0.0;0.0
47065;0.373109;0.47395;0.114286;0.0;0.035294;0.0;0.0;0.0;0.0;0.0;0.0;0.0;0.0;0.0;0.001681;0.001681
47066;0.271173;0.398208;0.204397;0.0;0.106678;0.0;0.0;0.0;0.0;0.0;0.0;0.0;0.0;0.0;0.004886;0.014658
47067;0.14;0.67;0.15;0.0;0.04;0.0;0.0;0.0;0.0;0.0;0.0;0.0;0.0;0.0;0.0;0.0
47068;0.15;0.45;0.35;0.0;0.05;0.0;0.0;0.0;0.0;0.0;0.0;0.0;0.0;0.0;0.0;0.0
47069;0.350515;0.505155;0.134021;0.0;0.010309;0.0;0.0;0.0;0.0;0.0;0.0;0.0;0.0;0.0;0.0;0.0
47070;0.181818;0.590909;0.0;0.0;0.0;0.0;0.0;0.0;0.0;0.0;0.0;0.0;0.0;0.0;0.0;0.227273
47071;0.224359;0.471154;0.185897;0.0;0.099359;0.0;0.0;0.0;0.0;0.0;0.0;0.0;0.0;0.0;0.00641;0.012821
47073;0.275862;0.54023;0.091954;0.0;0.08046;0.0;0.0;0.0;0.0;0.0;0.0;0.0;0.0;0.0;0.0;0.011494
47074;0.355932;0.313559;0.127119;0.0;0.177966;0.0;0.0;0.0;0.0;0.0;0.0;0.0;0.0;0.0;0.025424;0.0
47075;0.252296;0.520092;0.174799;0.0;0.044776;0.0;0.0;0.0;0.0;0.0;0.0;0.0;0.0;0.0;0.001722;0.006315
47076;0.344156;0.372491;0.154737;0.0;0.11157;0.0;0.0;0.0;0.0;0.0;0.0;0.0;0.0;0.0;0.003542;0.013504
47077;0.161111;0.677778;0.138889;0.0;0.011111;0.0;0.0;0.0;0.0;0.0;0.0;0.0;0.0;0.0;0.011111;0.0
47078;0.218487;0.563025;0.184874;0.0;0.016807;0.0;0.0;0.0;0.0;0.0;0.0;0.0;0.0;0.0;0.016807;0.0
47079;0.05;0.7;0.225;0.0;0.025;0.0;0.0;0.0;0.0;0.0;0.0;0.0;0.0;0.0;0.0;0.0
47080;0.125;0.333333;0.375;0.0;0.125;0.0;0.0;0.0;0.0;0.0;0.0;0.0;0.0;0.0;0.0;0.041667
47081;0.4375;0.25;0.25;0.0;0.0625;0.0;0.0;0.0;0.0;0.0;0.0;0.0;0.0;0.0;0.0;0.0
47082;0.202572;0.580386;0.172026;0.0;0.028939;0.0;0.0;0.0;0.0;0.0;0.0;0.0;0.0;0.0;0.004823;0.011254
47083;0.197368;0.473684;0.197368;0.0;0.118421;0.0;0.0;0.0;0.0;0.0;0.0;0.0;0.0;0.0;0.013158;0.0
47084;0.34799;0.476131;0.123116;0.0;0.051508;0.0;0.0;0.0;0.0;0.0;0.0;0.0;0.0;0.0;0.0;0.001256
47085;0.336254;0.408214;0.168525;0.0;0.074438;0.0;0.0;0.0;0.0;0.0;0.0;0.0;0.0;0.0;0.002301;0.010267
47086;0.380396;0.407643;0.163482;0.0;0.040694;0.0;0.0;0.0;0.0;0.0;0.0;0.0;0.0;0.0;0.003539;0.004246
47087;0.366906;0.392086;0.158273;0.0;0.079137;0.0;0.0;0.0;0.0;0.0;0.0;0.0;0.0;0.0;0.0;0.003597
47088;0.258427;0.573034;0.11236;0.0;0.033708;0.0;0.0;0.0;0.0;0.0;0.0;0.0;0.0;0.0;0.011236;0.011236
47089;0.151261;0.655462;0.184874;0.0;0.008403;0.0;0.0;0.0;0.0;0.0;0.0;0.0;0.0;0.0;0.0;0.0
47090;0.326215;0.40897;0.184196;0.0;0.071009;0.0;0.0;0.0;0.0;0.0;0.0;0.0;0.0;0.0;0.001068;0.008542
47091;0.403509;0.385965;0.175439;0.0;0.035088;0.0;0.0;0.0;0.0;0.0;0.0;0.0;0.0;0.0;0.0;0.0
47092;0.220779;0.454545;0.220779;0.0;0.077922;0.0;0.0;0.0;0.0;0.0;0.0;0.0;0.0;0.0;0.012987;0.012987
47093;0.391803;0.395082;0.095082;0.0;0.101639;0.0;0.0;0.0;0.0;0.0;0.0;0.0;0.0;0.0;0.009836;0.006557
47094;0.34;0.43;0.15;0.0;0.07;0.0;0.0;0.0;0.0;0.0;0.0;0.0;0.0;0.0;0.0;0.01
47095;0.090909;0.606061;0.212121;0.0;0.090909;0.0;0.0;0.0;0.0;0.0;0.0;0.0;0.0;0.0;0.0;0.0
47096;0.30303;0.484848;0.161616;0.0;0.050505;0.0;0.0;0.0;0.0;0.0;0.0;0.0;0.0;0.0;0.0;0.0
47097;0.425439;0.385965;0.131579;0.0;0.048246;0.0;0.0;0.0;0.0;0.0;0.0;0.0;0.0;0.0;0.004386;0.004386
47098;0.25054;0.481641;0.168467;0.0;0.090713;0.0;0.0;0.0;0.0;0.0;0.0;0.0;0.0;0.0;0.00432;0.00432
47099;0.15748;0.582677;0.19685;0.0;0.03937;0.0;0.0;0.0;0.0;0.0;0.0;0.0;0.0;0.0;0.007874;0.015748
47100;0.431579;0.431579;0.105263;0.0;0.021053;0.0;0.0;0.0;0.0;0.0;0.0;0.0;0.0;0.0;0.010526;0.0
47101;0.400495;0.410405;0.118084;0.0;0.059455;0.0;0.0;0.0;0.0;0.0;0.0;0.0;0.0;0.0;0.001652;0.009909
47102;0.341346;0.326923;0.302885;0.0;0.024038;0.0;0.0;0.0;0.0;0.0;0.0;0.0;0.0;0.0;0.004808;0.0
47103;0.370892;0.403756;0.140845;0.0;0.075117;0.0;0.0;0.0;0.0;0.0;0.0;0.0;0.0;0.0;0.0;0.00939
47104;0.246272;0.518519;0.179894;0.0;0.047138;0.0;0.0;0.0;0.0;0.0;0.0;0.0;0.0;0.0;0.003848;0.004329
47105;0.359155;0.457746;0.133803;0.0;0.049296;0.0;0.0;0.0;0.0;0.0;0.0;0.0;0.0;0.0;0.0;0.0
47106;0.285714;0.5;0.142857;0.0;0.071429;0.0;0.0;0.0;0.0;0.0;0.0;0.0;0.0;0.0;0.0;0.0
47109;0.344262;0.401639;0.196721;0.0;0.04918;0.0;0.0;0.0;0.0;0.0;0.0;0.0;0.0;0.0;0.0;0.008197
47110;0.336111;0.369444;0.2;0.0;0.077778;0.0;0.0;0.0;0.0;0.0;0.0;0.0;0.0;0.0;0.002778;0.013889
47111;0.369987;0.416559;0.160414;0.0;0.03881;0.0;0.0;0.0;0.0;0.0;0.0;0.0;0.0;0.0;0.007762;0.006468
47112;0.273168;0.524503;0.160116;0.0;0.033964;0.0;0.0;0.0;0.0;0.0;0.0;0.0;0.0;0.0;0.001941;0.006308
47113;0.342593;0.490741;0.148148;0.0;0.018519;0.0;0.0;0.0;0.0;0.0;0.0;0.0;0.0;0.0;0.0;0.0
47114;0.302838;0.445482;0.182226;0.0;0.057879;0.0;0.0;0.0;0.0;0.0;0.0;0.0;0.0;0.0;0.004481;0.007095
47115;0.163265;0.542857;0.269388;0.0;0.004082;0.0;0.0;0.0;0.0;0.0;0.0;0.0;0.0;0.0;0.016327;0.004082
47116;0.29932;0.493197;0.142857;0.0;0.05102;0.0;0.0;0.0;0.0;0.0;0.0;0.0;0.0;0.0;0.0;0.013605
47117;0.196262;0.53271;0.21028;0.0;0.042056;0.0;0.0;0.0;0.0;0.0;0.0;0.0;0.0;0.0;0.009346;0.009346
47118;0.304348;0.478261;0.113043;0.0;0.095652;0.0;0.0;0.0;0.0;0.0;0.0;0.0;0.0;0.0;0.0;0.008696
47119;0.237288;0.559322;0.118644;0.0;0.067797;0.0;0.0;0.0;0.0;0.0;0.0;0.0;0.0;0.0;0.0;0.016949
47121;0.384615;0.412821;0.138462;0.0;0.058974;0.0;0.0;0.0;0.0;0.0;0.0;0.0;0.0;0.0;0.002564;0.002564
47122;0.348026;0.406579;0.1375;0.0;0.095395;0.0;0.0;0.0;0.0;0.0;0.0;0.0;0.0;0.0;0.003947;0.008553
47123;0.325905;0.437326;0.125348;0.0;0.094708;0.0;0.0;0.0;0.0;0.0;0.0;0.0;0.0;0.0;0.0;0.016713
47124;0.289389;0.430868;0.192926;0.0;0.07717;0.0;0.0;0.0;0.0;0.0;0.0;0.0;0.0;0.0;0.003215;0.006431
47125;0.155556;0.666667;0.155556;0.0;0.022222;0.0;0.0;0.0;0.0;0.0;0.0;0.0;0.0;0.0;0.0;0.0
47126;0.02381;0.666667;0.285714;0.0;0.0;0.0;0.0;0.0;0.0;0.0;0.0;0.0;0.0;0.0;0.0;0.02381
47127;0.224719;0.516854;0.123596;0.0;0.123596;0.0;0.0;0.0;0.0;0.0;0.0;0.0;0.0;0.0;0.011236;0.0
47128;0.060606;0.787879;0.121212;0.0;0.0;0.0;0.0;0.0;0.0;0.0;0.0;0.0;0.0;0.0;0.0;0.030303
47129;0.371736;0.423963;0.142857;0.0;0.0553;0.0;0.0;0.0;0.0;0.0;0.0;0.0;0.0;0.0;0.003072;0.003072
47130;0.239437;0.450704;0.169014;0.0;0.070423;0.0;0.0;0.0;0.0;0.0;0.0;0.0;0.0;0.0;0.056338;0.014085
47131;0.387931;0.456897;0.051724;0.0;0.086207;0.0;0.0;0.0;0.0;0.0;0.0;0.0;0.0;0.0;0.008621;0.008621
47132;0.117647;0.411765;0.470588;0.0;0.0;0.0;0.0;0.0;0.0;0.0;0.0;0.0;0.0;0.0;0.0;0.0
47133;0.283303;0.366788;0.218066;0.0;0.112226;0.0;0.0;0.0;0.0;0.0;0.0;0.0;0.0;0.0;0.004562;0.015055
47134;0.241667;0.516667;0.2;0.0;0.016667;0.0;0.0;0.0;0.0;0.0;0.0;0.0;0.0;0.0;0.025;0.0
47135;0.310811;0.513514;0.108108;0.0;0.027027;0.0;0.0;0.0;0.0;0.0;0.0;0.0;0.0;0.0;0.013514;0.027027
47137;0.333333;0.458333;0.083333;0.0;0.125;0.0;0.0;0.0;0.0;0.0;0.0;0.0;0.0;0.0;0.0;0.0
47138;0.328859;0.416107;0.234899;0.0;0.020134;0.0;0.0;0.0;0.0;0.0;0.0;0.0;0.0;0.0;0.0;0.0
47139;0.378873;0.366197;0.194366;0.0;0.057746;0.0;0.0;0.0;0.0;0.0;0.0;0.0;0.0;0.0;0.001408;0.001408
47140;0.182927;0.682927;0.097561;0.0;0.012195;0.0;0.0;0.0;0.0;0.0;0.0;0.0;0.0;0.0;0.012195;0.012195
47141;0.267442;0.627907;0.093023;0.0;0.011628;0.0;0.0;0.0;0.0;0.0;0.0;0.0;0.0;0.0;0.0;0.0
47142;0.168317;0.524752;0.267327;0.0;0.019802;0.0;0.0;0.0;0.0;0.0;0.0;0.0;0.0;0.0;0.009901;0.009901
47143;0.164384;0.69863;0.09589;0.0;0.041096;0.0;0.0;0.0;0.0;0.0;0.0;0.0;0.0;0.0;0.0;0.0
47144;0.149254;0.522388;0.223881;0.0;0.074627;0.0;0.0;0.0;0.0;0.0;0.0;0.0;0.0;0.0;0.0;0.029851
47145;0.243792;0.496614;0.115124;0.0;0.126411;0.0;0.0;0.0;0.0;0.0;0.0;0.0;0.0;0.0;0.009029;0.009029
47146;0.362445;0.240175;0.20524;0.0;0.144105;0.0;0.0;0.0;0.0;0.0;0.0;0.0;0.0;0.0;0.0;0.048035
47147;0.243902;0.621951;0.109756;0.0;0.012195;0.0;0.0;0.0;0.0;0.0;0.0;0.0;0.0;0.0;0.0;0.012195
47148;0.279365;0.47619;0.193651;0.0;0.044444;0.0;0.0;0.0;0.0;0.0;0.0;0.0;0.0;0.0;0.0;0.006349
47149;0.205882;0.411765;0.029412;0.0;0.352941;0.0;0.0;0.0;0.0;0.0;0.0;0.0;0.0;0.0;0.0;0.0
47150;0.252577;0.572165;0.103093;0.0;0.072165;0.0;0.0;0.0;0.0;0.0;0.0;0.0;0.0;0.0;0.0;0.0
47151;0.125;0.75;0.125;0.0;0.0;0.0;0.0;0.0;0.0;0.0;0.0;0.0;0.0;0.0;0.0;0.0
47152;0.561404;0.22807;0.157895;0.0;0.052632;0.0;0.0;0.0;0.0;0.0;0.0;0.0;0.0;0.0;0.0;0.0
47153;0.320513;0.512821;0.076923;0.0;0.076923;0.0;0.0;0.0;0.0;0.0;0.0;0.0;0.0;0.0;0.012821;0.0
47154;0.208633;0.517986;0.158273;0.0;0.107914;0.0;0.0;0.0;0.0;0.0;0.0;0.0;0.0;0.0;0.007194;0.0
47155;0.303961;0.364996;0.18553;0.0;0.121261;0.0;0.0;0.0;0.0;0.0;0.0;0.0;0.0;0.0;0.00485;0.019402
47156;0.27193;0.491228;0.166667;0.0;0.04386;0.0;0.0;0.0;0.0;0.0;0.0;0.0;0.0;0.0;0.017544;0.008772
47157;0.338308;0.38806;0.216418;0.0;0.042289;0.0;0.0;0.0;0.0;0.0;0.0;0.0;0.0;0.0;0.002488;0.012438
47158;0.453526;0.304487;0.161859;0.0;0.070513;0.0;0.0;0.0;0.0;0.0;0.0;0.0;0.0;0.0;0.004808;0.004808
47159;0.370206;0.412979;0.159292;0.0;0.050147;0.0;0.0;0.0;0.0;0.0;0.0;0.0;0.0;0.0;0.004425;0.00295
47160;0.291525;0.471186;0.149153;0.0;0.081356;0.0;0.0;0.0;0.0;0.0;0.0;0.0;0.0;0.0;0.0;0.00678
47161;0.188546;0.517768;0.215565;0.0;0.066373;0.0;0.0;0.0;0.0;0.0;0.0;0.0;0.0;0.0;0.001762;0.009985
47162;0.107143;0.517857;0.303571;0.0;0.0;0.0;0.0;0.0;0.0;0.0;0.0;0.0;0.0;0.0;0.017857;0.053571
47163;0.382883;0.400901;0.103604;0.0;0.094595;0.0;0.0;0.0;0.0;0.0;0.0;0.0;0.0;0.0;0.004505;0.013514
47164;0.310469;0.530686;0.108303;0.0;0.046931;0.0;0.0;0.0;0.0;0.0;0.0;0.0;0.0;0.0;0.0;0.00361
47165;0.240599;0.442213;0.215987;0.0;0.088009;0.0;0.0;0.0;0.0;0.0;0.0;0.0;0.0;0.0;0.002953;0.010238
47166;0.248588;0.497175;0.186441;0.0;0.028249;0.0;0.0;0.0;0.0;0.0;0.0;0.0;0.0;0.0;0.011299;0.028249
47167;0.303665;0.528796;0.146597;0.0;0.015707;0.0;0.0;0.0;0.0;0.0;0.0;0.0;0.0;0.0;0.005236;0.0
47168;0.142857;0.333333;0.333333;0.0;0.190476;0.0;0.0;0.0;0.0;0.0;0.0;0.0;0.0;0.0;0.0;0.0
47169;0.117647;0.764706;0.098039;0.0;0.0;0.0;0.0;0.0;0.0;0.0;0.0;0.0;0.0;0.0;0.0;0.019608
47170;0.342105;0.447368;0.078947;0.0;0.105263;0.0;0.0;0.0;0.0;0.0;0.0;0.0;0.0;0.0;0.026316;0.0
47171;0.252632;0.498246;0.164912;0.0;0.063158;0.0;0.0;0.0;0.0;0.0;0.0;0.0;0.0;0.0;0.003509;0.017544
47172;0.247706;0.422018;0.119266;0.0;0.201835;0.0;0.0;0.0;0.0;0.0;0.0;0.0;0.0;0.0;0.009174;0.0
47173;0.44898;0.285714;0.144218;0.0;0.102041;0.0;0.0;0.0;0.0;0.0;0.0;0.0;0.0;0.0;0.002721;0.016327
47174;0.30137;0.410959;0.164384;0.0;0.114155;0.0;0.0;0.0;0.0;0.0;0.0;0.0;0.0;0.0;0.0;0.009132
47175;0.365711;0.357909;0.158377;0.0;0.102009;0.0;0.0;0.0;0.0;0.0;0.0;0.0;0.0;0.0;0.003511;0.012483
47176;0.273438;0.5;0.1875;0.0;0.03125;0.0;0.0;0.0;0.0;0.0;0.0;0.0;0.0;0.0;0.0;0.007812
47177;0.367647;0.382353;0.191176;0.0;0.029412;0.0;0.0;0.0;0.0;0.0;0.0;0.0;0.0;0.0;0.014706;0.014706
47178;0.239726;0.506849;0.130137;0.0;0.061644;0.0;0.0;0.0;0.0;0.0;0.0;0.0;0.0;0.0;0.034247;0.027397
47179;0.311538;0.480769;0.130769;0.0;0.073077;0.0;0.0;0.0;0.0;0.0;0.0;0.0;0.0;0.0;0.0;0.003846
47180;0.25;0.409091;0.181818;0.0;0.136364;0.0;0.0;0.0;0.0;0.0;0.0;0.0;0.0;0.0;0.0;0.022727
47181;0.34127;0.301587;0.222222;0.0;0.087302;0.0;0.0;0.0;0.0;0.0;0.0;0.0;0.0;0.0;0.0;0.047619
47182;0.307614;0.392893;0.210152;0.0;0.077157;0.0;0.0;0.0;0.0;0.0;0.0;0.0;0.0;0.0;0.0;0.012183
47183;0.287129;0.455446;0.188119;0.0;0.059406;0.0;0.0;0.0;0.0;0.0;0.0;0.0;0.0;0.0;0.0;0.009901
47184;0.198675;0.538631;0.209713;0.0;0.046358;0.0;0.0;0.0;0.0;0.0;0.0;0.0;0.0;0.0;0.0;0.006623
47185;0.285714;0.5;0.185714;0.0;0.014286;0.0;0.0;0.0;0.0;0.0;0.0;0.0;0.0;0.0;0.0;0.014286
47186;0.348318;0.406957;0.134477;0.0;0.093634;0.0;0.0;0.0;0.0;0.0;0.0;0.0;0.0;0.0;0.003684;0.01293
47187;0.245283;0.471698;0.245283;0.0;0.018868;0.0;0.0;0.0;0.0;0.0;0.0;0.0;0.0;0.0;0.0;0.018868
47188;0.368421;0.421053;0.184211;0.0;0.013158;0.0;0.0;0.0;0.0;0.0;0.0;0.0;0.0;0.0;0.013158;0.0
47189;0.292683;0.528455;0.138211;0.0;0.03252;0.0;0.0;0.0;0.0;0.0;0.0;0.0;0.0;0.0;0.0;0.00813
47190;0.189189;0.459459;0.202703;0.0;0.094595;0.0;0.0;0.0;0.0;0.0;0.0;0.0;0.0;0.0;0.040541;0.013514
47191;0.157895;0.421053;0.294737;0.0;0.105263;0.0;0.0;0.0;0.0;0.0;0.0;0.0;0.0;0.0;0.021053;0.0
47192;0.290698;0.418605;0.209302;0.0;0.05814;0.0;0.0;0.0;0.0;0.0;0.0;0.0;0.0;0.0;0.011628;0.011628
47193;0.329078;0.374468;0.167376;0.0;0.114894;0.0;0.0;0.0;0.0;0.0;0.0;0.0;0.0;0.0;0.002128;0.012057
47194;0.308017;0.28692;0.075949;0.0;0.308017;0.0;0.0;0.0;0.0;0.0;0.0;0.0;0.0;0.0;0.0;0.021097
47195;0.392097;0.319149;0.155015;0.0;0.118541;0.0;0.0;0.0;0.0;0.0;0.0;0.0;0.0;0.0;0.0;0.015198
47196;0.0;0.736842;0.263158;0.0;0.0;0.0;0.0;0.0;0.0;0.0;0.0;0.0;0.0;0.0;0.0;0.0
47197;0.33046;0.41523;0.225575;0.0;0.025862;0.0;0.0;0.0;0.0;0.0;0.0;0.0;0.0;0.0;0.001437;0.001437
47198;0.254902;0.333333;0.27451;0.0;0.117647;0.0;0.0;0.0;0.0;0.0;0.0;0.0;0.0;0.0;0.019608;0.0
47199;0.474576;0.305085;0.118644;0.0;0.101695;0.0;0.0;0.0;0.0;0.0;0.0;0.0;0.0;0.0;0.0;0.0
47200;0.160714;0.625;0.125;0.0;0.089286;0.0;0.0;0.0;0.0;0.0;0.0;0.0;0.0;0.0;0.0;0.0
47203;0.136364;0.590909;0.25;0.0;0.0;0.0;0.0;0.0;0.0;0.0;0.0;0.0;0.0;0.0;0.0;0.022727
47204;0.251701;0.557823;0.156463;0.0;0.020408;0.0;0.0;0.0;0.0;0.0;0.0;0.0;0.0;0.0;0.006803;0.006803
47205;0.214286;0.575397;0.170635;0.0;0.02381;0.0;0.0;0.0;0.0;0.0;0.0;0.0;0.0;0.0;0.003968;0.011905
47206;0.515152;0.424242;0.030303;0.0;0.030303;0.0;0.0;0.0;0.0;0.0;0.0;0.0;0.0;0.0;0.0;0.0
47207;0.22335;0.588832;0.152284;0.0;0.020305;0.0;0.0;0.0;0.0;0.0;0.0;0.0;0.0;0.0;0.015228;0.0
47208;0.34375;0.4375;0.03125;0.0;0.15625;0.0;0.0;0.0;0.0;0.0;0.0;0.0;0.0;0.0;0.0;0.03125
47209;0.15;0.3;0.2;0.0;0.25;0.0;0.0;0.0;0.0;0.0;0.0;0.0;0.0;0.0;0.05;0.05
47210;0.274306;0.472222;0.204861;0.0;0.041667;0.0;0.0;0.0;0.0;0.0;0.0;0.0;0.0;0.0;0.003472;0.003472
47211;0.051282;0.333333;0.538462;0.0;0.051282;0.0;0.0;0.0;0.0;0.0;0.0;0.0;0.0;0.0;0.0;0.025641
47212;0.233898;0.420339;0.315254;0.0;0.023729;0.0;0.0;0.0;0.0;0.0;0.0;0.0;0.0;0.0;0.00339;0.00339
47213;0.407895;0.486842;0.065789;0.0;0.039474;0.0;0.0;0.0;0.0;0.0;0.0;0.0;0.0;0.0;0.0;0.0
47214;0.287413;0.50446;0.142716;0.0;0.049554;0.0;0.0;0.0;0.0;0.0;0.0;0.0;0.0;0.0;0.002973;0.012884
47215;0.27027;0.594595;0.054054;0.0;0.081081;0.0;0.0;0.0;0.0;0.0;0.0;0.0;0.0;0.0;0.0;0.0
47216;0.010526;0.442105;0.484211;0.0;0.042105;0.0;0.0;0.0;0.0;0.0;0.0;0.0;0.0;0.0;0.010526;0.010526
47217;0.283043;0.366215;0.239845;0.0;0.098646;0.0;0.0;0.0;0.0;0.0;0.0;0.0;0.0;0.0;0.001289;0.010961
47218;0.328;0.313333;0.188;0.0;0.152;0.0;0.0;0.0;0.0;0.0;0.0;0.0;0.0;0.0;0.012;0.006667
47219;0.428571;0.357143;0.214286;0.0;0.0;0.0;0.0;0.0;0.0;0.0;0.0;0.0;0.0;0.0;0.0;0.0
47220;0.22807;0.587719;0.157895;0.0;0.017544;0.0;0.0;0.0;0.0;0.0;0.0;0.0;0.0;0.0;0.008772;0.0
47221;0.25;0.545455;0.181818;0.0;0.022727;0.0;0.0;0.0;0.0;0.0;0.0;0.0;0.0;0.0;0.0;0.0
47222;0.195402;0.505747;0.252874;0.0;0.045977;0.0;0.0;0.0;0.0;0.0;0.0;0.0;0.0;0.0;0.0;0.0
47223;0.301075;0.419355;0.193548;0.0;0.086022;0.0;0.0;0.0;0.0;0.0;0.0;0.0;0.0;0.0;0.0;0.0
47224;0.405405;0.283784;0.243243;0.0;0.067568;0.0;0.0;0.0;0.0;0.0;0.0;0.0;0.0;0.0;0.0;0.0
47225;0.178571;0.553571;0.232143;0.0;0.017857;0.0;0.0;0.0;0.0;0.0;0.0;0.0;0.0;0.0;0.0;0.017857
47226;0.481818;0.309091;0.1;0.0;0.081818;0.0;0.0;0.0;0.0;0.0;0.0;0.0;0.0;0.0;0.009091;0.018182
47227;0.404762;0.309524;0.261905;0.0;0.02381;0.0;0.0;0.0;0.0;0.0;0.0;0.0;0.0;0.0;0.0;0.0
47228;0.259587;0.415929;0.256637;0.0;0.044248;0.0;0.0;0.0;0.0;0.0;0.0;0.0;0.0;0.0;0.017699;0.0059
47229;0.36;0.413333;0.106667;0.0;0.1;0.0;0.0;0.0;0.0;0.0;0.0;0.0;0.0;0.0;0.006667;0.013333
47230;0.281553;0.436893;0.165049;0.0;0.082524;0.0;0.0;0.0;0.0;0.0;0.0;0.0;0.0;0.0;0.019417;0.014563
47231;0.29822;0.415614;0.170494;0.0;0.097589;0.0;0.0;0.0;0.0;0.0;0.0;0.0;0.0;0.0;0.004879;0.013203
47232;0.166667;0.416667;0.285714;0.0;0.107143;0.0;0.0;0.0;0.0;0.0;0.0;0.0;0.0;0.0;0.011905;0.011905
48001;0.24424;0.074501;0.023297;0.0;0.098054;0.0;0.0;0.0;0.21915;0.332053;0.0;0.0;0.0;0.0;0.0;0.008705
48002;0.336047;0.048466;0.023665;0.0;0.134608;0.0;0.0;0.0;0.235328;0.212988;0.0;0.0;0.0;0.0;0.0;0.008898
48003;0.194909;0.043739;0.012385;0.0;0.089247;0.0;0.0;0.0;0.321997;0.329959;0.0;0.0;0.0;0.0;0.0;0.007765
48004;0.013636;0.0;0.0;0.0;0.013636;0.0;0.0;0.0;0.413636;0.559091;0.0;0.0;0.0;0.0;0.0;0.0
48005;0.166667;0.0;0.102564;0.0;0.089744;0.0;0.0;0.0;0.24359;0.384615;0.0;0.0;0.0;0.0;0.0;0.012821
48006;0.095238;0.0;0.012987;0.0;0.038961;0.0;0.0;0.0;0.264069;0.588745;0.0;0.0;0.0;0.0;0.0;0.0
48007;0.052174;0.004348;0.004348;0.0;0.030435;0.0;0.0;0.0;0.273913;0.626087;0.0;0.0;0.0;0.0;0.0;0.008696
48008;0.127764;0.046683;0.019656;0.0;0.137592;0.0;0.0;0.0;0.439803;0.223587;0.0;0.0;0.0;0.0;0.0;0.004914
48009;0.081633;0.035714;0.003401;0.0;0.073129;0.0;0.0;0.0;0.30102;0.501701;0.0;0.0;0.0;0.0;0.0;0.003401
48010;0.057402;0.018127;0.009063;0.0;0.066465;0.0;0.0;0.0;0.450151;0.392749;0.0;0.0;0.0;0.0;0.0;0.006042
48011;0.262333;0.068081;0.019978;0.0;0.124789;0.0;0.0;0.0;0.261872;0.254341;0.0;0.0;0.0;0.0;0.0;0.008606
48012;0.070659;0.033533;0.008383;0.0;0.071856;0.0;0.0;0.0;0.413174;0.396407;0.0;0.0;0.0;0.0;0.0;0.005988
48013;0.384451;0.112007;0.032926;0.0;0.131523;0.0;0.0;0.0;0.192385;0.135454;0.0;0.0;0.0;0.0;0.0;0.011255
48014;0.147395;0.106734;0.022872;0.0;0.090216;0.0;0.0;0.0;0.327827;0.297332;0.0;0.0;0.0;0.0;0.0;0.007624
48015;0.344523;0.095051;0.027326;0.0;0.117659;0.0;0.0;0.0;0.245147;0.159237;0.0;0.0;0.0;0.0;0.0;0.011058
48016;0.196257;0.133711;0.027087;0.0;0.1049;0.0;0.0;0.0;0.312485;0.216449;0.0;0.0;0.0;0.0;0.0;0.009111
48017;0.117062;0.019076;0.006754;0.0;0.062796;0.0;0.0;0.0;0.432938;0.356043;0.0;0.0;0.0;0.0;0.0;0.005332
48018;0.055662;0.009597;0.005758;0.0;0.03071;0.0;0.0;0.0;0.381958;0.512476;0.0;0.0;0.0;0.0;0.0;0.003839
48019;0.219648;0.054054;0.021021;0.0;0.112398;0.0;0.0;0.0;0.26169;0.32175;0.0;0.0;0.0;0.0;0.0;0.009438
48020;0.266105;0.156263;0.032402;0.0;0.120239;0.0;0.0;0.0;0.257763;0.156619;0.0;0.0;0.0;0.0;0.0;0.010609
48021;0.147778;0.03;0.008889;0.0;0.07;0.0;0.0;0.0;0.396667;0.344444;0.0;0.0;0.0;0.0;0.0;0.002222
48022;0.188934;0.052632;0.023617;0.0;0.052632;0.0;0.0;0.0;0.436572;0.242915;0.0;0.0;0.0;0.0;0.0;0.002699
48023;0.058824;0.030501;0.008715;0.0;0.054466;0.0;0.0;0.0;0.43573;0.409586;0.0;0.0;0.0;0.0;0.0;0.002179
48024;0.053691;0.020134;0.002685;0.0;0.056376;0.0;0.0;0.0;0.395973;0.469799;0.0;0.0;0.0;0.0;0.0;0.001342
48025;0.058015;0.010687;0.010687;0.0;0.050382;0.0;0.0;0.0;0.422901;0.445802;0.0;0.0;0.0;0.0;0.0;0.001527
48026;0.032596;0.015134;0.010477;0.0;0.053551;0.0;0.0;0.0;0.321304;0.557625;0.0;0.0;0.0;0.0;0.0;0.009313
48027;0.206901;0.086456;0.018282;0.0;0.098429;0.0;0.0;0.0;0.28267;0.300502;0.0;0.0;0.0;0.0;0.0;0.006759
48028;0.04817;0.013487;0.003854;0.0;0.013487;0.0;0.0;0.0;0.358382;0.554913;0.0;0.0;0.0;0.0;0.0;0.007707
48029;0.334;0.111333;0.037167;0.0;0.139833;0.0;0.0;0.0;0.234;0.131;0.0;0.0;0.0;0.0;0.0;0.012667
48030;0.023256;0.006977;0.004651;0.0;0.027907;0.0;0.0;0.0;0.5;0.434884;0.0;0.0;0.0;0.0;0.0;0.002326
48031;0.022936;0.009174;0.0;0.0;0.027523;0.0;0.0;0.0;0.426606;0.509174;0.0;0.0;0.0;0.0;0.0;0.004587
48032;0.161761;0.058868;0.009811;0.0;0.078239;0.0;0.0;0.0;0.280252;0.404025;0.0;0.0;0.0;0.0;0.0;0.007044
48033;0.037267;0.024845;0.0;0.0;0.099379;0.0;0.0;0.0;0.465839;0.372671;0.0;0.0;0.0;0.0;0.0;0.0
48034;0.362333;0.160602;0.026905;0.0;0.153491;0.0;0.0;0.0;0.127652;0.156809;0.0;0.0;0.0;0.0;0.0;0.012208
48035;0.055375;0.042345;0.013029;0.0;0.061889;0.0;0.0;0.0;0.407166;0.416938;0.0;0.0;0.0;0.0;0.0;0.003257
48036;0.245528;0.079777;0.026487;0.0;0.104305;0.0;0.0;0.0;0.268475;0.26544;0.0;0.0;0.0;0.0;0.0;0.009988
48037;0.132924;0.034765;0.010225;0.0;0.096115;0.0;0.0;0.0;0.396728;0.323108;0.0;0.0;0.0;0.0;0.0;0.006135
48038;0.065089;0.039053;0.009467;0.0;0.067456;0.0;0.0;0.0;0.452071;0.364497;0.0;0.0;0.0;0.0;0.0;0.002367
48039;0.035714;0.0625;0.004464;0.0;0.035714;0.0;0.0;0.0;0.419643;0.424107;0.0;0.0;0.0;0.0;0.0;0.017857
48040;0.081858;0.042035;0.012168;0.0;0.073009;0.0;0.0;0.0;0.446903;0.336283;0.0;0.0;0.0;0.0;0.0;0.007743
48041;0.083618;0.02901;0.011945;0.0;0.068259;0.0;0.0;0.0;0.418089;0.383959;0.0;0.0;0.0;0.0;0.0;0.005119
48042;0.14313;0.099237;0.021947;0.0;0.107824;0.0;0.0;0.0;0.456107;0.168893;0.0;0.0;0.0;0.0;0.0;0.002863
48043;0.14118;0.072791;0.013208;0.0;0.107426;0.0;0.0;0.0;0.376871;0.281186;0.0;0.0;0.0;0.0;0.0;0.007338
48044;0.177901;0.252649;0.032765;0.0;0.08381;0.0;0.0;0.0;0.284781;0.161473;0.0;0.0;0.0;0.0;0.0;0.006621
48045;0.218425;0.052761;0.021323;0.0;0.09158;0.0;0.0;0.0;0.360033;0.243302;0.0;0.0;0.0;0.0;0.0;0.012575
48046;0.140771;0.040041;0.01118;0.0;0.069587;0.0;0.0;0.0;0.367328;0.366073;0.0;0.0;0.0;0.0;0.0;0.005019
48047;0.042105;0.0;0.0;0.0;0.031579;0.0;0.0;0.0;0.242105;0.684211;0.0;0.0;0.0;0.0;0.0;0.0
48048;0.055679;0.026726;0.006682;0.0;0.066815;0.0;0.0;0.0;0.387528;0.454343;0.0;0.0;0.0;0.0;0.0;0.002227
48049;0.036446;0.009112;0.0;0.0;0.061503;0.0;0.0;0.0;0.425968;0.460137;0.0;0.0;0.0;0.0;0.0;0.006834
48050;0.049587;0.008264;0.016529;0.0;0.041322;0.0;0.0;0.0;0.322314;0.553719;0.0;0.0;0.0;0.0;0.0;0.008264
48051;0.230769;0.083916;0.027972;0.0;0.083916;0.0;0.0;0.0;0.328671;0.244755;0.0;0.0;0.0;0.0;0.0;0.0
48052;0.051591;0.029235;0.012038;0.0;0.062769;0.0;0.0;0.0;0.286328;0.552021;0.0;0.0;0.0;0.0;0.0;0.006019
48053;0.087671;0.184932;0.024658;0.0;0.045205;0.0;0.0;0.0;0.456164;0.193151;0.0;0.0;0.0;0.0;0.0;0.008219
48054;0.255662;0.142362;0.030333;0.0;0.124451;0.0;0.0;0.0;0.279871;0.157846;0.0;0.0;0.0;0.0;0.0;0.009475
48055;0.13263;0.04606;0.022752;0.0;0.072697;0.0;0.0;0.0;0.400111;0.31465;0.0;0.0;0.0;0.0;0.0;0.011099
48056;0.062583;0.019973;0.011984;0.0;0.11984;0.0;0.0;0.0;0.391478;0.387483;0.0;0.0;0.0;0.0;0.0;0.006658
48057;0.056705;0.014845;0.002434;0.0;0.04405;0.0;0.0;0.0;0.357508;0.523242;0.0;0.0;0.0;0.0;0.0;0.001217
48058;0.155556;0.036508;0.014286;0.0;0.066667;0.0;0.0;0.0;0.261905;0.45873;0.0;0.0;0.0;0.0;0.0;0.006349
48059;0.064309;0.028939;0.003215;0.0;0.022508;0.0;0.0;0.0;0.40836;0.472669;0.0;0.0;0.0;0.0;0.0;0.0
48060;0.067164;0.025022;0.00439;0.0;0.057507;0.0;0.0;0.0;0.401229;0.441176;0.0;0.0;0.0;0.0;0.0;0.003512
48061;0.108192;0.05255;0.02473;0.0;0.109737;0.0;0.0;0.0;0.398764;0.299845;0.0;0.0;0.0;0.0;0.0;0.006182
48062;0.048583;0.008097;0.004049;0.0;0.05668;0.0;0.0;0.0;0.421053;0.453441;0.0;0.0;0.0;0.0;0.0;0.008097
48063;0.059055;0.019685;0.003937;0.0;0.059055;0.0;0.0;0.0;0.346457;0.5;0.0;0.0;0.0;0.0;0.0;0.011811
48064;0.057495;0.026694;0.002053;0.0;0.065708;0.0;0.0;0.0;0.340862;0.498973;0.0;0.0;0.0;0.0;0.0;0.008214
48065;0.200532;0.051908;0.010648;0.0;0.103815;0.0;0.0;0.0;0.317657;0.306566;0.0;0.0;0.0;0.0;0.0;0.008873
48066;0.043956;0.014652;0.014652;0.0;0.080586;0.0;0.0;0.0;0.520147;0.318681;0.0;0.0;0.0;0.0;0.0;0.007326
48067;0.056763;0.014493;0.0;0.0;0.06401;0.0;0.0;0.0;0.339372;0.521739;0.0;0.0;0.0;0.0;0.0;0.003623
48068;0.068021;0.027385;0.001767;0.0;0.05477;0.0;0.0;0.0;0.461131;0.378975;0.0;0.0;0.0;0.0;0.0;0.007951
48069;0.149889;0.103761;0.025221;0.0;0.09292;0.0;0.0;0.0;0.380088;0.241814;0.0;0.0;0.0;0.0;0.0;0.006305
48070;0.034268;0.015576;0.0;0.0;0.037383;0.0;0.0;0.0;0.214953;0.697819;0.0;0.0;0.0;0.0;0.0;0.0
48071;0.364116;0.049652;0.021348;0.0;0.079875;0.0;0.0;0.0;0.290957;0.186855;0.0;0.0;0.0;0.0;0.0;0.007196
48072;0.060514;0.022693;0.001513;0.0;0.022693;0.0;0.0;0.0;0.322239;0.558245;0.0;0.0;0.0;0.0;0.0;0.012103
48073;0.07439;0.027637;0.006449;0.0;0.061723;0.0;0.0;0.0;0.324965;0.500461;0.0;0.0;0.0;0.0;0.0;0.004376
48074;0.178076;0.056376;0.025056;0.0;0.085459;0.0;0.0;0.0;0.348098;0.303356;0.0;0.0;0.0;0.0;0.0;0.003579
48075;0.110731;0.0581;0.021189;0.0;0.084757;0.0;0.0;0.0;0.369788;0.350649;0.0;0.0;0.0;0.0;0.0;0.004785
48076;0.077586;0.043103;0.025862;0.0;0.043103;0.0;0.0;0.0;0.551724;0.25431;0.0;0.0;0.0;0.0;0.0;0.00431
48077;0.151789;0.090909;0.020568;0.0;0.095023;0.0;0.0;0.0;0.341835;0.292884;0.0;0.0;0.0;0.0;0.0;0.006993
48078;0.392503;0.108514;0.024908;0.0;0.124787;0.0;0.0;0.0;0.198348;0.141974;0.0;0.0;0.0;0.0;0.0;0.008967
48079;0.058632;0.013029;0.009772;0.0;0.058632;0.0;0.0;0.0;0.442997;0.416938;0.0;0.0;0.0;0.0;0.0;0.0
48080;0.396833;0.063499;0.025735;0.0;0.11436;0.0;0.0;0.0;0.21471;0.176945;0.0;0.0;0.0;0.0;0.0;0.007918
48081;0.117036;0.043629;0.014543;0.0;0.062327;0.0;0.0;0.0;0.493767;0.264543;0.0;0.0;0.0;0.0;0.0;0.004155
48082;0.351167;0.091798;0.024696;0.0;0.127712;0.0;0.0;0.0;0.209073;0.186555;0.0;0.0;0.0;0.0;0.0;0.008999
48083;0.369411;0.052457;0.02147;0.0;0.149845;0.0;0.0;0.0;0.208499;0.1888;0.0;0.0;0.0;0.0;0.0;0.009517
48084;0.402127;0.081768;0.023836;0.0;0.137286;0.0;0.0;0.0;0.176435;0.166403;0.0;0.0;0.0;0.0;0.0;0.012145
48085;0.188442;0.076364;0.016234;0.0;0.133766;0.0;0.0;0.0;0.300909;0.275974;0.0;0.0;0.0;0.0;0.0;0.008312
48086;0.202182;0.061091;0.024727;0.0;0.152;0.0;0.0;0.0;0.276364;0.273455;0.0;0.0;0.0;0.0;0.0;0.010182
48087;0.136905;0.068452;0.044643;0.0;0.059524;0.0;0.0;0.0;0.532738;0.157738;0.0;0.0;0.0;0.0;0.0;0.0
48088;0.074468;0.010638;0.0;0.0;0.106383;0.0;0.0;0.0;0.191489;0.617021;0.0;0.0;0.0;0.0;0.0;0.0
48089;0.164189;0.067393;0.019822;0.0;0.139742;0.0;0.0;0.0;0.311199;0.28477;0.0;0.0;0.0;0.0;0.0;0.012884
48090;0.292648;0.074003;0.021864;0.0;0.090341;0.0;0.0;0.0;0.344065;0.170831;0.0;0.0;0.0;0.0;0.0;0.006247
48091;0.170564;0.033012;0.004127;0.0;0.059147;0.0;0.0;0.0;0.287483;0.43879;0.0;0.0;0.0;0.0;0.0;0.006878
48092;0.124161;0.04698;0.028523;0.0;0.097315;0.0;0.0;0.0;0.484899;0.208054;0.0;0.0;0.0;0.0;0.0;0.010067
48093;0.089666;0.045593;0.013678;0.0;0.054711;0.0;0.0;0.0;0.346505;0.43617;0.0;0.0;0.0;0.0;0.0;0.013678
48094;0.117057;0.023411;0.013856;0.0;0.05829;0.0;0.0;0.0;0.414716;0.369804;0.0;0.0;0.0;0.0;0.0;0.002867
48095;0.259891;0.071623;0.017053;0.0;0.082538;0.0;0.0;0.0;0.229877;0.332196;0.0;0.0;0.0;0.0;0.0;0.006821
48096;0.233383;0.0567;0.023784;0.0;0.090253;0.0;0.0;0.0;0.396475;0.189425;0.0;0.0;0.0;0.0;0.0;0.009981
48097;0.208382;0.058207;0.016298;0.0;0.09546;0.0;0.0;0.0;0.291036;0.315483;0.0;0.0;0.0;0.0;0.0;0.015134
48901;0.26484;0.08058;0.025517;0.0;0.111738;0.0;0.0;0.0;0.301907;0.203868;0.0;0.0;0.0;0.0;0.0;0.01155
48902;0.31975;0.07698;0.026454;0.0;0.112307;0.0;0.0;0.0;0.2721;0.181318;0.0;0.0;0.0;0.0;0.0;0.011091
48903;0.118939;0.124242;0.027273;0.0;0.064394;0.0;0.0;0.0;0.49697;0.164394;0.0;0.0;0.0;0.0;0.0;0.003788
48904;0.178476;0.094983;0.020682;0.0;0.091153;0.0;0.0;0.0;0.390272;0.216775;0.0;0.0;0.0;0.0;0.0;0.00766
48905;0.18192;0.040179;0.015067;0.0;0.074219;0.0;0.0;0.0;0.381138;0.299107;0.0;0.0;0.0;0.0;0.0;0.008371
48906;0.084229;0.023297;0.003584;0.0;0.039427;0.0;0.0;0.0;0.458781;0.385305;0.0;0.0;0.0;0.0;0.0;0.005376
48907;0.017422;0.006969;0.0;0.0;0.052265;0.0;0.0;0.0;0.519164;0.404181;0.0;0.0;0.0;0.0;0.0;0.0
48908;0.087137;0.008299;0.008299;0.0;0.029046;0.0;0.0;0.0;0.460581;0.40249;0.0;0.0;0.0;0.0;0.0;0.004149
48909;0.018868;0.0;0.0;0.0;0.044025;0.0;0.0;0.0;0.295597;0.641509;0.0;0.0;0.0;0.0;0.0;0.0
48910;0.245736;0.074094;0.018657;0.0;0.08209;0.0;0.0;0.0;0.272388;0.302239;0.0;0.0;0.0;0.0;0.0;0.004797
48911;0.01773;0.007092;0.0;0.0;0.035461;0.0;0.0;0.0;0.27305;0.666667;0.0;0.0;0.0;0.0;0.0;0.0
48912;0.216099;0.06192;0.027245;0.0;0.088545;0.0;0.0;0.0;0.317028;0.279876;0.0;0.0;0.0;0.0;0.0;0.009288
48913;0.158235;0.058127;0.03014;0.0;0.074273;0.0;0.0;0.0;0.362756;0.308934;0.0;0.0;0.0;0.0;0.0;0.007535
48914;0.030189;0.003774;0.003774;0.0;0.037736;0.0;0.0;0.0;0.498113;0.422642;0.0;0.0;0.0;0.0;0.0;0.003774
48915;0.050459;0.018349;0.0;0.0;0.022936;0.0;0.0;0.0;0.321101;0.587156;0.0;0.0;0.0;0.0;0.0;0.0
49002;0.488372;0.488372;0.0;0.0;0.023256;0.0;0.0;0.0;0.0;0.0;0.0;0.0;0.0;0.0;0.0;0.0
49003;0.27673;0.548742;0.122642;0.0;0.034591;0.0;0.0;0.0;0.0;0.0;0.0;0.0;0.0;0.0;0.0;0.017296
49004;0.236111;0.388889;0.208333;0.0;0.083333;0.0;0.0;0.0;0.0;0.0;0.0;0.0;0.0;0.0;0.0;0.083333
49005;0.294118;0.388235;0.282353;0.0;0.035294;0.0;0.0;0.0;0.0;0.0;0.0;0.0;0.0;0.0;0.0;0.0
49006;0.323529;0.480392;0.107843;0.0;0.04902;0.0;0.0;0.0;0.0;0.0;0.0;0.0;0.0;0.0;0.0;0.039216
49007;0.359073;0.355212;0.19305;0.0;0.046332;0.0;0.0;0.0;0.0;0.0;0.0;0.0;0.0;0.0;0.0;0.046332
49008;0.347015;0.391791;0.231343;0.0;0.018657;0.0;0.0;0.0;0.0;0.0;0.0;0.0;0.0;0.0;0.0;0.011194
49009;0.237762;0.496503;0.202797;0.0;0.045455;0.0;0.0;0.0;0.0;0.0;0.0;0.0;0.0;0.0;0.0;0.017483
49010;0.369403;0.373134;0.108209;0.0;0.085821;0.0;0.0;0.0;0.0;0.0;0.0;0.0;0.0;0.0;0.0;0.063433
49011;0.187919;0.57047;0.147651;0.0;0.067114;0.0;0.0;0.0;0.0;0.0;0.0;0.0;0.0;0.0;0.0;0.026846
49012;0.292683;0.536585;0.04878;0.0;0.073171;0.0;0.0;0.0;0.0;0.0;0.0;0.0;0.0;0.0;0.0;0.04878
49013;0.367742;0.419355;0.206452;0.0;0.0;0.0;0.0;0.0;0.0;0.0;0.0;0.0;0.0;0.0;0.0;0.006452
49014;0.329268;0.5;0.097561;0.0;0.04878;0.0;0.0;0.0;0.0;0.0;0.0;0.0;0.0;0.0;0.0;0.02439
49015;0.335443;0.512658;0.037975;0.0;0.0;0.0;0.0;0.0;0.0;0.0;0.0;0.0;0.0;0.0;0.0;0.113924
49016;0.283019;0.389937;0.220126;0.0;0.069182;0.0;0.0;0.0;0.0;0.0;0.0;0.0;0.0;0.0;0.0;0.037736
49017;0.172043;0.677419;0.102151;0.0;0.016129;0.0;0.0;0.0;0.0;0.0;0.0;0.0;0.0;0.0;0.0;0.032258
49018;0.373206;0.488038;0.105263;0.0;0.023923;0.0;0.0;0.0;0.0;0.0;0.0;0.0;0.0;0.0;0.0;0.009569
49019;0.337209;0.5;0.087209;0.0;0.023256;0.0;0.0;0.0;0.0;0.0;0.0;0.0;0.0;0.0;0.0;0.052326
49020;0.336788;0.419689;0.129534;0.0;0.098446;0.0;0.0;0.0;0.0;0.0;0.0;0.0;0.0;0.0;0.0;0.015544
49021;0.355115;0.433315;0.132726;0.0;0.060204;0.0;0.0;0.0;0.0;0.0;0.0;0.0;0.0;0.0;0.0;0.01864
49022;0.441748;0.349515;0.15534;0.0;0.029126;0.0;0.0;0.0;0.0;0.0;0.0;0.0;0.0;0.0;0.0;0.024272
49023;0.257911;0.52057;0.175633;0.0;0.030063;0.0;0.0;0.0;0.0;0.0;0.0;0.0;0.0;0.0;0.0;0.015823
49024;0.258581;0.528604;0.169336;0.0;0.029748;0.0;0.0;0.0;0.0;0.0;0.0;0.0;0.0;0.0;0.0;0.01373
49025;0.40458;0.419847;0.076336;0.0;0.061069;0.0;0.0;0.0;0.0;0.0;0.0;0.0;0.0;0.0;0.0;0.038168
49026;0.416667;0.458333;0.090278;0.0;0.020833;0.0;0.0;0.0;0.0;0.0;0.0;0.0;0.0;0.0;0.0;0.013889
49027;0.150685;0.726027;0.082192;0.0;0.027397;0.0;0.0;0.0;0.0;0.0;0.0;0.0;0.0;0.0;0.0;0.013699
49028;0.204819;0.638554;0.108434;0.0;0.012048;0.0;0.0;0.0;0.0;0.0;0.0;0.0;0.0;0.0;0.0;0.036145
49029;0.190367;0.555046;0.190367;0.0;0.03211;0.0;0.0;0.0;0.0;0.0;0.0;0.0;0.0;0.0;0.0;0.03211
49030;0.140625;0.640625;0.140625;0.0;0.0625;0.0;0.0;0.0;0.0;0.0;0.0;0.0;0.0;0.0;0.0;0.015625
49031;0.192308;0.625;0.076923;0.0;0.076923;0.0;0.0;0.0;0.0;0.0;0.0;0.0;0.0;0.0;0.0;0.028846
49032;0.296482;0.542714;0.120603;0.0;0.01005;0.0;0.0;0.0;0.0;0.0;0.0;0.0;0.0;0.0;0.0;0.030151
49033;0.298246;0.517544;0.107456;0.0;0.052632;0.0;0.0;0.0;0.0;0.0;0.0;0.0;0.0;0.0;0.0;0.024123
49034;0.27707;0.512739;0.16242;0.0;0.028662;0.0;0.0;0.0;0.0;0.0;0.0;0.0;0.0;0.0;0.0;0.019108
49035;0.403614;0.391566;0.174699;0.0;0.03012;0.0;0.0;0.0;0.0;0.0;0.0;0.0;0.0;0.0;0.0;0.0
49036;0.341935;0.445161;0.145161;0.0;0.03871;0.0;0.0;0.0;0.0;0.0;0.0;0.0;0.0;0.0;0.0;0.029032
49037;0.232;0.584;0.104;0.0;0.04;0.0;0.0;0.0;0.0;0.0;0.0;0.0;0.0;0.0;0.0;0.04
49038;0.378788;0.393939;0.181818;0.0;0.015152;0.0;0.0;0.0;0.0;0.0;0.0;0.0;0.0;0.0;0.0;0.030303
49039;0.327434;0.353982;0.247788;0.0;0.048673;0.0;0.0;0.0;0.0;0.0;0.0;0.0;0.0;0.0;0.0;0.022124
49040;0.482759;0.37931;0.08046;0.0;0.057471;0.0;0.0;0.0;0.0;0.0;0.0;0.0;0.0;0.0;0.0;0.0
49041;0.425743;0.392739;0.115512;0.0;0.056106;0.0;0.0;0.0;0.0;0.0;0.0;0.0;0.0;0.0;0.0;0.009901
49042;0.248485;0.478788;0.151515;0.0;0.066667;0.0;0.0;0.0;0.0;0.0;0.0;0.0;0.0;0.0;0.0;0.054545
49043;0.398936;0.468085;0.074468;0.0;0.037234;0.0;0.0;0.0;0.0;0.0;0.0;0.0;0.0;0.0;0.0;0.021277
49044;0.354839;0.435484;0.129032;0.0;0.048387;0.0;0.0;0.0;0.0;0.0;0.0;0.0;0.0;0.0;0.0;0.032258
49046;0.298246;0.461988;0.146199;0.0;0.05848;0.0;0.0;0.0;0.0;0.0;0.0;0.0;0.0;0.0;0.0;0.035088
49047;0.176471;0.573529;0.205882;0.0;0.029412;0.0;0.0;0.0;0.0;0.0;0.0;0.0;0.0;0.0;0.0;0.014706
49048;0.127907;0.662791;0.093023;0.0;0.081395;0.0;0.0;0.0;0.0;0.0;0.0;0.0;0.0;0.0;0.0;0.034884
49050;0.223242;0.574924;0.12844;0.0;0.061162;0.0;0.0;0.0;0.0;0.0;0.0;0.0;0.0;0.0;0.0;0.012232
49052;0.290323;0.467742;0.217742;0.0;0.016129;0.0;0.0;0.0;0.0;0.0;0.0;0.0;0.0;0.0;0.0;0.008065
49053;0.397015;0.359701;0.171642;0.0;0.034328;0.0;0.0;0.0;0.0;0.0;0.0;0.0;0.0;0.0;0.0;0.037313
49054;0.309329;0.495908;0.12766;0.0;0.0491;0.0;0.0;0.0;0.0;0.0;0.0;0.0;0.0;0.0;0.0;0.018003
49055;0.298507;0.41791;0.208955;0.0;0.044776;0.0;0.0;0.0;0.0;0.0;0.0;0.0;0.0;0.0;0.0;0.029851
49056;0.377451;0.377451;0.191176;0.0;0.009804;0.0;0.0;0.0;0.0;0.0;0.0;0.0;0.0;0.0;0.0;0.044118
49057;0.290698;0.430233;0.186047;0.0;0.05814;0.0;0.0;0.0;0.0;0.0;0.0;0.0;0.0;0.0;0.0;0.034884
49058;0.321267;0.466063;0.144796;0.0;0.040724;0.0;0.0;0.0;0.0;0.0;0.0;0.0;0.0;0.0;0.0;0.027149
49059;0.169014;0.450704;0.225352;0.0;0.056338;0.0;0.0;0.0;0.0;0.0;0.0;0.0;0.0;0.0;0.0;0.098592
49061;0.342857;0.466667;0.12381;0.0;0.038095;0.0;0.0;0.0;0.0;0.0;0.0;0.0;0.0;0.0;0.0;0.028571
49062;0.315789;0.526316;0.078947;0.0;0.078947;0.0;0.0;0.0;0.0;0.0;0.0;0.0;0.0;0.0;0.0;0.0
49063;0.305556;0.518519;0.125;0.0;0.037037;0.0;0.0;0.0;0.0;0.0;0.0;0.0;0.0;0.0;0.0;0.013889
49064;0.241042;0.534202;0.169381;0.0;0.045603;0.0;0.0;0.0;0.0;0.0;0.0;0.0;0.0;0.0;0.0;0.009772
49065;0.265766;0.492492;0.16967;0.0;0.034535;0.0;0.0;0.0;0.0;0.0;0.0;0.0;0.0;0.0;0.0;0.037538
49066;0.277978;0.487365;0.155235;0.0;0.046931;0.0;0.0;0.0;0.0;0.0;0.0;0.0;0.0;0.0;0.0;0.032491
49067;0.314815;0.5;0.12037;0.0;0.027778;0.0;0.0;0.0;0.0;0.0;0.0;0.0;0.0;0.0;0.0;0.037037
49068;0.282313;0.527211;0.153061;0.0;0.013605;0.0;0.0;0.0;0.0;0.0;0.0;0.0;0.0;0.0;0.0;0.02381
49069;0.240909;0.604545;0.1;0.0;0.027273;0.0;0.0;0.0;0.0;0.0;0.0;0.0;0.0;0.0;0.0;0.027273
49071;0.214876;0.595041;0.132231;0.0;0.039256;0.0;0.0;0.0;0.0;0.0;0.0;0.0;0.0;0.0;0.0;0.018595
49075;0.41573;0.483146;0.078652;0.0;0.022472;0.0;0.0;0.0;0.0;0.0;0.0;0.0;0.0;0.0;0.0;0.0
49076;0.222222;0.521739;0.202899;0.0;0.019324;0.0;0.0;0.0;0.0;0.0;0.0;0.0;0.0;0.0;0.0;0.033816
49077;0.162791;0.651163;0.139535;0.0;0.023256;0.0;0.0;0.0;0.0;0.0;0.0;0.0;0.0;0.0;0.0;0.023256
49078;0.490196;0.441176;0.058824;0.0;0.009804;0.0;0.0;0.0;0.0;0.0;0.0;0.0;0.0;0.0;0.0;0.0
49079;0.203125;0.59375;0.125;0.0;0.0625;0.0;0.0;0.0;0.0;0.0;0.0;0.0;0.0;0.0;0.0;0.015625
49080;0.407745;0.453303;0.082005;0.0;0.045558;0.0;0.0;0.0;0.0;0.0;0.0;0.0;0.0;0.0;0.0;0.01139
49081;0.382204;0.367037;0.171891;0.0;0.059656;0.0;0.0;0.0;0.0;0.0;0.0;0.0;0.0;0.0;0.0;0.019211
49082;0.424242;0.386364;0.132576;0.0;0.05303;0.0;0.0;0.0;0.0;0.0;0.0;0.0;0.0;0.0;0.0;0.003788
49083;0.057143;0.885714;0.028571;0.0;0.028571;0.0;0.0;0.0;0.0;0.0;0.0;0.0;0.0;0.0;0.0;0.0
49084;0.314721;0.411168;0.182741;0.0;0.076142;0.0;0.0;0.0;0.0;0.0;0.0;0.0;0.0;0.0;0.0;0.015228
49085;0.362253;0.458143;0.115677;0.0;0.050228;0.0;0.0;0.0;0.0;0.0;0.0;0.0;0.0;0.0;0.0;0.013699
49086;0.357143;0.357143;0.119048;0.0;0.047619;0.0;0.0;0.0;0.0;0.0;0.0;0.0;0.0;0.0;0.0;0.119048
49087;0.172757;0.601329;0.182724;0.0;0.019934;0.0;0.0;0.0;0.0;0.0;0.0;0.0;0.0;0.0;0.0;0.023256
49088;0.203125;0.546875;0.140625;0.0;0.03125;0.0;0.0;0.0;0.0;0.0;0.0;0.0;0.0;0.0;0.0;0.078125
49090;0.356589;0.511628;0.093023;0.0;0.031008;0.0;0.0;0.0;0.0;0.0;0.0;0.0;0.0;0.0;0.0;0.007752
49091;0.397436;0.442308;0.096154;0.0;0.038462;0.0;0.0;0.0;0.0;0.0;0.0;0.0;0.0;0.0;0.0;0.025641
49092;0.465753;0.479452;0.027397;0.0;0.013699;0.0;0.0;0.0;0.0;0.0;0.0;0.0;0.0;0.0;0.0;0.013699
49093;0.4;0.423256;0.148837;0.0;0.009302;0.0;0.0;0.0;0.0;0.0;0.0;0.0;0.0;0.0;0.0;0.018605
49094;0.304636;0.562914;0.059603;0.0;0.072848;0.0;0.0;0.0;0.0;0.0;0.0;0.0;0.0;0.0;0.0;0.0
49095;0.262136;0.441748;0.199029;0.0;0.067961;0.0;0.0;0.0;0.0;0.0;0.0;0.0;0.0;0.0;0.0;0.029126
49096;0.372727;0.436364;0.145455;0.0;0.036364;0.0;0.0;0.0;0.0;0.0;0.0;0.0;0.0;0.0;0.0;0.009091
49097;0.305085;0.457627;0.118644;0.0;0.067797;0.0;0.0;0.0;0.0;0.0;0.0;0.0;0.0;0.0;0.0;0.050847
49098;0.261905;0.587302;0.095238;0.0;0.039683;0.0;0.0;0.0;0.0;0.0;0.0;0.0;0.0;0.0;0.0;0.015873
49099;0.460317;0.380952;0.126984;0.0;0.015873;0.0;0.0;0.0;0.0;0.0;0.0;0.0;0.0;0.0;0.0;0.015873
49100;0.355;0.455;0.115;0.0;0.07;0.0;0.0;0.0;0.0;0.0;0.0;0.0;0.0;0.0;0.0;0.005
49101;0.147368;0.589474;0.2;0.0;0.052632;0.0;0.0;0.0;0.0;0.0;0.0;0.0;0.0;0.0;0.0;0.010526
49102;0.367521;0.461538;0.119658;0.0;0.008547;0.0;0.0;0.0;0.0;0.0;0.0;0.0;0.0;0.0;0.0;0.042735
49103;0.283077;0.501538;0.175385;0.0;0.021538;0.0;0.0;0.0;0.0;0.0;0.0;0.0;0.0;0.0;0.0;0.018462
49104;0.282353;0.529412;0.07451;0.0;0.023529;0.0;0.0;0.0;0.0;0.0;0.0;0.0;0.0;0.0;0.0;0.090196
49105;0.239583;0.59375;0.145833;0.0;0.020833;0.0;0.0;0.0;0.0;0.0;0.0;0.0;0.0;0.0;0.0;0.0
49107;0.435897;0.423077;0.076923;0.0;0.038462;0.0;0.0;0.0;0.0;0.0;0.0;0.0;0.0;0.0;0.0;0.025641
49108;0.262987;0.525974;0.107143;0.0;0.071429;0.0;0.0;0.0;0.0;0.0;0.0;0.0;0.0;0.0;0.0;0.032468
49109;0.248193;0.554217;0.159036;0.0;0.009639;0.0;0.0;0.0;0.0;0.0;0.0;0.0;0.0;0.0;0.0;0.028916
49110;0.331897;0.439655;0.155172;0.0;0.068966;0.0;0.0;0.0;0.0;0.0;0.0;0.0;0.0;0.0;0.0;0.00431
49111;0.174419;0.616279;0.174419;0.0;0.011628;0.0;0.0;0.0;0.0;0.0;0.0;0.0;0.0;0.0;0.0;0.023256
49112;0.406977;0.465116;0.069767;0.0;0.034884;0.0;0.0;0.0;0.0;0.0;0.0;0.0;0.0;0.0;0.0;0.023256
49113;0.123077;0.6;0.223077;0.0;0.030769;0.0;0.0;0.0;0.0;0.0;0.0;0.0;0.0;0.0;0.0;0.023077
49114;0.384615;0.384615;0.076923;0.0;0.076923;0.0;0.0;0.0;0.0;0.0;0.0;0.0;0.0;0.0;0.0;0.076923
49115;0.307692;0.555556;0.102564;0.0;0.017094;0.0;0.0;0.0;0.0;0.0;0.0;0.0;0.0;0.0;0.0;0.017094
49116;0.310638;0.476596;0.161702;0.0;0.038298;0.0;0.0;0.0;0.0;0.0;0.0;0.0;0.0;0.0;0.0;0.012766
49117;0.382759;0.489655;0.093103;0.0;0.034483;0.0;0.0;0.0;0.0;0.0;0.0;0.0;0.0;0.0;0.0;0.0
49118;0.290541;0.533784;0.094595;0.0;0.060811;0.0;0.0;0.0;0.0;0.0;0.0;0.0;0.0;0.0;0.0;0.02027
49119;0.440252;0.301887;0.169811;0.0;0.08805;0.0;0.0;0.0;0.0;0.0;0.0;0.0;0.0;0.0;0.0;0.0
49120;0.558824;0.411765;0.029412;0.0;0.0;0.0;0.0;0.0;0.0;0.0;0.0;0.0;0.0;0.0;0.0;0.0
49121;0.281124;0.461847;0.13253;0.0;0.084337;0.0;0.0;0.0;0.0;0.0;0.0;0.0;0.0;0.0;0.0;0.040161
49122;0.292593;0.474074;0.153704;0.0;0.051852;0.0;0.0;0.0;0.0;0.0;0.0;0.0;0.0;0.0;0.0;0.027778
49123;0.385417;0.403646;0.138021;0.0;0.049479;0.0;0.0;0.0;0.0;0.0;0.0;0.0;0.0;0.0;0.0;0.023438
49124;0.296512;0.401163;0.174419;0.0;0.093023;0.0;0.0;0.0;0.0;0.0;0.0;0.0;0.0;0.0;0.0;0.034884
49125;0.347959;0.376531;0.182653;0.0;0.068367;0.0;0.0;0.0;0.0;0.0;0.0;0.0;0.0;0.0;0.0;0.02449
49126;0.291667;0.40625;0.130208;0.0;0.140625;0.0;0.0;0.0;0.0;0.0;0.0;0.0;0.0;0.0;0.0;0.03125
49127;0.292712;0.439665;0.17503;0.0;0.062724;0.0;0.0;0.0;0.0;0.0;0.0;0.0;0.0;0.0;0.0;0.029869
49128;0.350148;0.445104;0.118694;0.0;0.059347;0.0;0.0;0.0;0.0;0.0;0.0;0.0;0.0;0.0;0.0;0.026706
49129;0.465704;0.333935;0.090253;0.0;0.101083;0.0;0.0;0.0;0.0;0.0;0.0;0.0;0.0;0.0;0.0;0.009025
49130;0.308943;0.471545;0.130081;0.0;0.081301;0.0;0.0;0.0;0.0;0.0;0.0;0.0;0.0;0.0;0.0;0.00813
49131;0.308176;0.54717;0.106918;0.0;0.031447;0.0;0.0;0.0;0.0;0.0;0.0;0.0;0.0;0.0;0.0;0.006289
49132;0.246512;0.548837;0.139535;0.0;0.018605;0.0;0.0;0.0;0.0;0.0;0.0;0.0;0.0;0.0;0.0;0.046512
49133;0.337017;0.425414;0.165746;0.0;0.033149;0.0;0.0;0.0;0.0;0.0;0.0;0.0;0.0;0.0;0.0;0.038674
49134;0.268293;0.463415;0.130081;0.0;0.130081;0.0;0.0;0.0;0.0;0.0;0.0;0.0;0.0;0.0;0.0;0.00813
49135;0.281726;0.454315;0.134518;0.0;0.040609;0.0;0.0;0.0;0.0;0.0;0.0;0.0;0.0;0.0;0.0;0.088832
49136;0.187215;0.598174;0.155251;0.0;0.031963;0.0;0.0;0.0;0.0;0.0;0.0;0.0;0.0;0.0;0.0;0.027397
49137;0.336;0.488;0.144;0.0;0.016;0.0;0.0;0.0;0.0;0.0;0.0;0.0;0.0;0.0;0.0;0.016
49138;0.257576;0.477273;0.219697;0.0;0.030303;0.0;0.0;0.0;0.0;0.0;0.0;0.0;0.0;0.0;0.0;0.015152
49139;0.340741;0.4;0.22963;0.0;0.02963;0.0;0.0;0.0;0.0;0.0;0.0;0.0;0.0;0.0;0.0;0.0
49141;0.412322;0.383886;0.146919;0.0;0.033175;0.0;0.0;0.0;0.0;0.0;0.0;0.0;0.0;0.0;0.0;0.023697
49142;0.42236;0.335404;0.161491;0.0;0.043478;0.0;0.0;0.0;0.0;0.0;0.0;0.0;0.0;0.0;0.0;0.037267
49143;0.22973;0.567568;0.162162;0.0;0.027027;0.0;0.0;0.0;0.0;0.0;0.0;0.0;0.0;0.0;0.0;0.013514
49145;0.178571;0.607143;0.196429;0.0;0.008929;0.0;0.0;0.0;0.0;0.0;0.0;0.0;0.0;0.0;0.0;0.008929
49146;0.454082;0.418367;0.086735;0.0;0.035714;0.0;0.0;0.0;0.0;0.0;0.0;0.0;0.0;0.0;0.0;0.005102
49147;0.299435;0.497175;0.180791;0.0;0.00565;0.0;0.0;0.0;0.0;0.0;0.0;0.0;0.0;0.0;0.0;0.016949
49148;0.341463;0.390244;0.203252;0.0;0.04065;0.0;0.0;0.0;0.0;0.0;0.0;0.0;0.0;0.0;0.0;0.02439
49149;0.203187;0.613546;0.123506;0.0;0.035857;0.0;0.0;0.0;0.0;0.0;0.0;0.0;0.0;0.0;0.0;0.023904
49150;0.404494;0.505618;0.078652;0.0;0.0;0.0;0.0;0.0;0.0;0.0;0.0;0.0;0.0;0.0;0.0;0.011236
49151;0.434091;0.352273;0.118182;0.0;0.052273;0.0;0.0;0.0;0.0;0.0;0.0;0.0;0.0;0.0;0.0;0.043182
49152;0.221453;0.529412;0.16609;0.0;0.051903;0.0;0.0;0.0;0.0;0.0;0.0;0.0;0.0;0.0;0.0;0.031142
49153;0.26087;0.486957;0.2;0.0;0.017391;0.0;0.0;0.0;0.0;0.0;0.0;0.0;0.0;0.0;0.0;0.034783
49154;0.616667;0.233333;0.066667;0.0;0.066667;0.0;0.0;0.0;0.0;0.0;0.0;0.0;0.0;0.0;0.0;0.016667
49155;0.123288;0.547945;0.123288;0.0;0.041096;0.0;0.0;0.0;0.0;0.0;0.0;0.0;0.0;0.0;0.0;0.164384
49156;0.316129;0.387097;0.16129;0.0;0.045161;0.0;0.0;0.0;0.0;0.0;0.0;0.0;0.0;0.0;0.0;0.090323
49157;0.24031;0.511628;0.139535;0.0;0.085271;0.0;0.0;0.0;0.0;0.0;0.0;0.0;0.0;0.0;0.0;0.023256
49158;0.496855;0.396226;0.050314;0.0;0.031447;0.0;0.0;0.0;0.0;0.0;0.0;0.0;0.0;0.0;0.0;0.025157
49159;0.417582;0.395604;0.093407;0.0;0.054945;0.0;0.0;0.0;0.0;0.0;0.0;0.0;0.0;0.0;0.0;0.038462
49160;0.458333;0.375;0.041667;0.0;0.125;0.0;0.0;0.0;0.0;0.0;0.0;0.0;0.0;0.0;0.0;0.0
49162;0.432836;0.402985;0.052239;0.0;0.052239;0.0;0.0;0.0;0.0;0.0;0.0;0.0;0.0;0.0;0.0;0.059701
49163;0.294118;0.522059;0.110294;0.0;0.051471;0.0;0.0;0.0;0.0;0.0;0.0;0.0;0.0;0.0;0.0;0.022059
49164;0.505155;0.350515;0.113402;0.0;0.020619;0.0;0.0;0.0;0.0;0.0;0.0;0.0;0.0;0.0;0.0;0.010309
49165;0.291667;0.416667;0.229167;0.0;0.041667;0.0;0.0;0.0;0.0;0.0;0.0;0.0;0.0;0.0;0.0;0.020833
49166;0.354875;0.413832;0.108844;0.0;0.105442;0.0;0.0;0.0;0.0;0.0;0.0;0.0;0.0;0.0;0.0;0.017007
49167;0.369565;0.485507;0.072464;0.0;0.050725;0.0;0.0;0.0;0.0;0.0;0.0;0.0;0.0;0.0;0.0;0.021739
49168;0.231884;0.521739;0.202899;0.0;0.028986;0.0;0.0;0.0;0.0;0.0;0.0;0.0;0.0;0.0;0.0;0.014493
49169;0.363636;0.484848;0.090909;0.0;0.030303;0.0;0.0;0.0;0.0;0.0;0.0;0.0;0.0;0.0;0.0;0.030303
49170;0.328358;0.522388;0.104478;0.0;0.0;0.0;0.0;0.0;0.0;0.0;0.0;0.0;0.0;0.0;0.0;0.044776
49171;0.341743;0.518349;0.091743;0.0;0.029817;0.0;0.0;0.0;0.0;0.0;0.0;0.0;0.0;0.0;0.0;0.018349
49172;0.204969;0.658385;0.096273;0.0;0.009317;0.0;0.0;0.0;0.0;0.0;0.0;0.0;0.0;0.0;0.0;0.031056
49173;0.311111;0.588889;0.066667;0.0;0.016667;0.0;0.0;0.0;0.0;0.0;0.0;0.0;0.0;0.0;0.0;0.016667
49174;0.289855;0.565217;0.115942;0.0;0.028986;0.0;0.0;0.0;0.0;0.0;0.0;0.0;0.0;0.0;0.0;0.0
49175;0.369863;0.465753;0.150685;0.0;0.013699;0.0;0.0;0.0;0.0;0.0;0.0;0.0;0.0;0.0;0.0;0.0
49176;0.190476;0.66416;0.107769;0.0;0.022556;0.0;0.0;0.0;0.0;0.0;0.0;0.0;0.0;0.0;0.0;0.015038
49177;0.412162;0.344595;0.121622;0.0;0.060811;0.0;0.0;0.0;0.0;0.0;0.0;0.0;0.0;0.0;0.0;0.060811
49178;0.262664;0.422139;0.221388;0.0;0.050657;0.0;0.0;0.0;0.0;0.0;0.0;0.0;0.0;0.0;0.0;0.043152
49179;0.271967;0.476987;0.154812;0.0;0.079498;0.0;0.0;0.0;0.0;0.0;0.0;0.0;0.0;0.0;0.0;0.016736
49180;0.177778;0.488889;0.211111;0.0;0.1;0.0;0.0;0.0;0.0;0.0;0.0;0.0;0.0;0.0;0.0;0.022222
49181;0.303318;0.616114;0.033175;0.0;0.037915;0.0;0.0;0.0;0.0;0.0;0.0;0.0;0.0;0.0;0.0;0.009479
49183;0.160714;0.589286;0.214286;0.0;0.0;0.0;0.0;0.0;0.0;0.0;0.0;0.0;0.0;0.0;0.0;0.035714
49184;0.198276;0.655172;0.112069;0.0;0.008621;0.0;0.0;0.0;0.0;0.0;0.0;0.0;0.0;0.0;0.0;0.025862
49185;0.162393;0.564103;0.222222;0.0;0.051282;0.0;0.0;0.0;0.0;0.0;0.0;0.0;0.0;0.0;0.0;0.0
49186;0.198864;0.568182;0.170455;0.0;0.039773;0.0;0.0;0.0;0.0;0.0;0.0;0.0;0.0;0.0;0.0;0.022727
49187;0.34897;0.463387;0.153318;0.0;0.025172;0.0;0.0;0.0;0.0;0.0;0.0;0.0;0.0;0.0;0.0;0.009153
49188;0.231884;0.608696;0.115942;0.0;0.028986;0.0;0.0;0.0;0.0;0.0;0.0;0.0;0.0;0.0;0.0;0.014493
49189;0.268116;0.521739;0.123188;0.0;0.065217;0.0;0.0;0.0;0.0;0.0;0.0;0.0;0.0;0.0;0.0;0.021739
49190;0.30303;0.454545;0.151515;0.0;0.0;0.0;0.0;0.0;0.0;0.0;0.0;0.0;0.0;0.0;0.0;0.090909
49191;0.56;0.355;0.05;0.0;0.03;0.0;0.0;0.0;0.0;0.0;0.0;0.0;0.0;0.0;0.0;0.005
49192;0.4;0.413333;0.12;0.0;0.04;0.0;0.0;0.0;0.0;0.0;0.0;0.0;0.0;0.0;0.0;0.026667
49193;0.314079;0.429603;0.184116;0.0;0.043321;0.0;0.0;0.0;0.0;0.0;0.0;0.0;0.0;0.0;0.0;0.028881
49194;0.317536;0.379147;0.194313;0.0;0.066351;0.0;0.0;0.0;0.0;0.0;0.0;0.0;0.0;0.0;0.0;0.042654
49197;0.307692;0.442308;0.134615;0.0;0.057692;0.0;0.0;0.0;0.0;0.0;0.0;0.0;0.0;0.0;0.0;0.057692
49199;0.421687;0.427711;0.084337;0.0;0.060241;0.0;0.0;0.0;0.0;0.0;0.0;0.0;0.0;0.0;0.0;0.006024
49200;0.370044;0.475771;0.091043;0.0;0.048458;0.0;0.0;0.0;0.0;0.0;0.0;0.0;0.0;0.0;0.0;0.014684
49201;0.465116;0.413953;0.046512;0.0;0.046512;0.0;0.0;0.0;0.0;0.0;0.0;0.0;0.0;0.0;0.0;0.027907
49202;0.396694;0.404959;0.132231;0.0;0.041322;0.0;0.0;0.0;0.0;0.0;0.0;0.0;0.0;0.0;0.0;0.024793
49203;0.316832;0.544554;0.123762;0.0;0.009901;0.0;0.0;0.0;0.0;0.0;0.0;0.0;0.0;0.0;0.0;0.00495
49204;0.184211;0.763158;0.052632;0.0;0.0;0.0;0.0;0.0;0.0;0.0;0.0;0.0;0.0;0.0;0.0;0.0
49205;0.215139;0.613546;0.12749;0.0;0.023904;0.0;0.0;0.0;0.0;0.0;0.0;0.0;0.0;0.0;0.0;0.01992
49206;0.316479;0.498127;0.140449;0.0;0.024345;0.0;0.0;0.0;0.0;0.0;0.0;0.0;0.0;0.0;0.0;0.020599
49207;0.30625;0.5125;0.11875;0.0;0.025;0.0;0.0;0.0;0.0;0.0;0.0;0.0;0.0;0.0;0.0;0.0375
49208;0.172414;0.556034;0.099138;0.0;0.025862;0.0;0.0;0.0;0.0;0.0;0.0;0.0;0.0;0.0;0.0;0.146552
49209;0.184028;0.652778;0.079861;0.0;0.013889;0.0;0.0;0.0;0.0;0.0;0.0;0.0;0.0;0.0;0.0;0.069444
49210;0.495575;0.327434;0.115044;0.0;0.047198;0.0;0.0;0.0;0.0;0.0;0.0;0.0;0.0;0.0;0.0;0.014749
49214;0.320755;0.449057;0.167925;0.0;0.039623;0.0;0.0;0.0;0.0;0.0;0.0;0.0;0.0;0.0;0.0;0.022642
49216;0.509615;0.307692;0.086538;0.0;0.096154;0.0;0.0;0.0;0.0;0.0;0.0;0.0;0.0;0.0;0.0;0.0
49219;0.340421;0.409633;0.137123;0.0;0.092428;0.0;0.0;0.0;0.0;0.0;0.0;0.0;0.0;0.0;0.0;0.020395
49220;0.395349;0.360465;0.116279;0.0;0.081395;0.0;0.0;0.0;0.0;0.0;0.0;0.0;0.0;0.0;0.0;0.046512
49221;0.223301;0.417476;0.242718;0.0;0.058252;0.0;0.0;0.0;0.0;0.0;0.0;0.0;0.0;0.0;0.0;0.058252
49222;0.545113;0.218045;0.165414;0.0;0.045113;0.0;0.0;0.0;0.0;0.0;0.0;0.0;0.0;0.0;0.0;0.026316
49223;0.243902;0.643527;0.082552;0.0;0.018762;0.0;0.0;0.0;0.0;0.0;0.0;0.0;0.0;0.0;0.0;0.011257
49224;0.271186;0.423729;0.186441;0.0;0.101695;0.0;0.0;0.0;0.0;0.0;0.0;0.0;0.0;0.0;0.0;0.016949
49225;0.27027;0.513514;0.162162;0.0;0.027027;0.0;0.0;0.0;0.0;0.0;0.0;0.0;0.0;0.0;0.0;0.027027
49226;0.328042;0.444444;0.15873;0.0;0.047619;0.0;0.0;0.0;0.0;0.0;0.0;0.0;0.0;0.0;0.0;0.021164
49227;0.272727;0.438017;0.173554;0.0;0.078512;0.0;0.0;0.0;0.0;0.0;0.0;0.0;0.0;0.0;0.0;0.03719
49228;0.23913;0.565217;0.195652;0.0;0.0;0.0;0.0;0.0;0.0;0.0;0.0;0.0;0.0;0.0;0.0;0.0
49229;0.413793;0.45977;0.091954;0.0;0.011494;0.0;0.0;0.0;0.0;0.0;0.0;0.0;0.0;0.0;0.0;0.022989
49230;0.45;0.433333;0.083333;0.0;0.033333;0.0;0.0;0.0;0.0;0.0;0.0;0.0;0.0;0.0;0.0;0.0
49231;0.276699;0.466019;0.145631;0.0;0.058252;0.0;0.0;0.0;0.0;0.0;0.0;0.0;0.0;0.0;0.0;0.053398
49232;0.283582;0.432836;0.179104;0.0;0.074627;0.0;0.0;0.0;0.0;0.0;0.0;0.0;0.0;0.0;0.0;0.029851
49233;0.181818;0.581818;0.218182;0.0;0.018182;0.0;0.0;0.0;0.0;0.0;0.0;0.0;0.0;0.0;0.0;0.0
49234;0.392857;0.442857;0.092857;0.0;0.035714;0.0;0.0;0.0;0.0;0.0;0.0;0.0;0.0;0.0;0.0;0.035714
49235;0.312281;0.473684;0.119298;0.0;0.080702;0.0;0.0;0.0;0.0;0.0;0.0;0.0;0.0;0.0;0.0;0.014035
49236;0.208333;0.5625;0.166667;0.0;0.020833;0.0;0.0;0.0;0.0;0.0;0.0;0.0;0.0;0.0;0.0;0.041667
49237;0.287129;0.485149;0.158416;0.0;0.009901;0.0;0.0;0.0;0.0;0.0;0.0;0.0;0.0;0.0;0.0;0.059406
49238;0.336585;0.468293;0.112195;0.0;0.04878;0.0;0.0;0.0;0.0;0.0;0.0;0.0;0.0;0.0;0.0;0.034146
49239;0.446524;0.385027;0.144385;0.0;0.02139;0.0;0.0;0.0;0.0;0.0;0.0;0.0;0.0;0.0;0.0;0.002674
49240;0.312;0.512;0.144;0.0;0.032;0.0;0.0;0.0;0.0;0.0;0.0;0.0;0.0;0.0;0.0;0.0
49241;0.19774;0.514124;0.259887;0.0;0.0;0.0;0.0;0.0;0.0;0.0;0.0;0.0;0.0;0.0;0.0;0.028249
49242;0.256716;0.492537;0.18209;0.0;0.059701;0.0;0.0;0.0;0.0;0.0;0.0;0.0;0.0;0.0;0.0;0.008955
49243;0.189189;0.608108;0.094595;0.0;0.094595;0.0;0.0;0.0;0.0;0.0;0.0;0.0;0.0;0.0;0.0;0.013514
49244;0.117647;0.607843;0.176471;0.0;0.039216;0.0;0.0;0.0;0.0;0.0;0.0;0.0;0.0;0.0;0.0;0.058824
49245;0.195;0.585;0.115;0.0;0.1;0.0;0.0;0.0;0.0;0.0;0.0;0.0;0.0;0.0;0.0;0.005
49246;0.211429;0.674286;0.074286;0.0;0.011429;0.0;0.0;0.0;0.0;0.0;0.0;0.0;0.0;0.0;0.0;0.028571
49247;0.261993;0.594096;0.107011;0.0;0.03321;0.0;0.0;0.0;0.0;0.0;0.0;0.0;0.0;0.0;0.0;0.00369
49248;0.327273;0.436364;0.145455;0.0;0.054545;0.0;0.0;0.0;0.0;0.0;0.0;0.0;0.0;0.0;0.0;0.036364
49249;0.142857;0.653061;0.183673;0.0;0.0;0.0;0.0;0.0;0.0;0.0;0.0;0.0;0.0;0.0;0.0;0.020408
49250;0.28271;0.478972;0.186916;0.0;0.03271;0.0;0.0;0.0;0.0;0.0;0.0;0.0;0.0;0.0;0.0;0.018692
49251;0.293578;0.40367;0.165138;0.0;0.091743;0.0;0.0;0.0;0.0;0.0;0.0;0.0;0.0;0.0;0.0;0.045872
49252;0.405738;0.438525;0.090164;0.0;0.04918;0.0;0.0;0.0;0.0;0.0;0.0;0.0;0.0;0.0;0.0;0.016393
49255;0.243151;0.623288;0.078767;0.0;0.027397;0.0;0.0;0.0;0.0;0.0;0.0;0.0;0.0;0.0;0.0;0.027397
49256;0.291209;0.538462;0.131868;0.0;0.016484;0.0;0.0;0.0;0.0;0.0;0.0;0.0;0.0;0.0;0.0;0.021978
49257;0.293839;0.398104;0.184834;0.0;0.085308;0.0;0.0;0.0;0.0;0.0;0.0;0.0;0.0;0.0;0.0;0.037915
49258;0.322222;0.466667;0.077778;0.0;0.122222;0.0;0.0;0.0;0.0;0.0;0.0;0.0;0.0;0.0;0.0;0.011111
49259;0.196078;0.588235;0.196078;0.0;0.019608;0.0;0.0;0.0;0.0;0.0;0.0;0.0;0.0;0.0;0.0;0.0
49260;0.371608;0.425887;0.146138;0.0;0.029228;0.0;0.0;0.0;0.0;0.0;0.0;0.0;0.0;0.0;0.0;0.02714
49261;0.334576;0.410065;0.145387;0.0;0.082945;0.0;0.0;0.0;0.0;0.0;0.0;0.0;0.0;0.0;0.0;0.027027
49262;0.322222;0.459259;0.122222;0.0;0.066667;0.0;0.0;0.0;0.0;0.0;0.0;0.0;0.0;0.0;0.0;0.02963
49263;0.128205;0.615385;0.230769;0.0;0.025641;0.0;0.0;0.0;0.0;0.0;0.0;0.0;0.0;0.0;0.0;0.0
49264;0.288288;0.537538;0.138138;0.0;0.015015;0.0;0.0;0.0;0.0;0.0;0.0;0.0;0.0;0.0;0.0;0.021021
49265;0.353659;0.487805;0.121951;0.0;0.036585;0.0;0.0;0.0;0.0;0.0;0.0;0.0;0.0;0.0;0.0;0.0
49266;0.318182;0.477273;0.113636;0.0;0.045455;0.0;0.0;0.0;0.0;0.0;0.0;0.0;0.0;0.0;0.0;0.045455
49267;0.302632;0.565789;0.105263;0.0;0.013158;0.0;0.0;0.0;0.0;0.0;0.0;0.0;0.0;0.0;0.0;0.013158
49268;0.174242;0.662879;0.121212;0.0;0.026515;0.0;0.0;0.0;0.0;0.0;0.0;0.0;0.0;0.0;0.0;0.015152
49269;0.310078;0.596899;0.03876;0.0;0.023256;0.0;0.0;0.0;0.0;0.0;0.0;0.0;0.0;0.0;0.0;0.031008
49270;0.45;0.33;0.11;0.0;0.08;0.0;0.0;0.0;0.0;0.0;0.0;0.0;0.0;0.0;0.0;0.03
49271;0.352;0.52;0.064;0.0;0.04;0.0;0.0;0.0;0.0;0.0;0.0;0.0;0.0;0.0;0.0;0.024
49272;0.12963;0.685185;0.111111;0.0;0.037037;0.0;0.0;0.0;0.0;0.0;0.0;0.0;0.0;0.0;0.0;0.037037
49273;0.336538;0.567308;0.048077;0.0;0.038462;0.0;0.0;0.0;0.0;0.0;0.0;0.0;0.0;0.0;0.0;0.009615
49275;0.339486;0.424;0.124077;0.0;0.069838;0.0;0.0;0.0;0.0;0.0;0.0;0.0;0.0;0.0;0.0;0.042599
50001;0.213115;0.672131;0.081967;0.0;0.016393;0.0;0.0;0.0;0.0;0.0;0.0;0.0;0.0;0.0;0.016393;0.0
50002;0.244186;0.616279;0.127907;0.0;0.0;0.0;0.0;0.0;0.0;0.0;0.0;0.0;0.0;0.0;0.011628;0.0
50003;0.409091;0.295455;0.261364;0.0;0.034091;0.0;0.0;0.0;0.0;0.0;0.0;0.0;0.0;0.0;0.0;0.0
50004;0.441341;0.268156;0.170391;0.0;0.111732;0.0;0.0;0.0;0.0;0.0;0.0;0.0;0.0;0.0;0.002793;0.005587
50005;0.164384;0.388128;0.155251;0.0;0.054795;0.0;0.0;0.0;0.0;0.0;0.0;0.0;0.0;0.0;0.237443;0.0
50006;0.434916;0.326187;0.1317;0.0;0.088821;0.0;0.0;0.0;0.0;0.0;0.0;0.0;0.0;0.0;0.009188;0.009188
50007;0.375;0.166667;0.0625;0.0;0.291667;0.0;0.0;0.0;0.0;0.0;0.0;0.0;0.0;0.0;0.0625;0.041667
50008;0.370677;0.282081;0.143755;0.0;0.170906;0.0;0.0;0.0;0.0;0.0;0.0;0.0;0.0;0.0;0.009145;0.023435
50009;0.117647;0.588235;0.117647;0.0;0.147059;0.0;0.0;0.0;0.0;0.0;0.0;0.0;0.0;0.0;0.0;0.029412
50010;0.065574;0.590164;0.147541;0.0;0.131148;0.0;0.0;0.0;0.0;0.0;0.0;0.0;0.0;0.0;0.016393;0.04918
50011;0.40625;0.34375;0.125;0.0;0.114583;0.0;0.0;0.0;0.0;0.0;0.0;0.0;0.0;0.0;0.0;0.010417
50012;0.369231;0.323077;0.092308;0.0;0.215385;0.0;0.0;0.0;0.0;0.0;0.0;0.0;0.0;0.0;0.0;0.0
50013;0.377246;0.317365;0.203593;0.0;0.08982;0.0;0.0;0.0;0.0;0.0;0.0;0.0;0.0;0.0;0.0;0.011976
50014;0.252632;0.284211;0.136842;0.0;0.157895;0.0;0.0;0.0;0.0;0.0;0.0;0.0;0.0;0.0;0.157895;0.010526
50015;0.581818;0.272727;0.054545;0.0;0.090909;0.0;0.0;0.0;0.0;0.0;0.0;0.0;0.0;0.0;0.0;0.0
50016;0.307692;0.461538;0.153846;0.0;0.0;0.0;0.0;0.0;0.0;0.0;0.0;0.0;0.0;0.0;0.051282;0.025641
50017;0.254026;0.339678;0.237921;0.0;0.125183;0.0;0.0;0.0;0.0;0.0;0.0;0.0;0.0;0.0;0.016105;0.027086
50018;0.448758;0.349379;0.158385;0.0;0.034161;0.0;0.0;0.0;0.0;0.0;0.0;0.0;0.0;0.0;0.003106;0.006211
50019;0.183673;0.408163;0.306122;0.0;0.081633;0.0;0.0;0.0;0.0;0.0;0.0;0.0;0.0;0.0;0.0;0.020408
50020;0.323077;0.382692;0.165385;0.0;0.111538;0.0;0.0;0.0;0.0;0.0;0.0;0.0;0.0;0.0;0.011538;0.005769
50021;0.1875;0.6875;0.0625;0.0;0.0;0.0;0.0;0.0;0.0;0.0;0.0;0.0;0.0;0.0;0.0625;0.0
50022;0.357558;0.418605;0.148256;0.0;0.046512;0.0;0.0;0.0;0.0;0.0;0.0;0.0;0.0;0.0;0.005814;0.023256
50023;0.236842;0.611842;0.085526;0.0;0.052632;0.0;0.0;0.0;0.0;0.0;0.0;0.0;0.0;0.0;0.013158;0.0
50024;0.428934;0.30203;0.137056;0.0;0.114213;0.0;0.0;0.0;0.0;0.0;0.0;0.0;0.0;0.0;0.002538;0.015228
50025;0.291306;0.4453;0.147257;0.0;0.09368;0.0;0.0;0.0;0.0;0.0;0.0;0.0;0.0;0.0;0.013154;0.009304
50026;0.435088;0.368421;0.101754;0.0;0.073684;0.0;0.0;0.0;0.0;0.0;0.0;0.0;0.0;0.0;0.010526;0.010526
50027;0.445087;0.260116;0.16185;0.0;0.092486;0.0;0.0;0.0;0.0;0.0;0.0;0.0;0.0;0.0;0.017341;0.023121
50028;0.464789;0.183099;0.239437;0.0;0.070423;0.0;0.0;0.0;0.0;0.0;0.0;0.0;0.0;0.0;0.028169;0.014085
50029;0.533493;0.260766;0.088517;0.0;0.090909;0.0;0.0;0.0;0.0;0.0;0.0;0.0;0.0;0.0;0.011962;0.014354
50030;0.395349;0.364341;0.093023;0.0;0.100775;0.0;0.0;0.0;0.0;0.0;0.0;0.0;0.0;0.0;0.015504;0.031008
50031;0.3625;0.4125;0.125;0.0;0.0875;0.0;0.0;0.0;0.0;0.0;0.0;0.0;0.0;0.0;0.0;0.0125
50032;0.32;0.34;0.106667;0.0;0.2;0.0;0.0;0.0;0.0;0.0;0.0;0.0;0.0;0.0;0.026667;0.006667
50033;0.33871;0.274194;0.080645;0.0;0.193548;0.0;0.0;0.0;0.0;0.0;0.0;0.0;0.0;0.0;0.032258;0.080645
50034;0.419295;0.345083;0.131725;0.0;0.068646;0.0;0.0;0.0;0.0;0.0;0.0;0.0;0.0;0.0;0.022263;0.012987
50035;0.246154;0.061538;0.0;0.0;0.676923;0.0;0.0;0.0;0.0;0.0;0.0;0.0;0.0;0.0;0.0;0.015385
50036;0.287671;0.369863;0.150685;0.0;0.109589;0.0;0.0;0.0;0.0;0.0;0.0;0.0;0.0;0.0;0.068493;0.013699
50037;0.112245;0.489796;0.234694;0.0;0.030612;0.0;0.0;0.0;0.0;0.0;0.0;0.0;0.0;0.0;0.112245;0.020408
50038;0.41608;0.377889;0.078392;0.0;0.103518;0.0;0.0;0.0;0.0;0.0;0.0;0.0;0.0;0.0;0.01206;0.01206
50039;0.390244;0.295393;0.146341;0.0;0.124661;0.0;0.0;0.0;0.0;0.0;0.0;0.0;0.0;0.0;0.00542;0.03794
50040;0.15942;0.565217;0.15942;0.0;0.057971;0.0;0.0;0.0;0.0;0.0;0.0;0.0;0.0;0.0;0.057971;0.0
50041;0.636364;0.090909;0.181818;0.0;0.090909;0.0;0.0;0.0;0.0;0.0;0.0;0.0;0.0;0.0;0.0;0.0
50042;0.2;0.6;0.066667;0.0;0.133333;0.0;0.0;0.0;0.0;0.0;0.0;0.0;0.0;0.0;0.0;0.0
50043;0.291209;0.318681;0.258242;0.0;0.10989;0.0;0.0;0.0;0.0;0.0;0.0;0.0;0.0;0.0;0.010989;0.010989
50044;0.478261;0.253623;0.15942;0.0;0.07971;0.0;0.0;0.0;0.0;0.0;0.0;0.0;0.0;0.0;0.014493;0.014493
50045;0.288703;0.412134;0.183054;0.0;0.088912;0.0;0.0;0.0;0.0;0.0;0.0;0.0;0.0;0.0;0.013598;0.013598
50046;0.32381;0.4;0.161905;0.0;0.066667;0.0;0.0;0.0;0.0;0.0;0.0;0.0;0.0;0.0;0.009524;0.038095
50047;0.346154;0.423077;0.115385;0.0;0.115385;0.0;0.0;0.0;0.0;0.0;0.0;0.0;0.0;0.0;0.0;0.0
50048;0.32;0.16;0.04;0.0;0.16;0.0;0.0;0.0;0.0;0.0;0.0;0.0;0.0;0.0;0.32;0.0
50050;0.430556;0.222222;0.166667;0.0;0.111111;0.0;0.0;0.0;0.0;0.0;0.0;0.0;0.0;0.0;0.027778;0.041667
50051;0.451376;0.381651;0.100917;0.0;0.062385;0.0;0.0;0.0;0.0;0.0;0.0;0.0;0.0;0.0;0.0;0.00367
50052;0.238095;0.634921;0.063492;0.0;0.047619;0.0;0.0;0.0;0.0;0.0;0.0;0.0;0.0;0.0;0.015873;0.0
50053;0.375839;0.41387;0.127517;0.0;0.069351;0.0;0.0;0.0;0.0;0.0;0.0;0.0;0.0;0.0;0.006711;0.006711
50054;0.285714;0.452381;0.071429;0.0;0.119048;0.0;0.0;0.0;0.0;0.0;0.0;0.0;0.0;0.0;0.0;0.071429
50055;0.302062;0.353821;0.169834;0.0;0.13708;0.0;0.0;0.0;0.0;0.0;0.0;0.0;0.0;0.0;0.010109;0.027093
50056;0.325444;0.322485;0.215976;0.0;0.097633;0.0;0.0;0.0;0.0;0.0;0.0;0.0;0.0;0.0;0.017751;0.02071
50057;0.306769;0.43559;0.16048;0.0;0.058952;0.0;0.0;0.0;0.0;0.0;0.0;0.0;0.0;0.0;0.012009;0.026201
50058;0.244444;0.511111;0.088889;0.0;0.022222;0.0;0.0;0.0;0.0;0.0;0.0;0.0;0.0;0.0;0.066667;0.066667
50059;0.359431;0.357651;0.170819;0.0;0.097865;0.0;0.0;0.0;0.0;0.0;0.0;0.0;0.0;0.0;0.007117;0.007117
50060;0.266667;0.325926;0.237037;0.0;0.125926;0.0;0.0;0.0;0.0;0.0;0.0;0.0;0.0;0.0;0.02963;0.014815
50061;0.456954;0.370861;0.086093;0.0;0.086093;0.0;0.0;0.0;0.0;0.0;0.0;0.0;0.0;0.0;0.0;0.0
50062;0.333566;0.327972;0.174126;0.0;0.133566;0.0;0.0;0.0;0.0;0.0;0.0;0.0;0.0;0.0;0.007692;0.023077
50063;0.44;0.44;0.08;0.0;0.04;0.0;0.0;0.0;0.0;0.0;0.0;0.0;0.0;0.0;0.0;0.0
50064;0.477707;0.343949;0.101911;0.0;0.070064;0.0;0.0;0.0;0.0;0.0;0.0;0.0;0.0;0.0;0.006369;0.0
50065;0.214286;0.428571;0.166667;0.0;0.142857;0.0;0.0;0.0;0.0;0.0;0.0;0.0;0.0;0.0;0.0;0.047619
50066;0.209562;0.330206;0.278374;0.0;0.142985;0.0;0.0;0.0;0.0;0.0;0.0;0.0;0.0;0.0;0.012511;0.026363
50067;0.30311;0.418386;0.15925;0.0;0.094022;0.0;0.0;0.0;0.0;0.0;0.0;0.0;0.0;0.0;0.01047;0.014763
50068;0.385145;0.388974;0.150077;0.0;0.062021;0.0;0.0;0.0;0.0;0.0;0.0;0.0;0.0;0.0;0.002297;0.011485
50069;0.289474;0.342105;0.078947;0.0;0.210526;0.0;0.0;0.0;0.0;0.0;0.0;0.0;0.0;0.0;0.0;0.078947
50070;0.536585;0.195122;0.243902;0.0;0.0;0.0;0.0;0.0;0.0;0.0;0.0;0.0;0.0;0.0;0.02439;0.0
50071;0.108434;0.662651;0.13253;0.0;0.096386;0.0;0.0;0.0;0.0;0.0;0.0;0.0;0.0;0.0;0.0;0.0
50072;0.304348;0.384058;0.224638;0.0;0.072464;0.0;0.0;0.0;0.0;0.0;0.0;0.0;0.0;0.0;0.0;0.014493
50073;0.291875;0.40625;0.180625;0.0;0.100625;0.0;0.0;0.0;0.0;0.0;0.0;0.0;0.0;0.0;0.005625;0.015
50074;0.335262;0.346349;0.164859;0.0;0.119547;0.0;0.0;0.0;0.0;0.0;0.0;0.0;0.0;0.0;0.016389;0.017595
50075;0.157895;0.684211;0.157895;0.0;0.0;0.0;0.0;0.0;0.0;0.0;0.0;0.0;0.0;0.0;0.0;0.0
50076;0.369231;0.292308;0.123077;0.0;0.184615;0.0;0.0;0.0;0.0;0.0;0.0;0.0;0.0;0.0;0.0;0.030769
50077;0.390071;0.390071;0.099291;0.0;0.099291;0.0;0.0;0.0;0.0;0.0;0.0;0.0;0.0;0.0;0.007092;0.014184
50078;0.509677;0.283871;0.064516;0.0;0.129032;0.0;0.0;0.0;0.0;0.0;0.0;0.0;0.0;0.0;0.006452;0.006452
50079;0.32716;0.493827;0.104938;0.0;0.0;0.0;0.0;0.0;0.0;0.0;0.0;0.0;0.0;0.0;0.012346;0.061728
50080;0.354839;0.064516;0.0;0.0;0.483871;0.0;0.0;0.0;0.0;0.0;0.0;0.0;0.0;0.0;0.0;0.096774
50081;0.345133;0.339233;0.165192;0.0;0.129794;0.0;0.0;0.0;0.0;0.0;0.0;0.0;0.0;0.0;0.017699;0.00295
50082;0.338983;0.389831;0.220339;0.0;0.050847;0.0;0.0;0.0;0.0;0.0;0.0;0.0;0.0;0.0;0.0;0.0
50083;0.390625;0.34375;0.0625;0.0;0.171875;0.0;0.0;0.0;0.0;0.0;0.0;0.0;0.0;0.0;0.015625;0.015625
50084;0.333333;0.5;0.111111;0.0;0.037037;0.0;0.0;0.0;0.0;0.0;0.0;0.0;0.0;0.0;0.018519;0.0
50085;0.228571;0.535714;0.121429;0.0;0.085714;0.0;0.0;0.0;0.0;0.0;0.0;0.0;0.0;0.0;0.014286;0.014286
50086;0.539216;0.215686;0.068627;0.0;0.078431;0.0;0.0;0.0;0.0;0.0;0.0;0.0;0.0;0.0;0.088235;0.009804
50087;0.272727;0.636364;0.090909;0.0;0.0;0.0;0.0;0.0;0.0;0.0;0.0;0.0;0.0;0.0;0.0;0.0
50088;0.341584;0.450495;0.123762;0.0;0.074257;0.0;0.0;0.0;0.0;0.0;0.0;0.0;0.0;0.0;0.009901;0.0
50089;0.211896;0.399771;0.245353;0.0;0.111667;0.0;0.0;0.0;0.0;0.0;0.0;0.0;0.0;0.0;0.01201;0.019302
50090;0.194444;0.564815;0.138889;0.0;0.037037;0.0;0.0;0.0;0.0;0.0;0.0;0.0;0.0;0.0;0.018519;0.046296
50091;0.131579;0.552632;0.105263;0.0;0.052632;0.0;0.0;0.0;0.0;0.0;0.0;0.0;0.0;0.0;0.131579;0.026316
50092;0.363208;0.462264;0.113208;0.0;0.037736;0.0;0.0;0.0;0.0;0.0;0.0;0.0;0.0;0.0;0.0;0.023585
50093;0.223881;0.343284;0.223881;0.0;0.208955;0.0;0.0;0.0;0.0;0.0;0.0;0.0;0.0;0.0;0.0;0.0
50094;0.313707;0.3639;0.139961;0.0;0.101351;0.0;0.0;0.0;0.0;0.0;0.0;0.0;0.0;0.0;0.054054;0.027027
50095;0.395306;0.298741;0.157316;0.0;0.126757;0.0;0.0;0.0;0.0;0.0;0.0;0.0;0.0;0.0;0.007945;0.013935
50096;0.296296;0.296296;0.37037;0.0;0.037037;0.0;0.0;0.0;0.0;0.0;0.0;0.0;0.0;0.0;0.0;0.0
50098;0.371681;0.345133;0.141593;0.0;0.061947;0.0;0.0;0.0;0.0;0.0;0.0;0.0;0.0;0.0;0.035398;0.044248
50099;0.423918;0.333178;0.15356;0.0;0.073523;0.0;0.0;0.0;0.0;0.0;0.0;0.0;0.0;0.0;0.005584;0.010237
50100;0.488688;0.348416;0.099548;0.0;0.049774;0.0;0.0;0.0;0.0;0.0;0.0;0.0;0.0;0.0;0.004525;0.00905
50101;0.443697;0.22521;0.168067;0.0;0.12605;0.0;0.0;0.0;0.0;0.0;0.0;0.0;0.0;0.0;0.018487;0.018487
50102;0.367596;0.350174;0.15331;0.0;0.08885;0.0;0.0;0.0;0.0;0.0;0.0;0.0;0.0;0.0;0.02439;0.015679
50104;0.387755;0.486395;0.071429;0.0;0.040816;0.0;0.0;0.0;0.0;0.0;0.0;0.0;0.0;0.0;0.003401;0.010204
50105;0.435897;0.405128;0.035897;0.0;0.107692;0.0;0.0;0.0;0.0;0.0;0.0;0.0;0.0;0.0;0.005128;0.010256
50106;0.368421;0.326316;0.168421;0.0;0.105263;0.0;0.0;0.0;0.0;0.0;0.0;0.0;0.0;0.0;0.010526;0.021053
50107;0.319843;0.402089;0.156658;0.0;0.086162;0.0;0.0;0.0;0.0;0.0;0.0;0.0;0.0;0.0;0.011749;0.023499
50108;0.302326;0.325581;0.255814;0.0;0.093023;0.0;0.0;0.0;0.0;0.0;0.0;0.0;0.0;0.0;0.0;0.023256
50109;0.133333;0.32;0.146667;0.0;0.306667;0.0;0.0;0.0;0.0;0.0;0.0;0.0;0.0;0.0;0.053333;0.04
50110;0.394309;0.414634;0.162602;0.0;0.012195;0.0;0.0;0.0;0.0;0.0;0.0;0.0;0.0;0.0;0.004065;0.012195
50111;0.232;0.432;0.128;0.0;0.168;0.0;0.0;0.0;0.0;0.0;0.0;0.0;0.0;0.0;0.032;0.008
50113;0.477876;0.358407;0.077434;0.0;0.066372;0.0;0.0;0.0;0.0;0.0;0.0;0.0;0.0;0.0;0.006637;0.013274
50114;0.380952;0.304762;0.2;0.0;0.095238;0.0;0.0;0.0;0.0;0.0;0.0;0.0;0.0;0.0;0.0;0.019048
50115;0.315189;0.391133;0.191396;0.0;0.077261;0.0;0.0;0.0;0.0;0.0;0.0;0.0;0.0;0.0;0.010536;0.014486
50116;0.355932;0.40678;0.161017;0.0;0.067797;0.0;0.0;0.0;0.0;0.0;0.0;0.0;0.0;0.0;0.008475;0.0
50117;0.282609;0.423913;0.108696;0.0;0.130435;0.0;0.0;0.0;0.0;0.0;0.0;0.0;0.0;0.0;0.032609;0.021739
50118;0.430414;0.327902;0.135098;0.0;0.086219;0.0;0.0;0.0;0.0;0.0;0.0;0.0;0.0;0.0;0.007468;0.012899
50119;0.309562;0.376013;0.231767;0.0;0.037277;0.0;0.0;0.0;0.0;0.0;0.0;0.0;0.0;0.0;0.017828;0.027553
50120;0.294118;0.441176;0.117647;0.0;0.117647;0.0;0.0;0.0;0.0;0.0;0.0;0.0;0.0;0.0;0.029412;0.0
50121;0.428571;0.30102;0.132653;0.0;0.117347;0.0;0.0;0.0;0.0;0.0;0.0;0.0;0.0;0.0;0.005102;0.015306
50122;0.327273;0.4;0.236364;0.0;0.036364;0.0;0.0;0.0;0.0;0.0;0.0;0.0;0.0;0.0;0.0;0.0
50123;0.380645;0.303226;0.229032;0.0;0.067742;0.0;0.0;0.0;0.0;0.0;0.0;0.0;0.0;0.0;0.003226;0.016129
50124;0.154362;0.543624;0.211409;0.0;0.036913;0.0;0.0;0.0;0.0;0.0;0.0;0.0;0.0;0.0;0.043624;0.010067
50125;0.373984;0.422764;0.158537;0.0;0.020325;0.0;0.0;0.0;0.0;0.0;0.0;0.0;0.0;0.0;0.00813;0.01626
50126;0.294889;0.470511;0.150066;0.0;0.055046;0.0;0.0;0.0;0.0;0.0;0.0;0.0;0.0;0.0;0.003932;0.025557
50128;0.454545;0.409091;0.0;0.0;0.136364;0.0;0.0;0.0;0.0;0.0;0.0;0.0;0.0;0.0;0.0;0.0
50129;0.29932;0.455782;0.108844;0.0;0.095238;0.0;0.0;0.0;0.0;0.0;0.0;0.0;0.0;0.0;0.034014;0.006803
50130;0.344828;0.375;0.198276;0.0;0.056034;0.0;0.0;0.0;0.0;0.0;0.0;0.0;0.0;0.0;0.0;0.025862
50131;0.25;0.459302;0.168605;0.0;0.087209;0.0;0.0;0.0;0.0;0.0;0.0;0.0;0.0;0.0;0.017442;0.017442
50132;0.235974;0.338284;0.287129;0.0;0.10066;0.0;0.0;0.0;0.0;0.0;0.0;0.0;0.0;0.0;0.018152;0.019802
50133;0.37037;0.37037;0.123457;0.0;0.074074;0.0;0.0;0.0;0.0;0.0;0.0;0.0;0.0;0.0;0.037037;0.024691
50134;0.258824;0.541176;0.176471;0.0;0.011765;0.0;0.0;0.0;0.0;0.0;0.0;0.0;0.0;0.0;0.011765;0.0
50135;0.4;0.333333;0.083333;0.0;0.116667;0.0;0.0;0.0;0.0;0.0;0.0;0.0;0.0;0.0;0.033333;0.033333
50136;0.225275;0.53022;0.203297;0.0;0.03022;0.0;0.0;0.0;0.0;0.0;0.0;0.0;0.0;0.0;0.010989;0.0
50137;0.391854;0.407303;0.098315;0.0;0.088483;0.0;0.0;0.0;0.0;0.0;0.0;0.0;0.0;0.0;0.009831;0.004213
50138;0.205128;0.435897;0.128205;0.0;0.051282;0.0;0.0;0.0;0.0;0.0;0.0;0.0;0.0;0.0;0.153846;0.025641
50139;0.376033;0.409091;0.123967;0.0;0.082645;0.0;0.0;0.0;0.0;0.0;0.0;0.0;0.0;0.0;0.008264;0.0
50140;0.280303;0.227273;0.325758;0.0;0.143939;0.0;0.0;0.0;0.0;0.0;0.0;0.0;0.0;0.0;0.007576;0.015152
50141;0.177083;0.53125;0.052083;0.0;0.208333;0.0;0.0;0.0;0.0;0.0;0.0;0.0;0.0;0.0;0.0;0.03125
50142;0.526316;0.105263;0.0;0.0;0.157895;0.0;0.0;0.0;0.0;0.0;0.0;0.0;0.0;0.0;0.210526;0.0
50143;0.302452;0.389646;0.13624;0.0;0.158038;0.0;0.0;0.0;0.0;0.0;0.0;0.0;0.0;0.0;0.002725;0.010899
50144;0.216216;0.432432;0.135135;0.0;0.135135;0.0;0.0;0.0;0.0;0.0;0.0;0.0;0.0;0.0;0.081081;0.0
50146;0.437956;0.364964;0.10219;0.0;0.072993;0.0;0.0;0.0;0.0;0.0;0.0;0.0;0.0;0.0;0.007299;0.014599
50147;0.436;0.286;0.068;0.0;0.112;0.0;0.0;0.0;0.0;0.0;0.0;0.0;0.0;0.0;0.006;0.092
50148;0.372294;0.363636;0.077922;0.0;0.108225;0.0;0.0;0.0;0.0;0.0;0.0;0.0;0.0;0.0;0.047619;0.030303
50149;0.107143;0.678571;0.107143;0.0;0.107143;0.0;0.0;0.0;0.0;0.0;0.0;0.0;0.0;0.0;0.0;0.0
50150;0.344418;0.391924;0.194774;0.0;0.047506;0.0;0.0;0.0;0.0;0.0;0.0;0.0;0.0;0.0;0.002375;0.019002
50151;0.381857;0.305907;0.219409;0.0;0.063291;0.0;0.0;0.0;0.0;0.0;0.0;0.0;0.0;0.0;0.016878;0.012658
50152;0.380652;0.433228;0.12408;0.0;0.045216;0.0;0.0;0.0;0.0;0.0;0.0;0.0;0.0;0.0;0.010515;0.006309
50153;0.341812;0.316375;0.162162;0.0;0.138315;0.0;0.0;0.0;0.0;0.0;0.0;0.0;0.0;0.0;0.033386;0.007949
50154;0.111111;0.455556;0.222222;0.0;0.033333;0.0;0.0;0.0;0.0;0.0;0.0;0.0;0.0;0.0;0.011111;0.166667
50155;0.225806;0.548387;0.16129;0.0;0.016129;0.0;0.0;0.0;0.0;0.0;0.0;0.0;0.0;0.0;0.032258;0.016129
50156;0.447853;0.245399;0.141104;0.0;0.116564;0.0;0.0;0.0;0.0;0.0;0.0;0.0;0.0;0.0;0.030675;0.018405
50157;0.535211;0.258216;0.122066;0.0;0.070423;0.0;0.0;0.0;0.0;0.0;0.0;0.0;0.0;0.0;0.0;0.014085
50159;0.366167;0.366167;0.192719;0.0;0.06424;0.0;0.0;0.0;0.0;0.0;0.0;0.0;0.0;0.0;0.008565;0.002141
50160;0.453659;0.29338;0.136585;0.0;0.099652;0.0;0.0;0.0;0.0;0.0;0.0;0.0;0.0;0.0;0.011847;0.004878
50161;0.145161;0.564516;0.225806;0.0;0.064516;0.0;0.0;0.0;0.0;0.0;0.0;0.0;0.0;0.0;0.0;0.0
50162;0.418367;0.418367;0.081633;0.0;0.071429;0.0;0.0;0.0;0.0;0.0;0.0;0.0;0.0;0.0;0.010204;0.0
50163;0.205722;0.350691;0.242687;0.0;0.156541;0.0;0.0;0.0;0.0;0.0;0.0;0.0;0.0;0.0;0.018965;0.025394
50164;0.359184;0.277551;0.208163;0.0;0.118367;0.0;0.0;0.0;0.0;0.0;0.0;0.0;0.0;0.0;0.008163;0.028571
50165;0.393155;0.28798;0.132721;0.0;0.157763;0.0;0.0;0.0;0.0;0.0;0.0;0.0;0.0;0.0;0.005843;0.022538
50166;0.302703;0.432432;0.102703;0.0;0.108108;0.0;0.0;0.0;0.0;0.0;0.0;0.0;0.0;0.0;0.027027;0.027027
50167;0.265432;0.487654;0.166667;0.0;0.055556;0.0;0.0;0.0;0.0;0.0;0.0;0.0;0.0;0.0;0.018519;0.006173
50168;0.388889;0.277778;0.111111;0.0;0.222222;0.0;0.0;0.0;0.0;0.0;0.0;0.0;0.0;0.0;0.0;0.0
50169;0.330396;0.38326;0.162996;0.0;0.07489;0.0;0.0;0.0;0.0;0.0;0.0;0.0;0.0;0.0;0.039648;0.008811
50170;0.430328;0.364754;0.106557;0.0;0.090164;0.0;0.0;0.0;0.0;0.0;0.0;0.0;0.0;0.0;0.008197;0.0
50171;0.193548;0.397849;0.301075;0.0;0.043011;0.0;0.0;0.0;0.0;0.0;0.0;0.0;0.0;0.0;0.032258;0.032258
50172;0.216418;0.477612;0.19403;0.0;0.052239;0.0;0.0;0.0;0.0;0.0;0.0;0.0;0.0;0.0;0.044776;0.014925
50173;0.27193;0.412281;0.166667;0.0;0.114035;0.0;0.0;0.0;0.0;0.0;0.0;0.0;0.0;0.0;0.008772;0.026316
50174;0.229508;0.622951;0.098361;0.0;0.04918;0.0;0.0;0.0;0.0;0.0;0.0;0.0;0.0;0.0;0.0;0.0
50175;0.333876;0.311075;0.166124;0.0;0.148208;0.0;0.0;0.0;0.0;0.0;0.0;0.0;0.0;0.0;0.019544;0.021173
50176;0.350746;0.395522;0.164179;0.0;0.059701;0.0;0.0;0.0;0.0;0.0;0.0;0.0;0.0;0.0;0.007463;0.022388
50177;0.301887;0.471698;0.127358;0.0;0.070755;0.0;0.0;0.0;0.0;0.0;0.0;0.0;0.0;0.0;0.004717;0.023585
50178;0.447674;0.273256;0.104651;0.0;0.110465;0.0;0.0;0.0;0.0;0.0;0.0;0.0;0.0;0.0;0.005814;0.05814
50179;0.401914;0.454545;0.086124;0.0;0.043062;0.0;0.0;0.0;0.0;0.0;0.0;0.0;0.0;0.0;0.014354;0.0
50180;0.382979;0.265957;0.074468;0.0;0.234043;0.0;0.0;0.0;0.0;0.0;0.0;0.0;0.0;0.0;0.021277;0.021277
50181;0.296053;0.389474;0.153947;0.0;0.134211;0.0;0.0;0.0;0.0;0.0;0.0;0.0;0.0;0.0;0.017105;0.009211
50182;0.197849;0.321147;0.289247;0.0;0.153047;0.0;0.0;0.0;0.0;0.0;0.0;0.0;0.0;0.0;0.013978;0.024731
50183;0.286307;0.435685;0.195021;0.0;0.037344;0.0;0.0;0.0;0.0;0.0;0.0;0.0;0.0;0.0;0.008299;0.037344
50184;0.324324;0.418919;0.189189;0.0;0.040541;0.0;0.0;0.0;0.0;0.0;0.0;0.0;0.0;0.0;0.027027;0.0
50185;0.295652;0.217391;0.113043;0.0;0.286957;0.0;0.0;0.0;0.0;0.0;0.0;0.0;0.0;0.0;0.052174;0.034783
50186;0.212121;0.30303;0.090909;0.0;0.333333;0.0;0.0;0.0;0.0;0.0;0.0;0.0;0.0;0.0;0.060606;0.0
50187;0.459459;0.297297;0.054054;0.0;0.189189;0.0;0.0;0.0;0.0;0.0;0.0;0.0;0.0;0.0;0.0;0.0
50188;0.296296;0.481481;0.0;0.0;0.111111;0.0;0.0;0.0;0.0;0.0;0.0;0.0;0.0;0.0;0.0;0.111111
50189;0.353398;0.4;0.132039;0.0;0.087379;0.0;0.0;0.0;0.0;0.0;0.0;0.0;0.0;0.0;0.019417;0.007767
50190;0.417004;0.360324;0.121457;0.0;0.08502;0.0;0.0;0.0;0.0;0.0;0.0;0.0;0.0;0.0;0.006073;0.010121
50191;0.372937;0.422442;0.108911;0.0;0.082508;0.0;0.0;0.0;0.0;0.0;0.0;0.0;0.0;0.0;0.0033;0.009901
50192;0.327869;0.306011;0.218579;0.0;0.10929;0.0;0.0;0.0;0.0;0.0;0.0;0.0;0.0;0.0;0.016393;0.021858
50193;0.299242;0.342803;0.157197;0.0;0.153409;0.0;0.0;0.0;0.0;0.0;0.0;0.0;0.0;0.0;0.013258;0.034091
50194;0.271186;0.559322;0.050847;0.0;0.033898;0.0;0.0;0.0;0.0;0.0;0.0;0.0;0.0;0.0;0.0;0.084746
50195;0.261905;0.428571;0.119048;0.0;0.02381;0.0;0.0;0.0;0.0;0.0;0.0;0.0;0.0;0.0;0.119048;0.047619
50196;0.648649;0.135135;0.094595;0.0;0.108108;0.0;0.0;0.0;0.0;0.0;0.0;0.0;0.0;0.0;0.0;0.013514
50197;0.217391;0.391304;0.304348;0.0;0.086957;0.0;0.0;0.0;0.0;0.0;0.0;0.0;0.0;0.0;0.0;0.0
50198;0.15625;0.3125;0.03125;0.0;0.125;0.0;0.0;0.0;0.0;0.0;0.0;0.0;0.0;0.0;0.0;0.375
50199;0.262911;0.239437;0.300469;0.0;0.112676;0.0;0.0;0.0;0.0;0.0;0.0;0.0;0.0;0.0;0.032864;0.051643
50200;0.484925;0.273869;0.11809;0.0;0.10804;0.0;0.0;0.0;0.0;0.0;0.0;0.0;0.0;0.0;0.002513;0.012563
50201;0.323864;0.372159;0.193182;0.0;0.090909;0.0;0.0;0.0;0.0;0.0;0.0;0.0;0.0;0.0;0.002841;0.017045
50202;0.352113;0.28169;0.15493;0.0;0.112676;0.0;0.0;0.0;0.0;0.0;0.0;0.0;0.0;0.0;0.070423;0.028169
50203;0.264925;0.329602;0.175373;0.0;0.190299;0.0;0.0;0.0;0.0;0.0;0.0;0.0;0.0;0.0;0.013682;0.026119
50204;0.493805;0.237758;0.143953;0.0;0.112094;0.0;0.0;0.0;0.0;0.0;0.0;0.0;0.0;0.0;0.00177;0.010619
50205;0.458333;0.25;0.152778;0.0;0.125;0.0;0.0;0.0;0.0;0.0;0.0;0.0;0.0;0.0;0.0;0.013889
50206;0.303116;0.399433;0.13881;0.0;0.130312;0.0;0.0;0.0;0.0;0.0;0.0;0.0;0.0;0.0;0.011331;0.016997
50207;0.293103;0.413793;0.155172;0.0;0.103448;0.0;0.0;0.0;0.0;0.0;0.0;0.0;0.0;0.0;0.017241;0.017241
50208;0.393223;0.361702;0.128448;0.0;0.092987;0.0;0.0;0.0;0.0;0.0;0.0;0.0;0.0;0.0;0.008668;0.014972
50209;0.258111;0.341889;0.23632;0.0;0.123487;0.0;0.0;0.0;0.0;0.0;0.0;0.0;0.0;0.0;0.013075;0.027119
50210;0.310345;0.37931;0.068966;0.0;0.206897;0.0;0.0;0.0;0.0;0.0;0.0;0.0;0.0;0.0;0.0;0.034483
50211;0.36413;0.36413;0.228261;0.0;0.038043;0.0;0.0;0.0;0.0;0.0;0.0;0.0;0.0;0.0;0.0;0.005435
50212;0.318182;0.227273;0.181818;0.0;0.272727;0.0;0.0;0.0;0.0;0.0;0.0;0.0;0.0;0.0;0.0;0.0
50213;0.1;0.671429;0.185714;0.0;0.014286;0.0;0.0;0.0;0.0;0.0;0.0;0.0;0.0;0.0;0.014286;0.014286
50214;0.230769;0.538462;0.076923;0.0;0.153846;0.0;0.0;0.0;0.0;0.0;0.0;0.0;0.0;0.0;0.0;0.0
50215;0.105263;0.210526;0.052632;0.0;0.631579;0.0;0.0;0.0;0.0;0.0;0.0;0.0;0.0;0.0;0.0;0.0
50216;0.247191;0.539326;0.162921;0.0;0.033708;0.0;0.0;0.0;0.0;0.0;0.0;0.0;0.0;0.0;0.005618;0.011236
50217;0.427215;0.367089;0.158228;0.0;0.03481;0.0;0.0;0.0;0.0;0.0;0.0;0.0;0.0;0.0;0.006329;0.006329
50218;0.25;0.490385;0.192308;0.0;0.028846;0.0;0.0;0.0;0.0;0.0;0.0;0.0;0.0;0.0;0.009615;0.028846
50219;0.260842;0.327168;0.22162;0.0;0.140944;0.0;0.0;0.0;0.0;0.0;0.0;0.0;0.0;0.0;0.020089;0.029337
50220;0.484848;0.242424;0.0;0.0;0.212121;0.0;0.0;0.0;0.0;0.0;0.0;0.0;0.0;0.0;0.0;0.060606
50221;0.269231;0.384615;0.230769;0.0;0.115385;0.0;0.0;0.0;0.0;0.0;0.0;0.0;0.0;0.0;0.0;0.0
50222;0.402163;0.354966;0.157325;0.0;0.061947;0.0;0.0;0.0;0.0;0.0;0.0;0.0;0.0;0.0;0.010816;0.012783
50223;0.536082;0.313697;0.079529;0.0;0.063328;0.0;0.0;0.0;0.0;0.0;0.0;0.0;0.0;0.0;0.001473;0.005891
50224;0.304348;0.478261;0.108696;0.0;0.043478;0.0;0.0;0.0;0.0;0.0;0.0;0.0;0.0;0.0;0.0;0.065217
50225;0.287321;0.40593;0.211656;0.0;0.07362;0.0;0.0;0.0;0.0;0.0;0.0;0.0;0.0;0.0;0.010225;0.011247
50227;0.162162;0.486486;0.22973;0.0;0.067568;0.0;0.0;0.0;0.0;0.0;0.0;0.0;0.0;0.0;0.040541;0.013514
50228;0.241706;0.473934;0.218009;0.0;0.042654;0.0;0.0;0.0;0.0;0.0;0.0;0.0;0.0;0.0;0.004739;0.018957
50229;0.301887;0.283019;0.113208;0.0;0.264151;0.0;0.0;0.0;0.0;0.0;0.0;0.0;0.0;0.0;0.018868;0.018868
50230;0.387421;0.389937;0.134591;0.0;0.075472;0.0;0.0;0.0;0.0;0.0;0.0;0.0;0.0;0.0;0.006289;0.006289
50231;0.344498;0.334928;0.133971;0.0;0.157895;0.0;0.0;0.0;0.0;0.0;0.0;0.0;0.0;0.0;0.014354;0.014354
50232;0.362832;0.292035;0.141593;0.0;0.150442;0.0;0.0;0.0;0.0;0.0;0.0;0.0;0.0;0.0;0.035398;0.017699
50233;0.205882;0.485294;0.235294;0.0;0.058824;0.0;0.0;0.0;0.0;0.0;0.0;0.0;0.0;0.0;0.014706;0.0
50234;0.219653;0.520231;0.115607;0.0;0.104046;0.0;0.0;0.0;0.0;0.0;0.0;0.0;0.0;0.0;0.023121;0.017341
50235;0.262182;0.393008;0.1875;0.0;0.128178;0.0;0.0;0.0;0.0;0.0;0.0;0.0;0.0;0.0;0.01536;0.013771
50236;0.397059;0.441176;0.147059;0.0;0.014706;0.0;0.0;0.0;0.0;0.0;0.0;0.0;0.0;0.0;0.0;0.0
50237;0.25;0.4125;0.125;0.0;0.1875;0.0;0.0;0.0;0.0;0.0;0.0;0.0;0.0;0.0;0.0125;0.0125
50238;0.353846;0.307692;0.2;0.0;0.076923;0.0;0.0;0.0;0.0;0.0;0.0;0.0;0.0;0.0;0.0;0.061538
50239;0.156863;0.607843;0.156863;0.0;0.039216;0.0;0.0;0.0;0.0;0.0;0.0;0.0;0.0;0.0;0.019608;0.019608
50240;0.422118;0.350467;0.130841;0.0;0.071651;0.0;0.0;0.0;0.0;0.0;0.0;0.0;0.0;0.0;0.012461;0.012461
50241;0.305764;0.483709;0.145363;0.0;0.055138;0.0;0.0;0.0;0.0;0.0;0.0;0.0;0.0;0.0;0.005013;0.005013
50242;0.30137;0.30137;0.136986;0.0;0.136986;0.0;0.0;0.0;0.0;0.0;0.0;0.0;0.0;0.0;0.054795;0.068493
50243;0.340517;0.405172;0.12931;0.0;0.017241;0.0;0.0;0.0;0.0;0.0;0.0;0.0;0.0;0.0;0.081897;0.025862
50244;0.274074;0.488889;0.148148;0.0;0.081481;0.0;0.0;0.0;0.0;0.0;0.0;0.0;0.0;0.0;0.0;0.007407
50245;0.32;0.42;0.08;0.0;0.1;0.0;0.0;0.0;0.0;0.0;0.0;0.0;0.0;0.0;0.0;0.08
50246;0.30303;0.454545;0.151515;0.0;0.060606;0.0;0.0;0.0;0.0;0.0;0.0;0.0;0.0;0.0;0.030303;0.0
50247;0.268634;0.378882;0.220497;0.0;0.086957;0.0;0.0;0.0;0.0;0.0;0.0;0.0;0.0;0.0;0.015528;0.029503
50248;0.430678;0.318584;0.073746;0.0;0.147493;0.0;0.0;0.0;0.0;0.0;0.0;0.0;0.0;0.0;0.017699;0.011799
50249;0.173333;0.555556;0.155556;0.0;0.084444;0.0;0.0;0.0;0.0;0.0;0.0;0.0;0.0;0.0;0.0;0.031111
50250;0.283333;0.5;0.1;0.0;0.083333;0.0;0.0;0.0;0.0;0.0;0.0;0.0;0.0;0.0;0.0;0.033333
50251;0.345991;0.384493;0.119039;0.0;0.125044;0.0;0.0;0.0;0.0;0.0;0.0;0.0;0.0;0.0;0.01042;0.015012
50252;0.306552;0.432553;0.158613;0.0;0.081233;0.0;0.0;0.0;0.0;0.0;0.0;0.0;0.0;0.0;0.008301;0.012748
50253;0.309028;0.482639;0.166667;0.0;0.027778;0.0;0.0;0.0;0.0;0.0;0.0;0.0;0.0;0.0;0.006944;0.006944
50254;0.362069;0.396552;0.189655;0.0;0.034483;0.0;0.0;0.0;0.0;0.0;0.0;0.0;0.0;0.0;0.0;0.017241
50255;0.641791;0.126866;0.104478;0.0;0.08209;0.0;0.0;0.0;0.0;0.0;0.0;0.0;0.0;0.0;0.029851;0.014925
50256;0.18;0.54;0.16;0.0;0.08;0.0;0.0;0.0;0.0;0.0;0.0;0.0;0.0;0.0;0.02;0.02
50257;0.453125;0.1875;0.140625;0.0;0.210938;0.0;0.0;0.0;0.0;0.0;0.0;0.0;0.0;0.0;0.0;0.007812
50258;0.178571;0.464286;0.178571;0.0;0.071429;0.0;0.0;0.0;0.0;0.0;0.0;0.0;0.0;0.0;0.035714;0.071429
50259;0.333333;0.555556;0.055556;0.0;0.037037;0.0;0.0;0.0;0.0;0.0;0.0;0.0;0.0;0.0;0.0;0.018519
50260;0.225806;0.741935;0.0;0.0;0.032258;0.0;0.0;0.0;0.0;0.0;0.0;0.0;0.0;0.0;0.0;0.0
50261;0.554839;0.193548;0.109677;0.0;0.135484;0.0;0.0;0.0;0.0;0.0;0.0;0.0;0.0;0.0;0.006452;0.0
50262;0.439907;0.294049;0.127188;0.0;0.117853;0.0;0.0;0.0;0.0;0.0;0.0;0.0;0.0;0.0;0.010502;0.010502
50263;0.476562;0.296875;0.078125;0.0;0.101562;0.0;0.0;0.0;0.0;0.0;0.0;0.0;0.0;0.0;0.023438;0.023438
50264;0.466667;0.285714;0.066667;0.0;0.133333;0.0;0.0;0.0;0.0;0.0;0.0;0.0;0.0;0.0;0.028571;0.019048
50265;0.363636;0.345455;0.109091;0.0;0.181818;0.0;0.0;0.0;0.0;0.0;0.0;0.0;0.0;0.0;0.0;0.0
50266;0.329114;0.468354;0.101266;0.0;0.063291;0.0;0.0;0.0;0.0;0.0;0.0;0.0;0.0;0.0;0.0;0.037975
50267;0.401826;0.344749;0.068493;0.0;0.155251;0.0;0.0;0.0;0.0;0.0;0.0;0.0;0.0;0.0;0.013699;0.015982
50268;0.15625;0.34375;0.0625;0.0;0.40625;0.0;0.0;0.0;0.0;0.0;0.0;0.0;0.0;0.0;0.03125;0.0
50269;0.355191;0.404372;0.163934;0.0;0.060109;0.0;0.0;0.0;0.0;0.0;0.0;0.0;0.0;0.0;0.0;0.016393
50270;0.230769;0.230769;0.038462;0.0;0.423077;0.0;0.0;0.0;0.0;0.0;0.0;0.0;0.0;0.0;0.0;0.076923
50271;0.205263;0.421053;0.178947;0.0;0.105263;0.0;0.0;0.0;0.0;0.0;0.0;0.0;0.0;0.0;0.084211;0.005263
50272;0.295209;0.330957;0.198239;0.0;0.137436;0.0;0.0;0.0;0.0;0.0;0.0;0.0;0.0;0.0;0.010903;0.027257
50273;0.3;0.4;0.166667;0.0;0.1;0.0;0.0;0.0;0.0;0.0;0.0;0.0;0.0;0.0;0.033333;0.0
50274;0.302326;0.534884;0.093023;0.0;0.069767;0.0;0.0;0.0;0.0;0.0;0.0;0.0;0.0;0.0;0.0;0.0
50275;0.257576;0.469697;0.212121;0.0;0.045455;0.0;0.0;0.0;0.0;0.0;0.0;0.0;0.0;0.0;0.0;0.015152
50276;0.316327;0.428571;0.112245;0.0;0.112245;0.0;0.0;0.0;0.0;0.0;0.0;0.0;0.0;0.0;0.010204;0.020408
50277;0.177778;0.4;0.088889;0.0;0.311111;0.0;0.0;0.0;0.0;0.0;0.0;0.0;0.0;0.0;0.0;0.022222
50278;0.25;0.360294;0.301471;0.0;0.058824;0.0;0.0;0.0;0.0;0.0;0.0;0.0;0.0;0.0;0.007353;0.022059
50279;0.75;0.115385;0.019231;0.0;0.115385;0.0;0.0;0.0;0.0;0.0;0.0;0.0;0.0;0.0;0.0;0.0
50280;0.333333;0.294372;0.207792;0.0;0.125541;0.0;0.0;0.0;0.0;0.0;0.0;0.0;0.0;0.0;0.012987;0.025974
50281;0.211538;0.653846;0.038462;0.0;0.076923;0.0;0.0;0.0;0.0;0.0;0.0;0.0;0.0;0.0;0.0;0.019231
50282;0.205128;0.538462;0.153846;0.0;0.076923;0.0;0.0;0.0;0.0;0.0;0.0;0.0;0.0;0.0;0.0;0.025641
50283;0.235294;0.333333;0.333333;0.0;0.039216;0.0;0.0;0.0;0.0;0.0;0.0;0.0;0.0;0.0;0.058824;0.0
50284;0.431193;0.311927;0.137615;0.0;0.091743;0.0;0.0;0.0;0.0;0.0;0.0;0.0;0.0;0.0;0.009174;0.018349
50285;0.276596;0.365957;0.214894;0.0;0.095745;0.0;0.0;0.0;0.0;0.0;0.0;0.0;0.0;0.0;0.017021;0.029787
50286;0.365385;0.365385;0.153846;0.0;0.076923;0.0;0.0;0.0;0.0;0.0;0.0;0.0;0.0;0.0;0.0;0.038462
50287;0.365591;0.387097;0.129032;0.0;0.096774;0.0;0.0;0.0;0.0;0.0;0.0;0.0;0.0;0.0;0.010753;0.010753
50288;0.239426;0.377183;0.213815;0.0;0.106713;0.0;0.0;0.0;0.0;0.0;0.0;0.0;0.0;0.0;0.042685;0.020179
50289;0.375;0.25;0.166667;0.0;0.1875;0.0;0.0;0.0;0.0;0.0;0.0;0.0;0.0;0.0;0.020833;0.0
50290;0.382114;0.345528;0.211382;0.0;0.04878;0.0;0.0;0.0;0.0;0.0;0.0;0.0;0.0;0.0;0.0;0.012195
50291;0.201923;0.576923;0.115385;0.0;0.076923;0.0;0.0;0.0;0.0;0.0;0.0;0.0;0.0;0.0;0.028846;0.0
50292;0.240741;0.398148;0.277778;0.0;0.037037;0.0;0.0;0.0;0.0;0.0;0.0;0.0;0.0;0.0;0.027778;0.018519
50293;0.483271;0.271375;0.118959;0.0;0.107807;0.0;0.0;0.0;0.0;0.0;0.0;0.0;0.0;0.0;0.007435;0.011152
50294;0.292683;0.658537;0.0;0.0;0.04878;0.0;0.0;0.0;0.0;0.0;0.0;0.0;0.0;0.0;0.0;0.0
50295;0.377778;0.333333;0.111111;0.0;0.177778;0.0;0.0;0.0;0.0;0.0;0.0;0.0;0.0;0.0;0.0;0.0
50296;0.548043;0.177936;0.11032;0.0;0.124555;0.0;0.0;0.0;0.0;0.0;0.0;0.0;0.0;0.0;0.010676;0.02847
50297;0.304952;0.363845;0.147703;0.0;0.147093;0.0;0.0;0.0;0.0;0.0;0.0;0.0;0.0;0.0;0.01595;0.020457
50298;0.304875;0.373127;0.18478;0.0;0.106302;0.0;0.0;0.0;0.0;0.0;0.0;0.0;0.0;0.0;0.013793;0.017122
50901;0.297521;0.380165;0.157025;0.0;0.140496;0.0;0.0;0.0;0.0;0.0;0.0;0.0;0.0;0.0;0.008264;0.016529
50902;0.298507;0.552239;0.134328;0.0;0.0;0.0;0.0;0.0;0.0;0.0;0.0;0.0;0.0;0.0;0.014925;0.0
50903;0.262048;0.321084;0.199398;0.0;0.187349;0.0;0.0;0.0;0.0;0.0;0.0;0.0;0.0;0.0;0.010241;0.01988
51001;0.343382;0.391643;0.235283;0.0;0.024677;0.0;0.0;0.0;0.0;0.0;0.0;0.0;0.0;0.0;0.0;0.005014
52001;0.25597;0.496602;0.161374;0.0;0.030492;0.0;0.0;0.0;0.0;0.0;0.0;0.0;0.0;0.0;0.0;0.055562
