id_municipio;nombre_municipio;total_paro;p_h_u25;p_h_25_44;p_h_o45;p_m_u25;p_m_25_44;p_m_o45;p_agr;p_ind;p_con;p_ser;p_sin_empleo;total_contratos;c_h_indef;c_h_temp;c_h_conv;c_m_indef;c_m_temp;c_m_conv;c_agr;c_ind;c_con;c_ser
15001;ABEGONDO;224;8;31;60;2;50;73;6;32;16;157;13;135;4;71;3;3;52;2;2;2;11;120
15002;AMES;1818;36;288;395;55;535;509;24;108;118;1399;169;562;16;274;21;22;223;6;4;22;18;518
15003;ARANGA;49;0;5;23;1;10;10;6;2;2;36;3;18;0;6;2;1;8;1;6;3;0;9
15004;ARES;375;9;50;102;7;95;112;10;33;48;257;27;41;0;10;3;2;22;4;0;1;1;39
15005;ARTEIXO;2016;44;348;460;50;485;629;24;275;205;1368;144;1197;30;543;27;27;530;40;5;267;54;871
15006;ARZUA;248;6;32;63;5;62;80;15;30;24;164;15;293;1;202;1;2;85;2;3;6;2;282
15007;BAÑA, A;192;0;24;76;3;48;41;14;22;31;116;9;13;1;6;0;1;5;0;0;2;1;10
15008;BERGONDO;341;8;46;105;6;63;113;6;25;26;260;24;356;15;237;25;9;64;6;17;56;48;235
15009;BETANZOS;768;19;108;190;21;199;231;20;65;65;553;65;333;12;141;3;3;165;9;3;17;14;299
15010;BOIMORTO;77;2;8;26;1;17;23;6;8;10;52;1;41;0;16;0;0;24;1;2;0;0;39
15011;BOIRO;1001;39;157;201;37;288;279;30;207;83;616;65;352;9;127;25;6;169;16;20;73;31;228
15012;BOQUEIXON;160;4;21;39;1;53;42;6;11;10;127;6;59;0;26;1;2;30;0;3;22;3;31
15013;BRION;371;9;42;109;10;102;99;5;38;30;267;31;48;5;20;0;2;20;1;7;7;0;34
15014;CABANA DE BERGANTIÑOS;248;10;23;60;4;57;94;5;61;32;135;15;22;0;6;1;1;13;1;1;1;2;18
15015;CABANAS;183;3;28;63;3;35;51;3;21;18;124;17;135;1;68;2;2;60;2;0;19;35;81
15016;CAMARIÑAS;346;13;36;66;10;88;133;25;34;37;227;23;52;6;19;0;7;19;1;19;3;3;27
15017;CAMBRE;1416;44;197;349;34;304;488;19;158;100;1038;101;533;14;220;10;10;270;9;14;46;48;425
15018;CAPELA, A;42;1;6;19;0;7;9;1;8;6;25;2;37;0;16;0;0;20;1;1;3;0;33
15019;CARBALLO;2274;60;305;504;70;544;791;49;505;344;1220;156;443;29;171;22;17;191;13;3;33;72;335
15020;CARNOTA;200;5;24;55;1;30;85;14;32;27;120;7;147;3;59;2;1;82;0;128;2;0;17
15021;CARRAL;287;6;43;71;9;81;77;9;51;24;183;20;85;4;57;5;0;17;2;9;37;3;36
15022;CEDEIRA;330;4;49;76;3;96;102;24;31;22;229;24;69;10;29;0;1;29;0;22;5;3;39
15023;CEE;513;11;62;123;9;148;160;15;60;42;364;32;141;4;69;8;8;41;11;8;30;4;99
15024;CERCEDA;213;11;34;43;7;52;66;5;32;34;133;9;233;9;91;13;3;115;2;5;178;2;48
15025;CERDIDO;49;2;7;21;0;11;8;13;4;5;24;3;16;0;5;1;0;10;0;1;9;0;6
15026;CESURAS;99;1;14;40;5;15;24;7;8;14;66;4;9;0;1;1;2;5;0;2;1;1;5
15027;COIROS;80;2;9;22;3;23;21;3;10;3;59;5;23;1;10;2;3;7;0;2;3;1;17
15028;CORCUBION;99;1;15;28;2;24;29;1;10;9;74;5;24;0;14;0;0;10;0;2;0;0;22
15029;CORISTANCO;422;6;48;133;9;75;151;20;101;93;179;29;51;1;13;3;5;28;1;1;6;4;40
15030;CORUÑA, A;16592;403;2855;4012;451;3858;5013;238;1179;1113;12352;1710;11263;280;5056;266;262;5157;242;80;838;357;9988
15031;CULLEREDO;1827;51;285;418;39;444;590;15;181;148;1327;156;565;9;283;9;11;237;16;0;84;60;421
15032;CURTIS;182;4;24;42;4;52;56;9;19;19;126;9;94;11;44;6;5;25;3;7;20;22;45
15033;DODRO;178;5;25;47;5;33;63;10;35;13;111;9;31;0;9;0;1;21;0;0;5;0;26
15034;DUMBRIA;228;8;20;40;3;61;96;5;21;17;177;8;11;0;6;1;0;4;0;0;2;2;7
15035;FENE;782;17;138;210;10;165;242;17;76;83;537;69;297;3;134;13;6;137;4;2;63;38;194
15036;FERROL;4993;129;868;1182;118;1136;1560;181;354;436;3411;611;1714;38;801;29;49;771;26;4;84;61;1565
15037;FISTERRA;342;8;51;61;11;85;126;22;16;21;264;19;37;0;15;1;1;19;1;8;0;1;28
15038;FRADES;88;2;11;34;2;17;22;8;14;8;52;6;12;1;3;2;1;3;2;5;0;0;7
15039;IRIXOA;50;1;8;20;2;9;10;3;2;4;37;4;7;4;1;1;0;1;0;3;1;1;2
15040;LAXE;228;5;22;62;2;52;85;9;34;25;143;17;26;0;14;1;1;10;0;10;1;1;14
15041;LARACHA, A;615;17;78;139;16;148;217;13;117;58;392;35;133;1;57;4;2;63;6;7;16;12;98
15042;LOUSAME;150;6;28;47;3;34;32;9;25;21;85;10;41;0;20;0;0;21;0;1;23;2;15
15043;MALPICA DE BERGANTIÑOS;279;7;32;63;1;51;125;12;89;20;145;13;43;1;20;9;0;11;2;14;0;1;28
15044;MAÑON;64;0;10;20;2;14;18;4;6;4;50;0;6;0;2;0;1;3;0;1;0;0;5
15045;MAZARICOS;149;2;19;54;1;38;35;16;14;43;73;3;31;1;21;1;1;6;1;15;1;1;14
15046;MELIDE;393;8;50;95;9;101;130;35;42;29;258;29;173;5;86;3;6;69;4;3;19;4;147
15047;MESIA;91;1;7;26;4;23;30;11;15;6;50;9;28;2;17;3;0;5;1;6;6;7;9
15048;MIÑO;326;6;57;82;9;69;103;5;25;35;235;26;55;1;25;1;2;26;0;1;1;3;50
15049;MOECHE;41;1;7;13;2;7;11;3;7;2;29;0;20;0;7;0;0;13;0;0;2;0;18
15050;MONFERO;55;1;11;25;0;10;8;3;4;13;29;6;12;0;8;0;1;3;0;3;1;3;5
15051;MUGARDOS;339;8;58;80;4;91;98;10;38;29;234;28;83;0;21;1;0;61;0;3;1;0;79
15052;MUXIA;266;4;37;58;5;68;94;16;26;28;179;17;47;5;25;1;0;13;3;22;1;4;20
15053;MUROS;417;4;50;105;3;83;172;27;66;45;254;25;56;1;26;1;3;25;0;14;2;0;40
15054;NARON;2544;66;387;502;69;728;792;54;272;206;1733;279;1034;25;430;19;12;534;14;5;91;78;860
15055;NEDA;306;6;64;69;9;65;93;6;37;34;203;26;37;1;14;1;0;21;0;1;2;1;33
15056;NEGREIRA;388;8;51;101;13;101;114;19;32;39;254;44;97;3;42;3;3;44;2;5;6;6;80
15057;NOIA;657;13;108;138;24;175;199;28;67;51;448;63;214;6;106;3;7;88;4;28;9;34;143
15058;OLEIROS;1770;37;297;426;31;402;577;30;144;132;1346;118;633;17;258;24;23;297;14;14;15;21;583
15059;ORDES;689;9;86;116;13;200;265;33;176;43;399;38;277;11;78;7;11;165;5;3;29;8;237
15060;OROSO;385;10;55;65;11;105;139;13;45;31;255;41;101;5;44;8;2;40;2;0;11;2;88
15061;ORTIGUEIRA;329;9;53;92;8;78;89;17;40;33;220;19;68;2;17;2;6;41;0;3;2;0;63
15062;OUTES;253;9;28;80;1;50;85;13;31;38;158;13;47;1;21;4;4;17;0;14;9;2;22
15063;OZA DOS RIOS;132;5;28;38;3;22;36;6;16;17;87;6;51;0;25;1;0;25;0;0;5;0;46
15064;PADERNE;96;2;13;31;1;23;26;1;21;10;58;6;10;0;6;2;0;2;0;0;2;1;7
15065;PADRON;506;10;68;128;16;128;156;13;69;42;340;42;420;3;209;13;2;185;8;1;84;14;321
15066;PINO, O;185;10;20;40;3;49;63;1;14;16;140;14;72;2;43;1;0;26;0;6;2;3;61
15067;POBRA DO CARAMIÑAL, A;450;10;71;101;6;127;135;15;65;29;316;25;456;6;292;4;4;147;3;7;164;2;283
15068;PONTECESO;271;5;36;68;7;69;86;12;59;34;144;22;42;1;18;7;1;13;2;4;5;5;28
15069;PONTEDEUME;452;8;65;126;14;111;128;3;57;34;316;42;147;3;66;8;3;61;6;4;16;4;123
15070;PONTES DE GARCIA RODRIGUEZ, AS;394;2;78;94;5;99;116;9;63;41;256;25;392;3;201;8;0;176;4;3;230;30;129
15071;PORTO DO SON;383;10;70;80;7;98;118;33;34;52;238;26;60;8;23;3;3;23;0;12;2;6;40
15072;RIANXO;634;25;110;128;15;172;184;18;164;67;351;34;108;2;42;5;2;54;3;9;7;10;82
15073;RIBEIRA;1289;34;211;223;30;350;441;61;148;62;931;87;560;25;219;13;13;279;11;72;171;8;309
15074;ROIS;211;3;26;46;1;65;70;1;33;20;140;17;37;1;10;1;0;22;3;8;2;2;25
15075;SADA;927;25;158;221;18;202;303;14;93;69;682;69;264;12;105;6;7;126;8;5;8;43;208
15076;SAN SADURNIÑO;139;2;18;37;4;29;49;12;14;20;80;13;26;1;4;1;1;17;2;1;3;1;21
15077;SANTA COMBA;447;9;52;109;12;112;153;21;59;72;261;34;267;7;125;6;6;118;5;10;22;52;183
15078;SANTIAGO DE COMPOSTELA;5427;123;1081;1190;149;1434;1450;66;296;343;4224;498;5368;115;2332;125;123;2534;139;27;268;120;4953
15079;SANTISO;75;1;8;26;4;12;24;3;12;12;44;4;6;0;0;0;0;4;2;1;0;0;5
15080;SOBRADO;55;1;5;22;2;13;12;1;9;6;35;4;21;2;7;0;1;11;0;1;1;1;18
15081;SOMOZAS, AS;71;2;8;17;3;20;21;4;15;5;43;4;100;1;68;3;0;27;1;0;88;0;12
15082;TEO;893;22;159;210;25;213;264;18;71;74;650;80;774;3;420;9;4;329;9;3;13;7;751
15083;TOQUES;49;1;5;18;0;8;17;3;2;13;26;5;7;0;6;0;0;1;0;2;0;0;5
15084;TORDOIA;117;1;11;39;1;22;43;6;20;13;69;9;10;0;3;1;0;5;1;2;4;0;4
15085;TOURO;148;6;16;48;7;29;42;5;16;14;100;13;127;2;58;1;1;63;2;6;2;2;117
15086;TRAZO;120;4;11;42;6;33;24;5;12;23;73;7;26;1;18;1;1;5;0;1;1;3;21
15087;VALDOVIÑO;348;3;42;100;6;93;104;11;49;26;238;24;47;0;15;3;1;26;2;2;6;5;34
15088;VAL DO DUBRA;145;0;24;50;1;31;39;3;20;16;99;7;35;4;10;3;2;14;2;0;4;0;31
15089;VEDRA;162;3;25;43;3;52;36;10;19;11;115;7;157;2;79;3;1;71;1;79;10;1;67
15090;VILASANTAR;42;0;5;16;1;8;12;4;6;2;29;1;19;0;6;2;2;9;0;2;7;0;10
15091;VILARMAIOR;50;1;7;17;1;15;9;1;5;7;33;4;33;1;20;0;1;11;0;0;0;0;33
15092;VIMIANZO;369;7;50;76;4;86;146;22;80;53;192;22;170;3;74;3;0;88;2;1;9;7;153
15093;ZAS;205;10;12;75;2;28;78;8;34;28;123;12;35;0;13;0;1;21;0;2;7;2;24
15901;CARIÑO;197;5;32;56;1;47;56;18;20;18;127;14;37;4;20;1;1;9;2;10;9;0;18
15902;OZA-CESURAS;0;0;0;0;0;0;0;0;0;0;0;0;0;0;0;0;0;0;0;0;0;0;0
02001;ABENGIBRE;38;0;3;12;2;7;14;10;5;0;20;3;51;0;24;0;3;23;1;14;0;6;31
02002;ALATOZ;42;2;6;5;0;10;19;2;5;11;23;1;5;0;1;0;0;4;0;0;0;0;5
02003;ALBACETE;14167;670;2111;2464;698;3710;4514;632;1177;786;10138;1434;7013;137;3593;141;146;2892;104;1285;343;361;5024
02004;ALBATANA;59;1;5;11;5;7;30;11;5;1;38;4;12;2;8;0;0;2;0;9;2;0;1
02005;ALBOREA;76;3;10;22;3;13;25;18;9;5;41;3;23;2;13;0;0;8;0;5;2;3;13
02006;ALCADOZO;70;1;8;15;1;21;24;4;4;3;59;0;11;0;8;0;0;3;0;0;0;1;10
02007;ALCALA DEL JUCAR;93;3;14;23;4;19;30;7;4;5;73;4;173;4;109;0;1;59;0;6;4;5;158
02008;ALCARAZ;134;5;20;33;7;30;39;14;4;6;106;4;104;0;80;0;0;23;1;91;1;0;12
02009;ALMANSA;2210;113;229;366;90;495;917;65;512;115;1293;225;710;21;405;15;4;250;15;98;240;13;359
02010;ALPERA;207;5;20;33;9;58;82;29;57;14;97;10;91;0;46;0;3;42;0;31;3;0;57
02011;AYNA;36;0;5;12;0;8;11;3;1;8;24;0;28;0;20;0;0;8;0;0;1;0;27
02012;BALAZOTE;168;7;14;28;15;47;57;24;20;10;107;7;74;1;32;1;0;40;0;37;4;4;29
02013;BALSA DE VES;12;0;1;3;1;2;5;2;0;1;6;3;2;0;1;0;0;1;0;1;0;0;1
02014;BALLESTERO, EL;24;1;1;3;1;5;13;2;1;1;20;0;2;0;0;0;0;2;0;0;0;0;2
02015;BARRAX;249;5;13;39;11;74;107;22;27;8;176;16;41;0;31;4;3;3;0;26;1;3;11
02016;BIENSERVIDA;82;4;8;18;2;17;33;12;0;3;65;2;53;0;49;0;0;4;0;42;1;0;10
02017;BOGARRA;97;2;7;39;1;20;28;8;8;26;54;1;11;0;8;0;0;3;0;2;0;1;8
02018;BONETE;71;2;5;12;4;13;35;8;7;7;39;10;70;0;53;2;2;13;0;4;1;45;20
02019;BONILLO, EL;248;3;19;40;9;48;129;23;16;76;127;6;556;0;507;4;0;45;0;525;2;2;27
02020;CARCELEN;44;2;7;6;1;11;17;6;1;1;34;2;2;0;1;0;0;1;0;1;0;0;1
02021;CASAS DE JUAN NÚÑEZ;118;6;13;19;7;29;44;3;13;9;81;12;49;0;17;6;0;26;0;15;9;1;24
02022;CASAS DE LÁZARO;23;1;4;7;0;5;6;2;1;3;17;0;0;0;0;0;0;0;0;0;0;0;0
02023;CASAS DE VES;48;0;5;8;1;12;22;3;2;1;41;1;43;0;20;0;0;23;0;8;0;0;35
02024;CASAS-IBAÑEZ;364;14;38;73;13;83;143;61;50;12;211;30;285;4;149;1;1;126;4;37;24;3;221
02025;CAUDETE;987;54;114;164;45;274;336;74;139;56;629;89;344;11;201;14;2;110;6;91;47;19;187
02026;CENIZATE;84;0;8;15;4;21;36;22;2;2;58;0;33;0;19;1;0;12;1;26;1;0;6
02027;CORRAL-RUBIO;21;2;0;4;0;4;11;3;0;0;16;2;15;0;9;0;0;6;0;8;0;0;7
02028;COTILLAS;15;0;1;8;0;1;5;2;0;2;10;1;0;0;0;0;0;0;0;0;0;0;0
02029;CHINCHILLA DE MONTE-ARAGÓN;324;16;35;59;14;88;112;11;41;16;226;30;257;1;205;2;2;45;2;179;28;3;47
02030;ELCHE DE LA SIERRA;451;14;50;89;22;100;176;33;32;18;349;19;42;1;25;1;0;15;0;5;6;3;28
02031;FEREZ;94;1;7;20;1;21;44;9;3;29;52;1;1;0;1;0;0;0;0;1;0;0;0
02032;FUENSANTA;32;1;5;12;1;3;10;2;2;3;23;2;2;0;2;0;0;0;0;0;0;0;2
02033;FUENTE-ÁLAMO;270;9;24;49;13;64;111;38;22;11;170;29;104;11;54;3;1;34;1;66;0;1;37
02034;FUENTEALBILLA;157;7;14;30;10;38;58;27;15;2;110;3;61;2;30;2;0;27;0;19;4;6;32
02035;GINETA, LA;216;17;26;41;15;61;56;12;22;14;152;16;212;0;132;1;0;77;2;41;22;1;148
02036;GOLOSALVO;10;0;1;4;0;1;4;0;2;1;7;0;0;0;0;0;0;0;0;0;0;0;0
02037;HELLIN;3378;179;397;525;193;848;1236;532;437;147;2083;179;1052;28;636;10;8;361;9;541;103;52;356
02038;HERRERA, LA;35;1;3;6;1;9;15;5;3;1;24;2;34;0;22;0;0;12;0;29;0;1;4
02039;HIGUERUELA;75;4;6;12;7;13;33;10;6;2;50;7;63;0;37;2;0;24;0;32;0;0;31
02040;HOYA-GONZALO;42;0;5;11;0;6;20;3;7;2;24;6;19;0;16;0;0;3;0;13;4;0;2
02041;JORQUERA;36;0;8;11;0;4;13;3;5;6;22;0;1;0;1;0;0;0;0;0;0;0;1
02042;LETUR;129;4;9;38;5;9;64;9;9;6;101;4;4;0;1;1;0;1;1;0;2;1;1
02043;LEZUZA;101;2;17;22;4;19;37;14;12;2;63;10;26;1;13;0;0;11;1;5;4;1;16
02044;LIÉTOR;181;16;6;26;9;33;91;29;9;13;119;11;26;0;22;0;0;4;0;17;0;1;8
02045;MADRIGUERAS;365;14;35;65;14;84;153;65;53;58;170;19;148;1;99;11;3;31;3;63;38;6;41
02046;MAHORA;110;3;12;23;4;27;41;20;17;34;35;4;27;3;12;1;2;9;0;11;0;9;7
02047;MASEGOSO;9;0;1;2;0;1;5;0;0;0;9;0;4;0;4;0;0;0;0;2;1;0;1
02048;MINAYA;113;2;12;28;3;24;44;13;9;27;57;7;30;1;22;0;0;6;1;6;4;12;8
02049;MOLINICOS;103;3;14;23;2;20;41;5;4;2;90;2;30;0;13;1;0;6;10;1;2;1;26
02050;MONTALVOS;2;0;0;1;0;1;0;0;0;0;2;0;11;0;6;0;0;5;0;0;0;0;11
02051;MONTEALEGRE DEL CASTILLO;150;6;13;19;9;47;56;11;42;8;71;18;203;2;163;7;1;27;3;147;47;1;8
02052;MOTILLEJA;51;2;7;13;1;13;15;9;0;5;33;4;3;0;1;2;0;0;0;1;0;0;2
02053;MUNERA;258;6;14;37;15;60;126;47;55;40;107;9;145;0;85;1;0;58;1;33;1;11;100
02054;NAVAS DE JORQUERA;44;1;3;8;0;8;24;9;2;6;26;1;50;1;34;0;1;12;2;46;3;0;1
02055;NERPIO;126;4;18;34;3;19;48;3;7;8;105;3;7;0;3;0;0;4;0;1;0;0;6
02056;ONTUR;143;5;23;28;5;38;44;27;16;9;89;2;51;0;40;0;0;11;0;41;3;0;7
02057;OSSA DE MONTIEL;262;7;23;55;6;60;111;20;38;7;197;0;78;1;31;3;0;42;1;0;3;9;66
02058;PATERNA DEL MADERA;31;1;4;9;0;8;9;0;11;2;17;1;0;0;0;0;0;0;0;0;0;0;0
02059;PEÑASCOSA;20;1;3;1;0;3;12;0;1;0;17;2;1;0;0;0;0;1;0;0;0;0;1
02060;PEÑAS DE SAN PEDRO;119;3;15;27;3;28;43;14;10;4;88;3;3;0;2;1;0;0;0;0;2;0;1
02061;PETROLA;46;0;5;14;3;6;18;4;4;3;34;1;13;0;12;0;0;1;0;12;0;0;1
02062;POVEDILLA;56;2;7;13;2;4;28;9;6;3;37;1;8;0;7;0;1;0;0;5;1;0;2
02063;POZOHONDO;167;5;19;35;9;38;61;15;10;9;128;5;51;0;43;0;0;7;1;39;1;1;10
02064;POZO-LORENTE;46;3;6;19;1;8;9;3;4;6;31;2;24;0;15;0;0;9;0;23;0;0;1
02065;POZUELO;38;1;4;3;0;5;25;3;2;1;32;0;18;0;15;0;0;3;0;8;0;0;10
02066;RECUEJA, LA;14;1;2;5;1;1;4;5;0;0;9;0;1;0;1;0;0;0;0;1;0;0;0
02067;RIOPAR;142;3;17;39;3;25;55;15;3;5;117;2;23;1;9;0;0;12;1;0;0;2;21
02068;ROBLEDO;29;2;0;8;3;7;9;2;1;3;22;1;15;1;7;0;0;7;0;13;1;0;1
02069;RODA, LA;1325;64;179;194;74;370;444;174;168;29;804;150;475;18;253;20;5;174;5;164;47;7;257
02070;SALOBRE;30;0;4;8;4;6;8;5;0;1;24;0;50;0;29;2;0;16;3;26;0;2;22
02071;SAN PEDRO;116;4;9;35;2;21;45;6;4;8;93;5;40;0;24;1;0;15;0;1;0;0;39
02072;SOCOVOS;225;6;35;47;7;49;81;26;15;12;156;16;9;0;4;0;0;5;0;3;0;1;5
02073;TARAZONA DE LA MANCHA;633;18;56;109;20;169;261;121;59;26;381;46;201;3;152;4;2;40;0;39;2;13;147
02074;TOBARRA;620;27;66;120;30;164;213;81;89;37;383;30;525;3;408;0;5;109;0;426;8;4;87
02075;VALDEGANGA;156;10;21;35;9;34;47;15;20;26;80;15;55;0;22;0;0;33;0;8;0;1;46
02076;VIANOS;30;1;3;7;0;4;15;3;2;1;22;2;2;0;1;0;0;1;0;1;0;0;1
02077;VILLA DE VES;8;1;1;2;0;3;1;1;0;1;6;0;1;0;1;0;0;0;0;0;0;1;0
02078;VILLALGORDO DEL JUCAR;52;2;8;15;1;10;16;8;4;4;34;2;17;1;7;0;1;7;1;5;0;1;11
02079;VILLAMALEA;307;7;36;65;13;66;120;71;47;14;168;7;199;3;83;4;1;102;6;138;6;4;51
02080;VILLAPALACIOS;59;1;6;19;3;9;21;6;6;3;43;1;18;0;18;0;0;0;0;17;1;0;0
02081;VILLARROBLEDO;2108;109;262;327;111;637;662;399;197;103;1327;82;1198;13;649;16;4;511;5;462;340;39;357
02082;VILLATOYA;8;0;1;4;0;1;2;2;0;0;6;0;2;0;0;0;0;2;0;0;0;0;2
02083;VILLAVALIENTE;17;0;2;2;0;4;9;1;2;0;11;3;3;0;3;0;0;0;0;3;0;0;0
02084;VILLAVERDE DE GUADALIMAR;59;1;5;19;1;12;21;5;1;3;48;2;9;0;8;0;0;1;0;0;2;0;7
02085;VIVEROS;27;2;2;5;1;6;11;7;1;0;17;2;2;0;2;0;0;0;0;1;0;0;1
02086;YESTE;318;11;36;99;12;64;96;37;8;59;208;6;34;1;11;1;0;21;0;0;2;3;29
02901;POZO CAÑADA;249;6;22;48;17;75;81;30;21;12;168;18;106;1;77;2;0;26;0;64;11;0;31
03001;ADSUBIA;18;0;3;3;1;7;4;1;0;0;17;0;15;1;8;0;0;4;2;1;1;2;11
03002;AGOST;376;16;54;108;17;92;89;61;54;28;205;28;109;3;64;2;1;38;1;28;29;17;35
03003;AGRES;30;2;5;13;1;4;5;3;3;3;20;1;17;0;9;1;0;7;0;0;3;0;14
03004;AIGÜES;71;3;9;21;2;15;21;0;4;6;58;3;11;0;4;0;0;6;1;0;0;0;11
03005;ALBATERA;1054;32;140;188;55;266;373;142;239;58;535;80;732;5;616;9;3;95;4;593;26;6;107
03006;ALCALALI;43;4;2;17;2;6;12;0;3;7;31;2;6;0;1;0;0;3;2;0;0;0;6
03007;ALCOCER DE PLANES;10;0;3;4;0;0;3;1;3;1;5;0;1;0;1;0;0;0;0;0;0;0;1
03008;ALCOLEJA;11;0;4;3;1;2;1;0;2;3;6;0;10;0;4;0;0;6;0;0;0;0;10
03009;ALCOY/ALCOI;5118;191;707;1082;181;1143;1814;124;1028;327;3364;275;1355;32;700;44;29;500;50;45;390;47;873
03010;ALFAFARA;28;2;3;7;1;4;11;2;11;0;15;0;8;0;4;1;0;3;0;0;1;0;7
03011;ALFAS DEL PI, L';971;35;157;221;39;210;309;15;19;71;851;15;419;16;190;14;28;154;17;0;4;61;354
03012;ALGORFA;161;3;16;27;7;48;60;4;15;20;119;3;84;1;59;4;0;20;0;46;5;8;25
03013;ALGUEÑA;138;5;23;33;3;31;43;13;39;4;66;16;27;1;16;0;0;9;1;5;6;0;16
03014;ALICANTE/ALACANT;27854;1008;4477;6802;894;6272;8401;561;1411;2592;21092;2198;12783;349;5923;284;350;5601;276;555;515;886;10827
03015;ALMORADI;1975;82;284;409;90;504;606;139;244;223;1148;221;652;18;438;18;6;163;9;257;43;59;293
03016;ALMUDAINA;3;0;0;1;0;0;2;0;0;1;2;0;0;0;0;0;0;0;0;0;0;0;0
03017;ALQUERIA D'ASNAR, L';25;0;3;4;1;7;10;0;9;4;11;1;12;1;8;0;0;3;0;0;1;0;11
03018;ALTEA;1424;45;214;355;58;332;420;30;39;134;1186;35;363;16;170;21;11;130;15;22;7;47;287
03019;ASPE;1860;85;278;438;65;402;592;248;340;157;925;190;440;9;232;4;4;177;14;79;104;38;219
03020;BALONES;16;1;2;6;0;2;5;0;0;2;14;0;0;0;0;0;0;0;0;0;0;0;0
03021;BANYERES DE MARIOLA;357;9;40;46;17;87;158;8;132;7;181;29;152;3;69;12;1;64;3;0;54;4;94
03022;BENASAU;4;0;0;3;0;0;1;0;0;0;4;0;6;0;4;1;0;1;0;0;2;0;4
03023;BENEIXAMA;81;6;7;15;5;19;29;7;23;3;43;5;68;3;43;0;0;21;1;28;2;2;36
03024;BENEJUZAR;435;20;62;98;28;94;133;23;70;62;251;29;140;9;97;9;6;19;0;5;2;31;102
03025;BENFERRI;141;5;20;36;0;32;48;13;26;21;74;7;23;0;15;2;0;6;0;14;3;0;6
03026;BENIARBEIG;125;8;20;30;1;22;44;1;3;14;100;7;46;0;27;1;0;18;0;0;2;3;41
03027;BENIARDA;9;0;1;3;0;1;4;1;0;0;8;0;7;0;6;0;0;1;0;6;0;0;1
03028;BENIARRES;75;3;10;18;0;16;28;6;17;8;42;2;5;0;2;1;0;2;0;0;2;1;2
03029;BENIGEMBLA;9;1;0;1;0;2;5;0;1;0;7;1;8;0;7;0;1;0;0;0;0;1;7
03030;BENIDOLEIG;55;2;7;13;1;16;16;3;4;7;41;0;30;0;18;0;0;12;0;5;1;2;22
03031;BENIDORM;5559;233;982;1183;171;1292;1698;51;116;269;5059;64;3728;59;1735;65;68;1733;68;1;56;167;3504
03032;BENIFALLIM;9;0;1;4;0;1;3;0;1;3;5;0;0;0;0;0;0;0;0;0;0;0;0
03033;BENIFATO;12;1;1;5;0;3;2;1;0;1;10;0;1;0;0;0;0;1;0;0;0;0;1
03034;BENIJOFAR;176;12;32;34;10;28;60;2;13;24;131;6;70;2;41;2;0;24;1;0;0;21;49
03035;BENILLOBA;59;5;9;16;3;6;20;1;9;3;44;2;1;0;1;0;0;0;0;0;0;0;1
03036;BENILLUP;5;0;0;3;0;0;2;0;1;2;2;0;1;0;0;0;0;1;0;0;0;0;1
03037;BENIMANTELL;35;3;8;5;0;7;12;1;1;0;32;1;6;1;3;1;0;0;1;2;0;1;3
03038;BENIMARFULL;19;1;2;6;0;3;7;1;3;2;12;1;23;0;12;0;0;11;0;17;5;0;1
03039;BENIMASSOT;13;0;3;6;0;2;2;0;0;1;12;0;0;0;0;0;0;0;0;0;0;0;0
03040;BENIMELI;17;0;4;5;0;1;7;0;2;0;14;1;4;0;2;1;0;1;0;0;0;2;2
03041;BENISSA;648;22;101;152;21;163;189;16;30;88;495;19;156;4;81;11;6;48;6;2;9;31;114
03042;BENITACHELL/POBLE NOU DE BENITATXELL, EL;125;4;20;24;4;42;31;1;6;13;99;6;48;2;24;1;0;19;2;0;2;12;34
03043;BIAR;217;11;23;48;6;40;89;10;59;6;119;23;132;2;95;0;0;34;1;7;21;14;90
03044;BIGASTRO;570;13;86;115;17;159;180;55;76;93;303;43;919;12;775;6;14;109;3;684;23;30;182
03045;BOLULLA;14;0;1;5;0;4;4;0;0;0;14;0;1;0;1;0;0;0;0;1;0;0;0
03046;BUSOT;147;10;19;33;3;30;52;5;13;13;113;3;28;0;11;5;0;11;1;0;0;2;26
03047;CALPE/CALP;1510;69;262;347;61;366;405;22;40;167;1248;33;468;17;198;18;9;213;13;1;10;54;403
03048;CALLOSA D'EN SARRIA;465;20;82;113;30;116;104;102;8;44;305;6;98;2;47;1;0;46;2;33;8;5;52
03049;CALLOSA DE SEGURA;1557;83;231;316;62;414;451;112;293;125;866;161;246;0;113;15;5;105;8;11;81;13;141
03050;CAMPELLO, EL;1736;62;263;401;60;397;553;26;99;186;1346;79;362;9;132;10;14;186;11;3;12;46;301
03051;CAMPO DE MIRRA/CAMP DE MIRRA, EL;18;0;3;6;0;2;7;4;4;1;8;1;27;0;9;1;0;17;0;14;2;3;8
03052;CAÑADA;49;1;2;4;2;14;26;3;11;0;32;3;17;0;12;1;0;4;0;2;6;2;7
03053;CASTALLA;754;29;95;141;30;195;264;16;245;68;365;60;233;4;141;14;0;70;4;8;83;18;124
03054;CASTELL DE CASTELLS;29;1;6;10;1;4;7;0;2;3;22;2;6;0;3;0;0;3;0;0;0;0;6
03055;CATRAL;711;25;83;152;25;196;230;39;180;49;390;53;259;4;155;5;6;85;4;22;82;17;138
03056;COCENTAINA;936;37;104;208;36;182;369;17;231;64;557;67;365;12;180;16;11;134;12;0;75;4;286
03057;CONFRIDES;20;1;4;7;0;6;2;1;2;1;15;1;2;0;1;0;0;1;0;0;1;0;1
03058;COX;481;30;75;111;18;138;109;39;69;32;306;35;651;6;458;14;3;163;7;380;71;25;175
03059;CREVILLENT;3245;120;430;715;114;705;1161;113;997;214;1646;275;535;15;295;24;14;179;8;7;258;26;244
03060;QUATRETONDETA;6;1;2;2;0;0;1;2;0;0;4;0;2;0;1;0;0;1;0;1;0;0;1
03061;DAYA NUEVA;142;5;15;40;11;32;39;8;14;13;91;16;39;3;17;2;6;10;1;13;6;2;18
03062;DAYA VIEJA;31;0;1;10;2;7;11;2;3;4;20;2;6;0;6;0;0;0;0;0;1;3;2
03063;DENIA;3425;149;520;849;106;715;1086;33;165;405;2656;166;943;46;426;31;17;389;34;4;30;106;803
03064;DOLORES;643;26;96;138;32;152;199;49;155;58;316;65;120;0;63;3;0;53;1;12;17;14;77
03065;ELCHE/ELX;23006;752;3189;4788;756;5220;8301;788;5515;1606;13586;1511;6205;215;2938;205;177;2506;164;140;1173;433;4459
03066;ELDA;5422;244;744;1065;218;1110;2041;148;1604;302;2915;453;943;39;408;44;43;369;40;1;456;64;422
03067;FACHECA;10;1;2;2;0;1;4;1;1;0;8;0;1;0;0;0;1;0;0;0;0;0;1
03068;FAMORCA;2;0;0;2;0;0;0;0;0;0;2;0;0;0;0;0;0;0;0;0;0;0;0
03069;FINESTRAT;399;11;61;95;11;106;115;1;10;20;366;2;403;9;199;11;6;168;10;0;8;61;334
03070;FORMENTERA DEL SEGURA;282;13;41;70;7;71;80;20;29;25;198;10;66;7;37;2;1;18;1;2;5;14;45
03071;GATA DE GORGOS;318;9;47;78;7;83;94;4;31;27;239;17;33;2;18;0;0;13;0;0;4;3;26
03072;GAIANES;30;1;5;12;0;5;7;2;6;4;16;2;4;0;2;1;0;1;0;0;2;0;2
03073;GORGA;24;1;3;4;0;3;13;2;2;0;19;1;5;0;4;0;0;1;0;3;0;0;2
03074;GRANJA DE ROCAMORA;185;8;38;31;13;48;47;19;27;13;114;12;34;0;19;9;0;5;1;4;3;7;20
03075;CASTELL DE GUADALEST, EL;10;0;2;1;0;2;5;1;0;1;8;0;3;0;1;0;0;2;0;0;0;0;3
03076;GUARDAMAR DEL SEGURA;991;48;163;222;24;257;277;19;91;95;770;16;307;18;123;11;15;135;5;9;13;27;258
03077;HONDÓN DE LAS NIEVES/FONDÓ DE LES NEUS,E;148;4;20;43;4;30;47;12;33;5;80;18;26;1;16;1;0;7;1;11;3;0;12
03078;HONDON DE LOS FRAILES;49;0;8;13;2;14;12;3;12;6;25;3;6;0;2;0;0;4;0;2;0;0;4
03079;IBI;1829;54;223;316;59;373;804;54;707;80;860;128;791;19;394;43;8;314;13;10;357;43;381
03080;JACARILLA;145;2;15;35;7;32;54;8;28;14;85;10;60;7;21;7;8;17;0;28;4;12;16
03081;JALON/XALÓ;134;7;21;41;4;23;38;0;7;9;113;5;15;0;6;2;1;6;0;0;2;4;9
03082;JAVEA/XABIA;1508;50;254;379;59;339;427;19;42;191;1176;80;428;20;190;29;11;163;15;6;12;60;350
03083;JIJONA/XIXONA;302;22;46;76;14;57;87;7;106;15;160;14;649;3;360;1;1;282;2;5;496;9;139
03084;LORCHA/ORXA, L';38;1;3;11;1;7;15;1;10;3;24;0;5;0;3;1;0;1;0;0;3;0;2
03085;LLIBER;24;0;3;5;3;4;9;0;1;4;16;3;2;0;0;1;0;1;0;0;0;0;2
03086;MILLENA;8;1;2;2;0;1;2;0;1;1;6;0;10;0;5;0;1;4;0;2;0;0;8
03088;MONFORTE DEL CID;516;23;116;112;19;135;111;123;71;48;234;40;199;2;101;6;1;86;3;88;11;29;71
03089;MONOVAR/MONOVER;1234;37;160;289;29;249;470;39;469;72;589;65;241;14;106;5;6;105;5;13;153;4;71
03090;MUTXAMEL;1563;62;274;370;37;372;448;34;109;148;1212;60;923;4;441;13;9;450;6;16;88;65;754
03091;MURLA;22;2;5;2;0;6;7;1;2;0;15;4;13;0;8;0;2;3;0;0;0;0;13
03092;MURO DE ALCOY;642;26;87;114;6;162;247;20;151;41;389;41;205;35;112;4;4;39;11;6;43;37;119
03093;NOVELDA;2157;88;360;553;62;438;656;327;474;170;999;187;652;12;222;24;23;356;15;328;82;27;215
03094;NUCIA, LA;1032;49;159;190;32;269;333;22;33;78;885;14;239;6;107;13;7;99;7;11;7;28;193
03095;ONDARA;568;20;90;147;14;121;176;8;27;59;445;29;224;3;57;6;3;145;10;0;4;8;212
03096;ONIL;545;18;71;122;16;111;207;14;248;30;221;32;150;4;55;4;8;74;5;0;40;6;104
03097;ORBA;83;1;18;19;0;18;27;2;2;10;65;4;13;1;1;3;0;7;1;0;0;2;11
03098;ORXETA;51;3;9;12;0;11;16;1;3;3;43;1;5;0;2;1;0;2;0;0;1;0;4
03099;ORIHUELA;4967;182;698;1202;174;1147;1564;294;533;615;3194;331;3102;133;1747;76;98;986;62;917;108;233;1844
03100;PARCENT;37;2;6;14;1;3;11;1;0;7;28;1;3;0;2;0;0;1;0;0;0;0;3
03101;PEDREGUER;509;14;65;140;13;121;156;10;47;40;385;27;116;6;68;4;1;34;3;0;16;15;85
03102;PEGO;514;17;75;108;29;144;141;35;32;59;359;29;96;4;47;7;3;32;3;8;2;37;49
03103;PENAGUILA;14;1;2;5;0;3;3;0;0;1;11;2;17;1;12;0;0;3;1;7;0;1;9
03104;PETRER;3712;144;410;761;106;697;1594;50;1469;196;1762;235;665;36;294;32;17;262;24;0;223;39;403
03105;PINOSO/PINÓS, EL;567;28;84;137;12;126;180;70;184;32;226;55;166;16;84;7;11;45;3;24;39;28;75
03106;PLANES;38;2;2;14;0;6;14;7;10;3;17;1;10;0;8;0;0;2;0;8;0;0;2
03107;POLOP;308;11;45;71;12;82;87;9;8;25;262;4;57;2;32;1;3;17;2;4;3;10;40
03109;RAFAL;397;15;51;90;16;101;124;33;49;57;236;22;45;2;27;3;0;11;2;2;1;25;17
03110;RAFOL D'ALMUNIA, EL;16;0;4;3;0;8;1;0;2;2;11;1;13;1;12;0;0;0;0;0;0;12;1
03111;REDOVAN;750;33;103;163;24;184;243;42;121;95;422;70;130;2;78;6;1;43;0;4;6;49;71
03112;RELLEU;62;2;9;17;1;17;16;4;4;5;45;4;13;0;11;0;0;2;0;2;0;2;9
03113;ROJALES;584;24;92;157;18;114;179;25;60;86;400;13;227;16;110;9;5;83;4;5;21;34;167
03114;ROMANA, LA;136;6;16;33;4;35;42;25;34;5;61;11;237;2;56;1;1;177;0;212;4;2;19
03115;SAGRA;23;1;4;6;0;3;9;1;1;3;16;2;1;0;1;0;0;0;0;0;0;0;1
03116;SALINAS;168;7;18;33;2;31;77;4;56;10;90;8;27;0;12;2;1;12;0;1;9;0;17
03117;SANET Y NEGRALS;37;3;1;8;1;9;15;0;3;4;29;1;1;0;1;0;0;0;0;0;1;0;0
03118;SAN FULGENCIO;409;12;53;113;22;83;126;15;41;41;286;26;82;6;34;1;2;35;4;0;9;4;69
03119;SANT JOAN D'ALACANT;1579;57;274;319;58;363;508;22;81;134;1284;58;599;25;260;17;14;265;18;110;7;115;367
03120;SAN MIGUEL DE SALINAS;322;26;48;78;14;68;88;17;17;41;228;19;121;8;80;7;0;22;4;38;10;36;37
03121;SANTA POLA;2757;86;460;563;91;714;843;24;257;202;2186;88;440;16;193;17;9;187;18;8;37;55;340
03122;SAN VICENTE DEL RASPEIG/SANT VICENT DEL;4462;174;705;902;149;1126;1406;73;360;411;3377;241;1118;36;622;22;31;376;31;2;146;122;848
03123;SAX;861;31;120;170;28;187;325;39;288;42;407;85;342;3;143;9;5;174;8;0;137;4;201
03124;SELLA;26;0;8;5;0;7;6;1;1;1;22;1;7;0;5;0;0;2;0;0;0;0;7
03125;SENIJA;39;0;6;9;1;10;13;2;0;3;33;1;2;0;2;0;0;0;0;0;1;0;1
03127;TARBENA;34;2;9;10;2;5;6;1;0;1;31;1;12;0;8;0;0;3;1;1;0;0;11
03128;TEULADA;531;24;83;106;12;151;155;15;20;50;433;13;163;10;64;12;8;58;11;0;4;24;135
03129;TIBI;94;2;12;25;3;17;35;2;26;4;59;3;13;0;10;0;0;1;2;0;7;1;5
03130;TOLLOS;1;1;0;0;0;0;0;0;0;0;1;0;0;0;0;0;0;0;0;0;0;0;0
03131;TORMOS;14;2;2;1;0;3;6;1;2;2;9;0;8;0;2;0;0;6;0;1;0;1;6
03132;TORREMANZANAS/TORRE DE LES MAÇANES, LA;34;3;3;4;1;10;13;2;7;2;23;0;12;3;5;0;0;4;0;0;0;1;11
03133;TORREVIEJA;7660;288;1116;1938;261;1686;2371;184;368;884;6066;158;1744;64;669;71;53;818;69;9;28;146;1561
03134;VALL D'ALCALA, LA;10;1;1;2;0;1;5;0;0;0;10;0;2;1;0;0;0;1;0;1;0;0;1
03135;VALL DE EBO;13;2;1;2;0;1;7;1;0;0;11;1;0;0;0;0;0;0;0;0;0;0;0
03136;VALL DE GALLINERA;26;1;5;7;0;5;8;7;2;1;16;0;2;0;1;0;1;0;0;1;0;0;1
03137;VALL DE LAGUAR, LA;41;0;7;15;1;7;11;1;2;2;35;1;22;0;7;2;0;7;6;0;4;0;18
03138;VERGER, EL;349;17;49;90;5;80;108;10;12;52;246;29;70;8;34;1;1;25;1;0;7;17;46
03139;VILLAJOYOSA/VILA JOIOSA, LA;2969;134;483;648;124;710;870;50;158;230;2381;150;629;17;309;13;12;263;15;9;57;114;449
03140;VILLENA;2999;133;395;582;113;611;1165;246;787;179;1371;416;642;33;316;30;9;239;15;111;138;59;334
03901;POBLETS, ELS;109;2;15;31;2;26;33;1;4;16;84;4;25;0;8;0;1;13;3;0;0;1;24
03902;PILAR DE LA HORADADA;1173;65;184;242;66;317;299;140;69;122;819;23;511;27;244;17;8;190;25;184;9;51;267
03903;MONTESINOS, LOS;293;13;36;72;18;71;83;16;17;34;220;6;107;0;78;8;0;21;0;72;2;11;22
03904;SAN ISIDRO;173;12;19;28;5;50;59;5;52;12;94;10;145;5;109;8;1;20;2;3;13;6;123
04001;ABLA;81;3;11;27;6;24;10;14;3;5;52;7;35;0;15;0;1;17;2;5;1;3;26
04002;ABRUCENA;74;5;10;16;8;16;19;9;4;12;44;5;45;0;19;0;0;26;0;4;0;2;39
04003;ADRA;1973;101;334;410;91;540;497;380;68;197;1136;192;488;6;251;12;14;202;3;185;7;29;267
04004;ALBANCHEZ;18;0;1;11;0;4;2;1;2;0;15;0;16;0;8;0;0;8;0;3;3;1;9
04005;ALBOLODUY;33;2;8;7;2;8;6;7;6;5;14;1;7;0;2;0;0;5;0;2;0;0;5
04006;ALBOX;768;48;114;168;35;221;182;51;37;96;514;70;252;7;126;3;5;106;5;27;27;21;177
04007;ALCOLEA;64;2;6;24;9;10;13;5;0;12;44;3;45;0;29;0;0;16;0;18;1;0;26
04008;ALCONTAR;21;0;2;9;1;5;4;4;2;2;12;1;10;0;3;0;0;6;1;0;2;0;8
04009;ALCUDIA DE MONTEAGUD;5;1;0;3;0;0;1;1;0;1;3;0;1;1;0;0;0;0;0;0;0;0;1
04010;ALHABIA;53;4;7;18;0;15;9;1;3;18;26;5;10;0;6;0;1;3;0;0;1;1;8
04011;ALHAMA DE ALMERIA;323;14;46;80;11;97;75;24;24;32;214;29;81;3;28;0;1;47;2;10;3;9;59
04012;ALICUN;25;1;1;9;0;3;11;1;1;1;21;1;6;2;1;0;0;3;0;0;0;1;5
04013;ALMERIA;18362;670;3311;3991;684;4700;5006;1133;567;1861;12693;2108;7381;190;3531;163;131;3233;133;870;118;469;5924
04014;ALMOCITA;10;0;2;0;0;1;7;1;0;2;6;1;9;0;7;0;0;2;0;0;0;0;9
04015;ALSODUX;8;1;2;2;0;2;1;1;0;0;7;0;0;0;0;0;0;0;0;0;0;0;0
04016;ANTAS;130;4;23;22;4;33;44;13;6;8;97;6;693;186;385;10;15;92;5;139;3;39;512
04017;ARBOLEAS;143;6;29;28;13;38;29;12;8;24;86;13;124;4;77;4;2;36;1;32;4;7;81
04018;ARMUÑA DE ALMANZORA;17;0;7;3;1;2;4;1;0;5;11;0;10;0;6;0;0;4;0;8;0;0;2
04019;BACARES;12;1;3;1;2;1;4;0;0;0;11;1;10;0;4;0;0;6;0;3;0;1;6
04020;BAYARCAL;17;2;3;6;0;4;2;1;0;3;13;0;8;0;3;0;0;5;0;2;0;0;6
04021;BAYARQUE;9;1;1;0;0;4;3;0;0;3;5;1;6;0;1;0;0;5;0;1;0;0;5
04022;BEDAR;36;3;6;12;1;7;7;0;5;4;25;2;5;0;2;0;0;3;0;0;0;0;5
04023;BEIRES;7;0;2;3;1;0;1;1;0;1;5;0;1;0;0;1;0;0;0;0;0;0;1
04024;BENAHADUX;385;8;53;62;22;119;121;24;20;23;280;38;105;2;27;2;2;71;1;10;46;5;44
04026;BENITAGLA;3;0;1;1;0;1;0;0;0;0;3;0;4;0;2;0;0;2;0;0;0;0;4
04027;BENIZALON;16;1;3;5;1;1;5;2;0;1;13;0;8;0;4;0;0;4;0;3;0;0;5
04028;BENTARIQUE;8;0;2;3;0;3;0;1;0;1;6;0;10;0;5;0;0;5;0;4;0;0;6
04029;BERJA;1143;46;221;304;56;255;261;224;40;180;617;82;394;1;272;2;4;113;2;241;11;31;111
04030;CANJAYAR;95;4;20;35;2;22;12;10;5;16;59;5;26;0;21;0;0;5;0;4;3;1;18
04031;CANTORIA;218;7;32;56;6;50;67;13;17;28;139;21;174;15;90;17;6;44;2;20;78;9;67
04032;CARBONERAS;665;32;105;122;23;214;169;54;43;59;461;48;129;5;86;3;2;31;2;29;7;9;84
04033;CASTRO DE FILABRES;5;1;0;1;0;1;2;0;0;0;5;0;1;0;1;0;0;0;0;0;0;0;1
04034;COBDAR;9;0;3;1;0;3;2;1;0;1;7;0;5;0;3;0;0;2;0;1;0;0;4
04035;CUEVAS DEL ALMANZORA;989;44;162;177;60;294;252;152;22;76;668;71;1256;74;855;7;29;288;3;860;7;13;376
04036;CHERCOS;18;0;2;5;3;6;2;0;4;0;13;1;1;0;0;0;0;1;0;0;0;0;1
04037;CHIRIVEL;51;2;10;14;1;16;8;4;2;3;41;1;39;0;18;0;1;20;0;9;0;0;30
04038;DALIAS;232;9;28;65;10;63;57;45;6;27;137;17;74;1;52;0;0;21;0;25;1;12;36
04041;ENIX;18;0;6;5;0;2;5;3;1;2;11;1;10;0;5;0;0;5;0;6;0;0;4
04043;FELIX;42;3;3;16;0;10;10;5;0;4;32;1;7;0;2;0;0;5;0;2;0;0;5
04044;FINES;185;11;20;41;4;52;57;17;28;10;117;13;47;0;26;4;0;17;0;7;12;7;21
04045;FIÑANA;155;7;29;47;7;41;24;29;14;13;87;12;27;0;8;0;2;17;0;14;1;0;12
04046;FONDON;57;3;6;19;0;11;18;5;5;5;40;2;32;0;10;0;0;22;0;6;0;1;25
04047;GADOR;333;18;57;80;19;83;76;38;27;29;199;40;70;0;49;0;2;17;2;33;13;0;24
04048;GALLARDOS, LOS;146;10;18;24;5;43;46;12;3;8;114;9;54;0;33;1;4;15;1;3;3;4;44
04049;GARRUCHA;995;43;169;197;55;252;279;29;15;62;839;50;158;5;75;19;4;49;6;21;0;23;114
04050;GERGAL;72;4;14;18;5;19;12;17;1;8;42;4;37;0;24;0;0;13;0;26;0;1;10
04051;HUECIJA;24;0;4;8;0;8;4;1;2;3;18;0;9;0;5;0;0;4;0;2;2;0;5
04052;HUERCAL DE ALMERIA;1482;70;224;294;52;435;407;65;50;134;1109;124;362;16;205;23;4;103;11;6;18;38;300
04053;HUERCAL-OVERA;1179;35;188;207;58;403;288;151;65;81;776;106;513;46;276;12;5;166;8;98;14;25;376
04054;ILLAR;19;0;4;8;0;2;5;1;2;2;14;0;11;0;3;0;0;8;0;3;0;0;8
04055;INSTINCION;19;1;3;6;1;5;3;2;0;4;11;2;7;0;2;0;0;5;0;1;1;0;5
04056;LAROYA;8;0;2;3;0;1;2;1;0;1;6;0;1;0;0;0;0;1;0;0;0;0;1
04057;LAUJAR DE ANDARAX;121;1;14;41;1;28;36;11;7;20;81;2;71;0;42;1;0;27;1;23;1;5;42
04058;LIJAR;30;1;7;8;2;7;5;1;4;3;21;1;6;0;2;0;0;4;0;0;0;0;6
04059;LUBRIN;61;2;12;18;3;15;11;4;2;13;36;6;38;0;18;1;0;19;0;2;16;5;15
04060;LUCAINENA DE LAS TORRES;36;1;2;8;5;10;10;6;0;2;26;2;55;0;42;0;0;13;0;41;1;2;11
04061;LUCAR;67;2;11;12;2;18;22;3;9;5;46;4;30;0;11;0;0;19;0;16;0;5;9
04062;MACAEL;458;19;66;86;11;110;166;18;100;23;267;50;83;2;30;5;1;44;1;10;15;3;55
04063;MARIA;50;1;9;9;2;15;14;4;5;2;38;1;20;0;7;0;1;10;2;4;3;2;11
04064;MOJACAR;430;16;58;84;15;102;155;6;6;13;386;19;281;7;110;4;16;138;6;0;5;27;249
04065;NACIMIENTO;30;1;7;4;2;6;10;6;9;1;14;0;11;0;4;0;0;7;0;6;0;0;5
04066;NIJAR;1974;81;419;408;83;525;458;556;39;122;1109;148;2093;71;1049;32;24;899;18;1036;20;28;1009
04067;OHANES;50;1;6;25;3;8;7;7;0;5;38;0;10;1;5;0;0;4;0;5;0;0;5
04068;OLULA DE CASTRO;7;0;3;2;0;1;1;0;1;0;5;1;0;0;0;0;0;0;0;0;0;0;0
04069;OLULA DEL RIO;598;9;65;134;15;185;190;35;89;42;383;49;104;2;40;0;2;59;1;0;5;14;85
04070;ORIA;87;9;16;26;3;16;17;12;7;9;51;8;143;2;34;12;1;85;9;10;1;7;125
04071;PADULES;21;1;4;9;0;3;4;0;0;3;18;0;10;1;6;0;0;3;0;3;0;1;6
04072;PARTALOA;11;0;3;3;0;3;2;0;2;0;8;1;19;0;10;0;0;9;0;5;0;1;13
04073;PATERNA DEL RIO;25;1;3;9;0;6;6;1;0;4;18;2;2;0;2;0;0;0;0;0;0;0;2
04074;PECHINA;426;21;53;101;26;110;115;45;17;40;273;51;207;2;115;0;6;84;0;167;5;8;27
04075;PULPI;346;10;61;67;11;107;90;91;15;24;194;22;2575;48;1709;18;39;749;12;2247;21;35;272
04076;PURCHENA;102;3;17;22;5;23;32;8;21;14;49;10;35;0;23;0;0;12;0;14;2;2;17
04077;RAGOL;10;0;0;3;1;3;3;2;0;1;7;0;12;0;8;0;0;4;0;5;0;0;7
04078;RIOJA;184;4;32;45;9;36;58;18;9;21;128;8;22;0;9;1;0;12;0;2;2;0;18
04079;ROQUETAS DE MAR;8395;299;1500;1650;302;2415;2229;1053;270;789;5748;535;2424;119;1236;53;64;918;34;641;39;262;1482
04080;SANTA CRUZ DE MARCHENA;15;1;4;7;0;0;3;4;2;4;5;0;4;0;0;0;0;4;0;0;0;0;4
04081;SANTA FE DE MONDUJAR;37;0;6;12;1;10;8;5;2;3;27;0;10;0;7;0;0;3;0;6;0;0;4
04082;SENES;20;0;2;8;2;3;5;2;0;1;17;0;8;0;3;0;0;5;0;0;0;0;8
04083;SERON;97;5;12;27;4;22;27;4;14;9;61;9;39;0;19;1;0;18;1;6;3;3;27
04084;SIERRO;27;3;6;7;2;3;6;4;5;1;15;2;6;0;2;0;0;4;0;2;0;0;4
04085;SOMONTIN;24;0;3;8;0;6;7;3;1;2;18;0;7;0;1;0;0;6;0;2;0;0;5
04086;SORBAS;175;9;25;51;7;47;36;19;12;20;106;18;93;3;62;0;4;24;0;51;7;5;30
04087;SUFLI;21;1;4;6;0;5;5;1;2;5;13;0;7;0;2;0;0;5;0;0;1;0;6
04088;TABERNAS;357;16;59;99;19;88;76;62;19;34;227;15;249;6;186;1;2;54;0;169;10;0;70
04089;TABERNO;40;2;6;11;1;11;9;1;3;6;28;2;13;0;5;0;0;8;0;4;0;0;9
04090;TAHAL;15;1;5;3;1;1;4;2;0;1;11;1;6;2;3;0;0;1;0;3;0;0;3
04091;TERQUE;22;2;4;4;0;3;9;0;2;1;15;4;19;0;8;1;0;10;0;6;0;0;13
04092;TIJOLA;230;10;34;48;9;65;64;24;30;23;132;21;140;8;74;3;3;49;3;77;2;5;56
04093;TURRE;354;11;73;64;15;100;91;9;8;38;283;16;30;0;12;0;3;14;1;1;1;5;23
04094;TURRILLAS;9;1;3;2;0;3;0;0;0;1;8;0;11;0;3;0;0;8;0;4;0;0;7
04095;ULEILA DEL CAMPO;52;2;4;19;1;13;13;3;4;6;37;2;37;0;23;0;2;12;0;22;1;1;13
04096;URRACAL;20;0;5;4;1;6;4;0;2;5;12;1;53;0;42;0;0;11;0;36;0;0;17
04097;VELEFIQUE;13;0;2;6;0;4;1;1;0;2;10;0;0;0;0;0;0;0;0;0;0;0;0
04098;VELEZ-BLANCO;85;3;15;16;4;24;23;4;9;9;60;3;38;0;18;0;0;20;0;17;0;4;17
04099;VELEZ-RUBIO;398;23;64;96;19;104;92;41;37;46;247;27;180;1;117;0;7;53;2;82;15;7;76
04100;VERA;1379;54;240;263;55;389;378;110;42;102;1051;74;407;28;223;10;10;123;13;24;6;29;348
04101;VIATOR;492;31;93;78;17;149;124;27;12;39;372;42;425;18;211;13;11;166;6;17;13;25;370
04102;VICAR;1976;107;407;384;114;550;414;406;61;184;1126;199;1428;43;588;12;26;749;10;328;60;46;994
04103;ZURGENA;142;7;15;39;7;47;27;19;1;24;89;9;67;0;56;0;0;11;0;23;0;24;20
04901;TRES VILLAS, LAS;37;2;6;17;1;8;3;4;2;4;25;2;17;0;11;0;0;6;0;6;0;2;9
04902;EJIDO, EL;5212;195;982;1021;222;1505;1287;1199;157;356;3006;494;6351;125;2994;60;59;3067;46;2121;115;135;3980
04903;MOJONERA, LA;523;28;100;111;30;125;129;163;20;45;243;52;544;12;328;5;4;194;1;332;8;8;196
04904;BALANEGRA;165;6;30;41;6;45;37;35;5;12;98;15;89;1;33;0;0;54;1;17;0;0;72
01001;ALEGRIA-DULANTZI;131;5;28;25;3;40;30;2;20;5;83;21;43;0;22;3;0;16;2;4;6;5;28
01002;AMURRIO;717;28;118;147;20;192;212;20;103;52;446;96;629;1;480;3;2;142;1;0;501;12;116
01003;ARAMAIO;18;0;0;10;1;2;5;0;8;2;7;1;20;1;6;0;2;11;0;0;2;1;17
01004;ARTZINIEGA;92;4;12;16;2;33;25;1;16;3;55;17;29;0;17;1;1;8;2;0;17;1;11
01006;ARMIÑON;9;0;0;4;0;1;4;0;2;0;7;0;1;0;1;0;0;0;0;0;1;0;0
01008;ARRAZUA-UBARRUNDIA;26;2;2;6;1;5;10;1;5;0;19;1;28;0;9;1;1;17;0;1;0;0;27
01009;ASPARRENA;78;1;14;20;2;16;25;4;25;1;45;3;120;0;67;1;1;49;2;2;52;0;66
01010;AYALA/AIARA;100;3;10;17;4;27;39;5;22;3;63;7;96;2;42;2;1;48;1;1;19;6;70
01011;BAÑOS DE EBRO/MAÑUETA;8;2;0;2;1;1;2;6;1;0;1;0;17;1;14;1;0;1;0;15;2;0;0
01013;BARRUNDIA;18;0;3;5;0;3;7;0;3;1;14;0;12;0;2;0;1;9;0;1;1;0;10
01014;BERANTEVILLA;14;0;2;2;0;5;5;1;4;0;7;2;38;1;29;0;0;8;0;1;29;1;7
01016;BERNEDO;18;1;4;5;0;6;2;2;4;2;7;3;7;0;0;0;0;7;0;0;1;0;6
01017;CAMPEZO/KANPEZU;49;2;12;11;0;12;12;7;9;5;24;4;16;1;7;0;0;8;0;2;3;1;10
01018;ZIGOITIA;51;2;9;12;3;11;14;0;14;2;26;9;100;4;35;1;7;51;2;0;0;1;99
01019;KRIPAN;5;0;1;1;0;2;1;0;1;0;4;0;0;0;0;0;0;0;0;0;0;0;0
01020;KUARTANGO;16;1;5;4;1;2;3;3;4;0;5;4;8;0;4;0;0;4;0;0;0;0;8
01021;ELBURGO/BURGELU;21;0;4;3;0;5;9;0;2;0;18;1;28;0;6;0;0;22;0;1;0;0;27
01022;ELCIEGO;31;3;6;3;2;9;8;14;2;1;11;3;174;2;94;0;4;74;0;47;44;0;83
01023;ELVILLAR/BILAR;10;0;3;2;1;2;2;3;2;0;3;2;14;0;14;0;0;0;0;11;3;0;0
01027;IRURAIZ-GAUNA;11;0;4;2;0;2;3;0;2;1;8;0;1;0;0;0;0;1;0;0;0;0;1
01028;LABASTIDA/BASTIDA;105;5;22;23;8;29;18;32;12;7;45;9;80;0;42;0;0;38;0;2;17;2;59
01030;LAGRAN;5;0;1;2;0;2;0;0;0;2;3;0;4;0;3;0;0;1;0;0;0;0;4
01031;LAGUARDIA;53;4;9;12;1;19;8;4;7;0;34;8;246;1;147;1;1;92;4;81;38;4;123
01032;LANCIEGO/LANTZIEGO;54;1;12;10;0;21;10;15;6;4;21;8;17;1;14;1;0;1;0;12;1;0;4
01033;LAPUEBLA DE LABARCA;57;2;10;9;4;20;12;16;7;1;20;13;36;1;30;0;0;5;0;15;17;0;4
01034;LEZA;9;1;1;3;1;0;3;7;0;0;1;1;9;0;9;0;0;0;0;9;0;0;0
01036;LAUDIO/LLODIO;1114;44;177;231;38;293;331;40;145;57;709;163;696;11;440;10;4;228;3;3;316;9;368
01037;ARRAIA-MAEZTU;20;1;5;2;1;6;5;0;5;2;12;1;5;0;1;0;0;4;0;0;0;0;5
01039;MOREDA DE ALAVA;13;0;3;5;1;1;3;2;0;3;6;2;28;0;18;0;0;10;0;4;24;0;0
01041;NAVARIDAS;2;0;1;0;0;1;0;1;0;0;1;0;3;0;3;0;0;0;0;3;0;0;0
01042;OKONDO;62;1;8;13;1;22;17;4;9;4;42;3;25;1;10;1;0;13;0;0;15;0;10
01043;OYON/OION;310;21;53;58;21;97;60;64;32;16;132;66;125;9;85;1;1;26;3;35;40;8;42
01044;PEÑACERRADA-URIZAHARRA;5;0;1;2;0;1;1;0;1;1;3;0;0;0;0;0;0;0;0;0;0;0;0
01046;ERRIBERAGOITIA/RIBERA ALTA;25;1;2;5;1;10;6;2;2;1;17;3;234;0;186;0;0;47;1;203;0;0;31
01047;RIBERA BAJA/ERRIBERA BEITIA;56;3;14;6;3;21;9;2;7;5;28;14;233;27;158;3;1;43;1;0;161;3;69
01049;AÑANA;6;1;0;5;0;0;0;0;3;1;2;0;8;1;2;0;0;4;1;0;0;1;7
01051;SALVATIERRA/AGURAIN;345;13;57;65;16;99;95;11;62;17;204;51;207;0;92;4;1;108;2;0;17;5;185
01052;SAMANIEGO;5;0;3;1;0;1;0;1;2;1;1;0;30;0;9;0;0;21;0;4;25;0;1
01053;SAN MILLAN/DONEMILIAGA;22;0;5;7;1;4;5;0;6;2;14;0;11;1;5;1;0;4;0;0;0;0;11
01054;URKABUSTAIZ;58;1;11;13;2;20;11;3;7;4;32;12;15;0;4;0;0;11;0;0;0;0;15
01055;VALDEGOVÍA/GAUBEA;49;3;9;15;2;6;14;3;15;1;29;1;13;0;6;0;0;6;1;0;0;0;13
01056;HARANA/VALLE DE ARANA;3;1;0;1;0;0;1;1;0;2;0;0;4;1;1;0;2;0;0;0;0;0;4
01057;VILLABUENA DE ALAVA/ESKUERNAGA;6;1;0;2;0;2;1;2;3;0;1;0;17;0;11;1;0;5;0;9;3;1;4
01058;LEGUTIO;87;1;14;19;1;27;25;4;11;6;54;12;114;3;71;2;2;34;2;0;75;1;38
01059;VITORIA-GASTEIZ;14479;530;2521;3015;487;3917;4009;422;1600;854;9699;1904;10846;226;4939;176;215;5123;167;8;1320;247;9271
01060;YECORA/IEKORA;14;2;5;2;1;2;2;5;2;1;4;2;14;0;12;0;0;2;0;9;0;0;5
01061;ZALDUONDO;4;0;1;1;0;1;1;0;0;0;3;1;0;0;0;0;0;0;0;0;0;0;0
01062;ZAMBRANA;23;1;4;2;1;6;9;3;3;0;16;1;3;0;3;0;0;0;0;1;0;2;0
01063;ZUIA;61;5;7;21;2;11;15;0;7;3;44;7;27;0;12;1;0;13;1;0;0;0;27
01901;IRUÑA OKA/IRUÑA DE OCA;147;2;35;16;7;41;46;4;16;7;96;24;195;2;99;12;2;80;0;21;138;2;34
01902;LANTARON;33;0;2;13;0;7;11;1;4;3;24;1;69;2;49;1;0;15;2;0;48;4;17
33001;ALLANDE;67;2;6;30;3;10;16;8;3;9;41;6;22;0;10;0;0;11;1;6;1;0;15
33002;ALLER;653;28;126;168;22;135;174;18;88;60;419;68;146;7;44;4;7;82;2;1;2;6;137
33003;AMIEVA;41;4;6;16;1;5;9;0;2;9;26;4;4;0;2;0;0;1;1;0;1;1;2
33004;AVILES;5798;226;983;1241;214;1367;1767;132;559;444;4001;662;2477;42;1390;29;39;945;32;13;297;197;1970
33005;BELMONTE DE MIRANDA;54;2;8;28;0;8;8;2;4;9;35;4;49;0;13;4;0;32;0;0;16;0;33
33006;BIMENES;100;2;19;24;4;23;28;2;11;8;71;8;14;0;7;0;0;7;0;0;3;4;7
33007;BOAL;42;0;6;18;0;10;8;0;8;3;28;3;9;0;3;0;2;3;1;0;0;0;9
33008;CABRALES;136;2;27;34;2;29;42;8;8;20;100;0;41;0;16;1;2;19;3;1;4;7;29
33009;CABRANES;81;3;11;27;1;17;22;5;3;6;64;3;151;0;125;4;0;21;1;0;0;0;151
33010;CANDAMO;99;7;16;26;2;21;27;4;7;14;55;19;35;0;7;0;0;26;2;0;0;0;35
33011;CANGAS DEL NARCEA;653;33;128;139;23;168;162;49;98;65;400;41;205;2;70;4;3;124;2;0;13;6;186
33012;CANGAS DE ONIS;528;14;90;130;19;129;146;19;26;31;429;23;352;2;117;13;6;208;6;2;0;0;350
33013;CARAVIA;26;2;2;9;1;6;6;2;2;0;22;0;6;0;5;0;0;1;0;0;1;2;3
33014;CARREÑO;631;27;103;130;19;165;187;7;64;43;469;48;764;11;504;4;9;230;6;4;60;268;432
33015;CASO;53;1;9;23;0;9;11;7;6;7;30;3;10;0;5;0;2;2;1;5;0;0;5
33016;CASTRILLON;1338;40;254;242;47;344;411;24;133;97;991;93;404;8;193;13;8;177;5;6;60;19;319
33017;CASTROPOL;143;7;24;26;4;38;44;5;11;8;115;4;69;2;45;0;1;20;1;2;16;0;51
33018;COAÑA;149;3;28;30;3;63;22;6;21;13;103;6;35;0;9;3;0;23;0;1;5;4;25
33019;COLUNGA;180;7;40;52;1;31;49;10;20;19;124;7;81;2;32;3;0;40;4;2;4;8;67
33020;CORVERA DE ASTURIAS;1204;62;215;256;49;294;328;19;133;104;835;113;232;1;122;4;12;80;13;0;55;12;165
33021;CUDILLERO;314;9;47;70;11;77;100;2;25;17;261;9;105;1;42;3;3;49;7;9;5;2;89
33022;DEGAÑA;69;1;29;7;2;13;17;1;32;4;28;4;0;0;0;0;0;0;0;0;0;0;0
33023;FRANCO, EL;175;7;28;35;11;50;44;5;20;18;120;12;27;1;6;2;3;11;4;0;4;2;21
33024;GIJÓN;20486;675;3258;4626;557;4731;6639;274;1553;1489;15397;1773;8954;163;4530;129;136;3837;159;15;1213;598;7128
33025;GOZON;567;22;86;130;11;135;183;8;55;35;441;28;113;0;55;9;1;43;5;11;13;15;74
33026;GRADO;627;23;137;135;27;148;157;27;60;65;395;80;133;1;64;0;2;60;6;2;6;10;115
33027;GRANDAS DE SALIME;23;1;4;10;0;2;6;1;4;6;12;0;14;0;11;1;1;0;1;0;3;0;11
33028;IBIAS;38;2;11;15;0;5;5;1;13;3;20;1;9;1;2;0;0;4;2;0;0;2;7
33029;ILLANO;5;0;1;3;0;0;1;0;1;1;3;0;0;0;0;0;0;0;0;0;0;0;0
33030;ILLAS;46;2;6;15;2;11;10;0;2;5;37;2;25;0;6;0;0;19;0;0;0;0;25
33031;LANGREO;3686;168;707;769;142;907;993;51;347;326;2433;529;643;14;247;16;14;335;17;0;63;22;558
33032;LAVIANA;870;31;161;186;32;242;218;23;114;71;571;91;69;0;25;4;2;37;1;0;1;3;65
33033;LENA;742;29;136;144;23;183;227;11;78;80;498;75;98;3;35;1;2;56;1;0;3;12;83
33034;VALDES;594;16;104;170;12;144;148;30;56;52;416;40;127;2;55;2;5;62;1;8;5;11;103
33035;LLANERA;829;44;119;185;24;202;255;20;67;55;600;87;1398;58;753;25;19;533;10;4;199;50;1145
33036;LLANES;1002;39;150;267;46;240;260;20;53;73;823;33;405;6;198;4;11;181;5;11;4;15;375
33037;MIERES;3368;146;629;698;135;812;948;63;336;303;2239;427;486;10;170;6;15;276;9;2;77;17;390
33038;MORCÍN;140;6;19;40;0;31;44;6;19;8;99;8;26;2;11;2;3;7;1;0;2;7;17
33039;MUROS DE NALÓN;154;8;34;30;5;35;42;4;8;10;120;12;90;0;60;0;0;30;0;0;0;0;90
33040;NAVA;301;14;40;67;13;88;79;6;18;25;230;22;65;0;30;1;3;30;1;1;8;2;54
33041;NAVIA;375;8;63;80;12;105;107;12;53;24;267;19;217;3;110;3;4;94;3;6;54;29;128
33042;NOREÑA;302;9;54;64;13;66;96;1;44;10;219;28;115;1;52;0;2;59;1;0;13;4;98
33043;ONIS;36;0;5;11;1;11;8;1;1;2;30;2;13;0;3;0;1;9;0;0;1;0;12
33044;OVIEDO;14288;493;2336;3206;490;3540;4223;196;897;1020;10612;1563;6948;138;2548;116;195;3839;112;52;208;223;6465
33045;PARRES;412;11;79;107;14;86;115;10;27;29;319;27;169;1;60;1;3;103;1;0;10;4;155
33046;PEÑAMELLERA ALTA;31;0;6;13;0;6;6;1;1;6;23;0;4;0;1;1;0;2;0;1;0;0;3
33047;PEÑAMELLERA BAJA;87;4;8;29;1;13;32;1;4;7;73;2;5;0;1;0;2;2;0;0;0;0;5
33048;PESOZ;9;0;1;4;0;1;3;2;1;0;6;0;0;0;0;0;0;0;0;0;0;0;0
33049;PILOÑA;507;18;78;160;14;125;112;21;50;48;363;25;110;5;35;2;5;62;1;3;3;8;96
33050;PONGA;32;2;3;18;0;1;8;2;2;3;25;0;15;0;4;0;0;11;0;0;0;0;15
33051;PRAVIA;610;21;83;139;25;161;181;53;55;39;415;48;187;2;82;0;4;97;2;77;12;3;95
33052;PROAZA;38;0;6;13;0;9;10;1;2;5;30;0;14;0;6;1;0;7;0;0;0;0;14
33053;QUIRÓS;43;1;9;14;1;6;12;1;4;2;35;1;8;1;0;0;1;3;3;0;0;0;8
33054;REGUERAS, LAS;52;1;6;12;0;16;17;3;3;1;41;4;33;1;24;1;0;7;0;4;0;0;29
33055;RIBADEDEVA;99;5;19;21;4;24;26;1;7;10;79;2;46;0;12;0;0;34;0;2;0;1;43
33056;RIBADESELLA;388;10;57;84;16;102;119;7;24;26;319;12;162;0;89;1;6;64;2;0;11;10;141
33057;RIBERA DE ARRIBA;174;11;49;36;5;39;34;26;14;10;101;23;38;0;19;0;0;19;0;0;15;0;23
33058;RIOSA;119;7;21;25;3;33;30;3;12;9;86;9;42;0;26;0;0;16;0;0;0;1;41
33059;SALAS;213;10;41;56;10;53;43;14;23;17;134;25;73;1;32;2;3;33;2;11;6;3;53
33060;SAN MARTIN DEL REY AURELIO;1477;78;274;349;50;331;395;26;126;150;972;203;163;1;45;6;8;100;3;0;9;6;148
33061;SAN MARTÍN DE OSCOS;9;0;3;2;0;2;2;0;1;0;8;0;1;1;0;0;0;0;0;0;0;0;1
33062;SANTA EULALIA DE OSCOS;20;0;3;7;1;5;4;1;3;2;14;0;2;0;0;0;0;2;0;0;0;0;2
33063;SAN TIRSO DE ABRES;16;1;1;4;1;7;2;1;1;0;12;2;1;0;0;0;0;1;0;0;0;0;1
33064;SANTO ADRIANO;11;0;3;2;0;5;1;0;2;0;8;1;3;1;1;0;0;1;0;1;0;0;2
33065;SARIEGO;57;2;7;14;0;22;12;2;5;3;42;5;27;1;16;3;0;6;1;0;12;1;14
33066;SIERO;3359;137;546;721;116;817;1022;35;303;271;2415;335;1590;35;711;63;33;716;32;12;123;106;1349
33067;SOBRESCOBIO;33;2;3;11;0;5;12;1;4;3;23;2;6;0;1;0;0;4;1;0;1;0;5
33068;SOMIEDO;27;0;6;10;0;6;5;0;5;1;21;0;5;0;4;0;1;0;0;1;1;0;3
33069;SOTO DEL BARCO;271;3;39;57;9;68;95;1;22;24;216;8;145;2;67;0;1;74;1;18;1;3;123
33070;TAPIA DE CASARIEGO;181;4;37;43;6;46;45;7;14;13;140;7;76;2;27;2;1;43;1;2;13;1;60
33071;TARAMUNDI;19;2;3;5;0;6;3;1;3;1;13;1;11;0;1;0;0;10;0;0;1;0;10
33072;TEVERGA;58;0;8;18;2;12;18;0;6;4;47;1;18;0;7;1;0;9;1;0;4;0;14
33073;TINEO;439;20;81;104;22;118;94;39;56;30;270;44;142;0;57;7;1;70;7;9;14;9;110
33074;VEGADEO;216;7;38;47;6;67;51;16;15;16;157;12;27;1;11;1;2;10;2;0;2;3;22
33075;VILLANUEVA DE OSCOS;16;2;3;4;0;3;4;2;2;1;11;0;0;0;0;0;0;0;0;0;0;0;0
33076;VILLAVICIOSA;805;25;133;204;24;177;242;25;56;70;606;48;367;4;154;8;3;189;9;9;114;15;229
33077;VILLAYON;33;2;6;11;0;9;5;3;6;4;19;1;7;0;5;0;0;2;0;0;0;2;5
33078;YERNES Y TAMEZA;3;0;0;2;0;0;1;0;0;0;3;0;0;0;0;0;0;0;0;0;0;0;0
05001;ADANERO;15;0;0;4;1;5;5;2;2;1;10;0;30;1;18;0;0;11;0;12;0;2;16
05002;ADRADA, LA;281;10;35;80;4;59;93;2;12;38;202;27;59;0;29;2;0;28;0;2;2;2;53
05005;ALBORNOS;9;0;2;1;0;1;5;2;2;0;5;0;5;0;1;0;0;4;0;0;0;0;5
05007;ALDEANUEVA DE SANTA CRUZ;1;0;0;0;0;1;0;0;0;0;1;0;1;0;1;0;0;0;0;0;0;0;1
05008;ALDEASECA;12;0;2;0;0;4;6;1;0;0;10;1;4;0;2;0;0;0;2;2;0;0;2
05010;ALDEHUELA, LA;8;1;0;3;0;2;2;0;0;0;7;1;0;0;0;0;0;0;0;0;0;0;0
05012;AMAVIDA;8;0;0;0;1;6;1;1;1;0;3;3;1;0;1;0;0;0;0;0;0;1;0
05013;ARENAL, EL;66;1;8;16;0;15;26;3;2;1;59;1;37;0;25;0;0;12;0;0;0;1;36
05014;ARENAS DE SAN PEDRO;564;14;60;154;19;126;191;22;43;32;418;49;132;2;54;1;1;72;2;19;8;2;103
05015;AREVALILLO;2;0;0;1;0;0;1;0;0;0;2;0;0;0;0;0;0;0;0;0;0;0;0
05016;AREVALO;525;25;75;83;30;126;186;117;37;19;300;52;771;4;377;7;3;376;4;6;644;2;119
05017;AVEINTE;3;0;0;1;0;1;1;0;0;0;3;0;0;0;0;0;0;0;0;0;0;0;0
05018;AVELLANEDA;0;0;0;0;0;0;0;0;0;0;0;0;0;0;0;0;0;0;0;0;0;0;0
05019;AVILA;3833;187;628;665;189;1016;1148;214;246;231;2704;438;1864;55;696;59;65;941;48;18;141;60;1645
05021;BARCO DE AVILA, EL;119;3;22;20;0;32;42;9;6;10;93;1;40;0;12;4;1;20;3;0;1;2;37
05022;BARRACO, EL;98;7;12;26;2;18;33;0;2;7;78;11;20;2;4;1;2;11;0;0;0;0;20
05023;BARROMAN;18;1;1;5;3;1;7;1;1;0;15;1;0;0;0;0;0;0;0;0;0;0;0
05024;BECEDAS;6;0;0;4;0;0;2;1;1;0;4;0;5;0;2;0;0;3;0;0;0;0;5
05025;BECEDILLAS;3;0;0;1;0;0;2;0;0;0;3;0;0;0;0;0;0;0;0;0;0;0;0
05026;BERCIAL DE ZAPARDIEL;15;0;0;3;4;2;6;1;1;2;9;2;0;0;0;0;0;0;0;0;0;0;0
05027;BERLANAS, LAS;16;0;1;8;1;1;5;4;1;5;6;0;3;0;1;0;1;1;0;0;1;1;1
05029;BERNUY-ZAPARDIEL;6;0;2;1;0;0;3;0;0;1;5;0;9;0;8;0;0;1;0;0;0;0;9
05030;BERROCALEJO DE ARAGONA;5;0;1;1;0;1;2;0;0;1;4;0;1;0;1;0;0;0;0;0;0;0;1
05033;BLASCOMILLAN;1;0;0;1;0;0;0;1;0;0;0;0;0;0;0;0;0;0;0;0;0;0;0
05034;BLASCONUÑO DE MATACABRAS;0;0;0;0;0;0;0;0;0;0;0;0;0;0;0;0;0;0;0;0;0;0;0
05035;BLASCOSANCHO;7;1;1;3;1;0;1;0;0;2;5;0;0;0;0;0;0;0;0;0;0;0;0
05036;BOHODON, EL;10;0;1;0;2;2;5;2;1;3;2;2;2;0;1;0;0;1;0;0;0;2;0
05037;BOHOYO;8;0;1;1;0;2;4;0;0;1;7;0;1;0;1;0;0;0;0;0;0;1;0
05038;BONILLA DE LA SIERRA;1;0;0;1;0;0;0;0;0;0;1;0;1;0;1;0;0;0;0;0;0;0;1
05039;BRABOS;0;0;0;0;0;0;0;0;0;0;0;0;0;0;0;0;0;0;0;0;0;0;0
05040;BULARROS;1;0;1;0;0;0;0;0;0;0;0;1;0;0;0;0;0;0;0;0;0;0;0
05041;BURGOHONDO;79;4;10;23;1;22;19;1;3;10;57;8;11;0;4;1;3;2;1;0;2;0;9
05042;CABEZAS DE ALAMBRE;5;0;1;0;0;1;3;2;0;1;2;0;45;0;15;0;0;30;0;45;0;0;0
05043;CABEZAS DEL POZO;4;0;0;3;0;0;1;2;0;0;2;0;1;0;0;0;0;1;0;0;0;0;1
05044;CABEZAS DEL VILLAR;8;0;0;4;0;2;2;1;0;2;4;1;0;0;0;0;0;0;0;0;0;0;0
05045;CABIZUELA;2;0;0;0;0;1;1;1;0;0;1;0;0;0;0;0;0;0;0;0;0;0;0
05046;CANALES;3;0;0;1;0;1;1;2;0;1;0;0;0;0;0;0;0;0;0;0;0;0;0
05047;CANDELEDA;387;11;57;108;9;92;110;28;12;32;281;34;134;1;46;0;4;81;2;4;7;7;116
05048;CANTIVEROS;7;1;1;1;0;1;3;1;0;2;4;0;0;0;0;0;0;0;0;0;0;0;0
05049;CARDEÑOSA;17;0;3;3;1;3;7;1;0;1;15;0;1;0;0;0;1;0;0;0;0;0;1
05051;CARRERA, LA;5;0;0;1;0;2;2;0;0;0;5;0;2;0;1;0;0;1;0;0;1;1;0
05052;CASAS DEL PUERTO;2;0;1;0;0;1;0;1;0;0;1;0;0;0;0;0;0;0;0;0;0;0;0
05053;CASASOLA;3;0;1;0;0;0;2;0;0;0;3;0;0;0;0;0;0;0;0;0;0;0;0
05054;CASAVIEJA;137;7;12;46;4;27;41;1;4;24;103;5;15;2;2;0;2;9;0;0;0;3;12
05055;CASILLAS;70;4;8;17;4;11;26;0;2;9;52;7;8;0;4;0;0;4;0;0;0;0;8
05056;CASTELLANOS DE ZAPARDIEL;4;0;0;2;0;0;2;0;0;2;2;0;0;0;0;0;0;0;0;0;0;0;0
05057;CEBREROS;297;23;43;60;12;70;89;26;25;40;152;54;39;2;15;1;0;20;1;5;4;2;28
05058;CEPEDA LA MORA;5;0;0;3;1;0;1;1;0;0;4;0;0;0;0;0;0;0;0;0;0;0;0
05059;CILLAN;0;0;0;0;0;0;0;0;0;0;0;0;0;0;0;0;0;0;0;0;0;0;0
05060;CISLA;2;0;0;1;0;0;1;0;0;2;0;0;0;0;0;0;0;0;0;0;0;0;0
05061;COLILLA, LA;22;1;2;5;2;6;6;1;0;2;17;2;9;1;4;0;0;4;0;0;3;0;6
05062;COLLADO DE CONTRERAS;2;0;1;0;0;1;0;1;0;1;0;0;0;0;0;0;0;0;0;0;0;0;0
05063;COLLADO DEL MIRON;0;0;0;0;0;0;0;0;0;0;0;0;0;0;0;0;0;0;0;0;0;0;0
05064;CONSTANZANA;8;0;0;3;0;2;3;3;0;2;3;0;0;0;0;0;0;0;0;0;0;0;0
05065;CRESPOS;29;0;6;3;1;6;13;1;3;4;19;2;3;1;0;2;0;0;0;0;3;0;0
05066;CUEVAS DEL VALLE;30;0;3;12;0;5;10;1;2;5;19;3;1;0;0;0;0;1;0;0;0;0;1
05067;CHAMARTIN;6;1;3;1;0;0;1;0;0;1;5;0;3;1;2;0;0;0;0;0;1;0;2
05069;DONJIMENO;1;0;0;0;0;1;0;1;0;0;0;0;1;0;1;0;0;0;0;0;0;0;1
05070;DONVIDAS;0;0;0;0;0;0;0;0;0;0;0;0;2;0;0;0;0;2;0;0;0;0;2
05072;ESPINOSA DE LOS CABALLEROS;5;0;1;1;0;1;2;0;1;1;3;0;5;1;0;1;0;3;0;5;0;0;0
05073;FLORES DE AVILA;16;0;0;5;1;5;5;2;3;1;9;1;1;0;0;0;0;1;0;0;0;0;1
05074;FONTIVEROS;25;1;4;6;0;8;6;4;1;0;16;4;2;0;2;0;0;0;0;1;0;0;1
05075;FRESNEDILLA;13;1;0;6;0;2;4;0;0;1;11;1;0;0;0;0;0;0;0;0;0;0;0
05076;FRESNO, EL;39;0;4;8;3;9;15;3;2;2;28;4;4;1;1;0;0;2;0;0;0;1;3
05077;FUENTE EL SAUZ;7;1;0;1;0;2;3;2;0;3;2;0;0;0;0;0;0;0;0;0;0;0;0
05078;FUENTES DE AÑO;5;0;2;1;0;1;1;1;0;2;2;0;0;0;0;0;0;0;0;0;0;0;0
05079;GALLEGOS DE ALTAMIROS;3;0;1;2;0;0;0;0;0;1;2;0;0;0;0;0;0;0;0;0;0;0;0
05080;GALLEGOS DE SOBRINOS;1;0;0;0;0;1;0;0;0;0;1;0;0;0;0;0;0;0;0;0;0;0;0
05081;GARGANTA DEL VILLAR;0;0;0;0;0;0;0;0;0;0;0;0;0;0;0;0;0;0;0;0;0;0;0
05082;GAVILANES;53;0;7;23;0;9;14;1;2;9;37;4;4;0;0;3;0;1;0;0;0;3;1
05083;GEMUÑO;6;0;1;1;0;1;3;1;0;0;4;1;0;0;0;0;0;0;0;0;0;0;0
05084;GILBUENA;2;0;0;2;0;0;0;0;0;0;2;0;1;0;0;0;1;0;0;0;0;0;1
05085;GIL GARCIA;1;0;1;0;0;0;0;1;0;0;0;0;0;0;0;0;0;0;0;0;0;0;0
05086;GIMIALCON;1;0;0;1;0;0;0;1;0;0;0;0;0;0;0;0;0;0;0;0;0;0;0
05087;GOTARRENDURA;5;0;0;3;0;1;1;0;0;1;4;0;2;0;0;0;0;2;0;0;0;0;2
05088;GRANDES Y SAN MARTIN;0;0;0;0;0;0;0;0;0;0;0;0;0;0;0;0;0;0;0;0;0;0;0
05089;GUISANDO;41;1;1;20;1;2;16;3;0;1;36;1;12;0;2;0;0;10;0;0;0;0;12
05090;GUTIERRE-MUÑOZ;1;0;0;0;0;0;1;0;0;0;1;0;0;0;0;0;0;0;0;0;0;0;0
05092;HERNANSANCHO;8;0;2;2;0;1;3;1;1;2;4;0;1;1;0;0;0;0;0;1;0;0;0
05093;HERRADON DE PINARES;47;2;7;13;3;8;14;2;6;10;21;8;4;0;3;0;0;0;1;0;0;1;3
05094;HERREROS DE SUSO;7;1;1;1;1;1;2;1;1;0;4;1;0;0;0;0;0;0;0;0;0;0;0
05095;HIGUERA DE LAS DUEÑAS;34;1;3;14;1;7;8;0;1;6;21;6;1;0;1;0;0;0;0;0;0;0;1
05096;HIJA DE DIOS, LA;7;0;1;1;1;2;2;0;0;1;5;1;0;0;0;0;0;0;0;0;0;0;0
05097;HORCAJADA, LA;33;1;5;13;2;6;6;1;2;12;15;3;0;0;0;0;0;0;0;0;0;0;0
05099;HORCAJO DE LAS TORRES;34;2;3;12;2;8;7;8;4;8;14;0;0;0;0;0;0;0;0;0;0;0;0
05100;HORNILLO, EL;19;1;1;3;0;3;11;1;2;1;14;1;2;0;0;0;0;2;0;0;0;0;2
05101;HOYOCASERO;8;1;1;4;0;0;2;1;1;1;5;0;2;0;1;0;0;1;0;0;0;1;1
05102;HOYO DE PINARES, EL;222;7;19;50;5;53;88;8;13;49;119;33;6;1;5;0;0;0;0;1;1;3;1
05103;HOYORREDONDO;4;0;1;2;0;1;0;0;0;0;3;1;0;0;0;0;0;0;0;0;0;0;0
05104;HOYOS DEL COLLADO;0;0;0;0;0;0;0;0;0;0;0;0;0;0;0;0;0;0;0;0;0;0;0
05105;HOYOS DEL ESPINO;19;1;3;6;0;1;8;0;1;1;17;0;18;1;3;0;1;13;0;0;0;0;18
05106;HOYOS DE MIGUEL MUÑOZ;1;0;0;1;0;0;0;0;0;0;1;0;0;0;0;0;0;0;0;0;0;0;0
05107;HURTUMPASCUAL;4;2;0;0;0;0;2;0;0;0;4;0;0;0;0;0;0;0;0;0;0;0;0
05108;JUNCIANA;3;0;1;0;0;2;0;0;0;0;3;0;1;0;1;0;0;0;0;0;1;0;0
05109;LANGA;30;3;3;2;3;6;13;6;1;3;17;3;2;0;2;0;0;0;0;0;0;0;2
05110;LANZAHITA;89;6;7;27;4;15;30;8;1;14;60;6;8;0;2;0;0;6;0;0;0;1;7
05112;LOSAR DEL BARCO, EL;5;0;1;1;0;2;1;0;0;0;5;0;1;1;0;0;0;0;0;0;1;0;0
05113;LLANOS DE TORMES, LOS;2;0;0;1;0;0;1;0;0;1;1;0;1;0;0;0;0;1;0;0;0;1;0
05114;MADRIGAL DE LAS ALTAS TORRES;142;2;17;27;2;28;66;29;4;16;88;5;16;0;7;0;0;9;0;12;0;0;4
05115;MAELLO;46;6;3;12;3;8;14;4;2;4;33;3;1;0;1;0;0;0;0;0;0;0;1
05116;MALPARTIDA DE CORNEJA;4;0;1;2;0;0;1;0;0;0;4;0;0;0;0;0;0;0;0;0;0;0;0
05117;MAMBLAS;12;1;2;0;0;1;8;0;0;1;11;0;0;0;0;0;0;0;0;0;0;0;0
05118;MANCERA DE ARRIBA;5;0;1;1;0;2;1;0;0;1;4;0;0;0;0;0;0;0;0;0;0;0;0
05119;MANJABALAGO;0;0;0;0;0;0;0;0;0;0;0;0;0;0;0;0;0;0;0;0;0;0;0
05120;MARLIN;0;0;0;0;0;0;0;0;0;0;0;0;1;0;1;0;0;0;0;0;0;0;1
05121;MARTIHERRERO;11;2;2;1;0;2;4;1;1;0;7;2;5;0;0;0;1;3;1;0;0;0;5
05122;MARTINEZ;5;0;1;1;0;2;1;1;0;0;4;0;12;0;10;0;0;2;0;0;0;0;12
05123;MEDIANA DE VOLTOYA;7;0;1;2;0;2;2;0;1;0;5;1;148;0;65;0;0;83;0;0;143;0;5
05124;MEDINILLA;1;0;1;0;0;0;0;1;0;0;0;0;0;0;0;0;0;0;0;0;0;0;0
05125;MENGAMUÑOZ;1;0;0;0;0;0;1;0;0;0;1;0;0;0;0;0;0;0;0;0;0;0;0
05126;MESEGAR DE CORNEJA;2;0;0;2;0;0;0;0;0;0;2;0;1;0;0;0;0;1;0;0;0;0;1
05127;MIJARES;51;1;7;15;0;12;16;0;3;1;43;4;3;1;1;0;0;1;0;0;0;0;3
05128;MINGORRIA;33;2;4;3;3;9;12;1;0;3;23;6;1;0;0;0;0;1;0;0;0;0;1
05129;MIRON, EL;1;0;0;1;0;0;0;1;0;0;0;0;0;0;0;0;0;0;0;0;0;0;0
05130;MIRONCILLO;4;0;2;0;0;1;1;0;0;1;3;0;0;0;0;0;0;0;0;0;0;0;0
05131;MIRUEÑA DE LOS INFANZONES;1;0;1;0;0;0;0;0;1;0;0;0;0;0;0;0;0;0;0;0;0;0;0
05132;MOMBELTRAN;75;3;7;21;2;15;27;1;4;2;68;0;27;2;16;0;1;8;0;8;8;0;11
05133;MONSALUPE;3;0;0;2;0;0;1;0;0;1;2;0;1;0;1;0;0;0;0;0;0;0;1
05134;MORALEJA DE MATACABRAS;2;0;0;1;0;0;1;0;1;1;0;0;0;0;0;0;0;0;0;0;0;0;0
05135;MUÑANA;25;3;3;9;0;3;7;4;1;1;19;0;3;1;1;0;0;1;0;0;0;0;3
05136;MUÑICO;4;0;1;1;0;1;1;0;0;0;4;0;2;0;1;0;0;1;0;0;0;0;2
05138;MUÑOGALINDO;11;0;1;2;2;3;3;0;1;2;8;0;12;0;8;0;0;4;0;0;0;0;12
05139;MUÑOGRANDE;3;0;1;1;0;0;1;0;0;0;3;0;0;0;0;0;0;0;0;0;0;0;0
05140;MUÑOMER DEL PECO;4;1;0;0;1;1;1;0;0;0;2;2;1;0;1;0;0;0;0;0;0;0;1
05141;MUÑOPEPE;4;0;0;1;0;0;3;0;0;0;4;0;0;0;0;0;0;0;0;0;0;0;0
05142;MUÑOSANCHO;4;0;1;2;0;0;1;1;0;2;1;0;1;0;0;1;0;0;0;0;0;1;0
05143;MUÑOTELLO;4;0;1;0;0;2;1;0;0;0;0;4;2;1;0;0;0;1;0;0;0;0;2
05144;NARRILLOS DEL ALAMO;7;0;0;4;2;0;1;0;0;0;6;1;0;0;0;0;0;0;0;0;0;0;0
05145;NARRILLOS DEL REBOLLAR;1;0;0;0;0;0;1;0;0;0;1;0;0;0;0;0;0;0;0;0;0;0;0
05147;NARROS DEL CASTILLO;4;0;0;2;0;1;1;1;1;0;2;0;1;0;1;0;0;0;0;0;0;0;1
05148;NARROS DEL PUERTO;0;0;0;0;0;0;0;0;0;0;0;0;0;0;0;0;0;0;0;0;0;0;0
05149;NARROS DE SALDUEÑA;1;0;0;1;0;0;0;1;0;0;0;0;2;0;2;0;0;0;0;2;0;0;0
05151;NAVACEPEDILLA DE CORNEJA;4;0;0;2;1;0;1;0;0;1;3;0;0;0;0;0;0;0;0;0;0;0;0
05152;NAVA DE AREVALO;32;4;2;11;0;7;8;9;1;4;17;1;64;0;25;0;0;39;0;63;0;0;1
05153;NAVA DEL BARCO;2;0;0;1;0;0;1;0;0;0;2;0;0;0;0;0;0;0;0;0;0;0;0
05154;NAVADIJOS;0;0;0;0;0;0;0;0;0;0;0;0;0;0;0;0;0;0;0;0;0;0;0
05155;NAVAESCURIAL;0;0;0;0;0;0;0;0;0;0;0;0;1;0;1;0;0;0;0;0;0;1;0
05156;NAVAHONDILLA;35;0;5;10;1;6;13;1;2;4;27;1;4;0;1;0;1;2;0;0;0;0;4
05157;NAVALACRUZ;3;0;1;1;0;0;1;0;0;2;1;0;1;0;1;0;0;0;0;0;0;1;0
05158;NAVALMORAL;21;1;3;7;0;4;6;3;1;5;9;3;0;0;0;0;0;0;0;0;0;0;0
05159;NAVALONGUILLA;8;0;0;5;0;0;3;0;0;1;6;1;0;0;0;0;0;0;0;0;0;0;0
05160;NAVALOSA;9;0;3;2;0;0;4;0;1;4;4;0;1;0;0;0;0;1;0;0;0;0;1
05161;NAVALPERAL DE PINARES;69;0;13;16;4;19;17;4;4;8;32;21;0;0;0;0;0;0;0;0;0;0;0
05162;NAVALPERAL DE TORMES;2;0;0;2;0;0;0;0;0;1;1;0;0;0;0;0;0;0;0;0;0;0;0
05163;NAVALUENGA;155;4;16;52;2;34;47;2;9;21;115;8;25;3;3;0;1;17;1;0;1;1;23
05164;NAVAQUESERA;1;0;0;1;0;0;0;0;0;0;1;0;0;0;0;0;0;0;0;0;0;0;0
05165;NAVARREDONDA DE GREDOS;18;0;2;7;0;5;4;0;0;2;16;0;38;1;15;0;1;20;1;0;0;0;38
05166;NAVARREDONDILLA;6;1;2;1;0;1;1;0;1;1;4;0;1;0;0;0;0;1;0;0;0;0;1
05167;NAVARREVISCA;9;0;1;4;0;1;3;0;1;1;7;0;0;0;0;0;0;0;0;0;0;0;0
05168;NAVAS DEL MARQUES, LAS;411;32;49;99;10;115;106;26;26;65;200;94;59;5;18;5;5;25;1;0;1;14;44
05169;NAVATALGORDO;15;0;0;8;1;5;1;2;1;2;10;0;0;0;0;0;0;0;0;0;0;0;0
05170;NAVATEJARES;2;0;0;1;0;1;0;0;0;0;2;0;0;0;0;0;0;0;0;0;0;0;0
05171;NEILA DE SAN MIGUEL;0;0;0;0;0;0;0;0;0;0;0;0;1;0;1;0;0;0;0;0;0;0;1
05172;NIHARRA;15;2;2;6;0;2;3;8;0;2;4;1;10;0;6;0;0;4;0;6;0;0;4
05173;OJOS-ALBOS;2;0;0;1;0;0;1;0;0;0;1;1;1;0;1;0;0;0;0;0;0;1;0
05174;ORBITA;2;0;0;0;0;0;2;0;0;0;2;0;2;0;2;0;0;0;0;0;2;0;0
05175;OSO, EL;6;0;1;1;0;3;1;0;0;0;6;0;9;0;9;0;0;0;0;0;9;0;0
05176;PADIERNOS;8;0;5;1;0;0;2;2;1;0;5;0;0;0;0;0;0;0;0;0;0;0;0
05177;PAJARES DE ADAJA;11;0;0;3;0;3;5;0;2;0;9;0;11;0;1;0;0;10;0;0;0;0;11
05178;PALACIOS DE GODA;16;2;3;4;1;3;3;5;2;3;6;0;4;0;4;0;0;0;0;2;1;0;1
05179;PAPATRIGO;8;0;1;0;0;1;6;2;1;3;1;1;0;0;0;0;0;0;0;0;0;0;0
05180;PARRAL, EL;1;0;0;0;0;0;1;0;0;0;1;0;0;0;0;0;0;0;0;0;0;0;0
05181;PASCUALCOBO;4;0;2;2;0;0;0;0;0;0;4;0;1;0;1;0;0;0;0;0;0;1;0
05182;PEDRO BERNARDO;72;1;10;35;2;9;15;4;11;9;44;4;5;0;1;0;0;4;0;0;0;1;4
05183;PEDRO-RODRIGUEZ;7;0;1;2;0;0;4;3;1;1;2;0;0;0;0;0;0;0;0;0;0;0;0
05184;PEGUERINOS;18;0;2;6;1;2;7;0;1;1;13;3;9;0;8;0;1;0;0;0;0;9;0
05185;PEÑALBA DE AVILA;7;1;1;1;0;0;4;0;2;0;4;1;0;0;0;0;0;0;0;0;0;0;0
05186;PIEDRAHITA;108;5;12;24;4;16;47;2;11;5;81;9;33;0;9;0;4;18;2;1;0;1;31
05187;PIEDRALAVES;235;14;25;58;9;52;77;3;24;21;171;16;33;1;14;1;1;15;1;0;3;3;27
05188;POVEDA;0;0;0;0;0;0;0;0;0;0;0;0;0;0;0;0;0;0;0;0;0;0;0
05189;POYALES DEL HOYO;66;1;9;22;1;16;17;5;1;29;25;6;9;0;3;0;0;6;0;0;0;0;9
05190;POZANCO;2;0;0;1;0;0;1;0;0;0;2;0;0;0;0;0;0;0;0;0;0;0;0
05191;PRADOSEGAR;3;1;0;0;0;0;2;1;0;0;2;0;50;0;38;0;0;12;0;50;0;0;0
05192;PUERTO CASTILLA;5;0;2;1;0;0;2;0;0;1;4;0;0;0;0;0;0;0;0;0;0;0;0
05193;RASUEROS;8;0;2;0;2;3;1;1;1;0;6;0;0;0;0;0;0;0;0;0;0;0;0
05194;RIOCABADO;9;1;4;1;0;0;3;2;1;4;2;0;0;0;0;0;0;0;0;0;0;0;0
05195;RIOFRIO;5;0;2;2;0;1;0;1;0;2;2;0;14;0;10;0;0;4;0;0;0;0;14
05196;RIVILLA DE BARAJAS;3;0;0;1;0;0;2;0;1;0;2;0;0;0;0;0;0;0;0;0;0;0;0
05197;SALOBRAL;5;0;3;0;0;0;2;3;0;0;2;0;1;0;0;0;0;1;0;0;0;0;1
05198;SALVADIOS;4;0;2;1;0;0;1;0;0;2;2;0;0;0;0;0;0;0;0;0;0;0;0
05199;SAN BARTOLOME DE BEJAR;1;0;0;1;0;0;0;0;0;0;1;0;0;0;0;0;0;0;0;0;0;0;0
05200;SAN BARTOLOME DE CORNEJA;0;0;0;0;0;0;0;0;0;0;0;0;3;0;0;0;0;3;0;0;0;0;3
05201;SAN BARTOLOME DE PINARES;40;0;4;18;4;4;10;1;1;8;29;1;0;0;0;0;0;0;0;0;0;0;0
05204;SANCHIDRIAN;38;4;6;8;2;7;11;5;2;5;23;3;3;0;2;1;0;0;0;0;1;0;2
05205;SANCHORREJA;4;0;0;0;2;0;2;0;0;0;3;1;2;0;0;1;0;1;0;1;0;0;1
05206;SAN ESTEBAN DE LOS PATOS;2;0;0;1;0;0;1;0;0;1;1;0;0;0;0;0;0;0;0;0;0;0;0
05207;SAN ESTEBAN DEL VALLE;69;1;13;21;3;11;20;5;6;4;51;3;7;0;4;1;0;2;0;0;2;1;4
05208;SAN ESTEBAN DE ZAPARDIEL;2;0;0;0;0;1;1;1;0;0;0;1;0;0;0;0;0;0;0;0;0;0;0
05209;SAN GARCIA DE INGELMOS;1;0;0;0;0;0;1;0;1;0;0;0;0;0;0;0;0;0;0;0;0;0;0
05210;SAN JUAN DE LA ENCINILLA;1;0;0;1;0;0;0;0;0;1;0;0;0;0;0;0;0;0;0;0;0;0;0
05211;SAN JUAN DE LA NAVA;24;1;3;7;2;2;9;1;1;5;15;2;0;0;0;0;0;0;0;0;0;0;0
05212;SAN JUAN DEL MOLINILLO;12;0;2;5;0;2;3;0;1;4;7;0;1;0;0;0;0;1;0;0;0;0;1
05213;SAN JUAN DEL OLMO;3;0;0;3;0;0;0;0;0;0;3;0;0;0;0;0;0;0;0;0;0;0;0
05214;SAN LORENZO DE TORMES;5;1;0;2;0;1;1;0;1;0;4;0;0;0;0;0;0;0;0;0;0;0;0
05215;SAN MARTIN DE LA VEGA DEL ALBERCHE;2;0;1;0;0;0;1;0;0;1;1;0;0;0;0;0;0;0;0;0;0;0;0
05216;SAN MARTIN DEL PIMPOLLAR;5;0;0;2;0;1;2;1;0;0;4;0;1;0;0;0;0;1;0;0;0;0;1
05217;SAN MIGUEL DE CORNEJA;4;0;0;2;0;1;1;0;0;0;4;0;0;0;0;0;0;0;0;0;0;0;0
05218;SAN MIGUEL DE SERREZUELA;6;0;0;4;0;1;1;0;0;2;4;0;0;0;0;0;0;0;0;0;0;0;0
05219;SAN PASCUAL;3;0;1;0;0;0;2;1;0;0;2;0;1;1;0;0;0;0;0;1;0;0;0
05220;SAN PEDRO DEL ARROYO;25;2;3;5;1;8;6;1;3;1;18;2;24;0;24;0;0;0;0;0;22;0;2
05221;SANTA CRUZ DEL VALLE;41;2;3;20;1;5;10;3;2;3;29;4;1;0;1;0;0;0;0;0;0;0;1
05222;SANTA CRUZ DE PINARES;6;0;1;1;1;2;1;1;0;0;5;0;0;0;0;0;0;0;0;0;0;0;0
05224;SANTA MARIA DEL ARROYO;3;0;0;0;0;1;2;0;1;0;2;0;0;0;0;0;0;0;0;0;0;0;0
05225;SANTA MARIA DEL BERROCAL;28;0;2;11;0;4;11;0;1;4;22;1;1;0;0;0;0;1;0;0;0;0;1
05226;SANTA MARIA DE LOS CABALLEROS;2;0;0;1;0;0;1;0;0;0;2;0;0;0;0;0;0;0;0;0;0;0;0
05227;SANTA MARIA DEL TIETAR;57;6;8;15;2;13;13;0;3;8;38;8;3;0;1;0;1;0;1;0;0;0;3
05228;SANTIAGO DEL COLLADO;3;0;1;0;0;0;2;0;0;0;3;0;1;0;1;0;0;0;0;0;0;0;1
05229;SANTO DOMINGO DE LAS POSADAS;0;0;0;0;0;0;0;0;0;0;0;0;0;0;0;0;0;0;0;0;0;0;0
05230;SANTO TOME DE ZABARCOS;0;0;0;0;0;0;0;0;0;0;0;0;0;0;0;0;0;0;0;0;0;0;0
05231;SAN VICENTE DE AREVALO;9;0;2;1;2;2;2;0;0;0;8;1;7;0;7;0;0;0;0;1;0;5;1
05232;SERRADA, LA;6;0;1;2;0;0;3;0;1;0;5;0;0;0;0;0;0;0;0;0;0;0;0
05233;SERRANILLOS;5;0;1;1;0;0;3;0;0;2;3;0;1;0;0;1;0;0;0;0;0;1;0
05234;SIGERES;5;0;0;0;0;2;3;0;0;2;3;0;0;0;0;0;0;0;0;0;0;0;0
05235;SINLABAJOS;6;0;1;3;0;1;1;2;1;0;3;0;3;0;2;0;0;1;0;3;0;0;0
05236;SOLANA DE AVILA;15;0;3;4;0;4;4;3;1;0;11;0;0;0;0;0;0;0;0;0;0;0;0
05237;SOLANA DE RIOALMAR;5;0;0;1;0;1;3;1;1;0;3;0;0;0;0;0;0;0;0;0;0;0;0
05238;SOLOSANCHO;35;3;4;6;2;7;13;7;2;3;20;3;42;3;22;0;2;15;0;33;0;0;9
05239;SOTALBO;6;0;1;3;0;1;1;2;0;0;4;0;0;0;0;0;0;0;0;0;0;0;0
05240;SOTILLO DE LA ADRADA;488;26;76;109;25;116;136;11;25;55;326;71;65;1;41;2;0;21;0;2;3;6;54
05241;TIEMBLO, EL;507;24;71;108;27;134;143;17;24;89;300;77;75;4;21;3;1;45;1;2;1;7;65
05242;TIÑOSILLOS;31;0;0;8;0;10;13;8;2;3;18;0;7;0;6;0;0;1;0;0;0;0;7
05243;TOLBAÑOS;6;0;1;3;0;2;0;0;0;1;5;0;0;0;0;0;0;0;0;0;0;0;0
05244;TORMELLAS;1;0;0;0;0;1;0;0;0;0;1;0;0;0;0;0;0;0;0;0;0;0;0
05245;TORNADIZOS DE AVILA;27;1;2;5;2;5;12;0;2;2;17;6;5;0;1;0;0;4;0;0;0;0;5
05246;TORTOLES;2;0;0;2;0;0;0;1;0;0;1;0;0;0;0;0;0;0;0;0;0;0;0
05247;TORRE, LA;13;0;2;2;1;3;5;1;0;0;10;2;4;1;1;0;0;2;0;0;3;0;1
05249;UMBRIAS;7;1;1;2;1;1;1;1;0;2;4;0;3;2;1;0;0;0;0;0;0;2;1
05251;VADILLO DE LA SIERRA;0;0;0;0;0;0;0;0;0;0;0;0;0;0;0;0;0;0;0;0;0;0;0
05252;VALDECASA;2;0;1;1;0;0;0;0;0;0;2;0;0;0;0;0;0;0;0;0;0;0;0
05253;VEGA DE SANTA MARIA;3;0;0;3;0;0;0;0;0;0;3;0;2;0;2;0;0;0;0;2;0;0;0
05254;VELAYOS;16;3;1;4;0;4;4;1;0;0;13;2;1;0;1;0;0;0;0;0;0;0;1
05256;VILLAFLOR;7;0;0;4;0;1;2;0;1;1;4;1;0;0;0;0;0;0;0;0;0;0;0
05257;VILLAFRANCA DE LA SIERRA;9;0;2;3;0;1;3;1;0;1;7;0;0;0;0;0;0;0;0;0;0;0;0
05258;VILLANUEVA DE GOMEZ;4;0;2;0;0;1;1;0;1;3;0;0;1;0;1;0;0;0;0;0;0;1;0
05259;VILLANUEVA DEL ACERAL;1;0;0;1;0;0;0;1;0;0;0;0;1;0;0;0;0;1;0;0;0;0;1
05260;VILLANUEVA DEL CAMPILLO;2;0;0;1;0;1;0;0;0;0;2;0;0;0;0;0;0;0;0;0;0;0;0
05261;VILLAR DE CORNEJA;1;0;0;0;0;0;1;0;0;0;1;0;0;0;0;0;0;0;0;0;0;0;0
05262;VILLAREJO DEL VALLE;26;0;1;15;0;2;8;3;2;10;10;1;1;0;1;0;0;0;0;0;0;0;1
05263;VILLATORO;7;0;0;4;0;1;2;0;0;0;7;0;4;0;0;0;0;4;0;0;0;0;4
05264;VIÑEGRA DE MORAÑA;3;0;0;0;0;1;2;0;0;0;3;0;0;0;0;0;0;0;0;0;0;0;0
05265;VITA;4;1;0;2;0;1;0;0;0;0;2;2;0;0;0;0;0;0;0;0;0;0;0
05266;ZAPARDIEL DE LA CAÑADA;1;0;0;0;0;0;1;0;0;0;1;0;0;0;0;0;0;0;0;0;0;0;0
05267;ZAPARDIEL DE LA RIBERA;5;1;1;1;0;0;2;0;0;1;3;1;0;0;0;0;0;0;0;0;0;0;0
05901;SAN JUAN DE GREDOS;11;0;1;3;0;1;6;0;0;0;10;1;0;0;0;0;0;0;0;0;0;0;0
05902;SANTA MARIA DEL CUBILLO;14;1;3;2;1;2;5;2;3;0;7;2;6;0;5;1;0;0;0;0;3;0;3
05903;DIEGO DEL CARPIO;10;0;1;3;0;2;4;0;2;1;7;0;0;0;0;0;0;0;0;0;0;0;0
05904;SANTIAGO DEL TORMES;3;0;1;2;0;0;0;0;0;0;3;0;0;0;0;0;0;0;0;0;0;0;0
05905;VILLANUEVA DE AVILA;2;0;0;1;0;0;1;0;0;1;1;0;9;0;8;0;0;1;0;0;0;8;1
06001;ACEDERA;72;4;7;14;5;24;18;17;0;4;48;3;69;0;47;2;0;20;0;44;1;0;24
06002;ACEUCHAL;355;14;47;51;14;118;111;106;18;19;200;12;870;5;415;1;0;449;0;728;6;20;116
06003;AHILLONES;38;4;2;14;0;7;11;8;2;3;25;0;18;0;8;0;0;10;0;7;0;2;9
06004;ALANGE;249;12;22;24;21;75;95;23;2;6;211;7;241;0;165;0;2;73;1;176;0;5;60
06005;ALBUERA, LA;191;9;30;30;14;70;38;32;6;6;141;6;107;0;65;0;1;41;0;36;8;11;52
06006;ALBURQUERQUE;537;16;55;104;28;150;184;41;27;50;399;20;307;1;133;2;2;166;3;46;4;10;247
06007;ALCONCHEL;216;10;30;33;11;65;67;34;4;34;131;13;40;0;25;0;0;15;0;14;2;8;16
06008;ALCONERA;87;1;9;12;2;27;36;0;8;2;73;4;14;0;3;0;0;11;0;0;0;0;14
06009;ALJUCEN;16;1;3;7;0;2;3;3;0;1;12;0;10;0;7;0;0;3;0;2;0;3;5
06010;ALMENDRAL;139;7;19;24;7;32;50;27;9;8;88;7;29;0;9;0;0;20;0;8;0;0;21
06011;ALMENDRALEJO;3586;139;460;577;139;987;1284;343;338;264;2446;195;3192;17;2053;19;11;1069;23;1728;314;109;1041
06012;ARROYO DE SAN SERVAN;447;20;55;68;42;130;132;176;16;20;227;8;517;2;355;0;9;151;0;425;2;8;82
06013;ATALAYA;30;0;5;2;0;7;16;2;0;0;28;0;16;0;12;0;0;4;0;14;0;1;1
06014;AZUAGA;716;32;102;143;37;200;202;39;21;42;576;38;394;0;260;0;0;130;4;119;9;59;207
06015;BADAJOZ;14498;519;2500;2931;510;3924;4114;1097;654;909;10760;1078;6405;97;3422;106;85;2610;85;1377;240;333;4455
06016;BARCARROTA;404;31;48;74;21;93;137;45;20;16;303;20;121;0;65;0;0;56;0;20;1;42;58
06017;BATERNO;30;2;2;13;1;1;11;7;0;1;21;1;7;0;4;0;0;3;0;2;0;0;5
06018;BENQUERENCIA DE LA SERENA;120;5;16;32;4;26;37;18;4;4;88;6;57;0;45;0;0;11;1;38;2;7;10
06019;BERLANGA;216;11;25;37;9;69;65;23;6;30;145;12;103;0;60;0;1;42;0;37;5;37;24
06020;BIENVENIDA;182;3;14;27;8;47;83;16;7;11;141;7;171;1;129;0;0;41;0;136;9;10;16
06021;BODONAL DE LA SIERRA;97;5;12;20;5;19;36;4;4;11;76;2;18;0;8;1;0;9;0;3;0;7;8
06022;BURGUILLOS DEL CERRO;411;16;48;80;21;102;144;17;31;24;313;26;89;0;56;0;1;32;0;2;0;41;46
06023;CABEZA DEL BUEY;530;21;72;133;21;118;165;55;43;65;348;19;130;0;87;1;2;40;0;43;17;20;50
06024;CABEZA LA VACA;133;9;13;28;9;34;40;10;7;17;94;5;43;0;22;3;0;18;0;15;8;12;8
06025;CALAMONTE;559;32;82;91;35;172;147;122;12;41;357;27;273;2;196;1;0;72;2;148;5;31;89
06026;CALERA DE LEON;88;3;12;17;7;24;25;2;16;11;58;1;42;1;30;0;0;11;0;18;4;6;14
06027;CALZADILLA DE LOS BARROS;81;3;15;13;6;20;24;9;2;18;50;2;24;0;18;0;0;6;0;14;8;1;1
06028;CAMPANARIO;536;16;74;85;17;133;211;45;33;26;419;13;95;0;62;0;0;32;1;13;3;13;66
06029;CAMPILLO DE LLERENA;120;5;12;17;13;34;39;16;5;14;79;6;110;0;66;0;0;44;0;50;0;31;29
06030;CAPILLA;21;1;3;3;1;3;10;1;0;0;20;0;3;0;1;0;0;2;0;0;0;0;3
06031;CARMONITA;53;5;1;9;4;18;16;10;0;2;40;1;13;0;8;0;0;5;0;7;0;0;6
06032;CARRASCALEJO, EL;4;0;2;1;0;0;1;0;0;0;4;0;0;0;0;0;0;0;0;0;0;0;0
06033;CASAS DE DON PEDRO;174;12;27;53;8;31;43;16;7;51;93;7;41;0;20;0;0;21;0;4;1;7;29
06034;CASAS DE REINA;21;1;1;4;1;8;6;1;0;3;17;0;15;0;13;0;0;2;0;3;0;3;9
06035;CASTILBLANCO;83;0;11;26;3;17;26;6;4;7;63;3;12;0;4;0;0;8;0;0;1;0;11
06036;CASTUERA;674;29;91;119;32;161;242;40;41;16;551;26;170;1;96;1;0;72;0;20;16;2;132
06037;CODOSERA, LA;224;12;28;58;8;55;63;35;5;12;157;15;99;0;65;0;0;34;0;70;1;1;27
06038;CORDOBILLA DE LACARA;59;2;6;8;4;18;21;19;0;1;36;3;70;0;51;0;0;19;0;47;3;0;20
06039;CORONADA, LA;262;9;34;59;15;64;81;52;13;35;156;6;74;0;35;0;0;36;3;24;1;16;33
06040;CORTE DE PELEAS;84;7;9;16;9;19;24;29;8;1;42;4;231;0;160;0;0;70;1;199;1;0;31
06041;CRISTINA;55;1;3;8;1;16;26;12;3;1;35;4;24;0;22;0;0;2;0;17;4;0;3
06042;CHELES;108;9;18;19;19;14;29;18;3;7;72;8;43;0;23;0;0;20;0;17;0;1;25
06043;DON ALVARO;86;3;6;20;2;26;29;9;3;2;68;4;22;0;18;0;0;4;0;19;0;0;3
06044;DON BENITO;3488;203;535;549;192;977;1032;631;289;184;2134;250;1456;22;851;27;10;528;18;429;98;59;870
06045;ENTRIN BAJO;34;4;2;11;2;6;9;12;3;2;16;1;164;0;114;0;0;50;0;159;1;0;4
06046;ESPARRAGALEJO;186;9;20;27;11;57;62;27;6;7;137;9;44;0;31;0;0;13;0;34;3;0;7
06047;ESPARRAGOSA DE LA SERENA;93;5;16;14;3;24;31;15;7;1;66;4;32;0;19;0;0;13;0;15;5;0;12
06048;ESPARRAGOSA DE LARES;80;3;9;14;5;23;26;4;5;6;62;3;26;0;17;0;0;9;0;2;1;2;21
06049;FERIA;116;2;9;25;1;31;48;8;6;11;87;4;61;0;47;0;0;14;0;53;0;2;6
06050;FREGENAL DE LA SIERRA;414;7;39;98;12;105;153;15;37;33;314;15;131;1;63;1;1;64;1;26;11;5;89
06051;FUENLABRADA DE LOS MONTES;142;13;18;34;7;39;31;27;4;9;98;4;61;0;38;0;0;23;0;29;8;0;24
06052;FUENTE DE CANTOS;583;30;54;119;25;139;216;33;24;73;416;37;137;1;80;3;1;52;0;37;5;21;74
06053;FUENTE DEL ARCO;38;2;5;6;1;10;14;5;1;2;30;0;33;0;22;0;0;11;0;14;0;6;13
06054;FUENTE DEL MAESTRE;556;29;68;70;38;170;181;85;37;40;372;22;814;6;559;4;1;244;0;671;33;13;97
06055;FUENTES DE LEON;289;10;40;56;11;63;109;13;25;32;204;15;41;0;10;0;0;31;0;13;3;3;22
06056;GARBAYUELA;70;6;13;21;2;13;15;6;0;8;52;4;14;0;8;0;0;6;0;1;1;0;12
06057;GARLITOS;71;1;12;22;3;10;23;12;13;7;35;4;23;0;17;0;0;6;0;19;1;0;3
06058;GARROVILLA, LA;256;11;21;45;17;74;88;50;11;31;154;10;139;2;81;1;0;55;0;66;26;9;38
06059;GRANJA DE TORREHERMOSA;227;14;23;57;12;53;68;14;7;16;182;8;71;1;49;0;0;21;0;28;0;14;29
06060;GUAREÑA;526;26;60;68;38;155;179;108;29;21;341;27;696;2;542;21;2;127;2;542;39;7;108
06061;HABA, LA;128;5;16;32;5;20;50;21;8;7;90;2;18;0;13;0;0;5;0;4;4;3;7
06062;HELECHOSA DE LOS MONTES;55;3;4;8;3;13;24;6;0;12;36;1;37;1;24;2;1;9;0;31;0;0;6
06063;HERRERA DEL DUQUE;379;20;50;97;14;81;117;44;8;41;279;7;79;0;49;0;0;30;0;9;19;3;48
06064;HIGUERA DE LA SERENA;145;7;14;42;5;32;45;7;4;2;131;1;34;0;15;0;0;19;0;4;0;0;30
06065;HIGUERA DE LLERENA;31;2;3;5;2;8;11;5;1;8;15;2;18;0;9;0;0;9;0;7;0;8;3
06066;HIGUERA DE VARGAS;220;10;28;37;19;64;62;50;4;21;133;12;59;0;26;1;0;32;0;12;0;22;25
06067;HIGUERA LA REAL;253;11;22;65;10;58;87;9;40;21;172;11;50;2;23;0;0;24;1;8;15;9;18
06068;HINOJOSA DEL VALLE;46;1;7;8;3;14;13;10;2;6;28;0;26;0;15;0;0;11;0;11;0;5;10
06069;HORNACHOS;305;7;31;37;17;94;119;56;10;26;196;17;158;0;122;1;3;32;0;114;6;5;33
06070;JEREZ DE LOS CABALLEROS;969;31;116;163;24;261;374;29;154;54;683;49;356;2;205;3;1;143;2;62;44;9;241
06071;LAPA, LA;28;2;1;1;1;9;14;2;0;0;24;2;18;0;14;0;0;4;0;7;0;7;4
06072;LOBON;254;9;37;30;13;87;78;46;14;11;178;5;111;0;68;0;1;42;0;41;1;0;69
06073;LLERA;89;3;10;23;9;22;22;8;0;18;60;3;9;0;5;0;0;4;0;5;1;2;1
06074;LLERENA;628;36;113;105;26;166;182;26;20;56;504;22;287;3;160;1;1;122;0;71;10;22;184
06075;MAGACELA;35;3;4;10;0;5;13;6;3;3;21;2;56;0;39;0;0;16;1;31;0;2;23
06076;MAGUILLA;73;5;13;19;3;16;17;13;4;20;29;7;70;0;51;0;0;19;0;46;4;17;3
06077;MALCOCINADO;15;1;2;7;0;4;1;3;1;0;10;1;35;0;23;0;0;12;0;12;0;0;23
06078;MALPARTIDA DE LA SERENA;49;4;4;16;2;13;10;2;0;0;42;5;37;1;16;0;0;19;1;7;0;0;30
06079;MANCHITA;54;3;4;8;4;18;17;18;4;2;27;3;81;0;57;0;0;24;0;63;0;0;18
06080;MEDELLIN;199;7;26;30;8;73;55;48;14;5;128;4;179;0;91;0;0;88;0;87;2;0;90
06081;MEDINA DE LAS TORRES;141;3;20;16;10;27;65;10;4;4;119;4;52;0;33;0;0;19;0;27;1;3;21
06082;MENGABRIL;38;0;5;6;2;9;16;9;2;1;26;0;27;0;21;0;0;6;0;17;1;0;9
06083;MERIDA;6347;290;1033;1219;299;1680;1826;439;228;423;4871;386;2481;48;1330;112;56;881;54;452;106;126;1797
06084;MIRANDILLA;119;4;15;27;11;25;37;13;1;13;81;11;34;1;26;0;0;7;0;22;0;0;12
06085;MONESTERIO;397;20;39;67;12;99;160;22;21;34;308;12;191;0;123;3;0;65;0;11;7;22;151
06086;MONTEMOLIN;144;4;13;36;4;29;58;9;9;28;90;8;38;0;20;0;1;17;0;12;3;10;13
06087;MONTERRUBIO DE LA SERENA;230;9;23;43;9;68;78;25;14;7;179;5;118;0;92;0;1;25;0;90;6;4;18
06088;MONTIJO;1965;80;248;298;104;539;696;457;128;88;1242;50;743;4;453;5;2;277;2;403;15;39;286
06089;MORERA, LA;52;3;2;6;4;16;21;10;3;7;31;1;44;1;27;0;0;16;0;29;0;4;11
06090;NAVA DE SANTIAGO, LA;88;1;7;15;4;23;38;24;3;1;58;2;19;0;15;0;0;4;0;11;0;0;8
06091;NAVALVILLAR DE PELA;361;16;42;58;15;91;139;67;12;28;246;8;257;0;158;0;0;99;0;102;2;21;132
06092;NOGALES;51;4;8;8;4;16;11;10;7;2;32;0;63;1;50;0;0;12;0;51;1;0;11
06093;OLIVA DE LA FRONTERA;506;33;69;99;28;139;138;41;41;60;350;14;170;0;88;2;1;79;0;74;10;25;61
06094;OLIVA DE MERIDA;89;5;17;16;16;18;17;44;2;6;31;6;178;1;135;0;0;42;0;101;0;56;21
06095;OLIVENZA;1335;83;186;214;68;362;422;221;48;63;929;74;694;4;456;13;1;219;1;406;15;37;236
06096;ORELLANA DE LA SIERRA;19;1;3;1;0;4;10;2;0;1;15;1;2;0;1;0;0;1;0;0;0;0;2
06097;ORELLANA LA VIEJA;242;13;31;41;7;61;89;26;5;34;174;3;95;0;60;0;0;35;0;20;20;7;48
06098;PALOMAS;61;0;7;4;5;26;19;26;0;2;29;4;29;1;16;0;2;9;1;19;1;1;8
06099;PARRA, LA;138;7;15;13;14;39;50;29;8;12;80;9;32;0;11;1;1;19;0;1;0;20;11
06100;PEÑALSORDO;80;5;8;27;3;9;28;8;9;12;50;1;16;0;8;0;0;8;0;0;0;8;8
06101;PERALEDA DEL ZAUCEJO;41;0;4;10;0;10;17;7;4;0;30;0;25;0;15;0;0;10;0;16;0;0;9
06102;PUEBLA DE ALCOCER;130;15;24;23;5;35;28;8;5;4;107;6;36;1;22;0;0;13;0;7;2;1;26
06103;PUEBLA DE LA CALZADA;622;25;78;100;34;181;204;140;40;47;369;26;309;11;180;1;10;107;0;175;22;32;80
06104;PUEBLA DE LA REINA;74;1;8;8;5;21;31;14;4;5;47;4;39;0;30;0;2;7;0;25;0;3;11
06105;PUEBLA DEL MAESTRE;91;0;8;14;6;20;43;29;4;3;53;2;15;0;6;0;0;9;0;4;0;1;10
06106;PUEBLA DEL PRIOR;45;2;2;4;1;15;21;16;1;1;27;0;140;1;96;0;0;43;0;134;1;1;4
06107;PUEBLA DE OBANDO;196;11;18;42;10;55;60;71;3;10;101;11;57;0;33;0;0;24;0;30;7;1;19
06108;PUEBLA DE SANCHO PEREZ;301;19;32;47;12;83;108;27;16;12;228;18;125;1;98;2;1;21;2;92;6;1;26
06109;QUINTANA DE LA SERENA;686;28;74;119;30;172;263;38;68;32;519;29;116;1;62;2;0;51;0;13;13;5;85
06110;REINA;15;0;0;7;0;2;6;2;1;8;4;0;8;0;6;0;0;2;0;6;0;0;2
06111;RENA;35;2;4;4;5;11;9;21;2;1;10;1;17;0;9;0;0;8;0;8;0;0;9
06112;RETAMAL DE LLERENA;52;2;5;11;1;12;21;3;1;9;37;2;22;0;16;0;0;6;0;16;1;1;4
06113;RIBERA DEL FRESNO;267;13;22;38;21;77;96;59;9;19;166;14;659;0;475;0;6;175;3;591;5;9;54
06114;RISCO;21;1;1;5;1;2;11;1;0;1;17;2;12;0;9;0;0;3;0;12;0;0;0
06115;ROCA DE LA SIERRA, LA;146;9;10;22;9;50;46;27;9;6;96;8;48;3;27;0;0;18;0;22;0;3;23
06116;SALVALEON;198;4;22;45;16;58;53;21;24;22;125;6;36;1;19;0;0;16;0;1;2;15;18
06117;SALVATIERRA DE LOS BARROS;165;8;23;25;4;53;52;22;15;12;111;5;46;0;26;1;0;19;0;26;1;9;10
06118;SANCTI-SPIRITUS;17;4;2;0;2;4;5;2;0;0;15;0;3;0;1;0;0;2;0;2;0;0;1
06119;SAN PEDRO DE MERIDA;83;5;13;12;4;26;23;21;1;2;58;1;31;1;19;0;0;11;0;14;0;6;11
06120;SANTA AMALIA;272;15;35;42;30;74;76;60;5;5;196;6;178;2;76;0;0;99;1;43;35;9;91
06121;SANTA MARTA;385;14;43;49;25;126;128;42;11;25;295;12;623;2;438;1;1;180;1;514;10;8;91
06122;SANTOS DE MAIMONA, LOS;808;24;75;88;36;252;333;36;50;28;635;59;701;0;535;1;1;162;2;428;21;11;241
06123;SAN VICENTE DE ALCANTARA;495;22;52;65;32;150;174;20;49;27;369;30;174;1;109;1;1;61;1;66;28;3;77
06124;SEGURA DE LEON;239;7;18;48;7;43;116;9;23;29;170;8;41;0;16;1;0;24;0;8;0;9;24
06125;SIRUELA;141;7;23;36;2;26;47;8;9;8;113;3;58;0;32;1;0;25;0;27;0;1;30
06126;SOLANA DE LOS BARROS;178;8;16;31;18;51;54;52;6;11;101;8;334;1;241;1;0;91;0;298;0;1;35
06127;TALARRUBIAS;297;26;31;56;12;83;89;20;13;48;201;15;166;1;116;0;5;44;0;33;51;6;76
06128;TALAVERA LA REAL;416;14;60;82;10;119;131;98;42;33;236;7;318;0;181;1;1;134;1;177;33;8;100
06129;TALIGA;72;2;6;11;9;26;18;5;3;2;57;5;27;0;12;1;0;14;0;0;3;0;24
06130;TAMUREJO;15;0;3;3;0;3;6;0;1;1;13;0;2;0;1;0;0;1;0;0;0;0;2
06131;TORRE DE MIGUEL SESMERO;83;6;9;12;11;29;16;15;4;4;58;2;102;0;66;2;0;34;0;49;4;2;47
06132;TORREMAYOR;85;3;6;16;2;26;32;27;1;4;47;6;109;0;42;1;1;65;0;93;4;0;12
06133;TORREMEJIA;221;11;26;30;14;69;71;58;11;13;128;11;282;0;204;0;1;77;0;231;5;2;44
06134;TRASIERRA;50;1;7;2;8;17;15;11;0;8;29;2;16;0;7;0;0;9;0;5;0;9;2
06135;TRUJILLANOS;165;8;21;26;3;50;57;21;4;5;132;3;20;0;10;0;0;10;0;3;0;0;17
06136;USAGRE;159;6;11;27;12;45;58;30;6;18;102;3;313;0;267;0;0;46;0;156;11;131;15
06137;VALDECABALLEROS;134;8;11;40;3;36;36;9;3;30;88;4;42;0;25;0;1;16;0;2;1;14;25
06138;VALDETORRES;111;10;16;19;7;33;26;24;6;2;72;7;46;0;27;0;0;19;0;22;1;0;23
06139;VALENCIA DE LAS TORRES;40;1;5;11;1;9;13;8;1;5;26;0;159;0;122;0;0;37;0;142;0;6;11
06140;VALENCIA DEL MOMBUEY;56;5;4;17;3;12;15;4;3;7;40;2;38;1;18;0;0;19;0;16;0;21;1
06141;VALENCIA DEL VENTOSO;178;8;14;27;6;46;77;9;13;10;138;8;119;2;93;0;6;14;4;89;2;10;18
06142;VALVERDE DE BURGUILLOS;29;2;7;2;4;4;10;1;6;0;22;0;4;0;2;0;0;2;0;0;1;1;2
06143;VALVERDE DE LEGANES;316;14;43;61;28;91;79;72;19;15;199;11;269;3;182;0;1;81;2;177;7;5;80
06144;VALVERDE DE LLERENA;49;1;2;14;2;12;18;13;1;4;31;0;18;0;8;0;0;10;0;5;2;5;6
06145;VALVERDE DE MERIDA;115;7;14;12;10;34;38;22;0;3;86;4;32;0;24;0;0;8;0;24;0;0;8
06146;VALLE DE LA SERENA;183;8;15;31;7;43;79;8;1;12;156;6;53;0;28;0;0;25;0;6;0;19;28
06147;VALLE DE MATAMOROS;28;2;4;9;0;5;8;5;4;2;17;0;13;0;10;0;0;3;0;5;0;6;2
06148;VALLE DE SANTA ANA;107;3;12;18;7;28;39;6;17;9;73;2;35;0;21;0;0;14;0;14;0;13;8
06149;VILLAFRANCA DE LOS BARROS;1277;57;145;178;60;363;474;145;74;59;929;70;1930;5;1193;17;1;712;2;825;67;78;960
06150;VILLAGARCIA DE LA TORRE;101;4;15;29;1;23;29;11;5;19;63;3;27;1;11;0;0;15;0;7;2;9;9
06151;VILLAGONZALO;130;3;7;19;17;39;45;27;3;2;97;1;45;0;28;0;1;16;0;28;1;0;16
06152;VILLALBA DE LOS BARROS;100;4;13;17;1;30;35;29;6;5;59;1;312;0;245;0;0;67;0;297;1;5;9
06153;VILLANUEVA DE LA SERENA;2612;132;370;451;113;706;840;627;162;122;1551;150;1119;6;694;6;8;399;6;396;67;58;598
06154;VILLANUEVA DEL FRESNO;357;21;44;73;26;88;105;72;9;11;247;18;194;1;130;0;0;62;1;110;5;2;77
06155;VILLAR DEL REY;299;13;28;64;15;65;114;46;12;8;214;19;77;0;47;2;0;28;0;14;0;1;62
06156;VILLAR DE RENA;95;6;13;9;7;31;29;25;5;4;59;2;65;0;52;0;0;13;0;54;0;0;11
06157;VILLARTA DE LOS MONTES;54;2;5;14;2;11;20;3;0;4;46;1;13;0;7;0;0;6;0;6;0;1;6
06158;ZAFRA;1684;79;278;259;70;468;530;49;97;51;1410;77;538;7;251;11;9;253;7;63;19;38;418
06159;ZAHINOS;218;9;35;28;20;70;56;51;19;28;110;10;127;1;80;1;1;44;0;67;2;21;37
06160;ZALAMEA DE LA SERENA;467;25;65;76;28;114;159;42;23;18;358;26;106;1;61;0;1;43;0;25;7;5;69
06161;ZARZA-CAPILLA;18;1;1;8;0;3;5;4;2;1;11;0;21;1;11;0;0;9;0;6;7;1;7
06162;ZARZA, LA;313;12;27;55;24;77;118;40;10;24;227;12;189;1;126;0;0;62;0;130;3;3;53
06901;VALDELACALZADA;189;9;31;33;7;52;57;73;9;19;83;5;336;1;251;0;0;83;1;288;0;8;40
06902;PUEBLONUEVO DEL GUADIANA;133;8;15;27;3;47;33;46;8;12;66;1;84;0;48;1;0;35;0;57;9;2;16
06903;GUADIANA DEL CAUDILLO;209;11;31;40;15;42;70;64;6;17;116;6;165;0;124;2;0;39;0;130;1;3;31
08001;ABRERA;507;25;70;101;18;120;173;4;78;31;361;33;834;56;498;28;17;222;13;0;238;49;547
08002;AGUILAR DE SEGARRA;7;0;0;2;0;2;3;0;0;0;7;0;44;0;18;2;0;21;3;0;4;0;40
08003;ALELLA;247;9;30;63;6;50;89;3;19;11;205;9;147;11;40;2;13;70;11;1;2;7;137
08004;ALPENS;9;0;1;5;0;2;1;0;4;2;3;0;3;0;1;0;0;2;0;0;0;0;3
08005;AMETLLA DEL VALLES, L';276;6;46;66;4;51;103;0;49;23;196;8;177;13;66;8;7;81;2;0;25;11;141
08006;ARENYS DE MAR;796;22;128;190;26;163;267;11;90;45;618;32;171;18;57;11;10;64;11;9;12;10;140
08007;ARENYS DE MUNT;402;10;56;99;10;89;138;5;63;27;294;13;96;2;47;4;9;30;4;0;19;5;72
08008;ARGENÇOLA;8;0;1;2;0;1;4;0;2;1;5;0;217;0;58;1;1;157;0;0;0;0;217
08009;ARGENTONA;565;24;95;117;22;117;190;7;84;42;399;33;183;8;90;8;9;63;5;7;59;23;94
08010;ARTES;234;8;42;44;7;43;90;10;48;11;152;13;60;3;28;2;4;19;4;3;19;6;32
08011;AVIA;67;2;10;12;1;18;24;1;9;6;48;3;9;1;3;2;1;2;0;0;3;0;6
08012;AVINYO;81;4;5;25;2;18;27;4;24;1;51;1;106;9;51;2;4;37;3;4;22;2;78
08013;AVINYONET DEL PENEDES;71;4;13;26;0;5;23;2;14;5;48;2;86;3;54;1;5;22;1;14;8;2;62
08014;AIGUAFREDA;104;4;20;26;2;17;35;3;18;11;66;6;41;1;16;1;4;17;2;0;14;2;25
08015;BADALONA;13828;531;2330;3119;487;3091;4270;52;1457;1328;9704;1287;4171;200;1794;133;190;1771;83;4;287;506;3374
08016;BAGA;82;3;14;19;4;9;33;0;8;4;68;2;23;2;3;5;3;9;1;1;5;0;17
08017;BALENYA;197;6;26;33;6;47;79;2;39;10;130;16;174;53;81;0;7;29;4;0;21;3;150
08018;BALSARENY;144;3;21;33;5;30;52;3;30;14;93;4;58;2;18;2;4;27;5;0;35;2;21
08019;BARCELONA;69693;2077;13046;16584;1898;15660;20428;285;5194;4145;56537;3532;98319;5191;41505;2119;4692;42470;2342;45;2228;2569;93477
08020;BEGUES;229;12;36;52;10;41;78;1;27;13;183;5;63;6;16;4;3;33;1;2;8;0;53
08021;BELLPRAT;0;0;0;0;0;0;0;0;0;0;0;0;4;0;0;0;0;4;0;0;0;0;4
08022;BERGA;876;30;141;210;21;180;294;16;113;75;570;102;653;25;259;13;33;307;16;0;156;5;492
08023;BIGUES I RIELLS;425;22;49;87;13;76;178;3;66;28;305;23;163;5;102;0;7;48;1;4;38;3;118
08024;BORREDA;19;2;1;5;1;3;7;0;3;1;13;2;10;0;2;0;0;8;0;0;2;0;8
08025;BRUC, EL;69;1;14;17;1;17;19;1;13;10;44;1;54;7;23;1;6;17;0;2;0;9;43
08026;BRULL, EL;5;0;3;2;0;0;0;0;1;1;3;0;4;0;0;0;1;2;1;0;0;0;4
08027;CABANYES, LES;24;1;6;0;2;4;11;0;5;0;18;1;15;0;12;1;0;2;0;1;2;5;7
08028;CABRERA D'ANOIA;110;10;18;17;3;24;38;1;11;10;81;7;301;4;180;0;4;113;0;3;2;0;296
08029;CABRERA DE MAR;135;6;18;37;1;24;49;2;16;8;102;7;221;19;112;15;12;60;3;5;21;7;188
08030;CABRILS;244;8;27;70;2;43;94;1;35;22;177;9;249;3;108;4;8;124;2;0;2;3;244
08031;CALAF;185;7;34;33;7;44;60;9;18;19;107;32;75;4;46;1;0;23;1;0;21;3;51
08032;CALDES D'ESTRAC;161;8;31;41;2;29;50;0;9;7;133;12;45;3;24;2;6;7;3;0;0;9;36
08033;CALDES DE MONTBUI;811;30;109;185;15;159;313;8;152;61;564;26;255;12;91;16;15;105;16;4;55;19;177
08034;CALDERS;29;1;4;6;1;9;8;0;3;1;25;0;32;0;20;0;0;12;0;0;2;0;30
08035;CALELLA;1345;81;196;326;57;287;398;33;99;76;1067;70;657;22;240;11;20;351;13;0;8;24;625
08036;CALONGE DE SEGARRA;6;0;0;1;0;5;0;0;2;1;3;0;16;2;7;0;1;4;2;0;1;0;15
08037;CALLDETENES;75;3;18;13;1;22;18;1;24;4;42;4;28;1;8;1;2;16;0;0;1;2;25
08038;CALLUS;93;1;14;25;2;19;32;1;11;4;72;5;21;1;5;1;0;12;2;0;3;1;17
08039;CAMPINS;19;0;2;5;1;3;8;0;2;0;15;2;7;1;1;1;2;1;1;0;0;0;7
08040;CANET DE MAR;786;25;113;193;17;168;270;11;105;61;572;37;163;8;49;13;8;75;10;0;12;11;140
08041;CANOVELLES;1239;37;215;280;43;328;336;27;169;115;777;151;223;6;106;7;8;94;2;3;116;27;77
08042;CANOVES I SAMALUS;135;4;23;21;4;32;51;2;21;6;103;3;21;0;10;2;0;6;3;0;0;2;19
08043;CANYELLES;262;8;39;63;11;56;85;3;22;27;200;10;25;6;10;2;1;6;0;0;2;3;20
08044;CAPELLADES;281;13;46;64;15;54;89;6;60;20;176;19;95;5;49;1;7;30;3;1;63;3;28
08045;CAPOLAT;1;0;0;0;0;0;1;0;0;0;1;0;2;0;0;0;0;2;0;0;0;0;2
08046;CARDEDEU;838;24;129;172;20;193;300;12;140;55;594;37;293;11;152;11;13;99;7;1;56;72;164
08047;CARDONA;198;6;26;48;10;34;74;8;35;17;127;11;123;2;67;2;6;45;1;2;36;4;81
08048;CARME;43;3;9;6;0;12;13;0;9;0;31;3;1;0;0;0;0;1;0;0;0;0;1
08049;CASSERRES;62;2;13;12;0;14;21;3;18;2;39;0;33;1;14;3;2;11;2;0;18;2;13
08050;CASTELLAR DEL RIU;3;0;1;0;0;1;1;0;0;0;3;0;0;0;0;0;0;0;0;0;0;0;0
08051;CASTELLAR DEL VALLES;981;25;136;231;28;171;390;2;176;94;671;38;394;24;181;10;33;136;10;3;143;21;227
08052;CASTELLAR DE N'HUG;8;0;1;6;0;0;1;0;2;0;6;0;4;0;3;0;0;1;0;0;0;1;3
08053;CASTELLBELL I EL VILAR;204;8;28;55;1;43;69;0;46;16;138;4;18;3;6;2;0;7;0;0;5;2;11
08054;CASTELLBISBAL;549;29;76;94;11;132;207;6;84;26;401;32;1023;29;666;28;20;273;7;2;647;27;347
08055;CASTELLCIR;32;1;4;5;0;9;13;0;9;0;22;1;16;2;4;0;2;6;2;0;8;1;7
08056;CASTELLDEFELS;2699;104;450;658;77;593;817;7;192;220;2159;121;1044;64;412;48;71;401;48;0;44;70;930
08057;CASTELL DE L'ARENY;1;0;0;0;0;0;1;0;0;0;1;0;1;0;0;0;0;0;1;0;0;0;1
08058;CASTELLET I LA GORNAL;114;7;17;31;4;21;34;4;22;6;79;3;25;3;16;2;1;3;0;12;7;1;5
08059;CASTELLFOLLIT DEL BOIX;14;1;4;3;0;4;2;0;0;1;13;0;1;0;0;0;0;1;0;0;0;0;1
08060;CASTELLFOLLIT DE RIUBREGOS;7;0;0;5;0;0;2;0;2;0;5;0;1;1;0;0;0;0;0;1;0;0;0
08061;CASTELLGALI;97;7;17;19;3;21;30;0;10;10;75;2;84;1;57;1;1;21;3;1;31;1;51
08062;CASTELLNOU DE BAGES;43;1;4;9;1;5;23;1;7;1;34;0;50;1;21;0;1;27;0;0;0;2;48
08063;CASTELLOLI;18;0;5;2;0;7;4;0;4;0;14;0;11;0;1;0;1;9;0;0;0;2;9
08064;CASTELLTERÇOL;88;2;9;27;3;18;29;1;22;6;53;6;45;1;22;0;2;19;1;1;35;0;9
08065;CASTELLVI DE LA MARCA;62;3;10;13;0;20;16;4;17;4;35;2;24;0;17;0;0;6;1;12;1;1;10
08066;CASTELLVI DE ROSANES;73;4;17;15;3;13;21;0;8;5;53;7;62;3;32;1;0;23;3;0;13;0;49
08067;CENTELLES;338;17;46;67;11;73;124;1;61;19;242;15;126;3;65;7;2;46;3;1;58;6;61
08068;CERVELLO;398;18;54;88;7;83;148;3;51;24;308;12;155;5;95;8;4;39;4;5;29;20;101
08069;COLLBATO;169;8;23;32;7;34;65;0;24;13;126;6;42;2;18;0;2;18;2;0;0;3;39
08070;COLLSUSPINA;7;0;0;2;0;4;1;0;3;0;4;0;1;0;0;0;1;0;0;0;0;0;1
08071;COPONS;14;1;3;3;0;4;3;0;3;1;10;0;1;0;1;0;0;0;0;0;0;0;1
08072;CORBERA DE LLOBREGAT;586;29;88;152;18;122;177;6;69;51;436;24;65;5;19;0;5;26;10;0;6;5;54
08073;CORNELLA DE LLOBREGAT;4513;205;760;1142;153;939;1314;20;468;506;3202;317;2593;175;1136;85;117;1024;56;5;240;247;2101
08074;CUBELLES;893;34;118;204;32;211;294;5;70;67;725;26;114;3;52;5;6;43;5;0;5;13;96
08075;DOSRIUS;264;15;29;54;10;52;104;3;36;31;189;5;77;10;25;6;4;28;4;3;31;4;39
08076;ESPARREGUERA;1286;65;190;224;61;305;441;11;181;73;899;122;288;29;127;13;8;105;6;4;71;17;196
08077;ESPLUGUES DE LLOBREGAT;1970;68;356;458;42;406;640;7;189;159;1526;89;1516;95;570;24;74;707;46;0;192;49;1275
08078;ESPUNYOLA, L';6;0;1;3;0;1;1;1;0;0;5;0;1;0;0;0;0;1;0;0;0;0;1
08079;ESTANY, L';13;0;0;4;0;1;8;0;3;1;9;0;8;1;1;1;2;3;0;0;0;0;8
08080;FIGOLS;1;0;0;0;0;0;1;0;0;1;0;0;18;0;6;0;0;12;0;0;0;0;18
08081;FOGARS DE MONTCLUS;16;0;2;7;0;4;3;1;2;1;12;0;23;0;7;0;1;15;0;4;0;0;19
08082;FOGARS DE LA SELVA;96;3;12;23;5;12;41;3;22;9;59;3;22;0;9;3;1;9;0;0;4;1;17
08083;FOLGUEROLES;52;3;3;14;1;10;21;2;16;3;28;3;9;0;1;2;0;6;0;1;6;0;2
08084;FONOLLOSA;63;2;8;18;0;12;23;1;9;7;46;0;9;1;4;0;0;4;0;1;0;2;6
08085;FONT-RUBI;50;1;9;15;1;10;14;6;7;3;32;2;43;0;35;1;0;7;0;23;15;2;3
08086;FRANQUESES DEL VALLES, LES;1078;38;177;202;25;269;367;11;191;77;729;70;716;38;387;21;19;233;18;5;348;25;338
08087;GALLIFA;6;0;1;2;0;1;2;0;0;0;5;1;1;0;1;0;0;0;0;1;0;0;0
08088;GARRIGA, LA;619;20;87;132;16;126;238;4;108;33;450;24;254;14;104;19;17;92;8;1;25;9;219
08089;GAVA;2145;79;356;485;76;467;682;20;196;201;1598;130;1225;47;637;32;37;453;19;12;125;88;1000
08090;GAIA;8;0;2;2;0;1;3;0;1;1;6;0;3;0;3;0;0;0;0;1;2;0;0
08091;GELIDA;401;18;52;94;12;101;124;12;48;29;283;29;59;2;26;2;1;23;5;4;21;4;30
08092;GIRONELLA;225;6;40;49;8;49;73;8;55;9;128;25;27;1;12;1;3;10;0;0;6;1;20
08093;GISCLARENY;3;0;1;0;0;1;1;0;0;0;3;0;0;0;0;0;0;0;0;0;0;0;0
08094;GRANADA, LA;85;3;9;16;3;27;27;4;11;6;57;7;121;3;63;10;2;40;3;12;8;1;100
08095;GRANERA;3;0;1;1;0;0;1;0;0;0;3;0;2;0;2;0;0;0;0;0;0;1;1
08096;GRANOLLERS;3558;140;542;815;132;800;1129;54;461;247;2501;295;3464;100;1529;46;110;1628;51;4;1501;55;1904
08097;GUALBA;73;2;8;13;4;17;29;0;10;5;57;1;32;2;16;1;1;11;1;0;8;0;24
08098;SANT SALVADOR DE GUARDIOLA;144;5;23;32;7;23;54;4;26;9;100;5;42;0;22;1;1;15;3;1;11;3;27
08099;GUARDIOLA DE BERGUEDA;53;0;6;8;2;14;23;0;6;3;44;0;6;1;2;0;0;3;0;0;0;0;6
08100;GURB;46;2;8;6;1;11;18;3;8;1;29;5;228;14;103;17;9;70;15;3;127;9;89
08101;HOSPITALET DE LLOBREGAT, L';14082;576;2434;3395;501;3125;4051;64;1169;1229;10817;803;7146;359;3020;169;232;3241;125;1;424;308;6413
08102;IGUALADA;2166;80;315;455;80;514;722;42;329;117;1424;254;1637;36;694;26;46;800;35;39;342;28;1228
08103;JORBA;38;3;6;7;4;8;10;1;6;1;25;5;18;1;6;2;2;7;0;0;5;0;13
08104;LLACUNA, LA;43;0;9;15;2;8;9;1;7;4;29;2;10;0;8;2;0;0;0;0;1;7;2
08105;LLAGOSTA, LA;831;41;118;187;25;185;275;6;150;62;562;51;156;6;88;5;8;47;2;0;30;34;92
08106;LLINARS DEL VALLES;526;32;82;132;14;92;174;2;94;42;350;38;356;17;164;13;12;138;12;2;159;30;165
08107;LLIÇA D'AMUNT;722;29;99;158;31;141;264;3;129;39;520;31;321;12;170;10;15;106;8;1;30;7;283
08108;LLIÇA DE VALL;286;20;36;55;6;56;113;2;59;13;202;10;423;18;172;16;7;207;3;3;114;11;295
08109;LLUÇA;6;0;3;0;0;1;2;0;0;1;5;0;4;0;1;0;0;3;0;0;0;0;4
08110;MALGRAT DE MAR;1207;72;206;234;63;251;381;26;89;83;973;36;262;40;86;13;15;102;6;6;46;29;181
08111;MALLA;7;0;1;1;1;4;0;0;0;0;6;1;24;4;9;1;6;2;2;0;2;0;22
08112;MANLLEU;1362;57;193;320;59;310;423;28;242;119;702;271;208;17;77;9;18;75;12;1;43;17;147
08113;MANRESA;4878;158;867;1265;142;1095;1351;78;579;496;3181;544;2638;95;1045;45;104;1290;59;8;455;59;2116
08114;MARTORELL;1657;74;266;386;48;401;482;32;189;115;1148;173;1999;38;1194;23;22;708;14;9;973;34;983
08115;MARTORELLES;290;13;41;46;13;83;94;3;49;9;208;21;492;15;335;11;6;120;5;0;71;2;419
08116;MASIES DE RODA, LES;21;1;2;4;1;6;7;0;6;2;10;3;30;1;12;2;2;12;1;1;9;0;20
08117;MASIES DE VOLTREGA, LES;115;3;11;22;4;22;53;2;30;2;73;8;58;3;31;5;1;17;1;5;25;2;26
08118;MASNOU, EL;1032;27;174;253;19;204;355;6;124;54;809;39;484;23;207;8;20;212;14;4;167;18;295
08119;MASQUEFA;520;30;68;118;17;127;160;6;57;22;406;29;85;3;35;5;5;33;4;0;21;3;61
08120;MATADEPERA;191;11;37;43;3;34;63;0;20;9;156;6;60;2;22;2;4;29;1;1;2;3;54
08121;MATARO;8570;291;1381;2090;202;1819;2787;176;1487;795;5430;682;2825;109;1165;54;108;1323;66;6;750;173;1896
08122;MEDIONA;125;4;14;30;6;25;46;10;21;3;85;6;18;1;10;0;0;7;0;2;3;3;10
08123;MOLINS DE REI;979;33;144;243;37;189;333;4;160;68;705;42;515;52;207;25;29;179;23;0;96;32;387
08124;MOLLET DEL VALLES;3189;151;459;706;122;678;1073;40;448;194;2263;244;1751;33;831;22;46;783;36;9;295;31;1416
08125;MONTCADA I REIXAC;2185;97;373;451;72;529;663;21;279;166;1549;170;1134;62;622;75;41;315;19;0;200;154;780
08126;MONTGAT;531;18;87;98;5;130;193;2;44;33;435;17;119;9;44;0;14;50;2;0;5;7;107
08127;MONISTROL DE MONTSERRAT;159;4;26;32;8;47;42;1;21;6;122;9;310;3;125;4;2;173;3;0;2;3;305
08128;MONISTROL DE CALDERS;37;2;3;6;3;10;13;0;7;4;26;0;2;0;2;0;0;0;0;0;0;1;1
08129;MUNTANYOLA;27;3;2;10;0;4;8;0;3;3;20;1;1;0;0;0;0;1;0;0;0;0;1
08130;MONTCLAR;2;0;0;1;0;1;0;0;1;0;1;0;3;0;1;0;0;2;0;0;0;0;3
08131;MONTESQUIU;44;1;5;12;0;9;17;3;8;2;30;1;10;0;5;0;0;5;0;0;5;0;5
08132;MONTMAJOR;10;0;0;2;0;6;2;2;2;0;6;0;4;0;0;0;0;3;1;0;2;0;2
08133;MONTMANEU;2;0;1;1;0;0;0;0;0;0;2;0;1;0;1;0;0;0;0;0;0;0;1
08134;FIGARO-MONTMANY;45;0;7;16;1;10;11;1;10;3;30;1;14;0;4;3;0;6;1;0;5;0;9
08135;MONTMELO;452;16;77;81;15;72;191;1;89;20;327;15;296;10;175;8;9;91;3;0;55;16;225
08136;MONTORNES DEL VALLES;1073;43;153;215;22;255;385;12;169;92;703;97;490;20;245;27;10;182;6;0;188;32;270
08137;MONTSENY;15;1;1;2;0;5;6;0;0;1;14;0;3;0;1;0;1;1;0;0;1;0;2
08138;MOIA;247;9;42;39;12;54;91;3;59;12;162;11;85;8;34;2;13;22;6;0;30;5;50
08139;MURA;6;0;0;4;0;1;1;1;1;2;2;0;7;0;3;1;0;2;1;1;0;0;6
08140;NAVARCLES;251;15;32;51;9;41;103;0;58;16;170;7;50;3;22;0;2;22;1;0;16;2;32
08141;NAVAS;314;10;48;76;10;60;110;12;62;33;182;25;63;4;29;4;2;23;1;6;9;7;41
08142;NOU DE BERGUEDA, LA;5;0;0;3;0;0;2;0;2;0;3;0;2;0;1;0;0;1;0;0;0;0;2
08143;ODENA;224;11;37;57;7;53;59;9;42;19;139;15;75;8;37;4;1;24;1;4;33;0;38
08144;OLVAN;36;2;5;6;0;7;16;2;8;3;21;2;9;0;9;0;0;0;0;0;7;0;2
08145;OLERDOLA;184;6;25;32;5;44;72;5;33;9;130;7;313;11;228;5;2;63;4;15;150;3;145
08146;OLESA DE BONESVALLS;62;0;12;13;2;13;22;1;12;6;40;3;10;0;4;0;1;5;0;0;1;3;6
08147;OLESA DE MONTSERRAT;1262;45;200;277;52;278;410;13;165;96;898;90;359;24;166;11;23;129;6;0;145;40;174
08148;OLIVELLA;227;4;38;47;8;57;73;4;23;14;177;9;23;1;14;2;0;6;0;1;0;2;20
08149;OLOST;44;1;5;4;1;8;25;1;16;3;23;1;42;4;19;5;2;7;5;0;19;4;19
08150;ORIS;4;0;0;0;1;2;1;0;3;0;1;0;16;10;2;0;2;1;1;0;3;0;13
08151;ORISTA;14;0;1;6;0;4;3;1;3;1;9;0;3;0;2;0;0;1;0;3;0;0;0
08152;ORPI;5;0;0;1;0;3;1;0;1;0;4;0;0;0;0;0;0;0;0;0;0;0;0
08153;ORRIUS;29;2;2;7;2;10;6;1;6;4;16;2;1;0;0;0;0;1;0;0;0;0;1
08154;PACS DEL PENEDES;44;0;6;11;0;12;15;0;6;3;35;0;42;2;33;3;0;4;0;4;33;0;5
08155;PALAFOLLS;588;35;86;122;36;119;190;12;62;48;451;15;206;6;107;5;5;79;4;5;34;11;156
08156;PALAU-SOLITA I PLEGAMANS;638;27;77;136;16;135;247;3;150;25;442;18;642;37;306;9;29;259;2;1;125;26;490
08157;PALLEJA;445;16;63;99;12;90;165;3;73;28;328;13;218;23;74;14;18;86;3;0;21;21;176
08158;PAPIOL, EL;199;5;30;40;4;51;69;0;32;17;146;4;102;2;58;8;4;26;4;0;45;9;48
08159;PARETS DEL VALLES;887;39;106;177;35;190;340;5;154;42;657;29;785;27;388;39;18;288;25;0;408;13;364
08160;PERAFITA;14;0;1;4;2;2;5;0;3;0;10;1;18;0;5;2;2;7;2;0;13;0;5
08161;PIERA;1028;53;116;231;33;244;351;23;149;69;720;67;93;8;45;5;5;29;1;6;8;13;66
08162;HOSTALETS DE PIEROLA, ELS;180;12;27;37;3;46;55;4;25;9;132;10;25;1;14;1;1;7;1;4;3;5;13
08163;PINEDA DE MAR;2282;110;375;514;99;520;664;64;202;188;1676;152;285;13;114;21;19;106;12;7;26;47;205
08164;PLA DEL PENEDES, EL;63;2;13;11;0;22;15;6;7;4;41;5;13;0;10;1;0;2;0;11;0;1;1
08165;POBLA DE CLARAMUNT, LA;115;4;14;22;5;27;43;0;31;3;70;11;445;3;210;11;1;220;0;0;336;5;104
08166;POBLA DE LILLET, LA;44;0;7;11;0;5;21;2;7;1;33;1;7;0;3;0;0;2;2;0;1;0;6
08167;POLINYA;388;16;73;80;7;90;122;1;105;17;249;16;454;21;230;22;14;151;16;0;270;12;172
08168;PONTONS;41;2;3;11;0;11;14;3;3;2;28;5;28;0;19;3;0;5;1;20;0;0;8
08169;PRAT DE LLOBREGAT, EL;3292;158;569;716;148;706;995;11;274;210;2585;212;4583;222;2334;80;118;1769;60;0;292;70;4221
08170;PRATS DE REI, ELS;14;0;3;3;1;4;3;0;6;1;6;1;7;0;4;1;0;2;0;0;2;0;5
08171;PRATS DE LLUÇANES;100;2;9;19;4;14;52;5;39;4;51;1;21;2;7;1;0;10;1;0;9;3;9
08172;PREMIA DE MAR;1560;39;239;405;41;290;546;53;166;135;1120;86;171;21;64;10;12;60;4;13;3;13;142
08174;PUIGDALBER;22;0;3;6;1;5;7;3;3;2;13;1;6;0;4;0;0;2;0;4;0;0;2
08175;PUIG-REIG;166;3;19;41;6;32;65;5;42;16;99;4;80;1;31;2;2;43;1;2;31;2;45
08176;PUJALT;5;0;1;0;0;3;1;0;3;0;2;0;3;2;1;0;0;0;0;1;0;2;0
08177;QUAR, LA;2;0;0;0;0;0;2;0;1;0;1;0;0;0;0;0;0;0;0;0;0;0;0
08178;RAJADELL;15;1;3;5;0;1;5;1;3;3;8;0;8;1;6;0;0;1;0;0;0;5;3
08179;RELLINARS;38;1;4;12;1;11;9;0;4;1;32;1;2;0;2;0;0;0;0;0;0;0;2
08180;RIPOLLET;2442;104;365;537;84;575;777;16;380;197;1645;204;410;24;196;25;19;132;14;0;93;32;285
08181;ROCA DEL VALLES, LA;464;29;50;90;24;90;181;3;77;22;331;31;453;21;151;24;17;222;18;2;46;10;395
08182;PONT DE VILOMARA I ROCAFORT, EL;242;9;34;64;5;51;79;2;48;16;169;7;57;0;34;1;1;20;1;0;4;0;53
08183;RODA DE TER;299;14;44;51;10;64;116;3;84;18;165;29;35;2;16;2;3;11;1;0;11;5;19
08184;RUBI;4673;148;715;1030;148;1000;1632;29;769;354;3174;347;2192;78;1125;70;55;818;46;0;631;99;1462
08185;RUBIO;9;0;1;4;0;1;3;0;0;2;7;0;1;0;1;0;0;0;0;0;1;0;0
08187;SABADELL;12421;507;2037;2770;452;2760;3895;86;1815;1105;8380;1035;5272;225;1915;134;279;2606;113;0;541;307;4424
08188;SAGAS;0;0;0;0;0;0;0;0;0;0;0;0;0;0;0;0;0;0;0;0;0;0;0
08189;SANT PERE SALLAVINERA;1;0;0;0;0;1;0;0;0;0;1;0;1;0;1;0;0;0;0;0;1;0;0
08190;SALDES;8;0;0;3;1;1;3;0;1;0;7;0;2;0;0;0;0;1;1;0;0;0;2
08191;SALLENT;301;13;38;68;10;59;113;4;62;14;210;11;435;15;287;10;5;115;3;4;39;3;389
08192;SANTPEDOR;257;10;38;49;6;56;98;2;51;17;178;9;270;2;186;4;1;73;4;0;209;10;51
08193;SANT ISCLE DE VALLALTA;62;1;5;20;1;17;18;4;11;1;44;2;19;1;6;1;0;9;2;0;7;0;12
08194;SANT ADRIA DE BESOS;2669;176;402;594;134;608;755;13;276;209;1922;249;636;32;287;20;98;181;18;0;68;76;492
08195;SANT AGUSTI DE LLUÇANES;3;0;0;0;0;1;2;0;0;0;3;0;199;1;80;0;1;117;0;1;0;0;198
08196;SANT ANDREU DE LA BARCA;1404;36;227;275;45;342;479;13;203;83;1014;91;1232;30;477;27;18;669;11;0;145;51;1036
08197;SANT ANDREU DE LLAVANERES;403;11;45;115;9;75;148;6;45;23;319;10;114;3;48;4;4;51;4;3;3;8;100
08198;SANT ANTONI DE VILAMAJOR;294;14;34;77;11;62;96;6;43;18;211;16;55;4;22;1;6;19;3;0;2;5;48
08199;SANT BARTOMEU DEL GRAU;52;1;7;7;2;13;22;0;12;3;29;8;66;0;18;0;0;48;0;0;66;0;0
08200;SANT BOI DE LLOBREGAT;4541;177;735;911;163;1021;1534;20;582;321;3303;315;3099;87;1470;61;67;1373;41;9;415;95;2580
08201;SANT BOI DE LLUÇANES;15;1;1;3;1;3;6;0;2;0;12;1;8;0;2;2;1;2;1;0;3;1;4
08202;SANT CELONI;982;42;142;236;29;235;298;17;149;65;658;93;330;12;138;17;15;139;9;8;38;17;267
08203;SANT CEBRIA DE VALLALTA;212;6;31;53;4;45;73;3;20;13;167;9;83;1;58;1;2;20;1;2;1;4;76
08204;SANT CLIMENT DE LLOBREGAT;144;6;23;38;5;20;52;0;22;10;110;2;20;4;4;1;2;9;0;0;4;0;16
08205;SANT CUGAT DEL VALLES;2610;82;430;647;60;562;829;12;279;123;2099;97;4305;248;1471;113;236;2110;127;2;169;98;4036
08206;SANT CUGAT SESGARRIGUES;28;2;2;5;1;5;13;0;4;1;21;2;24;2;11;3;0;6;2;3;8;1;12
08207;SANT ESTEVE DE PALAUTORDERA;105;4;12;32;3;22;32;0;19;1;81;4;55;0;19;0;1;35;0;1;1;1;52
08208;SANT ESTEVE SESROVIRES;259;9;35;62;13;59;81;2;37;10;198;12;761;18;436;22;2;271;12;2;375;7;377
08209;SANT FOST DE CAMPSENTELLES;368;7;50;79;9;87;136;1;64;20;265;18;168;5;77;5;3;76;2;0;14;9;145
08210;SANT FELIU DE CODINES;327;8;49;74;11;79;106;2;52;26;234;13;70;8;36;2;3;20;1;1;5;12;52
08211;SANT FELIU DE LLOBREGAT;1877;72;306;433;53;362;651;10;283;128;1392;64;462;40;152;19;23;211;17;1;31;49;381
08212;SANT FELIU SASSERRA;14;0;1;4;0;1;8;0;6;2;6;0;2;0;1;0;0;0;1;1;0;0;1
08213;SANT FRUITOS DE BAGES;367;19;53;81;9;70;135;6;80;15;249;17;511;19;198;21;11;238;24;0;130;21;360
08214;VILASSAR DE DALT;363;16;48;99;5;63;132;6;54;29;261;13;203;17;90;11;3;80;2;2;85;14;102
08215;SANT HIPOLIT DE VOLTREGA;128;3;21;27;3;28;46;3;30;9;79;7;17;1;7;0;1;8;0;1;2;7;7
08216;SANT JAUME DE FRONTANYA;1;0;0;0;0;1;0;0;0;0;1;0;0;0;0;0;0;0;0;0;0;0;0
08217;SANT JOAN DESPI;1348;44;208;304;47;285;460;2;164;97;1038;47;1111;36;430;17;27;580;21;0;166;113;832
08218;SANT JOAN DE VILATORRADA;438;20;68;98;15;75;162;4;71;28;313;22;128;3;64;9;4;46;2;12;34;7;75
08219;VILASSAR DE MAR;783;32;105;189;23;166;268;10;79;39;618;37;207;15;85;17;10;76;4;7;14;10;176
08220;SANT JULIA DE VILATORTA;77;4;10;21;2;15;25;1;11;4;58;3;45;7;27;0;1;8;2;0;23;0;22
08221;SANT JUST DESVERN;470;21;65;124;9;95;156;1;52;26;366;25;542;45;241;21;36;175;24;0;47;18;477
08222;SANT LLORENÇ D'HORTONS;102;4;16;13;4;28;37;1;12;3;79;7;314;2;161;3;1;146;1;2;11;3;298
08223;SANT LLORENÇ SAVALL;96;3;12;22;2;29;28;0;22;5;65;4;23;1;6;2;1;11;2;0;4;1;18
08224;SANT MARTI DE CENTELLES;66;0;12;10;5;18;21;1;13;3;45;4;9;0;4;1;0;3;1;0;2;0;7
08225;SANT MARTI D'ALBARS;5;0;0;1;0;1;3;0;2;0;3;0;7;0;4;1;1;1;0;1;1;0;5
08226;SANT MARTI DE TOUS;37;2;9;7;1;6;12;0;4;5;27;1;7;0;1;0;0;4;2;0;0;0;7
08227;SANT MARTI SARROCA;142;6;20;29;6;40;41;12;18;4;103;5;52;4;34;8;1;4;1;36;0;1;15
08228;SANT MARTI SESGUEIOLES;6;0;1;1;0;0;4;0;3;1;2;0;2;0;1;0;0;1;0;0;1;0;1
08229;SANT MATEU DE BAGES;18;2;1;9;0;1;5;2;5;0;11;0;7;1;3;0;2;1;0;0;3;1;3
08230;PREMIA DE DALT;447;20;60;116;7;78;166;7;60;40;323;17;78;8;26;4;9;27;4;10;1;9;58
08231;SANT PERE DE RIBES;1864;65;330;401;49;404;615;30;160;184;1408;82;266;13;89;9;12;139;4;17;12;21;216
08232;SANT PERE DE RIUDEBITLLES;110;0;18;32;1;22;37;8;22;7;71;2;42;1;24;2;1;14;0;4;24;2;12
08233;SANT PERE DE TORELLO;98;2;18;20;5;19;34;5;23;8;58;4;36;1;8;4;0;20;3;1;16;2;17
08234;SANT PERE DE VILAMAJOR;212;9;19;52;5;34;93;2;24;14;165;7;44;2;34;1;2;4;1;1;9;2;32
08235;SANT POL DE MAR;214;6;32;47;7;36;86;3;23;11;169;8;46;3;16;3;2;19;3;0;8;3;35
08236;SANT QUINTI DE MEDIONA;134;7;17;28;4;29;49;15;20;9;84;6;14;0;8;3;0;2;1;2;8;3;1
08237;SANT QUIRZE DE BESORA;90;3;17;21;2;20;27;3;20;7;56;4;21;1;8;0;1;10;1;0;13;0;8
08238;SANT QUIRZE DEL VALLES;662;23;91;132;23;128;265;3;100;39;494;26;526;18;260;23;24;187;14;0;144;36;346
08239;SANT QUIRZE SAFAJA;22;1;6;6;3;3;3;2;3;0;13;4;46;0;23;1;0;21;1;0;2;0;44
08240;SANT SADURNI D'ANOIA;498;16;77;90;18;115;182;29;106;20;311;32;314;19;144;14;8;122;7;22;140;17;135
08241;SANT SADURNI D'OSORMORT;3;0;0;0;0;2;1;0;1;0;2;0;0;0;0;0;0;0;0;0;0;0;0
08242;MARGANELL;14;0;3;5;0;4;2;0;1;1;12;0;3;0;1;1;0;1;0;0;1;0;2
08243;SANTA CECILIA DE VOLTREGA;4;0;1;0;0;0;3;0;2;0;2;0;5;0;1;1;0;3;0;1;3;1;0
08244;SANTA COLOMA DE CERVELLO;290;11;52;61;13;57;96;2;45;12;221;10;89;4;32;7;4;40;2;1;5;9;74
08245;SANTA COLOMA DE GRAMENET;7643;301;1334;1750;298;1798;2162;45;739;837;5347;675;1176;47;450;21;63;567;28;8;43;174;951
08246;SANTA EUGENIA DE BERGA;81;3;12;19;3;15;29;1;25;5;46;4;97;0;71;6;2;17;1;0;74;5;18
08247;SANTA EULALIA DE RIUPRIMER;42;2;3;10;0;10;17;0;13;4;24;1;12;1;4;1;1;4;1;3;2;1;6
08248;SANTA EULALIA DE RONÇANA;307;15;55;54;9;78;96;1;49;18;223;16;94;2;43;4;3;42;0;0;24;2;68
08249;SANTA FE DEL PENEDES;15;0;3;6;1;2;3;0;1;1;13;0;2;0;2;0;0;0;0;2;0;0;0
08250;SANTA MARGARIDA DE MONTBUI;763;32;125;137;36;184;249;11;130;52;485;85;49;1;21;1;1;24;1;0;7;0;42
08251;SANTA MARGARIDA I ELS MONJOS;442;15;81;106;10;113;117;28;73;22;298;21;446;4;296;4;4;132;6;17;370;6;53
08252;BARBERA DEL VALLES;1693;81;269;334;54;379;576;7;262;91;1235;98;1779;56;852;53;40;722;56;1;698;76;1004
08253;SANTA MARIA DE BESORA;4;0;2;1;0;1;0;0;1;1;2;0;1;0;0;0;0;1;0;0;0;0;1
08254;ESQUIROL, L';62;3;5;16;3;8;27;3;13;2;40;4;60;1;35;0;1;22;1;2;38;0;20
08255;SANTA MARIA DE MERLES;6;0;1;1;1;0;3;0;2;0;4;0;0;0;0;0;0;0;0;0;0;0;0
08256;SANTA MARIA DE MARTORELLES;38;1;7;11;1;6;12;0;8;1;29;0;4;1;0;1;0;2;0;0;0;0;4
08257;SANTA MARIA DE MIRALLES;6;0;0;2;0;0;4;0;3;0;3;0;2;0;1;0;0;1;0;0;0;0;2
08258;SANTA MARIA D'OLO;20;1;4;3;1;4;7;1;5;1;12;1;12;2;2;1;3;1;3;0;9;2;1
08259;SANTA MARIA DE PALAUTORDERA;506;18;74;132;17;107;158;12;83;33;359;19;93;9;41;3;2;37;1;0;24;3;66
08260;SANTA PERPETUA DE MOGODA;1420;59;230;269;66;311;485;13;248;74;998;87;1040;59;506;37;26;378;34;1;493;9;537
08261;SANTA SUSANNA;205;8;33;50;10;33;71;3;19;15;166;2;166;5;79;1;2;74;5;1;0;10;155
08262;SANT VICENÇ DE CASTELLET;590;16;74;143;20;134;203;6;115;66;358;45;213;8;128;10;7;53;7;0;48;6;159
08263;SANT VICENÇ DELS HORTS;1789;84;263;383;73;390;596;5;256;164;1218;146;322;23;138;16;13;121;11;0;68;29;225
08264;SANT VICENÇ DE MONTALT;214;2;25;53;4;46;84;0;30;15;167;2;49;3;18;1;10;15;2;0;0;3;46
08265;SANT VICENÇ DE TORELLO;81;4;9;17;1;18;32;1;18;2;59;1;46;2;25;0;1;16;2;0;38;0;8
08266;CERDANYOLA DEL VALLES;2555;85;490;563;75;509;833;14;345;188;1875;133;1135;67;397;43;163;409;56;0;88;78;969
08267;SENTMENAT;396;17;53;60;12;107;147;1;87;29;261;18;190;5;86;8;9;77;5;0;140;13;37
08268;CERCS;62;1;7;16;1;13;24;0;11;2;47;2;18;2;7;0;0;9;0;0;3;0;15
08269;SEVA;144;2;18;36;5;22;61;3;28;9;102;2;68;2;22;1;5;33;5;0;19;3;46
08270;SITGES;1077;33;195;269;22;201;357;3;56;49;943;26;609;26;253;32;24;253;21;0;7;52;550
08271;SOBREMUNT;1;0;0;1;0;0;0;0;1;0;0;0;6;0;3;0;0;3;0;0;0;0;6
08272;SORA;6;1;1;1;0;0;3;0;1;0;4;1;5;0;2;0;1;2;0;2;0;0;3
08273;SUBIRATS;91;1;14;23;5;14;34;1;21;6;58;5;122;1;88;1;0;29;3;27;3;2;90
08274;SURIA;285;8;43;51;8;55;120;7;45;16;208;9;66;2;31;15;1;14;3;1;21;12;32
08275;TAVERNOLES;6;0;2;3;0;0;1;0;3;1;2;0;13;0;6;2;2;3;0;0;1;0;12
08276;TAGAMANENT;14;0;2;6;0;2;4;0;2;1;9;2;3;0;2;1;0;0;0;0;0;3;0
08277;TALAMANCA;9;0;2;1;0;5;1;0;1;0;8;0;0;0;0;0;0;0;0;0;0;0;0
08278;TARADELL;242;12;42;42;10;54;82;5;56;9;154;18;148;2;58;8;5;71;4;2;8;6;132
08279;TERRASSA;13986;535;2085;3056;505;3466;4339;93;1924;1641;8783;1545;4762;231;1864;129;184;2230;124;5;347;558;3852
08280;TAVERTET;1;0;0;0;0;0;1;0;0;0;1;0;1;0;0;0;0;1;0;0;0;0;1
08281;TEIA;190;5;34;44;3;39;65;3;23;13;143;8;109;1;67;1;2;36;2;16;5;7;81
08282;TIANA;231;10;25;46;2;54;94;0;26;15;182;8;74;5;21;3;6;36;3;2;2;4;66
08283;TONA;346;13;54;61;13;66;139;6;85;23;212;20;105;7;37;6;5;43;7;2;15;7;81
08284;TORDERA;1178;42;181;253;39;284;379;28;158;88;843;61;777;16;368;9;20;350;14;6;28;24;719
08285;TORELLO;672;25;79;157;13;163;235;15;190;33;395;39;198;6;70;5;12;94;11;0;104;2;92
08286;TORRE DE CLARAMUNT, LA;238;9;34;48;5;48;94;3;47;14;157;17;24;0;19;0;1;4;0;0;19;0;5
08287;TORRELAVIT;44;2;7;9;3;10;13;2;11;2;27;2;35;2;19;4;0;7;3;10;19;1;5
08288;TORRELLES DE FOIX;170;10;27;49;4;34;46;17;25;19;99;10;32;0;15;0;0;15;2;7;17;1;7
08289;TORRELLES DE LLOBREGAT;222;4;34;63;8;34;79;0;30;13;173;6;40;0;20;1;1;17;1;0;0;7;33
08290;ULLASTRELL;74;3;13;19;1;12;26;1;12;5;56;0;18;1;8;0;4;5;0;0;1;3;14
08291;VACARISSES;313;8;58;77;7;71;92;1;63;36;204;9;124;11;52;3;6;50;2;0;69;2;53
08292;VALLBONA D'ANOIA;79;2;9;20;3;16;29;2;12;6;56;3;12;0;6;2;2;2;0;0;7;0;5
08293;VALLCEBRE;9;0;5;0;0;1;3;1;2;0;5;1;1;0;1;0;0;0;0;0;0;0;1
08294;VALLGORGUINA;144;4;30;35;7;36;32;4;19;5;113;3;34;0;23;0;1;10;0;18;0;1;15
08295;VALLIRANA;756;35;112;168;26;161;254;7;108;75;524;42;139;2;75;6;9;45;2;0;21;23;95
08296;VALLROMANES;103;4;16;28;3;17;35;0;17;9;75;2;67;2;26;2;3;32;2;0;0;4;63
08297;VECIANA;2;0;1;0;0;0;1;0;1;0;1;0;0;0;0;0;0;0;0;0;0;0;0
08298;VIC;2442;127;419;552;114;533;697;43;410;133;1495;361;1873;66;843;67;80;745;72;7;352;68;1446
08299;VILADA;16;1;3;3;0;2;7;0;1;1;13;1;14;0;7;0;1;4;2;0;1;0;13
08300;VILADECAVALLS;336;14;39;71;14;44;154;0;61;20;240;15;162;18;70;8;11;54;1;0;32;8;122
08301;VILADECANS;3372;132;535;687;127;737;1154;20;379;277;2466;230;1219;48;465;36;65;583;22;11;216;71;921
08302;VILANOVA DEL CAMI;965;56;147;177;34;207;344;12;223;60;583;87;47;2;28;1;1;14;1;0;6;7;34
08303;VILANOVA DE SAU;11;0;4;1;0;2;4;1;2;1;7;0;3;0;1;0;0;1;1;0;0;1;2
08304;VILOBI DEL PENEDES;37;4;5;9;1;8;10;0;7;2;23;5;47;1;33;2;3;8;0;3;35;2;7
08305;VILAFRANCA DEL PENEDES;2170;77;360;516;69;530;618;125;297;124;1478;146;1354;40;635;36;30;587;26;37;200;161;956
08306;VILALBA SASSERRA;46;3;11;6;0;14;12;0;4;8;31;3;5;0;2;0;0;2;1;0;0;1;4
08307;VILANOVA I LA GELTRU;4151;138;626;952;135;890;1410;59;419;339;3112;222;2052;36;981;38;27;931;39;8;173;84;1787
08308;VIVER I SERRATEIX;2;0;0;0;0;0;2;0;2;0;0;0;2;0;2;0;0;0;0;2;0;0;0
08901;RUPIT I PRUIT;3;0;1;0;0;0;2;1;1;0;1;0;16;1;7;0;2;6;0;0;0;0;16
08902;VILANOVA DEL VALLES;196;9;20;48;6;37;76;1;36;8;141;10;191;6;125;2;5;51;2;0;5;8;178
08903;SANT JULIA DE CERDANYOLA;3;0;1;1;0;0;1;0;0;0;3;0;0;0;0;0;0;0;0;0;0;0;0
08904;BADIA DEL VALLES;1102;61;192;224;43;247;335;5;138;93;773;93;51;5;20;1;2;23;0;0;0;13;38
08905;PALMA DE CERVELLO, LA;161;3;26;37;6;28;61;5;21;13;118;4;27;8;8;4;0;3;4;0;9;7;11
48001;ABADIÑO;307;7;64;52;10;90;84;2;78;13;188;26;548;6;299;15;2;215;11;0;247;11;290
48002;ABANTO Y CIERVANA-ABANTO ZIERBENA;661;23;114;168;27;152;177;14;72;75;408;92;402;9;187;13;5;186;2;0;79;24;299
48003;AMOREBIETA-ETXANO;780;25;153;149;38;197;218;9;127;46;492;106;726;25;345;17;38;289;12;1;176;26;523
48004;AMOROTO;10;0;2;1;0;4;3;0;2;0;8;0;18;0;10;1;0;7;0;0;7;0;11
48005;ARAKALDO;5;0;0;1;0;0;4;0;0;1;3;1;6;0;2;0;0;3;1;0;1;0;5
48006;ARANTZAZU;12;1;0;1;1;2;7;1;0;0;9;2;13;0;3;0;1;9;0;0;1;0;12
48007;MUNITIBAR-ARBATZEGI GERRIKAITZ;14;0;5;4;1;3;1;1;3;1;7;2;5;0;1;0;0;4;0;0;0;0;5
48008;ARTZENTALES;37;0;7;13;0;6;11;4;0;3;27;3;71;0;15;0;0;56;0;1;0;1;69
48009;ARRANKUDIAGA;42;2;8;11;1;6;14;0;2;4;34;2;49;1;34;1;3;9;1;0;15;5;29
48010;ARRIETA;19;3;1;6;1;2;6;0;2;0;12;5;8;0;3;0;0;5;0;1;0;0;7
48011;ARRIGORRIAGA;655;28;120;125;22;152;208;6;75;42;432;100;202;10;99;3;7;76;7;0;44;23;135
48012;BAKIO;129;5;29;31;1;30;33;7;18;3;95;6;179;0;76;0;3;98;2;0;1;0;178
48013;BARAKALDO;6253;199;1128;1448;225;1507;1746;89;539;678;4204;743;2712;44;970;22;80;1561;35;1;91;99;2521
48014;BARRIKA;74;2;6;22;3;12;29;1;11;5;54;3;76;5;34;1;2;33;1;1;0;0;75
48015;BASAURI;2615;98;443;583;110;561;820;38;313;202;1684;378;874;37;348;29;38;410;12;3;98;42;731
48016;BERANGO;297;6;49;78;6;75;83;2;36;21;227;11;467;3;350;4;10;99;1;0;18;5;444
48017;BERMEO;869;43;182;188;37;229;190;50;124;57;510;128;345;46;120;5;3;169;2;5;33;16;291
48018;BERRIATUA;34;2;11;7;0;11;3;2;15;0;15;2;87;0;40;4;1;40;2;0;38;0;49
48019;BERRIZ;195;10;41;29;8;58;49;6;49;4;105;31;162;4;91;5;2;57;3;1;125;2;34
48020;BILBAO;22495;815;4001;5298;812;5010;6559;438;1795;1800;15207;3255;16143;324;6108;192;499;8773;247;5;574;525;15039
48021;BUSTURIA;76;3;13;19;5;20;16;2;9;4;47;14;26;0;9;0;0;17;0;0;1;0;25
48022;KARRANTZA HARANA/VALLE DE CARRANZA;186;5;35;47;7;45;47;15;19;22;107;23;29;6;11;0;2;10;0;1;5;0;23
48023;ARTEA;26;0;4;12;0;5;5;1;1;3;18;3;53;2;30;2;1;17;1;0;35;1;17
48024;ZEANURI;37;4;10;9;0;7;7;1;6;5;21;4;12;0;5;1;1;3;2;0;0;3;9
48025;ZEBERIO;37;0;7;11;1;9;9;1;6;5;24;1;9;0;5;0;0;4;0;0;0;2;7
48026;DIMA;42;2;5;13;1;7;14;0;6;4;29;3;15;0;8;1;0;5;1;0;4;1;10
48027;DURANGO;1303;38;239;272;37;353;364;20;273;74;817;119;780;9;313;9;28;408;13;3;180;13;584
48028;EA;33;2;11;8;0;5;7;1;11;0;21;0;5;0;1;0;0;4;0;0;0;3;2
48029;ETXEBARRI;506;15;72;90;18;144;167;2;43;45;375;41;247;13;117;10;8;88;11;0;113;30;104
48030;ETXEBARRIA;28;2;6;5;3;8;4;2;9;0;13;4;33;0;19;1;1;12;0;0;20;1;12
48031;ELANTXOBE;13;0;3;4;0;3;3;0;1;1;11;0;0;0;0;0;0;0;0;0;0;0;0
48032;ELORRIO;229;5;37;47;11;66;63;2;51;18;137;21;571;7;306;10;2;237;9;3;227;10;331
48033;EREÑO;11;1;1;1;0;5;3;0;0;0;10;1;59;0;14;0;0;45;0;0;0;0;59
48034;ERMUA;749;20;122;147;29;176;255;7;164;47;450;81;750;7;484;10;4;240;5;0;595;21;134
48035;FRUIZ;19;3;4;2;0;3;7;0;2;2;14;1;13;0;3;0;2;8;0;0;0;0;13
48036;GALDAKAO;1316;51;240;275;39;290;421;11;214;71;912;108;1052;18;536;27;14;435;22;2;134;47;869
48037;GALDAMES;42;0;1;15;1;12;13;2;2;6;29;3;31;0;29;2;0;0;0;0;31;0;0
48038;GAMIZ-FIKA;42;3;7;12;1;5;14;3;3;3;27;6;19;0;3;0;1;15;0;1;0;1;17
48039;GARAI;3;0;0;0;1;1;1;0;0;1;2;0;11;0;4;0;1;5;1;0;0;0;11
48040;GATIKA;61;5;7;14;3;5;27;1;16;7;33;4;61;0;20;1;0;39;1;0;5;6;50
48041;GAUTEGIZ ARTEAGA;24;1;6;11;2;1;3;0;6;1;15;2;36;0;12;0;0;24;0;0;0;0;36
48042;GORDEXOLA;81;5;9;19;4;12;32;4;9;4;52;12;138;1;42;4;1;89;1;1;15;5;117
48043;GORLIZ;294;12;64;70;4;60;84;2;26;24;220;22;58;1;29;2;3;22;1;0;0;9;49
48044;GETXO;3172;104;579;745;92;676;976;30;329;199;2306;308;1432;35;448;26;130;764;29;51;16;43;1322
48045;GÜEÑES;417;10;77;88;6;110;126;19;52;16;271;59;228;2;132;2;2;88;2;2;70;4;152
48046;GERNIKA-LUMO;824;32;156;160;30;242;204;17;149;42;506;110;281;8;111;12;7;137;6;1;35;33;212
48047;GIZABURUAGA;5;0;0;0;0;4;1;0;1;0;4;0;9;0;7;0;0;2;0;0;8;0;1
48048;IBARRANGELU;34;0;1;15;1;11;6;0;3;1;29;1;3;0;3;0;0;0;0;0;0;0;3
48049;ISPASTER;24;1;3;4;1;10;5;2;3;1;17;1;2;0;1;0;0;1;0;0;0;0;2
48050;IZURTZA;13;1;5;2;0;5;0;2;1;1;7;2;16;1;9;1;0;1;4;0;9;0;7
48051;LANESTOSA;13;0;4;2;0;2;5;0;2;1;8;2;34;0;9;0;0;25;0;0;0;0;34
48052;LARRABETZU;56;4;10;15;0;10;17;1;15;2;33;5;171;3;96;4;1;67;0;1;22;2;146
48053;LAUKIZ;47;4;8;11;2;9;13;1;5;3;33;5;19;0;5;0;2;11;1;0;0;1;18
48054;LEIOA;1555;73;287;314;55;370;456;24;156;122;1095;158;1498;28;540;23;31;854;22;0;231;44;1223
48055;LEMOA;179;6;22;45;8;56;42;1;41;13;106;18;110;3;71;1;1;33;1;0;23;8;79
48056;LEMOIZ;47;3;7;14;1;8;14;1;8;6;28;4;5;0;3;0;0;1;1;0;0;1;4
48057;LEKEITIO;270;8;52;76;8;67;59;8;68;11;166;17;68;0;28;1;0;38;1;2;0;2;64
48058;MALLABIA;44;0;3;16;0;12;13;0;13;3;24;4;81;3;50;6;0;20;2;0;56;3;22
48059;MAÑARIA;10;0;2;1;0;4;3;0;3;0;6;1;0;0;0;0;0;0;0;0;0;0;0
48060;MARKINA-XEMEIN;165;9;35;38;6;49;28;13;44;2;84;22;122;2;37;12;0;70;1;1;21;10;90
48061;MARURI-JATABE;33;2;5;11;0;5;10;1;4;3;23;2;26;1;19;1;0;4;1;0;0;0;26
48062;MENDATA;7;0;1;1;0;3;2;0;0;1;5;1;2;0;1;0;0;1;0;0;0;0;2
48063;MENDEXA;15;0;0;5;2;7;1;2;1;1;9;2;0;0;0;0;0;0;0;0;0;0;0
48064;MEÑAKA;10;2;1;4;1;0;2;0;5;0;4;1;4;0;0;0;1;3;0;0;0;0;4
48065;UGAO-MIRABALLES;217;8;39;43;12;56;59;3;27;17;139;31;56;1;29;1;1;24;0;1;18;6;31
48066;MORGA;15;0;4;3;0;4;4;1;3;2;9;0;2;0;2;0;0;0;0;0;1;1;0
48067;MUXIKA;54;4;13;16;0;7;14;3;10;4;35;2;15;0;9;0;0;6;0;0;4;1;10
48068;MUNDAKA;63;2;11;19;1;12;18;1;13;6;38;5;32;0;14;1;1;15;1;0;8;3;21
48069;MUNGIA;811;27;140;134;27;237;246;10;109;42;554;96;499;19;229;6;13;226;6;5;134;13;347
48070;AULESTI;12;0;1;2;1;5;3;0;3;0;8;1;12;1;2;0;1;8;0;0;2;0;10
48071;MUSKIZ;484;15;90;110;24;106;139;9;54;59;296;66;231;0;122;3;4;98;4;2;53;19;157
48072;OTXANDIO;38;3;9;7;2;10;7;3;6;3;21;5;19;1;10;2;0;6;0;1;11;0;7
48073;ONDARROA;384;22;82;75;11;85;109;26;129;9;196;24;148;6;57;2;4;76;3;32;3;0;113
48074;URDUÑA/ORDUÑA;125;1;17;34;0;24;49;5;30;15;69;6;211;0;47;1;3;158;2;0;22;1;188
48075;OROZKO;47;1;8;13;0;12;13;0;10;5;28;4;208;0;83;6;2;117;0;23;169;1;15
48076;SUKARRIETA;18;0;3;3;0;2;10;0;2;1;14;1;6;0;4;0;1;0;1;0;0;0;6
48077;PLENTZIA;235;8;47;59;7;38;76;4;26;17;162;26;58;0;23;3;2;29;1;0;1;4;53
48078;PORTUGALETE;2919;101;480;761;82;606;889;26;313;301;1932;347;654;16;152;10;21;446;9;0;12;16;626
48079;ERRIGOITI;22;0;5;5;2;6;4;3;5;2;12;0;4;0;2;0;0;2;0;0;0;2;2
48080;VALLE DE TRAPAGA-TRAPAGARAN;684;31;112;161;18;163;199;6;60;70;466;82;578;24;400;16;18;116;4;0;77;28;473
48081;LEZAMA;82;5;11;14;3;21;28;2;16;3;52;9;39;1;28;0;0;9;1;1;13;2;23
48082;SANTURTZI;3250;144;582;707;139;742;936;35;272;343;2097;503;2805;25;2197;23;22;532;6;11;42;40;2712
48083;ORTUELLA;547;24;98;114;17;147;147;4;64;59;357;63;183;8;87;6;5;76;1;0;43;9;131
48084;SESTAO;2253;75;400;596;86;510;586;78;207;229;1448;291;443;9;195;10;9;210;10;0;43;30;370
48085;SOPELANA;638;24;124;154;20;131;185;2;63;43;481;49;180;3;93;2;6;70;6;1;31;27;121
48086;SOPUERTA;114;1;22;28;2;28;33;1;11;8;85;9;139;0;35;0;1;102;1;0;1;1;137
48087;TRUCIOS-TURTZIOZ;28;1;3;10;1;5;8;2;3;3;19;1;2;0;1;0;0;1;0;0;1;0;1
48088;UBIDE;7;0;2;2;0;2;1;1;4;0;2;0;0;0;0;0;0;0;0;0;0;0;0
48089;URDULIZ;217;10;41;59;6;51;50;2;25;17;156;17;143;5;74;2;12;48;2;0;29;7;107
48090;BALMASEDA;581;15;81;110;19;180;176;6;55;29;388;103;125;2;47;1;3;67;5;0;8;4;113
48091;ATXONDO;50;5;9;3;3;14;16;0;13;2;28;7;251;2;163;1;1;82;2;0;179;3;69
48092;BEDIA;50;1;9;10;3;13;14;4;9;2;31;4;40;0;30;1;0;9;0;0;18;5;17
48093;AREATZA;51;1;6;9;6;14;15;0;5;5;33;8;22;0;20;0;0;2;0;0;1;1;20
48094;IGORRE;218;12;37;37;8;74;50;5;38;11;123;41;153;3;94;8;1;47;0;3;110;3;37
48095;ZALDIBAR;106;2;19;20;5;37;23;1;26;4;64;11;278;6;224;8;0;40;0;1;243;1;33
48096;ZALLA;579;16;97;121;14;144;187;22;59;44;390;64;208;9;65;5;3;123;3;10;14;2;182
48097;ZARATAMO;97;7;15;23;6;23;23;2;11;5;63;16;68;2;42;6;0;17;1;0;17;14;37
48901;DERIO;236;6;38;55;11;62;64;2;28;23;171;12;905;39;289;17;10;537;13;1;57;46;801
48902;ERANDIO;1308;37;231;313;36;342;349;23;137;108;924;116;1259;27;630;35;21;530;16;1;94;135;1029
48903;LOIU;65;0;12;15;0;15;23;2;8;4;49;2;354;3;226;13;3;105;4;1;23;13;317
48904;SONDIKA;207;11;29;48;5;47;67;1;37;14;134;21;203;12;99;13;5;70;4;0;61;15;127
48905;ZAMUDIO;128;0;21;30;2;41;34;2;18;15;88;5;802;34;478;32;15;232;11;3;350;23;426
48906;FORUA;45;0;11;10;2;6;16;1;11;3;26;4;42;1;16;0;1;24;0;0;0;0;42
48907;KORTEZUBI;9;1;2;2;0;3;1;0;2;2;3;2;18;0;6;0;0;12;0;0;0;0;18
48908;MURUETA;11;0;2;3;0;1;5;0;2;1;7;1;38;0;34;1;0;3;0;0;36;0;2
48909;NABARNIZ;7;0;1;1;0;3;2;1;0;0;6;0;0;0;0;0;0;0;0;0;0;0;0
48910;IURRETA;172;6;36;37;6;39;48;2;40;5;105;20;257;7;147;14;3;69;17;2;187;6;62
48911;AJANGIZ;9;1;2;1;0;3;2;0;4;0;3;2;25;0;16;0;0;9;0;0;23;0;2
48912;ALONSOTEGI;198;7;30;51;7;57;46;11;17;20;114;36;53;3;25;2;0;22;1;0;26;6;21
48913;ZIERBENA;101;5;17;26;5;24;24;1;14;10;69;7;119;3;79;9;2;22;4;0;42;12;65
48914;ARRATZU;8;0;2;2;0;3;1;0;2;0;5;1;14;0;8;0;0;6;0;7;1;0;6
48915;ZIORTZA-BOLIBAR;7;1;0;1;0;2;3;0;1;0;6;0;0;0;0;0;0;0;0;0;0;0;0
09001;ABAJAS;3;0;0;2;0;0;1;0;0;0;3;0;19;0;9;0;0;10;0;0;7;5;7
09003;ADRADA DE HAZA;12;1;1;4;1;3;2;1;1;1;9;0;11;0;1;0;0;10;0;0;0;0;11
09006;AGUAS CANDIDAS;3;1;1;0;0;1;0;0;0;1;2;0;2;0;1;1;0;0;0;0;1;0;1
09007;AGUILAR DE BUREBA;6;1;0;2;0;2;1;0;2;1;1;2;2;0;0;0;0;2;0;0;0;0;2
09009;ALBILLOS;14;1;2;3;0;3;5;0;3;1;10;0;0;0;0;0;0;0;0;0;0;0;0
09010;ALCOCERO DE MOLA;1;0;0;0;0;0;1;0;0;0;1;0;0;0;0;0;0;0;0;0;0;0;0
09011;ALFOZ DE BRICIA;1;0;0;1;0;0;0;0;1;0;0;0;0;0;0;0;0;0;0;0;0;0;0
09012;ALFOZ DE SANTA GADEA;7;0;1;2;0;1;3;2;1;0;4;0;0;0;0;0;0;0;0;0;0;0;0
09013;ALTABLE;2;1;0;1;0;0;0;0;0;0;1;1;3;0;1;0;0;2;0;0;0;0;3
09014;ALTOS, LOS;1;0;0;1;0;0;0;0;1;0;0;0;0;0;0;0;0;0;0;0;0;0;0
09016;AMEYUGO;3;0;1;0;0;0;2;0;2;0;1;0;22;0;6;0;1;14;1;0;0;0;22
09017;ANGUIX;4;0;1;1;0;1;1;2;0;0;2;0;11;0;4;1;0;6;0;0;10;0;1
09018;ARANDA DE DUERO;2056;95;296;399;89;492;685;372;265;91;1218;110;691;14;273;37;19;319;29;52;158;31;450
09019;ARANDILLA;6;0;1;0;1;2;2;0;1;0;5;0;6;0;5;0;0;1;0;0;0;0;6
09020;ARAUZO DE MIEL;13;1;1;5;0;3;3;3;2;0;8;0;9;0;6;1;0;2;0;1;7;0;1
09021;ARAUZO DE SALCE;3;0;0;0;0;1;2;0;2;0;1;0;0;0;0;0;0;0;0;0;0;0;0
09022;ARAUZO DE TORRE;2;0;0;0;0;1;1;1;0;0;1;0;0;0;0;0;0;0;0;0;0;0;0
09023;ARCOS;55;3;4;7;2;27;12;0;6;3;44;2;4;0;1;0;0;3;0;0;0;1;3
09024;ARENILLAS DE RIOPISUERGA;14;2;1;2;1;5;3;3;0;1;8;2;0;0;0;0;0;0;0;0;0;0;0
09025;ARIJA;1;0;1;0;0;0;0;0;1;0;0;0;0;0;0;0;0;0;0;0;0;0;0
09026;ARLANZON;12;0;3;5;1;1;2;1;1;2;7;1;4;0;1;0;0;3;0;0;0;0;4
09027;ARRAYA DE OCA;6;0;0;3;0;1;2;0;0;1;5;0;0;0;0;0;0;0;0;0;0;0;0
09029;ATAPUERCA;6;0;0;1;0;3;2;0;1;0;5;0;5;0;3;0;1;1;0;1;0;0;4
09030;AUSINES, LOS;5;0;1;2;0;1;1;0;1;0;4;0;3;0;3;0;0;0;0;0;0;3;0
09032;AVELLANOSA DE MUÑO;3;0;0;0;0;1;2;0;0;0;3;0;0;0;0;0;0;0;0;0;0;0;0
09033;BAHABON DE ESGUEVA;4;0;0;1;0;1;2;0;0;0;4;0;0;0;0;0;0;0;0;0;0;0;0
09034;BALBASES, LOS;7;0;0;4;1;1;1;0;0;1;4;2;1;0;0;0;0;1;0;0;0;0;1
09035;BAÑOS DE VALDEARADOS;14;1;2;8;0;1;2;3;4;4;2;1;3;0;2;0;0;1;0;3;0;0;0
09036;BAÑUELOS DE BUREBA;1;0;0;0;0;0;1;0;0;0;1;0;0;0;0;0;0;0;0;0;0;0;0
09037;BARBADILLO DE HERREROS;3;0;0;2;0;1;0;0;0;0;3;0;0;0;0;0;0;0;0;0;0;0;0
09038;BARBADILLO DEL MERCADO;5;0;0;3;0;0;2;0;0;2;3;0;1;0;0;0;0;1;0;0;0;0;1
09039;BARBADILLO DEL PEZ;3;0;1;2;0;0;0;0;0;3;0;0;0;0;0;0;0;0;0;0;0;0;0
09041;BARRIO DE MUÑO;0;0;0;0;0;0;0;0;0;0;0;0;0;0;0;0;0;0;0;0;0;0;0
09043;BARRIOS DE BUREBA, LOS;8;0;2;2;0;2;2;0;3;0;5;0;0;0;0;0;0;0;0;0;0;0;0
09044;BARRIOS DE COLINA;2;0;0;0;1;0;1;0;0;0;1;1;0;0;0;0;0;0;0;0;0;0;0
09045;BASCONCILLOS DEL TOZO;7;1;1;3;0;0;2;1;1;0;5;0;2;0;2;0;0;0;0;0;0;0;2
09046;BASCUÑANA;0;0;0;0;0;0;0;0;0;0;0;0;0;0;0;0;0;0;0;0;0;0;0
09047;BELBIMBRE;0;0;0;0;0;0;0;0;0;0;0;0;0;0;0;0;0;0;0;0;0;0;0
09048;BELORADO;105;8;17;30;4;19;27;17;26;6;48;8;21;1;9;0;0;10;1;0;4;0;17
09050;BERBERANA;1;0;0;1;0;0;0;0;0;1;0;0;11;0;0;0;1;10;0;0;0;0;11
09051;BERLANGAS DE ROA;6;0;1;2;1;1;1;2;1;0;2;1;0;0;0;0;0;0;0;0;0;0;0
09052;BERZOSA DE BUREBA;1;0;0;1;0;0;0;0;1;0;0;0;0;0;0;0;0;0;0;0;0;0;0
09054;BOZOO;2;0;0;2;0;0;0;0;0;0;2;0;0;0;0;0;0;0;0;0;0;0;0
09055;BRAZACORTA;1;0;1;0;0;0;0;0;0;0;1;0;0;0;0;0;0;0;0;0;0;0;0
09056;BRIVIESCA;501;29;55;96;15;102;204;31;81;39;317;33;145;4;81;8;3;47;2;0;45;3;97
09057;BUGEDO;9;0;0;3;0;5;1;0;2;0;7;0;6;0;2;0;0;4;0;0;0;0;6
09058;BUNIEL;19;1;1;4;1;9;3;0;1;1;17;0;5;0;2;1;1;1;0;0;0;0;5
09059;BURGOS;9767;450;1582;1873;421;2218;3223;221;1296;586;7008;656;6742;178;2887;142;212;3156;167;16;1983;217;4526
09060;BUSTO DE BUREBA;2;0;0;1;0;0;1;0;0;0;2;0;0;0;0;0;0;0;0;0;0;0;0
09061;CABAÑES DE ESGUEVA;1;0;0;1;0;0;0;0;0;1;0;0;1;0;1;0;0;0;0;0;0;0;1
09062;CABEZON DE LA SIERRA;0;0;0;0;0;0;0;0;0;0;0;0;0;0;0;0;0;0;0;0;0;0;0
09063;CAVIA;8;1;2;2;0;2;1;0;1;1;4;2;8;0;4;0;0;3;1;3;0;0;5
09064;CALERUEGA;11;0;2;3;0;3;3;2;1;0;8;0;7;0;3;0;0;4;0;0;3;0;4
09065;CAMPILLO DE ARANDA;4;0;1;1;0;2;0;2;1;0;1;0;0;0;0;0;0;0;0;0;0;0;0
09066;CAMPOLARA;1;0;0;1;0;0;0;0;0;0;1;0;0;0;0;0;0;0;0;0;0;0;0
09067;CANICOSA DE LA SIERRA;18;0;1;6;0;2;9;2;4;2;10;0;1;0;0;1;0;0;0;0;0;0;1
09068;CANTABRANA;2;0;0;1;0;0;1;0;0;0;2;0;1;0;0;0;0;1;0;0;0;0;1
09070;CARAZO;1;0;0;0;0;0;1;0;0;0;1;0;0;0;0;0;0;0;0;0;0;0;0
09071;CARCEDO DE BUREBA;2;0;1;0;0;0;1;0;0;1;0;1;12;0;8;0;0;4;0;0;12;0;0
09072;CARCEDO DE BURGOS;8;0;0;1;0;4;3;0;1;0;7;0;2;0;1;0;0;1;0;0;0;0;2
09073;CARDEÑADIJO;63;2;7;13;0;18;23;0;13;5;44;1;12;1;7;0;0;4;0;0;2;0;10
09074;CARDEÑAJIMENO;43;4;6;10;1;9;13;0;4;2;36;1;7;0;5;1;1;0;0;0;3;2;2
09075;CARDEÑUELA RIOPICO;8;0;3;2;0;2;1;1;0;1;6;0;0;0;0;0;0;0;0;0;0;0;0
09076;CARRIAS;0;0;0;0;0;0;0;0;0;0;0;0;0;0;0;0;0;0;0;0;0;0;0
09077;CASCAJARES DE BUREBA;1;0;0;1;0;0;0;0;0;1;0;0;0;0;0;0;0;0;0;0;0;0;0
09078;CASCAJARES DE LA SIERRA;0;0;0;0;0;0;0;0;0;0;0;0;0;0;0;0;0;0;0;0;0;0;0
09079;CASTELLANOS DE CASTRO;0;0;0;0;0;0;0;0;0;0;0;0;0;0;0;0;0;0;0;0;0;0;0
09082;CASTILDELGADO;2;0;0;0;0;1;1;0;0;0;2;0;0;0;0;0;0;0;0;0;0;0;0
09083;CASTIL DE PEONES;0;0;0;0;0;0;0;0;0;0;0;0;0;0;0;0;0;0;0;0;0;0;0
09084;CASTRILLO DE LA REINA;5;0;2;3;0;0;0;0;0;4;1;0;1;0;0;0;1;0;0;0;0;0;1
09085;CASTRILLO DE LA VEGA;46;6;10;7;2;12;9;14;6;0;22;4;13;0;6;2;0;4;1;10;2;0;1
09086;CASTRILLO DEL VAL;19;1;2;5;2;4;5;1;5;0;13;0;3;0;1;0;0;1;1;0;0;0;3
09088;CASTRILLO DE RIOPISUERGA;1;0;0;1;0;0;0;0;0;0;1;0;0;0;0;0;0;0;0;0;0;0;0
09090;CASTRILLO MOTA DE JUDÍOS;2;0;0;1;0;1;0;0;1;0;1;0;1;0;1;0;0;0;0;0;0;0;1
09091;CASTROJERIZ;29;1;3;6;0;7;12;0;3;3;22;1;1;0;1;0;0;0;0;0;0;0;1
09093;CAYUELA;6;0;0;2;0;3;1;0;0;1;4;1;2;0;1;0;0;1;0;0;0;0;2
09094;CEBRECOS;0;0;0;0;0;0;0;0;0;0;0;0;0;0;0;0;0;0;0;0;0;0;0
09095;CELADA DEL CAMINO;2;0;0;1;0;1;0;0;0;0;2;0;2;0;0;0;0;2;0;0;0;0;2
09098;CEREZO DE RIO TIRON;12;0;1;3;1;3;4;0;5;0;7;0;11;1;8;0;0;2;0;0;2;1;8
09100;CERRATON DE JUARROS;2;0;0;1;0;1;0;0;0;0;2;0;0;0;0;0;0;0;0;0;0;0;0
09101;CIADONCHA;3;0;0;0;0;0;3;0;0;0;3;0;0;0;0;0;0;0;0;0;0;0;0
09102;CILLAPERLATA;1;0;0;1;0;0;0;0;0;0;1;0;0;0;0;0;0;0;0;0;0;0;0
09103;CILLERUELO DE ABAJO;3;0;0;2;0;0;1;1;1;0;1;0;1;0;1;0;0;0;0;0;0;0;1
09104;CILLERUELO DE ARRIBA;0;0;0;0;0;0;0;0;0;0;0;0;0;0;0;0;0;0;0;0;0;0;0
09105;CIRUELOS DE CERVERA;0;0;0;0;0;0;0;0;0;0;0;0;0;0;0;0;0;0;0;0;0;0;0
09108;COGOLLOS;21;0;2;7;0;5;7;0;2;3;16;0;8;0;7;0;0;1;0;7;0;0;1
09109;CONDADO DE TREVIÑO;31;1;3;10;0;9;8;3;6;2;20;0;43;1;20;0;0;22;0;0;0;1;42
09110;CONTRERAS;4;0;1;3;0;0;0;0;1;0;3;0;0;0;0;0;0;0;0;0;0;0;0
09112;CORUÑA DEL CONDE;4;0;0;2;1;1;0;0;1;0;3;0;0;0;0;0;0;0;0;0;0;0;0
09113;COVARRUBIAS;14;0;2;4;1;2;5;2;2;2;8;0;11;0;7;0;0;3;1;3;0;0;8
09114;CUBILLO DEL CAMPO;3;0;0;1;0;1;1;0;0;0;3;0;0;0;0;0;0;0;0;0;0;0;0
09115;CUBO DE BUREBA;4;0;0;2;0;0;2;0;1;0;3;0;0;0;0;0;0;0;0;0;0;0;0
09117;CUEVA DE ROA, LA;16;1;5;5;0;2;3;10;2;2;2;0;1;0;0;0;0;1;0;0;0;0;1
09119;CUEVAS DE SAN CLEMENTE;2;0;0;1;0;0;1;0;1;1;0;0;0;0;0;0;0;0;0;0;0;0;0
09120;ENCIO;0;0;0;0;0;0;0;0;0;0;0;0;5;0;2;0;1;2;0;0;0;0;5
09122;ESPINOSA DE CERVERA;0;0;0;0;0;0;0;0;0;0;0;0;1;0;0;0;1;0;0;0;0;0;1
09123;ESPINOSA DEL CAMINO;1;0;0;0;0;0;1;0;0;0;1;0;0;0;0;0;0;0;0;0;0;0;0
09124;ESPINOSA DE LOS MONTEROS;93;2;12;28;3;14;34;6;10;5;69;3;15;0;10;0;0;5;0;0;0;0;15
09125;ESTEPAR;14;1;1;8;0;0;4;1;4;4;5;0;7;0;2;1;0;4;0;0;0;0;7
09127;FONTIOSO;2;0;0;1;0;0;1;0;0;0;2;0;1;0;1;0;0;0;0;0;0;1;0
09128;FRANDOVINEZ;0;0;0;0;0;0;0;0;0;0;0;0;4;0;4;0;0;0;0;0;0;4;0
09129;FRESNEDA DE LA SIERRA TIRON;2;0;1;0;0;1;0;0;0;0;2;0;1;0;1;0;0;0;0;1;0;0;0
09130;FRESNEÑA;1;0;0;1;0;0;0;0;1;0;0;0;2;0;0;0;0;1;1;0;1;0;1
09131;FRESNILLO DE LAS DUEÑAS;28;1;5;5;1;8;8;6;3;2;14;3;0;0;0;0;0;0;0;0;0;0;0
09132;FRESNO DE RIO TIRON;11;0;2;4;0;2;3;1;4;0;6;0;0;0;0;0;0;0;0;0;0;0;0
09133;FRESNO DE RODILLA;3;1;1;0;0;0;1;0;1;1;1;0;4;0;1;0;0;3;0;0;0;0;4
09134;FRIAS;12;0;0;8;0;3;1;0;2;1;9;0;5;0;0;0;0;5;0;0;0;0;5
09135;FUENTEBUREBA;2;0;1;0;0;0;1;0;0;1;1;0;1;0;1;0;0;0;0;0;0;0;1
09136;FUENTECEN;5;0;0;2;1;2;0;2;1;0;2;0;2;0;2;0;0;0;0;0;2;0;0
09137;FUENTELCESPED;12;0;1;4;0;6;1;2;4;0;6;0;1;0;0;0;0;1;0;0;1;0;0
09138;FUENTELISENDO;0;0;0;0;0;0;0;0;0;0;0;0;0;0;0;0;0;0;0;0;0;0;0
09139;FUENTEMOLINOS;5;0;0;3;0;1;1;0;1;1;3;0;0;0;0;0;0;0;0;0;0;0;0
09140;FUENTENEBRO;6;0;0;2;1;2;1;0;2;0;3;1;0;0;0;0;0;0;0;0;0;0;0
09141;FUENTESPINA;25;1;2;3;1;5;13;1;4;0;20;0;19;0;1;1;0;17;0;0;10;0;9
09143;GALBARROS;1;1;0;0;0;0;0;0;0;0;1;0;0;0;0;0;0;0;0;0;0;0;0
09144;GALLEGA, LA;2;0;0;1;0;0;1;0;0;0;2;0;0;0;0;0;0;0;0;0;0;0;0
09148;GRIJALBA;1;0;0;0;0;1;0;0;0;0;1;0;0;0;0;0;0;0;0;0;0;0;0
09149;GRISALEÑA;1;1;0;0;0;0;0;0;0;0;0;1;11;0;10;0;0;1;0;0;0;0;11
09151;GUMIEL DE IZAN;26;1;3;9;0;9;4;6;3;0;15;2;10;1;8;0;0;1;0;2;1;0;7
09152;GUMIEL DE MERCADO;26;0;6;10;0;3;7;6;4;1;14;1;15;0;5;2;1;5;2;8;3;0;4
09154;HACINAS;5;0;1;3;0;1;0;0;2;2;1;0;1;0;1;0;0;0;0;0;0;0;1
09155;HAZA;0;0;0;0;0;0;0;0;0;0;0;0;1;0;0;1;0;0;0;0;1;0;0
09159;HONTANAS;1;0;0;0;0;1;0;1;0;0;0;0;0;0;0;0;0;0;0;0;0;0;0
09160;HONTANGAS;2;0;0;0;0;2;0;0;0;0;2;0;0;0;0;0;0;0;0;0;0;0;0
09162;HONTORIA DE LA CANTERA;4;0;1;1;0;1;1;0;0;0;4;0;0;0;0;0;0;0;0;0;0;0;0
09163;HONTORIA DEL PINAR;23;0;3;12;0;3;5;2;8;0;11;2;6;0;3;0;0;3;0;0;2;0;4
09164;HONTORIA DE VALDEARADOS;5;1;1;0;1;0;2;2;0;0;2;1;1;0;1;0;0;0;0;1;0;0;0
09166;HORMAZAS, LAS;0;0;0;0;0;0;0;0;0;0;0;0;0;0;0;0;0;0;0;0;0;0;0
09167;HORNILLOS DEL CAMINO;0;0;0;0;0;0;0;0;0;0;0;0;0;0;0;0;0;0;0;0;0;0;0
09168;HORRA, LA;14;1;6;1;0;4;2;7;4;0;2;1;6;1;0;1;1;2;1;2;3;0;1
09169;HORTIGÜELA;4;0;0;3;0;0;1;0;0;0;4;0;0;0;0;0;0;0;0;0;0;0;0
09170;HOYALES DE ROA;10;1;2;2;2;3;0;5;0;0;3;2;6;0;4;0;0;2;0;6;0;0;0
09172;HUERMECES;2;0;1;0;0;1;0;0;0;0;1;1;1;0;0;0;0;0;1;0;0;0;1
09173;HUERTA DE ARRIBA;6;0;1;3;0;0;2;2;0;0;4;0;0;0;0;0;0;0;0;0;0;0;0
09174;HUERTA DE REY;29;2;3;15;0;4;5;1;6;7;13;2;6;1;1;2;0;2;0;0;3;0;3
09175;HUMADA;3;0;0;2;0;0;1;0;0;0;3;0;1;0;1;0;0;0;0;1;0;0;0
09176;HURONES;2;0;0;1;0;1;0;0;0;0;2;0;1;0;1;0;0;0;0;0;0;0;1
09177;IBEAS DE JUARROS;55;2;7;12;3;12;19;2;5;2;43;3;15;0;7;2;0;5;1;6;0;0;9
09178;IBRILLOS;0;0;0;0;0;0;0;0;0;0;0;0;0;0;0;0;0;0;0;0;0;0;0
09179;IGLESIARRUBIA;1;0;0;0;0;1;0;0;0;1;0;0;0;0;0;0;0;0;0;0;0;0;0
09180;IGLESIAS;2;0;0;1;0;1;0;0;1;0;1;0;0;0;0;0;0;0;0;0;0;0;0
09181;ISAR;6;0;0;1;0;1;4;0;0;0;6;0;0;0;0;0;0;0;0;0;0;0;0
09182;ITERO DEL CASTILLO;0;0;0;0;0;0;0;0;0;0;0;0;0;0;0;0;0;0;0;0;0;0;0
09183;JARAMILLO DE LA FUENTE;0;0;0;0;0;0;0;0;0;0;0;0;0;0;0;0;0;0;0;0;0;0;0
09184;JARAMILLO QUEMADO;1;0;0;1;0;0;0;0;0;0;1;0;0;0;0;0;0;0;0;0;0;0;0
09189;JUNTA DE TRASLALOMA;4;0;0;3;0;0;1;0;1;1;2;0;0;0;0;0;0;0;0;0;0;0;0
09190;JUNTA DE VILLALBA DE LOSA;5;0;0;0;0;2;3;1;1;0;2;1;0;0;0;0;0;0;0;0;0;0;0
09191;JURISDICCION DE LARA;0;0;0;0;0;0;0;0;0;0;0;0;0;0;0;0;0;0;0;0;0;0;0
09192;JURISDICCION DE SAN ZADORNIL;0;0;0;0;0;0;0;0;0;0;0;0;0;0;0;0;0;0;0;0;0;0;0
09194;LERMA;134;7;23;29;2;30;43;12;15;10;94;3;87;0;39;1;2;44;1;2;4;1;80
09195;LLANO DE BUREBA;0;0;0;0;0;0;0;0;0;0;0;0;0;0;0;0;0;0;0;0;0;0;0
09196;MADRIGAL DEL MONTE;3;0;0;3;0;0;0;0;1;1;1;0;0;0;0;0;0;0;0;0;0;0;0
09197;MADRIGALEJO DEL MONTE;6;0;0;2;0;1;3;0;0;1;5;0;8;0;3;0;1;4;0;1;2;0;5
09198;MAHAMUD;1;0;0;1;0;0;0;0;0;0;1;0;15;0;3;0;1;11;0;0;0;0;15
09199;MAMBRILLA DE CASTREJON;3;1;0;1;0;1;0;1;0;0;2;0;0;0;0;0;0;0;0;0;0;0;0
09200;MAMBRILLAS DE LARA;1;0;0;1;0;0;0;0;0;0;1;0;3;0;0;0;0;3;0;0;0;0;3
09201;MAMOLAR;1;0;0;1;0;0;0;1;0;0;0;0;1;0;0;0;0;1;0;0;0;0;1
09202;MANCILES;0;0;0;0;0;0;0;0;0;0;0;0;0;0;0;0;0;0;0;0;0;0;0
09206;MAZUELA;0;0;0;0;0;0;0;0;0;0;0;0;0;0;0;0;0;0;0;0;0;0;0
09208;MECERREYES;5;0;0;2;0;2;1;0;0;0;4;1;1;0;1;0;0;0;0;1;0;0;0
09209;MEDINA DE POMAR;373;21;56;83;13;79;121;16;39;30;273;15;77;3;20;2;0;50;2;1;1;1;74
09211;MELGAR DE FERNAMENTAL;69;3;9;20;2;12;23;13;6;7;37;6;23;1;8;1;2;10;1;1;6;0;16
09213;MERINDAD DE CUESTA-URRIA;5;0;0;3;0;0;2;0;2;0;3;0;1;0;1;0;0;0;0;0;0;0;1
09214;MERINDAD DE MONTIJA;33;0;9;12;0;5;7;4;4;4;21;0;12;0;4;0;1;5;2;0;1;0;11
09215;MERINDAD DE SOTOSCUEVA;10;1;0;4;0;2;3;0;3;1;6;0;4;0;2;0;0;1;1;0;1;0;3
09216;MERINDAD DE VALDEPORRES;21;4;3;4;0;2;8;0;4;0;16;1;3;0;1;0;0;2;0;0;0;0;3
09217;MERINDAD DE VALDIVIELSO;15;1;1;4;2;1;6;0;1;1;12;1;2;0;2;0;0;0;0;0;0;0;2
09218;MILAGROS;14;1;1;2;3;5;2;3;0;1;9;1;4;0;2;1;0;1;0;0;0;0;4
09219;MIRANDA DE EBRO;2100;87;333;428;98;441;713;77;308;164;1370;181;786;28;360;21;15;344;18;1;179;34;572
09220;MIRAVECHE;1;0;0;1;0;0;0;0;1;0;0;0;0;0;0;0;0;0;0;0;0;0;0
09221;MODUBAR DE LA EMPAREDADA;22;0;2;3;1;10;6;0;1;1;19;1;2;0;2;0;0;0;0;0;1;0;1
09223;MONASTERIO DE LA SIERRA;1;0;0;0;0;1;0;0;0;0;1;0;1;0;1;0;0;0;0;0;0;0;1
09224;MONASTERIO DE RODILLA;6;0;0;2;0;1;3;1;0;0;5;0;1;0;0;0;0;1;0;0;0;0;1
09225;MONCALVILLO;3;0;0;3;0;0;0;0;2;0;1;0;0;0;0;0;0;0;0;0;0;0;0
09226;MONTERRUBIO DE LA DEMANDA;0;0;0;0;0;0;0;0;0;0;0;0;0;0;0;0;0;0;0;0;0;0;0
09227;MONTORIO;1;0;0;0;0;0;1;0;0;0;1;0;7;0;3;0;0;4;0;4;0;0;3
09228;MORADILLO DE ROA;6;1;0;2;0;1;2;1;0;1;2;2;1;0;1;0;0;0;0;1;0;0;0
09229;NAVA DE ROA;11;0;2;2;0;5;2;6;1;0;2;2;1;1;0;0;0;0;0;1;0;0;0
09230;NAVAS DE BUREBA;0;0;0;0;0;0;0;0;0;0;0;0;0;0;0;0;0;0;0;0;0;0;0
09231;NEBREDA;1;0;0;1;0;0;0;0;0;0;1;0;0;0;0;0;0;0;0;0;0;0;0
09232;NEILA;7;0;2;1;0;2;2;0;0;1;5;1;1;0;1;0;0;0;0;1;0;0;0
09235;OLMEDILLO DE ROA;7;0;2;1;0;2;2;4;1;0;2;0;3;0;3;0;0;0;0;0;2;0;1
09236;OLMILLOS DE MUÑO;0;0;0;0;0;0;0;0;0;0;0;0;0;0;0;0;0;0;0;0;0;0;0
09238;OÑA;42;3;7;16;0;7;9;1;2;5;32;2;10;0;4;0;0;5;1;0;2;0;8
09239;OQUILLAS;1;0;0;0;0;0;1;0;0;0;1;0;0;0;0;0;0;0;0;0;0;0;0
09241;ORBANEJA RIOPICO;17;3;2;2;0;5;5;1;3;0;12;1;2;0;0;0;0;2;0;0;0;0;2
09242;PADILLA DE ABAJO;0;0;0;0;0;0;0;0;0;0;0;0;1;0;0;0;1;0;0;0;0;0;1
09243;PADILLA DE ARRIBA;3;0;1;1;0;0;1;1;0;0;2;0;0;0;0;0;0;0;0;0;0;0;0
09244;PADRONES DE BUREBA;3;0;0;3;0;0;0;0;0;2;1;0;0;0;0;0;0;0;0;0;0;0;0
09246;PALACIOS DE LA SIERRA;24;0;1;9;2;7;5;1;4;0;16;3;11;0;1;0;0;10;0;0;1;0;10
09247;PALACIOS DE RIOPISUERGA;6;1;1;1;1;1;1;3;0;0;1;2;0;0;0;0;0;0;0;0;0;0;0
09248;PALAZUELOS DE LA SIERRA;2;0;1;0;0;1;0;0;0;0;2;0;0;0;0;0;0;0;0;0;0;0;0
09249;PALAZUELOS DE MUÑO;0;0;0;0;0;0;0;0;0;0;0;0;0;0;0;0;0;0;0;0;0;0;0
09250;PAMPLIEGA;12;2;1;5;1;3;0;1;1;1;9;0;2;0;1;1;0;0;0;2;0;0;0
09251;PANCORBO;17;2;2;6;0;4;3;0;2;0;15;0;12;0;4;0;1;7;0;0;0;2;10
09253;PARDILLA;2;0;1;0;0;0;1;1;0;0;0;1;0;0;0;0;0;0;0;0;0;0;0
09255;PARTIDO DE LA SIERRA EN TOBALINA;0;0;0;0;0;0;0;0;0;0;0;0;0;0;0;0;0;0;0;0;0;0;0
09256;PEDROSA DE DUERO;33;0;13;8;0;4;8;21;5;0;7;0;9;0;2;2;0;4;1;2;7;0;0
09257;PEDROSA DEL PARAMO;3;0;0;2;0;1;0;0;0;2;1;0;0;0;0;0;0;0;0;0;0;0;0
09258;PEDROSA DEL PRINCIPE;6;1;0;5;0;0;0;0;3;0;3;0;0;0;0;0;0;0;0;0;0;0;0
09259;PEDROSA DE RIO URBEL;4;0;0;0;1;0;3;0;0;0;4;0;0;0;0;0;0;0;0;0;0;0;0
09261;PEÑARANDA DE DUERO;26;1;2;11;1;3;8;0;5;5;15;1;7;1;2;0;0;3;1;0;0;0;7
09262;PERAL DE ARLANZA;2;1;0;0;0;1;0;1;0;0;0;1;0;0;0;0;0;0;0;0;0;0;0
09265;PIERNIGAS;1;0;0;0;0;0;1;0;0;0;1;0;0;0;0;0;0;0;0;0;0;0;0
09266;PINEDA DE LA SIERRA;1;0;0;1;0;0;0;0;0;0;1;0;8;0;4;0;0;4;0;0;0;0;8
09267;PINEDA TRASMONTE;0;0;0;0;0;0;0;0;0;0;0;0;0;0;0;0;0;0;0;0;0;0;0
09268;PINILLA DE LOS BARRUECOS;4;0;0;3;0;0;1;0;0;2;2;0;0;0;0;0;0;0;0;0;0;0;0
09269;PINILLA DE LOS MOROS;2;0;0;1;0;0;1;0;0;1;1;0;0;0;0;0;0;0;0;0;0;0;0
09270;PINILLA TRASMONTE;4;0;0;2;0;0;2;0;0;0;3;1;2;1;1;0;0;0;0;0;0;0;2
09272;POZA DE LA SAL;14;0;4;6;0;1;3;0;1;1;12;0;0;0;0;0;0;0;0;0;0;0;0
09273;PRADANOS DE BUREBA;3;0;0;1;0;1;1;0;1;0;2;0;0;0;0;0;0;0;0;0;0;0;0
09274;PRADOLUENGO;57;3;10;12;1;6;25;4;14;5;29;5;18;0;8;0;0;10;0;0;0;0;18
09275;PRESENCIO;10;1;0;5;0;1;3;4;1;1;3;1;1;0;1;0;0;0;0;1;0;0;0
09276;PUEBLA DE ARGANZON, LA;17;0;5;4;0;2;6;1;3;1;12;0;5;1;2;0;0;2;0;0;0;0;5
09277;PUENTEDURA;5;0;3;2;0;0;0;0;1;1;3;0;0;0;0;0;0;0;0;0;0;0;0
09279;QUEMADA;14;1;2;5;0;1;5;4;3;1;6;0;2;0;2;0;0;0;0;2;0;0;0
09280;QUINTANABUREBA;1;0;0;1;0;0;0;0;0;0;1;0;6;0;3;0;0;2;1;0;4;0;2
09281;QUINTANA DEL PIDIO;5;0;1;2;0;0;2;2;1;0;2;0;2;0;1;0;0;1;0;0;1;0;1
09283;QUINTANAELEZ;2;0;0;1;0;0;1;0;0;2;0;0;0;0;0;0;0;0;0;0;0;0;0
09287;QUINTANAORTUÑO;9;0;2;5;0;0;2;0;2;3;4;0;7;0;5;2;0;0;0;0;6;0;1
09288;QUINTANAPALLA;1;0;0;0;0;0;1;1;0;0;0;0;1;0;0;0;0;0;1;0;0;0;1
09289;QUINTANAR DE LA SIERRA;89;2;7;34;0;17;29;3;17;7;59;3;8;1;1;0;0;6;0;0;2;0;6
09292;QUINTANAVIDES;4;0;0;2;0;2;0;0;0;0;3;1;1;0;1;0;0;0;0;0;0;1;0
09294;QUINTANILLA DE LA MATA;6;0;0;0;0;1;5;0;1;0;5;0;0;0;0;0;0;0;0;0;0;0;0
09295;QUINTANILLA DEL COCO;1;0;0;1;0;0;0;0;1;0;0;0;0;0;0;0;0;0;0;0;0;0;0
09297;QUINTANILLAS, LAS;16;0;3;5;0;2;6;2;2;4;8;0;2;0;2;0;0;0;0;0;0;2;0
09298;QUINTANILLA SAN GARCIA;1;0;0;1;0;0;0;0;0;0;1;0;0;0;0;0;0;0;0;0;0;0;0
09301;QUINTANILLA VIVAR;42;1;3;8;3;16;11;0;9;1;30;2;0;0;0;0;0;0;0;0;0;0;0
09302;RABANERA DEL PINAR;0;0;0;0;0;0;0;0;0;0;0;0;0;0;0;0;0;0;0;0;0;0;0
09303;RABANOS;0;0;0;0;0;0;0;0;0;0;0;0;0;0;0;0;0;0;0;0;0;0;0
09304;RABE DE LAS CALZADAS;4;0;1;1;0;1;1;0;1;1;2;0;2;0;0;0;0;0;2;0;0;0;2
09306;REBOLLEDO DE LA TORRE;1;0;0;1;0;0;0;0;0;1;0;0;0;0;0;0;0;0;0;0;0;0;0
09307;REDECILLA DEL CAMINO;11;0;2;2;0;2;5;1;0;1;9;0;2;0;2;0;0;0;0;2;0;0;0
09308;REDECILLA DEL CAMPO;3;0;2;0;0;1;0;0;0;1;1;1;0;0;0;0;0;0;0;0;0;0;0
09309;REGUMIEL DE LA SIERRA;22;0;1;9;0;7;5;2;4;2;14;0;3;1;2;0;0;0;0;2;0;0;1
09310;REINOSO;1;0;1;0;0;0;0;0;0;0;1;0;1;0;0;0;0;1;0;0;0;0;1
09311;RETUERTA;1;0;0;0;0;1;0;0;0;0;1;0;0;0;0;0;0;0;0;0;0;0;0
09312;REVILLA Y AHEDO, LA;8;1;1;3;0;0;3;0;2;2;4;0;0;0;0;0;0;0;0;0;0;0;0
09314;REVILLA DEL CAMPO;1;0;0;1;0;0;0;0;0;1;0;0;1;0;1;0;0;0;0;0;0;1;0
09315;REVILLARRUZ;15;1;1;2;2;5;4;1;2;0;11;1;2;0;0;0;0;2;0;0;0;0;2
09316;REVILLA VALLEJERA;6;0;1;1;3;1;0;3;0;0;2;1;50;0;40;0;0;9;1;0;1;0;49
09317;REZMONDO;1;0;1;0;0;0;0;0;0;0;1;0;0;0;0;0;0;0;0;0;0;0;0
09318;RIOCAVADO DE LA SIERRA;0;0;0;0;0;0;0;0;0;0;0;0;0;0;0;0;0;0;0;0;0;0;0
09321;ROA;224;12;49;58;12;35;58;127;27;3;55;12;149;8;89;9;4;34;5;121;1;1;26
09323;ROJAS;3;0;1;1;0;0;1;0;0;0;2;1;0;0;0;0;0;0;0;0;0;0;0
09325;ROYUELA DE RIO FRANCO;2;0;0;1;0;0;1;0;0;1;1;0;1;0;1;0;0;0;0;0;0;0;1
09326;RUBENA;10;0;1;4;0;4;1;1;2;0;6;1;3;0;0;1;1;1;0;0;0;0;3
09327;RUBLACEDO DE ABAJO;1;0;0;0;0;0;1;0;0;0;1;0;0;0;0;0;0;0;0;0;0;0;0
09328;RUCANDIO;1;0;0;1;0;0;0;0;0;0;1;0;0;0;0;0;0;0;0;0;0;0;0
09329;SALAS DE BUREBA;5;0;1;4;0;0;0;1;1;1;2;0;1;0;0;0;0;1;0;0;0;0;1
09330;SALAS DE LOS INFANTES;81;0;8;21;3;24;25;10;6;4;53;8;103;2;36;1;0;64;0;0;0;2;101
09332;SALDAÑA DE BURGOS;8;1;2;0;0;1;4;0;0;0;8;0;0;0;0;0;0;0;0;0;0;0;0
09334;SALINILLAS DE BUREBA;0;0;0;0;0;0;0;0;0;0;0;0;1;0;1;0;0;0;0;0;0;0;1
09335;SAN ADRIAN DE JUARROS;6;0;1;3;0;0;2;0;0;1;5;0;0;0;0;0;0;0;0;0;0;0;0
09337;SAN JUAN DEL MONTE;7;0;1;2;0;3;1;0;1;1;5;0;1;0;0;0;0;0;1;0;1;0;0
09338;SAN MAMES DE BURGOS;5;1;0;2;1;0;1;1;2;1;0;1;1;0;0;0;0;1;0;0;0;0;1
09339;SAN MARTIN DE RUBIALES;26;0;6;10;2;4;4;22;1;0;3;0;0;0;0;0;0;0;0;0;0;0;0
09340;SAN MILLAN DE LARA;1;0;0;1;0;0;0;0;0;1;0;0;0;0;0;0;0;0;0;0;0;0;0
09343;SANTA CECILIA;2;0;0;0;0;0;2;0;0;0;2;0;0;0;0;0;0;0;0;0;0;0;0
09345;SANTA CRUZ DE LA SALCEDA;4;0;1;1;1;0;1;2;1;0;1;0;6;3;2;0;0;1;0;1;3;0;2
09346;SANTA CRUZ DEL VALLE URBION;3;0;0;3;0;0;0;0;0;2;1;0;0;0;0;0;0;0;0;0;0;0;0
09347;SANTA GADEA DEL CID;6;1;1;1;0;0;3;0;3;1;2;0;24;0;10;0;0;14;0;0;0;0;24
09348;SANTA INES;13;0;1;5;0;1;6;1;2;1;9;0;0;0;0;0;0;0;0;0;0;0;0
09350;SANTA MARIA DEL CAMPO;16;1;4;1;1;5;4;3;3;1;8;1;8;0;5;1;0;2;0;2;1;0;5
09351;SANTA MARIA DEL INVIERNO;2;0;0;2;0;0;0;0;0;1;1;0;0;0;0;0;0;0;0;0;0;0;0
09352;SANTA MARIA DEL MERCADILLO;2;0;1;1;0;0;0;0;1;1;0;0;0;0;0;0;0;0;0;0;0;0;0
09353;SANTA MARIA RIVARREDONDA;6;0;0;3;0;0;3;0;0;0;5;1;0;0;0;0;0;0;0;0;0;0;0
09354;SANTA OLALLA DE BUREBA;0;0;0;0;0;0;0;0;0;0;0;0;0;0;0;0;0;0;0;0;0;0;0
09355;SANTIBAÑEZ DE ESGUEVA;2;0;0;1;0;0;1;0;0;0;2;0;1;0;1;0;0;0;0;0;0;0;1
09356;SANTIBAÑEZ DEL VAL;0;0;0;0;0;0;0;0;0;0;0;0;0;0;0;0;0;0;0;0;0;0;0
09358;SANTO DOMINGO DE SILOS;5;0;1;3;0;0;1;0;1;2;2;0;1;0;0;0;0;1;0;0;0;0;1
09360;SAN VICENTE DEL VALLE;1;0;0;1;0;0;0;0;0;1;0;0;0;0;0;0;0;0;0;0;0;0;0
09361;SARGENTES DE LA LORA;4;0;0;2;0;1;1;0;2;0;2;0;0;0;0;0;0;0;0;0;0;0;0
09362;SARRACIN;15;0;2;6;0;4;3;0;5;2;8;0;2;0;0;0;0;2;0;0;0;0;2
09363;SASAMON;25;1;6;11;0;1;6;1;6;1;16;1;13;0;7;1;1;2;2;0;1;0;12
09365;SEQUERA DE HAZA, LA;1;0;0;0;0;1;0;0;0;0;1;0;0;0;0;0;0;0;0;0;0;0;0
09366;SOLARANA;4;0;1;0;0;0;3;0;1;1;2;0;0;0;0;0;0;0;0;0;0;0;0
09368;SORDILLOS;0;0;0;0;0;0;0;0;0;0;0;0;0;0;0;0;0;0;0;0;0;0;0
09369;SOTILLO DE LA RIBERA;22;1;5;6;0;4;6;4;5;0;12;1;2;0;0;1;0;1;0;0;1;0;1
09372;SOTRAGERO;14;0;1;6;0;3;4;1;2;1;10;0;0;0;0;0;0;0;0;0;0;0;0
09373;SOTRESGUDO;8;0;1;4;0;1;2;0;1;0;5;2;1;0;1;0;0;0;0;0;0;0;1
09374;SUSINOS DEL PARAMO;1;0;0;0;0;1;0;0;0;0;1;0;0;0;0;0;0;0;0;0;0;0;0
09375;TAMARON;9;1;1;1;0;1;5;1;0;0;8;0;0;0;0;0;0;0;0;0;0;0;0
09377;TARDAJOS;21;0;3;5;1;4;8;0;1;3;17;0;15;0;8;1;0;5;1;0;0;0;15
09378;TEJADA;0;0;0;0;0;0;0;0;0;0;0;0;0;0;0;0;0;0;0;0;0;0;0
09380;TERRADILLOS DE ESGUEVA;1;0;0;1;0;0;0;0;0;1;0;0;0;0;0;0;0;0;0;0;0;0;0
09381;TINIEBLAS DE LA SIERRA;0;0;0;0;0;0;0;0;0;0;0;0;0;0;0;0;0;0;0;0;0;0;0
09382;TOBAR;0;0;0;0;0;0;0;0;0;0;0;0;0;0;0;0;0;0;0;0;0;0;0
09384;TORDOMAR;9;0;4;2;0;0;3;4;0;0;5;0;5;0;2;0;1;2;0;2;0;1;2
09386;TORRECILLA DEL MONTE;3;0;0;1;0;2;0;0;1;1;1;0;1;1;0;0;0;0;0;1;0;0;0
09387;TORREGALINDO;4;0;0;1;1;0;2;2;0;1;1;0;1;0;1;0;0;0;0;0;0;1;0
09388;TORRELARA;0;0;0;0;0;0;0;0;0;0;0;0;0;0;0;0;0;0;0;0;0;0;0
09389;TORREPADRE;3;0;0;1;0;1;1;1;0;0;2;0;2;1;0;0;1;0;0;2;0;0;0
09390;TORRESANDINO;22;1;3;7;0;5;6;9;3;0;10;0;1;0;1;0;0;0;0;0;0;0;1
09391;TORTOLES DE ESGUEVA;15;0;3;6;1;1;4;6;2;0;7;0;8;0;7;0;0;1;0;5;0;1;2
09392;TOSANTOS;1;0;0;0;0;1;0;0;0;1;0;0;0;0;0;0;0;0;0;0;0;0;0
09394;TRESPADERNE;42;4;5;13;3;5;12;3;5;3;28;3;19;0;9;0;0;10;0;0;2;0;17
09395;TUBILLA DEL AGUA;2;0;1;1;0;0;0;0;0;0;2;0;0;0;0;0;0;0;0;0;0;0;0
09396;TUBILLA DEL LAGO;2;0;0;0;0;1;1;0;0;0;2;0;0;0;0;0;0;0;0;0;0;0;0
09398;URBEL DEL CASTILLO;1;1;0;0;0;0;0;0;0;0;0;1;0;0;0;0;0;0;0;0;0;0;0
09400;VADOCONDES;16;0;0;5;0;6;5;3;1;2;9;1;1;0;0;0;0;1;0;1;0;0;0
09403;VALDEANDE;2;0;1;0;0;0;1;1;0;0;1;0;0;0;0;0;0;0;0;0;0;0;0
09405;VALDEZATE;1;0;0;1;0;0;0;0;0;1;0;0;0;0;0;0;0;0;0;0;0;0;0
09406;VALDORROS;19;2;6;0;0;6;5;0;2;2;14;1;65;5;25;0;5;29;1;0;64;0;1
09407;VALMALA;2;0;0;2;0;0;0;0;0;0;2;0;0;0;0;0;0;0;0;0;0;0;0
09408;VALLARTA DE BUREBA;1;0;0;1;0;0;0;1;0;0;0;0;1;0;1;0;0;0;0;1;0;0;0
09409;VALLE DE MANZANEDO;10;0;2;3;0;1;4;0;2;0;7;1;1;0;0;1;0;0;0;1;0;0;0
09410;VALLE DE MENA;198;8;20;55;8;48;59;6;24;14;145;9;43;0;14;1;2;24;2;0;14;0;29
09411;VALLE DE OCA;7;0;1;2;0;2;2;0;0;1;6;0;2;0;2;0;0;0;0;0;2;0;0
09412;VALLE DE TOBALINA;62;2;12;24;3;10;11;2;2;5;49;4;22;0;12;0;0;10;0;0;2;0;20
09413;VALLE DE VALDEBEZANA;19;0;4;5;1;4;5;1;3;2;10;3;5;1;3;0;0;1;0;0;3;0;2
09414;VALLE DE VALDELAGUNA;0;0;0;0;0;0;0;0;0;0;0;0;0;0;0;0;0;0;0;0;0;0;0
09415;VALLE DE VALDELUCIO;9;0;1;3;0;3;2;3;1;0;5;0;2;0;2;0;0;0;0;0;0;2;0
09416;VALLE DE ZAMANZAS;6;0;1;1;0;2;2;0;0;0;6;0;0;0;0;0;0;0;0;0;0;0;0
09417;VALLEJERA;1;0;0;1;0;0;0;0;1;0;0;0;0;0;0;0;0;0;0;0;0;0;0
09418;VALLES DE PALENZUELA;4;0;1;1;0;1;1;2;0;0;2;0;0;0;0;0;0;0;0;0;0;0;0
09419;VALLUERCANES;1;0;0;1;0;0;0;0;0;0;1;0;0;0;0;0;0;0;0;0;0;0;0
09421;VID Y BARRIOS, LA;9;0;0;5;0;0;4;1;1;1;6;0;1;0;0;0;0;1;0;0;0;0;1
09422;VID DE BUREBA, LA;0;0;0;0;0;0;0;0;0;0;0;0;0;0;0;0;0;0;0;0;0;0;0
09423;VILEÑA;2;0;0;1;0;0;1;0;0;0;2;0;0;0;0;0;0;0;0;0;0;0;0
09424;VILORIA DE RIOJA;0;0;0;0;0;0;0;0;0;0;0;0;0;0;0;0;0;0;0;0;0;0;0
09425;VILVIESTRE DEL PINAR;24;2;3;7;1;4;7;1;3;2;17;1;3;0;1;0;0;2;0;0;0;0;3
09427;VILLADIEGO;42;0;9;16;0;8;9;2;5;5;30;0;6;0;3;0;0;3;0;0;0;2;4
09428;VILLAESCUSA DE ROA;1;0;0;0;0;1;0;0;0;0;1;0;0;0;0;0;0;0;0;0;0;0;0
09429;VILLAESCUSA LA SOMBRIA;0;0;0;0;0;0;0;0;0;0;0;0;0;0;0;0;0;0;0;0;0;0;0
09430;VILLAESPASA;2;0;0;1;0;0;1;0;0;0;2;0;0;0;0;0;0;0;0;0;0;0;0
09431;VILLAFRANCA MONTES DE OCA;0;0;0;0;0;0;0;0;0;0;0;0;4;0;0;1;0;2;1;1;0;0;3
09432;VILLAFRUELA;1;0;0;1;0;0;0;0;0;0;1;0;0;0;0;0;0;0;0;0;0;0;0
09433;VILLAGALIJO;4;0;0;0;0;1;3;0;0;0;3;1;0;0;0;0;0;0;0;0;0;0;0
09434;VILLAGONZALO PEDERNALES;63;3;7;10;0;14;29;2;7;2;47;5;51;1;27;4;0;17;2;1;16;5;29
09437;VILLAHOZ;10;1;1;3;0;3;2;1;1;0;6;2;0;0;0;0;0;0;0;0;0;0;0
09438;VILLALBA DE DUERO;26;2;4;2;2;8;8;6;6;1;12;1;6;0;4;1;0;1;0;2;0;1;3
09439;VILLALBILLA DE BURGOS;62;4;7;10;0;19;22;0;14;2;43;3;16;0;10;3;0;3;0;0;5;3;8
09440;VILLALBILLA DE GUMIEL;1;0;0;0;0;0;1;0;0;1;0;0;0;0;0;0;0;0;0;0;0;0;0
09441;VILLALDEMIRO;1;1;0;0;0;0;0;0;1;0;0;0;1;0;1;0;0;0;0;0;0;0;1
09442;VILLALMANZO;16;2;5;2;0;1;6;1;2;1;11;1;3;0;2;0;0;1;0;2;1;0;0
09443;VILLAMAYOR DE LOS MONTES;5;1;0;3;0;1;0;1;0;1;2;1;0;0;0;0;0;0;0;0;0;0;0
09444;VILLAMAYOR DE TREVIÑO;0;0;0;0;0;0;0;0;0;0;0;0;0;0;0;0;0;0;0;0;0;0;0
09445;VILLAMBISTIA;1;0;0;1;0;0;0;0;0;0;1;0;0;0;0;0;0;0;0;0;0;0;0
09446;VILLAMEDIANILLA;1;0;0;1;0;0;0;0;0;1;0;0;0;0;0;0;0;0;0;0;0;0;0
09447;VILLAMIEL DE LA SIERRA;2;0;0;2;0;0;0;0;0;1;1;0;0;0;0;0;0;0;0;0;0;0;0
09448;VILLANGOMEZ;1;0;0;0;0;0;1;0;0;0;1;0;1;0;0;1;0;0;0;0;1;0;0
09449;VILLANUEVA DE ARGAÑO;1;0;0;0;0;0;1;0;0;0;1;0;11;0;8;0;0;3;0;0;0;0;11
09450;VILLANUEVA DE CARAZO;0;0;0;0;0;0;0;0;0;0;0;0;0;0;0;0;0;0;0;0;0;0;0
09451;VILLANUEVA DE GUMIEL;15;1;0;2;1;2;9;0;0;1;13;1;1;0;1;0;0;0;0;0;0;0;1
09454;VILLANUEVA DE TEBA;4;1;0;2;0;0;1;0;0;0;4;0;0;0;0;0;0;0;0;0;0;0;0
09455;VILLAQUIRAN DE LA PUEBLA;1;0;0;0;0;1;0;1;0;0;0;0;0;0;0;0;0;0;0;0;0;0;0
09456;VILLAQUIRAN DE LOS INFANTES;3;0;0;3;0;0;0;0;1;0;2;0;1;0;1;0;0;0;0;1;0;0;0
09458;VILLARIEZO;28;1;2;5;1;8;11;1;4;1;21;1;8;2;5;0;0;1;0;0;0;4;4
09460;VILLASANDINO;4;0;0;1;0;0;3;0;0;0;4;0;1;0;0;0;0;1;0;0;0;0;1
09463;VILLASUR DE HERREROS;10;0;2;2;0;3;3;0;2;1;7;0;2;0;0;0;1;1;0;0;1;0;1
09464;VILLATUELDA;0;0;0;0;0;0;0;0;0;0;0;0;0;0;0;0;0;0;0;0;0;0;0
09466;VILLAVERDE DEL MONTE;1;0;1;0;0;0;0;0;0;0;1;0;0;0;0;0;0;0;0;0;0;0;0
09467;VILLAVERDE-MOGINA;3;0;2;0;0;1;0;1;1;0;1;0;1;0;1;0;0;0;0;0;0;0;1
09471;VILLAYERNO MORQUILLAS;8;0;2;3;0;0;3;1;0;1;6;0;0;0;0;0;0;0;0;0;0;0;0
09472;VILLAZOPEQUE;2;0;1;1;0;0;0;0;0;0;2;0;0;0;0;0;0;0;0;0;0;0;0
09473;VILLEGAS;1;0;0;0;0;0;1;0;0;0;1;0;0;0;0;0;0;0;0;0;0;0;0
09476;VILLORUEBO;1;0;0;1;0;0;0;0;0;0;1;0;0;0;0;0;0;0;0;0;0;0;0
09478;VIZCAINOS;2;0;0;2;0;0;0;1;1;0;0;0;0;0;0;0;0;0;0;0;0;0;0
09480;ZAEL;0;0;0;0;0;0;0;0;0;0;0;0;0;0;0;0;0;0;0;0;0;0;0
09482;ZARZOSA DE RIO PISUERGA;0;0;0;0;0;0;0;0;0;0;0;0;0;0;0;0;0;0;0;0;0;0;0
09483;ZAZUAR;5;0;1;2;0;0;2;1;0;1;3;0;3;0;2;0;0;1;0;2;0;0;1
09485;ZUÑEDA;0;0;0;0;0;0;0;0;0;0;0;0;0;0;0;0;0;0;0;0;0;0;0
09901;QUINTANILLA DEL AGUA Y TORDUELES;12;1;0;4;1;0;6;3;0;1;8;0;5;0;1;1;0;3;0;2;0;0;3
09902;VALLE DE SANTIBAÑEZ;10;0;0;5;0;1;4;0;0;3;7;0;0;0;0;0;0;0;0;0;0;0;0
09903;VILLARCAYO DE MERINDAD DE CASTILLA LA VI;274;13;54;68;7;56;76;25;38;22;172;17;70;1;31;1;2;34;1;9;23;5;33
09904;VALLE DE LAS NAVAS;14;0;2;6;0;5;1;2;2;0;10;0;2;0;0;0;0;2;0;0;0;0;2
09905;VALLE DE SEDANO;22;0;1;12;0;2;7;2;0;1;16;3;3;1;2;0;0;0;0;0;0;1;2
09906;MERINDAD DE RIO UBIERNA;36;4;4;3;1;9;15;0;5;0;30;1;10;0;2;1;1;6;0;1;3;0;6
09907;ALFOZ DE QUINTANADUEÑAS;102;9;9;15;2;28;39;1;13;6;78;4;5;0;2;1;0;1;1;0;0;0;5
09908;VALLE DE LOSA;28;1;2;13;0;4;8;5;2;1;19;1;12;1;5;1;0;5;0;1;0;0;11
10001;ABADIA;38;1;5;6;2;12;12;1;3;4;30;0;12;0;5;0;0;7;0;1;0;2;9
10002;ABERTURA;44;5;8;8;1;11;11;5;8;6;23;2;18;0;4;0;0;14;0;15;0;0;3
10003;ACEBO;58;6;13;16;0;11;12;4;4;4;43;3;15;0;4;0;0;11;0;3;1;0;11
10004;ACEHUCHE;52;0;9;9;5;20;9;6;4;7;29;6;25;1;10;0;0;14;0;16;0;4;5
10005;ACEITUNA;40;5;6;8;1;13;7;11;1;2;26;0;20;1;7;0;0;12;0;12;0;4;4
10006;AHIGAL;77;2;10;22;3;20;20;9;4;11;51;2;49;1;16;0;3;29;0;22;3;3;21
10007;ALBALA;59;4;14;14;2;14;11;7;2;4;44;2;3;0;1;0;0;2;0;2;0;0;1
10008;ALCANTARA;113;7;16;25;7;22;36;4;2;8;94;5;89;0;53;0;0;36;0;44;1;7;37
10009;ALCOLLARIN;30;3;2;12;0;6;7;5;2;2;18;3;3;0;1;0;0;2;0;0;0;0;3
10010;ALCUESCAR;270;15;34;56;16;75;74;29;11;25;197;8;95;1;44;2;1;44;3;43;2;11;39
10011;ALDEACENTENERA;42;2;3;10;3;7;17;3;2;2;35;0;9;0;4;0;1;4;0;8;0;0;1
10012;ALDEA DEL CANO;54;2;7;21;2;5;17;3;3;0;47;1;8;0;2;2;0;4;0;2;0;1;5
10013;ALDEA DEL OBISPO, LA;23;0;3;5;1;9;5;4;0;3;16;0;16;0;10;2;0;4;0;9;0;3;4
10014;ALDEANUEVA DE LA VERA;153;8;29;35;9;39;33;29;5;14;100;5;35;0;16;1;1;17;0;11;0;0;24
10015;ALDEANUEVA DEL CAMINO;74;2;5;21;3;20;23;0;4;10;57;3;16;2;6;1;0;7;0;2;4;0;10
10016;ALDEHUELA DE JERTE;36;3;1;8;1;11;12;1;2;3;28;2;7;0;6;0;0;1;0;4;0;0;3
10017;ALIA;67;4;7;11;4;11;30;6;1;8;47;5;28;0;24;0;0;4;0;16;1;3;8
10018;ALISEDA;156;5;16;27;10;48;50;15;4;18;114;5;149;1;65;0;2;80;1;43;2;0;104
10019;ALMARAZ;133;6;25;20;7;39;36;3;23;15;88;4;76;0;57;3;0;15;1;20;10;17;29
10020;ALMOHARIN;146;7;30;38;8;35;28;23;13;12;96;2;56;0;27;0;0;29;0;29;1;2;24
10021;ARROYO DE LA LUZ;598;29;75;124;15;142;213;19;29;69;460;21;59;1;26;4;1;27;0;2;2;5;50
10022;ARROYOMOLINOS DE LA VERA;27;2;3;8;1;4;9;2;1;1;22;1;8;0;7;0;0;1;0;0;0;7;1
10023;ARROYOMOLINOS;71;6;6;20;9;18;12;9;5;7;47;3;42;1;21;1;0;18;1;17;4;3;18
10024;BAÑOS DE MONTEMAYOR;28;0;7;8;2;5;6;0;1;3;23;1;24;0;9;0;0;15;0;1;0;1;22
10025;BARRADO;27;1;5;7;1;10;3;6;0;1;20;0;6;0;4;0;0;2;0;1;0;1;4
10026;BELVIS DE MONROY;57;2;8;22;2;7;16;1;11;9;34;2;11;0;6;1;0;4;0;1;0;0;10
10027;BENQUERENCIA;10;0;3;2;0;2;3;0;0;0;9;1;2;0;1;0;0;1;0;1;0;0;1
10028;BERROCALEJO;5;1;1;0;2;1;0;0;0;1;4;0;2;0;1;0;0;1;0;0;0;1;1
10029;BERZOCANA;30;0;4;8;0;9;9;1;1;4;24;0;28;1;20;0;0;7;0;19;1;0;8
10030;BOHONAL DE IBOR;43;1;6;12;2;7;15;1;3;2;36;1;21;0;7;0;0;14;0;12;0;0;9
10031;BOTIJA;12;0;1;5;0;3;3;1;0;0;11;0;6;0;5;0;0;1;0;5;0;0;1
10032;BROZAS;132;11;19;14;5;31;52;5;1;5;114;7;34;0;16;1;0;14;3;10;0;1;23
10033;CABAÑAS DEL CASTILLO;25;2;2;10;0;5;6;6;1;0;16;2;3;0;0;0;0;3;0;0;0;0;3
10034;CABEZABELLOSA;22;3;4;6;3;1;5;2;3;4;12;1;2;0;1;0;0;1;0;0;0;0;2
10035;CABEZUELA DEL VALLE;126;8;17;29;7;34;31;47;5;8;64;2;84;0;43;0;1;40;0;36;1;0;47
10036;CABRERO;20;2;3;6;1;3;5;5;0;4;10;1;11;0;5;0;0;6;0;3;0;0;8
10037;CACERES;8288;305;1438;1558;296;2332;2359;175;304;586;6580;643;3390;94;1544;54;79;1568;51;188;69;268;2865
10038;CACHORRILLA;6;1;0;1;0;1;3;1;0;0;5;0;1;0;1;0;0;0;0;0;0;0;1
10039;CADALSO;49;4;7;14;1;13;10;3;2;5;39;0;50;0;26;0;0;24;0;49;0;1;0
10040;CALZADILLA;30;1;6;8;3;6;6;1;2;11;16;0;15;0;6;0;0;9;0;11;0;0;4
10041;CAMINOMORISCO;83;1;22;23;4;18;15;12;4;19;48;0;51;2;20;0;1;28;0;12;0;1;38
10042;CAMPILLO DE DELEITOSA;4;0;1;2;0;0;1;0;0;2;2;0;3;0;1;0;0;2;0;1;0;0;2
10043;CAMPO LUGAR;67;5;11;10;4;15;22;21;4;2;40;0;46;0;31;1;1;13;0;40;0;0;6
10044;CAÑAMERO;156;8;26;25;7;40;50;18;10;29;94;5;41;1;20;0;0;20;0;19;5;3;14
10045;CAÑAVERAL;105;11;11;27;7;23;26;5;2;14;82;2;17;0;12;0;1;3;1;4;3;2;8
10046;CARBAJO;15;1;0;5;0;0;9;1;0;1;13;0;5;0;3;0;0;2;0;0;0;0;5
10047;CARCABOSO;128;8;9;23;9;37;42;6;4;6;106;6;18;0;9;0;1;8;0;5;1;4;8
10048;CARRASCALEJO;10;0;1;3;0;2;4;0;2;0;8;0;11;0;5;0;1;5;0;3;0;2;6
10049;CASAR DE CACERES;368;11;44;76;15;106;116;8;19;26;294;21;165;6;83;3;1;71;1;3;24;8;130
10050;CASAR DE PALOMERO;50;2;10;18;0;15;5;8;2;7;33;0;37;0;23;0;0;14;0;28;0;1;8
10051;CASARES DE LAS HURDES;20;1;3;10;0;2;4;2;0;2;16;0;10;0;4;0;0;6;0;0;0;0;10
10052;CASAS DE DON ANTONIO;9;0;4;1;0;2;2;0;0;0;9;0;15;0;9;1;0;5;0;3;0;1;11
10053;CASAS DE DON GOMEZ;44;10;5;8;7;7;7;3;1;2;34;4;8;0;1;0;0;7;0;8;0;0;0
10054;CASAS DEL CASTAÑAR;39;1;6;12;2;5;13;5;1;2;30;1;28;3;14;0;0;11;0;7;2;13;6
10055;CASAS DEL MONTE;84;3;12;23;2;17;27;9;11;7;57;0;10;0;10;0;0;0;0;1;0;1;8
10056;CASAS DE MILLAN;59;3;12;12;4;10;18;4;2;3;47;3;12;0;4;0;0;8;0;5;0;0;7
10057;CASAS DE MIRAVETE;12;2;1;5;1;0;3;2;1;0;9;0;8;0;7;0;0;1;0;6;0;0;2
10058;CASATEJADA;133;13;17;20;11;34;38;17;8;10;95;3;92;0;61;1;0;30;0;18;35;21;18
10059;CASILLAS DE CORIA;27;2;3;7;4;7;4;5;0;2;19;1;9;0;2;0;0;7;0;5;0;1;3
10060;CASTAÑAR DE IBOR;90;4;12;28;2;22;22;8;6;14;58;4;52;0;38;0;0;14;0;39;10;0;3
10061;CECLAVIN;164;13;30;61;9;25;26;18;4;49;81;12;62;0;23;1;1;37;0;40;3;1;18
10062;CEDILLO;21;0;1;11;2;2;5;7;4;2;7;1;31;0;17;0;0;14;0;27;0;0;4
10063;CEREZO;16;2;1;5;0;3;5;3;1;0;12;0;1;0;0;0;0;1;0;0;0;0;1
10064;CILLEROS;117;8;17;22;10;31;29;9;8;5;93;2;65;0;37;0;0;28;0;46;0;7;12
10065;COLLADO DE LA VERA;24;0;6;7;0;5;6;2;2;1;19;0;27;0;18;0;0;9;0;27;0;0;0
10066;CONQUISTA DE LA SIERRA;20;0;3;7;2;2;6;2;0;3;15;0;1;0;0;0;0;1;0;0;0;0;1
10067;CORIA;1324;79;216;272;45;312;400;135;64;162;902;61;254;7;113;2;4;125;3;43;1;41;169
10068;CUACOS DE YUSTE;78;0;12;14;5;20;27;11;3;4;59;1;41;0;19;1;0;21;0;12;9;4;16
10069;CUMBRE, LA;50;2;12;9;0;10;17;3;5;4;38;0;23;0;21;0;0;2;0;17;0;0;6
10070;DELEITOSA;38;1;3;9;1;11;13;3;0;3;31;1;14;1;10;0;0;3;0;6;1;0;7
10071;DESCARGAMARIA;11;0;1;7;0;1;2;1;1;1;8;0;8;0;7;0;0;1;0;8;0;0;0
10072;ELJAS;56;3;6;20;4;11;12;5;4;12;34;1;38;0;20;0;1;17;0;11;2;20;5
10073;ESCURIAL;97;6;15;19;5;21;31;18;22;6;50;1;14;0;2;0;0;12;0;0;1;8;5
10075;FRESNEDOSO DE IBOR;25;2;4;7;0;4;8;4;0;4;17;0;5;1;2;0;0;2;0;2;0;2;1
10076;GALISTEO;94;5;16;15;4;21;33;10;6;8;69;1;19;1;9;0;0;9;0;13;0;4;2
10077;GARCIAZ;68;0;8;14;5;13;28;9;2;8;47;2;33;0;26;0;0;7;0;32;0;0;1
10078;GARGANTA, LA;31;3;4;7;1;2;14;0;6;3;18;4;6;0;5;0;0;1;0;2;0;1;3
10079;GARGANTA LA OLLA;68;2;17;19;1;15;14;22;3;5;36;2;33;0;13;0;0;20;0;19;0;10;4
10080;GARGANTILLA;31;1;2;12;2;5;9;6;2;2;19;2;10;0;7;0;0;3;0;8;0;1;1
10081;GARGÜERA;12;1;1;2;0;3;5;1;0;2;9;0;2;0;2;0;0;0;0;1;0;0;1
10082;GARROVILLAS DE ALCONECTAR;263;13;43;60;7;61;79;5;21;32;199;6;43;2;16;1;1;23;0;11;1;5;26
10083;GARVIN;14;1;1;3;0;5;4;3;0;0;11;0;0;0;0;0;0;0;0;0;0;0;0
10084;GATA;101;4;15;26;5;29;22;9;5;9;76;2;37;0;16;0;0;21;0;16;0;1;20
10085;GORDO, EL;38;2;7;8;2;8;11;1;8;2;27;0;36;1;17;0;0;18;0;0;9;0;27
10086;GRANJA, LA;25;1;1;8;4;6;5;5;0;4;14;2;8;0;4;0;0;4;0;1;0;6;1
10087;GUADALUPE;136;5;21;41;3;27;39;8;2;31;93;2;230;0;113;2;2;113;0;148;2;3;77
10088;GUIJO DE CORIA;16;1;1;4;0;6;4;1;1;2;11;1;11;0;7;0;0;4;0;9;0;0;2
10089;GUIJO DE GALISTEO;120;6;11;33;8;44;18;21;7;13;78;1;49;0;30;0;0;19;0;19;0;5;25
10090;GUIJO DE GRANADILLA;40;3;2;17;1;7;10;0;2;6;32;0;20;0;8;0;0;12;0;11;0;0;9
10091;GUIJO DE SANTA BARBARA;33;0;5;7;0;9;12;4;1;11;17;0;2;0;1;0;0;1;0;0;0;0;2
10092;HERGUIJUELA;39;1;4;7;0;9;18;2;3;2;32;0;3;1;1;0;1;0;0;1;0;0;2
10093;HERNAN-PEREZ;40;3;9;9;1;9;9;6;1;5;28;0;20;0;12;0;0;8;0;6;0;11;3
10094;HERRERA DE ALCANTARA;8;0;0;2;1;2;3;0;0;0;7;1;9;1;1;0;0;7;0;4;2;0;3
10095;HERRERUELA;25;1;3;4;0;6;11;2;6;4;12;1;7;0;4;0;0;3;0;5;2;0;0
10096;HERVAS;355;12;44;84;10;66;139;14;30;14;284;13;131;2;53;0;1;75;0;33;5;1;92
10097;HIGUERA;7;2;2;1;0;1;1;1;2;0;4;0;1;0;0;0;0;1;0;0;0;0;1
10098;HINOJAL;24;3;1;8;2;4;6;2;0;2;19;1;1;0;0;0;0;1;0;0;0;1;0
10099;HOLGUERA;49;2;10;14;3;13;7;13;1;7;25;3;5;0;3;0;0;1;1;2;0;1;2
10100;HOYOS;115;8;16;21;7;27;36;3;3;5;100;4;23;0;9;0;0;14;0;14;0;0;9
10101;HUELAGA;38;2;8;10;2;7;9;6;2;2;22;6;7;0;4;0;0;3;0;5;0;0;2
10102;IBAHERNANDO;56;5;11;10;4;11;15;5;0;12;37;2;13;0;8;0;0;5;0;6;0;0;7
10103;JARAICEJO;41;1;5;12;1;7;15;4;6;8;23;0;16;0;8;0;0;8;0;1;0;0;15
10104;JARAIZ DE LA VERA;535;33;77;114;22;157;132;115;70;36;295;19;142;0;88;1;0;53;0;49;18;22;53
10105;JARANDILLA DE LA VERA;178;10;25;48;4;37;54;20;9;11;135;3;98;1;48;1;1;47;0;35;2;4;57
10106;JARILLA;13;1;2;3;0;4;3;0;1;0;12;0;4;0;1;0;0;3;0;0;0;2;2
10107;JERTE;106;4;16;24;10;28;24;38;5;4;56;3;159;0;62;0;0;97;0;75;0;22;62
10108;LADRILLAR;8;0;1;4;0;1;2;0;0;0;8;0;4;0;2;0;0;2;0;0;0;0;4
10109;LOGROSAN;186;11;36;44;12;47;36;8;8;27;138;5;80;0;50;3;1;26;0;32;3;4;41
10110;LOSAR DE LA VERA;158;23;26;28;8;35;38;31;6;6;106;9;78;1;37;0;0;39;1;4;1;0;73
10111;MADRIGAL DE LA VERA;140;9;19;46;2;24;40;10;20;23;84;3;56;1;25;0;2;28;0;23;0;6;27
10112;MADRIGALEJO;138;6;12;25;6;23;66;30;3;12;86;7;133;0;99;1;1;31;1;97;0;6;30
10113;MADROÑERA;307;10;41;76;11;72;97;28;3;37;226;13;214;1;153;1;0;55;4;186;1;1;26
10114;MAJADAS;83;4;3;21;10;26;19;31;7;13;27;5;99;2;51;0;1;45;0;66;1;23;9
10115;MALPARTIDA DE CACERES;427;14;66;94;16;100;137;7;28;27;346;19;102;5;58;2;2;35;0;42;3;2;55
10116;MALPARTIDA DE PLASENCIA;378;20;57;60;16;105;120;38;116;34;179;11;101;6;48;6;2;37;2;16;36;12;37
10117;MARCHAGAZ;23;3;4;6;1;4;5;10;1;5;7;0;12;0;5;0;0;7;0;6;0;3;3
10118;MATA DE ALCANTARA;11;2;0;3;0;3;3;0;0;1;9;1;7;0;6;0;0;1;0;2;0;2;3
10119;MEMBRIO;49;1;4;4;5;22;13;6;3;3;36;1;44;1;15;0;0;28;0;36;0;3;5
10120;MESAS DE IBOR;12;0;2;3;0;2;5;1;0;1;10;0;5;0;3;0;0;2;0;1;0;1;3
10121;MIAJADAS;919;63;157;143;61;226;269;142;167;68;492;50;385;10;203;1;4;166;1;48;73;28;236
10122;MILLANES;25;2;5;5;1;2;10;1;3;8;13;0;0;0;0;0;0;0;0;0;0;0;0
10123;MIRABEL;68;6;9;25;3;15;10;4;5;10;48;1;20;0;7;0;0;12;1;3;11;0;6
10124;MOHEDAS DE GRANADILLA;89;3;13;32;5;18;18;12;2;21;52;2;57;0;29;0;0;28;0;33;0;2;22
10125;MONROY;79;5;6;18;6;17;27;3;1;10;63;2;43;0;23;0;0;20;0;27;0;0;16
10126;MONTANCHEZ;131;5;15;41;7;27;36;6;12;13;95;5;41;1;31;0;0;9;0;6;5;10;20
10127;MONTEHERMOSO;491;26;62;108;22;166;107;54;23;55;330;29;144;2;67;2;2;70;1;18;12;37;77
10128;MORALEJA;651;43;116;141;24;155;172;51;59;81;445;15;181;2;81;2;2;91;3;36;31;16;98
10129;MORCILLO;46;3;5;12;1;14;11;8;2;5;28;3;11;0;3;0;0;8;0;8;0;0;3
10130;NAVACONCEJO;146;5;28;26;7;48;32;46;3;15;81;1;67;0;37;0;0;30;0;30;1;17;19
10131;NAVALMORAL DE LA MATA;1791;97;284;311;91;503;505;231;187;131;1038;204;312;8;132;5;6;153;8;21;50;14;227
10132;NAVALVILLAR DE IBOR;39;1;1;14;2;9;12;9;3;1;24;2;34;0;15;0;0;19;0;30;0;0;4
10133;NAVAS DEL MADROÑO;171;13;19;26;12;35;66;6;6;21;128;10;31;0;11;0;0;19;1;4;0;1;26
10134;NAVEZUELAS;30;1;6;9;0;9;5;6;0;4;19;1;28;0;15;0;0;13;0;23;0;0;5
10135;NUÑOMORAL;113;3;20;50;3;16;21;14;10;53;35;1;39;0;12;0;0;26;1;12;6;8;13
10136;OLIVA DE PLASENCIA;35;3;6;10;2;8;6;3;7;8;16;1;7;0;4;0;1;2;0;1;0;0;6
10137;PALOMERO;25;3;4;4;1;6;7;7;1;3;14;0;19;0;11;0;0;8;0;14;0;0;5
10138;PASARON DE LA VERA;56;0;8;16;3;14;15;5;2;2;44;3;34;0;22;0;0;12;0;19;0;7;8
10139;PEDROSO DE ACIM;9;2;2;3;0;1;1;2;0;0;7;0;6;0;0;0;0;6;0;0;0;0;6
10140;PERALEDA DE LA MATA;90;5;10;28;2;26;19;8;8;9;62;3;25;0;7;1;1;16;0;11;2;0;12
10141;PERALEDA DE SAN ROMAN;26;1;5;6;2;3;9;1;1;11;9;4;3;0;1;0;0;2;0;1;0;2;0
10142;PERALES DEL PUERTO;97;7;21;19;3;26;21;8;3;11;70;5;50;1;25;0;0;24;0;33;3;1;13
10143;PESCUEZA;6;0;0;2;0;2;2;1;0;0;5;0;1;0;0;0;0;1;0;0;0;0;1
10144;PESGA, LA;72;4;11;22;0;18;17;9;2;13;48;0;52;0;37;0;0;15;0;31;0;5;16
10145;PIEDRAS ALBAS;11;1;1;2;0;4;3;1;0;1;9;0;3;0;1;0;0;2;0;0;0;1;2
10146;PINOFRANQUEADO;132;5;25;27;8;36;31;28;2;16;83;3;75;3;33;0;0;38;1;20;0;6;49
10147;PIORNAL;73;5;11;12;6;25;14;10;1;6;53;3;46;0;25;0;0;21;0;13;0;4;29
10148;PLASENCIA;4117;189;678;814;183;1072;1181;233;280;338;2935;331;856;15;383;16;29;396;17;77;53;104;622
10149;PLASENZUELA;46;6;6;6;2;6;20;4;0;3;39;0;6;0;2;0;1;2;1;1;0;0;5
10150;PORTAJE;27;2;4;8;0;9;4;3;0;3;19;2;7;0;3;0;0;3;1;3;0;0;4
10151;PORTEZUELO;26;0;5;5;1;4;11;3;0;13;9;1;27;0;7;0;0;20;0;1;0;4;22
10152;POZUELO DE ZARZON;47;3;11;8;0;12;13;7;4;4;30;2;33;0;19;0;0;14;0;16;1;1;15
10153;PUERTO DE SANTA CRUZ;18;1;0;11;0;1;5;3;0;2;13;0;3;0;0;0;0;3;0;1;0;0;2
10154;REBOLLAR;20;0;2;5;1;8;4;6;0;0;14;0;15;0;8;0;0;7;0;2;0;11;2
10155;RIOLOBOS;104;6;20;27;2;20;29;26;31;16;27;4;64;1;28;0;0;35;0;49;7;0;8
10156;ROBLEDILLO DE GATA;8;1;0;3;1;2;1;0;0;0;8;0;4;0;3;0;0;1;0;3;0;0;1
10157;ROBLEDILLO DE LA VERA;24;4;2;6;1;3;8;2;0;1;21;0;5;0;3;0;0;2;0;0;0;0;5
10158;ROBLEDILLO DE TRUJILLO;21;0;2;7;1;8;3;0;0;2;19;0;16;0;9;0;0;7;0;10;1;0;5
10159;ROBLEDOLLANO;26;1;2;7;1;7;8;3;0;3;20;0;19;0;16;0;0;3;0;16;0;0;3
10160;ROMANGORDO;19;0;3;6;1;6;3;0;1;1;17;0;5;1;1;0;0;3;0;0;0;1;4
10161;RUANES;6;1;2;1;0;1;1;1;0;0;5;0;3;0;2;0;0;1;0;0;0;0;3
10162;SALORINO;46;1;5;9;1;13;17;8;3;0;34;1;26;0;26;0;0;0;0;20;0;0;6
10163;SALVATIERRA DE SANTIAGO;23;1;1;11;3;1;6;4;6;3;10;0;5;0;3;0;0;2;0;2;1;0;2
10164;SAN MARTIN DE TREVEJO;55;4;2;13;1;13;22;0;2;9;42;2;33;0;15;0;0;17;1;3;1;24;5
10165;SANTA ANA;19;0;1;7;2;4;5;0;0;1;18;0;7;0;3;0;0;3;1;0;0;2;5
10166;SANTA CRUZ DE LA SIERRA;34;1;5;7;1;6;14;4;3;4;23;0;4;0;1;0;0;3;0;1;1;0;2
10167;SANTA CRUZ DE PANIAGUA;18;1;3;6;0;5;3;2;1;2;12;1;15;0;7;0;0;8;0;6;0;4;5
10168;SANTA MARTA DE MAGASCA;23;1;3;6;2;7;4;3;0;0;18;2;33;0;30;0;0;3;0;29;0;0;4
10169;SANTIAGO DE ALCANTARA;32;4;5;8;0;6;9;2;0;14;13;3;3;0;0;0;0;3;0;0;0;0;3
10170;SANTIAGO DEL CAMPO;15;1;2;7;2;2;1;1;0;3;11;0;21;1;14;3;1;2;0;0;17;3;1
10171;SANTIBAÑEZ EL ALTO;27;1;6;10;2;1;7;8;1;3;15;0;8;0;6;0;0;2;0;5;0;0;3
10172;SANTIBAÑEZ EL BAJO;73;8;10;18;3;18;16;11;3;9;47;3;14;0;5;0;0;9;0;7;0;0;7
10173;SAUCEDILLA;148;11;25;11;12;51;38;14;8;15;106;5;58;0;36;0;0;22;0;37;0;0;21
10174;SEGURA DE TORO;22;2;1;7;1;4;7;0;0;0;22;0;9;0;6;0;0;3;0;0;0;3;6
10175;SERRADILLA;172;10;16;37;9;48;52;51;5;17;96;3;54;0;18;1;1;33;1;37;1;0;16
10176;SERREJON;50;3;6;10;3;9;19;8;2;2;37;1;6;0;2;0;0;4;0;2;0;0;4
10177;SIERRA DE FUENTES;204;12;27;41;7;46;71;3;11;26;154;10;28;0;7;0;0;20;1;15;0;0;13
10178;TALAVAN;49;3;5;5;4;16;16;0;2;5;39;3;187;0;154;2;1;28;2;15;11;139;22
10179;TALAVERUELA DE LA VERA;28;3;4;9;1;5;6;4;3;0;19;2;9;0;4;0;0;5;0;7;0;0;2
10180;TALAYUELA;605;27;115;94;42;199;128;252;34;33;246;40;296;1;172;21;2;96;4;147;47;25;77
10181;TEJEDA DE TIETAR;43;1;6;11;1;8;16;6;3;2;31;1;101;0;75;0;0;26;0;94;1;0;6
10182;TORIL;14;0;4;1;0;5;4;2;2;0;10;0;7;0;7;0;0;0;0;1;0;0;6
10183;TORNAVACAS;56;4;11;13;0;14;14;23;2;7;23;1;87;0;56;0;0;31;0;68;0;11;8
10184;TORNO, EL;47;2;9;13;2;9;12;8;2;10;26;1;25;0;18;0;0;7;0;12;1;4;8
10185;TORRECILLA DE LOS ANGELES;51;1;7;19;4;9;11;5;4;9;29;4;29;0;18;0;0;11;0;22;0;0;7
10186;TORRECILLAS DE LA TIESA;77;5;13;12;6;19;22;3;7;7;58;2;31;0;15;0;0;14;2;2;2;7;20
10187;TORRE DE DON MIGUEL;33;5;7;10;0;10;1;6;5;2;19;1;48;0;29;0;0;19;0;44;1;2;1
10188;TORRE DE SANTA MARIA;44;1;7;11;2;8;15;6;1;3;30;4;22;0;6;0;0;16;0;0;0;7;15
10189;TORREJONCILLO;284;18;34;56;13;85;78;28;11;35;202;8;58;0;13;3;0;40;2;11;4;12;31
10190;TORREJON EL RUBIO;55;3;7;16;1;13;15;4;24;4;22;1;13;4;4;0;0;5;0;6;2;1;4
10191;TORREMENGA;51;5;9;16;1;12;8;11;5;2;33;0;60;0;22;0;2;36;0;58;1;0;1
10192;TORREMOCHA;71;4;6;19;3;23;16;2;2;9;55;3;4;0;1;0;0;3;0;0;0;0;4
10193;TORREORGAZ;160;6;17;28;6;51;52;1;11;13;128;7;11;0;4;1;0;6;0;0;0;6;5
10194;TORREQUEMADA;44;3;3;12;2;10;14;2;0;1;38;3;3;0;3;0;0;0;0;0;2;0;1
10195;TRUJILLO;863;47;110;182;31;211;282;33;47;185;557;41;369;4;183;3;7;158;14;8;37;38;286
10196;VALDASTILLAS;25;0;4;5;1;8;7;6;0;2;16;1;10;0;7;0;0;3;0;1;0;5;4
10197;VALDECAÑAS DE TAJO;9;1;0;2;0;4;2;0;0;0;9;0;1;0;1;0;0;0;0;0;0;0;1
10198;VALDEFUENTES;79;4;8;16;2;24;25;2;5;7;63;2;33;0;10;0;0;23;0;18;3;1;11
10199;VALDEHUNCAR;25;1;3;3;3;7;8;0;4;0;20;1;5;0;3;0;1;1;0;2;1;0;2
10200;VALDELACASA DE TAJO;24;0;4;5;0;5;10;1;1;1;21;0;10;0;9;0;0;1;0;2;2;2;4
10201;VALDEMORALES;20;0;5;6;0;4;5;2;4;1;13;0;8;0;4;0;0;4;0;5;0;0;3
10202;VALDEOBISPO;63;1;9;14;1;21;17;4;2;7;50;0;27;0;13;0;0;14;0;14;0;1;12
10203;VALENCIA DE ALCANTARA;469;18;59;90;21;125;156;21;20;43;378;7;164;5;83;1;0;74;1;31;6;5;122
10204;VALVERDE DE LA VERA;42;1;6;15;1;7;12;3;2;4;31;2;11;0;5;0;0;6;0;8;1;0;2
10205;VALVERDE DEL FRESNO;211;8;27;54;11;57;54;20;14;33;137;7;59;0;33;1;0;24;1;41;0;4;14
10206;VIANDAR DE LA VERA;11;0;1;3;1;3;3;0;1;0;10;0;11;0;7;0;0;4;0;8;0;2;1
10207;VILLA DEL CAMPO;56;6;8;17;2;14;9;5;0;1;46;4;16;0;7;0;0;9;0;12;0;1;3
10208;VILLA DEL REY;11;0;2;4;1;2;2;3;0;1;7;0;8;0;4;0;0;4;0;5;0;0;3
10209;VILLAMESIAS;35;5;4;9;2;6;9;4;3;3;24;1;11;0;4;0;0;7;0;7;0;0;4
10210;VILLAMIEL;42;5;7;7;6;13;4;4;14;2;19;3;27;0;22;0;0;5;0;22;2;1;2
10211;VILLANUEVA DE LA SIERRA;33;3;7;8;2;8;5;5;4;7;16;1;28;0;14;0;0;14;0;20;0;5;3
10212;VILLANUEVA DE LA VERA;193;7;38;47;2;47;52;10;7;12;162;2;30;0;13;0;0;17;0;3;1;1;25
10213;VILLAR DEL PEDROSO;36;3;2;14;3;4;10;1;2;4;27;2;22;2;11;0;1;8;0;17;1;1;3
10214;VILLAR DE PLASENCIA;25;0;3;6;0;10;6;2;1;2;20;0;4;0;2;0;0;2;0;4;0;0;0
10215;VILLASBUENAS DE GATA;52;7;6;17;2;12;8;5;1;2;43;1;9;0;5;0;0;4;0;5;1;0;3
10216;ZARZA DE GRANADILLA;154;5;13;31;9;52;44;11;49;17;74;3;83;3;40;1;0;39;0;12;11;2;58
10217;ZARZA DE MONTANCHEZ;31;3;3;8;2;8;7;5;0;4;20;2;11;0;6;0;1;4;0;9;0;0;2
10218;ZARZA LA MAYOR;64;4;8;24;1;16;11;7;1;20;33;3;56;0;23;0;2;31;0;20;0;24;12
10219;ZORITA;149;4;10;42;4;25;64;14;5;60;65;5;22;2;10;1;0;9;0;8;0;6;8
10901;ROSALEJO;142;10;21;21;13;43;34;42;12;12;64;12;15;0;9;0;0;6;0;11;1;0;3
10902;VEGAVIANA;96;13;15;13;9;26;20;15;1;15;60;5;23;0;7;0;0;16;0;11;0;6;6
10903;ALAGÓN DEL RÍO;89;8;11;19;3;23;25;7;7;8;62;5;30;0;15;1;0;13;1;9;5;5;11
10904;TIÉTAR;59;2;13;12;2;18;12;17;3;7;31;1;16;0;8;0;0;8;0;2;0;9;5
10905;PUEBLONUEVO DE MIRAMONTES;50;4;4;13;6;10;13;16;3;2;24;5;17;0;8;0;0;9;0;2;0;12;3
11001;ALCALA DE LOS GAZULES;734;28;114;130;49;217;196;81;29;51;539;34;369;0;274;2;0;89;4;228;2;9;130
11002;ALCALA DEL VALLE;306;17;74;97;15;60;43;64;9;53;166;14;308;0;154;0;0;154;0;181;0;9;118
11003;ALGAR;157;10;21;26;9;44;47;11;8;19;112;7;40;0;14;0;0;25;1;1;1;4;34
11004;ALGECIRAS;13768;589;2221;2578;621;3841;3918;283;580;1172;9639;2094;5516;51;4038;91;43;1232;61;19;106;257;5134
11005;ALGODONALES;454;32;70;95;27;138;92;95;9;27;301;22;402;0;209;0;0;191;2;247;2;7;146
11006;ARCOS DE LA FRONTERA;4713;198;655;852;245;1365;1398;372;139;648;3242;312;1182;9;646;10;14;497;6;313;63;199;607
11007;BARBATE;4075;201;750;694;188;1153;1089;203;275;302;2978;317;617;12;281;11;2;302;9;26;23;69;499
11008;BARRIOS, LOS;2454;121;372;375;128;685;773;57;164;213;1718;302;1383;28;624;41;16;646;28;17;243;110;1013
11009;BENAOCAZ;66;2;12;12;2;17;21;0;7;3;53;3;29;0;14;0;0;15;0;0;0;0;29
11010;BORNOS;768;53;151;177;51;210;126;120;22;99;480;47;223;0;131;1;0;91;0;41;3;68;111
11011;BOSQUE, EL;203;13;31;49;12;49;49;2;21;6;161;13;260;0;123;0;0;137;0;6;15;11;228
11012;CADIZ;12752;411;2310;2749;369;3245;3668;92;852;835;9476;1497;5620;76;2799;81;56;2538;70;38;271;422;4889
11013;CASTELLAR DE LA FRONTERA;332;11;50;56;14;95;106;19;19;26;246;22;93;0;50;3;0;39;1;17;7;3;66
11014;CONIL DE LA FRONTERA;2616;110;523;499;109;788;587;80;64;218;2059;195;803;18;471;6;8;291;9;35;8;138;622
11015;CHICLANA DE LA FRONTERA;10496;452;1653;1918;437;3003;3033;125;586;1341;6933;1511;2196;26;1323;40;15;759;33;10;169;525;1492
11016;CHIPIONA;2927;119;567;539;137;813;752;235;91;243;2155;203;855;14;458;7;23;344;9;223;17;102;513
11017;ESPERA;352;24;69;92;21;99;47;61;19;72;178;22;253;0;183;0;1;69;0;92;3;127;31
11018;GASTOR, EL;136;6;21;47;5;34;23;17;2;17;95;5;71;0;27;1;0;42;1;43;0;6;22
11019;GRAZALEMA;244;9;40;54;10;45;86;10;13;19;193;9;139;0;61;0;0;76;2;1;0;3;135
11020;JEREZ DE LA FRONTERA;27506;1105;4166;5314;970;6901;9050;1087;1415;2649;18689;3666;9442;91;5085;117;115;3920;114;1388;639;669;6746
11021;JIMENA DE LA FRONTERA;981;34;149;197;49;277;275;108;35;94;650;94;278;7;169;1;3;95;3;122;1;35;120
11022;LINEA DE LA CONCEPCION, LA;8362;378;1456;1808;385;2061;2274;97;632;983;5067;1583;1039;14;422;15;12;548;28;3;80;75;881
11023;MEDINA-SIDONIA;1571;54;224;296;59;479;459;121;73;177;1071;129;543;2;324;6;0;209;2;206;40;37;260
11024;OLVERA;562;31;80;142;39;159;111;74;27;81;324;56;377;2;190;4;0;179;2;217;13;11;136
11025;PATERNA DE RIVERA;821;38;145;149;31;242;216;68;46;369;289;49;104;0;51;1;0;51;1;6;1;42;55
11026;PRADO DEL REY;761;36;93;168;28;186;250;41;123;51;486;60;154;0;69;3;0;81;1;32;25;13;84
11027;PUERTO DE SANTA MARIA, EL;9919;324;1628;1912;343;2608;3104;148;449;864;7082;1376;2804;59;1428;96;35;1136;50;122;182;278;2222
11028;PUERTO REAL;4878;214;772;980;185;1363;1364;71;467;442;3195;703;1535;28;1084;16;10;392;5;114;501;170;750
11029;PUERTO SERRANO;481;45;103;109;50;127;47;153;18;57;212;41;159;1;83;0;1;74;0;75;0;19;65
11030;ROTA;2982;112;503;544;102;885;836;40;432;168;2101;241;1103;6;555;13;9;510;10;125;34;131;813
11031;SAN FERNANDO;10887;375;1706;2016;406;2975;3409;96;696;879;7468;1748;1418;30;620;23;14;700;31;6;116;164;1132
11032;SANLUCAR DE BARRAMEDA;8798;356;1477;1728;362;2370;2505;944;409;934;5388;1123;2629;61;1464;18;26;1043;17;897;96;417;1219
11033;SAN ROQUE;3367;154;607;638;140;916;912;64;201;609;2082;411;1051;14;698;18;13;291;17;27;268;201;555
11034;SETENIL DE LAS BODEGAS;181;6;34;46;12;55;28;28;6;28;106;13;217;0;136;1;0;80;0;156;4;5;52
11035;TARIFA;2071;97;377;342;85;584;586;33;66;106;1724;142;531;23;263;13;10;209;13;36;29;70;396
11036;TORRE ALHAQUIME;53;3;9;13;4;18;6;9;0;2;40;2;175;0;115;0;0;60;0;167;0;0;8
11037;TREBUJENA;732;48;169;138;50;227;100;121;17;65;464;65;196;0;129;0;2;65;0;27;0;25;144
11038;UBRIQUE;1767;48;187;389;46;386;711;21;750;79;813;104;675;22;298;40;23;261;31;23;387;23;242
11039;VEJER DE LA FRONTERA;2066;106;326;406;109;550;569;73;46;206;1594;147;611;10;328;5;5;259;4;198;13;51;349
11040;VILLALUENGA DEL ROSARIO;34;3;6;10;1;9;5;2;3;2;27;0;24;0;11;0;0;13;0;0;1;0;23
11041;VILLAMARTIN;1620;126;261;365;110;440;318;233;62;185;1035;105;509;2;269;5;2;223;8;146;11;57;295
11042;ZAHARA;113;8;14;31;5;31;24;8;5;42;56;2;161;0;75;1;0;84;1;74;6;13;68
11901;BENALUP-CASAS VIEJAS;919;44;125;114;56;253;327;144;20;108;579;68;200;0;87;2;2;107;2;6;3;32;159
11902;SAN JOSE DEL VALLE;530;24;83;118;38;150;117;68;18;63;349;32;199;3;108;1;0;87;0;104;8;17;70
39001;ALFOZ DE LLOREDO;154;7;33;41;5;27;41;4;7;17;120;6;23;0;7;0;1;15;0;0;2;1;20
39002;AMPUERO;288;19;52;63;9;72;73;8;46;14;205;15;54;0;25;2;1;23;3;1;2;2;49
39003;ANIEVAS;18;0;2;4;0;5;7;0;0;1;17;0;0;0;0;0;0;0;0;0;0;0;0
39004;ARENAS DE IGUÑA;116;2;20;31;1;26;36;0;9;8;95;4;104;0;58;1;0;45;0;0;49;7;48
39005;ARGOÑOS;116;10;18;20;6;24;38;0;17;6;89;4;12;0;7;1;0;4;0;0;1;1;10
39006;ARNUERO;138;1;24;27;10;35;41;2;10;10;114;2;215;1;84;1;1;128;0;1;4;2;208
39007;ARREDONDO;32;3;4;8;1;13;3;2;5;2;23;0;19;0;7;0;0;12;0;0;0;0;19
39008;ASTILLERO, EL;1038;38;188;213;35;285;279;9;93;82;781;73;537;6;329;10;4;182;6;1;243;19;274
39009;BARCENA DE CICERO;291;20;49;56;17;81;68;15;35;20;209;12;136;1;74;4;2;54;1;1;75;4;56
39010;BARCENA DE PIE DE CONCHA;48;6;7;13;1;6;15;0;2;2;39;5;17;0;11;0;0;5;1;0;0;0;17
39011;BAREYO;128;8;16;29;4;31;40;1;13;3;109;2;67;0;40;2;0;25;0;3;0;3;61
39012;CABEZON DE LA SAL;516;20;76;114;20;131;155;9;31;37;411;28;187;6;52;3;3;112;11;2;14;5;166
39013;CABEZON DE LIEBANA;17;1;2;5;0;3;6;1;0;1;15;0;2;0;1;0;0;1;0;1;0;0;1
39014;CABUERNIGA;57;2;13;19;2;8;13;6;3;4;42;2;12;1;1;0;1;8;1;0;0;0;12
39015;CAMALEÑO;37;3;8;13;1;4;8;0;1;4;32;0;52;0;19;0;0;33;0;0;0;0;52
39016;CAMARGO;1883;88;317;347;71;485;575;13;139;117;1447;167;901;11;490;25;20;346;9;2;155;81;663
39017;CAMPOO DE YUSO;15;1;2;4;0;4;4;0;2;0;12;1;26;0;4;1;0;21;0;0;1;0;25
39018;CARTES;387;20;57;59;17;115;119;3;30;23;297;34;202;3;101;7;1;84;6;0;23;12;167
39019;CASTAÑEDA;150;3;25;37;3;52;30;3;13;15;103;16;27;0;13;0;0;14;0;0;0;4;23
39020;CASTRO-URDIALES;2084;74;271;428;73;522;716;15;193;169;1520;187;457;10;164;9;13;253;8;1;22;36;398
39021;CIEZA;39;0;6;13;2;14;4;1;5;0;31;2;5;0;0;0;0;5;0;0;0;0;5
39022;CILLORIGO DE LIEBANA;65;3;8;16;2;21;15;5;2;6;52;0;7;0;3;1;0;3;0;0;0;2;5
39023;COLINDRES;615;44;101;105;47;158;160;15;71;46;457;26;124;2;56;7;1;58;0;17;12;5;90
39024;COMILLAS;159;6;28;39;5;33;48;3;8;9;133;6;119;2;50;2;2;62;1;2;4;7;106
39025;CORRALES DE BUELNA, LOS;661;28;88;154;25;187;179;15;97;31;450;68;289;2;187;7;0;89;4;1;112;7;169
39026;CORVERA DE TORANZO;116;4;18;32;6;26;30;1;7;10;88;10;15;0;5;3;2;4;1;0;1;0;14
39027;CAMPOO DE ENMEDIO;191;15;31;39;8;49;49;3;19;10;149;10;18;0;4;2;1;9;2;0;2;0;16
39028;ENTRAMBASAGUAS;284;7;50;52;15;95;65;5;19;13;231;16;146;7;54;1;0;84;0;7;13;1;125
39029;ESCALANTE;55;1;9;15;5;21;4;1;6;5;39;4;6;0;2;0;0;4;0;0;0;0;6
39030;GURIEZO;135;8;23;33;3;39;29;1;25;7;95;7;70;0;47;1;0;22;0;0;59;3;8
39031;HAZAS DE CESTO;98;4;24;19;5;28;18;3;8;8;77;2;9;0;8;0;0;0;1;0;4;0;5
39032;HERMANDAD DE CAMPOO DE SUSO;62;4;9;20;1;14;14;0;6;0;52;4;52;0;22;0;2;28;0;0;0;0;52
39033;HERRERIAS;42;0;8;10;2;8;14;2;2;4;34;0;5;0;4;0;0;1;0;0;0;0;5
39034;LAMASON;12;0;1;6;1;2;2;2;0;0;9;1;0;0;0;0;0;0;0;0;0;0;0
39035;LAREDO;828;38;165;193;29;166;237;6;110;64;617;31;341;4;98;8;5;213;13;4;18;16;303
39036;LIENDO;64;1;7;22;2;15;17;1;4;1;57;1;19;0;14;1;0;4;0;1;0;4;14
39037;LIERGANES;125;4;13;41;5;26;36;10;9;16;82;8;61;0;26;0;2;32;1;4;0;1;56
39038;LIMPIAS;123;4;19;35;3;32;30;5;14;8;93;3;63;1;36;10;0;13;3;0;50;3;10
39039;LUENA;32;1;4;13;1;7;6;1;1;6;24;0;0;0;0;0;0;0;0;0;0;0;0
39040;MARINA DE CUDEYO;272;15;46;74;11;58;68;2;26;51;182;11;134;2;91;7;3;26;5;1;42;11;80
39041;MAZCUERRAS;111;3;15;28;4;27;34;3;9;6;87;6;16;0;10;0;0;6;0;0;0;1;15
39042;MEDIO CUDEYO;397;20;81;70;22;108;96;4;31;21;304;37;377;3;199;9;4;158;4;0;134;8;235
39043;MERUELO;159;4;19;33;9;50;44;4;7;7;134;7;46;1;31;2;0;11;1;1;27;2;16
39044;MIENGO;294;9;56;66;6;79;78;2;16;27;232;17;97;3;50;3;2;39;0;1;11;3;82
39045;MIERA;17;0;2;5;0;4;6;1;0;0;16;0;3;0;3;0;0;0;0;0;0;0;3
39046;MOLLEDO;99;9;11;28;4;14;33;7;7;7;65;13;9;0;0;0;0;9;0;0;0;2;7
39047;NOJA;252;12;39;54;9;71;67;3;12;7;228;2;128;0;57;0;0;69;2;0;2;3;123
39048;PENAGOS;113;6;22;30;3;25;27;3;11;11;80;8;62;1;36;2;0;20;3;0;0;0;62
39049;PEÑARRUBIA;21;0;4;8;1;2;6;0;0;0;19;2;24;0;19;1;0;4;0;0;0;0;24
39050;PESAGUERO;13;0;2;7;0;2;2;1;1;0;11;0;0;0;0;0;0;0;0;0;0;0;0
39051;PESQUERA;4;0;0;2;0;1;1;0;0;1;3;0;2;0;0;0;0;1;1;0;0;0;2
39052;PIELAGOS;1136;39;191;244;35;304;323;8;102;67;879;80;358;11;163;3;10;166;5;1;21;28;308
39053;POLACIONES;13;2;1;6;0;1;3;1;2;0;9;1;0;0;0;0;0;0;0;0;0;0;0
39054;POLANCO;349;15;57;65;13;108;91;6;21;19;282;21;66;7;38;7;0;12;2;0;28;4;34
39055;POTES;68;1;8;16;3;20;20;0;3;4;61;0;62;0;23;0;1;37;1;0;0;4;58
39056;PUENTE VIESGO;116;3;29;27;3;30;24;1;13;10;86;6;157;2;68;2;4;76;5;0;2;2;153
39057;RAMALES DE LA VICTORIA;236;5;51;57;10;51;62;5;39;20;159;13;50;1;23;2;0;22;2;0;3;6;41
39058;RASINES;74;6;15;22;3;10;18;4;9;3;55;3;5;1;1;0;0;3;0;1;0;1;3
39059;REINOSA;493;15;77;107;16;124;154;8;64;25;358;38;276;7;90;4;6;161;8;0;148;6;122
39060;REOCIN;509;22;68;87;15;158;159;12;31;22;412;32;115;1;68;11;5;28;2;1;31;14;69
39061;RIBAMONTAN AL MAR;221;12;40;41;9;61;58;5;15;13;180;8;80;0;29;4;3;43;1;4;2;4;70
39062;RIBAMONTAN AL MONTE;109;7;12;30;2;31;27;3;12;4;80;10;76;0;34;2;1;39;0;1;1;11;63
39063;RIONANSA;53;1;8;16;2;13;13;3;1;8;40;1;19;0;4;0;0;15;0;0;0;0;19
39064;RIOTUERTO;108;5;15;24;4;30;30;5;4;8;86;5;11;0;6;0;0;5;0;0;2;0;9
39065;ROZAS DE VALDEARROYO, LAS;20;1;4;5;0;6;4;0;2;2;15;1;1;0;0;0;0;0;1;0;0;0;1
39066;RUENTE;41;1;9;11;3;10;7;3;1;3;32;2;32;0;12;3;0;15;2;1;0;0;31
39067;RUESGA;52;1;10;18;0;9;14;0;4;8;39;1;10;0;4;2;0;4;0;0;3;0;7
39068;RUILOBA;63;4;8;14;4;11;22;0;2;3;57;1;19;0;14;0;0;5;0;0;0;1;18
39069;SAN FELICES DE BUELNA;144;5;23;42;3;36;35;3;18;9;104;10;62;0;51;0;0;9;2;0;43;2;17
39070;SAN MIGUEL DE AGUAYO;7;0;2;5;0;0;0;0;2;0;5;0;3;0;2;0;0;1;0;0;0;0;3
39071;SAN PEDRO DEL ROMERAL;22;0;6;9;3;4;0;1;0;2;17;2;1;0;0;0;0;1;0;0;0;1;0
39072;SAN ROQUE DE RIOMIERA;39;4;10;8;6;5;6;6;0;1;27;5;6;0;2;0;0;4;0;0;0;1;5
39073;SANTA CRUZ DE BEZANA;589;14;102;105;21;171;176;4;44;30;469;42;337;3;104;15;7;207;1;1;64;15;257
39074;SANTA MARIA DE CAYON;529;28;88;104;31;163;115;13;55;30;372;59;367;7;186;2;3;165;4;1;284;8;74
39075;SANTANDER;11214;347;2039;2726;347;2467;3288;155;599;1016;8508;936;8237;129;3967;91;149;3794;107;14;973;232;7018
39076;SANTILLANA DEL MAR;236;13;34;39;12;66;72;3;11;14;194;14;152;0;39;0;1;112;0;0;1;1;150
39077;SANTIURDE DE REINOSA;12;0;2;4;1;3;2;0;1;1;10;0;5;0;4;1;0;0;0;5;0;0;0
39078;SANTIURDE DE TORANZO;89;3;15;20;2;18;31;1;7;4;73;4;9;0;5;1;0;3;0;0;2;0;7
39079;SANTOÑA;833;53;167;175;43;198;197;20;134;36;618;25;902;5;295;4;4;591;3;13;604;8;277
39080;SAN VICENTE DE LA BARQUERA;323;17;48;57;26;89;86;20;7;22;261;13;92;4;30;4;0;50;4;6;0;4;82
39081;SARO;33;1;6;9;1;8;8;2;4;1;25;1;1;0;1;0;0;0;0;0;0;0;1
39082;SELAYA;115;6;25;21;9;23;31;4;12;6;89;4;23;0;4;0;0;18;1;0;4;0;19
39083;SOBA;64;5;14;21;3;12;9;5;8;10;38;3;3;0;1;0;0;2;0;0;0;0;3
39084;SOLORZANO;68;8;15;14;0;15;16;7;5;6;47;3;6;0;4;0;0;2;0;1;0;0;5
39085;SUANCES;530;22;88;106;17;149;148;5;32;40;421;32;283;5;134;3;4;137;0;1;8;16;258
39086;TOJOS, LOS;20;0;2;9;2;4;3;1;0;2;16;1;17;0;9;0;0;6;2;0;0;0;17
39087;TORRELAVEGA;4076;189;741;863;173;950;1160;88;267;313;2861;547;1027;26;379;16;16;561;29;6;90;70;861
39088;TRESVISO;1;0;0;1;0;0;0;0;0;0;1;0;0;0;0;0;0;0;0;0;0;0;0
39089;TUDANCA;16;1;4;7;0;1;3;4;0;3;9;0;0;0;0;0;0;0;0;0;0;0;0
39090;UDIAS;52;0;11;13;2;16;10;2;2;3;45;0;2;0;1;0;0;1;0;0;0;0;2
39091;VALDALIGA;104;3;18;31;2;26;24;5;4;10;83;2;50;0;24;1;0;25;0;0;2;0;48
39092;VALDEOLEA;66;4;10;24;4;11;13;2;2;4;48;10;10;1;3;2;0;4;0;0;4;0;6
39093;VALDEPRADO DEL RIO;11;0;1;6;0;0;4;0;0;0;11;0;0;0;0;0;0;0;0;0;0;0;0
39094;VALDERREDIBLE;49;4;7;21;1;9;7;1;4;3;38;3;20;1;10;0;0;9;0;7;0;0;13
39095;VAL DE SAN VICENTE;203;10;29;50;9;44;61;17;9;15;154;8;90;0;40;4;2;44;0;13;9;4;64
39096;VEGA DE LIEBANA;34;2;7;11;1;5;8;0;3;0;30;1;12;0;10;0;1;1;0;2;0;0;10
39097;VEGA DE PAS;53;4;15;18;2;7;7;8;4;7;31;3;0;0;0;0;0;0;0;0;0;0;0
39098;VILLACARRIEDO;66;0;12;28;1;12;13;1;7;5;52;1;21;0;7;1;0;12;1;1;4;0;16
39099;VILLAESCUSA;207;14;33;56;11;43;50;2;23;18;149;15;43;0;17;5;0;20;1;0;13;3;27
39100;VILLAFUFRE;59;4;8;16;3;8;20;14;6;5;28;6;2;0;1;1;0;0;0;0;0;0;2
39101;VALLE DE VILLAVERDE;13;0;2;5;0;1;5;1;2;0;9;1;2;0;1;0;1;0;0;0;1;0;1
39102;VOTO;190;10;30;38;3;57;52;6;35;9;134;6;18;2;9;0;0;5;2;0;3;8;7
12001;ATZENETA DEL MAESTRAT;47;1;6;19;0;7;14;9;8;2;26;2;25;0;9;0;1;14;1;9;6;0;10
12002;AIN;2;0;0;0;0;2;0;0;0;0;2;0;13;1;3;0;0;9;0;2;0;3;8
12003;ALBOCASSER;51;3;10;14;0;12;12;2;6;5;35;3;17;0;6;2;0;8;1;0;2;3;12
12004;ALCALA DE XIVERT;418;11;62;85;25;110;125;19;32;24;325;18;253;8;173;2;2;64;4;62;56;17;118
12005;ALCORA, L';665;34;92;125;31;148;235;64;196;33;329;43;298;28;163;28;8;60;11;1;188;19;90
12006;ALCUDIA DE VEO;9;0;3;2;0;2;2;6;0;0;3;0;14;0;5;0;0;9;0;5;0;1;8
12007;ALFONDEGUILLA;42;5;11;8;2;10;6;2;4;6;28;2;20;0;12;0;0;8;0;7;0;0;13
12008;ALGIMIA DE ALMONACID;15;0;5;4;0;3;3;0;4;1;10;0;6;0;2;0;1;3;0;0;0;0;6
12009;ALMAZORA/ALMASSORA;1787;89;262;337;75;536;488;43;247;162;1195;140;875;91;461;40;48;216;19;197;170;70;438
12010;ALMEDIJAR;10;2;4;1;0;1;2;1;0;0;9;0;2;0;0;1;0;1;0;1;0;0;1
12011;ALMENARA;215;8;35;42;12;49;69;6;21;13;170;5;212;85;21;2;43;58;3;84;2;6;120
12012;ALTURA;224;15;33;38;13;50;75;14;36;18;145;11;31;0;15;0;1;15;0;11;10;1;9
12013;ARAÑUEL;11;0;4;3;0;0;4;0;0;0;11;0;1;0;0;0;0;1;0;0;0;0;1
12014;ARES DEL MAESTRE;8;0;2;2;0;2;2;0;0;1;7;0;2;0;1;0;0;1;0;1;0;0;1
12015;ARGELITA;10;1;4;4;0;1;0;4;0;2;4;0;0;0;0;0;0;0;0;0;0;0;0
12016;ARTANA;52;4;11;12;2;14;9;4;10;3;33;2;26;2;8;0;1;15;0;2;2;0;22
12017;AYODAR;7;0;3;1;0;1;2;1;3;0;3;0;1;0;1;0;0;0;0;0;0;1;0
12018;AZUEBAR;21;1;2;5;2;3;8;10;4;1;5;1;4;0;2;0;1;1;0;2;2;0;0
12020;BARRACAS;9;0;1;1;0;3;4;1;0;0;8;0;4;0;0;0;0;3;1;0;0;0;4
12021;BETXI;189;6;28;35;8;54;58;13;35;10;117;14;789;255;148;3;21;358;4;294;37;4;454
12022;BEJIS;21;2;4;4;0;2;9;6;1;1;12;1;6;0;2;1;0;2;1;0;3;0;3
12024;BENAFER;15;1;2;6;0;1;5;3;0;2;9;1;0;0;0;0;0;0;0;0;0;0;0
12025;BENAFIGOS;3;0;0;2;0;0;1;0;0;0;3;0;1;0;0;0;0;1;0;0;0;0;1
12026;BENASAL;48;0;8;13;2;16;9;5;8;5;24;6;12;0;6;1;0;4;1;0;5;1;6
12027;BENICARLO;1731;90;210;354;101;481;495;96;110;82;1369;74;775;88;323;21;37;296;10;265;62;28;420
12028;BENICASIM/BENICASSIM;869;23;121;225;29;173;298;11;86;46;694;32;561;12;260;5;19;260;5;0;8;40;513
12029;BENLLOCH;55;0;7;10;6;17;15;5;2;4;35;9;12;0;2;0;0;9;1;0;2;0;10
12031;BORRIOL;340;12;48;74;10;83;113;9;62;20;220;29;51;2;27;2;4;12;4;0;12;9;30
12032;BURRIANA;2171;105;266;439;87;622;652;101;210;171;1448;241;834;43;344;15;32;386;14;121;116;60;537
12033;CABANES;178;13;28;48;6;45;38;12;32;13;99;22;120;4;65;3;1;45;2;13;33;3;71
12034;CALIG;88;4;13;23;3;20;25;6;13;8;59;2;143;82;13;1;38;8;1;129;2;2;10
12036;CANET LO ROIG;35;1;6;15;0;2;11;0;10;1;23;1;4;0;3;0;0;1;0;0;4;0;0
12037;CASTELL DE CABRES;1;0;1;0;0;0;0;0;0;0;1;0;1;0;1;0;0;0;0;0;0;0;1
12038;CASTELLFORT;10;2;1;4;0;3;0;1;5;0;4;0;0;0;0;0;0;0;0;0;0;0;0
12039;CASTELLNOVO;55;1;12;13;4;8;17;1;6;2;43;3;10;0;5;1;0;4;0;1;0;1;8
12040;CASTELLON DE LA PLANA/CASTELLÓ DE LA PLA;13881;693;1924;2838;765;3387;4274;339;1388;1194;9323;1637;6811;211;3371;190;266;2611;162;1406;266;446;4693
12041;CASTILLO DE VILLAMALEFA;7;1;3;1;0;0;2;1;1;1;4;0;0;0;0;0;0;0;0;0;0;0;0
12042;CATI;9;2;1;1;0;4;1;1;1;0;7;0;10;0;5;1;1;2;1;2;3;1;4
12043;CAUDIEL;48;4;7;11;3;11;12;6;3;1;34;4;14;0;8;0;0;6;0;6;1;0;7
12044;CERVERA DEL MAESTRE;32;2;1;14;0;5;10;2;1;4;25;0;2;0;0;0;0;2;0;1;0;0;1
12045;CINCTORRES;12;1;1;3;1;1;5;0;3;1;8;0;8;0;7;0;0;1;0;8;0;0;0
12046;CIRAT;9;0;2;2;0;2;3;0;0;1;7;1;0;0;0;0;0;0;0;0;0;0;0
12048;CORTES DE ARENOSO;13;0;2;4;1;2;4;2;4;0;7;0;9;0;7;0;0;2;0;5;1;1;2
12049;COSTUR;29;2;3;7;1;7;9;2;14;0;11;2;6;0;3;0;0;3;0;4;0;0;2
12050;COVES DE VINROMA, LES;91;10;11;20;2;27;21;6;11;11;48;15;16;2;8;0;1;5;0;2;0;1;13
12051;CULLA;13;0;1;6;0;4;2;0;2;1;10;0;7;0;1;0;0;6;0;1;0;0;6
12052;CHERT/XERT;17;0;4;2;1;5;5;0;8;0;9;0;12;1;7;0;0;4;0;2;0;2;8
12053;CHILCHES/XILXES;119;8;21;28;7;24;31;4;10;5;95;5;339;45;123;2;18;151;0;99;19;3;218
12055;CHODOS/XODOS;3;2;1;0;0;0;0;0;0;1;2;0;1;0;0;0;0;1;0;0;0;0;1
12056;CHOVAR;18;0;4;5;1;2;6;1;2;1;14;0;29;0;17;1;2;9;0;10;11;0;8
12057;ESLIDA;26;4;4;7;2;3;6;1;2;2;20;1;2;0;1;0;0;1;0;0;0;0;2
12058;ESPADILLA;3;0;0;1;0;1;1;1;0;0;2;0;0;0;0;0;0;0;0;0;0;0;0
12059;FANZARA;10;0;2;3;0;2;3;2;1;0;7;0;9;0;5;0;0;4;0;6;0;0;3
12060;FIGUEROLES;51;5;3;13;1;9;20;2;12;4;30;3;32;1;19;5;1;6;0;0;14;0;18
12061;FORCALL;15;0;1;4;0;4;6;0;2;1;11;1;3;0;1;0;0;0;2;0;1;0;2
12063;FUENTE LA REINA;2;0;0;1;0;1;0;2;0;0;0;0;0;0;0;0;0;0;0;0;0;0;0
12064;FUENTES DE AYODAR;3;0;0;1;1;0;1;0;1;0;2;0;0;0;0;0;0;0;0;0;0;0;0
12065;GAIBIEL;7;0;1;4;0;0;2;1;1;1;4;0;8;0;6;0;0;2;0;0;0;0;8
12067;GELDO;49;4;5;7;0;10;23;1;11;2;32;3;5;0;2;0;1;2;0;0;2;0;3
12068;HERBES;0;0;0;0;0;0;0;0;0;0;0;0;0;0;0;0;0;0;0;0;0;0;0
12069;HIGUERAS;2;0;1;1;0;0;0;1;0;0;1;0;0;0;0;0;0;0;0;0;0;0;0
12070;JANA, LA;34;1;3;9;4;8;9;8;3;0;21;2;4;0;2;0;0;2;0;3;0;0;1
12071;JERICA;100;10;15;27;3;22;23;12;8;6;70;4;58;1;21;0;0;36;0;0;0;0;58
12072;LUCENA DEL CID;69;3;7;22;1;13;23;5;16;0;44;4;8;0;2;0;1;4;1;1;4;0;3
12073;LUDIENTE;9;0;1;4;0;3;1;0;2;2;5;0;3;0;3;0;0;0;0;0;0;0;3
12074;LLOSA, LA;38;4;4;3;5;13;9;2;2;3;30;1;55;32;8;2;8;4;1;40;0;2;13
12075;MATA DE MORELLA, LA;5;0;2;0;1;1;1;0;2;0;3;0;6;0;2;1;0;3;0;0;2;1;3
12076;MATET;10;0;1;4;0;3;2;0;2;1;7;0;2;0;2;0;0;0;0;0;2;0;0
12077;MONCOFA;347;18;55;85;7;80;102;11;42;19;264;11;146;14;34;14;13;68;3;22;2;2;120
12078;MONTAN;10;3;1;1;4;0;1;1;2;0;7;0;6;0;3;0;0;3;0;0;0;1;5
12079;MONTANEJOS;19;2;5;7;0;2;3;0;1;1;17;0;24;0;16;0;0;5;3;0;0;1;23
12080;MORELLA;62;6;12;11;1;14;18;4;3;4;51;0;47;2;15;1;2;24;3;1;7;3;36
12081;NAVAJAS;51;0;9;13;3;12;14;2;4;1;42;2;7;0;4;0;0;2;1;0;0;0;7
12082;NULES;526;27;55;103;41;165;135;23;81;23;353;46;347;39;132;11;35;122;8;81;77;9;180
12083;OLOCAU DEL REY;3;0;0;0;0;3;0;0;0;0;3;0;1;0;0;0;0;1;0;0;0;0;1
12084;ONDA;1697;91;242;333;86;429;516;35;327;113;1111;111;990;52;485;48;17;352;36;102;297;37;554
12085;OROPESA DEL MAR/ORPESA;771;22;112;192;40;190;215;16;29;46;639;41;273;27;146;3;41;51;5;0;0;84;189
12087;PALANQUES;4;1;0;0;0;0;3;0;0;0;4;0;0;0;0;0;0;0;0;0;0;0;0
12088;PAVIAS;1;1;0;0;0;0;0;1;0;0;0;0;2;0;1;0;0;1;0;1;0;0;1
12089;PEÑÍSCOLA;487;25;72;92;22;143;133;9;12;21;439;6;246;4;137;5;3;93;4;2;5;22;217
12090;PINA DE MONTALGRAO;2;0;0;0;0;1;1;1;0;0;1;0;12;0;8;0;0;4;0;7;0;0;5
12091;PORTELL DE MORELLA;6;0;1;0;0;0;5;0;0;0;6;0;4;0;0;0;0;3;1;0;1;0;3
12092;PUEBLA DE ARENOSO;8;0;2;2;0;1;3;0;0;0;8;0;0;0;0;0;0;0;0;0;0;0;0
12093;POBLA DE BENIFASSA, LA;13;0;3;4;0;2;4;5;1;2;5;0;3;0;1;0;0;2;0;0;0;0;3
12094;POBLA TORNESA, LA;57;3;8;16;0;15;15;1;12;5;37;2;43;2;32;1;0;7;1;0;27;3;13
12095;RIBESALBES;80;3;8;16;3;15;35;9;22;2;43;4;21;4;13;0;2;2;0;0;11;1;9
12096;ROSSELL;64;4;9;16;2;7;26;3;18;4;36;3;16;0;12;1;0;3;0;3;10;1;2
12097;SACAÑET;1;0;0;0;0;0;1;0;0;0;1;0;2;0;2;0;0;0;0;0;0;0;2
12098;SALZADELLA, LA;36;2;4;12;2;10;6;2;8;4;20;2;8;0;7;0;0;1;0;0;0;1;7
12099;SANT JORDI/SAN JORGE;49;1;9;10;1;12;16;3;3;2;40;1;14;0;2;3;0;7;2;2;1;1;10
12100;SANT MATEU;83;4;12;18;7;22;20;13;7;4;58;1;25;1;13;0;0;11;0;2;3;0;20
12101;SAN RAFAEL DEL RIO;32;0;5;12;1;6;8;6;5;1;20;0;4;0;2;0;0;2;0;2;1;0;1
12102;SANTA MAGDALENA DE PULPIS;47;6;6;6;3;13;13;7;0;3;32;5;6;0;4;0;0;2;0;1;0;1;4
12103;SARRATELLA;3;0;1;0;0;0;2;0;0;0;3;0;4;0;1;1;0;2;0;0;0;1;3
12104;SEGORBE;502;18;71;93;27;134;159;21;67;21;362;31;187;5;87;7;3;82;3;12;69;7;99
12105;SIERRA ENGARCERAN;34;0;6;10;2;6;10;3;9;2;18;2;52;0;22;2;4;24;0;0;0;0;52
12106;SONEJA;83;4;6;18;11;16;28;3;9;1;66;4;20;6;14;0;0;0;0;0;13;0;7
12107;SOT DE FERRER;16;1;2;2;2;3;6;4;1;0;9;2;59;3;42;0;2;12;0;55;0;0;4
12108;SUERAS/SUERA;25;1;1;7;2;4;10;8;1;1;14;1;1;0;1;0;0;0;0;0;0;0;1
12109;TALES;57;4;9;10;1;11;22;5;14;3;32;3;7;0;2;0;0;5;0;1;0;0;6
12110;TERESA;16;2;3;7;0;2;2;7;2;1;5;1;1;0;0;0;0;1;0;0;1;0;0
12111;TIRIG;10;0;0;5;0;3;2;2;2;0;6;0;2;0;1;0;0;1;0;1;0;0;1
12112;TODOLELLA;5;0;1;1;0;2;1;0;1;1;3;0;5;1;3;0;0;1;0;2;0;2;1
12113;TOGA;5;0;2;0;0;1;2;0;0;0;5;0;2;0;0;0;0;2;0;0;0;0;2
12114;TORAS;24;2;4;7;2;4;5;7;0;0;16;1;1;0;1;0;0;0;0;0;1;0;0
12115;TORO, EL;10;0;1;2;0;5;2;0;1;0;9;0;12;0;5;3;0;4;0;1;0;0;11
12116;TORRALBA DEL PINAR;1;0;0;0;0;0;1;1;0;0;0;0;0;0;0;0;0;0;0;0;0;0;0
12117;TORREBLANCA;388;13;55;86;17;96;121;26;21;44;283;14;149;8;51;1;16;71;2;44;0;1;104
12118;TORRECHIVA;9;0;2;3;0;2;2;3;0;0;6;0;2;0;1;0;0;1;0;0;0;0;2
12119;TORRE D'EN BESORA, LA;1;0;1;0;0;0;0;0;0;1;0;0;3;0;3;0;0;0;0;1;0;0;2
12120;TORRE D'EN DOMÉNEC, LA;3;0;1;0;0;0;2;1;1;0;1;0;0;0;0;0;0;0;0;0;0;0;0
12121;TRAIGUERA;48;1;5;11;1;13;17;7;4;2;33;2;50;3;26;2;0;18;1;33;8;1;8
12122;USERAS/USERES, LES;64;4;12;17;2;9;20;3;13;5;38;5;7;0;2;0;0;4;1;1;0;0;6
12123;VALLAT;1;0;0;0;0;0;1;0;0;0;1;0;3;0;1;0;0;2;0;2;0;0;1
12124;VALL D'ALBA;151;2;26;44;4;35;40;11;23;7;98;12;71;3;36;1;1;28;2;2;25;0;44
12125;VALL DE ALMONACID;30;2;3;12;2;6;5;11;4;3;11;1;1;0;0;0;0;1;0;0;0;0;1
12126;VALL D'UIXO, LA;2126;149;301;452;102;483;639;97;317;181;1384;147;928;190;408;22;12;282;14;222;166;49;491
12127;VALLIBONA;2;0;0;0;0;2;0;0;0;0;2;0;2;0;1;0;0;1;0;0;0;0;2
12128;VILAFAMES;92;3;10;25;3;20;31;8;27;8;48;1;50;0;27;12;0;11;0;0;40;0;10
12129;VILLAFRANCA DEL CID / VILAFRANCA;130;5;11;29;4;23;58;7;65;5;46;7;24;2;4;0;0;18;0;2;1;1;20
12130;VILLAHERMOSA DEL RIO;16;1;1;5;0;3;6;3;4;0;8;1;10;0;2;0;0;7;1;4;0;0;6
12131;VILLAMALUR;1;0;0;0;0;0;1;0;1;0;0;0;0;0;0;0;0;0;0;0;0;0;0
12132;VILANOVA D'ALCOLEA;25;2;8;2;0;4;9;4;5;0;16;0;6;0;3;0;0;3;0;0;0;0;6
12133;VILLANUEVA DE VIVER;2;0;0;2;0;0;0;0;0;0;2;0;1;0;1;0;0;0;0;0;0;0;1
12134;VILAR DE CANES;3;0;0;0;1;1;1;0;0;0;3;0;1;0;1;0;0;0;0;1;0;0;0
12135;VILLAREAL/VILA-REAL;3323;149;423;675;142;882;1052;91;539;210;2131;352;1581;137;707;54;54;587;42;443;188;58;892
12136;VILAVELLA, LA;73;8;11;14;3;25;12;2;8;7;53;3;228;1;150;27;1;46;3;158;0;1;69
12137;VILLORES;0;0;0;0;0;0;0;0;0;0;0;0;1;0;0;0;0;1;0;0;0;0;1
12138;VINAROS;2136;121;254;455;93;565;648;117;155;144;1650;70;873;98;408;24;38;276;29;399;44;38;392
12139;VISTABELLA DEL MAESTRAZGO;28;3;5;5;2;4;9;10;3;3;10;2;7;0;5;0;0;2;0;7;0;0;0
12140;VIVER;74;3;7;27;3;13;21;9;3;4;57;1;18;1;10;0;0;6;1;3;0;3;12
12141;ZORITA DEL MAESTRAZGO;3;0;0;1;0;1;1;1;0;0;2;0;5;0;2;1;0;2;0;4;1;0;0
12142;ZUCAINA;8;0;0;2;1;2;3;0;1;0;7;0;1;0;1;0;0;0;0;1;0;0;0
12901;ALQUERIAS DEL NIÑO PERDIDO;151;4;26;30;5;43;43;3;18;9;114;7;905;108;478;3;42;271;3;538;20;1;346
12902;SANT JOAN DE MORO;218;9;29;32;11;69;68;4;53;6;142;13;70;1;35;9;1;21;3;7;43;1;19
51001;CEUTA;11869;688;2098;2021;804;3466;2792;76;444;467;8777;2105;1469;40;561;33;37;774;24;6;31;88;1344
13001;ABENOJAR;166;6;15;31;16;31;67;14;3;11;130;8;44;1;20;1;0;22;0;19;0;1;24
13002;AGUDO;164;15;24;32;10;37;46;12;4;8;132;8;54;0;34;0;0;20;0;1;5;2;46
13003;ALAMILLO;38;2;6;9;0;5;16;4;5;2;26;1;13;0;6;0;0;7;0;2;3;1;7
13004;ALBALADEJO;138;3;13;38;3;18;63;22;44;5;64;3;62;0;48;0;0;14;0;41;11;4;6
13005;ALCÁZAR DE SAN JUAN;2637;120;435;427;124;668;863;194;264;518;1452;209;908;13;437;28;15;390;25;101;87;51;669
13006;ALCOBA;39;2;7;4;2;11;13;2;0;2;31;4;33;0;23;0;0;10;0;22;0;1;10
13007;ALCOLEA DE CALATRAVA;140;6;29;30;10;30;35;7;8;18;100;7;7;0;5;0;0;2;0;2;0;2;3
13008;ALCUBILLAS;40;0;2;6;4;8;20;4;4;1;27;4;26;0;21;0;0;5;0;22;0;1;3
13009;ALDEA DEL REY;161;6;17;22;9;57;50;19;4;42;85;11;27;1;22;0;0;4;0;14;0;5;8
13010;ALHAMBRA;133;4;9;21;7;26;66;27;13;3;90;0;115;2;76;2;0;35;0;94;1;1;19
13011;ALMADEN;652;31;85;144;42;158;192;27;36;52;478;59;130;1;46;3;0;78;2;8;2;4;116
13012;ALMADENEJOS;39;0;1;8;5;9;16;2;0;1;32;4;3;0;2;0;0;1;0;2;0;0;1
13013;ALMAGRO;861;37;115;149;50;254;256;83;99;25;597;57;286;0;134;8;3;138;3;38;14;15;219
13014;ALMEDINA;43;0;5;5;3;10;20;11;1;1;27;3;17;0;14;0;0;3;0;11;3;0;3
13015;ALMODOVAR DEL CAMPO;473;11;67;104;25;114;152;15;40;102;272;44;283;0;247;3;0;33;0;206;33;4;40
13016;ALMURADIEL;72;6;9;12;3;18;24;4;2;3;61;2;23;0;11;1;0;9;2;7;0;0;16
13017;ANCHURAS;15;0;1;2;0;4;8;2;0;1;12;0;15;0;8;0;0;7;0;5;0;0;10
13018;ARENAS DE SAN JUAN;137;4;21;27;4;37;44;35;8;10;81;3;42;0;30;0;0;11;1;22;0;2;18
13019;ARGAMASILLA DE ALBA;815;40;109;133;35;209;289;185;49;36;494;51;334;4;199;7;0;121;3;182;8;3;141
13020;ARGAMASILLA DE CALATRAVA;535;14;74;105;15;165;162;16;42;43;407;27;140;5;79;1;0;55;0;5;4;36;95
13021;ARROBA DE LOS MONTES;50;4;8;8;6;7;17;6;0;3;35;6;6;0;5;0;0;1;0;3;0;0;3
13022;BALLESTEROS DE CALATRAVA;58;3;9;16;4;12;14;8;2;5;41;2;4;0;3;0;0;1;0;0;0;0;4
13023;BOLAÑOS DE CALATRAVA;980;49;104;119;70;293;345;129;119;36;618;78;561;8;345;9;1;195;3;268;53;14;226
13024;BRAZATORTAS;95;5;6;16;7;24;37;5;5;6;66;13;129;1;106;0;0;20;2;93;1;4;31
13025;CABEZARADOS;39;1;2;9;1;9;17;3;4;4;25;3;35;0;33;0;0;2;0;30;1;0;4
13026;CABEZARRUBIAS DEL PUERTO;34;4;6;8;0;11;5;2;2;4;24;2;1;0;1;0;0;0;0;0;0;1;0
13027;CALZADA DE CALATRAVA;441;16;54;74;24;111;162;30;16;33;311;51;119;0;100;0;1;18;0;59;9;34;17
13028;CAMPO DE CRIPTANA;1109;68;116;152;57;322;394;158;84;94;679;94;343;4;228;18;4;85;4;145;18;38;142
13029;CAÑADA DE CALATRAVA;2;0;0;1;0;0;1;0;0;0;2;0;0;0;0;0;0;0;0;0;0;0;0
13030;CARACUEL DE CALATRAVA;9;0;1;3;0;4;1;2;1;1;5;0;0;0;0;0;0;0;0;0;0;0;0
13031;CARRION DE CALATRAVA;324;18;46;52;17;97;94;41;18;42;203;20;97;0;52;1;0;42;2;4;1;3;89
13032;CARRIZOSA;134;2;13;33;6;20;60;24;27;37;43;3;43;0;27;1;0;14;1;27;10;0;6
13033;CASTELLAR DE SANTIAGO;145;2;11;21;5;42;64;25;4;7;103;6;77;0;53;0;1;23;0;43;7;2;25
13034;CIUDAD REAL;6558;365;1146;1162;359;1798;1728;270;258;325;4924;781;2264;39;1007;48;38;1095;37;114;216;106;1828
13035;CORRAL DE CALATRAVA;107;1;14;15;7;31;39;9;11;4;76;7;17;0;9;0;0;8;0;0;1;3;13
13036;CORTIJOS, LOS;87;6;13;16;4;28;20;8;3;12;59;5;9;1;3;0;0;5;0;1;0;1;7
13037;COZAR;95;4;6;21;4;15;45;23;4;1;64;3;49;1;37;0;0;11;0;38;1;2;8
13038;CHILLON;157;7;18;34;10;43;45;10;19;19;104;5;24;1;18;0;0;5;0;2;3;10;9
13039;DAIMIEL;2065;103;248;354;102;517;741;165;133;223;1362;182;824;5;459;14;2;335;9;100;158;46;520
13040;FERNAN CABALLERO;87;9;16;17;2;18;25;9;0;3;70;5;30;1;12;1;0;16;0;9;1;0;20
13041;FONTANAREJO;30;2;4;9;0;5;10;6;1;1;22;0;0;0;0;0;0;0;0;0;0;0;0
13042;FUENCALIENTE;128;3;15;30;9;29;42;23;6;6;85;8;89;0;77;0;3;9;0;70;4;1;14
13043;FUENLLANA;9;0;0;0;0;3;6;0;0;0;9;0;7;0;6;0;0;1;0;5;0;0;2
13044;FUENTE EL FRESNO;408;18;37;54;28;109;162;97;22;32;228;29;67;0;49;1;0;17;0;31;3;19;14
13045;GRANATULA DE CALATRAVA;97;7;9;21;4;22;34;15;3;1;73;5;58;1;36;0;0;21;0;31;0;0;27
13046;GUADALMEZ;91;1;4;21;5;25;35;6;0;11;66;8;31;0;27;0;1;3;0;17;3;0;11
13047;HERENCIA;863;56;99;128;53;276;251;196;138;75;391;63;230;9;157;5;0;57;2;77;68;21;64
13048;HINOJOSAS DE CALATRAVA;57;0;10;14;4;9;20;1;1;7;47;1;6;0;5;0;0;1;0;1;0;0;5
13049;HORCAJO DE LOS MONTES;95;6;6;26;2;13;42;10;7;6;65;7;14;0;11;3;0;0;0;3;0;2;9
13050;LABORES, LAS;72;1;5;21;2;17;26;28;1;8;35;0;31;0;10;0;0;21;0;13;1;0;17
13051;LUCIANA;44;5;7;9;1;10;12;4;2;1;35;2;3;0;2;0;0;1;0;0;0;0;3
13052;MALAGON;825;41;101;152;43;246;242;122;91;56;499;57;214;2;99;11;1;96;5;47;59;4;104
13053;MANZANARES;1533;91;235;238;94;455;420;152;141;43;1084;113;453;13;209;15;29;165;22;51;99;17;286
13054;MEMBRILLA;296;9;31;58;18;97;83;55;28;9;191;13;144;1;106;4;2;31;0;83;7;11;43
13055;MESTANZA;71;2;11;16;4;14;24;6;1;10;51;3;5;0;4;0;0;1;0;0;1;0;4
13056;MIGUELTURRA;1441;81;223;228;66;452;391;72;68;78;1080;143;151;4;80;4;3;57;3;13;6;7;125
13057;MONTIEL;157;2;15;40;7;17;76;21;20;11;98;7;58;0;40;1;0;17;0;20;0;10;28
13058;MORAL DE CALATRAVA;505;18;57;64;33;162;171;120;38;30;271;46;232;2;144;3;0;77;6;109;17;29;77
13059;NAVALPINO;27;0;3;10;0;4;10;2;0;2;22;1;26;0;19;0;0;7;0;19;0;1;6
13060;NAVAS DE ESTENA;17;0;1;4;0;2;10;5;0;1;9;2;0;0;0;0;0;0;0;0;0;0;0
13061;PEDRO MUÑOZ;806;50;122;157;32;237;208;202;165;29;351;59;178;10;98;3;2;61;4;63;68;13;34
13062;PICON;72;1;13;8;7;23;20;16;2;1;48;5;49;0;37;1;0;9;2;36;0;4;9
13063;PIEDRABUENA;588;40;66;118;52;168;144;50;24;56;417;41;184;2;111;2;0;67;2;43;7;11;123
13064;POBLETE;199;8;29;32;6;70;54;13;7;10;163;6;113;2;87;4;2;13;5;7;6;60;40
13065;PORZUNA;444;25;54;81;40;136;108;44;18;53;299;30;59;0;31;1;0;25;2;5;2;6;46
13066;POZUELO DE CALATRAVA;397;18;47;60;21;116;135;34;29;42;259;33;109;0;69;5;0;33;2;54;11;2;42
13067;POZUELOS DE CALATRAVA, LOS;52;4;6;7;1;14;20;5;0;2;41;4;2;0;2;0;0;0;0;0;0;0;2
13068;PUEBLA DE DON RODRIGO;108;4;10;23;8;28;35;24;3;10;64;7;30;0;26;0;0;4;0;19;0;0;11
13069;PUEBLA DEL PRINCIPE;77;1;11;21;2;11;31;22;4;5;45;1;9;0;7;0;1;1;0;3;0;1;5
13070;PUERTO LAPICE;83;3;8;17;5;23;27;13;6;2;58;4;97;1;25;1;0;69;1;13;4;0;80
13071;PUERTOLLANO;5313;256;790;925;314;1472;1556;92;421;492;3689;619;1111;23;744;28;23;284;9;23;441;214;433
13072;RETUERTA DEL BULLAQUE;80;3;11;15;7;21;23;20;2;3;51;4;92;1;72;2;0;17;0;78;0;0;14
13073;SACERUELA;65;1;4;21;1;8;30;12;2;3;46;2;4;0;4;0;0;0;0;4;0;0;0
13074;SAN CARLOS DEL VALLE;89;1;8;13;8;29;30;27;6;4;52;0;25;0;21;0;0;4;0;18;2;2;3
13075;SAN LORENZO DE CALATRAVA;12;0;1;4;0;4;3;3;0;1;8;0;2;0;2;0;0;0;0;2;0;0;0
13076;SANTA CRUZ DE LOS CAÑAMOS;84;1;9;21;2;18;33;23;6;3;48;4;14;0;13;0;0;1;0;8;2;0;4
13077;SANTA CRUZ DE MUDELA;360;21;47;78;15;82;117;40;36;9;252;23;242;6;145;2;2;85;2;7;32;2;201
13078;SOCUELLAMOS;993;36;143;181;45;268;320;206;129;66;522;70;385;6;260;7;3;102;7;250;28;24;83
13079;SOLANA, LA;1554;61;148;209;95;453;588;278;220;67;930;59;514;5;352;8;3;141;5;318;26;24;146
13080;SOLANA DEL PINO;38;2;7;6;1;7;15;3;2;7;25;1;1;0;1;0;0;0;0;0;0;1;0
13081;TERRINCHES;95;4;8;21;4;17;41;22;5;2;63;3;30;0;28;0;0;2;0;19;2;4;5
13082;TOMELLOSO;4006;230;467;624;264;1157;1264;781;399;297;2218;311;1221;26;721;58;18;375;23;511;108;119;483
13083;TORRALBA DE CALATRAVA;257;13;38;53;16;67;70;26;18;20;177;16;77;2;56;4;1;11;3;24;11;3;39
13084;TORRE DE JUAN ABAD;85;2;10;19;6;26;22;18;4;2;61;0;48;0;39;0;0;5;4;38;4;1;5
13085;TORRENUEVA;231;3;20;38;15;71;84;22;32;9;150;18;207;0;129;10;1;67;0;86;15;6;100
13086;VALDEMANCO DEL ESTERAS;20;0;2;12;0;0;6;1;1;3;15;0;1;0;1;0;0;0;0;0;0;0;1
13087;VALDEPEÑAS;2780;109;341;457;112;820;941;287;291;90;1835;277;800;34;435;28;14;269;20;162;82;61;495
13088;VALENZUELA DE CALATRAVA;86;0;6;16;4;21;39;8;3;2;67;6;9;0;8;0;0;1;0;5;0;2;2
13089;VILLAHERMOSA;133;8;13;31;7;19;55;23;8;24;76;2;17;0;7;2;0;8;0;1;0;4;12
13090;VILLAMANRIQUE;140;2;9;26;5;29;69;29;19;5;83;4;105;0;94;1;0;10;0;92;1;4;8
13091;VILLAMAYOR DE CALATRAVA;52;0;6;16;2;18;10;5;0;3;44;0;25;0;21;0;0;3;1;1;20;0;4
13092;VILLANUEVA DE LA FUENTE;241;5;32;50;4;56;94;37;39;47;110;8;32;1;22;0;0;9;0;8;8;2;14
13093;VILLANUEVA DE LOS INFANTES;406;13;47;94;17;96;139;76;32;21;250;27;147;1;113;0;0;33;0;99;4;8;36
13094;VILLANUEVA DE SAN CARLOS;21;2;1;4;1;3;10;1;0;5;15;0;22;0;5;0;0;17;0;0;0;0;22
13095;VILLAR DEL POZO;3;0;1;1;0;1;0;0;0;1;2;0;3;0;3;0;0;0;0;2;0;0;1
13096;VILLARRUBIA DE LOS OJOS;1073;41;143;191;36;331;331;259;65;132;554;63;335;1;212;3;2;116;1;155;11;20;149
13097;VILLARTA DE SAN JUAN;255;10;35;43;7;65;95;83;25;11;130;6;63;0;44;1;0;18;0;40;10;0;13
13098;VISO DEL MARQUES;185;7;25;25;5;46;77;13;9;6;148;9;202;3;185;2;0;12;0;41;4;0;157
13901;ROBLEDO, EL;100;2;12;22;10;25;29;6;3;15;69;7;15;1;5;0;0;8;1;2;2;0;11
13902;RUIDERA;86;2;5;19;3;22;35;10;3;2;69;2;28;0;10;0;0;18;0;1;0;3;24
13903;ARENALES DE SAN GREGORIO;43;2;0;14;1;9;17;13;3;1;24;2;3;0;2;0;0;1;0;1;0;1;1
13904;LLANOS DEL CAUDILLO;69;2;13;10;1;27;16;34;2;2;29;2;62;0;50;0;0;12;0;54;0;7;1
14001;ADAMUZ;197;7;28;50;13;68;31;46;7;27;101;16;882;4;616;2;0;258;2;818;10;3;51
14002;AGUILAR DE LA FRONTERA;783;56;146;182;69;230;100;132;44;89;451;67;1599;7;1013;0;4;574;1;1311;15;58;215
14003;ALCARACEJOS;154;10;21;34;4;38;47;7;7;27;108;5;50;0;33;2;0;15;0;18;0;8;24
14004;ALMEDINILLA;123;9;12;33;9;39;21;18;13;7;74;11;363;0;276;0;1;83;3;248;30;14;71
14005;ALMODOVAR DEL RIO;873;47;130;203;49;251;193;143;34;80;560;56;512;9;250;2;5;244;2;249;4;7;252
14006;AÑORA;157;8;13;19;7;55;55;7;6;32;102;10;46;1;25;1;1;18;0;9;5;12;20
14007;BAENA;1251;51;167;244;100;405;284;220;90;95;741;105;2166;6;1489;8;9;649;5;1702;39;154;271
14008;BELALCAZAR;326;22;43;59;18;77;107;14;18;36;233;25;163;0;76;1;0;86;0;59;3;15;86
14009;BELMEZ;391;15;64;75;23;103;111;18;23;98;221;31;63;0;43;0;0;20;0;24;4;13;22
14010;BENAMEJI;237;18;34;44;27;82;32;42;23;19;131;22;241;5;152;1;1;81;1;181;16;10;34
14011;BLAZQUEZ, LOS;84;5;7;15;5;19;33;6;2;11;60;5;15;0;6;0;0;9;0;6;1;2;6
14012;BUJALANCE;490;39;69;114;44;133;91;167;22;62;188;51;553;3;392;2;0;156;0;482;10;19;42
14013;CABRA;1501;71;252;294;94;404;386;199;146;88;918;150;1230;9;771;5;8;436;1;859;29;58;284
14014;CAÑETE DE LAS TORRES;121;9;29;17;5;33;28;28;3;15;61;14;607;9;454;2;1;141;0;542;8;23;34
14015;CARCABUEY;131;3;11;28;4;49;36;20;10;3;90;8;428;2;323;0;2;100;1;355;15;9;49
14016;CARDEÑA;115;11;16;29;7;20;32;23;3;10;72;7;113;0;88;0;0;25;0;81;3;5;24
14017;CARLOTA, LA;999;41;186;195;58;293;226;162;55;97;629;56;1309;3;652;3;1;646;4;470;90;65;684
14018;CARPIO, EL;414;17;65;92;17;115;108;53;44;39;254;24;180;1;108;1;0;70;0;71;27;15;67
14019;CASTRO DEL RIO;408;29;53;78;38;132;78;88;21;41;209;49;1096;1;807;5;1;281;1;923;20;55;98
14020;CONQUISTA;24;0;2;1;1;11;9;1;0;1;21;1;14;0;12;0;0;2;0;11;0;1;2
14021;CORDOBA;33963;1308;5334;7079;1315;8341;10586;1548;2650;2443;23395;3927;14049;161;7507;205;248;5765;163;2603;803;911;9732
14022;DOÑA MENCIA;248;15;39;52;25;81;36;48;28;22;122;28;254;0;144;1;2;107;0;151;2;18;83
14023;DOS TORRES;227;7;19;40;11;64;86;15;16;30;159;7;86;0;37;0;0;48;1;12;5;37;32
14024;ENCINAS REALES;163;15;26;32;13;44;33;22;19;21;87;14;69;0;42;0;0;27;0;27;4;13;25
14025;ESPEJO;114;9;10;29;13;37;16;17;2;12;69;14;374;0;266;0;0;108;0;319;1;39;15
14026;ESPIEL;222;8;28;41;8;52;85;20;26;46;118;12;172;0;129;1;0;40;2;52;72;4;44
14027;FERNAN-NUÑEZ;745;35;133;169;36;255;117;77;42;84;470;72;374;1;264;3;1;101;4;234;4;31;105
14028;FUENTE LA LANCHA;59;4;9;8;3;13;22;1;1;28;29;0;9;0;5;0;0;4;0;2;0;7;0
14029;FUENTE OBEJUNA;663;38;79;132;25;166;223;52;43;59;457;52;133;0;99;0;1;33;0;79;2;10;42
14030;FUENTE PALMERA;619;35;88;141;50;202;103;143;59;75;297;45;1422;7;930;5;3;472;5;1140;34;112;136
14031;FUENTE-TOJAR;33;5;3;5;3;9;8;3;6;0;20;4;47;0;27;0;0;20;0;32;3;0;12
14032;GRANJUELA, LA;74;3;8;10;4;16;33;0;0;36;37;1;13;0;9;0;0;4;0;8;0;5;0
14033;GUADALCAZAR;116;4;22;19;10;43;18;7;6;10;89;4;105;5;57;0;0;41;2;74;8;8;15
14034;GUIJO, EL;22;5;4;5;0;4;4;2;0;2;18;0;22;0;10;0;0;12;0;0;0;0;22
14035;HINOJOSA DEL DUQUE;822;28;93;127;32;210;332;44;43;100;563;72;113;1;66;1;1;44;0;22;5;41;45
14036;HORNACHUELOS;303;18;49;74;20;82;60;63;15;122;93;10;852;2;596;3;0;251;0;750;7;31;64
14037;IZNAJAR;173;11;37;41;9;52;23;32;12;11;111;7;221;1;160;0;1;59;0;142;7;31;41
14038;LUCENA;4205;232;635;752;222;1299;1065;428;899;196;2306;376;1946;21;1142;35;23;706;19;1091;149;103;603
14039;LUQUE;160;11;13;45;12;47;32;23;12;13;107;5;372;1;275;0;0;96;0;342;12;3;15
14040;MONTALBAN DE CORDOBA;137;15;32;24;11;37;18;35;14;6;66;16;579;1;396;1;1;180;0;537;16;2;24
14041;MONTEMAYOR;237;16;47;53;16;77;28;41;20;31;125;20;264;0;153;0;1;110;0;177;5;16;66
14042;MONTILLA;1853;80;233;322;87;512;619;225;225;114;1117;172;1101;12;608;6;4;463;8;651;48;44;358
14043;MONTORO;706;24;109;171;53;181;168;136;61;90;370;49;1432;1;857;2;0;571;1;1043;22;35;332
14044;MONTURQUE;104;6;10;23;9;35;21;22;10;8;52;12;149;0;84;1;0;64;0;112;7;16;14
14045;MORILES;221;19;31;52;18;75;26;33;14;38;117;19;209;0;121;0;0;87;1;143;3;23;40
14046;NUEVA CARTEYA;210;15;33;51;16;64;31;58;11;26;94;21;513;11;333;1;2;165;1;441;9;16;47
14047;OBEJO;213;9;34;51;13;56;50;24;10;26;139;14;67;0;41;0;0;26;0;47;0;10;10
14048;PALENCIANA;74;6;11;17;10;19;11;15;3;2;42;12;87;0;55;0;0;31;1;61;4;6;16
14049;PALMA DEL RIO;1459;84;235;267;104;423;346;334;96;131;780;118;3032;6;2041;3;6;972;4;2229;167;59;577
14050;PEDRO ABAD;221;13;32;43;14;59;60;41;10;20;135;15;138;0;77;0;3;58;0;46;4;6;82
14051;PEDROCHE;128;7;13;27;14;27;40;7;1;17;91;12;35;0;26;0;0;9;0;9;0;9;17
14052;PEÑARROYA-PUEBLONUEVO;1399;73;237;239;82;385;383;57;67;217;873;185;155;1;71;3;3;76;1;2;11;7;135
14053;POSADAS;570;26;90;119;35;149;151;102;33;48;351;36;362;4;194;1;1;162;0;185;7;14;156
14054;POZOBLANCO;1501;71;192;265;87;397;489;122;164;189;881;145;606;8;347;6;4;237;4;143;113;27;323
14055;PRIEGO DE CORDOBA;1637;73;252;316;106;419;471;182;219;116;966;154;1404;7;926;4;29;435;3;867;66;69;402
14056;PUENTE GENIL;2779;129;389;489;181;881;710;454;339;194;1458;334;1768;10;1038;15;4;695;6;1128;221;157;262
14057;RAMBLA, LA;424;26;66;80;23;140;89;61;70;27;227;39;664;2;390;12;3;248;9;508;38;15;103
14058;RUTE;514;39;70;120;37;144;104;115;62;42;251;44;509;0;336;5;1;166;1;322;41;27;119
14059;SAN SEBASTIAN DE LOS BALLESTEROS;46;2;9;14;1;15;5;6;0;7;28;5;68;0;47;0;0;21;0;47;1;12;8
14060;SANTAELLA;257;11;43;51;24;96;32;58;33;18;130;18;1192;1;794;1;0;395;1;1102;13;15;62
14061;SANTA EUFEMIA;68;3;8;15;2;18;22;4;1;20;40;3;21;0;8;0;0;13;0;3;0;8;10
14062;TORRECAMPO;85;2;11;21;6;22;23;2;0;11;70;2;22;0;10;0;0;12;0;0;0;11;11
14063;VALENZUELA;25;1;7;3;3;8;3;4;2;2;16;1;134;0;107;0;0;27;0;124;0;4;6
14064;VALSEQUILLO;38;2;9;3;5;7;12;0;0;26;11;1;5;0;2;0;0;3;0;2;0;2;1
14065;VICTORIA, LA;155;12;22;34;10;50;27;15;4;23;92;21;193;0;148;0;0;45;0;148;3;17;25
14066;VILLA DEL RIO;569;27;80;111;26;166;159;79;118;28;302;42;543;6;288;32;3;189;25;351;100;14;78
14067;VILLAFRANCA DE CORDOBA;443;27;54;87;25;152;98;44;51;38;280;30;260;0;182;6;0;71;1;162;22;29;47
14068;VILLAHARTA;77;3;11;22;6;18;17;3;5;5;62;2;24;0;7;0;0;17;0;4;0;0;20
14069;VILLANUEVA DE CORDOBA;562;31;77;132;43;147;132;91;32;44;339;56;287;1;206;3;1;76;0;134;10;32;111
14070;VILLANUEVA DEL DUQUE;117;6;13;27;3;27;41;7;3;39;66;2;45;1;23;1;0;20;0;16;0;4;25
14071;VILLANUEVA DEL REY;110;2;11;15;5;30;47;9;4;9;79;9;72;0;66;0;0;6;0;48;1;8;15
14072;VILLARALTO;57;5;10;9;4;17;12;10;3;4;37;3;28;1;14;0;0;13;0;4;2;17;5
14073;VILLAVICIOSA DE CORDOBA;288;9;39;65;17;74;84;58;12;40;150;28;140;2;100;0;0;38;0;98;5;4;33
14074;VISO, EL;199;13;28;39;12;59;48;19;7;12;142;19;32;0;19;0;0;13;0;10;1;4;17
14075;ZUHEROS;26;2;3;9;3;5;4;2;4;3;16;1;110;1;76;0;0;33;0;82;4;1;23
16001;ABIA DE LA OBISPALIA;5;0;1;1;0;3;0;0;0;2;2;1;1;0;1;0;0;0;0;0;0;0;1
16002;ACEBRON, EL;19;0;3;4;3;3;6;5;2;0;10;2;6;0;2;0;0;4;0;4;1;0;1
16003;ALARCON;13;1;2;2;1;3;4;0;1;2;9;1;14;0;6;0;1;7;0;1;0;0;13
16004;ALBALADEJO DEL CUENDE;4;0;0;2;0;1;1;1;1;0;2;0;0;0;0;0;0;0;0;0;0;0;0
16005;ALBALATE DE LAS NOGUERAS;14;0;2;6;0;2;4;1;1;1;11;0;1;0;0;0;0;1;0;0;0;0;1
16006;ALBENDEA;5;0;1;1;1;0;2;0;1;1;2;1;1;0;0;0;0;1;0;0;1;0;0
16007;ALBERCA DE ZANCARA, LA;68;1;12;15;3;17;20;27;6;3;32;0;17;0;9;1;0;7;0;6;1;0;10
16008;ALCALA DE LA VEGA;4;1;0;1;1;1;0;0;0;1;2;1;1;0;0;0;0;1;0;0;0;0;1
16009;ALCANTUD;2;0;0;1;0;1;0;0;0;1;1;0;1;0;0;0;0;1;0;0;0;0;1
16010;ALCAZAR DEL REY;7;0;2;3;0;1;1;0;1;2;4;0;1;0;1;0;0;0;0;0;0;0;1
16011;ALCOHUJATE;0;0;0;0;0;0;0;0;0;0;0;0;0;0;0;0;0;0;0;0;0;0;0
16012;ALCONCHEL DE LA ESTRELLA;4;0;0;1;0;1;2;0;0;0;4;0;0;0;0;0;0;0;0;0;0;0;0
16013;ALGARRA;0;0;0;0;0;0;0;0;0;0;0;0;0;0;0;0;0;0;0;0;0;0;0
16014;ALIAGUILLA;29;1;4;10;0;9;5;8;2;1;18;0;1;0;1;0;0;0;0;1;0;0;0
16015;ALMARCHA, LA;19;0;2;5;1;2;9;0;2;2;15;0;10;1;7;0;0;2;0;1;0;0;9
16016;ALMENDROS;12;0;1;5;0;1;5;0;0;0;11;1;2;0;0;0;0;2;0;1;0;0;1
16017;ALMODOVAR DEL PINAR;23;5;0;4;0;9;5;0;2;0;18;3;14;0;5;0;0;9;0;0;0;0;14
16018;ALMONACID DEL MARQUESADO;14;1;2;2;0;4;5;0;2;1;11;0;5;1;1;0;1;2;0;1;1;0;3
16019;ALTAREJOS;1;1;0;0;0;0;0;1;0;0;0;0;0;0;0;0;0;0;0;0;0;0;0
16020;ARANDILLA DEL ARROYO;1;0;1;0;0;0;0;0;0;0;1;0;1;0;0;0;0;1;0;0;0;0;1
16022;ARCOS DE LA SIERRA;2;0;1;0;0;0;1;0;0;1;1;0;0;0;0;0;0;0;0;0;0;0;0
16023;CHILLARON DE CUENCA;46;1;9;11;3;12;10;2;2;3;34;5;4;0;2;0;0;2;0;0;0;0;4
16024;ARGUISUELAS;12;0;1;1;2;4;4;2;0;0;9;1;0;0;0;0;0;0;0;0;0;0;0
16025;ARRANCACEPAS;0;0;0;0;0;0;0;0;0;0;0;0;0;0;0;0;0;0;0;0;0;0;0
16026;ATALAYA DEL CAÑAVATE;8;0;1;2;1;1;3;0;1;0;7;0;3;0;1;0;0;2;0;1;0;0;2
16027;BARAJAS DE MELO;68;2;10;14;6;16;20;3;11;7;45;2;16;0;11;0;0;5;0;2;5;0;9
16029;BARCHIN DEL HOYO;12;0;3;6;1;1;1;0;0;0;12;0;1;0;1;0;0;0;0;0;0;0;1
16030;BASCUÑANA DE SAN PEDRO;1;0;0;1;0;0;0;0;0;1;0;0;0;0;0;0;0;0;0;0;0;0;0
16031;BEAMUD;0;0;0;0;0;0;0;0;0;0;0;0;0;0;0;0;0;0;0;0;0;0;0
16032;BELINCHON;22;0;3;6;0;3;10;2;5;0;15;0;7;0;4;0;0;3;0;0;0;4;3
16033;BELMONTE;142;2;10;29;7;22;72;17;12;4;98;11;31;0;19;0;0;10;2;3;0;0;28
16034;BELMONTEJO;2;0;0;2;0;0;0;0;0;1;1;0;0;0;0;0;0;0;0;0;0;0;0
16035;BETETA;11;1;0;1;1;4;4;0;0;0;10;1;130;1;92;1;0;36;0;5;125;0;0
16036;BONICHES;9;0;1;4;0;2;2;1;0;1;6;1;2;0;1;0;0;1;0;0;0;1;1
16038;BUCIEGAS;6;0;2;0;0;2;2;2;0;0;4;0;0;0;0;0;0;0;0;0;0;0;0
16039;BUENACHE DE ALARCON;39;0;2;11;1;8;17;2;0;3;31;3;2;0;1;0;0;1;0;1;0;0;1
16040;BUENACHE DE LA SIERRA;7;1;1;1;1;2;1;2;1;0;3;1;0;0;0;0;0;0;0;0;0;0;0
16041;BUENDIA;25;3;0;4;0;6;12;0;0;3;22;0;1;0;0;0;0;1;0;0;0;0;1
16042;CAMPILLO DE ALTOBUEY;93;7;7;18;5;15;41;9;10;8;59;7;21;0;10;0;0;11;0;3;0;0;18
16043;CAMPILLOS-PARAVIENTOS;8;1;1;3;0;1;2;0;4;1;3;0;0;0;0;0;0;0;0;0;0;0;0
16044;CAMPILLOS-SIERRA;1;0;0;0;0;0;1;0;0;0;1;0;1;0;0;0;0;1;0;0;0;0;1
16045;CANALEJAS DEL ARROYO;16;2;2;4;1;2;5;2;4;2;7;1;1;0;1;0;0;0;0;1;0;0;0
16046;CAÑADA DEL HOYO;9;0;3;2;0;2;2;0;1;0;8;0;26;0;4;0;0;22;0;0;0;0;26
16047;CAÑADA JUNCOSA;5;0;0;1;0;2;2;1;0;0;4;0;1;0;0;0;1;0;0;0;0;0;1
16048;CAÑAMARES;44;1;2;13;1;7;20;1;4;3;33;3;13;0;10;0;0;3;0;0;12;0;1
16049;CAÑAVATE, EL;1;0;0;0;0;0;1;0;0;0;1;0;0;0;0;0;0;0;0;0;0;0;0
16050;CAÑAVERAS;18;1;1;5;1;6;4;3;0;3;9;3;7;0;3;0;1;3;0;0;0;3;4
16051;CAÑAVERUELAS;7;1;2;3;0;1;0;3;0;0;3;1;1;0;1;0;0;0;0;1;0;0;0
16052;CAÑETE;58;3;8;14;4;14;15;2;10;2;38;6;16;0;8;0;2;5;1;5;3;1;7
16053;CAÑIZARES;28;0;3;3;5;6;11;1;1;0;24;2;3;1;0;0;0;2;0;0;2;0;1
16055;CARBONERAS DE GUADAZAON;34;1;6;8;1;3;15;2;4;3;23;2;21;1;5;0;0;15;0;4;0;1;16
16056;CARDENETE;42;3;3;14;0;7;15;2;1;4;32;3;5;1;1;0;0;3;0;1;1;0;3
16057;CARRASCOSA;2;0;0;1;0;1;0;0;0;0;1;1;1;0;0;0;0;1;0;0;0;0;1
16058;CARRASCOSA DE HARO;6;0;2;2;0;0;2;1;2;0;3;0;4;0;2;0;0;2;0;0;0;2;2
16060;CASAS DE BENITEZ;38;2;7;9;2;7;11;8;4;1;22;3;18;0;12;0;0;6;0;11;1;0;6
16061;CASAS DE FERNANDO ALONSO;87;3;11;15;5;11;42;17;16;2;50;2;32;0;21;0;0;11;0;28;3;0;1
16062;CASAS DE GARCIMOLINA;3;0;0;1;0;2;0;0;0;0;3;0;0;0;0;0;0;0;0;0;0;0;0
16063;CASAS DE GUIJARRO;10;0;3;4;0;3;0;4;2;0;4;0;1;0;1;0;0;0;0;1;0;0;0
16064;CASAS DE HARO;46;1;3;11;2;9;20;8;1;0;37;0;11;0;6;0;0;5;0;7;0;0;4
16065;CASAS DE LOS PINOS;12;0;1;3;0;2;6;2;1;0;9;0;8;0;3;0;0;5;0;6;0;0;2
16066;CASASIMARRO;165;5;29;29;9;32;61;48;9;2;97;9;79;1;32;1;1;44;0;7;3;3;66
16067;CASTEJON;12;0;0;5;1;1;5;1;3;2;6;0;7;0;7;0;0;0;0;0;0;7;0
16068;CASTILLEJO DE INIESTA;10;1;1;6;0;1;1;6;1;0;3;0;4;0;1;1;0;2;0;1;0;0;3
16070;CASTILLEJO-SIERRA;2;0;1;1;0;0;0;0;0;1;1;0;0;0;0;0;0;0;0;0;0;0;0
16071;CASTILLO-ALVARAÑEZ;0;0;0;0;0;0;0;0;0;0;0;0;0;0;0;0;0;0;0;0;0;0;0
16072;CASTILLO DE GARCIMUÑOZ;7;0;0;4;0;0;3;0;1;2;4;0;7;0;3;1;0;2;1;0;0;0;7
16073;CERVERA DEL LLANO;19;1;3;6;0;4;5;3;1;2;11;2;3;0;3;0;0;0;0;0;0;1;2
16074;CIERVA, LA;2;0;1;1;0;0;0;0;0;0;1;1;1;0;0;0;0;1;0;0;0;0;1
16078;CUENCA;3637;216;592;696;197;978;958;105;169;295;2681;387;1648;34;741;43;25;769;36;161;37;86;1364
16079;CUEVA DEL HIERRO;1;0;1;0;0;0;0;0;0;0;1;0;6;0;5;0;0;1;0;0;0;0;6
16081;CHUMILLAS;5;0;0;1;0;4;0;0;0;0;5;0;2;0;1;0;0;1;0;0;0;0;2
16082;ENGUIDANOS;29;2;4;5;8;5;5;2;1;1;20;5;3;0;1;0;0;2;0;0;0;0;3
16083;FRESNEDA DE ALTAREJOS;4;0;0;0;0;2;2;0;0;0;4;0;0;0;0;0;0;0;0;0;0;0;0
16084;FRESNEDA DE LA SIERRA;2;0;0;1;0;1;0;0;0;1;0;1;0;0;0;0;0;0;0;0;0;0;0
16085;FRONTERA, LA;12;0;2;4;2;3;1;1;0;1;7;3;1;1;0;0;0;0;0;0;0;1;0
16086;FUENTE DE PEDRO NAHARRO;68;7;2;9;2;18;30;7;14;2;42;3;40;0;32;0;0;8;0;30;3;2;5
16087;FUENTELESPINO DE HARO;5;0;2;1;0;1;1;1;0;0;4;0;0;0;0;0;0;0;0;0;0;0;0
16088;FUENTELESPINO DE MOYA;3;0;0;0;0;0;3;0;0;0;3;0;3;0;3;0;0;0;0;0;3;0;0
16089;FUENTES;25;2;1;8;1;8;5;4;3;2;14;2;72;0;67;2;0;3;0;0;69;1;2
16091;FUERTESCUSA;2;0;1;1;0;0;0;1;0;0;1;0;3;0;3;0;0;0;0;0;0;0;3
16092;GABALDON;9;1;2;2;1;1;2;0;0;0;9;0;1;0;0;0;0;1;0;0;0;0;1
16093;GARABALLA;4;0;1;0;0;0;3;1;1;0;2;0;8;0;2;0;0;6;0;0;0;0;8
16094;GASCUEÑA;8;0;2;1;0;2;3;0;0;0;7;1;0;0;0;0;0;0;0;0;0;0;0
16095;GRAJA DE CAMPALBO;5;0;0;1;0;1;3;0;0;1;4;0;2;1;0;0;0;1;0;0;1;0;1
16096;GRAJA DE INIESTA;24;1;4;1;3;7;8;2;3;1;15;3;22;5;5;0;0;12;0;9;0;0;13
16097;HENAREJOS;5;0;0;3;0;1;1;0;0;0;5;0;0;0;0;0;0;0;0;0;0;0;0
16098;HERRUMBLAR, EL;32;1;4;8;1;4;14;6;2;3;21;0;7;2;5;0;0;0;0;7;0;0;0
16099;HINOJOSA, LA;13;0;2;3;1;1;6;1;1;0;11;0;0;0;0;0;0;0;0;0;0;0;0
16100;HINOJOSOS, LOS;72;2;7;10;5;16;32;20;5;4;38;5;32;0;25;0;0;6;1;29;1;0;2
16101;HITO, EL;10;1;0;4;1;0;4;0;1;1;8;0;1;0;0;0;0;1;0;0;0;0;1
16102;HONRUBIA;63;5;6;10;2;21;19;7;3;3;47;3;28;1;10;2;0;15;0;7;0;3;18
16103;HONTANAYA;14;0;1;6;0;2;5;3;1;0;10;0;2;1;1;0;0;0;0;2;0;0;0
16104;HONTECILLAS;2;0;0;2;0;0;0;0;0;0;2;0;1;0;1;0;0;0;0;0;0;0;1
16106;HORCAJO DE SANTIAGO;318;24;43;47;13;74;117;26;46;36;192;18;58;0;26;6;2;24;0;6;3;12;37
16107;HUELAMO;3;0;0;2;0;0;1;0;0;1;2;0;0;0;0;0;0;0;0;0;0;0;0
16108;HUELVES;5;0;0;2;0;1;2;1;0;0;4;0;0;0;0;0;0;0;0;0;0;0;0
16109;HUERGUINA;1;0;0;0;0;0;1;0;0;0;1;0;0;0;0;0;0;0;0;0;0;0;0
16110;HUERTA DE LA OBISPALIA;5;0;1;0;0;2;2;0;0;0;5;0;0;0;0;0;0;0;0;0;0;0;0
16111;HUERTA DEL MARQUESADO;10;1;1;4;0;1;3;1;2;0;7;0;2;0;0;0;0;2;0;0;0;0;2
16112;HUETE;188;7;38;32;13;48;50;13;10;9;140;16;46;1;29;6;0;8;2;0;0;2;44
16113;INIESTA;201;16;23;41;12;36;73;52;9;9;102;29;199;10;117;14;5;52;1;94;6;0;99
16115;LAGUNA DEL MARQUESADO;2;0;0;0;0;1;1;0;0;1;1;0;0;0;0;0;0;0;0;0;0;0;0
16116;LAGUNASECA;1;0;0;0;0;0;1;0;0;0;1;0;0;0;0;0;0;0;0;0;0;0;0
16117;LANDETE;73;3;8;17;1;21;23;8;3;7;49;6;10;0;7;0;0;2;1;3;4;0;3
16118;LEDAÑA;154;4;24;41;8;21;56;40;11;9;89;5;21;0;15;0;0;6;0;6;0;6;9
16119;LEGANIEL;22;1;1;4;4;6;6;0;6;0;13;3;3;0;3;0;0;0;0;1;0;1;1
16121;MAJADAS, LAS;15;0;1;2;0;3;9;0;2;2;10;1;1;0;0;0;0;1;0;0;0;0;1
16122;MARIANA;14;1;2;0;1;7;3;2;0;0;12;0;1;0;1;0;0;0;0;0;0;0;1
16123;MASEGOSA;1;0;1;0;0;0;0;0;0;0;1;0;0;0;0;0;0;0;0;0;0;0;0
16124;MESAS, LAS;159;8;13;37;3;33;65;37;16;11;91;4;77;1;58;4;0;14;0;54;5;2;16
16125;MINGLANILLA;227;7;29;50;12;53;76;46;9;13;141;18;47;0;28;3;0;11;5;14;0;4;29
16126;MIRA;99;5;4;28;3;10;49;20;10;4;56;9;6;0;4;0;0;2;0;1;3;0;2
16128;MONREAL DEL LLANO;1;0;0;1;0;0;0;1;0;0;0;0;0;0;0;0;0;0;0;0;0;0;0
16129;MONTALBANEJO;5;0;0;1;0;2;2;1;0;0;4;0;0;0;0;0;0;0;0;0;0;0;0
16130;MONTALBO;39;0;3;14;1;8;13;0;4;1;34;0;7;0;2;0;1;4;0;1;3;0;3
16131;MONTEAGUDO DE LAS SALINAS;5;0;1;1;0;0;3;1;0;0;4;0;1;0;0;0;0;1;0;0;0;0;1
16132;MOTA DE ALTAREJOS;1;0;0;1;0;0;0;1;0;0;0;0;0;0;0;0;0;0;0;0;0;0;0
16133;MOTA DEL CUERVO;411;18;58;86;14;112;123;95;39;36;222;19;115;1;60;12;3;36;3;48;3;18;46
16134;MOTILLA DEL PALANCAR;355;15;59;63;18;85;115;35;23;24;232;41;203;4;77;9;6;103;4;10;65;7;121
16135;MOYA;7;1;2;2;1;1;0;1;1;1;4;0;1;0;1;0;0;0;0;0;0;1;0
16137;NARBONETA;2;0;0;1;0;1;0;0;0;0;2;0;0;0;0;0;0;0;0;0;0;0;0
16139;OLIVARES DE JUCAR;11;0;1;4;2;1;3;0;0;1;9;1;2;0;1;0;0;1;0;0;0;1;1
16140;OLMEDA DE LA CUESTA;0;0;0;0;0;0;0;0;0;0;0;0;0;0;0;0;0;0;0;0;0;0;0
16141;OLMEDA DEL REY;3;0;1;0;0;0;2;0;0;0;3;0;1;0;0;0;0;1;0;0;0;0;1
16142;OLMEDILLA DE ALARCON;11;0;2;4;2;0;3;3;0;1;7;0;11;0;11;0;0;0;0;10;0;0;1
16143;OLMEDILLA DE ELIZ;1;0;1;0;0;0;0;0;0;0;1;0;1;0;1;0;0;0;0;0;0;0;1
16145;OSA DE LA VEGA;45;1;1;11;1;9;22;7;5;1;29;3;3;0;2;0;0;1;0;2;0;0;1
16146;PAJARON;3;0;0;2;0;1;0;0;0;2;1;0;0;0;0;0;0;0;0;0;0;0;0
16147;PAJARONCILLO;4;0;0;3;0;1;0;0;0;0;4;0;0;0;0;0;0;0;0;0;0;0;0
16148;PALOMARES DEL CAMPO;30;1;2;4;1;7;15;1;4;1;21;3;1;0;0;0;0;1;0;0;0;0;1
16149;PALOMERA;4;0;0;2;0;1;1;0;0;1;3;0;0;0;0;0;0;0;0;0;0;0;0
16150;PARACUELLOS;3;1;0;0;0;1;1;1;0;0;0;2;5;0;1;0;0;4;0;0;0;1;4
16151;PAREDES;2;0;0;0;0;0;2;0;1;0;1;0;0;0;0;0;0;0;0;0;0;0;0
16152;PARRA DE LAS VEGAS, LA;0;0;0;0;0;0;0;0;0;0;0;0;0;0;0;0;0;0;0;0;0;0;0
16153;PEDERNOSO, EL;66;4;7;9;6;12;28;26;6;3;28;3;60;0;42;0;0;18;0;31;15;1;13
16154;PEDROÑERAS, LAS;327;14;70;51;18;85;89;97;47;9;163;11;460;3;253;3;3;193;5;348;57;3;52
16155;PERAL, EL;35;1;7;15;1;3;8;14;1;2;14;4;15;0;13;0;0;2;0;11;1;1;2
16156;PERALEJA, LA;4;0;2;1;0;1;0;0;0;0;4;0;0;0;0;0;0;0;0;0;0;0;0
16157;PESQUERA, LA;19;0;1;6;1;4;7;4;0;0;15;0;0;0;0;0;0;0;0;0;0;0;0
16158;PICAZO, EL;43;1;3;10;1;9;19;1;6;3;32;1;10;0;7;0;0;3;0;1;4;1;4
16159;PINAREJO;7;0;0;3;0;0;4;1;0;0;6;0;0;0;0;0;0;0;0;0;0;0;0
16160;PINEDA DE GIGÜELA;4;0;0;3;0;0;1;0;0;2;2;0;0;0;0;0;0;0;0;0;0;0;0
16161;PIQUERAS DEL CASTILLO;1;0;0;1;0;0;0;0;1;0;0;0;0;0;0;0;0;0;0;0;0;0;0
16162;PORTALRUBIO DE GUADAMEJUD;4;0;0;2;0;1;1;1;0;0;3;0;0;0;0;0;0;0;0;0;0;0;0
16163;PORTILLA;1;0;0;0;0;1;0;0;0;0;1;0;0;0;0;0;0;0;0;0;0;0;0
16165;POYATOS;4;0;0;3;0;0;1;1;0;1;2;0;0;0;0;0;0;0;0;0;0;0;0
16166;POZOAMARGO;13;0;1;5;0;3;4;3;2;0;6;2;27;1;21;0;0;5;0;14;1;0;12
16167;POZORRUBIO;20;1;1;6;1;1;10;1;2;3;13;1;0;0;0;0;0;0;0;0;0;0;0
16169;POZUELO, EL;0;0;0;0;0;0;0;0;0;0;0;0;0;0;0;0;0;0;0;0;0;0;0
16170;PRIEGO;70;2;12;22;3;14;17;8;2;10;46;4;7;0;2;0;1;3;1;5;0;0;2
16171;PROVENCIO, EL;113;5;7;25;2;35;39;25;11;4;72;1;70;0;44;1;0;25;0;51;5;3;11
16172;PUEBLA DE ALMENARA;16;1;1;6;1;0;7;2;1;1;11;1;1;0;1;0;0;0;0;1;0;0;0
16173;EL VALLE DE ALTOMIRA;7;0;1;2;0;1;3;0;0;2;5;0;0;0;0;0;0;0;0;0;0;0;0
16174;PUEBLA DEL SALVADOR;13;0;1;6;0;4;2;4;0;1;8;0;12;0;9;0;0;3;0;10;0;0;2
16175;QUINTANAR DEL REY;621;28;67;118;27;161;220;155;37;59;315;55;229;2;136;7;2;78;4;81;13;19;116
16176;RADA DE HARO;3;0;0;2;0;0;1;1;0;0;2;0;0;0;0;0;0;0;0;0;0;0;0
16177;REILLO;4;0;1;2;0;0;1;1;0;1;2;0;1;0;1;0;0;0;0;1;0;0;0
16181;ROZALEN DEL MONTE;2;0;1;0;0;0;1;0;1;0;1;0;1;0;0;0;0;1;0;0;0;0;1
16185;SACEDA-TRASIERRA;2;0;0;2;0;0;0;0;0;0;2;0;0;0;0;0;0;0;0;0;0;0;0
16186;SAELICES;27;0;3;10;2;7;5;1;2;4;19;1;33;0;31;0;1;1;0;2;1;0;30
16187;SALINAS DEL MANZANO;5;0;0;0;0;0;5;0;4;0;1;0;0;0;0;0;0;0;0;0;0;0;0
16188;SALMERONCILLOS;3;0;1;1;0;0;1;0;0;1;2;0;5;0;2;2;0;1;0;1;0;4;0
16189;SALVACAÑETE;13;2;1;3;0;2;5;1;1;2;8;1;2;1;0;0;0;1;0;1;1;0;0
16190;SAN CLEMENTE;385;18;45;68;15;110;129;76;32;16;245;16;119;2;57;6;3;50;1;45;5;11;58
16191;SAN LORENZO DE LA PARRILLA;52;3;8;13;3;12;13;9;6;5;29;3;48;8;27;9;0;3;1;9;0;0;39
16192;SAN MARTIN DE BONICHES;3;2;0;1;0;0;0;1;0;0;2;0;0;0;0;0;0;0;0;0;0;0;0
16193;SAN PEDRO PALMICHES;4;0;0;2;0;0;2;0;0;2;2;0;1;0;0;0;1;0;0;0;0;0;1
16194;SANTA CRUZ DE MOYA;25;1;1;8;0;3;12;1;2;1;20;1;0;0;0;0;0;0;0;0;0;0;0
16195;SANTA MARIA DEL CAMPO RUS;16;2;2;4;1;2;5;5;0;0;11;0;6;0;4;0;0;2;0;2;0;2;2
16196;SANTA MARIA DE LOS LLANOS;65;1;8;13;3;11;29;12;7;4;41;1;29;0;18;0;0;11;0;28;0;0;1
16197;SANTA MARIA DEL VAL;2;0;0;2;0;0;0;1;0;0;1;0;0;0;0;0;0;0;0;0;0;0;0
16198;SISANTE;121;1;11;25;7;22;55;15;11;3;86;6;67;0;58;1;0;8;0;51;3;0;13
16199;SOLERA DE GABALDON;0;0;0;0;0;0;0;0;0;0;0;0;3;0;1;0;0;2;0;0;0;0;3
16202;TALAYUELAS;58;3;4;16;2;16;17;11;12;4;28;3;7;0;4;0;0;3;0;4;2;0;1
16203;TARANCON;1155;59;171;162;52;292;419;72;184;58;776;65;1074;11;552;32;5;463;11;9;512;28;525
16204;TEBAR;27;0;3;7;2;4;11;3;1;2;19;2;3;0;2;0;0;1;0;1;0;0;2
16205;TEJADILLOS;9;1;0;4;0;1;3;1;2;0;5;1;4;0;4;0;0;0;0;4;0;0;0
16206;TINAJAS;13;0;3;4;1;2;3;3;1;0;9;0;1;0;1;0;0;0;0;1;0;0;0
16209;TORRALBA;11;0;1;4;1;1;4;0;3;0;7;1;10;0;7;1;0;2;0;0;0;0;10
16211;TORREJONCILLO DEL REY;13;1;0;6;1;1;4;0;2;0;9;2;1;0;0;0;1;0;0;0;0;0;1
16212;TORRUBIA DEL CAMPO;8;0;1;1;0;0;6;0;0;1;6;1;0;0;0;0;0;0;0;0;0;0;0
16213;TORRUBIA DEL CASTILLO;1;0;1;0;0;0;0;0;0;0;1;0;0;0;0;0;0;0;0;0;0;0;0
16215;TRAGACETE;10;0;1;2;0;2;5;2;0;0;8;0;3;0;2;0;0;1;0;0;0;1;2
16216;TRESJUNCOS;16;1;1;3;0;3;8;4;1;2;9;0;3;0;0;0;0;3;0;0;0;0;3
16217;TRIBALDOS;6;1;0;1;0;1;3;0;1;0;5;0;2;2;0;0;0;0;0;2;0;0;0
16218;UCLES;14;1;3;1;1;5;3;0;1;1;11;1;81;0;63;0;0;18;0;0;0;0;81
16219;UÑA;5;0;2;0;0;1;2;1;1;0;3;0;24;0;16;0;0;8;0;0;0;0;24
16224;VALDEMECA;6;0;1;1;1;1;2;0;1;0;4;1;0;0;0;0;0;0;0;0;0;0;0
16225;VALDEMORILLO DE LA SIERRA;0;0;0;0;0;0;0;0;0;0;0;0;0;0;0;0;0;0;0;0;0;0;0
16227;VALDEMORO-SIERRA;5;0;1;0;0;2;2;1;1;0;3;0;0;0;0;0;0;0;0;0;0;0;0
16228;VALDEOLIVAS;11;0;0;6;0;2;3;3;1;0;6;1;4;1;3;0;0;0;0;1;1;2;0
16231;VALHERMOSO DE LA FUENTE;2;0;0;2;0;0;0;2;0;0;0;0;0;0;0;0;0;0;0;0;0;0;0
16234;VALSALOBRE;0;0;0;0;0;0;0;0;0;0;0;0;0;0;0;0;0;0;0;0;0;0;0
16236;VALVERDE DE JUCAR;58;0;8;10;4;18;18;3;13;2;33;7;9;1;3;1;0;4;0;0;0;0;9
16237;VALVERDEJO;3;0;1;1;0;0;1;0;1;0;2;0;1;0;0;0;0;1;0;0;0;0;1
16238;VARA DE REY;44;1;5;15;0;5;18;5;0;3;36;0;12;0;12;0;0;0;0;1;0;11;0
16239;VEGA DEL CODORNO;4;0;0;1;0;2;1;0;0;0;4;0;18;0;4;0;0;14;0;1;0;0;17
16240;VELLISCA;4;0;1;3;0;0;0;1;1;0;2;0;0;0;0;0;0;0;0;0;0;0;0
16242;VILLACONEJOS DE TRABAQUE;12;1;2;3;0;4;2;2;1;1;6;2;3;0;3;0;0;0;0;1;0;2;0
16243;VILLAESCUSA DE HARO;28;1;3;6;0;6;12;3;0;1;23;1;10;0;8;0;0;2;0;8;0;0;2
16244;VILLAGARCIA DEL LLANO;61;2;3;10;0;17;29;17;3;2;35;4;8;1;7;0;0;0;0;7;0;0;1
16245;VILLALBA DE LA SIERRA;21;0;5;7;1;3;5;4;1;0;13;3;7;0;2;0;0;4;1;0;0;0;7
16246;VILLALBA DEL REY;29;2;4;11;1;4;7;0;5;2;19;3;4;0;3;0;0;1;0;0;2;0;2
16247;VILLALGORDO DEL MARQUESADO;1;0;0;1;0;0;0;0;0;0;1;0;0;0;0;0;0;0;0;0;0;0;0
16248;VILLALPARDO;69;1;6;15;4;12;31;15;7;2;42;3;15;0;3;0;0;10;2;3;7;0;5
16249;VILLAMAYOR DE SANTIAGO;190;12;16;47;11;41;63;30;48;15;91;6;67;3;39;0;1;22;2;36;4;1;26
16250;VILLANUEVA DE GUADAMEJUD;3;0;1;2;0;0;0;0;0;0;2;1;0;0;0;0;0;0;0;0;0;0;0
16251;VILLANUEVA DE LA JARA;138;6;22;19;6;40;45;43;11;8;63;13;120;6;67;2;5;36;4;89;10;3;18
16253;VILLAR DE CAÑAS;22;0;2;5;0;7;8;0;0;3;18;1;2;0;2;0;0;0;0;0;0;2;0
16254;VILLAR DE DOMINGO GARCIA;15;0;2;1;0;4;8;0;0;0;14;1;0;0;0;0;0;0;0;0;0;0;0
16255;VILLAR DE LA ENCINA;5;0;0;1;0;2;2;0;1;0;4;0;2;0;2;0;0;0;0;2;0;0;0
16258;VILLAR DEL HUMO;13;2;1;6;0;2;2;1;1;4;6;1;0;0;0;0;0;0;0;0;0;0;0
16259;VILLAR DEL INFANTADO;0;0;0;0;0;0;0;0;0;0;0;0;0;0;0;0;0;0;0;0;0;0;0
16263;VILLAR DE OLALLA;55;4;13;8;1;15;14;5;4;2;41;3;48;30;11;1;6;0;0;0;44;1;3
16264;VILLAREJO DE FUENTES;17;0;2;0;0;8;7;0;1;0;16;0;36;0;29;0;0;6;1;34;0;0;2
16265;VILLAREJO DE LA PEÑUELA;0;0;0;0;0;0;0;0;0;0;0;0;0;0;0;0;0;0;0;0;0;0;0
16266;VILLAREJO-PERIESTEBAN;17;0;4;3;1;3;6;1;1;0;13;2;0;0;0;0;0;0;0;0;0;0;0
16269;VILLARES DEL SAZ;13;0;4;2;1;2;4;2;2;0;9;0;8;0;6;0;0;1;1;0;1;2;5
16270;VILLARRUBIO;10;1;1;1;1;4;2;0;0;0;10;0;11;0;7;1;0;3;0;0;2;0;9
16271;VILLARTA;38;1;4;6;2;10;15;13;5;2;15;3;12;0;5;0;0;7;0;10;0;0;2
16272;VILLAS DE LA VENTOSA;7;0;0;5;0;1;1;4;0;0;3;0;3;0;1;0;0;2;0;0;0;0;3
16273;VILLAVERDE Y PASACONSOL;12;0;1;5;0;4;2;2;2;1;7;0;0;0;0;0;0;0;0;0;0;0;0
16274;VILLORA;5;0;1;3;0;0;1;0;0;1;4;0;0;0;0;0;0;0;0;0;0;0;0
16275;VINDEL;0;0;0;0;0;0;0;0;0;0;0;0;0;0;0;0;0;0;0;0;0;0;0
16276;YEMEDA;0;0;0;0;0;0;0;0;0;0;0;0;3;0;2;0;0;1;0;0;0;3;0
16277;ZAFRA DE ZANCARA;8;1;1;3;0;1;2;0;0;0;8;0;4;0;1;0;0;3;0;0;0;0;4
16278;ZAFRILLA;3;1;0;0;0;1;1;0;0;1;2;0;0;0;0;0;0;0;0;0;0;0;0
16279;ZARZA DE TAJO;16;0;3;7;0;4;2;8;0;1;6;1;10;0;5;0;0;5;0;6;1;1;2
16280;ZARZUELA;14;1;6;3;0;2;2;3;1;1;8;1;0;0;0;0;0;0;0;0;0;0;0
16901;CAMPOS DEL PARAISO;32;0;2;9;2;8;11;3;2;2;25;0;5;0;2;0;0;3;0;0;1;1;3
16902;VALDETORTOLA;4;0;1;3;0;0;0;0;0;1;3;0;0;0;0;0;0;0;0;0;0;0;0
16903;VALERAS, LAS;128;5;7;15;6;22;73;1;35;5;74;13;28;0;19;4;1;3;1;8;7;3;10
16904;FUENTENAVA DE JABAGA;20;1;4;4;0;4;7;0;2;2;15;1;4;0;2;0;0;2;0;0;1;1;2
16905;ARCAS DEL VILLAR;97;2;16;14;6;37;22;4;4;9;77;3;16;0;4;0;2;9;1;4;1;0;11
16906;VALDECOLMENAS, LOS;2;0;0;2;0;0;0;0;0;0;2;0;0;0;0;0;0;0;0;0;0;0;0
16908;POZORRUBIELOS DE LA MANCHA;18;2;1;6;0;2;7;6;0;0;9;3;4;0;0;1;0;2;1;0;0;0;4
16909;SOTORRIBAS;31;2;5;7;2;8;7;3;0;3;25;0;6;0;3;0;0;3;0;1;0;1;4
16910;VILLAR Y VELASCO;2;0;1;0;0;0;1;0;0;0;2;0;0;0;0;0;0;0;0;0;0;0;0
20001;ABALTZISKETA;6;2;1;1;0;0;2;0;1;1;4;0;29;0;1;2;1;24;1;0;2;0;27
20002;ADUNA;6;0;1;2;0;1;2;0;1;0;5;0;41;2;23;5;2;7;2;0;17;1;23
20003;AIZARNAZABAL;35;0;6;8;4;7;10;2;6;0;21;6;15;1;10;1;0;3;0;1;8;0;6
20004;ALBIZTUR;7;1;4;1;0;1;0;0;0;0;5;2;7;1;3;0;0;3;0;0;2;0;5
20005;ALEGIA;100;7;17;21;5;31;19;6;12;6;56;20;25;1;11;2;1;10;0;0;1;5;19
20006;ALKIZA;11;0;0;5;1;4;1;0;2;2;7;0;2;0;1;0;0;1;0;0;0;0;2
20007;ALTZO;13;0;0;5;1;1;6;0;0;1;12;0;9;0;3;4;0;2;0;0;7;0;2
20008;AMEZKETA;42;1;6;13;2;9;11;4;8;1;19;10;112;9;17;1;1;84;0;0;20;0;92
20009;ANDOAIN;609;34;102;123;24;145;181;9;98;37;392;73;258;9;123;10;6;110;0;0;71;6;181
20010;ANOETA;92;2;14;10;3;25;38;1;15;5;58;13;31;1;12;3;1;13;1;0;5;1;25
20011;ANTZUOLA;67;5;19;9;0;14;20;2;15;1;43;6;23;0;6;2;0;15;0;0;9;1;13
20012;ARAMA;7;1;1;1;0;1;3;0;3;1;2;1;3;0;1;0;0;1;1;0;1;0;2
20013;ARETXABALETA;225;12;52;37;7;49;68;3;59;12;115;36;61;2;17;7;1;32;2;0;15;2;44
20014;ASTEASU;43;4;7;6;4;11;11;4;8;3;24;4;63;4;45;6;3;4;1;1;40;3;19
20015;ATAUN;40;1;6;11;1;11;10;1;13;0;22;4;13;1;1;0;2;8;1;0;0;0;13
20016;AIA;50;4;5;13;3;14;11;2;12;3;31;2;63;2;46;2;0;13;0;2;18;3;40
20017;AZKOITIA;471;16;80;112;22;113;128;19;74;27;266;85;171;8;75;7;4;75;2;0;34;7;130
20018;AZPEITIA;554;20;105;95;28;157;149;33;105;24;287;105;280;7;104;8;7;151;3;2;60;31;187
20019;BEASAIN;529;36;79;98;26;155;135;8;78;28;331;84;293;20;124;10;8;119;12;0;114;11;168
20020;BEIZAMA;2;0;0;1;0;1;0;0;0;0;2;0;6;0;2;0;0;4;0;0;1;0;5
20021;BELAUNTZA;8;3;0;1;0;2;2;1;1;1;5;0;8;0;7;1;0;0;0;0;7;1;0
20022;BERASTEGI;33;1;3;5;1;9;14;1;6;1;23;2;7;0;3;1;0;3;0;0;3;0;4
20023;BERROBI;21;0;6;7;1;5;2;2;2;2;13;2;11;0;1;0;1;9;0;0;0;0;11
20024;BIDEGOIAN;16;4;2;4;0;2;4;0;4;1;8;3;4;0;1;0;0;2;1;0;1;0;3
20025;ZEGAMA;41;1;2;10;2;14;12;3;9;2;22;5;25;2;14;2;1;6;0;0;6;12;7
20026;ZERAIN;5;1;0;0;0;3;1;0;0;0;3;2;3;1;0;0;0;2;0;0;1;0;2
20027;ZESTOA;147;4;29;41;1;42;30;12;19;13;90;13;67;1;28;6;1;24;7;0;29;1;37
20028;ZIZURKIL;134;3;21;27;10;40;33;2;16;13;84;19;61;1;22;0;2;35;1;0;16;1;44
20029;DEBA;194;8;30;44;6;46;60;3;45;3;122;21;145;5;52;4;1;82;1;1;63;4;77
20030;EIBAR;1561;57;270;323;66;404;441;28;303;88;882;260;756;11;221;14;21;474;15;1;32;26;697
20031;ELDUAIN;6;1;0;2;0;2;1;0;1;0;3;2;3;0;3;0;0;0;0;0;3;0;0
20032;ELGOIBAR;484;11;73;92;18;160;130;14;92;23;280;75;212;4;76;14;5;108;5;1;63;1;147
20033;ELGETA;38;2;5;9;2;12;8;0;7;2;24;5;11;0;3;0;0;8;0;0;2;0;9
20034;ESKORIATZA;132;5;28;25;8;41;25;3;42;7;60;20;65;0;23;2;0;39;1;0;27;8;30
20035;EZKIO-ITSASO;15;1;4;3;1;2;4;0;5;0;7;3;17;1;5;2;0;8;1;0;6;0;11
20036;HONDARRIBIA;604;26;102;123;36;136;181;6;57;16;473;52;412;6;106;7;9;278;6;4;3;6;399
20037;GAINTZA;2;0;0;0;0;2;0;0;0;0;2;0;0;0;0;0;0;0;0;0;0;0;0
20038;GABIRIA;12;2;2;2;0;3;3;0;3;0;7;2;1;1;0;0;0;0;0;0;0;0;1
20039;GETARIA;87;8;11;15;6;23;24;5;14;1;63;4;54;2;24;5;4;19;0;6;24;0;24
20040;HERNANI;805;44;135;180;36;179;231;33;100;42;533;97;669;35;319;14;15;282;4;0;187;29;453
20041;HERNIALDE;8;2;1;2;0;1;2;0;2;1;4;1;1;0;1;0;0;0;0;0;0;0;1
20042;IBARRA;202;14;33;32;6;48;69;8;31;11;130;22;58;2;24;2;2;25;3;0;18;3;37
20043;IDIAZABAL;62;4;5;10;2;18;23;2;12;1;41;6;36;1;11;3;1;20;0;1;11;1;23
20044;IKAZTEGIETA;23;1;5;4;0;5;8;1;1;0;13;8;9;1;2;1;0;5;0;0;1;0;8
20045;IRUN;3384;149;558;680;135;818;1044;56;325;197;2416;390;1807;97;771;35;69;796;39;2;307;69;1429
20046;IRURA;67;2;13;10;2;20;20;1;6;2;49;9;160;5;76;4;1;74;0;0;17;1;142
20047;ITSASONDO;26;0;5;5;1;10;5;1;5;3;16;1;10;0;7;0;0;3;0;1;0;5;4
20048;LARRAUL;8;0;0;3;0;2;3;0;2;1;5;0;3;0;3;0;0;0;0;0;0;0;3
20049;LAZKAO;162;9;18;28;7;61;39;1;36;7;97;21;79;1;14;6;2;55;1;0;11;5;63
20050;LEABURU;17;0;3;3;1;4;6;1;3;0;11;2;10;0;6;0;1;2;1;0;2;0;8
20051;LEGAZPI;310;25;59;54;15;88;69;6;54;16;179;55;133;1;55;1;4;70;2;0;37;3;93
20052;LEGORRETA;49;1;9;13;1;13;12;4;6;4;23;12;37;0;16;0;0;21;0;0;29;0;8
20053;LEZO;272;11;46;49;8;60;98;0;33;10;202;27;183;16;77;9;3;76;2;0;76;8;99
20054;LIZARTZA;16;1;0;3;2;4;6;1;3;0;8;4;30;0;14;0;0;16;0;0;30;0;0
20055;ARRASATE/MONDRAGON;1075;40;189;225;35;301;285;27;212;47;641;148;756;11;236;13;19;471;6;0;61;24;671
20056;MUTRIKU;201;9;35;40;4;48;65;11;72;5;100;13;91;1;12;2;0;73;3;0;46;2;43
20057;MUTILOA;8;1;2;3;0;1;1;0;1;0;7;0;5;1;3;0;0;1;0;0;0;1;4
20058;OLABERRIA;35;1;2;14;1;8;9;2;3;2;25;3;159;3;68;11;0;73;4;0;34;0;125
20059;OÑATI;312;15;58;63;13;66;97;2;110;4;168;28;396;7;194;10;5;177;3;0;216;7;173
20060;OREXA;1;0;0;0;0;0;1;0;0;0;1;0;0;0;0;0;0;0;0;0;0;0;0
20061;ORIO;237;9;35;43;11;84;55;10;32;16;148;31;107;4;47;3;1;50;2;0;9;6;92
20062;ORMAIZTEGI;46;1;10;7;5;9;14;1;12;3;18;12;22;1;10;1;0;9;1;0;8;0;14
20063;OIARTZUN;348;8;56;98;12;78;96;6;50;23;248;21;650;23;298;25;21;269;14;3;83;14;550
20064;PASAIA;867;29;147;217;34;196;244;16;80;63;640;68;385;7;206;5;8;154;5;0;13;11;361
20065;SORALUZE/PLACENCIA DE LAS ARMAS;233;6;50;47;18;56;56;9;45;12;118;49;44;1;11;1;5;25;1;0;7;0;37
20066;ERREZIL;16;2;2;4;0;3;5;1;5;1;8;1;5;0;4;0;0;1;0;0;2;1;2
20067;ERRENTERIA;1896;90;330;412;81;437;546;31;197;127;1326;215;485;19;212;8;14;226;6;0;105;5;375
20068;LEINTZ-GATZAGA;5;0;0;0;1;2;2;0;1;0;4;0;3;0;0;0;0;3;0;0;0;0;3
20069;DONOSTIA-SAN SEBASTIAN;7291;235;1246;1734;228;1534;2314;88;640;321;5680;562;9456;227;3321;153;380;5220;155;4;271;156;9025
20070;SEGURA;46;2;10;6;4;19;5;2;7;1;24;12;16;0;4;0;0;12;0;0;4;0;12
20071;TOLOSA;782;30;132;148;22;194;256;24;121;34;501;102;339;13;101;8;12;195;10;0;14;11;314
20072;URNIETA;209;9;37;36;11;41;75;6;27;15;145;16;298;50;155;3;17;72;1;7;62;2;227
20073;USURBIL;220;8;21;53;7;65;66;5;30;16;157;12;364;5;185;5;7;161;1;0;64;4;296
20074;BERGARA;516;21;96;132;13;105;149;7;144;15;297;53;294;11;141;7;5;124;6;0;89;23;182
20075;VILLABONA;271;12;42;46;14;85;72;10;30;16;173;42;87;6;21;12;1;42;5;2;12;19;54
20076;ORDIZIA;452;14;72;89;25;145;107;17;78;29;240;88;128;5;58;2;2;59;2;0;29;2;97
20077;URRETXU;284;18;45;49;13;76;83;4;54;13;172;41;152;3;49;3;4;93;0;0;18;3;131
20078;ZALDIBIA;43;2;12;6;2;16;5;0;7;4;25;7;22;0;12;1;1;8;0;0;4;6;12
20079;ZARAUTZ;807;47;129;159;24;197;251;20;116;37;582;52;323;11;114;4;12;175;7;1;26;6;290
20080;ZUMARRAGA;487;23;81;104;19;126;134;3;75;28;299;82;101;1;31;1;3;64;1;0;6;6;89
20081;ZUMAIA;368;10;63;67;11;115;102;13;82;10;243;20;280;2;160;4;5;105;4;2;69;11;198
20901;MENDARO;63;2;12;11;7;9;22;0;15;2;31;15;29;3;9;1;2;13;1;0;7;4;18
20902;LASARTE-ORIA;781;35;128;170;24;201;223;13;86;52;569;61;312;31;93;8;21;154;5;0;32;15;265
20903;ASTIGARRAGA;240;11;49;45;5;54;76;3;26;14;179;18;335;14;125;9;9;176;2;0;28;30;277
20904;BALIARRAIN;4;0;2;0;0;1;1;1;0;0;3;0;3;0;1;0;0;1;1;0;0;1;2
20905;ORENDAIN;4;1;1;0;0;1;1;0;0;0;3;1;3;0;1;0;0;2;0;0;0;0;3
20906;ALTZAGA;4;1;1;0;0;1;1;0;0;0;3;1;1;0;0;0;0;1;0;0;0;0;1
20907;GAZTELU;2;1;0;1;0;0;0;0;0;0;1;1;0;0;0;0;0;0;0;0;0;0;0
17001;AGULLANA;25;0;7;6;0;3;9;1;6;0;18;0;14;1;5;0;0;8;0;1;2;0;11
17002;AIGUAVIVA;13;0;1;6;0;2;4;0;2;4;7;0;159;8;54;6;6;79;6;1;120;7;31
17003;ALBANYA;8;0;0;1;0;3;4;0;1;0;7;0;5;0;2;0;2;1;0;0;0;1;4
17004;ALBONS;29;1;7;10;0;3;8;1;5;3;20;0;11;0;3;2;0;5;1;2;1;0;8
17005;FAR D'EMPORDA, EL;17;1;4;3;1;2;6;0;2;5;10;0;7;0;3;1;0;3;0;0;1;0;6
17006;ALP;51;3;15;6;0;12;15;0;0;2;48;1;160;14;68;2;27;49;0;0;0;2;158
17007;AMER;83;2;8;24;3;15;31;3;17;6;53;4;22;3;5;1;1;11;1;0;6;1;15
17008;ANGLES;246;8;39;72;2;42;83;7;34;27;159;19;121;4;52;6;3;56;0;0;83;13;25
17009;ARBUCIES;278;14;37;79;5;62;81;20;66;14;165;13;93;5;37;8;10;32;1;9;29;4;51
17010;ARGELAGUER;21;1;3;7;1;5;4;0;4;1;16;0;25;1;17;0;0;7;0;0;13;0;12
17011;ARMENTERA, L';40;2;5;8;2;10;13;12;0;3;25;0;10;1;6;0;1;2;0;4;0;1;5
17012;AVINYONET DE PUIGVENTOS;49;0;10;8;2;13;16;0;7;4;38;0;17;0;14;1;0;2;0;0;1;5;11
17013;BEGUR;142;11;13;35;5;33;45;1;9;14;116;2;104;11;47;6;3;36;1;0;11;26;67
17014;VAJOL, LA;16;0;4;5;0;1;6;0;2;2;12;0;0;0;0;0;0;0;0;0;0;0;0
17015;BANYOLES;758;44;127;197;38;158;194;42;114;53;502;47;273;15;79;19;18;115;27;3;38;14;218
17016;BASCARA;44;2;3;8;2;11;18;4;3;0;37;0;11;1;4;3;0;3;0;2;0;2;7
17018;BELLCAIRE D'EMPORDA;22;1;2;6;1;2;10;0;2;2;17;1;8;1;6;1;0;0;0;0;0;4;4
17019;BESALU;61;0;7;17;1;14;22;1;11;6;42;1;32;1;14;0;0;14;3;0;10;1;21
17020;BESCANO;149;8;20;34;4;21;62;1;22;15;108;3;57;6;28;2;2;17;2;1;6;2;48
17021;BEUDA;6;0;2;0;0;3;1;0;0;1;5;0;1;0;1;0;0;0;0;0;1;0;0
17022;BISBAL D'EMPORDA, LA;668;27;135;154;24;170;158;41;60;61;451;55;117;6;55;9;5;39;3;5;12;20;80
17023;BLANES;2845;158;440;624;131;618;874;46;169;226;2264;140;672;31;300;22;26;271;22;10;22;45;595
17024;BOLVIR;6;0;1;2;0;0;3;0;2;0;4;0;13;2;7;0;0;4;0;0;0;0;13
17025;BORDILS;71;9;11;14;2;16;19;4;11;7;44;5;9;2;6;0;0;1;0;6;1;0;2
17026;BORRASSA;21;0;2;1;0;10;8;0;1;0;20;0;4;0;4;0;0;0;0;0;3;0;1
17027;BREDA;180;8;21;58;4;28;61;1;45;12;119;3;37;4;16;1;2;13;1;0;24;3;10
17028;BRUNYOLA;8;1;3;1;0;0;3;0;0;0;8;0;12;3;7;0;0;2;0;0;6;0;6
17029;BOADELLA I LES ESCAULES;10;0;1;2;0;4;3;0;2;1;7;0;4;0;2;1;1;0;0;0;2;0;2
17030;CABANES;53;3;11;9;2;13;15;3;4;3;39;4;9;1;6;0;0;2;0;2;0;2;5
17031;CABANELLES;12;0;2;2;0;4;4;1;0;2;9;0;21;5;4;0;1;10;1;0;0;1;20
17032;CADAQUES;95;5;14;20;6;27;23;0;7;5;81;2;45;11;18;3;1;8;4;0;2;7;36
17033;CALDES DE MALAVELLA;345;24;41;88;9;80;103;9;48;32;232;24;153;4;60;8;4;74;3;2;8;16;127
17034;CALONGE;605;26;101;144;27;136;171;13;27;67;459;39;122;11;54;5;12;36;4;2;1;27;92
17035;CAMOS;21;1;3;3;0;6;8;1;1;2;16;1;1;0;1;0;0;0;0;0;0;1;0
17036;CAMPDEVANOL;107;6;15;21;2;20;43;2;20;6;76;3;39;1;8;2;2;24;2;2;4;1;32
17037;CAMPELLES;1;0;0;0;0;1;0;0;0;0;1;0;6;1;1;0;0;4;0;0;1;0;5
17038;CAMPLLONG;10;0;1;2;2;3;2;1;1;1;7;0;52;4;19;4;1;22;2;1;36;2;13
17039;CAMPRODON;61;2;10;16;1;13;19;3;6;5;45;2;39;2;9;0;3;25;0;0;1;0;38
17040;CANET D'ADRI;22;0;4;10;0;4;4;0;1;1;19;1;1;0;0;0;0;1;0;0;0;0;1
17041;CANTALLOPS;7;1;1;1;1;0;3;1;0;1;4;1;2;1;0;0;0;1;0;0;0;0;2
17042;CAPMANY;23;1;5;4;0;5;8;2;3;1;17;0;13;2;2;3;2;3;1;2;4;1;6
17043;QUERALBS;4;0;0;2;0;0;2;0;0;0;4;0;4;1;2;0;0;1;0;0;0;1;3
17044;CASSA DE LA SELVA;441;15;83;98;21;102;122;24;84;25;281;27;223;8;136;9;10;57;3;6;107;22;88
17046;CASTELLFOLLIT DE LA ROCA;33;2;6;8;1;8;8;1;7;6;18;1;8;2;1;0;1;2;2;0;0;1;7
17047;CASTELLO D'EMPURIES;682;20;120;166;36;166;174;21;49;58;498;56;164;23;57;9;9;59;7;1;21;19;123
17048;CASTELL-PLATJA D'ARO;505;20;85;132;15;124;129;5;22;51;415;12;389;16;172;27;26;130;18;1;2;42;344
17049;CELRA;185;8;28;50;11;44;44;7;36;9;124;9;159;14;94;4;6;36;5;2;41;12;104
17050;CERVIA DE TER;30;2;3;8;0;3;14;3;3;4;20;0;7;0;3;0;0;4;0;0;0;1;6
17051;CISTELLA;11;1;1;5;0;1;3;1;1;1;7;1;0;0;0;0;0;0;0;0;0;0;0
17052;SIURANA;2;0;1;0;0;1;0;0;0;0;2;0;8;0;6;1;0;0;1;1;2;1;4
17054;COLERA;21;1;4;5;0;2;9;2;0;1;18;0;18;9;1;0;8;0;0;0;0;0;18
17055;COLOMERS;8;1;2;0;0;2;3;0;1;1;5;1;1;0;0;0;0;1;0;0;0;0;1
17056;CORNELLA DEL TERRI;53;2;9;15;1;11;15;2;10;5;36;0;859;11;581;7;9;246;5;2;806;4;47
17057;CORÇA;37;0;4;10;0;10;13;0;8;3;26;0;19;3;7;0;0;5;4;0;1;1;17
17058;CRESPIA;10;0;0;3;0;5;2;0;3;1;6;0;2;1;1;0;0;0;0;0;2;0;0
17060;DARNIUS;17;1;0;5;0;3;8;0;0;2;15;0;2;0;0;1;0;1;0;0;0;1;1
17061;DAS;0;0;0;0;0;0;0;0;0;0;0;0;7;0;3;0;1;3;0;0;0;0;7
17062;ESCALA, L';512;23;86;127;15;92;169;10;39;50;404;9;310;11;65;8;18;204;4;2;5;10;293
17063;ESPINELVES;1;1;0;0;0;0;0;0;1;0;0;0;2;0;2;0;0;0;0;0;0;0;2
17064;ESPOLLA;11;1;2;1;1;2;4;0;2;0;8;1;1;0;1;0;0;0;0;0;1;0;0
17065;ESPONELLA;10;0;3;4;0;1;2;1;2;1;6;0;2;0;0;0;0;2;0;0;0;0;2
17066;FIGUERES;3366;136;653;723;154;832;868;195;208;251;2405;307;748;53;274;29;35;331;26;9;59;52;628
17067;FLAÇA;28;0;3;8;4;4;9;0;3;2;20;3;7;0;3;0;2;1;1;0;1;0;6
17068;FOIXA;10;0;1;3;0;3;3;0;0;0;10;0;1;0;1;0;0;0;0;0;0;1;0
17069;FONTANALS DE CERDANYA;6;0;1;1;0;3;1;0;0;0;6;0;12;0;3;4;0;5;0;1;0;0;11
17070;FONTANILLES;5;0;0;3;0;0;2;0;1;0;4;0;0;0;0;0;0;0;0;0;0;0;0
17071;FONTCOBERTA;38;2;5;8;1;13;9;2;9;3;24;0;8;0;3;0;1;4;0;0;0;1;7
17073;FORNELLS DE LA SELVA;75;0;12;14;1;22;26;1;10;3;60;1;92;20;40;5;10;14;3;4;5;12;71
17074;FORTIA;32;0;6;11;1;8;6;0;6;5;21;0;1;0;1;0;0;0;0;0;0;0;1
17075;GARRIGAS;21;1;3;6;1;6;4;1;0;2;18;0;13;0;7;0;0;6;0;1;0;0;12
17076;GARRIGOLES;4;0;0;1;0;2;1;0;0;0;4;0;0;0;0;0;0;0;0;0;0;0;0
17077;GARRIGUELLA;33;2;6;8;0;10;7;2;7;2;21;1;32;0;20;3;0;8;1;9;9;1;13
17078;GER;3;0;0;0;0;2;1;0;0;0;3;0;6;1;3;0;0;1;1;0;1;1;4
17079;GIRONA;5141;261;965;1158;209;1259;1289;108;448;456;3765;364;4837;164;1862;96;170;2429;116;6;803;164;3864
17080;GOMBREN;9;1;1;4;0;0;3;1;2;0;6;0;1;0;0;0;0;1;0;0;1;0;0
17081;GUALTA;16;1;1;4;1;4;5;1;0;1;14;0;14;0;11;0;0;3;0;12;0;0;2
17082;GUILS DE CERDANYA;9;1;1;0;0;3;4;0;0;2;6;1;7;1;5;0;1;0;0;0;0;0;7
17083;HOSTALRIC;219;3;35;55;3;49;74;6;48;13;148;4;262;23;149;1;5;81;3;0;41;8;213
17084;ISOVOL;2;0;1;0;0;0;1;0;0;0;2;0;30;0;5;0;0;24;1;0;1;0;29
17085;JAFRE;11;0;5;3;0;0;3;2;3;0;6;0;7;2;3;0;1;1;0;5;0;0;2
17086;JONQUERA, LA;212;7;49;54;6;53;43;7;3;5;190;7;206;10;72;10;18;82;14;1;1;0;204
17087;JUIA;7;0;1;1;0;1;4;0;2;1;4;0;38;0;18;5;0;15;0;0;13;2;23
17088;LLADO;19;1;1;4;0;7;6;1;2;2;14;0;8;1;3;0;0;4;0;0;0;2;6
17089;LLAGOSTERA;441;19;79;119;14;87;123;11;51;76;266;37;79;5;39;1;5;26;3;3;12;17;47
17090;LLAMBILLES;10;0;0;4;0;2;4;0;1;0;9;0;8;2;3;1;0;2;0;0;3;0;5
17091;LLANARS;11;0;0;2;0;5;4;0;1;0;10;0;3;0;1;0;0;2;0;0;0;0;3
17092;LLANÇA;251;9;37;59;19;54;73;5;19;23;200;4;42;2;15;2;4;19;0;2;7;6;27
17093;LLERS;48;2;8;5;5;12;16;1;7;2;35;3;47;1;26;4;2;13;1;3;8;1;35
17094;LLIVIA;38;0;6;10;0;12;10;1;1;4;32;0;22;4;4;0;2;12;0;0;0;1;21
17095;LLORET DE MAR;2235;143;383;449;100;535;625;14;62;152;1939;68;835;25;420;30;32;307;21;0;22;89;724
17096;LLOSSES, LES;8;0;0;3;0;4;1;0;1;0;7;0;0;0;0;0;0;0;0;0;0;0;0
17097;MADREMANYA;4;1;0;0;0;0;3;0;0;0;4;0;26;0;13;0;1;12;0;0;0;0;26
17098;MAIA DE MONTCAL;16;0;6;5;0;2;3;1;2;1;12;0;4;1;1;0;0;2;0;0;0;0;4
17099;MERANGES;3;0;0;0;0;1;2;0;0;0;3;0;0;0;0;0;0;0;0;0;0;0;0
17100;MASARAC;9;1;0;2;0;3;3;0;2;1;6;0;1;0;0;1;0;0;0;1;0;0;0
17101;MASSANES;59;0;13;13;0;14;19;1;17;6;34;1;17;4;9;1;0;3;0;0;2;0;15
17102;MAÇANET DE CABRENYS;26;0;5;11;0;4;6;0;0;8;18;0;7;0;3;0;1;3;0;2;0;0;5
17103;MAÇANET DE LA SELVA;512;17;69;140;20;105;161;7;62;52;364;27;130;6;56;7;3;53;5;2;74;8;46
17105;MIERES;15;0;5;5;1;2;2;0;1;2;11;1;4;0;0;0;0;4;0;0;1;0;3
17106;MOLLET DE PERALADA;9;1;1;4;1;1;1;2;0;0;7;0;1;0;0;0;0;1;0;0;0;0;1
17107;MOLLO;3;0;0;2;0;0;1;1;0;0;2;0;2;1;0;0;1;0;0;1;0;0;1
17109;MONTAGUT I OIX;32;0;6;14;0;7;5;0;6;4;22;0;12;4;1;0;1;5;1;1;4;2;5
17110;MONT-RAS;73;1;12;14;1;19;26;0;8;9;56;0;23;5;10;3;2;3;0;0;1;10;12
17111;NAVATA;37;2;6;9;3;4;13;1;4;1;28;3;15;0;4;2;0;9;0;1;0;2;12
17112;OGASSA;9;0;0;2;0;2;5;1;2;0;6;0;0;0;0;0;0;0;0;0;0;0;0
17114;OLOT;1389;75;224;341;39;281;429;22;258;71;955;83;1052;26;456;22;49;471;28;4;573;22;453
17115;ORDIS;10;1;1;1;1;1;5;0;0;0;10;0;32;0;18;2;0;9;3;0;31;0;1
17116;OSOR;23;1;1;8;0;5;8;1;6;1;15;0;4;0;2;0;0;2;0;1;0;0;3
17117;PALAFRUGELL;1334;55;218;325;46;316;374;36;84;168;965;81;363;24;176;19;25;107;12;2;71;63;227
17118;PALAMOS;1031;45;164;238;58;203;323;10;94;100;789;38;385;36;143;9;22;161;14;9;80;33;263
17119;PALAU DE SANTA EULALIA;4;0;0;0;0;1;3;0;0;0;4;0;0;0;0;0;0;0;0;0;0;0;0
17120;PALAU-SAVERDERA;49;5;6;12;3;12;11;2;7;6;32;2;25;1;11;1;3;7;2;2;1;1;21
17121;PALAU-SATOR;7;1;0;1;0;3;2;0;2;0;5;0;15;1;12;0;1;1;0;6;0;0;9
17123;PALOL DE REVARDIT;14;0;3;0;1;3;7;0;1;0;13;0;33;1;23;1;0;8;0;2;9;0;22
17124;PALS;81;3;11;18;4;18;27;1;4;6;68;2;43;5;15;1;4;14;4;2;1;9;31
17125;PARDINES;1;0;0;1;0;0;0;0;0;0;1;0;0;0;0;0;0;0;0;0;0;0;0
17126;PARLAVA;11;1;3;4;0;0;3;1;1;0;8;1;1;0;0;0;0;1;0;0;1;0;0
17128;PAU;16;0;1;5;0;2;8;0;0;3;12;1;19;0;16;0;0;3;0;11;1;4;3
17129;PEDRET I MARZA;8;0;2;3;0;1;2;0;1;2;4;1;7;0;5;1;0;1;0;3;2;0;2
17130;PERA, LA;13;1;2;2;0;3;5;0;1;2;10;0;18;0;11;1;1;4;1;0;13;2;3
17132;PERALADA;54;3;8;9;3;16;15;1;0;1;49;3;83;10;51;3;2;10;7;11;2;0;70
17133;PLANES D'HOSTOLES, LES;58;0;7;21;0;9;21;3;16;5;29;5;17;0;8;0;3;5;1;0;8;3;6
17134;PLANOLES;5;0;1;1;0;2;1;0;0;1;4;0;4;0;0;0;0;4;0;0;2;0;2
17135;PONT DE MOLINS;18;3;1;5;0;2;7;0;0;1;17;0;16;0;6;4;2;2;2;0;1;1;14
17136;PONTOS;9;0;1;4;0;1;3;1;1;1;6;0;3;1;2;0;0;0;0;0;0;1;2
17137;PORQUERES;112;7;28;31;4;14;28;1;19;9;81;2;364;1;226;2;0;131;4;0;321;1;42
17138;PORTBOU;41;2;9;9;1;9;11;0;0;0;40;1;8;1;5;1;0;1;0;0;0;1;7
17139;PRESES, LES;47;1;2;16;1;10;17;0;6;5;36;0;65;3;34;1;0;23;4;2;39;1;23
17140;PORT DE LA SELVA, EL;35;0;15;7;2;8;3;1;1;1;30;2;12;0;7;0;2;3;0;2;0;3;7
17141;PUIGCERDA;276;8;46;49;14;76;83;2;11;27;234;2;191;12;70;7;11;83;8;0;5;17;169
17142;QUART;118;7;25;21;5;32;28;7;14;10;82;5;52;4;24;1;4;19;0;1;29;3;19
17143;RABOS;1;0;1;0;0;0;0;1;0;0;0;0;0;0;0;0;0;0;0;0;0;0;0
17144;REGENCOS;6;0;1;1;0;1;3;0;1;1;4;0;5;0;3;2;0;0;0;0;2;1;2
17145;RIBES DE FRESER;64;2;18;16;0;10;18;2;13;4;45;0;37;1;19;1;3;11;2;0;9;0;28
17146;RIELLS I VIABREA;273;6;37;52;7;52;119;1;44;19;199;10;53;4;20;6;1;16;6;0;30;4;19
17147;RIPOLL;425;21;69;105;11;72;147;10;91;25;272;27;192;12;85;11;9;70;5;9;64;7;112
17148;RIUDARENES;98;4;18;25;1;23;27;2;20;9;64;3;88;2;57;3;2;23;1;3;44;9;32
17149;RIUDAURA;10;0;1;1;0;2;6;0;2;0;8;0;1;0;1;0;0;0;0;0;0;0;1
17150;RIUDELLOTS DE LA SELVA;63;2;11;14;2;16;18;5;17;2;36;3;743;21;392;29;12;274;15;0;248;9;486
17151;RIUMORS;8;2;2;1;0;1;2;1;0;1;6;0;1;0;0;0;0;1;0;0;0;0;1
17152;ROSES;1113;55;168;266;65;265;294;30;41;97;899;46;256;33;103;14;9;85;12;6;37;54;159
17153;RUPIA;11;1;1;4;1;2;2;1;1;1;8;0;1;0;0;0;1;0;0;0;0;0;1
17154;SALES DE LLIERCA;6;0;3;2;0;1;0;0;1;1;4;0;3;1;1;0;0;1;0;0;0;0;3
17155;SALT;2295;115;433;596;112;562;477;111;197;300;1461;226;577;39;183;12;18;316;9;1;11;24;541
17157;SANT ANDREU SALOU;1;0;0;0;0;1;0;0;0;0;1;0;15;0;12;0;0;3;0;0;0;0;15
17158;SANT CLIMENT SESCEBES;18;1;3;2;2;7;3;2;3;1;12;0;13;0;5;0;3;5;0;1;0;5;7
17159;SANT FELIU DE BUIXALLEU;43;0;6;12;1;3;21;0;5;4;34;0;43;0;21;6;0;10;6;1;25;0;17
17160;SANT FELIU DE GUIXOLS;1330;52;231;318;45;287;397;22;82;171;1002;53;275;22;94;22;12;111;14;2;9;49;215
17161;SANT FELIU DE PALLEROLS;45;1;8;14;1;8;13;2;8;3;30;2;17;1;5;2;3;6;0;3;2;2;10
17162;SANT FERRIOL;14;0;0;7;0;4;3;0;1;1;12;0;6;1;4;0;0;1;0;0;0;0;6
17163;SANT GREGORI;77;2;13;13;3;21;25;2;6;8;59;2;93;2;38;5;2;43;3;9;23;1;60
17164;SANT HILARI SACALM;201;7;18;45;6;48;77;18;41;4;116;22;66;6;35;0;3;19;3;20;12;4;30
17165;SANT JAUME DE LLIERCA;38;2;10;2;2;11;11;3;7;0;26;2;88;1;32;8;1;44;2;0;87;0;1
17166;SANT JORDI DESVALLS;20;0;4;8;0;3;5;2;4;3;11;0;3;0;2;0;0;1;0;1;0;0;2
17167;SANT JOAN DE LES ABADESSES;102;1;14;29;0;17;41;0;23;5;69;5;25;0;13;0;0;8;4;0;7;0;18
17168;SANT JOAN DE MOLLET;17;1;2;7;1;2;4;1;0;1;15;0;2;1;1;0;0;0;0;1;0;0;1
17169;SANT JULIA DE RAMIS;124;4;22;26;3;31;38;4;17;11;85;7;55;4;33;4;1;10;3;0;4;6;45
17170;VALLFOGONA DE RIPOLLES;7;0;0;3;0;1;3;1;2;0;4;0;4;0;3;1;0;0;0;0;2;0;2
17171;SANT LLORENÇ DE LA MUGA;9;0;1;2;0;3;3;0;0;0;9;0;0;0;0;0;0;0;0;0;0;0;0
17172;SANT MARTI DE LLEMENA;21;2;5;6;0;2;6;0;1;3;17;0;50;0;25;0;0;25;0;0;0;1;49
17173;SANT MARTI VELL;16;3;1;4;1;2;5;2;1;0;11;2;3;0;2;0;0;1;0;0;0;0;3
17174;SANT MIQUEL DE CAMPMAJOR;5;0;1;3;0;1;0;0;0;0;4;1;11;5;2;1;3;0;0;0;0;0;11
17175;SANT MIQUEL DE FLUVIA;61;1;10;19;3;16;12;3;6;11;39;2;1;1;0;0;0;0;0;1;0;0;0
17176;SANT MORI;11;0;3;1;1;2;4;1;0;0;9;1;0;0;0;0;0;0;0;0;0;0;0
17177;SANT PAU DE SEGURIES;20;1;2;7;0;5;5;0;3;1;16;0;1;0;0;0;1;0;0;0;0;0;1
17178;SANT PERE PESCADOR;114;3;29;23;4;34;21;27;4;9;74;0;70;3;50;3;4;10;0;40;1;3;26
17180;SANTA COLOMA DE FARNERS;591;21;89;127;19;137;198;25;106;39;376;45;466;9;219;9;8;214;7;6;235;5;220
17181;SANTA CRISTINA D'ARO;228;14;40;51;14;48;61;6;15;16;180;11;60;4;24;6;6;19;1;0;0;20;40
17182;SANTA LLOGAIA D'ALGUEMA;20;1;3;6;1;5;4;0;1;0;16;3;8;2;2;0;1;3;0;0;0;1;7
17183;SANT ANIOL DE FINESTRES;12;0;1;6;0;1;4;0;1;2;9;0;1;0;0;0;0;1;0;0;1;0;0
17184;SANTA PAU;48;2;4;11;0;11;20;0;13;3;31;1;31;2;12;0;3;13;1;0;5;0;26
17185;SANT JOAN LES FONTS;85;2;10;18;3;27;25;3;18;7;56;1;206;6;123;10;3;61;3;2;175;4;25
17186;SARRIA DE TER;157;11;28;28;7;32;51;2;15;12;118;10;39;2;15;3;5;13;1;0;11;1;27
17187;SAUS;27;0;4;8;0;3;12;0;5;2;18;2;4;0;2;1;0;1;0;0;2;0;2
17188;SELVA DE MAR, LA;12;1;0;3;1;3;4;0;1;1;9;1;0;0;0;0;0;0;0;0;0;0;0
17189;CELLERA DE TER, LA;56;2;4;17;1;10;22;0;16;4;35;1;39;1;27;1;0;10;0;0;23;4;12
17190;SERINYA;35;1;3;10;2;11;8;0;4;3;28;0;61;0;41;3;1;16;0;1;49;3;8
17191;SERRA DE DARO;2;0;0;0;0;1;1;0;0;0;2;0;3;0;3;0;0;0;0;0;1;0;2
17192;SETCASES;1;0;1;0;0;0;0;0;1;0;0;0;10;2;3;0;0;5;0;0;0;0;10
17193;SILS;321;15;42;84;17;67;96;3;48;40;215;15;80;2;28;6;2;33;9;1;16;8;55
17194;SUSQUEDA;2;0;0;2;0;0;0;0;0;0;2;0;0;0;0;0;0;0;0;0;0;0;0
17195;TALLADA D'EMPORDA, LA;11;0;2;3;0;5;1;0;0;0;11;0;17;0;17;0;0;0;0;15;0;1;1
17196;TERRADES;11;0;1;4;0;5;1;0;0;1;10;0;0;0;0;0;0;0;0;0;0;0;0
17197;TORRENT;4;0;0;2;1;0;1;1;0;0;3;0;13;2;5;2;0;3;1;0;1;3;9
17198;TORROELLA DE FLUVIA;33;1;4;8;2;9;9;0;5;4;24;0;6;0;3;1;0;2;0;1;0;0;5
17199;TORROELLA DE MONTGRI;552;39;95;134;36;119;129;32;28;43;426;23;193;10;111;8;18;41;5;34;21;29;109
17200;TORTELLA;19;1;2;8;0;4;4;0;3;0;16;0;15;0;7;4;0;4;0;0;12;1;2
17201;TOSES;2;0;1;0;0;1;0;0;0;0;2;0;7;2;1;0;3;1;0;0;0;0;7
17202;TOSSA DE MAR;265;27;50;61;14;52;61;1;3;11;244;6;144;9;67;9;4;55;0;0;1;30;113
17203;ULTRAMORT;3;0;0;1;1;1;0;0;0;0;3;0;10;0;8;0;1;1;0;8;0;0;2
17204;ULLA;56;1;12;12;2;9;20;9;4;4;36;3;15;1;13;0;0;1;0;10;2;0;3
17205;ULLASTRET;8;1;0;1;0;6;0;0;1;0;7;0;3;1;0;0;0;2;0;0;0;0;3
17206;URUS;1;0;0;0;0;0;1;0;0;0;1;0;10;0;3;0;0;6;1;0;0;0;10
17207;VALL D'EN BAS, LA;58;1;5;18;1;10;23;1;15;5;35;2;39;5;11;3;4;14;2;1;18;2;18
17208;VALL DE BIANYA, LA;36;0;4;13;1;7;11;1;6;4;23;2;22;0;10;2;1;7;2;0;14;3;5
17209;VALL-LLOBREGA;43;2;8;6;0;5;22;1;4;6;32;0;13;1;3;1;1;7;0;1;1;0;11
17210;VENTALLO;25;1;4;8;3;3;6;4;1;3;16;1;25;0;19;1;0;5;0;8;0;1;16
17211;VERGES;41;0;7;9;1;14;10;3;3;6;27;2;8;0;6;1;0;1;0;0;0;5;3
17212;VIDRA;5;0;0;2;0;1;2;0;2;0;3;0;2;0;1;1;0;0;0;2;0;0;0
17213;VIDRERES;372;11;58;76;16;89;122;9;38;29;286;10;102;2;45;3;6;45;1;0;39;6;57
17214;VILABERTRAN;43;1;4;8;2;8;20;0;5;2;34;2;6;0;3;1;1;1;0;3;1;0;2
17215;VILABLAREIX;70;6;14;9;2;17;22;0;13;4;52;1;74;7;37;8;5;16;1;1;5;10;58
17216;VILADASENS;4;0;0;2;1;0;1;0;0;0;3;1;2;1;1;0;0;0;0;0;1;0;1
17217;VILADAMAT;12;1;1;6;0;2;2;0;2;1;9;0;10;1;1;0;0;7;1;0;0;0;10
17218;VILADEMULS;26;0;3;4;0;6;13;1;0;1;24;0;13;1;5;2;0;5;0;1;0;3;9
17220;VILADRAU;26;3;2;10;1;5;5;1;5;3;15;2;36;1;18;1;1;14;1;0;22;0;14
17221;VILAFANT;236;14;36;52;8;44;82;5;22;24;178;7;85;4;55;3;3;19;1;0;11;12;62
17222;VILAÜR;1;0;0;1;0;0;0;0;1;0;0;0;2;0;0;0;0;2;0;0;0;0;2
17223;VILAJUIGA;59;3;10;14;4;9;19;3;4;6;46;0;12;3;4;1;0;4;0;1;2;0;9
17224;VILALLONGA DE TER;10;2;1;4;0;2;1;0;3;1;6;0;4;0;1;1;0;2;0;0;0;0;4
17225;VILAMACOLUM;16;1;4;2;0;6;3;2;0;1;13;0;7;1;3;1;1;1;0;3;0;2;2
17226;VILAMALLA;47;1;8;16;3;8;11;1;4;8;31;3;216;10;138;19;6;35;8;0;120;4;92
17227;VILAMANISCLE;3;0;0;0;1;0;2;0;0;0;3;0;3;0;1;1;0;1;0;0;0;1;2
17228;VILANANT;10;0;1;1;2;2;4;0;1;0;8;1;1;0;0;0;0;1;0;0;0;0;1
17230;VILA-SACRA;26;3;3;5;1;5;9;3;3;3;16;1;8;0;5;3;0;0;0;0;0;2;6
17232;VILOPRIU;5;1;0;2;0;1;1;1;0;1;2;1;0;0;0;0;0;0;0;0;0;0;0
17233;VILOBI D'ONYAR;107;10;20;18;2;24;33;2;18;4;79;4;153;8;46;10;3;84;2;1;17;7;128
17234;BIURE;11;0;2;4;0;2;3;1;0;3;7;0;0;0;0;0;0;0;0;0;0;0;0
17901;CRUILLES, MONELLS I SANT SADURNI DE L'HE;61;1;3;15;5;15;22;1;6;6;48;0;19;0;9;5;1;3;1;1;10;3;5
17902;FORALLAC;52;3;8;14;3;10;14;2;9;2;35;4;32;3;10;3;2;14;0;0;4;1;27
17903;SANT JULIA DEL LLOR I BONMATI;62;2;6;18;1;13;22;1;10;9;42;0;19;0;7;0;0;12;0;0;14;1;4
18001;AGRON;28;1;8;2;4;11;2;1;1;1;22;3;17;0;4;1;0;12;0;0;1;1;15
18002;ALAMEDILLA;31;3;3;6;5;6;8;2;0;11;16;2;63;0;40;0;0;23;0;54;0;5;4
18003;ALBOLOTE;1646;64;287;307;50;446;492;95;116;149;1121;165;732;17;482;13;4;210;6;193;59;69;411
18004;ALBONDON;51;4;11;9;3;11;13;6;0;8;29;8;11;0;9;0;0;2;0;6;1;4;0
18005;ALBUÑAN;30;1;4;9;0;9;7;3;2;5;20;0;28;1;14;0;0;13;0;0;1;14;13
18006;ALBUÑOL;499;22;115;93;43;146;80;152;13;38;261;35;296;3;166;1;5;120;1;245;5;2;44
18007;ALBUÑUELAS;44;6;8;8;4;12;6;8;2;13;18;3;33;0;21;0;0;12;0;16;1;11;5
18010;ALDEIRE;56;3;7;16;6;12;12;3;4;21;23;5;16;0;10;0;0;6;0;0;2;6;8
18011;ALFACAR;518;16;93;122;25;141;121;18;42;73;335;50;88;3;44;1;3;36;1;0;9;22;57
18012;ALGARINEJO;74;11;12;20;7;15;9;22;3;10;29;10;191;2;132;1;0;56;0;126;6;32;27
18013;ALHAMA DE GRANADA;350;20;61;72;25;94;78;105;15;17;196;17;447;4;311;1;1;130;0;310;9;31;97
18014;ALHENDIN;923;39;163;169;44;279;229;22;43;79;688;91;172;5;127;1;2;36;1;1;82;2;87
18015;ALICUN DE ORTEGA;33;0;5;7;3;15;3;8;1;4;18;2;29;0;21;0;0;8;0;26;2;0;1
18016;ALMEGIJAR;16;1;3;6;0;2;4;1;0;1;14;0;11;0;8;0;0;3;0;5;0;2;4
18017;ALMUÑECAR;2529;85;418;561;99;676;690;110;93;209;1883;234;611;14;315;6;20;244;12;75;35;46;455
18018;ALQUIFE;46;1;4;15;0;9;17;1;2;4;39;0;4;0;1;0;0;3;0;0;1;1;2
18020;ARENAS DEL REY;105;13;9;21;7;20;35;21;7;6;66;5;102;0;60;0;0;42;0;85;0;0;17
18021;ARMILLA;2586;101;467;484;97;729;708;88;119;178;1956;245;924;26;341;15;21;508;13;0;21;33;870
18022;ATARFE;1941;90;325;330;105;647;444;134;165;162;1260;220;534;10;322;13;4;174;11;69;51;55;359
18023;BAZA;1654;75;247;375;70;451;436;229;129;144;999;153;401;7;204;9;6;168;7;105;22;31;243
18024;BEAS DE GRANADA;70;3;11;16;7;17;16;3;1;10;46;10;17;0;8;0;0;9;0;1;0;4;12
18025;BEAS DE GUADIX;32;1;8;8;1;7;7;5;4;4;18;1;1;0;0;0;1;0;0;0;0;0;1
18027;BENALUA;462;34;98;89;35;136;70;54;62;43;269;34;52;0;29;1;0;22;0;8;10;5;29
18028;BENALUA DE LAS VILLAS;44;0;12;12;3;8;9;13;2;6;21;2;55;0;41;3;0;11;0;44;6;4;1
18029;BENAMAUREL;129;4;29;33;10;29;24;25;17;14;63;10;40;0;21;0;0;18;1;14;1;2;23
18030;BERCHULES;42;1;9;11;0;8;13;6;0;8;25;3;26;0;12;0;0;14;0;7;0;5;14
18032;BUBION;32;0;4;9;0;9;10;0;1;1;28;2;12;0;4;0;1;7;0;4;0;0;8
18033;BUSQUISTAR;35;1;4;9;2;9;10;6;2;1;24;2;3;0;3;0;0;0;0;0;0;1;2
18034;CACIN;36;0;7;7;2;13;7;7;2;2;25;0;33;0;25;0;0;8;0;28;0;0;5
18035;CADIAR;130;5;20;41;9;30;25;12;5;24;75;14;27;0;14;0;0;11;2;5;1;8;13
18036;CAJAR;414;19;63;80;15;116;121;6;26;38;298;46;80;2;30;0;2;46;0;0;0;12;68
18037;CALICASAS;54;0;7;18;3;15;11;8;0;18;26;2;37;0;27;0;0;10;0;32;0;0;5
18038;CAMPOTEJAR;80;2;7;24;8;29;10;17;1;10;45;7;80;1;54;0;1;24;0;49;2;8;21
18039;CANILES;272;12;43;65;11;82;59;45;24;46;141;16;202;0;72;0;1;129;0;129;5;33;35
18040;CAÑAR;38;1;8;13;0;7;9;2;1;6;24;5;5;0;4;0;0;1;0;0;0;1;4
18042;CAPILEIRA;46;1;11;13;1;7;13;0;0;11;34;1;19;0;10;0;0;8;1;1;0;0;18
18043;CARATAUNAS;13;0;2;5;0;2;4;1;0;4;7;1;4;0;3;0;0;1;0;0;0;4;0
18044;CASTARAS;9;0;1;7;0;1;0;2;0;6;1;0;1;0;1;0;0;0;0;1;0;0;0
18045;CASTILLEJAR;92;5;13;28;4;24;18;18;4;13;53;4;30;0;19;0;0;11;0;22;0;5;3
18046;CASTRIL;116;4;24;31;4;27;26;21;4;10;77;4;86;0;46;1;0;39;0;38;2;25;21
18047;CENES DE LA VEGA;853;35;116;182;35;224;261;23;40;58;647;85;207;2;81;2;11;107;4;1;0;12;194
18048;CIJUELA;341;18;69;52;18;114;70;41;16;35;218;31;70;3;40;2;1;22;2;23;6;14;27
18049;COGOLLOS DE GUADIX;63;1;11;26;2;10;13;1;8;7;46;1;5;0;5;0;0;0;0;0;1;1;3
18050;COGOLLOS DE LA VEGA;165;11;33;45;2;55;19;21;7;73;57;7;106;0;62;0;0;42;2;79;2;12;13
18051;COLOMERA;113;5;22;23;9;32;22;12;7;15;74;5;158;22;104;1;1;30;0;140;1;17;0
18053;CORTES DE BAZA;108;4;21;32;4;30;17;26;6;6;64;6;98;0;64;0;0;34;0;92;2;1;3
18054;CORTES Y GRAENA;83;4;14;27;3;15;20;9;8;14;49;3;24;0;10;0;1;13;0;7;1;0;16
18056;CULLAR;219;11;27;46;13;58;64;22;17;20;147;13;194;2;74;0;1;117;0;73;7;23;91
18057;CULLAR VEGA;714;49;112;119;30;172;232;31;43;57;515;68;125;2;48;1;2;70;2;14;7;14;90
18059;CHAUCHINA;463;32;91;111;32;116;81;73;29;72;245;44;193;6;92;6;7;77;5;53;8;20;112
18061;CHIMENEAS;94;6;16;22;4;26;20;18;7;15;43;11;172;0;151;0;1;20;0;159;0;10;3
18062;CHURRIANA DE LA VEGA;1557;67;261;301;64;506;358;54;62;318;964;159;302;8;117;19;4;143;11;17;3;51;231
18063;DARRO;136;7;33;37;6;37;16;51;4;24;49;8;31;2;14;0;0;15;0;15;0;9;7
18064;DEHESAS DE GUADIX;20;2;2;5;2;5;4;12;0;0;8;0;10;0;6;0;0;4;0;2;4;4;0
18065;DEHESAS VIEJAS;41;1;5;13;2;11;9;12;5;3;20;1;4;0;4;0;0;0;0;4;0;0;0
18066;DEIFONTES;204;12;29;43;18;70;32;54;8;28;94;20;136;0;95;0;0;41;0;93;9;25;9
18067;DIEZMA;61;5;4;16;6;19;11;16;3;7;32;3;26;0;18;0;0;8;0;14;0;6;6
18068;DILAR;157;7;32;27;7;49;35;9;12;27;92;17;56;0;35;0;0;21;0;6;3;4;43
18069;DOLAR;32;1;7;9;1;9;5;6;2;7;16;1;23;0;11;2;1;9;0;2;3;6;12
18070;DUDAR;15;0;3;5;2;3;2;2;2;3;6;2;18;0;11;0;0;7;0;0;0;6;12
18071;DURCAL;785;31;118;179;39;210;208;65;48;105;518;49;181;7;80;0;4;90;0;39;13;12;117
18072;ESCUZAR;72;5;11;11;2;24;19;11;9;19;28;5;95;7;70;0;7;10;1;14;64;4;13
18074;FERREIRA;17;1;0;6;0;6;4;1;0;4;12;0;25;0;13;0;0;12;0;5;14;5;1
18076;FONELAS;66;2;8;15;7;21;13;12;2;10;38;4;24;0;10;0;1;13;0;4;3;15;2
18078;FREILA;57;4;8;16;2;19;8;14;0;11;28;4;32;0;18;0;0;13;1;23;0;6;3
18079;FUENTE VAQUEROS;483;32;93;105;38;127;88;108;14;45;278;38;158;4;71;1;2;79;1;40;6;32;80
18082;GALERA;65;3;10;18;1;10;23;6;4;7;45;3;21;0;12;0;0;9;0;12;2;5;2
18083;GOBERNADOR;7;1;2;1;0;2;1;1;0;0;6;0;12;0;10;0;0;2;0;12;0;0;0
18084;GOJAR;489;24;86;108;18;115;138;15;22;72;328;52;46;2;25;2;0;17;0;2;4;8;32
18085;GOR;56;1;6;36;0;7;6;11;1;16;26;2;10;1;6;0;0;3;0;6;0;0;4
18086;GORAFE;35;0;6;10;4;7;8;2;0;0;32;1;17;0;6;0;0;11;0;10;0;0;7
18087;GRANADA;22912;902;4499;4603;1036;6156;5716;906;953;1858;16283;2912;13639;210;6596;178;236;6221;198;766;761;495;11617
18088;GUADAHORTUNA;185;15;32;45;18;50;25;81;4;12;73;15;59;0;32;0;2;25;0;50;1;0;8
18089;GUADIX;1611;70;246;336;88;430;441;152;127;196;959;177;525;19;220;8;8;267;3;51;65;22;387
18093;GUALCHOS;259;12;58;77;4;53;55;57;2;21;163;16;651;4;308;0;7;332;0;224;0;11;416
18094;GÜEJAR SIERRA;225;16;37;53;11;55;53;14;9;34;152;16;101;4;53;0;1;43;0;2;2;4;93
18095;GÜEVEJAR;270;10;49;61;25;89;36;21;13;91;116;29;74;0;45;2;0;27;0;34;4;26;10
18096;HUELAGO;35;1;7;9;0;11;7;5;2;1;23;4;18;0;10;0;0;8;0;9;0;1;8
18097;HUENEJA;80;3;17;26;5;17;12;12;5;12;48;3;8;0;4;0;0;4;0;3;3;0;2
18098;HUESCAR;556;33;97;118;33;154;121;76;30;50;372;28;164;3;76;2;1;78;4;37;7;30;90
18099;HUETOR DE SANTILLAN;206;7;34;34;7;58;66;9;8;12;159;18;34;1;20;0;0;12;1;1;3;5;25
18100;HUETOR TAJAR;627;38;109;137;56;189;98;186;43;61;280;57;444;2;292;2;0;146;2;236;15;86;107
18101;HUETOR VEGA;1014;46;175;189;42;262;300;15;63;82;757;97;222;0;155;4;1;61;1;0;14;13;195
18102;ILLORA;605;42;91;145;52;178;97;174;25;40;312;54;640;14;483;1;2;138;2;538;12;8;82
18103;ITRABO;56;0;9;13;5;18;11;4;1;10;36;5;35;0;18;0;0;17;0;21;2;3;9
18105;IZNALLOZ;557;37;92;73;77;200;78;159;80;33;212;73;799;3;666;3;1;126;0;728;1;5;65
18106;JATAR                                   ;22;1;4;4;1;7;5;7;0;2;11;2;6;0;1;0;0;5;0;0;0;0;6
18107;JAYENA;99;11;15;22;5;23;23;23;5;33;33;5;40;1;28;0;0;11;0;24;1;11;4
18108;JEREZ DEL MARQUESADO;98;4;10;27;2;23;32;6;19;8;56;9;24;0;12;0;0;12;0;9;2;13;0
18109;JETE;53;0;10;12;3;18;10;3;2;7;36;5;17;0;8;0;0;9;0;12;0;0;5
18111;JUN;313;17;52;59;14;85;86;13;24;23;221;32;52;2;44;0;0;6;0;0;5;32;15
18112;JUVILES;11;0;3;3;0;1;4;1;0;1;8;1;2;0;0;1;1;0;0;0;2;0;0
18114;CALAHORRA, LA;53;1;6;17;1;17;11;1;1;12;36;3;35;0;12;0;0;23;0;2;0;10;23
18115;LACHAR;328;25;56;71;33;88;55;58;19;30;194;27;117;0;70;0;0;45;2;81;2;8;26
18116;LANJARON;349;16;62;87;14;97;73;10;24;24;262;29;153;0;60;3;2;86;2;6;20;2;125
18117;LANTEIRA;42;3;4;9;3;10;13;8;3;6;22;3;3;0;0;0;1;2;0;0;0;0;3
18119;LECRIN;127;7;17;37;7;25;34;9;4;15;86;13;95;0;27;0;0;68;0;48;1;10;36
18120;LENTEGI;25;0;6;8;0;5;6;2;3;6;14;0;6;0;3;1;0;2;0;4;1;0;1
18121;LOBRAS;6;0;2;2;0;0;2;0;1;0;5;0;4;0;2;0;0;2;0;1;0;0;3
18122;LOJA;1645;101;258;338;128;465;355;397;97;121;853;177;1112;10;694;14;4;386;4;684;27;42;359
18123;LUGROS;11;0;4;2;0;2;3;3;0;3;5;0;7;0;4;0;0;3;0;0;0;1;6
18124;LUJAR;20;1;4;5;2;4;4;4;0;0;13;3;252;0;150;1;0;101;0;252;0;0;0
18126;MALAHA, LA;191;7;33;50;8;65;28;15;17;34;113;12;51;0;22;0;0;29;0;10;1;11;29
18127;MARACENA;2232;85;368;465;88;617;609;85;148;193;1590;216;240;14;130;4;5;80;7;12;45;30;153
18128;MARCHAL;43;0;6;14;5;11;7;14;2;8;18;1;10;0;7;0;0;3;0;4;2;4;0
18132;MOCLIN;215;11;29;67;23;57;28;53;7;23;113;19;400;20;263;0;3;114;0;306;1;66;27
18133;MOLVIZAR;214;10;55;42;18;57;32;38;0;9;150;17;191;0;122;0;0;69;0;137;0;0;54
18134;MONACHIL;794;51;129;161;35;217;201;24;34;71;592;73;534;19;294;6;17;196;2;19;7;39;469
18135;MONTEFRIO;240;17;37;50;21;76;39;73;11;25;109;22;617;24;460;1;7;125;0;503;8;31;75
18136;MONTEJICAR;67;0;11;27;7;15;7;20;0;23;23;1;133;0;98;0;0;35;0;103;3;20;7
18137;MONTILLANA;51;0;4;20;2;10;15;10;0;9;30;2;119;1;101;0;0;17;0;100;2;7;10
18138;MORALEDA DE ZAFAYONA;183;11;19;46;21;52;34;31;11;22;101;18;278;1;184;5;0;87;1;191;4;49;34
18140;MOTRIL;5273;253;868;1108;308;1411;1325;695;168;506;3363;541;3409;28;1654;27;18;1665;17;1400;36;93;1880
18141;MURTAS;36;1;7;8;2;9;9;3;1;12;18;2;22;0;14;0;0;8;0;2;0;6;14
18143;NIGÜELAS;96;3;13;38;3;16;23;6;5;22;59;4;51;4;32;1;1;12;1;13;4;10;24
18144;NIVAR;79;3;10;23;4;22;17;4;4;19;43;9;13;0;4;0;0;9;0;4;0;5;4
18145;OGIJARES;1167;55;193;241;44;315;319;21;56;120;874;96;180;5;106;12;0;50;7;0;11;21;148
18146;ORCE;65;2;10;18;2;18;15;9;1;2;50;3;24;0;13;0;0;10;1;12;0;1;11
18147;ORGIVA;594;18;105;156;28;146;141;25;21;45;446;57;133;1;44;1;1;85;1;30;10;6;87
18148;OTIVAR;66;0;16;21;4;15;10;6;2;24;30;4;25;0;19;0;0;6;0;20;1;1;3
18149;OTURA;587;33;92;121;30;148;163;8;29;52;437;61;162;2;77;4;2;71;6;2;4;12;144
18150;PADUL;837;56;130;185;31;247;188;54;50;115;530;88;251;4;127;5;4;110;1;14;21;67;149
18151;PAMPANEIRA;29;1;4;10;0;7;7;1;1;9;18;0;9;0;6;0;0;3;0;3;0;1;5
18152;PEDRO MARTINEZ;84;3;13;23;10;17;18;27;3;3;47;4;111;0;81;0;0;29;1;87;0;0;24
18153;PELIGROS;1080;60;176;197;56;307;284;41;75;138;700;126;459;10;250;25;11;148;15;28;66;32;333
18154;PEZA, LA;97;9;11;24;7;28;18;18;20;15;35;9;3;0;2;0;0;1;0;0;1;1;1
18157;PINOS GENIL;111;4;21;29;3;32;22;1;9;29;63;9;51;1;29;0;0;21;0;4;1;1;45
18158;PINOS PUENTE;1190;95;269;266;85;286;189;361;42;126;501;160;536;1;393;3;2;136;1;281;28;28;199
18159;PIÑAR;66;2;9;14;2;26;13;7;2;1;52;4;233;10;169;0;0;54;0;151;2;13;67
18161;POLICAR;20;2;2;7;0;6;3;4;0;5;10;1;3;0;2;0;0;1;0;2;0;0;1
18162;POLOPOS;72;2;9;23;3;19;16;6;36;0;27;3;104;0;58;0;0;45;1;73;13;1;17
18163;PORTUGOS;30;0;6;9;1;7;7;5;0;5;18;2;7;0;2;0;1;3;1;0;0;0;7
18164;PUEBLA DE DON FADRIQUE;136;9;19;32;10;25;41;42;5;16;62;11;53;1;31;0;2;19;0;37;2;9;5
18165;PULIANAS;582;37;106;114;31;162;132;20;31;98;366;67;191;3;79;4;3;97;5;0;1;13;177
18167;PURULLENA;236;18;44;46;8;67;53;27;34;29;137;9;111;3;72;4;0;31;1;0;88;9;14
18168;QUENTAR;99;5;24;21;6;22;21;3;0;42;49;5;13;0;8;0;0;5;0;0;0;9;4
18170;RUBITE;35;1;5;14;1;4;10;5;0;23;7;0;64;0;41;0;0;23;0;39;0;3;22
18171;SALAR;158;22;30;39;13;42;12;37;8;15;85;13;190;1;149;0;0;40;0;150;0;5;35
18173;SALOBREÑA;1185;39;186;281;59;295;325;97;50;116;830;92;441;4;249;2;2;183;1;135;6;35;265
18174;SANTA CRUZ DEL COMERCIO;20;0;5;5;0;9;1;3;2;3;12;0;20;0;14;0;0;6;0;13;0;5;2
18175;SANTA FE;1773;97;313;342;91;501;429;182;141;116;1078;256;415;2;234;12;6;158;3;97;52;30;236
18176;SOPORTUJAR;19;1;3;6;0;3;6;1;1;7;10;0;3;0;2;0;0;1;0;0;0;1;2
18177;SORVILAN;31;0;6;8;3;3;11;10;1;2;17;1;14;0;6;0;0;8;0;7;0;1;6
18178;TORRE-CARDELA;38;4;8;9;6;6;5;10;0;1;23;4;22;0;15;0;0;7;0;20;0;0;2
18179;TORVIZCON;46;1;9;15;1;15;5;3;5;6;30;2;12;0;4;0;0;8;0;10;0;0;2
18180;TREVELEZ;58;2;5;26;1;10;14;6;6;7;36;3;16;0;6;1;0;9;0;1;5;1;9
18181;TURON;7;0;1;4;1;0;1;1;0;5;1;0;4;0;0;0;0;4;0;0;0;0;4
18182;UGIJAR;260;20;46;57;22;65;50;40;12;42;136;30;144;1;58;0;0;85;0;120;3;11;10
18183;VALOR;46;2;5;17;2;9;11;6;1;11;23;5;21;1;12;0;0;8;0;6;6;5;4
18184;VELEZ DE BENAUDALLA;238;9;28;84;10;57;50;19;6;53;138;22;97;0;55;1;1;40;0;57;9;7;24
18185;VENTAS DE HUELMA;44;1;5;9;2;12;15;8;1;2;29;4;50;1;41;0;2;6;0;28;6;4;12
18187;VILLANUEVA DE LAS TORRES;66;2;12;18;8;11;15;21;6;5;31;3;27;0;23;0;0;4;0;23;2;0;2
18188;VILLANUEVA MESIA;103;7;17;27;8;22;22;28;14;15;41;5;135;1;99;1;0;34;0;89;2;21;23
18189;VIZNAR;71;1;11;16;3;18;22;2;2;8;52;7;15;0;5;1;0;9;0;5;0;0;10
18192;ZAFARRAYA;117;5;26;28;7;37;14;46;2;9;52;8;142;1;92;0;1;48;0;105;1;17;19
18193;ZUBIA, LA;1733;82;272;321;72;464;522;45;85;159;1272;172;265;6;115;7;8;122;7;15;5;14;231
18194;ZUJAR;164;4;25;49;7;47;32;47;12;23;76;6;69;1;49;0;0;17;2;46;2;3;18
18901;TAHA, LA;56;0;9;22;0;12;13;4;6;9;35;2;8;0;5;0;0;3;0;0;0;1;7
18902;VALLE, EL;41;0;6;14;2;14;5;3;1;3;34;0;118;4;52;0;0;62;0;46;4;2;66
18903;NEVADA;77;2;14;32;3;14;12;1;5;20;50;1;15;0;7;0;0;7;1;3;0;0;12
18904;ALPUJARRA DE LA SIERRA;40;3;6;14;2;5;10;7;1;9;18;5;8;0;5;0;0;3;0;5;2;1;0
18905;GABIAS, LAS;2311;104;426;404;93;750;534;69;131;230;1671;210;268;5;160;5;6;88;4;98;7;27;136
18906;GUAJARES, LOS;73;5;13;20;0;16;19;8;3;11;49;2;17;0;10;0;1;6;0;8;1;2;6
18907;VALLE DEL ZALABI;103;5;20;25;8;28;17;14;6;17;62;4;38;0;20;4;0;14;0;21;2;9;6
18908;VILLAMENA;71;4;12;23;3;17;12;9;4;9;49;0;52;0;29;0;0;23;0;0;1;0;51
18909;MORELABOR;34;1;9;10;4;7;3;9;2;4;16;3;13;0;4;0;0;9;0;12;0;0;1
18910;PINAR, EL;94;3;14;26;11;24;16;19;4;9;55;7;28;0;10;0;0;18;0;1;1;2;24
18911;VEGAS DEL GENIL;1033;53;155;186;42;364;233;86;37;98;722;90;145;4;68;5;4;61;3;28;2;9;106
18912;CUEVAS DEL CAMPO;95;6;12;32;5;27;13;20;3;10;59;3;113;1;77;0;0;35;0;86;13;7;7
18913;ZAGRA;41;4;9;5;3;6;14;10;3;3;20;5;32;0;23;0;0;9;0;25;0;1;6
18914;VALDERRUBIO;137;11;28;31;4;42;21;32;5;15;73;12;48;1;9;0;0;38;0;29;1;8;10
18915;DOMINGO PEREZ DE GRANADA;58;4;7;12;9;17;9;20;0;0;30;8;16;5;9;0;1;1;0;14;0;0;2
19001;ABANADES;1;1;0;0;0;0;0;0;0;0;0;1;7;1;1;0;0;5;0;0;0;0;7
19002;ABLANQUE;2;0;0;2;0;0;0;0;0;0;2;0;1;0;1;0;0;0;0;0;0;0;1
19003;ADOBES;1;0;0;1;0;0;0;0;0;0;1;0;0;0;0;0;0;0;0;0;0;0;0
19004;ALAMINOS;3;0;0;3;0;0;0;0;0;0;3;0;10;0;5;0;0;5;0;0;7;0;3
19005;ALARILLA;8;0;1;2;0;3;2;1;0;1;6;0;0;0;0;0;0;0;0;0;0;0;0
19006;ALBALATE DE ZORITA;69;0;7;23;0;17;22;3;4;3;59;0;6;0;3;1;0;2;0;0;1;2;3
19007;ALBARES;20;1;4;7;1;2;5;3;1;3;13;0;4;0;3;0;0;1;0;0;0;2;2
19008;ALBENDIEGO;4;0;0;2;0;1;1;0;0;0;4;0;1;0;0;0;0;1;0;0;0;0;1
19009;ALCOCER;13;0;1;4;0;2;6;1;0;0;12;0;6;1;2;0;0;2;1;2;0;0;4
19010;ALCOLEA DE LAS PEÑAS;0;0;0;0;0;0;0;0;0;0;0;0;0;0;0;0;0;0;0;0;0;0;0
19011;ALCOLEA DEL PINAR;9;1;1;2;0;3;2;0;0;1;8;0;4;0;2;0;0;2;0;0;0;1;3
19013;ALCOROCHES;2;0;1;0;0;0;1;0;0;0;2;0;4;0;3;0;0;1;0;1;0;0;3
19015;ALDEANUEVA DE GUADALAJARA;1;0;0;1;0;0;0;0;1;0;0;0;1;0;0;0;0;0;1;0;0;0;1
19016;ALGAR DE MESA;3;0;0;2;0;0;1;0;0;1;2;0;0;0;0;0;0;0;0;0;0;0;0
19017;ALGORA;4;0;0;3;0;0;1;0;0;2;2;0;0;0;0;0;0;0;0;0;0;0;0
19018;ALHONDIGA;6;0;0;3;0;1;2;0;0;0;6;0;0;0;0;0;0;0;0;0;0;0;0
19019;ALIQUE;0;0;0;0;0;0;0;0;0;0;0;0;1;0;0;0;1;0;0;0;0;0;1
19020;ALMADRONES;2;0;0;1;0;1;0;0;1;0;1;0;37;0;24;1;0;10;2;0;1;0;36
19021;ALMOGUERA;85;4;10;13;7;27;24;3;5;6;70;1;33;2;13;6;1;11;0;1;5;1;26
19022;ALMONACID DE ZORITA;40;0;9;10;2;13;6;3;2;3;31;1;21;0;9;0;4;8;0;0;1;4;16
19023;ALOCEN;1;0;0;1;0;0;0;0;0;0;1;0;2;0;0;0;0;2;0;0;0;0;2
19024;ALOVERA;632;30;73;114;32;182;201;3;57;28;511;33;982;10;566;6;2;389;9;1;56;10;915
19027;ALUSTANTE;9;0;2;2;0;2;3;0;0;0;9;0;1;0;0;0;0;1;0;0;0;0;1
19031;ANGON;0;0;0;0;0;0;0;0;0;0;0;0;0;0;0;0;0;0;0;0;0;0;0
19032;ANGUITA;5;0;1;2;0;0;2;1;2;0;2;0;0;0;0;0;0;0;0;0;0;0;0
19033;ANQUELA DEL DUCADO;2;0;0;1;0;0;1;0;0;0;2;0;0;0;0;0;0;0;0;0;0;0;0
19034;ANQUELA DEL PEDREGAL;3;0;1;1;0;1;0;1;0;0;2;0;0;0;0;0;0;0;0;0;0;0;0
19036;ARANZUEQUE;25;0;2;8;1;10;4;2;3;3;11;6;1;0;1;0;0;0;0;0;0;0;1
19037;ARBANCON;12;0;2;5;0;1;4;1;0;2;9;0;0;0;0;0;0;0;0;0;0;0;0
19038;ARBETETA;0;0;0;0;0;0;0;0;0;0;0;0;2;1;1;0;0;0;0;0;0;2;0
19039;ARGECILLA;3;0;0;2;0;1;0;0;0;0;3;0;0;0;0;0;0;0;0;0;0;0;0
19040;ARMALLONES;2;0;0;0;0;0;2;0;0;2;0;0;1;0;0;0;0;1;0;0;0;0;1
19041;ARMUÑA DE TAJUÑA;16;0;3;3;2;2;6;0;0;0;15;1;1;1;0;0;0;0;0;0;0;0;1
19042;ARROYO DE LAS FRAGUAS;0;0;0;0;0;0;0;0;0;0;0;0;0;0;0;0;0;0;0;0;0;0;0
19043;ATANZON;0;0;0;0;0;0;0;0;0;0;0;0;3;0;2;0;0;1;0;2;0;0;1
19044;ATIENZA;13;2;2;6;0;0;3;1;3;3;6;0;15;1;7;2;0;5;0;0;1;2;12
19045;AUÑON;1;0;0;0;0;0;1;0;0;0;1;0;3;2;1;0;0;0;0;1;0;1;1
19046;AZUQUECA DE HENARES;2171;102;313;380;99;651;626;14;201;138;1664;154;2160;43;1184;28;19;868;18;7;667;38;1448
19047;BAIDES;5;0;1;2;0;2;0;2;0;1;2;0;0;0;0;0;0;0;0;0;0;0;0
19048;BAÑOS DE TAJO;0;0;0;0;0;0;0;0;0;0;0;0;0;0;0;0;0;0;0;0;0;0;0
19049;BAÑUELOS;0;0;0;0;0;0;0;0;0;0;0;0;0;0;0;0;0;0;0;0;0;0;0
19050;BARRIOPEDRO;0;0;0;0;0;0;0;0;0;0;0;0;0;0;0;0;0;0;0;0;0;0;0
19051;BERNINCHES;0;0;0;0;0;0;0;0;0;0;0;0;0;0;0;0;0;0;0;0;0;0;0
19052;BODERA, LA;0;0;0;0;0;0;0;0;0;0;0;0;0;0;0;0;0;0;0;0;0;0;0
19053;BRIHUEGA;151;4;18;52;5;28;44;9;8;18;108;8;39;1;16;1;0;18;3;4;0;2;33
19054;BUDIA;3;0;1;2;0;0;0;0;0;0;3;0;0;0;0;0;0;0;0;0;0;0;0
19055;BUJALARO;3;0;0;2;0;0;1;0;0;0;3;0;2;0;0;0;1;1;0;1;0;0;1
19057;BUSTARES;0;0;0;0;0;0;0;0;0;0;0;0;0;0;0;0;0;0;0;0;0;0;0
19058;CABANILLAS DEL CAMPO;556;23;87;97;19;127;203;13;45;35;423;40;1925;39;875;18;24;949;20;2;80;20;1823
19059;CAMPILLO DE DUEÑAS;1;0;0;0;0;1;0;0;0;0;1;0;0;0;0;0;0;0;0;0;0;0;0
19060;CAMPILLO DE RANAS;14;0;2;8;0;1;3;1;0;5;8;0;31;0;8;0;0;23;0;0;0;0;31
19061;CAMPISABALOS;2;0;0;1;0;0;1;0;0;2;0;0;1;0;1;0;0;0;0;0;0;0;1
19064;CANREDONDO;3;0;0;2;0;0;1;0;0;2;1;0;0;0;0;0;0;0;0;0;0;0;0
19065;CANTALOJAS;4;0;0;2;0;2;0;0;0;0;3;1;1;0;1;0;0;0;0;0;0;0;1
19066;CAÑIZAR;1;0;1;0;0;0;0;0;0;0;1;0;0;0;0;0;0;0;0;0;0;0;0
19067;CARDOSO DE LA SIERRA, EL;0;0;0;0;0;0;0;0;0;0;0;0;1;0;1;0;0;0;0;0;0;0;1
19070;CASA DE UCEDA;3;0;1;1;0;1;0;1;0;1;1;0;0;0;0;0;0;0;0;0;0;0;0
19071;CASAR, EL;720;34;100;143;25;177;241;7;53;47;566;47;69;3;27;3;7;27;2;3;2;12;52
19073;CASAS DE SAN GALINDO;2;0;0;1;0;0;1;0;0;0;2;0;0;0;0;0;0;0;0;0;0;0;0
19074;CASPUEÑAS;6;0;1;3;0;1;1;0;0;2;4;0;0;0;0;0;0;0;0;0;0;0;0
19075;CASTEJON DE HENARES;2;0;0;1;0;1;0;0;0;0;2;0;0;0;0;0;0;0;0;0;0;0;0
19076;CASTELLAR DE LA MUELA;0;0;0;0;0;0;0;0;0;0;0;0;1;0;0;1;0;0;0;0;1;0;0
19078;CASTILFORTE;3;0;2;1;0;0;0;1;0;0;2;0;0;0;0;0;0;0;0;0;0;0;0
19079;CASTILNUEVO;0;0;0;0;0;0;0;0;0;0;0;0;0;0;0;0;0;0;0;0;0;0;0
19080;CENDEJAS DE ENMEDIO;2;0;0;1;0;0;1;0;0;1;1;0;0;0;0;0;0;0;0;0;0;0;0
19081;CENDEJAS DE LA TORRE;2;0;1;1;0;0;0;0;0;0;2;0;0;0;0;0;0;0;0;0;0;0;0
19082;CENTENERA;6;0;1;2;0;2;1;0;0;0;6;0;0;0;0;0;0;0;0;0;0;0;0
19086;CIFUENTES;75;3;7;11;3;21;30;2;5;6;59;3;11;1;1;0;0;7;2;1;0;0;10
19087;CINCOVILLAS;1;0;0;1;0;0;0;0;0;0;1;0;0;0;0;0;0;0;0;0;0;0;0
19088;CIRUELAS;5;0;1;2;0;0;2;1;0;0;4;0;0;0;0;0;0;0;0;0;0;0;0
19089;CIRUELOS DEL PINAR;0;0;0;0;0;0;0;0;0;0;0;0;0;0;0;0;0;0;0;0;0;0;0
19090;COBETA;2;0;0;2;0;0;0;0;0;1;1;0;0;0;0;0;0;0;0;0;0;0;0
19091;COGOLLOR;2;0;0;1;0;0;1;1;0;0;1;0;0;0;0;0;0;0;0;0;0;0;0
19092;COGOLLUDO;28;1;4;5;0;9;9;2;0;2;24;0;14;0;3;1;0;10;0;1;0;2;11
19095;CONDEMIOS DE ABAJO;0;0;0;0;0;0;0;0;0;0;0;0;0;0;0;0;0;0;0;0;0;0;0
19096;CONDEMIOS DE ARRIBA;3;0;0;3;0;0;0;0;1;0;2;0;3;0;3;0;0;0;0;1;0;0;2
19097;CONGOSTRINA;1;0;0;0;0;0;1;0;0;1;0;0;0;0;0;0;0;0;0;0;0;0;0
19098;COPERNAL;4;0;1;0;0;0;3;1;0;0;3;0;0;0;0;0;0;0;0;0;0;0;0
19099;CORDUENTE;13;0;2;3;0;2;6;2;0;0;10;1;1;0;0;0;0;1;0;0;0;0;1
19102;CUBILLO DE UCEDA, EL;9;0;3;1;0;3;2;0;0;1;6;2;0;0;0;0;0;0;0;0;0;0;0
19103;CHECA;11;0;3;3;0;2;3;0;1;1;9;0;1;1;0;0;0;0;0;0;0;0;1
19104;CHEQUILLA;1;0;0;1;0;0;0;0;0;0;1;0;0;0;0;0;0;0;0;0;0;0;0
19105;CHILOECHES;183;9;20;39;2;43;70;3;23;9;141;7;50;1;17;3;1;28;0;0;3;1;46
19106;CHILLARON DEL REY;3;0;0;1;0;1;1;0;0;0;2;1;0;0;0;0;0;0;0;0;0;0;0
19107;DRIEBES;10;0;3;3;0;0;4;1;1;1;7;0;1;0;0;0;0;1;0;0;0;0;1
19108;DURON;6;0;0;3;0;1;2;0;0;1;5;0;4;0;1;1;0;2;0;0;0;0;4
19109;EMBID;2;0;0;0;0;0;2;0;0;0;2;0;0;0;0;0;0;0;0;0;0;0;0
19110;ESCAMILLA;0;0;0;0;0;0;0;0;0;0;0;0;0;0;0;0;0;0;0;0;0;0;0
19111;ESCARICHE;13;1;3;3;0;4;2;2;0;1;9;1;0;0;0;0;0;0;0;0;0;0;0
19112;ESCOPETE;3;0;2;1;0;0;0;0;1;0;2;0;0;0;0;0;0;0;0;0;0;0;0
19113;ESPINOSA DE HENARES;32;2;8;4;1;8;9;2;4;4;21;1;1;1;0;0;0;0;0;0;0;1;0
19114;ESPLEGARES;0;0;0;0;0;0;0;0;0;0;0;0;1;0;1;0;0;0;0;1;0;0;0
19115;ESTABLES;0;0;0;0;0;0;0;0;0;0;0;0;0;0;0;0;0;0;0;0;0;0;0
19116;ESTRIEGANA;0;0;0;0;0;0;0;0;0;0;0;0;1;0;0;0;0;1;0;0;0;0;1
19117;FONTANAR;144;4;19;32;7;39;43;7;9;7;114;7;70;4;45;3;1;16;1;0;17;5;48
19118;FUEMBELLIDA;2;0;0;0;0;1;1;0;0;0;2;0;0;0;0;0;0;0;0;0;0;0;0
19119;FUENCEMILLAN;7;0;1;0;1;2;3;1;0;0;6;0;2;1;1;0;0;0;0;0;0;2;0
19120;FUENTELAHIGUERA DE ALBATAGES;7;0;0;4;0;2;1;0;1;1;5;0;4;0;2;0;0;2;0;4;0;0;0
19121;FUENTELENCINA;9;0;0;2;0;3;4;0;1;1;7;0;4;0;2;0;0;0;2;1;0;0;3
19122;FUENTELSAZ;6;0;2;2;0;0;2;1;1;0;4;0;0;0;0;0;0;0;0;0;0;0;0
19123;FUENTELVIEJO;2;0;0;0;0;2;0;0;0;0;2;0;0;0;0;0;0;0;0;0;0;0;0
19124;FUENTENOVILLA;44;1;8;17;2;4;12;2;5;11;25;1;1;0;0;1;0;0;0;0;0;0;1
19125;GAJANEJOS;1;0;0;1;0;0;0;0;1;0;0;0;0;0;0;0;0;0;0;0;0;0;0
19126;GALAPAGOS;139;6;18;29;1;33;52;0;16;7;112;4;14;0;9;1;0;4;0;0;0;5;9
19127;GALVE DE SORBE;2;0;0;2;0;0;0;0;0;0;2;0;4;0;3;0;0;1;0;0;0;0;4
19129;GASCUEÑA DE BORNOVA;1;0;0;1;0;0;0;0;0;1;0;0;2;0;1;0;0;1;0;0;0;1;1
19130;GUADALAJARA;4740;209;752;937;184;1202;1456;82;317;330;3633;378;3287;89;1480;59;78;1531;50;40;217;136;2894
19132;HENCHE;2;0;0;0;0;2;0;0;0;0;1;1;2;0;0;0;0;2;0;0;0;0;2
19133;HERAS DE AYUSO;8;0;0;5;0;1;2;0;0;1;7;0;1;0;0;0;0;1;0;0;0;0;1
19134;HERRERIA;0;0;0;0;0;0;0;0;0;0;0;0;0;0;0;0;0;0;0;0;0;0;0
19135;HIENDELAENCINA;1;0;0;1;0;0;0;0;0;0;1;0;4;0;2;0;0;2;0;0;0;2;2
19136;HIJES;1;0;0;0;0;0;1;0;0;0;1;0;1;0;1;0;0;0;0;0;0;1;0
19138;HITA;17;0;3;6;0;2;6;1;0;3;13;0;12;0;3;0;0;9;0;0;0;0;12
19139;HOMBRADOS;0;0;0;0;0;0;0;0;0;0;0;0;1;0;1;0;0;0;0;0;0;0;1
19142;HONTOBA;34;1;3;12;1;5;12;0;2;3;27;2;1;0;1;0;0;0;0;0;0;1;0
19143;HORCHE;143;5;15;21;10;37;55;1;6;10;114;12;10;0;2;2;1;5;0;0;1;1;8
19145;HORTEZUELA DE OCEN;0;0;0;0;0;0;0;0;0;0;0;0;0;0;0;0;0;0;0;0;0;0;0
19146;HUERCE, LA;2;0;0;1;0;1;0;0;0;0;2;0;0;0;0;0;0;0;0;0;0;0;0
19147;HUERMECES DEL CERRO;2;0;0;1;0;0;1;0;0;1;1;0;0;0;0;0;0;0;0;0;0;0;0
19148;HUERTAHERNANDO;2;0;2;0;0;0;0;0;0;0;2;0;0;0;0;0;0;0;0;0;0;0;0
19150;HUEVA;4;1;1;1;0;0;1;0;0;0;4;0;3;1;2;0;0;0;0;0;0;1;2
19151;HUMANES;91;5;15;15;5;25;26;13;4;6;59;9;7;1;0;0;0;6;0;0;1;1;5
19152;ILLANA;50;3;6;12;5;8;16;5;9;3;33;0;5;0;0;2;0;3;0;2;0;0;3
19153;INIESTOLA;2;0;0;2;0;0;0;0;0;0;2;0;0;0;0;0;0;0;0;0;0;0;0
19154;INVIERNAS, LAS;1;0;0;1;0;0;0;0;0;0;1;0;0;0;0;0;0;0;0;0;0;0;0
19155;IRUESTE;3;0;1;2;0;0;0;0;0;0;3;0;0;0;0;0;0;0;0;0;0;0;0
19156;JADRAQUE;86;5;10;23;4;20;24;3;2;16;56;9;19;3;8;0;0;8;0;0;1;0;18
19157;JIRUEQUE;1;0;0;0;0;0;1;0;0;0;1;0;0;0;0;0;0;0;0;0;0;0;0
19159;LEDANCA;0;0;0;0;0;0;0;0;0;0;0;0;2;0;1;0;0;0;1;0;0;0;2
19160;LORANCA DE TAJUÑA;88;3;10;21;2;20;32;2;8;9;64;5;4;0;2;0;0;2;0;0;2;0;2
19161;LUPIANA;8;0;0;2;0;3;3;0;0;0;8;0;2;0;1;1;0;0;0;0;0;0;2
19162;LUZAGA;2;0;0;2;0;0;0;0;1;0;1;0;2;0;1;0;0;1;0;0;0;1;1
19163;LUZON;2;0;1;0;0;0;1;0;0;0;2;0;1;0;1;0;0;0;0;0;0;0;1
19165;MAJAELRAYO;4;0;0;2;0;1;1;0;0;2;2;0;4;0;2;0;0;2;0;0;0;0;4
19166;MALAGA DEL FRESNO;12;0;1;6;0;1;4;0;1;0;10;1;0;0;0;0;0;0;0;0;0;0;0
19167;MALAGUILLA;15;0;7;2;0;5;1;1;0;0;14;0;9;0;5;0;0;4;0;9;0;0;0
19168;MANDAYONA;12;1;0;3;0;2;6;1;1;0;10;0;12;0;0;0;1;11;0;0;0;0;12
19169;MANTIEL;1;0;0;0;0;0;1;0;0;0;1;0;0;0;0;0;0;0;0;0;0;0;0
19170;MARANCHON;15;2;3;4;0;3;3;1;2;1;11;0;11;0;1;0;0;9;1;0;0;0;11
19171;MARCHAMALO;385;17;74;73;18;110;93;5;34;19;302;25;1775;14;714;7;17;1017;6;0;288;15;1472
19172;MASEGOSO DE TAJUÑA;1;0;0;1;0;0;0;0;0;0;1;0;1;0;1;0;0;0;0;1;0;0;0
19173;MATARRUBIA;4;0;0;2;0;2;0;3;0;0;1;0;0;0;0;0;0;0;0;0;0;0;0
19174;MATILLAS;10;0;3;2;0;4;1;0;0;0;8;2;0;0;0;0;0;0;0;0;0;0;0
19175;MAZARETE;2;0;0;2;0;0;0;0;0;0;2;0;1;0;0;0;1;0;0;0;0;0;1
19176;MAZUECOS;9;1;2;4;1;0;1;2;0;1;4;2;0;0;0;0;0;0;0;0;0;0;0
19177;MEDRANDA;0;0;0;0;0;0;0;0;0;0;0;0;0;0;0;0;0;0;0;0;0;0;0
19178;MEGINA;1;0;0;0;0;0;1;0;0;0;1;0;0;0;0;0;0;0;0;0;0;0;0
19179;MEMBRILLERA;1;0;0;0;0;0;1;0;0;0;1;0;0;0;0;0;0;0;0;0;0;0;0
19181;MIEDES DE ATIENZA;1;0;0;1;0;0;0;0;1;0;0;0;0;0;0;0;0;0;0;0;0;0;0
19182;MIERLA, LA;4;1;0;2;0;0;1;0;0;0;4;0;0;0;0;0;0;0;0;0;0;0;0
19183;MILMARCOS;2;0;0;2;0;0;0;0;0;2;0;0;1;0;0;0;0;1;0;0;0;0;1
19184;MILLANA;3;0;0;1;0;0;2;1;0;1;1;0;0;0;0;0;0;0;0;0;0;0;0
19185;MIÑOSA, LA;4;0;1;1;0;0;2;0;0;0;4;0;2;0;1;0;0;1;0;0;1;1;0
19186;MIRABUENO;1;0;0;0;0;0;1;0;0;0;1;0;2;0;2;0;0;0;0;0;0;0;2
19187;MIRALRIO;2;0;1;1;0;0;0;0;0;1;1;0;0;0;0;0;0;0;0;0;0;0;0
19188;MOCHALES;4;0;0;3;0;0;1;1;1;0;2;0;1;0;1;0;0;0;0;0;0;1;0
19189;MOHERNANDO;6;0;0;1;0;3;2;1;0;0;4;1;19;0;7;0;0;12;0;0;0;0;19
19190;MOLINA DE ARAGON;214;12;28;36;7;63;68;11;10;16;170;7;35;2;12;1;1;18;1;1;3;6;25
19191;MONASTERIO;1;0;0;1;0;0;0;0;0;0;1;0;0;0;0;0;0;0;0;0;0;0;0
19192;MONDEJAR;142;8;23;32;15;41;23;25;20;12;74;11;26;2;11;1;2;10;0;1;14;0;11
19193;MONTARRON;5;0;0;4;0;0;1;0;0;0;5;0;0;0;0;0;0;0;0;0;0;0;0
19194;MORATILLA DE LOS MELEROS;6;0;0;2;0;1;3;0;0;2;4;0;1;0;1;0;0;0;0;0;0;1;0
19195;MORENILLA;0;0;0;0;0;0;0;0;0;0;0;0;0;0;0;0;0;0;0;0;0;0;0
19196;MUDUEX;5;0;2;1;0;2;0;0;0;2;3;0;2;0;2;0;0;0;0;1;0;0;1
19197;NAVAS DE JADRAQUE, LAS;0;0;0;0;0;0;0;0;0;0;0;0;0;0;0;0;0;0;0;0;0;0;0
19198;NEGREDO;1;0;0;1;0;0;0;0;0;0;1;0;1;1;0;0;0;0;0;1;0;0;0
19199;OCENTEJO;3;0;1;2;0;0;0;0;0;0;3;0;0;0;0;0;0;0;0;0;0;0;0
19200;OLIVAR, EL;0;0;0;0;0;0;0;0;0;0;0;0;48;0;28;0;0;20;0;0;47;0;1
19201;OLMEDA DE COBETA;1;0;0;1;0;0;0;0;0;0;1;0;1;0;0;1;0;0;0;0;0;0;1
19202;OLMEDA DE JADRAQUE, LA;0;0;0;0;0;0;0;0;0;0;0;0;0;0;0;0;0;0;0;0;0;0;0
19203;ORDIAL, EL;1;0;0;1;0;0;0;0;0;0;1;0;0;0;0;0;0;0;0;0;0;0;0
19204;OREA;11;0;0;4;0;2;5;0;2;0;9;0;0;0;0;0;0;0;0;0;0;0;0
19208;PALMACES DE JADRAQUE;4;0;1;2;0;0;1;0;0;0;4;0;0;0;0;0;0;0;0;0;0;0;0
19209;PARDOS;0;0;0;0;0;0;0;0;0;0;0;0;0;0;0;0;0;0;0;0;0;0;0
19210;PAREDES DE SIGÜENZA;0;0;0;0;0;0;0;0;0;0;0;0;0;0;0;0;0;0;0;0;0;0;0
19211;PAREJA;28;0;5;9;0;4;10;0;1;0;26;1;3;0;0;0;0;3;0;0;0;0;3
19212;PASTRANA;61;4;5;18;4;16;14;2;2;5;51;1;49;0;21;0;0;27;1;0;0;0;49
19213;PEDREGAL, EL;2;0;0;2;0;0;0;0;0;0;2;0;1;0;1;0;0;0;0;0;0;1;0
19214;PEÑALEN;4;0;0;1;0;2;1;0;0;0;4;0;0;0;0;0;0;0;0;0;0;0;0
19215;PEÑALVER;4;0;0;3;0;0;1;1;0;2;1;0;1;0;0;0;1;0;0;0;0;0;1
19216;PERALEJOS DE LAS TRUCHAS;9;0;1;3;1;1;3;1;1;2;5;0;2;0;1;0;1;0;0;0;0;1;1
19217;PERALVECHE;0;0;0;0;0;0;0;0;0;0;0;0;0;0;0;0;0;0;0;0;0;0;0
19218;PINILLA DE JADRAQUE;5;0;1;2;0;2;0;1;0;0;4;0;0;0;0;0;0;0;0;0;0;0;0
19219;PINILLA DE MOLINA;0;0;0;0;0;0;0;0;0;0;0;0;1;0;1;0;0;0;0;0;0;0;1
19220;PIOZ;257;8;34;42;8;95;70;2;17;21;207;10;21;1;11;0;3;6;0;0;2;5;14
19221;PIQUERAS;1;0;0;0;0;0;1;0;0;0;1;0;0;0;0;0;0;0;0;0;0;0;0
19222;POBO DE DUEÑAS, EL;2;0;0;2;0;0;0;0;0;0;2;0;0;0;0;0;0;0;0;0;0;0;0
19223;POVEDA DE LA SIERRA;8;1;3;1;0;0;3;0;2;0;5;1;1;0;0;0;0;1;0;0;1;0;0
19224;POZO DE ALMOGUERA;0;0;0;0;0;0;0;0;0;0;0;0;6;0;3;0;0;3;0;1;0;0;5
19225;POZO DE GUADALAJARA;72;0;12;16;4;16;24;1;6;6;58;1;20;1;6;1;0;10;2;0;0;0;20
19226;PRÁDENA DE ATIENZA;3;0;0;3;0;0;0;0;0;0;3;0;0;0;0;0;0;0;0;0;0;0;0
19227;PRADOS REDONDOS;2;0;1;1;0;0;0;0;0;0;2;0;0;0;0;0;0;0;0;0;0;0;0
19228;PUEBLA DE BELEÑA;1;0;0;0;0;1;0;1;0;0;0;0;0;0;0;0;0;0;0;0;0;0;0
19229;PUEBLA DE VALLES;0;0;0;0;0;0;0;0;0;0;0;0;0;0;0;0;0;0;0;0;0;0;0
19230;QUER;52;2;8;7;0;16;19;0;3;8;40;1;117;2;62;11;0;29;13;0;6;3;108
19231;REBOLLOSA DE JADRAQUE;0;0;0;0;0;0;0;0;0;0;0;0;1;0;1;0;0;0;0;0;0;1;0
19232;RECUENCO, EL;2;0;1;1;0;0;0;1;0;0;1;0;0;0;0;0;0;0;0;0;0;0;0
19233;RENERA;12;0;0;5;0;4;3;0;0;2;10;0;0;0;0;0;0;0;0;0;0;0;0
19234;RETIENDAS;1;0;0;0;0;0;1;0;0;0;1;0;0;0;0;0;0;0;0;0;0;0;0
19235;RIBA DE SAELICES;0;0;0;0;0;0;0;0;0;0;0;0;1;0;0;1;0;0;0;0;0;1;0
19237;RILLO DE GALLO;5;0;1;3;0;0;1;0;1;0;4;0;0;0;0;0;0;0;0;0;0;0;0
19238;RIOFRIO DEL LLANO;3;0;1;0;0;2;0;1;0;1;1;0;0;0;0;0;0;0;0;0;0;0;0
19239;ROBLEDILLO DE MOHERNANDO;8;0;0;1;0;2;5;0;0;0;8;0;1;0;0;0;1;0;0;0;0;0;1
19240;ROBLEDO DE CORPES;3;0;0;1;0;1;1;0;0;0;3;0;0;0;0;0;0;0;0;0;0;0;0
19241;ROMANILLOS DE ATIENZA;0;0;0;0;0;0;0;0;0;0;0;0;0;0;0;0;0;0;0;0;0;0;0
19242;ROMANONES;3;0;0;3;0;0;0;1;0;1;1;0;1;0;0;0;1;0;0;0;0;0;1
19243;RUEDA DE LA SIERRA;1;0;1;0;0;0;0;0;0;0;1;0;0;0;0;0;0;0;0;0;0;0;0
19244;SACECORBO;5;0;0;4;0;0;1;0;0;1;4;0;0;0;0;0;0;0;0;0;0;0;0
19245;SACEDON;101;8;15;26;3;16;33;7;6;5;81;2;46;1;30;1;1;12;1;0;17;5;24
19246;SAELICES DE LA SAL;3;0;0;2;0;0;1;1;0;0;2;0;1;0;0;0;1;0;0;0;0;0;1
19247;SALMERON;8;0;2;2;0;2;2;1;0;1;6;0;1;0;0;1;0;0;0;0;0;1;0
19248;SAN ANDRES DEL CONGOSTO;6;0;2;2;0;0;2;0;0;0;6;0;0;0;0;0;0;0;0;0;0;0;0
19249;SAN ANDRES DEL REY;0;0;0;0;0;0;0;0;0;0;0;0;0;0;0;0;0;0;0;0;0;0;0
19250;SANTIUSTE;0;0;0;0;0;0;0;0;0;0;0;0;0;0;0;0;0;0;0;0;0;0;0
19251;SAUCA;1;0;0;0;0;0;1;0;0;0;1;0;0;0;0;0;0;0;0;0;0;0;0
19252;SAYATON;3;0;0;2;0;0;1;0;0;0;3;0;0;0;0;0;0;0;0;0;0;0;0
19254;SELAS;2;0;0;1;0;1;0;1;0;0;1;0;0;0;0;0;0;0;0;0;0;0;0
19255;SETILES;5;0;1;3;0;0;1;0;0;1;4;0;1;0;1;0;0;0;0;0;0;1;0
19256;SIENES;2;0;0;0;0;0;2;0;0;0;2;0;0;0;0;0;0;0;0;0;0;0;0
19257;SIGÜENZA;244;13;44;73;16;38;60;14;12;17;180;21;169;1;47;3;5;108;5;0;2;8;159
19258;SOLANILLOS DEL EXTREMO;3;1;0;1;0;0;1;0;1;0;1;1;0;0;0;0;0;0;0;0;0;0;0
19259;SOMOLINOS;2;0;0;0;0;0;2;0;0;0;2;0;1;0;0;0;0;1;0;0;0;0;1
19260;SOTILLO, EL;2;0;0;1;0;0;1;0;0;0;2;0;0;0;0;0;0;0;0;0;0;0;0
19261;SOTODOSOS;1;0;0;0;0;0;1;0;0;0;1;0;0;0;0;0;0;0;0;0;0;0;0
19262;TAMAJON;3;1;0;2;0;0;0;0;0;0;3;0;3;0;1;0;0;2;0;0;0;0;3
19263;TARAGUDO;3;0;0;2;0;0;1;0;0;1;2;0;0;0;0;0;0;0;0;0;0;0;0
19264;TARAVILLA;4;1;0;1;0;0;2;0;0;1;3;0;0;0;0;0;0;0;0;0;0;0;0
19265;TARTANEDO;1;0;0;0;1;0;0;0;0;0;1;0;1;0;0;0;0;1;0;0;0;0;1
19266;TENDILLA;16;0;3;3;1;3;6;0;1;1;14;0;14;0;6;0;0;8;0;0;0;0;14
19267;TERZAGA;0;0;0;0;0;0;0;0;0;0;0;0;0;0;0;0;0;0;0;0;0;0;0
19268;TIERZO;1;0;0;0;0;0;1;0;0;0;1;0;0;0;0;0;0;0;0;0;0;0;0
19269;TOBA, LA;4;0;3;0;0;1;0;0;0;1;3;0;0;0;0;0;0;0;0;0;0;0;0
19270;TORDELRABANO;0;0;0;0;0;0;0;0;0;0;0;0;0;0;0;0;0;0;0;0;0;0;0
19271;TORDELLEGO;4;0;1;2;0;1;0;0;0;2;2;0;0;0;0;0;0;0;0;0;0;0;0
19272;TORDESILOS;1;0;1;0;0;0;0;0;0;0;1;0;2;0;1;0;0;1;0;1;0;0;1
19274;TORIJA;97;9;18;16;4;30;20;1;3;4;85;4;81;3;50;2;0;24;2;1;7;9;64
19277;TORRECUADRADA DE MOLINA;0;0;0;0;0;0;0;0;0;0;0;0;0;0;0;0;0;0;0;0;0;0;0
19278;TORRECUADRADILLA;0;0;0;0;0;0;0;0;0;0;0;0;0;0;0;0;0;0;0;0;0;0;0
19279;TORRE DEL BURGO;5;0;2;1;0;1;1;2;1;2;0;0;1;1;0;0;0;0;0;0;0;0;1
19280;TORREJON DEL REY;328;14;42;67;12;94;99;0;32;23;249;24;18;3;6;1;0;8;0;0;0;3;15
19281;TORREMOCHA DE JADRAQUE;0;0;0;0;0;0;0;0;0;0;0;0;0;0;0;0;0;0;0;0;0;0;0
19282;TORREMOCHA DEL CAMPO;7;0;0;3;0;2;2;0;0;0;7;0;9;1;2;1;0;4;1;0;1;0;8
19283;TORREMOCHA DEL PINAR;0;0;0;0;0;0;0;0;0;0;0;0;0;0;0;0;0;0;0;0;0;0;0
19284;TORREMOCHUELA;0;0;0;0;0;0;0;0;0;0;0;0;0;0;0;0;0;0;0;0;0;0;0
19285;TORRUBIA;0;0;0;0;0;0;0;0;0;0;0;0;0;0;0;0;0;0;0;0;0;0;0
19286;TORTOLA DE HENARES;66;2;11;17;0;19;17;2;7;6;50;1;0;0;0;0;0;0;0;0;0;0;0
19287;TORTUERA;3;0;0;1;0;1;1;1;0;0;1;1;2;0;2;0;0;0;0;2;0;0;0
19288;TORTUERO;0;0;0;0;0;0;0;0;0;0;0;0;0;0;0;0;0;0;0;0;0;0;0
19289;TRAID;0;0;0;0;0;0;0;0;0;0;0;0;0;0;0;0;0;0;0;0;0;0;0
19290;TRIJUEQUE;90;3;13;30;3;21;20;2;5;15;62;6;2;0;0;0;1;1;0;0;0;0;2
19291;TRILLO;46;6;9;12;2;8;9;0;3;6;36;1;40;2;18;0;0;20;0;0;9;2;29
19293;UCEDA;165;5;13;51;3;34;59;2;5;18;132;8;14;1;7;0;2;4;0;1;0;5;8
19294;UJADOS;1;0;0;0;0;1;0;0;0;0;1;0;0;0;0;0;0;0;0;0;0;0;0
19296;UTANDE;0;0;0;0;0;0;0;0;0;0;0;0;0;0;0;0;0;0;0;0;0;0;0
19297;VALDARACHAS;7;0;1;1;0;4;1;0;0;2;5;0;0;0;0;0;0;0;0;0;0;0;0
19298;VALDEARENAS;4;0;0;3;0;0;1;0;0;2;2;0;0;0;0;0;0;0;0;0;0;0;0
19299;VALDEAVELLANO;7;0;1;5;0;0;1;0;1;1;5;0;0;0;0;0;0;0;0;0;0;0;0
19300;VALDEAVERUELO;54;2;10;9;5;9;19;1;5;4;42;2;7;0;4;0;1;2;0;0;0;3;4
19301;VALDECONCHA;1;0;0;1;0;0;0;0;0;1;0;0;0;0;0;0;0;0;0;0;0;0;0
19302;VALDEGRUDAS;1;0;0;1;0;0;0;0;0;0;1;0;0;0;0;0;0;0;0;0;0;0;0
19303;VALDELCUBO;1;0;0;1;0;0;0;0;0;0;1;0;0;0;0;0;0;0;0;0;0;0;0
19304;VALDENUÑO FERNANDEZ;25;0;3;11;2;4;5;2;3;3;17;0;0;0;0;0;0;0;0;0;0;0;0
19305;VALDEPEÑAS DE LA SIERRA;4;0;0;2;0;1;1;0;0;1;2;1;1;0;0;0;0;1;0;0;0;0;1
19306;VALDERREBOLLO;0;0;0;0;0;0;0;0;0;0;0;0;0;0;0;0;0;0;0;0;0;0;0
19307;VALDESOTOS;2;0;0;2;0;0;0;0;0;1;1;0;0;0;0;0;0;0;0;0;0;0;0
19308;VALFERMOSO DE TAJUÑA;1;0;0;0;0;1;0;0;0;0;1;0;0;0;0;0;0;0;0;0;0;0;0
19309;VALHERMOSO;0;0;0;0;0;0;0;0;0;0;0;0;0;0;0;0;0;0;0;0;0;0;0
19310;VALTABLADO DEL RIO;0;0;0;0;0;0;0;0;0;0;0;0;0;0;0;0;0;0;0;0;0;0;0
19311;VALVERDE DE LOS ARROYOS;1;0;0;1;0;0;0;0;0;0;1;0;1;0;1;0;0;0;0;0;0;1;0
19314;VIANA DE JADRAQUE;0;0;0;0;0;0;0;0;0;0;0;0;0;0;0;0;0;0;0;0;0;0;0
19317;VILLANUEVA DE ALCORON;4;0;2;0;0;1;1;0;0;0;4;0;1;0;0;0;0;1;0;0;0;0;1
19318;VILLANUEVA DE ARGECILLA;0;0;0;0;0;0;0;0;0;0;0;0;0;0;0;0;0;0;0;0;0;0;0
19319;VILLANUEVA DE LA TORRE;372;19;43;55;16;87;152;0;42;13;298;19;37;2;15;4;0;16;0;0;2;8;27
19321;VILLARES DE JADRAQUE;2;0;0;1;0;1;0;0;0;0;2;0;0;0;0;0;0;0;0;0;0;0;0
19322;VILLASECA DE HENARES;0;0;0;0;0;0;0;0;0;0;0;0;0;0;0;0;0;0;0;0;0;0;0
19323;VILLASECA DE UCEDA;1;0;0;0;0;1;0;0;0;0;1;0;0;0;0;0;0;0;0;0;0;0;0
19324;VILLEL DE MESA;2;0;0;2;0;0;0;0;0;0;2;0;0;0;0;0;0;0;0;0;0;0;0
19325;VIÑUELAS;4;0;0;2;0;0;2;0;0;1;3;0;4;0;0;0;1;3;0;0;0;0;4
19326;YEBES;229;11;40;28;7;84;59;0;11;14;189;15;9;0;5;0;0;4;0;0;1;0;8
19327;YEBRA;19;1;3;2;1;3;9;3;0;1;14;1;10;0;9;0;0;1;0;5;0;2;3
19329;YELAMOS DE ABAJO;2;0;1;0;0;0;1;0;0;0;0;2;1;0;0;0;0;0;1;0;0;0;1
19330;YELAMOS DE ARRIBA;2;0;0;2;0;0;0;2;0;0;0;0;0;0;0;0;0;0;0;0;0;0;0
19331;YUNQUERA DE HENARES;256;13;39;44;10;76;74;5;11;23;207;10;131;0;53;1;1;75;1;0;101;0;30
19332;YUNTA, LA;3;0;1;0;0;1;1;0;1;0;2;0;0;0;0;0;0;0;0;0;0;0;0
19333;ZAOREJAS;4;0;1;2;0;0;1;2;0;1;1;0;0;0;0;0;0;0;0;0;0;0;0
19334;ZARZUELA DE JADRAQUE;0;0;0;0;0;0;0;0;0;0;0;0;0;0;0;0;0;0;0;0;0;0;0
19335;ZORITA DE LOS CANES;4;0;1;1;0;1;1;0;0;2;2;0;0;0;0;0;0;0;0;0;0;0;0
19901;SEMILLAS;1;0;0;1;0;0;0;0;0;0;1;0;0;0;0;0;0;0;0;0;0;0;0
21001;ALAJAR;99;4;11;30;2;22;30;4;6;3;80;6;97;1;39;0;0;57;0;41;0;0;56
21002;ALJARAQUE;1685;59;229;300;61;519;517;151;77;117;1223;117;787;5;479;4;3;292;4;240;32;31;484
21003;ALMENDRO, EL;67;2;11;16;3;15;20;10;3;2;51;1;64;0;34;1;1;27;1;30;0;1;33
21004;ALMONASTER LA REAL;159;9;20;51;7;31;41;9;24;49;67;10;145;2;110;6;1;25;1;21;49;16;59
21005;ALMONTE;2965;133;540;499;138;841;814;1635;59;148;1046;77;2463;17;1078;5;19;1341;3;1659;15;157;632
21006;ALOSNO;394;26;63;91;16;86;112;71;18;20;270;15;85;1;23;1;0;56;4;3;0;3;79
21007;ARACENA;770;31;107;157;26;208;241;39;52;96;522;61;527;2;160;1;8;327;29;43;10;50;424
21008;AROCHE;155;10;30;35;13;27;40;33;7;10;95;10;177;1;100;0;0;76;0;79;2;3;93
21009;ARROYOMOLINOS DE LEON;123;6;15;20;7;32;43;9;7;7;80;20;32;0;19;0;0;13;0;5;1;15;11
21010;AYAMONTE;1994;83;372;429;84;546;480;230;68;156;1440;100;894;29;410;5;5;438;7;204;78;46;566
21011;BEAS;338;16;63;73;17;104;65;83;24;24;182;25;299;1;213;5;1;73;6;170;2;46;81
21012;BERROCAL;24;0;6;9;0;3;6;1;1;2;19;1;9;0;5;0;0;4;0;2;0;0;7
21013;BOLLULLOS PAR DEL CONDADO;889;46;181;248;41;202;171;169;30;132;499;59;982;6;618;2;5;349;2;306;11;119;546
21014;BONARES;284;22;70;70;18;59;45;95;20;31;124;14;641;3;209;0;4;425;0;543;3;49;46
21015;CABEZAS RUBIAS;59;2;10;13;2;19;13;4;3;3;49;0;27;0;9;0;0;18;0;1;0;0;26
21016;CALA;162;10;14;29;10;47;52;12;3;10;123;14;20;0;8;0;0;11;1;2;0;1;17
21017;CALAÑAS;406;14;47;93;22;114;116;56;19;25;271;35;108;0;39;0;0;65;4;6;4;4;94
21018;CAMPILLO, EL;249;11;46;51;14;53;74;30;12;8;165;34;255;0;138;6;0;108;3;207;0;1;47
21019;CAMPOFRIO;77;0;12;12;5;24;24;9;7;3;55;3;17;0;8;0;0;8;1;1;0;0;16
21020;CAÑAVERAL DE LEON;27;1;8;7;0;5;6;4;2;2;17;2;4;0;2;0;0;2;0;3;0;1;0
21021;CARTAYA;1293;63;245;272;63;328;322;382;49;92;722;48;3239;16;2017;8;7;1181;10;2607;19;46;567
21022;CASTAÑO DEL ROBLEDO;37;3;2;15;1;9;7;5;2;2;27;1;104;0;22;0;0;81;1;92;0;2;10
21023;CERRO DE ANDEVALO, EL;192;6;27;50;9;47;53;16;11;18;139;8;52;0;22;0;0;28;2;3;0;3;46
21024;CORTECONCEPCION;61;5;13;14;3;12;14;4;5;4;45;3;33;0;20;0;0;13;0;3;3;2;25
21025;CORTEGANA;456;25;88;102;20;110;111;48;40;118;216;34;139;0;74;5;0;58;2;38;10;46;45
21026;CORTELAZOR;38;1;8;9;0;9;11;1;3;10;23;1;8;0;6;0;0;2;0;1;0;4;3
21027;CUMBRES DE ENMEDIO;3;0;0;1;0;2;0;0;0;0;3;0;7;0;5;0;0;2;0;2;0;5;0
21028;CUMBRES DE SAN BARTOLOME;32;1;3;7;0;6;15;6;2;1;20;3;19;0;13;0;0;6;0;9;0;0;10
21029;CUMBRES MAYORES;179;5;21;50;7;37;59;13;44;18;96;8;39;0;20;0;0;19;0;8;13;5;13
21030;CHUCENA;131;16;20;29;17;27;22;21;4;14;81;11;73;0;34;0;0;39;0;22;0;14;37
21031;ENCINASOLA;102;6;19;23;5;18;31;15;7;24;49;7;94;0;65;0;0;28;1;52;3;19;20
21032;ESCACENA DEL CAMPO;134;12;29;24;9;41;19;21;1;17;86;9;92;0;52;0;1;38;1;47;0;3;42
21033;FUENTEHERIDOS;85;1;20;21;4;20;19;5;7;17;50;6;160;0;49;0;0;111;0;127;0;13;20
21034;GALAROZA;151;10;29;33;8;36;35;19;21;8;96;7;49;0;22;1;0;26;0;8;5;9;27
21035;GIBRALEON;1139;56;179;254;40;301;309;234;39;138;640;88;855;5;530;3;1;304;12;526;9;58;262
21036;GRANADA DE RIO-TINTO, LA;30;1;3;8;1;9;8;3;0;0;26;1;8;0;4;0;0;4;0;6;0;0;2
21037;GRANADO, EL;41;3;5;15;0;10;8;4;0;9;28;0;22;0;9;1;0;11;1;0;0;2;20
21038;HIGUERA DE LA SIERRA;154;7;30;37;3;37;40;9;7;22;107;9;45;0;17;0;0;28;0;1;2;18;24
21039;HINOJALES;25;3;6;3;2;9;2;1;2;17;2;3;11;0;6;0;0;5;0;0;0;5;6
21040;HINOJOS;239;16;57;48;9;66;43;60;23;19;131;6;346;0;181;1;0;163;1;204;40;16;86
21041;HUELVA;16270;610;2749;3181;611;4382;4737;2362;743;1115;10418;1632;5387;75;2990;57;70;2138;57;376;298;532;4181
21042;ISLA CRISTINA;2510;155;507;495;153;640;560;636;65;154;1489;166;1197;14;696;4;6;472;5;615;164;41;377
21043;JABUGO;281;11;39;58;12;55;106;16;75;10;166;14;92;0;51;5;0;32;4;1;35;22;34
21044;LEPE;2589;130;533;493;126;727;580;658;74;152;1608;97;3015;22;2042;10;11;915;15;1673;52;34;1256
21045;LINARES DE LA SIERRA;34;2;8;14;0;4;6;2;2;29;1;0;7;0;2;0;0;5;0;0;0;5;2
21046;LUCENA DEL PUERTO;212;27;59;38;15;41;32;121;9;17;54;11;497;4;217;4;1;267;4;417;1;26;53
21047;MANZANILLA;143;13;28;45;11;30;16;27;6;23;79;8;60;0;18;0;0;42;0;18;0;9;33
21048;MARINES, LOS;37;1;8;5;2;9;12;8;5;0;23;1;30;0;19;0;0;11;0;18;0;1;11
21049;MINAS DE RIOTINTO;396;24;62;91;26;84;109;50;27;13;255;51;80;0;44;0;0;33;3;3;25;6;46
21050;MOGUER;1543;89;344;294;72;395;349;683;93;174;523;70;1913;14;1092;8;4;789;6;1401;48;84;380
21051;NAVA, LA;27;1;7;7;1;3;8;1;1;5;18;2;15;0;12;0;0;3;0;8;0;1;6
21052;NERVA;630;27;104;135;31;143;190;94;34;44;383;75;92;0;29;1;0;55;7;1;10;5;76
21053;NIEBLA;458;20;72;90;25;127;124;77;27;33;293;28;471;2;314;2;1;152;0;177;3;18;273
21054;PALMA DEL CONDADO, LA;924;51;137;191;53;250;242;187;25;47;611;54;624;6;327;2;2;284;3;96;7;36;485
21055;PALOS DE LA FRONTERA;1334;68;267;186;57;404;352;735;80;44;448;27;1582;7;1139;10;2;413;11;366;321;57;838
21056;PATERNA DEL CAMPO;160;10;29;47;7;43;24;42;3;11;101;3;151;3;79;1;0;68;0;61;12;11;67
21057;PAYMOGO;110;9;20;19;5;43;14;41;2;11;50;6;49;0;31;0;0;18;0;13;1;28;7
21058;PUEBLA DE GUZMAN;269;13;34;72;20;64;66;44;8;25;182;10;57;2;28;0;0;25;2;3;3;9;42
21059;PUERTO MORAL;31;2;6;6;1;6;10;2;3;3;22;1;28;0;10;0;0;18;0;12;0;0;16
21060;PUNTA UMBRIA;1817;70;323;367;64;493;500;142;73;149;1340;113;945;13;383;6;13;517;13;34;19;45;847
21061;ROCIANA DEL CONDADO;805;41;159;160;20;196;229;485;10;77;224;9;281;1;125;1;2;151;1;134;3;16;128
21062;ROSAL DE LA FRONTERA;124;1;24;23;7;36;33;22;3;7;86;6;78;0;40;0;0;38;0;25;0;6;47
21063;SAN BARTOLOME DE LA TORRE;255;14;52;35;9;76;69;68;21;8;146;12;275;0;132;1;2;139;1;185;9;3;78
21064;SAN JUAN DEL PUERTO;887;57;177;166;53;238;196;213;50;80;475;69;244;4;131;5;3;95;6;69;12;37;126
21065;SANLUCAR DE GUADIANA;23;1;3;4;0;6;9;0;0;13;9;1;16;0;10;0;1;5;0;4;0;9;3
21066;SAN SILVESTRE DE GUZMAN;38;4;10;5;3;7;9;3;3;1;29;2;27;0;16;0;0;9;2;12;0;0;15
21067;SANTA ANA LA REAL;52;2;9;11;2;12;16;1;3;19;24;5;15;0;10;0;0;5;0;2;0;2;11
21068;SANTA BARBARA DE CASA;65;10;9;16;3;12;15;14;2;18;25;6;71;0;25;1;2;42;1;7;5;39;20
21069;SANTA OLALLA DEL CALA;202;12;26;30;9;62;63;22;4;8;151;17;128;2;98;1;0;27;0;89;0;3;36
21070;TRIGUEROS;686;28;107;132;27;193;199;145;31;63;407;40;300;0;150;2;1;140;7;20;7;34;239
21071;VALDELARCO;17;1;1;5;3;4;3;0;1;1;14;1;21;0;7;0;0;14;0;2;1;0;18
21072;VALVERDE DEL CAMINO;1091;24;154;204;26;286;397;115;117;82;679;98;259;5;134;5;0;110;5;16;22;46;175
21073;VILLABLANCA;165;10;36;29;3;44;43;53;4;14;88;6;1140;2;888;0;0;247;3;1083;5;6;46
21074;VILLALBA DEL ALCOR;343;20;52;96;12;79;84;40;5;50;230;18;168;1;111;3;0;53;0;9;1;30;128
21075;VILLANUEVA DE LAS CRUCES;32;1;3;6;2;14;6;5;0;0;27;0;12;0;1;0;0;11;0;0;0;0;12
21076;VILLANUEVA DE LOS CASTILLEJOS;208;9;31;54;6;61;47;43;9;15;132;9;562;1;299;2;0;256;4;321;193;6;42
21077;VILLARRASA;153;11;25;40;10;33;34;32;13;7;96;5;197;11;77;0;0;109;0;150;5;18;24
21078;ZALAMEA LA REAL;335;15;49;80;9;86;96;33;10;41;223;28;65;0;36;0;0;28;1;19;1;10;35
21079;ZUFRE;92;5;13;17;7;25;25;10;2;14;63;3;35;0;21;0;0;14;0;20;0;5;10
22001;ABIEGO;5;0;0;1;0;4;0;1;0;1;2;1;17;0;7;0;0;10;0;1;1;0;15
22002;ABIZANDA;0;0;0;0;0;0;0;0;0;0;0;0;33;0;14;0;0;18;1;0;0;0;33
22003;ADAHUESCA;3;0;1;1;0;1;0;0;0;0;2;1;10;0;3;1;0;5;1;0;0;0;10
22004;AGÜERO;3;0;0;2;0;0;1;0;0;0;3;0;9;0;3;0;1;5;0;0;0;0;9
22006;AISA;5;0;1;0;0;1;3;0;0;0;4;1;51;5;30;0;6;10;0;0;0;1;50
22007;ALBALATE DE CINCA;42;1;8;8;1;9;15;14;7;1;16;4;31;1;20;0;0;9;1;6;4;6;15
22008;ALBALATILLO;2;0;1;1;0;0;0;0;1;0;1;0;5;0;1;0;1;3;0;2;0;1;2
22009;ALBELDA;20;2;4;6;0;5;3;2;3;3;12;0;12;0;7;0;0;4;1;5;0;0;7
22011;ALBERO ALTO;1;0;0;1;0;0;0;0;0;0;1;0;0;0;0;0;0;0;0;0;0;0;0
22012;ALBERO BAJO;1;0;0;1;0;0;0;0;0;0;1;0;0;0;0;0;0;0;0;0;0;0;0
22013;ALBERUELA DE TUBO;4;0;1;1;0;1;1;1;0;1;2;0;13;0;6;0;0;7;0;1;0;0;12
22014;ALCALA DE GURREA;1;0;0;0;0;0;1;0;0;0;1;0;6;0;5;0;0;1;0;5;0;0;1
22015;ALCALA DEL OBISPO;11;0;1;0;0;6;4;0;1;0;10;0;2;1;1;0;0;0;0;2;0;0;0
22016;ALCAMPELL;17;0;2;7;1;0;7;1;1;1;14;0;17;0;9;1;1;5;1;5;4;2;6
22017;ALCOLEA DE CINCA;29;3;3;6;4;4;9;3;5;0;17;4;9;1;5;1;1;1;0;4;0;2;3
22018;ALCUBIERRE;6;1;2;0;0;1;2;0;0;0;6;0;7;0;1;0;0;4;2;1;0;0;6
22019;ALERRE;5;1;0;1;0;2;1;0;0;1;4;0;1;0;0;0;0;1;0;0;0;1;0
22020;ALFANTEGA;5;0;1;2;0;2;0;1;1;0;3;0;0;0;0;0;0;0;0;0;0;0;0
22021;ALMUDEVAR;50;4;2;7;4;15;18;2;3;3;42;0;99;3;45;3;3;44;1;1;16;9;73
22022;ALMUNIA DE SAN JUAN;17;2;1;2;2;6;4;0;0;1;15;1;9;0;7;1;0;1;0;0;3;0;6
22023;ALMUNIENTE;14;3;1;2;0;2;6;2;2;1;9;0;15;0;12;0;0;3;0;2;0;10;3
22024;ALQUEZAR;13;2;4;2;0;3;2;1;0;2;10;0;9;0;3;1;1;2;2;0;0;1;8
22025;ALTORRICON;29;2;3;7;2;9;6;5;1;2;21;0;25;2;12;2;0;8;1;12;3;0;10
22027;ANGÜES;15;0;0;6;1;2;6;0;0;3;11;1;0;0;0;0;0;0;0;0;0;0;0
22028;ANSO;5;0;1;2;0;2;0;1;0;0;4;0;1;0;0;0;0;1;0;0;0;0;1
22029;ANTILLON;1;0;0;0;0;1;0;0;0;0;1;0;0;0;0;0;0;0;0;0;0;0;0
22032;ARAGÜES DEL PUERTO;4;0;0;2;1;0;1;0;0;0;4;0;0;0;0;0;0;0;0;0;0;0;0
22035;AREN;6;0;0;1;0;4;1;1;0;1;4;0;3;2;0;0;0;1;0;2;0;0;1
22036;ARGAVIESO;2;0;1;1;0;0;0;0;0;2;0;0;0;0;0;0;0;0;0;0;0;0;0
22037;ARGUIS;2;1;1;0;0;0;0;0;0;0;2;0;6;0;5;0;0;1;0;0;0;0;6
22039;AYERBE;48;2;9;10;1;14;12;1;1;4;39;3;12;0;7;0;0;5;0;0;1;0;11
22040;AZANUY-ALINS;8;0;1;2;1;2;2;1;0;0;7;0;1;0;1;0;0;0;0;0;0;0;1
22041;AZARA;3;1;1;1;0;0;0;0;0;0;3;0;1;0;0;1;0;0;0;0;0;0;1
22042;AZLOR;3;0;0;0;0;1;2;0;0;0;3;0;1;0;1;0;0;0;0;0;0;0;1
22043;BAELLS;2;0;0;0;0;1;1;0;0;0;2;0;3;0;3;0;0;0;0;3;0;0;0
22044;BAILO;3;0;0;1;0;0;2;0;0;0;3;0;0;0;0;0;0;0;0;0;0;0;0
22045;BALDELLOU;1;0;1;0;0;0;0;0;0;0;1;0;0;0;0;0;0;0;0;0;0;0;0
22046;BALLOBAR;26;1;5;6;0;9;5;3;2;2;19;0;14;0;10;0;0;2;2;4;4;3;3
22047;BANASTAS;4;0;0;3;0;0;1;0;0;0;4;0;0;0;0;0;0;0;0;0;0;0;0
22048;BARBASTRO;848;49;131;133;47;243;245;59;91;52;556;90;436;7;195;17;11;191;15;32;63;15;326
22049;BARBUES;2;0;0;0;0;1;1;0;0;0;2;0;0;0;0;0;0;0;0;0;0;0;0
22050;BARBUÑALES;1;0;0;1;0;0;0;0;0;1;0;0;0;0;0;0;0;0;0;0;0;0;0
22051;BARCABO;2;0;0;1;0;1;0;0;0;0;2;0;1;0;0;0;0;1;0;0;0;0;1
22052;BELVER DE CINCA;50;2;13;3;2;16;14;11;4;0;34;1;80;6;65;0;1;8;0;75;0;0;5
22053;BENABARRE;35;1;5;6;1;12;10;4;2;7;21;1;14;1;3;2;3;4;1;3;0;2;9
22054;BENASQUE;64;0;16;8;2;22;16;0;2;2;59;1;160;4;66;0;14;76;0;0;0;1;159
22055;BERBEGAL;7;0;2;3;0;1;1;0;3;1;3;0;2;0;2;0;0;0;0;0;2;0;0
22057;BIELSA;7;0;3;1;0;2;1;0;0;1;6;0;21;0;13;0;1;7;0;0;0;3;18
22058;BIERGE;7;1;1;1;0;4;0;1;0;1;5;0;6;0;3;0;0;3;0;1;1;0;4
22059;BIESCAS;56;3;13;18;2;13;7;0;3;7;43;3;44;1;19;0;1;22;1;0;1;8;35
22060;BINACED;36;2;9;7;1;7;10;7;6;4;18;1;131;0;75;2;0;54;0;32;75;1;23
22061;BINEFAR;340;16;67;66;14;97;80;47;39;28;207;19;687;15;397;39;6;222;8;22;467;28;170
22062;BISAURRI;2;0;1;1;0;0;0;0;0;0;2;0;2;0;2;0;0;0;0;1;0;1;0
22063;BISCARRUES;4;0;1;2;0;1;0;0;0;0;4;0;1;0;1;0;0;0;0;0;0;1;0
22064;BLECUA Y TORRES;2;0;0;1;0;1;0;0;0;0;2;0;0;0;0;0;0;0;0;0;0;0;0
22066;BOLTAÑA;41;2;4;21;0;4;10;2;3;2;33;1;52;0;20;1;0;31;0;1;2;0;49
22067;BONANSA;0;0;0;0;0;0;0;0;0;0;0;0;4;0;1;0;0;3;0;0;0;0;4
22068;BORAU;2;0;0;0;0;0;2;0;0;0;2;0;0;0;0;0;0;0;0;0;0;0;0
22069;BROTO;18;0;4;6;2;2;4;2;1;0;15;0;29;2;14;1;0;12;0;0;1;2;26
22072;CALDEARENAS;6;0;3;2;0;0;1;0;1;2;2;1;0;0;0;0;0;0;0;0;0;0;0
22074;CAMPO;12;0;1;3;0;4;4;1;1;0;10;0;8;0;5;0;0;2;1;3;0;1;4
22075;CAMPORRELLS;4;0;0;2;0;1;1;0;0;0;4;0;1;0;1;0;0;0;0;0;0;0;1
22076;CANAL DE BERDUN;1;0;0;1;0;0;0;1;0;0;0;0;6;0;5;0;0;1;0;1;1;0;4
22077;CANDASNOS;8;2;0;1;0;1;4;1;1;0;6;0;31;9;12;0;0;10;0;24;0;0;7
22078;CANFRANC;7;0;3;0;0;1;3;0;0;0;7;0;25;1;13;0;1;9;1;0;0;1;24
22079;CAPDESASO;5;0;0;1;0;2;2;1;0;0;4;0;70;0;29;0;0;41;0;70;0;0;0
22080;CAPELLA;8;0;0;2;0;3;3;1;0;1;6;0;9;0;7;1;1;0;0;2;1;1;5
22081;CASBAS DE HUESCA;7;0;0;3;0;1;3;1;0;1;5;0;1;0;1;0;0;0;0;0;0;0;1
22082;CASTEJON DEL PUENTE;7;0;1;2;2;0;2;0;1;0;6;0;8;0;2;2;0;2;2;0;4;2;2
22083;CASTEJON DE MONEGROS;2;0;0;0;0;1;1;0;0;0;2;0;1;0;0;0;0;1;0;0;0;0;1
22084;CASTEJON DE SOS;23;0;7;5;0;7;4;1;2;0;20;0;21;1;8;0;6;6;0;0;0;0;21
22085;CASTELFLORITE;1;0;0;1;0;0;0;0;1;0;0;0;2;0;2;0;0;0;0;2;0;0;0
22086;CASTIELLO DE JACA;11;2;1;4;0;2;2;1;0;1;9;0;12;1;6;0;1;3;1;0;0;0;12
22087;CASTIGALEU;1;0;0;0;0;1;0;0;0;0;1;0;0;0;0;0;0;0;0;0;0;0;0
22088;CASTILLAZUELO;4;0;0;1;0;0;3;0;0;1;3;0;1;0;0;0;0;1;0;0;1;0;0
22089;CASTILLONROY;11;0;1;2;0;1;7;2;2;0;7;0;5;0;3;0;0;1;1;1;3;0;1
22090;COLUNGO;3;0;1;0;0;0;2;0;0;0;3;0;2;0;2;0;0;0;0;0;0;2;0
22094;CHALAMERA;2;0;1;0;0;0;1;0;0;0;2;0;0;0;0;0;0;0;0;0;0;0;0
22095;CHIA;3;0;1;0;0;1;1;0;0;0;3;0;2;0;1;0;0;1;0;0;0;0;2
22096;CHIMILLAS;14;1;3;2;0;4;4;1;1;0;12;0;10;0;4;0;0;5;1;0;0;4;6
22099;ESPLUS;10;1;0;3;1;2;3;1;0;1;7;1;20;0;7;6;0;7;0;10;2;0;8
22102;ESTADA;12;2;2;2;1;2;3;2;0;1;6;3;0;0;0;0;0;0;0;0;0;0;0
22103;ESTADILLA;22;2;0;7;1;6;6;0;6;2;14;0;7;0;5;2;0;0;0;2;1;0;4
22105;ESTOPIÑAN DEL CASTILLO;1;0;1;0;0;0;0;0;0;0;1;0;2;1;1;0;0;0;0;2;0;0;0
22106;FAGO;0;0;0;0;0;0;0;0;0;0;0;0;0;0;0;0;0;0;0;0;0;0;0
22107;FANLO;2;0;0;1;0;0;1;0;0;0;2;0;0;0;0;0;0;0;0;0;0;0;0
22109;FISCAL;11;0;2;2;0;3;4;1;0;0;10;0;8;0;2;0;0;5;1;0;0;2;6
22110;FONZ;14;0;2;3;0;3;6;1;2;0;11;0;16;0;10;0;0;6;0;5;3;2;6
22111;FORADADA DEL TOSCAR;2;0;0;1;0;0;1;0;0;0;2;0;4;2;1;0;1;0;0;2;0;0;2
22112;FRAGA;665;47;92;121;38;205;162;192;53;22;374;24;590;43;342;16;6;170;13;238;107;22;223
22113;FUEVA, LA;14;0;5;3;0;3;3;2;0;2;10;0;6;0;2;0;0;4;0;1;0;0;5
22114;GISTAIN;4;0;1;2;0;1;0;0;1;1;2;0;0;0;0;0;0;0;0;0;0;0;0
22115;GRADO, EL;18;0;6;2;1;3;6;1;2;1;12;2;26;0;10;0;1;14;1;2;3;0;21
22116;GRAÑEN;58;2;12;18;2;15;9;6;10;7;30;5;28;2;10;1;0;14;1;5;2;1;20
22117;GRAUS;102;5;21;26;4;14;32;4;6;10;75;7;50;0;16;2;1;31;0;4;0;4;42
22119;GURREA DE GALLEGO;50;2;6;12;3;16;11;3;10;2;34;1;10;0;2;0;1;7;0;1;3;0;6
22122;HOZ DE JACA;0;0;0;0;0;0;0;0;0;0;0;0;0;0;0;0;0;0;0;0;0;0;0
22124;HUERTO;14;0;4;3;1;4;2;0;1;0;11;2;0;0;0;0;0;0;0;0;0;0;0
22125;HUESCA;2548;176;430;446;169;734;593;88;180;193;1827;260;1739;55;678;54;91;817;44;16;86;145;1492
22126;IBIECA;1;0;0;1;0;0;0;0;0;1;0;0;0;0;0;0;0;0;0;0;0;0;0
22127;IGRIES;21;1;2;3;1;6;8;1;1;2;15;2;10;1;8;0;0;1;0;2;4;3;1
22128;ILCHE;2;0;0;1;0;0;1;0;0;0;2;0;2;0;1;1;0;0;0;1;0;0;1
22129;ISABENA;4;0;1;0;0;0;3;0;0;0;3;1;5;0;1;0;1;1;2;0;1;0;4
22130;JACA;564;43;97;85;32;164;143;9;15;44;476;20;403;19;154;9;17;193;11;1;4;29;369
22131;JASA;1;0;0;0;0;0;1;0;0;0;1;0;1;0;1;0;0;0;0;0;0;0;1
22133;LABUERDA;5;1;1;1;0;2;0;0;0;0;5;0;4;0;2;0;0;2;0;0;0;0;4
22135;LALUENGA;3;0;0;1;0;2;0;0;0;1;2;0;2;0;0;0;0;2;0;1;0;0;1
22136;LALUEZA;17;1;5;4;0;2;5;3;1;4;9;0;4;0;2;0;1;1;0;2;0;0;2
22137;LANAJA;39;1;3;12;2;11;10;6;1;3;28;1;16;0;7;1;1;7;0;8;0;0;8
22139;LAPERDIGUERA;1;0;0;0;0;0;1;0;0;0;1;0;1;0;1;0;0;0;0;0;0;0;1
22141;LASCELLAS-PONZANO;1;0;0;0;0;1;0;0;0;0;1;0;1;0;1;0;0;0;0;0;0;1;0
22142;LASCUARRE;1;0;1;0;0;0;0;1;0;0;0;0;1;0;1;0;0;0;0;1;0;0;0
22143;LASPAULES;9;0;3;3;0;1;2;0;1;2;6;0;1;0;0;0;0;1;0;0;0;0;1
22144;LASPUÑA;4;0;2;0;0;2;0;0;1;0;3;0;1;0;0;0;0;1;0;0;0;0;1
22149;LOARRE;5;0;1;1;0;3;0;0;0;0;5;0;2;0;1;0;0;1;0;0;0;0;2
22150;LOPORZANO;7;0;0;2;0;5;0;0;1;0;6;0;4;0;3;1;0;0;0;3;1;0;0
22151;LOSCORRALES;3;0;1;1;0;1;0;0;0;0;3;0;0;0;0;0;0;0;0;0;0;0;0
22155;MONESMA Y CAJIGAR;3;0;0;1;0;0;2;0;0;0;3;0;1;0;0;0;0;1;0;0;0;0;1
22156;MONFLORITE-LASCASAS;16;0;3;1;0;8;4;1;0;0;13;2;4;0;4;0;0;0;0;0;0;0;4
22157;MONTANUY;4;0;0;1;0;1;2;1;0;0;3;0;2;1;0;0;0;1;0;1;0;0;1
22158;MONZON;864;49;136;141;57;254;227;60;130;45;530;99;367;19;157;23;6;155;7;15;70;18;264
22160;NAVAL;9;1;1;4;0;2;1;1;1;0;6;1;2;0;1;0;1;0;0;1;0;0;1
22162;NOVALES;4;0;0;2;0;2;0;1;0;0;2;1;1;0;1;0;0;0;0;0;0;0;1
22163;NUENO;15;0;2;4;1;3;5;0;1;2;11;1;5;0;1;0;1;2;1;0;0;0;5
22164;OLVENA;3;0;0;1;0;1;1;0;0;1;2;0;0;0;0;0;0;0;0;0;0;0;0
22165;ONTIÑENA;10;0;0;2;1;1;6;1;3;0;6;0;28;12;12;2;1;0;1;26;0;1;1
22167;OSSO DE CINCA;17;1;4;3;1;4;4;4;3;0;9;1;36;4;29;0;0;3;0;34;0;0;2
22168;PALO;0;0;0;0;0;0;0;0;0;0;0;0;0;0;0;0;0;0;0;0;0;0;0
22170;PANTICOSA;30;3;6;3;2;11;5;0;1;0;29;0;51;1;25;2;1;21;1;0;1;1;49
22172;PEÑALBA;12;0;3;2;1;2;4;7;0;1;3;1;16;4;7;1;0;3;1;5;0;0;11
22173;PEÑAS DE RIGLOS, LAS;13;0;0;7;0;3;3;1;2;1;9;0;1;0;0;0;0;1;0;0;0;0;1
22174;PERALTA DE ALCOFEA;16;0;2;5;1;2;6;1;2;3;10;0;5;0;3;1;1;0;0;1;1;0;3
22175;PERALTA DE CALASANZ;6;0;0;2;0;1;3;0;0;2;3;1;0;0;0;0;0;0;0;0;0;0;0
22176;PERALTILLA;2;0;1;0;0;1;0;1;0;0;0;1;1;0;0;0;0;1;0;0;0;1;0
22177;PERARRUA;3;0;1;1;0;0;1;0;1;0;2;0;0;0;0;0;0;0;0;0;0;0;0
22178;PERTUSA;1;0;0;0;0;0;1;0;0;0;1;0;0;0;0;0;0;0;0;0;0;0;0
22181;PIRACES;1;0;0;0;0;1;0;0;0;0;1;0;0;0;0;0;0;0;0;0;0;0;0
22182;PLAN;7;0;0;3;1;1;2;0;0;0;6;1;4;0;2;0;2;0;0;0;0;2;2
22184;POLEÑINO;3;0;1;2;0;0;0;0;0;0;3;0;3;0;2;0;0;0;1;0;0;0;3
22186;POZAN DE VERO;8;1;2;0;0;1;4;0;3;0;4;1;0;0;0;0;0;0;0;0;0;0;0
22187;PUEBLA DE CASTRO, LA;18;1;0;3;2;2;10;1;0;0;15;2;0;0;0;0;0;0;0;0;0;0;0
22188;PUENTE DE MONTAÑANA;3;0;1;1;0;0;1;1;1;1;0;0;0;0;0;0;0;0;0;0;0;0;0
22189;PUERTOLAS;5;0;0;0;0;3;2;0;0;0;5;0;3;0;3;0;0;0;0;0;0;1;2
22190;PUEYO DE ARAGUAS, EL;7;1;1;3;0;0;2;1;0;2;4;0;2;0;1;0;0;1;0;1;0;0;1
22193;PUEYO DE SANTA CRUZ;20;0;3;5;1;6;5;1;2;2;14;1;3;1;2;0;0;0;0;1;0;0;2
22195;QUICENA;13;1;0;7;1;1;3;0;2;1;9;1;6;0;5;0;1;0;0;0;0;3;3
22197;ROBRES;8;0;0;1;0;5;2;1;1;0;5;1;5;0;2;0;0;3;0;0;0;0;5
22199;SABIÑANIGO;419;21;65;89;17;106;121;11;36;35;302;35;166;7;89;7;15;44;4;3;35;24;104
22200;SAHUN;9;1;3;0;0;4;1;0;0;0;8;1;1;0;1;0;0;0;0;0;0;0;1
22201;SALAS ALTAS;12;0;2;3;0;4;3;2;1;1;8;0;5;0;5;0;0;0;0;3;1;1;0
22202;SALAS BAJAS;4;0;0;3;0;0;1;0;1;0;3;0;2;0;2;0;0;0;0;1;1;0;0
22203;SALILLAS;3;0;1;1;0;1;0;0;1;0;2;0;1;0;0;1;0;0;0;1;0;0;0
22204;SALLENT DE GALLEGO;33;4;10;2;3;8;6;2;2;1;26;2;349;16;188;0;11;132;2;0;0;1;348
22205;SAN ESTEBAN DE LITERA;7;0;1;2;0;1;3;2;0;0;4;1;12;0;6;2;0;4;0;7;3;0;2
22206;SANGARREN;4;0;2;2;0;0;0;1;0;1;2;0;1;0;1;0;0;0;0;0;0;0;1
22207;SAN JUAN DE PLAN;4;0;0;0;1;2;1;1;0;0;2;1;0;0;0;0;0;0;0;0;0;0;0
22208;SANTA CILIA;6;0;2;1;0;3;0;0;0;1;5;0;2;0;2;0;0;0;0;0;0;0;2
22209;SANTA CRUZ DE LA SEROS;3;0;1;1;0;1;0;0;0;0;3;0;2;0;0;0;0;2;0;0;0;0;2
22212;SANTALIESTRA Y SAN QUILEZ;2;0;1;0;0;1;0;1;0;0;1;0;0;0;0;0;0;0;0;0;0;0;0
22213;SARIÑENA;174;10;21;36;9;49;49;38;12;13;96;15;57;2;22;1;0;30;2;6;6;5;40
22214;SECASTILLA;3;0;1;1;0;0;1;0;1;0;2;0;3;1;1;1;0;0;0;0;2;0;1
22215;SEIRA;2;0;2;0;0;0;0;0;0;0;2;0;3;0;2;0;0;1;0;0;2;0;1
22217;SENA;18;0;2;5;1;6;4;3;3;1;8;3;12;0;5;1;0;5;1;5;4;0;3
22218;SENES DE ALCUBIERRE;1;0;0;0;0;1;0;0;0;0;1;0;1;0;1;0;0;0;0;0;0;0;1
22220;SESA;6;4;0;1;0;0;1;0;0;1;4;1;1;0;1;0;0;0;0;0;0;0;1
22221;SESUE;1;0;0;0;0;1;0;0;0;0;1;0;2;0;0;0;0;2;0;0;0;0;2
22222;SIETAMO;18;0;1;4;0;4;9;1;2;1;11;3;4;0;1;0;2;1;0;1;0;0;3
22223;SOPEIRA;3;0;1;2;0;0;0;0;0;0;3;0;1;0;0;1;0;0;0;0;0;1;0
22225;TAMARITE DE LITERA;97;10;9;20;8;25;25;18;16;3;54;6;57;3;22;5;1;24;2;15;10;5;27
22226;TARDIENTA;29;0;6;1;1;12;9;2;1;0;20;6;15;1;10;0;1;3;0;2;8;0;5
22227;TELLA-SIN;7;1;0;4;0;0;2;0;0;1;6;0;7;0;5;0;0;2;0;7;0;0;0
22228;TIERZ;22;0;4;4;0;8;6;1;0;3;17;1;3;0;1;1;0;1;0;0;2;0;1
22229;TOLVA;6;0;2;1;0;1;2;1;2;0;3;0;0;0;0;0;0;0;0;0;0;0;0
22230;TORLA-ORDESA;2;1;0;1;0;0;0;0;0;0;2;0;13;0;8;0;0;5;0;0;0;0;13
22232;TORRALBA DE ARAGON;1;0;1;0;0;0;0;1;0;0;0;0;0;0;0;0;0;0;0;0;0;0;0
22233;TORRE LA RIBERA;3;0;0;1;0;0;2;0;0;0;3;0;1;0;0;0;0;1;0;0;1;0;0
22234;TORRENTE DE CINCA;29;0;5;8;1;6;9;11;1;2;15;0;37;11;21;0;2;3;0;33;3;0;1
22235;TORRES DE ALCANADRE;0;0;0;0;0;0;0;0;0;0;0;0;0;0;0;0;0;0;0;0;0;0;0
22236;TORRES DE BARBUES;5;0;2;1;0;1;1;0;1;1;2;1;3;0;3;0;0;0;0;3;0;0;0
22239;TRAMACED;1;0;0;1;0;0;0;1;0;0;0;0;0;0;0;0;0;0;0;0;0;0;0
22242;VALFARTA;1;0;0;1;0;0;0;0;0;0;0;1;0;0;0;0;0;0;0;0;0;0;0
22243;VALLE DE BARDAJI;0;0;0;0;0;0;0;0;0;0;0;0;0;0;0;0;0;0;0;0;0;0;0
22244;VALLE DE LIERP;1;0;0;1;0;0;0;0;1;0;0;0;5;0;1;0;0;4;0;0;0;0;5
22245;VELILLA DE CINCA;10;0;1;1;4;2;2;3;0;2;4;1;15;7;7;0;0;1;0;14;0;0;1
22246;BERANUY;2;0;0;1;0;0;1;0;1;0;1;0;0;0;0;0;0;0;0;0;0;0;0
22247;VIACAMP Y LITERA;1;0;1;0;0;0;0;0;0;1;0;0;3;0;3;0;0;0;0;1;0;1;1
22248;VICIEN;3;0;2;0;0;1;0;0;0;0;3;0;1;0;1;0;0;0;0;0;0;1;0
22249;VILLANOVA;5;0;1;1;0;1;2;0;1;0;4;0;1;0;1;0;0;0;0;0;0;0;1
22250;VILLANUA;19;0;5;7;0;5;2;0;1;0;18;0;12;0;3;2;0;7;0;0;1;0;11
22251;VILLANUEVA DE SIGENA;7;0;0;3;0;2;2;1;0;1;5;0;3;0;1;0;0;2;0;1;0;0;2
22252;YEBRA DE BASA;1;0;0;0;0;1;0;0;0;0;1;0;0;0;0;0;0;0;0;0;0;0;0
22253;YESERO;0;0;0;0;0;0;0;0;0;0;0;0;1;0;1;0;0;0;0;0;0;1;0
22254;ZAIDIN;70;5;16;11;3;18;17;37;5;1;27;0;170;13;126;2;2;27;0;119;4;2;45
22901;VALLE DE HECHO;20;1;2;5;1;4;7;0;2;2;16;0;13;0;6;1;0;6;0;0;2;0;11
22902;PUENTE LA REINA DE JACA;7;1;1;1;0;1;3;0;0;0;6;1;2;0;1;0;0;1;0;0;0;0;2
22903;SAN MIGUEL DEL CINCA;20;0;4;6;0;7;3;2;3;4;11;0;8;0;7;0;0;1;0;6;0;0;2
22904;SOTONERA, LA;21;2;3;5;0;4;7;3;2;2;14;0;44;1;25;1;0;17;0;3;1;3;37
22905;LUPIÑEN-ORTILLA;8;1;0;1;1;3;2;1;0;0;6;1;5;0;0;3;1;1;0;3;0;0;2
22906;SANTA MARIA DE DULCIS;12;2;3;3;0;2;2;0;2;1;8;1;0;0;0;0;0;0;0;0;0;0;0
22907;AINSA-SOBRARBE;65;1;10;19;3;15;17;1;2;3;57;2;40;2;12;5;1;17;3;0;0;3;37
22908;HOZ Y COSTEAN;6;0;1;1;0;1;3;0;0;0;6;0;4;1;3;0;0;0;0;4;0;0;0
22909;VENCILLON;13;2;1;2;2;3;3;0;2;0;8;3;18;2;16;0;0;0;0;16;0;2;0
07001;ALARO;229;19;31;52;10;52;65;4;9;21;188;7;43;3;17;1;1;19;2;2;7;10;24
07002;ALAIOR;458;37;88;80;33;113;107;8;24;29;383;14;109;11;52;11;3;26;6;4;9;21;75
07003;ALCUDIA;1640;151;364;234;145;469;277;13;36;59;1500;32;419;15;233;22;17;115;17;6;11;52;350
07004;ALGAIDA;206;15;30;55;6;48;52;2;6;27;164;7;93;3;34;2;3;50;1;0;4;11;78
07005;ANDRATX;545;37;91;94;43;153;127;5;10;68;450;12;203;9;130;13;4;44;3;1;5;98;99
07006;ARTA;348;35;61;77;21;78;76;5;17;42;273;11;215;6;101;9;7;83;9;3;3;20;189
07007;BANYALBUFAR;17;1;3;4;1;6;2;1;0;0;14;2;9;1;5;0;0;1;2;0;0;1;8
07008;BINISSALEM;364;33;46;72;19;93;101;8;39;24;281;12;107;8;44;5;2;46;2;9;18;22;58
07009;BUGER;47;1;7;16;2;15;6;1;4;8;33;1;16;0;4;6;0;6;0;2;6;0;8
07010;BUNYOLA;211;16;28;37;11;52;67;3;12;12;174;10;293;4;194;6;5;82;2;1;7;20;265
07011;CALVIA;2794;240;616;465;204;676;593;17;74;127;2491;85;1256;83;621;54;92;363;43;7;27;170;1052
07012;CAMPANET;108;8;21;26;6;31;16;5;5;5;88;5;33;4;16;1;1;11;0;5;2;3;23
07013;CAMPOS;419;18;79;79;29;122;92;4;13;49;336;17;218;14;88;1;38;72;5;2;14;60;142
07014;CAPDEPERA;754;77;154;106;83;199;135;3;14;47;685;5;251;14;116;23;14;57;27;1;5;53;192
07015;CIUTADELLA DE MENORCA;1501;117;313;219;119;415;318;11;81;86;1298;25;618;18;311;24;15;236;14;3;40;116;459
07016;CONSELL;164;14;27;30;13;37;43;1;18;15;117;13;24;1;17;1;1;4;0;4;1;2;17
07017;COSTITX;68;0;9;24;2;17;16;1;7;3;55;2;8;0;5;0;0;3;0;0;1;3;4
07018;DEYA;14;2;0;4;0;4;4;0;0;1;13;0;22;0;13;2;2;4;1;0;0;4;18
07019;ESCORCA;2;0;0;1;0;1;0;0;0;0;2;0;5;0;4;0;0;1;0;0;0;0;5
07020;ESPORLES;157;9;26;27;11;35;49;3;8;11;127;8;38;2;18;0;6;12;0;0;0;5;33
07021;ESTELLENCS;9;0;1;4;1;1;2;0;0;0;9;0;4;0;2;1;0;1;0;1;0;0;3
07022;FELANITX;893;76;176;149;68;234;190;25;40;104;698;26;259;26;126;17;26;57;7;6;9;87;157
07023;FERRERIES;165;19;28;28;16;46;28;2;11;11;134;7;55;1;31;4;0;17;2;1;10;13;31
07024;FORMENTERA;310;28;81;44;17;96;44;5;5;41;258;1;194;11;119;11;8;38;7;2;2;82;108
07025;FORNALUTX;11;0;3;4;0;4;0;0;0;0;11;0;8;0;1;1;1;4;1;0;0;2;6
07026;EIVISSA;3155;183;844;516;187;934;491;34;61;277;2755;28;2166;153;1029;98;107;713;66;4;68;517;1577
07027;INCA;2299;171;433;373;167;621;534;46;140;241;1760;112;671;14;310;24;17;286;20;12;27;129;503
07028;LLORET DE VISTALEGRE;72;1;11;16;3;14;27;5;5;5;52;5;15;3;8;1;0;3;0;4;0;5;6
07029;LLOSETA;387;22;65;78;22;93;107;6;30;49;284;18;47;5;24;4;5;8;1;1;4;15;27
07030;LLUBI;102;6;23;16;3;24;30;2;6;9;83;2;27;0;13;0;0;14;0;0;0;2;25
07031;LLUCMAJOR;1809;122;332;352;95;429;479;19;52;147;1519;72;521;34;251;34;16;165;21;6;16;118;381
07032;MAHON;1681;131;309;293;116;447;385;14;71;142;1412;42;584;17;293;21;19;215;19;2;33;103;446
07033;MANACOR;2529;217;462;394;228;709;519;47;152;223;1952;155;930;55;496;45;38;267;29;22;99;221;588
07034;MANCOR DE LA VALL;48;5;7;8;2;19;7;0;4;6;36;2;13;0;7;0;0;5;1;0;0;4;9
07035;MARIA DE LA SALUT;89;6;16;19;8;22;18;3;7;10;63;6;16;0;12;0;0;2;2;0;3;9;4
07036;MARRATXI;1481;153;247;238;87;339;417;10;91;95;1186;99;2348;49;1139;59;35;1036;30;18;56;88;2186
07037;MERCADAL, ES;215;15;43;36;18;62;41;4;7;18;182;4;75;3;43;3;3;20;3;4;5;24;42
07038;MONTUIRI;110;6;17;28;7;23;29;2;3;20;72;13;28;0;8;1;0;18;1;0;2;3;23
07039;MURO;363;34;73;61;46;88;61;8;16;38;285;16;433;6;274;5;3;142;3;3;6;51;373
07040;PALMA DE MALLORCA;24243;1601;4784;4652;1392;6123;5691;212;931;2257;19460;1383;14795;732;6442;612;646;5868;495;61;600;1507;12627
07041;PETRA;100;11;14;13;8;33;21;2;10;11;68;9;55;3;26;4;4;12;6;3;11;5;36
07042;POLLENÇA;892;80;200;123;77;246;166;8;15;41;818;10;245;7;111;18;12;87;10;2;10;43;190
07043;PORRERES;186;12;28;33;16;63;34;14;7;15;144;6;74;5;33;7;3;21;5;3;5;24;42
07044;POBLA, SA;727;64;140;110;55;201;157;28;26;73;560;40;162;5;82;9;6;55;5;4;8;40;110
07045;PUIGPUNYENT;47;4;7;11;4;9;12;1;2;3;36;5;31;1;18;3;1;7;1;12;0;0;19
07046;SANT ANTONI DE PORTMANY;1708;119;456;265;91;495;282;25;34;147;1451;51;505;44;265;20;13;155;8;7;27;92;379
07047;SENCELLES;146;15;20;31;12;28;40;4;7;14;112;9;28;0;18;1;2;6;1;2;2;6;18
07048;SANT JOSEP DE SA TALAIA;1355;86;332;212;67;441;217;8;32;92;1201;22;541;34;320;20;27;127;13;3;13;139;386
07049;SANT JOAN;61;3;9;11;5;15;18;0;5;6;46;4;23;0;12;1;1;8;1;4;2;1;16
07050;SANT JOAN DE LABRITJA;250;17;54;42;7;87;43;2;6;16;223;3;99;8;58;7;4;20;2;8;1;21;69
07051;SANT LLORENÇ DES CARDASSAR;316;26;63;58;34;72;63;2;11;23;271;9;249;6;156;10;3;68;6;0;11;78;160
07052;SANT LLUIS;281;18;51;65;12;64;71;1;11;24;239;6;131;2;79;3;2;44;1;0;11;29;91
07053;SANTA EUGENIA;58;3;6;11;3;18;17;1;1;4;48;4;24;0;7;6;4;5;2;0;0;7;17
07054;SANTA EULALIA DEL RIO;1809;121;452;263;114;531;328;20;53;144;1575;17;758;58;415;32;41;183;29;8;31;259;460
07055;SANTA MARGALIDA;733;71;160;120;74;197;111;13;14;47;654;5;202;11;115;10;10;56;0;2;14;31;155
07056;SANTA MARIA DEL CAMI;280;23;57;43;18;62;77;7;13;27;212;21;148;11;68;8;12;45;4;0;27;20;101
07057;SANTANYI;603;51;135;91;61;172;93;10;12;35;538;8;241;22;129;7;17;57;9;3;7;65;166
07058;SELVA;155;10;29;30;7;29;50;4;14;16;113;8;27;1;18;2;0;5;1;2;1;8;16
07059;SALINES, SES;203;17;38;36;12;66;34;3;12;15;170;3;58;1;39;3;2;12;1;1;8;17;32
07060;SINEU;156;11;31;28;8;37;41;6;11;7;125;7;52;0;31;6;2;12;1;2;5;8;37
07061;SOLLER;446;33;88;72;41;124;88;7;11;36;373;19;200;9;95;12;8;60;16;2;6;34;158
07062;SON SERVERA;834;96;174;114;101;218;131;3;3;43;779;6;359;10;211;12;6;110;10;1;4;150;204
07063;VALLDEMOSSA;78;6;15;13;0;24;20;2;3;1;70;2;25;2;9;1;2;8;3;0;0;2;23
07064;CASTELL, ES;516;36;94;84;33;139;130;3;21;52;433;7;70;2;48;4;0;12;4;1;4;36;29
07065;VILAFRANCA DE BONANY;133;12;24;19;11;43;24;3;6;15;98;11;37;1;21;0;0;13;2;0;2;9;26
07901;ARIANY;17;1;4;3;0;4;5;1;1;4;11;0;20;1;11;3;0;5;0;3;0;3;14
07902;MIGJORN GRAN, ES;36;1;6;6;3;13;7;1;3;1;31;0;29;1;16;1;0;11;0;0;0;10;19
23001;ALBANCHEZ DE MAGINA;61;7;5;15;3;15;16;8;1;0;49;3;116;0;89;0;0;27;0;92;1;3;20
23002;ALCALA LA REAL;1114;55;163;193;95;362;246;187;104;33;682;108;1050;12;717;11;9;291;10;632;68;24;326
23003;ALCAUDETE;568;30;78;97;61;194;108;102;69;21;333;43;1260;8;916;2;5;328;1;996;71;12;181
23004;ALDEAQUEMADA;38;2;6;9;3;8;10;5;1;0;29;3;48;0;42;1;0;5;0;5;5;0;38
23005;ANDUJAR;4000;171;536;652;208;1137;1296;661;368;222;2271;478;2247;5;1481;8;6;738;9;918;239;173;917
23006;ARJONA;293;19;57;65;21;86;45;74;29;29;129;32;412;2;288;1;0;120;1;295;25;16;76
23007;ARJONILLA;155;9;28;35;13;52;18;33;7;5;93;17;746;6;487;1;0;252;0;636;5;23;82
23008;ARQUILLOS;102;4;11;28;8;32;19;22;3;4;70;3;126;1;82;1;0;42;0;81;0;9;36
23009;BAEZA;1187;41;170;194;60;363;359;196;65;51;732;143;1075;5;676;4;4;379;7;490;23;32;530
23010;BAILEN;1979;80;235;264;109;553;738;321;216;73;1038;331;913;9;569;6;5;318;6;378;55;25;455
23011;BAÑOS DE LA ENCINA;243;5;16;50;18;70;84;46;18;9;152;18;133;5;96;0;0;32;0;78;12;9;34
23012;BEAS DE SEGURA;344;11;48;73;37;86;89;105;12;28;177;22;728;19;542;0;4;163;0;627;21;30;50
23014;BEGIJAR;227;21;37;47;16;65;41;48;12;11;137;19;158;0;99;0;0;59;0;27;3;6;122
23015;BELMEZ DE LA MORALEDA;120;1;15;24;7;30;43;19;17;7;72;5;99;0;74;0;0;25;0;54;13;4;28
23016;BENATAE;18;0;1;5;2;6;4;1;0;4;11;2;91;2;75;0;0;12;2;77;1;2;11
23017;CABRA DEL SANTO CRISTO;90;6;10;16;5;22;31;26;6;2;50;6;234;6;167;0;0;61;0;196;7;11;20
23018;CAMBIL;164;10;21;42;14;47;30;35;8;17;83;21;260;0;180;3;0;76;1;181;4;11;64
23019;CAMPILLO DE ARENAS;88;3;15;18;8;34;10;23;1;4;53;7;201;1;158;0;0;42;0;149;7;12;33
23020;CANENA;123;9;23;14;7;40;30;20;6;3;74;20;70;2;58;0;0;10;0;56;1;3;10
23021;CARBONEROS;34;5;5;3;0;7;14;0;5;5;23;1;31;0;17;0;0;12;2;8;0;7;16
23024;CAROLINA, LA;2180;98;351;358;108;575;690;294;300;70;1311;205;625;3;325;7;4;282;4;110;232;10;273
23025;CASTELLAR;182;12;32;43;18;45;32;49;7;12;107;7;362;1;274;0;0;86;1;283;20;12;47
23026;CASTILLO DE LOCUBIN;135;9;37;26;8;35;20;40;15;9;60;11;176;0;114;2;0;60;0;90;6;13;67
23027;CAZALILLA;58;3;3;16;8;17;11;10;1;4;41;2;88;0;58;0;1;29;0;62;1;6;19
23028;CAZORLA;510;17;105;86;24;153;125;93;15;20;353;29;676;2;473;0;1;198;2;495;13;12;156
23029;CHICLANA DE SEGURA;26;2;4;6;2;8;4;6;1;2;13;4;93;0;73;0;0;20;0;76;0;12;5
23030;CHILLUEVAR;41;0;10;12;5;8;6;13;0;1;23;4;212;0;149;0;0;63;0;206;1;1;4
23031;ESCAÑUELA;55;3;8;19;4;14;7;14;1;14;21;5;30;0;21;0;0;9;0;12;0;11;7
23032;ESPELUY;41;1;2;3;7;17;11;5;1;9;22;4;28;0;17;0;0;11;0;22;2;0;4
23033;FRAILES;62;4;15;14;8;16;5;12;11;1;33;5;94;0;65;0;0;29;0;51;4;1;38
23034;FUENSANTA DE MARTOS;141;9;21;17;7;70;17;30;27;4;73;7;235;0;171;5;1;58;0;140;18;23;54
23035;FUERTE DEL REY;62;3;8;5;6;28;12;9;1;3;45;4;260;1;231;0;0;28;0;241;2;2;15
23037;GENAVE;21;0;1;7;3;8;2;1;0;9;10;1;160;0;129;1;0;30;0;148;0;2;10
23038;GUARDIA DE JAEN, LA;344;29;50;60;20;98;87;21;15;77;199;32;187;1;134;1;0;50;1;84;10;27;66
23039;GUARROMAN;353;18;51;63;26;96;99;62;29;23;217;22;196;2;150;2;1;40;1;36;6;18;136
23040;LAHIGUERA;64;1;10;24;2;18;9;24;2;2;31;5;76;0;60;0;0;16;0;50;0;10;16
23041;HIGUERA DE CALATRAVA;18;1;5;0;3;4;5;2;2;5;9;0;38;2;20;0;0;15;1;31;6;0;1
23042;HINOJARES;24;1;3;9;0;6;5;4;3;3;14;0;29;0;21;0;0;8;0;27;0;2;0
23043;HORNOS;24;3;0;4;2;5;10;2;1;1;18;2;93;0;72;0;0;21;0;65;2;1;25
23044;HUELMA;429;19;50;76;32;133;119;92;38;24;235;40;814;13;653;0;0;147;1;726;27;31;30
23045;HUESA;56;3;5;16;8;16;8;18;1;10;25;2;247;0;147;0;1;99;0;205;2;31;9
23046;IBROS;231;10;27;57;16;62;59;58;10;66;80;17;151;0;126;0;0;25;0;53;34;35;29
23047;IRUELA, LA;124;8;22;24;4;45;21;23;3;1;91;6;191;0;116;2;0;72;1;136;0;2;53
23048;IZNATORAF;29;1;9;5;2;12;0;11;1;1;12;4;117;0;103;0;0;14;0;107;4;5;1
23049;JABALQUINTO;120;12;15;31;9;27;26;35;5;14;60;6;122;1;100;1;1;19;0;97;2;14;9
23050;JAEN;9125;366;1610;1544;430;2643;2532;673;474;517;6413;1048;6810;75;3755;95;135;2607;143;2260;295;311;3944
23051;JAMILENA;182;9;25;41;21;61;25;42;20;11;95;14;335;4;217;0;1;113;0;275;8;35;17
23052;JIMENA;45;2;2;7;3;22;9;8;1;2;31;3;434;2;308;0;0;124;0;415;5;0;14
23053;JODAR;497;31;74;101;54;134;103;125;14;59;253;46;1315;2;841;0;1;470;1;978;31;131;175
23054;LARVA;8;3;0;2;0;1;2;3;0;0;5;0;43;0;25;0;0;18;0;27;1;0;15
23055;LINARES;6541;249;1089;1120;281;1820;1982;755;385;368;4135;898;1110;9;685;17;10;371;18;342;67;51;650
23056;LOPERA;206;12;34;50;26;61;23;39;14;18;122;13;282;1;201;0;1;78;1;229;2;23;28
23057;LUPION;41;1;4;10;4;15;7;8;5;1;25;2;22;0;16;0;0;6;0;9;1;3;9
23058;MANCHA REAL;699;38;99;101;53;234;174;138;47;41;385;88;952;1;708;5;0;235;3;826;25;42;59
23059;MARMOLEJO;434;26;62;87;34;132;93;88;31;30;246;39;384;3;280;1;0;99;1;271;4;19;90
23060;MARTOS;1546;86;210;198;114;515;423;207;384;51;793;111;2385;12;1715;22;5;622;9;1244;500;63;578
23061;MENGIBAR;1015;54;152;160;83;314;252;192;64;110;513;136;307;7;197;8;1;89;5;90;33;42;142
23062;MONTIZON;60;1;8;10;6;21;14;16;12;6;22;4;124;3;80;0;0;41;0;66;44;6;8
23063;NAVAS DE SAN JUAN;224;12;26;62;21;56;47;60;10;5;142;7;849;15;574;0;0;260;0;653;20;16;160
23064;NOALEJO;50;2;5;16;5;16;6;10;5;5;27;3;205;0;172;0;0;32;1;166;6;19;14
23065;ORCERA;113;6;15;27;4;32;29;18;7;3;73;12;121;0;94;1;0;25;1;89;5;0;27
23066;PEAL DE BECERRO;226;6;25;41;20;74;60;40;16;13;136;21;947;1;728;1;1;214;2;868;10;35;34
23067;PEGALAJAR;185;7;21;45;7;60;45;49;11;9;95;21;141;1;72;1;0;66;1;66;5;11;59
23069;PORCUNA;260;15;37;42;29;101;36;47;13;12;173;15;985;3;795;2;0;183;2;627;11;109;238
23070;POZO ALCON;413;22;70;93;20;107;101;115;19;29;228;22;313;4;213;0;0;96;0;237;13;2;61
23071;PUENTE DE GENAVE;113;2;19;25;6;29;32;33;4;4;67;5;364;3;285;0;0;75;1;316;3;4;41
23072;PUERTA DE SEGURA, LA;141;4;17;39;12;40;29;47;7;22;56;9;282;2;221;1;0;58;0;217;8;11;46
23073;QUESADA;241;10;41;61;17;59;53;56;14;24;136;11;788;8;479;0;13;287;1;622;13;11;142
23074;RUS;280;12;30;62;22;64;90;42;25;22;165;26;107;0;67;0;1;39;0;44;9;21;33
23075;SABIOTE;267;7;28;67;20;74;71;55;4;28;160;20;469;1;323;1;0;143;1;393;2;20;54
23076;SANTA ELENA;111;5;9;23;8;23;43;20;3;2;86;0;25;0;12;1;0;12;0;9;0;0;16
23077;SANTIAGO DE CALATRAVA;19;1;3;3;1;8;3;4;3;2;9;1;139;0;105;0;0;34;0;88;3;8;40
23079;SANTISTEBAN DEL PUERTO;259;13;36;61;28;68;53;75;7;28;138;11;314;3;226;0;2;82;1;228;9;21;56
23080;SANTO TOME;71;5;9;10;7;29;11;12;2;3;52;2;498;0;375;2;0;120;1;461;4;2;31
23081;SEGURA DE LA SIERRA;91;3;10;18;3;36;21;13;3;6;62;7;248;4;179;0;0;65;0;197;4;1;46
23082;SILES;126;10;18;31;7;27;33;30;10;11;70;5;98;0;81;0;0;16;1;72;0;14;12
23084;SORIHUELA DEL GUADALIMAR;78;3;9;23;1;24;18;13;2;1;61;1;75;3;54;0;0;18;0;31;5;4;35
23085;TORREBLASCOPEDRO;159;18;30;36;10;43;22;35;4;9;93;18;139;0;104;0;0;35;0;78;12;4;45
23086;TORRE DEL CAMPO;968;36;131;150;49;337;265;137;78;44;633;76;1025;7;773;5;2;237;1;720;50;32;223
23087;TORREDONJIMENO;1140;63;184;169;80;317;327;170;115;43;692;120;715;8;476;3;1;225;2;411;19;57;228
23088;TORREPEROGIL;636;26;84;134;36;179;177;134;26;64;355;57;498;1;360;2;1;132;2;337;9;40;112
23090;TORRES;54;1;5;11;4;22;11;12;3;2;33;4;285;2;208;0;2;73;0;257;5;3;20
23091;TORRES DE ALBANCHEZ;51;3;7;9;4;18;10;16;0;4;30;1;165;1;146;0;0;18;0;155;1;1;8
23092;UBEDA;3117;115;411;518;156;895;1022;432;158;119;2022;386;2100;23;1328;32;13;691;13;1163;49;69;819
23093;VALDEPEÑAS DE JAEN;111;6;20;12;7;51;15;22;7;7;69;6;415;10;302;0;2;101;0;340;12;22;41
23094;VILCHES;365;13;46;68;22;102;114;52;18;12;265;18;419;2;297;0;0;120;0;226;12;12;169
23095;VILLACARRILLO;470;19;71;79;42;138;121;109;16;10;304;31;1435;1;1075;1;2;355;1;1264;6;26;139
23096;VILLANUEVA DE LA REINA;212;15;21;35;12;75;54;22;17;5;158;10;345;1;269;0;0;75;0;275;19;0;51
23097;VILLANUEVA DEL ARZOBISPO;408;21;61;63;32;132;99;130;15;24;198;41;1543;7;1313;1;5;216;1;1427;19;11;86
23098;VILLARDOMPARDO;43;3;8;10;4;13;5;12;3;12;13;3;43;1;28;0;0;14;0;26;1;15;1
23099;VILLARES, LOS;268;23;38;42;17;100;48;45;11;12;173;27;645;14;455;3;1;170;2;473;48;30;94
23101;VILLARRODRIGO;19;1;3;4;1;4;6;5;0;1;13;0;130;0;107;0;0;23;0;113;7;4;6
23901;CARCHELES;62;0;10;15;3;22;12;8;3;6;44;1;64;0;42;1;0;21;0;22;1;6;35
23902;BEDMAR Y GARCIEZ;98;6;7;26;8;23;28;23;4;10;56;5;805;10;580;1;4;209;1;688;20;20;77
23903;VILLATORRES;172;8;25;31;12;61;35;32;12;7;106;15;790;0;496;0;0;293;1;687;3;14;86
23904;SANTIAGO-PONTONES;127;7;25;37;7;31;20;26;2;7;82;10;69;0;35;0;1;32;1;25;0;3;41
23905;ARROYO DEL OJANCO;108;7;15;13;10;41;22;22;3;22;58;3;250;0;199;0;0;51;0;193;5;10;42
26001;ABALOS;7;2;1;1;0;2;1;3;1;0;2;1;16;1;11;0;0;4;0;8;0;0;8
26002;AGONCILLO;79;5;9;23;0;20;22;5;27;3;36;8;231;3;142;4;0;80;2;8;88;0;135
26003;AGUILAR DEL RIO ALHAMA;13;0;3;1;0;1;8;0;7;1;5;0;71;0;19;0;1;51;0;0;67;0;4
26004;AJAMIL DE CAMEROS;0;0;0;0;0;0;0;0;0;0;0;0;1;0;0;0;0;1;0;0;0;0;1
26005;ALBELDA DE IREGUA;188;6;28;44;3;60;47;32;27;13;103;13;396;1;240;2;0;151;2;15;329;4;48
26006;ALBERITE;132;4;22;29;4;29;44;19;20;10;72;11;34;0;21;0;0;11;2;2;12;1;19
26007;ALCANADRE;22;1;3;4;0;6;8;4;9;0;9;0;31;1;22;1;1;6;0;21;5;0;5
26008;ALDEANUEVA DE EBRO;59;5;12;9;2;16;15;22;18;0;16;3;122;1;93;4;0;23;1;83;19;3;17
26009;ALESANCO;23;0;5;7;0;5;6;5;5;2;10;1;6;0;5;1;0;0;0;1;0;1;4
26010;ALESON;2;1;0;0;0;1;0;1;0;0;1;0;11;2;7;0;0;2;0;0;4;1;6
26011;ALFARO;409;25;61;90;13;80;140;63;136;17;177;16;795;6;505;8;5;269;2;245;327;6;217
26012;ALMARZA DE CAMEROS;2;0;0;1;0;0;1;0;0;0;2;0;0;0;0;0;0;0;0;0;0;0;0
26013;ANGUCIANA;27;1;6;11;0;6;3;7;5;0;14;1;18;0;13;1;1;3;0;5;7;0;6
26014;ANGUIANO;11;1;0;3;0;4;3;1;2;0;8;0;16;0;1;0;0;14;1;0;0;0;16
26015;ARENZANA DE ABAJO;14;1;3;6;0;2;2;7;1;0;6;0;4;1;3;0;0;0;0;4;0;0;0
26016;ARENZANA DE ARRIBA;0;0;0;0;0;0;0;0;0;0;0;0;0;0;0;0;0;0;0;0;0;0;0
26017;ARNEDILLO;18;2;3;4;0;4;5;0;1;0;17;0;20;0;9;0;0;11;0;0;2;0;18
26018;ARNEDO;652;15;91;128;21;134;263;36;257;21;306;32;476;14;221;9;17;205;10;4;203;4;265
26019;ARRUBAL;33;0;5;4;2;15;7;2;5;2;24;0;280;4;106;1;5;163;1;0;259;0;21
26020;AUSEJO;27;3;4;7;2;7;4;12;5;1;8;1;26;0;17;0;0;9;0;14;10;0;2
26021;AUTOL;158;7;34;41;1;36;39;35;38;6;74;5;243;3;95;5;1;135;4;101;108;5;29
26022;AZOFRA;6;0;1;3;1;1;0;3;0;1;2;0;5;0;2;0;2;1;0;3;0;0;2
26023;BADARAN;12;0;2;4;0;4;2;2;2;0;7;1;25;0;3;0;1;21;0;0;0;0;25
26024;BAÑARES;9;0;2;2;0;0;5;2;2;0;5;0;10;1;6;1;0;2;0;0;0;0;10
26025;BAÑOS DE RIOJA;5;0;0;3;0;1;1;2;0;0;3;0;7;0;4;2;0;1;0;4;1;1;1
26026;BAÑOS DE RIO TOBIA;54;2;4;13;1;13;21;3;17;4;29;1;30;1;13;4;1;10;1;2;13;0;15
26027;BERCEO;4;0;1;1;0;2;0;0;1;1;2;0;5;0;0;0;0;5;0;0;0;0;5
26028;BERGASA;4;0;0;3;0;0;1;0;2;1;1;0;0;0;0;0;0;0;0;0;0;0;0
26029;BERGASILLAS BAJERA;3;0;1;1;0;0;1;0;1;0;2;0;1;0;0;0;0;1;0;0;0;0;1
26030;BEZARES;0;0;0;0;0;0;0;0;0;0;0;0;0;0;0;0;0;0;0;0;0;0;0
26031;BOBADILLA;5;1;0;1;0;0;3;0;2;0;3;0;77;2;61;2;0;12;0;77;0;0;0
26032;BRIEVA DE CAMEROS;0;0;0;0;0;0;0;0;0;0;0;0;0;0;0;0;0;0;0;0;0;0;0
26033;BRIÑAS;6;0;1;1;0;1;3;0;1;1;4;0;15;1;7;0;0;7;0;0;0;1;14
26034;BRIONES;23;0;8;6;0;4;5;4;3;0;15;1;250;0;78;0;0;172;0;45;0;0;205
26035;CABEZON DE CAMEROS;0;0;0;0;0;0;0;0;0;0;0;0;0;0;0;0;0;0;0;0;0;0;0
26036;CALAHORRA;1160;35;198;230;36;286;375;86;296;43;692;43;701;18;289;12;16;357;9;33;223;17;428
26037;CAMPROVIN;9;0;1;0;0;2;6;0;1;1;7;0;12;0;7;0;0;5;0;0;5;2;5
26038;CANALES DE LA SIERRA;2;0;0;2;0;0;0;0;0;0;2;0;0;0;0;0;0;0;0;0;0;0;0
26039;CANILLAS DE RIO TUERTO;1;0;0;1;0;0;0;0;0;0;1;0;0;0;0;0;0;0;0;0;0;0;0
26040;CAÑAS;1;0;0;1;0;0;0;1;0;0;0;0;3;0;1;0;0;0;2;1;0;0;2
26041;CARDENAS;4;0;1;1;0;0;2;1;0;0;2;1;0;0;0;0;0;0;0;0;0;0;0
26042;CASALARREINA;71;2;10;20;6;14;19;20;9;3;34;5;29;1;6;0;0;21;1;2;1;0;26
26043;CASTAÑARES DE RIOJA;15;0;0;2;1;2;10;4;2;0;9;0;4;0;0;0;0;4;0;0;1;0;3
26044;CASTROVIEJO;0;0;0;0;0;0;0;0;0;0;0;0;0;0;0;0;0;0;0;0;0;0;0
26045;CELLORIGO;0;0;0;0;0;0;0;0;0;0;0;0;0;0;0;0;0;0;0;0;0;0;0
26046;CENICERO;102;2;22;29;2;22;25;34;18;3;40;7;50;2;25;0;1;21;1;18;15;1;16
26047;CERVERA DEL RIO ALHAMA;75;1;11;20;1;19;23;5;31;2;33;4;54;0;17;3;2;31;1;4;20;2;28
26048;CIDAMON;0;0;0;0;0;0;0;0;0;0;0;0;1;0;0;0;0;1;0;0;1;0;0
26049;CIHURI;14;1;4;4;0;1;4;2;0;1;10;1;4;0;1;0;0;3;0;4;0;0;0
26050;CIRUEÑA;9;0;2;2;0;3;2;0;3;0;6;0;2;1;1;0;0;0;0;0;0;0;2
26051;CLAVIJO;7;0;0;3;0;1;3;0;0;1;6;0;3;0;1;0;0;2;0;0;0;1;2
26052;CORDOVIN;8;0;1;3;0;1;3;1;2;1;4;0;5;0;3;0;0;2;0;2;3;0;0
26053;CORERA;10;0;2;2;0;3;3;1;1;2;6;0;1;0;0;0;1;0;0;0;0;0;1
26054;CORNAGO;6;1;2;1;0;1;1;0;1;1;4;0;2;0;2;0;0;0;0;1;0;0;1
26055;CORPORALES;3;0;0;1;0;0;2;0;0;0;2;1;0;0;0;0;0;0;0;0;0;0;0
26056;CUZCURRITA DE RIO TIRON;23;2;5;2;2;6;6;2;2;1;17;1;16;0;5;0;0;11;0;4;0;0;12
26057;DAROCA DE RIOJA;0;0;0;0;0;0;0;0;0;0;0;0;19;0;8;0;0;11;0;4;0;0;15
26058;ENCISO;9;0;2;4;0;1;2;1;3;1;4;0;1;0;0;0;0;1;0;0;0;0;1
26059;ENTRENA;68;1;10;22;2;18;15;17;11;3;33;4;31;0;25;0;1;5;0;14;0;0;17
26060;ESTOLLO;2;0;0;1;0;0;1;0;1;0;1;0;0;0;0;0;0;0;0;0;0;0;0
26061;EZCARAY;82;2;15;34;2;5;24;5;18;7;52;0;115;4;44;1;2;58;6;0;14;2;99
26062;FONCEA;0;0;0;0;0;0;0;0;0;0;0;0;0;0;0;0;0;0;0;0;0;0;0
26063;FONZALECHE;2;0;1;1;0;0;0;0;0;2;0;0;2;1;1;0;0;0;0;0;0;2;0
26064;FUENMAYOR;152;6;18;37;2;38;51;18;29;5;94;6;121;0;57;2;2;57;3;32;32;0;57
26065;GALBARRULI;1;0;0;1;0;0;0;1;0;0;0;0;0;0;0;0;0;0;0;0;0;0;0
26066;GALILEA;11;0;1;4;1;1;4;2;1;0;7;1;5;0;5;0;0;0;0;4;0;1;0
26067;GALLINERO DE CAMEROS;0;0;0;0;0;0;0;0;0;0;0;0;0;0;0;0;0;0;0;0;0;0;0
26068;GIMILEO;2;0;0;2;0;0;0;1;0;0;1;0;1;0;0;0;0;1;0;0;1;0;0
26069;GRAÑON;3;0;0;3;0;0;0;0;0;1;2;0;2;0;1;0;0;1;0;0;0;0;2
26070;GRAVALOS;4;0;0;1;0;1;2;1;2;0;1;0;21;1;5;0;0;15;0;4;0;0;17
26071;HARO;616;28;90;141;28;126;203;131;86;23;357;19;407;19;156;4;8;209;11;29;88;6;284
26072;HERCE;12;0;2;3;0;2;5;0;4;0;8;0;2;0;2;0;0;0;0;0;0;2;0
26073;HERRAMELLURI;6;0;0;4;0;0;2;2;0;1;3;0;0;0;0;0;0;0;0;0;0;0;0
26074;HERVIAS;7;0;1;3;0;2;1;1;0;2;4;0;5;0;5;0;0;0;0;5;0;0;0
26075;HORMILLA;14;0;3;4;0;3;4;7;1;0;4;2;10;0;6;0;1;3;0;4;0;2;4
26076;HORMILLEJA;3;1;0;0;0;0;2;2;0;0;1;0;2;0;2;0;0;0;0;1;0;0;1
26077;HORNILLOS DE CAMEROS;0;0;0;0;0;0;0;0;0;0;0;0;0;0;0;0;0;0;0;0;0;0;0
26078;HORNOS DE MONCALVILLO;1;0;0;1;0;0;0;0;0;0;1;0;1;0;1;0;0;0;0;1;0;0;0
26079;HUÉRCANOS;30;0;6;9;1;3;11;12;4;2;11;1;11;0;6;0;3;2;0;7;0;0;4
26080;IGEA;17;0;3;7;0;0;7;5;7;0;5;0;13;0;12;0;0;1;0;5;6;2;0
26081;JALON DE CAMEROS;0;0;0;0;0;0;0;0;0;0;0;0;0;0;0;0;0;0;0;0;0;0;0
26082;LAGUNA DE CAMEROS;1;0;0;0;0;0;1;0;1;0;0;0;0;0;0;0;0;0;0;0;0;0;0
26083;LAGUNILLA DEL JUBERA;11;0;3;3;0;3;2;2;0;0;7;2;9;0;1;0;0;7;1;1;0;0;8
26084;LARDERO;489;13;81;99;10;152;134;23;66;39;347;14;180;5;71;1;5;95;3;5;59;6;110
26086;LEDESMA DE LA COGOLLA;0;0;0;0;0;0;0;0;0;0;0;0;0;0;0;0;0;0;0;0;0;0;0
26087;LEIVA;9;1;1;1;0;2;4;1;4;0;4;0;7;0;2;4;0;1;0;1;1;4;1
26088;LEZA DE RIO LEZA;1;0;0;1;0;0;0;0;0;0;1;0;0;0;0;0;0;0;0;0;0;0;0
26089;LOGROÑO;8396;254;1242;1910;248;1887;2855;651;1293;478;5394;580;4826;157;1891;113;197;2367;101;123;804;219;3680
26091;LUMBRERAS;5;1;2;1;0;1;0;0;1;0;4;0;0;0;0;0;0;0;0;0;0;0;0
26092;MANJARRÉS;3;0;1;1;0;0;1;3;0;0;0;0;7;0;6;1;0;0;0;7;0;0;0
26093;MANSILLA DE LA SIERRA;1;0;0;1;0;0;0;0;0;0;1;0;0;0;0;0;0;0;0;0;0;0;0
26094;MANZANARES DE RIOJA;0;0;0;0;0;0;0;0;0;0;0;0;1;0;1;0;0;0;0;1;0;0;0
26095;MATUTE;1;0;0;1;0;0;0;0;0;0;1;0;0;0;0;0;0;0;0;0;0;0;0
26096;MEDRANO;11;1;1;3;0;3;3;0;4;2;5;0;4;0;3;0;0;1;0;4;0;0;0
26098;MUNILLA;10;0;1;2;0;2;5;0;0;0;10;0;0;0;0;0;0;0;0;0;0;0;0
26099;MURILLO DE RÍO LEZA;89;2;15;21;3;23;25;17;14;3;48;7;17;1;9;1;0;6;0;5;3;4;5
26100;MURO DE AGUAS;0;0;0;0;0;0;0;0;0;0;0;0;0;0;0;0;0;0;0;0;0;0;0
26101;MURO EN CAMEROS;1;0;1;0;0;0;0;0;0;1;0;0;0;0;0;0;0;0;0;0;0;0;0
26102;NÁJERA;443;14;47;101;18;100;163;72;81;15;255;20;205;4;121;3;9;63;5;65;39;1;100
26103;NALDA;57;2;9;11;1;17;17;6;8;3;36;4;79;5;43;1;1;28;1;6;53;1;19
26104;NAVAJUN;0;0;0;0;0;0;0;0;0;0;0;0;0;0;0;0;0;0;0;0;0;0;0
26105;NAVARRETE;118;5;10;32;2;27;42;19;20;6;66;7;80;12;38;6;1;22;1;1;45;13;21
26106;NESTARES;0;0;0;0;0;0;0;0;0;0;0;0;0;0;0;0;0;0;0;0;0;0;0
26107;NIEVA DE CAMEROS;0;0;0;0;0;0;0;0;0;0;0;0;0;0;0;0;0;0;0;0;0;0;0
26108;OCON;7;0;3;2;0;1;1;2;1;0;4;0;10;0;7;0;0;3;0;4;2;0;4
26109;OCHANDURI;3;1;0;1;0;0;1;0;1;0;2;0;6;0;6;0;0;0;0;0;0;0;6
26110;OJACASTRO;10;0;0;4;0;4;2;1;5;0;4;0;0;0;0;0;0;0;0;0;0;0;0
26111;OLLAURI;5;0;0;1;0;1;3;0;0;1;4;0;33;0;17;0;0;16;0;18;14;0;1
26112;ORTIGOSA DE CAMEROS;5;0;2;0;0;0;3;0;0;0;5;0;7;0;5;0;0;2;0;0;0;3;4
26113;PAZUENGOS;0;0;0;0;0;0;0;0;0;0;0;0;0;0;0;0;0;0;0;0;0;0;0
26114;PEDROSO;4;0;2;2;0;0;0;0;1;1;2;0;0;0;0;0;0;0;0;0;0;0;0
26115;PINILLOS;0;0;0;0;0;0;0;0;0;0;0;0;0;0;0;0;0;0;0;0;0;0;0
26117;PRADEJON;95;4;19;28;3;18;23;27;24;5;36;3;128;5;47;4;2;66;4;89;24;2;13
26118;PRADILLO;3;0;0;1;0;0;2;0;1;0;2;0;3;0;0;0;0;3;0;0;0;0;3
26119;PREJANO;9;1;1;2;0;1;4;0;1;1;7;0;1;0;1;0;0;0;0;0;0;1;0
26120;QUEL;74;0;9;19;1;15;30;12;17;4;40;1;23;1;14;0;0;8;0;4;12;1;6
26121;RABANERA;1;0;0;1;0;0;0;1;0;0;0;0;0;0;0;0;0;0;0;0;0;0;0
26122;RASILLO DE CAMEROS, EL;3;0;0;1;0;1;1;0;0;0;3;0;5;0;3;0;0;2;0;0;2;0;3
26123;REDAL, EL;3;0;1;0;1;1;0;0;0;1;1;1;1;0;0;1;0;0;0;1;0;0;0
26124;RIBAFRECHA;48;4;6;10;2;6;20;11;11;6;19;1;11;0;10;0;0;1;0;10;0;0;1
26125;RINCON DE SOTO;154;7;35;26;5;29;52;28;46;1;77;2;115;1;74;4;0;36;0;26;28;7;54
26126;ROBRES DEL CASTILLO;1;0;0;1;0;0;0;0;0;0;1;0;0;0;0;0;0;0;0;0;0;0;0
26127;RODEZNO;3;1;1;0;0;1;0;1;1;0;1;0;10;0;1;0;0;8;1;1;0;0;9
26128;SAJAZARRA;3;0;0;1;0;2;0;0;0;0;3;0;6;0;5;0;0;1;0;5;1;0;0
26129;SAN ASENSIO;38;2;7;11;0;8;10;15;5;1;14;3;39;3;27;1;2;6;0;23;2;0;14
26130;SAN MILLAN DE LA COGOLLA;2;0;1;0;0;1;0;0;0;0;2;0;6;0;0;0;0;6;0;0;0;0;6
26131;SAN MILLAN DE YECORA;0;0;0;0;0;0;0;0;0;0;0;0;0;0;0;0;0;0;0;0;0;0;0
26132;SAN ROMAN DE CAMEROS;6;0;5;0;0;1;0;2;1;1;2;0;1;0;0;0;0;1;0;0;0;0;1
26134;SANTA COLOMA;4;0;2;0;0;1;1;2;1;0;1;0;3;0;1;1;0;1;0;3;0;0;0
26135;SANTA ENGRACIA DEL JUBERA;3;0;0;1;0;0;2;0;0;0;3;0;0;0;0;0;0;0;0;0;0;0;0
26136;SANTA EULALIA BAJERA;9;1;0;3;0;2;3;1;1;0;6;1;3;0;3;0;0;0;0;0;3;0;0
26138;SANTO DOMINGO DE LA CALZADA;330;18;45;64;16;84;103;44;51;15;197;23;155;2;53;3;0;95;2;5;16;8;126
26139;SAN TORCUATO;0;0;0;0;0;0;0;0;0;0;0;0;2;0;1;0;0;1;0;1;0;0;1
26140;SANTURDE DE RIOJA;7;0;1;0;0;4;2;1;0;0;5;1;1;0;1;0;0;0;0;0;0;0;1
26141;SANTURDEJO;6;0;0;3;0;0;3;0;0;0;6;0;1;0;0;1;0;0;0;0;1;0;0
26142;SAN VICENTE DE LA SONSIERRA;23;0;3;7;1;6;6;7;6;0;9;1;112;0;94;2;0;15;1;86;17;0;9
26143;SOJUELA;21;0;4;5;0;6;6;0;3;1;17;0;2;1;1;0;0;0;0;1;0;0;1
26144;SORZANO;1;0;0;0;0;0;1;0;1;0;0;0;1;0;0;0;0;0;1;0;0;0;1
26145;SOTES;7;1;1;1;0;2;2;0;0;1;5;1;9;1;8;0;0;0;0;6;3;0;0
26146;SOTO EN CAMEROS;2;0;2;0;0;0;0;2;0;0;0;0;7;0;4;0;0;3;0;0;4;1;2
26147;TERROBA;0;0;0;0;0;0;0;0;0;0;0;0;0;0;0;0;0;0;0;0;0;0;0
26148;TIRGO;6;0;1;1;0;1;3;0;1;0;5;0;34;0;19;0;0;15;0;10;0;0;24
26149;TOBIA;0;0;0;0;0;0;0;0;0;0;0;0;0;0;0;0;0;0;0;0;0;0;0
26150;TORMANTOS;2;0;0;1;0;0;1;0;1;0;1;0;0;0;0;0;0;0;0;0;0;0;0
26151;TORRECILLA EN CAMEROS;7;0;0;2;0;3;2;0;0;1;6;0;3;0;0;0;0;3;0;0;0;0;3
26152;TORRECILLA SOBRE ALESANCO;1;0;0;0;0;1;0;1;0;0;0;0;1;0;1;0;0;0;0;1;0;0;0
26153;TORRE EN CAMEROS;0;0;0;0;0;0;0;0;0;0;0;0;0;0;0;0;0;0;0;0;0;0;0
26154;TORREMONTALBO;0;0;0;0;0;0;0;0;0;0;0;0;6;0;6;0;0;0;0;6;0;0;0
26155;TREVIANA;4;1;0;1;1;0;1;0;1;0;3;0;2;0;2;0;0;0;0;2;0;0;0
26157;TRICIO;13;0;0;4;0;5;4;0;4;1;8;0;2;1;0;0;1;0;0;0;1;0;1
26158;TUDELILLA;18;0;0;5;0;7;6;2;4;1;10;1;12;0;11;0;0;1;0;6;2;0;4
26160;URUÑUELA;40;0;12;7;0;8;13;13;5;2;20;0;15;0;14;0;0;1;0;8;5;1;1
26161;VALDEMADERA;0;0;0;0;0;0;0;0;0;0;0;0;0;0;0;0;0;0;0;0;0;0;0
26162;VALGAÑON;1;0;0;0;0;0;1;0;0;0;1;0;0;0;0;0;0;0;0;0;0;0;0
26163;VENTOSA;9;0;1;2;0;4;2;0;2;0;7;0;0;0;0;0;0;0;0;0;0;0;0
26164;VENTROSA;1;0;1;0;0;0;0;1;0;0;0;0;2;0;2;0;0;0;0;2;0;0;0
26165;VIGUERA;19;1;5;6;2;3;2;1;5;3;9;1;5;1;2;0;0;2;0;2;1;0;2
26166;VILLALBA DE RIOJA;1;0;0;0;0;0;1;0;0;0;1;0;0;0;0;0;0;0;0;0;0;0;0
26167;VILLALOBAR DE RIOJA;1;0;0;0;0;0;1;0;0;0;0;1;0;0;0;0;0;0;0;0;0;0;0
26168;VILLAMEDIANA DE IREGUA;456;13;83;95;11;130;124;38;54;30;309;25;42;6;18;5;0;13;0;0;11;2;29
26169;VILLANUEVA DE CAMEROS;2;0;0;1;0;1;0;0;1;0;1;0;1;0;1;0;0;0;0;0;0;0;1
26170;VILLAR DE ARNEDO, EL;16;0;0;5;0;4;7;1;6;1;7;1;21;0;16;1;0;4;0;1;5;4;11
26171;VILLAR DE TORRE;4;0;1;2;0;0;1;1;1;0;1;1;11;0;6;0;0;5;0;0;1;0;10
26172;VILLAREJO;1;0;1;0;0;0;0;0;1;0;0;0;1;0;1;0;0;0;0;1;0;0;0
26173;VILLARROYA;0;0;0;0;0;0;0;0;0;0;0;0;0;0;0;0;0;0;0;0;0;0;0
26174;VILLARTA-QUINTANA;5;0;3;0;0;0;2;0;0;1;4;0;0;0;0;0;0;0;0;0;0;0;0
26175;VILLAVELAYO;0;0;0;0;0;0;0;0;0;0;0;0;0;0;0;0;0;0;0;0;0;0;0
26176;VILLAVERDE DE RIOJA;1;0;0;1;0;0;0;1;0;0;0;0;0;0;0;0;0;0;0;0;0;0;0
26177;VILLOSLADA DE CAMEROS;12;1;3;4;0;0;4;3;0;2;7;0;7;0;7;0;0;0;0;0;0;0;7
26178;VINIEGRA DE ABAJO;0;0;0;0;0;0;0;0;0;0;0;0;2;0;0;0;0;2;0;0;0;0;2
26179;VINIEGRA DE ARRIBA;1;0;0;1;0;0;0;0;0;0;1;0;0;0;0;0;0;0;0;0;0;0;0
26180;ZARRATON;2;0;0;1;0;1;0;0;0;0;2;0;27;1;16;0;0;10;0;14;0;0;13
26181;ZARZOSA;0;0;0;0;0;0;0;0;0;0;0;0;0;0;0;0;0;0;0;0;0;0;0
26183;ZORRAQUIN;5;0;1;2;0;1;1;0;1;0;4;0;2;0;1;0;0;0;1;0;1;0;1
35001;AGAETE;668;32;115;166;23;141;191;21;25;86;485;51;135;3;66;6;3;49;8;0;4;9;122
35002;AGÜIMES;3321;151;471;738;141;784;1036;85;111;298;2604;223;1042;32;522;53;22;382;31;40;171;101;730
35003;ANTIGUA;820;32;128;192;25;199;244;18;20;62;675;45;420;16;176;15;11;182;20;4;7;9;400
35004;ARRECIFE;5984;232;995;1404;203;1420;1730;41;158;600;4801;384;1952;33;975;70;34;783;57;28;54;165;1705
35005;ARTENARA;74;4;13;17;3;16;21;2;2;8;59;3;14;0;6;0;0;8;0;0;0;2;12
35006;ARUCAS;3810;148;552;941;120;835;1214;60;226;384;2779;361;535;17;268;17;11;207;15;9;48;24;454
35007;BETANCURIA;33;4;7;8;1;8;5;1;1;2;25;4;63;0;32;4;1;21;5;0;0;0;63
35008;FIRGAS;772;23;101;194;32;165;257;19;38;89;556;70;286;6;166;2;4;106;2;0;3;11;272
35009;GÁLDAR;2697;127;434;586;111;653;786;138;150;301;1843;265;345;19;133;22;18;140;13;73;43;21;208
35010;HARÍA;392;14;70;107;12;74;115;7;14;24;326;21;97;1;56;2;1;35;2;1;5;15;76
35011;INGENIO;3394;136;502;758;136;742;1120;97;123;306;2629;239;718;17;262;17;18;389;15;34;20;27;637
35012;MOGAN;1379;69;221;331;56;314;388;27;34;85;1139;94;1845;74;743;58;43;884;43;3;16;152;1674
35013;MOYA;839;29;103;208;19;187;293;27;35;100;606;71;67;3;33;4;2;22;3;4;5;2;56
35014;OLIVA, LA;1820;53;359;432;61;478;437;11;43;156;1557;53;889;27;349;46;26;396;45;3;10;38;838
35015;PÁJARA;1489;68;287;332;57;397;348;22;13;58;1333;63;1143;19;526;55;24;478;41;14;1;77;1051
35016;PALMAS DE GRAN CANARIA, LAS;39618;1386;6078;9653;1275;8359;12867;366;1660;3799;29742;4051;16341;463;6880;398;485;7671;444;100;813;1015;14413
35017;PUERTO DEL ROSARIO;3952;181;734;804;168;1048;1017;42;134;407;3157;212;1264;53;502;62;45;534;68;5;51;81;1127
35018;SAN BARTOLOMÉ;1338;50;213;333;38;317;387;9;51;107;1116;55;567;15;300;26;9;197;20;5;12;31;519
35019;SAN BARTOLOMÉ DE TIRAJANA;4908;204;873;1193;151;1034;1453;67;79;221;4162;379;4619;167;1905;162;112;2161;112;75;84;159;4301
35020;ALDEA DE SAN NICOLÁS, LA;770;45;138;202;42;148;195;73;21;94;530;52;107;7;45;2;10;40;3;27;4;7;69
35021;SANTA BRÍGIDA;1326;37;192;367;33;244;453;26;52;118;987;143;238;8;91;5;5;124;5;0;2;7;229
35022;SANTA LUCÍA DE TIRAJANA;8274;340;1305;1728;357;1921;2623;209;234;706;6508;617;906;47;326;61;27;394;51;59;30;81;736
35023;SANTA MARÍA DE GUÍA DE GRAN CANARIA;1486;50;274;320;50;342;450;70;69;171;1044;132;315;11;133;8;6;144;13;63;6;17;229
35024;TEGUISE;1180;38;188;276;34;280;364;12;37;67;1010;54;703;24;271;47;13;307;41;3;8;50;642
35025;TEJEDA;118;6;5;42;2;22;41;5;9;6;92;6;64;2;29;1;1;31;0;0;3;0;61
35026;TELDE;11431;460;1751;2468;437;2672;3643;370;536;1617;7940;968;2988;105;1494;108;80;1129;72;131;174;312;2371
35027;TEROR;1216;37;157;318;33;256;415;26;108;113;845;124;98;4;35;3;6;44;6;11;6;1;80
35028;TÍAS;1171;32;190;285;31;292;341;6;23;47;1020;75;1328;29;508;63;27;635;66;9;14;29;1276
35029;TINAJO;434;18;69;110;12;102;123;9;25;35;347;18;67;4;28;4;2;23;6;0;4;2;61
35030;TUINEJE;1376;79;254;318;51;359;315;37;41;97;1140;61;242;3;124;8;4;87;16;16;11;17;198
35031;VALSEQUILLO DE GRAN CANARIA;886;29;122;200;36;212;287;30;62;82;647;65;140;4;53;4;5;71;3;13;7;8;112
35032;VALLESECO;337;9;64;100;9;67;88;7;19;33;256;22;29;4;12;3;1;6;3;0;2;4;23
35033;VEGA DE SAN MATEO;670;24;85;151;16;148;246;38;27;63;471;71;106;8;33;9;17;32;7;6;7;2;91
35034;YAIZA;1067;38;235;218;41;284;251;5;10;47;964;41;954;41;361;62;18;429;43;7;11;28;908
24001;ACEBEDO;8;0;0;4;2;2;0;0;0;0;8;0;18;0;6;0;0;12;0;0;0;0;18
24002;ALGADEFE;9;0;0;5;0;3;1;0;1;0;6;2;2;0;1;1;0;0;0;2;0;0;0
24003;ALIJA DEL INFANTADO;29;1;2;12;0;5;9;0;2;2;24;1;2;0;0;1;0;1;0;0;0;0;2
24004;ALMANZA;28;1;7;10;0;4;6;4;3;0;20;1;7;3;1;0;1;2;0;2;3;0;2
24005;ANTIGUA, LA;19;0;2;7;0;4;6;2;1;0;15;1;7;0;5;0;0;2;0;0;0;0;7
24006;ARDON;23;0;3;9;2;4;5;1;2;1;19;0;2;0;0;0;1;1;0;0;0;0;2
24007;ARGANZA;67;0;9;19;2;11;26;10;13;7;34;3;23;0;8;0;0;15;0;0;4;0;19
24008;ASTORGA;784;41;113;180;41;187;222;39;61;50;541;93;209;2;75;6;4;120;2;0;14;9;186
24009;BALBOA;14;0;1;7;1;0;5;1;2;2;8;1;6;0;2;2;0;2;0;1;0;4;1
24010;BAÑEZA, LA;758;37;117;155;41;176;232;27;85;38;521;87;233;3;94;3;3;123;7;4;10;8;211
24011;BARJAS;14;0;1;8;0;2;3;1;2;2;9;0;1;0;1;0;0;0;0;0;0;0;1
24012;BARRIOS DE LUNA, LOS;9;0;0;2;0;3;4;0;0;0;8;1;6;0;4;0;0;2;0;2;0;0;4
24014;BEMBIBRE;666;33;139;111;25;151;207;117;87;29;377;56;109;5;41;6;4;52;1;2;9;9;89
24015;BENAVIDES;129;6;11;33;3;37;39;8;19;17;74;11;17;0;4;1;0;12;0;0;2;2;13
24016;BENUZA;16;0;4;6;0;0;6;0;5;1;10;0;13;0;6;5;0;1;1;0;11;0;2
24017;BERCIANOS DEL PARAMO;22;1;3;8;0;6;4;0;4;1;14;3;6;0;3;0;0;3;0;0;0;1;5
24018;BERCIANOS DEL REAL CAMINO;3;0;0;0;0;1;2;0;0;0;3;0;1;0;0;0;0;1;0;0;0;0;1
24019;BERLANGA DEL BIERZO;22;1;8;1;1;5;6;4;2;3;13;0;0;0;0;0;0;0;0;0;0;0;0
24020;BOCA DE HUERGANO;9;0;0;5;0;1;3;2;0;1;6;0;2;0;1;0;0;1;0;0;0;0;2
24021;BOÑAR;135;4;24;41;7;18;41;12;8;7;97;11;18;0;9;2;1;6;0;1;2;0;15
24022;BORRENES;17;1;3;6;0;1;6;0;2;3;12;0;3;0;0;0;0;3;0;0;0;0;3
24023;BRAZUELO;27;0;5;8;1;7;6;3;4;0;14;6;7;0;4;0;0;3;0;0;4;0;3
24024;BURGO RANERO, EL;36;0;5;13;0;4;14;1;2;1;32;0;17;0;5;0;2;10;0;1;1;1;14
24025;BURON;7;0;0;3;0;1;3;1;0;0;6;0;0;0;0;0;0;0;0;0;0;0;0
24026;BUSTILLO DEL PARAMO;28;1;4;6;2;11;4;1;2;3;20;2;10;0;4;0;1;5;0;2;0;0;8
24027;CABAÑAS RARAS;91;5;9;20;0;20;37;14;7;8;58;4;11;0;6;2;0;3;0;0;5;0;6
24028;CABREROS DEL RIO;10;1;3;2;0;3;1;1;0;1;8;0;4;0;4;0;0;0;0;0;1;0;3
24029;CABRILLANES;27;0;8;8;0;7;4;2;6;3;14;2;5;0;1;1;0;2;1;0;0;1;4
24030;CACABELOS;437;19;71;88;21;99;139;82;54;22;237;42;88;0;38;2;0;47;1;4;21;3;60
24031;CALZADA DEL COTO;8;0;1;3;0;0;4;1;0;2;5;0;0;0;0;0;0;0;0;0;0;0;0
24032;CAMPAZAS;2;0;0;0;0;1;1;0;0;0;2;0;1;0;1;0;0;0;0;0;0;0;1
24033;CAMPO DE VILLAVIDEL;9;1;0;5;1;1;1;0;2;1;6;0;4;1;1;2;0;0;0;3;0;1;0
24034;CAMPONARAYA;314;20;54;58;8;70;104;39;35;29;184;27;61;0;19;1;5;33;3;0;12;2;47
24036;CANDIN;8;0;0;4;0;3;1;0;1;0;6;1;0;0;0;0;0;0;0;0;0;0;0
24037;CARMENES;8;0;0;5;0;0;3;0;0;0;7;1;1;0;0;0;1;0;0;0;0;0;1
24038;CARRACEDELO;224;8;38;56;9;43;70;38;32;18;125;11;53;0;26;1;1;25;0;16;4;3;30
24039;CARRIZO;92;2;11;24;4;27;24;6;13;5;61;7;21;0;6;2;0;10;3;2;0;0;19
24040;CARROCERA;20;0;3;5;1;4;7;1;4;2;11;2;9;0;3;0;3;2;1;0;5;0;4
24041;CARUCEDO;31;1;4;8;1;3;14;3;6;1;21;0;4;1;1;0;1;1;0;1;1;0;2
24042;CASTILFALE;1;0;0;0;0;1;0;0;0;0;1;0;1;0;0;0;0;1;0;0;0;0;1
24043;CASTRILLO DE CABRERA;7;0;1;3;0;0;3;1;1;1;4;0;0;0;0;0;0;0;0;0;0;0;0
24044;CASTRILLO DE LA VALDUERNA;4;0;2;0;0;1;1;1;0;0;3;0;2;0;2;0;0;0;0;2;0;0;0
24046;CASTROCALBON;43;1;3;16;0;4;19;5;2;5;30;1;5;0;0;0;1;4;0;0;0;0;5
24047;CASTROCONTRIGO;36;0;10;11;1;3;11;2;3;8;22;1;2;0;1;0;0;1;0;0;0;0;2
24049;CASTROPODAME;95;8;11;21;6;23;26;12;9;6;60;8;2;0;2;0;0;0;0;0;1;0;1
24050;CASTROTIERRA DE VALMADRIGAL;5;0;0;1;0;1;3;0;0;0;4;1;0;0;0;0;0;0;0;0;0;0;0
24051;CEA;9;0;0;7;0;1;1;1;0;0;8;0;2;0;0;1;0;1;0;1;0;0;1
24052;CEBANICO;7;0;0;2;0;2;3;0;1;0;6;0;0;0;0;0;0;0;0;0;0;0;0
24053;CEBRONES DEL RIO;23;0;4;6;1;5;7;1;2;1;15;4;2;0;2;0;0;0;0;1;0;0;1
24054;CIMANES DE LA VEGA;8;0;2;1;0;1;4;2;1;1;4;0;5;0;5;0;0;0;0;1;0;0;4
24055;CIMANES DEL TEJAR;31;2;10;10;1;3;5;2;1;5;20;3;4;0;3;0;0;1;0;0;1;0;3
24056;CISTIERNA;198;7;24;48;8;32;79;15;8;19;137;19;29;0;14;1;0;14;0;3;3;0;23
24057;CONGOSTO;89;7;18;16;4;22;22;11;8;9;55;6;13;0;3;2;0;7;1;0;0;5;8
24058;CORBILLOS DE LOS OTEROS;4;0;0;2;0;0;2;0;0;0;4;0;3;0;2;1;0;0;0;3;0;0;0
24059;CORULLON;53;5;8;15;1;9;15;15;3;2;29;4;1;0;0;0;0;1;0;0;0;0;1
24060;CREMENES;25;0;2;7;0;5;11;0;0;1;22;2;0;0;0;0;0;0;0;0;0;0;0
24061;CUADROS;109;5;16;35;2;28;23;2;10;14;73;10;19;1;4;0;0;8;6;3;0;0;16
24062;CUBILLAS DE LOS OTEROS;2;0;0;0;0;0;2;0;0;0;2;0;3;2;1;0;0;0;0;3;0;0;0
24063;CUBILLAS DE RUEDA;16;1;2;5;1;2;5;4;0;0;12;0;7;0;7;0;0;0;0;0;0;7;0
24064;CUBILLOS DEL SIL;125;6;27;26;2;32;32;8;22;10;80;5;89;2;50;18;2;13;4;0;39;31;19
24065;CHOZAS DE ABAJO;135;3;25;27;5;32;43;6;25;11;88;5;43;1;23;0;0;19;0;0;4;0;39
24066;DESTRIANA;15;0;4;8;1;1;1;2;2;3;7;1;1;0;0;0;0;1;0;1;0;0;0
24067;ENCINEDO;32;1;6;8;0;9;8;1;19;0;12;0;26;0;15;1;0;10;0;0;16;0;10
24068;ERCINA, LA;23;2;1;6;0;4;10;0;1;0;20;2;3;0;1;0;0;2;0;0;0;1;2
24069;ESCOBAR DE CAMPOS;1;0;0;1;0;0;0;0;0;0;1;0;0;0;0;0;0;0;0;0;0;0;0
24070;FABERO;309;11;59;56;21;69;93;38;31;14;199;27;40;2;11;0;0;26;1;0;0;3;37
24071;FOLGOSO DE LA RIBERA;65;1;11;15;1;14;23;7;9;6;39;4;6;1;0;0;0;4;1;0;0;0;6
24073;FRESNO DE LA VEGA;12;0;1;5;0;3;3;1;0;1;9;1;7;1;1;1;2;0;2;0;0;1;6
24074;FUENTES DE CARBAJAL;3;1;0;0;0;2;0;1;1;0;1;0;0;0;0;0;0;0;0;0;0;0;0
24076;GARRAFE DE TORIO;63;0;16;14;3;10;20;0;4;4;47;8;6;2;1;0;1;2;0;0;2;1;3
24077;GORDALIZA DEL PINO;12;0;0;0;0;4;8;0;1;0;9;2;4;0;3;0;0;1;0;0;0;1;3
24078;GORDONCILLO;15;0;3;3;1;2;6;2;1;0;11;1;0;0;0;0;0;0;0;0;0;0;0
24079;GRADEFES;44;2;10;16;0;9;7;7;3;1;31;2;8;0;7;0;0;1;0;3;0;0;5
24080;GRAJAL DE CAMPOS;7;0;2;3;0;1;1;1;0;1;2;3;3;0;0;0;0;3;0;0;0;0;3
24081;GUSENDOS DE LOS OTEROS;3;0;0;1;0;0;2;0;0;0;3;0;2;0;1;0;0;1;0;0;0;0;2
24082;HOSPITAL DE ORBIGO;51;1;8;13;0;10;19;2;5;5;38;1;59;0;49;0;0;10;0;1;41;0;17
24083;IGÜEÑA;53;2;12;15;2;8;14;13;4;5;27;4;5;0;1;0;0;4;0;0;0;0;5
24084;IZAGRE;11;2;0;5;0;1;3;0;0;1;10;0;0;0;0;0;0;0;0;0;0;0;0
24086;JOARILLA DE LAS MATAS;11;0;3;5;1;1;1;1;0;1;8;1;5;0;3;0;0;2;0;1;2;0;2
24087;LAGUNA DALGA;19;0;6;5;0;4;4;3;3;0;10;3;4;0;1;0;0;3;0;1;0;0;3
24088;LAGUNA DE NEGRILLOS;43;0;9;15;1;5;13;2;3;4;34;0;5;0;2;0;0;2;1;0;2;0;3
24089;LEON;8322;361;1407;1751;366;2012;2425;194;586;560;5760;1222;4718;120;1732;76;152;2515;123;23;483;148;4064
24090;LUCILLO;10;1;3;2;0;1;3;1;2;2;5;0;0;0;0;0;0;0;0;0;0;0;0
24091;LUYEGO;18;1;2;5;0;4;6;2;1;1;14;0;3;0;1;0;0;2;0;0;0;0;3
24092;LLAMAS DE LA RIBERA;33;0;6;9;0;6;12;4;3;4;21;1;4;0;0;0;1;3;0;0;1;0;3
24093;MAGAZ DE CEPEDA;19;0;4;6;1;2;6;2;2;2;13;0;1;0;1;0;0;0;0;0;0;1;0
24094;MANSILLA DE LAS MULAS;164;10;36;35;6;37;40;14;9;13;103;25;42;1;15;1;0;25;0;0;2;0;40
24095;MANSILLA MAYOR;14;0;2;3;1;3;5;0;0;0;13;1;1;0;0;0;0;1;0;0;0;0;1
24096;MARAÑA;0;0;0;0;0;0;0;0;0;0;0;0;1;0;1;0;0;0;0;0;0;0;1
24097;MATADEON DE LOS OTEROS;3;0;1;2;0;0;0;0;0;0;3;0;7;0;5;0;0;2;0;2;0;0;5
24098;MATALLANA DE TORIO;78;0;18;15;2;17;26;3;9;10;52;4;12;0;7;0;1;4;0;0;6;2;4
24099;MATANZA;4;0;2;2;0;0;0;1;0;0;3;0;3;0;2;0;0;1;0;0;0;1;2
24100;MOLINASECA;59;2;11;18;3;9;16;6;5;4;38;6;22;1;11;0;0;10;0;0;2;0;20
24101;MURIAS DE PAREDES;16;2;2;4;0;1;7;0;0;2;14;0;0;0;0;0;0;0;0;0;0;0;0
24102;NOCEDA DEL BIERZO;31;0;3;3;2;9;14;0;4;1;23;3;0;0;0;0;0;0;0;0;0;0;0
24103;OENCIA;16;0;1;6;1;1;7;3;4;0;7;2;2;0;2;0;0;0;0;0;2;0;0
24104;OMAÑAS, LAS;10;0;0;4;0;5;1;1;0;0;9;0;0;0;0;0;0;0;0;0;0;0;0
24105;ONZONILLA;125;4;12;32;6;29;42;2;17;10;87;9;176;4;118;6;1;46;1;0;38;9;129
24106;OSEJA DE SAJAMBRE;4;0;1;3;0;0;0;0;0;1;3;0;1;0;0;0;0;0;1;0;0;0;1
24107;PAJARES DE LOS OTEROS;11;0;3;3;0;2;3;4;2;0;4;1;5;3;1;0;1;0;0;1;1;0;3
24108;PALACIOS DE LA VALDUERNA;16;1;3;3;0;3;6;0;2;2;11;1;7;0;7;0;0;0;0;4;1;0;2
24109;PALACIOS DEL SIL;53;2;14;12;2;12;11;6;5;5;27;10;1;0;1;0;0;0;0;0;0;0;1
24110;PARAMO DEL SIL;122;4;20;39;1;21;37;26;22;11;57;6;12;0;11;0;0;1;0;0;4;5;3
24112;PERANZANES;9;0;0;3;0;0;6;0;1;0;8;0;0;0;0;0;0;0;0;0;0;0;0
24113;POBLADURA DE PELAYO GARCIA;11;1;2;4;1;1;2;1;1;0;6;3;2;0;1;1;0;0;0;0;2;0;0
24114;POLA DE GORDON, LA;156;7;40;35;5;26;43;2;24;16;103;11;32;1;22;3;0;6;0;0;1;21;10
24115;PONFERRADA;5258;240;845;1115;172;1251;1635;499;576;397;3287;499;1289;42;502;27;46;639;33;18;74;70;1127
24116;POSADA DE VALDEON;8;0;2;3;0;2;1;2;0;0;6;0;1;0;1;0;0;0;0;0;1;0;0
24117;POZUELO DEL PARAMO;21;0;1;6;1;3;10;0;0;2;18;1;0;0;0;0;0;0;0;0;0;0;0
24118;PRADO DE LA GUZPEÑA;7;0;2;3;1;1;0;1;1;1;3;1;0;0;0;0;0;0;0;0;0;0;0
24119;PRIARANZA DEL BIERZO;33;1;5;6;0;11;10;3;3;5;21;1;2;0;2;0;0;0;0;0;0;0;2
24120;PRIORO;12;0;0;4;2;3;3;1;0;1;8;2;1;0;0;0;0;1;0;0;0;0;1
24121;PUEBLA DE LILLO;16;1;4;3;0;2;6;1;1;2;11;1;29;0;9;0;1;18;1;0;0;0;29
24122;PUENTE DE DOMINGO FLOREZ;74;1;8;20;3;9;33;4;28;0;38;4;42;2;15;14;0;9;2;0;25;2;15
24123;QUINTANA DEL CASTILLO;46;3;5;17;1;10;10;3;3;6;30;4;0;0;0;0;0;0;0;0;0;0;0
24124;QUINTANA DEL MARCO;15;0;4;6;1;1;3;2;2;0;10;1;1;0;0;0;0;1;0;0;0;0;1
24125;QUINTANA Y CONGOSTO;22;1;4;11;0;2;4;4;2;6;8;2;0;0;0;0;0;0;0;0;0;0;0
24127;REGUERAS DE ARRIBA;8;0;2;1;0;2;3;0;1;2;5;0;0;0;0;0;0;0;0;0;0;0;0
24129;REYERO;1;0;0;0;1;0;0;0;0;0;0;1;0;0;0;0;0;0;0;0;0;0;0
24130;RIAÑO;24;3;6;7;0;4;4;6;1;3;13;1;13;0;6;0;0;6;1;0;0;3;10
24131;RIEGO DE LA VEGA;38;3;8;12;1;7;7;1;4;5;23;5;44;4;17;1;6;15;1;0;7;0;37
24132;RIELLO;29;0;5;13;0;5;6;1;4;3;21;0;19;0;13;0;0;6;0;0;0;0;19
24133;RIOSECO DE TAPIA;16;1;3;6;0;3;3;0;2;1;12;1;7;0;3;0;0;4;0;1;0;0;6
24134;ROBLA, LA;271;11;49;52;10;55;94;6;47;19;167;32;30;0;9;4;0;17;0;2;3;1;24
24136;ROPERUELOS DEL PARAMO;12;0;1;2;0;3;6;0;1;0;10;1;4;0;1;0;1;2;0;1;0;0;3
24137;SABERO;89;1;13;18;1;14;42;7;8;3;64;7;9;0;7;0;0;2;0;0;7;0;2
24139;SAHAGUN;123;8;17;35;1;23;39;4;10;9;92;8;30;1;11;1;0;16;1;0;5;0;25
24141;SAN ADRIAN DEL VALLE;9;0;3;3;0;0;3;0;1;0;6;2;1;0;0;1;0;0;0;0;0;0;1
24142;SAN ANDRES DEL RABANEDO;1992;105;287;410;76;480;634;30;171;131;1449;211;170;7;64;11;6;80;2;1;23;8;138
24143;SANCEDO;29;1;4;12;1;4;7;2;4;3;19;1;18;0;12;0;0;6;0;0;1;0;17
24144;SAN CRISTOBAL DE LA POLANTERA;34;0;6;8;0;7;13;4;8;1;18;3;3;0;3;0;0;0;0;1;0;0;2
24145;SAN EMILIANO;22;2;3;5;1;7;4;0;1;5;14;2;3;0;1;0;0;2;0;0;0;0;3
24146;SAN ESTEBAN DE NOGALES;21;2;2;7;0;2;8;0;1;2;16;2;0;0;0;0;0;0;0;0;0;0;0
24148;SAN JUSTO DE LA VEGA;79;5;13;18;3;20;20;5;11;3;52;8;18;1;11;0;1;4;1;1;10;1;6
24149;SAN MILLAN DE LOS CABALLEROS;4;0;2;1;0;0;1;0;0;0;4;0;3;0;2;0;0;1;0;1;0;1;1
24150;SAN PEDRO BERCIANOS;6;0;0;5;0;0;1;2;0;0;3;1;1;0;1;0;0;0;0;0;0;0;1
24151;SANTA COLOMBA DE CURUEÑO;16;0;3;7;0;1;5;0;1;1;13;1;3;0;1;0;0;2;0;0;0;0;3
24152;SANTA COLOMBA DE SOMOZA;29;0;5;14;0;6;4;3;1;2;23;0;8;0;3;0;1;4;0;1;0;2;5
24153;SANTA CRISTINA DE VALMADRIGAL;6;0;1;3;0;2;0;1;0;0;5;0;2;0;0;0;0;2;0;0;0;0;2
24154;SANTA ELENA DE JAMUZ;81;1;13;23;2;15;27;1;5;20;46;9;23;1;17;0;0;5;0;3;0;0;20
24155;SANTA MARIA DE LA ISLA;20;2;1;4;1;8;4;0;0;1;18;1;1;0;1;0;0;0;0;0;0;0;1
24156;SANTA MARIA DEL MONTE DE CEA;6;0;0;4;0;0;2;0;1;0;5;0;4;0;0;0;0;4;0;4;0;0;0
24157;SANTA MARIA DEL PARAMO;157;8;31;34;7;31;46;12;15;14;96;20;79;3;24;4;6;38;4;0;4;3;72
24158;SANTA MARIA DE ORDAS;15;0;4;3;0;1;7;0;2;0;13;0;0;0;0;0;0;0;0;0;0;0;0
24159;SANTA MARINA DEL REY;58;1;9;21;1;12;14;1;9;7;38;3;29;0;19;0;0;10;0;0;1;17;11
24160;SANTAS MARTAS;38;1;8;6;2;12;9;12;2;5;17;2;4;1;1;1;0;1;0;2;2;0;0
24161;SANTIAGO MILLAS;12;0;1;4;0;3;4;0;1;0;10;1;1;0;1;0;0;0;0;0;0;0;1
24162;SANTOVENIA DE LA VALDONCINA;147;6;21;37;2;30;51;2;22;10;107;6;57;0;34;5;0;17;1;0;2;4;51
24163;SARIEGOS;246;9;34;48;10;52;93;6;25;15;178;22;84;0;64;4;0;16;0;0;4;2;78
24164;SENA DE LUNA;7;0;3;4;0;0;0;1;1;0;5;0;3;0;2;0;0;1;0;0;0;0;3
24165;SOBRADO;9;0;1;3;0;1;4;1;2;0;6;0;5;0;2;0;2;1;0;2;0;2;1
24166;SOTO DE LA VEGA;77;5;12;17;4;15;24;7;5;5;52;8;72;15;26;1;7;23;0;0;54;3;15
24167;SOTO Y AMIO;48;6;3;14;0;9;16;1;5;6;31;5;1;1;0;0;0;0;0;0;0;0;1
24168;TORAL DE LOS GUZMANES;16;1;1;6;1;2;5;5;3;1;7;0;8;0;2;0;0;5;1;0;1;0;7
24169;TORENO;218;8;40;59;9;40;62;27;26;10;143;12;14;0;1;0;1;11;1;0;2;0;12
24170;TORRE DEL BIERZO;118;6;22;38;3;24;25;15;15;11;68;9;13;1;7;1;0;4;0;1;4;2;6
24171;TRABADELO;20;1;5;7;0;4;3;0;0;2;17;1;19;0;8;0;0;11;0;0;0;0;19
24172;TRUCHAS;26;4;0;9;0;2;11;2;5;1;17;1;4;0;2;0;0;2;0;0;2;0;2
24173;TURCIA;44;1;9;8;1;8;17;2;9;3;22;8;6;0;2;1;0;3;0;0;0;1;5
24174;URDIALES DEL PARAMO;17;0;2;6;0;5;4;0;2;2;12;1;6;0;5;0;0;1;0;4;0;0;2
24175;VALDEFRESNO;112;3;25;30;2;25;27;4;7;12;75;14;56;7;31;4;3;9;2;2;12;3;39
24176;VALDEFUENTES DEL PARAMO;11;0;2;3;0;2;4;1;0;0;9;1;2;0;2;0;0;0;0;0;0;0;2
24177;VALDELUGUEROS;19;1;3;9;0;1;5;1;0;2;15;1;1;0;0;0;0;1;0;0;0;0;1
24178;VALDEMORA;4;0;1;1;0;1;1;0;0;0;4;0;0;0;0;0;0;0;0;0;0;0;0
24179;VALDEPIELAGO;28;0;5;7;0;6;10;3;0;3;20;2;11;0;2;0;0;9;0;0;0;0;11
24180;VALDEPOLO;54;3;10;20;1;9;11;4;1;7;35;7;7;2;2;0;1;2;0;2;2;0;3
24181;VALDERAS;111;6;20;19;9;25;32;12;11;3;56;29;30;0;25;1;0;4;0;1;2;0;27
24182;VALDERREY;29;2;2;9;0;8;8;1;4;4;20;0;4;0;2;0;1;1;0;0;0;0;4
24183;VALDERRUEDA;36;1;2;10;2;7;14;2;3;2;27;2;7;0;2;0;0;5;0;0;0;2;5
24184;VALDESAMARIO;12;0;3;4;0;2;3;3;0;0;9;0;0;0;0;0;0;0;0;0;0;0;0
24185;VAL DE SAN LORENZO;15;0;2;8;1;2;2;1;0;2;11;1;1;0;1;0;0;0;0;0;0;0;1
24187;VALDEVIMBRE;46;2;11;13;1;9;10;3;5;7;25;6;10;0;4;3;0;3;0;2;2;0;6
24188;VALENCIA DE DON JUAN;284;21;39;46;10;82;86;29;26;7;202;20;93;4;31;4;3;50;1;0;14;1;78
24189;VALVERDE DE LA VIRGEN;417;19;68;79;25;117;109;11;32;33;297;44;77;3;47;2;3;19;3;0;0;0;77
24190;VALVERDE-ENRIQUE;5;0;1;1;0;1;2;0;0;0;4;1;4;0;3;0;0;1;0;2;0;0;2
24191;VALLECILLO;7;0;0;1;1;3;2;0;2;0;4;1;1;0;1;0;0;0;0;0;0;0;1
24193;VECILLA, LA;21;2;4;3;0;6;6;0;0;0;21;0;3;0;2;0;0;1;0;0;0;0;3
24194;VEGACERVERA;4;0;0;0;0;2;2;0;1;0;3;0;5;1;1;0;0;3;0;0;0;0;5
24196;VEGA DE ESPINAREDA;128;8;22;26;5;23;44;14;9;7;88;10;17;0;7;0;0;9;1;1;1;0;15
24197;VEGA DE INFANZONES;52;1;8;12;1;17;13;0;7;5;37;3;7;0;5;0;0;2;0;1;0;4;2
24198;VEGA DE VALCARCE;23;0;4;5;2;5;7;0;4;2;15;2;12;2;3;0;2;4;1;0;1;0;11
24199;VEGAQUEMADA;21;1;3;11;0;1;5;1;3;5;10;2;12;4;1;0;1;5;1;2;1;0;9
24201;VEGAS DEL CONDADO;42;3;11;16;1;5;6;2;8;3;26;3;10;0;6;0;0;4;0;4;0;0;6
24202;VILLABLINO;548;24;132;78;10;141;163;26;87;28;363;44;76;0;24;2;1;48;1;0;11;1;64
24203;VILLABRAZ;5;0;2;0;1;1;1;0;0;1;4;0;2;0;0;2;0;0;0;2;0;0;0
24205;VILLADANGOS DEL PARAMO;62;2;11;14;3;16;16;1;6;2;48;5;166;7;88;6;2;60;3;1;63;2;100
24206;TORAL DE LOS VADOS;127;1;23;23;4;26;50;18;18;6;80;5;44;2;20;5;0;16;1;2;11;8;23
24207;VILLADEMOR DE LA VEGA;19;1;2;5;1;6;4;1;3;2;9;4;3;0;1;0;0;2;0;1;0;0;2
24209;VILLAFRANCA DEL BIERZO;206;7;34;62;4;31;68;20;38;13;125;10;58;0;35;1;0;22;0;0;11;0;47
24210;VILLAGATON;16;1;3;2;0;5;5;1;1;0;13;1;12;0;8;0;0;3;1;0;0;6;6
24211;VILLAMANDOS;9;1;0;3;0;3;2;1;0;2;5;1;0;0;0;0;0;0;0;0;0;0;0
24212;VILLAMAÑAN;49;3;10;13;2;9;12;2;6;1;38;2;13;0;0;3;0;10;0;0;0;3;10
24213;VILLAMARTIN DE DON SANCHO;3;1;1;1;0;0;0;1;0;0;2;0;1;0;0;0;0;1;0;1;0;0;0
24214;VILLAMEJIL;43;1;3;15;0;9;15;2;3;4;32;2;1;0;0;0;0;1;0;0;0;0;1
24215;VILLAMOL;4;0;1;1;0;1;1;0;0;0;3;1;1;0;0;0;0;1;0;0;0;0;1
24216;VILLAMONTAN DE LA VALDUERNA;37;0;7;12;2;9;7;1;5;5;21;5;1;0;1;0;0;0;0;1;0;0;0
24217;VILLAMORATIEL DE LAS MATAS;5;0;1;3;0;1;0;1;0;0;4;0;0;0;0;0;0;0;0;0;0;0;0
24218;VILLANUEVA DE LAS MANZANAS;20;0;2;5;0;4;9;1;0;2;15;2;4;0;0;1;0;3;0;1;0;0;3
24219;VILLAOBISPO DE OTERO;20;2;6;8;1;0;3;0;5;3;11;1;16;0;9;1;2;4;0;0;0;0;16
24221;VILLAQUEJIDA;41;4;7;11;2;7;10;2;8;3;21;7;4;0;3;1;0;0;0;1;1;1;1
24222;VILLAQUILAMBRE;1137;53;200;190;46;315;333;17;85;69;844;122;191;8;57;5;3;114;4;1;34;6;150
24223;VILLAREJO DE ORBIGO;121;2;19;40;3;20;37;11;17;13;74;6;106;0;18;2;0;85;1;1;84;2;19
24224;VILLARES DE ORBIGO;21;1;3;8;0;2;7;0;5;4;11;1;1;0;0;0;0;1;0;0;0;0;1
24225;VILLASABARIEGO;50;1;9;12;2;9;17;2;3;3;38;4;5;0;5;0;0;0;0;0;0;1;4
24226;VILLASELAN;6;0;1;4;0;1;0;2;0;0;3;1;0;0;0;0;0;0;0;0;0;0;0
24227;VILLATURIEL;115;6;19;26;9;26;29;3;8;10;78;16;38;1;19;3;1;13;1;1;10;3;24
24228;VILLAZALA;20;0;5;5;0;2;8;0;3;0;13;4;4;0;1;0;0;3;0;0;0;1;3
24229;VILLAZANZO DE VALDERADUEY;14;1;3;5;0;3;2;3;0;0;10;1;0;0;0;0;0;0;0;0;0;0;0
24230;ZOTES DEL PARAMO;12;1;2;4;0;3;2;1;1;1;9;0;4;0;3;1;0;0;0;1;1;1;1
24901;VILLAMANIN;38;0;8;12;2;9;7;0;7;3;25;3;22;0;14;0;1;7;0;0;4;0;18
24902;VILLAORNATE Y CASTRO;6;0;1;2;0;1;2;0;0;1;5;0;2;0;0;0;0;2;0;0;0;0;2
25001;ABELLA DE LA CONCA;10;0;0;4;1;1;4;0;2;0;8;0;1;0;1;0;0;0;0;0;0;1;0
25002;AGER;15;1;3;4;1;3;3;0;1;1;13;0;6;0;2;1;0;2;1;2;0;0;4
25003;AGRAMUNT;201;8;26;39;5;37;86;24;46;16;98;17;102;2;61;4;4;28;3;6;43;6;47
25004;ALAMUS, ELS;23;1;7;5;2;2;6;2;1;1;18;1;16;0;9;1;1;4;1;13;0;0;3
25005;ALAS I CERC;8;0;1;4;0;1;2;1;1;1;4;1;2;0;1;0;0;1;0;0;1;0;1
25006;ALBAGES, L';12;0;2;3;1;2;4;1;1;3;7;0;40;5;27;0;0;8;0;34;0;3;3
25007;ALBATARREC;91;3;15;17;5;21;30;15;4;5;63;4;55;1;41;0;2;11;0;45;1;1;8
25008;ALBESA;43;2;8;8;3;9;13;10;3;3;23;4;33;1;20;0;0;12;0;17;0;2;14
25009;ALBI, L';25;0;4;6;0;7;8;3;5;1;14;2;12;0;8;1;0;3;0;3;7;0;2
25010;ALCANO;6;0;0;1;0;1;4;0;0;0;5;1;11;0;9;0;0;2;0;9;0;0;2
25011;ALCARRAS;674;19;110;120;34;223;168;142;25;21;472;14;317;15;213;17;1;64;7;175;14;9;119
25012;ALCOLETGE;150;6;35;27;5;35;42;31;14;7;92;6;87;2;45;1;0;37;2;12;10;1;64
25013;ALFARRAS;233;18;55;54;10;56;40;98;10;18;76;31;35;2;22;3;0;8;0;3;0;15;17
25014;ALFES;6;0;2;1;0;1;2;0;1;1;3;1;10;0;9;0;0;1;0;9;0;0;1
25015;ALGERRI;9;0;0;5;1;2;1;3;0;1;5;0;6;0;4;1;0;1;0;2;1;1;2
25016;ALGUAIRE;149;3;40;40;3;34;29;32;12;14;88;3;126;12;79;14;4;15;2;10;25;62;29
25017;ALINS;5;0;2;1;0;1;1;0;0;0;5;0;0;0;0;0;0;0;0;0;0;0;0
25019;ALMACELLES;218;8;35;46;4;59;66;46;21;15;120;16;114;3;61;7;2;39;2;19;12;7;76
25020;ALMATRET;7;0;1;1;1;3;1;1;0;0;6;0;0;0;0;0;0;0;0;0;0;0;0
25021;ALMENAR;150;7;26;50;7;23;37;40;16;19;66;9;70;1;44;3;1;19;2;30;9;1;30
25022;ALOS DE BALAGUER;2;0;0;0;2;0;0;0;1;0;1;0;1;0;0;0;0;0;1;1;0;0;0
25023;ALPICAT;166;13;26;33;6;36;52;17;14;11;120;4;66;0;31;7;2;26;0;12;3;3;48
25024;ALT ANEU;9;0;5;2;0;1;1;0;1;0;7;1;3;0;2;0;0;1;0;0;0;0;3
25025;NAUT ARAN;35;1;8;3;1;16;6;0;1;1;33;0;173;14;85;0;9;63;2;0;1;7;165
25027;ANGLESOLA;56;1;9;17;0;16;13;16;8;4;27;1;85;3;63;4;4;9;2;6;52;4;23
25029;ARBECA;71;2;14;26;2;10;17;26;7;10;26;2;40;1;26;2;0;11;0;11;3;3;23
25030;PONT DE BAR, EL;11;0;2;5;0;1;3;0;2;2;7;0;2;1;0;1;0;0;0;0;0;1;1
25031;ARRES;0;0;0;0;0;0;0;0;0;0;0;0;0;0;0;0;0;0;0;0;0;0;0
25032;ARSEGUEL;0;0;0;0;0;0;0;0;0;0;0;0;0;0;0;0;0;0;0;0;0;0;0
25033;ARTESA DE LLEIDA;40;1;4;13;1;5;16;8;3;4;23;2;54;5;39;0;2;7;1;38;1;1;14
25034;ARTESA DE SEGRE;119;6;14;33;2;32;32;21;19;10;62;7;29;1;16;6;0;4;2;7;16;2;4
25035;SENTIU DE SIO, LA;13;2;0;2;1;3;5;1;2;2;6;2;5;0;2;0;0;3;0;0;1;0;4
25036;ASPA;2;1;0;1;0;0;0;0;0;0;2;0;4;0;4;0;0;0;0;2;1;0;1
25037;AVELLANES I SANTA LINYA, LES;6;0;1;2;0;1;2;0;0;1;5;0;4;0;3;0;1;0;0;2;0;2;0
25038;AITONA;177;7;34;31;12;43;50;38;2;6;130;1;95;5;74;4;1;11;0;71;0;7;17
25039;BAIX PALLARS;16;0;5;6;1;1;3;1;2;0;13;0;2;0;0;0;0;2;0;0;0;0;2
25040;BALAGUER;1166;46;187;233;55;328;317;172;82;84;718;110;276;6;129;16;7;107;11;6;34;24;212
25041;BARBENS;28;1;9;4;0;4;10;12;1;0;14;1;38;0;25;0;0;13;0;18;0;0;20
25042;BARONIA DE RIALB, LA;4;0;0;1;0;1;2;0;0;0;4;0;1;0;1;0;0;0;0;1;0;0;0
25043;VALL DE BOI, LA;29;1;6;5;2;5;10;1;2;2;24;0;51;0;24;0;1;26;0;0;4;0;47
25044;BASSELLA;3;0;0;0;0;1;2;0;2;0;1;0;9;0;0;1;0;8;0;0;0;0;9
25045;BAUSEN;2;0;0;1;0;1;0;0;0;0;2;0;0;0;0;0;0;0;0;0;0;0;0
25046;BELIANES;14;0;2;6;0;3;3;2;2;1;9;0;2;0;2;0;0;0;0;1;0;0;1
25047;BELLCAIRE D'URGELL;28;0;10;3;0;8;7;6;6;3;13;0;10;0;6;0;0;3;1;1;1;3;5
25048;BELL-LLOC D'URGELL;92;4;19;15;4;29;21;20;9;3;54;6;31;0;16;1;1;10;3;5;12;3;11
25049;BELLMUNT D'URGELL;4;0;1;2;0;1;0;1;0;2;1;0;0;0;0;0;0;0;0;0;0;0;0
25050;BELLPUIG;224;10;38;58;5;59;54;36;25;10;136;17;110;6;76;4;0;23;1;50;19;2;39
25051;BELLVER DE CERDANYA;52;4;7;6;1;18;16;1;2;2;47;0;30;1;13;0;3;11;2;0;1;6;23
25052;BELLVIS;84;3;8;32;1;17;23;24;8;4;47;1;42;1;27;1;0;11;2;22;3;1;16
25053;BENAVENT DE SEGRIA;41;3;3;12;1;9;13;4;5;2;28;2;26;0;19;1;0;6;0;11;6;0;9
25055;BIOSCA;3;0;0;1;0;2;0;0;1;0;2;0;0;0;0;0;0;0;0;0;0;0;0
25056;BOVERA;5;0;0;2;0;1;2;1;1;0;3;0;57;2;52;0;1;2;0;52;3;0;2
25057;BORDES, ES;7;0;2;0;0;3;2;0;0;1;6;0;4;0;4;0;0;0;0;0;0;0;4
25058;BORGES BLANQUES, LES;270;11;46;75;6;56;76;43;32;19;161;15;115;6;56;4;4;39;6;21;23;9;62
25059;BOSSOST;21;0;3;7;1;5;5;1;0;4;16;0;10;0;6;1;1;1;1;0;0;0;10
25060;CABANABONA;2;0;0;1;0;0;1;0;0;0;2;0;3;0;1;0;0;1;1;0;0;1;2
25061;CABO;2;0;1;1;0;0;0;0;1;0;1;0;1;0;1;0;0;0;0;1;0;0;0
25062;CAMARASA;27;2;4;6;2;4;9;1;6;1;17;2;12;0;4;0;1;7;0;1;0;0;11
25063;CANEJAN;7;0;1;1;0;3;2;0;0;0;7;0;0;0;0;0;0;0;0;0;0;0;0
25064;CASTELLAR DE LA RIBERA;0;0;0;0;0;0;0;0;0;0;0;0;1;0;1;0;0;0;0;0;0;1;0
25067;CASTELLDANS;34;1;2;14;1;5;11;8;5;3;17;1;29;0;25;0;1;3;0;25;0;0;4
25068;CASTELLNOU DE SEANA;25;1;5;6;2;5;6;10;2;0;12;1;14;1;13;0;0;0;0;5;2;6;1
25069;CASTELLO DE FARFANYA;22;0;2;7;0;3;10;3;2;4;13;0;17;0;16;0;0;1;0;14;1;0;2
25070;CASTELLSERA;36;2;4;15;0;8;7;4;0;8;21;3;17;0;8;0;0;8;1;0;3;2;12
25071;CAVA;1;0;1;0;0;0;0;0;0;0;1;0;8;0;4;1;2;0;1;0;0;0;8
25072;CERVERA;416;19;51;99;11;126;110;22;77;34;248;35;158;3;69;12;8;60;6;5;62;5;86
25073;CERVIA DE LES GARRIGUES;28;0;1;9;0;5;13;2;5;2;19;0;17;2;11;1;0;3;0;7;5;1;4
25074;CIUTADILLA;6;0;2;2;0;1;1;2;0;0;4;0;4;2;0;0;0;2;0;1;0;0;3
25075;CLARIANA DE CARDENER;6;0;0;1;0;2;3;0;0;1;5;0;2;0;2;0;0;0;0;0;0;0;2
25076;COGUL, EL;3;0;0;0;0;1;2;0;0;0;3;0;7;0;4;0;0;3;0;0;7;0;0
25077;COLL DE NARGO;17;0;6;7;0;2;2;1;3;4;9;0;1;0;1;0;0;0;0;0;0;1;0
25078;CORBINS;37;1;4;15;1;6;10;16;3;1;17;0;32;2;26;0;1;3;0;25;2;1;4
25079;CUBELLS;4;0;1;1;0;1;1;1;0;0;3;0;2;0;2;0;0;0;0;0;0;0;2
25081;ESPLUGA CALBA, L';6;0;2;3;0;0;1;0;0;1;5;0;3;1;2;0;0;0;0;2;1;0;0
25082;ESPOT;10;0;1;2;0;4;3;0;0;0;10;0;4;0;3;0;0;1;0;1;0;0;3
25085;ESTARAS;2;0;0;0;0;1;1;0;0;0;2;0;0;0;0;0;0;0;0;0;0;0;0
25086;ESTERRI D'ANEU;35;0;10;6;0;10;9;0;1;2;32;0;18;0;9;0;0;9;0;0;0;7;11
25087;ESTERRI DE CARDOS;1;0;0;1;0;0;0;0;0;0;1;0;0;0;0;0;0;0;0;0;0;0;0
25088;ESTAMARIU;2;0;0;0;0;1;1;0;1;0;1;0;0;0;0;0;0;0;0;0;0;0;0
25089;FARRERA;3;0;0;0;0;2;1;1;0;0;2;0;2;0;2;0;0;0;0;0;0;0;2
25092;FLORESTA, LA;5;0;0;1;0;0;4;0;1;0;4;0;0;0;0;0;0;0;0;0;0;0;0
25093;FONDARELLA;21;2;3;4;0;4;8;3;5;0;13;0;30;0;19;0;0;11;0;0;15;1;14
25094;FORADADA;4;0;0;1;0;2;1;0;0;1;3;0;1;0;1;0;0;0;0;1;0;0;0
25096;FULIOLA, LA;81;0;24;13;2;27;15;37;7;9;25;3;13;0;9;1;0;3;0;4;3;3;3
25097;FULLEDA;3;0;1;1;0;0;1;0;0;1;1;1;0;0;0;0;0;0;0;0;0;0;0
25098;GAVET DE LA CONCA;6;0;1;2;0;0;3;0;0;0;6;0;0;0;0;0;0;0;0;0;0;0;0
25099;GOLMES;79;4;9;23;1;14;28;16;13;4;42;4;61;6;30;2;2;21;0;13;10;3;35
25100;GOSOL;2;0;1;0;0;1;0;0;0;0;2;0;9;0;8;0;0;1;0;2;1;1;5
25101;GRANADELLA, LA;14;0;1;6;0;3;4;2;3;2;5;2;30;1;22;0;0;7;0;19;3;0;8
25102;GRANJA D'ESCARP, LA;30;2;9;8;0;6;5;15;2;0;13;0;31;1;27;0;0;3;0;28;0;0;3
25103;GRANYANELLA;5;0;0;3;0;0;2;0;2;0;3;0;22;0;10;3;0;6;3;2;12;0;8
25104;GRANYENA DE SEGARRA;5;0;1;3;0;0;1;1;1;1;2;0;0;0;0;0;0;0;0;0;0;0;0
25105;GRANYENA DE LES GARRIGUES;9;0;2;3;2;0;2;0;0;2;6;1;15;0;14;0;0;1;0;14;1;0;0
25109;GUIMERA;8;0;0;4;0;2;2;1;3;0;4;0;3;1;2;0;0;0;0;1;2;0;0
25110;GUISSONA;176;10;25;35;8;54;44;2;65;8;90;11;139;4;63;11;2;50;9;1;64;1;73
25111;GUIXERS;0;0;0;0;0;0;0;0;0;0;0;0;1;0;0;0;0;1;0;0;0;0;1
25112;IVARS DE NOGUERA;10;1;1;2;0;4;2;3;2;2;3;0;4;0;4;0;0;0;0;2;0;2;0
25113;IVARS D'URGELL;44;2;13;10;1;10;8;11;6;2;23;2;22;0;15;2;0;3;2;10;4;0;8
25114;IVORRA;3;1;0;1;0;1;0;0;0;0;2;1;0;0;0;0;0;0;0;0;0;0;0
25115;ISONA I CONCA DELLA;31;1;7;9;0;5;9;7;3;0;20;1;11;0;7;0;0;4;0;6;0;1;4
25118;JUNCOSA;6;0;1;3;0;1;1;2;0;0;4;0;76;2;70;1;1;2;0;71;3;2;0
25119;JUNEDA;112;7;22;22;5;27;29;22;20;4;63;3;96;2;35;7;1;39;12;9;17;10;60
25120;LLEIDA;8225;306;1402;1846;305;2195;2171;809;511;587;5716;602;4606;163;1972;163;165;2023;120;425;281;298;3602
25121;LES;27;1;3;8;1;7;7;0;1;5;21;0;14;0;8;1;1;3;1;0;0;2;12
25122;LINYOLA;92;5;21;18;2;16;30;20;22;1;43;6;17;1;6;3;1;6;0;3;4;2;8
25123;LLADORRE;9;1;2;1;0;3;2;0;0;0;9;0;5;3;1;0;0;1;0;0;0;0;5
25124;LLADURS;2;0;1;1;0;0;0;0;0;1;1;0;3;0;0;0;0;2;1;1;0;0;2
25125;LLARDECANS;5;0;0;2;0;1;2;1;0;1;3;0;6;0;6;0;0;0;0;2;2;0;2
25126;LLAVORSI;14;1;3;3;0;4;3;2;0;1;11;0;6;1;4;1;0;0;0;1;0;2;3
25127;LLES DE CERDANYA;7;0;1;2;0;4;0;1;0;0;6;0;5;0;4;0;0;1;0;0;0;0;5
25128;LLIMIANA;5;0;1;0;2;1;1;1;1;0;3;0;0;0;0;0;0;0;0;0;0;0;0
25129;LLOBERA;6;0;0;0;0;3;3;0;1;0;5;0;3;0;1;0;0;2;0;0;0;1;2
25130;MALDA;9;0;0;3;1;3;2;1;2;0;6;0;5;0;2;0;0;3;0;0;1;0;4
25131;MASSALCOREIG;14;1;4;1;1;6;1;5;0;1;8;0;13;1;11;0;0;1;0;11;0;0;2
25132;MASSOTERES;5;2;0;1;0;1;1;0;0;1;3;1;6;0;4;0;0;2;0;5;0;0;1
25133;MAIALS;19;0;3;4;1;8;3;6;1;2;10;0;31;10;13;0;1;6;1;8;15;0;8
25134;MENARGUENS;37;2;6;10;1;9;9;15;6;2;14;0;12;2;9;0;0;1;0;9;1;0;2
25135;MIRALCAMP;57;3;9;19;0;12;14;20;6;0;29;2;67;12;30;6;2;12;5;23;33;0;11
25136;MOLSOSA, LA;1;0;0;0;0;1;0;0;0;0;1;0;1;0;0;1;0;0;0;0;1;0;0
25137;MOLLERUSSA;725;25;128;168;29;202;173;145;78;30;404;68;454;4;259;23;7;145;16;56;140;13;245
25138;MONTGAI;10;0;0;5;0;3;2;2;0;0;8;0;10;1;4;0;0;4;1;1;3;0;6
25139;MONTELLA I MARTINET;17;0;1;6;0;3;7;0;0;1;16;0;3;1;0;0;0;2;0;0;0;0;3
25140;MONTFERRER I CASTELLBO;22;2;0;4;0;8;8;1;0;1;20;0;20;0;8;2;3;6;1;1;2;2;15
25141;MONTOLIU DE SEGARRA;2;0;0;1;0;0;1;0;0;1;1;0;0;0;0;0;0;0;0;0;0;0;0
25142;MONTOLIU DE LLEIDA;6;0;0;2;0;1;3;0;0;2;3;1;20;3;15;1;0;1;0;14;2;1;3
25143;MONTORNES DE SEGARRA;1;0;0;0;0;0;1;0;0;0;1;0;0;0;0;0;0;0;0;0;0;0;0
25145;NALEC;1;0;1;0;0;0;0;0;1;0;0;0;6;0;6;0;0;0;0;5;1;0;0
25146;NAVES;5;0;0;1;0;2;2;1;1;0;3;0;3;0;1;1;0;0;1;1;1;0;1
25148;ODEN;2;0;1;0;0;1;0;0;0;1;1;0;2;0;1;0;0;1;0;0;0;1;1
25149;OLIANA;53;1;9;11;3;8;21;3;13;1;34;2;60;1;19;1;0;37;2;4;26;4;26
25150;OLIOLA;0;0;0;0;0;0;0;0;0;0;0;0;0;0;0;0;0;0;0;0;0;0;0
25151;OLIUS;20;0;2;4;0;7;7;0;6;0;14;0;14;1;8;0;1;1;3;0;6;6;2
25152;OLUGES, LES;3;0;1;1;0;1;0;0;2;0;1;0;0;0;0;0;0;0;0;0;0;0;0
25153;OMELLONS, ELS;7;0;0;3;0;3;1;0;2;0;5;0;1;0;1;0;0;0;0;1;0;0;0
25154;OMELLS DE NA GAIA, ELS;4;0;0;2;0;0;2;1;0;1;2;0;0;0;0;0;0;0;0;0;0;0;0
25155;ORGANYA;32;2;6;5;1;9;9;4;6;2;20;0;12;0;3;2;1;6;0;0;0;6;6
25156;OS DE BALAGUER;24;2;0;5;0;3;14;3;7;1;12;1;19;2;10;0;1;6;0;0;1;11;7
25157;OSSO DE SIO;10;0;1;4;0;1;4;1;4;0;5;0;2;0;1;1;0;0;0;2;0;0;0
25158;PALAU D'ANGLESOLA, EL;64;2;11;13;1;18;19;18;5;3;36;2;49;0;21;3;3;22;0;22;5;1;21
25161;CONCA DE DALT;12;1;1;1;0;3;6;0;0;1;11;0;0;0;0;0;0;0;0;0;0;0;0
25163;COMA I LA PEDRA, LA;10;0;3;3;0;2;2;0;0;0;9;1;4;0;3;0;0;1;0;0;0;0;4
25164;PENELLES;13;0;4;3;0;1;5;5;1;0;7;0;22;0;5;4;0;13;0;4;2;0;16
25165;PERAMOLA;4;0;0;1;1;1;1;0;1;0;3;0;27;0;13;0;1;13;0;3;0;0;24
25166;PINELL DE SOLSONES;3;0;1;0;0;1;1;0;0;0;3;0;2;1;1;0;0;0;0;2;0;0;0
25167;PINOS;5;0;1;2;0;1;1;0;2;2;1;0;1;1;0;0;0;0;0;1;0;0;0
25168;POAL, EL;15;0;1;4;0;6;4;3;2;0;9;1;15;1;13;0;0;0;1;8;2;5;0
25169;POBLA DE CERVOLES, LA;10;1;1;5;0;0;3;1;2;0;7;0;2;0;1;0;0;1;0;0;2;0;0
25170;BELLAGUARDA;1;0;0;0;0;0;1;0;0;0;1;0;10;0;9;0;0;0;1;8;2;0;0
25171;POBLA DE SEGUR, LA;136;6;29;37;4;31;29;4;10;19;99;4;42;2;20;1;2;17;0;1;5;8;28
25172;PONTS;113;7;19;28;2;25;32;10;14;9;73;7;69;1;26;6;0;36;0;2;0;0;67
25173;PONT DE SUERT, EL;65;3;13;18;1;16;14;2;1;12;49;1;32;1;16;0;0;15;0;0;1;3;28
25174;PORTELLA, LA;43;0;11;5;0;14;13;4;6;2;31;0;14;2;7;0;0;5;0;5;0;0;9
25175;PRATS I SANSOR;1;0;0;0;0;1;0;0;0;0;1;0;5;0;4;0;0;1;0;2;1;1;1
25176;PREIXANA;13;1;0;4;0;4;4;1;2;1;8;1;1;0;0;0;0;1;0;0;0;0;1
25177;PREIXENS;20;1;2;7;0;5;5;0;6;1;13;0;2;0;2;0;0;0;0;0;2;0;0
25179;PRULLANS;7;0;2;1;0;1;3;0;0;0;7;0;17;0;9;0;0;8;0;0;0;0;17
25180;PUIGGROS;11;0;2;7;0;1;1;1;2;5;3;0;3;0;3;0;0;0;0;3;0;0;0
25181;PUIGVERD D'AGRAMUNT;11;0;3;3;0;3;2;4;2;1;4;0;1;0;1;0;0;0;0;0;1;0;0
25182;PUIGVERD DE LLEIDA;43;1;6;10;2;13;11;5;0;3;34;1;25;0;21;0;0;4;0;12;12;0;1
25183;RIALP;25;2;7;4;3;4;5;0;1;3;21;0;50;1;22;0;1;26;0;1;1;1;47
25185;RIBERA D'URGELLET;19;1;3;7;0;3;5;2;1;3;13;0;11;0;4;3;0;4;0;0;1;0;10
25186;RINER;5;0;2;2;0;0;1;0;0;0;5;0;4;0;1;0;2;0;1;0;1;0;3
25189;ROSSELLO;150;6;22;35;8;45;34;14;19;12;96;9;39;1;29;3;0;5;1;2;4;2;31
25190;SALAS DE PALLARS;13;0;3;3;0;3;4;0;1;2;8;2;8;1;2;0;0;5;0;1;0;0;7
25191;SANAÜJA;12;1;2;3;0;5;1;1;4;0;7;0;1;0;0;0;0;1;0;0;0;0;1
25192;SANT GUIM DE FREIXENET;31;1;7;8;1;4;10;3;6;3;19;0;32;1;14;1;0;16;0;2;22;1;7
25193;SANT LLORENÇ DE MORUNYS;17;0;2;4;0;5;6;0;2;3;11;1;14;1;3;1;1;7;1;0;1;2;11
25194;SANT RAMON;10;0;3;2;0;3;2;1;4;0;4;1;3;0;3;0;0;0;0;2;1;0;0
25196;SANT ESTEVE DE LA SARGA;1;0;0;0;0;0;1;0;0;0;1;0;3;0;2;1;0;0;0;1;0;0;2
25197;SANT GUIM DE LA PLANA;0;0;0;0;0;0;0;0;0;0;0;0;0;0;0;0;0;0;0;0;0;0;0
25200;SARROCA DE LLEIDA;10;0;0;3;0;5;2;1;1;0;8;0;11;0;11;0;0;0;0;6;0;0;5
25201;SARROCA DE BELLERA;5;0;1;2;0;2;0;0;0;0;5;0;0;0;0;0;0;0;0;0;0;0;0
25202;SENTERADA;14;0;3;5;0;3;3;1;0;2;11;0;0;0;0;0;0;0;0;0;0;0;0
25203;SEU D'URGELL, LA;593;34;102;151;23;120;163;15;36;68;438;36;276;6;123;8;4;121;14;3;15;9;249
25204;SEROS;91;2;22;16;8;29;14;19;5;4;60;3;50;4;34;0;0;12;0;34;4;1;11
25205;SIDAMON;17;0;2;7;0;3;5;3;1;1;12;0;10;2;2;0;0;6;0;0;2;2;6
25206;SOLERAS, EL;7;0;1;2;0;2;2;2;2;0;3;0;63;2;54;0;0;6;1;59;3;0;1
25207;SOLSONA;387;16;66;98;11;92;104;21;71;42;230;23;146;5;61;8;7;58;7;8;25;6;107
25208;SORIGUERA;19;2;4;4;0;8;1;1;1;0;17;0;13;0;5;0;0;8;0;0;0;0;13
25209;SORT;99;11;25;16;3;23;21;2;5;6;86;0;69;2;37;1;1;28;0;2;2;1;64
25210;SOSES;99;3;14;17;4;32;29;8;4;2;85;0;177;0;154;2;0;21;0;149;6;2;20
25211;SUDANELL;25;2;9;7;0;4;3;6;0;5;14;0;36;0;31;0;0;5;0;17;6;1;12
25212;SUNYER;7;1;3;1;0;2;0;5;0;0;2;0;15;2;12;0;0;1;0;15;0;0;0
25215;TALARN;16;2;2;5;1;1;5;0;2;1;12;1;7;0;3;0;0;4;0;0;2;0;5
25216;TALAVERA;0;0;0;0;0;0;0;0;0;0;0;0;2;0;1;0;0;1;0;1;0;0;1
25217;TARREGA;909;38;132;180;35;242;282;55;113;63;576;102;342;12;170;6;16;121;17;15;85;13;229
25218;TARRES;4;0;0;2;0;0;2;1;1;0;2;0;1;0;0;0;0;1;0;0;0;0;1
25219;TARROJA DE SEGARRA;4;0;0;0;0;2;2;0;1;0;2;1;0;0;0;0;0;0;0;0;0;0;0
25220;TERMENS;38;3;5;11;0;4;15;9;4;2;22;1;20;0;14;0;1;4;1;8;1;1;10
25221;TIRVIA;5;0;2;0;0;2;1;1;0;0;4;0;0;0;0;0;0;0;0;0;0;0;0
25222;TIURANA;1;0;0;0;0;0;1;0;0;0;1;0;1;0;0;0;0;1;0;0;0;0;1
25223;TORA;36;0;6;11;1;7;11;3;6;5;21;1;20;0;4;2;0;14;0;1;0;0;19
25224;TORMS, ELS;3;0;0;0;0;1;2;0;0;0;3;0;41;0;39;0;0;2;0;39;2;0;0
25225;TORNABOUS;27;1;6;6;0;7;7;9;3;1;14;0;14;3;10;0;0;1;0;10;0;2;2
25226;TORREBESSES;6;2;1;1;1;0;1;0;0;0;6;0;6;0;6;0;0;0;0;2;1;1;2
25227;TORRE DE CABDELLA, LA;22;0;5;3;1;10;3;2;0;1;19;0;3;0;2;1;0;0;0;1;0;0;2
25228;TORREFARRERA;154;6;29;32;9;32;46;14;11;10;112;7;131;17;65;5;6;32;6;4;8;12;107
25230;TORREGROSSA;75;5;9;13;3;24;21;14;5;2;51;3;66;0;49;1;1;13;2;19;6;3;38
25231;TORRELAMEU;21;0;7;7;0;4;3;13;1;1;6;0;39;1;25;1;1;11;0;9;1;0;29
25232;TORRES DE SEGRE;218;8;34;36;11;60;69;69;26;4;117;2;75;8;48;0;2;17;0;36;7;0;32
25233;TORRE-SERONA;7;0;1;1;0;2;3;0;2;0;5;0;64;0;50;2;0;10;2;33;0;2;29
25234;TREMP;309;17;55;81;14;68;74;29;17;33;212;18;68;0;31;2;2;28;5;3;3;10;52
25238;VALLBONA DE LES MONGES;6;0;0;3;0;2;1;0;1;1;4;0;32;1;13;0;0;17;1;1;5;6;20
25239;VALLS DE VALIRA, LES;17;2;1;5;0;1;8;0;0;2;13;2;5;0;1;1;0;3;0;0;0;0;5
25240;VALLFOGONA DE BALAGUER;60;3;9;13;1;14;20;8;7;2;41;2;69;4;39;4;0;20;2;17;10;13;29
25242;VERDU;35;2;3;16;0;5;9;6;4;5;19;1;46;0;31;0;0;15;0;7;1;1;37
25243;VIELHA E MIJARAN;180;7;40;38;4;52;39;1;4;24;151;0;211;8;98;1;10;90;4;0;1;16;194
25244;VILAGRASSA;18;1;3;4;0;0;10;1;2;1;12;2;55;2;12;0;1;39;1;0;3;0;52
25245;VILALLER;15;2;2;3;0;7;1;0;0;0;15;0;2;0;1;0;0;1;0;0;0;0;2
25247;VILAMOS;9;0;3;1;0;2;3;0;0;1;8;0;5;0;1;0;0;4;0;0;0;1;4
25248;VILANOVA DE BELLPUIG;30;1;2;7;0;7;13;7;5;1;17;0;11;1;6;0;0;4;0;2;1;2;6
25249;VILANOVA DE L'AGUDA;0;0;0;0;0;0;0;0;0;0;0;0;4;0;4;0;0;0;0;1;1;0;2
25250;VILANOVA DE MEIA;9;0;1;4;1;2;1;2;1;0;6;0;13;2;4;0;0;4;3;2;0;0;11
25251;VILANOVA DE SEGRIA;34;1;5;10;1;7;10;6;2;1;24;1;13;1;10;0;0;2;0;7;4;0;2
25252;VILA-SANA;18;0;4;6;0;1;7;3;2;1;12;0;81;1;48;2;1;26;3;16;4;3;58
25253;VILOSELL, EL;5;0;1;1;0;0;3;0;1;0;4;0;11;0;9;1;0;1;0;11;0;0;0
25254;VILANOVA DE LA BARCA;35;1;3;10;2;7;12;5;2;2;26;0;19;0;11;3;0;5;0;1;6;2;10
25255;VINAIXA;14;0;2;3;1;1;7;2;1;0;10;1;10;2;6;0;1;1;0;4;3;2;1
25901;VALL DE CARDOS;9;0;3;2;0;2;2;0;1;0;8;0;5;0;3;0;0;2;0;1;0;0;4
25902;SANT MARTI DE RIUCORB;18;0;1;4;0;7;6;2;0;0;16;0;5;0;5;0;0;0;0;2;3;0;0
25903;GUINGUETA D'ANEU, LA;11;0;2;2;0;5;2;1;0;0;10;0;4;0;1;1;0;1;1;0;0;0;4
25904;CASTELL DE MUR;8;0;0;5;1;0;2;1;1;1;5;0;20;0;10;0;0;9;1;0;0;0;20
25905;RIBERA D'ONDARA;5;0;0;2;0;0;3;0;2;0;3;0;3;2;0;0;0;1;0;0;2;0;1
25906;VALLS D'AGUILAR, LES;0;0;0;0;0;0;0;0;0;0;0;0;2;0;1;0;0;1;0;0;0;1;1
25907;TORREFETA I FLOREJACS;15;0;2;5;1;3;4;0;4;1;9;1;4;0;3;1;0;0;0;3;1;0;0
25908;FIGOLS I ALINYA;5;0;0;1;0;1;3;0;0;0;5;0;1;0;1;0;0;0;0;0;0;1;0
25909;VANSA I FORNOLS, LA;9;0;0;3;1;1;4;1;0;0;8;0;2;0;1;0;0;1;0;0;0;0;2
25910;JOSA I TUIXEN;2;1;0;0;0;1;0;0;0;0;2;0;10;0;6;0;0;4;0;1;0;0;9
25911;PLANS DE SIO, ELS;16;3;2;6;0;0;5;1;5;0;8;2;0;0;0;0;0;0;0;0;0;0;0
25912;GIMENELLS I EL PLA DE LA FONT;21;0;4;6;1;8;2;6;1;2;10;2;20;1;8;1;1;7;2;6;1;2;11
25913;RIU DE CERDANYA;0;0;0;0;0;0;0;0;0;0;0;0;0;0;0;0;0;0;0;0;0;0;0
27001;ABADIN;76;1;14;39;2;13;7;9;11;12;41;3;33;7;9;1;1;13;2;1;7;0;25
27002;ALFOZ;49;2;12;14;0;6;15;1;3;10;33;2;9;0;1;0;0;8;0;0;1;0;8
27003;ANTAS DE ULLA;86;1;13;35;3;18;16;7;11;8;55;5;23;0;16;0;0;7;0;10;0;1;12
27004;BALEIRA;35;2;7;13;0;10;3;5;4;2;22;2;9;0;3;0;0;6;0;1;0;0;8
27005;BARREIROS;139;2;23;38;2;40;34;5;15;10;101;8;26;1;12;4;1;8;0;1;8;1;16
27006;BECERREA;125;2;21;37;3;29;33;6;3;16;89;11;45;1;26;0;1;17;0;4;0;1;40
27007;BEGONTE;117;3;17;32;2;28;35;5;12;9;85;6;73;1;33;5;0;32;2;3;42;0;28
27008;BOVEDA;56;2;12;19;0;10;13;4;4;7;38;3;19;1;8;2;0;8;0;2;0;1;16
27009;CARBALLEDO;64;1;10;34;0;12;7;9;5;14;35;1;15;1;10;0;0;4;0;2;0;2;11
27010;CASTRO DE REI;175;6;28;60;2;43;36;27;17;13;108;10;132;4;43;8;5;67;5;11;20;8;93
27011;CASTROVERDE;56;0;7;23;4;10;12;6;2;7;37;4;36;0;17;0;2;17;0;4;0;2;30
27012;CERVANTES;43;0;8;23;1;4;7;3;0;6;33;1;8;3;5;0;0;0;0;0;1;3;4
27013;CERVO;196;2;39;34;4;51;66;5;14;13;153;11;92;7;58;3;2;22;0;11;43;9;29
27014;CORGO, O;105;1;24;33;3;17;27;8;7;10;76;4;60;3;19;3;6;29;0;6;9;3;42
27015;COSPEITO;149;4;14;56;2;39;34;12;15;15;99;8;134;1;70;4;2;56;1;10;1;2;121
27016;CHANTADA;439;12;61;115;19;103;129;33;47;34;288;37;202;3;91;9;7;86;6;5;23;4;170
27017;FOLGOSO DO COUREL;55;1;13;20;1;14;6;3;8;2;40;2;14;0;9;1;0;3;1;1;2;1;10
27018;FONSAGRADA, A;98;1;20;42;3;17;15;14;8;17;56;3;38;0;12;1;1;24;0;2;3;0;33
27019;FOZ;508;18;88;97;7;151;147;19;29;41;394;25;158;2;56;5;0;92;3;10;3;7;138
27020;FRIOL;136;1;25;54;2;32;22;14;12;19;84;7;42;0;28;3;0;8;3;3;5;0;34
27021;XERMADE;65;0;6;26;0;19;14;5;5;9;41;5;7;0;6;0;0;0;1;2;2;0;3
27022;GUITIRIZ;227;7;38;70;4;45;63;36;13;34;138;6;63;2;29;0;0;29;3;4;2;0;57
27023;GUNTIN;73;0;13;25;1;23;11;4;5;11;45;8;13;1;7;2;0;2;1;5;0;1;7
27024;INCIO, O;54;2;10;17;0;9;16;2;6;5;35;6;16;0;3;0;1;12;0;1;0;0;15
27025;XOVE;127;3;19;25;3;47;30;7;5;11;98;6;71;2;43;7;0;19;0;13;12;8;38
27026;LANCARA;117;4;17;41;5;20;30;7;8;12;86;4;44;0;7;2;1;33;1;4;1;0;39
27027;LOURENZA;76;1;13;15;2;26;19;5;9;4;54;4;22;0;8;1;1;11;1;2;9;0;11
27028;LUGO;5811;182;1042;1178;166;1675;1568;177;310;425;4179;720;3133;52;1320;56;60;1572;73;52;486;60;2535
27029;MEIRA;45;0;9;9;0;19;8;3;3;2;35;2;49;0;22;0;1;26;0;0;18;2;29
27030;MONDOÑEDO;126;1;24;37;3;32;29;5;15;6;98;2;44;2;17;2;0;22;1;2;5;1;36
27031;MONFORTE DE LEMOS;1114;45;175;258;39;253;344;70;87;88;750;119;356;13;115;11;14;194;9;10;12;13;321
27032;MONTERROSO;156;4;20;41;5;38;48;12;6;13;116;9;65;1;30;2;1;30;1;2;7;0;56
27033;MURAS;16;1;3;4;1;2;5;1;2;1;11;1;2;0;2;0;0;0;0;0;0;0;2
27034;NAVIA DE SUARNA;28;1;3;16;0;4;4;6;0;5;17;0;6;0;1;0;0;5;0;0;0;0;6
27035;NEGUEIRA DE MUÑIZ;30;0;10;13;0;3;4;3;0;2;24;1;0;0;0;0;0;0;0;0;0;0;0
27037;NOGAIS, AS;31;0;7;13;0;2;9;2;1;4;23;1;6;0;0;0;0;6;0;0;0;0;6
27038;OUROL;57;0;10;20;0;14;13;8;2;2;44;1;9;0;6;1;0;2;0;2;4;0;3
27039;OUTEIRO DE REI;163;6;25;50;1;43;38;11;14;10;117;11;183;2;107;1;2;69;2;0;80;7;96
27040;PALAS DE REI;134;3;15;46;4;33;33;7;12;10;104;1;51;4;13;1;1;30;2;30;4;1;16
27041;PANTON;90;1;13;39;3;13;21;11;7;15;51;6;25;0;8;0;0;17;0;1;3;0;21
27042;PARADELA;39;3;4;14;2;12;4;4;5;5;24;1;11;0;5;1;0;4;1;2;0;2;7
27043;PARAMO, O;35;3;2;13;0;8;9;0;1;4;24;6;10;0;8;0;0;2;0;2;1;1;6
27044;PASTORIZA, A;81;2;11;23;5;22;18;13;6;9;44;9;44;2;16;4;1;21;0;8;0;3;33
27045;PEDRAFITA DO CEBREIRO;43;2;12;15;0;7;7;3;1;7;31;1;19;1;11;0;1;5;1;0;0;6;13
27046;POL;41;1;6;7;0;21;6;5;0;1;29;6;12;1;9;0;1;1;0;3;0;0;9
27047;POBRA DO BROLLÓN, A;71;3;7;29;3;9;20;7;7;3;45;9;19;1;8;0;0;9;1;1;1;0;17
27048;PONTENOVA, A;63;0;8;26;0;15;14;2;5;7;46;3;21;1;10;1;0;9;0;1;1;4;15
27049;PORTOMARIN;52;2;7;16;0;14;13;6;3;4;38;1;35;1;0;2;10;19;3;4;5;0;26
27050;QUIROGA;195;14;39;38;6;48;50;21;35;16;107;16;41;0;16;0;0;23;2;1;6;2;32
27051;RIBADEO;610;20;96;114;16;186;178;10;42;43;473;42;221;5;86;3;3;118;6;10;6;4;201
27052;RIBAS DE SIL;62;2;10;18;0;14;18;2;6;6;48;0;4;0;2;0;0;1;1;1;0;0;3
27053;RIBEIRA DE PIQUIN;18;1;5;8;0;1;3;3;2;3;10;0;0;0;0;0;0;0;0;0;0;0;0
27054;RIOTORTO;29;1;5;9;2;3;9;0;6;3;20;0;6;1;0;0;0;5;0;0;1;0;5
27055;SAMOS;43;2;6;20;2;5;8;5;5;6;25;2;10;2;4;0;1;2;1;1;4;2;3
27056;RABADE;104;6;18;19;6;32;23;3;4;11;68;18;144;1;103;3;1;34;2;1;74;1;68
27057;SARRIA;807;8;102;208;19;229;241;43;68;80;556;60;276;5;128;13;4;118;8;15;22;7;232
27058;SAVIÑAO, O;158;3;23;53;3;30;46;10;14;16;108;10;23;1;7;1;0;14;0;1;2;2;18
27059;SOBER;108;3;9;33;3;27;33;4;10;6;77;11;38;1;20;2;1;13;1;2;4;1;31
27060;TABOADA;97;1;9;45;3;21;18;7;8;17;58;7;26;3;7;2;0;12;2;7;5;1;13
27061;TRABADA;40;4;7;12;1;6;10;3;6;2;29;0;16;2;11;0;0;3;0;7;4;0;5
27062;TRIACASTELA;29;2;3;8;0;10;6;2;4;2;20;1;4;0;0;0;0;4;0;0;0;0;4
27063;VALADOURO, O;68;0;12;14;3;20;19;1;7;4;54;2;40;0;11;0;1;28;0;1;1;0;38
27064;VICEDO, O;85;0;12;15;4;28;26;2;4;6;72;1;9;0;2;5;0;2;0;4;2;0;3
27065;VILALBA;723;16;93;235;19;163;197;32;70;97;462;62;435;12;193;5;3;220;2;16;90;17;312
27066;VIVEIRO;968;29;151;184;31;272;301;26;70;66;746;60;541;47;271;1;5;210;7;98;29;5;409
27901;BARALLA;99;4;18;31;4;13;29;4;10;13;64;8;13;0;6;3;0;4;0;1;2;2;8
27902;BURELA;507;11;88;71;23;174;140;21;35;32;374;45;227;55;66;2;5;92;7;69;4;2;152
28001;ACEBEDA, LA;8;1;1;1;0;1;4;0;0;1;7;0;171;7;63;1;10;87;3;10;1;7;153
28002;AJALVIR;194;8;31;40;2;54;59;3;19;7;159;6;215;4;146;8;5;49;3;0;102;10;103
28003;ALAMEDA DEL VALLE;7;0;1;1;0;3;2;1;0;0;4;2;21;6;8;0;3;4;0;0;5;0;16
28004;ALAMO, EL;586;35;89;107;27;135;193;4;35;57;424;66;169;6;85;1;7;68;2;0;5;18;146
28005;ALCALA DE HENARES;11758;572;1865;2366;512;2697;3746;69;1240;1044;8382;1023;5772;201;3056;131;160;2131;93;3;723;317;4729
28006;ALCOBENDAS;4643;187;749;1046;148;1074;1439;20;263;281;3842;237;5380;592;2160;191;389;1921;127;7;470;185;4718
28007;ALCORCON;8933;451;1385;1764;392;2129;2812;50;579;709;7021;574;5047;204;1985;165;204;2360;129;2;279;236;4530
28008;ALDEA DEL FRESNO;234;7;45;55;7;57;63;10;23;24;159;18;39;3;8;2;0;23;3;0;0;2;37
28009;ALGETE;865;51;105;188;33;177;311;4;89;55;666;51;542;30;267;36;26;175;8;3;37;39;463
28010;ALPEDRETE;637;17;86;174;25;134;201;2;32;42;523;38;127;6;48;4;10;57;2;0;10;17;100
28011;AMBITE;56;4;3;13;3;11;22;0;4;4;44;4;8;0;4;0;1;3;0;0;0;0;8
28012;ANCHUELO;70;4;16;11;3;18;18;2;6;4;52;6;141;3;82;2;0;52;2;0;114;2;25
28013;ARANJUEZ;3977;167;591;761;183;1060;1215;76;305;322;2930;344;1852;45;861;33;31;853;29;26;320;103;1403
28014;ARGANDA DEL REY;4095;180;586;749;184;1115;1281;44;651;536;2544;320;1886;92;1095;40;52;576;31;2;754;185;945
28015;ARROYOMOLINOS;1302;64;200;191;62;426;359;6;97;76;1013;110;677;28;253;16;32;329;19;0;14;81;582
28016;ATAZAR, EL;7;0;0;2;1;1;3;0;0;1;5;1;15;4;6;1;0;3;1;0;0;4;11
28017;BATRES;82;1;5;23;2;19;32;0;11;7;61;3;271;2;29;0;0;237;3;0;1;7;263
28018;BECERRIL DE LA SIERRA;305;9;45;95;4;56;96;1;13;42;236;13;26;1;10;3;2;8;2;0;1;7;18
28019;BELMONTE DE TAJO;110;8;10;14;7;36;35;4;19;6;74;7;38;1;15;0;1;19;2;0;0;2;36
28020;BERZOSA DEL LOZOYA;5;1;0;0;0;2;2;0;0;0;5;0;10;2;1;0;1;5;1;0;0;0;10
28021;BERRUECO, EL;35;2;3;5;1;11;13;0;2;1;31;1;50;1;20;1;0;28;0;0;1;3;46
28022;BOADILLA DEL MONTE;1444;47;173;323;29;313;559;2;62;64;1278;38;1823;108;903;50;108;627;27;34;28;115;1646
28023;BOALO, EL;386;12;58;91;12;99;114;4;15;29;317;21;70;5;33;2;6;21;3;3;1;8;58
28024;BRAOJOS;6;2;0;1;0;2;1;0;0;0;5;1;13;3;5;1;1;2;1;0;0;2;11
28025;BREA DE TAJO;40;4;2;10;3;7;14;5;1;0;31;3;10;0;3;0;1;6;0;1;0;1;8
28026;BRUNETE;494;25;78;110;16;113;152;7;28;40;396;23;132;12;47;3;15;50;5;2;2;17;111
28027;BUITRAGO DEL LOZOYA;87;5;17;9;6;21;29;5;3;9;62;8;60;0;22;4;2;30;2;4;1;4;51
28028;BUSTARVIEJO;145;4;23;44;4;34;36;5;9;12;112;7;81;1;44;2;2;29;3;0;4;1;76
28029;CABANILLAS DE LA SIERRA;20;1;2;7;0;3;7;0;1;1;17;1;14;2;7;0;2;2;1;0;0;0;14
28030;CABRERA, LA;165;8;24;39;13;42;39;3;10;15;130;7;41;2;9;3;1;24;2;0;1;0;40
28031;CADALSO DE LOS VIDRIOS;297;22;46;67;15;73;74;25;19;28;199;26;50;1;35;0;0;14;0;5;2;8;35
28032;CAMARMA DE ESTERUELAS;459;22;59;75;17;111;175;3;52;21;351;32;219;7;193;1;3;14;1;0;77;18;124
28033;CAMPO REAL;405;12;51;68;18;117;139;4;66;21;282;32;208;5;56;4;5;135;3;2;36;10;160
28034;CANENCIA;23;1;3;9;0;4;6;1;1;2;19;0;15;0;8;0;0;7;0;0;0;0;15
28035;CARABAÑA;160;1;18;35;10;45;51;2;13;18;117;10;22;0;12;3;0;7;0;0;0;4;18
28036;CASARRUBUELOS;215;8;31;48;7;62;59;2;30;17;157;9;511;1;222;2;2;282;2;0;2;15;494
28037;CENICIENTOS;198;23;25;32;14;50;54;7;13;18;140;20;144;9;53;0;2;79;1;0;0;1;143
28038;CERCEDILLA;347;10;66;83;14;92;82;5;8;43;269;22;157;1;72;2;3;76;3;0;0;6;151
28039;CERVERA DE BUITRAGO;8;0;0;2;0;4;2;0;0;0;8;0;8;2;6;0;0;0;0;0;0;1;7
28040;CIEMPOZUELOS;1566;92;260;263;72;438;441;11;118;135;1187;115;698;18;418;13;23;210;16;0;21;35;642
28041;COBEÑA;258;5;36;61;9;53;94;3;31;21;184;19;128;6;83;4;2;31;2;0;22;8;98
28042;COLMENAR DEL ARROYO;118;8;23;31;3;22;31;3;4;11;91;9;120;4;56;0;2;57;1;0;6;1;113
28043;COLMENAR DE OREJA;585;25;75;138;28;144;175;17;75;70;393;30;65;2;32;3;1;25;2;3;7;14;41
28044;COLMENAREJO;432;11;70;87;24;102;138;2;19;44;337;30;55;0;28;3;1;19;4;0;0;13;42
28045;COLMENAR VIEJO;2526;123;439;530;111;609;714;25;169;239;1965;128;654;48;266;33;48;235;24;0;44;83;527
28046;COLLADO MEDIANO;417;17;60;104;12;95;129;1;20;53;319;24;68;5;29;1;10;20;3;0;0;20;48
28047;COLLADO VILLALBA;3879;176;629;912;153;862;1147;33;138;360;3124;224;1045;55;483;29;55;396;27;12;15;40;978
28048;CORPA;44;2;9;7;1;17;8;0;4;1;38;1;4;0;1;0;0;3;0;0;0;0;4
28049;COSLADA;4450;164;742;906;140;987;1511;20;279;502;3494;155;2321;125;1410;78;66;600;42;0;76;113;2132
28050;CUBAS DE LA SAGRA;291;11;37;50;9;94;90;2;32;17;229;11;80;16;28;0;8;27;1;0;15;5;60
28051;CHAPINERIA;188;12;26;48;6;41;55;5;7;12;150;14;19;0;5;1;0;11;2;0;0;3;16
28052;CHINCHON;344;13;56;68;13;85;109;22;25;25;244;28;243;2;97;2;2;137;3;11;28;4;200
28053;DAGANZO DE ARRIBA;472;26;60;81;15;98;192;2;59;25;359;27;313;20;142;13;7;124;7;0;160;13;140
28054;ESCORIAL, EL;764;27;110;201;20;157;249;9;32;65;628;30;111;8;43;4;10;44;2;0;3;6;102
28055;ESTREMERA;96;4;14;26;1;25;26;2;3;21;62;8;37;1;20;2;1;12;1;5;0;0;32
28056;FRESNEDILLAS DE LA OLIVA;108;5;12;30;5;25;31;1;1;14;78;14;27;1;9;0;3;14;0;0;1;0;26
28057;FRESNO DE TOROTE;114;3;13;27;4;22;45;1;16;6;85;6;10;0;4;0;1;5;0;0;0;2;8
28058;FUENLABRADA;12740;660;1914;2162;593;3091;4320;63;1126;994;9702;855;3667;205;1634;96;187;1467;78;4;525;209;2929
28059;FUENTE EL SAZ DE JARAMA;379;17;57;87;12;86;120;6;20;28;299;26;71;9;23;6;4;28;1;1;15;8;47
28060;FUENTIDUEÑA DE TAJO;153;6;21;33;6;28;59;17;18;11;101;6;19;1;8;0;0;9;1;3;4;1;11
28061;GALAPAGAR;1710;58;284;435;67;376;490;34;63;161;1371;81;271;21;107;19;15;103;6;1;4;33;233
28062;GARGANTA DE LOS MONTES;19;0;3;6;0;4;6;0;1;0;18;0;0;0;0;0;0;0;0;0;0;0;0
28063;GARGANTILLA DEL LOZOYA Y PINILLA DE BUIT;14;0;0;7;0;3;4;1;0;0;12;1;11;0;7;0;0;4;0;0;0;0;11
28064;GASCONES;4;0;1;0;0;0;3;0;0;1;3;0;3;0;2;0;0;1;0;0;0;2;1
28065;GETAFE;9703;422;1449;1845;404;2531;3052;45;672;875;7410;701;6090;240;3275;159;149;2173;94;10;521;328;5231
28066;GRIÑON;445;20;52;85;25;111;152;4;35;23;346;37;253;24;126;8;12;76;7;0;52;38;163
28067;GUADALIX DE LA SIERRA;390;17;49;99;13;89;123;4;15;46;290;35;237;171;27;1;17;19;2;1;3;4;229
28068;GUADARRAMA;762;35;125;174;33;169;226;6;23;58;634;41;228;19;79;4;17;103;6;1;0;17;210
28069;HIRUELA, LA;2;0;0;1;0;0;1;0;0;0;2;0;8;0;5;0;1;2;0;0;0;0;8
28070;HORCAJO DE LA SIERRA-AOSLOS;7;0;0;2;0;3;2;0;1;1;5;0;2;0;0;0;0;1;1;0;0;0;2
28071;HORCAJUELO DE LA SIERRA;3;0;0;0;1;1;1;0;0;0;3;0;3;1;2;0;0;0;0;0;0;0;3
28072;HOYO DE MANZANARES;343;15;44;93;11;61;119;4;12;19;294;14;36;1;21;1;4;9;0;0;0;10;26
28073;HUMANES DE MADRID;1274;72;193;178;66;397;368;8;149;96;926;95;718;55;365;41;27;213;17;0;165;57;496
28074;LEGANES;10864;611;1600;2154;514;2698;3287;106;722;961;8205;870;3524;218;1521;76;207;1425;77;13;165;300;3046
28075;LOECHES;474;25;56;74;17;140;162;8;67;33;350;16;174;9;77;12;4;69;3;0;82;22;70
28076;LOZOYA;23;0;2;6;1;3;11;0;1;2;20;0;54;0;22;0;1;30;1;0;1;4;49
28078;MADARCOS;2;0;1;0;0;0;1;0;0;0;2;0;38;6;10;0;8;13;1;0;0;2;36
28079;MADRID;163632;6508;26961;37926;6462;37405;48370;1130;7341;11916;131431;11814;156750;10167;63614;3006;9265;67846;2852;535;3815;6547;145853
28080;MAJADAHONDA;2151;73;332;526;40;429;751;8;84;111;1879;69;1684;115;557;43;197;714;58;10;29;71;1574
28082;MANZANARES EL REAL;462;26;70;114;19;107;126;3;16;36;395;12;43;1;21;0;3;16;2;0;1;0;42
28083;MECO;787;37;141;119;29;191;270;4;110;62;574;37;484;14;244;15;12;185;14;0;97;27;360
28084;MEJORADA DEL CAMPO;1463;78;229;265;75;375;441;12;139;106;1146;60;332;33;181;16;10;88;4;0;101;23;208
28085;MIRAFLORES DE LA SIERRA;373;12;59;107;10;79;106;7;9;37;300;20;62;4;23;0;4;31;0;2;10;3;47
28086;MOLAR, EL;470;22;85;108;9;127;119;1;22;53;373;21;43;6;22;1;2;12;0;0;1;14;28
28087;MOLINOS, LOS;230;13;35;66;11;40;65;2;11;23;180;14;29;3;10;2;3;11;0;0;0;4;25
28088;MONTEJO DE LA SIERRA;14;1;2;4;0;4;3;0;0;2;11;1;19;0;6;1;2;8;2;0;0;1;18
28089;MORALEJA DE ENMEDIO;262;8;43;52;14;61;84;1;25;17;203;16;141;3;76;7;3;50;2;0;25;14;102
28090;MORALZARZAL;589;38;73;160;20;101;197;8;28;43;479;31;106;8;46;3;12;34;3;2;1;13;90
28091;MORATA DE TAJUÑA;563;22;74;111;32;138;186;24;64;43;381;51;52;3;27;2;2;15;3;0;8;3;41
28092;MOSTOLES;12188;567;2062;2295;453;3125;3686;132;863;1156;9065;972;1872;161;813;77;99;659;63;0;217;224;1431
28093;NAVACERRADA;126;3;14;36;2;27;44;1;2;12;107;4;35;3;16;0;4;10;2;1;1;2;31
28094;NAVALAFUENTE;112;4;19;28;5;27;29;1;7;11;88;5;21;3;10;1;2;4;1;3;0;0;18
28095;NAVALAGAMELLA;173;7;28;48;7;45;38;8;6;15;125;19;16;1;8;0;0;6;1;0;1;0;15
28096;NAVALCARNERO;1723;79;243;319;70;529;483;22;134;138;1259;170;335;10;162;22;20;114;7;1;13;30;291
28097;NAVARREDONDA Y SAN MAMES;11;1;2;4;0;1;3;1;3;1;6;0;9;1;0;1;0;4;3;0;0;0;9
28099;NAVAS DEL REY;209;17;33;52;5;44;58;5;9;29;151;15;29;0;17;0;0;11;1;0;0;0;29
28100;NUEVO BAZTAN;394;23;50;92;16;76;137;2;50;39;285;18;38;2;20;1;7;7;1;2;0;9;27
28101;OLMEDA DE LAS FUENTES;16;1;1;3;1;5;5;0;0;0;16;0;5;0;3;0;0;2;0;0;1;0;4
28102;ORUSCO DE TAJUÑA;93;3;9;22;3;32;24;0;8;8;67;10;2;0;1;0;0;0;1;0;0;0;2
28104;PARACUELLOS DE JARAMA;777;22;120;162;16;222;235;19;58;42;634;24;601;41;263;22;31;234;10;0;244;36;321
28106;PARLA;9214;398;1511;1567;427;2825;2486;83;675;1001;6588;867;920;74;361;32;46;383;24;3;51;106;760
28107;PATONES;12;0;2;4;1;3;2;0;1;1;10;0;16;0;5;0;0;11;0;0;0;0;16
28108;PEDREZUELA;289;10;44;51;8;99;77;6;14;18;231;20;60;2;15;3;3;34;3;0;2;1;57
28109;PELAYOS DE LA PRESA;251;18;39;60;11;56;67;1;12;28;179;31;16;1;4;2;0;9;0;0;1;3;12
28110;PERALES DE TAJUÑA;281;16;40;55;12;67;91;2;35;29;182;33;21;0;12;0;2;6;1;2;2;4;13
28111;PEZUELA DE LAS TORRES;37;2;3;11;3;8;10;1;3;5;24;4;4;1;1;0;0;2;0;0;0;1;3
28112;PINILLA DEL VALLE;11;1;2;3;0;2;3;2;1;0;7;1;8;0;5;0;0;3;0;0;0;0;8
28113;PINTO;3010;154;406;479;117;809;1045;17;351;194;2201;247;2130;83;1054;50;49;868;26;4;426;86;1614
28114;PIÑUECAR-GANDULLAS;9;0;0;2;1;3;3;0;0;1;8;0;5;0;3;0;0;1;1;0;0;2;3
28115;POZUELO DE ALARCON;2226;51;313;618;48;426;770;18;102;91;1939;76;5939;351;2788;90;417;2194;99;2;85;100;5752
28116;POZUELO DEL REY;69;2;9;11;5;24;18;0;9;6;51;3;16;3;8;0;1;4;0;0;0;7;9
28117;PRADENA DEL RINCON;0;0;0;0;0;0;0;0;0;0;0;0;2;0;0;0;0;2;0;0;0;0;2
28118;PUEBLA DE LA SIERRA;5;0;1;3;0;0;1;0;0;1;4;0;0;0;0;0;0;0;0;0;0;0;0
28119;QUIJORNA;186;6;24;43;3;43;67;4;7;13;148;14;19;1;7;0;2;9;0;0;0;1;18
28120;RASCAFRIA;71;2;7;19;4;18;21;4;5;9;51;2;24;1;14;0;2;6;1;1;2;4;17
28121;REDUEÑA;13;0;3;5;0;2;3;0;1;1;11;0;6;0;3;0;0;3;0;0;0;0;6
28122;RIBATEJADA;57;2;6;10;2;19;18;2;1;0;51;3;32;0;21;0;0;11;0;0;0;0;32
28123;RIVAS-VACIAMADRID;4057;205;573;788;149;974;1368;26;205;246;3290;290;1799;137;751;77;120;670;44;1;82;208;1508
28124;ROBLEDILLO DE LA JARA;3;0;1;2;0;0;0;0;0;1;2;0;1;0;1;0;0;0;0;0;0;0;1
28125;ROBLEDO DE CHAVELA;273;13;43;70;15;63;69;12;6;24;203;28;53;0;23;2;2;25;1;0;11;7;35
28126;ROBREGORDO;5;1;1;1;0;2;0;1;0;0;4;0;0;0;0;0;0;0;0;0;0;0;0
28127;ROZAS DE MADRID, LAS;2949;76;430;732;42;608;1061;7;109;137;2601;95;2663;234;985;80;235;1035;94;1;84;129;2449
28128;ROZAS DE PUERTO REAL;34;4;6;4;1;9;10;0;1;2;31;0;20;0;9;1;1;7;2;0;0;0;20
28129;SAN AGUSTIN DEL GUADALIX;493;12;64;131;11;106;169;6;31;34;405;17;248;13;116;4;13;102;0;0;26;3;219
28130;SAN FERNANDO DE HENARES;2237;99;337;396;91;510;804;15;147;174;1803;98;1829;99;1073;43;49;523;42;0;133;60;1636
28131;SAN LORENZO DE EL ESCORIAL;803;29;123;195;23;173;260;6;18;57;686;36;384;12;131;3;15;216;7;0;10;5;369
28132;SAN MARTIN DE LA VEGA;1295;68;172;261;57;368;369;20;81;132;960;102;301;16;170;13;10;88;4;1;59;17;224
28133;SAN MARTIN DE VALDEIGLESIAS;661;34;119;145;29;176;158;13;24;82;480;62;98;1;37;2;7;50;1;0;2;13;83
28134;SAN SEBASTIAN DE LOS REYES;3886;164;609;853;110;933;1217;18;251;238;3179;200;3728;175;1535;84;172;1679;83;0;62;117;3549
28135;SANTA MARIA DE LA ALAMEDA;78;2;4;12;4;24;32;0;1;2;74;1;15;0;8;0;2;5;0;0;0;1;14
28136;SANTORCAZ;41;2;4;10;3;11;11;0;6;4;28;3;6;0;4;0;0;2;0;0;0;2;4
28137;SANTOS DE LA HUMOSA, LOS;125;8;18;25;5;33;36;0;16;0;104;5;8;1;5;0;0;2;0;0;0;3;5
28138;SERNA DEL MONTE, LA;10;0;1;2;1;3;3;0;0;1;7;2;1;1;0;0;0;0;0;0;0;0;1
28140;SERRANILLOS DEL VALLE;245;14;26;52;16;64;73;0;25;14;186;20;50;3;21;0;2;19;5;0;2;13;35
28141;SEVILLA LA NUEVA;466;27;65;101;18;109;146;4;15;38;372;37;71;3;17;6;1;44;0;0;1;7;63
28143;SOMOSIERRA;1;0;0;0;0;0;1;0;0;0;1;0;3;0;2;1;0;0;0;0;0;0;3
28144;SOTO DEL REAL;350;23;54;90;9;64;110;0;20;23;292;15;57;6;13;5;12;19;2;0;2;5;50
28145;TALAMANCA DE JARAMA;166;8;21;39;2;51;45;0;9;12;141;4;28;2;8;0;0;16;2;1;5;0;22
28146;TIELMES;219;13;32;50;5;51;68;10;34;21;134;20;13;1;4;3;1;4;0;2;3;0;8
28147;TITULCIA;100;6;16;17;10;22;29;1;3;5;81;10;10;0;5;0;1;4;0;0;0;1;9
28148;TORREJON DE ARDOZ;7932;428;1197;1485;327;1973;2522;112;805;682;5885;448;3361;154;1545;84;98;1432;48;0;632;221;2508
28149;TORREJON DE LA CALZADA;407;21;42;71;18;116;139;5;36;26;304;36;131;8;68;14;4;34;3;0;12;26;93
28150;TORREJON DE VELASCO;228;12;25;47;16;54;74;2;21;22;157;26;31;2;16;4;3;6;0;3;3;4;21
28151;TORRELAGUNA;249;19;37;63;13;52;65;8;9;32;187;13;41;2;25;0;4;10;0;0;2;5;34
28152;TORRELODONES;688;18;92;173;16;131;258;4;26;33;598;27;847;21;411;26;34;337;18;4;12;24;807
28153;TORREMOCHA DE JARAMA;44;0;4;10;2;12;16;0;2;5;35;2;14;0;5;0;2;6;1;0;1;1;12
28154;TORRES DE LA ALAMEDA;568;37;90;97;20;159;165;14;78;43;381;52;124;4;56;15;2;44;3;1;31;17;75
28155;VALDARACETE;58;0;7;10;2;11;28;1;12;5;40;0;3;1;0;1;1;0;0;1;0;0;2
28156;VALDEAVERO;90;5;15;17;5;27;21;1;15;4;65;5;10;2;5;1;0;1;1;0;6;1;3
28157;VALDELAGUNA;58;2;5;14;3;16;18;5;6;3;42;2;0;0;0;0;0;0;0;0;0;0;0
28158;VALDEMANCO;43;0;5;13;1;12;12;0;1;4;32;6;2;0;0;0;1;1;0;0;0;0;2
28159;VALDEMAQUEDA;68;3;15;14;4;12;20;2;2;10;53;1;5;0;3;0;0;2;0;0;0;2;3
28160;VALDEMORILLO;646;16;101;184;19;125;201;6;45;49;516;30;151;7;68;6;10;57;3;0;4;6;141
28161;VALDEMORO;4310;189;522;645;203;1250;1501;31;321;256;3454;248;1156;74;590;57;57;356;22;0;112;120;924
28162;VALDEOLMOS-ALALPARDO;141;5;37;27;3;39;30;3;7;12;111;8;133;8;79;1;6;37;2;8;91;3;31
28163;VALDEPIELAGOS;33;2;4;3;3;10;11;1;2;1;29;0;2;0;2;0;0;0;0;0;0;1;1
28164;VALDETORRES DE JARAMA;273;13;43;76;10;57;74;2;20;27;211;13;31;1;17;1;0;11;1;1;0;5;25
28165;VALDILECHA;206;8;33;44;7;64;50;9;33;10;136;18;28;0;23;0;2;3;0;1;7;3;17
28166;VALVERDE DE ALCALA;21;0;5;6;1;5;4;0;1;3;16;1;3;0;0;3;0;0;0;0;0;0;3
28167;VELILLA DE SAN ANTONIO;683;44;77;126;37;163;236;3;43;45;563;29;250;8;147;10;5;78;2;0;48;17;185
28168;VELLON, EL;131;5;20;30;2;39;35;2;6;15;98;10;12;0;6;0;0;6;0;1;1;0;10
28169;VENTURADA;74;3;7;24;1;19;20;0;3;4;63;4;21;11;3;0;3;3;1;0;0;0;21
28170;VILLACONEJOS;263;15;39;53;16;62;78;18;16;23;192;14;33;0;18;0;0;15;0;11;0;3;19
28171;VILLA DEL PRADO;403;23;70;102;24;91;93;31;11;47;286;28;59;2;18;0;2;36;1;8;3;8;40
28172;VILLALBILLA;595;28;96;78;30;189;174;1;71;32;457;34;145;6;84;8;2;42;3;0;19;22;104
28173;VILLAMANRIQUE DE TAJO;62;3;6;14;4;14;21;5;8;0;46;3;10;0;4;0;0;6;0;2;0;0;8
28174;VILLAMANTA;173;4;25;33;11;44;56;2;16;11;128;16;37;1;20;1;1;12;2;1;1;11;24
28175;VILLAMANTILLA;81;3;11;21;2;22;22;0;8;4;58;11;2;0;0;0;0;2;0;0;1;0;1
28176;VILLANUEVA DE LA CAÑADA;673;20;100;174;23;126;230;4;26;34;586;23;238;17;92;15;24;84;6;1;1;13;223
28177;VILLANUEVA DEL PARDILLO;682;22;79;177;13;165;226;3;29;57;570;23;134;10;69;4;11;38;2;0;14;33;87
28178;VILLANUEVA DE PERALES;89;13;9;22;5;16;24;3;2;6;71;7;20;2;9;0;0;9;0;1;1;1;17
28179;VILLAR DEL OLMO;109;5;14;25;1;23;41;3;5;12;83;6;19;0;3;1;2;11;2;0;0;0;19
28180;VILLAREJO DE SALVANES;584;28;82;80;31;129;234;10;139;37;330;68;225;10;85;3;4;121;2;1;163;6;55
28181;VILLAVICIOSA DE ODON;903;32;134;202;29;191;315;2;60;54;737;50;1139;28;542;19;33;509;8;3;21;29;1086
28182;VILLAVIEJA DEL LOZOYA;15;0;1;5;1;4;4;0;0;1;13;1;0;0;0;0;0;0;0;0;0;0;0
28183;ZARZALEJO;120;14;16;30;3;22;35;7;3;8;88;14;26;0;19;0;0;7;0;0;9;0;17
28901;LOZOYUELA-NAVAS-SIETEIGLESIAS;64;2;9;16;2;13;22;1;5;8;45;5;31;0;10;3;2;16;0;0;0;2;29
28902;PUENTES VIEJAS;35;2;6;7;1;11;8;2;0;3;30;0;16;1;13;0;0;2;0;0;0;1;15
28903;TRES CANTOS;1502;47;222;291;48;329;565;5;96;65;1278;58;2373;140;1175;62;118;820;58;4;239;97;2033
29001;ALAMEDA;291;19;49;82;22;74;45;56;17;48;147;23;714;1;402;0;1;309;1;528;6;37;143
29002;ALCAUCIN;152;7;29;45;3;39;29;12;8;18;98;16;52;0;30;0;1;21;0;24;4;7;17
29003;ALFARNATE;46;4;12;14;1;11;4;9;1;4;29;3;55;0;22;0;0;33;0;27;0;2;26
29004;ALFARNATEJO;23;3;1;12;0;2;5;3;1;0;17;2;46;1;25;2;0;18;0;6;0;9;31
29005;ALGARROBO;491;33;107;103;26;117;105;55;14;37;352;33;441;10;239;13;1;171;7;187;7;46;201
29006;ALGATOCIN;102;4;18;26;4;18;32;3;2;34;53;10;16;0;13;0;0;3;0;0;3;7;6
29007;ALHAURIN DE LA TORRE;3370;156;506;526;162;860;1160;55;177;242;2503;393;868;18;487;25;23;302;13;69;34;114;651
29008;ALHAURIN EL GRANDE;2402;94;304;423;118;679;784;67;206;359;1414;356;324;16;175;6;11;112;4;11;18;110;185
29009;ALMACHAR;113;5;21;48;8;22;9;11;4;34;52;12;55;0;23;0;0;32;0;12;0;17;26
29010;ALMARGEN;132;5;20;30;6;41;30;18;9;3;99;3;318;0;200;0;0;118;0;232;10;1;75
29011;ALMOGIA;320;9;30;67;22;66;126;9;22;55;198;36;42;0;21;0;0;21;0;19;2;10;11
29012;ALORA;1368;56;172;270;78;390;402;82;53;153;925;155;396;0;196;5;1;192;2;107;11;28;250
29013;ALOZAINA;190;9;22;53;6;35;65;17;19;19;123;12;85;1;52;0;0;32;0;60;0;3;22
29014;ALPANDEIRE;18;0;4;5;0;5;4;1;0;10;6;1;3;1;2;0;0;0;0;1;0;1;1
29015;ANTEQUERA;3257;170;457;587;162;894;987;300;354;319;1977;307;2828;16;1624;37;21;1113;17;1430;346;136;916
29016;ARCHEZ;37;4;6;17;3;5;2;3;1;19;13;1;28;0;9;0;0;18;1;9;0;11;8
29017;ARCHIDONA;579;34;77;116;32;189;131;88;32;32;377;50;502;4;393;2;2;100;1;386;5;36;75
29018;ARDALES;195;12;35;53;11;49;35;9;11;50;116;9;92;0;44;0;0;47;1;39;2;16;35
29019;ARENAS;71;5;14;29;6;13;4;6;3;12;45;5;101;0;36;0;0;65;0;33;1;0;67
29020;ARRIATE;363;19;50;101;8;94;91;21;16;39;274;13;134;0;54;0;1;78;1;17;2;14;101
29021;ATAJATE;18;1;1;6;1;3;6;1;0;3;13;1;5;0;3;0;0;2;0;0;0;3;2
29022;BENADALID;8;0;1;3;0;2;2;0;0;2;6;0;13;0;6;0;0;7;0;2;0;1;10
29023;BENAHAVIS;244;11;35;42;9;86;61;3;3;14;211;13;168;4;118;3;1;38;4;3;0;88;77
29024;BENALAURIA;30;2;2;7;1;9;9;1;0;6;21;2;20;1;9;0;0;10;0;2;1;10;7
29025;BENALMADENA;5886;249;944;1105;183;1555;1850;37;141;315;4862;531;2156;30;989;41;65;987;44;11;8;180;1957
29026;BENAMARGOSA;64;2;12;20;2;15;13;8;5;5;42;4;63;3;35;0;0;25;0;34;0;1;28
29027;BENAMOCARRA;170;9;31;55;7;47;21;24;14;22;97;13;126;0;88;0;0;38;0;101;1;7;17
29028;BENAOJAN;210;17;29;53;7;39;65;6;23;19;150;12;63;0;36;0;0;27;0;13;9;0;41
29029;BENARRABA;28;0;7;6;0;7;8;1;5;3;18;1;12;0;1;0;0;11;0;3;0;1;8
29030;BORGE,EL;68;3;17;25;4;9;10;7;0;13;47;1;13;0;2;0;0;11;0;1;0;0;12
29031;BURGO, EL;157;3;22;34;9;40;49;10;4;18;119;6;125;0;73;0;1;51;0;45;2;47;31
29032;CAMPILLOS;730;47;73;110;47;238;215;67;36;16;556;55;835;6;497;20;1;311;0;486;20;29;300
29033;CANILLAS DE ACEITUNO;114;10;30;33;5;19;17;6;9;25;59;15;30;0;10;0;0;20;0;8;0;11;11
29034;CANILLAS DE ALBAIDA;46;2;14;13;1;10;6;2;1;7;30;6;26;0;10;0;0;16;0;9;1;8;8
29035;CAÑETE LA REAL;144;9;9;56;9;24;37;12;4;18;103;7;148;0;83;0;0;65;0;81;19;5;43
29036;CARRATRACA;75;6;11;24;3;18;13;3;1;11;57;3;23;0;5;0;0;18;0;17;0;0;6
29037;CARTAJIMA;14;2;1;3;0;5;3;0;0;1;12;1;14;0;10;0;0;4;0;1;0;9;4
29038;CARTAMA;2300;94;305;394;88;693;726;91;174;372;1442;221;515;10;317;13;6;160;9;77;134;98;206
29039;CASABERMEJA;230;11;45;60;3;62;49;8;12;45;157;8;136;1;53;0;1;78;3;45;1;23;67
29040;CASARABONELA;220;8;25;55;14;56;62;15;11;24;154;16;36;1;25;0;0;10;0;12;1;6;17
29041;CASARES;483;21;63;88;19;146;146;9;20;44;380;30;118;5;70;6;1;32;4;13;12;40;53
29042;COIN;2087;75;298;353;87;649;625;79;170;267;1288;283;718;4;373;9;18;298;16;114;41;105;458
29043;COLMENAR;241;14;37;77;16;51;46;24;13;34;146;24;150;1;101;2;0;46;0;91;12;4;43
29044;COMARES;62;1;8;34;0;10;9;7;0;21;32;2;48;0;31;0;0;17;0;17;0;21;10
29045;COMPETA;257;10;54;67;15;63;48;6;10;49;177;15;73;0;45;1;0;26;1;8;2;27;36
29046;CORTES DE LA FRONTERA;384;17;36;72;19;89;151;24;8;33;289;30;73;1;38;0;2;31;1;4;7;7;55
29047;CUEVAS BAJAS;82;2;14;25;5;20;16;24;10;7;40;1;65;0;41;0;0;24;0;40;0;1;24
29048;CUEVAS DEL BECERRO;122;5;23;31;11;28;24;9;3;9;95;6;66;0;36;1;0;28;1;21;0;13;32
29049;CUEVAS DE SAN MARCOS;203;9;28;69;16;55;26;45;13;34;101;10;216;0;135;0;0;80;1;114;2;57;43
29050;CUTAR;25;1;8;7;2;5;2;2;1;2;16;4;13;0;8;0;0;5;0;8;0;0;5
29051;ESTEPONA;5686;279;911;1039;221;1531;1705;56;107;602;4432;489;1636;48;940;45;39;518;46;7;28;552;1049
29052;FARAJAN;20;1;7;7;2;3;0;2;0;11;7;0;6;0;0;0;1;5;0;0;0;4;2
29053;FRIGILIANA;281;7;50;63;9;69;83;6;5;32;227;11;64;1;36;0;1;26;0;5;1;2;56
29054;FUENGIROLA;6301;242;949;1353;221;1529;2007;60;207;511;4911;612;2187;78;892;51;62;1031;73;22;23;222;1920
29055;FUENTE DE PIEDRA;194;14;28;31;12;60;49;20;12;40;110;12;396;3;257;1;1;131;3;315;8;30;43
29056;GAUCIN;123;0;15;38;8;31;31;9;6;14;84;10;41;1;26;0;0;12;2;7;0;4;30
29057;GENALGUACIL;40;2;6;9;0;7;16;0;0;4;33;3;24;0;16;0;0;8;0;0;0;0;24
29058;GUARO;197;6;38;54;10;44;45;10;9;38;128;12;24;0;7;0;1;16;0;0;0;7;17
29059;HUMILLADERO;251;18;37;49;25;65;57;45;15;12;159;20;203;1;116;1;0;85;0;128;7;8;60
29060;IGUALEJA;38;2;9;8;1;16;2;3;3;1;30;1;95;0;41;0;0;52;2;77;0;0;18
29061;ISTAN;97;2;6;23;5;32;29;1;2;4;81;9;60;0;24;8;2;26;0;0;0;0;60
29062;IZNATE;63;0;13;18;5;20;7;12;5;10;33;3;31;1;16;0;1;13;0;14;0;14;3
29063;JIMERA DE LIBAR;25;1;2;9;2;6;5;3;0;0;20;2;9;0;4;0;0;5;0;0;0;0;9
29064;JUBRIQUE;32;1;4;10;1;9;7;2;0;4;22;4;16;0;8;0;0;7;1;1;0;1;14
29065;JUZCAR;16;2;3;3;1;2;5;1;0;8;7;0;12;0;6;0;0;6;0;0;0;9;3
29066;MACHARAVIAYA;20;1;5;4;1;4;5;0;0;2;17;1;16;0;9;0;1;6;0;0;1;8;7
29067;MALAGA;58294;2308;9465;11877;2320;14439;17885;675;2937;5320;41804;7558;27684;495;12933;549;682;12561;464;451;1586;1783;23864
29068;MANILVA;1289;57;215;276;53;338;350;26;44;130;974;115;363;10;211;9;12;117;4;1;26;134;202
29069;MARBELLA;11717;457;2068;2405;396;2877;3514;94;300;1035;9501;787;5816;154;2689;175;130;2522;146;23;102;647;5044
29070;MIJAS;7068;298;1126;1304;282;1973;2085;58;181;592;5688;549;2310;51;1384;40;59;734;42;14;30;285;1981
29071;MOCLINEJO;115;6;22;39;6;22;20;5;3;34;69;4;41;0;14;0;0;26;1;10;1;8;22
29072;MOLLINA;314;15;33;70;25;96;75;50;16;11;216;21;386;0;265;0;0;121;0;238;10;4;134
29073;MONDA;262;12;35;68;6;60;81;6;10;39;184;23;108;0;57;3;0;48;0;5;52;16;35
29074;MONTEJAQUE;76;4;10;18;4;21;19;1;4;7;60;4;27;0;15;0;0;12;0;13;0;0;14
29075;NERJA;2192;113;429;391;78;574;607;20;44;168;1865;95;810;16;416;22;11;328;17;21;22;128;639
29076;OJEN;285;12;46;54;10;81;82;1;7;22;236;19;70;2;45;0;1;20;2;0;8;22;40
29077;PARAUTA;12;1;2;3;0;3;3;0;1;1;10;0;10;0;4;0;0;5;1;0;0;0;10
29079;PERIANA;248;10;40;61;19;77;41;19;2;24;178;25;255;0;206;0;0;48;1;206;7;15;27
29080;PIZARRA;938;43;104;163;34;266;328;52;63;121;604;98;212;6;130;4;0;69;3;91;8;29;84
29081;PUJERRA;13;0;6;4;1;2;0;0;0;7;6;0;4;0;2;0;0;2;0;1;0;3;0
29082;RINCON DE LA VICTORIA;3661;130;576;719;121;963;1152;35;200;316;2755;355;636;7;268;17;17;311;16;7;20;98;511
29083;RIOGORDO;149;8;21;42;9;42;27;23;5;14;98;9;131;1;84;0;0;46;0;85;0;8;38
29084;RONDA;3296;128;465;687;137;868;1011;138;170;403;2254;331;984;9;479;27;15;442;12;248;19;77;640
29085;SALARES;16;0;3;6;0;4;3;0;0;9;7;0;7;0;3;0;0;4;0;0;0;7;0
29086;SAYALONGA;102;5;21;39;6;18;13;8;15;33;43;3;26;0;12;1;0;13;0;10;4;7;5
29087;SEDELLA;42;1;7;20;2;10;2;2;0;12;24;4;15;0;7;0;0;8;0;1;0;9;5
29088;SIERRA DE YEGUAS;189;9;27;40;7;61;45;27;12;16;122;12;538;2;349;4;0;183;0;481;8;3;46
29089;TEBA;226;9;31;53;20;69;44;24;16;27;152;7;319;0;198;0;0;119;2;183;1;38;97
29090;TOLOX;184;7;28;50;9;47;43;12;8;36;110;18;37;1;13;1;0;22;0;15;0;2;20
29091;TORROX;1463;68;247;301;57;410;380;91;49;114;1088;121;283;3;159;4;6;108;3;44;21;25;193
29092;TOTALAN;75;5;9;27;2;23;9;1;1;5;60;8;24;0;10;0;0;14;0;3;0;1;20
29093;VALLE DE ABDALAJIS;210;18;34;42;19;60;37;19;6;28;136;21;105;0;57;0;0;48;0;53;1;26;25
29094;VELEZ-MALAGA;7372;314;1357;1561;352;2013;1775;462;332;764;5057;757;2208;47;940;44;48;1093;36;502;119;215;1372
29095;VILLANUEVA DE ALGAIDAS;199;7;28;46;19;50;49;45;7;18;113;16;334;3;247;3;0;79;2;250;10;9;65
29096;VILLANUEVA DEL ROSARIO;220;10;51;61;13;59;26;24;9;31;142;14;142;1;90;2;1;47;1;63;0;10;69
29097;VILLANUEVA DEL TRABUCO;349;17;51;95;25;105;56;49;18;43;218;21;422;5;233;1;2;181;0;146;15;46;215
29098;VILLANUEVA DE TAPIA;82;6;7;22;8;28;11;12;9;13;45;3;92;0;65;0;0;27;0;52;4;31;5
29099;VIÑUELA;108;6;19;31;4;27;21;7;5;11;75;10;44;1;25;0;0;18;0;5;5;15;19
29100;YUNQUERA;345;12;25;65;13;69;161;42;57;54;163;29;63;1;30;1;0;28;3;16;1;28;18
29901;TORREMOLINOS;6512;250;1109;1318;238;1558;2039;52;173;353;5259;675;1568;29;721;69;38;662;49;1;16;109;1442
29902;VILLANUEVA DE LA CONCEPCIÓN;222;11;23;70;17;71;30;28;5;34;134;21;115;0;61;2;0;51;1;80;0;6;29
29903;MONTECORTO;48;1;4;15;3;8;17;2;1;6;38;1;11;1;6;0;2;2;0;8;1;0;2
29904;SERRATO;46;4;8;8;2;12;12;3;0;11;30;2;22;0;14;0;0;8;0;5;0;0;17
52001;MELILLA;10052;678;1384;1696;872;2958;2464;74;141;575;7340;1922;1729;49;739;48;40;816;37;0;32;188;1509
30001;ABANILLA;411;26;77;88;19;91;110;36;80;35;213;47;278;4;207;6;1;57;3;140;28;7;103
30002;ABARAN;607;50;112;116;47;163;119;214;45;32;266;50;203;8;138;1;4;47;5;105;16;5;77
30003;AGUILAS;2254;100;363;453;137;597;604;339;82;183;1582;68;2001;94;1114;35;39;682;37;1193;18;42;748
30004;ALBUDEITE;141;16;21;24;17;34;29;28;10;6;93;4;18;0;7;0;0;11;0;3;0;0;15
30005;ALCANTARILLA;3583;173;542;648;217;981;1022;159;485;335;2131;473;747;13;383;46;12;269;24;9;173;104;461
30006;ALEDO;50;1;4;10;8;10;17;19;6;0;24;1;80;0;51;0;0;29;0;61;0;3;16
30007;ALGUAZAS;727;41;109;155;39;179;204;42;102;42;482;59;162;0;103;5;2;48;4;35;27;22;78
30008;ALHAMA DE MURCIA;1383;87;216;242;68;377;393;171;369;51;657;135;1543;95;786;74;30;515;43;437;334;28;744
30009;ARCHENA;1126;50;206;213;52;281;324;134;89;89;732;82;861;14;555;9;31;249;3;396;35;24;406
30010;BENIEL;531;34;77;117;20;139;144;24;67;61;331;48;230;25;114;12;28;44;7;75;33;10;112
30011;BLANCA;377;22;65;76;19;88;107;97;23;17;209;31;366;5;261;3;5;86;6;272;8;0;86
30012;BULLAS;935;41;114;147;56;246;331;103;234;102;430;66;277;10;126;13;2;126;0;29;36;26;186
30013;CALASPARRA;826;50;118;181;60;196;221;125;120;50;517;14;817;21;378;6;9;396;7;105;62;32;618
30014;CAMPOS DEL RIO;160;9;22;28;16;34;51;11;27;16;100;6;24;1;17;0;0;5;1;0;0;10;14
30015;CARAVACA DE LA CRUZ;1846;82;211;335;90;493;635;146;441;71;1021;167;778;82;322;11;73;282;8;106;226;18;428
30016;CARTAGENA;16574;793;2501;3401;778;4263;4838;626;1165;1611;11356;1816;13254;232;9305;167;162;3256;132;7216;441;432;5165
30017;CEHEGIN;1367;58;181;284;61;296;487;145;308;110;739;65;418;26;157;4;38;190;3;32;71;15;300
30018;CEUTI;735;42;102;121;46;183;241;45;105;65;459;61;325;17;151;11;29;107;10;26;73;52;174
30019;CIEZA;2285;172;289;378;169;607;670;650;210;134;1031;260;1178;50;705;23;13;369;18;615;37;72;454
30020;FORTUNA;849;49;101;184;64;235;216;84;110;77;483;95;459;3;289;23;7;136;1;189;39;35;196
30021;FUENTE ALAMO DE MURCIA;724;39;118;123;28;228;188;126;75;53;382;88;1466;83;1057;18;39;257;12;1121;82;11;252
30022;JUMILLA;1850;93;296;302;120;470;569;363;194;141;963;189;1398;73;865;20;27;403;10;763;204;41;390
30023;LIBRILLA;322;15;47;57;11;106;86;28;52;20;197;25;340;15;250;3;9;62;1;176;71;11;82
30024;LORCA;4686;202;659;878;211;1209;1527;581;375;299;3109;322;7840;231;4905;101;200;2355;48;5208;226;104;2302
30025;LORQUI;485;27;67;72;20;150;149;19;58;29;339;40;716;45;447;44;13;144;23;35;145;48;488
30026;MAZARRON;1814;103;274;358;122;481;476;255;68;139;1313;39;1627;24;879;38;32;628;26;785;7;72;763
30027;MOLINA DE SEGURA;5008;227;693;829;276;1363;1620;195;704;285;3331;493;2436;51;1443;73;44;790;35;326;427;167;1516
30028;MORATALLA;722;22;97;132;23;204;244;32;154;26;481;29;233;5;92;4;13;117;2;42;90;15;86
30029;MULA;1115;69;182;190;81;322;271;187;140;101;588;99;654;69;258;12;18;289;8;239;9;54;352
30030;MURCIA;30099;1385;4608;6058;1423;8006;8619;905;2666;2408;21280;2840;24520;788;13458;421;592;8917;344;6249;1930;1025;15316
30031;OJOS;50;3;15;14;1;8;9;4;5;2;35;4;41;5;35;0;0;1;0;36;0;2;3
30032;PLIEGO;210;15;26;45;10;49;65;39;17;13;121;20;78;1;54;2;0;21;0;28;1;6;43
30033;PUERTO LUMBRERAS;667;28;96;134;39;189;181;128;43;55;402;39;527;32;236;7;24;215;13;292;20;9;206
30034;RICOTE;93;9;10;16;5;23;30;14;5;2;68;4;31;1;20;0;0;10;0;9;1;0;21
30035;SAN JAVIER;2201;133;318;386;137;611;616;211;109;130;1548;203;1736;131;1080;37;44;414;30;976;29;51;680
30036;SAN PEDRO DEL PINATAR;2024;130;287;375;135;566;531;181;86;149;1410;198;999;40;532;25;18;355;29;316;40;28;615
30037;TORRE-PACHECO;1892;91;288;365;133;517;498;307;91;165;1166;163;7179;228;5281;140;65;1437;28;6333;37;103;706
30038;TORRES DE COTILLAS, LAS;1534;83;232;288;69;393;469;59;282;114;952;127;1153;28;640;36;30;407;12;20;857;41;235
30039;TOTANA;1490;93;245;275;86;404;387;330;175;116;778;91;1721;107;869;29;34;656;26;781;58;37;845
30040;ULEA;42;2;6;11;0;15;8;5;8;1;28;0;41;9;25;0;1;6;0;20;20;0;1
30041;UNION, LA;1995;105;283;330;126;621;530;55;121;197;1450;172;310;14;139;11;7;135;4;4;44;42;220
30042;VILLANUEVA DEL RIO SEGURA;193;9;27;37;9;67;44;19;23;10;133;8;64;18;25;0;5;16;0;28;5;2;29
30043;YECLA;2687;150;287;407;181;698;964;138;865;86;1258;340;725;19;396;50;24;213;23;101;274;22;328
30901;SANTOMERA;897;40;121;161;44;263;268;34;123;64;591;85;685;24;461;19;21;141;19;392;28;12;253
30902;ALCAZARES, LOS;1057;55;159;203;49;300;291;75;58;62;793;69;907;23;630;10;11;222;11;228;31;29;619
31001;ABAIGAR;8;0;0;3;0;2;3;0;0;1;6;1;6;0;3;0;0;3;0;1;0;2;3
31002;ABARZUZA;14;3;1;2;1;4;3;0;1;0;12;1;9;0;0;0;1;8;0;0;0;0;9
31003;ABAURREGAINA/ABAURREA ALTA;2;0;1;1;0;0;0;1;0;0;1;0;0;0;0;0;0;0;0;0;0;0;0
31004;ABAURREPEA/ABAURREA BAJA;0;0;0;0;0;0;0;0;0;0;0;0;0;0;0;0;0;0;0;0;0;0;0
31005;ABERIN;14;2;1;1;0;4;6;0;2;1;10;1;0;0;0;0;0;0;0;0;0;0;0
31006;ABLITAS;153;2;22;39;5;26;59;15;34;12;77;15;49;1;28;0;0;20;0;7;2;2;38
31007;ADIOS;7;0;0;3;0;1;3;0;0;1;4;2;0;0;0;0;0;0;0;0;0;0;0
31008;AGUILAR DE CODES;5;0;0;3;0;2;0;0;1;0;4;0;3;1;2;0;0;0;0;0;1;0;2
31009;AIBAR/OIBAR;29;4;3;3;2;4;13;0;7;1;17;4;6;0;3;0;0;3;0;3;0;0;3
31010;ALTSASU/ALSASUA;392;25;42;72;18;94;141;6;88;21;245;32;267;2;133;2;4;122;4;0;124;8;135
31011;ALLIN;29;1;3;4;0;6;15;0;4;0;24;1;9;1;2;0;0;6;0;1;1;0;7
31012;ALLO;78;2;15;17;5;24;15;7;15;3;46;7;54;0;37;0;0;17;0;14;2;0;38
31013;AMESCOA BAJA;25;1;4;8;0;4;8;1;3;0;20;1;19;0;6;0;0;12;1;0;0;0;19
31014;ANCIN;14;0;4;2;0;4;4;3;2;0;9;0;35;0;2;0;0;33;0;0;1;0;34
31015;ANDOSILLA;175;5;34;29;6;50;51;34;42;5;81;13;111;2;68;4;0;36;1;45;21;0;45
31016;ANSOAIN;559;31;94;112;25;128;169;14;71;29;406;39;146;5;56;7;6;69;3;0;29;11;106
31017;ANUE;19;1;2;3;2;4;7;0;2;1;14;2;1;0;1;0;0;0;0;0;0;0;1
31018;AÑORBE;31;2;7;7;2;7;6;0;2;4;24;1;3;2;1;0;0;0;0;0;0;0;3
31019;AOIZ/AGOITZ;186;19;38;34;10;44;41;12;26;11;111;26;220;1;118;1;0;99;1;0;173;1;46
31020;ARAITZ;4;1;2;0;0;1;0;0;1;0;3;0;1;0;1;0;0;0;0;0;0;0;1
31021;ARANARACHE;1;0;0;1;0;0;0;0;0;0;1;0;5;0;0;0;0;4;1;0;0;0;5
31022;ARANTZA;9;2;0;3;0;2;2;0;2;0;7;0;5;0;0;0;2;3;0;0;0;0;5
31023;ARANGUREN;324;23;54;52;10;95;90;4;30;12;259;19;525;16;240;25;11;221;12;1;96;28;400
31024;ARANO;1;0;1;0;0;0;0;0;0;0;1;0;7;0;7;0;0;0;0;0;3;0;4
31025;ARAKIL;28;0;2;5;1;5;15;0;4;0;23;1;20;1;17;1;1;0;0;1;17;0;2
31026;ARAS;4;0;1;2;0;0;1;2;1;0;0;1;4;0;4;0;0;0;0;4;0;0;0
31027;ARBIZU;34;1;3;8;4;6;12;1;4;1;25;3;36;1;9;1;1;24;0;0;3;1;32
31028;ARCE/ARTZI;6;0;1;2;0;2;1;0;1;1;4;0;1;0;0;0;0;1;0;0;0;0;1
31029;ARCOS, LOS;50;4;9;10;1;12;14;4;5;4;33;4;91;0;58;0;0;33;0;3;67;0;21
31030;ARELLANO;3;0;0;2;0;1;0;0;0;1;2;0;7;0;7;0;0;0;0;7;0;0;0
31031;ARESO;6;1;0;2;1;1;1;0;0;1;5;0;6;0;2;4;0;0;0;0;5;0;1
31032;ARGUEDAS;98;3;15;22;2;23;33;13;14;4;60;7;146;5;77;1;3;60;0;3;33;3;107
31033;ARIA;3;0;1;1;0;1;0;1;0;0;2;0;0;0;0;0;0;0;0;0;0;0;0
31034;ARIBE;1;0;1;0;0;0;0;0;0;0;1;0;3;0;3;0;0;0;0;0;0;0;3
31035;ARMAÑANZAS;1;0;0;0;0;1;0;0;0;0;1;0;0;0;0;0;0;0;0;0;0;0;0
31036;ARRONIZ;44;2;3;11;3;11;14;3;8;2;24;7;19;0;16;0;0;3;0;9;8;0;2
31037;ARRUAZU;2;0;0;2;0;0;0;0;1;0;1;0;26;0;4;0;0;22;0;0;0;0;26
31038;ARTAJONA;66;4;5;19;1;22;15;6;10;0;49;1;37;0;8;1;1;26;1;4;3;2;28
31039;ARTAZU;4;1;0;1;0;1;1;0;0;1;3;0;2;0;2;0;0;0;0;0;0;0;2
31040;ATEZ;8;0;1;3;1;0;3;0;2;0;6;0;0;0;0;0;0;0;0;0;0;0;0
31041;AYEGUI;111;6;26;22;6;23;28;6;14;8;74;9;36;0;16;0;0;19;1;1;2;4;29
31042;AZAGRA;145;10;27;21;6;48;33;31;34;6;68;6;592;2;263;0;1;326;0;227;352;0;13
31043;AZUELO;0;0;0;0;0;0;0;0;0;0;0;0;0;0;0;0;0;0;0;0;0;0;0
31044;BAKAIKU;8;0;0;1;0;1;6;0;3;0;5;0;4;0;1;2;0;1;0;0;2;1;1
31045;BARASOAIN;23;2;5;10;1;1;4;0;4;0;19;0;53;0;42;0;0;11;0;1;44;0;8
31046;BARBARIN;5;0;2;0;0;1;2;1;2;0;2;0;1;0;1;0;0;0;0;0;0;0;1
31047;BARGOTA;7;1;2;0;0;2;2;0;1;0;6;0;7;0;7;0;0;0;0;7;0;0;0
31048;BARILLAS;12;1;3;1;1;4;2;1;0;1;9;1;1;0;1;0;0;0;0;0;1;0;0
31049;BASABURUA;16;1;2;4;0;5;4;0;2;0;14;0;7;0;5;0;0;2;0;1;0;0;6
31050;BAZTAN;195;10;34;56;5;39;51;7;29;9;141;9;232;0;52;2;2;171;5;1;33;1;197
31051;BEIRE;13;0;1;2;1;4;5;5;1;0;7;0;1;0;1;0;0;0;0;0;0;0;1
31052;BELASCOAIN;5;1;1;1;0;0;2;0;2;0;3;0;3;0;2;1;0;0;0;3;0;0;0
31053;BERBINZANA;34;1;7;4;6;9;7;10;4;0;15;5;8;0;5;0;0;3;0;5;0;0;3
31054;BERTIZARANA;26;0;4;8;0;7;7;1;3;1;21;0;2;0;1;0;0;1;0;0;0;0;2
31055;BETELU;10;0;2;2;0;2;4;0;2;0;7;1;6;1;4;0;0;1;0;0;1;3;2
31056;BIURRUN-OLCOZ;16;0;2;5;1;3;5;1;0;1;12;2;25;0;11;1;0;13;0;0;13;0;12
31057;BUÑUEL;94;1;9;26;3;14;41;22;14;4;48;6;165;0;82;7;0;74;2;57;57;4;47
31058;AURITZ/BURGUETE;6;3;0;0;0;2;1;0;1;0;5;0;8;0;3;0;0;5;0;1;0;0;7
31059;BURGUI/BURGI;2;0;0;1;0;0;1;0;1;0;1;0;3;0;2;0;0;1;0;0;0;0;3
31060;BURLADA/BURLATA;1107;65;152;246;56;278;310;16;114;78;807;92;205;8;69;4;15;105;4;0;10;12;183
31061;BUSTO, EL;1;0;0;0;0;0;1;0;0;0;1;0;3;0;3;0;0;0;0;3;0;0;0
31062;CABANILLAS;40;4;9;5;0;11;11;6;8;1;23;2;17;0;14;0;0;3;0;7;3;0;7
31063;CABREDO;2;0;0;0;0;0;2;0;1;0;1;0;0;0;0;0;0;0;0;0;0;0;0
31064;CADREITA;87;6;14;8;3;29;27;18;33;3;25;8;57;0;43;0;0;14;0;37;10;0;10
31065;CAPARROSO;165;9;46;23;4;48;35;48;26;8;69;14;67;0;38;1;1;26;1;43;3;2;19
31066;CARCAR;95;4;16;19;7;31;18;36;12;3;34;10;12;0;5;1;0;6;0;3;2;0;7
31067;CARCASTILLO;162;9;35;34;11;48;25;28;30;4;83;17;64;2;19;0;0;43;0;10;9;0;45
31068;CASCANTE;250;11;40;34;11;71;83;36;38;8;132;36;95;0;36;3;2;51;3;12;29;1;53
31069;CASEDA;36;3;9;4;1;11;8;1;6;1;27;1;26;0;15;1;0;9;1;0;16;0;10
31070;CASTEJON;321;18;54;76;13;89;71;55;76;10;140;40;107;1;44;7;3;48;4;3;40;12;52
31071;CASTILLONUEVO;0;0;0;0;0;0;0;0;0;0;0;0;0;0;0;0;0;0;0;0;0;0;0
31072;CINTRUENIGO;509;22;70;123;20;158;116;80;112;24;209;84;550;4;198;15;1;330;2;29;55;14;452
31073;ZIORDIA;11;1;0;1;2;5;2;0;1;1;7;2;5;0;0;0;0;5;0;0;0;0;5
31074;CIRAUQUI;16;0;3;5;0;3;5;3;5;1;6;1;0;0;0;0;0;0;0;0;0;0;0
31075;CIRIZA;10;2;2;3;0;1;2;1;0;3;4;2;3;0;3;0;0;0;0;0;0;0;3
31076;CIZUR;72;5;8;19;3;15;22;0;9;1;58;4;69;1;13;1;5;47;2;0;1;2;66
31077;CORELLA;538;36;84;98;37;134;149;90;118;57;209;64;191;6;113;9;2;60;1;32;20;58;81
31078;CORTES;149;7;15;34;9;39;45;17;21;4;88;19;112;0;53;2;1;56;0;32;55;2;23
31079;DESOJO;3;0;0;1;0;0;2;0;0;0;3;0;0;0;0;0;0;0;0;0;0;0;0
31080;DICASTILLO;26;0;2;8;1;4;11;4;6;6;8;2;4;0;4;0;0;0;0;3;1;0;0
31081;DONAMARIA;14;1;3;1;1;6;2;0;2;0;11;1;11;0;9;0;0;2;0;11;0;0;0
31082;ETXALAR;16;1;2;5;0;5;3;0;3;0;13;0;35;0;5;0;0;29;1;0;2;0;33
31083;ECHARRI;2;0;0;0;0;1;1;0;0;0;2;0;3;0;3;0;0;0;0;0;2;0;1
31084;ETXARRI-ARANATZ;70;4;11;13;4;16;22;3;21;2;41;3;56;2;18;1;0;35;0;1;7;0;48
31085;ETXAURI;23;2;4;7;1;1;8;2;5;2;13;1;40;0;18;0;0;21;1;0;0;0;40
31086;EGÜES;813;30;145;124;25;297;192;8;78;26;649;52;476;15;148;15;18;269;11;1;51;2;422
31087;ELGORRIAGA;6;1;1;0;1;1;2;0;1;0;5;0;4;0;1;0;0;3;0;0;0;0;4
31088;NOAIN, VALLE DE ELORZ/NOAIN, ELORTZIBIA;414;24;67;55;23;121;124;1;37;22;298;56;375;5;249;22;5;87;7;0;184;9;182
31089;ENERIZ;12;0;0;2;1;2;7;0;2;0;9;1;2;0;0;0;1;0;1;0;1;0;1
31090;ERATSUN;7;1;0;2;0;0;4;0;1;0;5;1;0;0;0;0;0;0;0;0;0;0;0
31091;ERGOIENA;6;1;0;2;0;0;3;2;0;1;3;0;2;0;1;0;0;1;0;0;1;0;1
31092;ERRO;15;2;4;3;0;4;2;0;2;1;12;0;7;0;4;0;0;3;0;0;0;2;5
31093;EZCAROZ/EZKAROZE;4;0;0;2;0;0;2;0;0;0;4;0;7;0;2;0;0;5;0;1;0;0;6
31094;ESLAVA;5;0;0;2;0;1;2;3;1;0;1;0;0;0;0;0;0;0;0;0;0;0;0
31095;ESPARZA DE SALAZAR/ESPARTZA ZARAITZU;1;0;0;0;0;1;0;0;0;0;1;0;7;0;5;0;0;1;1;0;0;0;7
31096;ESPRONCEDA;7;1;0;3;1;1;1;0;1;1;4;1;1;0;0;0;0;1;0;0;0;0;1
31097;ESTELLA/LIZARRA;884;38;164;155;51;238;238;46;145;36;591;66;659;3;246;13;9;380;8;8;151;6;494
31098;ESTERIBAR;86;2;13;19;4;20;28;1;10;2;71;2;11;0;7;1;0;3;0;0;5;0;6
31099;ETAYO;3;0;0;2;0;0;1;2;0;0;1;0;2;1;1;0;0;0;0;2;0;0;0
31100;EULATE;8;0;1;2;0;4;1;0;6;0;2;0;3;0;0;0;0;2;1;0;0;0;3
31101;EZCABARTE;61;3;14;8;3;19;14;0;4;4;46;7;32;1;23;2;0;6;0;0;3;5;24
31102;EZKURRA;5;0;0;2;0;1;2;0;0;2;3;0;0;0;0;0;0;0;0;0;0;0;0
31103;EZPROGUI;4;0;1;2;1;0;0;2;1;0;1;0;1;0;1;0;0;0;0;0;0;0;1
31104;FALCES;115;14;20;21;7;28;25;31;32;4;37;11;65;0;46;1;1;17;0;30;13;1;21
31105;FITERO;140;8;27;40;8;32;25;44;17;9;51;19;44;0;14;18;0;8;4;27;8;2;7
31106;FONTELLAS;47;2;7;10;2;7;19;7;5;3;31;1;63;0;46;0;0;17;0;44;0;0;19
31107;FUNES;102;7;21;20;4;24;26;28;19;2;48;5;83;5;44;1;3;29;1;10;56;1;16
31108;FUSTIÑANA;104;3;12;21;2;24;42;10;17;8;57;12;224;6;106;1;4;107;0;27;114;6;77
31109;GALAR;52;1;7;13;1;18;12;0;2;4;44;2;604;6;343;21;5;211;18;2;273;38;291
31110;GALLIPIENZO;3;0;0;2;0;0;1;0;0;0;3;0;2;0;0;1;0;1;0;0;0;0;2
31111;GALLUES/GALOZE;2;0;1;1;0;0;0;0;0;0;2;0;0;0;0;0;0;0;0;0;0;0;0
31112;GARAIOA;5;0;1;2;0;1;1;1;0;0;4;0;0;0;0;0;0;0;0;0;0;0;0
31113;GARDE;4;0;3;1;0;0;0;0;0;0;4;0;0;0;0;0;0;0;0;0;0;0;0
31114;GARINOAIN;22;1;2;3;1;12;3;1;1;0;18;2;0;0;0;0;0;0;0;0;0;0;0
31115;GARRALDA;1;0;0;1;0;0;0;0;0;0;1;0;2;0;1;0;0;1;0;0;0;0;2
31116;GENEVILLA;1;0;1;0;0;0;0;0;1;0;0;0;0;0;0;0;0;0;0;0;0;0;0
31117;GOIZUETA;15;3;2;4;0;1;5;1;1;2;10;1;25;0;5;0;0;20;0;0;0;1;24
31118;GOÑI;5;0;1;1;0;1;2;0;0;1;4;0;0;0;0;0;0;0;0;0;0;0;0
31119;GÜESA/GORZA;0;0;0;0;0;0;0;0;0;0;0;0;3;2;1;0;0;0;0;0;0;1;2
31120;GUESALAZ;19;1;3;6;1;1;7;1;3;1;13;1;1;0;0;0;0;1;0;0;0;0;1
31121;GUIRGUILLANO;2;0;0;0;0;0;2;0;0;0;2;0;2;0;1;0;1;0;0;0;1;0;1
31122;HUARTE/UHARTE;313;15;56;53;9;102;78;2;44;9;240;18;481;10;216;13;12;221;9;0;146;17;318
31123;UHARTE-ARAKIL;23;0;6;5;0;7;5;0;7;0;16;0;41;0;24;1;0;16;0;1;28;0;12
31124;IBARGOITI;5;0;0;1;0;2;2;0;1;0;4;0;2;2;0;0;0;0;0;0;0;0;2
31125;IGUZQUIZA;16;1;1;5;1;2;6;2;1;2;10;1;7;0;7;0;0;0;0;6;0;0;1
31126;IMOTZ;13;0;1;5;0;6;1;0;2;0;11;0;2;0;2;0;0;0;0;1;0;0;1
31127;IRAÑETA;6;0;1;1;0;1;3;1;1;0;4;0;0;0;0;0;0;0;0;0;0;0;0
31128;ISABA/IZABA;9;0;3;2;0;0;4;0;1;0;8;0;10;0;4;0;2;4;0;0;0;0;10
31129;ITUREN;14;1;0;2;1;3;7;0;1;0;12;1;0;0;0;0;0;0;0;0;0;0;0
31130;ITURMENDI;13;1;1;3;1;3;4;1;4;1;6;1;1;0;0;0;0;1;0;0;0;0;1
31131;IZA;34;0;5;9;1;9;10;1;4;2;27;0;20;1;7;3;0;9;0;0;10;0;10
31132;IZAGAONDOA;5;0;1;0;0;0;4;0;0;0;5;0;0;0;0;0;0;0;0;0;0;0;0
31133;IZALZU/ITZALTZU;0;0;0;0;0;0;0;0;0;0;0;0;0;0;0;0;0;0;0;0;0;0;0
31134;JAURRIETA;3;0;0;2;0;0;1;0;0;0;2;1;2;0;0;0;0;1;1;0;0;0;2
31135;JAVIER;2;0;0;1;0;0;1;0;0;0;2;0;5;0;1;0;0;4;0;0;0;1;4
31136;JUSLAPEÑA;25;0;7;7;1;5;5;0;3;0;21;1;8;1;0;0;0;7;0;1;0;0;7
31137;BEINTZA-LABAIEN;7;1;2;2;0;1;1;1;0;0;5;1;0;0;0;0;0;0;0;0;0;0;0
31138;LAKUNTZA;47;5;10;9;1;11;11;0;11;3;32;1;66;0;43;5;0;18;0;0;60;0;6
31139;LANA;3;0;0;0;0;1;2;0;0;0;3;0;0;0;0;0;0;0;0;0;0;0;0
31140;LANTZ;1;0;0;1;0;0;0;0;1;0;0;0;3;0;2;0;0;0;1;0;1;0;2
31141;LAPOBLACION;1;0;0;1;0;0;0;0;0;0;1;0;0;0;0;0;0;0;0;0;0;0;0
31142;LARRAGA;93;10;17;11;7;27;21;11;18;2;49;13;197;16;121;3;7;50;0;159;21;3;14
31143;LARRAONA;4;0;0;0;1;2;1;0;0;0;4;0;0;0;0;0;0;0;0;0;0;0;0
31144;LARRAUN;16;1;1;7;0;5;2;0;3;2;10;1;12;0;2;0;1;9;0;0;0;1;11
31145;LAZAGURRIA;1;0;0;0;0;1;0;1;0;0;0;0;8;0;8;0;0;0;0;8;0;0;0
31146;LEACHE;0;0;0;0;0;0;0;0;0;0;0;0;0;0;0;0;0;0;0;0;0;0;0
31147;LEGARDA;4;1;0;1;0;0;2;0;0;0;4;0;1;0;0;0;1;0;0;0;0;0;1
31148;LEGARIA;4;0;1;1;1;0;1;2;1;0;1;0;1;0;1;0;0;0;0;1;0;0;0
31149;LEITZA;76;5;13;19;2;16;21;5;10;7;54;0;65;0;20;2;1;40;2;1;16;0;48
31150;LEOZ;2;0;0;1;0;1;0;0;0;0;2;0;0;0;0;0;0;0;0;0;0;0;0
31151;LERGA;0;0;0;0;0;0;0;0;0;0;0;0;0;0;0;0;0;0;0;0;0;0;0
31152;LERIN;84;3;16;11;3;34;17;26;19;1;26;12;18;1;9;1;0;7;0;5;5;2;6
31153;LESAKA;60;4;12;12;4;13;15;1;9;6;40;4;103;5;59;4;1;32;2;0;32;1;70
31154;LEZAUN;6;0;3;0;2;1;0;1;0;0;5;0;2;0;1;0;0;1;0;0;0;0;2
31155;LIEDENA;16;0;4;1;1;5;5;0;2;1;13;0;12;0;6;0;0;5;1;0;0;1;11
31156;LIZOAIN;9;1;2;4;0;1;1;0;0;2;5;2;1;0;1;0;0;0;0;0;0;0;1
31157;LODOSA;314;20;69;65;18;87;55;59;65;12;146;32;165;1;49;0;1;111;3;5;55;2;103
31158;LONGUIDA/LONGIDA;17;1;6;1;1;5;3;0;1;0;15;1;2;0;1;0;0;1;0;1;0;0;1
31159;LUMBIER;47;3;11;12;2;11;8;1;9;1;34;2;60;0;20;0;1;38;1;3;7;0;50
31160;LUQUIN;5;0;0;2;0;0;3;0;1;0;3;1;1;0;0;0;0;0;1;0;0;0;1
31161;MAÑERU;22;0;7;4;0;5;6;0;5;0;16;1;19;0;18;0;1;0;0;1;1;0;17
31162;MARAÑON;2;0;1;1;0;0;0;0;1;0;1;0;0;0;0;0;0;0;0;0;0;0;0
31163;MARCILLA;151;7;26;31;3;39;45;14;38;5;85;9;228;5;76;76;2;44;25;5;186;1;36
31164;MELIDA;22;0;5;6;0;3;8;2;5;1;11;3;45;1;21;1;0;21;1;1;37;0;7
31165;MENDAVIA;138;6;28;32;9;39;24;37;25;3;63;10;121;2;71;0;2;45;1;72;25;1;23
31166;MENDAZA;9;0;2;2;1;4;0;0;2;0;7;0;5;0;2;0;0;3;0;2;0;0;3
31167;MENDIGORRIA;42;0;9;6;1;14;12;1;6;3;30;2;13;0;7;0;1;5;0;0;2;0;11
31168;METAUTEN;6;1;0;1;0;0;4;0;2;0;4;0;6;0;3;1;0;2;0;1;0;0;5
31169;MILAGRO;194;11;29;39;12;58;45;46;33;2;88;25;141;11;84;1;11;33;1;67;15;4;55
31170;MIRAFUENTES;2;0;0;1;0;0;1;1;0;0;1;0;0;0;0;0;0;0;0;0;0;0;0
31171;MIRANDA DE ARGA;35;1;5;7;0;8;14;2;10;2;21;0;9;0;3;0;0;6;0;1;1;1;6
31172;MONREAL;15;0;1;5;0;3;6;1;1;0;13;0;60;0;9;0;0;51;0;0;2;0;58
31173;MONTEAGUDO;41;0;6;14;2;9;10;5;12;5;19;0;13;0;4;1;1;7;0;3;4;0;6
31174;MORENTIN;7;2;0;1;1;0;3;0;2;0;5;0;1;0;0;0;0;1;0;0;0;0;1
31175;MUES;4;0;0;1;0;2;1;0;2;0;2;0;0;0;0;0;0;0;0;0;0;0;0
31176;MURCHANTE;290;14;52;55;12;80;77;43;44;17;144;42;56;1;25;5;2;23;0;12;8;5;31
31177;MURIETA;23;1;4;7;2;7;2;3;1;0;18;1;27;0;22;0;0;5;0;0;22;0;5
31178;MURILLO EL CUENDE;49;3;15;3;2;11;15;10;11;2;22;4;4;0;0;0;0;4;0;1;0;0;3
31179;MURILLO EL FRUTO;41;6;9;6;6;9;5;5;5;3;22;6;11;0;8;0;0;3;0;7;2;0;2
31180;MURUZABAL;8;0;0;1;0;4;3;0;0;1;6;1;4;0;0;0;1;3;0;0;0;0;4
31181;NAVASCUES;2;1;1;0;0;0;0;1;1;0;0;0;2;1;0;0;0;1;0;0;0;0;2
31182;NAZAR;1;0;0;1;0;0;0;0;0;0;1;0;1;0;0;0;0;1;0;0;0;0;1
31183;OBANOS;20;2;4;3;0;3;8;1;5;1;11;2;2;0;1;0;0;1;0;0;0;0;2
31184;OCO;1;0;0;0;0;1;0;0;0;0;1;0;0;0;0;0;0;0;0;0;0;0;0
31185;OCHAGAVÍA/OTSAGABIA;7;0;0;4;0;1;2;0;1;0;6;0;3;0;1;0;1;1;0;0;1;0;2
31186;ODIETA;9;0;1;3;0;2;3;0;3;1;5;0;4;0;2;0;0;2;0;2;0;0;2
31187;OITZ;3;0;0;0;0;2;1;0;0;0;3;0;7;2;2;0;3;0;0;0;1;0;6
31188;OLAIBAR;7;1;0;0;1;2;3;0;1;0;5;1;10;0;5;1;0;3;1;0;1;0;9
31189;OLAZTI/OLAZAGUTIA;82;4;12;18;5;22;21;3;22;2;50;5;25;1;4;0;0;19;1;0;17;0;8
31190;OLEJUA;3;0;0;1;1;0;1;1;1;0;1;0;2;0;2;0;0;0;0;0;0;0;2
31191;OLITE;170;4;25;39;11;43;48;8;32;4;115;11;159;3;61;1;1;89;4;26;13;3;117
31192;OLORIZ;5;1;1;1;1;0;1;0;0;0;4;1;58;0;39;1;0;18;0;0;3;0;55
31193;CENDEA DE OLZA/OLTZA ZENDEA;57;3;9;15;1;10;19;1;9;5;41;1;188;14;103;5;5;59;2;0;155;1;32
31194;OLLO;15;0;3;3;0;6;3;0;2;1;12;0;5;0;3;0;1;1;0;0;1;0;4
31195;ORBAITZETA;3;0;1;1;0;1;0;0;0;0;3;0;4;0;0;1;2;1;0;0;1;0;3
31196;ORBARA;1;0;0;0;0;0;1;0;0;0;1;0;0;0;0;0;0;0;0;0;0;0;0
31197;ORISOAIN;0;0;0;0;0;0;0;0;0;0;0;0;1;0;0;0;0;1;0;0;0;0;1
31198;ORONZ/ORONTZE;1;0;0;0;0;1;0;0;0;0;1;0;6;0;2;0;0;4;0;0;1;0;5
31199;OROZ-BETELU;5;0;0;3;0;2;0;0;3;0;2;0;0;0;0;0;0;0;0;0;0;0;0
31200;OTEIZA;54;5;8;11;1;10;19;3;8;0;39;4;8;0;3;0;0;5;0;0;0;0;8
31201;PAMPLONA/IRUÑA;10844;528;1856;2197;466;2789;3008;293;1016;640;7925;970;12698;126;4932;129;227;7129;155;15;2262;220;10201
31202;PERALTA;333;25;65;50;17;86;90;34;93;4;178;24;254;5;102;2;3;138;4;31;82;3;138
31203;PETILLA DE ARAGON;0;0;0;0;0;0;0;0;0;0;0;0;0;0;0;0;0;0;0;0;0;0;0
31204;PIEDRAMILLERA;0;0;0;0;0;0;0;0;0;0;0;0;0;0;0;0;0;0;0;0;0;0;0
31205;PITILLAS;29;1;5;10;2;5;6;1;7;0;18;3;2;0;1;0;0;1;0;0;1;0;1
31206;PUENTE LA REINA/GARES;141;3;17;37;3;36;45;3;17;14;96;11;140;1;56;0;4;76;3;7;59;0;74
31207;PUEYO;13;1;4;2;0;5;1;3;1;0;8;1;1;0;1;0;0;0;0;0;0;0;1
31208;RIBAFORADA;224;9;50;49;10;47;59;57;42;10;90;25;187;3;134;1;1;46;2;138;20;8;21
31209;ROMANZADO;9;1;2;1;1;1;3;0;3;1;5;0;1;0;1;0;0;0;0;0;0;0;1
31210;RONCAL/ERRONKARI;4;0;0;1;0;3;0;0;1;0;3;0;3;1;1;0;0;1;0;0;0;1;2
31211;ORREAGA/RONCESVALLES;0;0;0;0;0;0;0;0;0;0;0;0;2;0;1;0;0;1;0;0;0;0;2
31212;SADA;2;0;0;1;0;0;1;1;0;0;1;0;0;0;0;0;0;0;0;0;0;0;0
31213;SALDIAS;3;0;0;1;0;1;1;0;0;0;3;0;0;0;0;0;0;0;0;0;0;0;0
31214;SALINAS DE ORO;1;0;0;0;0;0;1;0;0;0;1;0;0;0;0;0;0;0;0;0;0;0;0
31215;SAN ADRIAN;304;13;55;58;23;94;61;43;73;10;141;37;938;6;405;2;1;520;4;10;783;1;144
31216;SANGÜESA/ZANGOZA;219;6;49;40;9;57;58;24;36;9;136;14;270;3;104;5;4;145;9;4;153;6;107
31217;SAN MARTIN DE UNX;17;3;1;5;1;2;5;2;0;0;11;4;6;0;2;0;0;2;2;1;0;0;5
31219;SANSOL;9;0;3;1;0;0;5;1;1;0;7;0;1;0;1;0;0;0;0;0;0;0;1
31220;SANTACARA;45;3;4;12;4;7;15;5;16;2;19;3;2;0;0;0;0;2;0;0;0;0;2
31221;DONEZTEBE/SANTESTEBAN;67;3;7;13;2;22;20;2;2;3;56;4;76;0;18;0;1;56;1;0;8;0;68
31222;SARRIES/ZARTZE;0;0;0;0;0;0;0;0;0;0;0;0;16;1;2;0;0;12;1;0;0;0;16
31223;SARTAGUDA;66;3;12;14;4;19;14;13;14;2;30;7;56;0;39;0;0;17;0;37;16;0;3
31224;SESMA;84;9;23;16;4;25;7;26;17;1;30;10;71;1;48;0;0;22;0;6;61;1;3
31225;SORLADA;2;0;0;2;0;0;0;1;1;0;0;0;1;0;1;0;0;0;0;1;0;0;0
31226;SUNBILLA;23;0;5;3;2;7;6;1;3;2;15;2;12;0;8;0;0;4;0;1;0;2;9
31227;TAFALLA;489;30;80;90;22;113;154;17;101;29;311;31;426;6;208;8;4;199;1;4;103;58;261
31228;TIEBAS-MURUARTE DE RETA;23;1;1;5;1;10;5;0;5;1;17;0;8;1;3;1;0;3;0;0;1;0;7
31229;TIRAPU;1;0;0;0;0;0;1;1;0;0;0;0;0;0;0;0;0;0;0;0;0;0;0
31230;TORRALBA DEL RIO;4;0;2;0;0;2;0;1;0;0;2;1;0;0;0;0;0;0;0;0;0;0;0
31231;TORRES DEL RIO;10;0;4;0;3;2;1;2;0;0;7;1;0;0;0;0;0;0;0;0;0;0;0
31232;TUDELA;2216;109;322;420;116;581;668;146;310;109;1412;239;2030;27;799;43;37;1097;27;198;400;49;1383
31233;TULEBRAS;10;0;0;5;0;1;4;2;0;0;6;2;1;0;1;0;0;0;0;0;0;0;1
31234;UCAR;6;0;1;3;1;1;0;0;1;2;3;0;2;0;2;0;0;0;0;0;0;0;2
31235;UJUE;5;1;1;1;0;0;2;0;0;2;2;1;8;0;4;0;0;4;0;0;6;0;2
31236;ULTZAMA;31;2;7;3;1;6;12;0;7;1;22;1;89;1;37;2;1;46;2;2;51;2;34
31237;UNCITI;6;0;0;2;0;3;1;0;1;0;5;0;0;0;0;0;0;0;0;0;0;0;0
31238;UNZUE;3;0;1;2;0;0;0;0;0;2;1;0;1;0;0;0;1;0;0;0;0;0;1
31239;URDAZUBI/URDAX;6;0;1;0;3;0;2;0;0;0;5;1;17;2;3;3;1;6;2;0;0;0;17
31240;URDIAIN;25;2;4;6;2;3;8;0;9;1;12;3;39;0;16;0;1;22;0;3;32;1;3
31241;URRAUL ALTO;2;0;1;1;0;0;0;0;0;0;2;0;1;0;0;0;0;1;0;0;0;0;1
31242;URRAUL BAJO;15;2;6;3;0;3;1;0;4;1;10;0;2;0;0;0;0;2;0;0;0;0;2
31243;URROZ-VILLA;15;0;1;5;1;3;5;0;5;1;8;1;2;0;0;0;0;1;1;0;1;0;1
31244;URROTZ;7;2;0;3;0;1;1;0;2;3;2;0;0;0;0;0;0;0;0;0;0;0;0
31245;URZAINQUI/URZAINKI;2;0;0;1;0;0;1;0;0;0;2;0;0;0;0;0;0;0;0;0;0;0;0
31246;UTERGA;8;1;1;4;0;0;2;1;1;1;5;0;2;0;0;0;1;1;0;0;0;0;2
31247;UZTARROZ/UZTARROZE;1;0;1;0;0;0;0;0;0;0;1;0;0;0;0;0;0;0;0;0;0;0;0
31248;LUZAIDE/VALCARLOS;2;0;0;0;0;2;0;0;0;0;2;0;11;2;3;0;1;4;1;0;0;0;11
31249;VALTIERRA;121;6;19;20;8;33;35;22;24;4;57;14;90;3;50;1;2;34;0;46;3;2;39
31250;BERA/VERA DE BIDASOA;105;3;29;17;5;24;27;2;23;1;76;3;136;5;40;3;6;82;0;2;25;4;105
31251;VIANA;224;5;32;30;9;77;71;27;27;3;145;22;742;3;387;8;3;338;3;6;662;2;72
31252;VIDANGOZ/BIDANKOZE;2;0;0;1;0;1;0;0;0;0;2;0;0;0;0;0;0;0;0;0;0;0;0
31253;BIDAURRETA;0;0;0;0;0;0;0;0;0;0;0;0;0;0;0;0;0;0;0;0;0;0;0
31254;VILLAFRANCA;158;9;27;30;9;41;42;24;48;5;62;19;117;3;46;7;1;55;5;21;58;1;37
31255;VILLAMAYOR DE MONJARDIN;2;0;0;1;0;1;0;0;0;0;2;0;12;0;12;0;0;0;0;12;0;0;0
31256;HIRIBERRI/VILLANUEVA DE AEZKOA;2;0;0;1;0;0;1;0;0;1;1;0;0;0;0;0;0;0;0;0;0;0;0
31257;VILLATUERTA;62;2;8;12;6;22;12;1;16;3;36;6;106;1;50;4;1;50;0;0;77;2;27
31258;VILLAVA/ATARRABIA;548;27;71;91;29;117;213;7;56;19;416;50;177;1;57;3;5;109;2;1;15;2;159
31259;IGANTZI;15;2;5;1;1;4;2;0;3;1;11;0;22;0;9;0;0;13;0;0;0;0;22
31260;VALLE DE YERRI/DEIERRI;63;6;9;16;4;11;17;1;12;3;45;2;21;0;11;0;2;8;0;7;3;0;11
31261;YESA;12;1;2;3;0;1;5;2;1;0;9;0;24;0;15;4;0;3;2;12;0;4;8
31262;ZABALZA;8;0;2;1;0;3;2;0;1;1;6;0;6;0;2;0;2;2;0;0;0;0;6
31263;ZUBIETA;7;0;1;5;0;1;0;1;1;0;5;0;0;0;0;0;0;0;0;0;0;0;0
31264;ZUGARRAMURDI;3;0;1;1;0;1;0;0;0;0;3;0;20;0;2;0;0;18;0;0;0;0;20
31265;ZUÑIGA;9;0;0;6;0;1;2;4;2;0;3;0;0;0;0;0;0;0;0;0;0;0;0
31901;BARAÑAIN;964;37;146;186;42;236;317;18;105;44;724;73;121;2;44;3;2;68;2;0;3;4;114
31902;BERRIOPLANO;305;24;44;44;10;111;72;4;40;18;214;29;525;4;400;16;6;93;6;0;312;38;175
31903;BERRIOZAR;678;32;122;128;31;194;171;15;67;44;483;69;195;4;54;0;4;130;3;1;3;10;181
31904;IRURTZUN;117;7;15;24;4;34;33;4;17;7;83;6;69;5;20;2;2;40;0;0;8;1;60
31905;BERIAIN;223;17;39;44;9;45;69;4;19;12;172;16;267;4;180;11;5;65;2;4;62;4;197
31906;ORKOIEN;187;5;37;37;7;51;50;1;23;3;142;18;1043;16;779;23;1;214;10;0;757;17;269
31907;ZIZUR MAYOR/ZIZUR NAGUSIA;524;28;85;89;22;144;156;6;52;15;410;41;129;0;34;0;7;86;2;0;0;2;127
31908;LEKUNBERRI;36;2;7;8;0;12;7;2;2;3;27;2;68;4;26;1;3;30;4;0;25;1;42
32001;ALLARIZ;276;4;41;62;5;75;89;5;41;24;196;10;121;0;56;0;1;62;2;0;9;7;105
32002;AMOEIRO;85;2;11;29;0;18;25;11;9;9;54;2;8;1;5;0;0;1;1;1;0;1;6
32003;ARNOIA, A;45;2;5;12;1;13;12;0;4;1;38;2;37;0;13;1;1;22;0;0;0;0;37
32004;AVION;36;0;4;18;1;5;8;1;6;4;18;7;14;2;7;0;0;5;0;4;0;0;10
32005;BALTAR;60;3;8;21;0;8;20;7;6;5;37;5;9;1;5;0;0;3;0;5;1;0;3
32006;BANDE;71;3;9;32;2;8;17;7;6;10;43;5;28;0;11;0;0;17;0;2;0;0;26
32007;BAÑOS DE MOLGAS;59;3;6;28;3;8;11;10;6;5;35;3;6;0;5;0;0;1;0;0;0;0;6
32008;BARBADAS;365;6;70;75;7;83;124;8;32;34;256;35;112;0;34;6;0;68;4;0;2;7;103
32009;BARCO DE VALDEORRAS, O;824;30;131;123;24;240;276;57;193;45;478;51;135;5;47;3;2;77;1;4;17;12;102
32010;BEADE;11;0;1;4;0;3;3;1;2;1;7;0;4;0;2;0;0;2;0;0;1;0;3
32011;BEARIZ;21;0;1;9;0;8;3;0;0;4;13;4;11;1;4;0;0;6;0;2;0;0;9
32012;BLANCOS, OS;57;3;10;21;0;8;15;7;6;4;38;2;4;4;0;0;0;0;0;4;0;0;0
32013;BOBORAS;128;4;10;47;0;18;49;4;16;15;79;14;13;0;6;1;1;5;0;0;7;0;6
32014;BOLA, A;69;0;5;28;1;11;24;0;8;3;54;4;6;0;1;0;0;5;0;0;1;0;5
32015;BOLO, O;43;1;5;17;2;6;12;7;1;7;26;2;3;0;2;0;0;1;0;0;0;0;3
32016;CALVOS DE RANDIN;29;2;7;10;0;2;8;4;1;3;20;1;0;0;0;0;0;0;0;0;0;0;0
32017;CARBALLEDA DE VALDEORRAS;64;4;10;9;1;15;25;4;22;5;28;5;54;1;36;2;0;15;0;0;45;1;8
32018;CARBALLEDA DE AVIA;86;0;12;31;0;9;34;10;16;8;47;5;7;2;4;0;0;1;0;3;3;0;1
32019;CARBALLIÑO, O;879;28;134;199;16;229;273;23;95;61;604;96;255;5;109;7;3;125;6;4;18;9;224
32020;CARTELLE;123;3;23;41;2;22;32;8;17;12;74;12;9;0;1;0;0;8;0;0;0;0;9
32021;CASTRELO DO VAL;54;0;7;18;0;5;24;0;5;13;35;1;2;0;0;0;0;2;0;0;0;0;2
32022;CASTRELO DE MIÑO;64;2;4;27;1;11;19;10;9;3;33;9;11;0;2;3;0;6;0;2;2;0;7
32023;CASTRO CALDELAS;44;4;8;13;0;9;10;8;0;4;29;3;17;0;9;0;0;7;1;2;3;0;12
32024;CELANOVA;375;10;49;92;14;78;132;13;43;20;253;46;103;5;47;3;4;41;3;7;8;2;86
32025;CENLLE;39;1;5;15;1;4;13;3;3;3;28;2;43;1;11;0;0;31;0;0;0;0;43
32026;COLES;159;1;28;61;3;30;36;8;22;17;99;13;61;1;30;2;0;23;5;0;21;3;37
32027;CORTEGADA;61;3;10;18;2;12;16;6;3;7;39;6;4;0;2;1;0;1;0;1;0;0;3
32028;CUALEDRO;117;2;13;44;3;14;41;25;11;17;56;8;6;1;2;0;0;3;0;1;0;2;3
32029;CHANDREXA DE QUEIXA;25;0;2;12;1;4;6;1;3;2;17;2;4;0;0;0;0;4;0;0;0;0;4
32030;ENTRIMO;64;0;10;27;1;7;19;9;2;7;42;4;6;0;1;3;0;2;0;0;0;3;3
32031;ESGOS;58;2;9;17;2;14;14;4;8;10;34;2;6;1;2;0;0;3;0;3;0;0;3
32032;XINZO DE LIMIA;710;28;115;149;19;193;206;83;63;54;438;72;145;3;72;4;7;53;6;14;5;5;121
32033;GOMESENDE;38;1;5;16;1;5;10;3;8;3;18;6;5;0;2;0;0;2;1;0;2;1;2
32034;GUDIÑA, A;80;0;7;20;2;19;32;5;6;7;60;2;41;0;33;1;0;6;1;0;1;28;12
32035;IRIXO, O;52;0;7;14;0;5;26;5;7;2;36;2;11;0;6;0;1;2;2;0;0;5;6
32036;XUNQUEIRA DE AMBIA;53;0;9;16;1;9;18;8;7;5;29;4;6;0;0;0;0;6;0;0;0;0;6
32037;XUNQUEIRA DE ESPADANEDO;40;1;7;11;1;8;12;7;2;3;28;0;5;2;2;0;0;1;0;3;0;1;1
32038;LAROUCO;14;0;1;5;1;2;5;0;3;0;10;1;8;0;3;0;0;5;0;0;0;1;7
32039;LAZA;46;0;8;16;0;7;15;0;3;10;33;0;5;0;2;0;0;3;0;0;0;0;5
32040;LEIRO;80;4;15;20;0;13;28;11;9;5;49;6;12;0;8;0;0;4;0;3;5;1;3
32041;LOBEIRA;22;1;3;8;1;1;8;3;5;0;14;0;7;0;2;0;0;4;1;0;0;0;7
32042;LOBIOS;61;3;9;16;1;9;23;10;3;3;42;3;19;2;12;0;0;5;0;3;1;1;14
32043;MACEDA;141;7;35;26;4;32;37;28;15;15;70;13;21;1;7;1;1;7;4;6;0;1;14
32044;MANZANEDA;28;0;8;8;1;4;7;2;3;5;18;0;16;0;3;0;0;13;0;0;0;0;16
32045;MASIDE;227;12;41;51;18;48;57;20;21;20;118;48;28;3;11;0;0;12;2;0;2;0;26
32046;MELON;68;2;9;22;2;15;18;8;7;2;47;4;0;0;0;0;0;0;0;0;0;0;0
32047;MERCA, A;78;2;10;25;1;16;24;3;18;5;49;3;32;0;16;0;0;16;0;0;2;1;29
32048;MEZQUITA, A;42;1;6;18;0;6;11;3;2;6;29;2;8;0;0;0;1;7;0;0;0;0;8
32049;MONTEDERRAMO;29;1;5;9;2;7;5;0;3;5;20;1;3;1;2;0;0;0;0;3;0;0;0
32050;MONTERREI;205;3;18;65;3;28;88;33;39;24;95;14;40;1;17;0;2;19;1;0;17;0;23
32051;MUIÑOS;68;4;15;26;0;9;14;2;7;12;43;4;5;1;1;0;0;3;0;1;1;0;3
32052;NOGUEIRA DE RAMUIN;117;3;18;51;0;12;33;7;15;25;64;6;74;0;47;0;0;27;0;0;0;0;74
32053;OIMBRA;122;5;15;42;2;21;37;17;16;9;68;12;22;0;7;0;0;15;0;1;1;0;20
32054;OURENSE;7433;226;1244;1524;239;1932;2268;221;665;434;5224;889;2383;66;880;56;81;1234;66;38;167;117;2061
32055;PADERNE DE ALLARIZ;85;4;8;29;3;15;26;4;15;7;54;5;13;1;1;0;2;9;0;0;0;1;12
32056;PADRENDA;141;2;15;55;3;21;45;17;17;24;79;4;27;0;16;0;0;11;0;0;1;1;25
32057;PARADA DE SIL;24;0;5;15;0;2;2;4;3;3;13;1;5;0;2;0;0;2;1;0;1;0;4
32058;PEREIRO DE AGUIAR, O;271;5;42;67;9;58;90;3;32;25;193;18;229;5;131;2;7;71;13;0;116;6;107
32059;PEROXA, A;74;1;11;23;2;13;24;4;7;9;46;8;24;4;9;0;0;11;0;5;0;0;19
32060;PETIN;66;1;7;23;2;11;22;6;9;5;42;4;5;0;2;1;0;2;0;0;1;0;4
32061;PIÑOR;65;1;8;22;2;11;21;5;23;2;33;2;13;1;2;7;1;0;2;0;12;0;1
32062;PORQUEIRA;37;1;8;13;1;5;9;9;3;2;21;2;6;2;1;0;0;3;0;1;0;0;5
32063;POBRA DE TRIVES, A;96;1;15;25;2;15;38;4;10;17;61;4;24;0;13;0;1;9;1;1;5;2;16
32064;PONTEDEVA;23;0;1;8;1;8;5;3;3;3;12;2;2;0;1;0;0;1;0;0;0;0;2
32065;PUNXIN;37;3;10;6;0;4;14;0;5;3;24;5;4;0;2;1;0;1;0;1;0;0;3
32066;QUINTELA DE LEIRADO;45;3;5;14;0;6;17;6;6;0;28;5;0;0;0;0;0;0;0;0;0;0;0
32067;RAIRIZ DE VEIGA;61;0;6;23;2;8;22;6;5;4;44;2;3;0;1;0;0;2;0;0;0;0;3
32068;RAMIRAS;98;4;12;32;3;11;36;3;13;6;60;16;5;0;3;0;0;2;0;0;3;0;2
32069;RIBADAVIA;330;6;43;88;10;69;114;50;62;21;175;22;124;1;62;2;1;58;0;4;23;0;97
32070;SAN XOAN DE RIO;17;0;2;8;0;3;4;0;2;0;13;2;2;0;1;0;0;1;0;0;0;0;2
32071;RIOS;89;2;5;30;2;14;36;4;3;6;70;6;17;0;8;0;0;9;0;0;1;1;15
32072;RUA, A;224;4;33;58;6;55;68;33;48;14;121;8;183;0;125;1;0;55;2;7;134;3;39
32073;RUBIA;57;2;8;21;0;13;13;3;13;7;32;2;14;0;7;0;0;7;0;5;0;0;9
32074;SAN AMARO;68;1;8;22;0;14;23;1;7;8;48;4;9;0;4;0;0;4;1;0;5;0;4
32075;SAN CIBRAO DAS VIÑAS;245;7;37;45;8;78;70;8;40;14;166;17;478;20;277;21;10;141;9;19;268;9;182
32076;SAN CRISTOVO DE CEA;74;1;10;30;2;13;18;5;12;8;45;4;17;3;3;1;2;8;0;4;1;0;12
32077;SANDIAS;56;0;7;13;2;16;18;12;5;4;32;3;3;0;2;1;0;0;0;1;1;0;1
32078;SARREAUS;47;1;6;20;0;5;15;13;3;3;27;1;6;0;1;0;0;4;1;0;0;0;6
32079;TABOADELA;75;5;20;15;0;14;21;8;18;7;36;6;21;2;14;0;0;5;0;3;2;7;9
32080;TEIXEIRA, A;10;0;3;4;0;3;0;0;0;0;9;1;1;0;1;0;0;0;0;0;0;1;0
32081;TOEN;105;2;20;32;0;20;31;6;11;11;74;3;18;0;10;0;2;5;1;5;2;0;11
32082;TRASMIRAS;65;3;9;27;2;4;20;8;6;11;36;4;9;2;4;0;0;2;1;4;2;0;3
32083;VEIGA, A;42;1;7;14;0;3;17;8;4;4;26;0;11;0;5;1;0;4;1;0;0;0;11
32084;VEREA;41;1;4;11;1;6;18;3;4;2;28;4;5;1;2;1;1;0;0;4;1;0;0
32085;VERIN;1209;38;191;238;42;294;406;82;136;97;744;150;181;4;77;5;3;89;3;1;25;8;147
32086;VIANA DO BOLO;138;6;20;50;5;20;37;6;9;24;91;8;25;1;7;0;0;16;1;1;2;0;22
32087;VILAMARIN;62;0;14;23;0;12;13;6;10;4;40;2;39;0;25;4;0;10;0;4;4;0;31
32088;VILAMARTIN DE VALDEORRAS;84;3;12;24;0;20;25;8;19;6;48;3;25;2;6;1;1;14;1;2;0;0;23
32089;VILAR DE BARRIO;51;2;7;17;0;7;18;4;6;3;33;5;7;0;4;0;0;3;0;2;0;2;3
32090;VILAR DE SANTOS;38;2;1;12;1;6;16;5;1;4;25;3;8;0;3;0;0;5;0;1;3;0;4
32091;VILARDEVOS;124;5;17;43;1;15;43;10;8;20;80;6;10;1;2;0;0;7;0;1;0;0;9
32092;VILARIÑO DE CONSO;18;0;3;10;0;4;1;1;0;2;13;2;3;0;2;0;0;1;0;1;0;1;1
34001;ABARCA DE CAMPOS;3;0;0;0;1;0;2;0;0;1;2;0;5;0;1;0;1;3;0;0;0;1;4
34003;ABIA DE LAS TORRES;3;1;0;1;0;1;0;1;0;0;1;1;0;0;0;0;0;0;0;0;0;0;0
34004;AGUILAR DE CAMPOO;359;17;44;66;13;74;145;11;46;19;259;24;1287;4;680;20;1;576;6;5;1140;10;132
34005;ALAR DEL REY;43;2;8;11;2;6;14;0;5;2;32;4;11;2;3;0;0;6;0;0;2;0;9
34006;ALBA DE CERRATO;3;0;2;0;0;1;0;1;0;0;2;0;0;0;0;0;0;0;0;0;0;0;0
34009;AMAYUELAS DE ARRIBA;1;0;0;0;0;0;1;0;1;0;0;0;0;0;0;0;0;0;0;0;0;0;0
34010;AMPUDIA;11;0;2;3;0;4;2;1;1;1;8;0;10;1;1;0;5;3;0;1;0;0;9
34011;AMUSCO;12;0;2;6;0;1;3;2;1;1;8;0;1;0;1;0;0;0;0;0;1;0;0
34012;ANTIGÜEDAD;5;0;2;1;0;0;2;0;0;0;5;0;0;0;0;0;0;0;0;0;0;0;0
34015;ARCONADA;0;0;0;0;0;0;0;0;0;0;0;0;0;0;0;0;0;0;0;0;0;0;0
34017;ASTUDILLO;22;1;4;6;0;7;4;4;2;3;13;0;4;0;0;1;0;3;0;0;0;0;4
34018;AUTILLA DEL PINO;6;1;1;1;0;1;2;0;0;1;5;0;2;0;1;0;0;1;0;1;0;0;1
34019;AUTILLO DE CAMPOS;7;1;0;2;0;2;2;2;0;0;5;0;0;0;0;0;0;0;0;0;0;0;0
34020;AYUELA;4;0;1;2;0;0;1;1;0;0;2;1;0;0;0;0;0;0;0;0;0;0;0
34022;BALTANAS;28;2;3;5;1;7;10;2;4;2;19;1;33;0;16;0;1;15;1;0;24;1;8
34023;VENTA DE BAÑOS;402;21;78;67;11;109;116;25;58;29;253;37;1255;5;607;3;4;634;2;1;816;2;436
34024;BAQUERIN DE CAMPOS;1;0;0;1;0;0;0;0;0;0;1;0;1;0;0;0;0;0;1;0;0;0;1
34025;BARCENA DE CAMPOS;2;0;0;1;0;0;1;0;0;0;2;0;1;0;0;0;0;1;0;0;0;0;1
34027;BARRUELO DE SANTULLAN;71;4;16;20;0;9;22;0;5;7;57;2;22;0;19;0;0;2;1;0;0;0;22
34028;BASCONES DE OJEDA;2;0;1;0;0;0;1;0;1;0;1;0;0;0;0;0;0;0;0;0;0;0;0
34029;BECERRIL DE CAMPOS;33;1;6;7;2;7;10;2;3;3;21;4;20;0;19;0;0;1;0;0;0;0;20
34031;BELMONTE DE CAMPOS;0;0;0;0;0;0;0;0;0;0;0;0;0;0;0;0;0;0;0;0;0;0;0
34032;BERZOSILLA;3;0;0;2;0;0;1;1;1;0;1;0;0;0;0;0;0;0;0;0;0;0;0
34033;BOADA DE CAMPOS;0;0;0;0;0;0;0;0;0;0;0;0;0;0;0;0;0;0;0;0;0;0;0
34034;BOADILLA DEL CAMINO;9;0;1;4;0;1;3;1;0;1;7;0;2;0;0;0;1;1;0;0;0;0;2
34035;BOADILLA DE RIOSECO;5;0;1;2;0;2;0;0;0;2;2;1;1;0;0;0;0;1;0;0;0;0;1
34036;BRAÑOSERA;9;0;2;3;0;2;2;1;2;0;6;0;7;0;2;0;0;5;0;0;0;0;7
34037;BUENAVISTA DE VALDAVIA;13;0;1;6;0;3;3;1;0;0;12;0;3;0;0;0;0;2;1;0;1;0;2
34038;BUSTILLO DE LA VEGA;11;0;1;6;0;0;4;2;2;1;6;0;2;0;1;1;0;0;0;2;0;0;0
34039;BUSTILLO DEL PARAMO DE CARRION;1;0;1;0;0;0;0;0;0;0;1;0;0;0;0;0;0;0;0;0;0;0;0
34041;CALAHORRA DE BOEDO;1;0;0;0;0;1;0;0;0;0;1;0;1;1;0;0;0;0;0;0;0;0;1
34042;CALZADA DE LOS MOLINOS;16;2;1;5;0;4;4;1;3;1;10;1;2;0;1;1;0;0;0;2;0;0;0
34045;CAPILLAS;5;0;0;0;1;1;3;0;0;0;4;1;0;0;0;0;0;0;0;0;0;0;0
34046;CARDEÑOSA DE VOLPEJERA;0;0;0;0;0;0;0;0;0;0;0;0;0;0;0;0;0;0;0;0;0;0;0
34047;CARRION DE LOS CONDES;93;5;6;19;1;27;35;4;2;4;70;13;53;1;23;1;1;25;2;1;2;2;48
34048;CASTIL DE VELA;1;0;0;0;0;0;1;0;0;0;1;0;0;0;0;0;0;0;0;0;0;0;0
34049;CASTREJON DE LA PEÑA;11;1;1;2;1;1;5;0;1;0;7;3;0;0;0;0;0;0;0;0;0;0;0
34050;CASTRILLO DE DON JUAN;6;0;0;5;0;0;1;1;1;0;3;1;0;0;0;0;0;0;0;0;0;0;0
34051;CASTRILLO DE ONIELO;3;0;2;0;1;0;0;0;2;0;1;0;0;0;0;0;0;0;0;0;0;0;0
34052;CASTRILLO DE VILLAVEGA;4;0;2;1;0;0;1;0;0;0;4;0;1;0;0;0;0;1;0;0;0;0;1
34053;CASTROMOCHO;6;2;1;0;0;1;2;0;2;1;1;2;0;0;0;0;0;0;0;0;0;0;0
34055;CERVATOS DE LA CUEZA;9;1;1;1;0;1;5;0;0;0;9;0;4;0;2;1;0;0;1;1;0;0;3
34056;CERVERA DE PISUERGA;115;14;15;20;4;25;37;2;10;6;88;9;61;1;18;0;2;39;1;0;1;4;56
34057;CEVICO DE LA TORRE;8;2;1;1;0;3;1;0;1;0;6;1;5;0;1;0;2;2;0;0;0;0;5
34058;CEVICO NAVERO;2;0;1;1;0;0;0;0;0;0;2;0;5;2;3;0;0;0;0;0;0;0;5
34059;CISNEROS;11;0;2;4;0;0;5;1;1;0;8;1;0;0;0;0;0;0;0;0;0;0;0
34060;COBOS DE CERRATO;3;0;0;2;0;1;0;0;0;3;0;0;0;0;0;0;0;0;0;0;0;0;0
34061;COLLAZOS DE BOEDO;0;0;0;0;0;0;0;0;0;0;0;0;2;0;2;0;0;0;0;1;0;0;1
34062;CONGOSTO DE VALDAVIA;5;0;0;2;0;0;3;0;0;1;4;0;1;1;0;0;0;0;0;0;0;0;1
34063;CORDOVILLA LA REAL;2;0;0;0;0;1;1;1;0;0;1;0;2;0;0;1;0;1;0;2;0;0;0
34066;CUBILLAS DE CERRATO;2;0;0;0;0;0;2;0;0;0;2;0;0;0;0;0;0;0;0;0;0;0;0
34067;DEHESA DE MONTEJO;7;0;1;4;0;0;2;0;1;1;5;0;0;0;0;0;0;0;0;0;0;0;0
34068;DEHESA DE ROMANOS;1;0;0;1;0;0;0;0;0;0;1;0;1;1;0;0;0;0;0;1;0;0;0
34069;DUEÑAS;128;5;16;25;0;26;56;7;17;13;82;9;206;11;122;3;4;62;4;1;143;0;62
34070;ESPINOSA DE CERRATO;0;0;0;0;0;0;0;0;0;0;0;0;1;0;1;0;0;0;0;0;0;1;0
34071;ESPINOSA DE VILLAGONZALO;5;1;0;2;1;0;1;1;0;0;4;0;0;0;0;0;0;0;0;0;0;0;0
34072;FRECHILLA;7;0;2;1;0;1;3;0;2;0;5;0;0;0;0;0;0;0;0;0;0;0;0
34073;FRESNO DEL RIO;12;1;0;3;1;1;6;0;0;2;9;1;0;0;0;0;0;0;0;0;0;0;0
34074;FROMISTA;27;0;0;10;1;4;12;0;1;1;24;1;8;0;2;0;1;5;0;0;1;0;7
34076;FUENTES DE NAVA;15;1;1;5;0;4;4;1;1;1;9;3;2;0;0;0;0;2;0;1;0;0;1
34077;FUENTES DE VALDEPERO;20;0;4;4;1;9;2;0;2;1;16;1;29;0;23;0;0;6;0;0;22;0;7
34079;GRIJOTA;100;8;10;23;1;32;26;8;12;9;64;7;3;0;2;0;0;1;0;1;0;0;2
34080;GUARDO;432;24;70;88;15;75;160;35;35;21;300;41;82;0;28;3;1;48;2;15;2;0;65
34081;GUAZA DE CAMPOS;0;0;0;0;0;0;0;0;0;0;0;0;0;0;0;0;0;0;0;0;0;0;0
34082;HERMEDES DE CERRATO;0;0;0;0;0;0;0;0;0;0;0;0;0;0;0;0;0;0;0;0;0;0;0
34083;HERRERA DE PISUERGA;123;10;13;31;7;30;32;10;13;2;83;15;9;0;5;1;0;2;1;0;2;1;6
34084;HERRERA DE VALDECAÑAS;5;0;0;3;0;0;2;0;0;1;4;0;6;0;4;0;0;2;0;0;0;0;6
34086;HONTORIA DE CERRATO;5;0;2;0;0;2;1;0;0;1;4;0;0;0;0;0;0;0;0;0;0;0;0
34087;HORNILLOS DE CERRATO;1;0;0;0;0;0;1;0;0;0;1;0;2;0;2;0;0;0;0;0;2;0;0
34088;HUSILLOS;9;1;0;2;0;1;5;1;0;0;8;0;0;0;0;0;0;0;0;0;0;0;0
34089;ITERO DE LA VEGA;4;0;1;3;0;0;0;0;1;1;2;0;0;0;0;0;0;0;0;0;0;0;0
34091;LAGARTOS;4;0;0;0;0;1;3;1;0;0;3;0;0;0;0;0;0;0;0;0;0;0;0
34092;LANTADILLA;10;1;2;6;0;0;1;1;0;1;8;0;0;0;0;0;0;0;0;0;0;0;0
34093;VID DE OJEDA, LA;4;0;0;1;0;2;1;1;0;0;3;0;1;0;1;0;0;0;0;1;0;0;0
34094;LEDIGOS;0;0;0;0;0;0;0;0;0;0;0;0;1;0;1;0;0;0;0;1;0;0;0
34096;LOMAS;0;0;0;0;0;0;0;0;0;0;0;0;0;0;0;0;0;0;0;0;0;0;0
34098;MAGAZ DE PISUERGA;47;0;4;14;1;14;14;1;5;4;30;7;9;0;4;2;0;3;0;0;0;0;9
34099;MANQUILLOS;0;0;0;0;0;0;0;0;0;0;0;0;0;0;0;0;0;0;0;0;0;0;0
34100;MANTINOS;5;0;0;1;0;2;2;0;1;0;4;0;0;0;0;0;0;0;0;0;0;0;0
34101;MARCILLA DE CAMPOS;4;0;1;1;0;2;0;0;0;1;3;0;1;0;0;0;0;1;0;0;0;1;0
34102;MAZARIEGOS;9;0;2;1;2;1;3;0;0;0;9;0;1;0;1;0;0;0;0;0;1;0;0
34103;MAZUECOS DE VALDEGINATE;2;0;1;1;0;0;0;0;0;0;2;0;0;0;0;0;0;0;0;0;0;0;0
34104;MELGAR DE YUSO;11;2;0;1;0;2;6;0;0;0;11;0;4;0;3;1;0;0;0;4;0;0;0
34106;MENESES DE CAMPOS;3;0;1;1;0;0;1;2;0;0;1;0;0;0;0;0;0;0;0;0;0;0;0
34107;MICIECES DE OJEDA;1;0;0;1;0;0;0;0;0;0;1;0;1;0;1;0;0;0;0;1;0;0;0
34108;MONZON DE CAMPOS;49;4;8;13;4;13;7;21;1;0;20;7;8;1;2;0;0;5;0;0;3;0;5
34109;MORATINOS;3;0;0;0;0;1;2;0;0;0;3;0;0;0;0;0;0;0;0;0;0;0;0
34110;MUDA;3;0;1;0;0;1;1;0;1;0;2;0;0;0;0;0;0;0;0;0;0;0;0
34112;NOGAL DE LAS HUERTAS;0;0;0;0;0;0;0;0;0;0;0;0;0;0;0;0;0;0;0;0;0;0;0
34113;OLEA DE BOEDO;1;0;0;0;0;0;1;0;0;0;1;0;0;0;0;0;0;0;0;0;0;0;0
34114;OLMOS DE OJEDA;5;0;1;2;0;0;2;1;0;1;3;0;0;0;0;0;0;0;0;0;0;0;0
34116;OSORNILLO;2;0;0;2;0;0;0;0;1;0;1;0;0;0;0;0;0;0;0;0;0;0;0
34120;PALENCIA;4796;266;752;897;275;1195;1411;349;429;225;3227;566;2779;35;1137;30;60;1471;46;9;653;63;2054
34121;PALENZUELA;5;0;2;2;0;1;0;1;0;0;4;0;1;0;1;0;0;0;0;0;0;0;1
34122;PARAMO DE BOEDO;3;0;2;0;0;1;0;0;0;0;3;0;0;0;0;0;0;0;0;0;0;0;0
34123;PAREDES DE NAVA;101;10;16;23;7;22;23;8;8;4;68;13;25;1;13;0;1;10;0;1;6;1;17
34124;PAYO DE OJEDA;0;0;0;0;0;0;0;0;0;0;0;0;0;0;0;0;0;0;0;0;0;0;0
34125;PEDRAZA DE CAMPOS;2;0;0;1;0;1;0;1;0;0;1;0;0;0;0;0;0;0;0;0;0;0;0
34126;PEDROSA DE LA VEGA;8;2;0;2;1;2;1;3;1;0;3;1;1;0;1;0;0;0;0;0;0;0;1
34127;PERALES;0;0;0;0;0;0;0;0;0;0;0;0;3;0;0;0;0;3;0;0;0;0;3
34129;PINO DEL RIO;5;0;0;4;0;0;1;0;0;1;4;0;0;0;0;0;0;0;0;0;0;0;0
34130;PIÑA DE CAMPOS;2;0;0;1;0;0;1;0;0;0;2;0;3;0;3;0;0;0;0;2;0;0;1
34131;POBLACION DE ARROYO;1;0;0;1;0;0;0;0;0;0;1;0;0;0;0;0;0;0;0;0;0;0;0
34132;POBLACION DE CAMPOS;6;0;1;3;0;1;1;0;1;2;3;0;0;0;0;0;0;0;0;0;0;0;0
34133;POBLACION DE CERRATO;5;0;0;3;0;0;2;0;0;1;4;0;2;0;2;0;0;0;0;2;0;0;0
34134;POLENTINOS;1;0;0;0;0;0;1;0;0;0;1;0;0;0;0;0;0;0;0;0;0;0;0
34135;POMAR DE VALDIVIA;16;0;2;5;0;5;4;1;0;0;15;0;30;0;17;0;2;11;0;15;14;0;1
34136;POZA DE LA VEGA;11;0;2;5;0;1;3;2;1;2;5;1;0;0;0;0;0;0;0;0;0;0;0
34137;POZO DE URAMA;0;0;0;0;0;0;0;0;0;0;0;0;0;0;0;0;0;0;0;0;0;0;0
34139;PRADANOS DE OJEDA;9;0;1;3;0;2;3;1;1;0;5;2;1;0;1;0;0;0;0;0;0;0;1
34140;PUEBLA DE VALDAVIA, LA;2;0;0;0;0;1;1;0;0;1;1;0;1;0;0;0;0;1;0;0;0;0;1
34141;QUINTANA DEL PUENTE;10;0;1;3;0;2;4;0;1;0;8;1;2;0;0;0;2;0;0;0;0;0;2
34143;QUINTANILLA DE ONSOÑA;10;0;3;4;1;1;1;0;2;2;5;1;1;0;0;1;0;0;0;1;0;0;0
34146;REINOSO DE CERRATO;2;0;0;2;0;0;0;0;0;0;2;0;1;0;0;0;0;1;0;0;0;0;1
34147;RENEDO DE LA VEGA;5;0;0;1;0;1;3;0;0;0;5;0;1;0;0;0;0;1;0;0;0;0;1
34149;REQUENA DE CAMPOS;0;0;0;0;0;0;0;0;0;0;0;0;0;0;0;0;0;0;0;0;0;0;0
34151;RESPENDA DE LA PEÑA;3;1;0;1;0;1;0;0;0;0;3;0;0;0;0;0;0;0;0;0;0;0;0
34152;REVENGA DE CAMPOS;8;0;0;4;0;0;4;2;1;0;5;0;1;0;1;0;0;0;0;1;0;0;0
34154;REVILLA DE COLLAZOS;2;0;0;1;0;0;1;0;1;1;0;0;0;0;0;0;0;0;0;0;0;0;0
34155;RIBAS DE CAMPOS;2;0;0;0;0;2;0;0;0;0;2;0;13;5;2;2;2;0;2;12;0;1;0
34156;RIBEROS DE LA CUEZA;0;0;0;0;0;0;0;0;0;0;0;0;0;0;0;0;0;0;0;0;0;0;0
34157;SALDAÑA;151;4;24;37;1;40;45;21;13;8;100;9;38;2;9;5;2;20;0;0;5;0;33
34158;SALINAS DE PISUERGA;13;1;2;4;0;1;5;1;2;1;8;1;10;0;2;0;0;8;0;0;0;1;9
34159;SAN CEBRIAN DE CAMPOS;18;0;3;8;0;3;4;2;2;1;10;3;19;0;2;1;0;16;0;0;2;1;16
34160;SAN CEBRIAN DE MUDA;4;0;1;2;0;0;1;0;0;1;3;0;0;0;0;0;0;0;0;0;0;0;0
34161;SAN CRISTOBAL DE BOEDO;0;0;0;0;0;0;0;0;0;0;0;0;0;0;0;0;0;0;0;0;0;0;0
34163;SAN MAMES DE CAMPOS;0;0;0;0;0;0;0;0;0;0;0;0;1;0;1;0;0;0;0;0;0;1;0
34165;SAN ROMAN DE LA CUBA;1;0;0;0;0;0;1;0;0;0;0;1;1;0;0;0;0;1;0;0;0;0;1
34167;SANTA CECILIA DEL ALCOR;1;0;0;0;1;0;0;0;0;0;1;0;1;0;1;0;0;0;0;0;0;0;1
34168;SANTA CRUZ DE BOEDO;4;1;0;3;0;0;0;0;1;0;3;0;1;0;1;0;0;0;0;1;0;0;0
34169;SANTERVAS DE LA VEGA;21;1;2;5;1;0;12;1;2;0;17;1;1;1;0;0;0;0;0;1;0;0;0
34170;SANTIBAÑEZ DE ECLA;0;0;0;0;0;0;0;0;0;0;0;0;0;0;0;0;0;0;0;0;0;0;0
34171;SANTIBAÑEZ DE LA PEÑA;29;0;7;7;0;7;8;2;1;9;12;5;12;0;2;0;0;10;0;0;8;0;4
34174;SANTOYO;2;0;0;0;1;0;1;0;0;0;2;0;0;0;0;0;0;0;0;0;0;0;0
34175;SERNA, LA;3;0;0;3;0;0;0;1;0;0;2;0;0;0;0;0;0;0;0;0;0;0;0
34176;SOTOBAÑADO Y PRIORATO;7;0;0;4;0;0;3;0;1;0;6;0;0;0;0;0;0;0;0;0;0;0;0
34177;SOTO DE CERRATO;8;0;0;2;1;1;4;0;3;0;5;0;0;0;0;0;0;0;0;0;0;0;0
34178;TABANERA DE CERRATO;2;0;1;0;0;1;0;0;0;1;1;0;0;0;0;0;0;0;0;0;0;0;0
34179;TABANERA DE VALDAVIA;0;0;0;0;0;0;0;0;0;0;0;0;0;0;0;0;0;0;0;0;0;0;0
34180;TAMARA DE CAMPOS;4;0;1;2;0;1;0;0;0;1;3;0;0;0;0;0;0;0;0;0;0;0;0
34181;TARIEGO DE CERRATO;35;2;5;12;1;6;9;1;3;4;24;3;18;0;6;0;0;12;0;0;0;0;18
34182;TORQUEMADA;65;5;16;12;1;18;13;18;4;1;33;9;165;0;119;1;0;45;0;0;159;0;6
34184;TORREMORMOJON;0;0;0;0;0;0;0;0;0;0;0;0;0;0;0;0;0;0;0;0;0;0;0
34185;TRIOLLO;3;0;2;0;0;0;1;0;0;0;3;0;0;0;0;0;0;0;0;0;0;0;0
34186;VALBUENA DE PISUERGA;1;0;1;0;0;0;0;0;0;0;1;0;0;0;0;0;0;0;0;0;0;0;0
34189;VALDEOLMILLOS;1;0;0;0;0;0;1;0;0;0;1;0;1;0;1;0;0;0;0;0;0;1;0
34190;VALDERRABANO;1;0;0;0;0;0;1;0;0;0;1;0;0;0;0;0;0;0;0;0;0;0;0
34192;VALDE-UCIEZA;2;0;0;1;0;0;1;0;1;0;1;0;1;0;1;0;0;0;0;1;0;0;0
34196;VALLE DE CERRATO;4;0;1;1;0;0;2;0;0;0;4;0;0;0;0;0;0;0;0;0;0;0;0
34199;VELILLA DEL RIO CARRION;78;7;7;25;3;9;27;4;5;21;44;4;1;1;0;0;0;0;0;0;0;0;1
34201;VERTAVILLO;2;0;0;1;0;0;1;0;0;0;2;0;2;0;1;0;0;1;0;1;0;0;1
34202;VILLABASTA DE VALDAVIA;0;0;0;0;0;0;0;0;0;0;0;0;0;0;0;0;0;0;0;0;0;0;0
34204;VILLACIDALER;1;0;0;0;0;0;1;0;0;0;1;0;0;0;0;0;0;0;0;0;0;0;0
34205;VILLACONANCIO;0;0;0;0;0;0;0;0;0;0;0;0;2;0;1;0;0;1;0;0;0;1;1
34206;VILLADA;32;1;3;14;0;7;7;0;6;1;24;1;10;1;5;0;1;2;1;0;0;6;4
34208;VILLAELES DE VALDAVIA;0;0;0;0;0;0;0;0;0;0;0;0;0;0;0;0;0;0;0;0;0;0;0
34210;VILLAHAN;3;0;1;0;0;1;1;0;0;0;3;0;0;0;0;0;0;0;0;0;0;0;0
34211;VILLAHERREROS;5;1;0;1;0;3;0;1;0;0;3;1;1;0;0;0;0;1;0;0;0;0;1
34213;VILLALACO;1;0;0;1;0;0;0;0;0;0;1;0;0;0;0;0;0;0;0;0;0;0;0
34214;VILLALBA DE GUARDO;10;1;2;0;1;3;3;2;0;0;8;0;1;0;0;0;0;1;0;0;0;0;1
34215;VILLALCAZAR DE SIRGA;6;1;1;1;0;1;2;0;0;0;6;0;25;0;12;0;0;13;0;0;0;0;25
34216;VILLALCON;1;0;0;1;0;0;0;0;0;1;0;0;0;0;0;0;0;0;0;0;0;0;0
34217;VILLALOBON;82;3;5;11;2;28;33;3;8;2;67;2;20;1;9;1;2;6;1;1;2;0;17
34218;VILLALUENGA DE LA VEGA;16;2;2;4;1;5;2;1;1;2;6;6;5;0;1;3;0;1;0;0;4;0;1
34220;VILLAMARTIN DE CAMPOS;6;1;0;2;0;2;1;0;0;0;6;0;2;1;1;0;0;0;0;0;1;0;1
34221;VILLAMEDIANA;3;1;1;0;0;1;0;1;0;0;2;0;2;0;1;0;0;1;0;0;0;1;1
34222;VILLAMERIEL;4;0;0;0;0;2;2;0;0;0;4;0;0;0;0;0;0;0;0;0;0;0;0
34223;VILLAMORONTA;7;2;0;0;0;4;1;1;0;0;4;2;1;0;0;1;0;0;0;1;0;0;0
34224;VILLAMUERA DE LA CUEZA;3;1;0;1;0;0;1;0;0;0;3;0;0;0;0;0;0;0;0;0;0;0;0
34225;VILLAMURIEL DE CERRATO;311;22;43;51;14;88;93;17;31;12;217;34;719;7;425;24;6;253;4;0;185;8;526
34227;VILLANUEVA DEL REBOLLAR;0;0;0;0;0;0;0;0;0;0;0;0;0;0;0;0;0;0;0;0;0;0;0
34228;VILLANUÑO DE VALDAVIA;3;0;0;1;0;1;1;0;1;0;1;1;0;0;0;0;0;0;0;0;0;0;0
34229;VILLAPROVEDO;2;0;0;0;0;1;1;0;1;0;1;0;0;0;0;0;0;0;0;0;0;0;0
34230;VILLARMENTERO DE CAMPOS;0;0;0;0;0;0;0;0;0;0;0;0;0;0;0;0;0;0;0;0;0;0;0
34231;VILLARRABE;4;0;0;2;0;1;1;0;0;0;4;0;13;0;7;2;0;3;1;0;13;0;0
34232;VILLARRAMIEL;39;1;5;15;0;3;15;3;3;3;25;5;4;0;0;1;1;2;0;0;1;0;3
34233;VILLASARRACINO;5;0;0;4;0;0;1;0;0;1;4;0;1;0;0;0;0;1;0;0;0;0;1
34234;VILLASILA DE VALDAVIA;0;0;0;0;0;0;0;0;0;0;0;0;0;0;0;0;0;0;0;0;0;0;0
34236;VILLATURDE;6;1;1;3;0;0;1;1;0;0;5;0;0;0;0;0;0;0;0;0;0;0;0
34237;VILLAUMBRALES;31;4;1;7;1;8;10;1;1;4;21;4;2;0;0;0;0;2;0;0;0;0;2
34238;VILLAVIUDAS;6;0;1;2;0;1;2;1;0;0;4;1;6;0;2;0;0;4;0;0;0;2;4
34240;VILLERIAS DE CAMPOS;4;0;0;0;0;1;3;1;0;0;3;0;0;0;0;0;0;0;0;0;0;0;0
34241;VILLODRE;0;0;0;0;0;0;0;0;0;0;0;0;0;0;0;0;0;0;0;0;0;0;0
34242;VILLODRIGO;2;0;1;0;0;1;0;1;0;0;1;0;4;1;1;0;0;2;0;0;2;0;2
34243;VILLOLDO;10;0;2;2;0;3;3;0;1;0;9;0;6;2;1;0;0;1;2;0;0;0;6
34245;VILLOTA DEL PARAMO;17;1;0;7;0;1;8;0;1;2;14;0;1;0;0;0;0;1;0;0;0;0;1
34246;VILLOVIECO;4;0;0;1;1;0;2;0;0;0;2;2;0;0;0;0;0;0;0;0;0;0;0
34901;OSORNO LA MAYOR;56;4;11;14;5;10;12;2;8;6;37;3;20;0;10;2;1;6;1;3;6;1;10
34902;VALLE DEL RETORTILLO;2;0;0;0;2;0;0;0;0;0;1;1;1;0;1;0;0;0;0;1;0;0;0
34903;LOMA DE UCIEZA;4;0;0;2;0;0;2;0;0;0;4;0;2;0;1;1;0;0;0;2;0;0;0
34904;PERNIA, LA;12;0;0;5;0;5;2;0;1;2;9;0;1;0;0;0;0;1;0;0;0;0;1
36001;ARBO;203;6;29;63;3;41;61;29;26;15;127;6;16;0;11;0;0;5;0;1;1;7;7
36002;BARRO;227;8;30;61;8;49;71;16;23;22;152;14;83;0;50;2;2;25;4;14;17;2;50
36003;BAIONA;821;21;154;154;14;231;247;30;79;47;616;49;241;8;97;1;3;127;5;0;4;5;232
36004;BUEU;746;15;148;141;16;212;214;78;70;52;504;42;241;3;99;18;5;101;15;18;41;13;169
36005;CALDAS DE REIS;668;23;88;153;17;171;216;27;96;69;413;63;228;5;91;9;6;111;6;1;82;17;128
36006;CAMBADOS;929;36;167;215;28;261;222;56;142;87;598;46;432;6;208;8;12;189;9;32;197;10;193
36007;CAMPO LAMEIRO;132;2;22;45;7;25;31;9;15;22;73;13;11;0;8;1;0;2;0;0;5;1;5
36008;CANGAS;2052;41;390;398;44;521;658;125;214;136;1427;150;465;19;224;5;6;202;9;37;13;45;370
36009;CAÑIZA, A;377;4;71;108;6;89;99;39;55;34;229;20;58;0;14;1;1;42;0;0;6;0;52
36010;CATOIRA;271;2;33;61;7;80;88;3;39;30;188;11;17;0;7;0;1;9;0;0;2;5;10
36011;CERDEDO;68;2;9;20;0;20;17;2;5;6;53;2;28;0;17;0;1;10;0;0;0;1;27
36012;COTOBADE;258;4;42;68;4;68;72;9;30;23;176;20;18;1;2;0;1;14;0;0;1;0;17
36013;COVELO, O;153;4;21;56;0;20;52;8;10;9;115;11;16;1;3;0;1;11;0;0;0;3;13
36014;CRECENTE;125;2;19;43;2;23;36;20;12;15;71;7;14;0;5;0;1;8;0;0;3;2;9
36015;CUNTIS;289;5;45;86;6;62;85;21;42;35;177;14;49;0;24;1;0;22;2;1;14;5;29
36016;DOZON;27;0;4;9;0;8;6;1;1;3;17;5;7;0;3;0;0;3;1;4;0;0;3
36017;ESTRADA, A;1147;28;150;278;34;266;391;38;116;114;776;103;315;4;130;9;7;158;7;5;31;21;258
36018;FORCAREI;130;4;24;49;2;27;24;6;21;19;73;11;44;3;15;6;0;19;1;0;14;9;21
36019;FORNELOS DE MONTES;145;4;31;34;5;31;40;3;9;19;105;9;16;0;8;0;1;7;0;0;0;3;13
36020;AGOLADA;80;1;22;21;4;9;23;4;11;7;53;5;30;0;13;2;0;15;0;1;1;3;25
36021;GONDOMAR;998;26;175;227;28;237;305;26;147;122;618;85;245;5;147;4;2;84;3;5;100;8;132
36022;GROVE, O;813;11;141;199;23;217;222;28;65;48;660;12;758;6;323;2;12;411;4;34;307;15;402
36023;GUARDA, A;571;15;120;113;12;133;178;75;58;35;368;35;210;3;74;4;1;124;4;25;11;4;170
36024;LALIN;1123;24;143;233;29;325;369;48;205;82;630;158;364;11;160;16;8;154;15;17;45;22;280
36025;LAMA, A;154;9;13;46;6;35;45;10;12;6;111;15;9;0;4;0;0;5;0;0;0;1;8
36026;MARIN;1587;44;305;316;38;434;450;104;170;102;1065;146;1481;22;1082;10;7;351;9;28;116;21;1316
36027;MEAÑO;356;13;54;90;13;96;90;12;48;36;245;15;200;17;120;2;2;58;1;3;19;13;165
36028;MEIS;297;6;45;75;10;66;95;18;36;33;193;17;101;3;51;2;3;39;3;11;24;13;53
36029;MOAÑA;1478;43;273;304;24;359;475;68;271;90;960;89;870;6;463;2;10;379;10;20;113;14;723
36030;MONDARIZ;367;4;58;110;7;73;115;24;53;30;229;31;22;2;6;1;0;13;0;0;2;0;20
36031;MONDARIZ-BALNEARIO;30;2;7;9;0;5;7;2;2;3;23;0;174;1;33;0;0;140;0;0;0;0;174
36032;MORAÑA;271;4;34;65;11;75;82;20;36;28;178;9;74;0;36;1;2;33;2;1;4;9;60
36033;MOS;956;25;129;240;18;215;329;20;203;82;590;61;879;15;361;21;13;459;10;13;172;18;676
36034;NEVES, AS;356;8;58;98;9;82;101;46;51;37;189;33;15;4;2;1;0;6;2;3;3;1;8
36035;NIGRAN;1030;24;174;238;25;237;332;21;112;63;758;76;533;14;233;7;13;258;8;10;192;23;308
36036;OIA;200;5;38;42;4;58;53;20;21;9;137;13;61;1;22;1;1;34;2;6;0;0;55
36037;PAZOS DE BORBEN;265;8;28;59;7;51;112;3;34;21;194;13;24;1;10;2;0;10;1;0;10;1;13
36038;PONTEVEDRA;5509;128;933;1209;133;1424;1682;104;454;445;4003;503;2686;63;1108;60;73;1314;68;48;500;118;2020
36039;PORRIÑO, O;1497;53;258;286;45;392;463;40;249;93;983;132;1613;25;905;43;11;586;43;1;891;40;681
36040;PORTAS;195;9;31;37;7;45;66;17;20;17;121;20;28;1;14;0;1;12;0;2;9;1;16
36041;POIO;1036;45;179;218;38;299;257;33;89;87;720;107;203;5;94;4;6;87;7;9;4;12;178
36042;PONTEAREAS;1984;84;251;385;50;521;693;87;232;145;1338;182;357;9;175;15;4;144;10;3;21;37;296
36043;PONTE CALDELAS;481;21;67;118;14;97;164;18;45;32;342;44;169;6;86;3;6;67;1;0;19;5;145
36044;PONTECESURES;224;2;37;43;7;64;71;4;38;9;150;23;419;2;242;2;2;171;0;0;190;1;228
36045;REDONDELA;1723;49;248;373;48;313;692;37;311;132;1139;104;956;12;523;12;10;387;12;8;336;17;595
36046;RIBADUMIA;290;10;49;74;7;86;64;12;37;27;207;7;125;2;53;2;3;64;1;6;14;4;101
36047;RODEIRO;60;5;6;24;0;15;10;5;14;7;26;8;51;3;15;3;2;27;1;4;10;3;34
36048;ROSAL, O;405;8;70;94;6;103;124;65;52;39;234;15;41;1;23;2;0;15;0;8;16;2;15
36049;SALCEDA DE CASELAS;532;11;64;105;11;148;193;46;125;37;297;27;107;2;50;5;2;43;5;1;17;8;81
36050;SALVATERRA DE MIÑO;725;14;102;161;8;183;257;70;120;51;438;46;326;4;155;9;2;154;2;6;212;12;96
36051;SANXENXO;1075;40;189;279;29;249;289;33;98;88;815;41;697;7;327;6;9;346;2;32;10;23;632
36052;SILLEDA;373;4;48;95;9;127;90;23;45;30;249;26;206;1;95;5;1;101;3;9;49;11;137
36053;SOUTOMAIOR;585;12;85;115;7;175;191;21;62;36;434;32;69;0;28;1;0;39;1;10;4;3;52
36054;TOMIÑO;829;23;131;180;17;193;285;105;115;73;485;51;331;5;150;8;11;148;9;169;12;18;132
36055;TUI;1109;36;160;238;38;285;352;64;153;85;699;108;262;9;113;16;7;112;5;3;29;26;204
36056;VALGA;365;8;41;74;8;88;146;8;75;31;233;18;152;1;78;5;1;65;2;4;10;9;129
36057;VIGO;21860;514;3608;5183;421;4938;7196;350;2424;1319;15949;1818;12039;266;5980;166;190;5234;203;72;1631;340;9996
36058;VILABOA;357;11;70;93;7;72;104;15;66;36;218;22;135;1;83;5;1;44;1;6;9;4;116
36059;VILA DE CRUCES;219;1;24;72;5;48;69;21;35;26;117;20;81;4;37;2;3;35;0;0;1;5;75
36060;VILAGARCIA DE AROUSA;3184;105;546;674;100;785;974;155;359;184;2187;299;828;8;412;16;9;367;16;14;155;40;619
36061;VILANOVA DE AROUSA;703;38;127;176;22;175;165;35;100;74;453;41;158;5;66;10;4;70;3;18;21;7;112
36901;ILLA DE AROUSA, A;254;10;38;46;7;75;78;23;29;13;179;10;40;3;23;1;5;7;1;16;2;2;20
37001;ABUSEJO;5;1;0;1;0;1;2;0;0;0;5;0;6;0;1;0;0;5;0;0;0;0;6
37002;AGALLAS;5;0;2;2;0;1;0;0;0;1;4;0;2;0;1;0;0;1;0;1;0;0;1
37003;AHIGAL DE LOS ACEITEROS;3;0;0;2;0;0;1;0;0;0;3;0;2;0;1;0;0;1;0;1;0;0;1
37004;AHIGAL DE VILLARINO;1;0;0;0;0;1;0;0;0;0;1;0;11;0;5;0;0;6;0;0;0;0;11
37005;ALAMEDA DE GARDON, LA;1;0;0;0;0;0;1;0;0;0;1;0;0;0;0;0;0;0;0;0;0;0;0
37006;ALAMEDILLA, LA;7;0;0;4;0;1;2;0;0;0;7;0;1;0;0;0;0;1;0;0;0;0;1
37007;ALARAZ;13;0;4;3;0;4;2;0;3;3;7;0;3;0;2;0;0;1;0;0;1;0;2
37008;ALBA DE TORMES;342;22;30;70;18;91;111;7;17;29;258;31;113;3;42;2;1;64;1;4;5;3;101
37009;ALBA DE YELTES;16;0;0;9;0;3;4;0;1;2;13;0;4;0;3;0;0;1;0;0;2;0;2
37010;ALBERCA, LA;37;0;12;5;1;5;14;1;2;4;28;2;55;1;29;1;1;21;2;1;17;0;37
37011;ALBERGUERIA DE ARGAÑAN, LA;5;0;0;2;0;0;3;0;0;0;5;0;0;0;0;0;0;0;0;0;0;0;0
37012;ALCONADA;3;1;0;0;0;0;2;0;0;0;3;0;2;0;0;0;0;2;0;0;0;0;2
37013;ALDEACIPRESTE;6;0;0;3;1;0;2;0;0;2;4;0;1;0;0;0;0;1;0;0;0;0;1
37014;ALDEADAVILA DE LA RIBERA;47;0;7;14;1;11;14;0;6;5;34;2;26;0;19;0;1;6;0;0;0;11;15
37015;ALDEA DEL OBISPO;12;0;0;6;0;1;5;1;0;0;9;2;9;1;4;0;4;0;0;3;0;0;6
37016;ALDEALENGUA;42;1;7;8;2;9;15;1;2;1;35;3;0;0;0;0;0;0;0;0;0;0;0
37017;ALDEANUEVA DE FIGUEROA;12;1;0;2;1;1;7;0;0;0;10;2;2;0;0;0;0;0;2;0;0;0;2
37018;ALDEANUEVA DE LA SIERRA;8;1;1;2;0;1;3;0;0;0;8;0;22;0;21;0;0;1;0;0;0;0;22
37019;ALDEARRODRIGO;7;0;0;5;0;1;1;0;0;0;7;0;6;0;6;0;0;0;0;0;6;0;0
37020;ALDEARRUBIA;23;2;1;5;0;6;9;4;1;4;14;0;13;0;7;0;0;6;0;12;0;0;1
37021;ALDEASECA DE ALBA;5;0;1;1;0;1;2;0;0;0;5;0;0;0;0;0;0;0;0;0;0;0;0
37022;ALDEASECA DE LA FRONTERA;20;0;3;4;1;2;10;2;1;11;5;1;0;0;0;0;0;0;0;0;0;0;0
37023;ALDEATEJADA;125;2;23;21;9;36;34;1;7;11;92;14;50;9;24;6;2;9;0;0;2;1;47
37024;ALDEAVIEJA DE TORMES;7;0;1;3;0;0;3;0;2;1;4;0;0;0;0;0;0;0;0;0;0;0;0
37025;ALDEHUELA DE LA BOVEDA;13;0;2;1;0;3;7;0;0;1;12;0;9;0;2;0;0;7;0;0;0;0;9
37026;ALDEHUELA DE YELTES;8;0;2;5;0;1;0;2;0;0;6;0;5;0;3;1;1;0;0;2;2;0;1
37027;ALMENARA DE TORMES;19;2;4;3;1;3;6;3;3;1;11;1;0;0;0;0;0;0;0;0;0;0;0
37028;ALMENDRA;3;0;1;1;0;0;1;1;0;0;2;0;0;0;0;0;0;0;0;0;0;0;0
37029;ANAYA DE ALBA;22;3;1;7;0;2;9;1;0;2;18;1;3;0;3;0;0;0;0;0;0;0;3
37030;AÑOVER DE TORMES;3;0;1;0;0;0;2;0;0;0;3;0;0;0;0;0;0;0;0;0;0;0;0
37031;ARABAYONA DE MOGICA;7;0;2;3;0;2;0;1;0;2;4;0;2;0;1;0;0;1;0;0;0;0;2
37032;ARAPILES;61;5;9;11;3;19;14;0;5;1;50;5;20;10;3;1;0;5;1;0;0;0;20
37033;ARCEDIANO;9;0;2;3;0;0;4;1;0;1;7;0;0;0;0;0;0;0;0;0;0;0;0
37034;ARCO, EL;4;0;0;1;0;2;1;0;0;0;4;0;0;0;0;0;0;0;0;0;0;0;0
37035;ARMENTEROS;11;0;1;3;0;0;7;3;2;1;5;0;3;0;2;0;0;1;0;1;0;0;2
37036;SAN MIGUEL DEL ROBLEDO;4;0;0;3;0;0;1;0;0;0;4;0;0;0;0;0;0;0;0;0;0;0;0
37037;ATALAYA, LA;5;0;1;2;0;1;1;0;0;0;5;0;0;0;0;0;0;0;0;0;0;0;0
37038;BABILAFUENTE;66;1;5;19;0;17;24;4;3;13;44;2;24;0;15;0;4;5;0;0;7;1;16
37039;BAÑOBAREZ;11;0;1;1;0;1;8;1;0;0;9;1;0;0;0;0;0;0;0;0;0;0;0
37040;BARBADILLO;34;3;2;9;1;4;15;0;2;6;22;4;0;0;0;0;0;0;0;0;0;0;0
37041;BARBALOS;3;0;0;2;0;1;0;0;0;0;3;0;0;0;0;0;0;0;0;0;0;0;0
37042;BARCEO;0;0;0;0;0;0;0;0;0;0;0;0;0;0;0;0;0;0;0;0;0;0;0
37044;BARRUECOPARDO;10;2;1;1;0;6;0;1;0;0;9;0;0;0;0;0;0;0;0;0;0;0;0
37045;BASTIDA, LA;1;0;0;0;0;0;1;0;0;0;1;0;0;0;0;0;0;0;0;0;0;0;0
37046;BEJAR;1163;43;138;255;30;230;467;14;184;44;842;79;130;2;48;2;1;75;2;3;10;2;115
37047;BELEÑA;2;1;0;1;0;0;0;0;0;0;1;1;3;0;1;0;1;1;0;0;0;0;3
37049;BERMELLAR;7;1;0;4;0;1;1;0;0;1;4;2;1;0;0;0;1;0;0;0;1;0;0
37050;BERROCAL DE HUEBRA;1;0;0;0;0;0;1;0;0;0;1;0;0;0;0;0;0;0;0;0;0;0;0
37051;BERROCAL DE SALVATIERRA;6;0;3;2;0;0;1;0;3;0;3;0;0;0;0;0;0;0;0;0;0;0;0
37052;BOADA;18;0;1;5;2;3;7;1;0;2;15;0;5;0;1;0;0;4;0;1;0;0;4
37054;BODON, EL;19;0;2;5;1;7;4;0;1;0;17;1;3;0;3;0;0;0;0;1;1;0;1
37055;BOGAJO;4;2;0;0;0;0;2;1;0;0;1;2;0;0;0;0;0;0;0;0;0;0;0
37056;BOUZA, LA;3;0;0;0;0;1;2;0;0;0;3;0;0;0;0;0;0;0;0;0;0;0;0
37057;BOVEDA DEL RIO ALMAR;11;0;1;0;0;4;6;0;1;1;9;0;2;1;0;1;0;0;0;1;1;0;0
37058;BRINCONES;3;0;0;1;0;0;2;0;0;1;2;0;0;0;0;0;0;0;0;0;0;0;0
37059;BUENAMADRE;6;0;0;3;0;0;3;0;0;0;5;1;0;0;0;0;0;0;0;0;0;0;0
37060;BUENAVISTA;19;3;1;3;1;3;8;0;3;1;12;3;0;0;0;0;0;0;0;0;0;0;0
37061;CABACO, EL;6;0;0;3;0;1;2;0;1;0;5;0;0;0;0;0;0;0;0;0;0;0;0
37062;CABEZABELLOSA DE LA CALZADA;2;0;1;0;0;0;1;0;0;0;2;0;0;0;0;0;0;0;0;0;0;0;0
37063;CABEZA DE BEJAR, LA;1;0;0;1;0;0;0;0;0;0;1;0;0;0;0;0;0;0;0;0;0;0;0
37065;CABEZA DEL CABALLO;13;1;1;4;1;3;3;2;1;0;8;2;0;0;0;0;0;0;0;0;0;0;0
37067;CABRERIZOS;184;9;26;35;11;34;69;8;10;12;143;11;42;2;12;2;3;22;1;0;2;2;38
37068;CABRILLAS;16;0;0;1;0;3;12;1;0;1;13;1;3;0;3;0;0;0;0;0;0;0;3
37069;CALVARRASA DE ABAJO;110;2;15;26;2;29;36;6;4;10;86;4;9;0;5;0;0;3;1;0;0;3;6
37070;CALVARRASA DE ARRIBA;63;2;5;18;2;13;23;4;3;9;42;5;4;0;2;0;0;2;0;0;0;0;4
37071;CALZADA DE BEJAR, LA;5;0;0;3;1;0;1;0;0;1;4;0;1;0;0;1;0;0;0;1;0;0;0
37072;CALZADA DE DON DIEGO;6;0;0;1;0;1;4;0;0;1;3;2;11;1;7;0;0;3;0;1;1;0;9
37073;CALZADA DE VALDUNCIEL;39;1;8;10;1;13;6;0;1;3;34;1;5;0;3;0;0;2;0;0;0;0;5
37074;CAMPILLO DE AZABA;8;0;2;4;0;0;2;1;0;2;4;1;1;0;0;0;0;1;0;1;0;0;0
37077;CAMPO DE PEÑARANDA, EL;13;1;2;4;0;0;6;0;1;3;7;2;0;0;0;0;0;0;0;0;0;0;0
37078;CANDELARIO;47;1;6;15;1;9;15;1;4;2;39;1;9;0;0;0;0;8;1;0;0;0;9
37079;CANILLAS DE ABAJO;5;0;1;2;0;2;0;0;0;0;5;0;0;0;0;0;0;0;0;0;0;0;0
37080;CANTAGALLO;19;0;2;2;1;6;8;0;8;0;10;1;1;0;0;0;0;1;0;0;1;0;0
37081;CANTALAPIEDRA;54;3;7;17;0;12;15;16;2;2;31;3;6;0;4;0;0;2;0;4;0;0;2
37082;CANTALPINO;49;3;6;12;2;8;18;6;1;4;38;0;5;0;3;0;0;2;0;1;0;0;4
37083;CANTARACILLO;15;0;2;5;0;3;5;1;0;1;12;1;0;0;0;0;0;0;0;0;0;0;0
37085;CARBAJOSA DE LA SAGRADA;463;25;44;85;26;147;136;7;34;22;372;28;298;6;123;8;1;156;4;1;44;8;245
37086;CARPIO DE AZABA;0;0;0;0;0;0;0;0;0;0;0;0;0;0;0;0;0;0;0;0;0;0;0
37087;CARRASCAL DE BARREGAS;71;6;14;9;2;23;17;0;3;3;60;5;9;0;5;0;0;4;0;0;0;0;9
37088;CARRASCAL DEL OBISPO;5;0;0;1;1;1;2;0;0;1;4;0;0;0;0;0;0;0;0;0;0;0;0
37089;CASAFRANCA;4;0;0;2;0;0;2;0;1;0;3;0;0;0;0;0;0;0;0;0;0;0;0
37090;CASAS DEL CONDE, LAS;2;0;0;0;0;0;2;0;0;0;1;1;0;0;0;0;0;0;0;0;0;0;0
37091;CASILLAS DE FLORES;2;0;0;1;0;0;1;0;0;0;2;0;2;0;1;0;0;1;0;0;0;0;2
37092;CASTELLANOS DE MORISCOS;135;5;16;24;1;65;24;2;7;11;113;2;78;5;33;1;8;30;1;0;9;2;67
37096;CASTILLEJO DE MARTIN VIEJO;13;0;1;2;0;3;7;0;0;2;11;0;4;0;3;1;0;0;0;2;0;0;2
37097;CASTRAZ;3;0;0;2;0;1;0;0;0;0;3;0;0;0;0;0;0;0;0;0;0;0;0
37098;CEPEDA;22;2;0;10;0;1;9;0;1;2;18;1;4;0;0;0;0;3;1;0;0;0;4
37099;CERECEDA DE LA SIERRA;9;0;2;6;0;0;1;1;0;1;5;2;0;0;0;0;0;0;0;0;0;0;0
37100;CEREZAL DE PEÑAHORCADA;2;0;0;0;0;0;2;0;0;0;2;0;1;0;1;0;0;0;0;0;0;0;1
37101;CERRALBO;3;0;0;2;0;1;0;0;0;0;1;2;0;0;0;0;0;0;0;0;0;0;0
37102;CERRO, EL;23;1;1;11;0;1;9;0;2;3;17;1;0;0;0;0;0;0;0;0;0;0;0
37103;CESPEDOSA DE TORMES;20;0;1;5;2;5;7;0;4;2;13;1;4;1;0;0;0;3;0;1;0;0;3
37104;CILLEROS DE LA BASTIDA;1;0;0;0;0;1;0;0;0;0;1;0;0;0;0;0;0;0;0;0;0;0;0
37106;CIPEREZ;6;0;0;3;0;2;1;2;0;1;3;0;1;0;1;0;0;0;0;0;0;0;1
37107;CIUDAD RODRIGO;1090;61;179;242;40;201;367;41;62;71;829;87;322;6;119;4;6;183;4;13;2;9;298
37108;COCA DE ALBA;2;0;0;1;0;0;1;0;0;0;2;0;1;0;0;1;0;0;0;0;1;0;0
37109;COLMENAR DE MONTEMAYOR;11;0;3;4;0;2;2;0;1;1;7;2;0;0;0;0;0;0;0;0;0;0;0
37110;CORDOVILLA;4;0;2;0;0;0;2;0;0;0;4;0;58;0;29;3;0;26;0;1;3;0;54
37112;CRISTOBAL;6;0;0;2;0;1;3;0;1;0;5;0;0;0;0;0;0;0;0;0;0;0;0
37113;CUBO DE DON SANCHO, EL;12;0;0;0;1;1;10;0;0;0;10;2;11;0;1;0;0;10;0;0;0;1;10
37114;CHAGARCIA MEDIANERO;3;0;1;0;0;1;1;0;0;0;3;0;1;0;0;1;0;0;0;1;0;0;0
37115;DIOS LE GUARDE;1;0;0;0;0;0;1;0;0;0;1;0;0;0;0;0;0;0;0;0;0;0;0
37116;DOÑINOS DE LEDESMA;2;1;0;0;0;1;0;0;0;1;1;0;0;0;0;0;0;0;0;0;0;0;0
37117;DOÑINOS DE SALAMANCA;131;4;19;22;5;45;36;3;3;5;113;7;51;0;36;2;1;12;0;0;20;0;31
37118;EJEME;11;2;1;2;0;4;2;1;3;0;7;0;0;0;0;0;0;0;0;0;0;0;0
37119;ENCINA, LA;11;0;2;6;0;1;2;1;0;4;5;1;0;0;0;0;0;0;0;0;0;0;0
37120;ENCINA DE SAN SILVESTRE;11;0;1;3;0;1;6;0;1;1;7;2;3;0;0;0;0;3;0;0;0;0;3
37121;ENCINAS DE ABAJO;31;2;3;6;2;8;10;3;2;1;24;1;18;0;8;1;0;9;0;7;0;0;11
37122;ENCINAS DE ARRIBA;17;1;3;2;1;7;3;1;3;1;11;1;2;0;1;1;0;0;0;2;0;0;0
37123;ENCINASOLA DE LOS COMENDADORES;3;0;0;1;0;1;1;0;0;0;3;0;0;0;0;0;0;0;0;0;0;0;0
37124;ENDRINAL;7;0;3;1;1;1;1;0;1;0;6;0;0;0;0;0;0;0;0;0;0;0;0
37125;ESCURIAL DE LA SIERRA;7;0;0;5;0;0;2;2;0;0;4;1;6;1;3;0;0;1;1;0;1;2;3
37126;ESPADAÑA;1;0;0;1;0;0;0;0;0;0;1;0;0;0;0;0;0;0;0;0;0;0;0
37127;ESPEJA;19;1;3;3;1;2;9;1;0;3;15;0;1;0;1;0;0;0;0;1;0;0;0
37128;ESPINO DE LA ORBADA;10;0;0;2;1;3;4;0;0;0;9;1;2;0;1;0;0;1;0;0;0;0;2
37129;FLORIDA DE LIEBANA;13;1;3;2;0;3;4;0;0;0;13;0;1;0;0;0;0;1;0;0;0;0;1
37130;FORFOLEDA;2;0;0;1;0;0;1;0;0;0;2;0;0;0;0;0;0;0;0;0;0;0;0
37131;FRADES DE LA SIERRA;7;0;1;1;0;1;4;0;0;0;7;0;2;0;2;0;0;0;0;0;1;0;1
37132;FREGENEDA, LA;21;0;3;10;1;1;6;1;0;1;19;0;0;0;0;0;0;0;0;0;0;0;0
37133;FRESNEDOSO;6;0;0;2;0;1;3;0;1;1;3;1;1;0;0;0;0;1;0;0;0;0;1
37134;FRESNO ALHANDIGA;16;1;2;3;0;3;7;1;2;1;12;0;1;0;1;0;0;0;0;0;1;0;0
37135;FUENTE DE SAN ESTEBAN, LA;56;2;4;11;2;15;22;1;2;4;46;3;16;1;6;0;0;8;1;0;1;0;15
37136;FUENTEGUINALDO;38;1;6;12;0;4;15;0;1;4;33;0;21;0;6;0;0;15;0;3;0;1;17
37137;FUENTELIANTE;0;0;0;0;0;0;0;0;0;0;0;0;2;0;1;0;0;1;0;0;0;0;2
37138;FUENTERROBLE DE SALVATIERRA;25;1;2;3;3;5;11;1;1;1;19;3;51;1;47;1;0;2;0;0;48;0;3
37139;FUENTES DE BEJAR;8;0;2;1;0;1;4;0;3;0;5;0;47;7;34;3;1;2;0;1;44;0;2
37140;FUENTES DE OÑORO;49;1;10;14;0;6;18;5;2;2;35;5;42;0;27;0;0;15;0;0;0;0;42
37141;GAJATES;7;0;0;5;0;1;1;1;1;0;4;1;2;0;0;1;0;1;0;1;0;0;1
37142;GALINDO Y PERAHUY;36;3;4;9;1;8;11;1;0;3;27;5;4;0;1;0;1;1;1;0;0;0;4
37143;GALINDUSTE;36;3;2;4;2;13;12;0;2;4;28;2;0;0;0;0;0;0;0;0;0;0;0
37144;GALISANCHO;25;0;4;6;1;7;7;1;1;0;21;2;0;0;0;0;0;0;0;0;0;0;0
37145;GALLEGOS DE ARGAÑAN;17;0;1;2;1;4;9;0;1;0;16;0;4;0;2;1;0;1;0;1;0;0;3
37146;GALLEGOS DE SOLMIRON;2;0;1;0;0;0;1;0;0;0;2;0;0;0;0;0;0;0;0;0;0;0;0
37147;GARCIBUEY;5;0;0;3;0;0;2;0;1;0;4;0;0;0;0;0;0;0;0;0;0;0;0
37148;GARCIHERNANDEZ;23;0;3;3;1;6;10;0;1;2;19;1;9;0;4;4;0;1;0;0;3;4;2
37149;GARCIRREY;1;0;1;0;0;0;0;0;0;0;1;0;0;0;0;0;0;0;0;0;0;0;0
37150;GEJUELO DEL BARRO;0;0;0;0;0;0;0;0;0;0;0;0;1;0;1;0;0;0;0;1;0;0;0
37151;GOLPEJAS;12;0;0;1;2;2;7;1;1;0;9;1;2;1;1;0;0;0;0;0;0;1;1
37152;GOMECELLO;21;1;4;4;1;6;5;0;2;1;18;0;5;0;3;1;0;1;0;0;5;0;0
37154;GUADRAMIRO;6;1;1;3;0;1;0;0;0;1;5;0;0;0;0;0;0;0;0;0;0;0;0
37155;GUIJO DE AVILA;7;0;0;2;0;3;2;1;0;0;6;0;2;0;0;0;0;2;0;0;0;0;2
37156;GUIJUELO;270;9;26;33;21;90;91;5;72;3;162;28;413;13;269;14;5;106;6;3;360;4;46
37157;HERGUIJUELA DE CIUDAD RODRIGO;2;0;0;2;0;0;0;0;0;1;1;0;0;0;0;0;0;0;0;0;0;0;0
37158;HERGUIJUELA DE LA SIERRA;6;1;0;4;0;1;0;0;0;1;5;0;0;0;0;0;0;0;0;0;0;0;0
37159;HERGUIJUELA DEL CAMPO;2;0;0;0;0;1;1;0;0;0;2;0;0;0;0;0;0;0;0;0;0;0;0
37160;HINOJOSA DE DUERO;27;1;4;7;2;5;8;3;0;0;22;2;3;0;0;0;0;3;0;0;0;0;3
37161;HORCAJO DE MONTEMAYOR;5;0;1;1;0;2;1;0;0;0;4;1;0;0;0;0;0;0;0;0;0;0;0
37162;HORCAJO MEDIANERO;16;1;1;5;1;2;6;0;1;2;11;2;24;0;19;0;0;5;0;3;0;0;21
37163;HOYA, LA;2;0;1;1;0;0;0;0;0;1;1;0;0;0;0;0;0;0;0;0;0;0;0
37164;HUERTA;8;0;0;4;0;2;2;0;1;1;6;0;36;0;31;2;0;3;0;0;28;0;8
37165;IRUELOS;3;0;0;1;0;2;0;0;0;0;3;0;0;0;0;0;0;0;0;0;0;0;0
37166;ITUERO DE AZABA;6;0;2;3;1;0;0;1;1;1;3;0;1;0;1;0;0;0;0;0;0;0;1
37167;JUZBADO;4;1;1;0;0;1;1;0;1;0;3;0;7;0;7;0;0;0;0;0;7;0;0
37168;LAGUNILLA;35;1;3;12;0;8;11;7;1;2;23;2;2;0;0;0;0;2;0;0;0;0;2
37169;LARRODRIGO;11;0;2;2;0;2;5;0;1;0;9;1;1;0;0;0;0;1;0;0;0;0;1
37170;LEDESMA;109;6;18;26;3;27;29;6;5;23;69;6;28;1;8;0;2;15;2;4;1;1;22
37171;LEDRADA;16;0;4;2;4;3;3;0;3;0;12;1;6;1;4;1;0;0;0;1;4;0;1
37172;LINARES DE RIOFRIO;36;0;3;7;0;6;20;1;6;4;22;3;7;0;1;0;0;5;1;0;0;0;7
37173;LUMBRALES;82;6;7;25;2;13;29;4;8;13;53;4;6;0;2;0;1;3;0;0;0;1;5
37174;MACOTERA;54;3;3;18;4;9;17;2;1;2;44;5;4;1;2;0;0;1;0;1;0;0;3
37175;MACHACON;29;0;1;11;3;9;5;3;0;0;26;0;3;0;2;0;0;1;0;0;0;0;3
37176;MADROÑAL;15;1;2;5;0;1;6;0;4;1;10;0;0;0;0;0;0;0;0;0;0;0;0
37177;MAILLO, EL;13;0;1;5;1;0;6;0;1;0;10;2;3;0;1;2;0;0;0;2;0;0;1
37178;MALPARTIDA;4;0;0;1;1;2;0;0;0;0;3;1;1;0;1;0;0;0;0;0;0;0;1
37179;MANCERA DE ABAJO;7;0;0;3;0;3;1;0;0;0;7;0;0;0;0;0;0;0;0;0;0;0;0
37180;MANZANO, EL;5;0;1;1;1;0;2;2;0;0;1;2;2;0;0;0;0;2;0;0;0;0;2
37181;MARTIAGO;7;0;0;4;0;1;2;1;0;0;6;0;4;0;1;0;1;2;0;0;0;0;4
37182;MARTINAMOR;6;1;3;1;0;1;0;0;0;0;6;0;164;1;81;1;0;81;0;1;1;0;162
37183;MARTIN DE YELTES;41;0;3;10;1;1;26;1;5;1;32;2;4;0;2;0;0;2;0;0;3;0;1
37184;MASUECO;14;1;3;6;0;0;4;0;2;0;11;1;7;0;3;0;0;4;0;0;0;0;7
37185;CASTELLANOS DE VILLIQUERA;31;0;3;10;2;5;11;0;0;2;28;1;9;1;3;1;2;2;0;0;0;0;9
37186;MATA DE LEDESMA, LA;5;0;0;4;0;0;1;0;0;1;4;0;0;0;0;0;0;0;0;0;0;0;0
37187;MATILLA DE LOS CAÑOS DEL RIO;46;0;7;12;2;13;12;2;3;7;31;3;1;1;0;0;0;0;0;1;0;0;0
37188;MAYA, LA;9;0;3;1;0;2;3;0;2;0;7;0;3;0;1;0;0;2;0;1;0;0;2
37189;MEMBRIBE DE LA SIERRA;1;0;0;0;0;0;1;0;0;0;1;0;1;0;1;0;0;0;0;1;0;0;0
37190;MIEZA;7;0;0;6;0;1;0;0;0;0;7;0;1;0;0;0;0;1;0;0;0;0;1
37191;MILANO, EL;5;1;1;3;0;0;0;0;0;0;5;0;0;0;0;0;0;0;0;0;0;0;0
37192;MIRANDA DE AZAN;29;1;6;9;1;7;5;1;1;3;23;1;6;0;4;0;0;2;0;0;2;0;4
37193;MIRANDA DEL CASTAÑAR;16;1;2;7;0;2;4;0;0;5;11;0;2;0;1;1;0;0;0;0;0;2;0
37194;MOGARRAZ;3;0;1;1;0;0;1;0;0;0;3;0;4;0;3;0;0;0;1;0;1;0;3
37195;MOLINILLO;1;0;0;0;0;0;1;0;0;0;1;0;0;0;0;0;0;0;0;0;0;0;0
37196;MONFORTE DE LA SIERRA;0;0;0;0;0;0;0;0;0;0;0;0;0;0;0;0;0;0;0;0;0;0;0
37197;MONLEON;2;0;1;0;0;1;0;0;0;0;2;0;3;0;3;0;0;0;0;1;0;0;2
37198;MONLERAS;12;1;2;2;1;1;5;0;0;1;11;0;8;0;2;2;0;3;1;0;0;1;7
37199;MONSAGRO;11;1;1;6;0;0;3;2;0;0;9;0;0;0;0;0;0;0;0;0;0;0;0
37200;MONTEJO;12;0;0;2;0;3;7;0;0;1;11;0;5;0;2;1;0;1;1;0;2;0;3
37201;MONTEMAYOR DEL RIO;12;0;0;3;0;1;8;0;3;0;8;1;4;0;3;0;1;0;0;0;3;0;1
37202;MONTERRUBIO DE ARMUÑA;77;6;9;15;3;20;24;1;2;5;62;7;1;1;0;0;0;0;0;0;0;0;1
37203;MONTERRUBIO DE LA SIERRA;2;1;0;0;0;1;0;0;0;0;2;0;0;0;0;0;0;0;0;0;0;0;0
37204;MORASVERDES;16;0;2;1;1;5;7;0;1;1;12;2;1;0;1;0;0;0;0;1;0;0;0
37205;MORILLE;14;1;3;5;0;2;3;0;0;4;9;1;0;0;0;0;0;0;0;0;0;0;0
37206;MORIÑIGO;4;0;0;1;0;2;1;1;0;0;3;0;3;0;1;0;0;2;0;1;0;0;2
37207;MORISCOS;28;0;4;4;1;11;8;0;0;4;23;1;12;0;10;0;0;2;0;0;0;2;10
37208;MORONTA;2;0;0;0;0;1;1;0;0;0;2;0;0;0;0;0;0;0;0;0;0;0;0
37209;MOZARBEZ;25;1;1;9;3;5;6;0;0;2;21;2;24;5;7;6;0;6;0;0;17;0;7
37211;NARROS DE MATALAYEGUA;2;0;1;0;0;1;0;0;0;0;2;0;1;0;1;0;0;0;0;1;0;0;0
37212;NAVACARROS;7;0;0;2;0;2;3;0;1;1;5;0;0;0;0;0;0;0;0;0;0;0;0
37213;NAVA DE BEJAR;4;0;1;0;0;1;2;0;1;0;2;1;1;0;1;0;0;0;0;0;1;0;0
37214;NAVA DE FRANCIA;6;0;2;1;0;0;3;0;0;1;4;1;2;0;2;0;0;0;0;0;0;1;1
37215;NAVA DE SOTROBAL;15;1;2;5;2;2;3;2;0;1;10;2;4;2;1;0;0;1;0;0;2;0;2
37216;NAVALES;17;0;0;2;0;5;10;1;1;2;12;1;5;1;3;0;0;1;0;0;2;0;3
37217;NAVALMORAL DE BEJAR;4;0;1;2;0;0;1;0;0;0;4;0;0;0;0;0;0;0;0;0;0;0;0
37218;NAVAMORALES;0;0;0;0;0;0;0;0;0;0;0;0;0;0;0;0;0;0;0;0;0;0;0
37219;NAVARREDONDA DE LA RINCONADA;10;1;1;2;0;4;2;0;1;0;8;1;1;0;1;0;0;0;0;0;0;0;1
37221;NAVASFRIAS;29;2;4;8;2;4;9;2;1;1;25;0;4;0;4;0;0;0;0;0;0;0;4
37222;NEGRILLA DE PALENCIA;3;0;1;1;0;1;0;0;0;1;2;0;0;0;0;0;0;0;0;0;0;0;0
37223;OLMEDO DE CAMACES;3;0;0;0;1;1;1;0;0;0;2;1;1;0;1;0;0;0;0;0;0;0;1
37224;ORBADA, LA;7;0;1;2;0;1;3;0;1;0;5;1;0;0;0;0;0;0;0;0;0;0;0
37225;PAJARES DE LA LAGUNA;4;0;0;1;0;1;2;1;1;0;2;0;0;0;0;0;0;0;0;0;0;0;0
37226;PALACIOS DEL ARZOBISPO;4;0;0;1;2;0;1;1;0;0;3;0;1;0;1;0;0;0;0;0;0;0;1
37228;PALACIOSRUBIOS;28;0;4;6;0;4;14;9;2;9;8;0;15;0;10;0;0;5;0;15;0;0;0
37229;PALENCIA DE NEGRILLA;7;0;2;1;0;2;2;0;0;0;7;0;0;0;0;0;0;0;0;0;0;0;0
37230;PARADA DE ARRIBA;17;1;3;3;1;3;6;1;0;3;11;2;0;0;0;0;0;0;0;0;0;0;0
37231;PARADA DE RUBIALES;7;0;1;5;0;1;0;0;0;2;5;0;2;0;1;0;0;0;1;1;0;0;1
37232;PARADINAS DE SAN JUAN;33;0;3;1;1;4;24;0;1;1;27;4;1;0;0;0;1;0;0;0;0;0;1
37233;PASTORES;6;0;0;3;1;1;1;0;1;0;4;1;1;0;0;0;0;1;0;0;0;0;1
37234;PAYO, EL;22;0;4;4;0;6;8;2;1;2;17;0;6;0;4;0;0;2;0;0;5;0;1
37235;PEDRAZA DE ALBA;14;1;0;2;0;2;9;0;0;1;12;1;6;1;2;0;0;3;0;0;0;2;4
37236;PEDROSILLO DE ALBA;3;0;1;1;0;0;1;1;0;0;2;0;3;0;1;0;0;2;0;0;1;0;2
37237;PEDROSILLO DE LOS AIRES;20;1;4;1;0;7;7;2;1;1;14;2;3;0;3;0;0;0;0;0;0;0;3
37238;PEDROSILLO EL RALO;9;2;1;1;0;2;3;0;1;0;5;3;5;0;5;0;0;0;0;0;0;5;0
37239;PEDROSO DE LA ARMUÑA, EL;10;0;0;3;0;3;4;0;0;0;10;0;5;2;2;0;0;1;0;2;0;0;3
37240;PELABRAVO;86;6;10;18;5;19;28;7;2;8;62;7;17;1;10;0;0;6;0;0;4;3;10
37241;PELARRODRIGUEZ;10;0;1;3;0;2;4;0;0;2;7;1;0;0;0;0;0;0;0;0;0;0;0
37242;PELAYOS;3;0;2;0;0;0;1;0;0;0;2;1;0;0;0;0;0;0;0;0;0;0;0
37243;PEÑA, LA;5;1;2;1;0;0;1;1;0;1;3;0;0;0;0;0;0;0;0;0;0;0;0
37244;PEÑACABALLERA;13;0;1;3;0;2;7;0;1;0;12;0;1;0;1;0;0;0;0;0;0;0;1
37245;PEÑAPARDA;23;3;2;5;0;0;13;2;1;0;17;3;0;0;0;0;0;0;0;0;0;0;0
37246;PEÑARANDA DE BRACAMONTE;431;12;45;78;11;103;182;34;65;11;291;30;126;4;49;0;9;60;4;0;12;3;111
37247;PEÑARANDILLA;6;0;0;1;0;0;5;0;0;0;6;0;0;0;0;0;0;0;0;0;0;0;0
37248;PERALEJOS DE ABAJO;7;0;1;3;0;1;2;0;0;0;7;0;0;0;0;0;0;0;0;0;0;0;0
37249;PERALEJOS DE ARRIBA;1;0;0;1;0;0;0;0;0;1;0;0;0;0;0;0;0;0;0;0;0;0;0
37250;PEREÑA DE LA RIBERA;12;2;0;6;0;2;2;0;0;0;12;0;3;0;2;0;0;0;1;0;0;0;3
37251;PEROMINGO;6;0;0;1;0;3;2;0;2;0;4;0;0;0;0;0;0;0;0;0;0;0;0
37252;PINEDAS;1;0;1;0;0;0;0;0;0;0;1;0;0;0;0;0;0;0;0;0;0;0;0
37253;PINO DE TORMES, EL;6;0;0;2;0;4;0;0;0;0;6;0;2;0;1;0;0;1;0;1;0;0;1
37254;PITIEGUA;14;1;2;2;1;4;4;1;2;0;9;2;3;0;2;0;0;1;0;2;0;0;1
37255;PIZARRAL;0;0;0;0;0;0;0;0;0;0;0;0;0;0;0;0;0;0;0;0;0;0;0
37256;POVEDA DE LAS CINTAS;17;0;1;5;0;1;10;0;0;2;15;0;0;0;0;0;0;0;0;0;0;0;0
37257;POZOS DE HINOJO;1;0;0;1;0;0;0;0;0;0;1;0;6;0;6;0;0;0;0;0;0;0;6
37258;PUEBLA DE AZABA;11;0;1;5;0;3;2;0;0;0;11;0;1;0;0;0;0;1;0;0;0;0;1
37259;PUEBLA DE SAN MEDEL;0;0;0;0;0;0;0;0;0;0;0;0;1;0;0;1;0;0;0;1;0;0;0
37260;PUEBLA DE YELTES;8;0;2;2;0;3;1;0;3;0;4;1;0;0;0;0;0;0;0;0;0;0;0
37261;PUENTE DEL CONGOSTO;7;0;1;2;0;2;2;0;0;0;7;0;1;0;0;0;0;1;0;0;0;0;1
37262;PUERTAS;0;0;0;0;0;0;0;0;0;0;0;0;0;0;0;0;0;0;0;0;0;0;0
37263;PUERTO DE BEJAR;23;0;4;7;0;4;8;0;4;0;19;0;12;0;0;0;0;12;0;0;1;0;11
37264;PUERTO SEGURO;1;0;0;0;0;1;0;0;0;0;1;0;0;0;0;0;0;0;0;0;0;0;0
37265;RAGAMA;20;0;1;4;0;1;14;1;1;0;17;1;1;0;1;0;0;0;0;0;0;1;0
37266;REDONDA, LA;3;0;0;1;0;1;1;0;0;0;3;0;0;0;0;0;0;0;0;0;0;0;0
37267;RETORTILLO;15;1;3;2;0;2;7;1;0;1;13;0;2;0;1;0;0;1;0;1;0;0;1
37268;RINCONADA DE LA SIERRA, LA;3;0;0;1;0;0;2;0;0;0;3;0;0;0;0;0;0;0;0;0;0;0;0
37269;ROBLEDA;19;0;3;3;0;3;10;2;0;0;15;2;1;0;1;0;0;0;0;0;0;1;0
37270;ROBLIZA DE COJOS;12;0;1;3;0;0;8;1;0;2;7;2;6;0;2;0;0;4;0;0;5;0;1
37271;ROLLAN;22;0;5;2;1;2;12;1;1;2;17;1;2;0;1;0;0;1;0;0;0;0;2
37272;SAELICES EL CHICO;9;0;0;1;1;4;3;0;0;0;9;0;2;0;0;0;0;2;0;0;0;0;2
37273;SAGRADA, LA;2;0;0;1;0;1;0;0;0;0;2;0;0;0;0;0;0;0;0;0;0;0;0
37274;SALAMANCA;11214;580;1787;2270;585;2596;3396;266;550;781;8100;1517;4344;103;1660;65;142;2268;106;12;87;179;4066
37275;SALDEANA;4;0;2;2;0;0;0;0;0;0;4;0;0;0;0;0;0;0;0;0;0;0;0
37276;SALMORAL;7;0;1;5;0;0;1;0;0;1;6;0;2;0;0;0;0;2;0;0;0;0;2
37277;SALVATIERRA DE TORMES;0;0;0;0;0;0;0;0;0;0;0;0;15;0;0;1;0;14;0;1;0;0;14
37278;SAN CRISTOBAL DE LA CUESTA;76;2;15;10;1;28;20;0;5;4;64;3;7;1;1;0;0;5;0;0;0;0;7
37279;SANCTI-SPIRITUS;49;2;4;13;3;11;16;1;0;1;46;1;9;0;2;2;0;5;0;1;3;0;5
37280;SANCHON DE LA RIBERA;3;0;1;1;0;1;0;1;0;1;1;0;0;0;0;0;0;0;0;0;0;0;0
37281;SANCHON DE LA SAGRADA;3;0;1;1;0;1;0;0;0;0;3;0;1;0;1;0;0;0;0;1;0;0;0
37282;SANCHOTELLO;10;0;3;2;0;1;4;0;0;1;7;2;0;0;0;0;0;0;0;0;0;0;0
37283;SANDO;9;0;1;3;0;2;3;1;0;1;7;0;1;0;0;0;0;1;0;0;0;0;1
37284;SAN ESTEBAN DE LA SIERRA;16;1;3;4;1;2;5;4;0;0;12;0;6;0;5;0;0;1;0;4;0;0;2
37285;SAN FELICES DE LOS GALLEGOS;15;2;1;6;1;1;4;0;2;1;12;0;2;1;1;0;0;0;0;0;0;0;2
37286;SAN MARTIN DEL CASTAÑAR;10;2;1;3;0;2;2;0;1;1;8;0;21;0;16;0;0;5;0;0;0;0;21
37287;SAN MIGUEL DE VALERO;17;0;2;4;0;7;4;2;0;0;15;0;5;0;2;0;0;3;0;1;0;0;4
37288;SAN MORALES;19;2;3;3;2;4;5;2;0;2;14;1;3;0;3;0;0;0;0;3;0;0;0
37289;SAN MUÑOZ;6;2;0;0;0;1;3;0;0;0;3;3;1;0;1;0;0;0;0;1;0;0;0
37290;SAN PEDRO DEL VALLE;6;0;1;1;1;0;3;0;1;0;4;1;3;0;1;2;0;0;0;2;1;0;0
37291;SAN PEDRO DE ROZADOS;21;2;5;4;1;4;5;0;0;2;16;3;2;0;2;0;0;0;0;2;0;0;0
37292;SAN PELAYO DE GUAREÑA;2;0;1;0;0;0;1;0;0;0;2;0;2;0;1;0;0;1;0;0;2;0;0
37293;SANTA MARIA DE SANDO;5;0;1;2;0;0;2;0;0;0;5;0;0;0;0;0;0;0;0;0;0;0;0
37294;SANTA MARTA DE TORMES;1098;61;163;206;59;243;366;18;73;78;826;103;375;11;107;1;3;246;7;0;10;6;359
37296;SANTIAGO DE LA PUEBLA;13;1;4;3;0;0;5;1;3;3;6;0;0;0;0;0;0;0;0;0;0;0;0
37297;SANTIBAÑEZ DE BEJAR;26;1;0;7;2;3;13;0;2;1;22;1;1;0;0;1;0;0;0;0;1;0;0
37298;SANTIBAÑEZ DE LA SIERRA;8;0;1;7;0;0;0;0;1;0;7;0;7;0;2;0;0;5;0;0;0;1;6
37299;SANTIZ;11;0;1;2;1;5;2;2;1;1;7;0;68;0;66;0;0;2;0;1;1;58;8
37300;SANTOS, LOS;29;4;1;10;0;7;7;1;5;3;19;1;4;0;0;0;0;4;0;0;0;0;4
37301;SARDON DE LOS FRAILES;4;0;1;0;0;1;2;0;0;0;4;0;0;0;0;0;0;0;0;0;0;0;0
37302;SAUCELLE;22;3;1;7;1;1;9;0;1;1;17;3;8;0;5;0;0;3;0;0;0;0;8
37303;SAHUGO, EL;10;1;0;4;0;2;3;1;1;2;6;0;3;0;1;0;0;2;0;0;0;0;3
37304;SEPULCRO-HILARIO;5;1;0;3;0;1;0;0;0;0;5;0;2;0;2;0;0;0;0;2;0;0;0
37305;SEQUEROS;14;1;1;4;1;3;4;0;2;2;7;3;8;0;4;0;0;4;0;0;0;0;8
37306;SERRADILLA DEL ARROYO;9;3;1;4;0;0;1;1;0;0;8;0;0;0;0;0;0;0;0;0;0;0;0
37307;SERRADILLA DEL LLANO;7;0;0;2;0;2;3;1;0;0;6;0;10;0;3;0;0;7;0;3;0;0;7
37309;SIERPE, LA;0;0;0;0;0;0;0;0;0;0;0;0;0;0;0;0;0;0;0;0;0;0;0
37310;SIETEIGLESIAS DE TORMES;6;0;0;1;1;2;2;1;1;1;2;1;3;0;2;0;0;1;0;1;0;0;2
37311;SOBRADILLO;8;0;3;4;0;0;1;2;0;2;4;0;1;0;0;0;0;1;0;0;0;0;1
37312;SORIHUELA;16;0;1;2;2;4;7;0;2;0;13;1;3;0;1;0;0;1;1;1;0;0;2
37313;SOTOSERRANO;35;1;1;16;0;3;14;5;7;1;22;0;9;0;4;0;1;3;1;2;4;0;3
37314;TABERA DE ABAJO;2;0;0;1;0;0;1;0;0;0;2;0;1;0;1;0;0;0;0;0;0;0;1
37315;TALA, LA;2;0;0;1;0;0;1;0;0;0;2;0;1;0;0;1;0;0;0;0;0;0;1
37316;TAMAMES;23;1;4;3;1;5;9;0;3;1;19;0;11;0;6;0;0;5;0;0;1;0;10
37317;TARAZONA DE GUAREÑA;19;1;2;5;1;4;6;5;1;1;9;3;2;0;2;0;0;0;0;2;0;0;0
37318;TARDAGUILA;5;0;1;0;0;1;3;0;1;0;4;0;0;0;0;0;0;0;0;0;0;0;0
37319;TEJADO, EL;4;0;1;3;0;0;0;0;0;0;4;0;0;0;0;0;0;0;0;0;0;0;0
37320;TEJEDA Y SEGOYUELA;1;0;1;0;0;0;0;0;0;0;1;0;0;0;0;0;0;0;0;0;0;0;0
37321;TENEBRON;0;0;0;0;0;0;0;0;0;0;0;0;0;0;0;0;0;0;0;0;0;0;0
37322;TERRADILLOS;318;15;47;63;19;69;105;9;23;27;234;25;26;0;14;0;1;11;0;0;2;3;21
37323;TOPAS;25;2;4;5;0;8;6;0;3;5;17;0;37;0;23;1;0;10;3;23;0;3;11
37324;TORDILLOS;7;0;0;3;0;1;3;0;0;1;6;0;2;0;0;0;0;1;1;0;0;0;2
37325;TORNADIZO, EL;3;1;1;0;0;0;1;0;2;0;1;0;0;0;0;0;0;0;0;0;0;0;0
37327;TORRESMENUDAS;11;0;2;2;0;2;5;0;0;4;7;0;0;0;0;0;0;0;0;0;0;0;0
37328;TRABANCA;10;0;0;3;0;2;5;0;0;2;6;2;1;0;0;0;0;1;0;0;0;0;1
37329;TREMEDAL DE TORMES;2;0;0;0;0;0;2;1;0;0;1;0;0;0;0;0;0;0;0;0;0;0;0
37330;VALDECARROS;11;0;1;2;1;4;3;0;1;1;8;1;4;1;0;0;1;2;0;1;0;0;3
37331;VALDEFUENTES DE SANGUSIN;6;0;1;2;0;1;2;0;0;1;4;1;0;0;0;0;0;0;0;0;0;0;0
37332;VALDEHIJADEROS;3;0;1;0;0;0;2;0;0;0;3;0;0;0;0;0;0;0;0;0;0;0;0
37333;VALDELACASA;12;0;1;3;0;3;5;1;2;1;8;0;0;0;0;0;0;0;0;0;0;0;0
37334;VALDELAGEVE;7;0;0;3;1;0;3;2;1;0;4;0;1;0;1;0;0;0;0;0;0;1;0
37335;VALDELOSA;28;3;4;7;0;4;10;0;2;7;19;0;54;2;49;0;0;3;0;2;1;49;2
37336;VALDEMIERQUE;4;0;1;0;0;2;1;0;0;0;4;0;0;0;0;0;0;0;0;0;0;0;0
37337;VALDERRODRIGO;1;0;0;0;0;0;1;0;0;0;1;0;1;1;0;0;0;0;0;0;0;0;1
37338;VALDUNCIEL;6;0;1;1;0;1;3;0;0;0;5;1;1;0;0;0;0;0;1;0;1;0;0
37339;VALERO;5;0;0;3;0;1;1;0;1;2;2;0;1;0;0;0;0;1;0;0;0;0;1
37340;VALSALABROSO;3;1;0;1;0;1;0;0;0;0;3;0;0;0;0;0;0;0;0;0;0;0;0
37341;VALVERDE DE VALDELACASA;5;2;0;0;0;2;1;1;2;0;2;0;0;0;0;0;0;0;0;0;0;0;0
37342;VALVERDON;13;0;2;4;0;3;4;1;2;2;8;0;50;0;15;0;0;35;0;0;0;0;50
37343;VALLEJERA DE RIOFRIO;3;0;1;0;1;0;1;0;0;0;3;0;0;0;0;0;0;0;0;0;0;0;0
37344;VECINOS;12;1;1;4;1;4;1;0;0;0;9;3;6;1;2;1;0;2;0;1;0;0;5
37345;VEGA DE TIRADOS;4;0;1;2;0;0;1;1;0;0;3;0;74;0;27;0;0;47;0;0;0;0;74
37346;VEGUILLAS, LAS;16;0;0;3;2;6;5;0;1;0;15;0;0;0;0;0;0;0;0;0;0;0;0
37347;VELLES, LA;24;3;1;9;1;5;5;2;0;3;16;3;4;0;2;2;0;0;0;3;0;1;0
37348;VENTOSA DEL RIO ALMAR;1;0;0;1;0;0;0;0;0;0;1;0;2;1;1;0;0;0;0;1;0;0;1
37349;VIDOLA, LA;4;0;0;1;0;2;1;0;0;1;3;0;0;0;0;0;0;0;0;0;0;0;0
37350;VILVESTRE;15;0;3;6;0;3;3;1;1;3;10;0;0;0;0;0;0;0;0;0;0;0;0
37351;VILLAFLORES;21;1;0;6;0;1;13;1;0;1;19;0;1;0;0;1;0;0;0;0;1;0;0
37352;VILLAGONZALO DE TORMES;9;0;3;1;1;3;1;0;1;0;8;0;8;2;4;1;0;1;0;0;0;2;6
37353;VILLALBA DE LOS LLANOS;10;0;3;1;0;4;2;0;0;2;5;3;0;0;0;0;0;0;0;0;0;0;0
37354;VILLAMAYOR;415;25;39;84;16;120;131;6;28;20;315;46;169;9;48;5;3;98;6;1;2;5;161
37355;VILLANUEVA DEL CONDE;12;1;1;6;0;1;3;1;1;2;8;0;1;0;1;0;0;0;0;0;0;1;0
37356;VILLAR DE ARGAÑAN;7;0;1;4;0;1;1;0;0;0;7;0;0;0;0;0;0;0;0;0;0;0;0
37357;VILLAR DE CIERVO;13;0;1;5;0;5;2;0;0;2;11;0;10;0;5;0;0;5;0;0;0;0;10
37358;VILLAR DE GALLIMAZO;9;0;1;4;0;0;4;2;1;1;5;0;5;0;4;0;0;1;0;2;3;0;0
37359;VILLAR DE LA YEGUA;8;0;0;5;0;0;3;1;0;1;5;1;1;1;0;0;0;0;0;0;0;0;1
37360;VILLAR DE PERALONSO;14;0;1;4;1;1;7;1;3;0;7;3;1;0;1;0;0;0;0;1;0;0;0
37361;VILLAR DE SAMANIEGO;4;0;0;1;0;1;2;0;0;0;2;2;0;0;0;0;0;0;0;0;0;0;0
37362;VILLARES DE LA REINA;362;8;58;70;13;114;99;3;18;23;298;20;353;21;184;15;9;116;8;1;19;29;304
37363;VILLARES DE YELTES;3;0;1;1;0;1;0;0;0;2;0;1;0;0;0;0;0;0;0;0;0;0;0
37364;VILLARINO DE LOS AIRES;28;3;2;8;4;1;10;0;3;2;20;3;13;0;6;0;0;7;0;0;5;0;8
37365;VILLARMAYOR;5;1;0;0;1;1;2;0;0;0;3;2;2;0;0;0;0;2;0;0;2;0;0
37366;VILLARMUERTO;0;0;0;0;0;0;0;0;0;0;0;0;0;0;0;0;0;0;0;0;0;0;0
37367;VILLASBUENAS;10;0;1;8;0;0;1;0;1;3;6;0;0;0;0;0;0;0;0;0;0;0;0
37368;VILLASDARDO;1;0;0;1;0;0;0;0;0;0;1;0;0;0;0;0;0;0;0;0;0;0;0
37369;VILLASECO DE LOS GAMITOS;18;1;2;5;1;4;5;1;4;3;9;1;5;0;0;0;0;5;0;0;0;0;5
37370;VILLASECO DE LOS REYES;9;2;2;2;0;0;3;0;0;0;8;1;2;0;0;0;0;2;0;0;0;0;2
37371;VILLASRUBIAS;16;2;1;5;0;2;6;2;2;0;10;2;0;0;0;0;0;0;0;0;0;0;0
37372;VILLAVERDE DE GUAREÑA;5;0;0;2;0;1;2;0;2;0;3;0;4;0;1;0;1;2;0;0;0;0;4
37373;VILLAVIEJA DE YELTES;37;6;4;12;0;5;10;2;3;9;20;3;2;0;0;0;0;2;0;0;0;0;2
37374;VILLORIA;97;3;12;12;2;25;43;30;1;26;37;3;17;0;8;0;1;8;0;2;0;0;15
37375;VILLORUELA;70;3;8;16;4;14;25;13;2;4;48;3;2;1;0;0;0;1;0;0;0;1;1
37376;VITIGUDINO;147;6;11;33;7;38;52;3;8;6;113;17;23;1;12;0;2;6;2;1;2;1;19
37377;YECLA DE YELTES;11;1;1;2;1;1;5;1;0;1;7;2;1;0;1;0;0;0;0;1;0;0;0
37378;ZAMARRA;4;0;1;1;0;2;0;0;0;0;4;0;0;0;0;0;0;0;0;0;0;0;0
37379;ZAMAYON;18;1;4;2;3;3;5;1;2;0;14;1;0;0;0;0;0;0;0;0;0;0;0
37380;ZARAPICOS;1;0;0;1;0;0;0;0;0;0;1;0;0;0;0;0;0;0;0;0;0;0;0
37381;ZARZA DE PUMAREDA, LA;4;0;0;3;0;0;1;0;0;0;4;0;0;0;0;0;0;0;0;0;0;0;0
37382;ZORITA DE LA FRONTERA;13;0;1;5;2;1;4;1;0;2;9;1;0;0;0;0;0;0;0;0;0;0;0
40001;ABADES;31;1;3;5;0;7;15;3;3;1;24;0;17;0;5;0;0;12;0;2;0;1;14
40002;ADRADA DE PIRON;0;0;0;0;0;0;0;0;0;0;0;0;1;0;0;0;0;1;0;0;0;0;1
40003;ADRADOS;3;0;2;0;0;1;0;0;1;1;1;0;0;0;0;0;0;0;0;0;0;0;0
40004;AGUILAFUENTE;17;1;2;4;0;7;3;4;0;0;11;2;4;0;0;0;0;3;1;0;0;0;4
40005;ALCONADA DE MADERUELO;0;0;0;0;0;0;0;0;0;0;0;0;1;0;1;0;0;0;0;0;0;1;0
40006;ALDEALCORVO;1;0;0;0;0;0;1;0;0;0;1;0;0;0;0;0;0;0;0;0;0;0;0
40007;ALDEALENGUA DE PEDRAZA;3;0;0;1;0;0;2;0;0;0;3;0;5;0;3;0;0;2;0;0;0;0;5
40008;ALDEALENGUA DE SANTA MARIA;0;0;0;0;0;0;0;0;0;0;0;0;2;0;2;0;0;0;0;0;0;0;2
40009;ALDEANUEVA DE LA SERREZUELA;1;0;0;1;0;0;0;0;0;0;1;0;0;0;0;0;0;0;0;0;0;0;0
40010;ALDEANUEVA DEL CODONAL;4;0;1;1;0;1;1;1;1;0;2;0;0;0;0;0;0;0;0;0;0;0;0
40012;ALDEA REAL;12;1;3;1;1;2;4;3;2;0;7;0;11;0;10;0;0;1;0;0;0;0;11
40013;ALDEASOÑA;1;0;0;1;0;0;0;1;0;0;0;0;0;0;0;0;0;0;0;0;0;0;0
40014;ALDEHORNO;0;0;0;0;0;0;0;0;0;0;0;0;0;0;0;0;0;0;0;0;0;0;0
40015;ALDEHUELA DEL CODONAL;0;0;0;0;0;0;0;0;0;0;0;0;0;0;0;0;0;0;0;0;0;0;0
40016;ALDEONTE;0;0;0;0;0;0;0;0;0;0;0;0;0;0;0;0;0;0;0;0;0;0;0
40017;ANAYA;3;0;2;0;0;1;0;0;1;1;0;1;3;0;1;1;0;0;1;3;0;0;0
40018;AÑE;0;0;0;0;0;0;0;0;0;0;0;0;0;0;0;0;0;0;0;0;0;0;0
40019;ARAHUETES;0;0;0;0;0;0;0;0;0;0;0;0;0;0;0;0;0;0;0;0;0;0;0
40020;ARCONES;8;0;0;2;2;3;1;0;0;0;8;0;4;0;0;0;0;4;0;0;0;0;4
40021;AREVALILLO DE CEGA;0;0;0;0;0;0;0;0;0;0;0;0;0;0;0;0;0;0;0;0;0;0;0
40022;ARMUÑA;2;0;0;2;0;0;0;0;0;0;2;0;1;0;0;0;1;0;0;0;0;0;1
40024;AYLLON;18;1;1;6;0;4;6;1;2;2;12;1;22;0;10;1;0;10;1;2;3;1;16
40025;BARBOLLA;4;0;0;1;1;1;1;0;0;1;2;1;1;0;1;0;0;0;0;0;0;0;1
40026;BASARDILLA;7;0;0;1;1;3;2;1;0;1;4;1;0;0;0;0;0;0;0;0;0;0;0
40028;BERCIAL;3;0;1;0;0;2;0;0;0;0;3;0;0;0;0;0;0;0;0;0;0;0;0
40029;BERCIMUEL;0;0;0;0;0;0;0;0;0;0;0;0;0;0;0;0;0;0;0;0;0;0;0
40030;BERNARDOS;15;2;1;2;2;2;6;0;1;0;11;3;10;0;1;0;0;9;0;0;1;0;9
40031;BERNUY DE PORREROS;36;1;8;6;0;12;9;1;1;4;29;1;0;0;0;0;0;0;0;0;0;0;0
40032;BOCEGUILLAS;39;3;5;7;0;13;11;2;4;3;22;8;12;2;2;1;0;7;0;0;0;1;11
40033;BRIEVA;5;0;0;2;0;1;2;0;1;0;4;0;1;0;0;0;0;1;0;0;0;0;1
40034;CABALLAR;4;0;0;1;0;1;2;1;0;0;3;0;1;0;1;0;0;0;0;1;0;0;0
40035;CABAÑAS DE POLENDOS;4;0;0;0;0;3;1;0;0;0;4;0;2;0;1;0;0;1;0;0;1;0;1
40036;CABEZUELA;22;0;4;3;1;9;5;0;4;0;15;3;3;0;1;0;1;1;0;3;0;0;0
40037;CALABAZAS DE FUENTIDUEÑA;1;0;0;0;0;0;1;1;0;0;0;0;2;0;0;1;0;1;0;0;0;1;1
40039;CAMPO DE SAN PEDRO;5;0;1;2;0;2;0;0;2;0;3;0;4;0;0;1;0;3;0;1;0;0;3
40040;CANTALEJO;126;7;10;26;4;40;39;12;7;14;77;16;19;0;13;0;0;6;0;1;7;0;11
40041;CANTIMPALOS;51;3;6;13;1;15;13;8;6;3;32;2;23;1;10;2;1;7;2;0;8;3;12
40043;CARBONERO EL MAYOR;71;3;12;14;0;24;18;9;11;3;45;3;71;1;25;2;0;40;3;2;9;1;59
40044;CARRASCAL DEL RIO;4;0;3;0;0;0;1;0;0;0;4;0;4;0;1;1;1;1;0;0;0;0;4
40045;CASLA;6;0;1;2;0;1;2;0;1;0;4;1;1;0;0;0;0;1;0;0;0;0;1
40046;CASTILLEJO DE MESLEON;8;1;2;2;0;0;3;1;0;0;7;0;9;0;0;0;1;8;0;0;0;0;9
40047;CASTRO DE FUENTIDUEÑA;0;0;0;0;0;0;0;0;0;0;0;0;0;0;0;0;0;0;0;0;0;0;0
40048;CASTROJIMENO;0;0;0;0;0;0;0;0;0;0;0;0;0;0;0;0;0;0;0;0;0;0;0
40049;CASTROSERNA DE ABAJO;0;0;0;0;0;0;0;0;0;0;0;0;0;0;0;0;0;0;0;0;0;0;0
40051;CASTROSERRACIN;1;0;0;1;0;0;0;0;0;0;1;0;0;0;0;0;0;0;0;0;0;0;0
40052;CEDILLO DE LA TORRE;2;0;0;1;1;0;0;0;0;0;2;0;0;0;0;0;0;0;0;0;0;0;0
40053;CEREZO DE ABAJO;8;1;1;1;0;0;5;0;0;0;8;0;1;0;0;0;0;1;0;0;0;0;1
40054;CEREZO DE ARRIBA;12;0;5;2;0;2;3;1;0;2;8;1;6;0;3;0;0;3;0;0;0;0;6
40055;CILLERUELO DE SAN MAMES;1;0;0;1;0;0;0;0;0;0;1;0;0;0;0;0;0;0;0;0;0;0;0
40056;COBOS DE FUENTIDUEÑA;0;0;0;0;0;0;0;0;0;0;0;0;0;0;0;0;0;0;0;0;0;0;0
40057;COCA;61;3;7;19;1;13;18;8;9;1;43;0;38;1;19;0;0;16;2;3;8;2;25
40058;CODORNIZ;3;0;0;1;0;0;2;0;0;1;2;0;0;0;0;0;0;0;0;0;0;0;0
40059;COLLADO HERMOSO;6;1;1;1;0;1;2;0;0;0;6;0;5;0;0;0;0;5;0;0;0;0;5
40060;CONDADO DE CASTILNOVO;4;0;1;0;1;2;0;1;0;0;3;0;1;0;0;1;0;0;0;1;0;0;0
40061;CORRAL DE AYLLON;1;0;0;1;0;0;0;0;0;0;1;0;0;0;0;0;0;0;0;0;0;0;0
40062;CUBILLO;1;0;0;1;0;0;0;0;0;1;0;0;1;0;1;0;0;0;0;0;0;0;1
40063;CUELLAR;499;36;83;114;20;112;134;100;54;17;291;37;336;5;149;7;2;170;3;77;41;11;207
40065;CHAÑE;15;0;6;4;0;4;1;7;1;0;6;1;87;2;41;2;6;36;0;82;0;0;5
40068;DOMINGO GARCIA;1;0;0;1;0;0;0;0;0;0;1;0;0;0;0;0;0;0;0;0;0;0;0
40069;DONHIERRO;1;0;0;0;0;0;1;0;0;0;0;1;0;0;0;0;0;0;0;0;0;0;0
40070;DURUELO;10;1;1;5;1;0;2;0;0;0;10;0;10;0;4;0;0;6;0;0;0;1;9
40071;ENCINAS;1;0;1;0;0;0;0;0;0;0;1;0;0;0;0;0;0;0;0;0;0;0;0
40072;ENCINILLAS;14;0;1;2;0;8;3;0;1;0;13;0;7;1;3;1;1;0;1;3;0;1;3
40073;ESCALONA DEL PRADO;16;1;1;2;1;7;4;3;0;0;12;1;4;0;3;1;0;0;0;2;0;0;2
40074;ESCARABAJOSA DE CABEZAS;7;0;0;1;1;3;2;3;0;0;4;0;0;0;0;0;0;0;0;0;0;0;0
40075;ESCOBAR DE POLENDOS;5;1;0;2;1;0;1;1;1;0;3;0;7;0;6;1;0;0;0;0;6;0;1
40076;ESPINAR, EL;473;16;54;119;18;110;156;6;46;38;352;31;592;6;225;4;6;347;4;0;287;29;276
40077;ESPIRDO;76;1;19;13;3;25;15;4;6;5;56;5;13;0;4;0;0;8;1;0;0;1;12
40078;FRESNEDA DE CUELLAR;6;0;2;1;0;0;3;1;3;0;2;0;2;0;1;1;0;0;0;0;0;0;2
40079;FRESNO DE CANTESPINO;16;3;3;3;0;2;5;2;0;0;14;0;1;0;1;0;0;0;0;0;0;0;1
40080;FRESNO DE LA FUENTE;1;0;1;0;0;0;0;0;0;0;1;0;0;0;0;0;0;0;0;0;0;0;0
40081;FRUMALES;0;0;0;0;0;0;0;0;0;0;0;0;0;0;0;0;0;0;0;0;0;0;0
40082;FUENTE DE SANTA CRUZ;2;0;0;1;0;1;0;0;0;1;1;0;0;0;0;0;0;0;0;0;0;0;0
40083;FUENTE EL OLMO DE FUENTIDUEÑA;1;0;0;0;0;0;1;0;0;0;1;0;253;0;30;0;2;221;0;253;0;0;0
40084;FUENTE EL OLMO DE ISCAR;1;0;0;0;0;1;0;0;0;0;1;0;0;0;0;0;0;0;0;0;0;0;0
40086;FUENTEPELAYO;21;2;5;6;0;5;3;3;1;0;15;2;17;1;10;1;0;5;0;2;7;1;7
40087;FUENTEPIÑEL;1;0;1;0;0;0;0;0;0;0;1;0;0;0;0;0;0;0;0;0;0;0;0
40088;FUENTERREBOLLO;12;1;3;4;1;3;0;2;2;1;6;1;7;0;6;0;0;1;0;0;0;0;7
40089;FUENTESAUCO DE FUENTIDUEÑA;4;1;0;1;0;0;2;0;0;0;4;0;2;0;1;0;0;1;0;0;0;0;2
40091;FUENTESOTO;1;0;1;0;0;0;0;0;0;0;1;0;1;0;1;0;0;0;0;0;0;0;1
40092;FUENTIDUEÑA;3;0;0;1;0;1;1;2;0;0;1;0;12;0;8;0;0;3;1;0;0;0;12
40093;GALLEGOS;2;0;0;0;0;2;0;0;0;0;1;1;2;0;0;1;1;0;0;0;0;0;2
40094;GARCILLAN;26;1;3;5;1;11;5;2;1;0;21;2;13;1;2;0;0;10;0;0;3;0;10
40095;GOMEZSERRACIN;30;1;6;3;4;10;6;6;3;1;20;0;21;0;14;0;0;7;0;18;0;0;3
40097;GRAJERA;5;1;1;1;0;1;1;1;0;0;3;1;2;0;0;0;0;2;0;0;0;0;2
40099;HONRUBIA DE LA CUESTA;0;0;0;0;0;0;0;0;0;0;0;0;0;0;0;0;0;0;0;0;0;0;0
40100;HONTALBILLA;2;0;0;0;0;2;0;0;0;0;2;0;9;0;6;0;0;3;0;0;0;0;9
40101;HONTANARES DE ERESMA;64;3;10;6;6;19;20;5;2;2;50;5;3;0;1;0;0;2;0;0;0;0;3
40103;HUERTOS, LOS;8;0;0;1;0;4;3;0;2;1;5;0;3;0;3;0;0;0;0;0;2;1;0
40104;ITUERO Y LAMA;22;0;2;5;0;6;9;0;3;0;19;0;22;0;3;0;0;19;0;0;0;0;22
40105;JUARROS DE RIOMOROS;4;1;0;0;1;1;1;0;0;0;4;0;0;0;0;0;0;0;0;0;0;0;0
40106;JUARROS DE VOLTOYA;5;0;0;1;2;1;1;0;0;1;4;0;3;0;2;0;0;1;0;0;1;0;2
40107;LABAJOS;6;0;1;0;0;2;3;0;0;0;5;1;0;0;0;0;0;0;0;0;0;0;0
40108;LAGUNA DE CONTRERAS;0;0;0;0;0;0;0;0;0;0;0;0;0;0;0;0;0;0;0;0;0;0;0
40109;LANGUILLA;2;0;0;2;0;0;0;1;0;0;1;0;0;0;0;0;0;0;0;0;0;0;0
40110;LASTRAS DE CUELLAR;10;0;0;3;0;1;6;0;0;0;10;0;6;0;3;2;0;1;0;3;0;2;1
40111;LASTRAS DEL POZO;2;0;1;1;0;0;0;1;0;1;0;0;1;0;1;0;0;0;0;0;0;1;0
40112;LASTRILLA, LA;164;7;20;27;15;52;43;3;10;5;126;20;235;2;93;3;0;134;3;0;2;2;231
40113;LOSA, LA;22;0;4;8;0;5;5;0;1;2;19;0;3;0;2;0;0;1;0;2;0;0;1
40115;MADERUELO;0;0;0;0;0;0;0;0;0;0;0;0;0;0;0;0;0;0;0;0;0;0;0
40118;MARAZUELA;2;0;2;0;0;0;0;0;0;0;2;0;0;0;0;0;0;0;0;0;0;0;0
40119;MARTIN MIGUEL;5;0;0;1;0;2;2;1;1;0;3;0;0;0;0;0;0;0;0;0;0;0;0
40120;MARTIN MUÑOZ DE LA DEHESA;4;0;1;0;0;1;2;0;1;0;2;1;2;0;2;0;0;0;0;2;0;0;0
40121;MARTIN MUÑOZ DE LAS POSADAS;6;1;2;1;0;1;1;0;1;0;5;0;0;0;0;0;0;0;0;0;0;0;0
40122;MARUGAN;34;0;6;7;0;6;15;3;6;3;22;0;4;0;2;0;0;2;0;0;0;1;3
40123;MATABUENA;13;1;2;4;0;2;4;3;0;0;10;0;1;0;0;0;0;1;0;0;0;0;1
40124;MATA DE CUELLAR;9;0;1;2;0;5;1;3;0;0;6;0;24;0;16;0;0;8;0;18;0;0;6
40125;MATILLA, LA;0;0;0;0;0;0;0;0;0;0;0;0;2;0;2;0;0;0;0;1;0;0;1
40126;MELQUE DE CERCOS;1;0;0;1;0;0;0;0;0;0;1;0;0;0;0;0;0;0;0;0;0;0;0
40127;MEMBIBRE DE LA HOZ;2;0;0;2;0;0;0;0;1;0;1;0;1;0;1;0;0;0;0;1;0;0;0
40128;MIGUELAÑEZ;6;0;1;2;0;1;2;1;0;0;5;0;1;0;1;0;0;0;0;0;0;0;1
40129;MONTEJO DE AREVALO;6;0;0;3;0;3;0;2;0;0;4;0;4;1;2;0;1;0;0;2;0;0;2
40130;MONTEJO DE LA VEGA DE LA SERREZUELA;0;0;0;0;0;0;0;0;0;0;0;0;2;1;0;0;1;0;0;1;0;0;1
40131;MONTERRUBIO;3;0;0;0;0;0;3;0;0;0;3;0;2;0;0;0;0;2;0;0;1;0;1
40132;MORAL DE HORNUEZ;0;0;0;0;0;0;0;0;0;0;0;0;1;0;1;0;0;0;0;0;0;0;1
40134;MOZONCILLO;12;1;4;1;0;3;3;3;1;0;8;0;54;3;17;1;9;24;0;50;1;0;3
40135;MUÑOPEDRO;4;0;1;1;0;1;1;0;1;0;3;0;4;0;0;0;0;4;0;0;0;0;4
40136;MUÑOVEROS;5;0;2;2;0;1;0;0;0;0;5;0;2;0;2;0;0;0;0;2;0;0;0
40138;NAVA DE LA ASUNCION;139;6;15;35;0;31;52;22;14;10;86;7;49;16;15;0;3;15;0;7;2;14;26
40139;NAVAFRIA;6;0;1;1;0;2;2;1;0;0;5;0;5;0;3;0;0;2;0;0;0;0;5
40140;NAVALILLA;2;0;0;1;0;0;1;0;0;1;1;0;1;0;1;0;0;0;0;0;1;0;0
40141;NAVALMANZANO;30;2;3;3;2;7;13;8;0;1;21;0;17;0;3;1;0;12;1;10;0;0;7
40142;NAVARES DE AYUSO;1;0;0;0;0;0;1;0;0;0;0;1;0;0;0;0;0;0;0;0;0;0;0
40143;NAVARES DE ENMEDIO;1;0;0;1;0;0;0;0;0;0;1;0;2;0;1;0;0;1;0;0;0;1;1
40144;NAVARES DE LAS CUEVAS;0;0;0;0;0;0;0;0;0;0;0;0;0;0;0;0;0;0;0;0;0;0;0
40145;NAVAS DE ORO;63;5;10;15;4;13;16;8;7;2;43;3;12;1;7;2;0;2;0;5;1;0;6
40146;NAVAS DE SAN ANTONIO;12;0;1;2;0;4;5;0;0;2;9;1;7;1;5;0;0;1;0;0;0;5;2
40148;NIEVA;5;0;0;1;0;1;3;2;0;0;3;0;5;0;5;0;0;0;0;1;0;3;1
40149;OLOMBRADA;11;0;2;6;0;3;0;2;0;0;9;0;1;0;0;0;0;0;1;0;0;0;1
40150;OREJANA;1;0;0;0;0;0;1;0;0;0;1;0;0;0;0;0;0;0;0;0;0;0;0
40151;ORTIGOSA DE PESTAÑO;4;0;0;1;0;1;2;1;0;0;1;2;0;0;0;0;0;0;0;0;0;0;0
40152;OTERO DE HERREROS;48;1;5;14;1;14;13;1;2;2;42;1;4;0;1;0;0;3;0;0;0;0;4
40154;PAJAREJOS;0;0;0;0;0;0;0;0;0;0;0;0;0;0;0;0;0;0;0;0;0;0;0
40155;PALAZUELOS DE ERESMA;228;7;28;43;7;79;64;2;19;14;186;7;71;1;19;0;0;50;1;0;0;2;69
40156;PEDRAZA;9;1;2;3;0;0;3;0;0;0;9;0;42;0;10;0;0;32;0;0;0;1;41
40157;PELAYOS DEL ARROYO;0;0;0;0;0;0;0;0;0;0;0;0;0;0;0;0;0;0;0;0;0;0;0
40158;PEROSILLO;1;0;0;1;0;0;0;0;0;0;1;0;0;0;0;0;0;0;0;0;0;0;0
40159;PINAREJOS;10;1;0;2;0;3;4;0;0;0;10;0;1;0;0;0;0;1;0;0;0;0;1
40160;PINARNEGRILLO;4;0;1;1;0;0;2;1;0;1;2;0;0;0;0;0;0;0;0;0;0;0;0
40161;PRADALES;0;0;0;0;0;0;0;0;0;0;0;0;1;0;1;0;0;0;0;0;1;0;0
40162;PRADENA;18;1;2;6;2;3;4;1;0;2;12;3;28;0;4;1;2;17;4;2;0;0;26
40163;PUEBLA DE PEDRAZA;0;0;0;0;0;0;0;0;0;0;0;0;0;0;0;0;0;0;0;0;0;0;0
40164;RAPARIEGOS;4;1;1;1;0;1;0;0;0;0;4;0;3;0;2;0;0;1;0;2;1;0;0
40165;REBOLLO;3;0;0;3;0;0;0;0;1;0;2;0;2;0;1;0;0;1;0;0;0;0;2
40166;REMONDO;7;0;1;3;0;1;2;3;0;0;4;0;5;0;1;1;0;1;2;0;0;0;5
40168;RIAGUAS DE SAN BARTOLOME;0;0;0;0;0;0;0;0;0;0;0;0;4;0;2;0;0;2;0;3;0;0;1
40170;RIAZA;76;1;10;22;6;15;22;8;7;4;54;3;39;1;16;4;1;15;2;0;9;0;30
40171;RIBOTA;3;0;0;2;1;0;0;1;1;0;1;0;0;0;0;0;0;0;0;0;0;0;0
40172;RIOFRIO DE RIAZA;1;0;1;0;0;0;0;0;0;0;1;0;0;0;0;0;0;0;0;0;0;0;0
40173;RODA DE ERESMA;20;1;2;5;2;6;4;0;3;0;16;1;1;0;0;0;0;1;0;0;0;0;1
40174;SACRAMENIA;4;0;1;3;0;0;0;1;0;2;1;0;25;0;3;0;0;22;0;0;0;0;25
40176;SAMBOAL;17;1;2;4;1;3;6;5;2;1;9;0;1;0;1;0;0;0;0;1;0;0;0
40177;SAN CRISTOBAL DE CUELLAR;6;0;2;2;0;1;1;1;0;1;4;0;9;1;4;0;0;4;0;4;0;0;5
40178;SAN CRISTOBAL DE LA VEGA;1;0;1;0;0;0;0;0;0;0;1;0;0;0;0;0;0;0;0;0;0;0;0
40179;SANCHONUÑO;69;1;9;6;8;26;19;18;4;0;45;2;89;2;37;2;0;48;0;2;5;2;80
40180;SANGARCIA;8;1;0;2;0;2;3;2;2;0;2;2;3;1;1;0;0;1;0;0;2;0;1
40181;REAL SITIO DE SAN ILDEFONSO;247;8;25;57;10;73;74;12;16;15;193;11;818;10;424;4;5;373;2;5;463;8;342
40182;SAN MARTIN Y MUDRIAN;5;0;0;3;1;0;1;2;0;1;2;0;205;0;77;2;0;126;0;15;189;0;1
40183;SAN MIGUEL DE BERNUY;1;0;0;0;0;0;1;0;0;0;1;0;2;0;1;0;0;0;1;0;0;1;1
40184;SAN PEDRO DE GAILLOS;10;0;2;2;0;3;3;1;0;2;7;0;6;0;4;0;1;1;0;0;0;0;6
40185;SANTA MARIA LA REAL DE NIEVA;33;3;4;7;3;6;10;7;4;0;17;5;18;5;6;2;1;3;1;4;3;1;10
40186;SANTA MARTA DEL CERRO;1;0;0;0;0;0;1;0;0;0;1;0;0;0;0;0;0;0;0;0;0;0;0
40188;SANTIUSTE DE PEDRAZA;2;0;0;1;0;0;1;0;0;0;2;0;0;0;0;0;0;0;0;0;0;0;0
40189;SANTIUSTE DE SAN JUAN BAUTISTA;20;1;2;10;0;4;3;6;4;0;10;0;0;0;0;0;0;0;0;0;0;0;0
40190;SANTO DOMINGO DE PIRON;1;0;0;0;0;1;0;0;0;0;1;0;0;0;0;0;0;0;0;0;0;0;0
40191;SANTO TOME DEL PUERTO;10;0;1;3;0;2;4;0;0;2;8;0;11;6;3;0;1;1;0;1;0;9;1
40192;SAUQUILLO DE CABEZAS;4;1;1;1;0;1;0;1;0;0;2;1;0;0;0;0;0;0;0;0;0;0;0
40193;SEBULCOR;9;0;2;2;0;4;1;3;0;2;4;0;2;0;2;0;0;0;0;2;0;0;0
40194;SEGOVIA;2660;159;449;560;124;629;739;134;151;177;1914;284;2290;81;914;42;82;1141;30;20;121;89;2060
40195;SEPULVEDA;28;3;4;6;2;4;9;0;9;0;17;2;70;0;27;0;0;43;0;0;0;1;69
40196;SEQUERA DE FRESNO;3;0;1;1;0;0;1;0;0;1;2;0;1;0;0;0;0;0;1;0;1;0;0
40198;SOTILLO;0;0;0;0;0;0;0;0;0;0;0;0;0;0;0;0;0;0;0;0;0;0;0
40199;SOTOSALBOS;1;0;1;0;0;0;0;1;0;0;0;0;4;0;2;2;0;0;0;1;0;0;3
40200;TABANERA LA LUENGA;4;0;0;0;0;1;3;1;0;0;3;0;1;0;1;0;0;0;0;0;1;0;0
40201;TOLOCIRIO;0;0;0;0;0;0;0;0;0;0;0;0;0;0;0;0;0;0;0;0;0;0;0
40202;TORREADRADA;5;0;1;2;0;1;1;1;0;0;4;0;0;0;0;0;0;0;0;0;0;0;0
40203;TORRECABALLEROS;77;3;10;15;4;27;18;2;6;5;51;13;16;1;6;0;1;8;0;2;0;1;13
40204;TORRECILLA DEL PINAR;3;0;0;1;1;1;0;1;0;0;2;0;0;0;0;0;0;0;0;0;0;0;0
40205;TORREIGLESIAS;11;0;2;2;2;3;2;3;0;0;7;1;5;0;1;0;0;4;0;0;0;0;5
40206;TORRE VAL DE SAN PEDRO;12;0;3;4;0;0;5;0;2;0;10;0;10;0;5;0;0;5;0;1;0;0;9
40207;TRESCASAS;35;1;4;9;1;10;10;0;4;2;29;0;18;0;9;1;0;7;1;0;0;0;18
40208;TUREGANO;36;1;3;9;1;8;14;3;1;2;28;2;16;1;4;1;1;8;1;3;0;1;12
40210;URUEÑAS;1;0;0;0;0;0;1;0;0;0;1;0;4;0;1;0;0;3;0;0;0;0;4
40211;VALDEPRADOS;2;0;1;0;0;1;0;0;0;0;2;0;12;0;12;0;0;0;0;12;0;0;0
40212;VALDEVACAS DE MONTEJO;1;0;0;1;0;0;0;0;0;0;1;0;0;0;0;0;0;0;0;0;0;0;0
40213;VALDEVACAS Y GUIJAR;3;1;0;1;0;1;0;0;0;0;3;0;1;0;1;0;0;0;0;0;0;0;1
40214;VALSECA;3;1;0;0;0;0;2;0;0;0;3;0;2;0;2;0;0;0;0;0;1;0;1
40215;VALTIENDAS;0;0;0;0;0;0;0;0;0;0;0;0;1;0;0;0;0;1;0;1;0;0;0
40216;VALVERDE DEL MAJANO;39;2;7;3;1;14;12;1;4;2;29;3;279;1;198;3;1;76;0;0;222;2;55
40218;VALLE DE TABLADILLO;1;0;0;1;0;0;0;0;0;0;1;0;0;0;0;0;0;0;0;0;0;0;0
40219;VALLELADO;15;0;1;4;0;2;8;0;5;0;9;1;35;1;21;2;0;11;0;19;11;1;4
40220;VALLERUELA DE PEDRAZA;1;0;0;0;0;0;1;0;0;0;1;0;1;0;1;0;0;0;0;0;0;0;1
40221;VALLERUELA DE SEPULVEDA;2;0;0;1;0;0;1;0;0;0;2;0;0;0;0;0;0;0;0;0;0;0;0
40222;VEGANZONES;5;1;2;0;0;1;1;1;0;0;4;0;3;0;1;1;0;1;0;1;0;0;2
40223;VEGAS DE MATUTE;18;0;5;6;0;2;5;2;0;1;14;1;3;0;3;0;0;0;0;0;0;0;3
40224;VENTOSILLA Y TEJADILLA;1;0;0;1;0;0;0;0;0;0;1;0;0;0;0;0;0;0;0;0;0;0;0
40225;VILLACASTIN;79;5;13;14;4;21;22;7;4;7;60;1;28;4;12;3;2;4;3;3;8;2;15
40228;VILLAVERDE DE ISCAR;31;6;6;4;2;7;6;3;6;2;15;5;3;0;3;0;0;0;0;0;0;0;3
40229;VILLAVERDE DE MONTEJO;0;0;0;0;0;0;0;0;0;0;0;0;0;0;0;0;0;0;0;0;0;0;0
40230;VILLEGUILLO;2;0;0;0;0;0;2;1;0;0;1;0;0;0;0;0;0;0;0;0;0;0;0
40231;YANGUAS DE ERESMA;8;0;1;4;0;2;1;2;0;1;5;0;1;0;1;0;0;0;0;1;0;0;0
40233;ZARZUELA DEL MONTE;21;1;1;3;0;7;9;0;1;2;16;2;1;0;1;0;0;0;0;0;0;0;1
40234;ZARZUELA DEL PINAR;14;2;0;6;2;1;3;0;3;1;8;2;0;0;0;0;0;0;0;0;0;0;0
40901;ORTIGOSA DEL MONTE;20;2;2;5;1;3;7;0;4;2;14;0;5;0;1;0;0;3;1;0;0;0;5
40902;COZUELOS DE FUENTIDUEÑA;3;0;1;0;0;2;0;1;1;0;1;0;0;0;0;0;0;0;0;0;0;0;0
40903;MARAZOLEJA;5;0;0;2;0;1;2;1;0;1;3;0;0;0;0;0;0;0;0;0;0;0;0
40904;NAVAS DE RIOFRIO;16;1;5;5;0;1;4;0;0;1;14;1;6;0;0;1;0;5;0;1;0;0;5
40905;CUEVAS DE PROVANCO;2;0;0;2;0;0;0;1;0;0;1;0;0;0;0;0;0;0;0;0;0;0;0
40906;SAN CRISTOBAL DE SEGOVIA;128;12;17;20;7;30;42;3;11;6;93;15;23;1;15;0;2;5;0;0;1;4;18
41001;AGUADULCE;97;3;11;16;12;27;28;13;6;17;54;7;509;2;278;0;3;226;0;366;10;33;100
41002;ALANIS;147;11;18;31;8;37;42;24;4;15;95;9;142;1;105;1;0;35;0;113;1;8;20
41003;ALBAIDA DEL ALJARAFE;344;12;61;55;16;124;76;19;15;35;254;21;51;0;26;0;1;24;0;9;3;9;30
41004;ALCALA DE GUADAIRA;8360;346;1197;1439;276;2287;2815;225;803;725;5785;822;3983;43;2300;112;33;1454;41;162;630;418;2773
41005;ALCALA DEL RIO;1028;46;176;189;63;319;235;135;39;117;629;108;497;3;249;3;2;238;2;218;8;14;257
41006;ALCOLEA DEL RIO;192;8;32;46;17;55;34;64;6;12;96;14;307;5;119;2;5;176;0;144;0;4;159
41007;ALGABA, LA;1917;53;319;362;68;536;579;105;88;190;1283;251;474;13;247;0;0;209;5;209;3;108;154
41008;ALGAMITAS;100;4;21;29;6;17;23;17;4;19;59;1;110;0;44;0;0;66;0;41;1;12;56
41009;ALMADEN DE LA PLATA;129;4;21;26;9;37;32;8;1;27;87;6;48;2;24;2;0;20;0;13;3;6;26
41010;ALMENSILLA;570;22;94;107;20;162;165;18;25;112;387;28;97;0;48;3;2;43;1;4;1;21;71
41011;ARAHAL;1361;93;263;294;100;378;233;217;101;165;782;96;1772;2;960;19;2;786;3;538;30;146;1058
41012;AZNALCAZAR;388;14;73;73;23;122;83;55;29;24;267;13;382;3;180;1;1;197;0;212;82;20;68
41013;AZNALCOLLAR;762;38;122;110;47;237;208;121;40;86;457;58;162;10;80;2;1;66;3;27;14;39;82
41014;BADOLATOSA;131;6;30;34;17;28;16;20;14;31;51;15;273;0;156;0;0;117;0;214;4;29;26
41015;BENACAZON;663;36;120;129;25;199;154;97;30;96;401;39;536;1;286;3;1;244;1;170;10;91;265
41016;BOLLULLOS DE LA MITACION;908;38;155;168;27;261;259;56;51;83;645;73;617;7;305;9;7;284;5;72;21;49;475
41017;BORMUJOS;1848;86;230;378;64;405;685;35;102;204;1340;167;665;5;301;16;6;325;12;15;6;83;561
41018;BRENES;863;56;148;175;53;237;194;165;46;72;524;56;1423;2;997;10;4;409;1;1174;96;29;124
41019;BURGUILLOS;687;35;101;125;42;223;161;101;44;49;451;42;108;0;56;3;1;48;0;38;10;4;56
41020;CABEZAS DE SAN JUAN, LAS;1910;130;358;401;137;549;335;360;116;315;999;120;1026;5;591;5;1;421;3;211;29;342;444
41021;CAMAS;3592;138;554;730;128;977;1065;81;176;313;2642;380;579;13;353;5;5;191;12;42;18;108;411
41022;CAMPANA, LA;219;15;50;36;23;67;28;31;22;22;126;18;266;2;149;0;1;112;2;166;5;53;42
41023;CANTILLANA;896;48;175;191;49;244;189;210;49;129;418;90;1037;3;555;3;1;474;1;941;1;47;48
41024;CARMONA;2808;158;450;563;129;739;769;326;264;311;1595;312;1692;8;992;24;10;648;10;658;57;170;807
41025;CARRION DE LOS CESPEDES;225;10;32;54;2;69;58;15;11;28;158;13;67;1;34;0;0;31;1;11;7;13;36
41026;CASARICHE;296;15;51;64;22;92;52;47;52;28;152;17;405;2;236;2;1;160;4;303;9;11;82
41027;CASTILBLANCO DE LOS ARROYOS;570;15;86;116;36;146;171;47;31;45;396;51;170;1;121;0;1;47;0;102;2;7;59
41028;CASTILLEJA DE GUZMAN;223;19;21;39;14;41;89;2;11;24;158;28;14;0;9;0;0;5;0;0;0;1;13
41029;CASTILLEJA DE LA CUESTA;1720;63;293;329;57;406;572;25;97;169;1257;172;461;13;171;4;5;259;9;0;11;30;420
41030;CASTILLEJA DEL CAMPO;60;5;9;13;4;13;16;5;4;2;46;3;36;0;16;0;1;19;0;12;5;7;12
41031;CASTILLO DE LAS GUARDAS, EL;151;6;25;40;4;27;49;8;6;36;95;6;79;0;20;0;0;59;0;9;0;3;67
41032;CAZALLA DE LA SIERRA;432;8;55;107;13;110;139;36;42;47;272;35;249;0;169;2;2;75;1;156;20;22;51
41033;CONSTANTINA;506;20;82;116;32;153;103;64;33;75;297;37;354;0;238;3;1;111;1;248;17;45;44
41034;CORIA DEL RIO;3470;159;615;699;129;929;939;269;253;323;2367;258;683;9;347;13;4;303;7;92;32;39;520
41035;CORIPE;78;10;13;15;5;13;22;10;4;13;45;6;95;0;59;0;0;36;0;83;2;5;5
41036;CORONIL, EL;348;27;63;80;19;98;61;66;9;30;207;36;245;2;122;0;0;121;0;116;1;18;110
41037;CORRALES, LOS;197;5;42;33;19;76;22;22;18;34;112;11;284;1;189;0;0;94;0;206;10;37;31
41038;DOS HERMANAS;14306;649;2140;2362;670;3835;4650;292;870;1407;10291;1446;3900;51;2338;82;36;1341;52;224;490;587;2599
41039;ECIJA;3836;171;528;785;212;1214;926;400;491;422;2202;321;3453;35;2048;20;3;1328;19;2398;158;206;691
41040;ESPARTINAS;1096;37;149;223;33;254;400;18;64;95;834;85;387;10;174;1;15;184;3;71;37;16;263
41041;ESTEPA;655;20;90;107;43;219;176;54;181;35;346;39;1770;3;1122;2;0;642;1;1447;119;39;165
41042;FUENTES DE ANDALUCIA;447;20;56;102;37;157;75;76;16;26;294;35;289;5;184;2;0;97;1;179;3;28;79
41043;GARROBO, EL;85;7;11;19;4;26;18;6;3;18;52;6;10;0;1;1;0;8;0;2;0;2;6
41044;GELVES;876;39;133;176;28;205;295;23;52;84;643;74;163;1;90;2;0;58;12;11;2;32;118
41045;GERENA;862;30;133;140;30;276;253;57;52;85;589;79;450;1;227;2;3;216;1;49;28;27;346
41046;GILENA;146;6;31;42;4;42;21;31;23;25;62;5;309;0;177;0;0;132;0;281;5;5;18
41047;GINES;1085;44;171;209;36;235;390;15;52;85;812;121;567;8;306;8;5;236;4;3;8;50;506
41048;GUADALCANAL;194;9;32;49;11;48;45;44;4;29;101;16;203;0;147;0;0;56;0;180;2;2;19
41049;GUILLENA;1504;78;230;299;67;470;360;118;165;353;725;143;309;2;208;4;0;94;1;61;24;56;168
41050;HERRERA;321;16;48;50;24;109;74;34;72;27;168;20;623;0;433;3;2;184;1;473;12;37;101
41051;HUEVAR DEL ALJARAFE;266;6;39;59;16;71;75;30;21;32;173;10;118;0;78;0;0;40;0;33;32;4;49
41052;LANTEJUELA;283;24;52;65;31;71;40;50;23;65;128;17;249;0;138;3;1;106;1;110;25;78;36
41053;LEBRIJA;2904;153;519;618;121;845;648;537;124;326;1640;277;2205;6;1270;6;5;915;3;518;51;241;1395
41054;LORA DE ESTEPA;46;7;3;8;4;14;10;8;4;5;26;3;106;0;73;0;0;33;0;90;1;10;5
41055;LORA DEL RIO;1305;72;233;290;104;371;235;242;53;181;719;110;1491;4;784;8;4;686;5;972;7;178;334
41056;LUISIANA, LA;328;22;60;43;14;131;58;51;47;43;167;20;231;4;144;2;0;81;0;118;13;71;29
41057;MADROÑO, EL;25;2;4;8;1;5;5;2;0;14;7;2;2;0;0;0;0;2;0;0;0;0;2
41058;MAIRENA DEL ALCOR;2342;113;338;302;111;734;744;115;168;258;1583;218;536;3;260;6;6;255;6;110;31;85;310
41059;MAIRENA DEL ALJARAFE;3887;158;661;702;119;977;1270;52;193;258;2996;388;1380;33;742;24;27;504;50;6;48;147;1179
41060;MARCHENA;1672;74;268;303;91;490;446;181;223;149;959;160;1073;5;748;12;1;305;2;468;248;121;236
41061;MARINALEDA;90;5;18;13;9;36;9;22;14;7;40;7;165;1;109;0;0;55;0;106;1;37;21
41062;MARTIN DE LA JARA;130;10;22;26;11;46;15;22;8;9;83;8;313;1;173;0;0;139;0;230;0;8;75
41063;MOLARES, LOS;367;17;60;76;27;120;67;48;18;44;238;19;94;1;62;6;0;25;0;8;43;4;39
41064;MONTELLANO;508;33;103;123;34;134;81;89;25;92;273;29;325;2;176;1;0;145;1;118;8;48;151
41065;MORON DE LA FRONTERA;2625;111;383;549;148;636;798;365;358;204;1441;257;1178;10;714;10;0;438;6;440;322;109;307
41066;NAVAS DE LA CONCEPCION, LAS;76;4;6;23;5;25;13;10;3;11;48;4;149;0;96;0;0;53;0;89;9;14;37
41067;OLIVARES;1089;60;164;220;50;258;337;82;75;153;659;120;403;2;157;1;4;235;4;115;11;32;245
41068;OSUNA;1399;81;266;215;124;398;315;166;49;75;994;115;1624;7;935;3;9;663;7;994;103;64;463
41069;PALACIOS Y VILLAFRANCA, LOS;3823;269;754;756;260;1107;677;486;240;558;2201;338;1236;5;675;15;5;522;14;255;81;174;726
41070;PALOMARES DEL RIO;639;24;98;126;11;180;200;10;34;55;497;43;82;2;40;6;3;30;1;0;7;8;67
41071;PARADAS;424;27;66;94;31;139;67;79;38;41;236;30;716;1;379;3;0;333;0;568;11;38;99
41072;PEDRERA;294;14;42;65;21;97;55;52;19;36;169;18;604;6;310;4;0;282;2;516;10;45;33
41073;PEDROSO, EL;229;0;32;48;3;60;86;16;8;22;178;5;151;0;120;1;0;29;1;110;3;10;28
41074;PEÑAFLOR;189;6;41;40;13;50;39;46;7;31;97;8;419;0;276;0;0;143;0;368;2;23;26
41075;PILAS;1191;81;218;212;87;354;239;240;96;102;695;58;398;3;189;1;0;201;4;112;36;82;168
41076;PRUNA;165;12;37;41;18;42;15;44;3;23;83;12;203;0;118;0;0;85;0;168;0;14;21
41077;PUEBLA DE CAZALLA, LA;904;48;140;190;67;266;193;171;44;78;560;51;805;3;499;1;2;299;1;566;2;94;143
41078;PUEBLA DE LOS INFANTES, LA;166;11;33;40;11;34;37;43;5;9;99;10;385;0;229;0;0;156;0;332;0;0;53
41079;PUEBLA DEL RIO, LA;1516;95;269;278;80;412;382;133;94;161;1005;123;260;1;158;4;0;94;3;35;6;31;188
41080;REAL DE LA JARA, EL;188;15;15;28;14;55;61;11;9;29;122;17;65;0;46;1;0;18;0;17;0;34;14
41081;RINCONADA, LA;4339;247;650;760;249;1173;1260;416;245;395;2803;480;1695;40;1032;23;31;552;17;613;234;168;680
41082;RODA DE ANDALUCIA, LA;232;8;28;34;18;68;76;22;32;43;125;10;927;5;584;3;0;335;0;792;45;36;54
41083;RONQUILLO, EL;156;11;26;39;7;30;43;7;2;21;123;3;35;0;27;1;0;7;0;4;0;3;28
41084;RUBIO, EL;187;11;28;38;24;59;27;35;13;31;100;8;419;0;227;1;1;190;0;360;7;25;27
41085;SALTERAS;547;23;76;97;13;131;207;7;31;40;430;39;675;4;403;9;1;252;6;33;16;42;584
41086;SAN JUAN DE AZNALFARACHE;2711;108;491;565;114;673;760;90;106;241;1958;316;577;9;203;9;9;330;17;17;43;17;500
41087;SANLUCAR LA MAYOR;1506;60;279;269;57;399;442;81;89;168;1054;114;493;4;259;3;4;217;6;79;40;44;330
41088;SAN NICOLAS DEL PUERTO;71;4;13;13;4;21;16;15;2;25;27;2;22;0;12;2;1;7;0;10;1;4;7
41089;SANTIPONCE;1018;50;153;187;37;247;344;20;69;84;729;116;313;11;178;2;1;117;4;9;3;6;295
41090;SAUCEJO, EL;270;13;40;46;36;91;44;47;11;30;160;22;581;0;378;1;2;200;0;476;3;41;61
41091;SEVILLA;68016;2522;11149;14280;2511;16186;21368;1475;3374;4781;49008;9378;37106;708;17256;697;687;17169;589;1653;1856;2027;31570
41092;TOCINA;584;29;101;127;26;172;129;121;33;39;347;44;432;4;228;1;1;191;7;161;5;11;255
41093;TOMARES;1626;50;238;344;45;414;535;31;82;105;1248;160;625;11;303;8;35;256;12;1;6;43;575
41094;UMBRETE;799;28;119;159;31;230;232;53;57;121;515;53;137;3;71;2;3;54;4;36;9;8;84
41095;UTRERA;6629;298;1039;1197;305;1848;1942;582;534;640;4141;732;1532;15;845;21;13;621;17;510;101;221;700
41096;VALENCINA DE LA CONCEPCION;759;30;114;157;28;165;265;7;37;63;586;66;334;2;198;9;7;116;2;4;38;33;259
41097;VILLAMANRIQUE DE LA CONDESA;323;19;60;64;22;103;55;90;14;41;165;13;130;0;74;2;0;53;1;87;0;14;29
41098;VILLANUEVA DEL ARISCAL;726;16;112;157;30;177;234;40;28;83;516;59;100;2;58;2;0;37;1;23;1;37;39
41099;VILLANUEVA DEL RIO Y MINAS;493;15;60;122;26;123;147;110;35;53;255;40;114;0;63;1;0;50;0;94;2;9;9
41100;VILLANUEVA DE SAN JUAN;80;5;22;20;5;13;15;13;2;17;44;4;76;0;42;1;0;32;1;51;9;11;5
41101;VILLAVERDE DEL RIO;645;48;142;127;39;167;122;112;26;119;331;57;903;3;532;1;1;366;0;832;7;23;41
41102;VISO DEL ALCOR, EL;2028;72;271;301;90;642;652;173;257;180;1208;210;492;7;261;14;1;201;8;48;69;85;290
41901;CAÑADA ROSAL;207;12;28;36;23;70;38;14;58;25;90;20;381;0;142;2;0;237;0;98;230;20;33
41902;ISLA MAYOR;514;23;112;95;28;151;105;122;100;12;273;7;138;2;67;1;0;67;1;35;23;2;78
41903;CUERVO DE SEVILLA, EL;1031;51;156;217;55;323;229;170;38;162;568;93;224;1;128;4;2;87;2;19;8;26;171
42001;ABEJAR;17;2;0;4;1;4;6;0;1;1;15;0;14;0;9;0;0;5;0;1;0;0;13
42003;ADRADAS;0;0;0;0;0;0;0;0;0;0;0;0;4;0;1;0;0;3;0;1;0;0;3
42004;AGREDA;117;5;15;18;4;39;36;8;33;1;68;7;118;1;79;2;2;34;0;10;70;3;35
42006;ALCONABA;3;0;1;1;0;1;0;0;0;0;2;1;2;0;2;0;0;0;0;0;2;0;0
42007;ALCUBILLA DE AVELLANEDA;3;0;0;2;0;0;1;0;0;0;3;0;0;0;0;0;0;0;0;0;0;0;0
42008;ALCUBILLA DE LAS PEÑAS;0;0;0;0;0;0;0;0;0;0;0;0;0;0;0;0;0;0;0;0;0;0;0
42009;ALDEALAFUENTE;0;0;0;0;0;0;0;0;0;0;0;0;1;0;1;0;0;0;0;1;0;0;0
42010;ALDEALICES;1;0;0;0;0;1;0;0;0;0;0;1;0;0;0;0;0;0;0;0;0;0;0
42011;ALDEALPOZO;0;0;0;0;0;0;0;0;0;0;0;0;0;0;0;0;0;0;0;0;0;0;0
42012;ALDEALSEÑOR;1;0;1;0;0;0;0;0;0;0;1;0;0;0;0;0;0;0;0;0;0;0;0
42013;ALDEHUELA DE PERIAÑEZ;0;0;0;0;0;0;0;0;0;0;0;0;0;0;0;0;0;0;0;0;0;0;0
42014;ALDEHUELAS, LAS;1;0;1;0;0;0;0;0;0;0;1;0;0;0;0;0;0;0;0;0;0;0;0
42015;ALENTISQUE;0;0;0;0;0;0;0;0;0;0;0;0;3;0;3;0;0;0;0;0;0;3;0
42016;ALIUD;0;0;0;0;0;0;0;0;0;0;0;0;0;0;0;0;0;0;0;0;0;0;0
42017;ALMAJANO;7;0;3;1;0;2;1;2;0;1;2;2;1;0;0;0;0;1;0;0;0;0;1
42018;ALMALUEZ;0;0;0;0;0;0;0;0;0;0;0;0;0;0;0;0;0;0;0;0;0;0;0
42019;ALMARZA;12;1;1;5;0;2;3;1;1;2;7;1;9;0;3;1;0;4;1;0;2;1;6
42020;ALMAZAN;278;20;39;51;15;80;73;24;26;13;185;30;123;6;52;2;1;59;3;2;38;9;74
42021;ALMAZUL;2;0;0;2;0;0;0;1;1;0;0;0;1;0;1;0;0;0;0;0;0;1;0
42022;ALMENAR DE SORIA;6;0;1;4;0;1;0;0;2;0;4;0;2;0;0;0;0;2;0;0;0;0;2
42023;ALPANSEQUE;1;0;0;1;0;0;0;0;0;0;1;0;0;0;0;0;0;0;0;0;0;0;0
42024;ARANCON;0;0;0;0;0;0;0;0;0;0;0;0;0;0;0;0;0;0;0;0;0;0;0
42025;ARCOS DE JALON;50;3;5;15;0;15;12;1;6;6;33;4;27;2;8;0;0;17;0;1;2;5;19
42026;ARENILLAS;3;0;1;1;1;0;0;0;0;1;1;1;0;0;0;0;0;0;0;0;0;0;0
42027;AREVALO DE LA SIERRA;0;0;0;0;0;0;0;0;0;0;0;0;2;0;0;0;0;2;0;0;0;0;2
42028;AUSEJO DE LA SIERRA;2;0;0;1;0;1;0;0;0;0;2;0;1;0;0;0;0;1;0;0;0;0;1
42029;BARAONA;4;0;0;0;0;2;2;0;0;0;4;0;1;0;1;0;0;0;0;1;0;0;0
42030;BARCA;1;0;0;1;0;0;0;0;0;0;1;0;1;0;0;0;0;1;0;0;0;0;1
42031;BARCONES;0;0;0;0;0;0;0;0;0;0;0;0;0;0;0;0;0;0;0;0;0;0;0
42032;BAYUBAS DE ABAJO;2;0;0;0;1;0;1;0;0;0;1;1;1;0;1;0;0;0;0;0;0;0;1
42033;BAYUBAS DE ARRIBA;1;0;0;0;0;0;1;0;0;0;1;0;0;0;0;0;0;0;0;0;0;0;0
42034;BERATON;0;0;0;0;0;0;0;0;0;0;0;0;0;0;0;0;0;0;0;0;0;0;0
42035;BERLANGA DE DUERO;20;0;4;8;0;3;5;0;2;3;15;0;7;0;1;0;0;6;0;0;0;0;7
42036;BLACOS;1;0;0;0;0;0;1;0;0;0;1;0;0;0;0;0;0;0;0;0;0;0;0
42037;BLIECOS;0;0;0;0;0;0;0;0;0;0;0;0;0;0;0;0;0;0;0;0;0;0;0
42038;BORJABAD;0;0;0;0;0;0;0;0;0;0;0;0;0;0;0;0;0;0;0;0;0;0;0
42039;BOROBIA;7;0;3;4;0;0;0;1;1;1;4;0;2;0;1;0;0;1;0;0;1;0;1
42041;BUBEROS;0;0;0;0;0;0;0;0;0;0;0;0;0;0;0;0;0;0;0;0;0;0;0
42042;BUITRAGO;1;0;0;0;0;1;0;0;0;0;1;0;0;0;0;0;0;0;0;0;0;0;0
42043;BURGO DE OSMA-CIUDAD DE OSMA;223;10;23;44;7;60;79;29;32;13;144;5;149;2;60;7;2;73;5;25;23;1;100
42044;CABREJAS DEL CAMPO;0;0;0;0;0;0;0;0;0;0;0;0;0;0;0;0;0;0;0;0;0;0;0
42045;CABREJAS DEL PINAR;18;0;1;2;1;3;11;0;3;1;10;4;4;0;1;1;0;0;2;0;4;0;0
42046;CALATAÑAZOR;1;0;0;1;0;0;0;0;0;0;1;0;8;0;3;0;0;5;0;0;0;0;8
42048;CALTOJAR;0;0;0;0;0;0;0;0;0;0;0;0;0;0;0;0;0;0;0;0;0;0;0
42049;CANDILICHERA;2;0;0;1;0;0;1;0;0;0;2;0;1;0;1;0;0;0;0;1;0;0;0
42050;CAÑAMAQUE;0;0;0;0;0;0;0;0;0;0;0;0;0;0;0;0;0;0;0;0;0;0;0
42051;CARABANTES;0;0;0;0;0;0;0;0;0;0;0;0;0;0;0;0;0;0;0;0;0;0;0
42052;CARACENA;0;0;0;0;0;0;0;0;0;0;0;0;0;0;0;0;0;0;0;0;0;0;0
42053;CARRASCOSA DE ABAJO;0;0;0;0;0;0;0;0;0;0;0;0;0;0;0;0;0;0;0;0;0;0;0
42054;CARRASCOSA DE LA SIERRA;0;0;0;0;0;0;0;0;0;0;0;0;0;0;0;0;0;0;0;0;0;0;0
42055;CASAREJOS;10;0;1;3;0;2;4;0;2;0;6;2;1;0;0;0;0;1;0;0;0;0;1
42056;CASTILFRIO DE LA SIERRA;2;0;0;0;0;0;2;0;1;0;0;1;0;0;0;0;0;0;0;0;0;0;0
42057;CASTILRUIZ;7;0;1;3;0;1;2;1;2;2;2;0;5;0;1;0;0;3;1;2;3;0;0
42058;CASTILLEJO DE ROBLEDO;4;0;0;4;0;0;0;1;0;0;3;0;3;0;3;0;0;0;0;0;0;0;3
42059;CENTENERA DE ANDALUZ;0;0;0;0;0;0;0;0;0;0;0;0;0;0;0;0;0;0;0;0;0;0;0
42060;CERBON;2;0;0;1;0;0;1;0;0;0;2;0;0;0;0;0;0;0;0;0;0;0;0
42061;CIDONES;4;0;1;1;0;0;2;0;0;0;3;1;0;0;0;0;0;0;0;0;0;0;0
42062;CIGUDOSA;0;0;0;0;0;0;0;0;0;0;0;0;0;0;0;0;0;0;0;0;0;0;0
42063;CIHUELA;1;0;0;0;0;1;0;0;0;0;1;0;0;0;0;0;0;0;0;0;0;0;0
42064;CIRIA;0;0;0;0;0;0;0;0;0;0;0;0;0;0;0;0;0;0;0;0;0;0;0
42065;CIRUJALES DEL RIO;1;0;1;0;0;0;0;0;0;0;1;0;0;0;0;0;0;0;0;0;0;0;0
42068;COSCURITA;1;0;0;0;0;1;0;0;0;0;1;0;0;0;0;0;0;0;0;0;0;0;0
42069;COVALEDA;73;1;8;17;3;18;26;5;5;1;60;2;15;1;4;0;1;9;0;0;0;0;15
42070;CUBILLA;1;0;0;1;0;0;0;1;0;0;0;0;0;0;0;0;0;0;0;0;0;0;0
42071;CUBO DE LA SOLANA;1;0;0;1;0;0;0;1;0;0;0;0;1;1;0;0;0;0;0;1;0;0;0
42073;CUEVA DE AGREDA;1;0;0;0;0;0;1;0;0;0;1;0;7;0;2;0;0;5;0;0;0;0;7
42075;DEVANOS;6;0;0;3;0;0;3;0;0;1;4;1;0;0;0;0;0;0;0;0;0;0;0
42076;DEZA;3;0;2;0;0;1;0;0;0;0;3;0;0;0;0;0;0;0;0;0;0;0;0
42078;DURUELO DE LA SIERRA;40;2;7;9;3;7;12;0;2;3;31;4;5;0;2;0;0;2;1;0;1;0;4
42079;ESCOBOSA DE ALMAZAN;0;0;0;0;0;0;0;0;0;0;0;0;0;0;0;0;0;0;0;0;0;0;0
42080;ESPEJA DE SAN MARCELINO;5;0;1;1;0;2;1;0;0;1;4;0;1;0;1;0;0;0;0;0;0;1;0
42081;ESPEJON;7;0;0;3;0;3;1;0;5;0;2;0;0;0;0;0;0;0;0;0;0;0;0
42082;ESTEPA DE SAN JUAN;0;0;0;0;0;0;0;0;0;0;0;0;0;0;0;0;0;0;0;0;0;0;0
42083;FRECHILLA DE ALMAZAN;0;0;0;0;0;0;0;0;0;0;0;0;0;0;0;0;0;0;0;0;0;0;0
42084;FRESNO DE CARACENA;0;0;0;0;0;0;0;0;0;0;0;0;0;0;0;0;0;0;0;0;0;0;0
42085;FUENTEARMEGIL;2;0;0;1;0;0;1;0;1;0;1;0;0;0;0;0;0;0;0;0;0;0;0
42086;FUENTECAMBRON;0;0;0;0;0;0;0;0;0;0;0;0;0;0;0;0;0;0;0;0;0;0;0
42087;FUENTECANTOS;2;1;0;1;0;0;0;1;0;0;1;0;0;0;0;0;0;0;0;0;0;0;0
42088;FUENTELMONGE;0;0;0;0;0;0;0;0;0;0;0;0;0;0;0;0;0;0;0;0;0;0;0
42089;FUENTELSAZ DE SORIA;2;0;0;2;0;0;0;0;0;1;1;0;0;0;0;0;0;0;0;0;0;0;0
42090;FUENTEPINILLA;2;0;0;2;0;0;0;0;0;1;1;0;0;0;0;0;0;0;0;0;0;0;0
42092;FUENTES DE MAGAÑA;3;0;2;1;0;0;0;0;0;1;2;0;0;0;0;0;0;0;0;0;0;0;0
42093;FUENTESTRUN;0;0;0;0;0;0;0;0;0;0;0;0;0;0;0;0;0;0;0;0;0;0;0
42094;GARRAY;19;1;0;6;1;4;7;0;0;1;16;2;17;1;2;5;0;8;1;5;3;0;9
42095;GOLMAYO;99;2;18;23;3;27;26;1;5;8;78;7;59;3;19;2;3;30;2;0;6;10;43
42096;GOMARA;5;1;2;1;0;1;0;0;0;1;4;0;5;0;0;0;1;4;0;0;0;0;5
42097;GORMAZ;0;0;0;0;0;0;0;0;0;0;0;0;0;0;0;0;0;0;0;0;0;0;0
42098;HERRERA DE SORIA;0;0;0;0;0;0;0;0;0;0;0;0;0;0;0;0;0;0;0;0;0;0;0
42100;HINOJOSA DEL CAMPO;0;0;0;0;0;0;0;0;0;0;0;0;0;0;0;0;0;0;0;0;0;0;0
42103;LANGA DE DUERO;10;0;2;3;0;2;3;0;1;0;9;0;4;0;2;0;1;1;0;0;0;2;2
42105;LICERAS;0;0;0;0;0;0;0;0;0;0;0;0;0;0;0;0;0;0;0;0;0;0;0
42106;LOSILLA, LA;0;0;0;0;0;0;0;0;0;0;0;0;0;0;0;0;0;0;0;0;0;0;0
42107;MAGAÑA;2;0;0;1;0;0;1;0;0;0;2;0;0;0;0;0;0;0;0;0;0;0;0
42108;MAJAN;0;0;0;0;0;0;0;0;0;0;0;0;0;0;0;0;0;0;0;0;0;0;0
42110;MATALEBRERAS;3;0;1;2;0;0;0;0;1;1;1;0;2;0;0;0;0;2;0;0;1;0;1
42111;MATAMALA DE ALMAZAN;11;1;1;3;0;4;2;1;2;1;6;1;2;0;1;0;0;1;0;1;0;0;1
42113;MEDINACELI;17;1;3;2;2;3;6;0;3;0;13;1;26;1;13;0;0;12;0;1;0;1;24
42115;MIÑO DE MEDINACELI;3;1;0;2;0;0;0;0;0;1;2;0;0;0;0;0;0;0;0;0;0;0;0
42116;MIÑO DE SAN ESTEBAN;1;0;0;0;0;0;1;0;0;0;1;0;2;0;0;1;0;1;0;0;0;2;0
42117;MOLINOS DE DUERO;3;0;1;2;0;0;0;1;0;0;2;0;1;0;1;0;0;0;0;0;0;0;1
42118;MOMBLONA;0;0;0;0;0;0;0;0;0;0;0;0;0;0;0;0;0;0;0;0;0;0;0
42119;MONTEAGUDO DE LAS VICARIAS;4;0;0;0;0;4;0;0;1;0;2;1;2;0;0;0;0;2;0;0;0;0;2
42120;MONTEJO DE TIERMES;3;0;0;1;0;1;1;0;0;0;3;0;5;0;2;0;2;1;0;1;0;0;4
42121;MONTENEGRO DE CAMEROS;1;0;0;0;0;0;1;0;0;0;1;0;0;0;0;0;0;0;0;0;0;0;0
42123;MORON DE ALMAZAN;4;1;0;2;0;1;0;0;0;0;3;1;2;0;0;1;0;1;0;1;0;0;1
42124;MURIEL DE LA FUENTE;1;0;0;1;0;0;0;0;0;0;1;0;1;0;0;0;0;1;0;0;0;0;1
42125;MURIEL VIEJO;2;0;1;1;0;0;0;1;0;0;1;0;0;0;0;0;0;0;0;0;0;0;0
42127;NAFRIA DE UCERO;1;0;0;1;0;0;0;1;0;0;0;0;0;0;0;0;0;0;0;0;0;0;0
42128;NARROS;0;0;0;0;0;0;0;0;0;0;0;0;0;0;0;0;0;0;0;0;0;0;0
42129;NAVALENO;30;0;2;9;1;5;13;2;10;1;16;1;20;2;13;1;1;3;0;0;0;1;19
42130;NEPAS;0;0;0;0;0;0;0;0;0;0;0;0;0;0;0;0;0;0;0;0;0;0;0
42131;NOLAY;0;0;0;0;0;0;0;0;0;0;0;0;0;0;0;0;0;0;0;0;0;0;0
42132;NOVIERCAS;4;0;1;1;0;2;0;0;2;0;2;0;1;0;1;0;0;0;0;0;0;0;1
42134;OLVEGA;146;7;30;27;13;36;33;3;48;4;85;6;170;4;100;11;1;52;2;4;44;13;109
42135;ONCALA;2;1;0;0;0;1;0;0;0;0;2;0;1;0;1;0;0;0;0;0;0;0;1
42139;PINILLA DEL CAMPO;0;0;0;0;0;0;0;0;0;0;0;0;0;0;0;0;0;0;0;0;0;0;0
42140;PORTILLO DE SORIA;0;0;0;0;0;0;0;0;0;0;0;0;0;0;0;0;0;0;0;0;0;0;0
42141;POVEDA DE SORIA, LA;3;0;1;1;0;0;1;1;0;0;2;0;0;0;0;0;0;0;0;0;0;0;0
42142;POZALMURO;2;0;0;2;0;0;0;0;0;0;2;0;0;0;0;0;0;0;0;0;0;0;0
42144;QUINTANA REDONDA;14;1;2;5;0;4;2;0;0;0;13;1;5;0;2;0;0;3;0;0;3;0;2
42145;QUINTANAS DE GORMAZ;4;0;0;3;0;0;1;2;0;0;2;0;0;0;0;0;0;0;0;0;0;0;0
42148;QUIÑONERIA;0;0;0;0;0;0;0;0;0;0;0;0;0;0;0;0;0;0;0;0;0;0;0
42149;RABANOS, LOS;15;0;0;7;1;3;4;0;0;1;13;1;33;0;19;0;2;12;0;1;26;0;6
42151;REBOLLAR;1;0;0;0;0;1;0;0;0;0;1;0;0;0;0;0;0;0;0;0;0;0;0
42152;RECUERDA;3;0;0;1;0;0;2;1;0;0;2;0;0;0;0;0;0;0;0;0;0;0;0
42153;RELLO;0;0;0;0;0;0;0;0;0;0;0;0;0;0;0;0;0;0;0;0;0;0;0
42154;RENIEBLAS;4;0;1;1;0;1;1;1;1;0;2;0;0;0;0;0;0;0;0;0;0;0;0
42155;RETORTILLO DE SORIA;3;0;0;1;0;0;2;0;0;0;3;0;5;0;0;0;0;1;4;0;0;0;5
42156;REZNOS;1;0;0;1;0;0;0;0;0;0;1;0;0;0;0;0;0;0;0;0;0;0;0
42157;RIBA DE ESCALOTE, LA;0;0;0;0;0;0;0;0;0;0;0;0;0;0;0;0;0;0;0;0;0;0;0
42158;RIOSECO DE SORIA;1;0;0;0;0;0;1;0;0;0;1;0;5;0;2;0;0;3;0;0;0;0;5
42159;ROLLAMIENTA;2;0;0;1;0;0;1;0;0;0;2;0;0;0;0;0;0;0;0;0;0;0;0
42160;ROYO, EL;4;1;0;0;0;1;2;1;1;0;2;0;7;0;0;0;1;6;0;0;0;0;7
42161;SALDUERO;6;1;0;1;0;2;2;0;1;0;4;1;6;0;5;0;0;1;0;0;0;0;6
42162;SAN ESTEBAN DE GORMAZ;107;2;22;29;3;25;26;28;13;5;57;4;62;1;36;0;1;24;0;23;9;7;23
42163;SAN FELICES;7;1;0;2;0;0;4;1;0;0;5;1;0;0;0;0;0;0;0;0;0;0;0
42164;SAN LEONARDO DE YAGÜE;111;7;13;34;7;25;25;19;34;5;51;2;24;0;7;0;0;16;1;0;2;0;22
42165;SAN PEDRO MANRIQUE;25;4;4;7;1;4;5;4;5;1;12;3;20;1;8;0;0;10;1;0;5;5;10
42166;SANTA CRUZ DE YANGUAS;2;0;0;1;0;0;1;0;0;0;2;0;0;0;0;0;0;0;0;0;0;0;0
42167;SANTA MARIA DE HUERTA;10;0;1;3;0;2;4;2;1;0;7;0;4;0;0;0;0;4;0;0;0;0;4
42168;SANTA MARIA DE LAS HOYAS;3;0;1;2;0;0;0;0;0;0;3;0;0;0;0;0;0;0;0;0;0;0;0
42171;SERON DE NAGIMA;1;0;1;0;0;0;0;0;0;1;0;0;1;0;0;0;0;0;1;0;0;0;1
42172;SOLIEDRA;0;0;0;0;0;0;0;0;0;0;0;0;0;0;0;0;0;0;0;0;0;0;0
42173;SORIA;1890;125;307;390;109;492;467;140;161;115;1256;218;1346;25;613;24;43;625;16;21;232;57;1036
42174;SOTILLO DEL RINCON;8;0;2;2;0;2;2;1;0;1;6;0;2;0;1;0;0;1;0;0;0;0;2
42175;SUELLACABRAS;0;0;0;0;0;0;0;0;0;0;0;0;0;0;0;0;0;0;0;0;0;0;0
42176;TAJAHUERCE;0;0;0;0;0;0;0;0;0;0;0;0;0;0;0;0;0;0;0;0;0;0;0
42177;TAJUECO;0;0;0;0;0;0;0;0;0;0;0;0;0;0;0;0;0;0;0;0;0;0;0
42178;TALVEILA;4;0;1;2;0;0;1;0;2;0;2;0;1;0;0;0;0;1;0;0;0;0;1
42181;TARDELCUENDE;14;1;7;2;1;2;1;2;5;0;7;0;9;0;6;0;0;3;0;6;2;0;1
42182;TARODA;1;0;0;0;0;0;1;0;0;0;1;0;0;0;0;0;0;0;0;0;0;0;0
42183;TEJADO;0;0;0;0;0;0;0;0;0;0;0;0;1;0;1;0;0;0;0;0;0;0;1
42184;TORLENGUA;1;0;0;1;0;0;0;0;0;0;1;0;0;0;0;0;0;0;0;0;0;0;0
42185;TORREBLACOS;0;0;0;0;0;0;0;0;0;0;0;0;0;0;0;0;0;0;0;0;0;0;0
42187;TORRUBIA DE SORIA;0;0;0;0;0;0;0;0;0;0;0;0;0;0;0;0;0;0;0;0;0;0;0
42188;TREVAGO;1;0;0;0;0;0;1;0;0;0;1;0;2;0;2;0;0;0;0;0;0;0;2
42189;UCERO;3;0;1;1;0;1;0;0;1;0;2;0;4;0;2;0;0;2;0;1;0;0;3
42190;VADILLO;3;0;0;1;0;1;1;1;0;0;2;0;0;0;0;0;0;0;0;0;0;0;0
42191;VALDEAVELLANO DE TERA;7;0;1;2;0;3;1;0;0;0;7;0;6;0;3;0;0;3;0;0;0;2;4
42192;VALDEGEÑA;2;0;0;1;0;0;1;0;1;0;1;0;0;0;0;0;0;0;0;0;0;0;0
42193;VALDELAGUA DEL CERRO;1;0;0;1;0;0;0;0;0;0;1;0;0;0;0;0;0;0;0;0;0;0;0
42194;VALDEMALUQUE;2;0;0;1;0;0;1;1;0;0;1;0;0;0;0;0;0;0;0;0;0;0;0
42195;VALDENEBRO;7;0;1;2;0;0;4;3;0;0;4;0;0;0;0;0;0;0;0;0;0;0;0
42196;VALDEPRADO;0;0;0;0;0;0;0;0;0;0;0;0;0;0;0;0;0;0;0;0;0;0;0
42197;VALDERRODILLA;0;0;0;0;0;0;0;0;0;0;0;0;0;0;0;0;0;0;0;0;0;0;0
42198;VALTAJEROS;0;0;0;0;0;0;0;0;0;0;0;0;0;0;0;0;0;0;0;0;0;0;0
42200;VELAMAZAN;1;0;0;1;0;0;0;0;0;0;1;0;1;0;0;0;1;0;0;0;0;0;1
42201;VELILLA DE LA SIERRA;0;0;0;0;0;0;0;0;0;0;0;0;0;0;0;0;0;0;0;0;0;0;0
42202;VELILLA DE LOS AJOS;0;0;0;0;0;0;0;0;0;0;0;0;1;0;0;0;0;1;0;0;0;0;1
42204;VIANA DE DUERO;2;0;0;1;0;0;1;0;2;0;0;0;0;0;0;0;0;0;0;0;0;0;0
42205;VILLACIERVOS;1;0;0;1;0;0;0;0;0;0;1;0;0;0;0;0;0;0;0;0;0;0;0
42206;VILLANUEVA DE GORMAZ;0;0;0;0;0;0;0;0;0;0;0;0;0;0;0;0;0;0;0;0;0;0;0
42207;VILLAR DEL ALA;2;0;1;0;0;0;1;0;0;0;2;0;0;0;0;0;0;0;0;0;0;0;0
42208;VILLAR DEL CAMPO;1;0;0;0;0;0;1;0;0;0;1;0;0;0;0;0;0;0;0;0;0;0;0
42209;VILLAR DEL RIO;8;0;4;2;0;1;1;1;0;0;7;0;0;0;0;0;0;0;0;0;0;0;0
42211;VILLARES DE SORIA, LOS;0;0;0;0;0;0;0;0;0;0;0;0;0;0;0;0;0;0;0;0;0;0;0
42212;VILLASAYAS;1;1;0;0;0;0;0;0;1;0;0;0;0;0;0;0;0;0;0;0;0;0;0
42213;VILLASECA DE ARCIEL;0;0;0;0;0;0;0;0;0;0;0;0;0;0;0;0;0;0;0;0;0;0;0
42215;VINUESA;28;0;4;6;1;9;8;0;4;5;18;1;44;2;18;0;0;24;0;3;1;0;40
42216;VIZMANOS;0;0;0;0;0;0;0;0;0;0;0;0;0;0;0;0;0;0;0;0;0;0;0
42217;VOZMEDIANO;0;0;0;0;0;0;0;0;0;0;0;0;0;0;0;0;0;0;0;0;0;0;0
42218;YANGUAS;2;0;1;1;0;0;0;0;1;0;1;0;0;0;0;0;0;0;0;0;0;0;0
42219;YELO;1;0;0;1;0;0;0;0;0;0;1;0;0;0;0;0;0;0;0;0;0;0;0
38001;ADEJE;3186;121;622;617;113;839;874;27;58;176;2780;145;4113;118;1629;161;101;1940;164;20;30;172;3891
38002;AGULO;104;5;12;34;3;24;26;41;0;13;46;4;16;1;7;0;0;8;0;0;1;2;13
38003;ALAJERO;136;4;27;41;5;21;38;30;2;20;82;2;62;0;16;1;1;43;1;0;0;2;60
38004;ARAFO;550;18;75;142;24;115;176;22;36;51;398;43;243;7;132;16;3;81;4;4;42;29;168
38005;ARICO;701;24;108;197;24;161;187;25;63;86;480;47;189;8;104;6;4;62;5;42;55;13;79
38006;ARONA;7460;285;1235;1744;275;1752;2169;155;205;575;6204;321;3880;255;1386;254;132;1632;221;42;123;189;3526
38007;BARLOVENTO;176;4;30;54;4;26;58;15;9;19;119;14;17;1;9;0;0;7;0;3;0;9;5
38008;BREÑA ALTA;697;19;107;175;11;138;247;47;40;63;480;67;185;1;62;6;3;110;3;1;9;17;158
38009;BREÑA BAJA;463;8;79;113;11;109;143;25;16;43;342;37;237;5;89;4;2;134;3;4;6;4;223
38010;BUENAVISTA DEL NORTE;491;19;73;147;18;99;135;36;10;39;353;53;130;2;49;8;1;64;6;20;0;4;106
38011;CANDELARIA;2373;72;352;543;58;561;787;33;148;177;1838;177;452;12;234;11;12;168;15;1;9;45;397
38012;FASNIA;249;10;40;83;0;46;70;12;20;34;168;15;43;2;17;0;0;23;1;2;1;2;38
38013;FRONTERA;307;9;55;93;10;66;74;20;23;44;187;33;38;0;10;2;1;23;2;2;1;0;35
38014;FUENCALIENTE DE LA PALMA;134;8;25;33;8;21;39;3;8;13;98;12;60;0;32;0;1;26;1;1;6;2;51
38015;GARACHICO;518;12;89;137;17;105;158;29;8;40;394;47;62;0;29;6;1;26;0;6;0;2;54
38016;GARAFIA;151;3;32;49;4;29;34;15;4;9;109;14;101;2;22;1;0;74;2;1;3;4;93
38017;GRANADILLA DE ABONA;4597;174;716;1054;171;1137;1345;103;152;437;3606;299;1477;36;838;35;26;520;22;164;55;96;1162
38018;GUANCHA, LA;556;15;84;129;21;137;170;37;17;85;351;66;48;1;32;2;2;9;2;4;0;12;32
38019;GUIA DE ISORA;1816;87;337;417;61;420;494;86;42;175;1424;89;752;22;371;16;10;319;14;104;5;57;586
38020;GÜIMAR;2286;63;387;617;58;557;604;70;130;259;1681;146;470;4;261;23;10;160;12;16;45;41;368
38021;HERMIGUA;209;6;28;80;1;35;59;61;1;33;107;7;24;1;13;1;0;9;0;1;0;2;21
38022;ICOD DE LOS VINOS;2591;72;400;663;73;624;759;80;108;358;1786;259;284;6;111;23;8;121;15;7;12;18;247
38023;SAN CRISTOBAL DE LA LAGUNA;16830;613;2838;4045;622;3793;4919;234;797;1715;12110;1974;3366;115;1441;121;114;1462;113;41;140;242;2943
38024;LLANOS DE ARIDANE, LOS;2123;79;318;483;77;465;701;65;53;222;1502;281;496;15;210;12;8;237;14;22;8;26;440
38025;MATANZA DE ACENTEJO, LA;1008;29;155;263;31;230;300;30;44;152;684;98;238;7;92;2;2;124;11;0;0;21;217
38026;OROTAVA, LA;4426;168;653;1078;152;980;1395;63;150;590;3181;442;940;22;339;42;26;473;38;13;30;67;830
38027;PASO, EL;801;34;113;204;20;190;240;24;34;94;569;80;82;6;30;5;3;37;1;3;9;5;65
38028;PUERTO DE LA CRUZ;3175;100;495;775;104;694;1007;36;79;178;2671;211;1386;48;534;43;37;676;48;6;9;45;1326
38029;PUNTAGORDA;182;5;35;46;9;44;43;8;5;20;127;22;15;0;8;0;1;5;1;2;2;6;5
38030;PUNTALLANA;172;9;21;47;6;43;46;14;13;30;93;22;42;0;20;1;0;21;0;4;3;4;31
38031;REALEJOS, LOS;4140;148;555;1021;141;903;1372;84;121;564;2990;381;421;16;183;16;15;181;10;7;37;59;318
38032;ROSARIO, EL;1404;40;242;343;34;357;388;26;76;135;1035;132;415;9;224;21;14;136;11;0;49;47;319
38033;SAN ANDRES Y SAUCES;318;10;47;79;7;63;112;24;14;26;216;38;56;2;23;3;1;25;2;6;2;8;40
38034;SAN JUAN DE LA RAMBLA;516;16;72;141;16;121;150;11;22;79;359;45;59;0;36;1;1;17;4;4;0;18;37
38035;SAN MIGUEL DE ABONA;1359;47;245;290;50;359;368;32;44;117;1103;63;950;34;410;38;46;391;31;8;46;65;831
38036;SAN SEBASTIAN DE LA GOMERA;796;31;134;208;26;179;218;153;13;73;515;42;190;3;90;6;4;79;8;8;6;13;163
38037;SANTA CRUZ DE LA PALMA;1566;62;248;388;37;322;509;90;58;131;1127;160;417;28;163;7;18;184;17;5;3;28;381
38038;SANTA CRUZ DE TENERIFE;22130;790;3585;5663;728;4836;6528;291;971;1903;16709;2256;10441;264;4466;307;235;4909;260;24;398;549;9470
38039;SANTA URSULA;1656;49;235;417;60;374;521;30;46;212;1176;192;262;9;137;11;4;96;5;0;1;42;219
38040;SANTIAGO DEL TEIDE;674;28;114;145;23;157;207;16;15;48;556;39;303;11;135;14;5;123;15;31;4;18;250
38041;SAUZAL, EL;857;31;129;236;27;188;246;16;36;151;574;80;137;3;61;3;1;63;6;0;3;14;120
38042;SILOS, LOS;496;13;80;110;21;120;152;32;14;42;374;34;51;3;28;1;1;16;2;19;1;4;27
38043;TACORONTE;2688;85;448;640;93;653;769;38;135;399;1851;265;347;12;156;16;11;140;12;55;11;24;257
38044;TANQUE, EL;304;7;41;81;10;73;92;16;4;39;220;25;17;1;9;0;0;5;2;0;0;1;16
38045;TAZACORTE;542;24;85;138;21;116;158;45;7;57;375;58;64;3;25;5;2;28;1;1;3;7;53
38046;TEGUESTE;966;32;155;227;24;227;301;26;61;98;692;89;192;1;91;4;4;87;5;0;12;8;172
38047;TIJARAFE;242;9;46;59;7;54;67;19;7;24;160;32;36;1;27;0;1;7;0;7;0;12;17
38048;VALVERDE;370;14;58;113;13;76;96;27;7;34;263;39;91;0;42;4;1;40;4;0;3;19;69
38049;VALLE GRAN REY;307;12;47;138;4;39;67;59;4;43;182;19;94;4;31;2;7;49;1;1;1;5;87
38050;VALLEHERMOSO;275;10;43;99;3;38;82;85;18;33;128;11;15;0;7;0;0;8;0;1;2;1;11
38051;VICTORIA DE ACENTEJO, LA;1066;38;155;294;25;245;309;26;41;215;680;104;122;4;52;5;2;52;7;0;1;9;112
38052;VILAFLOR;121;3;17;34;4;22;41;8;5;11;92;5;43;2;18;3;3;16;1;9;4;0;30
38053;VILLA DE MAZO;445;18;55;126;15;89;142;32;8;97;263;45;48;1;24;0;0;23;0;2;1;5;40
38901;PINAR DE EL HIERRO, EL;137;5;19;37;6;26;44;12;3;8;94;20;27;0;20;1;0;5;1;2;0;7;18
43001;AIGUAMURCIA;54;2;9;15;0;10;18;6;10;5;29;4;86;11;36;4;2;31;2;8;1;1;76
43002;ALBINYANA;175;6;27;45;5;45;47;5;15;23;127;5;15;0;8;2;0;5;0;4;0;1;10
43003;ALBIOL, L';17;1;3;4;0;4;5;0;1;1;15;0;11;0;4;0;0;7;0;0;0;0;11
43004;ALCANAR;378;12;46;104;10;85;121;52;31;28;247;20;714;8;437;9;8;246;6;465;3;6;240
43005;ALCOVER;297;18;43;68;13;56;99;11;54;23;194;15;142;2;102;4;1;33;0;28;35;3;76
43006;ALDOVER;33;0;7;9;1;10;6;2;7;3;16;5;10;0;7;0;0;3;0;1;1;3;5
43007;ALEIXAR, L';34;1;8;10;1;5;9;2;7;3;22;0;4;0;4;0;0;0;0;3;0;0;1
43008;ALFARA DE CARLES;18;0;3;6;0;4;5;3;1;1;13;0;2;0;2;0;0;0;0;0;0;1;1
43009;ALFORJA;100;1;11;21;2;29;36;0;16;12;69;3;20;0;13;0;0;6;1;0;3;10;7
43010;ALIO;18;0;4;5;2;2;5;0;3;2;13;0;10;1;9;0;0;0;0;6;2;0;2
43011;ALMOSTER;49;5;3;6;5;11;19;0;5;2;39;3;17;1;11;0;0;5;0;5;4;2;6
43012;ALTAFULLA;230;10;28;54;6;46;86;2;17;15;183;13;60;5;20;2;1;30;2;1;2;15;42
43013;AMETLLA DE MAR, L';369;8;55;93;17;91;105;20;9;33;288;19;209;4;124;6;3;68;4;21;2;14;172
43014;AMPOSTA;1172;43;187;244;65;272;361;92;143;75;775;87;958;9;628;14;12;280;15;457;129;28;344
43015;ARBOLI;8;0;2;0;1;4;1;1;1;1;5;0;1;0;1;0;0;0;0;0;0;0;1
43016;ARBOÇ, L';378;19;60;81;18;105;95;21;45;27;252;33;139;3;98;8;0;27;3;3;90;9;37
43017;ARGENTERA, L';3;0;1;1;0;1;0;0;1;0;2;0;1;0;1;0;0;0;0;0;0;0;1
43018;ARNES;8;1;1;1;0;2;3;1;0;0;6;1;27;0;4;0;0;22;1;0;0;0;27
43019;ASCO;81;2;13;18;2;30;16;17;1;3;55;5;55;2;21;3;0;29;0;0;15;4;36
43020;BANYERES DEL PENEDES;193;7;36;48;9;38;55;13;29;13;131;7;26;0;15;3;0;8;0;3;13;2;8
43021;BARBERA DE LA CONCA;14;0;1;6;0;3;4;0;7;0;6;1;2;0;0;1;0;1;0;0;0;0;2
43022;BATEA;49;1;5;7;3;12;21;13;8;2;25;1;19;0;9;1;0;9;0;3;3;1;12
43023;BELLMUNT DEL PRIORAT;13;0;1;1;1;4;6;3;4;0;6;0;4;0;4;0;0;0;0;1;1;0;2
43024;BELLVEI;160;8;23;36;5;49;39;9;13;11;120;7;76;1;54;4;0;17;0;4;5;4;63
43025;BENIFALLET;29;1;4;6;0;3;15;1;2;3;23;0;22;0;14;1;0;4;3;12;4;0;6
43026;BENISSANET;38;2;11;6;1;6;12;19;2;2;13;2;175;2;141;0;1;31;0;17;0;2;156
43027;BISBAL DE FALSET, LA;6;0;1;2;0;1;2;0;1;0;5;0;42;0;39;0;0;3;0;40;1;0;1
43028;BISBAL DEL PENEDES, LA;262;12;37;68;13;46;86;2;25;22;200;13;446;0;218;4;1;219;4;15;2;2;427
43029;BLANCAFORT;8;0;2;3;0;2;1;0;1;1;6;0;5;0;2;0;0;3;0;0;0;0;5
43030;BONASTRE;52;1;6;15;2;13;15;5;3;3;37;4;3;0;2;0;0;1;0;2;0;0;1
43031;BORGES DEL CAMP, LES;111;6;17;34;5;30;19;9;6;13;73;10;105;1;67;0;0;37;0;1;88;1;15
43032;BOT;11;1;2;1;0;3;4;1;4;2;4;0;8;1;3;1;2;1;0;1;3;0;4
43033;BOTARELL;49;2;5;16;1;10;15;5;2;3;38;1;28;0;24;1;0;3;0;11;12;3;2
43034;BRAFIM;22;0;6;7;1;5;3;6;3;1;12;0;10;1;8;0;0;1;0;9;1;0;0
43035;CABACES;9;0;0;4;0;2;3;2;0;0;7;0;10;0;7;0;0;3;0;8;1;0;1
43036;CABRA DEL CAMP;89;3;17;11;5;19;34;1;10;9;63;6;3;0;2;1;0;0;0;1;0;1;1
43037;CALAFELL;1874;79;268;418;70;378;661;11;132;151;1500;80;236;11;77;11;15;96;26;2;22;25;187
43038;CAMBRILS;2193;110;354;430;118;543;638;46;92;164;1815;76;652;21;297;15;22;283;14;47;14;66;525
43039;CAPAFONTS;0;0;0;0;0;0;0;0;0;0;0;0;0;0;0;0;0;0;0;0;0;0;0
43040;CAPÇANES;14;2;1;2;0;5;4;2;4;1;6;1;7;0;6;0;0;1;0;0;6;0;1
43041;CASERES;9;0;1;4;1;0;3;0;0;3;6;0;0;0;0;0;0;0;0;0;0;0;0
43042;CASTELLVELL DEL CAMP;78;5;11;14;7;13;28;1;9;8;55;5;18;0;13;2;0;3;0;0;0;9;9
43043;CATLLAR, EL;189;6;29;42;12;37;63;2;13;15;148;11;34;0;20;0;1;13;0;7;2;2;23
43044;SENIA, LA;342;13;38;103;13;54;121;22;91;20;188;21;51;2;20;6;0;21;2;1;23;3;24
43045;COLLDEJOU;10;0;1;2;0;2;5;1;2;0;7;0;1;0;1;0;0;0;0;0;0;1;0
43046;CONESA;5;0;2;2;0;0;1;0;0;1;4;0;0;0;0;0;0;0;0;0;0;0;0
43047;CONSTANTI;587;42;93;148;28;148;128;15;36;58;409;69;667;14;498;27;6;117;5;11;135;25;496
43048;CORBERA D'EBRE;22;1;3;6;0;3;9;4;0;1;16;1;6;0;5;0;0;1;0;3;0;1;2
43049;CORNUDELLA DE MONTSANT;31;0;5;11;2;5;8;2;6;1;20;2;7;1;2;0;0;4;0;1;0;0;6
43050;CREIXELL;265;9;39;62;9;61;85;7;22;17;207;12;42;0;14;3;3;19;3;0;0;5;37
43051;CUNIT;877;38;129;214;30;181;285;5;60;98;675;39;103;9;29;6;7;48;4;0;0;27;76
43052;XERTA;62;2;10;19;1;9;21;5;6;6;43;2;13;0;7;0;1;4;1;1;0;1;11
43053;DUESAIGÜES;13;2;2;3;0;1;5;0;0;1;10;2;2;0;2;0;0;0;0;2;0;0;0
43054;ESPLUGA DE FRANCOLI, L';145;8;22;44;3;26;42;4;19;15;105;2;254;1;62;3;4;182;2;3;99;7;145
43055;FALSET;140;4;17;32;4;32;51;23;17;5;82;13;111;2;52;1;4;46;6;3;60;0;48
43056;FATARELLA, LA;33;0;1;10;0;2;20;2;5;5;17;4;9;0;3;0;1;5;0;3;0;1;5
43057;FEBRO, LA;2;0;0;1;0;0;1;0;1;0;1;0;0;0;0;0;0;0;0;0;0;0;0
43058;FIGUERA, LA;8;0;3;1;1;1;2;0;0;1;7;0;4;0;2;0;0;2;0;1;0;0;3
43059;FIGUEROLA DEL CAMP;10;1;1;3;0;1;4;0;2;1;7;0;10;0;4;0;0;6;0;0;3;1;6
43060;FLIX;136;7;30;41;4;26;28;15;22;18;76;5;22;0;9;0;1;12;0;4;1;2;15
43061;FORES;0;0;0;0;0;0;0;0;0;0;0;0;0;0;0;0;0;0;0;0;0;0;0
43062;FREGINALS;16;0;3;5;1;2;5;5;3;0;8;0;6;0;5;0;0;1;0;1;0;0;5
43063;GALERA, LA;21;0;1;9;2;3;6;6;2;0;11;2;14;0;8;1;0;5;0;8;2;0;4
43064;GANDESA;139;7;28;34;6;31;33;27;13;10;76;13;47;0;27;2;1;14;3;0;12;13;22
43065;GARCIA;25;0;6;6;2;4;7;5;4;2;14;0;4;0;4;0;0;0;0;2;1;0;1
43066;GARIDELLS, ELS;8;0;2;3;0;0;3;0;1;3;4;0;6;1;3;0;1;1;0;0;0;0;6
43067;GINESTAR;27;1;5;10;1;1;9;6;4;3;11;3;7;0;5;0;0;2;0;0;4;0;3
43068;GODALL;24;0;5;6;0;6;7;1;3;1;19;0;12;0;9;0;0;3;0;7;0;0;5
43069;GRATALLOPS;7;0;1;2;1;0;3;1;1;0;5;0;13;2;7;2;0;1;1;6;6;1;0
43070;GUIAMETS, ELS;10;0;0;3;0;2;5;1;2;1;6;0;3;0;1;1;0;1;0;1;0;1;1
43071;HORTA DE SANT JOAN;29;0;2;14;0;5;8;5;0;6;18;0;13;0;4;0;1;8;0;2;0;2;9
43072;LLOAR, EL;6;1;0;1;2;1;1;0;1;0;5;0;2;0;2;0;0;0;0;2;0;0;0
43073;LLORAC;4;0;1;2;0;0;1;0;2;0;2;0;0;0;0;0;0;0;0;0;0;0;0
43074;LLORENÇ DEL PENEDES;135;13;26;23;3;32;38;6;21;12;80;16;113;1;32;3;2;72;3;6;75;1;31
43075;MARGALEF;2;0;0;0;0;2;0;0;0;0;2;0;8;0;8;0;0;0;0;8;0;0;0
43076;MARÇA;28;2;4;8;1;3;10;4;3;2;17;2;5;0;4;0;0;0;1;0;4;0;1
43077;MAS DE BARBERANS;15;1;0;5;1;3;5;3;4;0;8;0;5;1;2;0;1;1;0;2;2;0;1
43078;MASDENVERGE;52;2;6;14;2;11;17;4;6;3;35;4;2;0;0;0;0;2;0;0;0;0;2
43079;MASLLORENÇ;32;0;2;9;1;7;13;2;8;1;19;2;11;0;8;3;0;0;0;5;6;0;0
43080;MASO, LA;3;0;0;2;0;0;1;0;1;1;1;0;1;0;1;0;0;0;0;0;0;1;0
43081;MASPUJOLS;37;0;5;7;4;10;11;1;2;1;32;1;10;0;9;0;0;1;0;7;1;1;1
43082;MASROIG, EL;14;0;1;3;1;4;5;3;3;0;6;2;18;0;14;1;0;3;0;11;6;0;1
43083;MILA, EL;8;0;1;3;0;2;2;0;0;1;7;0;1;0;1;0;0;0;0;1;0;0;0
43084;MIRAVET;26;0;3;4;0;9;10;10;2;0;11;3;3;0;1;0;0;1;1;0;0;0;3
43085;MOLAR, EL;9;0;3;2;1;1;2;0;3;0;6;0;4;0;4;0;0;0;0;1;3;0;0
43086;MONTBLANC;292;5;55;70;8;53;101;14;61;20;194;3;1336;6;542;13;2;766;7;3;1088;6;239
43088;MONTBRIO DEL CAMP;162;9;28;38;3;50;34;14;18;7;121;2;74;0;30;1;0;43;0;4;3;1;66
43089;MONTFERRI;28;1;3;9;1;6;8;1;4;3;20;0;2;0;2;0;0;0;0;2;0;0;0
43090;MONTMELL, EL;153;6;20;47;4;31;45;7;20;14;106;6;5;0;2;0;0;3;0;1;0;0;4
43091;MONT-RAL;9;1;0;4;0;2;2;0;1;1;7;0;3;1;1;0;0;1;0;1;0;0;2
43092;MONT-ROIG DEL CAMP;828;28;115;167;30;231;257;34;43;69;650;32;219;4;125;10;2;71;7;81;3;14;121
43093;MORA D'EBRE;348;14;60;96;8;76;94;78;20;23;202;25;172;2;37;2;4;122;5;5;3;2;162
43094;MORA LA NOVA;202;6;45;37;10;46;58;69;21;9;93;10;39;1;13;0;2;23;0;1;1;5;32
43095;MORELL, EL;187;4;29;38;9;65;42;2;29;14;136;6;84;9;48;2;1;24;0;3;7;37;37
43096;MORERA DE MONTSANT, LA;5;0;0;4;0;1;0;1;2;0;2;0;9;1;7;0;0;1;0;2;1;0;6
43097;NOU DE GAIA, LA;38;1;4;7;1;15;10;2;4;1;28;3;3;0;2;0;0;1;0;0;0;1;2
43098;NULLES;22;0;6;2;1;6;7;4;5;0;12;1;4;0;2;0;0;2;0;1;1;0;2
43099;PALMA D'EBRE, LA;15;0;3;4;0;1;7;1;2;0;12;0;23;2;13;0;1;7;0;21;2;0;0
43100;PALLARESOS, ELS;170;5;23;36;4;29;73;0;12;10;144;4;30;0;8;2;4;16;0;1;3;2;24
43101;PASSANANT I BELLTALL;7;0;1;3;0;1;2;0;1;2;4;0;0;0;0;0;0;0;0;0;0;0;0
43102;PAÜLS;15;2;2;1;1;5;4;1;3;0;11;0;2;0;0;0;0;2;0;0;0;0;2
43103;PERAFORT;36;1;4;7;4;10;10;0;2;5;29;0;25;1;15;1;1;6;1;1;10;9;5
43104;PERELLO, EL;110;3;20;25;4;28;30;6;4;14;81;5;48;1;34;0;0;11;2;4;3;6;35
43105;PILES, LES;3;0;1;1;0;0;1;2;0;0;1;0;1;0;1;0;0;0;0;1;0;0;0
43106;PINELL DE BRAI, EL;40;0;3;20;0;5;12;3;8;6;21;2;15;1;9;1;0;4;0;1;0;6;8
43107;PIRA;12;1;3;2;0;2;4;1;5;0;6;0;24;0;15;1;0;8;0;5;11;0;8
43108;PLA DE SANTA MARIA, EL;137;3;25;26;4;27;52;8;28;8;88;5;139;1;83;9;0;42;4;2;113;0;24
43109;POBLA DE MAFUMET, LA;238;12;49;29;15;91;42;2;20;9;204;3;179;2;152;7;0;17;1;3;137;18;21
43110;POBLA DE MASSALUCA, LA;13;0;3;2;0;3;5;0;3;1;9;0;0;0;0;0;0;0;0;0;0;0;0
43111;POBLA DE MONTORNES, LA;184;7;18;46;6;36;71;1;19;11;140;13;13;0;7;0;0;5;1;0;1;5;7
43112;POBOLEDA;12;0;1;1;0;2;8;4;2;0;6;0;4;0;1;2;1;0;0;3;0;0;1
43113;PONT D'ARMENTERA, EL;20;2;5;2;0;4;7;2;4;0;11;3;12;0;8;0;0;4;0;0;7;4;1
43114;PORRERA;11;0;1;4;0;3;3;1;2;0;8;0;1;0;1;0;0;0;0;0;0;0;1
43115;PRADELL DE LA TEIXETA;7;0;3;2;0;0;2;1;1;0;5;0;2;0;0;0;0;2;0;1;0;0;1
43116;PRADES;17;1;3;5;0;4;4;1;1;2;12;1;8;0;4;0;0;3;1;0;0;0;8
43117;PRAT DE COMTE;4;1;0;2;0;0;1;0;0;0;3;1;1;0;0;0;0;1;0;0;0;0;1
43118;PRATDIP;34;3;4;9;2;6;10;1;2;3;28;0;5;0;3;0;0;2;0;0;0;0;5
43119;PUIGPELAT;70;1;11;16;3;16;23;6;11;5;46;2;25;2;16;1;3;3;0;2;17;0;6
43120;QUEROL;47;1;5;11;0;5;25;6;5;4;28;4;3;0;1;1;1;0;0;2;0;0;1
43121;RASQUERA;19;3;2;3;2;5;4;1;3;1;13;1;9;0;6;0;0;2;1;4;2;0;3
43122;RENAU;3;0;0;0;0;0;3;0;0;0;3;0;1;0;1;0;0;0;0;0;0;0;1
43123;REUS;7026;284;1124;1510;293;1727;2088;253;533;614;5056;570;2844;95;1028;94;92;1435;100;42;277;171;2354
43124;RIBA, LA;28;0;4;10;1;6;7;0;7;3;18;0;33;0;21;2;0;8;2;0;23;1;9
43125;RIBA-ROJA D'EBRE;46;1;7;18;1;6;13;0;7;7;30;2;4;0;2;0;0;2;0;0;1;0;3
43126;RIERA DE GAIA, LA;77;4;5;16;1;19;32;1;6;6;59;5;22;1;12;1;1;6;1;0;11;4;7
43127;RIUDECANYES;54;3;5;15;2;12;17;5;3;4;39;3;30;2;25;0;0;3;0;29;0;0;1
43128;RIUDECOLS;45;2;7;13;1;9;13;3;14;5;20;3;11;0;9;0;0;2;0;6;0;2;3
43129;RIUDOMS;318;10;48;72;11;73;104;28;24;37;205;24;224;4;133;39;3;36;9;29;110;12;73
43130;ROCAFORT DE QUERALT;5;0;1;2;0;1;1;0;2;0;2;1;2;0;1;0;0;1;0;0;0;0;2
43131;RODA DE BARA;392;14;66;89;13;86;124;6;33;35;298;20;142;5;59;8;5;58;7;0;63;10;69
43132;RODONYA;28;3;3;12;0;4;6;4;4;3;16;1;17;1;11;1;1;2;1;0;11;0;6
43133;ROQUETES;370;18;70;93;9;77;103;40;52;20;241;17;178;2;84;10;2;74;6;13;41;8;116
43134;ROURELL, EL;24;2;4;6;3;5;4;0;4;0;17;3;4;0;4;0;0;0;0;0;1;0;3
43135;SALOMO;18;1;3;6;0;3;5;1;4;0;12;1;22;0;13;0;0;9;0;6;10;1;5
43136;SANT CARLES DE LA RAPITA;739;18;120;150;19;184;248;39;76;38;556;30;231;14;132;5;6;67;7;14;23;17;177
43137;SANT JAUME DELS DOMENYS;173;12;21;40;7;32;61;7;31;10;114;11;41;2;19;3;1;16;0;14;19;0;8
43138;SANTA BARBARA;178;8;16;48;5;58;43;22;15;11;117;13;138;5;61;3;2;64;3;37;13;1;87
43139;SANTA COLOMA DE QUERALT;109;3;10;22;6;26;42;8;17;6;64;14;36;1;19;2;2;12;0;4;6;9;17
43140;SANTA OLIVA;300;12;41;66;14;70;97;8;27;30;217;18;220;6;98;15;10;76;15;1;19;8;192
43141;PONTILS;3;0;0;1;0;1;1;0;0;1;2;0;1;0;0;0;0;0;1;0;0;0;1
43142;SARRAL;51;2;10;10;3;8;18;4;13;5;28;1;105;3;62;5;0;32;3;1;85;0;19
43143;SAVALLA DEL COMTAT;4;0;1;2;0;0;1;1;0;0;3;0;0;0;0;0;0;0;0;0;0;0;0
43144;SECUITA, LA;73;4;13;18;1;27;10;6;8;6;50;3;12;0;5;0;0;7;0;2;2;0;8
43145;SELVA DEL CAMP, LA;248;23;45;46;8;48;78;13;34;12;175;14;423;21;224;12;13;139;14;13;262;5;143
43146;SENAN;1;0;0;1;0;0;0;0;0;0;1;0;0;0;0;0;0;0;0;0;0;0;0
43147;SOLIVELLA;16;3;0;4;0;3;6;0;5;1;9;1;13;0;6;1;0;5;1;3;2;3;5
43148;TARRAGONA;7806;359;1332;1664;338;1919;2194;167;554;725;5756;604;6995;162;3181;111;216;3194;131;265;408;271;6051
43149;TIVENYS;34;0;9;6;1;3;15;2;10;3;16;3;6;0;4;0;0;1;1;4;0;0;2
43150;TIVISSA;60;1;8;16;2;5;28;7;11;2;39;1;29;0;22;0;1;6;0;22;0;0;7
43151;TORRE DE FONTAUBELLA, LA;6;0;0;2;0;1;3;0;2;0;4;0;1;0;1;0;0;0;0;0;0;0;1
43152;TORRE DE L'ESPANYOL, LA;27;0;5;5;1;7;9;12;1;0;13;1;8;0;4;0;1;3;0;1;0;0;7
43153;TORREDEMBARRA;1089;41;147;225;49;278;349;6;61;92;840;90;217;13;87;6;11;96;4;1;18;10;188
43154;TORROJA DEL PRIORAT;4;0;0;2;1;1;0;2;1;0;1;0;4;0;3;0;0;1;0;3;0;0;1
43155;TORTOSA;1872;71;319;470;74;377;561;197;242;125;1168;140;1590;22;844;35;31;641;17;435;305;34;816
43156;ULLDECONA;366;20;60;85;6;76;119;32;66;21;224;23;111;4;52;2;3;49;1;9;36;3;63
43157;ULLDEMOLINS;10;1;2;5;0;2;0;1;0;2;6;1;13;1;11;0;0;1;0;9;2;0;2
43158;VALLCLARA;5;0;0;2;0;2;1;0;0;0;5;0;11;0;3;0;0;8;0;0;0;0;11
43159;VALLFOGONA DE RIUCORB;2;0;0;2;0;0;0;1;1;0;0;0;2;0;2;0;0;0;0;1;0;0;1
43160;VALLMOLL;93;0;13;23;1;24;32;6;20;10;56;1;71;3;34;7;0;23;4;14;49;2;6
43161;VALLS;1556;48;230;386;69;332;491;120;263;79;975;119;1176;27;641;19;10;468;11;19;598;43;516
43162;VANDELLOS I L'HOSPITALET DE L'INFANT;356;16;48;88;10;93;101;5;26;17;303;5;490;5;387;4;8;82;4;0;210;68;212
43163;VENDRELL, EL;3004;163;451;630;148;711;901;68;242;240;2267;187;524;21;168;26;18;270;21;3;121;29;371
43164;VESPELLA DE GAIA;32;0;8;10;0;6;8;2;3;5;22;0;0;0;0;0;0;0;0;0;0;0;0
43165;VILABELLA;33;1;4;11;1;5;11;6;8;0;18;1;14;0;4;0;0;10;0;1;11;0;2
43166;VILALLONGA DEL CAMP;98;6;19;15;1;32;25;4;9;8;68;9;23;3;9;2;0;9;0;2;13;0;8
43167;VILANOVA D'ESCORNALBOU;33;1;2;13;0;6;11;5;3;5;20;0;10;0;1;1;0;8;0;1;0;0;9
43168;VILANOVA DE PRADES;2;0;1;0;0;1;0;0;0;0;2;0;2;0;2;0;0;0;0;0;1;0;1
43169;VILAPLANA;16;1;3;5;0;4;3;1;3;1;11;0;1;0;1;0;0;0;0;0;0;1;0
43170;VILA-RODONA;62;7;7;12;4;13;19;6;11;9;28;8;147;1;109;0;0;36;1;6;8;3;130
43171;VILA-SECA;1273;47;231;249;60;353;333;16;77;104;1052;24;898;18;382;15;16;449;18;13;45;66;774
43172;VILAVERD;26;0;6;8;2;5;5;1;4;2;19;0;13;0;11;1;0;0;1;0;8;0;5
43173;VILELLA ALTA, LA;2;0;0;0;0;1;1;0;1;0;0;1;3;1;1;1;0;0;0;3;0;0;0
43174;VILELLA BAIXA, LA;9;0;1;4;0;2;2;2;4;0;3;0;4;0;4;0;0;0;0;4;0;0;0
43175;VILALBA DELS ARCS;24;0;1;4;0;7;12;3;2;1;17;1;4;0;3;0;0;0;1;1;1;0;2
43176;VIMBODÍ I POBLET;27;2;3;6;0;2;14;2;7;1;17;0;30;1;18;1;0;9;1;8;3;0;19
43177;VINEBRE;21;0;7;3;0;4;7;4;2;2;12;1;3;1;1;0;0;1;0;2;0;1;0
43178;VINYOLS I ELS ARCS;86;4;13;19;6;16;28;5;9;8;60;4;50;5;26;4;3;12;0;23;0;4;23
43901;DELTEBRE;709;23;103;167;18;173;225;56;56;112;454;31;211;5;106;10;5;78;7;11;6;38;156
43902;SANT JAUME D'ENVEJA;169;6;23;36;5;38;61;18;29;15;102;5;24;0;10;0;3;10;1;0;1;3;20
43903;CAMARLES;143;7;25;30;9;23;49;13;21;18;86;5;135;1;97;6;1;26;4;42;22;29;42
43904;ALDEA, L';200;3;24;43;5;54;71;10;32;19;130;9;136;1;82;6;0;44;3;12;81;15;28
43905;SALOU;1686;85;332;325;82;435;427;12;67;49;1523;35;915;41;445;11;36;372;10;2;21;126;766
43906;AMPOLLA, L';169;5;19;42;3;37;63;5;16;13;126;9;34;4;15;0;0;12;3;2;0;5;27
43907;CANONJA;310;16;42;61;14;84;93;3;32;41;224;10;54;1;28;3;3;17;2;0;21;6;27
44001;ABABUJ;0;0;0;0;0;0;0;0;0;0;0;0;4;0;2;0;1;1;0;1;0;0;3
44002;ABEJUELA;5;0;1;1;0;2;1;0;0;1;4;0;1;0;0;0;0;1;0;0;0;0;1
44003;AGUATON;0;0;0;0;0;0;0;0;0;0;0;0;0;0;0;0;0;0;0;0;0;0;0
44004;AGUAVIVA;21;0;4;2;1;8;6;1;1;1;17;1;6;1;1;0;0;4;0;0;1;0;5
44005;AGUILAR DEL ALFAMBRA;2;0;1;1;0;0;0;0;0;2;0;0;1;1;0;0;0;0;0;0;1;0;0
44006;ALACON;2;0;0;1;0;1;0;0;0;1;0;1;4;1;0;0;3;0;0;0;0;0;4
44007;ALBA;4;0;1;0;0;0;3;0;0;0;3;1;1;0;0;0;0;1;0;0;0;0;1
44008;ALBALATE DEL ARZOBISPO;94;3;16;20;6;22;27;17;20;13;42;2;17;0;10;0;0;6;1;2;6;3;6
44009;ALBARRACIN;29;2;3;7;3;9;5;0;0;4;23;2;24;0;9;0;1;14;0;1;0;3;20
44010;ALBENTOSA;12;0;1;4;0;6;1;1;3;0;8;0;35;0;20;0;0;14;1;3;4;1;27
44011;ALCAINE;0;0;0;0;0;0;0;0;0;0;0;0;0;0;0;0;0;0;0;0;0;0;0
44012;ALCALA DE LA SELVA;15;0;1;3;2;1;8;0;1;1;13;0;10;0;7;0;1;2;0;0;0;0;10
44013;ALCAÑIZ;831;55;127;143;49;239;218;95;72;75;517;72;516;8;274;11;13;204;6;14;33;16;453
44014;ALCORISA;148;8;12;36;10;49;33;17;22;10;86;13;56;0;20;3;2;29;2;1;9;5;41
44016;ALFAMBRA;20;0;1;2;2;5;10;0;2;1;17;0;2;0;0;0;0;2;0;0;0;0;2
44017;ALIAGA;7;0;1;1;0;2;3;0;0;1;4;2;1;0;0;0;0;1;0;0;0;0;1
44018;ALMOHAJA;0;0;0;0;0;0;0;0;0;0;0;0;0;0;0;0;0;0;0;0;0;0;0
44019;ALOBRAS;3;0;1;0;0;0;2;0;0;0;3;0;0;0;0;0;0;0;0;0;0;0;0
44020;ALPEÑES;2;0;1;0;0;0;1;0;0;0;2;0;0;0;0;0;0;0;0;0;0;0;0
44021;ALLEPUZ;3;2;0;0;0;0;1;0;0;0;2;1;1;0;1;0;0;0;0;0;0;1;0
44022;ALLOZA;28;0;2;6;1;11;8;2;4;2;18;2;11;0;7;0;0;4;0;0;3;1;7
44023;ALLUEVA;1;0;0;1;0;0;0;0;0;1;0;0;0;0;0;0;0;0;0;0;0;0;0
44024;ANADON;0;0;0;0;0;0;0;0;0;0;0;0;0;0;0;0;0;0;0;0;0;0;0
44025;ANDORRA;378;21;70;66;18;108;95;29;57;43;213;36;191;4;67;3;5;112;0;1;35;10;145
44026;ARCOS DE LAS SALINAS;8;0;2;1;1;2;2;2;1;0;5;0;0;0;0;0;0;0;0;0;0;0;0
44027;ARENS DE LLEDO;1;0;0;0;0;0;1;0;0;0;1;0;2;0;2;0;0;0;0;0;0;1;1
44028;ARGENTE;3;1;0;1;0;0;1;0;0;0;3;0;1;0;1;0;0;0;0;0;0;0;1
44029;ARIÑO;48;3;8;24;0;5;8;1;25;5;13;4;17;0;14;0;0;3;0;0;5;7;5
44031;AZAILA;6;0;0;4;0;0;2;0;0;0;5;1;3;0;1;0;0;2;0;0;0;0;3
44032;BADENAS;1;0;0;1;0;0;0;0;0;0;1;0;0;0;0;0;0;0;0;0;0;0;0
44033;BAGUENA;7;0;1;5;0;0;1;1;1;2;3;0;1;0;0;0;1;0;0;0;0;0;1
44034;BAÑON;0;0;0;0;0;0;0;0;0;0;0;0;2;0;1;1;0;0;0;2;0;0;0
44035;BARRACHINA;2;0;0;1;0;1;0;0;1;0;1;0;0;0;0;0;0;0;0;0;0;0;0
44036;BEA;1;0;0;0;0;0;1;0;0;0;1;0;0;0;0;0;0;0;0;0;0;0;0
44037;BECEITE;16;0;0;9;0;2;5;1;1;1;13;0;9;0;1;0;0;7;1;0;0;0;9
44038;BELMONTE DE SAN JOSE;4;0;0;1;1;0;2;0;0;0;4;0;2;0;0;0;0;2;0;0;0;0;2
44039;BELLO;0;0;0;0;0;0;0;0;0;0;0;0;0;0;0;0;0;0;0;0;0;0;0
44040;BERGE;9;1;2;3;1;1;1;1;0;1;5;2;3;0;0;0;1;2;0;0;0;0;3
44041;BEZAS;3;1;1;0;1;0;0;1;0;0;2;0;0;0;0;0;0;0;0;0;0;0;0
44042;BLANCAS;2;0;0;0;1;0;1;0;0;0;2;0;0;0;0;0;0;0;0;0;0;0;0
44043;BLESA;1;0;0;1;0;0;0;0;0;0;1;0;1;0;1;0;0;0;0;0;0;1;0
44044;BORDÓN;1;0;0;0;0;0;1;0;0;0;1;0;1;0;0;0;0;1;0;1;0;0;0
44045;BRONCHALES;8;0;2;1;0;3;2;0;1;1;6;0;26;1;13;2;0;9;1;0;4;0;22
44046;BUEÑA;0;0;0;0;0;0;0;0;0;0;0;0;0;0;0;0;0;0;0;0;0;0;0
44047;BURBAGUENA;9;0;4;0;1;1;3;0;1;0;8;0;1;0;0;0;0;1;0;0;0;0;1
44048;CABRA DE MORA;2;0;1;0;0;0;1;0;0;1;1;0;0;0;0;0;0;0;0;0;0;0;0
44049;CALACEITE;28;1;6;6;1;7;7;4;3;3;17;1;21;0;10;1;0;9;1;1;8;0;12
44050;CALAMOCHA;154;6;14;45;5;49;35;6;31;7;101;9;90;5;35;5;1;42;2;1;24;8;57
44051;CALANDA;190;7;22;42;10;41;68;25;26;9;126;4;64;0;29;0;1;34;0;6;8;5;45
44052;CALOMARDE;4;1;2;1;0;0;0;0;0;0;3;1;1;0;0;0;0;1;0;0;0;0;1
44053;CAMAÑAS;4;0;1;0;0;2;1;0;1;0;3;0;1;0;1;0;0;0;0;1;0;0;0
44054;CAMARENA DE LA SIERRA;3;0;0;0;1;0;2;0;1;0;2;0;17;0;8;1;0;8;0;0;0;1;16
44055;CAMARILLAS;2;0;1;0;0;0;1;0;0;0;1;1;0;0;0;0;0;0;0;0;0;0;0
44056;CAMINREAL;14;0;1;3;0;6;4;3;1;1;9;0;7;1;3;1;1;1;0;4;0;0;3
44059;CANTAVIEJA;6;0;2;2;0;1;1;0;1;0;5;0;14;0;5;0;1;7;1;0;0;0;14
44060;CAÑADA DE BENATANDUZ;0;0;0;0;0;0;0;0;0;0;0;0;0;0;0;0;0;0;0;0;0;0;0
44061;CAÑADA DE VERICH, LA;4;0;1;1;0;1;1;0;0;1;3;0;0;0;0;0;0;0;0;0;0;0;0
44062;CAÑADA VELLIDA;0;0;0;0;0;0;0;0;0;0;0;0;2;1;1;0;0;0;0;1;0;0;1
44063;CAÑIZAR DEL OLIVAR;7;0;0;1;0;5;1;0;0;0;2;5;1;0;1;0;0;0;0;0;1;0;0
44064;CASCANTE DEL RIO;3;0;1;1;0;0;1;0;1;0;2;0;1;0;0;0;0;1;0;0;0;0;1
44065;CASTEJON DE TORNOS;0;0;0;0;0;0;0;0;0;0;0;0;0;0;0;0;0;0;0;0;0;0;0
44066;CASTEL DE CABRA;2;1;0;1;0;0;0;0;1;0;0;1;1;0;0;1;0;0;0;0;0;1;0
44067;CASTELNOU;11;1;2;3;3;1;1;1;0;2;6;2;0;0;0;0;0;0;0;0;0;0;0
44068;CASTELSERAS;23;0;2;8;1;7;5;2;2;4;15;0;0;0;0;0;0;0;0;0;0;0;0
44070;CASTELLAR, EL;1;0;0;1;0;0;0;0;0;0;1;0;0;0;0;0;0;0;0;0;0;0;0
44071;CASTELLOTE;23;2;4;5;0;5;7;1;2;5;14;1;28;1;12;0;0;15;0;0;2;0;26
44074;CEDRILLAS;19;0;2;7;4;4;2;0;3;1;15;0;9;0;1;0;1;7;0;0;3;0;6
44075;CELADAS;20;1;1;6;2;6;4;1;5;0;11;3;0;0;0;0;0;0;0;0;0;0;0
44076;CELLA;107;2;22;19;4;32;28;3;18;7;70;9;35;0;19;4;0;12;0;1;16;3;15
44077;CEROLLERA, LA;0;0;0;0;0;0;0;0;0;0;0;0;0;0;0;0;0;0;0;0;0;0;0
44080;CODOÑERA, LA;7;1;1;1;0;2;2;2;1;0;4;0;3;0;1;0;0;2;0;0;1;0;2
44082;CORBALAN;5;1;0;1;0;3;0;0;1;0;2;2;0;0;0;0;0;0;0;0;0;0;0
44084;CORTES DE ARAGON;2;0;0;0;0;1;1;0;0;0;1;1;0;0;0;0;0;0;0;0;0;0;0
44085;COSA;0;0;0;0;0;0;0;0;0;0;0;0;0;0;0;0;0;0;0;0;0;0;0
44086;CRETAS;15;0;3;4;0;1;7;2;1;3;9;0;7;0;4;0;0;3;0;0;0;0;7
44087;CRIVILLEN;5;0;0;1;0;2;2;0;1;0;2;2;2;0;2;0;0;0;0;0;0;0;2
44088;CUBA, LA;2;0;0;1;0;0;1;0;0;0;2;0;0;0;0;0;0;0;0;0;0;0;0
44089;CUBLA;3;1;1;0;0;0;1;1;0;0;2;0;0;0;0;0;0;0;0;0;0;0;0
44090;CUCALON;2;0;1;0;0;1;0;0;1;0;1;0;0;0;0;0;0;0;0;0;0;0;0
44092;CUERVO, EL;8;1;3;2;0;0;2;0;0;0;8;0;0;0;0;0;0;0;0;0;0;0;0
44093;CUEVAS DE ALMUDEN;2;0;0;0;0;1;1;1;0;0;0;1;2;0;1;0;0;1;0;1;0;0;1
44094;CUEVAS LABRADAS;6;0;0;3;0;1;2;0;0;0;6;0;1;1;0;0;0;0;0;0;0;0;1
44096;EJULVE;9;0;1;3;0;3;2;0;2;1;4;2;0;0;0;0;0;0;0;0;0;0;0
44097;ESCORIHUELA;3;0;0;0;0;1;2;0;0;0;3;0;1;0;0;0;0;1;0;0;0;0;1
44099;ESCUCHA;64;6;10;13;2;14;19;4;18;2;37;3;6;1;3;1;0;0;1;1;3;0;2
44100;ESTERCUEL;6;1;0;1;0;3;1;0;1;1;4;0;4;0;2;0;0;2;0;0;0;0;4
44101;FERRERUELA DE HUERVA;0;0;0;0;0;0;0;0;0;0;0;0;1;0;0;1;0;0;0;0;0;0;1
44102;FONFRIA;1;0;0;0;0;0;1;0;0;0;1;0;0;0;0;0;0;0;0;0;0;0;0
44103;FORMICHE ALTO;4;0;1;1;0;1;1;0;2;0;2;0;3;0;2;0;0;1;0;0;0;2;1
44105;FORNOLES;5;0;0;1;0;0;4;0;0;0;5;0;0;0;0;0;0;0;0;0;0;0;0
44106;FORTANETE;6;1;0;2;0;2;1;0;1;0;5;0;0;0;0;0;0;0;0;0;0;0;0
44107;FOZ-CALANDA;10;0;0;1;0;6;3;0;1;0;8;1;6;0;5;1;0;0;0;3;0;0;3
44108;FRESNEDA, LA;22;1;0;9;0;4;8;2;2;1;17;0;4;0;1;0;1;2;0;1;0;0;3
44109;FRIAS DE ALBARRACIN;2;1;0;0;0;0;1;0;0;0;2;0;3;0;2;1;0;0;0;1;0;0;2
44110;FUENFERRADA;0;0;0;0;0;0;0;0;0;0;0;0;0;0;0;0;0;0;0;0;0;0;0
44111;FUENTES CALIENTES;3;0;2;0;0;1;0;0;0;0;2;1;0;0;0;0;0;0;0;0;0;0;0
44112;FUENTES CLARAS;15;0;1;4;2;3;5;2;1;1;10;1;2;0;0;0;1;1;0;0;0;0;2
44113;FUENTES DE RUBIELOS;18;0;3;4;0;6;5;1;2;1;14;0;0;0;0;0;0;0;0;0;0;0;0
44114;FUENTESPALDA;9;0;1;3;0;2;3;1;0;0;8;0;7;0;5;0;0;1;1;0;0;0;7
44115;GALVE;2;0;1;1;0;0;0;1;0;0;1;0;1;0;1;0;0;0;0;0;0;0;1
44116;GARGALLO;2;0;0;0;0;2;0;0;0;0;2;0;2;1;1;0;0;0;0;0;0;1;1
44117;GEA DE ALBARRACÍN;11;2;3;2;1;2;1;0;1;0;10;0;1;0;0;0;1;0;0;0;0;0;1
44118;GINEBROSA, LA;4;0;0;1;0;2;1;2;0;0;2;0;0;0;0;0;0;0;0;0;0;0;0
44119;GRIEGOS;2;0;0;0;0;2;0;0;0;0;2;0;3;0;0;1;0;2;0;0;0;1;2
44120;GUADALAVIAR;8;0;1;2;0;4;1;1;0;1;6;0;3;0;2;0;0;1;0;0;0;0;3
44121;GUDAR;1;0;0;1;0;0;0;0;0;0;1;0;2;0;2;0;0;0;0;1;0;0;1
44122;HIJAR;89;3;19;21;2;8;36;8;18;5;56;2;16;1;11;0;0;4;0;9;0;0;7
44123;HINOJOSA DE JARQUE;5;0;0;2;0;1;2;0;0;1;4;0;0;0;0;0;0;0;0;0;0;0;0
44124;HOZ DE LA VIEJA, LA;4;1;1;1;0;0;1;0;1;0;3;0;0;0;0;0;0;0;0;0;0;0;0
44125;HUESA DEL COMUN;0;0;0;0;0;0;0;0;0;0;0;0;1;0;1;0;0;0;0;0;0;0;1
44126;IGLESUELA DEL CID, LA;19;1;2;4;2;2;8;1;7;1;8;2;5;0;4;1;0;0;0;0;2;2;1
44127;JABALOYAS;1;0;0;0;1;0;0;0;0;0;1;0;1;0;0;0;0;1;0;0;0;0;1
44128;JARQUE DE LA VAL;1;0;0;0;0;0;1;0;1;0;0;0;0;0;0;0;0;0;0;0;0;0;0
44129;JATIEL;3;1;0;1;0;0;1;3;0;0;0;0;0;0;0;0;0;0;0;0;0;0;0
44130;JORCAS;1;0;0;0;0;0;1;0;0;0;1;0;0;0;0;0;0;0;0;0;0;0;0
44131;JOSA;1;0;0;1;0;0;0;0;0;0;1;0;0;0;0;0;0;0;0;0;0;0;0
44132;LAGUERUELA;3;0;1;0;0;2;0;0;0;0;2;1;0;0;0;0;0;0;0;0;0;0;0
44133;LANZUELA;0;0;0;0;0;0;0;0;0;0;0;0;0;0;0;0;0;0;0;0;0;0;0
44135;LIBROS;2;0;0;1;0;0;1;0;0;0;1;1;0;0;0;0;0;0;0;0;0;0;0
44136;LIDON;2;0;1;0;0;0;1;0;0;0;2;0;0;0;0;0;0;0;0;0;0;0;0
44137;LINARES DE MORA;4;0;1;0;1;1;1;0;0;0;4;0;0;0;0;0;0;0;0;0;0;0;0
44138;LOSCOS;2;0;0;0;0;2;0;0;0;0;2;0;3;0;3;0;0;0;0;0;0;1;2
44141;LLEDO;5;0;1;1;0;2;1;0;0;0;5;0;0;0;0;0;0;0;0;0;0;0;0
44142;MAICAS;0;0;0;0;0;0;0;0;0;0;0;0;0;0;0;0;0;0;0;0;0;0;0
44143;MANZANERA;25;2;7;5;1;5;5;2;5;3;14;1;10;0;7;0;0;2;1;1;4;1;4
44144;MARTIN DEL RIO;15;1;1;3;0;3;7;0;2;0;12;1;16;0;6;0;0;10;0;0;0;0;16
44145;MAS DE LAS MATAS;34;4;3;11;1;8;7;4;4;2;22;2;22;0;14;0;0;7;1;0;2;4;16
44146;MATA DE LOS OLMOS, LA;7;0;1;0;0;4;2;0;3;0;3;1;4;0;1;1;0;2;0;0;2;0;2
44147;MAZALEON;20;2;4;6;0;5;3;5;0;0;13;2;10;0;7;0;0;3;0;3;1;0;6
44148;MEZQUITA DE JARQUE;1;0;0;1;0;0;0;0;0;0;1;0;0;0;0;0;0;0;0;0;0;0;0
44149;MIRAMBEL;4;0;3;0;0;1;0;1;0;1;2;0;2;0;1;0;0;1;0;0;0;0;2
44150;MIRAVETE DE LA SIERRA;0;0;0;0;0;0;0;0;0;0;0;0;0;0;0;0;0;0;0;0;0;0;0
44151;MOLINOS;15;1;2;4;1;3;4;1;1;2;9;2;3;0;2;0;0;1;0;0;0;2;1
44152;MONFORTE DE MOYUELA;1;0;1;0;0;0;0;0;0;1;0;0;0;0;0;0;0;0;0;0;0;0;0
44153;MONREAL DEL CAMPO;70;1;12;18;0;17;22;9;9;4;42;6;33;2;15;3;0;12;1;0;11;2;20
44154;MONROYO;6;0;0;3;0;1;2;0;2;1;3;0;8;0;5;0;0;3;0;0;1;0;7
44155;MONTALBAN;44;0;6;10;1;10;17;3;4;2;32;3;12;1;5;2;0;4;0;5;0;2;5
44156;MONTEAGUDO DEL CASTILLO;1;1;0;0;0;0;0;0;1;0;0;0;0;0;0;0;0;0;0;0;0;0;0
44157;MONTERDE DE ALBARRACIN;2;0;1;0;0;1;0;0;0;1;0;1;1;0;0;1;0;0;0;0;0;1;0
44158;MORA DE RUBIELOS;75;4;3;14;1;25;28;3;7;7;58;0;29;0;11;1;1;14;2;0;2;2;25
44159;MOSCARDON;1;0;0;0;0;1;0;0;0;0;1;0;1;0;1;0;0;0;0;0;0;0;1
44160;MOSQUERUELA;15;0;2;1;2;3;7;0;3;2;10;0;6;0;3;0;0;2;1;2;0;0;4
44161;MUNIESA;14;2;5;1;0;3;3;2;0;1;7;4;8;0;2;0;0;6;0;0;2;0;6
44163;NOGUERA DE ALBARRACIN;3;0;0;3;0;0;0;0;0;0;2;1;0;0;0;0;0;0;0;0;0;0;0
44164;NOGUERAS;0;0;0;0;0;0;0;0;0;0;0;0;0;0;0;0;0;0;0;0;0;0;0
44165;NOGUERUELAS;6;0;2;1;0;3;0;0;0;0;6;0;1;0;1;0;0;0;0;0;0;0;1
44167;OBON;4;0;0;3;0;0;1;0;2;2;0;0;1;0;1;0;0;0;0;0;0;0;1
44168;ODON;0;0;0;0;0;0;0;0;0;0;0;0;2;1;1;0;0;0;0;2;0;0;0
44169;OJOS NEGROS;6;0;1;2;0;1;2;1;1;0;2;2;1;0;1;0;0;0;0;0;0;0;1
44171;OLBA;27;0;6;4;0;5;12;2;0;1;23;1;5;0;2;0;0;3;0;0;0;0;5
44172;OLIETE;17;2;2;5;0;2;6;1;5;0;8;3;1;0;1;0;0;0;0;0;0;1;0
44173;OLMOS, LOS;5;0;2;1;0;2;0;0;1;1;2;1;0;0;0;0;0;0;0;0;0;0;0
44174;ORIHUELA DEL TREMEDAL;20;0;3;10;1;1;5;1;6;0;12;1;8;0;6;0;0;2;0;5;1;0;2
44175;ORRIOS;3;0;1;1;0;0;1;0;1;1;1;0;1;0;1;0;0;0;0;0;0;0;1
44176;PALOMAR DE ARROYOS;3;1;1;0;0;0;1;0;1;0;2;0;0;0;0;0;0;0;0;0;0;0;0
44177;PANCRUDO;3;0;0;1;0;1;1;1;0;0;1;1;1;0;1;0;0;0;0;1;0;0;0
44178;PARRAS DE CASTELLOTE, LAS;1;0;0;1;0;0;0;0;0;0;1;0;0;0;0;0;0;0;0;0;0;0;0
44179;PEÑARROYA DE TASTAVINS;6;0;0;0;1;2;3;0;0;0;4;2;8;0;1;3;1;3;0;3;2;1;2
44180;PERACENSE;3;0;0;0;0;1;2;0;0;0;3;0;0;0;0;0;0;0;0;0;0;0;0
44181;PERALEJOS;2;0;0;2;0;0;0;0;0;1;1;0;1;0;1;0;0;0;0;0;0;0;1
44182;PERALES DEL ALFAMBRA;11;1;1;0;0;5;4;0;1;2;7;1;3;0;0;0;0;3;0;0;0;0;3
44183;PITARQUE;2;0;0;0;0;1;1;0;0;0;2;0;0;0;0;0;0;0;0;0;0;0;0
44184;PLOU;0;0;0;0;0;0;0;0;0;0;0;0;1;0;1;0;0;0;0;0;0;1;0
44185;POBO, EL;1;0;0;1;0;0;0;0;0;0;1;0;1;0;1;0;0;0;0;0;0;0;1
44187;PORTELLADA, LA;4;0;0;2;0;1;1;0;1;0;3;0;1;0;1;0;0;0;0;1;0;0;0
44189;POZONDON;2;0;0;1;0;0;1;0;0;0;2;0;1;0;0;0;0;1;0;0;0;0;1
44190;POZUEL DEL CAMPO;0;0;0;0;0;0;0;0;0;0;0;0;0;0;0;0;0;0;0;0;0;0;0
44191;PUEBLA DE HIJAR, LA;51;5;4;19;1;10;12;2;17;7;20;5;21;0;10;2;0;8;1;1;9;5;6
44192;PUEBLA DE VALVERDE, LA;10;0;1;2;0;4;3;0;4;0;5;1;19;0;5;7;1;6;0;2;8;0;9
44193;PUERTOMINGALVO;5;0;1;2;0;1;1;1;0;0;4;0;3;0;0;0;1;1;1;0;0;0;3
44194;RAFALES;5;1;0;1;0;2;1;0;0;0;5;0;3;0;3;0;0;0;0;0;0;0;3
44195;RILLO;3;0;0;0;0;1;2;0;0;0;3;0;0;0;0;0;0;0;0;0;0;0;0
44196;RIODEVA;5;0;2;2;0;0;1;0;3;0;2;0;0;0;0;0;0;0;0;0;0;0;0
44197;RODENAS;1;0;0;0;0;0;1;0;1;0;0;0;0;0;0;0;0;0;0;0;0;0;0
44198;ROYUELA;2;0;0;0;1;0;1;0;0;0;2;0;1;0;1;0;0;0;0;0;0;0;1
44199;RUBIALES;0;0;0;0;0;0;0;0;0;0;0;0;0;0;0;0;0;0;0;0;0;0;0
44200;RUBIELOS DE LA CERIDA;0;0;0;0;0;0;0;0;0;0;0;0;0;0;0;0;0;0;0;0;0;0;0
44201;RUBIELOS DE MORA;30;3;3;5;2;8;9;0;3;0;27;0;19;0;12;1;0;6;0;1;2;3;13
44203;SALCEDILLO;0;0;0;0;0;0;0;0;0;0;0;0;0;0;0;0;0;0;0;0;0;0;0
44204;SALDON;1;0;0;1;0;0;0;0;0;1;0;0;0;0;0;0;0;0;0;0;0;0;0
44205;SAMPER DE CALANDA;17;2;2;9;0;1;3;1;2;4;9;1;0;0;0;0;0;0;0;0;0;0;0
44206;SAN AGUSTIN;8;0;0;4;0;0;4;0;1;1;6;0;7;0;6;0;0;1;0;6;0;1;0
44207;SAN MARTIN DEL RIO;4;0;2;1;0;1;0;0;2;0;2;0;0;0;0;0;0;0;0;0;0;0;0
44208;SANTA CRUZ DE NOGUERAS;1;0;0;0;0;0;1;0;0;0;1;0;0;0;0;0;0;0;0;0;0;0;0
44209;SANTA EULALIA;45;2;8;9;2;17;7;4;15;1;25;0;23;1;13;1;0;7;1;2;10;5;6
44210;SARRION;24;1;2;4;2;6;9;2;4;0;17;1;35;7;18;2;0;6;2;11;11;0;13
44211;SEGURA DE LOS BAÑOS;2;0;0;1;0;1;0;0;0;0;2;0;0;0;0;0;0;0;0;0;0;0;0
44212;SENO;1;0;0;1;0;0;0;0;1;0;0;0;0;0;0;0;0;0;0;0;0;0;0
44213;SINGRA;0;0;0;0;0;0;0;0;0;0;0;0;1;0;0;1;0;0;0;1;0;0;0
44215;TERRIENTE;1;0;1;0;0;0;0;0;0;0;1;0;6;0;2;0;0;4;0;1;0;2;3
44216;TERUEL;1716;142;268;307;119;421;459;36;176;122;1238;144;1833;71;1016;38;53;625;30;44;859;79;851
44217;TORIL Y MASEGOSO;1;0;0;1;0;0;0;0;0;0;1;0;0;0;0;0;0;0;0;0;0;0;0
44218;TORMON;0;0;0;0;0;0;0;0;0;0;0;0;0;0;0;0;0;0;0;0;0;0;0
44219;TORNOS;4;0;0;2;1;1;0;0;0;0;4;0;1;0;1;0;0;0;0;0;0;1;0
44220;TORRALBA DE LOS SISONES;2;0;0;1;0;1;0;0;0;0;2;0;0;0;0;0;0;0;0;0;0;0;0
44221;TORRECILLA DE ALCAÑIZ;16;0;2;2;1;7;4;1;3;1;11;0;8;0;3;0;0;5;0;1;0;0;7
44222;TORRECILLA DEL REBOLLAR;2;0;1;1;0;0;0;0;0;0;2;0;0;0;0;0;0;0;0;0;0;0;0
44223;TORRE DE ARCAS;4;0;0;3;0;0;1;0;1;2;1;0;1;0;1;0;0;0;0;1;0;0;0
44224;TORRE DE LAS ARCAS;2;0;0;1;0;0;1;1;0;0;0;1;1;0;0;0;0;1;0;0;0;0;1
44225;TORRE DEL COMPTE;6;0;1;2;0;1;2;0;0;0;6;0;0;0;0;0;0;0;0;0;0;0;0
44226;TORRELACARCEL;2;0;1;1;0;0;0;0;2;0;0;0;1;0;0;0;0;1;0;0;0;0;1
44227;TORRE LOS NEGROS;2;1;0;0;0;0;1;0;0;0;1;1;0;0;0;0;0;0;0;0;0;0;0
44228;TORREMOCHA DE JILOCA;3;0;0;0;0;2;1;0;1;0;2;0;2;0;1;0;1;0;0;0;0;0;2
44229;TORRES DE ALBARRACIN;5;0;2;1;0;2;0;0;1;0;4;0;6;1;4;0;0;1;0;0;0;0;6
44230;TORREVELILLA;12;1;2;3;0;2;4;2;1;0;9;0;1;0;1;0;0;0;0;1;0;0;0
44231;TORRIJAS;2;0;0;1;0;1;0;0;0;1;1;0;0;0;0;0;0;0;0;0;0;0;0
44232;TORRIJO DEL CAMPO;16;2;1;2;2;5;4;1;3;1;7;4;3;0;3;0;0;0;0;2;0;0;1
44234;TRAMACASTIEL;4;0;0;3;0;0;1;0;1;1;2;0;0;0;0;0;0;0;0;0;0;0;0
44235;TRAMACASTILLA;3;0;1;0;0;1;1;0;0;0;3;0;2;2;0;0;0;0;0;2;0;0;0
44236;TRONCHON;4;0;1;1;0;1;1;1;1;1;1;0;1;0;1;0;0;0;0;0;0;0;1
44237;URREA DE GAEN;22;1;0;6;2;1;12;1;5;1;14;1;16;0;4;10;0;0;2;1;0;2;13
44238;UTRILLAS;179;11;28;30;12;41;57;3;32;10;112;22;126;0;53;1;4;66;2;1;81;0;44
44239;VALACLOCHE;2;0;0;1;1;0;0;0;0;1;1;0;0;0;0;0;0;0;0;0;0;0;0
44240;VALBONA;3;0;0;2;0;1;0;1;0;0;1;1;1;0;0;0;0;1;0;0;0;0;1
44241;VALDEALGORFA;23;1;4;5;0;3;10;1;2;1;19;0;5;1;3;0;0;1;0;1;1;0;3
44243;VALDECUENCA;2;0;0;1;0;0;1;1;0;0;1;0;3;0;3;0;0;0;0;0;0;3;0
44244;VALDELINARES;1;0;0;0;0;1;0;0;0;0;1;0;13;1;5;0;3;4;0;0;0;0;13
44245;VALDELTORMO;21;0;2;5;2;5;7;2;1;1;16;1;5;0;5;0;0;0;0;1;4;0;0
44246;VALDERROBRES;92;5;18;15;3;22;29;7;13;11;53;8;64;1;28;3;1;30;1;7;16;5;36
44247;VALJUNQUERA;9;0;1;3;1;2;2;0;1;2;5;1;1;0;1;0;0;0;0;1;0;0;0
44249;VALLECILLO, EL;1;0;0;0;0;0;1;0;0;0;1;0;0;0;0;0;0;0;0;0;0;0;0
44250;VEGUILLAS DE LA SIERRA;0;0;0;0;0;0;0;0;0;0;0;0;0;0;0;0;0;0;0;0;0;0;0
44251;VILLAFRANCA DEL CAMPO;12;0;2;1;2;3;4;0;1;1;9;1;1;0;1;0;0;0;0;0;0;0;1
44252;VILLAHERMOSA DEL CAMPO;4;1;1;0;0;0;2;1;0;0;3;0;1;0;1;0;0;0;0;0;0;1;0
44256;VILLANUEVA DEL REBOLLAR DE LA SIERRA;2;0;1;0;0;0;1;0;0;0;2;0;0;0;0;0;0;0;0;0;0;0;0
44257;VILLAR DEL COBO;3;0;0;0;0;1;2;0;0;0;3;0;0;0;0;0;0;0;0;0;0;0;0
44258;VILLAR DEL SALZ;1;0;0;0;0;1;0;0;0;0;1;0;0;0;0;0;0;0;0;0;0;0;0
44260;VILLARLUENGO;5;0;0;3;0;0;2;1;0;0;4;0;0;0;0;0;0;0;0;0;0;0;0
44261;VILLARQUEMADO;35;4;1;7;3;9;11;0;3;3;27;2;3;1;1;0;0;1;0;0;2;0;1
44262;VILLARROYA DE LOS PINARES;2;0;1;0;1;0;0;1;0;0;1;0;2;0;0;0;0;2;0;0;0;0;2
44263;VILLASTAR;13;1;0;2;1;6;3;0;0;0;13;0;0;0;0;0;0;0;0;0;0;0;0
44264;VILLEL;21;0;5;6;0;5;5;1;2;3;13;2;1;0;1;0;0;0;0;1;0;0;0
44265;VINACEITE;5;0;0;0;0;3;2;1;0;0;4;0;3;0;2;1;0;0;0;1;0;0;2
44266;VISIEDO;4;1;0;1;0;2;0;2;0;0;1;1;0;0;0;0;0;0;0;0;0;0;0
44267;VIVEL DEL RIO MARTIN;3;0;1;1;0;1;0;0;0;0;3;0;0;0;0;0;0;0;0;0;0;0;0
44268;ZOMA, LA;1;1;0;0;0;0;0;0;1;0;0;0;0;0;0;0;0;0;0;0;0;0;0
45001;AJOFRIN;189;4;29;31;7;39;79;17;59;14;94;5;31;0;15;0;0;16;0;2;16;3;10
45002;ALAMEDA DE LA SAGRA;399;17;45;70;18;109;140;20;42;79;225;33;40;2;24;6;0;7;1;1;12;2;25
45003;ALBARREAL DE TAJO;62;3;6;8;9;18;18;2;3;6;44;7;12;1;7;0;0;4;0;0;3;2;7
45004;ALCABON;76;3;10;13;3;12;35;9;8;2;48;9;6;1;4;0;0;1;0;3;1;0;2
45005;ALCAÑIZO;25;0;1;4;1;12;7;1;1;0;21;2;4;0;0;0;1;3;0;1;0;0;3
45006;ALCAUDETE DE LA JARA;266;13;33;67;12;65;76;21;11;24;195;15;11;0;6;0;1;4;0;1;1;5;4
45007;ALCOLEA DE TAJO;94;2;12;17;5;22;36;7;11;4;67;5;5;0;2;2;0;0;1;1;4;0;0
45008;ALDEA EN CABO;11;0;2;5;0;2;2;2;1;3;4;1;0;0;0;0;0;0;0;0;0;0;0
45009;ALDEANUEVA DE BARBARROYA;46;3;5;13;4;9;12;2;0;2;37;5;11;0;7;0;0;4;0;1;0;0;10
45010;ALDEANUEVA DE SAN BARTOLOME;28;0;6;8;1;6;7;0;0;1;26;1;2;1;1;0;0;0;0;1;0;0;1
45011;ALMENDRAL DE LA CAÑADA;38;0;2;15;0;6;15;0;1;6;29;2;1;0;1;0;0;0;0;0;0;0;1
45012;ALMONACID DE TOLEDO;58;1;7;15;4;13;18;8;2;7;37;4;35;0;18;5;0;12;0;9;5;1;20
45013;ALMOROX;172;11;22;35;11;43;50;8;3;24;123;14;29;0;13;3;1;12;0;1;6;6;16
45014;AÑOVER DE TAJO;466;29;59;80;15;124;159;23;53;35;317;38;86;4;28;5;2;46;1;9;11;11;55
45015;ARCICÓLLAR;65;6;6;10;2;18;23;2;4;10;39;10;6;1;3;0;0;2;0;1;1;0;4
45016;ARGES;469;15;61;85;21;148;139;5;32;33;371;28;52;0;18;1;0;32;1;0;0;4;48
45017;AZUTAN;44;3;2;9;3;11;16;2;0;6;34;2;0;0;0;0;0;0;0;0;0;0;0
45018;BARCIENCE;98;6;16;15;1;36;24;2;9;7;74;6;26;4;19;0;0;3;0;0;25;0;1
45019;BARGAS;733;34;99;147;33;230;190;21;54;64;539;55;144;2;86;1;4;49;2;16;12;63;53
45020;BELVIS DE LA JARA;143;6;20;28;8;32;49;16;16;9;97;5;14;0;6;0;1;7;0;3;3;1;7
45021;BOROX;322;16;39;56;17;93;101;25;40;22;208;27;173;5;77;2;3;84;2;18;66;8;81
45022;BUENAVENTURA;50;1;7;12;0;12;18;1;2;5;40;2;3;0;0;0;2;1;0;0;0;1;2
45023;BURGUILLOS DE TOLEDO;204;7;25;32;7;63;70;5;16;9;162;12;26;1;8;0;2;15;0;2;5;0;19
45024;BURUJON;97;8;8;12;7;38;24;5;19;6;53;14;70;0;27;0;0;43;0;1;0;1;68
45025;CABAÑAS DE LA SAGRA;202;14;26;38;11;36;77;5;21;19;129;28;15;1;9;1;0;4;0;0;2;3;10
45026;CABAÑAS DE YEPES;21;0;3;6;1;4;7;0;2;0;18;1;3;0;1;0;1;0;1;0;0;1;2
45027;CABEZAMESADA;26;2;2;9;0;6;7;4;4;1;14;3;6;0;4;0;0;2;0;5;0;0;1
45028;CALERA Y CHOZAS;547;23;45;96;25;154;204;26;56;30;406;29;57;4;31;3;1;18;0;11;15;5;26
45029;CALERUELA;18;2;2;1;2;5;6;2;1;2;13;0;2;0;0;0;0;1;1;0;0;0;2
45030;CALZADA DE OROPESA;53;6;4;14;1;7;21;2;3;4;42;2;15;0;9;0;0;5;1;0;0;2;13
45031;CAMARENA;337;11;46;76;15;90;99;32;32;21;234;18;114;1;96;0;0;14;3;85;2;15;12
45032;CAMARENILLA;56;5;8;8;1;17;17;1;3;3;46;3;44;0;40;0;0;4;0;41;0;0;3
45033;CAMPILLO DE LA JARA, EL;37;0;6;14;2;7;8;4;1;6;24;2;2;0;0;0;0;2;0;0;0;0;2
45034;CAMUÑAS;134;3;10;26;4;40;51;42;13;5;69;5;91;0;66;0;1;24;0;54;7;3;27
45035;CARDIEL DE LOS MONTES;50;1;2;14;1;13;19;0;2;6;39;3;1;1;0;0;0;0;0;1;0;0;0
45036;CARMENA;69;3;8;18;3;13;24;4;8;6;44;7;9;0;6;0;0;3;0;0;0;3;6
45037;CARPIO DE TAJO, EL;164;9;19;32;10;44;50;11;20;12;109;12;15;0;7;0;1;7;0;0;7;1;7
45038;CARRANQUE;395;18;48;68;10;91;160;7;42;27;284;35;54;1;14;3;2;34;0;0;1;5;48
45039;CARRICHES;19;0;3;5;1;5;5;2;2;0;14;1;1;0;0;0;1;0;0;0;0;0;1
45040;CASAR DE ESCALONA, EL;194;7;22;48;9;54;54;3;15;24;138;14;4;1;3;0;0;0;0;0;0;2;2
45041;CASARRUBIOS DEL MONTE;365;17;56;84;12;93;103;9;40;39;246;31;176;8;82;15;4;62;5;0;68;8;100
45042;CASASBUENAS;8;1;2;0;3;0;2;0;3;1;4;0;2;0;1;1;0;0;0;0;1;0;1
45043;CASTILLO DE BAYUELA;74;6;9;13;0;18;28;4;4;3;53;10;9;1;8;0;0;0;0;1;1;0;7
45045;CAZALEGAS;237;12;30;42;11;72;70;14;16;17;174;16;31;2;13;1;0;14;1;0;1;2;28
45046;CEBOLLA;545;20;59;100;32;139;195;49;75;40;358;23;79;1;39;1;0;38;0;15;19;23;22
45047;CEDILLO DEL CONDADO;365;24;57;55;10;115;104;7;35;35;257;31;41;3;24;1;2;8;3;16;4;9;12
45048;CERRALBOS, LOS;37;1;8;3;3;9;13;2;4;5;25;1;5;0;3;0;0;2;0;3;0;0;2
45049;CERVERA DE LOS MONTES;54;2;2;13;2;14;21;2;8;3;38;3;1;0;1;0;0;0;0;0;0;0;1
45050;CIRUELOS;42;1;8;10;4;11;8;1;3;6;30;2;4;0;2;0;0;2;0;0;0;2;2
45051;COBEJA;229;18;27;31;13;62;78;8;32;16;147;26;25;1;8;4;0;10;2;2;4;5;14
45052;COBISA;216;10;19;44;14;50;79;1;13;11;177;14;8;1;0;2;1;4;0;1;0;2;5
45053;CONSUEGRA;759;23;75;127;22;205;307;136;86;66;435;36;370;5;184;5;5;163;8;94;24;18;234
45054;CORRAL DE ALMAGUER;441;15;55;93;19;112;147;77;49;20;268;27;260;7;170;5;1;75;2;154;13;6;87
45055;CUERVA;97;1;10;22;6;21;37;8;21;8;48;12;4;1;1;0;0;2;0;1;0;0;3
45056;CHOZAS DE CANALES;499;25;83;89;23;152;127;37;50;42;335;35;3;0;1;0;0;2;0;0;0;0;3
45057;CHUECA;27;1;2;5;1;5;13;2;8;0;15;2;4;0;1;0;0;2;1;1;2;0;1
45058;DOMINGO PEREZ;40;1;3;7;0;16;13;7;3;2;25;3;14;0;11;1;0;2;0;11;0;0;3
45059;DOSBARRIOS;203;6;17;42;9;58;71;21;30;11;117;24;96;0;37;4;0;54;1;8;58;0;30
45060;ERUSTES;23;2;1;9;1;5;5;2;1;3;16;1;4;1;0;0;3;0;0;0;4;0;0
45061;ESCALONA;385;17;39;97;11;99;122;9;16;44;297;19;27;1;11;2;0;12;1;1;4;4;18
45062;ESCALONILLA;126;5;12;29;5;35;40;18;12;9;74;13;22;0;12;3;0;6;1;5;14;0;3
45063;ESPINOSO DEL REY;40;2;5;17;0;9;7;7;4;4;25;0;2;1;0;0;0;1;0;0;2;0;0
45064;ESQUIVIAS;412;15;50;72;14;110;151;28;51;24;281;28;75;2;33;2;2;36;0;0;16;11;48
45065;ESTRELLA, LA;10;0;0;6;0;4;0;0;1;0;8;1;0;0;0;0;0;0;0;0;0;0;0
45066;FUENSALIDA;1040;33;149;177;40;294;347;95;172;71;567;135;178;7;76;3;31;60;1;32;44;10;92
45067;GALVEZ;261;12;28;54;9;71;87;29;34;10;171;17;20;3;10;0;0;7;0;3;1;5;11
45068;GARCIOTUM;16;0;3;3;2;4;4;0;0;2;14;0;7;0;3;0;0;3;1;0;0;1;6
45069;GERINDOTE;276;10;34;47;18;75;92;8;30;21;188;29;27;1;12;1;0;12;1;1;9;1;16
45070;GUADAMUR;126;3;17;28;11;34;33;12;8;7;83;16;35;1;22;1;3;8;0;9;16;0;10
45071;GUARDIA, LA;258;10;32;41;17;50;108;14;12;106;104;22;95;2;59;2;2;29;1;36;3;11;45
45072;HERENCIAS, LAS;91;0;11;23;3;19;35;3;4;13;70;1;7;0;6;0;0;1;0;1;0;2;4
45073;HERRERUELA DE OROPESA;19;1;2;6;3;4;3;2;3;0;12;2;2;0;0;0;0;1;1;0;0;0;2
45074;HINOJOSA DE SAN VICENTE;46;2;0;14;4;12;14;1;2;5;35;3;5;0;4;0;0;1;0;0;2;0;3
45075;HONTANAR;6;1;1;1;1;0;2;1;0;0;4;1;38;1;30;0;1;6;0;37;0;0;1
45076;HORMIGOS;88;3;14;20;3;23;25;2;6;10;65;5;5;0;2;0;1;2;0;0;0;1;4
45077;HUECAS;57;2;5;6;3;17;24;2;6;4;40;5;43;17;16;2;1;6;1;0;27;1;15
45078;HUERTA DE VALDECARABANOS;145;4;15;24;3;37;62;1;8;31;96;9;6;0;2;0;0;4;0;1;2;1;2
45079;IGLESUELA, LA;60;2;10;17;4;10;17;1;2;3;52;2;5;0;5;0;0;0;0;0;0;0;5
45080;ILLÁN DE VACAS;0;0;0;0;0;0;0;0;0;0;0;0;0;0;0;0;0;0;0;0;0;0;0
45081;ILLESCAS;2173;85;290;335;91;686;686;14;216;158;1617;168;1415;50;891;61;41;356;16;4;216;76;1119
45082;LAGARTERA;71;0;4;27;0;10;30;2;4;7;57;1;65;4;26;1;1;33;0;12;2;1;50
45083;LAYOS;39;1;4;9;1;12;12;2;2;4;31;0;222;0;165;0;0;57;0;159;0;1;62
45084;LILLO;295;13;34;61;10;71;106;63;39;17;158;18;37;0;24;2;0;10;1;12;0;2;23
45085;LOMINCHAR;212;12;20;45;7;62;66;12;41;11;130;18;15;0;9;0;1;4;1;2;2;2;9
45086;LUCILLOS;86;2;6;17;3;24;34;5;6;5;67;3;3;1;2;0;0;0;0;2;0;1;0
45087;MADRIDEJOS;763;26;90;118;30;189;310;92;89;91;441;50;204;6;106;9;2;78;3;55;17;18;114
45088;MAGÁN;343;18;31;62;22;106;104;12;25;33;233;40;3;0;3;0;0;0;0;0;1;0;2
45089;MALPICA DE TAJO;214;17;29;41;13;39;75;23;17;16;145;13;22;0;5;3;0;13;1;4;1;2;15
45090;MANZANEQUE;48;2;5;13;3;9;16;8;2;4;32;2;18;0;13;0;0;5;0;13;0;0;5
45091;MAQUEDA;39;2;2;7;1;10;17;1;2;2;30;4;5;1;3;0;0;1;0;0;0;2;3
45092;MARJALIZA;10;0;1;3;0;3;3;3;0;1;5;1;2;0;0;0;0;2;0;0;0;0;2
45093;MARRUPE;15;2;0;5;0;3;5;0;0;0;14;1;5;0;3;0;1;1;0;2;0;0;3
45094;MASCARAQUE;32;1;0;12;0;11;8;2;4;2;24;0;17;0;13;0;0;4;0;5;5;1;6
45095;MATA, LA;60;2;3;12;8;13;22;2;10;5;36;7;12;0;3;1;0;7;1;1;10;0;1
45096;MAZARAMBROZ;125;6;15;24;10;30;40;8;23;4;84;6;26;1;17;0;0;7;1;11;2;1;12
45097;MEJORADA;145;7;11;29;6;36;56;6;23;10;98;8;3;0;2;0;0;1;0;0;0;0;3
45098;MENASALBAS;182;6;20;36;8;46;66;19;38;5;100;20;30;0;13;1;0;15;1;10;1;0;19
45099;MÉNTRIDA;447;20;45;75;20;128;159;12;48;38;309;40;36;0;15;3;0;15;3;4;2;3;27
45100;MESEGAR DE TAJO;22;1;2;5;1;6;7;1;3;0;16;2;8;0;8;0;0;0;0;8;0;0;0
45101;MIGUEL ESTEBAN;432;17;40;90;18;144;123;114;44;50;199;25;701;18;472;0;4;206;1;44;3;14;640
45102;MOCEJON;456;21;57;74;22;149;133;15;32;52;305;52;26;2;10;2;1;11;0;3;2;5;16
45103;MOHEDAS DE LA JARA;21;0;1;6;2;6;6;0;1;0;19;1;1;0;0;0;0;1;0;1;0;0;0
45104;MONTEARAGON;64;5;3;12;3;17;24;3;5;6;40;10;12;0;10;0;0;1;1;8;0;0;4
45105;MONTESCLAROS;36;4;6;5;1;12;8;1;1;4;30;0;5;0;2;1;0;2;0;0;1;0;4
45106;MORA;831;36;87;145;40;231;292;102;115;44;501;69;180;4;129;3;5;34;5;66;14;9;91
45107;NAMBROCA;357;16;52;58;19;108;104;13;21;24;271;28;95;1;20;1;1;72;0;10;6;3;76
45108;NAVA DE RICOMALILLO, LA;33;0;2;9;0;9;13;0;0;3;30;0;14;0;12;0;1;1;0;1;1;0;12
45109;NAVAHERMOSA;314;6;25;70;13;86;114;49;39;16;194;16;53;0;43;2;1;7;0;32;3;3;15
45110;NAVALCAN;219;13;23;57;3;46;77;7;8;23;173;8;28;0;15;1;0;12;0;6;2;1;19
45111;NAVALMORALEJO;4;0;0;1;0;1;2;0;1;0;3;0;0;0;0;0;0;0;0;0;0;0;0
45112;NAVALMORALES, LOS;272;9;33;57;22;81;70;90;14;11;140;17;50;2;41;0;1;6;0;41;4;1;4
45113;NAVALUCILLOS, LOS;181;3;17;36;4;36;85;21;11;11;132;6;41;0;27;0;1;13;0;21;1;2;17
45114;NAVAMORCUENDE;65;4;7;16;0;15;23;5;0;3;54;3;0;0;0;0;0;0;0;0;0;0;0
45115;NOBLEJAS;228;13;29;46;10;56;74;9;24;16;158;21;383;15;166;4;5;192;1;8;131;6;238
45116;NOEZ;84;6;14;14;3;16;31;8;10;6;55;5;9;0;9;0;0;0;0;8;0;1;0
45117;NOMBELA;94;6;9;20;3;30;26;9;5;7;60;13;5;0;4;0;0;1;0;3;1;0;1
45118;NOVES;279;18;36;48;8;83;86;3;37;19;197;23;44;1;27;0;1;13;2;18;11;0;15
45119;NUMANCIA DE LA SAGRA;507;31;67;74;21;149;165;7;55;29;373;43;97;8;67;3;2;17;0;0;12;10;75
45120;NUÑO GOMEZ;13;0;3;2;1;4;3;0;0;0;13;0;3;0;1;0;0;2;0;1;0;0;2
45121;OCAÑA;1012;38;138;181;34;328;293;47;67;67;734;97;143;4;77;5;0;53;4;4;25;15;99
45122;OLIAS DEL REY;487;27;73;68;23;154;142;14;34;25;366;48;242;6;126;4;6;98;2;7;40;6;189
45123;ONTIGOLA;264;3;45;46;8;70;92;3;27;20;205;9;1467;1;580;2;8;873;3;0;15;14;1438
45124;ORGAZ;197;10;29;34;14;58;52;21;38;16;112;10;36;0;21;5;0;10;0;5;4;8;19
45125;OROPESA;206;10;29;43;7;50;67;6;9;20;165;6;127;0;53;1;0;73;0;23;1;1;102
45126;OTERO;41;2;9;9;3;8;10;7;4;5;25;0;5;0;2;0;0;3;0;2;3;0;0
45127;PALOMEQUE;94;3;10;17;2;30;32;1;13;14;62;4;2;0;1;0;0;1;0;0;0;1;1
45128;PANTOJA;316;18;32;52;18;94;102;7;53;17;204;35;38;1;12;11;0;12;2;0;19;2;17
45129;PAREDES DE ESCALONA;2;0;0;2;0;0;0;0;1;0;1;0;1;0;1;0;0;0;0;0;0;0;1
45130;PARRILLAS;32;0;6;12;1;4;9;0;1;2;27;2;2;0;1;0;0;1;0;0;0;0;2
45131;PELAHUSTAN;35;1;3;12;1;8;10;3;1;19;12;0;1;0;0;0;0;1;0;0;0;1;0
45132;PEPINO;186;6;24;30;5;46;75;3;15;10;143;15;84;13;38;4;4;25;0;1;11;19;53
45133;POLAN;323;8;36;63;22;84;110;30;50;23;191;29;73;1;32;1;0;35;4;12;16;8;37
45134;PORTILLO DE TOLEDO;169;7;15;37;6;50;54;9;28;12;99;21;75;1;60;2;0;10;2;0;17;0;58
45135;PUEBLA DE ALMORADIEL, LA;431;26;48;84;24;118;131;127;36;35;215;18;153;1;101;0;0;49;2;101;3;4;45
45136;PUEBLA DE MONTALBAN, LA;666;34;73;108;25;173;253;62;117;49;373;65;200;12;121;4;7;55;1;47;71;9;73
45137;PUEBLANUEVA, LA;240;9;19;36;9;77;90;32;17;14;166;11;54;0;38;4;0;12;0;35;4;3;12
45138;PUENTE DEL ARZOBISPO, EL;137;10;6;29;3;30;59;2;14;7;106;8;1;0;0;0;1;0;0;0;0;0;1
45139;PUERTO DE SAN VICENTE;7;0;0;2;0;2;3;1;1;0;5;0;0;0;0;0;0;0;0;0;0;0;0
45140;PULGAR;96;5;9;17;2;31;32;8;16;6;60;6;18;1;6;1;0;9;1;2;7;0;9
45141;QUERO;107;5;17;24;5;24;32;31;11;5;56;4;16;0;9;1;0;6;0;8;0;0;8
45142;QUINTANAR DE LA ORDEN;1084;36;132;197;34;309;376;160;175;240;425;84;602;3;289;17;5;280;8;35;412;40;115
45143;QUISMONDO;138;2;21;25;10;40;40;5;10;17;95;11;2;0;0;0;0;2;0;0;0;0;2
45144;REAL DE SAN VICENTE, EL;120;5;13;41;2;28;31;6;7;16;81;10;6;0;4;0;1;1;0;1;0;0;5
45145;RECAS;403;14;57;73;16;119;124;31;99;19;225;29;61;5;28;1;1;25;1;15;13;5;28
45146;RETAMOSO DE LA JARA;11;0;1;4;0;2;4;1;0;2;7;1;2;0;1;0;0;1;0;1;0;0;1
45147;RIELVES;71;6;8;9;2;21;25;0;7;3;56;5;10;0;9;0;0;1;0;0;1;0;9
45148;ROBLEDO DEL MAZO;25;1;3;10;1;2;8;1;0;3;20;1;6;0;3;0;0;3;0;1;0;0;5
45149;ROMERAL, EL;48;2;5;10;3;8;20;2;7;5;32;2;20;0;17;0;1;2;0;15;2;0;3
45150;SAN BARTOLOME DE LAS ABIERTAS;65;2;9;9;3;25;17;10;2;5;47;1;8;0;2;0;0;6;0;2;0;0;6
45151;SAN MARTIN DE MONTALBAN;57;2;7;9;6;17;16;4;3;4;44;2;14;0;5;1;0;8;0;4;0;0;10
45152;SAN MARTIN DE PUSA;50;1;3;15;4;7;20;3;5;2;36;4;17;0;12;0;0;5;0;9;1;0;7
45153;SAN PABLO DE LOS MONTES;172;7;12;37;3;35;78;11;30;10;116;5;59;0;29;3;0;27;0;2;1;2;54
45154;SAN ROMAN DE LOS MONTES;181;6;33;23;3;52;64;6;16;12;140;7;8;3;3;0;0;2;0;2;0;1;5
45155;SANTA ANA DE PUSA;31;0;3;8;2;6;12;7;3;3;18;0;4;0;3;1;0;0;0;2;1;0;1
45156;SANTA CRUZ DE LA ZARZA;249;9;30;40;6;62;102;26;42;24;144;13;84;0;55;3;0;23;3;3;11;31;39
45157;SANTA CRUZ DEL RETAMAR;268;14;31;57;13;67;86;4;21;20;190;33;34;1;14;2;1;13;3;0;12;4;18
45158;SANTA OLALLA;358;15;47;72;16;79;129;23;42;22;238;33;31;1;15;2;0;12;1;3;6;3;19
45159;SARTAJADA;6;0;0;2;0;1;3;0;0;0;6;0;0;0;0;0;0;0;0;0;0;0;0
45160;SEGURILLA;137;4;15;25;3;36;54;2;17;8;104;6;7;0;4;0;0;3;0;0;1;0;6
45161;SESEÑA;1658;43;226;274;48;576;491;16;133;109;1326;74;1203;38;644;26;25;456;14;1;241;30;931
45162;SEVILLEJA DE LA JARA;41;4;7;13;0;5;12;3;5;0;32;1;32;0;31;0;0;1;0;2;0;0;30
45163;SONSECA;908;43;107;168;29;218;343;45;312;32;462;57;191;1;76;2;1;105;6;17;34;10;130
45164;SOTILLO DE LAS PALOMAS;17;1;3;4;1;0;8;0;1;3;11;2;0;0;0;0;0;0;0;0;0;0;0
45165;TALAVERA DE LA REINA;10394;467;1397;1857;502;2436;3735;307;981;730;7326;1050;1572;79;657;48;51;677;60;22;84;105;1361
45166;TEMBLEQUE;141;5;15;22;9;41;49;9;18;6;97;11;68;2;40;6;0;17;3;11;20;12;25
45167;TOBOSO, EL;147;3;17;36;8;34;49;26;13;10;94;4;47;2;26;2;1;15;1;25;7;0;15
45168;TOLEDO;4998;228;864;900;251;1374;1381;94;297;266;3829;512;4927;103;2215;110;134;2254;111;38;572;141;4176
45169;TORRALBA DE OROPESA;19;1;4;3;0;5;6;2;2;1;14;0;1;0;1;0;0;0;0;1;0;0;0
45170;TORRECILLA DE LA JARA;28;2;8;5;1;8;4;5;0;0;17;6;4;0;3;0;0;1;0;2;0;1;1
45171;TORRE DE ESTEBAN HAMBRAN, LA;120;7;15;26;5;28;39;3;17;7;88;5;31;0;21;1;0;9;0;2;2;1;26
45172;TORRICO;49;1;4;16;3;11;14;4;3;2;38;2;92;0;13;0;1;78;0;0;0;0;92
45173;TORRIJOS;1229;51;144;207;54;353;420;31;131;62;844;161;308;6;188;13;3;92;6;4;105;13;186
45174;TOTANES;27;0;7;6;1;7;6;2;3;1;20;1;25;0;11;10;0;1;3;0;19;1;5
45175;TURLEQUE;46;1;8;9;2;11;15;7;2;4;33;0;3;0;1;0;0;2;0;0;1;0;2
45176;UGENA;452;32;40;67;26;118;169;8;50;30;328;36;39;2;15;5;6;10;1;1;7;7;24
45177;URDA;242;9;23;41;12;53;104;46;19;21;149;7;118;2;54;2;1;58;1;26;15;4;73
45179;VALDEVERDEJA;39;5;5;13;1;7;8;1;1;7;27;3;14;0;5;0;0;8;1;1;0;2;11
45180;VALMOJADO;286;10;27;38;9;91;111;9;38;53;166;20;43;1;19;6;3;12;2;0;13;6;24
45181;VELADA;376;17;45;55;15;100;144;17;73;37;218;31;7;1;2;0;0;4;0;1;0;2;4
45182;VENTAS CON PEÑA AGUILERA, LAS;96;4;7;16;2;32;35;2;8;7;71;8;37;0;29;0;0;7;1;19;2;0;16
45183;VENTAS DE RETAMOSA, LAS;263;8;33;42;8;91;81;5;33;20;191;14;80;3;57;0;0;20;0;62;0;0;18
45184;VENTAS DE SAN JULIAN, LAS;27;0;2;8;1;6;10;0;2;1;24;0;3;0;0;1;0;2;0;0;1;0;2
45185;VILLACAÑAS;1212;44;136;209;58;330;435;160;220;45;676;111;261;6;141;7;3;103;1;33;47;16;165
45186;VILLA DE DON FADRIQUE, LA;368;14;43;85;8;79;139;115;39;22;177;15;50;1;38;2;0;9;0;35;3;2;10
45187;VILLAFRANCA DE LOS CABALLEROS;441;20;49;81;16;106;169;57;19;46;297;22;76;4;36;2;1;32;1;28;3;8;37
45188;VILLALUENGA DE LA SAGRA;342;16;42;55;13;102;114;10;44;25;241;22;34;3;11;3;1;16;0;2;9;2;21
45189;VILLAMIEL DE TOLEDO;73;2;11;15;3;18;24;5;11;7;46;4;34;0;18;0;0;9;7;29;0;1;4
45190;VILLAMINAYA;44;1;6;7;2;11;17;5;8;2;29;0;33;1;9;1;1;21;0;1;30;0;2
45191;VILLAMUELAS;44;2;7;7;1;9;18;5;2;4;29;4;10;0;3;0;0;7;0;1;0;1;8
45192;VILLANUEVA DE ALCARDETE;211;8;21;42;8;52;80;63;32;18;84;14;180;7;118;2;6;47;0;99;15;3;63
45193;VILLANUEVA DE BOGAS;49;2;7;9;1;9;21;8;3;5;31;2;11;0;10;0;0;1;0;9;1;0;1
45194;VILLAREJO DE MONTALBAN;6;0;1;1;1;2;1;1;1;0;3;1;11;1;10;0;0;0;0;10;0;0;1
45195;VILLARRUBIA DE SANTIAGO;155;7;14;46;4;34;50;11;28;11;95;10;73;3;42;0;2;26;0;1;38;4;30
45196;VILLASECA DE LA SAGRA;187;7;24;32;12;61;51;2;12;14;140;19;55;4;36;2;1;6;6;0;8;4;43
45197;VILLASEQUILLA;216;9;28;42;15;57;65;19;15;24;139;19;28;0;25;1;0;2;0;22;2;1;3
45198;VILLATOBAS;193;9;27;46;9;41;61;24;17;24;115;13;27;2;14;2;1;8;0;5;4;0;18
45199;VISO DE SAN JUAN, EL;401;22;42;61;10;132;134;3;38;30;306;24;37;2;11;7;1;14;2;0;4;9;24
45200;YEBENES, LOS;377;23;42;58;15;115;124;34;65;20;226;32;195;5;118;8;5;56;3;82;48;4;61
45201;YELES;519;29;68;80;17;171;154;10;48;46;381;34;146;6;68;4;2;66;0;1;38;12;95
45202;YEPES;390;15;50;82;16;112;115;21;35;45;262;27;36;0;14;0;1;21;0;1;6;4;25
45203;YUNCLER;381;19;62;48;12;129;111;8;51;32;265;25;39;3;20;2;5;8;1;0;9;6;24
45204;YUNCLILLOS;73;3;11;15;1;16;27;2;8;5;55;3;6;1;2;0;1;2;0;1;0;1;4
45205;YUNCOS;1061;66;135;168;43;338;311;20;123;73;744;101;218;13;104;5;3;90;3;1;43;30;144
45901;SANTO DOMINGO-CAUDILLA;99;5;18;19;1;22;34;4;21;7;63;4;13;0;4;2;0;6;1;1;7;1;4
46001;ADEMUZ;62;3;7;17;2;19;14;3;5;6;45;3;70;3;25;2;2;38;0;6;7;3;54
46002;ADOR;78;5;13;10;4;18;28;2;4;4;65;3;29;1;7;3;0;17;1;2;2;1;24
46003;ATZENETA D'ALBAIDA;70;7;9;15;2;13;24;1;16;2;45;6;146;2;53;3;0;88;0;0;107;21;18
46004;AGULLENT;158;8;10;35;4;32;69;2;65;2;83;6;51;2;23;3;3;19;1;0;29;0;22
46005;ALAQUAS;2471;124;329;457;113;540;908;37;411;144;1652;227;563;24;285;26;15;201;12;15;142;57;349
46006;ALBAIDA;404;8;54;82;11;92;157;9;135;15;222;23;102;3;42;3;3;47;4;2;36;4;60
46007;ALBAL;1241;67;172;238;44;291;429;27;206;58;875;75;404;22;213;7;24;133;5;81;71;21;231
46008;ALBALAT DE LA RIBERA;195;15;36;43;7;43;51;10;29;18;120;18;31;0;16;3;1;11;0;2;3;10;16
46009;ALBALAT DELS SORELLS;210;10;26;37;5;62;70;3;26;12;155;14;94;2;38;2;0;50;2;0;4;6;84
46010;ALBALAT DELS TARONGERS;69;2;8;14;0;21;24;3;3;4;59;0;22;2;11;0;0;9;0;0;2;1;19
46011;ALBERIC;620;31;99;96;33;169;192;45;77;41;390;67;345;3;246;10;5;74;7;175;42;13;115
46012;ALBORACHE;69;0;10;17;4;17;21;1;13;4;47;4;72;0;37;0;0;35;0;0;1;1;70
46013;ALBORAYA;1140;35;146;260;49;260;390;18;134;39;900;49;400;14;191;19;8;151;17;18;25;21;336
46014;ALBUIXECH;269;14;27;63;9;64;92;5;32;16;199;17;152;10;76;9;4;45;8;1;69;4;78
46015;ALCASSER;628;40;84;118;20;176;190;24;98;44;418;44;478;21;240;12;6;191;8;77;82;17;302
46016;ALCANTERA DE XUQUER;51;4;7;11;3;11;15;8;7;1;34;1;100;5;33;0;4;58;0;17;5;0;78
46017;ALZIRA;3262;155;447;598;170;821;1071;156;525;197;2140;244;5137;76;3537;37;48;1413;26;2956;781;98;1302
46018;ALCUBLAS;22;2;0;7;2;6;5;2;1;1;17;1;10;0;7;0;0;3;0;2;0;6;2
46019;ALCUDIA, L';419;23;45;68;24;138;121;49;64;9;259;38;1038;17;667;20;7;320;7;623;63;20;332
46020;ALCUDIA DE CRESPINS, L';393;18;45;76;17;93;144;21;86;21;246;19;112;8;33;2;7;59;3;6;6;4;96
46021;ALDAIA;2472;101;328;506;96;565;876;30;449;197;1596;200;3698;25;2606;27;15;1002;23;1672;179;86;1761
46022;ALFAFAR;1944;82;270;416;78;478;620;41;301;125;1345;132;407;11;151;13;23;192;17;0;4;22;381
46023;ALFAUIR;17;2;4;4;1;5;1;0;1;3;13;0;16;2;7;0;0;7;0;1;0;0;15
46024;ALFARA DE LA BARONIA;44;9;7;4;2;11;11;0;5;5;30;4;14;2;7;1;0;4;0;0;0;1;13
46025;ALFARA DEL PATRIARCA;197;8;35;35;13;41;65;4;23;13;145;12;26;1;10;0;1;13;1;0;1;2;23
46026;ALFARP;50;1;9;9;2;17;12;6;9;1;33;1;48;2;35;0;1;10;0;22;4;16;6
46027;ALFARRASI;72;1;12;11;1;17;30;6;21;0;44;1;29;1;17;4;0;4;3;0;22;2;5
46028;ALGAR DE PALANCIA;20;1;2;6;1;3;7;0;5;3;11;1;27;1;19;0;0;7;0;0;17;0;10
46029;ALGEMESI;1445;94;225;257;87;398;384;97;182;105;916;145;1676;28;463;10;115;1050;10;142;956;40;538
46030;ALGIMIA DE ALFARA;44;4;8;5;5;10;12;3;6;0;32;3;39;2;21;3;2;10;1;12;6;9;12
46031;ALGINET;669;30;104;135;26;192;182;50;77;44;437;61;234;10;136;14;13;58;3;82;14;28;110
46032;ALMASSERA;486;16;39;121;11;116;183;10;97;32;315;32;105;5;70;3;6;21;0;5;30;7;63
46033;ALMISERA;14;3;0;4;1;1;5;2;0;0;12;0;2;0;1;0;0;1;0;0;0;0;2
46034;ALMOINES;181;14;37;36;9;41;44;4;11;9;151;6;1132;1;868;1;0;261;1;970;4;1;157
46035;ALMUSSAFES;430;19;67;69;21;124;130;6;78;12;312;22;2740;17;1955;45;13;699;11;316;1593;10;821
46036;ALPUENTE;27;1;4;11;0;3;8;2;5;1;19;0;5;1;1;0;0;3;0;0;3;0;2
46037;ALQUERIA DE LA COMTESSA, L';110;12;13;27;5;29;24;4;9;6;89;2;98;2;50;12;1;28;5;2;3;0;93
46038;ANDILLA;11;1;3;2;0;2;3;5;0;0;6;0;14;0;10;0;0;4;0;9;0;4;1
46039;ANNA;127;1;21;39;4;14;48;12;24;9;79;3;29;1;15;3;0;7;3;4;2;2;21
46040;ANTELLA;58;2;7;11;2;11;25;3;4;4;45;2;4;1;0;0;0;3;0;0;0;0;4
46041;ARAS DE LOS OLMOS;8;0;0;1;0;2;5;0;0;0;7;1;15;0;12;0;0;3;0;1;1;1;12
46042;AIELO DE MALFERIT;237;15;36;45;7;61;73;33;65;9;118;12;162;20;62;3;13;61;3;80;22;3;57
46043;AIELO DE RUGAT;4;0;1;2;0;1;0;0;1;0;3;0;2;0;1;0;0;1;0;0;1;0;1
46044;AYORA;361;24;30;48;25;85;149;14;74;23;217;33;83;12;18;1;11;38;3;7;12;20;44
46045;BARXETA;74;11;8;16;6;15;18;8;5;4;53;4;35;6;14;0;1;13;1;6;1;9;19
46046;BARX;79;4;17;15;3;19;21;4;3;12;58;2;9;0;6;0;1;2;0;2;0;0;7
46047;BELGIDA;28;4;3;3;0;6;12;1;5;0;21;1;29;10;12;0;1;6;0;8;2;1;18
46048;BELLREGUARD;331;19;42;73;18;91;88;10;24;21;267;9;72;1;26;7;1;36;1;0;1;8;63
46049;BELLUS;22;2;3;2;2;6;7;0;4;0;16;2;4;0;0;0;0;4;0;0;0;0;4
46050;BENAGEBER;11;0;5;1;1;4;0;3;0;1;7;0;5;0;1;0;0;4;0;0;0;0;5
46051;BENAGUASIL;841;33;119;188;25;208;268;38;115;88;540;60;185;8;109;5;10;49;4;18;24;11;132
46052;BENAVITES;21;3;0;3;3;2;10;1;2;0;18;0;42;4;4;0;1;33;0;4;0;0;38
46053;BENEIXIDA;25;1;3;4;1;8;8;2;1;0;21;1;54;0;42;0;1;11;0;14;2;4;34
46054;BENETUSSER;1166;46;168;236;33;276;407;13;181;78;819;75;116;6;44;14;3;43;6;0;6;29;81
46055;BENIARJO;114;4;10;30;7;27;36;0;11;8;93;2;151;16;58;4;2;69;2;43;0;2;106
46056;BENIATJAR;7;1;1;1;1;2;1;1;0;0;5;1;16;0;7;0;0;9;0;3;1;0;12
46057;BENICOLET;25;0;5;6;2;6;6;2;2;1;20;0;25;0;7;0;1;16;1;15;0;0;10
46058;BENIFAIRO DE LES VALLS;88;4;13;18;4;30;19;0;9;6;70;3;2;0;2;0;0;0;0;0;0;1;1
46059;BENIFAIRO DE LA VALLDIGNA;69;6;8;8;5;19;23;5;6;2;52;4;558;106;228;0;36;187;1;339;3;0;216
46060;BENIFAIO;632;31;76;120;28;149;228;20;128;42;390;52;208;8;89;14;6;85;6;22;61;7;118
46061;BENIFLA;40;2;5;10;2;13;8;0;7;2;31;0;57;1;38;2;0;16;0;0;2;1;54
46062;BENIGANIM;318;16;31;87;14;59;111;15;102;9;176;16;100;3;53;2;1;40;1;12;11;1;76
46063;BENIMODO;82;3;12;19;1;24;23;5;10;5;60;2;241;1;130;4;0;106;0;7;213;4;17
46064;BENIMUSLEM;51;4;9;8;6;10;14;1;7;5;35;3;59;0;50;0;1;7;1;56;0;0;3
46065;BENIPARRELL;136;6;15;27;3;31;54;1;26;5;100;4;422;12;214;20;5;162;9;0;112;15;295
46066;BENIRREDRA;95;4;17;21;4;25;24;0;8;3;84;0;16;0;5;0;0;10;1;2;1;1;12
46067;BENISANO;174;11;27;41;8;35;52;10;20;14;113;17;27;0;11;4;0;11;1;2;2;0;23
46068;BENISSODA;34;0;7;4;0;6;17;1;10;0;22;1;10;0;5;0;0;4;1;0;3;0;7
46069;BENISUERA;6;0;1;0;0;1;4;0;1;0;5;0;0;0;0;0;0;0;0;0;0;0;0
46070;BETERA;1283;51;157;291;43;289;452;28;122;120;968;45;561;104;208;14;21;206;8;195;11;37;318
46071;BICORP;34;2;6;5;1;6;14;0;4;3;26;1;14;0;5;0;0;9;0;0;0;0;14
46072;BOCAIRENT;269;8;26;63;2;44;126;2;98;14;146;9;105;1;55;5;0;41;3;0;30;5;70
46073;BOLBAITE;100;4;12;22;4;25;33;6;15;7;70;2;19;0;13;0;0;6;0;4;2;0;13
46074;BONREPOS I MIRAMBELL;225;11;30;48;6;63;67;5;33;11;164;12;100;1;80;1;1;16;1;5;62;3;30
46075;BUFALI;11;0;1;2;0;3;5;0;7;1;3;0;5;0;4;1;0;0;0;0;4;0;1
46076;BUGARRA;29;3;4;5;4;6;7;4;2;1;21;1;70;4;29;0;16;21;0;7;0;0;63
46077;BUÑOL;550;24;73;132;22;132;167;12;120;41;351;26;445;8;198;32;5;169;33;1;317;14;113
46078;BURJASSOT;3282;143;471;716;143;821;988;46;304;302;2470;160;530;11;200;15;18;277;9;1;26;46;457
46079;CALLES;32;2;3;10;5;5;7;0;1;6;23;2;3;0;2;0;0;1;0;0;0;1;2
46080;CAMPORROBLES;67;4;6;15;3;16;23;16;4;1;44;2;22;0;16;1;0;5;0;10;2;0;10
46081;CANALS;1075;58;127;205;34;199;452;68;236;72;640;59;136;2;61;2;4;61;6;26;15;9;86
46082;CANET D'EN BERENGUER;298;8;66;53;10;77;84;4;24;20;240;10;204;8;89;4;5;92;6;4;8;16;176
46083;CARCAIXENT;1340;63;153;217;67;377;463;56;156;84;890;154;587;32;314;10;9;213;9;192;17;21;357
46084;CARCER;69;3;5;16;8;20;17;4;4;5;50;6;179;3;132;0;1;43;0;139;1;8;31
46085;CARLET;733;31;100;141;39;222;200;82;96;41;429;85;697;55;332;12;9;282;7;231;168;20;278
46086;CARRICOLA;4;0;3;1;0;0;0;1;0;0;3;0;2;0;1;0;1;0;0;1;0;0;1
46087;CASAS ALTAS;5;0;0;1;0;0;4;0;0;0;5;0;16;0;11;0;0;5;0;5;0;7;4
46088;CASAS BAJAS;4;0;0;2;0;1;1;0;0;0;3;1;4;0;0;0;0;4;0;0;0;0;4
46089;CASINOS;150;7;15;34;6;35;53;6;23;10;107;4;49;0;29;2;1;15;2;17;7;3;22
46090;CASTELLO DE RUGAT;95;2;15;17;3;27;31;7;19;6;61;2;89;0;54;0;2;32;1;19;24;7;39
46091;CASTELLONET DE LA CONQUESTA;5;1;1;1;0;1;1;0;0;0;5;0;4;0;2;0;0;2;0;0;0;0;4
46092;CASTIELFABIB;14;2;0;3;0;3;6;0;0;1;11;2;1;0;0;0;1;0;0;0;0;0;1
46093;CATADAU;128;8;19;24;6;36;35;13;13;5;90;7;64;2;34;0;0;27;1;10;10;4;40
46094;CATARROJA;2175;81;297;436;75;565;721;42;348;109;1576;100;847;22;424;29;18;328;26;111;318;49;369
46095;CAUDETE DE LAS FUENTES;28;1;5;10;0;6;6;6;5;4;13;0;38;0;24;0;1;13;0;15;7;0;16
46096;CERDA;36;3;4;7;2;14;6;2;5;6;21;2;3;0;2;1;0;0;0;0;2;1;0
46097;COFRENTES;25;3;4;5;1;3;9;0;2;2;21;0;300;0;259;1;1;39;0;0;112;42;146
46098;CORBERA;194;14;32;35;12;55;46;3;16;12;149;14;101;2;50;3;2;44;0;4;11;2;84
46099;CORTES DE PALLAS;45;4;8;15;2;6;10;4;5;2;33;1;2;0;2;0;0;0;0;1;1;0;0
46100;COTES;17;1;1;3;1;4;7;0;3;3;11;0;13;0;6;2;0;5;0;0;0;0;13
46101;QUART DE LES VALLS;41;2;4;7;2;16;10;1;3;3;33;1;10;0;8;0;0;2;0;0;0;5;5
46102;QUART DE POBLET;2022;92;281;408;88;464;689;25;275;149;1471;102;995;39;552;66;18;287;33;18;165;95;717
46103;QUARTELL;67;2;13;8;2;22;20;2;8;5;47;5;114;32;53;3;7;17;2;31;31;0;52
46104;QUATRETONDA;90;3;21;17;5;23;21;6;12;7;61;4;74;1;38;0;0;35;0;23;21;1;29
46105;CULLERA;1701;58;292;349;83;407;512;42;132;116;1317;94;587;20;290;3;14;249;11;35;14;55;483
46106;CHELVA;104;11;9;29;4;15;36;10;12;6;71;5;21;0;13;0;0;8;0;0;4;1;16
46107;CHELLA;200;9;31;43;8;35;74;11;30;15;136;8;30;1;24;0;1;3;1;3;2;16;9
46108;CHERA;31;4;4;6;3;4;10;5;2;0;23;1;9;0;4;0;0;5;0;1;1;1;6
46109;CHESTE;394;13;66;89;14;101;111;57;47;22;238;30;789;10;418;10;8;335;8;97;176;12;504
46110;XIRIVELLA;2252;89;318;481;78;505;781;50;333;180;1485;204;404;15;211;13;1;151;13;0;35;24;345
46111;CHIVA;903;42;121;199;31;183;327;37;155;49;611;51;400;14;198;18;10;149;11;3;115;26;256
46112;CHULILLA;36;2;4;9;1;7;13;3;7;1;24;1;10;2;4;0;1;3;0;0;1;0;9
46113;DAIMUS;183;8;34;35;3;44;59;2;17;9;152;3;76;3;44;4;0;23;2;9;0;15;52
46114;DOMEÑO;36;2;3;8;2;11;10;0;2;1;29;4;189;2;91;0;0;96;0;2;1;0;186
46115;DOS AGUAS;24;1;3;8;0;4;8;1;6;4;11;2;1;0;0;0;0;1;0;0;0;0;1
46116;ELIANA, L';942;34;126;239;19;174;350;8;119;47;721;47;442;14;166;12;8;239;3;1;7;27;407
46117;EMPERADOR;37;2;4;10;1;13;7;1;4;0;30;2;8;1;3;0;0;3;1;0;0;0;8
46118;ENGUERA;280;18;40;53;10;49;110;15;48;23;173;21;289;5;116;2;6;159;1;6;231;0;52
46119;ENOVA, L';41;3;8;4;2;14;10;2;3;3;32;1;11;0;7;0;1;3;0;3;1;0;7
46120;ESTIVELLA;68;1;8;21;1;17;20;3;6;5;52;2;40;0;21;1;2;16;0;2;3;0;35
46121;ESTUBENY;4;0;0;1;0;1;2;0;1;0;3;0;20;0;14;0;1;5;0;10;0;0;10
46122;FAURA;173;10;28;21;10;59;45;4;11;5;146;7;98;0;20;0;0;77;1;9;1;1;87
46123;FAVARA;163;15;21;23;3;32;69;7;15;13;124;4;29;0;16;3;0;9;1;0;8;4;17
46124;FONTANARS DELS ALFORINS;46;2;3;10;2;6;23;12;7;6;18;3;47;1;23;2;0;21;0;37;1;4;5
46125;FORTALENY;78;4;9;19;1;14;31;1;10;7;55;5;38;0;33;1;0;4;0;0;0;33;5
46126;FOIOS;429;11;53;107;14;113;131;11;75;31;291;21;85;3;48;8;2;22;2;2;9;12;62
46127;FONT D'EN CARROS, LA;232;12;40;63;13;55;49;7;16;28;166;15;59;0;41;2;0;15;1;27;1;10;21
46128;FONT DE LA FIGUERA, LA;118;6;9;22;4;28;49;4;26;6;78;4;40;1;22;2;0;14;1;10;8;2;20
46129;FUENTERROBLES;41;1;4;12;1;11;12;11;4;0;24;2;10;0;7;0;0;3;0;4;0;0;6
46130;GAVARDA;47;2;5;9;2;11;18;6;5;2;32;2;29;0;26;0;0;3;0;2;0;21;6
46131;GANDIA;6669;285;1004;1348;266;1665;2101;190;435;401;5386;257;2530;83;1091;44;57;1213;42;214;72;88;2156
46132;GENOVES;183;3;22;28;5;55;70;7;26;14;133;3;22;0;13;3;0;6;0;3;4;5;10
46133;GESTALGAR;21;1;4;6;0;5;5;1;1;0;18;1;14;0;7;2;0;5;0;3;1;4;6
46134;GILET;185;4;23;40;2;57;59;5;19;6;152;3;17;2;8;0;0;7;0;0;0;3;14
46135;GODELLA;542;14;94;130;14;104;186;8;61;45;411;17;202;12;59;2;20;108;1;1;7;27;167
46136;GODELLETA;166;5;24;41;5;38;53;17;22;8;112;7;416;11;336;4;3;60;2;346;1;0;69
46137;GRANJA DE LA COSTERA, LA;14;2;0;1;1;5;5;1;0;0;13;0;18;0;7;0;0;11;0;8;2;0;8
46138;GUADASSÉQUIES;25;3;1;4;3;6;8;1;6;0;16;2;22;0;16;0;0;6;0;0;13;0;9
46139;GUADASSUAR;201;14;28;32;8;69;50;12;39;9;129;12;262;4;148;7;0;101;2;87;26;27;122
46140;GUARDAMAR DE LA SAFOR;23;1;3;5;1;7;6;0;1;0;22;0;2;0;1;0;0;1;0;0;0;0;2
46141;HIGUERUELAS;18;1;2;3;0;6;6;1;3;0;14;0;21;0;17;1;0;3;0;0;4;0;17
46142;JALANCE;26;1;5;6;1;5;8;0;3;1;21;1;12;0;2;0;1;9;0;0;0;0;12
46143;XERACO;276;16;63;55;15;82;45;7;10;10;239;10;322;16;81;2;14;209;0;23;0;8;291
46144;JARAFUEL;39;2;2;7;3;10;15;2;2;3;28;4;14;0;7;0;1;6;0;1;0;1;12
46145;XATIVA;2273;118;350;432;82;505;786;92;273;166;1617;125;729;20;307;17;21;328;36;95;38;53;543
46146;XERESA;80;4;15;18;3;17;23;2;5;4;67;2;125;32;60;1;1;31;0;36;2;2;85
46147;LLIRIA;1853;88;287;386;96;478;518;67;203;131;1272;180;988;14;553;74;12;317;18;135;585;34;234
46148;LORIGUILLA;116;6;16;24;1;34;35;1;23;9;81;2;78;3;58;0;0;16;1;5;9;6;58
46149;LOSA DEL OBISPO;25;0;5;5;1;6;8;3;3;2;15;2;3;1;1;0;0;0;1;1;1;1;0
46150;LLUTXENT;107;11;12;27;9;30;18;7;8;13;76;3;113;3;81;3;1;24;1;79;5;4;25
46151;LLOCNOU D'EN FENOLLET;52;5;4;7;3;20;13;5;4;5;35;3;8;0;2;0;0;6;0;0;0;1;7
46152;LLOCNOU DE LA CORONA;11;3;0;5;0;1;2;0;1;0;10;0;5;0;3;0;0;2;0;0;0;0;5
46153;LLOCNOU DE SANT JERONI;39;1;8;4;0;13;13;1;5;0;33;0;2;0;1;0;0;1;0;0;0;0;2
46154;LLANERA DE RANES;78;3;13;21;2;14;25;0;16;9;49;4;36;1;29;1;0;4;1;0;25;2;9
46155;LLAURI;71;3;14;17;5;12;20;0;6;6;56;3;14;0;10;0;0;4;0;9;0;1;4
46156;LLOMBAI;96;3;13;24;2;21;33;8;12;10;60;6;43;1;22;2;2;16;0;12;4;3;24
46157;LLOSA DE RANES, LA;167;12;17;32;5;46;55;6;19;12;119;11;75;1;37;3;2;32;0;4;10;5;56
46158;MACASTRE;102;4;16;29;4;22;27;4;16;10;66;6;15;0;9;0;0;5;1;4;4;0;7
46159;MANISES;2655;104;403;567;95;574;912;35;348;192;1947;133;872;35;347;35;36;389;30;4;53;50;765
46160;MANUEL;112;2;12;19;6;34;39;9;9;2;86;6;43;0;28;0;3;12;0;16;3;2;22
46161;MARINES;113;7;10;25;5;27;39;3;10;5;91;4;54;1;30;1;0;22;0;0;23;3;28
46162;MASSALAVÉS;101;3;16;21;8;27;26;7;12;9;66;7;89;1;77;0;1;8;2;1;3;1;84
46163;MASSALFASSAR;151;6;26;33;0;44;42;3;14;8;119;7;284;8;134;13;7;117;5;3;47;5;229
46164;MASSAMAGRELL;1063;70;145;197;47;279;325;25;136;88;713;101;263;12;131;5;7;97;11;9;43;42;169
46165;MASSANASSA;662;25;117;128;24;144;224;14;93;34;484;37;502;16;279;33;5;154;15;6;53;20;423
46166;MELIANA;784;40;104;162;22;184;272;20;99;48;554;63;132;7;55;2;3;57;8;2;44;15;71
46167;MILLARES;42;3;5;8;1;7;18;1;5;5;30;1;22;0;9;0;0;13;0;0;0;0;22
46168;MIRAMAR;161;8;29;30;9;43;42;2;6;9;140;4;153;31;72;1;16;33;0;50;20;1;82
46169;MISLATA;3330;115;426;688;90;802;1209;33;401;245;2367;284;422;28;183;19;20;162;10;0;17;40;365
46170;MOGENTE/MOIXENT;286;10;30;49;13;68;116;29;70;9;165;13;66;2;29;2;2;29;2;11;13;9;33
46171;MONCADA;1374;57;206;300;38;291;482;24;155;158;968;69;384;13;206;21;8;127;9;15;36;22;311
46172;MONTSERRAT;542;25;66;141;18;136;156;30;88;57;354;13;84;1;44;5;1;31;2;12;23;3;46
46173;MONTAVERNER;133;7;15;34;3;31;43;7;45;4;71;6;114;1;50;8;1;50;4;0;10;3;101
46174;MONTESA;80;6;8;11;4;22;29;6;14;3;54;3;77;3;56;1;2;15;0;59;0;1;17
46175;MONTICHELVO;20;0;1;5;3;6;5;1;2;4;13;0;20;0;14;0;2;4;0;7;0;0;13
46176;MONTROY;183;3;36;44;1;48;51;15;31;22;112;3;16;0;10;0;0;5;1;10;3;0;3
46177;MUSEROS;400;14;62;61;14;105;144;3;44;31;297;25;1132;50;514;15;2;546;5;535;24;15;558
46178;NAQUERA;405;13;54;85;13;106;134;7;49;24;320;5;361;19;215;17;6;91;13;14;185;22;140
46179;NAVARRES;175;9;32;36;4;43;51;18;17;15;122;3;203;0;100;1;0;102;0;0;186;0;17
46180;NOVELE/NOVETLE;50;2;7;17;3;7;14;3;6;2;38;1;23;0;15;2;0;6;0;0;4;0;19
46181;OLIVA;1955;98;291;399;104;535;528;97;116;153;1500;89;781;24;350;16;15;361;15;272;102;47;360
46182;OLOCAU;119;2;15;34;6;26;36;0;17;9;91;2;75;0;26;3;1;45;0;2;8;2;63
46183;OLLERIA, L';562;19;67;132;34;115;195;33;172;16;309;32;255;3;153;24;4;63;8;1;104;6;144
46184;ONTINYENT;2722;104;348;525;97;598;1050;86;718;155;1537;226;1131;21;588;38;15;434;35;40;187;50;854
46185;OTOS;14;0;1;3;1;3;6;1;2;0;11;0;12;1;7;0;0;4;0;3;0;1;8
46186;PAIPORTA;1874;90;221;350;66;444;703;25;318;136;1293;102;430;19;245;16;8;131;11;14;58;109;249
46187;PALMA DE GANDIA;95;6;14;26;6;22;21;4;8;7;72;4;64;0;48;4;0;12;0;9;1;2;52
46188;PALMERA;64;5;12;11;5;19;12;0;5;5;50;4;15;0;8;2;0;5;0;0;4;1;10
46189;PALOMAR, EL;40;4;3;6;0;6;21;1;10;1;27;1;9;0;5;0;0;4;0;0;2;0;7
46190;PATERNA;5118;236;715;1016;232;1340;1579;66;506;445;3880;221;4469;140;2276;105;74;1800;74;4;1151;149;3165
46191;PEDRALBA;152;6;22;46;5;32;41;15;16;18;96;7;43;3;27;2;0;10;1;20;1;4;18
46192;PETRES;56;4;6;11;2;15;18;3;6;1;43;3;10;0;3;0;0;7;0;0;0;0;10
46193;PICANYA;682;25;95;129;28;165;240;13;108;38;495;28;623;6;351;7;4;251;4;109;12;24;478
46194;PICASSENT;1390;78;188;265;63;353;443;40;201;80;968;101;551;11;291;30;6;201;12;41;155;60;295
46195;PILES;162;7;25;39;5;45;41;3;4;17;132;6;78;4;43;1;2;26;2;13;2;0;63
46196;PINET;11;0;2;3;0;4;2;0;2;1;8;0;3;0;1;0;0;2;0;0;0;1;2
46197;POLINYA DE XUQUER;120;13;14;19;5;37;32;7;11;10;81;11;25;7;12;1;1;4;0;9;0;1;15
46198;POTRIES;63;5;8;12;3;18;17;6;4;8;41;4;30;1;18;0;0;10;1;0;2;10;18
46199;POBLA DE FARNALS, LA;480;19;70;94;17;133;147;9;37;34;370;30;147;6;65;5;3;63;5;3;11;13;120
46200;POBLA DEL DUC, LA;58;2;8;18;3;18;9;5;9;7;36;1;171;2;92;5;8;63;1;96;8;2;65
46201;PUEBLA DE SAN MIGUEL;1;0;0;0;0;0;1;0;1;0;0;0;12;0;0;0;0;12;0;0;0;0;12
46202;POBLA DE VALLBONA, LA;1536;64;227;294;62;385;504;45;217;125;1029;120;549;32;291;15;23;179;9;70;98;50;331
46203;POBLA LLARGA, LA;210;11;26;55;10;52;56;4;18;16;153;19;132;3;69;5;35;20;0;27;11;19;75
46204;PUIG;499;34;64;104;13;108;176;12;62;26;374;25;509;31;245;13;7;202;11;29;119;19;342
46205;PUÇOL;1017;42;161;185;32;248;349;11;120;50;766;70;981;22;318;8;61;560;12;26;41;18;896
46206;QUESA;37;2;6;9;1;7;12;1;4;2;29;1;14;0;11;1;0;1;1;0;1;0;13
46207;RAFELBUÑOL/RAFELBUNYOL;546;23;83;93;15;134;198;15;68;22;419;22;230;6;109;20;8;71;16;11;93;10;116
46208;RAFELCOFER;88;6;12;17;6;21;26;2;4;8;74;0;14;3;0;0;0;11;0;0;0;0;14
46209;RAFELGUARAF;99;6;15;22;2;21;33;8;9;13;67;2;15;1;10;0;0;4;0;3;0;4;8
46210;RAFOL DE SALEM;24;2;3;4;1;6;8;2;6;0;14;2;2;0;1;0;0;1;0;1;1;0;0
46211;REAL DE GANDIA;182;12;37;34;12;41;46;2;12;12;151;5;98;0;69;3;0;24;2;41;5;5;47
46212;REAL;127;8;18;31;8;31;31;6;24;9;84;4;28;5;14;0;0;9;0;10;3;4;11
46213;REQUENA;1131;47;160;226;47;255;396;215;186;53;645;32;643;10;338;9;6;270;10;186;123;13;321
46214;RIBA-ROJA DE TURIA;1553;81;232;308;76;345;511;35;219;108;1126;65;1903;45;1162;79;17;580;20;148;443;39;1273
46215;RIOLA;98;3;18;18;4;23;32;3;13;6;70;6;18;0;6;0;0;12;0;2;0;2;14
46216;ROCAFORT;358;24;55;89;13;67;110;3;28;16;301;10;88;1;12;2;8;65;0;0;1;3;84
46217;ROTGLA I CORBERA;74;9;11;12;2;21;19;3;12;2;52;5;73;0;53;1;0;19;0;49;7;0;17
46218;ROTOVA;63;2;14;11;3;18;15;3;6;5;48;1;16;0;8;1;0;4;3;5;0;0;11
46219;RUGAT;1;0;0;1;0;0;0;0;0;0;1;0;17;0;11;0;0;6;0;16;0;1;0
46220;SAGUNTO/SAGUNT;4802;241;742;991;180;1293;1355;137;509;338;3475;343;2135;85;1121;32;34;824;39;47;456;113;1519
46221;SALEM;26;1;5;4;1;7;8;0;8;0;18;0;37;2;22;1;1;11;0;1;23;1;12
46222;SANT JOANET;17;1;1;4;0;5;6;2;2;1;10;2;18;5;5;1;0;7;0;1;0;2;15
46223;SEDAVI;802;30;113;161;30;182;286;14;113;40;591;44;170;8;58;10;6;83;5;0;12;12;146
46224;SEGART;5;1;0;2;0;0;2;0;0;0;5;0;4;0;3;0;0;1;0;0;0;0;4
46225;SELLENT;22;1;1;2;3;7;8;1;3;2;16;0;1;0;0;0;0;1;0;0;0;0;1
46226;SEMPERE;2;0;0;0;0;1;1;0;0;0;1;1;0;0;0;0;0;0;0;0;0;0;0
46227;SENYERA;58;4;10;11;5;16;12;1;5;5;43;4;32;1;14;2;0;15;0;9;5;1;17
46228;SERRA;215;21;34;42;8;50;60;3;19;19;168;6;88;0;45;0;1;42;0;0;1;3;84
46229;SIETE AGUAS;67;4;10;16;1;18;18;4;10;6;47;0;4;0;0;0;0;4;0;0;1;0;3
46230;SILLA;1453;75;206;301;63;337;471;33;232;103;1004;81;600;30;328;25;13;192;12;63;206;45;286
46231;SIMAT DE LA VALLDIGNA;153;23;14;27;9;40;40;10;5;5;116;17;67;19;29;1;2;15;1;23;1;3;40
46232;SINARCAS;65;4;9;16;6;15;15;24;4;0;34;3;39;0;21;2;1;15;0;19;0;3;17
46233;SOLLANA;263;16;33;57;11;78;68;11;31;18;186;17;354;131;101;5;18;96;3;138;38;7;171
46234;SOT DE CHERA;29;3;5;5;3;7;6;0;0;1;28;0;6;1;1;0;0;4;0;0;0;0;6
46235;SUECA;1840;79;312;412;66;402;569;59;276;126;1234;145;580;5;257;8;14;287;9;32;168;19;361
46236;SUMACARCER;50;2;9;10;2;13;14;4;3;2;40;1;4;0;2;0;0;2;0;0;0;1;3
46237;TAVERNES BLANQUES;700;35;100;132;22;164;247;9;114;43;496;38;66;8;26;3;5;23;1;0;3;19;44
46238;TAVERNES DE LA VALLDIGNA;1087;60;149;178;61;308;331;50;84;52;820;81;499;8;313;10;3;160;5;292;38;18;151
46239;TERESA DE COFRENTES;40;3;5;13;0;7;12;0;2;2;35;1;4;0;2;0;0;2;0;0;0;2;2
46240;TERRATEIG;5;0;0;2;0;0;3;0;0;1;4;0;12;0;5;0;0;7;0;0;0;3;9
46241;TITAGUAS;22;2;2;5;1;3;9;1;5;0;14;2;3;0;2;0;0;1;0;1;0;1;1
46242;TORREBAJA;22;1;5;7;0;6;3;0;4;2;16;0;5;0;4;0;0;1;0;0;3;1;1
46243;TORRELLA;7;0;2;2;0;1;2;0;0;1;6;0;1;0;1;0;0;0;0;1;0;0;0
46244;TORRENT;6896;339;889;1308;341;1726;2293;209;1149;579;4506;453;1179;58;481;39;31;523;47;0;219;137;823
46245;TORRES TORRES;38;1;7;11;0;5;14;6;6;2;24;0;9;1;5;0;0;3;0;7;0;0;2
46246;TOUS;80;5;7;12;3;25;28;4;5;2;67;2;8;0;3;1;0;4;0;0;0;0;8
46247;TUEJAR;79;5;8;23;3;13;27;11;11;6;50;1;28;2;12;1;0;13;0;8;1;1;18
46248;TURIS;354;21;47;92;16;86;92;40;42;34;209;29;113;26;45;2;2;37;1;51;13;1;48
46249;UTIEL;512;27;72;108;13;126;166;99;88;29;282;14;242;3;145;7;3;80;4;96;34;3;109
46250;VALENCIA;52725;1965;7662;11909;1960;11920;17309;908;4510;3333;40484;3490;37743;1183;17979;663;1181;16080;657;4660;1508;1452;30123
46251;VALLADA;192;6;19;50;1;46;70;3;41;4;139;5;57;2;13;17;1;20;4;1;5;0;51
46252;VALLANCA;6;1;0;1;0;0;4;0;1;0;5;0;7;0;5;0;0;2;0;0;0;0;7
46253;VALLES;9;0;1;3;0;2;3;0;3;0;6;0;5;0;2;0;0;3;0;0;0;0;5
46254;VENTA DEL MORO;40;1;10;5;1;8;15;8;4;2;24;2;46;1;40;0;0;5;0;33;1;2;10
46255;VILLALONGA;288;19;41;63;17;75;73;7;54;21;198;8;150;1;50;2;3;93;1;1;65;4;80
46256;VILAMARXANT;717;21;117;148;39;182;210;30;125;59;462;41;126;3;67;1;2;53;0;10;19;12;85
46257;VILLANUEVA DE CASTELLON;288;20;36;58;25;73;76;12;30;23;190;33;569;6;416;5;0;139;3;329;57;8;175
46258;VILLAR DEL ARZOBISPO;174;8;23;43;6;39;55;7;19;10;124;14;54;3;17;4;1;28;1;3;7;4;40
46259;VILLARGORDO DEL CABRIEL;16;2;0;2;0;8;4;3;2;0;11;0;65;4;46;0;1;14;0;5;1;1;58
46260;VINALESA;175;11;27;39;5;51;42;5;15;13;133;9;36;1;18;2;0;15;0;0;4;9;23
46261;YATOVA;135;7;28;41;3;28;28;5;34;16;75;5;12;0;6;0;0;6;0;2;4;1;5
46262;YESA, LA;7;0;1;2;0;0;4;2;1;0;4;0;8;0;1;0;0;7;0;0;0;0;8
46263;ZARRA;26;2;5;7;2;3;7;0;3;2;20;1;3;0;1;0;0;2;0;0;0;0;3
46902;GATOVA;35;2;6;11;1;7;8;0;3;5;24;3;12;0;5;0;1;6;0;0;2;0;10
46903;SAN ANTONIO DE BENAGEBER;354;17;44;68;10;83;132;4;39;23;282;6;159;4;50;6;6;92;1;1;11;6;141
46904;BENICULL DE XUQUER;62;4;8;12;3;13;22;1;6;5;49;1;1;0;1;0;0;0;0;0;0;1;0
47001;ADALIA;1;0;1;0;0;0;0;0;0;0;1;0;7;1;4;0;0;2;0;0;1;0;6
47002;AGUASAL;1;0;0;0;0;1;0;1;0;0;0;0;2;0;0;0;0;2;0;0;0;0;2
47003;AGUILAR DE CAMPOS;4;0;1;1;0;0;2;1;0;0;2;1;6;0;5;0;1;0;0;1;0;0;5
47004;ALAEJOS;61;2;9;11;3;14;22;3;1;6;50;1;42;0;24;0;0;18;0;11;0;0;31
47005;ALCAZAREN;31;1;3;6;0;8;13;5;6;1;19;0;16;0;12;0;0;4;0;6;2;1;7
47006;ALDEA DE SAN MIGUEL;3;0;0;2;0;1;0;1;0;0;2;0;17;0;3;0;0;14;0;13;0;0;4
47007;ALDEAMAYOR DE SAN MARTIN;207;3;22;34;7;81;60;3;28;9;160;7;220;10;86;4;5;113;2;2;143;15;60
47008;ALMENARA DE ADAJA;0;0;0;0;0;0;0;0;0;0;0;0;4;0;1;1;0;2;0;0;1;0;3
47009;AMUSQUILLO;3;0;1;1;0;1;0;0;0;1;2;0;1;0;1;0;0;0;0;0;0;0;1
47010;ARROYO DE LA ENCOMIENDA;743;21;94;117;13;258;240;21;60;22;609;31;694;17;241;7;16;402;11;0;54;23;617
47011;ATAQUINES;16;0;2;2;0;6;6;2;0;0;13;1;14;0;12;0;0;2;0;2;0;0;12
47012;BAHABON;2;0;0;0;0;0;2;1;0;0;1;0;18;2;9;0;0;7;0;12;2;0;4
47013;BARCIAL DE LA LOMA;1;0;0;1;0;0;0;1;0;0;0;0;0;0;0;0;0;0;0;0;0;0;0
47014;BARRUELO DEL VALLE;2;0;0;2;0;0;0;0;0;0;2;0;1;0;1;0;0;0;0;0;0;0;1
47015;BECILLA DE VALDERADUEY;11;0;1;2;0;4;4;2;1;0;7;1;0;0;0;0;0;0;0;0;0;0;0
47016;BENAFARCES;1;0;0;0;0;1;0;1;0;0;0;0;0;0;0;0;0;0;0;0;0;0;0
47017;BERCERO;9;0;0;1;1;3;4;1;0;1;7;0;3;0;2;0;0;1;0;3;0;0;0
47018;BERCERUELO;2;0;0;0;0;1;1;0;1;0;1;0;0;0;0;0;0;0;0;0;0;0;0
47019;BERRUECES;5;0;0;1;1;1;2;2;0;0;2;1;0;0;0;0;0;0;0;0;0;0;0
47020;BOBADILLA DEL CAMPO;17;0;2;3;2;6;4;3;1;1;10;2;11;0;10;0;0;1;0;0;0;0;11
47021;BOCIGAS;3;0;0;1;0;1;1;0;0;0;3;0;1;0;1;0;0;0;0;0;0;0;1
47022;BOCOS DE DUERO;2;0;1;0;0;0;1;2;0;0;0;0;5;0;4;0;0;1;0;4;0;0;1
47023;BOECILLO;142;7;16;20;3;46;50;4;15;3;110;10;330;19;186;7;5;110;3;91;17;5;217
47024;BOLAÑOS DE CAMPOS;6;0;0;3;1;1;1;2;0;0;4;0;0;0;0;0;0;0;0;0;0;0;0
47025;BRAHOJOS DE MEDINA;6;0;0;2;0;1;3;0;0;2;4;0;5;0;2;0;0;3;0;0;0;3;2
47026;BUSTILLO DE CHAVES;3;0;0;3;0;0;0;1;0;0;2;0;3;0;3;0;0;0;0;3;0;0;0
47027;CABEZON DE PISUERGA;202;14;20;44;4;54;66;12;16;12;148;14;51;2;23;7;2;16;1;2;8;6;35
47028;CABEZON DE VALDERADUEY;2;0;0;2;0;0;0;1;0;0;1;0;1;0;0;0;0;1;0;0;0;0;1
47029;CABREROS DEL MONTE;3;0;1;1;0;1;0;2;0;0;1;0;0;0;0;0;0;0;0;0;0;0;0
47030;CAMPASPERO;38;2;5;12;0;7;12;17;4;3;13;1;11;0;6;0;0;5;0;8;2;0;1
47031;CAMPILLO, EL;9;1;1;3;0;3;1;0;0;0;8;1;4;0;3;0;0;1;0;0;1;0;3
47032;CAMPORREDONDO;2;0;2;0;0;0;0;0;0;0;2;0;0;0;0;0;0;0;0;0;0;0;0
47033;CANALEJAS DE PEÑAFIEL;5;0;1;2;0;1;1;1;0;0;4;0;4;0;1;0;0;3;0;0;0;0;4
47034;CANILLAS DE ESGUEVA;0;0;0;0;0;0;0;0;0;0;0;0;0;0;0;0;0;0;0;0;0;0;0
47035;CARPIO;61;2;8;10;6;13;22;11;6;1;36;7;25;0;19;0;0;6;0;7;0;0;18
47036;CASASOLA DE ARION;10;0;1;5;0;2;2;3;0;0;7;0;1;1;0;0;0;0;0;0;0;0;1
47037;CASTREJON DE TRABANCOS;5;0;1;0;0;2;2;1;0;0;4;0;8;0;1;0;0;7;0;0;0;0;8
47038;CASTRILLO DE DUERO;4;1;0;1;0;1;1;0;0;0;3;1;3;0;1;1;0;1;0;0;3;0;0
47039;CASTRILLO-TEJERIEGO;2;0;0;0;0;0;2;0;0;0;2;0;0;0;0;0;0;0;0;0;0;0;0
47040;CASTROBOL;2;0;0;0;0;1;1;0;0;0;1;1;0;0;0;0;0;0;0;0;0;0;0
47041;CASTRODEZA;5;1;2;1;0;0;1;0;1;0;3;1;0;0;0;0;0;0;0;0;0;0;0
47042;CASTROMEMBIBRE;2;0;0;1;0;1;0;0;0;0;2;0;1;0;0;1;0;0;0;1;0;0;0
47043;CASTROMONTE;13;1;0;4;0;5;3;1;2;0;10;0;0;0;0;0;0;0;0;0;0;0;0
47044;CASTRONUEVO DE ESGUEVA;21;0;4;6;1;5;5;0;4;1;14;2;2;0;1;0;0;1;0;0;1;0;1
47045;CASTRONUÑO;46;2;8;13;3;10;10;8;1;5;31;1;14;0;5;0;1;8;0;1;4;0;9
47046;CASTROPONCE;3;0;1;0;0;1;1;0;0;0;3;0;0;0;0;0;0;0;0;0;0;0;0
47047;CASTROVERDE DE CERRATO;1;0;0;0;0;0;1;0;0;0;0;1;0;0;0;0;0;0;0;0;0;0;0
47048;CEINOS DE CAMPOS;10;0;0;4;0;3;3;4;0;0;6;0;2;1;1;0;0;0;0;2;0;0;0
47049;CERVILLEGO DE LA CRUZ;6;0;0;4;0;1;1;0;0;0;4;2;0;0;0;0;0;0;0;0;0;0;0
47050;CIGALES;320;10;38;54;16;87;115;20;28;17;224;31;30;1;13;2;2;12;0;5;5;1;19
47051;CIGUÑUELA;13;1;1;4;0;2;5;1;1;2;8;1;0;0;0;0;0;0;0;0;0;0;0
47052;CISTERNIGA;412;20;48;71;10;111;152;10;49;13;317;23;163;7;92;4;7;44;9;4;27;10;122
47053;COGECES DE ISCAR;5;0;1;1;0;1;2;0;1;0;4;0;0;0;0;0;0;0;0;0;0;0;0
47054;COGECES DEL MONTE;15;1;2;6;1;0;5;4;0;1;9;1;0;0;0;0;0;0;0;0;0;0;0
47055;CORCOS;16;0;2;8;0;3;3;1;2;1;11;1;2;0;1;1;0;0;0;0;0;2;0
47056;CORRALES DE DUERO;3;0;0;1;0;0;2;2;1;0;0;0;0;0;0;0;0;0;0;0;0;0;0
47057;CUBILLAS DE SANTA MARTA;17;0;4;1;1;2;9;1;1;0;13;2;12;1;5;3;0;3;0;1;1;0;10
47058;CUENCA DE CAMPOS;7;0;1;4;0;1;1;2;0;0;5;0;0;0;0;0;0;0;0;0;0;0;0
47059;CURIEL DE DUERO;11;1;3;4;0;1;2;0;6;4;1;0;10;0;6;0;1;3;0;0;4;2;4
47060;ENCINAS DE ESGUEVA;6;0;5;1;0;0;0;0;2;0;4;0;2;0;0;0;0;2;0;0;0;0;2
47061;ESGUEVILLAS DE ESGUEVA;6;1;0;3;0;1;1;0;1;1;3;1;0;0;0;0;0;0;0;0;0;0;0
47062;FOMBELLIDA;3;1;0;2;0;0;0;1;1;0;0;1;0;0;0;0;0;0;0;0;0;0;0
47063;FOMPEDRAZA;1;0;0;0;0;0;1;1;0;0;0;0;7;0;7;0;0;0;0;2;5;0;0
47064;FONTIHOYUELO;3;0;2;0;0;1;0;0;0;0;3;0;0;0;0;0;0;0;0;0;0;0;0
47065;FRESNO EL VIEJO;88;4;5;20;3;15;41;17;3;2;56;10;37;0;27;2;1;7;0;1;0;0;36
47066;FUENSALDAÑA;76;4;10;14;2;13;33;4;9;2;56;5;51;0;26;1;0;24;0;0;1;1;49
47067;FUENTE EL SOL;3;0;0;2;0;0;1;0;1;0;1;1;0;0;0;0;0;0;0;0;0;0;0
47068;FUENTE-OLMEDO;1;0;0;1;0;0;0;0;0;0;1;0;0;0;0;0;0;0;0;0;0;0;0
47069;GALLEGOS DE HORNIJA;4;0;0;2;0;0;2;0;0;0;4;0;0;0;0;0;0;0;0;0;0;0;0
47070;GATON DE CAMPOS;0;0;0;0;0;0;0;0;0;0;0;0;5;0;5;0;0;0;0;0;5;0;0
47071;GERIA;25;2;3;2;2;5;11;2;6;2;15;0;10;0;3;1;1;5;0;1;0;0;9
47073;HERRIN DE CAMPOS;8;0;0;5;0;1;2;2;0;0;5;1;0;0;0;0;0;0;0;0;0;0;0
47074;HORNILLOS DE ERESMA;1;0;1;0;0;0;0;0;0;0;1;0;8;0;6;0;0;2;0;7;0;0;1
47075;ISCAR;342;17;45;59;17;82;122;63;60;15;183;21;125;2;52;7;2;60;2;15;21;1;88
47076;LAGUNA DE DUERO;1215;73;143;193;44;282;480;38;120;59;901;97;314;12;147;10;14;124;7;11;33;29;241
47077;LANGAYO;0;0;0;0;0;0;0;0;0;0;0;0;1;0;0;0;1;0;0;0;0;0;1
47078;LOMOVIEJO;15;1;0;3;0;4;7;4;0;1;10;0;1;0;0;0;0;1;0;0;0;0;1
47079;LLANO DE OLMEDO;3;0;0;0;0;1;2;1;0;0;2;0;0;0;0;0;0;0;0;0;0;0;0
47080;MANZANILLO;6;0;1;0;1;2;2;4;0;0;2;0;0;0;0;0;0;0;0;0;0;0;0
47081;MARZALES;3;0;0;1;0;0;2;0;0;0;3;0;0;0;0;0;0;0;0;0;0;0;0
47082;MATAPOZUELOS;46;3;8;5;4;10;16;14;3;0;25;4;24;1;11;0;0;11;1;8;1;1;14
47083;MATILLA DE LOS CAÑOS;2;0;0;1;0;0;1;0;0;0;2;0;2;0;1;0;0;0;1;0;0;0;2
47084;MAYORGA;67;1;10;18;2;13;23;20;4;3;31;9;33;1;12;2;1;16;1;9;2;1;21
47085;MEDINA DEL CAMPO;1660;86;213;303;81;364;613;257;152;84;971;196;819;15;304;24;7;454;15;56;477;31;255
47086;MEDINA DE RIOSECO;249;10;22;57;11;61;88;13;15;25;173;23;112;2;51;3;5;48;3;1;20;19;72
47087;MEGECES;13;1;1;3;1;1;6;2;2;0;9;0;5;0;2;0;0;3;0;5;0;0;0
47088;MELGAR DE ABAJO;4;0;0;1;0;1;2;0;0;0;4;0;0;0;0;0;0;0;0;0;0;0;0
47089;MELGAR DE ARRIBA;4;0;0;1;0;1;2;0;0;0;3;1;1;0;1;0;0;0;0;0;1;0;0
47090;MOJADOS;143;7;23;29;8;39;37;6;32;8;89;8;231;3;135;0;0;93;0;1;89;6;135
47091;MONASTERIO DE VEGA;0;0;0;0;0;0;0;0;0;0;0;0;2;0;2;0;0;0;0;2;0;0;0
47092;MONTEALEGRE DE CAMPOS;4;0;0;2;0;1;1;0;0;0;4;0;2;0;0;0;0;2;0;0;0;0;2
47093;MONTEMAYOR DE PILILLA;41;1;4;10;1;5;20;7;7;1;26;0;9;0;2;0;0;7;0;2;0;0;7
47094;MORAL DE LA REINA;11;0;2;3;0;3;3;4;0;0;6;1;2;0;2;0;0;0;0;2;0;0;0
47095;MORALEJA DE LAS PANADERAS;4;0;1;1;0;0;2;0;1;1;2;0;0;0;0;0;0;0;0;0;0;0;0
47096;MORALES DE CAMPOS;5;0;0;1;0;0;4;1;0;0;4;0;0;0;0;0;0;0;0;0;0;0;0
47097;MOTA DEL MARQUES;10;1;1;3;0;2;3;0;0;0;9;1;0;0;0;0;0;0;0;0;0;0;0
47098;MUCIENTES;23;1;1;5;1;7;8;0;1;3;17;2;12;0;10;0;0;2;0;1;4;0;7
47099;MUDARRA, LA;2;0;1;1;0;0;0;0;0;0;2;0;9;2;1;1;1;4;0;0;2;1;6
47100;MURIEL;4;0;0;1;0;1;2;0;0;0;4;0;4;0;1;0;0;3;0;0;0;0;4
47101;NAVA DEL REY;119;6;11;21;6;32;43;21;10;8;67;13;47;1;18;1;1;24;2;5;3;0;39
47102;NUEVA VILLA DE LAS TORRES;13;1;2;3;1;2;4;3;2;4;1;3;1;0;0;1;0;0;0;0;0;1;0
47103;OLIVARES DE DUERO;24;1;3;5;1;7;7;11;6;1;6;0;11;0;3;0;0;8;0;3;0;0;8
47104;OLMEDO;150;6;12;23;9;45;55;18;17;6;100;9;347;5;196;7;3;132;4;16;257;2;72
47105;OLMOS DE ESGUEVA;6;0;1;1;0;1;3;0;0;1;5;0;2;1;1;0;0;0;0;1;0;0;1
47106;OLMOS DE PEÑAFIEL;0;0;0;0;0;0;0;0;0;0;0;0;0;0;0;0;0;0;0;0;0;0;0
47109;PALAZUELO DE VEDIJA;9;0;2;0;1;2;4;0;2;1;5;1;0;0;0;0;0;0;0;0;0;0;0
47110;PARRILLA, LA;29;1;4;6;1;4;13;3;5;2;15;4;8;1;4;0;0;3;0;1;1;0;6
47111;PEDRAJA DE PORTILLO, LA;44;0;5;16;1;8;14;2;2;7;30;3;9;0;4;1;1;3;0;3;0;2;4
47112;PEDRAJAS DE SAN ESTEBAN;186;6;18;31;6;53;72;25;34;7;110;10;29;0;10;1;0;17;1;2;5;1;21
47113;PEDROSA DEL REY;3;0;0;1;0;0;2;2;0;0;1;0;6;0;5;0;0;1;0;4;0;0;2
47114;PEÑAFIEL;368;21;78;87;11;85;86;162;49;13;127;17;188;4;93;2;2;86;1;4;81;6;97
47115;PEÑAFLOR DE HORNIJA;6;0;1;3;0;0;2;1;0;0;5;0;1;0;0;0;1;0;0;0;0;0;1
47116;PESQUERA DE DUERO;11;0;3;3;0;3;2;3;2;1;5;0;45;2;13;0;1;29;0;2;42;0;1
47117;PIÑA DE ESGUEVA;9;0;1;1;2;2;3;0;2;0;7;0;2;0;2;0;0;0;0;0;0;2;0
47118;PIÑEL DE ABAJO;1;0;0;1;0;0;0;0;0;0;1;0;0;0;0;0;0;0;0;0;0;0;0
47119;PIÑEL DE ARRIBA;2;0;0;1;0;0;1;0;0;0;2;0;0;0;0;0;0;0;0;0;0;0;0
47121;POLLOS;37;2;3;8;1;7;16;2;4;4;19;8;22;1;18;0;0;3;0;19;1;0;2
47122;PORTILLO;71;4;10;16;5;15;21;11;8;2;44;6;43;2;23;1;0;15;2;24;2;0;17
47123;POZAL DE GALLINAS;29;2;5;4;2;7;9;6;1;0;20;2;8;0;7;0;0;1;0;6;0;0;2
47124;POZALDEZ;27;4;4;6;0;10;3;3;3;1;15;5;44;0;21;0;0;23;0;14;0;0;30
47125;POZUELO DE LA ORDEN;2;0;0;2;0;0;0;0;0;0;2;0;0;0;0;0;0;0;0;0;0;0;0
47126;PURAS;0;0;0;0;0;0;0;0;0;0;0;0;0;0;0;0;0;0;0;0;0;0;0
47127;QUINTANILLA DE ARRIBA;8;1;1;2;0;1;3;3;1;0;4;0;5;0;0;0;0;5;0;0;1;0;4
47128;QUINTANILLA DEL MOLAR;5;1;0;0;0;2;2;0;2;1;2;0;0;0;0;0;0;0;0;0;0;0;0
47129;QUINTANILLA DE ONESIMO;41;4;7;10;1;8;11;9;5;1;25;1;89;4;40;2;3;36;4;10;36;0;43
47130;QUINTANILLA DE TRIGUEROS;5;0;0;1;0;1;3;0;1;0;4;0;3;0;2;0;0;1;0;2;0;0;1
47131;RABANO;4;0;1;2;0;0;1;1;0;0;3;0;2;0;0;0;2;0;0;0;0;0;2
47132;RAMIRO;0;0;0;0;0;0;0;0;0;0;0;0;1;0;1;0;0;0;0;1;0;0;0
47133;RENEDO DE ESGUEVA;163;9;10;24;5;62;53;1;16;8;130;8;17;0;6;0;1;10;0;0;2;1;14
47134;ROALES DE CAMPOS;4;1;0;1;0;1;1;0;0;1;3;0;0;0;0;0;0;0;0;0;0;0;0
47135;ROBLADILLO;1;0;1;0;0;0;0;0;0;0;1;0;0;0;0;0;0;0;0;0;0;0;0
47137;ROTURAS;0;0;0;0;0;0;0;0;0;0;0;0;8;0;0;0;0;8;0;0;8;0;0
47138;RUBI DE BRACAMONTE;15;0;0;4;0;1;10;4;0;0;10;1;1;0;1;0;0;0;0;1;0;0;0
47139;RUEDA;70;4;11;16;6;13;20;14;9;8;35;4;66;1;46;0;1;18;0;23;12;1;30
47140;SAELICES DE MAYORGA;0;0;0;0;0;0;0;0;0;0;0;0;2;0;2;0;0;0;0;2;0;0;0
47141;SALVADOR DE ZAPARDIEL;4;0;1;2;0;0;1;0;0;0;4;0;0;0;0;0;0;0;0;0;0;0;0
47142;SAN CEBRIAN DE MAZOTE;3;0;0;2;0;0;1;0;0;0;2;1;0;0;0;0;0;0;0;0;0;0;0
47143;SAN LLORENTE;1;0;0;0;0;0;1;0;0;0;1;0;0;0;0;0;0;0;0;0;0;0;0
47144;SAN MARTIN DE VALVENI;7;0;0;1;0;2;4;2;0;0;5;0;7;6;0;1;0;0;0;0;1;0;6
47145;SAN MIGUEL DEL ARROYO;17;1;1;8;1;4;2;1;2;3;9;2;2;0;1;0;0;1;0;2;0;0;0
47146;SAN MIGUEL DEL PINO;23;0;3;4;3;8;5;0;0;2;20;1;9;0;4;0;0;5;0;1;0;0;8
47147;SAN PABLO DE LA MORALEJA;4;0;1;1;0;1;1;0;0;0;4;0;1;0;0;0;0;1;0;0;0;0;1
47148;SAN PEDRO DE LATARCE;18;0;3;2;0;7;6;5;1;4;7;1;2;1;0;0;0;1;0;1;0;0;1
47149;SAN PELAYO;0;0;0;0;0;0;0;0;0;0;0;0;0;0;0;0;0;0;0;0;0;0;0
47150;SAN ROMAN DE HORNIJA;14;1;2;4;0;5;2;11;0;0;3;0;4;1;2;1;0;0;0;4;0;0;0
47151;SAN SALVADOR;0;0;0;0;0;0;0;0;0;0;0;0;4;0;0;1;0;3;0;0;0;0;4
47152;SANTA EUFEMIA DEL ARROYO;6;1;0;1;1;1;2;1;0;0;4;1;3;0;0;0;0;3;0;0;0;0;3
47153;SANTERVAS DE CAMPOS;3;0;0;1;0;0;2;0;0;0;3;0;2;0;1;0;1;0;0;1;1;0;0
47154;SANTIBAÑEZ DE VALCORBA;3;0;0;2;0;0;1;0;1;0;2;0;2;0;0;0;0;2;0;0;0;0;2
47155;SANTOVENIA DE PISUERGA;261;16;28;45;10;73;89;2;32;24;186;17;173;11;87;12;4;57;2;2;58;18;95
47156;SAN VICENTE DEL PALACIO;6;2;0;2;0;1;1;0;1;1;2;2;5;0;4;0;0;1;0;2;0;0;3
47157;SARDON DE DUERO;25;0;2;8;1;3;11;6;2;3;14;0;125;1;34;0;0;89;1;5;35;0;85
47158;SECA, LA;39;2;6;10;1;8;12;9;6;4;18;2;42;1;23;0;0;18;0;30;1;1;10
47159;SERRADA;36;1;5;3;1;16;10;10;6;0;17;3;106;12;53;0;2;39;0;64;5;2;35
47160;SIETE IGLESIAS DE TRABANCOS;18;1;1;4;0;2;10;2;0;0;12;4;2;0;1;0;0;1;0;0;0;0;2
47161;SIMANCAS;189;5;28;48;7;33;68;8;19;13;137;12;69;1;35;2;2;25;4;0;2;2;65
47162;TAMARIZ DE CAMPOS;1;0;1;0;0;0;0;0;0;0;1;0;1;0;1;0;0;0;0;0;0;0;1
47163;TIEDRA;11;0;0;3;0;2;6;1;1;0;9;0;2;0;1;0;0;1;0;0;0;1;1
47164;TORDEHUMOS;14;1;2;4;3;2;2;3;1;0;10;0;5;0;2;0;1;2;0;3;0;0;2
47165;TORDESILLAS;645;27;100;109;29;130;250;62;60;52;418;53;396;6;144;5;8;231;2;196;20;11;169
47166;TORRECILLA DE LA ABADESA;12;0;1;5;1;1;4;6;0;0;3;3;2;0;1;0;0;1;0;1;0;0;1
47167;TORRECILLA DE LA ORDEN;11;1;0;3;2;2;3;0;0;0;8;3;15;0;9;0;0;6;0;0;0;0;15
47168;TORRECILLA DE LA TORRE;3;0;1;1;0;0;1;0;0;0;2;1;2;0;2;0;0;0;0;2;0;0;0
47169;TORRE DE ESGUEVA;3;0;0;2;0;1;0;0;0;0;3;0;0;0;0;0;0;0;0;0;0;0;0
47170;TORRE DE PEÑAFIEL;0;0;0;0;0;0;0;0;0;0;0;0;0;0;0;0;0;0;0;0;0;0;0
47171;TORRELOBATON;15;2;1;3;1;3;5;2;2;0;9;2;3;0;3;0;0;0;0;0;0;2;1
47172;TORRESCARCELA;5;0;0;1;0;3;1;1;0;0;4;0;1;0;1;0;0;0;0;1;0;0;0
47173;TRASPINEDO;62;1;14;16;0;9;22;11;9;6;34;2;36;0;14;0;1;21;0;0;0;1;35
47174;TRIGUEROS DEL VALLE;18;1;2;4;1;4;6;2;1;0;10;5;7;0;2;0;0;5;0;0;0;0;7
47175;TUDELA DE DUERO;456;21;63;124;17;100;131;39;63;33;294;27;44;0;19;2;2;20;1;2;2;4;36
47176;UNION DE CAMPOS, LA;4;0;1;1;0;0;2;1;0;0;3;0;4;0;0;0;0;3;1;0;0;0;4
47177;URONES DE CASTROPONCE;0;0;0;0;0;0;0;0;0;0;0;0;3;0;3;0;0;0;0;0;0;0;3
47178;URUEÑA;7;1;0;2;1;1;2;1;0;0;6;0;0;0;0;0;0;0;0;0;0;0;0
47179;VALBUENA DE DUERO;20;3;4;3;0;5;5;7;3;1;9;0;61;0;30;1;0;29;1;2;6;0;53
47180;VALDEARCOS DE LA VEGA;2;0;1;0;1;0;0;0;0;2;0;0;0;0;0;0;0;0;0;0;0;0;0
47181;VALDENEBRO DE LOS VALLES;8;0;1;2;0;3;2;5;0;0;2;1;0;0;0;0;0;0;0;0;0;0;0
47182;VALDESTILLAS;94;8;18;18;5;17;28;7;8;13;60;6;33;1;11;0;1;19;1;0;0;4;29
47183;VALDUNQUILLO;6;0;0;2;0;1;3;0;0;0;5;1;3;0;0;0;0;3;0;0;0;0;3
47184;VALORIA LA BUENA;26;2;3;8;2;7;4;2;0;2;21;1;24;0;12;0;0;12;0;3;0;1;20
47185;VALVERDE DE CAMPOS;5;0;1;0;1;1;2;2;0;2;1;0;0;0;0;0;0;0;0;0;0;0;0
47186;VALLADOLID;17888;823;2795;3931;788;3840;5711;1140;1488;1087;12057;2116;12657;309;5477;222;376;6059;214;147;2413;381;9716
47187;VEGA DE RUIPONCE;5;0;1;2;0;0;2;2;0;0;2;1;2;2;0;0;0;0;0;1;0;0;1
47188;VEGA DE VALDETRONCO;8;3;2;1;0;1;1;6;0;0;2;0;1;0;0;0;0;1;0;0;0;0;1
47189;VELASCALVARO;9;0;0;3;0;1;5;1;0;0;8;0;20;0;9;0;0;11;0;0;1;0;19
47190;VELILLA;2;0;0;0;0;1;1;0;0;0;2;0;24;0;17;0;0;7;0;0;0;0;24
47191;VELLIZA;4;1;0;1;0;0;2;0;1;0;3;0;0;0;0;0;0;0;0;0;0;0;0
47192;VENTOSA DE LA CUESTA;4;0;1;0;0;0;3;0;1;0;2;1;0;0;0;0;0;0;0;0;0;0;0
47193;VIANA DE CEGA;75;4;11;20;4;20;16;1;8;6;56;4;18;0;11;0;0;7;0;0;0;3;15
47194;VILORIA;12;2;1;2;0;2;5;1;1;0;8;2;1;0;1;0;0;0;0;0;0;1;0
47195;VILLABAÑEZ;14;4;1;5;0;2;2;1;3;1;9;0;11;0;3;0;0;7;1;0;0;1;10
47196;VILLABARUZ DE CAMPOS;1;0;1;0;0;0;0;0;0;0;1;0;0;0;0;0;0;0;0;0;0;0;0
47197;VILLABRAGIMA;38;1;3;6;3;7;18;4;0;0;26;8;11;2;2;0;0;7;0;3;0;1;7
47198;VILLACARRALON;2;0;0;2;0;0;0;0;0;0;2;0;1;0;1;0;0;0;0;1;0;0;0
47199;VILLACID DE CAMPOS;4;0;0;2;0;2;0;2;1;0;1;0;0;0;0;0;0;0;0;0;0;0;0
47200;VILLACO;1;0;1;0;0;0;0;0;1;0;0;0;0;0;0;0;0;0;0;0;0;0;0
47203;VILLAFRADES DE CAMPOS;3;0;2;1;0;0;0;1;0;1;1;0;0;0;0;0;0;0;0;0;0;0;0
47204;VILLAFRANCA DE DUERO;14;1;3;3;0;2;5;2;4;0;7;1;3;1;1;0;0;0;1;1;1;0;1
47205;VILLAFRECHOS;23;1;3;2;2;11;4;6;1;0;10;6;2;0;2;0;0;0;0;2;0;0;0
47206;VILLAFUERTE;1;0;0;0;0;0;1;0;0;0;1;0;1;0;1;0;0;0;0;1;0;0;0
47207;VILLAGARCIA DE CAMPOS;9;0;2;1;0;3;3;0;1;0;8;0;5;0;1;0;0;3;1;1;0;0;4
47208;VILLAGOMEZ LA NUEVA;1;0;0;0;0;0;1;0;0;1;0;0;2;0;1;0;0;1;0;1;0;0;1
47209;VILLALAN DE CAMPOS;4;0;0;3;0;0;1;0;0;0;3;1;0;0;0;0;0;0;0;0;0;0;0
47210;VILLALAR DE LOS COMUNEROS;11;1;2;2;2;2;2;7;1;0;2;1;7;0;4;0;1;2;0;1;2;0;4
47211;VILLALBA DE LA LOMA;2;0;0;0;0;0;2;0;0;0;2;0;0;0;0;0;0;0;0;0;0;0;0
47212;VILLALBA DE LOS ALCORES;17;1;3;7;1;3;2;1;2;5;7;2;3;1;1;0;1;0;0;1;0;1;1
47213;VILLALBARBA;4;0;0;0;0;1;3;0;0;0;3;1;0;0;0;0;0;0;0;0;0;0;0
47214;VILLALON DE CAMPOS;60;2;5;18;5;12;18;1;3;2;43;11;19;0;7;0;0;12;0;2;0;0;17
47215;VILLAMURIEL DE CAMPOS;1;0;0;1;0;0;0;0;0;0;1;0;0;0;0;0;0;0;0;0;0;0;0
47216;VILLAN DE TORDESILLAS;3;0;0;1;0;1;1;0;0;1;2;0;2;0;2;0;0;0;0;1;1;0;0
47217;VILLANUBLA;112;1;19;20;1;41;30;4;10;6;83;9;104;4;68;3;1;28;0;0;4;1;99
47218;VILLANUEVA DE DUERO;69;1;10;16;2;15;25;4;10;10;41;4;11;0;8;0;0;3;0;5;0;4;2
47219;VILLANUEVA DE LA CONDESA;7;0;2;1;1;2;1;5;0;1;1;0;0;0;0;0;0;0;0;0;0;0;0
47220;VILLANUEVA DE LOS CABALLEROS;7;0;0;2;0;1;4;1;0;1;5;0;11;1;3;2;1;4;0;1;0;0;10
47221;VILLANUEVA DE LOS INFANTES;4;0;1;2;0;0;1;0;1;1;2;0;0;0;0;0;0;0;0;0;0;0;0
47222;VILLANUEVA DE SAN MANCIO;2;0;1;0;0;1;0;0;0;1;1;0;1;0;0;0;0;1;0;1;0;0;0
47223;VILLARDEFRADES;8;0;0;3;0;2;3;1;0;1;6;0;10;2;1;0;0;7;0;1;0;0;9
47224;VILLARMENTERO DE ESGUEVA;7;1;3;2;0;1;0;1;1;1;4;0;0;0;0;0;0;0;0;0;0;0;0
47225;VILLASEXMIR;1;0;0;1;0;0;0;0;0;1;0;0;0;0;0;0;0;0;0;0;0;0;0
47226;VILLAVAQUERIN;5;1;2;0;0;1;1;0;2;0;3;0;1;0;0;0;0;1;0;0;0;0;1
47227;VILLAVELLID;2;0;0;1;0;0;1;0;0;0;2;0;0;0;0;0;0;0;0;0;0;0;0
47228;VILLAVERDE DE MEDINA;33;1;2;4;2;11;13;5;0;1;26;1;11;0;8;0;0;2;1;1;5;0;5
47229;VILLAVICENCIO DE LOS CABALLEROS;4;1;1;2;0;0;0;1;0;1;2;0;1;0;0;0;0;1;0;0;0;0;1
47230;WAMBA;12;0;1;4;0;2;5;0;0;1;10;1;1;0;0;0;0;0;1;0;0;0;1
47231;ZARATAN;244;9;32;37;8;87;71;3;28;14;188;11;127;7;63;1;5;51;0;1;3;3;120
47232;ZARZA, LA;4;0;0;0;0;1;3;0;0;0;4;0;0;0;0;0;0;0;0;0;0;0;0
49002;ABEZAMES;3;0;0;0;0;1;2;0;0;0;3;0;4;0;0;0;0;4;0;0;0;0;4
49003;ALCAÑICES;40;1;9;15;1;4;10;3;3;9;25;0;7;0;2;0;1;4;0;1;0;0;6
49004;ALCUBILLA DE NOGALES;0;0;0;0;0;0;0;0;0;0;0;0;1;0;1;0;0;0;0;0;0;0;1
49005;ALFARAZ DE SAYAGO;4;2;0;0;0;1;1;0;1;0;3;0;1;0;1;0;0;0;0;0;0;0;1
49006;ALGODRE;12;2;0;4;1;1;4;0;0;0;10;2;0;0;0;0;0;0;0;0;0;0;0
49007;ALMARAZ DE DUERO;11;2;2;3;0;2;2;1;1;2;7;0;0;0;0;0;0;0;0;0;0;0;0
49008;ALMEIDA DE SAYAGO;24;2;4;13;0;0;5;3;3;2;15;1;1;0;0;0;0;1;0;0;0;0;1
49009;ANDAVIAS;19;1;3;2;0;4;9;1;1;0;16;1;2;0;0;0;0;0;2;0;0;0;2
49010;ARCENILLAS;23;0;8;3;0;4;8;0;4;1;17;1;43;0;32;0;1;9;1;0;40;1;2
49011;ARCOS DE LA POLVOROSA;13;0;0;8;1;2;2;2;2;2;6;1;1;0;1;0;0;0;0;0;0;0;1
49012;ARGAÑIN;3;0;1;1;0;0;1;1;0;0;1;1;0;0;0;0;0;0;0;0;0;0;0
49013;ARGUJILLO;6;0;0;3;0;1;2;1;0;1;4;0;1;0;1;0;0;0;0;0;0;0;1
49014;ARQUILLINOS;6;1;0;3;0;1;1;0;1;0;4;1;1;0;1;0;0;0;0;0;0;0;1
49015;ARRABALDE;18;0;1;7;1;3;6;0;0;6;9;3;0;0;0;0;0;0;0;0;0;0;0
49016;ASPARIEGOS;12;0;1;7;0;1;3;1;0;0;11;0;0;0;0;0;0;0;0;0;0;0;0
49017;ASTURIANOS;13;1;0;7;0;1;4;1;0;2;9;1;4;1;1;0;1;1;0;0;0;0;4
49018;AYOO DE VIDRIALES;7;0;2;4;0;1;0;0;0;2;5;0;1;0;1;0;0;0;0;0;0;0;1
49019;BARCIAL DEL BARCO;13;1;2;1;0;3;6;2;0;0;10;1;2;1;1;0;0;0;0;2;0;0;0
49020;BELVER DE LOS MONTES;15;1;2;6;0;0;6;1;0;0;13;1;2;0;2;0;0;0;0;0;0;0;2
49021;BENAVENTE;1505;59;221;263;73;367;522;69;117;63;1074;182;367;4;178;9;8;160;8;3;8;15;341
49022;BENEGILES;20;1;5;2;0;8;4;2;2;1;14;1;1;0;0;0;0;1;0;0;0;0;1
49023;BERMILLO DE SAYAGO;29;2;3;8;2;5;9;0;0;1;26;2;8;1;1;0;2;4;0;1;2;1;4
49024;BOVEDA DE TORO, LA;24;1;3;7;0;1;12;4;1;2;17;0;11;0;6;0;0;5;0;0;1;0;10
49025;BRETO;2;0;0;1;0;1;0;0;0;0;2;0;2;0;0;1;1;0;0;2;0;0;0
49026;BRETOCINO;18;0;5;4;1;5;3;2;1;2;13;0;0;0;0;0;0;0;0;0;0;0;0
49027;BRIME DE SOG;10;0;2;1;0;4;3;0;0;3;7;0;0;0;0;0;0;0;0;0;0;0;0
49028;BRIME DE URZ;6;0;2;2;0;0;2;0;0;2;4;0;0;0;0;0;0;0;0;0;0;0;0
49029;BURGANES DE VALVERDE;43;3;5;12;0;5;18;7;5;1;30;0;2;0;2;0;0;0;0;2;0;0;0
49030;BUSTILLO DEL ORO;4;0;1;0;0;0;3;0;1;0;2;1;0;0;0;0;0;0;0;0;0;0;0
49031;CABAÑAS DE SAYAGO;9;0;2;4;0;0;3;0;0;1;8;0;1;0;1;0;0;0;0;1;0;0;0
49032;CALZADILLA DE TERA;20;0;2;8;1;2;7;1;0;11;8;0;0;0;0;0;0;0;0;0;0;0;0
49033;CAMARZANA DE TERA;53;3;5;20;1;8;16;0;6;4;38;5;3;0;1;0;0;2;0;0;3;0;0
49034;CAÑIZAL;15;0;1;7;0;3;4;0;1;3;10;1;8;2;5;0;0;1;0;0;0;0;8
49035;CAÑIZO;2;0;0;0;0;0;2;0;0;0;2;0;2;0;1;0;0;1;0;1;0;0;1
49036;CARBAJALES DE ALBA;20;1;2;7;2;4;4;6;0;5;7;2;0;0;0;0;0;0;0;0;0;0;0
49037;CARBELLINO;10;1;2;2;1;1;3;1;0;1;4;4;1;0;1;0;0;0;0;1;0;0;0
49038;CASASECA DE CAMPEAN;5;1;0;1;2;1;0;2;0;0;1;2;3;0;1;0;0;2;0;0;0;0;3
49039;CASASECA DE LAS CHANAS;14;1;3;4;0;1;5;2;1;0;10;1;5;0;3;0;0;2;0;4;1;0;0
49040;CASTRILLO DE LA GUAREÑA;5;0;0;0;0;1;4;1;0;0;4;0;2;0;2;0;0;0;0;0;0;0;2
49041;CASTROGONZALO;24;0;1;8;0;4;11;3;4;2;13;2;30;0;26;1;0;3;0;0;23;1;6
49042;CASTRONUEVO;11;1;0;3;0;3;4;1;0;0;8;2;1;0;1;0;0;0;0;0;0;0;1
49043;CASTROVERDE DE CAMPOS;8;0;0;3;0;0;5;1;0;0;7;0;2;0;0;0;0;2;0;0;0;0;2
49044;CAZURRA;1;0;0;1;0;0;0;0;1;0;0;0;2;0;2;0;0;0;0;0;0;2;0
49046;CERECINOS DE CAMPOS;8;0;0;4;0;1;3;1;0;0;7;0;2;0;1;0;0;1;0;0;0;0;2
49047;CERECINOS DEL CARRIZAL;8;0;1;0;1;3;3;1;0;0;4;3;0;0;0;0;0;0;0;0;0;0;0
49048;CERNADILLA;8;0;0;3;0;4;1;0;0;0;8;0;0;0;0;0;0;0;0;0;0;0;0
49050;COBREROS;39;1;6;15;0;6;11;1;2;7;26;3;12;0;6;0;0;5;1;0;0;0;12
49052;COOMONTE;16;0;3;4;1;2;6;2;4;0;9;1;1;0;1;0;0;0;0;0;0;0;1
49053;CORESES;73;5;12;17;3;18;18;9;5;7;50;2;86;1;59;2;0;24;0;0;40;5;41
49054;CORRALES;62;4;10;12;3;14;19;2;5;7;45;3;9;0;5;0;1;3;0;0;0;2;7
49055;COTANES DEL MONTE;5;0;0;4;0;0;1;0;0;3;2;0;0;0;0;0;0;0;0;0;0;0;0
49056;CUBILLOS;21;1;4;8;0;3;5;2;2;2;14;1;0;0;0;0;0;0;0;0;0;0;0
49057;CUBO DE BENAVENTE;6;0;0;5;0;0;1;1;0;2;3;0;1;0;1;0;0;0;0;0;0;0;1
49058;CUBO DE TIERRA DEL VINO, EL;21;2;3;9;2;4;1;3;1;5;11;1;10;0;5;0;0;5;0;0;0;0;10
49059;CUELGAMURES;9;0;2;3;0;1;3;1;0;0;8;0;1;0;0;0;0;1;0;0;0;0;1
49061;ENTRALA;8;0;0;4;0;2;2;0;0;1;7;0;6;0;1;0;0;5;0;0;1;0;5
49062;ESPADAÑEDO;7;0;0;2;0;2;3;0;0;2;4;1;2;1;1;0;0;0;0;0;0;1;1
49063;FARAMONTANOS DE TABARA;16;0;4;6;0;2;4;2;1;1;12;0;5;0;4;0;0;1;0;1;0;0;4
49064;FARIZA;13;0;1;8;0;2;2;2;1;0;10;0;2;0;0;0;0;2;0;0;0;0;2
49065;FERMOSELLE;73;1;7;29;1;14;21;8;7;9;49;0;10;1;5;0;2;2;0;0;1;0;9
49066;FERRERAS DE ABAJO;30;1;2;13;0;5;9;7;5;3;15;0;3;0;1;0;0;2;0;1;0;0;2
49067;FERRERAS DE ARRIBA;11;0;1;3;1;2;4;0;0;0;11;0;1;0;1;0;0;0;0;0;0;1;0
49068;FERRERUELA;23;2;2;13;0;3;3;1;0;2;18;2;0;0;0;0;0;0;0;0;0;0;0
49069;FIGUERUELA DE ARRIBA;12;0;1;6;0;2;3;0;0;3;9;0;0;0;0;0;0;0;0;0;0;0;0
49071;FONFRIA;35;2;1;12;0;6;14;2;1;5;25;2;7;0;5;0;0;2;0;1;0;1;5
49075;FRESNO DE LA POLVOROSA;3;0;1;0;0;1;1;0;0;0;3;0;0;0;0;0;0;0;0;0;0;0;0
49076;FRESNO DE LA RIBERA;17;1;2;3;1;4;6;1;2;0;14;0;3;0;0;0;0;3;0;0;0;0;3
49077;FRESNO DE SAYAGO;4;0;0;2;0;1;1;0;0;1;2;1;1;0;0;0;0;1;0;0;0;0;1
49078;FRIERA DE VALVERDE;8;0;3;3;0;0;2;1;0;3;3;1;0;0;0;0;0;0;0;0;0;0;0
49079;FUENTE ENCALADA;2;0;0;1;0;0;1;0;0;0;2;0;0;0;0;0;0;0;0;0;0;0;0
49080;FUENTELAPEÑA;36;0;3;12;0;5;16;5;2;11;18;0;19;1;14;0;0;4;0;0;0;1;18
49081;FUENTESAUCO;99;11;8;29;2;19;30;14;11;12;52;10;37;0;23;0;1;13;0;0;1;1;35
49082;FUENTES DE ROPEL;16;2;2;6;1;2;3;1;1;2;9;3;5;1;3;1;0;0;0;3;1;0;1
49083;FUENTESECAS;1;0;0;0;0;0;1;0;0;0;1;0;2;0;2;0;0;0;0;0;0;2;0
49084;FUENTESPREADAS;12;0;1;2;1;4;4;1;0;1;8;2;0;0;0;0;0;0;0;0;0;0;0
49085;GALENDE;83;6;8;27;2;13;27;8;4;11;58;2;8;0;2;0;0;5;1;0;0;0;8
49086;GALLEGOS DEL PAN;4;0;0;3;0;0;1;0;0;2;2;0;1;0;0;0;0;1;0;0;0;0;1
49087;GALLEGOS DEL RIO;23;0;1;15;0;3;4;1;2;6;12;2;0;0;0;0;0;0;0;0;0;0;0
49088;GAMONES;4;0;0;2;0;1;1;0;0;0;4;0;0;0;0;0;0;0;0;0;0;0;0
49090;GEMA;8;0;2;3;0;1;2;3;0;0;4;1;3;0;1;0;0;2;0;1;0;0;2
49091;GRANJA DE MORERUELA;23;0;6;7;1;3;6;0;0;3;17;3;11;0;8;1;0;2;0;8;0;0;3
49092;GRANUCILLO;6;0;0;3;0;2;1;1;0;0;4;1;0;0;0;0;0;0;0;0;0;0;0
49093;GUARRATE;5;0;0;2;0;0;3;1;1;0;2;1;8;0;4;0;0;4;0;0;1;0;7
49094;HERMISENDE;11;0;1;8;0;1;1;1;1;1;8;0;0;0;0;0;0;0;0;0;0;0;0
49095;HINIESTA, LA;24;0;2;12;1;5;4;2;1;3;17;1;1;0;0;0;0;1;0;0;0;0;1
49096;JAMBRINA;10;0;2;3;0;3;2;1;0;3;5;1;0;0;0;0;0;0;0;0;0;0;0
49097;JUSTEL;2;0;1;0;0;0;1;1;0;0;1;0;0;0;0;0;0;0;0;0;0;0;0
49098;LOSACINO;5;0;0;4;0;1;0;0;0;2;3;0;0;0;0;0;0;0;0;0;0;0;0
49099;LOSACIO;1;0;0;0;0;0;1;0;0;0;0;1;1;0;1;0;0;0;0;1;0;0;0
49100;LUBIAN;12;1;2;5;0;1;3;3;0;1;8;0;5;0;1;0;1;3;0;0;0;1;4
49101;LUELMO;7;0;2;3;1;1;0;0;0;1;5;1;0;0;0;0;0;0;0;0;0;0;0
49102;MADERAL, EL;4;0;2;1;1;0;0;0;1;0;2;1;1;0;1;0;0;0;0;0;0;0;1
49103;MADRIDANOS;19;2;4;2;0;6;5;1;2;1;13;2;0;0;0;0;0;0;0;0;0;0;0
49104;MAHIDE;17;2;3;8;0;0;4;2;0;2;11;2;0;0;0;0;0;0;0;0;0;0;0
49105;MAIRE DE CASTROPONCE;2;0;0;1;0;0;1;1;0;0;1;0;0;0;0;0;0;0;0;0;0;0;0
49107;MALVA;4;0;0;3;0;0;1;0;0;1;3;0;0;0;0;0;0;0;0;0;0;0;0
49108;MANGANESES DE LA LAMPREANA;21;1;5;6;2;3;4;1;2;3;12;3;0;0;0;0;0;0;0;0;0;0;0
49109;MANGANESES DE LA POLVOROSA;47;0;7;8;2;11;19;10;5;9;20;3;14;1;11;0;0;2;0;12;0;0;2
49110;MANZANAL DE ARRIBA;18;0;0;8;1;1;8;0;0;2;16;0;2;0;1;0;1;0;0;1;1;0;0
49111;MANZANAL DEL BARCO;5;0;1;2;0;0;2;0;0;2;3;0;1;0;1;0;0;0;0;0;0;0;1
49112;MANZANAL DE LOS INFANTES;7;0;0;5;0;0;2;2;0;0;4;1;0;0;0;0;0;0;0;0;0;0;0
49113;MATILLA DE ARZON;4;0;1;2;1;0;0;1;0;0;2;1;0;0;0;0;0;0;0;0;0;0;0
49114;MATILLA LA SECA;2;0;0;1;0;0;1;1;0;0;1;0;0;0;0;0;0;0;0;0;0;0;0
49115;MAYALDE;10;0;1;1;1;3;4;0;1;0;5;4;0;0;0;0;0;0;0;0;0;0;0
49116;MELGAR DE TERA;17;0;1;5;0;4;7;2;0;3;12;0;1;0;0;0;0;1;0;0;0;0;1
49117;MICERECES DE TERA;17;0;1;5;0;3;8;3;0;1;13;0;7;0;4;0;0;3;0;3;0;1;3
49118;MILLES DE LA POLVOROSA;12;0;1;4;1;2;4;1;1;3;6;1;0;0;0;0;0;0;0;0;0;0;0
49119;MOLACILLOS;10;0;0;2;1;1;6;0;0;0;8;2;0;0;0;0;0;0;0;0;0;0;0
49120;MOLEZUELAS DE LA CARBALLEDA;0;0;0;0;0;0;0;0;0;0;0;0;1;0;0;0;0;1;0;0;0;0;1
49121;MOMBUEY;19;1;1;5;0;4;8;1;2;2;13;1;5;2;0;0;0;3;0;0;1;0;4
49122;MONFARRACINOS;45;2;6;9;4;9;15;2;4;1;36;2;10;0;5;1;0;4;0;1;0;3;6
49123;MONTAMARTA;24;0;2;3;1;8;10;0;2;1;19;2;6;0;3;0;0;3;0;0;0;2;4
49124;MORAL DE SAYAGO;19;0;2;5;0;5;7;3;0;1;14;1;1;0;1;0;0;0;0;0;0;1;0
49125;MORALEJA DEL VINO;102;7;14;23;2;25;31;8;8;9;70;7;15;0;9;0;0;4;2;1;6;1;7
49126;MORALEJA DE SAYAGO;9;1;1;3;1;3;0;0;1;0;8;0;1;0;1;0;0;0;0;0;0;0;1
49127;MORALES DEL VINO;164;5;28;34;5;40;52;5;13;7;131;8;11;1;1;1;0;8;0;0;1;0;10
49128;MORALES DE REY;40;3;2;9;1;9;16;7;1;3;26;3;10;0;5;0;0;5;0;0;0;0;10
49129;MORALES DE TORO;55;5;6;10;2;12;20;20;3;3;29;0;35;1;9;0;0;25;0;1;1;0;33
49130;MORALES DE VALVERDE;8;0;2;5;0;1;0;0;0;2;6;0;0;0;0;0;0;0;0;0;0;0;0
49131;MORALINA;12;1;2;2;0;0;7;0;1;0;11;0;0;0;0;0;0;0;0;0;0;0;0
49132;MORERUELA DE LOS INFANZONES;20;3;1;3;1;6;6;0;1;0;15;4;1;0;1;0;0;0;0;0;0;1;0
49133;MORERUELA DE TABARA;12;0;2;4;1;2;3;3;1;3;5;0;0;0;0;0;0;0;0;0;0;0;0
49134;MUELAS DE LOS CABALLEROS;10;1;1;3;1;1;3;0;1;3;6;0;1;0;1;0;0;0;0;0;0;1;0
49135;MUELAS DEL PAN;28;0;10;7;0;5;6;1;3;8;14;2;3;0;0;0;0;3;0;0;0;0;3
49136;MUGA DE SAYAGO;12;1;0;5;0;2;4;1;0;2;9;0;4;2;1;0;0;1;0;0;0;0;4
49137;NAVIANOS DE VALVERDE;9;0;0;2;1;1;5;1;0;2;5;1;0;0;0;0;0;0;0;0;0;0;0
49138;OLMILLOS DE CASTRO;11;0;3;5;1;0;2;0;0;3;7;1;1;0;1;0;0;0;0;0;0;0;1
49139;OTERO DE BODAS;5;0;1;1;0;0;3;0;1;0;4;0;1;0;1;0;0;0;0;0;0;0;1
49141;PAJARES DE LA LAMPREANA;26;1;3;8;0;4;10;3;0;1;21;1;3;0;3;0;0;0;0;0;0;3;0
49142;PALACIOS DEL PAN;11;0;5;2;0;1;3;1;0;3;7;0;0;0;0;0;0;0;0;0;0;0;0
49143;PALACIOS DE SANABRIA;21;0;4;5;0;5;7;1;1;3;16;0;2;0;2;0;0;0;0;0;0;0;2
49145;PEDRALBA DE LA PRADERIA;15;0;3;5;0;3;4;2;0;5;7;1;0;0;0;0;0;0;0;0;0;0;0
49146;PEGO, EL;11;1;1;1;1;2;5;1;1;0;9;0;8;0;2;0;0;6;0;0;0;0;8
49147;PELEAGONZALO;13;0;1;5;1;2;4;1;1;2;8;1;1;0;0;0;0;1;0;0;0;0;1
49148;PELEAS DE ABAJO;19;0;3;6;1;4;5;3;1;0;13;2;2;0;2;0;0;0;0;1;1;0;0
49149;PEÑAUSENDE;18;1;4;3;1;1;8;2;0;0;15;1;3;0;0;0;0;3;0;0;0;0;3
49150;PEQUE;5;0;0;2;0;3;0;1;0;1;3;0;0;0;0;0;0;0;0;0;0;0;0
49151;PERDIGON, EL;42;0;3;10;0;13;16;4;2;2;32;2;2;0;2;0;0;0;0;0;0;0;2
49152;PERERUELA;23;2;5;7;0;2;7;0;5;3;12;3;20;0;9;1;0;10;0;0;2;1;17
49153;PERILLA DE CASTRO;6;0;1;2;0;0;3;0;0;1;4;1;6;0;4;0;0;2;0;5;0;0;1
49154;PIAS;7;0;0;5;0;0;2;0;0;1;6;0;1;0;0;0;0;1;0;0;0;0;1
49155;PIEDRAHITA DE CASTRO;4;0;0;1;0;1;2;0;1;0;3;0;0;0;0;0;0;0;0;0;0;0;0
49156;PINILLA DE TORO;8;0;1;3;0;1;3;1;0;0;6;1;2;0;1;0;0;1;0;0;0;0;2
49157;PINO DEL ORO;12;2;1;5;0;1;3;0;1;3;8;0;0;0;0;0;0;0;0;0;0;0;0
49158;PIÑERO, EL;13;2;5;3;0;1;2;3;1;1;8;0;2;0;1;0;0;1;0;1;0;0;1
49159;POBLADURA DEL VALLE;14;1;1;2;0;1;9;0;1;0;11;2;3;0;1;0;0;2;0;0;1;0;2
49160;POBLADURA DE VALDERADUEY;3;0;2;1;0;0;0;0;0;3;0;0;0;0;0;0;0;0;0;0;0;0;0
49162;PORTO;6;0;1;4;0;0;1;1;0;2;3;0;0;0;0;0;0;0;0;0;0;0;0
49163;POZOANTIGUO;11;0;1;4;0;2;4;2;2;0;6;1;3;0;1;0;0;1;1;0;0;0;3
49164;POZUELO DE TABARA;11;0;3;3;0;1;4;0;1;4;6;0;1;0;0;0;0;1;0;0;0;0;1
49165;PRADO;1;0;0;0;0;1;0;0;0;0;1;0;0;0;0;0;0;0;0;0;0;0;0
49166;PUEBLA DE SANABRIA;60;2;10;16;0;10;22;1;3;4;48;4;66;2;20;0;1;42;1;1;5;2;58
49167;PUEBLICA DE VALVERDE;8;1;0;7;0;0;0;2;0;2;4;0;1;0;0;0;0;1;0;0;0;0;1
49168;QUINTANILLA DEL MONTE;3;0;0;2;0;1;0;0;1;0;1;1;0;0;0;0;0;0;0;0;0;0;0
49169;QUINTANILLA DEL OLMO;1;0;0;0;0;1;0;1;0;0;0;0;0;0;0;0;0;0;0;0;0;0;0
49170;QUINTANILLA DE URZ;8;0;0;2;0;1;5;0;0;3;5;0;4;0;3;0;0;1;0;0;0;0;4
49171;QUIRUELAS DE VIDRIALES;40;1;3;18;0;2;16;5;3;6;26;0;3;0;0;0;0;3;0;0;0;0;3
49172;RABANALES;11;0;1;3;4;0;3;2;5;1;3;0;21;0;4;1;0;16;0;0;8;1;12
49173;RABANO DE ALISTE;17;0;2;10;0;1;4;0;1;4;12;0;2;0;2;0;0;0;0;0;0;2;0
49174;REQUEJO;11;0;4;2;0;1;4;1;0;3;7;0;1;0;1;0;0;0;0;0;0;1;0
49175;REVELLINOS;15;0;1;2;1;4;7;3;2;1;4;5;1;0;1;0;0;0;0;1;0;0;0
49176;RIOFRIO DE ALISTE;25;1;2;6;1;5;10;1;2;3;17;2;3;0;1;0;0;2;0;0;2;0;1
49177;RIONEGRO DEL PUENTE;14;0;2;8;1;1;2;1;1;0;10;2;5;0;5;0;0;0;0;0;0;0;5
49178;ROALES;70;0;12;12;4;19;23;0;8;9;50;3;104;1;52;0;0;51;0;0;95;4;5
49179;ROBLEDA-CERVANTES;25;1;3;5;2;7;7;1;2;1;20;1;3;0;2;0;0;1;0;0;0;1;2
49180;ROELOS DE SAYAGO;3;0;0;2;0;0;1;0;0;0;3;0;3;0;1;0;0;2;0;0;0;0;3
49181;ROSINOS DE LA REQUEJADA;15;1;3;7;0;1;3;5;1;2;7;0;1;0;1;0;0;0;0;1;0;0;0
49183;SALCE;2;0;1;0;0;0;1;0;0;0;2;0;0;0;0;0;0;0;0;0;0;0;0
49184;SAMIR DE LOS CAÑOS;6;0;0;2;0;1;3;1;0;0;5;0;2;0;0;0;0;2;0;0;0;0;2
49185;SAN AGUSTIN DEL POZO;5;0;2;1;0;0;2;0;1;0;3;1;2;0;2;0;0;0;0;2;0;0;0
49186;SAN CEBRIAN DE CASTRO;11;0;1;4;0;1;5;1;1;4;5;0;4;1;2;1;0;0;0;0;0;4;0
49187;SAN CRISTOBAL DE ENTREVIÑAS;81;5;8;17;2;16;33;7;8;9;48;9;42;1;29;2;0;10;0;0;25;0;17
49188;SAN ESTEBAN DEL MOLAR;5;0;0;3;1;1;0;0;0;1;3;1;0;0;0;0;0;0;0;0;0;0;0
49189;SAN JUSTO;14;0;2;8;0;2;2;1;0;3;9;1;0;0;0;0;0;0;0;0;0;0;0
49190;SAN MARTIN DE VALDERADUEY;1;0;0;0;0;0;1;0;0;0;1;0;1;0;1;0;0;0;0;0;0;0;1
49191;SAN MIGUEL DE LA RIBERA;5;1;0;2;0;0;2;0;1;1;3;0;1;0;1;0;0;0;0;1;0;0;0
49192;SAN MIGUEL DEL VALLE;8;0;1;3;0;1;3;0;0;2;4;2;0;0;0;0;0;0;0;0;0;0;0
49193;SAN PEDRO DE CEQUE;38;1;8;12;1;1;15;5;1;5;26;1;1;0;1;0;0;0;0;0;0;0;1
49194;SAN PEDRO DE LA NAVE-ALMENDRA;19;0;3;6;1;5;4;1;1;1;12;4;3;1;0;0;0;2;0;1;0;0;2
49197;SANTA CLARA DE AVEDILLO;10;0;3;2;1;1;3;0;2;0;7;1;0;0;0;0;0;0;0;0;0;0;0
49199;SANTA COLOMBA DE LAS MONJAS;15;0;3;3;0;5;4;1;1;0;12;1;0;0;0;0;0;0;0;0;0;0;0
49200;SANTA CRISTINA DE LA POLVOROSA;71;1;5;17;4;15;29;4;7;7;45;8;36;3;20;0;3;10;0;1;33;0;2
49201;SANTA CROYA DE TERA;7;0;0;1;0;2;4;0;1;1;5;0;0;0;0;0;0;0;0;0;0;0;0
49202;SANTA EUFEMIA DEL BARCO;14;0;4;8;0;0;2;2;0;1;11;0;0;0;0;0;0;0;0;0;0;0;0
49203;SANTA MARIA DE LA VEGA;15;1;4;4;0;3;3;1;0;0;13;1;0;0;0;0;0;0;0;0;0;0;0
49204;SANTA MARIA DE VALVERDE;3;0;0;1;0;2;0;0;0;0;3;0;0;0;0;0;0;0;0;0;0;0;0
49205;SANTIBAÑEZ DE TERA;15;0;3;4;0;4;4;1;1;2;11;0;3;0;0;0;1;2;0;0;0;0;3
49206;SANTIBAÑEZ DE VIDRIALES;32;1;5;10;2;7;7;2;5;1;20;4;33;3;15;3;1;9;2;7;10;0;16
49207;SANTOVENIA;10;0;2;2;1;2;3;1;1;2;5;1;1;0;1;0;0;0;0;0;0;0;1
49208;SAN VICENTE DE LA CABEZA;16;1;3;8;0;2;2;2;3;7;4;0;1;0;1;0;0;0;0;1;0;0;0
49209;SAN VITERO;16;2;4;5;0;3;2;3;1;0;12;0;13;2;3;0;0;7;1;1;0;3;9
49210;SANZOLES;36;2;2;12;2;5;13;8;3;1;22;2;5;0;2;0;0;1;2;0;0;1;4
49214;TABARA;38;1;3;16;3;7;8;4;2;4;26;2;8;0;4;1;0;3;0;1;0;0;7
49216;TAPIOLES;5;0;0;2;0;0;3;0;0;0;4;1;1;0;1;0;0;0;0;0;0;0;1
49219;TORO;619;31;99;131;32;139;187;134;77;19;355;34;641;4;226;2;7;396;6;58;327;16;240
49220;TORRE DEL VALLE, LA;13;1;2;7;0;1;2;1;0;0;12;0;2;0;0;1;0;1;0;1;0;0;1
49221;TORREGAMONES;18;2;3;4;0;2;7;1;1;0;14;2;0;0;0;0;0;0;0;0;0;0;0
49222;TORRES DEL CARRIZAL;18;0;4;3;0;6;5;2;4;1;10;1;0;0;0;0;0;0;0;0;0;0;0
49223;TRABAZOS;31;1;3;15;0;1;11;3;1;4;22;1;29;0;27;0;1;1;0;15;0;1;13
49224;TREFACIO;18;2;1;4;0;5;6;0;0;1;17;0;2;0;2;0;0;0;0;0;0;0;2
49225;UÑA DE QUINTANA;6;0;0;4;0;0;2;0;0;1;4;1;0;0;0;0;0;0;0;0;0;0;0
49226;VADILLO DE LA GUAREÑA;11;1;1;5;0;1;3;1;0;3;6;1;9;0;5;0;0;4;0;0;0;9;0
49227;VALCABADO;26;0;3;5;1;10;7;1;1;4;16;4;14;9;2;0;3;0;0;0;0;0;14
49228;VALDEFINJAS;2;0;0;1;0;1;0;1;0;0;1;0;8;0;0;0;0;8;0;0;8;0;0
49229;VALDESCORRIEL;7;0;2;1;1;1;2;1;0;0;4;2;2;0;1;0;1;0;0;0;0;0;2
49230;VALLESA DE LA GUAREÑA;2;0;0;2;0;0;0;0;0;0;2;0;1;0;1;0;0;0;0;0;0;0;1
49231;VEGA DE TERA;18;0;3;7;0;1;7;5;0;4;9;0;0;0;0;0;0;0;0;0;0;0;0
49232;VEGA DE VILLALOBOS;4;0;0;1;0;2;1;1;0;0;2;1;0;0;0;0;0;0;0;0;0;0;0
49233;VEGALATRAVE;3;0;1;0;0;0;2;0;0;0;3;0;0;0;0;0;0;0;0;0;0;0;0
49234;VENIALBO;21;1;2;4;0;6;8;2;2;1;14;2;7;0;7;0;0;0;0;1;2;0;4
49235;VEZDEMARBAN;22;0;3;8;3;3;5;1;2;0;17;2;4;0;3;0;0;1;0;0;0;0;4
49236;VIDAYANES;3;0;0;0;0;1;2;0;0;0;2;1;1;0;1;0;0;0;0;0;0;0;1
49237;VIDEMALA;4;0;1;1;0;1;1;0;0;0;4;0;0;0;0;0;0;0;0;0;0;0;0
49238;VILLABRAZARO;15;1;0;6;0;3;5;0;0;0;13;2;18;0;12;1;0;5;0;3;14;1;0
49239;VILLABUENA DEL PUENTE;31;3;4;7;0;4;13;9;6;1;15;0;24;0;11;0;0;13;0;0;0;1;23
49240;VILLADEPERA;8;0;1;4;0;1;2;0;1;3;4;0;0;0;0;0;0;0;0;0;0;0;0
49241;VILLAESCUSA;9;0;0;5;0;2;2;0;0;0;9;0;2;0;1;0;0;1;0;0;0;0;2
49242;VILLAFAFILA;23;2;1;8;1;4;7;1;1;0;21;0;1;0;0;0;0;1;0;0;0;0;1
49243;VILLAFERRUEÑA;2;1;1;0;0;0;0;1;0;0;1;0;10;0;8;0;0;2;0;8;0;0;2
49244;VILLAGERIZ;1;0;0;1;0;0;0;0;0;0;1;0;0;0;0;0;0;0;0;0;0;0;0
49245;VILLALAZAN;15;0;1;5;1;3;5;1;1;0;12;1;1;0;1;0;0;0;0;0;0;1;0
49246;VILLALBA DE LA LAMPREANA;8;0;2;3;0;0;3;0;0;3;4;1;0;0;0;0;0;0;0;0;0;0;0
49247;VILLALCAMPO;21;0;2;12;0;2;5;1;1;4;15;0;0;0;0;0;0;0;0;0;0;0;0
49248;VILLALOBOS;11;0;0;4;1;4;2;1;0;0;7;3;1;0;1;0;0;0;0;1;0;0;0
49249;VILLALONSO;2;0;0;0;0;1;1;1;0;0;1;0;1;0;0;0;0;1;0;0;0;0;1
49250;VILLALPANDO;56;4;7;11;1;23;10;9;6;1;38;2;15;0;5;0;1;9;0;1;0;0;14
49251;VILLALUBE;4;0;0;2;0;2;0;1;0;0;3;0;1;0;0;0;0;1;0;0;0;0;1
49252;VILLAMAYOR DE CAMPOS;11;0;2;2;0;2;5;1;2;1;6;1;1;0;1;0;0;0;0;0;0;0;1
49255;VILLAMOR DE LOS ESCUDEROS;9;1;2;3;0;2;1;1;1;3;4;0;1;0;0;0;0;1;0;0;0;0;1
49256;VILLANAZAR;17;2;1;4;2;4;4;1;2;2;9;3;6;0;2;0;0;4;0;3;0;0;3
49257;VILLANUEVA DE AZOAGUE;48;4;12;6;6;16;4;9;5;1;28;5;11;0;8;0;0;3;0;0;11;0;0
49258;VILLANUEVA DE CAMPEAN;7;1;0;1;0;2;3;1;1;0;5;0;1;0;1;0;0;0;0;0;0;1;0
49259;VILLANUEVA DE LAS PERAS;5;1;0;2;0;0;2;0;0;1;4;0;0;0;0;0;0;0;0;0;0;0;0
49260;VILLANUEVA DEL CAMPO;42;4;8;9;1;9;11;3;1;1;30;7;4;1;2;1;0;0;0;3;1;0;0
49261;VILLARALBO;125;5;25;29;6;20;40;8;5;11;91;10;31;0;9;0;0;21;1;1;2;0;28
49262;VILLARDECIERVOS;18;0;2;7;1;3;5;2;0;1;14;1;7;0;4;0;0;3;0;1;0;0;6
49263;VILLAR DE FALLAVES;2;0;0;1;0;1;0;1;0;0;1;0;0;0;0;0;0;0;0;0;0;0;0
49264;VILLAR DEL BUEY;24;3;4;9;3;1;4;1;1;3;14;5;1;0;0;0;0;1;0;0;0;0;1
49265;VILLARDIEGUA DE LA RIBERA;5;0;0;1;0;0;4;0;0;0;5;0;0;0;0;0;0;0;0;0;0;0;0
49266;VILLARDIGA;2;0;1;1;0;0;0;0;2;0;0;0;0;0;0;0;0;0;0;0;0;0;0
49267;VILLARDONDIEGO;8;0;0;5;1;0;2;1;1;2;1;3;1;0;1;0;0;0;0;0;0;1;0
49268;VILLARRIN DE CAMPOS;19;0;2;7;1;2;7;3;1;1;13;1;2;0;0;0;0;2;0;0;0;0;2
49269;VILLASECO DEL PAN;10;0;2;2;1;3;2;0;0;2;5;3;0;0;0;0;0;0;0;0;0;0;0
49270;VILLAVENDIMIO;6;1;1;1;0;2;1;2;0;1;3;0;5;0;5;0;0;0;0;2;0;1;2
49271;VILLAVEZA DEL AGUA;4;0;1;2;0;0;1;0;0;0;4;0;0;0;0;0;0;0;0;0;0;0;0
49272;VILLAVEZA DE VALVERDE;0;0;0;0;0;0;0;0;0;0;0;0;0;0;0;0;0;0;0;0;0;0;0
49273;VIÑAS;17;0;1;7;1;4;4;3;0;1;11;2;1;0;0;0;0;1;0;0;0;0;1
49275;ZAMORA;4571;201;749;973;179;1081;1388;274;345;346;3161;445;1633;56;652;25;71;814;15;16;234;74;1309
50001;ABANTO;0;0;0;0;0;0;0;0;0;0;0;0;4;0;1;0;0;3;0;0;0;0;4
50002;ACERED;5;0;0;2;0;1;2;2;1;0;2;0;8;0;8;0;0;0;0;1;0;4;3
50003;AGON;5;0;0;1;0;0;4;0;0;1;4;0;18;0;7;0;0;11;0;1;1;0;16
50004;AGUARON;9;0;2;1;0;1;5;3;0;1;5;0;49;1;43;0;0;5;0;44;0;0;5
50005;AGUILON;4;0;1;0;0;1;2;0;0;1;2;1;3;0;1;0;0;2;0;0;0;0;3
50006;AINZON;44;5;5;11;4;4;15;5;9;3;24;3;9;0;3;0;0;6;0;1;1;1;6
50007;ALADREN;2;0;0;0;1;1;0;0;0;0;1;1;4;0;1;0;0;3;0;0;0;0;4
50008;ALAGON;381;16;51;81;17;90;126;32;56;18;250;25;339;3;132;8;4;184;8;102;99;6;132
50009;ALARBA;3;0;1;2;0;0;0;0;0;2;1;0;7;0;2;0;1;4;0;0;0;2;5
50010;ALBERITE DE SAN JUAN;0;0;0;0;0;0;0;0;0;0;0;0;2;0;2;0;0;0;0;1;0;0;1
50011;ALBETA;6;1;2;0;0;0;3;0;1;1;4;0;6;0;5;0;0;1;0;4;0;1;1
50012;ALBORGE;2;0;2;0;0;0;0;1;0;0;1;0;0;0;0;0;0;0;0;0;0;0;0
50013;ALCALA DE EBRO;13;0;3;2;2;3;3;1;1;1;7;3;17;1;7;0;0;9;0;0;0;0;17
50014;ALCALA DE MONCAYO;2;0;1;0;0;1;0;1;0;0;1;0;1;0;1;0;0;0;0;0;0;0;1
50015;ALCONCHEL DE ARIZA;0;0;0;0;0;0;0;0;0;0;0;0;0;0;0;0;0;0;0;0;0;0;0
50016;ALDEHUELA DE LIESTOS;1;0;0;1;0;0;0;0;0;0;1;0;1;0;1;0;0;0;0;0;0;0;1
50017;ALFAJARIN;114;5;20;16;0;26;47;2;13;6;91;2;126;2;71;2;4;46;1;4;13;1;108
50018;ALFAMEN;68;3;14;11;5;14;21;20;10;1;37;0;74;1;49;0;0;24;0;42;20;0;12
50019;ALFORQUE;0;0;0;0;0;0;0;0;0;0;0;0;7;0;2;0;0;5;0;0;0;0;7
50020;ALHAMA DE ARAGON;42;2;5;13;2;9;11;2;3;3;32;2;41;0;25;0;0;15;1;0;27;1;13
50021;ALMOCHUEL;0;0;0;0;0;0;0;0;0;0;0;0;6;0;0;0;0;6;0;0;0;0;6
50022;ALMOLDA, LA;6;0;1;1;0;2;2;1;0;0;5;0;5;0;1;0;1;3;0;0;0;0;5
50023;ALMONACID DE LA CUBA;12;0;2;3;0;2;5;0;1;0;11;0;1;0;0;0;0;1;0;0;1;0;0
50024;ALMONACID DE LA SIERRA;17;0;2;7;0;6;2;5;1;0;9;2;20;0;17;0;0;3;0;12;4;0;4
50025;ALMUNIA DE DOÑA GODINA, LA;453;19;66;107;17;104;140;93;55;13;266;26;802;22;407;8;27;334;4;213;93;6;490
50026;ALPARTIR;24;1;3;9;1;7;3;6;5;1;12;0;1;0;1;0;0;0;0;0;1;0;0
50027;AMBEL;14;0;2;5;0;3;4;3;3;0;8;0;3;1;1;0;0;1;0;1;0;0;2
50028;ANENTO;1;1;0;0;0;0;0;0;0;0;0;1;1;0;1;0;0;0;0;0;0;0;1
50029;ANIÑON;13;1;4;2;0;2;4;6;1;0;6;0;9;0;6;0;0;3;0;5;1;0;3
50030;AÑON DE MONCAYO;10;1;3;2;0;2;2;0;2;1;6;1;3;0;0;0;0;3;0;0;0;0;3
50031;ARANDA DE MONCAYO;10;0;3;2;0;1;4;1;2;0;7;0;0;0;0;0;0;0;0;0;0;0;0
50032;ARANDIGA;18;0;3;9;0;2;4;3;8;1;5;1;7;0;7;0;0;0;0;6;0;1;0
50033;ARDISA;0;0;0;0;0;0;0;0;0;0;0;0;0;0;0;0;0;0;0;0;0;0;0
50034;ARIZA;35;5;2;7;1;9;11;4;6;2;15;8;5;0;1;0;0;4;0;0;0;0;5
50035;ARTIEDA;1;0;0;1;0;0;0;0;0;0;1;0;5;0;0;0;0;5;0;0;0;0;5
50036;ASIN;0;0;0;0;0;0;0;0;0;0;0;0;0;0;0;0;0;0;0;0;0;0;0
50037;ATEA;5;0;0;2;0;0;3;0;1;0;4;0;1;0;1;0;0;0;0;0;0;0;1
50038;ATECA;91;0;9;24;6;21;31;15;18;3;47;8;29;1;13;0;1;14;0;2;7;0;20
50039;AZUARA;19;2;0;7;1;3;6;0;2;2;12;3;1;0;1;0;0;0;0;0;0;0;1
50040;BADULES;2;0;0;1;0;1;0;0;0;0;2;0;0;0;0;0;0;0;0;0;0;0;0
50041;BAGÜES;1;0;0;0;0;0;1;0;0;0;1;0;0;0;0;0;0;0;0;0;0;0;0
50042;BALCONCHAN;0;0;0;0;0;0;0;0;0;0;0;0;0;0;0;0;0;0;0;0;0;0;0
50043;BARBOLES;7;2;2;1;0;1;1;0;0;0;7;0;5;0;2;0;0;3;0;1;1;0;3
50044;BARDALLUR;11;1;2;4;0;1;3;3;1;0;7;0;1;0;1;0;0;0;0;1;0;0;0
50045;BELCHITE;55;4;6;14;2;7;22;2;16;6;29;2;43;3;21;0;0;18;1;14;3;0;26
50046;BELMONTE DE GRACIAN;3;0;0;3;0;0;0;1;0;0;2;0;1;0;1;0;0;0;0;1;0;0;0
50047;BERDEJO;0;0;0;0;0;0;0;0;0;0;0;0;0;0;0;0;0;0;0;0;0;0;0
50048;BERRUECO;0;0;0;0;0;0;0;0;0;0;0;0;0;0;0;0;0;0;0;0;0;0;0
50050;BIJUESCA;0;0;0;0;0;0;0;0;0;0;0;0;0;0;0;0;0;0;0;0;0;0;0
50051;BIOTA;47;6;4;10;1;14;12;8;8;3;26;2;5;0;2;0;0;3;0;1;1;0;3
50052;BISIMBRE;1;0;0;0;0;0;1;0;0;0;1;0;5;1;4;0;0;0;0;1;4;0;0
50053;BOQUIÑENI;39;0;5;5;4;8;17;12;2;1;22;2;30;0;21;1;0;8;0;0;1;0;29
50054;BORDALBA;0;0;0;0;0;0;0;0;0;0;0;0;1;0;0;0;1;0;0;0;0;0;1
50055;BORJA;255;10;47;53;19;64;62;26;59;10;136;24;150;0;88;8;0;52;2;7;70;0;73
50056;BOTORRITA;24;1;3;5;0;4;11;1;5;3;14;1;3;0;1;0;1;1;0;0;0;0;3
50057;BREA DE ARAGON;72;3;8;15;2;11;33;3;47;2;17;3;31;0;18;0;0;13;0;0;22;0;9
50058;BUBIERCA;3;0;0;3;0;0;0;1;0;0;2;0;0;0;0;0;0;0;0;0;0;0;0
50059;BUJARALOZ;12;2;0;1;0;4;5;2;0;0;8;2;11;0;9;0;0;2;0;1;8;0;2
50060;BULBUENTE;9;1;0;2;0;3;3;1;4;0;4;0;3;0;2;0;0;1;0;2;0;0;1
50061;BURETA;9;0;2;2;1;0;4;2;4;0;3;0;13;0;13;0;0;0;0;13;0;0;0
50062;BURGO DE EBRO, EL;126;9;11;24;12;44;26;2;16;9;93;6;352;2;186;8;0;153;3;1;212;8;131
50063;BUSTE, EL;2;0;0;0;0;1;1;0;1;0;1;0;0;0;0;0;0;0;0;0;0;0;0
50064;CABAÑAS DE EBRO;20;2;2;1;0;4;11;0;6;0;13;1;2;0;2;0;0;0;0;1;0;0;1
50065;CABOLAFUENTE;0;0;0;0;0;0;0;0;0;0;0;0;0;0;0;0;0;0;0;0;0;0;0
50066;CADRETE;178;5;23;46;5;51;48;3;23;13;127;12;76;0;39;4;8;23;2;0;30;3;43
50067;CALATAYUD;1237;50;189;258;52;310;378;236;85;80;763;73;489;7;231;5;5;230;11;39;61;32;357
50068;CALATORAO;142;4;27;35;4;25;47;44;17;7;69;5;237;3;178;0;0;55;1;44;148;1;44
50069;CALCENA;1;0;1;0;0;0;0;0;0;0;1;0;0;0;0;0;0;0;0;0;0;0;0
50070;CALMARZA;0;0;0;0;0;0;0;0;0;0;0;0;0;0;0;0;0;0;0;0;0;0;0
50071;CAMPILLO DE ARAGON;1;0;0;1;0;0;0;0;0;0;1;0;1;0;0;1;0;0;0;0;0;1;0
50072;CARENAS;6;0;0;4;0;1;1;0;2;1;3;0;0;0;0;0;0;0;0;0;0;0;0
50073;CARIÑENA;140;8;17;26;6;37;46;14;29;7;83;7;295;5;208;6;3;70;3;121;81;1;92
50074;CASPE;669;55;97;94;49;177;197;210;106;52;271;30;344;13;178;9;3;130;11;141;4;4;195
50075;CASTEJON DE ALARBA;2;0;0;1;0;0;1;0;1;0;1;0;2;0;2;0;0;0;0;0;0;2;0
50076;CASTEJON DE LAS ARMAS;6;0;4;1;0;0;1;0;1;0;5;0;1;0;1;0;0;0;0;0;0;0;1
50077;CASTEJON DE VALDEJASA;8;0;2;0;3;1;2;2;1;0;3;2;1;0;1;0;0;0;0;1;0;0;0
50078;CASTILISCAR;5;0;1;1;0;1;2;0;0;0;5;0;1;0;0;1;0;0;0;1;0;0;0
50079;CERVERA DE LA CAÑADA;15;1;3;3;0;1;7;3;6;2;4;0;12;1;8;0;1;2;0;2;9;0;1
50080;CERVERUELA;0;0;0;0;0;0;0;0;0;0;0;0;0;0;0;0;0;0;0;0;0;0;0
50081;CETINA;19;2;2;3;0;6;6;2;2;0;13;2;7;0;2;0;0;5;0;0;1;0;6
50082;CIMBALLA;2;0;1;0;0;1;0;1;0;0;1;0;0;0;0;0;0;0;0;0;0;0;0
50083;CINCO OLIVAS;3;0;1;0;0;0;2;1;0;0;2;0;1;0;0;0;0;1;0;0;0;0;1
50084;CLARES DE RIBOTA;1;0;1;0;0;0;0;0;0;1;0;0;3;0;3;0;0;0;0;3;0;0;0
50085;CODO;7;0;1;3;0;1;2;0;1;1;5;0;1;0;0;0;1;0;0;0;0;0;1
50086;CODOS;2;0;0;0;0;1;1;0;0;0;2;0;6;0;2;0;2;2;0;2;0;0;4
50087;CONTAMINA;0;0;0;0;0;0;0;0;0;0;0;0;0;0;0;0;0;0;0;0;0;0;0
50088;COSUENDA;7;0;1;2;0;2;2;0;2;1;4;0;5;0;4;0;0;1;0;3;0;1;1
50089;CUARTE DE HUERVA;484;17;61;93;19;159;135;3;62;22;363;34;439;11;241;24;8;147;8;0;66;35;338
50090;CUBEL;0;0;0;0;0;0;0;0;0;0;0;0;3;0;3;0;0;0;0;3;0;0;0
50091;CUERLAS, LAS;0;0;0;0;0;0;0;0;0;0;0;0;1;0;1;0;0;0;0;0;0;0;1
50092;CHIPRANA;22;0;2;3;3;8;6;5;2;1;12;2;34;1;19;0;0;14;0;31;0;3;0
50093;CHODES;3;0;2;1;0;0;0;0;0;0;3;0;2;0;2;0;0;0;0;0;0;0;2
50094;DAROCA;71;2;13;15;0;17;24;2;6;5;55;3;28;3;7;1;2;15;0;2;7;1;18
50095;EJEA DE LOS CABALLEROS;867;39;135;144;49;227;273;108;166;46;460;87;396;10;204;12;5;150;15;80;97;41;178
50096;EMBID DE ARIZA;0;0;0;0;0;0;0;0;0;0;0;0;0;0;0;0;0;0;0;0;0;0;0
50098;ENCINACORBA;9;0;1;3;0;3;2;2;3;0;4;0;0;0;0;0;0;0;0;0;0;0;0
50099;EPILA;402;31;82;69;34;88;98;155;55;8;145;39;212;4;145;4;0;59;0;56;120;6;30
50100;ERLA;8;0;2;1;1;2;2;0;4;0;4;0;3;0;0;2;0;1;0;0;3;0;0
50101;ESCATRÓN;58;6;8;14;3;11;16;7;2;12;33;4;34;0;27;0;1;6;0;0;3;20;11
50102;FABARA;33;2;1;5;3;11;11;14;7;0;11;1;9;1;6;0;0;2;0;6;1;1;1
50104;FARLETE;7;0;2;1;0;2;2;0;2;0;5;0;0;0;0;0;0;0;0;0;0;0;0
50105;FAYON;15;0;4;4;0;3;4;0;3;2;10;0;10;1;7;0;0;2;0;6;1;1;2
50106;FAYOS, LOS;1;0;0;0;0;1;0;0;0;0;1;0;1;0;0;0;0;1;0;0;0;0;1
50107;FIGUERUELAS;53;2;4;8;2;10;27;0;14;0;37;2;574;6;382;3;3;175;5;2;197;2;373
50108;FOMBUENA;0;0;0;0;0;0;0;0;0;0;0;0;0;0;0;0;0;0;0;0;0;0;0
50109;FRAGO, EL;0;0;0;0;0;0;0;0;0;0;0;0;0;0;0;0;0;0;0;0;0;0;0
50110;FRASNO, EL;17;2;1;4;0;1;9;3;0;1;12;1;3;0;3;0;0;0;0;2;0;0;1
50111;FRESCANO;6;0;0;3;0;1;2;1;1;0;4;0;7;0;6;0;0;1;0;5;0;0;2
50113;FUENDEJALON;23;5;6;2;1;4;5;6;3;0;12;2;54;1;38;1;0;14;0;47;1;1;5
50114;FUENDETODOS;5;0;1;2;0;1;1;0;0;1;4;0;5;0;4;0;0;1;0;1;0;3;1
50115;FUENTES DE EBRO;217;20;23;45;6;52;71;33;40;13;111;20;55;1;30;1;2;17;4;7;23;3;22
50116;FUENTES DE JILOCA;8;0;2;2;0;1;3;0;0;2;6;0;0;0;0;0;0;0;0;0;0;0;0
50117;GALLOCANTA;1;0;0;0;0;1;0;0;0;0;1;0;0;0;0;0;0;0;0;0;0;0;0
50118;GALLUR;146;8;19;33;6;32;48;12;33;8;78;15;64;2;35;0;1;24;2;4;43;2;15
50119;GELSA;32;0;5;8;1;8;10;3;6;4;15;4;11;1;6;0;0;4;0;0;6;3;2
50120;GODOJOS;2;0;0;1;0;0;1;1;0;0;1;0;1;0;1;0;0;0;0;0;0;0;1
50121;GOTOR;19;0;1;6;0;3;9;3;12;1;2;1;0;0;0;0;0;0;0;0;0;0;0
50122;GRISEL;0;0;0;0;0;0;0;0;0;0;0;0;0;0;0;0;0;0;0;0;0;0;0
50123;GRISEN;26;1;3;6;0;5;11;5;4;2;14;1;20;1;7;2;0;9;1;0;0;0;20
50124;HERRERA DE LOS NAVARROS;9;0;1;0;0;4;4;0;0;1;8;0;1;0;1;0;0;0;0;1;0;0;0
50125;IBDES;9;1;0;4;0;1;3;0;2;1;6;0;1;0;0;0;0;1;0;1;0;0;0
50126;ILLUECA;204;6;24;37;6;33;98;20;91;6;74;13;53;1;29;1;0;21;1;0;38;0;15
50128;ISUERRE;1;0;0;0;0;1;0;0;0;0;1;0;0;0;0;0;0;0;0;0;0;0;0
50129;JARABA;11;1;2;3;0;3;2;1;2;1;7;0;17;0;7;0;0;10;0;0;8;0;9
50130;JARQUE;23;0;5;3;0;5;10;2;11;1;8;1;0;0;0;0;0;0;0;0;0;0;0
50131;JAULIN;10;0;1;3;1;4;1;0;0;3;7;0;2;0;0;1;0;1;0;0;1;0;1
50132;JOYOSA, LA;52;5;4;12;2;12;17;1;12;2;34;3;20;1;11;0;0;7;1;10;0;0;10
50133;LAGATA;7;0;1;2;0;0;4;0;1;0;5;1;0;0;0;0;0;0;0;0;0;0;0
50134;LANGA DEL CASTILLO;5;0;1;3;0;1;0;0;2;0;3;0;0;0;0;0;0;0;0;0;0;0;0
50135;LAYANA;2;0;0;1;0;0;1;0;0;0;1;1;1;1;0;0;0;0;0;0;0;0;1
50136;LECERA;18;0;4;4;2;2;6;1;1;1;13;2;2;0;1;1;0;0;0;1;0;0;1
50137;LECIÑENA;10;0;1;2;0;2;5;1;1;1;7;0;13;0;6;1;0;5;1;1;4;3;5
50138;LECHON;0;0;0;0;0;0;0;0;0;0;0;0;0;0;0;0;0;0;0;0;0;0;0
50139;LETUX;10;0;0;3;0;2;5;0;2;1;7;0;2;0;1;0;0;1;0;0;0;0;2
50140;LITAGO;9;1;0;5;0;0;3;0;1;3;4;1;0;0;0;0;0;0;0;0;0;0;0
50141;LITUENIGO;1;0;0;1;0;0;0;0;1;0;0;0;0;0;0;0;0;0;0;0;0;0;0
50142;LOBERA DE ONSELLA;1;0;0;1;0;0;0;0;0;1;0;0;0;0;0;0;0;0;0;0;0;0;0
50143;LONGARES;31;3;5;5;1;6;11;8;9;1;11;2;14;0;11;0;0;3;0;13;0;0;1
50144;LONGAS;0;0;0;0;0;0;0;0;0;0;0;0;0;0;0;0;0;0;0;0;0;0;0
50146;LUCENA DE JALON;8;0;0;2;1;4;1;1;0;0;7;0;1;0;0;0;0;1;0;0;0;0;1
50147;LUCENI;46;1;4;12;3;12;14;1;6;2;31;6;2;0;1;0;0;1;0;1;0;0;1
50148;LUESIA;6;0;2;1;0;0;3;1;1;1;3;0;0;0;0;0;0;0;0;0;0;0;0
50149;LUESMA;0;0;0;0;0;0;0;0;0;0;0;0;0;0;0;0;0;0;0;0;0;0;0
50150;LUMPIAQUE;78;7;17;15;7;17;15;29;8;2;33;6;22;3;16;0;1;2;0;16;3;0;3
50151;LUNA;25;1;4;8;0;3;9;3;6;1;13;2;3;0;1;0;0;2;0;1;0;0;2
50152;MAELLA;81;3;9;19;2;18;30;14;21;5;40;1;25;0;16;0;0;8;1;12;4;3;6
50153;MAGALLON;48;3;7;8;2;11;17;6;9;4;25;4;22;1;15;0;1;5;0;12;0;0;10
50154;MAINAR;8;0;1;3;0;2;2;2;1;1;4;0;0;0;0;0;0;0;0;0;0;0;0
50155;MALANQUILLA;1;0;0;1;0;0;0;0;0;0;1;0;1;0;1;0;0;0;0;1;0;0;0
50156;MALEJAN;9;1;1;1;2;3;1;1;1;1;5;1;0;0;0;0;0;0;0;0;0;0;0
50157;MALON;22;1;1;7;0;4;9;2;3;5;11;1;3;0;1;0;0;2;0;0;1;0;2
50159;MALUENDA;31;1;4;12;2;7;5;8;1;2;16;4;9;0;7;0;0;2;0;1;0;0;8
50160;MALLEN;149;6;17;32;7;39;48;11;30;0;102;6;119;5;28;1;5;78;2;5;91;1;22
50161;MANCHONES;2;0;0;0;0;1;1;0;0;0;2;0;1;0;1;0;0;0;0;1;0;0;0
50162;MARA;6;1;1;1;0;1;2;3;0;2;1;0;1;1;0;0;0;0;0;1;0;0;0
50163;MARIA DE HUERVA;216;11;23;32;9;81;60;3;21;13;161;18;68;3;31;5;0;28;1;1;31;3;33
50164;MEDIANA DE ARAGON;21;1;1;2;1;6;10;0;1;1;16;3;0;0;0;0;0;0;0;0;0;0;0
50165;MEQUINENZA;58;4;8;13;2;9;22;8;10;1;39;0;211;6;63;3;2;137;0;13;186;0;12
50166;MESONES DE ISUELA;4;0;1;1;0;0;2;0;2;0;2;0;0;0;0;0;0;0;0;0;0;0;0
50167;MEZALOCHA;3;0;1;0;0;1;1;0;1;0;2;0;0;0;0;0;0;0;0;0;0;0;0
50168;MIANOS;2;0;0;0;0;1;1;0;0;0;2;0;0;0;0;0;0;0;0;0;0;0;0
50169;MIEDES DE ARAGON;11;1;1;0;0;4;5;4;2;0;4;1;1;0;1;0;0;0;0;0;0;1;0
50170;MONEGRILLO;3;0;0;1;0;0;2;0;0;1;2;0;1;0;0;0;1;0;0;0;0;0;1
50171;MONEVA;0;0;0;0;0;0;0;0;0;0;0;0;1;0;1;0;0;0;0;0;0;1;0
50172;MONREAL DE ARIZA;3;0;1;1;0;0;1;0;0;2;1;0;1;0;0;0;0;1;0;0;0;0;1
50173;MONTERDE;6;0;2;1;0;2;1;2;0;2;1;1;0;0;0;0;0;0;0;0;0;0;0
50174;MONTON;2;0;0;1;0;0;1;0;0;0;2;0;0;0;0;0;0;0;0;0;0;0;0
50175;MORATA DE JALON;50;2;3;17;4;13;11;8;4;3;32;3;5;0;1;1;0;3;0;0;1;0;4
50176;MORATA DE JILOCA;5;0;1;3;0;0;1;2;2;1;0;0;13;0;4;5;0;4;0;1;2;0;10
50177;MORES;9;0;0;2;2;1;4;1;3;0;3;2;1;0;1;0;0;0;0;0;1;0;0
50178;MOROS;8;0;1;4;0;1;2;2;1;1;4;0;0;0;0;0;0;0;0;0;0;0;0
50179;MOYUELA;1;0;0;1;0;0;0;0;0;0;1;0;0;0;0;0;0;0;0;0;0;0;0
50180;MOZOTA;9;0;0;4;0;3;2;1;3;1;4;0;0;0;0;0;0;0;0;0;0;0;0
50181;MUEL;50;1;9;17;0;12;11;3;15;2;25;5;27;3;10;2;1;10;1;2;14;2;9
50182;MUELA, LA;299;11;41;52;7;109;79;8;34;24;217;16;377;10;198;15;6;139;9;7;111;14;245
50183;MUNEBREGA;11;0;1;2;1;1;6;2;1;3;2;3;2;0;0;0;0;2;0;0;0;0;2
50184;MURERO;4;0;0;3;0;0;1;2;1;0;1;0;0;0;0;0;0;0;0;0;0;0;0
50185;MURILLO DE GALLEGO;1;1;0;0;0;0;0;0;1;0;0;0;21;1;16;0;0;3;1;0;0;0;21
50186;NAVARDUN;0;0;0;0;0;0;0;0;0;0;0;0;0;0;0;0;0;0;0;0;0;0;0
50187;NIGÜELLA;2;0;0;0;0;2;0;0;0;0;2;0;0;0;0;0;0;0;0;0;0;0;0
50188;NOMBREVILLA;1;0;0;1;0;0;0;0;0;0;1;0;0;0;0;0;0;0;0;0;0;0;0
50189;NONASPE;43;4;6;8;1;13;11;14;6;0;22;1;1;0;1;0;0;0;0;1;0;0;0
50190;NOVALLAS;46;3;6;10;2;9;16;5;6;0;30;5;9;0;5;0;0;4;0;0;2;0;7
50191;NOVILLAS;13;0;4;3;0;2;4;2;0;1;10;0;0;0;0;0;0;0;0;0;0;0;0
50192;NUEVALOS;11;0;1;4;1;1;4;1;0;2;8;0;35;0;17;0;0;18;0;0;0;3;32
50193;NUEZ DE EBRO;43;0;6;11;1;13;12;1;9;2;31;0;19;1;17;0;0;1;0;1;17;0;1
50194;OLVES;2;0;0;0;0;0;2;1;0;0;1;0;1;0;1;0;0;0;0;1;0;0;0
50195;ORCAJO;4;0;1;2;0;0;1;1;1;0;2;0;0;0;0;0;0;0;0;0;0;0;0
50196;ORERA;6;0;2;0;1;0;3;1;2;1;2;0;2;0;2;0;0;0;0;0;2;0;0
50197;ORES;0;0;0;0;0;0;0;0;0;0;0;0;3;0;1;1;0;1;0;0;0;0;3
50198;OSEJA;0;0;0;0;0;0;0;0;0;0;0;0;11;0;10;1;0;0;0;0;9;0;2
50199;OSERA DE EBRO;23;0;5;5;1;4;8;0;2;3;17;1;9;0;0;0;0;9;0;0;1;0;8
50200;PANIZA;14;0;1;7;1;1;4;2;2;0;9;1;35;2;26;1;1;5;0;32;0;1;2
50201;PARACUELLOS DE JILOCA;26;1;10;5;0;5;5;3;4;0;18;1;4;0;2;1;0;1;0;0;0;0;4
50202;PARACUELLOS DE LA RIBERA;5;0;0;3;0;0;2;3;0;0;2;0;0;0;0;0;0;0;0;0;0;0;0
50203;PASTRIZ;44;1;11;8;1;8;15;1;4;3;35;1;4;0;2;0;1;0;1;1;2;0;1
50204;PEDROLA;182;5;25;31;11;52;58;10;24;9;128;11;508;3;356;21;2;123;3;0;147;9;352
50205;PEDROSAS, LAS;4;0;1;1;0;1;1;0;0;0;4;0;0;0;0;0;0;0;0;0;0;0;0
50206;PERDIGUERA;16;1;1;4;2;3;5;0;3;0;12;1;7;0;4;0;0;3;0;1;0;0;6
50207;PIEDRATAJADA;0;0;0;0;0;0;0;0;0;0;0;0;0;0;0;0;0;0;0;0;0;0;0
50208;PINA DE EBRO;127;8;14;21;11;19;54;7;26;7;73;14;124;0;58;4;0;58;4;4;92;5;23
50209;PINSEQUE;169;6;22;32;4;50;55;0;23;5;136;5;40;2;14;3;1;16;4;0;5;2;33
50210;PINTANOS, LOS;1;0;0;1;0;0;0;0;0;1;0;0;0;0;0;0;0;0;0;0;0;0;0
50211;PLASENCIA DE JALON;14;1;3;2;0;3;5;1;2;2;8;1;1;0;1;0;0;0;0;1;0;0;0
50212;PLEITAS;2;0;0;0;0;1;1;0;0;0;1;1;16;0;4;3;0;4;5;0;0;0;16
50213;PLENAS;0;0;0;0;0;0;0;0;0;0;0;0;0;0;0;0;0;0;0;0;0;0;0
50214;POMER;1;0;0;1;0;0;0;0;0;1;0;0;0;0;0;0;0;0;0;0;0;0;0
50215;POZUEL DE ARIZA;0;0;0;0;0;0;0;0;0;0;0;0;0;0;0;0;0;0;0;0;0;0;0
50216;POZUELO DE ARAGON;4;1;0;2;0;1;0;0;3;0;1;0;4;0;2;1;1;0;0;3;1;0;0
50217;PRADILLA DE EBRO;22;2;6;4;1;2;7;5;4;1;10;2;0;0;0;0;0;0;0;0;0;0;0
50218;PUEBLA DE ALBORTON;1;0;0;0;0;0;1;0;0;0;1;0;9;0;5;3;0;0;1;0;4;0;5
50219;PUEBLA DE ALFINDEN, LA;281;15;48;49;8;82;79;3;39;14;206;19;177;7;123;22;1;21;3;1;90;15;71
50220;PUENDELUNA;0;0;0;0;0;0;0;0;0;0;0;0;1;1;0;0;0;0;0;0;0;0;1
50221;PURUJOSA;0;0;0;0;0;0;0;0;0;0;0;0;0;0;0;0;0;0;0;0;0;0;0
50222;QUINTO;102;6;9;21;7;25;34;13;14;6;56;13;61;5;21;1;0;33;1;10;6;0;45
50223;REMOLINOS;26;2;3;6;0;7;8;8;4;0;11;3;19;0;7;2;0;10;0;0;7;0;12
50224;RETASCON;0;0;0;0;0;0;0;0;0;0;0;0;1;0;1;0;0;0;0;0;0;0;1
50225;RICLA;198;8;30;43;12;52;53;92;16;5;81;4;135;3;81;1;0;50;0;91;26;3;15
50227;ROMANOS;3;1;0;1;0;0;1;1;0;0;1;1;2;0;1;0;0;1;0;0;1;0;1
50228;RUEDA DE JALON;13;0;2;0;0;6;5;2;0;0;7;4;4;0;4;0;0;0;0;4;0;0;0
50229;RUESCA;0;0;0;0;0;0;0;0;0;0;0;0;0;0;0;0;0;0;0;0;0;0;0
50230;SADABA;74;2;8;13;3;21;27;2;8;5;53;6;7;0;2;0;0;5;0;1;0;0;6
50231;SALILLAS DE JALON;10;1;0;2;0;3;4;2;1;0;7;0;6;0;6;0;0;0;0;5;1;0;0
50232;SALVATIERRA DE ESCA;15;2;2;4;1;3;3;1;1;2;10;1;0;0;0;0;0;0;0;0;0;0;0
50233;SAMPER DEL SALZ;0;0;0;0;0;0;0;0;0;0;0;0;0;0;0;0;0;0;0;0;0;0;0
50234;SAN MARTIN DE LA VIRGEN DE MONCAYO;5;0;0;3;0;0;2;0;1;0;3;1;9;0;8;0;1;0;0;0;0;0;9
50235;SAN MATEO DE GALLEGO;132;2;18;26;9;36;41;4;26;1;89;12;64;2;20;2;3;35;2;2;36;1;25
50236;SANTA CRUZ DE GRIO;2;0;1;0;0;1;0;1;0;0;1;0;0;0;0;0;0;0;0;0;0;0;0
50237;SANTA CRUZ DE MONCAYO;2;0;0;0;0;1;1;0;2;0;0;0;0;0;0;0;0;0;0;0;0;0;0
50238;SANTA EULALIA DE GALLEGO;2;1;0;0;0;0;1;0;0;0;2;0;0;0;0;0;0;0;0;0;0;0;0
50239;SANTED;0;0;0;0;0;0;0;0;0;0;0;0;0;0;0;0;0;0;0;0;0;0;0
50240;SASTAGO;31;1;3;5;0;10;12;3;3;3;20;2;49;0;35;0;2;11;1;31;0;0;18
50241;SABIÑAN;32;1;5;10;2;2;12;8;5;1;15;3;6;0;4;0;0;2;0;2;2;0;2
50242;SEDILES;5;0;0;2;1;0;2;0;1;1;3;0;1;0;1;0;0;0;0;1;0;0;0
50243;SESTRICA;21;0;2;8;0;2;9;2;8;1;9;1;6;0;4;0;0;2;0;0;2;2;2
50244;SIERRA DE LUNA;7;1;0;2;1;1;2;1;1;0;5;0;9;0;8;0;0;1;0;2;0;1;6
50245;SIGÜES;1;0;0;0;0;1;0;0;0;0;1;0;1;0;1;0;0;0;0;0;0;1;0
50246;SISAMON;4;0;0;2;0;0;2;0;1;2;1;0;0;0;0;0;0;0;0;0;0;0;0
50247;SOBRADIEL;42;5;5;8;1;9;14;2;6;3;29;2;20;0;6;0;0;14;0;0;4;0;16
50248;SOS DEL REY CATOLICO;5;0;0;2;0;1;2;1;0;1;3;0;20;1;7;1;2;9;0;0;0;0;20
50249;TABUENCA;6;0;0;5;0;0;1;2;1;1;2;0;4;0;2;0;0;2;0;2;0;0;2
50250;TALAMANTES;3;0;0;0;0;1;2;0;0;0;3;0;0;0;0;0;0;0;0;0;0;0;0
50251;TARAZONA;538;22;79;97;18;116;206;28;122;27;335;26;594;1;322;7;4;254;6;2;448;7;137
50252;TAUSTE;275;15;38;49;18;71;84;56;72;9;114;24;244;5;145;7;4;75;8;32;134;16;62
50253;TERRER;37;2;5;16;1;5;8;5;6;6;20;0;0;0;0;0;0;0;0;0;0;0;0
50254;TIERGA;7;0;0;0;1;0;6;0;3;0;4;0;1;0;0;1;0;0;0;0;1;0;0
50255;TOBED;4;0;1;1;0;0;2;0;0;0;4;0;2;0;1;0;0;1;0;0;0;0;2
50256;TORRALBA DE LOS FRAILES;1;0;1;0;0;0;0;0;0;0;1;0;0;0;0;0;0;0;0;0;0;0;0
50257;TORRALBA DE RIBOTA;8;0;2;2;0;0;4;2;2;0;4;0;1;0;1;0;0;0;0;0;1;0;0
50258;TORRALBILLA;1;0;0;0;0;1;0;0;0;0;1;0;2;0;0;0;0;2;0;0;0;0;2
50259;TORREHERMOSA;2;0;0;0;1;0;1;0;0;0;2;0;0;0;0;0;0;0;0;0;0;0;0
50260;TORRELAPAJA;0;0;0;0;0;0;0;0;0;0;0;0;0;0;0;0;0;0;0;0;0;0;0
50261;TORRELLAS;8;1;1;3;0;2;1;1;0;1;6;0;0;0;0;0;0;0;0;0;0;0;0
50262;TORRES DE BERRELLEN;62;3;9;5;4;15;26;2;5;2;46;7;75;1;62;0;0;12;0;10;7;10;48
50263;TORRIJO DE LA CAÑADA;7;0;1;1;0;2;3;0;0;1;6;0;0;0;0;0;0;0;0;0;0;0;0
50264;TOSOS;4;0;0;0;0;2;2;0;0;1;3;0;2;0;2;0;0;0;0;2;0;0;0
50265;TRASMOZ;2;0;0;1;0;1;0;0;0;0;2;0;0;0;0;0;0;0;0;0;0;0;0
50266;TRASOBARES;1;0;0;0;0;0;1;0;0;0;1;0;0;0;0;0;0;0;0;0;0;0;0
50267;UNCASTILLO;11;0;0;3;0;4;4;1;2;1;7;0;37;1;15;0;0;21;0;0;1;0;36
50268;UNDUES DE LERDA;1;0;0;1;0;0;0;0;0;0;1;0;0;0;0;0;0;0;0;0;0;0;0
50269;URREA DE JALON;25;1;5;6;2;5;6;2;4;3;10;6;3;0;0;0;0;3;0;0;0;0;3
50270;URRIES;0;0;0;0;0;0;0;0;0;0;0;0;0;0;0;0;0;0;0;0;0;0;0
50271;USED;2;0;0;1;1;0;0;0;0;0;2;0;1;0;1;0;0;0;0;1;0;0;0
50272;UTEBO;850;45;107;135;36;230;297;24;122;51;585;68;482;11;281;11;3;171;5;45;136;50;251
50273;VALDEHORNA;0;0;0;0;0;0;0;0;0;0;0;0;0;0;0;0;0;0;0;0;0;0;0
50274;VAL DE SAN MARTIN;0;0;0;0;0;0;0;0;0;0;0;0;0;0;0;0;0;0;0;0;0;0;0
50275;VALMADRID;2;0;1;0;0;0;1;0;0;0;2;0;2;0;0;1;0;0;1;0;1;0;1
50276;VALPALMAS;3;0;0;1;0;1;1;1;0;0;2;0;0;0;0;0;0;0;0;0;0;0;0
50277;VALTORRES;6;0;0;2;0;1;3;1;0;0;5;0;0;0;0;0;0;0;0;0;0;0;0
50278;VELILLA DE EBRO;9;0;1;1;0;3;4;0;1;1;7;0;0;0;0;0;0;0;0;0;0;0;0
50279;VELILLA DE JILOCA;4;0;3;0;0;0;1;1;0;0;2;1;1;0;1;0;0;0;0;0;1;0;0
50280;VERA DE MONCAYO;10;0;3;5;0;0;2;1;4;1;3;1;3;0;2;0;0;1;0;0;0;0;3
50281;VIERLAS;2;0;1;0;0;0;1;1;0;0;0;1;2;0;2;0;0;0;0;2;0;0;0
50282;VILUEÑA, LA;3;0;1;0;0;1;1;0;0;0;3;0;2;0;2;0;0;0;0;2;0;0;0
50283;VILLADOZ;3;0;1;0;0;1;1;2;1;0;0;0;1;0;1;0;0;0;0;0;0;0;1
50284;VILLAFELICHE;4;0;0;2;0;0;2;1;0;0;3;0;0;0;0;0;0;0;0;0;0;0;0
50285;VILLAFRANCA DE EBRO;38;2;5;5;1;10;15;1;6;1;27;3;5;0;0;0;0;3;2;0;0;0;5
50286;VILLALBA DE PEREJIL;5;0;0;3;0;0;2;0;1;1;3;0;0;0;0;0;0;0;0;0;0;0;0
50287;VILLALENGUA;12;0;4;3;0;1;4;2;1;0;8;1;1;0;1;0;0;0;0;1;0;0;0
50288;VILLANUEVA DE GALLEGO;203;9;21;44;7;36;86;5;36;8;143;11;225;5;144;18;4;41;13;2;52;6;165
50289;VILLANUEVA DE JILOCA;0;0;0;0;0;0;0;0;0;0;0;0;0;0;0;0;0;0;0;0;0;0;0
50290;VILLANUEVA DE HUERVA;20;0;1;9;2;0;8;4;2;2;11;1;5;0;3;0;0;2;0;2;0;1;2
50291;VILLAR DE LOS NAVARROS;1;0;0;0;0;1;0;0;0;0;1;0;1;0;1;0;0;0;0;0;0;0;1
50292;VILLARREAL DE HUERVA;14;0;5;0;1;5;3;5;3;1;5;0;22;0;19;0;0;3;0;18;0;3;1
50293;VILLARROYA DE LA SIERRA;18;2;3;10;0;1;2;3;1;1;13;0;4;0;2;0;0;2;0;0;1;0;3
50294;VILLARROYA DEL CAMPO;1;0;0;0;0;1;0;0;0;0;1;0;1;0;0;0;0;0;1;0;0;0;1
50295;VISTABELLA;1;0;0;1;0;0;0;0;1;0;0;0;0;0;0;0;0;0;0;0;0;0;0
50296;ZAIDA, LA;14;1;1;2;0;3;7;0;2;0;12;0;11;1;3;0;1;5;1;1;1;0;9
50297;ZARAGOZA;37520;1774;5645;7644;1735;9221;11501;1095;3769;2374;26785;3497;25582;633;11009;528;635;12301;476;202;3856;1023;20501
50298;ZUERA;329;17;44;60;21;97;90;14;47;17;230;21;247;7;144;16;3;72;5;3;93;4;147
50901;BIEL;4;0;0;0;1;1;2;1;0;0;3;0;0;0;0;0;0;0;0;0;0;0;0
50902;MARRACOS;1;0;0;0;0;1;0;0;0;0;1;0;11;0;11;0;0;0;0;0;11;0;0
50903;VILLAMAYOR DE GÁLLEGO;82;5;14;14;9;9;31;2;9;7;58;6;32;0;13;1;0;15;3;0;1;2;29
