ID_MUNICIPIO;V_BLANCOS_2015;PARTICIPACION_2015
04001;6;74.97691597414588
04002;1;71.96613358419567
04003;57;62.94845954506191
04004;2;74.58432304038006
04005;1;75.90987868284229
04006;33;68.74287343215506
04007;0;75.13586956521739
04008;3;83.8323353293413
04009;0;75.14792899408283
04010;2;81.00172711571675
04011;14;80.20014295925661
04012;1;89.00523560209425
04013;669;67.46435556563395
04014;0;77.12418300653596
04015;1;75.38461538461539
04016;8;73.81174277726001
04017;5;67.71714066102997
04018;0;89.41605839416059
04019;0;79.2828685258964
04020;1;71.23287671232876
04021;1;79.14438502673798
04022;1;69.82758620689656
04023;1;74.82014388489209
04024;18;76.58102766798419
04026;0;85.71428571428571
04027;1;65.46184738955823
04028;0;87.61061946902655
04029;53;68.67334308540565
04030;8;72.63157894736842
04031;7;75.92200084781688
04032;19;67.58829825187298
04033;3;71.94244604316546
04034;3;62.42774566473989
04035;28;72.58507462686568
04036;2;77.19298245614034
04037;6;77.66768292682927
04038;20;70.7436399217221
04041;6;75.78616352201259
04043;3;85.34798534798534
04044;9;80.57877813504824
04045;9;78.89701744513225
04046;6;76.33410672853829
04047;13;83.66988586479368
04048;7;73.45309381237524
04049;20;69.28030303030303
04050;3;71.92771084337349
04051;0;84.77272727272728
04052;84;68.53666503348032
04053;66;73.98037784804995
04054;1;81.81818181818183
04055;0;84.67741935483872
04056;0;83.6734693877551
04057;2;70.38145100972326
04058;2;79.13279132791328
04059;7;68.36363636363636
04060;2;77.46781115879828
04061;5;80.09708737864078
04062;20;79.726148409894
04063;2;77.07006369426752
04064;8;73.11982727599856
04065;2;79.23497267759562
04066;65;63.736830472261104
04067;0;73.97260273972603
04068;0;81.02564102564102
04069;29;77.6001705029838
04070;7;75.97042513863215
04071;2;82.1608040201005
04072;14;79.42122186495176
04073;2;69.57831325301204
04074;24;69.4591728525981
04075;19;73.21428571428571
04076;7;77.54629629629629
04077;2;91.41914191419141
04078;7;71.59817351598173
04079;200;66.65748031496062
04080;2;81.85840707964603
04081;2;81.46067415730337
04082;0;68.62745098039215
04083;8;77.31843575418993
04084;1;78.33827893175074
04085;0;76.45569620253164
04086;8;70.92633928571429
04087;1;74.07407407407408
04088;10;69.37373737373737
04089;6;71.84986595174263
04090;1;78.31715210355988
04091;4;81.87134502923976
04092;13;76.85834502103786
04093;10;67.57478632478633
04094;1;67.46411483253588
04095;2;64.18732782369146
04096;0;75.91240875912408
04097;0;77.16535433070865
04098;8;75.2765126870527
04099;26;75.86206896551724
04100;30;63.647842056932966
04101;22;69.32056969413962
04102;114;65.45997523490422
04103;6;71.10960757780785
04901;0;71.98515769944342
04902;249;62.64738941661341
04903;35;66.65132336018412
04904;15;67.36782262649233
11001;17;67.37491432488005
11002;15;75.69395847912293
11003;12;71.41732283464567
11004;581;62.31084329191916
11005;21;70.24122807017544
11006;176;67.94400914136467
11007;181;60.05766245287203
11008;151;67.58304696449026
11009;5;70.7641196013289
11010;63;68.89408099688474
11011;14;73.4004739336493
11012;590;72.40792355166235
11013;16;72.59036144578313
11014;166;67.0299565243285
11015;407;64.71597927394646
11016;124;66.83467741935483
11017;28;74.49329591518553
11018;10;74.68013468013469
11019;5;77.21311475409836
11020;1184;68.8422007255139
11021;52;71.21145049431902
11022;277;54.422075525851824
11023;86;74.7273893521488
11024;33;75.93170007423905
11025;29;72.63157894736842
11026;31;74.5420482930891
11027;400;68.62961329216292
11028;274;71.28673306283045
11029;27;57.27958770476717
11030;145;67.45481663449728
11031;568;67.82033171140061
11032;371;60.17291921778174
11033;171;64.92562460886728
11034;10;68.4861407249467
11035;93;66.32765863365023
11036;13;63.25648414985591
11037;20;79.09475167312434
11038;121;76.74418604651163
11039;98;66.54719235364396
11040;3;81.90954773869346
11041;85;71.45900974025975
11042;5;73.75946173254836
11901;84;73.09393242526092
11902;17;67.17325227963525
14001;28;80.54617117117117
14002;72;75.16208565427814
14003;6;77.5494071146245
14004;6;73.7721021611002
14005;56;68.87385970430952
14006;7;87.60330578512396
14007;81;72.78947368421052
14008;11;71.50818530128875
14009;13;69.8452680820439
14010;17;74.12984448284374
14011;3;81.67808219178082
14012;27;73.89337641357028
14013;146;74.7937073315524
14014;8;81.86770428015564
14015;13;76.17496510004653
14016;3;76.75953079178885
14017;72;74.7998895942589
14018;28;77.68194070080862
14019;46;79.19432011112826
14020;3;71.0997442455243
14021;1934;72.61605986417565
14022;9;79.26164519326065
14023;13;85.35031847133759
14024;10;79.27083333333333
14025;10;83.38983050847457
14026;13;69.31982633863966
14027;57;76.94739504299444
14028;2;76.875
14029;32;75.36852116024727
14030;66;77.14452214452214
14031;0;82.07705192629817
14032;3;81.64705882352942
14033;11;76.26459143968872
14034;2;81.76100628930818
14035;44;74.68291054739653
14036;53;77.27634722590922
14037;20;74.04306220095694
14038;209;71.29296438764115
14039;11;81.84931506849315
14040;23;80.0632911392405
14041;26;75.59748427672956
14042;184;78.4419428148618
14043;46;73.55426458938473
14044;9;79.12561576354679
14045;13;81.37479541734861
14046;22;78.94736842105263
14047;17;73.82103990326482
14048;11;80.18242122719734
14049;127;74.62248578590206
14050;11;78.61609003751563
14051;5;78.15845824411134
14052;49;66.15856885783846
14053;56;74.34710743801652
14054;103;79.93413830954994
14055;167;73.15851819944001
14056;128;72.06199974590268
14057;56;80.83550065019506
14058;49;73.49805593879343
14059;5;79.97138769670958
14060;43;76.12278533168521
14061;2;80.15873015873017
14062;4;77.28136882129277
14063;4;75.39906103286384
14064;2;76.13293051359517
14065;12;78.50617947340139
14066;29;74.12563667232598
14067;29;78.291171915333
14068;6;75.22935779816514
14069;48;73.96496815286623
14070;9;76.39612807148175
14071;2;69.47705442902881
14072;5;77.2937905468026
14073;15;71.3103448275862
14074;13;84.23795049934868
14075;6;79.69018932874354
18001;2;69.53125
18002;1;79.50089126559715
18003;82;74.29040079874483
18004;3;70.58011049723757
18005;2;70.93333333333334
18006;29;67.6760394136025
18007;3;67.13375796178343
18010;4;82.2380106571936
18011;10;72.57579264059245
18012;15;71.67381974248927
18013;19;73.37110481586402
18014;44;72.50470809792844
18015;0;76.2979683972912
18016;0;73.9938080495356
18017;101;66.45938806955756
18018;0;76.5625
18020;7;71.20490129339687
18021;101;71.17070654976793
18022;51;68.87870133774237
18023;92;71.4322023128733
18024;8;77.19298245614034
18025;0;73.46938775510205
18027;19;72.05308352849336
18028;2;83.5978835978836
18029;9;68.30332787779597
18030;3;73.28767123287672
18032;0;74.47698744769873
18033;1;74.82993197278913
18034;1;76.66666666666667
18035;4;76.81274900398407
18036;18;77.07006369426752
18037;1;77.54716981132076
18038;2;78.42401500938087
18039;34;71.78329571106094
18040;0;63.11111111111111
18042;0;82.6086956521739
18043;0;73.64341085271317
18044;0;64.80446927374301
18045;10;69.88685813751087
18046;8;65.6132833422603
18047;32;68.41032608695652
18048;8;76.31799163179916
18049;3;73.90599675850892
18050;5;74.28404441846872
18051;7;71.80156657963447
18053;9;65.02699460107978
18054;2;72.58064516129032
18056;25;76.61495063469675
18057;33;75.39426182785483
18059;23;74.01878160366
18061;1;77.62039660056658
18062;67;73.64536803262769
18063;6;64.65155331654073
18064;1;81.26649076517151
18065;1;80.47999999999999
18066;4;73.33965844402277
18067;0;72.71448663853727
18068;5;78.79948914431672
18069;3;74.2393509127789
18070;0;78.79858657243817
18071;33;75.60451370231058
18072;4;72.22222222222221
18074;2;79.48717948717949
18076;0;70.79754601226995
18078;4;80.24357239512855
18079;16;77.08513708513709
18082;4;72.20299884659747
18083;1;78.94736842105263
18084;24;75.42111506524319
18085;2;67.07818930041152
18086;0;80.28169014084507
18087;836;74.79729327700639
18088;5;71.52956298200515
18089;64;69.31667988369018
18093;10;68.05959302325581
18094;22;77.5638342402679
18095;5;75.85502807554874
18096;1;76.0233918128655
18097;1;73.5355648535565
18098;22;70.81238851953948
18099;10;80.3921568627451
18100;57;73.56159093834471
18101;55;75.25639641584799
18102;41;68.64909781576448
18103;6;78.42105263157895
18105;19;69.67897977132806
18107;6;74.04737384140063
18108;0;78.32167832167832
18109;2;70.2838063439065
18111;14;74.58986511119213
18112;1;67.17557251908397
18114;2;72.08201892744479
18115;16;73.46938775510205
18116;19;77.8972935461485
18117;4;78.3625730994152
18119;13;78.25332562174667
18120;2;80.74074074074075
18121;1;76.51515151515152
18122;106;72.16622348648815
18123;2;77.81569965870307
18124;1;69.72010178117048
18126;7;73.07949231796927
18127;97;72.3381164837815
18128;0;72.96511627906976
18132;14;77.95893719806763
18133;7;79.14951989026063
18134;25;68.86938564790914
18135;14;66.44119572332534
18136;7;78.77333333333333
18137;6;75.42288557213931
18138;8;69.33924254633361
18140;194;66.91991645052447
18141;1;68.11594202898551
18143;2;79.7752808988764
18144;3;76.21483375959079
18145;56;75.04792944785275
18146;6;75.6701030927835
18147;10;64.7027316550616
18148;1;81.92918192918192
18149;29;76.22175004829052
18150;28;72.18424962852897
18151;0;75.38461538461539
18152;1;73.2409381663113
18153;39;73.58974358974359
18154;2;70.47244094488188
18157;8;74.44345503116652
18158;38;66.65080875356803
18159;3;80.37661050545094
18161;1;83.63636363636363
18162;0;78.23343848580441
18163;1;73.76543209876543
18164;11;69.52484980884762
18165;23;71.19709794437726
18167;8;69.63626779124934
18168;5;72.80593325092707
18170;1;67.55952380952381
18171;14;77.24917569477155
18173;50;70.38315883270216
18174;2;80.09049773755656
18175;41;73.54611149346181
18176;3;69.37984496124031
18177;3;60.65573770491803
18178;2;76.85060565275909
18179;1;69.23076923076923
18180;2;70.99841521394612
18181;0;71.30044843049326
18182;3;70.6618030224075
18183;3;70.9090909090909
18184;4;76.87673772011121
18185;1;82.91366906474819
18187;1;74.50980392156863
18188;8;76.06577344701584
18189;7;77.59067357512953
18192;3;79.52910398953564
18193;91;72.4249682964633
18194;6;69.09851301115242
18901;1;70.1171875
18902;10;80.28335301062573
18903;1;72.86995515695067
18904;1;73.17073170731707
18905;82;69.9103448275862
18906;2;74.2639040348964
18907;5;79.72027972027972
18908;2;78.63354037267081
18909;0;78.43803056027164
18910;5;71.3574097135741
18911;44;72.49729437229438
18912;7;68.61559139784946
18913;2;75.42787286063569
18914;8;78.64897466827503
21001;4;73.91975308641975
21002;80;71.27313004951785
21003;1;76.69064748201438
21004;10;65.20414381474711
21005;64;66.57626243058246
21006;13;70.48794826572605
21007;45;68.76905793612582
21008;14;69.38392186326071
21009;6;66.3953488372093
21010;92;59.69763007354945
21011;19;73.21016166281755
21012;0;72.67080745341616
21013;69;68.13249032745117
21014;15;79.26255877258104
21015;6;62.225475841874086
21016;2;75.14506769825918
21017;17;63.16222893219874
21018;10;64.71910112359551
21019;4;73.38983050847457
21020;2;64.78494623655914
21021;94;61.72647756069648
21022;1;66.0919540229885
21023;6;64.22915696320447
21024;5;70.70707070707071
21025;25;66.23857742652507
21026;1;68.14814814814815
21027;1;73.46938775510205
21028;0;76.11548556430446
21029;16;74.55242966751918
21030;11;81.74342105263158
21031;3;69.89247311827957
21032;15;76.34349030470914
21033;0;74.44029850746269
21034;8;70.25683512841756
21035;69;66.50384535439618
21036;1;71.875
21037;2;77.11864406779661
21038;8;67.65249537892791
21039;2;72.40259740259741
21040;15;75.55414819506016
21041;718;65.9325375867047
21042;106;50.83067300801355
21043;13;72.98170075349839
21044;106;61.64539653600729
21045;0;75.8893280632411
21046;15;70.46388725778039
21047;19;63.37513061650992
21048;3;72.1311475409836
21049;15;64.11625148279953
21050;86;67.7297557840617
21051;1;71.83673469387755
21052;20;61.43352100476397
21053;25;68.06393244873341
21054;41;74.3368291178285
21055;34;76.45357246167197
21056;20;72.6304945054945
21057;8;61.33971291866028
21058;8;73.17448116833205
21059;3;75.9090909090909
21060;103;63.25779747470525
21061;32;68.16575019638648
21062;9;67.0967741935484
21063;12;78.19433817903597
21064;51;69.62917560527121
21065;0;70.38327526132404
21066;1;80.4733727810651
21067;0;74.4578313253012
21068;14;60.72144288577155
21069;7;69.15451895043732
21070;38;70.67979669631512
21071;2;78.43137254901961
21072;76;76.54669260700389
21073;12;60.609299839657936
21074;18;70.26315789473684
21075;2;76.92307692307693
21076;13;72.96278850682995
21077;5;73.2288037166086
21078;12;69.77922547955122
21079;3;71.9562243502052
23001;1;83.18227593152065
23002;92;75.63896848137536
23003;42;74.86508209897806
23004;0;80.45977011494253
23005;176;71.51511182422476
23006;25;81.12597066436584
23007;8;76.75693101225016
23008;18;78.06324110671937
23009;64;76.06870822322401
23010;65;71.31723610048013
23011;11;73.6890104879161
23012;22;72.20493176921235
23014;8;77.39164388910582
23015;3;76.16654702081837
23016;3;81.56565656565657
23017;4;79.86111111111111
23018;5;72.14101461736887
23019;4;79.96158770806659
23020;5;86.86868686868688
23021;0;85.60606060606061
23024;79;75.0559462915601
23025;7;77.71062922147173
23026;11;74.91749174917491
23027;8;79.36726272352132
23028;33;74.88312107044979
23029;2;73.88758782201405
23030;10;82.79220779220779
23031;9;88.1491344873502
23032;1;80.17391304347827
23033;8;79.64601769911505
23034;18;77.67787333854574
23035;8;79.54337899543378
23037;1;82.75193798449612
23038;11;80.15181332583637
23039;8;74.68468468468468
23040;4;82.33713901947615
23041;1;78.57142857142857
23042;1;73.57859531772574
23043;0;73.04189435336977
23044;26;78.41964101506086
23045;9;72.9312762973352
23046;3;81.62162162162161
23047;9;80.03663003663004
23048;1;73.95348837209302
23049;7;75.46346782988005
23050;549;74.27346773221079
23051;9;81.75235336712528
23052;6;85.85237258347979
23053;49;71.205122821751
23054;0;72.25130890052355
23055;213;69.94791337171296
23056;14;76.09395109395109
23057;4;84.04669260700389
23058;47;76.75706866705136
23059;33;76.81010928961749
23060;133;70.82006577230256
23061;55;72.88563829787233
23062;1;81.3141683778234
23063;24;76.3068920676203
23064;1;82.45931283905968
23065;0;76.32729544034979
23066;46;80.6672760511883
23067;18;75.09039775010045
23069;15;81.81987000928505
23070;11;64.84355125922157
23071;7;77.37268518518519
23072;6;79.57042957042957
23073;11;75.18648530057042
23074;12;78.15181518151815
23075;21;79.54203073214823
23076;4;80.28673835125448
23077;3;80.84772370486655
23079;26;80.20358960621485
23080;6;75.41993281075028
23081;6;74.0620957309185
23082;6;73.8045738045738
23084;6;74.60650577124869
23085;3;80.64232292124946
23086;91;72.47984744734333
23087;64;75.48837620436666
23088;31;77.79229261920314
23090;8;81.83890577507599
23091;5;82.0754716981132
23092;143;74.51107509454349
23093;21;77.80165796745472
23094;17;80.39979231568016
23095;34;72.1414673228797
23096;14;82.25501324252743
23097;30;66.9200930954228
23098;2;83.2
23099;23;74.12336290663288
23101;0;72.42268041237114
23901;5;84.3103448275862
23902;9;80.66179630425441
23903;19;77.2394366197183
23904;14;62.552594670406734
23905;7;72.59537882858677
29001;26;78.0743565300286
29002;6;71.07231920199501
29003;1;77.54491017964071
29004;2;73.17073170731707
29005;22;67.84891754951636
29006;3;70.88235294117648
29007;179;71.58753980746
29008;90;68.45471425624098
29009;3;75.35545023696683
29010;1;80.14397120575885
29011;5;67.19178082191782
29012;58;71.9815668202765
29013;6;79.52853598014889
29014;1;63.013698630136986
29015;188;72.63831388784342
29016;1;74.30830039525692
29017;25;75.65809379727685
29018;15;76.9990128331688
29019;0;76.01351351351352
29020;17;77.51914241960183
29021;13;70.37037037037037
29022;1;77.29729729729729
29023;2;67.65999022960429
29024;4;68.95674300254453
29025;160;68.70186176995664
29026;4;72.86384976525821
29027;6;74.13572343149808
29028;4;70.53642914331465
29029;4;76.66666666666667
29030;2;80.716934487021
29031;6;68.27924066135947
29032;26;79.62134764460346
29033;2;71.37809187279152
29034;0;77.46781115879828
29035;0;76.74858223062382
29036;3;75.62893081761007
29037;1;78.30188679245283
29038;124;66.29450299060096
29039;22;73.17806160781367
29040;12;67.26069246435846
29041;26;71.55117609663064
29042;75;70.25145617275182
29043;17;66.7598881342389
29044;3;68.68064118372381
29045;4;73.11572700296736
29046;17;73.38289962825279
29047;4;81.9628647214854
29048;9;81.79271708683473
29049;25;73.7864077669903
29050;1;73.6470588235294
29051;229;67.58040844755105
29052;0;68.58407079646017
29053;17;69.21269095182139
29054;205;69.77654698242934
29055;13;78.26327433628319
29056;8;73.62240289069557
29057;2;75.79787234042553
29058;6;67.39576213260425
29059;11;81.08108108108108
29060;0;74.22096317280453
29061;4;81.82711198428291
29062;0;85.71428571428571
29063;2;75.89285714285714
29064;2;73.51778656126481
29065;1;69.0721649484536
29066;2;72.83236994219652
29067;2117;69.6715869764814
29068;43;66.52142338416849
29069;443;66.09166442056414
29070;203;67.62959436774986
29071;6;68.23027718550107
29072;11;75.87692307692308
29073;5;72.17948717948718
29074;4;77.96178343949045
29075;55;67.02439777640518
29076;8;69.71798428109108
29077;0;75.0
29079;3;76.92307692307693
29080;44;71.77804295942721
29081;1;79.45736434108527
29082;127;73.49309633391525
29083;10;75.07095553453169
29084;192;69.71124009783522
29085;1;65.56291390728477
29086;3;62.51572327044025
29087;1;74.47368421052632
29088;21;70.95588235294117
29089;10;75.75291948371236
29090;10;68.89671361502347
29091;57;71.79344189159045
29092;4;74.60317460317461
29093;12;75.57046979865771
29094;280;68.73309720307783
29095;17;75.31343283582089
29096;19;73.59230220955097
29097;43;72.77143551129464
29098;12;78.83850437549722
29099;3;77.1875
29100;12;72.83545342634386
29901;188;69.55115708355312
29902;13;67.7734375
29903;2;75.04761904761905
29904;2;84.81308411214953
41001;5;79.02316844082655
41002;12;73.85976855003403
41003;8;76.84346701164296
41004;515;70.76319139906634
41005;58;74.87026609252511
41006;13;69.67153284671534
41007;90;69.04569675440013
41008;3;77.14016933207903
41009;5;65.98860862489829
41010;19;72.89485662266728
41011;114;74.87495940240338
41012;15;69.02008520998174
41013;22;72.09830648492358
41014;8;78.92430278884463
41015;38;71.54425612052731
41016;50;74.87004103967169
41017;99;73.57161838958278
41018;45;73.73024236037935
41019;34;70.19767941555651
41020;92;68.5208203853325
41021;152;70.73744646806908
41022;30;67.86046511627907
41023;34;73.89821947215557
41024;137;69.46430147383285
41025;17;71.3375796178344
41026;18;82.10404624277456
41027;28;70.18523217457499
41028;11;79.85794013191273
41029;84;74.34254637562393
41030;2;79.26356589147287
41031;8;66.66666666666666
41032;17;73.2271709380443
41033;25;71.63857310858486
41034;189;69.1876872313637
41035;5;79.76618705035972
41036;14;71.66960463359355
41037;18;77.20886668748048
41038;727;71.87189497877294
41039;196;73.37248216202563
41040;53;76.44798770531169
41041;39;78.20999692086626
41042;37;78.59577368779823
41043;3;69.0251572327044
41044;40;75.2435064935065
41045;49;71.6820316576796
41046;12;80.07954922108055
41047;80;76.918500892326
41048;22;72.41532976827094
41049;63;76.84119987098161
41050;37;79.93408297789841
41051;8;76.036866359447
41052;8;75.31603459747173
41053;121;75.390551477508
41054;2;85.31976744186046
41055;82;69.24511959490972
41056;21;83.14819832023842
41057;0;70.18181818181817
41058;133;75.02311604253352
41059;230;76.98737381169614
41060;91;69.44826232083251
41061;5;79.75653742110009
41062;10;80.76062639821029
41063;21;72.38166231830041
41064;42;67.23799321549724
41065;172;69.67377995452159
41066;7;74.76155539251651
41067;46;73.75966268446943
41068;75;73.62345856036708
41069;355;71.64430684554523
41070;44;74.80484969274207
41071;17;70.711743772242
41072;18;76.8756169792695
41073;9;69.62099125364432
41074;8;77.87668974612595
41075;55;72.24449877750612
41076;19;66.02564102564102
41077;28;73.59074243813015
41078;5;74.86122125297383
41079;68;76.11045702665096
41080;8;75.11811023622047
41081;218;74.1702098477575
41082;12;81.84731934731934
41083;3;77.38301559792028
41084;15;77.36842105263158
41085;31;78.87909936368087
41086;93;66.71842007204074
41087;51;70.18231719270732
41088;0;73.55212355212355
41089;51;73.17035670356704
41090;17;78.33945213216606
41091;3487;74.02773062104191
41092;57;73.75145180023229
41093;117;79.44501541623843
41094;36;75.15903307888041
41095;302;70.46454529985171
41096;39;78.02465131365554
41097;19;74.60925039872409
41098;24;75.96930533117933
41099;19;64.95747873936969
41100;5;75.1219512195122
41101;27;75.08428860418071
41102;148;74.50632046463956
41901;31;83.03437967115097
41902;20;65.2620320855615
41903;43;73.0102267674522
22001;0;73.45132743362832
22002;0;86.23853211009175
22003;0;83.21678321678321
22004;0;58.08823529411765
22006;1;72.81879194630872
22007;13;76.16060225846925
22008;3;79.76878612716763
22009;5;74.79806138933765
22011;1;78.65168539325843
22012;0;75.67567567567568
22013;2;79.66101694915254
22014;2;75.10204081632654
22015;3;73.4567901234568
22016;8;72.92006525285481
22017;7;76.1574074074074
22018;3;73.19277108433735
22019;0;86.66666666666667
22020;2;78.94736842105263
22021;14;75.38071065989847
22022;2;77.24014336917563
22023;2;76.51162790697674
22024;0;77.33333333333333
22025;13;67.78711484593838
22027;0;67.07692307692308
22028;1;78.3641160949868
22029;2;79.52755905511812
22032;0;69.1588785046729
22035;3;70.08196721311475
22036;0;90.10989010989012
22037;1;81.89655172413794
22039;5;78.48101265822784
22040;2;83.1081081081081
22041;4;77.91411042944786
22042;1;86.4406779661017
22043;0;75.53191489361703
22044;3;75.19685039370079
22045;0;74.15730337078652
22046;6;78.10810810810811
22047;2;86.23481781376519
22048;90;72.94387714715428
22049;1;78.2051282051282
22050;0;87.64044943820225
22051;1;83.16831683168317
22052;9;78.87473460721868
22053;12;68.7420584498094
22054;20;73.02204928664072
22055;5;77.53846153846153
22057;1;71.42857142857143
22058;2;80.0
22059;7;73.79067722075638
22060;3;75.9656652360515
22061;38;71.74270755422589
22062;3;69.75308641975309
22063;2;80.0
22064;1;69.6969696969697
22066;8;72.41867043847242
22067;1;69.23076923076923
22068;3;79.26829268292683
22069;3;78.16091954022988
22072;1;77.08333333333334
22074;3;72.6984126984127
22075;2;65.07936507936508
22076;0;73.44262295081967
22077;5;77.42782152230971
22078;6;71.30242825607064
22079;2;72.88135593220339
22080;6;76.67844522968198
22081;1;71.03174603174604
22082;2;74.49664429530202
22083;1;84.38818565400844
22084;3;77.34082397003745
22085;2;85.98130841121495
22086;4;75.34883720930232
22087;1;66.66666666666666
22088;1;73.88535031847134
22089;6;72.06349206349206
22090;0;73.52941176470588
22094;1;76.23762376237624
22095;1;65.75342465753424
22096;0;83.5016835016835
22099;4;77.14285714285715
22102;1;86.95652173913044
22103;8;77.5
22105;1;73.72881355932203
22106;0;70.83333333333334
22107;2;64.22764227642277
22109;2;78.11320754716982
22110;3;74.96671105193076
22111;0;75.0
22112;76;71.6326105087573
22113;3;73.27935222672065
22114;4;65.04065040650406
22115;4;74.17582417582418
22116;12;72.62647262647263
22117;16;71.60592711253504
22119;3;73.30246913580247
22122;1;79.03225806451613
22124;1;70.09803921568627
22125;283;72.82018277770626
22126;0;71.42857142857143
22127;3;76.63366336633663
22128;1;78.07486631016043
22129;2;69.94535519125684
22130;57;68.84029289530972
22131;3;75.90361445783132
22133;4;76.06837606837607
22135;0;76.04166666666666
22136;6;73.12883435582822
22137;6;68.0672268907563
22139;0;78.3132530120482
22141;1;76.27118644067797
22142;1;82.6530612244898
22143;3;69.01408450704226
22144;0;78.62903225806451
22149;2;78.1456953642384
22150;1;75.0
22151;0;73.11827956989248
22155;2;75.32467532467533
22156;3;76.51515151515152
22157;1;77.83505154639175
22158;78;71.87005414410662
22160;3;77.03349282296651
22162;0;78.29457364341084
22163;3;84.50704225352112
22164;1;74.28571428571429
22165;2;76.53061224489795
22167;7;79.71887550200803
22168;1;75.0
22170;4;80.68535825545172
22172;2;71.25
22173;0;67.52136752136752
22174;6;82.4742268041237
22175;0;71.06598984771574
22176;1;80.45977011494253
22177;2;75.49019607843137
22178;1;83.65384615384616
22181;1;66.66666666666666
22182;2;69.140625
22184;2;82.97872340425532
22186;3;74.73118279569893
22187;1;78.32167832167832
22188;1;75.86206896551724
22189;1;76.08695652173914
22190;2;73.45132743362832
22193;3;83.03886925795054
22195;2;80.85106382978722
22197;6;78.91440501043841
22199;55;71.47531654573908
22200;0;76.09561752988047
22201;0;70.26022304832715
22202;0;82.35294117647058
22203;0;82.92682926829268
22204;10;74.52054794520548
22205;2;76.95852534562212
22206;2;70.1492537313433
22207;3;71.2
22208;0;79.7752808988764
22209;4;79.87421383647799
22212;1;83.33333333333334
22213;17;73.45658633212281
22214;0;73.4375
22215;0;70.54263565891473
22217;3;77.72151898734178
22218;0;81.3953488372093
22220;2;72.7810650887574
22221;0;75.0
22222;5;74.00379506641366
22223;0;79.74683544303798
22225;24;68.71051653660349
22226;2;76.35658914728683
22227;3;72.51184834123224
22228;3;80.990099009901
22229;0;71.05263157894737
22230;2;77.24137931034483
22232;2;76.04166666666666
22233;0;74.39024390243902
22234;7;74.81296758104739
22235;0;77.0
22236;1;79.51807228915662
22239;4;87.64044943820225
22242;1;70.3125
22243;0;71.11111111111111
22244;0;73.07692307692307
22245;3;84.31372549019608
22246;0;66.23376623376623
22247;0;76.66666666666667
22248;0;77.96610169491525
22249;1;81.5126050420168
22250;5;74.35158501440922
22251;4;76.28032345013477
22252;1;76.22950819672131
22253;0;83.60655737704919
22254;9;71.2134632418069
22901;9;69.09814323607428
22902;1;73.97260273972603
22903;3;82.87461773700305
22904;6;71.8562874251497
22905;2;76.19047619047619
22906;1;81.11111111111111
22907;21;76.2165867032214
22908;1;69.56521739130434
22909;2;74.84276729559748
44001;0;73.52941176470588
44002;0;75.92592592592592
44003;0;84.21052631578947
44004;3;71.08433734939759
44005;2;70.37037037037037
44006;1;75.2
44007;0;67.3913043478261
44008;7;75.35603715170278
44009;5;72.43510506798516
44010;2;69.66292134831461
44011;0;61.40350877192983
44012;2;83.03571428571429
44013;82;73.68046916651856
44014;17;79.36758893280633
44016;7;74.2798353909465
44017;0;77.54385964912281
44018;0;100.0
44019;1;72.05882352941177
44020;1;83.33333333333334
44021;2;77.57009345794393
44022;9;65.91836734693878
44023;0;83.33333333333334
44024;0;85.18518518518519
44025;48;74.06796436819532
44026;0;78.88888888888889
44027;4;75.77639751552795
44028;1;78.53403141361257
44029;5;83.77425044091711
44031;0;64.64646464646465
44032;0;81.25
44033;2;69.17562724014337
44034;2;81.15942028985508
44035;0;69.23076923076923
44036;0;66.66666666666666
44037;5;71.96467991169978
44038;2;77.57009345794393
44039;2;73.97260273972603
44040;3;79.20792079207921
44041;2;85.18518518518519
44042;1;73.22834645669292
44043;1;69.44444444444444
44044;0;76.92307692307693
44045;2;81.69014084507043
44046;2;64.58333333333334
44047;0;62.89592760180995
44048;0;78.46153846153847
44049;8;73.41176470588235
44050;30;68.23266219239373
44051;32;76.70118343195266
44052;0;68.75
44053;0;77.45098039215686
44054;0;82.56880733944955
44055;3;75.36231884057972
44056;4;67.83625730994152
44059;7;79.66728280961183
44060;1;87.5
44061;1;80.28169014084507
44062;0;77.14285714285715
44063;0;78.2051282051282
44064;0;72.85714285714285
44065;1;65.45454545454545
44066;1;75.45454545454545
44067;0;68.37606837606837
44068;4;78.16265060240963
44070;1;85.45454545454545
44071;8;71.78631051752922
44074;5;78.6046511627907
44075;4;79.01234567901234
44076;16;78.7376902417189
44077;0;77.33333333333333
44080;4;75.68493150684932
44082;0;74.72527472527473
44084;0;81.81818181818183
44085;4;76.92307692307693
44086;3;78.36644591611478
44087;3;86.41975308641975
44088;2;86.66666666666667
44089;0;91.30434782608695
44090;0;69.51219512195121
44092;0;66.25
44093;0;78.94736842105263
44094;1;90.2654867256637
44096;0;87.5776397515528
44097;1;60.544217687074834
44099;1;72.59887005649718
44100;0;82.35294117647058
44101;0;74.57627118644068
44102;0;80.64516129032258
44103;0;81.53846153846153
44105;0;77.5
44106;3;79.87421383647799
44107;1;75.0
44108;4;71.90332326283988
44109;1;69.0909090909091
44110;0;88.46153846153845
44111;0;75.0
44112;2;68.7793427230047
44113;0;69.44444444444444
44114;3;76.22950819672131
44115;4;87.73584905660378
44116;1;80.72289156626506
44117;2;80.11527377521614
44118;2;76.96969696969697
44119;2;69.62962962962963
44120;2;63.06306306306306
44121;0;71.66666666666667
44122;12;71.60766961651917
44123;1;65.71428571428571
44124;1;74.35897435897436
44125;0;60.0
44126;7;71.55688622754491
44127;0;69.86301369863014
44128;0;72.46376811594203
44129;0;82.92682926829268
44130;0;70.58823529411765
44131;0;76.92307692307693
44132;1;81.9672131147541
44133;0;73.91304347826086
44135;0;77.39130434782608
44136;1;85.71428571428571
44137;2;77.5609756097561
44138;0;56.42857142857143
44141;1;77.77777777777779
44142;5;75.0
44143;3;79.89690721649485
44144;1;72.93447293447294
44145;7;74.63556851311954
44146;1;90.7514450867052
44147;5;74.46300715990454
44148;3;81.72043010752688
44149;3;71.71717171717171
44150;0;65.625
44151;1;76.96335078534031
44152;1;71.64179104477611
44153;15;66.72185430463577
44154;3;74.32950191570882
44155;7;75.40834845735027
44156;1;71.73913043478261
44157;0;63.07692307692307
44158;12;76.75213675213676
44159;0;87.17948717948718
44160;5;68.82845188284519
44161;3;72.48322147651007
44163;0;73.4375
44164;0;84.61538461538461
44165;1;83.15217391304348
44167;0;81.57894736842105
44168;3;71.72774869109948
44169;3;76.35327635327636
44171;1;74.31693989071039
44172;6;69.6774193548387
44173;0;84.15841584158416
44174;2;73.0232558139535
44175;2;75.20661157024794
44176;0;79.375
44177;1;69.36936936936937
44178;0;75.0
44179;2;66.3768115942029
44180;1;80.28169014084507
44181;1;80.76923076923077
44182;3;79.89690721649485
44183;0;58.44155844155844
44184;0;62.5
44185;0;74.03846153846155
44187;1;74.37185929648241
44189;1;68.96551724137932
44190;0;73.61111111111111
44191;7;77.17250324254216
44192;0;76.92307692307693
44193;1;75.60975609756098
44194;0;71.17117117117117
44195;2;66.30434782608695
44196;1;76.11940298507463
44197;0;58.620689655172406
44198;3;80.74866310160428
44199;1;83.72093023255815
44200;0;55.00000000000001
44201;2;83.29979879275655
44203;0;80.0
44204;0;88.0
44205;6;66.57303370786516
44206;0;80.35714285714286
44207;0;75.31645569620254
44208;0;64.70588235294117
44209;3;76.28128724672229
44210;2;78.65612648221344
44211;0;75.0
44212;0;78.04878048780488
44213;0;74.60317460317461
44215;2;67.3076923076923
44216;248;73.9327028147255
44217;0;71.42857142857143
44218;0;70.27027027027027
44219;4;71.21212121212122
44220;2;70.24793388429752
44221;2;81.64383561643835
44222;0;70.07299270072993
44223;2;73.33333333333333
44224;0;63.63636363636363
44225;4;68.46846846846847
44226;2;72.3404255319149
44227;0;84.0
44228;1;79.7979797979798
44229;1;71.52317880794702
44230;2;81.29032258064515
44231;0;84.21052631578947
44232;4;73.1457800511509
44234;1;77.41935483870968
44235;2;78.02197802197803
44236;0;76.27118644067797
44237;2;80.14705882352942
44238;7;74.32835820895522
44239;0;90.9090909090909
44240;0;79.5031055900621
44241;2;75.97765363128491
44243;0;78.26086956521739
44244;0;52.0
44245;1;75.6
44246;13;70.20592020592021
44247;2;73.24840764331209
44249;3;82.45614035087719
44250;2;63.1578947368421
44251;2;79.52755905511812
44252;0;78.82352941176471
44256;1;87.17948717948718
44257;1;71.8562874251497
44258;0;66.66666666666666
44260;2;71.94244604316546
44261;8;75.20435967302453
44262;1;78.1021897810219
44263;2;71.81571815718158
44264;2;83.399209486166
44265;2;76.59574468085107
44266;0;80.50847457627118
44267;0;70.4225352112676
44268;0;85.71428571428571
50001;0;70.43478260869566
50002;0;70.94594594594594
50003;3;73.80952380952381
50004;0;76.02996254681648
50005;1;76.06837606837607
50006;8;75.82534611288605
50007;1;80.43478260869566
50008;30;71.13077679449361
50009;1;73.58490566037736
50010;0;82.6086956521739
50011;2;75.59055118110236
50012;1;79.62962962962963
50013;3;83.48214285714286
50014;1;67.8082191780822
50015;0;64.28571428571429
50016;0;71.15384615384616
50017;7;73.41986455981942
50018;6;75.63291139240506
50019;0;75.92592592592592
50020;5;68.1265206812652
50021;3;78.125
50022;8;75.50644567219152
50023;3;78.47533632286996
50024;4;78.26825127334465
50025;45;73.34506267868925
50026;6;80.99547511312217
50027;1;77.97356828193833
50028;2;67.94871794871796
50029;4;74.8006379585327
50030;2;69.33333333333334
50031;1;55.90062111801242
50032;0;69.59706959706959
50033;0;86.66666666666667
50034;5;68.25775656324582
50035;0;71.62162162162163
50036;0;76.69902912621359
50037;1;66.18705035971223
50038;13;77.23362011912641
50039;3;78.89546351084813
50040;0;81.52173913043478
50041;0;83.33333333333334
50042;0;81.25
50043;1;66.9260700389105
50044;1;67.24137931034483
50045;6;75.2191235059761
50046;7;69.88636363636364
50047;1;64.0
50048;0;65.71428571428571
50050;3;60.204081632653065
50051;8;77.29468599033817
50052;0;78.88888888888889
50053;6;77.76162790697676
50054;0;76.27118644067797
50055;34;70.12735326688815
50056;2;80.04926108374384
50057;8;70.20057306590259
50058;0;70.83333333333334
50059;6;73.33333333333333
50060;0;78.4090909090909
50061;1;84.05797101449275
50062;12;77.73480662983425
50063;0;93.44262295081968
50064;5;79.54545454545455
50065;0;79.24528301886792
50066;21;74.8564867967853
50067;123;72.8281750266809
50068;17;69.46946946946947
50069;0;69.73684210526315
50070;1;48.333333333333336
50071;0;68.70229007633588
50072;2;71.26436781609196
50073;9;76.76908752327746
50074;38;70.53306237298735
50075;1;72.8395061728395
50076;0;79.01234567901234
50077;5;77.43362831858407
50078;1;78.68852459016394
50079;3;73.22834645669292
50080;0;78.125
50081;6;73.4375
50082;0;65.1685393258427
50083;1;80.0
50084;1;70.88607594936708
50085;3;74.43181818181817
50086;1;69.56521739130434
50087;0;67.85714285714286
50088;11;76.72131147540983
50089;50;77.17337917485266
50090;0;71.7948717948718
50091;1;66.66666666666666
50092;3;85.90604026845638
50093;1;77.6595744680851
50094;22;73.61623616236163
50095;94;72.278829047388
50096;0;43.58974358974359
50098;2;71.27071823204419
50099;15;72.33560090702947
50100;5;78.97897897897897
50101;5;69.96587030716724
50102;6;77.05677867902665
50104;3;80.62678062678063
50105;3;75.0
50106;0;77.77777777777779
50107;16;81.77966101694916
50108;0;78.72340425531915
50109;3;74.28571428571429
50110;0;69.91869918699187
50111;1;81.72043010752688
50113;4;81.87702265372168
50114;2;75.80645161290323
50115;31;70.10467980295566
50116;1;74.73684210526315
50117;1;72.8
50118;7;72.28086278109225
50119;7;75.05376344086021
50120;3;73.46938775510205
50121;4;82.2463768115942
50122;2;79.41176470588235
50123;2;75.05376344086021
50124;9;74.82014388489209
50125;3;70.08086253369272
50126;22;72.27805695142379
50128;0;85.71428571428571
50129;1;66.93877551020408
50130;1;63.79746835443038
50131;2;70.88607594936708
50132;7;75.89403973509934
50133;3;75.21367521367522
50134;5;68.75
50135;0;66.3157894736842
50136;0;72.53886010362694
50137;6;77.3658536585366
50138;0;89.13043478260869
50139;2;74.92163009404389
50140;0;64.24242424242425
50141;0;74.56140350877193
50142;0;70.0
50143;4;72.75922671353251
50144;0;77.77777777777779
50146;5;72.10526315789474
50147;4;73.22335025380711
50148;0;74.07407407407408
50149;0;63.888888888888886
50150;3;60.909090909090914
50151;7;77.53846153846153
50152;11;70.83047357584077
50153;7;78.32093517534537
50154;0;77.31092436974791
50155;0;76.47058823529412
50156;2;80.8411214953271
50157;2;70.09966777408638
50159;5;76.26865671641792
50160;10;73.98663697104678
50161;0;64.95726495726495
50162;2;74.82993197278913
50163;34;75.67715458276334
50164;2;66.58227848101265
50165;27;73.4435261707989
50166;2;73.84615384615385
50167;0;83.62068965517241
50168;0;82.14285714285714
50169;0;72.92817679558011
50170;2;75.66137566137566
50171;0;64.81481481481481
50172;0;70.40816326530613
50173;2;67.14285714285714
50174;0;76.08695652173914
50175;6;72.6829268292683
50176;0;69.2982456140351
50177;3;79.68253968253968
50178;9;65.23178807947019
50179;2;80.54474708171206
50180;0;80.83333333333333
50181;9;74.77567298105683
50182;26;72.70286396181385
50183;0;75.44378698224851
50184;0;72.56637168141593
50185;1;83.33333333333334
50186;0;70.73170731707317
50187;0;54.285714285714285
50188;0;76.66666666666667
50189;4;80.6179775280899
50190;3;76.55367231638418
50191;3;68.69747899159664
50192;2;78.38983050847457
50193;1;79.44358578052551
50194;0;61.904761904761905
50195;0;71.69811320754717
50196;1;76.85185185185185
50197;2;77.17391304347827
50198;0;53.57142857142857
50199;4;70.96774193548387
50200;6;79.76424361493125
50201;2;75.62076749435666
50202;1;60.75949367088608
50203;15;77.75647171620325
50204;14;74.48107448107449
50205;1;75.82417582417582
50206;2;81.3304721030043
50207;1;80.73394495412845
50208;16;74.86126526082131
50209;12;69.8046875
50210;0;80.0
50211;0;74.20634920634922
50212;0;90.2439024390244
50213;0;78.57142857142857
50214;1;59.25925925925925
50215;0;65.21739130434783
50216;4;80.08474576271186
50217;1;73.4065934065934
50218;1;79.64601769911505
50219;27;73.4504636408004
50220;0;69.56521739130434
50221;0;60.60606060606061
50222;8;68.91317547055252
50223;8;81.63934426229508
50224;1;79.71014492753623
50225;2;63.52040816326531
50227;1;73.14814814814815
50228;5;78.14814814814814
50229;0;65.625
50230;11;72.53401360544217
50231;7;81.92307692307692
50232;0;70.17543859649122
50233;1;71.05263157894737
50234;9;80.81632653061224
50235;7;72.62160998708566
50236;2;78.84615384615384
50237;2;70.87378640776699
50238;0;76.28865979381443
50239;1;73.4375
50240;10;72.43713733075435
50241;1;71.8381112984823
50242;1;88.04347826086956
50243;1;76.17647058823529
50244;3;76.58536585365854
50245;1;66.66666666666666
50246;0;70.73170731707317
50247;10;75.453446191052
50248;1;78.1190019193858
50249;1;75.32051282051282
50250;0;80.0
50251;62;75.03614457831326
50252;36;72.34453456933178
50253;1;77.54137115839244
50254;2;71.8232044198895
50255;0;76.16822429906543
50256;0;54.761904761904766
50257;0;78.08988764044943
50258;1;60.71428571428571
50259;1;68.53932584269663
50260;0;91.42857142857143
50261;1;73.95348837209302
50262;13;78.43302443133952
50263;6;62.43654822335025
50264;0;70.25316455696202
50265;0;66.12903225806451
50266;1;65.89147286821705
50267;4;70.08264462809917
50268;0;85.1063829787234
50269;0;64.23611111111111
50270;2;63.1578947368421
50271;4;73.046875
50272;80;73.56927127700766
50273;0;58.06451612903226
50274;1;70.4225352112676
50275;0;66.36363636363637
50276;0;83.72093023255815
50277;1;78.18181818181819
50278;1;73.23232323232324
50279;1;71.26436781609196
50280;0;76.47058823529412
50281;0;71.25
50282;0;68.57142857142857
50283;0;76.38888888888889
50284;0;76.15894039735099
50285;3;72.99382716049382
50286;0;70.12987012987013
50287;4;71.8978102189781
50288;26;76.11984574310293
50289;1;75.0
50290;4;74.4186046511628
50291;0;69.0
50292;0;78.03030303030303
50293;5;66.66666666666666
50294;0;79.45205479452055
50295;0;86.66666666666667
50296;2;74.62311557788944
50297;3049;75.64735722107336
50298;32;75.67719036054548
50901;0;73.72262773722628
50902;1;89.65517241379311
50903;21;75.7752808988764
33001;16;53.45252774352651
33002;55;69.70954356846472
33003;7;58.04511278195489
33004;389;72.53783365109628
33005;12;63.894523326572006
33006;17;67.03084832904884
33007;10;65.02624671916011
33008;6;70.13274336283186
33009;4;67.40823136818688
33010;16;66.73960612691467
33011;104;55.209707201266156
33012;27;68.73804971319312
33013;6;73.68421052631578
33014;46;70.29996703658938
33015;8;66.75208199871877
33016;115;73.83469610957762
33017;30;69.0566037735849
33018;18;71.40883977900553
33019;15;67.19457013574662
33020;86;71.64774009175002
33021;33;68.4659090909091
33022;3;66.66666666666666
33023;35;69.23076923076923
33024;1240;73.33183692690935
33025;58;66.04038440773135
33026;71;64.95766152418513
33027;8;64.075382803298
33028;9;53.141970519782774
33029;1;54.82093663911846
33030;10;76.64071190211345
33031;242;67.2665218740304
33032;82;69.98171209614212
33033;61;68.90274565020617
33034;72;63.555597119610965
33035;67;71.22754226037702
33036;80;70.92983062564812
33037;200;69.66217961596969
33038;12;73.54221061792863
33039;14;75.41866028708134
33040;28;68.4706397896582
33041;53;70.67400275103164
33042;35;72.82205746061167
33043;2;68.18181818181817
33044;1254;73.2626843624807
33045;26;72.15189873417721
33046;4;73.81889763779527
33047;12;77.08703374777976
33048;2;63.46153846153846
33049;48;66.20225422667502
33050;0;62.02321724709784
33051;57;67.11315752755685
33052;1;70.82191780821918
33053;12;66.29213483146067
33054;8;68.6611374407583
33055;9;76.10853739245532
33056;32;68.49451645064806
33057;17;71.1864406779661
33058;10;72.43272926963206
33059;42;68.65163760102084
33060;82;69.87796610169491
33061;1;51.187335092348285
33062;1;59.168704156479215
33063;1;78.75894988066825
33064;4;78.35497835497836
33065;16;66.99729486023445
33066;261;69.48226983315517
33067;5;77.45222929936307
33068;2;56.28366247755835
33069;15;73.35610589239965
33070;31;73.88706304152973
33071;8;74.39222042139384
33072;4;63.210493441599006
33073;47;58.104507009616505
33074;36;68.7482259437979
33075;2;58.54545454545455
33076;89;67.35941320293398
33077;11;69.59016393442623
33078;0;66.66666666666666
07001;21;75.42182227221598
07002;36;70.14292445421705
07003;43;58.967807869187524
07004;24;68.81636881636881
07005;23;66.07598738549332
07006;33;68.77294685990339
07007;1;70.48054919908466
07008;22;73.98345361732089
07009;1;73.69826435246995
07010;52;72.41663235899547
07011;135;65.80756632230661
07012;13;75.7059136920618
07013;34;71.4139344262295
07014;37;59.10402638449911
07015;162;63.12393243499715
07016;30;71.50035893754487
07017;6;74.0521327014218
07018;3;69.66580976863753
07019;0;76.04166666666666
07020;27;73.7281067556297
07021;0;80.34188034188034
07022;85;67.61987041036717
07023;45;71.96802646085997
07024;39;50.990169539820485
07025;1;78.8702928870293
07026;161;59.92040567430516
07027;106;66.6956984564765
07028;2;69.17040358744396
07029;34;74.6434614454919
07030;10;73.17228226319136
07031;130;65.43142291657894
07032;136;65.6519786416488
07033;143;60.59147943887182
07034;2;78.1029263370333
07035;3;78.31245880026367
07036;156;72.62771012771013
07037;16;58.601485148514854
07038;10;74.55708661417323
07039;27;71.16803278688525
07040;1280;64.7315156736506
07041;5;76.80235409514468
07042;59;65.84474029626851
07043;13;71.15721800116891
07044;59;71.88128177840842
07045;13;77.32919254658384
07046;70;60.91124033484567
07047;7;71.64579606440071
07048;104;58.780783205490515
07049;12;72.09612817089453
07050;33;65.0707618187293
07051;38;63.578947368421055
07052;34;63.613177470775774
07053;8;81.72502134927413
07054;104;57.798042108086364
07055;48;64.16911961466417
07056;40;72.4660814046289
07057;44;66.05299860529986
07058;15;76.24821683309557
07059;11;70.68045363575717
07060;20;70.81878152890958
07061;54;67.31766859932866
07062;40;57.978511738957415
07063;8;76.33802816901408
07064;20;66.92781197537772
07065;13;70.32227032227031
07901;6;77.9050736497545
07902;18;68.09701492537313
35001;27;75.1250271798217
35002;74;68.76216005880063
35003;21;58.321951219512194
35004;192;53.76668212500644
35005;6;67.04014939309056
35006;243;72.49356478120255
35007;2;64.46601941747574
35008;37;75.80618759207726
35009;97;72.13089955627268
35010;20;66.82638105975197
35011;107;68.54116070680848
35012;32;55.01887522989062
35013;51;75.60901800574975
35014;59;55.81520279344615
35015;29;55.22796352583587
35016;1546;66.50211092242947
35017;127;60.57688529099698
35018;56;61.205167295193775
35019;126;61.70588782438843
35020;26;67.2778328377932
35021;80;71.5499933074555
35022;219;63.40955908362638
35023;75;72.49143835616438
35024;76;63.615006240364146
35025;9;68.79511382565242
35026;450;66.51610028958245
35027;58;72.70875763747455
35028;64;57.20762493560021
35029;34;61.696969696969695
35030;58;60.85822922324824
35031;36;71.30674002751032
35032;19;74.03846153846155
35033;24;69.17529005957981
35034;30;50.875827170105104
38001;55;56.06962213626897
38002;14;74.41613588110403
38003;2;67.36111111111111
38004;20;67.08689779378658
38005;24;63.023979498444085
38006;124;53.49531009025864
38007;3;67.67317939609237
38008;17;66.80573190640304
38009;15;68.8635812939181
38010;15;67.91230692575984
38011;82;67.33545387815023
38012;6;68.12447434819175
38013;12;63.979416809605496
38014;3;69.2079940784604
38015;12;68.87926887926888
38016;4;53.827160493827165
38017;100;57.90919142561614
38018;21;69.30760499432463
38019;54;61.79919800257244
38020;51;65.32854004393849
38021;5;61.71637248934875
38022;86;66.22265540394196
38023;527;66.88347997697558
38024;77;63.845898372633684
38025;49;70.49562682215743
38026;174;75.89768515705693
38027;29;68.41812105458597
38028;89;68.4177129130218
38029;7;50.61969993476843
38030;5;68.07072282891315
38031;140;75.08101892183852
38032;72;67.65482386663649
38033;15;68.58371405536147
38034;17;70.60133630289532
38035;35;59.76986772771266
38036;45;70.25789714634519
38037;46;62.52212048934369
38038;667;64.87810899216194
38039;77;71.16402116402116
38040;16;61.34268537074148
38041;42;71.51880141010577
38042;16;71.1416490486258
38043;109;68.0991648165768
38044;10;59.70081595648232
38045;23;53.97542011537497
38046;45;74.17371252882397
38047;5;68.64169927333707
38048;20;68.69520371325424
38049;8;63.437617791179804
38050;8;65.39862403885067
38051;31;71.31772204517112
38052;2;66.58860265417643
38053;15;64.43793287160362
38901;4;63.66258111031002
39001;17;77.6210625293841
39002;17;73.34741925747056
39003;0;73.24414715719062
39004;12;76.47823261858349
39005;4;78.00859598853869
39006;12;78.29861111111111
39007;1;68.66359447004609
39008;92;76.08383577375825
39009;22;74.30964939497363
39010;5;79.65571205007824
39011;13;75.59300873907615
39012;44;77.88734498730017
39013;1;73.39805825242719
39014;8;72.93986636971047
39015;6;75.4060324825986
39016;149;77.98826487845767
39017;2;67.42556917688266
39018;27;80.47969603419615
39019;24;79.55195424213537
39020;125;69.94324919532441
39021;4;80.60606060606061
39022;7;74.46808510638297
39023;37;77.58074730842304
39024;14;77.1519659936238
39025;58;77.02749338548257
39026;9;74.41462021701885
39027;30;79.4201975151322
39028;17;78.16769354406642
39029;4;81.25
39030;9;69.37697993664203
39031;5;70.68825910931174
39032;8;75.67750677506776
39033;5;74.74048442906575
39034;4;62.93706293706294
39035;56;76.30124126421195
39036;8;78.73855544252288
39037;8;78.3824263604593
39038;6;71.01845522898155
39039;1;69.4055944055944
39040;22;77.78554778554778
39041;10;80.27210884353741
39042;33;77.31233243967829
39043;10;79.49591280653951
39044;26;75.37177145838768
39045;1;75.53191489361703
39046;11;72.3965763195435
39047;15;73.96359959555106
39048;10;80.8485562757808
39049;1;76.06060606060606
39050;0;62.68115942028986
39051;1;92.53731343283582
39052;124;77.48534778281544
39053;1;61.64383561643836
39054;45;77.77280858676208
39055;6;74.95527728085868
39056;17;77.60103181427344
39057;13;76.38948728996122
39058;6;71.48014440433214
39059;50;75.07757229738115
39060;46;81.08873974645788
39061;29;78.72706422018348
39062;14;76.75438596491229
39063;7;74.51181911613565
39064;6;76.79762787249814
39065;6;78.90625
39066;7;80.29953917050692
39067;5;69.98769987699876
39068;2;73.74810318664643
39069;12;80.58943089430895
39070;3;76.02739726027397
39071;2;68.39506172839506
39072;1;62.09912536443149
39073;42;77.87069141342036
39074;52;77.7697320782042
39075;819;74.75599031955639
39076;24;77.2271555428244
39077;0;75.60975609756098
39078;10;73.95612172682236
39079;54;75.23181767400291
39080;17;76.97072072072072
39081;3;80.22988505747126
39082;15;73.10012062726176
39083;6;65.5838454784899
39084;5;72.12336892052194
39085;37;77.83143107989464
39086;1;72.82913165266106
39087;234;77.04320666319624
39088;0;71.83098591549296
39089;1;69.79865771812081
39090;4;74.60317460317461
39091;9;80.73959938366718
39092;4;72.92576419213974
39093;1;75.57003257328991
39094;9;75.40983606557377
39095;9;79.8941798941799
39096;3;67.94871794871796
39097;10;57.3632538569425
39098;11;75.80872011251758
39099;23;78.47289059993584
39100;12;72.26697353279631
39101;2;70.54794520547945
39102;13;72.20517316966243
02001;4;78.93939393939394
02002;0;82.18623481781377
02003;730;76.60788578270524
02004;5;81.15942028985508
02005;4;77.64084507042254
02006;2;81.97278911564626
02007;7;78.47619047619048
02008;9;75.2241238793806
02009;148;75.73402417962004
02010;10;82.92547274749722
02011;0;80.40435458786936
02012;17;87.01582105837426
02013;0;79.54545454545455
02014;1;81.52173913043478
02015;7;82.82548476454294
02016;0;76.592082616179
02017;1;72.3076923076923
02018;5;80.52884615384616
02019;13;82.54560530679935
02020;3;84.4789356984479
02021;3;79.36354869816779
02022;0;75.81521739130434
02023;2;83.15972222222221
02024;33;78.86416861826699
02025;41;78.88563049853371
02026;7;83.23494687131051
02027;0;80.96774193548387
02028;0;78.03030303030303
02029;17;77.52571082879612
02030;11;78.62046420398823
02031;1;77.87456445993031
02032;1;77.22419928825623
02033;6;80.78125
02034;10;81.0752688172043
02035;13;80.79436902966314
02036;1;75.0
02037;111;67.29004631652539
02038;1;80.98591549295774
02039;8;82.23552894211576
02040;1;86.51877133105802
02041;1;78.28571428571428
02042;2;82.11764705882352
02043;8;81.6
02044;2;71.45390070921985
02045;17;82.19104155423638
02046;15;82.4669603524229
02047;0;75.83333333333333
02048;9;80.97521982414068
02049;3;72.79236276849642
02050;0;84.46601941747572
02051;12;72.60355029585799
02052;3;84.35517970401692
02053;15;79.10547396528706
02054;3;78.2051282051282
02055;9;65.42783059636992
02056;10;77.96414112203585
02057;24;77.97356828193833
02058;2;70.11494252873564
02059;0;76.34069400630915
02060;8;77.34254992319508
02061;7;83.30733229329174
02062;0;78.26086956521739
02063;6;78.92590074779062
02064;1;83.64116094986808
02065;2;84.84210526315789
02066;1;86.5546218487395
02067;4;76.45079899074852
02068;2;77.25947521865889
02069;62;77.6940401940402
02070;1;81.99513381995133
02071;7;84.28030303030303
02072;4;71.66666666666667
02073;42;76.86202686202687
02074;20;73.60786928976324
02075;10;83.4916864608076
02076;3;80.53892215568862
02077;0;74.54545454545455
02078;6;75.70498915401302
02079;24;80.0831312781434
02080;0;78.7593984962406
02081;116;77.02083560597796
02082;1;83.80952380952381
02083;0;89.40092165898618
02084;2;70.15384615384616
02085;4;83.48909657320873
02086;8;69.03572800614675
02901;16;71.34423251589465
13001;8;77.55905511811024
13002;9;66.86666666666666
13003;2;75.35934291581108
13004;1;78.61216730038024
13005;164;78.204029147021
13006;4;80.09868421052632
13007;10;82.95365278868813
13008;2;71.88208616780045
13009;4;79.98629198080877
13010;0;75.87373167981961
13011;15;68.76284422523634
13012;0;71.53284671532847
13013;45;76.47473892181766
13014;2;81.45161290322581
13015;18;75.4641427011285
13016;4;80.75187969924812
13017;1;76.77902621722846
13018;7;80.94660194174757
13019;35;75.0530990538714
13020;26;72.91318864774624
13021;0;86.23853211009175
13022;2;79.77207977207978
13023;86;73.06453404420749
13024;7;71.60356347438753
13025;0;82.78145695364239
13026;1;82.7433628318584
13027;15;73.79570516540917
13028;77;79.77150537634408
13029;0;80.23255813953489
13030;0;76.92307692307693
13031;9;79.0224032586558
13032;9;76.34782608695653
13033;4;84.39201451905626
13034;332;76.92983968281331
13035;7;80.22312373225152
13036;3;77.5
13037;2;78.38150289017342
13038;15;79.86658580958157
13039;100;75.3180838489884
13040;3;80.71748878923766
13041;0;71.93675889328063
13042;3;75.0
13043;5;80.51948051948052
13044;12;73.23364485981308
13045;7;78.35051546391753
13046;3;77.7027027027027
13047;23;77.13050993949871
13048;3;81.16504854368932
13049;0;71.86732186732186
13050;2;80.43912175648703
13051;2;80.28571428571428
13052;71;72.57195628751731
13053;79;73.83417888664952
13054;44;78.69215291750503
13055;0;74.32432432432432
13056;48;76.90681698079972
13057;1;83.61774744027304
13058;28;76.81265206812652
13059;1;76.47058823529412
13060;1;78.81040892193309
13061;49;73.5628167045256
13062;4;81.91304347826087
13063;9;72.63948497854076
13064;13;76.48456057007125
13065;19;69.39058171745152
13066;14;81.6593886462882
13067;2;82.77777777777777
13068;5;74.38563327032136
13069;3;77.77777777777779
13070;4;80.0
13071;175;70.95411690760528
13072;5;73.54838709677419
13073;0;75.46125461254613
13074;3;85.84521384928718
13075;1;73.70892018779342
13076;1;85.04098360655738
13077;12;69.44286526435475
13078;44;73.2863901419298
13079;79;74.92055732094842
13080;1;75.71428571428571
13081;2;80.52147239263803
13082;154;68.50354088464069
13083;14;70.485120260905
13084;5;79.84581497797357
13085;6;85.03171247357294
13086;1;77.24867724867724
13087;145;72.58753939812615
13088;5;82.1311475409836
13089;6;81.59722222222221
13090;6;78.55855855855856
13091;3;84.42028985507247
13092;11;83.01075268817203
13093;21;74.33714424714182
13094;3;82.14285714285714
13095;1;78.3132530120482
13096;51;74.8078676566367
13097;12;78.13321647677476
13098;15;76.88323917137477
13901;4;75.53072625698324
13902;0;78.07933194154488
13903;4;81.07606679035251
13904;8;77.98861480075901
16001;0;80.0
16002;0;89.58333333333334
16003;0;87.4015748031496
16004;0;77.37226277372264
16005;1;74.609375
16006;1;80.67226890756302
16007;8;80.87248322147651
16008;0;75.78947368421053
16009;0;72.72727272727273
16010;1;74.02597402597402
16011;0;67.85714285714286
16012;0;84.14634146341463
16013;0;90.32258064516128
16014;1;80.4241435562806
16015;7;76.06382978723404
16016;2;73.93162393162393
16017;2;81.08108108108108
16018;1;81.79551122194513
16019;1;77.41935483870968
16020;0;64.70588235294117
16022;0;80.76923076923077
16023;3;73.50427350427351
16024;0;76.92307692307693
16025;1;84.0
16026;0;65.88235294117646
16027;4;79.97179125528913
16029;0;76.04166666666666
16030;1;88.0
16031;2;65.21739130434783
16032;1;80.13937282229965
16033;7;80.1041064198959
16034;1;83.60655737704919
16035;3;74.4186046511628
16036;2;81.25
16038;0;73.68421052631578
16039;1;69.09547738693468
16040;0;83.52941176470588
16041;0;80.22598870056498
16042;6;85.65436241610739
16043;1;73.73737373737373
16044;0;71.7948717948718
16045;1;75.1131221719457
16046;1;72.39999999999999
16047;2;76.52173913043478
16048;1;75.72815533980582
16049;0;77.56410256410257
16050;1;77.68924302788844
16051;0;80.27210884353741
16052;1;76.64233576642336
16053;5;82.05128205128204
16055;7;72.83072546230441
16056;0;71.61290322580646
16057;0;76.92307692307693
16058;0;77.14285714285715
16060;5;78.94736842105263
16061;13;82.78008298755186
16062;0;87.5
16063;0;88.77551020408163
16064;1;86.34361233480176
16065;3;79.55665024630541
16066;24;82.16888126875268
16067;3;72.44094488188976
16068;2;80.6896551724138
16070;0;96.875
16071;0;100.0
16072;0;70.06802721088435
16073;0;84.04255319148936
16074;0;77.5
16078;268;75.71149250488811
16079;0;65.625
16081;0;77.55102040816327
16082;0;73.44262295081967
16083;0;50.90909090909091
16084;0;75.51020408163265
16085;2;79.41176470588235
16086;10;86.48648648648648
16087;5;87.73584905660378
16088;0;80.7017543859649
16089;4;78.89182058047494
16091;0;75.0
16092;1;80.74534161490683
16093;0;81.25
16094;1;76.51515151515152
16095;0;84.52380952380952
16096;2;91.20879120879121
16097;1;83.33333333333334
16098;5;81.9614711033275
16099;0;75.48076923076923
16100;5;85.81871345029239
16101;0;81.25
16102;8;74.89845653939886
16103;0;81.88679245283019
16104;0;74.07407407407408
16106;19;78.05056797361671
16107;1;72.5
16108;0;87.75510204081633
16109;0;74.4186046511628
16110;0;73.19587628865979
16111;2;80.7017543859649
16112;9;72.29235880398672
16113;15;74.96753246753246
16115;0;75.0
16116;0;73.80952380952381
16117;2;77.01040681173131
16118;11;81.63701067615659
16119;0;71.59763313609467
16121;3;79.15057915057915
16122;4;78.74015748031496
16123;0;65.85365853658537
16124;7;82.13903743315508
16125;9;79.83293556085918
16126;2;83.5249042145594
16128;2;85.71428571428571
16129;1;78.84615384615384
16130;0;78.43478260869566
16131;1;72.38805970149254
16132;0;76.47058823529412
16133;27;80.59667501708039
16134;23;78.0956740672923
16135;0;78.41726618705036
16137;0;60.71428571428571
16139;4;76.57657657657657
16140;0;55.55555555555556
16141;1;77.93103448275862
16142;2;79.13669064748201
16143;2;75.0
16145;2;83.83620689655173
16146;1;71.26436781609196
16147;0;69.35483870967742
16148;1;87.05281090289608
16149;0;84.9673202614379
16150;1;71.27659574468085
16151;0;93.75
16152;0;87.5
16153;5;83.45549738219896
16154;47;76.99836867862969
16155;2;82.01581027667984
16156;0;75.24752475247524
16157;0;86.85446009389672
16158;7;80.03663003663004
16159;0;75.55555555555556
16160;1;75.40983606557377
16161;0;91.37931034482759
16162;0;81.3953488372093
16163;0;85.13513513513513
16165;1;80.95238095238095
16166;0;73.68421052631578
16167;2;84.87654320987654
16169;0;56.896551724137936
16170;1;75.07163323782235
16171;5;83.27832783278328
16172;2;77.14285714285715
16173;1;74.8792270531401
16174;1;80.72916666666666
16175;35;82.20222961079601
16176;0;71.7948717948718
16177;0;80.76923076923077
16181;0;82.8125
16185;0;79.54545454545455
16186;2;84.73118279569893
16187;1;67.53246753246754
16188;0;70.0
16189;2;75.0
16190;42;79.73473766335088
16191;6;82.07343412526998
16192;0;60.0
16193;1;81.42857142857143
16194;0;80.3088803088803
16195;1;76.30522088353415
16196;2;84.99210110584518
16197;0;56.92307692307692
16198;12;78.16849816849818
16199;0;77.41935483870968
16202;3;73.18007662835248
16203;43;75.45180722891565
16204;1;76.10294117647058
16205;0;78.0701754385965
16206;4;78.36538461538461
16209;1;84.7457627118644
16211;3;67.10875331564988
16212;1;81.56862745098039
16213;1;80.0
16215;1;71.37096774193549
16216;0;86.75078864353313
16217;0;77.33333333333333
16218;1;82.01058201058201
16219;0;79.12087912087912
16224;1;80.95238095238095
16225;0;76.31578947368422
16227;0;75.0
16228;1;74.57627118644068
16231;0;79.16666666666666
16234;1;63.33333333333333
16236;6;75.92997811816193
16237;0;78.76106194690266
16238;2;86.83693516699411
16239;0;78.01418439716312
16240;0;73.14814814814815
16242;1;86.46153846153845
16243;0;85.92233009708737
16244;2;86.56509695290858
16245;2;80.86124401913875
16246;1;78.92561983471074
16247;0;73.23943661971832
16248;11;81.53669724770643
16249;8;80.21148036253777
16250;0;75.0
16251;8;78.04090419806244
16253;1;78.15126050420169
16254;5;83.79629629629629
16255;0;84.39716312056737
16258;0;72.22222222222221
16259;1;86.66666666666667
16263;4;78.45993756503643
16264;2;86.37413394919169
16265;0;76.19047619047619
16266;1;74.79892761394102
16269;3;82.3943661971831
16270;0;84.4311377245509
16271;3;83.98744113029827
16272;1;73.24561403508771
16273;2;77.77777777777779
16274;0;78.74015748031496
16275;1;100.0
16276;0;80.95238095238095
16277;0;72.88135593220339
16278;0;75.34246575342466
16279;0;68.54460093896714
16280;2;84.65608465608466
16901;3;73.55021216407354
16902;1;74.46808510638297
16903;6;76.22571692876966
16904;5;80.9623430962343
16905;9;79.29334428923582
16906;1;81.70731707317073
16908;1;78.1725888324873
16909;3;76.06232294617564
16910;0;72.91666666666666
19001;1;67.9245283018868
19002;0;76.71232876712328
19003;0;90.2439024390244
19004;1;77.27272727272727
19005;1;74.73684210526315
19006;0;70.96354166666666
19007;2;75.99164926931107
19008;0;75.67567567567568
19009;5;73.9463601532567
19010;0;100.0
19011;2;75.19685039370079
19013;0;82.8125
19015;0;83.9506172839506
19016;0;65.625
19017;0;81.15942028985508
19018;2;74.84662576687117
19019;0;89.47368421052632
19020;2;62.7906976744186
19021;7;74.97621313035204
19022;3;75.4746835443038
19023;1;86.32478632478633
19024;33;73.89168611076998
19027;1;78.37837837837837
19031;0;66.66666666666666
19032;1;74.85714285714286
19033;3;76.5625
19034;0;81.81818181818183
19036;1;84.87084870848709
19037;1;77.3972602739726
19038;0;82.14285714285714
19039;1;91.66666666666666
19040;0;80.3921568627451
19041;0;83.125
19042;0;96.15384615384616
19043;0;92.5
19044;3;80.2588996763754
19045;1;82.06896551724138
19046;91;76.08148424389334
19047;1;89.55223880597015
19048;1;58.82352941176471
19049;0;91.66666666666666
19050;0;86.66666666666667
19051;0;92.85714285714286
19052;1;66.66666666666666
19053;13;73.07312252964427
19054;3;86.8421052631579
19055;2;64.15094339622641
19057;0;73.61111111111111
19058;29;80.32714412024757
19059;0;75.9493670886076
19060;1;76.66666666666667
19061;0;83.92857142857143
19064;0;84.93150684931507
19065;1;81.10236220472441
19066;0;80.32786885245902
19067;2;72.85714285714285
19070;0;74.68354430379746
19071;34;74.20604182804028
19073;0;79.16666666666666
19074;0;86.3013698630137
19075;0;58.730158730158735
19076;0;64.51612903225806
19078;0;83.01886792452831
19079;0;87.5
19080;0;69.86301369863014
19081;0;67.74193548387096
19082;0;72.94117647058823
19086;7;77.45819397993311
19087;0;94.44444444444444
19088;0;80.95238095238095
19089;0;60.71428571428571
19090;1;79.38144329896907
19091;0;68.96551724137932
19092;4;75.77937649880096
19095;0;83.33333333333334
19096;0;70.96774193548387
19097;0;76.47058823529412
19098;0;95.23809523809523
19099;1;68.89632107023411
19102;0;83.16831683168317
19103;0;80.3921568627451
19104;1;72.22222222222221
19105;11;77.57289879931389
19106;0;72.82608695652173
19107;0;86.75496688741721
19108;1;80.35714285714286
19109;3;74.4186046511628
19110;2;80.7017543859649
19111;0;77.84810126582279
19112;0;85.96491228070175
19113;2;77.49469214437367
19114;0;66.66666666666666
19115;1;58.333333333333336
19116;0;84.61538461538461
19117;11;74.87341772151899
19118;0;76.92307692307693
19119;0;87.65432098765432
19120;1;88.46153846153845
19121;0;81.32295719844358
19122;3;77.41935483870968
19123;0;86.36363636363636
19124;0;67.01570680628272
19125;0;88.88888888888889
19126;5;76.66666666666667
19127;0;62.92134831460674
19129;0;86.20689655172413
19130;383;78.44883662747061
19132;0;79.56989247311827
19133;1;84.88372093023256
19134;0;69.23076923076923
19135;0;78.0952380952381
19136;0;83.33333333333334
19138;0;72.42647058823529
19139;1;74.19354838709677
19142;2;72.6923076923077
19143;9;79.11136757068668
19145;2;87.5
19146;0;80.95238095238095
19147;0;73.91304347826086
19148;1;82.22222222222221
19150;0;74.60317460317461
19151;5;72.46511627906976
19152;2;76.06112054329371
19153;0;95.65217391304348
19154;0;78.78787878787878
19155;0;81.81818181818183
19156;5;75.58494404883011
19157;0;78.94736842105263
19159;0;81.91489361702128
19160;2;66.85205784204672
19161;1;69.26605504587155
19162;0;75.38461538461539
19163;1;72.1311475409836
19165;0;83.33333333333334
19166;0;79.11392405063292
19167;0;80.3030303030303
19168;2;76.43097643097643
19169;0;83.72093023255815
19170;0;72.53886010362694
19171;24;78.2964782964783
19172;0;80.0
19173;0;85.1063829787234
19174;0;71.17117117117117
19175;1;76.47058823529412
19176;0;76.37130801687763
19177;1;76.92307692307693
19178;0;64.1025641025641
19179;1;72.22222222222221
19181;0;67.27272727272727
19182;0;71.7948717948718
19183;0;89.1566265060241
19184;0;64.0
19185;0;58.06451612903226
19186;1;77.77777777777779
19187;0;92.0
19188;1;68.0
19189;2;75.83333333333333
19190;14;77.00623700623701
19191;0;92.3076923076923
19192;9;78.58386535113175
19193;0;95.65217391304348
19194;0;69.38775510204081
19195;1;75.0
19196;0;81.13207547169812
19197;0;80.0
19198;0;58.82352941176471
19199;1;84.21052631578947
19200;1;70.66666666666667
19201;1;86.4406779661017
19202;0;92.3076923076923
19203;0;80.64516129032258
19204;3;68.83116883116884
19208;0;72.09302325581395
19209;1;70.0
19210;2;90.47619047619048
19211;1;75.38071065989847
19212;8;77.30398899587345
19213;0;73.61111111111111
19214;0;72.97297297297297
19215;0;86.06060606060606
19216;0;72.38805970149254
19217;0;66.10169491525424
19218;0;67.3076923076923
19219;0;69.23076923076923
19220;9;69.97830802603036
19221;0;70.0
19222;1;75.65217391304347
19223;3;69.0909090909091
19224;0;86.02150537634408
19225;2;77.24550898203593
19226;0;72.91666666666666
19227;0;66.21621621621621
19228;0;72.41379310344827
19229;1;86.95652173913044
19230;4;75.9920634920635
19231;1;66.66666666666666
19232;1;75.9493670886076
19233;1;78.02197802197803
19234;0;82.6086956521739
19235;0;64.94845360824742
19237;1;74.46808510638297
19238;2;76.19047619047619
19239;1;70.0
19240;0;73.07692307692307
19241;1;76.08695652173914
19242;2;70.96774193548387
19243;0;83.72093023255815
19244;2;75.30864197530865
19245;6;77.43850720949958
19246;0;78.26086956521739
19247;1;71.62162162162163
19248;1;79.51807228915662
19249;0;87.09677419354838
19250;0;76.19047619047619
19251;0;69.04761904761905
19252;0;86.56716417910447
19254;1;73.46938775510205
19255;0;78.2051282051282
19256;0;79.54545454545455
19257;36;73.476494486361
19258;1;75.25773195876289
19259;0;64.28571428571429
19260;1;92.6829268292683
19261;0;65.78947368421053
19262;0;79.85611510791367
19263;0;62.96296296296296
19264;0;76.31578947368422
19265;0;76.47058823529412
19266;2;83.40248962655602
19267;0;63.1578947368421
19268;0;72.22222222222221
19269;0;80.0
19270;0;81.81818181818183
19271;0;63.829787234042556
19272;1;81.94444444444444
19274;8;75.19553072625699
19277;0;66.66666666666666
19278;2;96.55172413793103
19279;0;94.73684210526315
19280;14;75.92002318168647
19281;0;81.81818181818183
19282;0;71.42857142857143
19283;0;79.3103448275862
19284;0;80.0
19285;2;64.0
19286;1;76.82758620689654
19287;0;75.69444444444444
19288;0;95.65217391304348
19289;0;75.0
19290;3;66.58851113716295
19291;0;72.67489711934157
19293;9;73.82226980728052
19294;1;82.6086956521739
19296;0;70.0
19297;1;67.74193548387096
19298;0;76.5625
19299;1;77.89473684210526
19300;3;82.41469816272966
19301;0;78.94736842105263
19302;1;77.58620689655173
19303;0;84.78260869565217
19304;1;73.18181818181819
19305;1;79.62962962962963
19306;0;71.42857142857143
19307;1;92.0
19308;0;83.07692307692308
19309;0;84.61538461538461
19310;0;63.63636363636363
19311;0;69.87951807228916
19314;1;67.3076923076923
19317;0;75.88652482269504
19318;0;76.0
19319;21;75.38983050847457
19321;0;68.42105263157895
19322;0;83.87096774193549
19323;0;78.57142857142857
19324;0;75.97765363128491
19325;0;69.53125
19326;5;71.35506003430532
19327;3;80.74245939675174
19329;0;84.48275862068965
19330;0;90.14084507042254
19331;18;76.98199923400996
19332;0;73.11827956989248
19333;2;71.07438016528926
19334;0;83.33333333333334
19335;0;83.33333333333334
19901;1;90.2439024390244
45001;9;75.32397408207343
45002;7;71.00823852491173
45003;1;75.34965034965036
45004;1;76.76056338028168
45005;2;85.89211618257261
45006;4;71.71929824561404
45007;1;81.2051649928264
45008;2;80.28169014084507
45009;1;61.65137614678899
45010;2;76.8348623853211
45011;1;85.41666666666666
45012;4;77.76119402985074
45013;7;79.9552071668533
45014;24;70.88353413654619
45015;2;74.11575562700965
45016;30;78.72696817420436
45017;0;84.35114503816794
45018;0;71.11111111111111
45019;35;75.29907558455683
45020;5;80.88347296268088
45021;21;75.72183814558764
45022;8;75.76530612244898
45023;9;77.26851851851852
45024;5;77.02325581395348
45025;2;76.87813021702839
45026;1;76.0
45027;0;75.96685082872928
45028;23;79.32065217391305
45029;0;82.4390243902439
45030;4;75.51867219917013
45031;10;71.0613294160852
45032;0;72.70642201834863
45033;3;72.07977207977207
45034;4;80.73529411764706
45035;2;75.50335570469798
45036;2;75.98784194528876
45037;4;74.37308868501529
45038;8;75.71214392803599
45039;1;87.16814159292035
45040;4;62.392550143266476
45041;18;72.42953020134229
45042;0;76.31578947368422
45043;1;83.60655737704919
45045;1;71.80851063829788
45046;8;74.96902106567535
45047;13;69.25477955520874
45048;1;78.05555555555556
45049;0;75.86206896551724
45050;2;75.15923566878982
45051;6;79.297365119197
45052;23;81.98352779684282
45053;44;80.12430080795525
45054;8;75.01877346683355
45055;2;83.04263565891473
45056;11;62.62443438914027
45057;0;84.61538461538461
45058;4;79.16666666666666
45059;4;82.0081253627394
45060;1;73.18435754189943
45061;7;69.92266992266993
45062;10;81.17752007136485
45063;2;74.76635514018692
45064;19;75.93123209169055
45065;0;82.2463768115942
45066;30;75.31954144156016
45067;13;80.50774526678141
45068;0;79.76878612716763
45069;8;77.07889125799574
45070;7;83.709787816564
45071;8;83.19914117015567
45072;2;74.4776119402985
45073;0;77.52442996742671
45074;0;79.36893203883496
45075;0;73.97260273972603
45076;1;66.55052264808361
45077;0;78.96678966789668
45078;8;85.27298850574712
45079;3;77.65667574931881
45080;0;100.0
45081;72;75.42219199818656
45082;9;83.94863563402889
45083;5;84.51612903225806
45084;12;77.93859649122807
45085;6;72.35176548967355
45086;3;74.55268389662028
45087;34;74.10425404433792
45088;4;68.41103710751665
45089;6;76.31926121372031
45090;4;79.52127659574468
45091;2;73.95577395577395
45092;0;84.54935622317596
45093;0;77.48344370860927
45094;0;78.9873417721519
45095;1;75.89670014347202
45096;7;81.9704433497537
45097;3;83.76313276026744
45098;10;77.12717291857274
45099;9;71.58314350797266
45100;2;84.26395939086294
45101;15;82.15900026588673
45102;15;73.98732433177184
45103;0;81.86397984886649
45104;1;78.4090909090909
45105;3;70.12345679012346
45106;55;78.17650186071239
45107;15;81.16121062384187
45108;2;79.65451055662189
45109;16;78.7847579814624
45110;4;77.4874930516954
45111;0;78.33333333333333
45112;6;67.14801444043322
45113;14;72.3305954825462
45114;1;77.47899159663866
45115;5;81.50604760046821
45116;2;76.51296829971182
45117;2;80.90185676392572
45118;3;73.42657342657343
45119;14;68.87694145758661
45120;1;78.35820895522389
45121;30;71.82973691989358
45122;18;79.62819519752131
45123;11;73.52845528455283
45124;16;81.16883116883116
45125;10;82.43881494203521
45126;1;65.0
45127;1;74.01129943502825
45128;7;71.81745396317054
45129;0;73.52941176470588
45130;1;80.87774294670847
45131;0;84.3205574912892
45132;7;77.81488549618321
45133;19;77.50177430801988
45134;4;75.875
45135;21;81.56671315667131
45136;24;72.52090800477897
45137;9;68.14540973505854
45138;6;81.35135135135135
45139;0;78.48837209302324
45140;4;80.96980786825252
45141;4;81.93979933110369
45142;57;79.52405192160855
45143;3;78.30508474576271
45144;2;80.9823677581864
45145;11;72.0756203229618
45146;0;78.70370370370371
45147;4;81.75559380378658
45148;1;74.5928338762215
45149;0;84.81675392670157
45150;1;80.61674008810573
45151;1;75.76791808873719
45152;2;79.7319932998325
45153;11;78.30130192188469
45154;5;75.118004045853
45155;1;80.05390835579514
45156;13;83.20255739610577
45157;14;72.04705882352941
45158;8;74.38831886345699
45159;1;87.20930232558139
45160;6;81.72817281728173
45161;63;71.38192073623274
45162;0;75.40263543191801
45163;57;75.19788918205805
45164;0;86.02150537634408
45165;313;74.14766851742844
45166;5;82.5659914057704
45167;5;82.09876543209876
45168;327;78.56683701346704
45169;1;70.46632124352331
45170;4;77.87234042553192
45171;4;78.8712011577424
45172;2;77.74687065368568
45173;40;75.39305687453836
45174;1;79.93527508090615
45175;5;81.35338345864662
45176;15;74.95225102319236
45177;11;82.02614379084967
45179;3;74.35897435897436
45180;7;75.59633027522936
45181;12;75.87548638132296
45182;3;81.7224880382775
45183;8;70.17310252996005
45184;1;61.69154228855721
45185;27;78.31652443754848
45186;14;76.84073953940967
45187;14;83.49681216282492
45188;9;77.6500179662235
45189;2;78.22445561139028
45190;2;82.19461697722568
45191;0;86.88524590163934
45192;7;86.45625249700359
45193;2;86.74121405750799
45194;0;74.6268656716418
45195;12;79.08375751966682
45196;13;76.80115273775216
45197;12;78.08433107756377
45198;6;83.02401746724891
45199;5;69.35538305771178
45200;29;79.48995029176572
45201;14;64.1159420289855
45202;12;75.85147247119079
45203;10;75.29137529137529
45204;0;80.7153965785381
45205;35;69.79985174203114
45901;1;75.03250975292588
05001;1;78.8659793814433
05002;9;75.28147389969294
05005;0;80.21390374331551
05007;1;65.48672566371681
05008;2;79.29515418502203
05010;1;79.86577181208054
05012;0;81.48148148148148
05013;2;83.67579908675799
05014;30;76.30025820730357
05015;1;75.86206896551724
05016;39;76.92186266771903
05017;0;88.23529411764706
05018;0;72.41379310344827
05019;285;78.24732098820787
05021;12;76.50103519668737
05022;4;79.39168218497828
05023;5;88.4393063583815
05024;5;73.16017316017316
05025;1;76.04166666666666
05026;1;86.29441624365482
05027;2;81.78438661710037
05029;0;74.79674796747967
05030;0;80.43478260869566
05033;0;79.88505747126436
05034;1;80.0
05035;1;78.50467289719626
05036;0;78.86178861788618
05037;3;63.2183908045977
05038;0;75.0
05039;0;76.78571428571429
05040;0;66.17647058823529
05041;10;77.12287712287711
05042;0;81.29032258064515
05043;0;79.76190476190477
05044;0;69.4980694980695
05045;0;73.68421052631578
05046;1;84.44444444444444
05047;7;78.28054298642535
05048;0;86.66666666666667
05049;1;75.43859649122807
05051;3;83.97790055248619
05052;0;89.8989898989899
05053;0;67.44186046511628
05054;1;76.97899838449112
05055;0;82.63888888888889
05056;0;76.04166666666666
05057;14;80.04048582995952
05058;2;70.51282051282051
05059;1;72.47706422018348
05060;1;82.5
05061;4;78.26086956521739
05062;2;84.23913043478261
05063;0;70.58823529411765
05064;1;84.46601941747572
05065;6;82.72921108742004
05066;3;79.6943231441048
05067;1;79.51807228915662
05069;0;78.37837837837837
05070;0;81.25
05072;1;80.45977011494253
05073;4;81.81818181818183
05074;1;78.35497835497836
05075;0;62.616822429906534
05076;5;83.36798336798337
05077;2;85.09316770186336
05078;3;86.95652173913044
05079;0;77.14285714285715
05080;0;71.1864406779661
05081;0;84.61538461538461
05082;5;82.76515151515152
05083;2;74.48275862068967
05084;1;75.67567567567568
05085;0;76.31578947368422
05086;1;80.48780487804879
05087;0;67.88321167883211
05088;0;72.72727272727273
05089;0;78.8702928870293
05090;1;82.14285714285714
05092;0;77.41935483870968
05093;1;75.0599520383693
05094;0;78.57142857142857
05095;0;82.70676691729322
05096;0;72.15189873417721
05097;3;68.35443037974683
05099;3;80.08048289738431
05100;0;80.35087719298247
05101;1;75.9493670886076
05102;7;79.19203099059214
05103;0;71.7948717948718
05104;1;67.64705882352942
05105;3;79.94269340974212
05106;0;75.0
05107;1;60.9375
05108;0;58.82352941176471
05109;3;83.25991189427313
05110;3;77.53120665742024
05112;1;74.22680412371135
05113;1;74.35897435897436
05114;5;83.22295805739515
05115;2;73.68421052631578
05116;1;80.50847457627118
05117;2;88.55721393034825
05118;0;67.85714285714286
05119;0;60.60606060606061
05120;0;74.28571428571429
05121;3;77.17842323651453
05122;1;79.86111111111111
05123;2;71.875
05124;1;77.57009345794393
05125;0;78.94736842105263
05126;0;84.28571428571429
05127;4;82.92307692307692
05128;4;82.57142857142857
05129;0;60.46511627906976
05130;0;86.31578947368422
05131;1;66.66666666666666
05132;2;68.34677419354838
05133;1;82.08955223880598
05134;0;83.33333333333334
05135;1;76.47058823529412
05136;5;76.28865979381443
05138;3;77.491961414791
05139;0;86.8421052631579
05140;0;83.62068965517241
05141;2;90.52631578947368
05142;1;84.61538461538461
05143;1;83.33333333333334
05144;2;78.48101265822784
05145;0;78.84615384615384
05147;0;73.4567901234568
05148;0;62.96296296296296
05149;0;72.38095238095238
05151;1;75.26881720430107
05152;3;81.30434782608695
05153;3;72.22222222222221
05154;0;83.33333333333334
05155;0;71.15384615384616
05156;0;65.46184738955823
05157;1;70.83333333333334
05158;1;77.89757412398922
05159;2;68.89763779527559
05160;1;81.42414860681114
05161;2;82.42320819112628
05162;2;68.96551724137932
05163;1;76.9362186788155
05164;1;70.37037037037037
05165;5;76.57894736842105
05166;1;71.80851063829788
05167;0;78.8679245283019
05168;17;76.85834502103786
05169;1;78.76106194690266
05170;0;88.46153846153845
05171;2;79.45205479452055
05172;2;84.5528455284553
05173;0;75.0
05174;1;79.71014492753623
05175;0;81.76100628930818
05176;2;81.19658119658119
05177;1;80.0
05178;0;79.51482479784366
05179;0;85.5813953488372
05180;1;77.27272727272727
05181;1;72.09302325581395
05182;9;69.78776529338327
05183;1;81.42857142857143
05184;0;78.8
05185;1;85.1063829787234
05186;9;78.88040712468194
05187;11;80.28490028490029
05188;0;84.44444444444444
05189;3;76.74943566591422
05190;2;76.36363636363637
05191;1;82.53968253968253
05192;1;82.0
05193;1;84.02061855670104
05194;5;88.40579710144928
05195;1;72.32142857142857
05196;0;73.58490566037736
05197;0;91.83673469387756
05198;0;80.82191780821918
05199;0;82.05128205128204
05200;0;57.14285714285714
05201;2;82.98676748582231
05204;1;77.41407528641571
05205;0;77.33333333333333
05206;0;75.86206896551724
05207;0;79.3400286944046
05208;0;85.0
05209;0;75.90361445783132
05210;1;84.70588235294117
05211;2;80.64516129032258
05212;1;67.38197424892704
05213;0;82.17821782178217
05214;0;71.05263157894737
05215;2;74.55621301775149
05216;2;69.19642857142857
05217;0;77.58620689655173
05218;0;80.16528925619835
05219;0;71.7948717948718
05220;1;78.01047120418848
05221;3;76.48725212464589
05222;0;79.24528301886792
05224;0;82.0754716981132
05225;5;84.94623655913979
05226;0;74.02597402597402
05227;0;67.02412868632707
05228;0;70.39106145251397
05229;0;79.76190476190477
05230;1;86.15384615384616
05231;1;78.75
05232;1;84.6938775510204
05233;0;79.20353982300885
05234;1;90.19607843137256
05235;1;89.51612903225806
05236;0;66.40625
05237;1;79.8780487804878
05238;4;71.79161372299873
05239;1;78.74396135265701
05240;9;69.37813144709696
05241;17;69.55533917559235
05242;10;79.00146842878121
05243;1;69.31818181818183
05244;0;74.50980392156863
05245;0;84.19540229885058
05246;0;70.0
05247;1;58.8
05249;0;76.63551401869158
05251;0;58.82352941176471
05252;0;70.3125
05253;0;79.54545454545455
05254;0;84.6938775510204
05256;1;79.3103448275862
05257;0;70.0
05258;0;86.72566371681415
05259;3;85.6
05260;1;80.76923076923077
05261;0;61.904761904761905
05262;1;77.6536312849162
05263;0;79.65116279069767
05264;1;69.35483870967742
05265;0;85.36585365853658
05266;0;87.25490196078431
05267;0;65.0
05901;5;68.4981684981685
05902;0;78.81944444444444
05903;0;68.78980891719745
05904;1;69.17293233082707
05905;1;70.09345794392523
09001;0;96.29629629629629
09003;2;77.08333333333334
09006;0;67.21311475409836
09007;0;69.49152542372882
09009;2;79.75460122699386
09010;2;71.875
09011;0;71.01449275362319
09012;1;73.11827956989248
09013;0;87.2340425531915
09014;1;59.624413145539904
09016;2;75.29411764705883
09017;0;75.28089887640449
09018;174;74.34620678487572
09019;1;70.06802721088435
09020;2;71.37404580152672
09021;0;58.92857142857143
09022;1;85.07462686567165
09023;9;77.37226277372264
09024;0;75.0
09025;1;68.8
09026;1;79.09319899244332
09027;0;93.61702127659575
09029;3;79.76190476190477
09030;3;69.72477064220183
09032;0;67.5925925925926
09033;0;84.26966292134831
09034;5;84.64285714285714
09035;0;77.63578274760383
09036;2;81.57894736842105
09037;0;84.95575221238938
09038;0;82.20338983050848
09039;0;65.51724137931035
09041;1;100.0
09043;2;69.84126984126983
09044;0;82.6086956521739
09045;2;69.66292134831461
09046;0;86.66666666666667
09047;2;80.35714285714286
09048;4;75.47169811320755
09050;0;75.0
09051;1;79.16666666666666
09052;1;70.96774193548387
09054;3;73.0
09055;0;75.0
09056;35;73.69701886027174
09057;0;80.55555555555556
09058;2;74.55470737913485
09059;976;77.9772223563231
09060;0;83.1081081081081
09061;1;74.69879518072288
09062;1;86.27450980392157
09063;2;86.3849765258216
09064;3;82.83132530120481
09065;2;84.35374149659864
09066;0;78.46153846153847
09067;9;69.68325791855203
09068;0;79.3103448275862
09070;3;91.17647058823529
09071;0;75.55555555555556
09072;1;78.17589576547232
09073;10;81.31749460043196
09074;8;77.28426395939087
09075;1;74.77477477477478
09076;0;60.86956521739131
09077;1;72.22222222222221
09078;0;85.36585365853658
09079;0;86.95652173913044
09082;0;87.5
09083;0;89.1891891891892
09084;7;79.36507936507937
09085;2;74.10526315789474
09086;0;69.14119359534206
09088;1;66.66666666666666
09090;1;89.47368421052632
09091;7;70.49180327868852
09093;1;86.36363636363636
09094;0;82.35294117647058
09095;0;72.09302325581395
09098;6;76.74418604651163
09100;0;86.4406779661017
09101;0;74.68354430379746
09102;0;83.78378378378379
09103;2;83.710407239819
09104;0;79.62962962962963
09105;0;82.2429906542056
09108;2;76.71957671957672
09109;10;65.3558052434457
09110;1;61.25000000000001
09112;2;66.3716814159292
09113;6;82.54310344827587
09114;0;77.01149425287356
09115;0;75.0
09117;0;79.22077922077922
09119;0;58.69565217391305
09120;0;89.74358974358975
09122;0;68.75
09123;0;87.5
09124;9;73.22368421052632
09125;3;72.98657718120806
09127;0;72.72727272727273
09128;0;80.48780487804879
09129;0;82.85714285714286
09130;1;79.74683544303798
09131;5;82.82608695652173
09132;0;76.30057803468208
09133;0;85.0
09134;2;66.66666666666666
09135;1;80.48780487804879
09136;2;78.64583333333334
09137;1;76.64670658682635
09138;0;81.11111111111111
09139;2;74.25742574257426
09140;0;68.75
09141;4;81.8032786885246
09143;0;74.07407407407408
09144;0;76.92307692307693
09148;5;84.88372093023256
09149;0;73.52941176470588
09151;3;79.47598253275109
09152;0;73.38403041825094
09154;2;73.23943661971832
09155;1;76.92307692307693
09159;1;85.71428571428571
09160;0;78.88888888888889
09162;0;75.52447552447552
09163;5;79.56810631229236
09164;1;73.33333333333333
09166;3;81.44329896907216
09167;2;71.1864406779661
09168;1;78.71621621621621
09169;0;83.83838383838383
09170;1;74.8768472906404
09172;2;81.6
09173;1;75.60975609756098
09174;10;71.07540173053152
09175;0;71.31782945736434
09176;0;73.77049180327869
09177;5;74.30617726051925
09178;1;69.23076923076923
09179;0;81.3953488372093
09180;2;75.0
09181;3;76.49006622516556
09182;2;80.76923076923077
09183;0;72.54901960784314
09184;0;80.0
09189;2;67.6923076923077
09190;0;61.53846153846154
09191;0;82.05128205128204
09192;0;85.45454545454545
09194;17;76.58102766798419
09195;2;73.68421052631578
09196;1;70.12987012987013
09197;1;72.97297297297297
09198;2;79.62962962962963
09199;2;71.42857142857143
09200;0;77.08333333333334
09201;0;56.666666666666664
09202;1;91.66666666666666
09206;3;85.24590163934425
09208;3;65.87677725118483
09209;37;74.66193748614498
09211;11;74.28180574555402
09213;4;69.6875
09214;6;66.08187134502924
09215;0;70.026525198939
09216;8;73.50649350649351
09217;4;73.40720221606648
09218;2;75.55555555555556
09219;166;72.13845596230519
09220;2;81.57894736842105
09221;1;75.73033707865169
09223;0;84.78260869565217
09224;0;77.70700636942675
09225;1;67.85714285714286
09226;0;83.33333333333334
09227;0;81.5126050420168
09228;0;84.66257668711657
09229;0;72.636815920398
09230;0;81.57894736842105
09231;3;70.0
09232;2;82.78145695364239
09235;0;77.5
09236;0;84.21052631578947
09238;6;61.80257510729614
09239;1;83.01886792452831
09241;3;77.61194029850746
09242;2;80.24691358024691
09243;1;74.66666666666667
09244;1;55.319148936170215
09246;5;73.63344051446946
09247;0;82.6086956521739
09248;0;73.07692307692307
09249;1;78.72340425531915
09250;4;79.85347985347985
09251;3;73.58490566037736
09253;1;86.48648648648648
09255;0;76.74418604651163
09256;2;72.09944751381215
09257;4;86.95652173913044
09258;4;80.34682080924856
09259;3;78.96995708154506
09261;8;73.2181425485961
09262;0;80.12422360248446
09265;0;81.57894736842105
09266;0;79.12087912087912
09267;3;87.82608695652175
09268;0;76.84210526315789
09269;0;84.61538461538461
09270;1;74.84662576687117
09272;1;70.06802721088435
09273;1;77.35849056603774
09274;9;80.14571948998179
09275;1;71.875
09276;2;72.3514211886305
09277;0;84.87394957983193
09279;0;73.44632768361582
09280;0;62.96296296296296
09281;0;74.14965986394559
09283;0;63.04347826086957
09287;2;81.73076923076923
09288;1;76.92307692307693
09289;6;70.05457025920873
09292;0;78.26086956521739
09294;0;79.27927927927928
09295;0;61.66666666666667
09297;5;82.04334365325077
09298;0;75.60975609756098
09301;5;83.27922077922078
09302;0;75.0
09303;0;78.26086956521739
09304;1;82.17821782178217
09306;1;80.53097345132744
09307;0;80.53097345132744
09308;1;64.17910447761194
09309;2;70.58823529411765
09310;0;69.23076923076923
09311;0;86.66666666666667
09312;0;84.6938775510204
09314;1;84.21052631578947
09315;2;70.97625329815304
09316;1;79.8076923076923
09317;0;87.5
09318;0;62.295081967213115
09321;5;76.21951219512195
09323;0;73.4375
09325;2;64.1025641025641
09326;2;77.7027027027027
09327;0;88.0
09328;1;71.42857142857143
09329;1;69.91869918699187
09330;15;76.55942219304005
09332;1;76.42857142857142
09334;0;81.25
09335;0;82.75862068965517
09337;0;73.04347826086956
09338;1;78.99543378995433
09339;0;80.46875
09340;0;64.47368421052632
09343;0;72.16494845360825
09345;0;74.19354838709677
09346;0;76.34408602150538
09347;4;80.1418439716312
09348;1;79.45205479452055
09350;5;74.58333333333333
09351;1;76.66666666666667
09352;0;83.62068965517241
09353;0;78.08219178082192
09354;1;90.9090909090909
09355;0;74.25742574257426
09356;0;73.80952380952381
09358;1;76.70682730923694
09360;0;90.0
09361;0;82.05128205128204
09362;0;82.35294117647058
09363;3;74.94866529774127
09365;0;64.51612903225806
09366;1;71.11111111111111
09368;1;63.63636363636363
09369;1;74.8868778280543
09372;1;85.97285067873304
09373;3;64.77272727272727
09374;2;87.77777777777777
09375;0;77.14285714285715
09377;5;76.48
09378;1;67.74193548387096
09380;0;75.64102564102564
09381;0;71.875
09382;1;90.9090909090909
09384;0;67.91808873720136
09386;2;75.86206896551724
09387;0;81.35593220338984
09388;1;86.11111111111111
09389;0;72.72727272727273
09390;3;78.23240589198036
09391;2;73.13019390581718
09392;0;75.47169811320755
09394;8;76.75378266850069
09395;0;70.58823529411765
09396;1;77.63157894736842
09398;1;72.0
09400;3;81.38801261829653
09403;1;81.25
09405;0;69.53125
09406;1;77.77777777777779
09407;1;85.18518518518519
09408;1;82.92682926829268
09409;0;79.81651376146789
09410;18;71.09144542772862
09411;0;74.49664429530202
09412;2;68.74221668742216
09413;5;74.49664429530202
09414;1;73.6318407960199
09415;0;62.172284644194754
09416;0;75.0
09417;0;75.0
09418;3;76.82926829268293
09419;0;57.692307692307686
09421;2;72.57383966244726
09422;0;55.55555555555556
09423;0;92.5925925925926
09424;1;81.25
09425;2;71.78988326848248
09427;12;71.00840336134453
09428;0;81.30841121495327
09429;0;73.21428571428571
09430;0;79.16666666666666
09431;0;83.19327731092437
09432;1;75.66137566137566
09433;0;86.66666666666667
09434;10;80.67158067158067
09437;5;79.37062937062937
09438;3;81.98529411764706
09439;9;81.89054726368158
09440;0;81.25
09441;0;89.1891891891892
09442;2;75.52631578947368
09443;1;72.1311475409836
09444;2;66.66666666666666
09445;1;72.72727272727273
09446;0;58.333333333333336
09447;0;90.47619047619048
09448;1;83.33333333333334
09449;1;82.75862068965517
09450;1;77.77777777777779
09451;1;83.61344537815127
09454;0;72.3404255319149
09455;0;77.27272727272727
09456;2;69.76744186046511
09458;3;81.54506437768241
09460;2;76.27118644067797
09463;3;78.62595419847328
09464;0;66.66666666666666
09466;0;73.88059701492537
09467;3;69.6969696969697
09471;0;77.48344370860927
09472;0;72.72727272727273
09473;1;72.94117647058823
09476;0;73.01587301587301
09478;0;84.44444444444444
09480;1;80.9090909090909
09482;0;85.29411764705883
09483;1;75.94339622641509
09485;1;78.18181818181819
09901;3;71.65775401069519
09902;1;75.27114967462039
09903;24;72.5622885266072
09904;5;80.70539419087137
09905;5;78.77237851662404
09906;9;77.84137367130009
09907;13;78.87323943661971
09908;2;66.95095948827291
24001;0;57.446808510638306
24002;3;77.11864406779661
24003;5;67.79141104294479
24004;6;74.4136460554371
24005;6;68.9922480620155
24006;4;71.92622950819673
24007;3;75.6544502617801
24008;77;74.72904818113531
24009;1;50.0
24010;61;70.97080465226679
24011;0;54.066985645933016
24012;4;71.38047138047138
24014;56;71.91597538132191
24015;22;74.2869679684072
24016;1;60.04184100418411
24017;9;74.5704467353952
24018;0;80.7909604519774
24019;3;81.61559888579387
24020;5;63.498920086393085
24021;6;71.86018957345972
24022;0;66.37426900584795
24023;2;70.52238805970148
24024;4;71.36690647482014
24025;0;77.66666666666666
24026;19;75.47797173732336
24027;8;72.57001647446458
24028;3;78.75647668393782
24029;2;72.28116710875332
24030;16;75.0756341633698
24031;1;78.24074074074075
24032;1;73.87387387387388
24033;1;72.98578199052133
24034;27;75.92863410353905
24036;0;60.13289036544851
24037;0;68.02168021680217
24038;30;76.69777920823945
24039;39;77.2267693789119
24040;2;69.5364238410596
24041;5;70.07299270072993
24042;1;78.68852459016394
24043;0;51.11111111111111
24044;0;73.09941520467837
24046;6;69.46484784889822
24047;7;68.15856777493606
24049;8;77.16008037508372
24050;1;75.49019607843137
24051;1;71.13163972286374
24052;0;63.74269005847953
24053;2;69.02050113895216
24054;4;71.13163972286374
24055;6;72.3404255319149
24056;31;72.23367697594502
24057;11;80.74670571010249
24058;0;66.82926829268293
24059;8;58.62457722660653
24060;0;58.69918699186992
24061;13;73.09048178613396
24062;1;73.94366197183099
24063;1;66.49616368286445
24064;10;76.39344262295083
24065;16;74.69135802469135
24066;3;72.81746031746032
24067;2;59.379844961240316
24068;5;73.92241379310344
24069;0;85.71428571428571
24070;31;77.08583794181294
24071;9;74.2544731610338
24073;3;71.3097713097713
24074;1;77.77777777777779
24076;7;75.99687255668492
24077;1;85.90308370044053
24078;4;73.71134020618557
24079;9;70.93275488069413
24080;3;77.98165137614679
24081;0;68.30985915492957
24082;10;79.54022988505747
24083;4;70.93779015784587
24084;1;73.4567901234568
24086;1;73.80073800738008
24087;11;72.71317829457364
24088;8;77.53134040501446
24089;779;75.3065866524706
24090;1;64.9425287356322
24091;2;66.9710806697108
24092;1;76.5142150803461
24093;3;65.52631578947368
24094;11;75.28735632183908
24095;1;78.343949044586
24096;0;59.67741935483871
24097;1;64.88888888888889
24098;8;73.02904564315352
24099;2;76.878612716763
24100;4;73.99219765929779
24101;2;65.34653465346535
24102;2;75.57251908396947
24103;1;54.794520547945204
24104;0;67.66917293233082
24105;10;75.32917532917533
24106;1;68.9922480620155
24107;2;75.40983606557377
24108;3;74.0053050397878
24109;7;66.96787148594377
24110;7;74.38148443735035
24112;0;65.09433962264151
24113;3;77.04918032786885
24114;7;69.97103315094947
24115;325;73.46841038865352
24116;0;65.09433962264151
24117;2;74.66367713004485
24118;1;66.14173228346458
24119;6;69.94301994301995
24120;1;62.02898550724638
24121;0;73.43511450381679
24122;9;71.42857142857143
24123;4;65.91809775429326
24124;4;66.57754010695187
24125;2;60.0
24127;3;79.40199335548172
24129;1;69.67213114754098
24130;1;72.99771167048054
24131;5;67.25067385444744
24132;6;63.21656050955414
24133;3;74.0
24134;27;75.84415584415585
24136;8;71.875
24137;9;72.80071813285458
24139;24;73.55901189387009
24141;0;77.55102040816327
24142;205;73.54133545310016
24143;4;76.07003891050583
24144;5;69.17613636363636
24145;8;67.93893129770993
24146;0;71.95571955719558
24148;9;75.29691211401425
24149;0;79.35483870967742
24150;3;72.0164609053498
24151;1;72.5609756097561
24152;2;65.36796536796537
24153;3;74.2489270386266
24154;7;74.25742574257426
24155;0;79.49790794979079
24156;1;69.54732510288066
24157;25;78.02325581395348
24158;0;65.01547987616098
24159;17;76.80131004366812
24160;2;73.121387283237
24161;2;74.91408934707904
24162;21;78.63554757630162
24163;49;78.28964113005854
24164;1;50.93833780160858
24165;2;68.09651474530831
24166;7;73.8145789101203
24167;9;66.71035386631718
24168;4;83.08026030368764
24169;12;75.80645161290323
24170;13;74.25025853154085
24171;1;60.16483516483516
24172;1;51.90476190476191
24173;3;71.898197242842
24174;3;73.13131313131314
24175;13;75.67123287671232
24176;5;76.72955974842768
24177;1;68.1912681912682
24178;0;81.69014084507043
24179;8;67.55852842809364
24180;12;73.13829787234043
24181;10;74.72021066491112
24182;6;68.80952380952381
24183;5;65.59006211180125
24184;0;58.7378640776699
24185;4;74.06639004149378
24187;6;73.28767123287672
24188;48;77.0752016653656
24189;58;69.59773936170212
24190;2;68.8622754491018
24191;1;75.67567567567568
24193;4;72.13541666666666
24194;1;78.76712328767124
24196;15;73.43900096061479
24197;6;70.77922077922078
24198;4;68.27242524916943
24199;3;65.58891454965358
24201;5;70.44198895027624
24202;51;69.8197085700173
24203;1;76.04166666666666
24205;9;73.83660806618407
24206;8;75.23094688221708
24207;3;82.77027027027027
24209;15;68.35125448028674
24210;0;68.03921568627452
24211;4;76.08695652173914
24212;7;76.19047619047619
24213;0;74.0506329113924
24214;1;73.54260089686099
24215;1;76.28205128205127
24216;2;72.81420765027322
24217;1;80.88235294117648
24218;3;72.90748898678414
24219;2;74.00379506641366
24221;6;71.89873417721519
24222;119;74.83332163660607
24223;53;76.2121212121212
24224;7;72.78582930756843
24225;6;77.05882352941177
24226;0;67.64705882352942
24227;14;70.87198515769944
24228;2;68.31831831831832
24229;8;77.28337236533957
24230;2;77.77777777777779
24901;4;72.68722466960352
24902;2;77.11864406779661
34001;2;80.0
34003;0;77.91411042944786
34004;41;75.11553501599715
34005;6;78.08857808857809
34006;1;86.25
34009;1;87.87878787878788
34010;5;76.66666666666667
34011;3;81.90954773869346
34012;4;76.51933701657458
34015;1;82.05128205128204
34017;2;82.93478260869566
34018;3;80.86124401913875
34019;1;82.39999999999999
34020;0;73.58490566037736
34022;8;83.56164383561644
34023;38;74.98575498575498
34024;0;59.375
34025;1;72.1311475409836
34027;11;71.71532846715328
34028;1;84.02777777777779
34029;4;81.98074277854195
34031;1;96.55172413793103
34032;0;78.04878048780488
34033;0;94.44444444444444
34034;1;73.80952380952381
34035;1;79.64601769911505
34036;1;77.31481481481481
34037;4;70.3225806451613
34038;3;72.92418772563177
34039;0;75.40983606557377
34041;1;79.7752808988764
34042;4;82.33333333333334
34045;2;84.4155844155844
34046;0;72.09302325581395
34047;15;77.75929007210205
34048;1;84.21052631578947
34049;1;75.88075880758808
34050;0;79.20792079207921
34051;1;88.23529411764706
34052;3;83.14606741573034
34053;4;81.3397129186603
34055;2;72.85714285714285
34056;12;74.98751872191713
34057;3;71.21848739495799
34058;0;90.76086956521739
34059;6;82.46445497630332
34060;1;82.48175182481752
34061;0;74.07407407407408
34062;3;63.06818181818182
34063;1;93.02325581395348
34066;0;77.58620689655173
34067;0;73.64341085271317
34068;1;96.0
34069;25;74.8796498905908
34070;2;73.125
34071;4;81.3953488372093
34072;1;88.75
34073;0;80.21390374331551
34074;8;76.77329624478443
34076;3;82.74706867671692
34077;0;72.49283667621776
34079;11;80.26233603997501
34080;39;69.42765730536793
34081;0;81.9672131147541
34082;0;84.52380952380952
34083;8;71.00958826847152
34084;1;78.57142857142857
34086;1;86.66666666666667
34087;1;85.8267716535433
34088;2;83.11688311688312
34089;1;78.98089171974523
34091;1;78.86178861788618
34092;2;79.46127946127946
34093;0;80.0
34094;1;68.85245901639344
34096;3;80.7017543859649
34098;2;75.25641025641025
34099;0;83.60655737704919
34100;5;81.69014084507043
34101;0;77.77777777777779
34102;1;83.90243902439025
34103;2;81.25
34104;0;82.18623481781377
34106;2;82.45614035087719
34107;3;60.49382716049383
34108;5;84.35754189944134
34109;0;81.35593220338984
34110;2;85.71428571428571
34112;0;80.85106382978722
34113;0;97.2972972972973
34114;2;69.33962264150944
34116;0;66.12903225806451
34120;379;76.70796844916464
34121;2;80.72916666666666
34122;0;78.57142857142857
34123;20;80.69544364508393
34124;0;77.04918032786885
34125;1;78.4090909090909
34126;2;78.13620071684588
34127;2;67.36842105263158
34129;2;77.6536312849162
34130;2;82.15962441314554
34131;0;84.7457627118644
34132;0;80.8695652173913
34133;0;79.43925233644859
34134;2;69.81132075471697
34135;4;75.70332480818415
34136;1;66.48351648351648
34137;1;85.71428571428571
34139;6;75.0
34140;0;58.87850467289719
34141;4;81.31868131868131
34143;3;73.83720930232558
34146;0;76.36363636363637
34147;1;71.8562874251497
34149;0;75.0
34151;3;66.46706586826348
34152;1;82.25806451612904
34154;0;71.05263157894737
34155;1;77.77777777777779
34156;3;85.71428571428571
34157;26;76.09756097560975
34158;3;65.51724137931035
34159;4;76.30853994490359
34160;1;78.32167832167832
34161;0;60.86956521739131
34163;0;81.63265306122449
34165;0;89.39393939393939
34167;0;78.0701754385965
34168;1;92.72727272727272
34169;2;74.75247524752476
34170;0;79.03225806451613
34171;7;73.31975560081466
34174;4;79.02439024390245
34175;1;84.26966292134831
34176;2;76.11940298507463
34177;1;83.24022346368714
34178;5;81.41592920353983
34179;0;75.86206896551724
34180;2;82.35294117647058
34181;3;75.71743929359823
34182;3;79.7979797979798
34184;0;83.63636363636363
34185;2;70.76923076923077
34186;0;88.23529411764706
34189;1;78.94736842105263
34190;3;71.42857142857143
34192;0;81.72043010752688
34196;1;76.92307692307693
34199;18;76.5224358974359
34201;2;84.4559585492228
34202;0;64.51612903225806
34204;2;82.97872340425532
34205;0;76.27118644067797
34206;3;78.2707622298066
34208;1;77.35849056603774
34210;0;88.23529411764706
34211;3;83.88888888888889
34213;2;74.13793103448276
34214;1;80.64516129032258
34215;2;90.79754601226993
34216;0;77.61194029850746
34217;6;79.5
34218;2;75.26652452025586
34220;0;89.58333333333334
34221;3;75.41899441340783
34222;2;68.33333333333333
34223;1;72.6027397260274
34224;0;68.88888888888889
34225;41;78.11543952682032
34227;1;81.57894736842105
34228;0;81.48148148148148
34229;1;82.08955223880598
34230;0;80.0
34231;4;71.98275862068965
34232;11;80.3475935828877
34233;1;88.54961832061069
34234;0;79.16666666666666
34236;1;77.77777777777779
34237;5;79.06197654941374
34238;1;81.81818181818183
34240;2;78.88888888888889
34241;2;72.22222222222221
34242;1;77.89473684210526
34243;2;80.67484662576688
34245;4;68.48874598070739
34246;1;76.5625
34901;6;78.24156305506217
34902;0;82.14285714285714
34903;1;64.64646464646465
34904;3;75.54858934169279
37001;0;75.38461538461539
37002;0;60.416666666666664
37003;0;78.15126050420169
37004;0;68.75
37005;0;75.32467532467533
37006;1;67.4074074074074
37007;4;73.12072892938497
37008;16;77.059097254537
37009;3;74.53703703703704
37010;3;74.89539748953975
37011;0;74.59016393442623
37012;0;78.0
37013;3;71.900826446281
37014;5;73.21274763135229
37015;3;65.31531531531532
37016;3;78.70855148342059
37017;2;74.10358565737052
37018;1;76.19047619047619
37019;0;75.49668874172185
37020;3;79.06976744186046
37021;0;77.5
37022;2;82.08955223880598
37023;9;80.98693759071118
37024;0;83.69565217391305
37025;2;86.43410852713178
37026;2;82.29166666666666
37027;0;82.01754385964912
37028;1;74.0
37029;0;72.76995305164318
37030;0;80.95238095238095
37031;1;70.68493150684931
37032;1;75.69060773480662
37033;0;64.28571428571429
37034;3;78.57142857142857
37035;0;82.9896907216495
37036;0;73.01587301587301
37037;0;68.0672268907563
37038;5;79.59442332065906
37039;4;70.06578947368422
37040;3;81.42493638676844
37041;0;64.86486486486487
37042;2;69.04761904761905
37044;1;75.1063829787234
37045;0;74.07407407407408
37046;62;73.21806633733239
37047;0;49.700598802395206
37049;2;66.66666666666666
37050;1;70.1492537313433
37051;0;67.5
37052;2;71.8978102189781
37054;1;76.24521072796935
37055;0;85.36585365853658
37056;0;73.17073170731707
37057;0;78.87323943661971
37058;0;70.49180327868852
37059;0;80.64516129032258
37060;0;78.36734693877551
37061;1;73.45132743362832
37062;1;79.76190476190477
37063;1;79.72972972972973
37065;0;73.37461300309597
37067;22;81.632
37068;5;74.31693989071039
37069;9;73.05327868852459
37070;4;75.60975609756098
37071;1;93.58974358974359
37072;2;80.12048192771084
37073;8;77.01543739279589
37074;4;71.24183006535948
37077;0;90.0
37078;8;81.40947752126367
37079;0;86.48648648648648
37080;1;75.86206896551724
37081;4;77.17041800643086
37082;1;71.33917396745932
37083;0;88.8268156424581
37085;35;73.87329931972789
37086;2;81.63265306122449
37087;8;79.64912280701755
37088;3;74.50980392156863
37089;0;74.6268656716418
37090;0;73.07692307692307
37091;2;64.77272727272727
37092;11;73.0213749277874
37096;5;79.0909090909091
37097;0;83.33333333333334
37098;1;70.74626865671641
37099;2;61.64383561643836
37100;1;83.9506172839506
37101;2;74.84662576687117
37102;3;70.8029197080292
37103;4;73.09417040358744
37104;0;77.77777777777779
37106;1;64.66165413533834
37107;96;70.879778903731
37108;2;80.19801980198021
37109;0;65.38461538461539
37110;1;78.63247863247864
37112;0;71.42857142857143
37113;3;79.06976744186046
37114;1;76.13636363636364
37115;0;72.35772357723577
37116;0;73.91304347826086
37117;14;73.73113854595336
37118;0;76.8
37119;1;78.89908256880734
37120;1;77.77777777777779
37121;5;74.31506849315068
37122;3;78.21782178217822
37123;0;77.47252747252747
37124;0;68.0365296803653
37125;3;69.2982456140351
37126;0;80.0
37127;4;71.49321266968326
37128;4;79.92424242424242
37129;1;79.2828685258964
37130;5;89.59537572254335
37131;0;73.68421052631578
37132;2;77.49287749287748
37133;4;75.92592592592592
37134;1;76.08695652173914
37135;10;76.96118909991742
37136;2;67.9160419790105
37137;0;69.52380952380952
37138;4;77.88944723618091
37139;2;79.51219512195122
37140;2;64.89675516224189
37141;1;81.41025641025641
37142;2;76.52027027027027
37143;1;78.18181818181819
37144;2;77.83783783783784
37145;0;73.92996108949417
37146;1;81.9672131147541
37147;0;73.82198952879581
37148;6;71.52941176470588
37149;0;90.0
37150;0;81.3953488372093
37151;2;79.45205479452055
37152;2;68.39622641509435
37154;0;82.26950354609929
37155;1;73.97260273972603
37156;27;73.61948955916473
37157;0;80.51948051948052
37158;0;73.79032258064517
37159;0;81.31868131868131
37160;7;71.77033492822966
37161;0;78.98550724637681
37162;2;73.30097087378641
37163;0;78.57142857142857
37164;1;78.125
37165;0;81.81818181818183
37166;1;66.66666666666666
37167;2;86.70520231213872
37168;2;72.00902934537245
37169;0;78.97727272727273
37170;10;71.33198106828938
37171;1;78.1021897810219
37172;3;66.05922551252847
37173;5;74.5740498034076
37174;3;78.68544600938966
37175;5;77.64127764127764
37176;0;72.99270072992701
37177;1;74.83221476510067
37178;0;84.84848484848484
37179;0;80.46511627906978
37180;1;71.23287671232876
37181;1;71.8213058419244
37182;0;80.51948051948052
37183;2;73.14148681055156
37184;1;71.59420289855073
37185;4;76.14213197969542
37186;3;73.58490566037736
37187;4;76.28318584070797
37188;3;68.64864864864865
37189;0;77.60000000000001
37190;0;76.25570776255708
37191;0;67.24137931034483
37192;2;69.40509915014165
37193;6;69.92481203007519
37194;2;75.79365079365078
37195;1;72.91666666666666
37196;0;70.12987012987013
37197;2;63.2183908045977
37198;3;78.15533980582524
37199;0;76.05633802816901
37200;2;70.52631578947368
37201;0;68.32061068702289
37202;7;79.03885480572596
37203;0;71.51515151515152
37204;1;76.42857142857142
37205;1;86.26609442060087
37206;4;75.53191489361703
37207;0;77.22772277227723
37208;0;60.49382716049383
37209;7;69.21182266009852
37211;4;73.09417040358744
37212;1;74.77477477477478
37213;0;83.9080459770115
37214;1;70.39999999999999
37215;2;75.0
37216;4;85.16129032258064
37217;1;82.14285714285714
37218;2;46.478873239436616
37219;0;61.452513966480446
37221;2;75.57603686635944
37222;1;68.04123711340206
37223;0;82.56880733944955
37224;2;87.14285714285714
37225;0;88.67924528301887
37226;1;77.56410256410257
37228;1;82.01634877384197
37229;1;71.32867132867133
37230;2;75.56561085972851
37231;4;80.3088803088803
37232;0;89.48717948717949
37233;0;69.23076923076923
37234;1;62.745098039215684
37235;1;75.33632286995515
37236;0;67.62589928057554
37237;4;76.92307692307693
37238;2;78.57142857142857
37239;6;85.58951965065502
37240;5;71.22381477398015
37241;1;74.4186046511628
37242;0;78.02197802197803
37243;0;74.50980392156863
37244;1;67.91044776119402
37245;7;73.04347826086956
37246;41;78.53795688847235
37247;3;81.4070351758794
37248;2;83.55263157894737
37249;1;75.0
37250;1;62.290502793296085
37251;2;69.04761904761905
37252;0;76.72413793103449
37253;1;81.48148148148148
37254;0;83.60655737704919
37255;0;74.50980392156863
37256;1;71.81818181818181
37257;0;81.13207547169812
37258;1;65.0
37259;0;66.66666666666666
37260;1;81.81818181818183
37261;2;72.68722466960352
37262;1;82.05128205128204
37263;1;72.41379310344827
37264;0;64.17910447761194
37265;2;82.94930875576037
37266;1;65.47619047619048
37267;2;75.87939698492463
37268;0;61.206896551724135
37269;2;72.56637168141593
37270;1;74.73684210526315
37271;3;78.39335180055402
37272;0;71.32352941176471
37273;0;71.29629629629629
37274;853;74.66260449189244
37275;1;70.73170731707317
37276;0;67.11409395973155
37277;0;75.34246575342466
37278;7;76.09561752988047
37279;11;74.96723460026212
37280;0;63.29113924050633
37281;0;91.8918918918919
37282;0;65.07177033492823
37283;1;73.33333333333333
37284;2;75.38461538461539
37285;2;75.48543689320388
37286;4;75.72815533980582
37287;3;74.52830188679245
37288;7;81.78294573643412
37289;2;75.83333333333333
37290;0;82.85714285714286
37291;1;76.86567164179104
37292;1;69.90291262135922
37293;0;71.1864406779661
37294;84;75.77054794520548
37296;4;76.33136094674556
37297;4;81.42857142857143
37298;1;67.93478260869566
37299;1;76.92307692307693
37300;3;74.26086956521739
37301;0;84.93150684931507
37302;1;73.46938775510205
37303;1;80.85106382978722
37304;4;67.05882352941175
37305;2;78.70370370370371
37306;0;63.09963099630996
37307;0;64.375
37309;0;62.22222222222222
37310;2;71.66666666666667
37311;2;80.53097345132744
37312;3;80.53435114503816
37313;1;74.77477477477478
37314;0;85.0574712643678
37315;1;74.19354838709677
37316;5;77.762982689747
37317;1;80.3921568627451
37318;1;74.64114832535886
37319;0;66.66666666666666
37320;1;76.34408602150538
37321;2;77.05882352941177
37322;12;68.40614886731392
37323;8;74.28023032629558
37324;4;76.54986522911051
37325;0;74.72527472527473
37327;5;84.86486486486487
37328;0;75.13227513227513
37329;0;77.77777777777779
37330;4;78.2089552238806
37331;1;69.12442396313364
37332;0;76.81159420289855
37333;4;63.55555555555556
37334;1;53.16455696202531
37335;2;72.53012048192771
37336;0;85.45454545454545
37337;2;86.33093525179856
37338;1;84.61538461538461
37339;4;81.32911392405063
37340;1;70.0
37341;0;76.78571428571429
37342;1;82.03125
37343;0;79.03225806451613
37344;1;74.79674796747967
37345;3;81.32530120481928
37346;1;83.14606741573034
37347;3;76.51991614255765
37348;1;80.53097345132744
37349;0;74.10714285714286
37350;4;76.95961995249407
37351;0;85.05338078291815
37352;0;72.54901960784314
37353;1;71.31782945736434
37354;50;76.32188344268623
37355;1;77.77777777777779
37356;1;84.88372093023256
37357;0;78.26086956521739
37358;2;80.95238095238095
37359;0;71.19565217391305
37360;2;72.60869565217392
37361;0;66.66666666666666
37362;48;74.95644599303137
37363;0;81.66666666666667
37364;6;71.5311004784689
37365;0;84.48275862068965
37366;0;62.7906976744186
37367;7;80.40201005025126
37368;0;93.75
37369;0;68.57142857142857
37370;3;76.55786350148368
37371;1;65.12455516014235
37372;0;80.13698630136986
37373;3;72.58278145695364
37374;8;82.42784380305602
37375;11;84.11347517730496
37376;9;70.54642381163927
37377;3;79.91967871485943
37378;2;66.66666666666666
37379;2;77.45664739884393
37380;2;83.63636363636363
37381;0;70.50359712230215
37382;4;73.88888888888889
40001;4;82.23776223776224
40002;1;89.1891891891892
40003;1;76.22377622377621
40004;2;78.60169491525424
40005;0;83.87096774193549
40006;0;80.95238095238095
40007;0;80.51948051948052
40008;0;82.6086956521739
40009;0;82.0
40010;2;76.61290322580645
40012;3;75.64575645756457
40013;0;78.46153846153847
40014;0;79.3103448275862
40015;1;70.0
40016;0;82.45614035087719
40017;1;83.69565217391305
40018;0;77.77777777777779
40019;0;86.48648648648648
40020;2;77.38095238095238
40021;0;96.29629629629629
40022;3;78.26086956521739
40024;9;77.52293577981652
40025;0;83.80281690140845
40026;0;93.80530973451327
40028;2;87.37864077669903
40029;1;87.5
40030;8;82.77310924369748
40031;2;80.97087378640776
40032;6;76.6497461928934
40033;4;81.35593220338984
40034;0;76.5432098765432
40035;3;77.85714285714286
40036;9;81.69556840077071
40037;0;65.11627906976744
40039;2;78.40375586854461
40040;19;70.33511043412034
40041;18;80.1418439716312
40043;16;79.72602739726027
40044;6;80.55555555555556
40045;1;79.46428571428571
40046;0;76.66666666666667
40047;0;77.41935483870968
40048;0;78.94736842105263
40049;0;72.58064516129032
40051;0;73.33333333333333
40052;0;76.5432098765432
40053;3;72.72727272727273
40054;0;74.10714285714286
40055;0;69.44444444444444
40056;1;79.41176470588235
40057;14;83.33333333333334
40058;1;82.4773413897281
40059;2;85.71428571428571
40060;0;72.8395061728395
40061;0;78.57142857142857
40062;0;83.33333333333334
40063;56;75.56085249579361
40065;8;78.42741935483872
40068;0;91.66666666666666
40069;0;79.76190476190477
40070;1;75.51020408163265
40071;0;91.30434782608695
40072;3;83.5
40073;4;85.18518518518519
40074;2;84.9624060150376
40075;0;79.75460122699386
40076;29;76.77862595419847
40077;6;78.63354037267081
40078;2;80.12422360248446
40079;1;77.77777777777779
40080;0;80.32786885245902
40081;1;74.60317460317461
40082;4;78.26086956521739
40083;1;70.12987012987013
40084;2;80.32786885245902
40086;11;84.67048710601719
40087;2;75.26881720430107
40088;0;75.0
40089;0;74.77064220183486
40091;0;76.72413793103449
40092;0;74.78991596638656
40093;5;87.01298701298701
40094;1;76.0752688172043
40095;7;79.15789473684211
40097;0;84.67741935483872
40099;1;83.33333333333334
40100;2;81.45454545454545
40101;11;76.88787185354691
40103;0;81.52866242038218
40104;1;74.8062015503876
40105;1;89.58333333333334
40106;1;81.77570093457945
40107;1;79.8076923076923
40108;2;68.96551724137932
40109;1;65.33333333333333
40110;1;77.93696275071633
40111;0;83.60655737704919
40112;18;81.34653465346534
40113;5;80.60747663551402
40115;0;76.92307692307693
40118;2;75.0
40119;0;83.52941176470588
40120;1;86.97916666666666
40121;3;80.41958041958041
40122;0;80.93385214007782
40123;3;82.43243243243244
40124;6;77.8688524590164
40125;0;74.44444444444444
40126;0;76.47058823529412
40127;1;66.66666666666666
40128;4;73.48484848484848
40129;2;79.88826815642457
40130;1;83.07692307692308
40131;0;93.75
40132;1;48.484848484848484
40134;8;80.52126200274348
40135;1;83.73702422145328
40136;3;73.68421052631578
40138;13;79.99080036798529
40139;1;77.58007117437722
40140;8;74.22680412371135
40141;7;73.13084112149532
40142;0;81.13207547169812
40143;1;86.36363636363636
40144;0;78.94736842105263
40145;8;82.53825382538254
40146;0;82.74509803921568
40148;1;83.75
40149;7;75.9469696969697
40150;0;85.91549295774648
40151;0;79.54545454545455
40152;1;83.4862385321101
40154;0;61.904761904761905
40155;29;79.36781609195403
40156;2;72.42424242424242
40157;0;86.0
40158;0;66.66666666666666
40159;0;73.75886524822694
40160;2;72.38095238095238
40161;0;82.35294117647058
40162;0;77.02020202020202
40163;1;70.9090909090909
40164;0;77.22222222222223
40165;1;77.5
40166;2;86.15384615384616
40168;0;79.41176470588235
40170;9;78.85931558935361
40171;0;72.72727272727273
40172;0;65.9090909090909
40173;1;82.73381294964028
40174;0;69.80609418282549
40176;3;79.35323383084577
40177;3;79.08496732026144
40178;0;67.96116504854369
40179;3;84.46909667194929
40180;2;81.60535117056857
40181;23;79.63832785345232
40182;1;75.54347826086956
40183;1;86.92307692307692
40184;3;83.00395256916995
40185;9;74.48979591836735
40186;0;78.04878048780488
40188;1;73.68421052631578
40189;3;78.55750487329435
40190;0;90.19607843137256
40191;2;73.42342342342343
40192;1;82.80254777070064
40193;5;74.34782608695653
40194;287;77.61081515730224
40195;13;77.91208791208791
40196;1;76.47058823529412
40198;0;79.16666666666666
40199;0;78.30188679245283
40200;0;75.60975609756098
40201;0;83.6734693877551
40202;0;65.07936507936508
40203;6;80.67039106145252
40204;2;76.04790419161677
40205;2;72.93233082706767
40206;0;79.21348314606742
40207;2;81.27490039840637
40208;5;78.90625
40210;0;74.0
40211;1;84.0
40212;0;70.0
40213;1;79.7752808988764
40214;2;82.85714285714286
40215;0;74.15730337078652
40216;7;83.17880794701988
40218;0;71.1340206185567
40219;6;75.9322033898305
40220;2;75.75757575757575
40221;0;85.71428571428571
40222;0;84.48275862068965
40223;0;76.54867256637168
40224;0;75.0
40225;8;79.98236331569665
40228;0;79.09270216962526
40229;0;73.68421052631578
40230;2;79.7872340425532
40231;1;86.11111111111111
40233;2;81.14558472553699
40234;3;80.0982800982801
40901;1;81.43236074270557
40902;0;81.6
40903;1;74.72527472527473
40904;2;86.96883852691218
40905;0;72.18045112781954
40906;16;83.37557019766852
42001;2;78.49462365591397
42003;1;89.39393939393939
42004;32;76.95993031358886
42006;8;73.78048780487805
42007;2;73.50427350427351
42008;0;66.66666666666666
42009;2;81.25
42010;0;77.77777777777779
42011;0;58.82352941176471
42012;0;78.37837837837837
42013;0;80.0
42014;2;65.15151515151516
42015;0;78.125
42016;0;72.22222222222221
42017;1;80.98591549295774
42018;0;76.31578947368422
42019;4;71.12403100775194
42020;42;71.99160447761194
42021;1;62.35294117647059
42022;2;79.90654205607477
42023;0;80.3030303030303
42024;0;78.16091954022988
42025;11;72.69736842105263
42026;0;83.33333333333334
42027;0;73.68421052631578
42028;0;70.0
42029;0;74.12587412587412
42030;3;81.05263157894737
42031;0;73.07692307692307
42032;0;79.05405405405406
42033;0;86.0
42034;0;70.96774193548387
42035;4;72.37851662404093
42036;0;78.0
42037;1;50.0
42038;2;75.0
42039;2;63.519313304721024
42041;0;71.42857142857143
42042;2;80.85106382978722
42043;26;74.63119072708115
42044;3;92.45283018867924
42045;1;69.87179487179486
42046;1;84.31372549019608
42048;1;79.1044776119403
42049;1;62.5
42050;0;58.06451612903226
42051;0;71.42857142857143
42052;0;86.66666666666667
42053;1;80.76923076923077
42054;0;70.0
42055;3;76.96969696969697
42056;0;86.36363636363636
42057;1;60.57142857142858
42058;1;86.60714285714286
42059;0;70.0
42060;0;67.64705882352942
42061;2;75.68493150684932
42062;0;64.0
42063;1;75.51020408163265
42064;0;87.05882352941177
42065;0;90.9090909090909
42068;2;72.94117647058823
42069;10;70.50359712230215
42070;0;77.14285714285715
42071;2;65.68047337278107
42073;0;77.77777777777779
42075;1;72.41379310344827
42076;4;80.36529680365297
42078;6;72.93889427740058
42079;1;62.96296296296296
42080;0;72.90322580645162
42081;2;77.62237762237763
42082;1;88.88888888888889
42083;0;92.0
42084;0;80.76923076923077
42085;2;71.20418848167539
42086;1;76.31578947368422
42087;0;84.44444444444444
42088;0;74.64788732394366
42089;1;83.63636363636363
42090;1;75.26881720430107
42092;1;64.61538461538461
42093;3;72.5
42094;9;77.30263157894737
42095;15;74.85811577752554
42096;8;64.41281138790036
42097;0;66.66666666666666
42098;0;54.54545454545454
42100;1;96.875
42103;5;80.10291595197255
42105;0;85.71428571428571
42106;0;60.0
42107;1;68.91891891891892
42108;0;83.33333333333334
42110;0;73.01587301587301
42111;1;71.9869706840391
42113;3;76.171875
42115;0;73.01587301587301
42116;0;70.2127659574468
42117;3;76.35135135135135
42118;0;69.56521739130434
42119;2;59.14634146341463
42120;1;66.21621621621621
42121;1;75.0
42123;4;72.12121212121212
42124;0;68.75
42125;2;81.48148148148148
42127;1;67.5
42128;1;94.87179487179486
42129;4;75.43352601156069
42130;3;85.0
42131;0;64.0
42132;0;82.51748251748252
42134;24;74.22407267221803
42135;1;70.66666666666667
42139;0;72.72727272727273
42140;1;62.5
42141;0;71.17117117117117
42142;0;63.46153846153846
42144;5;80.76923076923077
42145;3;88.32116788321169
42148;0;100.0
42149;1;76.33587786259542
42151;2;88.57142857142857
42152;1;71.95121951219512
42153;1;100.0
42154;1;80.41237113402062
42155;1;60.69364161849711
42156;0;70.0
42157;1;76.92307692307693
42158;1;70.9090909090909
42159;1;86.8421052631579
42160;1;78.544061302682
42161;2;75.71428571428571
42162;21;71.51925518408802
42163;0;75.51020408163265
42164;9;74.8451053283767
42165;7;70.83333333333334
42166;0;66.66666666666666
42167;2;75.2895752895753
42168;1;80.73394495412845
42171;1;60.9375
42172;2;86.20689655172413
42173;272;73.4769357213794
42174;1;82.77777777777777
42175;0;78.26086956521739
42176;0;79.3103448275862
42177;1;77.46478873239437
42178;2;69.23076923076923
42181;3;75.89498806682577
42182;1;78.94736842105263
42183;2;71.17117117117117
42184;2;76.27118644067797
42185;0;84.0
42187;1;87.3015873015873
42188;0;88.0
42189;2;78.125
42190;1;75.53191489361703
42191;2;72.19251336898395
42192;1;75.60975609756098
42193;0;68.75
42194;2;72.1590909090909
42195;3;60.0
42196;0;90.9090909090909
42197;1;80.26315789473685
42198;0;77.27272727272727
42200;2;71.42857142857143
42201;0;100.0
42202;0;50.0
42204;0;69.64285714285714
42205;0;68.81720430107528
42206;0;62.5
42207;1;80.48780487804879
42208;2;66.66666666666666
42209;3;76.02739726027397
42211;1;80.72289156626506
42212;3;78.26086956521739
42213;1;62.06896551724138
42215;8;70.61068702290076
42216;0;84.0
42217;0;80.64516129032258
42218;1;67.5
42219;0;74.4186046511628
47001;2;92.72727272727272
47002;0;92.0
47003;3;78.94736842105263
47004;11;78.89908256880734
47005;4;77.73722627737226
47006;1;76.31578947368422
47007;24;76.54749199573105
47008;0;75.0
47009;1;75.47169811320755
47010;108;80.53331374421508
47011;1;82.57042253521126
47012;0;80.50847457627118
47013;0;74.74747474747475
47014;0;90.0
47015;0;75.87939698492463
47016;0;81.69014084507043
47017;3;80.09950248756219
47018;0;88.57142857142857
47019;1;77.90697674418605
47020;1;82.73381294964028
47021;1;85.52631578947368
47022;0;87.71929824561403
47023;20;81.92730910303435
47024;2;78.62595419847328
47025;2;80.83333333333333
47026;0;81.63265306122449
47027;8;77.20320466132556
47028;0;60.60606060606061
47029;1;84.21052631578947
47030;10;78.03180914512923
47031;1;77.95698924731182
47032;0;78.43137254901961
47033;3;77.38693467336684
47034;1;77.63157894736842
47035;10;80.10752688172043
47036;2;80.34934497816593
47037;2;83.9080459770115
47038;0;75.92592592592592
47039;1;79.25531914893617
47040;1;82.53968253968253
47041;2;83.22147651006712
47042;3;75.92592592592592
47043;3;79.13907284768213
47044;0;88.18181818181819
47045;0;76.30208333333334
47046;0;76.85950413223141
47047;3;77.72277227722772
47048;0;73.68421052631578
47049;1;78.0
47050;29;75.29944104338568
47051;0;81.06508875739645
47052;41;79.3134872417983
47053;1;82.75862068965517
47054;6;78.52664576802508
47055;1;84.15841584158416
47056;0;70.73170731707317
47057;2;78.2258064516129
47058;2;72.33009708737865
47059;0;73.19587628865979
47060;0;83.20610687022901
47061;2;83.72093023255815
47062;0;80.3680981595092
47063;2;81.1881188118812
47064;2;93.54838709677419
47065;4;78.91077636152954
47066;7;80.0796812749004
47067;3;70.78651685393258
47068;0;75.0
47069;0;88.9763779527559
47070;1;78.04878048780488
47071;2;83.45323741007195
47073;1;81.66666666666667
47074;1;83.33333333333334
47075;30;78.05378772326011
47076;111;79.2978417266187
47077;2;76.92307692307693
47078;1;78.65853658536585
47079;0;82.25806451612904
47080;0;73.33333333333333
47081;0;85.1063829787234
47082;5;79.82565379825654
47083;2;77.5
47084;15;77.79675491033305
47085;133;73.48212143028557
47086;27;78.06928171166582
47087;4;83.90501319261213
47088;0;79.0909090909091
47089;2;79.73856209150327
47090;17;74.64846980976013
47091;0;75.28089887640449
47092;0;84.54545454545455
47093;9;80.04895960832313
47094;1;78.03030303030303
47095;0;92.3076923076923
47096;2;80.0
47097;1;80.96676737160121
47098;6;83.704974271012
47099;1;84.21052631578947
47100;2;85.0
47101;10;81.62790697674419
47102;1;80.06993006993007
47103;4;81.46718146718148
47104;19;80.95904795239763
47105;0;85.41666666666666
47106;0;82.0
47109;1;76.60818713450293
47110;3;79.78021978021978
47111;4;78.69177403369673
47112;20;79.59104938271605
47113;0;77.56410256410257
47114;20;70.39764359351989
47115;4;82.92682926829268
47116;1;79.90314769975787
47117;4;73.73737373737373
47118;0;73.91304347826086
47119;1;83.33333333333334
47121;5;78.84267631103074
47122;21;81.90757128810226
47123;4;84.22174840085287
47124;4;82.45614035087719
47125;1;72.88135593220339
47126;0;73.46938775510205
47127;1;72.5925925925926
47128;1;85.0
47129;6;79.63594994311718
47130;1;78.78787878787878
47131;3;74.15730337078652
47132;0;82.22222222222221
47133;25;80.30018761726079
47134;4;76.82926829268293
47135;2;90.47619047619048
47137;1;96.55172413793103
47138;1;75.9493670886076
47139;7;75.45367717287488
47140;1;84.87394957983193
47141;1;76.11940298507463
47142;0;77.02702702702703
47143;0;77.95275590551181
47144;2;84.61538461538461
47145;4;73.81342062193126
47146;1;78.84615384615384
47147;0;76.47058823529412
47148;2;76.5375854214123
47149;1;76.74418604651163
47150;2;78.05755395683454
47151;0;81.48148148148148
47152;1;74.4186046511628
47153;1;68.51851851851852
47154;0;82.58064516129032
47155;27;74.09694350108057
47156;1;81.06508875739645
47157;3;85.8252427184466
47158;3;75.71743929359823
47159;0;78.98550724637681
47160;5;77.67441860465117
47161;25;81.98821419420959
47162;0;83.56164383561644
47163;6;78.92976588628763
47164;2;81.9628647214854
47165;63;75.86947187634178
47166;3;76.60377358490567
47167;3;83.05785123966942
47168;0;90.32258064516128
47169;0;83.82352941176471
47170;2;83.33333333333334
47171;9;79.66507177033493
47172;1;81.08108108108108
47173;4;77.68969422423557
47174;2;80.72727272727272
47175;51;75.90874524714829
47176;5;62.05357142857143
47177;0;72.89719626168224
47178;1;83.42857142857143
47179;3;75.12562814070351
47180;1;77.10843373493977
47181;0;80.35714285714286
47182;16;77.27272727272727
47183;0;80.76923076923077
47184;2;80.38194444444444
47185;0;80.61224489795919
47186;1384;78.57762710764715
47187;2;64.04494382022472
47188;0;75.89285714285714
47189;0;84.21052631578947
47190;4;86.02150537634408
47191;0;67.27272727272727
47192;1;76.19047619047619
47193;12;82.94377763739735
47194;1;80.39867109634552
47195;3;75.48806941431671
47196;1;74.28571428571429
47197;10;78.04054054054053
47198;0;71.21212121212122
47199;2;73.75
47200;1;78.04878048780488
47203;0;80.59701492537313
47204;2;76.53846153846153
47205;7;72.98701298701299
47206;0;85.26315789473684
47207;3;77.9783393501805
47208;3;64.40677966101694
47209;1;71.42857142857143
47210;1;77.68817204301075
47211;1;79.59183673469387
47212;3;82.9896907216495
47213;0;72.17391304347827
47214;9;78.2394366197183
47215;1;87.03703703703704
47216;2;87.82608695652175
47217;20;75.73839662447257
47218;6;76.38190954773869
47219;2;85.71428571428571
47220;1;74.69879518072288
47221;0;83.4862385321101
47222;3;85.0
47223;3;81.64556962025317
47224;1;81.31868131868131
47225;2;75.30864197530865
47226;1;79.5031055900621
47227;0;81.25
47228;4;80.67415730337079
47229;1;70.23255813953489
47230;0;80.4635761589404
47231;33;78.85492700729927
47232;0;75.75757575757575
49002;1;75.0
49003;4;69.80088495575221
49004;2;71.875
49005;0;65.49295774647888
49006;0;75.32467532467533
49007;6;71.96765498652292
49008;6;73.93162393162393
49009;4;72.5
49010;3;82.36994219653178
49011;7;79.56521739130434
49012;1;65.27777777777779
49013;4;67.71653543307087
49014;1;74.10714285714286
49015;1;81.11587982832617
49016;2;72.265625
49017;2;67.33067729083665
49018;1;76.13293051359517
49019;5;76.01626016260163
49020;5;76.87074829931973
49021;117;71.96079794258706
49022;3;80.13937282229965
49023;9;71.85261003070624
49024;7;69.56521739130434
49025;0;73.5632183908046
49026;0;78.11158798283262
49027;5;77.33333333333333
49028;1;84.42622950819673
49029;4;79.29373996789727
49030;1;82.14285714285714
49031;0;79.3103448275862
49032;0;76.99386503067484
49033;4;72.8021978021978
49034;3;75.56053811659193
49035;0;86.86440677966102
49036;3;71.97696737044146
49037;0;84.32432432432432
49038;1;74.74747474747475
49039;1;77.77777777777779
49040;1;84.61538461538461
49041;1;71.5909090909091
49042;2;81.55737704918032
49043;2;75.33333333333333
49044;0;65.88235294117646
49046;3;76.83823529411765
49047;0;70.27027027027027
49048;0;62.68656716417911
49050;3;68.03118908382066
49052;1;75.39267015706807
49053;5;78.57142857142857
49054;13;73.568281938326
49055;2;81.73076923076923
49056;4;74.57627118644068
49057;0;72.64150943396226
49058;0;79.74683544303798
49059;0;65.59139784946237
49061;1;75.33333333333333
49062;1;67.76859504132231
49063;2;80.35190615835776
49064;2;65.83493282149712
49065;8;75.82515611061552
49066;4;67.46987951807229
49067;3;69.35483870967742
49068;2;61.86440677966102
49069;6;63.28125
49071;6;65.5844155844156
49075;1;77.85714285714286
49076;2;77.84615384615384
49077;0;60.84656084656085
49078;0;82.18390804597702
49079;2;76.19047619047619
49080;6;75.57803468208093
49081;7;78.46153846153847
49082;6;84.06593406593407
49083;1;82.6923076923077
49084;5;83.10344827586206
49085;0;68.53823814133591
49086;1;82.35294117647058
49087;0;61.5678776290631
49088;0;76.08695652173914
49090;1;76.28865979381443
49091;0;75.09293680297398
49092;1;69.6969696969697
49093;2;81.18466898954703
49094;1;61.31687242798354
49095;1;78.45117845117845
49096;1;76.57142857142857
49097;0;52.22222222222223
49098;2;75.22522522522522
49099;1;64.39393939393939
49100;1;71.28712871287128
49101;3;69.28104575163398
49102;1;74.74747474747475
49103;4;80.8252427184466
49104;0;63.45609065155807
49105;0;78.06451612903226
49107;2;74.80916030534351
49108;4;75.42016806722688
49109;4;78.43450479233228
49110;5;58.7431693989071
49111;6;73.84615384615385
49112;1;66.40625
49113;1;83.72093023255815
49114;0;70.45454545454545
49115;4;75.67567567567568
49116;4;69.9228791773779
49117;3;73.36244541484717
49118;0;81.06796116504854
49119;0;72.88135593220339
49120;0;71.62162162162163
49121;4;72.31182795698925
49122;7;74.77360931435963
49123;0;75.68555758683729
49124;2;70.47244094488188
49125;10;69.78571428571428
49126;4;66.94915254237289
49127;22;73.95525538201773
49128;2;76.84021543985638
49129;10;72.7061556329849
49130;5;76.11111111111111
49131;1;69.14498141263941
49132;0;74.00611620795107
49133;1;71.24183006535948
49134;0;61.49732620320856
49135;5;70.86614173228347
49136;4;70.37037037037037
49137;2;79.54545454545455
49138;1;70.995670995671
49139;0;81.76470588235294
49141;3;72.12643678160919
49142;5;73.68421052631578
49143;2;71.55555555555554
49145;2;61.702127659574465
49146;2;78.37837837837837
49147;2;71.16104868913857
49148;0;57.42971887550201
49149;3;70.1530612244898
49150;2;75.17241379310344
49151;4;75.43859649122807
49152;9;65.0375939849624
49153;1;72.09302325581395
49154;0;60.30534351145038
49155;1;77.10843373493977
49156;2;78.05907172995781
49157;1;78.03738317757009
49158;3;76.27906976744187
49159;2;79.71014492753623
49160;0;75.0
49162;1;72.91666666666666
49163;1;72.17391304347827
49164;1;75.9493670886076
49165;2;98.33333333333333
49166;11;77.14285714285715
49167;0;71.70731707317073
49168;2;81.11111111111111
49169;0;82.85714285714286
49170;1;67.3076923076923
49171;5;78.24074074074075
49172;1;64.73880597014924
49173;5;60.4221635883905
49174;2;73.07692307692307
49175;2;78.2051282051282
49176;2;65.49192364170338
49177;1;66.90140845070422
49178;4;71.95994277539342
49179;0;67.43002544529261
49180;0;64.74358974358975
49181;2;74.25474254742548
49183;4;79.20792079207921
49184;1;65.36312849162012
49185;0;77.1604938271605
49186;0;71.86311787072243
49187;8;76.41886490807353
49188;1;80.0
49189;5;64.35643564356435
49190;0;76.5625
49191;1;79.04411764705883
49192;2;85.07462686567165
49193;4;68.4322033898305
49194;2;60.742705570291776
49197;2;70.55555555555556
49199;1;78.37837837837837
49200;9;77.57894736842104
49201;4;81.69934640522875
49202;2;72.63157894736842
49203;1;76.8025078369906
49204;0;70.3125
49205;8;77.4869109947644
49206;6;71.5456674473068
49207;0;65.82278481012658
49208;1;64.55696202531645
49209;5;68.03921568627452
49210;4;76.35983263598327
49214;7;74.82319660537482
49216;0;85.18518518518519
49219;58;71.91115839872323
49220;1;79.45205479452055
49221;1;55.03875968992248
49222;7;75.96899224806202
49223;5;81.98433420365535
49224;4;68.125
49225;2;62.091503267973856
49226;1;80.23715415019763
49227;4;81.9620253164557
49228;0;76.78571428571429
49229;1;75.38461538461539
49230;1;79.6116504854369
49231;1;65.45454545454545
49232;0;76.28865979381443
49233;0;63.1578947368421
49234;1;81.95121951219512
49235;5;73.33333333333333
49236;0;71.05263157894737
49237;3;70.58823529411765
49238;0;78.29457364341084
49239;6;72.5111441307578
49240;3;77.06422018348624
49241;0;74.21875
49242;8;81.97802197802197
49243;0;87.38738738738738
49244;0;62.22222222222222
49245;0;68.19923371647509
49246;1;81.54506437768241
49247;3;66.29955947136564
49248;0;77.12765957446808
49249;1;88.23529411764706
49250;11;77.67145135566189
49251;0;75.90361445783132
49252;7;79.75460122699386
49255;4;77.46478873239437
49256;2;80.859375
49257;1;67.02508960573476
49258;2;83.47826086956522
49259;0;75.26881720430107
49260;12;77.13178294573643
49261;9;75.74385510996119
49262;1;68.36734693877551
49263;0;75.92592592592592
49264;4;66.72297297297297
49265;1;71.09375
49266;0;80.0
49267;1;82.41758241758241
49268;5;73.79807692307693
49269;4;71.73913043478261
49270;0;72.46376811594203
49271;3;75.49019607843137
49272;1;82.95454545454545
49273;0;63.49206349206349
49275;427;73.17607606272507
08001;24;77.1671388101983
08002;0;70.29702970297029
08003;28;72.2112953076707
08004;2;77.6824034334764
08005;23;72.31143552311435
08006;46;68.16312242933404
08007;28;69.6694850115296
08008;1;63.101604278074866
08009;40;72.3839754816112
08010;16;68.54146806482365
08011;10;69.88636363636364
08012;24;70.1073985680191
08013;10;71.6160787530763
08014;13;73.63031233998976
08015;726;70.04318504116375
08016;12;67.45334796926454
08017;7;68.50507982583454
08018;16;69.10324039186135
08019;5063;72.27002089822957
08020;25;75.92288761279737
08021;3;75.36231884057972
08022;60;63.71218315617334
08023;25;69.53090096798213
08024;3;70.86614173228347
08025;13;73.14939434724091
08026;1;82.88770053475936
08027;3;76.37681159420289
08028;6;70.22308438409311
08029;25;76.93426410703897
08030;27;73.15014720314034
08031;10;71.40381282495667
08032;6;71.46477445514445
08033;79;72.13934234163868
08034;3;70.75718015665797
08035;54;68.13946015424165
08036;1;71.0691823899371
08037;20;73.49137931034483
08038;10;66.33064516129032
08039;0;73.1638418079096
08040;43;69.339314082796
08041;46;70.69032383168509
08042;8;74.69771607702643
08043;12;69.46708463949844
08044;19;71.25301204819277
08045;0;58.333333333333336
08046;74;73.60114777618364
08047;21;66.36500754147812
08048;5;73.07032590051458
08049;9;66.77018633540372
08050;0;75.88652482269504
08051;66;73.4403849381749
08052;2;67.62589928057554
08053;10;63.77896613190731
08054;38;74.85853766781317
08055;2;71.484375
08056;178;71.61634441375368
08057;2;71.1864406779661
08058;7;69.46039035591275
08059;3;65.49707602339181
08060;0;69.93006993006993
08061;5;70.37037037037037
08062;5;71.08307045215562
08063;8;81.02678571428571
08064;9;71.39773340528872
08065;8;70.99236641221374
08066;10;75.43988269794721
08067;39;68.076183819675
08068;23;70.81289939069698
08069;17;73.64267676767676
08070;2;73.40823970037454
08071;3;69.70954356846472
08072;40;67.939453125
08073;239;73.97298042459333
08074;51;69.03749881930669
08075;12;69.90967741935485
08076;73;71.43387126692636
08077;152;75.54848046309695
08078;2;62.5
08079;2;74.92625368731564
08080;0;73.68421052631578
08081;1;73.91304347826086
08082;6;68.52173913043478
08083;8;76.88172043010752
08084;6;70.04405286343612
08085;1;72.28426395939086
08086;66;69.72693726937268
08087;2;82.38993710691824
08088;55;73.3445945945946
08089;150;72.2086341535288
08090;2;79.84496124031007
08091;23;72.66324005330289
08092;31;69.55944798301486
08093;0;73.07692307692307
08094;12;73.83720930232558
08095;0;70.4225352112676
08096;204;72.42696470255359
08097;7;71.66504381694256
08098;11;69.87850858818601
08099;4;68.62483311081442
08100;21;75.1004016064257
08101;643;70.8590290728939
08102;170;70.41054267947993
08103;3;68.30427892234549
08104;4;65.24926686217009
08105;46;73.88952460210132
08106;38;72.33924611973393
08107;45;71.01638772663877
08108;21;74.93019545273235
08109;0;81.30841121495327
08110;67;68.77986857825567
08111;0;85.64814814814815
08112;50;67.17019133937563
08113;229;67.06115156289025
08114;66;71.97163894191438
08115;18;74.27298925858004
08116;4;72.33676975945016
08117;23;70.97431716265797
08118;79;73.52135190682804
08119;35;73.06696861857004
08120;34;74.40939104915627
08121;450;71.18306235731751
08122;10;66.36957813428401
08123;81;76.24254473161034
08124;140;73.38231292517007
08125;99;72.21067774936061
08126;34;74.10724537834425
08127;8;64.70323741007195
08128;1;67.02127659574468
08129;3;70.6140350877193
08130;0;68.75
08131;4;74.39198855507868
08132;3;68.33773087071239
08133;0;59.375
08134;5;69.7384806973848
08135;45;77.6771127283529
08136;63;73.79992992291521
08137;1;77.73584905660378
08138;19;66.96618585954126
08139;0;77.77777777777779
08140;25;70.1195219123506
08141;39;69.12854030501089
08142;1;79.54545454545455
08143;19;70.43931496649293
08144;9;68.95104895104896
08145;10;74.54545454545455
08146;16;73.8627602158828
08147;62;73.06629021822246
08148;7;71.1349419124218
08149;7;66.46586345381526
08150;0;73.25581395348837
08151;11;72.57019438444925
08152;1;73.68421052631578
08153;6;80.59701492537313
08154;3;77.08933717579251
08155;45;70.94714964370546
08156;50;73.35896731667124
08157;38;75.48140174620261
08158;18;69.75845410628018
08159;51;73.52124706384797
08160;0;65.75757575757576
08161;45;68.71242709735307
08162;8;71.5483234714004
08163;72;68.94029047875202
08164;2;71.45993413830955
08165;8;71.27338563669282
08166;4;68.0
08167;42;75.9142711345467
08168;0;62.66666666666667
08169;211;74.17927580089743
08170;11;65.54809843400447
08171;20;66.50786088613626
08172;85;72.30180533751962
08174;3;77.66497461928934
08175;25;66.53811925244734
08176;1;71.51898734177216
08177;1;62.5
08178;4;73.72093023255813
08179;6;73.74784110535406
08180;90;73.71881574992486
08181;41;73.12563323201621
08182;16;72.74348911880128
08183;21;69.07603890362512
08184;200;70.3929968336748
08185;0;68.04123711340206
08187;638;73.43814537753971
08188;2;69.23076923076923
08189;2;75.39682539682539
08190;2;69.37984496124031
08191;31;70.58823529411765
08192;38;71.85744382022472
08193;9;67.62208067940551
08194;77;65.10826578957672
08195;0;78.04878048780488
08196;75;73.26336571933288
08197;31;70.09861932938855
08198;17;72.12480072876339
08199;6;70.07518796992481
08200;276;73.48347613219094
08201;1;68.57798165137615
08202;70;70.63812921125644
08203;11;66.14368290668868
08204;17;74.62393721386528
08205;357;76.74626916121618
08206;9;77.70177838577291
08207;17;77.06521739130436
08208;23;75.27894002789401
08209;31;71.53403218662335
08210;22;65.75884543761639
08211;173;77.1324643831464
08212;3;70.70707070707071
08213;47;68.42439644218553
08214;49;73.35184914486186
08215;30;68.55590062111801
08216;0;68.0
08217;130;77.5865519311587
08218;54;70.14294592914854
08219;86;74.62064474112667
08220;18;75.61492790500424
08221;49;76.69276087482851
08222;16;77.31629392971246
08223;10;69.13513513513514
08224;7;73.2843137254902
08225;2;76.34408602150538
08226;3;77.7019340159272
08227;13;69.77243452125376
08228;3;69.93243243243244
08229;3;71.58878504672897
08230;40;73.44632768361582
08231;91;68.11905342766529
08232;14;71.00723427935448
08233;11;66.47121535181236
08234;11;73.14088484468152
08235;22;70.92044528916645
08236;3;70.62295081967213
08237;4;70.95006090133982
08238;85;78.06326840723857
08239;5;71.84035476718404
08240;34;74.79153303399615
08241;0;77.63157894736842
08242;0;79.62962962962963
08243;6;73.125
08244;32;77.0314378972685
08245;345;71.00698642165409
08246;8;68.78715814506539
08247;7;74.73903966597078
08248;27;71.23287671232876
08249;2;83.83458646616542
08250;33;69.65654271927335
08251;14;70.52313883299799
08252;110;75.87374087516822
08253;1;63.90977443609023
08254;13;72.22222222222221
08255;1;64.28571428571429
08256;1;80.12422360248446
08257;0;79.0909090909091
08258;5;72.09580838323353
08259;33;74.30167597765363
08260;60;73.702611165738
08261;4;70.63389391979301
08262;46;65.96644784828592
08263;93;71.92714789739678
08264;30;71.01212686567165
08265;8;72.02842377260981
08266;195;76.0665924689297
08267;24;71.03341103341103
08268;2;69.43620178041543
08269;17;70.71050642479214
08270;83;70.37338985814446
08271;0;68.11594202898551
08272;0;62.42038216560509
08273;12;73.88479861411867
08274;35;71.22501063377287
08275;4;79.52755905511812
08276;3;72.53218884120172
08277;0;81.48148148148148
08278;16;70.7808564231738
08279;684;72.25087426871916
08280;3;66.33663366336634
08281;18;73.88969221235283
08282;40;77.13671934939389
08283;31;67.39094099949858
08284;66;65.09488688157786
08285;56;67.18323586744638
08286;17;69.18044077134986
08287;7;77.20306513409962
08288;4;65.01225490196079
08289;19;73.55947955390334
08290;5;78.05369127516778
08291;24;71.30857648099027
08292;4;73.49953831948291
08293;0;71.68141592920354
08294;8;68.84830035514968
08295;33;70.51612903225806
08296;9;75.99328483491887
08297;1;72.46376811594203
08298;113;67.59252251570423
08299;3;64.81012658227849
08300;21;76.17036254839846
08301;200;74.14219729462224
08302;65;71.35411010967532
08303;2;74.10071942446042
08304;1;71.007371007371
08305;116;70.35275175644028
08306;2;69.63249516441006
08307;209;71.00740157153815
08308;0;75.57251908396947
08901;6;73.70689655172413
08902;18;73.42917997870074
08903;0;78.40375586854461
08904;32;70.75641389756699
08905;17;77.61388286334056
17001;2;71.28205128205128
17002;1;77.15827338129496
17003;0;69.6078431372549
17004;0;72.74509803921568
17005;5;65.5860349127182
17006;9;64.54465075154731
17007;4;71.38728323699422
17008;15;66.63916391639164
17009;18;68.53043047996042
17010;5;74.84848484848486
17011;7;71.671826625387
17012;6;66.81260945709282
17013;17;69.64477933261571
17014;1;77.04918032786885
17015;59;68.26347305389223
17016;8;71.68508287292818
17018;3;72.74633123689728
17019;13;71.89432265317595
17020;28;70.50139275766017
17021;2;63.70370370370371
17022;47;66.79179901819232
17023;118;68.89969649321681
17024;2;63.08243727598566
17025;3;74.19928825622776
17026;6;71.0820895522388
17027;10;70.5237084217976
17028;4;70.29702970297029
17029;2;64.5320197044335
17030;7;66.66666666666666
17031;3;63.372093023255815
17032;13;60.47869235259778
17033;28;66.29510674475722
17034;32;65.59499563572884
17035;4;73.52941176470588
17036;16;67.87280701754386
17037;0;62.5
17038;2;69.10569105691057
17039;20;69.67120181405896
17040;4;72.86245353159852
17041;2;67.90697674418604
17042;2;69.56521739130434
17043;1;75.31645569620254
17044;36;70.00147775971627
17046;2;69.4019471488178
17047;39;61.959892495348356
17048;24;64.95453820386027
17049;7;72.032
17050;3;76.88751926040062
17051;3;71.68949771689498
17052;1;66.93548387096774
17054;2;66.4
17055;0;82.23684210526315
17056;10;70.33997655334115
17057;8;73.75
17058;1;73.33333333333333
17060;3;65.33018867924528
17061;1;73.4567901234568
17062;31;61.892797319933
17063;0;69.27710843373494
17064;1;67.38461538461539
17065;2;74.6268656716418
17066;140;61.29712628526233
17067;7;71.73601147776183
17068;0;70.61224489795919
17069;4;71.42857142857143
17070;1;75.22935779816514
17071;8;71.61803713527851
17073;11;78.18666666666667
17074;1;68.04733727810651
17075;5;70.05988023952095
17076;2;73.17073170731707
17077;5;69.54954954954955
17078;5;68.18181818181817
17079;271;68.93810689069343
17080;0;69.50354609929079
17081;0;67.62295081967213
17082;3;66.58536585365854
17083;17;70.15332197614993
17084;7;67.79661016949152
17085;1;76.10921501706484
17086;10;67.71788990825688
17087;3;76.12612612612612
17088;0;69.53271028037383
17089;20;66.12021857923497
17090;3;75.64575645756457
17091;5;68.61313868613139
17092;13;67.64538198403649
17093;6;66.06942889137738
17094;3;61.58245948522403
17095;81;64.55366712601439
17096;0;64.60674157303372
17097;5;74.87437185929649
17098;2;72.02572347266882
17099;0;75.0
17100;7;71.35678391959799
17101;3;67.03499079189686
17102;4;68.92361111111111
17103;19;63.73937677053825
17105;2;66.66666666666666
17106;0;77.6978417266187
17107;2;70.52238805970148
17109;2;63.924963924963926
17110;5;71.9245283018868
17111;12;73.6540664375716
17112;1;73.4375
17114;105;65.81668114682884
17115;0;70.3971119133574
17116;4;69.82758620689656
17117;75;65.10504201680672
17118;57;66.72645040548971
17119;0;86.76470588235294
17120;3;66.91919191919192
17121;1;71.04072398190046
17123;3;77.03081232492998
17124;10;66.9108669108669
17125;0;68.21705426356588
17126;2;81.81818181818183
17128;4;74.17218543046357
17129;1;72.26277372262774
17130;2;75.0
17132;10;70.4042715484363
17133;6;69.95268138801262
17134;2;69.65811965811966
17135;2;74.08450704225352
17136;1;76.0
17137;15;70.09674582233949
17138;4;70.76271186440678
17139;9;70.33285094066571
17140;5;73.88724035608308
17141;38;62.83864372124724
17142;13;76.61069894572434
17143;1;74.65753424657534
17144;2;67.14285714285714
17145;9;67.40591397849462
17146;14;68.14367237327963
17147;43;67.49260355029585
17148;12;68.79478827361564
17149;0;73.55371900826447
17150;12;76.33262260127933
17151;3;71.26436781609196
17152;46;63.4287312389298
17153;0;75.26881720430107
17154;0;67.3913043478261
17155;43;63.220689655172414
17157;1;82.53968253968253
17158;0;61.206896551724135
17159;2;70.01594896331738
17160;68;66.84531886024423
17161;7;74.44444444444444
17162;0;61.904761904761905
17163;18;72.9781525488693
17164;23;63.93893893893894
17165;2;68.1470137825421
17166;2;74.8062015503876
17167;24;69.55876900259548
17168;1;72.99465240641712
17169;11;70.02020202020202
17170;2;68.6046511627907
17171;0;75.4601226993865
17172;1;68.14159292035397
17173;2;78.33333333333333
17174;3;57.95454545454546
17175;4;63.212435233160626
17176;2;74.59016393442623
17177;3;63.765541740674955
17178;5;64.91063029162747
17180;42;65.40963855421687
17181;15;67.2189349112426
17182;2;72.90076335877863
17183;3;67.88321167883211
17184;6;70.98569157392687
17185;12;67.46620148277366
17186;18;72.71280827366746
17187;6;75.36231884057972
17188;0;76.36363636363637
17189;4;73.88451443569554
17190;10;70.30878859857482
17191;1;78.08219178082192
17192;1;74.48275862068967
17193;26;66.5796963946869
17194;2;69.23076923076923
17195;2;75.7396449704142
17196;2;70.56074766355141
17197;2;76.64233576642336
17198;4;65.58139534883722
17199;32;66.13586559532504
17200;4;68.77022653721683
17201;1;72.65625
17202;13;64.97501972127267
17203;0;71.42857142857143
17204;7;68.50533807829181
17205;2;78.30188679245283
17206;0;63.12056737588653
17207;18;71.26000842815003
17208;12;68.10431293881645
17209;2;76.8
17210;2;68.60254083484574
17211;3;76.9964243146603
17212;1;77.6978417266187
17213;17;66.06478034251676
17214;4;66.71388101983003
17215;12;76.86350435624395
17216;0;67.87878787878789
17217;0;77.01149425287356
17218;3;76.19047619047619
17220;3;69.42046855733662
17221;18;68.9143950263032
17222;1;77.98165137614679
17223;6;65.4275092936803
17224;3;68.15286624203821
17225;1;66.66666666666666
17226;5;66.82242990654206
17227;0;74.21875
17228;1;71.52542372881356
17230;2;74.08207343412528
17232;1;65.77181208053692
17233;21;73.54613030170529
17234;1;67.75956284153006
17901;7;70.37411526794742
17902;9;70.73170731707317
17903;0;72.12931995540691
25001;1;63.30935251798561
25002;2;66.73553719008265
25003;24;63.19407720782655
25004;5;74.43082311733801
25005;2;66.06498194945848
25006;6;61.849710982658955
25007;13;71.27659574468085
25008;11;72.95154185022027
25009;3;73.69255150554676
25010;6;61.79245283018868
25011;36;60.692541856925416
25012;8;65.50522648083623
25013;10;63.56517733763243
25014;4;69.68503937007874
25015;3;72.67605633802818
25016;8;67.02932828760643
25017;2;66.94560669456067
25019;36;65.73932092004381
25020;2;69.52054794520548
25021;32;63.216195569136744
25022;2;71.69811320754717
25023;20;68.72100728959576
25024;1;65.4494382022472
25025;10;71.76820208023774
25027;3;68.63136863136863
25029;13;69.55475330926595
25030;2;65.64885496183206
25031;0;59.61538461538461
25032;0;72.1311475409836
25033;7;70.25316455696202
25034;20;65.03646503646505
25035;3;72.29219143576826
25036;0;68.47826086956522
25037;2;63.63636363636363
25038;11;68.73401534526855
25039;0;65.0
25040;81;64.9164451196354
25041;7;66.78383128295255
25042;0;68.75
25043;3;63.60201511335013
25044;3;71.95767195767195
25045;0;69.23076923076923
25046;1;69.35866983372921
25047;6;72.27722772277228
25048;8;70.01216545012166
25049;1;68.87417218543047
25050;27;63.44912388564402
25051;10;65.04599211563732
25052;16;71.96439923712651
25053;10;71.95467422096317
25055;2;68.6046511627907
25056;2;62.139917695473244
25057;2;73.7864077669903
25058;27;64.18455915943353
25059;11;73.65792759051186
25060;2;64.28571428571429
25061;0;64.63414634146342
25062;4;68.82430647291942
25063;0;60.43956043956044
25064;3;75.89285714285714
25067;4;66.16438356164383
25068;9;66.66666666666666
25069;6;63.796909492273734
25070;14;71.48102815177478
25071;0;60.78431372549019
25072;45;66.20006828269034
25073;8;63.60544217687075
25074;0;79.67032967032966
25075;0;70.08547008547008
25076;1;57.534246575342465
25077;2;59.130434782608695
25078;6;71.49950347567031
25079;5;70.81967213114754
25081;2;66.98113207547169
25082;3;60.357142857142854
25085;0;69.73684210526315
25086;5;69.98123827392119
25087;0;75.40983606557377
25088;0;79.16666666666666
25089;0;54.71698113207547
25092;1;70.45454545454545
25093;11;70.5790297339593
25094;0;79.85611510791367
25096;9;64.25438596491229
25097;4;71.26436781609196
25098;2;64.42687747035573
25099;8;63.8095238095238
25100;3;63.20754716981132
25101;9;69.5575221238938
25102;10;66.43258426966293
25103;3;61.06870229007634
25104;3;68.8
25105;4;73.07692307692307
25109;1;70.58823529411765
25110;30;65.379113018598
25111;1;72.17391304347827
25112;2;69.48529411764706
25113;12;73.43078245915736
25114;0;89.69072164948454
25115;12;66.86893203883496
25118;8;63.714285714285715
25119;22;70.03098716246127
25120;533;66.5990915299806
25121;8;64.64174454828661
25122;15;66.49269311064718
25123;0;67.87564766839378
25124;2;69.8224852071006
25125;4;65.80188679245283
25126;5;74.82517482517483
25127;3;63.67924528301887
25128;0;62.676056338028175
25129;6;64.20454545454545
25130;3;59.390862944162436
25131;8;65.77669902912622
25132;1;74.61538461538461
25133;1;65.77840112201963
25134;4;65.8267716535433
25135;7;68.5077519379845
25136;0;72.44897959183673
25137;45;65.64066689984843
25138;6;72.04861111111111
25139;3;67.84968684759917
25140;4;60.46511627906976
25141;1;64.74358974358975
25142;3;68.47826086956522
25143;1;66.66666666666666
25145;2;75.29411764705883
25146;2;66.96428571428571
25148;0;70.45454545454545
25149;7;73.08248914616497
25150;1;68.64864864864865
25151;3;69.55223880597015
25152;4;71.42857142857143
25153;0;71.21212121212122
25154;1;56.666666666666664
25155;5;69.41529235382309
25156;7;72.56637168141593
25157;1;76.79558011049724
25158;26;70.95790115924345
25161;3;63.58695652173913
25163;5;62.71929824561403
25164;2;69.29133858267717
25165;4;69.28571428571428
25166;1;69.49152542372882
25167;3;66.94915254237289
25168;2;77.16535433070865
25169;3;66.48936170212765
25170;1;68.93939393939394
25171;4;66.71232876712328
25172;8;68.14404432132964
25173;5;69.33019976498237
25174;3;75.12562814070351
25175;7;68.04123711340206
25176;7;76.6025641025641
25177;2;69.35483870967742
25179;0;71.42857142857143
25180;0;63.17991631799163
25181;5;77.96610169491525
25182;13;70.75743048897411
25183;4;66.26746506986028
25185;8;61.820851688693104
25186;2;65.88785046728972
25189;16;66.0968660968661
25190;4;74.1444866920152
25191;3;67.7710843373494
25192;11;66.49282920469362
25193;3;67.97385620915033
25194;0;65.25821596244131
25196;0;62.18487394957983
25197;2;70.8029197080292
25200;0;64.88095238095238
25201;0;60.86956521739131
25202;0;71.28712871287128
25203;53;62.254901960784316
25204;3;67.92908944399679
25205;2;73.48754448398577
25206;3;63.81322957198443
25207;45;65.34749034749035
25208;1;60.44303797468354
25209;6;68.22676334871457
25210;9;70.56159420289855
25211;4;62.51830161054173
25212;1;73.93162393162393
25215;2;73.05389221556887
25216;0;66.3716814159292
25217;119;66.2261657542005
25218;0;78.57142857142857
25219;3;73.61111111111111
25220;9;68.96887159533074
25221;0;58.46153846153847
25222;1;77.61194029850746
25223;8;66.5943600867679
25224;1;68.25396825396825
25225;6;68.69565217391305
25226;3;62.15139442231076
25227;3;62.090483619344774
25228;21;70.32533683864607
25230;13;69.93006993006993
25231;2;77.9591836734694
25232;10;67.62843068261787
25233;2;69.42446043165468
25234;25;61.65501165501166
25238;6;69.5852534562212
25239;1;52.63157894736842
25240;10;71.49964463397299
25242;4;65.57377049180327
25243;30;67.80177187153932
25244;3;68.29268292682927
25245;0;70.97505668934241
25247;0;58.536585365853654
25248;3;69.80920314253648
25249;2;64.48087431693989
25250;0;68.6046511627907
25251;3;69.71830985915493
25252;6;72.8102189781022
25253;0;76.68711656441718
25254;6;68.69918699186992
25255;4;72.30046948356808
25901;4;63.6986301369863
25902;3;68.42105263157895
25903;3;64.9789029535865
25904;0;76.12903225806451
25905;4;67.35751295336787
25906;0;63.716814159292035
25907;3;63.65461847389559
25908;3;60.526315789473685
25909;3;57.41935483870968
25910;0;63.366336633663366
25911;7;66.5929203539823
25912;5;71.19815668202764
25913;1;79.3103448275862
43001;4;68.20143884892086
43002;12;71.05985722130697
43003;3;72.67080745341616
43004;38;67.56244072083464
43005;17;65.72614107883817
43006;10;67.7891654465593
43007;3;75.51020408163265
43008;5;59.8705501618123
43009;5;67.64500349406009
43010;2;80.0632911392405
43011;5;76.08494921514311
43012;22;74.55307262569832
43013;21;67.2316384180791
43014;118;66.05331281046666
43015;1;81.25
43016;15;74.13692217671152
43017;1;79.36507936507937
43018;1;78.04878048780488
43019;4;65.93727206418673
43020;13;74.06902815622162
43021;6;68.88888888888889
43022;20;68.16976127320955
43023;3;74.89177489177489
43024;3;68.5939553219448
43025;5;71.35761589403974
43026;2;72.64742785445421
43027;2;80.60606060606061
43028;7;63.56275303643725
43029;4;73.37461300309597
43030;1;72.32558139534883
43031;8;72.44201909959072
43032;7;70.93690248565966
43033;5;74.03598971722364
43034;4;76.25
43035;0;63.74045801526718
43036;0;64.65005931198102
43037;61;65.27354260089686
43038;117;67.22001402852467
43039;0;71.56862745098039
43040;2;75.44378698224851
43041;0;70.79646017699115
43042;7;73.78957169459963
43043;11;70.36445012787725
43044;34;70.26415094339623
43045;0;79.60526315789474
43046;2;77.0
43047;19;65.11627906976744
43048;8;70.50805452292441
43049;1;73.19034852546918
43050;11;65.60888536295121
43051;26;68.02808660035107
43052;9;69.39203354297693
43053;1;78.01047120418848
43054;21;66.04372355430183
43055;16;74.48101265822785
43056;6;61.079219288174514
43057;1;62.5
43058;1;73.11827956989248
43059;2;77.07509881422925
43060;16;69.93418773813647
43061;0;64.58333333333334
43062;7;81.38686131386861
43063;8;64.82142857142857
43064;16;68.61675756073376
43065;4;67.34177215189874
43066;1;70.3225806451613
43067;1;78.1981981981982
43068;2;65.53030303030303
43069;1;78.26086956521739
43070;0;82.20338983050848
43071;5;70.34632034632034
43072;1;73.33333333333333
43073;0;70.58823529411765
43074;7;73.41337907375643
43075;1;69.66292134831461
43076;0;71.14093959731544
43077;7;66.30669546436285
43078;11;74.76635514018692
43079;1;70.87912087912088
43080;2;75.40983606557377
43081;4;71.18927973199331
43082;0;78.2258064516129
43083;0;67.85714285714286
43084;5;76.80608365019012
43085;2;78.76106194690266
43086;27;66.96582012602636
43088;6;70.29501525940996
43089;1;75.08896797153025
43090;4;58.41121495327103
43091;2;69.11764705882352
43092;21;65.20753647825471
43093;44;67.1527244819647
43094;11;69.24137931034483
43095;13;69.11351784997994
43096;0;80.19801980198021
43097;0;77.17948717948718
43098;4;72.59475218658892
43099;1;76.72131147540983
43100;16;72.2154222766218
43101;4;72.2972972972973
43102;2;69.48453608247422
43103;6;72.19730941704036
43104;14;71.46829810901001
43105;3;70.98765432098766
43106;7;67.1604938271605
43107;4;70.29177718832891
43108;8;69.74647887323944
43109;13;67.0703125
43110;1;62.13235294117647
43111;9;67.49633967789165
43112;0;62.676056338028175
43113;2;75.0
43114;1;68.04123711340206
43115;2;74.83870967741936
43116;1;71.64835164835165
43117;1;76.38888888888889
43118;1;75.78692493946731
43119;7;70.49180327868852
43120;0;65.990990990991
43121;4;65.06622516556291
43122;0;79.24528301886792
43123;302;68.1555580852638
43124;6;71.69421487603306
43125;4;73.46072186836517
43126;8;72.04757858963467
43127;2;72.41830065359477
43128;4;68.6123348017621
43129;24;68.16803811173668
43130;2;65.3061224489796
43131;16;66.16915422885572
43132;1;73.6986301369863
43133;26;65.40284360189574
43134;2;79.85865724381625
43135;3;73.68421052631578
43136;50;64.42577030812325
43137;9;71.45135566188198
43138;22;68.02390735898393
43139;16;64.88066244520215
43140;7;73.1614539306847
43141;0;63.96396396396396
43142;4;70.10771992818673
43143;1;83.92857142857143
43144;3;72.65500794912559
43145;36;73.23702252693438
43146;1;78.94736842105263
43147;1;72.7447216890595
43148;349;71.17114120008428
43149;7;69.09871244635193
43150;5;72.3076923076923
43151;1;75.22935779816514
43152;2;75.1111111111111
43153;29;67.82502810041214
43154;1;76.51515151515152
43155;137;65.7777389175483
43156;26;69.01054746358614
43157;3;77.55681818181817
43158;3;61.79775280898876
43159;0;71.25
43160;7;69.75648075412411
43161;67;67.03258407388046
43162;26;72.61766751680965
43163;74;67.32536036749565
43164;0;72.66666666666667
43165;2;74.5674740484429
43166;4;71.23724489795919
43167;2;74.93472584856397
43168;2;68.81720430107528
43169;3;79.64989059080962
43170;8;70.36172695449243
43171;46;69.25923387925718
43172;8;69.23076923076923
43173;0;62.37623762376238
43174;1;71.73913043478261
43175;3;68.90459363957598
43176;5;70.71339173967459
43177;5;79.19463087248322
43178;9;70.33707865168539
43901;81;60.53622361665716
43902;22;64.31159420289855
43903;20;59.58875367184222
43904;38;61.86382393397524
43905;41;63.95518753044326
43906;3;68.68209730751063
43907;14;72.43267914194432
06001;1;75.57471264367817
06002;33;71.14186851211073
06003;6;79.03614457831326
06004;10;78.86533665835411
06005;10;74.02446126965637
06006;27;73.23177366702937
06007;6;72.55563047875927
06008;1;88.64353312302839
06009;1;75.72815533980582
06010;7;78.93789378937895
06011;172;71.53027790137939
06012;12;71.89024390243902
06013;1;86.79245283018868
06014;22;69.54246411483254
06015;677;70.41217762464323
06016;14;75.82269979852249
06017;1;83.57664233576642
06018;3;71.35348226018397
06019;11;72.67942583732058
06020;12;78.7596048298573
06021;9;71.98275862068965
06022;12;81.16541353383458
06023;11;73.36084364970196
06024;5;80.86367485182049
06025;37;74.77565353101834
06026;2;75.50776583034647
06027;1;86.04992657856094
06028;30;87.37361862214908
06029;8;73.53668590272052
06030;0;80.23255813953489
06031;2;68.88412017167383
06032;2;81.81818181818183
06033;10;77.96992481203007
06034;2;72.41379310344827
06035;4;73.14524555903866
06036;29;74.67059980334317
06037;5;66.51583710407239
06038;5;69.66292134831461
06039;9;84.11316648531012
06040;4;75.64870259481037
06041;3;82.17391304347827
06042;3;70.25691699604744
06043;5;80.53491827637444
06044;153;72.18934911242604
06045;4;75.75150300601202
06046;4;79.24679487179486
06047;2;77.6608187134503
06048;0;84.43396226415094
06049;2;73.16356513222331
06050;30;77.06110572259942
06051;6;78.51239669421489
06052;31;75.80844235991113
06053;2;75.61779242174629
06054;32;76.9018743109151
06055;21;75.65597667638484
06056;2;83.36798336798337
06057;1;82.19895287958116
06058;14;73.57664233576642
06059;12;73.2508073196986
06060;23;74.95688168333908
06061;6;82.32600732600733
06062;4;73.52941176470588
06063;15;79.42725477287689
06064;6;79.90487514863258
06065;0;83.1715210355987
06066;2;70.94594594594594
06067;9;70.96774193548387
06068;3;77.04194260485652
06069;21;70.28255927249106
06070;52;74.46149877466787
06071;0;84.21052631578947
06072;20;77.67780634104543
06073;5;68.05369127516778
06074;37;77.21229746572497
06075;2;84.0670859538784
06076;2;75.50776583034647
06077;3;79.53890489913545
06078;1;81.17647058823529
06079;1;77.82945736434108
06080;9;77.57638529259451
06081;4;78.84972170686456
06082;3;81.67539267015707
06083;235;70.71631497907224
06084;4;77.9090909090909
06085;21;74.78844470382259
06086;3;71.69505271695053
06087;16;75.78749412317819
06088;68;71.14486905609621
06089;3;82.10702341137124
06090;7;75.37058152793614
06091;32;72.1311475409836
06092;3;69.0721649484536
06093;22;77.72808586762075
06094;6;69.1166554281861
06095;97;73.45412409143579
06096;1;83.1858407079646
06097;7;75.89958158995816
06098;1;74.86238532110092
06099;5;66.89895470383276
06100;2;82.72921108742004
06101;0;82.83261802575107
06102;3;79.90521327014218
06103;40;73.60384856724535
06104;6;78.72968980797637
06105;0;70.99841521394612
06106;2;68.92523364485982
06107;4;70.0188560653677
06108;13;74.5541539799913
06109;22;82.33510235026536
06110;0;70.86092715231787
06111;2;71.00591715976331
06112;0;85.24173027989822
06113;9;76.73394495412845
06114;0;78.37837837837837
06115;7;68.80952380952381
06116;10;72.68201617921594
06117;3;73.67678193366267
06118;1;80.09708737864078
06119;1;74.03708987161198
06120;14;77.6598880047156
06121;21;74.43097842151937
06122;29;69.97443993384454
06123;22;73.64341085271317
06124;15;75.27314548591144
06125;7;75.65564424173317
06126;9;73.01878149335776
06127;13;75.6308330452817
06128;36;70.57367829021372
06129;3;78.84940778341793
06130;0;89.23076923076924
06131;2;82.58845437616388
06132;4;74.15204678362574
06133;9;76.11267605633802
06134;3;59.63302752293578
06135;9;81.95829555757027
06136;8;74.90494296577947
06137;4;82.16818642350557
06138;3;75.07082152974505
06139;1;79.92766726943941
06140;6;77.88309636650868
06141;13;71.56806433084434
06142;0;77.89855072463769
06143;23;76.33313361294188
06144;3;80.0711743772242
06145;9;78.27510917030568
06146;5;77.51371115173674
06147;0;78.72928176795581
06148;5;75.95066803699896
06149;70;77.48017791529685
06150;6;81.6377171215881
06151;8;73.94881170018282
06152;1;72.91981845688352
06153;112;74.10001469363765
06154;17;71.51536812008578
06155;15;70.74074074074073
06156;2;77.24550898203593
06157;0;69.75717439293598
06158;91;74.8966553927095
06159;14;61.09448482257375
06160;12;73.68421052631578
06161;1;74.92063492063492
06162;17;77.5357385976855
06901;28;77.95648060548723
06902;6;74.10287081339713
06903;11;74.81408031730292
10001;2;79.2982456140351
10002;0;75.54347826086956
10003;2;71.99281867145422
10004;1;77.27910238429172
10005;3;76.53631284916202
10006;7;80.31372549019608
10007;3;75.54179566563467
10008;6;79.03831705484599
10009;1;64.07407407407408
10010;12;62.273901808785524
10011;2;78.94736842105263
10012;1;82.47078464106845
10013;2;80.85106382978722
10014;11;76.30736392742796
10015;2;72.7802037845706
10016;1;79.63525835866263
10017;4;72.05707491082045
10018;6;72.88037166085947
10019;8;75.09933774834437
10020;9;76.5904879555281
10021;40;76.18314736437091
10022;1;85.28735632183908
10023;1;76.4775413711584
10024;6;78.31149927219796
10025;2;84.82587064676616
10026;5;78.48297213622291
10027;0;84.61538461538461
10028;0;73.46938775510205
10029;1;82.53588516746412
10030;1;66.24737945492663
10031;1;82.63473053892216
10032;10;76.0117302052786
10033;1;70.69767441860465
10034;1;75.14285714285714
10035;6;73.93617021276596
10036;2;75.53516819571865
10037;329;76.46558381215397
10038;0;81.3953488372093
10039;0;69.08665105386417
10040;4;77.65237020316027
10041;4;77.93560606060606
10042;0;82.35294117647058
10043;2;72.97297297297297
10044;7;75.80978635423845
10045;11;76.23666343355964
10046;2;87.56218905472637
10047;1;80.55555555555556
10048;1;66.53061224489795
10049;27;82.7487659132242
10050;5;80.3201506591337
10051;1;72.27272727272728
10052;1;65.80310880829016
10053;1;79.93079584775087
10054;6;78.34862385321101
10055;3;77.05146036161335
10056;5;77.15736040609137
10057;0;74.66666666666667
10058;5;72.8780487804878
10059;0;69.91869918699187
10060;5;63.72045220966084
10061;8;68.68990384615384
10062;3;83.53510895883777
10063;1;81.00558659217877
10064;9;76.64429530201342
10065;1;75.1219512195122
10066;1;81.0126582278481
10067;54;74.3467480450124
10068;3;80.56300268096514
10069;2;77.85800240673886
10070;0;76.11111111111111
10071;2;69.44444444444444
10072;2;74.70997679814386
10073;3;74.96503496503496
10075;1;69.53125
10076;3;74.14634146341463
10077;2;74.1654571843251
10078;3;78.50241545893721
10079;2;78.02441731409544
10080;1;75.0
10081;0;74.30167597765363
10082;13;80.71843634442683
10083;0;76.66666666666667
10084;7;68.17518248175183
10085;1;74.02985074626865
10086;1;78.72340425531915
10087;7;72.4867724867725
10088;0;57.073170731707314
10089;2;72.96511627906976
10090;5;73.9463601532567
10091;0;80.42328042328042
10092;2;79.06976744186046
10093;2;82.01970443349754
10094;3;87.5
10095;1;76.85714285714286
10096;14;72.69822828928261
10097;0;74.52830188679245
10098;0;76.36363636363637
10099;7;70.4391891891892
10100;4;75.72327044025158
10101;1;79.45945945945945
10102;4;77.77777777777779
10103;1;75.33039647577093
10104;21;72.85741923002514
10105;11;69.27352123858674
10106;1;82.83582089552239
10107;11;79.864472410455
10108;0;55.96330275229357
10109;2;68.34811529933481
10110;10;73.1940818102698
10111;9;72.94721407624634
10112;7;75.99494630448515
10113;20;76.46559048428207
10114;4;74.48347107438018
10115;20;79.84907769703746
10116;21;75.02642706131078
10117;0;48.84615384615385
10118;1;88.92733564013841
10119;2;73.17460317460316
10120;2;71.02272727272727
10121;33;73.82685069008784
10122;0;71.86147186147186
10123;1;82.05128205128204
10124;7;80.2784222737819
10125;2;71.76079734219269
10126;3;71.43765903307889
10127;15;74.70364098221846
10128;39;73.34840055632823
10129;4;74.93112947658402
10130;5;75.07098239636571
10131;44;70.31906614785993
10132;0;64.5
10133;2;83.22314049586777
10134;1;69.91150442477876
10135;1;73.81489841986456
10136;4;73.58490566037736
10137;4;86.21553884711778
10138;2;81.80147058823529
10139;0;75.67567567567568
10140;6;77.19928186714542
10141;2;70.8955223880597
10142;5;75.24271844660194
10143;0;76.58227848101265
10144;3;75.80321285140562
10145;1;80.15873015873017
10146;4;67.46189529489727
10147;6;77.25490196078432
10148;189;71.74776413521298
10149;1;72.41379310344827
10150;4;85.02824858757062
10151;0;76.52582159624414
10152;3;76.80851063829788
10153;3;74.84276729559748
10154;1;75.0
10155;3;75.08771929824562
10156;1;73.95833333333334
10157;1;76.55677655677655
10158;0;75.22388059701493
10159;2;72.75541795665634
10160;0;76.44444444444444
10161;0;70.66666666666667
10162;0;83.41968911917098
10163;1;84.8314606741573
10164;1;69.13746630727763
10165;0;81.85328185328186
10166;0;71.66123778501628
10167;0;78.43137254901961
10168;0;75.0
10169;0;79.04411764705883
10170;2;77.56653992395437
10171;1;77.05882352941177
10172;2;69.77715877437326
10173;4;74.35456110154905
10174;0;80.57142857142857
10175;7;73.50069735006973
10176;1;73.2620320855615
10177;10;78.15619495008808
10178;1;72.59923175416134
10179;0;82.05980066445183
10180;12;66.48232748256792
10181;7;82.27665706051873
10182;0;73.64341085271317
10183;4;76.83786505538771
10184;6;79.69151670951156
10185;5;75.6993006993007
10186;4;83.5010060362173
10187;1;71.33182844243792
10188;2;76.2
10189;10;75.52710843373494
10190;2;71.4795008912656
10191;12;78.38345864661655
10192;0;70.3923900118906
10193;10;80.92892329345531
10194;5;82.27611940298507
10195;58;74.89701338825952
10196;1;76.47058823529412
10197;0;70.1492537313433
10198;6;88.10344827586208
10199;3;72.28915662650603
10200;0;73.86091127098321
10201;0;82.95454545454545
10202;2;79.71014492753623
10203;14;71.04347826086956
10204;5;78.05429864253394
10205;5;69.46902654867256
10206;3;75.94339622641509
10207;5;70.1195219123506
10208;1;80.64516129032258
10209;1;65.87837837837837
10210;1;68.96551724137932
10211;2;77.5330396475771
10212;8;77.05499704316972
10213;1;84.58844133099825
10214;0;82.6923076923077
10215;0;72.39819004524887
10216;9;77.7705767984446
10217;1;80.86303939962477
10218;2;72.44094488188976
10219;1;66.66666666666666
10901;2;71.875
10902;2;74.79452054794521
10903;7;76.80097680097681
10904;5;69.6
10905;0;70.35330261136713
15001;45;72.13319458896981
15002;205;73.88460028784509
15003;18;72.93729372937293
15004;28;74.02677651905253
15005;215;68.44924158796353
15006;49;66.01905473566224
15007;24;73.65751789976133
15008;42;75.02654867256638
15009;70;74.90723562152134
15010;21;70.8311552535285
15011;92;71.81659445127077
15012;40;76.02291325695582
15013;43;70.43747959516814
15014;34;69.6331184928111
15015;21;74.85915492957747
15016;21;68.4769038701623
15017;156;73.64293085655315
15018;7;70.67474048442907
15019;232;69.92124160296503
15020;17;68.96462018730489
15021;43;72.03373210433418
15022;29;69.21093347086126
15023;44;71.8716247492671
15024;35;75.36264732547598
15025;5;61.927034611786716
15027;6;79.48051948051949
15028;10;76.67844522968198
15029;47;69.32824162471793
15030;1699;74.25503757896577
15031;218;74.26353929934393
15032;26;70.5643994211288
15033;13;78.46524708718361
15034;14;66.65516051087332
15035;144;72.11079274116523
15036;484;70.07824136691264
15037;18;67.89821384878884
15038;18;69.58855098389982
15039;8;73.56412273800157
15040;10;74.19471588852696
15041;79;76.96063155707905
15042;21;70.91503267973856
15043;36;74.48999417136196
15044;5;72.95645530939649
15045;15;62.63476202997633
15046;53;72.89204097714736
15047;21;67.76289078359724
15048;41;73.77960865087539
15049;12;69.60873521383076
15050;19;59.08844275637547
15051;38;71.87701569554935
15052;26;71.75361985750402
15053;47;69.2021071566234
15054;349;68.57382602480033
15055;49;69.46730186227803
15056;43;72.38144867118291
15057;88;72.75043142411045
15058;257;76.03084386199906
15059;91;74.09187007495676
15060;48;73.44290657439446
15061;35;69.87247608926673
15062;31;68.17722371967655
15064;22;76.12143180788401
15065;46;75.11232130701157
15066;34;73.03788066353057
15067;45;75.15174036913167
15068;39;69.03453689167975
15069;54;75.2689756816507
15070;98;71.44894153778655
15071;37;69.79284369114878
15072;52;72.96904217743611
15073;149;67.59276183513069
15074;24;73.4548140852007
15075;117;73.91481390992752
15076;24;68.96942242355605
15077;57;68.02360592556907
15078;673;74.48042718297415
15079;16;69.91037131882202
15080;11;69.0340909090909
15081;12;78.59884836852208
15082;135;74.35034955810579
15083;5;73.54545454545455
15084;28;71.28623188405797
15085;26;70.68141063956963
15086;19;72.27553118574366
15087;49;67.91867677463817
15088;18;67.54929577464789
15089;24;75.00579105860551
15090;13;73.43485617597293
15091;12;72.11796246648794
15092;54;69.26260922888243
15093;35;66.96365767878078
15901;30;66.78720445062586
15902;30;71.931330472103
27001;24;56.05997501041233
27002;8;74.13688673531193
27003;16;71.71981181390487
27004;2;67.62589928057554
27005;16;74.26386233269598
27006;26;67.10072769054001
27007;34;78.0444758206848
27008;11;73.42047930283225
27009;11;75.59241706161137
27010;45;70.41026816410726
27011;14;65.18072289156626
27012;5;56.95461200585652
27013;21;81.09465891062929
27014;29;66.59561510353228
27015;41;71.16635687732342
27016;65;70.36368684064409
27017;6;66.27335299901671
27018;17;64.85486624928856
27019;82;74.39655172413792
27020;38;83.46990675332015
27021;21;65.85778781038375
27022;38;68.40913768265075
27023;24;76.39799460084843
27024;8;76.9704433497537
27025;17;80.2028681357118
27026;12;68.79900949236483
27027;19;75.27103768714507
27028;702;72.43900279530995
27029;19;77.42372881355932
27030;27;69.41386492115443
27031;106;69.65495207667732
27032;29;68.48777543012375
27033;8;71.94928684627575
27034;6;62.391681109185434
27035;2;63.68421052631579
27037;12;68.46511627906978
27038;9;71.85185185185186
27039;56;76.09789569990852
27040;22;76.09302325581395
27041;16;73.07530500631047
27042;21;71.51790790221717
27043;14;66.64127951256664
27044;28;65.1844191658049
27045;9;63.58436606291706
27046;10;72.75682704811443
27047;10;67.9245283018868
27048;19;76.19485294117648
27049;8;68.14345991561181
27050;16;74.8747076511861
27051;71;72.61170081461368
27052;3;71.78649237472767
27053;1;63.91941391941391
27054;7;76.34854771784232
27055;3;65.83333333333333
27056;11;70.89905362776025
27057;99;70.87508947745168
27058;37;74.61559966452334
27059;19;74.47774750227066
27060;12;66.42776310826103
27061;10;78.56459330143541
27062;6;75.60581583198707
27063;12;76.0931289040318
27064;14;74.01129943502825
27065;150;69.45242656449552
27066;102;72.0607817028276
27901;25;68.5108153078203
27902;55;69.71928849360755
32001;31;73.20208919244676
32002;11;73.11507936507937
32003;6;74.60496613995485
32004;8;49.28806133625411
32005;7;77.79056386651322
32006;10;72.56524506683641
32007;7;70.59593975114605
32008;44;72.33756717147044
32009;60;70.06398961328017
32010;0;75.88832487309645
32011;5;59.850107066381156
32012;3;65.96794081381012
32013;8;65.38635336647086
32014;7;73.07692307692307
32015;5;65.18353726362626
32016;3;67.75757575757576
32017;5;67.76729559748428
32018;3;75.81284694686757
32019;78;69.71983693295168
32020;10;76.07619047619048
32021;2;69.4560669456067
32022;7;69.93464052287581
32023;6;72.63763352506163
32024;35;70.75842116139698
32025;3;75.0457038391225
32026;25;74.52485380116958
32027;3;71.36194029850746
32028;18;72.73280584297017
32029;5;72.70833333333333
32030;3;69.16256157635468
32031;5;76.55236329935126
32032;74;73.9785211702259
32033;4;67.2
32034;4;77.12532865907099
32035;7;63.61185983827493
32036;5;76.91745799853908
32037;8;73.31536388140162
32038;2;65.5701754385965
32039;5;77.56862745098039
32040;9;75.54347826086956
32041;5;66.19170984455958
32042;13;70.66246056782335
32043;15;71.3894324853229
32044;5;73.11111111111111
32045;19;73.26892109500805
32046;5;71.2468193384224
32047;3;73.982398239824
32048;6;63.24503311258278
32049;5;64.77419354838709
32050;17;76.33401221995926
32051;4;78.25788751714677
32052;6;76.15546218487394
32053;12;78.78369039391845
32054;671;72.92129682666972
32055;7;72.67175572519083
32056;9;71.98757763975155
32057;5;72.0
32058;27;73.10424265693992
32059;16;73.39102217414819
32060;6;72.07100591715975
32061;3;77.95059469350412
32062;7;77.64423076923077
32063;16;68.54048478597215
32064;1;75.47528517110266
32065;3;73.84155455904335
32066;2;76.71957671957672
32067;15;64.46153846153845
32068;8;68.39887640449437
32069;25;76.71359335333487
32070;3;59.187279151943464
32071;1;67.71390374331551
32072;26;73.02374119488651
32073;4;73.27327327327328
32074;4;68.703007518797
32075;43;77.76981852913084
32076;12;71.14568599717114
32077;8;68.43434343434343
32078;6;70.47465808527755
32079;9;74.46016381236039
32080;0;79.87987987987988
32081;6;74.67811158798283
32082;6;71.88244638602065
32083;4;67.44186046511628
32084;3;71.02702702702702
32085;81;69.93183303763189
32086;10;64.80718831898166
32087;7;79.03225806451613
32088;8;65.07352941176471
32089;5;68.84384384384384
32090;2;70.54361567635904
32091;8;72.76060764798324
32092;4;63.82575757575758
36001;6;75.89664481295796
36002;19;72.67534116153602
36003;81;75.11774726926545
36004;69;72.22440558066417
36005;64;71.9088669950739
36006;79;77.0130883245211
36007;12;69.15334517465956
36008;160;74.85277880014722
36009;25;64.52730236348818
36010;18;76.69461914744934
36011;9;64.33224755700326
36012;21;75.44846050870147
36013;12;66.4179104477612
36014;7;73.93939393939394
36015;32;69.94054696789537
36016;7;61.72208013640239
36017;137;73.50833986342774
36018;17;69.92665036674816
36019;12;69.35384615384615
36020;20;74.3513398553807
36021;99;75.08518241502534
36022;48;73.26634275618375
36023;55;74.66745843230403
36024;115;74.47818414166616
36025;9;60.90750436300174
36026;144;71.27159332772361
36027;23;74.75292003593891
36028;22;74.75235564145929
36029;101;76.0245520491041
36030;32;72.06161137440759
36031;9;83.15412186379928
36032;21;75.10259917920656
36033;76;77.0632542317972
36034;15;71.87230371009491
36035;86;75.06583506583506
36036;17;76.58303464755078
36037;16;71.42309167625623
36038;522;75.22669076668173
36039;119;75.44625407166123
36040;13;73.34615384615385
36041;96;73.29460828120345
36042;116;72.49748911951791
36043;22;70.6714527027027
36044;13;69.87480438184663
36045;184;75.75498575498575
36046;30;78.64364981504316
36047;16;68.98073836276083
36048;44;74.23335826477188
36049;54;76.80816447271114
36050;44;73.61809045226131
36051;95;71.67881165919282
36052;37;72.59523157029322
36053;41;75.900228350606
36054;84;73.8086576937068
36055;106;75.94370739573407
36056;34;75.48942834768991
36057;1730;74.93131665238842
36058;48;70.01201923076923
36059;46;68.44237391128215
36060;193;72.59308072487644
36061;58;76.22240203444689
36901;22;81.66056166056165
28001;3;75.0
28002;9;73.70195549561699
28003;3;77.90055248618785
28004;15;70.8367049684415
28005;667;77.91835244503058
28006;334;78.6568911969859
28007;554;79.94901815725567
28008;4;73.13348416289593
28009;51;78.41378328349708
28010;35;80.77742819445855
28011;0;76.17977528089888
28012;4;79.50169875424689
28013;164;74.58981909970551
28014;120;75.33483501765494
28015;81;80.76016014918007
28016;0;71.25
28017;6;78.84297520661157
28018;12;82.13426049745921
28019;2;76.96038803556992
28020;1;66.8918918918919
28021;2;71.13970588235294
28022;169;83.38037573219218
28023;20;81.64786033638492
28024;1;84.86842105263158
28025;1;77.04918032786885
28026;32;78.45117845117845
28027;5;74.81234361968306
28028;8;77.86127167630057
28029;3;80.37735849056604
28030;2;78.2051282051282
28031;4;74.84184914841849
28032;19;76.92145714887346
28033;11;74.63389121338912
28034;1;76.70454545454545
28035;3;76.5051395007342
28036;12;78.52028639618138
28037;5;75.03192848020434
28038;17;78.17629179331307
28039;0;74.61538461538461
28040;45;69.03957682748072
28041;24;80.23360287511231
28042;5;76.49609713790113
28043;29;68.60857818304626
28044;22;80.17689906347555
28045;146;77.32214785426572
28046;19;80.37003610108303
28047;171;76.76728048451561
28048;2;81.3627254509018
28049;286;81.79866412213741
28050;15;74.36840814324258
28051;5;80.41504539559014
28052;18;72.13494720576874
28053;29;82.05326726540724
28054;36;77.4583557227297
28055;4;75.86206896551724
28056;6;75.93023255813954
28057;5;78.1792911744267
28058;612;77.6902698705569
28059;11;75.51020408163265
28060;8;79.12524850894633
28061;75;78.76415094339623
28062;3;79.22077922077922
28063;2;77.38095238095238
28064;0;78.35820895522389
28065;477;81.03426274484782
28066;28;78.02090592334496
28067;12;79.36899186591077
28068;43;76.76610541727672
28069;1;79.62962962962963
28070;0;76.47058823529412
28071;0;78.33333333333333
28072;20;78.92876082729362
28073;64;75.84966013594561
28074;581;79.61251819924753
28075;15;78.48055903959865
28076;1;79.3103448275862
28078;0;94.44444444444444
28079;9067;76.63232443269106
28080;172;82.43063907435823
28082;25;79.90819209039547
28083;47;76.58783783783784
28084;53;75.9391375718164
28085;7;79.47799385875129
28086;21;71.75074183976261
28087;15;80.13224181360201
28088;2;68.70229007633588
28089;19;79.96219281663515
28090;34;80.80904223676383
28091;23;70.40103016924209
28092;641;77.79567160140188
28093;9;82.28095937347038
28094;3;77.0909090909091
28095;6;78.0503978779841
28096;57;75.89890424536094
28097;1;68.54838709677419
28099;8;74.11900635470826
28100;12;73.78268169824898
28101;0;82.56880733944955
28102;3;74.80136208853575
28104;54;82.49494073431627
28106;346;73.8200281940166
28107;0;74.94252873563218
28108;17;76.15615615615616
28109;3;69.95600251414204
28110;2;79.16880451513597
28111;0;82.60135135135135
28112;0;79.04191616766467
28113;156;78.93018510421221
28114;1;69.12751677852349
28115;246;83.88880635203618
28116;3;77.71428571428571
28117;0;88.42105263157895
28118;1;84.48275862068965
28119;9;79.12246865959499
28120;4;75.43138866064092
28121;2;83.83838383838383
28122;2;74.9034749034749
28123;257;83.55943610087844
28124;0;73.68421052631578
28125;13;74.53625632377741
28126;0;64.1025641025641
28127;300;82.34774386557748
28128;2;73.57630979498862
28129;30;78.03614305573107
28130;135;80.1933222391389
28131;57;75.76902320561251
28132;55;73.89437526835552
28133;12;70.95968010663111
28134;233;78.60719538596288
28135;4;76.21009268795056
28136;0;84.375
28137;7;79.13625304136252
28138;0;78.26086956521739
28140;14;79.93961757799396
28141;24;78.0571822252842
28143;1;84.28571428571429
28144;29;80.55321302074549
28145;12;76.9620253164557
28146;9;71.8556119571348
28147;2;77.58264462809917
28148;368;77.15297217190844
28149;19;79.8867857774633
28150;13;78.30739299610894
28151;6;74.83296213808464
28152;46;82.79670535380006
28153;2;72.54623044096729
28154;17;73.17343173431735
28155;0;82.84023668639054
28156;3;75.25050100200401
28157;1;75.29411764705883
28158;3;82.3262839879154
28159;6;79.76190476190477
28160;26;76.51634860824116
28161;190;77.45203440291102
28162;13;79.99215378579835
28163;1;81.5068493150685
28164;12;76.38981915606162
28165;5;74.49664429530202
28166;1;81.13207547169812
28167;35;79.50168512277324
28168;1;74.22512234910276
28169;1;81.56972669936931
28170;9;70.67578439259854
28171;18;70.8352996696555
28172;44;80.92582264361405
28173;3;78.65384615384615
28174;2;71.42058165548099
28175;2;81.88235294117648
28176;50;79.82584635416666
28177;51;81.15188383045526
28178;2;79.73733583489681
28179;7;75.08674531575295
28180;11;77.0698206791301
28181;95;81.9357058592214
28182;0;81.30841121495327
28183;2;73.33333333333333
28901;2;74.77820025348542
28902;2;75.21367521367522
28903;161;85.09852216748769
31001;5;82.22222222222221
31002;7;73.58490566037736
31003;2;76.61290322580645
31004;1;62.857142857142854
31005;0;69.25675675675676
31006;14;72.89959016393442
31007;1;69.11764705882352
31008;0;71.25
31009;5;73.62318840579711
31010;27;69.67313406747073
31011;5;70.8751793400287
31012;4;71.13022113022113
31013;1;66.41452344931922
31014;4;71.8978102189781
31015;18;73.36331834082958
31016;52;76.76001046846376
31017;4;68.69806094182826
31018;9;76.28361858190709
31019;23;71.58651188501935
31020;2;51.76211453744494
31021;0;65.625
31022;3;65.39923954372624
31023;77;82.17111046000586
31024;0;50.98039215686274
31025;5;72.91666666666666
31026;1;87.07482993197279
31027;7;71.00238663484487
31028;0;63.03317535545023
31029;6;71.56756756756756
31030;3;73.79310344827587
31031;0;63.80090497737556
31032;26;74.72590882862089
31033;1;59.183673469387756
31034;1;72.5
31035;1;71.42857142857143
31036;5;72.09554831704669
31037;0;74.4186046511628
31038;13;75.44510385756676
31039;0;69.87951807228916
31040;1;67.0103092783505
31041;14;71.06759317751106
31042;19;75.83819241982506
31043;0;78.94736842105263
31044;1;76.89655172413794
31045;9;78.76984126984127
31046;0;63.33333333333333
31047;6;73.18007662835248
31048;1;72.7810650887574
31049;1;69.31818181818183
31050;64;64.4106965995378
31051;2;69.56521739130434
31052;0;73.86363636363636
31053;4;74.24812030075188
31054;7;66.95652173913044
31055;2;68.33976833976834
31056;0;76.53631284916202
31057;17;75.88300220750553
31058;2;71.16279069767441
31059;1;74.3455497382199
31060;78;73.1326969321577
31061;1;89.28571428571429
31062;4;79.59558823529412
31063;2;81.81818181818183
31064;11;80.23496890117484
31065;14;75.05285412262155
31066;8;74.62514417531719
31067;15;73.47781217750257
31068;27;75.07777393708953
31069;4;75.91499409681228
31070;16;71.9079939668175
31071;0;100.0
31072;32;74.05446293494705
31073;3;67.93650793650794
31074;5;76.39593908629442
31075;1;67.32673267326733
31076;28;83.29871208973826
31077;49;75.31575037147103
31078;25;77.19656722517368
31079;0;69.73684210526315
31080;8;80.7843137254902
31081;2;69.88304093567251
31082;6;64.71544715447153
31083;0;73.21428571428571
31084;19;71.78294573643412
31085;3;74.94692144373673
31086;114;79.63347963347964
31087;2;77.51479289940828
31088;46;75.24219590958019
31089;1;77.68595041322314
31090;3;55.47945205479452
31091;0;62.53602305475504
31092;4;69.18429003021149
31093;2;71.67235494880546
31094;1;73.21428571428571
31095;1;86.8421052631579
31096;2;82.6086956521739
31097;96;71.49290916059793
31098;23;77.63295099061523
31099;1;82.53968253968253
31100;2;70.45454545454545
31101;11;74.1726618705036
31102;1;45.20547945205479
31103;1;69.56521739130434
31104;10;72.22814498933901
31105;18;78.6970684039088
31106;1;82.00290275761974
31107;12;76.3327475102519
31108;14;79.17997870074548
31109;6;75.80025608194623
31110;2;72.22222222222221
31111;2;78.125
31112;0;71.27659574468085
31113;1;62.77372262773723
31114;6;75.13812154696133
31115;2;65.06024096385542
31116;1;78.46153846153847
31117;1;62.903225806451616
31118;2;73.93939393939394
31119;0;55.00000000000001
31120;5;67.00507614213198
31121;2;70.3125
31122;42;77.79190506463235
31123;7;65.74923547400611
31124;2;77.14285714285715
31125;2;70.54545454545455
31126;0;65.82633053221288
31127;2;67.83216783216784
31128;2;71.62162162162163
31129;2;67.43002544529261
31130;7;69.03225806451613
31131;13;76.23421354764638
31132;1;78.76712328767124
31133;1;68.18181818181817
31134;1;74.15730337078652
31135;0;65.68627450980392
31136;6;72.07207207207207
31137;3;44.71153846153847
31138;5;69.48608137044968
31139;3;64.15094339622641
31140;2;70.6896551724138
31141;1;64.22018348623854
31142;11;68.88731396172926
31143;1;60.204081632653065
31144;2;59.950248756218905
31145;0;77.77777777777779
31146;2;85.71428571428571
31147;2;77.55102040816327
31148;3;75.26881720430107
31149;16;65.61163387510693
31150;1;72.30046948356808
31151;1;71.64179104477611
31152;16;74.16481069042317
31153;10;67.3572744014733
31154;3;55.947136563876654
31155;3;75.49407114624506
31156;0;76.5873015873016
31157;32;68.33051325437111
31158;2;71.82539682539682
31159;9;76.45502645502646
31160;0;75.70093457943925
31161;4;79.36046511627907
31162;0;61.702127659574465
31163;15;73.32672285572632
31164;3;79.72508591065292
31165;31;73.62204724409449
31166;2;71.53846153846153
31167;13;75.453446191052
31168;0;77.41935483870968
31169;15;68.01984663960306
31170;1;79.59183673469387
31171;6;73.59307359307358
31172;6;79.83651226158038
31173;3;80.64146620847652
31174;0;68.18181818181817
31175;0;69.44444444444444
31176;33;72.72408963585434
31177;3;65.2671755725191
31178;4;73.53535353535354
31179;5;70.92337917485266
31180;5;80.0925925925926
31181;0;77.33333333333333
31182;0;72.97297297297297
31183;10;85.31571218795888
31184;2;70.49180327868852
31185;4;68.8622754491018
31186;2;69.86754966887418
31187;1;63.06306306306306
31188;2;76.2114537444934
31189;10;63.16239316239316
31190;1;81.81818181818183
31191;23;77.00463883366467
31192;0;83.01886792452831
31193;12;78.00565770862801
31194;2;69.2063492063492
31195;0;71.66666666666667
31196;0;87.17948717948718
31197;0;85.71428571428571
31198;0;80.55555555555556
31199;3;67.33333333333333
31200;11;73.03664921465969
31201;1040;74.96464889075322
31202;41;70.3883495145631
31203;0;72.5
31204;2;89.1891891891892
31205;7;77.28337236533957
31206;19;72.98329355608591
31207;0;71.58671586715867
31208;21;78.4741144414169
31209;0;68.78980891719745
31210;2;73.36683417085426
31211;2;48.0
31212;7;78.1456953642384
31213;0;66.66666666666666
31214;0;75.26881720430107
31215;35;73.39212733921273
31216;31;72.87480680061825
31217;1;69.13946587537092
31219;0;71.5909090909091
31220;3;80.71808510638297
31221;4;69.69446738232865
31222;5;65.07936507936508
31223;6;75.57788944723617
31224;6;73.08533916849015
31225;0;80.55555555555556
31226;1;59.14529914529915
31227;53;75.26136639922197
31228;2;77.01612903225806
31229;0;80.0
31230;0;80.37383177570094
31231;1;70.43478260869566
31232;199;73.2824427480916
31233;0;75.0
31234;2;74.30555555555556
31235;0;66.86746987951807
31236;12;71.22356495468279
31237;1;80.0
31238;2;87.27272727272727
31239;5;71.93548387096774
31240;6;66.85499058380414
31241;0;70.1492537313433
31242;1;65.21739130434783
31243;5;75.15923566878982
31244;1;55.769230769230774
31245;1;65.06024096385542
31246;2;77.14285714285715
31247;0;73.68421052631578
31248;2;58.98305084745763
31249;20;71.61803713527851
31250;20;67.8319209039548
31251;19;75.46623794212218
31252;0;78.16091954022988
31253;0;86.82170542635659
31254;7;76.71875
31255;2;73.52941176470588
31256;0;64.22018348623854
31257;8;75.86605080831409
31258;56;76.02346639459253
31259;3;67.0103092783505
31260;15;68.99598393574297
31261;3;79.57446808510639
31262;2;87.37864077669903
31263;2;60.16949152542372
31264;5;65.36312849162012
31265;0;70.93023255813954
31901;121;76.60743134087238
31902;23;74.7123791992637
31903;28;71.27256180797816
31904;8;70.23733162283516
31905;11;74.04285212504391
31906;21;76.18488053270663
31907;97;80.24726046642316
31908;11;70.3373015873016
01001;8;71.875
01002;32;73.23995576852194
01003;19;70.99494097807757
01004;7;73.02491103202847
01006;1;80.68181818181817
01008;13;69.36708860759494
01009;2;70.88212334113973
01010;17;76.0
01011;7;74.68354430379746
01013;3;68.35443037974683
01014;1;78.49462365591397
01016;3;58.08656036446469
01017;4;67.20368239355581
01018;4;70.36496350364963
01019;2;77.77777777777779
01020;0;71.16564417177914
01021;1;73.04347826086956
01022;3;73.66459627329192
01023;2;73.23420074349443
01027;0;64.42307692307693
01028;6;70.47353760445682
01030;1;79.24528301886792
01031;6;76.66948436179204
01032;0;70.49808429118774
01033;5;78.89060092449924
01034;1;72.72727272727273
01036;73;71.39151257150459
01037;2;72.52559726962457
01039;0;79.70297029702971
01041;1;68.62745098039215
01042;11;72.47502774694784
01043;8;70.92320966350302
01044;1;80.08474576271186
01046;3;74.91582491582491
01047;13;73.96265560165975
01049;0;77.14285714285715
01051;21;66.91625069328896
01052;1;77.04918032786885
01053;3;62.521294718909715
01054;4;72.89915966386555
01055;8;67.46411483253588
01056;1;64.6788990825688
01057;0;82.85714285714286
01058;8;63.526752072343626
01059;948;72.91123345890081
01060;0;81.4070351758794
01061;2;86.27450980392157
01062;3;68.47133757961782
01063;10;73.37409672040022
01901;17;72.01365187713311
01902;4;72.76422764227642
20001;1;57.02479338842975
20002;10;66.1807580174927
20003;3;61.737523105360445
20004;2;53.57142857142857
20005;7;64.31403647898493
20006;1;61.45038167938931
20007;5;68.75
20008;5;52.98196948682386
20009;57;69.37022900763358
20010;4;70.61579651941098
20011;9;77.28915662650603
20012;3;75.0
20013;19;71.88133407038879
20014;4;57.15571557155715
20015;9;72.64150943396226
20016;5;58.45442536327609
20017;37;67.68065268065267
20018;29;64.11414123171393
20019;72;68.39749328558639
20020;0;55.03875968992248
20021;2;55.27638190954774
20022;7;59.832134292565954
20023;2;57.97752808988764
20024;2;57.50636132315522
20025;5;67.65734265734265
20026;4;69.80198019801979
20027;11;65.41193181818183
20028;17;66.65188470066519
20029;17;70.57303898543917
20030;108;70.23007204276087
20031;1;58.333333333333336
20032;45;69.60728514513374
20033;3;72.80092592592592
20034;7;67.94425087108013
20035;4;68.25726141078839
20036;85;69.90416793428659
20037;1;60.824742268041234
20038;1;72.44897959183673
20039;13;72.90383704405495
20040;69;66.96690816526336
20041;2;57.36434108527132
20042;23;66.74869270993541
20043;6;66.49425287356323
20044;0;71.73913043478261
20045;222;70.16127305048082
20046;4;68.29477292202229
20047;2;68.9727463312369
20048;2;59.09090909090909
20049;22;67.725509214355
20050;4;60.836501901140686
20051;31;72.43626882966396
20052;6;73.05224564619614
20053;18;66.10703043022036
20054;5;67.33780760626398
20055;52;69.19872160712247
20056;12;64.66861598440545
20057;0;60.69651741293532
20058;3;73.32439678284183
20059;30;68.72390838316596
20060;2;85.39325842696628
20061;21;66.27662064123567
20062;3;69.75560081466395
20063;23;68.19774718397997
20064;59;67.29203257224971
20065;18;69.99334664005322
20066;3;60.520607375271155
20067;113;70.09245742092457
20068;0;63.934426229508205
20069;699;72.6338245385185
20070;4;68.15286624203821
20071;62;68.12660278040221
20072;23;66.20164870006342
20073;21;68.82617062219371
20074;43;72.19638242894057
20075;16;65.42785042440927
20076;39;71.29550014330754
20077;25;72.32500476826245
20078;6;74.97835497835497
20079;81;70.92795065881693
20080;33;69.83544303797468
20081;33;69.53083109919571
20901;2;68.14712005551701
20902;56;72.31029380680617
20903;9;67.0120084765717
20904;0;64.58333333333334
20905;0;74.46808510638297
20906;1;69.42148760330579
20907;2;70.83333333333334
48001;37;71.86213991769547
48002;41;73.4556107502229
48003;76;73.21104756590877
48004;1;68.562874251497
48005;0;64.95726495726495
48006;3;85.12110726643598
48007;0;66.02739726027397
48008;6;70.17828200972447
48009;3;78.11704834605598
48010;1;68.05251641137856
48011;56;71.0998761865456
48012;11;76.97207251347379
48013;383;71.1742348469694
48014;8;71.42857142857143
48015;168;72.12525972098545
48016;22;73.30798479087453
48017;42;67.02784048156508
48018;3;63.2
48019;16;71.480244852532
48020;1471;70.71286796363052
48021;8;70.41420118343196
48022;9;62.67515923566879
48023;4;79.12457912457911
48024;5;77.26819541375872
48025;3;72.70668176670442
48026;7;75.92592592592592
48027;113;72.29610130259157
48028;4;77.34265734265733
48029;35;73.87181949111859
48030;4;74.67105263157895
48031;0;72.05882352941177
48032;32;72.76373147340888
48033;0;74.4186046511628
48034;79;75.05813052239962
48035;4;75.97087378640776
48036;117;70.76292246520875
48037;2;76.40117994100295
48038;0;74.33155080213903
48039;2;82.71604938271605
48040;5;68.97613548883757
48041;4;79.26136363636364
48042;7;80.27456647398844
48043;28;72.99568476039065
48044;385;74.59873946244583
48045;35;76.51971256554671
48046;56;71.62558452881034
48047;0;69.56521739130434
48048;3;70.99644128113879
48049;0;79.01459854014598
48050;0;77.27272727272727
48051;0;76.81818181818181
48052;0;77.93457344451572
48053;8;75.1111111111111
48054;124;72.47980111870727
48055;16;73.6664162283997
48056;7;74.94887525562373
48057;20;71.1949904331188
48058;4;71.09053497942386
48059;1;78.85572139303483
48060;7;62.46913580246913
48061;4;76.64041994750657
48062;1;80.33333333333333
48063;1;77.4798927613941
48064;7;76.78275290215588
48065;19;73.815987933635
48066;1;73.98843930635837
48067;2;72.09302325581395
48068;16;75.95099935525468
48069;58;70.38777908343125
48070;2;69.35779816513762
48071;32;73.01405688133377
48072;5;74.74332648870636
48073;43;64.3843498273878
48074;20;74.01740174017402
48075;12;72.9113924050633
48076;4;75.47770700636943
48077;17;72.4086724086724
48078;231;72.4381807857106
48079;4;75.76470588235294
48080;71;71.68789489519607
48081;12;74.98672331386086
48082;201;71.68529185358214
48083;33;73.7841726618705
48084;108;69.49107498781947
48085;50;72.40073779244733
48086;15;73.27544621321755
48087;1;80.65268065268066
48088;0;71.85185185185186
48089;23;74.24984690753215
48090;23;75.45665891730322
48091;7;72.39858906525573
48092;13;73.95459976105137
48093;4;74.77777777777777
48094;18;69.2139054181021
48095;6;70.49319727891157
48096;43;76.74031476997578
48097;10;69.60859554873369
48901;35;75.43455497382199
48902;93;69.7761974482326
48903;4;76.16974972796517
48904;18;76.22716894977168
48905;2;73.37231968810917
48906;0;74.70967741935483
48907;2;79.71830985915493
48908;1;81.63265306122449
48909;1;79.71014492753623
48910;17;72.11668928086839
48911;2;76.17801047120419
48912;27;77.4263431542461
48913;13;74.58033573141488
48914;1;83.33333333333334
48915;2;65.74585635359117
30001;20;78.37249782419495
30002;34;73.20834593286966
30003;122;68.12590002057189
30004;5;82.20858895705521
30005;123;72.42464224094185
30006;2;85.0560398505604
30007;19;70.98986749805144
30008;74;72.62626262626263
30009;40;78.46998063266624
30010;38;77.05873779332458
30011;20;76.11559711007226
30012;46;78.78255136798154
30013;38;71.94050033806626
30014;5;79.47434292866082
30015;77;72.81507779053985
30016;620;68.1891052072544
30017;46;74.9290932531156
30018;29;75.79400227761609
30019;121;69.74653755642144
30020;25;71.90544641431082
30021;25;67.09152840347214
30022;119;69.02450574168344
30023;14;76.31578947368422
30024;275;72.4290522646893
30025;20;77.08163265306123
30026;49;64.5401348428953
30027;181;75.32120249858984
30028;29;74.81315396113602
30029;67;70.79983072365637
30030;1438;75.24414234306278
30031;2;85.14056224899599
30032;10;76.7988767988768
30033;86;74.83241324921136
30034;5;75.48330404217927
30035;70;70.82617103566824
30036;70;69.33123632385121
30037;73;70.39944462245006
30038;51;70.74312463428906
30039;101;70.51408927548309
30040;1;86.24484181568089
30041;52;67.12609970674487
30042;6;79.14494264859229
30043;154;77.73105878584015
30901;54;76.71087019649599
30902;34;67.98803290949887
26001;3;82.74111675126903
26002;6;73.21428571428571
26003;2;80.76923076923077
26004;1;77.94117647058823
26005;19;68.5872812633376
26006;14;78.49640685461581
26007;2;77.62906309751433
26008;7;77.44360902255639
26009;3;78.74396135265701
26010;1;79.59183673469387
26011;57;72.36913849509268
26012;0;100.0
26013;3;74.15730337078652
26014;0;68.45493562231759
26015;0;78.23834196891191
26016;1;85.71428571428571
26017;4;78.85117493472585
26018;71;78.47931989683829
26019;1;80.34188034188034
26020;2;73.70600414078675
26021;23;74.9556580347641
26022;0;80.3030303030303
26023;4;76.49572649572649
26024;0;77.54237288135593
26025;1;83.52941176470588
26026;8;80.87679516250945
26027;1;80.89171974522293
26028;0;84.21052631578947
26029;0;83.78378378378379
26030;0;100.0
26031;0;76.41509433962264
26032;0;75.47169811320755
26033;2;83.13953488372093
26034;1;79.0909090909091
26035;0;75.0
26036;98;71.43025309005297
26037;1;84.7328244274809
26038;0;69.47368421052632
26039;0;92.10526315789474
26040;0;91.17647058823529
26041;1;72.38805970149254
26042;5;77.15311004784688
26043;4;76.13941018766755
26044;0;90.19607843137256
26045;0;100.0
26046;3;76.59974905897114
26047;14;81.97054342305738
26048;0;100.0
26049;0;72.98850574712644
26050;0;73.50427350427351
26051;2;79.52755905511812
26052;0;79.11392405063292
26053;1;77.40384615384616
26054;3;78.70370370370371
26055;0;78.57142857142857
26056;6;84.0
26057;0;92.15686274509804
26058;0;76.0
26059;9;76.09668755595345
26060;1;78.82352941176471
26061;14;76.16279069767442
26062;0;81.11111111111111
26063;0;79.50819672131148
26064;17;76.2071992976295
26065;0;80.0
26066;3;81.88679245283019
26067;0;86.95652173913044
26068;0;82.92682926829268
26069;0;83.75
26070;1;82.79569892473118
26071;51;72.13636899846644
26072;2;89.61937716262976
26073;0;84.6938775510204
26074;1;81.9047619047619
26075;2;80.23952095808383
26076;2;86.71875
26077;0;92.5925925925926
26078;0;81.92771084337349
26079;2;83.8810641627543
26080;6;82.52631578947368
26081;0;87.5
26082;0;84.40366972477065
26083;1;73.70242214532871
26084;27;75.64102564102564
26086;0;100.0
26087;4;75.48076923076923
26088;0;88.88888888888889
26089;712;77.04613936821913
26091;0;84.93975903614458
26092;0;76.85185185185185
26093;0;77.19298245614034
26094;0;83.52941176470588
26095;1;77.22772277227723
26096;3;81.55737704918032
26098;1;76.59574468085107
26099;7;82.4463860206513
26100;0;82.6923076923077
26101;0;73.91304347826086
26102;42;76.25652741514361
26103;3;79.34093789607097
26104;0;64.28571428571429
26105;16;78.73799725651578
26106;0;88.63636363636364
26107;0;81.52173913043478
26108;5;77.23880597014924
26109;1;89.41176470588236
26110;0;83.33333333333334
26111;1;78.62903225806451
26112;1;79.01234567901234
26113;0;91.8918918918919
26114;2;88.75
26115;0;82.35294117647058
26117;19;78.18265682656826
26118;1;80.32786885245902
26119;4;80.6930693069307
26120;9;78.5175017158545
26121;0;77.77777777777779
26122;2;87.39495798319328
26123;0;85.38461538461539
26124;8;80.58252427184466
26125;22;74.33530280649926
26126;0;93.54838709677419
26127;2;84.65116279069768
26128;0;76.92307692307693
26129;2;79.09371781668384
26130;1;82.26600985221675
26131;1;97.05882352941177
26132;1;79.27927927927928
26134;1;74.71264367816092
26135;0;71.8562874251497
26136;1;70.87378640776699
26138;28;73.34782608695653
26139;0;85.18518518518519
26140;1;85.0
26141;1;75.89285714285714
26142;1;79.23076923076923
26143;0;82.02764976958525
26144;2;77.31958762886599
26145;3;82.44897959183673
26146;0;77.22772277227723
26147;0;86.66666666666667
26148;0;85.96491228070175
26149;0;78.68852459016394
26150;1;83.76068376068376
26151;1;85.20179372197309
26152;0;77.41935483870968
26153;0;91.66666666666666
26154;0;72.72727272727273
26155;0;85.18518518518519
26157;3;79.72972972972973
26158;4;83.01886792452831
26160;3;79.58041958041959
26161;0;100.0
26162;2;87.60330578512396
26163;2;81.81818181818183
26164;0;67.21311475409836
26165;1;86.53846153846155
26166;1;92.25352112676056
26167;1;76.27118644067797
26168;36;72.45204964272283
26169;0;93.75
26170;8;77.23214285714286
26171;1;75.97765363128491
26172;0;83.33333333333334
26173;1;100.0
26174;0;82.99319727891157
26175;2;84.61538461538461
26176;1;85.18518518518519
26177;2;86.08414239482201
26178;1;80.0
26179;0;80.95238095238095
26180;0;82.35294117647058
26181;0;86.66666666666667
26183;0;76.92307692307693
03001;3;85.7566765578635
03002;18;75.18005540166205
03003;3;86.37362637362638
03004;1;77.77777777777779
03005;38;79.42731845737134
03006;4;80.6841046277666
03007;0;84.52380952380952
03008;0;79.04191616766467
03009;240;78.13614712604395
03010;0;85.53846153846155
03011;29;73.11424505110622
03012;3;80.41044776119402
03013;5;82.04667863554758
03014;866;72.84422516712412
03015;58;75.55803571428571
03016;0;84.04255319148936
03017;3;84.30851063829788
03018;64;74.75433999344907
03019;98;78.11414717253129
03020;0;77.45098039215686
03021;23;83.36591434156743
03022;2;84.50704225352112
03023;8;86.59574468085106
03024;17;79.63627049180327
03025;3;78.97637795275591
03026;6;79.24836601307189
03027;0;84.90566037735849
03028;1;82.80318091451292
03029;1;76.85950413223141
03030;0;84.21052631578947
03031;152;67.63486477365859
03032;1;84.90566037735849
03033;2;85.84070796460178
03034;4;80.10241404535479
03035;1;81.90045248868778
03036;2;87.91208791208791
03037;3;84.0909090909091
03038;2;81.56424581005587
03039;0;71.76470588235294
03040;0;86.38132295719845
03041;28;73.89402859545837
03042;5;76.44476956839796
03043;18;86.75862068965517
03044;16;80.65159574468085
03045;1;84.25925925925925
03046;9;74.34127979924718
03047;35;72.28468507804826
03048;25;77.91272128447922
03049;69;77.31335871544445
03050;61;73.705714746519
03051;1;88.57142857142857
03052;6;82.97213622291022
03053;37;80.60033351862145
03054;4;81.06508875739645
03055;13;76.4125386996904
03056;33;77.93292892297127
03057;2;77.4869109947644
03058;21;81.16029917121487
03059;79;76.21482130684585
03060;1;85.18518518518519
03061;2;78.3349101229896
03062;0;82.62910798122066
03063;105;73.44123109578138
03064;16;77.12301587301587
03065;773;75.97218228867165
03066;190;73.32529379773474
03067;1;83.6734693877551
03068;0;89.13043478260869
03069;9;71.47058823529412
03070;5;74.87733071638861
03071;28;78.74371859296483
03072;2;82.05128205128204
03073;1;85.59322033898306
03074;3;82.063305978898
03075;0;89.1025641025641
03076;37;73.67118444313493
03077;11;82.89665211062591
03078;3;81.89300411522635
03079;114;79.945160405813
03080;3;81.98614318706697
03081;5;78.85554780181437
03082;48;69.43868601498964
03083;36;74.19297306937757
03084;4;88.02946593001842
03085;1;83.7037037037037
03086;1;87.58169934640523
03088;42;74.17242633684977
03089;39;73.96603812897176
03090;69;74.46011587756774
03091;1;87.85425101214574
03092;40;79.98221958808712
03093;84;77.0815319668379
03094;32;74.19461972766523
03095;27;78.83528900478053
03096;19;78.11048012390295
03097;8;82.52525252525253
03098;3;79.48717948717949
03099;220;74.6181989850112
03100;1;87.79527559055119
03101;13;77.8174186778594
03102;46;79.2463210012378
03103;1;86.33093525179856
03104;156;77.68850888184565
03105;21;75.90495637646185
03106;1;84.39597315436241
03107;5;73.48515656771045
03109;11;80.73684210526316
03110;1;82.69896193771626
03111;14;74.7366475697653
03112;2;79.93874425727412
03113;17;74.25952045133991
03114;8;77.55102040816327
03115;2;88.30645161290323
03116;2;76.96289905090595
03117;0;87.83783783783784
03118;9;70.63621533442088
03119;69;75.39615338091205
03120;13;75.08278145695364
03121;78;70.2054633504161
03122;160;74.31027541620291
03123;38;76.92719486081371
03124;5;85.28784648187633
03125;0;76.01156069364163
03127;1;79.26136363636364
03128;12;72.54088357334635
03129;8;83.48778433024431
03130;0;63.829787234042556
03131;0;90.85714285714286
03132;0;79.47761194029852
03133;134;62.821157483897224
03134;2;89.1891891891892
03135;0;82.2429906542056
03136;2;80.94170403587444
03137;5;79.0199081163859
03138;10;76.28408370323399
03139;101;70.61323075546808
03140;155;75.62270782396088
03901;5;75.73073516386182
03902;52;69.43111720356409
03903;16;78.36422240128928
03904;8;76.45369705671213
12001;8;75.71157495256166
12002;0;84.48275862068965
12003;10;76.8920282542886
12004;19;75.49952426260704
12005;57;75.56242274412855
12006;1;79.54545454545455
12007;7;88.65435356200527
12008;2;83.11688311688312
12009;77;72.28915662650603
12010;6;83.3976833976834
12011;30;76.95661652496185
12012;6;82.96846011131726
12013;4;80.4054054054054
12014;1;76.08695652173914
12015;0;86.45833333333334
12016;9;82.86978508217446
12017;1;81.09756097560977
12018;2;83.27645051194538
12020;1;83.87096774193549
12021;25;78.4781629896443
12022;1;80.29411764705883
12024;1;82.73381294964028
12025;0;77.37226277372264
12026;14;77.96420581655481
12027;77;71.22611372480688
12028;55;78.79993633614515
12029;6;79.7768479776848
12031;20;79.60835509138381
12032;89;74.01735579377234
12033;11;77.76612480335605
12034;4;75.38461538461539
12036;2;75.54806070826307
12037;0;87.5
12038;1;70.76023391812866
12039;2;86.42857142857143
12040;525;75.64583474777649
12041;0;79.38144329896907
12042;13;83.73590982286635
12043;4;80.89500860585198
12044;4;90.6832298136646
12045;2;79.66101694915254
12046;3;79.79274611398964
12048;1;78.714859437751
12049;5;76.48351648351648
12050;8;79.0909090909091
12051;2;70.64989517819707
12052;5;78.64406779661017
12053;8;81.7303044949251
12055;2;74.52830188679245
12056;3;85.26315789473684
12057;3;81.68316831683168
12058;2;81.08108108108108
12059;1;77.8688524590164
12060;2;82.28699551569507
12061;4;72.75132275132276
12063;2;83.33333333333334
12064;0;85.56701030927834
12065;0;86.45833333333334
12067;1;81.39963167587477
12068;1;69.38775510204081
12069;0;67.56756756756756
12070;8;79.77099236641222
12071;5;78.28125
12072;8;86.12354521038496
12073;0;84.61538461538461
12074;9;88.01020408163265
12075;1;76.42276422764228
12076;1;80.45977011494253
12077;20;74.44324324324324
12078;1;73.74631268436578
12079;4;78.51851851851852
12080;13;84.24552429667519
12081;3;82.3240589198036
12082;38;78.40497151734851
12083;0;86.31578947368422
12084;98;74.69742599011308
12085;20;65.4020944477376
12087;3;69.23076923076923
12088;0;84.05797101449275
12089;25;71.64627106903717
12090;2;86.23853211009175
12091;3;78.37837837837837
12092;0;75.0
12093;1;77.77777777777779
12094;2;80.8460634547591
12095;8;81.00616016427105
12096;12;75.74193548387098
12097;0;82.08955223880598
12098;4;81.4625850340136
12099;9;80.07380073800738
12100;6;82.8996282527881
12101;3;77.68595041322314
12102;1;84.32835820895522
12103;2;77.52808988764045
12104;26;80.11216566005177
12105;5;78.26086956521739
12106;16;84.01709401709402
12107;3;89.17378917378917
12108;0;85.31317494600432
12109;1;82.07109737248841
12110;1;70.90163934426229
12111;0;83.73333333333333
12112;1;81.81818181818183
12113;2;81.17647058823529
12114;1;75.0
12115;2;77.88018433179722
12116;0;73.13432835820896
12117;17;77.9082774049217
12118;0;81.08108108108108
12119;1;68.02721088435374
12120;1;84.23913043478261
12121;6;84.73824312333629
12122;4;81.98757763975155
12123;0;68.08510638297872
12124;20;76.14678899082568
12125;2;86.44859813084112
12126;115;77.14460784313727
12127;0;72.72727272727273
12128;11;78.71428571428571
12129;19;75.59782608695652
12130;0;83.9108910891089
12131;0;81.53846153846153
12132;2;83.7448559670782
12133;0;81.66666666666667
12134;0;70.28985507246377
12135;174;75.56854737195447
12136;22;86.63906661648475
12137;1;70.27027027027027
12138;135;71.39110365086026
12139;1;74.22360248447205
12140;5;84.29824561403508
12141;0;79.20792079207921
12142;0;77.01863354037268
12901;27;78.38625109233907
12902;9;72.71880819366852
46001;4;77.68079800498752
46002;5;80.59574468085107
46003;1;87.33125649013499
46004;11;82.22453222453223
46005;126;76.67627029858565
46006;18;83.96997129609186
46007;65;76.12314900025098
46008;8;82.34193789749345
46009;13;82.029262086514
46010;4;79.32166301969366
46011;39;72.05978759669594
46012;3;81.41891891891892
46013;95;80.34089600368536
46014;17;80.73635765943459
46015;33;79.7676669893514
46016;3;82.86516853932584
46017;144;74.92284417549168
46018;3;83.62204724409449
46019;47;81.3200498132005
46020;15;80.97251585623678
46021;85;77.05320138712679
46022;69;73.7807635165687
46023;2;89.63414634146342
46024;0;82.0754716981132
46025;6;80.25579536370904
46026;4;86.71096345514951
46027;3;83.86075949367088
46028;2;87.59493670886076
46029;113;73.80986972734758
46030;7;82.08955223880598
46031;70;74.42965779467681
46032;16;80.37267080745342
46033;1;85.78680203045685
46034;4;81.13738738738738
46035;27;79.3103448275862
46036;8;65.86620926243569
46037;2;85.07596067917784
46038;0;73.91304347826086
46039;9;81.32277596646483
46040;4;83.24225865209472
46041;6;76.73716012084593
46042;19;85.15786367660077
46043;0;90.3448275862069
46044;25;78.99457163087091
46045;3;84.5360824742268
46046;1;77.79017857142857
46047;2;84.38095238095238
46048;8;81.69953596287704
46049;1;86.42857142857143
46050;0;80.0
46051;27;77.87228944530969
46052;2;86.05577689243027
46053;2;81.07142857142857
46054;46;78.17082925962137
46055;4;80.9897879025923
46056;1;86.95652173913044
46057;6;68.48484848484848
46058;10;80.3822372119168
46059;4;83.80503144654088
46060;30;77.82288217070827
46061;3;83.38278931750742
46062;32;78.46087704213241
46063;11;79.62435970404098
46064;0;81.40417457305503
46065;5;78.46347607052897
46066;6;81.91235059760956
46067;2;83.92857142857143
46068;1;86.15819209039547
46069;0;78.26086956521739
46070;64;77.44779033307697
46071;2;82.18884120171673
46072;37;82.56551724137931
46073;6;82.31540565177757
46074;18;80.22304832713755
46075;2;88.59060402684564
46076;2;83.30494037478705
46077;41;80.59188796406394
46078;127;74.57512621773448
46079;2;81.90184049079755
46080;4;77.5609756097561
46081;32;79.12573673870334
46082;25;77.68344451182536
46083;79;74.89493760910325
46084;6;83.3756345177665
46085;57;72.72808827487216
46086;1;89.02439024390245
46087;1;77.95275590551181
46088;0;79.54545454545455
46089;14;77.02008407286314
46090;4;87.8048780487805
46091;1;87.82608695652175
46092;0;67.03296703296702
46093;10;81.29428436466698
46094;125;77.43114794053132
46095;2;81.9078947368421
46096;2;82.07885304659499
46097;6;76.53806047966631
46098;14;79.40586109995985
46099;0;75.16268980477223
46100;1;83.04498269896193
46101;4;85.19813519813519
46102;102;79.53938416570075
46103;8;79.92125984251969
46104;6;80.11247443762781
46105;59;72.19521201304696
46106;5;76.2799740764744
46107;2;81.77545691906005
46108;2;78.125
46109;23;76.90072639225181
46110;76;76.17121354656632
46111;35;74.77933063626332
46112;1;84.42028985507247
46113;11;76.51888341543514
46114;3;84.86956521739131
46115;1;73.44913151364764
46116;62;80.33148331179198
46117;4;83.97565922920892
46118;18;78.70882740447958
46119;7;85.82375478927203
46120;4;82.86744815148782
46121;2;87.61904761904762
46122;18;78.48944835246205
46123;4;79.76060935799782
46124;0;86.29441624365482
46125;5;82.73045507584598
46126;26;83.15031503150315
46127;10;81.74427198817442
46128;5;82.19862585883823
46129;2;83.49328214971209
46130;6;79.60308710033075
46131;266;76.13700508023547
46132;12;86.1266294227188
46133;2;81.34991119005328
46134;8;76.83495969452694
46135;32;81.25323666494045
46136;13;79.24230465666929
46137;3;83.95522388059702
46138;0;84.63768115942028
46139;26;80.73414905450501
46140;2;82.52148997134671
46141;4;81.9634703196347
46142;2;77.66624843161857
46143;27;76.37010676156584
46144;2;78.94736842105263
46145;80;75.77235031440809
46146;11;79.82035928143712
46147;56;72.46927506976192
46148;15;78.92670157068062
46149;2;79.55801104972376
46150;10;74.87765089722676
46151;1;81.57894736842105
46152;0;78.35051546391753
46153;0;81.17913832199547
46154;4;79.40813810110974
46155;2;83.57487922705315
46156;9;82.03162434115956
46157;19;79.58361316319677
46158;5;79.78515625
46159;102;76.3938004802445
46160;3;79.65481171548117
46161;6;81.43146522619851
46162;3;79.70173985086993
46163;8;81.64591229020033
46164;54;75.5115903880445
46165;31;79.07238229093464
46166;41;79.96321275291233
46167;1;76.67560321715817
46168;11;79.56656346749226
46169;169;77.50648228176318
46170;16;81.7444219066937
46171;79;76.75287876047507
46172;14;72.00396825396825
46173;9;82.11077844311377
46174;3;82.11382113821138
46175;1;87.7995642701525
46176;10;70.66666666666667
46177;16;79.07620263942104
46178;16;74.62847297006246
46179;13;83.54720439963337
46180;1;85.19061583577712
46181;96;74.87987812023907
46182;2;76.138147566719
46183;18;76.95123980695622
46184;138;78.92092039143084
46185;4;84.19689119170984
46186;70;79.13098302947512
46187;6;79.08396946564885
46188;3;82.03592814371258
46189;2;87.47346072186836
46190;238;75.26626249385548
46191;6;79.03553299492387
46192;1;74.70664928292047
46193;40;80.73905628197839
46194;69;74.62705761316872
46195;9;81.95221148957805
46196;0;85.62091503267973
46197;8;79.55010224948876
46198;1;82.97872340425532
46199;34;77.63845350052246
46200;5;85.28025144054479
46201;0;73.13432835820896
46202;59;78.55311027613764
46203;17;82.32351306281267
46204;15;79.94396106768913
46205;55;79.06863087342037
46206;4;82.32235701906413
46207;42;80.45372596153845
46208;3;83.57271095152603
46209;7;78.31202046035806
46210;2;87.27810650887574
46211;13;83.633197910621
46212;5;76.55086848635236
46213;110;73.51382786249677
46214;56;79.00190718372536
46215;4;80.39078855547803
46216;20;83.48878745782893
46217;3;81.7155756207675
46218;1;86.59217877094973
46219;2;84.8
46220;250;74.09955985369785
46221;0;89.97050147492625
46222;2;84.07310704960835
46223;33;78.94804197594063
46224;0;76.47058823529412
46225;0;86.41618497109826
46226;0;91.66666666666666
46227;5;84.26229508196721
46228;16;78.4595852729581
46229;2;80.76131687242798
46230;69;77.06540447504302
46231;11;72.95727913728743
46232;5;79.97762863534675
46233;15;76.17827868852459
46234;2;81.63841807909604
46235;118;76.06570917267013
46236;4;83.07692307692308
46237;33;77.7639407776394
46238;50;75.22515761032723
46239;3;78.27050997782705
46240;1;80.86124401913875
46241;1;81.0
46242;1;85.58823529411764
46243;0;86.52482269503547
46244;257;74.02963165261325
46245;3;82.75193798449612
46246;7;80.30018761726079
46247;2;72.55859375
46248;18;75.49764005745946
46249;42;76.51142918179876
46250;2701;78.69365508374405
46251;11;83.61445783132531
46252;0;75.39682539682539
46253;0;85.3211009174312
46254;1;77.66798418972331
46255;19;79.30047694753577
46256;37;74.44753402605005
46257;26;79.58415486646352
46258;9;78.43796711509717
46259;2;81.51093439363817
46260;10;81.64852255054433
46261;10;80.58139534883722
46262;0;74.13793103448276
46263;1;80.0
46902;3;82.84960422163589
46903;24;80.56808688387636
46904;7;82.54364089775561
51001;413;56.090723320892366
52001;299;52.91897474415548
