ID_MUNICIPIO;pct_psoe;pct_pp;pct_vox;pct_cs;pct_up_sumar;pct_erc;pct_jxcat;pct_cup;pct_pnv;pct_ehbildu;pct_bng;pct_cc;pct_prc;pct_naplus;pct_teruel;pct_otros
1001;0.207754;0.083394;0.039503;0.016094;0.182151;0.0;0.0;0.0;0.278713;0.175567;0.0;0.0;0.0;0.0;0.0;0.016825
1002;0.161402;0.05866;0.026727;0.004686;0.150295;0.0;0.0;0.0;0.34606;0.242971;0.0;0.0;0.0;0.0;0.0;0.009198
1003;0.031288;0.00361;0.006017;0.0;0.093863;0.0;0.0;0.0;0.308063;0.554753;0.0;0.0;0.0;0.0;0.0;0.002407
1004;0.114894;0.089362;0.035106;0.008511;0.156383;0.0;0.0;0.0;0.331915;0.254255;0.0;0.0;0.0;0.0;0.0;0.009574
1006;0.165289;0.173554;0.14876;0.016529;0.231405;0.0;0.0;0.0;0.132231;0.090909;0.0;0.0;0.0;0.0;0.0;0.041322
1008;0.167925;0.130189;0.028302;0.00566;0.103774;0.0;0.0;0.0;0.324528;0.218868;0.0;0.0;0.0;0.0;0.0;0.020755
1009;0.105897;0.034898;0.012034;0.002407;0.150421;0.0;0.0;0.0;0.286402;0.399519;0.0;0.0;0.0;0.0;0.0;0.008424
1010;0.101665;0.071344;0.026754;0.004162;0.145065;0.0;0.0;0.0;0.432818;0.212842;0.0;0.0;0.0;0.0;0.0;0.005351
1011;0.178344;0.280255;0.11465;0.025478;0.038217;0.0;0.0;0.0;0.343949;0.019108;0.0;0.0;0.0;0.0;0.0;0.0
1013;0.082073;0.071274;0.00216;0.00432;0.153348;0.0;0.0;0.0;0.282937;0.393089;0.0;0.0;0.0;0.0;0.0;0.010799
1014;0.132576;0.19697;0.064394;0.011364;0.140152;0.0;0.0;0.0;0.352273;0.094697;0.0;0.0;0.0;0.0;0.0;0.007576
1016;0.111702;0.138298;0.026596;0.005319;0.143617;0.0;0.0;0.0;0.382979;0.18617;0.0;0.0;0.0;0.0;0.0;0.005319
1017;0.137996;0.100189;0.022684;0.009452;0.096408;0.0;0.0;0.0;0.334594;0.289225;0.0;0.0;0.0;0.0;0.0;0.009452
1018;0.132135;0.097252;0.033827;0.009514;0.150106;0.0;0.0;0.0;0.264271;0.307611;0.0;0.0;0.0;0.0;0.0;0.005285
1019;0.044643;0.098214;0.0;0.017857;0.071429;0.0;0.0;0.0;0.633929;0.133929;0.0;0.0;0.0;0.0;0.0;0.0
1020;0.089686;0.103139;0.004484;0.0;0.098655;0.0;0.0;0.0;0.372197;0.32287;0.0;0.0;0.0;0.0;0.0;0.008969
1021;0.113924;0.151899;0.053797;0.018987;0.132911;0.0;0.0;0.0;0.373418;0.151899;0.0;0.0;0.0;0.0;0.0;0.003165
1022;0.283237;0.217726;0.040462;0.023121;0.134875;0.0;0.0;0.0;0.213873;0.073218;0.0;0.0;0.0;0.0;0.0;0.013487
1023;0.111111;0.232804;0.047619;0.0;0.142857;0.0;0.0;0.0;0.31746;0.142857;0.0;0.0;0.0;0.0;0.0;0.005291
1027;0.077491;0.088561;0.01107;0.00369;0.166052;0.0;0.0;0.0;0.324723;0.309963;0.0;0.0;0.0;0.0;0.0;0.01845
1028;0.17704;0.258645;0.035961;0.012448;0.141079;0.0;0.0;0.0;0.219917;0.142462;0.0;0.0;0.0;0.0;0.0;0.012448
1030;0.186275;0.254902;0.0;0.0;0.107843;0.0;0.0;0.0;0.323529;0.117647;0.0;0.0;0.0;0.0;0.0;0.009804
1031;0.137515;0.242461;0.060314;0.018094;0.106152;0.0;0.0;0.0;0.264174;0.160434;0.0;0.0;0.0;0.0;0.0;0.010856
1032;0.198864;0.170455;0.011364;0.005682;0.102273;0.0;0.0;0.0;0.335227;0.170455;0.0;0.0;0.0;0.0;0.0;0.005682
1033;0.203782;0.157563;0.035714;0.016807;0.084034;0.0;0.0;0.0;0.390756;0.094538;0.0;0.0;0.0;0.0;0.0;0.016807
1034;0.198113;0.037736;0.037736;0.0;0.113208;0.0;0.0;0.0;0.433962;0.169811;0.0;0.0;0.0;0.0;0.0;0.009434
1036;0.197321;0.07748;0.021429;0.009226;0.16756;0.0;0.0;0.0;0.316369;0.201687;0.0;0.0;0.0;0.0;0.0;0.008929
1037;0.08311;0.091153;0.02681;0.005362;0.117962;0.0;0.0;0.0;0.396783;0.270777;0.0;0.0;0.0;0.0;0.0;0.008043
1039;0.268966;0.117241;0.013793;0.013793;0.22069;0.0;0.0;0.0;0.241379;0.117241;0.0;0.0;0.0;0.0;0.0;0.006897
1041;0.089109;0.386139;0.029703;0.009901;0.089109;0.0;0.0;0.0;0.29703;0.069307;0.0;0.0;0.0;0.0;0.0;0.029703
1042;0.069382;0.040724;0.024133;0.001508;0.165913;0.0;0.0;0.0;0.434389;0.260935;0.0;0.0;0.0;0.0;0.0;0.003017
1043;0.282086;0.170213;0.065889;0.028826;0.174331;0.0;0.0;0.0;0.147563;0.122169;0.0;0.0;0.0;0.0;0.0;0.008922
1044;0.136986;0.143836;0.006849;0.006849;0.116438;0.0;0.0;0.0;0.273973;0.294521;0.0;0.0;0.0;0.0;0.0;0.020548
1046;0.137209;0.148837;0.05814;0.013953;0.146512;0.0;0.0;0.0;0.325581;0.167442;0.0;0.0;0.0;0.0;0.0;0.002326
1047;0.212264;0.213836;0.09434;0.040881;0.160377;0.0;0.0;0.0;0.212264;0.055031;0.0;0.0;0.0;0.0;0.0;0.011006
1049;0.096774;0.064516;0.032258;0.010753;0.032258;0.0;0.0;0.0;0.494624;0.258065;0.0;0.0;0.0;0.0;0.0;0.010753
1051;0.151272;0.05087;0.017403;0.008032;0.141901;0.0;0.0;0.0;0.293619;0.331102;0.0;0.0;0.0;0.0;0.0;0.005801
1052;0.206522;0.059783;0.005435;0.0;0.11413;0.0;0.0;0.0;0.342391;0.266304;0.0;0.0;0.0;0.0;0.0;0.005435
1053;0.085873;0.055402;0.01108;0.00831;0.130194;0.0;0.0;0.0;0.34349;0.351801;0.0;0.0;0.0;0.0;0.0;0.01385
1054;0.097701;0.038793;0.030172;0.007184;0.153736;0.0;0.0;0.0;0.268678;0.396552;0.0;0.0;0.0;0.0;0.0;0.007184
1055;0.136784;0.136784;0.042514;0.011091;0.10536;0.0;0.0;0.0;0.377079;0.186691;0.0;0.0;0.0;0.0;0.0;0.003697
1056;0.018692;0.102804;0.009346;0.0;0.093458;0.0;0.0;0.0;0.570093;0.205607;0.0;0.0;0.0;0.0;0.0;0.0
1057;0.06701;0.097938;0.020619;0.005155;0.082474;0.0;0.0;0.0;0.417526;0.304124;0.0;0.0;0.0;0.0;0.0;0.005155
1058;0.134768;0.047565;0.02265;0.006795;0.16308;0.0;0.0;0.0;0.281993;0.336353;0.0;0.0;0.0;0.0;0.0;0.006795
1059;0.239762;0.167102;0.040056;0.016279;0.170882;0.0;0.0;0.0;0.212668;0.140094;0.0;0.0;0.0;0.0;0.0;0.013158
1060;0.125828;0.311258;0.05298;0.033113;0.099338;0.0;0.0;0.0;0.271523;0.092715;0.0;0.0;0.0;0.0;0.0;0.013245
1061;0.026087;0.008696;0.008696;0.008696;0.147826;0.0;0.0;0.0;0.26087;0.530435;0.0;0.0;0.0;0.0;0.0;0.008696
1062;0.179724;0.18894;0.082949;0.036866;0.21659;0.0;0.0;0.0;0.18894;0.092166;0.0;0.0;0.0;0.0;0.0;0.013825
1063;0.114109;0.095605;0.040093;0.010023;0.128759;0.0;0.0;0.0;0.332305;0.266769;0.0;0.0;0.0;0.0;0.0;0.012336
1901;0.22957;0.139114;0.053649;0.020586;0.190268;0.0;0.0;0.0;0.220836;0.124766;0.0;0.0;0.0;0.0;0.0;0.02121
1902;0.180851;0.229787;0.046809;0.023404;0.155319;0.0;0.0;0.0;0.248936;0.102128;0.0;0.0;0.0;0.0;0.0;0.012766
2001;0.35119;0.375;0.180556;0.025794;0.06746;0.0;0.0;0.0;0.0;0.0;0.0;0.0;0.0;0.0;0.0;0.0
2002;0.423881;0.310448;0.2;0.035821;0.026866;0.0;0.0;0.0;0.0;0.0;0.0;0.0;0.0;0.0;0.0;0.002985
2003;0.28617;0.281033;0.216451;0.092075;0.108014;0.0;0.0;0.0;0.0;0.0;0.0;0.0;0.0;0.0;0.0;0.016257
2004;0.440265;0.263274;0.20354;0.050885;0.037611;0.0;0.0;0.0;0.0;0.0;0.0;0.0;0.0;0.0;0.0;0.004425
2005;0.313869;0.345499;0.22871;0.055961;0.055961;0.0;0.0;0.0;0.0;0.0;0.0;0.0;0.0;0.0;0.0;0.0
2006;0.423168;0.378251;0.115839;0.047281;0.035461;0.0;0.0;0.0;0.0;0.0;0.0;0.0;0.0;0.0;0.0;0.0
2007;0.57085;0.215924;0.070175;0.024291;0.106613;0.0;0.0;0.0;0.0;0.0;0.0;0.0;0.0;0.0;0.0;0.012146
2008;0.382353;0.239496;0.2493;0.043417;0.077031;0.0;0.0;0.0;0.0;0.0;0.0;0.0;0.0;0.0;0.0;0.008403
2009;0.383177;0.264543;0.157957;0.073694;0.108212;0.0;0.0;0.0;0.0;0.0;0.0;0.0;0.0;0.0;0.0;0.012418
2010;0.409125;0.292446;0.173523;0.053852;0.061331;0.0;0.0;0.0;0.0;0.0;0.0;0.0;0.0;0.0;0.0;0.009723
2011;0.392019;0.41784;0.129108;0.030516;0.030516;0.0;0.0;0.0;0.0;0.0;0.0;0.0;0.0;0.0;0.0;0.0
2012;0.447201;0.268604;0.159461;0.055989;0.063785;0.0;0.0;0.0;0.0;0.0;0.0;0.0;0.0;0.0;0.0;0.004961
2013;0.238636;0.295455;0.306818;0.045455;0.113636;0.0;0.0;0.0;0.0;0.0;0.0;0.0;0.0;0.0;0.0;0.0
2014;0.441767;0.293173;0.100402;0.016064;0.148594;0.0;0.0;0.0;0.0;0.0;0.0;0.0;0.0;0.0;0.0;0.0
2015;0.357895;0.290351;0.224561;0.064912;0.059649;0.0;0.0;0.0;0.0;0.0;0.0;0.0;0.0;0.0;0.0;0.002632
2016;0.33046;0.29023;0.278736;0.051724;0.04023;0.0;0.0;0.0;0.0;0.0;0.0;0.0;0.0;0.0;0.0;0.008621
2017;0.485772;0.272358;0.172764;0.028455;0.038618;0.0;0.0;0.0;0.0;0.0;0.0;0.0;0.0;0.0;0.0;0.002033
2018;0.356551;0.38806;0.157546;0.054726;0.038143;0.0;0.0;0.0;0.0;0.0;0.0;0.0;0.0;0.0;0.0;0.004975
2019;0.435401;0.226522;0.195219;0.056915;0.079112;0.0;0.0;0.0;0.0;0.0;0.0;0.0;0.0;0.0;0.0;0.00683
2020;0.448171;0.307927;0.155488;0.030488;0.051829;0.0;0.0;0.0;0.0;0.0;0.0;0.0;0.0;0.0;0.0;0.006098
2021;0.390152;0.286616;0.207071;0.039141;0.070707;0.0;0.0;0.0;0.0;0.0;0.0;0.0;0.0;0.0;0.0;0.006313
2022;0.286307;0.431535;0.207469;0.041494;0.029046;0.0;0.0;0.0;0.0;0.0;0.0;0.0;0.0;0.0;0.0;0.004149
2023;0.400485;0.368932;0.135922;0.043689;0.043689;0.0;0.0;0.0;0.0;0.0;0.0;0.0;0.0;0.0;0.0;0.007282
2024;0.372434;0.229996;0.198576;0.067449;0.116883;0.0;0.0;0.0;0.0;0.0;0.0;0.0;0.0;0.0;0.0;0.014663
2025;0.271092;0.282189;0.251961;0.076526;0.092214;0.0;0.0;0.0;0.0;0.0;0.0;0.0;0.0;0.0;0.0;0.026019
2026;0.513514;0.227345;0.108108;0.052464;0.09539;0.0;0.0;0.0;0.0;0.0;0.0;0.0;0.0;0.0;0.0;0.00318
2027;0.366337;0.371287;0.153465;0.064356;0.029703;0.0;0.0;0.0;0.0;0.0;0.0;0.0;0.0;0.0;0.0;0.014851
2028;0.54321;0.271605;0.148148;0.0;0.024691;0.0;0.0;0.0;0.0;0.0;0.0;0.0;0.0;0.0;0.0;0.012346
2029;0.336368;0.231469;0.198093;0.095362;0.120503;0.0;0.0;0.0;0.0;0.0;0.0;0.0;0.0;0.0;0.0;0.018205
2030;0.453941;0.208927;0.20038;0.052232;0.073599;0.0;0.0;0.0;0.0;0.0;0.0;0.0;0.0;0.0;0.0;0.010921
2031;0.511335;0.246851;0.130982;0.052897;0.047859;0.0;0.0;0.0;0.0;0.0;0.0;0.0;0.0;0.0;0.0;0.010076
2032;0.471591;0.1875;0.130682;0.022727;0.181818;0.0;0.0;0.0;0.0;0.0;0.0;0.0;0.0;0.0;0.0;0.005682
2033;0.340752;0.323101;0.168074;0.042978;0.112049;0.0;0.0;0.0;0.0;0.0;0.0;0.0;0.0;0.0;0.0;0.013047
2034;0.44664;0.235178;0.16502;0.045455;0.099802;0.0;0.0;0.0;0.0;0.0;0.0;0.0;0.0;0.0;0.0;0.007905
2035;0.361717;0.264305;0.248638;0.051771;0.061989;0.0;0.0;0.0;0.0;0.0;0.0;0.0;0.0;0.0;0.0;0.01158
2036;0.363636;0.439394;0.181818;0.015152;0.0;0.0;0.0;0.0;0.0;0.0;0.0;0.0;0.0;0.0;0.0;0.0
2037;0.310813;0.257025;0.277686;0.068595;0.074518;0.0;0.0;0.0;0.0;0.0;0.0;0.0;0.0;0.0;0.0;0.011364
2038;0.341969;0.378238;0.207254;0.036269;0.036269;0.0;0.0;0.0;0.0;0.0;0.0;0.0;0.0;0.0;0.0;0.0
2039;0.443526;0.34573;0.089532;0.0427;0.075758;0.0;0.0;0.0;0.0;0.0;0.0;0.0;0.0;0.0;0.0;0.002755
2040;0.410148;0.344609;0.131078;0.057082;0.054968;0.0;0.0;0.0;0.0;0.0;0.0;0.0;0.0;0.0;0.0;0.002114
2041;0.309322;0.512712;0.118644;0.008475;0.042373;0.0;0.0;0.0;0.0;0.0;0.0;0.0;0.0;0.0;0.0;0.008475
2042;0.460069;0.260417;0.145833;0.046875;0.081597;0.0;0.0;0.0;0.0;0.0;0.0;0.0;0.0;0.0;0.0;0.005208
2043;0.424883;0.306338;0.185446;0.048122;0.034038;0.0;0.0;0.0;0.0;0.0;0.0;0.0;0.0;0.0;0.0;0.001174
2044;0.408602;0.25192;0.233487;0.061444;0.043011;0.0;0.0;0.0;0.0;0.0;0.0;0.0;0.0;0.0;0.0;0.001536
2045;0.339352;0.212601;0.116065;0.060427;0.257922;0.0;0.0;0.0;0.0;0.0;0.0;0.0;0.0;0.0;0.0;0.013633
2046;0.287879;0.362471;0.212121;0.050117;0.072261;0.0;0.0;0.0;0.0;0.0;0.0;0.0;0.0;0.0;0.0;0.015152
2047;0.320988;0.555556;0.111111;0.0;0.012346;0.0;0.0;0.0;0.0;0.0;0.0;0.0;0.0;0.0;0.0;0.0
2048;0.383408;0.334081;0.200673;0.030269;0.045964;0.0;0.0;0.0;0.0;0.0;0.0;0.0;0.0;0.0;0.0;0.005605
2049;0.515152;0.228283;0.149495;0.032323;0.062626;0.0;0.0;0.0;0.0;0.0;0.0;0.0;0.0;0.0;0.0;0.012121
2050;0.338462;0.246154;0.307692;0.030769;0.076923;0.0;0.0;0.0;0.0;0.0;0.0;0.0;0.0;0.0;0.0;0.0
2051;0.253676;0.397059;0.243566;0.070772;0.034926;0.0;0.0;0.0;0.0;0.0;0.0;0.0;0.0;0.0;0.0;0.0
2052;0.379121;0.269231;0.241758;0.027473;0.071429;0.0;0.0;0.0;0.0;0.0;0.0;0.0;0.0;0.0;0.0;0.010989
2053;0.384615;0.233728;0.177515;0.076923;0.113905;0.0;0.0;0.0;0.0;0.0;0.0;0.0;0.0;0.0;0.0;0.013314
2054;0.289753;0.452297;0.116608;0.060071;0.074205;0.0;0.0;0.0;0.0;0.0;0.0;0.0;0.0;0.0;0.0;0.007067
2055;0.506006;0.181682;0.208709;0.031532;0.066066;0.0;0.0;0.0;0.0;0.0;0.0;0.0;0.0;0.0;0.0;0.006006
2056;0.442637;0.289384;0.190068;0.039384;0.032534;0.0;0.0;0.0;0.0;0.0;0.0;0.0;0.0;0.0;0.0;0.005993
2057;0.484825;0.179818;0.150228;0.047041;0.132018;0.0;0.0;0.0;0.0;0.0;0.0;0.0;0.0;0.0;0.0;0.00607
2058;0.568182;0.272727;0.039773;0.039773;0.079545;0.0;0.0;0.0;0.0;0.0;0.0;0.0;0.0;0.0;0.0;0.0
2059;0.534562;0.207373;0.211982;0.023041;0.023041;0.0;0.0;0.0;0.0;0.0;0.0;0.0;0.0;0.0;0.0;0.0
2060;0.266094;0.388412;0.219957;0.075107;0.045064;0.0;0.0;0.0;0.0;0.0;0.0;0.0;0.0;0.0;0.0;0.005365
2061;0.342857;0.4;0.173626;0.032967;0.03956;0.0;0.0;0.0;0.0;0.0;0.0;0.0;0.0;0.0;0.0;0.010989
2062;0.444882;0.275591;0.181102;0.062992;0.035433;0.0;0.0;0.0;0.0;0.0;0.0;0.0;0.0;0.0;0.0;0.0
2063;0.435052;0.213402;0.241237;0.06701;0.035052;0.0;0.0;0.0;0.0;0.0;0.0;0.0;0.0;0.0;0.0;0.008247
2064;0.466192;0.323843;0.103203;0.05694;0.042705;0.0;0.0;0.0;0.0;0.0;0.0;0.0;0.0;0.0;0.0;0.007117
2065;0.412742;0.34903;0.144044;0.024931;0.063712;0.0;0.0;0.0;0.0;0.0;0.0;0.0;0.0;0.0;0.0;0.00554
2066;0.388889;0.320988;0.12963;0.018519;0.141975;0.0;0.0;0.0;0.0;0.0;0.0;0.0;0.0;0.0;0.0;0.0
2067;0.397727;0.256313;0.188131;0.055556;0.082071;0.0;0.0;0.0;0.0;0.0;0.0;0.0;0.0;0.0;0.0;0.020202
2068;0.368644;0.177966;0.161017;0.199153;0.088983;0.0;0.0;0.0;0.0;0.0;0.0;0.0;0.0;0.0;0.0;0.004237
2069;0.306608;0.323222;0.222656;0.073883;0.065828;0.0;0.0;0.0;0.0;0.0;0.0;0.0;0.0;0.0;0.0;0.007804
2070;0.701695;0.122034;0.067797;0.044068;0.054237;0.0;0.0;0.0;0.0;0.0;0.0;0.0;0.0;0.0;0.0;0.010169
2071;0.420051;0.313452;0.201777;0.02665;0.032995;0.0;0.0;0.0;0.0;0.0;0.0;0.0;0.0;0.0;0.0;0.005076
2072;0.409043;0.230284;0.211356;0.053628;0.090431;0.0;0.0;0.0;0.0;0.0;0.0;0.0;0.0;0.0;0.0;0.005258
2073;0.350104;0.238166;0.230128;0.058053;0.116404;0.0;0.0;0.0;0.0;0.0;0.0;0.0;0.0;0.0;0.0;0.007145
2074;0.374213;0.255855;0.20826;0.063712;0.083354;0.0;0.0;0.0;0.0;0.0;0.0;0.0;0.0;0.0;0.0;0.014606
2075;0.351976;0.348993;0.17226;0.058911;0.061148;0.0;0.0;0.0;0.0;0.0;0.0;0.0;0.0;0.0;0.0;0.006711
2076;0.45614;0.289474;0.188596;0.039474;0.013158;0.0;0.0;0.0;0.0;0.0;0.0;0.0;0.0;0.0;0.0;0.013158
2077;0.463415;0.219512;0.146341;0.02439;0.146341;0.0;0.0;0.0;0.0;0.0;0.0;0.0;0.0;0.0;0.0;0.0
2078;0.382445;0.19279;0.202194;0.039185;0.166144;0.0;0.0;0.0;0.0;0.0;0.0;0.0;0.0;0.0;0.0;0.017241
2079;0.347272;0.186639;0.141764;0.039776;0.27333;0.0;0.0;0.0;0.0;0.0;0.0;0.0;0.0;0.0;0.0;0.011219
2080;0.400568;0.264205;0.221591;0.045455;0.0625;0.0;0.0;0.0;0.0;0.0;0.0;0.0;0.0;0.0;0.0;0.005682
2081;0.30841;0.292945;0.226465;0.064807;0.09709;0.0;0.0;0.0;0.0;0.0;0.0;0.0;0.0;0.0;0.0;0.010283
2082;0.425;0.2;0.1375;0.0875;0.15;0.0;0.0;0.0;0.0;0.0;0.0;0.0;0.0;0.0;0.0;0.0
2083;0.486188;0.292818;0.160221;0.044199;0.01105;0.0;0.0;0.0;0.0;0.0;0.0;0.0;0.0;0.0;0.0;0.005525
2084;0.375661;0.248677;0.243386;0.079365;0.05291;0.0;0.0;0.0;0.0;0.0;0.0;0.0;0.0;0.0;0.0;0.0
2085;0.459821;0.375;0.120536;0.026786;0.013393;0.0;0.0;0.0;0.0;0.0;0.0;0.0;0.0;0.0;0.0;0.004464
2086;0.487047;0.272668;0.136658;0.040155;0.057642;0.0;0.0;0.0;0.0;0.0;0.0;0.0;0.0;0.0;0.0;0.005829
2901;0.382541;0.28105;0.233499;0.053229;0.043293;0.0;0.0;0.0;0.0;0.0;0.0;0.0;0.0;0.0;0.0;0.006388
3001;0.151163;0.317829;0.166667;0.03876;0.313953;0.0;0.0;0.0;0.0;0.0;0.0;0.0;0.0;0.0;0.0;0.011628
3002;0.272224;0.237456;0.201896;0.085737;0.176215;0.0;0.0;0.0;0.0;0.0;0.0;0.0;0.0;0.0;0.0;0.026472
3003;0.23224;0.325137;0.150273;0.054645;0.224044;0.0;0.0;0.0;0.0;0.0;0.0;0.0;0.0;0.0;0.0;0.013661
3004;0.346793;0.187648;0.187648;0.071259;0.182898;0.0;0.0;0.0;0.0;0.0;0.0;0.0;0.0;0.0;0.0;0.023753
3005;0.228856;0.279465;0.31309;0.060731;0.103105;0.0;0.0;0.0;0.0;0.0;0.0;0.0;0.0;0.0;0.0;0.014754
3006;0.215084;0.22905;0.120112;0.058659;0.360335;0.0;0.0;0.0;0.0;0.0;0.0;0.0;0.0;0.0;0.0;0.01676
3007;0.18705;0.172662;0.151079;0.035971;0.402878;0.0;0.0;0.0;0.0;0.0;0.0;0.0;0.0;0.0;0.0;0.05036
3008;0.307692;0.307692;0.205128;0.051282;0.128205;0.0;0.0;0.0;0.0;0.0;0.0;0.0;0.0;0.0;0.0;0.0
3009;0.34611;0.183523;0.150133;0.06681;0.229548;0.0;0.0;0.0;0.0;0.0;0.0;0.0;0.0;0.0;0.0;0.023876
3010;0.243446;0.258427;0.116105;0.074906;0.277154;0.0;0.0;0.0;0.0;0.0;0.0;0.0;0.0;0.0;0.0;0.029963
3011;0.300465;0.210384;0.214064;0.092987;0.161953;0.0;0.0;0.0;0.0;0.0;0.0;0.0;0.0;0.0;0.0;0.020147
3012;0.309976;0.256532;0.229216;0.078385;0.109264;0.0;0.0;0.0;0.0;0.0;0.0;0.0;0.0;0.0;0.0;0.016627
3013;0.31732;0.351454;0.184576;0.046776;0.088496;0.0;0.0;0.0;0.0;0.0;0.0;0.0;0.0;0.0;0.0;0.011378
3014;0.280782;0.255472;0.186024;0.095241;0.162243;0.0;0.0;0.0;0.0;0.0;0.0;0.0;0.0;0.0;0.0;0.020238
3015;0.256939;0.265968;0.265857;0.072567;0.122506;0.0;0.0;0.0;0.0;0.0;0.0;0.0;0.0;0.0;0.0;0.016163
3016;0.227273;0.363636;0.212121;0.015152;0.181818;0.0;0.0;0.0;0.0;0.0;0.0;0.0;0.0;0.0;0.0;0.0
3017;0.303226;0.1;0.158065;0.035484;0.383871;0.0;0.0;0.0;0.0;0.0;0.0;0.0;0.0;0.0;0.0;0.019355
3018;0.288826;0.255919;0.134233;0.075521;0.226681;0.0;0.0;0.0;0.0;0.0;0.0;0.0;0.0;0.0;0.0;0.018821
3019;0.286479;0.245372;0.221506;0.08167;0.146733;0.0;0.0;0.0;0.0;0.0;0.0;0.0;0.0;0.0;0.0;0.01824
3020;0.26506;0.26506;0.096386;0.072289;0.277108;0.0;0.0;0.0;0.0;0.0;0.0;0.0;0.0;0.0;0.0;0.024096
3021;0.259954;0.279167;0.179398;0.064352;0.203935;0.0;0.0;0.0;0.0;0.0;0.0;0.0;0.0;0.0;0.0;0.013194
3022;0.175;0.35;0.158333;0.041667;0.266667;0.0;0.0;0.0;0.0;0.0;0.0;0.0;0.0;0.0;0.0;0.008333
3023;0.308176;0.279425;0.122192;0.059299;0.213836;0.0;0.0;0.0;0.0;0.0;0.0;0.0;0.0;0.0;0.0;0.017071
3024;0.332765;0.310603;0.212411;0.057961;0.073986;0.0;0.0;0.0;0.0;0.0;0.0;0.0;0.0;0.0;0.0;0.012274
3025;0.270968;0.288172;0.317204;0.052688;0.058065;0.0;0.0;0.0;0.0;0.0;0.0;0.0;0.0;0.0;0.0;0.012903
3026;0.303719;0.201446;0.145661;0.055785;0.271694;0.0;0.0;0.0;0.0;0.0;0.0;0.0;0.0;0.0;0.0;0.021694
3027;0.313869;0.262774;0.160584;0.051095;0.175182;0.0;0.0;0.0;0.0;0.0;0.0;0.0;0.0;0.0;0.0;0.036496
3028;0.309211;0.25;0.127632;0.039474;0.260526;0.0;0.0;0.0;0.0;0.0;0.0;0.0;0.0;0.0;0.0;0.013158
3029;0.388235;0.241176;0.076471;0.047059;0.235294;0.0;0.0;0.0;0.0;0.0;0.0;0.0;0.0;0.0;0.0;0.011765
3030;0.313225;0.176334;0.12529;0.069606;0.296984;0.0;0.0;0.0;0.0;0.0;0.0;0.0;0.0;0.0;0.0;0.018561
3031;0.314105;0.273214;0.186402;0.070991;0.138331;0.0;0.0;0.0;0.0;0.0;0.0;0.0;0.0;0.0;0.0;0.016957
3032;0.219512;0.280488;0.219512;0.04878;0.219512;0.0;0.0;0.0;0.0;0.0;0.0;0.0;0.0;0.0;0.0;0.012195
3033;0.192308;0.24359;0.217949;0.089744;0.179487;0.0;0.0;0.0;0.0;0.0;0.0;0.0;0.0;0.0;0.0;0.076923
3034;0.274627;0.306468;0.19204;0.070647;0.146269;0.0;0.0;0.0;0.0;0.0;0.0;0.0;0.0;0.0;0.0;0.00995
3035;0.380952;0.250518;0.115942;0.033126;0.194617;0.0;0.0;0.0;0.0;0.0;0.0;0.0;0.0;0.0;0.0;0.024845
3036;0.171429;0.3;0.057143;0.142857;0.328571;0.0;0.0;0.0;0.0;0.0;0.0;0.0;0.0;0.0;0.0;0.0
3037;0.325397;0.18254;0.126984;0.123016;0.234127;0.0;0.0;0.0;0.0;0.0;0.0;0.0;0.0;0.0;0.0;0.007937
3038;0.354582;0.2749;0.191235;0.027888;0.143426;0.0;0.0;0.0;0.0;0.0;0.0;0.0;0.0;0.0;0.0;0.007968
3039;0.261538;0.246154;0.169231;0.076923;0.184615;0.0;0.0;0.0;0.0;0.0;0.0;0.0;0.0;0.0;0.0;0.061538
3040;0.209091;0.3;0.113636;0.036364;0.327273;0.0;0.0;0.0;0.0;0.0;0.0;0.0;0.0;0.0;0.0;0.013636
3041;0.249457;0.258142;0.163329;0.049216;0.258384;0.0;0.0;0.0;0.0;0.0;0.0;0.0;0.0;0.0;0.0;0.021472
3042;0.238417;0.272201;0.175676;0.079151;0.212355;0.0;0.0;0.0;0.0;0.0;0.0;0.0;0.0;0.0;0.0;0.022201
3043;0.346337;0.261812;0.112267;0.061985;0.207195;0.0;0.0;0.0;0.0;0.0;0.0;0.0;0.0;0.0;0.0;0.010403
3044;0.251332;0.31794;0.263173;0.073712;0.080817;0.0;0.0;0.0;0.0;0.0;0.0;0.0;0.0;0.0;0.0;0.013025
3045;0.298246;0.380117;0.157895;0.02924;0.111111;0.0;0.0;0.0;0.0;0.0;0.0;0.0;0.0;0.0;0.0;0.023392
3046;0.276091;0.279886;0.160342;0.071157;0.193548;0.0;0.0;0.0;0.0;0.0;0.0;0.0;0.0;0.0;0.0;0.018975
3047;0.322137;0.241029;0.151729;0.073079;0.177454;0.0;0.0;0.0;0.0;0.0;0.0;0.0;0.0;0.0;0.0;0.034573
3048;0.237891;0.300659;0.212095;0.060762;0.174549;0.0;0.0;0.0;0.0;0.0;0.0;0.0;0.0;0.0;0.0;0.014044
3049;0.242324;0.285174;0.294913;0.059349;0.108616;0.0;0.0;0.0;0.0;0.0;0.0;0.0;0.0;0.0;0.0;0.009624
3050;0.259696;0.250575;0.185727;0.093132;0.186417;0.0;0.0;0.0;0.0;0.0;0.0;0.0;0.0;0.0;0.0;0.024452
3051;0.361702;0.308511;0.12766;0.053191;0.141844;0.0;0.0;0.0;0.0;0.0;0.0;0.0;0.0;0.0;0.0;0.007092
3052;0.24487;0.372093;0.198358;0.050616;0.129959;0.0;0.0;0.0;0.0;0.0;0.0;0.0;0.0;0.0;0.0;0.004104
3053;0.219418;0.260685;0.196942;0.090088;0.210759;0.0;0.0;0.0;0.0;0.0;0.0;0.0;0.0;0.0;0.0;0.022108
3054;0.288066;0.283951;0.131687;0.057613;0.230453;0.0;0.0;0.0;0.0;0.0;0.0;0.0;0.0;0.0;0.0;0.00823
3055;0.200489;0.270307;0.325727;0.067373;0.120076;0.0;0.0;0.0;0.0;0.0;0.0;0.0;0.0;0.0;0.0;0.016028
3056;0.326564;0.206191;0.155748;0.062398;0.232067;0.0;0.0;0.0;0.0;0.0;0.0;0.0;0.0;0.0;0.0;0.017032
3057;0.227941;0.227941;0.198529;0.080882;0.25;0.0;0.0;0.0;0.0;0.0;0.0;0.0;0.0;0.0;0.0;0.014706
3058;0.210195;0.332146;0.309126;0.058372;0.081666;0.0;0.0;0.0;0.0;0.0;0.0;0.0;0.0;0.0;0.0;0.008495
3059;0.231707;0.240545;0.264593;0.055221;0.190052;0.0;0.0;0.0;0.0;0.0;0.0;0.0;0.0;0.0;0.0;0.017882
3060;0.25974;0.12987;0.220779;0.038961;0.337662;0.0;0.0;0.0;0.0;0.0;0.0;0.0;0.0;0.0;0.0;0.012987
3061;0.204604;0.2711;0.328645;0.099744;0.08312;0.0;0.0;0.0;0.0;0.0;0.0;0.0;0.0;0.0;0.0;0.012788
3062;0.218935;0.153846;0.254438;0.201183;0.159763;0.0;0.0;0.0;0.0;0.0;0.0;0.0;0.0;0.0;0.0;0.011834
3063;0.319507;0.204271;0.141885;0.084574;0.228912;0.0;0.0;0.0;0.0;0.0;0.0;0.0;0.0;0.0;0.0;0.020851
3064;0.275392;0.259431;0.290772;0.073418;0.084156;0.0;0.0;0.0;0.0;0.0;0.0;0.0;0.0;0.0;0.0;0.016831
3065;0.289278;0.246393;0.209175;0.083699;0.150725;0.0;0.0;0.0;0.0;0.0;0.0;0.0;0.0;0.0;0.0;0.02073
3066;0.326935;0.223867;0.181877;0.087406;0.158901;0.0;0.0;0.0;0.0;0.0;0.0;0.0;0.0;0.0;0.0;0.021013
3067;0.320513;0.25641;0.230769;0.0;0.153846;0.0;0.0;0.0;0.0;0.0;0.0;0.0;0.0;0.0;0.0;0.038462
3068;0.108108;0.675676;0.108108;0.054054;0.054054;0.0;0.0;0.0;0.0;0.0;0.0;0.0;0.0;0.0;0.0;0.0
3069;0.250726;0.286544;0.210552;0.075508;0.159245;0.0;0.0;0.0;0.0;0.0;0.0;0.0;0.0;0.0;0.0;0.017425
3070;0.253109;0.275786;0.247988;0.06218;0.147769;0.0;0.0;0.0;0.0;0.0;0.0;0.0;0.0;0.0;0.0;0.013168
3071;0.250897;0.264896;0.101579;0.053841;0.311558;0.0;0.0;0.0;0.0;0.0;0.0;0.0;0.0;0.0;0.0;0.017229
3072;0.317518;0.127737;0.135036;0.054745;0.306569;0.0;0.0;0.0;0.0;0.0;0.0;0.0;0.0;0.0;0.0;0.058394
3073;0.370787;0.264045;0.140449;0.005618;0.196629;0.0;0.0;0.0;0.0;0.0;0.0;0.0;0.0;0.0;0.0;0.022472
3074;0.221471;0.28979;0.275526;0.126126;0.075075;0.0;0.0;0.0;0.0;0.0;0.0;0.0;0.0;0.0;0.0;0.012012
3075;0.140351;0.219298;0.236842;0.149123;0.219298;0.0;0.0;0.0;0.0;0.0;0.0;0.0;0.0;0.0;0.0;0.035088
3076;0.309568;0.264151;0.193354;0.077976;0.141927;0.0;0.0;0.0;0.0;0.0;0.0;0.0;0.0;0.0;0.0;0.013024
3077;0.255382;0.305284;0.216243;0.062622;0.137965;0.0;0.0;0.0;0.0;0.0;0.0;0.0;0.0;0.0;0.0;0.022505
3078;0.202381;0.363095;0.279762;0.0625;0.080357;0.0;0.0;0.0;0.0;0.0;0.0;0.0;0.0;0.0;0.0;0.011905
3079;0.290413;0.24467;0.165507;0.091562;0.18388;0.0;0.0;0.0;0.0;0.0;0.0;0.0;0.0;0.0;0.0;0.023968
3080;0.236381;0.299611;0.339494;0.044747;0.065175;0.0;0.0;0.0;0.0;0.0;0.0;0.0;0.0;0.0;0.0;0.014591
3081;0.263566;0.209302;0.158915;0.052326;0.299419;0.0;0.0;0.0;0.0;0.0;0.0;0.0;0.0;0.0;0.0;0.016473
3082;0.266691;0.239307;0.179692;0.075124;0.218951;0.0;0.0;0.0;0.0;0.0;0.0;0.0;0.0;0.0;0.0;0.020235
3083;0.368638;0.2;0.122696;0.076204;0.206878;0.0;0.0;0.0;0.0;0.0;0.0;0.0;0.0;0.0;0.0;0.025585
3084;0.36165;0.274272;0.126214;0.046117;0.18932;0.0;0.0;0.0;0.0;0.0;0.0;0.0;0.0;0.0;0.0;0.002427
3085;0.22973;0.351351;0.108108;0.063063;0.238739;0.0;0.0;0.0;0.0;0.0;0.0;0.0;0.0;0.0;0.0;0.009009
3086;0.304348;0.181159;0.130435;0.057971;0.275362;0.0;0.0;0.0;0.0;0.0;0.0;0.0;0.0;0.0;0.0;0.050725
3088;0.253815;0.211089;0.270092;0.090793;0.153611;0.0;0.0;0.0;0.0;0.0;0.0;0.0;0.0;0.0;0.0;0.0206
3089;0.325354;0.239857;0.178299;0.067776;0.172859;0.0;0.0;0.0;0.0;0.0;0.0;0.0;0.0;0.0;0.0;0.015856
3090;0.273405;0.239037;0.189673;0.092081;0.185134;0.0;0.0;0.0;0.0;0.0;0.0;0.0;0.0;0.0;0.0;0.02067
3091;0.272251;0.471204;0.08377;0.020942;0.136126;0.0;0.0;0.0;0.0;0.0;0.0;0.0;0.0;0.0;0.0;0.015707
3092;0.266432;0.20029;0.149699;0.06469;0.296289;0.0;0.0;0.0;0.0;0.0;0.0;0.0;0.0;0.0;0.0;0.0226
3093;0.307308;0.21513;0.192876;0.080132;0.18296;0.0;0.0;0.0;0.0;0.0;0.0;0.0;0.0;0.0;0.0;0.021594
3094;0.22486;0.268932;0.208721;0.093265;0.180788;0.0;0.0;0.0;0.0;0.0;0.0;0.0;0.0;0.0;0.0;0.023433
3095;0.280852;0.220479;0.124889;0.064516;0.284108;0.0;0.0;0.0;0.0;0.0;0.0;0.0;0.0;0.0;0.0;0.025155
3096;0.302852;0.22272;0.171577;0.081075;0.208579;0.0;0.0;0.0;0.0;0.0;0.0;0.0;0.0;0.0;0.0;0.013198
3097;0.245059;0.239789;0.105402;0.039526;0.355731;0.0;0.0;0.0;0.0;0.0;0.0;0.0;0.0;0.0;0.0;0.014493
3098;0.371353;0.129973;0.167109;0.068966;0.214854;0.0;0.0;0.0;0.0;0.0;0.0;0.0;0.0;0.0;0.0;0.047745
3099;0.236956;0.308094;0.246556;0.088518;0.105729;0.0;0.0;0.0;0.0;0.0;0.0;0.0;0.0;0.0;0.0;0.014147
3100;0.293651;0.251323;0.042328;0.060847;0.325397;0.0;0.0;0.0;0.0;0.0;0.0;0.0;0.0;0.0;0.0;0.026455
3101;0.267266;0.16628;0.104759;0.055427;0.383343;0.0;0.0;0.0;0.0;0.0;0.0;0.0;0.0;0.0;0.0;0.022925
3102;0.262855;0.204884;0.134604;0.057772;0.322811;0.0;0.0;0.0;0.0;0.0;0.0;0.0;0.0;0.0;0.0;0.017074
3103;0.364583;0.1875;0.140625;0.057292;0.229167;0.0;0.0;0.0;0.0;0.0;0.0;0.0;0.0;0.0;0.0;0.020833
3104;0.30931;0.205982;0.177216;0.092892;0.191806;0.0;0.0;0.0;0.0;0.0;0.0;0.0;0.0;0.0;0.0;0.022795
3105;0.283665;0.256042;0.260027;0.067995;0.119788;0.0;0.0;0.0;0.0;0.0;0.0;0.0;0.0;0.0;0.0;0.012483
3106;0.307359;0.357143;0.099567;0.034632;0.188312;0.0;0.0;0.0;0.0;0.0;0.0;0.0;0.0;0.0;0.0;0.012987
3107;0.260242;0.220427;0.178304;0.080785;0.237161;0.0;0.0;0.0;0.0;0.0;0.0;0.0;0.0;0.0;0.0;0.023081
3109;0.350959;0.283575;0.208704;0.061301;0.08423;0.0;0.0;0.0;0.0;0.0;0.0;0.0;0.0;0.0;0.0;0.011231
3110;0.162791;0.228682;0.143411;0.023256;0.422481;0.0;0.0;0.0;0.0;0.0;0.0;0.0;0.0;0.0;0.0;0.01938
3111;0.271136;0.294561;0.253096;0.064351;0.10797;0.0;0.0;0.0;0.0;0.0;0.0;0.0;0.0;0.0;0.0;0.008885
3112;0.275304;0.398785;0.12753;0.024291;0.153846;0.0;0.0;0.0;0.0;0.0;0.0;0.0;0.0;0.0;0.0;0.020243
3113;0.331044;0.241758;0.228022;0.060096;0.124657;0.0;0.0;0.0;0.0;0.0;0.0;0.0;0.0;0.0;0.0;0.014423
3114;0.317223;0.267135;0.242531;0.044815;0.113357;0.0;0.0;0.0;0.0;0.0;0.0;0.0;0.0;0.0;0.0;0.014938
3115;0.266667;0.27619;0.133333;0.038095;0.252381;0.0;0.0;0.0;0.0;0.0;0.0;0.0;0.0;0.0;0.0;0.033333
3116;0.235;0.29375;0.18375;0.07625;0.2;0.0;0.0;0.0;0.0;0.0;0.0;0.0;0.0;0.0;0.0;0.01125
3117;0.25;0.25;0.14;0.043333;0.303333;0.0;0.0;0.0;0.0;0.0;0.0;0.0;0.0;0.0;0.0;0.013333
3118;0.249686;0.254717;0.289308;0.074214;0.115723;0.0;0.0;0.0;0.0;0.0;0.0;0.0;0.0;0.0;0.0;0.016352
3119;0.26624;0.254578;0.175084;0.096658;0.18732;0.0;0.0;0.0;0.0;0.0;0.0;0.0;0.0;0.0;0.0;0.02012
3120;0.325808;0.256254;0.209884;0.062843;0.130567;0.0;0.0;0.0;0.0;0.0;0.0;0.0;0.0;0.0;0.0;0.014643
3121;0.243832;0.271546;0.224549;0.080586;0.159099;0.0;0.0;0.0;0.0;0.0;0.0;0.0;0.0;0.0;0.0;0.020388
3122;0.287394;0.186022;0.210242;0.098534;0.194197;0.0;0.0;0.0;0.0;0.0;0.0;0.0;0.0;0.0;0.0;0.023612
3123;0.30246;0.239657;0.224189;0.081811;0.137533;0.0;0.0;0.0;0.0;0.0;0.0;0.0;0.0;0.0;0.0;0.01435
3124;0.337989;0.209497;0.089385;0.01676;0.332402;0.0;0.0;0.0;0.0;0.0;0.0;0.0;0.0;0.0;0.0;0.013966
3125;0.258929;0.245536;0.174107;0.008929;0.303571;0.0;0.0;0.0;0.0;0.0;0.0;0.0;0.0;0.0;0.0;0.008929
3127;0.350394;0.283465;0.133858;0.03937;0.185039;0.0;0.0;0.0;0.0;0.0;0.0;0.0;0.0;0.0;0.0;0.007874
3128;0.221707;0.245984;0.203142;0.078186;0.231703;0.0;0.0;0.0;0.0;0.0;0.0;0.0;0.0;0.0;0.0;0.019279
3129;0.258977;0.264418;0.211099;0.078346;0.171926;0.0;0.0;0.0;0.0;0.0;0.0;0.0;0.0;0.0;0.0;0.015234
3130;0.210526;0.473684;0.0;0.105263;0.157895;0.0;0.0;0.0;0.0;0.0;0.0;0.0;0.0;0.0;0.0;0.052632
3131;0.192;0.392;0.112;0.016;0.272;0.0;0.0;0.0;0.0;0.0;0.0;0.0;0.0;0.0;0.0;0.016
3132;0.369272;0.169811;0.12938;0.053908;0.261456;0.0;0.0;0.0;0.0;0.0;0.0;0.0;0.0;0.0;0.0;0.016173
3133;0.277589;0.268124;0.21898;0.069604;0.146111;0.0;0.0;0.0;0.0;0.0;0.0;0.0;0.0;0.0;0.0;0.019592
3134;0.308411;0.28972;0.121495;0.009346;0.252336;0.0;0.0;0.0;0.0;0.0;0.0;0.0;0.0;0.0;0.0;0.018692
3135;0.438462;0.146154;0.030769;0.030769;0.330769;0.0;0.0;0.0;0.0;0.0;0.0;0.0;0.0;0.0;0.0;0.023077
3136;0.231544;0.261745;0.087248;0.053691;0.342282;0.0;0.0;0.0;0.0;0.0;0.0;0.0;0.0;0.0;0.0;0.02349
3137;0.272936;0.247706;0.084862;0.043578;0.316514;0.0;0.0;0.0;0.0;0.0;0.0;0.0;0.0;0.0;0.0;0.034404
3138;0.264786;0.22566;0.216106;0.067789;0.209736;0.0;0.0;0.0;0.0;0.0;0.0;0.0;0.0;0.0;0.0;0.015924
3139;0.292879;0.215144;0.185828;0.088364;0.194443;0.0;0.0;0.0;0.0;0.0;0.0;0.0;0.0;0.0;0.0;0.023341
3140;0.30061;0.234498;0.196617;0.081309;0.168497;0.0;0.0;0.0;0.0;0.0;0.0;0.0;0.0;0.0;0.0;0.018469
3901;0.264668;0.186441;0.170795;0.075619;0.27249;0.0;0.0;0.0;0.0;0.0;0.0;0.0;0.0;0.0;0.0;0.029987
3902;0.203297;0.275882;0.339936;0.073019;0.093551;0.0;0.0;0.0;0.0;0.0;0.0;0.0;0.0;0.0;0.0;0.014315
3903;0.303265;0.23741;0.255119;0.084117;0.10736;0.0;0.0;0.0;0.0;0.0;0.0;0.0;0.0;0.0;0.0;0.012728
3904;0.361933;0.193294;0.226824;0.087771;0.117357;0.0;0.0;0.0;0.0;0.0;0.0;0.0;0.0;0.0;0.0;0.012821
4001;0.438472;0.272984;0.17256;0.066478;0.042433;0.0;0.0;0.0;0.0;0.0;0.0;0.0;0.0;0.0;0.0;0.007072
4002;0.5;0.159026;0.210602;0.06447;0.060172;0.0;0.0;0.0;0.0;0.0;0.0;0.0;0.0;0.0;0.0;0.005731
4003;0.260585;0.287739;0.32824;0.052835;0.05937;0.0;0.0;0.0;0.0;0.0;0.0;0.0;0.0;0.0;0.0;0.01123
4004;0.366667;0.207407;0.2;0.151852;0.066667;0.0;0.0;0.0;0.0;0.0;0.0;0.0;0.0;0.0;0.0;0.007407
4005;0.387019;0.372596;0.168269;0.040865;0.024038;0.0;0.0;0.0;0.0;0.0;0.0;0.0;0.0;0.0;0.0;0.007212
4006;0.314944;0.293529;0.234404;0.087989;0.057495;0.0;0.0;0.0;0.0;0.0;0.0;0.0;0.0;0.0;0.0;0.011639
4007;0.387352;0.181818;0.243083;0.077075;0.08498;0.0;0.0;0.0;0.0;0.0;0.0;0.0;0.0;0.0;0.0;0.025692
4008;0.307065;0.339674;0.23913;0.054348;0.040761;0.0;0.0;0.0;0.0;0.0;0.0;0.0;0.0;0.0;0.0;0.019022
4009;0.221154;0.451923;0.211538;0.048077;0.057692;0.0;0.0;0.0;0.0;0.0;0.0;0.0;0.0;0.0;0.0;0.009615
4010;0.527228;0.235149;0.091584;0.086634;0.056931;0.0;0.0;0.0;0.0;0.0;0.0;0.0;0.0;0.0;0.0;0.002475
4011;0.451629;0.204684;0.184318;0.052444;0.092668;0.0;0.0;0.0;0.0;0.0;0.0;0.0;0.0;0.0;0.0;0.014257
4012;0.421769;0.258503;0.176871;0.07483;0.047619;0.0;0.0;0.0;0.0;0.0;0.0;0.0;0.0;0.0;0.0;0.020408
4013;0.291999;0.267734;0.230473;0.08578;0.106012;0.0;0.0;0.0;0.0;0.0;0.0;0.0;0.0;0.0;0.0;0.018002
4014;0.588235;0.098039;0.088235;0.058824;0.156863;0.0;0.0;0.0;0.0;0.0;0.0;0.0;0.0;0.0;0.0;0.009804
4015;0.444444;0.197531;0.160494;0.012346;0.111111;0.0;0.0;0.0;0.0;0.0;0.0;0.0;0.0;0.0;0.0;0.074074
4016;0.320495;0.247593;0.282669;0.07978;0.057772;0.0;0.0;0.0;0.0;0.0;0.0;0.0;0.0;0.0;0.0;0.011692
4017;0.346437;0.214988;0.296069;0.092138;0.040541;0.0;0.0;0.0;0.0;0.0;0.0;0.0;0.0;0.0;0.0;0.009828
4018;0.466667;0.225641;0.194872;0.046154;0.066667;0.0;0.0;0.0;0.0;0.0;0.0;0.0;0.0;0.0;0.0;0.0
4019;0.55814;0.197674;0.122093;0.040698;0.063953;0.0;0.0;0.0;0.0;0.0;0.0;0.0;0.0;0.0;0.0;0.017442
4020;0.264706;0.392157;0.269608;0.063725;0.004902;0.0;0.0;0.0;0.0;0.0;0.0;0.0;0.0;0.0;0.0;0.004902
4021;0.385827;0.385827;0.110236;0.055118;0.047244;0.0;0.0;0.0;0.0;0.0;0.0;0.0;0.0;0.0;0.0;0.015748
4022;0.411255;0.160173;0.298701;0.034632;0.077922;0.0;0.0;0.0;0.0;0.0;0.0;0.0;0.0;0.0;0.0;0.017316
4023;0.3125;0.3125;0.225;0.0875;0.0375;0.0;0.0;0.0;0.0;0.0;0.0;0.0;0.0;0.0;0.0;0.025
4024;0.300089;0.214096;0.283688;0.093972;0.089096;0.0;0.0;0.0;0.0;0.0;0.0;0.0;0.0;0.0;0.0;0.01906
4026;0.216216;0.540541;0.162162;0.081081;0.0;0.0;0.0;0.0;0.0;0.0;0.0;0.0;0.0;0.0;0.0;0.0
4027;0.230769;0.361538;0.246154;0.092308;0.023077;0.0;0.0;0.0;0.0;0.0;0.0;0.0;0.0;0.0;0.0;0.046154
4028;0.570588;0.188235;0.088235;0.035294;0.105882;0.0;0.0;0.0;0.0;0.0;0.0;0.0;0.0;0.0;0.0;0.011765
4029;0.353558;0.268248;0.261629;0.046332;0.05865;0.0;0.0;0.0;0.0;0.0;0.0;0.0;0.0;0.0;0.0;0.011583
4030;0.447917;0.263393;0.215774;0.029762;0.03125;0.0;0.0;0.0;0.0;0.0;0.0;0.0;0.0;0.0;0.0;0.011905
4031;0.542331;0.215337;0.141104;0.055828;0.038037;0.0;0.0;0.0;0.0;0.0;0.0;0.0;0.0;0.0;0.0;0.007362
4032;0.358883;0.211881;0.259786;0.079934;0.082124;0.0;0.0;0.0;0.0;0.0;0.0;0.0;0.0;0.0;0.0;0.007391
4033;0.540541;0.202703;0.135135;0.081081;0.040541;0.0;0.0;0.0;0.0;0.0;0.0;0.0;0.0;0.0;0.0;0.0
4034;0.222222;0.4;0.233333;0.077778;0.055556;0.0;0.0;0.0;0.0;0.0;0.0;0.0;0.0;0.0;0.0;0.011111
4035;0.375502;0.235366;0.261401;0.056963;0.063254;0.0;0.0;0.0;0.0;0.0;0.0;0.0;0.0;0.0;0.0;0.007514
4036;0.369318;0.335227;0.176136;0.085227;0.022727;0.0;0.0;0.0;0.0;0.0;0.0;0.0;0.0;0.0;0.0;0.011364
4037;0.4662;0.226107;0.174825;0.064103;0.058275;0.0;0.0;0.0;0.0;0.0;0.0;0.0;0.0;0.0;0.0;0.01049
4038;0.352822;0.24911;0.208439;0.0788;0.101169;0.0;0.0;0.0;0.0;0.0;0.0;0.0;0.0;0.0;0.0;0.009659
4041;0.270642;0.362385;0.233945;0.045872;0.073394;0.0;0.0;0.0;0.0;0.0;0.0;0.0;0.0;0.0;0.0;0.013761
4043;0.380711;0.200508;0.327411;0.032995;0.050761;0.0;0.0;0.0;0.0;0.0;0.0;0.0;0.0;0.0;0.0;0.007614
4044;0.30597;0.32556;0.212687;0.07556;0.066231;0.0;0.0;0.0;0.0;0.0;0.0;0.0;0.0;0.0;0.0;0.013993
4045;0.541633;0.12207;0.222312;0.050121;0.050121;0.0;0.0;0.0;0.0;0.0;0.0;0.0;0.0;0.0;0.0;0.013743
4046;0.409241;0.242574;0.216172;0.066007;0.046205;0.0;0.0;0.0;0.0;0.0;0.0;0.0;0.0;0.0;0.0;0.019802
4047;0.377943;0.335192;0.17596;0.057001;0.045229;0.0;0.0;0.0;0.0;0.0;0.0;0.0;0.0;0.0;0.0;0.008674
4048;0.301154;0.209864;0.248688;0.146905;0.084995;0.0;0.0;0.0;0.0;0.0;0.0;0.0;0.0;0.0;0.0;0.008395
4049;0.366064;0.2471;0.22417;0.065552;0.080658;0.0;0.0;0.0;0.0;0.0;0.0;0.0;0.0;0.0;0.0;0.016455
4050;0.448276;0.217672;0.219828;0.040948;0.068966;0.0;0.0;0.0;0.0;0.0;0.0;0.0;0.0;0.0;0.0;0.00431
4051;0.328076;0.328076;0.18612;0.088328;0.059937;0.0;0.0;0.0;0.0;0.0;0.0;0.0;0.0;0.0;0.0;0.009464
4052;0.270021;0.187508;0.320938;0.092235;0.111921;0.0;0.0;0.0;0.0;0.0;0.0;0.0;0.0;0.0;0.0;0.017378
4053;0.312666;0.305175;0.236948;0.085974;0.048173;0.0;0.0;0.0;0.0;0.0;0.0;0.0;0.0;0.0;0.0;0.011064
4054;0.380435;0.289855;0.202899;0.050725;0.054348;0.0;0.0;0.0;0.0;0.0;0.0;0.0;0.0;0.0;0.0;0.021739
4055;0.543554;0.254355;0.111498;0.034843;0.052265;0.0;0.0;0.0;0.0;0.0;0.0;0.0;0.0;0.0;0.0;0.003484
4056;0.183333;0.516667;0.175;0.033333;0.083333;0.0;0.0;0.0;0.0;0.0;0.0;0.0;0.0;0.0;0.0;0.008333
4057;0.37067;0.266744;0.228637;0.080831;0.040416;0.0;0.0;0.0;0.0;0.0;0.0;0.0;0.0;0.0;0.0;0.012702
4058;0.433476;0.201717;0.175966;0.055794;0.120172;0.0;0.0;0.0;0.0;0.0;0.0;0.0;0.0;0.0;0.0;0.012876
4059;0.582202;0.196078;0.12368;0.055807;0.033183;0.0;0.0;0.0;0.0;0.0;0.0;0.0;0.0;0.0;0.0;0.00905
4060;0.292857;0.45;0.114286;0.085714;0.057143;0.0;0.0;0.0;0.0;0.0;0.0;0.0;0.0;0.0;0.0;0.0
4061;0.445148;0.105485;0.183544;0.181435;0.07173;0.0;0.0;0.0;0.0;0.0;0.0;0.0;0.0;0.0;0.0;0.012658
4062;0.384252;0.298898;0.198425;0.054803;0.053858;0.0;0.0;0.0;0.0;0.0;0.0;0.0;0.0;0.0;0.0;0.009764
4063;0.344086;0.258065;0.310484;0.040323;0.037634;0.0;0.0;0.0;0.0;0.0;0.0;0.0;0.0;0.0;0.0;0.009409
4064;0.303459;0.315514;0.199161;0.071803;0.09434;0.0;0.0;0.0;0.0;0.0;0.0;0.0;0.0;0.0;0.0;0.015723
4065;0.522222;0.22963;0.174074;0.040741;0.025926;0.0;0.0;0.0;0.0;0.0;0.0;0.0;0.0;0.0;0.0;0.007407
4066;0.271176;0.263594;0.35292;0.046085;0.057813;0.0;0.0;0.0;0.0;0.0;0.0;0.0;0.0;0.0;0.0;0.008411
4067;0.579755;0.266871;0.070552;0.027607;0.039877;0.0;0.0;0.0;0.0;0.0;0.0;0.0;0.0;0.0;0.0;0.015337
4068;0.414062;0.367188;0.117188;0.023438;0.070312;0.0;0.0;0.0;0.0;0.0;0.0;0.0;0.0;0.0;0.0;0.007812
4069;0.36383;0.272034;0.21226;0.065569;0.071668;0.0;0.0;0.0;0.0;0.0;0.0;0.0;0.0;0.0;0.0;0.014639
4070;0.344569;0.28839;0.272472;0.04588;0.037453;0.0;0.0;0.0;0.0;0.0;0.0;0.0;0.0;0.0;0.0;0.011236
4071;0.562724;0.225806;0.111111;0.032258;0.064516;0.0;0.0;0.0;0.0;0.0;0.0;0.0;0.0;0.0;0.0;0.003584
4072;0.341232;0.303318;0.2891;0.037915;0.018957;0.0;0.0;0.0;0.0;0.0;0.0;0.0;0.0;0.0;0.0;0.009479
4073;0.336323;0.246637;0.327354;0.040359;0.035874;0.0;0.0;0.0;0.0;0.0;0.0;0.0;0.0;0.0;0.0;0.013453
4074;0.348365;0.195039;0.289741;0.049605;0.094701;0.0;0.0;0.0;0.0;0.0;0.0;0.0;0.0;0.0;0.0;0.022548
4075;0.329505;0.289582;0.249385;0.068909;0.0484;0.0;0.0;0.0;0.0;0.0;0.0;0.0;0.0;0.0;0.0;0.014219
4076;0.488731;0.206406;0.170819;0.046263;0.074733;0.0;0.0;0.0;0.0;0.0;0.0;0.0;0.0;0.0;0.0;0.013049
4077;0.29434;0.566038;0.098113;0.022642;0.011321;0.0;0.0;0.0;0.0;0.0;0.0;0.0;0.0;0.0;0.0;0.007547
4078;0.38169;0.187324;0.223944;0.030986;0.161972;0.0;0.0;0.0;0.0;0.0;0.0;0.0;0.0;0.0;0.0;0.014085
4079;0.239347;0.251448;0.310557;0.087222;0.093958;0.0;0.0;0.0;0.0;0.0;0.0;0.0;0.0;0.0;0.0;0.017467
4080;0.282759;0.344828;0.17931;0.068966;0.103448;0.0;0.0;0.0;0.0;0.0;0.0;0.0;0.0;0.0;0.0;0.02069
4081;0.631179;0.110266;0.1673;0.038023;0.053232;0.0;0.0;0.0;0.0;0.0;0.0;0.0;0.0;0.0;0.0;0.0
4082;0.288889;0.433333;0.144444;0.05;0.077778;0.0;0.0;0.0;0.0;0.0;0.0;0.0;0.0;0.0;0.0;0.005556
4083;0.456522;0.223833;0.173108;0.057166;0.078905;0.0;0.0;0.0;0.0;0.0;0.0;0.0;0.0;0.0;0.0;0.010467
4084;0.409483;0.349138;0.146552;0.043103;0.034483;0.0;0.0;0.0;0.0;0.0;0.0;0.0;0.0;0.0;0.0;0.017241
4085;0.411765;0.256055;0.252595;0.041522;0.027682;0.0;0.0;0.0;0.0;0.0;0.0;0.0;0.0;0.0;0.0;0.010381
4086;0.315932;0.379838;0.194419;0.064806;0.037804;0.0;0.0;0.0;0.0;0.0;0.0;0.0;0.0;0.0;0.0;0.007201
4087;0.274336;0.265487;0.318584;0.035398;0.088496;0.0;0.0;0.0;0.0;0.0;0.0;0.0;0.0;0.0;0.0;0.017699
4088;0.412331;0.208735;0.233141;0.064868;0.069364;0.0;0.0;0.0;0.0;0.0;0.0;0.0;0.0;0.0;0.0;0.011561
4089;0.310273;0.324948;0.255765;0.033543;0.056604;0.0;0.0;0.0;0.0;0.0;0.0;0.0;0.0;0.0;0.0;0.018868
4090;0.46875;0.276786;0.133929;0.058036;0.058036;0.0;0.0;0.0;0.0;0.0;0.0;0.0;0.0;0.0;0.0;0.004464
4091;0.692;0.136;0.116;0.028;0.028;0.0;0.0;0.0;0.0;0.0;0.0;0.0;0.0;0.0;0.0;0.0
4092;0.339772;0.272412;0.206538;0.111937;0.055968;0.0;0.0;0.0;0.0;0.0;0.0;0.0;0.0;0.0;0.0;0.013373
4093;0.326222;0.208;0.310222;0.065778;0.08;0.0;0.0;0.0;0.0;0.0;0.0;0.0;0.0;0.0;0.0;0.009778
4094;0.185897;0.564103;0.217949;0.025641;0.00641;0.0;0.0;0.0;0.0;0.0;0.0;0.0;0.0;0.0;0.0;0.0
4095;0.322296;0.240618;0.286976;0.077263;0.06181;0.0;0.0;0.0;0.0;0.0;0.0;0.0;0.0;0.0;0.0;0.011038
4096;0.396396;0.342342;0.162162;0.022523;0.063063;0.0;0.0;0.0;0.0;0.0;0.0;0.0;0.0;0.0;0.0;0.013514
4097;0.447674;0.232558;0.151163;0.040698;0.116279;0.0;0.0;0.0;0.0;0.0;0.0;0.0;0.0;0.0;0.0;0.011628
4098;0.362712;0.242938;0.224859;0.102825;0.056497;0.0;0.0;0.0;0.0;0.0;0.0;0.0;0.0;0.0;0.0;0.010169
4099;0.313372;0.261047;0.271221;0.08343;0.060465;0.0;0.0;0.0;0.0;0.0;0.0;0.0;0.0;0.0;0.0;0.010465
4100;0.265795;0.260167;0.296841;0.077524;0.084786;0.0;0.0;0.0;0.0;0.0;0.0;0.0;0.0;0.0;0.0;0.014887
4101;0.384137;0.197003;0.296053;0.055921;0.056287;0.0;0.0;0.0;0.0;0.0;0.0;0.0;0.0;0.0;0.0;0.010599
4102;0.273728;0.222418;0.366549;0.065955;0.059678;0.0;0.0;0.0;0.0;0.0;0.0;0.0;0.0;0.0;0.0;0.011671
4103;0.342828;0.253306;0.318413;0.044761;0.029502;0.0;0.0;0.0;0.0;0.0;0.0;0.0;0.0;0.0;0.0;0.01119
4901;0.442815;0.225806;0.234604;0.038123;0.049853;0.0;0.0;0.0;0.0;0.0;0.0;0.0;0.0;0.0;0.0;0.008798
4902;0.203066;0.276222;0.363186;0.077517;0.06672;0.0;0.0;0.0;0.0;0.0;0.0;0.0;0.0;0.0;0.0;0.013289
4903;0.204904;0.301226;0.387741;0.064448;0.036427;0.0;0.0;0.0;0.0;0.0;0.0;0.0;0.0;0.0;0.0;0.005254
4904;0.185328;0.291892;0.433977;0.049421;0.030116;0.0;0.0;0.0;0.0;0.0;0.0;0.0;0.0;0.0;0.0;0.009266
5001;0.284672;0.430657;0.182482;0.036496;0.036496;0.0;0.0;0.0;0.0;0.0;0.0;0.0;0.0;0.0;0.0;0.029197
5002;0.35129;0.264036;0.183612;0.061457;0.108498;0.0;0.0;0.0;0.0;0.0;0.0;0.0;0.0;0.0;0.0;0.031108
5005;0.226891;0.378151;0.235294;0.109244;0.033613;0.0;0.0;0.0;0.0;0.0;0.0;0.0;0.0;0.0;0.0;0.016807
5007;0.138889;0.708333;0.125;0.013889;0.0;0.0;0.0;0.0;0.0;0.0;0.0;0.0;0.0;0.0;0.0;0.013889
5008;0.303226;0.432258;0.187097;0.051613;0.025806;0.0;0.0;0.0;0.0;0.0;0.0;0.0;0.0;0.0;0.0;0.0
5010;0.173469;0.418367;0.27551;0.081633;0.030612;0.0;0.0;0.0;0.0;0.0;0.0;0.0;0.0;0.0;0.0;0.020408
5012;0.195402;0.390805;0.183908;0.068966;0.011494;0.0;0.0;0.0;0.0;0.0;0.0;0.0;0.0;0.0;0.0;0.149425
5013;0.356375;0.334869;0.070661;0.044547;0.185868;0.0;0.0;0.0;0.0;0.0;0.0;0.0;0.0;0.0;0.0;0.00768
5014;0.330473;0.327982;0.149184;0.056186;0.114309;0.0;0.0;0.0;0.0;0.0;0.0;0.0;0.0;0.0;0.0;0.021865
5015;0.395349;0.348837;0.139535;0.093023;0.0;0.0;0.0;0.0;0.0;0.0;0.0;0.0;0.0;0.0;0.0;0.023256
5016;0.248683;0.372476;0.231124;0.063872;0.063652;0.0;0.0;0.0;0.0;0.0;0.0;0.0;0.0;0.0;0.0;0.020193
5017;0.215385;0.476923;0.138462;0.0;0.092308;0.0;0.0;0.0;0.0;0.0;0.0;0.0;0.0;0.0;0.0;0.076923
5018;0.133333;0.466667;0.066667;0.133333;0.2;0.0;0.0;0.0;0.0;0.0;0.0;0.0;0.0;0.0;0.0;0.0
5019;0.24319;0.286652;0.195301;0.077854;0.06671;0.0;0.0;0.0;0.0;0.0;0.0;0.0;0.0;0.0;0.0;0.130293
5021;0.286271;0.388456;0.138066;0.063963;0.102964;0.0;0.0;0.0;0.0;0.0;0.0;0.0;0.0;0.0;0.0;0.020281
5022;0.165122;0.463353;0.224094;0.053917;0.032856;0.0;0.0;0.0;0.0;0.0;0.0;0.0;0.0;0.0;0.0;0.060657
5023;0.251748;0.41958;0.174825;0.013986;0.034965;0.0;0.0;0.0;0.0;0.0;0.0;0.0;0.0;0.0;0.0;0.104895
5024;0.260163;0.414634;0.178862;0.065041;0.073171;0.0;0.0;0.0;0.0;0.0;0.0;0.0;0.0;0.0;0.0;0.00813
5025;0.153846;0.538462;0.246154;0.061538;0.0;0.0;0.0;0.0;0.0;0.0;0.0;0.0;0.0;0.0;0.0;0.0
5026;0.232877;0.424658;0.123288;0.061644;0.150685;0.0;0.0;0.0;0.0;0.0;0.0;0.0;0.0;0.0;0.0;0.006849
5027;0.191919;0.39899;0.191919;0.065657;0.090909;0.0;0.0;0.0;0.0;0.0;0.0;0.0;0.0;0.0;0.0;0.060606
5029;0.222222;0.597222;0.138889;0.0;0.013889;0.0;0.0;0.0;0.0;0.0;0.0;0.0;0.0;0.0;0.0;0.027778
5030;0.375;0.15625;0.0;0.03125;0.3125;0.0;0.0;0.0;0.0;0.0;0.0;0.0;0.0;0.0;0.0;0.125
5033;0.216418;0.567164;0.11194;0.037313;0.014925;0.0;0.0;0.0;0.0;0.0;0.0;0.0;0.0;0.0;0.0;0.052239
5034;0.230769;0.461538;0.307692;0.0;0.0;0.0;0.0;0.0;0.0;0.0;0.0;0.0;0.0;0.0;0.0;0.0
5035;0.382353;0.308824;0.073529;0.088235;0.088235;0.0;0.0;0.0;0.0;0.0;0.0;0.0;0.0;0.0;0.0;0.058824
5036;0.077778;0.566667;0.266667;0.077778;0.011111;0.0;0.0;0.0;0.0;0.0;0.0;0.0;0.0;0.0;0.0;0.0
5037;0.237037;0.540741;0.133333;0.044444;0.014815;0.0;0.0;0.0;0.0;0.0;0.0;0.0;0.0;0.0;0.0;0.02963
5038;0.158537;0.402439;0.280488;0.04878;0.073171;0.0;0.0;0.0;0.0;0.0;0.0;0.0;0.0;0.0;0.0;0.036585
5039;0.116279;0.55814;0.116279;0.069767;0.116279;0.0;0.0;0.0;0.0;0.0;0.0;0.0;0.0;0.0;0.0;0.023256
5040;0.217391;0.434783;0.152174;0.152174;0.043478;0.0;0.0;0.0;0.0;0.0;0.0;0.0;0.0;0.0;0.0;0.0
5041;0.192572;0.425034;0.195323;0.0674;0.042641;0.0;0.0;0.0;0.0;0.0;0.0;0.0;0.0;0.0;0.0;0.077029
5042;0.243243;0.504505;0.135135;0.081081;0.027027;0.0;0.0;0.0;0.0;0.0;0.0;0.0;0.0;0.0;0.0;0.009009
5043;0.413793;0.396552;0.051724;0.034483;0.103448;0.0;0.0;0.0;0.0;0.0;0.0;0.0;0.0;0.0;0.0;0.0
5044;0.147929;0.556213;0.195266;0.035503;0.035503;0.0;0.0;0.0;0.0;0.0;0.0;0.0;0.0;0.0;0.0;0.029586
5045;0.137931;0.5;0.293103;0.034483;0.017241;0.0;0.0;0.0;0.0;0.0;0.0;0.0;0.0;0.0;0.0;0.017241
5046;0.371429;0.485714;0.142857;0.0;0.0;0.0;0.0;0.0;0.0;0.0;0.0;0.0;0.0;0.0;0.0;0.0
5047;0.369722;0.293855;0.191898;0.071747;0.057673;0.0;0.0;0.0;0.0;0.0;0.0;0.0;0.0;0.0;0.0;0.015105
5048;0.232558;0.476744;0.186047;0.081395;0.023256;0.0;0.0;0.0;0.0;0.0;0.0;0.0;0.0;0.0;0.0;0.0
5049;0.357143;0.277778;0.15873;0.079365;0.075397;0.0;0.0;0.0;0.0;0.0;0.0;0.0;0.0;0.0;0.0;0.051587
5051;0.192982;0.438596;0.149123;0.035088;0.061404;0.0;0.0;0.0;0.0;0.0;0.0;0.0;0.0;0.0;0.0;0.122807
5052;0.028986;0.536232;0.304348;0.028986;0.0;0.0;0.0;0.0;0.0;0.0;0.0;0.0;0.0;0.0;0.0;0.101449
5053;0.104167;0.5;0.1875;0.125;0.0;0.0;0.0;0.0;0.0;0.0;0.0;0.0;0.0;0.0;0.0;0.083333
5054;0.363529;0.321176;0.1;0.048235;0.157647;0.0;0.0;0.0;0.0;0.0;0.0;0.0;0.0;0.0;0.0;0.009412
5055;0.336585;0.44878;0.139024;0.031707;0.026829;0.0;0.0;0.0;0.0;0.0;0.0;0.0;0.0;0.0;0.0;0.017073
5056;0.171429;0.385714;0.3;0.114286;0.028571;0.0;0.0;0.0;0.0;0.0;0.0;0.0;0.0;0.0;0.0;0.0
5057;0.359402;0.33985;0.177688;0.063255;0.044853;0.0;0.0;0.0;0.0;0.0;0.0;0.0;0.0;0.0;0.0;0.014951
5058;0.139535;0.465116;0.139535;0.139535;0.069767;0.0;0.0;0.0;0.0;0.0;0.0;0.0;0.0;0.0;0.0;0.046512
5059;0.354167;0.229167;0.229167;0.041667;0.125;0.0;0.0;0.0;0.0;0.0;0.0;0.0;0.0;0.0;0.0;0.020833
5060;0.155844;0.584416;0.12987;0.038961;0.064935;0.0;0.0;0.0;0.0;0.0;0.0;0.0;0.0;0.0;0.0;0.025974
5061;0.367021;0.159574;0.223404;0.037234;0.074468;0.0;0.0;0.0;0.0;0.0;0.0;0.0;0.0;0.0;0.0;0.138298
5062;0.077586;0.568966;0.241379;0.086207;0.025862;0.0;0.0;0.0;0.0;0.0;0.0;0.0;0.0;0.0;0.0;0.0
5063;0.115385;0.692308;0.076923;0.076923;0.0;0.0;0.0;0.0;0.0;0.0;0.0;0.0;0.0;0.0;0.0;0.038462
5064;0.142857;0.662338;0.142857;0.038961;0.0;0.0;0.0;0.0;0.0;0.0;0.0;0.0;0.0;0.0;0.0;0.012987
5065;0.176119;0.447761;0.202985;0.086567;0.038806;0.0;0.0;0.0;0.0;0.0;0.0;0.0;0.0;0.0;0.0;0.047761
5066;0.410029;0.188791;0.150442;0.061947;0.168142;0.0;0.0;0.0;0.0;0.0;0.0;0.0;0.0;0.0;0.0;0.020649
5067;0.259259;0.203704;0.055556;0.092593;0.0;0.0;0.0;0.0;0.0;0.0;0.0;0.0;0.0;0.0;0.0;0.388889
5069;0.169492;0.610169;0.084746;0.067797;0.033898;0.0;0.0;0.0;0.0;0.0;0.0;0.0;0.0;0.0;0.0;0.033898
5070;0.448276;0.413793;0.103448;0.0;0.0;0.0;0.0;0.0;0.0;0.0;0.0;0.0;0.0;0.0;0.0;0.034483
5072;0.126761;0.464789;0.309859;0.070423;0.028169;0.0;0.0;0.0;0.0;0.0;0.0;0.0;0.0;0.0;0.0;0.0
5073;0.257282;0.451456;0.174757;0.053398;0.033981;0.0;0.0;0.0;0.0;0.0;0.0;0.0;0.0;0.0;0.0;0.029126
5074;0.246241;0.430451;0.184211;0.103383;0.015038;0.0;0.0;0.0;0.0;0.0;0.0;0.0;0.0;0.0;0.0;0.020677
5075;0.276316;0.5;0.210526;0.0;0.013158;0.0;0.0;0.0;0.0;0.0;0.0;0.0;0.0;0.0;0.0;0.0
5076;0.229508;0.349727;0.213115;0.032787;0.054645;0.0;0.0;0.0;0.0;0.0;0.0;0.0;0.0;0.0;0.0;0.120219
5077;0.309091;0.418182;0.145455;0.081818;0.036364;0.0;0.0;0.0;0.0;0.0;0.0;0.0;0.0;0.0;0.0;0.009091
5078;0.131579;0.565789;0.157895;0.118421;0.013158;0.0;0.0;0.0;0.0;0.0;0.0;0.0;0.0;0.0;0.0;0.013158
5079;0.076923;0.519231;0.25;0.038462;0.019231;0.0;0.0;0.0;0.0;0.0;0.0;0.0;0.0;0.0;0.0;0.096154
5080;0.1;0.5;0.133333;0.0;0.033333;0.0;0.0;0.0;0.0;0.0;0.0;0.0;0.0;0.0;0.0;0.233333
5081;0.055556;0.888889;0.0;0.055556;0.0;0.0;0.0;0.0;0.0;0.0;0.0;0.0;0.0;0.0;0.0;0.0
5082;0.316076;0.381471;0.19346;0.046322;0.046322;0.0;0.0;0.0;0.0;0.0;0.0;0.0;0.0;0.0;0.0;0.016349
5083;0.252747;0.472527;0.131868;0.098901;0.021978;0.0;0.0;0.0;0.0;0.0;0.0;0.0;0.0;0.0;0.0;0.021978
5084;0.340909;0.340909;0.181818;0.045455;0.090909;0.0;0.0;0.0;0.0;0.0;0.0;0.0;0.0;0.0;0.0;0.0
5085;0.074074;0.62963;0.148148;0.074074;0.037037;0.0;0.0;0.0;0.0;0.0;0.0;0.0;0.0;0.0;0.0;0.037037
5086;0.210526;0.526316;0.210526;0.052632;0.0;0.0;0.0;0.0;0.0;0.0;0.0;0.0;0.0;0.0;0.0;0.0
5087;0.105769;0.413462;0.288462;0.067308;0.028846;0.0;0.0;0.0;0.0;0.0;0.0;0.0;0.0;0.0;0.0;0.096154
5088;0.136364;0.272727;0.5;0.0;0.0;0.0;0.0;0.0;0.0;0.0;0.0;0.0;0.0;0.0;0.0;0.090909
5089;0.283951;0.407407;0.197531;0.033951;0.058642;0.0;0.0;0.0;0.0;0.0;0.0;0.0;0.0;0.0;0.0;0.018519
5090;0.193548;0.419355;0.258065;0.080645;0.016129;0.0;0.0;0.0;0.0;0.0;0.0;0.0;0.0;0.0;0.0;0.032258
5092;0.188679;0.339623;0.301887;0.103774;0.056604;0.0;0.0;0.0;0.0;0.0;0.0;0.0;0.0;0.0;0.0;0.009434
5093;0.156627;0.381526;0.200803;0.048193;0.088353;0.0;0.0;0.0;0.0;0.0;0.0;0.0;0.0;0.0;0.0;0.124498
5094;0.038095;0.657143;0.209524;0.066667;0.0;0.0;0.0;0.0;0.0;0.0;0.0;0.0;0.0;0.0;0.0;0.028571
5095;0.301136;0.318182;0.232955;0.0625;0.0625;0.0;0.0;0.0;0.0;0.0;0.0;0.0;0.0;0.0;0.0;0.022727
5096;0.322581;0.306452;0.193548;0.0;0.16129;0.0;0.0;0.0;0.0;0.0;0.0;0.0;0.0;0.0;0.0;0.016129
5097;0.222951;0.436066;0.216393;0.055738;0.04918;0.0;0.0;0.0;0.0;0.0;0.0;0.0;0.0;0.0;0.0;0.019672
5099;0.392962;0.354839;0.181818;0.061584;0.002933;0.0;0.0;0.0;0.0;0.0;0.0;0.0;0.0;0.0;0.0;0.005865
5100;0.343915;0.312169;0.153439;0.063492;0.116402;0.0;0.0;0.0;0.0;0.0;0.0;0.0;0.0;0.0;0.0;0.010582
5101;0.132353;0.534314;0.210784;0.063725;0.034314;0.0;0.0;0.0;0.0;0.0;0.0;0.0;0.0;0.0;0.0;0.02451
5102;0.317213;0.39918;0.179508;0.052459;0.045902;0.0;0.0;0.0;0.0;0.0;0.0;0.0;0.0;0.0;0.0;0.005738
5103;0.116279;0.55814;0.186047;0.093023;0.046512;0.0;0.0;0.0;0.0;0.0;0.0;0.0;0.0;0.0;0.0;0.0
5104;0.105263;0.631579;0.105263;0.052632;0.105263;0.0;0.0;0.0;0.0;0.0;0.0;0.0;0.0;0.0;0.0;0.0
5105;0.325;0.266667;0.175;0.083333;0.1;0.0;0.0;0.0;0.0;0.0;0.0;0.0;0.0;0.0;0.0;0.05
5106;0.071429;0.571429;0.071429;0.142857;0.0;0.0;0.0;0.0;0.0;0.0;0.0;0.0;0.0;0.0;0.0;0.142857
5107;0.090909;0.484848;0.212121;0.0;0.060606;0.0;0.0;0.0;0.0;0.0;0.0;0.0;0.0;0.0;0.0;0.151515
5108;0.52381;0.285714;0.095238;0.047619;0.047619;0.0;0.0;0.0;0.0;0.0;0.0;0.0;0.0;0.0;0.0;0.0
5109;0.32;0.418462;0.144615;0.064615;0.036923;0.0;0.0;0.0;0.0;0.0;0.0;0.0;0.0;0.0;0.0;0.015385
5110;0.255411;0.376623;0.229437;0.080087;0.034632;0.0;0.0;0.0;0.0;0.0;0.0;0.0;0.0;0.0;0.0;0.02381
5112;0.155172;0.431034;0.155172;0.155172;0.086207;0.0;0.0;0.0;0.0;0.0;0.0;0.0;0.0;0.0;0.0;0.017241
5113;0.142857;0.571429;0.166667;0.095238;0.02381;0.0;0.0;0.0;0.0;0.0;0.0;0.0;0.0;0.0;0.0;0.0
5114;0.419522;0.325026;0.169263;0.03946;0.030114;0.0;0.0;0.0;0.0;0.0;0.0;0.0;0.0;0.0;0.0;0.016615
5115;0.226744;0.468023;0.171512;0.055233;0.061047;0.0;0.0;0.0;0.0;0.0;0.0;0.0;0.0;0.0;0.0;0.017442
5116;0.161765;0.558824;0.191176;0.029412;0.029412;0.0;0.0;0.0;0.0;0.0;0.0;0.0;0.0;0.0;0.0;0.029412
5117;0.138158;0.513158;0.217105;0.078947;0.052632;0.0;0.0;0.0;0.0;0.0;0.0;0.0;0.0;0.0;0.0;0.0
5118;0.225;0.45;0.1;0.075;0.15;0.0;0.0;0.0;0.0;0.0;0.0;0.0;0.0;0.0;0.0;0.0
5119;0.125;0.5625;0.0625;0.125;0.0;0.0;0.0;0.0;0.0;0.0;0.0;0.0;0.0;0.0;0.0;0.125
5120;0.230769;0.5;0.038462;0.038462;0.038462;0.0;0.0;0.0;0.0;0.0;0.0;0.0;0.0;0.0;0.0;0.153846
5121;0.287234;0.393617;0.079787;0.079787;0.06383;0.0;0.0;0.0;0.0;0.0;0.0;0.0;0.0;0.0;0.0;0.095745
5122;0.306818;0.465909;0.113636;0.068182;0.034091;0.0;0.0;0.0;0.0;0.0;0.0;0.0;0.0;0.0;0.0;0.011364
5123;0.166667;0.461538;0.115385;0.102564;0.051282;0.0;0.0;0.0;0.0;0.0;0.0;0.0;0.0;0.0;0.0;0.102564
5124;0.184615;0.630769;0.123077;0.061538;0.0;0.0;0.0;0.0;0.0;0.0;0.0;0.0;0.0;0.0;0.0;0.0
5125;0.173913;0.369565;0.130435;0.086957;0.0;0.0;0.0;0.0;0.0;0.0;0.0;0.0;0.0;0.0;0.0;0.23913
5126;0.244444;0.555556;0.133333;0.022222;0.022222;0.0;0.0;0.0;0.0;0.0;0.0;0.0;0.0;0.0;0.0;0.022222
5127;0.266234;0.41342;0.17316;0.08658;0.049784;0.0;0.0;0.0;0.0;0.0;0.0;0.0;0.0;0.0;0.0;0.010823
5128;0.375;0.185484;0.189516;0.03629;0.153226;0.0;0.0;0.0;0.0;0.0;0.0;0.0;0.0;0.0;0.0;0.060484
5129;0.072464;0.565217;0.318841;0.028986;0.0;0.0;0.0;0.0;0.0;0.0;0.0;0.0;0.0;0.0;0.0;0.014493
5130;0.421053;0.302632;0.013158;0.065789;0.039474;0.0;0.0;0.0;0.0;0.0;0.0;0.0;0.0;0.0;0.0;0.157895
5131;0.063492;0.460317;0.349206;0.063492;0.0;0.0;0.0;0.0;0.0;0.0;0.0;0.0;0.0;0.0;0.0;0.063492
5132;0.319549;0.31391;0.193609;0.048872;0.084586;0.0;0.0;0.0;0.0;0.0;0.0;0.0;0.0;0.0;0.0;0.039474
5133;0.325581;0.488372;0.023256;0.093023;0.0;0.0;0.0;0.0;0.0;0.0;0.0;0.0;0.0;0.0;0.0;0.069767
5134;0.175;0.75;0.075;0.0;0.0;0.0;0.0;0.0;0.0;0.0;0.0;0.0;0.0;0.0;0.0;0.0
5135;0.22069;0.365517;0.251724;0.041379;0.027586;0.0;0.0;0.0;0.0;0.0;0.0;0.0;0.0;0.0;0.0;0.093103
5136;0.363636;0.381818;0.054545;0.072727;0.036364;0.0;0.0;0.0;0.0;0.0;0.0;0.0;0.0;0.0;0.0;0.090909
5138;0.175926;0.486111;0.222222;0.050926;0.027778;0.0;0.0;0.0;0.0;0.0;0.0;0.0;0.0;0.0;0.0;0.037037
5139;0.035088;0.614035;0.298246;0.052632;0.0;0.0;0.0;0.0;0.0;0.0;0.0;0.0;0.0;0.0;0.0;0.0
5140;0.197531;0.444444;0.160494;0.123457;0.012346;0.0;0.0;0.0;0.0;0.0;0.0;0.0;0.0;0.0;0.0;0.061728
5141;0.350649;0.363636;0.090909;0.025974;0.064935;0.0;0.0;0.0;0.0;0.0;0.0;0.0;0.0;0.0;0.0;0.103896
5142;0.213333;0.426667;0.293333;0.04;0.0;0.0;0.0;0.0;0.0;0.0;0.0;0.0;0.0;0.0;0.0;0.026667
5143;0.3;0.56;0.06;0.02;0.02;0.0;0.0;0.0;0.0;0.0;0.0;0.0;0.0;0.0;0.0;0.04
5144;0.355556;0.488889;0.088889;0.022222;0.044444;0.0;0.0;0.0;0.0;0.0;0.0;0.0;0.0;0.0;0.0;0.0
5145;0.357143;0.428571;0.107143;0.071429;0.0;0.0;0.0;0.0;0.0;0.0;0.0;0.0;0.0;0.0;0.0;0.035714
5147;0.141414;0.444444;0.262626;0.10101;0.020202;0.0;0.0;0.0;0.0;0.0;0.0;0.0;0.0;0.0;0.0;0.030303
5148;0.263158;0.315789;0.315789;0.0;0.052632;0.0;0.0;0.0;0.0;0.0;0.0;0.0;0.0;0.0;0.0;0.052632
5149;0.217391;0.536232;0.115942;0.057971;0.043478;0.0;0.0;0.0;0.0;0.0;0.0;0.0;0.0;0.0;0.0;0.028986
5151;0.233333;0.533333;0.166667;0.0;0.05;0.0;0.0;0.0;0.0;0.0;0.0;0.0;0.0;0.0;0.0;0.016667
5152;0.212982;0.448276;0.263692;0.05071;0.014199;0.0;0.0;0.0;0.0;0.0;0.0;0.0;0.0;0.0;0.0;0.010142
5153;0.226415;0.396226;0.150943;0.113208;0.09434;0.0;0.0;0.0;0.0;0.0;0.0;0.0;0.0;0.0;0.0;0.018868
5154;0.217391;0.478261;0.217391;0.043478;0.0;0.0;0.0;0.0;0.0;0.0;0.0;0.0;0.0;0.0;0.0;0.043478
5155;0.366667;0.333333;0.133333;0.066667;0.1;0.0;0.0;0.0;0.0;0.0;0.0;0.0;0.0;0.0;0.0;0.0
5156;0.236111;0.340278;0.25;0.048611;0.125;0.0;0.0;0.0;0.0;0.0;0.0;0.0;0.0;0.0;0.0;0.0
5157;0.41958;0.342657;0.125874;0.041958;0.013986;0.0;0.0;0.0;0.0;0.0;0.0;0.0;0.0;0.0;0.0;0.055944
5158;0.252874;0.440613;0.206897;0.038314;0.034483;0.0;0.0;0.0;0.0;0.0;0.0;0.0;0.0;0.0;0.0;0.02682
5159;0.062016;0.643411;0.20155;0.054264;0.015504;0.0;0.0;0.0;0.0;0.0;0.0;0.0;0.0;0.0;0.0;0.023256
5160;0.220657;0.539906;0.15493;0.018779;0.028169;0.0;0.0;0.0;0.0;0.0;0.0;0.0;0.0;0.0;0.0;0.037559
5161;0.255696;0.336709;0.275949;0.03038;0.053165;0.0;0.0;0.0;0.0;0.0;0.0;0.0;0.0;0.0;0.0;0.048101
5162;0.318182;0.454545;0.090909;0.022727;0.113636;0.0;0.0;0.0;0.0;0.0;0.0;0.0;0.0;0.0;0.0;0.0
5163;0.286645;0.433225;0.134365;0.063518;0.060261;0.0;0.0;0.0;0.0;0.0;0.0;0.0;0.0;0.0;0.0;0.021987
5164;0.166667;0.75;0.083333;0.0;0.0;0.0;0.0;0.0;0.0;0.0;0.0;0.0;0.0;0.0;0.0;0.0
5165;0.29572;0.365759;0.128405;0.070039;0.11284;0.0;0.0;0.0;0.0;0.0;0.0;0.0;0.0;0.0;0.0;0.027237
5166;0.174757;0.407767;0.252427;0.038835;0.038835;0.0;0.0;0.0;0.0;0.0;0.0;0.0;0.0;0.0;0.0;0.087379
5167;0.523256;0.180233;0.023256;0.023256;0.110465;0.0;0.0;0.0;0.0;0.0;0.0;0.0;0.0;0.0;0.0;0.139535
5168;0.230056;0.404915;0.207494;0.087832;0.049557;0.0;0.0;0.0;0.0;0.0;0.0;0.0;0.0;0.0;0.0;0.020145
5169;0.188235;0.470588;0.105882;0.070588;0.035294;0.0;0.0;0.0;0.0;0.0;0.0;0.0;0.0;0.0;0.0;0.129412
5170;0.424242;0.363636;0.0;0.060606;0.151515;0.0;0.0;0.0;0.0;0.0;0.0;0.0;0.0;0.0;0.0;0.0
5171;0.170213;0.553191;0.085106;0.06383;0.042553;0.0;0.0;0.0;0.0;0.0;0.0;0.0;0.0;0.0;0.0;0.085106
5172;0.219512;0.243902;0.134146;0.036585;0.04878;0.0;0.0;0.0;0.0;0.0;0.0;0.0;0.0;0.0;0.0;0.317073
5173;0.12963;0.240741;0.407407;0.148148;0.037037;0.0;0.0;0.0;0.0;0.0;0.0;0.0;0.0;0.0;0.0;0.037037
5174;0.16;0.5;0.16;0.08;0.04;0.0;0.0;0.0;0.0;0.0;0.0;0.0;0.0;0.0;0.0;0.06
5175;0.174312;0.33945;0.220183;0.119266;0.027523;0.0;0.0;0.0;0.0;0.0;0.0;0.0;0.0;0.0;0.0;0.119266
5176;0.308176;0.232704;0.138365;0.075472;0.037736;0.0;0.0;0.0;0.0;0.0;0.0;0.0;0.0;0.0;0.0;0.207547
5177;0.551724;0.25;0.068966;0.043103;0.060345;0.0;0.0;0.0;0.0;0.0;0.0;0.0;0.0;0.0;0.0;0.025862
5178;0.166667;0.519841;0.206349;0.035714;0.031746;0.0;0.0;0.0;0.0;0.0;0.0;0.0;0.0;0.0;0.0;0.039683
5179;0.105263;0.573099;0.19883;0.05848;0.011696;0.0;0.0;0.0;0.0;0.0;0.0;0.0;0.0;0.0;0.0;0.052632
5180;0.056604;0.698113;0.150943;0.018868;0.018868;0.0;0.0;0.0;0.0;0.0;0.0;0.0;0.0;0.0;0.0;0.056604
5181;0.323529;0.294118;0.264706;0.029412;0.088235;0.0;0.0;0.0;0.0;0.0;0.0;0.0;0.0;0.0;0.0;0.0
5182;0.258661;0.344111;0.267898;0.053118;0.062356;0.0;0.0;0.0;0.0;0.0;0.0;0.0;0.0;0.0;0.0;0.013857
5183;0.18;0.57;0.18;0.05;0.0;0.0;0.0;0.0;0.0;0.0;0.0;0.0;0.0;0.0;0.0;0.02
5184;0.291139;0.449367;0.151899;0.018987;0.088608;0.0;0.0;0.0;0.0;0.0;0.0;0.0;0.0;0.0;0.0;0.0
5185;0.15;0.5;0.266667;0.0;0.05;0.0;0.0;0.0;0.0;0.0;0.0;0.0;0.0;0.0;0.0;0.033333
5186;0.246429;0.41875;0.199107;0.071429;0.047321;0.0;0.0;0.0;0.0;0.0;0.0;0.0;0.0;0.0;0.0;0.016964
5187;0.318482;0.316007;0.176568;0.063531;0.106436;0.0;0.0;0.0;0.0;0.0;0.0;0.0;0.0;0.0;0.0;0.018977
5188;0.060606;0.333333;0.121212;0.030303;0.0;0.0;0.0;0.0;0.0;0.0;0.0;0.0;0.0;0.0;0.0;0.454545
5189;0.388889;0.347222;0.177083;0.024306;0.059028;0.0;0.0;0.0;0.0;0.0;0.0;0.0;0.0;0.0;0.0;0.003472
5190;0.069767;0.302326;0.395349;0.069767;0.023256;0.0;0.0;0.0;0.0;0.0;0.0;0.0;0.0;0.0;0.0;0.139535
5191;0.343434;0.20202;0.060606;0.070707;0.141414;0.0;0.0;0.0;0.0;0.0;0.0;0.0;0.0;0.0;0.0;0.181818
5192;0.295775;0.422535;0.112676;0.042254;0.084507;0.0;0.0;0.0;0.0;0.0;0.0;0.0;0.0;0.0;0.0;0.042254
5193;0.313869;0.547445;0.080292;0.029197;0.021898;0.0;0.0;0.0;0.0;0.0;0.0;0.0;0.0;0.0;0.0;0.007299
5194;0.378641;0.339806;0.203883;0.048544;0.019417;0.0;0.0;0.0;0.0;0.0;0.0;0.0;0.0;0.0;0.0;0.009709
5195;0.306452;0.346774;0.177419;0.056452;0.032258;0.0;0.0;0.0;0.0;0.0;0.0;0.0;0.0;0.0;0.0;0.080645
5196;0.674419;0.116279;0.116279;0.069767;0.0;0.0;0.0;0.0;0.0;0.0;0.0;0.0;0.0;0.0;0.0;0.023256
5197;0.128205;0.410256;0.141026;0.064103;0.064103;0.0;0.0;0.0;0.0;0.0;0.0;0.0;0.0;0.0;0.0;0.192308
5198;0.117647;0.588235;0.176471;0.117647;0.0;0.0;0.0;0.0;0.0;0.0;0.0;0.0;0.0;0.0;0.0;0.0
5199;0.096774;0.548387;0.129032;0.032258;0.129032;0.0;0.0;0.0;0.0;0.0;0.0;0.0;0.0;0.0;0.0;0.064516
5200;0.230769;0.692308;0.076923;0.0;0.0;0.0;0.0;0.0;0.0;0.0;0.0;0.0;0.0;0.0;0.0;0.0
5201;0.346633;0.389027;0.122195;0.069825;0.044888;0.0;0.0;0.0;0.0;0.0;0.0;0.0;0.0;0.0;0.0;0.027431
5204;0.29385;0.382688;0.150342;0.09795;0.059226;0.0;0.0;0.0;0.0;0.0;0.0;0.0;0.0;0.0;0.0;0.015945
5205;0.357143;0.339286;0.125;0.089286;0.017857;0.0;0.0;0.0;0.0;0.0;0.0;0.0;0.0;0.0;0.0;0.071429
5206;0.647059;0.176471;0.0;0.058824;0.058824;0.0;0.0;0.0;0.0;0.0;0.0;0.0;0.0;0.0;0.0;0.058824
5207;0.438819;0.305907;0.118143;0.048523;0.07384;0.0;0.0;0.0;0.0;0.0;0.0;0.0;0.0;0.0;0.0;0.014768
5208;0.40625;0.3125;0.25;0.03125;0.0;0.0;0.0;0.0;0.0;0.0;0.0;0.0;0.0;0.0;0.0;0.0
5209;0.210526;0.54386;0.140351;0.070175;0.0;0.0;0.0;0.0;0.0;0.0;0.0;0.0;0.0;0.0;0.0;0.035088
5210;0.053571;0.517857;0.178571;0.053571;0.017857;0.0;0.0;0.0;0.0;0.0;0.0;0.0;0.0;0.0;0.0;0.178571
5211;0.243902;0.490854;0.176829;0.042683;0.033537;0.0;0.0;0.0;0.0;0.0;0.0;0.0;0.0;0.0;0.0;0.012195
5212;0.307692;0.487179;0.17094;0.017094;0.008547;0.0;0.0;0.0;0.0;0.0;0.0;0.0;0.0;0.0;0.0;0.008547
5213;0.2;0.542857;0.085714;0.057143;0.028571;0.0;0.0;0.0;0.0;0.0;0.0;0.0;0.0;0.0;0.0;0.085714
5214;0.166667;0.444444;0.111111;0.111111;0.166667;0.0;0.0;0.0;0.0;0.0;0.0;0.0;0.0;0.0;0.0;0.0
5215;0.230088;0.548673;0.106195;0.017699;0.079646;0.0;0.0;0.0;0.0;0.0;0.0;0.0;0.0;0.0;0.0;0.017699
5216;0.194631;0.469799;0.167785;0.080537;0.067114;0.0;0.0;0.0;0.0;0.0;0.0;0.0;0.0;0.0;0.0;0.020134
5217;0.292683;0.292683;0.268293;0.073171;0.04878;0.0;0.0;0.0;0.0;0.0;0.0;0.0;0.0;0.0;0.0;0.02439
5218;0.265823;0.443038;0.21519;0.037975;0.037975;0.0;0.0;0.0;0.0;0.0;0.0;0.0;0.0;0.0;0.0;0.0
5219;0.217391;0.434783;0.26087;0.043478;0.043478;0.0;0.0;0.0;0.0;0.0;0.0;0.0;0.0;0.0;0.0;0.0
5220;0.186131;0.467153;0.19708;0.072993;0.051095;0.0;0.0;0.0;0.0;0.0;0.0;0.0;0.0;0.0;0.0;0.025547
5221;0.324675;0.30303;0.138528;0.030303;0.186147;0.0;0.0;0.0;0.0;0.0;0.0;0.0;0.0;0.0;0.0;0.017316
5222;0.194915;0.29661;0.355932;0.033898;0.059322;0.0;0.0;0.0;0.0;0.0;0.0;0.0;0.0;0.0;0.0;0.059322
5224;0.097561;0.365854;0.256098;0.04878;0.036585;0.0;0.0;0.0;0.0;0.0;0.0;0.0;0.0;0.0;0.0;0.195122
5225;0.235955;0.509363;0.104869;0.101124;0.041199;0.0;0.0;0.0;0.0;0.0;0.0;0.0;0.0;0.0;0.0;0.007491
5226;0.142857;0.619048;0.214286;0.0;0.02381;0.0;0.0;0.0;0.0;0.0;0.0;0.0;0.0;0.0;0.0;0.0
5227;0.281938;0.361233;0.171806;0.048458;0.132159;0.0;0.0;0.0;0.0;0.0;0.0;0.0;0.0;0.0;0.0;0.004405
5228;0.071429;0.744898;0.132653;0.020408;0.020408;0.0;0.0;0.0;0.0;0.0;0.0;0.0;0.0;0.0;0.0;0.010204
5229;0.116667;0.4;0.283333;0.033333;0.0;0.0;0.0;0.0;0.0;0.0;0.0;0.0;0.0;0.0;0.0;0.166667
5230;0.072727;0.636364;0.2;0.036364;0.0;0.0;0.0;0.0;0.0;0.0;0.0;0.0;0.0;0.0;0.0;0.054545
5231;0.258333;0.45;0.208333;0.041667;0.033333;0.0;0.0;0.0;0.0;0.0;0.0;0.0;0.0;0.0;0.0;0.008333
5232;0.170732;0.304878;0.207317;0.0;0.04878;0.0;0.0;0.0;0.0;0.0;0.0;0.0;0.0;0.0;0.0;0.268293
5233;0.236994;0.473988;0.16185;0.011561;0.034682;0.0;0.0;0.0;0.0;0.0;0.0;0.0;0.0;0.0;0.0;0.080925
5234;0.131579;0.605263;0.210526;0.0;0.0;0.0;0.0;0.0;0.0;0.0;0.0;0.0;0.0;0.0;0.0;0.052632
5235;0.347368;0.4;0.178947;0.052632;0.021053;0.0;0.0;0.0;0.0;0.0;0.0;0.0;0.0;0.0;0.0;0.0
5236;0.323529;0.205882;0.073529;0.073529;0.294118;0.0;0.0;0.0;0.0;0.0;0.0;0.0;0.0;0.0;0.0;0.029412
5237;0.081301;0.536585;0.227642;0.073171;0.00813;0.0;0.0;0.0;0.0;0.0;0.0;0.0;0.0;0.0;0.0;0.073171
5238;0.301527;0.39313;0.131679;0.032443;0.091603;0.0;0.0;0.0;0.0;0.0;0.0;0.0;0.0;0.0;0.0;0.049618
5239;0.2125;0.325;0.3;0.04375;0.025;0.0;0.0;0.0;0.0;0.0;0.0;0.0;0.0;0.0;0.0;0.09375
5240;0.271499;0.367402;0.205313;0.055831;0.070689;0.0;0.0;0.0;0.0;0.0;0.0;0.0;0.0;0.0;0.0;0.029266
5241;0.255112;0.275051;0.275051;0.06953;0.086912;0.0;0.0;0.0;0.0;0.0;0.0;0.0;0.0;0.0;0.0;0.038344
5242;0.130199;0.739602;0.094033;0.016275;0.014467;0.0;0.0;0.0;0.0;0.0;0.0;0.0;0.0;0.0;0.0;0.005425
5243;0.236364;0.345455;0.236364;0.072727;0.036364;0.0;0.0;0.0;0.0;0.0;0.0;0.0;0.0;0.0;0.0;0.072727
5244;0.103448;0.62069;0.034483;0.068966;0.172414;0.0;0.0;0.0;0.0;0.0;0.0;0.0;0.0;0.0;0.0;0.0
5245;0.195312;0.300781;0.15625;0.085938;0.0625;0.0;0.0;0.0;0.0;0.0;0.0;0.0;0.0;0.0;0.0;0.199219
5246;0.428571;0.542857;0.028571;0.0;0.0;0.0;0.0;0.0;0.0;0.0;0.0;0.0;0.0;0.0;0.0;0.0
5247;0.346154;0.330769;0.115385;0.069231;0.038462;0.0;0.0;0.0;0.0;0.0;0.0;0.0;0.0;0.0;0.0;0.1
5249;0.333333;0.206349;0.047619;0.015873;0.349206;0.0;0.0;0.0;0.0;0.0;0.0;0.0;0.0;0.0;0.0;0.047619
5251;0.117647;0.323529;0.382353;0.058824;0.058824;0.0;0.0;0.0;0.0;0.0;0.0;0.0;0.0;0.0;0.0;0.058824
5252;0.111111;0.533333;0.111111;0.111111;0.0;0.0;0.0;0.0;0.0;0.0;0.0;0.0;0.0;0.0;0.0;0.133333
5253;0.111111;0.518519;0.203704;0.074074;0.055556;0.0;0.0;0.0;0.0;0.0;0.0;0.0;0.0;0.0;0.0;0.037037
5254;0.267123;0.472603;0.171233;0.054795;0.027397;0.0;0.0;0.0;0.0;0.0;0.0;0.0;0.0;0.0;0.0;0.006849
5256;0.376471;0.282353;0.152941;0.058824;0.058824;0.0;0.0;0.0;0.0;0.0;0.0;0.0;0.0;0.0;0.0;0.070588
5257;0.21978;0.417582;0.065934;0.10989;0.076923;0.0;0.0;0.0;0.0;0.0;0.0;0.0;0.0;0.0;0.0;0.10989
5258;0.253165;0.43038;0.202532;0.063291;0.025316;0.0;0.0;0.0;0.0;0.0;0.0;0.0;0.0;0.0;0.0;0.025316
5259;0.246753;0.493506;0.142857;0.025974;0.077922;0.0;0.0;0.0;0.0;0.0;0.0;0.0;0.0;0.0;0.0;0.012987
5260;0.150685;0.438356;0.232877;0.068493;0.013699;0.0;0.0;0.0;0.0;0.0;0.0;0.0;0.0;0.0;0.0;0.09589
5261;0.16;0.68;0.16;0.0;0.0;0.0;0.0;0.0;0.0;0.0;0.0;0.0;0.0;0.0;0.0;0.0
5262;0.444444;0.388889;0.068376;0.025641;0.025641;0.0;0.0;0.0;0.0;0.0;0.0;0.0;0.0;0.0;0.0;0.047009
5263;0.175439;0.315789;0.333333;0.052632;0.008772;0.0;0.0;0.0;0.0;0.0;0.0;0.0;0.0;0.0;0.0;0.114035
5264;0.037037;0.333333;0.444444;0.037037;0.111111;0.0;0.0;0.0;0.0;0.0;0.0;0.0;0.0;0.0;0.0;0.037037
5265;0.157895;0.385965;0.333333;0.035088;0.052632;0.0;0.0;0.0;0.0;0.0;0.0;0.0;0.0;0.0;0.0;0.035088
5266;0.166667;0.679487;0.115385;0.025641;0.0;0.0;0.0;0.0;0.0;0.0;0.0;0.0;0.0;0.0;0.0;0.012821
5267;0.242424;0.409091;0.19697;0.0;0.136364;0.0;0.0;0.0;0.0;0.0;0.0;0.0;0.0;0.0;0.0;0.015152
5901;0.241611;0.38255;0.134228;0.067114;0.09396;0.0;0.0;0.0;0.0;0.0;0.0;0.0;0.0;0.0;0.0;0.080537
5902;0.233333;0.485714;0.133333;0.061905;0.038095;0.0;0.0;0.0;0.0;0.0;0.0;0.0;0.0;0.0;0.0;0.047619
5903;0.325301;0.349398;0.168675;0.108434;0.024096;0.0;0.0;0.0;0.0;0.0;0.0;0.0;0.0;0.0;0.0;0.024096
5904;0.140625;0.484375;0.125;0.03125;0.15625;0.0;0.0;0.0;0.0;0.0;0.0;0.0;0.0;0.0;0.0;0.0625
5905;0.198582;0.553191;0.113475;0.06383;0.042553;0.0;0.0;0.0;0.0;0.0;0.0;0.0;0.0;0.0;0.0;0.028369
6001;0.43326;0.218818;0.218818;0.052516;0.07221;0.0;0.0;0.0;0.0;0.0;0.0;0.0;0.0;0.0;0.0;0.004376
6002;0.304301;0.263101;0.224069;0.088544;0.108782;0.0;0.0;0.0;0.0;0.0;0.0;0.0;0.0;0.0;0.0;0.011203
6003;0.504521;0.238698;0.106691;0.094033;0.056058;0.0;0.0;0.0;0.0;0.0;0.0;0.0;0.0;0.0;0.0;0.0
6004;0.514493;0.261775;0.096014;0.057065;0.061594;0.0;0.0;0.0;0.0;0.0;0.0;0.0;0.0;0.0;0.0;0.009058
6005;0.588496;0.152212;0.137168;0.046903;0.069912;0.0;0.0;0.0;0.0;0.0;0.0;0.0;0.0;0.0;0.0;0.00531
6006;0.478844;0.201238;0.136567;0.073271;0.103199;0.0;0.0;0.0;0.0;0.0;0.0;0.0;0.0;0.0;0.0;0.00688
6007;0.604188;0.154974;0.12356;0.041885;0.072251;0.0;0.0;0.0;0.0;0.0;0.0;0.0;0.0;0.0;0.0;0.003141
6008;0.60198;0.190099;0.110891;0.047525;0.043564;0.0;0.0;0.0;0.0;0.0;0.0;0.0;0.0;0.0;0.0;0.005941
6009;0.402439;0.231707;0.213415;0.042683;0.109756;0.0;0.0;0.0;0.0;0.0;0.0;0.0;0.0;0.0;0.0;0.0
6010;0.494521;0.194521;0.120548;0.049315;0.134247;0.0;0.0;0.0;0.0;0.0;0.0;0.0;0.0;0.0;0.0;0.006849
6011;0.292896;0.258628;0.257529;0.091748;0.086617;0.0;0.0;0.0;0.0;0.0;0.0;0.0;0.0;0.0;0.0;0.012583
6012;0.503329;0.197071;0.16245;0.055038;0.073236;0.0;0.0;0.0;0.0;0.0;0.0;0.0;0.0;0.0;0.0;0.008877
6013;0.69;0.095;0.03;0.04;0.14;0.0;0.0;0.0;0.0;0.0;0.0;0.0;0.0;0.0;0.0;0.005
6014;0.317173;0.349735;0.171249;0.090449;0.064158;0.0;0.0;0.0;0.0;0.0;0.0;0.0;0.0;0.0;0.0;0.007236
6015;0.282723;0.286455;0.224896;0.091547;0.098613;0.0;0.0;0.0;0.0;0.0;0.0;0.0;0.0;0.0;0.0;0.015766
6016;0.479654;0.231943;0.15056;0.056968;0.076806;0.0;0.0;0.0;0.0;0.0;0.0;0.0;0.0;0.0;0.0;0.004069
6017;0.323232;0.358586;0.116162;0.141414;0.060606;0.0;0.0;0.0;0.0;0.0;0.0;0.0;0.0;0.0;0.0;0.0
6018;0.554622;0.155462;0.111345;0.023109;0.147059;0.0;0.0;0.0;0.0;0.0;0.0;0.0;0.0;0.0;0.0;0.008403
6019;0.501148;0.200459;0.119357;0.058148;0.112471;0.0;0.0;0.0;0.0;0.0;0.0;0.0;0.0;0.0;0.0;0.008416
6020;0.444186;0.248062;0.117054;0.075194;0.107752;0.0;0.0;0.0;0.0;0.0;0.0;0.0;0.0;0.0;0.0;0.007752
6021;0.371048;0.407654;0.146423;0.039933;0.031614;0.0;0.0;0.0;0.0;0.0;0.0;0.0;0.0;0.0;0.0;0.003328
6022;0.482404;0.249053;0.105577;0.073091;0.077964;0.0;0.0;0.0;0.0;0.0;0.0;0.0;0.0;0.0;0.0;0.011911
6023;0.548045;0.238217;0.079284;0.059189;0.069784;0.0;0.0;0.0;0.0;0.0;0.0;0.0;0.0;0.0;0.0;0.00548
6024;0.456265;0.263593;0.118203;0.053191;0.104019;0.0;0.0;0.0;0.0;0.0;0.0;0.0;0.0;0.0;0.0;0.004728
6025;0.435339;0.276083;0.11392;0.063935;0.102296;0.0;0.0;0.0;0.0;0.0;0.0;0.0;0.0;0.0;0.0;0.008428
6026;0.420108;0.362657;0.095153;0.044883;0.075404;0.0;0.0;0.0;0.0;0.0;0.0;0.0;0.0;0.0;0.0;0.001795
6027;0.346979;0.335283;0.155945;0.048733;0.101365;0.0;0.0;0.0;0.0;0.0;0.0;0.0;0.0;0.0;0.0;0.011696
6028;0.460938;0.284255;0.137019;0.064603;0.048377;0.0;0.0;0.0;0.0;0.0;0.0;0.0;0.0;0.0;0.0;0.004808
6029;0.656977;0.17907;0.062791;0.04186;0.053488;0.0;0.0;0.0;0.0;0.0;0.0;0.0;0.0;0.0;0.0;0.005814
6030;0.393701;0.370079;0.125984;0.070866;0.031496;0.0;0.0;0.0;0.0;0.0;0.0;0.0;0.0;0.0;0.0;0.007874
6031;0.417266;0.298561;0.18705;0.068345;0.02518;0.0;0.0;0.0;0.0;0.0;0.0;0.0;0.0;0.0;0.0;0.003597
6032;0.223881;0.238806;0.223881;0.179104;0.119403;0.0;0.0;0.0;0.0;0.0;0.0;0.0;0.0;0.0;0.0;0.014925
6033;0.440538;0.327818;0.148914;0.036194;0.040331;0.0;0.0;0.0;0.0;0.0;0.0;0.0;0.0;0.0;0.0;0.006205
6034;0.348214;0.330357;0.196429;0.0625;0.0625;0.0;0.0;0.0;0.0;0.0;0.0;0.0;0.0;0.0;0.0;0.0
6035;0.358065;0.380645;0.166129;0.029032;0.058065;0.0;0.0;0.0;0.0;0.0;0.0;0.0;0.0;0.0;0.0;0.008065
6036;0.445465;0.267635;0.128631;0.073207;0.080913;0.0;0.0;0.0;0.0;0.0;0.0;0.0;0.0;0.0;0.0;0.004149
6037;0.406931;0.307921;0.174257;0.062376;0.044554;0.0;0.0;0.0;0.0;0.0;0.0;0.0;0.0;0.0;0.0;0.00396
6038;0.466055;0.218349;0.166972;0.089908;0.053211;0.0;0.0;0.0;0.0;0.0;0.0;0.0;0.0;0.0;0.0;0.005505
6039;0.61994;0.173913;0.070465;0.054723;0.078711;0.0;0.0;0.0;0.0;0.0;0.0;0.0;0.0;0.0;0.0;0.002249
6040;0.515789;0.138346;0.257143;0.033083;0.046617;0.0;0.0;0.0;0.0;0.0;0.0;0.0;0.0;0.0;0.0;0.009023
6041;0.407524;0.250784;0.163009;0.047022;0.128527;0.0;0.0;0.0;0.0;0.0;0.0;0.0;0.0;0.0;0.0;0.003135
6042;0.501603;0.229167;0.091346;0.032051;0.139423;0.0;0.0;0.0;0.0;0.0;0.0;0.0;0.0;0.0;0.0;0.00641
6043;0.432712;0.231884;0.171843;0.074534;0.068323;0.0;0.0;0.0;0.0;0.0;0.0;0.0;0.0;0.0;0.0;0.020704
6044;0.365362;0.266285;0.169942;0.092114;0.095931;0.0;0.0;0.0;0.0;0.0;0.0;0.0;0.0;0.0;0.0;0.010367
6045;0.505882;0.267647;0.155882;0.041176;0.020588;0.0;0.0;0.0;0.0;0.0;0.0;0.0;0.0;0.0;0.0;0.008824
6046;0.475341;0.265477;0.159496;0.067156;0.03043;0.0;0.0;0.0;0.0;0.0;0.0;0.0;0.0;0.0;0.0;0.002099
6047;0.468543;0.279801;0.11755;0.049669;0.076159;0.0;0.0;0.0;0.0;0.0;0.0;0.0;0.0;0.0;0.0;0.008278
6048;0.466258;0.296012;0.131902;0.041411;0.06135;0.0;0.0;0.0;0.0;0.0;0.0;0.0;0.0;0.0;0.0;0.003067
6049;0.404362;0.265101;0.15604;0.062081;0.105705;0.0;0.0;0.0;0.0;0.0;0.0;0.0;0.0;0.0;0.0;0.006711
6050;0.360497;0.350138;0.150898;0.064227;0.066298;0.0;0.0;0.0;0.0;0.0;0.0;0.0;0.0;0.0;0.0;0.007942
6051;0.456714;0.279152;0.185512;0.037986;0.036219;0.0;0.0;0.0;0.0;0.0;0.0;0.0;0.0;0.0;0.0;0.004417
6052;0.346713;0.30237;0.187691;0.080657;0.07607;0.0;0.0;0.0;0.0;0.0;0.0;0.0;0.0;0.0;0.0;0.006498
6053;0.591449;0.168646;0.090261;0.049881;0.08076;0.0;0.0;0.0;0.0;0.0;0.0;0.0;0.0;0.0;0.0;0.019002
6054;0.371515;0.294231;0.166713;0.069004;0.089705;0.0;0.0;0.0;0.0;0.0;0.0;0.0;0.0;0.0;0.0;0.008832
6055;0.419355;0.306452;0.14977;0.052227;0.068356;0.0;0.0;0.0;0.0;0.0;0.0;0.0;0.0;0.0;0.0;0.00384
6056;0.526627;0.254438;0.14497;0.008876;0.056213;0.0;0.0;0.0;0.0;0.0;0.0;0.0;0.0;0.0;0.0;0.008876
6057;0.3925;0.36;0.1675;0.0375;0.0325;0.0;0.0;0.0;0.0;0.0;0.0;0.0;0.0;0.0;0.0;0.01
6058;0.408194;0.224583;0.144917;0.127466;0.086495;0.0;0.0;0.0;0.0;0.0;0.0;0.0;0.0;0.0;0.0;0.008346
6059;0.433553;0.31197;0.109331;0.070688;0.065975;0.0;0.0;0.0;0.0;0.0;0.0;0.0;0.0;0.0;0.0;0.008483
6060;0.434895;0.234274;0.13461;0.066787;0.120114;0.0;0.0;0.0;0.0;0.0;0.0;0.0;0.0;0.0;0.0;0.009319
6061;0.609337;0.240786;0.076167;0.022113;0.047912;0.0;0.0;0.0;0.0;0.0;0.0;0.0;0.0;0.0;0.0;0.003686
6062;0.442455;0.28133;0.204604;0.023018;0.046036;0.0;0.0;0.0;0.0;0.0;0.0;0.0;0.0;0.0;0.0;0.002558
6063;0.563333;0.22;0.109524;0.052381;0.051429;0.0;0.0;0.0;0.0;0.0;0.0;0.0;0.0;0.0;0.0;0.003333
6064;0.540134;0.133779;0.085284;0.041806;0.188963;0.0;0.0;0.0;0.0;0.0;0.0;0.0;0.0;0.0;0.0;0.010033
6065;0.433628;0.446903;0.084071;0.00885;0.022124;0.0;0.0;0.0;0.0;0.0;0.0;0.0;0.0;0.0;0.0;0.004425
6066;0.585408;0.230901;0.095279;0.042918;0.043777;0.0;0.0;0.0;0.0;0.0;0.0;0.0;0.0;0.0;0.0;0.001717
6067;0.40228;0.271987;0.198697;0.072476;0.046417;0.0;0.0;0.0;0.0;0.0;0.0;0.0;0.0;0.0;0.0;0.008143
6068;0.577855;0.176471;0.155709;0.055363;0.031142;0.0;0.0;0.0;0.0;0.0;0.0;0.0;0.0;0.0;0.0;0.00346
6069;0.519117;0.203554;0.142165;0.067851;0.061928;0.0;0.0;0.0;0.0;0.0;0.0;0.0;0.0;0.0;0.0;0.005385
6070;0.430451;0.21687;0.144902;0.085316;0.115496;0.0;0.0;0.0;0.0;0.0;0.0;0.0;0.0;0.0;0.0;0.006965
6071;0.556757;0.232432;0.097297;0.081081;0.016216;0.0;0.0;0.0;0.0;0.0;0.0;0.0;0.0;0.0;0.0;0.016216
6072;0.418413;0.254603;0.191746;0.069206;0.063492;0.0;0.0;0.0;0.0;0.0;0.0;0.0;0.0;0.0;0.0;0.00254
6073;0.393103;0.181609;0.078161;0.062069;0.275862;0.0;0.0;0.0;0.0;0.0;0.0;0.0;0.0;0.0;0.0;0.009195
6074;0.363412;0.279027;0.12935;0.084078;0.130274;0.0;0.0;0.0;0.0;0.0;0.0;0.0;0.0;0.0;0.0;0.013859
6075;0.614731;0.1983;0.050992;0.033994;0.096317;0.0;0.0;0.0;0.0;0.0;0.0;0.0;0.0;0.0;0.0;0.005666
6076;0.445633;0.219251;0.131907;0.058824;0.139037;0.0;0.0;0.0;0.0;0.0;0.0;0.0;0.0;0.0;0.0;0.005348
6077;0.60793;0.162996;0.039648;0.035242;0.154185;0.0;0.0;0.0;0.0;0.0;0.0;0.0;0.0;0.0;0.0;0.0
6078;0.374302;0.385475;0.092179;0.097765;0.039106;0.0;0.0;0.0;0.0;0.0;0.0;0.0;0.0;0.0;0.0;0.011173
6079;0.488688;0.223982;0.205882;0.049774;0.029412;0.0;0.0;0.0;0.0;0.0;0.0;0.0;0.0;0.0;0.0;0.002262
6080;0.445811;0.248271;0.138355;0.064566;0.095311;0.0;0.0;0.0;0.0;0.0;0.0;0.0;0.0;0.0;0.0;0.007686
6081;0.543742;0.176312;0.078062;0.059219;0.131898;0.0;0.0;0.0;0.0;0.0;0.0;0.0;0.0;0.0;0.0;0.010767
6082;0.445614;0.25614;0.140351;0.070175;0.084211;0.0;0.0;0.0;0.0;0.0;0.0;0.0;0.0;0.0;0.0;0.003509
6083;0.358829;0.223249;0.178625;0.108057;0.113055;0.0;0.0;0.0;0.0;0.0;0.0;0.0;0.0;0.0;0.0;0.018185
6084;0.401055;0.313984;0.199208;0.036939;0.038259;0.0;0.0;0.0;0.0;0.0;0.0;0.0;0.0;0.0;0.0;0.010554
6085;0.467175;0.166455;0.125371;0.093181;0.140195;0.0;0.0;0.0;0.0;0.0;0.0;0.0;0.0;0.0;0.0;0.007624
6086;0.456989;0.270161;0.11828;0.063172;0.083333;0.0;0.0;0.0;0.0;0.0;0.0;0.0;0.0;0.0;0.0;0.008065
6087;0.471567;0.236477;0.186546;0.04785;0.054092;0.0;0.0;0.0;0.0;0.0;0.0;0.0;0.0;0.0;0.0;0.003467
6088;0.365766;0.220372;0.185103;0.091997;0.12369;0.0;0.0;0.0;0.0;0.0;0.0;0.0;0.0;0.0;0.0;0.013072
6089;0.488069;0.225597;0.151844;0.058568;0.073753;0.0;0.0;0.0;0.0;0.0;0.0;0.0;0.0;0.0;0.0;0.002169
6090;0.467273;0.22;0.130909;0.081818;0.092727;0.0;0.0;0.0;0.0;0.0;0.0;0.0;0.0;0.0;0.0;0.007273
6091;0.420758;0.291018;0.187226;0.041118;0.056687;0.0;0.0;0.0;0.0;0.0;0.0;0.0;0.0;0.0;0.0;0.003194
6092;0.497642;0.20283;0.200472;0.068396;0.03066;0.0;0.0;0.0;0.0;0.0;0.0;0.0;0.0;0.0;0.0;0.0
6093;0.395143;0.244503;0.224483;0.073187;0.054152;0.0;0.0;0.0;0.0;0.0;0.0;0.0;0.0;0.0;0.0;0.008533
6094;0.600234;0.186401;0.126612;0.062134;0.01993;0.0;0.0;0.0;0.0;0.0;0.0;0.0;0.0;0.0;0.0;0.004689
6095;0.465326;0.203135;0.141704;0.056048;0.122546;0.0;0.0;0.0;0.0;0.0;0.0;0.0;0.0;0.0;0.0;0.011241
6096;0.313725;0.379085;0.169935;0.039216;0.084967;0.0;0.0;0.0;0.0;0.0;0.0;0.0;0.0;0.0;0.0;0.013072
6097;0.468593;0.264447;0.11809;0.059045;0.085427;0.0;0.0;0.0;0.0;0.0;0.0;0.0;0.0;0.0;0.0;0.004397
6098;0.5;0.201613;0.22043;0.02957;0.048387;0.0;0.0;0.0;0.0;0.0;0.0;0.0;0.0;0.0;0.0;0.0
6099;0.514683;0.157651;0.149923;0.1051;0.071097;0.0;0.0;0.0;0.0;0.0;0.0;0.0;0.0;0.0;0.0;0.001546
6100;0.445338;0.334405;0.152733;0.0209;0.045016;0.0;0.0;0.0;0.0;0.0;0.0;0.0;0.0;0.0;0.0;0.001608
6101;0.373913;0.46087;0.086957;0.034783;0.043478;0.0;0.0;0.0;0.0;0.0;0.0;0.0;0.0;0.0;0.0;0.0
6102;0.492611;0.272167;0.123153;0.046798;0.062808;0.0;0.0;0.0;0.0;0.0;0.0;0.0;0.0;0.0;0.0;0.002463
6103;0.436598;0.207784;0.18393;0.082235;0.075957;0.0;0.0;0.0;0.0;0.0;0.0;0.0;0.0;0.0;0.0;0.013497
6104;0.595186;0.166302;0.098468;0.083151;0.043764;0.0;0.0;0.0;0.0;0.0;0.0;0.0;0.0;0.0;0.0;0.013129
6105;0.41989;0.281768;0.18232;0.049724;0.052486;0.0;0.0;0.0;0.0;0.0;0.0;0.0;0.0;0.0;0.0;0.013812
6106;0.350394;0.216535;0.216535;0.086614;0.106299;0.0;0.0;0.0;0.0;0.0;0.0;0.0;0.0;0.0;0.0;0.023622
6107;0.529657;0.168574;0.185224;0.049948;0.059313;0.0;0.0;0.0;0.0;0.0;0.0;0.0;0.0;0.0;0.0;0.007284
6108;0.450444;0.213944;0.158578;0.065619;0.099111;0.0;0.0;0.0;0.0;0.0;0.0;0.0;0.0;0.0;0.0;0.012303
6109;0.553808;0.219163;0.098677;0.046121;0.077583;0.0;0.0;0.0;0.0;0.0;0.0;0.0;0.0;0.0;0.0;0.004648
6110;0.5;0.284314;0.117647;0.068627;0.029412;0.0;0.0;0.0;0.0;0.0;0.0;0.0;0.0;0.0;0.0;0.0
6111;0.538462;0.179487;0.092949;0.112179;0.076923;0.0;0.0;0.0;0.0;0.0;0.0;0.0;0.0;0.0;0.0;0.0
6112;0.474403;0.262799;0.136519;0.061433;0.061433;0.0;0.0;0.0;0.0;0.0;0.0;0.0;0.0;0.0;0.0;0.003413
6113;0.396533;0.204225;0.161972;0.092091;0.138678;0.0;0.0;0.0;0.0;0.0;0.0;0.0;0.0;0.0;0.0;0.006501
6114;0.67619;0.180952;0.07619;0.019048;0.047619;0.0;0.0;0.0;0.0;0.0;0.0;0.0;0.0;0.0;0.0;0.0
6115;0.375949;0.213924;0.216456;0.079747;0.102532;0.0;0.0;0.0;0.0;0.0;0.0;0.0;0.0;0.0;0.0;0.011392
6116;0.489405;0.244198;0.144299;0.042381;0.07669;0.0;0.0;0.0;0.0;0.0;0.0;0.0;0.0;0.0;0.0;0.003027
6117;0.392819;0.307286;0.176346;0.071806;0.045407;0.0;0.0;0.0;0.0;0.0;0.0;0.0;0.0;0.0;0.0;0.006336
6118;0.642857;0.232143;0.035714;0.026786;0.053571;0.0;0.0;0.0;0.0;0.0;0.0;0.0;0.0;0.0;0.0;0.008929
6119;0.441176;0.182353;0.260784;0.068627;0.047059;0.0;0.0;0.0;0.0;0.0;0.0;0.0;0.0;0.0;0.0;0.0
6120;0.486729;0.231523;0.138016;0.063291;0.071866;0.0;0.0;0.0;0.0;0.0;0.0;0.0;0.0;0.0;0.0;0.008575
6121;0.36478;0.257862;0.204403;0.084906;0.082659;0.0;0.0;0.0;0.0;0.0;0.0;0.0;0.0;0.0;0.0;0.005391
6122;0.394782;0.249077;0.149397;0.102634;0.089097;0.0;0.0;0.0;0.0;0.0;0.0;0.0;0.0;0.0;0.0;0.015014
6123;0.452356;0.197906;0.132286;0.079232;0.124258;0.0;0.0;0.0;0.0;0.0;0.0;0.0;0.0;0.0;0.0;0.013962
6124;0.541028;0.243463;0.055005;0.072137;0.084761;0.0;0.0;0.0;0.0;0.0;0.0;0.0;0.0;0.0;0.0;0.003607
6125;0.42963;0.279835;0.184362;0.040329;0.063374;0.0;0.0;0.0;0.0;0.0;0.0;0.0;0.0;0.0;0.0;0.002469
6126;0.474205;0.238869;0.171025;0.053004;0.059364;0.0;0.0;0.0;0.0;0.0;0.0;0.0;0.0;0.0;0.0;0.003534
6127;0.401937;0.316707;0.175303;0.050363;0.050363;0.0;0.0;0.0;0.0;0.0;0.0;0.0;0.0;0.0;0.0;0.005327
6128;0.416724;0.235719;0.168961;0.059532;0.114246;0.0;0.0;0.0;0.0;0.0;0.0;0.0;0.0;0.0;0.0;0.004818
6129;0.496386;0.26747;0.079518;0.079518;0.06988;0.0;0.0;0.0;0.0;0.0;0.0;0.0;0.0;0.0;0.0;0.007229
6130;0.563758;0.208054;0.100671;0.020134;0.107383;0.0;0.0;0.0;0.0;0.0;0.0;0.0;0.0;0.0;0.0;0.0
6131;0.583123;0.100756;0.109572;0.035264;0.15995;0.0;0.0;0.0;0.0;0.0;0.0;0.0;0.0;0.0;0.0;0.011335
6132;0.512287;0.168242;0.090737;0.041588;0.181474;0.0;0.0;0.0;0.0;0.0;0.0;0.0;0.0;0.0;0.0;0.005671
6133;0.47233;0.250195;0.18862;0.051442;0.034295;0.0;0.0;0.0;0.0;0.0;0.0;0.0;0.0;0.0;0.0;0.003118
6134;0.483333;0.29;0.093333;0.053333;0.07;0.0;0.0;0.0;0.0;0.0;0.0;0.0;0.0;0.0;0.0;0.01
6135;0.343566;0.265643;0.268005;0.060213;0.054309;0.0;0.0;0.0;0.0;0.0;0.0;0.0;0.0;0.0;0.0;0.008264
6136;0.521449;0.234509;0.102002;0.056244;0.08103;0.0;0.0;0.0;0.0;0.0;0.0;0.0;0.0;0.0;0.0;0.004766
6137;0.514493;0.218841;0.168116;0.034783;0.05942;0.0;0.0;0.0;0.0;0.0;0.0;0.0;0.0;0.0;0.0;0.004348
6138;0.563553;0.185299;0.098009;0.070444;0.071975;0.0;0.0;0.0;0.0;0.0;0.0;0.0;0.0;0.0;0.0;0.01072
6139;0.526854;0.199488;0.13555;0.028133;0.109974;0.0;0.0;0.0;0.0;0.0;0.0;0.0;0.0;0.0;0.0;0.0
6140;0.273333;0.495556;0.166667;0.048889;0.015556;0.0;0.0;0.0;0.0;0.0;0.0;0.0;0.0;0.0;0.0;0.0
6141;0.445319;0.290464;0.126859;0.061242;0.068241;0.0;0.0;0.0;0.0;0.0;0.0;0.0;0.0;0.0;0.0;0.007874
6142;0.580311;0.202073;0.082902;0.07772;0.056995;0.0;0.0;0.0;0.0;0.0;0.0;0.0;0.0;0.0;0.0;0.0
6143;0.580741;0.155944;0.129527;0.054538;0.074137;0.0;0.0;0.0;0.0;0.0;0.0;0.0;0.0;0.0;0.0;0.005113
6144;0.555851;0.234043;0.039894;0.047872;0.12234;0.0;0.0;0.0;0.0;0.0;0.0;0.0;0.0;0.0;0.0;0.0
6145;0.509063;0.26435;0.138973;0.049849;0.034743;0.0;0.0;0.0;0.0;0.0;0.0;0.0;0.0;0.0;0.0;0.003021
6146;0.593289;0.201342;0.080537;0.028188;0.096644;0.0;0.0;0.0;0.0;0.0;0.0;0.0;0.0;0.0;0.0;0.0
6147;0.55794;0.137339;0.072961;0.051502;0.175966;0.0;0.0;0.0;0.0;0.0;0.0;0.0;0.0;0.0;0.0;0.004292
6148;0.495482;0.186747;0.112952;0.037651;0.15512;0.0;0.0;0.0;0.0;0.0;0.0;0.0;0.0;0.0;0.0;0.012048
6149;0.351103;0.236774;0.193479;0.130023;0.07915;0.0;0.0;0.0;0.0;0.0;0.0;0.0;0.0;0.0;0.0;0.009471
6150;0.440476;0.176871;0.108844;0.119048;0.141156;0.0;0.0;0.0;0.0;0.0;0.0;0.0;0.0;0.0;0.0;0.013605
6151;0.505435;0.237772;0.088315;0.08288;0.078804;0.0;0.0;0.0;0.0;0.0;0.0;0.0;0.0;0.0;0.0;0.006793
6152;0.425581;0.210465;0.154651;0.106977;0.094186;0.0;0.0;0.0;0.0;0.0;0.0;0.0;0.0;0.0;0.0;0.00814
6153;0.381554;0.254321;0.171895;0.08671;0.094408;0.0;0.0;0.0;0.0;0.0;0.0;0.0;0.0;0.0;0.0;0.011111
6154;0.410897;0.263905;0.196368;0.064699;0.059591;0.0;0.0;0.0;0.0;0.0;0.0;0.0;0.0;0.0;0.0;0.00454
6155;0.428827;0.187108;0.188899;0.087735;0.102059;0.0;0.0;0.0;0.0;0.0;0.0;0.0;0.0;0.0;0.0;0.005372
6156;0.445137;0.291771;0.129676;0.064838;0.062344;0.0;0.0;0.0;0.0;0.0;0.0;0.0;0.0;0.0;0.0;0.006234
6157;0.488889;0.255556;0.207407;0.025926;0.022222;0.0;0.0;0.0;0.0;0.0;0.0;0.0;0.0;0.0;0.0;0.0
6158;0.371862;0.240681;0.140582;0.095565;0.136047;0.0;0.0;0.0;0.0;0.0;0.0;0.0;0.0;0.0;0.0;0.015264
6159;0.426859;0.210232;0.153477;0.053557;0.146283;0.0;0.0;0.0;0.0;0.0;0.0;0.0;0.0;0.0;0.0;0.009592
6160;0.415242;0.308256;0.147044;0.041524;0.084514;0.0;0.0;0.0;0.0;0.0;0.0;0.0;0.0;0.0;0.0;0.00342
6161;0.540816;0.255102;0.086735;0.056122;0.056122;0.0;0.0;0.0;0.0;0.0;0.0;0.0;0.0;0.0;0.0;0.005102
6162;0.454049;0.251863;0.145554;0.093393;0.043716;0.0;0.0;0.0;0.0;0.0;0.0;0.0;0.0;0.0;0.0;0.011426
6901;0.412869;0.228552;0.189008;0.066354;0.090483;0.0;0.0;0.0;0.0;0.0;0.0;0.0;0.0;0.0;0.0;0.012735
6902;0.423377;0.214719;0.18961;0.084848;0.081385;0.0;0.0;0.0;0.0;0.0;0.0;0.0;0.0;0.0;0.0;0.006061
6903;0.406295;0.218169;0.180258;0.076538;0.113019;0.0;0.0;0.0;0.0;0.0;0.0;0.0;0.0;0.0;0.0;0.005722
7001;0.299533;0.252864;0.105218;0.055155;0.272804;0.0;0.0;0.0;0.0;0.0;0.0;0.0;0.0;0.0;0.0;0.014425
7002;0.245278;0.312485;0.097621;0.051508;0.276183;0.0;0.0;0.0;0.0;0.0;0.0;0.0;0.0;0.0;0.0;0.016924
7003;0.252175;0.219111;0.183832;0.076096;0.249644;0.0;0.0;0.0;0.0;0.0;0.0;0.0;0.0;0.0;0.0;0.019143
7004;0.269542;0.207547;0.175587;0.051983;0.280709;0.0;0.0;0.0;0.0;0.0;0.0;0.0;0.0;0.0;0.0;0.014632
7005;0.303711;0.1949;0.173441;0.087099;0.225448;0.0;0.0;0.0;0.0;0.0;0.0;0.0;0.0;0.0;0.0;0.0154
7006;0.291588;0.154739;0.103578;0.052103;0.384495;0.0;0.0;0.0;0.0;0.0;0.0;0.0;0.0;0.0;0.0;0.013497
7007;0.306273;0.195572;0.095941;0.055351;0.317343;0.0;0.0;0.0;0.0;0.0;0.0;0.0;0.0;0.0;0.0;0.02952
7008;0.249047;0.215248;0.136722;0.066836;0.317154;0.0;0.0;0.0;0.0;0.0;0.0;0.0;0.0;0.0;0.0;0.014994
7009;0.249485;0.239175;0.158763;0.053608;0.276289;0.0;0.0;0.0;0.0;0.0;0.0;0.0;0.0;0.0;0.0;0.02268
7010;0.220195;0.232968;0.151764;0.066302;0.308394;0.0;0.0;0.0;0.0;0.0;0.0;0.0;0.0;0.0;0.0;0.020377
7011;0.295238;0.223393;0.19619;0.084464;0.183452;0.0;0.0;0.0;0.0;0.0;0.0;0.0;0.0;0.0;0.0;0.017262
7012;0.251181;0.200787;0.107874;0.047244;0.385039;0.0;0.0;0.0;0.0;0.0;0.0;0.0;0.0;0.0;0.0;0.007874
7013;0.164491;0.370322;0.199739;0.058312;0.194082;0.0;0.0;0.0;0.0;0.0;0.0;0.0;0.0;0.0;0.0;0.013055
7014;0.338961;0.171429;0.135065;0.066234;0.267792;0.0;0.0;0.0;0.0;0.0;0.0;0.0;0.0;0.0;0.0;0.020519
7015;0.221698;0.264565;0.092271;0.077127;0.326713;0.0;0.0;0.0;0.0;0.0;0.0;0.0;0.0;0.0;0.0;0.017627
7016;0.287032;0.204558;0.15681;0.075421;0.259902;0.0;0.0;0.0;0.0;0.0;0.0;0.0;0.0;0.0;0.0;0.016278
7017;0.186007;0.235495;0.172355;0.078498;0.305461;0.0;0.0;0.0;0.0;0.0;0.0;0.0;0.0;0.0;0.0;0.022184
7018;0.212766;0.208511;0.07234;0.042553;0.446809;0.0;0.0;0.0;0.0;0.0;0.0;0.0;0.0;0.0;0.0;0.017021
7019;0.088235;0.607843;0.127451;0.039216;0.127451;0.0;0.0;0.0;0.0;0.0;0.0;0.0;0.0;0.0;0.0;0.009804
7020;0.220546;0.191194;0.110069;0.061965;0.401957;0.0;0.0;0.0;0.0;0.0;0.0;0.0;0.0;0.0;0.0;0.014268
7021;0.142857;0.353741;0.176871;0.068027;0.238095;0.0;0.0;0.0;0.0;0.0;0.0;0.0;0.0;0.0;0.0;0.020408
7022;0.241244;0.257521;0.188054;0.05537;0.242116;0.0;0.0;0.0;0.0;0.0;0.0;0.0;0.0;0.0;0.0;0.015695
7023;0.240646;0.249575;0.079507;0.071003;0.340136;0.0;0.0;0.0;0.0;0.0;0.0;0.0;0.0;0.0;0.0;0.019133
7024;0.262993;0.23044;0.118218;0.063107;0.297544;0.0;0.0;0.0;0.0;0.0;0.0;0.0;0.0;0.0;0.0;0.027698
7025;0.216393;0.337705;0.104918;0.068852;0.262295;0.0;0.0;0.0;0.0;0.0;0.0;0.0;0.0;0.0;0.0;0.009836
7026;0.310534;0.231589;0.140818;0.082498;0.213528;0.0;0.0;0.0;0.0;0.0;0.0;0.0;0.0;0.0;0.0;0.021032
7027;0.265751;0.205074;0.228352;0.066884;0.217024;0.0;0.0;0.0;0.0;0.0;0.0;0.0;0.0;0.0;0.0;0.016915
7028;0.204473;0.210863;0.140575;0.046326;0.380192;0.0;0.0;0.0;0.0;0.0;0.0;0.0;0.0;0.0;0.0;0.017572
7029;0.313343;0.206175;0.152945;0.07594;0.239886;0.0;0.0;0.0;0.0;0.0;0.0;0.0;0.0;0.0;0.0;0.01171
7030;0.157749;0.221402;0.154982;0.062731;0.390221;0.0;0.0;0.0;0.0;0.0;0.0;0.0;0.0;0.0;0.0;0.012915
7031;0.246753;0.224949;0.230075;0.082092;0.200205;0.0;0.0;0.0;0.0;0.0;0.0;0.0;0.0;0.0;0.0;0.015926
7032;0.286355;0.239038;0.117234;0.069832;0.272643;0.0;0.0;0.0;0.0;0.0;0.0;0.0;0.0;0.0;0.0;0.014898
7033;0.233018;0.218303;0.170732;0.060472;0.30041;0.0;0.0;0.0;0.0;0.0;0.0;0.0;0.0;0.0;0.0;0.017066
7034;0.224675;0.292208;0.154545;0.041558;0.275325;0.0;0.0;0.0;0.0;0.0;0.0;0.0;0.0;0.0;0.0;0.011688
7035;0.258216;0.255399;0.114554;0.037559;0.325822;0.0;0.0;0.0;0.0;0.0;0.0;0.0;0.0;0.0;0.0;0.008451
7036;0.23201;0.213091;0.215934;0.099628;0.220965;0.0;0.0;0.0;0.0;0.0;0.0;0.0;0.0;0.0;0.0;0.018373
7037;0.267138;0.224701;0.113166;0.062568;0.314472;0.0;0.0;0.0;0.0;0.0;0.0;0.0;0.0;0.0;0.0;0.017954
7038;0.230273;0.290531;0.1033;0.043042;0.325681;0.0;0.0;0.0;0.0;0.0;0.0;0.0;0.0;0.0;0.0;0.007174
7039;0.210421;0.287241;0.221777;0.072478;0.196059;0.0;0.0;0.0;0.0;0.0;0.0;0.0;0.0;0.0;0.0;0.012024
7040;0.258655;0.211323;0.19361;0.082543;0.234526;0.0;0.0;0.0;0.0;0.0;0.0;0.0;0.0;0.0;0.0;0.019343
7041;0.181369;0.278758;0.165843;0.042343;0.326041;0.0;0.0;0.0;0.0;0.0;0.0;0.0;0.0;0.0;0.0;0.005646
7042;0.289939;0.203632;0.0982;0.060913;0.328833;0.0;0.0;0.0;0.0;0.0;0.0;0.0;0.0;0.0;0.0;0.018483
7043;0.194872;0.281119;0.180886;0.051748;0.27972;0.0;0.0;0.0;0.0;0.0;0.0;0.0;0.0;0.0;0.0;0.011655
7044;0.203926;0.29462;0.189567;0.050891;0.248455;0.0;0.0;0.0;0.0;0.0;0.0;0.0;0.0;0.0;0.0;0.012541
7045;0.280435;0.186957;0.093478;0.048913;0.369565;0.0;0.0;0.0;0.0;0.0;0.0;0.0;0.0;0.0;0.0;0.020652
7046;0.305778;0.247;0.156667;0.060333;0.210889;0.0;0.0;0.0;0.0;0.0;0.0;0.0;0.0;0.0;0.0;0.019333
7047;0.231984;0.216198;0.173644;0.054221;0.303363;0.0;0.0;0.0;0.0;0.0;0.0;0.0;0.0;0.0;0.0;0.02059
7048;0.282591;0.210326;0.158489;0.073804;0.251078;0.0;0.0;0.0;0.0;0.0;0.0;0.0;0.0;0.0;0.0;0.023712
7049;0.189485;0.276013;0.150055;0.043812;0.329682;0.0;0.0;0.0;0.0;0.0;0.0;0.0;0.0;0.0;0.0;0.010953
7050;0.156439;0.456237;0.115694;0.06338;0.19668;0.0;0.0;0.0;0.0;0.0;0.0;0.0;0.0;0.0;0.0;0.011569
7051;0.248443;0.251065;0.15372;0.066208;0.262865;0.0;0.0;0.0;0.0;0.0;0.0;0.0;0.0;0.0;0.0;0.017699
7052;0.260148;0.225092;0.096679;0.07048;0.32583;0.0;0.0;0.0;0.0;0.0;0.0;0.0;0.0;0.0;0.0;0.021771
7053;0.271663;0.221311;0.144028;0.046838;0.295082;0.0;0.0;0.0;0.0;0.0;0.0;0.0;0.0;0.0;0.0;0.021077
7054;0.248846;0.308022;0.143447;0.06889;0.21007;0.0;0.0;0.0;0.0;0.0;0.0;0.0;0.0;0.0;0.0;0.020724
7055;0.238994;0.300764;0.199461;0.065813;0.18239;0.0;0.0;0.0;0.0;0.0;0.0;0.0;0.0;0.0;0.0;0.012579
7056;0.212747;0.220826;0.140634;0.066427;0.33842;0.0;0.0;0.0;0.0;0.0;0.0;0.0;0.0;0.0;0.0;0.020946
7057;0.234889;0.353252;0.156975;0.047116;0.196277;0.0;0.0;0.0;0.0;0.0;0.0;0.0;0.0;0.0;0.0;0.011492
7058;0.238844;0.275355;0.14858;0.046653;0.275862;0.0;0.0;0.0;0.0;0.0;0.0;0.0;0.0;0.0;0.0;0.014706
7059;0.260487;0.336613;0.148628;0.06784;0.17245;0.0;0.0;0.0;0.0;0.0;0.0;0.0;0.0;0.0;0.0;0.013982
7060;0.202279;0.287179;0.123077;0.042735;0.332764;0.0;0.0;0.0;0.0;0.0;0.0;0.0;0.0;0.0;0.0;0.011966
7061;0.233143;0.272565;0.123974;0.071174;0.285052;0.0;0.0;0.0;0.0;0.0;0.0;0.0;0.0;0.0;0.0;0.014092
7062;0.298132;0.225739;0.155163;0.06876;0.23534;0.0;0.0;0.0;0.0;0.0;0.0;0.0;0.0;0.0;0.0;0.016866
7063;0.219682;0.300199;0.126243;0.058648;0.276342;0.0;0.0;0.0;0.0;0.0;0.0;0.0;0.0;0.0;0.0;0.018887
7064;0.286566;0.193974;0.116133;0.070308;0.313559;0.0;0.0;0.0;0.0;0.0;0.0;0.0;0.0;0.0;0.0;0.01946
7065;0.15616;0.239971;0.174069;0.047994;0.368195;0.0;0.0;0.0;0.0;0.0;0.0;0.0;0.0;0.0;0.0;0.01361
7901;0.204545;0.383838;0.189394;0.037879;0.179293;0.0;0.0;0.0;0.0;0.0;0.0;0.0;0.0;0.0;0.0;0.005051
7902;0.261076;0.325949;0.056962;0.049051;0.297468;0.0;0.0;0.0;0.0;0.0;0.0;0.0;0.0;0.0;0.0;0.009494
8001;0.277327;0.072282;0.090721;0.07597;0.215076;0.163888;0.04809;0.031716;0.0;0.0;0.0;0.0;0.0;0.0;0.0;0.02493
8002;0.047059;0.023529;0.023529;0.011765;0.064706;0.188235;0.411765;0.229412;0.0;0.0;0.0;0.0;0.0;0.0;0.0;0.0
8003;0.125186;0.088301;0.05272;0.056259;0.106557;0.287817;0.198025;0.072466;0.0;0.0;0.0;0.0;0.0;0.0;0.0;0.012668
8004;0.034091;0.0;0.0;0.0;0.051136;0.255682;0.409091;0.25;0.0;0.0;0.0;0.0;0.0;0.0;0.0;0.0
8005;0.100459;0.066625;0.054094;0.044069;0.118003;0.297619;0.230785;0.072264;0.0;0.0;0.0;0.0;0.0;0.0;0.0;0.016082
8006;0.13811;0.062107;0.043499;0.038183;0.113944;0.283108;0.210126;0.095336;0.0;0.0;0.0;0.0;0.0;0.0;0.0;0.015587
8007;0.097585;0.039588;0.031869;0.028306;0.099565;0.35095;0.22981;0.110055;0.0;0.0;0.0;0.0;0.0;0.0;0.0;0.012272
8008;0.044776;0.022388;0.059701;0.0;0.059701;0.313433;0.283582;0.201493;0.0;0.0;0.0;0.0;0.0;0.0;0.0;0.014925
8009;0.132931;0.069203;0.06064;0.053481;0.125912;0.262493;0.181359;0.099523;0.0;0.0;0.0;0.0;0.0;0.0;0.0;0.014458
8010;0.120274;0.027379;0.042047;0.041395;0.088331;0.312581;0.218709;0.135593;0.0;0.0;0.0;0.0;0.0;0.0;0.0;0.01369
8011;0.057334;0.017126;0.008935;0.008191;0.060313;0.371556;0.294118;0.180194;0.0;0.0;0.0;0.0;0.0;0.0;0.0;0.002234
8012;0.073529;0.022446;0.023994;0.020124;0.051858;0.357585;0.293344;0.147059;0.0;0.0;0.0;0.0;0.0;0.0;0.0;0.010062
8013;0.102484;0.036232;0.047619;0.036232;0.114907;0.284679;0.29089;0.069358;0.0;0.0;0.0;0.0;0.0;0.0;0.0;0.017598
8014;0.097561;0.042848;0.037574;0.02439;0.105471;0.356625;0.232037;0.083718;0.0;0.0;0.0;0.0;0.0;0.0;0.0;0.019776
8015;0.258171;0.094359;0.084637;0.064326;0.195733;0.172762;0.068932;0.041244;0.0;0.0;0.0;0.0;0.0;0.0;0.0;0.019836
8016;0.156805;0.038462;0.028107;0.034763;0.078402;0.331361;0.214497;0.10503;0.0;0.0;0.0;0.0;0.0;0.0;0.0;0.012574
8017;0.1485;0.033;0.039;0.0315;0.094;0.3135;0.2285;0.099;0.0;0.0;0.0;0.0;0.0;0.0;0.0;0.013
8018;0.187229;0.031385;0.055195;0.043831;0.11526;0.270022;0.206169;0.077381;0.0;0.0;0.0;0.0;0.0;0.0;0.0;0.013528
8019;0.200782;0.095593;0.053295;0.056984;0.173169;0.211032;0.12459;0.069975;0.0;0.0;0.0;0.0;0.0;0.0;0.0;0.01458
8020;0.142717;0.050847;0.055023;0.050847;0.167526;0.265291;0.169983;0.082781;0.0;0.0;0.0;0.0;0.0;0.0;0.0;0.014984
8021;0.093023;0.046512;0.069767;0.0;0.093023;0.348837;0.302326;0.046512;0.0;0.0;0.0;0.0;0.0;0.0;0.0;0.0
8022;0.116252;0.035228;0.024777;0.023016;0.074683;0.290982;0.275481;0.151362;0.0;0.0;0.0;0.0;0.0;0.0;0.0;0.00822
8023;0.135658;0.059665;0.070349;0.055634;0.16408;0.300746;0.124773;0.072768;0.0;0.0;0.0;0.0;0.0;0.0;0.0;0.016327
8024;0.114286;0.028571;0.010714;0.017857;0.042857;0.328571;0.296429;0.153571;0.0;0.0;0.0;0.0;0.0;0.0;0.0;0.007143
8025;0.115552;0.052129;0.069505;0.030408;0.173762;0.275413;0.155517;0.105995;0.0;0.0;0.0;0.0;0.0;0.0;0.0;0.02172
8026;0.027397;0.027397;0.020548;0.0;0.041096;0.267123;0.452055;0.157534;0.0;0.0;0.0;0.0;0.0;0.0;0.0;0.006849
8027;0.125645;0.032702;0.060241;0.049914;0.104991;0.258176;0.240964;0.10327;0.0;0.0;0.0;0.0;0.0;0.0;0.0;0.024096
8028;0.171196;0.074728;0.122283;0.061141;0.220109;0.210598;0.066576;0.055707;0.0;0.0;0.0;0.0;0.0;0.0;0.0;0.017663
8029;0.111893;0.068614;0.04152;0.047854;0.113652;0.289937;0.235398;0.07741;0.0;0.0;0.0;0.0;0.0;0.0;0.0;0.013723
8030;0.104541;0.068862;0.038174;0.042914;0.103543;0.310629;0.244012;0.073852;0.0;0.0;0.0;0.0;0.0;0.0;0.0;0.013473
8031;0.14928;0.046686;0.040922;0.020749;0.102594;0.308357;0.241499;0.083573;0.0;0.0;0.0;0.0;0.0;0.0;0.0;0.00634
8032;0.147281;0.055058;0.039229;0.045423;0.14797;0.298692;0.176875;0.075017;0.0;0.0;0.0;0.0;0.0;0.0;0.0;0.014453
8033;0.16839;0.058143;0.05067;0.047395;0.136247;0.288156;0.149043;0.088136;0.0;0.0;0.0;0.0;0.0;0.0;0.0;0.013819
8034;0.04375;0.0375;0.035938;0.021875;0.045312;0.307812;0.3125;0.18125;0.0;0.0;0.0;0.0;0.0;0.0;0.0;0.014062
8035;0.161367;0.063712;0.059202;0.051083;0.130469;0.257894;0.182679;0.074763;0.0;0.0;0.0;0.0;0.0;0.0;0.0;0.018832
8036;0.04918;0.032787;0.008197;0.016393;0.040984;0.377049;0.385246;0.065574;0.0;0.0;0.0;0.0;0.0;0.0;0.0;0.02459
8037;0.053525;0.018277;0.025457;0.01893;0.048303;0.319843;0.373368;0.135117;0.0;0.0;0.0;0.0;0.0;0.0;0.0;0.00718
8038;0.097846;0.031418;0.039497;0.035009;0.090664;0.370736;0.196589;0.117594;0.0;0.0;0.0;0.0;0.0;0.0;0.0;0.020646
8039;0.06875;0.028125;0.0125;0.009375;0.18125;0.290625;0.221875;0.16875;0.0;0.0;0.0;0.0;0.0;0.0;0.0;0.01875
8040;0.149452;0.058786;0.057383;0.039276;0.13721;0.291635;0.170747;0.078934;0.0;0.0;0.0;0.0;0.0;0.0;0.0;0.016577
8041;0.316206;0.081933;0.114706;0.074434;0.173032;0.131787;0.064435;0.02583;0.0;0.0;0.0;0.0;0.0;0.0;0.0;0.017636
8042;0.166667;0.077055;0.077626;0.065639;0.16153;0.266553;0.109589;0.056507;0.0;0.0;0.0;0.0;0.0;0.0;0.0;0.018836
8043;0.215621;0.072289;0.096801;0.064396;0.186539;0.197341;0.109265;0.044038;0.0;0.0;0.0;0.0;0.0;0.0;0.0;0.01371
8044;0.20777;0.052365;0.041554;0.050676;0.106419;0.261486;0.131081;0.137162;0.0;0.0;0.0;0.0;0.0;0.0;0.0;0.011486
8045;0.0;0.0;0.0;0.0;0.093023;0.325581;0.348837;0.232558;0.0;0.0;0.0;0.0;0.0;0.0;0.0;0.0
8046;0.152379;0.050761;0.039491;0.046812;0.146696;0.275092;0.169235;0.106723;0.0;0.0;0.0;0.0;0.0;0.0;0.0;0.012811
8047;0.195925;0.070925;0.039577;0.034091;0.092085;0.315831;0.168495;0.071317;0.0;0.0;0.0;0.0;0.0;0.0;0.0;0.011755
8048;0.072941;0.04;0.018824;0.035294;0.049412;0.435294;0.218824;0.12;0.0;0.0;0.0;0.0;0.0;0.0;0.0;0.009412
8049;0.038889;0.044444;0.016667;0.014444;0.061111;0.304444;0.364444;0.151111;0.0;0.0;0.0;0.0;0.0;0.0;0.0;0.004444
8050;0.036036;0.009009;0.009009;0.018018;0.009009;0.324324;0.477477;0.108108;0.0;0.0;0.0;0.0;0.0;0.0;0.0;0.009009
8051;0.186426;0.052262;0.060495;0.053336;0.165235;0.263173;0.136097;0.066509;0.0;0.0;0.0;0.0;0.0;0.0;0.0;0.016466
8052;0.059406;0.079208;0.019802;0.0;0.019802;0.227723;0.455446;0.128713;0.0;0.0;0.0;0.0;0.0;0.0;0.0;0.009901
8053;0.185804;0.047495;0.08977;0.046451;0.136221;0.282359;0.140919;0.058977;0.0;0.0;0.0;0.0;0.0;0.0;0.0;0.012004
8054;0.198697;0.06155;0.086314;0.067487;0.187111;0.224475;0.090804;0.06517;0.0;0.0;0.0;0.0;0.0;0.0;0.0;0.018392
8055;0.090261;0.026128;0.038005;0.023753;0.090261;0.377672;0.206651;0.135392;0.0;0.0;0.0;0.0;0.0;0.0;0.0;0.011876
8056;0.23172;0.122861;0.085776;0.082268;0.183651;0.173913;0.069972;0.029445;0.0;0.0;0.0;0.0;0.0;0.0;0.0;0.020395
8057;0.0;0.021739;0.0;0.021739;0.108696;0.456522;0.23913;0.152174;0.0;0.0;0.0;0.0;0.0;0.0;0.0;0.0
8058;0.230096;0.045382;0.06051;0.054936;0.159236;0.256369;0.121019;0.059713;0.0;0.0;0.0;0.0;0.0;0.0;0.0;0.012739
8059;0.076305;0.032129;0.024096;0.016064;0.044177;0.393574;0.261044;0.148594;0.0;0.0;0.0;0.0;0.0;0.0;0.0;0.004016
8060;0.074766;0.102804;0.0;0.009346;0.037383;0.196262;0.383178;0.196262;0.0;0.0;0.0;0.0;0.0;0.0;0.0;0.0
8061;0.178697;0.072183;0.081866;0.044014;0.180458;0.248239;0.133803;0.046655;0.0;0.0;0.0;0.0;0.0;0.0;0.0;0.014085
8062;0.123859;0.033898;0.061278;0.043025;0.099087;0.336375;0.211213;0.078227;0.0;0.0;0.0;0.0;0.0;0.0;0.0;0.013038
8063;0.069948;0.015544;0.007772;0.015544;0.085492;0.396373;0.292746;0.098446;0.0;0.0;0.0;0.0;0.0;0.0;0.0;0.018135
8064;0.099576;0.03178;0.029661;0.019068;0.100989;0.329802;0.267655;0.105932;0.0;0.0;0.0;0.0;0.0;0.0;0.0;0.015537
8065;0.091713;0.036464;0.029834;0.022099;0.095028;0.327072;0.281768;0.096133;0.0;0.0;0.0;0.0;0.0;0.0;0.0;0.01989
8066;0.160438;0.082042;0.06381;0.051048;0.178669;0.272562;0.11577;0.056518;0.0;0.0;0.0;0.0;0.0;0.0;0.0;0.019143
8067;0.122939;0.035798;0.025436;0.028497;0.09821;0.31512;0.252708;0.10975;0.0;0.0;0.0;0.0;0.0;0.0;0.0;0.01154
8068;0.183763;0.068786;0.076785;0.061588;0.165567;0.268546;0.097381;0.056789;0.0;0.0;0.0;0.0;0.0;0.0;0.0;0.020796
8069;0.11711;0.05796;0.058356;0.056769;0.154823;0.321556;0.143311;0.072251;0.0;0.0;0.0;0.0;0.0;0.0;0.0;0.017864
8070;0.057143;0.014286;0.02381;0.004762;0.07619;0.347619;0.309524;0.166667;0.0;0.0;0.0;0.0;0.0;0.0;0.0;0.0
8071;0.105769;0.014423;0.014423;0.019231;0.105769;0.375;0.201923;0.163462;0.0;0.0;0.0;0.0;0.0;0.0;0.0;0.0
8072;0.156018;0.069327;0.068929;0.057264;0.158006;0.288309;0.122084;0.062699;0.0;0.0;0.0;0.0;0.0;0.0;0.0;0.017365
8073;0.339627;0.084608;0.070935;0.074924;0.221735;0.130213;0.032642;0.028542;0.0;0.0;0.0;0.0;0.0;0.0;0.0;0.016775
8074;0.227237;0.077763;0.090263;0.074605;0.185395;0.207105;0.075;0.044868;0.0;0.0;0.0;0.0;0.0;0.0;0.0;0.017763
8075;0.168662;0.058159;0.081423;0.054396;0.145741;0.279849;0.127609;0.063291;0.0;0.0;0.0;0.0;0.0;0.0;0.0;0.020869
8076;0.223757;0.063374;0.071592;0.05685;0.176142;0.240108;0.089808;0.05524;0.0;0.0;0.0;0.0;0.0;0.0;0.0;0.02313
8077;0.294536;0.111393;0.068117;0.077569;0.178378;0.15631;0.06511;0.03191;0.0;0.0;0.0;0.0;0.0;0.0;0.0;0.016678
8078;0.019737;0.019737;0.013158;0.006579;0.065789;0.407895;0.328947;0.138158;0.0;0.0;0.0;0.0;0.0;0.0;0.0;0.0
8079;0.078125;0.011719;0.015625;0.019531;0.050781;0.441406;0.28125;0.097656;0.0;0.0;0.0;0.0;0.0;0.0;0.0;0.003906
8080;0.166667;0.125;0.0;0.0;0.0;0.458333;0.166667;0.083333;0.0;0.0;0.0;0.0;0.0;0.0;0.0;0.0
8081;0.033333;0.018519;0.022222;0.014815;0.066667;0.266667;0.403704;0.159259;0.0;0.0;0.0;0.0;0.0;0.0;0.0;0.014815
8082;0.176774;0.074839;0.104516;0.085161;0.194839;0.167742;0.127742;0.043871;0.0;0.0;0.0;0.0;0.0;0.0;0.0;0.024516
8083;0.052669;0.009831;0.011236;0.014045;0.044242;0.313904;0.410112;0.141152;0.0;0.0;0.0;0.0;0.0;0.0;0.0;0.002809
8084;0.105085;0.039548;0.033898;0.021469;0.110734;0.318644;0.240678;0.110734;0.0;0.0;0.0;0.0;0.0;0.0;0.0;0.019209
8085;0.082786;0.036794;0.023653;0.018397;0.069645;0.337714;0.312746;0.109067;0.0;0.0;0.0;0.0;0.0;0.0;0.0;0.009198
8086;0.214337;0.057448;0.084291;0.069954;0.164921;0.226741;0.110422;0.052669;0.0;0.0;0.0;0.0;0.0;0.0;0.0;0.019217
8087;0.066667;0.066667;0.008333;0.016667;0.066667;0.35;0.283333;0.133333;0.0;0.0;0.0;0.0;0.0;0.0;0.0;0.008333
8088;0.132246;0.048831;0.035237;0.041979;0.117564;0.293747;0.205982;0.113757;0.0;0.0;0.0;0.0;0.0;0.0;0.0;0.010658
8089;0.283313;0.085956;0.084345;0.081165;0.181371;0.173854;0.062577;0.026807;0.0;0.0;0.0;0.0;0.0;0.0;0.0;0.020611
8090;0.043103;0.034483;0.0;0.008621;0.077586;0.336207;0.448276;0.043103;0.0;0.0;0.0;0.0;0.0;0.0;0.0;0.008621
8091;0.191558;0.045455;0.052697;0.044456;0.176324;0.26998;0.12962;0.071429;0.0;0.0;0.0;0.0;0.0;0.0;0.0;0.018482
8092;0.122076;0.034722;0.023757;0.022661;0.074561;0.306652;0.279971;0.131213;0.0;0.0;0.0;0.0;0.0;0.0;0.0;0.004386
8093;0.0;0.0;0.0;0.0;0.045455;0.590909;0.181818;0.181818;0.0;0.0;0.0;0.0;0.0;0.0;0.0;0.0
8094;0.13253;0.036145;0.032129;0.032129;0.107631;0.358233;0.207229;0.079518;0.0;0.0;0.0;0.0;0.0;0.0;0.0;0.014458
8095;0.061224;0.0;0.020408;0.020408;0.040816;0.367347;0.326531;0.142857;0.0;0.0;0.0;0.0;0.0;0.0;0.0;0.020408
8096;0.230287;0.069905;0.059478;0.062943;0.146489;0.220206;0.136093;0.057777;0.0;0.0;0.0;0.0;0.0;0.0;0.0;0.016823
8097;0.100478;0.01555;0.041866;0.037081;0.114833;0.312201;0.242823;0.119617;0.0;0.0;0.0;0.0;0.0;0.0;0.0;0.01555
8098;0.128059;0.059192;0.077974;0.048378;0.142857;0.25498;0.183836;0.08082;0.0;0.0;0.0;0.0;0.0;0.0;0.0;0.023904
8099;0.169524;0.015238;0.026667;0.017143;0.074286;0.293333;0.232381;0.165714;0.0;0.0;0.0;0.0;0.0;0.0;0.0;0.005714
8100;0.054567;0.03796;0.014828;0.010676;0.044484;0.330368;0.400356;0.10261;0.0;0.0;0.0;0.0;0.0;0.0;0.0;0.004152
8101;0.340087;0.095926;0.072986;0.073387;0.189323;0.139043;0.040412;0.029886;0.0;0.0;0.0;0.0;0.0;0.0;0.0;0.01895
8102;0.161049;0.058637;0.043295;0.042719;0.105336;0.276502;0.212207;0.087309;0.0;0.0;0.0;0.0;0.0;0.0;0.0;0.012945
8103;0.078224;0.046512;0.059197;0.031712;0.099366;0.353066;0.186047;0.139535;0.0;0.0;0.0;0.0;0.0;0.0;0.0;0.006342
8104;0.067485;0.04499;0.00818;0.010225;0.07771;0.325153;0.288344;0.165644;0.0;0.0;0.0;0.0;0.0;0.0;0.0;0.01227
8105;0.360697;0.083992;0.085016;0.077553;0.211735;0.11633;0.02868;0.015218;0.0;0.0;0.0;0.0;0.0;0.0;0.0;0.020778
8106;0.167691;0.063164;0.051798;0.057574;0.141233;0.297187;0.1267;0.076952;0.0;0.0;0.0;0.0;0.0;0.0;0.0;0.017701
8107;0.213856;0.074231;0.082243;0.072817;0.203016;0.217038;0.071992;0.044303;0.0;0.0;0.0;0.0;0.0;0.0;0.0;0.020502
8108;0.194205;0.087445;0.072566;0.08118;0.169668;0.233359;0.110676;0.035761;0.0;0.0;0.0;0.0;0.0;0.0;0.0;0.01514
8109;0.022989;0.022989;0.0;0.005747;0.051724;0.287356;0.270115;0.333333;0.0;0.0;0.0;0.0;0.0;0.0;0.0;0.005747
8110;0.230245;0.060318;0.070371;0.052967;0.149389;0.237272;0.12377;0.05848;0.0;0.0;0.0;0.0;0.0;0.0;0.0;0.017187
8111;0.036458;0.036458;0.020833;0.010417;0.046875;0.239583;0.479167;0.130208;0.0;0.0;0.0;0.0;0.0;0.0;0.0;0.0
8112;0.155742;0.036972;0.049733;0.037845;0.088886;0.263169;0.256735;0.097721;0.0;0.0;0.0;0.0;0.0;0.0;0.0;0.013197
8113;0.160045;0.054354;0.0498;0.038825;0.107419;0.273391;0.212588;0.090545;0.0;0.0;0.0;0.0;0.0;0.0;0.0;0.013033
8114;0.263528;0.069905;0.072075;0.065115;0.180376;0.204027;0.085248;0.043185;0.0;0.0;0.0;0.0;0.0;0.0;0.0;0.016541
8115;0.223074;0.052209;0.072289;0.059146;0.186199;0.240234;0.107704;0.041256;0.0;0.0;0.0;0.0;0.0;0.0;0.0;0.01789
8116;0.064732;0.029018;0.026786;0.017857;0.069196;0.319196;0.375;0.09375;0.0;0.0;0.0;0.0;0.0;0.0;0.0;0.004464
8117;0.115104;0.034896;0.040104;0.026562;0.073958;0.279167;0.297917;0.121875;0.0;0.0;0.0;0.0;0.0;0.0;0.0;0.010417
8118;0.144723;0.065155;0.049842;0.043687;0.154556;0.284116;0.163564;0.077991;0.0;0.0;0.0;0.0;0.0;0.0;0.0;0.016364
8119;0.192392;0.057558;0.099582;0.068911;0.203545;0.231826;0.08106;0.044812;0.0;0.0;0.0;0.0;0.0;0.0;0.0;0.020315
8120;0.058348;0.084022;0.047397;0.031239;0.054399;0.250987;0.387074;0.076122;0.0;0.0;0.0;0.0;0.0;0.0;0.0;0.010413
8121;0.232456;0.077271;0.080763;0.066136;0.150471;0.205471;0.114683;0.054614;0.0;0.0;0.0;0.0;0.0;0.0;0.0;0.018135
8122;0.140905;0.039283;0.04953;0.031597;0.156277;0.316823;0.134927;0.115286;0.0;0.0;0.0;0.0;0.0;0.0;0.0;0.015371
8123;0.202102;0.049392;0.044138;0.047422;0.158818;0.27225;0.126765;0.083612;0.0;0.0;0.0;0.0;0.0;0.0;0.0;0.015501
8124;0.287638;0.067425;0.066791;0.06914;0.209659;0.181764;0.064964;0.03334;0.0;0.0;0.0;0.0;0.0;0.0;0.0;0.01928
8125;0.25946;0.069105;0.075954;0.069491;0.233055;0.188422;0.053582;0.033254;0.0;0.0;0.0;0.0;0.0;0.0;0.0;0.017677
8126;0.180772;0.058592;0.053899;0.071007;0.20212;0.250568;0.102044;0.0595;0.0;0.0;0.0;0.0;0.0;0.0;0.0;0.021499
8127;0.184485;0.053455;0.067145;0.033246;0.133638;0.259452;0.162973;0.090613;0.0;0.0;0.0;0.0;0.0;0.0;0.0;0.014993
8128;0.088305;0.02148;0.040573;0.016706;0.069212;0.26253;0.295943;0.202864;0.0;0.0;0.0;0.0;0.0;0.0;0.0;0.002387
8129;0.045226;0.022613;0.017588;0.027638;0.092965;0.329146;0.309045;0.138191;0.0;0.0;0.0;0.0;0.0;0.0;0.0;0.017588
8130;0.025316;0.025316;0.025316;0.012658;0.050633;0.35443;0.329114;0.177215;0.0;0.0;0.0;0.0;0.0;0.0;0.0;0.0
8131;0.078611;0.018282;0.032907;0.016453;0.073126;0.352834;0.308958;0.113346;0.0;0.0;0.0;0.0;0.0;0.0;0.0;0.005484
8132;0.094697;0.049242;0.007576;0.003788;0.060606;0.261364;0.409091;0.106061;0.0;0.0;0.0;0.0;0.0;0.0;0.0;0.007576
8133;0.078652;0.033708;0.044944;0.022472;0.044944;0.258427;0.438202;0.078652;0.0;0.0;0.0;0.0;0.0;0.0;0.0;0.0
8134;0.102479;0.06281;0.034711;0.024793;0.130579;0.295868;0.195041;0.132231;0.0;0.0;0.0;0.0;0.0;0.0;0.0;0.021488
8135;0.292416;0.077991;0.068608;0.06509;0.213057;0.160477;0.060594;0.044762;0.0;0.0;0.0;0.0;0.0;0.0;0.0;0.017005
8136;0.271716;0.089017;0.085307;0.08112;0.232352;0.142977;0.050132;0.029313;0.0;0.0;0.0;0.0;0.0;0.0;0.0;0.018067
8137;0.087805;0.029268;0.004878;0.009756;0.078049;0.356098;0.312195;0.112195;0.0;0.0;0.0;0.0;0.0;0.0;0.0;0.009756
8138;0.113243;0.029703;0.029703;0.025062;0.09375;0.353651;0.212562;0.132426;0.0;0.0;0.0;0.0;0.0;0.0;0.0;0.009901
8139;0.075862;0.0;0.006897;0.0;0.110345;0.37931;0.227586;0.193103;0.0;0.0;0.0;0.0;0.0;0.0;0.0;0.006897
8140;0.16681;0.046066;0.044063;0.032618;0.130186;0.295565;0.206867;0.067811;0.0;0.0;0.0;0.0;0.0;0.0;0.0;0.010014
8141;0.139982;0.042655;0.03875;0.028537;0.075098;0.279664;0.249925;0.135476;0.0;0.0;0.0;0.0;0.0;0.0;0.0;0.009913
8142;0.131579;0.0;0.008772;0.035088;0.052632;0.236842;0.359649;0.175439;0.0;0.0;0.0;0.0;0.0;0.0;0.0;0.0
8143;0.219612;0.04903;0.057712;0.04903;0.130235;0.272217;0.146067;0.058223;0.0;0.0;0.0;0.0;0.0;0.0;0.0;0.017875
8144;0.075646;0.04797;0.01476;0.01845;0.068266;0.356089;0.243542;0.169742;0.0;0.0;0.0;0.0;0.0;0.0;0.0;0.005535
8145;0.154336;0.042136;0.045566;0.042136;0.135228;0.271436;0.188143;0.103871;0.0;0.0;0.0;0.0;0.0;0.0;0.0;0.017148
8146;0.202159;0.05103;0.098135;0.069676;0.177625;0.256133;0.07949;0.052993;0.0;0.0;0.0;0.0;0.0;0.0;0.0;0.012758
8147;0.206657;0.053924;0.065205;0.065845;0.178654;0.24426;0.102088;0.062325;0.0;0.0;0.0;0.0;0.0;0.0;0.0;0.021042
8148;0.203919;0.064299;0.118187;0.063686;0.179424;0.210043;0.087569;0.04899;0.0;0.0;0.0;0.0;0.0;0.0;0.0;0.023882
8149;0.05814;0.024709;0.013081;0.018895;0.037791;0.332849;0.338663;0.167151;0.0;0.0;0.0;0.0;0.0;0.0;0.0;0.008721
8150;0.043689;0.019417;0.033981;0.014563;0.087379;0.296117;0.315534;0.179612;0.0;0.0;0.0;0.0;0.0;0.0;0.0;0.009709
8151;0.067449;0.032258;0.008798;0.014663;0.026393;0.337243;0.390029;0.123167;0.0;0.0;0.0;0.0;0.0;0.0;0.0;0.0
8152;0.06383;0.0;0.031915;0.0;0.053191;0.382979;0.297872;0.159574;0.0;0.0;0.0;0.0;0.0;0.0;0.0;0.010638
8153;0.057906;0.020045;0.028953;0.013363;0.10245;0.340757;0.258352;0.171492;0.0;0.0;0.0;0.0;0.0;0.0;0.0;0.006682
8154;0.115672;0.048507;0.039179;0.027985;0.123134;0.311567;0.229478;0.085821;0.0;0.0;0.0;0.0;0.0;0.0;0.0;0.018657
8155;0.198472;0.045445;0.097124;0.059924;0.194651;0.239493;0.100141;0.044641;0.0;0.0;0.0;0.0;0.0;0.0;0.0;0.020109
8156;0.174189;0.065126;0.078415;0.068957;0.178858;0.255956;0.119239;0.043697;0.0;0.0;0.0;0.0;0.0;0.0;0.0;0.015563
8157;0.239066;0.068949;0.064591;0.072996;0.201868;0.214319;0.080934;0.041868;0.0;0.0;0.0;0.0;0.0;0.0;0.0;0.015409
8158;0.190625;0.051786;0.048661;0.059821;0.160268;0.279018;0.115179;0.076786;0.0;0.0;0.0;0.0;0.0;0.0;0.0;0.017857
8159;0.231647;0.065995;0.063332;0.060765;0.195226;0.23973;0.078357;0.046691;0.0;0.0;0.0;0.0;0.0;0.0;0.0;0.018258
8160;0.055556;0.017094;0.012821;0.008547;0.07265;0.239316;0.435897;0.153846;0.0;0.0;0.0;0.0;0.0;0.0;0.0;0.004274
8161;0.19815;0.067401;0.090587;0.056379;0.178639;0.237679;0.093247;0.055492;0.0;0.0;0.0;0.0;0.0;0.0;0.0;0.022425
8162;0.147153;0.060141;0.065899;0.042226;0.162508;0.28215;0.12412;0.090851;0.0;0.0;0.0;0.0;0.0;0.0;0.0;0.024952
8163;0.25094;0.082067;0.092598;0.059425;0.138634;0.219197;0.093952;0.043854;0.0;0.0;0.0;0.0;0.0;0.0;0.0;0.019332
8164;0.083671;0.026991;0.036437;0.024291;0.11336;0.349528;0.22807;0.126856;0.0;0.0;0.0;0.0;0.0;0.0;0.0;0.010796
8165;0.197595;0.045533;0.042955;0.037801;0.085911;0.268041;0.201031;0.100515;0.0;0.0;0.0;0.0;0.0;0.0;0.0;0.020619
8166;0.130435;0.034783;0.033333;0.031884;0.069565;0.321739;0.276812;0.095652;0.0;0.0;0.0;0.0;0.0;0.0;0.0;0.005797
8167;0.262887;0.057597;0.100403;0.081354;0.230166;0.177051;0.044599;0.022411;0.0;0.0;0.0;0.0;0.0;0.0;0.0;0.023532
8168;0.076087;0.141304;0.050725;0.032609;0.163043;0.199275;0.25;0.065217;0.0;0.0;0.0;0.0;0.0;0.0;0.0;0.021739
8169;0.303967;0.075898;0.074061;0.071679;0.235905;0.148381;0.043834;0.026926;0.0;0.0;0.0;0.0;0.0;0.0;0.0;0.019348
8170;0.090625;0.034375;0.01875;0.021875;0.04375;0.3;0.353125;0.125;0.0;0.0;0.0;0.0;0.0;0.0;0.0;0.0125
8171;0.057448;0.025384;0.022044;0.021376;0.049432;0.315965;0.38143;0.116232;0.0;0.0;0.0;0.0;0.0;0.0;0.0;0.010688
8172;0.183261;0.064962;0.05905;0.060777;0.168848;0.253338;0.124211;0.071006;0.0;0.0;0.0;0.0;0.0;0.0;0.0;0.014547
8174;0.082278;0.031646;0.075949;0.044304;0.044304;0.335443;0.262658;0.107595;0.0;0.0;0.0;0.0;0.0;0.0;0.0;0.015823
8175;0.109601;0.0565;0.027613;0.019966;0.067545;0.316058;0.275276;0.114274;0.0;0.0;0.0;0.0;0.0;0.0;0.0;0.013169
8176;0.05042;0.10084;0.058824;0.0;0.008403;0.184874;0.462185;0.12605;0.0;0.0;0.0;0.0;0.0;0.0;0.0;0.008403
8177;0.076923;0.0;0.076923;0.0;0.038462;0.461538;0.076923;0.230769;0.0;0.0;0.0;0.0;0.0;0.0;0.0;0.038462
8178;0.075209;0.016713;0.047354;0.038997;0.10585;0.317549;0.250696;0.130919;0.0;0.0;0.0;0.0;0.0;0.0;0.0;0.016713
8179;0.131749;0.028078;0.056156;0.038877;0.203024;0.336933;0.11879;0.058315;0.0;0.0;0.0;0.0;0.0;0.0;0.0;0.028078
8180;0.27589;0.075624;0.091332;0.077262;0.230659;0.1513;0.043031;0.035663;0.0;0.0;0.0;0.0;0.0;0.0;0.0;0.019239
8181;0.173087;0.062956;0.059732;0.057356;0.150518;0.267266;0.150178;0.061429;0.0;0.0;0.0;0.0;0.0;0.0;0.0;0.017478
8182;0.237011;0.055418;0.132608;0.068283;0.144978;0.227115;0.076695;0.043048;0.0;0.0;0.0;0.0;0.0;0.0;0.0;0.014844
8183;0.103428;0.022754;0.030437;0.024232;0.085697;0.315307;0.290485;0.117317;0.0;0.0;0.0;0.0;0.0;0.0;0.0;0.010343
8184;0.255937;0.074214;0.086206;0.071374;0.205654;0.181381;0.060776;0.042472;0.0;0.0;0.0;0.0;0.0;0.0;0.0;0.021986
8185;0.049689;0.043478;0.068323;0.043478;0.15528;0.279503;0.217391;0.136646;0.0;0.0;0.0;0.0;0.0;0.0;0.0;0.006211
8187;0.241039;0.063995;0.068677;0.060414;0.175576;0.198824;0.110785;0.06293;0.0;0.0;0.0;0.0;0.0;0.0;0.0;0.01776
8188;0.033708;0.033708;0.033708;0.022472;0.033708;0.258427;0.370787;0.213483;0.0;0.0;0.0;0.0;0.0;0.0;0.0;0.0
8189;0.010526;0.052632;0.0;0.0;0.031579;0.326316;0.463158;0.115789;0.0;0.0;0.0;0.0;0.0;0.0;0.0;0.0
8190;0.110497;0.027624;0.016575;0.022099;0.044199;0.370166;0.21547;0.19337;0.0;0.0;0.0;0.0;0.0;0.0;0.0;0.0
8191;0.197187;0.044543;0.041417;0.029435;0.116176;0.266736;0.194061;0.098724;0.0;0.0;0.0;0.0;0.0;0.0;0.0;0.011722
8192;0.117213;0.036917;0.039686;0.031841;0.10383;0.331795;0.218043;0.108676;0.0;0.0;0.0;0.0;0.0;0.0;0.0;0.011998
8193;0.081155;0.061898;0.038514;0.026135;0.176066;0.350757;0.162311;0.088033;0.0;0.0;0.0;0.0;0.0;0.0;0.0;0.015131
8194;0.283472;0.088396;0.107418;0.080394;0.197353;0.150262;0.040997;0.028378;0.0;0.0;0.0;0.0;0.0;0.0;0.0;0.02333
8195;0.032258;0.048387;0.016129;0.0;0.064516;0.209677;0.548387;0.080645;0.0;0.0;0.0;0.0;0.0;0.0;0.0;0.0
8196;0.311833;0.077727;0.105675;0.077229;0.201749;0.15069;0.035486;0.02169;0.0;0.0;0.0;0.0;0.0;0.0;0.0;0.017921
8197;0.124653;0.095874;0.067441;0.054612;0.112517;0.285888;0.190187;0.052011;0.0;0.0;0.0;0.0;0.0;0.0;0.0;0.016817
8198;0.107608;0.053515;0.045415;0.041655;0.126699;0.313277;0.18976;0.109054;0.0;0.0;0.0;0.0;0.0;0.0;0.0;0.013017
8199;0.120792;0.043564;0.023762;0.023762;0.079208;0.320792;0.273267;0.114851;0.0;0.0;0.0;0.0;0.0;0.0;0.0;0.0
8200;0.302495;0.075193;0.073403;0.071993;0.220231;0.161307;0.045474;0.030211;0.0;0.0;0.0;0.0;0.0;0.0;0.0;0.019693
8201;0.071895;0.03268;0.013072;0.009804;0.065359;0.379085;0.320261;0.091503;0.0;0.0;0.0;0.0;0.0;0.0;0.0;0.01634
8202;0.177957;0.043548;0.039355;0.037849;0.119892;0.263226;0.206129;0.098495;0.0;0.0;0.0;0.0;0.0;0.0;0.0;0.013548
8203;0.127098;0.055755;0.053957;0.038969;0.145683;0.309952;0.168465;0.082134;0.0;0.0;0.0;0.0;0.0;0.0;0.0;0.017986
8204;0.197719;0.040135;0.053232;0.046895;0.179975;0.271652;0.126743;0.066751;0.0;0.0;0.0;0.0;0.0;0.0;0.0;0.016899
8205;0.135904;0.091662;0.05624;0.056569;0.137401;0.235463;0.196595;0.076259;0.0;0.0;0.0;0.0;0.0;0.0;0.0;0.013906
8206;0.114478;0.021886;0.016835;0.023569;0.102694;0.375421;0.237374;0.10101;0.0;0.0;0.0;0.0;0.0;0.0;0.0;0.006734
8207;0.043716;0.023072;0.023679;0.013965;0.075896;0.317547;0.327869;0.169399;0.0;0.0;0.0;0.0;0.0;0.0;0.0;0.004857
8208;0.194412;0.067251;0.069145;0.068435;0.166706;0.257637;0.096614;0.056595;0.0;0.0;0.0;0.0;0.0;0.0;0.0;0.023206
8209;0.176818;0.093094;0.077816;0.066001;0.186392;0.231615;0.103076;0.047464;0.0;0.0;0.0;0.0;0.0;0.0;0.0;0.017723
8210;0.120592;0.037783;0.041247;0.029597;0.118388;0.315176;0.212217;0.109572;0.0;0.0;0.0;0.0;0.0;0.0;0.0;0.015428
8211;0.267266;0.078986;0.064762;0.077203;0.193977;0.189055;0.071312;0.041547;0.0;0.0;0.0;0.0;0.0;0.0;0.0;0.01589
8212;0.057895;0.026316;0.018421;0.005263;0.023684;0.331579;0.413158;0.118421;0.0;0.0;0.0;0.0;0.0;0.0;0.0;0.005263
8213;0.14274;0.050041;0.054143;0.038556;0.125103;0.290402;0.211649;0.073421;0.0;0.0;0.0;0.0;0.0;0.0;0.0;0.013946
8214;0.121025;0.058174;0.042836;0.040591;0.118967;0.307707;0.208941;0.087168;0.0;0.0;0.0;0.0;0.0;0.0;0.0;0.01459
8215;0.105509;0.039501;0.031185;0.026507;0.066528;0.300936;0.31237;0.110707;0.0;0.0;0.0;0.0;0.0;0.0;0.0;0.006757
8216;0.235294;0.0;0.0;0.0;0.117647;0.294118;0.117647;0.235294;0.0;0.0;0.0;0.0;0.0;0.0;0.0;0.0
8217;0.291336;0.07865;0.065618;0.074425;0.200774;0.170994;0.068214;0.032834;0.0;0.0;0.0;0.0;0.0;0.0;0.0;0.017155
8218;0.225296;0.053446;0.069084;0.051555;0.138512;0.235951;0.149682;0.065991;0.0;0.0;0.0;0.0;0.0;0.0;0.0;0.010483
8219;0.136723;0.062387;0.043761;0.04475;0.138124;0.286633;0.187737;0.086534;0.0;0.0;0.0;0.0;0.0;0.0;0.0;0.013351
8220;0.035123;0.019067;0.012544;0.011039;0.036628;0.316608;0.434019;0.13146;0.0;0.0;0.0;0.0;0.0;0.0;0.0;0.003512
8221;0.172497;0.096442;0.046972;0.056366;0.140116;0.23376;0.1664;0.073256;0.0;0.0;0.0;0.0;0.0;0.0;0.0;0.014191
8222;0.110092;0.043754;0.047989;0.040932;0.165843;0.303458;0.170078;0.100917;0.0;0.0;0.0;0.0;0.0;0.0;0.0;0.016937
8223;0.110443;0.043576;0.04583;0.030053;0.10293;0.333584;0.216379;0.103681;0.0;0.0;0.0;0.0;0.0;0.0;0.0;0.013524
8224;0.120743;0.034056;0.041796;0.024768;0.128483;0.298762;0.229102;0.106811;0.0;0.0;0.0;0.0;0.0;0.0;0.0;0.01548
8225;0.024691;0.012346;0.0;0.0;0.049383;0.283951;0.518519;0.111111;0.0;0.0;0.0;0.0;0.0;0.0;0.0;0.0
8226;0.069199;0.028494;0.024423;0.018996;0.037992;0.385346;0.2673;0.162822;0.0;0.0;0.0;0.0;0.0;0.0;0.0;0.005427
8227;0.115472;0.03868;0.031854;0.036405;0.10182;0.32025;0.224687;0.120023;0.0;0.0;0.0;0.0;0.0;0.0;0.0;0.010808
8228;0.090129;0.030043;0.025751;0.038627;0.060086;0.407725;0.240343;0.094421;0.0;0.0;0.0;0.0;0.0;0.0;0.0;0.012876
8229;0.065217;0.048309;0.009662;0.014493;0.05314;0.342995;0.347826;0.108696;0.0;0.0;0.0;0.0;0.0;0.0;0.0;0.009662
8230;0.171782;0.078828;0.072201;0.068015;0.126264;0.237705;0.173003;0.056854;0.0;0.0;0.0;0.0;0.0;0.0;0.0;0.015347
8231;0.238072;0.065205;0.080556;0.066519;0.174595;0.189808;0.098465;0.066727;0.0;0.0;0.0;0.0;0.0;0.0;0.0;0.020053
8232;0.129342;0.03252;0.023651;0.017738;0.11456;0.34442;0.223208;0.104952;0.0;0.0;0.0;0.0;0.0;0.0;0.0;0.009608
8233;0.081139;0.014235;0.020641;0.01637;0.048399;0.372242;0.325979;0.118149;0.0;0.0;0.0;0.0;0.0;0.0;0.0;0.002847
8234;0.116371;0.061538;0.048521;0.045365;0.161736;0.303748;0.139645;0.103748;0.0;0.0;0.0;0.0;0.0;0.0;0.0;0.019329
8235;0.080618;0.033927;0.024521;0.02788;0.103124;0.332885;0.272086;0.116896;0.0;0.0;0.0;0.0;0.0;0.0;0.0;0.008062
8236;0.107174;0.054916;0.034544;0.014172;0.099203;0.383525;0.196634;0.097431;0.0;0.0;0.0;0.0;0.0;0.0;0.0;0.0124
8237;0.099598;0.028916;0.021687;0.010442;0.04739;0.328514;0.327711;0.128514;0.0;0.0;0.0;0.0;0.0;0.0;0.0;0.007229
8238;0.144808;0.065575;0.060909;0.059976;0.136495;0.27774;0.169325;0.070411;0.0;0.0;0.0;0.0;0.0;0.0;0.0;0.014761
8239;0.089385;0.053073;0.058659;0.058659;0.120112;0.24581;0.259777;0.100559;0.0;0.0;0.0;0.0;0.0;0.0;0.0;0.013966
8240;0.18112;0.040615;0.03787;0.02607;0.144621;0.297064;0.174945;0.08905;0.0;0.0;0.0;0.0;0.0;0.0;0.0;0.008644
8241;0.076923;0.038462;0.019231;0.057692;0.076923;0.25;0.384615;0.096154;0.0;0.0;0.0;0.0;0.0;0.0;0.0;0.0
8242;0.056604;0.056604;0.050314;0.0;0.069182;0.301887;0.308176;0.150943;0.0;0.0;0.0;0.0;0.0;0.0;0.0;0.006289
8243;0.01626;0.01626;0.0;0.00813;0.01626;0.398374;0.414634;0.121951;0.0;0.0;0.0;0.0;0.0;0.0;0.0;0.00813
8244;0.176345;0.056996;0.053782;0.069852;0.222198;0.25991;0.079494;0.062567;0.0;0.0;0.0;0.0;0.0;0.0;0.0;0.018856
8245;0.35663;0.089186;0.080659;0.077226;0.211703;0.114783;0.025616;0.0249;0.0;0.0;0.0;0.0;0.0;0.0;0.0;0.019297
8246;0.046512;0.022506;0.013503;0.012753;0.060015;0.345086;0.35934;0.131283;0.0;0.0;0.0;0.0;0.0;0.0;0.0;0.009002
8247;0.040302;0.016373;0.017632;0.013854;0.051637;0.347607;0.338791;0.167506;0.0;0.0;0.0;0.0;0.0;0.0;0.0;0.006297
8248;0.142857;0.047539;0.052365;0.05695;0.156612;0.283542;0.158784;0.084942;0.0;0.0;0.0;0.0;0.0;0.0;0.0;0.016409
8249;0.063291;0.025316;0.012658;0.025316;0.075949;0.324895;0.295359;0.151899;0.0;0.0;0.0;0.0;0.0;0.0;0.0;0.025316
8250;0.307963;0.064529;0.098035;0.0788;0.179524;0.165667;0.051293;0.037849;0.0;0.0;0.0;0.0;0.0;0.0;0.0;0.016339
8251;0.237085;0.05764;0.067972;0.070419;0.145459;0.255846;0.103861;0.041327;0.0;0.0;0.0;0.0;0.0;0.0;0.0;0.020392
8252;0.275122;0.085561;0.086109;0.07892;0.22721;0.160913;0.033697;0.030789;0.0;0.0;0.0;0.0;0.0;0.0;0.0;0.021678
8253;0.009804;0.0;0.0;0.0;0.04902;0.392157;0.372549;0.137255;0.0;0.0;0.0;0.0;0.0;0.0;0.0;0.039216
8254;0.028349;0.010631;0.007087;0.006378;0.061658;0.363572;0.346563;0.168675;0.0;0.0;0.0;0.0;0.0;0.0;0.0;0.007087
8255;0.0;0.0;0.030612;0.0;0.061224;0.22449;0.459184;0.22449;0.0;0.0;0.0;0.0;0.0;0.0;0.0;0.0
8256;0.105751;0.040816;0.050093;0.020408;0.244898;0.29128;0.150278;0.077922;0.0;0.0;0.0;0.0;0.0;0.0;0.0;0.018553
8257;0.085366;0.012195;0.060976;0.0;0.121951;0.231707;0.390244;0.097561;0.0;0.0;0.0;0.0;0.0;0.0;0.0;0.0
8258;0.035088;0.020734;0.007974;0.00319;0.046252;0.38756;0.271132;0.22488;0.0;0.0;0.0;0.0;0.0;0.0;0.0;0.00319
8259;0.146218;0.041212;0.039895;0.032367;0.128905;0.277569;0.215845;0.102936;0.0;0.0;0.0;0.0;0.0;0.0;0.0;0.015055
8260;0.243677;0.071999;0.086846;0.080131;0.222338;0.178393;0.061852;0.034097;0.0;0.0;0.0;0.0;0.0;0.0;0.0;0.020667
8261;0.149971;0.076157;0.072642;0.093146;0.13181;0.264206;0.130053;0.062683;0.0;0.0;0.0;0.0;0.0;0.0;0.0;0.019332
8262;0.194036;0.049551;0.068406;0.044727;0.150406;0.28349;0.136374;0.05854;0.0;0.0;0.0;0.0;0.0;0.0;0.0;0.014471
8263;0.261384;0.067934;0.096827;0.078219;0.180797;0.225523;0.038771;0.030449;0.0;0.0;0.0;0.0;0.0;0.0;0.0;0.020096
8264;0.121558;0.09051;0.067077;0.06034;0.103984;0.253368;0.232865;0.057704;0.0;0.0;0.0;0.0;0.0;0.0;0.0;0.012595
8265;0.071656;0.01672;0.018312;0.01035;0.053344;0.332803;0.320064;0.171178;0.0;0.0;0.0;0.0;0.0;0.0;0.0;0.005573
8266;0.254136;0.078848;0.061439;0.070806;0.196919;0.186997;0.081467;0.052041;0.0;0.0;0.0;0.0;0.0;0.0;0.0;0.017347
8267;0.199019;0.044136;0.081324;0.04577;0.186146;0.236208;0.117491;0.071925;0.0;0.0;0.0;0.0;0.0;0.0;0.0;0.017981
8268;0.161785;0.034868;0.040446;0.043236;0.054393;0.341702;0.195258;0.114365;0.0;0.0;0.0;0.0;0.0;0.0;0.0;0.013947
8269;0.056298;0.034828;0.027672;0.019084;0.072996;0.364504;0.29437;0.123092;0.0;0.0;0.0;0.0;0.0;0.0;0.0;0.007156
8270;0.183432;0.101183;0.066716;0.068639;0.13284;0.234763;0.144083;0.049926;0.0;0.0;0.0;0.0;0.0;0.0;0.0;0.018417
8271;0.022222;0.022222;0.0;0.022222;0.0;0.355556;0.222222;0.355556;0.0;0.0;0.0;0.0;0.0;0.0;0.0;0.0
8272;0.031496;0.031496;0.0;0.007874;0.03937;0.346457;0.346457;0.19685;0.0;0.0;0.0;0.0;0.0;0.0;0.0;0.0
8273;0.074959;0.038023;0.030418;0.016295;0.084737;0.328626;0.274307;0.141228;0.0;0.0;0.0;0.0;0.0;0.0;0.0;0.011407
8274;0.268643;0.044325;0.040132;0.040132;0.12938;0.247679;0.139862;0.078467;0.0;0.0;0.0;0.0;0.0;0.0;0.0;0.011381
8275;0.032558;0.013953;0.009302;0.004651;0.032558;0.306977;0.404651;0.195349;0.0;0.0;0.0;0.0;0.0;0.0;0.0;0.0
8276;0.068182;0.017045;0.045455;0.022727;0.142045;0.340909;0.232955;0.107955;0.0;0.0;0.0;0.0;0.0;0.0;0.0;0.022727
8277;0.041379;0.041379;0.013793;0.006897;0.110345;0.296552;0.324138;0.158621;0.0;0.0;0.0;0.0;0.0;0.0;0.0;0.006897
8278;0.057113;0.019038;0.016658;0.011898;0.060286;0.315442;0.355368;0.155209;0.0;0.0;0.0;0.0;0.0;0.0;0.0;0.00899
8279;0.227633;0.067034;0.077864;0.064927;0.183061;0.203938;0.104071;0.050766;0.0;0.0;0.0;0.0;0.0;0.0;0.0;0.020706
8280;0.027027;0.013514;0.0;0.040541;0.094595;0.27027;0.418919;0.121622;0.0;0.0;0.0;0.0;0.0;0.0;0.0;0.013514
8281;0.115415;0.066524;0.032327;0.043815;0.122629;0.280524;0.226022;0.096447;0.0;0.0;0.0;0.0;0.0;0.0;0.0;0.016297
8282;0.123555;0.063483;0.037521;0.044722;0.141368;0.308698;0.184764;0.082812;0.0;0.0;0.0;0.0;0.0;0.0;0.0;0.013076
8283;0.112002;0.035404;0.034068;0.019149;0.079492;0.295703;0.292585;0.11935;0.0;0.0;0.0;0.0;0.0;0.0;0.0;0.012247
8284;0.190201;0.054537;0.07805;0.057984;0.151422;0.252985;0.144897;0.052444;0.0;0.0;0.0;0.0;0.0;0.0;0.0;0.017481
8285;0.129917;0.028738;0.030989;0.028605;0.086479;0.272944;0.282347;0.129784;0.0;0.0;0.0;0.0;0.0;0.0;0.0;0.010197
8286;0.221675;0.062562;0.097044;0.062069;0.151724;0.211823;0.106897;0.060591;0.0;0.0;0.0;0.0;0.0;0.0;0.0;0.025616
8287;0.070238;0.016667;0.015476;0.027381;0.105952;0.365476;0.277381;0.111905;0.0;0.0;0.0;0.0;0.0;0.0;0.0;0.009524
8288;0.220791;0.053358;0.060718;0.055198;0.129715;0.26219;0.134315;0.057958;0.0;0.0;0.0;0.0;0.0;0.0;0.0;0.025759
8289;0.130006;0.042439;0.045726;0.043335;0.159295;0.336222;0.129109;0.100717;0.0;0.0;0.0;0.0;0.0;0.0;0.0;0.01315
8290;0.107085;0.031401;0.045089;0.02657;0.119968;0.334944;0.207729;0.109501;0.0;0.0;0.0;0.0;0.0;0.0;0.0;0.017713
8291;0.163616;0.051487;0.096396;0.061499;0.185069;0.264588;0.091533;0.066934;0.0;0.0;0.0;0.0;0.0;0.0;0.0;0.018879
8292;0.175127;0.043147;0.041878;0.031726;0.093909;0.260152;0.162437;0.158629;0.0;0.0;0.0;0.0;0.0;0.0;0.0;0.032995
8293;0.090395;0.022599;0.011299;0.0;0.045198;0.435028;0.265537;0.112994;0.0;0.0;0.0;0.0;0.0;0.0;0.0;0.016949
8294;0.087328;0.037426;0.053185;0.03086;0.143139;0.316481;0.202232;0.112278;0.0;0.0;0.0;0.0;0.0;0.0;0.0;0.017072
8295;0.226259;0.073666;0.09346;0.07091;0.186294;0.218742;0.076171;0.034578;0.0;0.0;0.0;0.0;0.0;0.0;0.0;0.01992
8296;0.121602;0.077253;0.049356;0.046495;0.123033;0.316166;0.19814;0.050072;0.0;0.0;0.0;0.0;0.0;0.0;0.0;0.017883
8297;0.050505;0.050505;0.040404;0.0;0.111111;0.222222;0.444444;0.060606;0.0;0.0;0.0;0.0;0.0;0.0;0.0;0.020202
8298;0.112709;0.037244;0.029898;0.0262;0.078855;0.264461;0.32359;0.116511;0.0;0.0;0.0;0.0;0.0;0.0;0.0;0.010531
8299;0.081081;0.013514;0.02027;0.003378;0.057432;0.368243;0.27027;0.175676;0.0;0.0;0.0;0.0;0.0;0.0;0.0;0.010135
8300;0.16007;0.064644;0.078716;0.067722;0.184037;0.243843;0.115655;0.063325;0.0;0.0;0.0;0.0;0.0;0.0;0.0;0.021988
8301;0.321763;0.079993;0.088049;0.083573;0.21573;0.133527;0.035466;0.021145;0.0;0.0;0.0;0.0;0.0;0.0;0.0;0.020754
8302;0.310453;0.064232;0.090208;0.078558;0.19427;0.1642;0.049276;0.032431;0.0;0.0;0.0;0.0;0.0;0.0;0.0;0.016373
8303;0.053922;0.014706;0.02451;0.019608;0.068627;0.367647;0.25;0.196078;0.0;0.0;0.0;0.0;0.0;0.0;0.0;0.004902
8304;0.1;0.023077;0.030769;0.02;0.066154;0.42;0.243077;0.090769;0.0;0.0;0.0;0.0;0.0;0.0;0.0;0.006154
8305;0.180471;0.049993;0.041486;0.039696;0.119783;0.266826;0.190569;0.098493;0.0;0.0;0.0;0.0;0.0;0.0;0.0;0.012685
8306;0.088154;0.066116;0.055096;0.057851;0.129477;0.385675;0.110193;0.068871;0.0;0.0;0.0;0.0;0.0;0.0;0.0;0.038567
8307;0.223137;0.055307;0.052915;0.057557;0.165751;0.234016;0.11594;0.079515;0.0;0.0;0.0;0.0;0.0;0.0;0.0;0.015863
8308;0.064815;0.0;0.009259;0.0;0.064815;0.166667;0.574074;0.111111;0.0;0.0;0.0;0.0;0.0;0.0;0.0;0.009259
8901;0.046632;0.010363;0.0;0.010363;0.062176;0.38342;0.398964;0.082902;0.0;0.0;0.0;0.0;0.0;0.0;0.0;0.005181
8902;0.153428;0.0611;0.068907;0.061779;0.165988;0.246775;0.168364;0.059742;0.0;0.0;0.0;0.0;0.0;0.0;0.0;0.013917
8903;0.033333;0.016667;0.0;0.0;0.038889;0.338889;0.383333;0.177778;0.0;0.0;0.0;0.0;0.0;0.0;0.0;0.011111
8904;0.344427;0.075742;0.110745;0.081337;0.237842;0.087936;0.014632;0.022378;0.0;0.0;0.0;0.0;0.0;0.0;0.0;0.024961
8905;0.139547;0.047414;0.045797;0.040948;0.162716;0.309267;0.155711;0.082974;0.0;0.0;0.0;0.0;0.0;0.0;0.0;0.015625
9001;0.48;0.36;0.12;0.04;0.0;0.0;0.0;0.0;0.0;0.0;0.0;0.0;0.0;0.0;0.0;0.0
9003;0.366412;0.251908;0.114504;0.068702;0.175573;0.0;0.0;0.0;0.0;0.0;0.0;0.0;0.0;0.0;0.0;0.022901
9006;0.241379;0.241379;0.241379;0.068966;0.103448;0.0;0.0;0.0;0.0;0.0;0.0;0.0;0.0;0.0;0.0;0.103448
9007;0.142857;0.714286;0.085714;0.057143;0.0;0.0;0.0;0.0;0.0;0.0;0.0;0.0;0.0;0.0;0.0;0.0
9009;0.243697;0.285714;0.294118;0.084034;0.067227;0.0;0.0;0.0;0.0;0.0;0.0;0.0;0.0;0.0;0.0;0.02521
9010;0.173913;0.217391;0.521739;0.086957;0.0;0.0;0.0;0.0;0.0;0.0;0.0;0.0;0.0;0.0;0.0;0.0
9011;0.2;0.375;0.225;0.075;0.1;0.0;0.0;0.0;0.0;0.0;0.0;0.0;0.0;0.0;0.0;0.025
9012;0.367647;0.352941;0.117647;0.044118;0.102941;0.0;0.0;0.0;0.0;0.0;0.0;0.0;0.0;0.0;0.0;0.014706
9013;0.15625;0.5625;0.125;0.03125;0.09375;0.0;0.0;0.0;0.0;0.0;0.0;0.0;0.0;0.0;0.0;0.03125
9014;0.336634;0.435644;0.138614;0.019802;0.059406;0.0;0.0;0.0;0.0;0.0;0.0;0.0;0.0;0.0;0.0;0.009901
9016;0.333333;0.314815;0.111111;0.055556;0.111111;0.0;0.0;0.0;0.0;0.0;0.0;0.0;0.0;0.0;0.0;0.074074
9017;0.350877;0.403509;0.140351;0.070175;0.017544;0.0;0.0;0.0;0.0;0.0;0.0;0.0;0.0;0.0;0.0;0.017544
9018;0.348877;0.284974;0.146984;0.095706;0.109285;0.0;0.0;0.0;0.0;0.0;0.0;0.0;0.0;0.0;0.0;0.014174
9019;0.292929;0.454545;0.090909;0.060606;0.10101;0.0;0.0;0.0;0.0;0.0;0.0;0.0;0.0;0.0;0.0;0.0
9020;0.312883;0.417178;0.110429;0.110429;0.042945;0.0;0.0;0.0;0.0;0.0;0.0;0.0;0.0;0.0;0.0;0.006135
9021;0.148148;0.407407;0.037037;0.148148;0.222222;0.0;0.0;0.0;0.0;0.0;0.0;0.0;0.0;0.0;0.0;0.037037
9022;0.2;0.4;0.155556;0.155556;0.066667;0.0;0.0;0.0;0.0;0.0;0.0;0.0;0.0;0.0;0.0;0.022222
9023;0.261021;0.243619;0.213457;0.12297;0.134571;0.0;0.0;0.0;0.0;0.0;0.0;0.0;0.0;0.0;0.0;0.024362
9024;0.27551;0.418367;0.173469;0.030612;0.091837;0.0;0.0;0.0;0.0;0.0;0.0;0.0;0.0;0.0;0.0;0.010204
9025;0.258621;0.431034;0.137931;0.068966;0.086207;0.0;0.0;0.0;0.0;0.0;0.0;0.0;0.0;0.0;0.0;0.017241
9026;0.271777;0.317073;0.229965;0.059233;0.108014;0.0;0.0;0.0;0.0;0.0;0.0;0.0;0.0;0.0;0.0;0.013937
9027;0.424242;0.151515;0.090909;0.030303;0.242424;0.0;0.0;0.0;0.0;0.0;0.0;0.0;0.0;0.0;0.0;0.060606
9029;0.301887;0.301887;0.169811;0.04717;0.132075;0.0;0.0;0.0;0.0;0.0;0.0;0.0;0.0;0.0;0.0;0.04717
9030;0.325;0.3875;0.125;0.1;0.0375;0.0;0.0;0.0;0.0;0.0;0.0;0.0;0.0;0.0;0.0;0.025
9032;0.542373;0.169492;0.135593;0.084746;0.067797;0.0;0.0;0.0;0.0;0.0;0.0;0.0;0.0;0.0;0.0;0.0
9033;0.290323;0.451613;0.080645;0.064516;0.096774;0.0;0.0;0.0;0.0;0.0;0.0;0.0;0.0;0.0;0.0;0.016129
9034;0.273543;0.475336;0.121076;0.098655;0.022422;0.0;0.0;0.0;0.0;0.0;0.0;0.0;0.0;0.0;0.0;0.008969
9035;0.382979;0.234043;0.12234;0.12766;0.132979;0.0;0.0;0.0;0.0;0.0;0.0;0.0;0.0;0.0;0.0;0.0
9036;0.05;0.6;0.05;0.15;0.1;0.0;0.0;0.0;0.0;0.0;0.0;0.0;0.0;0.0;0.0;0.05
9037;0.483871;0.16129;0.11828;0.053763;0.129032;0.0;0.0;0.0;0.0;0.0;0.0;0.0;0.0;0.0;0.0;0.053763
9038;0.341176;0.329412;0.129412;0.105882;0.070588;0.0;0.0;0.0;0.0;0.0;0.0;0.0;0.0;0.0;0.0;0.023529
9039;0.081081;0.648649;0.243243;0.027027;0.0;0.0;0.0;0.0;0.0;0.0;0.0;0.0;0.0;0.0;0.0;0.0
9041;0.526316;0.315789;0.052632;0.052632;0.052632;0.0;0.0;0.0;0.0;0.0;0.0;0.0;0.0;0.0;0.0;0.0
9043;0.236364;0.381818;0.181818;0.081818;0.1;0.0;0.0;0.0;0.0;0.0;0.0;0.0;0.0;0.0;0.0;0.018182
9044;0.325581;0.255814;0.139535;0.186047;0.069767;0.0;0.0;0.0;0.0;0.0;0.0;0.0;0.0;0.0;0.0;0.023256
9045;0.291139;0.449367;0.088608;0.037975;0.120253;0.0;0.0;0.0;0.0;0.0;0.0;0.0;0.0;0.0;0.0;0.012658
9046;0.294118;0.411765;0.0;0.0;0.294118;0.0;0.0;0.0;0.0;0.0;0.0;0.0;0.0;0.0;0.0;0.0
9047;0.125;0.575;0.1;0.1;0.1;0.0;0.0;0.0;0.0;0.0;0.0;0.0;0.0;0.0;0.0;0.0
9048;0.325194;0.330744;0.119867;0.096559;0.109878;0.0;0.0;0.0;0.0;0.0;0.0;0.0;0.0;0.0;0.0;0.017758
9050;0.27027;0.351351;0.162162;0.027027;0.135135;0.0;0.0;0.0;0.0;0.0;0.0;0.0;0.0;0.0;0.0;0.054054
9051;0.216;0.488;0.088;0.128;0.08;0.0;0.0;0.0;0.0;0.0;0.0;0.0;0.0;0.0;0.0;0.0
9052;0.05;0.55;0.35;0.05;0.0;0.0;0.0;0.0;0.0;0.0;0.0;0.0;0.0;0.0;0.0;0.0
9054;0.169492;0.491525;0.20339;0.084746;0.033898;0.0;0.0;0.0;0.0;0.0;0.0;0.0;0.0;0.0;0.0;0.016949
9055;0.25;0.5625;0.125;0.0;0.0625;0.0;0.0;0.0;0.0;0.0;0.0;0.0;0.0;0.0;0.0;0.0
9056;0.274447;0.321577;0.180827;0.096505;0.112536;0.0;0.0;0.0;0.0;0.0;0.0;0.0;0.0;0.0;0.0;0.014107
9057;0.268519;0.361111;0.12037;0.046296;0.194444;0.0;0.0;0.0;0.0;0.0;0.0;0.0;0.0;0.0;0.0;0.009259
9058;0.223022;0.241007;0.248201;0.161871;0.111511;0.0;0.0;0.0;0.0;0.0;0.0;0.0;0.0;0.0;0.0;0.014388
9059;0.327621;0.313746;0.150239;0.085215;0.107195;0.0;0.0;0.0;0.0;0.0;0.0;0.0;0.0;0.0;0.0;0.015984
9060;0.205882;0.54902;0.127451;0.0;0.088235;0.0;0.0;0.0;0.0;0.0;0.0;0.0;0.0;0.0;0.0;0.029412
9061;0.092437;0.638655;0.226891;0.016807;0.02521;0.0;0.0;0.0;0.0;0.0;0.0;0.0;0.0;0.0;0.0;0.0
9062;0.363636;0.393939;0.151515;0.030303;0.060606;0.0;0.0;0.0;0.0;0.0;0.0;0.0;0.0;0.0;0.0;0.0
9063;0.128492;0.441341;0.251397;0.111732;0.044693;0.0;0.0;0.0;0.0;0.0;0.0;0.0;0.0;0.0;0.0;0.022346
9064;0.244131;0.352113;0.211268;0.15493;0.028169;0.0;0.0;0.0;0.0;0.0;0.0;0.0;0.0;0.0;0.0;0.00939
9065;0.306306;0.423423;0.144144;0.036036;0.072072;0.0;0.0;0.0;0.0;0.0;0.0;0.0;0.0;0.0;0.0;0.018018
9066;0.513514;0.27027;0.081081;0.081081;0.027027;0.0;0.0;0.0;0.0;0.0;0.0;0.0;0.0;0.0;0.0;0.027027
9067;0.259912;0.431718;0.171806;0.088106;0.044053;0.0;0.0;0.0;0.0;0.0;0.0;0.0;0.0;0.0;0.0;0.004405
9068;0.5625;0.1875;0.0625;0.0;0.125;0.0;0.0;0.0;0.0;0.0;0.0;0.0;0.0;0.0;0.0;0.0625
9070;0.407407;0.222222;0.037037;0.148148;0.185185;0.0;0.0;0.0;0.0;0.0;0.0;0.0;0.0;0.0;0.0;0.0
9071;0.178571;0.392857;0.357143;0.0;0.071429;0.0;0.0;0.0;0.0;0.0;0.0;0.0;0.0;0.0;0.0;0.0
9072;0.363281;0.234375;0.1875;0.09375;0.09375;0.0;0.0;0.0;0.0;0.0;0.0;0.0;0.0;0.0;0.0;0.027344
9073;0.274538;0.247511;0.221906;0.098151;0.140825;0.0;0.0;0.0;0.0;0.0;0.0;0.0;0.0;0.0;0.0;0.01707
9074;0.264657;0.259631;0.249581;0.097152;0.110553;0.0;0.0;0.0;0.0;0.0;0.0;0.0;0.0;0.0;0.0;0.018425
9075;0.207317;0.243902;0.317073;0.158537;0.060976;0.0;0.0;0.0;0.0;0.0;0.0;0.0;0.0;0.0;0.0;0.012195
9076;0.277778;0.277778;0.333333;0.0;0.055556;0.0;0.0;0.0;0.0;0.0;0.0;0.0;0.0;0.0;0.0;0.055556
9077;0.142857;0.380952;0.285714;0.190476;0.0;0.0;0.0;0.0;0.0;0.0;0.0;0.0;0.0;0.0;0.0;0.0
9078;0.37037;0.333333;0.111111;0.148148;0.037037;0.0;0.0;0.0;0.0;0.0;0.0;0.0;0.0;0.0;0.0;0.0
9079;0.052632;0.842105;0.105263;0.0;0.0;0.0;0.0;0.0;0.0;0.0;0.0;0.0;0.0;0.0;0.0;0.0
9082;0.03125;0.90625;0.03125;0.0;0.03125;0.0;0.0;0.0;0.0;0.0;0.0;0.0;0.0;0.0;0.0;0.0
9083;0.095238;0.666667;0.142857;0.095238;0.0;0.0;0.0;0.0;0.0;0.0;0.0;0.0;0.0;0.0;0.0;0.0
9084;0.3;0.454545;0.172727;0.027273;0.018182;0.0;0.0;0.0;0.0;0.0;0.0;0.0;0.0;0.0;0.0;0.027273
9085;0.367647;0.238235;0.176471;0.1;0.094118;0.0;0.0;0.0;0.0;0.0;0.0;0.0;0.0;0.0;0.0;0.023529
9086;0.226496;0.316239;0.297009;0.055556;0.096154;0.0;0.0;0.0;0.0;0.0;0.0;0.0;0.0;0.0;0.0;0.008547
9088;0.4;0.3;0.1;0.033333;0.133333;0.0;0.0;0.0;0.0;0.0;0.0;0.0;0.0;0.0;0.0;0.033333
9090;0.027027;0.567568;0.081081;0.216216;0.081081;0.0;0.0;0.0;0.0;0.0;0.0;0.0;0.0;0.0;0.0;0.027027
9091;0.25054;0.462203;0.181425;0.053996;0.049676;0.0;0.0;0.0;0.0;0.0;0.0;0.0;0.0;0.0;0.0;0.00216
9093;0.292308;0.276923;0.269231;0.061538;0.076923;0.0;0.0;0.0;0.0;0.0;0.0;0.0;0.0;0.0;0.0;0.023077
9094;0.214286;0.452381;0.02381;0.0;0.190476;0.0;0.0;0.0;0.0;0.0;0.0;0.0;0.0;0.0;0.0;0.119048
9095;0.16;0.6;0.14;0.06;0.02;0.0;0.0;0.0;0.0;0.0;0.0;0.0;0.0;0.0;0.0;0.02
9098;0.333333;0.303922;0.202614;0.101307;0.058824;0.0;0.0;0.0;0.0;0.0;0.0;0.0;0.0;0.0;0.0;0.0
9100;0.030303;0.69697;0.242424;0.0;0.030303;0.0;0.0;0.0;0.0;0.0;0.0;0.0;0.0;0.0;0.0;0.0
9101;0.134615;0.596154;0.115385;0.076923;0.057692;0.0;0.0;0.0;0.0;0.0;0.0;0.0;0.0;0.0;0.0;0.019231
9102;0.227273;0.409091;0.0;0.045455;0.318182;0.0;0.0;0.0;0.0;0.0;0.0;0.0;0.0;0.0;0.0;0.0
9103;0.381818;0.424242;0.048485;0.048485;0.090909;0.0;0.0;0.0;0.0;0.0;0.0;0.0;0.0;0.0;0.0;0.006061
9104;0.058824;0.529412;0.352941;0.029412;0.029412;0.0;0.0;0.0;0.0;0.0;0.0;0.0;0.0;0.0;0.0;0.0
9105;0.349206;0.333333;0.111111;0.079365;0.111111;0.0;0.0;0.0;0.0;0.0;0.0;0.0;0.0;0.0;0.0;0.015873
9108;0.376623;0.220779;0.188312;0.074675;0.13961;0.0;0.0;0.0;0.0;0.0;0.0;0.0;0.0;0.0;0.0;0.0
9109;0.286738;0.170251;0.116487;0.055556;0.336918;0.0;0.0;0.0;0.0;0.0;0.0;0.0;0.0;0.0;0.0;0.03405
9110;0.38;0.44;0.14;0.0;0.02;0.0;0.0;0.0;0.0;0.0;0.0;0.0;0.0;0.0;0.0;0.02
9112;0.315068;0.452055;0.068493;0.082192;0.054795;0.0;0.0;0.0;0.0;0.0;0.0;0.0;0.0;0.0;0.0;0.027397
9113;0.32899;0.286645;0.136808;0.143322;0.094463;0.0;0.0;0.0;0.0;0.0;0.0;0.0;0.0;0.0;0.0;0.009772
9114;0.220339;0.440678;0.152542;0.118644;0.033898;0.0;0.0;0.0;0.0;0.0;0.0;0.0;0.0;0.0;0.0;0.033898
9115;0.15;0.55;0.066667;0.0;0.166667;0.0;0.0;0.0;0.0;0.0;0.0;0.0;0.0;0.0;0.0;0.066667
9117;0.241379;0.568966;0.12069;0.034483;0.034483;0.0;0.0;0.0;0.0;0.0;0.0;0.0;0.0;0.0;0.0;0.0
9119;0.375;0.291667;0.166667;0.041667;0.125;0.0;0.0;0.0;0.0;0.0;0.0;0.0;0.0;0.0;0.0;0.0
9120;0.3;0.4;0.1;0.033333;0.166667;0.0;0.0;0.0;0.0;0.0;0.0;0.0;0.0;0.0;0.0;0.0
9122;0.236364;0.527273;0.127273;0.054545;0.054545;0.0;0.0;0.0;0.0;0.0;0.0;0.0;0.0;0.0;0.0;0.0
9123;0.277778;0.333333;0.222222;0.027778;0.138889;0.0;0.0;0.0;0.0;0.0;0.0;0.0;0.0;0.0;0.0;0.0
9124;0.407809;0.317787;0.132321;0.056399;0.071584;0.0;0.0;0.0;0.0;0.0;0.0;0.0;0.0;0.0;0.0;0.0141
9125;0.304233;0.428571;0.132275;0.068783;0.060847;0.0;0.0;0.0;0.0;0.0;0.0;0.0;0.0;0.0;0.0;0.005291
9127;0.2;0.657143;0.085714;0.0;0.057143;0.0;0.0;0.0;0.0;0.0;0.0;0.0;0.0;0.0;0.0;0.0
9128;0.428571;0.357143;0.107143;0.0;0.053571;0.0;0.0;0.0;0.0;0.0;0.0;0.0;0.0;0.0;0.0;0.053571
9129;0.581081;0.216216;0.094595;0.067568;0.040541;0.0;0.0;0.0;0.0;0.0;0.0;0.0;0.0;0.0;0.0;0.0
9130;0.189189;0.513514;0.162162;0.081081;0.054054;0.0;0.0;0.0;0.0;0.0;0.0;0.0;0.0;0.0;0.0;0.0
9131;0.377953;0.223097;0.165354;0.076115;0.146982;0.0;0.0;0.0;0.0;0.0;0.0;0.0;0.0;0.0;0.0;0.010499
9132;0.183333;0.45;0.183333;0.133333;0.033333;0.0;0.0;0.0;0.0;0.0;0.0;0.0;0.0;0.0;0.0;0.016667
9133;0.272727;0.151515;0.454545;0.030303;0.060606;0.0;0.0;0.0;0.0;0.0;0.0;0.0;0.0;0.0;0.0;0.030303
9134;0.357664;0.211679;0.080292;0.072993;0.255474;0.0;0.0;0.0;0.0;0.0;0.0;0.0;0.0;0.0;0.0;0.021898
9135;0.178571;0.464286;0.214286;0.071429;0.035714;0.0;0.0;0.0;0.0;0.0;0.0;0.0;0.0;0.0;0.0;0.035714
9136;0.292683;0.276423;0.170732;0.113821;0.130081;0.0;0.0;0.0;0.0;0.0;0.0;0.0;0.0;0.0;0.0;0.01626
9137;0.259843;0.330709;0.212598;0.110236;0.07874;0.0;0.0;0.0;0.0;0.0;0.0;0.0;0.0;0.0;0.0;0.007874
9138;0.323077;0.4;0.138462;0.092308;0.030769;0.0;0.0;0.0;0.0;0.0;0.0;0.0;0.0;0.0;0.0;0.015385
9139;0.402597;0.298701;0.155844;0.025974;0.090909;0.0;0.0;0.0;0.0;0.0;0.0;0.0;0.0;0.0;0.0;0.025974
9140;0.407895;0.407895;0.078947;0.052632;0.039474;0.0;0.0;0.0;0.0;0.0;0.0;0.0;0.0;0.0;0.0;0.013158
9141;0.354767;0.317073;0.144124;0.08204;0.079823;0.0;0.0;0.0;0.0;0.0;0.0;0.0;0.0;0.0;0.0;0.022173
9143;0.176471;0.647059;0.117647;0.0;0.058824;0.0;0.0;0.0;0.0;0.0;0.0;0.0;0.0;0.0;0.0;0.0
9144;0.16129;0.419355;0.225806;0.16129;0.032258;0.0;0.0;0.0;0.0;0.0;0.0;0.0;0.0;0.0;0.0;0.0
9148;0.363636;0.363636;0.072727;0.072727;0.090909;0.0;0.0;0.0;0.0;0.0;0.0;0.0;0.0;0.0;0.0;0.036364
9149;0.310345;0.413793;0.068966;0.103448;0.103448;0.0;0.0;0.0;0.0;0.0;0.0;0.0;0.0;0.0;0.0;0.0
9151;0.440233;0.294461;0.104956;0.069971;0.078717;0.0;0.0;0.0;0.0;0.0;0.0;0.0;0.0;0.0;0.0;0.011662
9152;0.31677;0.397516;0.149068;0.037267;0.093168;0.0;0.0;0.0;0.0;0.0;0.0;0.0;0.0;0.0;0.0;0.006211
9154;0.216867;0.457831;0.156627;0.108434;0.060241;0.0;0.0;0.0;0.0;0.0;0.0;0.0;0.0;0.0;0.0;0.0
9155;0.26087;0.478261;0.043478;0.217391;0.0;0.0;0.0;0.0;0.0;0.0;0.0;0.0;0.0;0.0;0.0;0.0
9159;0.106383;0.382979;0.276596;0.06383;0.085106;0.0;0.0;0.0;0.0;0.0;0.0;0.0;0.0;0.0;0.0;0.085106
9160;0.241935;0.467742;0.177419;0.080645;0.032258;0.0;0.0;0.0;0.0;0.0;0.0;0.0;0.0;0.0;0.0;0.0
9162;0.212121;0.292929;0.141414;0.090909;0.252525;0.0;0.0;0.0;0.0;0.0;0.0;0.0;0.0;0.0;0.0;0.010101
9163;0.308235;0.4;0.164706;0.077647;0.047059;0.0;0.0;0.0;0.0;0.0;0.0;0.0;0.0;0.0;0.0;0.002353
9164;0.261261;0.396396;0.144144;0.144144;0.045045;0.0;0.0;0.0;0.0;0.0;0.0;0.0;0.0;0.0;0.0;0.009009
9166;0.155844;0.558442;0.207792;0.025974;0.051948;0.0;0.0;0.0;0.0;0.0;0.0;0.0;0.0;0.0;0.0;0.0
9167;0.111111;0.5;0.277778;0.083333;0.027778;0.0;0.0;0.0;0.0;0.0;0.0;0.0;0.0;0.0;0.0;0.0
9168;0.497561;0.258537;0.15122;0.039024;0.039024;0.0;0.0;0.0;0.0;0.0;0.0;0.0;0.0;0.0;0.0;0.014634
9169;0.333333;0.347826;0.101449;0.115942;0.072464;0.0;0.0;0.0;0.0;0.0;0.0;0.0;0.0;0.0;0.0;0.028986
9170;0.234899;0.328859;0.261745;0.080537;0.080537;0.0;0.0;0.0;0.0;0.0;0.0;0.0;0.0;0.0;0.0;0.013423
9172;0.310345;0.482759;0.126437;0.034483;0.034483;0.0;0.0;0.0;0.0;0.0;0.0;0.0;0.0;0.0;0.0;0.011494
9173;0.296703;0.318681;0.285714;0.043956;0.054945;0.0;0.0;0.0;0.0;0.0;0.0;0.0;0.0;0.0;0.0;0.0
9174;0.312016;0.356589;0.114341;0.098837;0.106589;0.0;0.0;0.0;0.0;0.0;0.0;0.0;0.0;0.0;0.0;0.011628
9175;0.16;0.64;0.106667;0.0;0.093333;0.0;0.0;0.0;0.0;0.0;0.0;0.0;0.0;0.0;0.0;0.0
9176;0.139535;0.534884;0.139535;0.046512;0.139535;0.0;0.0;0.0;0.0;0.0;0.0;0.0;0.0;0.0;0.0;0.0
9177;0.243208;0.323415;0.27555;0.076326;0.065977;0.0;0.0;0.0;0.0;0.0;0.0;0.0;0.0;0.0;0.0;0.015524
9178;0.25;0.458333;0.083333;0.083333;0.125;0.0;0.0;0.0;0.0;0.0;0.0;0.0;0.0;0.0;0.0;0.0
9179;0.310345;0.482759;0.034483;0.034483;0.137931;0.0;0.0;0.0;0.0;0.0;0.0;0.0;0.0;0.0;0.0;0.0
9180;0.277778;0.366667;0.177778;0.055556;0.111111;0.0;0.0;0.0;0.0;0.0;0.0;0.0;0.0;0.0;0.0;0.011111
9181;0.157609;0.494565;0.195652;0.076087;0.070652;0.0;0.0;0.0;0.0;0.0;0.0;0.0;0.0;0.0;0.0;0.005435
9182;0.203704;0.648148;0.074074;0.037037;0.037037;0.0;0.0;0.0;0.0;0.0;0.0;0.0;0.0;0.0;0.0;0.0
9183;0.28125;0.5;0.125;0.0;0.09375;0.0;0.0;0.0;0.0;0.0;0.0;0.0;0.0;0.0;0.0;0.0
9184;0.166667;0.166667;0.0;0.333333;0.333333;0.0;0.0;0.0;0.0;0.0;0.0;0.0;0.0;0.0;0.0;0.0
9189;0.307692;0.512821;0.102564;0.038462;0.038462;0.0;0.0;0.0;0.0;0.0;0.0;0.0;0.0;0.0;0.0;0.0
9190;0.115385;0.403846;0.115385;0.038462;0.326923;0.0;0.0;0.0;0.0;0.0;0.0;0.0;0.0;0.0;0.0;0.0
9191;0.272727;0.590909;0.045455;0.0;0.090909;0.0;0.0;0.0;0.0;0.0;0.0;0.0;0.0;0.0;0.0;0.0
9192;0.318182;0.340909;0.0;0.090909;0.25;0.0;0.0;0.0;0.0;0.0;0.0;0.0;0.0;0.0;0.0;0.0
9194;0.313244;0.339286;0.133185;0.088542;0.119048;0.0;0.0;0.0;0.0;0.0;0.0;0.0;0.0;0.0;0.0;0.006696
9195;0.375;0.275;0.125;0.125;0.075;0.0;0.0;0.0;0.0;0.0;0.0;0.0;0.0;0.0;0.0;0.025
9196;0.505376;0.311828;0.075269;0.064516;0.032258;0.0;0.0;0.0;0.0;0.0;0.0;0.0;0.0;0.0;0.0;0.010753
9197;0.19802;0.435644;0.217822;0.059406;0.079208;0.0;0.0;0.0;0.0;0.0;0.0;0.0;0.0;0.0;0.0;0.009901
9198;0.319444;0.25;0.097222;0.125;0.208333;0.0;0.0;0.0;0.0;0.0;0.0;0.0;0.0;0.0;0.0;0.0
9199;0.191176;0.411765;0.279412;0.088235;0.0;0.0;0.0;0.0;0.0;0.0;0.0;0.0;0.0;0.0;0.0;0.029412
9200;0.482759;0.275862;0.103448;0.034483;0.103448;0.0;0.0;0.0;0.0;0.0;0.0;0.0;0.0;0.0;0.0;0.0
9201;0.176471;0.352941;0.117647;0.176471;0.117647;0.0;0.0;0.0;0.0;0.0;0.0;0.0;0.0;0.0;0.0;0.058824
9202;0.142857;0.785714;0.071429;0.0;0.0;0.0;0.0;0.0;0.0;0.0;0.0;0.0;0.0;0.0;0.0;0.0
9206;0.139535;0.604651;0.139535;0.093023;0.023256;0.0;0.0;0.0;0.0;0.0;0.0;0.0;0.0;0.0;0.0;0.0
9208;0.224138;0.508621;0.163793;0.060345;0.017241;0.0;0.0;0.0;0.0;0.0;0.0;0.0;0.0;0.0;0.0;0.025862
9209;0.270298;0.340528;0.18568;0.087359;0.104145;0.0;0.0;0.0;0.0;0.0;0.0;0.0;0.0;0.0;0.0;0.01199
9211;0.303197;0.435502;0.15215;0.051819;0.047409;0.0;0.0;0.0;0.0;0.0;0.0;0.0;0.0;0.0;0.0;0.009923
9213;0.209945;0.403315;0.165746;0.071823;0.143646;0.0;0.0;0.0;0.0;0.0;0.0;0.0;0.0;0.0;0.0;0.005525
9214;0.365432;0.31358;0.133333;0.032099;0.148148;0.0;0.0;0.0;0.0;0.0;0.0;0.0;0.0;0.0;0.0;0.007407
9215;0.28972;0.35514;0.158879;0.079439;0.102804;0.0;0.0;0.0;0.0;0.0;0.0;0.0;0.0;0.0;0.0;0.014019
9216;0.302521;0.285714;0.214286;0.042017;0.134454;0.0;0.0;0.0;0.0;0.0;0.0;0.0;0.0;0.0;0.0;0.021008
9217;0.258475;0.364407;0.122881;0.059322;0.190678;0.0;0.0;0.0;0.0;0.0;0.0;0.0;0.0;0.0;0.0;0.004237
9218;0.356275;0.327935;0.11336;0.093117;0.105263;0.0;0.0;0.0;0.0;0.0;0.0;0.0;0.0;0.0;0.0;0.004049
9219;0.414578;0.217067;0.100591;0.068131;0.182887;0.0;0.0;0.0;0.0;0.0;0.0;0.0;0.0;0.0;0.0;0.016746
9220;0.387755;0.428571;0.142857;0.0;0.040816;0.0;0.0;0.0;0.0;0.0;0.0;0.0;0.0;0.0;0.0;0.0
9221;0.308943;0.233062;0.189702;0.105691;0.138211;0.0;0.0;0.0;0.0;0.0;0.0;0.0;0.0;0.0;0.0;0.02439
9223;0.111111;0.555556;0.027778;0.138889;0.138889;0.0;0.0;0.0;0.0;0.0;0.0;0.0;0.0;0.0;0.0;0.027778
9224;0.151786;0.508929;0.241071;0.0625;0.026786;0.0;0.0;0.0;0.0;0.0;0.0;0.0;0.0;0.0;0.0;0.008929
9225;0.381818;0.4;0.0;0.127273;0.018182;0.0;0.0;0.0;0.0;0.0;0.0;0.0;0.0;0.0;0.0;0.072727
9226;0.255814;0.581395;0.116279;0.023256;0.023256;0.0;0.0;0.0;0.0;0.0;0.0;0.0;0.0;0.0;0.0;0.0
9227;0.477273;0.261364;0.170455;0.056818;0.022727;0.0;0.0;0.0;0.0;0.0;0.0;0.0;0.0;0.0;0.0;0.011364
9228;0.248062;0.51938;0.100775;0.062016;0.062016;0.0;0.0;0.0;0.0;0.0;0.0;0.0;0.0;0.0;0.0;0.007752
9229;0.293651;0.420635;0.126984;0.063492;0.079365;0.0;0.0;0.0;0.0;0.0;0.0;0.0;0.0;0.0;0.0;0.015873
9230;0.038462;0.807692;0.076923;0.076923;0.0;0.0;0.0;0.0;0.0;0.0;0.0;0.0;0.0;0.0;0.0;0.0
9231;0.333333;0.333333;0.272727;0.060606;0.0;0.0;0.0;0.0;0.0;0.0;0.0;0.0;0.0;0.0;0.0;0.0
9232;0.416667;0.375;0.104167;0.010417;0.09375;0.0;0.0;0.0;0.0;0.0;0.0;0.0;0.0;0.0;0.0;0.0
9235;0.352381;0.380952;0.104762;0.057143;0.095238;0.0;0.0;0.0;0.0;0.0;0.0;0.0;0.0;0.0;0.0;0.009524
9236;0.041667;0.75;0.208333;0.0;0.0;0.0;0.0;0.0;0.0;0.0;0.0;0.0;0.0;0.0;0.0;0.0
9238;0.365217;0.341304;0.126087;0.058696;0.102174;0.0;0.0;0.0;0.0;0.0;0.0;0.0;0.0;0.0;0.0;0.006522
9239;0.225806;0.580645;0.096774;0.096774;0.0;0.0;0.0;0.0;0.0;0.0;0.0;0.0;0.0;0.0;0.0;0.0
9241;0.257669;0.184049;0.245399;0.116564;0.141104;0.0;0.0;0.0;0.0;0.0;0.0;0.0;0.0;0.0;0.0;0.055215
9242;0.367347;0.44898;0.163265;0.0;0.0;0.0;0.0;0.0;0.0;0.0;0.0;0.0;0.0;0.0;0.0;0.020408
9243;0.416667;0.375;0.104167;0.041667;0.041667;0.0;0.0;0.0;0.0;0.0;0.0;0.0;0.0;0.0;0.0;0.020833
9244;0.310345;0.344828;0.206897;0.0;0.137931;0.0;0.0;0.0;0.0;0.0;0.0;0.0;0.0;0.0;0.0;0.0
9246;0.243243;0.362162;0.194595;0.072973;0.116216;0.0;0.0;0.0;0.0;0.0;0.0;0.0;0.0;0.0;0.0;0.010811
9247;0.333333;0.666667;0.0;0.0;0.0;0.0;0.0;0.0;0.0;0.0;0.0;0.0;0.0;0.0;0.0;0.0
9248;0.3;0.4;0.15;0.1;0.033333;0.0;0.0;0.0;0.0;0.0;0.0;0.0;0.0;0.0;0.0;0.016667
9249;0.40625;0.3125;0.125;0.125;0.03125;0.0;0.0;0.0;0.0;0.0;0.0;0.0;0.0;0.0;0.0;0.0
9250;0.363158;0.394737;0.126316;0.026316;0.084211;0.0;0.0;0.0;0.0;0.0;0.0;0.0;0.0;0.0;0.0;0.005263
9251;0.225296;0.3083;0.185771;0.102767;0.150198;0.0;0.0;0.0;0.0;0.0;0.0;0.0;0.0;0.0;0.0;0.027668
9253;0.315789;0.328947;0.157895;0.118421;0.078947;0.0;0.0;0.0;0.0;0.0;0.0;0.0;0.0;0.0;0.0;0.0
9255;0.206897;0.482759;0.103448;0.103448;0.086207;0.0;0.0;0.0;0.0;0.0;0.0;0.0;0.0;0.0;0.0;0.017241
9256;0.269406;0.388128;0.141553;0.054795;0.123288;0.0;0.0;0.0;0.0;0.0;0.0;0.0;0.0;0.0;0.0;0.022831
9257;0.107692;0.476923;0.292308;0.046154;0.076923;0.0;0.0;0.0;0.0;0.0;0.0;0.0;0.0;0.0;0.0;0.0
9258;0.291339;0.480315;0.15748;0.062992;0.007874;0.0;0.0;0.0;0.0;0.0;0.0;0.0;0.0;0.0;0.0;0.0
9259;0.304598;0.298851;0.258621;0.063218;0.063218;0.0;0.0;0.0;0.0;0.0;0.0;0.0;0.0;0.0;0.0;0.011494
9261;0.334572;0.256506;0.215613;0.055762;0.122677;0.0;0.0;0.0;0.0;0.0;0.0;0.0;0.0;0.0;0.0;0.01487
9262;0.262712;0.474576;0.186441;0.042373;0.025424;0.0;0.0;0.0;0.0;0.0;0.0;0.0;0.0;0.0;0.0;0.008475
9265;0.166667;0.5;0.2;0.0;0.1;0.0;0.0;0.0;0.0;0.0;0.0;0.0;0.0;0.0;0.0;0.033333
9266;0.358209;0.253731;0.298507;0.044776;0.044776;0.0;0.0;0.0;0.0;0.0;0.0;0.0;0.0;0.0;0.0;0.0
9267;0.25;0.576087;0.076087;0.086957;0.01087;0.0;0.0;0.0;0.0;0.0;0.0;0.0;0.0;0.0;0.0;0.0
9268;0.564516;0.290323;0.064516;0.032258;0.048387;0.0;0.0;0.0;0.0;0.0;0.0;0.0;0.0;0.0;0.0;0.0
9269;0.173913;0.652174;0.043478;0.043478;0.086957;0.0;0.0;0.0;0.0;0.0;0.0;0.0;0.0;0.0;0.0;0.0
9270;0.224299;0.46729;0.140187;0.130841;0.028037;0.0;0.0;0.0;0.0;0.0;0.0;0.0;0.0;0.0;0.0;0.009346
9272;0.357576;0.424242;0.10303;0.060606;0.030303;0.0;0.0;0.0;0.0;0.0;0.0;0.0;0.0;0.0;0.0;0.024242
9273;0.230769;0.358974;0.307692;0.051282;0.051282;0.0;0.0;0.0;0.0;0.0;0.0;0.0;0.0;0.0;0.0;0.0
9274;0.385942;0.31565;0.12069;0.071618;0.095491;0.0;0.0;0.0;0.0;0.0;0.0;0.0;0.0;0.0;0.0;0.01061
9275;0.292035;0.415929;0.20354;0.026549;0.053097;0.0;0.0;0.0;0.0;0.0;0.0;0.0;0.0;0.0;0.0;0.00885
9276;0.2875;0.179167;0.108333;0.025;0.358333;0.0;0.0;0.0;0.0;0.0;0.0;0.0;0.0;0.0;0.0;0.041667
9277;0.518519;0.209877;0.037037;0.024691;0.209877;0.0;0.0;0.0;0.0;0.0;0.0;0.0;0.0;0.0;0.0;0.0
9279;0.20354;0.548673;0.106195;0.079646;0.044248;0.0;0.0;0.0;0.0;0.0;0.0;0.0;0.0;0.0;0.0;0.017699
9280;0.388889;0.5;0.055556;0.055556;0.0;0.0;0.0;0.0;0.0;0.0;0.0;0.0;0.0;0.0;0.0;0.0
9281;0.315789;0.284211;0.157895;0.147368;0.084211;0.0;0.0;0.0;0.0;0.0;0.0;0.0;0.0;0.0;0.0;0.010526
9283;0.217391;0.521739;0.217391;0.0;0.043478;0.0;0.0;0.0;0.0;0.0;0.0;0.0;0.0;0.0;0.0;0.0
9287;0.326241;0.184397;0.255319;0.070922;0.156028;0.0;0.0;0.0;0.0;0.0;0.0;0.0;0.0;0.0;0.0;0.007092
9288;0.234375;0.390625;0.203125;0.046875;0.125;0.0;0.0;0.0;0.0;0.0;0.0;0.0;0.0;0.0;0.0;0.0
9289;0.340723;0.361727;0.168028;0.051342;0.070012;0.0;0.0;0.0;0.0;0.0;0.0;0.0;0.0;0.0;0.0;0.008168
9292;0.326923;0.307692;0.230769;0.057692;0.038462;0.0;0.0;0.0;0.0;0.0;0.0;0.0;0.0;0.0;0.0;0.038462
9294;0.448718;0.230769;0.102564;0.051282;0.115385;0.0;0.0;0.0;0.0;0.0;0.0;0.0;0.0;0.0;0.0;0.051282
9295;0.147059;0.558824;0.235294;0.029412;0.029412;0.0;0.0;0.0;0.0;0.0;0.0;0.0;0.0;0.0;0.0;0.0
9297;0.145374;0.396476;0.220264;0.167401;0.066079;0.0;0.0;0.0;0.0;0.0;0.0;0.0;0.0;0.0;0.0;0.004405
9298;0.058824;0.72549;0.078431;0.078431;0.039216;0.0;0.0;0.0;0.0;0.0;0.0;0.0;0.0;0.0;0.0;0.019608
9301;0.250518;0.296066;0.213251;0.101449;0.115942;0.0;0.0;0.0;0.0;0.0;0.0;0.0;0.0;0.0;0.0;0.022774
9302;0.242424;0.424242;0.151515;0.090909;0.075758;0.0;0.0;0.0;0.0;0.0;0.0;0.0;0.0;0.0;0.0;0.015152
9303;0.172414;0.482759;0.275862;0.051724;0.017241;0.0;0.0;0.0;0.0;0.0;0.0;0.0;0.0;0.0;0.0;0.0
9304;0.155405;0.432432;0.222973;0.114865;0.047297;0.0;0.0;0.0;0.0;0.0;0.0;0.0;0.0;0.0;0.0;0.027027
9306;0.279412;0.411765;0.176471;0.088235;0.029412;0.0;0.0;0.0;0.0;0.0;0.0;0.0;0.0;0.0;0.0;0.014706
9307;0.534247;0.315068;0.082192;0.041096;0.013699;0.0;0.0;0.0;0.0;0.0;0.0;0.0;0.0;0.0;0.0;0.013699
9308;0.272727;0.272727;0.242424;0.060606;0.151515;0.0;0.0;0.0;0.0;0.0;0.0;0.0;0.0;0.0;0.0;0.0
9309;0.207447;0.281915;0.329787;0.06383;0.106383;0.0;0.0;0.0;0.0;0.0;0.0;0.0;0.0;0.0;0.0;0.010638
9310;0.454545;0.0;0.0;0.181818;0.363636;0.0;0.0;0.0;0.0;0.0;0.0;0.0;0.0;0.0;0.0;0.0
9311;0.666667;0.133333;0.022222;0.088889;0.088889;0.0;0.0;0.0;0.0;0.0;0.0;0.0;0.0;0.0;0.0;0.0
9312;0.253731;0.432836;0.134328;0.044776;0.119403;0.0;0.0;0.0;0.0;0.0;0.0;0.0;0.0;0.0;0.0;0.014925
9314;0.520548;0.260274;0.123288;0.013699;0.041096;0.0;0.0;0.0;0.0;0.0;0.0;0.0;0.0;0.0;0.0;0.041096
9315;0.288703;0.251046;0.23431;0.104603;0.112971;0.0;0.0;0.0;0.0;0.0;0.0;0.0;0.0;0.0;0.0;0.008368
9316;0.225;0.4125;0.2;0.1125;0.0125;0.0;0.0;0.0;0.0;0.0;0.0;0.0;0.0;0.0;0.0;0.0375
9317;0.166667;0.388889;0.0;0.0;0.444444;0.0;0.0;0.0;0.0;0.0;0.0;0.0;0.0;0.0;0.0;0.0
9318;0.363636;0.454545;0.060606;0.0;0.090909;0.0;0.0;0.0;0.0;0.0;0.0;0.0;0.0;0.0;0.0;0.030303
9321;0.366222;0.304;0.178667;0.080889;0.058667;0.0;0.0;0.0;0.0;0.0;0.0;0.0;0.0;0.0;0.0;0.011556
9323;0.166667;0.527778;0.111111;0.083333;0.111111;0.0;0.0;0.0;0.0;0.0;0.0;0.0;0.0;0.0;0.0;0.0
9325;0.212121;0.505051;0.141414;0.060606;0.070707;0.0;0.0;0.0;0.0;0.0;0.0;0.0;0.0;0.0;0.0;0.010101
9326;0.321101;0.201835;0.229358;0.12844;0.082569;0.0;0.0;0.0;0.0;0.0;0.0;0.0;0.0;0.0;0.0;0.036697
9327;0.25;0.4;0.3;0.0;0.05;0.0;0.0;0.0;0.0;0.0;0.0;0.0;0.0;0.0;0.0;0.0
9328;0.264706;0.382353;0.117647;0.058824;0.147059;0.0;0.0;0.0;0.0;0.0;0.0;0.0;0.0;0.0;0.0;0.029412
9329;0.4;0.2;0.142857;0.042857;0.2;0.0;0.0;0.0;0.0;0.0;0.0;0.0;0.0;0.0;0.0;0.014286
9330;0.326471;0.34902;0.128431;0.078431;0.106863;0.0;0.0;0.0;0.0;0.0;0.0;0.0;0.0;0.0;0.0;0.010784
9332;0.224719;0.370787;0.134831;0.146067;0.123596;0.0;0.0;0.0;0.0;0.0;0.0;0.0;0.0;0.0;0.0;0.0
9334;0.363636;0.272727;0.242424;0.030303;0.030303;0.0;0.0;0.0;0.0;0.0;0.0;0.0;0.0;0.0;0.0;0.060606
9335;0.396825;0.31746;0.079365;0.031746;0.126984;0.0;0.0;0.0;0.0;0.0;0.0;0.0;0.0;0.0;0.0;0.047619
9337;0.36;0.24;0.146667;0.053333;0.2;0.0;0.0;0.0;0.0;0.0;0.0;0.0;0.0;0.0;0.0;0.0
9338;0.331361;0.177515;0.189349;0.236686;0.047337;0.0;0.0;0.0;0.0;0.0;0.0;0.0;0.0;0.0;0.0;0.017751
9339;0.257143;0.409524;0.142857;0.047619;0.142857;0.0;0.0;0.0;0.0;0.0;0.0;0.0;0.0;0.0;0.0;0.0
9340;0.145833;0.479167;0.104167;0.25;0.020833;0.0;0.0;0.0;0.0;0.0;0.0;0.0;0.0;0.0;0.0;0.0
9343;0.261538;0.615385;0.092308;0.015385;0.015385;0.0;0.0;0.0;0.0;0.0;0.0;0.0;0.0;0.0;0.0;0.0
9345;0.321429;0.309524;0.214286;0.035714;0.095238;0.0;0.0;0.0;0.0;0.0;0.0;0.0;0.0;0.0;0.0;0.02381
9346;0.288136;0.40678;0.067797;0.118644;0.101695;0.0;0.0;0.0;0.0;0.0;0.0;0.0;0.0;0.0;0.0;0.016949
9347;0.226415;0.349057;0.056604;0.226415;0.141509;0.0;0.0;0.0;0.0;0.0;0.0;0.0;0.0;0.0;0.0;0.0
9348;0.306931;0.455446;0.069307;0.059406;0.108911;0.0;0.0;0.0;0.0;0.0;0.0;0.0;0.0;0.0;0.0;0.0
9350;0.169935;0.46732;0.238562;0.091503;0.026144;0.0;0.0;0.0;0.0;0.0;0.0;0.0;0.0;0.0;0.0;0.006536
9351;0.090909;0.477273;0.318182;0.068182;0.022727;0.0;0.0;0.0;0.0;0.0;0.0;0.0;0.0;0.0;0.0;0.022727
9352;0.27027;0.459459;0.121622;0.135135;0.013514;0.0;0.0;0.0;0.0;0.0;0.0;0.0;0.0;0.0;0.0;0.0
9353;0.264151;0.169811;0.188679;0.245283;0.132075;0.0;0.0;0.0;0.0;0.0;0.0;0.0;0.0;0.0;0.0;0.0
9354;0.275862;0.37931;0.137931;0.068966;0.068966;0.0;0.0;0.0;0.0;0.0;0.0;0.0;0.0;0.0;0.0;0.068966
9355;0.060606;0.757576;0.106061;0.060606;0.015152;0.0;0.0;0.0;0.0;0.0;0.0;0.0;0.0;0.0;0.0;0.0
9356;0.2;0.433333;0.1;0.2;0.033333;0.0;0.0;0.0;0.0;0.0;0.0;0.0;0.0;0.0;0.0;0.033333
9358;0.221519;0.607595;0.088608;0.044304;0.037975;0.0;0.0;0.0;0.0;0.0;0.0;0.0;0.0;0.0;0.0;0.0
9360;0.263158;0.315789;0.157895;0.052632;0.210526;0.0;0.0;0.0;0.0;0.0;0.0;0.0;0.0;0.0;0.0;0.0
9361;0.285714;0.555556;0.126984;0.0;0.031746;0.0;0.0;0.0;0.0;0.0;0.0;0.0;0.0;0.0;0.0;0.0
9362;0.315789;0.296053;0.210526;0.052632;0.105263;0.0;0.0;0.0;0.0;0.0;0.0;0.0;0.0;0.0;0.0;0.019737
9363;0.144615;0.490769;0.210769;0.090769;0.052308;0.0;0.0;0.0;0.0;0.0;0.0;0.0;0.0;0.0;0.0;0.010769
9365;0.294118;0.235294;0.235294;0.176471;0.058824;0.0;0.0;0.0;0.0;0.0;0.0;0.0;0.0;0.0;0.0;0.0
9366;0.226415;0.358491;0.132075;0.113208;0.169811;0.0;0.0;0.0;0.0;0.0;0.0;0.0;0.0;0.0;0.0;0.0
9368;0.055556;0.611111;0.111111;0.166667;0.0;0.0;0.0;0.0;0.0;0.0;0.0;0.0;0.0;0.0;0.0;0.055556
9369;0.434164;0.291815;0.078292;0.081851;0.096085;0.0;0.0;0.0;0.0;0.0;0.0;0.0;0.0;0.0;0.0;0.017794
9372;0.371257;0.311377;0.185629;0.05988;0.071856;0.0;0.0;0.0;0.0;0.0;0.0;0.0;0.0;0.0;0.0;0.0
9373;0.097561;0.560976;0.207317;0.077236;0.04878;0.0;0.0;0.0;0.0;0.0;0.0;0.0;0.0;0.0;0.0;0.00813
9374;0.242857;0.442857;0.128571;0.114286;0.071429;0.0;0.0;0.0;0.0;0.0;0.0;0.0;0.0;0.0;0.0;0.0
9375;0.171429;0.314286;0.314286;0.142857;0.028571;0.0;0.0;0.0;0.0;0.0;0.0;0.0;0.0;0.0;0.0;0.028571
9377;0.204846;0.394273;0.22467;0.11674;0.052863;0.0;0.0;0.0;0.0;0.0;0.0;0.0;0.0;0.0;0.0;0.006608
9378;0.263158;0.315789;0.0;0.052632;0.315789;0.0;0.0;0.0;0.0;0.0;0.0;0.0;0.0;0.0;0.0;0.052632
9380;0.292683;0.560976;0.0;0.04878;0.073171;0.0;0.0;0.0;0.0;0.0;0.0;0.0;0.0;0.0;0.0;0.02439
9381;0.210526;0.578947;0.0;0.105263;0.105263;0.0;0.0;0.0;0.0;0.0;0.0;0.0;0.0;0.0;0.0;0.0
9382;0.227273;0.545455;0.136364;0.090909;0.0;0.0;0.0;0.0;0.0;0.0;0.0;0.0;0.0;0.0;0.0;0.0
9384;0.215789;0.363158;0.252632;0.089474;0.057895;0.0;0.0;0.0;0.0;0.0;0.0;0.0;0.0;0.0;0.0;0.021053
9386;0.093023;0.581395;0.162791;0.093023;0.046512;0.0;0.0;0.0;0.0;0.0;0.0;0.0;0.0;0.0;0.0;0.023256
9387;0.386364;0.261364;0.034091;0.136364;0.170455;0.0;0.0;0.0;0.0;0.0;0.0;0.0;0.0;0.0;0.0;0.011364
9388;0.44;0.36;0.04;0.08;0.08;0.0;0.0;0.0;0.0;0.0;0.0;0.0;0.0;0.0;0.0;0.0
9389;0.2;0.466667;0.177778;0.022222;0.111111;0.0;0.0;0.0;0.0;0.0;0.0;0.0;0.0;0.0;0.0;0.022222
9390;0.304054;0.38964;0.121622;0.114865;0.060811;0.0;0.0;0.0;0.0;0.0;0.0;0.0;0.0;0.0;0.0;0.009009
9391;0.327869;0.401639;0.151639;0.065574;0.032787;0.0;0.0;0.0;0.0;0.0;0.0;0.0;0.0;0.0;0.0;0.020492
9392;0.428571;0.25;0.035714;0.071429;0.178571;0.0;0.0;0.0;0.0;0.0;0.0;0.0;0.0;0.0;0.0;0.035714
9394;0.44208;0.269504;0.115839;0.07565;0.082742;0.0;0.0;0.0;0.0;0.0;0.0;0.0;0.0;0.0;0.0;0.014184
9395;0.219178;0.534247;0.150685;0.0;0.068493;0.0;0.0;0.0;0.0;0.0;0.0;0.0;0.0;0.0;0.0;0.027397
9396;0.128205;0.487179;0.222222;0.051282;0.059829;0.0;0.0;0.0;0.0;0.0;0.0;0.0;0.0;0.0;0.0;0.051282
9398;0.346154;0.326923;0.25;0.038462;0.0;0.0;0.0;0.0;0.0;0.0;0.0;0.0;0.0;0.0;0.0;0.038462
9400;0.454545;0.295455;0.063636;0.05;0.122727;0.0;0.0;0.0;0.0;0.0;0.0;0.0;0.0;0.0;0.0;0.013636
9403;0.233766;0.545455;0.090909;0.12987;0.0;0.0;0.0;0.0;0.0;0.0;0.0;0.0;0.0;0.0;0.0;0.0
9405;0.252747;0.483516;0.197802;0.021978;0.032967;0.0;0.0;0.0;0.0;0.0;0.0;0.0;0.0;0.0;0.0;0.010989
9406;0.325;0.2625;0.18125;0.0625;0.15;0.0;0.0;0.0;0.0;0.0;0.0;0.0;0.0;0.0;0.0;0.01875
9407;0.352941;0.294118;0.0;0.176471;0.176471;0.0;0.0;0.0;0.0;0.0;0.0;0.0;0.0;0.0;0.0;0.0
9408;0.068966;0.586207;0.241379;0.034483;0.068966;0.0;0.0;0.0;0.0;0.0;0.0;0.0;0.0;0.0;0.0;0.0
9409;0.3125;0.2;0.2375;0.0125;0.2375;0.0;0.0;0.0;0.0;0.0;0.0;0.0;0.0;0.0;0.0;0.0
9410;0.448588;0.189132;0.096963;0.026105;0.214704;0.0;0.0;0.0;0.0;0.0;0.0;0.0;0.0;0.0;0.0;0.024507
9411;0.278846;0.240385;0.221154;0.048077;0.182692;0.0;0.0;0.0;0.0;0.0;0.0;0.0;0.0;0.0;0.0;0.028846
9412;0.294979;0.338912;0.112971;0.08159;0.154812;0.0;0.0;0.0;0.0;0.0;0.0;0.0;0.0;0.0;0.0;0.016736
9413;0.250951;0.326996;0.201521;0.102662;0.098859;0.0;0.0;0.0;0.0;0.0;0.0;0.0;0.0;0.0;0.0;0.019011
9414;0.328358;0.410448;0.089552;0.089552;0.067164;0.0;0.0;0.0;0.0;0.0;0.0;0.0;0.0;0.0;0.0;0.014925
9415;0.194286;0.462857;0.16;0.131429;0.04;0.0;0.0;0.0;0.0;0.0;0.0;0.0;0.0;0.0;0.0;0.011429
9416;0.2;0.2;0.2;0.0;0.3;0.0;0.0;0.0;0.0;0.0;0.0;0.0;0.0;0.0;0.0;0.1
9417;0.033333;0.633333;0.3;0.0;0.033333;0.0;0.0;0.0;0.0;0.0;0.0;0.0;0.0;0.0;0.0;0.0
9418;0.137255;0.490196;0.235294;0.098039;0.039216;0.0;0.0;0.0;0.0;0.0;0.0;0.0;0.0;0.0;0.0;0.0
9419;0.142857;0.612245;0.142857;0.061224;0.040816;0.0;0.0;0.0;0.0;0.0;0.0;0.0;0.0;0.0;0.0;0.0
9421;0.288136;0.322034;0.152542;0.118644;0.107345;0.0;0.0;0.0;0.0;0.0;0.0;0.0;0.0;0.0;0.0;0.011299
9422;0.0;0.230769;0.615385;0.076923;0.076923;0.0;0.0;0.0;0.0;0.0;0.0;0.0;0.0;0.0;0.0;0.0
9423;0.086957;0.565217;0.173913;0.130435;0.043478;0.0;0.0;0.0;0.0;0.0;0.0;0.0;0.0;0.0;0.0;0.0
9424;0.217391;0.608696;0.086957;0.043478;0.043478;0.0;0.0;0.0;0.0;0.0;0.0;0.0;0.0;0.0;0.0;0.0
9425;0.395425;0.316993;0.062092;0.03268;0.19281;0.0;0.0;0.0;0.0;0.0;0.0;0.0;0.0;0.0;0.0;0.0
9427;0.213174;0.450299;0.159281;0.065868;0.092216;0.0;0.0;0.0;0.0;0.0;0.0;0.0;0.0;0.0;0.0;0.019162
9428;0.263889;0.472222;0.166667;0.041667;0.041667;0.0;0.0;0.0;0.0;0.0;0.0;0.0;0.0;0.0;0.0;0.013889
9429;0.060606;0.484848;0.333333;0.090909;0.030303;0.0;0.0;0.0;0.0;0.0;0.0;0.0;0.0;0.0;0.0;0.0
9430;0.47619;0.333333;0.047619;0.047619;0.047619;0.0;0.0;0.0;0.0;0.0;0.0;0.0;0.0;0.0;0.0;0.047619
9431;0.219512;0.5;0.146341;0.073171;0.060976;0.0;0.0;0.0;0.0;0.0;0.0;0.0;0.0;0.0;0.0;0.0
9432;0.357724;0.325203;0.04878;0.073171;0.178862;0.0;0.0;0.0;0.0;0.0;0.0;0.0;0.0;0.0;0.0;0.01626
9433;0.3;0.325;0.1;0.075;0.175;0.0;0.0;0.0;0.0;0.0;0.0;0.0;0.0;0.0;0.0;0.025
9434;0.304762;0.22963;0.180952;0.136508;0.137566;0.0;0.0;0.0;0.0;0.0;0.0;0.0;0.0;0.0;0.0;0.010582
9437;0.296482;0.452261;0.135678;0.055276;0.030151;0.0;0.0;0.0;0.0;0.0;0.0;0.0;0.0;0.0;0.0;0.030151
9438;0.331787;0.357309;0.139211;0.069606;0.092807;0.0;0.0;0.0;0.0;0.0;0.0;0.0;0.0;0.0;0.0;0.009281
9439;0.28934;0.261421;0.213198;0.098985;0.111675;0.0;0.0;0.0;0.0;0.0;0.0;0.0;0.0;0.0;0.0;0.025381
9440;0.360656;0.409836;0.147541;0.016393;0.065574;0.0;0.0;0.0;0.0;0.0;0.0;0.0;0.0;0.0;0.0;0.0
9441;0.039474;0.5;0.381579;0.065789;0.013158;0.0;0.0;0.0;0.0;0.0;0.0;0.0;0.0;0.0;0.0;0.0
9442;0.394636;0.360153;0.122605;0.042146;0.076628;0.0;0.0;0.0;0.0;0.0;0.0;0.0;0.0;0.0;0.0;0.003831
9443;0.276786;0.357143;0.232143;0.071429;0.053571;0.0;0.0;0.0;0.0;0.0;0.0;0.0;0.0;0.0;0.0;0.008929
9444;0.179487;0.589744;0.230769;0.0;0.0;0.0;0.0;0.0;0.0;0.0;0.0;0.0;0.0;0.0;0.0;0.0
9445;0.346154;0.423077;0.076923;0.076923;0.076923;0.0;0.0;0.0;0.0;0.0;0.0;0.0;0.0;0.0;0.0;0.0
9446;0.428571;0.571429;0.0;0.0;0.0;0.0;0.0;0.0;0.0;0.0;0.0;0.0;0.0;0.0;0.0;0.0
9447;0.416667;0.361111;0.138889;0.083333;0.0;0.0;0.0;0.0;0.0;0.0;0.0;0.0;0.0;0.0;0.0;0.0
9448;0.159236;0.573248;0.140127;0.076433;0.038217;0.0;0.0;0.0;0.0;0.0;0.0;0.0;0.0;0.0;0.0;0.012739
9449;0.08;0.413333;0.0;0.173333;0.04;0.0;0.0;0.0;0.0;0.0;0.0;0.0;0.0;0.0;0.0;0.293333
9450;0.470588;0.411765;0.0;0.0;0.117647;0.0;0.0;0.0;0.0;0.0;0.0;0.0;0.0;0.0;0.0;0.0
9451;0.5;0.25;0.058511;0.042553;0.138298;0.0;0.0;0.0;0.0;0.0;0.0;0.0;0.0;0.0;0.0;0.010638
9454;0.3125;0.3125;0.09375;0.09375;0.15625;0.0;0.0;0.0;0.0;0.0;0.0;0.0;0.0;0.0;0.0;0.03125
9455;0.272727;0.242424;0.393939;0.030303;0.060606;0.0;0.0;0.0;0.0;0.0;0.0;0.0;0.0;0.0;0.0;0.0
9456;0.352941;0.364706;0.129412;0.094118;0.058824;0.0;0.0;0.0;0.0;0.0;0.0;0.0;0.0;0.0;0.0;0.0
9458;0.287599;0.195251;0.226913;0.113456;0.137203;0.0;0.0;0.0;0.0;0.0;0.0;0.0;0.0;0.0;0.0;0.039578
9460;0.221429;0.478571;0.178571;0.064286;0.057143;0.0;0.0;0.0;0.0;0.0;0.0;0.0;0.0;0.0;0.0;0.0
9463;0.370588;0.317647;0.164706;0.047059;0.088235;0.0;0.0;0.0;0.0;0.0;0.0;0.0;0.0;0.0;0.0;0.011765
9464;0.208333;0.333333;0.416667;0.0;0.0;0.0;0.0;0.0;0.0;0.0;0.0;0.0;0.0;0.0;0.0;0.041667
9466;0.207317;0.573171;0.158537;0.02439;0.036585;0.0;0.0;0.0;0.0;0.0;0.0;0.0;0.0;0.0;0.0;0.0
9467;0.25;0.386364;0.272727;0.045455;0.045455;0.0;0.0;0.0;0.0;0.0;0.0;0.0;0.0;0.0;0.0;0.0
9471;0.320755;0.424528;0.084906;0.037736;0.113208;0.0;0.0;0.0;0.0;0.0;0.0;0.0;0.0;0.0;0.0;0.018868
9472;0.394737;0.368421;0.105263;0.078947;0.052632;0.0;0.0;0.0;0.0;0.0;0.0;0.0;0.0;0.0;0.0;0.0
9473;0.3125;0.34375;0.21875;0.078125;0.015625;0.0;0.0;0.0;0.0;0.0;0.0;0.0;0.0;0.0;0.0;0.03125
9476;0.282609;0.456522;0.108696;0.086957;0.065217;0.0;0.0;0.0;0.0;0.0;0.0;0.0;0.0;0.0;0.0;0.0
9478;0.484848;0.333333;0.030303;0.030303;0.090909;0.0;0.0;0.0;0.0;0.0;0.0;0.0;0.0;0.0;0.0;0.030303
9480;0.238095;0.47619;0.130952;0.083333;0.071429;0.0;0.0;0.0;0.0;0.0;0.0;0.0;0.0;0.0;0.0;0.0
9482;0.045455;0.454545;0.272727;0.090909;0.090909;0.0;0.0;0.0;0.0;0.0;0.0;0.0;0.0;0.0;0.0;0.045455
9483;0.313725;0.320261;0.189542;0.078431;0.098039;0.0;0.0;0.0;0.0;0.0;0.0;0.0;0.0;0.0;0.0;0.0
9485;0.073171;0.658537;0.219512;0.02439;0.02439;0.0;0.0;0.0;0.0;0.0;0.0;0.0;0.0;0.0;0.0;0.0
9901;0.315315;0.387387;0.112613;0.09009;0.081081;0.0;0.0;0.0;0.0;0.0;0.0;0.0;0.0;0.0;0.0;0.013514
9902;0.300633;0.310127;0.148734;0.094937;0.113924;0.0;0.0;0.0;0.0;0.0;0.0;0.0;0.0;0.0;0.0;0.031646
9903;0.307768;0.315634;0.186824;0.073746;0.103736;0.0;0.0;0.0;0.0;0.0;0.0;0.0;0.0;0.0;0.0;0.012291
9904;0.294643;0.333333;0.199405;0.077381;0.077381;0.0;0.0;0.0;0.0;0.0;0.0;0.0;0.0;0.0;0.0;0.017857
9905;0.271186;0.305085;0.118644;0.072034;0.211864;0.0;0.0;0.0;0.0;0.0;0.0;0.0;0.0;0.0;0.0;0.021186
9906;0.229965;0.350755;0.233449;0.074332;0.092915;0.0;0.0;0.0;0.0;0.0;0.0;0.0;0.0;0.0;0.0;0.018583
9907;0.279746;0.198002;0.254314;0.089918;0.158038;0.0;0.0;0.0;0.0;0.0;0.0;0.0;0.0;0.0;0.0;0.019982
9908;0.240964;0.349398;0.192771;0.068273;0.124498;0.0;0.0;0.0;0.0;0.0;0.0;0.0;0.0;0.0;0.0;0.024096
10001;0.557214;0.154229;0.154229;0.059701;0.064677;0.0;0.0;0.0;0.0;0.0;0.0;0.0;0.0;0.0;0.0;0.00995
10002;0.489362;0.246809;0.170213;0.025532;0.055319;0.0;0.0;0.0;0.0;0.0;0.0;0.0;0.0;0.0;0.0;0.012766
10003;0.352239;0.361194;0.134328;0.01194;0.131343;0.0;0.0;0.0;0.0;0.0;0.0;0.0;0.0;0.0;0.0;0.008955
10004;0.488172;0.270968;0.167742;0.027957;0.043011;0.0;0.0;0.0;0.0;0.0;0.0;0.0;0.0;0.0;0.0;0.002151
10005;0.4;0.3;0.17;0.08;0.04;0.0;0.0;0.0;0.0;0.0;0.0;0.0;0.0;0.0;0.0;0.01
10006;0.503386;0.27991;0.150113;0.025959;0.034989;0.0;0.0;0.0;0.0;0.0;0.0;0.0;0.0;0.0;0.0;0.005643
10007;0.353604;0.416667;0.157658;0.04955;0.02027;0.0;0.0;0.0;0.0;0.0;0.0;0.0;0.0;0.0;0.0;0.002252
10008;0.370452;0.37376;0.127894;0.052922;0.067255;0.0;0.0;0.0;0.0;0.0;0.0;0.0;0.0;0.0;0.0;0.007718
10009;0.298137;0.509317;0.111801;0.024845;0.043478;0.0;0.0;0.0;0.0;0.0;0.0;0.0;0.0;0.0;0.0;0.012422
10010;0.496465;0.175962;0.182247;0.05813;0.07934;0.0;0.0;0.0;0.0;0.0;0.0;0.0;0.0;0.0;0.0;0.007855
10011;0.554348;0.190217;0.149457;0.065217;0.032609;0.0;0.0;0.0;0.0;0.0;0.0;0.0;0.0;0.0;0.0;0.008152
10012;0.552381;0.233333;0.080952;0.047619;0.083333;0.0;0.0;0.0;0.0;0.0;0.0;0.0;0.0;0.0;0.0;0.002381
10013;0.379121;0.335165;0.192308;0.054945;0.032967;0.0;0.0;0.0;0.0;0.0;0.0;0.0;0.0;0.0;0.0;0.005495
10014;0.439968;0.257857;0.190169;0.039484;0.066076;0.0;0.0;0.0;0.0;0.0;0.0;0.0;0.0;0.0;0.0;0.006446
10015;0.408983;0.267139;0.108747;0.111111;0.08747;0.0;0.0;0.0;0.0;0.0;0.0;0.0;0.0;0.0;0.0;0.016548
10016;0.46087;0.221739;0.165217;0.065217;0.065217;0.0;0.0;0.0;0.0;0.0;0.0;0.0;0.0;0.0;0.0;0.021739
10017;0.408088;0.360294;0.172794;0.022059;0.03125;0.0;0.0;0.0;0.0;0.0;0.0;0.0;0.0;0.0;0.0;0.005515
10018;0.458155;0.190987;0.203863;0.071888;0.059013;0.0;0.0;0.0;0.0;0.0;0.0;0.0;0.0;0.0;0.0;0.016094
10019;0.344421;0.226395;0.262876;0.056867;0.096567;0.0;0.0;0.0;0.0;0.0;0.0;0.0;0.0;0.0;0.0;0.012876
10020;0.513901;0.24574;0.118386;0.032287;0.084305;0.0;0.0;0.0;0.0;0.0;0.0;0.0;0.0;0.0;0.0;0.005381
10021;0.506678;0.183508;0.110337;0.074913;0.108014;0.0;0.0;0.0;0.0;0.0;0.0;0.0;0.0;0.0;0.0;0.016551
10022;0.413793;0.386207;0.044828;0.027586;0.124138;0.0;0.0;0.0;0.0;0.0;0.0;0.0;0.0;0.0;0.0;0.003448
10023;0.534923;0.243612;0.120954;0.0477;0.044293;0.0;0.0;0.0;0.0;0.0;0.0;0.0;0.0;0.0;0.0;0.008518
10024;0.278481;0.35865;0.172996;0.063291;0.111814;0.0;0.0;0.0;0.0;0.0;0.0;0.0;0.0;0.0;0.0;0.014768
10025;0.418919;0.266892;0.087838;0.067568;0.138514;0.0;0.0;0.0;0.0;0.0;0.0;0.0;0.0;0.0;0.0;0.02027
10026;0.349776;0.235426;0.219731;0.049327;0.118834;0.0;0.0;0.0;0.0;0.0;0.0;0.0;0.0;0.0;0.0;0.026906
10027;0.548387;0.258065;0.080645;0.048387;0.048387;0.0;0.0;0.0;0.0;0.0;0.0;0.0;0.0;0.0;0.0;0.016129
10028;0.65;0.233333;0.05;0.016667;0.016667;0.0;0.0;0.0;0.0;0.0;0.0;0.0;0.0;0.0;0.0;0.033333
10029;0.572464;0.195652;0.115942;0.047101;0.061594;0.0;0.0;0.0;0.0;0.0;0.0;0.0;0.0;0.0;0.0;0.007246
10030;0.415842;0.306931;0.171617;0.042904;0.046205;0.0;0.0;0.0;0.0;0.0;0.0;0.0;0.0;0.0;0.0;0.016502
10031;0.330645;0.362903;0.096774;0.048387;0.048387;0.0;0.0;0.0;0.0;0.0;0.0;0.0;0.0;0.0;0.0;0.112903
10032;0.392498;0.362306;0.096066;0.062214;0.079597;0.0;0.0;0.0;0.0;0.0;0.0;0.0;0.0;0.0;0.0;0.007319
10033;0.279851;0.380597;0.279851;0.052239;0.007463;0.0;0.0;0.0;0.0;0.0;0.0;0.0;0.0;0.0;0.0;0.0
10034;0.458333;0.329167;0.075;0.079167;0.054167;0.0;0.0;0.0;0.0;0.0;0.0;0.0;0.0;0.0;0.0;0.004167
10035;0.481513;0.236457;0.088564;0.038693;0.147034;0.0;0.0;0.0;0.0;0.0;0.0;0.0;0.0;0.0;0.0;0.007739
10036;0.547872;0.212766;0.090426;0.005319;0.12234;0.0;0.0;0.0;0.0;0.0;0.0;0.0;0.0;0.0;0.0;0.021277
10037;0.30998;0.302691;0.157922;0.097362;0.111359;0.0;0.0;0.0;0.0;0.0;0.0;0.0;0.0;0.0;0.0;0.020687
10038;0.305085;0.305085;0.288136;0.016949;0.067797;0.0;0.0;0.0;0.0;0.0;0.0;0.0;0.0;0.0;0.0;0.016949
10039;0.253456;0.447005;0.119816;0.046083;0.115207;0.0;0.0;0.0;0.0;0.0;0.0;0.0;0.0;0.0;0.0;0.018433
10040;0.508711;0.25784;0.10453;0.034843;0.073171;0.0;0.0;0.0;0.0;0.0;0.0;0.0;0.0;0.0;0.0;0.020906
10041;0.400568;0.316761;0.161932;0.042614;0.065341;0.0;0.0;0.0;0.0;0.0;0.0;0.0;0.0;0.0;0.0;0.012784
10042;0.534483;0.293103;0.068966;0.017241;0.086207;0.0;0.0;0.0;0.0;0.0;0.0;0.0;0.0;0.0;0.0;0.0
10043;0.542636;0.209302;0.143411;0.050388;0.052326;0.0;0.0;0.0;0.0;0.0;0.0;0.0;0.0;0.0;0.0;0.001938
10044;0.552966;0.161017;0.130297;0.079449;0.066737;0.0;0.0;0.0;0.0;0.0;0.0;0.0;0.0;0.0;0.0;0.009534
10045;0.523599;0.212389;0.119469;0.039823;0.09882;0.0;0.0;0.0;0.0;0.0;0.0;0.0;0.0;0.0;0.0;0.0059
10046;0.514286;0.235714;0.178571;0.007143;0.057143;0.0;0.0;0.0;0.0;0.0;0.0;0.0;0.0;0.0;0.0;0.007143
10047;0.520924;0.17316;0.118326;0.049062;0.119769;0.0;0.0;0.0;0.0;0.0;0.0;0.0;0.0;0.0;0.0;0.018759
10048;0.338129;0.395683;0.244604;0.007194;0.014388;0.0;0.0;0.0;0.0;0.0;0.0;0.0;0.0;0.0;0.0;0.0
10049;0.452976;0.276858;0.131737;0.057767;0.06305;0.0;0.0;0.0;0.0;0.0;0.0;0.0;0.0;0.0;0.0;0.017612
10050;0.4;0.39;0.135714;0.037143;0.032857;0.0;0.0;0.0;0.0;0.0;0.0;0.0;0.0;0.0;0.0;0.004286
10051;0.256494;0.522727;0.201299;0.006494;0.012987;0.0;0.0;0.0;0.0;0.0;0.0;0.0;0.0;0.0;0.0;0.0
10052;0.109091;0.436364;0.245455;0.154545;0.027273;0.0;0.0;0.0;0.0;0.0;0.0;0.0;0.0;0.0;0.0;0.027273
10053;0.380952;0.452381;0.130952;0.011905;0.02381;0.0;0.0;0.0;0.0;0.0;0.0;0.0;0.0;0.0;0.0;0.0
10054;0.506596;0.255937;0.118734;0.031662;0.079156;0.0;0.0;0.0;0.0;0.0;0.0;0.0;0.0;0.0;0.0;0.007916
10055;0.285106;0.340426;0.185106;0.06383;0.117021;0.0;0.0;0.0;0.0;0.0;0.0;0.0;0.0;0.0;0.0;0.008511
10056;0.490515;0.276423;0.092141;0.02439;0.113821;0.0;0.0;0.0;0.0;0.0;0.0;0.0;0.0;0.0;0.0;0.00271
10057;0.625;0.136364;0.102273;0.034091;0.090909;0.0;0.0;0.0;0.0;0.0;0.0;0.0;0.0;0.0;0.0;0.011364
10058;0.445194;0.195616;0.214165;0.045531;0.082631;0.0;0.0;0.0;0.0;0.0;0.0;0.0;0.0;0.0;0.0;0.016863
10059;0.535;0.26;0.15;0.01;0.04;0.0;0.0;0.0;0.0;0.0;0.0;0.0;0.0;0.0;0.0;0.005
10060;0.439189;0.241554;0.216216;0.043919;0.052365;0.0;0.0;0.0;0.0;0.0;0.0;0.0;0.0;0.0;0.0;0.006757
10061;0.527976;0.178026;0.110885;0.104781;0.063072;0.0;0.0;0.0;0.0;0.0;0.0;0.0;0.0;0.0;0.0;0.015259
10062;0.572391;0.114478;0.10101;0.053872;0.141414;0.0;0.0;0.0;0.0;0.0;0.0;0.0;0.0;0.0;0.0;0.016835
10063;0.415385;0.323077;0.138462;0.038462;0.084615;0.0;0.0;0.0;0.0;0.0;0.0;0.0;0.0;0.0;0.0;0.0
10064;0.439628;0.336429;0.142415;0.042312;0.039216;0.0;0.0;0.0;0.0;0.0;0.0;0.0;0.0;0.0;0.0;0.0
10065;0.407407;0.185185;0.222222;0.051852;0.133333;0.0;0.0;0.0;0.0;0.0;0.0;0.0;0.0;0.0;0.0;0.0
10066;0.394958;0.352941;0.151261;0.02521;0.05042;0.0;0.0;0.0;0.0;0.0;0.0;0.0;0.0;0.0;0.0;0.02521
10067;0.358948;0.294741;0.18405;0.063045;0.087594;0.0;0.0;0.0;0.0;0.0;0.0;0.0;0.0;0.0;0.0;0.011621
10068;0.359768;0.297872;0.158607;0.038685;0.133462;0.0;0.0;0.0;0.0;0.0;0.0;0.0;0.0;0.0;0.0;0.011605
10069;0.471869;0.288566;0.150635;0.043557;0.034483;0.0;0.0;0.0;0.0;0.0;0.0;0.0;0.0;0.0;0.0;0.010889
10070;0.360656;0.395492;0.141393;0.04918;0.047131;0.0;0.0;0.0;0.0;0.0;0.0;0.0;0.0;0.0;0.0;0.006148
10071;0.464789;0.295775;0.098592;0.084507;0.056338;0.0;0.0;0.0;0.0;0.0;0.0;0.0;0.0;0.0;0.0;0.0
10072;0.614232;0.234082;0.059925;0.039326;0.044944;0.0;0.0;0.0;0.0;0.0;0.0;0.0;0.0;0.0;0.0;0.007491
10073;0.407332;0.307536;0.171079;0.034623;0.069246;0.0;0.0;0.0;0.0;0.0;0.0;0.0;0.0;0.0;0.0;0.010183
10075;0.452703;0.22973;0.168919;0.040541;0.101351;0.0;0.0;0.0;0.0;0.0;0.0;0.0;0.0;0.0;0.0;0.006757
10076;0.458252;0.24466;0.170874;0.067961;0.056311;0.0;0.0;0.0;0.0;0.0;0.0;0.0;0.0;0.0;0.0;0.001942
10077;0.454128;0.245413;0.105505;0.133028;0.055046;0.0;0.0;0.0;0.0;0.0;0.0;0.0;0.0;0.0;0.0;0.006881
10078;0.464844;0.277344;0.089844;0.066406;0.09375;0.0;0.0;0.0;0.0;0.0;0.0;0.0;0.0;0.0;0.0;0.007812
10079;0.325397;0.288889;0.206349;0.073016;0.085714;0.0;0.0;0.0;0.0;0.0;0.0;0.0;0.0;0.0;0.0;0.020635
10080;0.455696;0.324895;0.139241;0.050633;0.029536;0.0;0.0;0.0;0.0;0.0;0.0;0.0;0.0;0.0;0.0;0.0
10081;0.361345;0.386555;0.151261;0.008403;0.084034;0.0;0.0;0.0;0.0;0.0;0.0;0.0;0.0;0.0;0.0;0.008403
10082;0.540185;0.210201;0.12983;0.051777;0.055641;0.0;0.0;0.0;0.0;0.0;0.0;0.0;0.0;0.0;0.0;0.012365
10083;0.22973;0.175676;0.405405;0.054054;0.121622;0.0;0.0;0.0;0.0;0.0;0.0;0.0;0.0;0.0;0.0;0.013514
10084;0.466197;0.249296;0.132394;0.067606;0.078873;0.0;0.0;0.0;0.0;0.0;0.0;0.0;0.0;0.0;0.0;0.005634
10085;0.394495;0.275229;0.247706;0.055046;0.027523;0.0;0.0;0.0;0.0;0.0;0.0;0.0;0.0;0.0;0.0;0.0
10086;0.366516;0.312217;0.171946;0.108597;0.022624;0.0;0.0;0.0;0.0;0.0;0.0;0.0;0.0;0.0;0.0;0.0181
10087;0.426593;0.270545;0.189289;0.046168;0.063712;0.0;0.0;0.0;0.0;0.0;0.0;0.0;0.0;0.0;0.0;0.003693
10088;0.396396;0.414414;0.153153;0.009009;0.027027;0.0;0.0;0.0;0.0;0.0;0.0;0.0;0.0;0.0;0.0;0.0
10089;0.486128;0.170084;0.161641;0.073583;0.096502;0.0;0.0;0.0;0.0;0.0;0.0;0.0;0.0;0.0;0.0;0.012063
10090;0.508306;0.272425;0.152824;0.036545;0.0299;0.0;0.0;0.0;0.0;0.0;0.0;0.0;0.0;0.0;0.0;0.0
10091;0.312268;0.375465;0.148699;0.089219;0.066914;0.0;0.0;0.0;0.0;0.0;0.0;0.0;0.0;0.0;0.0;0.007435
10092;0.492462;0.246231;0.125628;0.050251;0.080402;0.0;0.0;0.0;0.0;0.0;0.0;0.0;0.0;0.0;0.0;0.005025
10093;0.64257;0.168675;0.084337;0.032129;0.068273;0.0;0.0;0.0;0.0;0.0;0.0;0.0;0.0;0.0;0.0;0.004016
10094;0.575758;0.157576;0.10303;0.042424;0.109091;0.0;0.0;0.0;0.0;0.0;0.0;0.0;0.0;0.0;0.0;0.012121
10095;0.460251;0.179916;0.16318;0.154812;0.037657;0.0;0.0;0.0;0.0;0.0;0.0;0.0;0.0;0.0;0.0;0.004184
10096;0.433669;0.237877;0.099726;0.062214;0.156908;0.0;0.0;0.0;0.0;0.0;0.0;0.0;0.0;0.0;0.0;0.009607
10097;0.375;0.225;0.225;0.075;0.1;0.0;0.0;0.0;0.0;0.0;0.0;0.0;0.0;0.0;0.0;0.0
10098;0.348315;0.337079;0.153558;0.048689;0.104869;0.0;0.0;0.0;0.0;0.0;0.0;0.0;0.0;0.0;0.0;0.007491
10099;0.442254;0.242254;0.191549;0.061972;0.059155;0.0;0.0;0.0;0.0;0.0;0.0;0.0;0.0;0.0;0.0;0.002817
10100;0.468326;0.226244;0.08371;0.074661;0.131222;0.0;0.0;0.0;0.0;0.0;0.0;0.0;0.0;0.0;0.0;0.015837
10101;0.424;0.304;0.12;0.112;0.024;0.0;0.0;0.0;0.0;0.0;0.0;0.0;0.0;0.0;0.0;0.016
10102;0.582447;0.25266;0.087766;0.039894;0.037234;0.0;0.0;0.0;0.0;0.0;0.0;0.0;0.0;0.0;0.0;0.0
10103;0.484211;0.322807;0.070175;0.031579;0.073684;0.0;0.0;0.0;0.0;0.0;0.0;0.0;0.0;0.0;0.0;0.017544
10104;0.34163;0.290963;0.209185;0.070222;0.071111;0.0;0.0;0.0;0.0;0.0;0.0;0.0;0.0;0.0;0.0;0.016889
10105;0.359043;0.296543;0.201463;0.063165;0.067819;0.0;0.0;0.0;0.0;0.0;0.0;0.0;0.0;0.0;0.0;0.011968
10106;0.470588;0.323529;0.068627;0.04902;0.078431;0.0;0.0;0.0;0.0;0.0;0.0;0.0;0.0;0.0;0.0;0.009804
10107;0.484522;0.286676;0.091521;0.032301;0.100942;0.0;0.0;0.0;0.0;0.0;0.0;0.0;0.0;0.0;0.0;0.004038
10108;0.373913;0.313043;0.234783;0.043478;0.034783;0.0;0.0;0.0;0.0;0.0;0.0;0.0;0.0;0.0;0.0;0.0
10109;0.424152;0.277445;0.147705;0.06986;0.06986;0.0;0.0;0.0;0.0;0.0;0.0;0.0;0.0;0.0;0.0;0.010978
10110;0.348169;0.256281;0.232592;0.061737;0.083274;0.0;0.0;0.0;0.0;0.0;0.0;0.0;0.0;0.0;0.0;0.017947
10111;0.351916;0.295006;0.195122;0.056911;0.084785;0.0;0.0;0.0;0.0;0.0;0.0;0.0;0.0;0.0;0.0;0.01626
10112;0.364683;0.368522;0.1881;0.023992;0.045106;0.0;0.0;0.0;0.0;0.0;0.0;0.0;0.0;0.0;0.0;0.009597
10113;0.485944;0.198795;0.123829;0.045515;0.130522;0.0;0.0;0.0;0.0;0.0;0.0;0.0;0.0;0.0;0.0;0.015395
10114;0.55309;0.101426;0.096672;0.064976;0.174326;0.0;0.0;0.0;0.0;0.0;0.0;0.0;0.0;0.0;0.0;0.009509
10115;0.377412;0.29582;0.135852;0.07717;0.098473;0.0;0.0;0.0;0.0;0.0;0.0;0.0;0.0;0.0;0.0;0.015273
10116;0.420946;0.192479;0.16296;0.066721;0.141124;0.0;0.0;0.0;0.0;0.0;0.0;0.0;0.0;0.0;0.0;0.01577
10117;0.653846;0.246154;0.076923;0.015385;0.007692;0.0;0.0;0.0;0.0;0.0;0.0;0.0;0.0;0.0;0.0;0.0
10118;0.543478;0.23913;0.117391;0.021739;0.073913;0.0;0.0;0.0;0.0;0.0;0.0;0.0;0.0;0.0;0.0;0.004348
10119;0.485437;0.240291;0.148058;0.058252;0.063107;0.0;0.0;0.0;0.0;0.0;0.0;0.0;0.0;0.0;0.0;0.004854
10120;0.463918;0.309278;0.113402;0.020619;0.030928;0.0;0.0;0.0;0.0;0.0;0.0;0.0;0.0;0.0;0.0;0.061856
10121;0.384167;0.281074;0.164754;0.062439;0.094145;0.0;0.0;0.0;0.0;0.0;0.0;0.0;0.0;0.0;0.0;0.013422
10122;0.393548;0.258065;0.225806;0.012903;0.096774;0.0;0.0;0.0;0.0;0.0;0.0;0.0;0.0;0.0;0.0;0.012903
10123;0.581236;0.210526;0.107551;0.036613;0.061785;0.0;0.0;0.0;0.0;0.0;0.0;0.0;0.0;0.0;0.0;0.002288
10124;0.484452;0.222586;0.184943;0.040917;0.067103;0.0;0.0;0.0;0.0;0.0;0.0;0.0;0.0;0.0;0.0;0.0
10125;0.412523;0.285451;0.191529;0.047882;0.058932;0.0;0.0;0.0;0.0;0.0;0.0;0.0;0.0;0.0;0.0;0.003683
10126;0.372737;0.370607;0.15229;0.050053;0.045793;0.0;0.0;0.0;0.0;0.0;0.0;0.0;0.0;0.0;0.0;0.00852
10127;0.338095;0.230272;0.220068;0.080612;0.116327;0.0;0.0;0.0;0.0;0.0;0.0;0.0;0.0;0.0;0.0;0.014626
10128;0.432508;0.246312;0.180907;0.062065;0.066797;0.0;0.0;0.0;0.0;0.0;0.0;0.0;0.0;0.0;0.0;0.011411
10129;0.493333;0.208889;0.146667;0.057778;0.071111;0.0;0.0;0.0;0.0;0.0;0.0;0.0;0.0;0.0;0.0;0.022222
10130;0.51145;0.224767;0.076336;0.032231;0.145038;0.0;0.0;0.0;0.0;0.0;0.0;0.0;0.0;0.0;0.0;0.010178
10131;0.296372;0.28283;0.241112;0.073277;0.089117;0.0;0.0;0.0;0.0;0.0;0.0;0.0;0.0;0.0;0.0;0.017291
10132;0.570248;0.210744;0.165289;0.03719;0.016529;0.0;0.0;0.0;0.0;0.0;0.0;0.0;0.0;0.0;0.0;0.0
10133;0.699663;0.110236;0.048369;0.033746;0.103487;0.0;0.0;0.0;0.0;0.0;0.0;0.0;0.0;0.0;0.0;0.004499
10134;0.305949;0.416431;0.189802;0.036827;0.042493;0.0;0.0;0.0;0.0;0.0;0.0;0.0;0.0;0.0;0.0;0.008499
10135;0.420413;0.388821;0.132442;0.031592;0.021871;0.0;0.0;0.0;0.0;0.0;0.0;0.0;0.0;0.0;0.0;0.00486
10136;0.467662;0.258706;0.099502;0.094527;0.059701;0.0;0.0;0.0;0.0;0.0;0.0;0.0;0.0;0.0;0.0;0.0199
10137;0.457338;0.303754;0.09215;0.09215;0.051195;0.0;0.0;0.0;0.0;0.0;0.0;0.0;0.0;0.0;0.0;0.003413
10138;0.591512;0.159151;0.06366;0.047745;0.127321;0.0;0.0;0.0;0.0;0.0;0.0;0.0;0.0;0.0;0.0;0.01061
10139;0.484375;0.34375;0.03125;0.0625;0.0625;0.0;0.0;0.0;0.0;0.0;0.0;0.0;0.0;0.0;0.0;0.015625
10140;0.356955;0.271654;0.28084;0.047244;0.040682;0.0;0.0;0.0;0.0;0.0;0.0;0.0;0.0;0.0;0.0;0.002625
10141;0.455882;0.27451;0.20098;0.044118;0.004902;0.0;0.0;0.0;0.0;0.0;0.0;0.0;0.0;0.0;0.0;0.019608
10142;0.497217;0.191095;0.096475;0.06308;0.141002;0.0;0.0;0.0;0.0;0.0;0.0;0.0;0.0;0.0;0.0;0.011132
10143;0.504762;0.295238;0.114286;0.028571;0.047619;0.0;0.0;0.0;0.0;0.0;0.0;0.0;0.0;0.0;0.0;0.009524
10144;0.457655;0.285016;0.143322;0.068404;0.040717;0.0;0.0;0.0;0.0;0.0;0.0;0.0;0.0;0.0;0.0;0.004886
10145;0.440476;0.345238;0.095238;0.059524;0.047619;0.0;0.0;0.0;0.0;0.0;0.0;0.0;0.0;0.0;0.0;0.011905
10146;0.41796;0.239468;0.198448;0.046563;0.090909;0.0;0.0;0.0;0.0;0.0;0.0;0.0;0.0;0.0;0.0;0.006652
10147;0.589651;0.186522;0.054152;0.033694;0.123947;0.0;0.0;0.0;0.0;0.0;0.0;0.0;0.0;0.0;0.0;0.012034
10148;0.339465;0.289531;0.156942;0.087668;0.106393;0.0;0.0;0.0;0.0;0.0;0.0;0.0;0.0;0.0;0.0;0.020002
10149;0.47482;0.31295;0.100719;0.046763;0.046763;0.0;0.0;0.0;0.0;0.0;0.0;0.0;0.0;0.0;0.0;0.017986
10150;0.591912;0.209559;0.084559;0.044118;0.066176;0.0;0.0;0.0;0.0;0.0;0.0;0.0;0.0;0.0;0.0;0.003676
10151;0.557143;0.257143;0.092857;0.064286;0.028571;0.0;0.0;0.0;0.0;0.0;0.0;0.0;0.0;0.0;0.0;0.0
10152;0.485342;0.218241;0.211726;0.029316;0.055375;0.0;0.0;0.0;0.0;0.0;0.0;0.0;0.0;0.0;0.0;0.0
10153;0.298343;0.469613;0.082873;0.044199;0.088398;0.0;0.0;0.0;0.0;0.0;0.0;0.0;0.0;0.0;0.0;0.016575
10154;0.422414;0.318966;0.077586;0.060345;0.094828;0.0;0.0;0.0;0.0;0.0;0.0;0.0;0.0;0.0;0.0;0.025862
10155;0.445851;0.251758;0.144866;0.04782;0.105485;0.0;0.0;0.0;0.0;0.0;0.0;0.0;0.0;0.0;0.0;0.004219
10156;0.507246;0.246377;0.043478;0.028986;0.144928;0.0;0.0;0.0;0.0;0.0;0.0;0.0;0.0;0.0;0.0;0.028986
10157;0.329193;0.335404;0.149068;0.043478;0.130435;0.0;0.0;0.0;0.0;0.0;0.0;0.0;0.0;0.0;0.0;0.012422
10158;0.585774;0.192469;0.138075;0.033473;0.050209;0.0;0.0;0.0;0.0;0.0;0.0;0.0;0.0;0.0;0.0;0.0
10159;0.468293;0.2;0.287805;0.039024;0.004878;0.0;0.0;0.0;0.0;0.0;0.0;0.0;0.0;0.0;0.0;0.0
10160;0.537143;0.217143;0.137143;0.045714;0.057143;0.0;0.0;0.0;0.0;0.0;0.0;0.0;0.0;0.0;0.0;0.005714
10161;0.46;0.2;0.24;0.02;0.08;0.0;0.0;0.0;0.0;0.0;0.0;0.0;0.0;0.0;0.0;0.0
10162;0.638462;0.210256;0.071795;0.020513;0.051282;0.0;0.0;0.0;0.0;0.0;0.0;0.0;0.0;0.0;0.0;0.007692
10163;0.444915;0.292373;0.152542;0.063559;0.029661;0.0;0.0;0.0;0.0;0.0;0.0;0.0;0.0;0.0;0.0;0.016949
10164;0.484127;0.224868;0.148148;0.055556;0.074074;0.0;0.0;0.0;0.0;0.0;0.0;0.0;0.0;0.0;0.0;0.013228
10165;0.429293;0.429293;0.080808;0.010101;0.040404;0.0;0.0;0.0;0.0;0.0;0.0;0.0;0.0;0.0;0.0;0.010101
10166;0.317949;0.476923;0.107692;0.041026;0.051282;0.0;0.0;0.0;0.0;0.0;0.0;0.0;0.0;0.0;0.0;0.005128
10167;0.464646;0.388889;0.111111;0.010101;0.020202;0.0;0.0;0.0;0.0;0.0;0.0;0.0;0.0;0.0;0.0;0.005051
10168;0.44878;0.282927;0.160976;0.063415;0.034146;0.0;0.0;0.0;0.0;0.0;0.0;0.0;0.0;0.0;0.0;0.009756
10169;0.393443;0.379781;0.112022;0.062842;0.046448;0.0;0.0;0.0;0.0;0.0;0.0;0.0;0.0;0.0;0.0;0.005464
10170;0.3375;0.4125;0.10625;0.025;0.1;0.0;0.0;0.0;0.0;0.0;0.0;0.0;0.0;0.0;0.0;0.01875
10171;0.559633;0.321101;0.059633;0.013761;0.03211;0.0;0.0;0.0;0.0;0.0;0.0;0.0;0.0;0.0;0.0;0.013761
10172;0.410959;0.283105;0.157534;0.031963;0.111872;0.0;0.0;0.0;0.0;0.0;0.0;0.0;0.0;0.0;0.0;0.004566
10173;0.334211;0.202632;0.307895;0.047368;0.081579;0.0;0.0;0.0;0.0;0.0;0.0;0.0;0.0;0.0;0.0;0.026316
10174;0.363636;0.327273;0.163636;0.054545;0.063636;0.0;0.0;0.0;0.0;0.0;0.0;0.0;0.0;0.0;0.0;0.027273
10175;0.449048;0.266517;0.148936;0.045913;0.085106;0.0;0.0;0.0;0.0;0.0;0.0;0.0;0.0;0.0;0.0;0.004479
10176;0.421801;0.184834;0.21327;0.080569;0.094787;0.0;0.0;0.0;0.0;0.0;0.0;0.0;0.0;0.0;0.0;0.004739
10177;0.422619;0.190476;0.159864;0.121599;0.088435;0.0;0.0;0.0;0.0;0.0;0.0;0.0;0.0;0.0;0.0;0.017007
10178;0.409369;0.358452;0.107943;0.046843;0.0611;0.0;0.0;0.0;0.0;0.0;0.0;0.0;0.0;0.0;0.0;0.016293
10179;0.47343;0.241546;0.115942;0.038647;0.115942;0.0;0.0;0.0;0.0;0.0;0.0;0.0;0.0;0.0;0.0;0.014493
10180;0.331511;0.207731;0.336587;0.053104;0.060133;0.0;0.0;0.0;0.0;0.0;0.0;0.0;0.0;0.0;0.0;0.010933
10181;0.5;0.230435;0.136957;0.065217;0.06087;0.0;0.0;0.0;0.0;0.0;0.0;0.0;0.0;0.0;0.0;0.006522
10182;0.382716;0.246914;0.296296;0.012346;0.061728;0.0;0.0;0.0;0.0;0.0;0.0;0.0;0.0;0.0;0.0;0.0
10183;0.427313;0.303965;0.136564;0.048458;0.07489;0.0;0.0;0.0;0.0;0.0;0.0;0.0;0.0;0.0;0.0;0.008811
10184;0.426036;0.319527;0.110454;0.053254;0.086785;0.0;0.0;0.0;0.0;0.0;0.0;0.0;0.0;0.0;0.0;0.003945
10185;0.379032;0.333333;0.16129;0.024194;0.094086;0.0;0.0;0.0;0.0;0.0;0.0;0.0;0.0;0.0;0.0;0.008065
10186;0.460905;0.29904;0.122085;0.057613;0.053498;0.0;0.0;0.0;0.0;0.0;0.0;0.0;0.0;0.0;0.0;0.006859
10187;0.480427;0.238434;0.067616;0.032028;0.174377;0.0;0.0;0.0;0.0;0.0;0.0;0.0;0.0;0.0;0.0;0.007117
10188;0.488235;0.252941;0.167647;0.038235;0.044118;0.0;0.0;0.0;0.0;0.0;0.0;0.0;0.0;0.0;0.0;0.008824
10189;0.439169;0.245697;0.148368;0.050445;0.106825;0.0;0.0;0.0;0.0;0.0;0.0;0.0;0.0;0.0;0.0;0.009496
10190;0.393651;0.292063;0.165079;0.034921;0.098413;0.0;0.0;0.0;0.0;0.0;0.0;0.0;0.0;0.0;0.0;0.015873
10191;0.377778;0.261111;0.177778;0.058333;0.116667;0.0;0.0;0.0;0.0;0.0;0.0;0.0;0.0;0.0;0.0;0.008333
10192;0.4375;0.3625;0.132143;0.035714;0.032143;0.0;0.0;0.0;0.0;0.0;0.0;0.0;0.0;0.0;0.0;0.0
10193;0.275761;0.321884;0.269872;0.076546;0.046124;0.0;0.0;0.0;0.0;0.0;0.0;0.0;0.0;0.0;0.0;0.009814
10194;0.363184;0.300995;0.19403;0.067164;0.064677;0.0;0.0;0.0;0.0;0.0;0.0;0.0;0.0;0.0;0.0;0.00995
10195;0.345226;0.308371;0.197804;0.067046;0.070182;0.0;0.0;0.0;0.0;0.0;0.0;0.0;0.0;0.0;0.0;0.01137
10196;0.477833;0.300493;0.073892;0.044335;0.098522;0.0;0.0;0.0;0.0;0.0;0.0;0.0;0.0;0.0;0.0;0.004926
10197;0.297297;0.405405;0.22973;0.027027;0.040541;0.0;0.0;0.0;0.0;0.0;0.0;0.0;0.0;0.0;0.0;0.0
10198;0.383051;0.471186;0.091525;0.038418;0.011299;0.0;0.0;0.0;0.0;0.0;0.0;0.0;0.0;0.0;0.0;0.00452
10199;0.257732;0.257732;0.309278;0.103093;0.030928;0.0;0.0;0.0;0.0;0.0;0.0;0.0;0.0;0.0;0.0;0.041237
10200;0.421488;0.342975;0.181818;0.024793;0.028926;0.0;0.0;0.0;0.0;0.0;0.0;0.0;0.0;0.0;0.0;0.0
10201;0.52518;0.280576;0.100719;0.057554;0.028777;0.0;0.0;0.0;0.0;0.0;0.0;0.0;0.0;0.0;0.0;0.007194
10202;0.380531;0.199115;0.09292;0.232301;0.070796;0.0;0.0;0.0;0.0;0.0;0.0;0.0;0.0;0.0;0.0;0.024336
10203;0.35613;0.284467;0.202619;0.059294;0.078574;0.0;0.0;0.0;0.0;0.0;0.0;0.0;0.0;0.0;0.0;0.018916
10204;0.388112;0.307692;0.115385;0.087413;0.090909;0.0;0.0;0.0;0.0;0.0;0.0;0.0;0.0;0.0;0.0;0.01049
10205;0.480732;0.210019;0.129094;0.043353;0.122351;0.0;0.0;0.0;0.0;0.0;0.0;0.0;0.0;0.0;0.0;0.014451
10206;0.43609;0.300752;0.12782;0.045113;0.075188;0.0;0.0;0.0;0.0;0.0;0.0;0.0;0.0;0.0;0.0;0.015038
10207;0.446735;0.295533;0.154639;0.04811;0.054983;0.0;0.0;0.0;0.0;0.0;0.0;0.0;0.0;0.0;0.0;0.0
10208;0.578313;0.301205;0.072289;0.0;0.036145;0.0;0.0;0.0;0.0;0.0;0.0;0.0;0.0;0.0;0.0;0.012048
10209;0.52349;0.221477;0.134228;0.013423;0.087248;0.0;0.0;0.0;0.0;0.0;0.0;0.0;0.0;0.0;0.0;0.020134
10210;0.559486;0.21865;0.135048;0.038585;0.045016;0.0;0.0;0.0;0.0;0.0;0.0;0.0;0.0;0.0;0.0;0.003215
10211;0.563333;0.226667;0.103333;0.05;0.046667;0.0;0.0;0.0;0.0;0.0;0.0;0.0;0.0;0.0;0.0;0.01
10212;0.4204;0.183985;0.125834;0.047664;0.203051;0.0;0.0;0.0;0.0;0.0;0.0;0.0;0.0;0.0;0.0;0.019066
10213;0.418182;0.324675;0.184416;0.036364;0.028571;0.0;0.0;0.0;0.0;0.0;0.0;0.0;0.0;0.0;0.0;0.007792
10214;0.339286;0.428571;0.125;0.041667;0.053571;0.0;0.0;0.0;0.0;0.0;0.0;0.0;0.0;0.0;0.0;0.011905
10215;0.503846;0.265385;0.088462;0.019231;0.111538;0.0;0.0;0.0;0.0;0.0;0.0;0.0;0.0;0.0;0.0;0.011538
10216;0.386603;0.344498;0.142584;0.054545;0.066029;0.0;0.0;0.0;0.0;0.0;0.0;0.0;0.0;0.0;0.0;0.005742
10217;0.377005;0.387701;0.163102;0.026738;0.037433;0.0;0.0;0.0;0.0;0.0;0.0;0.0;0.0;0.0;0.0;0.008021
10218;0.528274;0.260417;0.108631;0.068452;0.028274;0.0;0.0;0.0;0.0;0.0;0.0;0.0;0.0;0.0;0.0;0.005952
10219;0.466765;0.252585;0.14771;0.05613;0.064993;0.0;0.0;0.0;0.0;0.0;0.0;0.0;0.0;0.0;0.0;0.011817
10901;0.355053;0.25266;0.264628;0.033245;0.083777;0.0;0.0;0.0;0.0;0.0;0.0;0.0;0.0;0.0;0.0;0.010638
10902;0.467611;0.307692;0.165992;0.04251;0.006073;0.0;0.0;0.0;0.0;0.0;0.0;0.0;0.0;0.0;0.0;0.010121
10903;0.461825;0.210428;0.122905;0.108007;0.083799;0.0;0.0;0.0;0.0;0.0;0.0;0.0;0.0;0.0;0.0;0.013035
10904;0.402151;0.195699;0.277419;0.049462;0.066667;0.0;0.0;0.0;0.0;0.0;0.0;0.0;0.0;0.0;0.0;0.008602
10905;0.335681;0.234742;0.28169;0.096244;0.035211;0.0;0.0;0.0;0.0;0.0;0.0;0.0;0.0;0.0;0.0;0.016432
11001;0.480088;0.144912;0.19764;0.06969;0.091077;0.0;0.0;0.0;0.0;0.0;0.0;0.0;0.0;0.0;0.0;0.016593
11002;0.473348;0.042771;0.032237;0.020428;0.42579;0.0;0.0;0.0;0.0;0.0;0.0;0.0;0.0;0.0;0.0;0.005426
11003;0.354756;0.25964;0.263496;0.061697;0.053985;0.0;0.0;0.0;0.0;0.0;0.0;0.0;0.0;0.0;0.0;0.006427
11004;0.280486;0.189839;0.288416;0.088692;0.128346;0.0;0.0;0.0;0.0;0.0;0.0;0.0;0.0;0.0;0.0;0.024221
11005;0.494068;0.162945;0.136776;0.070482;0.125611;0.0;0.0;0.0;0.0;0.0;0.0;0.0;0.0;0.0;0.0;0.010119
11006;0.388254;0.172692;0.213211;0.095417;0.115643;0.0;0.0;0.0;0.0;0.0;0.0;0.0;0.0;0.0;0.0;0.014783
11007;0.316513;0.182963;0.196391;0.089593;0.153693;0.0;0.0;0.0;0.0;0.0;0.0;0.0;0.0;0.0;0.0;0.060848
11008;0.300745;0.151437;0.273687;0.098297;0.15055;0.0;0.0;0.0;0.0;0.0;0.0;0.0;0.0;0.0;0.0;0.025284
11009;0.348718;0.302564;0.174359;0.076923;0.079487;0.0;0.0;0.0;0.0;0.0;0.0;0.0;0.0;0.0;0.0;0.017949
11010;0.411426;0.131289;0.180031;0.078878;0.183438;0.0;0.0;0.0;0.0;0.0;0.0;0.0;0.0;0.0;0.0;0.014937
11011;0.328996;0.195167;0.226766;0.083643;0.139405;0.0;0.0;0.0;0.0;0.0;0.0;0.0;0.0;0.0;0.0;0.026022
11012;0.294353;0.207042;0.12621;0.081259;0.260544;0.0;0.0;0.0;0.0;0.0;0.0;0.0;0.0;0.0;0.0;0.030592
11013;0.421471;0.145129;0.213386;0.092777;0.117959;0.0;0.0;0.0;0.0;0.0;0.0;0.0;0.0;0.0;0.0;0.009278
11014;0.295474;0.168667;0.181707;0.118114;0.198337;0.0;0.0;0.0;0.0;0.0;0.0;0.0;0.0;0.0;0.0;0.037702
11015;0.268598;0.18021;0.259911;0.102877;0.161716;0.0;0.0;0.0;0.0;0.0;0.0;0.0;0.0;0.0;0.0;0.026688
11016;0.29873;0.175925;0.269023;0.095527;0.135284;0.0;0.0;0.0;0.0;0.0;0.0;0.0;0.0;0.0;0.0;0.025511
11017;0.480427;0.167768;0.132689;0.067616;0.141332;0.0;0.0;0.0;0.0;0.0;0.0;0.0;0.0;0.0;0.0;0.010168
11018;0.414861;0.241486;0.204334;0.071207;0.049536;0.0;0.0;0.0;0.0;0.0;0.0;0.0;0.0;0.0;0.0;0.018576
11019;0.377049;0.235548;0.177739;0.073339;0.111303;0.0;0.0;0.0;0.0;0.0;0.0;0.0;0.0;0.0;0.0;0.025022
11020;0.295268;0.187477;0.232699;0.099773;0.160792;0.0;0.0;0.0;0.0;0.0;0.0;0.0;0.0;0.0;0.0;0.023991
11021;0.399601;0.154588;0.181848;0.103391;0.145612;0.0;0.0;0.0;0.0;0.0;0.0;0.0;0.0;0.0;0.0;0.01496
11022;0.313978;0.180403;0.242008;0.100733;0.12962;0.0;0.0;0.0;0.0;0.0;0.0;0.0;0.0;0.0;0.0;0.033258
11023;0.44863;0.138943;0.162916;0.073549;0.162753;0.0;0.0;0.0;0.0;0.0;0.0;0.0;0.0;0.0;0.0;0.013209
11024;0.428835;0.197693;0.121107;0.089735;0.154556;0.0;0.0;0.0;0.0;0.0;0.0;0.0;0.0;0.0;0.0;0.008074
11025;0.529864;0.15317;0.130817;0.051301;0.104067;0.0;0.0;0.0;0.0;0.0;0.0;0.0;0.0;0.0;0.0;0.030781
11026;0.326923;0.271673;0.203297;0.079976;0.099512;0.0;0.0;0.0;0.0;0.0;0.0;0.0;0.0;0.0;0.0;0.01862
11027;0.25405;0.214584;0.23361;0.091093;0.18066;0.0;0.0;0.0;0.0;0.0;0.0;0.0;0.0;0.0;0.0;0.026004
11028;0.379029;0.095765;0.106353;0.066763;0.317982;0.0;0.0;0.0;0.0;0.0;0.0;0.0;0.0;0.0;0.0;0.034108
11029;0.381477;0.106578;0.226755;0.055494;0.216832;0.0;0.0;0.0;0.0;0.0;0.0;0.0;0.0;0.0;0.0;0.012863
11030;0.260032;0.207664;0.24967;0.100285;0.155574;0.0;0.0;0.0;0.0;0.0;0.0;0.0;0.0;0.0;0.0;0.026775
11031;0.288781;0.179076;0.246368;0.093489;0.160493;0.0;0.0;0.0;0.0;0.0;0.0;0.0;0.0;0.0;0.0;0.031794
11032;0.317453;0.155398;0.23006;0.104832;0.170531;0.0;0.0;0.0;0.0;0.0;0.0;0.0;0.0;0.0;0.0;0.021726
11033;0.320975;0.189706;0.244659;0.090248;0.132663;0.0;0.0;0.0;0.0;0.0;0.0;0.0;0.0;0.0;0.0;0.021749
11034;0.485034;0.165986;0.163265;0.084354;0.07619;0.0;0.0;0.0;0.0;0.0;0.0;0.0;0.0;0.0;0.0;0.02517
11035;0.322573;0.182082;0.226454;0.087777;0.152581;0.0;0.0;0.0;0.0;0.0;0.0;0.0;0.0;0.0;0.0;0.028533
11036;0.510526;0.223684;0.118421;0.036842;0.094737;0.0;0.0;0.0;0.0;0.0;0.0;0.0;0.0;0.0;0.0;0.015789
11037;0.297717;0.070134;0.054601;0.024947;0.542481;0.0;0.0;0.0;0.0;0.0;0.0;0.0;0.0;0.0;0.0;0.01012
11038;0.324616;0.246577;0.212499;0.10594;0.088026;0.0;0.0;0.0;0.0;0.0;0.0;0.0;0.0;0.0;0.0;0.022341
11039;0.366661;0.26498;0.163809;0.070956;0.110847;0.0;0.0;0.0;0.0;0.0;0.0;0.0;0.0;0.0;0.0;0.022747
11040;0.613707;0.11838;0.121495;0.065421;0.065421;0.0;0.0;0.0;0.0;0.0;0.0;0.0;0.0;0.0;0.0;0.015576
11041;0.361582;0.193866;0.216788;0.095561;0.102341;0.0;0.0;0.0;0.0;0.0;0.0;0.0;0.0;0.0;0.0;0.029863
11042;0.454892;0.205845;0.212198;0.054638;0.060991;0.0;0.0;0.0;0.0;0.0;0.0;0.0;0.0;0.0;0.0;0.011436
11901;0.488152;0.15138;0.155004;0.065236;0.115696;0.0;0.0;0.0;0.0;0.0;0.0;0.0;0.0;0.0;0.0;0.024533
11902;0.406738;0.217285;0.208496;0.08252;0.068359;0.0;0.0;0.0;0.0;0.0;0.0;0.0;0.0;0.0;0.0;0.016602
11903;0.418906;0.154773;0.206673;0.07785;0.128823;0.0;0.0;0.0;0.0;0.0;0.0;0.0;0.0;0.0;0.0;0.012975
12001;0.326772;0.292651;0.125984;0.040682;0.203412;0.0;0.0;0.0;0.0;0.0;0.0;0.0;0.0;0.0;0.0;0.010499
12002;0.376344;0.107527;0.032258;0.032258;0.408602;0.0;0.0;0.0;0.0;0.0;0.0;0.0;0.0;0.0;0.0;0.043011
12003;0.231322;0.314655;0.216954;0.051724;0.163793;0.0;0.0;0.0;0.0;0.0;0.0;0.0;0.0;0.0;0.0;0.021552
12004;0.289081;0.235009;0.213865;0.062738;0.186135;0.0;0.0;0.0;0.0;0.0;0.0;0.0;0.0;0.0;0.0;0.013172
12005;0.311075;0.208174;0.201241;0.058201;0.20343;0.0;0.0;0.0;0.0;0.0;0.0;0.0;0.0;0.0;0.0;0.01788
12006;0.412214;0.206107;0.137405;0.030534;0.21374;0.0;0.0;0.0;0.0;0.0;0.0;0.0;0.0;0.0;0.0;0.0
12007;0.194444;0.362745;0.099673;0.031046;0.295752;0.0;0.0;0.0;0.0;0.0;0.0;0.0;0.0;0.0;0.0;0.01634
12008;0.264249;0.378238;0.176166;0.015544;0.15544;0.0;0.0;0.0;0.0;0.0;0.0;0.0;0.0;0.0;0.0;0.010363
12009;0.283921;0.224446;0.227317;0.076866;0.17219;0.0;0.0;0.0;0.0;0.0;0.0;0.0;0.0;0.0;0.0;0.015258
12010;0.342391;0.244565;0.103261;0.086957;0.217391;0.0;0.0;0.0;0.0;0.0;0.0;0.0;0.0;0.0;0.0;0.005435
12011;0.368221;0.191881;0.14621;0.056454;0.21313;0.0;0.0;0.0;0.0;0.0;0.0;0.0;0.0;0.0;0.0;0.024104
12012;0.371331;0.265166;0.120352;0.054795;0.176125;0.0;0.0;0.0;0.0;0.0;0.0;0.0;0.0;0.0;0.0;0.012231
12013;0.304762;0.266667;0.104762;0.047619;0.257143;0.0;0.0;0.0;0.0;0.0;0.0;0.0;0.0;0.0;0.0;0.019048
12014;0.378378;0.261261;0.144144;0.036036;0.171171;0.0;0.0;0.0;0.0;0.0;0.0;0.0;0.0;0.0;0.0;0.009009
12015;0.138298;0.191489;0.106383;0.042553;0.521277;0.0;0.0;0.0;0.0;0.0;0.0;0.0;0.0;0.0;0.0;0.0
12016;0.326531;0.289796;0.228571;0.039184;0.111837;0.0;0.0;0.0;0.0;0.0;0.0;0.0;0.0;0.0;0.0;0.004082
12017;0.296296;0.453704;0.12037;0.037037;0.083333;0.0;0.0;0.0;0.0;0.0;0.0;0.0;0.0;0.0;0.0;0.009259
12018;0.368421;0.27193;0.140351;0.061404;0.149123;0.0;0.0;0.0;0.0;0.0;0.0;0.0;0.0;0.0;0.0;0.008772
12020;0.117647;0.411765;0.362745;0.039216;0.04902;0.0;0.0;0.0;0.0;0.0;0.0;0.0;0.0;0.0;0.0;0.019608
12021;0.282589;0.189522;0.19168;0.048998;0.277658;0.0;0.0;0.0;0.0;0.0;0.0;0.0;0.0;0.0;0.0;0.009553
12022;0.301205;0.313253;0.168675;0.040161;0.172691;0.0;0.0;0.0;0.0;0.0;0.0;0.0;0.0;0.0;0.0;0.004016
12024;0.311321;0.103774;0.245283;0.056604;0.264151;0.0;0.0;0.0;0.0;0.0;0.0;0.0;0.0;0.0;0.0;0.018868
12025;0.282051;0.294872;0.102564;0.025641;0.294872;0.0;0.0;0.0;0.0;0.0;0.0;0.0;0.0;0.0;0.0;0.0
12026;0.293694;0.363964;0.135135;0.045045;0.153153;0.0;0.0;0.0;0.0;0.0;0.0;0.0;0.0;0.0;0.0;0.009009
12027;0.282836;0.216169;0.20441;0.063554;0.202681;0.0;0.0;0.0;0.0;0.0;0.0;0.0;0.0;0.0;0.0;0.03035
12028;0.222717;0.269;0.19942;0.092462;0.196417;0.0;0.0;0.0;0.0;0.0;0.0;0.0;0.0;0.0;0.0;0.019983
12029;0.388998;0.225933;0.131631;0.027505;0.212181;0.0;0.0;0.0;0.0;0.0;0.0;0.0;0.0;0.0;0.0;0.013752
12031;0.256653;0.207633;0.209734;0.061625;0.246148;0.0;0.0;0.0;0.0;0.0;0.0;0.0;0.0;0.0;0.0;0.018207
12032;0.269316;0.241433;0.230232;0.071605;0.169226;0.0;0.0;0.0;0.0;0.0;0.0;0.0;0.0;0.0;0.0;0.018187
12033;0.288546;0.29442;0.184288;0.050661;0.167401;0.0;0.0;0.0;0.0;0.0;0.0;0.0;0.0;0.0;0.0;0.014684
12034;0.324975;0.218656;0.221665;0.036108;0.17653;0.0;0.0;0.0;0.0;0.0;0.0;0.0;0.0;0.0;0.0;0.022066
12036;0.323907;0.313625;0.187661;0.020566;0.141388;0.0;0.0;0.0;0.0;0.0;0.0;0.0;0.0;0.0;0.0;0.012853
12037;0.416667;0.25;0.0;0.0;0.333333;0.0;0.0;0.0;0.0;0.0;0.0;0.0;0.0;0.0;0.0;0.0
12038;0.237113;0.443299;0.185567;0.020619;0.113402;0.0;0.0;0.0;0.0;0.0;0.0;0.0;0.0;0.0;0.0;0.0
12039;0.360731;0.375951;0.073059;0.063927;0.126332;0.0;0.0;0.0;0.0;0.0;0.0;0.0;0.0;0.0;0.0;0.0
12040;0.281322;0.230797;0.18468;0.0814;0.20356;0.0;0.0;0.0;0.0;0.0;0.0;0.0;0.0;0.0;0.0;0.01824
12041;0.19403;0.402985;0.223881;0.074627;0.074627;0.0;0.0;0.0;0.0;0.0;0.0;0.0;0.0;0.0;0.0;0.029851
12042;0.187643;0.482838;0.208238;0.036613;0.073227;0.0;0.0;0.0;0.0;0.0;0.0;0.0;0.0;0.0;0.0;0.011442
12043;0.244949;0.257576;0.262626;0.015152;0.20202;0.0;0.0;0.0;0.0;0.0;0.0;0.0;0.0;0.0;0.0;0.017677
12044;0.435967;0.286104;0.111717;0.016349;0.138965;0.0;0.0;0.0;0.0;0.0;0.0;0.0;0.0;0.0;0.0;0.010899
12045;0.386266;0.197425;0.081545;0.051502;0.270386;0.0;0.0;0.0;0.0;0.0;0.0;0.0;0.0;0.0;0.0;0.012876
12046;0.366412;0.244275;0.137405;0.045802;0.198473;0.0;0.0;0.0;0.0;0.0;0.0;0.0;0.0;0.0;0.0;0.007634
12048;0.337748;0.364238;0.13245;0.02649;0.125828;0.0;0.0;0.0;0.0;0.0;0.0;0.0;0.0;0.0;0.0;0.013245
12049;0.365449;0.17608;0.142857;0.046512;0.262458;0.0;0.0;0.0;0.0;0.0;0.0;0.0;0.0;0.0;0.0;0.006645
12050;0.402027;0.246622;0.114865;0.031532;0.193694;0.0;0.0;0.0;0.0;0.0;0.0;0.0;0.0;0.0;0.0;0.011261
12051;0.130137;0.60274;0.160959;0.020548;0.078767;0.0;0.0;0.0;0.0;0.0;0.0;0.0;0.0;0.0;0.0;0.006849
12052;0.274809;0.310433;0.259542;0.038168;0.109415;0.0;0.0;0.0;0.0;0.0;0.0;0.0;0.0;0.0;0.0;0.007634
12053;0.308084;0.297899;0.164227;0.043921;0.178867;0.0;0.0;0.0;0.0;0.0;0.0;0.0;0.0;0.0;0.0;0.007002
12055;0.216216;0.297297;0.148649;0.0;0.283784;0.0;0.0;0.0;0.0;0.0;0.0;0.0;0.0;0.0;0.0;0.054054
12056;0.318182;0.247475;0.141414;0.030303;0.257576;0.0;0.0;0.0;0.0;0.0;0.0;0.0;0.0;0.0;0.0;0.005051
12057;0.364679;0.256881;0.100917;0.061927;0.199541;0.0;0.0;0.0;0.0;0.0;0.0;0.0;0.0;0.0;0.0;0.016055
12058;0.090909;0.5;0.181818;0.068182;0.113636;0.0;0.0;0.0;0.0;0.0;0.0;0.0;0.0;0.0;0.0;0.045455
12059;0.331492;0.248619;0.232044;0.016575;0.165746;0.0;0.0;0.0;0.0;0.0;0.0;0.0;0.0;0.0;0.0;0.005525
12060;0.225627;0.292479;0.225627;0.030641;0.206128;0.0;0.0;0.0;0.0;0.0;0.0;0.0;0.0;0.0;0.0;0.019499
12061;0.400778;0.210117;0.081712;0.058366;0.225681;0.0;0.0;0.0;0.0;0.0;0.0;0.0;0.0;0.0;0.0;0.023346
12063;0.333333;0.1;0.0;0.066667;0.466667;0.0;0.0;0.0;0.0;0.0;0.0;0.0;0.0;0.0;0.0;0.033333
12064;0.391304;0.405797;0.057971;0.0;0.130435;0.0;0.0;0.0;0.0;0.0;0.0;0.0;0.0;0.0;0.0;0.014493
12065;0.304965;0.404255;0.148936;0.056738;0.085106;0.0;0.0;0.0;0.0;0.0;0.0;0.0;0.0;0.0;0.0;0.0
12067;0.378378;0.272973;0.137838;0.048649;0.156757;0.0;0.0;0.0;0.0;0.0;0.0;0.0;0.0;0.0;0.0;0.005405
12068;0.333333;0.380952;0.047619;0.047619;0.190476;0.0;0.0;0.0;0.0;0.0;0.0;0.0;0.0;0.0;0.0;0.0
12069;0.157895;0.289474;0.289474;0.105263;0.131579;0.0;0.0;0.0;0.0;0.0;0.0;0.0;0.0;0.0;0.0;0.026316
12070;0.325758;0.300505;0.141414;0.035354;0.186869;0.0;0.0;0.0;0.0;0.0;0.0;0.0;0.0;0.0;0.0;0.010101
12071;0.334056;0.340564;0.131236;0.046638;0.127983;0.0;0.0;0.0;0.0;0.0;0.0;0.0;0.0;0.0;0.0;0.019523
12072;0.335373;0.324357;0.151775;0.039168;0.133415;0.0;0.0;0.0;0.0;0.0;0.0;0.0;0.0;0.0;0.0;0.015912
12073;0.175258;0.371134;0.154639;0.072165;0.185567;0.0;0.0;0.0;0.0;0.0;0.0;0.0;0.0;0.0;0.0;0.041237
12074;0.341137;0.29097;0.230769;0.035117;0.095318;0.0;0.0;0.0;0.0;0.0;0.0;0.0;0.0;0.0;0.0;0.006689
12075;0.325;0.25;0.05;0.0125;0.35;0.0;0.0;0.0;0.0;0.0;0.0;0.0;0.0;0.0;0.0;0.0125
12076;0.277778;0.351852;0.111111;0.055556;0.148148;0.0;0.0;0.0;0.0;0.0;0.0;0.0;0.0;0.0;0.0;0.055556
12077;0.290177;0.235807;0.195254;0.063683;0.196155;0.0;0.0;0.0;0.0;0.0;0.0;0.0;0.0;0.0;0.0;0.018925
12078;0.246575;0.429224;0.141553;0.03653;0.123288;0.0;0.0;0.0;0.0;0.0;0.0;0.0;0.0;0.0;0.0;0.022831
12079;0.30363;0.270627;0.250825;0.059406;0.112211;0.0;0.0;0.0;0.0;0.0;0.0;0.0;0.0;0.0;0.0;0.0033
12080;0.439161;0.223077;0.113287;0.037063;0.170629;0.0;0.0;0.0;0.0;0.0;0.0;0.0;0.0;0.0;0.0;0.016783
12081;0.288288;0.335586;0.164414;0.047297;0.155405;0.0;0.0;0.0;0.0;0.0;0.0;0.0;0.0;0.0;0.0;0.009009
12082;0.259208;0.250869;0.233079;0.06991;0.166505;0.0;0.0;0.0;0.0;0.0;0.0;0.0;0.0;0.0;0.0;0.020431
12083;0.413793;0.275862;0.155172;0.086207;0.068966;0.0;0.0;0.0;0.0;0.0;0.0;0.0;0.0;0.0;0.0;0.0
12084;0.297304;0.269774;0.181501;0.071869;0.163635;0.0;0.0;0.0;0.0;0.0;0.0;0.0;0.0;0.0;0.0;0.015917
12085;0.286824;0.214419;0.240522;0.081106;0.160348;0.0;0.0;0.0;0.0;0.0;0.0;0.0;0.0;0.0;0.0;0.016781
12087;0.0625;0.875;0.0;0.0;0.0;0.0;0.0;0.0;0.0;0.0;0.0;0.0;0.0;0.0;0.0;0.0625
12088;0.245283;0.45283;0.113208;0.018868;0.150943;0.0;0.0;0.0;0.0;0.0;0.0;0.0;0.0;0.0;0.0;0.018868
12089;0.202448;0.315581;0.214357;0.054251;0.185577;0.0;0.0;0.0;0.0;0.0;0.0;0.0;0.0;0.0;0.0;0.027787
12090;0.12987;0.545455;0.220779;0.025974;0.077922;0.0;0.0;0.0;0.0;0.0;0.0;0.0;0.0;0.0;0.0;0.0
12091;0.240385;0.432692;0.134615;0.076923;0.105769;0.0;0.0;0.0;0.0;0.0;0.0;0.0;0.0;0.0;0.0;0.009615
12092;0.168421;0.473684;0.031579;0.063158;0.242105;0.0;0.0;0.0;0.0;0.0;0.0;0.0;0.0;0.0;0.0;0.021053
12093;0.242991;0.271028;0.224299;0.018692;0.196262;0.0;0.0;0.0;0.0;0.0;0.0;0.0;0.0;0.0;0.0;0.046729
12094;0.343939;0.136364;0.162121;0.051515;0.281818;0.0;0.0;0.0;0.0;0.0;0.0;0.0;0.0;0.0;0.0;0.024242
12095;0.363508;0.277228;0.135785;0.043847;0.168317;0.0;0.0;0.0;0.0;0.0;0.0;0.0;0.0;0.0;0.0;0.011315
12096;0.407767;0.198058;0.08932;0.040777;0.229126;0.0;0.0;0.0;0.0;0.0;0.0;0.0;0.0;0.0;0.0;0.034951
12097;0.176471;0.372549;0.196078;0.078431;0.117647;0.0;0.0;0.0;0.0;0.0;0.0;0.0;0.0;0.0;0.0;0.058824
12098;0.295122;0.285366;0.265854;0.036585;0.114634;0.0;0.0;0.0;0.0;0.0;0.0;0.0;0.0;0.0;0.0;0.002439
12099;0.253488;0.251163;0.230233;0.04186;0.174419;0.0;0.0;0.0;0.0;0.0;0.0;0.0;0.0;0.0;0.0;0.048837
12100;0.348615;0.272206;0.155683;0.04489;0.165234;0.0;0.0;0.0;0.0;0.0;0.0;0.0;0.0;0.0;0.0;0.013372
12101;0.283019;0.29434;0.120755;0.05283;0.222642;0.0;0.0;0.0;0.0;0.0;0.0;0.0;0.0;0.0;0.0;0.026415
12102;0.440678;0.220339;0.179177;0.038741;0.099274;0.0;0.0;0.0;0.0;0.0;0.0;0.0;0.0;0.0;0.0;0.021792
12103;0.183333;0.416667;0.2;0.05;0.133333;0.0;0.0;0.0;0.0;0.0;0.0;0.0;0.0;0.0;0.0;0.016667
12104;0.28923;0.316401;0.149045;0.066155;0.167553;0.0;0.0;0.0;0.0;0.0;0.0;0.0;0.0;0.0;0.0;0.011616
12105;0.209459;0.39527;0.248311;0.04223;0.097973;0.0;0.0;0.0;0.0;0.0;0.0;0.0;0.0;0.0;0.0;0.006757
12106;0.477197;0.194661;0.072303;0.070078;0.170189;0.0;0.0;0.0;0.0;0.0;0.0;0.0;0.0;0.0;0.0;0.015573
12107;0.335616;0.263699;0.181507;0.037671;0.174658;0.0;0.0;0.0;0.0;0.0;0.0;0.0;0.0;0.0;0.0;0.006849
12108;0.321839;0.336207;0.097701;0.060345;0.172414;0.0;0.0;0.0;0.0;0.0;0.0;0.0;0.0;0.0;0.0;0.011494
12109;0.368201;0.232218;0.171548;0.07113;0.140167;0.0;0.0;0.0;0.0;0.0;0.0;0.0;0.0;0.0;0.0;0.016736
12110;0.5;0.157895;0.118421;0.085526;0.138158;0.0;0.0;0.0;0.0;0.0;0.0;0.0;0.0;0.0;0.0;0.0
12111;0.425101;0.319838;0.089069;0.020243;0.129555;0.0;0.0;0.0;0.0;0.0;0.0;0.0;0.0;0.0;0.0;0.016194
12112;0.358974;0.282051;0.230769;0.076923;0.025641;0.0;0.0;0.0;0.0;0.0;0.0;0.0;0.0;0.0;0.0;0.025641
12113;0.258621;0.293103;0.172414;0.034483;0.206897;0.0;0.0;0.0;0.0;0.0;0.0;0.0;0.0;0.0;0.0;0.034483
12114;0.292857;0.235714;0.192857;0.1;0.171429;0.0;0.0;0.0;0.0;0.0;0.0;0.0;0.0;0.0;0.0;0.007143
12115;0.2375;0.35;0.25;0.04375;0.1;0.0;0.0;0.0;0.0;0.0;0.0;0.0;0.0;0.0;0.0;0.01875
12116;0.326531;0.367347;0.142857;0.081633;0.081633;0.0;0.0;0.0;0.0;0.0;0.0;0.0;0.0;0.0;0.0;0.0
12117;0.28861;0.211593;0.19092;0.065261;0.224159;0.0;0.0;0.0;0.0;0.0;0.0;0.0;0.0;0.0;0.0;0.019457
12118;0.206349;0.333333;0.222222;0.079365;0.142857;0.0;0.0;0.0;0.0;0.0;0.0;0.0;0.0;0.0;0.0;0.015873
12119;0.142857;0.461538;0.230769;0.021978;0.120879;0.0;0.0;0.0;0.0;0.0;0.0;0.0;0.0;0.0;0.0;0.021978
12120;0.279661;0.398305;0.177966;0.025424;0.110169;0.0;0.0;0.0;0.0;0.0;0.0;0.0;0.0;0.0;0.0;0.008475
12121;0.428907;0.317274;0.116334;0.024677;0.102233;0.0;0.0;0.0;0.0;0.0;0.0;0.0;0.0;0.0;0.0;0.010576
12122;0.269682;0.38191;0.169179;0.048576;0.123953;0.0;0.0;0.0;0.0;0.0;0.0;0.0;0.0;0.0;0.0;0.0067
12123;0.21875;0.34375;0.1875;0.0;0.25;0.0;0.0;0.0;0.0;0.0;0.0;0.0;0.0;0.0;0.0;0.0
12124;0.212167;0.410646;0.191635;0.061597;0.117871;0.0;0.0;0.0;0.0;0.0;0.0;0.0;0.0;0.0;0.0;0.006084
12125;0.350282;0.350282;0.096045;0.033898;0.158192;0.0;0.0;0.0;0.0;0.0;0.0;0.0;0.0;0.0;0.0;0.011299
12126;0.290334;0.224286;0.176413;0.064327;0.227669;0.0;0.0;0.0;0.0;0.0;0.0;0.0;0.0;0.0;0.0;0.016971
12127;0.395349;0.186047;0.046512;0.023256;0.302326;0.0;0.0;0.0;0.0;0.0;0.0;0.0;0.0;0.0;0.0;0.046512
12128;0.310669;0.1841;0.203975;0.064854;0.221757;0.0;0.0;0.0;0.0;0.0;0.0;0.0;0.0;0.0;0.0;0.014644
12129;0.398973;0.172945;0.065068;0.065925;0.285959;0.0;0.0;0.0;0.0;0.0;0.0;0.0;0.0;0.0;0.0;0.01113
12130;0.125382;0.614679;0.189602;0.015291;0.051988;0.0;0.0;0.0;0.0;0.0;0.0;0.0;0.0;0.0;0.0;0.003058
12131;0.425287;0.367816;0.126437;0.0;0.08046;0.0;0.0;0.0;0.0;0.0;0.0;0.0;0.0;0.0;0.0;0.0
12132;0.287958;0.198953;0.167539;0.057592;0.280105;0.0;0.0;0.0;0.0;0.0;0.0;0.0;0.0;0.0;0.0;0.007853
12133;0.222222;0.288889;0.288889;0.066667;0.133333;0.0;0.0;0.0;0.0;0.0;0.0;0.0;0.0;0.0;0.0;0.0
12134;0.308511;0.170213;0.265957;0.031915;0.202128;0.0;0.0;0.0;0.0;0.0;0.0;0.0;0.0;0.0;0.0;0.021277
12135;0.28554;0.214558;0.191826;0.078167;0.210632;0.0;0.0;0.0;0.0;0.0;0.0;0.0;0.0;0.0;0.0;0.019277
12136;0.264888;0.332539;0.244402;0.047642;0.095283;0.0;0.0;0.0;0.0;0.0;0.0;0.0;0.0;0.0;0.0;0.015245
12137;0.357143;0.142857;0.0;0.071429;0.392857;0.0;0.0;0.0;0.0;0.0;0.0;0.0;0.0;0.0;0.0;0.035714
12138;0.302249;0.199938;0.15253;0.054905;0.256795;0.0;0.0;0.0;0.0;0.0;0.0;0.0;0.0;0.0;0.0;0.033583
12139;0.15736;0.304569;0.19797;0.020305;0.269036;0.0;0.0;0.0;0.0;0.0;0.0;0.0;0.0;0.0;0.0;0.050761
12140;0.334928;0.232057;0.162679;0.058612;0.196172;0.0;0.0;0.0;0.0;0.0;0.0;0.0;0.0;0.0;0.0;0.01555
12141;0.111111;0.555556;0.152778;0.055556;0.125;0.0;0.0;0.0;0.0;0.0;0.0;0.0;0.0;0.0;0.0;0.0
12142;0.221239;0.389381;0.265487;0.097345;0.017699;0.0;0.0;0.0;0.0;0.0;0.0;0.0;0.0;0.0;0.0;0.00885
12901;0.304416;0.225946;0.18888;0.084779;0.179416;0.0;0.0;0.0;0.0;0.0;0.0;0.0;0.0;0.0;0.0;0.016562
12902;0.233509;0.266491;0.243404;0.061346;0.175462;0.0;0.0;0.0;0.0;0.0;0.0;0.0;0.0;0.0;0.0;0.019789
13001;0.514052;0.277518;0.113583;0.042155;0.046838;0.0;0.0;0.0;0.0;0.0;0.0;0.0;0.0;0.0;0.0;0.005855
13002;0.364308;0.32735;0.237592;0.033791;0.033791;0.0;0.0;0.0;0.0;0.0;0.0;0.0;0.0;0.0;0.0;0.003168
13003;0.393082;0.361635;0.147799;0.025157;0.062893;0.0;0.0;0.0;0.0;0.0;0.0;0.0;0.0;0.0;0.0;0.009434
13004;0.502907;0.286337;0.132267;0.031977;0.045058;0.0;0.0;0.0;0.0;0.0;0.0;0.0;0.0;0.0;0.0;0.001453
13005;0.370188;0.242193;0.17567;0.078965;0.120727;0.0;0.0;0.0;0.0;0.0;0.0;0.0;0.0;0.0;0.0;0.012257
13006;0.453202;0.349754;0.135468;0.029557;0.029557;0.0;0.0;0.0;0.0;0.0;0.0;0.0;0.0;0.0;0.0;0.002463
13007;0.465802;0.292453;0.103774;0.036557;0.09316;0.0;0.0;0.0;0.0;0.0;0.0;0.0;0.0;0.0;0.0;0.008255
13008;0.366667;0.374074;0.181481;0.044444;0.02963;0.0;0.0;0.0;0.0;0.0;0.0;0.0;0.0;0.0;0.0;0.003704
13009;0.294283;0.32896;0.279288;0.064667;0.025305;0.0;0.0;0.0;0.0;0.0;0.0;0.0;0.0;0.0;0.0;0.007498
13010;0.386288;0.341137;0.167224;0.050167;0.045151;0.0;0.0;0.0;0.0;0.0;0.0;0.0;0.0;0.0;0.0;0.010033
13011;0.431292;0.231516;0.184839;0.069081;0.075429;0.0;0.0;0.0;0.0;0.0;0.0;0.0;0.0;0.0;0.0;0.007842
13012;0.546154;0.253846;0.115385;0.007692;0.076923;0.0;0.0;0.0;0.0;0.0;0.0;0.0;0.0;0.0;0.0;0.0
13013;0.315348;0.305539;0.242387;0.069896;0.058042;0.0;0.0;0.0;0.0;0.0;0.0;0.0;0.0;0.0;0.0;0.008788
13014;0.468391;0.304598;0.109195;0.048851;0.068966;0.0;0.0;0.0;0.0;0.0;0.0;0.0;0.0;0.0;0.0;0.0
13015;0.400111;0.341565;0.137347;0.061876;0.056049;0.0;0.0;0.0;0.0;0.0;0.0;0.0;0.0;0.0;0.0;0.003052
13016;0.283814;0.317073;0.31929;0.039911;0.037694;0.0;0.0;0.0;0.0;0.0;0.0;0.0;0.0;0.0;0.0;0.002217
13017;0.431818;0.284091;0.193182;0.051136;0.022727;0.0;0.0;0.0;0.0;0.0;0.0;0.0;0.0;0.0;0.0;0.017045
13018;0.488746;0.209003;0.217042;0.038585;0.045016;0.0;0.0;0.0;0.0;0.0;0.0;0.0;0.0;0.0;0.0;0.001608
13019;0.292285;0.280058;0.184862;0.063755;0.168268;0.0;0.0;0.0;0.0;0.0;0.0;0.0;0.0;0.0;0.0;0.010771
13020;0.391477;0.221011;0.198877;0.079286;0.095804;0.0;0.0;0.0;0.0;0.0;0.0;0.0;0.0;0.0;0.0;0.013545
13021;0.382445;0.376176;0.15047;0.028213;0.062696;0.0;0.0;0.0;0.0;0.0;0.0;0.0;0.0;0.0;0.0;0.0
13022;0.546218;0.226891;0.159664;0.029412;0.029412;0.0;0.0;0.0;0.0;0.0;0.0;0.0;0.0;0.0;0.0;0.008403
13023;0.19166;0.380049;0.339002;0.052167;0.030581;0.0;0.0;0.0;0.0;0.0;0.0;0.0;0.0;0.0;0.0;0.006541
13024;0.389474;0.307018;0.208772;0.066667;0.024561;0.0;0.0;0.0;0.0;0.0;0.0;0.0;0.0;0.0;0.0;0.003509
13025;0.428571;0.38961;0.121212;0.047619;0.012987;0.0;0.0;0.0;0.0;0.0;0.0;0.0;0.0;0.0;0.0;0.0
13026;0.401216;0.237082;0.112462;0.066869;0.182371;0.0;0.0;0.0;0.0;0.0;0.0;0.0;0.0;0.0;0.0;0.0
13027;0.417034;0.277044;0.188938;0.057758;0.0465;0.0;0.0;0.0;0.0;0.0;0.0;0.0;0.0;0.0;0.0;0.012726
13028;0.346677;0.311316;0.209634;0.054043;0.07099;0.0;0.0;0.0;0.0;0.0;0.0;0.0;0.0;0.0;0.0;0.007339
13029;0.292308;0.292308;0.261538;0.030769;0.123077;0.0;0.0;0.0;0.0;0.0;0.0;0.0;0.0;0.0;0.0;0.0
13030;0.271605;0.296296;0.246914;0.135802;0.024691;0.0;0.0;0.0;0.0;0.0;0.0;0.0;0.0;0.0;0.0;0.024691
13031;0.393973;0.252603;0.235068;0.059178;0.050959;0.0;0.0;0.0;0.0;0.0;0.0;0.0;0.0;0.0;0.0;0.008219
13032;0.418301;0.236601;0.25098;0.033987;0.058824;0.0;0.0;0.0;0.0;0.0;0.0;0.0;0.0;0.0;0.0;0.001307
13033;0.532326;0.188077;0.206549;0.036944;0.031066;0.0;0.0;0.0;0.0;0.0;0.0;0.0;0.0;0.0;0.0;0.005038
13034;0.287;0.308431;0.210588;0.082099;0.09861;0.0;0.0;0.0;0.0;0.0;0.0;0.0;0.0;0.0;0.0;0.013271
13035;0.530702;0.21345;0.128655;0.045322;0.076023;0.0;0.0;0.0;0.0;0.0;0.0;0.0;0.0;0.0;0.0;0.005848
13036;0.390826;0.330275;0.170642;0.056881;0.047706;0.0;0.0;0.0;0.0;0.0;0.0;0.0;0.0;0.0;0.0;0.00367
13037;0.42959;0.358289;0.14795;0.030303;0.030303;0.0;0.0;0.0;0.0;0.0;0.0;0.0;0.0;0.0;0.0;0.003565
13038;0.547982;0.235874;0.123767;0.040359;0.047534;0.0;0.0;0.0;0.0;0.0;0.0;0.0;0.0;0.0;0.0;0.004484
13039;0.334828;0.300887;0.192131;0.070635;0.093365;0.0;0.0;0.0;0.0;0.0;0.0;0.0;0.0;0.0;0.0;0.008154
13040;0.373377;0.308442;0.185065;0.047078;0.079545;0.0;0.0;0.0;0.0;0.0;0.0;0.0;0.0;0.0;0.0;0.006494
13041;0.348684;0.25;0.217105;0.046053;0.131579;0.0;0.0;0.0;0.0;0.0;0.0;0.0;0.0;0.0;0.0;0.006579
13042;0.352564;0.251603;0.290064;0.0625;0.040064;0.0;0.0;0.0;0.0;0.0;0.0;0.0;0.0;0.0;0.0;0.003205
13043;0.335404;0.434783;0.124224;0.062112;0.024845;0.0;0.0;0.0;0.0;0.0;0.0;0.0;0.0;0.0;0.0;0.018634
13044;0.359017;0.261307;0.264657;0.058068;0.054718;0.0;0.0;0.0;0.0;0.0;0.0;0.0;0.0;0.0;0.0;0.002233
13045;0.354767;0.32816;0.239468;0.035477;0.035477;0.0;0.0;0.0;0.0;0.0;0.0;0.0;0.0;0.0;0.0;0.006652
13046;0.415534;0.271845;0.141748;0.106796;0.060194;0.0;0.0;0.0;0.0;0.0;0.0;0.0;0.0;0.0;0.0;0.003883
13047;0.400436;0.276071;0.18437;0.060731;0.070167;0.0;0.0;0.0;0.0;0.0;0.0;0.0;0.0;0.0;0.0;0.008226
13048;0.372093;0.356589;0.077519;0.05168;0.136951;0.0;0.0;0.0;0.0;0.0;0.0;0.0;0.0;0.0;0.0;0.005168
13049;0.340726;0.227823;0.340726;0.032258;0.052419;0.0;0.0;0.0;0.0;0.0;0.0;0.0;0.0;0.0;0.0;0.006048
13050;0.328488;0.293605;0.296512;0.055233;0.020349;0.0;0.0;0.0;0.0;0.0;0.0;0.0;0.0;0.0;0.0;0.005814
13051;0.391129;0.282258;0.169355;0.068548;0.08871;0.0;0.0;0.0;0.0;0.0;0.0;0.0;0.0;0.0;0.0;0.0
13052;0.327204;0.314239;0.253182;0.046676;0.049269;0.0;0.0;0.0;0.0;0.0;0.0;0.0;0.0;0.0;0.0;0.00943
13053;0.365811;0.263326;0.197855;0.080318;0.078874;0.0;0.0;0.0;0.0;0.0;0.0;0.0;0.0;0.0;0.0;0.013816
13054;0.306002;0.395604;0.182023;0.064243;0.045928;0.0;0.0;0.0;0.0;0.0;0.0;0.0;0.0;0.0;0.0;0.006199
13055;0.45805;0.251701;0.170068;0.029478;0.088435;0.0;0.0;0.0;0.0;0.0;0.0;0.0;0.0;0.0;0.0;0.002268
13056;0.342073;0.222561;0.203171;0.072195;0.147927;0.0;0.0;0.0;0.0;0.0;0.0;0.0;0.0;0.0;0.0;0.012073
13057;0.378985;0.357733;0.180638;0.03778;0.044864;0.0;0.0;0.0;0.0;0.0;0.0;0.0;0.0;0.0;0.0;0.0
13058;0.362441;0.306905;0.235659;0.046767;0.042382;0.0;0.0;0.0;0.0;0.0;0.0;0.0;0.0;0.0;0.0;0.005846
13059;0.38;0.306667;0.173333;0.033333;0.106667;0.0;0.0;0.0;0.0;0.0;0.0;0.0;0.0;0.0;0.0;0.0
13060;0.427136;0.201005;0.145729;0.050251;0.160804;0.0;0.0;0.0;0.0;0.0;0.0;0.0;0.0;0.0;0.0;0.015075
13061;0.340776;0.262071;0.23472;0.078705;0.072844;0.0;0.0;0.0;0.0;0.0;0.0;0.0;0.0;0.0;0.0;0.010885
13062;0.371041;0.269231;0.226244;0.054299;0.074661;0.0;0.0;0.0;0.0;0.0;0.0;0.0;0.0;0.0;0.0;0.004525
13063;0.337258;0.28217;0.210681;0.070227;0.094197;0.0;0.0;0.0;0.0;0.0;0.0;0.0;0.0;0.0;0.0;0.005467
13064;0.353261;0.210404;0.246118;0.074534;0.101708;0.0;0.0;0.0;0.0;0.0;0.0;0.0;0.0;0.0;0.0;0.013975
13065;0.30908;0.324796;0.277066;0.031432;0.051222;0.0;0.0;0.0;0.0;0.0;0.0;0.0;0.0;0.0;0.0;0.006403
13066;0.391239;0.323263;0.195871;0.046828;0.03575;0.0;0.0;0.0;0.0;0.0;0.0;0.0;0.0;0.0;0.0;0.007049
13067;0.557621;0.234201;0.100372;0.018587;0.085502;0.0;0.0;0.0;0.0;0.0;0.0;0.0;0.0;0.0;0.0;0.003717
13068;0.384722;0.220833;0.2625;0.056944;0.068056;0.0;0.0;0.0;0.0;0.0;0.0;0.0;0.0;0.0;0.0;0.006944
13069;0.470024;0.184652;0.278177;0.023981;0.043165;0.0;0.0;0.0;0.0;0.0;0.0;0.0;0.0;0.0;0.0;0.0
13070;0.404372;0.326047;0.160291;0.040073;0.065574;0.0;0.0;0.0;0.0;0.0;0.0;0.0;0.0;0.0;0.0;0.003643
13071;0.386775;0.216644;0.184797;0.080624;0.11796;0.0;0.0;0.0;0.0;0.0;0.0;0.0;0.0;0.0;0.0;0.0132
13072;0.337278;0.282051;0.315582;0.039448;0.019724;0.0;0.0;0.0;0.0;0.0;0.0;0.0;0.0;0.0;0.0;0.005917
13073;0.45953;0.292428;0.182768;0.033943;0.031332;0.0;0.0;0.0;0.0;0.0;0.0;0.0;0.0;0.0;0.0;0.0
13074;0.423387;0.28629;0.18414;0.052419;0.052419;0.0;0.0;0.0;0.0;0.0;0.0;0.0;0.0;0.0;0.0;0.001344
13075;0.291667;0.388889;0.270833;0.013889;0.034722;0.0;0.0;0.0;0.0;0.0;0.0;0.0;0.0;0.0;0.0;0.0
13076;0.455056;0.396067;0.075843;0.030899;0.036517;0.0;0.0;0.0;0.0;0.0;0.0;0.0;0.0;0.0;0.0;0.005618
13077;0.387456;0.240769;0.214972;0.070309;0.079413;0.0;0.0;0.0;0.0;0.0;0.0;0.0;0.0;0.0;0.0;0.007081
13078;0.372811;0.275851;0.239016;0.042616;0.061447;0.0;0.0;0.0;0.0;0.0;0.0;0.0;0.0;0.0;0.0;0.008259
13079;0.385954;0.258919;0.206464;0.073462;0.067371;0.0;0.0;0.0;0.0;0.0;0.0;0.0;0.0;0.0;0.0;0.007831
13080;0.453333;0.284444;0.213333;0.013333;0.035556;0.0;0.0;0.0;0.0;0.0;0.0;0.0;0.0;0.0;0.0;0.0
13081;0.466667;0.251852;0.145679;0.041975;0.08642;0.0;0.0;0.0;0.0;0.0;0.0;0.0;0.0;0.0;0.0;0.007407
13082;0.265953;0.301095;0.275147;0.070768;0.07355;0.0;0.0;0.0;0.0;0.0;0.0;0.0;0.0;0.0;0.0;0.013488
13083;0.28127;0.341587;0.227937;0.071111;0.069841;0.0;0.0;0.0;0.0;0.0;0.0;0.0;0.0;0.0;0.0;0.008254
13084;0.418495;0.278997;0.183386;0.076803;0.039185;0.0;0.0;0.0;0.0;0.0;0.0;0.0;0.0;0.0;0.0;0.003135
13085;0.407514;0.303468;0.185549;0.053179;0.047977;0.0;0.0;0.0;0.0;0.0;0.0;0.0;0.0;0.0;0.0;0.002312
13086;0.508333;0.325;0.108333;0.016667;0.033333;0.0;0.0;0.0;0.0;0.0;0.0;0.0;0.0;0.0;0.0;0.008333
13087;0.330897;0.25057;0.214496;0.086429;0.101515;0.0;0.0;0.0;0.0;0.0;0.0;0.0;0.0;0.0;0.0;0.016092
13088;0.465517;0.231527;0.182266;0.064039;0.054187;0.0;0.0;0.0;0.0;0.0;0.0;0.0;0.0;0.0;0.0;0.002463
13089;0.445813;0.27422;0.20197;0.04023;0.036125;0.0;0.0;0.0;0.0;0.0;0.0;0.0;0.0;0.0;0.0;0.001642
13090;0.41701;0.251029;0.268861;0.037037;0.026063;0.0;0.0;0.0;0.0;0.0;0.0;0.0;0.0;0.0;0.0;0.0
13091;0.401302;0.446855;0.088937;0.034707;0.02603;0.0;0.0;0.0;0.0;0.0;0.0;0.0;0.0;0.0;0.0;0.002169
13092;0.349194;0.353799;0.203377;0.068304;0.023791;0.0;0.0;0.0;0.0;0.0;0.0;0.0;0.0;0.0;0.0;0.001535
13093;0.338034;0.320799;0.199765;0.067372;0.066588;0.0;0.0;0.0;0.0;0.0;0.0;0.0;0.0;0.0;0.0;0.007442
13094;0.345794;0.308411;0.21028;0.102804;0.03271;0.0;0.0;0.0;0.0;0.0;0.0;0.0;0.0;0.0;0.0;0.0
13095;0.264151;0.301887;0.377358;0.0;0.056604;0.0;0.0;0.0;0.0;0.0;0.0;0.0;0.0;0.0;0.0;0.0
13096;0.364669;0.289463;0.2217;0.067176;0.050725;0.0;0.0;0.0;0.0;0.0;0.0;0.0;0.0;0.0;0.0;0.006267
13097;0.395793;0.282345;0.204589;0.054175;0.054812;0.0;0.0;0.0;0.0;0.0;0.0;0.0;0.0;0.0;0.0;0.008286
13098;0.310831;0.321217;0.243323;0.065282;0.049703;0.0;0.0;0.0;0.0;0.0;0.0;0.0;0.0;0.0;0.0;0.009644
13901;0.394822;0.250809;0.262136;0.043689;0.043689;0.0;0.0;0.0;0.0;0.0;0.0;0.0;0.0;0.0;0.0;0.004854
13902;0.406832;0.195652;0.248447;0.07764;0.062112;0.0;0.0;0.0;0.0;0.0;0.0;0.0;0.0;0.0;0.0;0.009317
13903;0.271574;0.446701;0.22335;0.017766;0.038071;0.0;0.0;0.0;0.0;0.0;0.0;0.0;0.0;0.0;0.0;0.002538
13904;0.35905;0.302671;0.192878;0.047478;0.080119;0.0;0.0;0.0;0.0;0.0;0.0;0.0;0.0;0.0;0.0;0.017804
14001;0.403754;0.250399;0.14976;0.051917;0.130591;0.0;0.0;0.0;0.0;0.0;0.0;0.0;0.0;0.0;0.0;0.013578
14002;0.448575;0.153189;0.138806;0.066621;0.164586;0.0;0.0;0.0;0.0;0.0;0.0;0.0;0.0;0.0;0.0;0.028223
14003;0.439024;0.267184;0.149667;0.085366;0.04878;0.0;0.0;0.0;0.0;0.0;0.0;0.0;0.0;0.0;0.0;0.009978
14004;0.377637;0.242616;0.237693;0.061181;0.06962;0.0;0.0;0.0;0.0;0.0;0.0;0.0;0.0;0.0;0.0;0.011252
14005;0.380889;0.13761;0.157573;0.062816;0.246473;0.0;0.0;0.0;0.0;0.0;0.0;0.0;0.0;0.0;0.0;0.014639
14006;0.330791;0.381316;0.134414;0.053384;0.096282;0.0;0.0;0.0;0.0;0.0;0.0;0.0;0.0;0.0;0.0;0.003813
14007;0.372687;0.198612;0.207763;0.087892;0.11605;0.0;0.0;0.0;0.0;0.0;0.0;0.0;0.0;0.0;0.0;0.016995
14008;0.421488;0.233058;0.198898;0.069421;0.066667;0.0;0.0;0.0;0.0;0.0;0.0;0.0;0.0;0.0;0.0;0.010468
14009;0.414437;0.217797;0.18295;0.099564;0.075918;0.0;0.0;0.0;0.0;0.0;0.0;0.0;0.0;0.0;0.0;0.009334
14010;0.465855;0.205611;0.155777;0.054264;0.10299;0.0;0.0;0.0;0.0;0.0;0.0;0.0;0.0;0.0;0.0;0.015504
14011;0.413636;0.279545;0.177273;0.061364;0.054545;0.0;0.0;0.0;0.0;0.0;0.0;0.0;0.0;0.0;0.0;0.013636
14012;0.462844;0.222687;0.10876;0.051427;0.140994;0.0;0.0;0.0;0.0;0.0;0.0;0.0;0.0;0.0;0.0;0.013287
14013;0.313678;0.242262;0.246325;0.06545;0.104531;0.0;0.0;0.0;0.0;0.0;0.0;0.0;0.0;0.0;0.0;0.027754
14014;0.448861;0.237414;0.110228;0.052994;0.137255;0.0;0.0;0.0;0.0;0.0;0.0;0.0;0.0;0.0;0.0;0.013249
14015;0.349501;0.216833;0.191155;0.0699;0.163338;0.0;0.0;0.0;0.0;0.0;0.0;0.0;0.0;0.0;0.0;0.009272
14016;0.519084;0.229008;0.099237;0.043621;0.100327;0.0;0.0;0.0;0.0;0.0;0.0;0.0;0.0;0.0;0.0;0.008724
14017;0.451538;0.168418;0.186194;0.074607;0.099779;0.0;0.0;0.0;0.0;0.0;0.0;0.0;0.0;0.0;0.0;0.019463
14018;0.331888;0.221916;0.188412;0.069373;0.169097;0.0;0.0;0.0;0.0;0.0;0.0;0.0;0.0;0.0;0.0;0.019314
14019;0.414076;0.164076;0.130462;0.072059;0.203571;0.0;0.0;0.0;0.0;0.0;0.0;0.0;0.0;0.0;0.0;0.015756
14020;0.586667;0.186667;0.12;0.048889;0.053333;0.0;0.0;0.0;0.0;0.0;0.0;0.0;0.0;0.0;0.0;0.004444
14021;0.258713;0.257531;0.205794;0.093618;0.161147;0.0;0.0;0.0;0.0;0.0;0.0;0.0;0.0;0.0;0.0;0.023196
14022;0.415433;0.110289;0.080338;0.045807;0.333686;0.0;0.0;0.0;0.0;0.0;0.0;0.0;0.0;0.0;0.0;0.014447
14023;0.351454;0.406448;0.149178;0.046144;0.039191;0.0;0.0;0.0;0.0;0.0;0.0;0.0;0.0;0.0;0.0;0.007585
14024;0.404762;0.183983;0.215007;0.059163;0.119048;0.0;0.0;0.0;0.0;0.0;0.0;0.0;0.0;0.0;0.0;0.018038
14025;0.436681;0.138865;0.052402;0.039301;0.325764;0.0;0.0;0.0;0.0;0.0;0.0;0.0;0.0;0.0;0.0;0.006987
14026;0.449311;0.21249;0.16545;0.060016;0.103812;0.0;0.0;0.0;0.0;0.0;0.0;0.0;0.0;0.0;0.0;0.008921
14027;0.384915;0.160234;0.090652;0.079143;0.263102;0.0;0.0;0.0;0.0;0.0;0.0;0.0;0.0;0.0;0.0;0.021955
14028;0.527426;0.248945;0.172996;0.012658;0.037975;0.0;0.0;0.0;0.0;0.0;0.0;0.0;0.0;0.0;0.0;0.0
14029;0.449301;0.241849;0.152633;0.059835;0.082766;0.0;0.0;0.0;0.0;0.0;0.0;0.0;0.0;0.0;0.0;0.013615
14030;0.436228;0.16061;0.132812;0.078852;0.176417;0.0;0.0;0.0;0.0;0.0;0.0;0.0;0.0;0.0;0.0;0.01508
14031;0.37694;0.190687;0.274945;0.059867;0.084257;0.0;0.0;0.0;0.0;0.0;0.0;0.0;0.0;0.0;0.0;0.013304
14032;0.416382;0.31058;0.143345;0.085324;0.037543;0.0;0.0;0.0;0.0;0.0;0.0;0.0;0.0;0.0;0.0;0.006826
14033;0.45283;0.145047;0.17217;0.091981;0.114387;0.0;0.0;0.0;0.0;0.0;0.0;0.0;0.0;0.0;0.0;0.023585
14034;0.364486;0.336449;0.130841;0.088785;0.065421;0.0;0.0;0.0;0.0;0.0;0.0;0.0;0.0;0.0;0.0;0.014019
14035;0.371924;0.30889;0.199397;0.059016;0.052486;0.0;0.0;0.0;0.0;0.0;0.0;0.0;0.0;0.0;0.0;0.008287
14036;0.464229;0.1407;0.147456;0.07194;0.153816;0.0;0.0;0.0;0.0;0.0;0.0;0.0;0.0;0.0;0.0;0.02186
14037;0.455524;0.226124;0.169476;0.06367;0.071629;0.0;0.0;0.0;0.0;0.0;0.0;0.0;0.0;0.0;0.0;0.013577
14038;0.261746;0.216215;0.316734;0.093261;0.092513;0.0;0.0;0.0;0.0;0.0;0.0;0.0;0.0;0.0;0.0;0.019532
14039;0.451467;0.234763;0.147856;0.058691;0.086343;0.0;0.0;0.0;0.0;0.0;0.0;0.0;0.0;0.0;0.0;0.02088
14040;0.249284;0.157951;0.098496;0.066261;0.415473;0.0;0.0;0.0;0.0;0.0;0.0;0.0;0.0;0.0;0.0;0.012536
14041;0.315541;0.114313;0.111951;0.064242;0.378838;0.0;0.0;0.0;0.0;0.0;0.0;0.0;0.0;0.0;0.0;0.015116
14042;0.395777;0.197776;0.116096;0.087015;0.180794;0.0;0.0;0.0;0.0;0.0;0.0;0.0;0.0;0.0;0.0;0.022543
14043;0.473388;0.168998;0.176379;0.073232;0.096154;0.0;0.0;0.0;0.0;0.0;0.0;0.0;0.0;0.0;0.0;0.011849
14044;0.507799;0.136915;0.17851;0.07279;0.07539;0.0;0.0;0.0;0.0;0.0;0.0;0.0;0.0;0.0;0.0;0.028596
14045;0.544971;0.17058;0.143996;0.06646;0.058485;0.0;0.0;0.0;0.0;0.0;0.0;0.0;0.0;0.0;0.0;0.015507
14046;0.380862;0.091888;0.096641;0.047529;0.370406;0.0;0.0;0.0;0.0;0.0;0.0;0.0;0.0;0.0;0.0;0.012674
14047;0.390077;0.186484;0.221557;0.092387;0.09923;0.0;0.0;0.0;0.0;0.0;0.0;0.0;0.0;0.0;0.0;0.010265
14048;0.522042;0.153132;0.134571;0.066125;0.082367;0.0;0.0;0.0;0.0;0.0;0.0;0.0;0.0;0.0;0.0;0.041763
14049;0.407318;0.195742;0.146717;0.081768;0.145285;0.0;0.0;0.0;0.0;0.0;0.0;0.0;0.0;0.0;0.0;0.023171
14050;0.325294;0.224118;0.143529;0.06;0.231765;0.0;0.0;0.0;0.0;0.0;0.0;0.0;0.0;0.0;0.0;0.015294
14051;0.505297;0.28178;0.110169;0.050847;0.04661;0.0;0.0;0.0;0.0;0.0;0.0;0.0;0.0;0.0;0.0;0.005297
14052;0.373402;0.214855;0.228931;0.068531;0.102056;0.0;0.0;0.0;0.0;0.0;0.0;0.0;0.0;0.0;0.0;0.012224
14053;0.440402;0.200464;0.119195;0.060114;0.156605;0.0;0.0;0.0;0.0;0.0;0.0;0.0;0.0;0.0;0.0;0.02322
14054;0.36163;0.320974;0.130815;0.079225;0.09493;0.0;0.0;0.0;0.0;0.0;0.0;0.0;0.0;0.0;0.0;0.012425
14055;0.321196;0.23108;0.247422;0.091623;0.089323;0.0;0.0;0.0;0.0;0.0;0.0;0.0;0.0;0.0;0.0;0.019356
14056;0.390832;0.186098;0.208592;0.090172;0.105931;0.0;0.0;0.0;0.0;0.0;0.0;0.0;0.0;0.0;0.0;0.018374
14057;0.378227;0.216652;0.100473;0.078744;0.214716;0.0;0.0;0.0;0.0;0.0;0.0;0.0;0.0;0.0;0.0;0.011188
14058;0.363153;0.22925;0.190503;0.092877;0.106743;0.0;0.0;0.0;0.0;0.0;0.0;0.0;0.0;0.0;0.0;0.017474
14059;0.413725;0.266667;0.194118;0.05098;0.068627;0.0;0.0;0.0;0.0;0.0;0.0;0.0;0.0;0.0;0.0;0.005882
14060;0.41;0.174615;0.192692;0.089231;0.111154;0.0;0.0;0.0;0.0;0.0;0.0;0.0;0.0;0.0;0.0;0.022308
14061;0.51341;0.183908;0.137931;0.05364;0.10728;0.0;0.0;0.0;0.0;0.0;0.0;0.0;0.0;0.0;0.0;0.003831
14062;0.502171;0.311143;0.089725;0.043415;0.050651;0.0;0.0;0.0;0.0;0.0;0.0;0.0;0.0;0.0;0.0;0.002894
14063;0.431786;0.285513;0.160338;0.067511;0.04782;0.0;0.0;0.0;0.0;0.0;0.0;0.0;0.0;0.0;0.0;0.007032
14064;0.475248;0.277228;0.173267;0.044554;0.019802;0.0;0.0;0.0;0.0;0.0;0.0;0.0;0.0;0.0;0.0;0.009901
14065;0.379388;0.233757;0.150859;0.076176;0.144137;0.0;0.0;0.0;0.0;0.0;0.0;0.0;0.0;0.0;0.0;0.015683
14066;0.32671;0.185362;0.145875;0.082746;0.240946;0.0;0.0;0.0;0.0;0.0;0.0;0.0;0.0;0.0;0.0;0.01836
14067;0.332125;0.250544;0.195069;0.06744;0.142132;0.0;0.0;0.0;0.0;0.0;0.0;0.0;0.0;0.0;0.0;0.01269
14068;0.485333;0.165333;0.122667;0.08;0.133333;0.0;0.0;0.0;0.0;0.0;0.0;0.0;0.0;0.0;0.0;0.013333
14069;0.492395;0.263233;0.107483;0.044007;0.083959;0.0;0.0;0.0;0.0;0.0;0.0;0.0;0.0;0.0;0.0;0.008923
14070;0.384187;0.374165;0.136971;0.061247;0.042316;0.0;0.0;0.0;0.0;0.0;0.0;0.0;0.0;0.0;0.0;0.001114
14071;0.439252;0.196262;0.220561;0.057944;0.078505;0.0;0.0;0.0;0.0;0.0;0.0;0.0;0.0;0.0;0.0;0.007477
14072;0.55638;0.145401;0.078635;0.094955;0.120178;0.0;0.0;0.0;0.0;0.0;0.0;0.0;0.0;0.0;0.0;0.004451
14073;0.481862;0.141852;0.165674;0.059556;0.140227;0.0;0.0;0.0;0.0;0.0;0.0;0.0;0.0;0.0;0.0;0.010828
14074;0.510429;0.23175;0.091541;0.063152;0.097335;0.0;0.0;0.0;0.0;0.0;0.0;0.0;0.0;0.0;0.0;0.005794
14075;0.525907;0.181347;0.11399;0.046632;0.119171;0.0;0.0;0.0;0.0;0.0;0.0;0.0;0.0;0.0;0.0;0.012953
14901;0.592742;0.075269;0.049731;0.022849;0.248656;0.0;0.0;0.0;0.0;0.0;0.0;0.0;0.0;0.0;0.0;0.010753
14902;0.527512;0.118421;0.131579;0.059809;0.136364;0.0;0.0;0.0;0.0;0.0;0.0;0.0;0.0;0.0;0.0;0.026316
15001;0.274437;0.376554;0.093383;0.057104;0.107491;0.0;0.0;0.0;0.0;0.0;0.075915;0.0;0.0;0.0;0.0;0.015116
15002;0.285741;0.263587;0.088051;0.061755;0.173842;0.0;0.0;0.0;0.0;0.0;0.112778;0.0;0.0;0.0;0.0;0.014246
15003;0.308605;0.473788;0.053412;0.026706;0.059347;0.0;0.0;0.0;0.0;0.0;0.071217;0.0;0.0;0.0;0.0;0.006924
15004;0.331899;0.282114;0.073755;0.039029;0.164413;0.0;0.0;0.0;0.0;0.0;0.098341;0.0;0.0;0.0;0.0;0.010449
15005;0.313714;0.254454;0.100434;0.048115;0.187588;0.0;0.0;0.0;0.0;0.0;0.077411;0.0;0.0;0.0;0.0;0.018285
15006;0.269547;0.394719;0.062757;0.043896;0.087449;0.0;0.0;0.0;0.0;0.0;0.130316;0.0;0.0;0.0;0.0;0.011317
15007;0.34725;0.420432;0.062377;0.023084;0.061886;0.0;0.0;0.0;0.0;0.0;0.079568;0.0;0.0;0.0;0.0;0.005403
15008;0.289376;0.340645;0.109672;0.055497;0.117336;0.0;0.0;0.0;0.0;0.0;0.075317;0.0;0.0;0.0;0.0;0.012156
15009;0.328925;0.307025;0.081058;0.046217;0.136945;0.0;0.0;0.0;0.0;0.0;0.089733;0.0;0.0;0.0;0.0;0.010097
15010;0.300395;0.454545;0.051383;0.021739;0.052372;0.0;0.0;0.0;0.0;0.0;0.106719;0.0;0.0;0.0;0.0;0.012846
15011;0.281122;0.298833;0.10002;0.050369;0.15172;0.0;0.0;0.0;0.0;0.0;0.101351;0.0;0.0;0.0;0.0;0.016585
15012;0.254371;0.44796;0.086178;0.04746;0.089092;0.0;0.0;0.0;0.0;0.0;0.063697;0.0;0.0;0.0;0.0;0.011241
15013;0.278409;0.324358;0.080781;0.053113;0.146739;0.0;0.0;0.0;0.0;0.0;0.100296;0.0;0.0;0.0;0.0;0.016304
15014;0.240263;0.392304;0.096199;0.055373;0.098076;0.0;0.0;0.0;0.0;0.0;0.099953;0.0;0.0;0.0;0.0;0.017832
15015;0.286908;0.308078;0.081894;0.036769;0.167131;0.0;0.0;0.0;0.0;0.0;0.107521;0.0;0.0;0.0;0.0;0.011699
15016;0.446634;0.296393;0.098178;0.02752;0.053552;0.0;0.0;0.0;0.0;0.0;0.069543;0.0;0.0;0.0;0.0;0.008181
15017;0.325424;0.233022;0.097346;0.058255;0.187619;0.0;0.0;0.0;0.0;0.0;0.07955;0.0;0.0;0.0;0.0;0.018785
15018;0.409437;0.25723;0.042618;0.030441;0.13242;0.0;0.0;0.0;0.0;0.0;0.121766;0.0;0.0;0.0;0.0;0.006088
15019;0.305399;0.285225;0.093372;0.050372;0.107856;0.0;0.0;0.0;0.0;0.0;0.144132;0.0;0.0;0.0;0.0;0.013644
15020;0.339399;0.324841;0.05596;0.031847;0.10737;0.0;0.0;0.0;0.0;0.0;0.132393;0.0;0.0;0.0;0.0;0.008189
15021;0.327883;0.307669;0.078181;0.048157;0.137039;0.0;0.0;0.0;0.0;0.0;0.090071;0.0;0.0;0.0;0.0;0.010999
15022;0.294015;0.301022;0.085839;0.031241;0.11708;0.0;0.0;0.0;0.0;0.0;0.161752;0.0;0.0;0.0;0.0;0.009051
15023;0.362735;0.288002;0.086172;0.039908;0.115404;0.0;0.0;0.0;0.0;0.0;0.098373;0.0;0.0;0.0;0.0;0.009405
15024;0.339767;0.359068;0.096504;0.030226;0.077567;0.0;0.0;0.0;0.0;0.0;0.089221;0.0;0.0;0.0;0.0;0.007647
15025;0.328767;0.412916;0.060665;0.017613;0.072407;0.0;0.0;0.0;0.0;0.0;0.091977;0.0;0.0;0.0;0.0;0.015656
15027;0.283796;0.40197;0.098478;0.055506;0.092211;0.0;0.0;0.0;0.0;0.0;0.058192;0.0;0.0;0.0;0.0;0.009848
15028;0.33691;0.215665;0.050429;0.036481;0.177039;0.0;0.0;0.0;0.0;0.0;0.178112;0.0;0.0;0.0;0.0;0.005365
15029;0.307923;0.388149;0.094874;0.031957;0.080559;0.0;0.0;0.0;0.0;0.0;0.089547;0.0;0.0;0.0;0.0;0.006991
15030;0.32117;0.277556;0.082007;0.050959;0.169767;0.0;0.0;0.0;0.0;0.0;0.084058;0.0;0.0;0.0;0.0;0.014484
15031;0.361021;0.217756;0.092018;0.060202;0.17216;0.0;0.0;0.0;0.0;0.0;0.080841;0.0;0.0;0.0;0.0;0.016003
15032;0.239359;0.472769;0.079634;0.034325;0.082838;0.0;0.0;0.0;0.0;0.0;0.086041;0.0;0.0;0.0;0.0;0.005034
15033;0.287447;0.343845;0.070952;0.033354;0.114615;0.0;0.0;0.0;0.0;0.0;0.141298;0.0;0.0;0.0;0.0;0.00849
15034;0.522293;0.233758;0.073248;0.024204;0.071975;0.0;0.0;0.0;0.0;0.0;0.064331;0.0;0.0;0.0;0.0;0.010191
15035;0.328565;0.227588;0.06104;0.036397;0.198414;0.0;0.0;0.0;0.0;0.0;0.135816;0.0;0.0;0.0;0.0;0.01218
15036;0.316393;0.287997;0.088356;0.0423;0.181589;0.0;0.0;0.0;0.0;0.0;0.068481;0.0;0.0;0.0;0.0;0.014885
15037;0.281317;0.32749;0.09534;0.043181;0.146216;0.0;0.0;0.0;0.0;0.0;0.095767;0.0;0.0;0.0;0.0;0.010688
15038;0.302181;0.423676;0.064642;0.022586;0.07243;0.0;0.0;0.0;0.0;0.0;0.103583;0.0;0.0;0.0;0.0;0.010903
15039;0.262887;0.487113;0.063144;0.030928;0.076031;0.0;0.0;0.0;0.0;0.0;0.070876;0.0;0.0;0.0;0.0;0.009021
15040;0.261591;0.431025;0.098454;0.029765;0.088151;0.0;0.0;0.0;0.0;0.0;0.08071;0.0;0.0;0.0;0.0;0.010303
15041;0.292782;0.388321;0.066504;0.038443;0.121006;0.0;0.0;0.0;0.0;0.0;0.081427;0.0;0.0;0.0;0.0;0.011517
15042;0.256786;0.415309;0.086862;0.036374;0.114549;0.0;0.0;0.0;0.0;0.0;0.078176;0.0;0.0;0.0;0.0;0.011944
15043;0.306796;0.339482;0.071845;0.040453;0.11165;0.0;0.0;0.0;0.0;0.0;0.117152;0.0;0.0;0.0;0.0;0.012621
15044;0.286812;0.46735;0.058899;0.023047;0.084507;0.0;0.0;0.0;0.0;0.0;0.06402;0.0;0.0;0.0;0.0;0.015365
15045;0.234105;0.454411;0.080335;0.038443;0.065057;0.0;0.0;0.0;0.0;0.0;0.118778;0.0;0.0;0.0;0.0;0.008871
15046;0.257418;0.415148;0.078084;0.030453;0.09292;0.0;0.0;0.0;0.0;0.0;0.1114;0.0;0.0;0.0;0.0;0.014576
15047;0.323188;0.388406;0.068841;0.037681;0.091304;0.0;0.0;0.0;0.0;0.0;0.086232;0.0;0.0;0.0;0.0;0.004348
15048;0.309901;0.314089;0.094526;0.045169;0.15854;0.0;0.0;0.0;0.0;0.0;0.068501;0.0;0.0;0.0;0.0;0.009273
15049;0.163514;0.459459;0.045946;0.022973;0.047297;0.0;0.0;0.0;0.0;0.0;0.258108;0.0;0.0;0.0;0.0;0.002703
15050;0.353659;0.354767;0.087583;0.028825;0.067627;0.0;0.0;0.0;0.0;0.0;0.100887;0.0;0.0;0.0;0.0;0.006652
15051;0.336439;0.259489;0.063837;0.033471;0.203244;0.0;0.0;0.0;0.0;0.0;0.092133;0.0;0.0;0.0;0.0;0.011387
15052;0.353441;0.349393;0.08664;0.038462;0.089069;0.0;0.0;0.0;0.0;0.0;0.072065;0.0;0.0;0.0;0.0;0.010931
15053;0.3129;0.310254;0.05645;0.035943;0.144873;0.0;0.0;0.0;0.0;0.0;0.128115;0.0;0.0;0.0;0.0;0.011466
15054;0.310334;0.257295;0.09665;0.049774;0.187138;0.0;0.0;0.0;0.0;0.0;0.082324;0.0;0.0;0.0;0.0;0.016486
15055;0.339971;0.259956;0.077065;0.037242;0.173673;0.0;0.0;0.0;0.0;0.0;0.097345;0.0;0.0;0.0;0.0;0.014749
15056;0.326418;0.37455;0.078285;0.0426;0.089073;0.0;0.0;0.0;0.0;0.0;0.079945;0.0;0.0;0.0;0.0;0.009129
15057;0.282168;0.357278;0.067675;0.04436;0.132325;0.0;0.0;0.0;0.0;0.0;0.103466;0.0;0.0;0.0;0.0;0.012728
15058;0.300398;0.296164;0.092403;0.059938;0.165297;0.0;0.0;0.0;0.0;0.0;0.072088;0.0;0.0;0.0;0.0;0.013712
15059;0.272071;0.402015;0.072191;0.038803;0.089337;0.0;0.0;0.0;0.0;0.0;0.11686;0.0;0.0;0.0;0.0;0.008723
15060;0.289541;0.336735;0.089541;0.046429;0.120918;0.0;0.0;0.0;0.0;0.0;0.104847;0.0;0.0;0.0;0.0;0.01199
15061;0.283611;0.409091;0.079706;0.036492;0.089309;0.0;0.0;0.0;0.0;0.0;0.09507;0.0;0.0;0.0;0.0;0.006722
15062;0.242823;0.403708;0.066388;0.047548;0.098086;0.0;0.0;0.0;0.0;0.0;0.122309;0.0;0.0;0.0;0.0;0.019139
15064;0.344078;0.362999;0.080589;0.03644;0.087596;0.0;0.0;0.0;0.0;0.0;0.07288;0.0;0.0;0.0;0.0;0.015417
15065;0.28191;0.33601;0.090448;0.050085;0.141167;0.0;0.0;0.0;0.0;0.0;0.088757;0.0;0.0;0.0;0.0;0.011623
15066;0.232933;0.477119;0.087772;0.034509;0.084771;0.0;0.0;0.0;0.0;0.0;0.077644;0.0;0.0;0.0;0.0;0.005251
15067;0.29624;0.271235;0.078259;0.040466;0.206146;0.0;0.0;0.0;0.0;0.0;0.097347;0.0;0.0;0.0;0.0;0.010307
15068;0.327784;0.311134;0.081859;0.05307;0.102671;0.0;0.0;0.0;0.0;0.0;0.114464;0.0;0.0;0.0;0.0;0.009018
15069;0.315566;0.271445;0.061142;0.032699;0.178275;0.0;0.0;0.0;0.0;0.0;0.127436;0.0;0.0;0.0;0.0;0.013438
15070;0.308597;0.253032;0.062262;0.023529;0.167421;0.0;0.0;0.0;0.0;0.0;0.171584;0.0;0.0;0.0;0.0;0.013575
15071;0.280848;0.329663;0.08413;0.048816;0.126298;0.0;0.0;0.0;0.0;0.0;0.116327;0.0;0.0;0.0;0.0;0.013918
15072;0.288511;0.269579;0.083172;0.037055;0.144984;0.0;0.0;0.0;0.0;0.0;0.162783;0.0;0.0;0.0;0.0;0.013916
15073;0.242162;0.334095;0.137624;0.052387;0.135891;0.0;0.0;0.0;0.0;0.0;0.084449;0.0;0.0;0.0;0.0;0.013392
15074;0.235776;0.452455;0.088854;0.038192;0.090023;0.0;0.0;0.0;0.0;0.0;0.084957;0.0;0.0;0.0;0.0;0.009743
15075;0.292783;0.294076;0.103197;0.059121;0.155501;0.0;0.0;0.0;0.0;0.0;0.08204;0.0;0.0;0.0;0.0;0.013282
15076;0.254692;0.33378;0.075067;0.030831;0.08445;0.0;0.0;0.0;0.0;0.0;0.213807;0.0;0.0;0.0;0.0;0.007373
15077;0.250578;0.474459;0.092495;0.041623;0.062434;0.0;0.0;0.0;0.0;0.0;0.068531;0.0;0.0;0.0;0.0;0.00988
15078;0.283352;0.313491;0.062878;0.047845;0.150731;0.0;0.0;0.0;0.0;0.0;0.129308;0.0;0.0;0.0;0.0;0.012396
15079;0.269767;0.460465;0.060465;0.04186;0.066279;0.0;0.0;0.0;0.0;0.0;0.089535;0.0;0.0;0.0;0.0;0.011628
15080;0.33843;0.427115;0.063201;0.0316;0.060143;0.0;0.0;0.0;0.0;0.0;0.067278;0.0;0.0;0.0;0.0;0.012232
15081;0.146165;0.622287;0.053546;0.014472;0.083936;0.0;0.0;0.0;0.0;0.0;0.063676;0.0;0.0;0.0;0.0;0.015919
15082;0.269489;0.309652;0.082694;0.051151;0.154779;0.0;0.0;0.0;0.0;0.0;0.116416;0.0;0.0;0.0;0.0;0.015819
15083;0.19376;0.56486;0.052545;0.029557;0.064039;0.0;0.0;0.0;0.0;0.0;0.085386;0.0;0.0;0.0;0.0;0.009852
15084;0.207212;0.56323;0.076181;0.029964;0.041646;0.0;0.0;0.0;0.0;0.0;0.076689;0.0;0.0;0.0;0.0;0.005079
15085;0.255203;0.468781;0.052527;0.031219;0.083746;0.0;0.0;0.0;0.0;0.0;0.099108;0.0;0.0;0.0;0.0;0.009415
15086;0.238789;0.500561;0.081278;0.040359;0.070628;0.0;0.0;0.0;0.0;0.0;0.061099;0.0;0.0;0.0;0.0;0.007287
15087;0.323416;0.303779;0.080333;0.044332;0.145492;0.0;0.0;0.0;0.0;0.0;0.088664;0.0;0.0;0.0;0.0;0.013984
15088;0.288;0.4535;0.078;0.042;0.0745;0.0;0.0;0.0;0.0;0.0;0.0585;0.0;0.0;0.0;0.0;0.0055
15089;0.268447;0.424104;0.062193;0.031272;0.110682;0.0;0.0;0.0;0.0;0.0;0.093113;0.0;0.0;0.0;0.0;0.01019
15090;0.190616;0.510264;0.068915;0.024927;0.042522;0.0;0.0;0.0;0.0;0.0;0.153959;0.0;0.0;0.0;0.0;0.008798
15091;0.264574;0.414051;0.100149;0.03139;0.122571;0.0;0.0;0.0;0.0;0.0;0.058296;0.0;0.0;0.0;0.0;0.008969
15092;0.384595;0.348631;0.073537;0.037037;0.074342;0.0;0.0;0.0;0.0;0.0;0.074611;0.0;0.0;0.0;0.0;0.007246
15093;0.257409;0.418713;0.083827;0.032176;0.070703;0.0;0.0;0.0;0.0;0.0;0.131668;0.0;0.0;0.0;0.0;0.005504
15901;0.320884;0.333509;0.062073;0.031562;0.144135;0.0;0.0;0.0;0.0;0.0;0.092583;0.0;0.0;0.0;0.0;0.015255
15902;0.28969;0.412059;0.088833;0.042455;0.085979;0.0;0.0;0.0;0.0;0.0;0.067071;0.0;0.0;0.0;0.0;0.013914
16001;0.377778;0.422222;0.133333;0.0;0.066667;0.0;0.0;0.0;0.0;0.0;0.0;0.0;0.0;0.0;0.0;0.0
16002;0.294872;0.314103;0.282051;0.076923;0.032051;0.0;0.0;0.0;0.0;0.0;0.0;0.0;0.0;0.0;0.0;0.0
16003;0.371429;0.266667;0.152381;0.057143;0.133333;0.0;0.0;0.0;0.0;0.0;0.0;0.0;0.0;0.0;0.0;0.019048
16004;0.37931;0.442529;0.137931;0.005747;0.034483;0.0;0.0;0.0;0.0;0.0;0.0;0.0;0.0;0.0;0.0;0.0
16005;0.440252;0.352201;0.08805;0.037736;0.075472;0.0;0.0;0.0;0.0;0.0;0.0;0.0;0.0;0.0;0.0;0.006289
16006;0.252525;0.181818;0.060606;0.464646;0.040404;0.0;0.0;0.0;0.0;0.0;0.0;0.0;0.0;0.0;0.0;0.0
16007;0.370853;0.400474;0.177725;0.031991;0.011848;0.0;0.0;0.0;0.0;0.0;0.0;0.0;0.0;0.0;0.0;0.007109
16008;0.451613;0.322581;0.048387;0.016129;0.145161;0.0;0.0;0.0;0.0;0.0;0.0;0.0;0.0;0.0;0.0;0.016129
16009;0.142857;0.5;0.166667;0.071429;0.095238;0.0;0.0;0.0;0.0;0.0;0.0;0.0;0.0;0.0;0.0;0.02381
16010;0.215909;0.522727;0.193182;0.056818;0.0;0.0;0.0;0.0;0.0;0.0;0.0;0.0;0.0;0.0;0.0;0.011364
16011;0.285714;0.214286;0.214286;0.214286;0.071429;0.0;0.0;0.0;0.0;0.0;0.0;0.0;0.0;0.0;0.0;0.0
16012;0.530303;0.318182;0.151515;0.0;0.0;0.0;0.0;0.0;0.0;0.0;0.0;0.0;0.0;0.0;0.0;0.0
16013;0.416667;0.5;0.041667;0.0;0.041667;0.0;0.0;0.0;0.0;0.0;0.0;0.0;0.0;0.0;0.0;0.0
16014;0.440389;0.26764;0.184915;0.026764;0.072993;0.0;0.0;0.0;0.0;0.0;0.0;0.0;0.0;0.0;0.0;0.007299
16015;0.244635;0.429185;0.197425;0.060086;0.060086;0.0;0.0;0.0;0.0;0.0;0.0;0.0;0.0;0.0;0.0;0.008584
16016;0.378205;0.25641;0.294872;0.038462;0.019231;0.0;0.0;0.0;0.0;0.0;0.0;0.0;0.0;0.0;0.0;0.012821
16017;0.427509;0.263941;0.211896;0.01487;0.078067;0.0;0.0;0.0;0.0;0.0;0.0;0.0;0.0;0.0;0.0;0.003717
16018;0.34375;0.222222;0.361111;0.041667;0.020833;0.0;0.0;0.0;0.0;0.0;0.0;0.0;0.0;0.0;0.0;0.010417
16019;0.292857;0.478571;0.164286;0.042857;0.007143;0.0;0.0;0.0;0.0;0.0;0.0;0.0;0.0;0.0;0.0;0.014286
16020;0.25;0.75;0.0;0.0;0.0;0.0;0.0;0.0;0.0;0.0;0.0;0.0;0.0;0.0;0.0;0.0
16022;0.365079;0.31746;0.15873;0.095238;0.047619;0.0;0.0;0.0;0.0;0.0;0.0;0.0;0.0;0.0;0.0;0.015873
16023;0.39011;0.222527;0.186813;0.065934;0.120879;0.0;0.0;0.0;0.0;0.0;0.0;0.0;0.0;0.0;0.0;0.013736
16024;0.464286;0.297619;0.095238;0.02381;0.119048;0.0;0.0;0.0;0.0;0.0;0.0;0.0;0.0;0.0;0.0;0.0
16025;0.25;0.55;0.1;0.0;0.05;0.0;0.0;0.0;0.0;0.0;0.0;0.0;0.0;0.0;0.0;0.05
16026;0.323529;0.382353;0.235294;0.044118;0.0;0.0;0.0;0.0;0.0;0.0;0.0;0.0;0.0;0.0;0.0;0.014706
16027;0.354251;0.246964;0.246964;0.032389;0.109312;0.0;0.0;0.0;0.0;0.0;0.0;0.0;0.0;0.0;0.0;0.010121
16029;0.297297;0.256757;0.216216;0.081081;0.148649;0.0;0.0;0.0;0.0;0.0;0.0;0.0;0.0;0.0;0.0;0.0
16030;0.529412;0.117647;0.117647;0.0;0.235294;0.0;0.0;0.0;0.0;0.0;0.0;0.0;0.0;0.0;0.0;0.0
16031;0.423077;0.269231;0.192308;0.0;0.115385;0.0;0.0;0.0;0.0;0.0;0.0;0.0;0.0;0.0;0.0;0.0
16032;0.442922;0.310502;0.123288;0.059361;0.054795;0.0;0.0;0.0;0.0;0.0;0.0;0.0;0.0;0.0;0.0;0.009132
16033;0.42024;0.313036;0.122642;0.059177;0.072041;0.0;0.0;0.0;0.0;0.0;0.0;0.0;0.0;0.0;0.0;0.012864
16034;0.424779;0.371681;0.132743;0.035398;0.035398;0.0;0.0;0.0;0.0;0.0;0.0;0.0;0.0;0.0;0.0;0.0
16035;0.505814;0.197674;0.127907;0.05814;0.098837;0.0;0.0;0.0;0.0;0.0;0.0;0.0;0.0;0.0;0.0;0.011628
16036;0.483871;0.193548;0.107527;0.086022;0.11828;0.0;0.0;0.0;0.0;0.0;0.0;0.0;0.0;0.0;0.0;0.010753
16038;0.25;0.45;0.3;0.0;0.0;0.0;0.0;0.0;0.0;0.0;0.0;0.0;0.0;0.0;0.0;0.0
16039;0.344681;0.280851;0.246809;0.080851;0.042553;0.0;0.0;0.0;0.0;0.0;0.0;0.0;0.0;0.0;0.0;0.004255
16040;0.135135;0.418919;0.243243;0.121622;0.067568;0.0;0.0;0.0;0.0;0.0;0.0;0.0;0.0;0.0;0.0;0.013514
16041;0.360996;0.294606;0.244813;0.037344;0.058091;0.0;0.0;0.0;0.0;0.0;0.0;0.0;0.0;0.0;0.0;0.004149
16042;0.493284;0.286935;0.125763;0.041514;0.046398;0.0;0.0;0.0;0.0;0.0;0.0;0.0;0.0;0.0;0.0;0.006105
16043;0.22807;0.438596;0.22807;0.035088;0.052632;0.0;0.0;0.0;0.0;0.0;0.0;0.0;0.0;0.0;0.0;0.017544
16044;0.285714;0.571429;0.035714;0.0;0.107143;0.0;0.0;0.0;0.0;0.0;0.0;0.0;0.0;0.0;0.0;0.0
16045;0.480315;0.330709;0.133858;0.0;0.047244;0.0;0.0;0.0;0.0;0.0;0.0;0.0;0.0;0.0;0.0;0.007874
16046;0.309859;0.408451;0.140845;0.084507;0.042254;0.0;0.0;0.0;0.0;0.0;0.0;0.0;0.0;0.0;0.0;0.014085
16047;0.241379;0.42069;0.158621;0.075862;0.103448;0.0;0.0;0.0;0.0;0.0;0.0;0.0;0.0;0.0;0.0;0.0
16048;0.35473;0.310811;0.263514;0.037162;0.027027;0.0;0.0;0.0;0.0;0.0;0.0;0.0;0.0;0.0;0.0;0.006757
16049;0.447917;0.333333;0.145833;0.03125;0.020833;0.0;0.0;0.0;0.0;0.0;0.0;0.0;0.0;0.0;0.0;0.020833
16050;0.39521;0.353293;0.179641;0.017964;0.053892;0.0;0.0;0.0;0.0;0.0;0.0;0.0;0.0;0.0;0.0;0.0
16051;0.419355;0.397849;0.150538;0.010753;0.010753;0.0;0.0;0.0;0.0;0.0;0.0;0.0;0.0;0.0;0.0;0.010753
16052;0.432692;0.266827;0.127404;0.067308;0.096154;0.0;0.0;0.0;0.0;0.0;0.0;0.0;0.0;0.0;0.0;0.009615
16053;0.446667;0.223333;0.146667;0.073333;0.093333;0.0;0.0;0.0;0.0;0.0;0.0;0.0;0.0;0.0;0.0;0.016667
16055;0.347418;0.316901;0.2277;0.039906;0.061033;0.0;0.0;0.0;0.0;0.0;0.0;0.0;0.0;0.0;0.0;0.007042
16056;0.428571;0.225564;0.259398;0.052632;0.026316;0.0;0.0;0.0;0.0;0.0;0.0;0.0;0.0;0.0;0.0;0.007519
16057;0.311111;0.2;0.244444;0.044444;0.177778;0.0;0.0;0.0;0.0;0.0;0.0;0.0;0.0;0.0;0.0;0.022222
16058;0.614286;0.242857;0.114286;0.014286;0.014286;0.0;0.0;0.0;0.0;0.0;0.0;0.0;0.0;0.0;0.0;0.0
16060;0.380392;0.339216;0.186275;0.043137;0.045098;0.0;0.0;0.0;0.0;0.0;0.0;0.0;0.0;0.0;0.0;0.005882
16061;0.451477;0.279887;0.160338;0.029536;0.068917;0.0;0.0;0.0;0.0;0.0;0.0;0.0;0.0;0.0;0.0;0.009845
16062;0.5;0.15;0.0;0.1;0.25;0.0;0.0;0.0;0.0;0.0;0.0;0.0;0.0;0.0;0.0;0.0
16063;0.35;0.4;0.1125;0.0375;0.1;0.0;0.0;0.0;0.0;0.0;0.0;0.0;0.0;0.0;0.0;0.0
16064;0.380952;0.346154;0.190476;0.045788;0.02381;0.0;0.0;0.0;0.0;0.0;0.0;0.0;0.0;0.0;0.0;0.012821
16065;0.330986;0.348592;0.21831;0.056338;0.038732;0.0;0.0;0.0;0.0;0.0;0.0;0.0;0.0;0.0;0.0;0.007042
16066;0.285548;0.317599;0.265152;0.039627;0.081002;0.0;0.0;0.0;0.0;0.0;0.0;0.0;0.0;0.0;0.0;0.011072
16067;0.325843;0.47191;0.146067;0.044944;0.011236;0.0;0.0;0.0;0.0;0.0;0.0;0.0;0.0;0.0;0.0;0.0
16068;0.352941;0.388235;0.164706;0.023529;0.058824;0.0;0.0;0.0;0.0;0.0;0.0;0.0;0.0;0.0;0.0;0.011765
16070;0.555556;0.185185;0.148148;0.037037;0.074074;0.0;0.0;0.0;0.0;0.0;0.0;0.0;0.0;0.0;0.0;0.0
16071;0.25;0.375;0.25;0.0;0.125;0.0;0.0;0.0;0.0;0.0;0.0;0.0;0.0;0.0;0.0;0.0
16072;0.46988;0.204819;0.26506;0.060241;0.0;0.0;0.0;0.0;0.0;0.0;0.0;0.0;0.0;0.0;0.0;0.0
16073;0.460526;0.243421;0.223684;0.032895;0.032895;0.0;0.0;0.0;0.0;0.0;0.0;0.0;0.0;0.0;0.0;0.006579
16074;0.4;0.44;0.08;0.0;0.08;0.0;0.0;0.0;0.0;0.0;0.0;0.0;0.0;0.0;0.0;0.0
16078;0.371389;0.304635;0.169423;0.060153;0.082192;0.0;0.0;0.0;0.0;0.0;0.0;0.0;0.0;0.0;0.0;0.012208
16079;0.5625;0.25;0.125;0.0625;0.0;0.0;0.0;0.0;0.0;0.0;0.0;0.0;0.0;0.0;0.0;0.0
16081;0.333333;0.305556;0.111111;0.083333;0.083333;0.0;0.0;0.0;0.0;0.0;0.0;0.0;0.0;0.0;0.0;0.083333
16082;0.439791;0.225131;0.172775;0.020942;0.125654;0.0;0.0;0.0;0.0;0.0;0.0;0.0;0.0;0.0;0.0;0.015707
16083;0.125;0.166667;0.625;0.083333;0.0;0.0;0.0;0.0;0.0;0.0;0.0;0.0;0.0;0.0;0.0;0.0
16084;0.586207;0.172414;0.241379;0.0;0.0;0.0;0.0;0.0;0.0;0.0;0.0;0.0;0.0;0.0;0.0;0.0
16085;0.358491;0.320755;0.150943;0.056604;0.103774;0.0;0.0;0.0;0.0;0.0;0.0;0.0;0.0;0.0;0.0;0.009434
16086;0.380673;0.395315;0.124451;0.036603;0.055637;0.0;0.0;0.0;0.0;0.0;0.0;0.0;0.0;0.0;0.0;0.007321
16087;0.297753;0.359551;0.275281;0.02809;0.02809;0.0;0.0;0.0;0.0;0.0;0.0;0.0;0.0;0.0;0.0;0.011236
16088;0.523256;0.27907;0.127907;0.0;0.05814;0.0;0.0;0.0;0.0;0.0;0.0;0.0;0.0;0.0;0.0;0.011628
16089;0.430605;0.288256;0.181495;0.05694;0.035587;0.0;0.0;0.0;0.0;0.0;0.0;0.0;0.0;0.0;0.0;0.007117
16091;0.658537;0.195122;0.0;0.02439;0.121951;0.0;0.0;0.0;0.0;0.0;0.0;0.0;0.0;0.0;0.0;0.0
16092;0.186916;0.327103;0.420561;0.028037;0.037383;0.0;0.0;0.0;0.0;0.0;0.0;0.0;0.0;0.0;0.0;0.0
16093;0.333333;0.244444;0.333333;0.022222;0.066667;0.0;0.0;0.0;0.0;0.0;0.0;0.0;0.0;0.0;0.0;0.0
16094;0.214286;0.392857;0.25;0.095238;0.047619;0.0;0.0;0.0;0.0;0.0;0.0;0.0;0.0;0.0;0.0;0.0
16095;0.275362;0.478261;0.144928;0.028986;0.057971;0.0;0.0;0.0;0.0;0.0;0.0;0.0;0.0;0.0;0.0;0.014493
16096;0.421296;0.240741;0.212963;0.018519;0.087963;0.0;0.0;0.0;0.0;0.0;0.0;0.0;0.0;0.0;0.0;0.018519
16097;0.534483;0.301724;0.086207;0.025862;0.051724;0.0;0.0;0.0;0.0;0.0;0.0;0.0;0.0;0.0;0.0;0.0
16098;0.428571;0.273608;0.164649;0.026634;0.089588;0.0;0.0;0.0;0.0;0.0;0.0;0.0;0.0;0.0;0.0;0.016949
16099;0.32381;0.361905;0.2;0.085714;0.009524;0.0;0.0;0.0;0.0;0.0;0.0;0.0;0.0;0.0;0.0;0.019048
16100;0.408203;0.357422;0.158203;0.025391;0.046875;0.0;0.0;0.0;0.0;0.0;0.0;0.0;0.0;0.0;0.0;0.003906
16101;0.490741;0.240741;0.185185;0.037037;0.046296;0.0;0.0;0.0;0.0;0.0;0.0;0.0;0.0;0.0;0.0;0.0
16102;0.274406;0.435356;0.216359;0.055409;0.01847;0.0;0.0;0.0;0.0;0.0;0.0;0.0;0.0;0.0;0.0;0.0
16103;0.26257;0.407821;0.273743;0.022346;0.03352;0.0;0.0;0.0;0.0;0.0;0.0;0.0;0.0;0.0;0.0;0.0
16104;0.428571;0.190476;0.333333;0.02381;0.02381;0.0;0.0;0.0;0.0;0.0;0.0;0.0;0.0;0.0;0.0;0.0
16106;0.431579;0.33985;0.153383;0.031579;0.0401;0.0;0.0;0.0;0.0;0.0;0.0;0.0;0.0;0.0;0.0;0.003509
16107;0.392857;0.375;0.107143;0.089286;0.017857;0.0;0.0;0.0;0.0;0.0;0.0;0.0;0.0;0.0;0.0;0.017857
16108;0.393939;0.242424;0.181818;0.030303;0.151515;0.0;0.0;0.0;0.0;0.0;0.0;0.0;0.0;0.0;0.0;0.0
16109;0.333333;0.4;0.166667;0.0;0.1;0.0;0.0;0.0;0.0;0.0;0.0;0.0;0.0;0.0;0.0;0.0
16110;0.043478;0.449275;0.463768;0.043478;0.0;0.0;0.0;0.0;0.0;0.0;0.0;0.0;0.0;0.0;0.0;0.0
16111;0.458716;0.302752;0.082569;0.06422;0.055046;0.0;0.0;0.0;0.0;0.0;0.0;0.0;0.0;0.0;0.0;0.036697
16112;0.408466;0.374603;0.107937;0.026455;0.078307;0.0;0.0;0.0;0.0;0.0;0.0;0.0;0.0;0.0;0.0;0.004233
16113;0.352267;0.34463;0.192363;0.042482;0.059666;0.0;0.0;0.0;0.0;0.0;0.0;0.0;0.0;0.0;0.0;0.008592
16115;0.5;0.34375;0.0625;0.09375;0.0;0.0;0.0;0.0;0.0;0.0;0.0;0.0;0.0;0.0;0.0;0.0
16116;0.421053;0.315789;0.157895;0.052632;0.035088;0.0;0.0;0.0;0.0;0.0;0.0;0.0;0.0;0.0;0.0;0.017544
16117;0.454674;0.29745;0.148725;0.03966;0.052408;0.0;0.0;0.0;0.0;0.0;0.0;0.0;0.0;0.0;0.0;0.007082
16118;0.310241;0.427711;0.169679;0.039157;0.042169;0.0;0.0;0.0;0.0;0.0;0.0;0.0;0.0;0.0;0.0;0.011044
16119;0.347826;0.304348;0.191304;0.026087;0.130435;0.0;0.0;0.0;0.0;0.0;0.0;0.0;0.0;0.0;0.0;0.0
16121;0.427632;0.296053;0.151316;0.006579;0.118421;0.0;0.0;0.0;0.0;0.0;0.0;0.0;0.0;0.0;0.0;0.0
16122;0.430939;0.281768;0.160221;0.055249;0.071823;0.0;0.0;0.0;0.0;0.0;0.0;0.0;0.0;0.0;0.0;0.0
16123;0.365854;0.195122;0.243902;0.02439;0.170732;0.0;0.0;0.0;0.0;0.0;0.0;0.0;0.0;0.0;0.0;0.0
16124;0.367592;0.294074;0.193548;0.020255;0.115529;0.0;0.0;0.0;0.0;0.0;0.0;0.0;0.0;0.0;0.0;0.009002
16125;0.347673;0.273047;0.271291;0.052678;0.045654;0.0;0.0;0.0;0.0;0.0;0.0;0.0;0.0;0.0;0.0;0.009658
16126;0.348708;0.304428;0.221402;0.027675;0.094096;0.0;0.0;0.0;0.0;0.0;0.0;0.0;0.0;0.0;0.0;0.00369
16128;0.368421;0.578947;0.052632;0.0;0.0;0.0;0.0;0.0;0.0;0.0;0.0;0.0;0.0;0.0;0.0;0.0
16129;0.388889;0.333333;0.236111;0.041667;0.0;0.0;0.0;0.0;0.0;0.0;0.0;0.0;0.0;0.0;0.0;0.0
16130;0.522277;0.242574;0.180693;0.029703;0.012376;0.0;0.0;0.0;0.0;0.0;0.0;0.0;0.0;0.0;0.0;0.012376
16131;0.392857;0.22619;0.285714;0.035714;0.035714;0.0;0.0;0.0;0.0;0.0;0.0;0.0;0.0;0.0;0.0;0.02381
16132;0.458333;0.166667;0.166667;0.0;0.166667;0.0;0.0;0.0;0.0;0.0;0.0;0.0;0.0;0.0;0.0;0.041667
16133;0.34761;0.262259;0.150217;0.041589;0.183116;0.0;0.0;0.0;0.0;0.0;0.0;0.0;0.0;0.0;0.0;0.015208
16134;0.316234;0.265909;0.249026;0.055195;0.104545;0.0;0.0;0.0;0.0;0.0;0.0;0.0;0.0;0.0;0.0;0.009091
16135;0.315789;0.421053;0.157895;0.026316;0.052632;0.0;0.0;0.0;0.0;0.0;0.0;0.0;0.0;0.0;0.0;0.026316
16137;0.24;0.32;0.36;0.0;0.08;0.0;0.0;0.0;0.0;0.0;0.0;0.0;0.0;0.0;0.0;0.0
16139;0.285068;0.457014;0.131222;0.040724;0.081448;0.0;0.0;0.0;0.0;0.0;0.0;0.0;0.0;0.0;0.0;0.004525
16140;0.769231;0.076923;0.076923;0.0;0.076923;0.0;0.0;0.0;0.0;0.0;0.0;0.0;0.0;0.0;0.0;0.0
16141;0.536842;0.242105;0.147368;0.021053;0.052632;0.0;0.0;0.0;0.0;0.0;0.0;0.0;0.0;0.0;0.0;0.0
16142;0.311111;0.366667;0.2;0.011111;0.1;0.0;0.0;0.0;0.0;0.0;0.0;0.0;0.0;0.0;0.0;0.011111
16143;0.111111;0.222222;0.555556;0.0;0.111111;0.0;0.0;0.0;0.0;0.0;0.0;0.0;0.0;0.0;0.0;0.0
16145;0.4875;0.25;0.146875;0.03125;0.078125;0.0;0.0;0.0;0.0;0.0;0.0;0.0;0.0;0.0;0.0;0.00625
16146;0.408163;0.469388;0.061224;0.020408;0.040816;0.0;0.0;0.0;0.0;0.0;0.0;0.0;0.0;0.0;0.0;0.0
16147;0.181818;0.212121;0.333333;0.151515;0.060606;0.0;0.0;0.0;0.0;0.0;0.0;0.0;0.0;0.0;0.0;0.060606
16148;0.271715;0.489978;0.175947;0.028953;0.03118;0.0;0.0;0.0;0.0;0.0;0.0;0.0;0.0;0.0;0.0;0.002227
16149;0.466019;0.184466;0.15534;0.048544;0.126214;0.0;0.0;0.0;0.0;0.0;0.0;0.0;0.0;0.0;0.0;0.019417
16150;0.34375;0.40625;0.015625;0.109375;0.109375;0.0;0.0;0.0;0.0;0.0;0.0;0.0;0.0;0.0;0.0;0.015625
16151;0.24;0.52;0.1;0.02;0.12;0.0;0.0;0.0;0.0;0.0;0.0;0.0;0.0;0.0;0.0;0.0
16152;0.130435;0.565217;0.217391;0.0;0.086957;0.0;0.0;0.0;0.0;0.0;0.0;0.0;0.0;0.0;0.0;0.0
16153;0.402985;0.397558;0.111262;0.031208;0.05156;0.0;0.0;0.0;0.0;0.0;0.0;0.0;0.0;0.0;0.0;0.005427
16154;0.341901;0.349074;0.19486;0.043933;0.063359;0.0;0.0;0.0;0.0;0.0;0.0;0.0;0.0;0.0;0.0;0.006874
16155;0.351706;0.346457;0.244094;0.023622;0.020997;0.0;0.0;0.0;0.0;0.0;0.0;0.0;0.0;0.0;0.0;0.013123
16156;0.40625;0.328125;0.203125;0.03125;0.03125;0.0;0.0;0.0;0.0;0.0;0.0;0.0;0.0;0.0;0.0;0.0
16157;0.358108;0.351351;0.216216;0.02027;0.0;0.0;0.0;0.0;0.0;0.0;0.0;0.0;0.0;0.0;0.0;0.054054
16158;0.31856;0.34903;0.177285;0.049861;0.099723;0.0;0.0;0.0;0.0;0.0;0.0;0.0;0.0;0.0;0.0;0.00554
16159;0.398496;0.443609;0.112782;0.030075;0.015038;0.0;0.0;0.0;0.0;0.0;0.0;0.0;0.0;0.0;0.0;0.0
16160;0.225;0.575;0.175;0.0;0.025;0.0;0.0;0.0;0.0;0.0;0.0;0.0;0.0;0.0;0.0;0.0
16161;0.325581;0.488372;0.046512;0.046512;0.093023;0.0;0.0;0.0;0.0;0.0;0.0;0.0;0.0;0.0;0.0;0.0
16162;0.322581;0.354839;0.225806;0.032258;0.064516;0.0;0.0;0.0;0.0;0.0;0.0;0.0;0.0;0.0;0.0;0.0
16163;0.470588;0.411765;0.078431;0.019608;0.019608;0.0;0.0;0.0;0.0;0.0;0.0;0.0;0.0;0.0;0.0;0.0
16165;0.466667;0.333333;0.044444;0.022222;0.111111;0.0;0.0;0.0;0.0;0.0;0.0;0.0;0.0;0.0;0.0;0.022222
16166;0.380117;0.298246;0.210526;0.035088;0.076023;0.0;0.0;0.0;0.0;0.0;0.0;0.0;0.0;0.0;0.0;0.0
16167;0.483871;0.258065;0.179724;0.032258;0.046083;0.0;0.0;0.0;0.0;0.0;0.0;0.0;0.0;0.0;0.0;0.0
16169;0.392857;0.107143;0.464286;0.0;0.035714;0.0;0.0;0.0;0.0;0.0;0.0;0.0;0.0;0.0;0.0;0.0
16170;0.441441;0.29955;0.108108;0.042793;0.099099;0.0;0.0;0.0;0.0;0.0;0.0;0.0;0.0;0.0;0.0;0.009009
16171;0.396009;0.345357;0.18726;0.024559;0.038373;0.0;0.0;0.0;0.0;0.0;0.0;0.0;0.0;0.0;0.0;0.008442
16172;0.348018;0.45815;0.154185;0.017621;0.013216;0.0;0.0;0.0;0.0;0.0;0.0;0.0;0.0;0.0;0.0;0.008811
16173;0.354331;0.401575;0.141732;0.023622;0.062992;0.0;0.0;0.0;0.0;0.0;0.0;0.0;0.0;0.0;0.0;0.015748
16174;0.385827;0.314961;0.23622;0.007874;0.031496;0.0;0.0;0.0;0.0;0.0;0.0;0.0;0.0;0.0;0.0;0.023622
16175;0.420981;0.248306;0.238005;0.037951;0.049607;0.0;0.0;0.0;0.0;0.0;0.0;0.0;0.0;0.0;0.0;0.00515
16176;0.45;0.1;0.0;0.2;0.25;0.0;0.0;0.0;0.0;0.0;0.0;0.0;0.0;0.0;0.0;0.0
16177;0.28125;0.328125;0.28125;0.015625;0.046875;0.0;0.0;0.0;0.0;0.0;0.0;0.0;0.0;0.0;0.0;0.046875
16181;0.325;0.575;0.05;0.0;0.05;0.0;0.0;0.0;0.0;0.0;0.0;0.0;0.0;0.0;0.0;0.0
16185;0.387097;0.387097;0.16129;0.032258;0.032258;0.0;0.0;0.0;0.0;0.0;0.0;0.0;0.0;0.0;0.0;0.0
16186;0.463576;0.241722;0.231788;0.009934;0.036424;0.0;0.0;0.0;0.0;0.0;0.0;0.0;0.0;0.0;0.0;0.016556
16187;0.371429;0.314286;0.142857;0.114286;0.028571;0.0;0.0;0.0;0.0;0.0;0.0;0.0;0.0;0.0;0.0;0.028571
16188;0.428571;0.285714;0.125;0.017857;0.125;0.0;0.0;0.0;0.0;0.0;0.0;0.0;0.0;0.0;0.0;0.017857
16189;0.215789;0.394737;0.263158;0.089474;0.015789;0.0;0.0;0.0;0.0;0.0;0.0;0.0;0.0;0.0;0.0;0.021053
16190;0.341344;0.318132;0.23621;0.058711;0.042327;0.0;0.0;0.0;0.0;0.0;0.0;0.0;0.0;0.0;0.0;0.003277
16191;0.415888;0.336449;0.168224;0.05296;0.021807;0.0;0.0;0.0;0.0;0.0;0.0;0.0;0.0;0.0;0.0;0.004673
16192;0.678571;0.0;0.285714;0.0;0.035714;0.0;0.0;0.0;0.0;0.0;0.0;0.0;0.0;0.0;0.0;0.0
16193;0.571429;0.244898;0.122449;0.040816;0.020408;0.0;0.0;0.0;0.0;0.0;0.0;0.0;0.0;0.0;0.0;0.0
16194;0.645963;0.118012;0.10559;0.031056;0.093168;0.0;0.0;0.0;0.0;0.0;0.0;0.0;0.0;0.0;0.0;0.006211
16195;0.488166;0.266272;0.16568;0.044379;0.035503;0.0;0.0;0.0;0.0;0.0;0.0;0.0;0.0;0.0;0.0;0.0
16196;0.530655;0.302326;0.078224;0.023256;0.063425;0.0;0.0;0.0;0.0;0.0;0.0;0.0;0.0;0.0;0.0;0.002114
16197;0.465116;0.302326;0.069767;0.023256;0.139535;0.0;0.0;0.0;0.0;0.0;0.0;0.0;0.0;0.0;0.0;0.0
16198;0.389371;0.272234;0.215835;0.059653;0.057484;0.0;0.0;0.0;0.0;0.0;0.0;0.0;0.0;0.0;0.0;0.005423
16199;0.222222;0.444444;0.277778;0.0;0.055556;0.0;0.0;0.0;0.0;0.0;0.0;0.0;0.0;0.0;0.0;0.0
16202;0.455939;0.260536;0.195402;0.049808;0.032567;0.0;0.0;0.0;0.0;0.0;0.0;0.0;0.0;0.0;0.0;0.005747
16203;0.399795;0.246601;0.211373;0.050285;0.080982;0.0;0.0;0.0;0.0;0.0;0.0;0.0;0.0;0.0;0.0;0.010963
16204;0.340909;0.227273;0.284091;0.096591;0.039773;0.0;0.0;0.0;0.0;0.0;0.0;0.0;0.0;0.0;0.0;0.011364
16205;0.222222;0.416667;0.180556;0.041667;0.125;0.0;0.0;0.0;0.0;0.0;0.0;0.0;0.0;0.0;0.0;0.013889
16206;0.421488;0.371901;0.165289;0.016529;0.024793;0.0;0.0;0.0;0.0;0.0;0.0;0.0;0.0;0.0;0.0;0.0
16209;0.391304;0.347826;0.097826;0.021739;0.130435;0.0;0.0;0.0;0.0;0.0;0.0;0.0;0.0;0.0;0.0;0.01087
16211;0.464602;0.349558;0.137168;0.026549;0.022124;0.0;0.0;0.0;0.0;0.0;0.0;0.0;0.0;0.0;0.0;0.0
16212;0.440217;0.380435;0.108696;0.032609;0.027174;0.0;0.0;0.0;0.0;0.0;0.0;0.0;0.0;0.0;0.0;0.01087
16213;0.307692;0.346154;0.076923;0.076923;0.192308;0.0;0.0;0.0;0.0;0.0;0.0;0.0;0.0;0.0;0.0;0.0
16215;0.630573;0.140127;0.152866;0.031847;0.038217;0.0;0.0;0.0;0.0;0.0;0.0;0.0;0.0;0.0;0.0;0.006369
16216;0.504902;0.284314;0.117647;0.029412;0.063725;0.0;0.0;0.0;0.0;0.0;0.0;0.0;0.0;0.0;0.0;0.0
16217;0.333333;0.333333;0.222222;0.027778;0.083333;0.0;0.0;0.0;0.0;0.0;0.0;0.0;0.0;0.0;0.0;0.0
16218;0.401515;0.431818;0.068182;0.068182;0.030303;0.0;0.0;0.0;0.0;0.0;0.0;0.0;0.0;0.0;0.0;0.0
16219;0.603448;0.103448;0.103448;0.0;0.172414;0.0;0.0;0.0;0.0;0.0;0.0;0.0;0.0;0.0;0.0;0.017241
16224;0.310345;0.310345;0.224138;0.068966;0.068966;0.0;0.0;0.0;0.0;0.0;0.0;0.0;0.0;0.0;0.0;0.017241
16225;0.366667;0.333333;0.266667;0.033333;0.0;0.0;0.0;0.0;0.0;0.0;0.0;0.0;0.0;0.0;0.0;0.0
16227;0.315789;0.407895;0.223684;0.013158;0.026316;0.0;0.0;0.0;0.0;0.0;0.0;0.0;0.0;0.0;0.0;0.013158
16228;0.230769;0.524476;0.083916;0.132867;0.027972;0.0;0.0;0.0;0.0;0.0;0.0;0.0;0.0;0.0;0.0;0.0
16231;0.157895;0.5;0.184211;0.052632;0.052632;0.0;0.0;0.0;0.0;0.0;0.0;0.0;0.0;0.0;0.0;0.052632
16234;0.823529;0.117647;0.0;0.0;0.058824;0.0;0.0;0.0;0.0;0.0;0.0;0.0;0.0;0.0;0.0;0.0
16236;0.268534;0.369028;0.283361;0.047776;0.023064;0.0;0.0;0.0;0.0;0.0;0.0;0.0;0.0;0.0;0.0;0.008237
16237;0.271605;0.382716;0.197531;0.049383;0.098765;0.0;0.0;0.0;0.0;0.0;0.0;0.0;0.0;0.0;0.0;0.0
16238;0.416446;0.360743;0.132626;0.037135;0.05305;0.0;0.0;0.0;0.0;0.0;0.0;0.0;0.0;0.0;0.0;0.0
16239;0.517241;0.16092;0.126437;0.034483;0.16092;0.0;0.0;0.0;0.0;0.0;0.0;0.0;0.0;0.0;0.0;0.0
16240;0.42029;0.289855;0.130435;0.043478;0.115942;0.0;0.0;0.0;0.0;0.0;0.0;0.0;0.0;0.0;0.0;0.0
16242;0.228216;0.522822;0.13278;0.070539;0.037344;0.0;0.0;0.0;0.0;0.0;0.0;0.0;0.0;0.0;0.0;0.008299
16243;0.370492;0.32459;0.17377;0.039344;0.088525;0.0;0.0;0.0;0.0;0.0;0.0;0.0;0.0;0.0;0.0;0.003279
16244;0.479239;0.33737;0.133218;0.029412;0.019031;0.0;0.0;0.0;0.0;0.0;0.0;0.0;0.0;0.0;0.0;0.00173
16245;0.286195;0.363636;0.185185;0.047138;0.097643;0.0;0.0;0.0;0.0;0.0;0.0;0.0;0.0;0.0;0.0;0.020202
16246;0.361371;0.420561;0.158879;0.015576;0.043614;0.0;0.0;0.0;0.0;0.0;0.0;0.0;0.0;0.0;0.0;0.0
16247;0.510204;0.306122;0.122449;0.020408;0.040816;0.0;0.0;0.0;0.0;0.0;0.0;0.0;0.0;0.0;0.0;0.0
16248;0.367435;0.305476;0.207493;0.040346;0.066282;0.0;0.0;0.0;0.0;0.0;0.0;0.0;0.0;0.0;0.0;0.012968
16249;0.442857;0.322857;0.155714;0.035;0.037857;0.0;0.0;0.0;0.0;0.0;0.0;0.0;0.0;0.0;0.0;0.005714
16250;0.313725;0.411765;0.156863;0.078431;0.019608;0.0;0.0;0.0;0.0;0.0;0.0;0.0;0.0;0.0;0.0;0.019608
16251;0.246713;0.391338;0.272235;0.034803;0.047177;0.0;0.0;0.0;0.0;0.0;0.0;0.0;0.0;0.0;0.0;0.007734
16253;0.256637;0.402655;0.283186;0.039823;0.017699;0.0;0.0;0.0;0.0;0.0;0.0;0.0;0.0;0.0;0.0;0.0
16254;0.440252;0.352201;0.119497;0.006289;0.069182;0.0;0.0;0.0;0.0;0.0;0.0;0.0;0.0;0.0;0.0;0.012579
16255;0.464646;0.363636;0.10101;0.060606;0.010101;0.0;0.0;0.0;0.0;0.0;0.0;0.0;0.0;0.0;0.0;0.0
16258;0.411765;0.361345;0.151261;0.042017;0.016807;0.0;0.0;0.0;0.0;0.0;0.0;0.0;0.0;0.0;0.0;0.016807
16259;0.545455;0.409091;0.045455;0.0;0.0;0.0;0.0;0.0;0.0;0.0;0.0;0.0;0.0;0.0;0.0;0.0
16263;0.481894;0.266017;0.147632;0.043175;0.054318;0.0;0.0;0.0;0.0;0.0;0.0;0.0;0.0;0.0;0.0;0.006964
16264;0.4375;0.381579;0.157895;0.013158;0.009868;0.0;0.0;0.0;0.0;0.0;0.0;0.0;0.0;0.0;0.0;0.0
16265;0.5;0.277778;0.166667;0.055556;0.0;0.0;0.0;0.0;0.0;0.0;0.0;0.0;0.0;0.0;0.0;0.0
16266;0.256705;0.490421;0.206897;0.030651;0.011494;0.0;0.0;0.0;0.0;0.0;0.0;0.0;0.0;0.0;0.0;0.003831
16269;0.371025;0.40636;0.183746;0.010601;0.028269;0.0;0.0;0.0;0.0;0.0;0.0;0.0;0.0;0.0;0.0;0.0
16270;0.22314;0.429752;0.264463;0.041322;0.033058;0.0;0.0;0.0;0.0;0.0;0.0;0.0;0.0;0.0;0.0;0.008264
16271;0.34728;0.341004;0.17364;0.025105;0.108787;0.0;0.0;0.0;0.0;0.0;0.0;0.0;0.0;0.0;0.0;0.004184
16272;0.172414;0.475862;0.248276;0.055172;0.048276;0.0;0.0;0.0;0.0;0.0;0.0;0.0;0.0;0.0;0.0;0.0
16273;0.197115;0.4375;0.317308;0.019231;0.019231;0.0;0.0;0.0;0.0;0.0;0.0;0.0;0.0;0.0;0.0;0.009615
16274;0.513514;0.22973;0.094595;0.027027;0.135135;0.0;0.0;0.0;0.0;0.0;0.0;0.0;0.0;0.0;0.0;0.0
16275;0.272727;0.545455;0.0;0.0;0.181818;0.0;0.0;0.0;0.0;0.0;0.0;0.0;0.0;0.0;0.0;0.0
16276;0.375;0.4375;0.1875;0.0;0.0;0.0;0.0;0.0;0.0;0.0;0.0;0.0;0.0;0.0;0.0;0.0
16277;0.175676;0.5;0.189189;0.108108;0.027027;0.0;0.0;0.0;0.0;0.0;0.0;0.0;0.0;0.0;0.0;0.0
16278;0.533333;0.266667;0.177778;0.0;0.022222;0.0;0.0;0.0;0.0;0.0;0.0;0.0;0.0;0.0;0.0;0.0
16279;0.203704;0.351852;0.361111;0.027778;0.055556;0.0;0.0;0.0;0.0;0.0;0.0;0.0;0.0;0.0;0.0;0.0
16280;0.401709;0.478632;0.051282;0.017094;0.051282;0.0;0.0;0.0;0.0;0.0;0.0;0.0;0.0;0.0;0.0;0.0
16901;0.334873;0.369515;0.166282;0.055427;0.066975;0.0;0.0;0.0;0.0;0.0;0.0;0.0;0.0;0.0;0.0;0.006928
16902;0.505882;0.247059;0.164706;0.035294;0.047059;0.0;0.0;0.0;0.0;0.0;0.0;0.0;0.0;0.0;0.0;0.0
16903;0.237569;0.446133;0.248619;0.037293;0.029006;0.0;0.0;0.0;0.0;0.0;0.0;0.0;0.0;0.0;0.0;0.001381
16904;0.371257;0.269461;0.215569;0.041916;0.071856;0.0;0.0;0.0;0.0;0.0;0.0;0.0;0.0;0.0;0.0;0.02994
16905;0.410173;0.232684;0.199134;0.060606;0.082251;0.0;0.0;0.0;0.0;0.0;0.0;0.0;0.0;0.0;0.0;0.015152
16906;0.418605;0.418605;0.162791;0.0;0.0;0.0;0.0;0.0;0.0;0.0;0.0;0.0;0.0;0.0;0.0;0.0
16908;0.423077;0.192308;0.161538;0.023077;0.2;0.0;0.0;0.0;0.0;0.0;0.0;0.0;0.0;0.0;0.0;0.0
16909;0.56405;0.247934;0.095041;0.024793;0.055785;0.0;0.0;0.0;0.0;0.0;0.0;0.0;0.0;0.0;0.0;0.012397
16910;0.372093;0.325581;0.093023;0.046512;0.139535;0.0;0.0;0.0;0.0;0.0;0.0;0.0;0.0;0.0;0.0;0.023256
17001;0.080569;0.018957;0.040284;0.018957;0.082938;0.407583;0.220379;0.125592;0.0;0.0;0.0;0.0;0.0;0.0;0.0;0.004739
17002;0.069915;0.033898;0.025424;0.033898;0.061441;0.243644;0.381356;0.144068;0.0;0.0;0.0;0.0;0.0;0.0;0.0;0.006356
17003;0.0;0.023529;0.011765;0.0;0.105882;0.294118;0.376471;0.188235;0.0;0.0;0.0;0.0;0.0;0.0;0.0;0.0
17004;0.061425;0.009828;0.012285;0.034398;0.09828;0.348894;0.289926;0.137592;0.0;0.0;0.0;0.0;0.0;0.0;0.0;0.007371
17005;0.148265;0.025237;0.028391;0.031546;0.059937;0.375394;0.22082;0.091483;0.0;0.0;0.0;0.0;0.0;0.0;0.0;0.018927
17006;0.086527;0.012361;0.02843;0.037083;0.096415;0.328801;0.268232;0.112485;0.0;0.0;0.0;0.0;0.0;0.0;0.0;0.029666
17007;0.065185;0.024444;0.013333;0.013333;0.044444;0.205926;0.53037;0.094815;0.0;0.0;0.0;0.0;0.0;0.0;0.0;0.008148
17008;0.0942;0.028416;0.034255;0.024134;0.073569;0.234332;0.388867;0.114441;0.0;0.0;0.0;0.0;0.0;0.0;0.0;0.007785
17009;0.079103;0.025709;0.014832;0.01615;0.071523;0.300593;0.341134;0.143375;0.0;0.0;0.0;0.0;0.0;0.0;0.0;0.007581
17010;0.024096;0.0;0.0;0.004016;0.120482;0.236948;0.393574;0.200803;0.0;0.0;0.0;0.0;0.0;0.0;0.0;0.02008
17011;0.059524;0.019841;0.025794;0.017857;0.043651;0.35119;0.347222;0.123016;0.0;0.0;0.0;0.0;0.0;0.0;0.0;0.011905
17012;0.112172;0.047733;0.081146;0.050119;0.112172;0.318616;0.206444;0.048926;0.0;0.0;0.0;0.0;0.0;0.0;0.0;0.022673
17013;0.189848;0.064467;0.057868;0.048223;0.093401;0.277157;0.192386;0.054822;0.0;0.0;0.0;0.0;0.0;0.0;0.0;0.021827
17014;0.102041;0.040816;0.040816;0.081633;0.061224;0.244898;0.326531;0.102041;0.0;0.0;0.0;0.0;0.0;0.0;0.0;0.0
17015;0.080806;0.02739;0.020569;0.016686;0.077868;0.305698;0.335502;0.111659;0.0;0.0;0.0;0.0;0.0;0.0;0.0;0.023822
17016;0.053476;0.035651;0.017825;0.02852;0.096257;0.352941;0.286988;0.117647;0.0;0.0;0.0;0.0;0.0;0.0;0.0;0.010695
17018;0.076087;0.021739;0.016304;0.029891;0.081522;0.307065;0.30163;0.157609;0.0;0.0;0.0;0.0;0.0;0.0;0.0;0.008152
17019;0.103026;0.022334;0.009366;0.01585;0.063401;0.300432;0.400576;0.07853;0.0;0.0;0.0;0.0;0.0;0.0;0.0;0.006484
17020;0.083658;0.021269;0.028004;0.019497;0.074442;0.303438;0.338887;0.123006;0.0;0.0;0.0;0.0;0.0;0.0;0.0;0.007799
17021;0.137931;0.011494;0.0;0.0;0.08046;0.218391;0.287356;0.264368;0.0;0.0;0.0;0.0;0.0;0.0;0.0;0.0
17022;0.142534;0.033066;0.030807;0.019922;0.095708;0.308071;0.230437;0.127131;0.0;0.0;0.0;0.0;0.0;0.0;0.0;0.012323
17023;0.247979;0.067991;0.070215;0.067014;0.169353;0.20777;0.112594;0.037604;0.0;0.0;0.0;0.0;0.0;0.0;0.0;0.01948
17024;0.13198;0.071066;0.060914;0.0;0.060914;0.299492;0.279188;0.081218;0.0;0.0;0.0;0.0;0.0;0.0;0.0;0.015228
17025;0.082529;0.025723;0.036442;0.016077;0.056806;0.254019;0.341908;0.182208;0.0;0.0;0.0;0.0;0.0;0.0;0.0;0.004287
17026;0.058252;0.036408;0.031553;0.012136;0.063107;0.313107;0.368932;0.106796;0.0;0.0;0.0;0.0;0.0;0.0;0.0;0.009709
17027;0.108108;0.033333;0.019369;0.017117;0.071622;0.371622;0.246847;0.121171;0.0;0.0;0.0;0.0;0.0;0.0;0.0;0.010811
17028;0.037736;0.028302;0.014151;0.014151;0.04717;0.287736;0.466981;0.099057;0.0;0.0;0.0;0.0;0.0;0.0;0.0;0.004717
17029;0.071895;0.052288;0.084967;0.026144;0.052288;0.333333;0.196078;0.163399;0.0;0.0;0.0;0.0;0.0;0.0;0.0;0.019608
17030;0.09607;0.069869;0.080786;0.048035;0.072052;0.279476;0.251092;0.082969;0.0;0.0;0.0;0.0;0.0;0.0;0.0;0.019651
17031;0.068376;0.059829;0.051282;0.0;0.051282;0.316239;0.25641;0.162393;0.0;0.0;0.0;0.0;0.0;0.0;0.0;0.034188
17032;0.144632;0.023957;0.018634;0.026619;0.133984;0.292813;0.267968;0.077196;0.0;0.0;0.0;0.0;0.0;0.0;0.0;0.014197
17033;0.129344;0.054612;0.065325;0.037889;0.141364;0.235694;0.230206;0.0844;0.0;0.0;0.0;0.0;0.0;0.0;0.0;0.021165
17034;0.158091;0.058483;0.06117;0.034718;0.10684;0.265137;0.2267;0.070056;0.0;0.0;0.0;0.0;0.0;0.0;0.0;0.018806
17035;0.042697;0.026966;0.020225;0.013483;0.038202;0.352809;0.364045;0.132584;0.0;0.0;0.0;0.0;0.0;0.0;0.0;0.008989
17036;0.121275;0.035546;0.033978;0.025091;0.097229;0.300575;0.27287;0.10298;0.0;0.0;0.0;0.0;0.0;0.0;0.0;0.010455
17037;0.0;0.0;0.058824;0.035294;0.047059;0.247059;0.470588;0.129412;0.0;0.0;0.0;0.0;0.0;0.0;0.0;0.011765
17038;0.049834;0.016611;0.039867;0.023256;0.086379;0.315615;0.352159;0.10299;0.0;0.0;0.0;0.0;0.0;0.0;0.0;0.013289
17039;0.123256;0.036434;0.024806;0.01938;0.053488;0.260465;0.375969;0.095349;0.0;0.0;0.0;0.0;0.0;0.0;0.0;0.010853
17040;0.041475;0.018433;0.025346;0.016129;0.06682;0.290323;0.398618;0.131336;0.0;0.0;0.0;0.0;0.0;0.0;0.0;0.011521
17041;0.117241;0.062069;0.0;0.013793;0.041379;0.482759;0.165517;0.110345;0.0;0.0;0.0;0.0;0.0;0.0;0.0;0.006897
17042;0.075342;0.058219;0.047945;0.023973;0.071918;0.297945;0.335616;0.075342;0.0;0.0;0.0;0.0;0.0;0.0;0.0;0.013699
17043;0.06015;0.022556;0.022556;0.015038;0.037594;0.263158;0.421053;0.135338;0.0;0.0;0.0;0.0;0.0;0.0;0.0;0.022556
17044;0.117011;0.037073;0.029349;0.02124;0.072794;0.291176;0.307009;0.111411;0.0;0.0;0.0;0.0;0.0;0.0;0.0;0.012937
17046;0.092628;0.024575;0.017013;0.007561;0.071834;0.378072;0.304348;0.096408;0.0;0.0;0.0;0.0;0.0;0.0;0.0;0.007561
17047;0.147735;0.070584;0.101773;0.06566;0.106041;0.233093;0.178595;0.079448;0.0;0.0;0.0;0.0;0.0;0.0;0.0;0.017072
17048;0.198555;0.085451;0.071001;0.057299;0.098156;0.209018;0.226956;0.033881;0.0;0.0;0.0;0.0;0.0;0.0;0.0;0.019681
17049;0.116064;0.021687;0.036546;0.020482;0.08996;0.267068;0.225301;0.215261;0.0;0.0;0.0;0.0;0.0;0.0;0.0;0.007631
17050;0.064815;0.025926;0.018519;0.014815;0.061111;0.268519;0.364815;0.174074;0.0;0.0;0.0;0.0;0.0;0.0;0.0;0.007407
17051;0.05;0.0375;0.0375;0.025;0.01875;0.24375;0.38125;0.1875;0.0;0.0;0.0;0.0;0.0;0.0;0.0;0.01875
17052;0.043478;0.021739;0.01087;0.021739;0.086957;0.369565;0.380435;0.065217;0.0;0.0;0.0;0.0;0.0;0.0;0.0;0.0
17054;0.129032;0.03629;0.076613;0.040323;0.072581;0.229839;0.245968;0.149194;0.0;0.0;0.0;0.0;0.0;0.0;0.0;0.020161
17055;0.080645;0.016129;0.008065;0.0;0.08871;0.330645;0.282258;0.185484;0.0;0.0;0.0;0.0;0.0;0.0;0.0;0.008065
17056;0.057311;0.035268;0.026451;0.012491;0.062454;0.257899;0.423953;0.114622;0.0;0.0;0.0;0.0;0.0;0.0;0.0;0.009552
17057;0.087927;0.031496;0.013123;0.011811;0.059055;0.367454;0.300525;0.115486;0.0;0.0;0.0;0.0;0.0;0.0;0.0;0.013123
17058;0.023438;0.023438;0.015625;0.007812;0.148438;0.210938;0.429688;0.140625;0.0;0.0;0.0;0.0;0.0;0.0;0.0;0.0
17060;0.087542;0.087542;0.074074;0.050505;0.053872;0.313131;0.232323;0.10101;0.0;0.0;0.0;0.0;0.0;0.0;0.0;0.0
17061;0.021739;0.07971;0.043478;0.014493;0.072464;0.333333;0.297101;0.115942;0.0;0.0;0.0;0.0;0.0;0.0;0.0;0.021739
17062;0.141386;0.049975;0.061276;0.045455;0.095681;0.248368;0.250126;0.090407;0.0;0.0;0.0;0.0;0.0;0.0;0.0;0.017328
17063;0.040268;0.006711;0.0;0.020134;0.040268;0.362416;0.322148;0.208054;0.0;0.0;0.0;0.0;0.0;0.0;0.0;0.0
17064;0.15102;0.028571;0.028571;0.02449;0.057143;0.334694;0.269388;0.106122;0.0;0.0;0.0;0.0;0.0;0.0;0.0;0.0
17065;0.046154;0.026923;0.0;0.003846;0.073077;0.323077;0.384615;0.142308;0.0;0.0;0.0;0.0;0.0;0.0;0.0;0.0
17066;0.189142;0.081467;0.090606;0.058346;0.096175;0.227575;0.177581;0.060344;0.0;0.0;0.0;0.0;0.0;0.0;0.0;0.018763
17067;0.090239;0.022099;0.018416;0.016575;0.040516;0.314917;0.368324;0.117864;0.0;0.0;0.0;0.0;0.0;0.0;0.0;0.01105
17068;0.104712;0.015707;0.005236;0.026178;0.073298;0.251309;0.413613;0.099476;0.0;0.0;0.0;0.0;0.0;0.0;0.0;0.010471
17069;0.056604;0.075472;0.037736;0.041509;0.060377;0.335849;0.29434;0.086792;0.0;0.0;0.0;0.0;0.0;0.0;0.0;0.011321
17070;0.045977;0.034483;0.0;0.022989;0.057471;0.241379;0.494253;0.091954;0.0;0.0;0.0;0.0;0.0;0.0;0.0;0.011494
17071;0.054313;0.022364;0.018104;0.011715;0.046858;0.351438;0.353568;0.134185;0.0;0.0;0.0;0.0;0.0;0.0;0.0;0.007455
17073;0.071823;0.046041;0.025783;0.029466;0.056476;0.257213;0.387354;0.11725;0.0;0.0;0.0;0.0;0.0;0.0;0.0;0.008594
17074;0.125;0.07;0.055;0.0475;0.06;0.3475;0.17;0.1125;0.0;0.0;0.0;0.0;0.0;0.0;0.0;0.0125
17075;0.03937;0.035433;0.03937;0.019685;0.059055;0.393701;0.228346;0.165354;0.0;0.0;0.0;0.0;0.0;0.0;0.0;0.019685
17076;0.076087;0.01087;0.01087;0.0;0.130435;0.282609;0.217391;0.25;0.0;0.0;0.0;0.0;0.0;0.0;0.0;0.021739
17077;0.125;0.056122;0.043367;0.038265;0.091837;0.267857;0.293367;0.076531;0.0;0.0;0.0;0.0;0.0;0.0;0.0;0.007653
17078;0.04898;0.044898;0.0;0.016327;0.036735;0.330612;0.383673;0.138776;0.0;0.0;0.0;0.0;0.0;0.0;0.0;0.0
17079;0.160324;0.056731;0.052686;0.03943;0.091777;0.214514;0.259217;0.110433;0.0;0.0;0.0;0.0;0.0;0.0;0.0;0.014887
17080;0.125;0.053571;0.017857;0.053571;0.008929;0.339286;0.214286;0.1875;0.0;0.0;0.0;0.0;0.0;0.0;0.0;0.0
17081;0.04918;0.021858;0.016393;0.010929;0.060109;0.344262;0.360656;0.131148;0.0;0.0;0.0;0.0;0.0;0.0;0.0;0.005464
17082;0.058824;0.075163;0.065359;0.029412;0.058824;0.352941;0.300654;0.045752;0.0;0.0;0.0;0.0;0.0;0.0;0.0;0.013072
17083;0.174685;0.041102;0.044372;0.036899;0.161607;0.260626;0.193835;0.078935;0.0;0.0;0.0;0.0;0.0;0.0;0.0;0.00794
17084;0.111801;0.043478;0.012422;0.006211;0.062112;0.360248;0.279503;0.118012;0.0;0.0;0.0;0.0;0.0;0.0;0.0;0.006211
17085;0.033613;0.021008;0.008403;0.012605;0.084034;0.336134;0.273109;0.210084;0.0;0.0;0.0;0.0;0.0;0.0;0.0;0.021008
17086;0.207616;0.092475;0.093382;0.084316;0.092475;0.242067;0.114234;0.059837;0.0;0.0;0.0;0.0;0.0;0.0;0.0;0.013599
17087;0.045198;0.045198;0.011299;0.016949;0.073446;0.305085;0.322034;0.152542;0.0;0.0;0.0;0.0;0.0;0.0;0.0;0.028249
17088;0.0671;0.02381;0.030303;0.017316;0.075758;0.383117;0.257576;0.134199;0.0;0.0;0.0;0.0;0.0;0.0;0.0;0.010823
17089;0.130214;0.041963;0.042981;0.034588;0.0941;0.28942;0.268057;0.08647;0.0;0.0;0.0;0.0;0.0;0.0;0.0;0.012208
17090;0.059361;0.041096;0.020548;0.020548;0.061644;0.262557;0.452055;0.079909;0.0;0.0;0.0;0.0;0.0;0.0;0.0;0.002283
17091;0.041812;0.027875;0.010453;0.017422;0.04878;0.324042;0.43554;0.094077;0.0;0.0;0.0;0.0;0.0;0.0;0.0;0.0
17092;0.175579;0.037474;0.044632;0.038316;0.101474;0.317895;0.194105;0.072;0.0;0.0;0.0;0.0;0.0;0.0;0.0;0.018526
17093;0.068362;0.050874;0.023847;0.038156;0.077901;0.384738;0.249603;0.085851;0.0;0.0;0.0;0.0;0.0;0.0;0.0;0.020668
17094;0.073925;0.06586;0.047043;0.025538;0.084677;0.342742;0.25672;0.098118;0.0;0.0;0.0;0.0;0.0;0.0;0.0;0.005376
17095;0.245596;0.073591;0.099055;0.081598;0.139814;0.183216;0.126201;0.030509;0.0;0.0;0.0;0.0;0.0;0.0;0.0;0.02042
17096;0.026549;0.035398;0.0;0.017699;0.061947;0.327434;0.380531;0.150442;0.0;0.0;0.0;0.0;0.0;0.0;0.0;0.0
17097;0.024242;0.030303;0.012121;0.0;0.054545;0.321212;0.266667;0.284848;0.0;0.0;0.0;0.0;0.0;0.0;0.0;0.006061
17098;0.119469;0.026549;0.039823;0.026549;0.10177;0.309735;0.269912;0.097345;0.0;0.0;0.0;0.0;0.0;0.0;0.0;0.00885
17099;0.109091;0.145455;0.036364;0.0;0.018182;0.181818;0.363636;0.145455;0.0;0.0;0.0;0.0;0.0;0.0;0.0;0.0
17100;0.070922;0.014184;0.014184;0.014184;0.021277;0.319149;0.41844;0.120567;0.0;0.0;0.0;0.0;0.0;0.0;0.0;0.007092
17101;0.160105;0.023622;0.060367;0.028871;0.104987;0.35958;0.160105;0.076115;0.0;0.0;0.0;0.0;0.0;0.0;0.0;0.026247
17102;0.096203;0.017722;0.022785;0.010127;0.037975;0.4;0.306329;0.106329;0.0;0.0;0.0;0.0;0.0;0.0;0.0;0.002532
17103;0.191246;0.060577;0.074215;0.058674;0.15731;0.221376;0.149064;0.064066;0.0;0.0;0.0;0.0;0.0;0.0;0.0;0.02347
17105;0.054348;0.027174;0.032609;0.016304;0.070652;0.326087;0.26087;0.195652;0.0;0.0;0.0;0.0;0.0;0.0;0.0;0.016304
17106;0.070175;0.052632;0.0;0.008772;0.096491;0.385965;0.289474;0.087719;0.0;0.0;0.0;0.0;0.0;0.0;0.0;0.008772
17107;0.024631;0.044335;0.024631;0.014778;0.059113;0.261084;0.438424;0.128079;0.0;0.0;0.0;0.0;0.0;0.0;0.0;0.004926
17109;0.052142;0.009311;0.018622;0.005587;0.070764;0.270019;0.359404;0.197393;0.0;0.0;0.0;0.0;0.0;0.0;0.0;0.01676
17110;0.193252;0.068507;0.075665;0.0409;0.100204;0.228016;0.241309;0.048057;0.0;0.0;0.0;0.0;0.0;0.0;0.0;0.00409
17111;0.065187;0.033287;0.040222;0.030513;0.080444;0.299584;0.325936;0.113731;0.0;0.0;0.0;0.0;0.0;0.0;0.0;0.011096
17112;0.083333;0.055556;0.0;0.034722;0.090278;0.277778;0.326389;0.104167;0.0;0.0;0.0;0.0;0.0;0.0;0.0;0.027778
17114;0.13605;0.03372;0.030576;0.025336;0.082604;0.282024;0.301258;0.097522;0.0;0.0;0.0;0.0;0.0;0.0;0.0;0.010911
17115;0.068627;0.034314;0.014706;0.034314;0.053922;0.387255;0.264706;0.137255;0.0;0.0;0.0;0.0;0.0;0.0;0.0;0.004902
17116;0.034749;0.019305;0.019305;0.011583;0.065637;0.312741;0.34749;0.173745;0.0;0.0;0.0;0.0;0.0;0.0;0.0;0.015444
17117;0.199764;0.061078;0.062258;0.045942;0.110133;0.255367;0.191821;0.058609;0.0;0.0;0.0;0.0;0.0;0.0;0.0;0.015028
17118;0.1748;0.045207;0.056683;0.052741;0.090877;0.271937;0.199954;0.071867;0.0;0.0;0.0;0.0;0.0;0.0;0.0;0.035934
17119;0.102041;0.020408;0.040816;0.0;0.122449;0.244898;0.163265;0.285714;0.0;0.0;0.0;0.0;0.0;0.0;0.0;0.020408
17120;0.119349;0.05425;0.056058;0.030741;0.063291;0.349005;0.278481;0.039783;0.0;0.0;0.0;0.0;0.0;0.0;0.0;0.009042
17121;0.062112;0.031056;0.012422;0.006211;0.049689;0.341615;0.409938;0.086957;0.0;0.0;0.0;0.0;0.0;0.0;0.0;0.0
17123;0.042553;0.031915;0.024823;0.003546;0.049645;0.230496;0.48227;0.134752;0.0;0.0;0.0;0.0;0.0;0.0;0.0;0.0
17124;0.148438;0.032118;0.021701;0.021701;0.070312;0.311632;0.295139;0.090278;0.0;0.0;0.0;0.0;0.0;0.0;0.0;0.008681
17125;0.0;0.041237;0.0;0.0;0.041237;0.268041;0.474227;0.175258;0.0;0.0;0.0;0.0;0.0;0.0;0.0;0.0
17126;0.026119;0.022388;0.0;0.0;0.048507;0.365672;0.384328;0.152985;0.0;0.0;0.0;0.0;0.0;0.0;0.0;0.0
17128;0.080169;0.021097;0.029536;0.075949;0.054852;0.329114;0.240506;0.147679;0.0;0.0;0.0;0.0;0.0;0.0;0.0;0.021097
17129;0.103774;0.066038;0.09434;0.04717;0.009434;0.377358;0.198113;0.09434;0.0;0.0;0.0;0.0;0.0;0.0;0.0;0.009434
17130;0.033457;0.018587;0.011152;0.011152;0.040892;0.286245;0.412639;0.178439;0.0;0.0;0.0;0.0;0.0;0.0;0.0;0.007435
17132;0.088265;0.043129;0.047141;0.025075;0.079238;0.310933;0.315948;0.081244;0.0;0.0;0.0;0.0;0.0;0.0;0.0;0.009027
17133;0.065831;0.017764;0.010449;0.012539;0.047022;0.23302;0.516196;0.090909;0.0;0.0;0.0;0.0;0.0;0.0;0.0;0.00627
17134;0.069364;0.00578;0.00578;0.0;0.046243;0.364162;0.300578;0.17341;0.0;0.0;0.0;0.0;0.0;0.0;0.0;0.034682
17135;0.108911;0.052805;0.069307;0.066007;0.089109;0.320132;0.191419;0.092409;0.0;0.0;0.0;0.0;0.0;0.0;0.0;0.009901
17136;0.073333;0.046667;0.04;0.0;0.146667;0.286667;0.253333;0.133333;0.0;0.0;0.0;0.0;0.0;0.0;0.0;0.02
17137;0.07662;0.025779;0.018976;0.014322;0.058718;0.37773;0.308271;0.108844;0.0;0.0;0.0;0.0;0.0;0.0;0.0;0.010741
17138;0.240901;0.071057;0.055459;0.039861;0.098787;0.270364;0.15078;0.045061;0.0;0.0;0.0;0.0;0.0;0.0;0.0;0.02773
17139;0.09541;0.027903;0.016202;0.017102;0.048605;0.306031;0.374437;0.108011;0.0;0.0;0.0;0.0;0.0;0.0;0.0;0.006301
17140;0.115308;0.043738;0.015905;0.037773;0.075547;0.254473;0.355865;0.091451;0.0;0.0;0.0;0.0;0.0;0.0;0.0;0.00994
17141;0.158575;0.087863;0.068602;0.047493;0.087071;0.283113;0.189446;0.061214;0.0;0.0;0.0;0.0;0.0;0.0;0.0;0.016623
17142;0.119103;0.059318;0.052312;0.037833;0.10369;0.277908;0.237272;0.099019;0.0;0.0;0.0;0.0;0.0;0.0;0.0;0.013545
17143;0.057692;0.028846;0.019231;0.019231;0.048077;0.423077;0.326923;0.076923;0.0;0.0;0.0;0.0;0.0;0.0;0.0;0.0
17144;0.089744;0.032051;0.019231;0.012821;0.089744;0.339744;0.314103;0.102564;0.0;0.0;0.0;0.0;0.0;0.0;0.0;0.0
17145;0.093567;0.024366;0.031189;0.030214;0.059454;0.298246;0.307018;0.1423;0.0;0.0;0.0;0.0;0.0;0.0;0.0;0.013645
17146;0.16426;0.050993;0.063177;0.036552;0.150271;0.283845;0.155686;0.068141;0.0;0.0;0.0;0.0;0.0;0.0;0.0;0.027076
17147;0.158929;0.044107;0.03875;0.032321;0.077857;0.283036;0.284464;0.068929;0.0;0.0;0.0;0.0;0.0;0.0;0.0;0.011607
17148;0.140127;0.041856;0.059145;0.056415;0.092812;0.21929;0.301183;0.069154;0.0;0.0;0.0;0.0;0.0;0.0;0.0;0.020018
17149;0.0301;0.006689;0.016722;0.006689;0.063545;0.227425;0.397993;0.244147;0.0;0.0;0.0;0.0;0.0;0.0;0.0;0.006689
17150;0.10087;0.021739;0.030435;0.022609;0.057391;0.284348;0.382609;0.089565;0.0;0.0;0.0;0.0;0.0;0.0;0.0;0.010435
17151;0.061538;0.061538;0.046154;0.007692;0.053846;0.384615;0.261538;0.123077;0.0;0.0;0.0;0.0;0.0;0.0;0.0;0.0
17152;0.208777;0.091413;0.116781;0.074355;0.094037;0.215629;0.149439;0.031637;0.0;0.0;0.0;0.0;0.0;0.0;0.0;0.017933
17153;0.013514;0.013514;0.006757;0.006757;0.101351;0.310811;0.25;0.290541;0.0;0.0;0.0;0.0;0.0;0.0;0.0;0.006757
17154;0.157895;0.013158;0.0;0.0;0.144737;0.263158;0.197368;0.197368;0.0;0.0;0.0;0.0;0.0;0.0;0.0;0.026316
17155;0.220795;0.052789;0.088875;0.044009;0.100867;0.210622;0.179034;0.082557;0.0;0.0;0.0;0.0;0.0;0.0;0.0;0.020452
17157;0.145631;0.0;0.009709;0.019417;0.097087;0.194175;0.359223;0.15534;0.0;0.0;0.0;0.0;0.0;0.0;0.0;0.019417
17158;0.102389;0.051195;0.170648;0.037543;0.081911;0.307167;0.177474;0.05802;0.0;0.0;0.0;0.0;0.0;0.0;0.0;0.013652
17159;0.050218;0.032751;0.039301;0.017467;0.09607;0.336245;0.334061;0.076419;0.0;0.0;0.0;0.0;0.0;0.0;0.0;0.017467
17160;0.218195;0.04952;0.056769;0.045538;0.129978;0.232183;0.201654;0.051766;0.0;0.0;0.0;0.0;0.0;0.0;0.0;0.014397
17161;0.052506;0.03222;0.009547;0.004773;0.072792;0.324582;0.350835;0.139618;0.0;0.0;0.0;0.0;0.0;0.0;0.0;0.013126
17162;0.028846;0.048077;0.028846;0.009615;0.153846;0.259615;0.365385;0.096154;0.0;0.0;0.0;0.0;0.0;0.0;0.0;0.009615
17163;0.070953;0.021286;0.018625;0.017738;0.066962;0.28337;0.373836;0.137029;0.0;0.0;0.0;0.0;0.0;0.0;0.0;0.0102
17164;0.11698;0.019142;0.01347;0.02056;0.052464;0.310883;0.330379;0.12726;0.0;0.0;0.0;0.0;0.0;0.0;0.0;0.008862
17165;0.102;0.026;0.008;0.014;0.086;0.272;0.362;0.114;0.0;0.0;0.0;0.0;0.0;0.0;0.0;0.016
17166;0.040909;0.011364;0.045455;0.0;0.043182;0.306818;0.363636;0.175;0.0;0.0;0.0;0.0;0.0;0.0;0.0;0.013636
17167;0.106694;0.029693;0.021641;0.013085;0.063915;0.332159;0.328133;0.098641;0.0;0.0;0.0;0.0;0.0;0.0;0.0;0.006039
17168;0.059016;0.009836;0.029508;0.016393;0.062295;0.301639;0.331148;0.170492;0.0;0.0;0.0;0.0;0.0;0.0;0.0;0.019672
17169;0.143464;0.040914;0.05898;0.044633;0.09458;0.260361;0.243889;0.096174;0.0;0.0;0.0;0.0;0.0;0.0;0.0;0.017003
17170;0.014493;0.007246;0.0;0.014493;0.028986;0.463768;0.304348;0.152174;0.0;0.0;0.0;0.0;0.0;0.0;0.0;0.014493
17171;0.094891;0.014599;0.036496;0.0;0.072993;0.291971;0.29927;0.175182;0.0;0.0;0.0;0.0;0.0;0.0;0.0;0.014599
17172;0.072727;0.015152;0.036364;0.015152;0.081818;0.272727;0.306061;0.175758;0.0;0.0;0.0;0.0;0.0;0.0;0.0;0.024242
17173;0.105634;0.042254;0.035211;0.007042;0.06338;0.274648;0.232394;0.239437;0.0;0.0;0.0;0.0;0.0;0.0;0.0;0.0
17174;0.015873;0.02381;0.02381;0.015873;0.039683;0.269841;0.404762;0.206349;0.0;0.0;0.0;0.0;0.0;0.0;0.0;0.0
17175;0.230769;0.050296;0.159763;0.059172;0.085799;0.221893;0.094675;0.076923;0.0;0.0;0.0;0.0;0.0;0.0;0.0;0.02071
17176;0.162162;0.081081;0.054054;0.027027;0.099099;0.234234;0.207207;0.117117;0.0;0.0;0.0;0.0;0.0;0.0;0.0;0.018018
17177;0.075829;0.028436;0.028436;0.014218;0.07346;0.322275;0.364929;0.080569;0.0;0.0;0.0;0.0;0.0;0.0;0.0;0.011848
17178;0.108924;0.030184;0.030184;0.030184;0.052493;0.353018;0.301837;0.080052;0.0;0.0;0.0;0.0;0.0;0.0;0.0;0.013123
17180;0.112257;0.035503;0.044125;0.026036;0.084362;0.270161;0.307016;0.107692;0.0;0.0;0.0;0.0;0.0;0.0;0.0;0.012849
17181;0.154227;0.054021;0.056907;0.05567;0.115464;0.273814;0.223918;0.04866;0.0;0.0;0.0;0.0;0.0;0.0;0.0;0.01732
17182;0.271795;0.061538;0.148718;0.051282;0.148718;0.169231;0.082051;0.025641;0.0;0.0;0.0;0.0;0.0;0.0;0.0;0.041026
17183;0.061538;0.041026;0.015385;0.020513;0.035897;0.25641;0.405128;0.148718;0.0;0.0;0.0;0.0;0.0;0.0;0.0;0.015385
17184;0.067797;0.020937;0.025922;0.007976;0.057827;0.347956;0.34995;0.11665;0.0;0.0;0.0;0.0;0.0;0.0;0.0;0.004985
17185;0.111922;0.020681;0.018856;0.017032;0.077859;0.318127;0.341849;0.083942;0.0;0.0;0.0;0.0;0.0;0.0;0.0;0.009732
17186;0.180456;0.039496;0.061968;0.055839;0.107593;0.263875;0.196118;0.079333;0.0;0.0;0.0;0.0;0.0;0.0;0.0;0.015322
17187;0.118609;0.02454;0.018405;0.018405;0.122699;0.269939;0.290389;0.132924;0.0;0.0;0.0;0.0;0.0;0.0;0.0;0.00409
17188;0.030075;0.022556;0.0;0.007519;0.112782;0.263158;0.315789;0.240602;0.0;0.0;0.0;0.0;0.0;0.0;0.0;0.007519
17189;0.068144;0.01642;0.018883;0.009852;0.042693;0.247126;0.472085;0.12069;0.0;0.0;0.0;0.0;0.0;0.0;0.0;0.004105
17190;0.061489;0.027508;0.014563;0.003236;0.080906;0.313916;0.330097;0.150485;0.0;0.0;0.0;0.0;0.0;0.0;0.0;0.017799
17191;0.043165;0.035971;0.0;0.014388;0.057554;0.266187;0.410072;0.172662;0.0;0.0;0.0;0.0;0.0;0.0;0.0;0.0
17192;0.086538;0.028846;0.009615;0.028846;0.048077;0.221154;0.442308;0.086538;0.0;0.0;0.0;0.0;0.0;0.0;0.0;0.048077
17193;0.158293;0.048176;0.07605;0.059532;0.119408;0.232622;0.216105;0.069511;0.0;0.0;0.0;0.0;0.0;0.0;0.0;0.020303
17194;0.035714;0.017857;0.035714;0.035714;0.071429;0.392857;0.339286;0.053571;0.0;0.0;0.0;0.0;0.0;0.0;0.0;0.017857
17195;0.070111;0.02583;0.01476;0.00369;0.066421;0.291513;0.361624;0.162362;0.0;0.0;0.0;0.0;0.0;0.0;0.0;0.00369
17196;0.030151;0.050251;0.035176;0.070352;0.090452;0.286432;0.256281;0.145729;0.0;0.0;0.0;0.0;0.0;0.0;0.0;0.035176
17197;0.103093;0.010309;0.030928;0.030928;0.072165;0.340206;0.350515;0.051546;0.0;0.0;0.0;0.0;0.0;0.0;0.0;0.010309
17198;0.114379;0.052288;0.068627;0.035948;0.107843;0.29085;0.228758;0.094771;0.0;0.0;0.0;0.0;0.0;0.0;0.0;0.006536
17199;0.117199;0.041607;0.055613;0.04552;0.07415;0.308342;0.239753;0.107312;0.0;0.0;0.0;0.0;0.0;0.0;0.0;0.010505
17200;0.084599;0.017354;0.004338;0.008677;0.08243;0.340564;0.266811;0.171367;0.0;0.0;0.0;0.0;0.0;0.0;0.0;0.023861
17201;0.067961;0.019417;0.038835;0.009709;0.048544;0.378641;0.31068;0.126214;0.0;0.0;0.0;0.0;0.0;0.0;0.0;0.0
17202;0.183147;0.061562;0.036937;0.051558;0.101578;0.26818;0.213544;0.061947;0.0;0.0;0.0;0.0;0.0;0.0;0.0;0.021547
17203;0.063492;0.02381;0.0;0.015873;0.095238;0.285714;0.333333;0.174603;0.0;0.0;0.0;0.0;0.0;0.0;0.0;0.007937
17204;0.130332;0.054502;0.06872;0.045024;0.078199;0.258294;0.270142;0.078199;0.0;0.0;0.0;0.0;0.0;0.0;0.0;0.016588
17205;0.048193;0.0;0.018072;0.006024;0.060241;0.343373;0.39759;0.114458;0.0;0.0;0.0;0.0;0.0;0.0;0.0;0.012048
17206;0.06422;0.100917;0.009174;0.009174;0.073394;0.266055;0.321101;0.146789;0.0;0.0;0.0;0.0;0.0;0.0;0.0;0.009174
17207;0.042812;0.022727;0.014799;0.011628;0.047569;0.330867;0.391649;0.131607;0.0;0.0;0.0;0.0;0.0;0.0;0.0;0.006342
17208;0.053296;0.023843;0.02244;0.015428;0.070126;0.298738;0.377279;0.130435;0.0;0.0;0.0;0.0;0.0;0.0;0.0;0.008415
17209;0.118026;0.038627;0.06867;0.055794;0.070815;0.309013;0.246781;0.079399;0.0;0.0;0.0;0.0;0.0;0.0;0.0;0.012876
17210;0.046455;0.046455;0.02934;0.036675;0.075795;0.295844;0.327628;0.132029;0.0;0.0;0.0;0.0;0.0;0.0;0.0;0.00978
17211;0.058383;0.016467;0.023952;0.016467;0.046407;0.273952;0.374251;0.185629;0.0;0.0;0.0;0.0;0.0;0.0;0.0;0.004491
17212;0.055046;0.009174;0.0;0.0;0.055046;0.302752;0.311927;0.256881;0.0;0.0;0.0;0.0;0.0;0.0;0.0;0.009174
17213;0.140404;0.047078;0.070341;0.037663;0.127112;0.224315;0.259485;0.07671;0.0;0.0;0.0;0.0;0.0;0.0;0.0;0.016893
17214;0.057426;0.037624;0.057426;0.029703;0.063366;0.376238;0.275248;0.085149;0.0;0.0;0.0;0.0;0.0;0.0;0.0;0.017822
17215;0.121245;0.040961;0.039869;0.030038;0.081922;0.34899;0.244129;0.078646;0.0;0.0;0.0;0.0;0.0;0.0;0.0;0.0142
17216;0.049587;0.057851;0.008264;0.0;0.008264;0.305785;0.363636;0.206612;0.0;0.0;0.0;0.0;0.0;0.0;0.0;0.0
17217;0.035211;0.017606;0.017606;0.021127;0.042254;0.253521;0.253521;0.355634;0.0;0.0;0.0;0.0;0.0;0.0;0.0;0.003521
17218;0.035714;0.033482;0.004464;0.011161;0.082589;0.263393;0.386161;0.167411;0.0;0.0;0.0;0.0;0.0;0.0;0.0;0.015625
17220;0.049612;0.027907;0.010853;0.015504;0.043411;0.310078;0.409302;0.128682;0.0;0.0;0.0;0.0;0.0;0.0;0.0;0.004651
17221;0.16796;0.080607;0.094098;0.058347;0.093086;0.263069;0.17032;0.054637;0.0;0.0;0.0;0.0;0.0;0.0;0.0;0.017875
17222;0.046512;0.011628;0.0;0.0;0.046512;0.313953;0.372093;0.209302;0.0;0.0;0.0;0.0;0.0;0.0;0.0;0.0
17223;0.149466;0.037367;0.058719;0.023132;0.122776;0.256228;0.211744;0.135231;0.0;0.0;0.0;0.0;0.0;0.0;0.0;0.005338
17224;0.063636;0.018182;0.022727;0.013636;0.063636;0.245455;0.431818;0.131818;0.0;0.0;0.0;0.0;0.0;0.0;0.0;0.009091
17225;0.053691;0.080537;0.013423;0.026846;0.026846;0.469799;0.241611;0.087248;0.0;0.0;0.0;0.0;0.0;0.0;0.0;0.0
17226;0.142617;0.135906;0.14094;0.097315;0.092282;0.218121;0.127517;0.021812;0.0;0.0;0.0;0.0;0.0;0.0;0.0;0.02349
17227;0.067308;0.009615;0.0;0.057692;0.076923;0.432692;0.201923;0.144231;0.0;0.0;0.0;0.0;0.0;0.0;0.0;0.009615
17228;0.096774;0.046083;0.050691;0.032258;0.073733;0.345622;0.258065;0.087558;0.0;0.0;0.0;0.0;0.0;0.0;0.0;0.009217
17230;0.129288;0.05277;0.08971;0.055409;0.076517;0.290237;0.234828;0.058047;0.0;0.0;0.0;0.0;0.0;0.0;0.0;0.013193
17232;0.072072;0.045045;0.0;0.009009;0.126126;0.36036;0.225225;0.144144;0.0;0.0;0.0;0.0;0.0;0.0;0.0;0.018018
17233;0.069437;0.041006;0.031165;0.017496;0.086933;0.258611;0.370148;0.110443;0.0;0.0;0.0;0.0;0.0;0.0;0.0;0.014762
17234;0.148438;0.023438;0.0625;0.0625;0.09375;0.34375;0.179688;0.078125;0.0;0.0;0.0;0.0;0.0;0.0;0.0;0.007812
17901;0.091667;0.025;0.019444;0.023611;0.068056;0.306944;0.294444;0.154167;0.0;0.0;0.0;0.0;0.0;0.0;0.0;0.016667
17902;0.093782;0.038736;0.030581;0.022426;0.062181;0.282365;0.33843;0.118247;0.0;0.0;0.0;0.0;0.0;0.0;0.0;0.013252
17903;0.089153;0.035661;0.049034;0.026746;0.07578;0.298663;0.329866;0.080238;0.0;0.0;0.0;0.0;0.0;0.0;0.0;0.014859
18001;0.547945;0.130137;0.232877;0.027397;0.054795;0.0;0.0;0.0;0.0;0.0;0.0;0.0;0.0;0.0;0.0;0.006849
18002;0.668407;0.172324;0.099217;0.031332;0.02611;0.0;0.0;0.0;0.0;0.0;0.0;0.0;0.0;0.0;0.0;0.002611
18003;0.301322;0.196846;0.234893;0.091048;0.158698;0.0;0.0;0.0;0.0;0.0;0.0;0.0;0.0;0.0;0.0;0.017192
18004;0.41087;0.280435;0.23913;0.034783;0.032609;0.0;0.0;0.0;0.0;0.0;0.0;0.0;0.0;0.0;0.0;0.002174
18005;0.528634;0.092511;0.185022;0.0837;0.105727;0.0;0.0;0.0;0.0;0.0;0.0;0.0;0.0;0.0;0.0;0.004405
18006;0.348101;0.20551;0.301564;0.054356;0.0793;0.0;0.0;0.0;0.0;0.0;0.0;0.0;0.0;0.0;0.0;0.011169
18007;0.511579;0.191579;0.183158;0.071579;0.042105;0.0;0.0;0.0;0.0;0.0;0.0;0.0;0.0;0.0;0.0;0.0
18010;0.511568;0.125964;0.164524;0.051414;0.128535;0.0;0.0;0.0;0.0;0.0;0.0;0.0;0.0;0.0;0.0;0.017995
18011;0.370852;0.187137;0.205269;0.070818;0.147793;0.0;0.0;0.0;0.0;0.0;0.0;0.0;0.0;0.0;0.0;0.018132
18012;0.401888;0.270398;0.221173;0.041807;0.058665;0.0;0.0;0.0;0.0;0.0;0.0;0.0;0.0;0.0;0.0;0.006069
18013;0.352011;0.223779;0.253951;0.071839;0.091236;0.0;0.0;0.0;0.0;0.0;0.0;0.0;0.0;0.0;0.0;0.007184
18014;0.285378;0.209919;0.25823;0.092775;0.13339;0.0;0.0;0.0;0.0;0.0;0.0;0.0;0.0;0.0;0.0;0.020308
18015;0.466258;0.226994;0.193252;0.027607;0.08589;0.0;0.0;0.0;0.0;0.0;0.0;0.0;0.0;0.0;0.0;0.0
18016;0.497436;0.271795;0.102564;0.035897;0.092308;0.0;0.0;0.0;0.0;0.0;0.0;0.0;0.0;0.0;0.0;0.0
18017;0.278143;0.24201;0.231268;0.090554;0.114968;0.0;0.0;0.0;0.0;0.0;0.0;0.0;0.0;0.0;0.0;0.043058
18018;0.506667;0.146667;0.189333;0.048;0.101333;0.0;0.0;0.0;0.0;0.0;0.0;0.0;0.0;0.0;0.0;0.008
18020;0.37987;0.204545;0.288961;0.071429;0.051948;0.0;0.0;0.0;0.0;0.0;0.0;0.0;0.0;0.0;0.0;0.003247
18021;0.298561;0.182049;0.235309;0.102371;0.164522;0.0;0.0;0.0;0.0;0.0;0.0;0.0;0.0;0.0;0.0;0.017189
18022;0.349527;0.138472;0.240595;0.08493;0.169282;0.0;0.0;0.0;0.0;0.0;0.0;0.0;0.0;0.0;0.0;0.017194
18023;0.303136;0.216875;0.247481;0.111687;0.105377;0.0;0.0;0.0;0.0;0.0;0.0;0.0;0.0;0.0;0.0;0.015444
18024;0.402866;0.199045;0.149682;0.047771;0.18949;0.0;0.0;0.0;0.0;0.0;0.0;0.0;0.0;0.0;0.0;0.011146
18025;0.502538;0.101523;0.192893;0.081218;0.111675;0.0;0.0;0.0;0.0;0.0;0.0;0.0;0.0;0.0;0.0;0.010152
18027;0.48111;0.109209;0.135183;0.059032;0.207202;0.0;0.0;0.0;0.0;0.0;0.0;0.0;0.0;0.0;0.0;0.008264
18028;0.381818;0.296503;0.193007;0.036364;0.085315;0.0;0.0;0.0;0.0;0.0;0.0;0.0;0.0;0.0;0.0;0.006993
18029;0.455577;0.155009;0.226843;0.066163;0.090737;0.0;0.0;0.0;0.0;0.0;0.0;0.0;0.0;0.0;0.0;0.005671
18030;0.402116;0.238095;0.198413;0.084656;0.07672;0.0;0.0;0.0;0.0;0.0;0.0;0.0;0.0;0.0;0.0;0.0
18032;0.339506;0.246914;0.160494;0.061728;0.185185;0.0;0.0;0.0;0.0;0.0;0.0;0.0;0.0;0.0;0.0;0.006173
18033;0.482759;0.195402;0.189655;0.017241;0.114943;0.0;0.0;0.0;0.0;0.0;0.0;0.0;0.0;0.0;0.0;0.0
18034;0.424779;0.120944;0.162242;0.026549;0.256637;0.0;0.0;0.0;0.0;0.0;0.0;0.0;0.0;0.0;0.0;0.00885
18035;0.406721;0.340672;0.136732;0.045191;0.069525;0.0;0.0;0.0;0.0;0.0;0.0;0.0;0.0;0.0;0.0;0.001159
18036;0.246632;0.266321;0.216926;0.087047;0.167185;0.0;0.0;0.0;0.0;0.0;0.0;0.0;0.0;0.0;0.0;0.015889
18037;0.316176;0.264706;0.269608;0.061275;0.068627;0.0;0.0;0.0;0.0;0.0;0.0;0.0;0.0;0.0;0.0;0.019608
18038;0.464901;0.153642;0.201325;0.038411;0.13245;0.0;0.0;0.0;0.0;0.0;0.0;0.0;0.0;0.0;0.0;0.009272
18039;0.4;0.194619;0.238565;0.089686;0.065022;0.0;0.0;0.0;0.0;0.0;0.0;0.0;0.0;0.0;0.0;0.012108
18040;0.489655;0.22069;0.048276;0.048276;0.193103;0.0;0.0;0.0;0.0;0.0;0.0;0.0;0.0;0.0;0.0;0.0
18042;0.386503;0.193252;0.190184;0.076687;0.131902;0.0;0.0;0.0;0.0;0.0;0.0;0.0;0.0;0.0;0.0;0.021472
18043;0.112676;0.309859;0.28169;0.084507;0.197183;0.0;0.0;0.0;0.0;0.0;0.0;0.0;0.0;0.0;0.0;0.014085
18044;0.340659;0.208791;0.318681;0.043956;0.065934;0.0;0.0;0.0;0.0;0.0;0.0;0.0;0.0;0.0;0.0;0.021978
18045;0.493373;0.182622;0.244477;0.030928;0.036819;0.0;0.0;0.0;0.0;0.0;0.0;0.0;0.0;0.0;0.0;0.011782
18046;0.369094;0.163386;0.331693;0.062992;0.064961;0.0;0.0;0.0;0.0;0.0;0.0;0.0;0.0;0.0;0.0;0.007874
18047;0.315721;0.166278;0.222481;0.08288;0.196581;0.0;0.0;0.0;0.0;0.0;0.0;0.0;0.0;0.0;0.0;0.016058
18048;0.396583;0.109213;0.233679;0.087248;0.154973;0.0;0.0;0.0;0.0;0.0;0.0;0.0;0.0;0.0;0.0;0.018304
18049;0.396594;0.274939;0.124088;0.072993;0.126521;0.0;0.0;0.0;0.0;0.0;0.0;0.0;0.0;0.0;0.0;0.004866
18050;0.356881;0.191743;0.246789;0.063303;0.130275;0.0;0.0;0.0;0.0;0.0;0.0;0.0;0.0;0.0;0.0;0.011009
18051;0.532394;0.230986;0.14507;0.042254;0.047887;0.0;0.0;0.0;0.0;0.0;0.0;0.0;0.0;0.0;0.0;0.001408
18053;0.457992;0.167008;0.230533;0.069672;0.063525;0.0;0.0;0.0;0.0;0.0;0.0;0.0;0.0;0.0;0.0;0.01127
18054;0.319224;0.266314;0.259259;0.054674;0.095238;0.0;0.0;0.0;0.0;0.0;0.0;0.0;0.0;0.0;0.0;0.005291
18056;0.414224;0.190517;0.180603;0.071552;0.133621;0.0;0.0;0.0;0.0;0.0;0.0;0.0;0.0;0.0;0.0;0.009483
18057;0.303302;0.182749;0.261582;0.09163;0.14794;0.0;0.0;0.0;0.0;0.0;0.0;0.0;0.0;0.0;0.0;0.012798
18059;0.41949;0.138666;0.19036;0.062173;0.175341;0.0;0.0;0.0;0.0;0.0;0.0;0.0;0.0;0.0;0.0;0.013971
18061;0.364706;0.194771;0.216993;0.036601;0.185621;0.0;0.0;0.0;0.0;0.0;0.0;0.0;0.0;0.0;0.0;0.001307
18062;0.3016;0.200546;0.253999;0.088438;0.14033;0.0;0.0;0.0;0.0;0.0;0.0;0.0;0.0;0.0;0.0;0.015086
18063;0.399103;0.201794;0.300448;0.052317;0.044843;0.0;0.0;0.0;0.0;0.0;0.0;0.0;0.0;0.0;0.0;0.001495
18064;0.461538;0.192308;0.216783;0.06993;0.059441;0.0;0.0;0.0;0.0;0.0;0.0;0.0;0.0;0.0;0.0;0.0
18065;0.36971;0.075724;0.055679;0.055679;0.42539;0.0;0.0;0.0;0.0;0.0;0.0;0.0;0.0;0.0;0.0;0.017817
18066;0.497072;0.114202;0.176428;0.054905;0.150805;0.0;0.0;0.0;0.0;0.0;0.0;0.0;0.0;0.0;0.0;0.006589
18067;0.489655;0.213793;0.206897;0.043678;0.041379;0.0;0.0;0.0;0.0;0.0;0.0;0.0;0.0;0.0;0.0;0.004598
18068;0.288312;0.254545;0.197403;0.074459;0.169697;0.0;0.0;0.0;0.0;0.0;0.0;0.0;0.0;0.0;0.0;0.015584
18069;0.387464;0.307692;0.173789;0.031339;0.082621;0.0;0.0;0.0;0.0;0.0;0.0;0.0;0.0;0.0;0.0;0.017094
18070;0.413146;0.201878;0.159624;0.098592;0.112676;0.0;0.0;0.0;0.0;0.0;0.0;0.0;0.0;0.0;0.0;0.014085
18071;0.374269;0.161882;0.200425;0.078416;0.167996;0.0;0.0;0.0;0.0;0.0;0.0;0.0;0.0;0.0;0.0;0.017012
18072;0.469388;0.176871;0.199546;0.070295;0.07483;0.0;0.0;0.0;0.0;0.0;0.0;0.0;0.0;0.0;0.0;0.00907
18074;0.42439;0.195122;0.24878;0.058537;0.073171;0.0;0.0;0.0;0.0;0.0;0.0;0.0;0.0;0.0;0.0;0.0
18076;0.622642;0.116981;0.164151;0.030189;0.062264;0.0;0.0;0.0;0.0;0.0;0.0;0.0;0.0;0.0;0.0;0.003774
18077;0.517544;0.125731;0.210526;0.026316;0.114035;0.0;0.0;0.0;0.0;0.0;0.0;0.0;0.0;0.0;0.0;0.005848
18078;0.469043;0.161351;0.163227;0.026266;0.170732;0.0;0.0;0.0;0.0;0.0;0.0;0.0;0.0;0.0;0.0;0.009381
18079;0.559931;0.09736;0.124189;0.035482;0.170922;0.0;0.0;0.0;0.0;0.0;0.0;0.0;0.0;0.0;0.0;0.012116
18082;0.426559;0.235412;0.195171;0.056338;0.078471;0.0;0.0;0.0;0.0;0.0;0.0;0.0;0.0;0.0;0.0;0.008048
18083;0.404494;0.264045;0.235955;0.02809;0.050562;0.0;0.0;0.0;0.0;0.0;0.0;0.0;0.0;0.0;0.0;0.016854
18084;0.296214;0.203627;0.256761;0.087814;0.141266;0.0;0.0;0.0;0.0;0.0;0.0;0.0;0.0;0.0;0.0;0.014318
18085;0.426914;0.225058;0.220418;0.071926;0.048724;0.0;0.0;0.0;0.0;0.0;0.0;0.0;0.0;0.0;0.0;0.006961
18086;0.691057;0.089431;0.04065;0.02439;0.154472;0.0;0.0;0.0;0.0;0.0;0.0;0.0;0.0;0.0;0.0;0.0
18087;0.269209;0.280853;0.196997;0.086916;0.151296;0.0;0.0;0.0;0.0;0.0;0.0;0.0;0.0;0.0;0.0;0.014728
18088;0.476094;0.127162;0.065107;0.038657;0.283825;0.0;0.0;0.0;0.0;0.0;0.0;0.0;0.0;0.0;0.0;0.009156
18089;0.346258;0.258967;0.219884;0.063861;0.1017;0.0;0.0;0.0;0.0;0.0;0.0;0.0;0.0;0.0;0.0;0.00933
18093;0.385266;0.214976;0.247585;0.06401;0.081522;0.0;0.0;0.0;0.0;0.0;0.0;0.0;0.0;0.0;0.0;0.006643
18094;0.365196;0.346201;0.155025;0.036765;0.08701;0.0;0.0;0.0;0.0;0.0;0.0;0.0;0.0;0.0;0.0;0.009804
18095;0.391825;0.145877;0.229035;0.072586;0.133897;0.0;0.0;0.0;0.0;0.0;0.0;0.0;0.0;0.0;0.0;0.026779
18096;0.584071;0.159292;0.154867;0.039823;0.057522;0.0;0.0;0.0;0.0;0.0;0.0;0.0;0.0;0.0;0.0;0.004425
18097;0.383518;0.22187;0.217116;0.069731;0.101426;0.0;0.0;0.0;0.0;0.0;0.0;0.0;0.0;0.0;0.0;0.006339
18098;0.396125;0.24704;0.178687;0.085307;0.087998;0.0;0.0;0.0;0.0;0.0;0.0;0.0;0.0;0.0;0.0;0.004844
18099;0.36308;0.211724;0.169729;0.08224;0.164479;0.0;0.0;0.0;0.0;0.0;0.0;0.0;0.0;0.0;0.0;0.008749
18100;0.445199;0.162045;0.189398;0.061875;0.131107;0.0;0.0;0.0;0.0;0.0;0.0;0.0;0.0;0.0;0.0;0.010375
18101;0.292713;0.219381;0.216454;0.088584;0.165152;0.0;0.0;0.0;0.0;0.0;0.0;0.0;0.0;0.0;0.0;0.017717
18102;0.491954;0.171456;0.122414;0.061111;0.141188;0.0;0.0;0.0;0.0;0.0;0.0;0.0;0.0;0.0;0.0;0.011877
18103;0.452525;0.230303;0.230303;0.052525;0.032323;0.0;0.0;0.0;0.0;0.0;0.0;0.0;0.0;0.0;0.0;0.00202
18105;0.492827;0.127426;0.199156;0.04135;0.135443;0.0;0.0;0.0;0.0;0.0;0.0;0.0;0.0;0.0;0.0;0.003797
18106;0.445736;0.217054;0.244186;0.031008;0.05814;0.0;0.0;0.0;0.0;0.0;0.0;0.0;0.0;0.0;0.0;0.003876
18107;0.5248;0.184;0.2048;0.0272;0.0592;0.0;0.0;0.0;0.0;0.0;0.0;0.0;0.0;0.0;0.0;0.0
18108;0.442211;0.19933;0.180905;0.048576;0.120603;0.0;0.0;0.0;0.0;0.0;0.0;0.0;0.0;0.0;0.0;0.008375
18109;0.393285;0.311751;0.16307;0.059952;0.055156;0.0;0.0;0.0;0.0;0.0;0.0;0.0;0.0;0.0;0.0;0.016787
18111;0.33215;0.153144;0.252028;0.074037;0.174442;0.0;0.0;0.0;0.0;0.0;0.0;0.0;0.0;0.0;0.0;0.014199
18112;0.328125;0.265625;0.265625;0.078125;0.0625;0.0;0.0;0.0;0.0;0.0;0.0;0.0;0.0;0.0;0.0;0.0
18114;0.446043;0.165468;0.194245;0.059952;0.127098;0.0;0.0;0.0;0.0;0.0;0.0;0.0;0.0;0.0;0.0;0.007194
18115;0.445217;0.151884;0.16;0.056812;0.177971;0.0;0.0;0.0;0.0;0.0;0.0;0.0;0.0;0.0;0.0;0.008116
18116;0.339268;0.296033;0.159715;0.062564;0.134283;0.0;0.0;0.0;0.0;0.0;0.0;0.0;0.0;0.0;0.0;0.008138
18117;0.521246;0.1983;0.113314;0.033994;0.121813;0.0;0.0;0.0;0.0;0.0;0.0;0.0;0.0;0.0;0.0;0.011331
18119;0.375507;0.25223;0.197891;0.065693;0.100568;0.0;0.0;0.0;0.0;0.0;0.0;0.0;0.0;0.0;0.0;0.00811
18120;0.63;0.14;0.095;0.06;0.06;0.0;0.0;0.0;0.0;0.0;0.0;0.0;0.0;0.0;0.0;0.015
18121;0.512821;0.141026;0.102564;0.025641;0.153846;0.0;0.0;0.0;0.0;0.0;0.0;0.0;0.0;0.0;0.0;0.064103
18122;0.376032;0.231995;0.213616;0.078301;0.086459;0.0;0.0;0.0;0.0;0.0;0.0;0.0;0.0;0.0;0.0;0.013597
18123;0.471795;0.246154;0.184615;0.041026;0.05641;0.0;0.0;0.0;0.0;0.0;0.0;0.0;0.0;0.0;0.0;0.0
18124;0.265217;0.365217;0.295652;0.021739;0.052174;0.0;0.0;0.0;0.0;0.0;0.0;0.0;0.0;0.0;0.0;0.0
18126;0.445116;0.103726;0.128902;0.036254;0.275932;0.0;0.0;0.0;0.0;0.0;0.0;0.0;0.0;0.0;0.0;0.01007
18127;0.357824;0.159538;0.210094;0.079069;0.173445;0.0;0.0;0.0;0.0;0.0;0.0;0.0;0.0;0.0;0.0;0.02003
18128;0.285714;0.420849;0.158301;0.015444;0.108108;0.0;0.0;0.0;0.0;0.0;0.0;0.0;0.0;0.0;0.0;0.011583
18132;0.548538;0.121238;0.098771;0.061891;0.164476;0.0;0.0;0.0;0.0;0.0;0.0;0.0;0.0;0.0;0.0;0.005087
18133;0.378654;0.305914;0.199864;0.03603;0.067981;0.0;0.0;0.0;0.0;0.0;0.0;0.0;0.0;0.0;0.0;0.011557
18134;0.271294;0.196034;0.24714;0.076532;0.19222;0.0;0.0;0.0;0.0;0.0;0.0;0.0;0.0;0.0;0.0;0.016781
18135;0.475487;0.185292;0.175198;0.068854;0.084715;0.0;0.0;0.0;0.0;0.0;0.0;0.0;0.0;0.0;0.0;0.010454
18136;0.558268;0.188976;0.085827;0.040945;0.116535;0.0;0.0;0.0;0.0;0.0;0.0;0.0;0.0;0.0;0.0;0.009449
18137;0.346154;0.298077;0.251374;0.054945;0.04533;0.0;0.0;0.0;0.0;0.0;0.0;0.0;0.0;0.0;0.0;0.004121
18138;0.425065;0.128553;0.175065;0.044574;0.22093;0.0;0.0;0.0;0.0;0.0;0.0;0.0;0.0;0.0;0.0;0.005814
18140;0.327783;0.219733;0.214964;0.074291;0.141884;0.0;0.0;0.0;0.0;0.0;0.0;0.0;0.0;0.0;0.0;0.021345
18141;0.21519;0.392405;0.295359;0.054852;0.037975;0.0;0.0;0.0;0.0;0.0;0.0;0.0;0.0;0.0;0.0;0.004219
18143;0.392912;0.140216;0.107858;0.07396;0.263482;0.0;0.0;0.0;0.0;0.0;0.0;0.0;0.0;0.0;0.0;0.021572
18144;0.222798;0.227979;0.26943;0.093264;0.172712;0.0;0.0;0.0;0.0;0.0;0.0;0.0;0.0;0.0;0.0;0.013817
18145;0.265785;0.222352;0.242707;0.102684;0.151562;0.0;0.0;0.0;0.0;0.0;0.0;0.0;0.0;0.0;0.0;0.01491
18146;0.416801;0.211632;0.177706;0.085622;0.101777;0.0;0.0;0.0;0.0;0.0;0.0;0.0;0.0;0.0;0.0;0.006462
18147;0.378427;0.229213;0.164494;0.054831;0.16;0.0;0.0;0.0;0.0;0.0;0.0;0.0;0.0;0.0;0.0;0.013034
18148;0.398333;0.311667;0.165;0.041667;0.076667;0.0;0.0;0.0;0.0;0.0;0.0;0.0;0.0;0.0;0.0;0.006667
18149;0.278229;0.240503;0.238931;0.096411;0.134923;0.0;0.0;0.0;0.0;0.0;0.0;0.0;0.0;0.0;0.0;0.011003
18150;0.349158;0.182455;0.212645;0.07657;0.164953;0.0;0.0;0.0;0.0;0.0;0.0;0.0;0.0;0.0;0.0;0.01422
18151;0.493827;0.123457;0.148148;0.04321;0.17284;0.0;0.0;0.0;0.0;0.0;0.0;0.0;0.0;0.0;0.0;0.018519
18152;0.759513;0.108067;0.070015;0.021309;0.041096;0.0;0.0;0.0;0.0;0.0;0.0;0.0;0.0;0.0;0.0;0.0
18153;0.300882;0.178732;0.225994;0.084373;0.192378;0.0;0.0;0.0;0.0;0.0;0.0;0.0;0.0;0.0;0.0;0.01764
18154;0.320783;0.298193;0.304217;0.028614;0.042169;0.0;0.0;0.0;0.0;0.0;0.0;0.0;0.0;0.0;0.0;0.006024
18157;0.306098;0.235366;0.22439;0.085366;0.134146;0.0;0.0;0.0;0.0;0.0;0.0;0.0;0.0;0.0;0.0;0.014634
18158;0.490059;0.114848;0.158206;0.065355;0.161591;0.0;0.0;0.0;0.0;0.0;0.0;0.0;0.0;0.0;0.0;0.009941
18159;0.393421;0.106579;0.103947;0.019737;0.371053;0.0;0.0;0.0;0.0;0.0;0.0;0.0;0.0;0.0;0.0;0.005263
18161;0.403061;0.331633;0.122449;0.076531;0.061224;0.0;0.0;0.0;0.0;0.0;0.0;0.0;0.0;0.0;0.0;0.005102
18162;0.411402;0.289676;0.183359;0.044684;0.060092;0.0;0.0;0.0;0.0;0.0;0.0;0.0;0.0;0.0;0.0;0.010786
18163;0.343137;0.303922;0.166667;0.058824;0.122549;0.0;0.0;0.0;0.0;0.0;0.0;0.0;0.0;0.0;0.0;0.004902
18164;0.30629;0.353692;0.213309;0.047402;0.067457;0.0;0.0;0.0;0.0;0.0;0.0;0.0;0.0;0.0;0.0;0.011851
18165;0.37777;0.129021;0.234096;0.077555;0.161901;0.0;0.0;0.0;0.0;0.0;0.0;0.0;0.0;0.0;0.0;0.019657
18167;0.428807;0.176955;0.17037;0.058436;0.158025;0.0;0.0;0.0;0.0;0.0;0.0;0.0;0.0;0.0;0.0;0.007407
18168;0.278182;0.161818;0.101818;0.303636;0.147273;0.0;0.0;0.0;0.0;0.0;0.0;0.0;0.0;0.0;0.0;0.007273
18170;0.559809;0.143541;0.167464;0.038278;0.08134;0.0;0.0;0.0;0.0;0.0;0.0;0.0;0.0;0.0;0.0;0.009569
18171;0.389234;0.118703;0.198068;0.048999;0.233264;0.0;0.0;0.0;0.0;0.0;0.0;0.0;0.0;0.0;0.0;0.011732
18173;0.39409;0.172135;0.170589;0.071465;0.17832;0.0;0.0;0.0;0.0;0.0;0.0;0.0;0.0;0.0;0.0;0.0134
18174;0.470032;0.195584;0.233438;0.031546;0.059937;0.0;0.0;0.0;0.0;0.0;0.0;0.0;0.0;0.0;0.0;0.009464
18175;0.364294;0.195787;0.239183;0.072453;0.116229;0.0;0.0;0.0;0.0;0.0;0.0;0.0;0.0;0.0;0.0;0.012054
18176;0.710692;0.075472;0.050314;0.025157;0.138365;0.0;0.0;0.0;0.0;0.0;0.0;0.0;0.0;0.0;0.0;0.0
18177;0.402655;0.331858;0.163717;0.030973;0.061947;0.0;0.0;0.0;0.0;0.0;0.0;0.0;0.0;0.0;0.0;0.00885
18178;0.44206;0.298283;0.139485;0.032189;0.081545;0.0;0.0;0.0;0.0;0.0;0.0;0.0;0.0;0.0;0.0;0.006438
18179;0.435216;0.255814;0.209302;0.039867;0.059801;0.0;0.0;0.0;0.0;0.0;0.0;0.0;0.0;0.0;0.0;0.0
18180;0.478697;0.115288;0.182957;0.097744;0.122807;0.0;0.0;0.0;0.0;0.0;0.0;0.0;0.0;0.0;0.0;0.002506
18181;0.172932;0.43609;0.360902;0.015038;0.015038;0.0;0.0;0.0;0.0;0.0;0.0;0.0;0.0;0.0;0.0;0.0
18182;0.448161;0.214047;0.19398;0.076087;0.064381;0.0;0.0;0.0;0.0;0.0;0.0;0.0;0.0;0.0;0.0;0.003344
18183;0.420213;0.202128;0.199468;0.082447;0.082447;0.0;0.0;0.0;0.0;0.0;0.0;0.0;0.0;0.0;0.0;0.013298
18184;0.437458;0.18796;0.155184;0.050167;0.158528;0.0;0.0;0.0;0.0;0.0;0.0;0.0;0.0;0.0;0.0;0.010702
18185;0.353222;0.162291;0.26969;0.042959;0.147971;0.0;0.0;0.0;0.0;0.0;0.0;0.0;0.0;0.0;0.0;0.023866
18187;0.62931;0.126437;0.12931;0.025862;0.077586;0.0;0.0;0.0;0.0;0.0;0.0;0.0;0.0;0.0;0.0;0.011494
18188;0.496644;0.200503;0.142617;0.048658;0.10151;0.0;0.0;0.0;0.0;0.0;0.0;0.0;0.0;0.0;0.0;0.010067
18189;0.291595;0.198971;0.176672;0.078902;0.236707;0.0;0.0;0.0;0.0;0.0;0.0;0.0;0.0;0.0;0.0;0.017153
18192;0.460909;0.163636;0.207273;0.051818;0.112727;0.0;0.0;0.0;0.0;0.0;0.0;0.0;0.0;0.0;0.0;0.003636
18193;0.286685;0.202377;0.22705;0.088802;0.175707;0.0;0.0;0.0;0.0;0.0;0.0;0.0;0.0;0.0;0.0;0.019379
18194;0.450599;0.139222;0.235778;0.080838;0.085329;0.0;0.0;0.0;0.0;0.0;0.0;0.0;0.0;0.0;0.0;0.008234
18901;0.29653;0.252366;0.176656;0.037855;0.22082;0.0;0.0;0.0;0.0;0.0;0.0;0.0;0.0;0.0;0.0;0.015773
18902;0.387611;0.223009;0.162832;0.063717;0.150442;0.0;0.0;0.0;0.0;0.0;0.0;0.0;0.0;0.0;0.0;0.012389
18903;0.380682;0.189394;0.320076;0.056818;0.051136;0.0;0.0;0.0;0.0;0.0;0.0;0.0;0.0;0.0;0.0;0.001894
18904;0.440644;0.197183;0.189135;0.062374;0.110664;0.0;0.0;0.0;0.0;0.0;0.0;0.0;0.0;0.0;0.0;0.0
18905;0.29867;0.192499;0.250347;0.093669;0.145664;0.0;0.0;0.0;0.0;0.0;0.0;0.0;0.0;0.0;0.0;0.019151
18906;0.370487;0.317111;0.215071;0.037677;0.050235;0.0;0.0;0.0;0.0;0.0;0.0;0.0;0.0;0.0;0.0;0.009419
18907;0.473645;0.233853;0.192279;0.044543;0.051967;0.0;0.0;0.0;0.0;0.0;0.0;0.0;0.0;0.0;0.0;0.003712
18908;0.415238;0.125714;0.201905;0.108571;0.146667;0.0;0.0;0.0;0.0;0.0;0.0;0.0;0.0;0.0;0.0;0.001905
18909;0.538462;0.223325;0.198511;0.009926;0.029777;0.0;0.0;0.0;0.0;0.0;0.0;0.0;0.0;0.0;0.0;0.0
18910;0.34642;0.286374;0.212471;0.04388;0.103926;0.0;0.0;0.0;0.0;0.0;0.0;0.0;0.0;0.0;0.0;0.006928
18911;0.277998;0.164306;0.297639;0.098017;0.14372;0.0;0.0;0.0;0.0;0.0;0.0;0.0;0.0;0.0;0.0;0.018319
18912;0.517127;0.156906;0.175691;0.075138;0.070718;0.0;0.0;0.0;0.0;0.0;0.0;0.0;0.0;0.0;0.0;0.00442
18913;0.263672;0.355469;0.269531;0.070312;0.029297;0.0;0.0;0.0;0.0;0.0;0.0;0.0;0.0;0.0;0.0;0.011719
18914;0.496711;0.123355;0.115132;0.061678;0.192434;0.0;0.0;0.0;0.0;0.0;0.0;0.0;0.0;0.0;0.0;0.010691
18915;0.555076;0.181425;0.12743;0.038877;0.082073;0.0;0.0;0.0;0.0;0.0;0.0;0.0;0.0;0.0;0.0;0.015119
18916;0.390741;0.182407;0.22037;0.066667;0.126852;0.0;0.0;0.0;0.0;0.0;0.0;0.0;0.0;0.0;0.0;0.012963
19001;0.15625;0.71875;0.0625;0.0;0.0625;0.0;0.0;0.0;0.0;0.0;0.0;0.0;0.0;0.0;0.0;0.0
19002;0.488889;0.4;0.088889;0.0;0.022222;0.0;0.0;0.0;0.0;0.0;0.0;0.0;0.0;0.0;0.0;0.0
19003;0.6;0.133333;0.1;0.033333;0.133333;0.0;0.0;0.0;0.0;0.0;0.0;0.0;0.0;0.0;0.0;0.0
19004;0.068182;0.545455;0.363636;0.022727;0.0;0.0;0.0;0.0;0.0;0.0;0.0;0.0;0.0;0.0;0.0;0.0
19005;0.387097;0.290323;0.096774;0.0;0.225806;0.0;0.0;0.0;0.0;0.0;0.0;0.0;0.0;0.0;0.0;0.0
19006;0.34898;0.204082;0.265306;0.061224;0.108163;0.0;0.0;0.0;0.0;0.0;0.0;0.0;0.0;0.0;0.0;0.012245
19007;0.297735;0.38835;0.190939;0.048544;0.064725;0.0;0.0;0.0;0.0;0.0;0.0;0.0;0.0;0.0;0.0;0.009709
19008;0.166667;0.233333;0.066667;0.0;0.4;0.0;0.0;0.0;0.0;0.0;0.0;0.0;0.0;0.0;0.0;0.133333
19009;0.418478;0.288043;0.201087;0.038043;0.048913;0.0;0.0;0.0;0.0;0.0;0.0;0.0;0.0;0.0;0.0;0.005435
19010;0.444444;0.333333;0.222222;0.0;0.0;0.0;0.0;0.0;0.0;0.0;0.0;0.0;0.0;0.0;0.0;0.0
19011;0.45283;0.301887;0.081761;0.100629;0.062893;0.0;0.0;0.0;0.0;0.0;0.0;0.0;0.0;0.0;0.0;0.0
19013;0.516854;0.213483;0.101124;0.044944;0.11236;0.0;0.0;0.0;0.0;0.0;0.0;0.0;0.0;0.0;0.0;0.011236
19015;0.402778;0.319444;0.166667;0.069444;0.041667;0.0;0.0;0.0;0.0;0.0;0.0;0.0;0.0;0.0;0.0;0.0
19016;0.525;0.175;0.175;0.075;0.025;0.0;0.0;0.0;0.0;0.0;0.0;0.0;0.0;0.0;0.0;0.025
19017;0.276596;0.446809;0.042553;0.106383;0.106383;0.0;0.0;0.0;0.0;0.0;0.0;0.0;0.0;0.0;0.0;0.021277
19018;0.189189;0.324324;0.369369;0.09009;0.027027;0.0;0.0;0.0;0.0;0.0;0.0;0.0;0.0;0.0;0.0;0.0
19019;0.2;0.6;0.1;0.1;0.0;0.0;0.0;0.0;0.0;0.0;0.0;0.0;0.0;0.0;0.0;0.0
19020;0.225806;0.322581;0.258065;0.129032;0.032258;0.0;0.0;0.0;0.0;0.0;0.0;0.0;0.0;0.0;0.0;0.032258
19021;0.314112;0.254932;0.30349;0.053111;0.059181;0.0;0.0;0.0;0.0;0.0;0.0;0.0;0.0;0.0;0.0;0.015175
19022;0.246377;0.338164;0.270531;0.065217;0.065217;0.0;0.0;0.0;0.0;0.0;0.0;0.0;0.0;0.0;0.0;0.014493
19023;0.341176;0.270588;0.176471;0.082353;0.082353;0.0;0.0;0.0;0.0;0.0;0.0;0.0;0.0;0.0;0.0;0.047059
19024;0.277213;0.181248;0.278399;0.099186;0.141743;0.0;0.0;0.0;0.0;0.0;0.0;0.0;0.0;0.0;0.0;0.022211
19027;0.382979;0.329787;0.095745;0.053191;0.138298;0.0;0.0;0.0;0.0;0.0;0.0;0.0;0.0;0.0;0.0;0.0
19031;0.25;0.625;0.0;0.0;0.125;0.0;0.0;0.0;0.0;0.0;0.0;0.0;0.0;0.0;0.0;0.0
19032;0.494505;0.186813;0.186813;0.021978;0.076923;0.0;0.0;0.0;0.0;0.0;0.0;0.0;0.0;0.0;0.0;0.032967
19033;0.416667;0.305556;0.194444;0.0;0.055556;0.0;0.0;0.0;0.0;0.0;0.0;0.0;0.0;0.0;0.0;0.027778
19034;0.47619;0.190476;0.047619;0.095238;0.190476;0.0;0.0;0.0;0.0;0.0;0.0;0.0;0.0;0.0;0.0;0.0
19036;0.356784;0.361809;0.165829;0.075377;0.035176;0.0;0.0;0.0;0.0;0.0;0.0;0.0;0.0;0.0;0.0;0.005025
19037;0.175926;0.314815;0.37963;0.027778;0.074074;0.0;0.0;0.0;0.0;0.0;0.0;0.0;0.0;0.0;0.0;0.027778
19038;0.266667;0.266667;0.466667;0.0;0.0;0.0;0.0;0.0;0.0;0.0;0.0;0.0;0.0;0.0;0.0;0.0
19039;0.326087;0.478261;0.173913;0.0;0.021739;0.0;0.0;0.0;0.0;0.0;0.0;0.0;0.0;0.0;0.0;0.0
19040;0.439024;0.219512;0.170732;0.04878;0.121951;0.0;0.0;0.0;0.0;0.0;0.0;0.0;0.0;0.0;0.0;0.0
19041;0.465517;0.189655;0.12069;0.068966;0.146552;0.0;0.0;0.0;0.0;0.0;0.0;0.0;0.0;0.0;0.0;0.008621
19042;0.764706;0.0;0.235294;0.0;0.0;0.0;0.0;0.0;0.0;0.0;0.0;0.0;0.0;0.0;0.0;0.0
19043;0.379747;0.278481;0.189873;0.063291;0.063291;0.0;0.0;0.0;0.0;0.0;0.0;0.0;0.0;0.0;0.0;0.025316
19044;0.241758;0.554945;0.115385;0.032967;0.049451;0.0;0.0;0.0;0.0;0.0;0.0;0.0;0.0;0.0;0.0;0.005495
19045;0.15625;0.4375;0.354167;0.03125;0.020833;0.0;0.0;0.0;0.0;0.0;0.0;0.0;0.0;0.0;0.0;0.0
19046;0.331431;0.173955;0.235701;0.084894;0.147858;0.0;0.0;0.0;0.0;0.0;0.0;0.0;0.0;0.0;0.0;0.026161
19047;0.434783;0.195652;0.130435;0.043478;0.173913;0.0;0.0;0.0;0.0;0.0;0.0;0.0;0.0;0.0;0.0;0.021739
19048;0.333333;0.333333;0.166667;0.0;0.166667;0.0;0.0;0.0;0.0;0.0;0.0;0.0;0.0;0.0;0.0;0.0
19049;0.571429;0.0;0.428571;0.0;0.0;0.0;0.0;0.0;0.0;0.0;0.0;0.0;0.0;0.0;0.0;0.0
19050;0.538462;0.307692;0.076923;0.0;0.076923;0.0;0.0;0.0;0.0;0.0;0.0;0.0;0.0;0.0;0.0;0.0
19051;0.461538;0.423077;0.038462;0.038462;0.038462;0.0;0.0;0.0;0.0;0.0;0.0;0.0;0.0;0.0;0.0;0.0
19052;0.8125;0.0625;0.0;0.125;0.0;0.0;0.0;0.0;0.0;0.0;0.0;0.0;0.0;0.0;0.0;0.0
19053;0.333591;0.317337;0.197368;0.044892;0.093653;0.0;0.0;0.0;0.0;0.0;0.0;0.0;0.0;0.0;0.0;0.013158
19054;0.363636;0.386364;0.219697;0.022727;0.007576;0.0;0.0;0.0;0.0;0.0;0.0;0.0;0.0;0.0;0.0;0.0
19055;0.344828;0.344828;0.172414;0.068966;0.068966;0.0;0.0;0.0;0.0;0.0;0.0;0.0;0.0;0.0;0.0;0.0
19057;0.470588;0.098039;0.039216;0.058824;0.313725;0.0;0.0;0.0;0.0;0.0;0.0;0.0;0.0;0.0;0.0;0.019608
19058;0.301085;0.202027;0.252179;0.089098;0.135693;0.0;0.0;0.0;0.0;0.0;0.0;0.0;0.0;0.0;0.0;0.019918
19059;0.12766;0.510638;0.170213;0.12766;0.042553;0.0;0.0;0.0;0.0;0.0;0.0;0.0;0.0;0.0;0.0;0.021277
19060;0.295082;0.180328;0.090164;0.081967;0.344262;0.0;0.0;0.0;0.0;0.0;0.0;0.0;0.0;0.0;0.0;0.008197
19061;0.243902;0.341463;0.292683;0.02439;0.073171;0.0;0.0;0.0;0.0;0.0;0.0;0.0;0.0;0.0;0.0;0.02439
19064;0.25;0.482143;0.125;0.089286;0.053571;0.0;0.0;0.0;0.0;0.0;0.0;0.0;0.0;0.0;0.0;0.0
19065;0.345238;0.321429;0.119048;0.071429;0.142857;0.0;0.0;0.0;0.0;0.0;0.0;0.0;0.0;0.0;0.0;0.0
19066;0.142857;0.547619;0.214286;0.0;0.095238;0.0;0.0;0.0;0.0;0.0;0.0;0.0;0.0;0.0;0.0;0.0
19067;0.5;0.181818;0.181818;0.0;0.136364;0.0;0.0;0.0;0.0;0.0;0.0;0.0;0.0;0.0;0.0;0.0
19070;0.4;0.333333;0.222222;0.022222;0.022222;0.0;0.0;0.0;0.0;0.0;0.0;0.0;0.0;0.0;0.0;0.0
19071;0.240806;0.212259;0.298424;0.100876;0.123993;0.0;0.0;0.0;0.0;0.0;0.0;0.0;0.0;0.0;0.0;0.023643
19073;0.285714;0.285714;0.357143;0.0;0.071429;0.0;0.0;0.0;0.0;0.0;0.0;0.0;0.0;0.0;0.0;0.0
19074;0.428571;0.142857;0.107143;0.071429;0.232143;0.0;0.0;0.0;0.0;0.0;0.0;0.0;0.0;0.0;0.0;0.017857
19075;0.205882;0.470588;0.147059;0.088235;0.029412;0.0;0.0;0.0;0.0;0.0;0.0;0.0;0.0;0.0;0.0;0.058824
19076;0.26087;0.26087;0.347826;0.0;0.086957;0.0;0.0;0.0;0.0;0.0;0.0;0.0;0.0;0.0;0.0;0.043478
19078;0.694444;0.083333;0.055556;0.0;0.166667;0.0;0.0;0.0;0.0;0.0;0.0;0.0;0.0;0.0;0.0;0.0
19079;0.0;0.833333;0.166667;0.0;0.0;0.0;0.0;0.0;0.0;0.0;0.0;0.0;0.0;0.0;0.0;0.0
19080;0.191489;0.468085;0.148936;0.021277;0.170213;0.0;0.0;0.0;0.0;0.0;0.0;0.0;0.0;0.0;0.0;0.0
19081;0.238095;0.761905;0.0;0.0;0.0;0.0;0.0;0.0;0.0;0.0;0.0;0.0;0.0;0.0;0.0;0.0
19082;0.414286;0.085714;0.285714;0.042857;0.128571;0.0;0.0;0.0;0.0;0.0;0.0;0.0;0.0;0.0;0.0;0.042857
19086;0.438703;0.262411;0.161094;0.047619;0.082067;0.0;0.0;0.0;0.0;0.0;0.0;0.0;0.0;0.0;0.0;0.008105
19087;0.375;0.125;0.375;0.0;0.0625;0.0;0.0;0.0;0.0;0.0;0.0;0.0;0.0;0.0;0.0;0.0625
19088;0.227273;0.30303;0.333333;0.075758;0.060606;0.0;0.0;0.0;0.0;0.0;0.0;0.0;0.0;0.0;0.0;0.0
19089;0.647059;0.058824;0.235294;0.0;0.058824;0.0;0.0;0.0;0.0;0.0;0.0;0.0;0.0;0.0;0.0;0.0
19090;0.402985;0.283582;0.059701;0.059701;0.179104;0.0;0.0;0.0;0.0;0.0;0.0;0.0;0.0;0.0;0.0;0.014925
19091;0.294118;0.411765;0.294118;0.0;0.0;0.0;0.0;0.0;0.0;0.0;0.0;0.0;0.0;0.0;0.0;0.0
19092;0.32852;0.299639;0.267148;0.036101;0.064982;0.0;0.0;0.0;0.0;0.0;0.0;0.0;0.0;0.0;0.0;0.00361
19095;0.166667;0.166667;0.666667;0.0;0.0;0.0;0.0;0.0;0.0;0.0;0.0;0.0;0.0;0.0;0.0;0.0
19096;0.285714;0.257143;0.228571;0.085714;0.142857;0.0;0.0;0.0;0.0;0.0;0.0;0.0;0.0;0.0;0.0;0.0
19097;0.230769;0.615385;0.076923;0.0;0.076923;0.0;0.0;0.0;0.0;0.0;0.0;0.0;0.0;0.0;0.0;0.0
19098;0.705882;0.117647;0.176471;0.0;0.0;0.0;0.0;0.0;0.0;0.0;0.0;0.0;0.0;0.0;0.0;0.0
19099;0.431034;0.281609;0.109195;0.034483;0.137931;0.0;0.0;0.0;0.0;0.0;0.0;0.0;0.0;0.0;0.0;0.005747
19102;0.315068;0.205479;0.342466;0.0;0.09589;0.0;0.0;0.0;0.0;0.0;0.0;0.0;0.0;0.0;0.0;0.041096
19103;0.40796;0.348259;0.169154;0.034826;0.039801;0.0;0.0;0.0;0.0;0.0;0.0;0.0;0.0;0.0;0.0;0.0
19104;0.071429;0.857143;0.071429;0.0;0.0;0.0;0.0;0.0;0.0;0.0;0.0;0.0;0.0;0.0;0.0;0.0
19105;0.266631;0.190527;0.301224;0.085684;0.134646;0.0;0.0;0.0;0.0;0.0;0.0;0.0;0.0;0.0;0.0;0.021288
19106;0.368421;0.210526;0.192982;0.070175;0.140351;0.0;0.0;0.0;0.0;0.0;0.0;0.0;0.0;0.0;0.0;0.017544
19107;0.364754;0.303279;0.209016;0.065574;0.04918;0.0;0.0;0.0;0.0;0.0;0.0;0.0;0.0;0.0;0.0;0.008197
19108;0.358974;0.217949;0.166667;0.089744;0.128205;0.0;0.0;0.0;0.0;0.0;0.0;0.0;0.0;0.0;0.0;0.038462
19109;0.041667;0.541667;0.375;0.0;0.041667;0.0;0.0;0.0;0.0;0.0;0.0;0.0;0.0;0.0;0.0;0.0
19110;0.230769;0.282051;0.307692;0.076923;0.076923;0.0;0.0;0.0;0.0;0.0;0.0;0.0;0.0;0.0;0.0;0.025641
19111;0.32;0.352;0.232;0.016;0.08;0.0;0.0;0.0;0.0;0.0;0.0;0.0;0.0;0.0;0.0;0.0
19112;0.235294;0.441176;0.264706;0.058824;0.0;0.0;0.0;0.0;0.0;0.0;0.0;0.0;0.0;0.0;0.0;0.0
19113;0.323899;0.213836;0.238994;0.09434;0.106918;0.0;0.0;0.0;0.0;0.0;0.0;0.0;0.0;0.0;0.0;0.022013
19114;0.6;0.35;0.05;0.0;0.0;0.0;0.0;0.0;0.0;0.0;0.0;0.0;0.0;0.0;0.0;0.0
19115;0.086957;0.478261;0.26087;0.130435;0.043478;0.0;0.0;0.0;0.0;0.0;0.0;0.0;0.0;0.0;0.0;0.0
19116;0.3;0.6;0.0;0.0;0.1;0.0;0.0;0.0;0.0;0.0;0.0;0.0;0.0;0.0;0.0;0.0
19117;0.351515;0.130736;0.311688;0.07013;0.112554;0.0;0.0;0.0;0.0;0.0;0.0;0.0;0.0;0.0;0.0;0.023377
19118;0.777778;0.0;0.0;0.111111;0.0;0.0;0.0;0.0;0.0;0.0;0.0;0.0;0.0;0.0;0.0;0.111111
19119;0.338462;0.2;0.276923;0.061538;0.092308;0.0;0.0;0.0;0.0;0.0;0.0;0.0;0.0;0.0;0.0;0.030769
19120;0.270588;0.352941;0.258824;0.023529;0.058824;0.0;0.0;0.0;0.0;0.0;0.0;0.0;0.0;0.0;0.0;0.035294
19121;0.406863;0.240196;0.240196;0.034314;0.073529;0.0;0.0;0.0;0.0;0.0;0.0;0.0;0.0;0.0;0.0;0.004902
19122;0.37931;0.327586;0.068966;0.017241;0.189655;0.0;0.0;0.0;0.0;0.0;0.0;0.0;0.0;0.0;0.0;0.017241
19123;0.321429;0.25;0.214286;0.071429;0.142857;0.0;0.0;0.0;0.0;0.0;0.0;0.0;0.0;0.0;0.0;0.0
19124;0.387665;0.220264;0.193833;0.061674;0.136564;0.0;0.0;0.0;0.0;0.0;0.0;0.0;0.0;0.0;0.0;0.0
19125;0.217391;0.347826;0.217391;0.086957;0.086957;0.0;0.0;0.0;0.0;0.0;0.0;0.0;0.0;0.0;0.0;0.043478
19126;0.233139;0.210658;0.304746;0.089092;0.139883;0.0;0.0;0.0;0.0;0.0;0.0;0.0;0.0;0.0;0.0;0.022481
19127;0.169492;0.644068;0.135593;0.033898;0.016949;0.0;0.0;0.0;0.0;0.0;0.0;0.0;0.0;0.0;0.0;0.0
19129;0.190476;0.571429;0.0;0.238095;0.0;0.0;0.0;0.0;0.0;0.0;0.0;0.0;0.0;0.0;0.0;0.0
19130;0.32201;0.257381;0.225233;0.079413;0.096198;0.0;0.0;0.0;0.0;0.0;0.0;0.0;0.0;0.0;0.0;0.019764
19132;0.206349;0.396825;0.222222;0.142857;0.031746;0.0;0.0;0.0;0.0;0.0;0.0;0.0;0.0;0.0;0.0;0.0
19133;0.5;0.145161;0.225806;0.080645;0.048387;0.0;0.0;0.0;0.0;0.0;0.0;0.0;0.0;0.0;0.0;0.0
19134;0.428571;0.142857;0.214286;0.142857;0.071429;0.0;0.0;0.0;0.0;0.0;0.0;0.0;0.0;0.0;0.0;0.0
19135;0.25;0.455882;0.147059;0.088235;0.058824;0.0;0.0;0.0;0.0;0.0;0.0;0.0;0.0;0.0;0.0;0.0
19136;0.6;0.4;0.0;0.0;0.0;0.0;0.0;0.0;0.0;0.0;0.0;0.0;0.0;0.0;0.0;0.0
19138;0.506667;0.193333;0.106667;0.026667;0.153333;0.0;0.0;0.0;0.0;0.0;0.0;0.0;0.0;0.0;0.0;0.013333
19139;0.470588;0.470588;0.0;0.0;0.058824;0.0;0.0;0.0;0.0;0.0;0.0;0.0;0.0;0.0;0.0;0.0
19142;0.38764;0.123596;0.207865;0.089888;0.168539;0.0;0.0;0.0;0.0;0.0;0.0;0.0;0.0;0.0;0.0;0.022472
19143;0.291667;0.262821;0.282051;0.0625;0.084135;0.0;0.0;0.0;0.0;0.0;0.0;0.0;0.0;0.0;0.0;0.016827
19145;0.0;0.71875;0.15625;0.09375;0.03125;0.0;0.0;0.0;0.0;0.0;0.0;0.0;0.0;0.0;0.0;0.0
19146;0.514286;0.171429;0.028571;0.028571;0.2;0.0;0.0;0.0;0.0;0.0;0.0;0.0;0.0;0.0;0.0;0.057143
19147;0.375;0.3125;0.09375;0.0625;0.15625;0.0;0.0;0.0;0.0;0.0;0.0;0.0;0.0;0.0;0.0;0.0
19148;0.185185;0.37037;0.148148;0.185185;0.111111;0.0;0.0;0.0;0.0;0.0;0.0;0.0;0.0;0.0;0.0;0.0
19150;0.314607;0.314607;0.269663;0.044944;0.044944;0.0;0.0;0.0;0.0;0.0;0.0;0.0;0.0;0.0;0.0;0.011236
19151;0.312409;0.218978;0.255474;0.068613;0.129927;0.0;0.0;0.0;0.0;0.0;0.0;0.0;0.0;0.0;0.0;0.014599
19152;0.384409;0.287634;0.188172;0.045699;0.083333;0.0;0.0;0.0;0.0;0.0;0.0;0.0;0.0;0.0;0.0;0.010753
19153;0.611111;0.0;0.055556;0.0;0.277778;0.0;0.0;0.0;0.0;0.0;0.0;0.0;0.0;0.0;0.0;0.055556
19154;0.155556;0.622222;0.222222;0.0;0.0;0.0;0.0;0.0;0.0;0.0;0.0;0.0;0.0;0.0;0.0;0.0
19155;0.387755;0.183673;0.183673;0.081633;0.163265;0.0;0.0;0.0;0.0;0.0;0.0;0.0;0.0;0.0;0.0;0.0
19156;0.327917;0.293944;0.264402;0.05613;0.04579;0.0;0.0;0.0;0.0;0.0;0.0;0.0;0.0;0.0;0.0;0.011817
19157;0.378378;0.162162;0.108108;0.108108;0.216216;0.0;0.0;0.0;0.0;0.0;0.0;0.0;0.0;0.0;0.0;0.027027
19159;0.239437;0.408451;0.28169;0.056338;0.014085;0.0;0.0;0.0;0.0;0.0;0.0;0.0;0.0;0.0;0.0;0.0
19160;0.22158;0.196532;0.344894;0.055877;0.16185;0.0;0.0;0.0;0.0;0.0;0.0;0.0;0.0;0.0;0.0;0.019268
19161;0.396104;0.194805;0.194805;0.071429;0.142857;0.0;0.0;0.0;0.0;0.0;0.0;0.0;0.0;0.0;0.0;0.0
19162;0.390244;0.121951;0.243902;0.121951;0.121951;0.0;0.0;0.0;0.0;0.0;0.0;0.0;0.0;0.0;0.0;0.0
19163;0.22449;0.346939;0.163265;0.102041;0.122449;0.0;0.0;0.0;0.0;0.0;0.0;0.0;0.0;0.0;0.0;0.040816
19165;0.384615;0.205128;0.153846;0.025641;0.205128;0.0;0.0;0.0;0.0;0.0;0.0;0.0;0.0;0.0;0.0;0.025641
19166;0.287037;0.296296;0.268519;0.037037;0.092593;0.0;0.0;0.0;0.0;0.0;0.0;0.0;0.0;0.0;0.0;0.018519
19167;0.166667;0.333333;0.411765;0.019608;0.04902;0.0;0.0;0.0;0.0;0.0;0.0;0.0;0.0;0.0;0.0;0.019608
19168;0.479532;0.222222;0.087719;0.052632;0.134503;0.0;0.0;0.0;0.0;0.0;0.0;0.0;0.0;0.0;0.0;0.023392
19169;0.407407;0.111111;0.222222;0.0;0.259259;0.0;0.0;0.0;0.0;0.0;0.0;0.0;0.0;0.0;0.0;0.0
19170;0.298246;0.368421;0.149123;0.026316;0.157895;0.0;0.0;0.0;0.0;0.0;0.0;0.0;0.0;0.0;0.0;0.0
19171;0.381576;0.146266;0.231203;0.075956;0.14524;0.0;0.0;0.0;0.0;0.0;0.0;0.0;0.0;0.0;0.0;0.019759
19172;0.368421;0.236842;0.184211;0.105263;0.078947;0.0;0.0;0.0;0.0;0.0;0.0;0.0;0.0;0.0;0.0;0.026316
19173;0.325;0.275;0.225;0.075;0.075;0.0;0.0;0.0;0.0;0.0;0.0;0.0;0.0;0.0;0.0;0.025
19174;0.1875;0.375;0.15625;0.078125;0.1875;0.0;0.0;0.0;0.0;0.0;0.0;0.0;0.0;0.0;0.0;0.015625
19175;0.0625;0.6875;0.0625;0.0;0.1875;0.0;0.0;0.0;0.0;0.0;0.0;0.0;0.0;0.0;0.0;0.0
19176;0.209302;0.383721;0.290698;0.063953;0.046512;0.0;0.0;0.0;0.0;0.0;0.0;0.0;0.0;0.0;0.0;0.005814
19177;0.533333;0.288889;0.044444;0.044444;0.066667;0.0;0.0;0.0;0.0;0.0;0.0;0.0;0.0;0.0;0.0;0.022222
19178;0.375;0.0;0.1875;0.0625;0.25;0.0;0.0;0.0;0.0;0.0;0.0;0.0;0.0;0.0;0.0;0.125
19179;0.47541;0.311475;0.180328;0.016393;0.016393;0.0;0.0;0.0;0.0;0.0;0.0;0.0;0.0;0.0;0.0;0.0
19181;0.205882;0.382353;0.235294;0.058824;0.088235;0.0;0.0;0.0;0.0;0.0;0.0;0.0;0.0;0.0;0.0;0.029412
19182;0.25;0.0625;0.25;0.0625;0.375;0.0;0.0;0.0;0.0;0.0;0.0;0.0;0.0;0.0;0.0;0.0
19183;0.534483;0.241379;0.068966;0.017241;0.12069;0.0;0.0;0.0;0.0;0.0;0.0;0.0;0.0;0.0;0.0;0.017241
19184;0.234043;0.553191;0.12766;0.0;0.06383;0.0;0.0;0.0;0.0;0.0;0.0;0.0;0.0;0.0;0.0;0.021277
19185;0.285714;0.428571;0.071429;0.0;0.214286;0.0;0.0;0.0;0.0;0.0;0.0;0.0;0.0;0.0;0.0;0.0
19186;0.45;0.266667;0.183333;0.033333;0.05;0.0;0.0;0.0;0.0;0.0;0.0;0.0;0.0;0.0;0.0;0.016667
19187;0.46875;0.28125;0.09375;0.0625;0.0625;0.0;0.0;0.0;0.0;0.0;0.0;0.0;0.0;0.0;0.0;0.03125
19188;0.258065;0.322581;0.354839;0.064516;0.0;0.0;0.0;0.0;0.0;0.0;0.0;0.0;0.0;0.0;0.0;0.0
19189;0.369048;0.238095;0.27381;0.035714;0.083333;0.0;0.0;0.0;0.0;0.0;0.0;0.0;0.0;0.0;0.0;0.0
19190;0.439574;0.259862;0.112085;0.068879;0.107702;0.0;0.0;0.0;0.0;0.0;0.0;0.0;0.0;0.0;0.0;0.011897
19191;0.5;0.25;0.0;0.0;0.166667;0.0;0.0;0.0;0.0;0.0;0.0;0.0;0.0;0.0;0.0;0.083333
19192;0.312551;0.287449;0.316599;0.042915;0.034818;0.0;0.0;0.0;0.0;0.0;0.0;0.0;0.0;0.0;0.0;0.005668
19193;0.65;0.15;0.05;0.15;0.0;0.0;0.0;0.0;0.0;0.0;0.0;0.0;0.0;0.0;0.0;0.0
19194;0.405797;0.217391;0.130435;0.115942;0.072464;0.0;0.0;0.0;0.0;0.0;0.0;0.0;0.0;0.0;0.0;0.057971
19195;0.521739;0.173913;0.130435;0.0;0.173913;0.0;0.0;0.0;0.0;0.0;0.0;0.0;0.0;0.0;0.0;0.0
19196;0.30303;0.30303;0.272727;0.045455;0.075758;0.0;0.0;0.0;0.0;0.0;0.0;0.0;0.0;0.0;0.0;0.0
19197;0.666667;0.142857;0.0;0.0;0.190476;0.0;0.0;0.0;0.0;0.0;0.0;0.0;0.0;0.0;0.0;0.0
19198;0.428571;0.357143;0.142857;0.0;0.071429;0.0;0.0;0.0;0.0;0.0;0.0;0.0;0.0;0.0;0.0;0.0
19199;0.4;0.2;0.2;0.0;0.2;0.0;0.0;0.0;0.0;0.0;0.0;0.0;0.0;0.0;0.0;0.0
19200;0.384615;0.153846;0.25;0.038462;0.173077;0.0;0.0;0.0;0.0;0.0;0.0;0.0;0.0;0.0;0.0;0.0
19201;0.204545;0.386364;0.090909;0.181818;0.136364;0.0;0.0;0.0;0.0;0.0;0.0;0.0;0.0;0.0;0.0;0.0
19202;0.25;0.083333;0.083333;0.083333;0.5;0.0;0.0;0.0;0.0;0.0;0.0;0.0;0.0;0.0;0.0;0.0
19203;0.32;0.2;0.28;0.04;0.12;0.0;0.0;0.0;0.0;0.0;0.0;0.0;0.0;0.0;0.0;0.04
19204;0.465347;0.188119;0.267327;0.019802;0.029703;0.0;0.0;0.0;0.0;0.0;0.0;0.0;0.0;0.0;0.0;0.029703
19208;0.34375;0.25;0.21875;0.03125;0.125;0.0;0.0;0.0;0.0;0.0;0.0;0.0;0.0;0.0;0.0;0.03125
19209;0.344828;0.275862;0.310345;0.0;0.034483;0.0;0.0;0.0;0.0;0.0;0.0;0.0;0.0;0.0;0.0;0.034483
19210;0.125;0.6875;0.0;0.0;0.1875;0.0;0.0;0.0;0.0;0.0;0.0;0.0;0.0;0.0;0.0;0.0
19211;0.289963;0.401487;0.174721;0.02974;0.096654;0.0;0.0;0.0;0.0;0.0;0.0;0.0;0.0;0.0;0.0;0.007435
19212;0.314286;0.322449;0.240816;0.05102;0.061224;0.0;0.0;0.0;0.0;0.0;0.0;0.0;0.0;0.0;0.0;0.010204
19213;0.45098;0.333333;0.176471;0.019608;0.019608;0.0;0.0;0.0;0.0;0.0;0.0;0.0;0.0;0.0;0.0;0.0
19214;0.294118;0.352941;0.254902;0.0;0.098039;0.0;0.0;0.0;0.0;0.0;0.0;0.0;0.0;0.0;0.0;0.0
19215;0.174312;0.513761;0.247706;0.036697;0.027523;0.0;0.0;0.0;0.0;0.0;0.0;0.0;0.0;0.0;0.0;0.0
19216;0.352273;0.181818;0.102273;0.068182;0.261364;0.0;0.0;0.0;0.0;0.0;0.0;0.0;0.0;0.0;0.0;0.034091
19217;0.333333;0.416667;0.138889;0.027778;0.055556;0.0;0.0;0.0;0.0;0.0;0.0;0.0;0.0;0.0;0.0;0.027778
19218;0.419355;0.225806;0.193548;0.0;0.129032;0.0;0.0;0.0;0.0;0.0;0.0;0.0;0.0;0.0;0.0;0.032258
19219;0.714286;0.0;0.142857;0.0;0.142857;0.0;0.0;0.0;0.0;0.0;0.0;0.0;0.0;0.0;0.0;0.0
19220;0.228241;0.110164;0.362751;0.087645;0.17468;0.0;0.0;0.0;0.0;0.0;0.0;0.0;0.0;0.0;0.0;0.036519
19221;0.380952;0.47619;0.095238;0.0;0.047619;0.0;0.0;0.0;0.0;0.0;0.0;0.0;0.0;0.0;0.0;0.0
19222;0.411765;0.279412;0.205882;0.044118;0.058824;0.0;0.0;0.0;0.0;0.0;0.0;0.0;0.0;0.0;0.0;0.0
19223;0.40625;0.375;0.078125;0.03125;0.0625;0.0;0.0;0.0;0.0;0.0;0.0;0.0;0.0;0.0;0.0;0.046875
19224;0.097561;0.5;0.378049;0.012195;0.012195;0.0;0.0;0.0;0.0;0.0;0.0;0.0;0.0;0.0;0.0;0.0
19225;0.288998;0.141215;0.333333;0.111658;0.100164;0.0;0.0;0.0;0.0;0.0;0.0;0.0;0.0;0.0;0.0;0.024631
19226;0.5;0.272727;0.090909;0.090909;0.045455;0.0;0.0;0.0;0.0;0.0;0.0;0.0;0.0;0.0;0.0;0.0
19227;0.4;0.275;0.075;0.1;0.15;0.0;0.0;0.0;0.0;0.0;0.0;0.0;0.0;0.0;0.0;0.0
19228;0.6875;0.0625;0.125;0.0;0.125;0.0;0.0;0.0;0.0;0.0;0.0;0.0;0.0;0.0;0.0;0.0
19229;0.339623;0.339623;0.169811;0.075472;0.075472;0.0;0.0;0.0;0.0;0.0;0.0;0.0;0.0;0.0;0.0;0.0
19230;0.254321;0.160494;0.288889;0.08642;0.150617;0.0;0.0;0.0;0.0;0.0;0.0;0.0;0.0;0.0;0.0;0.059259
19231;0.0;0.833333;0.166667;0.0;0.0;0.0;0.0;0.0;0.0;0.0;0.0;0.0;0.0;0.0;0.0;0.0
19232;0.275;0.4;0.225;0.075;0.025;0.0;0.0;0.0;0.0;0.0;0.0;0.0;0.0;0.0;0.0;0.0
19233;0.222222;0.206349;0.111111;0.126984;0.253968;0.0;0.0;0.0;0.0;0.0;0.0;0.0;0.0;0.0;0.0;0.079365
19234;0.366667;0.333333;0.133333;0.033333;0.1;0.0;0.0;0.0;0.0;0.0;0.0;0.0;0.0;0.0;0.0;0.033333
19235;0.626667;0.16;0.066667;0.026667;0.12;0.0;0.0;0.0;0.0;0.0;0.0;0.0;0.0;0.0;0.0;0.0
19237;0.352941;0.176471;0.235294;0.117647;0.088235;0.0;0.0;0.0;0.0;0.0;0.0;0.0;0.0;0.0;0.0;0.029412
19238;0.25;0.321429;0.357143;0.0;0.071429;0.0;0.0;0.0;0.0;0.0;0.0;0.0;0.0;0.0;0.0;0.0
19239;0.246377;0.391304;0.275362;0.043478;0.028986;0.0;0.0;0.0;0.0;0.0;0.0;0.0;0.0;0.0;0.0;0.014493
19240;0.416667;0.194444;0.222222;0.027778;0.083333;0.0;0.0;0.0;0.0;0.0;0.0;0.0;0.0;0.0;0.0;0.055556
19241;0.130435;0.565217;0.217391;0.0;0.043478;0.0;0.0;0.0;0.0;0.0;0.0;0.0;0.0;0.0;0.0;0.043478
19242;0.076923;0.519231;0.288462;0.038462;0.038462;0.0;0.0;0.0;0.0;0.0;0.0;0.0;0.0;0.0;0.0;0.038462
19243;0.3;0.366667;0.133333;0.1;0.066667;0.0;0.0;0.0;0.0;0.0;0.0;0.0;0.0;0.0;0.0;0.033333
19244;0.269231;0.442308;0.230769;0.019231;0.038462;0.0;0.0;0.0;0.0;0.0;0.0;0.0;0.0;0.0;0.0;0.0
19245;0.340674;0.295337;0.225389;0.059585;0.068653;0.0;0.0;0.0;0.0;0.0;0.0;0.0;0.0;0.0;0.0;0.010363
19246;0.461538;0.384615;0.076923;0.0;0.038462;0.0;0.0;0.0;0.0;0.0;0.0;0.0;0.0;0.0;0.0;0.038462
19247;0.415842;0.19802;0.158416;0.079208;0.128713;0.0;0.0;0.0;0.0;0.0;0.0;0.0;0.0;0.0;0.0;0.019802
19248;0.37037;0.222222;0.148148;0.092593;0.148148;0.0;0.0;0.0;0.0;0.0;0.0;0.0;0.0;0.0;0.0;0.018519
19249;0.269231;0.538462;0.153846;0.038462;0.0;0.0;0.0;0.0;0.0;0.0;0.0;0.0;0.0;0.0;0.0;0.0
19250;0.583333;0.166667;0.083333;0.166667;0.0;0.0;0.0;0.0;0.0;0.0;0.0;0.0;0.0;0.0;0.0;0.0
19251;0.3;0.533333;0.133333;0.0;0.033333;0.0;0.0;0.0;0.0;0.0;0.0;0.0;0.0;0.0;0.0;0.0
19252;0.204545;0.454545;0.159091;0.090909;0.090909;0.0;0.0;0.0;0.0;0.0;0.0;0.0;0.0;0.0;0.0;0.0
19254;0.235294;0.411765;0.205882;0.029412;0.117647;0.0;0.0;0.0;0.0;0.0;0.0;0.0;0.0;0.0;0.0;0.0
19255;0.486486;0.405405;0.027027;0.0;0.081081;0.0;0.0;0.0;0.0;0.0;0.0;0.0;0.0;0.0;0.0;0.0
19256;0.277778;0.555556;0.027778;0.138889;0.0;0.0;0.0;0.0;0.0;0.0;0.0;0.0;0.0;0.0;0.0;0.0
19257;0.308924;0.369336;0.161556;0.053547;0.089703;0.0;0.0;0.0;0.0;0.0;0.0;0.0;0.0;0.0;0.0;0.016934
19258;0.241935;0.435484;0.16129;0.080645;0.064516;0.0;0.0;0.0;0.0;0.0;0.0;0.0;0.0;0.0;0.0;0.016129
19259;0.636364;0.136364;0.0;0.0;0.227273;0.0;0.0;0.0;0.0;0.0;0.0;0.0;0.0;0.0;0.0;0.0
19260;0.615385;0.230769;0.0;0.0;0.153846;0.0;0.0;0.0;0.0;0.0;0.0;0.0;0.0;0.0;0.0;0.0
19261;0.173913;0.565217;0.043478;0.130435;0.043478;0.0;0.0;0.0;0.0;0.0;0.0;0.0;0.0;0.0;0.0;0.043478
19262;0.336735;0.367347;0.163265;0.05102;0.081633;0.0;0.0;0.0;0.0;0.0;0.0;0.0;0.0;0.0;0.0;0.0
19263;0.4;0.333333;0.2;0.0;0.066667;0.0;0.0;0.0;0.0;0.0;0.0;0.0;0.0;0.0;0.0;0.0
19264;0.64;0.16;0.08;0.12;0.0;0.0;0.0;0.0;0.0;0.0;0.0;0.0;0.0;0.0;0.0;0.0
19265;0.26087;0.358696;0.228261;0.043478;0.097826;0.0;0.0;0.0;0.0;0.0;0.0;0.0;0.0;0.0;0.0;0.01087
19266;0.18232;0.40884;0.281768;0.088398;0.033149;0.0;0.0;0.0;0.0;0.0;0.0;0.0;0.0;0.0;0.0;0.005525
19267;0.285714;0.5;0.071429;0.0;0.0;0.0;0.0;0.0;0.0;0.0;0.0;0.0;0.0;0.0;0.0;0.142857
19268;0.428571;0.342857;0.085714;0.0;0.142857;0.0;0.0;0.0;0.0;0.0;0.0;0.0;0.0;0.0;0.0;0.0
19269;0.491803;0.114754;0.081967;0.016393;0.278689;0.0;0.0;0.0;0.0;0.0;0.0;0.0;0.0;0.0;0.0;0.016393
19270;0.076923;0.538462;0.230769;0.0;0.153846;0.0;0.0;0.0;0.0;0.0;0.0;0.0;0.0;0.0;0.0;0.0
19271;0.25;0.6;0.1;0.05;0.0;0.0;0.0;0.0;0.0;0.0;0.0;0.0;0.0;0.0;0.0;0.0
19272;0.377358;0.490566;0.0;0.09434;0.018868;0.0;0.0;0.0;0.0;0.0;0.0;0.0;0.0;0.0;0.0;0.018868
19274;0.326837;0.197901;0.265367;0.067466;0.127436;0.0;0.0;0.0;0.0;0.0;0.0;0.0;0.0;0.0;0.0;0.014993
19277;0.5;0.1;0.2;0.0;0.2;0.0;0.0;0.0;0.0;0.0;0.0;0.0;0.0;0.0;0.0;0.0
19278;0.15;0.75;0.1;0.0;0.0;0.0;0.0;0.0;0.0;0.0;0.0;0.0;0.0;0.0;0.0;0.0
19279;0.142857;0.357143;0.428571;0.02381;0.047619;0.0;0.0;0.0;0.0;0.0;0.0;0.0;0.0;0.0;0.0;0.0
19280;0.26234;0.151185;0.315974;0.093276;0.14691;0.0;0.0;0.0;0.0;0.0;0.0;0.0;0.0;0.0;0.0;0.030315
19281;0.333333;0.333333;0.055556;0.111111;0.055556;0.0;0.0;0.0;0.0;0.0;0.0;0.0;0.0;0.0;0.0;0.111111
19282;0.179245;0.59434;0.160377;0.009434;0.056604;0.0;0.0;0.0;0.0;0.0;0.0;0.0;0.0;0.0;0.0;0.0
19283;0.538462;0.307692;0.115385;0.0;0.038462;0.0;0.0;0.0;0.0;0.0;0.0;0.0;0.0;0.0;0.0;0.0
19284;0.8;0.0;0.1;0.0;0.1;0.0;0.0;0.0;0.0;0.0;0.0;0.0;0.0;0.0;0.0;0.0
19285;0.5;0.25;0.1875;0.0;0.0625;0.0;0.0;0.0;0.0;0.0;0.0;0.0;0.0;0.0;0.0;0.0
19286;0.237762;0.178322;0.367133;0.073427;0.132867;0.0;0.0;0.0;0.0;0.0;0.0;0.0;0.0;0.0;0.0;0.01049
19287;0.229167;0.375;0.260417;0.083333;0.052083;0.0;0.0;0.0;0.0;0.0;0.0;0.0;0.0;0.0;0.0;0.0
19288;0.388889;0.222222;0.277778;0.111111;0.0;0.0;0.0;0.0;0.0;0.0;0.0;0.0;0.0;0.0;0.0;0.0
19289;0.125;0.25;0.3125;0.125;0.1875;0.0;0.0;0.0;0.0;0.0;0.0;0.0;0.0;0.0;0.0;0.0
19290;0.282051;0.194139;0.29304;0.054945;0.1337;0.0;0.0;0.0;0.0;0.0;0.0;0.0;0.0;0.0;0.0;0.042125
19291;0.337121;0.260101;0.224747;0.059343;0.098485;0.0;0.0;0.0;0.0;0.0;0.0;0.0;0.0;0.0;0.0;0.020202
19293;0.298758;0.168006;0.259313;0.089847;0.157049;0.0;0.0;0.0;0.0;0.0;0.0;0.0;0.0;0.0;0.0;0.027027
19294;0.444444;0.277778;0.055556;0.055556;0.166667;0.0;0.0;0.0;0.0;0.0;0.0;0.0;0.0;0.0;0.0;0.0
19296;0.125;0.375;0.333333;0.0;0.125;0.0;0.0;0.0;0.0;0.0;0.0;0.0;0.0;0.0;0.0;0.041667
19297;0.178571;0.5;0.25;0.071429;0.0;0.0;0.0;0.0;0.0;0.0;0.0;0.0;0.0;0.0;0.0;0.0
19298;0.414634;0.219512;0.219512;0.04878;0.097561;0.0;0.0;0.0;0.0;0.0;0.0;0.0;0.0;0.0;0.0;0.0
19299;0.385714;0.2;0.257143;0.1;0.042857;0.0;0.0;0.0;0.0;0.0;0.0;0.0;0.0;0.0;0.0;0.014286
19300;0.207547;0.236707;0.281304;0.085763;0.161235;0.0;0.0;0.0;0.0;0.0;0.0;0.0;0.0;0.0;0.0;0.027444
19301;0.192308;0.423077;0.346154;0.038462;0.0;0.0;0.0;0.0;0.0;0.0;0.0;0.0;0.0;0.0;0.0;0.0
19302;0.268293;0.365854;0.170732;0.097561;0.073171;0.0;0.0;0.0;0.0;0.0;0.0;0.0;0.0;0.0;0.0;0.02439
19303;0.1875;0.5625;0.1875;0.03125;0.03125;0.0;0.0;0.0;0.0;0.0;0.0;0.0;0.0;0.0;0.0;0.0
19304;0.312883;0.104294;0.319018;0.079755;0.159509;0.0;0.0;0.0;0.0;0.0;0.0;0.0;0.0;0.0;0.0;0.02454
19305;0.333333;0.313725;0.245098;0.058824;0.039216;0.0;0.0;0.0;0.0;0.0;0.0;0.0;0.0;0.0;0.0;0.009804
19306;0.111111;0.722222;0.055556;0.055556;0.055556;0.0;0.0;0.0;0.0;0.0;0.0;0.0;0.0;0.0;0.0;0.0
19307;0.173913;0.347826;0.347826;0.043478;0.086957;0.0;0.0;0.0;0.0;0.0;0.0;0.0;0.0;0.0;0.0;0.0
19308;0.469388;0.244898;0.204082;0.020408;0.061224;0.0;0.0;0.0;0.0;0.0;0.0;0.0;0.0;0.0;0.0;0.0
19309;0.214286;0.142857;0.214286;0.071429;0.357143;0.0;0.0;0.0;0.0;0.0;0.0;0.0;0.0;0.0;0.0;0.0
19310;0.571429;0.285714;0.0;0.0;0.142857;0.0;0.0;0.0;0.0;0.0;0.0;0.0;0.0;0.0;0.0;0.0
19311;0.288136;0.491525;0.067797;0.067797;0.067797;0.0;0.0;0.0;0.0;0.0;0.0;0.0;0.0;0.0;0.0;0.016949
19314;0.212121;0.363636;0.363636;0.030303;0.030303;0.0;0.0;0.0;0.0;0.0;0.0;0.0;0.0;0.0;0.0;0.0
19317;0.378049;0.341463;0.121951;0.036585;0.121951;0.0;0.0;0.0;0.0;0.0;0.0;0.0;0.0;0.0;0.0;0.0
19318;0.5;0.166667;0.277778;0.0;0.055556;0.0;0.0;0.0;0.0;0.0;0.0;0.0;0.0;0.0;0.0;0.0
19319;0.247924;0.16641;0.30729;0.091972;0.156875;0.0;0.0;0.0;0.0;0.0;0.0;0.0;0.0;0.0;0.0;0.029529
19321;0.535714;0.178571;0.142857;0.0;0.142857;0.0;0.0;0.0;0.0;0.0;0.0;0.0;0.0;0.0;0.0;0.0
19322;0.388889;0.333333;0.222222;0.0;0.055556;0.0;0.0;0.0;0.0;0.0;0.0;0.0;0.0;0.0;0.0;0.0
19323;0.5;0.153846;0.230769;0.076923;0.038462;0.0;0.0;0.0;0.0;0.0;0.0;0.0;0.0;0.0;0.0;0.0
19324;0.387931;0.310345;0.155172;0.103448;0.034483;0.0;0.0;0.0;0.0;0.0;0.0;0.0;0.0;0.0;0.0;0.008621
19325;0.223529;0.6;0.082353;0.047059;0.047059;0.0;0.0;0.0;0.0;0.0;0.0;0.0;0.0;0.0;0.0;0.0
19326;0.252902;0.147221;0.359194;0.106292;0.117899;0.0;0.0;0.0;0.0;0.0;0.0;0.0;0.0;0.0;0.0;0.016494
19327;0.189542;0.346405;0.441176;0.019608;0.0;0.0;0.0;0.0;0.0;0.0;0.0;0.0;0.0;0.0;0.0;0.003268
19329;0.434783;0.326087;0.173913;0.021739;0.0;0.0;0.0;0.0;0.0;0.0;0.0;0.0;0.0;0.0;0.0;0.043478
19330;0.435484;0.258065;0.241935;0.032258;0.032258;0.0;0.0;0.0;0.0;0.0;0.0;0.0;0.0;0.0;0.0;0.0
19331;0.342841;0.22655;0.244652;0.065826;0.103127;0.0;0.0;0.0;0.0;0.0;0.0;0.0;0.0;0.0;0.0;0.017005
19332;0.150943;0.301887;0.264151;0.075472;0.169811;0.0;0.0;0.0;0.0;0.0;0.0;0.0;0.0;0.0;0.0;0.037736
19333;0.507463;0.238806;0.074627;0.029851;0.149254;0.0;0.0;0.0;0.0;0.0;0.0;0.0;0.0;0.0;0.0;0.0
19334;0.571429;0.257143;0.028571;0.0;0.114286;0.0;0.0;0.0;0.0;0.0;0.0;0.0;0.0;0.0;0.0;0.028571
19335;0.578947;0.236842;0.105263;0.0;0.052632;0.0;0.0;0.0;0.0;0.0;0.0;0.0;0.0;0.0;0.0;0.026316
19901;0.259259;0.333333;0.296296;0.0;0.111111;0.0;0.0;0.0;0.0;0.0;0.0;0.0;0.0;0.0;0.0;0.0
20001;0.012346;0.0;0.0;0.0;0.049383;0.0;0.0;0.0;0.518519;0.419753;0.0;0.0;0.0;0.0;0.0;0.0
20002;0.017857;0.008929;0.0;0.0;0.09375;0.0;0.0;0.0;0.294643;0.575893;0.0;0.0;0.0;0.0;0.0;0.008929
20003;0.045198;0.0;0.0;0.0;0.09322;0.0;0.0;0.0;0.29096;0.556497;0.0;0.0;0.0;0.0;0.0;0.014124
20004;0.076336;0.0;0.0;0.0;0.083969;0.0;0.0;0.0;0.465649;0.374046;0.0;0.0;0.0;0.0;0.0;0.0
20005;0.076736;0.024361;0.010962;0.00609;0.099878;0.0;0.0;0.0;0.320341;0.457978;0.0;0.0;0.0;0.0;0.0;0.003654
20006;0.026316;0.006579;0.0;0.006579;0.098684;0.0;0.0;0.0;0.342105;0.486842;0.0;0.0;0.0;0.0;0.0;0.032895
20007;0.009132;0.009132;0.0;0.0;0.123288;0.0;0.0;0.0;0.237443;0.616438;0.0;0.0;0.0;0.0;0.0;0.004566
20008;0.047733;0.023866;0.002387;0.002387;0.054893;0.0;0.0;0.0;0.317422;0.548926;0.0;0.0;0.0;0.0;0.0;0.002387
20009;0.246347;0.051755;0.015021;0.012427;0.167145;0.0;0.0;0.0;0.234603;0.261778;0.0;0.0;0.0;0.0;0.0;0.010924
20010;0.105916;0.038168;0.007634;0.005725;0.127863;0.0;0.0;0.0;0.262405;0.447519;0.0;0.0;0.0;0.0;0.0;0.004771
20011;0.106383;0.01473;0.004092;0.002455;0.103928;0.0;0.0;0.0;0.300327;0.463175;0.0;0.0;0.0;0.0;0.0;0.00491
20012;0.029126;0.009709;0.0;0.009709;0.067961;0.0;0.0;0.0;0.436893;0.446602;0.0;0.0;0.0;0.0;0.0;0.0
20013;0.123805;0.027397;0.008271;0.007237;0.12794;0.0;0.0;0.0;0.359266;0.340398;0.0;0.0;0.0;0.0;0.0;0.005686
20014;0.070707;0.021645;0.004329;0.0;0.111111;0.0;0.0;0.0;0.292929;0.493506;0.0;0.0;0.0;0.0;0.0;0.005772
20015;0.035591;0.0;0.0;0.002296;0.051665;0.0;0.0;0.0;0.319173;0.586682;0.0;0.0;0.0;0.0;0.0;0.004592
20016;0.036364;0.007955;0.007955;0.006818;0.106818;0.0;0.0;0.0;0.461364;0.359091;0.0;0.0;0.0;0.0;0.0;0.013636
20017;0.112259;0.025398;0.015916;0.003725;0.100237;0.0;0.0;0.0;0.419065;0.31595;0.0;0.0;0.0;0.0;0.0;0.00745
20018;0.058063;0.021246;0.005938;0.004091;0.067036;0.0;0.0;0.0;0.42597;0.414357;0.0;0.0;0.0;0.0;0.0;0.003299
20019;0.168639;0.042085;0.008836;0.005991;0.136439;0.0;0.0;0.0;0.394638;0.236933;0.0;0.0;0.0;0.0;0.0;0.00644
20020;0.0;0.0;0.0;0.0;0.0625;0.0;0.0;0.0;0.484375;0.4375;0.0;0.0;0.0;0.0;0.0;0.015625
20021;0.039216;0.0;0.009804;0.0;0.088235;0.0;0.0;0.0;0.460784;0.401961;0.0;0.0;0.0;0.0;0.0;0.0
20022;0.042629;0.017762;0.001776;0.0;0.069272;0.0;0.0;0.0;0.37833;0.490231;0.0;0.0;0.0;0.0;0.0;0.0
20023;0.064;0.016;0.008;0.0;0.1;0.0;0.0;0.0;0.332;0.46;0.0;0.0;0.0;0.0;0.0;0.02
20024;0.033195;0.008299;0.012448;0.0;0.107884;0.0;0.0;0.0;0.26556;0.564315;0.0;0.0;0.0;0.0;0.0;0.008299
20025;0.045918;0.001276;0.002551;0.002551;0.080357;0.0;0.0;0.0;0.434949;0.424745;0.0;0.0;0.0;0.0;0.0;0.007653
20026;0.011976;0.0;0.0;0.0;0.041916;0.0;0.0;0.0;0.48503;0.45509;0.0;0.0;0.0;0.0;0.0;0.005988
20027;0.052944;0.010805;0.003782;0.001621;0.103187;0.0;0.0;0.0;0.360346;0.464073;0.0;0.0;0.0;0.0;0.0;0.003241
20028;0.156098;0.032056;0.007666;0.007666;0.13101;0.0;0.0;0.0;0.265505;0.396516;0.0;0.0;0.0;0.0;0.0;0.003484
20029;0.08835;0.019417;0.009709;0.003883;0.134628;0.0;0.0;0.0;0.40356;0.335599;0.0;0.0;0.0;0.0;0.0;0.004854
20030;0.272368;0.062374;0.014138;0.006723;0.153372;0.0;0.0;0.0;0.289694;0.193361;0.0;0.0;0.0;0.0;0.0;0.00797
20031;0.036697;0.0;0.0;0.0;0.06422;0.0;0.0;0.0;0.394495;0.504587;0.0;0.0;0.0;0.0;0.0;0.0
20032;0.16535;0.047051;0.013947;0.008234;0.12166;0.0;0.0;0.0;0.387834;0.248194;0.0;0.0;0.0;0.0;0.0;0.00773
20033;0.043956;0.015699;0.010989;0.00314;0.100471;0.0;0.0;0.0;0.353218;0.461538;0.0;0.0;0.0;0.0;0.0;0.010989
20034;0.162983;0.024862;0.007827;0.007366;0.140884;0.0;0.0;0.0;0.330571;0.314457;0.0;0.0;0.0;0.0;0.0;0.01105
20035;0.049861;0.01662;0.01108;0.0;0.113573;0.0;0.0;0.0;0.362881;0.443213;0.0;0.0;0.0;0.0;0.0;0.00277
20036;0.13749;0.05713;0.020562;0.00778;0.168501;0.0;0.0;0.0;0.42203;0.172613;0.0;0.0;0.0;0.0;0.0;0.013894
20037;0.0;0.0;0.0;0.0;0.072464;0.0;0.0;0.0;0.463768;0.463768;0.0;0.0;0.0;0.0;0.0;0.0
20038;0.010309;0.003436;0.003436;0.0;0.04811;0.0;0.0;0.0;0.426117;0.498282;0.0;0.0;0.0;0.0;0.0;0.010309
20039;0.041019;0.005594;0.003108;0.003108;0.071473;0.0;0.0;0.0;0.422623;0.448104;0.0;0.0;0.0;0.0;0.0;0.004972
20040;0.156517;0.035581;0.011604;0.007576;0.173588;0.0;0.0;0.0;0.21991;0.387072;0.0;0.0;0.0;0.0;0.0;0.008152
20041;0.05;0.028571;0.0;0.014286;0.064286;0.0;0.0;0.0;0.428571;0.414286;0.0;0.0;0.0;0.0;0.0;0.0
20042;0.155425;0.030303;0.011241;0.005376;0.132454;0.0;0.0;0.0;0.289345;0.366569;0.0;0.0;0.0;0.0;0.0;0.009286
20043;0.04403;0.026249;0.001693;0.00254;0.049958;0.0;0.0;0.0;0.468247;0.404742;0.0;0.0;0.0;0.0;0.0;0.00254
20044;0.092308;0.015385;0.011538;0.003846;0.130769;0.0;0.0;0.0;0.265385;0.461538;0.0;0.0;0.0;0.0;0.0;0.019231
20045;0.289662;0.091099;0.040862;0.016332;0.190789;0.0;0.0;0.0;0.250171;0.106516;0.0;0.0;0.0;0.0;0.0;0.014568
20046;0.107975;0.028221;0.017178;0.004908;0.123926;0.0;0.0;0.0;0.328834;0.381595;0.0;0.0;0.0;0.0;0.0;0.007362
20047;0.047923;0.01278;0.003195;0.003195;0.095847;0.0;0.0;0.0;0.258786;0.56869;0.0;0.0;0.0;0.0;0.0;0.009585
20048;0.044643;0.008929;0.0;0.0;0.125;0.0;0.0;0.0;0.267857;0.535714;0.0;0.0;0.0;0.0;0.0;0.017857
20049;0.135687;0.024576;0.008307;0.007615;0.117688;0.0;0.0;0.0;0.314642;0.385947;0.0;0.0;0.0;0.0;0.0;0.005538
20050;0.017442;0.005814;0.005814;0.0;0.087209;0.0;0.0;0.0;0.313953;0.569767;0.0;0.0;0.0;0.0;0.0;0.0
20051;0.170849;0.046424;0.01422;0.006901;0.143664;0.0;0.0;0.0;0.314931;0.297992;0.0;0.0;0.0;0.0;0.0;0.005019
20052;0.106901;0.02977;0.006766;0.005413;0.127199;0.0;0.0;0.0;0.330176;0.385656;0.0;0.0;0.0;0.0;0.0;0.008119
20053;0.139898;0.034417;0.010516;0.006373;0.174634;0.0;0.0;0.0;0.24028;0.387508;0.0;0.0;0.0;0.0;0.0;0.006373
20054;0.017065;0.0;0.0;0.003413;0.05802;0.0;0.0;0.0;0.197952;0.723549;0.0;0.0;0.0;0.0;0.0;0.0
20055;0.183787;0.041431;0.010786;0.006677;0.147663;0.0;0.0;0.0;0.302003;0.299949;0.0;0.0;0.0;0.0;0.0;0.007704
20056;0.059227;0.023835;0.00325;0.00325;0.097508;0.0;0.0;0.0;0.394727;0.413507;0.0;0.0;0.0;0.0;0.0;0.004695
20057;0.027397;0.006849;0.0;0.0;0.10274;0.0;0.0;0.0;0.349315;0.5;0.0;0.0;0.0;0.0;0.0;0.013699
20058;0.194605;0.061657;0.015414;0.015414;0.144509;0.0;0.0;0.0;0.304432;0.252408;0.0;0.0;0.0;0.0;0.0;0.011561
20059;0.080501;0.021632;0.003245;0.002936;0.09178;0.0;0.0;0.0;0.354295;0.442522;0.0;0.0;0.0;0.0;0.0;0.00309
20060;0.0;0.0;0.0;0.0;0.0;0.0;0.0;0.0;0.026667;0.973333;0.0;0.0;0.0;0.0;0.0;0.0
20061;0.099342;0.023684;0.008553;0.002632;0.110526;0.0;0.0;0.0;0.410526;0.339803;0.0;0.0;0.0;0.0;0.0;0.004934
20062;0.048387;0.021994;0.019062;0.008798;0.104106;0.0;0.0;0.0;0.42522;0.36217;0.0;0.0;0.0;0.0;0.0;0.010264
20063;0.06185;0.020975;0.006095;0.003048;0.128182;0.0;0.0;0.0;0.24991;0.52474;0.0;0.0;0.0;0.0;0.0;0.005199
20064;0.219329;0.052451;0.018415;0.009652;0.200406;0.0;0.0;0.0;0.234442;0.249301;0.0;0.0;0.0;0.0;0.0;0.016002
20065;0.185261;0.063971;0.014841;0.012794;0.112078;0.0;0.0;0.0;0.284033;0.320368;0.0;0.0;0.0;0.0;0.0;0.006653
20066;0.0;0.0;0.0;0.0;0.031579;0.0;0.0;0.0;0.25614;0.712281;0.0;0.0;0.0;0.0;0.0;0.0
20067;0.26418;0.054804;0.018621;0.012212;0.210436;0.0;0.0;0.0;0.189948;0.237081;0.0;0.0;0.0;0.0;0.0;0.012717
20068;0.017094;0.0;0.008547;0.0;0.08547;0.0;0.0;0.0;0.299145;0.581197;0.0;0.0;0.0;0.0;0.0;0.008547
20069;0.200105;0.107849;0.02825;0.014526;0.158891;0.0;0.0;0.0;0.304829;0.173189;0.0;0.0;0.0;0.0;0.0;0.01236
20070;0.031726;0.001269;0.001269;0.001269;0.064721;0.0;0.0;0.0;0.420051;0.468274;0.0;0.0;0.0;0.0;0.0;0.011421
20071;0.115444;0.032239;0.008977;0.004923;0.125772;0.0;0.0;0.0;0.375579;0.329633;0.0;0.0;0.0;0.0;0.0;0.007432
20072;0.191252;0.054278;0.021711;0.012452;0.176245;0.0;0.0;0.0;0.305236;0.224138;0.0;0.0;0.0;0.0;0.0;0.014687
20073;0.110906;0.030191;0.007394;0.006161;0.117683;0.0;0.0;0.0;0.226741;0.490142;0.0;0.0;0.0;0.0;0.0;0.010783
20074;0.118494;0.022907;0.005037;0.004438;0.122931;0.0;0.0;0.0;0.340369;0.378988;0.0;0.0;0.0;0.0;0.0;0.006836
20075;0.136412;0.035601;0.016919;0.005992;0.112795;0.0;0.0;0.0;0.30349;0.383151;0.0;0.0;0.0;0.0;0.0;0.00564
20076;0.139497;0.041809;0.011658;0.007236;0.160804;0.0;0.0;0.0;0.31598;0.315377;0.0;0.0;0.0;0.0;0.0;0.007638
20077;0.189479;0.034546;0.010468;0.008636;0.138445;0.0;0.0;0.0;0.364041;0.248103;0.0;0.0;0.0;0.0;0.0;0.006281
20078;0.060123;0.011043;0.0;0.001227;0.065031;0.0;0.0;0.0;0.228221;0.631902;0.0;0.0;0.0;0.0;0.0;0.002454
20079;0.122038;0.04663;0.013466;0.004694;0.124577;0.0;0.0;0.0;0.40928;0.272699;0.0;0.0;0.0;0.0;0.0;0.006617
20080;0.28968;0.047865;0.019146;0.011871;0.171357;0.0;0.0;0.0;0.266322;0.184951;0.0;0.0;0.0;0.0;0.0;0.008807
20081;0.144786;0.02138;0.010503;0.004126;0.122656;0.0;0.0;0.0;0.328957;0.35934;0.0;0.0;0.0;0.0;0.0;0.008252
20901;0.147799;0.028302;0.006289;0.006289;0.176101;0.0;0.0;0.0;0.397275;0.228512;0.0;0.0;0.0;0.0;0.0;0.009434
20902;0.312043;0.077566;0.025507;0.018294;0.17165;0.0;0.0;0.0;0.200711;0.183358;0.0;0.0;0.0;0.0;0.0;0.010872
20903;0.126693;0.032501;0.020163;0.006621;0.188083;0.0;0.0;0.0;0.297623;0.31628;0.0;0.0;0.0;0.0;0.0;0.012037
20904;0.018519;0.0;0.0;0.0;0.018519;0.0;0.0;0.0;0.203704;0.759259;0.0;0.0;0.0;0.0;0.0;0.0
20905;0.0;0.0;0.0;0.0;0.057851;0.0;0.0;0.0;0.272727;0.661157;0.0;0.0;0.0;0.0;0.0;0.008264
20906;0.022989;0.0;0.0;0.0;0.137931;0.0;0.0;0.0;0.298851;0.517241;0.0;0.0;0.0;0.0;0.0;0.022989
20907;0.0;0.012195;0.0;0.0;0.195122;0.0;0.0;0.0;0.317073;0.45122;0.0;0.0;0.0;0.0;0.0;0.02439
21001;0.5;0.129187;0.114833;0.028708;0.208134;0.0;0.0;0.0;0.0;0.0;0.0;0.0;0.0;0.0;0.0;0.019139
21002;0.264607;0.192731;0.249341;0.112403;0.156474;0.0;0.0;0.0;0.0;0.0;0.0;0.0;0.0;0.0;0.0;0.024443
21003;0.658482;0.053571;0.058036;0.029018;0.198661;0.0;0.0;0.0;0.0;0.0;0.0;0.0;0.0;0.0;0.0;0.002232
21004;0.530287;0.143464;0.155154;0.02763;0.114772;0.0;0.0;0.0;0.0;0.0;0.0;0.0;0.0;0.0;0.0;0.028693
21005;0.35739;0.136236;0.311366;0.073682;0.102204;0.0;0.0;0.0;0.0;0.0;0.0;0.0;0.0;0.0;0.0;0.019123
21006;0.585945;0.104463;0.119183;0.04321;0.132953;0.0;0.0;0.0;0.0;0.0;0.0;0.0;0.0;0.0;0.0;0.014245
21007;0.388375;0.155642;0.162938;0.075875;0.192364;0.0;0.0;0.0;0.0;0.0;0.0;0.0;0.0;0.0;0.0;0.024805
21008;0.556931;0.128713;0.144183;0.071163;0.086634;0.0;0.0;0.0;0.0;0.0;0.0;0.0;0.0;0.0;0.0;0.012376
21009;0.474206;0.168651;0.117063;0.053571;0.164683;0.0;0.0;0.0;0.0;0.0;0.0;0.0;0.0;0.0;0.0;0.021825
21010;0.347418;0.214789;0.212911;0.07723;0.124531;0.0;0.0;0.0;0.0;0.0;0.0;0.0;0.0;0.0;0.0;0.023122
21011;0.513749;0.183326;0.130511;0.05849;0.101266;0.0;0.0;0.0;0.0;0.0;0.0;0.0;0.0;0.0;0.0;0.012658
21012;0.475113;0.280543;0.036199;0.031674;0.171946;0.0;0.0;0.0;0.0;0.0;0.0;0.0;0.0;0.0;0.0;0.004525
21013;0.395796;0.177102;0.204383;0.064699;0.14356;0.0;0.0;0.0;0.0;0.0;0.0;0.0;0.0;0.0;0.0;0.01446
21014;0.461487;0.219406;0.124708;0.082361;0.102367;0.0;0.0;0.0;0.0;0.0;0.0;0.0;0.0;0.0;0.0;0.00967
21015;0.494253;0.109195;0.195402;0.071839;0.126437;0.0;0.0;0.0;0.0;0.0;0.0;0.0;0.0;0.0;0.0;0.002874
21016;0.617778;0.096296;0.12;0.053333;0.102222;0.0;0.0;0.0;0.0;0.0;0.0;0.0;0.0;0.0;0.0;0.01037
21017;0.465132;0.225244;0.152022;0.051604;0.085774;0.0;0.0;0.0;0.0;0.0;0.0;0.0;0.0;0.0;0.0;0.020223
21018;0.581121;0.130777;0.090462;0.061947;0.118977;0.0;0.0;0.0;0.0;0.0;0.0;0.0;0.0;0.0;0.0;0.016716
21019;0.548303;0.125326;0.109661;0.02611;0.182768;0.0;0.0;0.0;0.0;0.0;0.0;0.0;0.0;0.0;0.0;0.007833
21020;0.50885;0.20354;0.163717;0.053097;0.057522;0.0;0.0;0.0;0.0;0.0;0.0;0.0;0.0;0.0;0.0;0.013274
21021;0.277134;0.172287;0.361433;0.079162;0.095495;0.0;0.0;0.0;0.0;0.0;0.0;0.0;0.0;0.0;0.0;0.014489
21022;0.413793;0.146552;0.181034;0.060345;0.181034;0.0;0.0;0.0;0.0;0.0;0.0;0.0;0.0;0.0;0.0;0.017241
21023;0.488588;0.163145;0.105664;0.052409;0.172443;0.0;0.0;0.0;0.0;0.0;0.0;0.0;0.0;0.0;0.0;0.017751
21024;0.536977;0.138264;0.093248;0.048232;0.170418;0.0;0.0;0.0;0.0;0.0;0.0;0.0;0.0;0.0;0.0;0.012862
21025;0.400833;0.23375;0.16875;0.058333;0.1225;0.0;0.0;0.0;0.0;0.0;0.0;0.0;0.0;0.0;0.0;0.015833
21026;0.548193;0.10241;0.090361;0.072289;0.156627;0.0;0.0;0.0;0.0;0.0;0.0;0.0;0.0;0.0;0.0;0.03012
21027;0.25;0.21875;0.34375;0.03125;0.15625;0.0;0.0;0.0;0.0;0.0;0.0;0.0;0.0;0.0;0.0;0.0
21028;0.498054;0.18677;0.108949;0.163424;0.038911;0.0;0.0;0.0;0.0;0.0;0.0;0.0;0.0;0.0;0.0;0.003891
21029;0.493428;0.22548;0.125379;0.076845;0.069767;0.0;0.0;0.0;0.0;0.0;0.0;0.0;0.0;0.0;0.0;0.0091
21030;0.493776;0.210235;0.201936;0.039419;0.046335;0.0;0.0;0.0;0.0;0.0;0.0;0.0;0.0;0.0;0.0;0.008299
21031;0.475862;0.215172;0.164138;0.048276;0.075862;0.0;0.0;0.0;0.0;0.0;0.0;0.0;0.0;0.0;0.0;0.02069
21032;0.518832;0.176018;0.132975;0.031514;0.136049;0.0;0.0;0.0;0.0;0.0;0.0;0.0;0.0;0.0;0.0;0.004612
21033;0.457711;0.121891;0.072139;0.049751;0.283582;0.0;0.0;0.0;0.0;0.0;0.0;0.0;0.0;0.0;0.0;0.014925
21034;0.454913;0.156124;0.153432;0.099596;0.10498;0.0;0.0;0.0;0.0;0.0;0.0;0.0;0.0;0.0;0.0;0.030956
21035;0.444463;0.252286;0.133932;0.049441;0.106163;0.0;0.0;0.0;0.0;0.0;0.0;0.0;0.0;0.0;0.0;0.013715
21036;0.6;0.216667;0.083333;0.025;0.05;0.0;0.0;0.0;0.0;0.0;0.0;0.0;0.0;0.0;0.0;0.025
21037;0.608974;0.128205;0.096154;0.051282;0.108974;0.0;0.0;0.0;0.0;0.0;0.0;0.0;0.0;0.0;0.0;0.00641
21038;0.400298;0.269345;0.119048;0.040179;0.154762;0.0;0.0;0.0;0.0;0.0;0.0;0.0;0.0;0.0;0.0;0.016369
21039;0.563725;0.127451;0.132353;0.04902;0.117647;0.0;0.0;0.0;0.0;0.0;0.0;0.0;0.0;0.0;0.0;0.009804
21040;0.421808;0.19847;0.202296;0.067432;0.0923;0.0;0.0;0.0;0.0;0.0;0.0;0.0;0.0;0.0;0.0;0.017695
21041;0.325025;0.189572;0.220884;0.091621;0.145432;0.0;0.0;0.0;0.0;0.0;0.0;0.0;0.0;0.0;0.0;0.027467
21042;0.277049;0.196636;0.289028;0.082452;0.119409;0.0;0.0;0.0;0.0;0.0;0.0;0.0;0.0;0.0;0.0;0.035428
21043;0.580645;0.121352;0.138249;0.060676;0.083717;0.0;0.0;0.0;0.0;0.0;0.0;0.0;0.0;0.0;0.0;0.015361
21044;0.243934;0.291728;0.305055;0.06682;0.073805;0.0;0.0;0.0;0.0;0.0;0.0;0.0;0.0;0.0;0.0;0.018658
21045;0.505882;0.158824;0.064706;0.070588;0.158824;0.0;0.0;0.0;0.0;0.0;0.0;0.0;0.0;0.0;0.0;0.041176
21046;0.26769;0.254902;0.361466;0.051151;0.055413;0.0;0.0;0.0;0.0;0.0;0.0;0.0;0.0;0.0;0.0;0.009378
21047;0.413636;0.239091;0.153636;0.03;0.152727;0.0;0.0;0.0;0.0;0.0;0.0;0.0;0.0;0.0;0.0;0.010909
21048;0.469027;0.110619;0.172566;0.084071;0.128319;0.0;0.0;0.0;0.0;0.0;0.0;0.0;0.0;0.0;0.0;0.035398
21049;0.527013;0.152905;0.092253;0.041794;0.168705;0.0;0.0;0.0;0.0;0.0;0.0;0.0;0.0;0.0;0.0;0.017329
21050;0.370348;0.222931;0.259063;0.061424;0.073467;0.0;0.0;0.0;0.0;0.0;0.0;0.0;0.0;0.0;0.0;0.012766
21051;0.466667;0.145455;0.242424;0.036364;0.09697;0.0;0.0;0.0;0.0;0.0;0.0;0.0;0.0;0.0;0.0;0.012121
21052;0.521689;0.122457;0.090595;0.050672;0.201536;0.0;0.0;0.0;0.0;0.0;0.0;0.0;0.0;0.0;0.0;0.013052
21053;0.397613;0.207637;0.200477;0.093556;0.089737;0.0;0.0;0.0;0.0;0.0;0.0;0.0;0.0;0.0;0.0;0.010979
21054;0.255901;0.36572;0.256586;0.047212;0.059528;0.0;0.0;0.0;0.0;0.0;0.0;0.0;0.0;0.0;0.0;0.015053
21055;0.24003;0.42537;0.193316;0.053551;0.071971;0.0;0.0;0.0;0.0;0.0;0.0;0.0;0.0;0.0;0.0;0.015761
21056;0.48587;0.181458;0.133366;0.036688;0.149232;0.0;0.0;0.0;0.0;0.0;0.0;0.0;0.0;0.0;0.0;0.013386
21057;0.690722;0.132302;0.082474;0.036082;0.04811;0.0;0.0;0.0;0.0;0.0;0.0;0.0;0.0;0.0;0.0;0.010309
21058;0.614764;0.113033;0.11188;0.05421;0.096309;0.0;0.0;0.0;0.0;0.0;0.0;0.0;0.0;0.0;0.0;0.009804
21059;0.759259;0.074074;0.006173;0.024691;0.104938;0.0;0.0;0.0;0.0;0.0;0.0;0.0;0.0;0.0;0.0;0.030864
21060;0.309701;0.173641;0.282516;0.09395;0.116205;0.0;0.0;0.0;0.0;0.0;0.0;0.0;0.0;0.0;0.0;0.023987
21061;0.398882;0.204722;0.269338;0.067412;0.046909;0.0;0.0;0.0;0.0;0.0;0.0;0.0;0.0;0.0;0.0;0.012737
21062;0.387681;0.200483;0.237923;0.118357;0.049517;0.0;0.0;0.0;0.0;0.0;0.0;0.0;0.0;0.0;0.0;0.006039
21063;0.602248;0.116167;0.124732;0.066916;0.079764;0.0;0.0;0.0;0.0;0.0;0.0;0.0;0.0;0.0;0.0;0.010171
21064;0.429325;0.171409;0.21776;0.057136;0.105324;0.0;0.0;0.0;0.0;0.0;0.0;0.0;0.0;0.0;0.0;0.019045
21065;0.308571;0.365714;0.234286;0.045714;0.04;0.0;0.0;0.0;0.0;0.0;0.0;0.0;0.0;0.0;0.0;0.005714
21066;0.667532;0.142857;0.072727;0.036364;0.07013;0.0;0.0;0.0;0.0;0.0;0.0;0.0;0.0;0.0;0.0;0.01039
21067;0.593284;0.074627;0.074627;0.052239;0.190299;0.0;0.0;0.0;0.0;0.0;0.0;0.0;0.0;0.0;0.0;0.014925
21068;0.489908;0.154128;0.214679;0.047706;0.069725;0.0;0.0;0.0;0.0;0.0;0.0;0.0;0.0;0.0;0.0;0.023853
21069;0.522445;0.191977;0.13276;0.082139;0.062082;0.0;0.0;0.0;0.0;0.0;0.0;0.0;0.0;0.0;0.0;0.008596
21070;0.446552;0.14803;0.154187;0.069951;0.173645;0.0;0.0;0.0;0.0;0.0;0.0;0.0;0.0;0.0;0.0;0.007635
21071;0.492857;0.185714;0.157143;0.085714;0.071429;0.0;0.0;0.0;0.0;0.0;0.0;0.0;0.0;0.0;0.0;0.007143
21072;0.451394;0.211264;0.104288;0.059714;0.157351;0.0;0.0;0.0;0.0;0.0;0.0;0.0;0.0;0.0;0.0;0.01599
21073;0.391262;0.282524;0.174757;0.059223;0.08835;0.0;0.0;0.0;0.0;0.0;0.0;0.0;0.0;0.0;0.0;0.003883
21074;0.42349;0.301525;0.170525;0.034444;0.063806;0.0;0.0;0.0;0.0;0.0;0.0;0.0;0.0;0.0;0.0;0.006211
21075;0.50431;0.258621;0.125;0.060345;0.047414;0.0;0.0;0.0;0.0;0.0;0.0;0.0;0.0;0.0;0.0;0.00431
21076;0.549821;0.138351;0.096774;0.055914;0.146953;0.0;0.0;0.0;0.0;0.0;0.0;0.0;0.0;0.0;0.0;0.012186
21077;0.453355;0.282324;0.148936;0.0491;0.058101;0.0;0.0;0.0;0.0;0.0;0.0;0.0;0.0;0.0;0.0;0.008183
21078;0.525301;0.131928;0.080723;0.054819;0.19759;0.0;0.0;0.0;0.0;0.0;0.0;0.0;0.0;0.0;0.0;0.009639
21079;0.501205;0.204819;0.110843;0.016867;0.149398;0.0;0.0;0.0;0.0;0.0;0.0;0.0;0.0;0.0;0.0;0.016867
21902;0.65536;0.082768;0.065129;0.031208;0.150611;0.0;0.0;0.0;0.0;0.0;0.0;0.0;0.0;0.0;0.0;0.014925
22001;0.205479;0.410959;0.150685;0.075342;0.150685;0.0;0.0;0.0;0.0;0.0;0.0;0.0;0.0;0.0;0.0;0.006849
22002;0.37037;0.345679;0.135802;0.024691;0.098765;0.0;0.0;0.0;0.0;0.0;0.0;0.0;0.0;0.0;0.0;0.024691
22003;0.233645;0.364486;0.074766;0.121495;0.130841;0.0;0.0;0.0;0.0;0.0;0.0;0.0;0.0;0.0;0.0;0.074766
22004;0.325301;0.180723;0.26506;0.084337;0.13253;0.0;0.0;0.0;0.0;0.0;0.0;0.0;0.0;0.0;0.0;0.012048
22006;0.35;0.175;0.10625;0.06875;0.24375;0.0;0.0;0.0;0.0;0.0;0.0;0.0;0.0;0.0;0.0;0.05625
22007;0.319846;0.327553;0.165703;0.082852;0.084778;0.0;0.0;0.0;0.0;0.0;0.0;0.0;0.0;0.0;0.0;0.019268
22008;0.309091;0.345455;0.127273;0.109091;0.036364;0.0;0.0;0.0;0.0;0.0;0.0;0.0;0.0;0.0;0.0;0.072727
22009;0.387863;0.184697;0.097625;0.047493;0.240106;0.0;0.0;0.0;0.0;0.0;0.0;0.0;0.0;0.0;0.0;0.042216
22011;0.240506;0.35443;0.151899;0.075949;0.126582;0.0;0.0;0.0;0.0;0.0;0.0;0.0;0.0;0.0;0.0;0.050633
22012;0.273973;0.369863;0.219178;0.054795;0.082192;0.0;0.0;0.0;0.0;0.0;0.0;0.0;0.0;0.0;0.0;0.0
22013;0.381443;0.304124;0.14433;0.07732;0.087629;0.0;0.0;0.0;0.0;0.0;0.0;0.0;0.0;0.0;0.0;0.005155
22014;0.426752;0.318471;0.095541;0.038217;0.095541;0.0;0.0;0.0;0.0;0.0;0.0;0.0;0.0;0.0;0.0;0.025478
22015;0.331776;0.369159;0.121495;0.056075;0.107477;0.0;0.0;0.0;0.0;0.0;0.0;0.0;0.0;0.0;0.0;0.014019
22016;0.456233;0.241379;0.071618;0.068966;0.140584;0.0;0.0;0.0;0.0;0.0;0.0;0.0;0.0;0.0;0.0;0.02122
22017;0.432343;0.268977;0.160066;0.059406;0.067657;0.0;0.0;0.0;0.0;0.0;0.0;0.0;0.0;0.0;0.0;0.011551
22018;0.419811;0.254717;0.165094;0.056604;0.089623;0.0;0.0;0.0;0.0;0.0;0.0;0.0;0.0;0.0;0.0;0.014151
22019;0.36;0.312;0.096;0.056;0.136;0.0;0.0;0.0;0.0;0.0;0.0;0.0;0.0;0.0;0.0;0.04
22020;0.272727;0.25974;0.233766;0.090909;0.103896;0.0;0.0;0.0;0.0;0.0;0.0;0.0;0.0;0.0;0.0;0.038961
22021;0.440062;0.231245;0.143852;0.07966;0.083527;0.0;0.0;0.0;0.0;0.0;0.0;0.0;0.0;0.0;0.0;0.021655
22022;0.38404;0.221945;0.127182;0.097257;0.112219;0.0;0.0;0.0;0.0;0.0;0.0;0.0;0.0;0.0;0.0;0.057357
22023;0.448399;0.266904;0.156584;0.078292;0.032028;0.0;0.0;0.0;0.0;0.0;0.0;0.0;0.0;0.0;0.0;0.017794
22024;0.388535;0.178344;0.044586;0.10828;0.191083;0.0;0.0;0.0;0.0;0.0;0.0;0.0;0.0;0.0;0.0;0.089172
22025;0.339706;0.292647;0.133824;0.079412;0.122059;0.0;0.0;0.0;0.0;0.0;0.0;0.0;0.0;0.0;0.0;0.032353
22027;0.3125;0.326923;0.153846;0.072115;0.110577;0.0;0.0;0.0;0.0;0.0;0.0;0.0;0.0;0.0;0.0;0.024038
22028;0.37931;0.262931;0.107759;0.060345;0.155172;0.0;0.0;0.0;0.0;0.0;0.0;0.0;0.0;0.0;0.0;0.034483
22029;0.280488;0.280488;0.353659;0.02439;0.036585;0.0;0.0;0.0;0.0;0.0;0.0;0.0;0.0;0.0;0.0;0.02439
22032;0.358209;0.149254;0.19403;0.089552;0.164179;0.0;0.0;0.0;0.0;0.0;0.0;0.0;0.0;0.0;0.0;0.044776
22035;0.549669;0.15894;0.072848;0.039735;0.145695;0.0;0.0;0.0;0.0;0.0;0.0;0.0;0.0;0.0;0.0;0.033113
22036;0.157143;0.428571;0.2;0.057143;0.128571;0.0;0.0;0.0;0.0;0.0;0.0;0.0;0.0;0.0;0.0;0.028571
22037;0.094118;0.2;0.152941;0.164706;0.341176;0.0;0.0;0.0;0.0;0.0;0.0;0.0;0.0;0.0;0.0;0.047059
22039;0.363492;0.284127;0.104762;0.049206;0.168254;0.0;0.0;0.0;0.0;0.0;0.0;0.0;0.0;0.0;0.0;0.030159
22040;0.344828;0.318966;0.112069;0.025862;0.181034;0.0;0.0;0.0;0.0;0.0;0.0;0.0;0.0;0.0;0.0;0.017241
22041;0.263158;0.315789;0.184211;0.157895;0.061404;0.0;0.0;0.0;0.0;0.0;0.0;0.0;0.0;0.0;0.0;0.017544
22042;0.318182;0.306818;0.125;0.125;0.090909;0.0;0.0;0.0;0.0;0.0;0.0;0.0;0.0;0.0;0.0;0.034091
22043;0.358491;0.245283;0.09434;0.018868;0.245283;0.0;0.0;0.0;0.0;0.0;0.0;0.0;0.0;0.0;0.0;0.037736
22044;0.447853;0.245399;0.07362;0.03681;0.147239;0.0;0.0;0.0;0.0;0.0;0.0;0.0;0.0;0.0;0.0;0.04908
22045;0.365385;0.269231;0.096154;0.019231;0.230769;0.0;0.0;0.0;0.0;0.0;0.0;0.0;0.0;0.0;0.0;0.019231
22046;0.435185;0.27963;0.133333;0.051852;0.081481;0.0;0.0;0.0;0.0;0.0;0.0;0.0;0.0;0.0;0.0;0.018519
22047;0.2;0.39;0.19;0.075;0.11;0.0;0.0;0.0;0.0;0.0;0.0;0.0;0.0;0.0;0.0;0.035
22048;0.309909;0.29636;0.166954;0.096107;0.095648;0.0;0.0;0.0;0.0;0.0;0.0;0.0;0.0;0.0;0.0;0.035021
22049;0.258065;0.451613;0.225806;0.016129;0.032258;0.0;0.0;0.0;0.0;0.0;0.0;0.0;0.0;0.0;0.0;0.016129
22050;0.337662;0.350649;0.194805;0.051948;0.051948;0.0;0.0;0.0;0.0;0.0;0.0;0.0;0.0;0.0;0.0;0.012987
22051;0.357143;0.357143;0.128571;0.042857;0.085714;0.0;0.0;0.0;0.0;0.0;0.0;0.0;0.0;0.0;0.0;0.028571
22052;0.410853;0.282171;0.145736;0.060465;0.088372;0.0;0.0;0.0;0.0;0.0;0.0;0.0;0.0;0.0;0.0;0.012403
22053;0.434156;0.26749;0.090535;0.037037;0.139918;0.0;0.0;0.0;0.0;0.0;0.0;0.0;0.0;0.0;0.0;0.030864
22054;0.258586;0.237374;0.145455;0.093939;0.213131;0.0;0.0;0.0;0.0;0.0;0.0;0.0;0.0;0.0;0.0;0.051515
22055;0.373391;0.347639;0.167382;0.051502;0.042918;0.0;0.0;0.0;0.0;0.0;0.0;0.0;0.0;0.0;0.0;0.017167
22057;0.577869;0.143443;0.057377;0.045082;0.143443;0.0;0.0;0.0;0.0;0.0;0.0;0.0;0.0;0.0;0.0;0.032787
22058;0.397163;0.22695;0.106383;0.056738;0.177305;0.0;0.0;0.0;0.0;0.0;0.0;0.0;0.0;0.0;0.0;0.035461
22059;0.32;0.236;0.130667;0.088;0.18;0.0;0.0;0.0;0.0;0.0;0.0;0.0;0.0;0.0;0.0;0.045333
22060;0.380353;0.285894;0.100756;0.096977;0.117128;0.0;0.0;0.0;0.0;0.0;0.0;0.0;0.0;0.0;0.0;0.018892
22061;0.314305;0.272581;0.17171;0.08597;0.128152;0.0;0.0;0.0;0.0;0.0;0.0;0.0;0.0;0.0;0.0;0.027281
22062;0.292453;0.358491;0.066038;0.075472;0.169811;0.0;0.0;0.0;0.0;0.0;0.0;0.0;0.0;0.0;0.0;0.037736
22063;0.380952;0.238095;0.174603;0.039683;0.087302;0.0;0.0;0.0;0.0;0.0;0.0;0.0;0.0;0.0;0.0;0.079365
22064;0.44898;0.27551;0.091837;0.071429;0.081633;0.0;0.0;0.0;0.0;0.0;0.0;0.0;0.0;0.0;0.0;0.030612
22066;0.339844;0.183594;0.132812;0.054688;0.251953;0.0;0.0;0.0;0.0;0.0;0.0;0.0;0.0;0.0;0.0;0.037109
22067;0.442308;0.115385;0.057692;0.038462;0.307692;0.0;0.0;0.0;0.0;0.0;0.0;0.0;0.0;0.0;0.0;0.038462
22068;0.25;0.375;0.1;0.025;0.15;0.0;0.0;0.0;0.0;0.0;0.0;0.0;0.0;0.0;0.0;0.1
22069;0.3;0.275862;0.110345;0.113793;0.137931;0.0;0.0;0.0;0.0;0.0;0.0;0.0;0.0;0.0;0.0;0.062069
22072;0.288;0.168;0.176;0.072;0.216;0.0;0.0;0.0;0.0;0.0;0.0;0.0;0.0;0.0;0.0;0.08
22074;0.320197;0.305419;0.08867;0.059113;0.187192;0.0;0.0;0.0;0.0;0.0;0.0;0.0;0.0;0.0;0.0;0.039409
22075;0.5;0.161765;0.117647;0.029412;0.044118;0.0;0.0;0.0;0.0;0.0;0.0;0.0;0.0;0.0;0.0;0.147059
22076;0.396985;0.306533;0.120603;0.060302;0.090452;0.0;0.0;0.0;0.0;0.0;0.0;0.0;0.0;0.0;0.0;0.025126
22077;0.468165;0.247191;0.134831;0.078652;0.067416;0.0;0.0;0.0;0.0;0.0;0.0;0.0;0.0;0.0;0.0;0.003745
22078;0.355872;0.156584;0.153025;0.060498;0.234875;0.0;0.0;0.0;0.0;0.0;0.0;0.0;0.0;0.0;0.0;0.039146
22079;0.481928;0.253012;0.120482;0.036145;0.084337;0.0;0.0;0.0;0.0;0.0;0.0;0.0;0.0;0.0;0.0;0.024096
22080;0.270718;0.375691;0.171271;0.071823;0.077348;0.0;0.0;0.0;0.0;0.0;0.0;0.0;0.0;0.0;0.0;0.033149
22081;0.172619;0.511905;0.172619;0.083333;0.041667;0.0;0.0;0.0;0.0;0.0;0.0;0.0;0.0;0.0;0.0;0.017857
22082;0.261682;0.350467;0.219626;0.0;0.023364;0.0;0.0;0.0;0.0;0.0;0.0;0.0;0.0;0.0;0.0;0.14486
22083;0.381089;0.352436;0.097421;0.08596;0.063037;0.0;0.0;0.0;0.0;0.0;0.0;0.0;0.0;0.0;0.0;0.020057
22084;0.331606;0.222798;0.139896;0.059585;0.194301;0.0;0.0;0.0;0.0;0.0;0.0;0.0;0.0;0.0;0.0;0.051813
22085;0.5;0.276316;0.039474;0.052632;0.105263;0.0;0.0;0.0;0.0;0.0;0.0;0.0;0.0;0.0;0.0;0.026316
22086;0.272059;0.279412;0.161765;0.080882;0.147059;0.0;0.0;0.0;0.0;0.0;0.0;0.0;0.0;0.0;0.0;0.058824
22087;0.173913;0.5;0.26087;0.021739;0.021739;0.0;0.0;0.0;0.0;0.0;0.0;0.0;0.0;0.0;0.0;0.021739
22088;0.40625;0.270833;0.083333;0.052083;0.166667;0.0;0.0;0.0;0.0;0.0;0.0;0.0;0.0;0.0;0.0;0.020833
22089;0.324607;0.282723;0.141361;0.052356;0.17801;0.0;0.0;0.0;0.0;0.0;0.0;0.0;0.0;0.0;0.0;0.020942
22090;0.416667;0.183333;0.15;0.05;0.2;0.0;0.0;0.0;0.0;0.0;0.0;0.0;0.0;0.0;0.0;0.0
22094;0.378788;0.242424;0.166667;0.090909;0.090909;0.0;0.0;0.0;0.0;0.0;0.0;0.0;0.0;0.0;0.0;0.030303
22095;0.54;0.2;0.04;0.04;0.18;0.0;0.0;0.0;0.0;0.0;0.0;0.0;0.0;0.0;0.0;0.0
22096;0.238095;0.316017;0.190476;0.103896;0.125541;0.0;0.0;0.0;0.0;0.0;0.0;0.0;0.0;0.0;0.0;0.025974
22099;0.407625;0.258065;0.146628;0.055718;0.129032;0.0;0.0;0.0;0.0;0.0;0.0;0.0;0.0;0.0;0.0;0.002933
22102;0.413534;0.278195;0.120301;0.06015;0.097744;0.0;0.0;0.0;0.0;0.0;0.0;0.0;0.0;0.0;0.0;0.030075
22103;0.406186;0.197938;0.125773;0.140206;0.098969;0.0;0.0;0.0;0.0;0.0;0.0;0.0;0.0;0.0;0.0;0.030928
22105;0.476923;0.2;0.107692;0.030769;0.169231;0.0;0.0;0.0;0.0;0.0;0.0;0.0;0.0;0.0;0.0;0.015385
22106;0.545455;0.181818;0.0;0.0;0.181818;0.0;0.0;0.0;0.0;0.0;0.0;0.0;0.0;0.0;0.0;0.090909
22107;0.433962;0.207547;0.075472;0.075472;0.150943;0.0;0.0;0.0;0.0;0.0;0.0;0.0;0.0;0.0;0.0;0.056604
22109;0.252747;0.258242;0.21978;0.120879;0.131868;0.0;0.0;0.0;0.0;0.0;0.0;0.0;0.0;0.0;0.0;0.016484
22110;0.346809;0.308511;0.129787;0.046809;0.112766;0.0;0.0;0.0;0.0;0.0;0.0;0.0;0.0;0.0;0.0;0.055319
22111;0.301075;0.290323;0.268817;0.075269;0.032258;0.0;0.0;0.0;0.0;0.0;0.0;0.0;0.0;0.0;0.0;0.032258
22112;0.272343;0.274781;0.215307;0.090185;0.126909;0.0;0.0;0.0;0.0;0.0;0.0;0.0;0.0;0.0;0.0;0.020474
22113;0.351682;0.250765;0.12844;0.067278;0.171254;0.0;0.0;0.0;0.0;0.0;0.0;0.0;0.0;0.0;0.0;0.030581
22114;0.422535;0.323944;0.112676;0.042254;0.056338;0.0;0.0;0.0;0.0;0.0;0.0;0.0;0.0;0.0;0.0;0.042254
22115;0.302326;0.356589;0.158915;0.046512;0.096899;0.0;0.0;0.0;0.0;0.0;0.0;0.0;0.0;0.0;0.0;0.03876
22116;0.337808;0.340045;0.162192;0.083893;0.06264;0.0;0.0;0.0;0.0;0.0;0.0;0.0;0.0;0.0;0.0;0.013423
22117;0.30038;0.313054;0.148923;0.079848;0.131179;0.0;0.0;0.0;0.0;0.0;0.0;0.0;0.0;0.0;0.0;0.026616
22119;0.363322;0.340254;0.10842;0.063437;0.099193;0.0;0.0;0.0;0.0;0.0;0.0;0.0;0.0;0.0;0.0;0.025375
22122;0.3125;0.166667;0.166667;0.166667;0.1875;0.0;0.0;0.0;0.0;0.0;0.0;0.0;0.0;0.0;0.0;0.0
22124;0.352941;0.235294;0.226891;0.07563;0.10084;0.0;0.0;0.0;0.0;0.0;0.0;0.0;0.0;0.0;0.0;0.008403
22125;0.345142;0.249747;0.152071;0.086117;0.128951;0.0;0.0;0.0;0.0;0.0;0.0;0.0;0.0;0.0;0.0;0.037971
22126;0.1875;0.515625;0.125;0.0625;0.09375;0.0;0.0;0.0;0.0;0.0;0.0;0.0;0.0;0.0;0.0;0.015625
22127;0.256484;0.190202;0.262248;0.121037;0.132565;0.0;0.0;0.0;0.0;0.0;0.0;0.0;0.0;0.0;0.0;0.037464
22128;0.271429;0.335714;0.128571;0.128571;0.114286;0.0;0.0;0.0;0.0;0.0;0.0;0.0;0.0;0.0;0.0;0.021429
22129;0.263636;0.427273;0.118182;0.063636;0.081818;0.0;0.0;0.0;0.0;0.0;0.0;0.0;0.0;0.0;0.0;0.045455
22130;0.330616;0.235147;0.165543;0.082772;0.143126;0.0;0.0;0.0;0.0;0.0;0.0;0.0;0.0;0.0;0.0;0.042797
22131;0.509434;0.245283;0.075472;0.075472;0.037736;0.0;0.0;0.0;0.0;0.0;0.0;0.0;0.0;0.0;0.0;0.056604
22133;0.529412;0.220588;0.073529;0.029412;0.147059;0.0;0.0;0.0;0.0;0.0;0.0;0.0;0.0;0.0;0.0;0.0
22135;0.22314;0.289256;0.239669;0.090909;0.115702;0.0;0.0;0.0;0.0;0.0;0.0;0.0;0.0;0.0;0.0;0.041322
22136;0.380117;0.290448;0.130604;0.068226;0.103314;0.0;0.0;0.0;0.0;0.0;0.0;0.0;0.0;0.0;0.0;0.02729
22137;0.453313;0.224398;0.158133;0.058735;0.078313;0.0;0.0;0.0;0.0;0.0;0.0;0.0;0.0;0.0;0.0;0.027108
22139;0.107143;0.535714;0.107143;0.107143;0.142857;0.0;0.0;0.0;0.0;0.0;0.0;0.0;0.0;0.0;0.0;0.0
22141;0.16129;0.397849;0.215054;0.032258;0.086022;0.0;0.0;0.0;0.0;0.0;0.0;0.0;0.0;0.0;0.0;0.107527
22142;0.242857;0.514286;0.057143;0.014286;0.157143;0.0;0.0;0.0;0.0;0.0;0.0;0.0;0.0;0.0;0.0;0.014286
22143;0.27193;0.403509;0.131579;0.070175;0.096491;0.0;0.0;0.0;0.0;0.0;0.0;0.0;0.0;0.0;0.0;0.026316
22144;0.367021;0.335106;0.132979;0.021277;0.111702;0.0;0.0;0.0;0.0;0.0;0.0;0.0;0.0;0.0;0.0;0.031915
22149;0.368421;0.239234;0.133971;0.095694;0.138756;0.0;0.0;0.0;0.0;0.0;0.0;0.0;0.0;0.0;0.0;0.023923
22150;0.332268;0.261981;0.15655;0.047923;0.15655;0.0;0.0;0.0;0.0;0.0;0.0;0.0;0.0;0.0;0.0;0.044728
22151;0.183333;0.35;0.116667;0.133333;0.166667;0.0;0.0;0.0;0.0;0.0;0.0;0.0;0.0;0.0;0.0;0.05
22155;0.25;0.403846;0.134615;0.115385;0.076923;0.0;0.0;0.0;0.0;0.0;0.0;0.0;0.0;0.0;0.0;0.019231
22156;0.320755;0.207547;0.221698;0.09434;0.113208;0.0;0.0;0.0;0.0;0.0;0.0;0.0;0.0;0.0;0.0;0.042453
22157;0.420168;0.201681;0.084034;0.07563;0.184874;0.0;0.0;0.0;0.0;0.0;0.0;0.0;0.0;0.0;0.0;0.033613
22158;0.335759;0.261481;0.162108;0.088457;0.120452;0.0;0.0;0.0;0.0;0.0;0.0;0.0;0.0;0.0;0.0;0.031744
22160;0.324324;0.222973;0.182432;0.033784;0.222973;0.0;0.0;0.0;0.0;0.0;0.0;0.0;0.0;0.0;0.0;0.013514
22162;0.265957;0.382979;0.159574;0.12766;0.021277;0.0;0.0;0.0;0.0;0.0;0.0;0.0;0.0;0.0;0.0;0.042553
22163;0.271642;0.256716;0.238806;0.089552;0.134328;0.0;0.0;0.0;0.0;0.0;0.0;0.0;0.0;0.0;0.0;0.008955
22164;0.178571;0.5;0.107143;0.0;0.214286;0.0;0.0;0.0;0.0;0.0;0.0;0.0;0.0;0.0;0.0;0.0
22165;0.319865;0.356902;0.148148;0.077441;0.074074;0.0;0.0;0.0;0.0;0.0;0.0;0.0;0.0;0.0;0.0;0.023569
22167;0.341954;0.33046;0.12931;0.08046;0.106322;0.0;0.0;0.0;0.0;0.0;0.0;0.0;0.0;0.0;0.0;0.011494
22168;0.473684;0.210526;0.157895;0.052632;0.052632;0.0;0.0;0.0;0.0;0.0;0.0;0.0;0.0;0.0;0.0;0.052632
22170;0.268293;0.277162;0.150776;0.046563;0.230599;0.0;0.0;0.0;0.0;0.0;0.0;0.0;0.0;0.0;0.0;0.026608
22172;0.274725;0.315934;0.241758;0.093407;0.041209;0.0;0.0;0.0;0.0;0.0;0.0;0.0;0.0;0.0;0.0;0.032967
22173;0.362319;0.210145;0.130435;0.028986;0.231884;0.0;0.0;0.0;0.0;0.0;0.0;0.0;0.0;0.0;0.0;0.036232
22174;0.354286;0.405714;0.142857;0.04;0.048571;0.0;0.0;0.0;0.0;0.0;0.0;0.0;0.0;0.0;0.0;0.008571
22175;0.34375;0.234375;0.132812;0.085938;0.1875;0.0;0.0;0.0;0.0;0.0;0.0;0.0;0.0;0.0;0.0;0.015625
22176;0.205882;0.433824;0.205882;0.044118;0.095588;0.0;0.0;0.0;0.0;0.0;0.0;0.0;0.0;0.0;0.0;0.014706
22177;0.279412;0.294118;0.176471;0.102941;0.088235;0.0;0.0;0.0;0.0;0.0;0.0;0.0;0.0;0.0;0.0;0.058824
22178;0.25;0.238636;0.386364;0.090909;0.034091;0.0;0.0;0.0;0.0;0.0;0.0;0.0;0.0;0.0;0.0;0.0
22181;0.403846;0.307692;0.057692;0.057692;0.134615;0.0;0.0;0.0;0.0;0.0;0.0;0.0;0.0;0.0;0.0;0.038462
22182;0.445312;0.21875;0.085938;0.070312;0.179688;0.0;0.0;0.0;0.0;0.0;0.0;0.0;0.0;0.0;0.0;0.0
22184;0.285714;0.380952;0.198413;0.095238;0.031746;0.0;0.0;0.0;0.0;0.0;0.0;0.0;0.0;0.0;0.0;0.007937
22186;0.478873;0.21831;0.06338;0.098592;0.098592;0.0;0.0;0.0;0.0;0.0;0.0;0.0;0.0;0.0;0.0;0.042254
22187;0.311927;0.220183;0.146789;0.082569;0.211009;0.0;0.0;0.0;0.0;0.0;0.0;0.0;0.0;0.0;0.0;0.027523
22188;0.367347;0.204082;0.081633;0.040816;0.306122;0.0;0.0;0.0;0.0;0.0;0.0;0.0;0.0;0.0;0.0;0.0
22189;0.468085;0.241135;0.078014;0.085106;0.078014;0.0;0.0;0.0;0.0;0.0;0.0;0.0;0.0;0.0;0.0;0.049645
22190;0.355263;0.184211;0.092105;0.078947;0.25;0.0;0.0;0.0;0.0;0.0;0.0;0.0;0.0;0.0;0.0;0.039474
22193;0.294737;0.421053;0.105263;0.068421;0.1;0.0;0.0;0.0;0.0;0.0;0.0;0.0;0.0;0.0;0.0;0.010526
22195;0.247312;0.333333;0.22043;0.075269;0.107527;0.0;0.0;0.0;0.0;0.0;0.0;0.0;0.0;0.0;0.0;0.016129
22197;0.36646;0.257764;0.177019;0.090062;0.080745;0.0;0.0;0.0;0.0;0.0;0.0;0.0;0.0;0.0;0.0;0.02795
22199;0.396012;0.218409;0.120334;0.077672;0.147461;0.0;0.0;0.0;0.0;0.0;0.0;0.0;0.0;0.0;0.0;0.040111
22200;0.283951;0.302469;0.098765;0.080247;0.191358;0.0;0.0;0.0;0.0;0.0;0.0;0.0;0.0;0.0;0.0;0.04321
22201;0.519126;0.229508;0.054645;0.04918;0.120219;0.0;0.0;0.0;0.0;0.0;0.0;0.0;0.0;0.0;0.0;0.027322
22202;0.368;0.288;0.048;0.096;0.16;0.0;0.0;0.0;0.0;0.0;0.0;0.0;0.0;0.0;0.0;0.04
22203;0.316667;0.383333;0.116667;0.1;0.083333;0.0;0.0;0.0;0.0;0.0;0.0;0.0;0.0;0.0;0.0;0.0
22204;0.244006;0.327221;0.159379;0.09591;0.138223;0.0;0.0;0.0;0.0;0.0;0.0;0.0;0.0;0.0;0.0;0.035261
22205;0.5;0.188356;0.09589;0.058219;0.130137;0.0;0.0;0.0;0.0;0.0;0.0;0.0;0.0;0.0;0.0;0.027397
22206;0.489051;0.175182;0.094891;0.072993;0.153285;0.0;0.0;0.0;0.0;0.0;0.0;0.0;0.0;0.0;0.0;0.014599
22207;0.507692;0.169231;0.123077;0.046154;0.107692;0.0;0.0;0.0;0.0;0.0;0.0;0.0;0.0;0.0;0.0;0.046154
22208;0.335616;0.184932;0.082192;0.061644;0.205479;0.0;0.0;0.0;0.0;0.0;0.0;0.0;0.0;0.0;0.0;0.130137
22209;0.457627;0.152542;0.101695;0.042373;0.211864;0.0;0.0;0.0;0.0;0.0;0.0;0.0;0.0;0.0;0.0;0.033898
22212;0.627451;0.156863;0.137255;0.0;0.058824;0.0;0.0;0.0;0.0;0.0;0.0;0.0;0.0;0.0;0.0;0.019608
22213;0.350147;0.232615;0.187071;0.088149;0.080803;0.0;0.0;0.0;0.0;0.0;0.0;0.0;0.0;0.0;0.0;0.061214
22214;0.146067;0.483146;0.134831;0.05618;0.168539;0.0;0.0;0.0;0.0;0.0;0.0;0.0;0.0;0.0;0.0;0.011236
22215;0.419753;0.271605;0.08642;0.098765;0.098765;0.0;0.0;0.0;0.0;0.0;0.0;0.0;0.0;0.0;0.0;0.024691
22217;0.332075;0.366038;0.139623;0.090566;0.045283;0.0;0.0;0.0;0.0;0.0;0.0;0.0;0.0;0.0;0.0;0.026415
22218;0.529412;0.205882;0.117647;0.117647;0.029412;0.0;0.0;0.0;0.0;0.0;0.0;0.0;0.0;0.0;0.0;0.0
22220;0.384615;0.201923;0.201923;0.067308;0.096154;0.0;0.0;0.0;0.0;0.0;0.0;0.0;0.0;0.0;0.0;0.048077
22221;0.145455;0.254545;0.163636;0.090909;0.290909;0.0;0.0;0.0;0.0;0.0;0.0;0.0;0.0;0.0;0.0;0.054545
22222;0.304582;0.239892;0.19407;0.105121;0.123989;0.0;0.0;0.0;0.0;0.0;0.0;0.0;0.0;0.0;0.0;0.032345
22223;0.45614;0.052632;0.052632;0.035088;0.350877;0.0;0.0;0.0;0.0;0.0;0.0;0.0;0.0;0.0;0.0;0.052632
22225;0.294598;0.328518;0.132538;0.080402;0.130025;0.0;0.0;0.0;0.0;0.0;0.0;0.0;0.0;0.0;0.0;0.03392
22226;0.415861;0.239845;0.15087;0.085106;0.069632;0.0;0.0;0.0;0.0;0.0;0.0;0.0;0.0;0.0;0.0;0.038685
22227;0.471014;0.188406;0.094203;0.07971;0.144928;0.0;0.0;0.0;0.0;0.0;0.0;0.0;0.0;0.0;0.0;0.021739
22228;0.25;0.255556;0.227778;0.108333;0.127778;0.0;0.0;0.0;0.0;0.0;0.0;0.0;0.0;0.0;0.0;0.030556
22229;0.279412;0.176471;0.073529;0.147059;0.308824;0.0;0.0;0.0;0.0;0.0;0.0;0.0;0.0;0.0;0.0;0.014706
22230;0.310345;0.261084;0.192118;0.073892;0.142857;0.0;0.0;0.0;0.0;0.0;0.0;0.0;0.0;0.0;0.0;0.019704
22232;0.271186;0.322034;0.237288;0.067797;0.067797;0.0;0.0;0.0;0.0;0.0;0.0;0.0;0.0;0.0;0.0;0.033898
22233;0.509434;0.358491;0.037736;0.037736;0.056604;0.0;0.0;0.0;0.0;0.0;0.0;0.0;0.0;0.0;0.0;0.0
22234;0.312757;0.253086;0.191358;0.12963;0.096708;0.0;0.0;0.0;0.0;0.0;0.0;0.0;0.0;0.0;0.0;0.016461
22235;0.298507;0.447761;0.149254;0.044776;0.059701;0.0;0.0;0.0;0.0;0.0;0.0;0.0;0.0;0.0;0.0;0.0
22236;0.408602;0.284946;0.166667;0.064516;0.069892;0.0;0.0;0.0;0.0;0.0;0.0;0.0;0.0;0.0;0.0;0.005376
22239;0.230769;0.492308;0.184615;0.030769;0.061538;0.0;0.0;0.0;0.0;0.0;0.0;0.0;0.0;0.0;0.0;0.0
22242;0.225;0.525;0.125;0.0;0.05;0.0;0.0;0.0;0.0;0.0;0.0;0.0;0.0;0.0;0.0;0.075
22243;0.354839;0.225806;0.193548;0.16129;0.064516;0.0;0.0;0.0;0.0;0.0;0.0;0.0;0.0;0.0;0.0;0.0
22244;0.322581;0.387097;0.129032;0.032258;0.096774;0.0;0.0;0.0;0.0;0.0;0.0;0.0;0.0;0.0;0.0;0.032258
22245;0.280952;0.42381;0.138095;0.080952;0.07619;0.0;0.0;0.0;0.0;0.0;0.0;0.0;0.0;0.0;0.0;0.0
22246;0.302326;0.372093;0.046512;0.093023;0.116279;0.0;0.0;0.0;0.0;0.0;0.0;0.0;0.0;0.0;0.0;0.069767
22247;0.611111;0.111111;0.055556;0.0;0.166667;0.0;0.0;0.0;0.0;0.0;0.0;0.0;0.0;0.0;0.0;0.055556
22248;0.438356;0.205479;0.109589;0.123288;0.109589;0.0;0.0;0.0;0.0;0.0;0.0;0.0;0.0;0.0;0.0;0.013699
22249;0.296703;0.153846;0.164835;0.120879;0.241758;0.0;0.0;0.0;0.0;0.0;0.0;0.0;0.0;0.0;0.0;0.021978
22250;0.298755;0.161826;0.145228;0.116183;0.236515;0.0;0.0;0.0;0.0;0.0;0.0;0.0;0.0;0.0;0.0;0.041494
22251;0.265625;0.378906;0.15625;0.144531;0.03125;0.0;0.0;0.0;0.0;0.0;0.0;0.0;0.0;0.0;0.0;0.023438
22252;0.377778;0.211111;0.2;0.1;0.088889;0.0;0.0;0.0;0.0;0.0;0.0;0.0;0.0;0.0;0.0;0.022222
22253;0.333333;0.410256;0.051282;0.102564;0.076923;0.0;0.0;0.0;0.0;0.0;0.0;0.0;0.0;0.0;0.0;0.025641
22254;0.423448;0.30069;0.09931;0.064828;0.092414;0.0;0.0;0.0;0.0;0.0;0.0;0.0;0.0;0.0;0.0;0.01931
22901;0.453237;0.172662;0.083933;0.057554;0.184652;0.0;0.0;0.0;0.0;0.0;0.0;0.0;0.0;0.0;0.0;0.047962
22902;0.181818;0.363636;0.160839;0.104895;0.118881;0.0;0.0;0.0;0.0;0.0;0.0;0.0;0.0;0.0;0.0;0.06993
22903;0.375262;0.301887;0.119497;0.077568;0.109015;0.0;0.0;0.0;0.0;0.0;0.0;0.0;0.0;0.0;0.0;0.016771
22904;0.291339;0.324803;0.183071;0.059055;0.11811;0.0;0.0;0.0;0.0;0.0;0.0;0.0;0.0;0.0;0.0;0.023622
22905;0.273148;0.337963;0.199074;0.087963;0.055556;0.0;0.0;0.0;0.0;0.0;0.0;0.0;0.0;0.0;0.0;0.046296
22906;0.396552;0.232759;0.086207;0.077586;0.146552;0.0;0.0;0.0;0.0;0.0;0.0;0.0;0.0;0.0;0.0;0.060345
22907;0.322843;0.240609;0.13401;0.076142;0.188832;0.0;0.0;0.0;0.0;0.0;0.0;0.0;0.0;0.0;0.0;0.037563
22908;0.350746;0.246269;0.156716;0.059701;0.141791;0.0;0.0;0.0;0.0;0.0;0.0;0.0;0.0;0.0;0.0;0.044776
22909;0.35023;0.271889;0.179724;0.050691;0.124424;0.0;0.0;0.0;0.0;0.0;0.0;0.0;0.0;0.0;0.0;0.023041
23001;0.498592;0.221127;0.156338;0.047887;0.069014;0.0;0.0;0.0;0.0;0.0;0.0;0.0;0.0;0.0;0.0;0.007042
23002;0.381604;0.238724;0.201111;0.085374;0.077883;0.0;0.0;0.0;0.0;0.0;0.0;0.0;0.0;0.0;0.0;0.015303
23003;0.456103;0.230558;0.194341;0.061277;0.047373;0.0;0.0;0.0;0.0;0.0;0.0;0.0;0.0;0.0;0.0;0.010348
23004;0.297125;0.169329;0.239617;0.233227;0.054313;0.0;0.0;0.0;0.0;0.0;0.0;0.0;0.0;0.0;0.0;0.00639
23005;0.347807;0.235535;0.236534;0.0721;0.086839;0.0;0.0;0.0;0.0;0.0;0.0;0.0;0.0;0.0;0.0;0.021185
23006;0.590989;0.185196;0.108836;0.056173;0.050907;0.0;0.0;0.0;0.0;0.0;0.0;0.0;0.0;0.0;0.0;0.007899
23007;0.439729;0.193228;0.197291;0.10158;0.051467;0.0;0.0;0.0;0.0;0.0;0.0;0.0;0.0;0.0;0.0;0.016704
23008;0.551929;0.140455;0.151335;0.037587;0.103858;0.0;0.0;0.0;0.0;0.0;0.0;0.0;0.0;0.0;0.0;0.014837
23009;0.33833;0.260108;0.255463;0.065555;0.072205;0.0;0.0;0.0;0.0;0.0;0.0;0.0;0.0;0.0;0.0;0.008339
23010;0.353757;0.228902;0.260221;0.061587;0.082606;0.0;0.0;0.0;0.0;0.0;0.0;0.0;0.0;0.0;0.0;0.012927
23011;0.5;0.15302;0.132215;0.063758;0.142953;0.0;0.0;0.0;0.0;0.0;0.0;0.0;0.0;0.0;0.0;0.008054
23012;0.447526;0.201274;0.238756;0.06072;0.048726;0.0;0.0;0.0;0.0;0.0;0.0;0.0;0.0;0.0;0.0;0.002999
23014;0.424986;0.225859;0.158211;0.0491;0.13257;0.0;0.0;0.0;0.0;0.0;0.0;0.0;0.0;0.0;0.0;0.009274
23015;0.522513;0.231414;0.129843;0.049215;0.058639;0.0;0.0;0.0;0.0;0.0;0.0;0.0;0.0;0.0;0.0;0.008377
23016;0.524917;0.17608;0.156146;0.059801;0.079734;0.0;0.0;0.0;0.0;0.0;0.0;0.0;0.0;0.0;0.0;0.003322
23017;0.581395;0.235242;0.107335;0.027728;0.047406;0.0;0.0;0.0;0.0;0.0;0.0;0.0;0.0;0.0;0.0;0.000894
23018;0.574984;0.121251;0.132738;0.052967;0.112955;0.0;0.0;0.0;0.0;0.0;0.0;0.0;0.0;0.0;0.0;0.005105
23019;0.463594;0.200922;0.17788;0.053456;0.092166;0.0;0.0;0.0;0.0;0.0;0.0;0.0;0.0;0.0;0.0;0.011982
23020;0.35004;0.191593;0.100243;0.059822;0.287793;0.0;0.0;0.0;0.0;0.0;0.0;0.0;0.0;0.0;0.0;0.010509
23021;0.581864;0.173804;0.148615;0.037783;0.057935;0.0;0.0;0.0;0.0;0.0;0.0;0.0;0.0;0.0;0.0;0.0
23024;0.392456;0.242182;0.180234;0.062783;0.099666;0.0;0.0;0.0;0.0;0.0;0.0;0.0;0.0;0.0;0.0;0.022678
23025;0.430877;0.232383;0.234535;0.04142;0.051103;0.0;0.0;0.0;0.0;0.0;0.0;0.0;0.0;0.0;0.0;0.009683
23026;0.446809;0.292766;0.153617;0.055319;0.04383;0.0;0.0;0.0;0.0;0.0;0.0;0.0;0.0;0.0;0.0;0.00766
23027;0.580524;0.219101;0.127341;0.054307;0.014981;0.0;0.0;0.0;0.0;0.0;0.0;0.0;0.0;0.0;0.0;0.003745
23028;0.419953;0.222535;0.175352;0.06831;0.097183;0.0;0.0;0.0;0.0;0.0;0.0;0.0;0.0;0.0;0.0;0.016667
23029;0.472881;0.301695;0.164407;0.020339;0.035593;0.0;0.0;0.0;0.0;0.0;0.0;0.0;0.0;0.0;0.0;0.005085
23030;0.629897;0.239175;0.081443;0.021649;0.025773;0.0;0.0;0.0;0.0;0.0;0.0;0.0;0.0;0.0;0.0;0.002062
23031;0.607256;0.094637;0.083596;0.063091;0.138801;0.0;0.0;0.0;0.0;0.0;0.0;0.0;0.0;0.0;0.0;0.012618
23032;0.642512;0.140097;0.084541;0.031401;0.096618;0.0;0.0;0.0;0.0;0.0;0.0;0.0;0.0;0.0;0.0;0.004831
23033;0.376278;0.245399;0.252556;0.07362;0.043967;0.0;0.0;0.0;0.0;0.0;0.0;0.0;0.0;0.0;0.0;0.00818
23034;0.482057;0.21639;0.204606;0.056776;0.035351;0.0;0.0;0.0;0.0;0.0;0.0;0.0;0.0;0.0;0.0;0.004821
23035;0.442623;0.251756;0.160422;0.079625;0.055035;0.0;0.0;0.0;0.0;0.0;0.0;0.0;0.0;0.0;0.0;0.010539
23037;0.528351;0.164948;0.164948;0.054124;0.079897;0.0;0.0;0.0;0.0;0.0;0.0;0.0;0.0;0.0;0.0;0.007732
23038;0.33067;0.251824;0.244877;0.067732;0.093783;0.0;0.0;0.0;0.0;0.0;0.0;0.0;0.0;0.0;0.0;0.011115
23039;0.474483;0.273103;0.124138;0.05931;0.061379;0.0;0.0;0.0;0.0;0.0;0.0;0.0;0.0;0.0;0.0;0.007586
23040;0.42474;0.16436;0.092561;0.040657;0.262976;0.0;0.0;0.0;0.0;0.0;0.0;0.0;0.0;0.0;0.0;0.014706
23041;0.373333;0.258667;0.274667;0.032;0.021333;0.0;0.0;0.0;0.0;0.0;0.0;0.0;0.0;0.0;0.0;0.04
23042;0.360731;0.328767;0.237443;0.018265;0.045662;0.0;0.0;0.0;0.0;0.0;0.0;0.0;0.0;0.0;0.0;0.009132
23043;0.387187;0.314763;0.203343;0.038997;0.047354;0.0;0.0;0.0;0.0;0.0;0.0;0.0;0.0;0.0;0.0;0.008357
23044;0.372514;0.251113;0.132977;0.059365;0.171267;0.0;0.0;0.0;0.0;0.0;0.0;0.0;0.0;0.0;0.0;0.012763
23045;0.380171;0.146933;0.205421;0.03281;0.227532;0.0;0.0;0.0;0.0;0.0;0.0;0.0;0.0;0.0;0.0;0.007133
23046;0.513543;0.157638;0.171181;0.052546;0.096425;0.0;0.0;0.0;0.0;0.0;0.0;0.0;0.0;0.0;0.0;0.008667
23047;0.483022;0.210526;0.156197;0.037351;0.106112;0.0;0.0;0.0;0.0;0.0;0.0;0.0;0.0;0.0;0.0;0.006791
23048;0.258824;0.30084;0.315966;0.045378;0.067227;0.0;0.0;0.0;0.0;0.0;0.0;0.0;0.0;0.0;0.0;0.011765
23049;0.521776;0.122118;0.105892;0.06234;0.171648;0.0;0.0;0.0;0.0;0.0;0.0;0.0;0.0;0.0;0.0;0.016225
23050;0.309816;0.26912;0.219306;0.081157;0.102631;0.0;0.0;0.0;0.0;0.0;0.0;0.0;0.0;0.0;0.0;0.017971
23051;0.472818;0.191022;0.202993;0.063342;0.05586;0.0;0.0;0.0;0.0;0.0;0.0;0.0;0.0;0.0;0.0;0.013965
23052;0.588764;0.253933;0.066292;0.038202;0.051685;0.0;0.0;0.0;0.0;0.0;0.0;0.0;0.0;0.0;0.0;0.001124
23053;0.465934;0.130854;0.080135;0.031107;0.281826;0.0;0.0;0.0;0.0;0.0;0.0;0.0;0.0;0.0;0.0;0.010144
23054;0.553506;0.180812;0.214022;0.02583;0.01845;0.0;0.0;0.0;0.0;0.0;0.0;0.0;0.0;0.0;0.0;0.00738
23055;0.350945;0.207927;0.207927;0.082939;0.130976;0.0;0.0;0.0;0.0;0.0;0.0;0.0;0.0;0.0;0.0;0.019287
23056;0.385603;0.166896;0.204493;0.072444;0.152224;0.0;0.0;0.0;0.0;0.0;0.0;0.0;0.0;0.0;0.0;0.01834
23057;0.458407;0.127434;0.127434;0.038938;0.246018;0.0;0.0;0.0;0.0;0.0;0.0;0.0;0.0;0.0;0.0;0.00177
23058;0.412598;0.237008;0.171811;0.060157;0.105827;0.0;0.0;0.0;0.0;0.0;0.0;0.0;0.0;0.0;0.0;0.012598
23059;0.497296;0.184857;0.165683;0.071042;0.063913;0.0;0.0;0.0;0.0;0.0;0.0;0.0;0.0;0.0;0.0;0.017207
23060;0.396629;0.20382;0.228015;0.082697;0.075131;0.0;0.0;0.0;0.0;0.0;0.0;0.0;0.0;0.0;0.0;0.013708
23061;0.444187;0.213225;0.219973;0.060343;0.051668;0.0;0.0;0.0;0.0;0.0;0.0;0.0;0.0;0.0;0.0;0.010603
23062;0.483271;0.277881;0.183086;0.025093;0.02974;0.0;0.0;0.0;0.0;0.0;0.0;0.0;0.0;0.0;0.0;0.000929
23063;0.437547;0.16654;0.261923;0.036715;0.088569;0.0;0.0;0.0;0.0;0.0;0.0;0.0;0.0;0.0;0.0;0.008706
23064;0.448329;0.261849;0.201243;0.040404;0.045843;0.0;0.0;0.0;0.0;0.0;0.0;0.0;0.0;0.0;0.0;0.002331
23065;0.487106;0.234957;0.166189;0.050621;0.055396;0.0;0.0;0.0;0.0;0.0;0.0;0.0;0.0;0.0;0.0;0.005731
23066;0.369338;0.288037;0.216609;0.061556;0.054007;0.0;0.0;0.0;0.0;0.0;0.0;0.0;0.0;0.0;0.0;0.010453
23067;0.427485;0.204094;0.120468;0.046199;0.187719;0.0;0.0;0.0;0.0;0.0;0.0;0.0;0.0;0.0;0.0;0.014035
23069;0.408517;0.187423;0.139886;0.186432;0.064868;0.0;0.0;0.0;0.0;0.0;0.0;0.0;0.0;0.0;0.0;0.012874
23070;0.331199;0.25096;0.296201;0.06274;0.055911;0.0;0.0;0.0;0.0;0.0;0.0;0.0;0.0;0.0;0.0;0.002988
23071;0.388622;0.228365;0.290865;0.034455;0.049679;0.0;0.0;0.0;0.0;0.0;0.0;0.0;0.0;0.0;0.0;0.008013
23072;0.430882;0.258088;0.213235;0.043382;0.047059;0.0;0.0;0.0;0.0;0.0;0.0;0.0;0.0;0.0;0.0;0.007353
23073;0.442576;0.201142;0.216053;0.068528;0.058376;0.0;0.0;0.0;0.0;0.0;0.0;0.0;0.0;0.0;0.0;0.013325
23074;0.4463;0.22157;0.152978;0.0537;0.11417;0.0;0.0;0.0;0.0;0.0;0.0;0.0;0.0;0.0;0.0;0.011282
23075;0.474756;0.230863;0.160831;0.051303;0.069218;0.0;0.0;0.0;0.0;0.0;0.0;0.0;0.0;0.0;0.0;0.013029
23076;0.487267;0.219015;0.229202;0.022071;0.040747;0.0;0.0;0.0;0.0;0.0;0.0;0.0;0.0;0.0;0.0;0.001698
23077;0.515789;0.227368;0.170526;0.042105;0.044211;0.0;0.0;0.0;0.0;0.0;0.0;0.0;0.0;0.0;0.0;0.0
23079;0.410954;0.32478;0.180008;0.032172;0.047874;0.0;0.0;0.0;0.0;0.0;0.0;0.0;0.0;0.0;0.0;0.004213
23080;0.542702;0.201863;0.167702;0.049689;0.031056;0.0;0.0;0.0;0.0;0.0;0.0;0.0;0.0;0.0;0.0;0.006988
23081;0.505703;0.156844;0.198669;0.062738;0.065589;0.0;0.0;0.0;0.0;0.0;0.0;0.0;0.0;0.0;0.0;0.010456
23082;0.416272;0.303318;0.161927;0.046603;0.06872;0.0;0.0;0.0;0.0;0.0;0.0;0.0;0.0;0.0;0.0;0.00316
23084;0.492707;0.141005;0.280389;0.034036;0.045381;0.0;0.0;0.0;0.0;0.0;0.0;0.0;0.0;0.0;0.0;0.006483
23085;0.576531;0.151786;0.11926;0.052934;0.061224;0.0;0.0;0.0;0.0;0.0;0.0;0.0;0.0;0.0;0.0;0.038265
23086;0.439117;0.186047;0.168017;0.079174;0.108309;0.0;0.0;0.0;0.0;0.0;0.0;0.0;0.0;0.0;0.0;0.019336
23087;0.31873;0.226211;0.165077;0.072684;0.200854;0.0;0.0;0.0;0.0;0.0;0.0;0.0;0.0;0.0;0.0;0.016445
23088;0.430829;0.154375;0.123454;0.053138;0.2082;0.0;0.0;0.0;0.0;0.0;0.0;0.0;0.0;0.0;0.0;0.030005
23090;0.435622;0.304721;0.170601;0.035408;0.04721;0.0;0.0;0.0;0.0;0.0;0.0;0.0;0.0;0.0;0.0;0.006438
23091;0.483366;0.311155;0.162427;0.021526;0.017613;0.0;0.0;0.0;0.0;0.0;0.0;0.0;0.0;0.0;0.0;0.003914
23092;0.354537;0.235822;0.205676;0.07539;0.113682;0.0;0.0;0.0;0.0;0.0;0.0;0.0;0.0;0.0;0.0;0.014891
23093;0.614507;0.143704;0.100821;0.050639;0.077555;0.0;0.0;0.0;0.0;0.0;0.0;0.0;0.0;0.0;0.0;0.012774
23094;0.522304;0.122585;0.137689;0.03934;0.166491;0.0;0.0;0.0;0.0;0.0;0.0;0.0;0.0;0.0;0.0;0.011591
23095;0.375989;0.261214;0.241425;0.055739;0.059202;0.0;0.0;0.0;0.0;0.0;0.0;0.0;0.0;0.0;0.0;0.006431
23096;0.590355;0.143147;0.101015;0.05533;0.10203;0.0;0.0;0.0;0.0;0.0;0.0;0.0;0.0;0.0;0.0;0.008122
23097;0.333894;0.189287;0.344463;0.060773;0.063176;0.0;0.0;0.0;0.0;0.0;0.0;0.0;0.0;0.0;0.0;0.008407
23098;0.488571;0.3;0.12;0.032857;0.05;0.0;0.0;0.0;0.0;0.0;0.0;0.0;0.0;0.0;0.0;0.008571
23099;0.389412;0.272353;0.189412;0.055882;0.083235;0.0;0.0;0.0;0.0;0.0;0.0;0.0;0.0;0.0;0.0;0.009706
23101;0.557447;0.178723;0.2;0.017021;0.042553;0.0;0.0;0.0;0.0;0.0;0.0;0.0;0.0;0.0;0.0;0.004255
23901;0.483184;0.189462;0.191704;0.080717;0.053812;0.0;0.0;0.0;0.0;0.0;0.0;0.0;0.0;0.0;0.0;0.001121
23902;0.680272;0.169501;0.068594;0.03288;0.04195;0.0;0.0;0.0;0.0;0.0;0.0;0.0;0.0;0.0;0.0;0.006803
23903;0.408861;0.243296;0.193548;0.032258;0.114264;0.0;0.0;0.0;0.0;0.0;0.0;0.0;0.0;0.0;0.0;0.007773
23904;0.43299;0.220361;0.221005;0.056701;0.061211;0.0;0.0;0.0;0.0;0.0;0.0;0.0;0.0;0.0;0.0;0.007732
23905;0.38062;0.244186;0.263566;0.055814;0.041085;0.0;0.0;0.0;0.0;0.0;0.0;0.0;0.0;0.0;0.0;0.014729
24001;0.215054;0.376344;0.139785;0.16129;0.043011;0.0;0.0;0.0;0.0;0.0;0.0;0.0;0.0;0.0;0.0;0.064516
24002;0.409938;0.291925;0.173913;0.068323;0.043478;0.0;0.0;0.0;0.0;0.0;0.0;0.0;0.0;0.0;0.0;0.012422
24003;0.341398;0.360215;0.212366;0.040323;0.032258;0.0;0.0;0.0;0.0;0.0;0.0;0.0;0.0;0.0;0.0;0.013441
24004;0.245989;0.419786;0.213904;0.018717;0.061497;0.0;0.0;0.0;0.0;0.0;0.0;0.0;0.0;0.0;0.0;0.040107
24005;0.239631;0.516129;0.124424;0.050691;0.050691;0.0;0.0;0.0;0.0;0.0;0.0;0.0;0.0;0.0;0.0;0.018433
24006;0.262391;0.355685;0.183673;0.03207;0.052478;0.0;0.0;0.0;0.0;0.0;0.0;0.0;0.0;0.0;0.0;0.113703
24007;0.485656;0.178279;0.106557;0.038934;0.17418;0.0;0.0;0.0;0.0;0.0;0.0;0.0;0.0;0.0;0.0;0.016393
24008;0.2489;0.392339;0.17392;0.06031;0.091769;0.0;0.0;0.0;0.0;0.0;0.0;0.0;0.0;0.0;0.0;0.032763
24009;0.328358;0.38806;0.104478;0.014925;0.156716;0.0;0.0;0.0;0.0;0.0;0.0;0.0;0.0;0.0;0.0;0.007463
24010;0.260745;0.33276;0.221203;0.073734;0.076218;0.0;0.0;0.0;0.0;0.0;0.0;0.0;0.0;0.0;0.0;0.035339
24011;0.787879;0.070707;0.090909;0.010101;0.040404;0.0;0.0;0.0;0.0;0.0;0.0;0.0;0.0;0.0;0.0;0.0
24012;0.25;0.255556;0.244444;0.088889;0.088889;0.0;0.0;0.0;0.0;0.0;0.0;0.0;0.0;0.0;0.0;0.072222
24014;0.415815;0.280164;0.111111;0.058623;0.120882;0.0;0.0;0.0;0.0;0.0;0.0;0.0;0.0;0.0;0.0;0.013406
24015;0.278898;0.364247;0.186828;0.087366;0.043683;0.0;0.0;0.0;0.0;0.0;0.0;0.0;0.0;0.0;0.0;0.038978
24016;0.489712;0.341564;0.115226;0.012346;0.032922;0.0;0.0;0.0;0.0;0.0;0.0;0.0;0.0;0.0;0.0;0.00823
24017;0.286863;0.399464;0.158177;0.045576;0.075067;0.0;0.0;0.0;0.0;0.0;0.0;0.0;0.0;0.0;0.0;0.034853
24018;0.15625;0.523438;0.15625;0.039062;0.117188;0.0;0.0;0.0;0.0;0.0;0.0;0.0;0.0;0.0;0.0;0.007812
24019;0.488095;0.234127;0.079365;0.051587;0.146825;0.0;0.0;0.0;0.0;0.0;0.0;0.0;0.0;0.0;0.0;0.0
24020;0.276316;0.289474;0.153509;0.114035;0.039474;0.0;0.0;0.0;0.0;0.0;0.0;0.0;0.0;0.0;0.0;0.127193
24021;0.369352;0.299607;0.099214;0.040275;0.128684;0.0;0.0;0.0;0.0;0.0;0.0;0.0;0.0;0.0;0.0;0.062868
24022;0.310881;0.362694;0.15544;0.036269;0.124352;0.0;0.0;0.0;0.0;0.0;0.0;0.0;0.0;0.0;0.0;0.010363
24023;0.23913;0.36413;0.228261;0.032609;0.103261;0.0;0.0;0.0;0.0;0.0;0.0;0.0;0.0;0.0;0.0;0.032609
24024;0.211587;0.382872;0.191436;0.060453;0.103275;0.0;0.0;0.0;0.0;0.0;0.0;0.0;0.0;0.0;0.0;0.050378
24025;0.164835;0.445055;0.230769;0.049451;0.032967;0.0;0.0;0.0;0.0;0.0;0.0;0.0;0.0;0.0;0.0;0.076923
24026;0.184814;0.527221;0.130372;0.061605;0.051576;0.0;0.0;0.0;0.0;0.0;0.0;0.0;0.0;0.0;0.0;0.044413
24027;0.411192;0.255474;0.118005;0.058394;0.145985;0.0;0.0;0.0;0.0;0.0;0.0;0.0;0.0;0.0;0.0;0.010949
24028;0.365672;0.287313;0.130597;0.044776;0.074627;0.0;0.0;0.0;0.0;0.0;0.0;0.0;0.0;0.0;0.0;0.097015
24029;0.450237;0.244076;0.135071;0.023697;0.097156;0.0;0.0;0.0;0.0;0.0;0.0;0.0;0.0;0.0;0.0;0.049763
24030;0.407767;0.260642;0.101195;0.050037;0.169529;0.0;0.0;0.0;0.0;0.0;0.0;0.0;0.0;0.0;0.0;0.010829
24031;0.28481;0.379747;0.101266;0.063291;0.101266;0.0;0.0;0.0;0.0;0.0;0.0;0.0;0.0;0.0;0.0;0.06962
24032;0.353846;0.384615;0.2;0.015385;0.046154;0.0;0.0;0.0;0.0;0.0;0.0;0.0;0.0;0.0;0.0;0.0
24033;0.208054;0.483221;0.208054;0.020134;0.04698;0.0;0.0;0.0;0.0;0.0;0.0;0.0;0.0;0.0;0.0;0.033557
24034;0.451157;0.182948;0.131105;0.055698;0.162382;0.0;0.0;0.0;0.0;0.0;0.0;0.0;0.0;0.0;0.0;0.01671
24036;0.531034;0.234483;0.124138;0.027586;0.082759;0.0;0.0;0.0;0.0;0.0;0.0;0.0;0.0;0.0;0.0;0.0
24037;0.255319;0.398936;0.170213;0.031915;0.12234;0.0;0.0;0.0;0.0;0.0;0.0;0.0;0.0;0.0;0.0;0.021277
24038;0.412023;0.277126;0.099707;0.057674;0.143695;0.0;0.0;0.0;0.0;0.0;0.0;0.0;0.0;0.0;0.0;0.009775
24039;0.271936;0.345903;0.221175;0.076142;0.059463;0.0;0.0;0.0;0.0;0.0;0.0;0.0;0.0;0.0;0.0;0.025381
24040;0.362069;0.272414;0.189655;0.068966;0.082759;0.0;0.0;0.0;0.0;0.0;0.0;0.0;0.0;0.0;0.0;0.024138
24041;0.355482;0.355482;0.152824;0.059801;0.07309;0.0;0.0;0.0;0.0;0.0;0.0;0.0;0.0;0.0;0.0;0.003322
24042;0.355556;0.466667;0.088889;0.066667;0.022222;0.0;0.0;0.0;0.0;0.0;0.0;0.0;0.0;0.0;0.0;0.0
24043;0.557692;0.153846;0.134615;0.019231;0.076923;0.0;0.0;0.0;0.0;0.0;0.0;0.0;0.0;0.0;0.0;0.057692
24044;0.298851;0.356322;0.114943;0.091954;0.126437;0.0;0.0;0.0;0.0;0.0;0.0;0.0;0.0;0.0;0.0;0.011494
24046;0.384749;0.30156;0.145581;0.041594;0.091854;0.0;0.0;0.0;0.0;0.0;0.0;0.0;0.0;0.0;0.0;0.034662
24047;0.246725;0.362445;0.144105;0.043668;0.056769;0.0;0.0;0.0;0.0;0.0;0.0;0.0;0.0;0.0;0.0;0.146288
24049;0.40999;0.298647;0.111342;0.046826;0.121748;0.0;0.0;0.0;0.0;0.0;0.0;0.0;0.0;0.0;0.0;0.011446
24050;0.346667;0.44;0.16;0.026667;0.0;0.0;0.0;0.0;0.0;0.0;0.0;0.0;0.0;0.0;0.0;0.026667
24051;0.328358;0.429104;0.130597;0.041045;0.044776;0.0;0.0;0.0;0.0;0.0;0.0;0.0;0.0;0.0;0.0;0.026119
24052;0.462366;0.247312;0.129032;0.043011;0.053763;0.0;0.0;0.0;0.0;0.0;0.0;0.0;0.0;0.0;0.0;0.064516
24053;0.210526;0.502024;0.186235;0.044534;0.032389;0.0;0.0;0.0;0.0;0.0;0.0;0.0;0.0;0.0;0.0;0.024291
24054;0.236162;0.383764;0.280443;0.0369;0.02583;0.0;0.0;0.0;0.0;0.0;0.0;0.0;0.0;0.0;0.0;0.0369
24055;0.320675;0.35654;0.130802;0.063291;0.078059;0.0;0.0;0.0;0.0;0.0;0.0;0.0;0.0;0.0;0.0;0.050633
24056;0.355797;0.245574;0.118218;0.056539;0.071959;0.0;0.0;0.0;0.0;0.0;0.0;0.0;0.0;0.0;0.0;0.151913
24057;0.414027;0.28733;0.123303;0.069005;0.09276;0.0;0.0;0.0;0.0;0.0;0.0;0.0;0.0;0.0;0.0;0.013575
24058;0.265487;0.477876;0.168142;0.0;0.035398;0.0;0.0;0.0;0.0;0.0;0.0;0.0;0.0;0.0;0.0;0.053097
24059;0.545852;0.242358;0.078603;0.048035;0.078603;0.0;0.0;0.0;0.0;0.0;0.0;0.0;0.0;0.0;0.0;0.00655
24060;0.316327;0.306122;0.112245;0.064626;0.061224;0.0;0.0;0.0;0.0;0.0;0.0;0.0;0.0;0.0;0.0;0.139456
24061;0.27535;0.251443;0.246496;0.066777;0.099753;0.0;0.0;0.0;0.0;0.0;0.0;0.0;0.0;0.0;0.0;0.060181
24062;0.43038;0.265823;0.050633;0.037975;0.164557;0.0;0.0;0.0;0.0;0.0;0.0;0.0;0.0;0.0;0.0;0.050633
24063;0.234568;0.341564;0.176955;0.098765;0.041152;0.0;0.0;0.0;0.0;0.0;0.0;0.0;0.0;0.0;0.0;0.106996
24064;0.438614;0.230693;0.09703;0.052475;0.169307;0.0;0.0;0.0;0.0;0.0;0.0;0.0;0.0;0.0;0.0;0.011881
24065;0.325;0.247297;0.208108;0.066216;0.083108;0.0;0.0;0.0;0.0;0.0;0.0;0.0;0.0;0.0;0.0;0.07027
24066;0.262963;0.47037;0.162963;0.014815;0.048148;0.0;0.0;0.0;0.0;0.0;0.0;0.0;0.0;0.0;0.0;0.040741
24067;0.198113;0.396226;0.248428;0.069182;0.034591;0.0;0.0;0.0;0.0;0.0;0.0;0.0;0.0;0.0;0.0;0.053459
24068;0.551601;0.199288;0.081851;0.017794;0.071174;0.0;0.0;0.0;0.0;0.0;0.0;0.0;0.0;0.0;0.0;0.078292
24069;0.0;0.92;0.08;0.0;0.0;0.0;0.0;0.0;0.0;0.0;0.0;0.0;0.0;0.0;0.0;0.0
24070;0.474108;0.205217;0.077484;0.032988;0.197161;0.0;0.0;0.0;0.0;0.0;0.0;0.0;0.0;0.0;0.0;0.013042
24071;0.381818;0.343802;0.099174;0.044628;0.117355;0.0;0.0;0.0;0.0;0.0;0.0;0.0;0.0;0.0;0.0;0.013223
24073;0.302491;0.327402;0.149466;0.088968;0.074733;0.0;0.0;0.0;0.0;0.0;0.0;0.0;0.0;0.0;0.0;0.05694
24074;0.217391;0.405797;0.188406;0.072464;0.043478;0.0;0.0;0.0;0.0;0.0;0.0;0.0;0.0;0.0;0.0;0.072464
24076;0.342193;0.213732;0.189369;0.065338;0.129568;0.0;0.0;0.0;0.0;0.0;0.0;0.0;0.0;0.0;0.0;0.059801
24077;0.364198;0.388889;0.098765;0.080247;0.030864;0.0;0.0;0.0;0.0;0.0;0.0;0.0;0.0;0.0;0.0;0.037037
24078;0.417778;0.328889;0.124444;0.066667;0.031111;0.0;0.0;0.0;0.0;0.0;0.0;0.0;0.0;0.0;0.0;0.031111
24079;0.249147;0.40273;0.191126;0.047782;0.061433;0.0;0.0;0.0;0.0;0.0;0.0;0.0;0.0;0.0;0.0;0.047782
24080;0.326797;0.385621;0.124183;0.084967;0.045752;0.0;0.0;0.0;0.0;0.0;0.0;0.0;0.0;0.0;0.0;0.03268
24081;0.111111;0.625;0.208333;0.013889;0.041667;0.0;0.0;0.0;0.0;0.0;0.0;0.0;0.0;0.0;0.0;0.0
24082;0.432432;0.216216;0.121622;0.065878;0.123311;0.0;0.0;0.0;0.0;0.0;0.0;0.0;0.0;0.0;0.0;0.040541
24083;0.465517;0.22884;0.142633;0.051724;0.083072;0.0;0.0;0.0;0.0;0.0;0.0;0.0;0.0;0.0;0.0;0.028213
24084;0.45;0.36;0.09;0.06;0.03;0.0;0.0;0.0;0.0;0.0;0.0;0.0;0.0;0.0;0.0;0.01
24086;0.230769;0.517949;0.148718;0.041026;0.025641;0.0;0.0;0.0;0.0;0.0;0.0;0.0;0.0;0.0;0.0;0.035897
24087;0.174528;0.424528;0.245283;0.049528;0.054245;0.0;0.0;0.0;0.0;0.0;0.0;0.0;0.0;0.0;0.0;0.051887
24088;0.25;0.379076;0.149457;0.09375;0.086957;0.0;0.0;0.0;0.0;0.0;0.0;0.0;0.0;0.0;0.0;0.040761
24089;0.308272;0.302419;0.160202;0.071002;0.092842;0.0;0.0;0.0;0.0;0.0;0.0;0.0;0.0;0.0;0.0;0.065263
24090;0.292929;0.414141;0.136364;0.045455;0.080808;0.0;0.0;0.0;0.0;0.0;0.0;0.0;0.0;0.0;0.0;0.030303
24091;0.282913;0.347339;0.140056;0.064426;0.137255;0.0;0.0;0.0;0.0;0.0;0.0;0.0;0.0;0.0;0.0;0.028011
24092;0.347913;0.33996;0.17495;0.043738;0.077535;0.0;0.0;0.0;0.0;0.0;0.0;0.0;0.0;0.0;0.0;0.015905
24093;0.3;0.366667;0.171429;0.028571;0.109524;0.0;0.0;0.0;0.0;0.0;0.0;0.0;0.0;0.0;0.0;0.02381
24094;0.282996;0.312723;0.212842;0.05113;0.092747;0.0;0.0;0.0;0.0;0.0;0.0;0.0;0.0;0.0;0.0;0.047562
24095;0.226667;0.324444;0.288889;0.026667;0.062222;0.0;0.0;0.0;0.0;0.0;0.0;0.0;0.0;0.0;0.0;0.071111
24096;0.415094;0.320755;0.113208;0.018868;0.056604;0.0;0.0;0.0;0.0;0.0;0.0;0.0;0.0;0.0;0.0;0.075472
24097;0.198529;0.455882;0.132353;0.044118;0.051471;0.0;0.0;0.0;0.0;0.0;0.0;0.0;0.0;0.0;0.0;0.117647
24098;0.440655;0.166439;0.14734;0.060027;0.136426;0.0;0.0;0.0;0.0;0.0;0.0;0.0;0.0;0.0;0.0;0.049113
24099;0.394495;0.366972;0.100917;0.0;0.12844;0.0;0.0;0.0;0.0;0.0;0.0;0.0;0.0;0.0;0.0;0.009174
24100;0.294118;0.3286;0.166329;0.056795;0.146045;0.0;0.0;0.0;0.0;0.0;0.0;0.0;0.0;0.0;0.0;0.008114
24101;0.555024;0.181818;0.105263;0.043062;0.086124;0.0;0.0;0.0;0.0;0.0;0.0;0.0;0.0;0.0;0.0;0.028708
24102;0.441327;0.329082;0.117347;0.043367;0.061224;0.0;0.0;0.0;0.0;0.0;0.0;0.0;0.0;0.0;0.0;0.007653
24103;0.253731;0.492537;0.141791;0.059701;0.052239;0.0;0.0;0.0;0.0;0.0;0.0;0.0;0.0;0.0;0.0;0.0
24104;0.337349;0.259036;0.228916;0.024096;0.10241;0.0;0.0;0.0;0.0;0.0;0.0;0.0;0.0;0.0;0.0;0.048193
24105;0.309547;0.22758;0.21215;0.090646;0.100289;0.0;0.0;0.0;0.0;0.0;0.0;0.0;0.0;0.0;0.0;0.059788
24106;0.289855;0.478261;0.152174;0.036232;0.036232;0.0;0.0;0.0;0.0;0.0;0.0;0.0;0.0;0.0;0.0;0.007246
24107;0.308219;0.369863;0.226027;0.020548;0.047945;0.0;0.0;0.0;0.0;0.0;0.0;0.0;0.0;0.0;0.0;0.027397
24108;0.235537;0.433884;0.198347;0.070248;0.033058;0.0;0.0;0.0;0.0;0.0;0.0;0.0;0.0;0.0;0.0;0.028926
24109;0.436538;0.194231;0.125;0.101923;0.123077;0.0;0.0;0.0;0.0;0.0;0.0;0.0;0.0;0.0;0.0;0.019231
24110;0.483161;0.218912;0.081606;0.025907;0.185233;0.0;0.0;0.0;0.0;0.0;0.0;0.0;0.0;0.0;0.0;0.005181
24112;0.625;0.152174;0.065217;0.054348;0.097826;0.0;0.0;0.0;0.0;0.0;0.0;0.0;0.0;0.0;0.0;0.005435
24113;0.273109;0.445378;0.12605;0.088235;0.029412;0.0;0.0;0.0;0.0;0.0;0.0;0.0;0.0;0.0;0.0;0.037815
24114;0.43949;0.211928;0.129705;0.034742;0.130284;0.0;0.0;0.0;0.0;0.0;0.0;0.0;0.0;0.0;0.0;0.053851
24115;0.396957;0.251847;0.120789;0.067086;0.144528;0.0;0.0;0.0;0.0;0.0;0.0;0.0;0.0;0.0;0.0;0.018793
24116;0.32287;0.309417;0.152466;0.067265;0.103139;0.0;0.0;0.0;0.0;0.0;0.0;0.0;0.0;0.0;0.0;0.044843
24117;0.153333;0.56;0.173333;0.056667;0.04;0.0;0.0;0.0;0.0;0.0;0.0;0.0;0.0;0.0;0.0;0.016667
24118;0.444444;0.25;0.083333;0.041667;0.083333;0.0;0.0;0.0;0.0;0.0;0.0;0.0;0.0;0.0;0.0;0.097222
24119;0.396896;0.286031;0.133038;0.05765;0.110865;0.0;0.0;0.0;0.0;0.0;0.0;0.0;0.0;0.0;0.0;0.015521
24120;0.177778;0.405556;0.211111;0.038889;0.088889;0.0;0.0;0.0;0.0;0.0;0.0;0.0;0.0;0.0;0.0;0.077778
24121;0.344578;0.219277;0.228916;0.033735;0.149398;0.0;0.0;0.0;0.0;0.0;0.0;0.0;0.0;0.0;0.0;0.024096
24122;0.398506;0.346202;0.11457;0.053549;0.079701;0.0;0.0;0.0;0.0;0.0;0.0;0.0;0.0;0.0;0.0;0.007472
24123;0.410989;0.301099;0.147253;0.048352;0.061538;0.0;0.0;0.0;0.0;0.0;0.0;0.0;0.0;0.0;0.0;0.030769
24124;0.310881;0.352332;0.212435;0.072539;0.025907;0.0;0.0;0.0;0.0;0.0;0.0;0.0;0.0;0.0;0.0;0.025907
24125;0.302632;0.421053;0.149123;0.087719;0.035088;0.0;0.0;0.0;0.0;0.0;0.0;0.0;0.0;0.0;0.0;0.004386
24127;0.266667;0.455556;0.116667;0.066667;0.033333;0.0;0.0;0.0;0.0;0.0;0.0;0.0;0.0;0.0;0.0;0.061111
24129;0.328947;0.342105;0.171053;0.078947;0.026316;0.0;0.0;0.0;0.0;0.0;0.0;0.0;0.0;0.0;0.0;0.052632
24130;0.236934;0.348432;0.170732;0.041812;0.076655;0.0;0.0;0.0;0.0;0.0;0.0;0.0;0.0;0.0;0.0;0.125436
24131;0.220339;0.355932;0.271186;0.062954;0.050847;0.0;0.0;0.0;0.0;0.0;0.0;0.0;0.0;0.0;0.0;0.038741
24132;0.302469;0.324074;0.151235;0.055556;0.111111;0.0;0.0;0.0;0.0;0.0;0.0;0.0;0.0;0.0;0.0;0.055556
24133;0.266667;0.376471;0.219608;0.047059;0.070588;0.0;0.0;0.0;0.0;0.0;0.0;0.0;0.0;0.0;0.0;0.019608
24134;0.442935;0.178442;0.142663;0.055707;0.123188;0.0;0.0;0.0;0.0;0.0;0.0;0.0;0.0;0.0;0.0;0.057065
24136;0.221574;0.419825;0.221574;0.072886;0.034985;0.0;0.0;0.0;0.0;0.0;0.0;0.0;0.0;0.0;0.0;0.029155
24137;0.456808;0.207906;0.089312;0.026354;0.103953;0.0;0.0;0.0;0.0;0.0;0.0;0.0;0.0;0.0;0.0;0.115666
24139;0.30278;0.355372;0.184072;0.047333;0.066116;0.0;0.0;0.0;0.0;0.0;0.0;0.0;0.0;0.0;0.0;0.044328
24141;0.378378;0.216216;0.283784;0.0;0.067568;0.0;0.0;0.0;0.0;0.0;0.0;0.0;0.0;0.0;0.0;0.054054
24142;0.338579;0.224221;0.180835;0.074436;0.111503;0.0;0.0;0.0;0.0;0.0;0.0;0.0;0.0;0.0;0.0;0.070426
24143;0.479412;0.229412;0.114706;0.061765;0.111765;0.0;0.0;0.0;0.0;0.0;0.0;0.0;0.0;0.0;0.0;0.002941
24144;0.267157;0.345588;0.208333;0.056373;0.083333;0.0;0.0;0.0;0.0;0.0;0.0;0.0;0.0;0.0;0.0;0.039216
24145;0.446429;0.190476;0.232143;0.050595;0.053571;0.0;0.0;0.0;0.0;0.0;0.0;0.0;0.0;0.0;0.0;0.026786
24146;0.28;0.42;0.18;0.01;0.075;0.0;0.0;0.0;0.0;0.0;0.0;0.0;0.0;0.0;0.0;0.035
24148;0.210806;0.389725;0.220549;0.05403;0.085917;0.0;0.0;0.0;0.0;0.0;0.0;0.0;0.0;0.0;0.0;0.038973
24149;0.268293;0.430894;0.195122;0.03252;0.04065;0.0;0.0;0.0;0.0;0.0;0.0;0.0;0.0;0.0;0.0;0.03252
24150;0.271605;0.376543;0.166667;0.074074;0.049383;0.0;0.0;0.0;0.0;0.0;0.0;0.0;0.0;0.0;0.0;0.061728
24151;0.353135;0.356436;0.148515;0.039604;0.066007;0.0;0.0;0.0;0.0;0.0;0.0;0.0;0.0;0.0;0.0;0.036304
24152;0.224335;0.425856;0.193916;0.057034;0.087452;0.0;0.0;0.0;0.0;0.0;0.0;0.0;0.0;0.0;0.0;0.011407
24153;0.35119;0.321429;0.172619;0.047619;0.053571;0.0;0.0;0.0;0.0;0.0;0.0;0.0;0.0;0.0;0.0;0.053571
24154;0.352365;0.274062;0.171289;0.068515;0.104405;0.0;0.0;0.0;0.0;0.0;0.0;0.0;0.0;0.0;0.0;0.029364
24155;0.340361;0.361446;0.120482;0.054217;0.072289;0.0;0.0;0.0;0.0;0.0;0.0;0.0;0.0;0.0;0.0;0.051205
24156;0.278195;0.43609;0.142857;0.022556;0.082707;0.0;0.0;0.0;0.0;0.0;0.0;0.0;0.0;0.0;0.0;0.037594
24157;0.257669;0.321249;0.172337;0.073062;0.069158;0.0;0.0;0.0;0.0;0.0;0.0;0.0;0.0;0.0;0.0;0.106525
24158;0.260417;0.302083;0.302083;0.046875;0.0625;0.0;0.0;0.0;0.0;0.0;0.0;0.0;0.0;0.0;0.0;0.026042
24159;0.207438;0.424793;0.218182;0.06281;0.045455;0.0;0.0;0.0;0.0;0.0;0.0;0.0;0.0;0.0;0.0;0.041322
24160;0.27182;0.356608;0.199501;0.044888;0.084788;0.0;0.0;0.0;0.0;0.0;0.0;0.0;0.0;0.0;0.0;0.042394
24161;0.21393;0.402985;0.149254;0.059701;0.149254;0.0;0.0;0.0;0.0;0.0;0.0;0.0;0.0;0.0;0.0;0.024876
24162;0.304947;0.23601;0.210868;0.073804;0.094891;0.0;0.0;0.0;0.0;0.0;0.0;0.0;0.0;0.0;0.0;0.079481
24163;0.255567;0.291196;0.207948;0.079137;0.095238;0.0;0.0;0.0;0.0;0.0;0.0;0.0;0.0;0.0;0.0;0.070915
24164;0.189655;0.264368;0.350575;0.08046;0.063218;0.0;0.0;0.0;0.0;0.0;0.0;0.0;0.0;0.0;0.0;0.051724
24165;0.444444;0.282828;0.116162;0.116162;0.040404;0.0;0.0;0.0;0.0;0.0;0.0;0.0;0.0;0.0;0.0;0.0
24166;0.31153;0.291574;0.211752;0.073171;0.073171;0.0;0.0;0.0;0.0;0.0;0.0;0.0;0.0;0.0;0.0;0.038803
24167;0.344262;0.288056;0.17096;0.0726;0.093677;0.0;0.0;0.0;0.0;0.0;0.0;0.0;0.0;0.0;0.0;0.030445
24168;0.306962;0.398734;0.177215;0.031646;0.041139;0.0;0.0;0.0;0.0;0.0;0.0;0.0;0.0;0.0;0.0;0.044304
24169;0.48984;0.208021;0.068449;0.034759;0.187166;0.0;0.0;0.0;0.0;0.0;0.0;0.0;0.0;0.0;0.0;0.011765
24170;0.443435;0.211396;0.109001;0.04872;0.157721;0.0;0.0;0.0;0.0;0.0;0.0;0.0;0.0;0.0;0.0;0.029727
24171;0.469231;0.269231;0.146154;0.0;0.107692;0.0;0.0;0.0;0.0;0.0;0.0;0.0;0.0;0.0;0.0;0.007692
24172;0.293532;0.38806;0.20398;0.034826;0.059701;0.0;0.0;0.0;0.0;0.0;0.0;0.0;0.0;0.0;0.0;0.0199
24173;0.306368;0.373494;0.185886;0.046472;0.046472;0.0;0.0;0.0;0.0;0.0;0.0;0.0;0.0;0.0;0.0;0.041308
24174;0.34965;0.353147;0.13986;0.041958;0.073427;0.0;0.0;0.0;0.0;0.0;0.0;0.0;0.0;0.0;0.0;0.041958
24175;0.254264;0.274419;0.216279;0.071318;0.116279;0.0;0.0;0.0;0.0;0.0;0.0;0.0;0.0;0.0;0.0;0.067442
24176;0.221239;0.473451;0.141593;0.057522;0.039823;0.0;0.0;0.0;0.0;0.0;0.0;0.0;0.0;0.0;0.0;0.066372
24177;0.272031;0.375479;0.233716;0.042146;0.038314;0.0;0.0;0.0;0.0;0.0;0.0;0.0;0.0;0.0;0.0;0.038314
24178;0.339623;0.528302;0.09434;0.0;0.0;0.0;0.0;0.0;0.0;0.0;0.0;0.0;0.0;0.0;0.0;0.037736
24179;0.239024;0.546341;0.087805;0.029268;0.04878;0.0;0.0;0.0;0.0;0.0;0.0;0.0;0.0;0.0;0.0;0.04878
24180;0.241333;0.381333;0.232;0.068;0.049333;0.0;0.0;0.0;0.0;0.0;0.0;0.0;0.0;0.0;0.0;0.028
24181;0.401961;0.324619;0.183007;0.040305;0.040305;0.0;0.0;0.0;0.0;0.0;0.0;0.0;0.0;0.0;0.0;0.009804
24182;0.292776;0.376426;0.152091;0.064639;0.068441;0.0;0.0;0.0;0.0;0.0;0.0;0.0;0.0;0.0;0.0;0.045627
24183;0.361419;0.274945;0.177384;0.044346;0.090909;0.0;0.0;0.0;0.0;0.0;0.0;0.0;0.0;0.0;0.0;0.050998
24184;0.352381;0.352381;0.133333;0.047619;0.104762;0.0;0.0;0.0;0.0;0.0;0.0;0.0;0.0;0.0;0.0;0.009524
24185;0.316327;0.29932;0.187075;0.091837;0.064626;0.0;0.0;0.0;0.0;0.0;0.0;0.0;0.0;0.0;0.0;0.040816
24187;0.280669;0.392193;0.128253;0.083643;0.079926;0.0;0.0;0.0;0.0;0.0;0.0;0.0;0.0;0.0;0.0;0.035316
24188;0.325673;0.329623;0.176302;0.055655;0.067504;0.0;0.0;0.0;0.0;0.0;0.0;0.0;0.0;0.0;0.0;0.045242
24189;0.263117;0.251631;0.250065;0.069695;0.098147;0.0;0.0;0.0;0.0;0.0;0.0;0.0;0.0;0.0;0.0;0.067345
24190;0.277228;0.455446;0.158416;0.019802;0.019802;0.0;0.0;0.0;0.0;0.0;0.0;0.0;0.0;0.0;0.0;0.069307
24191;0.298507;0.432836;0.119403;0.044776;0.014925;0.0;0.0;0.0;0.0;0.0;0.0;0.0;0.0;0.0;0.0;0.089552
24193;0.330798;0.292776;0.190114;0.026616;0.087452;0.0;0.0;0.0;0.0;0.0;0.0;0.0;0.0;0.0;0.0;0.072243
24194;0.607955;0.130682;0.136364;0.022727;0.079545;0.0;0.0;0.0;0.0;0.0;0.0;0.0;0.0;0.0;0.0;0.022727
24196;0.42471;0.27722;0.079537;0.050965;0.156757;0.0;0.0;0.0;0.0;0.0;0.0;0.0;0.0;0.0;0.0;0.010811
24197;0.309859;0.279678;0.259557;0.046278;0.066398;0.0;0.0;0.0;0.0;0.0;0.0;0.0;0.0;0.0;0.0;0.038229
24198;0.609467;0.180473;0.076923;0.065089;0.065089;0.0;0.0;0.0;0.0;0.0;0.0;0.0;0.0;0.0;0.0;0.002959
24199;0.337302;0.329365;0.162698;0.055556;0.079365;0.0;0.0;0.0;0.0;0.0;0.0;0.0;0.0;0.0;0.0;0.035714
24201;0.317841;0.28036;0.218891;0.055472;0.065967;0.0;0.0;0.0;0.0;0.0;0.0;0.0;0.0;0.0;0.0;0.061469
24202;0.431914;0.180744;0.098284;0.051928;0.216626;0.0;0.0;0.0;0.0;0.0;0.0;0.0;0.0;0.0;0.0;0.020504
24203;0.229508;0.491803;0.081967;0.04918;0.065574;0.0;0.0;0.0;0.0;0.0;0.0;0.0;0.0;0.0;0.0;0.081967
24205;0.23298;0.364599;0.175492;0.090772;0.108926;0.0;0.0;0.0;0.0;0.0;0.0;0.0;0.0;0.0;0.0;0.027231
24206;0.505545;0.238447;0.124769;0.045287;0.07671;0.0;0.0;0.0;0.0;0.0;0.0;0.0;0.0;0.0;0.0;0.009242
24207;0.333333;0.323944;0.15493;0.079812;0.070423;0.0;0.0;0.0;0.0;0.0;0.0;0.0;0.0;0.0;0.0;0.037559
24209;0.403941;0.345443;0.085591;0.056034;0.096675;0.0;0.0;0.0;0.0;0.0;0.0;0.0;0.0;0.0;0.0;0.012315
24210;0.380682;0.275568;0.142045;0.073864;0.090909;0.0;0.0;0.0;0.0;0.0;0.0;0.0;0.0;0.0;0.0;0.036932
24211;0.25641;0.369231;0.276923;0.05641;0.015385;0.0;0.0;0.0;0.0;0.0;0.0;0.0;0.0;0.0;0.0;0.025641
24212;0.362018;0.332344;0.103858;0.060831;0.053412;0.0;0.0;0.0;0.0;0.0;0.0;0.0;0.0;0.0;0.0;0.087537
24213;0.272;0.328;0.2;0.048;0.032;0.0;0.0;0.0;0.0;0.0;0.0;0.0;0.0;0.0;0.0;0.12
24214;0.447059;0.317647;0.089412;0.032941;0.098824;0.0;0.0;0.0;0.0;0.0;0.0;0.0;0.0;0.0;0.0;0.014118
24215;0.147826;0.434783;0.26087;0.06087;0.043478;0.0;0.0;0.0;0.0;0.0;0.0;0.0;0.0;0.0;0.0;0.052174
24216;0.253968;0.44898;0.163265;0.043084;0.056689;0.0;0.0;0.0;0.0;0.0;0.0;0.0;0.0;0.0;0.0;0.034014
24217;0.225806;0.451613;0.139785;0.075269;0.043011;0.0;0.0;0.0;0.0;0.0;0.0;0.0;0.0;0.0;0.0;0.064516
24218;0.318033;0.304918;0.163934;0.055738;0.07541;0.0;0.0;0.0;0.0;0.0;0.0;0.0;0.0;0.0;0.0;0.081967
24219;0.298137;0.388199;0.167702;0.031056;0.083851;0.0;0.0;0.0;0.0;0.0;0.0;0.0;0.0;0.0;0.0;0.031056
24221;0.258403;0.308824;0.260504;0.077731;0.054622;0.0;0.0;0.0;0.0;0.0;0.0;0.0;0.0;0.0;0.0;0.039916
24222;0.314223;0.216297;0.20868;0.078781;0.116368;0.0;0.0;0.0;0.0;0.0;0.0;0.0;0.0;0.0;0.0;0.065651
24223;0.324925;0.331532;0.148949;0.053453;0.097898;0.0;0.0;0.0;0.0;0.0;0.0;0.0;0.0;0.0;0.0;0.043243
24224;0.305405;0.372973;0.140541;0.051351;0.083784;0.0;0.0;0.0;0.0;0.0;0.0;0.0;0.0;0.0;0.0;0.045946
24225;0.263952;0.33635;0.193062;0.051282;0.088989;0.0;0.0;0.0;0.0;0.0;0.0;0.0;0.0;0.0;0.0;0.066365
24226;0.222222;0.452991;0.205128;0.042735;0.017094;0.0;0.0;0.0;0.0;0.0;0.0;0.0;0.0;0.0;0.0;0.059829
24227;0.23945;0.309127;0.232581;0.063788;0.068695;0.0;0.0;0.0;0.0;0.0;0.0;0.0;0.0;0.0;0.0;0.086359
24228;0.19337;0.455801;0.174033;0.024862;0.085635;0.0;0.0;0.0;0.0;0.0;0.0;0.0;0.0;0.0;0.0;0.066298
24229;0.250936;0.445693;0.138577;0.05618;0.044944;0.0;0.0;0.0;0.0;0.0;0.0;0.0;0.0;0.0;0.0;0.06367
24230;0.316794;0.431298;0.114504;0.049618;0.061069;0.0;0.0;0.0;0.0;0.0;0.0;0.0;0.0;0.0;0.0;0.026718
24901;0.375246;0.24165;0.151277;0.051081;0.113949;0.0;0.0;0.0;0.0;0.0;0.0;0.0;0.0;0.0;0.0;0.066798
24902;0.343096;0.322176;0.16318;0.066946;0.058577;0.0;0.0;0.0;0.0;0.0;0.0;0.0;0.0;0.0;0.0;0.046025
25001;0.089109;0.039604;0.0;0.019802;0.108911;0.366337;0.237624;0.138614;0.0;0.0;0.0;0.0;0.0;0.0;0.0;0.0
25002;0.100313;0.031348;0.028213;0.012539;0.040752;0.357367;0.275862;0.137931;0.0;0.0;0.0;0.0;0.0;0.0;0.0;0.015674
25003;0.103692;0.045954;0.043598;0.031029;0.05381;0.364493;0.300471;0.050275;0.0;0.0;0.0;0.0;0.0;0.0;0.0;0.006677
25004;0.09324;0.013986;0.060606;0.027972;0.076923;0.368298;0.272727;0.06993;0.0;0.0;0.0;0.0;0.0;0.0;0.0;0.016317
25005;0.115789;0.047368;0.005263;0.010526;0.063158;0.352632;0.310526;0.094737;0.0;0.0;0.0;0.0;0.0;0.0;0.0;0.0
25006;0.198238;0.0837;0.039648;0.017621;0.057269;0.334802;0.193833;0.07489;0.0;0.0;0.0;0.0;0.0;0.0;0.0;0.0
25007;0.126646;0.035461;0.067882;0.04154;0.10537;0.33232;0.199595;0.073961;0.0;0.0;0.0;0.0;0.0;0.0;0.0;0.017224
25008;0.086792;0.091824;0.008805;0.015094;0.038994;0.408805;0.274214;0.071698;0.0;0.0;0.0;0.0;0.0;0.0;0.0;0.003774
25009;0.129252;0.077098;0.027211;0.020408;0.031746;0.396825;0.265306;0.047619;0.0;0.0;0.0;0.0;0.0;0.0;0.0;0.004535
25010;0.036765;0.007353;0.0;0.022059;0.058824;0.485294;0.264706;0.125;0.0;0.0;0.0;0.0;0.0;0.0;0.0;0.0
25011;0.112227;0.070896;0.056544;0.030425;0.078358;0.372273;0.196039;0.070608;0.0;0.0;0.0;0.0;0.0;0.0;0.0;0.012629
25012;0.149448;0.05718;0.049383;0.05783;0.127355;0.304743;0.180637;0.054581;0.0;0.0;0.0;0.0;0.0;0.0;0.0;0.018843
25013;0.244111;0.082798;0.049251;0.033547;0.074946;0.3005;0.154176;0.049251;0.0;0.0;0.0;0.0;0.0;0.0;0.0;0.01142
25014;0.044944;0.011236;0.0;0.0;0.039326;0.460674;0.337079;0.106742;0.0;0.0;0.0;0.0;0.0;0.0;0.0;0.0
25015;0.056522;0.056522;0.026087;0.008696;0.091304;0.382609;0.313043;0.052174;0.0;0.0;0.0;0.0;0.0;0.0;0.0;0.013043
25016;0.131089;0.046562;0.025788;0.017908;0.061605;0.381805;0.265759;0.068052;0.0;0.0;0.0;0.0;0.0;0.0;0.0;0.001433
25017;0.08046;0.022989;0.005747;0.0;0.057471;0.367816;0.350575;0.103448;0.0;0.0;0.0;0.0;0.0;0.0;0.0;0.011494
25019;0.170463;0.096085;0.04911;0.03879;0.116014;0.276868;0.195374;0.044484;0.0;0.0;0.0;0.0;0.0;0.0;0.0;0.012811
25020;0.070352;0.065327;0.030151;0.020101;0.045226;0.316583;0.386935;0.060302;0.0;0.0;0.0;0.0;0.0;0.0;0.0;0.005025
25021;0.165957;0.050456;0.020061;0.020669;0.065653;0.381763;0.219453;0.066869;0.0;0.0;0.0;0.0;0.0;0.0;0.0;0.009119
25022;0.050633;0.050633;0.0;0.0;0.037975;0.443038;0.367089;0.050633;0.0;0.0;0.0;0.0;0.0;0.0;0.0;0.0
25023;0.130514;0.074018;0.060121;0.046224;0.08429;0.331118;0.212387;0.054381;0.0;0.0;0.0;0.0;0.0;0.0;0.0;0.006949
25024;0.097166;0.004049;0.004049;0.0;0.024291;0.417004;0.291498;0.157895;0.0;0.0;0.0;0.0;0.0;0.0;0.0;0.004049
25025;0.225368;0.148358;0.091733;0.06342;0.132503;0.173273;0.103058;0.04077;0.0;0.0;0.0;0.0;0.0;0.0;0.0;0.021518
25027;0.045124;0.040757;0.018923;0.050946;0.048035;0.398836;0.343523;0.049491;0.0;0.0;0.0;0.0;0.0;0.0;0.0;0.004367
25029;0.100762;0.053345;0.011008;0.005927;0.064352;0.388654;0.287892;0.083827;0.0;0.0;0.0;0.0;0.0;0.0;0.0;0.004234
25030;0.039474;0.0;0.026316;0.013158;0.052632;0.381579;0.355263;0.118421;0.0;0.0;0.0;0.0;0.0;0.0;0.0;0.013158
25031;0.125;0.21875;0.15625;0.1875;0.03125;0.15625;0.09375;0.03125;0.0;0.0;0.0;0.0;0.0;0.0;0.0;0.0
25032;0.057692;0.0;0.0;0.019231;0.076923;0.480769;0.230769;0.096154;0.0;0.0;0.0;0.0;0.0;0.0;0.0;0.038462
25033;0.082324;0.023002;0.032688;0.01937;0.078692;0.412833;0.257869;0.090799;0.0;0.0;0.0;0.0;0.0;0.0;0.0;0.002421
25034;0.054786;0.042821;0.032116;0.019521;0.040302;0.404282;0.319899;0.080605;0.0;0.0;0.0;0.0;0.0;0.0;0.0;0.005668
25035;0.097656;0.035156;0.03125;0.046875;0.085938;0.363281;0.265625;0.0625;0.0;0.0;0.0;0.0;0.0;0.0;0.0;0.011719
25036;0.211382;0.105691;0.04065;0.02439;0.04878;0.276423;0.186992;0.105691;0.0;0.0;0.0;0.0;0.0;0.0;0.0;0.0
25037;0.064151;0.086792;0.018868;0.003774;0.037736;0.339623;0.343396;0.101887;0.0;0.0;0.0;0.0;0.0;0.0;0.0;0.003774
25038;0.095376;0.131985;0.039499;0.030829;0.060694;0.301541;0.302505;0.032755;0.0;0.0;0.0;0.0;0.0;0.0;0.0;0.004817
25039;0.116402;0.042328;0.005291;0.015873;0.126984;0.296296;0.253968;0.142857;0.0;0.0;0.0;0.0;0.0;0.0;0.0;0.0
25040;0.17114;0.067677;0.044156;0.032035;0.077345;0.329149;0.204618;0.065079;0.0;0.0;0.0;0.0;0.0;0.0;0.0;0.008802
25041;0.106557;0.040984;0.027322;0.008197;0.057377;0.407104;0.248634;0.087432;0.0;0.0;0.0;0.0;0.0;0.0;0.0;0.016393
25042;0.097222;0.069444;0.013889;0.006944;0.034722;0.277778;0.4375;0.055556;0.0;0.0;0.0;0.0;0.0;0.0;0.0;0.006944
25043;0.067358;0.025907;0.005181;0.015544;0.112263;0.442142;0.200345;0.127807;0.0;0.0;0.0;0.0;0.0;0.0;0.0;0.003454
25044;0.06338;0.112676;0.035211;0.028169;0.084507;0.197183;0.366197;0.098592;0.0;0.0;0.0;0.0;0.0;0.0;0.0;0.014085
25045;0.25;0.166667;0.0;0.0;0.125;0.25;0.041667;0.083333;0.0;0.0;0.0;0.0;0.0;0.0;0.0;0.083333
25046;0.083851;0.065217;0.009317;0.021739;0.071429;0.363354;0.208075;0.173913;0.0;0.0;0.0;0.0;0.0;0.0;0.0;0.003106
25047;0.088643;0.049861;0.022161;0.00554;0.033241;0.461219;0.267313;0.059557;0.0;0.0;0.0;0.0;0.0;0.0;0.0;0.012465
25048;0.122777;0.044877;0.028789;0.024555;0.073666;0.369179;0.270957;0.054191;0.0;0.0;0.0;0.0;0.0;0.0;0.0;0.011008
25049;0.12037;0.064815;0.018519;0.046296;0.018519;0.305556;0.314815;0.111111;0.0;0.0;0.0;0.0;0.0;0.0;0.0;0.0
25050;0.102737;0.040825;0.022432;0.018394;0.0655;0.410498;0.248093;0.085689;0.0;0.0;0.0;0.0;0.0;0.0;0.0;0.005832
25051;0.105413;0.030389;0.032289;0.031339;0.05793;0.362773;0.248813;0.121557;0.0;0.0;0.0;0.0;0.0;0.0;0.0;0.009497
25052;0.083832;0.036784;0.015398;0.015398;0.051326;0.441403;0.279726;0.06929;0.0;0.0;0.0;0.0;0.0;0.0;0.0;0.006843
25053;0.114428;0.059701;0.029851;0.021144;0.064677;0.378109;0.268657;0.05597;0.0;0.0;0.0;0.0;0.0;0.0;0.0;0.007463
25055;0.087719;0.105263;0.026316;0.0;0.061404;0.219298;0.359649;0.131579;0.0;0.0;0.0;0.0;0.0;0.0;0.0;0.008772
25056;0.062069;0.02069;0.02069;0.0;0.068966;0.393103;0.358621;0.068966;0.0;0.0;0.0;0.0;0.0;0.0;0.0;0.006897
25057;0.165517;0.062069;0.131034;0.103448;0.158621;0.193103;0.110345;0.048276;0.0;0.0;0.0;0.0;0.0;0.0;0.0;0.027586
25058;0.086412;0.041887;0.031332;0.020449;0.052441;0.355871;0.3219;0.084433;0.0;0.0;0.0;0.0;0.0;0.0;0.0;0.005277
25059;0.298677;0.177694;0.122873;0.045369;0.102079;0.151229;0.058601;0.020794;0.0;0.0;0.0;0.0;0.0;0.0;0.0;0.022684
25060;0.0;0.047619;0.047619;0.02381;0.166667;0.261905;0.333333;0.119048;0.0;0.0;0.0;0.0;0.0;0.0;0.0;0.0
25061;0.039216;0.0;0.019608;0.039216;0.039216;0.392157;0.411765;0.058824;0.0;0.0;0.0;0.0;0.0;0.0;0.0;0.0
25062;0.073922;0.028747;0.039014;0.020534;0.088296;0.406571;0.238193;0.094456;0.0;0.0;0.0;0.0;0.0;0.0;0.0;0.010267
25063;0.313725;0.137255;0.117647;0.019608;0.039216;0.215686;0.137255;0.019608;0.0;0.0;0.0;0.0;0.0;0.0;0.0;0.0
25064;0.051282;0.038462;0.012821;0.025641;0.025641;0.320513;0.320513;0.205128;0.0;0.0;0.0;0.0;0.0;0.0;0.0;0.0
25067;0.113169;0.084362;0.041152;0.047325;0.069959;0.304527;0.273663;0.059671;0.0;0.0;0.0;0.0;0.0;0.0;0.0;0.006173
25068;0.078212;0.02514;0.01676;0.02514;0.039106;0.326816;0.418994;0.067039;0.0;0.0;0.0;0.0;0.0;0.0;0.0;0.002793
25069;0.044218;0.034014;0.02381;0.003401;0.05102;0.496599;0.309524;0.037415;0.0;0.0;0.0;0.0;0.0;0.0;0.0;0.0
25070;0.084158;0.039604;0.016502;0.019802;0.051155;0.384488;0.308581;0.082508;0.0;0.0;0.0;0.0;0.0;0.0;0.0;0.013201
25071;0.0;0.033333;0.0;0.0;0.0;0.466667;0.233333;0.266667;0.0;0.0;0.0;0.0;0.0;0.0;0.0;0.0
25072;0.136216;0.062234;0.056986;0.027243;0.077981;0.314921;0.233442;0.077481;0.0;0.0;0.0;0.0;0.0;0.0;0.0;0.013497
25073;0.056;0.021333;0.013333;0.018667;0.072;0.469333;0.277333;0.064;0.0;0.0;0.0;0.0;0.0;0.0;0.0;0.008
25074;0.100671;0.053691;0.033557;0.013423;0.04698;0.456376;0.228188;0.060403;0.0;0.0;0.0;0.0;0.0;0.0;0.0;0.006711
25075;0.089109;0.019802;0.0;0.009901;0.079208;0.346535;0.29703;0.148515;0.0;0.0;0.0;0.0;0.0;0.0;0.0;0.009901
25076;0.065934;0.021978;0.021978;0.0;0.043956;0.406593;0.340659;0.098901;0.0;0.0;0.0;0.0;0.0;0.0;0.0;0.0
25077;0.109325;0.028939;0.012862;0.019293;0.073955;0.356913;0.26045;0.131833;0.0;0.0;0.0;0.0;0.0;0.0;0.0;0.006431
25078;0.061141;0.048913;0.023098;0.016304;0.050272;0.482337;0.240489;0.069293;0.0;0.0;0.0;0.0;0.0;0.0;0.0;0.008152
25079;0.034653;0.039604;0.034653;0.00495;0.039604;0.346535;0.445545;0.054455;0.0;0.0;0.0;0.0;0.0;0.0;0.0;0.0
25081;0.105263;0.047368;0.0;0.0;0.078947;0.378947;0.257895;0.126316;0.0;0.0;0.0;0.0;0.0;0.0;0.0;0.005263
25082;0.076923;0.020513;0.0;0.015385;0.041026;0.54359;0.246154;0.030769;0.0;0.0;0.0;0.0;0.0;0.0;0.0;0.025641
25085;0.066038;0.122642;0.056604;0.037736;0.018868;0.264151;0.349057;0.084906;0.0;0.0;0.0;0.0;0.0;0.0;0.0;0.0
25086;0.084158;0.009901;0.007426;0.014851;0.059406;0.415842;0.274752;0.133663;0.0;0.0;0.0;0.0;0.0;0.0;0.0;0.0
25087;0.133333;0.0;0.0;0.0;0.044444;0.222222;0.333333;0.266667;0.0;0.0;0.0;0.0;0.0;0.0;0.0;0.0
25088;0.027397;0.027397;0.0;0.027397;0.041096;0.287671;0.589041;0.0;0.0;0.0;0.0;0.0;0.0;0.0;0.0;0.0
25089;0.074627;0.0;0.014925;0.014925;0.104478;0.223881;0.208955;0.358209;0.0;0.0;0.0;0.0;0.0;0.0;0.0;0.0
25092;0.054348;0.01087;0.0;0.021739;0.076087;0.347826;0.326087;0.152174;0.0;0.0;0.0;0.0;0.0;0.0;0.0;0.01087
25093;0.09589;0.057078;0.041096;0.031963;0.057078;0.324201;0.340183;0.038813;0.0;0.0;0.0;0.0;0.0;0.0;0.0;0.013699
25094;0.043956;0.10989;0.0;0.0;0.032967;0.274725;0.428571;0.087912;0.0;0.0;0.0;0.0;0.0;0.0;0.0;0.021978
25096;0.071307;0.057725;0.03056;0.016978;0.04584;0.40747;0.293718;0.066214;0.0;0.0;0.0;0.0;0.0;0.0;0.0;0.010187
25097;0.028986;0.101449;0.028986;0.014493;0.043478;0.608696;0.173913;0.0;0.0;0.0;0.0;0.0;0.0;0.0;0.0;0.0
25098;0.133758;0.006369;0.0;0.012739;0.044586;0.356688;0.33121;0.11465;0.0;0.0;0.0;0.0;0.0;0.0;0.0;0.0
25099;0.07461;0.045657;0.018931;0.016704;0.050111;0.360802;0.348552;0.081292;0.0;0.0;0.0;0.0;0.0;0.0;0.0;0.003341
25100;0.096296;0.007407;0.022222;0.014815;0.059259;0.362963;0.303704;0.118519;0.0;0.0;0.0;0.0;0.0;0.0;0.0;0.014815
25101;0.059113;0.019704;0.034483;0.0;0.036946;0.391626;0.35468;0.100985;0.0;0.0;0.0;0.0;0.0;0.0;0.0;0.002463
25102;0.138365;0.071279;0.044025;0.046122;0.075472;0.27673;0.293501;0.048218;0.0;0.0;0.0;0.0;0.0;0.0;0.0;0.006289
25103;0.057471;0.022989;0.034483;0.011494;0.103448;0.37931;0.275862;0.114943;0.0;0.0;0.0;0.0;0.0;0.0;0.0;0.0
25104;0.079545;0.056818;0.068182;0.022727;0.068182;0.261364;0.375;0.068182;0.0;0.0;0.0;0.0;0.0;0.0;0.0;0.0
25105;0.048193;0.024096;0.060241;0.024096;0.060241;0.421687;0.313253;0.048193;0.0;0.0;0.0;0.0;0.0;0.0;0.0;0.0
25109;0.039216;0.078431;0.019608;0.0;0.039216;0.294118;0.48366;0.039216;0.0;0.0;0.0;0.0;0.0;0.0;0.0;0.006536
25110;0.148903;0.03605;0.028736;0.026646;0.065831;0.329154;0.272727;0.07837;0.0;0.0;0.0;0.0;0.0;0.0;0.0;0.013584
25111;0.059524;0.011905;0.011905;0.011905;0.011905;0.190476;0.571429;0.095238;0.0;0.0;0.0;0.0;0.0;0.0;0.0;0.035714
25112;0.080808;0.055556;0.055556;0.030303;0.030303;0.277778;0.333333;0.136364;0.0;0.0;0.0;0.0;0.0;0.0;0.0;0.0
25113;0.113953;0.034884;0.023256;0.02093;0.051163;0.405814;0.261628;0.076744;0.0;0.0;0.0;0.0;0.0;0.0;0.0;0.011628
25114;0.012346;0.0;0.012346;0.0;0.0;0.283951;0.654321;0.024691;0.0;0.0;0.0;0.0;0.0;0.0;0.0;0.012346
25115;0.093379;0.042445;0.011885;0.01528;0.049236;0.334465;0.371817;0.06961;0.0;0.0;0.0;0.0;0.0;0.0;0.0;0.011885
25118;0.068807;0.082569;0.03211;0.013761;0.06422;0.288991;0.325688;0.119266;0.0;0.0;0.0;0.0;0.0;0.0;0.0;0.004587
25119;0.09791;0.050746;0.015522;0.014925;0.04597;0.400597;0.299701;0.071045;0.0;0.0;0.0;0.0;0.0;0.0;0.0;0.003582
25120;0.194239;0.103973;0.066743;0.052584;0.09829;0.261354;0.155072;0.052762;0.0;0.0;0.0;0.0;0.0;0.0;0.0;0.014982
25121;0.336927;0.091644;0.091644;0.048518;0.09973;0.207547;0.083558;0.018868;0.0;0.0;0.0;0.0;0.0;0.0;0.0;0.021563
25122;0.102397;0.046478;0.018155;0.027596;0.05374;0.392157;0.287582;0.061002;0.0;0.0;0.0;0.0;0.0;0.0;0.0;0.010893
25123;0.097744;0.022556;0.007519;0.022556;0.052632;0.398496;0.285714;0.090226;0.0;0.0;0.0;0.0;0.0;0.0;0.0;0.022556
25124;0.03;0.12;0.01;0.03;0.07;0.29;0.32;0.11;0.0;0.0;0.0;0.0;0.0;0.0;0.0;0.02
25125;0.045802;0.064885;0.026718;0.003817;0.034351;0.442748;0.316794;0.061069;0.0;0.0;0.0;0.0;0.0;0.0;0.0;0.003817
25126;0.114833;0.019139;0.0;0.019139;0.07177;0.354067;0.23445;0.172249;0.0;0.0;0.0;0.0;0.0;0.0;0.0;0.014354
25127;0.034722;0.006944;0.0;0.0;0.055556;0.444444;0.284722;0.159722;0.0;0.0;0.0;0.0;0.0;0.0;0.0;0.013889
25128;0.164706;0.0;0.011765;0.011765;0.094118;0.329412;0.188235;0.176471;0.0;0.0;0.0;0.0;0.0;0.0;0.0;0.023529
25129;0.035714;0.017857;0.017857;0.008929;0.026786;0.357143;0.392857;0.133929;0.0;0.0;0.0;0.0;0.0;0.0;0.0;0.008929
25130;0.085938;0.03125;0.023438;0.0;0.015625;0.3125;0.304688;0.21875;0.0;0.0;0.0;0.0;0.0;0.0;0.0;0.007812
25131;0.144928;0.050725;0.036232;0.01087;0.076087;0.467391;0.144928;0.061594;0.0;0.0;0.0;0.0;0.0;0.0;0.0;0.007246
25132;0.161905;0.038095;0.028571;0.019048;0.057143;0.371429;0.285714;0.028571;0.0;0.0;0.0;0.0;0.0;0.0;0.0;0.009524
25133;0.083682;0.050209;0.031381;0.016736;0.048117;0.334728;0.364017;0.064854;0.0;0.0;0.0;0.0;0.0;0.0;0.0;0.006276
25134;0.095344;0.042129;0.033259;0.004435;0.068736;0.40133;0.305987;0.046563;0.0;0.0;0.0;0.0;0.0;0.0;0.0;0.002217
25135;0.103293;0.043413;0.037425;0.008982;0.046407;0.362275;0.342814;0.049401;0.0;0.0;0.0;0.0;0.0;0.0;0.0;0.005988
25136;0.013889;0.111111;0.0;0.027778;0.041667;0.194444;0.458333;0.138889;0.0;0.0;0.0;0.0;0.0;0.0;0.0;0.013889
25137;0.159573;0.05938;0.043615;0.026449;0.077422;0.301454;0.263794;0.056227;0.0;0.0;0.0;0.0;0.0;0.0;0.0;0.012086
25138;0.097156;0.066351;0.028436;0.009479;0.042654;0.42891;0.274882;0.042654;0.0;0.0;0.0;0.0;0.0;0.0;0.0;0.009479
25139;0.087464;0.020408;0.011662;0.023324;0.046647;0.478134;0.215743;0.107872;0.0;0.0;0.0;0.0;0.0;0.0;0.0;0.008746
25140;0.108007;0.040968;0.042831;0.022346;0.083799;0.361266;0.243948;0.09311;0.0;0.0;0.0;0.0;0.0;0.0;0.0;0.003724
25141;0.019802;0.049505;0.0;0.009901;0.049505;0.247525;0.415842;0.19802;0.0;0.0;0.0;0.0;0.0;0.0;0.0;0.009901
25142;0.071174;0.02847;0.049822;0.042705;0.064057;0.341637;0.298932;0.096085;0.0;0.0;0.0;0.0;0.0;0.0;0.0;0.007117
25143;0.193548;0.032258;0.016129;0.0;0.048387;0.403226;0.274194;0.032258;0.0;0.0;0.0;0.0;0.0;0.0;0.0;0.0
25145;0.067797;0.0;0.0;0.016949;0.033898;0.288136;0.491525;0.101695;0.0;0.0;0.0;0.0;0.0;0.0;0.0;0.0
25146;0.046053;0.078947;0.013158;0.052632;0.052632;0.236842;0.427632;0.092105;0.0;0.0;0.0;0.0;0.0;0.0;0.0;0.0
25148;0.031646;0.050633;0.006329;0.031646;0.018987;0.278481;0.493671;0.088608;0.0;0.0;0.0;0.0;0.0;0.0;0.0;0.0
25149;0.134446;0.055937;0.008832;0.017664;0.04318;0.35525;0.320903;0.054956;0.0;0.0;0.0;0.0;0.0;0.0;0.0;0.008832
25150;0.015625;0.054688;0.085938;0.007812;0.0625;0.28125;0.46875;0.0;0.0;0.0;0.0;0.0;0.0;0.0;0.0;0.023438
25151;0.069343;0.051095;0.031022;0.027372;0.034672;0.322993;0.368613;0.091241;0.0;0.0;0.0;0.0;0.0;0.0;0.0;0.00365
25152;0.084906;0.037736;0.018868;0.037736;0.037736;0.330189;0.339623;0.103774;0.0;0.0;0.0;0.0;0.0;0.0;0.0;0.009434
25153;0.117647;0.154412;0.051471;0.029412;0.051471;0.308824;0.220588;0.051471;0.0;0.0;0.0;0.0;0.0;0.0;0.0;0.014706
25154;0.035294;0.035294;0.0;0.0;0.047059;0.305882;0.494118;0.070588;0.0;0.0;0.0;0.0;0.0;0.0;0.0;0.011765
25155;0.120181;0.049887;0.038549;0.006803;0.047619;0.378685;0.30839;0.045351;0.0;0.0;0.0;0.0;0.0;0.0;0.0;0.004535
25156;0.099291;0.062057;0.035461;0.015957;0.069149;0.367021;0.281915;0.06383;0.0;0.0;0.0;0.0;0.0;0.0;0.0;0.005319
25157;0.104;0.064;0.04;0.032;0.08;0.272;0.368;0.04;0.0;0.0;0.0;0.0;0.0;0.0;0.0;0.0
25158;0.075085;0.029863;0.030717;0.023891;0.069966;0.383959;0.316553;0.0657;0.0;0.0;0.0;0.0;0.0;0.0;0.0;0.004266
25161;0.090498;0.031674;0.0;0.00905;0.045249;0.38914;0.285068;0.144796;0.0;0.0;0.0;0.0;0.0;0.0;0.0;0.004525
25163;0.018634;0.037267;0.031056;0.012422;0.024845;0.42236;0.36646;0.086957;0.0;0.0;0.0;0.0;0.0;0.0;0.0;0.0
25164;0.062745;0.047059;0.023529;0.019608;0.031373;0.341176;0.435294;0.039216;0.0;0.0;0.0;0.0;0.0;0.0;0.0;0.0
25165;0.086538;0.048077;0.028846;0.024038;0.038462;0.350962;0.360577;0.0625;0.0;0.0;0.0;0.0;0.0;0.0;0.0;0.0
25166;0.023438;0.117188;0.046875;0.007812;0.023438;0.273438;0.390625;0.117188;0.0;0.0;0.0;0.0;0.0;0.0;0.0;0.0
25167;0.031056;0.099379;0.031056;0.006211;0.093168;0.242236;0.36646;0.124224;0.0;0.0;0.0;0.0;0.0;0.0;0.0;0.006211
25168;0.058524;0.10687;0.040712;0.022901;0.022901;0.312977;0.340967;0.091603;0.0;0.0;0.0;0.0;0.0;0.0;0.0;0.002545
25169;0.151786;0.044643;0.0;0.044643;0.026786;0.3125;0.223214;0.178571;0.0;0.0;0.0;0.0;0.0;0.0;0.0;0.017857
25170;0.100478;0.028708;0.014354;0.0;0.038278;0.38756;0.339713;0.0;0.0;0.0;0.0;0.0;0.0;0.0;0.0;0.090909
25171;0.18378;0.026161;0.018967;0.018313;0.071288;0.327011;0.255069;0.092217;0.0;0.0;0.0;0.0;0.0;0.0;0.0;0.007194
25172;0.095817;0.068441;0.019772;0.01597;0.044106;0.371863;0.304943;0.069962;0.0;0.0;0.0;0.0;0.0;0.0;0.0;0.009125
25173;0.272571;0.061909;0.042132;0.045572;0.137575;0.245056;0.116939;0.067068;0.0;0.0;0.0;0.0;0.0;0.0;0.0;0.011178
25174;0.099678;0.041801;0.009646;0.038585;0.045016;0.366559;0.308682;0.07717;0.0;0.0;0.0;0.0;0.0;0.0;0.0;0.012862
25175;0.059829;0.08547;0.051282;0.017094;0.094017;0.350427;0.247863;0.094017;0.0;0.0;0.0;0.0;0.0;0.0;0.0;0.0
25176;0.021277;0.076596;0.046809;0.025532;0.059574;0.297872;0.370213;0.097872;0.0;0.0;0.0;0.0;0.0;0.0;0.0;0.004255
25177;0.096386;0.056225;0.044177;0.016064;0.056225;0.35743;0.297189;0.068273;0.0;0.0;0.0;0.0;0.0;0.0;0.0;0.008032
25179;0.05303;0.030303;0.022727;0.015152;0.030303;0.356061;0.401515;0.090909;0.0;0.0;0.0;0.0;0.0;0.0;0.0;0.0
25180;0.084416;0.019481;0.006494;0.025974;0.084416;0.318182;0.454545;0.0;0.0;0.0;0.0;0.0;0.0;0.0;0.0;0.006494
25181;0.080882;0.080882;0.014706;0.022059;0.051471;0.257353;0.323529;0.161765;0.0;0.0;0.0;0.0;0.0;0.0;0.0;0.007353
25182;0.174202;0.054521;0.066489;0.021277;0.086436;0.30984;0.191489;0.078457;0.0;0.0;0.0;0.0;0.0;0.0;0.0;0.017287
25183;0.101093;0.030055;0.027322;0.008197;0.090164;0.319672;0.281421;0.125683;0.0;0.0;0.0;0.0;0.0;0.0;0.0;0.016393
25185;0.099778;0.031042;0.019956;0.02439;0.090909;0.37694;0.27051;0.079823;0.0;0.0;0.0;0.0;0.0;0.0;0.0;0.006652
25186;0.062112;0.055901;0.024845;0.018634;0.055901;0.273292;0.391304;0.111801;0.0;0.0;0.0;0.0;0.0;0.0;0.0;0.006211
25189;0.132414;0.052414;0.037931;0.03931;0.10069;0.326897;0.233103;0.06;0.0;0.0;0.0;0.0;0.0;0.0;0.0;0.017241
25190;0.18;0.01;0.02;0.005;0.095;0.345;0.16;0.175;0.0;0.0;0.0;0.0;0.0;0.0;0.0;0.01
25191;0.077273;0.077273;0.027273;0.013636;0.045455;0.304545;0.340909;0.104545;0.0;0.0;0.0;0.0;0.0;0.0;0.0;0.009091
25192;0.105769;0.055769;0.048077;0.025;0.080769;0.321154;0.259615;0.096154;0.0;0.0;0.0;0.0;0.0;0.0;0.0;0.007692
25193;0.078712;0.030411;0.005367;0.007156;0.037567;0.291592;0.39356;0.152057;0.0;0.0;0.0;0.0;0.0;0.0;0.0;0.003578
25194;0.066434;0.059441;0.031469;0.01049;0.052448;0.321678;0.367133;0.090909;0.0;0.0;0.0;0.0;0.0;0.0;0.0;0.0
25196;0.135135;0.040541;0.0;0.0;0.148649;0.283784;0.310811;0.081081;0.0;0.0;0.0;0.0;0.0;0.0;0.0;0.0
25197;0.036697;0.0;0.036697;0.018349;0.055046;0.385321;0.256881;0.211009;0.0;0.0;0.0;0.0;0.0;0.0;0.0;0.0
25200;0.089796;0.02449;0.004082;0.012245;0.032653;0.477551;0.273469;0.077551;0.0;0.0;0.0;0.0;0.0;0.0;0.0;0.008163
25201;0.098765;0.024691;0.012346;0.024691;0.074074;0.320988;0.333333;0.098765;0.0;0.0;0.0;0.0;0.0;0.0;0.0;0.012346
25202;0.114286;0.028571;0.0;0.0;0.114286;0.314286;0.271429;0.128571;0.0;0.0;0.0;0.0;0.0;0.0;0.0;0.028571
25203;0.185515;0.073298;0.046771;0.041536;0.088482;0.30349;0.175044;0.075393;0.0;0.0;0.0;0.0;0.0;0.0;0.0;0.010471
25204;0.09689;0.044258;0.047847;0.019139;0.046651;0.376794;0.315789;0.043062;0.0;0.0;0.0;0.0;0.0;0.0;0.0;0.009569
25205;0.113861;0.064356;0.034653;0.034653;0.089109;0.321782;0.272277;0.059406;0.0;0.0;0.0;0.0;0.0;0.0;0.0;0.009901
25206;0.016129;0.010753;0.021505;0.005376;0.026882;0.44086;0.408602;0.05914;0.0;0.0;0.0;0.0;0.0;0.0;0.0;0.010753
25207;0.115445;0.039677;0.026451;0.023313;0.069715;0.334454;0.284017;0.102892;0.0;0.0;0.0;0.0;0.0;0.0;0.0;0.004035
25208;0.062762;0.012552;0.020921;0.0;0.104603;0.351464;0.175732;0.25523;0.0;0.0;0.0;0.0;0.0;0.0;0.0;0.016736
25209;0.092153;0.04562;0.020985;0.027372;0.09854;0.310219;0.257299;0.135949;0.0;0.0;0.0;0.0;0.0;0.0;0.0;0.011861
25210;0.142857;0.046332;0.027027;0.016731;0.041184;0.387387;0.299871;0.033462;0.0;0.0;0.0;0.0;0.0;0.0;0.0;0.005148
25211;0.098501;0.053533;0.010707;0.017131;0.044968;0.471092;0.205567;0.094218;0.0;0.0;0.0;0.0;0.0;0.0;0.0;0.004283
25212;0.114286;0.074286;0.011429;0.011429;0.051429;0.297143;0.337143;0.097143;0.0;0.0;0.0;0.0;0.0;0.0;0.0;0.005714
25215;0.135246;0.057377;0.090164;0.057377;0.086066;0.25;0.192623;0.110656;0.0;0.0;0.0;0.0;0.0;0.0;0.0;0.020492
25216;0.037634;0.091398;0.021505;0.021505;0.021505;0.419355;0.252688;0.123656;0.0;0.0;0.0;0.0;0.0;0.0;0.0;0.010753
25217;0.127203;0.047966;0.030343;0.029018;0.082284;0.328077;0.257188;0.086922;0.0;0.0;0.0;0.0;0.0;0.0;0.0;0.010998
25218;0.041096;0.013699;0.013699;0.0;0.041096;0.452055;0.328767;0.109589;0.0;0.0;0.0;0.0;0.0;0.0;0.0;0.0
25219;0.009091;0.063636;0.045455;0.036364;0.090909;0.345455;0.227273;0.181818;0.0;0.0;0.0;0.0;0.0;0.0;0.0;0.0
25220;0.053876;0.052562;0.026281;0.010512;0.039422;0.312746;0.425756;0.069645;0.0;0.0;0.0;0.0;0.0;0.0;0.0;0.009198
25221;0.0875;0.05;0.0;0.0125;0.0375;0.3625;0.2375;0.1875;0.0;0.0;0.0;0.0;0.0;0.0;0.0;0.025
25222;0.051724;0.189655;0.017241;0.0;0.0;0.189655;0.448276;0.086207;0.0;0.0;0.0;0.0;0.0;0.0;0.0;0.017241
25223;0.069803;0.018209;0.025797;0.004552;0.053111;0.370258;0.314112;0.132018;0.0;0.0;0.0;0.0;0.0;0.0;0.0;0.01214
25224;0.021277;0.031915;0.010638;0.0;0.053191;0.468085;0.244681;0.148936;0.0;0.0;0.0;0.0;0.0;0.0;0.0;0.021277
25225;0.045802;0.053435;0.022901;0.012723;0.048346;0.384224;0.328244;0.099237;0.0;0.0;0.0;0.0;0.0;0.0;0.0;0.005089
25226;0.058065;0.0;0.0;0.032258;0.129032;0.419355;0.270968;0.090323;0.0;0.0;0.0;0.0;0.0;0.0;0.0;0.0
25227;0.065401;0.012658;0.010549;0.018987;0.075949;0.373418;0.322785;0.118143;0.0;0.0;0.0;0.0;0.0;0.0;0.0;0.00211
25228;0.124104;0.060036;0.052867;0.041219;0.071685;0.347222;0.251344;0.043907;0.0;0.0;0.0;0.0;0.0;0.0;0.0;0.007616
25230;0.147706;0.069725;0.03945;0.031193;0.040367;0.412844;0.218349;0.036697;0.0;0.0;0.0;0.0;0.0;0.0;0.0;0.00367
25231;0.044156;0.062338;0.031169;0.023377;0.062338;0.45974;0.244156;0.05974;0.0;0.0;0.0;0.0;0.0;0.0;0.0;0.012987
25232;0.151848;0.063936;0.022977;0.017982;0.070929;0.271728;0.297702;0.092907;0.0;0.0;0.0;0.0;0.0;0.0;0.0;0.00999
25233;0.127358;0.080189;0.037736;0.023585;0.117925;0.358491;0.212264;0.042453;0.0;0.0;0.0;0.0;0.0;0.0;0.0;0.0
25234;0.169989;0.058354;0.035883;0.030446;0.084813;0.27075;0.248641;0.089888;0.0;0.0;0.0;0.0;0.0;0.0;0.0;0.011236
25238;0.05625;0.025;0.0375;0.01875;0.05625;0.3;0.38125;0.11875;0.0;0.0;0.0;0.0;0.0;0.0;0.0;0.00625
25239;0.137615;0.042813;0.036697;0.039755;0.082569;0.333333;0.256881;0.06422;0.0;0.0;0.0;0.0;0.0;0.0;0.0;0.006116
25240;0.115044;0.082596;0.048181;0.022616;0.069813;0.318584;0.26352;0.07473;0.0;0.0;0.0;0.0;0.0;0.0;0.0;0.004916
25242;0.097308;0.066253;0.022774;0.012422;0.060041;0.335404;0.308489;0.089027;0.0;0.0;0.0;0.0;0.0;0.0;0.0;0.008282
25243;0.277634;0.120898;0.113558;0.070812;0.131693;0.156304;0.088515;0.026339;0.0;0.0;0.0;0.0;0.0;0.0;0.0;0.014249
25244;0.104089;0.063197;0.02974;0.018587;0.063197;0.330855;0.29368;0.096654;0.0;0.0;0.0;0.0;0.0;0.0;0.0;0.0
25245;0.253289;0.055921;0.036184;0.026316;0.131579;0.282895;0.138158;0.069079;0.0;0.0;0.0;0.0;0.0;0.0;0.0;0.006579
25247;0.264368;0.103448;0.206897;0.103448;0.103448;0.137931;0.068966;0.011494;0.0;0.0;0.0;0.0;0.0;0.0;0.0;0.0
25248;0.059701;0.032836;0.01194;0.00597;0.034328;0.398507;0.371642;0.083582;0.0;0.0;0.0;0.0;0.0;0.0;0.0;0.001493
25249;0.08;0.08;0.04;0.008;0.032;0.352;0.256;0.152;0.0;0.0;0.0;0.0;0.0;0.0;0.0;0.0
25250;0.094697;0.049242;0.022727;0.003788;0.034091;0.435606;0.284091;0.075758;0.0;0.0;0.0;0.0;0.0;0.0;0.0;0.0
25251;0.099426;0.072658;0.036329;0.021033;0.061185;0.390057;0.246654;0.055449;0.0;0.0;0.0;0.0;0.0;0.0;0.0;0.017208
25252;0.06366;0.061008;0.03183;0.03183;0.047745;0.381963;0.307692;0.068966;0.0;0.0;0.0;0.0;0.0;0.0;0.0;0.005305
25253;0.059829;0.051282;0.0;0.025641;0.068376;0.435897;0.25641;0.102564;0.0;0.0;0.0;0.0;0.0;0.0;0.0;0.0
25254;0.118577;0.079051;0.021739;0.027668;0.086957;0.357708;0.252964;0.05336;0.0;0.0;0.0;0.0;0.0;0.0;0.0;0.001976
25255;0.089701;0.053156;0.036545;0.046512;0.063123;0.375415;0.285714;0.046512;0.0;0.0;0.0;0.0;0.0;0.0;0.0;0.003322
25901;0.086957;0.072464;0.019324;0.009662;0.072464;0.342995;0.251208;0.120773;0.0;0.0;0.0;0.0;0.0;0.0;0.0;0.024155
25902;0.067164;0.077114;0.042289;0.0199;0.054726;0.343284;0.281095;0.114428;0.0;0.0;0.0;0.0;0.0;0.0;0.0;0.0
25903;0.053571;0.011905;0.005952;0.005952;0.047619;0.386905;0.369048;0.107143;0.0;0.0;0.0;0.0;0.0;0.0;0.0;0.011905
25904;0.099237;0.061069;0.007634;0.022901;0.053435;0.21374;0.442748;0.076336;0.0;0.0;0.0;0.0;0.0;0.0;0.0;0.022901
25905;0.095588;0.069853;0.025735;0.025735;0.084559;0.341912;0.275735;0.077206;0.0;0.0;0.0;0.0;0.0;0.0;0.0;0.003676
25906;0.124031;0.023256;0.0;0.03876;0.031008;0.472868;0.224806;0.085271;0.0;0.0;0.0;0.0;0.0;0.0;0.0;0.0
25907;0.061281;0.016713;0.027855;0.027855;0.069638;0.417827;0.247911;0.119777;0.0;0.0;0.0;0.0;0.0;0.0;0.0;0.011142
25908;0.147059;0.029412;0.044118;0.014706;0.051471;0.367647;0.264706;0.073529;0.0;0.0;0.0;0.0;0.0;0.0;0.0;0.007353
25909;0.072917;0.0;0.010417;0.03125;0.104167;0.34375;0.322917;0.114583;0.0;0.0;0.0;0.0;0.0;0.0;0.0;0.0
25910;0.063492;0.015873;0.015873;0.0;0.126984;0.333333;0.31746;0.095238;0.0;0.0;0.0;0.0;0.0;0.0;0.0;0.031746
25911;0.057823;0.030612;0.047619;0.010204;0.054422;0.329932;0.343537;0.119048;0.0;0.0;0.0;0.0;0.0;0.0;0.0;0.006803
25912;0.179153;0.275244;0.027687;0.029316;0.079805;0.226384;0.130293;0.042345;0.0;0.0;0.0;0.0;0.0;0.0;0.0;0.009772
25913;0.056338;0.014085;0.014085;0.0;0.056338;0.450704;0.323944;0.084507;0.0;0.0;0.0;0.0;0.0;0.0;0.0;0.0
26001;0.427536;0.355072;0.094203;0.057971;0.065217;0.0;0.0;0.0;0.0;0.0;0.0;0.0;0.0;0.0;0.0;0.0
26002;0.32047;0.355705;0.204698;0.045302;0.068792;0.0;0.0;0.0;0.0;0.0;0.0;0.0;0.0;0.0;0.0;0.005034
26003;0.337705;0.531148;0.07541;0.016393;0.032787;0.0;0.0;0.0;0.0;0.0;0.0;0.0;0.0;0.0;0.0;0.006557
26004;0.086957;0.76087;0.152174;0.0;0.0;0.0;0.0;0.0;0.0;0.0;0.0;0.0;0.0;0.0;0.0;0.0
26005;0.325626;0.391779;0.120103;0.062942;0.08799;0.0;0.0;0.0;0.0;0.0;0.0;0.0;0.0;0.0;0.0;0.011561
26006;0.371235;0.365211;0.098645;0.045181;0.108434;0.0;0.0;0.0;0.0;0.0;0.0;0.0;0.0;0.0;0.0;0.011295
26007;0.393678;0.25;0.103448;0.043103;0.186782;0.0;0.0;0.0;0.0;0.0;0.0;0.0;0.0;0.0;0.0;0.022989
26008;0.385882;0.381961;0.118431;0.060392;0.044706;0.0;0.0;0.0;0.0;0.0;0.0;0.0;0.0;0.0;0.0;0.008627
26009;0.310469;0.440433;0.072202;0.01444;0.151625;0.0;0.0;0.0;0.0;0.0;0.0;0.0;0.0;0.0;0.0;0.01083
26010;0.354839;0.451613;0.129032;0.048387;0.016129;0.0;0.0;0.0;0.0;0.0;0.0;0.0;0.0;0.0;0.0;0.0
26011;0.382504;0.331046;0.123285;0.062822;0.086621;0.0;0.0;0.0;0.0;0.0;0.0;0.0;0.0;0.0;0.0;0.013722
26012;0.222222;0.555556;0.074074;0.148148;0.0;0.0;0.0;0.0;0.0;0.0;0.0;0.0;0.0;0.0;0.0;0.0
26013;0.366667;0.320833;0.091667;0.058333;0.120833;0.0;0.0;0.0;0.0;0.0;0.0;0.0;0.0;0.0;0.0;0.041667
26014;0.477778;0.325926;0.051852;0.040741;0.1;0.0;0.0;0.0;0.0;0.0;0.0;0.0;0.0;0.0;0.0;0.003704
26015;0.25;0.470588;0.198529;0.022059;0.051471;0.0;0.0;0.0;0.0;0.0;0.0;0.0;0.0;0.0;0.0;0.007353
26016;0.388889;0.388889;0.0;0.222222;0.0;0.0;0.0;0.0;0.0;0.0;0.0;0.0;0.0;0.0;0.0;0.0
26017;0.513109;0.202247;0.059925;0.041199;0.17603;0.0;0.0;0.0;0.0;0.0;0.0;0.0;0.0;0.0;0.0;0.007491
26018;0.417404;0.306651;0.091043;0.072003;0.102172;0.0;0.0;0.0;0.0;0.0;0.0;0.0;0.0;0.0;0.0;0.010727
26019;0.325301;0.329317;0.156627;0.052209;0.120482;0.0;0.0;0.0;0.0;0.0;0.0;0.0;0.0;0.0;0.0;0.016064
26020;0.298077;0.435897;0.092949;0.092949;0.070513;0.0;0.0;0.0;0.0;0.0;0.0;0.0;0.0;0.0;0.0;0.009615
26021;0.309176;0.384776;0.191867;0.045881;0.057873;0.0;0.0;0.0;0.0;0.0;0.0;0.0;0.0;0.0;0.0;0.010428
26022;0.1875;0.523438;0.125;0.085938;0.0625;0.0;0.0;0.0;0.0;0.0;0.0;0.0;0.0;0.0;0.0;0.015625
26023;0.356913;0.418006;0.106109;0.061093;0.048232;0.0;0.0;0.0;0.0;0.0;0.0;0.0;0.0;0.0;0.0;0.009646
26024;0.341935;0.43871;0.129032;0.012903;0.064516;0.0;0.0;0.0;0.0;0.0;0.0;0.0;0.0;0.0;0.0;0.012903
26025;0.507937;0.31746;0.047619;0.015873;0.095238;0.0;0.0;0.0;0.0;0.0;0.0;0.0;0.0;0.0;0.0;0.015873
26026;0.378882;0.416149;0.106625;0.048654;0.041408;0.0;0.0;0.0;0.0;0.0;0.0;0.0;0.0;0.0;0.0;0.008282
26027;0.43299;0.443299;0.020619;0.030928;0.061856;0.0;0.0;0.0;0.0;0.0;0.0;0.0;0.0;0.0;0.0;0.010309
26028;0.252336;0.448598;0.158879;0.018692;0.121495;0.0;0.0;0.0;0.0;0.0;0.0;0.0;0.0;0.0;0.0;0.0
26029;0.28;0.56;0.04;0.0;0.08;0.0;0.0;0.0;0.0;0.0;0.0;0.0;0.0;0.0;0.0;0.04
26030;0.0625;0.625;0.125;0.0625;0.125;0.0;0.0;0.0;0.0;0.0;0.0;0.0;0.0;0.0;0.0;0.0
26031;0.325301;0.433735;0.072289;0.060241;0.060241;0.0;0.0;0.0;0.0;0.0;0.0;0.0;0.0;0.0;0.0;0.048193
26032;0.514286;0.257143;0.114286;0.028571;0.085714;0.0;0.0;0.0;0.0;0.0;0.0;0.0;0.0;0.0;0.0;0.0
26033;0.48062;0.255814;0.069767;0.046512;0.093023;0.0;0.0;0.0;0.0;0.0;0.0;0.0;0.0;0.0;0.0;0.054264
26034;0.448276;0.337931;0.057471;0.045977;0.096552;0.0;0.0;0.0;0.0;0.0;0.0;0.0;0.0;0.0;0.0;0.013793
26035;0.545455;0.363636;0.0;0.0;0.090909;0.0;0.0;0.0;0.0;0.0;0.0;0.0;0.0;0.0;0.0;0.0
26036;0.33408;0.34582;0.147594;0.075992;0.082176;0.0;0.0;0.0;0.0;0.0;0.0;0.0;0.0;0.0;0.0;0.014338
26037;0.357895;0.347368;0.136842;0.052632;0.084211;0.0;0.0;0.0;0.0;0.0;0.0;0.0;0.0;0.0;0.0;0.021053
26038;0.538462;0.211538;0.096154;0.057692;0.096154;0.0;0.0;0.0;0.0;0.0;0.0;0.0;0.0;0.0;0.0;0.0
26039;0.451613;0.290323;0.16129;0.0;0.064516;0.0;0.0;0.0;0.0;0.0;0.0;0.0;0.0;0.0;0.0;0.032258
26040;0.304348;0.586957;0.043478;0.043478;0.0;0.0;0.0;0.0;0.0;0.0;0.0;0.0;0.0;0.0;0.0;0.021739
26041;0.2;0.569231;0.169231;0.015385;0.030769;0.0;0.0;0.0;0.0;0.0;0.0;0.0;0.0;0.0;0.0;0.015385
26042;0.368794;0.365248;0.093972;0.042553;0.117021;0.0;0.0;0.0;0.0;0.0;0.0;0.0;0.0;0.0;0.0;0.012411
26043;0.424893;0.351931;0.04721;0.06867;0.098712;0.0;0.0;0.0;0.0;0.0;0.0;0.0;0.0;0.0;0.0;0.008584
26044;0.361111;0.25;0.194444;0.083333;0.083333;0.0;0.0;0.0;0.0;0.0;0.0;0.0;0.0;0.0;0.0;0.027778
26045;0.666667;0.333333;0.0;0.0;0.0;0.0;0.0;0.0;0.0;0.0;0.0;0.0;0.0;0.0;0.0;0.0
26046;0.369094;0.371063;0.090551;0.074803;0.087598;0.0;0.0;0.0;0.0;0.0;0.0;0.0;0.0;0.0;0.0;0.00689
26047;0.406162;0.380952;0.117647;0.045518;0.044118;0.0;0.0;0.0;0.0;0.0;0.0;0.0;0.0;0.0;0.0;0.005602
26048;0.142857;0.52381;0.047619;0.190476;0.0;0.0;0.0;0.0;0.0;0.0;0.0;0.0;0.0;0.0;0.0;0.095238
26049;0.252174;0.452174;0.130435;0.06087;0.095652;0.0;0.0;0.0;0.0;0.0;0.0;0.0;0.0;0.0;0.0;0.008696
26050;0.222222;0.544444;0.066667;0.022222;0.122222;0.0;0.0;0.0;0.0;0.0;0.0;0.0;0.0;0.0;0.0;0.022222
26051;0.256098;0.396341;0.182927;0.054878;0.103659;0.0;0.0;0.0;0.0;0.0;0.0;0.0;0.0;0.0;0.0;0.006098
26052;0.257143;0.52381;0.095238;0.057143;0.066667;0.0;0.0;0.0;0.0;0.0;0.0;0.0;0.0;0.0;0.0;0.0
26053;0.413043;0.297101;0.115942;0.036232;0.115942;0.0;0.0;0.0;0.0;0.0;0.0;0.0;0.0;0.0;0.0;0.021739
26054;0.390909;0.45;0.104545;0.0;0.045455;0.0;0.0;0.0;0.0;0.0;0.0;0.0;0.0;0.0;0.0;0.009091
26055;0.266667;0.5;0.166667;0.033333;0.033333;0.0;0.0;0.0;0.0;0.0;0.0;0.0;0.0;0.0;0.0;0.0
26056;0.381271;0.391304;0.113712;0.023411;0.086957;0.0;0.0;0.0;0.0;0.0;0.0;0.0;0.0;0.0;0.0;0.003344
26057;0.465116;0.418605;0.069767;0.023256;0.023256;0.0;0.0;0.0;0.0;0.0;0.0;0.0;0.0;0.0;0.0;0.0
26058;0.267857;0.410714;0.080357;0.053571;0.160714;0.0;0.0;0.0;0.0;0.0;0.0;0.0;0.0;0.0;0.0;0.026786
26059;0.33758;0.365605;0.168153;0.067516;0.052229;0.0;0.0;0.0;0.0;0.0;0.0;0.0;0.0;0.0;0.0;0.008917
26060;0.1875;0.541667;0.104167;0.0625;0.083333;0.0;0.0;0.0;0.0;0.0;0.0;0.0;0.0;0.0;0.0;0.020833
26061;0.414246;0.343955;0.064667;0.056232;0.113402;0.0;0.0;0.0;0.0;0.0;0.0;0.0;0.0;0.0;0.0;0.007498
26062;0.229508;0.655738;0.032787;0.016393;0.065574;0.0;0.0;0.0;0.0;0.0;0.0;0.0;0.0;0.0;0.0;0.0
26063;0.348837;0.383721;0.104651;0.05814;0.093023;0.0;0.0;0.0;0.0;0.0;0.0;0.0;0.0;0.0;0.0;0.011628
26064;0.366967;0.33419;0.115039;0.059769;0.116324;0.0;0.0;0.0;0.0;0.0;0.0;0.0;0.0;0.0;0.0;0.007712
26065;0.186047;0.372093;0.162791;0.116279;0.162791;0.0;0.0;0.0;0.0;0.0;0.0;0.0;0.0;0.0;0.0;0.0
26066;0.285714;0.460317;0.095238;0.079365;0.079365;0.0;0.0;0.0;0.0;0.0;0.0;0.0;0.0;0.0;0.0;0.0
26067;0.466667;0.266667;0.066667;0.133333;0.066667;0.0;0.0;0.0;0.0;0.0;0.0;0.0;0.0;0.0;0.0;0.0
26068;0.409836;0.278689;0.131148;0.065574;0.081967;0.0;0.0;0.0;0.0;0.0;0.0;0.0;0.0;0.0;0.0;0.032787
26069;0.295181;0.457831;0.126506;0.048193;0.060241;0.0;0.0;0.0;0.0;0.0;0.0;0.0;0.0;0.0;0.0;0.012048
26070;0.347107;0.495868;0.07438;0.049587;0.033058;0.0;0.0;0.0;0.0;0.0;0.0;0.0;0.0;0.0;0.0;0.0
26071;0.371434;0.285121;0.127483;0.065908;0.130372;0.0;0.0;0.0;0.0;0.0;0.0;0.0;0.0;0.0;0.0;0.019682
26072;0.400862;0.383621;0.107759;0.025862;0.077586;0.0;0.0;0.0;0.0;0.0;0.0;0.0;0.0;0.0;0.0;0.00431
26073;0.369231;0.338462;0.015385;0.046154;0.169231;0.0;0.0;0.0;0.0;0.0;0.0;0.0;0.0;0.0;0.0;0.061538
26074;0.345238;0.404762;0.035714;0.047619;0.166667;0.0;0.0;0.0;0.0;0.0;0.0;0.0;0.0;0.0;0.0;0.0
26075;0.359649;0.45614;0.100877;0.039474;0.04386;0.0;0.0;0.0;0.0;0.0;0.0;0.0;0.0;0.0;0.0;0.0
26076;0.39759;0.39759;0.072289;0.108434;0.024096;0.0;0.0;0.0;0.0;0.0;0.0;0.0;0.0;0.0;0.0;0.0
26077;0.1875;0.5;0.25;0.0;0.0625;0.0;0.0;0.0;0.0;0.0;0.0;0.0;0.0;0.0;0.0;0.0
26078;0.333333;0.365079;0.126984;0.031746;0.142857;0.0;0.0;0.0;0.0;0.0;0.0;0.0;0.0;0.0;0.0;0.0
26079;0.249497;0.498994;0.15493;0.056338;0.038229;0.0;0.0;0.0;0.0;0.0;0.0;0.0;0.0;0.0;0.0;0.002012
26080;0.261628;0.531977;0.119186;0.049419;0.034884;0.0;0.0;0.0;0.0;0.0;0.0;0.0;0.0;0.0;0.0;0.002907
26081;0.076923;0.769231;0.153846;0.0;0.0;0.0;0.0;0.0;0.0;0.0;0.0;0.0;0.0;0.0;0.0;0.0
26082;0.443038;0.392405;0.050633;0.063291;0.025316;0.0;0.0;0.0;0.0;0.0;0.0;0.0;0.0;0.0;0.0;0.025316
26083;0.303644;0.45749;0.11336;0.036437;0.068826;0.0;0.0;0.0;0.0;0.0;0.0;0.0;0.0;0.0;0.0;0.020243
26084;0.272309;0.371148;0.155862;0.090036;0.091637;0.0;0.0;0.0;0.0;0.0;0.0;0.0;0.0;0.0;0.0;0.019008
26086;0.066667;0.8;0.133333;0.0;0.0;0.0;0.0;0.0;0.0;0.0;0.0;0.0;0.0;0.0;0.0;0.0
26087;0.283333;0.458333;0.025;0.083333;0.133333;0.0;0.0;0.0;0.0;0.0;0.0;0.0;0.0;0.0;0.0;0.016667
26088;0.323529;0.441176;0.176471;0.0;0.0;0.0;0.0;0.0;0.0;0.0;0.0;0.0;0.0;0.0;0.0;0.058824
26089;0.350791;0.330771;0.111296;0.079427;0.1109;0.0;0.0;0.0;0.0;0.0;0.0;0.0;0.0;0.0;0.0;0.016815
26091;0.140351;0.649123;0.122807;0.04386;0.04386;0.0;0.0;0.0;0.0;0.0;0.0;0.0;0.0;0.0;0.0;0.0
26092;0.25641;0.538462;0.102564;0.076923;0.012821;0.0;0.0;0.0;0.0;0.0;0.0;0.0;0.0;0.0;0.0;0.012821
26093;0.424242;0.333333;0.151515;0.0;0.090909;0.0;0.0;0.0;0.0;0.0;0.0;0.0;0.0;0.0;0.0;0.0
26094;0.254902;0.666667;0.039216;0.019608;0.019608;0.0;0.0;0.0;0.0;0.0;0.0;0.0;0.0;0.0;0.0;0.0
26095;0.632353;0.161765;0.044118;0.0;0.132353;0.0;0.0;0.0;0.0;0.0;0.0;0.0;0.0;0.0;0.0;0.029412
26096;0.366492;0.471204;0.041885;0.04712;0.057592;0.0;0.0;0.0;0.0;0.0;0.0;0.0;0.0;0.0;0.0;0.015707
26098;0.274194;0.354839;0.064516;0.048387;0.241935;0.0;0.0;0.0;0.0;0.0;0.0;0.0;0.0;0.0;0.0;0.016129
26099;0.406926;0.366883;0.099567;0.054113;0.069264;0.0;0.0;0.0;0.0;0.0;0.0;0.0;0.0;0.0;0.0;0.003247
26100;0.465116;0.186047;0.255814;0.023256;0.046512;0.0;0.0;0.0;0.0;0.0;0.0;0.0;0.0;0.0;0.0;0.023256
26101;0.411765;0.352941;0.058824;0.117647;0.0;0.0;0.0;0.0;0.0;0.0;0.0;0.0;0.0;0.0;0.0;0.058824
26102;0.350349;0.357573;0.104744;0.072959;0.103058;0.0;0.0;0.0;0.0;0.0;0.0;0.0;0.0;0.0;0.0;0.011317
26103;0.365936;0.408094;0.079258;0.038786;0.104553;0.0;0.0;0.0;0.0;0.0;0.0;0.0;0.0;0.0;0.0;0.003373
26104;0.25;0.375;0.125;0.0;0.25;0.0;0.0;0.0;0.0;0.0;0.0;0.0;0.0;0.0;0.0;0.0
26105;0.373016;0.33664;0.115079;0.080026;0.079365;0.0;0.0;0.0;0.0;0.0;0.0;0.0;0.0;0.0;0.0;0.015873
26106;0.492537;0.343284;0.059701;0.029851;0.074627;0.0;0.0;0.0;0.0;0.0;0.0;0.0;0.0;0.0;0.0;0.0
26107;0.333333;0.412698;0.142857;0.047619;0.063492;0.0;0.0;0.0;0.0;0.0;0.0;0.0;0.0;0.0;0.0;0.0
26108;0.310044;0.454148;0.069869;0.074236;0.091703;0.0;0.0;0.0;0.0;0.0;0.0;0.0;0.0;0.0;0.0;0.0
26109;0.470588;0.441176;0.0;0.0;0.088235;0.0;0.0;0.0;0.0;0.0;0.0;0.0;0.0;0.0;0.0;0.0
26110;0.377193;0.482456;0.052632;0.035088;0.052632;0.0;0.0;0.0;0.0;0.0;0.0;0.0;0.0;0.0;0.0;0.0
26111;0.527174;0.201087;0.070652;0.054348;0.119565;0.0;0.0;0.0;0.0;0.0;0.0;0.0;0.0;0.0;0.0;0.027174
26112;0.333333;0.462585;0.102041;0.061224;0.040816;0.0;0.0;0.0;0.0;0.0;0.0;0.0;0.0;0.0;0.0;0.0
26113;0.071429;0.785714;0.071429;0.071429;0.0;0.0;0.0;0.0;0.0;0.0;0.0;0.0;0.0;0.0;0.0;0.0
26114;0.377049;0.42623;0.147541;0.032787;0.016393;0.0;0.0;0.0;0.0;0.0;0.0;0.0;0.0;0.0;0.0;0.0
26115;0.166667;0.555556;0.222222;0.055556;0.0;0.0;0.0;0.0;0.0;0.0;0.0;0.0;0.0;0.0;0.0;0.0
26117;0.395819;0.394471;0.06878;0.055968;0.074174;0.0;0.0;0.0;0.0;0.0;0.0;0.0;0.0;0.0;0.0;0.010789
26118;0.230769;0.384615;0.269231;0.019231;0.076923;0.0;0.0;0.0;0.0;0.0;0.0;0.0;0.0;0.0;0.0;0.019231
26119;0.545455;0.234848;0.015152;0.045455;0.136364;0.0;0.0;0.0;0.0;0.0;0.0;0.0;0.0;0.0;0.0;0.022727
26120;0.356;0.404;0.115;0.045;0.072;0.0;0.0;0.0;0.0;0.0;0.0;0.0;0.0;0.0;0.0;0.008
26121;0.421053;0.263158;0.263158;0.0;0.0;0.0;0.0;0.0;0.0;0.0;0.0;0.0;0.0;0.0;0.0;0.052632
26122;0.315789;0.315789;0.131579;0.065789;0.118421;0.0;0.0;0.0;0.0;0.0;0.0;0.0;0.0;0.0;0.0;0.052632
26123;0.290909;0.472727;0.063636;0.081818;0.063636;0.0;0.0;0.0;0.0;0.0;0.0;0.0;0.0;0.0;0.0;0.027273
26124;0.360068;0.486348;0.085324;0.017065;0.051195;0.0;0.0;0.0;0.0;0.0;0.0;0.0;0.0;0.0;0.0;0.0
26125;0.377729;0.3619;0.128821;0.06714;0.056769;0.0;0.0;0.0;0.0;0.0;0.0;0.0;0.0;0.0;0.0;0.007642
26126;0.185185;0.740741;0.0;0.0;0.0;0.0;0.0;0.0;0.0;0.0;0.0;0.0;0.0;0.0;0.0;0.074074
26127;0.445946;0.452703;0.067568;0.02027;0.013514;0.0;0.0;0.0;0.0;0.0;0.0;0.0;0.0;0.0;0.0;0.0
26128;0.571429;0.242857;0.114286;0.028571;0.042857;0.0;0.0;0.0;0.0;0.0;0.0;0.0;0.0;0.0;0.0;0.0
26129;0.344237;0.404984;0.121495;0.066978;0.05919;0.0;0.0;0.0;0.0;0.0;0.0;0.0;0.0;0.0;0.0;0.003115
26130;0.255034;0.57047;0.114094;0.040268;0.013423;0.0;0.0;0.0;0.0;0.0;0.0;0.0;0.0;0.0;0.0;0.006711
26131;0.212121;0.666667;0.060606;0.0;0.060606;0.0;0.0;0.0;0.0;0.0;0.0;0.0;0.0;0.0;0.0;0.0
26132;0.323529;0.455882;0.014706;0.088235;0.102941;0.0;0.0;0.0;0.0;0.0;0.0;0.0;0.0;0.0;0.0;0.014706
26134;0.3125;0.4375;0.15625;0.03125;0.0625;0.0;0.0;0.0;0.0;0.0;0.0;0.0;0.0;0.0;0.0;0.0
26135;0.315789;0.342105;0.140351;0.114035;0.087719;0.0;0.0;0.0;0.0;0.0;0.0;0.0;0.0;0.0;0.0;0.0
26136;0.354839;0.306452;0.112903;0.032258;0.193548;0.0;0.0;0.0;0.0;0.0;0.0;0.0;0.0;0.0;0.0;0.0
26138;0.346446;0.397516;0.103865;0.063147;0.081781;0.0;0.0;0.0;0.0;0.0;0.0;0.0;0.0;0.0;0.0;0.007246
26139;0.146341;0.609756;0.097561;0.04878;0.04878;0.0;0.0;0.0;0.0;0.0;0.0;0.0;0.0;0.0;0.0;0.04878
26140;0.3125;0.465909;0.051136;0.034091;0.119318;0.0;0.0;0.0;0.0;0.0;0.0;0.0;0.0;0.0;0.0;0.017045
26141;0.171429;0.642857;0.071429;0.085714;0.028571;0.0;0.0;0.0;0.0;0.0;0.0;0.0;0.0;0.0;0.0;0.0
26142;0.340502;0.412186;0.087814;0.044803;0.089606;0.0;0.0;0.0;0.0;0.0;0.0;0.0;0.0;0.0;0.0;0.02509
26143;0.287958;0.376963;0.146597;0.068063;0.094241;0.0;0.0;0.0;0.0;0.0;0.0;0.0;0.0;0.0;0.0;0.026178
26144;0.190141;0.577465;0.140845;0.007042;0.077465;0.0;0.0;0.0;0.0;0.0;0.0;0.0;0.0;0.0;0.0;0.007042
26145;0.271739;0.472826;0.141304;0.054348;0.054348;0.0;0.0;0.0;0.0;0.0;0.0;0.0;0.0;0.0;0.0;0.005435
26146;0.290909;0.490909;0.018182;0.036364;0.127273;0.0;0.0;0.0;0.0;0.0;0.0;0.0;0.0;0.0;0.0;0.036364
26147;0.68;0.28;0.04;0.0;0.0;0.0;0.0;0.0;0.0;0.0;0.0;0.0;0.0;0.0;0.0;0.0
26148;0.420168;0.294118;0.109244;0.033613;0.12605;0.0;0.0;0.0;0.0;0.0;0.0;0.0;0.0;0.0;0.0;0.016807
26149;0.647059;0.264706;0.0;0.058824;0.029412;0.0;0.0;0.0;0.0;0.0;0.0;0.0;0.0;0.0;0.0;0.0
26150;0.473684;0.407895;0.039474;0.013158;0.065789;0.0;0.0;0.0;0.0;0.0;0.0;0.0;0.0;0.0;0.0;0.0
26151;0.408946;0.376997;0.111821;0.031949;0.060703;0.0;0.0;0.0;0.0;0.0;0.0;0.0;0.0;0.0;0.0;0.009585
26152;0.210526;0.368421;0.157895;0.157895;0.105263;0.0;0.0;0.0;0.0;0.0;0.0;0.0;0.0;0.0;0.0;0.0
26153;0.777778;0.111111;0.0;0.0;0.111111;0.0;0.0;0.0;0.0;0.0;0.0;0.0;0.0;0.0;0.0;0.0
26154;0.25;0.625;0.125;0.0;0.0;0.0;0.0;0.0;0.0;0.0;0.0;0.0;0.0;0.0;0.0;0.0
26155;0.487395;0.386555;0.016807;0.05042;0.058824;0.0;0.0;0.0;0.0;0.0;0.0;0.0;0.0;0.0;0.0;0.0
26157;0.248848;0.423963;0.179724;0.069124;0.073733;0.0;0.0;0.0;0.0;0.0;0.0;0.0;0.0;0.0;0.0;0.004608
26158;0.327778;0.483333;0.116667;0.022222;0.05;0.0;0.0;0.0;0.0;0.0;0.0;0.0;0.0;0.0;0.0;0.0
26160;0.345936;0.425331;0.113422;0.041588;0.062382;0.0;0.0;0.0;0.0;0.0;0.0;0.0;0.0;0.0;0.0;0.011342
26161;0.25;0.75;0.0;0.0;0.0;0.0;0.0;0.0;0.0;0.0;0.0;0.0;0.0;0.0;0.0;0.0
26162;0.363636;0.386364;0.056818;0.136364;0.045455;0.0;0.0;0.0;0.0;0.0;0.0;0.0;0.0;0.0;0.0;0.011364
26163;0.339806;0.339806;0.15534;0.058252;0.097087;0.0;0.0;0.0;0.0;0.0;0.0;0.0;0.0;0.0;0.0;0.009709
26164;0.514286;0.342857;0.057143;0.0;0.057143;0.0;0.0;0.0;0.0;0.0;0.0;0.0;0.0;0.0;0.0;0.028571
26165;0.384937;0.276151;0.179916;0.062762;0.087866;0.0;0.0;0.0;0.0;0.0;0.0;0.0;0.0;0.0;0.0;0.008368
26166;0.145161;0.572581;0.16129;0.08871;0.032258;0.0;0.0;0.0;0.0;0.0;0.0;0.0;0.0;0.0;0.0;0.0
26167;0.1875;0.65625;0.0625;0.03125;0.0625;0.0;0.0;0.0;0.0;0.0;0.0;0.0;0.0;0.0;0.0;0.0
26168;0.319585;0.272057;0.162251;0.088774;0.136848;0.0;0.0;0.0;0.0;0.0;0.0;0.0;0.0;0.0;0.0;0.020486
26169;0.44;0.44;0.08;0.02;0.02;0.0;0.0;0.0;0.0;0.0;0.0;0.0;0.0;0.0;0.0;0.0
26170;0.304348;0.458194;0.113712;0.056856;0.063545;0.0;0.0;0.0;0.0;0.0;0.0;0.0;0.0;0.0;0.0;0.003344
26171;0.219048;0.561905;0.085714;0.085714;0.047619;0.0;0.0;0.0;0.0;0.0;0.0;0.0;0.0;0.0;0.0;0.0
26172;0.6;0.133333;0.066667;0.0;0.2;0.0;0.0;0.0;0.0;0.0;0.0;0.0;0.0;0.0;0.0;0.0
26173;0.285714;0.714286;0.0;0.0;0.0;0.0;0.0;0.0;0.0;0.0;0.0;0.0;0.0;0.0;0.0;0.0
26174;0.28125;0.479167;0.083333;0.010417;0.145833;0.0;0.0;0.0;0.0;0.0;0.0;0.0;0.0;0.0;0.0;0.0
26175;0.324324;0.432432;0.162162;0.054054;0.027027;0.0;0.0;0.0;0.0;0.0;0.0;0.0;0.0;0.0;0.0;0.0
26176;0.116279;0.511628;0.139535;0.186047;0.046512;0.0;0.0;0.0;0.0;0.0;0.0;0.0;0.0;0.0;0.0;0.0
26177;0.330396;0.497797;0.092511;0.022026;0.052863;0.0;0.0;0.0;0.0;0.0;0.0;0.0;0.0;0.0;0.0;0.004405
26178;0.490909;0.381818;0.072727;0.018182;0.018182;0.0;0.0;0.0;0.0;0.0;0.0;0.0;0.0;0.0;0.0;0.018182
26179;0.555556;0.222222;0.111111;0.074074;0.037037;0.0;0.0;0.0;0.0;0.0;0.0;0.0;0.0;0.0;0.0;0.0
26180;0.259494;0.449367;0.158228;0.056962;0.06962;0.0;0.0;0.0;0.0;0.0;0.0;0.0;0.0;0.0;0.0;0.006329
26181;0.285714;0.714286;0.0;0.0;0.0;0.0;0.0;0.0;0.0;0.0;0.0;0.0;0.0;0.0;0.0;0.0
26183;0.208333;0.395833;0.083333;0.104167;0.145833;0.0;0.0;0.0;0.0;0.0;0.0;0.0;0.0;0.0;0.0;0.0625
27001;0.24977;0.484793;0.130876;0.024885;0.046083;0.0;0.0;0.0;0.0;0.0;0.054378;0.0;0.0;0.0;0.0;0.009217
27002;0.40733;0.373822;0.064921;0.025131;0.05445;0.0;0.0;0.0;0.0;0.0;0.058639;0.0;0.0;0.0;0.0;0.015707
27003;0.272401;0.49552;0.091398;0.019713;0.061828;0.0;0.0;0.0;0.0;0.0;0.046595;0.0;0.0;0.0;0.0;0.012545
27004;0.29695;0.492777;0.105939;0.024077;0.040128;0.0;0.0;0.0;0.0;0.0;0.036918;0.0;0.0;0.0;0.0;0.00321
27005;0.26902;0.371881;0.091296;0.018259;0.077298;0.0;0.0;0.0;0.0;0.0;0.157638;0.0;0.0;0.0;0.0;0.014607
27006;0.325742;0.386473;0.135266;0.024155;0.069013;0.0;0.0;0.0;0.0;0.0;0.049689;0.0;0.0;0.0;0.0;0.009662
27007;0.262407;0.519681;0.079293;0.022818;0.060468;0.0;0.0;0.0;0.0;0.0;0.049629;0.0;0.0;0.0;0.0;0.005705
27008;0.333726;0.46934;0.056604;0.01533;0.055425;0.0;0.0;0.0;0.0;0.0;0.057783;0.0;0.0;0.0;0.0;0.011792
27009;0.246904;0.580495;0.057276;0.025542;0.032508;0.0;0.0;0.0;0.0;0.0;0.047988;0.0;0.0;0.0;0.0;0.009288
27010;0.270889;0.433804;0.111408;0.018314;0.080122;0.0;0.0;0.0;0.0;0.0;0.074018;0.0;0.0;0.0;0.0;0.011446
27011;0.382288;0.357196;0.083395;0.028782;0.078229;0.0;0.0;0.0;0.0;0.0;0.065683;0.0;0.0;0.0;0.0;0.004428
27012;0.456522;0.375776;0.076087;0.012422;0.035714;0.0;0.0;0.0;0.0;0.0;0.037267;0.0;0.0;0.0;0.0;0.006211
27013;0.315058;0.335892;0.038377;0.026681;0.169591;0.0;0.0;0.0;0.0;0.0;0.101243;0.0;0.0;0.0;0.0;0.013158
27014;0.322285;0.400306;0.097909;0.037736;0.057114;0.0;0.0;0.0;0.0;0.0;0.080061;0.0;0.0;0.0;0.0;0.004589
27015;0.293224;0.458727;0.07885;0.03039;0.071458;0.0;0.0;0.0;0.0;0.0;0.061602;0.0;0.0;0.0;0.0;0.005749
27016;0.327639;0.383049;0.093955;0.031975;0.082786;0.0;0.0;0.0;0.0;0.0;0.070302;0.0;0.0;0.0;0.0;0.010293
27017;0.300537;0.493739;0.028623;0.039356;0.080501;0.0;0.0;0.0;0.0;0.0;0.055456;0.0;0.0;0.0;0.0;0.001789
27018;0.468312;0.321368;0.057207;0.019069;0.058329;0.0;0.0;0.0;0.0;0.0;0.070107;0.0;0.0;0.0;0.0;0.005609
27019;0.337102;0.312794;0.096099;0.036932;0.112116;0.0;0.0;0.0;0.0;0.0;0.094027;0.0;0.0;0.0;0.0;0.010929
27020;0.213181;0.630594;0.053295;0.015867;0.04109;0.0;0.0;0.0;0.0;0.0;0.040277;0.0;0.0;0.0;0.0;0.005696
27021;0.305921;0.446272;0.08114;0.026316;0.054825;0.0;0.0;0.0;0.0;0.0;0.082237;0.0;0.0;0.0;0.0;0.003289
27022;0.322496;0.392377;0.073991;0.020927;0.103886;0.0;0.0;0.0;0.0;0.0;0.080717;0.0;0.0;0.0;0.0;0.005605
27023;0.255713;0.581841;0.058678;0.01853;0.043237;0.0;0.0;0.0;0.0;0.0;0.034589;0.0;0.0;0.0;0.0;0.007412
27024;0.356725;0.509747;0.028265;0.003899;0.048733;0.0;0.0;0.0;0.0;0.0;0.048733;0.0;0.0;0.0;0.0;0.003899
27025;0.22334;0.461771;0.060865;0.027163;0.113179;0.0;0.0;0.0;0.0;0.0;0.106137;0.0;0.0;0.0;0.0;0.007545
27026;0.345843;0.398823;0.080206;0.033848;0.077263;0.0;0.0;0.0;0.0;0.0;0.058867;0.0;0.0;0.0;0.0;0.005151
27027;0.348696;0.363478;0.093043;0.027826;0.069565;0.0;0.0;0.0;0.0;0.0;0.087826;0.0;0.0;0.0;0.0;0.009565
27028;0.333535;0.333125;0.088206;0.041151;0.111295;0.0;0.0;0.0;0.0;0.0;0.079555;0.0;0.0;0.0;0.0;0.013133
27029;0.307008;0.400445;0.095662;0.024472;0.074527;0.0;0.0;0.0;0.0;0.0;0.0901;0.0;0.0;0.0;0.0;0.007786
27030;0.303353;0.426823;0.069718;0.019159;0.076104;0.0;0.0;0.0;0.0;0.0;0.092602;0.0;0.0;0.0;0.0;0.012241
27031;0.360614;0.334526;0.096255;0.039554;0.102462;0.0;0.0;0.0;0.0;0.0;0.052388;0.0;0.0;0.0;0.0;0.014202
27032;0.311526;0.406023;0.083593;0.034787;0.087227;0.0;0.0;0.0;0.0;0.0;0.067497;0.0;0.0;0.0;0.0;0.009346
27033;0.353659;0.402439;0.051829;0.009146;0.060976;0.0;0.0;0.0;0.0;0.0;0.112805;0.0;0.0;0.0;0.0;0.009146
27034;0.412613;0.362162;0.095495;0.012613;0.046847;0.0;0.0;0.0;0.0;0.0;0.064865;0.0;0.0;0.0;0.0;0.005405
27035;0.439252;0.214953;0.093458;0.0;0.168224;0.0;0.0;0.0;0.0;0.0;0.084112;0.0;0.0;0.0;0.0;0.0
27037;0.295977;0.54454;0.071839;0.012931;0.045977;0.0;0.0;0.0;0.0;0.0;0.020115;0.0;0.0;0.0;0.0;0.008621
27038;0.472995;0.369885;0.040917;0.01964;0.05892;0.0;0.0;0.0;0.0;0.0;0.027823;0.0;0.0;0.0;0.0;0.00982
27039;0.24756;0.456409;0.096291;0.037411;0.078074;0.0;0.0;0.0;0.0;0.0;0.077424;0.0;0.0;0.0;0.0;0.006831
27040;0.289383;0.538765;0.047901;0.016296;0.06321;0.0;0.0;0.0;0.0;0.0;0.040494;0.0;0.0;0.0;0.0;0.003951
27041;0.270687;0.466339;0.07223;0.032959;0.072931;0.0;0.0;0.0;0.0;0.0;0.070126;0.0;0.0;0.0;0.0;0.014727
27042;0.264786;0.609645;0.045496;0.018198;0.036397;0.0;0.0;0.0;0.0;0.0;0.021838;0.0;0.0;0.0;0.0;0.00364
27043;0.355862;0.411034;0.078621;0.028966;0.067586;0.0;0.0;0.0;0.0;0.0;0.052414;0.0;0.0;0.0;0.0;0.005517
27044;0.291436;0.430939;0.072514;0.019337;0.062845;0.0;0.0;0.0;0.0;0.0;0.115331;0.0;0.0;0.0;0.0;0.007597
27045;0.620451;0.242634;0.058925;0.02253;0.02773;0.0;0.0;0.0;0.0;0.0;0.024263;0.0;0.0;0.0;0.0;0.003466
27046;0.375274;0.365427;0.065646;0.030635;0.067834;0.0;0.0;0.0;0.0;0.0;0.088621;0.0;0.0;0.0;0.0;0.006565
27047;0.335129;0.356681;0.0625;0.02694;0.071121;0.0;0.0;0.0;0.0;0.0;0.134698;0.0;0.0;0.0;0.0;0.012931
27048;0.419304;0.371044;0.081487;0.026899;0.040348;0.0;0.0;0.0;0.0;0.0;0.057753;0.0;0.0;0.0;0.0;0.003165
27049;0.275274;0.510353;0.085262;0.034105;0.031669;0.0;0.0;0.0;0.0;0.0;0.054811;0.0;0.0;0.0;0.0;0.008526
27050;0.267627;0.554812;0.042203;0.02316;0.065878;0.0;0.0;0.0;0.0;0.0;0.040659;0.0;0.0;0.0;0.0;0.005661
27051;0.307544;0.341308;0.090874;0.032414;0.127725;0.0;0.0;0.0;0.0;0.0;0.086243;0.0;0.0;0.0;0.0;0.013892
27052;0.479129;0.368421;0.039927;0.027223;0.041742;0.0;0.0;0.0;0.0;0.0;0.030853;0.0;0.0;0.0;0.0;0.012704
27053;0.521084;0.319277;0.075301;0.009036;0.027108;0.0;0.0;0.0;0.0;0.0;0.045181;0.0;0.0;0.0;0.0;0.003012
27054;0.28314;0.503218;0.061776;0.020592;0.05148;0.0;0.0;0.0;0.0;0.0;0.07722;0.0;0.0;0.0;0.0;0.002574
27055;0.402906;0.4214;0.054161;0.017173;0.043593;0.0;0.0;0.0;0.0;0.0;0.047556;0.0;0.0;0.0;0.0;0.01321
27056;0.321244;0.395078;0.108808;0.028497;0.088083;0.0;0.0;0.0;0.0;0.0;0.051813;0.0;0.0;0.0;0.0;0.006477
27057;0.325723;0.361786;0.101207;0.037371;0.092773;0.0;0.0;0.0;0.0;0.0;0.071397;0.0;0.0;0.0;0.0;0.009743
27058;0.305518;0.519515;0.055182;0.02288;0.041274;0.0;0.0;0.0;0.0;0.0;0.045312;0.0;0.0;0.0;0.0;0.010319
27059;0.262357;0.514829;0.059316;0.031939;0.073764;0.0;0.0;0.0;0.0;0.0;0.052471;0.0;0.0;0.0;0.0;0.005323
27060;0.32957;0.429781;0.060692;0.028934;0.071277;0.0;0.0;0.0;0.0;0.0;0.0741;0.0;0.0;0.0;0.0;0.005646
27061;0.304024;0.424739;0.101341;0.023845;0.071535;0.0;0.0;0.0;0.0;0.0;0.065574;0.0;0.0;0.0;0.0;0.008942
27062;0.371859;0.477387;0.052764;0.012563;0.057789;0.0;0.0;0.0;0.0;0.0;0.027638;0.0;0.0;0.0;0.0;0.0
27063;0.361162;0.396552;0.046279;0.015426;0.077132;0.0;0.0;0.0;0.0;0.0;0.095281;0.0;0.0;0.0;0.0;0.008167
27064;0.26327;0.511677;0.061571;0.041401;0.061571;0.0;0.0;0.0;0.0;0.0;0.04034;0.0;0.0;0.0;0.0;0.02017
27065;0.314738;0.409917;0.088705;0.02562;0.088567;0.0;0.0;0.0;0.0;0.0;0.063636;0.0;0.0;0.0;0.0;0.008815
27066;0.344806;0.306182;0.071511;0.037094;0.139707;0.0;0.0;0.0;0.0;0.0;0.08617;0.0;0.0;0.0;0.0;0.014532
27901;0.260837;0.524664;0.07997;0.026158;0.057549;0.0;0.0;0.0;0.0;0.0;0.041854;0.0;0.0;0.0;0.0;0.008969
27902;0.286274;0.339475;0.08245;0.039613;0.129664;0.0;0.0;0.0;0.0;0.0;0.106172;0.0;0.0;0.0;0.0;0.016352
28001;0.152174;0.369565;0.086957;0.065217;0.326087;0.0;0.0;0.0;0.0;0.0;0.0;0.0;0.0;0.0;0.0;0.0
28002;0.227456;0.247196;0.279498;0.09825;0.137281;0.0;0.0;0.0;0.0;0.0;0.0;0.0;0.0;0.0;0.0;0.010319
28003;0.338583;0.220472;0.228346;0.055118;0.149606;0.0;0.0;0.0;0.0;0.0;0.0;0.0;0.0;0.0;0.0;0.007874
28004;0.25333;0.236171;0.277038;0.07496;0.148115;0.0;0.0;0.0;0.0;0.0;0.0;0.0;0.0;0.0;0.0;0.010386
28005;0.309846;0.214568;0.194169;0.093953;0.171341;0.0;0.0;0.0;0.0;0.0;0.0;0.0;0.0;0.0;0.0;0.016122
28006;0.272915;0.285193;0.186936;0.094826;0.14707;0.0;0.0;0.0;0.0;0.0;0.0;0.0;0.0;0.0;0.0;0.013061
28007;0.309228;0.229411;0.164809;0.088087;0.194812;0.0;0.0;0.0;0.0;0.0;0.0;0.0;0.0;0.0;0.0;0.013653
28008;0.254559;0.231003;0.292553;0.057751;0.145897;0.0;0.0;0.0;0.0;0.0;0.0;0.0;0.0;0.0;0.0;0.018237
28009;0.232934;0.259594;0.245111;0.098247;0.149077;0.0;0.0;0.0;0.0;0.0;0.0;0.0;0.0;0.0;0.0;0.015037
28010;0.208427;0.264523;0.231114;0.096111;0.185615;0.0;0.0;0.0;0.0;0.0;0.0;0.0;0.0;0.0;0.0;0.014211
28011;0.258741;0.202797;0.293706;0.066434;0.171329;0.0;0.0;0.0;0.0;0.0;0.0;0.0;0.0;0.0;0.0;0.006993
28012;0.260492;0.247467;0.303907;0.06657;0.108538;0.0;0.0;0.0;0.0;0.0;0.0;0.0;0.0;0.0;0.0;0.013025
28013;0.282643;0.219311;0.23746;0.07436;0.172918;0.0;0.0;0.0;0.0;0.0;0.0;0.0;0.0;0.0;0.0;0.013309
28014;0.277336;0.211632;0.248134;0.085281;0.163343;0.0;0.0;0.0;0.0;0.0;0.0;0.0;0.0;0.0;0.0;0.014275
28015;0.211647;0.224922;0.276331;0.117783;0.154415;0.0;0.0;0.0;0.0;0.0;0.0;0.0;0.0;0.0;0.0;0.014903
28016;0.309091;0.2;0.272727;0.018182;0.163636;0.0;0.0;0.0;0.0;0.0;0.0;0.0;0.0;0.0;0.0;0.036364
28017;0.192025;0.220357;0.26128;0.070304;0.237146;0.0;0.0;0.0;0.0;0.0;0.0;0.0;0.0;0.0;0.0;0.018888
28018;0.238734;0.255673;0.255992;0.071908;0.169064;0.0;0.0;0.0;0.0;0.0;0.0;0.0;0.0;0.0;0.0;0.008629
28019;0.365639;0.177313;0.235683;0.052863;0.151982;0.0;0.0;0.0;0.0;0.0;0.0;0.0;0.0;0.0;0.0;0.01652
28020;0.215054;0.354839;0.086022;0.032258;0.311828;0.0;0.0;0.0;0.0;0.0;0.0;0.0;0.0;0.0;0.0;0.0
28021;0.168044;0.264463;0.15978;0.093664;0.300275;0.0;0.0;0.0;0.0;0.0;0.0;0.0;0.0;0.0;0.0;0.013774
28022;0.159465;0.374512;0.236518;0.119764;0.099914;0.0;0.0;0.0;0.0;0.0;0.0;0.0;0.0;0.0;0.0;0.009826
28023;0.207665;0.234218;0.237224;0.092936;0.214429;0.0;0.0;0.0;0.0;0.0;0.0;0.0;0.0;0.0;0.0;0.013527
28024;0.126866;0.410448;0.231343;0.052239;0.171642;0.0;0.0;0.0;0.0;0.0;0.0;0.0;0.0;0.0;0.0;0.007463
28025;0.227273;0.363636;0.283217;0.034965;0.090909;0.0;0.0;0.0;0.0;0.0;0.0;0.0;0.0;0.0;0.0;0.0
28026;0.191315;0.284371;0.251551;0.090454;0.170102;0.0;0.0;0.0;0.0;0.0;0.0;0.0;0.0;0.0;0.0;0.012207
28027;0.303178;0.283619;0.184597;0.079462;0.143032;0.0;0.0;0.0;0.0;0.0;0.0;0.0;0.0;0.0;0.0;0.006112
28028;0.227941;0.208088;0.161765;0.051471;0.341176;0.0;0.0;0.0;0.0;0.0;0.0;0.0;0.0;0.0;0.0;0.009559
28029;0.202733;0.257403;0.225513;0.072893;0.22779;0.0;0.0;0.0;0.0;0.0;0.0;0.0;0.0;0.0;0.0;0.013667
28030;0.262461;0.208723;0.199377;0.070093;0.241433;0.0;0.0;0.0;0.0;0.0;0.0;0.0;0.0;0.0;0.0;0.017913
28031;0.334912;0.272666;0.235453;0.052097;0.099459;0.0;0.0;0.0;0.0;0.0;0.0;0.0;0.0;0.0;0.0;0.005413
28032;0.259786;0.188065;0.280318;0.105667;0.149192;0.0;0.0;0.0;0.0;0.0;0.0;0.0;0.0;0.0;0.0;0.016972
28033;0.209877;0.239369;0.319273;0.08059;0.13203;0.0;0.0;0.0;0.0;0.0;0.0;0.0;0.0;0.0;0.0;0.018861
28034;0.258824;0.333333;0.231373;0.039216;0.133333;0.0;0.0;0.0;0.0;0.0;0.0;0.0;0.0;0.0;0.0;0.003922
28035;0.306653;0.225572;0.246362;0.053015;0.158004;0.0;0.0;0.0;0.0;0.0;0.0;0.0;0.0;0.0;0.0;0.010395
28036;0.217863;0.156944;0.31079;0.077956;0.22096;0.0;0.0;0.0;0.0;0.0;0.0;0.0;0.0;0.0;0.0;0.015488
28037;0.423592;0.196604;0.234138;0.038427;0.103664;0.0;0.0;0.0;0.0;0.0;0.0;0.0;0.0;0.0;0.0;0.003575
28038;0.270314;0.211585;0.191472;0.081255;0.227675;0.0;0.0;0.0;0.0;0.0;0.0;0.0;0.0;0.0;0.0;0.017699
28039;0.423913;0.228261;0.152174;0.01087;0.173913;0.0;0.0;0.0;0.0;0.0;0.0;0.0;0.0;0.0;0.0;0.01087
28040;0.2762;0.172732;0.260238;0.076865;0.2;0.0;0.0;0.0;0.0;0.0;0.0;0.0;0.0;0.0;0.0;0.013967
28041;0.209399;0.246941;0.253059;0.129588;0.143771;0.0;0.0;0.0;0.0;0.0;0.0;0.0;0.0;0.0;0.0;0.017241
28042;0.19911;0.253615;0.268076;0.080089;0.1802;0.0;0.0;0.0;0.0;0.0;0.0;0.0;0.0;0.0;0.0;0.01891
28043;0.266768;0.200457;0.324949;0.059705;0.136433;0.0;0.0;0.0;0.0;0.0;0.0;0.0;0.0;0.0;0.0;0.011687
28044;0.239687;0.232306;0.206904;0.09531;0.216023;0.0;0.0;0.0;0.0;0.0;0.0;0.0;0.0;0.0;0.0;0.00977
28045;0.249437;0.245709;0.209948;0.096218;0.183777;0.0;0.0;0.0;0.0;0.0;0.0;0.0;0.0;0.0;0.0;0.01491
28046;0.222101;0.271366;0.22564;0.075395;0.18699;0.0;0.0;0.0;0.0;0.0;0.0;0.0;0.0;0.0;0.0;0.018508
28047;0.271876;0.218957;0.201781;0.096273;0.196055;0.0;0.0;0.0;0.0;0.0;0.0;0.0;0.0;0.0;0.0;0.015058
28048;0.339474;0.173684;0.176316;0.052632;0.242105;0.0;0.0;0.0;0.0;0.0;0.0;0.0;0.0;0.0;0.0;0.015789
28049;0.327659;0.18735;0.159324;0.090958;0.219088;0.0;0.0;0.0;0.0;0.0;0.0;0.0;0.0;0.0;0.0;0.01562
28050;0.197259;0.229446;0.321224;0.099426;0.139898;0.0;0.0;0.0;0.0;0.0;0.0;0.0;0.0;0.0;0.0;0.012747
28051;0.226259;0.228737;0.256813;0.082576;0.188274;0.0;0.0;0.0;0.0;0.0;0.0;0.0;0.0;0.0;0.0;0.017341
28052;0.223062;0.261626;0.322495;0.060491;0.124008;0.0;0.0;0.0;0.0;0.0;0.0;0.0;0.0;0.0;0.0;0.008318
28053;0.234451;0.212663;0.252328;0.112104;0.174115;0.0;0.0;0.0;0.0;0.0;0.0;0.0;0.0;0.0;0.0;0.014339
28054;0.242753;0.245409;0.226354;0.088116;0.184432;0.0;0.0;0.0;0.0;0.0;0.0;0.0;0.0;0.0;0.0;0.012935
28055;0.382022;0.266453;0.23435;0.051364;0.060995;0.0;0.0;0.0;0.0;0.0;0.0;0.0;0.0;0.0;0.0;0.004815
28056;0.267477;0.218845;0.153495;0.056231;0.287234;0.0;0.0;0.0;0.0;0.0;0.0;0.0;0.0;0.0;0.0;0.016717
28057;0.231041;0.203704;0.284832;0.095238;0.167549;0.0;0.0;0.0;0.0;0.0;0.0;0.0;0.0;0.0;0.0;0.017637
28058;0.337717;0.153895;0.201332;0.085766;0.201831;0.0;0.0;0.0;0.0;0.0;0.0;0.0;0.0;0.0;0.0;0.019458
28059;0.235546;0.250535;0.261548;0.102478;0.138574;0.0;0.0;0.0;0.0;0.0;0.0;0.0;0.0;0.0;0.0;0.011318
28060;0.448729;0.143734;0.184926;0.048203;0.157756;0.0;0.0;0.0;0.0;0.0;0.0;0.0;0.0;0.0;0.0;0.016652
28061;0.237626;0.248309;0.224985;0.093175;0.183264;0.0;0.0;0.0;0.0;0.0;0.0;0.0;0.0;0.0;0.0;0.012641
28062;0.154185;0.237885;0.352423;0.048458;0.189427;0.0;0.0;0.0;0.0;0.0;0.0;0.0;0.0;0.0;0.0;0.017621
28063;0.258065;0.236559;0.177419;0.037634;0.252688;0.0;0.0;0.0;0.0;0.0;0.0;0.0;0.0;0.0;0.0;0.037634
28064;0.271739;0.25;0.326087;0.032609;0.108696;0.0;0.0;0.0;0.0;0.0;0.0;0.0;0.0;0.0;0.0;0.01087
28065;0.324152;0.183154;0.167382;0.084211;0.226259;0.0;0.0;0.0;0.0;0.0;0.0;0.0;0.0;0.0;0.0;0.014843
28066;0.166078;0.265371;0.329329;0.09311;0.130035;0.0;0.0;0.0;0.0;0.0;0.0;0.0;0.0;0.0;0.0;0.016078
28067;0.293046;0.214698;0.238688;0.073489;0.171272;0.0;0.0;0.0;0.0;0.0;0.0;0.0;0.0;0.0;0.0;0.008807
28068;0.231732;0.257349;0.261598;0.082281;0.15193;0.0;0.0;0.0;0.0;0.0;0.0;0.0;0.0;0.0;0.0;0.01511
28069;0.146341;0.268293;0.146341;0.097561;0.341463;0.0;0.0;0.0;0.0;0.0;0.0;0.0;0.0;0.0;0.0;0.0
28070;0.155844;0.337662;0.285714;0.012987;0.181818;0.0;0.0;0.0;0.0;0.0;0.0;0.0;0.0;0.0;0.0;0.025974
28071;0.155556;0.266667;0.377778;0.044444;0.133333;0.0;0.0;0.0;0.0;0.0;0.0;0.0;0.0;0.0;0.0;0.022222
28072;0.210629;0.269389;0.221214;0.101102;0.181681;0.0;0.0;0.0;0.0;0.0;0.0;0.0;0.0;0.0;0.0;0.015986
28073;0.282996;0.172268;0.261184;0.087469;0.177387;0.0;0.0;0.0;0.0;0.0;0.0;0.0;0.0;0.0;0.0;0.018696
28074;0.351624;0.184316;0.156641;0.080388;0.212172;0.0;0.0;0.0;0.0;0.0;0.0;0.0;0.0;0.0;0.0;0.014859
28075;0.244134;0.19269;0.25519;0.088673;0.200587;0.0;0.0;0.0;0.0;0.0;0.0;0.0;0.0;0.0;0.0;0.018727
28076;0.263158;0.26935;0.204334;0.092879;0.170279;0.0;0.0;0.0;0.0;0.0;0.0;0.0;0.0;0.0;0.0;0.0
28078;0.105263;0.342105;0.105263;0.078947;0.368421;0.0;0.0;0.0;0.0;0.0;0.0;0.0;0.0;0.0;0.0;0.0
28079;0.266335;0.27558;0.161636;0.089138;0.195175;0.0;0.0;0.0;0.0;0.0;0.0;0.0;0.0;0.0;0.0;0.012136
28080;0.18062;0.378393;0.21811;0.110788;0.102352;0.0;0.0;0.0;0.0;0.0;0.0;0.0;0.0;0.0;0.0;0.009736
28082;0.22511;0.201101;0.201982;0.078855;0.273348;0.0;0.0;0.0;0.0;0.0;0.0;0.0;0.0;0.0;0.0;0.019604
28083;0.241669;0.187623;0.274853;0.106553;0.172501;0.0;0.0;0.0;0.0;0.0;0.0;0.0;0.0;0.0;0.0;0.016802
28084;0.297137;0.169906;0.214084;0.092242;0.208517;0.0;0.0;0.0;0.0;0.0;0.0;0.0;0.0;0.0;0.0;0.018113
28085;0.290512;0.257581;0.203456;0.073688;0.167264;0.0;0.0;0.0;0.0;0.0;0.0;0.0;0.0;0.0;0.0;0.007499
28086;0.262497;0.209997;0.285395;0.086568;0.140184;0.0;0.0;0.0;0.0;0.0;0.0;0.0;0.0;0.0;0.0;0.015359
28087;0.234894;0.284914;0.252501;0.077631;0.139656;0.0;0.0;0.0;0.0;0.0;0.0;0.0;0.0;0.0;0.0;0.010404
28088;0.284211;0.2;0.152632;0.110526;0.247368;0.0;0.0;0.0;0.0;0.0;0.0;0.0;0.0;0.0;0.0;0.005263
28089;0.236111;0.213319;0.290242;0.089031;0.158476;0.0;0.0;0.0;0.0;0.0;0.0;0.0;0.0;0.0;0.0;0.012821
28090;0.235377;0.24623;0.204369;0.100493;0.19845;0.0;0.0;0.0;0.0;0.0;0.0;0.0;0.0;0.0;0.0;0.015081
28091;0.284848;0.264187;0.222314;0.053168;0.160331;0.0;0.0;0.0;0.0;0.0;0.0;0.0;0.0;0.0;0.0;0.015152
28092;0.308572;0.206596;0.188557;0.085812;0.194588;0.0;0.0;0.0;0.0;0.0;0.0;0.0;0.0;0.0;0.0;0.015875
28093;0.216151;0.279903;0.295689;0.076503;0.123254;0.0;0.0;0.0;0.0;0.0;0.0;0.0;0.0;0.0;0.0;0.0085
28094;0.203704;0.207977;0.247863;0.062678;0.253561;0.0;0.0;0.0;0.0;0.0;0.0;0.0;0.0;0.0;0.0;0.024217
28095;0.235872;0.233415;0.292383;0.067158;0.158886;0.0;0.0;0.0;0.0;0.0;0.0;0.0;0.0;0.0;0.0;0.012285
28096;0.25285;0.202223;0.282376;0.097713;0.150959;0.0;0.0;0.0;0.0;0.0;0.0;0.0;0.0;0.0;0.0;0.013878
28097;0.329412;0.141176;0.188235;0.070588;0.258824;0.0;0.0;0.0;0.0;0.0;0.0;0.0;0.0;0.0;0.0;0.011765
28099;0.208213;0.279539;0.318444;0.069885;0.113833;0.0;0.0;0.0;0.0;0.0;0.0;0.0;0.0;0.0;0.0;0.010086
28100;0.218305;0.191138;0.267464;0.085058;0.216688;0.0;0.0;0.0;0.0;0.0;0.0;0.0;0.0;0.0;0.0;0.021345
28101;0.25731;0.245614;0.181287;0.081871;0.210526;0.0;0.0;0.0;0.0;0.0;0.0;0.0;0.0;0.0;0.0;0.023392
28102;0.351792;0.23127;0.203583;0.04886;0.159609;0.0;0.0;0.0;0.0;0.0;0.0;0.0;0.0;0.0;0.0;0.004886
28104;0.209216;0.237903;0.246723;0.144918;0.14838;0.0;0.0;0.0;0.0;0.0;0.0;0.0;0.0;0.0;0.0;0.01286
28106;0.321774;0.139126;0.222153;0.080406;0.215723;0.0;0.0;0.0;0.0;0.0;0.0;0.0;0.0;0.0;0.0;0.020818
28107;0.4;0.190164;0.2;0.062295;0.144262;0.0;0.0;0.0;0.0;0.0;0.0;0.0;0.0;0.0;0.0;0.003279
28108;0.22501;0.209806;0.243254;0.09274;0.206765;0.0;0.0;0.0;0.0;0.0;0.0;0.0;0.0;0.0;0.0;0.022425
28109;0.177798;0.286101;0.300542;0.075812;0.146209;0.0;0.0;0.0;0.0;0.0;0.0;0.0;0.0;0.0;0.0;0.013538
28110;0.344452;0.245745;0.230769;0.063308;0.108918;0.0;0.0;0.0;0.0;0.0;0.0;0.0;0.0;0.0;0.0;0.006807
28111;0.283298;0.219873;0.247357;0.071882;0.171247;0.0;0.0;0.0;0.0;0.0;0.0;0.0;0.0;0.0;0.0;0.006342
28112;0.372093;0.248062;0.155039;0.124031;0.100775;0.0;0.0;0.0;0.0;0.0;0.0;0.0;0.0;0.0;0.0;0.0
28113;0.298432;0.178928;0.206447;0.095128;0.205131;0.0;0.0;0.0;0.0;0.0;0.0;0.0;0.0;0.0;0.0;0.015934
28114;0.195876;0.371134;0.175258;0.082474;0.164948;0.0;0.0;0.0;0.0;0.0;0.0;0.0;0.0;0.0;0.0;0.010309
28115;0.163156;0.404281;0.225256;0.10869;0.090182;0.0;0.0;0.0;0.0;0.0;0.0;0.0;0.0;0.0;0.0;0.008435
28116;0.236332;0.181658;0.306878;0.095238;0.167549;0.0;0.0;0.0;0.0;0.0;0.0;0.0;0.0;0.0;0.0;0.012346
28117;0.22093;0.406977;0.069767;0.081395;0.209302;0.0;0.0;0.0;0.0;0.0;0.0;0.0;0.0;0.0;0.0;0.011628
28118;0.3;0.3;0.22;0.0;0.18;0.0;0.0;0.0;0.0;0.0;0.0;0.0;0.0;0.0;0.0;0.0
28119;0.201043;0.292584;0.252607;0.084009;0.154114;0.0;0.0;0.0;0.0;0.0;0.0;0.0;0.0;0.0;0.0;0.015643
28120;0.310538;0.246637;0.233184;0.086323;0.116592;0.0;0.0;0.0;0.0;0.0;0.0;0.0;0.0;0.0;0.0;0.006726
28121;0.344371;0.238411;0.245033;0.072848;0.072848;0.0;0.0;0.0;0.0;0.0;0.0;0.0;0.0;0.0;0.0;0.02649
28122;0.275;0.1875;0.31;0.06;0.1425;0.0;0.0;0.0;0.0;0.0;0.0;0.0;0.0;0.0;0.0;0.025
28123;0.2812;0.151553;0.152714;0.101633;0.299055;0.0;0.0;0.0;0.0;0.0;0.0;0.0;0.0;0.0;0.0;0.013844
28124;0.22;0.36;0.1;0.2;0.12;0.0;0.0;0.0;0.0;0.0;0.0;0.0;0.0;0.0;0.0;0.0
28125;0.209168;0.23053;0.299065;0.080107;0.164219;0.0;0.0;0.0;0.0;0.0;0.0;0.0;0.0;0.0;0.0;0.016911
28126;0.416667;0.25;0.222222;0.0;0.083333;0.0;0.0;0.0;0.0;0.0;0.0;0.0;0.0;0.0;0.0;0.027778
28127;0.181005;0.351487;0.222527;0.120245;0.113623;0.0;0.0;0.0;0.0;0.0;0.0;0.0;0.0;0.0;0.0;0.011113
28128;0.306061;0.309091;0.172727;0.087879;0.118182;0.0;0.0;0.0;0.0;0.0;0.0;0.0;0.0;0.0;0.0;0.006061
28129;0.224571;0.266688;0.222664;0.120788;0.151621;0.0;0.0;0.0;0.0;0.0;0.0;0.0;0.0;0.0;0.0;0.013668
28130;0.32866;0.164122;0.174116;0.095873;0.219184;0.0;0.0;0.0;0.0;0.0;0.0;0.0;0.0;0.0;0.0;0.018046
28131;0.237652;0.259651;0.22697;0.08789;0.172713;0.0;0.0;0.0;0.0;0.0;0.0;0.0;0.0;0.0;0.0;0.015124
28132;0.294139;0.156228;0.264476;0.078114;0.187544;0.0;0.0;0.0;0.0;0.0;0.0;0.0;0.0;0.0;0.0;0.019499
28133;0.287124;0.251023;0.242599;0.063297;0.143201;0.0;0.0;0.0;0.0;0.0;0.0;0.0;0.0;0.0;0.0;0.012756
28134;0.276488;0.233129;0.190362;0.105253;0.180597;0.0;0.0;0.0;0.0;0.0;0.0;0.0;0.0;0.0;0.0;0.014171
28135;0.216833;0.261056;0.249643;0.057061;0.206847;0.0;0.0;0.0;0.0;0.0;0.0;0.0;0.0;0.0;0.0;0.008559
28136;0.274953;0.220339;0.312618;0.05838;0.124294;0.0;0.0;0.0;0.0;0.0;0.0;0.0;0.0;0.0;0.0;0.009416
28137;0.28371;0.171473;0.315666;0.081839;0.131723;0.0;0.0;0.0;0.0;0.0;0.0;0.0;0.0;0.0;0.0;0.015588
28138;0.119048;0.380952;0.095238;0.166667;0.238095;0.0;0.0;0.0;0.0;0.0;0.0;0.0;0.0;0.0;0.0;0.0
28140;0.227214;0.206911;0.308855;0.088985;0.14946;0.0;0.0;0.0;0.0;0.0;0.0;0.0;0.0;0.0;0.0;0.018575
28141;0.212235;0.244037;0.262809;0.097173;0.165415;0.0;0.0;0.0;0.0;0.0;0.0;0.0;0.0;0.0;0.0;0.01833
28143;0.241379;0.465517;0.137931;0.068966;0.068966;0.0;0.0;0.0;0.0;0.0;0.0;0.0;0.0;0.0;0.0;0.017241
28144;0.233832;0.262935;0.228375;0.095392;0.164713;0.0;0.0;0.0;0.0;0.0;0.0;0.0;0.0;0.0;0.0;0.014753
28145;0.289755;0.175027;0.245464;0.089114;0.186233;0.0;0.0;0.0;0.0;0.0;0.0;0.0;0.0;0.0;0.0;0.014408
28146;0.344856;0.242798;0.247737;0.055144;0.108642;0.0;0.0;0.0;0.0;0.0;0.0;0.0;0.0;0.0;0.0;0.000823
28147;0.327089;0.182997;0.266571;0.060519;0.152738;0.0;0.0;0.0;0.0;0.0;0.0;0.0;0.0;0.0;0.0;0.010086
28148;0.29118;0.220655;0.192859;0.091158;0.187097;0.0;0.0;0.0;0.0;0.0;0.0;0.0;0.0;0.0;0.0;0.017051
28149;0.232419;0.188894;0.291595;0.107847;0.162521;0.0;0.0;0.0;0.0;0.0;0.0;0.0;0.0;0.0;0.0;0.016724
28150;0.206868;0.220268;0.309045;0.079146;0.172948;0.0;0.0;0.0;0.0;0.0;0.0;0.0;0.0;0.0;0.0;0.011725
28151;0.304708;0.214908;0.223191;0.088056;0.157367;0.0;0.0;0.0;0.0;0.0;0.0;0.0;0.0;0.0;0.0;0.01177
28152;0.178348;0.324557;0.240815;0.112486;0.131271;0.0;0.0;0.0;0.0;0.0;0.0;0.0;0.0;0.0;0.0;0.012524
28153;0.268022;0.144177;0.171904;0.060998;0.334566;0.0;0.0;0.0;0.0;0.0;0.0;0.0;0.0;0.0;0.0;0.020333
28154;0.282808;0.206511;0.253052;0.083418;0.158952;0.0;0.0;0.0;0.0;0.0;0.0;0.0;0.0;0.0;0.0;0.015259
28155;0.449864;0.295393;0.157182;0.02168;0.070461;0.0;0.0;0.0;0.0;0.0;0.0;0.0;0.0;0.0;0.0;0.00542
28156;0.24968;0.192061;0.31114;0.067862;0.160051;0.0;0.0;0.0;0.0;0.0;0.0;0.0;0.0;0.0;0.0;0.019206
28157;0.251073;0.2897;0.242489;0.062232;0.133047;0.0;0.0;0.0;0.0;0.0;0.0;0.0;0.0;0.0;0.0;0.021459
28158;0.1643;0.330629;0.25355;0.087221;0.160243;0.0;0.0;0.0;0.0;0.0;0.0;0.0;0.0;0.0;0.0;0.004057
28159;0.277652;0.311512;0.23702;0.063205;0.103837;0.0;0.0;0.0;0.0;0.0;0.0;0.0;0.0;0.0;0.0;0.006772
28160;0.222257;0.251329;0.257268;0.088465;0.165052;0.0;0.0;0.0;0.0;0.0;0.0;0.0;0.0;0.0;0.0;0.01563
28161;0.237021;0.185737;0.28424;0.102119;0.174466;0.0;0.0;0.0;0.0;0.0;0.0;0.0;0.0;0.0;0.0;0.016417
28162;0.195642;0.266225;0.27333;0.119848;0.126954;0.0;0.0;0.0;0.0;0.0;0.0;0.0;0.0;0.0;0.0;0.018001
28163;0.325153;0.180982;0.184049;0.058282;0.233129;0.0;0.0;0.0;0.0;0.0;0.0;0.0;0.0;0.0;0.0;0.018405
28164;0.234355;0.223565;0.302115;0.08675;0.136815;0.0;0.0;0.0;0.0;0.0;0.0;0.0;0.0;0.0;0.0;0.016401
28165;0.238059;0.281274;0.333586;0.056103;0.083397;0.0;0.0;0.0;0.0;0.0;0.0;0.0;0.0;0.0;0.0;0.007582
28166;0.32;0.196364;0.218182;0.094545;0.163636;0.0;0.0;0.0;0.0;0.0;0.0;0.0;0.0;0.0;0.0;0.007273
28167;0.296451;0.16504;0.211839;0.108167;0.200682;0.0;0.0;0.0;0.0;0.0;0.0;0.0;0.0;0.0;0.0;0.017821
28168;0.269737;0.246711;0.266447;0.052632;0.155702;0.0;0.0;0.0;0.0;0.0;0.0;0.0;0.0;0.0;0.0;0.008772
28169;0.173877;0.252912;0.30782;0.108153;0.137271;0.0;0.0;0.0;0.0;0.0;0.0;0.0;0.0;0.0;0.0;0.019967
28170;0.279429;0.184899;0.327586;0.054697;0.14566;0.0;0.0;0.0;0.0;0.0;0.0;0.0;0.0;0.0;0.0;0.007729
28171;0.263103;0.293301;0.263103;0.060743;0.110031;0.0;0.0;0.0;0.0;0.0;0.0;0.0;0.0;0.0;0.0;0.009719
28172;0.196654;0.226159;0.294257;0.113409;0.152529;0.0;0.0;0.0;0.0;0.0;0.0;0.0;0.0;0.0;0.0;0.016992
28173;0.328947;0.215789;0.263158;0.057895;0.121053;0.0;0.0;0.0;0.0;0.0;0.0;0.0;0.0;0.0;0.0;0.013158
28174;0.244497;0.258648;0.275157;0.084906;0.124214;0.0;0.0;0.0;0.0;0.0;0.0;0.0;0.0;0.0;0.0;0.012579
28175;0.206044;0.239011;0.285714;0.092033;0.167582;0.0;0.0;0.0;0.0;0.0;0.0;0.0;0.0;0.0;0.0;0.009615
28176;0.158717;0.347822;0.268605;0.1081;0.103114;0.0;0.0;0.0;0.0;0.0;0.0;0.0;0.0;0.0;0.0;0.013642
28177;0.205455;0.276798;0.265245;0.109338;0.130896;0.0;0.0;0.0;0.0;0.0;0.0;0.0;0.0;0.0;0.0;0.012268
28178;0.239105;0.202591;0.315665;0.06596;0.167256;0.0;0.0;0.0;0.0;0.0;0.0;0.0;0.0;0.0;0.0;0.009423
28179;0.216164;0.251217;0.255112;0.101266;0.165531;0.0;0.0;0.0;0.0;0.0;0.0;0.0;0.0;0.0;0.0;0.010711
28180;0.359327;0.195209;0.22528;0.086137;0.129205;0.0;0.0;0.0;0.0;0.0;0.0;0.0;0.0;0.0;0.0;0.004842
28181;0.18054;0.344358;0.242723;0.101325;0.118729;0.0;0.0;0.0;0.0;0.0;0.0;0.0;0.0;0.0;0.0;0.012325
28182;0.277778;0.148148;0.240741;0.092593;0.228395;0.0;0.0;0.0;0.0;0.0;0.0;0.0;0.0;0.0;0.0;0.012346
28183;0.243781;0.211443;0.146766;0.064677;0.312189;0.0;0.0;0.0;0.0;0.0;0.0;0.0;0.0;0.0;0.0;0.021144
28901;0.269168;0.208809;0.21044;0.071778;0.220228;0.0;0.0;0.0;0.0;0.0;0.0;0.0;0.0;0.0;0.0;0.019576
28902;0.137306;0.297927;0.248705;0.041451;0.264249;0.0;0.0;0.0;0.0;0.0;0.0;0.0;0.0;0.0;0.0;0.010363
28903;0.251677;0.253795;0.168867;0.120826;0.192693;0.0;0.0;0.0;0.0;0.0;0.0;0.0;0.0;0.0;0.0;0.012143
29001;0.45495;0.130182;0.080164;0.043508;0.278177;0.0;0.0;0.0;0.0;0.0;0.0;0.0;0.0;0.0;0.0;0.013018
29002;0.434211;0.210526;0.181579;0.072368;0.090789;0.0;0.0;0.0;0.0;0.0;0.0;0.0;0.0;0.0;0.0;0.010526
29003;0.484894;0.1571;0.132931;0.067976;0.143505;0.0;0.0;0.0;0.0;0.0;0.0;0.0;0.0;0.0;0.0;0.013595
29004;0.409302;0.172093;0.223256;0.069767;0.12093;0.0;0.0;0.0;0.0;0.0;0.0;0.0;0.0;0.0;0.0;0.004651
29005;0.303815;0.206744;0.322548;0.065054;0.084469;0.0;0.0;0.0;0.0;0.0;0.0;0.0;0.0;0.0;0.0;0.017371
29006;0.390625;0.207589;0.272321;0.040179;0.080357;0.0;0.0;0.0;0.0;0.0;0.0;0.0;0.0;0.0;0.0;0.008929
29007;0.253686;0.215145;0.254792;0.105509;0.143748;0.0;0.0;0.0;0.0;0.0;0.0;0.0;0.0;0.0;0.0;0.027119
29008;0.265949;0.248371;0.321055;0.06824;0.081967;0.0;0.0;0.0;0.0;0.0;0.0;0.0;0.0;0.0;0.0;0.014418
29009;0.5;0.108511;0.075532;0.051064;0.256383;0.0;0.0;0.0;0.0;0.0;0.0;0.0;0.0;0.0;0.0;0.008511
29010;0.510549;0.159494;0.164557;0.039662;0.118987;0.0;0.0;0.0;0.0;0.0;0.0;0.0;0.0;0.0;0.0;0.006751
29011;0.509861;0.161833;0.174594;0.053364;0.091647;0.0;0.0;0.0;0.0;0.0;0.0;0.0;0.0;0.0;0.0;0.008701
29012;0.409555;0.195887;0.183673;0.067254;0.131725;0.0;0.0;0.0;0.0;0.0;0.0;0.0;0.0;0.0;0.0;0.011905
29013;0.422707;0.147598;0.145852;0.054148;0.215721;0.0;0.0;0.0;0.0;0.0;0.0;0.0;0.0;0.0;0.0;0.013974
29014;0.305085;0.194915;0.194915;0.084746;0.177966;0.0;0.0;0.0;0.0;0.0;0.0;0.0;0.0;0.0;0.0;0.042373
29015;0.345292;0.242324;0.205656;0.080883;0.110516;0.0;0.0;0.0;0.0;0.0;0.0;0.0;0.0;0.0;0.0;0.015329
29016;0.350515;0.262887;0.21134;0.07732;0.092784;0.0;0.0;0.0;0.0;0.0;0.0;0.0;0.0;0.0;0.0;0.005155
29017;0.44457;0.180543;0.147964;0.06629;0.141403;0.0;0.0;0.0;0.0;0.0;0.0;0.0;0.0;0.0;0.0;0.019231
29018;0.392565;0.174721;0.176208;0.077323;0.164312;0.0;0.0;0.0;0.0;0.0;0.0;0.0;0.0;0.0;0.0;0.01487
29019;0.240614;0.24744;0.170648;0.039249;0.295222;0.0;0.0;0.0;0.0;0.0;0.0;0.0;0.0;0.0;0.0;0.006826
29020;0.282395;0.137623;0.134495;0.064343;0.370867;0.0;0.0;0.0;0.0;0.0;0.0;0.0;0.0;0.0;0.0;0.010277
29021;0.361111;0.314815;0.092593;0.092593;0.111111;0.0;0.0;0.0;0.0;0.0;0.0;0.0;0.0;0.0;0.0;0.027778
29022;0.496296;0.140741;0.111111;0.059259;0.177778;0.0;0.0;0.0;0.0;0.0;0.0;0.0;0.0;0.0;0.0;0.014815
29023;0.183357;0.273625;0.320169;0.107193;0.093794;0.0;0.0;0.0;0.0;0.0;0.0;0.0;0.0;0.0;0.0;0.021862
29024;0.437811;0.179104;0.19403;0.069652;0.089552;0.0;0.0;0.0;0.0;0.0;0.0;0.0;0.0;0.0;0.0;0.029851
29025;0.265868;0.212912;0.23094;0.101592;0.165252;0.0;0.0;0.0;0.0;0.0;0.0;0.0;0.0;0.0;0.0;0.023436
29026;0.418741;0.194729;0.15959;0.036603;0.17716;0.0;0.0;0.0;0.0;0.0;0.0;0.0;0.0;0.0;0.0;0.013177
29027;0.305389;0.202262;0.28809;0.071191;0.11843;0.0;0.0;0.0;0.0;0.0;0.0;0.0;0.0;0.0;0.0;0.014637
29028;0.466234;0.144156;0.128571;0.096104;0.144156;0.0;0.0;0.0;0.0;0.0;0.0;0.0;0.0;0.0;0.0;0.020779
29029;0.292;0.384;0.132;0.016;0.16;0.0;0.0;0.0;0.0;0.0;0.0;0.0;0.0;0.0;0.0;0.016
29030;0.602965;0.029654;0.036244;0.031301;0.291598;0.0;0.0;0.0;0.0;0.0;0.0;0.0;0.0;0.0;0.0;0.008237
29031;0.520408;0.10102;0.096939;0.05;0.222449;0.0;0.0;0.0;0.0;0.0;0.0;0.0;0.0;0.0;0.0;0.009184
29032;0.410424;0.151298;0.155096;0.054653;0.215235;0.0;0.0;0.0;0.0;0.0;0.0;0.0;0.0;0.0;0.0;0.013294
29033;0.440725;0.221757;0.209205;0.052999;0.066946;0.0;0.0;0.0;0.0;0.0;0.0;0.0;0.0;0.0;0.0;0.008368
29034;0.227273;0.293939;0.354545;0.066667;0.045455;0.0;0.0;0.0;0.0;0.0;0.0;0.0;0.0;0.0;0.0;0.012121
29035;0.525554;0.139826;0.086789;0.025072;0.217936;0.0;0.0;0.0;0.0;0.0;0.0;0.0;0.0;0.0;0.0;0.004822
29036;0.471503;0.176166;0.150259;0.03886;0.160622;0.0;0.0;0.0;0.0;0.0;0.0;0.0;0.0;0.0;0.0;0.002591
29037;0.342105;0.394737;0.164474;0.026316;0.072368;0.0;0.0;0.0;0.0;0.0;0.0;0.0;0.0;0.0;0.0;0.0
29038;0.310891;0.156468;0.271604;0.096898;0.141128;0.0;0.0;0.0;0.0;0.0;0.0;0.0;0.0;0.0;0.0;0.02301
29039;0.306478;0.140991;0.147523;0.053348;0.332063;0.0;0.0;0.0;0.0;0.0;0.0;0.0;0.0;0.0;0.0;0.019597
29040;0.359477;0.223856;0.253268;0.056373;0.093954;0.0;0.0;0.0;0.0;0.0;0.0;0.0;0.0;0.0;0.0;0.013072
29041;0.267934;0.148228;0.239844;0.083838;0.237684;0.0;0.0;0.0;0.0;0.0;0.0;0.0;0.0;0.0;0.0;0.022472
29042;0.251099;0.212686;0.303433;0.093469;0.117228;0.0;0.0;0.0;0.0;0.0;0.0;0.0;0.0;0.0;0.0;0.022085
29043;0.403472;0.186806;0.209028;0.065972;0.116667;0.0;0.0;0.0;0.0;0.0;0.0;0.0;0.0;0.0;0.0;0.018056
29044;0.396186;0.372881;0.146186;0.036017;0.038136;0.0;0.0;0.0;0.0;0.0;0.0;0.0;0.0;0.0;0.0;0.010593
29045;0.268657;0.248464;0.297629;0.066725;0.098332;0.0;0.0;0.0;0.0;0.0;0.0;0.0;0.0;0.0;0.0;0.020193
29046;0.416071;0.189286;0.202381;0.088095;0.090476;0.0;0.0;0.0;0.0;0.0;0.0;0.0;0.0;0.0;0.0;0.01369
29047;0.50591;0.105201;0.067376;0.036643;0.27896;0.0;0.0;0.0;0.0;0.0;0.0;0.0;0.0;0.0;0.0;0.00591
29048;0.475267;0.083414;0.037827;0.031038;0.366634;0.0;0.0;0.0;0.0;0.0;0.0;0.0;0.0;0.0;0.0;0.00582
29049;0.502473;0.145401;0.099407;0.0455;0.19634;0.0;0.0;0.0;0.0;0.0;0.0;0.0;0.0;0.0;0.0;0.01088
29050;0.415179;0.200893;0.142857;0.116071;0.107143;0.0;0.0;0.0;0.0;0.0;0.0;0.0;0.0;0.0;0.0;0.017857
29051;0.257318;0.232774;0.268928;0.089668;0.130323;0.0;0.0;0.0;0.0;0.0;0.0;0.0;0.0;0.0;0.0;0.020989
29052;0.367188;0.195312;0.25;0.085938;0.070312;0.0;0.0;0.0;0.0;0.0;0.0;0.0;0.0;0.0;0.0;0.03125
29053;0.271739;0.199275;0.248188;0.085145;0.145833;0.0;0.0;0.0;0.0;0.0;0.0;0.0;0.0;0.0;0.0;0.049819
29054;0.260104;0.27337;0.231578;0.088695;0.123817;0.0;0.0;0.0;0.0;0.0;0.0;0.0;0.0;0.0;0.0;0.022436
29055;0.42775;0.141625;0.240834;0.048886;0.124371;0.0;0.0;0.0;0.0;0.0;0.0;0.0;0.0;0.0;0.0;0.016535
29056;0.403763;0.254703;0.206946;0.063676;0.059334;0.0;0.0;0.0;0.0;0.0;0.0;0.0;0.0;0.0;0.0;0.011577
29057;0.537037;0.25;0.138889;0.018519;0.046296;0.0;0.0;0.0;0.0;0.0;0.0;0.0;0.0;0.0;0.0;0.009259
29058;0.348049;0.14271;0.337782;0.098563;0.060575;0.0;0.0;0.0;0.0;0.0;0.0;0.0;0.0;0.0;0.0;0.01232
29059;0.396487;0.121873;0.102182;0.037786;0.328366;0.0;0.0;0.0;0.0;0.0;0.0;0.0;0.0;0.0;0.0;0.013305
29060;0.347439;0.349666;0.231626;0.051225;0.020045;0.0;0.0;0.0;0.0;0.0;0.0;0.0;0.0;0.0;0.0;0.0
29061;0.257853;0.150524;0.208115;0.040576;0.316754;0.0;0.0;0.0;0.0;0.0;0.0;0.0;0.0;0.0;0.0;0.026178
29062;0.48816;0.318761;0.118397;0.045537;0.025501;0.0;0.0;0.0;0.0;0.0;0.0;0.0;0.0;0.0;0.0;0.003643
29063;0.275;0.333333;0.216667;0.083333;0.079167;0.0;0.0;0.0;0.0;0.0;0.0;0.0;0.0;0.0;0.0;0.0125
29064;0.39576;0.219081;0.229682;0.063604;0.084806;0.0;0.0;0.0;0.0;0.0;0.0;0.0;0.0;0.0;0.0;0.007067
29065;0.3;0.192857;0.371429;0.092857;0.042857;0.0;0.0;0.0;0.0;0.0;0.0;0.0;0.0;0.0;0.0;0.0
29066;0.363265;0.212245;0.191837;0.061224;0.163265;0.0;0.0;0.0;0.0;0.0;0.0;0.0;0.0;0.0;0.0;0.008163
29067;0.294838;0.22075;0.198017;0.09589;0.164201;0.0;0.0;0.0;0.0;0.0;0.0;0.0;0.0;0.0;0.0;0.026303
29068;0.264087;0.177881;0.317283;0.102817;0.120059;0.0;0.0;0.0;0.0;0.0;0.0;0.0;0.0;0.0;0.0;0.017872
29069;0.301557;0.230121;0.238314;0.087593;0.120953;0.0;0.0;0.0;0.0;0.0;0.0;0.0;0.0;0.0;0.0;0.021461
29070;0.275404;0.180039;0.258203;0.102763;0.151445;0.0;0.0;0.0;0.0;0.0;0.0;0.0;0.0;0.0;0.0;0.032146
29071;0.414105;0.224231;0.177215;0.066908;0.104882;0.0;0.0;0.0;0.0;0.0;0.0;0.0;0.0;0.0;0.0;0.012658
29072;0.457168;0.177448;0.163024;0.064248;0.125437;0.0;0.0;0.0;0.0;0.0;0.0;0.0;0.0;0.0;0.0;0.012675
29073;0.408918;0.144213;0.166034;0.048387;0.216319;0.0;0.0;0.0;0.0;0.0;0.0;0.0;0.0;0.0;0.0;0.016129
29074;0.456679;0.198556;0.207581;0.068592;0.061372;0.0;0.0;0.0;0.0;0.0;0.0;0.0;0.0;0.0;0.0;0.00722
29075;0.286909;0.27596;0.206447;0.071112;0.141609;0.0;0.0;0.0;0.0;0.0;0.0;0.0;0.0;0.0;0.0;0.017963
29076;0.354181;0.148981;0.26423;0.096978;0.111736;0.0;0.0;0.0;0.0;0.0;0.0;0.0;0.0;0.0;0.0;0.023893
29077;0.458647;0.180451;0.255639;0.030075;0.075188;0.0;0.0;0.0;0.0;0.0;0.0;0.0;0.0;0.0;0.0;0.0
29079;0.429936;0.166242;0.180255;0.06242;0.150955;0.0;0.0;0.0;0.0;0.0;0.0;0.0;0.0;0.0;0.0;0.010191
29080;0.327876;0.220039;0.230517;0.064178;0.137306;0.0;0.0;0.0;0.0;0.0;0.0;0.0;0.0;0.0;0.0;0.020083
29081;0.372222;0.25;0.311111;0.05;0.016667;0.0;0.0;0.0;0.0;0.0;0.0;0.0;0.0;0.0;0.0;0.0
29082;0.261968;0.239972;0.201923;0.110309;0.162595;0.0;0.0;0.0;0.0;0.0;0.0;0.0;0.0;0.0;0.0;0.023234
29083;0.446853;0.265035;0.175524;0.041259;0.066434;0.0;0.0;0.0;0.0;0.0;0.0;0.0;0.0;0.0;0.0;0.004895
29084;0.310632;0.232147;0.233402;0.097137;0.110769;0.0;0.0;0.0;0.0;0.0;0.0;0.0;0.0;0.0;0.0;0.015914
29085;0.423913;0.152174;0.25;0.032609;0.119565;0.0;0.0;0.0;0.0;0.0;0.0;0.0;0.0;0.0;0.0;0.021739
29086;0.433121;0.212314;0.201699;0.046709;0.095541;0.0;0.0;0.0;0.0;0.0;0.0;0.0;0.0;0.0;0.0;0.010616
29087;0.322176;0.150628;0.200837;0.046025;0.259414;0.0;0.0;0.0;0.0;0.0;0.0;0.0;0.0;0.0;0.0;0.020921
29088;0.440531;0.170901;0.183603;0.064665;0.128753;0.0;0.0;0.0;0.0;0.0;0.0;0.0;0.0;0.0;0.0;0.011547
29089;0.371836;0.091578;0.093879;0.02301;0.40359;0.0;0.0;0.0;0.0;0.0;0.0;0.0;0.0;0.0;0.0;0.016107
29090;0.2693;0.256732;0.307899;0.089767;0.067325;0.0;0.0;0.0;0.0;0.0;0.0;0.0;0.0;0.0;0.0;0.008977
29091;0.274547;0.247637;0.226974;0.077847;0.157937;0.0;0.0;0.0;0.0;0.0;0.0;0.0;0.0;0.0;0.0;0.015057
29092;0.409471;0.114206;0.142061;0.125348;0.183844;0.0;0.0;0.0;0.0;0.0;0.0;0.0;0.0;0.0;0.0;0.02507
29093;0.477513;0.195767;0.155423;0.03836;0.123016;0.0;0.0;0.0;0.0;0.0;0.0;0.0;0.0;0.0;0.0;0.009921
29094;0.290677;0.223099;0.25276;0.086667;0.123047;0.0;0.0;0.0;0.0;0.0;0.0;0.0;0.0;0.0;0.0;0.02375
29095;0.488787;0.167506;0.121739;0.049886;0.156064;0.0;0.0;0.0;0.0;0.0;0.0;0.0;0.0;0.0;0.0;0.016018
29096;0.487295;0.163749;0.107849;0.046866;0.178995;0.0;0.0;0.0;0.0;0.0;0.0;0.0;0.0;0.0;0.0;0.015246
29097;0.475948;0.152697;0.169461;0.074344;0.111516;0.0;0.0;0.0;0.0;0.0;0.0;0.0;0.0;0.0;0.0;0.016035
29098;0.507514;0.166474;0.122543;0.065896;0.12948;0.0;0.0;0.0;0.0;0.0;0.0;0.0;0.0;0.0;0.0;0.008092
29099;0.468085;0.180851;0.200608;0.054711;0.089666;0.0;0.0;0.0;0.0;0.0;0.0;0.0;0.0;0.0;0.0;0.006079
29100;0.516678;0.162198;0.160235;0.058862;0.088947;0.0;0.0;0.0;0.0;0.0;0.0;0.0;0.0;0.0;0.0;0.01308
29901;0.260182;0.244023;0.230273;0.091579;0.150525;0.0;0.0;0.0;0.0;0.0;0.0;0.0;0.0;0.0;0.0;0.023418
29902;0.527668;0.160079;0.119895;0.071805;0.102767;0.0;0.0;0.0;0.0;0.0;0.0;0.0;0.0;0.0;0.0;0.017787
29903;0.475155;0.177019;0.130435;0.090062;0.096273;0.0;0.0;0.0;0.0;0.0;0.0;0.0;0.0;0.0;0.0;0.031056
29904;0.781931;0.05296;0.034268;0.028037;0.090343;0.0;0.0;0.0;0.0;0.0;0.0;0.0;0.0;0.0;0.0;0.012461
30001;0.2758;0.390465;0.22933;0.044659;0.047677;0.0;0.0;0.0;0.0;0.0;0.0;0.0;0.0;0.0;0.0;0.01207
30002;0.250523;0.265321;0.342451;0.041854;0.084753;0.0;0.0;0.0;0.0;0.0;0.0;0.0;0.0;0.0;0.0;0.015097
30003;0.314329;0.25625;0.247228;0.066099;0.103816;0.0;0.0;0.0;0.0;0.0;0.0;0.0;0.0;0.0;0.0;0.01228
30004;0.40024;0.266827;0.222356;0.032452;0.0625;0.0;0.0;0.0;0.0;0.0;0.0;0.0;0.0;0.0;0.0;0.015625
30005;0.224867;0.293505;0.296655;0.074358;0.090208;0.0;0.0;0.0;0.0;0.0;0.0;0.0;0.0;0.0;0.0;0.020407
30006;0.275216;0.404899;0.121037;0.086455;0.100865;0.0;0.0;0.0;0.0;0.0;0.0;0.0;0.0;0.0;0.0;0.011527
30007;0.252622;0.263342;0.33209;0.058028;0.080634;0.0;0.0;0.0;0.0;0.0;0.0;0.0;0.0;0.0;0.0;0.013284
30008;0.239115;0.245569;0.275484;0.073046;0.145887;0.0;0.0;0.0;0.0;0.0;0.0;0.0;0.0;0.0;0.0;0.020899
30009;0.277927;0.303466;0.252495;0.057624;0.095182;0.0;0.0;0.0;0.0;0.0;0.0;0.0;0.0;0.0;0.0;0.013306
30010;0.273371;0.280457;0.307617;0.045463;0.074985;0.0;0.0;0.0;0.0;0.0;0.0;0.0;0.0;0.0;0.0;0.018107
30011;0.279855;0.287394;0.283172;0.052473;0.08263;0.0;0.0;0.0;0.0;0.0;0.0;0.0;0.0;0.0;0.0;0.014475
30012;0.400122;0.224935;0.155349;0.062719;0.144514;0.0;0.0;0.0;0.0;0.0;0.0;0.0;0.0;0.0;0.0;0.012361
30013;0.438167;0.197748;0.222837;0.052351;0.081983;0.0;0.0;0.0;0.0;0.0;0.0;0.0;0.0;0.0;0.0;0.006914
30014;0.415929;0.183186;0.268142;0.029204;0.084071;0.0;0.0;0.0;0.0;0.0;0.0;0.0;0.0;0.0;0.0;0.019469
30015;0.276813;0.309366;0.264577;0.066541;0.072054;0.0;0.0;0.0;0.0;0.0;0.0;0.0;0.0;0.0;0.0;0.01065
30016;0.228612;0.233691;0.313419;0.083077;0.116499;0.0;0.0;0.0;0.0;0.0;0.0;0.0;0.0;0.0;0.0;0.024702
30017;0.292106;0.285537;0.248358;0.075226;0.087247;0.0;0.0;0.0;0.0;0.0;0.0;0.0;0.0;0.0;0.0;0.011526
30018;0.313235;0.252451;0.289869;0.054739;0.077451;0.0;0.0;0.0;0.0;0.0;0.0;0.0;0.0;0.0;0.0;0.012255
30019;0.242006;0.269247;0.287602;0.062431;0.125329;0.0;0.0;0.0;0.0;0.0;0.0;0.0;0.0;0.0;0.0;0.013386
30020;0.218476;0.329063;0.311531;0.041133;0.093729;0.0;0.0;0.0;0.0;0.0;0.0;0.0;0.0;0.0;0.0;0.006069
30021;0.22917;0.30713;0.337177;0.056034;0.058308;0.0;0.0;0.0;0.0;0.0;0.0;0.0;0.0;0.0;0.0;0.012181
30022;0.297089;0.290857;0.220073;0.077667;0.099898;0.0;0.0;0.0;0.0;0.0;0.0;0.0;0.0;0.0;0.0;0.014417
30023;0.287004;0.23935;0.266787;0.047653;0.139711;0.0;0.0;0.0;0.0;0.0;0.0;0.0;0.0;0.0;0.0;0.019495
30024;0.283153;0.276294;0.279687;0.061011;0.087437;0.0;0.0;0.0;0.0;0.0;0.0;0.0;0.0;0.0;0.0;0.012419
30025;0.329075;0.211052;0.314079;0.056373;0.07609;0.0;0.0;0.0;0.0;0.0;0.0;0.0;0.0;0.0;0.0;0.01333
30026;0.276704;0.242625;0.319125;0.065921;0.082604;0.0;0.0;0.0;0.0;0.0;0.0;0.0;0.0;0.0;0.0;0.013021
30027;0.242576;0.256586;0.277629;0.086543;0.11833;0.0;0.0;0.0;0.0;0.0;0.0;0.0;0.0;0.0;0.0;0.018336
30028;0.412614;0.205674;0.160588;0.056991;0.152989;0.0;0.0;0.0;0.0;0.0;0.0;0.0;0.0;0.0;0.0;0.011145
30029;0.326601;0.247429;0.251642;0.060587;0.100235;0.0;0.0;0.0;0.0;0.0;0.0;0.0;0.0;0.0;0.0;0.013505
30030;0.229758;0.275839;0.274185;0.083581;0.116592;0.0;0.0;0.0;0.0;0.0;0.0;0.0;0.0;0.0;0.0;0.020044
30031;0.209974;0.448819;0.220472;0.060367;0.047244;0.0;0.0;0.0;0.0;0.0;0.0;0.0;0.0;0.0;0.0;0.013123
30032;0.307437;0.315017;0.25675;0.047845;0.063003;0.0;0.0;0.0;0.0;0.0;0.0;0.0;0.0;0.0;0.0;0.009948
30033;0.269983;0.304639;0.261459;0.060788;0.0872;0.0;0.0;0.0;0.0;0.0;0.0;0.0;0.0;0.0;0.0;0.015931
30034;0.317781;0.327869;0.238335;0.029004;0.080706;0.0;0.0;0.0;0.0;0.0;0.0;0.0;0.0;0.0;0.0;0.006305
30035;0.196217;0.273122;0.32049;0.073882;0.111016;0.0;0.0;0.0;0.0;0.0;0.0;0.0;0.0;0.0;0.0;0.025273
30036;0.199694;0.278146;0.341518;0.068161;0.096485;0.0;0.0;0.0;0.0;0.0;0.0;0.0;0.0;0.0;0.0;0.015996
30037;0.191767;0.247139;0.383073;0.080485;0.07557;0.0;0.0;0.0;0.0;0.0;0.0;0.0;0.0;0.0;0.0;0.021965
30038;0.248504;0.249885;0.320202;0.076944;0.08983;0.0;0.0;0.0;0.0;0.0;0.0;0.0;0.0;0.0;0.0;0.014634
30039;0.229993;0.261408;0.307957;0.069097;0.112436;0.0;0.0;0.0;0.0;0.0;0.0;0.0;0.0;0.0;0.0;0.019109
30040;0.320215;0.40966;0.157424;0.0322;0.06619;0.0;0.0;0.0;0.0;0.0;0.0;0.0;0.0;0.0;0.0;0.014311
30041;0.280916;0.226258;0.277727;0.075154;0.115577;0.0;0.0;0.0;0.0;0.0;0.0;0.0;0.0;0.0;0.0;0.024368
30042;0.281734;0.260062;0.321362;0.043963;0.085449;0.0;0.0;0.0;0.0;0.0;0.0;0.0;0.0;0.0;0.0;0.00743
30043;0.260917;0.320544;0.198502;0.076679;0.129202;0.0;0.0;0.0;0.0;0.0;0.0;0.0;0.0;0.0;0.0;0.014155
30901;0.253855;0.26474;0.259686;0.07477;0.129714;0.0;0.0;0.0;0.0;0.0;0.0;0.0;0.0;0.0;0.0;0.017235
30902;0.310204;0.217493;0.272303;0.065889;0.111565;0.0;0.0;0.0;0.0;0.0;0.0;0.0;0.0;0.0;0.0;0.022546
31001;0.125;0.0;0.0;0.0;0.232143;0.0;0.0;0.0;0.0;0.25;0.0;0.0;0.0;0.214286;0.0;0.178571
31002;0.139373;0.0;0.013937;0.0;0.205575;0.0;0.0;0.0;0.0;0.198606;0.0;0.0;0.0;0.341463;0.0;0.101045
31003;0.169014;0.0;0.0;0.0;0.126761;0.0;0.0;0.0;0.0;0.43662;0.0;0.0;0.0;0.15493;0.0;0.112676
31004;0.142857;0.0;0.047619;0.0;0.047619;0.0;0.0;0.0;0.0;0.285714;0.0;0.0;0.0;0.380952;0.0;0.095238
31005;0.307263;0.0;0.061453;0.0;0.117318;0.0;0.0;0.0;0.0;0.128492;0.0;0.0;0.0;0.363128;0.0;0.022346
31006;0.381173;0.0;0.115741;0.0;0.137346;0.0;0.0;0.0;0.0;0.028549;0.0;0.0;0.0;0.325617;0.0;0.011574
31007;0.197531;0.0;0.111111;0.0;0.111111;0.0;0.0;0.0;0.0;0.148148;0.0;0.0;0.0;0.407407;0.0;0.024691
31008;0.238095;0.0;0.02381;0.0;0.095238;0.0;0.0;0.0;0.0;0.047619;0.0;0.0;0.0;0.47619;0.0;0.119048
31009;0.278396;0.0;0.013363;0.0;0.200445;0.0;0.0;0.0;0.0;0.200445;0.0;0.0;0.0;0.249443;0.0;0.057906
31010;0.21905;0.0;0.027481;0.0;0.192369;0.0;0.0;0.0;0.0;0.326841;0.0;0.0;0.0;0.111259;0.0;0.122999
31011;0.163866;0.0;0.046218;0.0;0.193277;0.0;0.0;0.0;0.0;0.19958;0.0;0.0;0.0;0.340336;0.0;0.056723
31012;0.388785;0.0;0.052336;0.0;0.171963;0.0;0.0;0.0;0.0;0.097196;0.0;0.0;0.0;0.257944;0.0;0.031776
31013;0.178571;0.0;0.013736;0.0;0.258242;0.0;0.0;0.0;0.0;0.274725;0.0;0.0;0.0;0.222527;0.0;0.052198
31014;0.174699;0.0;0.03012;0.0;0.096386;0.0;0.0;0.0;0.0;0.307229;0.0;0.0;0.0;0.361446;0.0;0.03012
31015;0.332359;0.0;0.077429;0.0;0.140979;0.0;0.0;0.0;0.0;0.080351;0.0;0.0;0.0;0.346238;0.0;0.022644
31016;0.305362;0.0;0.031216;0.0;0.244583;0.0;0.0;0.0;0.0;0.238156;0.0;0.0;0.0;0.132391;0.0;0.048292
31017;0.145833;0.0;0.020833;0.0;0.133333;0.0;0.0;0.0;0.0;0.345833;0.0;0.0;0.0;0.254167;0.0;0.1
31018;0.323843;0.0;0.05694;0.0;0.206406;0.0;0.0;0.0;0.0;0.128114;0.0;0.0;0.0;0.24911;0.0;0.035587
31019;0.190555;0.0;0.033969;0.0;0.18227;0.0;0.0;0.0;0.0;0.385253;0.0;0.0;0.0;0.156587;0.0;0.051367
31020;0.040724;0.0;0.0;0.0;0.122172;0.0;0.0;0.0;0.0;0.665158;0.0;0.0;0.0;0.049774;0.0;0.122172
31021;0.219512;0.0;0.0;0.0;0.0;0.0;0.0;0.0;0.0;0.512195;0.0;0.0;0.0;0.195122;0.0;0.073171
31022;0.093645;0.0;0.006689;0.0;0.090301;0.0;0.0;0.0;0.0;0.588629;0.0;0.0;0.0;0.063545;0.0;0.157191
31023;0.213112;0.0;0.067271;0.0;0.194625;0.0;0.0;0.0;0.0;0.100993;0.0;0.0;0.0;0.36443;0.0;0.059569
31024;0.096154;0.0;0.0;0.0;0.076923;0.0;0.0;0.0;0.0;0.634615;0.0;0.0;0.0;0.038462;0.0;0.153846
31025;0.159509;0.0;0.03681;0.0;0.151329;0.0;0.0;0.0;0.0;0.378323;0.0;0.0;0.0;0.204499;0.0;0.06953
31026;0.429907;0.0;0.018692;0.0;0.056075;0.0;0.0;0.0;0.0;0.056075;0.0;0.0;0.0;0.401869;0.0;0.037383
31027;0.057692;0.0;0.0;0.0;0.071154;0.0;0.0;0.0;0.0;0.646154;0.0;0.0;0.0;0.071154;0.0;0.153846
31028;0.109244;0.0;0.02521;0.0;0.12605;0.0;0.0;0.0;0.0;0.445378;0.0;0.0;0.0;0.159664;0.0;0.134454
31029;0.265758;0.0;0.035775;0.0;0.165247;0.0;0.0;0.0;0.0;0.109029;0.0;0.0;0.0;0.390119;0.0;0.034072
31030;0.180851;0.0;0.031915;0.0;0.265957;0.0;0.0;0.0;0.0;0.287234;0.0;0.0;0.0;0.159574;0.0;0.074468
31031;0.123077;0.0;0.023077;0.0;0.115385;0.0;0.0;0.0;0.0;0.561538;0.0;0.0;0.0;0.069231;0.0;0.107692
31032;0.422498;0.0;0.05403;0.0;0.148804;0.0;0.0;0.0;0.0;0.021258;0.0;0.0;0.0;0.339238;0.0;0.014172
31033;0.173913;0.0;0.0;0.0;0.043478;0.0;0.0;0.0;0.0;0.434783;0.0;0.0;0.0;0.26087;0.0;0.086957
31034;0.041667;0.0;0.0;0.0;0.291667;0.0;0.0;0.0;0.0;0.375;0.0;0.0;0.0;0.208333;0.0;0.083333
31035;0.413793;0.0;0.034483;0.0;0.0;0.0;0.0;0.0;0.0;0.103448;0.0;0.0;0.0;0.275862;0.0;0.172414
31036;0.332192;0.0;0.05137;0.0;0.133562;0.0;0.0;0.0;0.0;0.167808;0.0;0.0;0.0;0.277397;0.0;0.037671
31037;0.085714;0.0;0.0;0.0;0.1;0.0;0.0;0.0;0.0;0.628571;0.0;0.0;0.0;0.042857;0.0;0.142857
31038;0.294615;0.0;0.059134;0.0;0.154171;0.0;0.0;0.0;0.0;0.107709;0.0;0.0;0.0;0.344245;0.0;0.040127
31039;0.205882;0.0;0.0;0.0;0.220588;0.0;0.0;0.0;0.0;0.323529;0.0;0.0;0.0;0.220588;0.0;0.029412
31040;0.203125;0.0;0.0;0.0;0.0625;0.0;0.0;0.0;0.0;0.328125;0.0;0.0;0.0;0.375;0.0;0.03125
31041;0.224771;0.0;0.058716;0.0;0.210092;0.0;0.0;0.0;0.0;0.155046;0.0;0.0;0.0;0.302752;0.0;0.048624
31042;0.438857;0.0;0.089995;0.0;0.079407;0.0;0.0;0.0;0.0;0.007411;0.0;0.0;0.0;0.375331;0.0;0.008999
31043;0.26087;0.0;0.0;0.0;0.0;0.0;0.0;0.0;0.0;0.0;0.0;0.0;0.0;0.478261;0.0;0.26087
31044;0.084071;0.0;0.0;0.0;0.070796;0.0;0.0;0.0;0.0;0.584071;0.0;0.0;0.0;0.132743;0.0;0.128319
31045;0.287834;0.0;0.032641;0.0;0.281899;0.0;0.0;0.0;0.0;0.106825;0.0;0.0;0.0;0.25816;0.0;0.032641
31046;0.131579;0.0;0.078947;0.0;0.105263;0.0;0.0;0.0;0.0;0.078947;0.0;0.0;0.0;0.605263;0.0;0.0
31047;0.267081;0.0;0.018634;0.0;0.074534;0.0;0.0;0.0;0.0;0.186335;0.0;0.0;0.0;0.378882;0.0;0.074534
31048;0.169492;0.0;0.135593;0.0;0.050847;0.0;0.0;0.0;0.0;0.025424;0.0;0.0;0.0;0.542373;0.0;0.076271
31049;0.08204;0.0;0.008869;0.0;0.099778;0.0;0.0;0.0;0.0;0.620843;0.0;0.0;0.0;0.128603;0.0;0.059867
31050;0.16438;0.0;0.017082;0.0;0.106133;0.0;0.0;0.0;0.0;0.42005;0.0;0.0;0.0;0.176701;0.0;0.115654
31051;0.292683;0.0;0.152439;0.0;0.176829;0.0;0.0;0.0;0.0;0.097561;0.0;0.0;0.0;0.262195;0.0;0.018293
31052;0.2;0.0;0.013333;0.0;0.253333;0.0;0.0;0.0;0.0;0.066667;0.0;0.0;0.0;0.413333;0.0;0.053333
31053;0.312139;0.0;0.037572;0.0;0.16185;0.0;0.0;0.0;0.0;0.16185;0.0;0.0;0.0;0.291908;0.0;0.034682
31054;0.178832;0.0;0.010949;0.0;0.109489;0.0;0.0;0.0;0.0;0.456204;0.0;0.0;0.0;0.135036;0.0;0.109489
31055;0.151832;0.0;0.0;0.0;0.109948;0.0;0.0;0.0;0.0;0.418848;0.0;0.0;0.0;0.073298;0.0;0.246073
31056;0.196721;0.0;0.04918;0.0;0.172131;0.0;0.0;0.0;0.0;0.213115;0.0;0.0;0.0;0.295082;0.0;0.07377
31057;0.366035;0.0;0.104699;0.0;0.13108;0.0;0.0;0.0;0.0;0.006595;0.0;0.0;0.0;0.384171;0.0;0.00742
31058;0.122137;0.0;0.045802;0.0;0.10687;0.0;0.0;0.0;0.0;0.358779;0.0;0.0;0.0;0.236641;0.0;0.129771
31059;0.216667;0.0;0.008333;0.0;0.166667;0.0;0.0;0.0;0.0;0.366667;0.0;0.0;0.0;0.2;0.0;0.041667
31060;0.27194;0.0;0.035596;0.0;0.213041;0.0;0.0;0.0;0.0;0.196579;0.0;0.0;0.0;0.227686;0.0;0.055158
31061;0.209302;0.0;0.0;0.0;0.046512;0.0;0.0;0.0;0.0;0.046512;0.0;0.0;0.0;0.651163;0.0;0.046512
31062;0.406579;0.0;0.057895;0.0;0.138158;0.0;0.0;0.0;0.0;0.019737;0.0;0.0;0.0;0.367105;0.0;0.010526
31063;0.186441;0.0;0.016949;0.0;0.033898;0.0;0.0;0.0;0.0;0.20339;0.0;0.0;0.0;0.491525;0.0;0.067797
31064;0.397661;0.0;0.065302;0.0;0.126706;0.0;0.0;0.0;0.0;0.025341;0.0;0.0;0.0;0.37037;0.0;0.01462
31065;0.361025;0.0;0.074534;0.0;0.13587;0.0;0.0;0.0;0.0;0.050466;0.0;0.0;0.0;0.361025;0.0;0.017081
31066;0.363964;0.0;0.057658;0.0;0.135135;0.0;0.0;0.0;0.0;0.03964;0.0;0.0;0.0;0.38018;0.0;0.023423
31067;0.39099;0.0;0.112631;0.0;0.13757;0.0;0.0;0.0;0.0;0.056315;0.0;0.0;0.0;0.274336;0.0;0.028158
31068;0.417471;0.0;0.090401;0.0;0.118842;0.0;0.0;0.0;0.0;0.029964;0.0;0.0;0.0;0.326054;0.0;0.017268
31069;0.287879;0.0;0.047138;0.0;0.166667;0.0;0.0;0.0;0.0;0.122896;0.0;0.0;0.0;0.361953;0.0;0.013468
31070;0.330732;0.0;0.122449;0.0;0.203481;0.0;0.0;0.0;0.0;0.040816;0.0;0.0;0.0;0.285114;0.0;0.017407
31071;0.545455;0.0;0.0;0.0;0.0;0.0;0.0;0.0;0.0;0.090909;0.0;0.0;0.0;0.363636;0.0;0.0
31072;0.352506;0.0;0.129006;0.0;0.114489;0.0;0.0;0.0;0.0;0.01616;0.0;0.0;0.0;0.373048;0.0;0.01479
31073;0.121951;0.0;0.004878;0.0;0.107317;0.0;0.0;0.0;0.0;0.570732;0.0;0.0;0.0;0.082927;0.0;0.112195
31074;0.135889;0.0;0.017422;0.0;0.202091;0.0;0.0;0.0;0.0;0.41115;0.0;0.0;0.0;0.198606;0.0;0.034843
31075;0.179104;0.0;0.044776;0.0;0.208955;0.0;0.0;0.0;0.0;0.238806;0.0;0.0;0.0;0.223881;0.0;0.104478
31076;0.127001;0.0;0.133196;0.0;0.09809;0.0;0.0;0.0;0.0;0.101704;0.0;0.0;0.0;0.493547;0.0;0.046464
31077;0.32721;0.0;0.120341;0.0;0.123269;0.0;0.0;0.0;0.0;0.017306;0.0;0.0;0.0;0.39377;0.0;0.018104
31078;0.371278;0.0;0.100992;0.0;0.152364;0.0;0.0;0.0;0.0;0.032691;0.0;0.0;0.0;0.329247;0.0;0.013427
31079;0.386364;0.0;0.0;0.0;0.113636;0.0;0.0;0.0;0.0;0.045455;0.0;0.0;0.0;0.318182;0.0;0.136364
31080;0.294118;0.0;0.011204;0.0;0.201681;0.0;0.0;0.0;0.0;0.182073;0.0;0.0;0.0;0.260504;0.0;0.05042
31081;0.154867;0.0;0.004425;0.0;0.088496;0.0;0.0;0.0;0.0;0.460177;0.0;0.0;0.0;0.137168;0.0;0.154867
31082;0.118421;0.0;0.028947;0.0;0.152632;0.0;0.0;0.0;0.0;0.436842;0.0;0.0;0.0;0.142105;0.0;0.121053
31083;0.052632;0.0;0.026316;0.0;0.105263;0.0;0.0;0.0;0.0;0.289474;0.0;0.0;0.0;0.210526;0.0;0.315789
31084;0.094605;0.0;0.002956;0.0;0.102735;0.0;0.0;0.0;0.0;0.580931;0.0;0.0;0.0;0.089431;0.0;0.129342
31085;0.152778;0.0;0.019444;0.0;0.222222;0.0;0.0;0.0;0.0;0.452778;0.0;0.0;0.0;0.069444;0.0;0.083333
31086;0.197887;0.0;0.064386;0.0;0.210765;0.0;0.0;0.0;0.0;0.14668;0.0;0.0;0.0;0.321429;0.0;0.058853
31087;0.115702;0.0;0.024793;0.0;0.115702;0.0;0.0;0.0;0.0;0.495868;0.0;0.0;0.0;0.107438;0.0;0.140496
31088;0.267136;0.0;0.081053;0.0;0.189471;0.0;0.0;0.0;0.0;0.115455;0.0;0.0;0.0;0.300756;0.0;0.04613
31089;0.222892;0.0;0.042169;0.0;0.108434;0.0;0.0;0.0;0.0;0.120482;0.0;0.0;0.0;0.463855;0.0;0.042169
31090;0.179104;0.0;0.059701;0.0;0.134328;0.0;0.0;0.0;0.0;0.283582;0.0;0.0;0.0;0.104478;0.0;0.238806
31091;0.141414;0.0;0.0;0.0;0.085859;0.0;0.0;0.0;0.0;0.540404;0.0;0.0;0.0;0.090909;0.0;0.141414
31092;0.174447;0.0;0.002457;0.0;0.157248;0.0;0.0;0.0;0.0;0.363636;0.0;0.0;0.0;0.206388;0.0;0.095823
31093;0.235897;0.0;0.010256;0.0;0.102564;0.0;0.0;0.0;0.0;0.420513;0.0;0.0;0.0;0.164103;0.0;0.066667
31094;0.289855;0.0;0.028986;0.0;0.072464;0.0;0.0;0.0;0.0;0.130435;0.0;0.0;0.0;0.434783;0.0;0.043478
31095;0.20339;0.0;0.016949;0.0;0.050847;0.0;0.0;0.0;0.0;0.457627;0.0;0.0;0.0;0.135593;0.0;0.135593
31096;0.263158;0.0;0.0;0.0;0.105263;0.0;0.0;0.0;0.0;0.223684;0.0;0.0;0.0;0.381579;0.0;0.026316
31097;0.21656;0.0;0.041618;0.0;0.15406;0.0;0.0;0.0;0.0;0.198452;0.0;0.0;0.0;0.33382;0.0;0.055491
31098;0.193366;0.0;0.052223;0.0;0.174312;0.0;0.0;0.0;0.0;0.246295;0.0;0.0;0.0;0.267466;0.0;0.066337
31099;0.342105;0.0;0.105263;0.0;0.105263;0.0;0.0;0.0;0.0;0.131579;0.0;0.0;0.0;0.289474;0.0;0.026316
31100;0.115152;0.0;0.048485;0.0;0.151515;0.0;0.0;0.0;0.0;0.193939;0.0;0.0;0.0;0.387879;0.0;0.10303
31101;0.153846;0.0;0.051282;0.0;0.180513;0.0;0.0;0.0;0.0;0.273846;0.0;0.0;0.0;0.270769;0.0;0.069744
31102;0.186441;0.0;0.0;0.0;0.050847;0.0;0.0;0.0;0.0;0.389831;0.0;0.0;0.0;0.186441;0.0;0.186441
31103;0.074074;0.0;0.037037;0.0;0.074074;0.0;0.0;0.0;0.0;0.111111;0.0;0.0;0.0;0.703704;0.0;0.0
31104;0.398389;0.0;0.05103;0.0;0.179946;0.0;0.0;0.0;0.0;0.068039;0.0;0.0;0.0;0.270367;0.0;0.032229
31105;0.333034;0.0;0.191203;0.0;0.056553;0.0;0.0;0.0;0.0;0.021544;0.0;0.0;0.0;0.388689;0.0;0.008977
31106;0.371324;0.0;0.137868;0.0;0.117647;0.0;0.0;0.0;0.0;0.016544;0.0;0.0;0.0;0.336397;0.0;0.020221
31107;0.211111;0.0;0.154701;0.0;0.074359;0.0;0.0;0.0;0.0;0.015385;0.0;0.0;0.0;0.539316;0.0;0.005128
31108;0.355183;0.0;0.083841;0.0;0.103659;0.0;0.0;0.0;0.0;0.023628;0.0;0.0;0.0;0.409299;0.0;0.02439
31109;0.167247;0.0;0.050523;0.0;0.191638;0.0;0.0;0.0;0.0;0.222125;0.0;0.0;0.0;0.33101;0.0;0.037456
31110;0.333333;0.0;0.1;0.0;0.2;0.0;0.0;0.0;0.0;0.15;0.0;0.0;0.0;0.216667;0.0;0.0
31111;0.115385;0.0;0.096154;0.0;0.211538;0.0;0.0;0.0;0.0;0.403846;0.0;0.0;0.0;0.057692;0.0;0.115385
31112;0.107143;0.0;0.017857;0.0;0.321429;0.0;0.0;0.0;0.0;0.196429;0.0;0.0;0.0;0.196429;0.0;0.160714
31113;0.223684;0.0;0.013158;0.0;0.184211;0.0;0.0;0.0;0.0;0.197368;0.0;0.0;0.0;0.25;0.0;0.131579
31114;0.216418;0.0;0.067164;0.0;0.294776;0.0;0.0;0.0;0.0;0.164179;0.0;0.0;0.0;0.212687;0.0;0.044776
31115;0.087912;0.0;0.010989;0.0;0.120879;0.0;0.0;0.0;0.0;0.483516;0.0;0.0;0.0;0.153846;0.0;0.142857
31116;0.041667;0.0;0.041667;0.0;0.041667;0.0;0.0;0.0;0.0;0.125;0.0;0.0;0.0;0.666667;0.0;0.083333
31117;0.067751;0.0;0.00813;0.0;0.04336;0.0;0.0;0.0;0.0;0.785908;0.0;0.0;0.0;0.02168;0.0;0.073171
31118;0.247525;0.0;0.0;0.0;0.237624;0.0;0.0;0.0;0.0;0.247525;0.0;0.0;0.0;0.19802;0.0;0.069307
31119;0.130435;0.0;0.0;0.0;0.26087;0.0;0.0;0.0;0.0;0.217391;0.0;0.0;0.0;0.173913;0.0;0.217391
31120;0.163366;0.0;0.019802;0.0;0.148515;0.0;0.0;0.0;0.0;0.316832;0.0;0.0;0.0;0.292079;0.0;0.059406
31121;0.119048;0.0;0.02381;0.0;0.166667;0.0;0.0;0.0;0.0;0.214286;0.0;0.0;0.0;0.404762;0.0;0.071429
31122;0.204559;0.0;0.035776;0.0;0.198211;0.0;0.0;0.0;0.0;0.261108;0.0;0.0;0.0;0.231968;0.0;0.068379
31123;0.166181;0.0;0.023324;0.0;0.137026;0.0;0.0;0.0;0.0;0.367347;0.0;0.0;0.0;0.180758;0.0;0.125364
31124;0.136364;0.0;0.037879;0.0;0.121212;0.0;0.0;0.0;0.0;0.128788;0.0;0.0;0.0;0.492424;0.0;0.083333
31125;0.220238;0.0;0.02381;0.0;0.220238;0.0;0.0;0.0;0.0;0.136905;0.0;0.0;0.0;0.35119;0.0;0.047619
31126;0.145455;0.0;0.027273;0.0;0.118182;0.0;0.0;0.0;0.0;0.486364;0.0;0.0;0.0;0.113636;0.0;0.109091
31127;0.104651;0.0;0.046512;0.0;0.081395;0.0;0.0;0.0;0.0;0.325581;0.0;0.0;0.0;0.337209;0.0;0.104651
31128;0.175355;0.0;0.009479;0.0;0.199052;0.0;0.0;0.0;0.0;0.345972;0.0;0.0;0.0;0.232227;0.0;0.037915
31129;0.148936;0.0;0.021277;0.0;0.089362;0.0;0.0;0.0;0.0;0.604255;0.0;0.0;0.0;0.042553;0.0;0.093617
31130;0.137931;0.0;0.004926;0.0;0.128079;0.0;0.0;0.0;0.0;0.374384;0.0;0.0;0.0;0.236453;0.0;0.118227
31131;0.14939;0.0;0.079268;0.0;0.152439;0.0;0.0;0.0;0.0;0.195122;0.0;0.0;0.0;0.359756;0.0;0.064024
31132;0.122449;0.0;0.081633;0.0;0.112245;0.0;0.0;0.0;0.0;0.255102;0.0;0.0;0.0;0.418367;0.0;0.010204
31133;0.269231;0.0;0.0;0.0;0.0;0.0;0.0;0.0;0.0;0.576923;0.0;0.0;0.0;0.076923;0.0;0.076923
31134;0.180952;0.0;0.066667;0.0;0.057143;0.0;0.0;0.0;0.0;0.361905;0.0;0.0;0.0;0.228571;0.0;0.104762
31135;0.26087;0.0;0.101449;0.0;0.057971;0.0;0.0;0.0;0.0;0.0;0.0;0.0;0.0;0.492754;0.0;0.086957
31136;0.144828;0.0;0.048276;0.0;0.210345;0.0;0.0;0.0;0.0;0.351724;0.0;0.0;0.0;0.168966;0.0;0.075862
31137;0.146341;0.0;0.036585;0.0;0.146341;0.0;0.0;0.0;0.0;0.268293;0.0;0.0;0.0;0.195122;0.0;0.207317
31138;0.171244;0.0;0.006462;0.0;0.137318;0.0;0.0;0.0;0.0;0.483037;0.0;0.0;0.0;0.061389;0.0;0.140549
31139;0.212121;0.0;0.060606;0.0;0.191919;0.0;0.0;0.0;0.0;0.151515;0.0;0.0;0.0;0.292929;0.0;0.090909
31140;0.222222;0.0;0.041667;0.0;0.097222;0.0;0.0;0.0;0.0;0.25;0.0;0.0;0.0;0.263889;0.0;0.125
31141;0.116667;0.0;0.2;0.0;0.1;0.0;0.0;0.0;0.0;0.05;0.0;0.0;0.0;0.5;0.0;0.033333
31142;0.292929;0.0;0.074074;0.0;0.123457;0.0;0.0;0.0;0.0;0.133558;0.0;0.0;0.0;0.352413;0.0;0.023569
31143;0.225;0.0;0.05;0.0;0.1;0.0;0.0;0.0;0.0;0.2;0.0;0.0;0.0;0.375;0.0;0.05
31144;0.12357;0.0;0.006865;0.0;0.102975;0.0;0.0;0.0;0.0;0.567506;0.0;0.0;0.0;0.118993;0.0;0.080092
31145;0.245763;0.0;0.084746;0.0;0.09322;0.0;0.0;0.0;0.0;0.008475;0.0;0.0;0.0;0.550847;0.0;0.016949
31146;0.142857;0.0;0.0;0.0;0.047619;0.0;0.0;0.0;0.0;0.142857;0.0;0.0;0.0;0.666667;0.0;0.0
31147;0.12987;0.0;0.012987;0.0;0.168831;0.0;0.0;0.0;0.0;0.168831;0.0;0.0;0.0;0.428571;0.0;0.090909
31148;0.368421;0.0;0.035088;0.0;0.280702;0.0;0.0;0.0;0.0;0.035088;0.0;0.0;0.0;0.192982;0.0;0.087719
31149;0.11457;0.0;0.017881;0.0;0.090066;0.0;0.0;0.0;0.0;0.617881;0.0;0.0;0.0;0.082119;0.0;0.077483
31150;0.127119;0.0;0.025424;0.0;0.237288;0.0;0.0;0.0;0.0;0.415254;0.0;0.0;0.0;0.161017;0.0;0.033898
31151;0.243243;0.0;0.0;0.0;0.162162;0.0;0.0;0.0;0.0;0.216216;0.0;0.0;0.0;0.297297;0.0;0.081081
31152;0.31026;0.0;0.060569;0.0;0.192831;0.0;0.0;0.0;0.0;0.066749;0.0;0.0;0.0;0.332509;0.0;0.037083
31153;0.147541;0.0;0.012117;0.0;0.137562;0.0;0.0;0.0;0.0;0.422666;0.0;0.0;0.0;0.081967;0.0;0.198147
31154;0.134615;0.0;0.009615;0.0;0.163462;0.0;0.0;0.0;0.0;0.317308;0.0;0.0;0.0;0.211538;0.0;0.163462
31155;0.449367;0.0;0.012658;0.0;0.151899;0.0;0.0;0.0;0.0;0.056962;0.0;0.0;0.0;0.272152;0.0;0.056962
31156;0.180233;0.0;0.046512;0.0;0.174419;0.0;0.0;0.0;0.0;0.377907;0.0;0.0;0.0;0.139535;0.0;0.081395
31157;0.336462;0.0;0.080244;0.0;0.167058;0.0;0.0;0.0;0.0;0.066635;0.0;0.0;0.0;0.323792;0.0;0.025809
31158;0.125828;0.0;0.02649;0.0;0.18543;0.0;0.0;0.0;0.0;0.370861;0.0;0.0;0.0;0.271523;0.0;0.019868
31159;0.148148;0.0;0.039506;0.0;0.183951;0.0;0.0;0.0;0.0;0.269136;0.0;0.0;0.0;0.292593;0.0;0.066667
31160;0.123457;0.0;0.074074;0.0;0.185185;0.0;0.0;0.0;0.0;0.283951;0.0;0.0;0.0;0.320988;0.0;0.012346
31161;0.223529;0.0;0.019608;0.0;0.258824;0.0;0.0;0.0;0.0;0.243137;0.0;0.0;0.0;0.192157;0.0;0.062745
31162;0.384615;0.0;0.0;0.0;0.115385;0.0;0.0;0.0;0.0;0.153846;0.0;0.0;0.0;0.192308;0.0;0.153846
31163;0.364092;0.0;0.10372;0.0;0.137339;0.0;0.0;0.0;0.0;0.023605;0.0;0.0;0.0;0.351216;0.0;0.020029
31164;0.404467;0.0;0.104218;0.0;0.109181;0.0;0.0;0.0;0.0;0.004963;0.0;0.0;0.0;0.364764;0.0;0.012407
31165;0.367294;0.0;0.086207;0.0;0.172414;0.0;0.0;0.0;0.0;0.029258;0.0;0.0;0.0;0.328109;0.0;0.016719
31166;0.182353;0.0;0.011765;0.0;0.129412;0.0;0.0;0.0;0.0;0.141176;0.0;0.0;0.0;0.523529;0.0;0.011765
31167;0.236427;0.0;0.042032;0.0;0.166375;0.0;0.0;0.0;0.0;0.187391;0.0;0.0;0.0;0.33275;0.0;0.035026
31168;0.156069;0.0;0.052023;0.0;0.080925;0.0;0.0;0.0;0.0;0.219653;0.0;0.0;0.0;0.427746;0.0;0.063584
31169;0.465;0.0;0.073571;0.0;0.104286;0.0;0.0;0.0;0.0;0.012143;0.0;0.0;0.0;0.332143;0.0;0.012857
31170;0.321429;0.0;0.0;0.0;0.214286;0.0;0.0;0.0;0.0;0.25;0.0;0.0;0.0;0.178571;0.0;0.035714
31171;0.440347;0.0;0.019523;0.0;0.251627;0.0;0.0;0.0;0.0;0.069414;0.0;0.0;0.0;0.193059;0.0;0.02603
31172;0.168033;0.0;0.02459;0.0;0.209016;0.0;0.0;0.0;0.0;0.127049;0.0;0.0;0.0;0.418033;0.0;0.053279
31173;0.384494;0.0;0.102848;0.0;0.085443;0.0;0.0;0.0;0.0;0.011076;0.0;0.0;0.0;0.406646;0.0;0.009494
31174;0.2;0.0;0.072727;0.0;0.109091;0.0;0.0;0.0;0.0;0.218182;0.0;0.0;0.0;0.290909;0.0;0.109091
31175;0.195652;0.0;0.021739;0.0;0.152174;0.0;0.0;0.0;0.0;0.108696;0.0;0.0;0.0;0.391304;0.0;0.130435
31176;0.381427;0.0;0.128541;0.0;0.128541;0.0;0.0;0.0;0.0;0.024659;0.0;0.0;0.0;0.310598;0.0;0.026233
31177;0.265823;0.0;0.063291;0.0;0.21519;0.0;0.0;0.0;0.0;0.132911;0.0;0.0;0.0;0.272152;0.0;0.050633
31178;0.415335;0.0;0.15016;0.0;0.13099;0.0;0.0;0.0;0.0;0.019169;0.0;0.0;0.0;0.249201;0.0;0.035144
31179;0.355987;0.0;0.048544;0.0;0.12945;0.0;0.0;0.0;0.0;0.032362;0.0;0.0;0.0;0.411003;0.0;0.022654
31180;0.183099;0.0;0.028169;0.0;0.21831;0.0;0.0;0.0;0.0;0.126761;0.0;0.0;0.0;0.359155;0.0;0.084507
31181;0.13253;0.0;0.048193;0.0;0.072289;0.0;0.0;0.0;0.0;0.433735;0.0;0.0;0.0;0.301205;0.0;0.012048
31182;0.24;0.0;0.0;0.0;0.2;0.0;0.0;0.0;0.0;0.24;0.0;0.0;0.0;0.32;0.0;0.0
31183;0.196597;0.0;0.081285;0.0;0.166352;0.0;0.0;0.0;0.0;0.153119;0.0;0.0;0.0;0.327032;0.0;0.075614
31184;0.0;0.0;0.025;0.0;0.05;0.0;0.0;0.0;0.0;0.475;0.0;0.0;0.0;0.4;0.0;0.05
31185;0.117647;0.0;0.013841;0.0;0.089965;0.0;0.0;0.0;0.0;0.391003;0.0;0.0;0.0;0.301038;0.0;0.086505
31186;0.121547;0.0;0.038674;0.0;0.187845;0.0;0.0;0.0;0.0;0.375691;0.0;0.0;0.0;0.20442;0.0;0.071823
31187;0.115385;0.0;0.057692;0.0;0.134615;0.0;0.0;0.0;0.0;0.346154;0.0;0.0;0.0;0.096154;0.0;0.25
31188;0.196809;0.0;0.069149;0.0;0.154255;0.0;0.0;0.0;0.0;0.255319;0.0;0.0;0.0;0.25;0.0;0.074468
31189;0.251445;0.0;0.018786;0.0;0.156069;0.0;0.0;0.0;0.0;0.41763;0.0;0.0;0.0;0.093931;0.0;0.062139
31190;0.310345;0.0;0.0;0.0;0.034483;0.0;0.0;0.0;0.0;0.206897;0.0;0.0;0.0;0.344828;0.0;0.103448
31191;0.307109;0.0;0.072512;0.0;0.201896;0.0;0.0;0.0;0.0;0.078199;0.0;0.0;0.0;0.301896;0.0;0.038389
31192;0.097561;0.0;0.03252;0.0;0.276423;0.0;0.0;0.0;0.0;0.252033;0.0;0.0;0.0;0.276423;0.0;0.065041
31193;0.157088;0.0;0.051724;0.0;0.216475;0.0;0.0;0.0;0.0;0.256705;0.0;0.0;0.0;0.258621;0.0;0.059387
31194;0.123288;0.0;0.009132;0.0;0.200913;0.0;0.0;0.0;0.0;0.378995;0.0;0.0;0.0;0.182648;0.0;0.105023
31195;0.064815;0.0;0.027778;0.0;0.101852;0.0;0.0;0.0;0.0;0.555556;0.0;0.0;0.0;0.111111;0.0;0.138889
31196;0.130435;0.0;0.0;0.0;0.217391;0.0;0.0;0.0;0.0;0.347826;0.0;0.0;0.0;0.217391;0.0;0.086957
31197;0.510204;0.0;0.081633;0.0;0.22449;0.0;0.0;0.0;0.0;0.081633;0.0;0.0;0.0;0.081633;0.0;0.020408
31198;0.1;0.0;0.066667;0.0;0.133333;0.0;0.0;0.0;0.0;0.633333;0.0;0.0;0.0;0.033333;0.0;0.033333
31199;0.142857;0.0;0.0;0.0;0.119048;0.0;0.0;0.0;0.0;0.357143;0.0;0.0;0.0;0.25;0.0;0.130952
31200;0.307054;0.0;0.020747;0.0;0.182573;0.0;0.0;0.0;0.0;0.26971;0.0;0.0;0.0;0.184647;0.0;0.03527
31201;0.227167;0.0;0.047138;0.0;0.165814;0.0;0.0;0.0;0.0;0.174845;0.0;0.0;0.0;0.333147;0.0;0.051889
31202;0.282061;0.0;0.092072;0.0;0.16551;0.0;0.0;0.0;0.0;0.047497;0.0;0.0;0.0;0.393862;0.0;0.018999
31203;0.411765;0.0;0.117647;0.0;0.0;0.0;0.0;0.0;0.0;0.0;0.0;0.0;0.0;0.411765;0.0;0.058824
31204;0.08;0.0;0.08;0.0;0.08;0.0;0.0;0.0;0.0;0.28;0.0;0.0;0.0;0.44;0.0;0.04
31205;0.4;0.0;0.059649;0.0;0.112281;0.0;0.0;0.0;0.0;0.080702;0.0;0.0;0.0;0.291228;0.0;0.05614
31206;0.214693;0.0;0.047076;0.0;0.179743;0.0;0.0;0.0;0.0;0.223252;0.0;0.0;0.0;0.279601;0.0;0.055635
31207;0.154255;0.0;0.037234;0.0;0.159574;0.0;0.0;0.0;0.0;0.329787;0.0;0.0;0.0;0.234043;0.0;0.085106
31208;0.431253;0.0;0.081171;0.0;0.179459;0.0;0.0;0.0;0.0;0.015461;0.0;0.0;0.0;0.267808;0.0;0.024848
31209;0.145455;0.0;0.054545;0.0;0.309091;0.0;0.0;0.0;0.0;0.218182;0.0;0.0;0.0;0.2;0.0;0.072727
31210;0.195312;0.0;0.070312;0.0;0.0625;0.0;0.0;0.0;0.0;0.3125;0.0;0.0;0.0;0.257812;0.0;0.101562
31211;0.0;0.0;0.0;0.0;0.0;0.0;0.0;0.0;0.0;0.090909;0.0;0.0;0.0;0.818182;0.0;0.090909
31212;0.3;0.0;0.022222;0.0;0.077778;0.0;0.0;0.0;0.0;0.022222;0.0;0.0;0.0;0.522222;0.0;0.055556
31213;0.14;0.0;0.06;0.0;0.12;0.0;0.0;0.0;0.0;0.48;0.0;0.0;0.0;0.0;0.0;0.2
31214;0.203704;0.0;0.037037;0.0;0.092593;0.0;0.0;0.0;0.0;0.37037;0.0;0.0;0.0;0.148148;0.0;0.148148
31215;0.394852;0.0;0.125235;0.0;0.108286;0.0;0.0;0.0;0.0;0.017263;0.0;0.0;0.0;0.336158;0.0;0.018205
31216;0.266904;0.0;0.03875;0.0;0.225386;0.0;0.0;0.0;0.0;0.126532;0.0;0.0;0.0;0.298932;0.0;0.043495
31217;0.235897;0.0;0.020513;0.0;0.194872;0.0;0.0;0.0;0.0;0.158974;0.0;0.0;0.0;0.369231;0.0;0.020513
31219;0.303571;0.0;0.071429;0.0;0.107143;0.0;0.0;0.0;0.0;0.125;0.0;0.0;0.0;0.375;0.0;0.017857
31220;0.339587;0.0;0.054409;0.0;0.114447;0.0;0.0;0.0;0.0;0.028143;0.0;0.0;0.0;0.435272;0.0;0.028143
31221;0.195303;0.0;0.021014;0.0;0.116193;0.0;0.0;0.0;0.0;0.355995;0.0;0.0;0.0;0.192831;0.0;0.118665
31222;0.354839;0.0;0.0;0.0;0.064516;0.0;0.0;0.0;0.0;0.387097;0.0;0.0;0.0;0.032258;0.0;0.16129
31223;0.352308;0.0;0.056923;0.0;0.121538;0.0;0.0;0.0;0.0;0.16;0.0;0.0;0.0;0.289231;0.0;0.02
31224;0.359551;0.0;0.049759;0.0;0.139647;0.0;0.0;0.0;0.0;0.038523;0.0;0.0;0.0;0.396469;0.0;0.016051
31225;0.428571;0.0;0.0;0.0;0.142857;0.0;0.0;0.0;0.0;0.214286;0.0;0.0;0.0;0.142857;0.0;0.071429
31226;0.182891;0.0;0.020649;0.0;0.135693;0.0;0.0;0.0;0.0;0.466077;0.0;0.0;0.0;0.070796;0.0;0.123894
31227;0.276252;0.0;0.036977;0.0;0.20858;0.0;0.0;0.0;0.0;0.224556;0.0;0.0;0.0;0.213965;0.0;0.03967
31228;0.266289;0.0;0.070822;0.0;0.220963;0.0;0.0;0.0;0.0;0.104816;0.0;0.0;0.0;0.283286;0.0;0.053824
31229;0.03125;0.0;0.09375;0.0;0.21875;0.0;0.0;0.0;0.0;0.25;0.0;0.0;0.0;0.34375;0.0;0.0625
31230;0.212121;0.0;0.030303;0.0;0.075758;0.0;0.0;0.0;0.0;0.136364;0.0;0.0;0.0;0.393939;0.0;0.151515
31231;0.296875;0.0;0.0625;0.0;0.078125;0.0;0.0;0.0;0.0;0.03125;0.0;0.0;0.0;0.5;0.0;0.03125
31232;0.285329;0.0;0.130297;0.0;0.15175;0.0;0.0;0.0;0.0;0.033878;0.0;0.0;0.0;0.375007;0.0;0.023738
31233;0.189655;0.0;0.293103;0.0;0.051724;0.0;0.0;0.0;0.0;0.0;0.0;0.0;0.0;0.431034;0.0;0.034483
31234;0.188119;0.0;0.069307;0.0;0.19802;0.0;0.0;0.0;0.0;0.079208;0.0;0.0;0.0;0.386139;0.0;0.079208
31235;0.214953;0.0;0.028037;0.0;0.121495;0.0;0.0;0.0;0.0;0.327103;0.0;0.0;0.0;0.214953;0.0;0.093458
31236;0.135;0.0;0.03625;0.0;0.14375;0.0;0.0;0.0;0.0;0.32;0.0;0.0;0.0;0.27;0.0;0.095
31237;0.233083;0.0;0.037594;0.0;0.142857;0.0;0.0;0.0;0.0;0.12782;0.0;0.0;0.0;0.383459;0.0;0.075188
31238;0.175824;0.0;0.010989;0.0;0.252747;0.0;0.0;0.0;0.0;0.274725;0.0;0.0;0.0;0.252747;0.0;0.032967
31239;0.171123;0.0;0.037433;0.0;0.085561;0.0;0.0;0.0;0.0;0.272727;0.0;0.0;0.0;0.251337;0.0;0.181818
31240;0.111748;0.0;0.0;0.0;0.111748;0.0;0.0;0.0;0.0;0.575931;0.0;0.0;0.0;0.057307;0.0;0.143266
31241;0.108434;0.0;0.0;0.0;0.240964;0.0;0.0;0.0;0.0;0.13253;0.0;0.0;0.0;0.445783;0.0;0.072289
31242;0.133333;0.0;0.036364;0.0;0.193939;0.0;0.0;0.0;0.0;0.224242;0.0;0.0;0.0;0.357576;0.0;0.054545
31243;0.178744;0.0;0.014493;0.0;0.15942;0.0;0.0;0.0;0.0;0.323671;0.0;0.0;0.0;0.280193;0.0;0.043478
31244;0.217391;0.0;0.028986;0.0;0.043478;0.0;0.0;0.0;0.0;0.202899;0.0;0.0;0.0;0.188406;0.0;0.318841
31245;0.043478;0.0;0.0;0.0;0.0;0.0;0.0;0.0;0.0;0.391304;0.0;0.0;0.0;0.413043;0.0;0.152174
31246;0.294118;0.0;0.023529;0.0;0.164706;0.0;0.0;0.0;0.0;0.152941;0.0;0.0;0.0;0.282353;0.0;0.082353
31247;0.084211;0.0;0.0;0.0;0.052632;0.0;0.0;0.0;0.0;0.473684;0.0;0.0;0.0;0.273684;0.0;0.115789
31248;0.2;0.0;0.02963;0.0;0.133333;0.0;0.0;0.0;0.0;0.266667;0.0;0.0;0.0;0.274074;0.0;0.096296
31249;0.484349;0.0;0.046952;0.0;0.104613;0.0;0.0;0.0;0.0;0.009885;0.0;0.0;0.0;0.336903;0.0;0.017298
31250;0.17354;0.0;0.011455;0.0;0.194158;0.0;0.0;0.0;0.0;0.377434;0.0;0.0;0.0;0.110538;0.0;0.132875
31251;0.336906;0.0;0.062908;0.0;0.157502;0.0;0.0;0.0;0.0;0.082013;0.0;0.0;0.0;0.311743;0.0;0.048928
31252;0.098039;0.0;0.039216;0.0;0.137255;0.0;0.0;0.0;0.0;0.470588;0.0;0.0;0.0;0.196078;0.0;0.058824
31253;0.15;0.0;0.0;0.0;0.25;0.0;0.0;0.0;0.0;0.48;0.0;0.0;0.0;0.05;0.0;0.07
31254;0.364813;0.0;0.073877;0.0;0.127951;0.0;0.0;0.0;0.0;0.046458;0.0;0.0;0.0;0.369383;0.0;0.017517
31255;0.253165;0.0;0.025316;0.0;0.189873;0.0;0.0;0.0;0.0;0.063291;0.0;0.0;0.0;0.443038;0.0;0.025316
31256;0.037037;0.0;0.0;0.0;0.074074;0.0;0.0;0.0;0.0;0.703704;0.0;0.0;0.0;0.074074;0.0;0.111111
31257;0.28594;0.0;0.026856;0.0;0.199052;0.0;0.0;0.0;0.0;0.159558;0.0;0.0;0.0;0.276461;0.0;0.052133
31258;0.223795;0.0;0.023114;0.0;0.191005;0.0;0.0;0.0;0.0;0.301917;0.0;0.0;0.0;0.190468;0.0;0.069701
31259;0.179739;0.0;0.01634;0.0;0.084967;0.0;0.0;0.0;0.0;0.460784;0.0;0.0;0.0;0.081699;0.0;0.176471
31260;0.200495;0.0;0.045792;0.0;0.157178;0.0;0.0;0.0;0.0;0.25495;0.0;0.0;0.0;0.300743;0.0;0.040842
31261;0.269231;0.0;0.128205;0.0;0.173077;0.0;0.0;0.0;0.0;0.083333;0.0;0.0;0.0;0.320513;0.0;0.025641
31262;0.180851;0.0;0.026596;0.0;0.234043;0.0;0.0;0.0;0.0;0.228723;0.0;0.0;0.0;0.244681;0.0;0.085106
31263;0.051471;0.0;0.014706;0.0;0.095588;0.0;0.0;0.0;0.0;0.698529;0.0;0.0;0.0;0.044118;0.0;0.095588
31264;0.125;0.0;0.068182;0.0;0.113636;0.0;0.0;0.0;0.0;0.488636;0.0;0.0;0.0;0.125;0.0;0.079545
31265;0.075;0.0;0.1;0.0;0.225;0.0;0.0;0.0;0.0;0.3;0.0;0.0;0.0;0.225;0.0;0.075
31901;0.272209;0.0;0.046441;0.0;0.192294;0.0;0.0;0.0;0.0;0.157808;0.0;0.0;0.0;0.281221;0.0;0.050028
31902;0.223593;0.0;0.082543;0.0;0.197027;0.0;0.0;0.0;0.0;0.169829;0.0;0.0;0.0;0.265022;0.0;0.061986
31903;0.29667;0.0;0.05465;0.0;0.210333;0.0;0.0;0.0;0.0;0.229392;0.0;0.0;0.0;0.171297;0.0;0.037658
31904;0.208117;0.0;0.039542;0.0;0.185224;0.0;0.0;0.0;0.0;0.315297;0.0;0.0;0.0;0.175858;0.0;0.075963
31905;0.317975;0.0;0.088608;0.0;0.227848;0.0;0.0;0.0;0.0;0.065823;0.0;0.0;0.0;0.25519;0.0;0.044557
31906;0.244457;0.0;0.090961;0.0;0.228539;0.0;0.0;0.0;0.0;0.162024;0.0;0.0;0.0;0.223422;0.0;0.050597
31907;0.229577;0.0;0.052739;0.0;0.197862;0.0;0.0;0.0;0.0;0.176838;0.0;0.0;0.0;0.278111;0.0;0.064873
31908;0.174373;0.0;0.019815;0.0;0.195509;0.0;0.0;0.0;0.0;0.32893;0.0;0.0;0.0;0.114927;0.0;0.166446
32001;0.229022;0.254468;0.061497;0.030294;0.101484;0.0;0.0;0.0;0.0;0.0;0.315662;0.0;0.0;0.0;0.0;0.007573
32002;0.399701;0.361527;0.092814;0.031437;0.07485;0.0;0.0;0.0;0.0;0.0;0.034431;0.0;0.0;0.0;0.0;0.00524
32003;0.295455;0.545455;0.037338;0.016234;0.061688;0.0;0.0;0.0;0.0;0.0;0.038961;0.0;0.0;0.0;0.0;0.00487
32004;0.111111;0.721612;0.101343;0.032967;0.018315;0.0;0.0;0.0;0.0;0.0;0.008547;0.0;0.0;0.0;0.0;0.006105
32005;0.252236;0.588551;0.080501;0.023256;0.017889;0.0;0.0;0.0;0.0;0.0;0.030411;0.0;0.0;0.0;0.0;0.007156
32006;0.23431;0.618201;0.055439;0.024059;0.039749;0.0;0.0;0.0;0.0;0.0;0.027197;0.0;0.0;0.0;0.0;0.001046
32007;0.304651;0.4;0.05;0.019767;0.05;0.0;0.0;0.0;0.0;0.0;0.172093;0.0;0.0;0.0;0.0;0.003488
32008;0.337194;0.317889;0.106821;0.046332;0.112705;0.0;0.0;0.0;0.0;0.0;0.065637;0.0;0.0;0.0;0.0;0.013422
32009;0.361594;0.355285;0.106478;0.049546;0.081859;0.0;0.0;0.0;0.0;0.0;0.034928;0.0;0.0;0.0;0.0;0.010309
32010;0.30566;0.471698;0.079245;0.015094;0.079245;0.0;0.0;0.0;0.0;0.0;0.041509;0.0;0.0;0.0;0.0;0.007547
32011;0.085317;0.803571;0.051587;0.003968;0.03373;0.0;0.0;0.0;0.0;0.0;0.017857;0.0;0.0;0.0;0.0;0.003968
32012;0.3379;0.420091;0.084475;0.025114;0.070776;0.0;0.0;0.0;0.0;0.0;0.050228;0.0;0.0;0.0;0.0;0.011416
32013;0.228995;0.582372;0.082372;0.032949;0.02883;0.0;0.0;0.0;0.0;0.0;0.036244;0.0;0.0;0.0;0.0;0.008237
32014;0.247863;0.541311;0.071225;0.02849;0.041311;0.0;0.0;0.0;0.0;0.0;0.061254;0.0;0.0;0.0;0.0;0.008547
32015;0.253333;0.575556;0.077778;0.02;0.044444;0.0;0.0;0.0;0.0;0.0;0.026667;0.0;0.0;0.0;0.0;0.002222
32016;0.615385;0.268191;0.064449;0.02079;0.016632;0.0;0.0;0.0;0.0;0.0;0.014553;0.0;0.0;0.0;0.0;0.0
32017;0.262136;0.527046;0.122053;0.029126;0.044383;0.0;0.0;0.0;0.0;0.0;0.01387;0.0;0.0;0.0;0.0;0.001387
32018;0.534642;0.300231;0.062356;0.013857;0.06351;0.0;0.0;0.0;0.0;0.0;0.023095;0.0;0.0;0.0;0.0;0.002309
32019;0.305739;0.428511;0.093728;0.041252;0.071839;0.0;0.0;0.0;0.0;0.0;0.048969;0.0;0.0;0.0;0.0;0.009962
32020;0.299296;0.551643;0.037559;0.014085;0.032864;0.0;0.0;0.0;0.0;0.0;0.062793;0.0;0.0;0.0;0.0;0.001761
32021;0.439338;0.327206;0.069853;0.014706;0.0625;0.0;0.0;0.0;0.0;0.0;0.071691;0.0;0.0;0.0;0.0;0.014706
32022;0.357576;0.380606;0.046061;0.029091;0.070303;0.0;0.0;0.0;0.0;0.0;0.112727;0.0;0.0;0.0;0.0;0.003636
32023;0.382051;0.442308;0.044872;0.020513;0.078205;0.0;0.0;0.0;0.0;0.0;0.029487;0.0;0.0;0.0;0.0;0.002564
32024;0.318792;0.431544;0.074832;0.038926;0.05906;0.0;0.0;0.0;0.0;0.0;0.065436;0.0;0.0;0.0;0.0;0.011409
32025;0.249649;0.528752;0.051893;0.039271;0.077139;0.0;0.0;0.0;0.0;0.0;0.044881;0.0;0.0;0.0;0.0;0.008415
32026;0.408985;0.310385;0.095099;0.036756;0.103267;0.0;0.0;0.0;0.0;0.0;0.038506;0.0;0.0;0.0;0.0;0.007001
32027;0.285496;0.549618;0.056489;0.016794;0.054962;0.0;0.0;0.0;0.0;0.0;0.030534;0.0;0.0;0.0;0.0;0.006107
32028;0.171171;0.653654;0.075075;0.029029;0.036036;0.0;0.0;0.0;0.0;0.0;0.029029;0.0;0.0;0.0;0.0;0.006006
32029;0.234875;0.651246;0.02847;0.017794;0.053381;0.0;0.0;0.0;0.0;0.0;0.010676;0.0;0.0;0.0;0.0;0.003559
32030;0.562401;0.254344;0.06951;0.023697;0.060032;0.0;0.0;0.0;0.0;0.0;0.028436;0.0;0.0;0.0;0.0;0.00158
32031;0.235556;0.56;0.077037;0.023704;0.063704;0.0;0.0;0.0;0.0;0.0;0.032593;0.0;0.0;0.0;0.0;0.007407
32032;0.281777;0.399365;0.107079;0.047194;0.075749;0.0;0.0;0.0;0.0;0.0;0.080309;0.0;0.0;0.0;0.0;0.008527
32033;0.303241;0.534722;0.099537;0.011574;0.034722;0.0;0.0;0.0;0.0;0.0;0.016204;0.0;0.0;0.0;0.0;0.0
32034;0.340027;0.441767;0.048193;0.014726;0.046854;0.0;0.0;0.0;0.0;0.0;0.104418;0.0;0.0;0.0;0.0;0.004016
32035;0.242782;0.58399;0.065617;0.031496;0.034121;0.0;0.0;0.0;0.0;0.0;0.035433;0.0;0.0;0.0;0.0;0.006562
32036;0.206311;0.567961;0.065534;0.026699;0.052184;0.0;0.0;0.0;0.0;0.0;0.071602;0.0;0.0;0.0;0.0;0.009709
32037;0.206818;0.513636;0.077273;0.120455;0.045455;0.0;0.0;0.0;0.0;0.0;0.034091;0.0;0.0;0.0;0.0;0.002273
32038;0.408907;0.40081;0.048583;0.036437;0.068826;0.0;0.0;0.0;0.0;0.0;0.020243;0.0;0.0;0.0;0.0;0.016194
32039;0.356868;0.432606;0.064185;0.021823;0.05905;0.0;0.0;0.0;0.0;0.0;0.056483;0.0;0.0;0.0;0.0;0.008986
32040;0.253061;0.562245;0.056122;0.02449;0.04898;0.0;0.0;0.0;0.0;0.0;0.042857;0.0;0.0;0.0;0.0;0.012245
32041;0.286344;0.579295;0.044053;0.019824;0.04185;0.0;0.0;0.0;0.0;0.0;0.024229;0.0;0.0;0.0;0.0;0.004405
32042;0.258847;0.535895;0.084934;0.026289;0.060667;0.0;0.0;0.0;0.0;0.0;0.025278;0.0;0.0;0.0;0.0;0.008089
32043;0.311224;0.401148;0.084184;0.045918;0.080995;0.0;0.0;0.0;0.0;0.0;0.070153;0.0;0.0;0.0;0.0;0.006378
32044;0.377323;0.416357;0.057621;0.04461;0.039033;0.0;0.0;0.0;0.0;0.0;0.055762;0.0;0.0;0.0;0.0;0.009294
32045;0.366902;0.436818;0.08018;0.028865;0.053881;0.0;0.0;0.0;0.0;0.0;0.03143;0.0;0.0;0.0;0.0;0.001924
32046;0.361862;0.444444;0.037538;0.028529;0.067568;0.0;0.0;0.0;0.0;0.0;0.048048;0.0;0.0;0.0;0.0;0.012012
32047;0.241202;0.571674;0.04721;0.039485;0.042918;0.0;0.0;0.0;0.0;0.0;0.052361;0.0;0.0;0.0;0.0;0.00515
32048;0.398249;0.317287;0.070022;0.008753;0.056893;0.0;0.0;0.0;0.0;0.0;0.148796;0.0;0.0;0.0;0.0;0.0
32049;0.346883;0.474255;0.04336;0.01355;0.070461;0.0;0.0;0.0;0.0;0.0;0.04878;0.0;0.0;0.0;0.0;0.00271
32050;0.25861;0.561678;0.046963;0.028178;0.050094;0.0;0.0;0.0;0.0;0.0;0.05072;0.0;0.0;0.0;0.0;0.003757
32051;0.230622;0.6689;0.032536;0.01244;0.02201;0.0;0.0;0.0;0.0;0.0;0.030622;0.0;0.0;0.0;0.0;0.002871
32052;0.254777;0.563694;0.070064;0.023089;0.050159;0.0;0.0;0.0;0.0;0.0;0.031847;0.0;0.0;0.0;0.0;0.006369
32053;0.216547;0.588355;0.053115;0.020429;0.060266;0.0;0.0;0.0;0.0;0.0;0.053115;0.0;0.0;0.0;0.0;0.008172
32054;0.37869;0.317645;0.079219;0.045416;0.104848;0.0;0.0;0.0;0.0;0.0;0.061188;0.0;0.0;0.0;0.0;0.012994
32055;0.278515;0.525199;0.055703;0.01061;0.082228;0.0;0.0;0.0;0.0;0.0;0.038462;0.0;0.0;0.0;0.0;0.009284
32056;0.310171;0.592145;0.042296;0.021148;0.025176;0.0;0.0;0.0;0.0;0.0;0.006042;0.0;0.0;0.0;0.0;0.003021
32057;0.510769;0.289231;0.043077;0.036923;0.08;0.0;0.0;0.0;0.0;0.0;0.024615;0.0;0.0;0.0;0.0;0.015385
32058;0.30211;0.427869;0.089043;0.046545;0.084417;0.0;0.0;0.0;0.0;0.0;0.041341;0.0;0.0;0.0;0.0;0.008673
32059;0.322034;0.499058;0.066855;0.015066;0.059322;0.0;0.0;0.0;0.0;0.0;0.033898;0.0;0.0;0.0;0.0;0.003766
32060;0.439216;0.298039;0.078431;0.021569;0.103922;0.0;0.0;0.0;0.0;0.0;0.05098;0.0;0.0;0.0;0.0;0.007843
32061;0.328105;0.481046;0.078431;0.027451;0.036601;0.0;0.0;0.0;0.0;0.0;0.040523;0.0;0.0;0.0;0.0;0.007843
32062;0.247723;0.615665;0.041894;0.014572;0.030965;0.0;0.0;0.0;0.0;0.0;0.047359;0.0;0.0;0.0;0.0;0.001821
32063;0.42883;0.37262;0.05349;0.026292;0.073436;0.0;0.0;0.0;0.0;0.0;0.039891;0.0;0.0;0.0;0.0;0.00544
32064;0.235099;0.536424;0.096026;0.043046;0.062914;0.0;0.0;0.0;0.0;0.0;0.02649;0.0;0.0;0.0;0.0;0.0
32065;0.389294;0.384428;0.092457;0.036496;0.048662;0.0;0.0;0.0;0.0;0.0;0.034063;0.0;0.0;0.0;0.0;0.014599
32066;0.159091;0.777778;0.030303;0.007576;0.012626;0.0;0.0;0.0;0.0;0.0;0.012626;0.0;0.0;0.0;0.0;0.0
32067;0.24564;0.494186;0.069767;0.027616;0.068314;0.0;0.0;0.0;0.0;0.0;0.078488;0.0;0.0;0.0;0.0;0.015988
32068;0.375286;0.438215;0.051487;0.020595;0.053776;0.0;0.0;0.0;0.0;0.0;0.052632;0.0;0.0;0.0;0.0;0.008009
32069;0.365976;0.341912;0.056484;0.033422;0.120655;0.0;0.0;0.0;0.0;0.0;0.068516;0.0;0.0;0.0;0.0;0.013035
32070;0.358974;0.457265;0.038462;0.029915;0.081197;0.0;0.0;0.0;0.0;0.0;0.029915;0.0;0.0;0.0;0.0;0.004274
32071;0.383663;0.446782;0.05198;0.018564;0.050743;0.0;0.0;0.0;0.0;0.0;0.042079;0.0;0.0;0.0;0.0;0.006188
32072;0.371943;0.362505;0.061776;0.043758;0.098241;0.0;0.0;0.0;0.0;0.0;0.05148;0.0;0.0;0.0;0.0;0.010296
32073;0.345476;0.408931;0.079906;0.015276;0.111633;0.0;0.0;0.0;0.0;0.0;0.034078;0.0;0.0;0.0;0.0;0.0047
32074;0.322734;0.465819;0.069952;0.031797;0.046105;0.0;0.0;0.0;0.0;0.0;0.052464;0.0;0.0;0.0;0.0;0.011129
32075;0.28684;0.465704;0.087627;0.032491;0.079422;0.0;0.0;0.0;0.0;0.0;0.035773;0.0;0.0;0.0;0.0;0.012143
32076;0.24787;0.562355;0.073586;0.030984;0.022463;0.0;0.0;0.0;0.0;0.0;0.054222;0.0;0.0;0.0;0.0;0.008521
32077;0.364689;0.366136;0.091172;0.039074;0.068017;0.0;0.0;0.0;0.0;0.0;0.063676;0.0;0.0;0.0;0.0;0.007236
32078;0.246088;0.603129;0.065434;0.021337;0.02276;0.0;0.0;0.0;0.0;0.0;0.039829;0.0;0.0;0.0;0.0;0.001422
32079;0.386682;0.392523;0.075935;0.051402;0.057243;0.0;0.0;0.0;0.0;0.0;0.029206;0.0;0.0;0.0;0.0;0.007009
32080;0.216346;0.605769;0.048077;0.004808;0.048077;0.0;0.0;0.0;0.0;0.0;0.0625;0.0;0.0;0.0;0.0;0.014423
32081;0.35014;0.441176;0.081232;0.035014;0.053922;0.0;0.0;0.0;0.0;0.0;0.028711;0.0;0.0;0.0;0.0;0.009804
32082;0.312413;0.492329;0.078103;0.020921;0.032078;0.0;0.0;0.0;0.0;0.0;0.062762;0.0;0.0;0.0;0.0;0.001395
32083;0.274949;0.549898;0.044807;0.026477;0.038697;0.0;0.0;0.0;0.0;0.0;0.052953;0.0;0.0;0.0;0.0;0.01222
32084;0.385356;0.408478;0.061657;0.023121;0.028902;0.0;0.0;0.0;0.0;0.0;0.084778;0.0;0.0;0.0;0.0;0.007707
32085;0.328247;0.373875;0.093545;0.037235;0.07447;0.0;0.0;0.0;0.0;0.0;0.083778;0.0;0.0;0.0;0.0;0.008851
32086;0.316427;0.426192;0.06813;0.015897;0.048448;0.0;0.0;0.0;0.0;0.0;0.116578;0.0;0.0;0.0;0.0;0.008327
32087;0.286096;0.515152;0.07754;0.029412;0.04902;0.0;0.0;0.0;0.0;0.0;0.032977;0.0;0.0;0.0;0.0;0.009804
32088;0.368932;0.385113;0.090615;0.029126;0.093851;0.0;0.0;0.0;0.0;0.0;0.026969;0.0;0.0;0.0;0.0;0.005394
32089;0.292479;0.466574;0.048747;0.033426;0.030641;0.0;0.0;0.0;0.0;0.0;0.122563;0.0;0.0;0.0;0.0;0.005571
32090;0.29385;0.318907;0.084282;0.034169;0.084282;0.0;0.0;0.0;0.0;0.0;0.175399;0.0;0.0;0.0;0.0;0.009112
32091;0.375217;0.454073;0.059792;0.021664;0.038995;0.0;0.0;0.0;0.0;0.0;0.046794;0.0;0.0;0.0;0.0;0.003466
32092;0.272727;0.370909;0.101818;0.018182;0.087273;0.0;0.0;0.0;0.0;0.0;0.134545;0.0;0.0;0.0;0.0;0.014545
33001;0.373984;0.306233;0.189702;0.025745;0.098916;0.0;0.0;0.0;0.0;0.0;0.0;0.0;0.0;0.0;0.0;0.00542
33002;0.402253;0.219237;0.134662;0.041941;0.183536;0.0;0.0;0.0;0.0;0.0;0.0;0.0;0.0;0.0;0.0;0.018371
33003;0.36129;0.277419;0.254839;0.048387;0.058065;0.0;0.0;0.0;0.0;0.0;0.0;0.0;0.0;0.0;0.0;0.0
33004;0.335008;0.215919;0.150012;0.069148;0.212984;0.0;0.0;0.0;0.0;0.0;0.0;0.0;0.0;0.0;0.0;0.016929
33005;0.448403;0.216216;0.194103;0.027027;0.104423;0.0;0.0;0.0;0.0;0.0;0.0;0.0;0.0;0.0;0.0;0.009828
33006;0.443396;0.142689;0.107311;0.03066;0.261792;0.0;0.0;0.0;0.0;0.0;0.0;0.0;0.0;0.0;0.0;0.014151
33007;0.436157;0.280657;0.130215;0.037927;0.108723;0.0;0.0;0.0;0.0;0.0;0.0;0.0;0.0;0.0;0.0;0.006321
33008;0.41496;0.28317;0.162956;0.0374;0.096171;0.0;0.0;0.0;0.0;0.0;0.0;0.0;0.0;0.0;0.0;0.005343
33009;0.286245;0.241636;0.174721;0.057621;0.228625;0.0;0.0;0.0;0.0;0.0;0.0;0.0;0.0;0.0;0.0;0.011152
33010;0.433586;0.201139;0.159393;0.052182;0.147059;0.0;0.0;0.0;0.0;0.0;0.0;0.0;0.0;0.0;0.0;0.006641
33011;0.304411;0.316989;0.189938;0.05432;0.127415;0.0;0.0;0.0;0.0;0.0;0.0;0.0;0.0;0.0;0.0;0.006927
33012;0.30947;0.332263;0.168218;0.05297;0.128411;0.0;0.0;0.0;0.0;0.0;0.0;0.0;0.0;0.0;0.0;0.008668
33013;0.281787;0.364261;0.175258;0.051546;0.116838;0.0;0.0;0.0;0.0;0.0;0.0;0.0;0.0;0.0;0.0;0.010309
33014;0.350765;0.213447;0.12291;0.056386;0.241373;0.0;0.0;0.0;0.0;0.0;0.0;0.0;0.0;0.0;0.0;0.015119
33015;0.361677;0.220359;0.165269;0.02515;0.214371;0.0;0.0;0.0;0.0;0.0;0.0;0.0;0.0;0.0;0.0;0.013174
33016;0.297517;0.25788;0.171363;0.067494;0.192693;0.0;0.0;0.0;0.0;0.0;0.0;0.0;0.0;0.0;0.0;0.013053
33017;0.407514;0.263006;0.130636;0.039884;0.147399;0.0;0.0;0.0;0.0;0.0;0.0;0.0;0.0;0.0;0.0;0.011561
33018;0.335023;0.315878;0.119932;0.061374;0.154279;0.0;0.0;0.0;0.0;0.0;0.0;0.0;0.0;0.0;0.0;0.013514
33019;0.336129;0.307969;0.167166;0.068304;0.110845;0.0;0.0;0.0;0.0;0.0;0.0;0.0;0.0;0.0;0.0;0.009587
33020;0.390976;0.178207;0.142446;0.056402;0.213849;0.0;0.0;0.0;0.0;0.0;0.0;0.0;0.0;0.0;0.0;0.018121
33021;0.401474;0.245539;0.147401;0.058185;0.134213;0.0;0.0;0.0;0.0;0.0;0.0;0.0;0.0;0.0;0.0;0.013189
33022;0.457589;0.129464;0.098214;0.040179;0.21875;0.0;0.0;0.0;0.0;0.0;0.0;0.0;0.0;0.0;0.0;0.055804
33023;0.404935;0.244315;0.13643;0.049347;0.159168;0.0;0.0;0.0;0.0;0.0;0.0;0.0;0.0;0.0;0.0;0.005806
33024;0.334513;0.217803;0.159615;0.07484;0.196421;0.0;0.0;0.0;0.0;0.0;0.0;0.0;0.0;0.0;0.0;0.016807
33025;0.361132;0.236969;0.149293;0.06869;0.174237;0.0;0.0;0.0;0.0;0.0;0.0;0.0;0.0;0.0;0.0;0.00968
33026;0.351837;0.233265;0.177551;0.056939;0.170204;0.0;0.0;0.0;0.0;0.0;0.0;0.0;0.0;0.0;0.0;0.010204
33027;0.464467;0.225888;0.134518;0.027919;0.134518;0.0;0.0;0.0;0.0;0.0;0.0;0.0;0.0;0.0;0.0;0.01269
33028;0.471624;0.238748;0.125245;0.04501;0.111546;0.0;0.0;0.0;0.0;0.0;0.0;0.0;0.0;0.0;0.0;0.007828
33029;0.553191;0.219858;0.078014;0.007092;0.141844;0.0;0.0;0.0;0.0;0.0;0.0;0.0;0.0;0.0;0.0;0.0
33030;0.241158;0.315113;0.189711;0.065916;0.170418;0.0;0.0;0.0;0.0;0.0;0.0;0.0;0.0;0.0;0.0;0.017685
33031;0.377185;0.167269;0.118445;0.045158;0.275517;0.0;0.0;0.0;0.0;0.0;0.0;0.0;0.0;0.0;0.0;0.016426
33032;0.436727;0.154944;0.138905;0.047969;0.210124;0.0;0.0;0.0;0.0;0.0;0.0;0.0;0.0;0.0;0.0;0.01133
33033;0.406371;0.175466;0.151179;0.036255;0.213833;0.0;0.0;0.0;0.0;0.0;0.0;0.0;0.0;0.0;0.0;0.016895
33034;0.388191;0.286108;0.139611;0.062489;0.112067;0.0;0.0;0.0;0.0;0.0;0.0;0.0;0.0;0.0;0.0;0.011534
33035;0.312873;0.233301;0.198445;0.072629;0.167754;0.0;0.0;0.0;0.0;0.0;0.0;0.0;0.0;0.0;0.0;0.014998
33036;0.37268;0.263426;0.174578;0.060082;0.118606;0.0;0.0;0.0;0.0;0.0;0.0;0.0;0.0;0.0;0.0;0.010628
33037;0.38302;0.16727;0.106733;0.0458;0.277031;0.0;0.0;0.0;0.0;0.0;0.0;0.0;0.0;0.0;0.0;0.020146
33038;0.404795;0.177397;0.136301;0.054795;0.211644;0.0;0.0;0.0;0.0;0.0;0.0;0.0;0.0;0.0;0.0;0.015068
33039;0.42196;0.212341;0.146098;0.067151;0.141561;0.0;0.0;0.0;0.0;0.0;0.0;0.0;0.0;0.0;0.0;0.010889
33040;0.369039;0.24358;0.169846;0.053558;0.15077;0.0;0.0;0.0;0.0;0.0;0.0;0.0;0.0;0.0;0.0;0.013206
33041;0.377553;0.264871;0.117396;0.053872;0.174186;0.0;0.0;0.0;0.0;0.0;0.0;0.0;0.0;0.0;0.0;0.012121
33042;0.31189;0.241778;0.169859;0.080954;0.181063;0.0;0.0;0.0;0.0;0.0;0.0;0.0;0.0;0.0;0.0;0.014456
33043;0.488722;0.225564;0.14787;0.017544;0.120301;0.0;0.0;0.0;0.0;0.0;0.0;0.0;0.0;0.0;0.0;0.0
33044;0.281305;0.280952;0.183171;0.082345;0.158381;0.0;0.0;0.0;0.0;0.0;0.0;0.0;0.0;0.0;0.0;0.013846
33045;0.429401;0.224682;0.138657;0.058439;0.139383;0.0;0.0;0.0;0.0;0.0;0.0;0.0;0.0;0.0;0.0;0.009437
33046;0.261398;0.379939;0.261398;0.018237;0.079027;0.0;0.0;0.0;0.0;0.0;0.0;0.0;0.0;0.0;0.0;0.0
33047;0.333333;0.366667;0.206667;0.016;0.068;0.0;0.0;0.0;0.0;0.0;0.0;0.0;0.0;0.0;0.0;0.009333
33048;0.52381;0.27381;0.119048;0.011905;0.071429;0.0;0.0;0.0;0.0;0.0;0.0;0.0;0.0;0.0;0.0;0.0
33049;0.41902;0.238329;0.140634;0.051009;0.139481;0.0;0.0;0.0;0.0;0.0;0.0;0.0;0.0;0.0;0.0;0.011527
33050;0.428115;0.217252;0.188498;0.035144;0.124601;0.0;0.0;0.0;0.0;0.0;0.0;0.0;0.0;0.0;0.0;0.00639
33051;0.353081;0.245261;0.214455;0.058057;0.115403;0.0;0.0;0.0;0.0;0.0;0.0;0.0;0.0;0.0;0.0;0.013744
33052;0.496368;0.208232;0.135593;0.033898;0.11138;0.0;0.0;0.0;0.0;0.0;0.0;0.0;0.0;0.0;0.0;0.014528
33053;0.449915;0.174873;0.140917;0.033956;0.179966;0.0;0.0;0.0;0.0;0.0;0.0;0.0;0.0;0.0;0.0;0.020374
33054;0.369587;0.270896;0.1571;0.058409;0.126888;0.0;0.0;0.0;0.0;0.0;0.0;0.0;0.0;0.0;0.0;0.01712
33055;0.367647;0.272059;0.169118;0.060924;0.117647;0.0;0.0;0.0;0.0;0.0;0.0;0.0;0.0;0.0;0.0;0.012605
33056;0.321298;0.270951;0.196423;0.067572;0.133488;0.0;0.0;0.0;0.0;0.0;0.0;0.0;0.0;0.0;0.0;0.010268
33057;0.431514;0.169928;0.134912;0.056643;0.189495;0.0;0.0;0.0;0.0;0.0;0.0;0.0;0.0;0.0;0.0;0.017508
33058;0.453033;0.110568;0.110568;0.051859;0.254403;0.0;0.0;0.0;0.0;0.0;0.0;0.0;0.0;0.0;0.0;0.019569
33059;0.322531;0.335648;0.175154;0.043596;0.116898;0.0;0.0;0.0;0.0;0.0;0.0;0.0;0.0;0.0;0.0;0.006173
33060;0.441233;0.154085;0.092093;0.039298;0.258361;0.0;0.0;0.0;0.0;0.0;0.0;0.0;0.0;0.0;0.0;0.014931
33061;0.381503;0.248555;0.242775;0.011561;0.080925;0.0;0.0;0.0;0.0;0.0;0.0;0.0;0.0;0.0;0.0;0.034682
33062;0.595628;0.163934;0.114754;0.043716;0.076503;0.0;0.0;0.0;0.0;0.0;0.0;0.0;0.0;0.0;0.0;0.005464
33063;0.442748;0.343511;0.091603;0.034351;0.083969;0.0;0.0;0.0;0.0;0.0;0.0;0.0;0.0;0.0;0.0;0.003817
33064;0.483444;0.172185;0.086093;0.039735;0.205298;0.0;0.0;0.0;0.0;0.0;0.0;0.0;0.0;0.0;0.0;0.013245
33065;0.297214;0.266254;0.164087;0.072755;0.187307;0.0;0.0;0.0;0.0;0.0;0.0;0.0;0.0;0.0;0.0;0.012384
33066;0.320107;0.229577;0.181835;0.075922;0.175955;0.0;0.0;0.0;0.0;0.0;0.0;0.0;0.0;0.0;0.0;0.016604
33067;0.502825;0.169492;0.126177;0.047081;0.152542;0.0;0.0;0.0;0.0;0.0;0.0;0.0;0.0;0.0;0.0;0.001883
33068;0.491089;0.192079;0.205941;0.021782;0.087129;0.0;0.0;0.0;0.0;0.0;0.0;0.0;0.0;0.0;0.0;0.00198
33069;0.404566;0.224201;0.169406;0.042922;0.147489;0.0;0.0;0.0;0.0;0.0;0.0;0.0;0.0;0.0;0.0;0.011416
33070;0.374884;0.280352;0.115848;0.05051;0.168675;0.0;0.0;0.0;0.0;0.0;0.0;0.0;0.0;0.0;0.0;0.009731
33071;0.611702;0.204787;0.077128;0.031915;0.06383;0.0;0.0;0.0;0.0;0.0;0.0;0.0;0.0;0.0;0.0;0.010638
33072;0.395782;0.202233;0.174938;0.028536;0.191067;0.0;0.0;0.0;0.0;0.0;0.0;0.0;0.0;0.0;0.0;0.007444
33073;0.347571;0.288665;0.223891;0.045295;0.089416;0.0;0.0;0.0;0.0;0.0;0.0;0.0;0.0;0.0;0.0;0.005163
33074;0.40081;0.282895;0.15081;0.031377;0.125506;0.0;0.0;0.0;0.0;0.0;0.0;0.0;0.0;0.0;0.0;0.008603
33075;0.512605;0.235294;0.07563;0.058824;0.117647;0.0;0.0;0.0;0.0;0.0;0.0;0.0;0.0;0.0;0.0;0.0
33076;0.3;0.288211;0.198509;0.05935;0.142141;0.0;0.0;0.0;0.0;0.0;0.0;0.0;0.0;0.0;0.0;0.011789
33077;0.353461;0.477172;0.08542;0.030928;0.050074;0.0;0.0;0.0;0.0;0.0;0.0;0.0;0.0;0.0;0.0;0.002946
33078;0.432099;0.209877;0.160494;0.037037;0.160494;0.0;0.0;0.0;0.0;0.0;0.0;0.0;0.0;0.0;0.0;0.0
34001;0.307692;0.269231;0.076923;0.038462;0.269231;0.0;0.0;0.0;0.0;0.0;0.0;0.0;0.0;0.0;0.0;0.038462
34003;0.106796;0.543689;0.194175;0.038835;0.116505;0.0;0.0;0.0;0.0;0.0;0.0;0.0;0.0;0.0;0.0;0.0
34004;0.327619;0.342352;0.151353;0.067506;0.096705;0.0;0.0;0.0;0.0;0.0;0.0;0.0;0.0;0.0;0.0;0.014466
34005;0.315254;0.359322;0.167797;0.09322;0.062712;0.0;0.0;0.0;0.0;0.0;0.0;0.0;0.0;0.0;0.0;0.001695
34006;0.089552;0.522388;0.238806;0.059701;0.044776;0.0;0.0;0.0;0.0;0.0;0.0;0.0;0.0;0.0;0.0;0.044776
34009;0.076923;0.653846;0.115385;0.038462;0.115385;0.0;0.0;0.0;0.0;0.0;0.0;0.0;0.0;0.0;0.0;0.0
34010;0.283163;0.40051;0.15051;0.102041;0.056122;0.0;0.0;0.0;0.0;0.0;0.0;0.0;0.0;0.0;0.0;0.007653
34011;0.333333;0.432624;0.159574;0.056738;0.01773;0.0;0.0;0.0;0.0;0.0;0.0;0.0;0.0;0.0;0.0;0.0
34012;0.318777;0.423581;0.122271;0.052402;0.074236;0.0;0.0;0.0;0.0;0.0;0.0;0.0;0.0;0.0;0.0;0.008734
34015;0.041667;0.541667;0.208333;0.0;0.208333;0.0;0.0;0.0;0.0;0.0;0.0;0.0;0.0;0.0;0.0;0.0
34017;0.354103;0.43465;0.092705;0.056231;0.051672;0.0;0.0;0.0;0.0;0.0;0.0;0.0;0.0;0.0;0.0;0.010638
34018;0.248276;0.4;0.17931;0.075862;0.082759;0.0;0.0;0.0;0.0;0.0;0.0;0.0;0.0;0.0;0.0;0.013793
34019;0.2;0.352941;0.282353;0.129412;0.023529;0.0;0.0;0.0;0.0;0.0;0.0;0.0;0.0;0.0;0.0;0.011765
34020;0.361111;0.277778;0.25;0.027778;0.027778;0.0;0.0;0.0;0.0;0.0;0.0;0.0;0.0;0.0;0.0;0.055556
34022;0.436157;0.39823;0.078382;0.041719;0.042984;0.0;0.0;0.0;0.0;0.0;0.0;0.0;0.0;0.0;0.0;0.002528
34023;0.387078;0.262436;0.127216;0.070612;0.13522;0.0;0.0;0.0;0.0;0.0;0.0;0.0;0.0;0.0;0.0;0.017439
34024;0.071429;0.642857;0.214286;0.0;0.071429;0.0;0.0;0.0;0.0;0.0;0.0;0.0;0.0;0.0;0.0;0.0
34025;0.151515;0.545455;0.242424;0.0;0.030303;0.0;0.0;0.0;0.0;0.0;0.0;0.0;0.0;0.0;0.0;0.030303
34027;0.410769;0.290769;0.132308;0.064615;0.087692;0.0;0.0;0.0;0.0;0.0;0.0;0.0;0.0;0.0;0.0;0.013846
34028;0.233333;0.5;0.144444;0.066667;0.055556;0.0;0.0;0.0;0.0;0.0;0.0;0.0;0.0;0.0;0.0;0.0
34029;0.22824;0.5706;0.158607;0.017408;0.01354;0.0;0.0;0.0;0.0;0.0;0.0;0.0;0.0;0.0;0.0;0.011605
34031;0.16;0.32;0.36;0.12;0.04;0.0;0.0;0.0;0.0;0.0;0.0;0.0;0.0;0.0;0.0;0.0
34032;0.166667;0.433333;0.066667;0.166667;0.133333;0.0;0.0;0.0;0.0;0.0;0.0;0.0;0.0;0.0;0.0;0.033333
34033;0.0;0.642857;0.214286;0.071429;0.071429;0.0;0.0;0.0;0.0;0.0;0.0;0.0;0.0;0.0;0.0;0.0
34034;0.345679;0.308642;0.185185;0.074074;0.061728;0.0;0.0;0.0;0.0;0.0;0.0;0.0;0.0;0.0;0.0;0.024691
34035;0.388889;0.472222;0.083333;0.013889;0.027778;0.0;0.0;0.0;0.0;0.0;0.0;0.0;0.0;0.0;0.0;0.013889
34036;0.481013;0.202532;0.113924;0.094937;0.094937;0.0;0.0;0.0;0.0;0.0;0.0;0.0;0.0;0.0;0.0;0.012658
34037;0.147783;0.522167;0.187192;0.083744;0.059113;0.0;0.0;0.0;0.0;0.0;0.0;0.0;0.0;0.0;0.0;0.0
34038;0.174157;0.516854;0.230337;0.039326;0.039326;0.0;0.0;0.0;0.0;0.0;0.0;0.0;0.0;0.0;0.0;0.0
34039;0.12766;0.723404;0.021277;0.085106;0.021277;0.0;0.0;0.0;0.0;0.0;0.0;0.0;0.0;0.0;0.0;0.021277
34041;0.245902;0.557377;0.114754;0.04918;0.032787;0.0;0.0;0.0;0.0;0.0;0.0;0.0;0.0;0.0;0.0;0.0
34042;0.277273;0.418182;0.15;0.109091;0.018182;0.0;0.0;0.0;0.0;0.0;0.0;0.0;0.0;0.0;0.0;0.027273
34045;0.274194;0.564516;0.129032;0.032258;0.0;0.0;0.0;0.0;0.0;0.0;0.0;0.0;0.0;0.0;0.0;0.0
34046;0.517241;0.413793;0.068966;0.0;0.0;0.0;0.0;0.0;0.0;0.0;0.0;0.0;0.0;0.0;0.0;0.0
34047;0.223577;0.491057;0.16748;0.071545;0.038211;0.0;0.0;0.0;0.0;0.0;0.0;0.0;0.0;0.0;0.0;0.00813
34048;0.32;0.38;0.2;0.02;0.08;0.0;0.0;0.0;0.0;0.0;0.0;0.0;0.0;0.0;0.0;0.0
34049;0.30531;0.39823;0.119469;0.061947;0.097345;0.0;0.0;0.0;0.0;0.0;0.0;0.0;0.0;0.0;0.0;0.017699
34050;0.303704;0.488889;0.096296;0.066667;0.044444;0.0;0.0;0.0;0.0;0.0;0.0;0.0;0.0;0.0;0.0;0.0
34051;0.142857;0.585714;0.114286;0.114286;0.028571;0.0;0.0;0.0;0.0;0.0;0.0;0.0;0.0;0.0;0.0;0.014286
34052;0.201613;0.516129;0.080645;0.096774;0.080645;0.0;0.0;0.0;0.0;0.0;0.0;0.0;0.0;0.0;0.0;0.024194
34053;0.258278;0.450331;0.18543;0.05298;0.033113;0.0;0.0;0.0;0.0;0.0;0.0;0.0;0.0;0.0;0.0;0.019868
34055;0.265193;0.441989;0.18232;0.055249;0.027624;0.0;0.0;0.0;0.0;0.0;0.0;0.0;0.0;0.0;0.0;0.027624
34056;0.308224;0.382782;0.125288;0.076864;0.092237;0.0;0.0;0.0;0.0;0.0;0.0;0.0;0.0;0.0;0.0;0.014604
34057;0.265101;0.399329;0.171141;0.067114;0.077181;0.0;0.0;0.0;0.0;0.0;0.0;0.0;0.0;0.0;0.0;0.020134
34058;0.407895;0.434211;0.072368;0.059211;0.026316;0.0;0.0;0.0;0.0;0.0;0.0;0.0;0.0;0.0;0.0;0.0
34059;0.325175;0.440559;0.146853;0.034965;0.048951;0.0;0.0;0.0;0.0;0.0;0.0;0.0;0.0;0.0;0.0;0.003497
34060;0.299065;0.439252;0.093458;0.074766;0.074766;0.0;0.0;0.0;0.0;0.0;0.0;0.0;0.0;0.0;0.0;0.018692
34061;0.117647;0.411765;0.411765;0.044118;0.014706;0.0;0.0;0.0;0.0;0.0;0.0;0.0;0.0;0.0;0.0;0.0
34062;0.204301;0.516129;0.236559;0.021505;0.0;0.0;0.0;0.0;0.0;0.0;0.0;0.0;0.0;0.0;0.0;0.021505
34063;0.260274;0.547945;0.123288;0.054795;0.013699;0.0;0.0;0.0;0.0;0.0;0.0;0.0;0.0;0.0;0.0;0.0
34066;0.152174;0.630435;0.108696;0.043478;0.043478;0.0;0.0;0.0;0.0;0.0;0.0;0.0;0.0;0.0;0.0;0.021739
34067;0.584416;0.220779;0.064935;0.051948;0.077922;0.0;0.0;0.0;0.0;0.0;0.0;0.0;0.0;0.0;0.0;0.0
34068;0.125;0.416667;0.25;0.041667;0.166667;0.0;0.0;0.0;0.0;0.0;0.0;0.0;0.0;0.0;0.0;0.0
34069;0.422667;0.26;0.142;0.070667;0.095333;0.0;0.0;0.0;0.0;0.0;0.0;0.0;0.0;0.0;0.0;0.009333
34070;0.395833;0.479167;0.052083;0.020833;0.052083;0.0;0.0;0.0;0.0;0.0;0.0;0.0;0.0;0.0;0.0;0.0
34071;0.253968;0.5;0.190476;0.02381;0.031746;0.0;0.0;0.0;0.0;0.0;0.0;0.0;0.0;0.0;0.0;0.0
34072;0.204918;0.47541;0.196721;0.032787;0.090164;0.0;0.0;0.0;0.0;0.0;0.0;0.0;0.0;0.0;0.0;0.0
34073;0.273504;0.478632;0.145299;0.034188;0.051282;0.0;0.0;0.0;0.0;0.0;0.0;0.0;0.0;0.0;0.0;0.017094
34074;0.404612;0.341719;0.159329;0.062893;0.025157;0.0;0.0;0.0;0.0;0.0;0.0;0.0;0.0;0.0;0.0;0.006289
34076;0.26087;0.528604;0.121281;0.05492;0.032037;0.0;0.0;0.0;0.0;0.0;0.0;0.0;0.0;0.0;0.0;0.002288
34077;0.317343;0.250923;0.232472;0.103321;0.084871;0.0;0.0;0.0;0.0;0.0;0.0;0.0;0.0;0.0;0.0;0.01107
34079;0.292197;0.320064;0.234873;0.066083;0.073248;0.0;0.0;0.0;0.0;0.0;0.0;0.0;0.0;0.0;0.0;0.013535
34080;0.334933;0.345809;0.15579;0.072617;0.081894;0.0;0.0;0.0;0.0;0.0;0.0;0.0;0.0;0.0;0.0;0.008957
34081;0.181818;0.568182;0.227273;0.0;0.0;0.0;0.0;0.0;0.0;0.0;0.0;0.0;0.0;0.0;0.0;0.022727
34082;0.362069;0.293103;0.258621;0.068966;0.017241;0.0;0.0;0.0;0.0;0.0;0.0;0.0;0.0;0.0;0.0;0.0
34083;0.282931;0.357143;0.17718;0.086271;0.086271;0.0;0.0;0.0;0.0;0.0;0.0;0.0;0.0;0.0;0.0;0.010204
34084;0.185484;0.346774;0.346774;0.08871;0.032258;0.0;0.0;0.0;0.0;0.0;0.0;0.0;0.0;0.0;0.0;0.0
34086;0.316456;0.367089;0.139241;0.088608;0.088608;0.0;0.0;0.0;0.0;0.0;0.0;0.0;0.0;0.0;0.0;0.0
34087;0.206186;0.546392;0.092784;0.103093;0.041237;0.0;0.0;0.0;0.0;0.0;0.0;0.0;0.0;0.0;0.0;0.010309
34088;0.310526;0.294737;0.173684;0.047368;0.163158;0.0;0.0;0.0;0.0;0.0;0.0;0.0;0.0;0.0;0.0;0.010526
34089;0.175258;0.463918;0.206186;0.020619;0.134021;0.0;0.0;0.0;0.0;0.0;0.0;0.0;0.0;0.0;0.0;0.0
34091;0.271605;0.518519;0.111111;0.037037;0.037037;0.0;0.0;0.0;0.0;0.0;0.0;0.0;0.0;0.0;0.0;0.024691
34092;0.239362;0.590426;0.090426;0.047872;0.015957;0.0;0.0;0.0;0.0;0.0;0.0;0.0;0.0;0.0;0.0;0.015957
34093;0.083333;0.65;0.166667;0.066667;0.033333;0.0;0.0;0.0;0.0;0.0;0.0;0.0;0.0;0.0;0.0;0.0
34094;0.232558;0.302326;0.27907;0.139535;0.046512;0.0;0.0;0.0;0.0;0.0;0.0;0.0;0.0;0.0;0.0;0.0
34096;0.421053;0.263158;0.184211;0.052632;0.052632;0.0;0.0;0.0;0.0;0.0;0.0;0.0;0.0;0.0;0.0;0.026316
34098;0.300901;0.313514;0.183784;0.077477;0.099099;0.0;0.0;0.0;0.0;0.0;0.0;0.0;0.0;0.0;0.0;0.025225
34099;0.166667;0.309524;0.309524;0.119048;0.095238;0.0;0.0;0.0;0.0;0.0;0.0;0.0;0.0;0.0;0.0;0.0
34100;0.329787;0.308511;0.265957;0.053191;0.021277;0.0;0.0;0.0;0.0;0.0;0.0;0.0;0.0;0.0;0.0;0.021277
34101;0.228571;0.485714;0.171429;0.085714;0.028571;0.0;0.0;0.0;0.0;0.0;0.0;0.0;0.0;0.0;0.0;0.0
34102;0.23871;0.490323;0.148387;0.083871;0.03871;0.0;0.0;0.0;0.0;0.0;0.0;0.0;0.0;0.0;0.0;0.0
34103;0.236842;0.460526;0.25;0.052632;0.0;0.0;0.0;0.0;0.0;0.0;0.0;0.0;0.0;0.0;0.0;0.0
34104;0.2125;0.6;0.10625;0.05625;0.0125;0.0;0.0;0.0;0.0;0.0;0.0;0.0;0.0;0.0;0.0;0.0125
34106;0.11236;0.550562;0.247191;0.033708;0.05618;0.0;0.0;0.0;0.0;0.0;0.0;0.0;0.0;0.0;0.0;0.0
34107;0.222222;0.577778;0.155556;0.044444;0.0;0.0;0.0;0.0;0.0;0.0;0.0;0.0;0.0;0.0;0.0;0.0
34108;0.406824;0.370079;0.12336;0.03937;0.047244;0.0;0.0;0.0;0.0;0.0;0.0;0.0;0.0;0.0;0.0;0.013123
34109;0.088235;0.588235;0.235294;0.0;0.088235;0.0;0.0;0.0;0.0;0.0;0.0;0.0;0.0;0.0;0.0;0.0
34110;0.421875;0.296875;0.09375;0.046875;0.140625;0.0;0.0;0.0;0.0;0.0;0.0;0.0;0.0;0.0;0.0;0.0
34112;0.225806;0.516129;0.064516;0.16129;0.032258;0.0;0.0;0.0;0.0;0.0;0.0;0.0;0.0;0.0;0.0;0.0
34113;0.236842;0.447368;0.131579;0.078947;0.105263;0.0;0.0;0.0;0.0;0.0;0.0;0.0;0.0;0.0;0.0;0.0
34114;0.156716;0.626866;0.164179;0.037313;0.014925;0.0;0.0;0.0;0.0;0.0;0.0;0.0;0.0;0.0;0.0;0.0
34116;0.2;0.428571;0.314286;0.028571;0.028571;0.0;0.0;0.0;0.0;0.0;0.0;0.0;0.0;0.0;0.0;0.0
34120;0.358119;0.341192;0.135311;0.063767;0.086877;0.0;0.0;0.0;0.0;0.0;0.0;0.0;0.0;0.0;0.0;0.014734
34121;0.095238;0.482993;0.306122;0.07483;0.034014;0.0;0.0;0.0;0.0;0.0;0.0;0.0;0.0;0.0;0.0;0.006803
34122;0.321429;0.303571;0.232143;0.053571;0.089286;0.0;0.0;0.0;0.0;0.0;0.0;0.0;0.0;0.0;0.0;0.0
34123;0.314992;0.441786;0.140351;0.047847;0.052632;0.0;0.0;0.0;0.0;0.0;0.0;0.0;0.0;0.0;0.0;0.002392
34124;0.288889;0.422222;0.155556;0.088889;0.044444;0.0;0.0;0.0;0.0;0.0;0.0;0.0;0.0;0.0;0.0;0.0
34125;0.205128;0.461538;0.205128;0.038462;0.064103;0.0;0.0;0.0;0.0;0.0;0.0;0.0;0.0;0.0;0.0;0.025641
34126;0.196532;0.508671;0.231214;0.028902;0.028902;0.0;0.0;0.0;0.0;0.0;0.0;0.0;0.0;0.0;0.0;0.00578
34127;0.209677;0.516129;0.209677;0.032258;0.032258;0.0;0.0;0.0;0.0;0.0;0.0;0.0;0.0;0.0;0.0;0.0
34129;0.188034;0.538462;0.179487;0.051282;0.034188;0.0;0.0;0.0;0.0;0.0;0.0;0.0;0.0;0.0;0.0;0.008547
34130;0.371622;0.412162;0.108108;0.047297;0.054054;0.0;0.0;0.0;0.0;0.0;0.0;0.0;0.0;0.0;0.0;0.006757
34131;0.043478;0.76087;0.173913;0.021739;0.0;0.0;0.0;0.0;0.0;0.0;0.0;0.0;0.0;0.0;0.0;0.0
34132;0.194444;0.347222;0.222222;0.083333;0.152778;0.0;0.0;0.0;0.0;0.0;0.0;0.0;0.0;0.0;0.0;0.0
34133;0.123288;0.616438;0.150685;0.013699;0.068493;0.0;0.0;0.0;0.0;0.0;0.0;0.0;0.0;0.0;0.0;0.027397
34134;0.32;0.52;0.12;0.0;0.0;0.0;0.0;0.0;0.0;0.0;0.0;0.0;0.0;0.0;0.0;0.04
34135;0.242308;0.411538;0.215385;0.046154;0.073077;0.0;0.0;0.0;0.0;0.0;0.0;0.0;0.0;0.0;0.0;0.011538
34136;0.352273;0.443182;0.102273;0.102273;0.0;0.0;0.0;0.0;0.0;0.0;0.0;0.0;0.0;0.0;0.0;0.0
34137;0.529412;0.411765;0.058824;0.0;0.0;0.0;0.0;0.0;0.0;0.0;0.0;0.0;0.0;0.0;0.0;0.0
34139;0.274336;0.415929;0.185841;0.070796;0.044248;0.0;0.0;0.0;0.0;0.0;0.0;0.0;0.0;0.0;0.0;0.00885
34140;0.285714;0.464286;0.214286;0.017857;0.017857;0.0;0.0;0.0;0.0;0.0;0.0;0.0;0.0;0.0;0.0;0.0
34141;0.30137;0.424658;0.184932;0.041096;0.034247;0.0;0.0;0.0;0.0;0.0;0.0;0.0;0.0;0.0;0.0;0.013699
34143;0.254545;0.5;0.172727;0.045455;0.027273;0.0;0.0;0.0;0.0;0.0;0.0;0.0;0.0;0.0;0.0;0.0
34146;0.372093;0.44186;0.093023;0.0;0.093023;0.0;0.0;0.0;0.0;0.0;0.0;0.0;0.0;0.0;0.0;0.0
34147;0.12605;0.504202;0.260504;0.058824;0.05042;0.0;0.0;0.0;0.0;0.0;0.0;0.0;0.0;0.0;0.0;0.0
34149;0.2;0.4;0.25;0.1;0.05;0.0;0.0;0.0;0.0;0.0;0.0;0.0;0.0;0.0;0.0;0.0
34151;0.284211;0.568421;0.084211;0.021053;0.031579;0.0;0.0;0.0;0.0;0.0;0.0;0.0;0.0;0.0;0.0;0.010526
34152;0.351064;0.43617;0.106383;0.042553;0.053191;0.0;0.0;0.0;0.0;0.0;0.0;0.0;0.0;0.0;0.0;0.010638
34154;0.191489;0.510638;0.12766;0.042553;0.12766;0.0;0.0;0.0;0.0;0.0;0.0;0.0;0.0;0.0;0.0;0.0
34155;0.526316;0.326316;0.073684;0.052632;0.021053;0.0;0.0;0.0;0.0;0.0;0.0;0.0;0.0;0.0;0.0;0.0
34156;0.095238;0.738095;0.095238;0.047619;0.0;0.0;0.0;0.0;0.0;0.0;0.0;0.0;0.0;0.0;0.0;0.02381
34157;0.311932;0.373713;0.186554;0.045427;0.075106;0.0;0.0;0.0;0.0;0.0;0.0;0.0;0.0;0.0;0.0;0.007268
34158;0.467066;0.239521;0.113772;0.077844;0.065868;0.0;0.0;0.0;0.0;0.0;0.0;0.0;0.0;0.0;0.0;0.035928
34159;0.414286;0.304762;0.071429;0.042857;0.157143;0.0;0.0;0.0;0.0;0.0;0.0;0.0;0.0;0.0;0.0;0.009524
34160;0.5;0.226415;0.075472;0.04717;0.132075;0.0;0.0;0.0;0.0;0.0;0.0;0.0;0.0;0.0;0.0;0.018868
34161;0.25;0.333333;0.416667;0.0;0.0;0.0;0.0;0.0;0.0;0.0;0.0;0.0;0.0;0.0;0.0;0.0
34163;0.351351;0.513514;0.081081;0.0;0.054054;0.0;0.0;0.0;0.0;0.0;0.0;0.0;0.0;0.0;0.0;0.0
34165;0.0;0.767442;0.139535;0.093023;0.0;0.0;0.0;0.0;0.0;0.0;0.0;0.0;0.0;0.0;0.0;0.0
34167;0.168675;0.373494;0.385542;0.012048;0.048193;0.0;0.0;0.0;0.0;0.0;0.0;0.0;0.0;0.0;0.0;0.012048
34168;0.236842;0.447368;0.184211;0.052632;0.052632;0.0;0.0;0.0;0.0;0.0;0.0;0.0;0.0;0.0;0.0;0.026316
34169;0.224409;0.496063;0.165354;0.051181;0.051181;0.0;0.0;0.0;0.0;0.0;0.0;0.0;0.0;0.0;0.0;0.011811
34170;0.137931;0.551724;0.206897;0.068966;0.034483;0.0;0.0;0.0;0.0;0.0;0.0;0.0;0.0;0.0;0.0;0.0
34171;0.307143;0.4;0.178571;0.0375;0.069643;0.0;0.0;0.0;0.0;0.0;0.0;0.0;0.0;0.0;0.0;0.007143
34174;0.191176;0.632353;0.073529;0.051471;0.014706;0.0;0.0;0.0;0.0;0.0;0.0;0.0;0.0;0.0;0.0;0.036765
34175;0.107692;0.553846;0.230769;0.076923;0.030769;0.0;0.0;0.0;0.0;0.0;0.0;0.0;0.0;0.0;0.0;0.0
34176;0.114943;0.517241;0.275862;0.08046;0.011494;0.0;0.0;0.0;0.0;0.0;0.0;0.0;0.0;0.0;0.0;0.0
34177;0.337838;0.412162;0.108108;0.074324;0.067568;0.0;0.0;0.0;0.0;0.0;0.0;0.0;0.0;0.0;0.0;0.0
34178;0.098901;0.604396;0.131868;0.010989;0.153846;0.0;0.0;0.0;0.0;0.0;0.0;0.0;0.0;0.0;0.0;0.0
34179;0.125;0.75;0.0625;0.0625;0.0;0.0;0.0;0.0;0.0;0.0;0.0;0.0;0.0;0.0;0.0;0.0
34180;0.169811;0.509434;0.037736;0.113208;0.037736;0.0;0.0;0.0;0.0;0.0;0.0;0.0;0.0;0.0;0.0;0.132075
34181;0.512281;0.242105;0.129825;0.031579;0.05614;0.0;0.0;0.0;0.0;0.0;0.0;0.0;0.0;0.0;0.0;0.02807
34182;0.336397;0.446691;0.123162;0.034926;0.044118;0.0;0.0;0.0;0.0;0.0;0.0;0.0;0.0;0.0;0.0;0.014706
34184;0.114286;0.685714;0.057143;0.0;0.142857;0.0;0.0;0.0;0.0;0.0;0.0;0.0;0.0;0.0;0.0;0.0
34185;0.171429;0.342857;0.2;0.028571;0.257143;0.0;0.0;0.0;0.0;0.0;0.0;0.0;0.0;0.0;0.0;0.0
34186;0.25;0.431818;0.25;0.045455;0.022727;0.0;0.0;0.0;0.0;0.0;0.0;0.0;0.0;0.0;0.0;0.0
34189;0.181818;0.69697;0.030303;0.0;0.090909;0.0;0.0;0.0;0.0;0.0;0.0;0.0;0.0;0.0;0.0;0.0
34190;0.1875;0.65625;0.09375;0.0625;0.0;0.0;0.0;0.0;0.0;0.0;0.0;0.0;0.0;0.0;0.0;0.0
34192;0.084746;0.59322;0.271186;0.016949;0.033898;0.0;0.0;0.0;0.0;0.0;0.0;0.0;0.0;0.0;0.0;0.0
34196;0.25;0.484375;0.078125;0.109375;0.0625;0.0;0.0;0.0;0.0;0.0;0.0;0.0;0.0;0.0;0.0;0.015625
34199;0.386486;0.313514;0.141892;0.048649;0.087838;0.0;0.0;0.0;0.0;0.0;0.0;0.0;0.0;0.0;0.0;0.021622
34201;0.27907;0.488372;0.100775;0.062016;0.062016;0.0;0.0;0.0;0.0;0.0;0.0;0.0;0.0;0.0;0.0;0.007752
34202;0.190476;0.571429;0.190476;0.047619;0.0;0.0;0.0;0.0;0.0;0.0;0.0;0.0;0.0;0.0;0.0;0.0
34204;0.257143;0.714286;0.0;0.028571;0.0;0.0;0.0;0.0;0.0;0.0;0.0;0.0;0.0;0.0;0.0;0.0
34205;0.263158;0.526316;0.105263;0.052632;0.026316;0.0;0.0;0.0;0.0;0.0;0.0;0.0;0.0;0.0;0.0;0.026316
34206;0.39196;0.356784;0.145729;0.053601;0.046901;0.0;0.0;0.0;0.0;0.0;0.0;0.0;0.0;0.0;0.0;0.005025
34208;0.025641;0.512821;0.333333;0.051282;0.025641;0.0;0.0;0.0;0.0;0.0;0.0;0.0;0.0;0.0;0.0;0.051282
34210;0.283951;0.555556;0.135802;0.012346;0.012346;0.0;0.0;0.0;0.0;0.0;0.0;0.0;0.0;0.0;0.0;0.0
34211;0.18543;0.529801;0.205298;0.059603;0.013245;0.0;0.0;0.0;0.0;0.0;0.0;0.0;0.0;0.0;0.0;0.006623
34213;0.195652;0.413043;0.173913;0.021739;0.195652;0.0;0.0;0.0;0.0;0.0;0.0;0.0;0.0;0.0;0.0;0.0
34214;0.386555;0.285714;0.184874;0.067227;0.05042;0.0;0.0;0.0;0.0;0.0;0.0;0.0;0.0;0.0;0.0;0.02521
34215;0.411765;0.378151;0.117647;0.033613;0.058824;0.0;0.0;0.0;0.0;0.0;0.0;0.0;0.0;0.0;0.0;0.0
34216;0.073171;0.585366;0.195122;0.097561;0.0;0.0;0.0;0.0;0.0;0.0;0.0;0.0;0.0;0.0;0.0;0.04878
34217;0.297214;0.270382;0.237358;0.080495;0.100103;0.0;0.0;0.0;0.0;0.0;0.0;0.0;0.0;0.0;0.0;0.014448
34218;0.212418;0.372549;0.30719;0.055556;0.042484;0.0;0.0;0.0;0.0;0.0;0.0;0.0;0.0;0.0;0.0;0.009804
34220;0.305344;0.343511;0.175573;0.129771;0.022901;0.0;0.0;0.0;0.0;0.0;0.0;0.0;0.0;0.0;0.0;0.022901
34221;0.408;0.368;0.12;0.04;0.056;0.0;0.0;0.0;0.0;0.0;0.0;0.0;0.0;0.0;0.0;0.008
34222;0.164179;0.626866;0.149254;0.014925;0.044776;0.0;0.0;0.0;0.0;0.0;0.0;0.0;0.0;0.0;0.0;0.0
34223;0.140845;0.584507;0.211268;0.035211;0.028169;0.0;0.0;0.0;0.0;0.0;0.0;0.0;0.0;0.0;0.0;0.0
34224;0.24;0.6;0.08;0.08;0.0;0.0;0.0;0.0;0.0;0.0;0.0;0.0;0.0;0.0;0.0;0.0
34225;0.374065;0.256581;0.14547;0.064284;0.146301;0.0;0.0;0.0;0.0;0.0;0.0;0.0;0.0;0.0;0.0;0.0133
34227;0.098039;0.588235;0.176471;0.058824;0.078431;0.0;0.0;0.0;0.0;0.0;0.0;0.0;0.0;0.0;0.0;0.0
34228;0.293103;0.431034;0.137931;0.017241;0.103448;0.0;0.0;0.0;0.0;0.0;0.0;0.0;0.0;0.0;0.0;0.017241
34229;0.217391;0.695652;0.021739;0.021739;0.043478;0.0;0.0;0.0;0.0;0.0;0.0;0.0;0.0;0.0;0.0;0.0
34230;0.090909;0.636364;0.181818;0.090909;0.0;0.0;0.0;0.0;0.0;0.0;0.0;0.0;0.0;0.0;0.0;0.0
34231;0.2;0.506667;0.22;0.06;0.013333;0.0;0.0;0.0;0.0;0.0;0.0;0.0;0.0;0.0;0.0;0.0
34232;0.373695;0.375783;0.148225;0.066806;0.025052;0.0;0.0;0.0;0.0;0.0;0.0;0.0;0.0;0.0;0.0;0.010438
34233;0.192308;0.653846;0.105769;0.028846;0.0;0.0;0.0;0.0;0.0;0.0;0.0;0.0;0.0;0.0;0.0;0.019231
34234;0.266667;0.377778;0.266667;0.044444;0.044444;0.0;0.0;0.0;0.0;0.0;0.0;0.0;0.0;0.0;0.0;0.0
34236;0.192308;0.615385;0.105769;0.038462;0.028846;0.0;0.0;0.0;0.0;0.0;0.0;0.0;0.0;0.0;0.0;0.019231
34237;0.303258;0.478697;0.132832;0.045113;0.035088;0.0;0.0;0.0;0.0;0.0;0.0;0.0;0.0;0.0;0.0;0.005013
34238;0.476596;0.365957;0.029787;0.046809;0.07234;0.0;0.0;0.0;0.0;0.0;0.0;0.0;0.0;0.0;0.0;0.008511
34240;0.261538;0.384615;0.292308;0.061538;0.0;0.0;0.0;0.0;0.0;0.0;0.0;0.0;0.0;0.0;0.0;0.0
34241;0.153846;0.692308;0.076923;0.076923;0.0;0.0;0.0;0.0;0.0;0.0;0.0;0.0;0.0;0.0;0.0;0.0
34242;0.233333;0.466667;0.2;0.066667;0.033333;0.0;0.0;0.0;0.0;0.0;0.0;0.0;0.0;0.0;0.0;0.0
34243;0.281513;0.491597;0.117647;0.02521;0.079832;0.0;0.0;0.0;0.0;0.0;0.0;0.0;0.0;0.0;0.0;0.004202
34245;0.330189;0.466981;0.09434;0.084906;0.018868;0.0;0.0;0.0;0.0;0.0;0.0;0.0;0.0;0.0;0.0;0.004717
34246;0.25;0.5;0.211538;0.019231;0.019231;0.0;0.0;0.0;0.0;0.0;0.0;0.0;0.0;0.0;0.0;0.0
34901;0.236315;0.46996;0.186916;0.046729;0.050734;0.0;0.0;0.0;0.0;0.0;0.0;0.0;0.0;0.0;0.0;0.009346
34902;0.263736;0.538462;0.120879;0.043956;0.010989;0.0;0.0;0.0;0.0;0.0;0.0;0.0;0.0;0.0;0.0;0.021978
34903;0.25;0.453125;0.21875;0.03125;0.03125;0.0;0.0;0.0;0.0;0.0;0.0;0.0;0.0;0.0;0.0;0.015625
34904;0.387097;0.311828;0.155914;0.043011;0.096774;0.0;0.0;0.0;0.0;0.0;0.0;0.0;0.0;0.0;0.0;0.005376
35001;0.345643;0.330094;0.067055;0.030126;0.147068;0.0;0.0;0.0;0.0;0.0;0.0;0.065112;0.0;0.0;0.0;0.014901
35002;0.269957;0.179484;0.157996;0.058342;0.184407;0.0;0.0;0.0;0.0;0.0;0.0;0.125333;0.0;0.0;0.0;0.024481
35003;0.230585;0.236743;0.17311;0.060554;0.157373;0.0;0.0;0.0;0.0;0.0;0.0;0.122135;0.0;0.0;0.0;0.019501
35004;0.334295;0.162917;0.13587;0.044312;0.175389;0.0;0.0;0.0;0.0;0.0;0.0;0.119437;0.0;0.0;0.0;0.02778
35005;0.309309;0.342342;0.085586;0.052553;0.07958;0.0;0.0;0.0;0.0;0.0;0.0;0.123123;0.0;0.0;0.0;0.007508
35006;0.340514;0.19027;0.112535;0.062207;0.183122;0.0;0.0;0.0;0.0;0.0;0.0;0.086607;0.0;0.0;0.0;0.024745
35007;0.230321;0.131195;0.163265;0.034985;0.072886;0.0;0.0;0.0;0.0;0.0;0.0;0.358601;0.0;0.0;0.0;0.008746
35008;0.313625;0.240633;0.124331;0.058151;0.160827;0.0;0.0;0.0;0.0;0.0;0.0;0.086131;0.0;0.0;0.0;0.016302
35009;0.298642;0.191515;0.102472;0.046925;0.144132;0.0;0.0;0.0;0.0;0.0;0.0;0.199069;0.0;0.0;0.0;0.017244
35010;0.306066;0.169577;0.096048;0.025735;0.184743;0.0;0.0;0.0;0.0;0.0;0.0;0.204504;0.0;0.0;0.0;0.013327
35011;0.286775;0.19763;0.159289;0.053255;0.174271;0.0;0.0;0.0;0.0;0.0;0.0;0.105625;0.0;0.0;0.0;0.023154
35012;0.227026;0.217077;0.159009;0.049566;0.122829;0.0;0.0;0.0;0.0;0.0;0.0;0.205861;0.0;0.0;0.0;0.018632
35013;0.26516;0.358469;0.115015;0.044753;0.125755;0.0;0.0;0.0;0.0;0.0;0.0;0.074737;0.0;0.0;0.0;0.016111
35014;0.246054;0.206417;0.152539;0.04976;0.202128;0.0;0.0;0.0;0.0;0.0;0.0;0.118051;0.0;0.0;0.0;0.025051
35015;0.309859;0.151071;0.12541;0.043797;0.157631;0.0;0.0;0.0;0.0;0.0;0.0;0.184835;0.0;0.0;0.0;0.027397
35016;0.302411;0.233264;0.123758;0.065385;0.184176;0.0;0.0;0.0;0.0;0.0;0.0;0.062666;0.0;0.0;0.0;0.028339
35017;0.252728;0.193465;0.179179;0.054038;0.182155;0.0;0.0;0.0;0.0;0.0;0.0;0.115947;0.0;0.0;0.0;0.022488
35018;0.299447;0.16118;0.131815;0.054912;0.204635;0.0;0.0;0.0;0.0;0.0;0.0;0.115486;0.0;0.0;0.0;0.032526
35019;0.302104;0.217779;0.151796;0.055739;0.142763;0.0;0.0;0.0;0.0;0.0;0.0;0.108449;0.0;0.0;0.0;0.02137
35020;0.422313;0.14966;0.077007;0.030476;0.077007;0.0;0.0;0.0;0.0;0.0;0.0;0.227211;0.0;0.0;0.0;0.016327
35021;0.261231;0.284422;0.127912;0.073523;0.163686;0.0;0.0;0.0;0.0;0.0;0.0;0.069884;0.0;0.0;0.0;0.019343
35022;0.291473;0.182773;0.167556;0.051889;0.171924;0.0;0.0;0.0;0.0;0.0;0.0;0.108423;0.0;0.0;0.0;0.025962
35023;0.27819;0.238221;0.119905;0.055056;0.143462;0.0;0.0;0.0;0.0;0.0;0.0;0.146241;0.0;0.0;0.0;0.018925
35024;0.276316;0.168129;0.125853;0.062378;0.173246;0.0;0.0;0.0;0.0;0.0;0.0;0.174708;0.0;0.0;0.0;0.019371
35025;0.251376;0.333028;0.152294;0.042202;0.114679;0.0;0.0;0.0;0.0;0.0;0.0;0.092661;0.0;0.0;0.0;0.013761
35026;0.27671;0.206735;0.145699;0.060953;0.172577;0.0;0.0;0.0;0.0;0.0;0.0;0.112694;0.0;0.0;0.0;0.024633
35027;0.299267;0.260661;0.112075;0.051175;0.155918;0.0;0.0;0.0;0.0;0.0;0.0;0.1019;0.0;0.0;0.0;0.019003
35028;0.284783;0.243621;0.148445;0.056994;0.158503;0.0;0.0;0.0;0.0;0.0;0.0;0.092196;0.0;0.0;0.0;0.015459
35029;0.25747;0.14695;0.119116;0.041343;0.1535;0.0;0.0;0.0;0.0;0.0;0.0;0.266066;0.0;0.0;0.0;0.015555
35030;0.267717;0.181835;0.130379;0.040652;0.145395;0.0;0.0;0.0;0.0;0.0;0.0;0.215895;0.0;0.0;0.0;0.018129
35031;0.219093;0.257403;0.165873;0.051356;0.17954;0.0;0.0;0.0;0.0;0.0;0.0;0.105612;0.0;0.0;0.0;0.021122
35032;0.279049;0.373262;0.092867;0.04262;0.124271;0.0;0.0;0.0;0.0;0.0;0.0;0.077613;0.0;0.0;0.0;0.010319
35033;0.287804;0.237481;0.156173;0.062717;0.139564;0.0;0.0;0.0;0.0;0.0;0.0;0.098661;0.0;0.0;0.0;0.0176
35034;0.260242;0.181654;0.163875;0.048956;0.184746;0.0;0.0;0.0;0.0;0.0;0.0;0.13579;0.0;0.0;0.0;0.024736
36001;0.277204;0.438906;0.071125;0.03769;0.11307;0.0;0.0;0.0;0.0;0.0;0.050456;0.0;0.0;0.0;0.0;0.01155
36002;0.251799;0.396197;0.109455;0.030319;0.077595;0.0;0.0;0.0;0.0;0.0;0.125899;0.0;0.0;0.0;0.0;0.008736
36003;0.290198;0.338391;0.077198;0.055332;0.16808;0.0;0.0;0.0;0.0;0.0;0.060538;0.0;0.0;0.0;0.0;0.010263
36004;0.264051;0.327261;0.060252;0.043282;0.19617;0.0;0.0;0.0;0.0;0.0;0.092947;0.0;0.0;0.0;0.0;0.016036
36005;0.342291;0.338368;0.071597;0.042762;0.119262;0.0;0.0;0.0;0.0;0.0;0.076108;0.0;0.0;0.0;0.0;0.009612
36006;0.258319;0.376048;0.078994;0.044831;0.131318;0.0;0.0;0.0;0.0;0.0;0.098171;0.0;0.0;0.0;0.0;0.012319
36007;0.322453;0.437191;0.077151;0.032641;0.074184;0.0;0.0;0.0;0.0;0.0;0.051434;0.0;0.0;0.0;0.0;0.004946
36008;0.26751;0.241166;0.053671;0.046013;0.272708;0.0;0.0;0.0;0.0;0.0;0.103688;0.0;0.0;0.0;0.0;0.015244
36009;0.308104;0.398318;0.079893;0.044343;0.126911;0.0;0.0;0.0;0.0;0.0;0.031728;0.0;0.0;0.0;0.0;0.010703
36010;0.35166;0.252593;0.057573;0.039938;0.150415;0.0;0.0;0.0;0.0;0.0;0.135892;0.0;0.0;0.0;0.0;0.011929
36013;0.26022;0.431604;0.076258;0.038522;0.120283;0.0;0.0;0.0;0.0;0.0;0.058962;0.0;0.0;0.0;0.0;0.014151
36014;0.261614;0.501222;0.059495;0.02934;0.090465;0.0;0.0;0.0;0.0;0.0;0.039935;0.0;0.0;0.0;0.0;0.01793
36015;0.370974;0.319364;0.067908;0.042685;0.114862;0.0;0.0;0.0;0.0;0.0;0.074893;0.0;0.0;0.0;0.0;0.009313
36016;0.173567;0.636943;0.062102;0.017516;0.030255;0.0;0.0;0.0;0.0;0.0;0.076433;0.0;0.0;0.0;0.0;0.003185
36017;0.286449;0.390501;0.06963;0.032157;0.114248;0.0;0.0;0.0;0.0;0.0;0.096819;0.0;0.0;0.0;0.0;0.010196
36018;0.331768;0.424622;0.059468;0.041732;0.067293;0.0;0.0;0.0;0.0;0.0;0.067814;0.0;0.0;0.0;0.0;0.007303
36019;0.491111;0.25;0.068889;0.027778;0.097778;0.0;0.0;0.0;0.0;0.0;0.056667;0.0;0.0;0.0;0.0;0.007778
36020;0.257327;0.476054;0.08649;0.042888;0.058613;0.0;0.0;0.0;0.0;0.0;0.070765;0.0;0.0;0.0;0.0;0.007863
36021;0.317386;0.284905;0.087876;0.046204;0.192245;0.0;0.0;0.0;0.0;0.0;0.05829;0.0;0.0;0.0;0.0;0.013093
36022;0.340841;0.226289;0.0593;0.03748;0.234911;0.0;0.0;0.0;0.0;0.0;0.089565;0.0;0.0;0.0;0.0;0.011614
36023;0.252247;0.321536;0.072097;0.051498;0.182959;0.0;0.0;0.0;0.0;0.0;0.105243;0.0;0.0;0.0;0.0;0.014419
36024;0.228646;0.468137;0.084162;0.045801;0.074482;0.0;0.0;0.0;0.0;0.0;0.092857;0.0;0.0;0.0;0.0;0.005916
36025;0.199013;0.480263;0.103618;0.064145;0.091283;0.0;0.0;0.0;0.0;0.0;0.050987;0.0;0.0;0.0;0.0;0.010691
36026;0.27142;0.366216;0.092596;0.044804;0.153435;0.0;0.0;0.0;0.0;0.0;0.056831;0.0;0.0;0.0;0.0;0.014699
36027;0.271279;0.396233;0.107208;0.04636;0.101413;0.0;0.0;0.0;0.0;0.0;0.064832;0.0;0.0;0.0;0.0;0.012677
36028;0.329039;0.381303;0.076923;0.041222;0.092749;0.0;0.0;0.0;0.0;0.0;0.069562;0.0;0.0;0.0;0.0;0.009201
36029;0.282155;0.255457;0.052646;0.050023;0.2237;0.0;0.0;0.0;0.0;0.0;0.121499;0.0;0.0;0.0;0.0;0.01452
36030;0.292703;0.324093;0.085202;0.039951;0.147982;0.0;0.0;0.0;0.0;0.0;0.100285;0.0;0.0;0.0;0.0;0.009784
36031;0.230024;0.394673;0.089588;0.031477;0.096852;0.0;0.0;0.0;0.0;0.0;0.135593;0.0;0.0;0.0;0.0;0.021792
36032;0.287846;0.420043;0.080597;0.034968;0.078891;0.0;0.0;0.0;0.0;0.0;0.089552;0.0;0.0;0.0;0.0;0.008102
36033;0.332943;0.291559;0.064127;0.039508;0.193669;0.0;0.0;0.0;0.0;0.0;0.067292;0.0;0.0;0.0;0.0;0.010903
36034;0.292395;0.355692;0.075106;0.04393;0.134152;0.0;0.0;0.0;0.0;0.0;0.084081;0.0;0.0;0.0;0.0;0.014643
36035;0.330367;0.307149;0.082234;0.050834;0.17173;0.0;0.0;0.0;0.0;0.0;0.047356;0.0;0.0;0.0;0.0;0.01033
36036;0.298611;0.365162;0.083912;0.028356;0.147569;0.0;0.0;0.0;0.0;0.0;0.063079;0.0;0.0;0.0;0.0;0.01331
36037;0.262244;0.362058;0.070056;0.043397;0.16987;0.0;0.0;0.0;0.0;0.0;0.082455;0.0;0.0;0.0;0.0;0.009919
36038;0.318848;0.289194;0.081986;0.051272;0.157415;0.0;0.0;0.0;0.0;0.0;0.089759;0.0;0.0;0.0;0.0;0.011526
36039;0.298174;0.28743;0.069929;0.05274;0.210763;0.0;0.0;0.0;0.0;0.0;0.066999;0.0;0.0;0.0;0.0;0.013966
36040;0.316537;0.390827;0.072351;0.037468;0.095607;0.0;0.0;0.0;0.0;0.0;0.080749;0.0;0.0;0.0;0.0;0.00646
36041;0.274148;0.339259;0.104178;0.057525;0.144151;0.0;0.0;0.0;0.0;0.0;0.065564;0.0;0.0;0.0;0.0;0.015174
36042;0.301743;0.26234;0.072882;0.052794;0.210834;0.0;0.0;0.0;0.0;0.0;0.084728;0.0;0.0;0.0;0.0;0.014679
36043;0.28672;0.321596;0.108317;0.036217;0.133132;0.0;0.0;0.0;0.0;0.0;0.102616;0.0;0.0;0.0;0.0;0.011402
36044;0.254876;0.343645;0.088769;0.049765;0.170141;0.0;0.0;0.0;0.0;0.0;0.081372;0.0;0.0;0.0;0.0;0.011432
36045;0.354404;0.251701;0.059599;0.031124;0.213413;0.0;0.0;0.0;0.0;0.0;0.073445;0.0;0.0;0.0;0.0;0.016314
36046;0.297452;0.351274;0.100825;0.056692;0.122354;0.0;0.0;0.0;0.0;0.0;0.057051;0.0;0.0;0.0;0.0;0.014352
36047;0.322485;0.460059;0.076183;0.019231;0.042899;0.0;0.0;0.0;0.0;0.0;0.073964;0.0;0.0;0.0;0.0;0.005178
36048;0.285416;0.306591;0.052789;0.049508;0.167313;0.0;0.0;0.0;0.0;0.0;0.12705;0.0;0.0;0.0;0.0;0.011333
36049;0.250685;0.346113;0.084053;0.04782;0.17906;0.0;0.0;0.0;0.0;0.0;0.078365;0.0;0.0;0.0;0.0;0.013904
36050;0.346731;0.276745;0.075585;0.037992;0.161168;0.0;0.0;0.0;0.0;0.0;0.086983;0.0;0.0;0.0;0.0;0.014797
36051;0.282583;0.371251;0.089432;0.050496;0.129785;0.0;0.0;0.0;0.0;0.0;0.064129;0.0;0.0;0.0;0.0;0.012324
36052;0.303102;0.392288;0.080784;0.040284;0.092202;0.0;0.0;0.0;0.0;0.0;0.083369;0.0;0.0;0.0;0.0;0.007971
36053;0.239119;0.295337;0.091192;0.034715;0.156477;0.0;0.0;0.0;0.0;0.0;0.173316;0.0;0.0;0.0;0.0;0.009845
36054;0.300424;0.298084;0.082639;0.047828;0.151967;0.0;0.0;0.0;0.0;0.0;0.107065;0.0;0.0;0.0;0.0;0.011994
36055;0.300079;0.315184;0.094127;0.056702;0.138429;0.0;0.0;0.0;0.0;0.0;0.084094;0.0;0.0;0.0;0.0;0.011385
36056;0.240718;0.427267;0.085514;0.040475;0.129032;0.0;0.0;0.0;0.0;0.0;0.066038;0.0;0.0;0.0;0.0;0.010956
36057;0.369609;0.22669;0.06571;0.047792;0.213537;0.0;0.0;0.0;0.0;0.0;0.061387;0.0;0.0;0.0;0.0;0.015275
36058;0.335148;0.301123;0.074515;0.041851;0.138482;0.0;0.0;0.0;0.0;0.0;0.098673;0.0;0.0;0.0;0.0;0.010208
36059;0.233827;0.455005;0.076617;0.048428;0.062523;0.0;0.0;0.0;0.0;0.0;0.113119;0.0;0.0;0.0;0.0;0.010481
36060;0.339035;0.283557;0.074845;0.046181;0.170905;0.0;0.0;0.0;0.0;0.0;0.071197;0.0;0.0;0.0;0.0;0.014281
36061;0.240551;0.460968;0.087072;0.040975;0.101024;0.0;0.0;0.0;0.0;0.0;0.057224;0.0;0.0;0.0;0.0;0.012187
36901;0.410904;0.21875;0.064162;0.037899;0.154255;0.0;0.0;0.0;0.0;0.0;0.104056;0.0;0.0;0.0;0.0;0.009973
36902;0.327214;0.405093;0.068404;0.029612;0.100385;0.0;0.0;0.0;0.0;0.0;0.05804;0.0;0.0;0.0;0.0;0.011253
37001;0.375;0.441667;0.041667;0.125;0.016667;0.0;0.0;0.0;0.0;0.0;0.0;0.0;0.0;0.0;0.0;0.0
37002;0.428571;0.301587;0.142857;0.111111;0.015873;0.0;0.0;0.0;0.0;0.0;0.0;0.0;0.0;0.0;0.0;0.0
37003;0.260274;0.547945;0.150685;0.027397;0.013699;0.0;0.0;0.0;0.0;0.0;0.0;0.0;0.0;0.0;0.0;0.0
37004;0.166667;0.666667;0.111111;0.0;0.055556;0.0;0.0;0.0;0.0;0.0;0.0;0.0;0.0;0.0;0.0;0.0
37005;0.139535;0.72093;0.046512;0.069767;0.023256;0.0;0.0;0.0;0.0;0.0;0.0;0.0;0.0;0.0;0.0;0.0
37006;0.19403;0.447761;0.208955;0.014925;0.104478;0.0;0.0;0.0;0.0;0.0;0.0;0.0;0.0;0.0;0.0;0.029851
37007;0.328467;0.332117;0.237226;0.072993;0.029197;0.0;0.0;0.0;0.0;0.0;0.0;0.0;0.0;0.0;0.0;0.0
37008;0.233058;0.37719;0.25157;0.072066;0.058512;0.0;0.0;0.0;0.0;0.0;0.0;0.0;0.0;0.0;0.0;0.007603
37009;0.286713;0.482517;0.146853;0.048951;0.034965;0.0;0.0;0.0;0.0;0.0;0.0;0.0;0.0;0.0;0.0;0.0
37010;0.339652;0.2891;0.187994;0.083728;0.090047;0.0;0.0;0.0;0.0;0.0;0.0;0.0;0.0;0.0;0.0;0.009479
37011;0.36;0.386667;0.093333;0.066667;0.093333;0.0;0.0;0.0;0.0;0.0;0.0;0.0;0.0;0.0;0.0;0.0
37012;0.243243;0.441441;0.216216;0.081081;0.009009;0.0;0.0;0.0;0.0;0.0;0.0;0.0;0.0;0.0;0.0;0.009009
37013;0.235294;0.397059;0.294118;0.044118;0.014706;0.0;0.0;0.0;0.0;0.0;0.0;0.0;0.0;0.0;0.0;0.014706
37014;0.409589;0.335616;0.123288;0.079452;0.047945;0.0;0.0;0.0;0.0;0.0;0.0;0.0;0.0;0.0;0.0;0.00411
37015;0.349593;0.365854;0.203252;0.01626;0.056911;0.0;0.0;0.0;0.0;0.0;0.0;0.0;0.0;0.0;0.0;0.00813
37016;0.255528;0.36855;0.184275;0.100737;0.083538;0.0;0.0;0.0;0.0;0.0;0.0;0.0;0.0;0.0;0.0;0.007371
37017;0.097561;0.512195;0.213415;0.109756;0.054878;0.0;0.0;0.0;0.0;0.0;0.0;0.0;0.0;0.0;0.0;0.012195
37018;0.253333;0.373333;0.28;0.066667;0.026667;0.0;0.0;0.0;0.0;0.0;0.0;0.0;0.0;0.0;0.0;0.0
37019;0.165138;0.614679;0.155963;0.045872;0.018349;0.0;0.0;0.0;0.0;0.0;0.0;0.0;0.0;0.0;0.0;0.0
37020;0.276527;0.37299;0.138264;0.090032;0.093248;0.0;0.0;0.0;0.0;0.0;0.0;0.0;0.0;0.0;0.0;0.028939
37021;0.272727;0.477273;0.204545;0.0;0.022727;0.0;0.0;0.0;0.0;0.0;0.0;0.0;0.0;0.0;0.0;0.022727
37022;0.168421;0.510526;0.236842;0.036842;0.042105;0.0;0.0;0.0;0.0;0.0;0.0;0.0;0.0;0.0;0.0;0.005263
37023;0.275084;0.255853;0.245819;0.138796;0.072742;0.0;0.0;0.0;0.0;0.0;0.0;0.0;0.0;0.0;0.0;0.011706
37024;0.316667;0.333333;0.233333;0.083333;0.033333;0.0;0.0;0.0;0.0;0.0;0.0;0.0;0.0;0.0;0.0;0.0
37025;0.298429;0.424084;0.209424;0.057592;0.010471;0.0;0.0;0.0;0.0;0.0;0.0;0.0;0.0;0.0;0.0;0.0
37026;0.380282;0.267606;0.295775;0.042254;0.007042;0.0;0.0;0.0;0.0;0.0;0.0;0.0;0.0;0.0;0.0;0.007042
37027;0.299435;0.372881;0.214689;0.045198;0.056497;0.0;0.0;0.0;0.0;0.0;0.0;0.0;0.0;0.0;0.0;0.011299
37028;0.186813;0.615385;0.098901;0.076923;0.021978;0.0;0.0;0.0;0.0;0.0;0.0;0.0;0.0;0.0;0.0;0.0
37029;0.292683;0.390244;0.219512;0.073171;0.02439;0.0;0.0;0.0;0.0;0.0;0.0;0.0;0.0;0.0;0.0;0.0
37030;0.316667;0.483333;0.116667;0.05;0.033333;0.0;0.0;0.0;0.0;0.0;0.0;0.0;0.0;0.0;0.0;0.0
37031;0.234043;0.446809;0.212766;0.068085;0.038298;0.0;0.0;0.0;0.0;0.0;0.0;0.0;0.0;0.0;0.0;0.0
37032;0.246114;0.313472;0.282383;0.108808;0.033679;0.0;0.0;0.0;0.0;0.0;0.0;0.0;0.0;0.0;0.0;0.015544
37033;0.283582;0.268657;0.283582;0.074627;0.044776;0.0;0.0;0.0;0.0;0.0;0.0;0.0;0.0;0.0;0.0;0.044776
37034;0.241935;0.354839;0.370968;0.032258;0.0;0.0;0.0;0.0;0.0;0.0;0.0;0.0;0.0;0.0;0.0;0.0
37035;0.350877;0.429825;0.140351;0.026316;0.04386;0.0;0.0;0.0;0.0;0.0;0.0;0.0;0.0;0.0;0.0;0.008772
37036;0.176471;0.705882;0.058824;0.029412;0.029412;0.0;0.0;0.0;0.0;0.0;0.0;0.0;0.0;0.0;0.0;0.0
37037;0.138889;0.361111;0.319444;0.180556;0.0;0.0;0.0;0.0;0.0;0.0;0.0;0.0;0.0;0.0;0.0;0.0
37038;0.352827;0.397661;0.120858;0.062378;0.060429;0.0;0.0;0.0;0.0;0.0;0.0;0.0;0.0;0.0;0.0;0.005848
37039;0.302564;0.425641;0.153846;0.097436;0.020513;0.0;0.0;0.0;0.0;0.0;0.0;0.0;0.0;0.0;0.0;0.0
37040;0.378472;0.322917;0.15625;0.090278;0.045139;0.0;0.0;0.0;0.0;0.0;0.0;0.0;0.0;0.0;0.0;0.006944
37041;0.113208;0.490566;0.283019;0.09434;0.018868;0.0;0.0;0.0;0.0;0.0;0.0;0.0;0.0;0.0;0.0;0.0
37042;0.076923;0.692308;0.192308;0.038462;0.0;0.0;0.0;0.0;0.0;0.0;0.0;0.0;0.0;0.0;0.0;0.0
37044;0.252459;0.413115;0.15082;0.098361;0.07541;0.0;0.0;0.0;0.0;0.0;0.0;0.0;0.0;0.0;0.0;0.009836
37045;0.315789;0.263158;0.315789;0.105263;0.0;0.0;0.0;0.0;0.0;0.0;0.0;0.0;0.0;0.0;0.0;0.0
37046;0.299345;0.322468;0.19766;0.080791;0.086781;0.0;0.0;0.0;0.0;0.0;0.0;0.0;0.0;0.0;0.0;0.012954
37047;0.191011;0.707865;0.044944;0.022472;0.022472;0.0;0.0;0.0;0.0;0.0;0.0;0.0;0.0;0.0;0.0;0.011236
37049;0.236842;0.5;0.210526;0.026316;0.026316;0.0;0.0;0.0;0.0;0.0;0.0;0.0;0.0;0.0;0.0;0.0
37050;0.313725;0.352941;0.313725;0.019608;0.0;0.0;0.0;0.0;0.0;0.0;0.0;0.0;0.0;0.0;0.0;0.0
37051;0.344828;0.448276;0.155172;0.034483;0.0;0.0;0.0;0.0;0.0;0.0;0.0;0.0;0.0;0.0;0.0;0.017241
37052;0.375661;0.428571;0.10582;0.031746;0.058201;0.0;0.0;0.0;0.0;0.0;0.0;0.0;0.0;0.0;0.0;0.0
37054;0.461957;0.358696;0.097826;0.021739;0.048913;0.0;0.0;0.0;0.0;0.0;0.0;0.0;0.0;0.0;0.0;0.01087
37055;0.215054;0.483871;0.172043;0.096774;0.021505;0.0;0.0;0.0;0.0;0.0;0.0;0.0;0.0;0.0;0.0;0.010753
37056;0.035714;0.678571;0.071429;0.214286;0.0;0.0;0.0;0.0;0.0;0.0;0.0;0.0;0.0;0.0;0.0;0.0
37057;0.187919;0.604027;0.127517;0.04698;0.033557;0.0;0.0;0.0;0.0;0.0;0.0;0.0;0.0;0.0;0.0;0.0
37058;0.216216;0.513514;0.162162;0.027027;0.081081;0.0;0.0;0.0;0.0;0.0;0.0;0.0;0.0;0.0;0.0;0.0
37059;0.413043;0.315217;0.195652;0.054348;0.021739;0.0;0.0;0.0;0.0;0.0;0.0;0.0;0.0;0.0;0.0;0.0
37060;0.318408;0.298507;0.238806;0.079602;0.029851;0.0;0.0;0.0;0.0;0.0;0.0;0.0;0.0;0.0;0.0;0.034826
37061;0.244444;0.451852;0.185185;0.096296;0.022222;0.0;0.0;0.0;0.0;0.0;0.0;0.0;0.0;0.0;0.0;0.0
37062;0.084746;0.542373;0.305085;0.050847;0.0;0.0;0.0;0.0;0.0;0.0;0.0;0.0;0.0;0.0;0.0;0.016949
37063;0.404255;0.361702;0.148936;0.085106;0.0;0.0;0.0;0.0;0.0;0.0;0.0;0.0;0.0;0.0;0.0;0.0
37065;0.309091;0.49697;0.151515;0.030303;0.012121;0.0;0.0;0.0;0.0;0.0;0.0;0.0;0.0;0.0;0.0;0.0
37067;0.311725;0.290116;0.176871;0.110844;0.098039;0.0;0.0;0.0;0.0;0.0;0.0;0.0;0.0;0.0;0.0;0.012405
37068;0.293617;0.408511;0.251064;0.034043;0.012766;0.0;0.0;0.0;0.0;0.0;0.0;0.0;0.0;0.0;0.0;0.0
37069;0.266055;0.333333;0.221713;0.094801;0.070336;0.0;0.0;0.0;0.0;0.0;0.0;0.0;0.0;0.0;0.0;0.013761
37070;0.310249;0.32133;0.285319;0.033241;0.038781;0.0;0.0;0.0;0.0;0.0;0.0;0.0;0.0;0.0;0.0;0.01108
37071;0.459016;0.278689;0.213115;0.016393;0.032787;0.0;0.0;0.0;0.0;0.0;0.0;0.0;0.0;0.0;0.0;0.0
37072;0.19469;0.442478;0.327434;0.035398;0.0;0.0;0.0;0.0;0.0;0.0;0.0;0.0;0.0;0.0;0.0;0.0
37073;0.25;0.357798;0.261468;0.075688;0.048165;0.0;0.0;0.0;0.0;0.0;0.0;0.0;0.0;0.0;0.0;0.006881
37074;0.426966;0.393258;0.123596;0.011236;0.044944;0.0;0.0;0.0;0.0;0.0;0.0;0.0;0.0;0.0;0.0;0.0
37077;0.477833;0.325123;0.103448;0.078818;0.014778;0.0;0.0;0.0;0.0;0.0;0.0;0.0;0.0;0.0;0.0;0.0
37078;0.329966;0.326599;0.178451;0.082492;0.074074;0.0;0.0;0.0;0.0;0.0;0.0;0.0;0.0;0.0;0.0;0.008418
37079;0.172414;0.413793;0.275862;0.068966;0.051724;0.0;0.0;0.0;0.0;0.0;0.0;0.0;0.0;0.0;0.0;0.017241
37080;0.290123;0.308642;0.296296;0.061728;0.04321;0.0;0.0;0.0;0.0;0.0;0.0;0.0;0.0;0.0;0.0;0.0
37081;0.428571;0.287202;0.209821;0.053571;0.014881;0.0;0.0;0.0;0.0;0.0;0.0;0.0;0.0;0.0;0.0;0.005952
37082;0.358575;0.342984;0.184855;0.062361;0.051225;0.0;0.0;0.0;0.0;0.0;0.0;0.0;0.0;0.0;0.0;0.0
37083;0.361842;0.269737;0.256579;0.065789;0.046053;0.0;0.0;0.0;0.0;0.0;0.0;0.0;0.0;0.0;0.0;0.0
37085;0.244432;0.280451;0.258455;0.124553;0.077811;0.0;0.0;0.0;0.0;0.0;0.0;0.0;0.0;0.0;0.0;0.014297
37086;0.240964;0.433735;0.204819;0.096386;0.024096;0.0;0.0;0.0;0.0;0.0;0.0;0.0;0.0;0.0;0.0;0.0
37087;0.207576;0.269697;0.301515;0.121212;0.080303;0.0;0.0;0.0;0.0;0.0;0.0;0.0;0.0;0.0;0.0;0.019697
37088;0.37594;0.383459;0.165414;0.045113;0.030075;0.0;0.0;0.0;0.0;0.0;0.0;0.0;0.0;0.0;0.0;0.0
37089;0.302326;0.44186;0.093023;0.069767;0.046512;0.0;0.0;0.0;0.0;0.0;0.0;0.0;0.0;0.0;0.0;0.046512
37090;0.191489;0.553191;0.12766;0.021277;0.106383;0.0;0.0;0.0;0.0;0.0;0.0;0.0;0.0;0.0;0.0;0.0
37091;0.201923;0.596154;0.105769;0.067308;0.009615;0.0;0.0;0.0;0.0;0.0;0.0;0.0;0.0;0.0;0.0;0.019231
37092;0.238965;0.247336;0.289954;0.128615;0.082192;0.0;0.0;0.0;0.0;0.0;0.0;0.0;0.0;0.0;0.0;0.012938
37096;0.225352;0.528169;0.140845;0.06338;0.035211;0.0;0.0;0.0;0.0;0.0;0.0;0.0;0.0;0.0;0.0;0.007042
37097;0.241379;0.517241;0.068966;0.103448;0.068966;0.0;0.0;0.0;0.0;0.0;0.0;0.0;0.0;0.0;0.0;0.0
37098;0.530612;0.193878;0.132653;0.05102;0.086735;0.0;0.0;0.0;0.0;0.0;0.0;0.0;0.0;0.0;0.0;0.005102
37099;0.533333;0.355556;0.088889;0.022222;0.0;0.0;0.0;0.0;0.0;0.0;0.0;0.0;0.0;0.0;0.0;0.0
37100;0.035088;0.54386;0.070175;0.333333;0.017544;0.0;0.0;0.0;0.0;0.0;0.0;0.0;0.0;0.0;0.0;0.0
37101;0.222222;0.545455;0.151515;0.050505;0.010101;0.0;0.0;0.0;0.0;0.0;0.0;0.0;0.0;0.0;0.0;0.020202
37102;0.324219;0.320312;0.238281;0.085938;0.023438;0.0;0.0;0.0;0.0;0.0;0.0;0.0;0.0;0.0;0.0;0.007812
37103;0.284247;0.369863;0.195205;0.078767;0.058219;0.0;0.0;0.0;0.0;0.0;0.0;0.0;0.0;0.0;0.0;0.013699
37104;0.25;0.5625;0.1875;0.0;0.0;0.0;0.0;0.0;0.0;0.0;0.0;0.0;0.0;0.0;0.0;0.0
37106;0.25;0.467949;0.217949;0.038462;0.025641;0.0;0.0;0.0;0.0;0.0;0.0;0.0;0.0;0.0;0.0;0.0
37107;0.281434;0.396445;0.170682;0.082844;0.057726;0.0;0.0;0.0;0.0;0.0;0.0;0.0;0.0;0.0;0.0;0.01087
37108;0.236111;0.472222;0.194444;0.041667;0.041667;0.0;0.0;0.0;0.0;0.0;0.0;0.0;0.0;0.0;0.0;0.013889
37109;0.174603;0.515873;0.190476;0.119048;0.0;0.0;0.0;0.0;0.0;0.0;0.0;0.0;0.0;0.0;0.0;0.0
37110;0.371795;0.282051;0.282051;0.025641;0.038462;0.0;0.0;0.0;0.0;0.0;0.0;0.0;0.0;0.0;0.0;0.0
37112;0.271028;0.46729;0.17757;0.037383;0.037383;0.0;0.0;0.0;0.0;0.0;0.0;0.0;0.0;0.0;0.0;0.009346
37113;0.459559;0.356618;0.121324;0.036765;0.018382;0.0;0.0;0.0;0.0;0.0;0.0;0.0;0.0;0.0;0.0;0.007353
37114;0.277778;0.518519;0.12963;0.074074;0.0;0.0;0.0;0.0;0.0;0.0;0.0;0.0;0.0;0.0;0.0;0.0
37115;0.261538;0.4;0.338462;0.0;0.0;0.0;0.0;0.0;0.0;0.0;0.0;0.0;0.0;0.0;0.0;0.0
37116;0.22;0.5;0.14;0.04;0.1;0.0;0.0;0.0;0.0;0.0;0.0;0.0;0.0;0.0;0.0;0.0
37117;0.25;0.22963;0.25463;0.15;0.094444;0.0;0.0;0.0;0.0;0.0;0.0;0.0;0.0;0.0;0.0;0.021296
37118;0.289157;0.26506;0.349398;0.084337;0.0;0.0;0.0;0.0;0.0;0.0;0.0;0.0;0.0;0.0;0.0;0.012048
37119;0.571429;0.12987;0.116883;0.038961;0.142857;0.0;0.0;0.0;0.0;0.0;0.0;0.0;0.0;0.0;0.0;0.0
37120;0.276316;0.407895;0.144737;0.144737;0.013158;0.0;0.0;0.0;0.0;0.0;0.0;0.0;0.0;0.0;0.0;0.013158
37121;0.348371;0.310777;0.215539;0.067669;0.047619;0.0;0.0;0.0;0.0;0.0;0.0;0.0;0.0;0.0;0.0;0.010025
37122;0.316456;0.316456;0.234177;0.075949;0.044304;0.0;0.0;0.0;0.0;0.0;0.0;0.0;0.0;0.0;0.0;0.012658
37123;0.115702;0.520661;0.231405;0.107438;0.008264;0.0;0.0;0.0;0.0;0.0;0.0;0.0;0.0;0.0;0.0;0.016529
37124;0.348148;0.266667;0.2;0.074074;0.096296;0.0;0.0;0.0;0.0;0.0;0.0;0.0;0.0;0.0;0.0;0.014815
37125;0.258503;0.37415;0.210884;0.095238;0.054422;0.0;0.0;0.0;0.0;0.0;0.0;0.0;0.0;0.0;0.0;0.006803
37126;0.12;0.64;0.16;0.08;0.0;0.0;0.0;0.0;0.0;0.0;0.0;0.0;0.0;0.0;0.0;0.0
37127;0.347826;0.304348;0.173913;0.043478;0.130435;0.0;0.0;0.0;0.0;0.0;0.0;0.0;0.0;0.0;0.0;0.0
37128;0.452381;0.327381;0.071429;0.095238;0.053571;0.0;0.0;0.0;0.0;0.0;0.0;0.0;0.0;0.0;0.0;0.0
37129;0.35;0.294444;0.155556;0.072222;0.111111;0.0;0.0;0.0;0.0;0.0;0.0;0.0;0.0;0.0;0.0;0.016667
37130;0.113636;0.583333;0.189394;0.090909;0.015152;0.0;0.0;0.0;0.0;0.0;0.0;0.0;0.0;0.0;0.0;0.007576
37131;0.208;0.456;0.264;0.072;0.0;0.0;0.0;0.0;0.0;0.0;0.0;0.0;0.0;0.0;0.0;0.0
37132;0.400966;0.381643;0.091787;0.019324;0.096618;0.0;0.0;0.0;0.0;0.0;0.0;0.0;0.0;0.0;0.0;0.009662
37133;0.220588;0.338235;0.235294;0.132353;0.073529;0.0;0.0;0.0;0.0;0.0;0.0;0.0;0.0;0.0;0.0;0.0
37134;0.355072;0.224638;0.282609;0.072464;0.057971;0.0;0.0;0.0;0.0;0.0;0.0;0.0;0.0;0.0;0.0;0.007246
37135;0.323317;0.370192;0.207933;0.064904;0.028846;0.0;0.0;0.0;0.0;0.0;0.0;0.0;0.0;0.0;0.0;0.004808
37136;0.394737;0.281579;0.139474;0.134211;0.039474;0.0;0.0;0.0;0.0;0.0;0.0;0.0;0.0;0.0;0.0;0.010526
37137;0.070175;0.719298;0.140351;0.035088;0.017544;0.0;0.0;0.0;0.0;0.0;0.0;0.0;0.0;0.0;0.0;0.017544
37138;0.262821;0.461538;0.185897;0.044872;0.038462;0.0;0.0;0.0;0.0;0.0;0.0;0.0;0.0;0.0;0.0;0.00641
37139;0.258503;0.285714;0.231293;0.122449;0.095238;0.0;0.0;0.0;0.0;0.0;0.0;0.0;0.0;0.0;0.0;0.006803
37140;0.244275;0.409669;0.259542;0.063613;0.020356;0.0;0.0;0.0;0.0;0.0;0.0;0.0;0.0;0.0;0.0;0.002545
37141;0.44;0.33;0.07;0.04;0.12;0.0;0.0;0.0;0.0;0.0;0.0;0.0;0.0;0.0;0.0;0.0
37142;0.285347;0.264781;0.290488;0.079692;0.069409;0.0;0.0;0.0;0.0;0.0;0.0;0.0;0.0;0.0;0.0;0.010283
37143;0.335793;0.361624;0.188192;0.055351;0.04059;0.0;0.0;0.0;0.0;0.0;0.0;0.0;0.0;0.0;0.0;0.01845
37144;0.242424;0.398268;0.25974;0.056277;0.021645;0.0;0.0;0.0;0.0;0.0;0.0;0.0;0.0;0.0;0.0;0.021645
37145;0.401198;0.341317;0.167665;0.071856;0.017964;0.0;0.0;0.0;0.0;0.0;0.0;0.0;0.0;0.0;0.0;0.0
37146;0.131579;0.552632;0.236842;0.052632;0.026316;0.0;0.0;0.0;0.0;0.0;0.0;0.0;0.0;0.0;0.0;0.0
37147;0.349593;0.390244;0.138211;0.02439;0.097561;0.0;0.0;0.0;0.0;0.0;0.0;0.0;0.0;0.0;0.0;0.0
37148;0.206186;0.443299;0.206186;0.106529;0.034364;0.0;0.0;0.0;0.0;0.0;0.0;0.0;0.0;0.0;0.0;0.003436
37149;0.06;0.74;0.16;0.04;0.0;0.0;0.0;0.0;0.0;0.0;0.0;0.0;0.0;0.0;0.0;0.0
37150;0.0;0.774194;0.193548;0.032258;0.0;0.0;0.0;0.0;0.0;0.0;0.0;0.0;0.0;0.0;0.0;0.0
37151;0.157407;0.62037;0.166667;0.037037;0.009259;0.0;0.0;0.0;0.0;0.0;0.0;0.0;0.0;0.0;0.0;0.009259
37152;0.194553;0.466926;0.22179;0.066148;0.038911;0.0;0.0;0.0;0.0;0.0;0.0;0.0;0.0;0.0;0.0;0.011673
37154;0.129032;0.612903;0.172043;0.086022;0.0;0.0;0.0;0.0;0.0;0.0;0.0;0.0;0.0;0.0;0.0;0.0
37155;0.520833;0.1875;0.1875;0.083333;0.020833;0.0;0.0;0.0;0.0;0.0;0.0;0.0;0.0;0.0;0.0;0.0
37156;0.242094;0.371047;0.247013;0.087843;0.042867;0.0;0.0;0.0;0.0;0.0;0.0;0.0;0.0;0.0;0.0;0.009136
37157;0.548387;0.193548;0.112903;0.129032;0.016129;0.0;0.0;0.0;0.0;0.0;0.0;0.0;0.0;0.0;0.0;0.0
37158;0.304054;0.337838;0.108108;0.081081;0.162162;0.0;0.0;0.0;0.0;0.0;0.0;0.0;0.0;0.0;0.0;0.006757
37159;0.322034;0.389831;0.118644;0.135593;0.033898;0.0;0.0;0.0;0.0;0.0;0.0;0.0;0.0;0.0;0.0;0.0
37160;0.351499;0.367847;0.188011;0.040872;0.046322;0.0;0.0;0.0;0.0;0.0;0.0;0.0;0.0;0.0;0.0;0.00545
37161;0.197674;0.418605;0.337209;0.046512;0.0;0.0;0.0;0.0;0.0;0.0;0.0;0.0;0.0;0.0;0.0;0.0
37162;0.298507;0.365672;0.246269;0.059701;0.022388;0.0;0.0;0.0;0.0;0.0;0.0;0.0;0.0;0.0;0.0;0.007463
37163;0.083333;0.291667;0.333333;0.041667;0.25;0.0;0.0;0.0;0.0;0.0;0.0;0.0;0.0;0.0;0.0;0.0
37164;0.27907;0.238372;0.25;0.069767;0.156977;0.0;0.0;0.0;0.0;0.0;0.0;0.0;0.0;0.0;0.0;0.005814
37165;0.136364;0.636364;0.136364;0.090909;0.0;0.0;0.0;0.0;0.0;0.0;0.0;0.0;0.0;0.0;0.0;0.0
37166;0.295455;0.393939;0.25;0.037879;0.015152;0.0;0.0;0.0;0.0;0.0;0.0;0.0;0.0;0.0;0.0;0.007576
37167;0.478873;0.204225;0.126761;0.070423;0.112676;0.0;0.0;0.0;0.0;0.0;0.0;0.0;0.0;0.0;0.0;0.007042
37168;0.326996;0.311787;0.258555;0.053232;0.030418;0.0;0.0;0.0;0.0;0.0;0.0;0.0;0.0;0.0;0.0;0.019011
37169;0.368852;0.237705;0.286885;0.07377;0.032787;0.0;0.0;0.0;0.0;0.0;0.0;0.0;0.0;0.0;0.0;0.0
37170;0.265143;0.393143;0.201143;0.08;0.052571;0.0;0.0;0.0;0.0;0.0;0.0;0.0;0.0;0.0;0.0;0.008
37171;0.16791;0.563433;0.190299;0.048507;0.022388;0.0;0.0;0.0;0.0;0.0;0.0;0.0;0.0;0.0;0.0;0.007463
37172;0.210425;0.370656;0.262548;0.067568;0.079151;0.0;0.0;0.0;0.0;0.0;0.0;0.0;0.0;0.0;0.0;0.009653
37173;0.349241;0.353579;0.144252;0.092191;0.053145;0.0;0.0;0.0;0.0;0.0;0.0;0.0;0.0;0.0;0.0;0.007592
37174;0.358464;0.391181;0.156472;0.058321;0.031294;0.0;0.0;0.0;0.0;0.0;0.0;0.0;0.0;0.0;0.0;0.004267
37175;0.249135;0.474048;0.148789;0.065744;0.038062;0.0;0.0;0.0;0.0;0.0;0.0;0.0;0.0;0.0;0.0;0.024221
37176;0.319588;0.494845;0.154639;0.020619;0.010309;0.0;0.0;0.0;0.0;0.0;0.0;0.0;0.0;0.0;0.0;0.0
37177;0.257732;0.42268;0.108247;0.159794;0.030928;0.0;0.0;0.0;0.0;0.0;0.0;0.0;0.0;0.0;0.0;0.020619
37178;0.228571;0.485714;0.257143;0.028571;0.0;0.0;0.0;0.0;0.0;0.0;0.0;0.0;0.0;0.0;0.0;0.0
37179;0.29697;0.345455;0.254545;0.036364;0.048485;0.0;0.0;0.0;0.0;0.0;0.0;0.0;0.0;0.0;0.0;0.018182
37180;0.418605;0.44186;0.093023;0.046512;0.0;0.0;0.0;0.0;0.0;0.0;0.0;0.0;0.0;0.0;0.0;0.0
37181;0.329114;0.386076;0.202532;0.056962;0.018987;0.0;0.0;0.0;0.0;0.0;0.0;0.0;0.0;0.0;0.0;0.006329
37182;0.043478;0.413043;0.391304;0.065217;0.086957;0.0;0.0;0.0;0.0;0.0;0.0;0.0;0.0;0.0;0.0;0.0
37183;0.370229;0.377863;0.167939;0.057252;0.022901;0.0;0.0;0.0;0.0;0.0;0.0;0.0;0.0;0.0;0.0;0.003817
37184;0.289773;0.482955;0.113636;0.085227;0.028409;0.0;0.0;0.0;0.0;0.0;0.0;0.0;0.0;0.0;0.0;0.0
37185;0.207756;0.33518;0.263158;0.108033;0.066482;0.0;0.0;0.0;0.0;0.0;0.0;0.0;0.0;0.0;0.0;0.019391
37186;0.294118;0.470588;0.044118;0.161765;0.029412;0.0;0.0;0.0;0.0;0.0;0.0;0.0;0.0;0.0;0.0;0.0
37187;0.330827;0.363409;0.225564;0.067669;0.010025;0.0;0.0;0.0;0.0;0.0;0.0;0.0;0.0;0.0;0.0;0.002506
37188;0.313725;0.343137;0.215686;0.078431;0.039216;0.0;0.0;0.0;0.0;0.0;0.0;0.0;0.0;0.0;0.0;0.009804
37189;0.410959;0.30137;0.164384;0.09589;0.013699;0.0;0.0;0.0;0.0;0.0;0.0;0.0;0.0;0.0;0.0;0.013699
37190;0.275362;0.594203;0.094203;0.028986;0.007246;0.0;0.0;0.0;0.0;0.0;0.0;0.0;0.0;0.0;0.0;0.0
37191;0.267857;0.571429;0.125;0.017857;0.0;0.0;0.0;0.0;0.0;0.0;0.0;0.0;0.0;0.0;0.0;0.017857
37192;0.276923;0.261538;0.225641;0.123077;0.082051;0.0;0.0;0.0;0.0;0.0;0.0;0.0;0.0;0.0;0.0;0.030769
37193;0.379032;0.254032;0.274194;0.052419;0.03629;0.0;0.0;0.0;0.0;0.0;0.0;0.0;0.0;0.0;0.0;0.004032
37194;0.40625;0.33125;0.10625;0.05;0.09375;0.0;0.0;0.0;0.0;0.0;0.0;0.0;0.0;0.0;0.0;0.0125
37195;0.645161;0.193548;0.032258;0.0;0.129032;0.0;0.0;0.0;0.0;0.0;0.0;0.0;0.0;0.0;0.0;0.0
37196;0.34;0.52;0.08;0.06;0.0;0.0;0.0;0.0;0.0;0.0;0.0;0.0;0.0;0.0;0.0;0.0
37197;0.230769;0.423077;0.173077;0.096154;0.076923;0.0;0.0;0.0;0.0;0.0;0.0;0.0;0.0;0.0;0.0;0.0
37198;0.429577;0.288732;0.077465;0.070423;0.105634;0.0;0.0;0.0;0.0;0.0;0.0;0.0;0.0;0.0;0.0;0.028169
37199;0.411111;0.222222;0.177778;0.166667;0.022222;0.0;0.0;0.0;0.0;0.0;0.0;0.0;0.0;0.0;0.0;0.0
37200;0.374046;0.312977;0.259542;0.053435;0.0;0.0;0.0;0.0;0.0;0.0;0.0;0.0;0.0;0.0;0.0;0.0
37201;0.303571;0.327381;0.244048;0.053571;0.053571;0.0;0.0;0.0;0.0;0.0;0.0;0.0;0.0;0.0;0.0;0.017857
37202;0.294274;0.246338;0.234354;0.098535;0.109188;0.0;0.0;0.0;0.0;0.0;0.0;0.0;0.0;0.0;0.0;0.01731
37203;0.321429;0.464286;0.107143;0.044643;0.0625;0.0;0.0;0.0;0.0;0.0;0.0;0.0;0.0;0.0;0.0;0.0
37204;0.28655;0.473684;0.192982;0.040936;0.005848;0.0;0.0;0.0;0.0;0.0;0.0;0.0;0.0;0.0;0.0;0.0
37205;0.357143;0.24026;0.266234;0.019481;0.097403;0.0;0.0;0.0;0.0;0.0;0.0;0.0;0.0;0.0;0.0;0.019481
37206;0.296296;0.333333;0.203704;0.092593;0.037037;0.0;0.0;0.0;0.0;0.0;0.0;0.0;0.0;0.0;0.0;0.037037
37207;0.161017;0.288136;0.322034;0.101695;0.097458;0.0;0.0;0.0;0.0;0.0;0.0;0.0;0.0;0.0;0.0;0.029661
37208;0.244898;0.530612;0.142857;0.040816;0.040816;0.0;0.0;0.0;0.0;0.0;0.0;0.0;0.0;0.0;0.0;0.0
37209;0.428571;0.194139;0.230769;0.047619;0.087912;0.0;0.0;0.0;0.0;0.0;0.0;0.0;0.0;0.0;0.0;0.010989
37211;0.202703;0.425676;0.25;0.081081;0.033784;0.0;0.0;0.0;0.0;0.0;0.0;0.0;0.0;0.0;0.0;0.006757
37212;0.289474;0.328947;0.184211;0.078947;0.118421;0.0;0.0;0.0;0.0;0.0;0.0;0.0;0.0;0.0;0.0;0.0
37213;0.125;0.4375;0.234375;0.03125;0.125;0.0;0.0;0.0;0.0;0.0;0.0;0.0;0.0;0.0;0.0;0.046875
37214;0.227273;0.393939;0.257576;0.045455;0.060606;0.0;0.0;0.0;0.0;0.0;0.0;0.0;0.0;0.0;0.0;0.015152
37215;0.348315;0.370787;0.179775;0.011236;0.022472;0.0;0.0;0.0;0.0;0.0;0.0;0.0;0.0;0.0;0.0;0.067416
37216;0.306306;0.441441;0.171171;0.076577;0.004505;0.0;0.0;0.0;0.0;0.0;0.0;0.0;0.0;0.0;0.0;0.0
37217;0.45;0.325;0.075;0.025;0.125;0.0;0.0;0.0;0.0;0.0;0.0;0.0;0.0;0.0;0.0;0.0
37218;0.086957;0.652174;0.173913;0.043478;0.043478;0.0;0.0;0.0;0.0;0.0;0.0;0.0;0.0;0.0;0.0;0.0
37219;0.238095;0.357143;0.297619;0.047619;0.059524;0.0;0.0;0.0;0.0;0.0;0.0;0.0;0.0;0.0;0.0;0.0
37221;0.443137;0.337255;0.113725;0.039216;0.047059;0.0;0.0;0.0;0.0;0.0;0.0;0.0;0.0;0.0;0.0;0.019608
37222;0.188679;0.509434;0.132075;0.075472;0.09434;0.0;0.0;0.0;0.0;0.0;0.0;0.0;0.0;0.0;0.0;0.0
37223;0.364865;0.459459;0.094595;0.054054;0.027027;0.0;0.0;0.0;0.0;0.0;0.0;0.0;0.0;0.0;0.0;0.0
37224;0.192053;0.496689;0.271523;0.019868;0.013245;0.0;0.0;0.0;0.0;0.0;0.0;0.0;0.0;0.0;0.0;0.006623
37225;0.256757;0.472973;0.121622;0.081081;0.054054;0.0;0.0;0.0;0.0;0.0;0.0;0.0;0.0;0.0;0.0;0.013514
37226;0.126126;0.621622;0.144144;0.09009;0.018018;0.0;0.0;0.0;0.0;0.0;0.0;0.0;0.0;0.0;0.0;0.0
37228;0.402299;0.356322;0.122605;0.072797;0.042146;0.0;0.0;0.0;0.0;0.0;0.0;0.0;0.0;0.0;0.0;0.003831
37229;0.158416;0.435644;0.326733;0.069307;0.009901;0.0;0.0;0.0;0.0;0.0;0.0;0.0;0.0;0.0;0.0;0.0
37230;0.371257;0.305389;0.173653;0.071856;0.071856;0.0;0.0;0.0;0.0;0.0;0.0;0.0;0.0;0.0;0.0;0.005988
37231;0.308989;0.359551;0.179775;0.061798;0.061798;0.0;0.0;0.0;0.0;0.0;0.0;0.0;0.0;0.0;0.0;0.02809
37232;0.222591;0.518272;0.129568;0.083056;0.043189;0.0;0.0;0.0;0.0;0.0;0.0;0.0;0.0;0.0;0.0;0.003322
37233;0.447368;0.210526;0.157895;0.052632;0.078947;0.0;0.0;0.0;0.0;0.0;0.0;0.0;0.0;0.0;0.0;0.052632
37234;0.407407;0.365079;0.153439;0.047619;0.026455;0.0;0.0;0.0;0.0;0.0;0.0;0.0;0.0;0.0;0.0;0.0
37235;0.242038;0.267516;0.299363;0.127389;0.050955;0.0;0.0;0.0;0.0;0.0;0.0;0.0;0.0;0.0;0.0;0.012739
37236;0.296296;0.333333;0.271605;0.049383;0.037037;0.0;0.0;0.0;0.0;0.0;0.0;0.0;0.0;0.0;0.0;0.012346
37237;0.394089;0.221675;0.216749;0.103448;0.054187;0.0;0.0;0.0;0.0;0.0;0.0;0.0;0.0;0.0;0.0;0.009852
37238;0.4;0.2625;0.1125;0.0875;0.1125;0.0;0.0;0.0;0.0;0.0;0.0;0.0;0.0;0.0;0.0;0.025
37239;0.27907;0.377907;0.081395;0.081395;0.162791;0.0;0.0;0.0;0.0;0.0;0.0;0.0;0.0;0.0;0.0;0.017442
37240;0.259843;0.286614;0.253543;0.127559;0.062992;0.0;0.0;0.0;0.0;0.0;0.0;0.0;0.0;0.0;0.0;0.009449
37241;0.198276;0.525862;0.215517;0.043103;0.008621;0.0;0.0;0.0;0.0;0.0;0.0;0.0;0.0;0.0;0.0;0.008621
37242;0.206897;0.362069;0.275862;0.103448;0.034483;0.0;0.0;0.0;0.0;0.0;0.0;0.0;0.0;0.0;0.0;0.017241
37243;0.151515;0.606061;0.181818;0.045455;0.0;0.0;0.0;0.0;0.0;0.0;0.0;0.0;0.0;0.0;0.0;0.015152
37244;0.177083;0.385417;0.177083;0.145833;0.083333;0.0;0.0;0.0;0.0;0.0;0.0;0.0;0.0;0.0;0.0;0.03125
37245;0.384259;0.444444;0.097222;0.041667;0.009259;0.0;0.0;0.0;0.0;0.0;0.0;0.0;0.0;0.0;0.0;0.023148
37246;0.3318;0.324222;0.161028;0.107713;0.061976;0.0;0.0;0.0;0.0;0.0;0.0;0.0;0.0;0.0;0.0;0.013261
37247;0.15625;0.421875;0.304688;0.070312;0.046875;0.0;0.0;0.0;0.0;0.0;0.0;0.0;0.0;0.0;0.0;0.0
37248;0.147826;0.513043;0.226087;0.052174;0.043478;0.0;0.0;0.0;0.0;0.0;0.0;0.0;0.0;0.0;0.0;0.017391
37249;0.285714;0.464286;0.071429;0.071429;0.071429;0.0;0.0;0.0;0.0;0.0;0.0;0.0;0.0;0.0;0.0;0.035714
37250;0.530806;0.241706;0.137441;0.028436;0.061611;0.0;0.0;0.0;0.0;0.0;0.0;0.0;0.0;0.0;0.0;0.0
37251;0.146667;0.32;0.373333;0.133333;0.013333;0.0;0.0;0.0;0.0;0.0;0.0;0.0;0.0;0.0;0.0;0.013333
37252;0.15625;0.4375;0.3125;0.09375;0.0;0.0;0.0;0.0;0.0;0.0;0.0;0.0;0.0;0.0;0.0;0.0
37253;0.342593;0.333333;0.157407;0.092593;0.055556;0.0;0.0;0.0;0.0;0.0;0.0;0.0;0.0;0.0;0.0;0.018519
37254;0.288889;0.392593;0.162963;0.059259;0.059259;0.0;0.0;0.0;0.0;0.0;0.0;0.0;0.0;0.0;0.0;0.037037
37255;0.266667;0.466667;0.2;0.066667;0.0;0.0;0.0;0.0;0.0;0.0;0.0;0.0;0.0;0.0;0.0;0.0
37256;0.311475;0.270492;0.196721;0.163934;0.057377;0.0;0.0;0.0;0.0;0.0;0.0;0.0;0.0;0.0;0.0;0.0
37257;0.142857;0.542857;0.2;0.057143;0.057143;0.0;0.0;0.0;0.0;0.0;0.0;0.0;0.0;0.0;0.0;0.0
37258;0.32967;0.373626;0.153846;0.131868;0.0;0.0;0.0;0.0;0.0;0.0;0.0;0.0;0.0;0.0;0.0;0.010989
37259;0.111111;0.62963;0.222222;0.0;0.0;0.0;0.0;0.0;0.0;0.0;0.0;0.0;0.0;0.0;0.0;0.037037
37260;0.385321;0.229358;0.266055;0.045872;0.073394;0.0;0.0;0.0;0.0;0.0;0.0;0.0;0.0;0.0;0.0;0.0
37261;0.281879;0.315436;0.255034;0.053691;0.09396;0.0;0.0;0.0;0.0;0.0;0.0;0.0;0.0;0.0;0.0;0.0
37262;0.058824;0.627451;0.294118;0.019608;0.0;0.0;0.0;0.0;0.0;0.0;0.0;0.0;0.0;0.0;0.0;0.0
37263;0.371429;0.352381;0.119048;0.052381;0.095238;0.0;0.0;0.0;0.0;0.0;0.0;0.0;0.0;0.0;0.0;0.009524
37264;0.205128;0.410256;0.179487;0.102564;0.102564;0.0;0.0;0.0;0.0;0.0;0.0;0.0;0.0;0.0;0.0;0.0
37265;0.54321;0.240741;0.123457;0.049383;0.04321;0.0;0.0;0.0;0.0;0.0;0.0;0.0;0.0;0.0;0.0;0.0
37266;0.136364;0.545455;0.204545;0.045455;0.068182;0.0;0.0;0.0;0.0;0.0;0.0;0.0;0.0;0.0;0.0;0.0
37267;0.325581;0.325581;0.170543;0.069767;0.077519;0.0;0.0;0.0;0.0;0.0;0.0;0.0;0.0;0.0;0.0;0.031008
37268;0.2;0.416667;0.216667;0.15;0.0;0.0;0.0;0.0;0.0;0.0;0.0;0.0;0.0;0.0;0.0;0.016667
37269;0.4;0.32;0.163636;0.054545;0.061818;0.0;0.0;0.0;0.0;0.0;0.0;0.0;0.0;0.0;0.0;0.0
37270;0.283582;0.410448;0.223881;0.059701;0.007463;0.0;0.0;0.0;0.0;0.0;0.0;0.0;0.0;0.0;0.0;0.014925
37271;0.34375;0.367188;0.210938;0.054688;0.011719;0.0;0.0;0.0;0.0;0.0;0.0;0.0;0.0;0.0;0.0;0.011719
37272;0.305263;0.389474;0.210526;0.073684;0.010526;0.0;0.0;0.0;0.0;0.0;0.0;0.0;0.0;0.0;0.0;0.010526
37273;0.196429;0.732143;0.017857;0.035714;0.017857;0.0;0.0;0.0;0.0;0.0;0.0;0.0;0.0;0.0;0.0;0.0
37274;0.305012;0.351857;0.156638;0.091153;0.081663;0.0;0.0;0.0;0.0;0.0;0.0;0.0;0.0;0.0;0.0;0.013677
37275;0.492537;0.402985;0.074627;0.014925;0.014925;0.0;0.0;0.0;0.0;0.0;0.0;0.0;0.0;0.0;0.0;0.0
37276;0.130435;0.478261;0.206522;0.163043;0.021739;0.0;0.0;0.0;0.0;0.0;0.0;0.0;0.0;0.0;0.0;0.0
37277;0.2;0.472727;0.181818;0.109091;0.036364;0.0;0.0;0.0;0.0;0.0;0.0;0.0;0.0;0.0;0.0;0.0
37278;0.219251;0.231729;0.269162;0.153298;0.112299;0.0;0.0;0.0;0.0;0.0;0.0;0.0;0.0;0.0;0.0;0.01426
37279;0.296218;0.428571;0.165966;0.07563;0.027311;0.0;0.0;0.0;0.0;0.0;0.0;0.0;0.0;0.0;0.0;0.006303
37280;0.195652;0.630435;0.130435;0.021739;0.021739;0.0;0.0;0.0;0.0;0.0;0.0;0.0;0.0;0.0;0.0;0.0
37281;0.407407;0.444444;0.037037;0.037037;0.074074;0.0;0.0;0.0;0.0;0.0;0.0;0.0;0.0;0.0;0.0;0.0
37282;0.3125;0.335938;0.242188;0.085938;0.015625;0.0;0.0;0.0;0.0;0.0;0.0;0.0;0.0;0.0;0.0;0.007812
37283;0.325301;0.39759;0.180723;0.060241;0.036145;0.0;0.0;0.0;0.0;0.0;0.0;0.0;0.0;0.0;0.0;0.0
37284;0.3;0.377273;0.186364;0.054545;0.081818;0.0;0.0;0.0;0.0;0.0;0.0;0.0;0.0;0.0;0.0;0.0
37285;0.340741;0.374074;0.177778;0.040741;0.062963;0.0;0.0;0.0;0.0;0.0;0.0;0.0;0.0;0.0;0.0;0.003704
37286;0.437037;0.274074;0.096296;0.014815;0.17037;0.0;0.0;0.0;0.0;0.0;0.0;0.0;0.0;0.0;0.0;0.007407
37287;0.235;0.41;0.26;0.08;0.01;0.0;0.0;0.0;0.0;0.0;0.0;0.0;0.0;0.0;0.0;0.005
37288;0.266355;0.327103;0.28972;0.070093;0.028037;0.0;0.0;0.0;0.0;0.0;0.0;0.0;0.0;0.0;0.0;0.018692
37289;0.243056;0.444444;0.1875;0.097222;0.013889;0.0;0.0;0.0;0.0;0.0;0.0;0.0;0.0;0.0;0.0;0.013889
37290;0.320755;0.386792;0.141509;0.066038;0.066038;0.0;0.0;0.0;0.0;0.0;0.0;0.0;0.0;0.0;0.0;0.018868
37291;0.282609;0.309783;0.255435;0.086957;0.059783;0.0;0.0;0.0;0.0;0.0;0.0;0.0;0.0;0.0;0.0;0.005435
37292;0.153846;0.461538;0.153846;0.184615;0.046154;0.0;0.0;0.0;0.0;0.0;0.0;0.0;0.0;0.0;0.0;0.0
37293;0.268657;0.462687;0.208955;0.029851;0.014925;0.0;0.0;0.0;0.0;0.0;0.0;0.0;0.0;0.0;0.0;0.014925
37294;0.29541;0.30188;0.186768;0.098022;0.085693;0.0;0.0;0.0;0.0;0.0;0.0;0.0;0.0;0.0;0.0;0.032227
37296;0.438095;0.404762;0.1;0.038095;0.019048;0.0;0.0;0.0;0.0;0.0;0.0;0.0;0.0;0.0;0.0;0.0
37297;0.292929;0.430976;0.212121;0.040404;0.020202;0.0;0.0;0.0;0.0;0.0;0.0;0.0;0.0;0.0;0.0;0.003367
37298;0.293578;0.422018;0.220183;0.036697;0.018349;0.0;0.0;0.0;0.0;0.0;0.0;0.0;0.0;0.0;0.0;0.009174
37299;0.217687;0.394558;0.285714;0.040816;0.061224;0.0;0.0;0.0;0.0;0.0;0.0;0.0;0.0;0.0;0.0;0.0
37300;0.376812;0.321739;0.121739;0.072464;0.101449;0.0;0.0;0.0;0.0;0.0;0.0;0.0;0.0;0.0;0.0;0.005797
37301;0.269841;0.428571;0.253968;0.047619;0.0;0.0;0.0;0.0;0.0;0.0;0.0;0.0;0.0;0.0;0.0;0.0
37302;0.27673;0.371069;0.220126;0.100629;0.025157;0.0;0.0;0.0;0.0;0.0;0.0;0.0;0.0;0.0;0.0;0.006289
37303;0.318966;0.336207;0.172414;0.146552;0.0;0.0;0.0;0.0;0.0;0.0;0.0;0.0;0.0;0.0;0.0;0.025862
37304;0.273684;0.515789;0.168421;0.031579;0.010526;0.0;0.0;0.0;0.0;0.0;0.0;0.0;0.0;0.0;0.0;0.0
37305;0.271676;0.358382;0.196532;0.063584;0.086705;0.0;0.0;0.0;0.0;0.0;0.0;0.0;0.0;0.0;0.0;0.023121
37306;0.225564;0.413534;0.240602;0.097744;0.015038;0.0;0.0;0.0;0.0;0.0;0.0;0.0;0.0;0.0;0.0;0.007519
37307;0.266667;0.433333;0.188889;0.066667;0.044444;0.0;0.0;0.0;0.0;0.0;0.0;0.0;0.0;0.0;0.0;0.0
37309;0.142857;0.47619;0.095238;0.095238;0.190476;0.0;0.0;0.0;0.0;0.0;0.0;0.0;0.0;0.0;0.0;0.0
37310;0.491071;0.276786;0.089286;0.080357;0.0625;0.0;0.0;0.0;0.0;0.0;0.0;0.0;0.0;0.0;0.0;0.0
37311;0.303226;0.445161;0.096774;0.083871;0.051613;0.0;0.0;0.0;0.0;0.0;0.0;0.0;0.0;0.0;0.0;0.019355
37312;0.260638;0.430851;0.218085;0.058511;0.031915;0.0;0.0;0.0;0.0;0.0;0.0;0.0;0.0;0.0;0.0;0.0
37313;0.262087;0.391858;0.251908;0.066158;0.020356;0.0;0.0;0.0;0.0;0.0;0.0;0.0;0.0;0.0;0.0;0.007634
37314;0.184615;0.553846;0.138462;0.061538;0.061538;0.0;0.0;0.0;0.0;0.0;0.0;0.0;0.0;0.0;0.0;0.0
37315;0.171875;0.5625;0.140625;0.046875;0.0625;0.0;0.0;0.0;0.0;0.0;0.0;0.0;0.0;0.0;0.0;0.015625
37316;0.228464;0.40824;0.241573;0.074906;0.031835;0.0;0.0;0.0;0.0;0.0;0.0;0.0;0.0;0.0;0.0;0.014981
37317;0.331731;0.442308;0.139423;0.067308;0.014423;0.0;0.0;0.0;0.0;0.0;0.0;0.0;0.0;0.0;0.0;0.004808
37318;0.219697;0.522727;0.151515;0.083333;0.022727;0.0;0.0;0.0;0.0;0.0;0.0;0.0;0.0;0.0;0.0;0.0
37319;0.419355;0.258065;0.193548;0.080645;0.048387;0.0;0.0;0.0;0.0;0.0;0.0;0.0;0.0;0.0;0.0;0.0
37320;0.301587;0.380952;0.285714;0.0;0.031746;0.0;0.0;0.0;0.0;0.0;0.0;0.0;0.0;0.0;0.0;0.0
37321;0.33913;0.391304;0.121739;0.078261;0.06087;0.0;0.0;0.0;0.0;0.0;0.0;0.0;0.0;0.0;0.0;0.008696
37322;0.334865;0.250821;0.217334;0.078135;0.108995;0.0;0.0;0.0;0.0;0.0;0.0;0.0;0.0;0.0;0.0;0.009849
37323;0.225;0.41875;0.296875;0.021875;0.028125;0.0;0.0;0.0;0.0;0.0;0.0;0.0;0.0;0.0;0.0;0.009375
37324;0.284519;0.460251;0.171548;0.075314;0.004184;0.0;0.0;0.0;0.0;0.0;0.0;0.0;0.0;0.0;0.0;0.004184
37325;0.269841;0.507937;0.126984;0.015873;0.063492;0.0;0.0;0.0;0.0;0.0;0.0;0.0;0.0;0.0;0.0;0.015873
37327;0.372414;0.317241;0.151724;0.096552;0.055172;0.0;0.0;0.0;0.0;0.0;0.0;0.0;0.0;0.0;0.0;0.006897
37328;0.330275;0.330275;0.110092;0.036697;0.192661;0.0;0.0;0.0;0.0;0.0;0.0;0.0;0.0;0.0;0.0;0.0
37329;0.037037;0.518519;0.407407;0.0;0.0;0.0;0.0;0.0;0.0;0.0;0.0;0.0;0.0;0.0;0.0;0.037037
37330;0.298643;0.339367;0.271493;0.040724;0.031674;0.0;0.0;0.0;0.0;0.0;0.0;0.0;0.0;0.0;0.0;0.0181
37331;0.276786;0.383929;0.267857;0.0625;0.008929;0.0;0.0;0.0;0.0;0.0;0.0;0.0;0.0;0.0;0.0;0.0
37332;0.183673;0.55102;0.102041;0.122449;0.040816;0.0;0.0;0.0;0.0;0.0;0.0;0.0;0.0;0.0;0.0;0.0
37333;0.204918;0.377049;0.303279;0.07377;0.040984;0.0;0.0;0.0;0.0;0.0;0.0;0.0;0.0;0.0;0.0;0.0
37334;0.233333;0.5;0.233333;0.033333;0.0;0.0;0.0;0.0;0.0;0.0;0.0;0.0;0.0;0.0;0.0;0.0
37335;0.23741;0.456835;0.230216;0.039568;0.02518;0.0;0.0;0.0;0.0;0.0;0.0;0.0;0.0;0.0;0.0;0.010791
37336;0.365854;0.365854;0.170732;0.04878;0.0;0.0;0.0;0.0;0.0;0.0;0.0;0.0;0.0;0.0;0.0;0.04878
37337;0.067961;0.524272;0.252427;0.15534;0.0;0.0;0.0;0.0;0.0;0.0;0.0;0.0;0.0;0.0;0.0;0.0
37338;0.155172;0.517241;0.172414;0.068966;0.068966;0.0;0.0;0.0;0.0;0.0;0.0;0.0;0.0;0.0;0.0;0.017241
37339;0.280374;0.457944;0.182243;0.028037;0.03271;0.0;0.0;0.0;0.0;0.0;0.0;0.0;0.0;0.0;0.0;0.018692
37340;0.177083;0.520833;0.239583;0.041667;0.0;0.0;0.0;0.0;0.0;0.0;0.0;0.0;0.0;0.0;0.0;0.020833
37341;0.241379;0.413793;0.137931;0.034483;0.172414;0.0;0.0;0.0;0.0;0.0;0.0;0.0;0.0;0.0;0.0;0.0
37342;0.225806;0.360215;0.193548;0.134409;0.053763;0.0;0.0;0.0;0.0;0.0;0.0;0.0;0.0;0.0;0.0;0.032258
37343;0.238095;0.285714;0.214286;0.071429;0.142857;0.0;0.0;0.0;0.0;0.0;0.0;0.0;0.0;0.0;0.0;0.047619
37344;0.324138;0.337931;0.213793;0.096552;0.013793;0.0;0.0;0.0;0.0;0.0;0.0;0.0;0.0;0.0;0.0;0.013793
37345;0.292035;0.362832;0.212389;0.026549;0.088496;0.0;0.0;0.0;0.0;0.0;0.0;0.0;0.0;0.0;0.0;0.017699
37346;0.23301;0.524272;0.145631;0.063107;0.024272;0.0;0.0;0.0;0.0;0.0;0.0;0.0;0.0;0.0;0.0;0.009709
37347;0.27381;0.267857;0.25;0.077381;0.119048;0.0;0.0;0.0;0.0;0.0;0.0;0.0;0.0;0.0;0.0;0.011905
37348;0.118421;0.605263;0.210526;0.039474;0.026316;0.0;0.0;0.0;0.0;0.0;0.0;0.0;0.0;0.0;0.0;0.0
37349;0.189655;0.517241;0.155172;0.051724;0.0;0.0;0.0;0.0;0.0;0.0;0.0;0.0;0.0;0.0;0.0;0.086207
37350;0.205128;0.461538;0.157509;0.128205;0.03663;0.0;0.0;0.0;0.0;0.0;0.0;0.0;0.0;0.0;0.0;0.010989
37351;0.345133;0.39823;0.19469;0.044248;0.013274;0.0;0.0;0.0;0.0;0.0;0.0;0.0;0.0;0.0;0.0;0.004425
37352;0.302632;0.296053;0.256579;0.085526;0.026316;0.0;0.0;0.0;0.0;0.0;0.0;0.0;0.0;0.0;0.0;0.032895
37353;0.35;0.425;0.1625;0.0;0.0;0.0;0.0;0.0;0.0;0.0;0.0;0.0;0.0;0.0;0.0;0.0625
37354;0.27637;0.280248;0.224405;0.104964;0.09333;0.0;0.0;0.0;0.0;0.0;0.0;0.0;0.0;0.0;0.0;0.020683
37355;0.226891;0.512605;0.092437;0.07563;0.084034;0.0;0.0;0.0;0.0;0.0;0.0;0.0;0.0;0.0;0.0;0.008403
37356;0.293103;0.517241;0.086207;0.086207;0.017241;0.0;0.0;0.0;0.0;0.0;0.0;0.0;0.0;0.0;0.0;0.0
37357;0.335079;0.397906;0.172775;0.041885;0.041885;0.0;0.0;0.0;0.0;0.0;0.0;0.0;0.0;0.0;0.0;0.010471
37358;0.145161;0.467742;0.193548;0.096774;0.08871;0.0;0.0;0.0;0.0;0.0;0.0;0.0;0.0;0.0;0.0;0.008065
37359;0.213592;0.553398;0.097087;0.087379;0.029126;0.0;0.0;0.0;0.0;0.0;0.0;0.0;0.0;0.0;0.0;0.019417
37360;0.291045;0.373134;0.19403;0.097015;0.022388;0.0;0.0;0.0;0.0;0.0;0.0;0.0;0.0;0.0;0.0;0.022388
37361;0.113208;0.603774;0.169811;0.09434;0.018868;0.0;0.0;0.0;0.0;0.0;0.0;0.0;0.0;0.0;0.0;0.0
37362;0.235782;0.300059;0.242891;0.125592;0.080273;0.0;0.0;0.0;0.0;0.0;0.0;0.0;0.0;0.0;0.0;0.015403
37363;0.3875;0.425;0.15;0.025;0.0125;0.0;0.0;0.0;0.0;0.0;0.0;0.0;0.0;0.0;0.0;0.0
37364;0.35;0.416;0.122;0.07;0.036;0.0;0.0;0.0;0.0;0.0;0.0;0.0;0.0;0.0;0.0;0.006
37365;0.214876;0.561983;0.157025;0.041322;0.008264;0.0;0.0;0.0;0.0;0.0;0.0;0.0;0.0;0.0;0.0;0.016529
37366;0.258065;0.548387;0.096774;0.032258;0.064516;0.0;0.0;0.0;0.0;0.0;0.0;0.0;0.0;0.0;0.0;0.0
37367;0.205674;0.546099;0.141844;0.092199;0.0;0.0;0.0;0.0;0.0;0.0;0.0;0.0;0.0;0.0;0.0;0.014184
37368;0.0;0.545455;0.181818;0.090909;0.181818;0.0;0.0;0.0;0.0;0.0;0.0;0.0;0.0;0.0;0.0;0.0
37369;0.308642;0.345679;0.197531;0.074074;0.061728;0.0;0.0;0.0;0.0;0.0;0.0;0.0;0.0;0.0;0.0;0.012346
37370;0.182979;0.506383;0.161702;0.080851;0.055319;0.0;0.0;0.0;0.0;0.0;0.0;0.0;0.0;0.0;0.0;0.012766
37371;0.374194;0.4;0.212903;0.012903;0.0;0.0;0.0;0.0;0.0;0.0;0.0;0.0;0.0;0.0;0.0;0.0
37372;0.346939;0.346939;0.22449;0.05102;0.030612;0.0;0.0;0.0;0.0;0.0;0.0;0.0;0.0;0.0;0.0;0.0
37373;0.477169;0.269406;0.10274;0.06621;0.079909;0.0;0.0;0.0;0.0;0.0;0.0;0.0;0.0;0.0;0.0;0.004566
37374;0.348276;0.371264;0.195402;0.056322;0.022989;0.0;0.0;0.0;0.0;0.0;0.0;0.0;0.0;0.0;0.0;0.005747
37375;0.500971;0.306796;0.093204;0.052427;0.042718;0.0;0.0;0.0;0.0;0.0;0.0;0.0;0.0;0.0;0.0;0.003883
37376;0.244128;0.436299;0.191459;0.086121;0.037722;0.0;0.0;0.0;0.0;0.0;0.0;0.0;0.0;0.0;0.0;0.00427
37377;0.260116;0.421965;0.144509;0.121387;0.028902;0.0;0.0;0.0;0.0;0.0;0.0;0.0;0.0;0.0;0.0;0.023121
37378;0.296296;0.37037;0.240741;0.037037;0.018519;0.0;0.0;0.0;0.0;0.0;0.0;0.0;0.0;0.0;0.0;0.037037
37379;0.30303;0.30303;0.272727;0.075758;0.030303;0.0;0.0;0.0;0.0;0.0;0.0;0.0;0.0;0.0;0.0;0.015152
37380;0.394737;0.131579;0.263158;0.078947;0.105263;0.0;0.0;0.0;0.0;0.0;0.0;0.0;0.0;0.0;0.0;0.026316
37381;0.247312;0.505376;0.182796;0.032258;0.021505;0.0;0.0;0.0;0.0;0.0;0.0;0.0;0.0;0.0;0.0;0.010753
37382;0.443548;0.467742;0.056452;0.016129;0.008065;0.0;0.0;0.0;0.0;0.0;0.0;0.0;0.0;0.0;0.0;0.008065
38001;0.332929;0.175005;0.157271;0.055628;0.155591;0.0;0.0;0.0;0.0;0.0;0.0;0.100616;0.0;0.0;0.0;0.022961
38002;0.496441;0.16726;0.078292;0.017794;0.08363;0.0;0.0;0.0;0.0;0.0;0.0;0.144128;0.0;0.0;0.0;0.012456
38003;0.446328;0.20565;0.088136;0.038418;0.108475;0.0;0.0;0.0;0.0;0.0;0.0;0.097175;0.0;0.0;0.0;0.015819
38004;0.317244;0.174187;0.12347;0.04687;0.162994;0.0;0.0;0.0;0.0;0.0;0.0;0.152851;0.0;0.0;0.0;0.022385
38005;0.347653;0.131022;0.119362;0.030377;0.13409;0.0;0.0;0.0;0.0;0.0;0.0;0.217245;0.0;0.0;0.0;0.020252
38006;0.308582;0.192272;0.173147;0.048592;0.148997;0.0;0.0;0.0;0.0;0.0;0.0;0.10504;0.0;0.0;0.0;0.023369
38007;0.324038;0.334615;0.081731;0.045192;0.069231;0.0;0.0;0.0;0.0;0.0;0.0;0.135577;0.0;0.0;0.0;0.009615
38008;0.287949;0.241285;0.076585;0.044469;0.103212;0.0;0.0;0.0;0.0;0.0;0.0;0.230305;0.0;0.0;0.0;0.016195
38009;0.256272;0.285305;0.095341;0.039785;0.130108;0.0;0.0;0.0;0.0;0.0;0.0;0.180645;0.0;0.0;0.0;0.012545
38010;0.382219;0.195679;0.103033;0.029913;0.177815;0.0;0.0;0.0;0.0;0.0;0.0;0.096801;0.0;0.0;0.0;0.014541
38011;0.28663;0.190893;0.132969;0.057122;0.169617;0.0;0.0;0.0;0.0;0.0;0.0;0.136466;0.0;0.0;0.0;0.026302
38012;0.357523;0.158455;0.104527;0.023968;0.17976;0.0;0.0;0.0;0.0;0.0;0.0;0.164447;0.0;0.0;0.0;0.011318
38013;0.316253;0.231405;0.095868;0.030854;0.089807;0.0;0.0;0.0;0.0;0.0;0.0;0.22259;0.0;0.0;0.0;0.013223
38014;0.221861;0.166667;0.077922;0.029221;0.106061;0.0;0.0;0.0;0.0;0.0;0.0;0.388528;0.0;0.0;0.0;0.00974
38015;0.252998;0.17911;0.124565;0.036364;0.078143;0.0;0.0;0.0;0.0;0.0;0.0;0.312959;0.0;0.0;0.0;0.015861
38016;0.362862;0.199319;0.086882;0.017036;0.156729;0.0;0.0;0.0;0.0;0.0;0.0;0.166951;0.0;0.0;0.0;0.010221
38017;0.284169;0.170376;0.16625;0.05277;0.155371;0.0;0.0;0.0;0.0;0.0;0.0;0.147555;0.0;0.0;0.0;0.023509
38018;0.293214;0.235;0.105;0.040357;0.095357;0.0;0.0;0.0;0.0;0.0;0.0;0.216786;0.0;0.0;0.0;0.014286
38019;0.380026;0.182216;0.14201;0.041108;0.087629;0.0;0.0;0.0;0.0;0.0;0.0;0.151546;0.0;0.0;0.0;0.015464
38020;0.285025;0.173663;0.132916;0.043313;0.159807;0.0;0.0;0.0;0.0;0.0;0.0;0.18403;0.0;0.0;0.0;0.021246
38021;0.351259;0.228833;0.080092;0.04119;0.089245;0.0;0.0;0.0;0.0;0.0;0.0;0.19222;0.0;0.0;0.0;0.017162
38022;0.255693;0.227472;0.116996;0.051264;0.092168;0.0;0.0;0.0;0.0;0.0;0.0;0.241583;0.0;0.0;0.0;0.014825
38023;0.281738;0.178116;0.099128;0.050934;0.209562;0.0;0.0;0.0;0.0;0.0;0.0;0.152981;0.0;0.0;0.0;0.027541
38024;0.250419;0.296814;0.11649;0.055338;0.096255;0.0;0.0;0.0;0.0;0.0;0.0;0.167021;0.0;0.0;0.0;0.017663
38025;0.334504;0.179104;0.182616;0.050044;0.102063;0.0;0.0;0.0;0.0;0.0;0.0;0.13345;0.0;0.0;0.0;0.018218
38026;0.237658;0.17838;0.09212;0.044058;0.12471;0.0;0.0;0.0;0.0;0.0;0.0;0.307011;0.0;0.0;0.0;0.016063
38027;0.238963;0.24466;0.079749;0.032754;0.09456;0.0;0.0;0.0;0.0;0.0;0.0;0.293933;0.0;0.0;0.0;0.01538
38028;0.362655;0.220518;0.105786;0.045793;0.134824;0.0;0.0;0.0;0.0;0.0;0.0;0.109265;0.0;0.0;0.0;0.021157
38029;0.320163;0.216621;0.148501;0.043597;0.134877;0.0;0.0;0.0;0.0;0.0;0.0;0.108992;0.0;0.0;0.0;0.027248
38030;0.359817;0.168067;0.063407;0.030558;0.093965;0.0;0.0;0.0;0.0;0.0;0.0;0.275783;0.0;0.0;0.0;0.008403
38031;0.310894;0.27979;0.09044;0.047021;0.122956;0.0;0.0;0.0;0.0;0.0;0.0;0.129819;0.0;0.0;0.0;0.019081
38032;0.258534;0.203573;0.160105;0.059399;0.168411;0.0;0.0;0.0;0.0;0.0;0.0;0.126081;0.0;0.0;0.0;0.023896
38033;0.383925;0.234396;0.070498;0.023799;0.093848;0.0;0.0;0.0;0.0;0.0;0.0;0.184553;0.0;0.0;0.0;0.008981
38034;0.302396;0.182199;0.137695;0.044123;0.106885;0.0;0.0;0.0;0.0;0.0;0.0;0.208825;0.0;0.0;0.0;0.017878
38035;0.228468;0.17762;0.181252;0.056036;0.127983;0.0;0.0;0.0;0.0;0.0;0.0;0.208405;0.0;0.0;0.0;0.020235
38036;0.420923;0.145818;0.09129;0.044165;0.139403;0.0;0.0;0.0;0.0;0.0;0.0;0.139156;0.0;0.0;0.0;0.019245
38037;0.33069;0.271139;0.078505;0.040462;0.122194;0.0;0.0;0.0;0.0;0.0;0.0;0.141417;0.0;0.0;0.0;0.015593
38038;0.27585;0.208955;0.110462;0.055715;0.175478;0.0;0.0;0.0;0.0;0.0;0.0;0.145967;0.0;0.0;0.0;0.027573
38039;0.217553;0.233122;0.166161;0.058969;0.105263;0.0;0.0;0.0;0.0;0.0;0.0;0.201295;0.0;0.0;0.0;0.017636
38040;0.213395;0.318779;0.139199;0.047275;0.084373;0.0;0.0;0.0;0.0;0.0;0.0;0.186802;0.0;0.0;0.0;0.010177
38041;0.218225;0.157475;0.104696;0.045239;0.158121;0.0;0.0;0.0;0.0;0.0;0.0;0.296855;0.0;0.0;0.0;0.019388
38042;0.390737;0.219368;0.072421;0.036632;0.133895;0.0;0.0;0.0;0.0;0.0;0.0;0.119579;0.0;0.0;0.0;0.027368
38043;0.273871;0.198411;0.109217;0.062965;0.157951;0.0;0.0;0.0;0.0;0.0;0.0;0.175244;0.0;0.0;0.0;0.02234
38044;0.323482;0.216454;0.15016;0.044728;0.059105;0.0;0.0;0.0;0.0;0.0;0.0;0.198083;0.0;0.0;0.0;0.007987
38045;0.330546;0.1767;0.116499;0.026198;0.140468;0.0;0.0;0.0;0.0;0.0;0.0;0.194537;0.0;0.0;0.0;0.01505
38046;0.255697;0.200031;0.087781;0.057195;0.215323;0.0;0.0;0.0;0.0;0.0;0.0;0.166692;0.0;0.0;0.0;0.017281
38047;0.263397;0.259764;0.10445;0.035422;0.072661;0.0;0.0;0.0;0.0;0.0;0.0;0.255223;0.0;0.0;0.0;0.009083
38048;0.307569;0.189427;0.096916;0.031237;0.146976;0.0;0.0;0.0;0.0;0.0;0.0;0.213056;0.0;0.0;0.0;0.014818
38049;0.331131;0.185022;0.107195;0.049192;0.132893;0.0;0.0;0.0;0.0;0.0;0.0;0.175477;0.0;0.0;0.0;0.01909
38050;0.393196;0.189082;0.098892;0.035601;0.125791;0.0;0.0;0.0;0.0;0.0;0.0;0.136867;0.0;0.0;0.0;0.02057
38051;0.274458;0.207413;0.168928;0.037067;0.075349;0.0;0.0;0.0;0.0;0.0;0.0;0.225441;0.0;0.0;0.0;0.011343
38052;0.242731;0.238938;0.175727;0.044248;0.109987;0.0;0.0;0.0;0.0;0.0;0.0;0.174463;0.0;0.0;0.0;0.013906
38053;0.302513;0.237433;0.08842;0.039048;0.105476;0.0;0.0;0.0;0.0;0.0;0.0;0.210503;0.0;0.0;0.0;0.016607
38901;0.351685;0.168539;0.066292;0.023596;0.144944;0.0;0.0;0.0;0.0;0.0;0.0;0.232584;0.0;0.0;0.0;0.01236
39001;0.240082;0.222982;0.151163;0.0342;0.075239;0.0;0.0;0.0;0.0;0.0;0.0;0.0;0.26881;0.0;0.0;0.007524
39002;0.272021;0.228411;0.142055;0.037133;0.087651;0.0;0.0;0.0;0.0;0.0;0.0;0.0;0.227547;0.0;0.0;0.005181
39003;0.178378;0.194595;0.172973;0.021622;0.07027;0.0;0.0;0.0;0.0;0.0;0.0;0.0;0.351351;0.0;0.0;0.010811
39004;0.273879;0.230994;0.131579;0.016569;0.048733;0.0;0.0;0.0;0.0;0.0;0.0;0.0;0.294347;0.0;0.0;0.003899
39005;0.166503;0.319295;0.199804;0.062684;0.076396;0.0;0.0;0.0;0.0;0.0;0.0;0.0;0.162586;0.0;0.0;0.012733
39006;0.165407;0.356003;0.178841;0.036944;0.053736;0.0;0.0;0.0;0.0;0.0;0.0;0.0;0.202351;0.0;0.0;0.006717
39007;0.219697;0.223485;0.143939;0.018939;0.064394;0.0;0.0;0.0;0.0;0.0;0.0;0.0;0.325758;0.0;0.0;0.003788
39008;0.259746;0.210113;0.139076;0.074553;0.102368;0.0;0.0;0.0;0.0;0.0;0.0;0.0;0.203288;0.0;0.0;0.010857
39009;0.196413;0.260717;0.154418;0.048994;0.083552;0.0;0.0;0.0;0.0;0.0;0.0;0.0;0.249781;0.0;0.0;0.006124
39010;0.25885;0.181416;0.139381;0.004425;0.079646;0.0;0.0;0.0;0.0;0.0;0.0;0.0;0.329646;0.0;0.0;0.006637
39011;0.12628;0.303754;0.207338;0.038396;0.064846;0.0;0.0;0.0;0.0;0.0;0.0;0.0;0.250853;0.0;0.0;0.008532
39012;0.250423;0.199196;0.139924;0.056943;0.107536;0.0;0.0;0.0;0.0;0.0;0.0;0.0;0.237511;0.0;0.0;0.008467
39013;0.135211;0.442254;0.177465;0.016901;0.03662;0.0;0.0;0.0;0.0;0.0;0.0;0.0;0.191549;0.0;0.0;0.0
39014;0.218284;0.20709;0.164179;0.039179;0.108209;0.0;0.0;0.0;0.0;0.0;0.0;0.0;0.257463;0.0;0.0;0.005597
39015;0.151899;0.330922;0.19349;0.034358;0.036166;0.0;0.0;0.0;0.0;0.0;0.0;0.0;0.245931;0.0;0.0;0.007233
39016;0.237438;0.245832;0.153557;0.056703;0.08394;0.0;0.0;0.0;0.0;0.0;0.0;0.0;0.213489;0.0;0.0;0.00904
39017;0.105121;0.32345;0.234501;0.026954;0.02965;0.0;0.0;0.0;0.0;0.0;0.0;0.0;0.277628;0.0;0.0;0.002695
39018;0.290016;0.144216;0.146434;0.055468;0.112837;0.0;0.0;0.0;0.0;0.0;0.0;0.0;0.235182;0.0;0.0;0.015848
39019;0.193346;0.238544;0.173258;0.043315;0.090395;0.0;0.0;0.0;0.0;0.0;0.0;0.0;0.251726;0.0;0.0;0.009416
39020;0.328154;0.170859;0.108387;0.044259;0.184742;0.0;0.0;0.0;0.0;0.0;0.0;0.0;0.148698;0.0;0.0;0.014902
39021;0.294766;0.297521;0.253444;0.024793;0.060606;0.0;0.0;0.0;0.0;0.0;0.0;0.0;0.068871;0.0;0.0;0.0
39022;0.156156;0.37988;0.196697;0.031532;0.045045;0.0;0.0;0.0;0.0;0.0;0.0;0.0;0.184685;0.0;0.0;0.006006
39023;0.274319;0.2203;0.110361;0.048533;0.080186;0.0;0.0;0.0;0.0;0.0;0.0;0.0;0.25786;0.0;0.0;0.008441
39024;0.201989;0.245601;0.097169;0.03749;0.091048;0.0;0.0;0.0;0.0;0.0;0.0;0.0;0.321347;0.0;0.0;0.005356
39025;0.277253;0.209404;0.160755;0.027823;0.088187;0.0;0.0;0.0;0.0;0.0;0.0;0.0;0.230068;0.0;0.0;0.006508
39026;0.181579;0.297368;0.213158;0.028947;0.047368;0.0;0.0;0.0;0.0;0.0;0.0;0.0;0.227193;0.0;0.0;0.004386
39027;0.21921;0.27114;0.174632;0.036765;0.067096;0.0;0.0;0.0;0.0;0.0;0.0;0.0;0.226562;0.0;0.0;0.004596
39028;0.161652;0.291812;0.189293;0.055283;0.089573;0.0;0.0;0.0;0.0;0.0;0.0;0.0;0.204689;0.0;0.0;0.007698
39029;0.132479;0.309829;0.143162;0.049145;0.053419;0.0;0.0;0.0;0.0;0.0;0.0;0.0;0.303419;0.0;0.0;0.008547
39030;0.235394;0.234547;0.125318;0.03895;0.11685;0.0;0.0;0.0;0.0;0.0;0.0;0.0;0.244708;0.0;0.0;0.004234
39031;0.130787;0.302083;0.21412;0.052083;0.060185;0.0;0.0;0.0;0.0;0.0;0.0;0.0;0.229167;0.0;0.0;0.011574
39032;0.181373;0.306863;0.241176;0.030392;0.045098;0.0;0.0;0.0;0.0;0.0;0.0;0.0;0.191176;0.0;0.0;0.003922
39033;0.261456;0.199461;0.145553;0.03504;0.059299;0.0;0.0;0.0;0.0;0.0;0.0;0.0;0.296496;0.0;0.0;0.002695
39034;0.166667;0.34127;0.309524;0.0;0.007937;0.0;0.0;0.0;0.0;0.0;0.0;0.0;0.174603;0.0;0.0;0.0
39035;0.225628;0.260434;0.110427;0.040043;0.082858;0.0;0.0;0.0;0.0;0.0;0.0;0.0;0.271061;0.0;0.0;0.009549
39036;0.226037;0.273247;0.124464;0.044349;0.094421;0.0;0.0;0.0;0.0;0.0;0.0;0.0;0.224607;0.0;0.0;0.012876
39037;0.196895;0.336627;0.161609;0.033874;0.079746;0.0;0.0;0.0;0.0;0.0;0.0;0.0;0.179958;0.0;0.0;0.011291
39038;0.239264;0.228016;0.148262;0.047035;0.124744;0.0;0.0;0.0;0.0;0.0;0.0;0.0;0.200409;0.0;0.0;0.01227
39039;0.20339;0.29661;0.183616;0.016949;0.048023;0.0;0.0;0.0;0.0;0.0;0.0;0.0;0.251412;0.0;0.0;0.0
39040;0.239059;0.268452;0.166231;0.042782;0.073155;0.0;0.0;0.0;0.0;0.0;0.0;0.0;0.201176;0.0;0.0;0.009144
39041;0.240887;0.254358;0.148177;0.027734;0.09271;0.0;0.0;0.0;0.0;0.0;0.0;0.0;0.228209;0.0;0.0;0.007924
39042;0.188328;0.2804;0.174843;0.053941;0.066031;0.0;0.0;0.0;0.0;0.0;0.0;0.0;0.228551;0.0;0.0;0.007905
39043;0.115552;0.402259;0.169418;0.046047;0.055604;0.0;0.0;0.0;0.0;0.0;0.0;0.0;0.205039;0.0;0.0;0.006082
39044;0.213743;0.261483;0.164919;0.04991;0.087884;0.0;0.0;0.0;0.0;0.0;0.0;0.0;0.21085;0.0;0.0;0.011212
39045;0.260684;0.303419;0.106838;0.004274;0.042735;0.0;0.0;0.0;0.0;0.0;0.0;0.0;0.282051;0.0;0.0;0.0
39046;0.226919;0.144605;0.124583;0.01891;0.087875;0.0;0.0;0.0;0.0;0.0;0.0;0.0;0.389321;0.0;0.0;0.007786
39047;0.171965;0.25;0.143064;0.046965;0.069364;0.0;0.0;0.0;0.0;0.0;0.0;0.0;0.312861;0.0;0.0;0.00578
39048;0.166278;0.296037;0.138306;0.043512;0.090132;0.0;0.0;0.0;0.0;0.0;0.0;0.0;0.253302;0.0;0.0;0.012432
39049;0.310881;0.248705;0.217617;0.025907;0.010363;0.0;0.0;0.0;0.0;0.0;0.0;0.0;0.176166;0.0;0.0;0.010363
39050;0.171779;0.411043;0.177914;0.03681;0.055215;0.0;0.0;0.0;0.0;0.0;0.0;0.0;0.141104;0.0;0.0;0.006135
39051;0.142857;0.269841;0.111111;0.095238;0.095238;0.0;0.0;0.0;0.0;0.0;0.0;0.0;0.285714;0.0;0.0;0.0
39052;0.195463;0.262861;0.181559;0.059129;0.086132;0.0;0.0;0.0;0.0;0.0;0.0;0.0;0.203659;0.0;0.0;0.011196
39053;0.116279;0.263566;0.178295;0.023256;0.023256;0.0;0.0;0.0;0.0;0.0;0.0;0.0;0.387597;0.0;0.0;0.007752
39054;0.249224;0.183426;0.159218;0.045003;0.090937;0.0;0.0;0.0;0.0;0.0;0.0;0.0;0.261949;0.0;0.0;0.010242
39055;0.173497;0.398907;0.202186;0.038251;0.045082;0.0;0.0;0.0;0.0;0.0;0.0;0.0;0.136612;0.0;0.0;0.005464
39056;0.173205;0.238986;0.16717;0.043452;0.055522;0.0;0.0;0.0;0.0;0.0;0.0;0.0;0.31382;0.0;0.0;0.007846
39057;0.28804;0.274264;0.098936;0.025673;0.093926;0.0;0.0;0.0;0.0;0.0;0.0;0.0;0.208516;0.0;0.0;0.010645
39058;0.322464;0.202899;0.094203;0.012681;0.083333;0.0;0.0;0.0;0.0;0.0;0.0;0.0;0.278986;0.0;0.0;0.005435
39059;0.236702;0.285714;0.131269;0.031155;0.074848;0.0;0.0;0.0;0.0;0.0;0.0;0.0;0.231193;0.0;0.0;0.009119
39060;0.228824;0.200041;0.148438;0.041735;0.111842;0.0;0.0;0.0;0.0;0.0;0.0;0.0;0.260896;0.0;0.0;0.008224
39061;0.142414;0.310438;0.190144;0.062864;0.085759;0.0;0.0;0.0;0.0;0.0;0.0;0.0;0.199069;0.0;0.0;0.009313
39062;0.128186;0.320466;0.19665;0.046613;0.059723;0.0;0.0;0.0;0.0;0.0;0.0;0.0;0.238893;0.0;0.0;0.009468
39063;0.245098;0.245098;0.191176;0.013072;0.068627;0.0;0.0;0.0;0.0;0.0;0.0;0.0;0.236928;0.0;0.0;0.0
39064;0.151976;0.328267;0.156028;0.034448;0.059777;0.0;0.0;0.0;0.0;0.0;0.0;0.0;0.253293;0.0;0.0;0.016211
39065;0.208589;0.257669;0.214724;0.018405;0.055215;0.0;0.0;0.0;0.0;0.0;0.0;0.0;0.245399;0.0;0.0;0.0
39066;0.29;0.228333;0.143333;0.021667;0.096667;0.0;0.0;0.0;0.0;0.0;0.0;0.0;0.216667;0.0;0.0;0.003333
39067;0.238901;0.257928;0.07611;0.029598;0.046512;0.0;0.0;0.0;0.0;0.0;0.0;0.0;0.340381;0.0;0.0;0.010571
39068;0.155606;0.208238;0.135011;0.075515;0.091533;0.0;0.0;0.0;0.0;0.0;0.0;0.0;0.315789;0.0;0.0;0.018307
39069;0.175824;0.158654;0.146978;0.03228;0.072115;0.0;0.0;0.0;0.0;0.0;0.0;0.0;0.399725;0.0;0.0;0.014423
39070;0.168539;0.202247;0.224719;0.022472;0.022472;0.0;0.0;0.0;0.0;0.0;0.0;0.0;0.337079;0.0;0.0;0.022472
39071;0.040161;0.48996;0.116466;0.02008;0.032129;0.0;0.0;0.0;0.0;0.0;0.0;0.0;0.301205;0.0;0.0;0.0
39072;0.126374;0.494505;0.104396;0.021978;0.098901;0.0;0.0;0.0;0.0;0.0;0.0;0.0;0.148352;0.0;0.0;0.005495
39073;0.211962;0.267876;0.184005;0.062097;0.083333;0.0;0.0;0.0;0.0;0.0;0.0;0.0;0.180108;0.0;0.0;0.010618
39074;0.161903;0.294823;0.181691;0.040176;0.078753;0.0;0.0;0.0;0.0;0.0;0.0;0.0;0.236258;0.0;0.0;0.006396
39075;0.22732;0.296149;0.152731;0.054729;0.078669;0.0;0.0;0.0;0.0;0.0;0.0;0.0;0.180434;0.0;0.0;0.009967
39076;0.231235;0.225182;0.160613;0.043987;0.08071;0.0;0.0;0.0;0.0;0.0;0.0;0.0;0.248991;0.0;0.0;0.009282
39077;0.231293;0.380952;0.14966;0.020408;0.027211;0.0;0.0;0.0;0.0;0.0;0.0;0.0;0.190476;0.0;0.0;0.0
39078;0.194556;0.267137;0.163306;0.043347;0.071573;0.0;0.0;0.0;0.0;0.0;0.0;0.0;0.257056;0.0;0.0;0.003024
39079;0.250529;0.305515;0.157638;0.045063;0.068814;0.0;0.0;0.0;0.0;0.0;0.0;0.0;0.161868;0.0;0.0;0.010574
39080;0.263003;0.308725;0.139681;0.03104;0.058725;0.0;0.0;0.0;0.0;0.0;0.0;0.0;0.190017;0.0;0.0;0.008809
39081;0.107362;0.484663;0.141104;0.021472;0.052147;0.0;0.0;0.0;0.0;0.0;0.0;0.0;0.190184;0.0;0.0;0.003067
39082;0.158135;0.340951;0.191956;0.02925;0.04479;0.0;0.0;0.0;0.0;0.0;0.0;0.0;0.224863;0.0;0.0;0.010055
39083;0.178982;0.215107;0.095238;0.018062;0.055829;0.0;0.0;0.0;0.0;0.0;0.0;0.0;0.428571;0.0;0.0;0.00821
39084;0.141196;0.352159;0.19103;0.024917;0.046512;0.0;0.0;0.0;0.0;0.0;0.0;0.0;0.239203;0.0;0.0;0.004983
39085;0.239686;0.24834;0.153955;0.054538;0.080097;0.0;0.0;0.0;0.0;0.0;0.0;0.0;0.214128;0.0;0.0;0.009257
39086;0.270386;0.313305;0.150215;0.012876;0.051502;0.0;0.0;0.0;0.0;0.0;0.0;0.0;0.197425;0.0;0.0;0.004292
39087;0.285117;0.211047;0.120213;0.039264;0.096848;0.0;0.0;0.0;0.0;0.0;0.0;0.0;0.236244;0.0;0.0;0.011268
39088;0.447368;0.157895;0.105263;0.0;0.052632;0.0;0.0;0.0;0.0;0.0;0.0;0.0;0.236842;0.0;0.0;0.0
39089;0.146341;0.317073;0.060976;0.036585;0.060976;0.0;0.0;0.0;0.0;0.0;0.0;0.0;0.378049;0.0;0.0;0.0
39090;0.185118;0.23049;0.166969;0.050817;0.092559;0.0;0.0;0.0;0.0;0.0;0.0;0.0;0.270417;0.0;0.0;0.00363
39091;0.201871;0.247077;0.176929;0.028839;0.070928;0.0;0.0;0.0;0.0;0.0;0.0;0.0;0.268901;0.0;0.0;0.005456
39092;0.275472;0.315094;0.15283;0.016981;0.079245;0.0;0.0;0.0;0.0;0.0;0.0;0.0;0.149057;0.0;0.0;0.011321
39093;0.220657;0.352113;0.107981;0.018779;0.061033;0.0;0.0;0.0;0.0;0.0;0.0;0.0;0.239437;0.0;0.0;0.0
39094;0.149425;0.215107;0.091954;0.032841;0.068966;0.0;0.0;0.0;0.0;0.0;0.0;0.0;0.43514;0.0;0.0;0.006568
39095;0.332092;0.240844;0.145251;0.032899;0.096834;0.0;0.0;0.0;0.0;0.0;0.0;0.0;0.144631;0.0;0.0;0.007449
39096;0.202673;0.325167;0.213808;0.037862;0.035635;0.0;0.0;0.0;0.0;0.0;0.0;0.0;0.184855;0.0;0.0;0.0
39097;0.204204;0.369369;0.183183;0.024024;0.024024;0.0;0.0;0.0;0.0;0.0;0.0;0.0;0.192192;0.0;0.0;0.003003
39098;0.088372;0.313488;0.172093;0.013023;0.052093;0.0;0.0;0.0;0.0;0.0;0.0;0.0;0.36;0.0;0.0;0.00093
39099;0.223459;0.219178;0.123288;0.035531;0.088613;0.0;0.0;0.0;0.0;0.0;0.0;0.0;0.30137;0.0;0.0;0.008562
39100;0.169643;0.3375;0.128571;0.042857;0.05;0.0;0.0;0.0;0.0;0.0;0.0;0.0;0.264286;0.0;0.0;0.007143
39101;0.207692;0.115385;0.053846;0.023077;0.161538;0.0;0.0;0.0;0.0;0.0;0.0;0.0;0.4;0.0;0.0;0.038462
39102;0.206117;0.293218;0.170878;0.03258;0.06383;0.0;0.0;0.0;0.0;0.0;0.0;0.0;0.226064;0.0;0.0;0.007314
40001;0.232645;0.403377;0.228893;0.076923;0.04878;0.0;0.0;0.0;0.0;0.0;0.0;0.0;0.0;0.0;0.0;0.009381
40002;0.190476;0.380952;0.142857;0.047619;0.190476;0.0;0.0;0.0;0.0;0.0;0.0;0.0;0.0;0.0;0.0;0.047619
40003;0.105263;0.671053;0.171053;0.026316;0.026316;0.0;0.0;0.0;0.0;0.0;0.0;0.0;0.0;0.0;0.0;0.0
40004;0.343849;0.299685;0.230284;0.078864;0.044164;0.0;0.0;0.0;0.0;0.0;0.0;0.0;0.0;0.0;0.0;0.003155
40005;0.272727;0.545455;0.090909;0.045455;0.045455;0.0;0.0;0.0;0.0;0.0;0.0;0.0;0.0;0.0;0.0;0.0
40006;0.263158;0.368421;0.105263;0.105263;0.157895;0.0;0.0;0.0;0.0;0.0;0.0;0.0;0.0;0.0;0.0;0.0
40007;0.166667;0.444444;0.185185;0.12963;0.055556;0.0;0.0;0.0;0.0;0.0;0.0;0.0;0.0;0.0;0.0;0.018519
40008;0.371429;0.428571;0.171429;0.028571;0.0;0.0;0.0;0.0;0.0;0.0;0.0;0.0;0.0;0.0;0.0;0.0
40009;0.235294;0.411765;0.147059;0.088235;0.117647;0.0;0.0;0.0;0.0;0.0;0.0;0.0;0.0;0.0;0.0;0.0
40010;0.182927;0.439024;0.268293;0.060976;0.04878;0.0;0.0;0.0;0.0;0.0;0.0;0.0;0.0;0.0;0.0;0.0
40012;0.315436;0.395973;0.194631;0.067114;0.026846;0.0;0.0;0.0;0.0;0.0;0.0;0.0;0.0;0.0;0.0;0.0
40013;0.06383;0.808511;0.021277;0.085106;0.021277;0.0;0.0;0.0;0.0;0.0;0.0;0.0;0.0;0.0;0.0;0.0
40014;0.473684;0.342105;0.0;0.105263;0.052632;0.0;0.0;0.0;0.0;0.0;0.0;0.0;0.0;0.0;0.0;0.026316
40015;0.105263;0.789474;0.105263;0.0;0.0;0.0;0.0;0.0;0.0;0.0;0.0;0.0;0.0;0.0;0.0;0.0
40016;0.119048;0.47619;0.261905;0.047619;0.095238;0.0;0.0;0.0;0.0;0.0;0.0;0.0;0.0;0.0;0.0;0.0
40017;0.242424;0.530303;0.060606;0.075758;0.060606;0.0;0.0;0.0;0.0;0.0;0.0;0.0;0.0;0.0;0.0;0.030303
40018;0.1;0.5;0.24;0.08;0.08;0.0;0.0;0.0;0.0;0.0;0.0;0.0;0.0;0.0;0.0;0.0
40019;0.363636;0.409091;0.045455;0.136364;0.045455;0.0;0.0;0.0;0.0;0.0;0.0;0.0;0.0;0.0;0.0;0.0
40020;0.272727;0.336364;0.254545;0.072727;0.063636;0.0;0.0;0.0;0.0;0.0;0.0;0.0;0.0;0.0;0.0;0.0
40021;0.266667;0.466667;0.2;0.0;0.066667;0.0;0.0;0.0;0.0;0.0;0.0;0.0;0.0;0.0;0.0;0.0
40022;0.381295;0.352518;0.122302;0.043165;0.079137;0.0;0.0;0.0;0.0;0.0;0.0;0.0;0.0;0.0;0.0;0.021583
40024;0.301587;0.382716;0.149912;0.093474;0.065256;0.0;0.0;0.0;0.0;0.0;0.0;0.0;0.0;0.0;0.0;0.007055
40025;0.207547;0.556604;0.066038;0.075472;0.09434;0.0;0.0;0.0;0.0;0.0;0.0;0.0;0.0;0.0;0.0;0.0
40026;0.282828;0.222222;0.121212;0.141414;0.222222;0.0;0.0;0.0;0.0;0.0;0.0;0.0;0.0;0.0;0.0;0.010101
40028;0.164706;0.529412;0.258824;0.035294;0.011765;0.0;0.0;0.0;0.0;0.0;0.0;0.0;0.0;0.0;0.0;0.0
40029;0.315789;0.473684;0.105263;0.052632;0.052632;0.0;0.0;0.0;0.0;0.0;0.0;0.0;0.0;0.0;0.0;0.0
40030;0.40836;0.289389;0.093248;0.090032;0.118971;0.0;0.0;0.0;0.0;0.0;0.0;0.0;0.0;0.0;0.0;0.0
40031;0.297767;0.253102;0.200993;0.076923;0.151365;0.0;0.0;0.0;0.0;0.0;0.0;0.0;0.0;0.0;0.0;0.019851
40032;0.297071;0.351464;0.196653;0.117155;0.037657;0.0;0.0;0.0;0.0;0.0;0.0;0.0;0.0;0.0;0.0;0.0
40033;0.196078;0.215686;0.235294;0.137255;0.215686;0.0;0.0;0.0;0.0;0.0;0.0;0.0;0.0;0.0;0.0;0.0
40034;0.224138;0.431034;0.155172;0.12069;0.068966;0.0;0.0;0.0;0.0;0.0;0.0;0.0;0.0;0.0;0.0;0.0
40035;0.240741;0.296296;0.194444;0.101852;0.138889;0.0;0.0;0.0;0.0;0.0;0.0;0.0;0.0;0.0;0.0;0.027778
40036;0.231183;0.413978;0.263441;0.05914;0.018817;0.0;0.0;0.0;0.0;0.0;0.0;0.0;0.0;0.0;0.0;0.013441
40037;0.294118;0.529412;0.0;0.117647;0.058824;0.0;0.0;0.0;0.0;0.0;0.0;0.0;0.0;0.0;0.0;0.0
40039;0.218045;0.496241;0.157895;0.045113;0.075188;0.0;0.0;0.0;0.0;0.0;0.0;0.0;0.0;0.0;0.0;0.007519
40040;0.268917;0.377765;0.215367;0.086729;0.041909;0.0;0.0;0.0;0.0;0.0;0.0;0.0;0.0;0.0;0.0;0.009313
40041;0.298023;0.361582;0.155367;0.107345;0.069209;0.0;0.0;0.0;0.0;0.0;0.0;0.0;0.0;0.0;0.0;0.008475
40043;0.292296;0.413897;0.169184;0.076284;0.041541;0.0;0.0;0.0;0.0;0.0;0.0;0.0;0.0;0.0;0.0;0.006798
40044;0.295918;0.418367;0.173469;0.061224;0.020408;0.0;0.0;0.0;0.0;0.0;0.0;0.0;0.0;0.0;0.0;0.030612
40045;0.304348;0.293478;0.163043;0.108696;0.097826;0.0;0.0;0.0;0.0;0.0;0.0;0.0;0.0;0.0;0.0;0.032609
40046;0.378788;0.272727;0.166667;0.060606;0.106061;0.0;0.0;0.0;0.0;0.0;0.0;0.0;0.0;0.0;0.0;0.015152
40047;0.173913;0.521739;0.043478;0.086957;0.130435;0.0;0.0;0.0;0.0;0.0;0.0;0.0;0.0;0.0;0.0;0.043478
40048;0.407407;0.481481;0.074074;0.0;0.037037;0.0;0.0;0.0;0.0;0.0;0.0;0.0;0.0;0.0;0.0;0.0
40049;0.148148;0.592593;0.037037;0.037037;0.148148;0.0;0.0;0.0;0.0;0.0;0.0;0.0;0.0;0.0;0.0;0.037037
40051;0.24;0.44;0.12;0.04;0.16;0.0;0.0;0.0;0.0;0.0;0.0;0.0;0.0;0.0;0.0;0.0
40052;0.327273;0.309091;0.163636;0.090909;0.109091;0.0;0.0;0.0;0.0;0.0;0.0;0.0;0.0;0.0;0.0;0.0
40053;0.381818;0.290909;0.127273;0.072727;0.109091;0.0;0.0;0.0;0.0;0.0;0.0;0.0;0.0;0.0;0.0;0.018182
40054;0.266667;0.333333;0.186667;0.066667;0.133333;0.0;0.0;0.0;0.0;0.0;0.0;0.0;0.0;0.0;0.0;0.013333
40055;0.461538;0.423077;0.0;0.0;0.076923;0.0;0.0;0.0;0.0;0.0;0.0;0.0;0.0;0.0;0.0;0.038462
40056;0.15;0.8;0.05;0.0;0.0;0.0;0.0;0.0;0.0;0.0;0.0;0.0;0.0;0.0;0.0;0.0
40057;0.415399;0.251901;0.115019;0.057034;0.145437;0.0;0.0;0.0;0.0;0.0;0.0;0.0;0.0;0.0;0.0;0.015209
40058;0.200837;0.539749;0.188285;0.041841;0.029289;0.0;0.0;0.0;0.0;0.0;0.0;0.0;0.0;0.0;0.0;0.0
40059;0.280899;0.505618;0.044944;0.067416;0.078652;0.0;0.0;0.0;0.0;0.0;0.0;0.0;0.0;0.0;0.0;0.022472
40060;0.051282;0.769231;0.179487;0.0;0.0;0.0;0.0;0.0;0.0;0.0;0.0;0.0;0.0;0.0;0.0;0.0
40061;0.181818;0.5;0.090909;0.045455;0.159091;0.0;0.0;0.0;0.0;0.0;0.0;0.0;0.0;0.0;0.0;0.022727
40062;0.238095;0.452381;0.238095;0.02381;0.047619;0.0;0.0;0.0;0.0;0.0;0.0;0.0;0.0;0.0;0.0;0.0
40063;0.333403;0.292407;0.173813;0.072161;0.111483;0.0;0.0;0.0;0.0;0.0;0.0;0.0;0.0;0.0;0.0;0.016733
40065;0.246951;0.408537;0.14939;0.097561;0.088415;0.0;0.0;0.0;0.0;0.0;0.0;0.0;0.0;0.0;0.0;0.009146
40068;0.095238;0.714286;0.190476;0.0;0.0;0.0;0.0;0.0;0.0;0.0;0.0;0.0;0.0;0.0;0.0;0.0
40069;0.169492;0.508475;0.254237;0.033898;0.033898;0.0;0.0;0.0;0.0;0.0;0.0;0.0;0.0;0.0;0.0;0.0
40070;0.307692;0.252747;0.230769;0.065934;0.131868;0.0;0.0;0.0;0.0;0.0;0.0;0.0;0.0;0.0;0.0;0.010989
40071;0.115385;0.615385;0.076923;0.115385;0.038462;0.0;0.0;0.0;0.0;0.0;0.0;0.0;0.0;0.0;0.0;0.038462
40072;0.252941;0.194118;0.317647;0.1;0.105882;0.0;0.0;0.0;0.0;0.0;0.0;0.0;0.0;0.0;0.0;0.029412
40073;0.285714;0.431677;0.18323;0.083851;0.015528;0.0;0.0;0.0;0.0;0.0;0.0;0.0;0.0;0.0;0.0;0.0
40074;0.262032;0.438503;0.139037;0.101604;0.032086;0.0;0.0;0.0;0.0;0.0;0.0;0.0;0.0;0.0;0.0;0.026738
40075;0.353448;0.37931;0.12069;0.103448;0.043103;0.0;0.0;0.0;0.0;0.0;0.0;0.0;0.0;0.0;0.0;0.0
40076;0.274973;0.262514;0.245902;0.074754;0.124372;0.0;0.0;0.0;0.0;0.0;0.0;0.0;0.0;0.0;0.0;0.017486
40077;0.276657;0.239193;0.208934;0.106628;0.128242;0.0;0.0;0.0;0.0;0.0;0.0;0.0;0.0;0.0;0.0;0.040346
40078;0.393162;0.324786;0.145299;0.076923;0.034188;0.0;0.0;0.0;0.0;0.0;0.0;0.0;0.0;0.0;0.0;0.025641
40079;0.343949;0.33121;0.178344;0.031847;0.11465;0.0;0.0;0.0;0.0;0.0;0.0;0.0;0.0;0.0;0.0;0.0
40080;0.193548;0.483871;0.258065;0.064516;0.0;0.0;0.0;0.0;0.0;0.0;0.0;0.0;0.0;0.0;0.0;0.0
40081;0.253333;0.44;0.12;0.053333;0.106667;0.0;0.0;0.0;0.0;0.0;0.0;0.0;0.0;0.0;0.0;0.026667
40082;0.195122;0.463415;0.195122;0.121951;0.02439;0.0;0.0;0.0;0.0;0.0;0.0;0.0;0.0;0.0;0.0;0.0
40083;0.019608;0.411765;0.372549;0.117647;0.019608;0.0;0.0;0.0;0.0;0.0;0.0;0.0;0.0;0.0;0.0;0.058824
40084;0.153846;0.487179;0.153846;0.051282;0.102564;0.0;0.0;0.0;0.0;0.0;0.0;0.0;0.0;0.0;0.0;0.051282
40086;0.300613;0.331288;0.194274;0.055215;0.112474;0.0;0.0;0.0;0.0;0.0;0.0;0.0;0.0;0.0;0.0;0.006135
40087;0.142857;0.657143;0.1;0.028571;0.042857;0.0;0.0;0.0;0.0;0.0;0.0;0.0;0.0;0.0;0.0;0.028571
40088;0.229167;0.479167;0.161458;0.041667;0.052083;0.0;0.0;0.0;0.0;0.0;0.0;0.0;0.0;0.0;0.0;0.036458
40089;0.143836;0.479452;0.191781;0.068493;0.089041;0.0;0.0;0.0;0.0;0.0;0.0;0.0;0.0;0.0;0.0;0.027397
40091;0.282353;0.4;0.211765;0.047059;0.011765;0.0;0.0;0.0;0.0;0.0;0.0;0.0;0.0;0.0;0.0;0.047059
40092;0.30137;0.547945;0.054795;0.082192;0.013699;0.0;0.0;0.0;0.0;0.0;0.0;0.0;0.0;0.0;0.0;0.0
40093;0.114754;0.47541;0.147541;0.147541;0.114754;0.0;0.0;0.0;0.0;0.0;0.0;0.0;0.0;0.0;0.0;0.0
40094;0.273077;0.323077;0.238462;0.065385;0.069231;0.0;0.0;0.0;0.0;0.0;0.0;0.0;0.0;0.0;0.0;0.030769
40095;0.195719;0.351682;0.363914;0.06422;0.018349;0.0;0.0;0.0;0.0;0.0;0.0;0.0;0.0;0.0;0.0;0.006116
40097;0.453608;0.237113;0.195876;0.051546;0.051546;0.0;0.0;0.0;0.0;0.0;0.0;0.0;0.0;0.0;0.0;0.010309
40099;0.309524;0.47619;0.095238;0.047619;0.071429;0.0;0.0;0.0;0.0;0.0;0.0;0.0;0.0;0.0;0.0;0.0
40100;0.295;0.405;0.23;0.03;0.04;0.0;0.0;0.0;0.0;0.0;0.0;0.0;0.0;0.0;0.0;0.0
40101;0.255352;0.189602;0.282875;0.117737;0.137615;0.0;0.0;0.0;0.0;0.0;0.0;0.0;0.0;0.0;0.0;0.01682
40103;0.309735;0.256637;0.283186;0.053097;0.088496;0.0;0.0;0.0;0.0;0.0;0.0;0.0;0.0;0.0;0.0;0.00885
40104;0.28;0.25;0.255;0.05;0.15;0.0;0.0;0.0;0.0;0.0;0.0;0.0;0.0;0.0;0.0;0.015
40105;0.114286;0.485714;0.171429;0.057143;0.171429;0.0;0.0;0.0;0.0;0.0;0.0;0.0;0.0;0.0;0.0;0.0
40106;0.364964;0.40146;0.124088;0.080292;0.014599;0.0;0.0;0.0;0.0;0.0;0.0;0.0;0.0;0.0;0.0;0.014599
40107;0.179104;0.462687;0.238806;0.074627;0.044776;0.0;0.0;0.0;0.0;0.0;0.0;0.0;0.0;0.0;0.0;0.0
40108;0.277108;0.385542;0.144578;0.084337;0.096386;0.0;0.0;0.0;0.0;0.0;0.0;0.0;0.0;0.0;0.0;0.012048
40109;0.085106;0.531915;0.170213;0.170213;0.042553;0.0;0.0;0.0;0.0;0.0;0.0;0.0;0.0;0.0;0.0;0.0
40110;0.334783;0.313043;0.156522;0.113043;0.078261;0.0;0.0;0.0;0.0;0.0;0.0;0.0;0.0;0.0;0.0;0.004348
40111;0.230769;0.435897;0.282051;0.0;0.025641;0.0;0.0;0.0;0.0;0.0;0.0;0.0;0.0;0.0;0.0;0.025641
40112;0.278506;0.307132;0.191169;0.111111;0.091703;0.0;0.0;0.0;0.0;0.0;0.0;0.0;0.0;0.0;0.0;0.020378
40113;0.364238;0.201987;0.155629;0.066225;0.188742;0.0;0.0;0.0;0.0;0.0;0.0;0.0;0.0;0.0;0.0;0.023179
40115;0.41;0.27;0.18;0.04;0.09;0.0;0.0;0.0;0.0;0.0;0.0;0.0;0.0;0.0;0.0;0.01
40118;0.290323;0.354839;0.193548;0.032258;0.096774;0.0;0.0;0.0;0.0;0.0;0.0;0.0;0.0;0.0;0.0;0.032258
40119;0.123077;0.415385;0.284615;0.115385;0.053846;0.0;0.0;0.0;0.0;0.0;0.0;0.0;0.0;0.0;0.0;0.007692
40120;0.294479;0.263804;0.276074;0.07362;0.067485;0.0;0.0;0.0;0.0;0.0;0.0;0.0;0.0;0.0;0.0;0.02454
40121;0.214689;0.480226;0.186441;0.045198;0.062147;0.0;0.0;0.0;0.0;0.0;0.0;0.0;0.0;0.0;0.0;0.011299
40122;0.292308;0.323077;0.151282;0.066667;0.146154;0.0;0.0;0.0;0.0;0.0;0.0;0.0;0.0;0.0;0.0;0.020513
40123;0.3;0.333333;0.088889;0.122222;0.144444;0.0;0.0;0.0;0.0;0.0;0.0;0.0;0.0;0.0;0.0;0.011111
40124;0.329268;0.25;0.158537;0.097561;0.152439;0.0;0.0;0.0;0.0;0.0;0.0;0.0;0.0;0.0;0.0;0.012195
40125;0.369565;0.369565;0.065217;0.130435;0.043478;0.0;0.0;0.0;0.0;0.0;0.0;0.0;0.0;0.0;0.0;0.021739
40126;0.119048;0.619048;0.119048;0.047619;0.071429;0.0;0.0;0.0;0.0;0.0;0.0;0.0;0.0;0.0;0.0;0.02381
40127;0.217391;0.478261;0.130435;0.043478;0.043478;0.0;0.0;0.0;0.0;0.0;0.0;0.0;0.0;0.0;0.0;0.086957
40128;0.337209;0.27907;0.186047;0.046512;0.127907;0.0;0.0;0.0;0.0;0.0;0.0;0.0;0.0;0.0;0.0;0.023256
40129;0.208696;0.408696;0.243478;0.104348;0.034783;0.0;0.0;0.0;0.0;0.0;0.0;0.0;0.0;0.0;0.0;0.0
40130;0.244186;0.488372;0.104651;0.104651;0.05814;0.0;0.0;0.0;0.0;0.0;0.0;0.0;0.0;0.0;0.0;0.0
40131;0.244444;0.355556;0.2;0.155556;0.044444;0.0;0.0;0.0;0.0;0.0;0.0;0.0;0.0;0.0;0.0;0.0
40132;0.16;0.64;0.08;0.08;0.0;0.0;0.0;0.0;0.0;0.0;0.0;0.0;0.0;0.0;0.0;0.04
40134;0.356713;0.360721;0.140281;0.076152;0.046092;0.0;0.0;0.0;0.0;0.0;0.0;0.0;0.0;0.0;0.0;0.02004
40135;0.357488;0.410628;0.202899;0.019324;0.009662;0.0;0.0;0.0;0.0;0.0;0.0;0.0;0.0;0.0;0.0;0.0
40136;0.243243;0.351351;0.135135;0.040541;0.22973;0.0;0.0;0.0;0.0;0.0;0.0;0.0;0.0;0.0;0.0;0.0
40138;0.337629;0.307345;0.188789;0.059278;0.093428;0.0;0.0;0.0;0.0;0.0;0.0;0.0;0.0;0.0;0.0;0.013531
40139;0.326316;0.410526;0.110526;0.068421;0.068421;0.0;0.0;0.0;0.0;0.0;0.0;0.0;0.0;0.0;0.0;0.015789
40140;0.351852;0.462963;0.092593;0.074074;0.018519;0.0;0.0;0.0;0.0;0.0;0.0;0.0;0.0;0.0;0.0;0.0
40141;0.280859;0.34347;0.205725;0.094812;0.064401;0.0;0.0;0.0;0.0;0.0;0.0;0.0;0.0;0.0;0.0;0.010733
40142;0.297297;0.459459;0.135135;0.081081;0.0;0.0;0.0;0.0;0.0;0.0;0.0;0.0;0.0;0.0;0.0;0.027027
40143;0.246154;0.476923;0.123077;0.046154;0.061538;0.0;0.0;0.0;0.0;0.0;0.0;0.0;0.0;0.0;0.0;0.046154
40144;0.066667;0.466667;0.4;0.066667;0.0;0.0;0.0;0.0;0.0;0.0;0.0;0.0;0.0;0.0;0.0;0.0
40145;0.305147;0.3125;0.191176;0.074755;0.107843;0.0;0.0;0.0;0.0;0.0;0.0;0.0;0.0;0.0;0.0;0.008578
40146;0.254902;0.323529;0.259804;0.078431;0.058824;0.0;0.0;0.0;0.0;0.0;0.0;0.0;0.0;0.0;0.0;0.02451
40148;0.308176;0.383648;0.119497;0.113208;0.069182;0.0;0.0;0.0;0.0;0.0;0.0;0.0;0.0;0.0;0.0;0.006289
40149;0.220896;0.456716;0.143284;0.062687;0.092537;0.0;0.0;0.0;0.0;0.0;0.0;0.0;0.0;0.0;0.0;0.023881
40150;0.238095;0.5;0.071429;0.095238;0.095238;0.0;0.0;0.0;0.0;0.0;0.0;0.0;0.0;0.0;0.0;0.0
40151;0.096774;0.612903;0.096774;0.129032;0.064516;0.0;0.0;0.0;0.0;0.0;0.0;0.0;0.0;0.0;0.0;0.0
40152;0.30991;0.317117;0.185586;0.075676;0.095495;0.0;0.0;0.0;0.0;0.0;0.0;0.0;0.0;0.0;0.0;0.016216
40154;0.235294;0.588235;0.058824;0.058824;0.0;0.0;0.0;0.0;0.0;0.0;0.0;0.0;0.0;0.0;0.0;0.058824
40155;0.298867;0.247167;0.19228;0.111898;0.123584;0.0;0.0;0.0;0.0;0.0;0.0;0.0;0.0;0.0;0.0;0.026204
40156;0.306452;0.387097;0.134409;0.069892;0.102151;0.0;0.0;0.0;0.0;0.0;0.0;0.0;0.0;0.0;0.0;0.0
40157;0.3;0.333333;0.2;0.0;0.066667;0.0;0.0;0.0;0.0;0.0;0.0;0.0;0.0;0.0;0.0;0.1
40158;0.090909;0.727273;0.090909;0.090909;0.0;0.0;0.0;0.0;0.0;0.0;0.0;0.0;0.0;0.0;0.0;0.0
40159;0.230769;0.417582;0.230769;0.032967;0.054945;0.0;0.0;0.0;0.0;0.0;0.0;0.0;0.0;0.0;0.0;0.032967
40160;0.112903;0.66129;0.129032;0.064516;0.016129;0.0;0.0;0.0;0.0;0.0;0.0;0.0;0.0;0.0;0.0;0.016129
40161;0.045455;0.409091;0.363636;0.045455;0.136364;0.0;0.0;0.0;0.0;0.0;0.0;0.0;0.0;0.0;0.0;0.0
40162;0.238636;0.397727;0.234848;0.064394;0.064394;0.0;0.0;0.0;0.0;0.0;0.0;0.0;0.0;0.0;0.0;0.0
40163;0.058824;0.617647;0.058824;0.088235;0.058824;0.0;0.0;0.0;0.0;0.0;0.0;0.0;0.0;0.0;0.0;0.117647
40164;0.153846;0.615385;0.184615;0.030769;0.015385;0.0;0.0;0.0;0.0;0.0;0.0;0.0;0.0;0.0;0.0;0.0
40165;0.461538;0.192308;0.288462;0.0;0.038462;0.0;0.0;0.0;0.0;0.0;0.0;0.0;0.0;0.0;0.0;0.019231
40166;0.273632;0.517413;0.089552;0.069652;0.044776;0.0;0.0;0.0;0.0;0.0;0.0;0.0;0.0;0.0;0.0;0.004975
40168;0.15;0.35;0.15;0.0;0.35;0.0;0.0;0.0;0.0;0.0;0.0;0.0;0.0;0.0;0.0;0.0
40170;0.257962;0.36518;0.233546;0.083864;0.050955;0.0;0.0;0.0;0.0;0.0;0.0;0.0;0.0;0.0;0.0;0.008493
40171;0.193548;0.451613;0.16129;0.16129;0.032258;0.0;0.0;0.0;0.0;0.0;0.0;0.0;0.0;0.0;0.0;0.0
40172;0.3125;0.4375;0.125;0.0625;0.0625;0.0;0.0;0.0;0.0;0.0;0.0;0.0;0.0;0.0;0.0;0.0
40173;0.25;0.310345;0.181034;0.12069;0.103448;0.0;0.0;0.0;0.0;0.0;0.0;0.0;0.0;0.0;0.0;0.034483
40174;0.178571;0.517857;0.174107;0.058036;0.053571;0.0;0.0;0.0;0.0;0.0;0.0;0.0;0.0;0.0;0.0;0.017857
40176;0.452632;0.336842;0.070175;0.059649;0.077193;0.0;0.0;0.0;0.0;0.0;0.0;0.0;0.0;0.0;0.0;0.003509
40177;0.257143;0.47619;0.2;0.028571;0.038095;0.0;0.0;0.0;0.0;0.0;0.0;0.0;0.0;0.0;0.0;0.0
40178;0.066667;0.7;0.2;0.0;0.033333;0.0;0.0;0.0;0.0;0.0;0.0;0.0;0.0;0.0;0.0;0.0
40179;0.324435;0.398357;0.13347;0.078029;0.061602;0.0;0.0;0.0;0.0;0.0;0.0;0.0;0.0;0.0;0.0;0.004107
40180;0.173077;0.480769;0.230769;0.091346;0.024038;0.0;0.0;0.0;0.0;0.0;0.0;0.0;0.0;0.0;0.0;0.0
40181;0.364968;0.24975;0.147519;0.092241;0.131202;0.0;0.0;0.0;0.0;0.0;0.0;0.0;0.0;0.0;0.0;0.014319
40182;0.333333;0.387387;0.072072;0.045045;0.153153;0.0;0.0;0.0;0.0;0.0;0.0;0.0;0.0;0.0;0.0;0.009009
40183;0.05102;0.744898;0.132653;0.05102;0.010204;0.0;0.0;0.0;0.0;0.0;0.0;0.0;0.0;0.0;0.0;0.010204
40184;0.159794;0.536082;0.128866;0.097938;0.046392;0.0;0.0;0.0;0.0;0.0;0.0;0.0;0.0;0.0;0.0;0.030928
40185;0.295082;0.449909;0.132969;0.060109;0.054645;0.0;0.0;0.0;0.0;0.0;0.0;0.0;0.0;0.0;0.0;0.007286
40186;0.310345;0.517241;0.034483;0.103448;0.034483;0.0;0.0;0.0;0.0;0.0;0.0;0.0;0.0;0.0;0.0;0.0
40188;0.266667;0.433333;0.1;0.116667;0.066667;0.0;0.0;0.0;0.0;0.0;0.0;0.0;0.0;0.0;0.0;0.016667
40189;0.45122;0.286585;0.155488;0.030488;0.070122;0.0;0.0;0.0;0.0;0.0;0.0;0.0;0.0;0.0;0.0;0.006098
40190;0.142857;0.457143;0.2;0.085714;0.114286;0.0;0.0;0.0;0.0;0.0;0.0;0.0;0.0;0.0;0.0;0.0
40191;0.181159;0.34058;0.26087;0.072464;0.137681;0.0;0.0;0.0;0.0;0.0;0.0;0.0;0.0;0.0;0.0;0.007246
40192;0.326923;0.384615;0.163462;0.096154;0.019231;0.0;0.0;0.0;0.0;0.0;0.0;0.0;0.0;0.0;0.0;0.009615
40193;0.394737;0.256579;0.197368;0.072368;0.052632;0.0;0.0;0.0;0.0;0.0;0.0;0.0;0.0;0.0;0.0;0.026316
40194;0.319991;0.330132;0.148063;0.082273;0.099402;0.0;0.0;0.0;0.0;0.0;0.0;0.0;0.0;0.0;0.0;0.020138
40195;0.28877;0.417112;0.146168;0.080214;0.055258;0.0;0.0;0.0;0.0;0.0;0.0;0.0;0.0;0.0;0.0;0.012478
40196;0.125;0.666667;0.208333;0.0;0.0;0.0;0.0;0.0;0.0;0.0;0.0;0.0;0.0;0.0;0.0;0.0
40198;0.157895;0.578947;0.105263;0.157895;0.0;0.0;0.0;0.0;0.0;0.0;0.0;0.0;0.0;0.0;0.0;0.0
40199;0.214286;0.442857;0.142857;0.114286;0.071429;0.0;0.0;0.0;0.0;0.0;0.0;0.0;0.0;0.0;0.0;0.014286
40200;0.642857;0.214286;0.035714;0.107143;0.0;0.0;0.0;0.0;0.0;0.0;0.0;0.0;0.0;0.0;0.0;0.0
40201;0.108108;0.675676;0.135135;0.081081;0.0;0.0;0.0;0.0;0.0;0.0;0.0;0.0;0.0;0.0;0.0;0.0
40202;0.242424;0.666667;0.0;0.090909;0.0;0.0;0.0;0.0;0.0;0.0;0.0;0.0;0.0;0.0;0.0;0.0
40203;0.30674;0.246217;0.221458;0.081155;0.118294;0.0;0.0;0.0;0.0;0.0;0.0;0.0;0.0;0.0;0.0;0.026135
40204;0.247525;0.485149;0.158416;0.059406;0.049505;0.0;0.0;0.0;0.0;0.0;0.0;0.0;0.0;0.0;0.0;0.0
40205;0.314103;0.403846;0.121795;0.064103;0.083333;0.0;0.0;0.0;0.0;0.0;0.0;0.0;0.0;0.0;0.0;0.012821
40206;0.211382;0.382114;0.081301;0.073171;0.203252;0.0;0.0;0.0;0.0;0.0;0.0;0.0;0.0;0.0;0.0;0.04878
40207;0.25734;0.238342;0.217617;0.107081;0.146805;0.0;0.0;0.0;0.0;0.0;0.0;0.0;0.0;0.0;0.0;0.032815
40208;0.254647;0.44052;0.163569;0.079926;0.061338;0.0;0.0;0.0;0.0;0.0;0.0;0.0;0.0;0.0;0.0;0.0
40210;0.176471;0.441176;0.279412;0.058824;0.044118;0.0;0.0;0.0;0.0;0.0;0.0;0.0;0.0;0.0;0.0;0.0
40211;0.245283;0.396226;0.283019;0.037736;0.037736;0.0;0.0;0.0;0.0;0.0;0.0;0.0;0.0;0.0;0.0;0.0
40212;0.388889;0.277778;0.166667;0.111111;0.0;0.0;0.0;0.0;0.0;0.0;0.0;0.0;0.0;0.0;0.0;0.055556
40213;0.285714;0.25974;0.142857;0.272727;0.038961;0.0;0.0;0.0;0.0;0.0;0.0;0.0;0.0;0.0;0.0;0.0
40214;0.24026;0.383117;0.181818;0.090909;0.097403;0.0;0.0;0.0;0.0;0.0;0.0;0.0;0.0;0.0;0.0;0.006494
40215;0.21875;0.53125;0.15625;0.078125;0.015625;0.0;0.0;0.0;0.0;0.0;0.0;0.0;0.0;0.0;0.0;0.0
40216;0.26634;0.352941;0.222222;0.080065;0.062092;0.0;0.0;0.0;0.0;0.0;0.0;0.0;0.0;0.0;0.0;0.01634
40218;0.072727;0.709091;0.163636;0.018182;0.036364;0.0;0.0;0.0;0.0;0.0;0.0;0.0;0.0;0.0;0.0;0.0
40219;0.105263;0.443213;0.216066;0.124654;0.091413;0.0;0.0;0.0;0.0;0.0;0.0;0.0;0.0;0.0;0.0;0.019391
40220;0.288889;0.333333;0.177778;0.066667;0.066667;0.0;0.0;0.0;0.0;0.0;0.0;0.0;0.0;0.0;0.0;0.066667
40221;0.228571;0.4;0.057143;0.2;0.114286;0.0;0.0;0.0;0.0;0.0;0.0;0.0;0.0;0.0;0.0;0.0
40222;0.384615;0.338462;0.146154;0.053846;0.069231;0.0;0.0;0.0;0.0;0.0;0.0;0.0;0.0;0.0;0.0;0.007692
40223;0.323699;0.277457;0.17341;0.086705;0.109827;0.0;0.0;0.0;0.0;0.0;0.0;0.0;0.0;0.0;0.0;0.028902
40224;0.133333;0.8;0.0;0.0;0.066667;0.0;0.0;0.0;0.0;0.0;0.0;0.0;0.0;0.0;0.0;0.0
40225;0.256219;0.373134;0.235075;0.068408;0.052239;0.0;0.0;0.0;0.0;0.0;0.0;0.0;0.0;0.0;0.0;0.014925
40228;0.25419;0.486034;0.142458;0.061453;0.053073;0.0;0.0;0.0;0.0;0.0;0.0;0.0;0.0;0.0;0.0;0.002793
40229;0.454545;0.363636;0.090909;0.045455;0.045455;0.0;0.0;0.0;0.0;0.0;0.0;0.0;0.0;0.0;0.0;0.0
40230;0.4375;0.203125;0.1875;0.046875;0.109375;0.0;0.0;0.0;0.0;0.0;0.0;0.0;0.0;0.0;0.0;0.015625
40231;0.210526;0.5;0.144737;0.105263;0.039474;0.0;0.0;0.0;0.0;0.0;0.0;0.0;0.0;0.0;0.0;0.0
40233;0.267399;0.377289;0.186813;0.065934;0.091575;0.0;0.0;0.0;0.0;0.0;0.0;0.0;0.0;0.0;0.0;0.010989
40234;0.342105;0.296992;0.225564;0.090226;0.037594;0.0;0.0;0.0;0.0;0.0;0.0;0.0;0.0;0.0;0.0;0.007519
40901;0.266234;0.314935;0.191558;0.087662;0.12987;0.0;0.0;0.0;0.0;0.0;0.0;0.0;0.0;0.0;0.0;0.00974
40902;0.186667;0.6;0.173333;0.013333;0.026667;0.0;0.0;0.0;0.0;0.0;0.0;0.0;0.0;0.0;0.0;0.0
40903;0.118644;0.542373;0.237288;0.067797;0.033898;0.0;0.0;0.0;0.0;0.0;0.0;0.0;0.0;0.0;0.0;0.0
40904;0.163043;0.416667;0.163043;0.086957;0.152174;0.0;0.0;0.0;0.0;0.0;0.0;0.0;0.0;0.0;0.0;0.018116
40905;0.157895;0.610526;0.157895;0.073684;0.0;0.0;0.0;0.0;0.0;0.0;0.0;0.0;0.0;0.0;0.0;0.0
40906;0.297445;0.249392;0.192214;0.118005;0.117397;0.0;0.0;0.0;0.0;0.0;0.0;0.0;0.0;0.0;0.0;0.025547
41001;0.464481;0.176685;0.106557;0.031876;0.213115;0.0;0.0;0.0;0.0;0.0;0.0;0.0;0.0;0.0;0.0;0.007286
41002;0.45354;0.248894;0.138274;0.066372;0.073009;0.0;0.0;0.0;0.0;0.0;0.0;0.0;0.0;0.0;0.0;0.019912
41003;0.436686;0.230178;0.172781;0.054438;0.091124;0.0;0.0;0.0;0.0;0.0;0.0;0.0;0.0;0.0;0.0;0.014793
41004;0.341613;0.15281;0.200038;0.088259;0.182984;0.0;0.0;0.0;0.0;0.0;0.0;0.0;0.0;0.0;0.0;0.034296
41005;0.378859;0.149049;0.197381;0.079046;0.173683;0.0;0.0;0.0;0.0;0.0;0.0;0.0;0.0;0.0;0.0;0.021983
41006;0.522319;0.152464;0.14087;0.062029;0.111884;0.0;0.0;0.0;0.0;0.0;0.0;0.0;0.0;0.0;0.0;0.010435
41007;0.442221;0.117478;0.173269;0.071282;0.17464;0.0;0.0;0.0;0.0;0.0;0.0;0.0;0.0;0.0;0.0;0.02111
41008;0.626474;0.086501;0.111402;0.051114;0.117955;0.0;0.0;0.0;0.0;0.0;0.0;0.0;0.0;0.0;0.0;0.006553
41009;0.462173;0.143054;0.171939;0.133425;0.07978;0.0;0.0;0.0;0.0;0.0;0.0;0.0;0.0;0.0;0.0;0.009629
41010;0.353772;0.138684;0.175602;0.072231;0.230819;0.0;0.0;0.0;0.0;0.0;0.0;0.0;0.0;0.0;0.0;0.028892
41011;0.511652;0.130315;0.10663;0.070294;0.170456;0.0;0.0;0.0;0.0;0.0;0.0;0.0;0.0;0.0;0.0;0.010653
41012;0.461152;0.149452;0.202011;0.054845;0.118373;0.0;0.0;0.0;0.0;0.0;0.0;0.0;0.0;0.0;0.0;0.014168
41013;0.587415;0.092118;0.088226;0.024327;0.200778;0.0;0.0;0.0;0.0;0.0;0.0;0.0;0.0;0.0;0.0;0.007136
41014;0.380101;0.070989;0.067077;0.034097;0.44047;0.0;0.0;0.0;0.0;0.0;0.0;0.0;0.0;0.0;0.0;0.007267
41015;0.393552;0.142023;0.247082;0.082824;0.116454;0.0;0.0;0.0;0.0;0.0;0.0;0.0;0.0;0.0;0.0;0.018066
41016;0.291776;0.188972;0.21215;0.088224;0.169346;0.0;0.0;0.0;0.0;0.0;0.0;0.0;0.0;0.0;0.0;0.049533
41017;0.29065;0.196429;0.228643;0.100951;0.160535;0.0;0.0;0.0;0.0;0.0;0.0;0.0;0.0;0.0;0.0;0.022793
41018;0.518625;0.104107;0.112703;0.055078;0.191659;0.0;0.0;0.0;0.0;0.0;0.0;0.0;0.0;0.0;0.0;0.017829
41019;0.37142;0.169054;0.224471;0.076276;0.141656;0.0;0.0;0.0;0.0;0.0;0.0;0.0;0.0;0.0;0.0;0.017123
41020;0.490209;0.134028;0.17561;0.063327;0.126526;0.0;0.0;0.0;0.0;0.0;0.0;0.0;0.0;0.0;0.0;0.0103
41021;0.404834;0.133893;0.179791;0.070783;0.185241;0.0;0.0;0.0;0.0;0.0;0.0;0.0;0.0;0.0;0.0;0.025459
41022;0.508539;0.117268;0.100569;0.051233;0.214801;0.0;0.0;0.0;0.0;0.0;0.0;0.0;0.0;0.0;0.0;0.00759
41023;0.440558;0.196837;0.162419;0.065302;0.122419;0.0;0.0;0.0;0.0;0.0;0.0;0.0;0.0;0.0;0.0;0.012465
41024;0.418102;0.183186;0.186126;0.075248;0.119488;0.0;0.0;0.0;0.0;0.0;0.0;0.0;0.0;0.0;0.0;0.01785
41025;0.372945;0.230942;0.200299;0.040359;0.138266;0.0;0.0;0.0;0.0;0.0;0.0;0.0;0.0;0.0;0.0;0.01719
41026;0.395769;0.054874;0.082465;0.046597;0.404966;0.0;0.0;0.0;0.0;0.0;0.0;0.0;0.0;0.0;0.0;0.015328
41027;0.385993;0.150816;0.19817;0.05969;0.185834;0.0;0.0;0.0;0.0;0.0;0.0;0.0;0.0;0.0;0.0;0.019499
41028;0.313043;0.157143;0.167702;0.120497;0.218012;0.0;0.0;0.0;0.0;0.0;0.0;0.0;0.0;0.0;0.0;0.023602
41029;0.374436;0.172946;0.189842;0.081646;0.155735;0.0;0.0;0.0;0.0;0.0;0.0;0.0;0.0;0.0;0.0;0.025396
41030;0.467787;0.179272;0.145658;0.056022;0.128852;0.0;0.0;0.0;0.0;0.0;0.0;0.0;0.0;0.0;0.0;0.022409
41031;0.628272;0.109948;0.111257;0.057592;0.081152;0.0;0.0;0.0;0.0;0.0;0.0;0.0;0.0;0.0;0.0;0.01178
41032;0.464179;0.160448;0.142537;0.089925;0.132836;0.0;0.0;0.0;0.0;0.0;0.0;0.0;0.0;0.0;0.0;0.010075
41033;0.471669;0.177148;0.189601;0.089664;0.057597;0.0;0.0;0.0;0.0;0.0;0.0;0.0;0.0;0.0;0.0;0.014321
41034;0.406221;0.125351;0.195452;0.073311;0.153779;0.0;0.0;0.0;0.0;0.0;0.0;0.0;0.0;0.0;0.0;0.045886
41035;0.488764;0.228933;0.172753;0.042135;0.060393;0.0;0.0;0.0;0.0;0.0;0.0;0.0;0.0;0.0;0.0;0.007022
41036;0.380077;0.098467;0.081992;0.045977;0.378544;0.0;0.0;0.0;0.0;0.0;0.0;0.0;0.0;0.0;0.0;0.014943
41037;0.493744;0.078642;0.096962;0.042449;0.281948;0.0;0.0;0.0;0.0;0.0;0.0;0.0;0.0;0.0;0.0;0.006256
41038;0.354783;0.138604;0.206331;0.089896;0.184163;0.0;0.0;0.0;0.0;0.0;0.0;0.0;0.0;0.0;0.0;0.026223
41039;0.339988;0.209711;0.21988;0.08979;0.109147;0.0;0.0;0.0;0.0;0.0;0.0;0.0;0.0;0.0;0.0;0.031485
41040;0.247372;0.242728;0.252261;0.09692;0.140797;0.0;0.0;0.0;0.0;0.0;0.0;0.0;0.0;0.0;0.0;0.019922
41041;0.381105;0.192878;0.211628;0.072965;0.121948;0.0;0.0;0.0;0.0;0.0;0.0;0.0;0.0;0.0;0.0;0.019477
41042;0.502967;0.126426;0.087631;0.051346;0.219534;0.0;0.0;0.0;0.0;0.0;0.0;0.0;0.0;0.0;0.0;0.012095
41043;0.545882;0.131765;0.143529;0.08;0.098824;0.0;0.0;0.0;0.0;0.0;0.0;0.0;0.0;0.0;0.0;0.0
41044;0.331391;0.185543;0.206664;0.091042;0.165696;0.0;0.0;0.0;0.0;0.0;0.0;0.0;0.0;0.0;0.0;0.019665
41045;0.394772;0.116031;0.158709;0.069619;0.237663;0.0;0.0;0.0;0.0;0.0;0.0;0.0;0.0;0.0;0.0;0.023206
41046;0.490626;0.094193;0.09465;0.059442;0.245542;0.0;0.0;0.0;0.0;0.0;0.0;0.0;0.0;0.0;0.0;0.015546
41047;0.300876;0.216834;0.184812;0.09306;0.172919;0.0;0.0;0.0;0.0;0.0;0.0;0.0;0.0;0.0;0.0;0.031499
41048;0.480173;0.180245;0.172314;0.051911;0.105263;0.0;0.0;0.0;0.0;0.0;0.0;0.0;0.0;0.0;0.0;0.010094
41049;0.425981;0.14239;0.146849;0.059602;0.211058;0.0;0.0;0.0;0.0;0.0;0.0;0.0;0.0;0.0;0.0;0.01412
41050;0.386778;0.233993;0.158511;0.072879;0.123894;0.0;0.0;0.0;0.0;0.0;0.0;0.0;0.0;0.0;0.0;0.023946
41051;0.409739;0.228622;0.182898;0.035629;0.12886;0.0;0.0;0.0;0.0;0.0;0.0;0.0;0.0;0.0;0.0;0.014252
41052;0.513423;0.107383;0.126558;0.082454;0.155321;0.0;0.0;0.0;0.0;0.0;0.0;0.0;0.0;0.0;0.0;0.014861
41053;0.403801;0.150053;0.192333;0.089032;0.149921;0.0;0.0;0.0;0.0;0.0;0.0;0.0;0.0;0.0;0.0;0.014861
41054;0.478821;0.163904;0.162063;0.047882;0.138122;0.0;0.0;0.0;0.0;0.0;0.0;0.0;0.0;0.0;0.0;0.009208
41055;0.411949;0.199494;0.187949;0.064;0.119899;0.0;0.0;0.0;0.0;0.0;0.0;0.0;0.0;0.0;0.0;0.016709
41056;0.559081;0.091904;0.139679;0.075128;0.118891;0.0;0.0;0.0;0.0;0.0;0.0;0.0;0.0;0.0;0.0;0.015317
41057;0.51497;0.269461;0.053892;0.053892;0.08982;0.0;0.0;0.0;0.0;0.0;0.0;0.0;0.0;0.0;0.0;0.017964
41058;0.341536;0.213956;0.194366;0.082733;0.140209;0.0;0.0;0.0;0.0;0.0;0.0;0.0;0.0;0.0;0.0;0.0272
41059;0.316191;0.177157;0.177001;0.100794;0.205866;0.0;0.0;0.0;0.0;0.0;0.0;0.0;0.0;0.0;0.0;0.022991
41060;0.386051;0.187328;0.194695;0.088114;0.126228;0.0;0.0;0.0;0.0;0.0;0.0;0.0;0.0;0.0;0.0;0.017583
41061;0.178439;0.063817;0.077447;0.024164;0.649318;0.0;0.0;0.0;0.0;0.0;0.0;0.0;0.0;0.0;0.0;0.006815
41062;0.468611;0.03551;0.051997;0.022194;0.417882;0.0;0.0;0.0;0.0;0.0;0.0;0.0;0.0;0.0;0.0;0.003805
41063;0.42558;0.138087;0.151104;0.049802;0.222977;0.0;0.0;0.0;0.0;0.0;0.0;0.0;0.0;0.0;0.0;0.01245
41064;0.53734;0.130318;0.151145;0.079441;0.089854;0.0;0.0;0.0;0.0;0.0;0.0;0.0;0.0;0.0;0.0;0.011901
41065;0.464651;0.125123;0.147566;0.06677;0.181442;0.0;0.0;0.0;0.0;0.0;0.0;0.0;0.0;0.0;0.0;0.014448
41066;0.65881;0.116723;0.058361;0.042649;0.113356;0.0;0.0;0.0;0.0;0.0;0.0;0.0;0.0;0.0;0.0;0.010101
41067;0.424151;0.196705;0.182439;0.057866;0.124774;0.0;0.0;0.0;0.0;0.0;0.0;0.0;0.0;0.0;0.0;0.014065
41068;0.512405;0.151971;0.122865;0.061648;0.140479;0.0;0.0;0.0;0.0;0.0;0.0;0.0;0.0;0.0;0.0;0.010633
41069;0.297991;0.152617;0.271639;0.094673;0.158576;0.0;0.0;0.0;0.0;0.0;0.0;0.0;0.0;0.0;0.0;0.024503
41070;0.281675;0.156291;0.21701;0.111355;0.209119;0.0;0.0;0.0;0.0;0.0;0.0;0.0;0.0;0.0;0.0;0.024551
41071;0.457416;0.123117;0.126883;0.070104;0.207416;0.0;0.0;0.0;0.0;0.0;0.0;0.0;0.0;0.0;0.0;0.015064
41072;0.417066;0.0634;0.086018;0.031871;0.395819;0.0;0.0;0.0;0.0;0.0;0.0;0.0;0.0;0.0;0.0;0.005826
41073;0.483599;0.178069;0.151828;0.064667;0.109653;0.0;0.0;0.0;0.0;0.0;0.0;0.0;0.0;0.0;0.0;0.012184
41074;0.43001;0.156759;0.109779;0.036913;0.254075;0.0;0.0;0.0;0.0;0.0;0.0;0.0;0.0;0.0;0.0;0.012464
41075;0.345729;0.20889;0.243608;0.058542;0.129721;0.0;0.0;0.0;0.0;0.0;0.0;0.0;0.0;0.0;0.0;0.01351
41076;0.505332;0.164889;0.088597;0.04676;0.178015;0.0;0.0;0.0;0.0;0.0;0.0;0.0;0.0;0.0;0.0;0.016407
41077;0.445827;0.140977;0.154318;0.063458;0.181359;0.0;0.0;0.0;0.0;0.0;0.0;0.0;0.0;0.0;0.0;0.014062
41078;0.486583;0.156828;0.14192;0.050686;0.158617;0.0;0.0;0.0;0.0;0.0;0.0;0.0;0.0;0.0;0.0;0.005367
41079;0.457683;0.107644;0.188337;0.075965;0.148148;0.0;0.0;0.0;0.0;0.0;0.0;0.0;0.0;0.0;0.0;0.022222
41080;0.464419;0.189763;0.151061;0.072409;0.111111;0.0;0.0;0.0;0.0;0.0;0.0;0.0;0.0;0.0;0.0;0.011236
41081;0.450598;0.097887;0.144539;0.073765;0.209572;0.0;0.0;0.0;0.0;0.0;0.0;0.0;0.0;0.0;0.0;0.02364
41082;0.513622;0.13141;0.167468;0.053686;0.120994;0.0;0.0;0.0;0.0;0.0;0.0;0.0;0.0;0.0;0.0;0.012821
41083;0.523515;0.127475;0.15099;0.063119;0.115099;0.0;0.0;0.0;0.0;0.0;0.0;0.0;0.0;0.0;0.0;0.019802
41084;0.489108;0.181535;0.15249;0.057054;0.113071;0.0;0.0;0.0;0.0;0.0;0.0;0.0;0.0;0.0;0.0;0.006743
41085;0.365201;0.191205;0.20682;0.066922;0.152326;0.0;0.0;0.0;0.0;0.0;0.0;0.0;0.0;0.0;0.0;0.017527
41086;0.39697;0.151585;0.188403;0.081862;0.154795;0.0;0.0;0.0;0.0;0.0;0.0;0.0;0.0;0.0;0.0;0.026384
41087;0.333668;0.17337;0.248779;0.079144;0.146653;0.0;0.0;0.0;0.0;0.0;0.0;0.0;0.0;0.0;0.0;0.018386
41088;0.525281;0.188202;0.095506;0.039326;0.13764;0.0;0.0;0.0;0.0;0.0;0.0;0.0;0.0;0.0;0.0;0.014045
41089;0.401115;0.129543;0.160535;0.074916;0.194872;0.0;0.0;0.0;0.0;0.0;0.0;0.0;0.0;0.0;0.0;0.039019
41090;0.443443;0.181557;0.153689;0.053279;0.131967;0.0;0.0;0.0;0.0;0.0;0.0;0.0;0.0;0.0;0.0;0.036066
41091;0.322076;0.220897;0.176889;0.083302;0.174493;0.0;0.0;0.0;0.0;0.0;0.0;0.0;0.0;0.0;0.0;0.022342
41092;0.530077;0.119157;0.162069;0.065326;0.107088;0.0;0.0;0.0;0.0;0.0;0.0;0.0;0.0;0.0;0.0;0.016284
41093;0.249777;0.282219;0.194034;0.102413;0.154581;0.0;0.0;0.0;0.0;0.0;0.0;0.0;0.0;0.0;0.0;0.016977
41094;0.368697;0.169614;0.253438;0.070727;0.120279;0.0;0.0;0.0;0.0;0.0;0.0;0.0;0.0;0.0;0.0;0.017245
41095;0.387649;0.153776;0.214308;0.098632;0.121981;0.0;0.0;0.0;0.0;0.0;0.0;0.0;0.0;0.0;0.0;0.023655
41096;0.311643;0.234603;0.175408;0.087269;0.172797;0.0;0.0;0.0;0.0;0.0;0.0;0.0;0.0;0.0;0.0;0.018281
41097;0.513869;0.141044;0.217207;0.058298;0.06394;0.0;0.0;0.0;0.0;0.0;0.0;0.0;0.0;0.0;0.0;0.005642
41098;0.358475;0.243039;0.192755;0.05488;0.126521;0.0;0.0;0.0;0.0;0.0;0.0;0.0;0.0;0.0;0.0;0.024331
41099;0.501042;0.082951;0.179658;0.057524;0.140475;0.0;0.0;0.0;0.0;0.0;0.0;0.0;0.0;0.0;0.0;0.038349
41100;0.525478;0.211783;0.098726;0.050955;0.101911;0.0;0.0;0.0;0.0;0.0;0.0;0.0;0.0;0.0;0.0;0.011146
41101;0.434615;0.189183;0.170192;0.048317;0.147115;0.0;0.0;0.0;0.0;0.0;0.0;0.0;0.0;0.0;0.0;0.010577
41102;0.38837;0.145017;0.197585;0.083722;0.163284;0.0;0.0;0.0;0.0;0.0;0.0;0.0;0.0;0.0;0.0;0.022022
41901;0.737525;0.066367;0.057385;0.040419;0.088323;0.0;0.0;0.0;0.0;0.0;0.0;0.0;0.0;0.0;0.0;0.00998
41902;0.497871;0.130589;0.175656;0.058907;0.122072;0.0;0.0;0.0;0.0;0.0;0.0;0.0;0.0;0.0;0.0;0.014904
41903;0.414971;0.161465;0.202171;0.080507;0.11782;0.0;0.0;0.0;0.0;0.0;0.0;0.0;0.0;0.0;0.0;0.023066
41904;0.703154;0.042672;0.116883;0.028757;0.097403;0.0;0.0;0.0;0.0;0.0;0.0;0.0;0.0;0.0;0.0;0.011132
42001;0.408284;0.343195;0.147929;0.047337;0.053254;0.0;0.0;0.0;0.0;0.0;0.0;0.0;0.0;0.0;0.0;0.0
42003;0.212766;0.468085;0.234043;0.06383;0.021277;0.0;0.0;0.0;0.0;0.0;0.0;0.0;0.0;0.0;0.0;0.0
42004;0.317264;0.365472;0.201303;0.069707;0.040391;0.0;0.0;0.0;0.0;0.0;0.0;0.0;0.0;0.0;0.0;0.005863
42006;0.320388;0.368932;0.097087;0.097087;0.097087;0.0;0.0;0.0;0.0;0.0;0.0;0.0;0.0;0.0;0.0;0.019417
42007;0.253165;0.556962;0.113924;0.063291;0.0;0.0;0.0;0.0;0.0;0.0;0.0;0.0;0.0;0.0;0.0;0.012658
42008;0.146341;0.560976;0.146341;0.0;0.146341;0.0;0.0;0.0;0.0;0.0;0.0;0.0;0.0;0.0;0.0;0.0
42009;0.155172;0.534483;0.172414;0.068966;0.051724;0.0;0.0;0.0;0.0;0.0;0.0;0.0;0.0;0.0;0.0;0.017241
42010;0.142857;0.642857;0.142857;0.071429;0.0;0.0;0.0;0.0;0.0;0.0;0.0;0.0;0.0;0.0;0.0;0.0
42011;0.272727;0.363636;0.272727;0.090909;0.0;0.0;0.0;0.0;0.0;0.0;0.0;0.0;0.0;0.0;0.0;0.0
42012;0.318182;0.318182;0.318182;0.0;0.045455;0.0;0.0;0.0;0.0;0.0;0.0;0.0;0.0;0.0;0.0;0.0
42013;0.55;0.3;0.05;0.0;0.05;0.0;0.0;0.0;0.0;0.0;0.0;0.0;0.0;0.0;0.0;0.05
42014;0.257143;0.485714;0.142857;0.057143;0.057143;0.0;0.0;0.0;0.0;0.0;0.0;0.0;0.0;0.0;0.0;0.0
42015;0.15;0.55;0.25;0.05;0.0;0.0;0.0;0.0;0.0;0.0;0.0;0.0;0.0;0.0;0.0;0.0
42016;0.230769;0.461538;0.153846;0.076923;0.076923;0.0;0.0;0.0;0.0;0.0;0.0;0.0;0.0;0.0;0.0;0.0
42017;0.515789;0.263158;0.157895;0.010526;0.052632;0.0;0.0;0.0;0.0;0.0;0.0;0.0;0.0;0.0;0.0;0.0
42018;0.182796;0.548387;0.182796;0.053763;0.032258;0.0;0.0;0.0;0.0;0.0;0.0;0.0;0.0;0.0;0.0;0.0
42019;0.275148;0.446746;0.14497;0.038462;0.088757;0.0;0.0;0.0;0.0;0.0;0.0;0.0;0.0;0.0;0.0;0.005917
42020;0.3659;0.367031;0.131271;0.053942;0.07318;0.0;0.0;0.0;0.0;0.0;0.0;0.0;0.0;0.0;0.0;0.008676
42021;0.186047;0.581395;0.116279;0.069767;0.046512;0.0;0.0;0.0;0.0;0.0;0.0;0.0;0.0;0.0;0.0;0.0
42022;0.157143;0.507143;0.271429;0.042857;0.014286;0.0;0.0;0.0;0.0;0.0;0.0;0.0;0.0;0.0;0.0;0.007143
42023;0.1875;0.583333;0.166667;0.020833;0.041667;0.0;0.0;0.0;0.0;0.0;0.0;0.0;0.0;0.0;0.0;0.0
42024;0.295082;0.47541;0.147541;0.04918;0.032787;0.0;0.0;0.0;0.0;0.0;0.0;0.0;0.0;0.0;0.0;0.0
42025;0.386111;0.354167;0.154167;0.048611;0.047222;0.0;0.0;0.0;0.0;0.0;0.0;0.0;0.0;0.0;0.0;0.009722
42026;0.32;0.44;0.08;0.08;0.08;0.0;0.0;0.0;0.0;0.0;0.0;0.0;0.0;0.0;0.0;0.0
42027;0.369565;0.434783;0.130435;0.0;0.065217;0.0;0.0;0.0;0.0;0.0;0.0;0.0;0.0;0.0;0.0;0.0
42028;0.375;0.25;0.178571;0.035714;0.160714;0.0;0.0;0.0;0.0;0.0;0.0;0.0;0.0;0.0;0.0;0.0
42029;0.155556;0.677778;0.122222;0.044444;0.0;0.0;0.0;0.0;0.0;0.0;0.0;0.0;0.0;0.0;0.0;0.0
42030;0.044776;0.641791;0.19403;0.059701;0.044776;0.0;0.0;0.0;0.0;0.0;0.0;0.0;0.0;0.0;0.0;0.014925
42031;0.0625;0.6875;0.125;0.125;0.0;0.0;0.0;0.0;0.0;0.0;0.0;0.0;0.0;0.0;0.0;0.0
42032;0.3125;0.5;0.114583;0.041667;0.020833;0.0;0.0;0.0;0.0;0.0;0.0;0.0;0.0;0.0;0.0;0.010417
42033;0.304348;0.586957;0.086957;0.0;0.021739;0.0;0.0;0.0;0.0;0.0;0.0;0.0;0.0;0.0;0.0;0.0
42034;0.36;0.28;0.16;0.04;0.12;0.0;0.0;0.0;0.0;0.0;0.0;0.0;0.0;0.0;0.0;0.04
42035;0.352298;0.404814;0.142232;0.059081;0.030635;0.0;0.0;0.0;0.0;0.0;0.0;0.0;0.0;0.0;0.0;0.010941
42036;0.419355;0.064516;0.096774;0.096774;0.322581;0.0;0.0;0.0;0.0;0.0;0.0;0.0;0.0;0.0;0.0;0.0
42037;0.272727;0.727273;0.0;0.0;0.0;0.0;0.0;0.0;0.0;0.0;0.0;0.0;0.0;0.0;0.0;0.0
42038;0.047619;0.857143;0.047619;0.0;0.047619;0.0;0.0;0.0;0.0;0.0;0.0;0.0;0.0;0.0;0.0;0.0
42039;0.357143;0.285714;0.15;0.05;0.15;0.0;0.0;0.0;0.0;0.0;0.0;0.0;0.0;0.0;0.0;0.007143
42041;0.217391;0.521739;0.130435;0.086957;0.043478;0.0;0.0;0.0;0.0;0.0;0.0;0.0;0.0;0.0;0.0;0.0
42042;0.15;0.425;0.225;0.1;0.075;0.0;0.0;0.0;0.0;0.0;0.0;0.0;0.0;0.0;0.0;0.025
42043;0.260628;0.437426;0.165276;0.051649;0.072706;0.0;0.0;0.0;0.0;0.0;0.0;0.0;0.0;0.0;0.0;0.012316
42044;0.088235;0.764706;0.058824;0.058824;0.029412;0.0;0.0;0.0;0.0;0.0;0.0;0.0;0.0;0.0;0.0;0.0
42045;0.3;0.405882;0.182353;0.070588;0.041176;0.0;0.0;0.0;0.0;0.0;0.0;0.0;0.0;0.0;0.0;0.0
42046;0.28125;0.125;0.15625;0.0625;0.34375;0.0;0.0;0.0;0.0;0.0;0.0;0.0;0.0;0.0;0.0;0.03125
42048;0.173077;0.5;0.211538;0.076923;0.038462;0.0;0.0;0.0;0.0;0.0;0.0;0.0;0.0;0.0;0.0;0.0
42049;0.157143;0.657143;0.1;0.057143;0.028571;0.0;0.0;0.0;0.0;0.0;0.0;0.0;0.0;0.0;0.0;0.0
42050;0.0;0.823529;0.176471;0.0;0.0;0.0;0.0;0.0;0.0;0.0;0.0;0.0;0.0;0.0;0.0;0.0
42051;0.0;0.888889;0.111111;0.0;0.0;0.0;0.0;0.0;0.0;0.0;0.0;0.0;0.0;0.0;0.0;0.0
42052;0.0;0.571429;0.285714;0.0;0.142857;0.0;0.0;0.0;0.0;0.0;0.0;0.0;0.0;0.0;0.0;0.0
42053;0.0;0.941176;0.058824;0.0;0.0;0.0;0.0;0.0;0.0;0.0;0.0;0.0;0.0;0.0;0.0;0.0
42054;0.666667;0.333333;0.0;0.0;0.0;0.0;0.0;0.0;0.0;0.0;0.0;0.0;0.0;0.0;0.0;0.0
42055;0.428571;0.419643;0.116071;0.017857;0.017857;0.0;0.0;0.0;0.0;0.0;0.0;0.0;0.0;0.0;0.0;0.0
42056;0.125;0.708333;0.125;0.0;0.041667;0.0;0.0;0.0;0.0;0.0;0.0;0.0;0.0;0.0;0.0;0.0
42057;0.214286;0.585714;0.128571;0.0;0.071429;0.0;0.0;0.0;0.0;0.0;0.0;0.0;0.0;0.0;0.0;0.0
42058;0.197183;0.619718;0.126761;0.042254;0.014085;0.0;0.0;0.0;0.0;0.0;0.0;0.0;0.0;0.0;0.0;0.0
42059;0.0;0.571429;0.285714;0.142857;0.0;0.0;0.0;0.0;0.0;0.0;0.0;0.0;0.0;0.0;0.0;0.0
42060;0.214286;0.642857;0.071429;0.071429;0.0;0.0;0.0;0.0;0.0;0.0;0.0;0.0;0.0;0.0;0.0;0.0
42061;0.325967;0.40884;0.127072;0.066298;0.066298;0.0;0.0;0.0;0.0;0.0;0.0;0.0;0.0;0.0;0.0;0.005525
42062;0.4;0.4;0.0;0.0;0.2;0.0;0.0;0.0;0.0;0.0;0.0;0.0;0.0;0.0;0.0;0.0
42063;0.482759;0.413793;0.068966;0.0;0.034483;0.0;0.0;0.0;0.0;0.0;0.0;0.0;0.0;0.0;0.0;0.0
42064;0.5;0.296875;0.125;0.015625;0.0625;0.0;0.0;0.0;0.0;0.0;0.0;0.0;0.0;0.0;0.0;0.0
42065;0.117647;0.705882;0.117647;0.0;0.058824;0.0;0.0;0.0;0.0;0.0;0.0;0.0;0.0;0.0;0.0;0.0
42068;0.175439;0.578947;0.175439;0.035088;0.017544;0.0;0.0;0.0;0.0;0.0;0.0;0.0;0.0;0.0;0.0;0.017544
42069;0.358447;0.349315;0.115297;0.044521;0.124429;0.0;0.0;0.0;0.0;0.0;0.0;0.0;0.0;0.0;0.0;0.007991
42070;0.636364;0.272727;0.045455;0.045455;0.0;0.0;0.0;0.0;0.0;0.0;0.0;0.0;0.0;0.0;0.0;0.0
42071;0.322222;0.511111;0.088889;0.033333;0.022222;0.0;0.0;0.0;0.0;0.0;0.0;0.0;0.0;0.0;0.0;0.022222
42073;0.163636;0.454545;0.236364;0.054545;0.072727;0.0;0.0;0.0;0.0;0.0;0.0;0.0;0.0;0.0;0.0;0.018182
42075;0.204082;0.632653;0.081633;0.0;0.081633;0.0;0.0;0.0;0.0;0.0;0.0;0.0;0.0;0.0;0.0;0.0
42076;0.35461;0.453901;0.056738;0.056738;0.078014;0.0;0.0;0.0;0.0;0.0;0.0;0.0;0.0;0.0;0.0;0.0
42078;0.313386;0.488189;0.100787;0.037795;0.055118;0.0;0.0;0.0;0.0;0.0;0.0;0.0;0.0;0.0;0.0;0.004724
42079;0.0;0.9375;0.0625;0.0;0.0;0.0;0.0;0.0;0.0;0.0;0.0;0.0;0.0;0.0;0.0;0.0
42080;0.364486;0.476636;0.11215;0.028037;0.018692;0.0;0.0;0.0;0.0;0.0;0.0;0.0;0.0;0.0;0.0;0.0
42081;0.306818;0.465909;0.147727;0.056818;0.022727;0.0;0.0;0.0;0.0;0.0;0.0;0.0;0.0;0.0;0.0;0.0
42082;0.25;0.625;0.0;0.0;0.125;0.0;0.0;0.0;0.0;0.0;0.0;0.0;0.0;0.0;0.0;0.0
42083;0.25;0.55;0.05;0.0;0.15;0.0;0.0;0.0;0.0;0.0;0.0;0.0;0.0;0.0;0.0;0.0
42084;0.2;0.666667;0.133333;0.0;0.0;0.0;0.0;0.0;0.0;0.0;0.0;0.0;0.0;0.0;0.0;0.0
42085;0.221154;0.605769;0.086538;0.038462;0.048077;0.0;0.0;0.0;0.0;0.0;0.0;0.0;0.0;0.0;0.0;0.0
42086;0.166667;0.666667;0.111111;0.055556;0.0;0.0;0.0;0.0;0.0;0.0;0.0;0.0;0.0;0.0;0.0;0.0
42087;0.219512;0.121951;0.146341;0.02439;0.463415;0.0;0.0;0.0;0.0;0.0;0.0;0.0;0.0;0.0;0.0;0.02439
42088;0.227273;0.613636;0.113636;0.022727;0.022727;0.0;0.0;0.0;0.0;0.0;0.0;0.0;0.0;0.0;0.0;0.0
42089;0.418605;0.44186;0.093023;0.023256;0.023256;0.0;0.0;0.0;0.0;0.0;0.0;0.0;0.0;0.0;0.0;0.0
42090;0.285714;0.587302;0.047619;0.079365;0.0;0.0;0.0;0.0;0.0;0.0;0.0;0.0;0.0;0.0;0.0;0.0
42092;0.128205;0.307692;0.435897;0.051282;0.051282;0.0;0.0;0.0;0.0;0.0;0.0;0.0;0.0;0.0;0.0;0.025641
42093;0.222222;0.444444;0.222222;0.111111;0.0;0.0;0.0;0.0;0.0;0.0;0.0;0.0;0.0;0.0;0.0;0.0
42094;0.316159;0.299766;0.187354;0.100703;0.086651;0.0;0.0;0.0;0.0;0.0;0.0;0.0;0.0;0.0;0.0;0.009368
42095;0.31221;0.279753;0.220247;0.069552;0.101236;0.0;0.0;0.0;0.0;0.0;0.0;0.0;0.0;0.0;0.0;0.017002
42096;0.244094;0.543307;0.070866;0.03937;0.094488;0.0;0.0;0.0;0.0;0.0;0.0;0.0;0.0;0.0;0.0;0.007874
42097;0.625;0.25;0.125;0.0;0.0;0.0;0.0;0.0;0.0;0.0;0.0;0.0;0.0;0.0;0.0;0.0
42098;0.428571;0.428571;0.0;0.0;0.0;0.0;0.0;0.0;0.0;0.0;0.0;0.0;0.0;0.0;0.0;0.142857
42100;0.217391;0.652174;0.0;0.043478;0.0;0.0;0.0;0.0;0.0;0.0;0.0;0.0;0.0;0.0;0.0;0.086957
42103;0.268817;0.462366;0.139785;0.091398;0.037634;0.0;0.0;0.0;0.0;0.0;0.0;0.0;0.0;0.0;0.0;0.0
42105;0.078947;0.684211;0.157895;0.078947;0.0;0.0;0.0;0.0;0.0;0.0;0.0;0.0;0.0;0.0;0.0;0.0
42106;0.181818;0.545455;0.272727;0.0;0.0;0.0;0.0;0.0;0.0;0.0;0.0;0.0;0.0;0.0;0.0;0.0
42107;0.304348;0.391304;0.152174;0.065217;0.065217;0.0;0.0;0.0;0.0;0.0;0.0;0.0;0.0;0.0;0.0;0.021739
42108;0.0;1.0;0.0;0.0;0.0;0.0;0.0;0.0;0.0;0.0;0.0;0.0;0.0;0.0;0.0;0.0
42110;0.186047;0.44186;0.186047;0.093023;0.093023;0.0;0.0;0.0;0.0;0.0;0.0;0.0;0.0;0.0;0.0;0.0
42111;0.292818;0.403315;0.149171;0.049724;0.104972;0.0;0.0;0.0;0.0;0.0;0.0;0.0;0.0;0.0;0.0;0.0
42113;0.258242;0.516484;0.120879;0.046703;0.043956;0.0;0.0;0.0;0.0;0.0;0.0;0.0;0.0;0.0;0.0;0.013736
42115;0.106061;0.621212;0.19697;0.0;0.075758;0.0;0.0;0.0;0.0;0.0;0.0;0.0;0.0;0.0;0.0;0.0
42116;0.37037;0.444444;0.111111;0.037037;0.037037;0.0;0.0;0.0;0.0;0.0;0.0;0.0;0.0;0.0;0.0;0.0
42117;0.148936;0.457447;0.202128;0.06383;0.117021;0.0;0.0;0.0;0.0;0.0;0.0;0.0;0.0;0.0;0.0;0.010638
42118;0.090909;0.818182;0.090909;0.0;0.0;0.0;0.0;0.0;0.0;0.0;0.0;0.0;0.0;0.0;0.0;0.0
42119;0.12987;0.623377;0.168831;0.051948;0.025974;0.0;0.0;0.0;0.0;0.0;0.0;0.0;0.0;0.0;0.0;0.0
42120;0.364706;0.447059;0.105882;0.035294;0.047059;0.0;0.0;0.0;0.0;0.0;0.0;0.0;0.0;0.0;0.0;0.0
42121;0.384615;0.333333;0.230769;0.051282;0.0;0.0;0.0;0.0;0.0;0.0;0.0;0.0;0.0;0.0;0.0;0.0
42123;0.333333;0.5;0.114583;0.03125;0.020833;0.0;0.0;0.0;0.0;0.0;0.0;0.0;0.0;0.0;0.0;0.0
42124;0.407407;0.407407;0.111111;0.037037;0.037037;0.0;0.0;0.0;0.0;0.0;0.0;0.0;0.0;0.0;0.0;0.0
42125;0.345455;0.254545;0.2;0.163636;0.036364;0.0;0.0;0.0;0.0;0.0;0.0;0.0;0.0;0.0;0.0;0.0
42127;0.28;0.52;0.04;0.04;0.12;0.0;0.0;0.0;0.0;0.0;0.0;0.0;0.0;0.0;0.0;0.0
42128;0.378378;0.540541;0.0;0.0;0.054054;0.0;0.0;0.0;0.0;0.0;0.0;0.0;0.0;0.0;0.0;0.027027
42129;0.375527;0.373418;0.103376;0.090717;0.048523;0.0;0.0;0.0;0.0;0.0;0.0;0.0;0.0;0.0;0.0;0.008439
42130;0.076923;0.692308;0.179487;0.051282;0.0;0.0;0.0;0.0;0.0;0.0;0.0;0.0;0.0;0.0;0.0;0.0
42131;0.351351;0.567568;0.027027;0.0;0.027027;0.0;0.0;0.0;0.0;0.0;0.0;0.0;0.0;0.0;0.0;0.027027
42132;0.232323;0.525253;0.141414;0.020202;0.070707;0.0;0.0;0.0;0.0;0.0;0.0;0.0;0.0;0.0;0.0;0.010101
42134;0.325069;0.363636;0.13719;0.064463;0.10303;0.0;0.0;0.0;0.0;0.0;0.0;0.0;0.0;0.0;0.0;0.006612
42135;0.307692;0.461538;0.102564;0.051282;0.076923;0.0;0.0;0.0;0.0;0.0;0.0;0.0;0.0;0.0;0.0;0.0
42139;0.142857;0.714286;0.071429;0.0;0.071429;0.0;0.0;0.0;0.0;0.0;0.0;0.0;0.0;0.0;0.0;0.0
42140;0.0;0.6;0.4;0.0;0.0;0.0;0.0;0.0;0.0;0.0;0.0;0.0;0.0;0.0;0.0;0.0
42141;0.237288;0.338983;0.288136;0.084746;0.050847;0.0;0.0;0.0;0.0;0.0;0.0;0.0;0.0;0.0;0.0;0.0
42142;0.171429;0.6;0.171429;0.028571;0.0;0.0;0.0;0.0;0.0;0.0;0.0;0.0;0.0;0.0;0.0;0.028571
42144;0.383562;0.308219;0.150685;0.05137;0.09589;0.0;0.0;0.0;0.0;0.0;0.0;0.0;0.0;0.0;0.0;0.010274
42145;0.349515;0.504854;0.048544;0.058252;0.019417;0.0;0.0;0.0;0.0;0.0;0.0;0.0;0.0;0.0;0.0;0.019417
42148;0.0;0.333333;0.555556;0.111111;0.0;0.0;0.0;0.0;0.0;0.0;0.0;0.0;0.0;0.0;0.0;0.0
42149;0.339552;0.347015;0.160448;0.052239;0.085821;0.0;0.0;0.0;0.0;0.0;0.0;0.0;0.0;0.0;0.0;0.014925
42151;0.407407;0.333333;0.074074;0.148148;0.037037;0.0;0.0;0.0;0.0;0.0;0.0;0.0;0.0;0.0;0.0;0.0
42152;0.139535;0.418605;0.325581;0.116279;0.0;0.0;0.0;0.0;0.0;0.0;0.0;0.0;0.0;0.0;0.0;0.0
42153;0.2;0.6;0.0;0.0;0.2;0.0;0.0;0.0;0.0;0.0;0.0;0.0;0.0;0.0;0.0;0.0
42154;0.413333;0.346667;0.093333;0.12;0.026667;0.0;0.0;0.0;0.0;0.0;0.0;0.0;0.0;0.0;0.0;0.0
42155;0.192308;0.576923;0.166667;0.064103;0.0;0.0;0.0;0.0;0.0;0.0;0.0;0.0;0.0;0.0;0.0;0.0
42156;0.190476;0.428571;0.333333;0.047619;0.0;0.0;0.0;0.0;0.0;0.0;0.0;0.0;0.0;0.0;0.0;0.0
42157;0.0;0.777778;0.222222;0.0;0.0;0.0;0.0;0.0;0.0;0.0;0.0;0.0;0.0;0.0;0.0;0.0
42158;0.375;0.388889;0.055556;0.083333;0.097222;0.0;0.0;0.0;0.0;0.0;0.0;0.0;0.0;0.0;0.0;0.0
42159;0.242424;0.515152;0.090909;0.121212;0.030303;0.0;0.0;0.0;0.0;0.0;0.0;0.0;0.0;0.0;0.0;0.0
42160;0.44186;0.238372;0.162791;0.011628;0.122093;0.0;0.0;0.0;0.0;0.0;0.0;0.0;0.0;0.0;0.0;0.023256
42161;0.171717;0.545455;0.171717;0.060606;0.050505;0.0;0.0;0.0;0.0;0.0;0.0;0.0;0.0;0.0;0.0;0.0
42162;0.243767;0.5;0.122576;0.063712;0.060249;0.0;0.0;0.0;0.0;0.0;0.0;0.0;0.0;0.0;0.0;0.009695
42163;0.346154;0.307692;0.153846;0.038462;0.153846;0.0;0.0;0.0;0.0;0.0;0.0;0.0;0.0;0.0;0.0;0.0
42164;0.320274;0.359452;0.184133;0.075416;0.05191;0.0;0.0;0.0;0.0;0.0;0.0;0.0;0.0;0.0;0.0;0.008815
42165;0.313305;0.377682;0.158798;0.060086;0.072961;0.0;0.0;0.0;0.0;0.0;0.0;0.0;0.0;0.0;0.0;0.017167
42166;0.189189;0.621622;0.081081;0.027027;0.081081;0.0;0.0;0.0;0.0;0.0;0.0;0.0;0.0;0.0;0.0;0.0
42167;0.235669;0.407643;0.165605;0.101911;0.063694;0.0;0.0;0.0;0.0;0.0;0.0;0.0;0.0;0.0;0.0;0.025478
42168;0.328767;0.342466;0.178082;0.013699;0.136986;0.0;0.0;0.0;0.0;0.0;0.0;0.0;0.0;0.0;0.0;0.0
42171;0.214286;0.557143;0.171429;0.028571;0.028571;0.0;0.0;0.0;0.0;0.0;0.0;0.0;0.0;0.0;0.0;0.0
42172;0.076923;0.692308;0.192308;0.038462;0.0;0.0;0.0;0.0;0.0;0.0;0.0;0.0;0.0;0.0;0.0;0.0
42173;0.412634;0.304203;0.120356;0.059251;0.090572;0.0;0.0;0.0;0.0;0.0;0.0;0.0;0.0;0.0;0.0;0.012984
42174;0.473684;0.210526;0.070175;0.087719;0.149123;0.0;0.0;0.0;0.0;0.0;0.0;0.0;0.0;0.0;0.0;0.008772
42175;0.0;1.0;0.0;0.0;0.0;0.0;0.0;0.0;0.0;0.0;0.0;0.0;0.0;0.0;0.0;0.0
42176;0.238095;0.571429;0.142857;0.047619;0.0;0.0;0.0;0.0;0.0;0.0;0.0;0.0;0.0;0.0;0.0;0.0
42177;0.390244;0.536585;0.02439;0.02439;0.02439;0.0;0.0;0.0;0.0;0.0;0.0;0.0;0.0;0.0;0.0;0.0
42178;0.169014;0.56338;0.197183;0.042254;0.028169;0.0;0.0;0.0;0.0;0.0;0.0;0.0;0.0;0.0;0.0;0.0
42181;0.567273;0.269091;0.065455;0.04;0.047273;0.0;0.0;0.0;0.0;0.0;0.0;0.0;0.0;0.0;0.0;0.010909
42182;0.157895;0.815789;0.026316;0.0;0.0;0.0;0.0;0.0;0.0;0.0;0.0;0.0;0.0;0.0;0.0;0.0
42183;0.068493;0.671233;0.09589;0.09589;0.054795;0.0;0.0;0.0;0.0;0.0;0.0;0.0;0.0;0.0;0.0;0.013699
42184;0.333333;0.212121;0.393939;0.030303;0.030303;0.0;0.0;0.0;0.0;0.0;0.0;0.0;0.0;0.0;0.0;0.0
42185;0.3;0.6;0.05;0.05;0.0;0.0;0.0;0.0;0.0;0.0;0.0;0.0;0.0;0.0;0.0;0.0
42187;0.131579;0.315789;0.473684;0.052632;0.026316;0.0;0.0;0.0;0.0;0.0;0.0;0.0;0.0;0.0;0.0;0.0
42188;0.382353;0.352941;0.176471;0.058824;0.029412;0.0;0.0;0.0;0.0;0.0;0.0;0.0;0.0;0.0;0.0;0.0
42189;0.186047;0.27907;0.372093;0.116279;0.046512;0.0;0.0;0.0;0.0;0.0;0.0;0.0;0.0;0.0;0.0;0.0
42190;0.45;0.283333;0.083333;0.083333;0.1;0.0;0.0;0.0;0.0;0.0;0.0;0.0;0.0;0.0;0.0;0.0
42191;0.394495;0.385321;0.110092;0.073394;0.036697;0.0;0.0;0.0;0.0;0.0;0.0;0.0;0.0;0.0;0.0;0.0
42192;0.45;0.3;0.15;0.0;0.1;0.0;0.0;0.0;0.0;0.0;0.0;0.0;0.0;0.0;0.0;0.0
42193;0.142857;0.857143;0.0;0.0;0.0;0.0;0.0;0.0;0.0;0.0;0.0;0.0;0.0;0.0;0.0;0.0
42194;0.387755;0.428571;0.112245;0.040816;0.030612;0.0;0.0;0.0;0.0;0.0;0.0;0.0;0.0;0.0;0.0;0.0
42195;0.44898;0.44898;0.040816;0.0;0.040816;0.0;0.0;0.0;0.0;0.0;0.0;0.0;0.0;0.0;0.0;0.020408
42196;0.166667;0.833333;0.0;0.0;0.0;0.0;0.0;0.0;0.0;0.0;0.0;0.0;0.0;0.0;0.0;0.0
42197;0.226415;0.528302;0.09434;0.113208;0.037736;0.0;0.0;0.0;0.0;0.0;0.0;0.0;0.0;0.0;0.0;0.0
42198;0.25;0.5;0.125;0.0;0.125;0.0;0.0;0.0;0.0;0.0;0.0;0.0;0.0;0.0;0.0;0.0
42200;0.173913;0.5;0.217391;0.086957;0.021739;0.0;0.0;0.0;0.0;0.0;0.0;0.0;0.0;0.0;0.0;0.0
42201;0.380952;0.285714;0.190476;0.0;0.095238;0.0;0.0;0.0;0.0;0.0;0.0;0.0;0.0;0.0;0.0;0.047619
42202;0.2;0.6;0.2;0.0;0.0;0.0;0.0;0.0;0.0;0.0;0.0;0.0;0.0;0.0;0.0;0.0
42204;0.235294;0.382353;0.176471;0.029412;0.147059;0.0;0.0;0.0;0.0;0.0;0.0;0.0;0.0;0.0;0.0;0.029412
42205;0.333333;0.444444;0.148148;0.037037;0.018519;0.0;0.0;0.0;0.0;0.0;0.0;0.0;0.0;0.0;0.0;0.018519
42206;0.0;1.0;0.0;0.0;0.0;0.0;0.0;0.0;0.0;0.0;0.0;0.0;0.0;0.0;0.0;0.0
42207;0.195122;0.292683;0.268293;0.073171;0.170732;0.0;0.0;0.0;0.0;0.0;0.0;0.0;0.0;0.0;0.0;0.0
42208;0.272727;0.727273;0.0;0.0;0.0;0.0;0.0;0.0;0.0;0.0;0.0;0.0;0.0;0.0;0.0;0.0
42209;0.3;0.4;0.1125;0.075;0.1;0.0;0.0;0.0;0.0;0.0;0.0;0.0;0.0;0.0;0.0;0.0125
42211;0.179104;0.432836;0.19403;0.074627;0.089552;0.0;0.0;0.0;0.0;0.0;0.0;0.0;0.0;0.0;0.0;0.029851
42212;0.255814;0.465116;0.186047;0.046512;0.023256;0.0;0.0;0.0;0.0;0.0;0.0;0.0;0.0;0.0;0.0;0.023256
42213;0.2;0.733333;0.0;0.066667;0.0;0.0;0.0;0.0;0.0;0.0;0.0;0.0;0.0;0.0;0.0;0.0
42215;0.339367;0.382353;0.196833;0.049774;0.024887;0.0;0.0;0.0;0.0;0.0;0.0;0.0;0.0;0.0;0.0;0.006787
42216;0.55;0.4;0.05;0.0;0.0;0.0;0.0;0.0;0.0;0.0;0.0;0.0;0.0;0.0;0.0;0.0
42217;0.52;0.28;0.04;0.08;0.08;0.0;0.0;0.0;0.0;0.0;0.0;0.0;0.0;0.0;0.0;0.0
42218;0.27907;0.465116;0.023256;0.046512;0.162791;0.0;0.0;0.0;0.0;0.0;0.0;0.0;0.0;0.0;0.0;0.023256
42219;0.272727;0.484848;0.090909;0.060606;0.060606;0.0;0.0;0.0;0.0;0.0;0.0;0.0;0.0;0.0;0.0;0.030303
43001;0.106509;0.051282;0.025641;0.037475;0.175542;0.287968;0.193294;0.112426;0.0;0.0;0.0;0.0;0.0;0.0;0.0;0.009862
43002;0.267112;0.0601;0.108514;0.085977;0.146077;0.160267;0.112688;0.040067;0.0;0.0;0.0;0.0;0.0;0.0;0.0;0.019199
43003;0.150794;0.035714;0.079365;0.063492;0.18254;0.25;0.15873;0.071429;0.0;0.0;0.0;0.0;0.0;0.0;0.0;0.007937
43004;0.137246;0.068859;0.053715;0.028396;0.122575;0.393753;0.118079;0.071462;0.0;0.0;0.0;0.0;0.0;0.0;0.0;0.005916
43005;0.167609;0.060178;0.06664;0.034733;0.121567;0.267367;0.180129;0.090065;0.0;0.0;0.0;0.0;0.0;0.0;0.0;0.011712
43006;0.135076;0.071895;0.03268;0.023965;0.104575;0.389978;0.141612;0.074074;0.0;0.0;0.0;0.0;0.0;0.0;0.0;0.026144
43007;0.084567;0.042283;0.048626;0.038055;0.090909;0.344609;0.219873;0.120507;0.0;0.0;0.0;0.0;0.0;0.0;0.0;0.010571
43008;0.134146;0.164634;0.097561;0.006098;0.054878;0.347561;0.121951;0.060976;0.0;0.0;0.0;0.0;0.0;0.0;0.0;0.012195
43009;0.125786;0.030398;0.054507;0.038784;0.106918;0.297694;0.196017;0.139413;0.0;0.0;0.0;0.0;0.0;0.0;0.0;0.010482
43010;0.107692;0.042308;0.042308;0.030769;0.157692;0.280769;0.265385;0.069231;0.0;0.0;0.0;0.0;0.0;0.0;0.0;0.003846
43011;0.090058;0.066667;0.049123;0.02924;0.060819;0.335673;0.252632;0.112281;0.0;0.0;0.0;0.0;0.0;0.0;0.0;0.003509
43012;0.167019;0.0747;0.059901;0.05814;0.144116;0.268499;0.14623;0.063777;0.0;0.0;0.0;0.0;0.0;0.0;0.0;0.017618
43013;0.12111;0.054127;0.055142;0.038904;0.108931;0.349797;0.202639;0.056495;0.0;0.0;0.0;0.0;0.0;0.0;0.0;0.012855
43014;0.158253;0.05442;0.051544;0.030245;0.130138;0.383174;0.121193;0.057934;0.0;0.0;0.0;0.0;0.0;0.0;0.0;0.013099
43015;0.022222;0.0;0.011111;0.011111;0.188889;0.388889;0.277778;0.1;0.0;0.0;0.0;0.0;0.0;0.0;0.0;0.0
43016;0.283995;0.052948;0.063779;0.065784;0.159246;0.184116;0.112314;0.061773;0.0;0.0;0.0;0.0;0.0;0.0;0.0;0.016045
43017;0.064516;0.0;0.010753;0.021505;0.064516;0.408602;0.27957;0.129032;0.0;0.0;0.0;0.0;0.0;0.0;0.0;0.021505
43018;0.074576;0.010169;0.027119;0.030508;0.091525;0.352542;0.355932;0.054237;0.0;0.0;0.0;0.0;0.0;0.0;0.0;0.00339
43019;0.138393;0.063616;0.037946;0.042411;0.085938;0.419643;0.151786;0.054688;0.0;0.0;0.0;0.0;0.0;0.0;0.0;0.00558
43020;0.240863;0.059916;0.082085;0.077891;0.154584;0.205512;0.125225;0.035351;0.0;0.0;0.0;0.0;0.0;0.0;0.0;0.018574
43021;0.116183;0.037344;0.049793;0.037344;0.070539;0.373444;0.195021;0.112033;0.0;0.0;0.0;0.0;0.0;0.0;0.0;0.008299
43022;0.18002;0.105836;0.066271;0.038576;0.073195;0.346192;0.145401;0.042532;0.0;0.0;0.0;0.0;0.0;0.0;0.0;0.001978
43023;0.167665;0.005988;0.011976;0.023952;0.05988;0.431138;0.161677;0.11976;0.0;0.0;0.0;0.0;0.0;0.0;0.0;0.017964
43024;0.2;0.078;0.111;0.069;0.158;0.216;0.097;0.042;0.0;0.0;0.0;0.0;0.0;0.0;0.0;0.029
43025;0.273349;0.061503;0.050114;0.022779;0.075171;0.384966;0.077449;0.047836;0.0;0.0;0.0;0.0;0.0;0.0;0.0;0.006834
43026;0.075044;0.034904;0.034904;0.026178;0.054101;0.43281;0.233857;0.097731;0.0;0.0;0.0;0.0;0.0;0.0;0.0;0.010471
43027;0.039683;0.031746;0.031746;0.007937;0.047619;0.333333;0.460317;0.039683;0.0;0.0;0.0;0.0;0.0;0.0;0.0;0.007937
43028;0.208735;0.052184;0.090754;0.047646;0.163925;0.182643;0.167328;0.064663;0.0;0.0;0.0;0.0;0.0;0.0;0.0;0.022121
43029;0.066946;0.008368;0.0;0.008368;0.079498;0.552301;0.167364;0.112971;0.0;0.0;0.0;0.0;0.0;0.0;0.0;0.004184
43030;0.154728;0.04298;0.074499;0.034384;0.111748;0.320917;0.197708;0.048711;0.0;0.0;0.0;0.0;0.0;0.0;0.0;0.014327
43031;0.096317;0.04627;0.03966;0.031161;0.070822;0.34372;0.270066;0.091596;0.0;0.0;0.0;0.0;0.0;0.0;0.0;0.010387
43032;0.172414;0.034483;0.04023;0.017241;0.077586;0.341954;0.255747;0.057471;0.0;0.0;0.0;0.0;0.0;0.0;0.0;0.002874
43033;0.119782;0.059891;0.050817;0.025408;0.108893;0.410163;0.147005;0.065336;0.0;0.0;0.0;0.0;0.0;0.0;0.0;0.012704
43034;0.161111;0.041667;0.058333;0.030556;0.038889;0.397222;0.222222;0.047222;0.0;0.0;0.0;0.0;0.0;0.0;0.0;0.002778
43035;0.124294;0.028249;0.016949;0.028249;0.118644;0.344633;0.237288;0.090395;0.0;0.0;0.0;0.0;0.0;0.0;0.0;0.011299
43036;0.174545;0.050909;0.110909;0.049091;0.145455;0.201818;0.169091;0.076364;0.0;0.0;0.0;0.0;0.0;0.0;0.0;0.021818
43037;0.231857;0.088347;0.097052;0.067833;0.158766;0.209102;0.093691;0.034046;0.0;0.0;0.0;0.0;0.0;0.0;0.0;0.019307
43038;0.189467;0.102986;0.10634;0.084938;0.123583;0.216773;0.113519;0.044079;0.0;0.0;0.0;0.0;0.0;0.0;0.0;0.018316
43039;0.064935;0.012987;0.0;0.025974;0.025974;0.376623;0.233766;0.25974;0.0;0.0;0.0;0.0;0.0;0.0;0.0;0.0
43040;0.041353;0.041353;0.022556;0.007519;0.082707;0.413534;0.206767;0.180451;0.0;0.0;0.0;0.0;0.0;0.0;0.0;0.003759
43041;0.181818;0.11039;0.064935;0.045455;0.084416;0.376623;0.084416;0.038961;0.0;0.0;0.0;0.0;0.0;0.0;0.0;0.012987
43042;0.097518;0.068558;0.05792;0.062057;0.093381;0.326832;0.207447;0.075059;0.0;0.0;0.0;0.0;0.0;0.0;0.0;0.011229
43043;0.188656;0.061241;0.097;0.066995;0.145499;0.237156;0.119194;0.071517;0.0;0.0;0.0;0.0;0.0;0.0;0.0;0.012741
43044;0.211839;0.112435;0.088235;0.045421;0.122487;0.27178;0.086001;0.047655;0.0;0.0;0.0;0.0;0.0;0.0;0.0;0.014147
43045;0.061947;0.00885;0.0;0.00885;0.079646;0.433628;0.327434;0.079646;0.0;0.0;0.0;0.0;0.0;0.0;0.0;0.0
43046;0.119403;0.0;0.044776;0.0;0.044776;0.447761;0.149254;0.089552;0.0;0.0;0.0;0.0;0.0;0.0;0.0;0.104478
43047;0.286837;0.08723;0.132024;0.068762;0.110806;0.18664;0.083301;0.023969;0.0;0.0;0.0;0.0;0.0;0.0;0.0;0.020432
43048;0.109689;0.144424;0.027422;0.027422;0.127971;0.361974;0.133455;0.051188;0.0;0.0;0.0;0.0;0.0;0.0;0.0;0.016453
43049;0.076087;0.019928;0.012681;0.009058;0.057971;0.423913;0.23913;0.155797;0.0;0.0;0.0;0.0;0.0;0.0;0.0;0.005435
43050;0.24186;0.10407;0.09186;0.057558;0.15407;0.20407;0.102907;0.028488;0.0;0.0;0.0;0.0;0.0;0.0;0.0;0.015116
43051;0.274484;0.097102;0.101765;0.089274;0.182045;0.158228;0.05463;0.022652;0.0;0.0;0.0;0.0;0.0;0.0;0.0;0.01982
43052;0.148426;0.029985;0.043478;0.011994;0.074963;0.422789;0.172414;0.077961;0.0;0.0;0.0;0.0;0.0;0.0;0.0;0.017991
43053;0.089552;0.014925;0.037313;0.022388;0.074627;0.402985;0.246269;0.11194;0.0;0.0;0.0;0.0;0.0;0.0;0.0;0.0
43054;0.102419;0.033453;0.022645;0.018528;0.06279;0.430262;0.216675;0.104992;0.0;0.0;0.0;0.0;0.0;0.0;0.0;0.008235
43055;0.141169;0.02889;0.020355;0.013789;0.055154;0.369009;0.22587;0.135916;0.0;0.0;0.0;0.0;0.0;0.0;0.0;0.009849
43056;0.061594;0.070652;0.027174;0.019928;0.052536;0.483696;0.181159;0.097826;0.0;0.0;0.0;0.0;0.0;0.0;0.0;0.005435
43057;0.064516;0.032258;0.0;0.0;0.16129;0.16129;0.419355;0.16129;0.0;0.0;0.0;0.0;0.0;0.0;0.0;0.0
43058;0.089744;0.051282;0.038462;0.0;0.102564;0.320513;0.230769;0.166667;0.0;0.0;0.0;0.0;0.0;0.0;0.0;0.0
43059;0.08377;0.005236;0.010471;0.0;0.036649;0.429319;0.287958;0.141361;0.0;0.0;0.0;0.0;0.0;0.0;0.0;0.005236
43060;0.126494;0.040339;0.020916;0.021912;0.061255;0.473108;0.143924;0.106076;0.0;0.0;0.0;0.0;0.0;0.0;0.0;0.005976
43061;0.0;0.041667;0.0;0.0;0.0;0.333333;0.583333;0.041667;0.0;0.0;0.0;0.0;0.0;0.0;0.0;0.0
43062;0.135747;0.090498;0.058824;0.031674;0.104072;0.276018;0.21267;0.081448;0.0;0.0;0.0;0.0;0.0;0.0;0.0;0.00905
43063;0.169355;0.080645;0.080645;0.024194;0.086022;0.293011;0.201613;0.064516;0.0;0.0;0.0;0.0;0.0;0.0;0.0;0.0
43064;0.101683;0.07784;0.036466;0.035063;0.07784;0.335905;0.246143;0.078541;0.0;0.0;0.0;0.0;0.0;0.0;0.0;0.010519
43065;0.069597;0.018315;0.025641;0.0;0.080586;0.399267;0.307692;0.091575;0.0;0.0;0.0;0.0;0.0;0.0;0.0;0.007326
43066;0.196262;0.028037;0.028037;0.009346;0.121495;0.345794;0.205607;0.056075;0.0;0.0;0.0;0.0;0.0;0.0;0.0;0.009346
43067;0.097387;0.019002;0.014252;0.014252;0.073634;0.515439;0.2019;0.059382;0.0;0.0;0.0;0.0;0.0;0.0;0.0;0.004751
43068;0.215873;0.142857;0.11746;0.025397;0.079365;0.295238;0.088889;0.031746;0.0;0.0;0.0;0.0;0.0;0.0;0.0;0.003175
43069;0.124138;0.068966;0.041379;0.02069;0.110345;0.331034;0.186207;0.110345;0.0;0.0;0.0;0.0;0.0;0.0;0.0;0.006897
43070;0.134715;0.025907;0.015544;0.0;0.067358;0.466321;0.108808;0.176166;0.0;0.0;0.0;0.0;0.0;0.0;0.0;0.005181
43071;0.122671;0.102484;0.029503;0.031056;0.100932;0.301242;0.203416;0.107143;0.0;0.0;0.0;0.0;0.0;0.0;0.0;0.001553
43072;0.045455;0.106061;0.045455;0.030303;0.0;0.439394;0.242424;0.090909;0.0;0.0;0.0;0.0;0.0;0.0;0.0;0.0
43073;0.030769;0.0;0.0;0.046154;0.076923;0.323077;0.384615;0.107692;0.0;0.0;0.0;0.0;0.0;0.0;0.0;0.030769
43074;0.128186;0.043478;0.048726;0.035232;0.101199;0.329085;0.214393;0.088456;0.0;0.0;0.0;0.0;0.0;0.0;0.0;0.011244
43075;0.142857;0.015873;0.0;0.015873;0.095238;0.444444;0.269841;0.015873;0.0;0.0;0.0;0.0;0.0;0.0;0.0;0.0
43076;0.110778;0.011976;0.023952;0.008982;0.056886;0.386228;0.212575;0.182635;0.0;0.0;0.0;0.0;0.0;0.0;0.0;0.005988
43077;0.353135;0.09901;0.092409;0.046205;0.059406;0.264026;0.052805;0.033003;0.0;0.0;0.0;0.0;0.0;0.0;0.0;0.0
43078;0.165552;0.053512;0.068562;0.038462;0.070234;0.292642;0.26087;0.045151;0.0;0.0;0.0;0.0;0.0;0.0;0.0;0.005017
43079;0.090592;0.031359;0.062718;0.010453;0.132404;0.327526;0.250871;0.076655;0.0;0.0;0.0;0.0;0.0;0.0;0.0;0.017422
43080;0.110526;0.036842;0.026316;0.052632;0.089474;0.268421;0.305263;0.105263;0.0;0.0;0.0;0.0;0.0;0.0;0.0;0.005263
43081;0.102616;0.026157;0.056338;0.01006;0.090543;0.344064;0.227364;0.122736;0.0;0.0;0.0;0.0;0.0;0.0;0.0;0.020121
43082;0.097744;0.030075;0.030075;0.022556;0.037594;0.304511;0.345865;0.12782;0.0;0.0;0.0;0.0;0.0;0.0;0.0;0.003759
43083;0.073394;0.183486;0.110092;0.055046;0.055046;0.192661;0.256881;0.055046;0.0;0.0;0.0;0.0;0.0;0.0;0.0;0.018349
43084;0.125984;0.020997;0.013123;0.005249;0.07874;0.48294;0.170604;0.099738;0.0;0.0;0.0;0.0;0.0;0.0;0.0;0.002625
43085;0.119565;0.021739;0.021739;0.016304;0.11413;0.358696;0.244565;0.103261;0.0;0.0;0.0;0.0;0.0;0.0;0.0;0.0
43086;0.136895;0.035885;0.028974;0.029771;0.091441;0.362573;0.216906;0.086922;0.0;0.0;0.0;0.0;0.0;0.0;0.0;0.010633
43088;0.083038;0.046132;0.073101;0.036196;0.1022;0.369766;0.192335;0.084457;0.0;0.0;0.0;0.0;0.0;0.0;0.0;0.012775
43089;0.19;0.075;0.06;0.025;0.15;0.25;0.13;0.085;0.0;0.0;0.0;0.0;0.0;0.0;0.0;0.035
43090;0.243759;0.070485;0.145374;0.061674;0.161527;0.18649;0.0558;0.049927;0.0;0.0;0.0;0.0;0.0;0.0;0.0;0.024963
43091;0.044944;0.022472;0.022472;0.011236;0.258427;0.303371;0.11236;0.202247;0.0;0.0;0.0;0.0;0.0;0.0;0.0;0.022472
43092;0.197159;0.098149;0.118597;0.083943;0.116229;0.202755;0.124839;0.041326;0.0;0.0;0.0;0.0;0.0;0.0;0.0;0.017004
43093;0.174091;0.048998;0.033408;0.03712;0.089458;0.334076;0.174833;0.089087;0.0;0.0;0.0;0.0;0.0;0.0;0.0;0.018931
43094;0.153746;0.050814;0.042345;0.024104;0.07557;0.398697;0.190228;0.056678;0.0;0.0;0.0;0.0;0.0;0.0;0.0;0.007818
43095;0.143865;0.071118;0.09772;0.074919;0.116721;0.282302;0.143322;0.053203;0.0;0.0;0.0;0.0;0.0;0.0;0.0;0.01683
43096;0.065789;0.026316;0.026316;0.013158;0.105263;0.328947;0.276316;0.144737;0.0;0.0;0.0;0.0;0.0;0.0;0.0;0.013158
43097;0.114198;0.040123;0.027778;0.024691;0.114198;0.339506;0.209877;0.123457;0.0;0.0;0.0;0.0;0.0;0.0;0.0;0.006173
43098;0.040293;0.03663;0.07326;0.032967;0.087912;0.241758;0.304029;0.164835;0.0;0.0;0.0;0.0;0.0;0.0;0.0;0.018315
43099;0.095238;0.009524;0.009524;0.014286;0.042857;0.395238;0.37619;0.052381;0.0;0.0;0.0;0.0;0.0;0.0;0.0;0.004762
43100;0.189951;0.067377;0.105824;0.066997;0.180053;0.228017;0.095166;0.045679;0.0;0.0;0.0;0.0;0.0;0.0;0.0;0.020936
43101;0.063636;0.027273;0.018182;0.018182;0.045455;0.245455;0.4;0.181818;0.0;0.0;0.0;0.0;0.0;0.0;0.0;0.0
43102;0.242236;0.012422;0.012422;0.006211;0.093168;0.39441;0.18323;0.046584;0.0;0.0;0.0;0.0;0.0;0.0;0.0;0.009317
43103;0.169075;0.070809;0.099711;0.08237;0.135838;0.265896;0.105491;0.037572;0.0;0.0;0.0;0.0;0.0;0.0;0.0;0.033237
43104;0.106551;0.019732;0.018153;0.018153;0.093133;0.434886;0.202841;0.097869;0.0;0.0;0.0;0.0;0.0;0.0;0.0;0.008682
43105;0.05042;0.05042;0.008403;0.008403;0.092437;0.336134;0.252101;0.193277;0.0;0.0;0.0;0.0;0.0;0.0;0.0;0.008403
43106;0.109244;0.058824;0.035294;0.02521;0.146218;0.371429;0.169748;0.072269;0.0;0.0;0.0;0.0;0.0;0.0;0.0;0.011765
43107;0.078014;0.01773;0.010638;0.039007;0.12766;0.51773;0.117021;0.078014;0.0;0.0;0.0;0.0;0.0;0.0;0.0;0.014184
43108;0.124608;0.065047;0.054075;0.050157;0.075235;0.263323;0.259404;0.090125;0.0;0.0;0.0;0.0;0.0;0.0;0.0;0.018025
43109;0.191168;0.070889;0.167926;0.091807;0.149913;0.19233;0.079024;0.029634;0.0;0.0;0.0;0.0;0.0;0.0;0.0;0.02731
43110;0.210227;0.034091;0.028409;0.022727;0.0625;0.414773;0.170455;0.045455;0.0;0.0;0.0;0.0;0.0;0.0;0.0;0.011364
43111;0.19598;0.076813;0.089734;0.08112;0.167983;0.249821;0.084709;0.03374;0.0;0.0;0.0;0.0;0.0;0.0;0.0;0.020101
43112;0.085227;0.017045;0.0;0.005682;0.045455;0.397727;0.227273;0.221591;0.0;0.0;0.0;0.0;0.0;0.0;0.0;0.0
43113;0.072848;0.029801;0.05298;0.043046;0.115894;0.307947;0.261589;0.102649;0.0;0.0;0.0;0.0;0.0;0.0;0.0;0.013245
43114;0.068592;0.018051;0.00722;0.00361;0.129964;0.404332;0.176895;0.184116;0.0;0.0;0.0;0.0;0.0;0.0;0.0;0.00722
43115;0.09434;0.018868;0.0;0.009434;0.028302;0.320755;0.386792;0.141509;0.0;0.0;0.0;0.0;0.0;0.0;0.0;0.0
43116;0.096591;0.017045;0.011364;0.002841;0.068182;0.423295;0.275568;0.099432;0.0;0.0;0.0;0.0;0.0;0.0;0.0;0.005682
43117;0.117647;0.109244;0.016807;0.042017;0.109244;0.235294;0.310924;0.058824;0.0;0.0;0.0;0.0;0.0;0.0;0.0;0.0
43118;0.094675;0.032544;0.059172;0.035503;0.10355;0.357988;0.189349;0.118343;0.0;0.0;0.0;0.0;0.0;0.0;0.0;0.008876
43119;0.139655;0.031034;0.067241;0.062069;0.122414;0.296552;0.165517;0.094828;0.0;0.0;0.0;0.0;0.0;0.0;0.0;0.02069
43120;0.181818;0.098814;0.126482;0.027668;0.130435;0.245059;0.130435;0.055336;0.0;0.0;0.0;0.0;0.0;0.0;0.0;0.003953
43121;0.074627;0.014925;0.012438;0.004975;0.069652;0.482587;0.211443;0.121891;0.0;0.0;0.0;0.0;0.0;0.0;0.0;0.007463
43122;0.111111;0.011111;0.0;0.055556;0.177778;0.377778;0.166667;0.088889;0.0;0.0;0.0;0.0;0.0;0.0;0.0;0.011111
43123;0.208238;0.085388;0.093976;0.066378;0.11453;0.223334;0.128452;0.059788;0.0;0.0;0.0;0.0;0.0;0.0;0.0;0.019916
43124;0.160714;0.059524;0.017857;0.032738;0.080357;0.333333;0.258929;0.050595;0.0;0.0;0.0;0.0;0.0;0.0;0.0;0.005952
43125;0.248025;0.078989;0.023697;0.023697;0.116904;0.314376;0.107425;0.075829;0.0;0.0;0.0;0.0;0.0;0.0;0.0;0.011058
43126;0.137634;0.050538;0.067742;0.030108;0.123656;0.297849;0.189247;0.090323;0.0;0.0;0.0;0.0;0.0;0.0;0.0;0.012903
43127;0.076285;0.039801;0.028192;0.031509;0.097844;0.363184;0.237148;0.114428;0.0;0.0;0.0;0.0;0.0;0.0;0.0;0.011609
43128;0.179448;0.018405;0.042945;0.038344;0.124233;0.357362;0.148773;0.078221;0.0;0.0;0.0;0.0;0.0;0.0;0.0;0.01227
43129;0.123765;0.050309;0.06358;0.036728;0.07716;0.290741;0.263272;0.079321;0.0;0.0;0.0;0.0;0.0;0.0;0.0;0.015123
43130;0.070312;0.078125;0.0;0.03125;0.007812;0.414062;0.265625;0.132812;0.0;0.0;0.0;0.0;0.0;0.0;0.0;0.0
43131;0.242542;0.108949;0.107004;0.08917;0.147211;0.187095;0.076524;0.021077;0.0;0.0;0.0;0.0;0.0;0.0;0.0;0.020428
43132;0.068966;0.041379;0.024138;0.02069;0.096552;0.393103;0.272414;0.065517;0.0;0.0;0.0;0.0;0.0;0.0;0.0;0.017241
43133;0.160342;0.059594;0.064137;0.030465;0.134955;0.351951;0.12667;0.063068;0.0;0.0;0.0;0.0;0.0;0.0;0.0;0.008819
43134;0.166667;0.028571;0.061905;0.038095;0.12381;0.271429;0.185714;0.090476;0.0;0.0;0.0;0.0;0.0;0.0;0.0;0.033333
43135;0.066667;0.047059;0.019608;0.019608;0.066667;0.329412;0.301961;0.137255;0.0;0.0;0.0;0.0;0.0;0.0;0.0;0.011765
43136;0.147359;0.050511;0.035257;0.028062;0.133976;0.381206;0.148654;0.068067;0.0;0.0;0.0;0.0;0.0;0.0;0.0;0.006907
43137;0.175465;0.06171;0.084758;0.066914;0.104833;0.286245;0.139777;0.063941;0.0;0.0;0.0;0.0;0.0;0.0;0.0;0.016357
43138;0.140715;0.102653;0.080161;0.033449;0.140138;0.311419;0.143022;0.040369;0.0;0.0;0.0;0.0;0.0;0.0;0.0;0.008074
43139;0.084397;0.043262;0.021986;0.021277;0.046809;0.348227;0.300709;0.124823;0.0;0.0;0.0;0.0;0.0;0.0;0.0;0.008511
43140;0.244738;0.068551;0.126278;0.09561;0.141912;0.184005;0.081179;0.035478;0.0;0.0;0.0;0.0;0.0;0.0;0.0;0.022249
43141;0.190476;0.047619;0.071429;0.035714;0.047619;0.25;0.297619;0.059524;0.0;0.0;0.0;0.0;0.0;0.0;0.0;0.0
43142;0.098573;0.031128;0.033722;0.028534;0.090791;0.351492;0.272374;0.083009;0.0;0.0;0.0;0.0;0.0;0.0;0.0;0.010376
43143;0.153846;0.0;0.0;0.0;0.051282;0.384615;0.358974;0.051282;0.0;0.0;0.0;0.0;0.0;0.0;0.0;0.0
43144;0.116062;0.055959;0.075648;0.051813;0.106736;0.297409;0.161658;0.111917;0.0;0.0;0.0;0.0;0.0;0.0;0.0;0.022798
43145;0.177609;0.045354;0.048208;0.03235;0.087536;0.278782;0.198541;0.117666;0.0;0.0;0.0;0.0;0.0;0.0;0.0;0.013955
43146;0.09375;0.03125;0.03125;0.0;0.125;0.3125;0.25;0.15625;0.0;0.0;0.0;0.0;0.0;0.0;0.0;0.0
43147;0.045564;0.059952;0.009592;0.009592;0.038369;0.407674;0.314149;0.103118;0.0;0.0;0.0;0.0;0.0;0.0;0.0;0.01199
43148;0.223323;0.105341;0.102356;0.079499;0.131556;0.201539;0.092;0.045852;0.0;0.0;0.0;0.0;0.0;0.0;0.0;0.018534
43149;0.270751;0.061265;0.067194;0.029644;0.043478;0.326087;0.150198;0.047431;0.0;0.0;0.0;0.0;0.0;0.0;0.0;0.003953
43150;0.06631;0.062032;0.025668;0.012834;0.115508;0.395722;0.224599;0.093048;0.0;0.0;0.0;0.0;0.0;0.0;0.0;0.004278
43151;0.056818;0.079545;0.022727;0.022727;0.056818;0.295455;0.215909;0.238636;0.0;0.0;0.0;0.0;0.0;0.0;0.0;0.011364
43152;0.164706;0.029412;0.020588;0.002941;0.055882;0.367647;0.273529;0.082353;0.0;0.0;0.0;0.0;0.0;0.0;0.0;0.002941
43153;0.210637;0.076883;0.08149;0.063454;0.129279;0.261058;0.113217;0.048447;0.0;0.0;0.0;0.0;0.0;0.0;0.0;0.015534
43154;0.038462;0.048077;0.019231;0.009615;0.086538;0.528846;0.153846;0.096154;0.0;0.0;0.0;0.0;0.0;0.0;0.0;0.019231
43155;0.173959;0.064041;0.047865;0.038717;0.123707;0.301777;0.174224;0.064439;0.0;0.0;0.0;0.0;0.0;0.0;0.0;0.01127
43156;0.179942;0.091962;0.077842;0.045981;0.119841;0.29218;0.13034;0.050326;0.0;0.0;0.0;0.0;0.0;0.0;0.0;0.011586
43157;0.086331;0.039568;0.017986;0.0;0.035971;0.402878;0.294964;0.115108;0.0;0.0;0.0;0.0;0.0;0.0;0.0;0.007194
43158;0.04;0.02;0.0;0.0;0.0;0.32;0.54;0.06;0.0;0.0;0.0;0.0;0.0;0.0;0.0;0.02
43159;0.133333;0.0;0.0;0.016667;0.016667;0.283333;0.5;0.05;0.0;0.0;0.0;0.0;0.0;0.0;0.0;0.0
43160;0.218947;0.055789;0.085263;0.052632;0.096842;0.245263;0.142105;0.085263;0.0;0.0;0.0;0.0;0.0;0.0;0.0;0.017895
43161;0.163576;0.056822;0.0467;0.046614;0.100204;0.267948;0.20968;0.095271;0.0;0.0;0.0;0.0;0.0;0.0;0.0;0.013185
43162;0.196241;0.093979;0.079006;0.077413;0.123606;0.224275;0.139216;0.050335;0.0;0.0;0.0;0.0;0.0;0.0;0.0;0.015929
43163;0.234821;0.083382;0.094422;0.069994;0.152554;0.2064;0.09906;0.038227;0.0;0.0;0.0;0.0;0.0;0.0;0.0;0.021139
43164;0.302632;0.078947;0.122807;0.02193;0.192982;0.153509;0.065789;0.039474;0.0;0.0;0.0;0.0;0.0;0.0;0.0;0.02193
43165;0.116129;0.025806;0.015054;0.017204;0.058065;0.350538;0.309677;0.101075;0.0;0.0;0.0;0.0;0.0;0.0;0.0;0.006452
43166;0.154437;0.0657;0.093003;0.047782;0.109215;0.306314;0.136519;0.06314;0.0;0.0;0.0;0.0;0.0;0.0;0.0;0.023891
43167;0.072131;0.039344;0.045902;0.013115;0.114754;0.35082;0.245902;0.101639;0.0;0.0;0.0;0.0;0.0;0.0;0.0;0.016393
43168;0.074074;0.0;0.0;0.0;0.055556;0.462963;0.277778;0.111111;0.0;0.0;0.0;0.0;0.0;0.0;0.0;0.018519
43169;0.077922;0.007792;0.018182;0.015584;0.067532;0.412987;0.220779;0.171429;0.0;0.0;0.0;0.0;0.0;0.0;0.0;0.007792
43170;0.147641;0.024353;0.041096;0.019787;0.068493;0.368341;0.219178;0.098935;0.0;0.0;0.0;0.0;0.0;0.0;0.0;0.012177
43171;0.256672;0.093653;0.157321;0.112144;0.135132;0.131634;0.065667;0.023788;0.0;0.0;0.0;0.0;0.0;0.0;0.0;0.023988
43172;0.117155;0.025105;0.029289;0.037657;0.121339;0.380753;0.196653;0.079498;0.0;0.0;0.0;0.0;0.0;0.0;0.0;0.012552
43173;0.0;0.058824;0.014706;0.0;0.014706;0.279412;0.25;0.367647;0.0;0.0;0.0;0.0;0.0;0.0;0.0;0.014706
43174;0.04386;0.017544;0.0;0.026316;0.070175;0.385965;0.201754;0.245614;0.0;0.0;0.0;0.0;0.0;0.0;0.0;0.008772
43175;0.090395;0.121469;0.039548;0.025424;0.048023;0.327684;0.251412;0.090395;0.0;0.0;0.0;0.0;0.0;0.0;0.0;0.00565
43176;0.08229;0.0322;0.025045;0.017889;0.085868;0.422182;0.261181;0.06619;0.0;0.0;0.0;0.0;0.0;0.0;0.0;0.007156
43177;0.146667;0.008889;0.062222;0.017778;0.04;0.404444;0.195556;0.111111;0.0;0.0;0.0;0.0;0.0;0.0;0.0;0.013333
43178;0.156955;0.075188;0.056391;0.044173;0.107143;0.296992;0.184211;0.06485;0.0;0.0;0.0;0.0;0.0;0.0;0.0;0.014098
43901;0.158534;0.048233;0.037951;0.016452;0.113666;0.401757;0.175173;0.041503;0.0;0.0;0.0;0.0;0.0;0.0;0.0;0.00673
43902;0.268946;0.045584;0.053561;0.023932;0.14359;0.339031;0.099715;0.022222;0.0;0.0;0.0;0.0;0.0;0.0;0.0;0.003419
43903;0.125255;0.062628;0.025868;0.029272;0.100068;0.456773;0.147039;0.044929;0.0;0.0;0.0;0.0;0.0;0.0;0.0;0.008169
43904;0.195522;0.070999;0.058984;0.024031;0.107045;0.346805;0.146914;0.038777;0.0;0.0;0.0;0.0;0.0;0.0;0.0;0.010923
43905;0.22687;0.126108;0.139668;0.097841;0.120163;0.161782;0.08136;0.023574;0.0;0.0;0.0;0.0;0.0;0.0;0.0;0.022635
43906;0.121253;0.061989;0.044959;0.044278;0.121253;0.273161;0.257493;0.065395;0.0;0.0;0.0;0.0;0.0;0.0;0.0;0.010218
43907;0.331581;0.078541;0.130792;0.08117;0.157739;0.127506;0.049293;0.020703;0.0;0.0;0.0;0.0;0.0;0.0;0.0;0.022675
44001;0.142857;0.285714;0.119048;0.071429;0.119048;0.0;0.0;0.0;0.0;0.0;0.0;0.0;0.0;0.0;0.238095;0.02381
44002;0.439024;0.292683;0.097561;0.02439;0.146341;0.0;0.0;0.0;0.0;0.0;0.0;0.0;0.0;0.0;0.0;0.0
44003;0.133333;0.4;0.133333;0.066667;0.066667;0.0;0.0;0.0;0.0;0.0;0.0;0.0;0.0;0.0;0.2;0.0
44004;0.216117;0.267399;0.135531;0.029304;0.142857;0.0;0.0;0.0;0.0;0.0;0.0;0.0;0.0;0.0;0.197802;0.010989
44005;0.138889;0.361111;0.138889;0.083333;0.0;0.0;0.0;0.0;0.0;0.0;0.0;0.0;0.0;0.0;0.277778;0.0
44006;0.28;0.346667;0.046667;0.053333;0.033333;0.0;0.0;0.0;0.0;0.0;0.0;0.0;0.0;0.0;0.233333;0.006667
44007;0.163636;0.418182;0.172727;0.045455;0.009091;0.0;0.0;0.0;0.0;0.0;0.0;0.0;0.0;0.0;0.190909;0.0
44008;0.387923;0.241537;0.167429;0.038426;0.049405;0.0;0.0;0.0;0.0;0.0;0.0;0.0;0.0;0.0;0.111619;0.00366
44009;0.319658;0.181197;0.117949;0.059829;0.034188;0.0;0.0;0.0;0.0;0.0;0.0;0.0;0.0;0.0;0.280342;0.006838
44010;0.314685;0.20979;0.251748;0.06993;0.055944;0.0;0.0;0.0;0.0;0.0;0.0;0.0;0.0;0.0;0.097902;0.0
44011;0.264706;0.235294;0.147059;0.117647;0.029412;0.0;0.0;0.0;0.0;0.0;0.0;0.0;0.0;0.0;0.176471;0.029412
44012;0.305164;0.323944;0.140845;0.056338;0.065728;0.0;0.0;0.0;0.0;0.0;0.0;0.0;0.0;0.0;0.084507;0.023474
44013;0.274654;0.233295;0.176296;0.06204;0.074706;0.0;0.0;0.0;0.0;0.0;0.0;0.0;0.0;0.0;0.171643;0.007367
44014;0.275691;0.214917;0.09337;0.041989;0.083978;0.0;0.0;0.0;0.0;0.0;0.0;0.0;0.0;0.0;0.283425;0.00663
44016;0.236486;0.25;0.10473;0.047297;0.037162;0.0;0.0;0.0;0.0;0.0;0.0;0.0;0.0;0.0;0.324324;0.0
44017;0.25463;0.189815;0.078704;0.060185;0.041667;0.0;0.0;0.0;0.0;0.0;0.0;0.0;0.0;0.0;0.375;0.0
44018;0.0625;0.9375;0.0;0.0;0.0;0.0;0.0;0.0;0.0;0.0;0.0;0.0;0.0;0.0;0.0;0.0
44019;0.142857;0.285714;0.166667;0.166667;0.02381;0.0;0.0;0.0;0.0;0.0;0.0;0.0;0.0;0.0;0.214286;0.0
44020;0.142857;0.428571;0.142857;0.0;0.047619;0.0;0.0;0.0;0.0;0.0;0.0;0.0;0.0;0.0;0.238095;0.0
44021;0.276316;0.236842;0.039474;0.013158;0.0;0.0;0.0;0.0;0.0;0.0;0.0;0.0;0.0;0.0;0.421053;0.013158
44022;0.25;0.151235;0.148148;0.018519;0.046296;0.0;0.0;0.0;0.0;0.0;0.0;0.0;0.0;0.0;0.376543;0.009259
44023;0.071429;0.571429;0.142857;0.071429;0.071429;0.0;0.0;0.0;0.0;0.0;0.0;0.0;0.0;0.0;0.071429;0.0
44024;0.16;0.56;0.08;0.04;0.0;0.0;0.0;0.0;0.0;0.0;0.0;0.0;0.0;0.0;0.16;0.0
44025;0.31206;0.155276;0.136181;0.033668;0.088191;0.0;0.0;0.0;0.0;0.0;0.0;0.0;0.0;0.0;0.265829;0.008794
44026;0.208333;0.222222;0.291667;0.041667;0.125;0.0;0.0;0.0;0.0;0.0;0.0;0.0;0.0;0.0;0.111111;0.0
44027;0.405405;0.261261;0.081081;0.027027;0.171171;0.0;0.0;0.0;0.0;0.0;0.0;0.0;0.0;0.0;0.045045;0.009009
44028;0.183824;0.389706;0.051471;0.036765;0.051471;0.0;0.0;0.0;0.0;0.0;0.0;0.0;0.0;0.0;0.279412;0.007353
44029;0.420935;0.14922;0.126949;0.091314;0.066815;0.0;0.0;0.0;0.0;0.0;0.0;0.0;0.0;0.0;0.13363;0.011136
44031;0.38;0.36;0.16;0.04;0.0;0.0;0.0;0.0;0.0;0.0;0.0;0.0;0.0;0.0;0.06;0.0
44032;0.615385;0.153846;0.0;0.153846;0.0;0.0;0.0;0.0;0.0;0.0;0.0;0.0;0.0;0.0;0.076923;0.0
44033;0.283951;0.283951;0.185185;0.012346;0.067901;0.0;0.0;0.0;0.0;0.0;0.0;0.0;0.0;0.0;0.166667;0.0
44034;0.311111;0.355556;0.077778;0.044444;0.033333;0.0;0.0;0.0;0.0;0.0;0.0;0.0;0.0;0.0;0.155556;0.022222
44035;0.202532;0.405063;0.151899;0.0;0.0;0.0;0.0;0.0;0.0;0.0;0.0;0.0;0.0;0.0;0.240506;0.0
44036;0.05;0.35;0.1;0.0;0.15;0.0;0.0;0.0;0.0;0.0;0.0;0.0;0.0;0.0;0.3;0.05
44037;0.247387;0.341463;0.083624;0.038328;0.097561;0.0;0.0;0.0;0.0;0.0;0.0;0.0;0.0;0.0;0.174216;0.017422
44038;0.365854;0.292683;0.085366;0.036585;0.097561;0.0;0.0;0.0;0.0;0.0;0.0;0.0;0.0;0.0;0.121951;0.0
44039;0.119718;0.464789;0.197183;0.049296;0.014085;0.0;0.0;0.0;0.0;0.0;0.0;0.0;0.0;0.0;0.147887;0.007042
44040;0.288591;0.255034;0.14094;0.026846;0.053691;0.0;0.0;0.0;0.0;0.0;0.0;0.0;0.0;0.0;0.208054;0.026846
44041;0.291667;0.145833;0.125;0.083333;0.125;0.0;0.0;0.0;0.0;0.0;0.0;0.0;0.0;0.0;0.229167;0.0
44042;0.222222;0.320988;0.049383;0.037037;0.049383;0.0;0.0;0.0;0.0;0.0;0.0;0.0;0.0;0.0;0.320988;0.0
44043;0.266667;0.35;0.116667;0.116667;0.083333;0.0;0.0;0.0;0.0;0.0;0.0;0.0;0.0;0.0;0.066667;0.0
44044;0.126984;0.412698;0.190476;0.079365;0.015873;0.0;0.0;0.0;0.0;0.0;0.0;0.0;0.0;0.0;0.174603;0.0
44045;0.306273;0.243542;0.151292;0.00369;0.04428;0.0;0.0;0.0;0.0;0.0;0.0;0.0;0.0;0.0;0.250923;0.0
44046;0.30303;0.151515;0.060606;0.0;0.0;0.0;0.0;0.0;0.0;0.0;0.0;0.0;0.0;0.0;0.484848;0.0
44047;0.349515;0.281553;0.048544;0.019417;0.116505;0.0;0.0;0.0;0.0;0.0;0.0;0.0;0.0;0.0;0.174757;0.009709
44048;0.276596;0.255319;0.255319;0.021277;0.042553;0.0;0.0;0.0;0.0;0.0;0.0;0.0;0.0;0.0;0.148936;0.0
44049;0.344045;0.340265;0.081285;0.056711;0.115312;0.0;0.0;0.0;0.0;0.0;0.0;0.0;0.0;0.0;0.05482;0.007561
44050;0.251402;0.228505;0.146262;0.052804;0.028505;0.0;0.0;0.0;0.0;0.0;0.0;0.0;0.0;0.0;0.290654;0.001869
44051;0.286621;0.371761;0.127446;0.038604;0.043363;0.0;0.0;0.0;0.0;0.0;0.0;0.0;0.0;0.0;0.122158;0.010048
44052;0.185185;0.222222;0.222222;0.037037;0.055556;0.0;0.0;0.0;0.0;0.0;0.0;0.0;0.0;0.0;0.277778;0.0
44053;0.285714;0.25;0.130952;0.130952;0.0;0.0;0.0;0.0;0.0;0.0;0.0;0.0;0.0;0.0;0.190476;0.011905
44054;0.209877;0.407407;0.111111;0.049383;0.061728;0.0;0.0;0.0;0.0;0.0;0.0;0.0;0.0;0.0;0.160494;0.0
44055;0.24;0.38;0.08;0.04;0.0;0.0;0.0;0.0;0.0;0.0;0.0;0.0;0.0;0.0;0.26;0.0
44056;0.219136;0.296296;0.228395;0.049383;0.021605;0.0;0.0;0.0;0.0;0.0;0.0;0.0;0.0;0.0;0.185185;0.0
44059;0.249383;0.360494;0.103704;0.034568;0.039506;0.0;0.0;0.0;0.0;0.0;0.0;0.0;0.0;0.0;0.207407;0.004938
44060;0.08;0.24;0.56;0.04;0.04;0.0;0.0;0.0;0.0;0.0;0.0;0.0;0.0;0.0;0.04;0.0
44061;0.315789;0.298246;0.157895;0.0;0.017544;0.0;0.0;0.0;0.0;0.0;0.0;0.0;0.0;0.0;0.210526;0.0
44062;0.25;0.45;0.0;0.1;0.0;0.0;0.0;0.0;0.0;0.0;0.0;0.0;0.0;0.0;0.2;0.0
44063;0.192308;0.346154;0.096154;0.096154;0.0;0.0;0.0;0.0;0.0;0.0;0.0;0.0;0.0;0.0;0.269231;0.0
44064;0.195652;0.369565;0.217391;0.021739;0.021739;0.0;0.0;0.0;0.0;0.0;0.0;0.0;0.0;0.0;0.152174;0.021739
44065;0.0625;0.53125;0.28125;0.03125;0.03125;0.0;0.0;0.0;0.0;0.0;0.0;0.0;0.0;0.0;0.0625;0.0
44066;0.516129;0.096774;0.112903;0.032258;0.016129;0.0;0.0;0.0;0.0;0.0;0.0;0.0;0.0;0.0;0.225806;0.0
44067;0.28169;0.197183;0.197183;0.028169;0.225352;0.0;0.0;0.0;0.0;0.0;0.0;0.0;0.0;0.0;0.056338;0.014085
44068;0.301426;0.315682;0.14664;0.052953;0.05499;0.0;0.0;0.0;0.0;0.0;0.0;0.0;0.0;0.0;0.124236;0.004073
44070;0.122449;0.469388;0.204082;0.040816;0.0;0.0;0.0;0.0;0.0;0.0;0.0;0.0;0.0;0.0;0.142857;0.020408
44071;0.218447;0.23301;0.109223;0.046117;0.070388;0.0;0.0;0.0;0.0;0.0;0.0;0.0;0.0;0.0;0.317961;0.004854
44074;0.228758;0.336601;0.163399;0.04902;0.01634;0.0;0.0;0.0;0.0;0.0;0.0;0.0;0.0;0.0;0.202614;0.003268
44075;0.167331;0.346614;0.211155;0.023904;0.011952;0.0;0.0;0.0;0.0;0.0;0.0;0.0;0.0;0.0;0.239044;0.0
44076;0.344252;0.254978;0.082209;0.023764;0.034682;0.0;0.0;0.0;0.0;0.0;0.0;0.0;0.0;0.0;0.258189;0.001927
44077;0.627451;0.098039;0.058824;0.098039;0.019608;0.0;0.0;0.0;0.0;0.0;0.0;0.0;0.0;0.0;0.098039;0.0
44080;0.311558;0.226131;0.055276;0.050251;0.115578;0.0;0.0;0.0;0.0;0.0;0.0;0.0;0.0;0.0;0.231156;0.01005
44082;0.272727;0.151515;0.212121;0.030303;0.015152;0.0;0.0;0.0;0.0;0.0;0.0;0.0;0.0;0.0;0.318182;0.0
44084;0.333333;0.466667;0.044444;0.044444;0.044444;0.0;0.0;0.0;0.0;0.0;0.0;0.0;0.0;0.0;0.066667;0.0
44085;0.034483;0.62069;0.275862;0.0;0.0;0.0;0.0;0.0;0.0;0.0;0.0;0.0;0.0;0.0;0.068966;0.0
44086;0.308475;0.284746;0.084746;0.098305;0.094915;0.0;0.0;0.0;0.0;0.0;0.0;0.0;0.0;0.0;0.118644;0.010169
44087;0.3;0.4;0.06;0.04;0.08;0.0;0.0;0.0;0.0;0.0;0.0;0.0;0.0;0.0;0.12;0.0
44088;0.26087;0.478261;0.173913;0.043478;0.0;0.0;0.0;0.0;0.0;0.0;0.0;0.0;0.0;0.0;0.043478;0.0
44089;0.097561;0.317073;0.170732;0.04878;0.04878;0.0;0.0;0.0;0.0;0.0;0.0;0.0;0.0;0.0;0.317073;0.0
44090;0.183673;0.428571;0.285714;0.020408;0.020408;0.0;0.0;0.0;0.0;0.0;0.0;0.0;0.0;0.0;0.061224;0.0
44092;0.173077;0.326923;0.153846;0.057692;0.096154;0.0;0.0;0.0;0.0;0.0;0.0;0.0;0.0;0.0;0.173077;0.019231
44093;0.196721;0.344262;0.065574;0.04918;0.016393;0.0;0.0;0.0;0.0;0.0;0.0;0.0;0.0;0.0;0.327869;0.0
44094;0.194175;0.417476;0.097087;0.058252;0.048544;0.0;0.0;0.0;0.0;0.0;0.0;0.0;0.0;0.0;0.174757;0.009709
44096;0.256637;0.230088;0.070796;0.00885;0.044248;0.0;0.0;0.0;0.0;0.0;0.0;0.0;0.0;0.0;0.380531;0.00885
44097;0.205479;0.178082;0.219178;0.232877;0.0;0.0;0.0;0.0;0.0;0.0;0.0;0.0;0.0;0.0;0.150685;0.013699
44099;0.400955;0.107399;0.114558;0.052506;0.059666;0.0;0.0;0.0;0.0;0.0;0.0;0.0;0.0;0.0;0.260143;0.004773
44100;0.402985;0.164179;0.074627;0.0;0.104478;0.0;0.0;0.0;0.0;0.0;0.0;0.0;0.0;0.0;0.246269;0.007463
44101;0.205128;0.128205;0.205128;0.153846;0.0;0.0;0.0;0.0;0.0;0.0;0.0;0.0;0.0;0.0;0.307692;0.0
44102;0.0;0.421053;0.157895;0.052632;0.0;0.0;0.0;0.0;0.0;0.0;0.0;0.0;0.0;0.0;0.368421;0.0
44103;0.247312;0.258065;0.225806;0.0;0.032258;0.0;0.0;0.0;0.0;0.0;0.0;0.0;0.0;0.0;0.236559;0.0
44105;0.377358;0.245283;0.150943;0.037736;0.075472;0.0;0.0;0.0;0.0;0.0;0.0;0.0;0.0;0.0;0.113208;0.0
44106;0.264151;0.264151;0.103774;0.018868;0.122642;0.0;0.0;0.0;0.0;0.0;0.0;0.0;0.0;0.0;0.216981;0.009434
44107;0.414815;0.251852;0.148148;0.051852;0.051852;0.0;0.0;0.0;0.0;0.0;0.0;0.0;0.0;0.0;0.066667;0.014815
44108;0.27451;0.27451;0.142157;0.073529;0.117647;0.0;0.0;0.0;0.0;0.0;0.0;0.0;0.0;0.0;0.107843;0.009804
44109;0.359375;0.25;0.171875;0.046875;0.0625;0.0;0.0;0.0;0.0;0.0;0.0;0.0;0.0;0.0;0.109375;0.0
44110;0.2;0.433333;0.166667;0.1;0.0;0.0;0.0;0.0;0.0;0.0;0.0;0.0;0.0;0.0;0.066667;0.033333
44111;0.327869;0.196721;0.04918;0.065574;0.147541;0.0;0.0;0.0;0.0;0.0;0.0;0.0;0.0;0.0;0.196721;0.016393
44112;0.273764;0.186312;0.110266;0.04943;0.026616;0.0;0.0;0.0;0.0;0.0;0.0;0.0;0.0;0.0;0.353612;0.0
44113;0.235294;0.039216;0.078431;0.0;0.470588;0.0;0.0;0.0;0.0;0.0;0.0;0.0;0.0;0.0;0.156863;0.019608
44114;0.232704;0.333333;0.176101;0.062893;0.044025;0.0;0.0;0.0;0.0;0.0;0.0;0.0;0.0;0.0;0.150943;0.0
44115;0.395604;0.230769;0.054945;0.021978;0.10989;0.0;0.0;0.0;0.0;0.0;0.0;0.0;0.0;0.0;0.164835;0.021978
44116;0.103448;0.224138;0.206897;0.137931;0.0;0.0;0.0;0.0;0.0;0.0;0.0;0.0;0.0;0.0;0.327586;0.0
44117;0.375969;0.162791;0.193798;0.034884;0.023256;0.0;0.0;0.0;0.0;0.0;0.0;0.0;0.0;0.0;0.209302;0.0
44118;0.285714;0.314286;0.161905;0.12381;0.028571;0.0;0.0;0.0;0.0;0.0;0.0;0.0;0.0;0.0;0.085714;0.0
44119;0.282051;0.128205;0.089744;0.012821;0.064103;0.0;0.0;0.0;0.0;0.0;0.0;0.0;0.0;0.0;0.423077;0.0
44120;0.176056;0.239437;0.112676;0.056338;0.042254;0.0;0.0;0.0;0.0;0.0;0.0;0.0;0.0;0.0;0.373239;0.0
44121;0.243902;0.268293;0.341463;0.02439;0.02439;0.0;0.0;0.0;0.0;0.0;0.0;0.0;0.0;0.0;0.097561;0.0
44122;0.337998;0.259419;0.164693;0.050592;0.059203;0.0;0.0;0.0;0.0;0.0;0.0;0.0;0.0;0.0;0.123789;0.004306
44123;0.279412;0.367647;0.044118;0.0;0.029412;0.0;0.0;0.0;0.0;0.0;0.0;0.0;0.0;0.0;0.279412;0.0
44124;0.333333;0.157895;0.052632;0.052632;0.052632;0.0;0.0;0.0;0.0;0.0;0.0;0.0;0.0;0.0;0.333333;0.017544
44125;0.195122;0.243902;0.073171;0.121951;0.02439;0.0;0.0;0.0;0.0;0.0;0.0;0.0;0.0;0.0;0.341463;0.0
44126;0.339367;0.230769;0.076923;0.054299;0.058824;0.0;0.0;0.0;0.0;0.0;0.0;0.0;0.0;0.0;0.235294;0.004525
44127;0.255814;0.325581;0.116279;0.023256;0.0;0.0;0.0;0.0;0.0;0.0;0.0;0.0;0.0;0.0;0.27907;0.0
44128;0.243243;0.324324;0.054054;0.216216;0.0;0.0;0.0;0.0;0.0;0.0;0.0;0.0;0.0;0.0;0.162162;0.0
44129;0.571429;0.214286;0.107143;0.0;0.071429;0.0;0.0;0.0;0.0;0.0;0.0;0.0;0.0;0.0;0.035714;0.0
44130;0.086957;0.391304;0.130435;0.043478;0.043478;0.0;0.0;0.0;0.0;0.0;0.0;0.0;0.0;0.0;0.304348;0.0
44131;0.409091;0.181818;0.0;0.090909;0.0;0.0;0.0;0.0;0.0;0.0;0.0;0.0;0.0;0.0;0.227273;0.090909
44132;0.265306;0.346939;0.163265;0.020408;0.040816;0.0;0.0;0.0;0.0;0.0;0.0;0.0;0.0;0.0;0.163265;0.0
44133;0.083333;0.25;0.25;0.0;0.0;0.0;0.0;0.0;0.0;0.0;0.0;0.0;0.0;0.0;0.416667;0.0
44135;0.25;0.333333;0.152778;0.055556;0.0;0.0;0.0;0.0;0.0;0.0;0.0;0.0;0.0;0.0;0.208333;0.0
44136;0.285714;0.547619;0.047619;0.0;0.02381;0.0;0.0;0.0;0.0;0.0;0.0;0.0;0.0;0.0;0.095238;0.0
44137;0.143885;0.47482;0.215827;0.057554;0.028777;0.0;0.0;0.0;0.0;0.0;0.0;0.0;0.0;0.0;0.079137;0.0
44138;0.25;0.23913;0.173913;0.032609;0.043478;0.0;0.0;0.0;0.0;0.0;0.0;0.0;0.0;0.0;0.26087;0.0
44141;0.247059;0.294118;0.141176;0.058824;0.188235;0.0;0.0;0.0;0.0;0.0;0.0;0.0;0.0;0.0;0.058824;0.011765
44142;0.333333;0.285714;0.095238;0.047619;0.095238;0.0;0.0;0.0;0.0;0.0;0.0;0.0;0.0;0.0;0.142857;0.0
44143;0.327703;0.25;0.175676;0.02027;0.023649;0.0;0.0;0.0;0.0;0.0;0.0;0.0;0.0;0.0;0.185811;0.016892
44144;0.466368;0.183857;0.053812;0.107623;0.035874;0.0;0.0;0.0;0.0;0.0;0.0;0.0;0.0;0.0;0.152466;0.0
44145;0.283862;0.256484;0.157061;0.04611;0.04755;0.0;0.0;0.0;0.0;0.0;0.0;0.0;0.0;0.0;0.204611;0.004323
44146;0.396947;0.259542;0.122137;0.045802;0.015267;0.0;0.0;0.0;0.0;0.0;0.0;0.0;0.0;0.0;0.160305;0.0
44147;0.325301;0.220884;0.084337;0.068273;0.140562;0.0;0.0;0.0;0.0;0.0;0.0;0.0;0.0;0.0;0.144578;0.016064
44148;0.518519;0.185185;0.092593;0.018519;0.0;0.0;0.0;0.0;0.0;0.0;0.0;0.0;0.0;0.0;0.185185;0.0
44149;0.376812;0.188406;0.130435;0.072464;0.043478;0.0;0.0;0.0;0.0;0.0;0.0;0.0;0.0;0.0;0.173913;0.014493
44150;0.235294;0.352941;0.058824;0.058824;0.0;0.0;0.0;0.0;0.0;0.0;0.0;0.0;0.0;0.0;0.294118;0.0
44151;0.345865;0.255639;0.045113;0.022556;0.112782;0.0;0.0;0.0;0.0;0.0;0.0;0.0;0.0;0.0;0.18797;0.030075
44152;0.043478;0.391304;0.130435;0.108696;0.021739;0.0;0.0;0.0;0.0;0.0;0.0;0.0;0.0;0.0;0.304348;0.0
44153;0.213333;0.257778;0.096889;0.040889;0.033778;0.0;0.0;0.0;0.0;0.0;0.0;0.0;0.0;0.0;0.352889;0.004444
44154;0.18125;0.33125;0.15;0.13125;0.0875;0.0;0.0;0.0;0.0;0.0;0.0;0.0;0.0;0.0;0.10625;0.0125
44155;0.367742;0.125161;0.08;0.052903;0.090323;0.0;0.0;0.0;0.0;0.0;0.0;0.0;0.0;0.0;0.276129;0.007742
44156;0.258065;0.322581;0.129032;0.032258;0.0;0.0;0.0;0.0;0.0;0.0;0.0;0.0;0.0;0.0;0.258065;0.0
44157;0.432432;0.216216;0.081081;0.0;0.054054;0.0;0.0;0.0;0.0;0.0;0.0;0.0;0.0;0.0;0.216216;0.0
44158;0.252887;0.192841;0.143187;0.061201;0.042725;0.0;0.0;0.0;0.0;0.0;0.0;0.0;0.0;0.0;0.296767;0.010393
44159;0.076923;0.384615;0.153846;0.076923;0.192308;0.0;0.0;0.0;0.0;0.0;0.0;0.0;0.0;0.0;0.038462;0.076923
44160;0.245552;0.327402;0.106762;0.060498;0.042705;0.0;0.0;0.0;0.0;0.0;0.0;0.0;0.0;0.0;0.217082;0.0
44161;0.293103;0.334483;0.151724;0.024138;0.02069;0.0;0.0;0.0;0.0;0.0;0.0;0.0;0.0;0.0;0.168966;0.006897
44163;0.358974;0.217949;0.217949;0.0;0.038462;0.0;0.0;0.0;0.0;0.0;0.0;0.0;0.0;0.0;0.153846;0.012821
44164;0.2;0.533333;0.133333;0.0;0.0;0.0;0.0;0.0;0.0;0.0;0.0;0.0;0.0;0.0;0.133333;0.0
44165;0.300813;0.268293;0.154472;0.065041;0.02439;0.0;0.0;0.0;0.0;0.0;0.0;0.0;0.0;0.0;0.178862;0.00813
44167;0.230769;0.192308;0.115385;0.0;0.038462;0.0;0.0;0.0;0.0;0.0;0.0;0.0;0.0;0.0;0.423077;0.0
44168;0.206897;0.396552;0.086207;0.025862;0.008621;0.0;0.0;0.0;0.0;0.0;0.0;0.0;0.0;0.0;0.267241;0.008621
44169;0.319444;0.217593;0.064815;0.009259;0.032407;0.0;0.0;0.0;0.0;0.0;0.0;0.0;0.0;0.0;0.356481;0.0
44171;0.182609;0.182609;0.069565;0.008696;0.347826;0.0;0.0;0.0;0.0;0.0;0.0;0.0;0.0;0.0;0.2;0.008696
44172;0.302326;0.362791;0.116279;0.027907;0.023256;0.0;0.0;0.0;0.0;0.0;0.0;0.0;0.0;0.0;0.153488;0.013953
44173;0.177215;0.278481;0.037975;0.113924;0.101266;0.0;0.0;0.0;0.0;0.0;0.0;0.0;0.0;0.0;0.291139;0.0
44174;0.240418;0.327526;0.15331;0.041812;0.010453;0.0;0.0;0.0;0.0;0.0;0.0;0.0;0.0;0.0;0.226481;0.0
44175;0.243243;0.405405;0.040541;0.027027;0.094595;0.0;0.0;0.0;0.0;0.0;0.0;0.0;0.0;0.0;0.175676;0.013514
44176;0.321429;0.267857;0.071429;0.205357;0.035714;0.0;0.0;0.0;0.0;0.0;0.0;0.0;0.0;0.0;0.098214;0.0
44177;0.41791;0.268657;0.074627;0.014925;0.044776;0.0;0.0;0.0;0.0;0.0;0.0;0.0;0.0;0.0;0.179104;0.0
44178;0.264706;0.352941;0.088235;0.058824;0.0;0.0;0.0;0.0;0.0;0.0;0.0;0.0;0.0;0.0;0.235294;0.0
44179;0.351759;0.286432;0.060302;0.045226;0.105528;0.0;0.0;0.0;0.0;0.0;0.0;0.0;0.0;0.0;0.115578;0.035176
44180;0.267857;0.410714;0.125;0.125;0.017857;0.0;0.0;0.0;0.0;0.0;0.0;0.0;0.0;0.0;0.053571;0.0
44181;0.157895;0.54386;0.052632;0.0;0.035088;0.0;0.0;0.0;0.0;0.0;0.0;0.0;0.0;0.0;0.210526;0.0
44182;0.246835;0.221519;0.113924;0.063291;0.0;0.0;0.0;0.0;0.0;0.0;0.0;0.0;0.0;0.0;0.341772;0.012658
44183;0.347826;0.195652;0.304348;0.021739;0.0;0.0;0.0;0.0;0.0;0.0;0.0;0.0;0.0;0.0;0.130435;0.0
44184;0.027027;0.189189;0.324324;0.351351;0.027027;0.0;0.0;0.0;0.0;0.0;0.0;0.0;0.0;0.0;0.054054;0.027027
44185;0.208955;0.253731;0.089552;0.0;0.044776;0.0;0.0;0.0;0.0;0.0;0.0;0.0;0.0;0.0;0.402985;0.0
44187;0.232877;0.410959;0.136986;0.10274;0.020548;0.0;0.0;0.0;0.0;0.0;0.0;0.0;0.0;0.0;0.09589;0.0
44189;0.285714;0.314286;0.171429;0.057143;0.028571;0.0;0.0;0.0;0.0;0.0;0.0;0.0;0.0;0.0;0.142857;0.0
44190;0.222222;0.288889;0.066667;0.044444;0.0;0.0;0.0;0.0;0.0;0.0;0.0;0.0;0.0;0.0;0.377778;0.0
44191;0.339394;0.234343;0.084848;0.042424;0.157576;0.0;0.0;0.0;0.0;0.0;0.0;0.0;0.0;0.0;0.129293;0.012121
44192;0.274074;0.240741;0.148148;0.044444;0.02963;0.0;0.0;0.0;0.0;0.0;0.0;0.0;0.0;0.0;0.262963;0.0
44193;0.355932;0.288136;0.101695;0.033898;0.118644;0.0;0.0;0.0;0.0;0.0;0.0;0.0;0.0;0.0;0.101695;0.0
44194;0.125;0.203125;0.203125;0.078125;0.125;0.0;0.0;0.0;0.0;0.0;0.0;0.0;0.0;0.0;0.265625;0.0
44195;0.315789;0.157895;0.192982;0.017544;0.0;0.0;0.0;0.0;0.0;0.0;0.0;0.0;0.0;0.0;0.315789;0.0
44196;0.454545;0.181818;0.056818;0.022727;0.011364;0.0;0.0;0.0;0.0;0.0;0.0;0.0;0.0;0.0;0.272727;0.0
44197;0.352941;0.382353;0.058824;0.0;0.088235;0.0;0.0;0.0;0.0;0.0;0.0;0.0;0.0;0.0;0.117647;0.0
44198;0.274074;0.274074;0.2;0.037037;0.007407;0.0;0.0;0.0;0.0;0.0;0.0;0.0;0.0;0.0;0.207407;0.0
44199;0.085714;0.2;0.114286;0.0;0.0;0.0;0.0;0.0;0.0;0.0;0.0;0.0;0.0;0.0;0.6;0.0
44200;0.115385;0.692308;0.076923;0.0;0.0;0.0;0.0;0.0;0.0;0.0;0.0;0.0;0.0;0.0;0.115385;0.0
44201;0.362944;0.13198;0.091371;0.045685;0.081218;0.0;0.0;0.0;0.0;0.0;0.0;0.0;0.0;0.0;0.286802;0.0
44203;0.222222;0.111111;0.333333;0.0;0.0;0.0;0.0;0.0;0.0;0.0;0.0;0.0;0.0;0.0;0.0;0.333333
44204;0.444444;0.055556;0.222222;0.055556;0.111111;0.0;0.0;0.0;0.0;0.0;0.0;0.0;0.0;0.0;0.111111;0.0
44205;0.312195;0.321951;0.143902;0.058537;0.036585;0.0;0.0;0.0;0.0;0.0;0.0;0.0;0.0;0.0;0.112195;0.014634
44206;0.214286;0.171429;0.228571;0.028571;0.114286;0.0;0.0;0.0;0.0;0.0;0.0;0.0;0.0;0.0;0.242857;0.0
44207;0.347368;0.221053;0.084211;0.042105;0.115789;0.0;0.0;0.0;0.0;0.0;0.0;0.0;0.0;0.0;0.189474;0.0
44208;0.294118;0.176471;0.529412;0.0;0.0;0.0;0.0;0.0;0.0;0.0;0.0;0.0;0.0;0.0;0.0;0.0
44209;0.217163;0.283713;0.112084;0.02627;0.014011;0.0;0.0;0.0;0.0;0.0;0.0;0.0;0.0;0.0;0.345009;0.001751
44210;0.287719;0.2;0.114035;0.049123;0.07193;0.0;0.0;0.0;0.0;0.0;0.0;0.0;0.0;0.0;0.268421;0.008772
44211;0.5;0.090909;0.045455;0.045455;0.136364;0.0;0.0;0.0;0.0;0.0;0.0;0.0;0.0;0.0;0.181818;0.0
44212;0.068966;0.37931;0.172414;0.034483;0.034483;0.0;0.0;0.0;0.0;0.0;0.0;0.0;0.0;0.0;0.275862;0.034483
44213;0.212766;0.361702;0.12766;0.042553;0.042553;0.0;0.0;0.0;0.0;0.0;0.0;0.0;0.0;0.0;0.212766;0.0
44215;0.261261;0.135135;0.153153;0.072072;0.063063;0.0;0.0;0.0;0.0;0.0;0.0;0.0;0.0;0.0;0.315315;0.0
44216;0.164809;0.214181;0.117202;0.037016;0.034697;0.0;0.0;0.0;0.0;0.0;0.0;0.0;0.0;0.0;0.427505;0.004589
44217;0.44;0.08;0.28;0.0;0.04;0.0;0.0;0.0;0.0;0.0;0.0;0.0;0.0;0.0;0.16;0.0
44218;0.190476;0.571429;0.047619;0.0;0.095238;0.0;0.0;0.0;0.0;0.0;0.0;0.0;0.0;0.0;0.095238;0.0
44219;0.219298;0.403509;0.140351;0.087719;0.04386;0.0;0.0;0.0;0.0;0.0;0.0;0.0;0.0;0.0;0.105263;0.0
44220;0.111111;0.358025;0.17284;0.037037;0.0;0.0;0.0;0.0;0.0;0.0;0.0;0.0;0.0;0.0;0.320988;0.0
44221;0.306931;0.310231;0.115512;0.069307;0.069307;0.0;0.0;0.0;0.0;0.0;0.0;0.0;0.0;0.0;0.118812;0.009901
44222;0.206522;0.391304;0.141304;0.01087;0.01087;0.0;0.0;0.0;0.0;0.0;0.0;0.0;0.0;0.0;0.23913;0.0
44223;0.208333;0.229167;0.104167;0.145833;0.166667;0.0;0.0;0.0;0.0;0.0;0.0;0.0;0.0;0.0;0.145833;0.0
44224;0.5;0.333333;0.166667;0.0;0.0;0.0;0.0;0.0;0.0;0.0;0.0;0.0;0.0;0.0;0.0;0.0
44225;0.316456;0.202532;0.075949;0.088608;0.126582;0.0;0.0;0.0;0.0;0.0;0.0;0.0;0.0;0.0;0.177215;0.012658
44226;0.321429;0.154762;0.095238;0.0;0.02381;0.0;0.0;0.0;0.0;0.0;0.0;0.0;0.0;0.0;0.404762;0.0
44227;0.206897;0.517241;0.103448;0.017241;0.034483;0.0;0.0;0.0;0.0;0.0;0.0;0.0;0.0;0.0;0.12069;0.0
44228;0.175676;0.364865;0.189189;0.0;0.0;0.0;0.0;0.0;0.0;0.0;0.0;0.0;0.0;0.0;0.202703;0.067568
44229;0.247423;0.113402;0.175258;0.020619;0.041237;0.0;0.0;0.0;0.0;0.0;0.0;0.0;0.0;0.0;0.402062;0.0
44230;0.407407;0.231481;0.0;0.046296;0.12037;0.0;0.0;0.0;0.0;0.0;0.0;0.0;0.0;0.0;0.185185;0.009259
44231;0.233333;0.2;0.133333;0.0;0.266667;0.0;0.0;0.0;0.0;0.0;0.0;0.0;0.0;0.0;0.166667;0.0
44232;0.261905;0.253968;0.119048;0.027778;0.007937;0.0;0.0;0.0;0.0;0.0;0.0;0.0;0.0;0.0;0.325397;0.003968
44234;0.22449;0.22449;0.102041;0.0;0.081633;0.0;0.0;0.0;0.0;0.0;0.0;0.0;0.0;0.0;0.367347;0.0
44235;0.269841;0.349206;0.095238;0.031746;0.047619;0.0;0.0;0.0;0.0;0.0;0.0;0.0;0.0;0.0;0.190476;0.015873
44236;0.105263;0.526316;0.052632;0.052632;0.131579;0.0;0.0;0.0;0.0;0.0;0.0;0.0;0.0;0.0;0.131579;0.0
44237;0.366412;0.396947;0.114504;0.019084;0.030534;0.0;0.0;0.0;0.0;0.0;0.0;0.0;0.0;0.0;0.068702;0.003817
44238;0.384663;0.061843;0.064935;0.277675;0.061843;0.0;0.0;0.0;0.0;0.0;0.0;0.0;0.0;0.0;0.142857;0.006184
44239;0.0;0.368421;0.210526;0.0;0.157895;0.0;0.0;0.0;0.0;0.0;0.0;0.0;0.0;0.0;0.263158;0.0
44240;0.264957;0.247863;0.068376;0.094017;0.034188;0.0;0.0;0.0;0.0;0.0;0.0;0.0;0.0;0.0;0.282051;0.008547
44241;0.271709;0.2493;0.131653;0.042017;0.064426;0.0;0.0;0.0;0.0;0.0;0.0;0.0;0.0;0.0;0.238095;0.002801
44243;0.157895;0.210526;0.157895;0.210526;0.052632;0.0;0.0;0.0;0.0;0.0;0.0;0.0;0.0;0.0;0.210526;0.0
44244;0.2;0.375;0.175;0.0;0.1;0.0;0.0;0.0;0.0;0.0;0.0;0.0;0.0;0.0;0.125;0.025
44245;0.247126;0.327586;0.224138;0.068966;0.068966;0.0;0.0;0.0;0.0;0.0;0.0;0.0;0.0;0.0;0.063218;0.0
44246;0.322222;0.264646;0.083838;0.069697;0.115152;0.0;0.0;0.0;0.0;0.0;0.0;0.0;0.0;0.0;0.128283;0.016162
44247;0.420792;0.222772;0.084158;0.069307;0.074257;0.0;0.0;0.0;0.0;0.0;0.0;0.0;0.0;0.0;0.128713;0.0
44249;0.366667;0.333333;0.133333;0.1;0.0;0.0;0.0;0.0;0.0;0.0;0.0;0.0;0.0;0.0;0.066667;0.0
44250;0.0;0.4;0.2;0.0;0.0;0.0;0.0;0.0;0.0;0.0;0.0;0.0;0.0;0.0;0.4;0.0
44251;0.181319;0.423077;0.258242;0.021978;0.005495;0.0;0.0;0.0;0.0;0.0;0.0;0.0;0.0;0.0;0.10989;0.0
44252;0.272727;0.327273;0.218182;0.036364;0.036364;0.0;0.0;0.0;0.0;0.0;0.0;0.0;0.0;0.0;0.090909;0.018182
44256;0.178571;0.178571;0.107143;0.285714;0.0;0.0;0.0;0.0;0.0;0.0;0.0;0.0;0.0;0.0;0.25;0.0
44257;0.274725;0.384615;0.087912;0.054945;0.021978;0.0;0.0;0.0;0.0;0.0;0.0;0.0;0.0;0.0;0.175824;0.0
44258;0.152174;0.565217;0.130435;0.0;0.0;0.0;0.0;0.0;0.0;0.0;0.0;0.0;0.0;0.0;0.152174;0.0
44260;0.23913;0.217391;0.326087;0.076087;0.021739;0.0;0.0;0.0;0.0;0.0;0.0;0.0;0.0;0.0;0.108696;0.01087
44261;0.371795;0.276557;0.086081;0.016484;0.032967;0.0;0.0;0.0;0.0;0.0;0.0;0.0;0.0;0.0;0.212454;0.003663
44262;0.116505;0.23301;0.145631;0.038835;0.019417;0.0;0.0;0.0;0.0;0.0;0.0;0.0;0.0;0.0;0.436893;0.009709
44263;0.245283;0.132075;0.154717;0.007547;0.056604;0.0;0.0;0.0;0.0;0.0;0.0;0.0;0.0;0.0;0.4;0.003774
44264;0.358824;0.129412;0.147059;0.064706;0.029412;0.0;0.0;0.0;0.0;0.0;0.0;0.0;0.0;0.0;0.270588;0.0
44265;0.214815;0.503704;0.111111;0.059259;0.022222;0.0;0.0;0.0;0.0;0.0;0.0;0.0;0.0;0.0;0.088889;0.0
44266;0.151899;0.417722;0.050633;0.050633;0.037975;0.0;0.0;0.0;0.0;0.0;0.0;0.0;0.0;0.0;0.278481;0.012658
44267;0.130435;0.434783;0.0;0.326087;0.043478;0.0;0.0;0.0;0.0;0.0;0.0;0.0;0.0;0.0;0.043478;0.021739
44268;0.3;0.333333;0.0;0.166667;0.033333;0.0;0.0;0.0;0.0;0.0;0.0;0.0;0.0;0.0;0.166667;0.0
45001;0.400512;0.24509;0.220325;0.046114;0.072588;0.0;0.0;0.0;0.0;0.0;0.0;0.0;0.0;0.0;0.0;0.015371
45002;0.346877;0.234688;0.248636;0.061249;0.10188;0.0;0.0;0.0;0.0;0.0;0.0;0.0;0.0;0.0;0.0;0.006671
45003;0.350384;0.2711;0.263427;0.043478;0.066496;0.0;0.0;0.0;0.0;0.0;0.0;0.0;0.0;0.0;0.0;0.005115
45004;0.35101;0.285354;0.214646;0.050505;0.080808;0.0;0.0;0.0;0.0;0.0;0.0;0.0;0.0;0.0;0.0;0.017677
45005;0.335366;0.390244;0.140244;0.030488;0.085366;0.0;0.0;0.0;0.0;0.0;0.0;0.0;0.0;0.0;0.0;0.018293
45006;0.428238;0.204201;0.249708;0.057176;0.056009;0.0;0.0;0.0;0.0;0.0;0.0;0.0;0.0;0.0;0.0;0.004667
45007;0.549296;0.195171;0.148893;0.018109;0.078471;0.0;0.0;0.0;0.0;0.0;0.0;0.0;0.0;0.0;0.0;0.01006
45008;0.504587;0.284404;0.12844;0.036697;0.045872;0.0;0.0;0.0;0.0;0.0;0.0;0.0;0.0;0.0;0.0;0.0
45009;0.283088;0.386029;0.224265;0.033088;0.066176;0.0;0.0;0.0;0.0;0.0;0.0;0.0;0.0;0.0;0.0;0.007353
45010;0.456693;0.173228;0.248031;0.035433;0.082677;0.0;0.0;0.0;0.0;0.0;0.0;0.0;0.0;0.0;0.0;0.003937
45011;0.375546;0.432314;0.135371;0.030568;0.017467;0.0;0.0;0.0;0.0;0.0;0.0;0.0;0.0;0.0;0.0;0.008734
45012;0.307203;0.375;0.175847;0.033898;0.108051;0.0;0.0;0.0;0.0;0.0;0.0;0.0;0.0;0.0;0.0;0.0
45013;0.31778;0.380531;0.216412;0.036203;0.042639;0.0;0.0;0.0;0.0;0.0;0.0;0.0;0.0;0.0;0.0;0.006436
45014;0.401669;0.17203;0.239571;0.048073;0.125149;0.0;0.0;0.0;0.0;0.0;0.0;0.0;0.0;0.0;0.0;0.013508
45015;0.383028;0.222477;0.220183;0.091743;0.075688;0.0;0.0;0.0;0.0;0.0;0.0;0.0;0.0;0.0;0.0;0.006881
45016;0.3125;0.254022;0.220916;0.092822;0.106126;0.0;0.0;0.0;0.0;0.0;0.0;0.0;0.0;0.0;0.0;0.013614
45017;0.458333;0.307292;0.078125;0.036458;0.119792;0.0;0.0;0.0;0.0;0.0;0.0;0.0;0.0;0.0;0.0;0.0
45018;0.266491;0.126649;0.382586;0.042216;0.174142;0.0;0.0;0.0;0.0;0.0;0.0;0.0;0.0;0.0;0.0;0.007916
45019;0.366962;0.211996;0.190954;0.083579;0.129007;0.0;0.0;0.0;0.0;0.0;0.0;0.0;0.0;0.0;0.0;0.017502
45020;0.341899;0.336313;0.224581;0.049162;0.046927;0.0;0.0;0.0;0.0;0.0;0.0;0.0;0.0;0.0;0.0;0.001117
45021;0.338142;0.1985;0.271783;0.0779;0.103866;0.0;0.0;0.0;0.0;0.0;0.0;0.0;0.0;0.0;0.0;0.00981
45022;0.32069;0.32069;0.262069;0.034483;0.048276;0.0;0.0;0.0;0.0;0.0;0.0;0.0;0.0;0.0;0.0;0.013793
45023;0.303121;0.210684;0.279712;0.082233;0.108643;0.0;0.0;0.0;0.0;0.0;0.0;0.0;0.0;0.0;0.0;0.015606
45024;0.288251;0.393443;0.245902;0.030055;0.034153;0.0;0.0;0.0;0.0;0.0;0.0;0.0;0.0;0.0;0.0;0.008197
45025;0.376048;0.154491;0.301796;0.056287;0.099401;0.0;0.0;0.0;0.0;0.0;0.0;0.0;0.0;0.0;0.0;0.011976
45026;0.435583;0.202454;0.239264;0.030675;0.079755;0.0;0.0;0.0;0.0;0.0;0.0;0.0;0.0;0.0;0.0;0.01227
45027;0.446721;0.315574;0.163934;0.020492;0.04918;0.0;0.0;0.0;0.0;0.0;0.0;0.0;0.0;0.0;0.0;0.004098
45028;0.421333;0.264762;0.189714;0.050286;0.064;0.0;0.0;0.0;0.0;0.0;0.0;0.0;0.0;0.0;0.0;0.009905
45029;0.519737;0.243421;0.164474;0.032895;0.019737;0.0;0.0;0.0;0.0;0.0;0.0;0.0;0.0;0.0;0.0;0.019737
45030;0.460606;0.233333;0.148485;0.054545;0.09697;0.0;0.0;0.0;0.0;0.0;0.0;0.0;0.0;0.0;0.0;0.006061
45031;0.321409;0.24065;0.265041;0.060705;0.100813;0.0;0.0;0.0;0.0;0.0;0.0;0.0;0.0;0.0;0.0;0.011382
45032;0.482394;0.183099;0.193662;0.070423;0.06338;0.0;0.0;0.0;0.0;0.0;0.0;0.0;0.0;0.0;0.0;0.007042
45033;0.4;0.265;0.26;0.01;0.06;0.0;0.0;0.0;0.0;0.0;0.0;0.0;0.0;0.0;0.0;0.005
45034;0.349628;0.296493;0.162593;0.070138;0.103082;0.0;0.0;0.0;0.0;0.0;0.0;0.0;0.0;0.0;0.0;0.018066
45035;0.381188;0.207921;0.178218;0.034653;0.173267;0.0;0.0;0.0;0.0;0.0;0.0;0.0;0.0;0.0;0.0;0.024752
45036;0.337054;0.345982;0.207589;0.049107;0.055804;0.0;0.0;0.0;0.0;0.0;0.0;0.0;0.0;0.0;0.0;0.004464
45037;0.397143;0.287619;0.166667;0.044762;0.098095;0.0;0.0;0.0;0.0;0.0;0.0;0.0;0.0;0.0;0.0;0.005714
45038;0.211623;0.19479;0.337475;0.098196;0.141082;0.0;0.0;0.0;0.0;0.0;0.0;0.0;0.0;0.0;0.0;0.016834
45039;0.184713;0.299363;0.394904;0.089172;0.019108;0.0;0.0;0.0;0.0;0.0;0.0;0.0;0.0;0.0;0.0;0.012739
45040;0.327247;0.345506;0.196629;0.037921;0.087079;0.0;0.0;0.0;0.0;0.0;0.0;0.0;0.0;0.0;0.0;0.005618
45041;0.289405;0.196181;0.306627;0.076376;0.117559;0.0;0.0;0.0;0.0;0.0;0.0;0.0;0.0;0.0;0.0;0.013852
45042;0.338843;0.380165;0.190083;0.008264;0.082645;0.0;0.0;0.0;0.0;0.0;0.0;0.0;0.0;0.0;0.0;0.0
45043;0.337815;0.410084;0.164706;0.031933;0.05042;0.0;0.0;0.0;0.0;0.0;0.0;0.0;0.0;0.0;0.0;0.005042
45045;0.359823;0.253863;0.249448;0.056291;0.073951;0.0;0.0;0.0;0.0;0.0;0.0;0.0;0.0;0.0;0.0;0.006623
45046;0.410976;0.22561;0.246951;0.034756;0.07378;0.0;0.0;0.0;0.0;0.0;0.0;0.0;0.0;0.0;0.0;0.007927
45047;0.205113;0.232461;0.359096;0.071938;0.11415;0.0;0.0;0.0;0.0;0.0;0.0;0.0;0.0;0.0;0.0;0.017241
45048;0.371747;0.390335;0.133829;0.033457;0.063197;0.0;0.0;0.0;0.0;0.0;0.0;0.0;0.0;0.0;0.0;0.007435
45049;0.282313;0.326531;0.272109;0.061224;0.057823;0.0;0.0;0.0;0.0;0.0;0.0;0.0;0.0;0.0;0.0;0.0
45050;0.369697;0.242424;0.209091;0.060606;0.1;0.0;0.0;0.0;0.0;0.0;0.0;0.0;0.0;0.0;0.0;0.018182
45051;0.337793;0.234114;0.306856;0.047659;0.070234;0.0;0.0;0.0;0.0;0.0;0.0;0.0;0.0;0.0;0.0;0.003344
45052;0.311269;0.223293;0.235442;0.09049;0.122329;0.0;0.0;0.0;0.0;0.0;0.0;0.0;0.0;0.0;0.0;0.017176
45053;0.389851;0.259017;0.204915;0.068246;0.072136;0.0;0.0;0.0;0.0;0.0;0.0;0.0;0.0;0.0;0.0;0.005835
45054;0.310438;0.282111;0.273186;0.062476;0.066744;0.0;0.0;0.0;0.0;0.0;0.0;0.0;0.0;0.0;0.0;0.005045
45055;0.422104;0.315579;0.189081;0.0253;0.043941;0.0;0.0;0.0;0.0;0.0;0.0;0.0;0.0;0.0;0.0;0.003995
45056;0.30296;0.162773;0.315421;0.070093;0.132399;0.0;0.0;0.0;0.0;0.0;0.0;0.0;0.0;0.0;0.0;0.016355
45057;0.323699;0.352601;0.219653;0.057803;0.040462;0.0;0.0;0.0;0.0;0.0;0.0;0.0;0.0;0.0;0.0;0.00578
45058;0.357447;0.323404;0.182979;0.042553;0.076596;0.0;0.0;0.0;0.0;0.0;0.0;0.0;0.0;0.0;0.0;0.017021
45059;0.238863;0.312596;0.315668;0.067588;0.054531;0.0;0.0;0.0;0.0;0.0;0.0;0.0;0.0;0.0;0.0;0.010753
45060;0.62037;0.148148;0.111111;0.018519;0.074074;0.0;0.0;0.0;0.0;0.0;0.0;0.0;0.0;0.0;0.0;0.027778
45061;0.412048;0.254217;0.183735;0.04759;0.092771;0.0;0.0;0.0;0.0;0.0;0.0;0.0;0.0;0.0;0.0;0.009639
45062;0.293601;0.386449;0.247177;0.050188;0.02133;0.0;0.0;0.0;0.0;0.0;0.0;0.0;0.0;0.0;0.0;0.001255
45063;0.378788;0.314394;0.219697;0.015152;0.07197;0.0;0.0;0.0;0.0;0.0;0.0;0.0;0.0;0.0;0.0;0.0
45064;0.279944;0.219529;0.246224;0.067791;0.171057;0.0;0.0;0.0;0.0;0.0;0.0;0.0;0.0;0.0;0.0;0.015455
45065;0.478049;0.302439;0.107317;0.034146;0.068293;0.0;0.0;0.0;0.0;0.0;0.0;0.0;0.0;0.0;0.0;0.009756
45066;0.278495;0.317226;0.247695;0.057728;0.086684;0.0;0.0;0.0;0.0;0.0;0.0;0.0;0.0;0.0;0.0;0.012173
45067;0.311258;0.412402;0.175798;0.040939;0.051776;0.0;0.0;0.0;0.0;0.0;0.0;0.0;0.0;0.0;0.0;0.007827
45068;0.559055;0.149606;0.125984;0.094488;0.055118;0.0;0.0;0.0;0.0;0.0;0.0;0.0;0.0;0.0;0.0;0.015748
45069;0.322747;0.259232;0.277696;0.048006;0.086411;0.0;0.0;0.0;0.0;0.0;0.0;0.0;0.0;0.0;0.0;0.005908
45070;0.357839;0.307352;0.200177;0.046944;0.079717;0.0;0.0;0.0;0.0;0.0;0.0;0.0;0.0;0.0;0.0;0.007972
45071;0.429963;0.241199;0.131086;0.057678;0.135581;0.0;0.0;0.0;0.0;0.0;0.0;0.0;0.0;0.0;0.0;0.004494
45072;0.355748;0.316703;0.169197;0.043384;0.110629;0.0;0.0;0.0;0.0;0.0;0.0;0.0;0.0;0.0;0.0;0.004338
45073;0.360577;0.4375;0.086538;0.028846;0.086538;0.0;0.0;0.0;0.0;0.0;0.0;0.0;0.0;0.0;0.0;0.0
45074;0.395189;0.415808;0.089347;0.058419;0.037801;0.0;0.0;0.0;0.0;0.0;0.0;0.0;0.0;0.0;0.0;0.003436
45075;0.324324;0.337838;0.216216;0.054054;0.067568;0.0;0.0;0.0;0.0;0.0;0.0;0.0;0.0;0.0;0.0;0.0
45076;0.331461;0.325843;0.241573;0.039326;0.050562;0.0;0.0;0.0;0.0;0.0;0.0;0.0;0.0;0.0;0.0;0.011236
45077;0.315403;0.234719;0.273839;0.04401;0.112469;0.0;0.0;0.0;0.0;0.0;0.0;0.0;0.0;0.0;0.0;0.01956
45078;0.376284;0.30719;0.237162;0.034547;0.035481;0.0;0.0;0.0;0.0;0.0;0.0;0.0;0.0;0.0;0.0;0.009337
45079;0.308;0.364;0.16;0.04;0.116;0.0;0.0;0.0;0.0;0.0;0.0;0.0;0.0;0.0;0.0;0.012
45080;0.333333;0.666667;0.0;0.0;0.0;0.0;0.0;0.0;0.0;0.0;0.0;0.0;0.0;0.0;0.0;0.0
45081;0.257829;0.20586;0.307933;0.093573;0.113406;0.0;0.0;0.0;0.0;0.0;0.0;0.0;0.0;0.0;0.0;0.021399
45082;0.425508;0.317156;0.158014;0.032731;0.063205;0.0;0.0;0.0;0.0;0.0;0.0;0.0;0.0;0.0;0.0;0.003386
45083;0.257611;0.323185;0.297424;0.04918;0.06089;0.0;0.0;0.0;0.0;0.0;0.0;0.0;0.0;0.0;0.0;0.01171
45084;0.439041;0.229847;0.17988;0.059294;0.087275;0.0;0.0;0.0;0.0;0.0;0.0;0.0;0.0;0.0;0.0;0.004664
45085;0.190202;0.24976;0.418828;0.045149;0.082613;0.0;0.0;0.0;0.0;0.0;0.0;0.0;0.0;0.0;0.0;0.013449
45086;0.313253;0.292169;0.26506;0.063253;0.048193;0.0;0.0;0.0;0.0;0.0;0.0;0.0;0.0;0.0;0.0;0.018072
45087;0.294791;0.328799;0.225166;0.072311;0.072848;0.0;0.0;0.0;0.0;0.0;0.0;0.0;0.0;0.0;0.0;0.006086
45088;0.303416;0.221701;0.288011;0.073007;0.093771;0.0;0.0;0.0;0.0;0.0;0.0;0.0;0.0;0.0;0.0;0.020094
45089;0.425996;0.185958;0.182163;0.045541;0.1537;0.0;0.0;0.0;0.0;0.0;0.0;0.0;0.0;0.0;0.0;0.006641
45090;0.451737;0.243243;0.208494;0.061776;0.030888;0.0;0.0;0.0;0.0;0.0;0.0;0.0;0.0;0.0;0.0;0.003861
45091;0.432331;0.191729;0.203008;0.090226;0.052632;0.0;0.0;0.0;0.0;0.0;0.0;0.0;0.0;0.0;0.0;0.030075
45092;0.31746;0.380952;0.253968;0.037037;0.010582;0.0;0.0;0.0;0.0;0.0;0.0;0.0;0.0;0.0;0.0;0.0
45093;0.201754;0.473684;0.166667;0.114035;0.026316;0.0;0.0;0.0;0.0;0.0;0.0;0.0;0.0;0.0;0.0;0.017544
45094;0.384328;0.242537;0.264925;0.022388;0.078358;0.0;0.0;0.0;0.0;0.0;0.0;0.0;0.0;0.0;0.0;0.007463
45095;0.342857;0.318367;0.24898;0.053061;0.034694;0.0;0.0;0.0;0.0;0.0;0.0;0.0;0.0;0.0;0.0;0.002041
45096;0.294693;0.252793;0.181564;0.027933;0.234637;0.0;0.0;0.0;0.0;0.0;0.0;0.0;0.0;0.0;0.0;0.00838
45097;0.392857;0.26601;0.251232;0.059113;0.028325;0.0;0.0;0.0;0.0;0.0;0.0;0.0;0.0;0.0;0.0;0.002463
45098;0.192886;0.410397;0.28249;0.048564;0.059508;0.0;0.0;0.0;0.0;0.0;0.0;0.0;0.0;0.0;0.0;0.006156
45099;0.290931;0.18138;0.306581;0.059791;0.145265;0.0;0.0;0.0;0.0;0.0;0.0;0.0;0.0;0.0;0.0;0.016051
45100;0.456522;0.275362;0.188406;0.021739;0.043478;0.0;0.0;0.0;0.0;0.0;0.0;0.0;0.0;0.0;0.0;0.014493
45101;0.260465;0.373524;0.222182;0.064043;0.069052;0.0;0.0;0.0;0.0;0.0;0.0;0.0;0.0;0.0;0.0;0.010733
45102;0.276159;0.284776;0.279852;0.057037;0.091096;0.0;0.0;0.0;0.0;0.0;0.0;0.0;0.0;0.0;0.0;0.011079
45103;0.441696;0.399293;0.113074;0.017668;0.028269;0.0;0.0;0.0;0.0;0.0;0.0;0.0;0.0;0.0;0.0;0.0
45104;0.448916;0.182663;0.201238;0.037152;0.117647;0.0;0.0;0.0;0.0;0.0;0.0;0.0;0.0;0.0;0.0;0.012384
45105;0.346008;0.311787;0.220532;0.053232;0.064639;0.0;0.0;0.0;0.0;0.0;0.0;0.0;0.0;0.0;0.0;0.003802
45106;0.361533;0.307853;0.173748;0.050645;0.097307;0.0;0.0;0.0;0.0;0.0;0.0;0.0;0.0;0.0;0.0;0.008915
45107;0.309133;0.222092;0.247073;0.087822;0.119828;0.0;0.0;0.0;0.0;0.0;0.0;0.0;0.0;0.0;0.0;0.014052
45108;0.392962;0.331378;0.196481;0.041056;0.038123;0.0;0.0;0.0;0.0;0.0;0.0;0.0;0.0;0.0;0.0;0.0
45109;0.31384;0.337232;0.246101;0.048246;0.04922;0.0;0.0;0.0;0.0;0.0;0.0;0.0;0.0;0.0;0.0;0.005361
45110;0.460993;0.258471;0.228526;0.023641;0.026005;0.0;0.0;0.0;0.0;0.0;0.0;0.0;0.0;0.0;0.0;0.002364
45111;0.565217;0.369565;0.021739;0.021739;0.021739;0.0;0.0;0.0;0.0;0.0;0.0;0.0;0.0;0.0;0.0;0.0
45112;0.37013;0.256957;0.248609;0.049165;0.070501;0.0;0.0;0.0;0.0;0.0;0.0;0.0;0.0;0.0;0.0;0.004638
45113;0.320755;0.313036;0.277015;0.040309;0.040309;0.0;0.0;0.0;0.0;0.0;0.0;0.0;0.0;0.0;0.0;0.008576
45114;0.419847;0.292621;0.157761;0.058524;0.063613;0.0;0.0;0.0;0.0;0.0;0.0;0.0;0.0;0.0;0.0;0.007634
45115;0.32652;0.291773;0.255493;0.065406;0.052121;0.0;0.0;0.0;0.0;0.0;0.0;0.0;0.0;0.0;0.0;0.008687
45116;0.34433;0.276289;0.272165;0.037113;0.059794;0.0;0.0;0.0;0.0;0.0;0.0;0.0;0.0;0.0;0.0;0.010309
45117;0.483577;0.239051;0.175182;0.062044;0.031022;0.0;0.0;0.0;0.0;0.0;0.0;0.0;0.0;0.0;0.0;0.009124
45118;0.327988;0.259475;0.233965;0.059038;0.110058;0.0;0.0;0.0;0.0;0.0;0.0;0.0;0.0;0.0;0.0;0.009475
45119;0.25743;0.183356;0.320988;0.07316;0.140375;0.0;0.0;0.0;0.0;0.0;0.0;0.0;0.0;0.0;0.0;0.024691
45120;0.44186;0.197674;0.174419;0.104651;0.081395;0.0;0.0;0.0;0.0;0.0;0.0;0.0;0.0;0.0;0.0;0.0
45121;0.283897;0.217026;0.347077;0.065436;0.072615;0.0;0.0;0.0;0.0;0.0;0.0;0.0;0.0;0.0;0.0;0.013949
45122;0.288837;0.274266;0.236898;0.081316;0.103643;0.0;0.0;0.0;0.0;0.0;0.0;0.0;0.0;0.0;0.0;0.015041
45123;0.275487;0.13729;0.320344;0.09787;0.15043;0.0;0.0;0.0;0.0;0.0;0.0;0.0;0.0;0.0;0.0;0.018577
45124;0.376582;0.31962;0.190506;0.056962;0.047468;0.0;0.0;0.0;0.0;0.0;0.0;0.0;0.0;0.0;0.0;0.008861
45125;0.400478;0.310221;0.148237;0.040048;0.089659;0.0;0.0;0.0;0.0;0.0;0.0;0.0;0.0;0.0;0.0;0.011357
45126;0.408451;0.225352;0.190141;0.049296;0.105634;0.0;0.0;0.0;0.0;0.0;0.0;0.0;0.0;0.0;0.0;0.021127
45127;0.209581;0.227545;0.357285;0.045908;0.123752;0.0;0.0;0.0;0.0;0.0;0.0;0.0;0.0;0.0;0.0;0.035928
45128;0.333536;0.239368;0.265492;0.065006;0.085662;0.0;0.0;0.0;0.0;0.0;0.0;0.0;0.0;0.0;0.0;0.010936
45129;0.421053;0.223684;0.105263;0.052632;0.197368;0.0;0.0;0.0;0.0;0.0;0.0;0.0;0.0;0.0;0.0;0.0
45130;0.325792;0.393665;0.18552;0.031674;0.054299;0.0;0.0;0.0;0.0;0.0;0.0;0.0;0.0;0.0;0.0;0.00905
45131;0.344186;0.325581;0.213953;0.018605;0.093023;0.0;0.0;0.0;0.0;0.0;0.0;0.0;0.0;0.0;0.0;0.004651
45132;0.196439;0.346927;0.307869;0.079839;0.063182;0.0;0.0;0.0;0.0;0.0;0.0;0.0;0.0;0.0;0.0;0.005744
45133;0.356881;0.26112;0.246468;0.047619;0.07954;0.0;0.0;0.0;0.0;0.0;0.0;0.0;0.0;0.0;0.0;0.008373
45134;0.332763;0.242087;0.24722;0.054748;0.114628;0.0;0.0;0.0;0.0;0.0;0.0;0.0;0.0;0.0;0.0;0.008554
45135;0.354351;0.261084;0.155993;0.053202;0.168473;0.0;0.0;0.0;0.0;0.0;0.0;0.0;0.0;0.0;0.0;0.006897
45136;0.337585;0.289433;0.243103;0.065851;0.057262;0.0;0.0;0.0;0.0;0.0;0.0;0.0;0.0;0.0;0.0;0.006767
45137;0.441414;0.168687;0.216162;0.055556;0.107071;0.0;0.0;0.0;0.0;0.0;0.0;0.0;0.0;0.0;0.0;0.011111
45138;0.34128;0.363864;0.207026;0.035132;0.046424;0.0;0.0;0.0;0.0;0.0;0.0;0.0;0.0;0.0;0.0;0.006274
45139;0.540541;0.279279;0.135135;0.018018;0.018018;0.0;0.0;0.0;0.0;0.0;0.0;0.0;0.0;0.0;0.0;0.009009
45140;0.446194;0.246719;0.183727;0.051181;0.064304;0.0;0.0;0.0;0.0;0.0;0.0;0.0;0.0;0.0;0.0;0.007874
45141;0.386992;0.310569;0.185366;0.04065;0.073171;0.0;0.0;0.0;0.0;0.0;0.0;0.0;0.0;0.0;0.0;0.003252
45142;0.337648;0.313916;0.20676;0.053758;0.07785;0.0;0.0;0.0;0.0;0.0;0.0;0.0;0.0;0.0;0.0;0.010068
45143;0.288551;0.318925;0.190421;0.042056;0.151869;0.0;0.0;0.0;0.0;0.0;0.0;0.0;0.0;0.0;0.0;0.008178
45144;0.433453;0.28777;0.154676;0.041367;0.080935;0.0;0.0;0.0;0.0;0.0;0.0;0.0;0.0;0.0;0.0;0.001799
45145;0.252507;0.260177;0.305605;0.075516;0.092625;0.0;0.0;0.0;0.0;0.0;0.0;0.0;0.0;0.0;0.0;0.013569
45146;0.265823;0.468354;0.202532;0.0;0.063291;0.0;0.0;0.0;0.0;0.0;0.0;0.0;0.0;0.0;0.0;0.0
45147;0.390023;0.188209;0.258503;0.052154;0.108844;0.0;0.0;0.0;0.0;0.0;0.0;0.0;0.0;0.0;0.0;0.002268
45148;0.353261;0.418478;0.152174;0.043478;0.032609;0.0;0.0;0.0;0.0;0.0;0.0;0.0;0.0;0.0;0.0;0.0
45149;0.337596;0.386189;0.13555;0.046036;0.084399;0.0;0.0;0.0;0.0;0.0;0.0;0.0;0.0;0.0;0.0;0.01023
45150;0.547468;0.202532;0.155063;0.03481;0.056962;0.0;0.0;0.0;0.0;0.0;0.0;0.0;0.0;0.0;0.0;0.003165
45151;0.405868;0.290954;0.134474;0.041565;0.122249;0.0;0.0;0.0;0.0;0.0;0.0;0.0;0.0;0.0;0.0;0.00489
45152;0.446429;0.252551;0.173469;0.045918;0.068878;0.0;0.0;0.0;0.0;0.0;0.0;0.0;0.0;0.0;0.0;0.012755
45153;0.333622;0.27643;0.256499;0.053726;0.071924;0.0;0.0;0.0;0.0;0.0;0.0;0.0;0.0;0.0;0.0;0.007799
45154;0.304047;0.235933;0.268509;0.075025;0.096742;0.0;0.0;0.0;0.0;0.0;0.0;0.0;0.0;0.0;0.0;0.019743
45155;0.45;0.245833;0.183333;0.033333;0.0875;0.0;0.0;0.0;0.0;0.0;0.0;0.0;0.0;0.0;0.0;0.0
45156;0.369907;0.24647;0.194433;0.065349;0.116983;0.0;0.0;0.0;0.0;0.0;0.0;0.0;0.0;0.0;0.0;0.006858
45157;0.2379;0.256987;0.3197;0.049761;0.119291;0.0;0.0;0.0;0.0;0.0;0.0;0.0;0.0;0.0;0.0;0.01636
45158;0.289252;0.339899;0.230726;0.050647;0.083286;0.0;0.0;0.0;0.0;0.0;0.0;0.0;0.0;0.0;0.0;0.00619
45159;0.347826;0.376812;0.246377;0.028986;0.0;0.0;0.0;0.0;0.0;0.0;0.0;0.0;0.0;0.0;0.0;0.0
45160;0.281707;0.287805;0.278049;0.068293;0.073171;0.0;0.0;0.0;0.0;0.0;0.0;0.0;0.0;0.0;0.0;0.010976
45161;0.25458;0.164967;0.314883;0.088227;0.153183;0.0;0.0;0.0;0.0;0.0;0.0;0.0;0.0;0.0;0.0;0.024161
45162;0.391304;0.338673;0.153318;0.05492;0.059497;0.0;0.0;0.0;0.0;0.0;0.0;0.0;0.0;0.0;0.0;0.002288
45163;0.34225;0.229938;0.243401;0.073694;0.101683;0.0;0.0;0.0;0.0;0.0;0.0;0.0;0.0;0.0;0.0;0.009035
45164;0.319149;0.41844;0.177305;0.028369;0.056738;0.0;0.0;0.0;0.0;0.0;0.0;0.0;0.0;0.0;0.0;0.0
45165;0.317843;0.257116;0.236921;0.081272;0.093641;0.0;0.0;0.0;0.0;0.0;0.0;0.0;0.0;0.0;0.0;0.013208
45166;0.473029;0.282158;0.110373;0.063071;0.06473;0.0;0.0;0.0;0.0;0.0;0.0;0.0;0.0;0.0;0.0;0.006639
45167;0.346805;0.370301;0.148496;0.06015;0.067669;0.0;0.0;0.0;0.0;0.0;0.0;0.0;0.0;0.0;0.0;0.006579
45168;0.298504;0.284417;0.202116;0.08622;0.114307;0.0;0.0;0.0;0.0;0.0;0.0;0.0;0.0;0.0;0.0;0.014435
45169;0.345455;0.436364;0.154545;0.045455;0.009091;0.0;0.0;0.0;0.0;0.0;0.0;0.0;0.0;0.0;0.0;0.009091
45170;0.242857;0.45;0.15;0.1;0.057143;0.0;0.0;0.0;0.0;0.0;0.0;0.0;0.0;0.0;0.0;0.0
45171;0.333333;0.285256;0.245726;0.060897;0.067308;0.0;0.0;0.0;0.0;0.0;0.0;0.0;0.0;0.0;0.0;0.007479
45172;0.392544;0.370614;0.120614;0.059211;0.050439;0.0;0.0;0.0;0.0;0.0;0.0;0.0;0.0;0.0;0.0;0.006579
45173;0.275671;0.296657;0.266827;0.072703;0.07735;0.0;0.0;0.0;0.0;0.0;0.0;0.0;0.0;0.0;0.0;0.010793
45174;0.265116;0.362791;0.306977;0.051163;0.013953;0.0;0.0;0.0;0.0;0.0;0.0;0.0;0.0;0.0;0.0;0.0
45175;0.387712;0.402542;0.15678;0.040254;0.012712;0.0;0.0;0.0;0.0;0.0;0.0;0.0;0.0;0.0;0.0;0.0
45176;0.240334;0.183851;0.308567;0.103487;0.140637;0.0;0.0;0.0;0.0;0.0;0.0;0.0;0.0;0.0;0.0;0.023124
45177;0.354455;0.263366;0.233663;0.061386;0.085809;0.0;0.0;0.0;0.0;0.0;0.0;0.0;0.0;0.0;0.0;0.00132
45179;0.369318;0.414773;0.136364;0.028409;0.048295;0.0;0.0;0.0;0.0;0.0;0.0;0.0;0.0;0.0;0.0;0.002841
45180;0.25498;0.325697;0.277888;0.055279;0.074203;0.0;0.0;0.0;0.0;0.0;0.0;0.0;0.0;0.0;0.0;0.011952
45181;0.368867;0.278013;0.251969;0.056935;0.039976;0.0;0.0;0.0;0.0;0.0;0.0;0.0;0.0;0.0;0.0;0.00424
45182;0.381842;0.296395;0.221629;0.033378;0.06275;0.0;0.0;0.0;0.0;0.0;0.0;0.0;0.0;0.0;0.0;0.004005
45183;0.234592;0.169649;0.316766;0.087475;0.163022;0.0;0.0;0.0;0.0;0.0;0.0;0.0;0.0;0.0;0.0;0.028496
45184;0.483607;0.122951;0.180328;0.032787;0.155738;0.0;0.0;0.0;0.0;0.0;0.0;0.0;0.0;0.0;0.0;0.02459
45185;0.398185;0.269616;0.168652;0.073549;0.080355;0.0;0.0;0.0;0.0;0.0;0.0;0.0;0.0;0.0;0.0;0.009643
45186;0.265529;0.254149;0.207681;0.044571;0.217165;0.0;0.0;0.0;0.0;0.0;0.0;0.0;0.0;0.0;0.0;0.010906
45187;0.419555;0.286789;0.16416;0.057554;0.06344;0.0;0.0;0.0;0.0;0.0;0.0;0.0;0.0;0.0;0.0;0.008502
45188;0.361793;0.200107;0.240662;0.072038;0.113127;0.0;0.0;0.0;0.0;0.0;0.0;0.0;0.0;0.0;0.0;0.012273
45189;0.29646;0.24115;0.29646;0.050885;0.088496;0.0;0.0;0.0;0.0;0.0;0.0;0.0;0.0;0.0;0.0;0.026549
45190;0.431429;0.211429;0.237143;0.045714;0.065714;0.0;0.0;0.0;0.0;0.0;0.0;0.0;0.0;0.0;0.0;0.008571
45191;0.476744;0.304651;0.14186;0.037209;0.039535;0.0;0.0;0.0;0.0;0.0;0.0;0.0;0.0;0.0;0.0;0.0
45192;0.392199;0.343987;0.165764;0.048754;0.042795;0.0;0.0;0.0;0.0;0.0;0.0;0.0;0.0;0.0;0.0;0.006501
45193;0.309168;0.362473;0.236674;0.021322;0.06823;0.0;0.0;0.0;0.0;0.0;0.0;0.0;0.0;0.0;0.0;0.002132
45194;0.418605;0.255814;0.255814;0.046512;0.023256;0.0;0.0;0.0;0.0;0.0;0.0;0.0;0.0;0.0;0.0;0.0
45195;0.460598;0.228261;0.160326;0.053668;0.086277;0.0;0.0;0.0;0.0;0.0;0.0;0.0;0.0;0.0;0.0;0.01087
45196;0.361723;0.231463;0.289579;0.054108;0.059118;0.0;0.0;0.0;0.0;0.0;0.0;0.0;0.0;0.0;0.0;0.004008
45197;0.42646;0.296974;0.196341;0.043631;0.032372;0.0;0.0;0.0;0.0;0.0;0.0;0.0;0.0;0.0;0.0;0.004222
45198;0.373418;0.321378;0.231364;0.032349;0.037271;0.0;0.0;0.0;0.0;0.0;0.0;0.0;0.0;0.0;0.0;0.004219
45199;0.258968;0.163636;0.328747;0.07715;0.146437;0.0;0.0;0.0;0.0;0.0;0.0;0.0;0.0;0.0;0.0;0.025061
45200;0.408446;0.244143;0.21455;0.061036;0.062577;0.0;0.0;0.0;0.0;0.0;0.0;0.0;0.0;0.0;0.0;0.009248
45201;0.278704;0.159259;0.350926;0.076852;0.119907;0.0;0.0;0.0;0.0;0.0;0.0;0.0;0.0;0.0;0.0;0.014352
45202;0.315103;0.287577;0.265121;0.050706;0.073886;0.0;0.0;0.0;0.0;0.0;0.0;0.0;0.0;0.0;0.0;0.007606
45203;0.322697;0.176531;0.316521;0.069995;0.096758;0.0;0.0;0.0;0.0;0.0;0.0;0.0;0.0;0.0;0.0;0.017499
45204;0.359375;0.285714;0.220982;0.0625;0.060268;0.0;0.0;0.0;0.0;0.0;0.0;0.0;0.0;0.0;0.0;0.011161
45205;0.277279;0.16902;0.333119;0.080873;0.124091;0.0;0.0;0.0;0.0;0.0;0.0;0.0;0.0;0.0;0.0;0.015618
45901;0.342155;0.26276;0.253308;0.05104;0.075614;0.0;0.0;0.0;0.0;0.0;0.0;0.0;0.0;0.0;0.0;0.015123
46001;0.359066;0.314183;0.157989;0.043088;0.113106;0.0;0.0;0.0;0.0;0.0;0.0;0.0;0.0;0.0;0.0;0.012567
46002;0.306624;0.19765;0.115385;0.042735;0.307692;0.0;0.0;0.0;0.0;0.0;0.0;0.0;0.0;0.0;0.0;0.029915
46003;0.288385;0.246996;0.178905;0.05474;0.216288;0.0;0.0;0.0;0.0;0.0;0.0;0.0;0.0;0.0;0.0;0.014686
46004;0.242344;0.211718;0.16245;0.067909;0.293609;0.0;0.0;0.0;0.0;0.0;0.0;0.0;0.0;0.0;0.0;0.021971
46005;0.319602;0.179446;0.178648;0.078212;0.222297;0.0;0.0;0.0;0.0;0.0;0.0;0.0;0.0;0.0;0.0;0.021794
46006;0.253541;0.275513;0.165077;0.062735;0.230413;0.0;0.0;0.0;0.0;0.0;0.0;0.0;0.0;0.0;0.0;0.01272
46007;0.25321;0.202201;0.236016;0.087575;0.198304;0.0;0.0;0.0;0.0;0.0;0.0;0.0;0.0;0.0;0.0;0.022696
46008;0.304598;0.171369;0.152038;0.047022;0.30721;0.0;0.0;0.0;0.0;0.0;0.0;0.0;0.0;0.0;0.0;0.017764
46009;0.287598;0.209724;0.167697;0.080346;0.232386;0.0;0.0;0.0;0.0;0.0;0.0;0.0;0.0;0.0;0.0;0.02225
46010;0.221068;0.194362;0.172107;0.093472;0.296736;0.0;0.0;0.0;0.0;0.0;0.0;0.0;0.0;0.0;0.0;0.022255
46011;0.242514;0.212968;0.241523;0.065834;0.218917;0.0;0.0;0.0;0.0;0.0;0.0;0.0;0.0;0.0;0.0;0.018243
46012;0.290611;0.268256;0.178838;0.070045;0.166915;0.0;0.0;0.0;0.0;0.0;0.0;0.0;0.0;0.0;0.0;0.025335
46013;0.246717;0.207326;0.178081;0.097434;0.249776;0.0;0.0;0.0;0.0;0.0;0.0;0.0;0.0;0.0;0.0;0.020665
46014;0.263043;0.230601;0.170978;0.074967;0.243314;0.0;0.0;0.0;0.0;0.0;0.0;0.0;0.0;0.0;0.0;0.017098
46015;0.256457;0.201528;0.198254;0.070389;0.252819;0.0;0.0;0.0;0.0;0.0;0.0;0.0;0.0;0.0;0.0;0.020553
46016;0.35199;0.165423;0.116915;0.043532;0.313433;0.0;0.0;0.0;0.0;0.0;0.0;0.0;0.0;0.0;0.0;0.008706
46017;0.22745;0.216759;0.216456;0.075744;0.240045;0.0;0.0;0.0;0.0;0.0;0.0;0.0;0.0;0.0;0.0;0.023546
46018;0.329493;0.317972;0.177419;0.036866;0.135945;0.0;0.0;0.0;0.0;0.0;0.0;0.0;0.0;0.0;0.0;0.002304
46019;0.391554;0.196912;0.158317;0.048433;0.191766;0.0;0.0;0.0;0.0;0.0;0.0;0.0;0.0;0.0;0.0;0.013016
46020;0.297073;0.262017;0.145284;0.063968;0.218287;0.0;0.0;0.0;0.0;0.0;0.0;0.0;0.0;0.0;0.0;0.013372
46021;0.329087;0.168653;0.193601;0.082829;0.205401;0.0;0.0;0.0;0.0;0.0;0.0;0.0;0.0;0.0;0.0;0.020429
46022;0.315071;0.203493;0.181731;0.07044;0.205593;0.0;0.0;0.0;0.0;0.0;0.0;0.0;0.0;0.0;0.0;0.023671
46023;0.215139;0.187251;0.211155;0.039841;0.330677;0.0;0.0;0.0;0.0;0.0;0.0;0.0;0.0;0.0;0.0;0.015936
46024;0.325444;0.254438;0.218935;0.047337;0.127219;0.0;0.0;0.0;0.0;0.0;0.0;0.0;0.0;0.0;0.0;0.026627
46025;0.280348;0.20196;0.168209;0.075122;0.253674;0.0;0.0;0.0;0.0;0.0;0.0;0.0;0.0;0.0;0.0;0.020686
46026;0.257829;0.26618;0.137787;0.05428;0.268267;0.0;0.0;0.0;0.0;0.0;0.0;0.0;0.0;0.0;0.0;0.015658
46027;0.27619;0.243537;0.258503;0.039456;0.178231;0.0;0.0;0.0;0.0;0.0;0.0;0.0;0.0;0.0;0.0;0.004082
46028;0.281787;0.233677;0.171821;0.072165;0.230241;0.0;0.0;0.0;0.0;0.0;0.0;0.0;0.0;0.0;0.0;0.010309
46029;0.243688;0.198727;0.24853;0.071522;0.217196;0.0;0.0;0.0;0.0;0.0;0.0;0.0;0.0;0.0;0.0;0.020336
46030;0.325243;0.228155;0.139159;0.080906;0.210356;0.0;0.0;0.0;0.0;0.0;0.0;0.0;0.0;0.0;0.0;0.016181
46031;0.295634;0.173803;0.174225;0.071549;0.258028;0.0;0.0;0.0;0.0;0.0;0.0;0.0;0.0;0.0;0.0;0.026761
46032;0.277738;0.211024;0.160397;0.069789;0.254554;0.0;0.0;0.0;0.0;0.0;0.0;0.0;0.0;0.0;0.0;0.026496
46033;0.228758;0.366013;0.150327;0.039216;0.183007;0.0;0.0;0.0;0.0;0.0;0.0;0.0;0.0;0.0;0.0;0.03268
46034;0.251502;0.17042;0.174174;0.072823;0.29955;0.0;0.0;0.0;0.0;0.0;0.0;0.0;0.0;0.0;0.0;0.031532
46035;0.337025;0.16693;0.163766;0.062104;0.248418;0.0;0.0;0.0;0.0;0.0;0.0;0.0;0.0;0.0;0.0;0.021756
46036;0.206154;0.270769;0.286154;0.058462;0.175385;0.0;0.0;0.0;0.0;0.0;0.0;0.0;0.0;0.0;0.0;0.003077
46037;0.299312;0.223624;0.155963;0.06422;0.239679;0.0;0.0;0.0;0.0;0.0;0.0;0.0;0.0;0.0;0.0;0.017202
46038;0.347032;0.30137;0.09589;0.022831;0.219178;0.0;0.0;0.0;0.0;0.0;0.0;0.0;0.0;0.0;0.0;0.013699
46039;0.339286;0.293103;0.142857;0.054187;0.156404;0.0;0.0;0.0;0.0;0.0;0.0;0.0;0.0;0.0;0.0;0.014163
46040;0.338356;0.221918;0.120548;0.045205;0.253425;0.0;0.0;0.0;0.0;0.0;0.0;0.0;0.0;0.0;0.0;0.020548
46041;0.286344;0.198238;0.123348;0.061674;0.290749;0.0;0.0;0.0;0.0;0.0;0.0;0.0;0.0;0.0;0.0;0.039648
46042;0.325537;0.293328;0.139187;0.046012;0.189801;0.0;0.0;0.0;0.0;0.0;0.0;0.0;0.0;0.0;0.0;0.006135
46043;0.20339;0.40678;0.152542;0.016949;0.169492;0.0;0.0;0.0;0.0;0.0;0.0;0.0;0.0;0.0;0.0;0.050847
46044;0.356109;0.271626;0.140357;0.066644;0.153484;0.0;0.0;0.0;0.0;0.0;0.0;0.0;0.0;0.0;0.0;0.011781
46045;0.194154;0.223382;0.14405;0.038622;0.372651;0.0;0.0;0.0;0.0;0.0;0.0;0.0;0.0;0.0;0.0;0.02714
46046;0.16804;0.240527;0.196046;0.080725;0.30313;0.0;0.0;0.0;0.0;0.0;0.0;0.0;0.0;0.0;0.0;0.011532
46047;0.369928;0.202864;0.102625;0.047733;0.257757;0.0;0.0;0.0;0.0;0.0;0.0;0.0;0.0;0.0;0.0;0.019093
46048;0.290348;0.205549;0.131301;0.0551;0.297382;0.0;0.0;0.0;0.0;0.0;0.0;0.0;0.0;0.0;0.0;0.02032
46049;0.24186;0.35814;0.139535;0.046512;0.190698;0.0;0.0;0.0;0.0;0.0;0.0;0.0;0.0;0.0;0.0;0.023256
46050;0.471429;0.157143;0.135714;0.057143;0.178571;0.0;0.0;0.0;0.0;0.0;0.0;0.0;0.0;0.0;0.0;0.0
46051;0.24262;0.28408;0.238308;0.065008;0.151078;0.0;0.0;0.0;0.0;0.0;0.0;0.0;0.0;0.0;0.0;0.018905
46052;0.342169;0.26988;0.146988;0.06747;0.163855;0.0;0.0;0.0;0.0;0.0;0.0;0.0;0.0;0.0;0.0;0.009639
46053;0.373239;0.159624;0.133803;0.035211;0.276995;0.0;0.0;0.0;0.0;0.0;0.0;0.0;0.0;0.0;0.0;0.021127
46054;0.29941;0.196657;0.174533;0.073746;0.232424;0.0;0.0;0.0;0.0;0.0;0.0;0.0;0.0;0.0;0.0;0.02323
46055;0.253099;0.180785;0.168388;0.071281;0.302686;0.0;0.0;0.0;0.0;0.0;0.0;0.0;0.0;0.0;0.0;0.02376
46056;0.338028;0.197183;0.133803;0.028169;0.302817;0.0;0.0;0.0;0.0;0.0;0.0;0.0;0.0;0.0;0.0;0.0
46057;0.221122;0.346535;0.165017;0.029703;0.211221;0.0;0.0;0.0;0.0;0.0;0.0;0.0;0.0;0.0;0.0;0.026403
46058;0.385434;0.203764;0.136661;0.049918;0.206219;0.0;0.0;0.0;0.0;0.0;0.0;0.0;0.0;0.0;0.0;0.018003
46059;0.29596;0.163636;0.075758;0.015152;0.412121;0.0;0.0;0.0;0.0;0.0;0.0;0.0;0.0;0.0;0.0;0.037374
46060;0.282097;0.210936;0.195655;0.073558;0.214082;0.0;0.0;0.0;0.0;0.0;0.0;0.0;0.0;0.0;0.0;0.02367
46061;0.225564;0.225564;0.176692;0.120301;0.233083;0.0;0.0;0.0;0.0;0.0;0.0;0.0;0.0;0.0;0.0;0.018797
46062;0.262069;0.269865;0.208696;0.053973;0.192204;0.0;0.0;0.0;0.0;0.0;0.0;0.0;0.0;0.0;0.0;0.013193
46063;0.303128;0.2085;0.174018;0.053729;0.243785;0.0;0.0;0.0;0.0;0.0;0.0;0.0;0.0;0.0;0.0;0.01684
46064;0.270833;0.239583;0.197917;0.057292;0.210938;0.0;0.0;0.0;0.0;0.0;0.0;0.0;0.0;0.0;0.0;0.023438
46065;0.257679;0.193686;0.187713;0.069966;0.264505;0.0;0.0;0.0;0.0;0.0;0.0;0.0;0.0;0.0;0.0;0.026451
46066;0.297101;0.230849;0.165631;0.059006;0.231884;0.0;0.0;0.0;0.0;0.0;0.0;0.0;0.0;0.0;0.0;0.015528
46067;0.329332;0.251313;0.202551;0.057764;0.145536;0.0;0.0;0.0;0.0;0.0;0.0;0.0;0.0;0.0;0.0;0.013503
46068;0.3213;0.216606;0.209386;0.054152;0.180505;0.0;0.0;0.0;0.0;0.0;0.0;0.0;0.0;0.0;0.0;0.018051
46069;0.509091;0.218182;0.154545;0.027273;0.090909;0.0;0.0;0.0;0.0;0.0;0.0;0.0;0.0;0.0;0.0;0.0
46070;0.214713;0.238343;0.227158;0.103733;0.194234;0.0;0.0;0.0;0.0;0.0;0.0;0.0;0.0;0.0;0.0;0.021818
46071;0.37069;0.281609;0.071839;0.054598;0.212644;0.0;0.0;0.0;0.0;0.0;0.0;0.0;0.0;0.0;0.0;0.008621
46072;0.294919;0.2419;0.119293;0.045655;0.273196;0.0;0.0;0.0;0.0;0.0;0.0;0.0;0.0;0.0;0.0;0.025037
46073;0.356079;0.24938;0.093052;0.045906;0.244417;0.0;0.0;0.0;0.0;0.0;0.0;0.0;0.0;0.0;0.0;0.011166
46074;0.264735;0.185814;0.183317;0.07992;0.262238;0.0;0.0;0.0;0.0;0.0;0.0;0.0;0.0;0.0;0.0;0.023976
46075;0.358333;0.208333;0.141667;0.108333;0.166667;0.0;0.0;0.0;0.0;0.0;0.0;0.0;0.0;0.0;0.0;0.016667
46076;0.306288;0.397566;0.095335;0.030426;0.160243;0.0;0.0;0.0;0.0;0.0;0.0;0.0;0.0;0.0;0.0;0.010142
46077;0.343185;0.153991;0.084526;0.049887;0.355045;0.0;0.0;0.0;0.0;0.0;0.0;0.0;0.0;0.0;0.0;0.013366
46078;0.320205;0.16814;0.169329;0.080581;0.236367;0.0;0.0;0.0;0.0;0.0;0.0;0.0;0.0;0.0;0.0;0.025379
46079;0.283333;0.254167;0.295833;0.0375;0.125;0.0;0.0;0.0;0.0;0.0;0.0;0.0;0.0;0.0;0.0;0.004167
46080;0.34507;0.280282;0.147887;0.05493;0.171831;0.0;0.0;0.0;0.0;0.0;0.0;0.0;0.0;0.0;0.0;0.0
46081;0.258927;0.223489;0.207739;0.070333;0.220774;0.0;0.0;0.0;0.0;0.0;0.0;0.0;0.0;0.0;0.0;0.018737
46082;0.26016;0.191471;0.184316;0.102461;0.242416;0.0;0.0;0.0;0.0;0.0;0.0;0.0;0.0;0.0;0.0;0.019176
46083;0.208997;0.210301;0.242526;0.063798;0.249604;0.0;0.0;0.0;0.0;0.0;0.0;0.0;0.0;0.0;0.0;0.024774
46084;0.283289;0.272565;0.150134;0.055407;0.218945;0.0;0.0;0.0;0.0;0.0;0.0;0.0;0.0;0.0;0.0;0.01966
46085;0.285234;0.240226;0.21752;0.054548;0.190112;0.0;0.0;0.0;0.0;0.0;0.0;0.0;0.0;0.0;0.0;0.012361
46086;0.296875;0.078125;0.078125;0.015625;0.53125;0.0;0.0;0.0;0.0;0.0;0.0;0.0;0.0;0.0;0.0;0.0
46087;0.51087;0.26087;0.065217;0.01087;0.141304;0.0;0.0;0.0;0.0;0.0;0.0;0.0;0.0;0.0;0.0;0.01087
46088;0.376147;0.238532;0.036697;0.073394;0.247706;0.0;0.0;0.0;0.0;0.0;0.0;0.0;0.0;0.0;0.0;0.027523
46089;0.259094;0.213784;0.210593;0.058711;0.234844;0.0;0.0;0.0;0.0;0.0;0.0;0.0;0.0;0.0;0.0;0.022974
46090;0.317329;0.24006;0.164291;0.054014;0.207802;0.0;0.0;0.0;0.0;0.0;0.0;0.0;0.0;0.0;0.0;0.016504
46091;0.14;0.43;0.21;0.06;0.16;0.0;0.0;0.0;0.0;0.0;0.0;0.0;0.0;0.0;0.0;0.0
46092;0.203488;0.366279;0.133721;0.040698;0.232558;0.0;0.0;0.0;0.0;0.0;0.0;0.0;0.0;0.0;0.0;0.023256
46093;0.298773;0.273006;0.177914;0.053988;0.186503;0.0;0.0;0.0;0.0;0.0;0.0;0.0;0.0;0.0;0.0;0.009816
46094;0.254689;0.194976;0.207105;0.088475;0.2303;0.0;0.0;0.0;0.0;0.0;0.0;0.0;0.0;0.0;0.0;0.024455
46095;0.249423;0.267898;0.237875;0.133949;0.092379;0.0;0.0;0.0;0.0;0.0;0.0;0.0;0.0;0.0;0.0;0.018476
46096;0.306931;0.153465;0.242574;0.064356;0.193069;0.0;0.0;0.0;0.0;0.0;0.0;0.0;0.0;0.0;0.0;0.039604
46097;0.261329;0.20997;0.234139;0.140483;0.137462;0.0;0.0;0.0;0.0;0.0;0.0;0.0;0.0;0.0;0.0;0.016616
46098;0.224771;0.234518;0.164564;0.048739;0.313647;0.0;0.0;0.0;0.0;0.0;0.0;0.0;0.0;0.0;0.0;0.013761
46099;0.409006;0.245779;0.146341;0.052533;0.121951;0.0;0.0;0.0;0.0;0.0;0.0;0.0;0.0;0.0;0.0;0.02439
46100;0.327957;0.258065;0.112903;0.037634;0.241935;0.0;0.0;0.0;0.0;0.0;0.0;0.0;0.0;0.0;0.0;0.021505
46101;0.348092;0.229008;0.087023;0.065649;0.259542;0.0;0.0;0.0;0.0;0.0;0.0;0.0;0.0;0.0;0.0;0.010687
46102;0.363775;0.172755;0.151446;0.070084;0.219662;0.0;0.0;0.0;0.0;0.0;0.0;0.0;0.0;0.0;0.0;0.022278
46103;0.250515;0.243299;0.153608;0.036082;0.293814;0.0;0.0;0.0;0.0;0.0;0.0;0.0;0.0;0.0;0.0;0.02268
46104;0.270655;0.248575;0.149573;0.030627;0.285613;0.0;0.0;0.0;0.0;0.0;0.0;0.0;0.0;0.0;0.0;0.014957
46105;0.317705;0.216136;0.184105;0.074738;0.186705;0.0;0.0;0.0;0.0;0.0;0.0;0.0;0.0;0.0;0.0;0.020611
46106;0.310784;0.244118;0.164706;0.078431;0.185294;0.0;0.0;0.0;0.0;0.0;0.0;0.0;0.0;0.0;0.0;0.016667
46107;0.349785;0.246781;0.148784;0.039342;0.19814;0.0;0.0;0.0;0.0;0.0;0.0;0.0;0.0;0.0;0.0;0.017167
46108;0.402477;0.340557;0.120743;0.04644;0.074303;0.0;0.0;0.0;0.0;0.0;0.0;0.0;0.0;0.0;0.0;0.01548
46109;0.302521;0.212128;0.177379;0.079718;0.215081;0.0;0.0;0.0;0.0;0.0;0.0;0.0;0.0;0.0;0.0;0.013173
46110;0.306531;0.195584;0.188536;0.076515;0.209007;0.0;0.0;0.0;0.0;0.0;0.0;0.0;0.0;0.0;0.0;0.023827
46111;0.261668;0.205687;0.23999;0.079699;0.193191;0.0;0.0;0.0;0.0;0.0;0.0;0.0;0.0;0.0;0.0;0.019765
46112;0.301176;0.350588;0.134118;0.032941;0.169412;0.0;0.0;0.0;0.0;0.0;0.0;0.0;0.0;0.0;0.0;0.011765
46113;0.226501;0.269536;0.161948;0.082673;0.235561;0.0;0.0;0.0;0.0;0.0;0.0;0.0;0.0;0.0;0.0;0.023783
46114;0.263547;0.337438;0.192118;0.061576;0.118227;0.0;0.0;0.0;0.0;0.0;0.0;0.0;0.0;0.0;0.0;0.027094
46115;0.211268;0.422535;0.276995;0.042254;0.042254;0.0;0.0;0.0;0.0;0.0;0.0;0.0;0.0;0.0;0.0;0.004695
46116;0.249382;0.243053;0.176703;0.087214;0.22476;0.0;0.0;0.0;0.0;0.0;0.0;0.0;0.0;0.0;0.0;0.018887
46117;0.283069;0.261905;0.156085;0.066138;0.206349;0.0;0.0;0.0;0.0;0.0;0.0;0.0;0.0;0.0;0.0;0.026455
46118;0.348377;0.277135;0.138754;0.059679;0.165237;0.0;0.0;0.0;0.0;0.0;0.0;0.0;0.0;0.0;0.0;0.010817
46119;0.325784;0.19338;0.118467;0.047038;0.294425;0.0;0.0;0.0;0.0;0.0;0.0;0.0;0.0;0.0;0.0;0.020906
46120;0.307429;0.226286;0.150857;0.059429;0.230857;0.0;0.0;0.0;0.0;0.0;0.0;0.0;0.0;0.0;0.0;0.025143
46121;0.314607;0.359551;0.089888;0.11236;0.11236;0.0;0.0;0.0;0.0;0.0;0.0;0.0;0.0;0.0;0.0;0.011236
46122;0.348256;0.199896;0.125976;0.057262;0.24102;0.0;0.0;0.0;0.0;0.0;0.0;0.0;0.0;0.0;0.0;0.02759
46123;0.224761;0.210759;0.159912;0.044215;0.336772;0.0;0.0;0.0;0.0;0.0;0.0;0.0;0.0;0.0;0.0;0.023581
46124;0.235577;0.272436;0.125;0.070513;0.280449;0.0;0.0;0.0;0.0;0.0;0.0;0.0;0.0;0.0;0.0;0.016026
46125;0.334884;0.232558;0.139535;0.029457;0.251163;0.0;0.0;0.0;0.0;0.0;0.0;0.0;0.0;0.0;0.0;0.012403
46126;0.287978;0.189888;0.174977;0.07013;0.259087;0.0;0.0;0.0;0.0;0.0;0.0;0.0;0.0;0.0;0.0;0.01794
46127;0.312531;0.23315;0.114828;0.047429;0.269096;0.0;0.0;0.0;0.0;0.0;0.0;0.0;0.0;0.0;0.0;0.022966
46128;0.285836;0.255973;0.124573;0.063993;0.259386;0.0;0.0;0.0;0.0;0.0;0.0;0.0;0.0;0.0;0.0;0.010239
46129;0.367568;0.191892;0.086486;0.02973;0.313514;0.0;0.0;0.0;0.0;0.0;0.0;0.0;0.0;0.0;0.0;0.010811
46130;0.311793;0.206785;0.134087;0.054927;0.268174;0.0;0.0;0.0;0.0;0.0;0.0;0.0;0.0;0.0;0.0;0.024233
46131;0.271749;0.246357;0.175937;0.06959;0.213867;0.0;0.0;0.0;0.0;0.0;0.0;0.0;0.0;0.0;0.0;0.0225
46132;0.274809;0.277745;0.159718;0.05872;0.21374;0.0;0.0;0.0;0.0;0.0;0.0;0.0;0.0;0.0;0.0;0.015267
46133;0.541311;0.245014;0.071225;0.019943;0.108262;0.0;0.0;0.0;0.0;0.0;0.0;0.0;0.0;0.0;0.0;0.014245
46134;0.285457;0.167067;0.20012;0.082332;0.235577;0.0;0.0;0.0;0.0;0.0;0.0;0.0;0.0;0.0;0.0;0.029447
46135;0.223067;0.262933;0.160267;0.093867;0.241733;0.0;0.0;0.0;0.0;0.0;0.0;0.0;0.0;0.0;0.0;0.018133
46136;0.286881;0.227001;0.199238;0.062602;0.20196;0.0;0.0;0.0;0.0;0.0;0.0;0.0;0.0;0.0;0.0;0.022319
46137;0.28866;0.304124;0.154639;0.010309;0.231959;0.0;0.0;0.0;0.0;0.0;0.0;0.0;0.0;0.0;0.0;0.010309
46138;0.318182;0.234266;0.206294;0.048951;0.188811;0.0;0.0;0.0;0.0;0.0;0.0;0.0;0.0;0.0;0.0;0.003497
46139;0.257924;0.277115;0.15993;0.056993;0.237569;0.0;0.0;0.0;0.0;0.0;0.0;0.0;0.0;0.0;0.0;0.010468
46140;0.216301;0.163009;0.206897;0.094044;0.31348;0.0;0.0;0.0;0.0;0.0;0.0;0.0;0.0;0.0;0.0;0.00627
46141;0.232628;0.380665;0.120846;0.075529;0.166163;0.0;0.0;0.0;0.0;0.0;0.0;0.0;0.0;0.0;0.0;0.024169
46142;0.305182;0.370441;0.107486;0.072937;0.128599;0.0;0.0;0.0;0.0;0.0;0.0;0.0;0.0;0.0;0.0;0.015355
46143;0.260753;0.262769;0.131048;0.049731;0.274194;0.0;0.0;0.0;0.0;0.0;0.0;0.0;0.0;0.0;0.0;0.021505
46144;0.246835;0.352321;0.232068;0.056962;0.099156;0.0;0.0;0.0;0.0;0.0;0.0;0.0;0.0;0.0;0.0;0.012658
46145;0.281163;0.208423;0.158134;0.07553;0.249951;0.0;0.0;0.0;0.0;0.0;0.0;0.0;0.0;0.0;0.0;0.026799
46146;0.233361;0.198028;0.198028;0.059984;0.290058;0.0;0.0;0.0;0.0;0.0;0.0;0.0;0.0;0.0;0.0;0.020542
46147;0.247638;0.23934;0.206409;0.068509;0.217886;0.0;0.0;0.0;0.0;0.0;0.0;0.0;0.0;0.0;0.0;0.020217
46148;0.230144;0.223827;0.263538;0.109206;0.158845;0.0;0.0;0.0;0.0;0.0;0.0;0.0;0.0;0.0;0.0;0.01444
46149;0.203252;0.361789;0.264228;0.069106;0.085366;0.0;0.0;0.0;0.0;0.0;0.0;0.0;0.0;0.0;0.0;0.01626
46150;0.295095;0.267405;0.207278;0.047468;0.169304;0.0;0.0;0.0;0.0;0.0;0.0;0.0;0.0;0.0;0.0;0.013449
46151;0.283636;0.190909;0.147273;0.058182;0.296364;0.0;0.0;0.0;0.0;0.0;0.0;0.0;0.0;0.0;0.0;0.023636
46152;0.253968;0.365079;0.238095;0.063492;0.079365;0.0;0.0;0.0;0.0;0.0;0.0;0.0;0.0;0.0;0.0;0.0
46153;0.317003;0.146974;0.138329;0.048991;0.331412;0.0;0.0;0.0;0.0;0.0;0.0;0.0;0.0;0.0;0.0;0.017291
46154;0.169154;0.286899;0.232172;0.102819;0.172471;0.0;0.0;0.0;0.0;0.0;0.0;0.0;0.0;0.0;0.0;0.036484
46155;0.349229;0.192146;0.12763;0.043478;0.26648;0.0;0.0;0.0;0.0;0.0;0.0;0.0;0.0;0.0;0.0;0.021038
46156;0.30033;0.291749;0.137294;0.048185;0.209901;0.0;0.0;0.0;0.0;0.0;0.0;0.0;0.0;0.0;0.0;0.012541
46157;0.251537;0.278487;0.177778;0.059574;0.219858;0.0;0.0;0.0;0.0;0.0;0.0;0.0;0.0;0.0;0.0;0.012766
46158;0.330688;0.261905;0.152116;0.031746;0.210317;0.0;0.0;0.0;0.0;0.0;0.0;0.0;0.0;0.0;0.0;0.013228
46159;0.279859;0.198858;0.183436;0.076386;0.234319;0.0;0.0;0.0;0.0;0.0;0.0;0.0;0.0;0.0;0.0;0.027142
46160;0.342774;0.133624;0.108932;0.043573;0.354394;0.0;0.0;0.0;0.0;0.0;0.0;0.0;0.0;0.0;0.0;0.016703
46161;0.326715;0.216606;0.176895;0.070397;0.196751;0.0;0.0;0.0;0.0;0.0;0.0;0.0;0.0;0.0;0.0;0.012635
46162;0.384801;0.22316;0.247286;0.026538;0.109771;0.0;0.0;0.0;0.0;0.0;0.0;0.0;0.0;0.0;0.0;0.008444
46163;0.221074;0.190771;0.214876;0.078512;0.274793;0.0;0.0;0.0;0.0;0.0;0.0;0.0;0.0;0.0;0.0;0.019972
46164;0.303023;0.212092;0.181131;0.078376;0.202828;0.0;0.0;0.0;0.0;0.0;0.0;0.0;0.0;0.0;0.0;0.02255
46165;0.256468;0.232086;0.189466;0.076121;0.218686;0.0;0.0;0.0;0.0;0.0;0.0;0.0;0.0;0.0;0.0;0.027173
46166;0.249791;0.213082;0.171033;0.068914;0.275154;0.0;0.0;0.0;0.0;0.0;0.0;0.0;0.0;0.0;0.0;0.022026
46167;0.426778;0.213389;0.158996;0.029289;0.150628;0.0;0.0;0.0;0.0;0.0;0.0;0.0;0.0;0.0;0.0;0.020921
46168;0.321951;0.202787;0.162369;0.050174;0.242509;0.0;0.0;0.0;0.0;0.0;0.0;0.0;0.0;0.0;0.0;0.020209
46169;0.326844;0.183762;0.174689;0.080678;0.213878;0.0;0.0;0.0;0.0;0.0;0.0;0.0;0.0;0.0;0.0;0.020148
46170;0.371395;0.225253;0.208885;0.071317;0.115355;0.0;0.0;0.0;0.0;0.0;0.0;0.0;0.0;0.0;0.0;0.007794
46171;0.285226;0.197282;0.174485;0.082069;0.233406;0.0;0.0;0.0;0.0;0.0;0.0;0.0;0.0;0.0;0.0;0.027532
46172;0.248355;0.198739;0.241776;0.061404;0.219572;0.0;0.0;0.0;0.0;0.0;0.0;0.0;0.0;0.0;0.0;0.030154
46173;0.270812;0.2668;0.152457;0.062187;0.237713;0.0;0.0;0.0;0.0;0.0;0.0;0.0;0.0;0.0;0.0;0.01003
46174;0.37551;0.187755;0.142857;0.034014;0.238095;0.0;0.0;0.0;0.0;0.0;0.0;0.0;0.0;0.0;0.0;0.021769
46175;0.272727;0.241477;0.144886;0.022727;0.28125;0.0;0.0;0.0;0.0;0.0;0.0;0.0;0.0;0.0;0.0;0.036932
46176;0.267616;0.218141;0.223388;0.072714;0.194903;0.0;0.0;0.0;0.0;0.0;0.0;0.0;0.0;0.0;0.0;0.023238
46177;0.321398;0.180449;0.164251;0.062518;0.243819;0.0;0.0;0.0;0.0;0.0;0.0;0.0;0.0;0.0;0.0;0.027565
46178;0.179079;0.20255;0.279629;0.08867;0.225732;0.0;0.0;0.0;0.0;0.0;0.0;0.0;0.0;0.0;0.0;0.024341
46179;0.306523;0.255858;0.21406;0.051932;0.158961;0.0;0.0;0.0;0.0;0.0;0.0;0.0;0.0;0.0;0.0;0.012666
46180;0.346856;0.1643;0.131846;0.042596;0.281947;0.0;0.0;0.0;0.0;0.0;0.0;0.0;0.0;0.0;0.0;0.032454
46181;0.268297;0.219136;0.173128;0.071995;0.246741;0.0;0.0;0.0;0.0;0.0;0.0;0.0;0.0;0.0;0.0;0.020704
46182;0.265851;0.160178;0.179088;0.05673;0.301446;0.0;0.0;0.0;0.0;0.0;0.0;0.0;0.0;0.0;0.0;0.036707
46183;0.218273;0.265983;0.217796;0.068941;0.211116;0.0;0.0;0.0;0.0;0.0;0.0;0.0;0.0;0.0;0.0;0.017891
46184;0.272075;0.20563;0.143556;0.068162;0.288777;0.0;0.0;0.0;0.0;0.0;0.0;0.0;0.0;0.0;0.0;0.021801
46185;0.292517;0.088435;0.071429;0.037415;0.493197;0.0;0.0;0.0;0.0;0.0;0.0;0.0;0.0;0.0;0.0;0.017007
46186;0.278323;0.193457;0.212063;0.082307;0.212962;0.0;0.0;0.0;0.0;0.0;0.0;0.0;0.0;0.0;0.0;0.020888
46187;0.267467;0.233624;0.169214;0.052402;0.262009;0.0;0.0;0.0;0.0;0.0;0.0;0.0;0.0;0.0;0.0;0.015284
46188;0.22043;0.181004;0.204301;0.064516;0.301075;0.0;0.0;0.0;0.0;0.0;0.0;0.0;0.0;0.0;0.0;0.028674
46189;0.279452;0.158904;0.153425;0.073973;0.29863;0.0;0.0;0.0;0.0;0.0;0.0;0.0;0.0;0.0;0.0;0.035616
46190;0.28187;0.194641;0.191708;0.09732;0.211891;0.0;0.0;0.0;0.0;0.0;0.0;0.0;0.0;0.0;0.0;0.022569
46191;0.305832;0.266714;0.181366;0.033428;0.200569;0.0;0.0;0.0;0.0;0.0;0.0;0.0;0.0;0.0;0.0;0.012091
46192;0.314453;0.185547;0.193359;0.076172;0.210938;0.0;0.0;0.0;0.0;0.0;0.0;0.0;0.0;0.0;0.0;0.019531
46193;0.300533;0.183042;0.163066;0.081681;0.250518;0.0;0.0;0.0;0.0;0.0;0.0;0.0;0.0;0.0;0.0;0.02116
46194;0.290488;0.208001;0.191248;0.071409;0.218255;0.0;0.0;0.0;0.0;0.0;0.0;0.0;0.0;0.0;0.0;0.020599
46195;0.309353;0.208633;0.17724;0.058208;0.228254;0.0;0.0;0.0;0.0;0.0;0.0;0.0;0.0;0.0;0.0;0.018313
46196;0.254545;0.336364;0.309091;0.009091;0.081818;0.0;0.0;0.0;0.0;0.0;0.0;0.0;0.0;0.0;0.0;0.009091
46197;0.255;0.132857;0.135;0.058571;0.385;0.0;0.0;0.0;0.0;0.0;0.0;0.0;0.0;0.0;0.0;0.033571
46198;0.284627;0.164384;0.098935;0.039574;0.369863;0.0;0.0;0.0;0.0;0.0;0.0;0.0;0.0;0.0;0.0;0.042618
46199;0.278779;0.230233;0.194184;0.089161;0.193223;0.0;0.0;0.0;0.0;0.0;0.0;0.0;0.0;0.0;0.0;0.01442
46200;0.317241;0.247586;0.158621;0.046897;0.221379;0.0;0.0;0.0;0.0;0.0;0.0;0.0;0.0;0.0;0.0;0.008276
46201;0.625;0.125;0.025;0.05;0.175;0.0;0.0;0.0;0.0;0.0;0.0;0.0;0.0;0.0;0.0;0.0
46202;0.218348;0.209455;0.223964;0.093923;0.226461;0.0;0.0;0.0;0.0;0.0;0.0;0.0;0.0;0.0;0.0;0.027849
46203;0.306276;0.168358;0.140549;0.059376;0.303645;0.0;0.0;0.0;0.0;0.0;0.0;0.0;0.0;0.0;0.0;0.021796
46204;0.332298;0.2147;0.146377;0.078468;0.209938;0.0;0.0;0.0;0.0;0.0;0.0;0.0;0.0;0.0;0.0;0.018219
46205;0.292846;0.224082;0.173489;0.078806;0.205241;0.0;0.0;0.0;0.0;0.0;0.0;0.0;0.0;0.0;0.0;0.025536
46206;0.401961;0.188725;0.134804;0.07598;0.176471;0.0;0.0;0.0;0.0;0.0;0.0;0.0;0.0;0.0;0.0;0.022059
46207;0.282542;0.220234;0.184043;0.067859;0.225992;0.0;0.0;0.0;0.0;0.0;0.0;0.0;0.0;0.0;0.0;0.01933
46208;0.322657;0.209964;0.145907;0.036773;0.265718;0.0;0.0;0.0;0.0;0.0;0.0;0.0;0.0;0.0;0.0;0.01898
46209;0.322206;0.204644;0.222787;0.071118;0.170537;0.0;0.0;0.0;0.0;0.0;0.0;0.0;0.0;0.0;0.0;0.008708
46210;0.294821;0.290837;0.143426;0.027888;0.239044;0.0;0.0;0.0;0.0;0.0;0.0;0.0;0.0;0.0;0.0;0.003984
46211;0.282688;0.211103;0.192841;0.073776;0.211833;0.0;0.0;0.0;0.0;0.0;0.0;0.0;0.0;0.0;0.0;0.027757
46212;0.278182;0.223636;0.140909;0.06;0.274545;0.0;0.0;0.0;0.0;0.0;0.0;0.0;0.0;0.0;0.0;0.022727
46213;0.288583;0.231933;0.235522;0.086041;0.130857;0.0;0.0;0.0;0.0;0.0;0.0;0.0;0.0;0.0;0.0;0.027064
46214;0.279128;0.210562;0.178541;0.089522;0.216429;0.0;0.0;0.0;0.0;0.0;0.0;0.0;0.0;0.0;0.0;0.025817
46215;0.322306;0.117202;0.095463;0.044423;0.385633;0.0;0.0;0.0;0.0;0.0;0.0;0.0;0.0;0.0;0.0;0.034972
46216;0.208897;0.304497;0.174982;0.087737;0.207913;0.0;0.0;0.0;0.0;0.0;0.0;0.0;0.0;0.0;0.0;0.015974
46217;0.316667;0.193939;0.183333;0.060606;0.224242;0.0;0.0;0.0;0.0;0.0;0.0;0.0;0.0;0.0;0.0;0.021212
46218;0.202916;0.294046;0.176185;0.040097;0.2661;0.0;0.0;0.0;0.0;0.0;0.0;0.0;0.0;0.0;0.0;0.020656
46219;0.278846;0.394231;0.105769;0.048077;0.173077;0.0;0.0;0.0;0.0;0.0;0.0;0.0;0.0;0.0;0.0;0.0
46220;0.288143;0.174287;0.15357;0.078582;0.283704;0.0;0.0;0.0;0.0;0.0;0.0;0.0;0.0;0.0;0.0;0.021714
46221;0.287197;0.259516;0.141869;0.051903;0.242215;0.0;0.0;0.0;0.0;0.0;0.0;0.0;0.0;0.0;0.0;0.017301
46222;0.346626;0.116564;0.113497;0.06135;0.343558;0.0;0.0;0.0;0.0;0.0;0.0;0.0;0.0;0.0;0.0;0.018405
46223;0.288789;0.219368;0.193683;0.087817;0.185699;0.0;0.0;0.0;0.0;0.0;0.0;0.0;0.0;0.0;0.0;0.024644
46224;0.241935;0.274194;0.241935;0.008065;0.225806;0.0;0.0;0.0;0.0;0.0;0.0;0.0;0.0;0.0;0.0;0.008065
46225;0.222222;0.264368;0.16092;0.042146;0.272031;0.0;0.0;0.0;0.0;0.0;0.0;0.0;0.0;0.0;0.0;0.038314
46226;0.789474;0.052632;0.052632;0.0;0.105263;0.0;0.0;0.0;0.0;0.0;0.0;0.0;0.0;0.0;0.0;0.0
46227;0.378176;0.121076;0.13154;0.038864;0.310912;0.0;0.0;0.0;0.0;0.0;0.0;0.0;0.0;0.0;0.0;0.019432
46228;0.24341;0.205833;0.262479;0.066181;0.211441;0.0;0.0;0.0;0.0;0.0;0.0;0.0;0.0;0.0;0.0;0.010656
46229;0.317212;0.216216;0.221906;0.036984;0.201991;0.0;0.0;0.0;0.0;0.0;0.0;0.0;0.0;0.0;0.0;0.00569
46230;0.334413;0.18972;0.175149;0.072852;0.206719;0.0;0.0;0.0;0.0;0.0;0.0;0.0;0.0;0.0;0.0;0.021147
46231;0.29738;0.152956;0.120658;0.036563;0.374162;0.0;0.0;0.0;0.0;0.0;0.0;0.0;0.0;0.0;0.0;0.018282
46232;0.414977;0.229329;0.174727;0.065523;0.102964;0.0;0.0;0.0;0.0;0.0;0.0;0.0;0.0;0.0;0.0;0.01248
46233;0.275417;0.246586;0.171472;0.058422;0.215099;0.0;0.0;0.0;0.0;0.0;0.0;0.0;0.0;0.0;0.0;0.033005
46234;0.348361;0.262295;0.127049;0.053279;0.192623;0.0;0.0;0.0;0.0;0.0;0.0;0.0;0.0;0.0;0.0;0.016393
46235;0.274169;0.180114;0.135035;0.065435;0.323883;0.0;0.0;0.0;0.0;0.0;0.0;0.0;0.0;0.0;0.0;0.021364
46236;0.306723;0.187675;0.144258;0.047619;0.30112;0.0;0.0;0.0;0.0;0.0;0.0;0.0;0.0;0.0;0.0;0.012605
46237;0.305125;0.194581;0.174357;0.078539;0.222462;0.0;0.0;0.0;0.0;0.0;0.0;0.0;0.0;0.0;0.0;0.024936
46238;0.246515;0.205576;0.131888;0.063731;0.329276;0.0;0.0;0.0;0.0;0.0;0.0;0.0;0.0;0.0;0.0;0.023014
46239;0.321937;0.319088;0.193732;0.048433;0.099715;0.0;0.0;0.0;0.0;0.0;0.0;0.0;0.0;0.0;0.0;0.017094
46240;0.162338;0.233766;0.305195;0.058442;0.227273;0.0;0.0;0.0;0.0;0.0;0.0;0.0;0.0;0.0;0.0;0.012987
46241;0.320144;0.172662;0.133094;0.046763;0.305755;0.0;0.0;0.0;0.0;0.0;0.0;0.0;0.0;0.0;0.0;0.021583
46242;0.177165;0.452756;0.192913;0.043307;0.125984;0.0;0.0;0.0;0.0;0.0;0.0;0.0;0.0;0.0;0.0;0.007874
46243;0.337079;0.337079;0.11236;0.022472;0.191011;0.0;0.0;0.0;0.0;0.0;0.0;0.0;0.0;0.0;0.0;0.0
46244;0.281913;0.225752;0.21035;0.083494;0.175906;0.0;0.0;0.0;0.0;0.0;0.0;0.0;0.0;0.0;0.0;0.022585
46245;0.263682;0.261194;0.169154;0.059701;0.233831;0.0;0.0;0.0;0.0;0.0;0.0;0.0;0.0;0.0;0.0;0.012438
46246;0.251899;0.311392;0.296203;0.040506;0.096203;0.0;0.0;0.0;0.0;0.0;0.0;0.0;0.0;0.0;0.0;0.003797
46247;0.236392;0.348367;0.18507;0.068429;0.1493;0.0;0.0;0.0;0.0;0.0;0.0;0.0;0.0;0.0;0.0;0.012442
46248;0.279333;0.233472;0.238535;0.063728;0.172424;0.0;0.0;0.0;0.0;0.0;0.0;0.0;0.0;0.0;0.0;0.012507
46249;0.341659;0.229815;0.202482;0.083412;0.131166;0.0;0.0;0.0;0.0;0.0;0.0;0.0;0.0;0.0;0.0;0.011467
46250;0.250021;0.24635;0.168989;0.084308;0.229025;0.0;0.0;0.0;0.0;0.0;0.0;0.0;0.0;0.0;0.0;0.021307
46251;0.327495;0.245754;0.126858;0.05414;0.231953;0.0;0.0;0.0;0.0;0.0;0.0;0.0;0.0;0.0;0.0;0.0138
46252;0.305882;0.447059;0.141176;0.023529;0.070588;0.0;0.0;0.0;0.0;0.0;0.0;0.0;0.0;0.0;0.0;0.011765
46253;0.345238;0.25;0.130952;0.071429;0.178571;0.0;0.0;0.0;0.0;0.0;0.0;0.0;0.0;0.0;0.0;0.02381
46254;0.331298;0.323664;0.181679;0.045802;0.112977;0.0;0.0;0.0;0.0;0.0;0.0;0.0;0.0;0.0;0.0;0.00458
46255;0.2875;0.212069;0.144828;0.053448;0.278448;0.0;0.0;0.0;0.0;0.0;0.0;0.0;0.0;0.0;0.0;0.023707
46256;0.251426;0.261206;0.195803;0.080277;0.189283;0.0;0.0;0.0;0.0;0.0;0.0;0.0;0.0;0.0;0.0;0.022005
46257;0.283739;0.180538;0.127785;0.046607;0.339821;0.0;0.0;0.0;0.0;0.0;0.0;0.0;0.0;0.0;0.0;0.021511
46258;0.293347;0.31011;0.13934;0.061289;0.183342;0.0;0.0;0.0;0.0;0.0;0.0;0.0;0.0;0.0;0.0;0.012572
46259;0.327913;0.230352;0.224932;0.065041;0.127371;0.0;0.0;0.0;0.0;0.0;0.0;0.0;0.0;0.0;0.0;0.02439
46260;0.278568;0.226091;0.147131;0.066209;0.259931;0.0;0.0;0.0;0.0;0.0;0.0;0.0;0.0;0.0;0.0;0.02207
46261;0.289796;0.246531;0.185306;0.04;0.226122;0.0;0.0;0.0;0.0;0.0;0.0;0.0;0.0;0.0;0.0;0.012245
46262;0.172932;0.345865;0.203008;0.120301;0.150376;0.0;0.0;0.0;0.0;0.0;0.0;0.0;0.0;0.0;0.0;0.007519
46263;0.550562;0.191011;0.095506;0.022472;0.123596;0.0;0.0;0.0;0.0;0.0;0.0;0.0;0.0;0.0;0.0;0.016854
46902;0.416961;0.14841;0.130742;0.056537;0.144876;0.0;0.0;0.0;0.0;0.0;0.0;0.0;0.0;0.0;0.0;0.102473
46903;0.19153;0.232177;0.251969;0.124282;0.178549;0.0;0.0;0.0;0.0;0.0;0.0;0.0;0.0;0.0;0.0;0.021494
46904;0.303483;0.164179;0.182421;0.087894;0.228856;0.0;0.0;0.0;0.0;0.0;0.0;0.0;0.0;0.0;0.0;0.033167
47001;0.02439;0.634146;0.292683;0.0;0.04878;0.0;0.0;0.0;0.0;0.0;0.0;0.0;0.0;0.0;0.0;0.0
47002;0.333333;0.555556;0.055556;0.055556;0.0;0.0;0.0;0.0;0.0;0.0;0.0;0.0;0.0;0.0;0.0;0.0
47003;0.236025;0.416149;0.254658;0.037267;0.055901;0.0;0.0;0.0;0.0;0.0;0.0;0.0;0.0;0.0;0.0;0.0
47004;0.425606;0.253749;0.228374;0.05421;0.035755;0.0;0.0;0.0;0.0;0.0;0.0;0.0;0.0;0.0;0.0;0.002307
47005;0.318841;0.295652;0.275362;0.046377;0.034783;0.0;0.0;0.0;0.0;0.0;0.0;0.0;0.0;0.0;0.0;0.028986
47006;0.298611;0.236111;0.173611;0.069444;0.208333;0.0;0.0;0.0;0.0;0.0;0.0;0.0;0.0;0.0;0.0;0.013889
47007;0.268193;0.23027;0.236078;0.099078;0.144175;0.0;0.0;0.0;0.0;0.0;0.0;0.0;0.0;0.0;0.0;0.022207
47008;0.076923;0.461538;0.153846;0.076923;0.230769;0.0;0.0;0.0;0.0;0.0;0.0;0.0;0.0;0.0;0.0;0.0
47009;0.309524;0.321429;0.214286;0.059524;0.083333;0.0;0.0;0.0;0.0;0.0;0.0;0.0;0.0;0.0;0.0;0.011905
47010;0.24398;0.252599;0.250378;0.120746;0.116304;0.0;0.0;0.0;0.0;0.0;0.0;0.0;0.0;0.0;0.0;0.015993
47011;0.263736;0.452747;0.204396;0.050549;0.026374;0.0;0.0;0.0;0.0;0.0;0.0;0.0;0.0;0.0;0.0;0.002198
47012;0.239437;0.492958;0.197183;0.042254;0.014085;0.0;0.0;0.0;0.0;0.0;0.0;0.0;0.0;0.0;0.0;0.014085
47013;0.486842;0.342105;0.105263;0.026316;0.039474;0.0;0.0;0.0;0.0;0.0;0.0;0.0;0.0;0.0;0.0;0.0
47014;0.342105;0.447368;0.157895;0.052632;0.0;0.0;0.0;0.0;0.0;0.0;0.0;0.0;0.0;0.0;0.0;0.0
47015;0.294574;0.434109;0.116279;0.054264;0.093023;0.0;0.0;0.0;0.0;0.0;0.0;0.0;0.0;0.0;0.0;0.007752
47016;0.236364;0.454545;0.145455;0.090909;0.072727;0.0;0.0;0.0;0.0;0.0;0.0;0.0;0.0;0.0;0.0;0.0
47017;0.09589;0.554795;0.267123;0.047945;0.027397;0.0;0.0;0.0;0.0;0.0;0.0;0.0;0.0;0.0;0.0;0.006849
47018;0.0;0.483871;0.322581;0.064516;0.096774;0.0;0.0;0.0;0.0;0.0;0.0;0.0;0.0;0.0;0.0;0.032258
47019;0.223881;0.41791;0.208955;0.089552;0.059701;0.0;0.0;0.0;0.0;0.0;0.0;0.0;0.0;0.0;0.0;0.0
47020;0.287129;0.386139;0.272277;0.049505;0.00495;0.0;0.0;0.0;0.0;0.0;0.0;0.0;0.0;0.0;0.0;0.0
47021;0.254545;0.254545;0.218182;0.181818;0.090909;0.0;0.0;0.0;0.0;0.0;0.0;0.0;0.0;0.0;0.0;0.0
47022;0.042553;0.553191;0.297872;0.06383;0.021277;0.0;0.0;0.0;0.0;0.0;0.0;0.0;0.0;0.0;0.0;0.021277
47023;0.242411;0.262078;0.260368;0.104746;0.113724;0.0;0.0;0.0;0.0;0.0;0.0;0.0;0.0;0.0;0.0;0.016674
47024;0.437126;0.359281;0.083832;0.071856;0.035928;0.0;0.0;0.0;0.0;0.0;0.0;0.0;0.0;0.0;0.0;0.011976
47025;0.378049;0.414634;0.158537;0.036585;0.012195;0.0;0.0;0.0;0.0;0.0;0.0;0.0;0.0;0.0;0.0;0.0
47026;0.166667;0.555556;0.222222;0.055556;0.0;0.0;0.0;0.0;0.0;0.0;0.0;0.0;0.0;0.0;0.0;0.0
47027;0.340288;0.235469;0.188773;0.094386;0.120715;0.0;0.0;0.0;0.0;0.0;0.0;0.0;0.0;0.0;0.0;0.020368
47028;0.117647;0.529412;0.294118;0.058824;0.0;0.0;0.0;0.0;0.0;0.0;0.0;0.0;0.0;0.0;0.0;0.0
47029;0.176471;0.5;0.147059;0.029412;0.147059;0.0;0.0;0.0;0.0;0.0;0.0;0.0;0.0;0.0;0.0;0.0
47030;0.266566;0.322289;0.212349;0.069277;0.125;0.0;0.0;0.0;0.0;0.0;0.0;0.0;0.0;0.0;0.0;0.004518
47031;0.271429;0.385714;0.292857;0.028571;0.014286;0.0;0.0;0.0;0.0;0.0;0.0;0.0;0.0;0.0;0.0;0.007143
47032;0.137255;0.303922;0.45098;0.039216;0.068627;0.0;0.0;0.0;0.0;0.0;0.0;0.0;0.0;0.0;0.0;0.0
47033;0.236486;0.385135;0.236486;0.101351;0.033784;0.0;0.0;0.0;0.0;0.0;0.0;0.0;0.0;0.0;0.0;0.006757
47034;0.303571;0.5;0.125;0.0;0.017857;0.0;0.0;0.0;0.0;0.0;0.0;0.0;0.0;0.0;0.0;0.053571
47035;0.326656;0.405239;0.171032;0.03698;0.060092;0.0;0.0;0.0;0.0;0.0;0.0;0.0;0.0;0.0;0.0;0.0
47036;0.316129;0.316129;0.23871;0.077419;0.045161;0.0;0.0;0.0;0.0;0.0;0.0;0.0;0.0;0.0;0.0;0.006452
47037;0.274194;0.459677;0.177419;0.024194;0.048387;0.0;0.0;0.0;0.0;0.0;0.0;0.0;0.0;0.0;0.0;0.016129
47038;0.442623;0.196721;0.163934;0.065574;0.098361;0.0;0.0;0.0;0.0;0.0;0.0;0.0;0.0;0.0;0.0;0.032787
47039;0.384615;0.333333;0.179487;0.051282;0.042735;0.0;0.0;0.0;0.0;0.0;0.0;0.0;0.0;0.0;0.0;0.008547
47040;0.195122;0.585366;0.121951;0.04878;0.04878;0.0;0.0;0.0;0.0;0.0;0.0;0.0;0.0;0.0;0.0;0.0
47041;0.26;0.41;0.15;0.06;0.11;0.0;0.0;0.0;0.0;0.0;0.0;0.0;0.0;0.0;0.0;0.01
47042;0.205128;0.410256;0.153846;0.076923;0.153846;0.0;0.0;0.0;0.0;0.0;0.0;0.0;0.0;0.0;0.0;0.0
47043;0.427966;0.372881;0.118644;0.042373;0.033898;0.0;0.0;0.0;0.0;0.0;0.0;0.0;0.0;0.0;0.0;0.004237
47044;0.323308;0.274436;0.150376;0.075188;0.154135;0.0;0.0;0.0;0.0;0.0;0.0;0.0;0.0;0.0;0.0;0.022556
47045;0.362637;0.208791;0.217949;0.025641;0.177656;0.0;0.0;0.0;0.0;0.0;0.0;0.0;0.0;0.0;0.0;0.007326
47046;0.346939;0.377551;0.102041;0.102041;0.061224;0.0;0.0;0.0;0.0;0.0;0.0;0.0;0.0;0.0;0.0;0.010204
47047;0.160305;0.458015;0.267176;0.045802;0.053435;0.0;0.0;0.0;0.0;0.0;0.0;0.0;0.0;0.0;0.0;0.015267
47048;0.221311;0.45082;0.180328;0.090164;0.040984;0.0;0.0;0.0;0.0;0.0;0.0;0.0;0.0;0.0;0.0;0.016393
47049;0.275862;0.362069;0.206897;0.068966;0.068966;0.0;0.0;0.0;0.0;0.0;0.0;0.0;0.0;0.0;0.0;0.017241
47050;0.300683;0.231967;0.237282;0.094913;0.121488;0.0;0.0;0.0;0.0;0.0;0.0;0.0;0.0;0.0;0.0;0.013667
47051;0.253968;0.305556;0.222222;0.055556;0.134921;0.0;0.0;0.0;0.0;0.0;0.0;0.0;0.0;0.0;0.0;0.027778
47052;0.296318;0.224246;0.198786;0.11888;0.139444;0.0;0.0;0.0;0.0;0.0;0.0;0.0;0.0;0.0;0.0;0.022327
47053;0.340426;0.404255;0.042553;0.053191;0.148936;0.0;0.0;0.0;0.0;0.0;0.0;0.0;0.0;0.0;0.0;0.010638
47054;0.270153;0.409586;0.176471;0.084967;0.050109;0.0;0.0;0.0;0.0;0.0;0.0;0.0;0.0;0.0;0.0;0.008715
47055;0.386207;0.365517;0.158621;0.034483;0.055172;0.0;0.0;0.0;0.0;0.0;0.0;0.0;0.0;0.0;0.0;0.0
47056;0.210526;0.508772;0.175439;0.087719;0.017544;0.0;0.0;0.0;0.0;0.0;0.0;0.0;0.0;0.0;0.0;0.0
47057;0.145729;0.321608;0.326633;0.100503;0.095477;0.0;0.0;0.0;0.0;0.0;0.0;0.0;0.0;0.0;0.0;0.01005
47058;0.327869;0.336066;0.237705;0.02459;0.065574;0.0;0.0;0.0;0.0;0.0;0.0;0.0;0.0;0.0;0.0;0.008197
47059;0.25;0.3125;0.140625;0.15625;0.125;0.0;0.0;0.0;0.0;0.0;0.0;0.0;0.0;0.0;0.0;0.015625
47060;0.347305;0.353293;0.131737;0.077844;0.071856;0.0;0.0;0.0;0.0;0.0;0.0;0.0;0.0;0.0;0.0;0.017964
47061;0.418478;0.298913;0.163043;0.070652;0.048913;0.0;0.0;0.0;0.0;0.0;0.0;0.0;0.0;0.0;0.0;0.0
47062;0.148438;0.546875;0.203125;0.0625;0.023438;0.0;0.0;0.0;0.0;0.0;0.0;0.0;0.0;0.0;0.0;0.015625
47063;0.176471;0.426471;0.235294;0.058824;0.073529;0.0;0.0;0.0;0.0;0.0;0.0;0.0;0.0;0.0;0.0;0.029412
47064;0.071429;0.392857;0.071429;0.107143;0.285714;0.0;0.0;0.0;0.0;0.0;0.0;0.0;0.0;0.0;0.0;0.071429
47065;0.348333;0.411667;0.158333;0.046667;0.028333;0.0;0.0;0.0;0.0;0.0;0.0;0.0;0.0;0.0;0.0;0.006667
47066;0.253731;0.277985;0.260261;0.069963;0.120336;0.0;0.0;0.0;0.0;0.0;0.0;0.0;0.0;0.0;0.0;0.017724
47067;0.165138;0.53211;0.284404;0.018349;0.0;0.0;0.0;0.0;0.0;0.0;0.0;0.0;0.0;0.0;0.0;0.0
47068;0.238095;0.571429;0.190476;0.0;0.0;0.0;0.0;0.0;0.0;0.0;0.0;0.0;0.0;0.0;0.0;0.0
47069;0.344828;0.37931;0.183908;0.068966;0.022989;0.0;0.0;0.0;0.0;0.0;0.0;0.0;0.0;0.0;0.0;0.0
47070;0.125;0.583333;0.291667;0.0;0.0;0.0;0.0;0.0;0.0;0.0;0.0;0.0;0.0;0.0;0.0;0.0
47071;0.192926;0.279743;0.228296;0.115756;0.176849;0.0;0.0;0.0;0.0;0.0;0.0;0.0;0.0;0.0;0.0;0.006431
47073;0.233766;0.545455;0.220779;0.0;0.0;0.0;0.0;0.0;0.0;0.0;0.0;0.0;0.0;0.0;0.0;0.0
47074;0.486239;0.284404;0.055046;0.036697;0.137615;0.0;0.0;0.0;0.0;0.0;0.0;0.0;0.0;0.0;0.0;0.0
47075;0.23318;0.365152;0.234618;0.091144;0.066993;0.0;0.0;0.0;0.0;0.0;0.0;0.0;0.0;0.0;0.0;0.008913
47076;0.311038;0.242249;0.189685;0.095833;0.143902;0.0;0.0;0.0;0.0;0.0;0.0;0.0;0.0;0.0;0.0;0.017293
47077;0.147929;0.538462;0.230769;0.04142;0.017751;0.0;0.0;0.0;0.0;0.0;0.0;0.0;0.0;0.0;0.0;0.023669
47078;0.252336;0.411215;0.224299;0.093458;0.009346;0.0;0.0;0.0;0.0;0.0;0.0;0.0;0.0;0.0;0.0;0.009346
47079;0.02381;0.547619;0.309524;0.095238;0.02381;0.0;0.0;0.0;0.0;0.0;0.0;0.0;0.0;0.0;0.0;0.0
47080;0.125;0.5;0.166667;0.083333;0.125;0.0;0.0;0.0;0.0;0.0;0.0;0.0;0.0;0.0;0.0;0.0
47081;0.4375;0.25;0.125;0.0625;0.125;0.0;0.0;0.0;0.0;0.0;0.0;0.0;0.0;0.0;0.0;0.0
47082;0.242424;0.441786;0.220096;0.044657;0.041467;0.0;0.0;0.0;0.0;0.0;0.0;0.0;0.0;0.0;0.0;0.009569
47083;0.147541;0.409836;0.229508;0.032787;0.147541;0.0;0.0;0.0;0.0;0.0;0.0;0.0;0.0;0.0;0.0;0.032787
47084;0.347995;0.398448;0.137128;0.055627;0.056921;0.0;0.0;0.0;0.0;0.0;0.0;0.0;0.0;0.0;0.0;0.003881
47085;0.31448;0.2943;0.202071;0.082758;0.095946;0.0;0.0;0.0;0.0;0.0;0.0;0.0;0.0;0.0;0.0;0.010444
47086;0.367176;0.289665;0.202329;0.0746;0.059316;0.0;0.0;0.0;0.0;0.0;0.0;0.0;0.0;0.0;0.0;0.006914
47087;0.355805;0.303371;0.17603;0.05618;0.093633;0.0;0.0;0.0;0.0;0.0;0.0;0.0;0.0;0.0;0.0;0.014981
47088;0.303797;0.341772;0.227848;0.063291;0.050633;0.0;0.0;0.0;0.0;0.0;0.0;0.0;0.0;0.0;0.0;0.012658
47089;0.100917;0.550459;0.211009;0.082569;0.055046;0.0;0.0;0.0;0.0;0.0;0.0;0.0;0.0;0.0;0.0;0.0
47090;0.326738;0.30017;0.205766;0.071792;0.087055;0.0;0.0;0.0;0.0;0.0;0.0;0.0;0.0;0.0;0.0;0.008479
47091;0.403509;0.298246;0.122807;0.017544;0.140351;0.0;0.0;0.0;0.0;0.0;0.0;0.0;0.0;0.0;0.0;0.017544
47092;0.126582;0.392405;0.21519;0.177215;0.075949;0.0;0.0;0.0;0.0;0.0;0.0;0.0;0.0;0.0;0.0;0.012658
47093;0.333922;0.335689;0.120141;0.067138;0.136042;0.0;0.0;0.0;0.0;0.0;0.0;0.0;0.0;0.0;0.0;0.007067
47094;0.35;0.42;0.13;0.03;0.05;0.0;0.0;0.0;0.0;0.0;0.0;0.0;0.0;0.0;0.0;0.02
47095;0.071429;0.392857;0.464286;0.035714;0.0;0.0;0.0;0.0;0.0;0.0;0.0;0.0;0.0;0.0;0.0;0.035714
47096;0.293478;0.402174;0.217391;0.043478;0.043478;0.0;0.0;0.0;0.0;0.0;0.0;0.0;0.0;0.0;0.0;0.0
47097;0.43038;0.274262;0.147679;0.054852;0.088608;0.0;0.0;0.0;0.0;0.0;0.0;0.0;0.0;0.0;0.0;0.004219
47098;0.255656;0.332579;0.210407;0.074661;0.11086;0.0;0.0;0.0;0.0;0.0;0.0;0.0;0.0;0.0;0.0;0.015837
47099;0.228814;0.372881;0.305085;0.067797;0.025424;0.0;0.0;0.0;0.0;0.0;0.0;0.0;0.0;0.0;0.0;0.0
47100;0.435294;0.376471;0.129412;0.023529;0.035294;0.0;0.0;0.0;0.0;0.0;0.0;0.0;0.0;0.0;0.0;0.0
47101;0.394422;0.296414;0.149801;0.065339;0.086056;0.0;0.0;0.0;0.0;0.0;0.0;0.0;0.0;0.0;0.0;0.007968
47102;0.326923;0.230769;0.317308;0.100962;0.019231;0.0;0.0;0.0;0.0;0.0;0.0;0.0;0.0;0.0;0.0;0.004808
47103;0.403141;0.26178;0.198953;0.073298;0.062827;0.0;0.0;0.0;0.0;0.0;0.0;0.0;0.0;0.0;0.0;0.0
47104;0.240981;0.372294;0.227513;0.090909;0.060125;0.0;0.0;0.0;0.0;0.0;0.0;0.0;0.0;0.0;0.0;0.008177
47105;0.377778;0.385185;0.125926;0.051852;0.044444;0.0;0.0;0.0;0.0;0.0;0.0;0.0;0.0;0.0;0.0;0.014815
47106;0.3;0.433333;0.2;0.066667;0.0;0.0;0.0;0.0;0.0;0.0;0.0;0.0;0.0;0.0;0.0;0.0
47109;0.344538;0.302521;0.235294;0.042017;0.067227;0.0;0.0;0.0;0.0;0.0;0.0;0.0;0.0;0.0;0.0;0.008403
47110;0.331288;0.260736;0.205521;0.092025;0.104294;0.0;0.0;0.0;0.0;0.0;0.0;0.0;0.0;0.0;0.0;0.006135
47111;0.364512;0.284732;0.19945;0.082531;0.061898;0.0;0.0;0.0;0.0;0.0;0.0;0.0;0.0;0.0;0.0;0.006878
47112;0.250521;0.392188;0.239583;0.071354;0.040104;0.0;0.0;0.0;0.0;0.0;0.0;0.0;0.0;0.0;0.0;0.00625
47113;0.372727;0.363636;0.145455;0.072727;0.036364;0.0;0.0;0.0;0.0;0.0;0.0;0.0;0.0;0.0;0.0;0.009091
47114;0.285256;0.315304;0.228766;0.086538;0.074119;0.0;0.0;0.0;0.0;0.0;0.0;0.0;0.0;0.0;0.0;0.010016
47115;0.161905;0.452381;0.304762;0.061905;0.019048;0.0;0.0;0.0;0.0;0.0;0.0;0.0;0.0;0.0;0.0;0.0
47116;0.27;0.4;0.18;0.066667;0.063333;0.0;0.0;0.0;0.0;0.0;0.0;0.0;0.0;0.0;0.0;0.02
47117;0.21466;0.34555;0.324607;0.078534;0.0;0.0;0.0;0.0;0.0;0.0;0.0;0.0;0.0;0.0;0.0;0.036649
47118;0.347368;0.4;0.105263;0.042105;0.105263;0.0;0.0;0.0;0.0;0.0;0.0;0.0;0.0;0.0;0.0;0.0
47119;0.214286;0.464286;0.107143;0.089286;0.053571;0.0;0.0;0.0;0.0;0.0;0.0;0.0;0.0;0.0;0.0;0.071429
47121;0.462121;0.272727;0.151515;0.070707;0.040404;0.0;0.0;0.0;0.0;0.0;0.0;0.0;0.0;0.0;0.0;0.002525
47122;0.33221;0.322776;0.170485;0.076146;0.092992;0.0;0.0;0.0;0.0;0.0;0.0;0.0;0.0;0.0;0.0;0.005391
47123;0.235955;0.365169;0.174157;0.081461;0.13764;0.0;0.0;0.0;0.0;0.0;0.0;0.0;0.0;0.0;0.0;0.005618
47124;0.286195;0.346801;0.158249;0.10101;0.104377;0.0;0.0;0.0;0.0;0.0;0.0;0.0;0.0;0.0;0.0;0.003367
47125;0.166667;0.52381;0.166667;0.047619;0.095238;0.0;0.0;0.0;0.0;0.0;0.0;0.0;0.0;0.0;0.0;0.0
47126;0.0;0.764706;0.205882;0.029412;0.0;0.0;0.0;0.0;0.0;0.0;0.0;0.0;0.0;0.0;0.0;0.0
47127;0.209302;0.395349;0.093023;0.116279;0.151163;0.0;0.0;0.0;0.0;0.0;0.0;0.0;0.0;0.0;0.0;0.034884
47128;0.046512;0.72093;0.186047;0.023256;0.023256;0.0;0.0;0.0;0.0;0.0;0.0;0.0;0.0;0.0;0.0;0.0
47129;0.355694;0.271451;0.174727;0.090484;0.074883;0.0;0.0;0.0;0.0;0.0;0.0;0.0;0.0;0.0;0.0;0.032761
47130;0.222222;0.333333;0.253968;0.126984;0.063492;0.0;0.0;0.0;0.0;0.0;0.0;0.0;0.0;0.0;0.0;0.0
47131;0.389831;0.279661;0.177966;0.084746;0.059322;0.0;0.0;0.0;0.0;0.0;0.0;0.0;0.0;0.0;0.0;0.008475
47132;0.129032;0.580645;0.290323;0.0;0.0;0.0;0.0;0.0;0.0;0.0;0.0;0.0;0.0;0.0;0.0;0.0
47133;0.279218;0.222983;0.240098;0.108068;0.132518;0.0;0.0;0.0;0.0;0.0;0.0;0.0;0.0;0.0;0.0;0.017115
47134;0.342105;0.403509;0.184211;0.04386;0.017544;0.0;0.0;0.0;0.0;0.0;0.0;0.0;0.0;0.0;0.0;0.008772
47135;0.387097;0.435484;0.129032;0.048387;0.0;0.0;0.0;0.0;0.0;0.0;0.0;0.0;0.0;0.0;0.0;0.0
47137;0.36;0.48;0.08;0.0;0.08;0.0;0.0;0.0;0.0;0.0;0.0;0.0;0.0;0.0;0.0;0.0
47138;0.343373;0.36747;0.192771;0.048193;0.042169;0.0;0.0;0.0;0.0;0.0;0.0;0.0;0.0;0.0;0.0;0.006024
47139;0.38042;0.240559;0.223776;0.086713;0.062937;0.0;0.0;0.0;0.0;0.0;0.0;0.0;0.0;0.0;0.0;0.005594
47140;0.144578;0.650602;0.120482;0.036145;0.036145;0.0;0.0;0.0;0.0;0.0;0.0;0.0;0.0;0.0;0.0;0.012048
47141;0.179775;0.606742;0.134831;0.078652;0.0;0.0;0.0;0.0;0.0;0.0;0.0;0.0;0.0;0.0;0.0;0.0
47142;0.141176;0.4;0.341176;0.082353;0.023529;0.0;0.0;0.0;0.0;0.0;0.0;0.0;0.0;0.0;0.0;0.011765
47143;0.164179;0.61194;0.134328;0.059701;0.029851;0.0;0.0;0.0;0.0;0.0;0.0;0.0;0.0;0.0;0.0;0.0
47144;0.196078;0.313725;0.352941;0.058824;0.039216;0.0;0.0;0.0;0.0;0.0;0.0;0.0;0.0;0.0;0.0;0.039216
47145;0.219048;0.395238;0.188095;0.057143;0.130952;0.0;0.0;0.0;0.0;0.0;0.0;0.0;0.0;0.0;0.0;0.009524
47146;0.389671;0.14554;0.215962;0.070423;0.14554;0.0;0.0;0.0;0.0;0.0;0.0;0.0;0.0;0.0;0.0;0.032864
47147;0.182927;0.54878;0.134146;0.085366;0.04878;0.0;0.0;0.0;0.0;0.0;0.0;0.0;0.0;0.0;0.0;0.0
47148;0.258567;0.380062;0.218069;0.084112;0.046729;0.0;0.0;0.0;0.0;0.0;0.0;0.0;0.0;0.0;0.0;0.012461
47149;0.129032;0.258065;0.032258;0.096774;0.387097;0.0;0.0;0.0;0.0;0.0;0.0;0.0;0.0;0.0;0.0;0.096774
47150;0.288043;0.396739;0.13587;0.086957;0.081522;0.0;0.0;0.0;0.0;0.0;0.0;0.0;0.0;0.0;0.0;0.01087
47151;0.090909;0.590909;0.090909;0.0;0.181818;0.0;0.0;0.0;0.0;0.0;0.0;0.0;0.0;0.0;0.0;0.045455
47152;0.542373;0.186441;0.169492;0.033898;0.067797;0.0;0.0;0.0;0.0;0.0;0.0;0.0;0.0;0.0;0.0;0.0
47153;0.191176;0.5;0.176471;0.0;0.132353;0.0;0.0;0.0;0.0;0.0;0.0;0.0;0.0;0.0;0.0;0.0
47154;0.219048;0.504762;0.104762;0.047619;0.114286;0.0;0.0;0.0;0.0;0.0;0.0;0.0;0.0;0.0;0.0;0.009524
47155;0.28037;0.213115;0.246742;0.098361;0.140395;0.0;0.0;0.0;0.0;0.0;0.0;0.0;0.0;0.0;0.0;0.021017
47156;0.196581;0.376068;0.282051;0.034188;0.102564;0.0;0.0;0.0;0.0;0.0;0.0;0.0;0.0;0.0;0.0;0.008547
47157;0.339241;0.296203;0.2;0.048101;0.108861;0.0;0.0;0.0;0.0;0.0;0.0;0.0;0.0;0.0;0.0;0.007595
47158;0.445364;0.210265;0.19702;0.046358;0.097682;0.0;0.0;0.0;0.0;0.0;0.0;0.0;0.0;0.0;0.0;0.003311
47159;0.390318;0.291982;0.173979;0.066566;0.072617;0.0;0.0;0.0;0.0;0.0;0.0;0.0;0.0;0.0;0.0;0.004539
47160;0.305842;0.398625;0.175258;0.04811;0.072165;0.0;0.0;0.0;0.0;0.0;0.0;0.0;0.0;0.0;0.0;0.0
47161;0.187602;0.371941;0.242741;0.093964;0.092333;0.0;0.0;0.0;0.0;0.0;0.0;0.0;0.0;0.0;0.0;0.011419
47162;0.109091;0.4;0.290909;0.109091;0.036364;0.0;0.0;0.0;0.0;0.0;0.0;0.0;0.0;0.0;0.0;0.054545
47163;0.460396;0.242574;0.10396;0.049505;0.138614;0.0;0.0;0.0;0.0;0.0;0.0;0.0;0.0;0.0;0.0;0.00495
47164;0.35;0.364286;0.189286;0.042857;0.05;0.0;0.0;0.0;0.0;0.0;0.0;0.0;0.0;0.0;0.0;0.003571
47165;0.234664;0.311857;0.272128;0.089131;0.082956;0.0;0.0;0.0;0.0;0.0;0.0;0.0;0.0;0.0;0.0;0.009263
47166;0.24581;0.396648;0.223464;0.078212;0.03352;0.0;0.0;0.0;0.0;0.0;0.0;0.0;0.0;0.0;0.0;0.022346
47167;0.335025;0.411168;0.137056;0.091371;0.020305;0.0;0.0;0.0;0.0;0.0;0.0;0.0;0.0;0.0;0.0;0.005076
47168;0.04;0.36;0.48;0.0;0.12;0.0;0.0;0.0;0.0;0.0;0.0;0.0;0.0;0.0;0.0;0.0
47169;0.057692;0.673077;0.173077;0.096154;0.0;0.0;0.0;0.0;0.0;0.0;0.0;0.0;0.0;0.0;0.0;0.0
47170;0.4;0.233333;0.133333;0.2;0.033333;0.0;0.0;0.0;0.0;0.0;0.0;0.0;0.0;0.0;0.0;0.0
47171;0.234875;0.427046;0.213523;0.085409;0.02847;0.0;0.0;0.0;0.0;0.0;0.0;0.0;0.0;0.0;0.0;0.010676
47172;0.309735;0.283186;0.168142;0.070796;0.150442;0.0;0.0;0.0;0.0;0.0;0.0;0.0;0.0;0.0;0.0;0.017699
47173;0.427406;0.21044;0.161501;0.076672;0.109299;0.0;0.0;0.0;0.0;0.0;0.0;0.0;0.0;0.0;0.0;0.014682
47174;0.272727;0.291866;0.191388;0.062201;0.138756;0.0;0.0;0.0;0.0;0.0;0.0;0.0;0.0;0.0;0.0;0.043062
47175;0.338519;0.218834;0.196017;0.092719;0.137316;0.0;0.0;0.0;0.0;0.0;0.0;0.0;0.0;0.0;0.0;0.016594
47176;0.236364;0.490909;0.209091;0.054545;0.009091;0.0;0.0;0.0;0.0;0.0;0.0;0.0;0.0;0.0;0.0;0.0
47177;0.346154;0.371795;0.128205;0.051282;0.102564;0.0;0.0;0.0;0.0;0.0;0.0;0.0;0.0;0.0;0.0;0.0
47178;0.286885;0.409836;0.163934;0.065574;0.07377;0.0;0.0;0.0;0.0;0.0;0.0;0.0;0.0;0.0;0.0;0.0
47179;0.309524;0.373016;0.123016;0.099206;0.09127;0.0;0.0;0.0;0.0;0.0;0.0;0.0;0.0;0.0;0.0;0.003968
47180;0.225;0.35;0.225;0.1;0.05;0.0;0.0;0.0;0.0;0.0;0.0;0.0;0.0;0.0;0.0;0.05
47181;0.313433;0.313433;0.201493;0.08209;0.089552;0.0;0.0;0.0;0.0;0.0;0.0;0.0;0.0;0.0;0.0;0.0
47182;0.315335;0.234341;0.25054;0.112311;0.087473;0.0;0.0;0.0;0.0;0.0;0.0;0.0;0.0;0.0;0.0;0.0
47183;0.232323;0.373737;0.262626;0.111111;0.020202;0.0;0.0;0.0;0.0;0.0;0.0;0.0;0.0;0.0;0.0;0.0
47184;0.201995;0.441397;0.209476;0.0798;0.049875;0.0;0.0;0.0;0.0;0.0;0.0;0.0;0.0;0.0;0.0;0.017456
47185;0.266667;0.383333;0.15;0.083333;0.1;0.0;0.0;0.0;0.0;0.0;0.0;0.0;0.0;0.0;0.0;0.016667
47186;0.317046;0.30179;0.160813;0.087468;0.117476;0.0;0.0;0.0;0.0;0.0;0.0;0.0;0.0;0.0;0.0;0.015407
47187;0.204082;0.469388;0.244898;0.061224;0.020408;0.0;0.0;0.0;0.0;0.0;0.0;0.0;0.0;0.0;0.0;0.0
47188;0.228571;0.457143;0.171429;0.085714;0.057143;0.0;0.0;0.0;0.0;0.0;0.0;0.0;0.0;0.0;0.0;0.0
47189;0.231405;0.46281;0.214876;0.041322;0.049587;0.0;0.0;0.0;0.0;0.0;0.0;0.0;0.0;0.0;0.0;0.0
47190;0.27027;0.459459;0.148649;0.067568;0.040541;0.0;0.0;0.0;0.0;0.0;0.0;0.0;0.0;0.0;0.0;0.013514
47191;0.185185;0.320988;0.246914;0.074074;0.148148;0.0;0.0;0.0;0.0;0.0;0.0;0.0;0.0;0.0;0.0;0.024691
47192;0.260274;0.410959;0.205479;0.013699;0.109589;0.0;0.0;0.0;0.0;0.0;0.0;0.0;0.0;0.0;0.0;0.0
47193;0.314845;0.243883;0.207178;0.079119;0.141925;0.0;0.0;0.0;0.0;0.0;0.0;0.0;0.0;0.0;0.0;0.013051
47194;0.309735;0.20354;0.10177;0.061947;0.309735;0.0;0.0;0.0;0.0;0.0;0.0;0.0;0.0;0.0;0.0;0.013274
47195;0.366883;0.217532;0.178571;0.071429;0.159091;0.0;0.0;0.0;0.0;0.0;0.0;0.0;0.0;0.0;0.0;0.006494
47196;0.047619;0.619048;0.190476;0.142857;0.0;0.0;0.0;0.0;0.0;0.0;0.0;0.0;0.0;0.0;0.0;0.0
47197;0.310665;0.313756;0.287481;0.057187;0.027821;0.0;0.0;0.0;0.0;0.0;0.0;0.0;0.0;0.0;0.0;0.003091
47198;0.186047;0.348837;0.325581;0.023256;0.116279;0.0;0.0;0.0;0.0;0.0;0.0;0.0;0.0;0.0;0.0;0.0
47199;0.436364;0.4;0.054545;0.018182;0.072727;0.0;0.0;0.0;0.0;0.0;0.0;0.0;0.0;0.0;0.0;0.018182
47200;0.166667;0.5;0.216667;0.033333;0.066667;0.0;0.0;0.0;0.0;0.0;0.0;0.0;0.0;0.0;0.0;0.016667
47203;0.1;0.5;0.325;0.05;0.025;0.0;0.0;0.0;0.0;0.0;0.0;0.0;0.0;0.0;0.0;0.0
47204;0.292208;0.363636;0.305195;0.0;0.032468;0.0;0.0;0.0;0.0;0.0;0.0;0.0;0.0;0.0;0.0;0.006494
47205;0.173554;0.417355;0.260331;0.082645;0.053719;0.0;0.0;0.0;0.0;0.0;0.0;0.0;0.0;0.0;0.0;0.012397
47206;0.454545;0.393939;0.090909;0.015152;0.045455;0.0;0.0;0.0;0.0;0.0;0.0;0.0;0.0;0.0;0.0;0.0
47207;0.213542;0.484375;0.239583;0.036458;0.020833;0.0;0.0;0.0;0.0;0.0;0.0;0.0;0.0;0.0;0.0;0.005208
47208;0.088235;0.441176;0.088235;0.088235;0.264706;0.0;0.0;0.0;0.0;0.0;0.0;0.0;0.0;0.0;0.0;0.029412
47209;0.217391;0.26087;0.130435;0.043478;0.304348;0.0;0.0;0.0;0.0;0.0;0.0;0.0;0.0;0.0;0.0;0.043478
47210;0.290441;0.360294;0.253676;0.036765;0.055147;0.0;0.0;0.0;0.0;0.0;0.0;0.0;0.0;0.0;0.0;0.003676
47211;0.083333;0.5;0.361111;0.055556;0.0;0.0;0.0;0.0;0.0;0.0;0.0;0.0;0.0;0.0;0.0;0.0
47212;0.215548;0.40636;0.321555;0.024735;0.021201;0.0;0.0;0.0;0.0;0.0;0.0;0.0;0.0;0.0;0.0;0.010601
47213;0.333333;0.435897;0.115385;0.025641;0.064103;0.0;0.0;0.0;0.0;0.0;0.0;0.0;0.0;0.0;0.0;0.025641
47214;0.272189;0.501972;0.123274;0.038462;0.061144;0.0;0.0;0.0;0.0;0.0;0.0;0.0;0.0;0.0;0.0;0.002959
47215;0.209302;0.581395;0.046512;0.116279;0.046512;0.0;0.0;0.0;0.0;0.0;0.0;0.0;0.0;0.0;0.0;0.0
47216;0.010989;0.340659;0.549451;0.076923;0.021978;0.0;0.0;0.0;0.0;0.0;0.0;0.0;0.0;0.0;0.0;0.0
47217;0.270687;0.241234;0.252454;0.09467;0.129032;0.0;0.0;0.0;0.0;0.0;0.0;0.0;0.0;0.0;0.0;0.011921
47218;0.344924;0.240612;0.180807;0.054242;0.16968;0.0;0.0;0.0;0.0;0.0;0.0;0.0;0.0;0.0;0.0;0.009736
47219;0.407407;0.296296;0.259259;0.037037;0.0;0.0;0.0;0.0;0.0;0.0;0.0;0.0;0.0;0.0;0.0;0.0
47220;0.153846;0.548077;0.163462;0.086538;0.048077;0.0;0.0;0.0;0.0;0.0;0.0;0.0;0.0;0.0;0.0;0.0
47221;0.253012;0.493976;0.156627;0.048193;0.048193;0.0;0.0;0.0;0.0;0.0;0.0;0.0;0.0;0.0;0.0;0.0
47222;0.231884;0.275362;0.362319;0.072464;0.043478;0.0;0.0;0.0;0.0;0.0;0.0;0.0;0.0;0.0;0.0;0.014493
47223;0.326531;0.316327;0.265306;0.05102;0.040816;0.0;0.0;0.0;0.0;0.0;0.0;0.0;0.0;0.0;0.0;0.0
47224;0.283784;0.22973;0.256757;0.081081;0.108108;0.0;0.0;0.0;0.0;0.0;0.0;0.0;0.0;0.0;0.0;0.040541
47225;0.172414;0.517241;0.241379;0.034483;0.017241;0.0;0.0;0.0;0.0;0.0;0.0;0.0;0.0;0.0;0.0;0.017241
47226;0.473684;0.280702;0.114035;0.04386;0.078947;0.0;0.0;0.0;0.0;0.0;0.0;0.0;0.0;0.0;0.0;0.008772
47227;0.285714;0.314286;0.257143;0.114286;0.028571;0.0;0.0;0.0;0.0;0.0;0.0;0.0;0.0;0.0;0.0;0.0
47228;0.314465;0.305031;0.257862;0.08805;0.034591;0.0;0.0;0.0;0.0;0.0;0.0;0.0;0.0;0.0;0.0;0.0
47229;0.409396;0.342282;0.167785;0.033557;0.04698;0.0;0.0;0.0;0.0;0.0;0.0;0.0;0.0;0.0;0.0;0.0
47230;0.346341;0.331707;0.185366;0.063415;0.073171;0.0;0.0;0.0;0.0;0.0;0.0;0.0;0.0;0.0;0.0;0.0
47231;0.278674;0.234865;0.229693;0.113782;0.123517;0.0;0.0;0.0;0.0;0.0;0.0;0.0;0.0;0.0;0.0;0.019471
47232;0.169231;0.353846;0.276923;0.123077;0.076923;0.0;0.0;0.0;0.0;0.0;0.0;0.0;0.0;0.0;0.0;0.0
48001;0.177805;0.063872;0.020962;0.014303;0.165228;0.0;0.0;0.0;0.282367;0.265598;0.0;0.0;0.0;0.0;0.0;0.009864
48002;0.218456;0.030577;0.017683;0.005157;0.235402;0.0;0.0;0.0;0.332658;0.150304;0.0;0.0;0.0;0.0;0.0;0.009762
48003;0.137901;0.033915;0.011402;0.00614;0.143651;0.0;0.0;0.0;0.399766;0.258942;0.0;0.0;0.0;0.0;0.0;0.008284
48004;0.016393;0.0;0.0;0.0;0.045082;0.0;0.0;0.0;0.483607;0.45082;0.0;0.0;0.0;0.0;0.0;0.004098
48005;0.088608;0.0;0.025316;0.012658;0.177215;0.0;0.0;0.0;0.35443;0.341772;0.0;0.0;0.0;0.0;0.0;0.0
48006;0.054852;0.004219;0.0;0.0;0.113924;0.0;0.0;0.0;0.337553;0.476793;0.0;0.0;0.0;0.0;0.0;0.012658
48007;0.00823;0.004115;0.00823;0.0;0.065844;0.0;0.0;0.0;0.407407;0.502058;0.0;0.0;0.0;0.0;0.0;0.004115
48008;0.064516;0.01737;0.009926;0.002481;0.141439;0.0;0.0;0.0;0.568238;0.17866;0.0;0.0;0.0;0.0;0.0;0.01737
48009;0.051903;0.020761;0.00346;0.0;0.065744;0.0;0.0;0.0;0.429066;0.425606;0.0;0.0;0.0;0.0;0.0;0.00346
48010;0.023392;0.005848;0.0;0.005848;0.134503;0.0;0.0;0.0;0.546784;0.27193;0.0;0.0;0.0;0.0;0.0;0.011696
48011;0.183655;0.053734;0.019159;0.007634;0.195031;0.0;0.0;0.0;0.337524;0.19084;0.0;0.0;0.0;0.0;0.0;0.012423
48012;0.041901;0.028143;0.006254;0.005629;0.107567;0.0;0.0;0.0;0.480926;0.322702;0.0;0.0;0.0;0.0;0.0;0.006879
48013;0.292393;0.088002;0.029523;0.013277;0.214983;0.0;0.0;0.0;0.265367;0.084484;0.0;0.0;0.0;0.0;0.0;0.011972
48014;0.117365;0.061078;0.007186;0.008383;0.166467;0.0;0.0;0.0;0.411976;0.219162;0.0;0.0;0.0;0.0;0.0;0.008383
48015;0.264334;0.081716;0.022754;0.012551;0.184424;0.0;0.0;0.0;0.319458;0.104018;0.0;0.0;0.0;0.0;0.0;0.010745
48016;0.142674;0.098617;0.025359;0.01127;0.161373;0.0;0.0;0.0;0.384221;0.163166;0.0;0.0;0.0;0.0;0.0;0.01332
48017;0.068997;0.01346;0.004864;0.002036;0.113675;0.0;0.0;0.0;0.536365;0.254835;0.0;0.0;0.0;0.0;0.0;0.005769
48018;0.041441;0.005405;0.007207;0.0;0.054054;0.0;0.0;0.0;0.454054;0.430631;0.0;0.0;0.0;0.0;0.0;0.007207
48019;0.168127;0.045474;0.017939;0.012516;0.175636;0.0;0.0;0.0;0.336671;0.236546;0.0;0.0;0.0;0.0;0.0;0.007092
48020;0.1989;0.120989;0.030641;0.013049;0.168664;0.0;0.0;0.0;0.34776;0.110041;0.0;0.0;0.0;0.0;0.0;0.009956
48021;0.067797;0.031638;0.00452;0.00339;0.117514;0.0;0.0;0.0;0.502825;0.267797;0.0;0.0;0.0;0.0;0.0;0.00452
48022;0.133663;0.033946;0.019802;0.007779;0.131542;0.0;0.0;0.0;0.532532;0.136492;0.0;0.0;0.0;0.0;0.0;0.004243
48023;0.020089;0.017857;0.008929;0.002232;0.089286;0.0;0.0;0.0;0.486607;0.372768;0.0;0.0;0.0;0.0;0.0;0.002232
48024;0.01731;0.013316;0.002663;0.003995;0.081225;0.0;0.0;0.0;0.492676;0.38482;0.0;0.0;0.0;0.0;0.0;0.003995
48025;0.027273;0.004545;0.004545;0.006061;0.110606;0.0;0.0;0.0;0.492424;0.35;0.0;0.0;0.0;0.0;0.0;0.004545
48026;0.013253;0.006024;0.007229;0.003614;0.084337;0.0;0.0;0.0;0.373494;0.504819;0.0;0.0;0.0;0.0;0.0;0.007229
48027;0.14959;0.066837;0.016289;0.009264;0.156988;0.0;0.0;0.0;0.362969;0.231348;0.0;0.0;0.0;0.0;0.0;0.006715
48028;0.007339;0.00367;0.007339;0.0;0.056881;0.0;0.0;0.0;0.445872;0.477064;0.0;0.0;0.0;0.0;0.0;0.001835
48029;0.244905;0.073338;0.034748;0.016372;0.236552;0.0;0.0;0.0;0.307384;0.076345;0.0;0.0;0.0;0.0;0.0;0.010358
48030;0.017978;0.004494;0.002247;0.0;0.044944;0.0;0.0;0.0;0.550562;0.377528;0.0;0.0;0.0;0.0;0.0;0.002247
48031;0.00905;0.004525;0.0;0.004525;0.036199;0.0;0.0;0.0;0.538462;0.40724;0.0;0.0;0.0;0.0;0.0;0.0
48032;0.129002;0.050377;0.009181;0.006591;0.12194;0.0;0.0;0.0;0.332156;0.346516;0.0;0.0;0.0;0.0;0.0;0.004237
48033;0.024845;0.012422;0.006211;0.006211;0.080745;0.0;0.0;0.0;0.465839;0.397516;0.0;0.0;0.0;0.0;0.0;0.006211
48034;0.301911;0.139896;0.028141;0.024435;0.196294;0.0;0.0;0.0;0.191314;0.108512;0.0;0.0;0.0;0.0;0.0;0.009496
48035;0.019108;0.022293;0.0;0.006369;0.127389;0.0;0.0;0.0;0.522293;0.299363;0.0;0.0;0.0;0.0;0.0;0.003185
48036;0.179905;0.058561;0.021784;0.010341;0.180211;0.0;0.0;0.0;0.351854;0.187982;0.0;0.0;0.0;0.0;0.0;0.009362
48037;0.078351;0.008247;0.006186;0.002062;0.152577;0.0;0.0;0.0;0.507216;0.239175;0.0;0.0;0.0;0.0;0.0;0.006186
48038;0.049517;0.020531;0.002415;0.003623;0.115942;0.0;0.0;0.0;0.532609;0.268116;0.0;0.0;0.0;0.0;0.0;0.007246
48039;0.027523;0.022936;0.027523;0.013761;0.06422;0.0;0.0;0.0;0.509174;0.330275;0.0;0.0;0.0;0.0;0.0;0.004587
48040;0.053319;0.02938;0.018498;0.003264;0.114255;0.0;0.0;0.0;0.522307;0.255713;0.0;0.0;0.0;0.0;0.0;0.003264
48041;0.022099;0.016575;0.01105;0.003683;0.099448;0.0;0.0;0.0;0.576427;0.265193;0.0;0.0;0.0;0.0;0.0;0.005525
48042;0.108863;0.078998;0.021195;0.012524;0.126204;0.0;0.0;0.0;0.539499;0.104046;0.0;0.0;0.0;0.0;0.0;0.008671
48043;0.08472;0.049017;0.011195;0.007262;0.14947;0.0;0.0;0.0;0.49289;0.197277;0.0;0.0;0.0;0.0;0.0;0.008169
48044;0.133657;0.190175;0.035743;0.014163;0.12099;0.0;0.0;0.0;0.377066;0.120275;0.0;0.0;0.0;0.0;0.0;0.00793
48045;0.133666;0.03729;0.019433;0.006303;0.164391;0.0;0.0;0.0;0.436975;0.194065;0.0;0.0;0.0;0.0;0.0;0.007878
48046;0.089489;0.028745;0.008244;0.005966;0.106085;0.0;0.0;0.0;0.469682;0.283979;0.0;0.0;0.0;0.0;0.0;0.00781
48047;0.0;0.0;0.0;0.0;0.067961;0.0;0.0;0.0;0.300971;0.621359;0.0;0.0;0.0;0.0;0.0;0.009709
48048;0.034483;0.007958;0.0;0.002653;0.106101;0.0;0.0;0.0;0.496021;0.344828;0.0;0.0;0.0;0.0;0.0;0.007958
48049;0.021792;0.002421;0.007264;0.002421;0.087167;0.0;0.0;0.0;0.513317;0.358354;0.0;0.0;0.0;0.0;0.0;0.007264
48050;0.035461;0.007092;0.0;0.0;0.070922;0.0;0.0;0.0;0.368794;0.51773;0.0;0.0;0.0;0.0;0.0;0.0
48051;0.146667;0.06;0.013333;0.006667;0.173333;0.0;0.0;0.0;0.453333;0.14;0.0;0.0;0.0;0.0;0.0;0.006667
48052;0.029876;0.016598;0.005809;0.00249;0.088797;0.0;0.0;0.0;0.356846;0.494606;0.0;0.0;0.0;0.0;0.0;0.004979
48053;0.067529;0.139368;0.014368;0.007184;0.056034;0.0;0.0;0.0;0.551724;0.156609;0.0;0.0;0.0;0.0;0.0;0.007184
48054;0.195594;0.094993;0.029013;0.01402;0.182203;0.0;0.0;0.0;0.368355;0.106552;0.0;0.0;0.0;0.0;0.0;0.00927
48055;0.100775;0.033223;0.011074;0.003876;0.124031;0.0;0.0;0.0;0.41196;0.305648;0.0;0.0;0.0;0.0;0.0;0.009413
48056;0.033103;0.015172;0.008276;0.004138;0.126897;0.0;0.0;0.0;0.502069;0.308966;0.0;0.0;0.0;0.0;0.0;0.001379
48057;0.031943;0.011948;0.001707;0.001707;0.07169;0.0;0.0;0.0;0.443794;0.43526;0.0;0.0;0.0;0.0;0.0;0.001951
48058;0.094535;0.020679;0.005908;0.011817;0.109306;0.0;0.0;0.0;0.38257;0.367799;0.0;0.0;0.0;0.0;0.0;0.007386
48059;0.043771;0.020202;0.003367;0.0;0.047138;0.0;0.0;0.0;0.444444;0.441077;0.0;0.0;0.0;0.0;0.0;0.0
48060;0.041147;0.017872;0.001663;0.002494;0.084372;0.0;0.0;0.0;0.485037;0.366168;0.0;0.0;0.0;0.0;0.0;0.001247
48061;0.055092;0.036728;0.010017;0.005008;0.1202;0.0;0.0;0.0;0.530885;0.227045;0.0;0.0;0.0;0.0;0.0;0.015025
48062;0.004237;0.0;0.008475;0.0;0.072034;0.0;0.0;0.0;0.563559;0.347458;0.0;0.0;0.0;0.0;0.0;0.004237
48063;0.031873;0.011952;0.003984;0.0;0.087649;0.0;0.0;0.0;0.430279;0.426295;0.0;0.0;0.0;0.0;0.0;0.007968
48064;0.036876;0.006508;0.004338;0.0;0.073753;0.0;0.0;0.0;0.470716;0.399132;0.0;0.0;0.0;0.0;0.0;0.008677
48065;0.132442;0.043141;0.010785;0.004745;0.156169;0.0;0.0;0.0;0.402071;0.243313;0.0;0.0;0.0;0.0;0.0;0.007334
48066;0.004098;0.004098;0.0;0.0;0.07377;0.0;0.0;0.0;0.614754;0.303279;0.0;0.0;0.0;0.0;0.0;0.0
48067;0.03354;0.013665;0.0;0.001242;0.074534;0.0;0.0;0.0;0.458385;0.417391;0.0;0.0;0.0;0.0;0.0;0.001242
48068;0.026132;0.013066;0.000871;0.001742;0.093206;0.0;0.0;0.0;0.600174;0.261324;0.0;0.0;0.0;0.0;0.0;0.003484
48069;0.095092;0.064346;0.025255;0.008235;0.139014;0.0;0.0;0.0;0.485121;0.176458;0.0;0.0;0.0;0.0;0.0;0.006479
48070;0.028169;0.002817;0.0;0.0;0.053521;0.0;0.0;0.0;0.290141;0.622535;0.0;0.0;0.0;0.0;0.0;0.002817
48071;0.243185;0.031564;0.017695;0.005261;0.187709;0.0;0.0;0.0;0.371114;0.136538;0.0;0.0;0.0;0.0;0.0;0.006934
48072;0.041609;0.019417;0.002774;0.0;0.069348;0.0;0.0;0.0;0.371706;0.489598;0.0;0.0;0.0;0.0;0.0;0.005548
48073;0.045465;0.021964;0.005491;0.001977;0.100154;0.0;0.0;0.0;0.356249;0.465407;0.0;0.0;0.0;0.0;0.0;0.003295
48074;0.1169;0.056042;0.024518;0.006567;0.124343;0.0;0.0;0.0;0.411559;0.255254;0.0;0.0;0.0;0.0;0.0;0.004816
48075;0.066711;0.034023;0.014009;0.002001;0.127418;0.0;0.0;0.0;0.507005;0.246164;0.0;0.0;0.0;0.0;0.0;0.002668
48076;0.071429;0.019048;0.019048;0.0;0.057143;0.0;0.0;0.0;0.609524;0.22381;0.0;0.0;0.0;0.0;0.0;0.0
48077;0.084215;0.053295;0.014646;0.006103;0.14524;0.0;0.0;0.0;0.480879;0.203824;0.0;0.0;0.0;0.0;0.0;0.011798
48078;0.302393;0.087795;0.022524;0.009976;0.200725;0.0;0.0;0.0;0.271179;0.095355;0.0;0.0;0.0;0.0;0.0;0.010054
48079;0.024476;0.017483;0.003497;0.0;0.115385;0.0;0.0;0.0;0.454545;0.374126;0.0;0.0;0.0;0.0;0.0;0.01049
48080;0.275004;0.043858;0.021633;0.009335;0.204327;0.0;0.0;0.0;0.30849;0.127426;0.0;0.0;0.0;0.0;0.0;0.009927
48081;0.070139;0.031944;0.009722;0.004861;0.097917;0.0;0.0;0.0;0.574306;0.204861;0.0;0.0;0.0;0.0;0.0;0.00625
48082;0.261121;0.070242;0.025916;0.010902;0.205934;0.0;0.0;0.0;0.289593;0.127426;0.0;0.0;0.0;0.0;0.0;0.008865
48083;0.247892;0.038153;0.018128;0.007378;0.277403;0.0;0.0;0.0;0.289418;0.113828;0.0;0.0;0.0;0.0;0.0;0.007799
48084;0.301649;0.067644;0.022477;0.011485;0.221463;0.0;0.0;0.0;0.260217;0.102734;0.0;0.0;0.0;0.0;0.0;0.012331
48085;0.113267;0.043917;0.014421;0.009701;0.195988;0.0;0.0;0.0;0.408757;0.202281;0.0;0.0;0.0;0.0;0.0;0.011668
48086;0.112343;0.034738;0.019956;0.00813;0.215817;0.0;0.0;0.0;0.405026;0.193644;0.0;0.0;0.0;0.0;0.0;0.010347
48087;0.162651;0.066265;0.009036;0.003012;0.090361;0.0;0.0;0.0;0.560241;0.105422;0.0;0.0;0.0;0.0;0.0;0.003012
48088;0.052632;0.010526;0.0;0.0;0.052632;0.0;0.0;0.0;0.231579;0.621053;0.0;0.0;0.0;0.0;0.0;0.031579
48089;0.102433;0.042779;0.014521;0.012559;0.184066;0.0;0.0;0.0;0.430534;0.204867;0.0;0.0;0.0;0.0;0.0;0.008242
48090;0.21415;0.057501;0.020587;0.008282;0.157123;0.0;0.0;0.0;0.420256;0.116895;0.0;0.0;0.0;0.0;0.0;0.005206
48091;0.091755;0.021277;0.005319;0.003989;0.087766;0.0;0.0;0.0;0.390957;0.393617;0.0;0.0;0.0;0.0;0.0;0.005319
48092;0.076033;0.026446;0.026446;0.003306;0.127273;0.0;0.0;0.0;0.527273;0.204959;0.0;0.0;0.0;0.0;0.0;0.008264
48093;0.072617;0.036309;0.009077;0.003026;0.083207;0.0;0.0;0.0;0.408472;0.379728;0.0;0.0;0.0;0.0;0.0;0.007564
48094;0.073361;0.021091;0.008253;0.002293;0.081155;0.0;0.0;0.0;0.469968;0.340669;0.0;0.0;0.0;0.0;0.0;0.00321
48095;0.189364;0.073281;0.007134;0.011025;0.169261;0.0;0.0;0.0;0.29572;0.252918;0.0;0.0;0.0;0.0;0.0;0.001297
48096;0.156596;0.040142;0.016935;0.005854;0.160778;0.0;0.0;0.0;0.48756;0.123981;0.0;0.0;0.0;0.0;0.0;0.008154
48097;0.152968;0.045662;0.018265;0.002283;0.167808;0.0;0.0;0.0;0.359589;0.245434;0.0;0.0;0.0;0.0;0.0;0.007991
48901;0.203653;0.057252;0.02181;0.01145;0.178299;0.0;0.0;0.0;0.373773;0.142857;0.0;0.0;0.0;0.0;0.0;0.010905
48902;0.234541;0.059529;0.022731;0.010571;0.184708;0.0;0.0;0.0;0.34756;0.129391;0.0;0.0;0.0;0.0;0.0;0.010968
48903;0.069681;0.088955;0.020015;0.008154;0.116383;0.0;0.0;0.0;0.577465;0.1149;0.0;0.0;0.0;0.0;0.0;0.004448
48904;0.120095;0.071344;0.010702;0.009116;0.144273;0.0;0.0;0.0;0.487119;0.149029;0.0;0.0;0.0;0.0;0.0;0.008323
48905;0.124287;0.034208;0.011973;0.004561;0.124287;0.0;0.0;0.0;0.466363;0.22862;0.0;0.0;0.0;0.0;0.0;0.005701
48906;0.053114;0.021978;0.007326;0.007326;0.07326;0.0;0.0;0.0;0.521978;0.309524;0.0;0.0;0.0;0.0;0.0;0.005495
48907;0.007326;0.0;0.0;0.0;0.065934;0.0;0.0;0.0;0.575092;0.347985;0.0;0.0;0.0;0.0;0.0;0.003663
48908;0.047847;0.0;0.0;0.009569;0.033493;0.0;0.0;0.0;0.564593;0.339713;0.0;0.0;0.0;0.0;0.0;0.004785
48909;0.0;0.0;0.0;0.0;0.050955;0.0;0.0;0.0;0.369427;0.579618;0.0;0.0;0.0;0.0;0.0;0.0
48910;0.197307;0.072501;0.022786;0.007768;0.127913;0.0;0.0;0.0;0.312791;0.254272;0.0;0.0;0.0;0.0;0.0;0.004661
48911;0.0;0.013289;0.0;0.0;0.063123;0.0;0.0;0.0;0.352159;0.568106;0.0;0.0;0.0;0.0;0.0;0.003322
48912;0.158243;0.034296;0.020457;0.009025;0.158845;0.0;0.0;0.0;0.38929;0.22142;0.0;0.0;0.0;0.0;0.0;0.008424
48913;0.096372;0.031746;0.014739;0.005669;0.160998;0.0;0.0;0.0;0.495465;0.190476;0.0;0.0;0.0;0.0;0.0;0.004535
48914;0.010909;0.0;0.0;0.0;0.036364;0.0;0.0;0.0;0.549091;0.403636;0.0;0.0;0.0;0.0;0.0;0.0
48915;0.020576;0.020576;0.0;0.0;0.024691;0.0;0.0;0.0;0.419753;0.514403;0.0;0.0;0.0;0.0;0.0;0.0
49002;0.325;0.25;0.025;0.275;0.125;0.0;0.0;0.0;0.0;0.0;0.0;0.0;0.0;0.0;0.0;0.0
49003;0.28381;0.44;0.180952;0.049524;0.034286;0.0;0.0;0.0;0.0;0.0;0.0;0.0;0.0;0.0;0.0;0.011429
49004;0.205882;0.5;0.073529;0.073529;0.102941;0.0;0.0;0.0;0.0;0.0;0.0;0.0;0.0;0.0;0.0;0.044118
49005;0.329114;0.303797;0.316456;0.050633;0.0;0.0;0.0;0.0;0.0;0.0;0.0;0.0;0.0;0.0;0.0;0.0
49006;0.336957;0.358696;0.130435;0.086957;0.076087;0.0;0.0;0.0;0.0;0.0;0.0;0.0;0.0;0.0;0.0;0.01087
49007;0.464602;0.283186;0.110619;0.070796;0.070796;0.0;0.0;0.0;0.0;0.0;0.0;0.0;0.0;0.0;0.0;0.0
49008;0.383721;0.294574;0.263566;0.031008;0.023256;0.0;0.0;0.0;0.0;0.0;0.0;0.0;0.0;0.0;0.0;0.003876
49009;0.243028;0.474104;0.167331;0.051793;0.051793;0.0;0.0;0.0;0.0;0.0;0.0;0.0;0.0;0.0;0.0;0.011952
49010;0.443548;0.209677;0.177419;0.076613;0.056452;0.0;0.0;0.0;0.0;0.0;0.0;0.0;0.0;0.0;0.0;0.03629
49011;0.113475;0.411348;0.312057;0.06383;0.078014;0.0;0.0;0.0;0.0;0.0;0.0;0.0;0.0;0.0;0.0;0.021277
49012;0.352941;0.294118;0.264706;0.058824;0.029412;0.0;0.0;0.0;0.0;0.0;0.0;0.0;0.0;0.0;0.0;0.0
49013;0.383648;0.314465;0.232704;0.050314;0.012579;0.0;0.0;0.0;0.0;0.0;0.0;0.0;0.0;0.0;0.0;0.006289
49014;0.317073;0.439024;0.146341;0.036585;0.04878;0.0;0.0;0.0;0.0;0.0;0.0;0.0;0.0;0.0;0.0;0.012195
49015;0.354839;0.445161;0.116129;0.045161;0.03871;0.0;0.0;0.0;0.0;0.0;0.0;0.0;0.0;0.0;0.0;0.0
49016;0.354839;0.341935;0.180645;0.064516;0.058065;0.0;0.0;0.0;0.0;0.0;0.0;0.0;0.0;0.0;0.0;0.0
49017;0.16;0.594286;0.137143;0.034286;0.051429;0.0;0.0;0.0;0.0;0.0;0.0;0.0;0.0;0.0;0.0;0.022857
49018;0.441489;0.37234;0.111702;0.042553;0.010638;0.0;0.0;0.0;0.0;0.0;0.0;0.0;0.0;0.0;0.0;0.021277
49019;0.36;0.406667;0.086667;0.1;0.033333;0.0;0.0;0.0;0.0;0.0;0.0;0.0;0.0;0.0;0.0;0.013333
49020;0.363636;0.368984;0.139037;0.053476;0.064171;0.0;0.0;0.0;0.0;0.0;0.0;0.0;0.0;0.0;0.0;0.010695
49021;0.342528;0.29507;0.18712;0.073306;0.08775;0.0;0.0;0.0;0.0;0.0;0.0;0.0;0.0;0.0;0.0;0.014227
49022;0.449339;0.290749;0.176211;0.030837;0.052863;0.0;0.0;0.0;0.0;0.0;0.0;0.0;0.0;0.0;0.0;0.0
49023;0.264182;0.39222;0.222042;0.058347;0.040519;0.0;0.0;0.0;0.0;0.0;0.0;0.0;0.0;0.0;0.0;0.02269
49024;0.307329;0.394799;0.182033;0.052009;0.061466;0.0;0.0;0.0;0.0;0.0;0.0;0.0;0.0;0.0;0.0;0.002364
49025;0.449153;0.322034;0.135593;0.033898;0.050847;0.0;0.0;0.0;0.0;0.0;0.0;0.0;0.0;0.0;0.0;0.008475
49026;0.395522;0.432836;0.097015;0.052239;0.014925;0.0;0.0;0.0;0.0;0.0;0.0;0.0;0.0;0.0;0.0;0.007463
49027;0.185185;0.530864;0.123457;0.098765;0.037037;0.0;0.0;0.0;0.0;0.0;0.0;0.0;0.0;0.0;0.0;0.024691
49028;0.215909;0.602273;0.147727;0.0;0.011364;0.0;0.0;0.0;0.0;0.0;0.0;0.0;0.0;0.0;0.0;0.022727
49029;0.181598;0.467312;0.232446;0.065375;0.038741;0.0;0.0;0.0;0.0;0.0;0.0;0.0;0.0;0.0;0.0;0.014528
49030;0.053571;0.607143;0.232143;0.071429;0.017857;0.0;0.0;0.0;0.0;0.0;0.0;0.0;0.0;0.0;0.0;0.017857
49031;0.213592;0.514563;0.135922;0.058252;0.038835;0.0;0.0;0.0;0.0;0.0;0.0;0.0;0.0;0.0;0.0;0.038835
49032;0.27551;0.469388;0.147959;0.071429;0.030612;0.0;0.0;0.0;0.0;0.0;0.0;0.0;0.0;0.0;0.0;0.005102
49033;0.297674;0.434884;0.148837;0.069767;0.037209;0.0;0.0;0.0;0.0;0.0;0.0;0.0;0.0;0.0;0.0;0.011628
49034;0.27957;0.444444;0.197133;0.02509;0.053763;0.0;0.0;0.0;0.0;0.0;0.0;0.0;0.0;0.0;0.0;0.0
49035;0.357955;0.278409;0.238636;0.079545;0.045455;0.0;0.0;0.0;0.0;0.0;0.0;0.0;0.0;0.0;0.0;0.0
49036;0.340836;0.389068;0.160772;0.045016;0.057878;0.0;0.0;0.0;0.0;0.0;0.0;0.0;0.0;0.0;0.0;0.006431
49037;0.237037;0.451852;0.133333;0.081481;0.059259;0.0;0.0;0.0;0.0;0.0;0.0;0.0;0.0;0.0;0.0;0.037037
49038;0.368421;0.263158;0.157895;0.122807;0.070175;0.0;0.0;0.0;0.0;0.0;0.0;0.0;0.0;0.0;0.0;0.017544
49039;0.300847;0.254237;0.271186;0.088983;0.080508;0.0;0.0;0.0;0.0;0.0;0.0;0.0;0.0;0.0;0.0;0.004237
49040;0.494118;0.317647;0.082353;0.023529;0.070588;0.0;0.0;0.0;0.0;0.0;0.0;0.0;0.0;0.0;0.0;0.011765
49041;0.459075;0.259786;0.153025;0.081851;0.042705;0.0;0.0;0.0;0.0;0.0;0.0;0.0;0.0;0.0;0.0;0.003559
49042;0.191358;0.493827;0.166667;0.037037;0.098765;0.0;0.0;0.0;0.0;0.0;0.0;0.0;0.0;0.0;0.0;0.012346
49043;0.425532;0.319149;0.12234;0.042553;0.069149;0.0;0.0;0.0;0.0;0.0;0.0;0.0;0.0;0.0;0.0;0.021277
49044;0.415094;0.377358;0.150943;0.037736;0.018868;0.0;0.0;0.0;0.0;0.0;0.0;0.0;0.0;0.0;0.0;0.0
49046;0.301775;0.43787;0.171598;0.047337;0.04142;0.0;0.0;0.0;0.0;0.0;0.0;0.0;0.0;0.0;0.0;0.0
49047;0.225352;0.380282;0.267606;0.070423;0.028169;0.0;0.0;0.0;0.0;0.0;0.0;0.0;0.0;0.0;0.0;0.028169
49048;0.204545;0.511364;0.159091;0.056818;0.045455;0.0;0.0;0.0;0.0;0.0;0.0;0.0;0.0;0.0;0.0;0.022727
49050;0.217822;0.363036;0.194719;0.118812;0.092409;0.0;0.0;0.0;0.0;0.0;0.0;0.0;0.0;0.0;0.0;0.013201
49052;0.295652;0.347826;0.269565;0.043478;0.026087;0.0;0.0;0.0;0.0;0.0;0.0;0.0;0.0;0.0;0.0;0.017391
49053;0.375191;0.281776;0.20827;0.04441;0.071975;0.0;0.0;0.0;0.0;0.0;0.0;0.0;0.0;0.0;0.0;0.018377
49054;0.336898;0.336898;0.199643;0.069519;0.046346;0.0;0.0;0.0;0.0;0.0;0.0;0.0;0.0;0.0;0.0;0.010695
49055;0.26087;0.289855;0.304348;0.072464;0.057971;0.0;0.0;0.0;0.0;0.0;0.0;0.0;0.0;0.0;0.0;0.014493
49056;0.438503;0.294118;0.181818;0.058824;0.016043;0.0;0.0;0.0;0.0;0.0;0.0;0.0;0.0;0.0;0.0;0.010695
49057;0.323944;0.492958;0.15493;0.014085;0.014085;0.0;0.0;0.0;0.0;0.0;0.0;0.0;0.0;0.0;0.0;0.0
49058;0.345455;0.304545;0.254545;0.054545;0.031818;0.0;0.0;0.0;0.0;0.0;0.0;0.0;0.0;0.0;0.0;0.009091
49059;0.241379;0.275862;0.396552;0.068966;0.0;0.0;0.0;0.0;0.0;0.0;0.0;0.0;0.0;0.0;0.0;0.017241
49061;0.302083;0.322917;0.145833;0.125;0.072917;0.0;0.0;0.0;0.0;0.0;0.0;0.0;0.0;0.0;0.0;0.03125
49062;0.396552;0.448276;0.068966;0.017241;0.068966;0.0;0.0;0.0;0.0;0.0;0.0;0.0;0.0;0.0;0.0;0.0
49063;0.321429;0.379464;0.15625;0.049107;0.084821;0.0;0.0;0.0;0.0;0.0;0.0;0.0;0.0;0.0;0.0;0.008929
49064;0.275862;0.382759;0.227586;0.065517;0.034483;0.0;0.0;0.0;0.0;0.0;0.0;0.0;0.0;0.0;0.0;0.013793
49065;0.2879;0.435327;0.183588;0.055633;0.029207;0.0;0.0;0.0;0.0;0.0;0.0;0.0;0.0;0.0;0.0;0.008345
49066;0.237037;0.437037;0.222222;0.02963;0.051852;0.0;0.0;0.0;0.0;0.0;0.0;0.0;0.0;0.0;0.0;0.022222
49067;0.319588;0.35567;0.170103;0.128866;0.025773;0.0;0.0;0.0;0.0;0.0;0.0;0.0;0.0;0.0;0.0;0.0
49068;0.264591;0.521401;0.143969;0.042802;0.023346;0.0;0.0;0.0;0.0;0.0;0.0;0.0;0.0;0.0;0.0;0.003891
49069;0.278607;0.547264;0.079602;0.069652;0.0199;0.0;0.0;0.0;0.0;0.0;0.0;0.0;0.0;0.0;0.0;0.004975
49071;0.238771;0.456265;0.182033;0.078014;0.033097;0.0;0.0;0.0;0.0;0.0;0.0;0.0;0.0;0.0;0.0;0.01182
49075;0.40625;0.427083;0.145833;0.010417;0.010417;0.0;0.0;0.0;0.0;0.0;0.0;0.0;0.0;0.0;0.0;0.0
49076;0.294931;0.294931;0.235023;0.101382;0.036866;0.0;0.0;0.0;0.0;0.0;0.0;0.0;0.0;0.0;0.0;0.036866
49077;0.225;0.55;0.175;0.05;0.0;0.0;0.0;0.0;0.0;0.0;0.0;0.0;0.0;0.0;0.0;0.0
49078;0.409524;0.409524;0.104762;0.028571;0.047619;0.0;0.0;0.0;0.0;0.0;0.0;0.0;0.0;0.0;0.0;0.0
49079;0.276316;0.394737;0.289474;0.013158;0.026316;0.0;0.0;0.0;0.0;0.0;0.0;0.0;0.0;0.0;0.0;0.0
49080;0.415704;0.339492;0.161663;0.055427;0.018476;0.0;0.0;0.0;0.0;0.0;0.0;0.0;0.0;0.0;0.0;0.009238
49081;0.417107;0.270327;0.183738;0.068638;0.05491;0.0;0.0;0.0;0.0;0.0;0.0;0.0;0.0;0.0;0.0;0.00528
49082;0.395349;0.344961;0.155039;0.046512;0.046512;0.0;0.0;0.0;0.0;0.0;0.0;0.0;0.0;0.0;0.0;0.011628
49083;0.111111;0.722222;0.111111;0.027778;0.0;0.0;0.0;0.0;0.0;0.0;0.0;0.0;0.0;0.0;0.0;0.027778
49084;0.23913;0.315217;0.244565;0.054348;0.125;0.0;0.0;0.0;0.0;0.0;0.0;0.0;0.0;0.0;0.0;0.021739
49085;0.362369;0.364111;0.146341;0.055749;0.054007;0.0;0.0;0.0;0.0;0.0;0.0;0.0;0.0;0.0;0.0;0.017422
49086;0.329545;0.375;0.147727;0.034091;0.068182;0.0;0.0;0.0;0.0;0.0;0.0;0.0;0.0;0.0;0.0;0.045455
49087;0.229508;0.561475;0.147541;0.040984;0.008197;0.0;0.0;0.0;0.0;0.0;0.0;0.0;0.0;0.0;0.0;0.012295
49088;0.235294;0.529412;0.098039;0.078431;0.039216;0.0;0.0;0.0;0.0;0.0;0.0;0.0;0.0;0.0;0.0;0.019608
49090;0.305344;0.358779;0.21374;0.076336;0.038168;0.0;0.0;0.0;0.0;0.0;0.0;0.0;0.0;0.0;0.0;0.007634
49091;0.427711;0.36747;0.120482;0.036145;0.03012;0.0;0.0;0.0;0.0;0.0;0.0;0.0;0.0;0.0;0.0;0.018072
49092;0.458333;0.472222;0.055556;0.013889;0.0;0.0;0.0;0.0;0.0;0.0;0.0;0.0;0.0;0.0;0.0;0.0
49093;0.426606;0.348624;0.146789;0.055046;0.018349;0.0;0.0;0.0;0.0;0.0;0.0;0.0;0.0;0.0;0.0;0.004587
49094;0.432432;0.378378;0.099099;0.027027;0.063063;0.0;0.0;0.0;0.0;0.0;0.0;0.0;0.0;0.0;0.0;0.0
49095;0.317949;0.302564;0.2;0.107692;0.051282;0.0;0.0;0.0;0.0;0.0;0.0;0.0;0.0;0.0;0.0;0.020513
49096;0.345455;0.4;0.172727;0.045455;0.036364;0.0;0.0;0.0;0.0;0.0;0.0;0.0;0.0;0.0;0.0;0.0
49097;0.340909;0.295455;0.204545;0.090909;0.068182;0.0;0.0;0.0;0.0;0.0;0.0;0.0;0.0;0.0;0.0;0.0
49098;0.288889;0.533333;0.088889;0.037037;0.044444;0.0;0.0;0.0;0.0;0.0;0.0;0.0;0.0;0.0;0.0;0.007407
49099;0.447761;0.298507;0.223881;0.014925;0.014925;0.0;0.0;0.0;0.0;0.0;0.0;0.0;0.0;0.0;0.0;0.0
49100;0.406452;0.393548;0.103226;0.051613;0.025806;0.0;0.0;0.0;0.0;0.0;0.0;0.0;0.0;0.0;0.0;0.019355
49101;0.209877;0.506173;0.209877;0.061728;0.012346;0.0;0.0;0.0;0.0;0.0;0.0;0.0;0.0;0.0;0.0;0.0
49102;0.40625;0.429688;0.09375;0.046875;0.023438;0.0;0.0;0.0;0.0;0.0;0.0;0.0;0.0;0.0;0.0;0.0
49103;0.228296;0.450161;0.212219;0.061093;0.045016;0.0;0.0;0.0;0.0;0.0;0.0;0.0;0.0;0.0;0.0;0.003215
49104;0.328704;0.509259;0.106481;0.037037;0.018519;0.0;0.0;0.0;0.0;0.0;0.0;0.0;0.0;0.0;0.0;0.0
49105;0.26087;0.5;0.152174;0.076087;0.01087;0.0;0.0;0.0;0.0;0.0;0.0;0.0;0.0;0.0;0.0;0.0
49107;0.414286;0.342857;0.142857;0.042857;0.057143;0.0;0.0;0.0;0.0;0.0;0.0;0.0;0.0;0.0;0.0;0.0
49108;0.315961;0.410423;0.143322;0.061889;0.061889;0.0;0.0;0.0;0.0;0.0;0.0;0.0;0.0;0.0;0.0;0.006515
49109;0.295844;0.440098;0.210269;0.036675;0.012225;0.0;0.0;0.0;0.0;0.0;0.0;0.0;0.0;0.0;0.0;0.00489
49110;0.373057;0.321244;0.176166;0.036269;0.082902;0.0;0.0;0.0;0.0;0.0;0.0;0.0;0.0;0.0;0.0;0.010363
49111;0.308642;0.493827;0.123457;0.049383;0.012346;0.0;0.0;0.0;0.0;0.0;0.0;0.0;0.0;0.0;0.0;0.012346
49112;0.371429;0.342857;0.1;0.0;0.157143;0.0;0.0;0.0;0.0;0.0;0.0;0.0;0.0;0.0;0.0;0.028571
49113;0.162791;0.48062;0.24031;0.085271;0.015504;0.0;0.0;0.0;0.0;0.0;0.0;0.0;0.0;0.0;0.0;0.015504
49114;0.333333;0.444444;0.037037;0.0;0.111111;0.0;0.0;0.0;0.0;0.0;0.0;0.0;0.0;0.0;0.0;0.074074
49115;0.352941;0.352941;0.176471;0.067227;0.033613;0.0;0.0;0.0;0.0;0.0;0.0;0.0;0.0;0.0;0.0;0.016807
49116;0.343478;0.391304;0.178261;0.03913;0.034783;0.0;0.0;0.0;0.0;0.0;0.0;0.0;0.0;0.0;0.0;0.013043
49117;0.359862;0.397924;0.128028;0.062284;0.044983;0.0;0.0;0.0;0.0;0.0;0.0;0.0;0.0;0.0;0.0;0.00692
49118;0.288591;0.489933;0.154362;0.033557;0.020134;0.0;0.0;0.0;0.0;0.0;0.0;0.0;0.0;0.0;0.0;0.013423
49119;0.480519;0.188312;0.142857;0.045455;0.0;0.0;0.0;0.0;0.0;0.0;0.0;0.0;0.0;0.0;0.0;0.142857
49120;0.457143;0.485714;0.057143;0.0;0.0;0.0;0.0;0.0;0.0;0.0;0.0;0.0;0.0;0.0;0.0;0.0
49121;0.232759;0.418103;0.12931;0.077586;0.125;0.0;0.0;0.0;0.0;0.0;0.0;0.0;0.0;0.0;0.0;0.017241
49122;0.279116;0.267068;0.257028;0.114458;0.066265;0.0;0.0;0.0;0.0;0.0;0.0;0.0;0.0;0.0;0.0;0.016064
49123;0.401055;0.332454;0.153034;0.023747;0.079156;0.0;0.0;0.0;0.0;0.0;0.0;0.0;0.0;0.0;0.0;0.010554
49124;0.296296;0.32716;0.179012;0.092593;0.098765;0.0;0.0;0.0;0.0;0.0;0.0;0.0;0.0;0.0;0.0;0.006173
49125;0.369767;0.232558;0.215116;0.081395;0.086047;0.0;0.0;0.0;0.0;0.0;0.0;0.0;0.0;0.0;0.0;0.015116
49126;0.38255;0.362416;0.154362;0.040268;0.053691;0.0;0.0;0.0;0.0;0.0;0.0;0.0;0.0;0.0;0.0;0.006711
49127;0.317781;0.309584;0.223203;0.065574;0.068096;0.0;0.0;0.0;0.0;0.0;0.0;0.0;0.0;0.0;0.0;0.015763
49128;0.366577;0.350404;0.16442;0.06469;0.045822;0.0;0.0;0.0;0.0;0.0;0.0;0.0;0.0;0.0;0.0;0.008086
49129;0.468451;0.263862;0.130019;0.032505;0.095602;0.0;0.0;0.0;0.0;0.0;0.0;0.0;0.0;0.0;0.0;0.00956
49130;0.315315;0.405405;0.126126;0.072072;0.072072;0.0;0.0;0.0;0.0;0.0;0.0;0.0;0.0;0.0;0.0;0.009009
49131;0.305556;0.416667;0.215278;0.027778;0.034722;0.0;0.0;0.0;0.0;0.0;0.0;0.0;0.0;0.0;0.0;0.0
49132;0.286385;0.41784;0.230047;0.037559;0.028169;0.0;0.0;0.0;0.0;0.0;0.0;0.0;0.0;0.0;0.0;0.0
49133;0.351485;0.366337;0.153465;0.074257;0.034653;0.0;0.0;0.0;0.0;0.0;0.0;0.0;0.0;0.0;0.0;0.019802
49134;0.295918;0.408163;0.132653;0.05102;0.102041;0.0;0.0;0.0;0.0;0.0;0.0;0.0;0.0;0.0;0.0;0.010204
49135;0.31405;0.352617;0.201102;0.066116;0.049587;0.0;0.0;0.0;0.0;0.0;0.0;0.0;0.0;0.0;0.0;0.016529
49136;0.240566;0.462264;0.231132;0.042453;0.0;0.0;0.0;0.0;0.0;0.0;0.0;0.0;0.0;0.0;0.0;0.023585
49137;0.256198;0.487603;0.140496;0.057851;0.033058;0.0;0.0;0.0;0.0;0.0;0.0;0.0;0.0;0.0;0.0;0.024793
49138;0.311594;0.449275;0.188406;0.036232;0.014493;0.0;0.0;0.0;0.0;0.0;0.0;0.0;0.0;0.0;0.0;0.0
49139;0.303571;0.348214;0.25;0.035714;0.053571;0.0;0.0;0.0;0.0;0.0;0.0;0.0;0.0;0.0;0.0;0.008929
49141;0.457895;0.3;0.136842;0.052632;0.042105;0.0;0.0;0.0;0.0;0.0;0.0;0.0;0.0;0.0;0.0;0.010526
49142;0.44375;0.30625;0.09375;0.05;0.0875;0.0;0.0;0.0;0.0;0.0;0.0;0.0;0.0;0.0;0.0;0.01875
49143;0.205128;0.487179;0.188034;0.051282;0.059829;0.0;0.0;0.0;0.0;0.0;0.0;0.0;0.0;0.0;0.0;0.008547
49145;0.241071;0.464286;0.205357;0.035714;0.026786;0.0;0.0;0.0;0.0;0.0;0.0;0.0;0.0;0.0;0.0;0.026786
49146;0.389831;0.418079;0.090395;0.028249;0.067797;0.0;0.0;0.0;0.0;0.0;0.0;0.0;0.0;0.0;0.0;0.00565
49147;0.310559;0.31677;0.242236;0.093168;0.037267;0.0;0.0;0.0;0.0;0.0;0.0;0.0;0.0;0.0;0.0;0.0
49148;0.298246;0.377193;0.254386;0.017544;0.035088;0.0;0.0;0.0;0.0;0.0;0.0;0.0;0.0;0.0;0.0;0.017544
49149;0.256604;0.430189;0.215094;0.041509;0.041509;0.0;0.0;0.0;0.0;0.0;0.0;0.0;0.0;0.0;0.0;0.015094
49150;0.370787;0.47191;0.101124;0.044944;0.011236;0.0;0.0;0.0;0.0;0.0;0.0;0.0;0.0;0.0;0.0;0.0
49151;0.402597;0.306494;0.150649;0.041558;0.088312;0.0;0.0;0.0;0.0;0.0;0.0;0.0;0.0;0.0;0.0;0.01039
49152;0.264286;0.407143;0.192857;0.064286;0.064286;0.0;0.0;0.0;0.0;0.0;0.0;0.0;0.0;0.0;0.0;0.007143
49153;0.314286;0.4;0.219048;0.047619;0.019048;0.0;0.0;0.0;0.0;0.0;0.0;0.0;0.0;0.0;0.0;0.0
49154;0.610169;0.152542;0.101695;0.050847;0.084746;0.0;0.0;0.0;0.0;0.0;0.0;0.0;0.0;0.0;0.0;0.0
49155;0.237288;0.508475;0.135593;0.118644;0.0;0.0;0.0;0.0;0.0;0.0;0.0;0.0;0.0;0.0;0.0;0.0
49156;0.333333;0.4375;0.125;0.027778;0.055556;0.0;0.0;0.0;0.0;0.0;0.0;0.0;0.0;0.0;0.0;0.020833
49157;0.259542;0.351145;0.160305;0.099237;0.083969;0.0;0.0;0.0;0.0;0.0;0.0;0.0;0.0;0.0;0.0;0.045802
49158;0.464516;0.329032;0.070968;0.058065;0.064516;0.0;0.0;0.0;0.0;0.0;0.0;0.0;0.0;0.0;0.0;0.012903
49159;0.366667;0.372222;0.105556;0.033333;0.1;0.0;0.0;0.0;0.0;0.0;0.0;0.0;0.0;0.0;0.0;0.022222
49160;0.62963;0.222222;0.074074;0.0;0.037037;0.0;0.0;0.0;0.0;0.0;0.0;0.0;0.0;0.0;0.0;0.037037
49162;0.382609;0.417391;0.095652;0.0;0.086957;0.0;0.0;0.0;0.0;0.0;0.0;0.0;0.0;0.0;0.0;0.017391
49163;0.281481;0.377778;0.259259;0.037037;0.02963;0.0;0.0;0.0;0.0;0.0;0.0;0.0;0.0;0.0;0.0;0.014815
49164;0.461538;0.318681;0.131868;0.054945;0.021978;0.0;0.0;0.0;0.0;0.0;0.0;0.0;0.0;0.0;0.0;0.010989
49165;0.176471;0.490196;0.235294;0.019608;0.058824;0.0;0.0;0.0;0.0;0.0;0.0;0.0;0.0;0.0;0.0;0.019608
49166;0.386978;0.312039;0.121622;0.068796;0.090909;0.0;0.0;0.0;0.0;0.0;0.0;0.0;0.0;0.0;0.0;0.019656
49167;0.379845;0.387597;0.085271;0.077519;0.062016;0.0;0.0;0.0;0.0;0.0;0.0;0.0;0.0;0.0;0.0;0.007752
49168;0.235294;0.441176;0.176471;0.117647;0.029412;0.0;0.0;0.0;0.0;0.0;0.0;0.0;0.0;0.0;0.0;0.0
49169;0.25;0.4375;0.03125;0.125;0.125;0.0;0.0;0.0;0.0;0.0;0.0;0.0;0.0;0.0;0.0;0.03125
49170;0.41791;0.373134;0.134328;0.074627;0.0;0.0;0.0;0.0;0.0;0.0;0.0;0.0;0.0;0.0;0.0;0.0
49171;0.361702;0.392435;0.120567;0.061466;0.059102;0.0;0.0;0.0;0.0;0.0;0.0;0.0;0.0;0.0;0.0;0.004728
49172;0.214815;0.618519;0.092593;0.048148;0.018519;0.0;0.0;0.0;0.0;0.0;0.0;0.0;0.0;0.0;0.0;0.007407
49173;0.327044;0.534591;0.081761;0.018868;0.031447;0.0;0.0;0.0;0.0;0.0;0.0;0.0;0.0;0.0;0.0;0.006289
49174;0.27381;0.428571;0.190476;0.083333;0.02381;0.0;0.0;0.0;0.0;0.0;0.0;0.0;0.0;0.0;0.0;0.0
49175;0.30303;0.431818;0.204545;0.037879;0.022727;0.0;0.0;0.0;0.0;0.0;0.0;0.0;0.0;0.0;0.0;0.0
49176;0.192635;0.606232;0.130312;0.042493;0.028329;0.0;0.0;0.0;0.0;0.0;0.0;0.0;0.0;0.0;0.0;0.0
49177;0.496503;0.251748;0.111888;0.034965;0.090909;0.0;0.0;0.0;0.0;0.0;0.0;0.0;0.0;0.0;0.0;0.013986
49178;0.25502;0.267068;0.273092;0.074297;0.104418;0.0;0.0;0.0;0.0;0.0;0.0;0.0;0.0;0.0;0.0;0.026104
49179;0.271845;0.432039;0.116505;0.072816;0.082524;0.0;0.0;0.0;0.0;0.0;0.0;0.0;0.0;0.0;0.0;0.024272
49180;0.210526;0.328947;0.263158;0.052632;0.118421;0.0;0.0;0.0;0.0;0.0;0.0;0.0;0.0;0.0;0.0;0.026316
49181;0.264249;0.549223;0.11399;0.020725;0.036269;0.0;0.0;0.0;0.0;0.0;0.0;0.0;0.0;0.0;0.0;0.015544
49183;0.079365;0.52381;0.285714;0.079365;0.031746;0.0;0.0;0.0;0.0;0.0;0.0;0.0;0.0;0.0;0.0;0.0
49184;0.095238;0.590476;0.2;0.085714;0.009524;0.0;0.0;0.0;0.0;0.0;0.0;0.0;0.0;0.0;0.0;0.019048
49185;0.206897;0.525862;0.172414;0.034483;0.051724;0.0;0.0;0.0;0.0;0.0;0.0;0.0;0.0;0.0;0.0;0.008621
49186;0.194118;0.517647;0.188235;0.047059;0.041176;0.0;0.0;0.0;0.0;0.0;0.0;0.0;0.0;0.0;0.0;0.011765
49187;0.339529;0.320942;0.209418;0.080545;0.045849;0.0;0.0;0.0;0.0;0.0;0.0;0.0;0.0;0.0;0.0;0.003717
49188;0.287671;0.356164;0.246575;0.041096;0.054795;0.0;0.0;0.0;0.0;0.0;0.0;0.0;0.0;0.0;0.0;0.013699
49189;0.242718;0.524272;0.116505;0.087379;0.019417;0.0;0.0;0.0;0.0;0.0;0.0;0.0;0.0;0.0;0.0;0.009709
49190;0.384615;0.384615;0.128205;0.051282;0.051282;0.0;0.0;0.0;0.0;0.0;0.0;0.0;0.0;0.0;0.0;0.0
49191;0.639785;0.22043;0.048387;0.053763;0.037634;0.0;0.0;0.0;0.0;0.0;0.0;0.0;0.0;0.0;0.0;0.0
49192;0.454545;0.329545;0.125;0.056818;0.022727;0.0;0.0;0.0;0.0;0.0;0.0;0.0;0.0;0.0;0.0;0.011364
49193;0.264;0.308;0.24;0.136;0.052;0.0;0.0;0.0;0.0;0.0;0.0;0.0;0.0;0.0;0.0;0.0
49194;0.370558;0.314721;0.177665;0.091371;0.015228;0.0;0.0;0.0;0.0;0.0;0.0;0.0;0.0;0.0;0.0;0.030457
49197;0.375;0.240385;0.201923;0.096154;0.076923;0.0;0.0;0.0;0.0;0.0;0.0;0.0;0.0;0.0;0.0;0.009615
49199;0.383117;0.350649;0.136364;0.045455;0.071429;0.0;0.0;0.0;0.0;0.0;0.0;0.0;0.0;0.0;0.0;0.012987
49200;0.34947;0.347958;0.140696;0.057489;0.089259;0.0;0.0;0.0;0.0;0.0;0.0;0.0;0.0;0.0;0.0;0.015129
49201;0.568889;0.204444;0.071111;0.075556;0.075556;0.0;0.0;0.0;0.0;0.0;0.0;0.0;0.0;0.0;0.0;0.004444
49202;0.445545;0.316832;0.178218;0.039604;0.019802;0.0;0.0;0.0;0.0;0.0;0.0;0.0;0.0;0.0;0.0;0.0
49203;0.251185;0.469194;0.189573;0.085308;0.004739;0.0;0.0;0.0;0.0;0.0;0.0;0.0;0.0;0.0;0.0;0.0
49204;0.285714;0.547619;0.142857;0.02381;0.0;0.0;0.0;0.0;0.0;0.0;0.0;0.0;0.0;0.0;0.0;0.0
49205;0.237705;0.5;0.172131;0.053279;0.036885;0.0;0.0;0.0;0.0;0.0;0.0;0.0;0.0;0.0;0.0;0.0
49206;0.338028;0.420523;0.134809;0.062374;0.034205;0.0;0.0;0.0;0.0;0.0;0.0;0.0;0.0;0.0;0.0;0.01006
49207;0.323944;0.443662;0.126761;0.049296;0.042254;0.0;0.0;0.0;0.0;0.0;0.0;0.0;0.0;0.0;0.0;0.014085
49208;0.14554;0.57277;0.122066;0.117371;0.023474;0.0;0.0;0.0;0.0;0.0;0.0;0.0;0.0;0.0;0.0;0.018779
49209;0.251908;0.438931;0.21374;0.041985;0.045802;0.0;0.0;0.0;0.0;0.0;0.0;0.0;0.0;0.0;0.0;0.007634
49210;0.414493;0.243478;0.197101;0.028986;0.110145;0.0;0.0;0.0;0.0;0.0;0.0;0.0;0.0;0.0;0.0;0.005797
49214;0.301486;0.390658;0.184713;0.065817;0.042463;0.0;0.0;0.0;0.0;0.0;0.0;0.0;0.0;0.0;0.0;0.014862
49216;0.412844;0.238532;0.146789;0.055046;0.12844;0.0;0.0;0.0;0.0;0.0;0.0;0.0;0.0;0.0;0.0;0.018349
49219;0.336694;0.283378;0.191084;0.075717;0.09879;0.0;0.0;0.0;0.0;0.0;0.0;0.0;0.0;0.0;0.0;0.014337
49220;0.452632;0.294737;0.147368;0.042105;0.052632;0.0;0.0;0.0;0.0;0.0;0.0;0.0;0.0;0.0;0.0;0.010526
49221;0.338983;0.313559;0.211864;0.084746;0.042373;0.0;0.0;0.0;0.0;0.0;0.0;0.0;0.0;0.0;0.0;0.008475
49222;0.538776;0.216327;0.122449;0.036735;0.081633;0.0;0.0;0.0;0.0;0.0;0.0;0.0;0.0;0.0;0.0;0.004082
49223;0.264887;0.574949;0.10883;0.022587;0.022587;0.0;0.0;0.0;0.0;0.0;0.0;0.0;0.0;0.0;0.0;0.00616
49224;0.24;0.36;0.22;0.03;0.12;0.0;0.0;0.0;0.0;0.0;0.0;0.0;0.0;0.0;0.0;0.03
49225;0.235294;0.485294;0.088235;0.102941;0.044118;0.0;0.0;0.0;0.0;0.0;0.0;0.0;0.0;0.0;0.0;0.044118
49226;0.341837;0.357143;0.153061;0.066327;0.081633;0.0;0.0;0.0;0.0;0.0;0.0;0.0;0.0;0.0;0.0;0.0
49227;0.320833;0.2875;0.2125;0.079167;0.0875;0.0;0.0;0.0;0.0;0.0;0.0;0.0;0.0;0.0;0.0;0.0125
49228;0.083333;0.555556;0.25;0.055556;0.055556;0.0;0.0;0.0;0.0;0.0;0.0;0.0;0.0;0.0;0.0;0.0
49229;0.421053;0.342105;0.144737;0.052632;0.013158;0.0;0.0;0.0;0.0;0.0;0.0;0.0;0.0;0.0;0.0;0.026316
49230;0.478261;0.362319;0.101449;0.057971;0.0;0.0;0.0;0.0;0.0;0.0;0.0;0.0;0.0;0.0;0.0;0.0
49231;0.280788;0.423645;0.187192;0.039409;0.049261;0.0;0.0;0.0;0.0;0.0;0.0;0.0;0.0;0.0;0.0;0.019704
49232;0.34375;0.421875;0.125;0.046875;0.03125;0.0;0.0;0.0;0.0;0.0;0.0;0.0;0.0;0.0;0.0;0.03125
49233;0.196078;0.509804;0.235294;0.058824;0.0;0.0;0.0;0.0;0.0;0.0;0.0;0.0;0.0;0.0;0.0;0.0
49234;0.386282;0.389892;0.111913;0.054152;0.050542;0.0;0.0;0.0;0.0;0.0;0.0;0.0;0.0;0.0;0.0;0.00722
49235;0.370629;0.314685;0.136364;0.097902;0.076923;0.0;0.0;0.0;0.0;0.0;0.0;0.0;0.0;0.0;0.0;0.003497
49236;0.185185;0.444444;0.148148;0.166667;0.055556;0.0;0.0;0.0;0.0;0.0;0.0;0.0;0.0;0.0;0.0;0.0
49237;0.294872;0.474359;0.153846;0.051282;0.025641;0.0;0.0;0.0;0.0;0.0;0.0;0.0;0.0;0.0;0.0;0.0
49238;0.367347;0.341837;0.178571;0.056122;0.030612;0.0;0.0;0.0;0.0;0.0;0.0;0.0;0.0;0.0;0.0;0.02551
49239;0.502646;0.283069;0.153439;0.034392;0.026455;0.0;0.0;0.0;0.0;0.0;0.0;0.0;0.0;0.0;0.0;0.0
49240;0.266667;0.416667;0.225;0.058333;0.025;0.0;0.0;0.0;0.0;0.0;0.0;0.0;0.0;0.0;0.0;0.008333
49241;0.142045;0.375;0.369318;0.096591;0.017045;0.0;0.0;0.0;0.0;0.0;0.0;0.0;0.0;0.0;0.0;0.0
49242;0.269461;0.39521;0.239521;0.035928;0.04491;0.0;0.0;0.0;0.0;0.0;0.0;0.0;0.0;0.0;0.0;0.01497
49243;0.121622;0.472973;0.135135;0.135135;0.135135;0.0;0.0;0.0;0.0;0.0;0.0;0.0;0.0;0.0;0.0;0.0
49244;0.086957;0.652174;0.217391;0.043478;0.0;0.0;0.0;0.0;0.0;0.0;0.0;0.0;0.0;0.0;0.0;0.0
49245;0.305882;0.4;0.176471;0.029412;0.076471;0.0;0.0;0.0;0.0;0.0;0.0;0.0;0.0;0.0;0.0;0.011765
49246;0.180791;0.621469;0.090395;0.050847;0.039548;0.0;0.0;0.0;0.0;0.0;0.0;0.0;0.0;0.0;0.0;0.016949
49247;0.26;0.416;0.192;0.088;0.04;0.0;0.0;0.0;0.0;0.0;0.0;0.0;0.0;0.0;0.0;0.004
49248;0.354331;0.370079;0.149606;0.07874;0.047244;0.0;0.0;0.0;0.0;0.0;0.0;0.0;0.0;0.0;0.0;0.0
49249;0.159091;0.568182;0.204545;0.045455;0.022727;0.0;0.0;0.0;0.0;0.0;0.0;0.0;0.0;0.0;0.0;0.0
49250;0.313725;0.330882;0.203431;0.116422;0.031863;0.0;0.0;0.0;0.0;0.0;0.0;0.0;0.0;0.0;0.0;0.003676
49251;0.35514;0.373832;0.168224;0.037383;0.046729;0.0;0.0;0.0;0.0;0.0;0.0;0.0;0.0;0.0;0.0;0.018692
49252;0.379913;0.362445;0.09607;0.078603;0.078603;0.0;0.0;0.0;0.0;0.0;0.0;0.0;0.0;0.0;0.0;0.004367
49255;0.213559;0.505085;0.19322;0.037288;0.037288;0.0;0.0;0.0;0.0;0.0;0.0;0.0;0.0;0.0;0.0;0.013559
49256;0.26257;0.418994;0.223464;0.03352;0.055866;0.0;0.0;0.0;0.0;0.0;0.0;0.0;0.0;0.0;0.0;0.005587
49257;0.342391;0.315217;0.163043;0.076087;0.086957;0.0;0.0;0.0;0.0;0.0;0.0;0.0;0.0;0.0;0.0;0.016304
49258;0.296703;0.395604;0.131868;0.076923;0.098901;0.0;0.0;0.0;0.0;0.0;0.0;0.0;0.0;0.0;0.0;0.0
49259;0.186441;0.542373;0.169492;0.084746;0.016949;0.0;0.0;0.0;0.0;0.0;0.0;0.0;0.0;0.0;0.0;0.0
49260;0.346809;0.385106;0.157447;0.06383;0.038298;0.0;0.0;0.0;0.0;0.0;0.0;0.0;0.0;0.0;0.0;0.008511
49261;0.346418;0.284593;0.194308;0.063788;0.086359;0.0;0.0;0.0;0.0;0.0;0.0;0.0;0.0;0.0;0.0;0.024534
49262;0.319231;0.430769;0.126923;0.046154;0.065385;0.0;0.0;0.0;0.0;0.0;0.0;0.0;0.0;0.0;0.0;0.011538
49263;0.064516;0.774194;0.096774;0.064516;0.0;0.0;0.0;0.0;0.0;0.0;0.0;0.0;0.0;0.0;0.0;0.0
49264;0.269113;0.461774;0.16208;0.055046;0.036697;0.0;0.0;0.0;0.0;0.0;0.0;0.0;0.0;0.0;0.0;0.015291
49265;0.407895;0.342105;0.157895;0.039474;0.039474;0.0;0.0;0.0;0.0;0.0;0.0;0.0;0.0;0.0;0.0;0.013158
49266;0.227273;0.431818;0.159091;0.136364;0.022727;0.0;0.0;0.0;0.0;0.0;0.0;0.0;0.0;0.0;0.0;0.022727
49267;0.163934;0.557377;0.04918;0.163934;0.032787;0.0;0.0;0.0;0.0;0.0;0.0;0.0;0.0;0.0;0.0;0.032787
49268;0.192308;0.546154;0.196154;0.030769;0.019231;0.0;0.0;0.0;0.0;0.0;0.0;0.0;0.0;0.0;0.0;0.015385
49269;0.268293;0.495935;0.073171;0.105691;0.056911;0.0;0.0;0.0;0.0;0.0;0.0;0.0;0.0;0.0;0.0;0.0
49270;0.391304;0.25;0.184783;0.065217;0.086957;0.0;0.0;0.0;0.0;0.0;0.0;0.0;0.0;0.0;0.0;0.021739
49271;0.435484;0.330645;0.120968;0.056452;0.048387;0.0;0.0;0.0;0.0;0.0;0.0;0.0;0.0;0.0;0.0;0.008065
49272;0.181818;0.522727;0.204545;0.022727;0.068182;0.0;0.0;0.0;0.0;0.0;0.0;0.0;0.0;0.0;0.0;0.0
49273;0.288889;0.533333;0.077778;0.033333;0.055556;0.0;0.0;0.0;0.0;0.0;0.0;0.0;0.0;0.0;0.0;0.011111
49275;0.338471;0.302278;0.168833;0.081003;0.090812;0.0;0.0;0.0;0.0;0.0;0.0;0.0;0.0;0.0;0.0;0.018604
50001;0.191176;0.617647;0.147059;0.014706;0.029412;0.0;0.0;0.0;0.0;0.0;0.0;0.0;0.0;0.0;0.0;0.0
50002;0.22093;0.5;0.232558;0.046512;0.0;0.0;0.0;0.0;0.0;0.0;0.0;0.0;0.0;0.0;0.0;0.0
50003;0.443182;0.261364;0.227273;0.022727;0.045455;0.0;0.0;0.0;0.0;0.0;0.0;0.0;0.0;0.0;0.0;0.0
50004;0.437853;0.271186;0.124294;0.048023;0.112994;0.0;0.0;0.0;0.0;0.0;0.0;0.0;0.0;0.0;0.0;0.00565
50005;0.186813;0.461538;0.192308;0.071429;0.076923;0.0;0.0;0.0;0.0;0.0;0.0;0.0;0.0;0.0;0.0;0.010989
50006;0.439938;0.218409;0.141966;0.068643;0.124805;0.0;0.0;0.0;0.0;0.0;0.0;0.0;0.0;0.0;0.0;0.00624
50007;0.212121;0.30303;0.060606;0.030303;0.363636;0.0;0.0;0.0;0.0;0.0;0.0;0.0;0.0;0.0;0.0;0.030303
50008;0.343587;0.152568;0.193787;0.084897;0.20363;0.0;0.0;0.0;0.0;0.0;0.0;0.0;0.0;0.0;0.0;0.021532
50009;0.15;0.45;0.233333;0.05;0.1;0.0;0.0;0.0;0.0;0.0;0.0;0.0;0.0;0.0;0.0;0.016667
50010;0.078431;0.392157;0.313725;0.156863;0.019608;0.0;0.0;0.0;0.0;0.0;0.0;0.0;0.0;0.0;0.0;0.039216
50011;0.488372;0.186047;0.151163;0.034884;0.127907;0.0;0.0;0.0;0.0;0.0;0.0;0.0;0.0;0.0;0.0;0.011628
50012;0.444444;0.208333;0.152778;0.083333;0.097222;0.0;0.0;0.0;0.0;0.0;0.0;0.0;0.0;0.0;0.0;0.013889
50013;0.43038;0.189873;0.196203;0.088608;0.088608;0.0;0.0;0.0;0.0;0.0;0.0;0.0;0.0;0.0;0.0;0.006329
50014;0.333333;0.308642;0.123457;0.111111;0.111111;0.0;0.0;0.0;0.0;0.0;0.0;0.0;0.0;0.0;0.0;0.012346
50015;0.660714;0.178571;0.017857;0.071429;0.071429;0.0;0.0;0.0;0.0;0.0;0.0;0.0;0.0;0.0;0.0;0.0
50016;0.322581;0.258065;0.322581;0.096774;0.0;0.0;0.0;0.0;0.0;0.0;0.0;0.0;0.0;0.0;0.0;0.0
50017;0.252396;0.192492;0.263578;0.111821;0.16853;0.0;0.0;0.0;0.0;0.0;0.0;0.0;0.0;0.0;0.0;0.011182
50018;0.464812;0.266776;0.163666;0.047463;0.0491;0.0;0.0;0.0;0.0;0.0;0.0;0.0;0.0;0.0;0.0;0.008183
50019;0.195652;0.434783;0.217391;0.021739;0.108696;0.0;0.0;0.0;0.0;0.0;0.0;0.0;0.0;0.0;0.0;0.021739
50020;0.356747;0.203327;0.232902;0.083179;0.116451;0.0;0.0;0.0;0.0;0.0;0.0;0.0;0.0;0.0;0.0;0.007394
50021;0.047619;0.52381;0.428571;0.0;0.0;0.0;0.0;0.0;0.0;0.0;0.0;0.0;0.0;0.0;0.0;0.0
50022;0.372549;0.296919;0.173669;0.07563;0.056022;0.0;0.0;0.0;0.0;0.0;0.0;0.0;0.0;0.0;0.0;0.02521
50023;0.283688;0.510638;0.078014;0.113475;0.007092;0.0;0.0;0.0;0.0;0.0;0.0;0.0;0.0;0.0;0.0;0.007092
50024;0.507614;0.200508;0.129442;0.058376;0.098985;0.0;0.0;0.0;0.0;0.0;0.0;0.0;0.0;0.0;0.0;0.005076
50025;0.297306;0.27431;0.212549;0.092313;0.11498;0.0;0.0;0.0;0.0;0.0;0.0;0.0;0.0;0.0;0.0;0.008541
50026;0.464789;0.239437;0.123239;0.066901;0.098592;0.0;0.0;0.0;0.0;0.0;0.0;0.0;0.0;0.0;0.0;0.007042
50027;0.421384;0.251572;0.132075;0.081761;0.100629;0.0;0.0;0.0;0.0;0.0;0.0;0.0;0.0;0.0;0.0;0.012579
50028;0.490566;0.075472;0.320755;0.018868;0.075472;0.0;0.0;0.0;0.0;0.0;0.0;0.0;0.0;0.0;0.0;0.018868
50029;0.558411;0.205607;0.088785;0.060748;0.074766;0.0;0.0;0.0;0.0;0.0;0.0;0.0;0.0;0.0;0.0;0.011682
50030;0.333333;0.276423;0.113821;0.02439;0.227642;0.0;0.0;0.0;0.0;0.0;0.0;0.0;0.0;0.0;0.0;0.02439
50031;0.373333;0.293333;0.106667;0.08;0.12;0.0;0.0;0.0;0.0;0.0;0.0;0.0;0.0;0.0;0.0;0.026667
50032;0.391304;0.229814;0.068323;0.049689;0.254658;0.0;0.0;0.0;0.0;0.0;0.0;0.0;0.0;0.0;0.0;0.006211
50033;0.27907;0.27907;0.139535;0.0;0.255814;0.0;0.0;0.0;0.0;0.0;0.0;0.0;0.0;0.0;0.0;0.046512
50034;0.397206;0.217565;0.165669;0.093812;0.10978;0.0;0.0;0.0;0.0;0.0;0.0;0.0;0.0;0.0;0.0;0.015968
50035;0.070175;0.035088;0.017544;0.017544;0.719298;0.0;0.0;0.0;0.0;0.0;0.0;0.0;0.0;0.0;0.0;0.140351
50036;0.346667;0.293333;0.106667;0.053333;0.2;0.0;0.0;0.0;0.0;0.0;0.0;0.0;0.0;0.0;0.0;0.0
50037;0.275;0.325;0.3375;0.0125;0.05;0.0;0.0;0.0;0.0;0.0;0.0;0.0;0.0;0.0;0.0;0.0
50038;0.414315;0.243952;0.128024;0.05746;0.140121;0.0;0.0;0.0;0.0;0.0;0.0;0.0;0.0;0.0;0.0;0.016129
50039;0.445783;0.225904;0.123494;0.060241;0.126506;0.0;0.0;0.0;0.0;0.0;0.0;0.0;0.0;0.0;0.0;0.018072
50040;0.338462;0.384615;0.2;0.046154;0.030769;0.0;0.0;0.0;0.0;0.0;0.0;0.0;0.0;0.0;0.0;0.0
50041;0.8;0.0;0.0;0.0;0.2;0.0;0.0;0.0;0.0;0.0;0.0;0.0;0.0;0.0;0.0;0.0
50042;0.125;0.625;0.0625;0.0625;0.0625;0.0;0.0;0.0;0.0;0.0;0.0;0.0;0.0;0.0;0.0;0.0625
50043;0.320261;0.183007;0.333333;0.039216;0.117647;0.0;0.0;0.0;0.0;0.0;0.0;0.0;0.0;0.0;0.0;0.006536
50044;0.496815;0.159236;0.184713;0.038217;0.095541;0.0;0.0;0.0;0.0;0.0;0.0;0.0;0.0;0.0;0.0;0.025478
50045;0.315668;0.335253;0.190092;0.0553;0.099078;0.0;0.0;0.0;0.0;0.0;0.0;0.0;0.0;0.0;0.0;0.004608
50046;0.243697;0.411765;0.184874;0.067227;0.084034;0.0;0.0;0.0;0.0;0.0;0.0;0.0;0.0;0.0;0.0;0.008403
50047;0.458333;0.208333;0.041667;0.125;0.166667;0.0;0.0;0.0;0.0;0.0;0.0;0.0;0.0;0.0;0.0;0.0
50048;0.56;0.16;0.0;0.0;0.28;0.0;0.0;0.0;0.0;0.0;0.0;0.0;0.0;0.0;0.0;0.0
50050;0.47541;0.180328;0.213115;0.065574;0.065574;0.0;0.0;0.0;0.0;0.0;0.0;0.0;0.0;0.0;0.0;0.0
50051;0.443431;0.29927;0.155109;0.036496;0.062044;0.0;0.0;0.0;0.0;0.0;0.0;0.0;0.0;0.0;0.0;0.00365
50052;0.245902;0.52459;0.147541;0.065574;0.016393;0.0;0.0;0.0;0.0;0.0;0.0;0.0;0.0;0.0;0.0;0.0
50053;0.410367;0.341253;0.112311;0.051836;0.079914;0.0;0.0;0.0;0.0;0.0;0.0;0.0;0.0;0.0;0.0;0.00432
50054;0.285714;0.314286;0.171429;0.142857;0.085714;0.0;0.0;0.0;0.0;0.0;0.0;0.0;0.0;0.0;0.0;0.0
50055;0.310236;0.240036;0.197011;0.085145;0.146739;0.0;0.0;0.0;0.0;0.0;0.0;0.0;0.0;0.0;0.0;0.020833
50056;0.354949;0.228669;0.21843;0.075085;0.122867;0.0;0.0;0.0;0.0;0.0;0.0;0.0;0.0;0.0;0.0;0.0
50057;0.276316;0.254386;0.296053;0.076754;0.074561;0.0;0.0;0.0;0.0;0.0;0.0;0.0;0.0;0.0;0.0;0.02193
50058;0.302326;0.372093;0.162791;0.116279;0.046512;0.0;0.0;0.0;0.0;0.0;0.0;0.0;0.0;0.0;0.0;0.0
50059;0.371795;0.238095;0.214286;0.067766;0.084249;0.0;0.0;0.0;0.0;0.0;0.0;0.0;0.0;0.0;0.0;0.02381
50060;0.274194;0.25;0.185484;0.064516;0.193548;0.0;0.0;0.0;0.0;0.0;0.0;0.0;0.0;0.0;0.0;0.032258
50061;0.437908;0.352941;0.091503;0.03268;0.084967;0.0;0.0;0.0;0.0;0.0;0.0;0.0;0.0;0.0;0.0;0.0
50062;0.316319;0.212684;0.192575;0.097448;0.16164;0.0;0.0;0.0;0.0;0.0;0.0;0.0;0.0;0.0;0.0;0.019335
50063;0.489796;0.408163;0.081633;0.020408;0.0;0.0;0.0;0.0;0.0;0.0;0.0;0.0;0.0;0.0;0.0;0.0
50064;0.446377;0.292754;0.124638;0.028986;0.104348;0.0;0.0;0.0;0.0;0.0;0.0;0.0;0.0;0.0;0.0;0.002899
50065;0.486486;0.216216;0.108108;0.054054;0.108108;0.0;0.0;0.0;0.0;0.0;0.0;0.0;0.0;0.0;0.0;0.027027
50066;0.205925;0.205925;0.307916;0.089849;0.167071;0.0;0.0;0.0;0.0;0.0;0.0;0.0;0.0;0.0;0.0;0.023312
50067;0.300198;0.290309;0.200895;0.085354;0.108983;0.0;0.0;0.0;0.0;0.0;0.0;0.0;0.0;0.0;0.0;0.01426
50068;0.404855;0.262334;0.189507;0.04307;0.094753;0.0;0.0;0.0;0.0;0.0;0.0;0.0;0.0;0.0;0.0;0.005482
50069;0.53125;0.21875;0.0625;0.09375;0.09375;0.0;0.0;0.0;0.0;0.0;0.0;0.0;0.0;0.0;0.0;0.0
50070;0.586207;0.103448;0.241379;0.034483;0.034483;0.0;0.0;0.0;0.0;0.0;0.0;0.0;0.0;0.0;0.0;0.0
50071;0.095238;0.559524;0.238095;0.071429;0.02381;0.0;0.0;0.0;0.0;0.0;0.0;0.0;0.0;0.0;0.0;0.011905
50072;0.372093;0.232558;0.232558;0.046512;0.108527;0.0;0.0;0.0;0.0;0.0;0.0;0.0;0.0;0.0;0.0;0.007752
50073;0.307339;0.29751;0.189384;0.077982;0.115334;0.0;0.0;0.0;0.0;0.0;0.0;0.0;0.0;0.0;0.0;0.012451
50074;0.338431;0.193282;0.206568;0.102532;0.14164;0.0;0.0;0.0;0.0;0.0;0.0;0.0;0.0;0.0;0.0;0.017548
50075;0.12963;0.759259;0.111111;0.0;0.0;0.0;0.0;0.0;0.0;0.0;0.0;0.0;0.0;0.0;0.0;0.0
50076;0.410714;0.178571;0.196429;0.035714;0.160714;0.0;0.0;0.0;0.0;0.0;0.0;0.0;0.0;0.0;0.0;0.017857
50077;0.42446;0.316547;0.107914;0.05036;0.100719;0.0;0.0;0.0;0.0;0.0;0.0;0.0;0.0;0.0;0.0;0.0
50078;0.475904;0.26506;0.060241;0.054217;0.138554;0.0;0.0;0.0;0.0;0.0;0.0;0.0;0.0;0.0;0.0;0.006024
50079;0.408805;0.301887;0.100629;0.081761;0.075472;0.0;0.0;0.0;0.0;0.0;0.0;0.0;0.0;0.0;0.0;0.031447
50080;0.407407;0.074074;0.037037;0.037037;0.444444;0.0;0.0;0.0;0.0;0.0;0.0;0.0;0.0;0.0;0.0;0.0
50081;0.372093;0.255814;0.188953;0.05814;0.113372;0.0;0.0;0.0;0.0;0.0;0.0;0.0;0.0;0.0;0.0;0.011628
50082;0.403509;0.298246;0.157895;0.087719;0.052632;0.0;0.0;0.0;0.0;0.0;0.0;0.0;0.0;0.0;0.0;0.0
50083;0.435484;0.209677;0.129032;0.016129;0.193548;0.0;0.0;0.0;0.0;0.0;0.0;0.0;0.0;0.0;0.0;0.016129
50084;0.413043;0.23913;0.130435;0.108696;0.086957;0.0;0.0;0.0;0.0;0.0;0.0;0.0;0.0;0.0;0.0;0.021739
50085;0.305785;0.330579;0.214876;0.090909;0.041322;0.0;0.0;0.0;0.0;0.0;0.0;0.0;0.0;0.0;0.0;0.016529
50086;0.564356;0.138614;0.059406;0.079208;0.128713;0.0;0.0;0.0;0.0;0.0;0.0;0.0;0.0;0.0;0.0;0.029703
50087;0.263158;0.473684;0.210526;0.052632;0.0;0.0;0.0;0.0;0.0;0.0;0.0;0.0;0.0;0.0;0.0;0.0
50088;0.417989;0.365079;0.111111;0.042328;0.026455;0.0;0.0;0.0;0.0;0.0;0.0;0.0;0.0;0.0;0.0;0.037037
50089;0.208109;0.214286;0.297118;0.119734;0.14064;0.0;0.0;0.0;0.0;0.0;0.0;0.0;0.0;0.0;0.0;0.020114
50090;0.166667;0.510417;0.197917;0.114583;0.010417;0.0;0.0;0.0;0.0;0.0;0.0;0.0;0.0;0.0;0.0;0.0
50091;0.21875;0.5;0.0625;0.1875;0.03125;0.0;0.0;0.0;0.0;0.0;0.0;0.0;0.0;0.0;0.0;0.0
50092;0.462617;0.257009;0.135514;0.079439;0.037383;0.0;0.0;0.0;0.0;0.0;0.0;0.0;0.0;0.0;0.0;0.028037
50093;0.190476;0.333333;0.285714;0.0;0.174603;0.0;0.0;0.0;0.0;0.0;0.0;0.0;0.0;0.0;0.0;0.015873
50094;0.386139;0.283168;0.128713;0.077228;0.10297;0.0;0.0;0.0;0.0;0.0;0.0;0.0;0.0;0.0;0.0;0.021782
50095;0.418508;0.190967;0.168876;0.065047;0.143839;0.0;0.0;0.0;0.0;0.0;0.0;0.0;0.0;0.0;0.0;0.012764
50096;0.363636;0.181818;0.272727;0.181818;0.0;0.0;0.0;0.0;0.0;0.0;0.0;0.0;0.0;0.0;0.0;0.0
50098;0.324786;0.307692;0.213675;0.068376;0.076923;0.0;0.0;0.0;0.0;0.0;0.0;0.0;0.0;0.0;0.0;0.008547
50099;0.373569;0.224714;0.206584;0.069656;0.115458;0.0;0.0;0.0;0.0;0.0;0.0;0.0;0.0;0.0;0.0;0.010019
50100;0.43128;0.298578;0.094787;0.07109;0.099526;0.0;0.0;0.0;0.0;0.0;0.0;0.0;0.0;0.0;0.0;0.004739
50101;0.379817;0.185321;0.170642;0.06789;0.170642;0.0;0.0;0.0;0.0;0.0;0.0;0.0;0.0;0.0;0.0;0.025688
50102;0.391681;0.240901;0.149047;0.074523;0.133449;0.0;0.0;0.0;0.0;0.0;0.0;0.0;0.0;0.0;0.0;0.010399
50104;0.404;0.38;0.1;0.084;0.012;0.0;0.0;0.0;0.0;0.0;0.0;0.0;0.0;0.0;0.0;0.02
50105;0.350515;0.345361;0.072165;0.030928;0.175258;0.0;0.0;0.0;0.0;0.0;0.0;0.0;0.0;0.0;0.0;0.025773
50106;0.410256;0.24359;0.166667;0.064103;0.089744;0.0;0.0;0.0;0.0;0.0;0.0;0.0;0.0;0.0;0.0;0.025641
50107;0.329317;0.311914;0.164659;0.082999;0.097724;0.0;0.0;0.0;0.0;0.0;0.0;0.0;0.0;0.0;0.0;0.013387
50108;0.297297;0.405405;0.243243;0.0;0.054054;0.0;0.0;0.0;0.0;0.0;0.0;0.0;0.0;0.0;0.0;0.0
50109;0.166667;0.35;0.116667;0.116667;0.216667;0.0;0.0;0.0;0.0;0.0;0.0;0.0;0.0;0.0;0.0;0.033333
50110;0.417722;0.295359;0.194093;0.029536;0.054852;0.0;0.0;0.0;0.0;0.0;0.0;0.0;0.0;0.0;0.0;0.008439
50111;0.263566;0.232558;0.232558;0.116279;0.147287;0.0;0.0;0.0;0.0;0.0;0.0;0.0;0.0;0.0;0.0;0.007752
50113;0.51634;0.270153;0.08061;0.034858;0.091503;0.0;0.0;0.0;0.0;0.0;0.0;0.0;0.0;0.0;0.0;0.006536
50114;0.416667;0.277778;0.092593;0.148148;0.064815;0.0;0.0;0.0;0.0;0.0;0.0;0.0;0.0;0.0;0.0;0.0
50115;0.340779;0.236692;0.236217;0.07557;0.095532;0.0;0.0;0.0;0.0;0.0;0.0;0.0;0.0;0.0;0.0;0.015209
50116;0.447154;0.325203;0.121951;0.04878;0.056911;0.0;0.0;0.0;0.0;0.0;0.0;0.0;0.0;0.0;0.0;0.0
50117;0.314607;0.370787;0.11236;0.044944;0.134831;0.0;0.0;0.0;0.0;0.0;0.0;0.0;0.0;0.0;0.0;0.022472
50118;0.431507;0.219863;0.167808;0.04726;0.121918;0.0;0.0;0.0;0.0;0.0;0.0;0.0;0.0;0.0;0.0;0.011644
50119;0.337134;0.252443;0.254072;0.089577;0.065147;0.0;0.0;0.0;0.0;0.0;0.0;0.0;0.0;0.0;0.0;0.001629
50120;0.414634;0.170732;0.146341;0.073171;0.073171;0.0;0.0;0.0;0.0;0.0;0.0;0.0;0.0;0.0;0.0;0.121951
50121;0.439024;0.22439;0.170732;0.053659;0.102439;0.0;0.0;0.0;0.0;0.0;0.0;0.0;0.0;0.0;0.0;0.009756
50122;0.268293;0.292683;0.292683;0.073171;0.073171;0.0;0.0;0.0;0.0;0.0;0.0;0.0;0.0;0.0;0.0;0.0
50123;0.465986;0.183673;0.190476;0.085034;0.068027;0.0;0.0;0.0;0.0;0.0;0.0;0.0;0.0;0.0;0.0;0.006803
50124;0.203008;0.390977;0.229323;0.131579;0.033835;0.0;0.0;0.0;0.0;0.0;0.0;0.0;0.0;0.0;0.0;0.011278
50125;0.39207;0.352423;0.167401;0.052863;0.030837;0.0;0.0;0.0;0.0;0.0;0.0;0.0;0.0;0.0;0.0;0.004405
50126;0.297643;0.309091;0.196633;0.075421;0.09899;0.0;0.0;0.0;0.0;0.0;0.0;0.0;0.0;0.0;0.0;0.022222
50128;0.26087;0.434783;0.0;0.086957;0.217391;0.0;0.0;0.0;0.0;0.0;0.0;0.0;0.0;0.0;0.0;0.0
50129;0.291339;0.228346;0.141732;0.19685;0.11811;0.0;0.0;0.0;0.0;0.0;0.0;0.0;0.0;0.0;0.0;0.023622
50130;0.339367;0.226244;0.248869;0.085973;0.095023;0.0;0.0;0.0;0.0;0.0;0.0;0.0;0.0;0.0;0.0;0.004525
50131;0.27972;0.363636;0.181818;0.083916;0.083916;0.0;0.0;0.0;0.0;0.0;0.0;0.0;0.0;0.0;0.0;0.006993
50132;0.231638;0.205273;0.318267;0.077213;0.12806;0.0;0.0;0.0;0.0;0.0;0.0;0.0;0.0;0.0;0.0;0.039548
50133;0.539474;0.210526;0.144737;0.013158;0.078947;0.0;0.0;0.0;0.0;0.0;0.0;0.0;0.0;0.0;0.0;0.013158
50134;0.192308;0.448718;0.24359;0.076923;0.038462;0.0;0.0;0.0;0.0;0.0;0.0;0.0;0.0;0.0;0.0;0.0
50135;0.271186;0.338983;0.101695;0.084746;0.186441;0.0;0.0;0.0;0.0;0.0;0.0;0.0;0.0;0.0;0.0;0.016949
50136;0.22905;0.346369;0.321229;0.061453;0.036313;0.0;0.0;0.0;0.0;0.0;0.0;0.0;0.0;0.0;0.0;0.005587
50137;0.399723;0.304288;0.112033;0.077455;0.096819;0.0;0.0;0.0;0.0;0.0;0.0;0.0;0.0;0.0;0.0;0.009682
50138;0.264706;0.294118;0.205882;0.117647;0.117647;0.0;0.0;0.0;0.0;0.0;0.0;0.0;0.0;0.0;0.0;0.0
50139;0.385593;0.292373;0.20339;0.063559;0.055085;0.0;0.0;0.0;0.0;0.0;0.0;0.0;0.0;0.0;0.0;0.0
50140;0.244681;0.223404;0.37234;0.053191;0.106383;0.0;0.0;0.0;0.0;0.0;0.0;0.0;0.0;0.0;0.0;0.0
50141;0.192308;0.615385;0.051282;0.038462;0.089744;0.0;0.0;0.0;0.0;0.0;0.0;0.0;0.0;0.0;0.0;0.012821
50142;0.533333;0.0;0.066667;0.0;0.266667;0.0;0.0;0.0;0.0;0.0;0.0;0.0;0.0;0.0;0.0;0.133333
50143;0.315068;0.238356;0.221918;0.079452;0.134247;0.0;0.0;0.0;0.0;0.0;0.0;0.0;0.0;0.0;0.0;0.010959
50144;0.291667;0.416667;0.041667;0.041667;0.208333;0.0;0.0;0.0;0.0;0.0;0.0;0.0;0.0;0.0;0.0;0.0
50146;0.390411;0.328767;0.157534;0.006849;0.10274;0.0;0.0;0.0;0.0;0.0;0.0;0.0;0.0;0.0;0.0;0.013699
50147;0.443114;0.183633;0.127745;0.063872;0.157685;0.0;0.0;0.0;0.0;0.0;0.0;0.0;0.0;0.0;0.0;0.023952
50148;0.430622;0.291866;0.100478;0.052632;0.100478;0.0;0.0;0.0;0.0;0.0;0.0;0.0;0.0;0.0;0.0;0.023923
50149;0.16;0.6;0.12;0.04;0.04;0.0;0.0;0.0;0.0;0.0;0.0;0.0;0.0;0.0;0.0;0.04
50150;0.34555;0.243455;0.23822;0.078534;0.078534;0.0;0.0;0.0;0.0;0.0;0.0;0.0;0.0;0.0;0.0;0.015707
50151;0.471396;0.215103;0.187643;0.06865;0.052632;0.0;0.0;0.0;0.0;0.0;0.0;0.0;0.0;0.0;0.0;0.004577
50152;0.347495;0.349673;0.168845;0.043573;0.084967;0.0;0.0;0.0;0.0;0.0;0.0;0.0;0.0;0.0;0.0;0.005447
50153;0.474474;0.198198;0.159159;0.057057;0.088589;0.0;0.0;0.0;0.0;0.0;0.0;0.0;0.0;0.0;0.0;0.022523
50154;0.186813;0.384615;0.274725;0.131868;0.021978;0.0;0.0;0.0;0.0;0.0;0.0;0.0;0.0;0.0;0.0;0.0
50155;0.353846;0.384615;0.123077;0.123077;0.015385;0.0;0.0;0.0;0.0;0.0;0.0;0.0;0.0;0.0;0.0;0.0
50156;0.449664;0.187919;0.134228;0.033557;0.194631;0.0;0.0;0.0;0.0;0.0;0.0;0.0;0.0;0.0;0.0;0.0
50157;0.507692;0.297436;0.082051;0.020513;0.071795;0.0;0.0;0.0;0.0;0.0;0.0;0.0;0.0;0.0;0.0;0.020513
50159;0.391304;0.285714;0.190476;0.060041;0.070393;0.0;0.0;0.0;0.0;0.0;0.0;0.0;0.0;0.0;0.0;0.00207
50160;0.460145;0.195652;0.142754;0.05;0.136232;0.0;0.0;0.0;0.0;0.0;0.0;0.0;0.0;0.0;0.0;0.015217
50161;0.166667;0.402778;0.263889;0.055556;0.097222;0.0;0.0;0.0;0.0;0.0;0.0;0.0;0.0;0.0;0.0;0.013889
50162;0.479167;0.270833;0.104167;0.09375;0.041667;0.0;0.0;0.0;0.0;0.0;0.0;0.0;0.0;0.0;0.0;0.010417
50163;0.204263;0.219538;0.280284;0.101243;0.173002;0.0;0.0;0.0;0.0;0.0;0.0;0.0;0.0;0.0;0.0;0.02167
50164;0.345833;0.2;0.233333;0.0375;0.158333;0.0;0.0;0.0;0.0;0.0;0.0;0.0;0.0;0.0;0.0;0.025
50165;0.336106;0.159734;0.173045;0.102329;0.200499;0.0;0.0;0.0;0.0;0.0;0.0;0.0;0.0;0.0;0.0;0.028286
50166;0.252688;0.360215;0.112903;0.102151;0.155914;0.0;0.0;0.0;0.0;0.0;0.0;0.0;0.0;0.0;0.0;0.016129
50167;0.308642;0.290123;0.234568;0.074074;0.092593;0.0;0.0;0.0;0.0;0.0;0.0;0.0;0.0;0.0;0.0;0.0
50168;0.35;0.15;0.15;0.05;0.25;0.0;0.0;0.0;0.0;0.0;0.0;0.0;0.0;0.0;0.0;0.05
50169;0.334783;0.330435;0.147826;0.06087;0.1;0.0;0.0;0.0;0.0;0.0;0.0;0.0;0.0;0.0;0.0;0.026087
50170;0.461864;0.288136;0.131356;0.059322;0.059322;0.0;0.0;0.0;0.0;0.0;0.0;0.0;0.0;0.0;0.0;0.0
50171;0.253731;0.328358;0.313433;0.059701;0.029851;0.0;0.0;0.0;0.0;0.0;0.0;0.0;0.0;0.0;0.0;0.014925
50172;0.280992;0.338843;0.190083;0.132231;0.041322;0.0;0.0;0.0;0.0;0.0;0.0;0.0;0.0;0.0;0.0;0.016529
50173;0.280702;0.377193;0.22807;0.052632;0.061404;0.0;0.0;0.0;0.0;0.0;0.0;0.0;0.0;0.0;0.0;0.0
50174;0.280702;0.473684;0.157895;0.035088;0.052632;0.0;0.0;0.0;0.0;0.0;0.0;0.0;0.0;0.0;0.0;0.0
50175;0.347826;0.236715;0.125604;0.091787;0.165862;0.0;0.0;0.0;0.0;0.0;0.0;0.0;0.0;0.0;0.0;0.032206
50176;0.374101;0.251799;0.18705;0.093525;0.064748;0.0;0.0;0.0;0.0;0.0;0.0;0.0;0.0;0.0;0.0;0.028777
50177;0.305699;0.373057;0.181347;0.067358;0.056995;0.0;0.0;0.0;0.0;0.0;0.0;0.0;0.0;0.0;0.0;0.015544
50178;0.515924;0.146497;0.101911;0.070064;0.159236;0.0;0.0;0.0;0.0;0.0;0.0;0.0;0.0;0.0;0.0;0.006369
50179;0.411168;0.345178;0.13198;0.020305;0.091371;0.0;0.0;0.0;0.0;0.0;0.0;0.0;0.0;0.0;0.0;0.0
50180;0.309524;0.333333;0.02381;0.02381;0.297619;0.0;0.0;0.0;0.0;0.0;0.0;0.0;0.0;0.0;0.0;0.011905
50181;0.29904;0.271605;0.209877;0.050754;0.153635;0.0;0.0;0.0;0.0;0.0;0.0;0.0;0.0;0.0;0.0;0.015089
50182;0.190902;0.191714;0.312348;0.092201;0.187246;0.0;0.0;0.0;0.0;0.0;0.0;0.0;0.0;0.0;0.0;0.025589
50183;0.256757;0.346847;0.238739;0.094595;0.058559;0.0;0.0;0.0;0.0;0.0;0.0;0.0;0.0;0.0;0.0;0.004505
50184;0.271429;0.371429;0.271429;0.042857;0.042857;0.0;0.0;0.0;0.0;0.0;0.0;0.0;0.0;0.0;0.0;0.0
50185;0.21978;0.164835;0.186813;0.087912;0.340659;0.0;0.0;0.0;0.0;0.0;0.0;0.0;0.0;0.0;0.0;0.0
50186;0.16;0.28;0.2;0.0;0.32;0.0;0.0;0.0;0.0;0.0;0.0;0.0;0.0;0.0;0.0;0.04
50187;0.380952;0.333333;0.071429;0.02381;0.190476;0.0;0.0;0.0;0.0;0.0;0.0;0.0;0.0;0.0;0.0;0.0
50188;0.130435;0.521739;0.043478;0.130435;0.173913;0.0;0.0;0.0;0.0;0.0;0.0;0.0;0.0;0.0;0.0;0.0
50189;0.318087;0.295218;0.162162;0.070686;0.149688;0.0;0.0;0.0;0.0;0.0;0.0;0.0;0.0;0.0;0.0;0.004158
50190;0.42126;0.244094;0.163386;0.070866;0.084646;0.0;0.0;0.0;0.0;0.0;0.0;0.0;0.0;0.0;0.0;0.015748
50191;0.329231;0.341538;0.138462;0.055385;0.126154;0.0;0.0;0.0;0.0;0.0;0.0;0.0;0.0;0.0;0.0;0.009231
50192;0.348066;0.149171;0.287293;0.071823;0.132597;0.0;0.0;0.0;0.0;0.0;0.0;0.0;0.0;0.0;0.0;0.01105
50193;0.303609;0.216561;0.186837;0.070064;0.193206;0.0;0.0;0.0;0.0;0.0;0.0;0.0;0.0;0.0;0.0;0.029724
50194;0.254902;0.431373;0.215686;0.058824;0.039216;0.0;0.0;0.0;0.0;0.0;0.0;0.0;0.0;0.0;0.0;0.0
50195;0.236842;0.421053;0.105263;0.052632;0.184211;0.0;0.0;0.0;0.0;0.0;0.0;0.0;0.0;0.0;0.0;0.0
50196;0.506849;0.123288;0.150685;0.054795;0.136986;0.0;0.0;0.0;0.0;0.0;0.0;0.0;0.0;0.0;0.0;0.027397
50197;0.333333;0.257576;0.227273;0.090909;0.075758;0.0;0.0;0.0;0.0;0.0;0.0;0.0;0.0;0.0;0.0;0.015152
50198;0.375;0.3125;0.0625;0.0625;0.125;0.0;0.0;0.0;0.0;0.0;0.0;0.0;0.0;0.0;0.0;0.0625
50199;0.34;0.16;0.295;0.05;0.08;0.0;0.0;0.0;0.0;0.0;0.0;0.0;0.0;0.0;0.0;0.075
50200;0.481481;0.166667;0.137566;0.100529;0.108466;0.0;0.0;0.0;0.0;0.0;0.0;0.0;0.0;0.0;0.0;0.005291
50201;0.323529;0.226471;0.217647;0.097059;0.126471;0.0;0.0;0.0;0.0;0.0;0.0;0.0;0.0;0.0;0.0;0.008824
50202;0.472973;0.283784;0.189189;0.0;0.054054;0.0;0.0;0.0;0.0;0.0;0.0;0.0;0.0;0.0;0.0;0.0
50203;0.285357;0.173967;0.216521;0.078849;0.192741;0.0;0.0;0.0;0.0;0.0;0.0;0.0;0.0;0.0;0.0;0.052566
50204;0.516224;0.150442;0.128024;0.070796;0.129204;0.0;0.0;0.0;0.0;0.0;0.0;0.0;0.0;0.0;0.0;0.00531
50205;0.55102;0.102041;0.163265;0.061224;0.102041;0.0;0.0;0.0;0.0;0.0;0.0;0.0;0.0;0.0;0.0;0.020408
50206;0.282353;0.317647;0.15;0.091176;0.144118;0.0;0.0;0.0;0.0;0.0;0.0;0.0;0.0;0.0;0.0;0.014706
50207;0.280702;0.315789;0.175439;0.105263;0.122807;0.0;0.0;0.0;0.0;0.0;0.0;0.0;0.0;0.0;0.0;0.0
50208;0.395462;0.242301;0.166937;0.072934;0.117504;0.0;0.0;0.0;0.0;0.0;0.0;0.0;0.0;0.0;0.0;0.004862
50209;0.275394;0.220532;0.257469;0.086909;0.136882;0.0;0.0;0.0;0.0;0.0;0.0;0.0;0.0;0.0;0.0;0.022814
50210;0.346154;0.461538;0.076923;0.0;0.115385;0.0;0.0;0.0;0.0;0.0;0.0;0.0;0.0;0.0;0.0;0.0
50211;0.352601;0.33526;0.219653;0.040462;0.052023;0.0;0.0;0.0;0.0;0.0;0.0;0.0;0.0;0.0;0.0;0.0
50212;0.384615;0.076923;0.346154;0.0;0.192308;0.0;0.0;0.0;0.0;0.0;0.0;0.0;0.0;0.0;0.0;0.0
50213;0.132353;0.632353;0.176471;0.029412;0.014706;0.0;0.0;0.0;0.0;0.0;0.0;0.0;0.0;0.0;0.0;0.014706
50214;0.307692;0.538462;0.0;0.0;0.153846;0.0;0.0;0.0;0.0;0.0;0.0;0.0;0.0;0.0;0.0;0.0
50215;0.428571;0.071429;0.071429;0.0;0.428571;0.0;0.0;0.0;0.0;0.0;0.0;0.0;0.0;0.0;0.0;0.0
50216;0.293413;0.443114;0.137725;0.065868;0.053892;0.0;0.0;0.0;0.0;0.0;0.0;0.0;0.0;0.0;0.0;0.005988
50217;0.496988;0.246988;0.159639;0.069277;0.024096;0.0;0.0;0.0;0.0;0.0;0.0;0.0;0.0;0.0;0.0;0.003012
50218;0.252874;0.45977;0.149425;0.057471;0.08046;0.0;0.0;0.0;0.0;0.0;0.0;0.0;0.0;0.0;0.0;0.0
50219;0.243243;0.173986;0.269257;0.118243;0.166554;0.0;0.0;0.0;0.0;0.0;0.0;0.0;0.0;0.0;0.0;0.028716
50220;0.421053;0.078947;0.131579;0.0;0.315789;0.0;0.0;0.0;0.0;0.0;0.0;0.0;0.0;0.0;0.0;0.052632
50221;0.388889;0.166667;0.166667;0.166667;0.111111;0.0;0.0;0.0;0.0;0.0;0.0;0.0;0.0;0.0;0.0;0.0
50222;0.407631;0.198795;0.227912;0.069277;0.085341;0.0;0.0;0.0;0.0;0.0;0.0;0.0;0.0;0.0;0.0;0.011044
50223;0.548246;0.203216;0.133041;0.03655;0.077485;0.0;0.0;0.0;0.0;0.0;0.0;0.0;0.0;0.0;0.0;0.001462
50224;0.261905;0.47619;0.02381;0.119048;0.119048;0.0;0.0;0.0;0.0;0.0;0.0;0.0;0.0;0.0;0.0;0.0
50225;0.29927;0.254432;0.294056;0.049009;0.090719;0.0;0.0;0.0;0.0;0.0;0.0;0.0;0.0;0.0;0.0;0.012513
50227;0.213115;0.344262;0.245902;0.131148;0.04918;0.0;0.0;0.0;0.0;0.0;0.0;0.0;0.0;0.0;0.0;0.016393
50228;0.230392;0.397059;0.289216;0.058824;0.02451;0.0;0.0;0.0;0.0;0.0;0.0;0.0;0.0;0.0;0.0;0.0
50229;0.244444;0.177778;0.222222;0.066667;0.2;0.0;0.0;0.0;0.0;0.0;0.0;0.0;0.0;0.0;0.0;0.088889
50230;0.365079;0.268519;0.171958;0.055556;0.128307;0.0;0.0;0.0;0.0;0.0;0.0;0.0;0.0;0.0;0.0;0.010582
50231;0.356021;0.251309;0.167539;0.052356;0.146597;0.0;0.0;0.0;0.0;0.0;0.0;0.0;0.0;0.0;0.0;0.026178
50232;0.373626;0.263736;0.032967;0.032967;0.252747;0.0;0.0;0.0;0.0;0.0;0.0;0.0;0.0;0.0;0.0;0.043956
50233;0.141026;0.384615;0.320513;0.089744;0.025641;0.0;0.0;0.0;0.0;0.0;0.0;0.0;0.0;0.0;0.0;0.038462
50234;0.206667;0.38;0.153333;0.093333;0.146667;0.0;0.0;0.0;0.0;0.0;0.0;0.0;0.0;0.0;0.0;0.02
50235;0.286223;0.216746;0.228622;0.114608;0.138361;0.0;0.0;0.0;0.0;0.0;0.0;0.0;0.0;0.0;0.0;0.015439
50236;0.333333;0.48;0.12;0.013333;0.04;0.0;0.0;0.0;0.0;0.0;0.0;0.0;0.0;0.0;0.0;0.013333
50237;0.273973;0.328767;0.150685;0.041096;0.178082;0.0;0.0;0.0;0.0;0.0;0.0;0.0;0.0;0.0;0.0;0.027397
50238;0.261538;0.230769;0.261538;0.061538;0.184615;0.0;0.0;0.0;0.0;0.0;0.0;0.0;0.0;0.0;0.0;0.0
50239;0.090909;0.477273;0.204545;0.159091;0.068182;0.0;0.0;0.0;0.0;0.0;0.0;0.0;0.0;0.0;0.0;0.0
50240;0.399404;0.222057;0.138599;0.09687;0.129657;0.0;0.0;0.0;0.0;0.0;0.0;0.0;0.0;0.0;0.0;0.013413
50241;0.277228;0.373762;0.188119;0.061881;0.084158;0.0;0.0;0.0;0.0;0.0;0.0;0.0;0.0;0.0;0.0;0.014851
50242;0.256757;0.324324;0.094595;0.040541;0.22973;0.0;0.0;0.0;0.0;0.0;0.0;0.0;0.0;0.0;0.0;0.054054
50243;0.346847;0.328829;0.202703;0.09009;0.022523;0.0;0.0;0.0;0.0;0.0;0.0;0.0;0.0;0.0;0.0;0.009009
50244;0.286822;0.286822;0.209302;0.131783;0.085271;0.0;0.0;0.0;0.0;0.0;0.0;0.0;0.0;0.0;0.0;0.0
50245;0.313725;0.176471;0.196078;0.117647;0.176471;0.0;0.0;0.0;0.0;0.0;0.0;0.0;0.0;0.0;0.0;0.019608
50246;0.25;0.375;0.25;0.083333;0.041667;0.0;0.0;0.0;0.0;0.0;0.0;0.0;0.0;0.0;0.0;0.0
50247;0.259386;0.259386;0.254266;0.098976;0.116041;0.0;0.0;0.0;0.0;0.0;0.0;0.0;0.0;0.0;0.0;0.011945
50248;0.430769;0.236923;0.113846;0.061538;0.147692;0.0;0.0;0.0;0.0;0.0;0.0;0.0;0.0;0.0;0.0;0.009231
50249;0.18;0.35;0.19;0.205;0.06;0.0;0.0;0.0;0.0;0.0;0.0;0.0;0.0;0.0;0.0;0.015
50250;0.166667;0.166667;0.285714;0.095238;0.261905;0.0;0.0;0.0;0.0;0.0;0.0;0.0;0.0;0.0;0.0;0.02381
50251;0.343526;0.29417;0.121245;0.065629;0.157725;0.0;0.0;0.0;0.0;0.0;0.0;0.0;0.0;0.0;0.0;0.017704
50252;0.317955;0.320599;0.167793;0.067;0.114017;0.0;0.0;0.0;0.0;0.0;0.0;0.0;0.0;0.0;0.0;0.012636
50253;0.307958;0.394464;0.134948;0.096886;0.058824;0.0;0.0;0.0;0.0;0.0;0.0;0.0;0.0;0.0;0.0;0.00692
50254;0.415929;0.274336;0.150442;0.088496;0.061947;0.0;0.0;0.0;0.0;0.0;0.0;0.0;0.0;0.0;0.0;0.00885
50255;0.645833;0.118056;0.076389;0.041667;0.097222;0.0;0.0;0.0;0.0;0.0;0.0;0.0;0.0;0.0;0.0;0.020833
50256;0.116279;0.604651;0.186047;0.0;0.093023;0.0;0.0;0.0;0.0;0.0;0.0;0.0;0.0;0.0;0.0;0.0
50257;0.463415;0.195122;0.081301;0.056911;0.195122;0.0;0.0;0.0;0.0;0.0;0.0;0.0;0.0;0.0;0.0;0.00813
50258;0.166667;0.375;0.208333;0.208333;0.041667;0.0;0.0;0.0;0.0;0.0;0.0;0.0;0.0;0.0;0.0;0.0
50259;0.188679;0.509434;0.075472;0.09434;0.09434;0.0;0.0;0.0;0.0;0.0;0.0;0.0;0.0;0.0;0.0;0.037736
50260;0.225806;0.516129;0.0;0.193548;0.064516;0.0;0.0;0.0;0.0;0.0;0.0;0.0;0.0;0.0;0.0;0.0
50261;0.569536;0.119205;0.10596;0.046358;0.15894;0.0;0.0;0.0;0.0;0.0;0.0;0.0;0.0;0.0;0.0;0.0
50262;0.448234;0.17296;0.151035;0.059683;0.151035;0.0;0.0;0.0;0.0;0.0;0.0;0.0;0.0;0.0;0.0;0.017052
50263;0.523364;0.186916;0.11215;0.037383;0.11215;0.0;0.0;0.0;0.0;0.0;0.0;0.0;0.0;0.0;0.0;0.028037
50264;0.518182;0.181818;0.045455;0.081818;0.145455;0.0;0.0;0.0;0.0;0.0;0.0;0.0;0.0;0.0;0.0;0.027273
50265;0.226415;0.358491;0.150943;0.037736;0.226415;0.0;0.0;0.0;0.0;0.0;0.0;0.0;0.0;0.0;0.0;0.0
50266;0.39726;0.424658;0.054795;0.027397;0.068493;0.0;0.0;0.0;0.0;0.0;0.0;0.0;0.0;0.0;0.0;0.027397
50267;0.444744;0.250674;0.075472;0.053908;0.161725;0.0;0.0;0.0;0.0;0.0;0.0;0.0;0.0;0.0;0.0;0.013477
50268;0.225806;0.16129;0.193548;0.129032;0.290323;0.0;0.0;0.0;0.0;0.0;0.0;0.0;0.0;0.0;0.0;0.0
50269;0.333333;0.418182;0.157576;0.042424;0.042424;0.0;0.0;0.0;0.0;0.0;0.0;0.0;0.0;0.0;0.0;0.006061
50270;0.36;0.2;0.08;0.04;0.24;0.0;0.0;0.0;0.0;0.0;0.0;0.0;0.0;0.0;0.0;0.08
50271;0.207101;0.420118;0.147929;0.118343;0.094675;0.0;0.0;0.0;0.0;0.0;0.0;0.0;0.0;0.0;0.0;0.011834
50272;0.293728;0.175574;0.240062;0.100928;0.166851;0.0;0.0;0.0;0.0;0.0;0.0;0.0;0.0;0.0;0.0;0.022858
50273;0.26087;0.434783;0.173913;0.0;0.130435;0.0;0.0;0.0;0.0;0.0;0.0;0.0;0.0;0.0;0.0;0.0
50274;0.238095;0.380952;0.119048;0.119048;0.142857;0.0;0.0;0.0;0.0;0.0;0.0;0.0;0.0;0.0;0.0;0.0
50275;0.24;0.5;0.16;0.06;0.04;0.0;0.0;0.0;0.0;0.0;0.0;0.0;0.0;0.0;0.0;0.0
50276;0.43956;0.274725;0.153846;0.065934;0.054945;0.0;0.0;0.0;0.0;0.0;0.0;0.0;0.0;0.0;0.0;0.010989
50277;0.235294;0.352941;0.117647;0.029412;0.264706;0.0;0.0;0.0;0.0;0.0;0.0;0.0;0.0;0.0;0.0;0.0
50278;0.248062;0.286822;0.302326;0.085271;0.077519;0.0;0.0;0.0;0.0;0.0;0.0;0.0;0.0;0.0;0.0;0.0
50279;0.734694;0.122449;0.040816;0.0;0.102041;0.0;0.0;0.0;0.0;0.0;0.0;0.0;0.0;0.0;0.0;0.0
50280;0.386047;0.190698;0.102326;0.153488;0.139535;0.0;0.0;0.0;0.0;0.0;0.0;0.0;0.0;0.0;0.0;0.027907
50281;0.2;0.52;0.1;0.08;0.08;0.0;0.0;0.0;0.0;0.0;0.0;0.0;0.0;0.0;0.0;0.02
50282;0.216216;0.405405;0.324324;0.0;0.027027;0.0;0.0;0.0;0.0;0.0;0.0;0.0;0.0;0.0;0.0;0.027027
50283;0.326087;0.282609;0.304348;0.086957;0.0;0.0;0.0;0.0;0.0;0.0;0.0;0.0;0.0;0.0;0.0;0.0
50284;0.397959;0.346939;0.061224;0.020408;0.142857;0.0;0.0;0.0;0.0;0.0;0.0;0.0;0.0;0.0;0.0;0.030612
50285;0.285388;0.248858;0.244292;0.091324;0.109589;0.0;0.0;0.0;0.0;0.0;0.0;0.0;0.0;0.0;0.0;0.020548
50286;0.396226;0.226415;0.245283;0.037736;0.075472;0.0;0.0;0.0;0.0;0.0;0.0;0.0;0.0;0.0;0.0;0.018868
50287;0.344633;0.333333;0.118644;0.056497;0.146893;0.0;0.0;0.0;0.0;0.0;0.0;0.0;0.0;0.0;0.0;0.0
50288;0.254878;0.221545;0.276016;0.097561;0.130488;0.0;0.0;0.0;0.0;0.0;0.0;0.0;0.0;0.0;0.0;0.019512
50289;0.317073;0.341463;0.097561;0.0;0.219512;0.0;0.0;0.0;0.0;0.0;0.0;0.0;0.0;0.0;0.0;0.02439
50290;0.432;0.252;0.188;0.056;0.072;0.0;0.0;0.0;0.0;0.0;0.0;0.0;0.0;0.0;0.0;0.0
50291;0.223684;0.460526;0.157895;0.065789;0.092105;0.0;0.0;0.0;0.0;0.0;0.0;0.0;0.0;0.0;0.0;0.0
50292;0.149533;0.364486;0.299065;0.102804;0.084112;0.0;0.0;0.0;0.0;0.0;0.0;0.0;0.0;0.0;0.0;0.0
50293;0.458498;0.16996;0.15415;0.051383;0.162055;0.0;0.0;0.0;0.0;0.0;0.0;0.0;0.0;0.0;0.0;0.003953
50294;0.333333;0.511111;0.066667;0.022222;0.022222;0.0;0.0;0.0;0.0;0.0;0.0;0.0;0.0;0.0;0.0;0.044444
50295;0.439024;0.268293;0.121951;0.04878;0.121951;0.0;0.0;0.0;0.0;0.0;0.0;0.0;0.0;0.0;0.0;0.0
50296;0.452586;0.090517;0.103448;0.137931;0.185345;0.0;0.0;0.0;0.0;0.0;0.0;0.0;0.0;0.0;0.0;0.030172
50297;0.303234;0.233751;0.174944;0.097247;0.170807;0.0;0.0;0.0;0.0;0.0;0.0;0.0;0.0;0.0;0.0;0.020018
50298;0.315683;0.256934;0.203984;0.084468;0.12708;0.0;0.0;0.0;0.0;0.0;0.0;0.0;0.0;0.0;0.0;0.011851
50901;0.34375;0.1875;0.21875;0.072917;0.15625;0.0;0.0;0.0;0.0;0.0;0.0;0.0;0.0;0.0;0.0;0.020833
50902;0.241935;0.467742;0.16129;0.064516;0.064516;0.0;0.0;0.0;0.0;0.0;0.0;0.0;0.0;0.0;0.0;0.0
50903;0.26179;0.195284;0.204958;0.084039;0.233374;0.0;0.0;0.0;0.0;0.0;0.0;0.0;0.0;0.0;0.0;0.020556
51001;0.315858;0.22485;0.356202;0.034272;0.039069;0.0;0.0;0.0;0.0;0.0;0.0;0.0;0.0;0.0;0.0;0.029749
52001;0.16482;0.297637;0.185381;0.029649;0.02589;0.0;0.0;0.0;0.0;0.0;0.0;0.0;0.0;0.0;0.0;0.296623
