ID_MUNICIPIO;V_BLANCOS_2016;PARTICIPACION_2016
04001;5;77.49529190207156
04002;2;71.99230028873917
04003;64;64.27954139540243
04004;0;77.41176470588236
04005;3;78.59712230215827
04006;30;68.24266590714896
04007;1;71.38964577656675
04008;5;83.76237623762376
04009;2;75.92592592592592
04010;3;77.08333333333334
04011;21;76.6365280289331
04012;0;84.29319371727748
04013;741;67.10425802800962
04014;1;81.25
04015;2;77.41935483870968
04016;9;72.5444340505145
04017;5;66.12654320987654
04018;0;85.92592592592592
04019;1;78.714859437751
04020;0;69.79166666666666
04021;1;81.62162162162161
04022;7;71.75792507204612
04023;2;69.56521739130434
04024;20;76.35003253090436
04026;0;81.81818181818183
04027;0;63.6
04028;1;86.42533936651584
04029;35;65.85393385257929
04030;5;73.19034852546918
04031;2;75.7912745936698
04032;23;65.19871106337271
04033;1;71.85185185185186
04034;2;61.875
04035;28;69.46437111429938
04036;0;77.43362831858407
04037;6;73.74429223744292
04038;16;69.39040207522697
04041;6;74.53416149068323
04043;1;84.54545454545455
04044;5;75.37168713639302
04045;6;74.5019920318725
04046;7;70.97902097902097
04047;11;82.98991670320035
04048;9;72.52162341982701
04049;18;68.1347637869377
04050;3;69.66292134831461
04051;1;82.56880733944955
04052;93;68.20366598778004
04053;70;72.61363636363637
04054;2;79.60893854748603
04055;0;83.55795148247978
04056;0;79.02097902097903
04057;5;67.47169811320755
04058;1;73.72881355932203
04059;4;67.0064874884152
04060;5;78.20224719101122
04061;4;79.3103448275862
04062;18;78.44617092119867
04063;2;70.8029197080292
04064;13;72.2121977625406
04065;7;78.23691460055096
04066;50;64.73622163277336
04067;2;77.36842105263158
04068;0;82.35294117647058
04069;27;74.0401023890785
04070;3;74.74747474747475
04071;3;85.78680203045685
04072;2;78.91373801916933
04073;2;70.9090909090909
04074;23;70.4225352112676
04075;23;71.88221709006929
04076;8;75.05863956215794
04077;2;89.15254237288136
04078;8;70.31539888682747
04079;257;65.73574917774361
04080;3;77.51196172248804
04081;0;80.84507042253522
04082;0;67.34006734006735
04083;6;75.68936409679235
04084;2;73.02052785923753
04085;2;78.55297157622739
04086;9;70.625
04087;0;74.17582417582418
04088;15;67.64466177669112
04089;1;70.21563342318059
04090;0;78.28947368421053
04091;6;80.23952095808383
04092;10;74.94714587737845
04093;11;64.61211477151966
04094;0;69.56521739130434
04095;5;65.96638655462185
04096;0;78.57142857142857
04097;1;76.20967741935483
04098;11;73.54881266490764
04099;27;72.88033674082982
04100;32;61.4735401459854
04101;26;68.19034224097516
04102;50;65.31327588724989
04103;3;68.97018970189703
04901;0;72.47706422018348
04902;214;63.683781939828776
04903;19;66.1574074074074
04904;12;69.21778277996623
11001;11;64.61679669573198
11002;16;66.34682892581326
11003;7;66.2965900079302
11004;513;58.00660036268205
11005;25;65.85206196814313
11006;193;64.40400736045798
11007;197;55.87842351369405
11008;128;62.68673802300956
11009;1;68.4297520661157
11010;88;65.35101404056162
11011;12;69.63869463869464
11012;693;70.37022205314058
11013;15;66.91176470588235
11014;153;61.49009372404793
11015;488;61.10666495934439
11016;123;63.13885725768639
11017;39;69.52054794520548
11018;9;71.2534059945504
11019;7;71.30339539978094
11020;1188;66.39940016205298
11021;52;65.55292726197516
11022;270;54.42424242424242
11023;64;68.57081728712025
11024;44;69.84976944816303
11025;51;65.9163256025466
11026;26;72.16645754914262
11027;454;66.58371740314814
11028;316;67.62804727899533
11029;44;55.966850828729285
11030;149;66.5539650478616
11031;535;65.20698450068669
11032;348;58.04733178654292
11033;164;61.94804573506195
11034;14;66.36675235646959
11035;90;61.61712772218952
11036;3;59.07111756168359
11037;33;76.7885532591415
11038;99;74.11370750527772
11039;103;61.74885206628069
11040;1;77.32997481108312
11041;69;65.64970606122034
11042;7;73.18718381112986
11901;67;65.08498583569406
11902;25;62.68944612841003
14001;28;80.7342060330108
14002;83;70.36800292210758
14003;2;75.24038461538461
14004;14;75.27040314650935
14005;72;65.64728252257962
14006;8;84.21052631578947
14007;82;69.42855264023147
14008;19;67.1010919337795
14009;20;66.42754662840747
14010;19;70.77228706232927
14011;4;80.27681660899654
14012;35;70.69496193098979
14013;129;70.43343653250774
14014;9;79.58545170121236
14015;10;74.30588235294118
14016;2;80.17950635751683
14017;71;71.43908722856092
14018;26;72.71501752493934
14019;49;76.82907965970611
14020;2;69.50904392764858
14021;1872;69.86459322235845
14022;17;74.31352970544184
14023;8;82.13755566551212
14024;16;73.83079348397268
14025;14;84.33652530779754
14026;4;68.89211417513305
14027;58;73.6403785488959
14028;1;80.57324840764332
14029;28;72.92963140258497
14030;53;72.44057971014493
14031;3;79.0893760539629
14032;4;78.95981087470449
14033;9;75.68199532346064
14034;2;80.1948051948052
14035;39;71.00234663090849
14036;24;73.44919786096257
14037;22;71.54912597950572
14038;179;68.42707753233091
14039;12;79.18586789554531
14040;32;76.08580508474576
14041;33;72.1558768070396
14042;190;74.37933407442698
14043;81;72.8148930551888
14044;7;73.06733167082294
14045;11;77.391874180865
14046;33;72.86510590858417
14047;14;70.99282296650718
14048;13;73.23943661971832
14049;115;71.34097737445583
14050;14;76.20242576327895
14051;2;72.8704366499642
14052;68;63.08774922699648
14053;49;71.34532134532134
14054;93;75.30846170694313
14055;178;69.78498679743494
14056;143;68.3601204359442
14057;47;76.80899608865711
14058;66;68.89585947302383
14059;4;77.2463768115942
14060;41;71.34346754313886
14061;1;79.97311827956989
14062;6;78.63414634146342
14063;2;70.17208413001912
14064;2;75.625
14065;16;74.8108108108108
14066;48;70.86748633879782
14067;29;75.75212136796091
14068;10;74.53531598513011
14069;43;72.56778309409889
14070;10;74.02402402402403
14071;2;69.10656620021528
14072;6;76.90839694656488
14073;13;71.91283292978208
14074;16;82.47063940843844
14075;1;78.32167832167832
18001;5;66.93227091633466
18002;1;71.42857142857143
18003;80;70.87434032235059
18004;2;72.54901960784314
18005;0;70.43010752688173
18006;13;70.31476997578693
18007;5;66.70934699103714
18010;1;75.44169611307422
18011;20;70.05767012687429
18012;13;72.95873573309922
18013;15;71.67575254799715
18014;37;69.6550676189029
18015;0;76.95852534562212
18016;0;76.54723127035831
18017;77;64.09760945177497
18018;5;74.44794952681389
18020;3;67.21789883268482
18021;95;67.48641692879612
18022;67;63.214711137581894
18023;82;69.492175023954
18024;7;77.77777777777779
18025;1;76.38888888888889
18027;13;66.57587548638132
18028;2;82.4353448275862
18029;12;65.24822695035462
18030;6;71.70138888888889
18032;2;71.13821138211382
18033;5;71.27659574468085
18034;1;72.47524752475248
18035;6;80.51948051948052
18036;17;74.52609711763178
18037;2;75.14018691588785
18038;1;77.6735459662289
18039;33;68.93982808022923
18040;0;58.87445887445888
18042;2;80.39702233250621
18043;1;65.04065040650406
18044;0;59.11602209944752
18045;4;67.14031971580818
18046;6;63.31877729257642
18047;28;65.94951719464679
18048;8;70.50691244239631
18049;3;77.14285714285715
18050;3;68.12865497076024
18051;8;71.22929380993898
18053;8;66.38036809815951
18054;7;71.37809187279152
18056;24;74.8158640226629
18057;27;72.13949104618284
18059;20;69.54545454545455
18061;1;76.82119205298014
18062;63;69.61416337919754
18063;2;56.58333333333333
18064;2;77.18832891246684
18065;3;80.2588996763754
18066;4;66.06549596582819
18067;0;66.8091168091168
18068;6;75.78075207138305
18069;0;72.11155378486056
18070;0;78.81944444444444
18071;37;72.48610862161678
18072;0;63.56821589205397
18074;2;76.7175572519084
18076;1;68.53233830845771
18078;2;77.8688524590164
18079;16;70.96774193548387
18082;5;71.54471544715447
18083;0;80.97165991902834
18084;26;72.98567066008927
18085;3;70.41666666666667
18086;0;78.51002865329512
18087;864;72.71802750159578
18088;5;72.93964957819597
18089;63;69.04681024526123
18093;7;65.2
18094;14;73.92963119966088
18095;11;73.7163192679207
18096;3;66.56891495601172
18097;5;72.1875
18098;21;68.55745721271393
18099;14;77.57422615287429
18100;50;69.83476367362623
18101;59;71.43011332973556
18102;44;66.57142857142857
18103;4;76.48612945838838
18105;17;64.7634152788792
18106;0;68.94117647058823
18107;1;70.30752916224814
18108;3;77.52941176470588
18109;2;68.84422110552764
18111;18;70.48824593128391
18112;2;67.21311475409836
18114;8;69.6223316912972
18115;17;70.50528789659224
18116;20;72.24561403508773
18117;1;75.69169960474308
18119;13;76.26321974148061
18120;1;79.16666666666666
18121;1;75.96899224806202
18122;83;68.87178850688842
18123;1;75.74750830564784
18124;2;72.70341207349081
18126;15;72.89278489548214
18127;91;68.770664262098
18128;1;78.71720116618076
18132;9;76.69401397751443
18133;6;76.01476014760148
18134;36;65.88881262868908
18135;14;65.87127845884413
18136;5;73.1496488384657
18137;7;76.9464105156724
18138;13;65.16492357200322
18140;212;64.46109987125253
18141;0;70.54455445544554
18143;5;76.2589928057554
18144;4;72.59923175416134
18145;59;71.85206367362501
18146;9;72.84974093264248
18147;16;62.617323679270584
18148;5;77.96817625458996
18149;20;74.62715105162523
18150;21;69.98373502883337
18151;3;65.76923076923077
18152;0;74.89406779661016
18153;40;70.07095498429685
18154;2;65.93843098311817
18157;3;72.70294380017842
18158;28;60.971524288107204
18159;2;80.10050251256281
18161;3;82.54716981132076
18162;1;74.4136460554371
18163;2;72.53086419753086
18164;6;62.41830065359477
18165;18;67.59641038079069
18167;4;66.38522427440633
18168;7;67.91044776119402
18170;0;66.36363636363637
18171;9;74.15094339622641
18173;42;66.24161073825503
18174;2;73.99103139013454
18175;36;70.26563838903171
18176;2;76.4
18177;0;61.72248803827751
18178;4;76.35605006954103
18179;6;69.88847583643123
18180;3;64.77093206951027
18181;0;78.02690582959642
18182;4;68.10073452256033
18183;3;66.56534954407294
18184;13;75.13837638376384
18185;2;80.22181146025879
18187;0;68.76122082585279
18188;5;71.56684815486993
18189;4;74.87113402061856
18192;6;74.83745123537061
18193;93;69.3739542665923
18194;9;68.18609022556392
18901;3;69.66731898238747
18902;4;77.45098039215686
18903;5;75.25309336332958
18904;1;72.90322580645162
18905;110;66.96538514160623
18906;3;73.37016574585635
18907;4;75.58328811720023
18908;3;74.03245942571786
18909;0;75.12953367875647
18910;3;68.65482233502537
18911;51;68.21892145055534
18912;3;67.48133061778682
18913;2;69.61869618696187
18914;3;75.0758035172832
18915;2;71.54362416107382
21001;6;72.52747252747253
21002;94;68.4649179480553
21003;6;68.26086956521739
21004;13;64.07112201103618
21005;56;58.2232815821684
21006;13;64.78622327790974
21007;52;65.5421686746988
21008;10;62.45297215951844
21009;4;62.07701283547258
21010;92;56.46490093279771
21011;15;70.69215175209962
21012;2;74.36708860759494
21013;55;62.128222075347
21014;21;75.32370517928287
21015;8;58.529411764705884
21016;4;72.9227761485826
21017;26;60.75000000000001
21018;11;63.31260599208592
21019;2;65.359477124183
21020;1;61.09589041095891
21021;78;59.890647951689246
21022;0;62.57309941520468
21023;7;61.111111111111114
21024;6;68.69918699186992
21025;30;60.43219076005961
21026;3;62.40601503759399
21027;1;75.0
21028;2;73.86666666666667
21029;14;72.15108834827144
21030;13;79.34426229508198
21031;6;71.05921601334445
21032;10;71.4047751249306
21033;3;69.33085501858736
21034;8;67.17171717171718
21035;76;62.73266091296662
21036;0;70.5
21037;2;72.2457627118644
21038;4;64.38356164383562
21039;1;72.34726688102894
21040;20;67.1608832807571
21041;748;63.80680965951703
21042;124;49.79153094462541
21043;9;70.01603420630678
21044;118;60.70717980785629
21045;3;72.28915662650603
21046;16;64.4574780058651
21047;15;57.955138236828375
21048;4;70.16393442622952
21049;17;60.96399880987802
21050;80;64.6656473807033
21051;1;72.80334728033473
21052;22;59.65524765437487
21053;17;64.56574185765983
21054;46;69.82716049382715
21055;48;75.8853046594982
21056;18;68.71546961325967
21057;12;63.49663784822286
21058;23;72.1732464545803
21059;5;75.1131221719457
21060;88;61.51530356246864
21061;28;63.394964594807234
21062;6;63.72126436781609
21063;22;76.52007648183556
21064;48;64.81140754369825
21065;0;68.13186813186813
21066;3;78.714859437751
21067;1;69.56521739130434
21068;11;60.62124248496994
21069;6;68.56639247943596
21070;48;66.55480984340045
21071;4;77.33990147783251
21072;85;72.51997661274605
21073;8;60.41890440386681
21074;13;66.25141562853906
21075;4;78.79656160458453
21076;17;68.74115983026874
21077;3;71.53711279953244
21078;17;65.77402787967719
21079;5;68.42105263157895
23001;1;83.17757009345794
23002;70;73.55978884553592
23003;52;72.81307550644567
23004;1;83.4862385321101
23005;177;68.52885183483227
23006;24;79.12017167381974
23007;6;71.42857142857143
23008;9;76.16511318242344
23009;72;75.01943710153942
23010;86;67.39388025371159
23011;7;69.81566820276498
23012;14;69.84622777510812
23014;13;77.02227432590855
23015;5;74.89082969432314
23016;0;82.94573643410853
23017;4;80.72519083969466
23018;10;71.74193548387096
23019;2;77.86458333333334
23020;9;86.16352201257862
23021;0;82.25190839694656
23024;55;72.84278246883795
23025;9;73.37615988579586
23026;16;73.06190741773564
23027;3;79.66804979253112
23028;23;70.88424437299035
23029;2;74.4958481613286
23030;3;78.19063004846527
23031;0;85.27443105756359
23032;4;79.50530035335689
23033;12;77.29289940828401
23034;14;77.04724409448819
23035;1;78.93309222423146
23037;6;80.47808764940238
23038;16;77.87068004459309
23039;11;72.41379310344827
23040;2;81.01351351351352
23041;2;79.75951903807615
23042;1;74.31506849315068
23043;3;72.89377289377289
23044;27;76.05897009966777
23045;5;59.09943714821764
23046;6;80.13383521539104
23047;10;77.22529158993248
23048;1;71.14942528735632
23049;9;68.284611141754
23050;485;71.22604184983295
23051;9;78.71646120377085
23052;4;83.2
23053;37;70.33889413492813
23054;1;73.82198952879581
23055;264;66.73945767167723
23056;15;72.65954000647878
23057;4;81.59268929503916
23058;37;75.27079972343857
23059;40;75.15847181771458
23060;102;68.01031416092196
23061;29;70.14550264550265
23062;1;78.47317744154057
23063;21;66.8581875163228
23064;1;82.35649546827794
23065;2;73.26236693800877
23066;15;79.71014492753623
23067;11;74.43089430894308
23069;27;80.51559872968429
23070;14;62.16147164026571
23071;7;75.21865889212827
23072;7;77.64350453172206
23073;13;71.64410916352341
23074;11;76.69645812644819
23075;18;77.74408732565192
23076;1;77.38814993954051
23077;3;80.80645161290323
23079;28;76.00215227333872
23080;4;75.59591373439274
23081;10;72.90152015862525
23082;8;74.18011452368557
23084;7;70.37433155080214
23085;6;73.49023090586145
23086;91;69.47267830770568
23087;59;72.81261069783918
23088;34;74.8562982427328
23090;5;79.34451219512195
23091;5;76.13168724279835
23092;175;71.04950495049505
23093;19;71.35771853688779
23094;14;78.37978640270904
23095;14;72.66170578133944
23096;9;81.90764572293718
23097;21;63.89880490454757
23098;1;82.23760092272204
23099;16;70.43405326064165
23101;1;73.01587301587301
23901;3;84.05545927209705
23902;4;80.47413793103448
23903;13;75.19774011299435
23904;8;65.27181688125894
23905;6;68.36188436830835
29001;19;74.48441247002398
29002;5;68.30926083262531
29003;1;76.70396744659207
29004;2;75.64102564102564
29005;28;65.61854487032362
29006;1;63.59583952451708
29007;153;69.36674789946532
29008;94;65.2120298691512
29009;8;72.82016348773843
29010;4;77.4076317383404
29011;9;62.82758620689655
29012;71;68.56996412096362
29013;9;76.8944099378882
29014;4;64.97695852534562
29015;190;69.69887076537013
29016;1;74.9003984063745
29017;33;72.39432321074317
29018;9;73.23383084577114
29019;3;74.25968109339408
29020;16;73.70676461585552
29021;4;67.08074534161491
29022;0;76.53631284916202
29023;4;65.06487265737626
29024;2;58.80829015544041
29025;192;65.31450901298373
29026;5;71.05014191106906
29027;12;69.90541702493552
29028;6;67.58286176232822
29029;2;73.94540942928039
29030;4;77.01863354037268
29031;13;68.58736059479554
29032;33;75.57458314556106
29033;4;66.57754010695187
29034;0;76.65952890792292
29035;11;73.83535417996171
29036;2;66.93037974683544
29037;1;75.5980861244019
29038;141;62.54808780267028
29039;22;71.19279819954988
29040;12;65.25037936267071
29041;24;65.8267716535433
29042;88;66.837899543379
29043;18;64.08927859705061
29044;3;69.34487021013597
29045;8;69.95249406175772
29046;14;68.22429906542055
29047;1;79.23008057296329
29048;8;79.78647686832741
29049;5;71.97839297771776
29050;3;72.68408551068883
29051;232;63.82609987373424
29052;3;64.28571428571429
29053;14;65.03825779870512
29054;189;67.676262590185
29055;11;75.38975501113586
29056;5;68.94353369763205
29057;1;67.50700280112045
29058;4;62.82758620689655
29059;14;75.95670660997294
29060;1;73.69942196531792
29061;8;78.54330708661418
29062;2;84.25076452599389
29063;1;77.39938080495357
29064;8;69.18489065606362
29065;0;73.2620320855615
29066;4;70.05988023952095
29067;2351;67.5082094558808
29068;35;61.2884834663626
29069;455;63.17546275763871
29070;214;64.43943075321069
29071;3;63.811563169164884
29072;17;73.0226854690374
29073;7;69.09436352121597
29074;0;73.80352644836272
29075;69;63.661666924385344
29076;10;64.56107756618673
29077;2;74.87437185929649
29079;10;74.00662251655629
29080;35;66.94128220491312
29081;1;75.47892720306514
29082;152;70.79190842088757
29083;9;73.08970099667775
29084;176;65.21802697467012
29085;0;75.69444444444444
29086;3;59.2686002522068
29087;1;71.80851063829788
29088;12;67.3913043478261
29089;10;73.636926889715
29090;15;67.77251184834124
29091;56;69.06330244501507
29092;4;69.64912280701753
29093;3;74.20957542908762
29094;339;66.14831288876533
29095;24;71.54471544715447
29096;31;69.1814946619217
29097;37;69.88802336903602
29098;9;73.18435754189943
29099;4;72.94736842105263
29100;5;69.21496095355528
29901;250;66.89636288960891
29902;11;61.433580054538375
29903;3;67.36641221374046
29904;3;80.28503562945369
41001;5;74.12280701754386
41002;9;70.46843177189409
41003;13;72.56750964423489
41004;440;65.51906779661016
41005;58;70.20291133656815
41006;14;65.03649635036496
41007;103;65.14058828295924
41008;10;70.72710103871577
41009;3;66.44844517184943
41010;30;66.9683257918552
41011;111;66.03467307317706
41012;20;62.94832826747721
41013;33;65.116759661087
41014;11;75.52166934189405
41015;41;65.65980743817255
41016;51;71.35282121006118
41017;92;70.7085367462726
41018;53;68.80801687763713
41019;27;65.84949904071627
41020;82;63.707612322495535
41021;145;64.62853385930309
41022;21;67.34265734265735
41023;41;68.33649588867804
41024;128;63.11061946902655
41025;7;67.37623762376238
41026;18;78.34955957348168
41027;23;67.82253952065273
41028;9;76.08587119321018
41029;78;70.71030122722202
41030;3;75.29182879377431
41031;11;66.63974151857836
41032;27;70.55722891566265
41033;34;65.2807881773399
41034;186;64.1742522756827
41035;7;71.66064981949458
41036;23;67.85079928952042
41037;30;73.94957983193278
41038;760;67.24911334232479
41039;193;69.67754161008116
41040;68;73.54140973342189
41041;36;74.5827323305172
41042;40;75.70157426420259
41043;5;68.23161189358372
41044;34;71.02640086206897
41045;53;69.28422515635859
41046;5;73.20542507442937
41047;74;74.2735718521447
41048;15;65.97845601436265
41049;98;74.15851166792127
41050;19;74.11650485436894
41051;2;70.13761467889908
41052;14;70.22900763358778
41053;132;71.2498236041206
41054;3;80.92485549132948
41055;64;67.32646783469306
41056;30;77.05451586655818
41057;0;68.02973977695167
41058;111;72.18166139695315
41059;196;73.02502561100542
41060;86;65.74596509644404
41061;11;79.68109339407745
41062;7;74.35897435897436
41063;13;68.6456400742115
41064;55;62.84846318799142
41065;132;64.83603318846306
41066;2;70.41728763040238
41067;37;69.50514591851122
41068;72;70.21307123896979
41069;341;65.17605875489052
41070;44;71.48541114058355
41071;22;66.66666666666666
41072;14;73.13764183522447
41073;5;61.804335090802574
41074;18;75.76361221779548
41075;49;62.85742264003134
41076;19;61.4292258360055
41077;29;68.75430935417145
41078;19;72.68740031897927
41079;51;71.76673122444588
41080;6;71.42857142857143
41081;196;69.22128198979067
41082;16;78.21376281112737
41083;4;75.32693984306887
41084;9;74.6572934973638
41085;22;74.84092021536955
41086;73;62.844774273345706
41087;48;67.62723454136955
41088;0;70.72691552062868
41089;43;67.7449168207024
41090;13;73.11950042577348
41091;3298;71.08096289777099
41092;55;69.19798527702442
41093;99;75.33279439504177
41094;38;71.5171755725191
41095;315;65.6674427629026
41096;32;73.90034085375751
41097;18;69.49314631813834
41098;26;73.2414068745004
41099;12;59.58249496981891
41100;6;68.31194471865746
41101;18;71.00202429149797
41102;142;69.48007641921397
41901;28;78.56077554064132
41902;23;57.501609787508045
41903;51;67.51516945389966
22001;1;67.11111111111111
22002;0;88.78504672897196
22003;1;80.2919708029197
22004;0;60.0
22006;5;68.45637583892618
22007;8;73.35858585858585
22008;3;79.1907514450867
22009;6;71.96110210696921
22011;0;80.68181818181817
22012;3;78.37837837837837
22013;3;75.0
22014;3;79.01234567901234
22015;3;73.35423197492163
22016;6;68.71880199667221
22017;5;75.05773672055427
22018;3;74.92354740061162
22019;2;83.88888888888889
22020;1;74.78260869565217
22021;17;71.740233384069
22022;6;75.0
22023;6;74.34679334916865
22024;3;76.99115044247787
22025;18;63.118580765639585
22027;0;67.17325227963525
22028;3;76.01078167115904
22029;0;78.74015748031496
22032;0;69.0909090909091
22035;3;70.51282051282051
22036;0;83.69565217391305
22037;0;74.78260869565217
22039;4;77.75202780996524
22040;1;81.25
22041;1;82.20858895705521
22042;0;81.19658119658119
22043;0;70.96774193548387
22044;0;78.57142857142857
22045;1;79.26829268292683
22046;5;77.74725274725274
22047;2;84.36213991769547
22048;91;69.77297983806953
22049;0;82.05128205128204
22050;0;87.5
22051;0;81.0
22052;8;76.97297297297297
22053;9;65.90621039290241
22054;13;70.75226977950713
22055;2;75.9375
22057;3;73.24324324324324
22058;1;84.5360824742268
22059;3;70.23498694516971
22060;3;73.71134020618557
22061;40;68.7028657616893
22062;1;69.46107784431138
22063;1;78.69822485207101
22064;1;73.49397590361446
22066;7;71.50997150997152
22067;1;76.92307692307693
22068;0;75.9493670886076
22069;2;77.62237762237763
22072;0;71.20418848167539
22074;4;72.84345047923323
22075;1;66.4
22076;0;64.63022508038586
22077;2;73.61477572559367
22078;3;72.8310502283105
22079;1;70.33898305084746
22080;6;70.35714285714286
22081;0;71.25984251968504
22082;1;73.19587628865979
22083;5;85.09719222462203
22084;4;75.32710280373833
22085;0;82.6923076923077
22086;1;74.88372093023256
22087;2;67.16417910447761
22088;2;71.89542483660131
22089;0;74.50331125827815
22090;0;71.71717171717171
22094;1;73.26732673267327
22095;1;80.55555555555556
22096;0;79.734219269103
22099;4;78.4679089026915
22102;2;78.77094972067039
22103;3;74.48680351906158
22105;2;68.42105263157895
22106;0;63.63636363636363
22107;0;66.07142857142857
22109;1;73.18007662835248
22110;4;71.95121951219512
22111;0;66.88311688311688
22112;56;66.4227472297721
22113;4;74.74747474747475
22114;0;65.85365853658537
22115;3;71.38888888888889
22116;5;70.20979020979021
22117;22;69.16868442292171
22119;5;72.96669248644461
22122;2;89.0625
22124;1;71.64179104477611
22125;258;69.69024836871019
22126;0;72.72727272727273
22127;3;74.05940594059406
22128;3;77.6595744680851
22129;1;65.57377049180327
22130;59;66.10186286167261
22131;0;76.82926829268293
22133;1;70.43478260869566
22135;0;67.72486772486772
22136;5;72.95285359801488
22137;3;68.00748362956034
22139;1;81.0126582278481
22141;1;77.77777777777779
22142;1;77.31958762886599
22143;1;65.89861751152074
22144;1;77.36625514403292
22149;0;74.75409836065575
22150;1;70.12711864406779
22151;1;68.81720430107528
22155;0;67.10526315789474
22156;2;76.12456747404845
22157;3;67.1875
22158;62;68.3368070029179
22160;6;80.38277511961722
22162;0;78.46153846153847
22163;0;84.70588235294117
22164;0;80.0
22165;6;74.74332648870636
22167;9;78.70182555780933
22168;0;78.26086956521739
22170;5;76.49769585253456
22172;6;66.90647482014388
22173;3;65.51724137931035
22174;2;79.2887029288703
22175;1;72.58883248730965
22176;1;77.45664739884393
22177;0;76.53061224489795
22178;0;79.6116504854369
22181;2;66.30434782608695
22182;1;64.4
22184;3;84.23913043478261
22186;1;71.8232044198895
22187;2;74.40273037542661
22188;6;73.17073170731707
22189;5;78.37837837837837
22190;0;72.26890756302521
22193;2;81.52173913043478
22195;3;77.4468085106383
22197;1;74.84143763213531
22199;104;67.66176260534209
22200;5;75.40983606557377
22201;3;70.67669172932331
22202;0;84.39716312056737
22203;1;80.72289156626506
22204;12;66.87612208258528
22205;0;73.51598173515981
22206;1;66.83937823834198
22207;2;57.599999999999994
22208;0;79.7872340425532
22209;3;77.41935483870968
22212;0;81.0126582278481
22213;19;72.20372836218375
22214;3;82.8125
22215;1;75.0
22217;1;74.54545454545455
22218;0;76.74418604651163
22220;2;75.90361445783132
22221;0;69.04761904761905
22222;3;72.45283018867924
22223;0;77.33333333333333
22225;17;63.456513624486746
22226;10;74.31551499348109
22227;3;79.12621359223301
22228;5;70.8171206225681
22229;1;70.17543859649122
22230;1;76.05633802816901
22232;1;76.34408602150538
22233;3;69.51219512195121
22234;3;69.52141057934509
22235;1;77.55102040816327
22236;0;79.05138339920948
22239;0;81.81818181818183
22242;0;72.58064516129032
22243;0;62.22222222222222
22244;0;73.07692307692307
22245;1;86.40776699029125
22246;0;65.78947368421053
22247;0;60.60606060606061
22248;1;79.3103448275862
22249;4;81.89655172413794
22250;4;73.93767705382436
22251;0;78.02197802197803
22252;0;71.07438016528926
22253;0;85.24590163934425
22254;11;71.26334519572953
22901;5;64.42048517520216
22902;0;71.94570135746606
22903;1;78.83435582822086
22904;8;71.04294478527608
22905;1;74.37722419928826
22906;3;75.80645161290323
22907;18;73.79790940766551
22908;3;72.08121827411168
22909;4;71.74603174603175
44001;1;77.94117647058823
44002;0;85.1063829787234
44003;0;89.47368421052632
44004;0;74.26470588235294
44005;0;60.0
44006;2;74.59677419354838
44007;4;70.52023121387283
44008;6;72.10167389956602
44009;7;73.67119901112484
44010;1;74.28571428571429
44011;0;76.92307692307693
44012;5;78.74251497005989
44013;82;69.50373532550694
44014;8;75.20825069416898
44016;2;75.31120331950207
44017;4;79.64912280701755
44018;0;100.0
44019;0;74.6268656716418
44020;1;83.33333333333334
44021;0;83.17757009345794
44022;7;65.51724137931035
44023;0;94.11764705882352
44024;0;92.5925925925926
44025;25;68.01464469961725
44026;0;85.55555555555556
44027;1;75.0
44028;4;82.5136612021858
44029;5;76.02862254025044
44031;0;63.91752577319587
44032;0;68.75
44033;0;71.00371747211895
44034;0;78.41726618705036
44035;1;79.64601769911505
44036;0;84.0
44037;0;69.97792494481236
44038;0;79.8076923076923
44039;0;74.6606334841629
44040;1;79.60199004975125
44041;1;78.57142857142857
44042;0;73.98373983739837
44043;0;72.54901960784314
44044;2;81.81818181818183
44045;2;74.86338797814209
44046;1;69.38775510204081
44047;2;62.272727272727266
44048;0;85.24590163934425
44049;9;72.55594817432274
44050;25;68.10150979762287
44051;17;73.68617219530377
44052;0;72.72727272727273
44053;0;74.28571428571429
44054;2;78.70370370370371
44055;4;81.15942028985508
44056;2;68.8622754491018
44059;9;78.125
44060;0;78.04878048780488
44061;0;77.14285714285715
44062;0;73.52941176470588
44063;0;76.05633802816901
44064;0;71.01449275362319
44065;0;66.66666666666666
44066;0;73.14814814814815
44067;1;71.05263157894737
44068;3;77.2382397572079
44070;0;90.56603773584906
44071;5;67.34348561759728
44074;4;77.62237762237763
44075;0;76.78018575851394
44076;18;76.713572401271
44077;0;81.08108108108108
44080;3;78.42465753424658
44082;0;87.64044943820225
44084;0;75.92592592592592
44085;0;67.3076923076923
44086;3;76.16926503340757
44087;1;86.25
44088;0;72.41379310344827
44089;1;86.66666666666667
44090;0;67.94871794871796
44092;0;72.8395061728395
44093;0;82.5
44094;0;83.1858407079646
44096;3;85.71428571428571
44097;0;64.7887323943662
44099;3;65.58533145275035
44100;0;82.70270270270271
44101;2;79.3103448275862
44102;0;90.0
44103;1;77.27272727272727
44105;0;78.04878048780488
44106;5;74.83870967741936
44107;5;69.72477064220183
44108;1;69.375
44109;0;67.5925925925926
44110;1;85.71428571428571
44111;0;75.0
44112;2;67.5990675990676
44113;0;73.23943661971832
44114;0;73.25102880658436
44115;3;88.23529411764706
44116;1;72.28915662650603
44117;4;79.70588235294119
44118;2;80.48780487804879
44119;3;70.76923076923077
44120;2;69.36936936936937
44121;2;78.33333333333333
44122;8;69.39234808702176
44123;1;67.61904761904762
44124;3;83.11688311688312
44125;0;72.1311475409836
44126;4;71.12462006079028
44127;0;75.0
44128;1;79.41176470588235
44129;0;82.05128205128204
44130;0;70.58823529411765
44131;0;80.0
44132;1;90.0
44133;0;71.42857142857143
44135;0;77.87610619469027
44136;1;87.75510204081633
44137;0;77.2020725388601
44138;0;72.5925925925926
44141;1;71.85185185185186
44142;0;77.14285714285715
44143;2;80.78947368421052
44144;2;71.67630057803468
44145;9;70.49019607843138
44146;2;87.93103448275862
44147;5;72.33009708737865
44148;2;83.33333333333334
44149;3;75.72815533980582
44150;0;78.57142857142857
44151;0;79.47368421052632
44152;0;71.875
44153;5;63.97970687711386
44154;3;75.0
44155;4;72.75229357798165
44156;1;68.88888888888889
44157;1;75.0
44158;10;74.23728813559322
44159;1;81.57894736842105
44160;2;65.23605150214593
44161;2;70.8803611738149
44163;1;74.60317460317461
44164;0;85.18518518518519
44165;2;77.14285714285715
44167;0;81.57894736842105
44168;2;73.54497354497354
44169;3;73.68421052631578
44171;2;70.78651685393258
44172;4;72.42524916943522
44173;2;80.19801980198021
44174;3;71.72897196261682
44175;1;69.67213114754098
44176;0;72.78481012658227
44177;1;73.04347826086956
44178;0;63.793103448275865
44179;1;67.95252225519289
44180;0;87.14285714285714
44181;0;75.0
44182;0;79.69543147208121
44183;0;64.93506493506493
44184;0;75.55555555555556
44185;0;76.76767676767676
44187;4;75.62189054726367
44189;0;73.21428571428571
44190;0;81.69014084507043
44191;6;76.70157068062828
44192;4;78.87323943661971
44193;1;69.23076923076923
44194;3;71.55963302752293
44195;1;68.18181818181817
44196;2;77.09923664122137
44197;0;64.28571428571429
44198;4;80.76923076923077
44199;2;93.18181818181817
44200;0;66.66666666666666
44201;0;83.03030303030303
44203;0;100.0
44204;0;87.5
44205;4;65.71428571428571
44206;0;78.94736842105263
44207;4;75.64102564102564
44208;0;59.45945945945946
44209;6;73.34933973589436
44210;3;74.26273458445041
44211;0;83.33333333333334
44212;1;94.87179487179486
44213;0;80.64516129032258
44215;2;68.55345911949685
44216;168;71.53831670118622
44217;3;86.20689655172413
44218;1;80.0
44219;1;74.74226804123711
44220;1;69.42148760330579
44221;1;81.45161290322581
44222;0;74.80916030534351
44223;0;75.0
44224;0;63.63636363636363
44225;1;69.1588785046729
44226;2;70.0
44227;0;85.13513513513513
44228;0;82.0
44229;3;73.68421052631578
44230;2;79.35483870967742
44231;0;86.8421052631579
44232;6;75.13227513227513
44234;1;83.60655737704919
44235;0;67.3913043478261
44236;0;76.19047619047619
44237;4;76.38190954773869
44238;5;69.0055962117951
44239;0;90.9090909090909
44240;0;82.27848101265823
44241;0;74.29643527204503
44243;0;83.33333333333334
44244;1;62.66666666666667
44245;2;72.17741935483872
44246;12;67.7252106286455
44247;3;68.9873417721519
44249;2;80.0
44250;0;63.1578947368421
44251;1;77.95275590551181
44252;0;75.5813953488372
44256;0;89.47368421052632
44257;1;74.09638554216868
44258;0;70.1492537313433
44260;3;66.42335766423358
44261;6;72.53044654939107
44262;2;80.0
44263;3;70.74468085106383
44264;1;77.01612903225806
44265;2;75.80645161290323
44266;0;78.26086956521739
44267;0;81.42857142857143
44268;0;100.0
50001;0;77.0
50002;1;75.52447552447552
50003;1;71.875
50004;0;74.71264367816092
50005;1;82.53275109170306
50006;6;72.86486486486487
50007;1;75.55555555555556
50008;31;67.82421031979597
50009;0;76.19047619047619
50010;0;85.29411764705883
50011;1;77.8688524590164
50012;2;80.0
50013;0;82.1917808219178
50014;0;63.94557823129252
50015;0;69.79166666666666
50016;0;76.92307692307693
50017;13;71.96841511562324
50018;1;68.83525708289612
50019;0;74.54545454545455
50020;2;69.71569839307787
50021;0;70.0
50022;7;74.90566037735849
50023;0;78.125
50024;6;76.5323992994746
50025;31;69.22402455063569
50026;10;76.30979498861048
50027;2;79.11111111111111
50028;0;65.38461538461539
50029;3;71.8849840255591
50030;1;65.58139534883722
50031;0;60.3896103896104
50032;5;72.41379310344827
50033;0;74.24242424242425
50034;5;68.64406779661016
50035;1;75.0
50036;0;87.5
50037;0;72.05882352941177
50038;7;74.63382157123834
50039;2;79.83706720977597
50040;0;84.26966292134831
50041;0;75.0
50042;1;100.0
50043;0;67.58893280632411
50044;1;63.04347826086957
50045;6;74.49718423169752
50046;5;74.71910112359551
50047;0;75.0
50048;0;85.29411764705883
50050;2;65.3061224489796
50051;2;75.49019607843137
50052;0;75.55555555555556
50053;2;74.67248908296943
50054;0;86.20689655172413
50055;22;67.7097756854057
50056;3;73.34963325183375
50057;11;65.87813620071684
50058;0;59.09090909090909
50059;8;71.39141742522756
50060;1;74.4186046511628
50061;3;85.14851485148515
50062;16;71.29579004920721
50063;0;83.60655737704919
50064;0;78.26086956521739
50065;0;81.13207547169812
50066;9;71.04158718046547
50067;112;70.1770538243626
50068;8;68.01210898082745
50069;1;72.6027397260274
50070;0;60.0
50071;0;69.6969696969697
50072;0;73.52941176470588
50073;7;74.3577767398412
50074;31;66.44674835061262
50075;1;77.5
50076;0;84.61538461538461
50077;1;76.01809954751131
50078;0;75.31914893617021
50079;0;70.28112449799197
50080;0;81.81818181818183
50081;4;74.75538160469667
50082;0;79.26829268292683
50083;1;84.26966292134831
50084;2;76.62337662337663
50085;1;75.44910179640718
50086;2;70.58823529411765
50087;1;65.38461538461539
50088;5;81.45695364238411
50089;43;73.84802431610942
50090;0;75.33333333333333
50091;0;87.8048780487805
50092;0;77.92642140468227
50093;1;71.73913043478261
50094;12;72.5417439703154
50095;110;70.0154183234602
50096;0;69.23076923076923
50098;0;74.71264367816092
50099;13;69.67239701589361
50100;1;74.77203647416414
50101;8;69.79166666666666
50102;8;76.60069848661234
50104;2;77.87356321839081
50105;1;72.2972972972973
50106;0;77.61194029850746
50107;4;77.93030623020063
50108;0;79.16666666666666
50109;3;75.72815533980582
50110;0;69.75476839237056
50111;0;79.44444444444444
50113;2;79.12621359223301
50114;0;76.72413793103449
50115;14;65.78052550231838
50116;0;74.72527472527473
50117;1;82.53968253968253
50118;10;71.68591224018476
50119;5;78.10140237324703
50120;1;76.92307692307693
50121;1;77.9783393501805
50122;1;76.47058823529412
50123;1;74.38752783964365
50124;2;76.62650602409639
50125;3;68.88888888888889
50126;19;66.343315056938
50128;1;96.15384615384616
50129;2;68.51063829787233
50130;2;62.66318537859008
50131;0;72.2943722943723
50132;0;72.30359520639148
50133;4;70.79646017699115
50134;2;71.09375
50135;3;76.92307692307693
50136;2;72.0
50137;8;76.36003956478734
50138;2;80.43478260869566
50139;3;76.99680511182109
50140;0;69.27710843373494
50141;1;82.56880733944955
50142;0;65.38461538461539
50143;6;69.6113074204947
50144;2;85.29411764705883
50146;3;77.54010695187165
50147;2;71.04247104247105
50148;4;73.73417721518987
50149;0;70.58823529411765
50150;2;61.94144838212635
50151;0;78.45911949685535
50152;14;70.4895104895105
50153;6;76.2566844919786
50154;0;82.75862068965517
50155;0;77.66990291262135
50156;2;84.18604651162791
50157;3;75.86206896551724
50159;2;76.99248120300753
50160;12;69.07953529937444
50161;0;70.75471698113208
50162;4;74.65753424657534
50163;37;73.24478178368122
50164;6;63.33333333333333
50165;26;70.94818081587651
50166;2;81.56862745098039
50167;1;78.54077253218884
50168;0;96.42857142857143
50169;0;76.63817663817663
50170;0;76.28032345013477
50171;0;74.52830188679245
50172;1;68.39378238341969
50173;1;72.52747252747253
50174;0;75.82417582417582
50175;5;69.36127744510978
50176;3;69.91525423728814
50177;4;79.54545454545455
50178;0;64.84641638225256
50179;2;85.94377510040161
50180;2;83.19327731092437
50181;5;73.81671701913393
50182;21;69.54986760812002
50183;3;74.32024169184291
50184;0;73.91304347826086
50185;1;81.203007518797
50186;0;73.80952380952381
50187;0;63.76811594202898
50188;0;89.28571428571429
50189;13;74.7517730496454
50190;3;75.25179856115109
50191;1;65.95744680851064
50192;2;76.27118644067797
50193;2;78.95545314900153
50194;1;71.5909090909091
50195;0;74.07407407407408
50196;0;81.30841121495327
50197;2;74.44444444444444
50198;1;75.92592592592592
50199;3;73.05389221556887
50200;2;80.23483365949119
50201;7;75.66964285714286
50202;1;65.78947368421053
50203;7;71.92307692307692
50204;3;73.27586206896551
50205;0;70.0
50206;4;78.91304347826087
50207;1;87.73584905660378
50208;10;68.03833145434048
50209;13;66.55132641291812
50210;1;78.94736842105263
50211;0;70.68273092369478
50212;0;90.0
50213;0;79.7872340425532
50214;0;66.66666666666666
50215;0;79.16666666666666
50216;5;79.14893617021276
50217;1;76.68161434977578
50218;1;80.53097345132744
50219;19;68.77882981306142
50220;0;80.0
50221;0;48.57142857142857
50222;7;67.26263871763256
50223;4;77.39130434782608
50224;2;79.16666666666666
50225;3;60.89171974522293
50227;0;72.47706422018348
50228;5;78.35820895522389
50229;2;75.80645161290323
50230;8;71.50214592274679
50231;4;78.0
50232;3;62.857142857142854
50233;0;76.41509433962264
50234;6;77.77777777777779
50235;11;71.14151346729372
50236;0;77.45098039215686
50237;1;73.26732673267327
50238;1;72.52747252747253
50239;0;80.64516129032258
50240;10;71.1219512195122
50241;4;70.578231292517
50242;3;80.64516129032258
50243;0;75.52870090634441
50244;1;80.59701492537313
50245;0;73.86363636363636
50246;0;68.29268292682927
50247;3;71.44592952612395
50248;2;76.18110236220473
50249;0;74.83443708609272
50250;0;84.61538461538461
50251;44;71.96804647785041
50252;24;70.88361230050604
50253;4;78.01418439716312
50254;1;65.55555555555556
50255;5;77.99043062200957
50256;0;63.85542168674698
50257;2;78.3625730994152
50258;0;62.96296296296296
50259;0;76.13636363636364
50260;0;100.0
50261;0;73.70892018779342
50262;15;76.5811965811966
50263;0;62.69430051813472
50264;0;73.71794871794873
50265;0;77.21518987341773
50266;0;73.77049180327869
50267;8;71.92691029900332
50268;0;84.0909090909091
50269;0;67.71929824561404
50270;0;68.42105263157895
50271;2;79.36507936507937
50272;84;68.81587104773713
50273;0;73.33333333333333
50274;0;77.46478873239437
50275;0;50.92592592592593
50276;2;83.2
50277;0;84.0
50278;0;73.60406091370558
50279;0;74.4186046511628
50280;0;76.20481927710844
50281;0;69.86301369863014
50282;0;78.26086956521739
50283;1;81.42857142857143
50284;0;75.88652482269504
50285;2;67.70186335403726
50286;3;64.93506493506493
50287;0;70.74074074074073
50288;31;71.30203720106289
50289;0;74.50980392156863
50290;1;73.31606217616581
50291;0;77.08333333333334
50292;1;81.6
50293;4;66.82808716707022
50294;0;90.0
50295;0;89.58333333333334
50296;4;72.22222222222221
50297;2748;72.55865129086952
50298;39;74.04837802362648
50901;0;76.08695652173914
50902;2;90.80459770114942
50903;8;72.35772357723577
33001;8;55.85642317380353
33002;47;67.68384192096048
33003;9;54.95356037151703
33004;426;69.38690039935983
33005;11;64.59627329192547
33006;5;65.5844155844156
33007;12;62.48348745046235
33008;3;69.66797974113675
33009;3;67.51381215469613
33010;17;65.31284302963776
33011;83;55.50621669626998
33012;25;66.64103057104404
33013;3;71.97309417040358
33014;53;66.38264910921767
33015;8;64.80519480519482
33016;125;71.43753267119706
33017;35;66.6030534351145
33018;18;68.94174422612892
33019;18;65.75520833333334
33020;99;67.71623957315698
33021;22;66.12726875136671
33022;11;64.72564389697648
33023;31;69.2261367058115
33024;1209;70.03233619050559
33025;57;63.63636363636363
33026;48;63.270808909730356
33027;4;60.671462829736214
33028;4;50.86206896551724
33029;2;51.714285714285715
33030;9;74.74860335195531
33031;271;63.482346241457854
33032;90;66.6257130320316
33033;68;65.9576623113542
33034;62;62.21258952129665
33035;70;68.06983339241404
33036;60;69.84319500996274
33037;243;66.40835872877666
33038;13;68.77985236647851
33039;12;73.89728096676737
33040;35;65.64080017586282
33041;52;68.370607028754
33042;35;69.39154667905248
33043;2;65.30014641288433
33044;1124;70.37868036819107
33045;28;68.13015377757966
33046;5;75.95190380761522
33047;9;76.96476964769647
33048;0;61.68831168831169
33049;43;65.10597912053147
33050;2;65.37162162162163
33051;27;65.7130718028608
33052;3;67.26768377253815
33053;6;65.03067484662577
33054;12;68.90606420927467
33055;5;73.24966974900924
33056;22;65.41925155093055
33057;16;66.72944130571248
33058;11;68.59688195991092
33059;29;66.18596642272922
33060;72;65.92633089592019
33061;0;53.43915343915344
33062;2;59.5
33063;3;77.10843373493977
33064;1;71.7948717948718
33065;7;65.51724137931035
33066;300;66.48511509903871
33067;9;74.87244897959184
33068;4;59.011893870082346
33069;17;69.60756230306502
33070;26;71.70993733213966
33071;10;72.77310924369748
33072;11;64.36781609195403
33073;41;57.80921206453121
33074;24;65.95866819747417
33075;2;56.82656826568265
33076;63;66.12824278022515
33077;5;68.03691275167785
33078;0;71.12676056338029
07001;21;70.8170117515389
07002;39;67.73379593124112
07003;55;56.38126009693053
07004;30;66.78775298391282
07005;25;61.505216095380035
07006;52;65.00579374275782
07007;2;70.30878859857482
07008;26;69.50105411103303
07009;12;70.59620596205963
07010;32;69.56967213114754
07011;139;64.27257313949714
07012;13;72.97441364605544
07013;39;68.20229617788112
07014;45;56.87158469945355
07015;184;59.7970558810919
07016;23;66.3937344250623
07017;7;68.39012925969448
07018;1;71.20418848167539
07019;2;71.12299465240642
07020;43;70.98575816810947
07021;2;76.95652173913044
07022;88;63.96708531831962
07023;49;69.3118756936737
07024;38;53.44147303814116
07025;1;75.21186440677965
07026;168;58.82542236524537
07027;100;63.057294174289844
07028;7;66.85205784204672
07029;37;70.78732597215554
07030;13;72.66279819471309
07031;124;62.24982167582763
07032;110;64.0079860244572
07033;174;57.27356576277439
07034;7;73.71031746031747
07035;8;70.73490813648294
07036;148;68.92227787052495
07037;26;60.49421332499219
07038;18;70.8457711442786
07039;31;64.80677825997107
07040;1359;62.0171207113545
07041;13;72.70058708414872
07042;64;62.6289143071442
07043;26;67.5715550309826
07044;48;67.31840265434293
07045;5;73.12741312741313
07046;86;57.7767930619738
07047;18;67.54229741763135
07048;105;58.27634171786252
07049;14;67.77027027027027
07050;19;64.39665471923537
07051;39;60.805369127516784
07052;29;62.30983501178488
07053;16;77.94612794612794
07054;99;57.374406734127334
07055;42;61.86509002956194
07056;32;67.84719458814166
07057;47;65.81589958158996
07058;13;73.80867072733788
07059;17;68.52469959946596
07060;16;65.30373831775701
07061;53;64.68072105102353
07062;52;56.87475043258352
07063;6;73.5543018335684
07064;31;65.38099717779869
07065;9;64.61833893422948
07901;7;75.73770491803279
07902;15;64.3796992481203
35001;26;71.59685863874346
35002;94;66.42232510288066
35003;13;56.59182498560737
35004;140;52.221374045801525
35005;8;71.27862595419847
35006;162;70.25642709393571
35007;2;61.839530332681015
35008;34;73.51166204534334
35009;89;71.26350163275559
35010;28;65.79539066891512
35011;95;66.36113657195234
35012;17;52.427277981121165
35013;41;73.90188679245283
35014;42;53.67115710589705
35015;29;51.64824120603016
35016;1386;64.5707453222139
35017;94;58.56831282131173
35018;54;60.619821542383676
35019;123;59.474769865459805
35020;20;66.15843553198542
35021;45;70.19765494137353
35022;160;60.57856510914964
35023;55;70.27212048605168
35024;77;62.213323625773576
35025;4;70.17250973845299
35026;407;64.06831915155999
35027;50;70.6689868522815
35028;43;56.01472995090017
35029;32;60.9344894026975
35030;34;58.518918918918914
35031;29;69.38972310235569
35032;17;72.47948417350527
35033;19;67.83369803063457
35034;27;50.48901308268766
38001;47;54.53826379276251
38002;21;73.43096234309623
38003;10;67.33842946490618
38004;23;67.90843806104128
38005;18;62.63716166788588
38006;139;52.245636976311424
38007;6;67.0680313064419
38008;17;69.29347826086956
38009;20;70.64953950557441
38010;19;68.188622754491
38011;75;67.23869713174525
38012;7;70.04686834256498
38013;17;64.29298067141403
38014;3;68.90198968312454
38015;10;68.63309352517986
38016;3;52.16680294358136
38017;95;57.10517987129444
38018;16;69.46842344388914
38019;36;61.53787878787879
38020;59;65.6917885264342
38021;9;63.41313689379988
38022;62;66.8509485094851
38023;494;66.56413032778818
38024;55;63.089474033295744
38025;30;70.3343023255814
38026;129;74.18209408194234
38027;16;66.82674547469524
38028;85;68.02696466543003
38029;1;49.04416611733685
38030;2;67.04604242110709
38031;104;73.66402900268415
38032;52;67.29621515449121
38033;8;67.66612641815234
38034;19;70.51123734255371
38035;36;59.27802406586448
38036;45;68.5376213592233
38037;64;64.42008706467661
38038;575;64.79003629002395
38039;49;70.92378535851893
38040;14;62.45767775343557
38041;40;71.95425890631873
38042;14;69.75276170436612
38043;87;69.27962737521834
38044;6;61.608775137111515
38045;12;55.43393275996873
38046;40;75.16734335564578
38047;4;67.4169949352842
38048;20;68.36708536272751
38049;8;62.29755178907721
38050;8;65.96263200649878
38051;31;71.69863775368363
38052;2;69.36370777690495
38053;17;66.10441767068274
38901;3;64.05693950177937
39001;18;77.16460513796385
39002;13;71.01273499090358
39003;0;74.07407407407408
39004;4;71.80500658761528
39005;9;76.30434782608695
39006;10;76.38807714786674
39007;2;66.66666666666666
39008;96;73.9208762700872
39009;17;73.56965174129353
39010;7;76.06973058637084
39011;5;73.75394321766562
39012;51;75.07476076555024
39013;4;78.6692759295499
39014;6;70.10192525481314
39015;4;77.1156138259833
39016;122;74.92458521870287
39017;4;69.94727592267135
39018;35;77.34597156398104
39019;10;75.03607503607503
39020;128;66.09867751780264
39021;2;78.2340862422998
39022;2;73.57142857142858
39023;25;74.83412322274881
39024;2;73.97551889302821
39025;47;75.09551927752692
39026;11;70.62857142857143
39027;26;74.47081462475947
39028;16;76.22358919497192
39029;3;78.96440129449837
39030;10;64.64379947229551
39031;4;71.03559870550163
39032;7;74.29938482570063
39033;2;73.59154929577466
39034;5;65.73426573426573
39035;57;73.847611029257
39036;2;76.67698658410733
39037;8;76.29592350276799
39038;8;68.66391184573003
39039;0;67.25352112676056
39040;14;74.74370922646784
39041;9;77.8409090909091
39042;21;76.58495350803042
39043;9;75.75962187711006
39044;21;71.83684073785399
39045;1;73.84196185286103
39046;6;71.29629629629629
39047;10;70.59123343527013
39048;12;77.44755244755245
39049;0;71.11801242236024
39050;0;69.25925925925925
39051;0;86.36363636363636
39052;110;74.23228778240842
39053;2;69.86301369863014
39054;33;75.13910527487202
39055;6;75.87476979742172
39056;8;74.97812773403325
39057;7;71.71673819742489
39058;2;69.01234567901234
39059;45;73.61632857500626
39060;29;77.79607725707442
39061;13;77.48706152961472
39062;5;76.10375275938189
39063;9;72.07859358841779
39064;7;76.65427509293681
39065;1;75.79365079365078
39066;4;76.4908256880734
39067;1;64.9367088607595
39068;2;69.65944272445822
39069;12;76.57200811359026
39070;2;66.66666666666666
39071;1;65.74307304785894
39072;2;57.55813953488372
39073;31;74.77889600487954
39074;40;74.07997681831353
39075;718;72.71939785697647
39076;19;74.62600690448792
39077;1;73.30508474576271
39078;5;69.593147751606
39079;47;73.77732702276313
39080;20;74.98588368153585
39081;4;77.11670480549199
39082;11;70.96188747731398
39083;8;59.82378854625551
39084;2;75.2983293556086
39085;44;74.40023405500293
39086;0;71.50837988826815
39087;228;74.25454891873868
39088;0;75.36231884057972
39089;1;72.72727272727273
39090;0;73.14814814814815
39091;10;77.51817237798547
39092;1;70.02237136465325
39093;4;76.58862876254182
39094;3;77.24056603773585
39095;14;77.66990291262135
39096;4;70.57971014492753
39097;2;53.228120516499274
39098;8;74.6077032810271
39099;12;74.11689145793193
39100;15;73.6046511627907
39101;3;71.8978102189781
39102;9;70.92665788317962
02001;1;80.33536585365853
02002;3;83.82978723404256
02003;630;72.44495489096762
02004;5;78.26797385620915
02005;5;75.84973166368515
02006;3;80.13816925734024
02007;4;80.0
02008;7;71.83570829840737
02009;127;72.51271617497457
02010;11;80.32420346562326
02011;1;82.27848101265823
02012;7;80.43596730245231
02013;0;77.31092436974791
02014;1;79.49438202247191
02015;5;77.16863289382373
02016;6;72.58347978910369
02017;1;70.88305489260142
02018;1;79.73462002412546
02019;12;77.79625779625779
02020;1;84.49074074074075
02021;6;77.08947885939035
02022;1;80.05698005698005
02023;3;85.56338028169014
02024;29;75.94602522733939
02025;34;77.18804449805657
02026;3;82.53588516746412
02027;2;78.73015873015873
02028;0;77.77777777777779
02029;17;75.16758074344911
02030;6;74.61663947797716
02031;0;80.88495575221238
02032;1;75.0
02033;6;79.54545454545455
02034;7;80.31837916063675
02035;13;75.66326530612245
02036;0;82.10526315789474
02037;91;63.99580125962211
02038;0;79.35943060498221
02039;10;80.28455284552845
02040;3;86.58318425760287
02041;0;78.86904761904762
02042;1;73.83512544802868
02043;3;75.62550443906376
02044;7;69.50226244343891
02045;21;78.99045020463848
02046;12;81.60291438979964
02047;2;75.21367521367522
02048;7;80.0163132137031
02049;1;69.62332928311056
02050;0;84.6938775510204
02051;6;70.22673031026252
02052;4;81.04575163398692
02053;16;74.41627751834557
02054;0;75.38860103626943
02055;6;60.24844720496895
02056;6;75.43655413271246
02057;10;73.61386138613861
02058;0;69.43620178041543
02059;1;77.48344370860927
02060;2;77.04791344667697
02061;4;81.00470957613814
02062;0;72.79411764705883
02063;3;73.34244702665755
02064;1;87.36559139784946
02065;1;82.77310924369748
02066;1;80.76923076923077
02067;6;74.09326424870466
02068;1;74.4807121661721
02069;41;73.71627502175805
02070;4;82.38213399503722
02071;5;82.19584569732937
02072;2;70.10974822466108
02073;40;72.32381343743579
02074;32;70.64869418702612
02075;4;79.10179640718563
02076;1;72.03647416413374
02077;0;85.45454545454545
02078;1;73.36956521739131
02079;12;76.83478260869565
02080;2;76.89393939393939
02081;80;72.20586631774071
02082;1;79.20792079207921
02083;0;87.21461187214612
02084;0;71.51702786377709
02085;2;78.81619937694704
02086;7;65.77726218097449
02901;7;65.45454545454545
13001;6;74.48165869218501
13002;3;68.24005394470667
13003;1;79.58333333333333
13004;4;78.73170731707317
13005;140;74.04069018799898
13006;4;76.38190954773869
13007;8;78.12745869394178
13008;0;68.2648401826484
13009;9;77.48436414176511
13010;3;73.15968289920724
13011;14;64.9415692821369
13012;1;66.34382566585957
13013;25;72.82116581777022
13014;1;80.89430894308943
13015;17;73.50883652430045
13016;4;77.74436090225564
13017;0;78.125
13018;6;78.1021897810219
13019;18;69.87649556155925
13020;31;66.88977201422297
13021;4;84.10138248847926
13022;4;74.71264367816092
13023;44;70.11033099297894
13024;3;70.48997772828508
13025;1;80.79470198675497
13026;2;78.76712328767124
13027;4;69.69253294289898
13028;52;77.51007870992514
13029;0;84.52380952380952
13030;0;70.50359712230215
13031;11;78.26264274061991
13032;2;73.96657871591908
13033;4;81.32271892222903
13034;291;72.90302624117132
13035;7;75.91463414634147
13036;2;75.21902377972467
13037;1;78.50356294536816
13038;7;75.4601226993865
13039;81;71.57176667130726
13040;4;78.11059907834101
13041;1;69.67213114754098
13042;2;70.86956521739131
13043;1;77.92207792207793
13044;13;73.38075627105954
13045;1;75.37091988130564
13046;1;73.06629834254143
13047;23;74.56597222222221
13048;2;77.38095238095238
13049;0;67.58448060075094
13050;3;76.67342799188641
13051;1;76.30057803468208
13052;46;72.41164564845089
13053;72;70.93802345058626
13054;27;75.4247572815534
13055;2;73.23308270676692
13056;70;72.94490406618553
13057;1;83.78378378378379
13058;25;72.82926829268293
13059;0;79.20792079207921
13060;0;76.04562737642586
13061;28;67.81830936513504
13062;3;78.9198606271777
13063;33;68.51052347544523
13064;9;72.58254716981132
13065;9;66.6082690960056
13066;11;78.6512370311253
13067;0;80.05698005698005
13068;4;70.4052780395853
13069;7;76.96969696969697
13070;11;76.71052631578948
13071;183;66.70046129669996
13072;5;75.390625
13073;3;75.14124293785311
13074;3;85.72895277207392
13075;1;77.72511848341233
13076;1;82.64462809917356
13077;18;63.19862424763543
13078;47;69.95907532352615
13079;72;70.09147337471414
13080;2;75.78347578347578
13081;9;75.47169811320755
13082;120;65.37880255764387
13083;10;69.87205943045811
13084;6;78.58744394618834
13085;10;82.02391118701964
13086;0;78.28571428571428
13087;133;67.75727190214808
13088;6;75.08196721311475
13089;8;80.18757327080891
13090;4;77.05667276051187
13091;0;83.64312267657994
13092;5;80.01083423618634
13093;21;72.21545210821351
13094;1;81.9078947368421
13095;0;77.64705882352942
13096;19;71.60590618058278
13097;7;74.31718061674009
13098;8;71.84512428298278
13901;5;74.46808510638297
13902;0;78.25159914712152
13903;3;79.9618320610687
13904;4;75.32956685499059
16001;0;80.26315789473685
16002;1;84.49197860962568
16003;0;84.0
16004;2;76.44787644787645
16005;2;70.58823529411765
16006;3;81.66666666666667
16007;7;75.44604927782498
16008;0;77.52808988764045
16009;0;82.25806451612904
16010;0;75.6578947368421
16011;1;81.48148148148148
16012;0;85.71428571428571
16013;0;88.88888888888889
16014;0;80.56478405315615
16015;4;70.32085561497327
16016;0;76.33928571428571
16017;2;80.32786885245902
16018;1;80.71065989847716
16019;0;72.89719626168224
16020;0;58.82352941176471
16022;0;85.8974358974359
16023;2;71.42857142857143
16024;0;75.96899224806202
16025;0;88.46153846153845
16026;2;75.60975609756098
16027;5;76.33802816901408
16029;0;72.72727272727273
16030;0;79.16666666666666
16031;1;60.86956521739131
16032;1;80.57553956834532
16033;6;76.95449241540257
16034;2;81.11111111111111
16035;4;77.77777777777779
16036;0;86.5079365079365
16038;0;81.57894736842105
16039;1;66.58163265306123
16040;0;77.5
16041;0;76.81564245810057
16042;4;80.63958513396715
16043;1;76.84210526315789
16044;0;76.92307692307693
16045;1;77.47747747747748
16046;1;73.46938775510205
16047;2;75.43103448275862
16048;1;76.7156862745098
16049;0;74.49664429530202
16050;1;82.0408163265306
16051;0;84.50704225352112
16052;2;76.41681901279708
16053;5;82.3943661971831
16055;2;67.43849493487699
16056;3;66.95842450765865
16057;0;84.0
16058;0;74.75728155339806
16060;7;75.94086021505376
16061;14;79.56656346749226
16062;0;95.83333333333334
16063;1;87.62886597938144
16064;4;83.04093567251462
16065;2;82.4742268041237
16066;19;76.90322580645162
16067;0;70.73170731707317
16068;1;71.53284671532847
16070;1;86.66666666666667
16071;0;100.0
16072;2;71.23287671232876
16073;1;88.64864864864866
16074;1;81.08108108108108
16078;235;72.54097371406503
16079;0;63.33333333333333
16081;0;70.83333333333334
16082;0;73.19587628865979
16083;0;63.46153846153846
16084;1;79.16666666666666
16085;0;81.88405797101449
16086;6;83.14606741573034
16087;5;86.0576923076923
16088;0;81.48148148148148
16089;6;80.80000000000001
16091;0;81.53846153846153
16092;1;79.11392405063292
16093;0;81.66666666666667
16094;0;75.59055118110236
16095;0;77.10843373493977
16096;1;84.67153284671532
16097;0;79.48717948717949
16098;3;81.28342245989305
16099;0;75.36945812807882
16100;0;84.30493273542601
16101;0;85.71428571428571
16102;12;75.68464730290457
16103;0;85.0574712643678
16104;0;80.3921568627451
16106;12;73.67070040337367
16107;1;78.89908256880734
16108;0;91.83673469387756
16109;1;86.36363636363636
16110;0;75.26881720430107
16111;1;71.9298245614035
16112;9;68.87107548430194
16113;10;72.31069223269418
16115;0;79.54545454545455
16116;0;88.31168831168831
16117;4;75.67307692307692
16118;13;80.43636363636364
16119;0;75.14792899408283
16121;3;78.29457364341084
16122;0;75.50200803212851
16123;3;74.39024390243902
16124;12;79.44025834230355
16125;3;74.9250149970006
16126;3;82.33766233766234
16128;0;79.36507936507937
16129;0;85.26315789473684
16130;1;78.80910683012259
16131;2;76.92307692307693
16132;0;77.14285714285715
16133;24;76.50945545682389
16134;20;75.22306108442004
16135;2;68.65671641791045
16137;1;59.25925925925925
16139;2;76.4179104477612
16140;0;59.25925925925925
16141;0;71.32867132867133
16142;1;74.26470588235294
16143;2;87.5
16145;5;80.66666666666666
16146;0;68.67469879518072
16147;0;70.3125
16148;4;87.95811518324608
16149;2;83.78378378378379
16150;0;74.22680412371135
16151;0;95.3125
16152;0;84.21052631578947
16153;7;81.98103266596416
16154;24;72.8187230548142
16155;2;78.34645669291339
16156;0;80.41237113402062
16157;2;84.83412322274881
16158;5;77.75700934579439
16159;0;72.27272727272728
16160;1;73.33333333333333
16161;0;84.21052631578947
16162;0;81.3953488372093
16163;0;83.78378378378379
16165;0;88.52459016393442
16166;1;72.42798353909465
16167;1;78.79746835443038
16169;3;63.793103448275865
16170;4;72.39884393063583
16171;8;81.61111111111111
16172;1;82.46153846153847
16173;0;76.58536585365854
16174;0;78.37837837837837
16175;35;78.11579980372915
16176;0;78.94736842105263
16177;0;82.05128205128204
16181;2;81.25
16185;0;86.04651162790698
16186;0;82.23684210526315
16187;1;74.32432432432432
16188;0;71.42857142857143
16189;4;78.03030303030303
16190;17;77.2771792360431
16191;2;75.08342602892102
16192;1;64.58333333333334
16193;0;74.24242424242425
16194;1;76.44628099173553
16195;1;78.87323943661971
16196;2;80.25276461295418
16197;0;71.1864406779661
16198;10;72.77448071216617
16199;1;83.33333333333334
16202;0;73.34200260078023
16203;34;71.13918973124748
16204;1;76.24521072796935
16205;0;76.52173913043478
16206;6;77.45098039215686
16209;2;87.06896551724138
16211;3;71.08108108108108
16212;0;82.18623481781377
16213;0;94.44444444444444
16215;2;71.07438016528926
16216;1;85.07936507936508
16217;0;83.78378378378379
16218;3;78.53403141361257
16219;0;79.7752808988764
16224;1;79.51807228915662
16225;3;78.08219178082192
16227;0;82.30088495575221
16228;4;79.65116279069767
16231;0;80.43478260869566
16234;0;72.0
16236;4;72.08791208791209
16237;0;79.0909090909091
16238;3;85.42914171656687
16239;0;81.48148148148148
16240;0;76.47058823529412
16242;1;85.8044164037855
16243;3;83.04668304668304
16244;6;82.59052924791087
16245;7;78.04295942720763
16246;3;74.89626556016597
16247;0;86.56716417910447
16248;5;76.13504074505238
16249;6;76.14035087719299
16250;0;77.63157894736842
16251;7;74.68902109248242
16253;2;78.33827893175074
16254;2;81.30841121495327
16255;0;87.14285714285714
16258;1;77.31958762886599
16259;0;75.86206896551724
16263;4;75.28675703858185
16264;2;84.13793103448276
16265;0;95.0
16266;1;71.73913043478261
16269;2;80.1909307875895
16270;0;84.5679012345679
16271;4;81.67456556082149
16272;0;79.63800904977376
16273;3;75.38940809968847
16274;0;76.03305785123968
16275;1;100.0
16276;1;76.19047619047619
16277;1;74.33628318584071
16278;0;78.57142857142857
16279;1;63.05418719211823
16280;1;85.41666666666666
16901;6;74.96296296296296
16902;0;78.1021897810219
16903;4;72.61682242990655
16904;4;80.08474576271186
16905;4;75.16339869281046
16906;1;83.75
16908;1;81.72043010752688
16909;0;76.5379113018598
16910;1;75.82417582417582
19001;0;85.71428571428571
19002;0;84.05797101449275
19003;1;83.33333333333334
19004;1;79.1044776119403
19005;0;78.57142857142857
19006;2;71.13133940182055
19007;0;74.29193899782135
19008;1;75.67567567567568
19009;6;77.22007722007721
19010;0;100.0
19011;0;73.6
19013;1;86.4
19015;0;82.14285714285714
19016;0;75.38461538461539
19017;0;82.6086956521739
19018;3;76.77419354838709
19019;0;90.0
19020;1;68.18181818181817
19021;7;73.68932038834951
19022;3;76.16000000000001
19023;2;80.64516129032258
19024;28;68.48462664714495
19027;1;76.08695652173914
19031;0;60.0
19032;1;76.36363636363637
19033;1;81.25
19034;0;72.72727272727273
19036;0;87.07224334600761
19037;1;81.56028368794325
19038;0;85.71428571428571
19039;1;88.52459016393442
19040;0;78.84615384615384
19041;3;79.14110429447852
19042;0;96.0
19043;0;85.71428571428571
19044;0;80.5921052631579
19045;0;85.71428571428571
19046;82;72.67463405595701
19047;0;85.9375
19048;1;83.33333333333334
19049;0;100.0
19050;0;93.75
19051;0;94.02985074626866
19052;1;84.0
19053;10;70.81673306772909
19054;1;85.41666666666666
19055;1;78.84615384615384
19057;1;77.63157894736842
19058;19;77.4032091859267
19059;1;79.22077922077922
19060;1;81.5068493150685
19061;0;73.68421052631578
19064;2;91.42857142857143
19065;3;81.88976377952756
19066;0;87.27272727272727
19067;1;74.28571428571429
19070;0;71.62162162162163
19071;45;70.625
19073;0;82.6086956521739
19074;0;86.11111111111111
19075;0;60.9375
19076;0;70.37037037037037
19078;0;88.0
19079;0;100.0
19080;0;63.07692307692307
19081;1;75.86206896551724
19082;0;75.29411764705883
19086;7;76.23896809232859
19087;0;100.0
19088;0;77.21518987341773
19089;0;73.33333333333333
19090;1;80.21978021978022
19091;0;76.92307692307693
19092;1;74.81662591687042
19095;0;75.0
19096;0;79.12087912087912
19097;0;62.5
19098;0;89.47368421052632
19099;6;67.11409395973155
19102;0;80.61224489795919
19103;2;82.86852589641434
19104;1;85.71428571428571
19105;8;75.10711225364182
19106;0;66.29213483146067
19107;0;81.29251700680273
19108;0;87.38738738738738
19109;0;82.05128205128204
19110;0;89.28571428571429
19111;1;81.29032258064515
19112;0;76.66666666666667
19113;3;75.4639175257732
19114;0;70.27027027027027
19115;0;75.0
19116;0;75.0
19117;8;71.88093730208993
19118;0;81.81818181818183
19119;1;87.8048780487805
19120;1;87.12871287128714
19121;1;80.89430894308943
19122;1;70.83333333333334
19123;1;80.0
19124;0;67.35751295336787
19125;0;78.04878048780488
19126;11;70.98955132145052
19127;0;71.91011235955057
19129;0;92.85714285714286
19130;286;75.70205337102004
19132;0;88.04347826086956
19133;0;86.74698795180723
19134;0;62.5
19135;3;84.11214953271028
19136;0;77.77777777777779
19138;2;79.2156862745098
19139;0;65.51724137931035
19142;3;68.67924528301886
19143;12;75.14384349827388
19145;1;89.13043478260869
19146;0;85.36585365853658
19147;0;76.74418604651163
19148;0;71.11111111111111
19150;1;77.34375
19151;1;69.92481203007519
19152;1;70.14388489208633
19153;0;77.27272727272727
19154;0;82.35294117647058
19155;0;84.84848484848484
19156;4;72.57731958762886
19157;0;83.63636363636363
19159;0;83.87096774193549
19160;2;62.97968397291196
19161;1;75.35545023696683
19162;0;72.05882352941177
19163;0;73.21428571428571
19165;0;87.2340425531915
19166;1;76.92307692307693
19167;0;77.6923076923077
19168;1;69.86301369863014
19169;0;85.0
19170;0;69.94818652849742
19171;27;73.97702076194315
19172;0;84.21052631578947
19173;0;84.44444444444444
19174;0;73.39449541284404
19175;0;87.5
19176;0;76.37130801687763
19177;0;80.26315789473685
19178;0;66.66666666666666
19179;1;81.15942028985508
19181;0;75.0
19182;0;89.47368421052632
19183;0;87.83783783783784
19184;0;70.4225352112676
19185;0;75.0
19186;0;83.9506172839506
19187;0;89.58333333333334
19188;0;68.62745098039215
19189;2;75.83333333333333
19190;10;74.2929506120726
19191;0;92.85714285714286
19192;8;76.26728110599078
19193;1;95.0
19194;1;70.40816326530613
19195;1;80.0
19196;0;80.0
19197;0;81.48148148148148
19198;0;85.71428571428571
19199;1;100.0
19200;1;73.23943661971832
19201;1;84.48275862068965
19202;0;75.0
19203;0;80.0
19204;0;81.08108108108108
19208;0;69.76744186046511
19209;1;72.5
19210;1;90.47619047619048
19211;0;78.31978319783198
19212;3;77.24039829302988
19213;2;88.57142857142857
19214;0;80.0
19215;0;85.71428571428571
19216;0;74.80916030534351
19217;0;74.07407407407408
19218;0;66.0
19219;0;69.23076923076923
19220;1;65.9860990443093
19221;1;79.16666666666666
19222;0;74.54545454545455
19223;3;74.77477477477478
19224;0;93.54838709677419
19225;3;75.69866342648845
19226;0;88.37209302325581
19227;2;66.66666666666666
19228;0;76.92307692307693
19229;0;84.84848484848484
19230;3;71.28712871287128
19231;0;90.0
19232;1;80.28169014084507
19233;1;81.25
19234;0;76.74418604651163
19235;1;76.34408602150538
19237;0;80.85106382978722
19238;0;66.66666666666666
19239;1;67.3913043478261
19240;0;86.27450980392157
19241;1;79.06976744186046
19242;1;74.71264367816092
19243;0;70.45454545454545
19244;1;79.26829268292683
19245;5;74.02597402597402
19246;2;78.26086956521739
19247;1;73.38129496402878
19248;0;80.76923076923077
19249;0;90.625
19250;0;85.0
19251;0;67.44186046511628
19252;0;86.95652173913044
19254;0;75.55555555555556
19255;1;79.74683544303798
19256;0;83.72093023255815
19257;19;71.40758154569498
19258;0;85.55555555555556
19259;1;83.33333333333334
19260;1;92.85714285714286
19261;0;67.56756756756756
19262;0;74.07407407407408
19263;1;57.692307692307686
19264;0;78.78787878787878
19265;2;79.50819672131148
19266;1;79.66101694915254
19267;0;68.42105263157895
19268;1;68.57142857142857
19269;0;79.41176470588235
19270;0;85.0
19271;0;84.78260869565217
19272;1;75.0
19274;7;73.17073170731707
19277;0;68.42105263157895
19278;0;92.85714285714286
19279;0;96.49122807017544
19280;14;71.27598152424942
19281;2;71.42857142857143
19282;0;76.07361963190185
19283;0;83.33333333333334
19284;0;100.0
19285;1;87.5
19286;2;75.97222222222221
19287;0;73.64864864864865
19288;0;100.0
19289;1;89.28571428571429
19290;5;67.26618705035972
19291;3;73.80352644836272
19293;7;72.73701124799143
19294;0;93.10344827586206
19296;0;63.33333333333333
19297;1;75.0
19298;0;69.23076923076923
19299;1;81.44329896907216
19300;5;77.07253886010362
19301;1;82.5
19302;1;83.05084745762711
19303;0;81.3953488372093
19304;3;78.99543378995433
19305;0;74.83870967741936
19306;1;80.0
19307;0;85.18518518518519
19308;0;94.64285714285714
19309;0;80.76923076923077
19310;0;77.77777777777779
19311;0;84.14634146341463
19314;0;70.58823529411765
19317;1;79.13669064748201
19318;0;72.0
19319;18;69.36390200044954
19321;1;76.92307692307693
19322;0;80.64516129032258
19323;0;77.5
19324;3;71.5909090909091
19325;0;68.59504132231406
19326;1;69.52743074416078
19327;1;83.73205741626795
19329;1;84.7457627118644
19330;2;88.73239436619718
19331;12;71.7516289766194
19332;1;77.17391304347827
19333;0;71.30434782608695
19334;0;88.57142857142857
19335;0;85.45454545454545
19901;0;92.6829268292683
45001;3;69.80926430517711
45002;17;65.56162246489859
45003;1;72.59786476868328
45004;1;72.31040564373897
45005;3;81.09243697478992
45006;4;66.9985775248933
45007;3;76.72413793103449
45008;1;84.89208633093526
45009;2;65.64885496183206
45010;2;74.93975903614458
45011;1;85.97122302158273
45012;6;77.15582450832072
45013;8;76.90557451649602
45014;22;65.9850374064838
45015;2;72.11221122112211
45016;22;74.83349191246432
45017;0;77.86259541984732
45018;4;66.86746987951807
45019;37;71.93006234751965
45020;6;80.38759689922482
45021;12;68.32000000000001
45022;3;72.89002557544757
45023;6;72.16352779053744
45024;4;74.67043314500941
45025;2;68.96265560165975
45026;2;79.14691943127961
45027;0;79.47976878612717
45028;12;74.02027952863797
45029;1;85.07462686567165
45030;2;76.98744769874477
45031;12;67.38890929122292
45032;1;64.90825688073394
45033;2;72.59475218658892
45034;6;79.97043606799704
45035;1;75.44483985765125
45036;2;71.79878048780488
45037;5;69.99376169681847
45038;15;70.77747989276139
45039;0;85.71428571428571
45040;4;62.71312083024463
45041;12;70.17590618336888
45042;0;74.8663101604278
45043;1;82.84993694829761
45045;5;68.66464339908953
45046;7;69.11276948590381
45047;6;63.929393706830396
45048;1;77.6536312849162
45049;1;70.43879907621246
45050;1;72.86652078774617
45051;5;73.64779874213836
45052;16;78.73134328358209
45053;42;77.58900687070582
45054;12;72.79616064662794
45055;6;80.49019607843138
45056;12;57.246706042707864
45057;1;81.08108108108108
45058;1;82.93333333333334
45059;1;78.09579439252336
45060;1;72.83236994219652
45061;12;69.59542296689824
45062;4;78.9568345323741
45063;1;74.34052757793765
45064;20;72.68014515292897
45065;1;76.38376383763837
45066;25;73.31571994715983
45067;19;77.2648835202761
45068;0;78.75
45069;6;75.31131564699513
45070;1;80.37841625788367
45071;5;77.71117166212534
45072;2;72.1311475409836
45073;1;78.18791946308725
45074;1;78.98550724637681
45075;0;76.22377622377621
45076;3;66.54611211573237
45077;1;76.97841726618705
45078;6;81.87092095721538
45079;3;78.04878048780488
45080;0;100.0
45081;82;70.80279720279721
45082;8;83.33333333333334
45083;0;77.96610169491525
45084;13;74.3907842268498
45085;4;67.4
45086;2;70.76612903225806
45087;43;70.12393213813019
45088;4;63.87706855791963
45089;0;73.7123745819398
45090;3;76.5625
45091;3;68.2741116751269
45092;0;84.91379310344827
45093;1;83.22580645161291
45094;1;77.00258397932816
45095;0;74.45573294629898
45096;1;80.37848605577689
45097;4;80.21032504780115
45098;12;75.59055118110236
45099;9;68.28571428571428
45100;0;79.7872340425532
45101;12;80.40468583599574
45102;14;69.39905843256714
45103;3;83.37531486146096
45104;1;75.70093457943925
45105;3;76.78571428571429
45106;52;75.45369001209839
45107;15;76.88056493705864
45108;1;80.94302554027504
45109;9;78.77211238293444
45110;5;78.55543113101903
45111;0;76.92307692307693
45112;6;64.88033298647242
45113;6;72.58485639686684
45114;0;76.0204081632653
45115;8;78.3307210031348
45116;1;74.09024745269286
45117;4;81.12449799196787
45118;6;67.85534907081868
45119;15;62.92404683278294
45120;1;80.62015503875969
45121;22;69.79105356091819
45122;16;76.82271680736761
45123;11;69.58779617007465
45124;10;78.3644859813084
45125;8;80.91106290672451
45126;3;67.6923076923077
45127;3;73.85057471264368
45128;6;67.14628297362111
45129;0;70.22900763358778
45130;1;79.81072555205047
45131;0;82.97872340425532
45132;14;74.87482931269913
45133;13;73.936360386128
45134;6;76.15433270082227
45135;8;78.23846334036074
45136;25;69.99144568006844
45137;4;64.33915211970074
45138;4;80.38496791934006
45139;1;83.23353293413174
45140;3;76.6329346826127
45141;3;79.18552036199095
45142;37;76.337527004702
45143;4;75.2991452991453
45144;3;79.18263090676884
45145;12;66.08187134502924
45146;0;78.50467289719626
45147;1;77.4526678141136
45148;0;76.36986301369863
45149;0;80.2158273381295
45150;0;80.36117381489842
45151;0;72.14532871972318
45152;0;78.02385008517888
45153;7;77.89473684210526
45154;6;72.27059611520428
45155;0;81.97183098591549
45156;13;80.67448680351906
45157;13;68.42105263157895
45158;11;70.68416865552904
45159;0;83.33333333333334
45160;6;78.809738503156
45161;32;65.79254930606282
45162;2;73.84155455904335
45163;28;71.60761629308267
45164;1;89.01098901098901
45165;236;70.82383328815828
45166;8;80.70500927643785
45167;6;79.44444444444444
45168;285;75.7737425678933
45169;0;74.07407407407408
45170;0;77.19298245614034
45171;0;76.0470242468773
45172;2;76.92307692307693
45173;30;72.87049679655499
45174;1;78.7375415282392
45175;5;82.07831325301204
45176;22;68.91527253103075
45177;3;79.5734597156398
45179;3;74.47619047619047
45180;9;72.0938760542721
45181;7;72.3110151187905
45182;1;77.94970986460348
45183;3;65.04504504504504
45184;0;64.5
45185;20;74.94805194805195
45186;11;73.24403789611237
45187;15;80.67454455933037
45188;15;70.3770197486535
45189;2;78.46410684474124
45190;0;78.10526315789474
45191;3;86.92449355432781
45192;2;83.05901244480128
45193;1;82.21859706362153
45194;0;79.41176470588235
45195;7;76.366184026156
45196;5;74.78571428571429
45197;8;76.33788037775446
45198;7;81.53676064123825
45199;14;62.857142857142854
45200;14;77.06881533101046
45201;9;60.40034812880766
45202;14;71.28916281458655
45203;8;70.26921576277799
45204;1;77.21518987341773
45205;22;64.82051282051282
45901;3;70.94682230869002
05001;2;77.4869109947644
05002;3;72.44014263881814
05005;3;81.31868131868131
05007;3;72.97297297297297
05008;1;74.8898678414097
05010;1;76.97368421052632
05012;0;78.94736842105263
05013;6;83.87096774193549
05014;18;74.53058189254507
05015;1;74.39024390243902
05016;41;73.71744277821625
05017;5;96.47058823529412
05018;0;75.86206896551724
05019;277;74.64706542475592
05021;5;77.48171368861024
05022;5;77.95969773299748
05023;1;86.90476190476191
05024;3;75.1111111111111
05025;0;84.04255319148936
05026;2;85.12820512820512
05027;2;85.13011152416357
05029;0;79.33884297520662
05030;1;84.44444444444444
05033;1;81.81818181818183
05034;0;92.85714285714286
05035;0;84.0
05036;1;82.11382113821138
05037;1;67.84313725490196
05038;0;72.17391304347827
05039;0;77.77777777777779
05040;1;75.75757575757575
05041;8;77.42257742257742
05042;0;79.73856209150327
05043;0;78.57142857142857
05044;1;68.796992481203
05045;0;72.52747252747253
05046;1;86.36363636363636
05047;17;76.81960124909921
05048;0;88.13559322033898
05049;1;67.83042394014963
05051;1;81.00558659217877
05052;0;81.05263157894737
05053;0;69.51219512195121
05054;8;76.38888888888889
05055;4;80.28169014084507
05056;0;79.16666666666666
05057;15;79.87829614604462
05058;0;62.82051282051282
05059;1;77.35849056603774
05060;0;81.89655172413794
05061;3;73.80952380952381
05062;0;82.68156424581005
05063;0;87.5
05064;0;80.58252427184466
05065;4;83.65180467091295
05066;5;81.01545253863135
05067;0;81.92771084337349
05069;0;87.67123287671232
05070;0;90.0
05072;1;82.71604938271605
05073;2;85.18518518518519
05074;5;82.21574344023324
05075;0;67.28971962616822
05076;4;80.75313807531381
05077;1;88.60759493670885
05078;1;79.13043478260869
05079;0;77.94117647058823
05080;0;77.58620689655173
05081;1;90.0
05082;1;81.66351606805293
05083;1;78.57142857142857
05084;0;71.62162162162163
05085;0;77.14285714285715
05086;2;83.75
05087;1;64.92537313432835
05088;0;76.66666666666667
05089;0;79.17525773195877
05090;1;88.31168831168831
05092;0;82.23684210526315
05093;1;72.05882352941177
05094;1;83.45323741007195
05095;1;85.87786259541986
05096;0;75.0
05097;0;66.73684210526316
05099;6;80.44806517311609
05100;1;81.65467625899281
05101;1;81.91126279863481
05102;3;75.2247191011236
05103;0;72.22222222222221
05104;0;80.0
05105;7;73.02052785923753
05106;0;71.42857142857143
05107;0;62.903225806451616
05108;0;74.46808510638297
05109;4;78.22222222222223
05110;4;71.72995780590718
05112;2;73.19587628865979
05113;0;78.87323943661971
05114;3;79.33085501858737
05115;0;72.27533460803059
05116;1;81.65137614678899
05117;1;87.0
05118;0;67.08860759493672
05119;0;68.75
05120;0;72.22222222222221
05121;4;74.29718875502009
05122;0;76.11940298507463
05123;1;75.25773195876289
05124;0;81.37254901960785
05125;0;85.45454545454545
05126;0;80.0
05127;3;80.7153965785381
05128;2;79.37853107344633
05129;2;70.39999999999999
05130;0;94.44444444444444
05131;0;69.6969696969697
05132;1;69.6875
05133;0;80.3030303030303
05134;0;79.16666666666666
05135;5;74.58823529411764
05136;3;63.541666666666664
05138;1;72.22222222222221
05139;0;87.83783783783784
05140;0;80.18018018018019
05141;1;85.1063829787234
05142;0;88.88888888888889
05143;0;77.27272727272727
05144;0;72.36842105263158
05145;0;80.0
05147;5;80.50314465408806
05148;0;60.0
05149;1;72.64150943396226
05151;1;78.02197802197803
05152;3;81.71091445427729
05153;1;75.72815533980582
05154;0;86.8421052631579
05155;0;84.61538461538461
05156;1;62.5
05157;1;69.82758620689656
05158;6;79.01907356948229
05159;0;65.47619047619048
05160;2;79.25696594427245
05161;3;79.27461139896373
05162;0;76.74418604651163
05163;4;77.54749568221071
05164;0;53.84615384615385
05165;3;78.80434782608695
05166;1;75.13513513513513
05167;4;81.49606299212599
05168;19;72.7247191011236
05169;1;82.7433628318584
05170;0;86.0
05171;1;70.27027027027027
05172;1;75.60975609756098
05173;0;81.66666666666667
05174;2;77.94117647058823
05175;1;82.38993710691824
05176;4;77.02127659574468
05177;0;82.27848101265823
05178;0;77.17391304347827
05179;1;83.17757009345794
05180;3;77.90697674418605
05181;1;79.06976744186046
05182;2;68.44783715012723
05183;0;80.43478260869566
05184;0;74.39024390243902
05185;0;86.31578947368422
05186;3;77.77777777777779
05187;7;75.42759407069556
05188;0;86.66666666666667
05189;2;78.17371937639199
05190;2;79.24528301886792
05191;1;87.60330578512396
05192;2;81.1881188118812
05193;1;86.52849740932642
05194;1;85.0
05195;2;76.81818181818181
05196;0;74.0
05197;1;83.33333333333334
05198;0;84.93150684931507
05199;0;80.0
05200;1;70.45454545454545
05201;1;80.11472275334609
05204;1;75.62189054726367
05205;1;77.02702702702703
05206;1;73.33333333333333
05207;0;79.04624277456648
05208;0;90.0
05209;0;82.35294117647058
05210;0;80.45977011494253
05211;1;75.16339869281046
05212;2;70.995670995671
05213;0;81.55339805825243
05214;0;73.68421052631578
05215;2;75.0
05216;0;77.72727272727272
05217;0;78.57142857142857
05218;0;80.16528925619835
05219;0;78.94736842105263
05220;0;83.28840970350404
05221;2;72.36467236467237
05222;1;86.39455782312925
05224;3;84.31372549019608
05225;1;76.61290322580645
05226;3;72.36842105263158
05227;1;70.6703910614525
05228;0;69.54022988505747
05229;0;82.92682926829268
05230;1;95.45454545454545
05231;2;80.60606060606061
05232;1;82.35294117647058
05233;1;86.42533936651584
05234;2;89.79591836734694
05235;0;89.51612903225806
05236;1;73.98373983739837
05237;2;80.24691358024691
05238;5;72.25063938618926
05239;3;76.63551401869158
05240;7;67.66449318316539
05241;15;67.12373490042442
05242;8;82.08516886930984
05243;0;71.76470588235294
05244;1;78.0
05245;3;81.01983002832861
05246;0;77.96610169491525
05247;1;57.26141078838174
05249;0;80.0
05251;1;70.0
05252;1;70.3125
05253;0;81.3953488372093
05254;0;84.21052631578947
05256;1;89.28571428571429
05257;0;76.51515151515152
05258;0;85.58558558558559
05259;1;84.67741935483872
05260;0;85.71428571428571
05261;0;63.41463414634146
05262;1;77.31092436974791
05263;1;74.56647398843931
05264;2;62.295081967213115
05265;1;80.48780487804879
05266;0;86.0
05267;0;71.28712871287128
05901;2;69.20152091254754
05902;0;83.09859154929578
05903;2;68.87417218543047
05904;1;69.29133858267717
05905;0;76.036866359447
09001;0;81.48148148148148
09003;0;75.77319587628865
09006;0;66.10169491525424
09007;0;68.42105263157895
09009;2;81.59509202453987
09010;1;71.875
09011;0;73.84615384615385
09012;0;71.91011235955057
09013;0;77.08333333333334
09014;1;58.97435897435898
09016;3;70.58823529411765
09017;4;76.40449438202246
09018;111;71.24614885681855
09019;0;61.33333333333333
09020;5;75.67567567567568
09021;1;58.92857142857143
09022;1;86.36363636363636
09023;11;74.22867513611615
09024;1;71.7948717948718
09025;1;68.0327868852459
09026;0;77.97927461139896
09027;0;91.30434782608695
09029;4;77.97619047619048
09030;1;66.96428571428571
09032;0;68.80733944954129
09033;1;82.22222222222221
09034;2;82.6086956521739
09035;2;72.9903536977492
09036;1;83.78378378378379
09037;0;81.98198198198197
09038;0;84.03361344537815
09039;2;79.3103448275862
09041;0;96.42857142857143
09043;1;71.35416666666666
09044;1;76.08695652173914
09045;4;67.53731343283582
09046;0;86.20689655172413
09047;1;87.03703703703704
09048;13;71.43830947511928
09050;1;82.35294117647058
09051;0;76.47058823529412
09052;0;79.3103448275862
09054;1;67.32673267326733
09055;1;80.76923076923077
09056;20;69.01809310835536
09057;0;74.48275862068967
09058;1;72.56410256410255
09059;907;74.34279936697732
09060;2;78.62068965517241
09061;0;76.5432098765432
09062;0;78.43137254901961
09063;2;80.38277511961722
09064;1;83.64197530864197
09065;1;85.3146853146853
09066;0;77.41935483870968
09067;6;67.50572082379863
09068;0;82.75862068965517
09070;0;76.47058823529412
09071;1;85.36585365853658
09072;0;76.58227848101265
09073;4;74.622030237581
09074;6;72.41813602015114
09075;3;81.25
09076;1;73.91304347826086
09077;0;79.41176470588235
09078;1;73.17073170731707
09079;0;91.83673469387756
09082;0;92.3076923076923
09083;0;89.1891891891892
09084;4;73.11827956989248
09085;2;73.05263157894737
09086;2;69.36936936936937
09088;0;68.18181818181817
09090;0;88.88888888888889
09091;4;69.06077348066299
09093;0;78.57142857142857
09094;1;79.24528301886792
09095;0;72.61904761904762
09098;5;72.7810650887574
09100;0;76.27118644067797
09101;1;73.68421052631578
09102;0;83.33333333333334
09103;1;84.7926267281106
09104;0;79.24528301886792
09105;1;78.89908256880734
09108;1;73.69791666666666
09109;8;58.61742424242424
09110;0;78.75
09112;0;77.98165137614679
09113;4;75.50111358574611
09114;0;76.74418604651163
09115;0;73.91304347826086
09117;0;78.94736842105263
09119;0;60.86956521739131
09120;1;84.21052631578947
09122;1;71.27659574468085
09123;0;87.5
09124;6;69.05710491367863
09125;1;73.97260273972603
09127;0;73.21428571428571
09128;0;78.75
09129;0;79.8076923076923
09130;1;68.91891891891892
09131;2;79.004329004329
09132;2;71.34502923976608
09133;0;80.0
09134;7;72.85067873303167
09135;1;75.60975609756098
09136;2;73.95833333333334
09137;3;75.86206896551724
09138;0;84.70588235294117
09139;3;84.46601941747572
09140;0;64.51612903225806
09141;5;78.73376623376623
09143;0;70.37037037037037
09144;0;75.47169811320755
09148;3;80.45977011494253
09149;2;68.57142857142857
09151;6;80.80357142857143
09152;0;71.20622568093385
09154;2;71.53284671532847
09155;0;74.07407407407408
09159;2;86.66666666666667
09160;0;75.29411764705883
09162;0;71.63120567375887
09163;2;80.2405498281787
09164;0;80.89171974522293
09166;0;83.50515463917526
09167;1;70.6896551724138
09168;3;74.82758620689656
09169;0;82.10526315789474
09170;1;79.02439024390245
09172;1;79.84496124031007
09173;2;80.64516129032258
09174;4;70.40302267002518
09175;2;74.01574803149606
09176;2;74.60317460317461
09177;9;67.52899197145406
09178;0;74.46808510638297
09179;1;78.04878048780488
09180;1;75.35211267605634
09181;0;73.66666666666667
09182;1;86.25
09183;0;80.3921568627451
09184;0;80.0
09189;2;72.0
09190;0;67.44186046511628
09191;0;73.68421052631578
09192;0;78.18181818181819
09194;9;72.87128712871286
09195;2;61.016949152542374
09196;1;69.12751677852349
09197;1;77.08333333333334
09198;1;79.8076923076923
09199;1;78.26086956521739
09200;0;64.0
09201;1;64.28571428571429
09202;1;88.0
09206;0;76.27118644067797
09208;3;64.76190476190476
09209;20;72.05454951933825
09211;9;73.2824427480916
09213;2;71.66123778501628
09214;4;63.541666666666664
09215;2;69.56521739130434
09216;1;69.76744186046511
09217;6;71.50997150997152
09218;1;74.52574525745257
09219;146;69.37365952960849
09220;1;74.66666666666667
09221;3;74.40347071583514
09223;0;82.22222222222221
09224;1;80.8641975308642
09225;0;66.26506024096386
09226;0;85.71428571428571
09227;4;76.47058823529412
09228;1;85.625
09229;0;73.73737373737373
09230;0;84.21052631578947
09231;1;55.072463768115945
09232;0;77.27272727272727
09235;3;84.61538461538461
09236;0;84.21052631578947
09238;4;62.21498371335505
09239;0;76.92307692307693
09241;4;77.22772277227723
09242;2;82.5
09243;1;77.63157894736842
09244;1;73.91304347826086
09246;2;72.74193548387096
09247;1;87.5
09248;1;75.64102564102564
09249;0;71.73913043478261
09250;1;72.86245353159852
09251;4;73.86666666666667
09253;1;86.23853211009175
09255;0;70.78651685393258
09256;2;72.88135593220339
09257;4;87.09677419354838
09258;5;81.97674418604652
09259;5;80.8695652173913
09261;2;70.78891257995735
09262;1;79.75460122699386
09265;0;75.67567567567568
09266;0;81.31868131868131
09267;1;89.1891891891892
09268;0;71.57894736842105
09269;1;72.22222222222221
09270;0;70.5521472392638
09272;3;74.46808510638297
09273;2;76.92307692307693
09274;12;78.59128822984245
09275;2;67.1875
09276;3;65.70680628272252
09277;0;84.16666666666667
09279;3;75.28735632183908
09280;0;71.42857142857143
09281;1;78.62068965517241
09283;0;72.72727272727273
09287;3;75.96153846153845
09288;0;77.77777777777779
09289;5;69.8828394210889
09292;1;86.20689655172413
09294;0;79.62962962962963
09295;0;72.1311475409836
09297;6;77.70897832817337
09298;1;85.36585365853658
09301;2;75.68
09302;1;74.10714285714286
09303;0;79.06976744186046
09304;3;78.89447236180904
09306;1;77.35849056603774
09307;0;74.31192660550458
09308;1;62.68656716417911
09309;0;74.4186046511628
09310;0;69.23076923076923
09311;0;77.96610169491525
09312;0;81.25
09314;0;77.6595744680851
09315;1;64.81481481481481
09316;1;76.19047619047619
09317;0;84.21052631578947
09318;0;67.21311475409836
09321;8;76.13776137761377
09323;1;75.40983606557377
09325;2;68.42105263157895
09326;0;80.0
09327;0;92.3076923076923
09328;0;73.68421052631578
09329;1;71.900826446281
09330;10;73.52355673523556
09332;2;75.71428571428571
09334;0;78.0
09335;0;77.27272727272727
09337;0;78.63247863247864
09338;0;74.8898678414097
09339;0;85.9375
09340;0;63.63636363636363
09343;0;70.96774193548387
09345;2;75.60975609756098
09346;1;69.56521739130434
09347;2;81.81818181818183
09348;2;75.0
09350;2;74.6268656716418
09351;1;79.03225806451613
09352;1;80.7017543859649
09353;1;75.0
09354;2;87.87878787878788
09355;0;76.53061224489795
09356;0;78.57142857142857
09358;3;76.07843137254902
09360;0;76.66666666666667
09361;0;78.26086956521739
09362;2;82.6923076923077
09363;2;76.37305699481865
09365;0;65.51724137931035
09366;2;72.09302325581395
09368;2;77.27272727272727
09369;1;73.1651376146789
09372;4;83.01886792452831
09373;2;67.52941176470588
09374;1;78.88888888888889
09375;0;86.11111111111111
09377;1;76.74050632911393
09378;0;77.41935483870968
09380;0;74.35897435897436
09381;1;80.0
09382;0;84.84848484848484
09384;0;71.52542372881356
09386;1;72.22222222222221
09387;0;81.19658119658119
09388;0;79.41176470588235
09389;1;82.1917808219178
09390;3;79.21440261865794
09391;3;73.13019390581718
09392;1;75.47169811320755
09394;3;74.54545454545455
09395;0;75.36231884057972
09396;0;77.56410256410257
09398;0;74.66666666666667
09400;1;77.91798107255521
09403;1;82.97872340425532
09405;0;75.38461538461539
09406;2;76.49402390438247
09407;0;82.14285714285714
09408;0;87.8048780487805
09409;4;77.47747747747748
09410;16;69.63815789473684
09411;0;67.54966887417218
09412;4;66.83544303797468
09413;2;70.18348623853211
09414;0;78.3068783068783
09415;2;65.29850746268657
09416;0;66.0377358490566
09417;1;80.0
09418;1;75.60975609756098
09419;0;70.51282051282051
09421;3;72.17391304347827
09422;0;64.70588235294117
09423;0;88.88888888888889
09424;1;80.55555555555556
09425;0;74.27466150870407
09427;8;68.92177589852008
09428;0;85.18518518518519
09429;0;73.21428571428571
09430;0;81.81818181818183
09431;0;83.05084745762711
09432;0;79.67032967032966
09433;1;80.0
09434;6;75.14262428687857
09437;3;77.6595744680851
09438;6;81.22676579925651
09439;9;73.15175097276264
09440;2;85.71428571428571
09441;0;87.83783783783784
09442;2;74.4
09443;0;71.50837988826815
09444;3;80.55555555555556
09445;3;72.72727272727273
09446;0;58.333333333333336
09447;0;93.18181818181817
09448;0;79.71698113207547
09449;0;79.06976744186046
09450;0;78.57142857142857
09451;0;80.25210084033614
09454;0;79.06976744186046
09455;0;73.33333333333333
09456;0;74.61538461538461
09458;5;73.13432835820896
09460;1;74.43181818181817
09463;7;73.86363636363636
09464;0;77.14285714285715
09466;1;75.1937984496124
09467;1;67.1875
09471;1;76.51006711409396
09472;0;81.81818181818183
09473;1;82.35294117647058
09476;0;69.35483870967742
09478;1;78.04878048780488
09480;1;81.81818181818183
09482;0;84.84848484848484
09483;0;74.88151658767772
09485;0;78.18181818181819
09901;4;70.88948787061994
09902;3;72.27074235807859
09903;27;71.53058056504192
09904;5;78.24267782426779
09905;2;72.65625
09906;8;73.99507793273175
09907;12;74.50704225352112
09908;3;68.37416481069042
24001;0;65.60846560846561
24002;1;74.89177489177489
24003;7;70.98765432098766
24004;4;75.5939524838013
24005;2;68.78306878306879
24006;0;74.78813559322035
24007;4;71.15135834411385
24008;52;72.02111613876319
24009;2;47.51552795031056
24010;60;68.06582399236824
24011;0;65.51724137931035
24012;1;71.37931034482759
24014;32;69.01010101010101
24015;18;72.80353200883002
24016;1;57.93991416309014
24017;1;73.83015597920277
24018;0;82.18390804597702
24019;3;76.8361581920904
24020;4;68.85964912280701
24021;8;69.3731343283582
24022;0;69.6969696969697
24023;1;71.48288973384031
24024;4;71.67630057803468
24025;0;76.76767676767676
24026;7;73.4069668649108
24027;8;71.2634186622626
24028;2;75.25773195876289
24029;3;73.33333333333333
24030;11;71.03109656301146
24031;0;80.0
24032;0;83.4862385321101
24033;0;77.07317073170732
24034;28;70.12374779021803
24036;2;63.888888888888886
24037;2;70.55555555555556
24038;17;74.84622855292974
24039;41;77.41153659718856
24040;2;73.2739420935412
24041;3;68.21561338289963
24042;1;88.88888888888889
24043;1;55.970149253731336
24044;1;70.83333333333334
24046;5;67.62208067940551
24047;2;69.60408684546616
24049;6;71.07215104517869
24050;0;75.49019607843137
24051;0;73.04964539007092
24052;0;65.82278481012658
24053;1;64.70588235294117
24054;1;73.0232558139535
24055;0;72.88135593220339
24056;11;70.75962539021852
24057;11;76.11070648215586
24058;3;74.51923076923077
24059;4;60.909090909090914
24060;3;60.29900332225914
24061;9;71.18544600938968
24062;1;70.50359712230215
24063;2;67.9144385026738
24064;3;72.29152987524623
24065;15;70.29934518241348
24066;4;74.49392712550608
24067;0;62.2792937399679
24068;0;75.27352297592998
24069;0;85.36585365853658
24070;20;73.32686711930165
24071;10;74.05566600397614
24073;2;69.4560669456067
24074;1;77.31958762886599
24076;4;74.86296006264683
24077;2;84.44444444444444
24078;0;76.05263157894737
24079;9;73.28918322295806
24080;3;76.99530516431925
24081;0;70.0
24082;8;73.31002331002331
24083;6;69.76967370441459
24084;0;71.16564417177914
24086;0;82.5925925925926
24087;7;74.48494453248811
24088;10;76.87074829931973
24089;631;72.43812471410358
24090;1;68.5131195335277
24091;1;70.3875968992248
24092;1;75.93984962406014
24093;2;69.16666666666667
24094;11;70.97472924187726
24095;0;73.125
24096;1;68.37606837606837
24097;3;64.22018348623854
24098;11;70.51926298157454
24099;0;77.19298245614034
24100;7;73.71879106438897
24101;3;64.98740554156171
24102;2;72.08588957055214
24103;1;57.59717314487632
24104;0;65.25096525096525
24105;16;71.41877998629198
24106;1;67.33870967741935
24107;0;74.15254237288136
24108;2;74.46808510638297
24109;3;64.79017400204708
24110;6;72.09302325581395
24112;1;73.7864077669903
24113;5;80.05464480874316
24114;9;66.15485135576608
24115;308;69.88789818343261
24116;1;75.29976019184652
24117;1;76.95852534562212
24118;1;69.84126984126983
24119;3;69.12181303116147
24120;1;72.14076246334311
24121;1;76.27906976744187
24122;8;69.29955290611028
24123;2;65.41554959785523
24124;3;66.4850136239782
24125;4;62.77056277056276
24127;4;76.35135135135135
24129;1;72.95081967213115
24130;4;73.74429223744292
24131;3;70.58011049723757
24132;1;61.6260162601626
24133;1;72.19101123595506
24134;19;72.30679156908664
24136;4;71.66666666666667
24137;7;71.24658780709736
24139;16;70.91158955565734
24141;0;89.47368421052632
24142;154;69.01548628528205
24143;0;70.19607843137254
24144;2;67.62589928057554
24145;2;70.79510703363916
24146;1;79.24528301886792
24148;23;74.70095693779905
24149;3;78.94736842105263
24150;6;70.78189300411523
24151;1;73.84937238493724
24152;1;63.577586206896555
24153;2;77.15517241379311
24154;4;66.96517412935323
24155;6;82.37791932059449
24156;1;66.52719665271967
24157;22;75.6619937694704
24158;2;64.6875
24159;6;76.74418604651163
24160;6;70.6140350877193
24161;3;71.2280701754386
24162;13;74.68805704099822
24163;24;74.45734477536597
24164;0;58.91891891891892
24165;2;67.79661016949152
24166;8;71.99715707178393
24167;4;67.33333333333333
24168;0;78.47826086956522
24169;13;72.07814078814415
24170;8;71.54088050314465
24171;0;55.33707865168539
24172;2;61.004784688995215
24173;9;71.39852786540484
24174;4;70.57613168724279
24175;14;71.72489082969432
24176;1;78.16455696202532
24177;3;68.27731092436974
24178;0;84.28571428571429
24179;4;67.93103448275862
24180;9;71.60493827160494
24181;5;70.59611520428668
24182;2;70.67307692307693
24183;6;68.94409937888199
24184;0;59.59595959595959
24185;3;75.31645569620254
24187;7;70.36172695449243
24188;19;74.56828885400314
24189;31;67.05882352941175
24190;1;74.54545454545455
24191;0;73.14814814814815
24193;2;70.8994708994709
24194;3;73.10344827586206
24196;9;73.01895964997568
24197;1;70.51114023591087
24198;2;69.5945945945946
24199;0;71.22641509433963
24201;10;69.90825688073394
24202;53;67.02047952047953
24203;0;72.63157894736842
24205;11;73.43915343915344
24206;12;73.70588235294117
24207;3;81.97278911564626
24209;12;68.18345973275551
24210;3;71.17296222664015
24211;2;75.36764705882352
24212;4;74.90310077519379
24213;1;81.33333333333333
24214;3;74.6951219512195
24215;0;74.3421052631579
24216;1;72.19917012448133
24217;1;80.74074074074075
24218;2;73.17073170731707
24219;4;75.0
24221;7;68.30188679245282
24222;101;70.1178451178451
24223;39;73.44827586206897
24224;4;73.7012987012987
24225;10;74.16173570019724
24226;0;69.84924623115577
24227;22;70.130678282514
24228;6;65.15151515151516
24229;2;77.03349282296651
24230;5;75.5868544600939
24901;5;71.54105736782903
24902;2;77.80979827089337
34001;2;82.35294117647058
34003;0;74.84662576687117
34004;43;73.45337849884115
34005;4;79.0834312573443
34006;2;82.71604938271605
34009;1;93.54838709677419
34010;5;76.25649913344887
34011;5;80.85642317380352
34012;5;75.35014005602241
34015;3;85.36585365853658
34017;9;81.04575163398692
34018;1;80.38277511961722
34019;0;85.6
34020;0;75.0
34022;9;80.68391866913124
34023;30;70.37815126050421
34024;1;67.74193548387096
34025;1;68.42105263157895
34027;6;69.21658986175116
34028;1;81.11888111888112
34029;3;82.21288515406162
34031;0;100.0
34032;1;82.5
34033;0;100.0
34034;1;77.23577235772358
34035;0;88.28828828828829
34036;0;71.09004739336493
34037;1;72.18543046357617
34038;1;73.6462093862816
34039;0;80.32786885245902
34041;1;78.88888888888889
34042;1;80.06756756756756
34045;2;86.8421052631579
34046;0;87.8048780487805
34047;12;78.39506172839506
34048;1;80.82191780821918
34049;1;74.09470752089136
34050;0;76.5
34051;0;87.12871287128714
34052;0;77.58620689655173
34053;3;82.1256038647343
34055;2;77.4074074074074
34056;13;72.67267267267268
34057;1;71.97452229299363
34058;2;91.005291005291
34059;6;81.45539906103286
34060;0;81.02189781021897
34061;1;77.35849056603774
34062;2;69.5906432748538
34063;1;91.56626506024097
34066;0;83.05084745762711
34067;1;73.22834645669292
34068;0;81.48148148148148
34069;11;73.52162400706091
34070;2;79.87012987012987
34071;1;77.19298245614034
34072;2;89.47368421052632
34073;0;80.54054054054053
34074;9;76.37906647807637
34076;2;81.60136286201022
34077;4;70.31700288184439
34079;5;75.61881188118812
34080;32;66.96043165467626
34081;0;86.88524590163934
34082;0;89.1566265060241
34083;10;68.85245901639344
34084;0;78.98550724637681
34086;0;86.40776699029125
34087;1;79.84496124031007
34088;1;78.45528455284553
34089;2;80.0
34091;3;76.42276422764228
34092;1;79.86111111111111
34093;0;82.35294117647058
34094;0;70.3125
34096;0;76.36363636363637
34098;8;70.91377091377092
34099;0;80.0
34100;1;76.05633802816901
34101;0;82.0
34102;1;82.4390243902439
34103;0;78.57142857142857
34104;1;75.20325203252033
34106;2;81.65137614678899
34107;5;64.19753086419753
34108;3;77.67527675276753
34109;0;81.35593220338984
34110;1;80.68181818181817
34112;0;82.6086956521739
34113;0;94.73684210526315
34114;0;69.56521739130434
34116;0;79.03225806451613
34120;331;73.49331921387859
34121;3;79.14438502673798
34122;0;72.28915662650603
34123;12;78.09466019417476
34124;0;83.33333333333334
34125;0;75.5813953488372
34126;2;72.20216606498195
34127;1;69.89247311827957
34129;1;72.62569832402235
34130;1;77.35849056603774
34131;0;88.13559322033898
34132;0;78.0701754385965
34133;0;85.04672897196261
34134;2;80.0
34135;0;73.43358395989975
34136;1;61.452513966480446
34137;0;85.18518518518519
34139;1;64.45783132530121
34140;0;62.616822429906534
34141;2;84.18079096045197
34143;2;73.21428571428571
34146;0;78.43137254901961
34147;0;71.08433734939759
34149;0;78.26086956521739
34151;0;65.40880503144653
34152;1;76.8
34154;1;74.32432432432432
34155;2;80.62015503875969
34156;0;90.0
34157;21;73.38247338247338
34158;3;64.58333333333334
34159;4;70.86834733893558
34160;3;82.73381294964028
34161;0;69.56521739130434
34163;0;84.44444444444444
34165;1;87.87878787878788
34167;0;83.1858407079646
34168;2;90.38461538461539
34169;0;71.03960396039604
34170;0;68.85245901639344
34171;5;73.14049586776859
34174;5;79.5
34175;0;80.0
34176;0;76.69172932330827
34177;2;83.24022346368714
34178;0;88.03418803418803
34179;0;75.0
34180;1;83.33333333333334
34181;7;71.875
34182;10;77.09923664122137
34184;0;80.7017543859649
34185;2;60.317460317460316
34186;0;86.53846153846155
34189;1;78.57142857142857
34190;2;73.21428571428571
34192;0;83.33333333333334
34196;1;76.40449438202246
34199;10;75.36945812807882
34201;1;81.86528497409327
34202;1;62.06896551724138
34204;0;89.13043478260869
34205;0;81.9672131147541
34206;4;76.32794457274827
34208;0;82.35294117647058
34210;0;87.37864077669903
34211;1;87.07865168539325
34213;1;78.94736842105263
34214;0;78.68852459016394
34215;1;85.97560975609755
34216;0;75.75757575757575
34217;8;77.6304888152444
34218;2;74.40347071583514
34220;3;85.71428571428571
34221;3;80.44692737430168
34222;3;72.5
34223;1;71.10091743119266
34224;1;78.72340425531915
34225;30;72.91200975411502
34227;2;79.22077922077922
34228;1;89.1566265060241
34229;1;83.82352941176471
34230;0;80.0
34231;1;73.36244541484717
34232;7;77.06666666666668
34233;1;82.3076923076923
34234;0;73.23943661971832
34236;0;76.92307692307693
34237;6;78.04054054054053
34238;3;81.21212121212122
34240;0;71.91011235955057
34241;1;72.22222222222221
34242;3;74.73684210526315
34243;0;77.53846153846153
34245;5;68.07817589576547
34246;0;79.1044776119403
34901;5;74.72826086956522
34902;0;76.2589928057554
34903;1;66.16161616161617
34904;2;74.28571428571429
37001;0;78.64583333333334
37002;0;62.589928057553955
37003;0;80.8695652173913
37004;0;70.0
37005;2;72.97297297297297
37006;2;74.63768115942028
37007;3;71.85354691075516
37008;19;75.38677918424754
37009;3;80.75117370892019
37010;0;75.39936102236422
37011;3;75.20661157024794
37012;1;75.32467532467533
37013;0;66.38655462184873
37014;7;70.73593073593074
37015;1;64.28571428571429
37016;2;71.35325131810193
37017;1;74.28571428571429
37018;0;73.83177570093457
37019;0;82.0
37020;1;75.81395348837209
37021;0;75.9493670886076
37022;2;80.22388059701493
37023;5;75.86694975230007
37024;0;75.28089887640449
37025;4;85.60311284046692
37026;0;77.24867724867724
37027;0;75.43859649122807
37028;0;78.91156462585033
37029;1;65.55023923444976
37030;0;77.64705882352942
37031;2;74.51523545706371
37032;0;73.17518248175182
37033;5;71.57894736842105
37034;0;76.47058823529412
37035;2;78.94736842105263
37036;0;72.1311475409836
37037;0;71.7948717948718
37038;4;75.50761421319797
37039;0;72.09302325581395
37040;2;76.47058823529412
37041;0;66.66666666666666
37042;0;63.63636363636363
37044;2;77.6824034334764
37045;0;88.46153846153845
37046;53;69.70155902004454
37047;0;46.666666666666664
37049;1;70.07299270072993
37050;0;78.78787878787878
37051;0;77.64705882352942
37052;2;76.55677655677655
37054;1;78.0
37055;0;79.67479674796748
37056;0;81.08108108108108
37057;1;80.0
37058;0;77.58620689655173
37059;1;75.80645161290323
37060;1;76.95473251028807
37061;1;74.66666666666667
37062;1;78.3132530120482
37063;0;85.5072463768116
37065;3;71.47435897435898
37067;31;78.91242491305722
37068;1;73.15068493150685
37069;7;71.79752066115702
37070;1;75.42533081285444
37071;0;83.33333333333334
37072;0;83.33333333333334
37073;2;76.45051194539249
37074;0;82.0
37077;1;86.59003831417624
37078;8;81.30277442702051
37079;1;94.8051948051948
37080;0;76.0
37081;3;78.27956989247312
37082;4;69.22110552763819
37083;0;85.71428571428571
37085;27;71.43463497453311
37086;1;71.28712871287128
37087;2;74.12993039443155
37088;3;78.74396135265701
37089;0;83.5820895522388
37090;0;82.6923076923077
37091;1;66.10169491525424
37092;8;69.68145620022753
37096;2;77.57009345794393
37097;1;69.23076923076923
37098;1;74.17417417417418
37099;0;56.16438356164384
37100;1;76.25
37101;0;80.0
37102;2;75.99009900990099
37103;8;71.10091743119266
37104;0;81.48148148148148
37106;0;63.95348837209303
37107;56;68.55258268301748
37108;0;79.7979797979798
37109;0;70.49180327868852
37110;1;76.10619469026548
37112;2;69.56521739130434
37113;3;77.13625866050808
37114;2;83.33333333333334
37115;0;72.35772357723577
37116;0;72.46376811594203
37117;3;71.4190093708166
37118;0;74.79674796747967
37119;0;78.50467289719626
37120;0;82.82828282828282
37121;3;72.69565217391303
37122;5;76.61691542288557
37123;0;71.1864406779661
37124;1;68.86792452830188
37125;0;70.6140350877193
37126;0;82.75862068965517
37127;1;71.96261682242991
37128;0;77.6923076923077
37129;3;81.27490039840637
37130;0;87.79069767441861
37131;0;75.13513513513513
37132;2;72.93447293447294
37133;1;70.27027027027027
37134;0;73.04347826086956
37135;15;74.97928748964374
37136;3;67.48466257668711
37137;0;62.857142857142854
37138;2;73.39901477832512
37139;2;82.4390243902439
37140;5;65.72700296735906
37141;2;79.22077922077922
37142;1;73.37883959044369
37143;6;77.37789203084833
37144;1;76.30853994490359
37145;2;73.35907335907336
37146;1;82.05128205128204
37147;1;69.43005181347151
37148;3;69.78922716627635
37149;0;94.11764705882352
37150;0;82.92682926829268
37151;2;84.45945945945947
37152;2;69.377990430622
37154;3;80.71428571428572
37155;0;87.6923076923077
37156;24;69.80428704566636
37157;0;80.76923076923077
37158;0;74.39024390243902
37159;1;77.77777777777779
37160;8;70.5691056910569
37161;1;77.94117647058823
37162;0;74.50980392156863
37163;0;82.92682926829268
37164;5;74.609375
37165;0;78.78787878787878
37166;2;71.02803738317756
37167;2;82.65895953757226
37168;0;71.98177676537586
37169;0;72.1590909090909
37170;3;68.59903381642512
37171;2;77.50611246943765
37172;3;64.41441441441441
37173;4;75.06648936170212
37174;3;77.65151515151516
37175;6;77.91563275434244
37176;0;82.70676691729322
37177;2;76.12456747404845
37178;0;76.0
37179;0;86.1244019138756
37180;0;74.66666666666667
37181;4;73.42657342657343
37182;0;74.66666666666667
37183;0;73.91304347826086
37184;2;77.98165137614679
37185;2;71.57360406091371
37186;2;81.73076923076923
37187;1;74.65034965034964
37188;3;71.27071823204419
37189;0;72.72727272727273
37190;1;79.53488372093022
37191;1;68.42105263157895
37192;2;64.8876404494382
37193;4;71.53846153846153
37194;1;78.08764940239044
37195;1;78.26086956521739
37196;0;85.33333333333334
37197;2;67.85714285714286
37198;3;77.29468599033817
37199;1;73.94366197183099
37200;0;72.72727272727273
37201;1;71.37404580152672
37202;10;75.05112474437627
37203;0;74.0506329113924
37204;1;71.73913043478261
37205;0;81.81818181818183
37206;3;77.6595744680851
37207;1;67.94425087108013
37208;1;73.68421052631578
37209;7;66.01941747572816
37211;4;76.78571428571429
37212;0;75.0
37213;0;83.14606741573034
37214;0;72.09302325581395
37215;1;76.47058823529412
37216;3;83.44370860927152
37217;0;77.58620689655173
37218;0;62.68656716417911
37219;0;63.005780346820806
37221;0;68.13953488372093
37222;0;77.41935483870968
37223;0;77.27272727272727
37224;3;88.83495145631069
37225;0;86.40776699029125
37226;2;79.35483870967742
37228;2;82.5
37229;0;82.96296296296296
37230;2;71.94570135746606
37231;4;78.4
37232;1;87.43589743589743
37233;1;78.68852459016394
37234;1;71.59420289855073
37235;2;68.30357142857143
37236;1;77.77777777777779
37237;1;75.30864197530865
37238;0;79.0909090909091
37239;3;85.25345622119815
37240;5;65.92592592592592
37241;1;77.97619047619048
37242;0;81.31868131868131
37243;1;71.42857142857143
37244;0;74.80916030534351
37245;2;75.43352601156069
37246;26;75.28280542986425
37247;3;83.16326530612244
37248;1;82.89473684210526
37249;0;67.44186046511628
37250;0;64.32584269662921
37251;1;75.0
37252;0;70.53571428571429
37253;2;80.74074074074075
37254;0;78.45303867403315
37255;1;69.38775510204081
37256;1;71.55963302752293
37257;0;88.46153846153845
37258;3;67.44186046511628
37259;0;63.63636363636363
37260;1;77.33333333333333
37261;1;73.7556561085973
37262;0;82.05128205128204
37263;0;69.2982456140351
37264;0;61.53846153846154
37265;0;82.27272727272728
37266;2;76.82926829268293
37267;2;78.0
37268;0;67.85714285714286
37269;1;72.93064876957494
37270;2;80.42328042328042
37271;0;80.70652173913044
37272;0;75.88652482269504
37273;1;66.35514018691589
37274;566;71.90635170250519
37275;0;59.32203389830508
37276;1;72.72727272727273
37277;0;77.33333333333333
37278;3;72.6775956284153
37279;4;69.6
37280;0;67.94871794871796
37281;0;91.66666666666666
37282;1;73.0392156862745
37283;0;74.79674796747967
37284;4;77.84810126582279
37285;2;76.92307692307693
37286;4;73.42995169082126
37287;2;68.70967741935485
37288;4;69.46564885496184
37289;3;71.98275862068965
37290;0;80.1418439716312
37291;0;76.10294117647058
37292;1;74.03846153846155
37293;1;73.04347826086956
37294;71;71.13410879233663
37296;2;77.08333333333334
37297;2;77.17647058823529
37298;0;70.94972067039106
37299;4;75.79908675799086
37300;0;70.31802120141343
37301;0;85.13513513513513
37302;2;67.58620689655173
37303;1;74.73684210526315
37304;0;73.37278106508876
37305;0;79.16666666666666
37306;1;71.81467181467181
37307;1;65.40880503144653
37309;1;68.18181818181817
37310;1;69.10112359550563
37311;3;80.1762114537445
37312;2;77.90697674418605
37313;2;70.18181818181817
37314;0;79.26829268292683
37315;0;72.91666666666666
37316;3;75.67204301075269
37317;1;78.28947368421053
37318;1;76.4423076923077
37319;0;68.42105263157895
37320;0;75.78947368421053
37321;2;78.57142857142857
37322;8;64.5841784989858
37323;5;72.86821705426357
37324;2;76.66666666666667
37325;0;69.66292134831461
37327;3;80.54054054054053
37328;1;72.58064516129032
37329;0;80.95238095238095
37330;0;73.15634218289085
37331;0;64.62264150943396
37332;0;75.0
37333;1;63.39285714285714
37334;1;63.1578947368421
37335;0;72.9064039408867
37336;1;96.15384615384616
37337;0;89.20863309352518
37338;0;82.27848101265823
37339;4;79.68253968253968
37340;1;70.19867549668875
37341;0;73.58490566037736
37342;0;72.97297297297297
37343;0;78.33333333333333
37344;2;72.61410788381743
37345;3;78.52760736196319
37346;1;77.65567765567766
37347;2;74.35897435897436
37348;0;83.47826086956522
37349;0;75.21367521367522
37350;5;75.71428571428571
37351;0;81.49466192170819
37352;1;73.91304347826086
37353;1;76.98412698412699
37354;39;72.95801526717557
37355;1;79.7752808988764
37356;0;77.01149425287356
37357;1;78.2442748091603
37358;0;84.90566037735849
37359;0;70.65217391304348
37360;1;77.33333333333333
37361;0;76.74418604651163
37362;25;73.16493955094991
37363;0;74.57627118644068
37364;6;74.02439024390245
37365;1;77.90697674418605
37366;0;74.4186046511628
37367;0;81.59203980099502
37368;0;100.0
37369;0;69.34306569343066
37370;1;78.65853658536585
37371;1;60.66176470588235
37372;0;77.08333333333334
37373;1;67.24598930481284
37374;9;80.18867924528303
37375;4;82.57142857142857
37376;6;68.92073443797582
37377;1;83.40248962655602
37378;2;69.36936936936937
37379;1;76.4367816091954
37380;0;83.92857142857143
37381;2;77.55102040816327
37382;0;79.1907514450867
40001;3;79.77207977207978
40002;0;88.88888888888889
40003;0;76.97841726618705
40004;2;77.5599128540305
40005;0;76.66666666666667
40006;0;81.81818181818183
40007;0;80.76923076923077
40008;1;88.63636363636364
40009;0;87.75510204081633
40010;1;84.29752066115702
40012;2;71.37546468401487
40013;0;79.03225806451613
40014;0;79.3103448275862
40015;1;92.85714285714286
40016;0;84.48275862068965
40017;0;81.52173913043478
40018;1;79.12087912087912
40019;1;86.11111111111111
40020;1;75.15923566878982
40021;0;100.0
40022;2;76.99530516431925
40024;6;76.05140186915888
40025;0;86.02941176470588
40026;0;91.59663865546219
40028;2;86.66666666666667
40029;0;77.14285714285715
40030;3;78.01268498942918
40031;2;75.66539923954373
40032;2;74.1025641025641
40033;0;87.93103448275862
40034;0;83.33333333333334
40035;0;76.64233576642336
40036;3;81.74757281553397
40037;0;70.73170731707317
40039;3;74.28571428571429
40040;19;70.69428461833525
40041;5;74.05515832482125
40043;8;77.6914539400666
40044;2;78.62068965517241
40045;2;77.98165137614679
40046;1;84.26966292134831
40047;0;83.33333333333334
40048;0;76.31578947368422
40049;0;87.75510204081633
40051;0;89.47368421052632
40052;0;81.08108108108108
40053;0;79.51807228915662
40054;0;83.33333333333334
40055;0;70.27027027027027
40056;1;82.35294117647058
40057;7;79.25824175824175
40058;4;85.23076923076923
40059;1;86.36363636363636
40060;0;74.39024390243902
40061;1;82.08955223880598
40062;0;85.0
40063;36;73.05524239007892
40065;3;75.65922920892496
40068;0;92.3076923076923
40069;0;79.51807228915662
40070;1;71.81208053691275
40071;1;90.69767441860465
40072;1;76.77725118483413
40073;3;86.0349127182045
40074;2;87.05882352941177
40075;0;86.875
40076;26;73.44423906346272
40077;3;75.05938242280284
40078;2;77.63975155279503
40079;3;76.49572649572649
40080;0;72.88135593220339
40081;2;75.80645161290323
40082;1;73.68421052631578
40083;0;76.62337662337663
40084;0;88.70967741935483
40086;4;81.89781021897811
40087;1;77.17391304347827
40088;0;80.28169014084507
40089;0;75.22522522522522
40091;1;81.5126050420168
40092;1;73.72881355932203
40093;1;84.4155844155844
40094;2;74.59893048128342
40095;0;79.03563941299791
40097;0;72.65625
40099;0;84.61538461538461
40100;2;78.88888888888889
40101;8;72.40592930444699
40103;2;78.61635220125787
40104;0;74.71698113207546
40105;2;89.36170212765957
40106;2;78.60696517412936
40107;1;73.0
40108;0;73.21428571428571
40109;1;80.82191780821918
40110;3;75.93123209169055
40111;0;84.48275862068965
40112;8;75.61643835616438
40113;0;76.0
40115;1;85.14851485148515
40118;1;68.62745098039215
40119;1;81.65680473372781
40120;0;88.54166666666666
40121;3;80.71428571428572
40122;2;77.1484375
40123;0;77.55102040816327
40124;6;76.79324894514767
40125;1;66.66666666666666
40126;0;70.88607594936708
40127;0;78.125
40128;0;73.64341085271317
40129;1;83.61581920903954
40130;1;82.3076923076923
40131;0;87.5
40132;1;66.07142857142857
40134;1;79.20656634746922
40135;2;83.3922261484099
40136;0;78.57142857142857
40138;7;77.13231904103274
40139;1;72.40143369175627
40140;0;75.0
40141;10;70.42755344418052
40142;0;73.58490566037736
40143;0;87.20930232558139
40144;0;77.77777777777779
40145;2;79.69174977334542
40146;0;77.55905511811024
40148;2;78.99159663865547
40149;5;72.95719844357976
40150;1;88.40579710144928
40151;0;71.73913043478261
40152;3;77.89473684210526
40154;0;75.0
40155;18;75.49744172825469
40156;1;73.91304347826086
40157;0;93.61702127659575
40158;0;70.58823529411765
40159;1;70.4225352112676
40160;1;69.6078431372549
40161;2;77.77777777777779
40162;1;77.29591836734694
40163;0;83.01886792452831
40164;0;78.53107344632768
40165;1;84.4155844155844
40166;1;86.16600790513834
40168;1;85.29411764705883
40170;7;78.03030303030303
40171;0;71.875
40172;0;87.17948717948718
40173;1;71.73913043478261
40174;2;72.77936962750717
40176;2;77.46835443037975
40177;1;81.69934640522875
40178;1;74.48979591836735
40179;2;80.3514376996805
40180;1;82.2742474916388
40181;23;77.01393810536263
40182;2;74.71910112359551
40183;2;92.3076923076923
40184;2;81.78294573643412
40185;3;74.85515643105445
40186;0;69.04761904761905
40188;0;80.0
40189;2;78.3203125
40190;0;84.90566037735849
40191;1;84.18604651162791
40192;2;73.58490566037736
40193;3;75.9825327510917
40194;206;74.19322256451694
40195;1;75.9322033898305
40196;0;83.33333333333334
40198;0;79.16666666666666
40199;0;80.0
40200;0;77.5
40201;0;85.71428571428571
40202;0;76.66666666666667
40203;4;80.31145717463849
40204;1;67.66467065868264
40205;2;77.39463601532567
40206;0;78.03468208092485
40207;3;78.50589777195282
40208;3;77.80678851174935
40210;0;69.81132075471697
40211;0;86.48648648648648
40212;2;85.18518518518519
40213;3;75.5813953488372
40214;2;80.76923076923077
40215;0;71.42857142857143
40216;3;75.6258234519104
40218;1;70.65217391304348
40219;5;77.51277683134583
40220;1;75.75757575757575
40221;0;79.59183673469387
40222;0;86.30952380952381
40223;1;75.46296296296296
40224;0;95.45454545454545
40225;3;77.59226713532513
40228;1;76.47058823529412
40229;0;66.66666666666666
40230;0;72.3404255319149
40231;0;83.33333333333334
40233;3;75.29976019184652
40234;2;75.06297229219143
40901;4;80.46875
40902;1;80.48780487804879
40903;0;77.90697674418605
40904;3;86.27450980392157
40905;1;77.44360902255639
40906;12;78.33250124812781
42001;3;76.2589928057554
42003;0;71.64179104477611
42004;15;76.89277899343546
42006;2;66.87116564417178
42007;5;76.10619469026548
42008;0;75.43859649122807
42009;0;80.76923076923077
42010;1;73.68421052631578
42011;1;55.55555555555556
42012;0;80.0
42013;0;82.35294117647058
42014;1;67.1875
42015;1;66.66666666666666
42016;0;77.77777777777779
42017;0;80.71428571428572
42018;1;76.97368421052632
42019;3;70.34883720930233
42020;35;67.48768472906403
42021;3;66.26506024096386
42022;5;78.28054298642535
42023;0;80.95238095238095
42024;0;70.93023255813954
42025;2;70.98402018502944
42026;0;83.33333333333334
42027;0;80.26315789473685
42028;0;68.0
42029;2;75.91240875912408
42030;1;82.97872340425532
42031;0;80.76923076923077
42032;0;80.82191780821918
42033;1;93.75
42034;0;73.33333333333333
42035;2;68.53055916775033
42036;1;82.0
42037;2;75.75757575757575
42038;1;77.77777777777779
42039;4;61.06194690265486
42041;0;73.52941176470588
42042;0;77.77777777777779
42043;25;71.93352677393827
42044;0;77.77777777777779
42045;2;68.43853820598007
42046;0;79.59183673469387
42048;0;77.27272727272727
42049;1;69.82758620689656
42050;0;58.06451612903226
42051;1;70.0
42052;0;86.66666666666667
42053;1;73.07692307692307
42054;0;84.21052631578947
42055;0;73.78048780487805
42056;0;86.95652173913044
42057;2;63.41463414634146
42058;0;81.41592920353983
42059;0;71.42857142857143
42060;1;55.26315789473685
42061;3;73.53951890034365
42062;0;54.54545454545454
42063;0;71.42857142857143
42064;0;79.06976744186046
42065;0;85.71428571428571
42068;1;76.82926829268293
42069;6;67.44791666666666
42070;1;79.41176470588235
42071;3;67.2514619883041
42073;0;77.33333333333333
42075;0;74.69879518072288
42076;5;82.87037037037037
42078;7;70.29411764705881
42079;1;69.23076923076923
42080;0;74.52229299363057
42081;1;70.34482758620689
42082;1;100.0
42083;0;76.92307692307693
42084;1;88.0
42085;3;68.25396825396825
42086;2;75.0
42087;0;87.75510204081633
42088;1;70.1492537313433
42089;0;81.48148148148148
42090;1;75.82417582417582
42092;1;78.57142857142857
42093;1;78.37837837837837
42094;10;71.49758454106279
42095;15;71.57360406091371
42096;6;62.86764705882353
42097;0;60.86956521739131
42098;1;70.0
42100;0;93.75
42103;1;78.125
42105;0;90.0
42106;0;71.42857142857143
42107;3;72.97297297297297
42108;1;75.0
42110;2;76.27118644067797
42111;2;75.57755775577559
42113;1;76.59176029962546
42115;1;77.04918032786885
42116;3;86.66666666666667
42117;0;72.14285714285714
42118;0;73.91304347826086
42119;3;63.29113924050633
42120;2;62.758620689655174
42121;0;73.4375
42123;4;71.34146341463415
42124;0;76.5625
42125;1;84.28571428571429
42127;1;81.57894736842105
42128;1;100.0
42129;3;73.86196769456681
42130;1;77.96610169491525
42131;1;72.54901960784314
42132;0;80.85106382978722
42134;19;73.35363532546631
42135;1;72.22222222222221
42139;1;65.21739130434783
42140;0;75.0
42141;0;71.42857142857143
42142;1;70.0
42144;2;80.96330275229357
42145;2;78.26086956521739
42148;1;100.0
42149;2;72.70341207349081
42151;0;76.47058823529412
42152;0;70.51282051282051
42153;0;85.71428571428571
42154;1;71.1340206185567
42155;1;61.67664670658682
42156;1;57.14285714285714
42157;0;76.92307692307693
42158;0;73.7864077669903
42159;0;78.37837837837837
42160;0;81.10236220472441
42161;0;74.45255474452554
42162;16;69.60034013605441
42163;0;82.0
42164;8;71.875
42165;10;66.25916870415648
42166;0;76.27118644067797
42167;2;69.7211155378486
42168;0;74.76635514018692
42171;0;62.99212598425197
42172;0;89.65517241379311
42173;261;69.27805477767912
42174;5;78.73563218390804
42175;0;76.19047619047619
42176;0;86.20689655172413
42177;1;86.95652173913044
42178;0;72.17391304347827
42181;2;75.97087378640776
42182;1;76.78571428571429
42183;2;73.87387387387388
42184;0;75.43859649122807
42185;0;84.61538461538461
42187;1;74.19354838709677
42188;0;78.0
42189;0;76.66666666666667
42190;0;73.03370786516854
42191;0;73.51351351351352
42192;2;64.28571428571429
42193;0;71.42857142857143
42194;1;69.41176470588235
42195;0;61.386138613861384
42196;0;70.0
42197;0;77.33333333333333
42198;4;69.56521739130434
42200;2;72.8395061728395
42201;0;100.0
42202;0;70.0
42204;1;70.37037037037037
42205;2;79.7752808988764
42206;1;100.0
42207;0;82.5
42208;2;59.09090909090909
42209;4;76.42857142857142
42211;1;80.48780487804879
42212;1;62.31884057971014
42213;1;77.77777777777779
42215;7;68.69340232858991
42216;0;92.0
42217;0;80.64516129032258
42218;0;67.07317073170732
42219;0;72.09302325581395
47001;0;83.63636363636363
47002;1;91.30434782608695
47003;3;79.29515418502203
47004;7;79.50889077053344
47005;2;75.22768670309654
47006;1;71.57894736842105
47007;24;73.36163438577871
47008;1;79.16666666666666
47009;0;80.37383177570094
47010;81;76.8373515915216
47011;5;81.59292035398231
47012;0;82.30088495575221
47013;1;82.0
47014;0;88.23529411764706
47015;0;81.0
47016;0;81.15942028985508
47017;1;78.60696517412936
47018;0;82.35294117647058
47019;0;87.05882352941177
47020;2;83.57142857142857
47021;0;84.21052631578947
47022;0;84.7457627118644
47023;18;78.26377295492487
47024;1;80.3088803088803
47025;1;78.33333333333333
47026;1;86.95652173913044
47027;9;74.1712204007286
47028;0;63.63636363636363
47029;0;91.22807017543859
47030;6;77.1399798590131
47031;1;76.71957671957672
47032;1;76.97368421052632
47033;1;78.57142857142857
47034;3;80.55555555555556
47035;3;77.85016286644951
47036;3;79.3859649122807
47037;0;82.14285714285714
47038;0;73.33333333333333
47039;0;76.21621621621621
47040;0;82.8125
47041;2;74.66666666666667
47042;0;68.51851851851852
47043;0;80.47138047138047
47044;2;88.51963746223565
47045;1;75.36041939711664
47046;1;77.96610169491525
47047;2;78.89447236180904
47048;1;76.59574468085107
47049;0;67.32673267326733
47050;26;70.71793492874428
47051;2;80.0
47052;40;75.85158150851582
47053;0;82.35294117647058
47054;9;79.84251968503938
47055;0;82.26600985221675
47056;0;77.01149425287356
47057;0;73.50746268656717
47058;0;72.5
47059;2;78.35051546391753
47060;1;83.72093023255815
47061;2;82.8125
47062;0;79.75460122699386
47063;1;78.64077669902912
47064;0;84.84848484848484
47065;1;78.64644107351225
47066;12;77.36593059936908
47067;0;72.98850574712644
47068;0;76.47058823529412
47069;1;84.67741935483872
47070;0;72.97297297297297
47071;4;79.02439024390245
47073;1;84.42622950819673
47074;2;78.52348993288591
47075;24;75.80313014827018
47076;92;75.27444105983102
47077;1;78.45528455284553
47078;1;77.91411042944786
47079;0;82.75862068965517
47080;0;73.33333333333333
47081;1;80.0
47082;8;78.81773399014779
47083;1;73.75
47084;7;77.13043478260869
47085;114;71.20756079942211
47086;24;76.036866359447
47087;3;79.00262467191601
47088;1;83.49514563106796
47089;0;84.45945945945947
47090;8;71.46401985111662
47091;2;84.52380952380952
47092;0;79.0909090909091
47093;5;75.39975399753997
47094;1;86.46616541353383
47095;0;81.57894736842105
47096;0;78.57142857142857
47097;0;81.84615384615384
47098;4;80.55555555555556
47099;1;90.0
47100;1;84.78260869565217
47101;16;79.35672514619883
47102;1;79.03780068728523
47103;5;73.78277153558052
47104;19;76.93935119887165
47105;0;86.33879781420765
47106;0;78.0
47109;2;77.09497206703911
47110;1;77.77777777777779
47111;7;72.74509803921568
47112;7;77.88944723618091
47113;0;81.13207547169812
47114;26;68.89987639060568
47115;3;83.98576512455516
47116;0;81.97115384615384
47117;2;77.40863787375415
47118;2;75.59523809523809
47119;1;86.95652173913044
47121;6;80.33088235294117
47122;7;76.91929133858267
47123;4;75.9656652360515
47124;3;80.61224489795919
47125;0;79.3103448275862
47126;0;82.0
47127;0;71.53284671532847
47128;0;86.66666666666667
47129;4;76.23421354764638
47130;0;75.0
47131;2;78.82352941176471
47132;1;80.0
47133;16;75.80164056674124
47134;1;77.57575757575758
47135;2;86.74698795180723
47137;1;86.20689655172413
47138;1;70.53941908713693
47139;6;74.71153846153847
47140;1;88.69565217391305
47141;0;82.83582089552239
47142;0;70.2127659574468
47143;0;77.11864406779661
47144;1;82.05128205128204
47145;3;74.29519071310115
47146;1;80.7843137254902
47147;0;79.3103448275862
47148;2;77.37556561085974
47149;3;80.95238095238095
47150;0;76.27737226277372
47151;0;88.88888888888889
47152;0;76.92307692307693
47153;0;71.29629629629629
47154;1;84.21052631578947
47155;18;70.53903345724906
47156;0;83.9506172839506
47157;1;82.33009708737865
47158;8;75.0281214848144
47159;1;78.34549878345499
47160;0;72.47058823529412
47161;12;80.27054619703931
47162;0;81.08108108108108
47163;3;79.3103448275862
47164;1;82.8042328042328
47165;66;71.24370956146657
47166;2;78.76447876447877
47167;1;84.64730290456431
47168;1;89.65517241379311
47169;0;86.76470588235294
47170;2;84.84848484848484
47171;6;74.44717444717445
47172;0;86.11111111111111
47173;20;73.18181818181819
47174;1;81.64794007490637
47175;39;72.83668494820232
47176;1;63.4703196347032
47177;1;72.38095238095238
47178;3;81.3953488372093
47179;0;74.17721518987341
47180;4;83.56164383561644
47181;3;81.81818181818183
47182;8;73.84731670445956
47183;0;81.53846153846153
47184;1;79.05759162303664
47185;0;73.73737373737373
47186;1198;75.64742209401535
47187;0;72.61904761904762
47188;3;79.27927927927928
47189;0;78.28947368421053
47190;1;81.63265306122449
47191;0;73.14814814814815
47192;1;81.37254901960785
47193;7;79.3278376664553
47194;2;80.20134228187919
47195;4;75.16339869281046
47196;0;79.41176470588235
47197;8;76.82648401826484
47198;0;72.46376811594203
47199;0;78.75
47200;0;77.64705882352942
47203;1;85.48387096774194
47204;0;79.6875
47205;0;69.27083333333334
47206;0;86.95652173913044
47207;3;77.33812949640287
47208;1;65.51724137931035
47209;0;82.92682926829268
47210;3;73.82198952879581
47211;0;74.46808510638297
47212;2;85.0
47213;0;75.22935779816514
47214;7;77.14691270404542
47215;0;84.90566037735849
47216;0;79.13043478260869
47217;1;71.72774869109948
47218;2;74.82376636455186
47219;0;87.8048780487805
47220;0;78.78787878787878
47221;0;84.68468468468468
47222;1;77.10843373493977
47223;2;77.70700636942675
47224;0;87.35632183908046
47225;0;78.75
47226;0;78.84615384615384
47227;0;81.9672131147541
47228;2;75.22727272727273
47229;1;70.47619047619048
47230;2;81.1881188118812
47231;24;74.96023630992956
47232;1;75.49019607843137
49002;0;80.95238095238095
49003;5;68.0
49004;4;79.36507936507937
49005;2;61.07382550335571
49006;0;64.28571428571429
49007;1;68.91891891891892
49008;5;72.17391304347827
49009;2;74.55470737913485
49010;5;80.8695652173913
49011;6;72.41379310344827
49012;0;58.9041095890411
49013;2;73.98373983739837
49014;2;81.25
49015;0;78.8546255506608
49016;5;71.25506072874494
49017;1;71.71314741035857
49018;2;79.33130699088146
49019;2;77.36625514403292
49020;2;74.0484429065744
49021;95;68.93230983949756
49022;3;79.51388888888889
49023;10;69.59669079627714
49024;5;68.30357142857143
49025;1;76.878612716763
49026;0;79.20353982300885
49027;1;80.0
49028;1;90.43478260869566
49029;3;79.45425361155698
49030;0;80.23255813953489
49031;6;81.08108108108108
49032;1;79.4478527607362
49033;1;71.1484593837535
49034;2;75.69444444444444
49035;3;88.49557522123894
49036;2;73.91304347826086
49037;0;82.70270270270271
49038;1;71.71717171717171
49039;3;72.48520710059172
49040;0;88.59649122807018
49041;5;75.46296296296296
49042;1;72.95081967213115
49043;1;75.08650519031141
49044;0;75.0
49046;0;75.74626865671642
49047;0;70.09345794392523
49048;0;78.2258064516129
49050;1;67.45562130177515
49052;1;71.12299465240642
49053;8;76.1546723952739
49054;13;69.01565995525726
49055;2;80.3921568627451
49056;2;70.33333333333334
49057;1;77.98165137614679
49058;0;77.19869706840392
49059;0;68.08510638297872
49061;2;76.0
49062;0;73.77049180327869
49063;4;80.4733727810651
49064;6;67.18446601941747
49065;2;75.79329102447869
49066;4;68.29268292682927
49067;0;68.11989100817438
49068;4;67.09956709956711
49069;5;70.29972752043598
49071;2;64.70588235294117
49075;0;87.59124087591242
49076;2;67.601246105919
49077;0;56.284153005464475
49078;1;82.94117647058825
49079;1;87.73584905660378
49080;2;75.91240875912408
49081;9;73.51664254703329
49082;6;84.67966573816156
49083;2;84.61538461538461
49084;4;79.79094076655052
49085;2;68.67469879518072
49086;0;83.47826086956522
49087;0;61.80422264875239
49088;0;70.11494252873564
49090;6;72.58883248730965
49091;0;74.23076923076923
49092;1;69.76744186046511
49093;1;79.64285714285714
49094;2;66.51785714285714
49095;0;75.94501718213058
49096;2;77.05882352941177
49097;0;61.1764705882353
49098;0;76.25570776255708
49099;0;75.65217391304347
49100;5;71.86440677966101
49101;0;66.66666666666666
49102;2;72.95918367346938
49103;5;79.71014492753623
49104;0;68.22157434402332
49105;0;72.66666666666667
49107;2;74.60317460317461
49108;0;74.2489270386266
49109;11;78.02907915993538
49110;0;66.37931034482759
49111;4;77.16535433070865
49112;0;59.523809523809526
49113;1;82.03592814371258
49114;0;79.06976744186046
49115;0;73.91304347826086
49116;3;72.0626631853786
49117;6;70.96774193548387
49118;1;79.3103448275862
49119;0;74.44933920704845
49120;0;71.62162162162163
49121;2;74.79452054794521
49122;5;67.26342710997443
49123;1;71.6117216117216
49124;1;68.77470355731225
49125;10;67.07404744787922
49126;2;65.95744680851064
49127;16;70.46894803548795
49128;3;76.63043478260869
49129;9;69.4021101992966
49130;5;79.44444444444444
49131;6;73.48484848484848
49132;1;74.36708860759494
49133;1;70.39473684210526
49134;0;70.34883720930233
49135;1;69.32907348242811
49136;1;69.18238993710692
49137;0;78.97727272727273
49138;3;78.63247863247864
49139;0;78.94736842105263
49141;0;72.94117647058823
49142;0;72.28915662650603
49143;0;72.44444444444444
49145;0;68.64406779661016
49146;3;73.22033898305085
49147;0;72.24334600760456
49148;1;52.69230769230769
49149;3;70.0
49150;1;80.57553956834532
49151;2;74.1518578352181
49152;2;64.57142857142857
49153;0;78.16091954022988
49154;0;61.417322834645674
49155;3;77.21518987341773
49156;0;77.63713080168776
49157;2;79.12621359223301
49158;2;79.06976744186046
49159;4;77.12177121771218
49160;0;67.3469387755102
49162;1;76.34408602150538
49163;5;72.14611872146118
49164;2;76.77419354838709
49165;0;86.4406779661017
49166;6;77.09861450692746
49167;0;74.61928934010153
49168;0;79.56989247311827
49169;0;74.28571428571429
49170;0;70.58823529411765
49171;10;79.56656346749226
49172;1;65.84440227703985
49173;3;61.33333333333333
49174;1;76.0
49175;1;74.78260869565217
49176;1;64.91754122938531
49177;1;64.38848920863309
49178;4;70.35460992907801
49179;0;64.15094339622641
49180;2;69.5945945945946
49181;2;76.51933701657458
49183;2;77.0
49184;0;66.86046511627907
49185;2;78.343949044586
49186;0;72.03065134099617
49187;4;72.49190938511327
49188;1;80.35714285714286
49189;1;70.29702970297029
49190;0;74.60317460317461
49191;2;78.30882352941177
49192;2;84.61538461538461
49193;4;67.02355460385438
49194;1;59.2391304347826
49197;1;70.28571428571428
49199;3;75.98425196850394
49200;10;75.86933614330874
49201;3;89.40397350993378
49202;4;69.5187165775401
49203;0;76.6773162939297
49204;0;80.95238095238095
49205;2;76.70157068062828
49206;9;73.09523809523809
49207;0;62.76150627615063
49208;2;62.944162436548226
49209;2;67.72277227722773
49210;1;78.55626326963908
49214;3;75.21489971346705
49216;0;87.65432098765432
49219;53;66.82743837084672
49220;0;81.48148148148148
49221;1;52.6530612244898
49222;0;73.42105263157895
49223;4;80.85106382978722
49224;1;69.1358024691358
49225;0;61.904761904761905
49226;0;77.64705882352942
49227;2;73.01587301587301
49228;0;81.48148148148148
49229;0;73.80952380952381
49230;0;74.22680412371135
49231;2;70.3030303030303
49232;1;77.08333333333334
49233;0;62.365591397849464
49234;0;79.6116504854369
49235;0;67.94582392776523
49236;0;77.33333333333333
49237;2;72.12121212121212
49238;1;76.37795275590551
49239;3;69.07993966817496
49240;2;78.64077669902912
49241;0;71.37096774193549
49242;5;80.53691275167785
49243;0;84.68468468468468
49244;0;67.44186046511628
49245;2;67.17557251908397
49246;2;83.70044052863436
49247;2;63.88261851015802
49248;1;81.18279569892472
49249;1;84.05797101449275
49250;7;75.1004016064257
49251;1;77.91411042944786
49252;5;79.375
49255;1;76.31578947368422
49256;0;79.6875
49257;1;65.29209621993127
49258;2;81.57894736842105
49259;1;74.15730337078652
49260;8;78.1456953642384
49261;8;68.18477553675993
49262;1;71.1734693877551
49263;0;70.58823529411765
49264;5;66.26297577854672
49265;1;71.09375
49266;2;82.89473684210526
49267;2;82.95454545454545
49268;1;77.66749379652606
49269;1;72.0524017467249
49270;1;74.43609022556392
49271;1;74.74226804123711
49272;1;79.54545454545455
49273;0;59.893048128342244
49275;356;69.34495307412372
08001;46;70.91051981587515
08002;0;65.0
08003;39;68.30886504799548
08004;2;73.99103139013454
08005;22;67.477840451249
08006;60;62.85963382737576
08007;33;66.03424340583064
08008;5;57.89473684210527
08009;50;67.61437908496733
08010;20;63.12380038387716
08011;16;61.902050113895214
08012;17;64.29425837320574
08013;9;65.52287581699346
08014;15;69.62283384301733
08015;820;63.939668873746044
08016;19;62.04259967231022
08017;9;61.58580738595221
08018;23;64.11229135053111
08019;5799;67.59953324404191
08020;33;71.51847340641494
08021;0;70.0
08022;66;59.04028824107436
08023;35;64.5975645975646
08024;0;62.95336787564767
08025;4;65.83892617449665
08026;0;71.27659574468085
08027;2;70.74235807860262
08028;4;63.28125
08029;25;71.03448275862068
08030;21;67.98125732135884
08031;6;66.83893195521102
08032;11;66.58253407370015
08033;63;66.83836728322797
08034;1;70.51114023591087
08035;51;62.77994739778433
08036;1;64.41717791411043
08037;14;66.63090128755364
08038;15;64.49226630800268
08039;0;73.48066298342542
08040;51;63.91819964515828
08041;57;64.24635018853331
08042;17;70.14791573285522
08043;9;64.22992814745392
08044;15;66.14344361265395
08045;0;50.68493150684932
08046;103;68.12641083521444
08047;16;58.78430366760708
08048;4;71.99312714776632
08049;3;61.098221191028614
08050;2;70.2127659574468
08051;102;67.63608000445707
08052;0;62.4113475177305
08053;8;57.568149210903876
08054;44;68.59302067126029
08055;4;63.77649325626204
08056;257;66.75130517323208
08057;1;75.0
08058;6;63.69942196531792
08059;2;56.195965417867434
08060;0;60.416666666666664
08061;14;65.86506346025384
08062;4;64.7489539748954
08063;4;74.39293598233996
08064;9;67.40660530590145
08065;10;67.77210884353741
08066;8;67.83882783882784
08067;47;63.00749259452867
08068;33;65.09377791009229
08069;32;68.1918586304828
08070;2;72.93233082706767
08071;5;67.91666666666667
08072;42;62.988595379666634
08073;294;68.3906558384832
08074;52;63.40589953821506
08075;14;63.842389904712846
08076;75;65.8791514626755
08077;127;69.75194157876435
08078;3;51.141552511415526
08079;4;74.63556851311954
08080;3;76.47058823529412
08081;3;65.48672566371681
08082;4;62.42317822651449
08083;9;68.4179104477612
08084;14;67.68826619964973
08085;5;66.2
08086;75;63.40745103813872
08087;2;79.60526315789474
08088;69;68.4847466173628
08089;170;65.67208271787297
08090;2;78.90625
08091;17;68.85964912280701
08092;13;63.41006423982869
08093;0;77.77777777777779
08094;14;71.3277742142399
08095;0;65.75342465753424
08096;263;67.56369949791188
08097;8;70.02938295788442
08098;5;64.84670306593868
08099;2;65.02002670226969
08100;25;69.7151424287856
08101;847;65.07312938804961
08102;172;65.26010743567996
08103;2;63.2
08104;3;63.62297496318114
08105;49;66.39667705088266
08106;40;66.91853276548977
08107;67;65.29299252303947
08108;21;69.79665071770334
08109;0;75.0
08110;73;63.514832895230946
08111;3;84.86238532110092
08112;74;60.336147471148635
08113;254;62.17042047813053
08114;72;66.16006997594577
08115;17;68.14951302974467
08116;2;66.95501730103807
08117;11;65.38775510204081
08118;105;69.43067190972816
08119;28;67.22213234104514
08120;44;68.88076079005121
08121;446;66.05598082245719
08122;5;63.60424028268551
08123;106;70.8307210031348
08124;184;67.33507227475275
08125;164;65.41206490969259
08126;56;67.75262917238226
08127;14;60.629213483146074
08128;2;66.60746003552399
08129;3;69.04761904761905
08130;0;58.94736842105262
08131;7;66.9034090909091
08132;4;55.61357702349869
08133;0;56.25
08134;7;66.79012345679011
08135;51;72.0832709300584
08136;84;67.27510917030568
08137;2;71.7557251908397
08138;27;62.09981167608286
08139;2;75.42857142857143
08140;23;65.31210724759113
08141;34;64.71619548542625
08142;5;77.44360902255639
08143;17;64.05667412378821
08144;5;62.34309623430963
08145;11;68.25702193151211
08146;12;68.81804043545878
08147;65;66.1283668297283
08148;7;66.77115987460816
08149;10;57.301107754279954
08150;1;72.94117647058823
08151;2;61.80257510729614
08152;0;70.17543859649122
08153;2;71.74721189591078
08154;5;70.97701149425288
08155;39;64.68053491827638
08156;43;67.22982278945918
08157;45;69.47029348604151
08158;21;66.64503569110967
08159;76;66.63592508513054
08160;1;63.608562691131496
08161;73;62.76022972002872
08162;7;68.39276990718123
08163;68;63.30668955528137
08164;7;67.68893756845564
08165;9;66.7070952092177
08166;7;63.673057517658926
08167;40;69.05245346869712
08168;5;64.52513966480447
08169;243;68.36617182101803
08170;7;61.33333333333333
08171;12;61.24583927722301
08172;92;68.26232411689462
08174;3;72.1938775510204
08175;20;62.14520466089035
08176;2;69.87179487179486
08177;0;75.0
08178;4;71.03448275862068
08179;5;68.39378238341969
08180;153;66.07672941795363
08181;48;65.65233929250665
08182;22;63.9985770188545
08183;20;61.72269830806416
08184;264;64.55232893001134
08185;2;65.42553191489363
08187;805;67.46753118909021
08188;0;67.82608695652173
08189;3;70.86614173228347
08190;2;65.625
08191;27;65.92861233059745
08192;35;65.67453328636844
08193;12;63.66525423728814
08194;122;58.63211223694466
08195;0;76.82926829268293
08196;94;66.20392034523995
08197;37;65.63807531380753
08198;23;67.377012015416
08199;14;68.77828054298642
08200;312;67.21816020453028
08201;4;62.89592760180995
08202;75;65.78075709779179
08203;8;61.33891213389121
08204;17;68.54337152209493
08205;367;72.45010530538562
08206;5;71.84065934065934
08207;19;75.44235924932975
08208;30;69.36496859734822
08209;29;65.11147202126088
08210;31;60.61446061446062
08211;226;71.2674949366706
08212;0;65.3688524590164
08213;37;62.5098908055072
08214;47;68.36898006692856
08215;16;64.25811437403401
08216;1;60.0
08217;114;71.09128016327185
08218;59;63.740791609439384
08219;98;69.3878874335365
08220;18;71.73174872665535
08221;67;71.13518758085382
08222;14;71.66226912928761
08223;12;63.822894168466526
08224;2;67.92682926829269
08225;4;71.73913043478261
08226;6;72.72727272727273
08227;20;64.8323301805675
08228;6;66.11295681063123
08229;9;66.72897196261682
08230;54;67.80615586116568
08231;96;63.39719898852363
08232;6;66.64788732394366
08233;16;61.62479957242116
08234;21;66.5
08235;16;67.49864351600651
08236;4;65.88081204977078
08237;8;67.25502130249544
08238;98;71.41972335007914
08239;3;67.10816777041943
08240;38;69.66195977749251
08241;0;71.23287671232876
08242;4;69.86301369863014
08243;7;69.75308641975309
08244;36;69.98803623312254
08245;384;64.68903541152211
08246;9;65.22522522522523
08247;4;66.28511966701353
08248;45;65.80549916958849
08249;2;79.32330827067669
08250;48;63.44710380965869
08251;17;65.34911717495987
08252;145;69.22669922669922
08253;2;61.832061068702295
08254;10;66.64749856239219
08255;0;58.2089552238806
08256;5;74.46153846153845
08257;0;66.35514018691589
08258;6;67.10843373493975
08259;39;69.47416001205364
08260;106;67.22116171257159
08261;11;64.4177051998281
08262;50;61.07372732592159
08263;149;65.37287812321189
08264;26;67.72254335260116
08265;11;66.19446233097231
08266;229;70.16500116198002
08267;51;66.011453335397
08268;4;66.16915422885572
08269;14;66.89113355780022
08270;93;66.75500270416441
08271;0;68.57142857142857
08272;1;59.60264900662252
08273;10;70.89584226318046
08274;26;64.90889603429795
08275;4;72.46963562753037
08276;2;69.62025316455697
08277;0;68.78980891719745
08278;20;66.14354467461811
08279;840;66.08920111092958
08280;2;68.04123711340206
08281;17;69.61682632236568
08282;45;71.66311948920645
08283;24;61.54620157638773
08284;59;59.16342894932628
08285;52;62.558685446009385
08286;14;62.59117749218479
08287;2;70.22900763358778
08288;7;60.51838456901748
08289;27;67.12770862148454
08290;12;74.18712674187127
08291;21;65.58641975308642
08292;6;68.09701492537313
08293;0;76.71232876712328
08294;17;65.46286876907426
08295;51;64.13983440662373
08296;7;69.61170512099044
08297;0;63.43283582089553
08298;139;62.989686827093806
08299;5;62.40409207161125
08300;35;70.14793941528707
08301;253;67.37442593240934
08302;82;64.50423085267954
08303;2;70.43795620437956
08304;3;69.21182266009852
08305;147;65.69369764804858
08306;5;59.09090909090909
08307;195;66.28015322497153
08308;1;66.41221374045801
08901;1;65.19823788546255
08902;31;68.33289018877959
08903;0;77.57009345794393
08904;52;62.7594049085568
08905;26;71.99488491048594
17001;2;68.82453151618398
17002;0;72.12230215827337
17003;0;64.42307692307693
17004;4;65.4296875
17005;3;62.227602905569015
17006;1;60.86956521739131
17007;7;68.80415944540728
17008;16;60.192307692307686
17009;14;64.35865504358655
17010;3;66.66666666666666
17011;6;69.70172684458399
17012;9;61.39737991266375
17013;17;63.86795837818443
17014;1;75.0
17015;66;62.42627132153674
17016;1;68.39945280437757
17018;2;68.125
17019;7;67.6619718309859
17020;20;64.94988864142539
17021;4;65.64885496183206
17022;58;60.882778581765564
17023;122;63.10829146650042
17024;1;57.08955223880597
17025;6;69.9294532627866
17026;5;68.01470588235294
17027;17;67.21020914569301
17028;6;69.96587030716724
17029;1;61.35265700483091
17030;1;62.402496099843994
17031;3;57.738095238095234
17032;10;56.18826263800116
17033;29;61.503674392312035
17034;29;60.10676670033184
17035;5;69.52554744525547
17036;15;63.67316893632683
17037;1;66.34615384615384
17038;6;63.934426229508205
17039;14;65.88971006253553
17040;3;64.61824953445065
17041;2;59.63302752293578
17042;2;64.9164677804296
17043;1;75.77639751552795
17044;33;65.15509601181684
17046;4;64.01673640167364
17047;28;57.79491454772822
17048;36;61.384393526678416
17049;14;67.11581649021495
17050;3;69.47852760736197
17051;1;66.5137614678899
17052;0;62.4
17054;1;63.78378378378379
17055;0;73.33333333333333
17056;16;65.3061224489796
17057;11;66.21900826446281
17058;3;57.06214689265536
17060;5;63.20754716981132
17061;1;66.66666666666666
17062;22;58.12353138637126
17063;0;68.51851851851852
17064;4;66.45962732919256
17065;1;69.48640483383686
17066;150;57.31119644605075
17067;5;67.09770114942529
17068;1;64.48979591836735
17069;0;68.44919786096256
17070;2;68.46846846846847
17071;10;68.60670194003528
17073;15;72.77095568606514
17074;2;66.07843137254902
17075;1;62.121212121212125
17076;3;69.35483870967742
17077;1;67.33576642335767
17078;6;66.36904761904762
17079;342;63.745632424877705
17080;1;69.56521739130434
17081;2;66.26016260162602
17082;2;61.15107913669065
17083;16;64.45578231292517
17084;5;61.34453781512605
17085;5;71.42857142857143
17086;8;61.769809138230194
17087;2;67.55555555555556
17088;4;69.04315196998124
17089;22;60.41854591376511
17090;4;67.88990825688074
17091;5;63.39066339066339
17092;18;64.29182103163295
17093;6;63.18742985409652
17094;4;56.84608120868744
17095;89;58.99769879826131
17096;1;59.217877094972074
17097;3;75.51020408163265
17098;2;63.78737541528239
17099;1;70.37037037037037
17100;3;68.55670103092784
17101;2;62.07513416815742
17102;6;70.05253940455341
17103;25;58.07428340734759
17105;1;59.51417004048582
17106;0;73.57142857142858
17107;8;63.25757575757576
17109;1;60.63218390804598
17110;3;64.75037821482601
17111;7;67.04545454545455
17112;2;66.84210526315789
17114;135;60.69615034069702
17115;1;64.8936170212766
17116;3;64.40677966101694
17117;49;59.005086044729325
17118;42;59.531114782471874
17119;0;72.97297297297297
17120;8;65.77608142493638
17121;1;62.5
17123;0;75.14124293785311
17124;11;63.907902924704416
17125;0;61.53846153846154
17126;0;75.88424437299035
17128;3;66.55844155844156
17129;1;75.93984962406014
17130;3;68.61538461538461
17132;12;68.10477657935286
17133;9;64.14342629482071
17134;0;71.05263157894737
17135;1;69.88950276243095
17136;0;70.2247191011236
17137;19;66.71515856851906
17138;4;68.64224137931035
17139;8;64.80938416422288
17140;5;71.34328358208955
17141;34;54.30609818243588
17142;30;70.82352941176471
17143;1;72.53521126760563
17144;3;68.44660194174757
17145;8;65.24966261808368
17146;8;62.916807005725836
17147;52;61.93964981994288
17148;4;64.75247524752476
17149;0;68.13186813186813
17150;6;68.66523911491792
17151;3;63.793103448275865
17152;45;58.75011641985657
17153;0;70.74468085106383
17154;0;72.82608695652173
17155;65;57.82294178436101
17157;1;76.0
17158;1;57.98319327731093
17159;3;64.23017107309487
17160;65;62.31097850410253
17161;10;73.18548387096774
17162;1;57.333333333333336
17163;10;67.17440974866717
17164;11;59.34203917629331
17165;3;66.92073170731707
17166;1;71.64750957854406
17167;37;65.37037037037037
17168;0;68.42105263157895
17169;11;65.41414141414141
17170;1;73.09941520467837
17171;2;70.9090909090909
17172;0;66.07929515418502
17173;0;73.33333333333333
17174;2;55.61797752808989
17175;5;55.536332179930795
17176;1;74.19354838709677
17177;1;60.4735883424408
17178;7;61.756373937677054
17180;36;59.77094635322483
17181;12;63.31553973902728
17182;6;68.8212927756654
17183;1;64.98194945848375
17184;6;64.91228070175438
17185;15;62.69315673289183
17186;27;67.4234424498416
17187;2;70.5229793977813
17188;1;75.60975609756098
17189;5;70.97625329815304
17190;3;62.55924170616114
17191;1;65.24822695035462
17192;1;66.66666666666666
17193;16;60.60246679316889
17194;0;68.75
17195;0;72.03647416413374
17196;4;68.18181818181817
17197;1;77.27272727272727
17198;2;62.93706293706294
17199;27;60.51364365971108
17200;5;69.16802610114192
17201;0;64.44444444444444
17202;18;60.14244262727513
17203;0;64.70588235294117
17204;4;62.06293706293706
17205;1;75.48076923076923
17206;1;60.273972602739725
17207;11;66.94736842105263
17208;8;59.698492462311556
17209;7;70.31746031746032
17210;9;63.52087114337568
17211;10;70.0
17212;0;73.75886524822694
17213;24;59.71607669616519
17214;2;60.0
17215;7;70.96310493531385
17216;1;66.66666666666666
17217;2;74.85875706214689
17218;1;69.41580756013745
17220;5;67.58793969849246
17221;27;62.05152901516976
17222;0;75.24752475247524
17223;9;64.41947565543072
17224;2;60.509554140127385
17225;3;64.95327102803739
17226;8;63.32179930795848
17227;5;66.66666666666666
17228;1;62.15277777777778
17230;3;67.94871794871796
17232;1;60.526315789473685
17233;23;67.61061946902655
17234;0;63.18681318681318
17901;9;63.12056737588653
17902;13;65.29108327192336
17903;2;63.322185061315494
25001;0;50.69444444444444
25002;2;65.56016597510373
25003;22;58.878256246677296
25004;3;65.8493870402802
25005;4;62.72401433691756
25006;6;59.11764705882353
25007;8;60.4982206405694
25008;10;63.612099644128115
25009;8;70.81339712918661
25010;2;53.55450236966824
25011;23;53.32824718672515
25012;8;56.64095972579263
25013;16;57.781919850885366
25014;5;63.46153846153846
25015;2;61.34453781512605
25016;14;60.18035121025154
25017;7;71.61016949152543
25019;34;59.62379702537183
25020;3;71.280276816609
25021;20;57.15381664748753
25022;0;75.96153846153845
25023;30;61.39924961377179
25024;2;64.38746438746439
25025;16;64.37546193643755
25027;7;64.85655737704919
25029;15;62.9607250755287
25030;1;54.81481481481482
25031;0;55.769230769230774
25032;1;68.75
25033;4;66.51459854014598
25034;15;58.512467755803954
25035;2;62.562814070351756
25036;4;60.86956521739131
25037;5;65.86666666666666
25038;17;64.40129449838187
25039;3;65.34296028880865
25040;61;60.37360136544662
25041;4;61.09154929577465
25042;1;59.13461538461539
25043;11;62.0817843866171
25044;7;64.8936170212766
25045;0;70.17543859649122
25046;2;66.11374407582939
25047;8;66.5680473372781
25048;11;63.658388855239245
25049;1;72.84768211920529
25050;25;59.882462109495826
25051;11;60.969220694171575
25052;14;66.04501607717042
25053;7;63.60189573459716
25055;4;62.1301775147929
25056;2;60.851063829787236
25057;0;67.78846153846155
25058;20;60.22492540739041
25059;7;65.46583850931677
25060;1;63.888888888888886
25061;0;55.42168674698795
25062;1;64.8
25063;1;66.66666666666666
25064;2;62.96296296296296
25067;7;64.95132127955495
25068;11;62.23021582733813
25069;4;54.767184035476724
25070;15;67.31470230862698
25071;0;63.26530612244898
25072;29;59.70940170940171
25073;8;56.3573883161512
25074;6;74.15730337078652
25075;2;61.53846153846154
25076;2;55.86206896551724
25077;6;55.291576673866096
25078;7;62.925851703406806
25079;2;66.22073578595318
25081;2;61.36363636363637
25082;5;65.26315789473685
25085;0;72.2972972972973
25086;2;66.28352490421456
25087;0;71.66666666666667
25088;0;76.04166666666666
25089;0;57.14285714285714
25092;2;75.38461538461539
25093;7;62.96874999999999
25094;1;71.53284671532847
25096;10;59.20177383592018
25097;3;77.38095238095238
25098;0;59.683794466403164
25099;7;59.78004713275726
25100;1;59.241706161137444
25101;2;64.88413547237076
25102;6;59.4059405940594
25103;4;56.2962962962963
25104;1;58.46153846153847
25105;2;73.6
25109;2;70.56277056277057
25110;22;58.85755603759942
25111;2;61.53846153846154
25112;4;70.32967032967034
25113;8;69.43493150684932
25114;0;73.46938775510205
25115;7;59.34466019417476
25118;3;57.22543352601156
25119;15;64.45729537366547
25120;587;60.49651094541423
25121;8;64.44099378881988
25122;16;63.08093994778068
25123;2;69.43005181347151
25124;1;63.85542168674698
25125;5;59.95203836930456
25126;2;68.96551724137932
25127;2;64.76190476190476
25128;0;55.14705882352941
25129;2;47.42857142857143
25130;2;57.948717948717956
25131;7;61.53846153846154
25132;0;64.70588235294117
25133;8;61.18980169971672
25134;3;59.22953451043339
25135;10;58.36575875486382
25136;1;67.36842105263158
25137;56;59.90681421083285
25138;4;63.79613356766256
25139;5;62.95503211991434
25140;9;55.203045685279186
25141;0;62.091503267973856
25142;2;62.91208791208791
25143;0;66.66666666666666
25145;1;75.5813953488372
25146;3;61.67400881057269
25148;0;56.62100456621004
25149;6;69.53068592057761
25150;3;63.53591160220995
25151;7;62.04379562043796
25152;1;61.42857142857143
25153;2;67.70833333333334
25154;0;60.65573770491803
25155;0;65.06955177743431
25156;7;69.34865900383141
25157;7;63.53591160220995
25158;15;62.901234567901234
25161;2;60.83333333333333
25163;2;58.44155844155844
25164;4;64.36170212765957
25165;2;62.807017543859644
25166;2;60.773480662983424
25167;3;60.0
25168;7;69.54813359528488
25169;3;64.73988439306359
25170;1;63.53383458646616
25171;8;64.80549199084669
25172;10;65.1085141903172
25173;14;67.80058651026393
25174;2;70.52896725440806
25175;1;62.903225806451616
25176;1;69.90291262135922
25177;0;61.41304347826087
25179;2;63.580246913580254
25180;1;61.111111111111114
25181;4;71.51162790697676
25182;9;63.7065637065637
25183;7;65.33066132264528
25185;6;57.80346820809249
25186;3;58.21596244131455
25189;10;56.77725118483412
25190;0;70.61068702290076
25191;4;61.377245508982035
25192;2;60.430686406460296
25193;2;63.899868247694336
25194;6;58.156028368794324
25196;0;50.442477876106196
25197;1;66.9172932330827
25200;0;64.74164133738601
25201;3;65.17857142857143
25202;0;70.1923076923077
25203;72;56.01836300526257
25204;5;59.38261575954509
25205;8;67.49116607773851
25206;5;57.692307692307686
25207;47;59.723116548615586
25208;1;55.2870090634441
25209;9;66.5551839464883
25210;3;61.8231046931408
25211;4;56.76470588235294
25212;6;66.09442060085837
25215;0;69.56521739130434
25216;1;61.06194690265486
25217;99;59.472941176470584
25218;1;79.01234567901234
25219;0;72.3404255319149
25220;1;62.463054187192114
25221;0;66.39344262295081
25222;1;78.78787878787878
25223;8;59.97830802603037
25224;5;55.55555555555556
25225;1;63.12056737588653
25226;3;61.26482213438735
25227;4;61.65644171779141
25228;26;63.69028006589785
25230;13;64.69833119383826
25231;4;67.90123456790124
25232;12;62.56263421617753
25233;4;64.72727272727272
25234;23;59.49988315026875
25238;4;68.62745098039215
25239;5;43.728813559322035
25240;16;66.88358640636298
25242;2;63.33333333333333
25243;33;60.14810751508502
25244;5;61.772853185595565
25245;5;66.4367816091954
25247;1;53.65853658536586
25248;6;66.44219977553311
25249;1;54.395604395604394
25250;0;60.86956521739131
25251;2;62.65912305516266
25252;9;62.59124087591241
25253;1;66.0377358490566
25254;2;62.77472527472527
25255;2;71.46282973621103
25901;7;68.94197952218431
25902;8;64.37389770723104
25903;3;68.22033898305084
25904;2;75.67567567567568
25905;3;66.4
25906;1;57.3394495412844
25907;6;53.84615384615385
25908;3;63.716814159292035
25909;2;62.83783783783784
25910;2;63.0
25911;7;60.532150776053214
25912;1;63.827304550758456
25913;3;77.90697674418605
43001;4;63.8205499276411
43002;7;64.18656302054414
43003;3;66.9753086419753
43004;38;63.57267950963222
43005;29;59.48703805846664
43006;9;64.31718061674009
43007;3;71.13884555382215
43008;6;50.814332247557005
43009;14;65.4312188168211
43010;0;72.36024844720497
43011;2;68.98792943361188
43012;34;72.41086587436332
43013;19;62.34413965087282
43014;101;61.307978387481576
43015;0;77.67857142857143
43016;15;68.35480093676814
43017;1;81.45161290322581
43018;3;79.65686274509804
43019;12;62.41853729181752
43020;9;68.08126410835214
43021;6;64.9859943977591
43022;14;59.919839679358724
43023;0;73.59307359307358
43024;8;64.6063760572544
43025;2;68.0
43026;6;67.0076726342711
43027;15;73.29192546583852
43028;6;61.71875
43029;3;68.70967741935485
43030;1;67.44730679156909
43031;15;69.95884773662551
43032;5;64.21663442940039
43033;4;69.41176470588235
43034;9;73.37526205450735
43035;2;61.417322834645674
43036;4;58.481613285883746
43037;71;61.83183362135749
43038;111;61.12983244407002
43039;0;66.66666666666666
43040;5;77.87878787878788
43041;0;70.37037037037037
43042;12;67.59041803663692
43043;18;65.59105431309904
43044;33;67.39843552863992
43045;2;73.8255033557047
43046;1;68.68686868686868
43047;27;56.69310261956261
43048;8;65.21739130434783
43049;4;63.73626373626373
43050;12;60.159680638722556
43051;32;63.651315789473685
43052;12;66.95095948827291
43053;3;75.39267015706807
43054;16;62.41109530583214
43055;21;70.07594936708861
43056;5;56.20608899297424
43057;1;65.78947368421053
43058;0;70.0
43059;2;74.60317460317461
43060;12;68.18181818181817
43061;0;66.66666666666666
43062;2;77.22419928825623
43063;9;63.73429084380611
43064;23;65.01240694789082
43065;3;63.1578947368421
43066;5;63.29113924050633
43067;2;71.92028985507247
43068;7;63.46153846153846
43069;1;74.72527472527473
43070;1;80.67226890756302
43071;6;66.55808903365906
43072;0;70.47619047619048
43073;0;72.28915662650603
43074;9;66.70467502850627
43075;1;68.53932584269663
43076;0;68.3371298405467
43077;5;58.747300215982726
43078;8;64.18439716312056
43079;0;68.13186813186813
43080;0;76.56903765690377
43081;3;67.45362563237775
43082;5;79.45205479452055
43083;0;75.69444444444444
43084;10;69.01140684410646
43085;1;79.64601769911505
43086;37;62.31663173937893
43088;7;63.67735470941884
43089;0;65.06849315068493
43090;6;52.5092936802974
43091;0;65.15151515151516
43092;39;60.06253553155202
43093;47;62.79663179382495
43094;13;65.09566028931405
43095;17;63.662085691188366
43096;1;81.81818181818183
43097;1;74.04580152671755
43098;5;68.5131195335277
43099;4;74.50980392156863
43100;24;66.13147531051197
43101;3;71.72413793103448
43102;3;69.16666666666667
43103;4;62.15909090909091
43104;10;64.89063376332025
43105;2;75.92592592592592
43106;7;64.93827160493827
43107;7;62.14099216710183
43108;14;66.06538895152198
43109;20;57.214121258633924
43110;6;67.56756756756756
43111;9;63.160469667318985
43112;0;62.72401433691756
43113;5;70.99236641221374
43114;2;69.13265306122449
43115;2;69.93006993006993
43116;5;71.84035476718404
43117;0;73.97260273972603
43118;5;74.22434367541766
43119;8;58.82352941176471
43120;1;61.224489795918366
43121;1;59.09849749582637
43122;4;72.64150943396226
43123;345;62.4996452995091
43124;2;63.90041493775933
43125;14;72.88317256162915
43126;4;66.44010195412065
43127;2;71.06325706594886
43128;5;64.71885336273428
43129;23;62.09606986899563
43130;1;65.12820512820512
43131;21;63.1375080697224
43132;4;70.77747989276139
43133;27;59.954112248499825
43134;4;67.73049645390071
43135;1;69.11764705882352
43136;63;60.66080571925417
43137;11;67.13062098501071
43138;37;60.965568862275454
43139;8;59.735164296223644
43140;4;65.4837346852556
43141;0;64.15094339622641
43142;5;63.45454545454545
43143;3;87.03703703703704
43144;6;67.52205292702486
43145;19;68.2373046875
43146;0;74.35897435897436
43147;4;72.70992366412213
43148;388;65.55746330656328
43149;8;65.1603498542274
43150;6;73.14597970335676
43151;0;84.11214953271028
43152;2;73.57630979498862
43153;39;62.45321856287425
43154;0;77.6923076923077
43155;153;62.12127836313558
43156;28;63.963507349214396
43157;5;75.92067988668555
43158;1;61.1764705882353
43159;0;72.8395061728395
43160;8;65.59561128526646
43161;95;60.94667674594406
43162;21;68.63782788771285
43163;104;62.58713561470215
43164;2;68.10631229235881
43165;3;75.5632582322357
43166;6;64.96212121212122
43167;9;73.86666666666667
43168;3;59.375
43169;10;82.22222222222221
43170;5;65.2073732718894
43171;72;62.216590177409415
43172;4;61.337209302325576
43173;0;53.0
43174;1;73.91304347826086
43175;5;65.52346570397111
43176;4;66.62420382165605
43177;6;77.25752508361204
43178;5;63.40740740740741
43901;62;53.8285452672542
43902;23;56.54393000364565
43903;10;55.35117056856187
43904;32;55.241379310344826
43905;45;58.671484157865486
43906;15;64.89058039961941
43907;24;63.85459533607681
06001;0;76.0932944606414
06002;22;65.22443313280888
06003;1;76.18469015795868
06004;2;75.75
06005;1;70.57783018867924
06006;26;67.54155730533682
06007;1;70.37288135593221
06008;2;83.06962025316456
06009;0;75.0
06010;5;74.11764705882354
06011;137;68.2886381102617
06012;15;70.40097949188858
06013;3;80.0
06014;14;67.0308290930859
06015;583;66.77058531321194
06016;14;70.79705291359679
06017;1;81.61764705882352
06018;3;71.04913678618858
06019;8;69.7931697931698
06020;10;75.26170798898072
06021;8;69.65442764578835
06022;10;78.80045265937382
06023;16;70.6880520688052
06024;4;77.2184300341297
06025;44;69.93732863298081
06026;0;71.44563918757467
06027;2;82.98816568047337
06028;30;84.76257973068746
06029;3;71.54811715481172
06030;0;81.06508875739645
06031;2;59.06183368869936
06032;1;77.94117647058823
06033;10;76.18688771665411
06034;4;70.76023391812866
06035;5;74.27961579509072
06036;35;70.44334975369459
06037;9;65.67505720823799
06038;2;67.45341614906832
06039;9;79.83695652173914
06040;1;64.22200198216056
06041;0;80.8695652173913
06042;2;69.04055390702275
06043;2;73.68421052631578
06044;145;68.53551269176161
06045;3;74.90118577075098
06046;8;80.0
06047;2;75.26501766784452
06048;7;81.38987043580683
06049;3;71.42857142857143
06050;25;76.3273258645884
06051;7;75.87523870146403
06052;20;67.86600496277916
06053;3;75.41528239202658
06054;32;71.97943444730078
06055;8;70.84349098000975
06056;1;84.96868475991648
06057;0;83.15972222222221
06058;9;70.7305034550839
06059;7;68.50351161534306
06060;24;71.65572070515036
06061;4;78.69003690036901
06062;5;74.24242424242425
06063;16;75.22388059701493
06064;2;79.19143876337694
06065;1;75.88424437299035
06066;2;67.48013620885358
06067;8;66.32860040567951
06068;5;77.80269058295964
06069;14;66.98205546492659
06070;39;70.22210743801654
06071;0;84.08163265306122
06072;12;73.51538794971825
06073;8;67.66712141882674
06074;18;73.32498434564809
06075;0;82.36559139784946
06076;2;73.52587244283995
06077;0;75.0733137829912
06078;1;80.6706114398422
06079;4;68.86503067484662
06080;9;73.38877338877339
06081;7;75.04655493482309
06082;2;74.93472584856397
06083;234;67.2798977225942
06084;8;75.7548032936871
06085;25;71.55775962660444
06086;2;66.66666666666666
06087;8;75.02369668246446
06088;70;66.86746987951807
06089;1;78.69127516778524
06090;3;71.00115074798619
06091;23;71.78060413354531
06092;3;71.92374350086655
06093;15;73.17292556779852
06094;2;62.55892255892256
06095;96;69.66540404040404
06096;2;80.0
06097;7;74.08975444538527
06098;7;70.12750455373407
06099;6;57.20524017467249
06100;1;83.42245989304813
06101;2;82.28941684665226
06102;6;80.43893129770993
06103;20;68.07756463719767
06104;3;72.8486646884273
06105;1;66.98717948717949
06106;5;64.77541371158392
06107;8;63.18785578747628
06108;11;68.87912087912088
06109;24;80.0765306122449
06110;1;72.97297297297297
06111;1;67.4
06112;2;82.1882951653944
06113;7;73.62233651726672
06114;0;81.75182481751825
06115;5;66.69310071371926
06116;10;73.7870195337114
06117;4;67.41573033707866
06118;1;75.52083333333334
06119;4;72.71407837445574
06120;12;73.82708763647094
06121;8;67.9284649776453
06122;26;66.7319867350015
06123;18;68.77026150853685
06124;8;70.37470725995317
06125;7;73.72346528973036
06126;1;70.18433179723502
06127;10;73.76877401327279
06128;26;66.8990330559928
06129;0;75.90987868284229
06130;0;84.1025641025641
06131;2;78.3457249070632
06132;3;68.65497076023391
06133;15;74.59154929577466
06134;1;61.24314442413162
06135;0;77.40164684354987
06136;11;72.26837060702876
06137;1;76.5432098765432
06138;5;69.43648519579752
06139;1;75.9493670886076
06140;3;80.31746031746032
06141;8;69.86620127981385
06142;2;75.0915750915751
06143;12;70.0297619047619
06144;0;77.51798561151078
06145;5;75.48806941431671
06146;1;77.30627306273063
06147;0;75.70621468926554
06148;8;71.5320910973085
06149;56;74.31762991743565
06150;4;75.06234413965088
06151;3;71.96261682242991
06152;4;71.64518574677786
06153;103;70.31947784266575
06154;23;68.62955032119913
06155;16;64.99466382070437
06156;8;73.95744680851064
06157;1;72.46049661399549
06158;67;72.51013970256872
06159;16;58.007728638900815
06160;16;69.01363780526482
06161;1;78.1456953642384
06162;14;74.3694614860259
06901;23;73.60717658168083
06902;13;67.24655068986203
06903;12;68.13458683819891
10001;3;79.7872340425532
10002;0;74.72527472527473
10003;1;72.75922671353251
10004;9;69.88636363636364
10005;3;69.81481481481482
10006;2;77.43467933491686
10007;5;72.97297297297297
10008;6;77.1969696969697
10009;0;75.56390977443608
10010;7;59.47598253275109
10011;5;81.78571428571428
10012;0;78.31932773109244
10013;0;75.0
10014;6;73.97408207343412
10015;3;71.55555555555554
10016;0;71.81818181818181
10017;3;75.15151515151514
10018;6;65.18650088809946
10019;3;70.96128170894525
10020;9;73.83177570093457
10021;31;72.74140275888867
10022;0;81.73302107728337
10023;2;73.77245508982035
10024;3;75.53956834532374
10025;1;81.75
10026;7;77.1604938271605
10027;1;89.6103896103896
10028;0;81.11111111111111
10029;0;81.88405797101449
10030;1;66.45161290322581
10031;1;81.81818181818183
10032;5;74.77691850089234
10033;0;75.65011820330969
10034;2;73.65439093484419
10035;5;69.94791666666667
10036;1;73.25227963525836
10037;418;72.28270850276779
10038;0;78.16091954022988
10039;0;69.7841726618705
10040;4;70.97505668934241
10041;4;75.21286660359509
10042;0;75.0
10043;3;70.25
10044;5;72.82913165266106
10045;3;74.77919528949951
10046;1;82.75862068965517
10047;1;76.64921465968587
10048;0;72.1030042918455
10049;18;79.36632626341974
10050;6;80.34188034188034
10051;0;71.62790697674419
10052;0;71.03825136612022
10053;1;74.91289198606272
10054;1;78.79341864716636
10055;1;71.12676056338029
10056;4;77.98634812286689
10057;1;81.81818181818183
10058;2;70.32321253672869
10059;1;69.5054945054945
10060;2;67.01137538779732
10061;8;64.8034398034398
10062;0;83.00492610837439
10063;0;80.34682080924856
10064;7;73.98373983739837
10065;1;75.72815533980582
10066;0;76.25
10067;62;68.24985607369027
10068;2;77.55102040816327
10069;2;74.7016706443914
10070;1;76.04456824512535
10071;0;69.06474820143885
10072;5;71.82770663562282
10073;4;70.14725568942436
10075;1;66.00790513833992
10076;1;66.82692307692307
10077;1;70.7533234859675
10078;6;79.06403940886699
10079;7;74.04921700223713
10080;1;70.21857923497268
10081;2;78.02197802197803
10082;11;77.67665952890792
10083;2;65.55555555555556
10084;4;66.02230483271376
10085;0;72.75541795665634
10086;1;74.375
10087;6;72.19917012448133
10088;1;64.2156862745098
10089;3;64.90066225165563
10090;2;70.56530214424951
10091;0;77.35849056603774
10092;1;80.82191780821918
10093;4;79.64824120603015
10094;1;83.76068376068376
10095;1;76.62721893491124
10096;12;71.59624413145539
10097;0;74.25742574257426
10098;1;76.45502645502646
10099;2;64.83704974271012
10100;4;72.3404255319149
10101;1;78.37837837837837
10102;5;77.6937618147448
10103;1;71.55555555555554
10104;15;70.97089275249073
10105;12;65.44585987261146
10106;2;83.84615384615385
10107;3;77.69156159068865
10108;0;67.57990867579909
10109;14;65.2099886492622
10110;11;70.56521739130434
10111;2;73.20754716981132
10112;9;70.46467218332273
10113;9;71.84424475823705
10114;3;69.77964323189927
10115;11;76.3046544428773
10116;21;72.71272339290478
10117;0;52.94117647058824
10118;1;87.76223776223776
10119;1;74.19354838709677
10120;1;70.76023391812866
10121;35;69.15266984206568
10122;3;71.55963302752293
10123;1;83.21799307958477
10124;2;78.05164319248826
10125;4;71.42857142857143
10126;8;72.3514211886305
10127;21;67.68020412502658
10128;32;69.47516236615763
10129;0;75.34246575342466
10130;6;73.82169222032935
10131;52;68.52499805613871
10132;0;70.2020202020202
10133;5;79.27031509121062
10134;2;70.72310405643739
10135;3;75.34562211981567
10136;4;72.18543046357617
10137;3;80.60453400503779
10138;2;80.72072072072072
10139;1;71.9298245614035
10140;4;74.14104882459313
10141;0;73.76425855513308
10142;5;75.36057692307693
10143;0;72.72727272727273
10144;3;76.51282051282051
10145;0;76.37795275590551
10146;7;66.62242866622428
10147;7;75.19561815336463
10148;177;67.46324089013365
10149;1;67.2209026128266
10150;3;82.36994219653178
10151;0;79.71014492753623
10152;1;72.64957264957265
10153;0;71.84466019417476
10154;0;72.37569060773481
10155;5;68.65008880994672
10156;1;75.25773195876289
10157;0;77.56653992395437
10158;0;81.51515151515152
10159;0;78.4375
10160;2;82.96943231441048
10161;0;69.73684210526315
10162;2;76.0
10163;2;83.71428571428572
10164;3;65.67164179104478
10165;0;80.93385214007782
10166;0;66.88311688311688
10167;1;76.11464968152866
10168;0;68.48874598070739
10169;2;79.09604519774011
10170;3;78.65168539325843
10171;0;71.22093023255815
10172;0;65.72637517630466
10173;5;69.32409012131716
10174;0;77.58620689655173
10175;4;71.045197740113
10176;0;70.61994609164421
10177;5;71.93907439953135
10178;3;73.47204161248374
10179;2;78.57142857142857
10180;25;63.93323657474601
10181;1;77.69679300291546
10182;0;69.85294117647058
10183;1;74.79591836734694
10184;10;81.08465608465607
10185;2;71.62872154115587
10186;1;81.37154554759468
10187;1;70.31963470319634
10188;4;76.55310621242485
10189;4;71.48288973384031
10190;2;74.49541284403671
10191;2;76.85009487666035
10192;1;71.25603864734299
10193;6;77.19546742209631
10194;2;76.56826568265683
10195;37;72.26977950713359
10196;1;74.75083056478405
10197;0;73.17073170731707
10198;6;85.8267716535433
10199;1;67.87878787878789
10200;1;78.06122448979592
10201;2;82.08092485549133
10202;4;78.05280528052805
10203;20;68.43606053959202
10204;6;77.15617715617715
10205;5;65.2970297029703
10206;3;73.0232558139535
10207;6;70.83333333333334
10208;1;76.42276422764228
10209;1;63.47517730496454
10210;1;65.56169429097606
10211;0;75.90090090090091
10212;7;73.2185273159145
10213;0;82.86219081272085
10214;2;84.57943925233646
10215;2;72.15777262180974
10216;4;76.39791937581273
10217;1;76.80608365019012
10218;3;71.31438721136767
10219;7;62.38244514106584
10901;4;64.05451448040887
10902;4;76.00554785020805
10903;3;69.97578692493947
10904;8;68.05369127516778
10905;2;67.98780487804879
15001;25;68.83525708289612
15002;159;69.6313304163237
15003;9;68.05324459234609
15004;30;71.0798510550269
15005;213;64.28862783488334
15006;49;62.788949445592934
15007;15;68.48319709355131
15008;36;73.07623955926782
15009;54;71.5895334761151
15010;13;61.89719130895601
15011;74;67.36003110419907
15012;28;73.31127653708299
15013;48;68.88310843765242
15014;28;64.11794102948527
15015;24;73.0618077884959
15016;19;64.39250368498631
15017;175;70.34500514933059
15018;18;64.88616462346761
15019;186;64.43139678615574
15020;17;65.43340380549682
15021;38;69.96294129120344
15022;33;65.87726879861712
15023;36;67.73640754011528
15024;32;71.50011381743683
15025;6;59.28369462770971
15027;6;76.953125
15028;6;73.66926898509581
15029;32;63.11533052039381
15030;1452;71.56452321956678
15031;191;70.15590200445433
15032;30;67.42160278745645
15033;8;75.36407766990291
15034;18;61.76776429809359
15035;144;68.07561039642951
15036;417;68.18864990930292
15037;19;63.728145776902245
15038;25;65.69375841939829
15039;7;70.38796516231196
15040;5;69.19723937522703
15041;75;71.3628762541806
15042;19;67.14002642007925
15043;47;67.97027766914353
15044;8;72.86158631415242
15045;14;57.931034482758626
15046;40;69.12507896399241
15047;19;64.88266776451215
15048;36;71.41971481711097
15049;7;69.03460837887067
15050;13;55.10428100987925
15051;44;68.60715825786977
15052;21;66.96801112656468
15053;49;65.84292922758442
15054;259;65.48931663863452
15055;27;67.14785651793525
15056;46;67.61621810555751
15057;66;70.21946169772256
15058;221;73.37099269600259
15059;91;70.04439297432928
15060;46;69.85446985446985
15061;27;67.24106982588405
15062;36;63.6487175131646
15064;21;72.56153144940748
15065;42;70.9090909090909
15066;33;70.19206784734348
15067;37;72.10113339145597
15068;25;63.08179837591602
15069;43;72.79466271312083
15070;94;67.15183592457822
15071;50;66.09231543202114
15072;35;69.32316691038228
15073;126;64.40646905209144
15074;20;70.37404012880853
15075;91;71.57911802853437
15076;17;67.33052470317887
15077;59;62.77690352257596
15078;560;71.81002071664237
15079;16;66.68831168831169
15080;11;64.40774487471526
15081;11;76.4990328820116
15082;102;71.4163372859025
15083;5;69.70534069981585
15084;27;68.03680981595092
15085;25;68.42737094837935
15086;13;68.66504008365284
15087;42;65.27994453111458
15088;27;65.47314578005115
15089;28;70.37986483337218
15090;9;68.87192536047499
15091;13;67.9295154185022
15092;28;61.758310034172105
15093;30;60.023696682464454
15901;24;63.367174280879865
15902;51;69.79121357111788
27001;13;54.050632911392405
27002;9;69.62645437844458
27003;12;71.64179104477611
27004;7;61.93969030154849
27005;13;71.13680154142583
27006;17;64.70358814352574
27007;38;76.04278074866309
27008;9;72.51631617113851
27009;12;73.10443490701002
27010;53;66.99792003697712
27011;19;60.92985318107667
27012;5;54.31734317343173
27013;25;77.0047796070101
27014;21;64.62814996926859
27015;33;66.32318501170961
27016;51;68.46068042387061
27017;4;67.19840478564308
27018;20;60.16729160657629
27019;53;71.17494760202194
27020;28;79.90919409761634
27021;12;62.179121505989734
27022;30;62.52845023794744
27023;23;73.32299340829779
27024;8;73.40425531914893
27025;17;76.01554221123278
27026;9;62.703379224030044
27027;11;70.9694142042509
27028;559;68.3841667826285
27029;11;69.92481203007519
27030;31;66.3360384730989
27031;118;68.11817597944766
27032;22;64.97709923664122
27033;8;66.6131621187801
27034;4;60.80357142857142
27035;1;65.24064171122996
27037;11;70.4225352112676
27038;7;72.62032085561498
27039;40;72.12023864157871
27040;21;73.46875
27041;16;73.38744126441692
27042;12;70.97701149425288
27043;9;62.16216216216216
27044;27;59.22195206668982
27045;10;59.05587668593449
27046;9;66.79738562091502
27047;8;67.89441375076734
27048;20;70.18691588785046
27049;7;65.36550745209368
27050;16;73.61344537815127
27051;62;67.8712382831771
27052;6;73.87978142076503
27053;3;58.84543761638734
27054;9;74.03361344537815
27055;6;63.88244392884764
27056;9;67.94871794871796
27057;79;67.60676873489122
27058;30;71.81688125894135
27059;17;72.58437355524734
27060;19;65.05003849114703
27061;6;73.32035053554041
27062;1;73.88429752066116
27063;14;70.58146229130685
27064;12;69.38646426312461
27065;112;66.38540662166506
27066;98;68.55702583490864
27901;25;66.89019279128247
27902;53;67.02290076335878
32001;25;69.9558764540714
32002;16;70.0545364402578
32003;5;73.89830508474576
32004;4;57.23025583982202
32005;7;76.88734030197445
32006;10;72.76290006531679
32007;8;68.95187870797626
32008;39;67.12693798449612
32009;48;67.60159215032861
32010;3;77.57731958762886
32011;1;66.41630901287554
32012;2;64.41326530612244
32013;8;65.41456710948236
32014;6;74.25569176882661
32015;4;65.78947368421053
32016;2;69.62025316455697
32017;6;69.93569131832797
32018;9;78.18765036086607
32019;56;69.12542255352344
32020;5;74.65062111801242
32021;5;66.94825765575501
32022;6;66.71652954375467
32023;4;71.2396694214876
32024;34;68.86538062642606
32025;1;73.30861909175162
32026;22;71.33875739644971
32027;2;72.64957264957265
32028;16;75.21739130434783
32029;4;75.95744680851064
32030;3;73.67367367367368
32031;4;76.89429373246024
32032;58;70.8276461099392
32033;3;64.85753052917232
32034;5;75.1779359430605
32035;3;66.32016632016632
32036;14;72.19330855018588
32037;6;71.15384615384616
32038;2;63.76146788990825
32039;6;75.83201267828844
32040;7;73.79823967501693
32041;4;68.31812255541068
32042;12;69.28435718809372
32043;9;70.5193283873487
32044;2;73.40182648401826
32045;14;70.20057306590259
32046;4;67.8448275862069
32047;9;70.347533632287
32048;5;64.1340782122905
32049;9;67.10526315789474
32050;12;75.14379622021364
32051;6;82.97126839523476
32052;6;74.09957627118644
32053;11;80.52851182197497
32054;540;68.90107494808815
32055;7;69.609375
32056;7;70.60301507537689
32057;4;73.6283185840708
32058;34;70.16532103037292
32059;7;71.67597765363128
32060;8;70.07211538461539
32061;4;75.11563367252543
32062;6;76.57213316892725
32063;16;67.76384535005224
32064;3;73.53497164461248
32065;3;70.47184170471841
32066;0;73.85159010600707
32067;8;64.68315301391036
32068;5;69.39929328621908
32069;27;74.76787372330548
32070;3;61.131386861313864
32071;3;68.42818428184282
32072;24;70.79298612928552
32073;5;73.99239543726236
32074;4;68.00766283524904
32075;33;73.2511263931705
32076;20;71.06017191977078
32077;14;67.83876500857633
32078;4;71.96969696969697
32079;11;71.26781695423855
32080;5;75.91463414634147
32081;14;73.03803562831006
32082;1;71.68141592920354
32083;4;66.94610778443113
32084;3;69.82570806100217
32085;66;67.9264650989175
32086;13;63.98337112622827
32087;13;77.22379603399433
32088;8;62.72335181762168
32089;7;68.57142857142857
32090;4;68.47545219638242
32091;6;74.42872687704026
32092;6;61.73076923076923
36001;5;72.46489859594384
36002;20;69.68541468064824
36003;67;72.05410821643287
36004;63;68.29052258635961
36005;52;67.47937446127324
36006;63;74.03645833333333
36007;8;66.92583732057416
36008;128;70.98152743314033
36009;15;67.86586719964468
36010;13;73.83210396909027
36011;8;63.590883824346854
36012;9;73.71382636655949
36013;11;65.52901023890784
36014;9;75.12873326467559
36015;23;65.51890199855525
36016;3;63.07961504811899
36017;117;69.79529861657856
36018;10;67.8395061728395
36019;9;64.12307692307692
36020;18;71.00949094046591
36021;89;69.96603992379691
36022;49;70.02552435911663
36023;41;71.0541989279333
36024;109;72.74992403524764
36025;10;60.25697828976517
36026;141;68.42627998212247
36027;15;70.81264108352144
36028;17;71.01413944417358
36029;100;72.25850594016296
36030;27;67.83233532934132
36031;7;83.33333333333334
36032;16;71.26721763085399
36033;53;72.92242641079851
36034;11;69.15107913669065
36035;79;71.59287743365897
36036;18;72.55758538522637
36037;11;67.40567872423182
36038;449;71.92348245217653
36039;71;70.58632556327511
36040;15;66.36893203883496
36041;66;69.2050022331398
36042;93;68.25778324297133
36043;20;67.62165578259953
36044;7;65.87957497048406
36045;129;71.80480247869868
36046;15;73.61248761149653
36047;13;66.54441727791361
36048;22;68.52372913149503
36049;36;72.89829512051735
36050;25;69.8320327998942
36051;71;67.55449639027125
36052;45;68.5545803620406
36053;38;72.11470795214638
36054;67;68.006913490403
36055;62;70.3325747008296
36056;30;70.60677698975572
36057;1366;71.50963565763733
36058;33;65.9191029235082
36059;28;64.25645227365834
36060;164;70.57019424199453
36061;41;72.41459446897514
36901;19;76.84621009017792
28001;0;75.40983606557377
28002;14;69.53774526105754
28003;0;81.5028901734104
28004;16;67.404555662496
28005;583;73.92101068188252
28006;267;74.7951727893224
28007;491;75.62443816617439
28008;4;65.70316842690383
28009;57;75.33546325878594
28010;25;77.73762922814413
28011;1;71.71945701357465
28012;2;74.85907553551297
28013;188;71.01134145437473
28014;113;71.41000453377664
28015;68;75.90200683176772
28016;0;67.08860759493672
28017;7;75.08278145695364
28018;26;78.76857749469215
28019;4;72.4249797242498
28020;0;64.82758620689654
28021;3;66.78700361010831
28022;133;81.03288628692613
28023;12;78.63874345549739
28024;1;82.78145695364239
28025;4;76.19047619047619
28026;33;74.94063637802755
28027;3;72.48545303408146
28028;6;77.0940170940171
28029;0;78.46153846153847
28030;8;76.47740440324449
28031;3;73.2421875
28032;19;71.98656026879462
28033;7;71.94152346755578
28034;1;75.90027700831024
28035;2;74.35328898743533
28036;11;74.79322567940135
28037;5;75.49711353431687
28038;34;75.307894205532
28039;2;76.5625
28040;56;63.99342230092974
28041;20;77.50773309765798
28042;3;75.87382779198636
28043;18;64.2290153690255
28044;24;76.29591486440096
28045;146;73.87181949111859
28046;16;77.28699551569507
28047;169;73.37097326098646
28048;3;78.2
28049;242;77.18062276636857
28050;21;70.16683022571148
28051;1;75.4704737183647
28052;11;68.11932555123217
28053;28;76.86980609418282
28054;55;74.1605969088648
28055;5;75.65502183406113
28056;4;73.00115874855156
28057;3;75.2400548696845
28058;634;72.22250130971774
28059;11;73.35183900069396
28060;1;75.09933774834437
28061;67;76.09986441628874
28062;1;79.1095890410959
28063;1;75.1937984496124
28064;2;82.17054263565892
28065;505;76.65323217954797
28066;17;75.49429128376497
28067;3;76.34752645828206
28068;49;74.26745778183478
28069;0;88.0
28070;0;77.77777777777779
28071;1;91.66666666666666
28072;22;76.28721541155868
28073;54;70.02948442106941
28074;620;74.62341756209202
28075;26;74.47073474470734
28076;1;81.65829145728644
28078;0;84.21052631578947
28079;8859;73.77538730593457
28080;164;80.08444032540419
28082;25;76.08657399260954
28083;38;71.55162769884774
28084;64;70.34491455955609
28085;14;75.77766445690975
28086;13;68.49049282110981
28087;19;78.56246076585059
28088;0;68.19923371647509
28089;10;74.7348381833016
28090;33;78.23633156966491
28091;24;66.10294117647058
28092;582;73.04794520547945
28093;10;79.67557251908397
28094;4;72.13872832369943
28095;6;73.18508829300197
28096;68;72.51825215211943
28097;0;78.99159663865547
28099;7;73.79862700228833
28100;14;71.18684461391803
28101;0;80.95238095238095
28102;6;72.03579418344519
28104;57;79.41176470588235
28106;385;68.61924142145709
28107;0;68.27133479212254
28108;10;73.56253704801424
28109;1;69.98730964467005
28110;4;76.02880658436214
28111;3;78.35570469798657
28112;1;84.472049689441
28113;120;74.33455152369716
28114;1;67.33333333333333
28115;209;81.62678797234493
28116;2;75.0
28117;1;85.57692307692307
28118;0;80.7017543859649
28119;12;76.0038240917782
28120;2;72.93540474243663
28121;1;80.8080808080808
28122;2;72.95719844357976
28123;215;79.30974071478627
28124;1;72.97297297297297
28125;11;72.618254497002
28126;0;74.35897435897436
28127;220;79.8679562527959
28128;0;70.94594594594594
28129;42;74.53617233221269
28130;116;75.11486534247544
28131;38;73.22555812163203
28132;56;69.57637997432606
28133;18;69.24234821876568
28134;263;74.05094413847364
28135;4;75.21097046413502
28136;2;81.60741885625966
28137;7;74.03846153846155
28138;0;76.66666666666667
28140;7;75.69005653475224
28141;29;73.79357719388632
28143;1;79.16666666666666
28144;22;77.8036605657238
28145;6;72.39819004524887
28146;0;67.43144935646335
28147;5;74.97403946002078
28148;370;72.98227137089697
28149;25;75.56867511720785
28150;10;74.31162941367023
28151;8;71.13303628262253
28152;58;80.43370200074563
28153;1;71.59253945480631
28154;16;70.37721893491124
28155;0;82.21343873517787
28156;3;72.81648675171736
28157;1;71.10016420361248
28158;4;80.75187969924812
28159;5;79.45670628183362
28160;31;73.90988372093024
28161;210;72.68056010481494
28162;6;77.53152464654184
28163;1;77.82805429864254
28164;8;72.93685265619779
28165;3;72.07357859531773
28166;2;79.375
28167;46;73.69554810914313
28168;4;71.46321746160065
28169;5;77.48618784530386
28170;13;66.34304207119742
28171;19;67.18565699457419
28172;31;77.02985567918917
28173;1;75.43520309477756
28174;7;68.63509749303621
28175;5;77.63615295480881
28176;37;77.83381364073007
28177;36;78.70496592015579
28178;5;77.37089201877934
28179;4;72.62569832402235
28180;7;74.78575509426776
28181;57;79.24556067889729
28182;0;81.42857142857143
28183;2;71.51106833493745
28901;0;69.83729662077597
28902;4;77.07006369426752
28903;154;81.81186143522157
31001;0;70.45454545454545
31002;3;69.56521739130434
31003;0;71.31147540983606
31004;0;60.0
31005;3;70.43189368770764
31006;13;70.0570835495589
31007;1;66.41221374045801
31008;2;72.0
31009;5;74.88921713441654
31010;29;65.170902716915
31011;8;66.23376623376623
31012;6;70.99621689785624
31013;1;63.2398753894081
31014;4;70.54545454545455
31015;25;70.81243731193581
31016;50;71.95057833859096
31017;0;67.59776536312849
31018;4;74.30025445292621
31019;9;70.25210084033613
31020;3;50.779510022271715
31021;0;62.903225806451616
31022;4;64.0926640926641
31023;85;76.3369752731455
31024;0;42.42424242424242
31025;6;68.40731070496084
31026;0;81.94444444444444
31027;2;63.63636363636363
31028;0;61.79245283018868
31029;6;69.80306345733041
31030;0;70.92198581560284
31031;0;59.54545454545455
31032;24;70.57793345008757
31033;1;63.26530612244898
31034;0;67.56756756756756
31035;0;76.27118644067797
31036;7;69.96699669966998
31037;1;78.57142857142857
31038;11;71.47124719940254
31039;0;76.25
31040;4;72.39583333333334
31041;15;69.36488169364881
31042;22;72.73397199705232
31043;1;81.57894736842105
31044;1;79.58477508650519
31045;8;69.88188976377953
31046;1;68.42105263157895
31047;2;75.19685039370079
31048;4;75.0
31049;2;67.0958512160229
31050;57;58.01463252411041
31051;2;67.72908366533864
31052;0;64.58333333333334
31053;1;71.1281070745698
31054;4;55.1948051948052
31055;2;68.09338521400778
31056;0;69.54022988505747
31057;10;72.26277372262774
31058;3;71.15384615384616
31059;1;70.43010752688173
31060;72;68.39348079161816
31061;0;90.74074074074075
31062;3;76.3569457221711
31063;2;81.52173913043478
31064;3;78.72191011235955
31065;20;71.93823216187434
31066;8;68.88888888888889
31067;10;68.26222684703434
31068;20;71.40381282495667
31069;3;76.5625
31070;20;68.53677028051554
31071;0;94.11764705882352
31072;40;70.73309338889942
31073;2;72.10884353741497
31074;5;73.90180878552972
31075;0;61.165048543689316
31076;9;79.35457178320232
31077;41;73.01943198804184
31078;15;73.89872375463153
31079;0;73.97260273972603
31080;3;76.96850393700787
31081;4;63.905325443786985
31082;10;60.129659643435986
31083;0;71.15384615384616
31084;16;66.64948453608247
31085;2;72.91666666666666
31086;111;73.650288140734
31087;2;74.85380116959064
31088;44;69.93898061737258
31089;1;71.07438016528926
31090;1;53.47222222222222
31091;1;62.67806267806267
31092;4;66.31419939577039
31093;2;64.38356164383562
31094;0;73.87387387387388
31095;1;78.66666666666666
31096;0;72.56637168141593
31097;75;68.03073967339097
31098;19;75.03941145559642
31099;2;75.80645161290323
31100;1;64.8854961832061
31101;8;70.8667152221413
31102;0;48.25174825174825
31103;2;80.95238095238095
31104;16;68.53871319520175
31105;7;77.4386197743862
31106;3;76.36103151862464
31107;16;73.39181286549707
31108;7;73.7466307277628
31109;9;73.00884955752213
31110;1;67.03296703296702
31111;2;68.42105263157895
31112;0;69.66292134831461
31113;0;65.41353383458647
31114;8;66.93989071038251
31115;1;61.81818181818181
31116;1;82.25806451612904
31117;3;61.7741935483871
31118;1;68.29268292682927
31119;0;66.66666666666666
31120;3;64.43298969072166
31121;0;70.96774193548387
31122;26;73.74816677142259
31123;5;57.03245749613601
31124;2;71.15384615384616
31125;6;70.8029197080292
31126;2;62.290502793296085
31127;0;71.01449275362319
31128;0;73.81615598885793
31129;0;59.24050632911393
31130;3;68.58974358974359
31131;7;71.69811320754717
31132;0;75.17241379310344
31133;0;65.11627906976744
31134;0;71.02272727272727
31135;2;66.0377358490566
31136;2;66.8903803131991
31137;6;54.63414634146342
31138;2;64.48497854077253
31139;0;60.37735849056604
31140;1;71.7948717948718
31141;1;64.54545454545455
31142;10;68.28225231646472
31143;1;57.291666666666664
31144;6;55.904522613065325
31145;4;74.4186046511628
31146;1;85.71428571428571
31147;2;82.0
31148;5;75.0
31149;8;63.38394793926248
31150;1;73.23943661971832
31151;1;69.6969696969697
31152;11;69.57831325301204
31153;12;64.98378879110699
31154;3;56.25
31155;2;66.015625
31156;0;75.2988047808765
31157;23;65.32120523024446
31158;3;70.58823529411765
31159;6;76.24209575429087
31160;2;83.9622641509434
31161;2;78.10650887573965
31162;0;65.95744680851064
31163;13;70.44212617983109
31164;5;74.11971830985915
31165;30;71.76258992805755
31166;1;70.15503875968993
31167;9;73.36561743341404
31168;1;69.91869918699187
31169;9;67.12266301869585
31170;3;89.36170212765957
31171;8;72.79411764705883
31172;3;74.53083109919572
31173;3;79.32636469221835
31174;0;57.27272727272727
31175;0;67.6056338028169
31176;33;70.05925409550366
31177;2;66.27450980392156
31178;3;70.40816326530613
31179;0;69.32270916334662
31180;5;72.64150943396226
31181;0;77.24137931034483
31182;0;82.35294117647058
31183;4;78.72648335745296
31184;3;70.96774193548387
31185;1;69.02834008097166
31186;3;65.21739130434783
31187;1;61.261261261261254
31188;2;68.51063829787233
31189;6;62.01550387596899
31190;2;75.55555555555556
31191;22;71.8501326259947
31192;3;82.6923076923077
31193;13;71.80925666199158
31194;3;69.77491961414792
31195;0;71.42857142857143
31196;1;92.10526315789474
31197;2;81.15942028985508
31198;0;67.56756756756756
31199;3;63.013698630136986
31200;3;67.93692509855454
31201;1007;71.39133731399868
31202;31;66.08594657375146
31203;0;70.0
31204;1;77.77777777777779
31205;4;70.02341920374707
31206;22;69.90430622009569
31207;2;66.66666666666666
31208;16;76.25195618153364
31209;0;69.03225806451613
31210;2;77.55102040816327
31211;1;55.55555555555556
31212;4;69.38775510204081
31213;0;50.0
31214;1;70.32967032967034
31215;36;70.23096663815227
31216;33;69.90944372574386
31217;1;70.40498442367601
31219;0;78.57142857142857
31220;8;78.36021505376344
31221;12;65.7331136738056
31222;3;58.06451612903226
31223;4;71.47208121827411
31224;3;75.13997760358343
31225;0;75.0
31226;2;57.868020304568525
31227;76;71.9437652811736
31228;2;70.16460905349794
31229;0;74.46808510638297
31230;1;77.35849056603774
31231;1;64.95726495726495
31232;196;70.1570264360962
31233;0;76.28865979381443
31234;4;73.61111111111111
31235;2;73.58490566037736
31236;5;65.53030303030303
31237;2;80.31088082901555
31238;0;83.03571428571429
31239;5;65.527950310559
31240;2;62.04933586337761
31241;2;73.68421052631578
31242;1;63.07692307692307
31243;2;73.20261437908496
31244;1;55.06329113924051
31245;2;67.90123456790124
31246;1;79.28571428571428
31247;0;75.49668874172185
31248;0;55.18394648829431
31249;14;68.91025641025641
31250;19;63.55871886120996
31251;15;71.91011235955057
31252;0;70.11494252873564
31253;0;84.49612403100775
31254;3;74.56919060052219
31255;1;77.45098039215686
31256;0;55.140186915887845
31257;8;72.45714285714286
31258;50;72.43304987942632
31259;2;60.12396694214877
31260;12;64.13570274636511
31261;3;74.89177489177489
31262;5;78.50877192982456
31263;2;59.227467811158796
31264;2;58.333333333333336
31265;2;64.63414634146342
31901;108;71.9257390516851
31902;25;70.19296254256527
31903;27;66.15569582206192
31904;23;65.83493282149712
31905;15;69.75026380583891
31906;26;70.2576112412178
31907;116;75.0767798976268
31908;2;68.32669322709162
01001;7;67.66043456291057
01002;31;70.4332840965042
01003;2;65.71428571428571
01004;8;72.05146533238027
01006;0;80.0
01008;11;65.2671755725191
01009;2;67.11462450592886
01010;11;71.56084656084656
01011;4;74.04255319148936
01013;0;63.76404494382022
01014;4;75.47169811320755
01016;5;52.65588914549654
01017;5;67.25559481743227
01018;3;67.74891774891775
01019;1;70.66666666666667
01020;3;72.47706422018348
01021;0;65.53911205073996
01022;2;69.625
01023;1;70.0374531835206
01027;3;61.77884615384615
01028;3;66.9158878504673
01030;3;82.6923076923077
01031;6;75.44910179640718
01032;1;69.82591876208897
01033;2;74.34715821812597
01034;1;77.01863354037268
01036;55;67.21497826813774
01037;1;70.01703577512777
01039;0;74.16267942583733
01041;1;69.12751677852349
01042;6;72.2345132743363
01043;13;67.36111111111111
01044;0;71.61016949152543
01046;3;71.8801996672213
01047;5;69.52479338842976
01049;1;78.98550724637681
01051;17;62.697751873438804
01052;0;75.10204081632654
01053;4;55.154639175257735
01054;4;68.125
01055;8;64.20047732696898
01056;0;62.10045662100456
01057;1;83.75
01058;7;59.405204460966544
01059;798;67.81054685406147
01060;0;81.21827411167513
01061;1;82.46753246753246
01062;2;67.41214057507987
01063;19;70.57842046718577
01901;8;67.62956669498725
01902;4;70.02724795640327
20001;2;54.0650406504065
20002;4;58.67052023121387
20003;3;56.30712979890311
20004;0;48.01587301587302
20005;11;58.57142857142858
20006;3;55.21235521235521
20007;3;70.3225806451613
20008;6;50.5586592178771
20009;62;64.5127488648271
20010;9;66.17745163442295
20011;7;73.52231604342582
20012;5;67.3469387755102
20013;19;66.51892890120037
20014;4;55.14440433212996
20015;7;67.82608695652173
20016;2;54.34210526315789
20017;24;64.00280406589555
20018;41;60.72848879248012
20019;48;64.3701181654316
20020;3;56.8
20021;2;50.0
20022;4;56.37663885578069
20023;1;57.14285714285714
20024;3;54.40414507772021
20025;8;66.92913385826772
20026;0;73.60406091370558
20027;15;62.579957356076754
20028;11;61.376843987483234
20029;19;65.70894650782527
20030;101;65.16056758775206
20031;0;51.13636363636363
20032;40;64.47652608843924
20033;1;69.12442396313364
20034;14;64.39923712650986
20035;1;69.34156378600824
20036;67;64.48145344436034
20037;2;64.64646464646465
20038;0;67.44186046511628
20039;14;70.10895310279489
20040;66;61.76586003924134
20041;0;48.23529411764706
20042;27;60.93556381660471
20043;9;62.67970097757332
20044;0;64.30517711171662
20045;197;65.46776476643933
20046;5;60.42518397383483
20047;5;65.45842217484008
20048;2;54.94505494505495
20049;15;64.94420184376516
20050;1;63.90977443609023
20051;34;68.31927886013376
20052;8;71.46788990825688
20053;13;62.27482195224131
20054;2;63.982102908277405
20055;56;63.3648068669528
20056;27;63.42479176874082
20057;0;62.244897959183675
20058;3;70.06622516556291
20059;29;66.18210502591842
20060;2;76.13636363636364
20061;21;60.87058272876199
20062;11;67.1120246659815
20063;35;65.64799800424099
20064;52;62.409021834759656
20065;12;65.90305444887117
20066;1;51.98237885462555
20067;140;64.82418580511224
20068;3;71.05263157894737
20069;836;68.47585109421541
20070;5;68.4981684981685
20071;60;63.955138166340106
20072;21;61.37901861252115
20073;15;64.44301902929229
20074;45;68.61628709454797
20075;18;61.58773735987189
20076;29;66.75250357653792
20077;36;69.32668329177058
20078;4;73.59307359307358
20079;91;66.30884490663088
20080;49;66.92793931731985
20081;40;65.00669344042838
20901;2;63.18719554627697
20902;74;68.26787228030517
20903;28;63.648960739030024
20904;2;46.31578947368421
20905;1;68.96551724137932
20906;1;73.10924369747899
20907;2;72.03389830508475
48001;28;67.1976704350805
48002;44;70.12389832673394
48003;53;69.16800334751377
48004;0;66.26865671641791
48005;0;54.78260869565217
48006;2;82.41379310344827
48007;5;65.93406593406593
48008;6;69.96699669966998
48009;1;74.84035759897829
48010;0;69.43231441048034
48011;45;66.85962373371925
48012;7;74.52415812591508
48013;345;67.01164132670982
48014;7;66.55656482246077
48015;122;67.67815133557666
48016;24;70.08157844811231
48017;42;64.4219892919086
48018;2;60.069044879171464
48019;18;67.71742189698845
48020;1185;67.50430330340208
48021;1;67.96407185628742
48022;6;61.81506849315068
48023;0;75.83333333333333
48024;7;75.92778335005015
48025;7;72.70668176670442
48026;5;72.80701754385966
48027;78;68.12189616252822
48028;3;75.73221757322176
48029;37;68.60534836311308
48030;1;72.77227722772277
48031;1;70.18072289156626
48032;29;70.78182134772767
48033;0;68.66359447004609
48034;43;68.38178143945282
48035;1;70.94430992736078
48036;86;66.77743623826535
48037;5;71.47102526002972
48038;3;70.87033747779752
48039;0;79.49790794979079
48040;3;68.46213895394223
48041;3;76.91197691197691
48042;7;78.01314828341856
48043;17;70.49513904589645
48044;287;72.63198139357058
48045;28;73.71782465647378
48046;39;70.06581555784632
48047;0;69.81132075471697
48048;5;70.91561938958706
48049;1;75.77413479052824
48050;0;76.96335078534031
48051;0;76.52582159624414
48052;4;74.26376440460947
48053;6;74.33035714285714
48054;118;69.4923668859377
48055;11;70.1912260967379
48056;5;72.98136645962732
48057;26;69.68373230822995
48058;2;66.83884297520662
48059;0;73.5
48060;7;58.97083104017612
48061;0;74.1469816272966
48062;4;78.47682119205298
48063;2;75.0
48064;4;73.76237623762376
48065;8;69.21670222493142
48066;1;74.13793103448276
48067;2;70.20725388601036
48068;12;72.90322580645162
48069;55;67.80998515509025
48070;4;66.54411764705883
48071;32;70.54378183012979
48072;4;73.28556806550665
48073;31;62.31548480463097
48074;6;70.35024154589372
48075;6;68.33667334669339
48076;2;70.77922077922078
48077;18;72.44351961950059
48078;158;68.27562990392832
48079;2;71.42857142857143
48080;62;68.36407377706496
48081;4;72.85867237687366
48082;176;66.83507950858906
48083;40;70.20695602184536
48084;90;65.3481224107978
48085;39;69.54923582898046
48086;5;68.97560975609755
48087;0;80.56206088992974
48088;0;75.0
48089;20;70.810647307925
48090;28;72.40459923346108
48091;7;68.77787689562889
48092;5;73.92344497607655
48093;7;73.1243001119821
48094;12;66.24485922176527
48095;12;66.25479335321687
48096;31;72.89037555116315
48097;8;69.39090208172706
48901;32;71.48171109733416
48902;76;66.10900673400674
48903;7;74.16893732970027
48904;22;74.76502420962689
48905;12;70.19193106149628
48906;0;71.31681877444589
48907;2;76.4367816091954
48908;0;72.69076305220884
48909;0;77.03349282296651
48910;10;67.03334479202475
48911;1;72.63157894736842
48912;14;73.96013864818023
48913;10;70.83333333333334
48914;1;81.92771084337349
48915;0;62.70718232044199
30001;18;79.00480139676998
30002;28;70.79672826416238
30003;104;66.50912378760479
30004;3;76.51715039577837
30005;121;70.15173067804646
30006;2;86.05230386052304
30007;24;68.00811105911714
30008;59;70.10346314125593
30009;41;77.10126276843883
30010;21;75.61508225360315
30011;15;72.8337236533958
30012;36;76.58123418765813
30013;32;69.59167117360735
30014;8;74.87244897959184
30015;61;70.73705075374264
30016;484;67.31347416726007
30017;46;73.59758724687634
30018;30;73.52719979944848
30019;125;67.85009861932939
30020;25;72.07678883071553
30021;20;66.98538300912188
30022;93;67.23230650978536
30023;12;76.03174603174602
30024;206;71.55551016239403
30025;16;74.71475142624287
30026;51;63.601118596669636
30027;153;73.73173364330788
30028;21;72.146187396601
30029;73;68.48449089683075
30030;1207;74.00989150021087
30031;0;83.130081300813
30032;6;75.73529411764706
30033;68;72.66391833529643
30034;7;75.99645704162977
30035;54;70.17835145412673
30036;41;67.07715335419785
30037;47;69.97286223593892
30038;46;70.38479008500423
30039;75;68.2938216527468
30040;2;84.2896174863388
30041;46;65.85419572718595
30042;7;78.25182101977107
30043;101;76.02435214483117
30901;43;75.86574837520614
30902;24;66.68338557993731
26001;2;82.56410256410255
26002;0;76.144578313253
26003;2;80.1452784503632
26004;0;74.6268656716418
26005;23;67.11465770684586
26006;8;78.83333333333333
26007;0;75.14677103718199
26008;5;75.21505376344086
26009;4;81.04738154613467
26010;2;86.02150537634408
26011;38;70.11337249009698
26012;1;100.0
26013;2;71.75792507204612
26014;1;68.9873417721519
26015;2;80.61224489795919
26016;1;89.28571428571429
26017;5;76.9028871391076
26018;65;76.86360599408228
26019;1;77.1830985915493
26020;3;73.31932773109243
26021;15;74.21294658648743
26022;1;82.82828282828282
26023;0;76.33262260127933
26024;0;79.3859649122807
26025;1;81.60919540229885
26026;6;78.65253595760787
26027;0;71.3375796178344
26028;0;84.32835820895522
26029;0;86.48648648648648
26030;0;100.0
26031;0;78.30188679245283
26032;0;80.3921568627451
26033;1;77.64705882352942
26034;1;75.99388379204893
26035;0;70.58823529411765
26036;66;70.29318262098198
26037;2;84.375
26038;0;76.40449438202246
26039;2;89.74358974358975
26040;0;85.71428571428571
26041;0;69.6969696969697
26042;5;76.13908872901679
26043;1;80.0
26044;0;88.46153846153845
26045;0;100.0
26046;4;74.32005060088551
26047;8;81.0477657935285
26048;0;100.0
26049;1;72.67441860465115
26050;0;77.87610619469027
26051;1;80.75313807531381
26052;0;78.57142857142857
26053;4;80.76923076923077
26054;4;82.1875
26055;0;82.05128205128204
26056;1;80.66825775656325
26057;0;79.16666666666666
26058;0;75.32467532467533
26059;5;73.6
26060;2;73.80952380952381
26061;13;74.12140575079871
26062;2;80.89887640449437
26063;2;75.80645161290323
26064;17;72.92307692307692
26065;0;86.0
26066;1;80.0796812749004
26067;1;68.18181818181817
26068;1;76.25
26069;0;82.20338983050848
26070;1;83.60655737704919
26071;47;68.7080438110941
26072;0;90.39145907473309
26073;0;80.41237113402062
26074;1;81.9047619047619
26075;2;81.15501519756839
26076;0;82.94573643410853
26077;1;100.0
26078;0;85.36585365853658
26079;4;82.01892744479495
26080;0;82.83898305084746
26081;0;87.5
26082;1;77.67857142857143
26083;2;72.1830985915493
26084;35;74.85065710872163
26086;1;93.75
26087;3;76.11940298507463
26088;0;86.48648648648648
26089;588;75.03210287388544
26091;0;90.6832298136646
26092;0;85.98130841121495
26093;0;73.58490566037736
26094;0;84.33734939759037
26095;0;83.0
26096;1;77.55102040816327
26098;1;82.95454545454545
26099;9;79.35126582278481
26100;0;89.79591836734694
26101;0;81.81818181818183
26102;28;73.40860742922598
26103;6;77.38693467336684
26104;0;76.92307692307693
26105;12;75.73696145124717
26106;0;83.72093023255815
26107;2;81.91489361702128
26108;0;80.82706766917293
26109;0;85.18518518518519
26110;0;86.18421052631578
26111;0;74.3801652892562
26112;1;82.20338983050848
26113;0;100.0
26114;1;83.54430379746836
26115;0;84.21052631578947
26117;10;75.51115241635688
26118;2;81.35593220338984
26119;4;79.18781725888326
26120;7;78.33562585969739
26121;0;88.0
26122;0;86.4406779661017
26123;2;85.71428571428571
26124;7;80.42131350681537
26125;23;71.54501667284178
26126;0;87.09677419354838
26127;0;85.37735849056604
26128;1;77.14285714285715
26129;6;80.14477766287487
26130;1;82.26600985221675
26131;1;94.28571428571428
26132;0;73.21428571428571
26134;2;82.92682926829268
26135;1;76.21951219512195
26136;0;79.43925233644859
26138;15;71.70880557977333
26139;0;83.33333333333334
26140;0;82.21343873517787
26141;0;76.99115044247787
26142;3;77.76365946632782
26143;1;79.54545454545455
26144;3;82.4468085106383
26145;2;80.08130081300813
26146;0;77.6595744680851
26147;0;93.33333333333333
26148;1;81.81818181818183
26149;0;82.45614035087719
26150;0;90.17857142857143
26151;1;82.58928571428571
26152;1;84.84848484848484
26153;0;92.3076923076923
26154;0;76.92307692307693
26155;0;82.5
26157;4;81.41891891891892
26158;0;84.92063492063492
26160;2;77.85613540197461
26161;0;87.5
26162;1;81.81818181818183
26163;0;86.76470588235294
26164;2;77.96610169491525
26165;2;84.91620111731844
26166;0;87.94326241134752
26167;1;79.66101694915254
26168;22;70.67415730337079
26169;0;93.75
26170;2;73.99103139013454
26171;1;78.97727272727273
26172;0;76.66666666666667
26173;1;100.0
26174;2;73.28767123287672
26175;0;80.3921568627451
26176;1;83.01886792452831
26177;7;83.88157894736842
26178;1;76.0
26179;0;78.04878048780488
26180;0;78.28054298642535
26181;0;100.0
26183;0;76.5625
03001;0;79.82195845697329
03002;15;71.6504854368932
03003;2;84.0
03004;2;75.38726333907057
03005;19;76.16166816836144
03006;1;77.2635814889336
03007;0;83.73493975903614
03008;0;77.38095238095238
03009;223;75.32203099213407
03010;1;85.23076923076923
03011;27;70.47594479556301
03012;3;78.52534562211981
03013;4;75.38185085354897
03014;847;70.55868582193023
03015;39;73.66703803915327
03016;0;80.64516129032258
03017;1;83.9572192513369
03018;47;72.32843137254902
03019;72;75.4469840854018
03020;0;79.7979797979798
03021;26;81.41813646891146
03022;0;86.20689655172413
03023;7;84.69241773962804
03024;11;78.62086644450142
03025;2;74.80314960629921
03026;5;77.5326797385621
03027;0;87.89808917197452
03028;2;81.96392785571143
03029;1;75.51020408163265
03030;5;85.49618320610686
03031;128;65.13807894356354
03032;1;84.25925925925925
03033;0;82.05128205128204
03034;5;77.5436046511628
03035;1;83.8957055214724
03036;0;93.10344827586206
03037;3;81.5028901734104
03038;3;81.12676056338029
03039;1;76.5432098765432
03040;2;85.03937007874016
03041;22;70.84313066845817
03042;7;72.50538406317301
03043;13;83.5108210237032
03044;21;77.63769077637691
03045;0;83.80952380952381
03046;8;72.10756722951845
03047;25;68.52394916911045
03048;20;76.72787291107902
03049;52;75.45499669093316
03050;57;71.43623009703532
03051;0;85.0574712643678
03052;8;79.27835051546391
03053;32;78.20370882922779
03054;3;80.75801749271136
03055;21;71.55305964368706
03056;34;76.50991240202858
03057;1;80.76923076923077
03058;30;78.71137144011311
03059;63;73.48297138415198
03060;0;83.4862385321101
03061;4;73.48484848484848
03062;0;79.71698113207547
03063;91;70.25546066056987
03064;11;72.98105682951147
03065;711;73.5463430672206
03066;214;70.4043113886185
03067;0;85.85858585858585
03068;0;93.61702127659575
03069;17;69.01820546163849
03070;7;70.94100438810337
03071;26;76.54445002511301
03072;0;83.04597701149426
03073;1;84.7457627118644
03074;4;81.83948447568834
03075;0;87.07482993197279
03076;30;73.6742647927247
03077;13;78.11816192560175
03078;5;81.3807531380753
03079;80;76.29499561018437
03080;3;79.61538461538461
03081;5;75.4874651810585
03082;44;67.93188509588605
03083;33;71.08843537414967
03084;3;84.2300556586271
03085;0;79.77941176470588
03086;1;89.40397350993378
03088;29;73.49945434703528
03089;47;70.78675164559607
03090;74;72.6748923291817
03091;2;86.11111111111111
03092;37;77.91784072371348
03093;70;74.34334197022811
03094;34;70.92511013215858
03095;25;76.19567591177113
03096;17;75.3197372969236
03097;6;82.77945619335347
03098;0;77.82178217821783
03099;165;73.44927810203454
03100;0;87.47514910536779
03101;22;75.43677204658901
03102;52;75.97178032922949
03103;1;86.39705882352942
03104;131;73.61915655093532
03105;15;72.7898753024381
03106;2;82.3327615780446
03107;7;69.97607655502392
03109;8;76.52631578947368
03110;1;82.81786941580756
03111;18;72.07505518763797
03112;2;81.36942675159236
03113;10;72.84939901013433
03114;9;76.69654289372599
03115;2;87.05882352941177
03116;6;75.93073593073592
03117;2;87.84530386740332
03118;4;68.07550266721378
03119;57;73.8173949630342
03120;11;72.8595178719867
03121;62;68.48587411272506
03122;154;71.0736593989393
03123;29;74.33119315141788
03124;3;84.34782608695653
03125;0;74.05247813411079
03127;1;79.42857142857143
03128;10;69.91691104594331
03129;0;80.15075376884423
03130;0;52.083333333333336
03131;0;88.0
03132;3;81.64794007490637
03133;127;62.1728882047335
03134;0;78.32167832167832
03135;2;80.56872037914692
03136;0;76.64399092970523
03137;5;75.57603686635944
03138;9;73.44992050874404
03139;100;68.25778847439497
03140;174;72.87686996547757
03901;8;72.4229074889868
03902;34;68.22703335283792
03903;7;75.38091419406577
03904;4;73.99713467048711
12001;4;78.11607992388203
12002;1;90.0
12003;6;76.4344262295082
12004;19;74.9400479616307
12005;64;72.3021582733813
12006;0;78.48837209302324
12007;3;87.26541554959786
12008;1;86.93693693693693
12009;75;69.28411761334327
12010;2;82.23938223938224
12011;20;72.96823658269442
12012;13;83.20297951582867
12013;0;84.02777777777779
12014;2;78.26086956521739
12015;0;87.09677419354838
12016;6;82.61694058154235
12017;0;80.74534161490683
12018;1;85.71428571428571
12020;0;88.98305084745762
12021;27;76.21731289449954
12022;2;77.03488372093024
12024;0;87.41258741258741
12025;0;76.47058823529412
12026;13;76.95800227014756
12027;89;69.51515852811849
12028;62;77.3319561417448
12029;4;79.34472934472934
12031;24;77.25242973469923
12032;104;72.65887353878853
12033;19;74.88275143303804
12034;3;74.78932584269663
12036;10;73.32185886402753
12037;0;94.11764705882352
12038;2;71.8562874251497
12039;4;86.07442977190877
12040;496;72.77396095503707
12041;0;81.0
12042;13;85.667215815486
12043;2;78.7719298245614
12044;3;89.52991452991454
12045;1;77.68115942028986
12046;2;79.05759162303664
12048;0;73.70517928286853
12049;1;73.01587301587301
12050;6;77.77777777777779
12051;1;71.97452229299363
12052;3;78.20069204152249
12053;6;81.36676499508357
12055;3;79.8076923076923
12056;1;83.68794326241135
12057;5;80.36303630363037
12058;1;88.73239436619718
12059;2;81.81818181818183
12060;4;82.51121076233184
12061;3;76.40750670241286
12063;1;70.73170731707317
12064;2;90.10989010989012
12065;2;89.8936170212766
12067;0;81.00558659217877
12068;1;75.0
12069;0;74.24242424242425
12070;0;77.77777777777779
12071;3;77.86499215070644
12072;11;84.37783832879201
12073;0;78.28947368421053
12074;5;83.05732484076434
12075;0;71.54471544715447
12076;0;82.14285714285714
12077;15;74.67969598262758
12078;0;72.3076923076923
12079;2;79.19799498746866
12080;10;82.71221532091097
12081;5;79.93421052631578
12082;46;76.15680565664968
12083;0;84.94623655913979
12084;105;72.47232472324723
12085;16;65.03215434083602
12087;4;72.0
12088;0;95.16129032258065
12089;15;71.11829944547135
12090;1;84.31372549019608
12091;0;63.84180790960452
12092;0;81.98198198198197
12093;2;76.96629213483146
12094;5;79.5749704840614
12095;8;78.1021897810219
12096;6;75.54697554697555
12097;0;77.77777777777779
12098;5;77.75862068965517
12099;7;77.1799628942486
12100;10;79.89497374343586
12101;3;77.93296089385476
12102;1;81.03448275862068
12103;0;75.82417582417582
12104;25;78.04702149141785
12105;2;75.94339622641509
12106;8;82.46977547495682
12107;4;85.35211267605634
12108;2;82.89473684210526
12109;6;81.97226502311248
12110;0;75.21367521367522
12111;3;84.72222222222221
12112;3;79.7979797979798
12113;3;80.72289156626506
12114;1;72.72727272727273
12115;0;81.7351598173516
12116;0;84.48275862068965
12117;20;76.06694560669456
12118;0;76.38888888888889
12119;0;64.1891891891892
12120;0;85.87570621468926
12121;4;83.46883468834689
12122;0;80.0251256281407
12123;3;83.33333333333334
12124;33;75.3804347826087
12125;0;83.33333333333334
12126;113;75.75311669732271
12127;0;73.33333333333333
12128;10;78.2483847810481
12129;11;72.31947483588621
12130;0;84.15841584158416
12131;0;82.53968253968253
12132;3;82.5
12133;0;89.83050847457628
12134;0;67.37588652482269
12135;196;72.83518575548028
12136;18;83.52941176470588
12137;0;63.888888888888886
12138;129;68.2545511777976
12139;0;74.52830188679245
12140;6;82.00873362445414
12141;0;82.17821782178217
12142;1;74.0506329113924
12901;23;77.12187958883993
12902;14;69.69416126042633
46001;3;75.59748427672956
46002;5;80.08510638297872
46003;1;83.26315789473684
46004;11;81.42559833506763
46005;102;73.99424033510778
46006;20;81.03028963077602
46007;67;73.2671615647677
46008;21;79.51716333459072
46009;8;78.78884972765138
46010;4;77.96791443850267
46011;26;68.98409777894598
46012;1;76.11607142857143
46013;82;78.05902318357015
46014;20;78.64686468646865
46015;40;77.50172532781228
46016;5;81.99811498586239
46017;142;72.57579896203224
46018;0;84.70394736842105
46019;33;79.91863487399706
46020;22;77.57382282521948
46021;100;73.11514228931456
46022;59;72.19655060201757
46023;2;85.62691131498471
46024;2;76.02905569007264
46025;8;78.15126050420169
46026;3;84.30232558139535
46027;5;82.71474019088016
46028;3;85.27131782945736
46029;93;72.5949643428904
46030;5;78.375
46031;66;71.59943046986237
46032;33;77.87015743852822
46033;0;81.67539267015707
46034;4;79.06712172923777
46035;43;76.2532981530343
46036;5;67.90780141843972
46037;4;83.42245989304813
46038;3;74.00611620795107
46039;8;81.12676056338029
46040;7;82.3747680890538
46041;5;76.89969604863222
46042;20;82.81065088757397
46043;0;91.17647058823529
46044;18;76.38691322901849
46045;3;82.30584467574059
46046;1;75.67264573991032
46047;2;83.83458646616542
46048;14;79.63499420625723
46049;0;82.56227758007117
46050;0;77.31958762886599
46051;24;76.13513837306817
46052;2;84.3687374749499
46053;2;80.47016274864376
46054;47;75.06419906136544
46055;5;81.22028526148969
46056;1;91.75824175824175
46057;1;65.91375770020534
46058;15;78.89390519187359
46059;9;82.07771609833465
46060;42;75.26950581705624
46061;1;80.11695906432749
46062;27;75.81515871302095
46063;15;77.84738041002278
46064;1;80.94302554027504
46065;8;74.35085497150095
46066;9;81.07680126682502
46067;1;80.88990302338847
46068;6;79.76878612716763
46069;0;76.5432098765432
46070;61;75.30529172320217
46071;0;82.54310344827587
46072;23;79.50706175574634
46073;6;81.31868131868131
46074;14;76.7433234421365
46075;1;86.66666666666667
46076;0;78.95652173913044
46077;45;78.82870864461046
46078;132;72.40800885113673
46079;1;75.78616352201259
46080;7;80.46092184368737
46081;41;76.68245510163804
46082;33;76.14884099227328
46083;86;72.48735572558682
46084;5;80.13959390862944
46085;46;71.63613392293115
46086;1;85.36585365853658
46087;0;81.66666666666667
46088;4;75.30120481927712
46089;9;75.14071294559099
46090;3;84.97251069028711
46091;0;79.66101694915254
46092;0;69.56521739130434
46093;4;77.76203966005666
46094;102;74.86854917234665
46095;1;76.55737704918033
46096;1;76.27737226277372
46097;4;76.11630321910697
46098;11;76.83319903303787
46099;1;76.47058823529412
46100;1;81.11888111888112
46101;3;83.25581395348837
46102;89;76.58176672730949
46103;7;80.3006329113924
46104;7;77.5257731958763
46105;44;69.93823347745521
46106;10;74.9185667752443
46107;5;79.78947368421052
46108;1;80.59701492537313
46109;25;75.20325203252033
46110;86;73.3135481439608
46111;44;72.56175663311986
46112;2;84.88805970149254
46113;6;73.42287342287342
46114;1;81.01933216168717
46115;1;75.66137566137566
46116;53;77.46029333535984
46117;5;81.21212121212122
46118;16;78.1291522721233
46119;5;83.71794871794872
46120;2;81.13207547169812
46121;0;90.47619047619048
46122;10;76.96857670979668
46123;7;76.92728266812466
46124;4;82.9733163913596
46125;5;81.34592680047226
46126;24;80.0755939524838
46127;18;78.7518573551263
46128;5;80.77645585472762
46129;4;80.1526717557252
46130;3;76.24861265260822
46131;231;73.98191418340717
46132;7;83.86046511627907
46133;6;77.86116322701689
46134;14;73.1862537123462
46135;36;79.35950413223141
46136;11;76.94126921560898
46137;4;77.77777777777779
46138;1;80.17492711370262
46139;18;80.64659977703455
46140;0;82.55813953488372
46141;2;79.95444191343964
46142;1;78.65311308767471
46143;14;73.22481717386175
46144;2;80.24132730015083
46145;93;74.29286039108686
46146;7;78.8391777509069
46147;61;70.8048708048708
46148;7;76.66886979510905
46149;2;74.65564738292011
46150;7;73.2386673948662
46151;0;75.54945054945054
46152;0;70.83333333333334
46153;1;80.86560364464692
46154;5;78.71287128712872
46155;4;80.95238095238095
46156;10;81.58653846153847
46157;10;77.88590604026847
46158;6;79.0448343079922
46159;128;73.67223729110158
46160;1;75.90172503920543
46161;7;80.10788941335132
46162;3;78.88982338099242
46163;8;80.64343163538874
46164;64;72.75507603432165
46165;25;76.25192874175902
46166;30;77.49846719803801
46167;0;73.07692307692307
46168;2;77.14138286893704
46169;154;75.08915558036406
46170;10;79.42639742464151
46171;85;73.73664191269698
46172;22;69.49623165410551
46173;4;80.49698795180723
46174;2;78.60082304526749
46175;3;85.30701754385966
46176;5;67.32771442736738
46177;19;76.29503304199531
46178;27;73.43109769247359
46179;16;81.2933025404157
46180;0;81.08504398826979
46181;95;72.62164553229135
46182;6;73.38072669826225
46183;19;74.13649257467046
46184;115;77.06934279031162
46185;2;84.65608465608466
46186;69;76.56282777428152
46187;0;77.87136294027565
46188;8;80.95238095238095
46189;2;84.1541755888651
46190;211;72.80639032462359
46191;5;78.98812596799173
46192;5;75.68988173455979
46193;50;78.80063723258989
46194;86;71.66441832080683
46195;11;78.03261977573904
46196;1;85.03401360544217
46197;5;78.6302780638517
46198;4;81.52562574493444
46199;28;75.44596012591815
46200;3;82.02837624802942
46201;1;81.25
46202;79;75.61220274974922
46203;9;79.67276760953965
46204;32;78.67085765603952
46205;51;76.37278189185412
46206;2;79.33450087565674
46207;41;76.48292390653086
46208;4;79.76618705035972
46209;5;74.75426797723745
46210;2;83.93939393939394
46211;8;79.48424068767909
46212;9;70.98765432098766
46213;97;70.89363359075864
46214;42;76.94405683115565
46215;5;80.36211699164345
46216;14;81.3180288937265
46217;4;78.70159453302962
46218;7;85.84905660377359
46219;1;88.18897637795276
46220;279;71.56372650278868
46221;0;86.64772727272727
46222;1;79.94791666666666
46223;34;76.27227278554032
46224;0;76.10062893081762
46225;5;86.05341246290801
46226;0;87.8048780487805
46227;1;78.56353591160222
46228;7;77.29982964224872
46229;0;80.37974683544303
46230;54;74.14756446991404
46231;14;71.08632796365139
46232;5;79.44134078212291
46233;10;74.06735751295336
46234;3;80.17241379310344
46235;113;73.8171370313731
46236;2;84.15637860082305
46237;42;74.81625294688669
46238;61;73.67866285198012
46239;3;76.92307692307693
46240;1;78.0952380952381
46241;1;76.27551020408163
46242;0;80.18018018018019
46243;1;83.33333333333334
46244;270;71.69692535434142
46245;0;82.1917808219178
46246;5;78.92249527410208
46247;3;70.9741550695825
46248;18;73.43271390647334
46249;56;72.63135228251507
46250;2541;76.54331440657171
46251;6;81.11291632818846
46252;0;83.89830508474576
46253;0;71.30434782608695
46254;6;78.5
46255;22;77.12665406427222
46256;25;72.24573179629358
46257;25;76.57512116316639
46258;16;78.58220211161388
46259;4;80.65173116089613
46260;22;80.86013173188687
46261;5;78.6086956521739
46262;2;72.6457399103139
46263;0;85.2589641434263
46902;0;83.83561643835617
46903;18;78.97774113767518
46904;8;77.02020202020202
51001;316;52.58858350951374
52001;267;51.34972892865852
