ID_MUNICIPIO;FECHA_ELECCION;V_ALCD_2016;V_C's_2016;V_CCD_2016;V_CCD-CI_2016;V_CCa-PNC_2016;V_CCa-PNC-NC_2016;V_CILUS_2016;V_CUP_2016;V_EAJ-PNV_2016;V_EB_2016;V_ECP_2016;V_ENTABAN_2016;V_ERC-CATSÍ_2016;V_FE_2016;V_FE_de_las_J_2016;V_FME_2016;V_IMC_2016;V_INDEPENDIEN_2016;V_IZAR_2016;V_JXC_2016;V_Ln_2016;V_MAS_2016;V_PACMA_2016;V_PCOE_2016;V_PCPE_2016;V_PFyV_2016;V_PH_2016;V_PODEMOS-COM_2016;V_PODEMOS-EN_MAREA-ANOVA-EU_2016;V_PODEMOS-IU-EQUO_2016;V_PP_2016;V_PREPAL_2016;V_PSOE_2016;V_PUEDE_2016;V_PxC_2016;V_RECORTES_CERO-GRUPO_VERDE_2016;V_REPO_2016;V_SAIn_2016;V_SI_2016;V_SOMVAL_2016;V_SUMAR_2016;V_Teruel_Existe_2016;V_UDT_2016;V_UNIDAD_DEL_PUEBLO_2016;V_UPL_2016;V_UPyD_2016;V_VOX_2016
01001;2016-06;0;62;0;0;0;0;0;0;244;0;0;0;0;0;0;0;0;0;0;0;1;0;17;0;3;0;0;0;0;466;160;0;205;0;0;5;0;0;0;0;0;145;0;0;0;1;2
01002;2016-06;0;134;0;0;0;0;0;0;1632;0;0;0;0;0;0;0;0;0;0;0;1;0;31;0;4;0;0;0;0;1913;496;0;592;0;0;17;0;0;0;0;0;775;0;0;0;4;24
01003;2016-06;0;1;0;0;0;0;0;0;222;0;0;0;0;0;0;0;0;0;0;0;0;0;4;0;0;0;0;0;0;197;13;0;12;0;0;0;0;0;0;0;0;317;0;0;0;1;5
01004;2016-06;0;25;0;0;0;0;0;0;301;0;0;0;0;0;0;0;0;0;0;0;0;0;8;0;2;0;0;0;0;296;130;0;71;0;0;1;0;0;0;0;0;153;0;0;0;0;0
01006;2016-06;0;18;0;0;0;0;0;0;11;0;0;0;0;0;0;0;0;0;0;0;0;0;1;0;0;0;0;0;0;48;36;0;18;0;0;1;0;0;0;0;0;7;0;0;0;0;0
01008;2016-06;0;25;0;0;0;0;0;0;123;0;0;0;0;0;0;0;0;0;0;0;0;0;2;0;1;0;0;0;0;120;109;0;37;0;0;0;0;0;0;0;0;79;0;0;0;0;2
01009;2016-06;0;11;0;0;0;0;0;0;210;0;0;0;0;0;0;0;0;0;0;0;2;0;6;0;0;0;0;0;0;298;62;0;76;0;0;0;0;0;0;0;0;178;0;0;0;0;0
01010;2016-06;0;26;0;0;0;0;0;0;518;0;0;0;0;0;0;0;0;0;0;0;0;0;13;0;1;0;0;0;0;537;153;0;102;0;0;6;0;0;0;0;0;234;0;0;0;0;2
01011;2016-06;0;11;0;0;0;0;0;0;47;0;0;0;0;0;0;0;0;0;0;0;0;0;0;0;0;0;0;0;0;19;70;0;16;0;0;0;0;0;0;0;0;4;0;0;0;0;0
01013;2016-06;0;14;0;0;0;0;0;0;107;0;0;0;0;0;0;0;0;0;0;0;0;0;6;0;0;0;0;0;0;149;47;0;23;0;0;0;0;0;0;0;0;104;0;0;0;0;0
01014;2016-06;0;11;0;0;0;0;0;0;63;0;0;0;0;0;0;0;0;0;0;0;0;0;4;0;0;0;0;0;0;64;71;0;37;0;0;0;0;0;0;0;0;16;0;0;0;1;1
01016;2016-06;0;5;0;0;0;0;0;0;68;0;0;0;0;0;0;0;0;0;0;0;0;0;1;0;2;0;0;0;0;51;54;0;16;0;0;0;0;0;0;0;0;24;0;0;0;0;0
01017;2016-06;0;12;0;0;0;0;0;0;170;0;0;0;0;0;0;0;0;0;0;0;0;0;5;0;0;0;0;0;0;144;82;0;54;0;0;1;0;0;0;0;0;90;0;0;0;0;2
01018;2016-06;0;22;0;0;0;0;0;0;188;0;0;0;0;0;0;0;0;0;0;0;0;0;3;0;0;0;0;0;0;289;132;0;94;0;0;0;0;0;0;0;0;197;0;0;0;2;0
01019;2016-06;0;7;0;0;0;0;0;0;58;0;0;0;0;0;0;0;0;0;0;0;0;0;2;0;0;0;0;0;0;10;18;0;2;0;0;1;0;0;0;0;0;6;0;0;0;0;0
01020;2016-06;0;4;0;0;0;0;0;0;82;0;0;0;0;0;0;0;0;0;0;0;0;0;0;0;0;0;0;0;0;63;23;0;8;0;0;0;0;0;0;0;0;51;0;0;0;0;0
01021;2016-06;0;10;0;0;0;0;0;0;93;0;0;0;0;0;0;0;0;0;0;0;0;0;8;0;1;0;0;0;0;63;72;0;39;0;0;0;0;0;0;0;0;22;0;0;0;0;1
01022;2016-06;0;34;0;0;0;0;0;0;74;0;0;0;0;0;0;0;0;0;0;0;0;0;5;0;0;0;0;0;0;114;165;0;122;0;0;3;0;0;0;0;0;22;0;0;0;1;2
01023;2016-06;0;9;0;0;0;0;0;0;44;0;0;0;0;0;0;0;0;0;0;0;1;0;1;0;1;0;0;0;0;37;63;0;14;0;0;0;0;0;0;0;0;15;0;0;0;0;0
01027;2016-06;0;14;0;0;0;0;0;0;78;0;0;0;0;0;0;0;0;0;0;0;0;0;3;0;0;0;0;0;0;73;37;0;7;0;0;0;0;0;0;0;0;37;0;0;0;2;0
01028;2016-06;0;29;0;0;0;0;0;0;103;0;0;0;0;0;0;0;0;0;0;0;0;0;7;0;1;0;0;0;0;187;204;0;97;0;0;2;0;0;0;0;0;75;0;0;0;0;2
01030;2016-06;0;0;0;0;0;0;0;0;36;0;0;0;0;0;0;0;0;0;0;0;2;0;1;0;0;0;0;0;0;26;42;0;10;0;0;1;0;0;0;0;0;8;0;0;0;0;0
01031;2016-06;0;46;0;0;0;0;0;0;147;0;0;0;0;0;0;0;0;0;0;0;1;0;7;0;3;0;0;0;0;202;298;0;71;0;0;0;0;0;0;0;0;79;0;0;0;0;3
01032;2016-06;0;17;0;0;0;0;0;0;100;0;0;0;0;0;0;0;0;0;0;0;0;0;1;0;0;0;0;0;0;77;83;0;48;0;0;1;0;0;0;0;0;24;0;0;0;2;0
01033;2016-06;0;24;0;0;0;0;0;0;167;0;0;0;0;0;0;0;0;0;0;0;0;0;0;0;0;0;0;0;0;82;103;0;62;0;0;1;0;0;0;0;0;38;0;0;0;0;0
01034;2016-06;0;1;0;0;0;0;0;0;37;0;0;0;0;0;0;0;0;0;0;0;0;0;2;0;0;0;0;0;0;30;13;0;20;0;0;0;0;0;0;0;0;19;0;0;0;0;0
01036;2016-06;0;230;0;0;0;0;0;0;2292;0;0;0;0;0;0;0;0;0;0;0;2;0;64;0;20;0;0;0;0;3266;1100;0;1432;0;0;17;0;0;0;0;0;1460;0;0;0;11;10
01037;2016-06;0;8;0;0;0;0;0;0;135;0;0;0;0;0;0;0;0;0;0;0;0;0;1;0;1;0;0;0;0;104;63;0;33;0;0;1;0;0;0;0;0;61;0;0;0;0;0
01039;2016-06;0;4;0;0;0;0;0;0;29;0;0;0;0;0;0;0;0;0;0;0;0;0;0;0;1;0;0;0;0;44;30;0;35;0;0;0;0;0;0;0;0;10;0;0;0;0;0
01041;2016-06;0;5;0;0;0;0;0;0;29;0;0;0;0;0;0;0;0;0;0;0;0;0;1;0;0;0;0;0;0;16;40;0;5;0;0;0;0;0;0;0;0;3;0;0;0;0;0
01042;2016-06;0;6;0;0;0;0;0;0;223;0;0;0;0;0;0;0;0;0;0;0;0;0;7;0;0;0;0;0;0;197;50;0;28;0;0;2;0;0;0;0;0;128;0;0;0;0;1
01043;2016-06;0;109;0;0;0;0;0;0;180;0;0;0;0;0;0;0;0;0;0;0;1;0;11;0;0;0;0;0;0;418;372;0;281;0;0;3;0;0;0;0;0;136;0;0;0;6;2
01044;2016-06;0;4;0;0;0;0;0;0;34;0;0;0;0;0;0;0;0;0;0;0;0;0;1;0;0;0;0;0;0;49;44;0;20;0;0;0;0;0;0;0;0;14;0;0;0;1;0
01046;2016-06;0;13;0;0;0;0;0;0;109;0;0;0;0;0;0;0;0;0;0;0;0;0;3;0;0;0;0;0;0;123;99;0;42;0;0;0;0;0;0;0;0;35;0;0;0;1;0
01047;2016-06;0;60;0;0;0;0;0;0;103;0;0;0;0;0;0;0;0;0;0;0;1;0;12;0;1;0;0;0;0;186;189;0;88;0;0;1;0;0;0;0;0;20;0;0;0;1;1
01049;2016-06;0;0;0;0;0;0;0;0;30;0;0;0;0;0;0;0;0;0;0;0;0;0;0;0;0;0;0;0;0;34;16;0;8;0;0;1;0;0;0;0;0;19;0;0;0;0;0
01051;2016-06;0;51;0;0;0;0;0;0;511;0;0;0;0;0;0;0;0;0;0;0;1;0;11;0;4;0;0;0;0;745;204;0;242;0;0;3;0;0;0;0;0;444;0;0;0;2;0
01052;2016-06;0;0;0;0;0;0;0;0;55;0;0;0;0;0;0;0;0;0;0;0;0;0;0;0;0;0;0;0;0;32;22;0;42;0;0;1;0;0;0;0;0;29;0;0;0;0;0
01053;2016-06;0;5;0;0;0;0;0;0;102;0;0;0;0;0;0;0;0;0;0;0;0;0;0;0;0;0;0;0;0;97;31;0;13;0;0;0;0;0;0;0;0;66;0;0;0;2;0
01054;2016-06;0;10;0;0;0;0;0;0;146;0;0;0;0;0;0;0;0;0;0;0;1;0;5;0;0;0;0;0;0;200;50;0;36;0;0;1;0;0;0;0;0;198;0;0;0;0;0
01055;2016-06;0;13;0;0;0;0;0;0;153;0;0;0;0;0;0;0;0;0;0;0;0;0;2;0;0;0;0;0;0;127;133;0;42;0;0;0;0;0;0;0;0;49;0;0;0;0;0
01056;2016-06;0;3;0;0;0;0;0;0;55;0;0;0;0;0;0;0;0;0;0;0;0;0;2;0;0;0;0;0;0;25;26;0;3;0;0;1;0;0;0;0;0;20;0;0;0;0;0
01057;2016-06;0;6;0;0;0;0;0;0;70;0;0;0;0;0;0;0;0;0;0;0;0;0;2;0;0;0;0;0;0;39;30;0;8;0;0;1;0;0;0;0;0;43;0;0;0;0;0
01058;2016-06;0;18;0;0;0;0;0;0;155;0;0;0;0;0;0;0;0;0;0;0;0;0;6;0;0;0;0;0;0;286;62;0;76;0;0;2;0;0;0;0;0;180;0;0;0;0;1
01059;2016-06;0;7023;0;0;0;0;0;0;16574;0;0;0;0;0;0;0;0;0;0;0;59;0;1328;0;160;0;0;0;0;38903;28096;0;21553;0;0;509;0;0;0;0;0;9794;0;0;0;253;228
01060;2016-06;0;8;0;0;0;0;0;0;43;0;0;0;0;0;0;0;0;0;0;0;0;0;0;0;0;0;0;0;0;27;60;0;12;0;0;2;0;0;0;0;0;5;0;0;0;0;0
01061;2016-06;0;3;0;0;0;0;0;0;36;0;0;0;0;0;0;0;0;0;0;0;0;0;0;0;0;0;0;0;0;38;6;0;4;0;0;0;0;0;0;0;0;39;0;0;0;0;0
01062;2016-06;0;16;0;0;0;0;0;0;38;0;0;0;0;0;0;0;0;0;0;0;0;0;4;0;1;0;0;0;0;54;62;0;23;0;0;0;0;0;0;0;0;10;0;0;0;0;0
01063;2016-06;0;58;0;0;0;0;0;0;332;0;0;0;0;0;0;0;0;0;0;0;1;0;9;0;1;0;0;0;0;341;174;0;103;0;0;3;0;0;0;0;0;209;0;0;0;2;9
01901;2016-06;0;80;0;0;0;0;0;0;184;0;0;0;0;0;0;0;0;0;0;0;0;0;34;0;2;0;0;0;0;535;324;0;291;0;0;7;0;0;0;0;0;103;0;0;0;1;2
01902;2016-06;0;29;0;0;0;0;0;0;102;0;0;0;0;0;0;0;0;0;0;0;0;0;8;0;0;0;0;0;0;146;127;0;57;0;0;0;0;0;0;0;0;29;0;0;0;0;0
02001;2016-06;0;30;0;0;0;0;0;0;0;0;0;0;0;0;0;0;0;0;0;0;0;0;4;0;1;0;0;0;0;35;272;0;179;0;0;0;0;0;0;0;0;0;0;0;0;1;0
02002;2016-06;0;31;0;0;0;0;0;0;0;0;0;0;0;0;1;0;0;0;0;0;0;0;0;0;0;0;0;0;0;25;180;0;149;0;0;0;0;0;0;0;0;0;0;0;0;0;0
02003;2016-06;0;17378;0;0;0;0;0;0;0;0;0;0;0;0;121;0;0;0;0;0;0;0;1055;0;108;0;0;0;0;16193;38470;0;20846;0;0;183;0;0;0;0;0;0;0;0;0;233;0
02004;2016-06;0;30;0;0;0;0;0;0;0;0;0;0;0;0;2;0;0;0;0;0;0;0;2;0;1;0;0;0;0;26;224;0;183;0;0;0;0;0;0;0;0;0;0;0;0;0;0
02005;2016-06;0;43;0;0;0;0;0;0;0;0;0;0;0;0;1;0;0;0;0;0;0;0;1;0;0;0;0;0;0;43;207;0;115;0;0;1;0;0;0;0;0;0;0;0;0;0;0
02006;2016-06;0;30;0;0;0;0;0;0;0;0;0;0;0;0;0;0;0;0;0;0;0;0;0;0;0;0;0;0;0;31;222;0;172;0;0;0;0;0;0;0;0;0;0;0;0;0;0
02007;2016-06;0;24;0;0;0;0;0;0;0;0;0;0;0;0;1;0;0;0;0;0;0;0;3;0;0;0;0;0;0;122;260;0;403;0;0;0;0;0;0;0;0;0;0;0;0;1;0
02008;2016-06;0;77;0;0;0;0;0;0;0;0;0;0;0;0;0;0;0;0;0;0;0;0;1;0;4;0;0;0;0;103;344;0;310;0;0;0;0;0;0;0;0;0;0;0;0;1;0
02009;2016-06;0;2122;0;0;0;0;0;0;0;0;0;0;0;0;11;0;0;0;0;0;0;0;111;0;14;0;0;0;0;2551;5126;0;4011;0;0;15;0;0;0;0;0;0;0;0;0;28;0
02010;2016-06;0;141;0;0;0;0;0;0;0;0;0;0;0;0;1;0;0;0;0;0;0;0;6;0;0;0;0;0;0;142;627;0;491;0;0;0;0;0;0;0;0;0;0;0;0;2;0
02011;2016-06;0;19;0;0;0;0;0;0;0;0;0;0;0;0;0;0;0;0;0;0;0;0;0;0;0;0;0;0;0;29;238;0;229;0;0;0;0;0;0;0;0;0;0;0;0;0;0
02012;2016-06;0;161;0;0;0;0;0;0;0;0;0;0;0;0;1;0;0;0;0;0;0;0;8;0;0;0;0;0;0;122;469;0;681;0;0;3;0;0;0;0;0;0;0;0;0;1;0
02013;2016-06;0;6;0;0;0;0;0;0;0;0;0;0;0;0;0;0;0;0;0;0;0;0;0;0;0;0;0;0;0;11;51;0;22;0;0;0;0;0;0;0;0;0;0;0;0;0;0
02014;2016-06;0;32;0;0;0;0;0;0;0;0;0;0;0;0;1;0;0;0;0;0;0;0;0;0;0;0;0;0;0;47;92;0;107;0;0;0;0;0;0;0;0;0;0;0;0;0;0
02015;2016-06;0;88;0;0;0;0;0;0;0;0;0;0;0;0;4;0;0;0;0;0;0;0;1;0;2;0;0;0;0;97;483;0;412;0;0;1;0;0;0;0;0;0;0;0;0;0;0
02016;2016-06;0;30;0;0;0;0;0;0;0;0;0;0;0;0;1;0;0;0;0;0;0;0;6;0;0;0;0;0;0;44;189;0;133;0;0;0;0;0;0;0;0;0;0;0;0;1;0
02017;2016-06;0;29;0;0;0;0;0;0;0;0;0;0;0;0;0;0;0;0;0;0;0;0;0;0;2;0;0;0;0;41;252;0;261;0;0;1;0;0;0;0;0;0;0;0;0;2;0
02018;2016-06;0;69;0;0;0;0;0;0;0;0;0;0;0;0;0;0;0;0;0;0;0;0;1;0;1;0;0;0;0;48;306;0;227;0;0;0;0;0;0;0;0;0;0;0;0;0;0
02019;2016-06;0;185;0;0;0;0;0;0;0;0;0;0;0;0;0;0;0;0;0;0;0;0;5;0;1;0;0;0;0;205;662;0;763;0;0;1;0;0;0;0;0;0;0;0;0;1;0
02020;2016-06;0;24;0;0;0;0;0;0;0;0;0;0;0;0;0;0;0;0;0;0;0;0;2;0;0;0;0;0;0;37;161;0;139;0;0;0;0;0;0;0;0;0;0;0;0;0;0
02021;2016-06;0;60;0;0;0;0;0;0;0;0;0;0;0;0;0;0;0;0;0;0;0;0;3;0;0;0;0;0;0;94;386;0;229;0;0;0;0;0;0;0;0;0;0;0;0;0;0
02022;2016-06;0;23;0;0;0;0;0;0;0;0;0;0;0;0;0;0;0;0;0;0;0;0;0;0;0;0;0;0;0;27;166;0;62;0;0;0;0;0;0;0;0;0;0;0;0;0;0
02023;2016-06;0;40;0;0;0;0;0;0;0;0;0;0;0;0;1;0;0;0;0;0;0;0;1;0;0;0;0;0;0;47;234;0;152;0;0;0;0;0;0;0;0;0;0;0;0;1;0
02024;2016-06;0;331;0;0;0;0;0;0;0;0;0;0;0;0;2;0;0;0;0;0;0;0;23;0;4;0;0;0;0;452;941;0;764;0;0;0;0;0;0;0;0;0;0;0;0;8;0
02025;2016-06;0;873;0;0;0;0;0;0;0;0;0;0;0;0;11;0;0;0;0;0;0;0;83;0;12;0;0;0;0;852;2549;0;1173;0;0;15;0;0;0;0;0;0;0;0;0;16;0
02026;2016-06;0;56;0;0;0;0;0;0;0;0;0;0;0;0;1;0;0;0;0;0;0;0;1;0;0;0;0;0;0;102;223;0;292;0;0;0;0;0;0;0;0;0;0;0;0;1;0
02027;2016-06;0;32;0;0;0;0;0;0;0;0;0;0;0;0;0;0;0;0;0;0;0;0;0;0;0;0;0;0;0;14;116;0;82;0;0;0;0;0;0;0;0;0;0;0;0;0;0
02028;2016-06;0;7;0;0;0;0;0;0;0;0;0;0;0;0;0;0;0;0;0;0;0;0;0;0;0;0;0;0;0;3;33;0;55;0;0;0;0;0;0;0;0;0;0;0;0;0;0
02029;2016-06;0;378;0;0;0;0;0;0;0;0;0;0;0;0;5;0;0;0;0;0;0;0;33;0;3;0;0;0;0;417;888;0;697;0;0;1;0;0;0;0;0;0;0;0;0;6;0
02030;2016-06;0;228;0;0;0;0;0;0;0;0;0;0;0;0;2;0;0;0;0;0;0;0;21;0;0;0;0;0;0;271;733;0;996;0;0;4;0;0;0;0;0;0;0;0;0;2;0
02031;2016-06;0;33;0;0;0;0;0;0;0;0;0;0;0;0;0;0;0;0;0;0;0;0;1;0;0;0;0;0;0;48;190;0;183;0;0;0;0;0;0;0;0;0;0;0;0;0;0
02032;2016-06;0;15;0;0;0;0;0;0;0;0;0;0;0;0;0;0;0;0;0;0;0;0;1;0;0;0;0;0;0;47;61;0;77;0;0;0;0;0;0;0;0;0;0;0;0;0;0
02033;2016-06;0;136;0;0;0;0;0;0;0;0;0;0;0;0;2;0;0;0;0;0;0;0;15;0;3;0;0;0;0;235;660;0;406;0;0;6;0;0;0;0;0;0;0;0;0;5;0
02034;2016-06;0;111;0;0;0;0;0;0;0;0;0;0;0;0;0;0;0;0;0;0;0;0;7;0;1;0;0;0;0;216;401;0;345;0;0;2;0;0;0;0;0;0;0;0;0;3;0
02035;2016-06;0;233;0;0;0;0;0;0;0;0;0;0;0;0;2;0;0;0;0;0;0;0;10;0;0;0;0;0;0;188;545;0;468;0;0;4;0;0;0;0;0;0;0;0;0;2;0
02036;2016-06;0;1;0;0;0;0;0;0;0;0;0;0;0;0;0;0;0;0;0;0;0;0;0;0;0;0;0;0;0;11;49;0;17;0;0;0;0;0;0;0;0;0;0;0;0;0;0
02037;2016-06;0;2022;0;0;0;0;0;0;0;0;0;0;0;0;10;0;0;0;0;0;0;0;180;0;14;0;0;0;0;1814;6092;0;4212;0;0;19;0;0;0;0;0;0;0;0;0;23;0
02038;2016-06;0;21;0;0;0;0;0;0;0;0;0;0;0;0;0;0;0;0;0;0;0;0;2;0;1;0;0;0;0;14;123;0;61;0;0;1;0;0;0;0;0;0;0;0;0;0;0
02039;2016-06;0;75;0;0;0;0;0;0;0;0;0;0;0;0;1;0;0;0;0;0;0;0;4;0;1;0;0;0;0;86;328;0;280;0;0;0;0;0;0;0;0;0;0;0;0;1;0
02040;2016-06;0;54;0;0;0;0;0;0;0;0;0;0;0;0;0;0;0;0;0;0;0;0;2;0;0;0;0;0;0;58;207;0;159;0;0;0;0;0;0;0;0;0;0;0;0;0;0
02041;2016-06;0;2;0;0;0;0;0;0;0;0;0;0;0;0;1;0;0;0;0;0;0;0;0;0;0;0;0;0;0;25;160;0;72;0;0;0;0;0;0;0;0;0;0;0;0;0;0
02042;2016-06;0;50;0;0;0;0;0;0;0;0;0;0;0;0;0;0;0;0;0;0;0;0;1;0;0;0;0;0;0;72;239;0;248;0;0;0;0;0;0;0;0;0;0;0;0;0;0
02043;2016-06;0;77;0;0;0;0;0;0;0;0;0;0;0;0;0;0;0;0;0;0;0;0;1;0;0;0;0;0;0;65;424;0;357;0;0;0;0;0;0;0;0;0;0;0;0;0;0
02044;2016-06;0;85;0;0;0;0;0;0;0;0;0;0;0;0;0;0;0;0;0;0;0;0;2;0;2;0;0;0;0;62;279;0;318;0;0;0;0;0;0;0;0;0;0;0;0;3;0
02045;2016-06;0;294;0;0;0;0;0;0;0;0;0;0;0;0;0;0;0;0;0;0;0;0;21;0;8;0;0;0;0;972;819;0;712;0;0;1;0;0;0;0;0;0;0;0;0;7;0
02046;2016-06;0;91;0;0;0;0;0;0;0;0;0;0;0;0;0;0;0;0;0;0;0;0;4;0;1;0;0;0;0;134;379;0;255;0;0;1;0;0;0;0;0;0;0;0;0;1;0
02047;2016-06;0;2;0;0;0;0;0;0;0;0;0;0;0;0;0;0;0;0;0;0;0;0;1;0;0;0;0;0;0;5;59;0;19;0;0;0;0;0;0;0;0;0;0;0;0;0;0
02048;2016-06;0;61;0;0;0;0;0;0;0;0;0;0;0;0;0;0;0;0;0;0;0;0;7;0;2;0;0;0;0;82;487;0;327;0;0;2;0;0;0;0;0;0;0;0;0;0;0
02049;2016-06;0;43;0;0;0;0;0;0;0;0;0;0;0;0;1;0;0;0;0;0;0;0;4;0;0;0;0;0;0;36;212;0;266;0;0;1;0;0;0;0;0;0;0;0;0;0;0
02050;2016-06;0;7;0;0;0;0;0;0;0;0;0;0;0;0;0;0;0;0;0;0;0;0;0;0;0;0;0;0;0;10;45;0;20;0;0;0;0;0;0;0;0;0;0;0;0;0;0
02051;2016-06;0;111;0;0;0;0;0;0;0;0;0;0;0;0;1;0;0;0;0;0;0;0;1;0;0;0;0;0;0;39;726;0;264;0;0;0;0;0;0;0;0;0;0;0;0;14;0
02052;2016-06;0;28;0;0;0;0;0;0;0;0;0;0;0;0;1;0;0;0;0;0;0;0;2;0;0;0;0;0;0;36;156;0;142;0;0;0;0;0;0;0;0;0;0;0;0;0;0
02053;2016-06;0;263;0;0;0;0;0;0;0;0;0;0;0;0;3;0;0;0;0;0;0;0;21;0;7;0;0;0;0;274;763;0;835;0;0;6;0;0;0;0;0;0;0;0;0;1;0
02054;2016-06;0;28;0;0;0;0;0;0;0;0;0;0;0;0;0;0;0;0;0;0;0;0;1;0;1;0;0;0;0;16;162;0;82;0;0;0;0;0;0;0;0;0;0;0;0;0;0
02055;2016-06;0;58;0;0;0;0;0;0;0;0;0;0;0;0;0;0;0;0;0;0;0;0;1;0;1;0;0;0;0;75;261;0;263;0;0;2;0;0;0;0;0;0;0;0;0;1;0
02056;2016-06;0;88;0;0;0;0;0;0;0;0;0;0;0;0;2;0;0;0;0;0;0;0;9;0;0;0;0;0;0;72;579;0;514;0;0;1;0;0;0;0;0;0;0;0;0;3;0
02057;2016-06;0;129;0;0;0;0;0;0;0;0;0;0;0;0;1;0;0;0;0;0;0;0;10;0;0;0;0;0;0;304;385;0;620;0;0;1;0;0;0;0;0;0;0;0;0;1;0
02058;2016-06;0;15;0;0;0;0;0;0;0;0;0;0;0;0;0;0;0;0;0;0;0;0;1;0;0;0;0;0;0;33;70;0;112;0;0;0;0;0;0;0;0;0;0;0;0;0;0
02059;2016-06;0;12;0;0;0;0;0;0;0;0;0;0;0;0;1;0;0;0;0;0;0;0;0;0;0;0;0;0;0;18;86;0;114;0;0;0;0;0;0;0;0;0;0;0;0;0;0
02060;2016-06;0;105;0;0;0;0;0;0;0;0;0;0;0;0;1;0;0;0;0;0;0;0;7;0;0;0;0;0;0;83;506;0;278;0;0;1;0;0;0;0;0;0;0;0;0;0;0
02061;2016-06;0;31;0;0;0;0;0;0;0;0;0;0;0;0;0;0;0;0;0;0;0;0;2;0;3;0;0;0;0;38;276;0;156;0;0;0;0;0;0;0;0;0;0;0;0;1;0
02062;2016-06;0;31;0;0;0;0;0;0;0;0;0;0;0;0;1;0;0;0;0;0;0;0;0;0;0;0;0;0;0;27;129;0;104;0;0;0;0;0;0;0;0;0;0;0;0;0;0
02063;2016-06;0;99;0;0;0;0;0;0;0;0;0;0;0;0;1;0;0;0;0;0;0;0;10;0;1;0;0;0;0;69;421;0;452;0;0;4;0;0;0;0;0;0;0;0;0;0;0
02064;2016-06;0;28;0;0;0;0;0;0;0;0;0;0;0;0;0;0;0;0;0;0;0;0;3;0;0;0;0;0;0;24;125;0;142;0;0;0;0;0;0;0;0;0;0;0;0;1;0
02065;2016-06;0;20;0;0;0;0;0;0;0;0;0;0;0;0;0;0;0;0;0;0;0;0;1;0;0;0;0;0;0;46;195;0;128;0;0;0;0;0;0;0;0;0;0;0;0;1;0
02066;2016-06;0;12;0;0;0;0;0;0;0;0;0;0;0;0;0;0;0;0;0;0;0;0;0;0;0;0;0;0;0;19;75;0;80;0;0;0;0;0;0;0;0;0;0;0;0;0;0
02067;2016-06;0;77;0;0;0;0;0;0;0;0;0;0;0;0;1;0;0;0;0;0;0;0;3;0;1;0;0;0;0;111;350;0;297;0;0;0;0;0;0;0;0;0;0;0;0;1;0
02068;2016-06;0;31;0;0;0;0;0;0;0;0;0;0;0;0;0;0;0;0;0;0;0;0;1;0;0;0;0;0;0;27;92;0;94;0;0;0;0;0;0;0;0;0;0;0;0;0;0
02069;2016-06;0;1327;0;0;0;0;0;0;0;0;0;0;0;0;13;0;0;0;0;0;0;0;52;0;8;0;0;0;0;1018;4158;0;1742;0;0;4;0;0;0;0;0;0;0;0;0;10;0
02070;2016-06;0;18;0;0;0;0;0;0;0;0;0;0;0;0;0;0;0;0;0;0;0;0;1;0;0;0;0;0;0;29;57;0;217;0;0;2;0;0;0;0;0;0;0;0;0;0;0
02071;2016-06;0;49;0;0;0;0;0;0;0;0;0;0;0;0;4;0;0;0;0;0;0;0;2;0;1;0;0;0;0;57;425;0;282;0;0;0;0;0;0;0;0;0;0;0;0;0;0
02072;2016-06;0;81;0;0;0;0;0;0;0;0;0;0;0;0;2;0;0;0;0;0;0;0;10;0;0;0;0;0;0;125;427;0;423;0;0;0;0;0;0;0;0;0;0;0;0;0;0
02073;2016-06;0;393;0;0;0;0;0;0;0;0;0;0;0;0;2;0;0;0;0;0;0;0;18;0;4;0;0;0;0;634;1320;0;1056;0;0;4;0;0;0;0;0;0;0;0;0;3;0
02074;2016-06;0;463;0;0;0;0;0;0;0;0;0;0;0;0;11;0;0;0;0;0;0;0;33;0;3;0;0;0;0;523;1709;0;1350;0;0;5;0;0;0;0;0;0;0;0;0;10;0
02075;2016-06;0;94;0;0;0;0;0;0;0;0;0;0;0;0;2;0;0;0;0;0;0;0;12;0;1;0;0;0;0;135;613;0;442;0;0;0;0;0;0;0;0;0;0;0;0;1;0
02076;2016-06;0;9;0;0;0;0;0;0;0;0;0;0;0;0;1;0;0;0;0;0;0;0;1;0;0;0;0;0;0;15;108;0;101;0;0;0;0;0;0;0;0;0;0;0;0;0;0
02077;2016-06;0;2;0;0;0;0;0;0;0;0;0;0;0;0;0;0;0;0;0;0;0;0;0;0;0;0;0;0;0;8;23;0;14;0;0;0;0;0;0;0;0;0;0;0;0;0;0
02078;2016-06;0;50;0;0;0;0;0;0;0;0;0;0;0;0;2;0;0;0;0;0;0;0;6;0;0;0;0;0;0;157;229;0;219;0;0;0;0;0;0;0;0;0;0;0;0;0;0
02079;2016-06;0;214;0;0;0;0;0;0;0;0;0;0;0;0;3;0;0;0;0;0;0;0;21;0;4;0;0;0;0;753;606;0;562;0;0;2;0;0;0;0;0;0;0;0;0;4;0
02080;2016-06;0;37;0;0;0;0;0;0;0;0;0;0;0;0;1;0;0;0;0;0;0;0;0;0;0;0;0;0;0;38;180;0;141;0;0;0;0;0;0;0;0;0;0;0;0;1;0
02081;2016-06;0;1664;0;0;0;0;0;0;0;0;0;0;0;0;13;0;0;0;0;0;0;0;102;0;11;0;0;0;0;1768;5757;0;3641;0;0;14;0;0;0;0;0;0;0;0;0;25;0
02082;2016-06;0;6;0;0;0;0;0;0;0;0;0;0;0;0;0;0;0;0;0;0;0;0;0;0;0;0;0;0;0;14;32;0;26;0;0;1;0;0;0;0;0;0;0;0;0;0;0
02083;2016-06;0;8;0;0;0;0;0;0;0;0;0;0;0;0;0;0;0;0;0;0;0;0;0;0;0;0;0;0;0;15;84;0;84;0;0;0;0;0;0;0;0;0;0;0;0;0;0
02084;2016-06;0;14;0;0;0;0;0;0;0;0;0;0;0;0;0;0;0;0;0;0;0;0;0;0;0;0;0;0;0;21;122;0;68;0;0;0;0;0;0;0;0;0;0;0;0;0;0
02085;2016-06;0;19;0;0;0;0;0;0;0;0;0;0;0;0;0;0;0;0;0;0;0;0;0;0;0;0;0;0;0;20;119;0;91;0;0;1;0;0;0;0;0;0;0;0;0;0;0
02086;2016-06;0;113;0;0;0;0;0;0;0;0;0;0;0;0;3;0;0;0;0;0;0;0;4;0;0;0;0;0;0;159;720;0;678;0;0;3;0;0;0;0;0;0;0;0;0;0;0
02901;2016-06;0;166;0;0;0;0;0;0;0;0;0;0;0;0;0;0;0;0;0;0;0;0;4;0;1;0;0;0;0;90;655;0;510;0;0;3;0;0;0;0;0;0;0;0;0;1;0
03001;2016-06;0;25;0;0;0;0;0;0;0;0;0;0;0;0;0;0;0;0;0;0;0;0;1;0;1;0;0;81;0;0;139;0;20;0;0;0;0;0;0;0;0;0;0;0;0;1;0
03002;2016-06;0;309;0;0;0;0;0;0;0;0;0;0;0;0;0;0;0;0;0;0;0;0;37;0;15;0;0;537;0;0;1008;0;612;0;0;7;0;0;0;3;0;0;0;0;0;3;11
03003;2016-06;0;29;0;0;0;0;0;0;0;0;0;0;0;0;0;0;0;0;0;0;0;0;1;0;0;0;0;104;0;0;174;0;64;0;0;0;0;0;0;0;0;0;0;0;0;0;2
03004;2016-06;0;52;0;0;0;0;0;0;0;0;0;0;0;0;0;0;0;0;0;0;0;0;7;0;1;0;0;94;0;0;149;0;128;0;0;0;0;0;0;0;0;0;0;0;0;3;1
03005;2016-06;0;704;0;0;0;0;0;4;0;0;0;0;0;0;0;0;0;0;0;0;0;0;78;0;15;0;0;843;0;0;2987;0;1145;0;0;15;0;0;0;3;0;0;0;0;0;20;33
03006;2016-06;0;40;0;0;0;0;0;0;0;0;0;0;0;0;0;0;0;0;0;0;0;0;3;0;3;0;0;150;0;0;134;0;47;0;0;1;0;0;0;0;0;0;0;0;0;0;1
03007;2016-06;0;20;0;0;0;0;0;0;0;0;0;0;0;0;0;0;0;0;0;0;0;0;2;0;0;0;0;56;0;0;43;0;16;0;0;0;0;0;0;0;0;0;0;0;0;0;0
03008;2016-06;0;9;0;0;0;0;0;0;0;0;0;0;0;0;0;0;0;0;0;0;0;0;3;0;0;0;0;15;0;0;66;0;36;0;0;0;0;0;0;0;0;0;0;0;0;0;0
03009;2016-06;0;5172;0;0;0;0;0;16;0;0;0;0;0;0;0;0;0;0;0;0;0;0;494;0;61;0;0;10821;0;0;9678;0;7952;0;0;80;0;0;0;31;0;0;0;0;0;68;205
03010;2016-06;0;28;0;0;0;0;0;0;0;0;0;0;0;0;0;0;0;0;0;0;0;0;1;0;0;0;0;94;0;0;93;0;56;0;0;0;0;0;0;0;0;0;0;0;0;1;1
03011;2016-06;0;993;0;0;0;0;0;1;0;0;0;0;0;0;0;0;0;0;0;0;0;0;84;0;6;0;0;1124;0;0;1878;0;1246;0;0;7;0;0;0;1;0;0;0;0;0;11;37
03012;2016-06;0;97;0;0;0;0;0;0;0;0;0;0;0;0;0;0;0;0;0;0;0;0;9;0;0;0;0;135;0;0;364;0;229;0;0;0;0;0;0;0;0;0;0;0;0;0;4
03013;2016-06;0;79;0;0;0;0;0;0;0;0;0;0;0;0;0;0;0;0;0;0;0;0;9;0;2;0;0;141;0;0;386;0;208;0;0;1;0;0;0;1;0;0;0;0;0;0;5
03014;2016-06;0;28849;0;0;0;0;0;65;0;0;0;0;0;0;0;0;0;0;0;0;0;0;2159;0;374;0;0;36190;0;0;62244;0;33915;0;0;252;0;0;0;65;0;0;0;0;0;451;1034
03015;2016-06;0;1369;0;0;0;0;0;2;0;0;0;0;0;0;0;0;0;0;0;0;0;0;99;0;21;0;0;1560;0;0;3964;0;2038;0;0;10;0;0;0;1;0;0;0;0;0;24;50
03016;2016-06;0;12;0;0;0;0;0;0;0;0;0;0;0;0;0;0;0;0;0;0;0;0;0;0;0;0;0;15;0;0;32;0;16;0;0;0;0;0;0;0;0;0;0;0;0;0;0
03017;2016-06;0;30;0;0;0;0;0;0;0;0;0;0;0;0;0;0;0;0;0;0;0;0;4;0;0;0;0;136;0;0;62;0;71;0;0;1;0;0;0;0;0;0;0;0;0;0;2
03018;2016-06;0;1330;0;0;0;0;0;9;0;0;0;0;0;0;0;0;0;0;0;0;0;0;107;0;12;0;0;2214;0;0;3075;0;1898;0;0;9;0;0;0;4;0;0;0;0;0;11;61
03019;2016-06;0;1688;0;0;0;0;0;4;0;0;0;0;0;0;0;0;0;0;0;0;0;0;129;0;22;0;0;2257;0;0;4487;0;2622;0;0;14;0;0;0;3;0;0;0;0;0;30;70
03020;2016-06;0;15;0;0;0;0;0;0;0;0;0;0;0;0;0;0;0;0;0;0;0;0;2;0;0;0;0;14;0;0;26;0;19;0;0;1;0;0;0;0;0;0;0;0;0;1;1
03021;2016-06;0;691;0;0;0;0;0;3;0;0;0;0;0;0;0;0;0;0;0;0;0;0;28;0;5;0;0;1002;0;0;1811;0;908;0;0;2;0;0;0;5;0;0;0;0;0;5;14
03022;2016-06;0;10;0;0;0;0;0;0;0;0;0;0;0;0;0;0;0;0;0;0;0;0;0;0;0;0;0;43;0;0;58;0;11;0;0;0;0;0;0;0;0;0;0;0;0;1;2
03023;2016-06;0;123;0;0;0;0;0;0;0;0;0;0;0;0;0;0;0;0;0;0;0;0;11;0;4;0;0;282;0;0;444;0;288;0;0;0;0;0;0;0;0;0;0;0;0;3;5
03024;2016-06;0;332;0;0;0;0;0;1;0;0;0;0;0;0;0;0;0;0;0;0;0;0;22;0;5;0;0;333;0;0;1386;0;915;0;0;1;0;0;0;0;0;0;0;0;0;2;16
03025;2016-06;0;113;0;0;0;0;0;0;0;0;0;0;0;0;0;0;0;0;0;0;0;0;4;0;1;0;0;80;0;0;456;0;277;0;0;0;0;0;0;0;0;0;0;0;0;1;7
03026;2016-06;0;115;0;0;0;0;0;0;0;0;0;0;0;0;0;0;0;0;0;0;0;0;7;0;1;0;0;304;0;0;298;0;199;0;0;3;0;0;0;0;0;0;0;0;0;0;4
03027;2016-06;0;17;0;0;0;0;0;0;0;0;0;0;0;0;0;0;0;0;0;0;0;0;4;0;0;0;0;31;0;0;53;0;30;0;0;0;0;0;0;0;0;0;0;0;0;0;0
03028;2016-06;0;75;0;0;0;0;0;0;0;0;0;0;0;0;0;0;0;0;0;0;0;0;6;0;2;0;0;221;0;0;316;0;179;0;0;0;0;0;0;2;0;0;0;0;0;0;9
03029;2016-06;0;16;0;0;0;0;0;0;0;0;0;0;0;0;0;0;0;0;0;0;0;0;2;0;0;0;0;46;0;0;72;0;45;0;0;0;0;0;0;0;0;0;0;0;0;0;1
03030;2016-06;0;49;0;0;0;0;0;0;0;0;0;0;0;0;0;0;0;0;0;0;0;0;4;0;2;0;0;128;0;0;110;0;137;0;0;1;0;0;0;2;0;0;0;0;0;1;1
03031;2016-06;0;4084;0;0;0;0;0;14;0;0;0;0;0;0;0;0;0;0;0;0;0;0;297;0;79;0;0;5239;0;0;10564;0;6168;0;0;45;0;0;0;14;0;0;0;0;0;42;139
03032;2016-06;0;6;0;0;0;0;0;0;0;0;0;0;0;0;0;0;0;0;0;0;0;0;0;0;0;0;0;26;0;0;38;0;18;0;0;1;0;0;0;0;0;0;0;0;0;0;0
03033;2016-06;0;12;0;0;0;0;0;0;0;0;0;0;0;0;0;0;0;0;0;0;0;0;2;0;0;0;0;27;0;0;43;0;11;0;0;0;0;0;0;0;0;0;0;0;0;0;0
03034;2016-06;0;161;0;0;0;0;0;0;0;0;0;0;0;0;0;0;0;0;0;0;0;0;7;0;0;0;0;188;0;0;446;0;241;0;0;0;0;0;0;1;0;0;0;0;0;0;3
03035;2016-06;0;43;0;0;0;0;0;1;0;0;0;0;0;0;0;0;0;0;0;0;0;0;2;0;3;0;0;158;0;0;181;0;146;0;0;0;0;0;0;1;0;0;0;0;0;1;4
03036;2016-06;0;7;0;0;0;0;0;0;0;0;0;0;0;0;0;0;0;0;0;0;0;0;1;0;0;0;0;35;0;0;30;0;5;0;0;0;0;0;0;0;0;0;0;0;0;0;0
03037;2016-06;0;34;0;0;0;0;0;0;0;0;0;0;0;0;0;0;0;0;0;0;0;0;2;0;0;0;0;83;0;0;66;0;73;0;0;0;0;0;0;1;0;0;0;0;0;2;14
03038;2016-06;0;27;0;0;0;0;0;0;0;0;0;0;0;0;0;0;0;0;0;0;0;0;4;0;0;0;0;78;0;0;102;0;67;0;0;1;0;0;0;0;0;0;0;0;0;1;2
03039;2016-06;0;3;0;0;0;0;0;0;0;0;0;0;0;0;0;0;0;0;0;0;0;0;0;0;0;0;0;24;0;0;25;0;8;0;0;0;0;0;0;0;0;0;0;0;0;0;0
03040;2016-06;0;22;0;0;0;0;0;0;0;0;0;0;0;0;0;0;0;0;0;0;0;0;0;0;0;0;0;69;0;0;79;0;39;0;0;0;0;0;0;0;0;0;0;0;0;0;2
03041;2016-06;0;590;0;0;0;0;0;6;0;0;0;0;0;0;0;0;0;0;0;0;0;0;36;0;3;0;0;1159;0;0;1535;0;793;0;0;4;0;0;0;14;0;0;0;0;0;6;26
03042;2016-06;0;126;0;0;0;0;0;0;0;0;0;0;0;0;0;0;0;0;0;0;0;0;6;0;2;0;0;223;0;0;443;0;182;0;0;2;0;0;0;1;0;0;0;0;0;0;4
03043;2016-06;0;355;0;0;0;0;0;3;0;0;0;0;0;0;0;0;0;0;0;0;0;0;10;0;4;0;0;623;0;0;767;0;616;0;0;0;0;0;0;0;0;0;0;0;0;3;5
03044;2016-06;0;457;0;0;0;0;0;1;0;0;0;0;0;0;0;0;0;0;0;0;0;0;33;0;5;0;0;403;0;0;1769;0;751;0;0;2;0;0;0;0;0;0;0;0;0;3;20
03045;2016-06;0;16;0;0;0;0;0;0;0;0;0;0;0;0;0;0;0;0;0;0;0;0;0;0;0;0;0;17;0;0;78;0;59;0;0;0;0;0;0;1;0;0;0;0;0;1;0
03046;2016-06;0;166;0;0;0;0;0;2;0;0;0;0;0;0;0;0;0;0;0;0;0;0;10;0;1;0;0;302;0;0;433;0;215;0;0;4;0;0;0;0;0;0;0;0;0;1;1
03047;2016-06;0;1093;0;0;0;0;0;2;0;0;0;0;0;0;0;0;0;0;0;0;0;0;86;0;8;0;0;1472;0;0;2066;0;1398;0;0;11;0;0;0;11;0;0;0;0;0;16;38
03048;2016-06;0;469;0;0;0;0;0;0;0;0;0;0;0;0;0;0;0;0;0;0;0;0;50;0;7;0;0;796;0;0;1634;0;665;0;0;4;0;0;0;1;0;0;0;0;0;14;23
03049;2016-06;0;1108;0;0;0;0;0;1;0;0;0;0;0;0;0;0;0;0;0;0;0;0;65;0;8;0;0;1454;0;0;4264;0;2030;0;0;6;0;0;0;3;0;0;0;0;0;5;31
03050;2016-06;0;2299;0;0;0;0;0;4;0;0;0;0;0;0;0;0;0;0;0;0;0;0;155;0;14;0;0;3142;0;0;4980;0;2416;0;0;15;0;0;0;8;0;0;0;0;0;40;104
03051;2016-06;0;32;0;0;0;0;0;0;0;0;0;0;0;0;0;0;0;0;0;0;0;0;0;0;0;0;0;68;0;0;118;0;74;0;0;0;0;0;0;0;0;0;0;0;0;0;2
03052;2016-06;0;121;0;0;0;0;0;1;0;0;0;0;0;0;0;0;0;0;0;0;0;0;9;0;0;0;0;111;0;0;352;0;146;0;0;1;0;0;0;0;0;0;0;0;0;3;3
03053;2016-06;0;967;0;0;0;0;0;0;0;0;0;0;0;0;0;0;0;0;0;0;0;0;49;0;5;0;0;1316;0;0;2274;0;879;0;0;12;0;0;0;6;0;0;0;0;0;9;35
03054;2016-06;0;9;0;0;0;0;0;0;0;0;0;0;0;0;0;0;0;0;0;0;0;0;0;0;1;0;0;62;0;0;110;0;90;0;0;0;0;0;0;0;0;0;0;0;0;0;0
03055;2016-06;0;545;0;0;0;0;0;1;0;0;0;0;0;0;0;0;0;0;0;0;0;0;39;0;2;0;0;491;0;0;1877;0;643;0;0;4;0;0;0;1;0;0;0;0;0;4;19
03056;2016-06;0;855;0;0;0;0;0;3;0;0;0;0;0;0;0;0;0;0;0;0;0;0;75;0;12;0;0;1851;0;0;2066;0;1576;0;0;16;0;0;0;12;0;0;0;0;0;11;30
03057;2016-06;0;21;0;0;0;0;0;0;0;0;0;0;0;0;0;0;0;0;0;0;0;0;2;0;0;0;0;41;0;0;51;0;26;0;0;1;0;0;0;0;0;0;0;0;0;0;4
03058;2016-06;0;450;0;0;0;0;0;0;0;0;0;0;0;0;0;0;0;0;0;0;0;0;26;0;8;0;0;475;0;0;2131;0;697;0;0;5;0;0;0;1;0;0;0;0;0;10;18
03059;2016-06;0;2161;0;0;0;0;0;4;0;0;0;0;0;0;0;0;0;0;0;0;0;0;197;0;14;0;0;3518;0;0;6308;0;2597;0;0;24;0;0;0;8;0;0;0;0;0;25;99
03060;2016-06;0;2;0;0;0;0;0;0;0;0;0;0;0;0;0;0;0;0;0;0;0;0;3;0;0;0;0;36;0;0;30;0;17;0;0;0;0;0;0;1;0;0;0;0;0;1;1
03061;2016-06;0;102;0;0;0;0;0;0;0;0;0;0;0;0;0;0;0;0;0;0;0;0;10;0;0;0;0;94;0;0;415;0;136;0;0;3;0;0;0;0;0;0;0;0;0;1;3
03062;2016-06;0;15;0;0;0;0;0;0;0;0;0;0;0;0;0;0;0;0;0;0;0;0;1;0;0;0;0;38;0;0;81;0;30;0;0;0;0;0;0;0;0;0;0;0;0;0;0
03063;2016-06;0;3018;0;0;0;0;0;7;0;0;0;0;0;0;0;0;0;0;0;0;0;0;184;0;33;0;0;5187;0;0;5626;0;4187;0;0;15;0;0;0;27;0;0;0;0;0;38;79
03064;2016-06;0;503;0;0;0;0;0;0;0;0;0;0;0;0;0;0;0;0;0;0;0;0;21;0;3;0;0;432;0;0;1759;0;854;0;0;4;0;0;0;0;0;0;0;0;0;6;18
03065;2016-06;0;20932;0;0;0;0;0;65;0;0;0;0;0;0;0;0;0;0;0;0;0;0;1550;0;196;0;0;24661;0;0;45513;0;27383;0;0;216;0;0;0;68;0;0;0;0;0;289;721
03066;2016-06;0;4846;0;0;0;0;0;15;0;0;0;0;0;0;0;0;0;0;0;0;0;0;378;0;46;0;0;6362;0;0;9884;0;7365;0;0;48;0;0;0;14;0;0;0;0;0;70;177
03067;2016-06;0;9;0;0;0;0;0;0;0;0;0;0;0;0;0;0;0;0;0;0;0;0;1;0;0;0;0;17;0;0;36;0;21;0;0;0;0;0;0;0;0;0;0;0;0;0;1
03068;2016-06;0;5;0;0;0;0;0;0;0;0;0;0;0;0;0;0;0;0;0;0;0;0;0;0;0;0;0;3;0;0;32;0;4;0;0;0;0;0;0;0;0;0;0;0;0;0;0
03069;2016-06;0;322;0;0;0;0;0;1;0;0;0;0;0;0;0;0;0;0;0;0;0;0;23;0;2;0;0;481;0;0;854;0;385;0;0;2;0;0;0;1;0;0;0;0;0;3;11
03070;2016-06;0;164;0;0;0;0;0;0;0;0;0;0;0;0;0;0;0;0;0;0;0;0;19;0;2;0;0;240;0;0;664;0;330;0;0;1;0;0;0;0;0;0;0;0;0;4;6
03071;2016-06;0;380;0;0;0;0;0;1;0;0;0;0;0;0;0;0;0;0;0;0;0;0;40;0;3;0;0;906;0;0;1094;0;537;0;0;2;0;0;0;7;0;0;0;0;0;0;16
03072;2016-06;0;42;0;0;0;0;0;0;0;0;0;0;0;0;0;0;0;0;0;0;0;0;3;0;1;0;0;97;0;0;73;0;68;0;0;0;0;0;0;1;0;0;0;0;0;0;0
03073;2016-06;0;14;0;0;0;0;0;0;0;0;0;0;0;0;0;0;0;0;0;0;0;0;0;0;0;0;0;53;0;0;76;0;55;0;0;0;0;0;0;0;0;0;0;0;0;0;0
03074;2016-06;0;298;0;0;0;0;0;2;0;0;0;0;0;0;0;0;0;0;0;0;0;0;7;0;1;0;0;137;0;0;641;0;290;0;0;3;0;0;0;0;0;0;0;0;0;0;6
03075;2016-06;0;10;0;0;0;0;0;0;0;0;0;0;0;0;0;0;0;0;0;0;0;0;6;0;0;0;0;26;0;0;71;0;12;0;0;0;0;0;0;2;0;0;0;0;0;0;1
03076;2016-06;0;797;0;0;0;0;0;2;0;0;0;0;0;0;0;0;0;0;0;0;0;0;52;0;7;0;0;1082;0;0;2666;0;1488;0;0;8;0;0;0;0;0;0;0;0;0;9;16
03077;2016-06;0;148;0;0;0;0;0;0;0;0;0;0;0;0;0;0;0;0;0;0;0;0;6;0;0;0;0;173;0;0;471;0;243;0;0;0;0;0;0;1;0;0;0;0;0;1;4
03078;2016-06;0;62;0;0;0;0;0;2;0;0;0;0;0;0;0;0;0;0;0;0;0;0;2;0;0;0;0;46;0;0;205;0;65;0;0;0;0;0;0;0;0;0;0;0;0;2;0
03079;2016-06;0;2306;0;0;0;0;0;3;0;0;0;0;0;0;0;0;0;0;0;0;0;0;168;0;61;0;0;3253;0;0;4866;0;2803;0;0;21;0;0;0;18;0;0;0;0;0;42;88
03080;2016-06;0;122;0;0;0;0;0;1;0;0;0;0;0;0;0;0;0;0;0;0;0;0;2;0;0;0;0;110;0;0;594;0;186;0;0;1;0;0;0;0;0;0;0;0;0;0;6
03081;2016-06;0;132;0;0;0;0;0;3;0;0;0;0;0;0;0;0;0;0;0;0;0;0;10;0;0;0;0;344;0;0;383;0;191;0;0;1;0;0;0;2;0;0;0;0;0;1;3
03082;2016-06;0;1319;0;0;0;0;0;4;0;0;0;0;0;0;0;0;0;0;0;0;0;0;97;0;12;0;0;2110;0;0;3064;0;1726;0;0;21;0;0;0;11;0;0;0;0;0;13;43
03083;2016-06;0;555;0;0;0;0;0;2;0;0;0;0;0;0;0;0;0;0;0;0;0;0;35;0;9;0;0;914;0;0;1175;0;1152;0;0;4;0;0;0;9;0;0;0;0;0;10;30
03084;2016-06;0;43;0;0;0;0;0;1;0;0;0;0;0;0;0;0;0;0;0;0;0;0;2;0;0;0;0;98;0;0;170;0;129;0;0;0;0;0;0;0;0;0;0;0;0;0;0
03085;2016-06;0;29;0;0;0;0;0;1;0;0;0;0;0;0;0;0;0;0;0;0;0;0;0;0;2;0;0;51;0;0;80;0;47;0;0;0;0;0;0;1;0;0;0;0;0;1;1
03086;2016-06;0;14;0;0;0;0;0;0;0;0;0;0;0;0;0;0;0;0;0;0;0;0;3;0;0;0;0;46;0;0;37;0;33;0;0;0;0;0;0;0;0;0;0;0;0;0;0
03088;2016-06;0;664;0;0;0;0;0;2;0;0;0;0;0;0;0;0;0;0;0;0;0;0;50;0;13;0;0;840;0;0;1519;0;834;0;0;2;0;0;0;0;0;0;0;0;0;19;17
03089;2016-06;0;926;0;0;0;0;0;0;0;0;0;0;0;0;0;0;0;0;0;0;0;0;87;0;6;0;0;1445;0;0;2424;0;1675;0;0;7;0;0;0;1;0;0;0;0;0;6;15
03090;2016-06;0;2183;0;0;0;0;0;4;0;0;0;0;0;0;0;0;0;0;0;0;0;0;163;0;22;0;0;2879;0;0;4419;0;2513;0;0;19;0;0;0;9;0;0;0;0;0;25;75
03091;2016-06;0;9;0;0;0;0;0;0;0;0;0;0;0;0;0;0;0;0;0;0;0;0;3;0;0;0;0;37;0;0;121;0;43;0;0;0;0;0;0;0;0;0;0;0;0;0;0
03092;2016-06;0;729;0;0;0;0;0;1;0;0;0;0;0;0;0;0;0;0;0;0;0;0;67;0;6;0;0;1821;0;0;1601;0;860;0;0;14;0;0;0;10;0;0;0;0;0;8;24
03093;2016-06;0;2451;0;0;0;0;0;13;0;0;0;0;0;0;0;0;0;0;0;0;0;0;227;0;21;0;0;3261;0;0;4993;0;3279;0;0;13;0;0;0;7;0;0;0;0;0;80;69
03094;2016-06;0;1307;0;0;0;0;0;3;0;0;0;0;0;0;0;0;0;0;0;0;0;0;97;0;9;0;0;1544;0;0;2327;0;1006;0;0;11;0;0;0;4;0;0;0;0;0;17;37
03095;2016-06;0;423;0;0;0;0;0;1;0;0;0;0;0;0;0;0;0;0;0;0;0;0;44;0;4;0;0;1164;0;0;1075;0;690;0;0;8;0;0;0;12;0;0;0;0;0;4;9
03096;2016-06;0;714;0;0;0;0;0;3;0;0;0;0;0;0;0;0;0;0;0;0;0;0;53;0;7;0;0;1115;0;0;1486;0;850;0;0;9;0;0;0;5;0;0;0;0;0;9;21
03097;2016-06;0;63;0;0;0;0;0;0;0;0;0;0;0;0;0;0;0;0;0;0;0;0;3;0;2;0;0;310;0;0;288;0;136;0;0;1;0;0;0;1;0;0;0;0;0;1;1
03098;2016-06;0;34;0;0;0;0;0;0;0;0;0;0;0;0;0;0;0;0;0;0;0;0;5;0;0;0;0;108;0;0;103;0;131;0;0;1;0;0;0;0;0;0;0;0;0;1;3
03099;2016-06;0;4041;0;0;0;0;0;8;0;0;0;0;0;0;0;0;0;0;0;0;0;0;299;0;60;0;0;4328;0;0;15882;0;5801;0;0;28;0;0;0;4;0;0;0;0;0;48;137
03100;2016-06;0;48;0;0;0;0;0;0;0;0;0;0;0;0;0;0;0;0;0;0;0;0;3;0;1;0;0;167;0;0;138;0;79;0;0;0;0;0;0;0;0;0;0;0;0;1;0
03101;2016-06;0;461;0;0;0;0;0;0;0;0;0;0;0;0;0;0;0;0;0;0;0;0;28;0;8;0;0;1411;0;0;926;0;687;0;0;6;0;0;0;8;0;0;0;0;0;4;19
03102;2016-06;0;566;0;0;0;0;0;2;0;0;0;0;0;0;0;0;0;0;0;0;0;0;38;0;8;0;0;1832;0;0;1731;0;1142;0;0;7;0;0;0;19;0;0;0;0;0;3;14
03103;2016-06;0;15;0;0;0;0;0;0;0;0;0;0;0;0;0;0;0;0;0;0;0;0;2;0;0;0;0;69;0;0;90;0;53;0;0;0;0;0;0;1;0;0;0;0;0;1;2
03104;2016-06;0;3544;0;0;0;0;0;4;0;0;0;0;0;0;0;0;0;0;0;0;0;0;248;0;36;0;0;4889;0;0;6105;0;4651;0;0;36;0;0;0;11;0;0;0;0;0;42;90
03105;2016-06;0;489;0;0;0;0;0;0;0;0;0;0;0;0;0;0;0;0;0;0;0;0;35;0;6;0;0;601;0;0;1908;0;751;0;0;3;0;0;0;1;0;0;0;0;0;6;13
03106;2016-06;0;36;0;0;0;0;0;0;0;0;0;0;0;0;0;0;0;0;0;0;0;0;4;0;1;0;0;107;0;0;200;0;127;0;0;0;0;0;0;0;0;0;0;0;0;1;0
03107;2016-06;0;287;0;0;0;0;0;0;0;0;0;0;0;0;0;0;0;0;0;0;0;0;21;0;3;0;0;500;0;0;578;0;328;0;0;1;0;0;0;3;0;0;0;0;0;5;11
03109;2016-06;0;221;0;0;0;0;0;3;0;0;0;0;0;0;0;0;0;0;0;0;0;0;18;0;3;0;0;265;0;0;924;0;710;0;0;0;0;0;0;0;0;0;0;0;0;6;6
03110;2016-06;0;23;0;0;0;0;0;0;0;0;0;0;0;0;0;0;0;0;0;0;0;0;4;0;1;0;0;92;0;0;83;0;32;0;0;0;0;0;0;5;0;0;0;0;0;0;0
03111;2016-06;0;510;0;0;0;0;0;0;0;0;0;0;0;0;0;0;0;0;0;0;0;0;35;0;3;0;0;582;0;0;1859;0;854;0;0;5;0;0;0;1;0;0;0;0;0;5;11
03112;2016-06;0;63;0;0;0;0;0;0;0;0;0;0;0;0;0;0;0;0;0;0;0;0;4;0;0;0;0;89;0;0;221;0;123;0;0;0;0;0;0;1;0;0;0;0;0;1;3
03113;2016-06;0;366;0;0;0;0;0;2;0;0;0;0;0;0;0;0;0;0;0;0;0;0;26;0;2;0;0;475;0;0;1201;0;938;0;0;2;0;0;0;2;0;0;0;0;0;5;17
03114;2016-06;0;146;0;0;0;0;0;0;0;0;0;0;0;0;0;0;0;0;0;0;0;0;11;0;0;0;0;193;0;0;539;0;284;0;0;0;0;0;0;1;0;0;0;0;0;0;5
03115;2016-06;0;9;0;0;0;0;0;0;0;0;0;0;0;0;0;0;0;0;0;0;0;0;1;0;0;0;0;71;0;0;95;0;42;0;0;0;0;0;0;0;0;0;0;0;0;0;0
03116;2016-06;0;125;0;0;0;0;0;0;0;0;0;0;0;0;0;0;0;0;0;0;0;0;4;0;1;0;0;216;0;0;361;0;152;0;0;0;0;0;0;1;0;0;0;0;0;2;7
03117;2016-06;0;47;0;0;0;0;0;0;0;0;0;0;0;0;0;0;0;0;0;0;0;0;2;0;0;0;0;88;0;0;122;0;50;0;0;1;0;0;0;0;0;0;0;0;0;0;1
03118;2016-06;0;211;0;0;0;0;0;2;0;0;0;0;0;0;0;0;0;0;0;0;0;0;13;0;1;0;0;276;0;0;822;0;289;0;0;4;0;0;0;0;0;0;0;0;0;8;12
03119;2016-06;0;2063;0;0;0;0;0;1;0;0;0;0;0;0;0;0;0;0;0;0;0;0;162;0;23;0;0;2732;0;0;4606;0;2446;0;0;12;0;0;0;6;0;0;0;0;0;20;66
03120;2016-06;0;209;0;0;0;0;0;1;0;0;0;0;0;0;0;0;0;0;0;0;0;0;22;0;1;0;0;319;0;0;765;0;376;0;0;0;0;0;0;0;0;0;0;0;0;8;8
03121;2016-06;0;2314;0;0;0;0;0;9;0;0;0;0;0;0;0;0;0;0;0;0;0;0;261;0;16;0;0;3197;0;0;5755;0;2718;0;0;18;0;0;0;9;0;0;0;0;0;24;85
03122;2016-06;0;5547;0;0;0;0;0;11;0;0;0;0;0;0;0;0;0;0;0;0;0;0;486;0;45;0;0;7496;0;0;9296;0;6544;0;0;67;0;0;0;21;0;0;0;0;0;85;202
03123;2016-06;0;801;0;0;0;0;0;0;0;0;0;0;0;0;0;0;0;0;0;0;0;0;53;0;12;0;0;1107;0;0;2141;0;1324;0;0;5;0;0;0;2;0;0;0;0;0;13;14
03124;2016-06;0;23;0;0;0;0;0;0;0;0;0;0;0;0;0;0;0;0;0;0;0;0;1;0;1;0;0;150;0;0;117;0;86;0;0;0;0;0;0;2;0;0;0;0;0;0;1
03125;2016-06;0;26;0;0;0;0;0;0;0;0;0;0;0;0;0;0;0;0;0;0;0;0;1;0;0;0;0;69;0;0;107;0;46;0;0;0;0;0;0;0;0;0;0;0;0;0;2
03127;2016-06;0;16;0;0;0;0;0;0;0;0;0;0;0;0;0;0;0;0;0;0;0;0;2;0;0;0;0;56;0;0;110;0;88;0;0;0;0;0;0;0;0;0;0;0;0;0;0
03128;2016-06;0;493;0;0;0;0;0;1;0;0;0;0;0;0;0;0;0;0;0;0;0;0;27;0;3;0;0;662;0;0;1195;0;428;0;0;2;0;0;0;5;0;0;0;0;0;3;11
03129;2016-06;0;152;0;0;0;0;0;2;0;0;0;0;0;0;0;0;0;0;0;0;0;0;5;0;1;0;0;199;0;0;421;0;148;0;0;0;0;0;0;0;0;0;0;0;0;6;4
03130;2016-06;0;1;0;0;0;0;0;0;0;0;0;0;0;0;0;0;0;0;0;0;0;0;0;0;0;0;0;7;0;0;12;0;5;0;0;0;0;0;0;0;0;0;0;0;0;0;0
03131;2016-06;0;13;0;0;0;0;0;0;0;0;0;0;0;0;0;0;0;0;0;0;0;0;0;0;0;0;0;55;0;0;63;0;12;0;0;1;0;0;0;0;0;0;0;0;0;2;1
03132;2016-06;0;38;0;0;0;0;0;1;0;0;0;0;0;0;0;0;0;0;0;0;0;0;2;0;0;0;0;115;0;0;131;0;142;0;0;1;0;0;0;0;0;0;0;0;0;0;2
03133;2016-06;0;3349;0;0;0;0;0;39;0;0;0;0;0;0;0;0;0;0;0;0;0;0;369;0;57;0;0;5432;0;0;10720;0;5274;0;0;31;0;0;0;3;0;0;0;0;0;43;195
03134;2016-06;0;9;0;0;0;0;0;0;0;0;0;0;0;0;0;0;0;0;0;0;0;0;2;0;1;0;0;30;0;0;39;0;29;0;0;0;0;0;0;1;0;0;0;0;0;0;0
03135;2016-06;0;5;0;0;0;0;0;0;0;0;0;0;0;0;0;0;0;0;0;0;0;0;4;0;0;0;0;55;0;0;36;0;64;0;0;0;0;0;0;0;0;0;0;0;0;0;0
03136;2016-06;0;18;0;0;0;0;0;0;0;0;0;0;0;0;0;0;0;0;0;0;0;0;1;0;2;0;0;111;0;0;137;0;64;0;0;0;0;0;0;0;0;0;0;0;0;0;1
03137;2016-06;0;41;0;0;0;0;0;1;0;0;0;0;0;0;0;0;0;0;0;0;0;0;4;0;0;0;0;182;0;0;158;0;94;0;0;0;0;0;0;1;0;0;0;0;0;0;3
03138;2016-06;0;341;0;0;0;0;0;3;0;0;0;0;0;0;0;0;0;0;0;0;0;0;15;0;3;0;0;534;0;0;869;0;474;0;0;3;0;0;0;4;0;0;0;0;0;6;14
03139;2016-06;0;2259;0;0;0;0;0;11;0;0;0;0;0;0;0;0;0;0;0;0;0;0;174;0;43;0;0;3640;0;0;5257;0;3484;0;0;33;0;0;0;12;0;0;0;0;0;42;115
03140;2016-06;0;3206;0;0;0;0;0;10;0;0;0;0;0;0;0;0;0;0;0;0;0;0;211;0;22;0;0;4246;0;0;6567;0;4092;0;0;17;0;0;0;5;0;0;0;0;0;37;155
03901;2016-06;0;138;0;0;0;0;0;0;0;0;0;0;0;0;0;0;0;0;0;0;0;0;6;0;0;0;0;262;0;0;257;0;143;0;0;1;0;0;0;0;0;0;0;0;0;2;0
03902;2016-06;0;1018;0;0;0;0;0;1;0;0;0;0;0;0;0;0;0;0;0;0;0;0;65;0;4;0;0;809;0;0;3583;0;1365;0;0;6;0;0;0;4;0;0;0;0;0;10;31
03903;2016-06;0;315;0;0;0;0;0;2;0;0;0;0;0;0;0;0;0;0;0;0;0;0;20;0;3;0;0;253;0;0;771;0;481;0;0;0;0;0;0;1;0;0;0;0;0;2;10
03904;2016-06;0;138;0;0;0;0;0;0;0;0;0;0;0;0;0;0;0;0;0;0;0;0;9;0;3;0;0;173;0;0;363;0;326;0;0;1;0;0;0;0;0;0;0;0;0;3;6
04001;2016-06;0;110;0;0;0;0;0;0;0;2;0;0;0;0;0;0;0;0;0;0;0;0;4;0;1;0;0;0;0;65;267;0;356;0;0;0;0;0;0;0;0;0;0;0;0;4;0
04002;2016-06;0;93;0;0;0;0;0;0;0;2;0;0;0;0;3;0;0;0;0;0;0;0;3;0;0;0;0;0;0;79;212;0;342;0;0;1;0;0;0;0;0;0;0;0;0;3;0
04003;2016-06;0;1222;0;0;0;0;0;0;0;5;0;0;0;0;10;0;0;0;2;0;0;0;85;0;3;0;0;0;0;1071;5581;0;3007;0;0;7;0;0;0;0;0;0;0;0;0;9;9
04004;2016-06;0;42;0;0;0;0;0;0;0;0;0;0;0;0;0;0;0;0;0;0;0;0;1;0;0;0;0;0;0;44;105;0;136;0;0;0;0;0;0;0;0;0;0;0;0;1;0
04005;2016-06;0;37;0;0;0;0;0;0;0;0;0;0;0;0;4;0;0;0;0;0;0;0;1;0;2;0;0;0;0;23;181;0;177;0;0;3;0;0;0;0;0;0;0;0;0;0;0
04006;2016-06;0;665;0;0;0;0;0;0;0;6;0;0;0;0;3;0;0;0;3;0;0;0;19;0;8;0;0;0;0;347;2161;0;1497;0;0;1;0;0;0;0;0;0;0;0;0;7;2
04007;2016-06;0;68;0;0;0;0;0;0;0;0;0;0;0;0;2;0;0;0;0;0;0;0;1;0;2;0;0;0;0;63;163;0;222;0;0;0;0;0;0;0;0;0;0;0;0;0;0
04008;2016-06;0;23;0;0;0;0;0;0;0;0;0;0;0;0;0;0;0;0;0;0;0;0;2;0;0;0;0;0;0;20;261;0;106;0;0;0;0;0;0;0;0;0;0;0;0;0;0
04009;2016-06;0;13;0;0;0;0;0;0;0;0;0;0;0;0;0;0;0;0;0;0;0;0;0;0;0;0;0;0;0;15;62;0;30;0;0;0;0;0;0;0;0;0;0;0;0;0;0
04010;2016-06;0;50;0;0;0;0;0;0;0;0;0;0;0;0;0;0;0;0;0;0;0;0;2;0;0;0;0;0;0;35;120;0;232;0;0;0;0;0;0;0;0;0;0;0;0;0;1
04011;2016-06;0;163;0;0;0;0;0;0;0;5;0;0;0;0;1;0;0;0;0;0;0;0;16;0;3;0;0;0;0;328;690;0;864;0;0;3;0;0;0;0;0;0;0;0;0;0;2
04012;2016-06;0;16;0;0;0;0;0;0;0;0;0;0;0;0;0;0;0;0;0;0;0;0;5;0;0;0;0;0;0;9;70;0;58;0;0;0;0;0;0;0;0;0;0;0;0;2;1
04013;2016-06;0;14265;0;0;0;0;0;0;0;102;0;0;0;0;101;0;0;0;38;0;0;0;1096;0;81;0;0;0;0;15775;38809;0;22702;0;0;123;0;0;0;0;0;0;0;0;0;275;180
04014;2016-06;0;4;0;0;0;0;0;0;0;0;0;0;0;0;0;0;0;0;0;0;0;0;1;0;0;0;0;0;0;9;18;0;81;0;0;0;0;0;0;0;0;0;0;0;0;0;0
04015;2016-06;0;7;0;0;0;0;0;0;0;3;0;0;0;0;0;0;0;0;0;0;0;0;0;0;0;0;0;0;0;15;32;0;36;0;0;0;0;0;0;0;0;0;0;0;0;1;0
04016;2016-06;0;254;0;0;0;0;0;0;0;10;0;0;0;0;2;0;0;0;1;0;0;0;6;0;1;0;0;0;0;148;684;0;415;0;0;2;0;0;0;0;0;0;0;0;0;3;1
04017;2016-06;0;115;0;0;0;0;0;0;0;0;0;0;0;0;1;0;0;0;0;0;0;0;2;0;0;0;0;0;0;70;342;0;317;0;0;0;0;0;0;0;0;0;0;0;0;2;0
04018;2016-06;0;13;0;0;0;0;0;0;0;0;0;0;0;0;0;0;0;0;0;0;0;0;0;0;0;0;0;0;0;34;70;0;112;0;0;0;0;0;0;0;0;0;0;0;0;0;0
04019;2016-06;0;9;0;0;0;0;0;0;0;1;0;0;0;0;0;0;0;0;0;0;0;0;1;0;0;0;0;0;0;20;61;0;103;0;0;0;0;0;0;0;0;0;0;0;0;0;0
04020;2016-06;0;19;0;0;0;0;0;0;0;0;0;0;0;0;0;0;0;0;0;0;0;0;1;0;0;0;0;0;0;6;97;0;73;0;0;0;0;0;0;0;0;0;0;0;0;0;1
04021;2016-06;0;11;0;0;0;0;0;0;0;1;0;0;0;0;0;0;0;0;0;0;0;0;0;0;0;0;0;0;0;13;65;0;54;0;0;2;0;0;0;0;0;0;0;0;0;1;0
04022;2016-06;0;17;0;0;0;0;0;0;0;1;0;0;0;0;1;0;0;0;0;0;0;0;1;0;1;0;0;0;0;31;76;0;114;0;0;0;0;0;0;0;0;0;0;0;0;0;0
04023;2016-06;0;7;0;0;0;0;0;0;0;1;0;0;0;0;0;0;0;0;0;0;0;0;1;0;0;0;0;0;0;9;49;0;25;0;0;0;0;0;0;0;0;0;0;0;0;1;0
04024;2016-06;0;354;0;0;0;0;0;0;0;4;0;0;0;0;5;0;0;0;0;0;0;0;21;0;3;0;0;0;0;301;866;0;744;0;0;4;0;0;0;0;0;0;0;0;0;2;3
04026;2016-06;0;4;0;0;0;0;0;0;0;0;0;0;0;0;0;0;0;0;0;0;0;0;0;0;0;0;0;0;0;4;36;0;7;0;0;0;0;0;0;0;0;0;0;0;0;0;0
04027;2016-06;0;19;0;0;0;0;0;0;0;1;0;0;0;0;1;0;0;0;0;0;0;0;1;0;0;0;0;0;0;17;82;0;37;0;0;1;0;0;0;0;0;0;0;0;0;0;0
04028;2016-06;0;9;0;0;0;0;0;0;0;0;0;0;0;0;0;0;0;0;0;0;0;0;1;0;0;0;0;0;0;21;44;0;114;0;0;0;0;0;0;0;0;0;0;0;0;0;0
04029;2016-06;0;575;0;0;0;0;0;0;0;5;0;0;0;0;6;0;0;0;1;0;0;0;35;0;8;0;0;0;0;656;2195;0;2239;0;0;1;0;0;0;0;0;0;0;0;0;29;5
04030;2016-06;0;62;0;0;0;0;0;0;0;0;0;0;0;0;0;0;0;0;0;0;0;0;11;0;4;0;0;0;0;53;319;0;354;0;0;0;0;0;0;0;0;0;0;0;0;3;1
04031;2016-06;0;149;0;0;0;0;0;0;0;0;0;0;0;0;0;0;0;0;0;0;0;0;5;0;1;0;0;0;0;135;589;0;880;0;0;0;0;0;0;0;0;0;0;0;0;0;1
04032;2016-06;0;524;0;0;0;0;0;0;0;3;0;0;0;0;4;0;0;0;2;0;0;0;25;0;2;0;0;0;0;457;1272;0;1302;0;0;2;0;0;0;0;0;0;0;0;0;3;4
04033;2016-06;0;11;0;0;0;0;0;0;0;1;0;0;0;0;0;0;0;0;0;0;0;0;1;0;0;0;0;0;0;2;25;0;52;0;0;0;0;0;0;0;0;0;0;0;0;0;0
04034;2016-06;0;10;0;0;0;0;0;0;0;0;0;0;0;0;0;0;0;0;0;0;0;0;1;0;0;0;0;0;0;9;56;0;20;0;0;0;0;0;0;0;0;0;0;0;0;0;1
04035;2016-06;0;549;0;0;0;0;0;0;0;8;0;0;0;0;5;0;0;0;2;0;0;0;23;0;2;0;0;0;0;560;2328;0;2248;0;0;3;0;0;0;0;0;0;0;0;0;4;6
04036;2016-06;0;13;0;0;0;0;0;0;0;0;0;0;0;0;0;0;0;0;0;0;0;0;1;0;1;0;0;0;0;3;86;0;70;0;0;0;0;0;0;0;0;0;0;0;0;1;0
04037;2016-06;0;85;0;0;0;0;0;0;0;1;0;0;0;0;1;0;0;0;0;0;0;0;4;0;3;0;0;0;0;107;365;0;383;0;0;0;0;0;0;0;0;0;0;0;0;0;0
04038;2016-06;0;259;0;0;0;0;0;0;0;0;0;0;0;0;2;0;0;0;1;0;0;0;12;0;2;0;0;0;0;322;750;0;754;0;0;1;0;0;0;0;0;0;0;0;0;3;4
04041;2016-06;0;25;0;0;0;0;0;0;0;0;0;0;0;0;1;0;0;0;0;0;0;0;2;0;0;0;0;0;0;41;96;0;64;0;0;0;0;0;0;0;0;0;0;0;0;0;3
04043;2016-06;0;35;0;0;0;0;0;0;0;0;0;0;0;0;11;0;0;0;1;0;0;0;0;0;0;0;0;0;0;44;224;0;144;0;0;0;0;0;0;0;0;0;0;0;0;0;1
04044;2016-06;0;133;0;0;0;0;0;0;0;1;0;0;0;0;1;0;0;0;0;0;0;0;7;0;3;0;0;0;0;146;490;0;369;0;0;0;0;0;0;0;0;0;0;0;0;0;1
04045;2016-06;0;99;0;0;0;0;0;0;0;4;0;0;0;0;3;0;0;0;2;0;0;0;8;0;4;0;0;0;0;127;268;0;764;0;0;0;0;0;0;0;0;0;0;0;0;1;2
04046;2016-06;0;55;0;0;0;0;0;0;0;0;0;0;0;0;1;0;0;0;1;0;0;0;3;0;0;0;0;0;0;58;234;0;239;0;0;1;0;0;0;0;0;0;0;0;0;0;0
04047;2016-06;0;181;0;0;0;0;0;0;0;0;0;0;0;0;6;0;0;0;1;0;0;0;13;0;2;0;0;0;0;147;807;0;706;0;0;2;0;0;0;0;0;0;0;0;0;2;0
04048;2016-06;0;121;0;0;0;0;0;0;0;3;0;0;0;0;0;0;0;0;0;0;0;0;4;0;1;0;0;0;0;121;377;0;447;0;0;1;0;0;0;0;0;0;0;0;0;1;0
04049;2016-06;0;393;0;0;0;0;0;0;0;11;0;0;0;0;2;0;0;0;1;0;0;0;24;0;2;0;0;0;0;445;1570;0;1104;0;0;1;0;0;0;0;0;0;0;0;0;6;2
04050;2016-06;0;51;0;0;0;0;0;0;0;1;0;0;0;0;0;0;0;0;0;0;0;0;1;0;1;0;0;0;0;66;190;0;235;0;0;1;0;0;0;0;0;0;0;0;0;0;4
04051;2016-06;0;55;0;0;0;0;0;0;0;1;0;0;0;0;2;0;0;0;0;0;0;0;2;0;0;0;0;0;0;31;148;0;116;0;0;0;0;0;0;0;0;0;0;0;0;0;0
04052;2016-06;0;1662;0;0;0;0;0;0;0;16;0;0;0;0;7;0;0;0;3;0;0;0;112;0;7;0;0;0;0;1595;2744;0;2039;0;0;9;0;0;0;0;0;0;0;0;0;10;9
04053;2016-06;0;1416;0;0;0;0;0;0;0;10;0;0;0;0;2;0;0;0;2;0;0;0;42;0;4;0;0;0;0;678;4123;0;2491;0;0;7;0;0;0;0;0;0;0;0;0;14;7
04054;2016-06;0;6;0;0;0;0;0;0;0;0;0;0;0;0;0;0;0;0;0;0;0;0;3;0;0;0;0;0;0;26;139;0;105;0;0;0;0;0;0;0;0;0;0;0;0;0;0
04055;2016-06;0;12;0;0;0;0;0;0;0;0;0;0;0;0;0;0;0;0;0;0;0;0;0;0;0;0;0;0;0;23;109;0;164;0;0;0;0;0;0;0;0;0;0;0;0;0;0
04056;2016-06;0;3;0;0;0;0;0;0;0;0;0;0;0;0;0;0;0;0;0;0;0;0;1;0;0;0;0;0;0;8;70;0;27;0;0;0;0;0;0;0;0;0;0;0;0;0;0
04057;2016-06;0;113;0;0;0;0;0;0;0;0;0;0;0;0;1;0;0;0;0;0;0;0;1;0;1;0;0;0;0;84;287;0;391;0;0;0;0;0;0;0;0;0;0;0;0;0;1
04058;2016-06;0;24;0;0;0;0;0;0;0;0;0;0;0;0;0;0;0;0;0;0;0;0;0;0;0;0;0;0;0;56;87;0;91;0;0;0;0;0;0;0;0;0;0;0;0;0;0
04059;2016-06;0;44;0;0;0;0;0;0;0;0;0;0;0;0;0;0;0;0;0;0;0;0;2;0;1;0;0;0;0;39;211;0;411;0;0;0;0;0;0;0;0;0;0;0;0;0;0
04060;2016-06;0;36;0;0;0;0;0;0;0;0;0;0;0;0;0;0;0;0;0;0;0;0;3;0;0;0;0;0;0;34;167;0;99;0;0;0;0;0;0;0;0;0;0;0;0;1;0
04061;2016-06;0;77;0;0;0;0;0;0;0;0;0;0;0;0;0;0;0;0;0;0;0;0;2;0;1;0;0;0;0;49;111;0;252;0;0;0;0;0;0;0;0;0;0;0;0;2;0
04062;2016-06;0;316;0;0;0;0;0;0;0;4;0;0;0;0;2;0;0;0;1;0;0;0;12;0;0;0;0;0;0;321;1420;0;1385;0;0;4;0;0;0;0;0;0;0;0;0;2;5
04063;2016-06;0;94;0;0;0;0;0;0;0;0;0;0;0;0;0;0;0;0;1;0;0;0;7;0;0;0;0;0;0;50;291;0;321;0;0;0;0;0;0;0;0;0;0;0;0;0;2
04064;2016-06;0;259;0;0;0;0;0;0;0;1;0;0;0;0;2;0;0;0;1;0;0;0;16;0;2;0;0;0;0;341;946;0;399;0;0;0;0;0;0;0;0;0;0;0;0;4;4
04065;2016-06;0;17;0;0;0;0;0;0;0;0;0;0;0;0;0;0;0;0;1;0;0;0;0;0;0;0;0;0;0;15;101;0;140;0;0;0;0;0;0;0;0;0;0;0;0;0;1
04066;2016-06;0;864;0;0;0;0;0;0;0;2;0;0;0;0;1;0;0;0;3;0;0;0;56;0;13;0;0;0;0;763;4360;0;2589;0;0;4;0;0;0;0;0;0;0;0;0;9;10
04067;2016-06;0;32;0;0;0;0;0;0;0;1;0;0;0;0;0;0;0;0;0;0;0;0;2;0;0;0;0;0;0;45;123;0;231;0;0;0;0;0;0;0;0;0;0;0;0;0;0
04068;2016-06;0;16;0;0;0;0;0;0;0;0;0;0;0;0;0;0;0;0;0;0;0;0;1;0;0;0;0;0;0;11;67;0;57;0;0;0;0;0;0;0;0;0;0;0;0;0;0
04069;2016-06;0;468;0;0;0;0;0;0;0;3;0;0;0;0;1;0;0;0;1;0;0;0;19;0;2;0;0;0;0;440;1341;0;1121;0;0;3;0;0;0;0;0;0;0;0;0;7;4
04070;2016-06;0;102;0;0;0;0;0;0;0;1;0;0;0;0;1;0;0;0;0;0;0;0;4;0;3;0;0;0;0;90;529;0;445;0;0;0;0;0;0;0;0;0;0;0;0;0;1
04071;2016-06;0;20;0;0;0;0;0;0;0;0;0;0;0;0;0;0;0;0;0;0;0;0;1;0;0;0;0;0;0;44;94;0;174;0;0;1;0;0;0;0;0;0;0;0;0;0;0
04072;2016-06;0;42;0;0;0;0;0;0;0;0;0;0;0;0;0;0;0;0;0;0;0;0;0;0;0;0;0;0;0;20;130;0;50;0;0;0;0;0;0;0;0;0;0;0;0;1;0
04073;2016-06;0;24;0;0;0;0;0;0;0;0;0;0;0;0;0;0;0;0;0;0;0;0;0;0;0;0;0;0;0;17;101;0;88;0;0;0;0;0;0;0;0;0;0;0;0;0;1
04074;2016-06;0;239;0;0;0;0;0;0;0;0;0;0;0;0;4;0;0;0;0;0;0;0;15;0;2;0;0;0;0;363;679;0;642;0;0;3;0;0;0;0;0;0;0;0;0;3;6
04075;2016-06;0;494;0;0;0;0;0;0;0;1;0;0;0;0;0;0;0;0;0;0;0;0;26;0;1;0;0;0;0;268;1586;0;1290;0;0;5;0;0;0;0;0;0;0;0;0;8;4
04076;2016-06;0;101;0;0;0;0;0;0;0;1;0;0;0;0;0;0;0;0;1;0;0;0;5;0;3;0;0;0;0;124;287;0;412;0;0;2;0;0;0;0;0;0;0;0;0;0;0
04077;2016-06;0;15;0;0;0;0;0;0;0;0;0;0;0;0;1;0;0;0;0;0;0;0;0;0;0;0;0;0;0;10;169;0;64;0;0;0;0;0;0;0;0;0;0;0;0;0;0
04078;2016-06;0;46;0;0;0;0;0;0;0;0;0;0;0;0;0;0;0;0;0;0;0;0;2;0;1;0;0;0;0;180;243;0;266;0;0;0;0;0;0;0;0;0;0;0;0;0;0
04079;2016-06;0;5582;0;0;0;0;0;0;0;33;0;0;0;0;39;0;0;0;13;0;0;0;349;0;39;0;0;0;0;5334;15024;0;6735;0;0;44;0;0;0;0;0;0;0;0;0;86;51
04080;2016-06;0;15;0;0;0;0;0;0;0;0;0;0;0;0;0;0;0;0;1;0;0;0;0;0;0;0;0;0;0;31;75;0;35;0;0;1;0;0;0;0;0;0;0;0;0;0;1
04081;2016-06;0;18;0;0;0;0;0;0;0;1;0;0;0;0;0;0;0;0;0;0;0;0;0;0;0;0;0;0;0;23;67;0;178;0;0;0;0;0;0;0;0;0;0;0;0;0;0
04082;2016-06;0;16;0;0;0;0;0;0;0;0;0;0;0;0;1;0;0;0;0;0;0;0;0;0;0;0;0;0;0;13;109;0;60;0;0;0;0;0;0;0;0;0;0;0;0;1;0
04083;2016-06;0;100;0;0;0;0;0;0;0;0;0;0;0;0;0;0;0;0;0;0;0;0;13;0;0;0;0;0;0;142;463;0;610;0;0;1;0;0;0;0;0;0;0;0;0;1;0
04084;2016-06;0;37;0;0;0;0;0;0;0;0;0;0;0;0;0;0;0;0;0;0;0;0;3;0;0;0;0;0;0;12;115;0;78;0;0;0;0;0;0;0;0;0;0;0;0;0;0
04085;2016-06;0;19;0;0;0;0;0;0;0;0;0;0;0;0;0;0;0;0;0;0;0;0;2;0;0;0;0;0;0;11;160;0;106;0;0;0;0;0;0;0;0;0;0;0;0;1;0
04086;2016-06;0;110;0;0;0;0;0;0;0;0;0;0;0;0;2;0;0;0;0;0;0;0;7;0;2;0;0;0;0;98;640;0;364;0;0;0;0;0;0;0;0;0;0;0;0;1;1
04087;2016-06;0;20;0;0;0;0;0;0;0;0;0;0;0;0;0;0;0;0;0;0;0;0;0;0;0;0;0;0;0;16;64;0;35;0;0;0;0;0;0;0;0;0;0;0;0;0;0
04088;2016-06;0;128;0;0;0;0;0;0;0;1;0;0;0;0;0;0;0;0;1;0;0;0;6;0;0;0;0;0;0;201;593;0;698;0;0;1;0;0;0;0;0;0;0;0;0;1;5
04089;2016-06;0;54;0;0;0;0;0;0;0;0;0;0;0;0;1;0;0;0;2;0;0;0;9;0;0;0;0;0;0;42;248;0;159;0;0;1;0;0;0;0;0;0;0;0;0;0;1
04090;2016-06;0;20;0;0;0;0;0;0;0;0;0;0;0;0;0;0;0;0;0;0;0;0;0;0;0;0;0;0;0;32;76;0;106;0;0;0;0;0;0;0;0;0;0;0;0;0;0
04091;2016-06;0;19;0;0;0;0;0;0;0;0;0;0;0;0;0;0;0;0;0;0;0;0;1;0;0;0;0;0;0;17;63;0;160;0;0;1;0;0;0;0;0;0;0;0;0;0;0
04092;2016-06;0;277;0;0;0;0;0;0;0;1;0;0;0;0;5;0;0;0;0;0;0;0;21;0;3;0;0;0;0;171;868;0;737;0;0;3;0;0;0;0;0;0;0;0;0;5;2
04093;2016-06;0;102;0;0;0;0;0;0;0;3;0;0;0;0;1;0;0;0;0;0;0;0;5;0;2;0;0;0;0;135;552;0;389;0;0;0;0;0;0;0;0;0;0;0;0;3;1
04094;2016-06;0;11;0;0;0;0;0;0;0;0;0;0;0;0;0;0;0;0;0;0;0;0;0;0;0;0;0;0;0;2;100;0;31;0;0;0;0;0;0;0;0;0;0;0;0;0;0
04095;2016-06;0;53;0;0;0;0;0;0;0;0;0;0;0;0;0;0;0;0;0;0;0;0;0;0;0;0;0;0;0;47;176;0;186;0;0;0;0;0;0;0;0;0;0;0;0;0;1
04096;2016-06;0;16;0;0;0;0;0;0;0;0;0;0;0;0;0;0;0;0;0;0;0;0;0;0;0;0;0;0;0;15;78;0;98;0;0;0;0;0;0;0;0;0;0;0;0;1;0
04097;2016-06;0;11;0;0;0;0;0;0;0;0;0;0;0;0;1;0;0;0;0;0;0;0;2;0;0;0;0;0;0;34;71;0;69;0;0;0;0;0;0;0;0;0;0;0;0;0;0
04098;2016-06;0;145;0;0;0;0;0;0;0;1;0;0;0;0;4;0;0;0;0;0;0;0;3;0;0;0;0;0;0;71;377;0;492;0;0;1;0;0;0;0;0;0;0;0;0;0;1
04099;2016-06;0;447;0;0;0;0;0;0;0;3;0;0;0;0;3;0;0;0;0;0;0;0;13;0;1;0;0;0;0;305;1670;0;1105;0;0;5;0;0;0;0;0;0;0;0;0;4;5
04100;2016-06;0;845;0;0;0;0;0;0;0;46;0;0;0;0;2;0;0;0;2;0;0;0;53;0;2;0;0;0;0;697;2332;0;1316;0;0;11;0;0;0;0;0;0;0;0;0;12;3
04101;2016-06;0;408;0;0;0;0;0;0;0;5;0;0;0;0;4;0;0;0;0;0;0;0;18;0;3;0;0;0;0;272;1017;0;1116;0;0;2;0;0;0;0;0;0;0;0;0;2;3
04102;2016-06;0;1098;0;0;0;0;0;0;0;8;0;0;0;0;12;0;0;0;8;0;0;0;73;0;10;0;0;0;0;819;4164;0;2598;0;0;7;0;0;0;0;0;0;0;0;0;9;9
04103;2016-06;0;78;0;0;0;0;0;0;0;0;0;0;0;0;3;0;0;0;0;0;0;0;6;0;1;0;0;0;0;66;469;0;375;0;0;1;0;0;0;0;0;0;0;0;0;1;5
04901;2016-06;0;31;0;0;0;0;0;0;0;0;0;0;0;0;0;0;0;0;0;0;0;0;1;0;0;0;0;0;0;49;146;0;167;0;0;0;0;0;0;0;0;0;0;0;0;0;0
04902;2016-06;0;4064;0;0;0;0;0;0;0;18;0;0;0;0;37;0;0;0;5;0;0;0;252;0;23;0;0;0;0;3321;15123;0;5452;0;0;38;0;0;0;0;0;0;0;0;0;108;44
04903;2016-06;0;276;0;0;0;0;0;0;0;0;0;0;0;0;1;0;0;0;1;0;0;0;10;0;4;0;0;0;0;186;1678;0;644;0;0;2;0;0;0;0;0;0;0;0;0;2;2
04904;2016-06;0;131;0;0;0;0;0;0;0;2;0;0;0;0;2;0;0;0;0;0;0;0;12;0;2;0;0;0;0;77;751;0;223;0;0;2;0;0;0;0;0;0;0;0;0;3;4
05001;2016-06;0;15;0;0;0;0;0;0;0;0;0;0;0;0;0;0;0;0;0;0;0;0;0;0;0;0;0;0;0;9;88;0;32;0;0;0;0;0;0;0;0;0;0;0;0;1;0
05002;2016-06;0;174;0;0;0;0;0;0;0;0;0;0;0;0;5;0;0;0;0;0;0;0;9;0;0;0;0;0;0;290;560;0;337;0;0;4;0;0;0;0;0;0;0;0;0;8;0
05005;2016-06;0;28;0;0;0;0;0;0;0;0;0;0;0;0;0;0;0;0;0;0;0;0;0;0;0;0;0;0;0;13;80;0;22;0;0;0;0;0;0;0;0;0;0;0;0;1;0
05007;2016-06;0;2;0;0;0;0;0;0;0;0;0;0;0;0;0;0;0;0;0;0;0;0;0;0;0;0;0;0;0;2;67;0;6;0;0;0;0;0;0;0;0;0;0;0;0;0;0
05008;2016-06;0;12;0;0;0;0;0;0;0;0;0;0;0;0;0;0;0;0;0;0;0;0;0;0;0;0;0;0;0;11;103;0;41;0;0;0;0;0;0;0;0;0;0;0;0;0;0
05010;2016-06;0;7;0;0;0;0;0;0;0;0;0;0;0;0;0;0;0;0;0;0;0;0;0;0;0;0;0;0;0;6;79;0;23;0;0;0;0;0;0;0;0;0;0;0;0;0;0
05012;2016-06;0;11;0;0;0;0;0;0;0;0;0;0;0;0;0;0;0;0;0;0;0;0;0;0;0;0;0;0;0;4;70;0;16;0;0;1;0;0;0;0;0;0;0;0;0;0;0
05013;2016-06;0;52;0;0;0;0;0;0;0;0;0;0;0;0;0;0;0;0;0;0;0;0;2;0;0;0;0;0;0;189;296;0;173;0;0;3;0;0;0;0;0;0;0;0;0;0;0
05014;2016-06;0;540;0;0;0;0;0;0;0;0;0;0;0;0;4;0;0;0;0;0;0;0;33;0;0;0;0;0;0;716;1688;0;960;0;0;3;0;0;0;0;0;0;0;0;0;8;0
05015;2016-06;0;3;0;0;0;0;0;0;0;0;0;0;0;0;0;0;0;0;0;0;0;0;0;0;0;0;0;0;0;16;23;0;18;0;0;0;0;0;0;0;0;0;0;0;0;0;0
05016;2016-06;0;602;0;0;0;0;0;0;0;0;0;0;0;0;10;0;0;0;0;0;0;0;15;0;0;0;0;0;0;501;2513;0;884;0;0;6;0;0;0;0;0;0;0;0;0;14;0
05017;2016-06;0;8;0;0;0;0;0;0;0;0;0;0;0;0;1;0;0;0;0;0;0;0;1;0;0;0;0;0;0;7;47;0;11;0;0;0;0;0;0;0;0;0;0;0;0;1;0
05018;2016-06;0;2;0;0;0;0;0;0;0;0;0;0;0;0;1;0;0;0;0;0;0;0;1;0;0;0;0;0;0;2;10;0;6;0;0;0;0;0;0;0;0;0;0;0;0;0;0
05019;2016-06;0;6617;0;0;0;0;0;0;0;0;0;0;0;0;98;0;0;0;0;0;0;0;319;0;0;0;0;0;0;4570;15553;0;5251;0;0;68;0;0;0;0;0;0;0;0;0;186;0
05021;2016-06;0;161;0;0;0;0;0;0;0;0;0;0;0;0;5;0;0;0;0;0;0;0;11;0;0;0;0;0;0;239;758;0;280;0;0;4;0;0;0;0;0;0;0;0;0;1;0
05022;2016-06;0;153;0;0;0;0;0;0;0;0;0;0;0;0;3;0;0;0;0;0;0;0;1;0;0;0;0;0;0;82;824;0;153;0;0;1;0;0;0;0;0;0;0;0;0;0;0
05023;2016-06;0;7;0;0;0;0;0;0;0;0;0;0;0;0;0;0;0;0;0;0;0;0;0;0;0;0;0;0;0;5;95;0;37;0;0;0;0;0;0;0;0;0;0;0;0;0;0
05024;2016-06;0;10;0;0;0;0;0;0;0;0;0;0;0;0;1;0;0;0;0;0;0;0;1;0;0;0;0;0;0;18;93;0;40;0;0;0;0;0;0;0;0;0;0;0;0;2;0
05025;2016-06;0;8;0;0;0;0;0;0;0;0;0;0;0;0;0;0;0;0;0;0;0;0;0;0;0;0;0;0;0;2;56;0;12;0;0;0;0;0;0;0;0;0;0;0;0;0;0
05026;2016-06;0;5;0;0;0;0;0;0;0;0;0;0;0;0;1;0;0;0;0;0;0;0;0;0;0;0;0;0;0;25;97;0;33;0;0;1;0;0;0;0;0;0;0;0;0;0;0
05027;2016-06;0;32;0;0;0;0;0;0;0;0;0;0;0;0;2;0;0;0;0;0;0;0;0;0;0;0;0;0;0;33;129;0;27;0;0;0;0;0;0;0;0;0;0;0;0;0;0
05029;2016-06;0;10;0;0;0;0;0;0;0;0;0;0;0;0;0;0;0;0;0;0;0;0;0;0;0;0;0;0;0;5;64;0;15;0;0;0;0;0;0;0;0;0;0;0;0;0;0
05030;2016-06;0;2;0;0;0;0;0;0;0;0;0;0;0;0;0;0;0;0;0;0;0;0;4;0;0;0;0;0;0;14;8;0;9;0;0;0;0;0;0;0;0;0;0;0;0;0;0
05033;2016-06;0;12;0;0;0;0;0;0;0;0;0;0;0;0;1;0;0;0;0;0;0;0;0;0;0;0;0;0;0;8;89;0;30;0;0;1;0;0;0;0;0;0;0;0;0;0;0
05034;2016-06;0;0;0;0;0;0;0;0;0;0;0;0;0;0;0;0;0;0;0;0;0;0;0;0;0;0;0;0;0;4;8;0;1;0;0;0;0;0;0;0;0;0;0;0;0;0;0
05035;2016-06;0;6;0;0;0;0;0;0;0;0;0;0;0;0;0;0;0;0;0;0;0;0;0;0;0;0;0;0;0;9;35;0;34;0;0;0;0;0;0;0;0;0;0;0;0;0;0
05036;2016-06;0;6;0;0;0;0;0;0;0;0;0;0;0;0;0;0;0;0;0;0;0;0;0;0;0;0;0;0;0;0;84;0;9;0;0;0;0;0;0;0;0;0;0;0;0;1;0
05037;2016-06;0;17;0;0;0;0;0;0;0;0;0;0;0;0;0;0;0;0;0;0;0;0;0;0;0;0;0;0;0;13;119;0;22;0;0;0;0;0;0;0;0;0;0;0;0;0;0
05038;2016-06;0;5;0;0;0;0;0;0;0;0;0;0;0;0;0;0;0;0;0;0;0;0;0;0;0;0;0;0;0;8;66;0;2;0;0;0;0;0;0;0;0;0;0;0;0;0;0
05039;2016-06;0;4;0;0;0;0;0;0;0;0;0;0;0;0;0;0;0;0;0;0;0;0;0;0;0;0;0;0;0;3;32;0;2;0;0;0;0;0;0;0;0;0;0;0;0;0;0
05040;2016-06;0;2;0;0;0;0;0;0;0;0;0;0;0;0;0;0;0;0;0;0;0;0;0;0;0;0;0;0;0;2;38;0;7;0;0;0;0;0;0;0;0;0;0;0;0;0;0
05041;2016-06;0;97;0;0;0;0;0;0;0;0;0;0;0;0;2;0;0;0;0;0;0;0;4;0;0;0;0;0;0;92;467;0;90;0;0;1;0;0;0;0;0;0;0;0;0;1;0
05042;2016-06;0;9;0;0;0;0;0;0;0;0;0;0;0;0;0;0;0;0;0;0;0;0;0;0;0;0;0;0;0;4;89;0;18;0;0;0;0;0;0;0;0;0;0;0;0;1;0
05043;2016-06;0;8;0;0;0;0;0;0;0;0;0;0;0;0;0;0;0;0;0;0;0;0;0;0;0;0;0;0;0;7;30;0;21;0;0;0;0;0;0;0;0;0;0;0;0;0;0
05044;2016-06;0;7;0;0;0;0;0;0;0;0;0;0;0;0;1;0;0;0;0;0;0;0;1;0;0;0;0;0;0;5;145;0;23;0;0;0;0;0;0;0;0;0;0;0;0;0;0
05045;2016-06;0;4;0;0;0;0;0;0;0;0;0;0;0;0;0;0;0;0;0;0;0;0;0;0;0;0;0;0;0;2;46;0;14;0;0;0;0;0;0;0;0;0;0;0;0;0;0
05046;2016-06;0;3;0;0;0;0;0;0;0;0;0;0;0;0;0;0;0;0;0;0;0;0;0;0;0;0;0;0;0;0;21;0;13;0;0;0;0;0;0;0;0;0;0;0;0;0;0
05047;2016-06;0;410;0;0;0;0;0;0;0;0;0;0;0;0;10;0;0;0;0;0;0;0;9;0;0;0;0;0;0;362;1295;0;1033;0;0;4;0;0;0;0;0;0;0;0;0;2;0
05048;2016-06;0;7;0;0;0;0;0;0;0;0;0;0;0;0;0;0;0;0;0;0;0;0;0;0;0;0;0;0;0;10;57;0;30;0;0;0;0;0;0;0;0;0;0;0;0;0;0
05049;2016-06;0;55;0;0;0;0;0;0;0;0;0;0;0;0;2;0;0;0;0;0;0;0;3;0;0;0;0;0;0;24;129;0;52;0;0;0;0;0;0;0;0;0;0;0;0;0;0
05051;2016-06;0;15;0;0;0;0;0;0;0;0;0;0;0;0;0;0;0;0;0;0;0;0;0;0;0;0;0;0;0;15;84;0;24;0;0;0;0;0;0;0;0;0;0;0;0;0;0
05052;2016-06;0;8;0;0;0;0;0;0;0;0;0;0;0;0;0;0;0;0;0;0;0;0;0;0;0;0;0;0;0;2;59;0;7;0;0;0;0;0;0;0;0;0;0;0;0;0;0
05053;2016-06;0;14;0;0;0;0;0;0;0;0;0;0;0;0;0;0;0;0;0;0;0;0;0;0;0;0;0;0;0;1;39;0;3;0;0;0;0;0;0;0;0;0;0;0;0;0;0
05054;2016-06;0;68;0;0;0;0;0;0;0;0;0;0;0;0;0;0;0;0;0;0;0;0;6;0;0;0;0;0;0;242;371;0;223;0;0;3;0;0;0;0;0;0;0;0;0;3;0
05055;2016-06;0;31;0;0;0;0;0;0;0;0;0;0;0;0;1;0;0;0;0;0;0;0;1;0;0;0;0;0;0;46;256;0;111;0;0;1;0;0;0;0;0;0;0;0;0;0;0
05056;2016-06;0;8;0;0;0;0;0;0;0;0;0;0;0;0;1;0;0;0;0;0;0;0;0;0;0;0;0;0;0;5;50;0;12;0;0;0;0;0;0;0;0;0;0;0;0;0;0
05057;2016-06;0;160;0;0;0;0;0;0;0;0;0;0;0;0;3;0;0;0;0;0;0;0;4;0;0;0;0;0;0;132;857;0;777;0;0;1;0;0;0;0;0;0;0;0;0;4;0
05058;2016-06;0;7;0;0;0;0;0;0;0;0;0;0;0;0;0;0;0;0;0;0;0;0;0;0;0;0;0;0;0;10;23;0;7;0;0;0;0;0;0;0;0;0;0;0;0;1;0
05059;2016-06;0;8;0;0;0;0;0;0;0;0;0;0;0;0;0;0;0;0;0;0;0;0;1;0;0;0;0;0;0;15;36;0;20;0;0;0;0;0;0;0;0;0;0;0;0;0;0
05060;2016-06;0;6;0;0;0;0;0;0;0;0;0;0;0;0;0;0;0;0;0;0;0;0;0;0;0;0;0;0;0;5;71;0;13;0;0;0;0;0;0;0;0;0;0;0;0;0;0
05061;2016-06;0;35;0;0;0;0;0;0;0;0;0;0;0;0;0;0;0;0;0;0;0;0;1;0;0;0;0;0;0;37;58;0;48;0;0;1;0;0;0;0;0;0;0;0;0;1;0
05062;2016-06;0;31;0;0;0;0;0;0;0;0;0;0;0;0;2;0;0;0;0;0;0;0;0;0;0;0;0;0;0;3;97;0;14;0;0;0;0;0;0;0;0;0;0;0;0;0;0
05063;2016-06;0;1;0;0;0;0;0;0;0;0;0;0;0;0;0;0;0;0;0;0;0;0;0;0;0;0;0;0;0;2;23;0;1;0;0;0;0;0;0;0;0;0;0;0;0;0;0
05064;2016-06;0;4;0;0;0;0;0;0;0;0;0;0;0;0;0;0;0;0;0;0;0;0;0;0;0;0;0;0;0;0;71;0;7;0;0;0;0;0;0;0;0;0;0;0;0;0;0
05065;2016-06;0;54;0;0;0;0;0;0;0;0;0;0;0;0;5;0;0;0;0;0;0;0;1;0;0;0;0;0;0;40;236;0;50;0;0;1;0;0;0;0;0;0;0;0;0;1;0
05066;2016-06;0;44;0;0;0;0;0;0;0;0;0;0;0;0;0;0;0;0;0;0;0;0;0;0;0;0;0;0;0;109;106;0;102;0;0;0;0;0;0;0;0;0;0;0;0;1;0
05067;2016-06;0;9;0;0;0;0;0;0;0;0;0;0;0;0;0;0;0;0;0;0;0;0;0;0;0;0;0;0;0;5;43;0;10;0;0;0;0;0;0;0;0;0;0;0;0;0;0
05069;2016-06;0;7;0;0;0;0;0;0;0;0;0;0;0;0;0;0;0;0;0;0;0;0;0;0;0;0;0;0;0;4;50;0;2;0;0;0;0;0;0;0;0;0;0;0;0;0;0
05070;2016-06;0;1;0;0;0;0;0;0;0;0;0;0;0;0;0;0;0;0;0;0;0;0;0;0;0;0;0;0;0;2;10;0;14;0;0;0;0;0;0;0;0;0;0;0;0;0;0
05072;2016-06;0;7;0;0;0;0;0;0;0;0;0;0;0;0;0;0;0;0;0;0;0;0;0;0;0;0;0;0;0;2;48;0;9;0;0;0;0;0;0;0;0;0;0;0;0;0;0
05073;2016-06;0;27;0;0;0;0;0;0;0;0;0;0;0;0;1;0;0;0;0;0;0;0;2;0;0;0;0;0;0;35;157;0;27;0;0;0;0;0;0;0;0;0;0;0;0;1;0
05074;2016-06;0;87;0;0;0;0;0;0;0;0;0;0;0;0;0;0;0;0;0;0;0;0;1;0;0;0;0;0;0;32;307;0;124;0;0;1;0;0;0;0;0;0;0;0;0;1;0
05075;2016-06;0;6;0;0;0;0;0;0;0;0;0;0;0;0;0;0;0;0;0;0;0;0;1;0;0;0;0;0;0;6;46;0;13;0;0;0;0;0;0;0;0;0;0;0;0;0;0
05076;2016-06;0;52;0;0;0;0;0;0;0;0;0;0;0;0;1;0;0;0;0;0;0;0;1;0;0;0;0;0;0;46;200;0;71;0;0;2;0;0;0;0;0;0;0;0;0;1;0
05077;2016-06;0;11;0;0;0;0;0;0;0;0;0;0;0;0;1;0;0;0;0;0;0;0;1;0;0;0;0;0;0;12;76;0;37;0;0;0;0;0;0;0;0;0;0;0;0;0;0
05078;2016-06;0;7;0;0;0;0;0;0;0;0;0;0;0;0;0;0;0;0;0;0;0;0;0;0;0;0;0;0;0;5;64;0;12;0;0;0;0;0;0;0;0;0;0;0;0;0;0
05079;2016-06;0;5;0;0;0;0;0;0;0;0;0;0;0;0;0;0;0;0;0;0;0;0;0;0;0;0;0;0;0;8;39;0;1;0;0;0;0;0;0;0;0;0;0;0;0;0;0
05080;2016-06;0;3;0;0;0;0;0;0;0;0;0;0;0;0;0;0;0;0;0;0;0;0;0;0;0;0;0;0;0;7;26;0;7;0;0;0;0;0;0;0;0;0;0;0;0;0;0
05081;2016-06;0;2;0;0;0;0;0;0;0;0;0;0;0;0;0;0;0;0;0;0;0;0;0;0;0;0;0;0;0;2;26;0;5;0;0;0;0;0;0;0;0;0;0;0;0;0;0
05082;2016-06;0;29;0;0;0;0;0;0;0;0;0;0;0;0;0;0;0;0;0;0;0;0;3;0;0;0;0;0;0;52;251;0;86;0;0;0;0;0;0;0;0;0;0;0;0;0;0
05083;2016-06;0;16;0;0;0;0;0;0;0;0;0;0;0;0;0;0;0;0;0;0;0;0;0;0;0;0;0;0;0;6;67;0;15;0;0;0;0;0;0;0;0;0;0;0;0;0;0
05084;2016-06;0;1;0;0;0;0;0;0;0;0;0;0;0;0;0;0;0;0;0;0;0;0;0;0;0;0;0;0;0;6;34;0;12;0;0;0;0;0;0;0;0;0;0;0;0;0;0
05085;2016-06;0;3;0;0;0;0;0;0;0;0;0;0;0;0;0;0;0;0;0;0;0;0;0;0;0;0;0;0;0;0;22;0;2;0;0;0;0;0;0;0;0;0;0;0;0;0;0
05086;2016-06;0;2;0;0;0;0;0;0;0;0;0;0;0;0;0;0;0;0;0;0;0;0;0;0;0;0;0;0;0;1;53;0;9;0;0;0;0;0;0;0;0;0;0;0;0;0;0
05087;2016-06;0;5;0;0;0;0;0;0;0;0;0;0;0;0;0;0;0;0;0;0;0;0;1;0;0;0;0;0;0;8;61;0;5;0;0;0;0;0;0;0;0;0;0;0;0;4;0
05088;2016-06;0;2;0;0;0;0;0;0;0;0;0;0;0;0;0;0;0;0;0;0;0;0;0;0;0;0;0;0;0;0;19;0;2;0;0;0;0;0;0;0;0;0;0;0;0;0;0
05089;2016-06;0;54;0;0;0;0;0;0;0;0;0;0;0;0;1;0;0;0;0;0;0;0;1;0;0;0;0;0;0;50;196;0;69;0;0;0;0;0;0;0;0;0;0;0;0;5;0
05090;2016-06;0;7;0;0;0;0;0;0;0;0;0;0;0;0;0;0;0;0;0;0;0;0;3;0;0;0;0;0;0;3;38;0;16;0;0;0;0;0;0;0;0;0;0;0;0;0;0
05092;2016-06;0;12;0;0;0;0;0;0;0;0;0;0;0;0;1;0;0;0;0;0;0;0;0;0;0;0;0;0;0;11;77;0;17;0;0;1;0;0;0;0;0;0;0;0;0;3;0
05093;2016-06;0;38;0;0;0;0;0;0;0;0;0;0;0;0;0;0;0;0;0;0;0;0;4;0;0;0;0;0;0;35;169;0;43;0;0;1;0;0;0;0;0;0;0;0;0;1;0
05094;2016-06;0;11;0;0;0;0;0;0;0;0;0;0;0;0;1;0;0;0;0;0;0;0;0;0;0;0;0;0;0;5;94;0;4;0;0;0;0;0;0;0;0;0;0;0;0;0;0
05095;2016-06;0;14;0;0;0;0;0;0;0;0;0;0;0;0;2;0;0;0;0;0;0;0;2;0;0;0;0;0;0;22;127;0;55;0;0;0;0;0;0;0;0;0;0;0;0;0;0
05096;2016-06;0;5;0;0;0;0;0;0;0;0;0;0;0;0;2;0;0;0;0;0;0;0;0;0;0;0;0;0;0;9;20;0;23;0;0;0;0;0;0;0;0;0;0;0;0;0;0
05097;2016-06;0;30;0;0;0;0;0;0;0;0;0;0;0;0;4;0;0;0;0;0;0;0;0;0;0;0;0;0;0;29;182;0;64;0;0;1;0;0;0;0;0;0;0;0;0;3;0
05099;2016-06;0;37;0;0;0;0;0;0;0;0;0;0;0;0;2;0;0;0;0;0;0;0;0;0;0;0;0;0;0;28;172;0;141;0;0;0;0;0;0;0;0;0;0;0;0;0;0
05100;2016-06;0;28;0;0;0;0;0;0;0;0;0;0;0;0;0;0;0;0;0;0;0;0;0;0;0;0;0;0;0;39;109;0;46;0;0;0;0;0;0;0;0;0;0;0;0;0;0
05101;2016-06;0;26;0;0;0;0;0;0;0;0;0;0;0;0;0;0;0;0;0;0;0;0;0;0;0;0;0;0;0;16;153;0;40;0;0;0;0;0;0;0;0;0;0;0;0;0;0
05102;2016-06;0;124;0;0;0;0;0;0;0;0;0;0;0;0;3;0;0;0;0;0;0;0;3;0;0;0;0;0;0;121;720;0;342;0;0;0;0;0;0;0;0;0;0;0;0;1;0
05103;2016-06;0;5;0;0;0;0;0;0;0;0;0;0;0;0;0;0;0;0;0;0;0;0;0;0;0;0;0;0;0;8;32;0;7;0;0;0;0;0;0;0;0;0;0;0;0;0;0
05104;2016-06;0;0;0;0;0;0;0;0;0;0;0;0;0;0;0;0;0;0;0;0;0;0;0;0;0;0;0;0;0;7;17;0;4;0;0;0;0;0;0;0;0;0;0;0;0;0;0
05105;2016-06;0;38;0;0;0;0;0;0;0;0;0;0;0;0;0;0;0;0;0;0;0;0;0;0;0;0;0;0;0;47;93;0;60;0;0;0;0;0;0;0;0;0;0;0;0;2;0
05106;2016-06;0;1;0;0;0;0;0;0;0;0;0;0;0;0;0;0;0;0;0;0;0;0;0;0;0;0;0;0;0;2;22;0;0;0;0;0;0;0;0;0;0;0;0;0;0;0;0
05107;2016-06;0;3;0;0;0;0;0;0;0;0;0;0;0;0;0;0;0;0;0;0;0;0;0;0;0;0;0;0;0;3;31;0;2;0;0;0;0;0;0;0;0;0;0;0;0;0;0
05108;2016-06;0;0;0;0;0;0;0;0;0;0;0;0;0;0;0;0;0;0;0;0;0;0;1;0;0;0;0;0;0;3;19;0;12;0;0;0;0;0;0;0;0;0;0;0;0;0;0
05109;2016-06;0;33;0;0;0;0;0;0;0;0;0;0;0;0;1;0;0;0;0;0;0;0;0;0;0;0;0;0;0;33;183;0;85;0;0;0;0;0;0;0;0;0;0;0;0;0;0
05110;2016-06;0;68;0;0;0;0;0;0;0;0;0;0;0;0;0;0;0;0;0;0;0;0;3;0;0;0;0;0;0;50;274;0;103;0;0;2;0;0;0;0;0;0;0;0;0;1;0
05112;2016-06;0;6;0;0;0;0;0;0;0;0;0;0;0;0;0;0;0;0;0;0;0;0;0;0;0;0;0;0;0;14;41;0;6;0;0;1;0;0;0;0;0;0;0;0;0;0;0
05113;2016-06;0;7;0;0;0;0;0;0;0;0;0;0;0;0;0;0;0;0;0;0;0;0;0;0;0;0;0;0;0;1;40;0;7;0;0;1;0;0;0;0;0;0;0;0;0;0;0
05114;2016-06;0;107;0;0;0;0;0;0;0;0;0;0;0;0;1;0;0;0;0;0;0;0;1;0;0;0;0;0;0;83;435;0;411;0;0;1;0;0;0;0;0;0;0;0;0;2;0
05115;2016-06;0;31;0;0;0;0;0;0;0;0;0;0;0;0;0;0;0;0;0;0;0;0;0;0;0;0;0;0;0;38;243;0;61;0;0;0;0;0;0;0;0;0;0;0;0;0;0
05116;2016-06;0;7;0;0;0;0;0;0;0;0;0;0;0;0;0;0;0;0;0;0;0;0;0;0;0;0;0;0;0;9;65;0;7;0;0;0;0;0;0;0;0;0;0;0;0;0;0
05117;2016-06;0;16;0;0;0;0;0;0;0;0;0;0;0;0;0;0;0;0;0;0;0;0;0;0;0;0;0;0;0;13;123;0;20;0;0;0;0;0;0;0;0;0;0;0;0;0;0
05118;2016-06;0;6;0;0;0;0;0;0;0;0;0;0;0;0;0;0;0;0;0;0;0;0;0;0;0;0;0;0;0;4;34;0;9;0;0;0;0;0;0;0;0;0;0;0;0;0;0
05119;2016-06;0;2;0;0;0;0;0;0;0;0;0;0;0;0;0;0;0;0;0;0;0;0;0;0;0;0;0;0;0;3;17;0;0;0;0;0;0;0;0;0;0;0;0;0;0;0;0
05120;2016-06;0;5;0;0;0;0;0;0;0;0;0;0;0;0;0;0;0;0;0;0;0;0;0;0;0;0;0;0;0;2;16;0;3;0;0;0;0;0;0;0;0;0;0;0;0;0;0
05121;2016-06;0;29;0;0;0;0;0;0;0;0;0;0;0;0;0;0;0;0;0;0;0;0;2;0;0;0;0;0;0;22;85;0;41;0;0;1;0;0;0;0;0;0;0;0;0;1;0
05122;2016-06;0;8;0;0;0;0;0;0;0;0;0;0;0;0;1;0;0;0;0;0;0;0;0;0;0;0;0;0;0;2;61;0;29;0;0;0;0;0;0;0;0;0;0;0;0;0;0
05123;2016-06;0;13;0;0;0;0;0;0;0;0;0;0;0;0;0;0;0;0;0;0;0;0;1;0;0;0;0;0;0;10;40;0;8;0;0;0;0;0;0;0;0;0;0;0;0;0;0
05124;2016-06;0;7;0;0;0;0;0;0;0;0;0;0;0;0;1;0;0;0;0;0;0;0;0;0;0;0;0;0;0;2;57;0;13;0;0;0;0;0;0;0;0;0;0;0;0;1;0
05125;2016-06;0;4;0;0;0;0;0;0;0;0;0;0;0;0;3;0;0;0;0;0;0;0;0;0;0;0;0;0;0;2;27;0;11;0;0;0;0;0;0;0;0;0;0;0;0;0;0
05126;2016-06;0;1;0;0;0;0;0;0;0;0;0;0;0;0;0;0;0;0;0;0;0;0;0;0;0;0;0;0;0;0;45;0;9;0;0;0;0;0;0;0;0;0;0;0;0;0;0
05127;2016-06;0;70;0;0;0;0;0;0;0;0;0;0;0;0;0;0;0;0;0;0;0;0;1;0;0;0;0;0;0;56;258;0;125;0;0;0;0;0;0;0;0;0;0;0;0;1;0
05128;2016-06;0;28;0;0;0;0;0;0;0;0;0;0;0;0;1;0;0;0;0;0;0;0;3;0;0;0;0;0;0;72;85;0;80;0;0;0;0;0;0;0;0;0;0;0;0;0;0
05129;2016-06;0;3;0;0;0;0;0;0;0;0;0;0;0;0;0;0;0;0;0;0;0;0;0;0;0;0;0;0;0;4;76;0;1;0;0;0;0;0;0;0;0;0;0;0;0;1;0
05130;2016-06;0;8;0;0;0;0;0;0;0;0;0;0;0;0;0;0;0;0;0;0;0;0;0;0;0;0;0;0;0;13;32;0;32;0;0;0;0;0;0;0;0;0;0;0;0;0;0
05131;2016-06;0;5;0;0;0;0;0;0;0;0;0;0;0;0;0;0;0;0;0;0;0;0;0;0;0;0;0;0;0;0;57;0;7;0;0;0;0;0;0;0;0;0;0;0;0;0;0
05132;2016-06;0;60;0;0;0;0;0;0;0;0;0;0;0;0;1;0;0;0;0;0;0;0;4;0;0;0;0;0;0;112;334;0;144;0;0;1;0;0;0;0;0;0;0;0;0;0;0
05133;2016-06;0;6;0;0;0;0;0;0;0;0;0;0;0;0;0;0;0;0;0;0;0;0;1;0;0;0;0;0;0;2;31;0;13;0;0;0;0;0;0;0;0;0;0;0;0;0;0
05134;2016-06;0;1;0;0;0;0;0;0;0;0;0;0;0;0;0;0;0;0;0;0;0;0;0;0;0;0;0;0;0;0;29;0;8;0;0;0;0;0;0;0;0;0;0;0;0;0;0
05135;2016-06;0;31;0;0;0;0;0;0;0;0;0;0;0;0;3;0;0;0;0;0;0;0;1;0;0;0;0;0;0;21;198;0;52;0;0;0;0;0;0;0;0;0;0;0;0;4;0
05136;2016-06;0;10;0;0;0;0;0;0;0;0;0;0;0;0;0;0;0;0;0;0;0;0;0;0;0;0;0;0;0;7;30;0;10;0;0;0;0;0;0;0;0;0;0;0;0;0;0
05138;2016-06;0;17;0;0;0;0;0;0;0;0;0;0;0;0;0;0;0;0;0;0;0;0;0;0;0;0;0;0;0;14;162;0;26;0;0;0;0;0;0;0;0;0;0;0;0;0;0
05139;2016-06;0;10;0;0;0;0;0;0;0;0;0;0;0;0;2;0;0;0;0;0;0;0;0;0;0;0;0;0;0;2;50;0;1;0;0;0;0;0;0;0;0;0;0;0;0;0;0
05140;2016-06;0;4;0;0;0;0;0;0;0;0;0;0;0;0;0;0;0;0;0;0;0;0;0;0;0;0;0;0;0;2;65;0;16;0;0;0;0;0;0;0;0;0;0;0;0;0;0
05141;2016-06;0;10;0;0;0;0;0;0;0;0;0;0;0;0;0;0;0;0;0;0;0;0;0;0;0;0;0;0;0;10;43;0;15;0;0;0;0;0;0;0;0;0;0;0;0;1;0
05142;2016-06;0;10;0;0;0;0;0;0;0;0;0;0;0;0;0;0;0;0;0;0;0;0;1;0;0;0;0;0;0;3;53;0;17;0;0;0;0;0;0;0;0;0;0;0;0;1;0
05143;2016-06;0;2;0;0;0;0;0;0;0;0;0;0;0;0;0;0;0;0;0;0;0;0;0;0;0;0;0;0;0;10;29;0;8;0;0;0;0;0;0;0;0;0;0;0;0;0;0
05144;2016-06;0;3;0;0;0;0;0;0;0;0;0;0;0;0;0;0;0;0;0;0;0;0;0;0;0;0;0;0;0;1;38;0;12;0;0;0;0;0;0;0;0;0;0;0;0;0;0
05145;2016-06;0;3;0;0;0;0;0;0;0;0;0;0;0;0;0;0;0;0;0;0;0;0;0;0;0;0;0;0;0;5;24;0;8;0;0;0;0;0;0;0;0;0;0;0;0;0;0
05147;2016-06;0;11;0;0;0;0;0;0;0;0;0;0;0;0;0;0;0;0;0;0;0;0;0;0;0;0;0;0;0;14;82;0;11;0;0;1;0;0;0;0;0;0;0;0;0;0;0
05148;2016-06;0;1;0;0;0;0;0;0;0;0;0;0;0;0;0;0;0;0;0;0;0;0;0;0;0;0;0;0;0;1;10;0;3;0;0;0;0;0;0;0;0;0;0;0;0;0;0
05149;2016-06;0;5;0;0;0;0;0;0;0;0;0;0;0;0;0;0;0;0;0;0;0;0;0;0;0;0;0;0;0;9;48;0;13;0;0;1;0;0;0;0;0;0;0;0;0;0;0
05151;2016-06;0;8;0;0;0;0;0;0;0;0;0;0;0;0;0;0;0;0;0;0;0;0;0;0;0;0;0;0;0;4;47;0;11;0;0;0;0;0;0;0;0;0;0;0;0;0;0
05152;2016-06;0;38;0;0;0;0;0;0;0;0;0;0;0;0;1;0;0;0;0;0;0;0;1;0;0;0;0;0;0;26;390;0;91;0;0;0;0;0;0;0;0;0;0;0;0;1;0
05153;2016-06;0;7;0;0;0;0;0;0;0;0;0;0;0;0;0;0;0;0;0;0;0;0;0;0;0;0;0;0;0;6;47;0;16;0;0;0;0;0;0;0;0;0;0;0;0;0;0
05154;2016-06;0;3;0;0;0;0;0;0;0;0;0;0;0;0;0;0;0;0;0;0;0;0;0;0;0;0;0;0;0;4;17;0;8;0;0;0;0;0;0;0;0;0;0;0;0;1;0
05155;2016-06;0;10;0;0;0;0;0;0;0;0;0;0;0;0;0;0;0;0;0;0;0;0;0;0;0;0;0;0;0;10;18;0;6;0;0;0;0;0;0;0;0;0;0;0;0;0;0
05156;2016-06;0;22;0;0;0;0;0;0;0;0;0;0;0;0;0;0;0;0;0;0;0;0;2;0;0;0;0;0;0;33;78;0;23;0;0;0;0;0;0;0;0;0;0;0;0;0;0
05157;2016-06;0;14;0;0;0;0;0;0;0;0;0;0;0;0;0;0;0;0;0;0;0;0;0;0;0;0;0;0;0;17;84;0;43;0;0;0;0;0;0;0;0;0;0;0;0;0;0
05158;2016-06;0;29;0;0;0;0;0;0;0;0;0;0;0;0;5;0;0;0;0;0;0;0;0;0;0;0;0;0;0;21;170;0;54;0;0;0;0;0;0;0;0;0;0;0;0;1;0
05159;2016-06;0;14;0;0;0;0;0;0;0;0;0;0;0;0;2;0;0;0;0;0;0;0;0;0;0;0;0;0;0;5;134;0;9;0;0;0;0;0;0;0;0;0;0;0;0;0;0
05160;2016-06;0;12;0;0;0;0;0;0;0;0;0;0;0;0;0;0;0;0;0;0;0;0;0;0;0;0;0;0;0;13;185;0;41;0;0;0;0;0;0;0;0;0;0;0;0;0;0
05161;2016-06;0;40;0;0;0;0;0;0;0;0;0;0;0;0;0;0;0;0;0;0;0;0;5;0;0;0;0;0;0;47;260;0;91;0;0;1;0;0;0;0;0;0;0;0;0;0;0
05162;2016-06;0;9;0;0;0;0;0;0;0;0;0;0;0;0;0;0;0;0;0;0;0;0;0;0;0;0;0;0;0;11;26;0;16;0;0;1;0;0;0;0;0;0;0;0;0;0;0
05163;2016-06;0;140;0;0;0;0;0;0;0;0;0;0;0;0;0;0;0;0;0;0;0;0;6;0;0;0;0;0;0;185;709;0;293;0;0;0;0;0;0;0;0;0;0;0;0;3;0
05164;2016-06;0;0;0;0;0;0;0;0;0;0;0;0;0;0;0;0;0;0;0;0;0;0;0;0;0;0;0;0;0;0;10;0;4;0;0;0;0;0;0;0;0;0;0;0;0;0;0
05165;2016-06;0;27;0;0;0;0;0;0;0;0;0;0;0;0;1;0;0;0;0;0;0;0;1;0;0;0;0;0;0;59;140;0;49;0;0;1;0;0;0;0;0;0;0;0;0;0;0
05166;2016-06;0;18;0;0;0;0;0;0;0;0;0;0;0;0;0;0;0;0;0;0;0;0;0;0;0;0;0;0;0;5;98;0;17;0;0;0;0;0;0;0;0;0;0;0;0;0;0
05167;2016-06;0;6;0;0;0;0;0;0;0;0;0;0;0;0;0;0;0;0;0;0;0;0;0;0;0;0;0;0;0;36;63;0;90;0;0;1;0;0;0;0;0;0;0;0;0;2;0
05168;2016-06;0;401;0;0;0;0;0;0;0;0;0;0;0;0;8;0;0;0;0;0;0;0;13;0;0;0;0;0;0;260;1389;0;447;0;0;3;0;0;0;0;0;0;0;0;0;21;0
05169;2016-06;0;19;0;0;0;0;0;0;0;0;0;0;0;0;0;0;0;0;0;0;0;0;0;0;0;0;0;0;0;11;128;0;26;0;0;0;0;0;0;0;0;0;0;0;0;0;0
05170;2016-06;0;2;0;0;0;0;0;0;0;0;0;0;0;0;0;0;0;0;0;0;0;0;0;0;0;0;0;0;0;7;25;0;9;0;0;0;0;0;0;0;0;0;0;0;0;0;0
05171;2016-06;0;7;0;0;0;0;0;0;0;0;0;0;0;0;0;0;0;0;0;0;0;0;0;0;0;0;0;0;0;3;32;0;6;0;0;0;0;0;0;0;0;0;0;0;0;1;0
05172;2016-06;0;5;0;0;0;0;0;0;0;0;0;0;0;0;0;0;0;0;0;0;0;0;0;0;0;0;0;0;0;5;56;0;25;0;0;1;0;0;0;0;0;0;0;0;0;0;0
05173;2016-06;0;2;0;0;0;0;0;0;0;0;0;0;0;0;0;0;0;0;0;0;0;0;1;0;0;0;0;0;0;4;37;0;5;0;0;0;0;0;0;0;0;0;0;0;0;0;0
05174;2016-06;0;7;0;0;0;0;0;0;0;0;0;0;0;0;0;0;0;0;0;0;0;0;0;0;0;0;0;0;0;4;25;0;14;0;0;0;0;0;0;0;0;0;0;0;0;1;0
05175;2016-06;0;18;0;0;0;0;0;0;0;0;0;0;0;0;0;0;0;0;0;0;0;0;1;0;0;0;0;0;0;18;77;0;15;0;0;0;0;0;0;0;0;0;0;0;0;1;0
05176;2016-06;0;26;0;0;0;0;0;0;0;0;0;0;0;0;0;0;0;0;0;0;0;0;1;0;0;0;0;0;0;21;86;0;33;0;0;1;0;0;0;0;0;0;0;0;0;2;0
05177;2016-06;0;12;0;0;0;0;0;0;0;0;0;0;0;0;0;0;0;0;0;0;0;0;0;0;0;0;0;0;0;20;51;0;45;0;0;0;0;0;0;0;0;0;0;0;0;1;0
05178;2016-06;0;30;0;0;0;0;0;0;0;0;0;0;0;0;0;0;0;0;0;0;0;0;0;0;0;0;0;0;0;16;188;0;46;0;0;0;0;0;0;0;0;0;0;0;0;0;0
05179;2016-06;0;15;0;0;0;0;0;0;0;0;0;0;0;0;0;0;0;0;0;0;0;0;0;0;0;0;0;0;0;1;148;0;11;0;0;0;0;0;0;0;0;0;0;0;0;0;0
05180;2016-06;0;4;0;0;0;0;0;0;0;0;0;0;0;0;1;0;0;0;0;0;0;0;0;0;0;0;0;0;0;2;51;0;2;0;0;0;0;0;0;0;0;0;0;0;0;0;0
05181;2016-06;0;3;0;0;0;0;0;0;0;0;0;0;0;0;0;0;0;0;0;0;0;0;0;0;0;0;0;0;0;2;18;0;8;0;0;2;0;0;0;0;0;0;0;0;0;0;0
05182;2016-06;0;52;0;0;0;0;0;0;0;0;0;0;0;0;1;0;0;0;0;0;0;0;1;0;0;0;0;0;0;61;308;0;107;0;0;0;0;0;0;0;0;0;0;0;0;0;0
05183;2016-06;0;10;0;0;0;0;0;0;0;0;0;0;0;0;0;0;0;0;0;0;0;0;0;0;0;0;0;0;0;0;84;0;15;0;0;0;0;0;0;0;0;0;0;0;0;1;0
05184;2016-06;0;13;0;0;0;0;0;0;0;0;0;0;0;0;0;0;0;0;0;0;0;0;2;0;0;0;0;0;0;26;99;0;43;0;0;0;0;0;0;0;0;0;0;0;0;0;0
05185;2016-06;0;17;0;0;0;0;0;0;0;0;0;0;0;0;0;0;0;0;0;0;0;0;0;0;0;0;0;0;0;5;53;0;6;0;0;0;0;0;0;0;0;0;0;0;0;0;0
05186;2016-06;0;153;0;0;0;0;0;0;0;0;0;0;0;0;0;0;0;0;0;0;0;0;4;0;0;0;0;0;0;123;691;0;215;0;0;1;0;0;0;0;0;0;0;0;0;4;0
05187;2016-06;0;178;0;0;0;0;0;0;0;0;0;0;0;0;5;0;0;0;0;0;0;0;9;0;0;0;0;0;0;262;552;0;290;0;0;0;0;0;0;0;0;0;0;0;0;0;0
05188;2016-06;0;4;0;0;0;0;0;0;0;0;0;0;0;0;0;0;0;0;0;0;0;0;0;0;0;0;0;0;0;0;27;0;7;0;0;0;0;0;0;0;0;0;0;0;0;0;0
05189;2016-06;0;36;0;0;0;0;0;0;0;0;0;0;0;0;0;0;0;0;0;0;0;0;0;0;0;0;0;0;0;65;185;0;60;0;0;1;0;0;0;0;0;0;0;0;0;0;0
05190;2016-06;0;9;0;0;0;0;0;0;0;0;0;0;0;0;0;0;0;0;0;0;0;0;0;0;0;0;0;0;0;2;24;0;3;0;0;0;0;0;0;0;0;0;0;0;0;1;0
05191;2016-06;0;15;0;0;0;0;0;0;0;0;0;0;0;0;0;0;0;0;0;0;0;0;0;0;0;0;0;0;0;22;39;0;27;0;0;0;0;0;0;0;0;0;0;0;0;1;0
05192;2016-06;0;7;0;0;0;0;0;0;0;0;0;0;0;0;1;0;0;0;0;0;0;0;0;0;0;0;0;0;0;16;41;0;11;0;0;0;0;0;0;0;0;0;0;0;0;1;0
05193;2016-06;0;15;0;0;0;0;0;0;0;0;0;0;0;0;0;0;0;0;0;0;0;0;0;0;0;0;0;0;0;4;90;0;54;0;0;0;0;0;0;0;0;0;0;0;0;0;0
05194;2016-06;0;15;0;0;0;0;0;0;0;0;0;0;0;0;0;0;0;0;0;0;0;0;0;0;0;0;0;0;0;11;62;0;27;0;0;0;0;0;0;0;0;0;0;0;0;0;0
05195;2016-06;0;20;0;0;0;0;0;0;0;0;0;0;0;0;0;0;0;0;0;0;0;0;1;0;0;0;0;0;0;19;100;0;26;0;0;0;0;0;0;0;0;0;0;0;0;1;0
05196;2016-06;0;6;0;0;0;0;0;0;0;0;0;0;0;0;0;0;0;0;0;0;0;0;1;0;0;0;0;0;0;3;11;0;15;0;0;0;0;0;0;0;0;0;0;0;0;0;0
05197;2016-06;0;6;0;0;0;0;0;0;0;0;0;0;0;0;0;0;0;0;0;0;0;0;0;0;0;0;0;0;0;9;53;0;14;0;0;0;0;0;0;0;0;0;0;0;0;0;0
05198;2016-06;0;5;0;0;0;0;0;0;0;0;0;0;0;0;1;0;0;0;0;0;0;0;0;0;0;0;0;0;0;2;47;0;7;0;0;0;0;0;0;0;0;0;0;0;0;0;0
05199;2016-06;0;1;0;0;0;0;0;0;0;0;0;0;0;0;0;0;0;0;0;0;0;0;0;0;0;0;0;0;0;3;26;0;1;0;0;0;0;0;0;0;0;0;0;0;0;0;0
05200;2016-06;0;3;0;0;0;0;0;0;0;0;0;0;0;0;0;0;0;0;0;0;0;0;0;0;0;0;0;0;0;1;20;0;5;0;0;0;0;0;0;0;0;0;0;0;0;0;0
05201;2016-06;0;35;0;0;0;0;0;0;0;0;0;0;0;0;0;0;0;0;0;0;0;0;2;0;0;0;0;0;0;50;230;0;97;0;0;0;0;0;0;0;0;0;0;0;0;3;0
05204;2016-06;0;56;0;0;0;0;0;0;0;0;0;0;0;0;1;0;0;0;0;0;0;0;2;0;0;0;0;0;0;48;238;0;104;0;0;0;0;0;0;0;0;0;0;0;0;1;0
05205;2016-06;0;5;0;0;0;0;0;0;0;0;0;0;0;0;0;0;0;0;0;0;0;0;0;0;0;0;0;0;0;2;37;0;9;0;0;0;0;0;0;0;0;0;0;0;0;1;0
05206;2016-06;0;5;0;0;0;0;0;0;0;0;0;0;0;0;0;0;0;0;0;0;0;0;0;0;0;0;0;0;0;2;6;0;6;0;0;0;0;0;0;0;0;0;0;0;0;0;0
05207;2016-06;0;50;0;0;0;0;0;0;0;0;0;0;0;0;0;0;0;0;0;0;0;0;3;0;0;0;0;0;0;57;249;0;181;0;0;0;0;0;0;0;0;0;0;0;0;3;0
05208;2016-06;0;2;0;0;0;0;0;0;0;0;0;0;0;0;0;0;0;0;0;0;0;0;0;0;0;0;0;0;0;6;20;0;8;0;0;0;0;0;0;0;0;0;0;0;0;0;0
05209;2016-06;0;2;0;0;0;0;0;0;0;0;0;0;0;0;0;0;0;0;0;0;0;0;0;0;0;0;0;0;0;8;52;0;8;0;0;0;0;0;0;0;0;0;0;0;0;0;0
05210;2016-06;0;14;0;0;0;0;0;0;0;0;0;0;0;0;0;0;0;0;0;0;0;0;0;0;0;0;0;0;0;1;46;0;8;0;0;0;0;0;0;0;0;0;0;0;0;0;0
05211;2016-06;0;33;0;0;0;0;0;0;0;0;0;0;0;0;1;0;0;0;0;0;0;0;1;0;0;0;0;0;0;26;225;0;56;0;0;0;0;0;0;0;0;0;0;0;0;0;0
05212;2016-06;0;10;0;0;0;0;0;0;0;0;0;0;0;0;3;0;0;0;0;0;0;0;1;0;0;0;0;0;0;3;108;0;36;0;0;0;0;0;0;0;0;0;0;0;0;0;0
05213;2016-06;0;6;0;0;0;0;0;0;0;0;0;0;0;0;0;0;0;0;0;0;0;0;1;0;0;0;0;0;0;6;52;0;17;0;0;0;0;0;0;0;0;0;0;0;0;0;0
05214;2016-06;0;14;0;0;0;0;0;0;0;0;0;0;0;0;0;0;0;0;0;0;0;0;0;0;0;0;0;0;0;2;8;0;4;0;0;0;0;0;0;0;0;0;0;0;0;0;0
05215;2016-06;0;8;0;0;0;0;0;0;0;0;0;0;0;0;0;0;0;0;0;0;0;0;2;0;0;0;0;0;0;14;74;0;22;0;0;0;0;0;0;0;0;0;0;0;0;0;0
05216;2016-06;0;11;0;0;0;0;0;0;0;0;0;0;0;0;0;0;0;0;0;0;0;0;0;0;0;0;0;0;0;21;116;0;20;0;0;0;0;0;0;0;0;0;0;0;0;0;0
05217;2016-06;0;3;0;0;0;0;0;0;0;0;0;0;0;0;0;0;0;0;0;0;0;0;0;0;0;0;0;0;0;2;29;0;9;0;0;0;0;0;0;0;0;0;0;0;0;0;0
05218;2016-06;0;9;0;0;0;0;0;0;0;0;0;0;0;0;0;0;0;0;0;0;0;0;0;0;0;0;0;0;0;8;55;0;25;0;0;0;0;0;0;0;0;0;0;0;0;0;0
05219;2016-06;0;3;0;0;0;0;0;0;0;0;0;0;0;0;1;0;0;0;0;0;0;0;0;0;0;0;0;0;0;4;18;0;4;0;0;0;0;0;0;0;0;0;0;0;0;0;0
05220;2016-06;0;39;0;0;0;0;0;0;0;0;0;0;0;0;0;0;0;0;0;0;0;0;1;0;0;0;0;0;0;33;187;0;40;0;0;0;0;0;0;0;0;0;0;0;0;1;0
05221;2016-06;0;20;0;0;0;0;0;0;0;0;0;0;0;0;0;0;0;0;0;0;0;0;0;0;0;0;0;0;0;69;94;0;64;0;0;0;0;0;0;0;0;0;0;0;0;1;0
05222;2016-06;0;15;0;0;0;0;0;0;0;0;0;0;0;0;0;0;0;0;0;0;0;0;0;0;0;0;0;0;0;10;80;0;19;0;0;0;0;0;0;0;0;0;0;0;0;1;0
05224;2016-06;0;12;0;0;0;0;0;0;0;0;0;0;0;0;0;0;0;0;0;0;0;0;0;0;0;0;0;0;0;9;54;0;6;0;0;0;0;0;0;0;0;0;0;0;0;0;0
05225;2016-06;0;29;0;0;0;0;0;0;0;0;0;0;0;0;0;0;0;0;0;0;0;0;0;0;0;0;0;0;0;26;186;0;39;0;0;0;0;0;0;0;0;0;0;0;0;0;0
05226;2016-06;0;2;0;0;0;0;0;0;0;0;0;0;0;0;0;0;0;0;0;0;0;0;0;0;0;0;0;0;0;1;46;0;2;0;0;0;0;0;0;0;0;0;0;0;0;0;0
05227;2016-06;0;28;0;0;0;0;0;0;0;0;0;0;0;0;0;0;0;0;0;0;0;0;1;0;0;0;0;0;0;43;120;0;55;0;0;2;0;0;0;0;0;0;0;0;0;0;0
05228;2016-06;0;6;0;0;0;0;0;0;0;0;0;0;0;0;0;0;0;0;0;0;0;0;0;0;0;0;0;0;0;3;105;0;6;0;0;0;0;0;0;0;0;0;0;0;0;0;0
05229;2016-06;0;9;0;0;0;0;0;0;0;0;0;0;0;0;1;0;0;0;0;0;0;0;1;0;0;0;0;0;0;3;45;0;7;0;0;0;0;0;0;0;0;0;0;0;0;1;0
05230;2016-06;0;6;0;0;0;0;0;0;0;0;0;0;0;0;0;0;0;0;0;0;0;0;2;0;0;0;0;0;0;2;47;0;4;0;0;0;0;0;0;0;0;0;0;0;0;0;0
05231;2016-06;0;17;0;0;0;0;0;0;0;0;0;0;0;0;0;0;0;0;0;0;0;0;1;0;0;0;0;0;0;0;81;0;31;0;0;0;0;0;0;0;0;0;0;0;0;1;0
05232;2016-06;0;8;0;0;0;0;0;0;0;0;0;0;0;0;0;0;0;0;0;0;0;0;1;0;0;0;0;0;0;9;50;0;10;0;0;0;0;0;0;0;0;0;0;0;0;0;0
05233;2016-06;0;8;0;0;0;0;0;0;0;0;0;0;0;0;1;0;0;0;0;0;0;0;0;0;0;0;0;0;0;20;129;0;32;0;0;0;0;0;0;0;0;0;0;0;0;0;0
05234;2016-06;0;6;0;0;0;0;0;0;0;0;0;0;0;0;0;0;0;0;0;0;0;0;1;0;0;0;0;0;0;2;28;0;5;0;0;0;0;0;0;0;0;0;0;0;0;0;0
05235;2016-06;0;13;0;0;0;0;0;0;0;0;0;0;0;0;0;0;0;0;0;0;0;0;0;0;0;0;0;0;0;6;54;0;37;0;0;0;0;0;0;0;0;0;0;0;0;0;0
05236;2016-06;0;18;0;0;0;0;0;0;0;0;0;0;0;0;1;0;0;0;0;0;0;0;0;0;0;0;0;0;0;19;36;0;13;0;0;0;0;0;0;0;0;0;0;0;0;2;0
05237;2016-06;0;11;0;0;0;0;0;0;0;0;0;0;0;0;0;0;0;0;0;0;0;0;0;0;0;0;0;0;0;1;100;0;10;0;0;0;0;0;0;0;0;0;0;0;0;0;0
05238;2016-06;0;44;0;0;0;0;0;0;0;0;0;0;0;0;0;0;0;0;0;0;0;0;2;0;0;0;0;0;0;75;281;0;154;0;0;1;0;0;0;0;0;0;0;0;0;1;0
05239;2016-06;0;35;0;0;0;0;0;0;0;0;0;0;0;0;7;0;0;0;0;0;0;0;2;0;0;0;0;0;0;11;83;0;21;0;0;0;0;0;0;0;0;0;0;0;0;0;0
05240;2016-06;0;286;0;0;0;0;0;0;0;0;0;0;0;0;2;0;0;0;0;0;0;0;14;0;0;0;0;0;0;308;1163;0;472;0;0;1;0;0;0;0;0;0;0;0;0;4;0
05241;2016-06;0;303;0;0;0;0;0;0;0;0;0;0;0;0;4;0;0;0;0;0;0;0;27;0;0;0;0;0;0;319;977;0;382;0;0;1;0;0;0;0;0;0;0;0;0;4;0
05242;2016-06;0;31;0;0;0;0;0;0;0;0;0;0;0;0;0;0;0;0;0;0;0;0;1;0;0;0;0;0;0;33;426;0;58;0;0;0;0;0;0;0;0;0;0;0;0;1;0
05243;2016-06;0;9;0;0;0;0;0;0;0;0;0;0;0;0;0;0;0;0;0;0;0;0;1;0;0;0;0;0;0;5;33;0;12;0;0;0;0;0;0;0;0;0;0;0;0;0;0
05244;2016-06;0;4;0;0;0;0;0;0;0;0;0;0;0;0;0;0;0;0;0;0;0;0;0;0;0;0;0;0;0;2;30;0;2;0;0;0;0;0;0;0;0;0;0;0;0;0;0
05245;2016-06;0;48;0;0;0;0;0;0;0;0;0;0;0;0;5;0;0;0;0;0;0;0;3;0;0;0;0;0;0;32;141;0;51;0;0;0;0;0;0;0;0;0;0;0;0;2;0
05246;2016-06;0;2;0;0;0;0;0;0;0;0;0;0;0;0;0;0;0;0;0;0;0;0;0;0;0;0;0;0;0;2;28;0;12;0;0;0;0;0;0;0;0;0;0;0;0;0;0
05247;2016-06;0;13;0;0;0;0;0;0;0;0;0;0;0;0;0;0;0;0;0;0;0;0;0;0;0;0;0;0;0;17;79;0;27;0;0;0;0;0;0;0;0;0;0;0;0;1;0
05249;2016-06;0;4;0;0;0;0;0;0;0;0;0;0;0;0;0;0;0;0;0;0;0;0;0;0;0;0;0;0;0;42;21;0;15;0;0;0;0;0;0;0;0;0;0;0;0;0;0
05251;2016-06;0;6;0;0;0;0;0;0;0;0;0;0;0;0;1;0;0;0;0;0;0;0;0;0;0;0;0;0;0;3;25;0;6;0;0;0;0;0;0;0;0;0;0;0;0;0;0
05252;2016-06;0;4;0;0;0;0;0;0;0;0;0;0;0;0;0;0;0;0;0;0;0;0;0;0;0;0;0;0;0;0;37;0;3;0;0;0;0;0;0;0;0;0;0;0;0;0;0
05253;2016-06;0;11;0;0;0;0;0;0;0;0;0;0;0;0;0;0;0;0;0;0;0;0;1;0;0;0;0;0;0;11;39;0;6;0;0;0;0;0;0;0;0;0;0;0;0;0;0
05254;2016-06;0;25;0;0;0;0;0;0;0;0;0;0;0;0;0;0;0;0;0;0;0;0;0;0;0;0;0;0;0;10;88;0;36;0;0;0;0;0;0;0;0;0;0;0;0;0;0
05256;2016-06;0;12;0;0;0;0;0;0;0;0;0;0;0;0;0;0;0;0;0;0;0;0;0;0;0;0;0;0;0;5;52;0;28;0;0;0;0;0;0;0;0;0;0;0;0;0;0
05257;2016-06;0;10;0;0;0;0;0;0;0;0;0;0;0;0;0;0;0;0;0;0;0;0;6;0;0;0;0;0;0;17;56;0;11;0;0;0;0;0;0;0;0;0;0;0;0;1;0
05258;2016-06;0;13;0;0;0;0;0;0;0;0;0;0;0;0;1;0;0;0;0;0;0;0;0;0;0;0;0;0;0;10;48;0;23;0;0;0;0;0;0;0;0;0;0;0;0;0;0
05259;2016-06;0;5;0;0;0;0;0;0;0;0;0;0;0;0;0;0;0;0;0;0;0;0;0;0;0;0;0;0;0;8;66;0;25;0;0;0;0;0;0;0;0;0;0;0;0;0;0
05260;2016-06;0;9;0;0;0;0;0;0;0;0;0;0;0;0;1;0;0;0;0;0;0;0;1;0;0;0;0;0;0;2;64;0;13;0;0;0;0;0;0;0;0;0;0;0;0;0;0
05261;2016-06;0;3;0;0;0;0;0;0;0;0;0;0;0;0;0;0;0;0;0;0;0;0;0;0;0;0;0;0;0;0;20;0;3;0;0;0;0;0;0;0;0;0;0;0;0;0;0
05262;2016-06;0;22;0;0;0;0;0;0;0;0;0;0;0;0;0;0;0;0;0;0;0;0;0;0;0;0;0;0;0;42;123;0;88;0;0;0;0;0;0;0;0;0;0;0;0;0;0
05263;2016-06;0;12;0;0;0;0;0;0;0;0;0;0;0;0;4;0;0;0;0;0;0;0;1;0;0;0;0;0;0;8;81;0;21;0;0;0;0;0;0;0;0;0;0;0;0;1;0
05264;2016-06;0;6;0;0;0;0;0;0;0;0;0;0;0;0;0;0;0;0;0;0;0;0;0;0;0;0;0;0;0;5;22;0;1;0;0;1;0;0;0;0;0;0;0;0;0;0;0
05265;2016-06;0;10;0;0;0;0;0;0;0;0;0;0;0;0;0;0;0;0;0;0;0;0;0;0;0;0;0;0;0;3;43;0;7;0;0;1;0;0;0;0;0;0;0;0;0;1;0
05266;2016-06;0;6;0;0;0;0;0;0;0;0;0;0;0;0;0;0;0;0;0;0;0;0;0;0;0;0;0;0;0;0;69;0;10;0;0;0;0;0;0;0;0;0;0;0;0;1;0
05267;2016-06;0;8;0;0;0;0;0;0;0;0;0;0;0;0;0;0;0;0;0;0;0;0;0;0;0;0;0;0;0;25;30;0;7;0;0;0;0;0;0;0;0;0;0;0;0;0;0
05901;2016-06;0;27;0;0;0;0;0;0;0;0;0;0;0;0;0;0;0;0;0;0;0;0;0;0;0;0;0;0;0;30;94;0;27;0;0;0;0;0;0;0;0;0;0;0;0;0;0
05902;2016-06;0;30;0;0;0;0;0;0;0;0;0;0;0;0;0;0;0;0;0;0;0;0;4;0;0;0;0;0;0;18;135;0;43;0;0;0;0;0;0;0;0;0;0;0;0;2;0
05903;2016-06;0;11;0;0;0;0;0;0;0;0;0;0;0;0;0;0;0;0;0;0;0;0;0;0;0;0;0;0;0;11;49;0;30;0;0;0;0;0;0;0;0;0;0;0;0;1;0
05904;2016-06;0;3;0;0;0;0;0;0;0;0;0;0;0;0;0;0;0;0;0;0;0;0;1;0;0;0;0;0;0;22;51;0;9;0;0;0;0;0;0;0;0;0;0;0;0;0;0
05905;2016-06;0;11;0;0;0;0;0;0;0;0;0;0;0;0;2;0;0;0;0;0;0;0;1;0;0;0;0;0;0;14;114;0;20;0;0;0;0;0;0;0;0;0;0;0;0;2;0
06001;2016-06;0;43;0;0;0;0;0;0;0;0;0;0;0;0;0;0;0;0;0;0;0;0;1;0;0;0;0;0;0;67;227;0;175;0;0;1;0;0;0;0;0;0;0;0;0;1;0
06002;2016-06;0;300;0;0;0;0;0;0;0;0;0;0;0;0;0;0;0;0;0;0;0;0;26;0;0;0;0;0;0;400;1071;0;928;0;0;3;0;0;0;0;0;0;0;0;0;6;6
06003;2016-06;0;68;0;0;0;0;0;0;0;0;0;0;0;0;0;0;0;0;0;0;0;0;2;0;0;0;0;0;0;63;206;0;272;0;0;4;0;0;0;0;0;0;0;0;0;0;0
06004;2016-06;0;70;0;0;0;0;0;0;0;0;0;0;0;0;0;0;0;0;0;0;0;0;4;0;0;0;0;0;0;94;426;0;606;0;0;1;0;0;0;0;0;0;0;0;0;1;3
06005;2016-06;0;72;0;0;0;0;0;0;0;0;0;0;0;0;0;0;0;0;0;0;0;0;10;0;0;0;0;0;0;112;318;0;661;0;0;1;0;0;0;0;0;0;0;0;0;3;0
06006;2016-06;0;290;0;0;0;0;0;0;0;0;0;0;0;0;0;0;0;0;0;0;0;0;14;0;0;0;0;0;0;491;904;0;1311;0;0;6;0;0;0;0;0;0;0;0;0;5;2
06007;2016-06;0;51;0;0;0;0;0;0;0;0;0;0;0;0;0;0;0;0;0;0;0;0;4;0;0;0;0;0;0;103;261;0;612;0;0;0;0;0;0;0;0;0;0;0;0;0;0
06008;2016-06;0;26;0;0;0;0;0;0;0;0;0;0;0;0;0;0;0;0;0;0;0;0;0;0;0;0;0;0;0;41;150;0;297;0;0;0;0;0;0;0;0;0;0;0;0;1;2
06009;2016-06;0;10;0;0;0;0;0;0;0;0;0;0;0;0;0;0;0;0;0;0;0;0;0;0;0;0;0;0;0;19;70;0;54;0;0;0;0;0;0;0;0;0;0;0;0;0;0
06010;2016-06;0;64;0;0;0;0;0;0;0;0;0;0;0;0;0;0;0;0;0;0;0;0;6;0;0;0;0;0;0;146;236;0;342;0;0;0;0;0;0;0;0;0;0;0;0;1;1
06011;2016-06;0;2285;0;0;0;0;0;0;0;0;0;0;0;0;0;0;0;0;0;0;0;0;140;0;0;0;0;0;0;1955;7761;0;4327;0;0;24;0;0;0;0;0;0;0;0;0;21;68
06012;2016-06;0;184;0;0;0;0;0;0;0;0;0;0;0;0;0;0;0;0;0;0;0;0;16;0;0;0;0;0;0;249;788;0;1018;0;0;2;0;0;0;0;0;0;0;0;0;3;2
06013;2016-06;0;8;0;0;0;0;0;0;0;0;0;0;0;0;0;0;0;0;0;0;0;0;0;0;0;0;0;0;0;34;32;0;131;0;0;0;0;0;0;0;0;0;0;0;0;1;0
06014;2016-06;0;521;0;0;0;0;0;0;0;0;0;0;0;0;0;0;0;0;0;0;0;0;13;0;0;0;0;0;0;421;2202;0;1227;0;0;3;0;0;0;0;0;0;0;0;0;3;5
06015;2016-06;0;11054;0;0;0;0;0;0;0;0;0;0;0;0;0;0;0;0;0;0;0;0;885;0;0;0;0;0;0;10479;35531;0;18160;0;0;180;0;0;0;0;0;0;0;0;0;174;159
06016;2016-06;0;148;0;0;0;0;0;0;0;0;0;0;0;0;0;0;0;0;0;0;0;0;8;0;0;0;0;0;0;166;722;0;1009;0;0;3;0;0;0;0;0;0;0;0;0;5;3
06017;2016-06;0;8;0;0;0;0;0;0;0;0;0;0;0;0;0;0;0;0;0;0;0;0;0;0;0;0;0;0;0;15;133;0;63;0;0;0;0;0;0;0;0;0;0;0;0;0;1
06018;2016-06;0;19;0;0;0;0;0;0;0;0;0;0;0;0;0;0;0;0;0;0;0;0;9;0;0;0;0;0;0;105;141;0;250;0;0;1;0;0;0;0;0;0;0;0;0;0;1
06019;2016-06;0;119;0;0;0;0;0;0;0;0;0;0;0;0;0;0;0;0;0;0;0;0;7;0;0;0;0;0;0;196;453;0;631;0;0;0;0;0;0;0;0;0;0;0;0;3;0
06020;2016-06;0;148;0;0;0;0;0;0;0;0;0;0;0;0;0;0;0;0;0;0;0;0;6;0;0;0;0;0;0;160;509;0;508;0;0;0;0;0;0;0;0;0;0;0;0;0;4
06021;2016-06;0;42;0;0;0;0;0;0;0;0;0;0;0;0;0;0;0;0;0;0;0;0;2;0;0;0;0;0;0;34;354;0;195;0;0;0;0;0;0;0;0;0;0;0;0;0;1
06022;2016-06;0;164;0;0;0;0;0;0;0;0;0;0;0;0;0;0;0;0;0;0;0;0;19;0;0;0;0;0;0;217;652;0;983;0;0;5;0;0;0;0;0;0;0;0;0;1;3
06023;2016-06;0;198;0;0;0;0;0;0;0;0;0;0;0;0;0;0;0;0;0;0;0;0;15;0;0;0;0;0;0;318;1018;0;1435;0;0;5;0;0;0;0;0;0;0;0;0;1;1
06024;2016-06;0;52;0;0;0;0;0;0;0;0;0;0;0;0;0;0;0;0;0;0;0;0;1;0;0;0;0;0;0;100;355;0;371;0;0;0;0;0;0;0;0;0;0;0;0;0;0
06025;2016-06;0;313;0;0;0;0;0;0;0;0;0;0;0;0;0;0;0;0;0;0;0;0;27;0;0;0;0;0;0;460;1172;0;1491;0;0;4;0;0;0;0;0;0;0;0;0;7;5
06026;2016-06;0;45;0;0;0;0;0;0;0;0;0;0;0;0;0;0;0;0;0;0;0;0;0;0;0;0;0;0;0;46;285;0;214;0;0;1;0;0;0;0;0;0;0;0;0;0;0
06027;2016-06;0;46;0;0;0;0;0;0;0;0;0;0;0;0;0;0;0;0;0;0;0;0;3;0;0;0;0;0;0;46;280;0;172;0;0;2;0;0;0;0;0;0;0;0;0;1;0
06028;2016-06;0;212;0;0;0;0;0;0;0;0;0;0;0;0;0;0;0;0;0;0;0;0;12;0;0;0;0;0;0;253;1475;0;1508;0;0;3;0;0;0;0;0;0;0;0;0;6;0
06029;2016-06;0;44;0;0;0;0;0;0;0;0;0;0;0;0;0;0;0;0;0;0;0;0;3;0;0;0;0;0;0;88;200;0;502;0;0;1;0;0;0;0;0;0;0;0;0;0;0
06030;2016-06;0;8;0;0;0;0;0;0;0;0;0;0;0;0;0;0;0;0;0;0;0;0;1;0;0;0;0;0;0;2;61;0;63;0;0;0;0;0;0;0;0;0;0;0;0;0;0
06031;2016-06;0;10;0;0;0;0;0;0;0;0;0;0;0;0;0;0;0;0;0;0;0;0;2;0;0;0;0;0;0;8;142;0;108;0;0;0;0;0;0;0;0;0;0;0;0;0;0
06032;2016-06;0;8;0;0;0;0;0;0;0;0;0;0;0;0;0;0;0;0;0;0;0;0;1;0;0;0;0;0;0;9;24;0;8;0;0;0;0;0;0;0;0;0;0;0;0;1;1
06033;2016-06;0;43;0;0;0;0;0;0;0;0;0;0;0;0;0;0;0;0;0;0;0;0;3;0;0;0;0;0;0;77;447;0;423;0;0;0;0;0;0;0;0;0;0;0;0;0;3
06034;2016-06;0;9;0;0;0;0;0;0;0;0;0;0;0;0;0;0;0;0;0;0;0;0;1;0;0;0;0;0;0;7;58;0;41;0;0;0;0;0;0;0;0;0;0;0;0;0;0
06035;2016-06;0;27;0;0;0;0;0;0;0;0;0;0;0;0;0;0;0;0;0;0;0;0;1;0;0;0;0;0;0;54;376;0;216;0;0;0;0;0;0;0;0;0;0;0;0;2;0
06036;2016-06;0;388;0;0;0;0;0;0;0;0;0;0;0;0;0;0;0;0;0;0;0;0;10;0;0;0;0;0;0;417;1274;0;1401;0;0;2;0;0;0;0;0;0;0;0;0;4;4
06037;2016-06;0;74;0;0;0;0;0;0;0;0;0;0;0;0;0;0;0;0;0;0;0;0;4;0;0;0;0;0;0;88;540;0;416;0;0;0;0;0;0;0;0;0;0;0;0;3;0
06038;2016-06;0;33;0;0;0;0;0;0;0;0;0;0;0;0;0;0;0;0;0;0;0;0;1;0;0;0;0;0;0;30;213;0;261;0;0;0;0;0;0;0;0;0;0;0;0;1;0
06039;2016-06;0;60;0;0;0;0;0;0;0;0;0;0;0;0;0;0;0;0;0;0;0;0;3;0;0;0;0;0;0;128;386;0;848;0;0;2;0;0;0;0;0;0;0;0;0;0;1
06040;2016-06;0;42;0;0;0;0;0;0;0;0;0;0;0;0;0;0;0;0;0;0;0;0;3;0;0;0;0;0;0;38;201;0;359;0;0;0;0;0;0;0;0;0;0;0;0;1;0
06041;2016-06;0;16;0;0;0;0;0;0;0;0;0;0;0;0;0;0;0;0;0;0;0;0;0;0;0;0;0;0;0;59;154;0;138;0;0;0;0;0;0;0;0;0;0;0;0;0;0
06042;2016-06;0;29;0;0;0;0;0;0;0;0;0;0;0;0;0;0;0;0;0;0;0;0;2;0;0;0;0;0;0;150;209;0;294;0;0;0;0;0;0;0;0;0;0;0;0;0;1
06043;2016-06;0;60;0;0;0;0;0;0;0;0;0;0;0;0;0;0;0;0;0;0;0;0;8;0;0;0;0;0;0;49;186;0;173;0;0;3;0;0;0;0;0;0;0;0;0;0;3
06044;2016-06;0;2311;0;0;0;0;0;0;0;0;0;0;0;0;0;0;0;0;0;0;0;0;134;0;0;0;0;0;0;2532;8078;0;6306;0;0;50;0;0;0;0;0;0;0;0;0;39;21
06045;2016-06;0;11;0;0;0;0;0;0;0;0;0;0;0;0;0;0;0;0;0;0;0;0;1;0;0;0;0;0;0;17;159;0;183;0;0;0;0;0;0;0;0;0;0;0;0;0;0
06046;2016-06;0;72;0;0;0;0;0;0;0;0;0;0;0;0;0;0;0;0;0;0;0;0;0;0;0;0;0;0;0;51;409;0;453;0;0;0;0;0;0;0;0;0;0;0;0;2;0
06047;2016-06;0;41;0;0;0;0;0;0;0;0;0;0;0;0;0;0;0;0;0;0;0;0;1;0;0;0;0;0;0;73;251;0;260;0;0;0;0;0;0;0;0;0;0;0;0;0;0
06048;2016-06;0;32;0;0;0;0;0;0;0;0;0;0;0;0;0;0;0;0;0;0;0;0;2;0;0;0;0;0;0;42;274;0;319;0;0;0;0;0;0;0;0;0;0;0;0;0;1
06049;2016-06;0;51;0;0;0;0;0;0;0;0;0;0;0;0;0;0;0;0;0;0;0;0;2;0;0;0;0;0;0;88;287;0;272;0;0;3;0;0;0;0;0;0;0;0;0;1;0
06050;2016-06;0;278;0;0;0;0;0;0;0;0;0;0;0;0;0;0;0;0;0;0;0;0;8;0;0;0;0;0;0;320;1471;0;968;0;0;2;0;0;0;0;0;0;0;0;0;2;1
06051;2016-06;0;45;0;0;0;0;0;0;0;0;0;0;0;0;0;0;0;0;0;0;0;0;1;0;0;0;0;0;0;61;506;0;556;0;0;1;0;0;0;0;0;0;0;0;0;0;1
06052;2016-06;0;264;0;0;0;0;0;0;0;0;0;0;0;0;0;0;0;0;0;0;0;0;11;0;0;0;0;0;0;264;1341;0;782;0;0;3;0;0;0;0;0;0;0;0;0;1;2
06053;2016-06;0;36;0;0;0;0;0;0;0;0;0;0;0;0;0;0;0;0;0;0;0;0;2;0;0;0;0;0;0;61;109;0;231;0;0;1;0;0;0;0;0;0;0;0;0;0;1
06054;2016-06;0;295;0;0;0;0;0;0;0;0;0;0;0;0;0;0;0;0;0;0;0;0;21;0;0;0;0;0;0;358;1732;0;1374;0;0;8;0;0;0;0;0;0;0;0;0;4;9
06055;2016-06;0;92;0;0;0;0;0;0;0;0;0;0;0;0;0;0;0;0;0;0;0;0;2;0;0;0;0;0;0;132;643;0;538;0;0;0;0;0;0;0;0;0;0;0;0;0;7
06056;2016-06;0;17;0;0;0;0;0;0;0;0;0;0;0;0;0;0;0;0;0;0;0;0;2;0;0;0;0;0;0;33;156;0;185;0;0;3;0;0;0;0;0;0;0;0;0;0;2
06057;2016-06;0;16;0;0;0;0;0;0;0;0;0;0;0;0;0;0;0;0;0;0;0;0;0;0;0;0;0;0;0;22;242;0;185;0;0;0;0;0;0;0;0;0;0;0;0;1;5
06058;2016-06;0;150;0;0;0;0;0;0;0;0;0;0;0;0;0;0;0;0;0;0;0;0;7;0;0;0;0;0;0;147;466;0;632;0;0;1;0;0;0;0;0;0;0;0;0;4;0
06059;2016-06;0;119;0;0;0;0;0;0;0;0;0;0;0;0;0;0;0;0;0;0;0;0;9;0;0;0;0;0;0;145;498;0;477;0;0;1;0;0;0;0;0;0;0;0;0;1;1
06060;2016-06;0;342;0;0;0;0;0;0;0;0;0;0;0;0;0;0;0;0;0;0;0;0;18;0;0;0;0;0;0;596;1448;0;1632;0;0;4;0;0;0;0;0;0;0;0;0;5;2
06061;2016-06;0;21;0;0;0;0;0;0;0;0;0;0;0;0;0;0;0;0;0;0;0;0;6;0;0;0;0;0;0;68;264;0;474;0;0;0;0;0;0;0;0;0;0;0;0;0;0
06062;2016-06;0;21;0;0;0;0;0;0;0;0;0;0;0;0;0;0;0;0;0;0;0;0;3;0;0;0;0;0;0;36;194;0;174;0;0;0;0;0;0;0;0;0;0;0;0;2;2
06063;2016-06;0;141;0;0;0;0;0;0;0;0;0;0;0;0;0;0;0;0;0;0;0;0;7;0;0;0;0;0;0;152;834;0;1090;0;0;0;0;0;0;0;0;0;0;0;0;1;5
06064;2016-06;0;27;0;0;0;0;0;0;0;0;0;0;0;0;0;0;0;0;0;0;0;0;3;0;0;0;0;0;0;162;129;0;333;0;0;0;0;0;0;0;0;0;0;0;0;0;0
06065;2016-06;0;8;0;0;0;0;0;0;0;0;0;0;0;0;0;0;0;0;0;0;0;0;1;0;0;0;0;0;0;18;111;0;89;0;0;0;0;0;0;0;0;0;0;0;0;0;0
06066;2016-06;0;55;0;0;0;0;0;0;0;0;0;0;0;0;0;0;0;0;0;0;0;0;2;0;0;0;0;0;0;77;385;0;661;0;0;0;0;0;0;0;0;0;0;0;0;0;0
06067;2016-06;0;104;0;0;0;0;0;0;0;0;0;0;0;0;0;0;0;0;0;0;0;0;8;0;0;0;0;0;0;74;563;0;527;0;0;2;0;0;0;0;0;0;0;0;0;3;3
06068;2016-06;0;18;0;0;0;0;0;0;0;0;0;0;0;0;0;0;0;0;0;0;0;0;2;0;0;0;0;0;0;26;121;0;171;0;0;0;0;0;0;0;0;0;0;0;0;1;1
06069;2016-06;0;173;0;0;0;0;0;0;0;0;0;0;0;0;0;0;0;0;0;0;0;0;10;0;0;0;0;0;0;167;694;0;970;0;0;2;0;0;0;0;0;0;0;0;0;1;4
06070;2016-06;0;670;0;0;0;0;0;0;0;0;0;0;0;0;0;0;0;0;0;0;0;0;30;0;0;0;0;0;0;634;1655;0;2263;0;0;9;0;0;0;0;0;0;0;0;0;9;8
06071;2016-06;0;4;0;0;0;0;0;0;0;0;0;0;0;0;0;0;0;0;0;0;0;0;4;0;0;0;0;0;0;6;78;0;108;0;0;0;0;0;0;0;0;0;0;0;0;0;0
06072;2016-06;0;157;0;0;0;0;0;0;0;0;0;0;0;0;0;0;0;0;0;0;0;0;11;0;0;0;0;0;0;152;704;0;641;0;0;2;0;0;0;0;0;0;0;0;0;0;2
06073;2016-06;0;19;0;0;0;0;0;0;0;0;0;0;0;0;0;0;0;0;0;0;0;0;4;0;0;0;0;0;0;155;121;0;177;0;0;0;0;0;0;0;0;0;0;0;0;0;0
06074;2016-06;0;387;0;0;0;0;0;0;0;0;0;0;0;0;0;0;0;0;0;0;0;0;35;0;0;0;0;0;0;543;1253;0;1197;0;0;7;0;0;0;0;0;0;0;0;0;8;1
06075;2016-06;0;20;0;0;0;0;0;0;0;0;0;0;0;0;0;0;0;0;0;0;0;0;1;0;0;0;0;0;0;27;90;0;233;0;0;0;0;0;0;0;0;0;0;0;0;1;0
06076;2016-06;0;22;0;0;0;0;0;0;0;0;0;0;0;0;0;0;0;0;0;0;0;0;4;0;0;0;0;0;0;148;220;0;211;0;0;0;0;0;0;0;0;0;0;0;0;0;0
06077;2016-06;0;15;0;0;0;0;0;0;0;0;0;0;0;0;0;0;0;0;0;0;0;0;0;0;0;0;0;0;0;52;58;0;122;0;0;2;0;0;0;0;0;0;0;0;0;0;0
06078;2016-06;0;8;0;0;0;0;0;0;0;0;0;0;0;0;0;0;0;0;0;0;0;0;1;0;0;0;0;0;0;30;256;0;108;0;0;0;0;0;0;0;0;0;0;0;0;0;0
06079;2016-06;0;19;0;0;0;0;0;0;0;0;0;0;0;0;0;0;0;0;0;0;0;0;0;0;0;0;0;0;0;20;177;0;222;0;0;0;0;0;0;0;0;0;0;0;0;0;0
06080;2016-06;0;100;0;0;0;0;0;0;0;0;0;0;0;0;0;0;0;0;0;0;0;0;11;0;0;0;0;0;0;138;499;0;630;0;0;1;0;0;0;0;0;0;0;0;0;2;2
06081;2016-06;0;68;0;0;0;0;0;0;0;0;0;0;0;0;0;0;0;0;0;0;0;0;1;0;0;0;0;0;0;119;202;0;393;0;0;0;0;0;0;0;0;0;0;0;0;2;0
06082;2016-06;0;28;0;0;0;0;0;0;0;0;0;0;0;0;0;0;0;0;0;0;0;0;1;0;0;0;0;0;0;32;93;0;129;0;0;0;0;0;0;0;0;0;0;0;0;0;1
06083;2016-06;0;4577;0;0;0;0;0;0;0;0;0;0;0;0;0;0;0;0;0;0;0;0;276;0;0;0;0;0;0;5054;10978;0;9392;0;0;63;0;0;0;0;0;0;0;0;0;101;64
06084;2016-06;0;64;0;0;0;0;0;0;0;0;0;0;0;0;0;0;0;0;0;0;0;0;4;0;0;0;0;0;0;54;382;0;304;0;0;0;0;0;0;0;0;0;0;0;0;2;0
06085;2016-06;0;344;0;0;0;0;0;0;0;0;0;0;0;0;0;0;0;0;0;0;0;0;15;0;0;0;0;0;0;404;596;0;1026;0;0;1;0;0;0;0;0;0;0;0;0;1;2
06086;2016-06;0;58;0;0;0;0;0;0;0;0;0;0;0;0;0;0;0;0;0;0;0;0;4;0;0;0;0;0;0;94;300;0;340;0;0;1;0;0;0;0;0;0;0;0;0;0;0
06087;2016-06;0;83;0;0;0;0;0;0;0;0;0;0;0;0;0;0;0;0;0;0;0;0;3;0;0;0;0;0;0;149;644;0;671;0;0;0;0;0;0;0;0;0;0;0;0;1;2
06088;2016-06;0;945;0;0;0;0;0;0;0;0;0;0;0;0;0;0;0;0;0;0;0;0;78;0;0;0;0;0;0;1242;3194;0;2734;0;0;23;0;0;0;0;0;0;0;0;0;19;8
06089;2016-06;0;30;0;0;0;0;0;0;0;0;0;0;0;0;0;0;0;0;0;0;0;0;1;0;0;0;0;0;0;40;179;0;209;0;0;0;0;0;0;0;0;0;0;0;0;1;0
06090;2016-06;0;33;0;0;0;0;0;0;0;0;0;0;0;0;0;0;0;0;0;0;0;0;6;0;0;0;0;0;0;75;228;0;253;0;0;0;0;0;0;0;0;0;0;0;0;2;2
06091;2016-06;0;156;0;0;0;0;0;0;0;0;0;0;0;0;0;0;0;0;0;0;0;0;10;0;0;0;0;0;0;225;1184;0;1060;0;0;0;0;0;0;0;0;0;0;0;0;4;4
06092;2016-06;0;44;0;0;0;0;0;0;0;0;0;0;0;0;0;0;0;0;0;0;0;0;1;0;0;0;0;0;0;24;150;0;182;0;0;1;0;0;0;0;0;0;0;0;0;0;0
06093;2016-06;0;222;0;0;0;0;0;0;0;0;0;0;0;0;0;0;0;0;0;0;0;0;12;0;0;0;0;0;0;208;1331;0;1400;0;0;5;0;0;0;0;0;0;0;0;0;6;5
06094;2016-06;0;45;0;0;0;0;0;0;0;0;0;0;0;0;0;0;0;0;0;0;0;0;2;0;0;0;0;0;0;47;279;0;551;0;0;0;0;0;0;0;0;0;0;0;0;0;0
06095;2016-06;0;557;0;0;0;0;0;0;0;0;0;0;0;0;0;0;0;0;0;0;0;0;55;0;0;0;0;0;0;1049;2025;0;2661;0;0;18;0;0;0;0;0;0;0;0;0;5;9
06096;2016-06;0;2;0;0;0;0;0;0;0;0;0;0;0;0;0;0;0;0;0;0;0;0;1;0;0;0;0;0;0;36;94;0;33;0;0;2;0;0;0;0;0;0;0;0;0;0;1
06097;2016-06;0;156;0;0;0;0;0;0;0;0;0;0;0;0;0;0;0;0;0;0;0;0;6;0;0;0;0;0;0;226;634;0;691;0;0;2;0;0;0;0;0;0;0;0;0;5;0
06098;2016-06;0;17;0;0;0;0;0;0;0;0;0;0;0;0;0;0;0;0;0;0;0;0;2;0;0;0;0;0;0;26;134;0;193;0;0;0;0;0;0;0;0;0;0;0;0;1;1
06099;2016-06;0;51;0;0;0;0;0;0;0;0;0;0;0;0;0;0;0;0;0;0;0;0;3;0;0;0;0;0;0;43;219;0;313;0;0;1;0;0;0;0;0;0;0;0;0;2;0
06100;2016-06;0;25;0;0;0;0;0;0;0;0;0;0;0;0;0;0;0;0;0;0;0;0;0;0;0;0;0;0;0;51;363;0;331;0;0;0;0;0;0;0;0;0;0;0;0;3;0
06101;2016-06;0;25;0;0;0;0;0;0;0;0;0;0;0;0;0;0;0;0;0;0;0;0;1;0;0;0;0;0;0;24;192;0;133;0;0;0;0;0;0;0;0;0;0;0;0;0;1
06102;2016-06;0;40;0;0;0;0;0;0;0;0;0;0;0;0;0;0;0;0;0;0;0;0;2;0;0;0;0;0;0;69;322;0;382;0;0;1;0;0;0;0;0;0;0;0;0;1;2
06103;2016-06;0;332;0;0;0;0;0;0;0;0;0;0;0;0;0;0;0;0;0;0;0;0;29;0;0;0;0;0;0;314;1220;0;1291;0;0;4;0;0;0;0;0;0;0;0;0;6;4
06104;2016-06;0;45;0;0;0;0;0;0;0;0;0;0;0;0;0;0;0;0;0;0;0;0;3;0;0;0;0;0;0;44;127;0;261;0;0;2;0;0;0;0;0;0;0;0;0;1;1
06105;2016-06;0;28;0;0;0;0;0;0;0;0;0;0;0;0;0;0;0;0;0;0;0;0;0;0;0;0;0;0;0;50;177;0;160;0;0;0;0;0;0;0;0;0;0;0;0;1;0
06106;2016-06;0;32;0;0;0;0;0;0;0;0;0;0;0;0;0;0;0;0;0;0;0;0;1;0;0;0;0;0;0;35;117;0;82;0;0;0;0;0;0;0;0;0;0;0;0;0;0
06107;2016-06;0;71;0;0;0;0;0;0;0;0;0;0;0;0;0;0;0;0;0;0;0;0;4;0;0;0;0;0;0;71;315;0;523;0;0;1;0;0;0;0;0;0;0;0;0;2;0
06108;2016-06;0;167;0;0;0;0;0;0;0;0;0;0;0;0;0;0;0;0;0;0;0;0;15;0;0;0;0;0;0;216;545;0;566;0;0;4;0;0;0;0;0;0;0;0;0;3;0
06109;2016-06;0;221;0;0;0;0;0;0;0;0;0;0;0;0;0;0;0;0;0;0;0;0;10;0;0;0;0;0;0;377;975;0;1397;0;0;2;0;0;0;0;0;0;0;0;0;3;3
06110;2016-06;0;4;0;0;0;0;0;0;0;0;0;0;0;0;0;0;0;0;0;0;0;0;1;0;0;0;0;0;0;5;48;0;48;0;0;1;0;0;0;0;0;0;0;0;0;0;0
06111;2016-06;0;22;0;0;0;0;0;0;0;0;0;0;0;0;0;0;0;0;0;0;0;0;0;0;0;0;0;0;0;46;90;0;178;0;0;0;0;0;0;0;0;0;0;0;0;0;0
06112;2016-06;0;14;0;0;0;0;0;0;0;0;0;0;0;0;0;0;0;0;0;0;0;0;1;0;0;0;0;0;0;36;129;0;139;0;0;0;0;0;0;0;0;0;0;0;0;0;0
06113;2016-06;0;205;0;0;0;0;0;0;0;0;0;0;0;0;0;0;0;0;0;0;0;0;14;0;0;0;0;0;0;344;710;0;683;0;0;2;0;0;0;0;0;0;0;0;0;3;3
06114;2016-06;0;0;0;0;0;0;0;0;0;0;0;0;0;0;0;0;0;0;0;0;0;0;0;0;0;0;0;0;0;10;32;0;70;0;0;0;0;0;0;0;0;0;0;0;0;0;0
06115;2016-06;0;65;0;0;0;0;0;0;0;0;0;0;0;0;0;0;0;0;0;0;0;0;6;0;0;0;0;0;0;95;333;0;327;0;0;1;0;0;0;0;0;0;0;0;0;0;0
06116;2016-06;0;72;0;0;0;0;0;0;0;0;0;0;0;0;0;0;0;0;0;0;0;0;4;0;0;0;0;0;0;100;473;0;501;0;0;0;0;0;0;0;0;0;0;0;0;0;0
06117;2016-06;0;103;0;0;0;0;0;0;0;0;0;0;0;0;0;0;0;0;0;0;0;0;4;0;0;0;0;0;0;42;448;0;335;0;0;1;0;0;0;0;0;0;0;0;0;1;0
06118;2016-06;0;5;0;0;0;0;0;0;0;0;0;0;0;0;0;0;0;0;0;0;0;0;0;0;0;0;0;0;0;8;46;0;84;0;0;0;0;0;0;0;0;0;0;0;0;0;0
06119;2016-06;0;33;0;0;0;0;0;0;0;0;0;0;0;0;0;0;0;0;0;0;0;0;3;0;0;0;0;0;0;30;203;0;226;0;0;0;0;0;0;0;0;0;0;0;0;0;0
06120;2016-06;0;193;0;0;0;0;0;0;0;0;0;0;0;0;0;0;0;0;0;0;0;0;16;0;0;0;0;0;0;252;903;0;1098;0;0;3;0;0;0;0;0;0;0;0;0;1;0
06121;2016-06;0;209;0;0;0;0;0;0;0;0;0;0;0;0;0;0;0;0;0;0;0;0;14;0;0;0;0;0;0;243;959;0;810;0;0;1;0;0;0;0;0;0;0;0;0;2;2
06122;2016-06;0;505;0;0;0;0;0;0;0;0;0;0;0;0;0;0;0;0;0;0;0;0;39;0;0;0;0;0;0;476;1677;0;1576;0;0;11;0;0;0;0;0;0;0;0;0;6;5
06123;2016-06;0;318;0;0;0;0;0;0;0;0;0;0;0;0;0;0;0;0;0;0;0;0;41;0;0;0;0;0;0;495;1006;0;1230;0;0;5;0;0;0;0;0;0;0;0;0;4;3
06124;2016-06;0;67;0;0;0;0;0;0;0;0;0;0;0;0;0;0;0;0;0;0;0;0;4;0;0;0;0;0;0;124;430;0;530;0;0;0;0;0;0;0;0;0;0;0;0;0;2
06125;2016-06;0;106;0;0;0;0;0;0;0;0;0;0;0;0;0;0;0;0;0;0;0;0;1;0;0;0;0;0;0;103;504;0;546;0;0;0;0;0;0;0;0;0;0;0;0;1;1
06126;2016-06;0;104;0;0;0;0;0;0;0;0;0;0;0;0;0;0;0;0;0;0;0;0;7;0;0;0;0;0;0;150;514;0;726;0;0;1;0;0;0;0;0;0;0;0;0;1;3
06127;2016-06;0;164;0;0;0;0;0;0;0;0;0;0;0;0;0;0;0;0;0;0;0;0;5;0;0;0;0;0;0;169;941;0;791;0;0;5;0;0;0;0;0;0;0;0;0;2;1
06128;2016-06;0;295;0;0;0;0;0;0;0;0;0;0;0;0;0;0;0;0;0;0;0;0;7;0;0;0;0;0;0;440;1123;0;1031;0;0;7;0;0;0;0;0;0;0;0;0;2;4
06129;2016-06;0;26;0;0;0;0;0;0;0;0;0;0;0;0;0;0;0;0;0;0;0;0;1;0;0;0;0;0;0;55;150;0;196;0;0;1;0;0;0;0;0;0;0;0;0;0;0
06130;2016-06;0;11;0;0;0;0;0;0;0;0;0;0;0;0;0;0;0;0;0;0;0;0;0;0;0;0;0;0;0;16;54;0;77;0;0;0;0;0;0;0;0;0;0;0;0;0;0
06131;2016-06;0;46;0;0;0;0;0;0;0;0;0;0;0;0;0;0;0;0;0;0;0;0;2;0;0;0;0;0;0;175;172;0;438;0;0;0;0;0;0;0;0;0;0;0;0;0;2
06132;2016-06;0;31;0;0;0;0;0;0;0;0;0;0;0;0;0;0;0;0;0;0;0;0;3;0;0;0;0;0;0;112;151;0;280;0;0;2;0;0;0;0;0;0;0;0;0;0;0
06133;2016-06;0;77;0;0;0;0;0;0;0;0;0;0;0;0;0;0;0;0;0;0;0;0;0;0;0;0;0;0;0;79;538;0;601;0;0;0;0;0;0;0;0;0;0;0;0;0;2
06134;2016-06;0;9;0;0;0;0;0;0;0;0;0;0;0;0;0;0;0;0;0;0;0;0;2;0;0;0;0;0;0;23;140;0;153;0;0;1;0;0;0;0;0;0;0;0;0;3;0
06135;2016-06;0;83;0;0;0;0;0;0;0;0;0;0;0;0;0;0;0;0;0;0;0;0;2;0;0;0;0;0;0;61;421;0;259;0;0;0;0;0;0;0;0;0;0;0;0;2;0
06136;2016-06;0;78;0;0;0;0;0;0;0;0;0;0;0;0;0;0;0;0;0;0;0;0;6;0;0;0;0;0;0;132;360;0;508;0;0;4;0;0;0;0;0;0;0;0;0;0;3
06137;2016-06;0;47;0;0;0;0;0;0;0;0;0;0;0;0;0;0;0;0;0;0;0;0;1;0;0;0;0;0;0;68;262;0;353;0;0;1;0;0;0;0;0;0;0;0;0;3;1
06138;2016-06;0;49;0;0;0;0;0;0;0;0;0;0;0;0;0;0;0;0;0;0;0;0;4;0;0;0;0;0;0;89;192;0;375;0;0;1;0;0;0;0;0;0;0;0;0;0;0
06139;2016-06;0;17;0;0;0;0;0;0;0;0;0;0;0;0;0;0;0;0;0;0;0;0;0;0;0;0;0;0;0;72;133;0;196;0;0;0;0;0;0;0;0;0;0;0;0;0;0
06140;2016-06;0;19;0;0;0;0;0;0;0;0;0;0;0;0;0;0;0;0;0;0;0;0;1;0;0;0;0;0;0;14;320;0;142;0;0;0;0;0;0;0;0;0;0;0;0;0;0
06141;2016-06;0;61;0;0;0;0;0;0;0;0;0;0;0;0;0;0;0;0;0;0;0;0;1;0;0;0;0;0;0;90;483;0;543;0;0;1;0;0;0;0;0;0;0;0;0;2;0
06142;2016-06;0;17;0;0;0;0;0;0;0;0;0;0;0;0;0;0;0;0;0;0;0;0;2;0;0;0;0;0;0;19;43;0;114;0;0;0;0;0;0;0;0;0;0;0;0;0;0
06143;2016-06;0;133;0;0;0;0;0;0;0;0;0;0;0;0;0;0;0;0;0;0;0;0;11;0;0;0;0;0;0;301;672;0;1186;0;0;2;0;0;0;0;0;0;0;0;0;1;3
06144;2016-06;0;20;0;0;0;0;0;0;0;0;0;0;0;0;0;0;0;0;0;0;0;0;3;0;0;0;0;0;0;68;124;0;209;0;0;0;0;0;0;0;0;0;0;0;0;1;0
06145;2016-06;0;34;0;0;0;0;0;0;0;0;0;0;0;0;0;0;0;0;0;0;0;0;0;0;0;0;0;0;0;46;283;0;325;0;0;0;0;0;0;0;0;0;0;0;0;0;1
06146;2016-06;0;33;0;0;0;0;0;0;0;0;0;0;0;0;0;0;0;0;0;0;0;0;0;0;0;0;0;0;0;120;221;0;455;0;0;0;0;0;0;0;0;0;0;0;0;0;0
06147;2016-06;0;9;0;0;0;0;0;0;0;0;0;0;0;0;0;0;0;0;0;0;0;0;0;0;0;0;0;0;0;66;43;0;148;0;0;1;0;0;0;0;0;0;0;0;0;0;1
06148;2016-06;0;41;0;0;0;0;0;0;0;0;0;0;0;0;0;0;0;0;0;0;0;0;5;0;0;0;0;0;0;121;180;0;322;0;0;0;0;0;0;0;0;0;0;0;0;0;1
06149;2016-06;0;764;0;0;0;0;0;0;0;0;0;0;0;0;0;0;0;0;0;0;0;0;66;0;0;0;0;0;0;878;2927;0;2805;0;0;10;0;0;0;0;0;0;0;0;0;14;16
06150;2016-06;0;65;0;0;0;0;0;0;0;0;0;0;0;0;0;0;0;0;0;0;0;0;1;0;0;0;0;0;0;107;168;0;251;0;0;0;0;0;0;0;0;0;0;0;0;0;0
06151;2016-06;0;73;0;0;0;0;0;0;0;0;0;0;0;0;0;0;0;0;0;0;0;0;2;0;0;0;0;0;0;91;217;0;377;0;0;0;0;0;0;0;0;0;0;0;0;3;0
06152;2016-06;0;89;0;0;0;0;0;0;0;0;0;0;0;0;0;0;0;0;0;0;0;0;7;0;0;0;0;0;0;130;326;0;375;0;0;0;0;0;0;0;0;0;0;0;0;1;0
06153;2016-06;0;1553;0;0;0;0;0;0;0;0;0;0;0;0;0;0;0;0;0;0;0;0;134;0;0;0;0;0;0;1720;5529;0;5076;0;0;14;0;0;0;0;0;0;0;0;0;16;18
06154;2016-06;0;153;0;0;0;0;0;0;0;0;0;0;0;0;0;0;0;0;0;0;0;0;10;0;0;0;0;0;0;157;782;0;765;0;0;0;0;0;0;0;0;0;0;0;0;2;2
06155;2016-06;0;140;0;0;0;0;0;0;0;0;0;0;0;0;0;0;0;0;0;0;0;0;7;0;0;0;0;0;0;156;391;0;485;0;0;5;0;0;0;0;0;0;0;0;0;2;0
06156;2016-06;0;68;0;0;0;0;0;0;0;0;0;0;0;0;0;0;0;0;0;0;0;0;2;0;0;0;0;0;0;88;342;0;356;0;0;0;0;0;0;0;0;0;0;0;0;1;0
06157;2016-06;0;9;0;0;0;0;0;0;0;0;0;0;0;0;0;0;0;0;0;0;0;0;0;0;0;0;0;0;0;16;158;0;132;0;0;0;0;0;0;0;0;0;0;0;0;0;0
06158;2016-06;0;1167;0;0;0;0;0;0;0;0;0;0;0;0;0;0;0;0;0;0;0;0;77;0;0;0;0;0;0;1630;3442;0;3050;0;0;28;0;0;0;0;0;0;0;0;0;31;15
06159;2016-06;0;119;0;0;0;0;0;0;0;0;0;0;0;0;0;0;0;0;0;0;0;0;7;0;0;0;0;0;0;171;359;0;640;0;0;2;0;0;0;0;0;0;0;0;0;3;1
06160;2016-06;0;126;0;0;0;0;0;0;0;0;0;0;0;0;0;0;0;0;0;0;0;0;4;0;0;0;0;0;0;202;843;0;907;0;0;2;0;0;0;0;0;0;0;0;0;2;44
06161;2016-06;0;11;0;0;0;0;0;0;0;0;0;0;0;0;0;0;0;0;0;0;0;0;1;0;0;0;0;0;0;14;93;0;114;0;0;0;0;0;0;0;0;0;0;0;0;1;0
06162;2016-06;0;219;0;0;0;0;0;0;0;0;0;0;0;0;0;0;0;0;0;0;0;0;5;0;0;0;0;0;0;169;891;0;855;0;0;2;0;0;0;0;0;0;0;0;0;4;3
06901;2016-06;0;147;0;0;0;0;0;0;0;0;0;0;0;0;0;0;0;0;0;0;0;0;17;0;0;0;0;0;0;171;602;0;580;0;0;4;0;0;0;0;0;0;0;0;0;0;2
06902;2016-06;0;102;0;0;0;0;0;0;0;0;0;0;0;0;0;0;0;0;0;0;0;0;8;0;0;0;0;0;0;124;414;0;447;0;0;2;0;0;0;0;0;0;0;0;0;3;0
06903;2016-06;0;121;0;0;0;0;0;0;0;0;0;0;0;0;0;0;0;0;0;0;0;0;13;0;0;0;0;0;0;173;511;0;528;0;0;1;0;0;0;0;0;0;0;0;0;1;0
07001;2016-06;0;306;0;0;0;0;0;0;0;0;0;0;0;0;0;0;0;0;0;0;0;0;18;0;0;2;0;0;0;636;841;0;628;0;0;4;0;0;39;0;0;0;0;0;0;2;0
07002;2016-06;0;529;0;0;0;0;0;0;0;0;0;0;0;0;0;0;0;0;0;0;0;0;60;0;0;3;0;0;0;1223;1525;0;832;0;0;8;0;0;29;0;0;0;0;0;0;7;0
07003;2016-06;0;872;0;0;0;0;0;0;0;0;0;0;0;0;0;0;0;0;0;0;0;0;111;0;0;11;0;0;0;1592;2375;0;1321;0;0;28;0;0;168;0;0;0;0;0;0;8;0
07004;2016-06;0;306;0;0;0;0;0;0;0;0;0;0;0;0;0;0;0;0;0;0;0;0;16;0;0;6;0;0;0;676;871;0;566;0;0;5;0;0;64;0;0;0;0;0;0;7;0
07005;2016-06;0;593;0;0;0;0;0;0;0;0;0;0;0;0;0;0;0;0;0;0;0;0;64;0;0;6;0;0;0;1025;1361;0;964;0;0;13;0;0;34;0;0;0;0;0;0;5;0
07006;2016-06;0;313;0;0;0;0;0;0;0;0;0;0;0;0;0;0;0;0;0;0;0;0;33;0;0;4;0;0;0;1144;857;0;802;0;0;11;0;0;109;0;0;0;0;0;0;4;0
07007;2016-06;0;41;0;0;0;0;0;0;0;0;0;0;0;0;0;0;0;0;0;0;0;0;5;0;0;0;0;0;0;91;101;0;40;0;0;3;0;0;9;0;0;0;0;0;0;1;0
07008;2016-06;0;505;0;0;0;0;0;0;0;0;0;0;0;0;0;0;0;0;0;0;0;0;45;0;0;12;0;0;0;1097;1357;0;750;0;0;11;0;0;107;0;0;0;0;0;0;3;0
07009;2016-06;0;49;0;0;0;0;0;0;0;0;0;0;0;0;0;0;0;0;0;0;0;0;7;0;0;0;0;0;0;112;202;0;106;0;0;1;0;0;19;0;0;0;0;0;0;2;0
07010;2016-06;0;458;0;0;0;0;0;0;0;0;0;0;0;0;0;0;0;0;0;0;0;0;58;0;0;10;0;0;0;1019;1193;0;509;0;0;6;0;0;69;0;0;0;0;0;0;7;0
07011;2016-06;0;2741;0;0;0;0;0;0;0;0;0;0;0;0;0;0;0;0;0;0;0;0;271;0;0;19;0;0;0;3670;6343;0;4365;0;0;40;0;0;103;0;0;0;0;0;0;29;0
07012;2016-06;0;101;0;0;0;0;0;0;0;0;0;0;0;0;0;0;0;0;0;0;0;0;12;0;0;1;0;0;0;477;438;0;270;0;0;4;0;0;36;0;0;0;0;0;0;1;0
07013;2016-06;0;548;0;0;0;0;0;0;0;0;0;0;0;0;0;0;0;0;0;0;0;0;64;0;0;8;0;0;0;778;2362;0;604;0;0;7;0;0;169;0;0;0;0;0;0;8;0
07014;2016-06;0;468;0;0;0;0;0;0;0;0;0;0;0;0;0;0;0;0;0;0;0;0;52;0;0;4;0;0;0;1174;1072;0;1237;0;0;10;0;0;47;0;0;0;0;0;0;7;0
07015;2016-06;0;1912;0;0;0;0;0;0;0;0;0;0;0;0;0;0;0;0;0;0;0;0;180;0;0;10;0;0;0;3853;4148;0;1944;0;0;45;0;0;141;0;0;0;0;0;0;16;0
07016;2016-06;0;271;0;0;0;0;0;0;0;0;0;0;0;0;0;0;0;0;0;0;0;0;27;0;0;1;0;0;0;437;578;0;462;0;0;3;0;0;33;0;0;0;0;0;0;1;0
07017;2016-06;0;73;0;0;0;0;0;0;0;0;0;0;0;0;0;0;0;0;0;0;0;0;3;0;0;0;0;0;0;149;230;0;83;0;0;4;0;0;21;0;0;0;0;0;0;1;0
07018;2016-06;0;30;0;0;0;0;0;0;0;0;0;0;0;0;0;0;0;0;0;0;0;0;3;0;0;0;0;0;0;107;78;0;47;0;0;0;0;0;3;0;0;0;0;0;0;0;0
07019;2016-06;0;8;0;0;0;0;0;0;0;0;0;0;0;0;0;0;0;0;0;0;0;0;0;0;0;0;0;0;0;20;85;0;8;0;0;1;0;0;5;0;0;0;0;0;0;0;0
07020;2016-06;0;319;0;0;0;0;0;0;0;0;0;0;0;0;0;0;0;0;0;0;0;0;28;0;0;5;0;0;0;882;751;0;414;0;0;12;0;0;46;0;0;0;0;0;0;2;0
07021;2016-06;0;23;0;0;0;0;0;0;0;0;0;0;0;0;0;0;0;0;0;0;0;0;2;0;0;0;0;0;0;44;74;0;26;0;0;1;0;0;2;0;0;0;0;0;0;0;0
07022;2016-06;0;815;0;0;0;0;0;0;0;0;0;0;0;0;0;0;0;0;0;0;0;0;90;0;0;15;0;0;0;1499;2872;0;1535;0;0;24;0;0;353;0;0;0;0;0;0;15;0
07023;2016-06;0;361;0;0;0;0;0;0;0;0;0;0;0;0;0;0;0;0;0;0;0;0;43;0;0;3;0;0;0;737;703;0;508;0;0;8;0;0;52;0;0;0;0;0;0;6;0
07024;2016-06;0;418;0;0;0;0;0;0;0;0;0;0;0;0;0;0;0;0;0;0;0;0;58;0;0;2;0;0;0;1090;1158;0;773;0;0;20;0;0;52;0;0;0;0;0;0;3;0
07025;2016-06;0;52;0;0;0;0;0;0;0;0;0;0;0;0;0;0;0;0;0;0;0;0;2;0;0;0;0;0;0;78;168;0;42;0;0;3;0;0;5;0;0;0;0;0;0;0;0
07026;2016-06;0;2805;0;0;0;0;0;0;0;0;0;0;0;0;0;0;0;0;0;0;0;0;330;0;0;34;0;0;0;4440;5843;0;4326;0;0;55;0;0;97;0;0;0;0;0;0;37;0
07027;2016-06;0;1821;0;0;0;0;0;0;0;0;0;0;0;0;0;0;0;0;0;0;0;0;212;0;0;29;0;0;0;2766;4707;0;2983;0;0;32;0;0;314;0;0;0;0;0;0;23;0
07028;2016-06;0;60;0;0;0;0;0;0;0;0;0;0;0;0;0;0;0;0;0;0;0;0;9;0;0;1;0;0;0;170;214;0;97;0;0;2;0;0;35;0;0;0;0;0;0;0;0
07029;2016-06;0;297;0;0;0;0;0;0;0;0;0;0;0;0;0;0;0;0;0;0;0;0;36;0;0;3;0;0;0;709;966;0;813;0;0;2;0;0;49;0;0;0;0;0;0;1;0
07030;2016-06;0;77;0;0;0;0;0;0;0;0;0;0;0;0;0;0;0;0;0;0;0;0;18;0;0;0;0;0;0;284;444;0;144;0;0;3;0;0;115;0;0;0;0;0;0;3;0
07031;2016-06;0;2311;0;0;0;0;0;0;0;0;0;0;0;0;0;0;0;0;0;0;0;0;243;0;0;21;0;0;0;3255;5362;0;3101;0;0;61;0;0;197;0;0;0;0;0;0;32;0
07032;2016-06;0;1898;0;0;0;0;0;0;0;0;0;0;0;0;0;0;0;0;0;0;0;0;168;0;0;26;0;0;0;3590;4029;0;2747;0;0;24;0;0;101;0;0;0;0;0;0;17;0
07033;2016-06;0;1941;0;0;0;0;0;0;0;0;0;0;0;0;0;0;0;0;0;0;0;0;217;0;0;20;0;0;0;4087;5436;0;2756;0;0;56;0;0;623;0;0;0;0;0;0;27;0
07034;2016-06;0;75;0;0;0;0;0;0;0;0;0;0;0;0;0;0;0;0;0;0;0;0;7;0;0;1;0;0;0;212;277;0;139;0;0;3;0;0;13;0;0;0;0;0;0;0;0
07035;2016-06;0;43;0;0;0;0;0;0;0;0;0;0;0;0;0;0;0;0;0;0;0;0;1;0;0;4;0;0;0;256;434;0;243;0;0;4;0;0;61;0;0;0;0;0;0;1;0
07036;2016-06;0;3529;0;0;0;0;0;0;0;0;0;0;0;0;0;0;0;0;0;0;0;0;322;0;0;34;0;0;0;4383;6413;0;3313;0;0;75;0;0;171;0;0;0;0;0;0;45;0
07037;2016-06;0;247;0;0;0;0;0;0;0;0;0;0;0;0;0;0;0;0;0;0;0;0;17;0;0;0;0;0;0;591;610;0;394;0;0;9;0;0;22;0;0;0;0;0;0;1;0
07038;2016-06;0;98;0;0;0;0;0;0;0;0;0;0;0;0;0;0;0;0;0;0;0;0;5;0;0;0;0;0;0;466;552;0;233;0;0;1;0;0;36;0;0;0;0;0;0;3;0
07039;2016-06;0;365;0;0;0;0;0;0;0;0;0;0;0;0;0;0;0;0;0;0;0;0;18;0;0;4;0;0;0;552;1501;0;489;0;0;9;0;0;85;0;0;0;0;0;0;6;0
07040;2016-06;0;28277;0;0;0;0;0;0;0;0;0;0;0;0;0;0;0;0;0;0;0;0;2964;0;0;382;0;0;0;44359;58394;0;33911;0;0;696;0;0;1531;0;0;0;0;0;0;590;0
07041;2016-06;0;99;0;0;0;0;0;0;0;0;0;0;0;0;0;0;0;0;0;0;0;0;10;0;0;0;0;0;0;362;630;0;218;0;0;4;0;0;115;0;0;0;0;0;0;0;0
07042;2016-06;0;719;0;0;0;0;0;0;0;0;0;0;0;0;0;0;0;0;0;0;0;0;179;0;0;11;0;0;0;1914;2037;0;1385;0;0;24;0;0;265;0;0;0;0;0;0;15;0
07043;2016-06;0;196;0;0;0;0;0;0;0;0;0;0;0;0;0;0;0;0;0;0;0;0;25;0;0;3;0;0;0;491;1014;0;383;0;0;7;0;0;104;0;0;0;0;0;0;3;0
07044;2016-06;0;531;0;0;0;0;0;0;0;0;0;0;0;0;0;0;0;0;0;0;0;0;61;0;0;6;0;0;0;1158;2544;0;908;0;0;13;0;0;269;0;0;0;0;0;0;5;0
07045;2016-06;0;120;0;0;0;0;0;0;0;0;0;0;0;0;0;0;0;0;0;0;0;0;13;0;0;1;0;0;0;291;259;0;221;0;0;5;0;0;21;0;0;0;0;0;0;0;0
07046;2016-06;0;1199;0;0;0;0;0;0;0;0;0;0;0;0;0;0;0;0;0;0;0;0;137;0;0;18;0;0;0;2059;3087;0;2270;0;0;22;0;0;46;0;0;0;0;0;0;119;0
07047;2016-06;0;190;0;0;0;0;0;0;0;0;0;0;0;0;0;0;0;0;0;0;0;0;18;0;0;3;0;0;0;433;488;0;284;0;0;2;0;0;45;0;0;0;0;0;0;1;0
07048;2016-06;0;1470;0;0;0;0;0;0;0;0;0;0;0;0;0;0;0;0;0;0;0;0;157;0;0;15;0;0;0;2810;3140;0;2134;0;0;35;0;0;96;0;0;0;0;0;0;22;0
07049;2016-06;0;69;0;0;0;0;0;0;0;0;0;0;0;0;0;0;0;0;0;0;0;0;15;0;0;1;0;0;0;268;414;0;144;0;0;5;0;0;59;0;0;0;0;0;0;4;0
07050;2016-06;0;216;0;0;0;0;0;0;0;0;0;0;0;0;0;0;0;0;0;0;0;0;21;0;0;2;0;0;0;394;1212;0;239;0;0;9;0;0;22;0;0;0;0;0;0;5;0
07051;2016-06;0;362;0;0;0;0;0;0;0;0;0;0;0;0;0;0;0;0;0;0;0;0;52;0;0;8;0;0;0;742;1230;0;579;0;0;18;0;0;100;0;0;0;0;0;0;4;0
07052;2016-06;0;415;0;0;0;0;0;0;0;0;0;0;0;0;0;0;0;0;0;0;0;0;55;0;0;2;0;0;0;926;904;0;516;0;0;12;0;0;22;0;0;0;0;0;0;5;0
07053;2016-06;0;112;0;0;0;0;0;0;0;0;0;0;0;0;0;0;0;0;0;0;0;0;15;0;0;1;0;0;0;246;359;0;146;0;0;2;0;0;20;0;0;0;0;0;0;1;0
07054;2016-06;0;1791;0;0;0;0;0;0;0;0;0;0;0;0;0;0;0;0;0;0;0;0;205;0;0;14;0;0;0;3126;4950;0;2383;0;0;41;0;0;70;0;0;0;0;0;0;29;0
07055;2016-06;0;493;0;0;0;0;0;0;0;0;0;0;0;0;0;0;0;0;0;0;0;0;48;0;0;5;0;0;0;846;2041;0;872;0;0;17;0;0;184;0;0;0;0;0;0;5;0
07056;2016-06;0;432;0;0;0;0;0;0;0;0;0;0;0;0;0;0;0;0;0;0;0;0;59;0;0;4;0;0;0;1053;1124;0;580;0;0;16;0;0;68;0;0;0;0;0;0;7;0
07057;2016-06;0;540;0;0;0;0;0;0;0;0;0;0;0;0;0;0;0;0;0;0;0;0;58;0;0;10;0;0;0;856;2067;0;918;0;0;17;0;0;139;0;0;0;0;0;0;7;0
07058;2016-06;0;254;0;0;0;0;0;0;0;0;0;0;0;0;0;0;0;0;0;0;0;0;33;0;0;2;0;0;0;490;768;0;406;0;0;8;0;0;54;0;0;0;0;0;0;6;0
07059;2016-06;0;233;0;0;0;0;0;0;0;0;0;0;0;0;0;0;0;0;0;0;0;0;30;0;0;2;0;0;0;344;884;0;433;0;0;7;0;0;61;0;0;0;0;0;0;2;0
07060;2016-06;0;135;0;0;0;0;0;0;0;0;0;0;0;0;0;0;0;0;0;0;0;0;21;0;0;2;0;0;0;432;619;0;270;0;0;5;0;0;147;0;0;0;0;0;0;6;0
07061;2016-06;0;723;0;0;0;0;0;0;0;0;0;0;0;0;0;0;0;0;0;0;0;0;69;0;0;28;0;0;0;1740;2360;0;1128;0;0;28;0;0;140;0;0;0;0;0;0;11;0
07062;2016-06;0;531;0;0;0;0;0;0;0;0;0;0;0;0;0;0;0;0;0;0;0;0;55;0;0;3;0;0;0;1002;1365;0;1135;0;0;10;0;0;59;0;0;0;0;0;0;7;0
07063;2016-06;0;136;0;0;0;0;0;0;0;0;0;0;0;0;0;0;0;0;0;0;0;0;10;0;0;3;0;0;0;261;453;0;146;0;0;7;0;0;10;0;0;0;0;0;0;1;0
07064;2016-06;0;510;0;0;0;0;0;0;0;0;0;0;0;0;0;0;0;0;0;0;0;0;57;0;0;5;0;0;0;1159;928;0;695;0;0;12;0;0;31;0;0;0;0;0;0;6;0
07065;2016-06;0;93;0;0;0;0;0;0;0;0;0;0;0;0;0;0;0;0;0;0;0;0;15;0;0;7;0;0;0;446;544;0;154;0;0;3;0;0;57;0;0;0;0;0;0;0;0
07901;2016-06;0;38;0;0;0;0;0;0;0;0;0;0;0;0;0;0;0;0;0;0;0;0;5;0;0;1;0;0;0;66;242;0;65;0;0;0;0;0;35;0;0;0;0;0;0;0;0
07902;2016-06;0;49;0;0;0;0;0;0;0;0;0;0;0;0;0;0;0;0;0;0;0;0;5;0;0;0;0;0;0;167;273;0;144;0;0;2;0;0;9;0;0;0;0;0;0;0;0
08001;2016-06;0;899;0;0;0;0;0;0;0;0;2142;0;583;0;0;0;0;0;0;0;0;0;128;0;2;0;0;0;0;0;865;0;1293;0;0;32;0;0;0;0;279;0;0;0;0;0;0
08002;2016-06;0;2;0;0;0;0;0;0;0;0;13;0;50;0;0;0;0;0;0;0;0;0;0;0;0;0;0;0;0;0;8;0;1;0;0;1;0;0;0;0;49;0;0;0;0;0;0
08003;2016-06;0;609;0;0;0;0;0;0;0;0;779;0;1158;0;0;0;0;0;0;0;0;0;97;0;2;0;0;0;0;0;694;0;374;0;0;11;0;0;0;0;1040;0;0;0;0;0;0
08004;2016-06;0;3;0;0;0;0;0;0;0;0;21;0;54;0;0;0;0;0;0;0;0;0;1;0;0;0;0;0;0;0;0;0;7;0;0;0;0;0;0;0;76;0;0;0;0;0;0
08005;2016-06;0;429;0;0;0;0;0;0;0;0;818;0;1047;0;0;0;0;0;0;0;0;0;56;0;3;0;0;0;0;0;461;0;298;0;0;9;0;0;0;0;1024;0;0;0;0;0;0
08006;2016-06;0;524;0;0;0;0;0;0;0;0;1418;0;1856;0;0;0;0;0;0;0;0;0;135;0;4;0;0;0;0;0;835;0;777;0;0;10;0;0;0;0;1513;0;0;0;0;0;0
08007;2016-06;0;304;0;0;0;0;0;0;0;0;777;0;1380;0;0;0;0;0;0;0;0;0;101;0;6;0;0;0;0;0;327;0;372;0;0;7;0;0;0;0;943;0;0;0;0;0;0
08008;2016-06;0;3;0;0;0;0;0;0;0;0;11;0;53;0;0;0;0;0;0;0;0;0;3;0;0;0;0;0;0;0;9;0;4;0;0;0;0;0;0;0;22;0;0;0;0;0;0
08009;2016-06;0;652;0;0;0;0;0;0;0;0;1274;0;1463;0;0;0;0;0;0;0;0;0;113;0;9;0;0;0;0;0;783;0;671;0;0;14;0;0;0;0;1163;0;0;0;0;0;0
08010;2016-06;0;199;0;0;0;0;0;0;0;0;441;0;806;0;0;0;0;0;0;0;0;0;42;0;5;0;0;0;0;0;193;0;261;0;0;2;0;0;0;0;637;0;0;0;0;0;0
08011;2016-06;0;28;0;0;0;0;0;0;0;0;115;0;497;0;0;0;0;0;0;0;0;0;13;0;0;0;0;0;0;0;51;0;29;0;0;1;0;0;0;0;332;0;0;0;0;0;0
08012;2016-06;0;30;0;0;0;0;0;0;0;0;105;0;379;0;0;0;0;0;0;0;0;0;11;0;2;0;0;0;0;0;63;0;78;0;0;1;0;0;0;0;375;0;0;0;0;0;0
08013;2016-06;0;59;0;0;0;0;0;0;0;0;150;0;199;0;0;0;0;0;0;0;0;0;4;0;5;0;0;0;0;0;64;0;63;0;0;3;0;0;0;0;237;0;0;0;0;0;0
08014;2016-06;0;52;0;0;0;0;0;0;0;0;243;0;409;0;0;0;0;0;0;0;0;0;34;0;1;0;0;0;0;0;117;0;130;0;0;3;0;0;0;0;355;0;0;0;0;0;0
08015;2016-06;0;12395;0;0;0;0;0;0;0;0;28405;0;11361;0;0;0;0;0;0;0;0;0;1988;0;126;0;0;0;0;0;16445;0;20303;0;0;479;0;0;0;0;6413;0;0;0;0;0;0
08016;2016-06;0;63;0;0;0;0;0;0;0;0;211;0;311;0;0;0;0;0;0;0;0;0;12;0;1;0;0;0;0;0;83;0;141;0;0;0;0;0;0;0;288;0;0;0;0;0;0
08017;2016-06;0;129;0;0;0;0;0;0;0;0;306;0;521;0;0;0;0;0;0;0;0;0;22;0;0;0;0;0;0;0;117;0;232;0;0;1;0;0;0;0;351;0;0;0;0;0;0
08018;2016-06;0;114;0;0;0;0;0;0;0;0;424;0;383;0;0;0;0;0;0;0;0;0;19;0;2;0;0;0;0;0;109;0;266;0;0;4;0;0;0;0;331;0;0;0;0;0;0
08019;2016-06;0;86642;0;0;0;0;0;0;0;0;196341;0;132722;0;0;0;0;0;0;0;0;0;12579;0;808;0;0;0;0;0;116255;0;107621;0;0;2235;0;0;0;0;103028;0;0;0;0;0;0
08020;2016-06;0;443;0;0;0;0;0;0;0;0;829;0;798;0;0;0;0;0;0;0;0;0;79;0;3;0;0;0;0;0;360;0;343;0;0;7;0;0;0;0;607;0;0;0;0;0;0
08021;2016-06;0;1;0;0;0;0;0;0;0;0;11;0;9;0;0;0;0;0;0;0;0;0;1;0;0;0;0;0;0;0;5;0;5;0;0;0;0;0;0;0;14;0;0;0;0;0;0
08022;2016-06;0;255;0;0;0;0;0;0;0;0;1091;0;2370;0;0;0;0;0;0;0;0;0;104;0;4;0;0;0;0;0;548;0;737;0;0;4;0;0;0;0;1976;0;0;0;0;0;0
08023;2016-06;0;480;0;0;0;0;0;0;0;0;1162;0;973;0;0;0;0;0;0;0;0;0;99;0;4;0;0;0;0;0;538;0;429;0;0;9;0;0;0;0;594;0;0;0;0;0;0
08024;2016-06;0;4;0;0;0;0;0;0;0;0;35;0;75;0;0;0;0;0;0;0;0;0;1;0;0;0;0;0;0;0;18;0;24;0;0;0;0;0;0;0;79;0;0;0;0;0;0
08025;2016-06;0;90;0;0;0;0;0;0;0;0;267;0;234;0;0;0;0;0;0;0;0;0;13;0;1;0;0;0;0;0;111;0;98;0;0;2;0;0;0;0;158;0;0;0;0;0;0
08026;2016-06;0;1;0;0;0;0;0;0;0;0;9;0;51;0;0;0;0;0;0;0;0;0;2;0;0;0;0;0;0;0;12;0;4;0;0;1;0;0;0;0;54;0;0;0;0;0;0
08027;2016-06;0;31;0;0;0;0;0;0;0;0;69;0;144;0;0;0;0;0;0;0;0;0;5;0;0;0;0;0;0;0;38;0;67;0;0;0;0;0;0;0;129;0;0;0;0;0;0
08028;2016-06;0;56;0;0;0;0;0;0;0;0;214;0;103;0;0;0;0;0;0;0;0;0;11;0;2;0;0;0;0;0;97;0;116;0;0;1;0;0;0;0;40;0;0;0;0;0;0
08029;2016-06;0;268;0;0;0;0;0;0;0;0;370;0;578;0;0;0;0;0;0;0;0;0;29;0;0;0;0;0;0;0;320;0;180;0;0;10;0;0;0;0;680;0;0;0;0;0;0
08030;2016-06;0;420;0;0;0;0;0;0;0;0;502;0;856;0;0;0;0;0;0;0;0;0;72;0;3;0;0;0;0;0;414;0;238;0;0;3;0;0;0;0;937;0;0;0;0;0;0
08031;2016-06;0;69;0;0;0;0;0;0;0;0;257;0;383;0;0;0;0;0;0;0;0;0;16;0;3;0;0;0;0;0;170;0;194;0;0;2;0;0;0;0;437;0;0;0;0;0;0
08032;2016-06;0;128;0;0;0;0;0;0;0;0;270;0;291;0;0;0;0;0;0;0;0;0;36;0;2;0;0;0;0;0;138;0;159;0;0;5;0;0;0;0;271;0;0;0;0;0;0
08033;2016-06;0;741;0;0;0;0;0;0;0;0;1906;0;2095;0;0;0;0;0;0;0;0;0;182;0;9;0;0;0;0;0;961;0;1190;0;0;14;0;0;0;0;1348;0;0;0;0;0;0
08034;2016-06;0;10;0;0;0;0;0;0;0;0;65;0;216;0;0;0;0;0;0;0;0;0;7;0;1;0;0;0;0;0;46;0;24;0;0;0;0;0;0;0;167;0;0;0;0;0;0
08035;2016-06;0;685;0;0;0;0;0;0;0;0;1545;0;1824;0;0;0;0;0;0;0;0;0;176;0;10;0;0;0;0;0;950;0;978;0;0;13;0;0;0;0;1596;0;0;0;0;0;0
08036;2016-06;0;0;0;0;0;0;0;0;0;0;9;0;30;0;0;0;0;0;0;0;0;0;1;0;0;0;0;0;0;0;7;0;5;0;0;0;0;0;0;0;51;0;0;0;0;0;0
08037;2016-06;0;35;0;0;0;0;0;0;0;0;94;0;478;0;0;0;0;0;0;0;0;0;17;0;4;0;0;0;0;0;65;0;58;0;0;2;0;0;0;0;463;0;0;0;0;0;0
08038;2016-06;0;52;0;0;0;0;0;0;0;0;187;0;271;0;0;0;0;0;0;0;0;0;16;0;1;0;0;0;0;0;64;0;97;0;0;0;0;0;0;0;251;0;0;0;0;0;0
08039;2016-06;0;5;0;0;0;0;0;0;0;0;72;0;84;0;0;0;0;0;0;0;0;0;1;0;0;0;0;0;0;0;14;0;16;0;0;0;0;0;0;0;74;0;0;0;0;0;0
08040;2016-06;0;575;0;0;0;0;0;0;0;0;1649;0;1669;0;0;0;0;0;0;0;0;0;147;0;10;0;0;0;0;0;829;0;775;0;0;8;0;0;0;0;1089;0;0;0;0;0;0
08041;2016-06;0;970;0;0;0;0;0;0;0;0;1605;0;533;0;0;0;0;0;0;0;0;0;116;0;11;0;0;0;0;0;1092;0;1736;0;0;17;0;0;0;0;445;0;0;0;0;0;0
08042;2016-06;0;173;0;0;0;0;0;0;0;0;400;0;278;0;0;0;0;0;0;0;0;0;37;0;2;0;0;0;0;0;232;0;228;0;0;1;0;0;0;0;190;0;0;0;0;0;0
08043;2016-06;0;277;0;0;0;0;0;0;0;0;631;0;262;0;0;0;0;0;0;0;0;0;41;0;5;0;0;0;0;0;275;0;332;0;0;1;0;0;0;0;208;0;0;0;0;0;0
08044;2016-06;0;220;0;0;0;0;0;0;0;0;539;0;673;0;0;0;0;0;0;0;0;0;44;0;4;0;0;0;0;0;310;0;450;0;0;6;0;0;0;0;465;0;0;0;0;0;0
08045;2016-06;0;0;0;0;0;0;0;0;0;0;11;0;9;0;0;0;0;0;0;0;0;0;0;0;0;0;0;0;0;0;0;0;2;0;0;0;0;0;0;0;13;0;0;0;0;0;0
08046;2016-06;0;870;0;0;0;0;0;0;0;0;2209;0;2395;0;0;0;0;0;0;0;0;0;157;0;19;0;0;0;0;0;851;0;1032;0;0;21;0;0;0;0;1343;0;0;0;0;0;0
08047;2016-06;0;176;0;0;0;0;0;0;0;0;321;0;536;0;0;0;0;0;0;0;0;0;21;0;2;0;0;0;0;0;329;0;411;0;0;5;0;0;0;0;443;0;0;0;0;0;0
08048;2016-06;0;17;0;0;0;0;0;0;0;0;46;0;143;0;0;0;0;0;0;0;0;0;5;0;0;0;0;0;0;0;30;0;38;0;0;1;0;0;0;0;133;0;0;0;0;0;0
08049;2016-06;0;10;0;0;0;0;0;0;0;0;78;0;299;0;0;0;0;0;0;0;0;0;5;0;0;0;0;0;0;0;54;0;34;0;0;0;0;0;0;0;296;0;0;0;0;0;0
08050;2016-06;0;4;0;0;0;0;0;0;0;0;7;0;35;0;0;0;0;0;0;0;0;0;0;0;0;0;0;0;0;0;2;0;1;0;0;0;0;0;0;0;48;0;0;0;0;0;0
08051;2016-06;0;1245;0;0;0;0;0;0;0;0;3234;0;2557;0;0;0;0;0;0;0;0;0;223;0;14;0;0;0;0;0;1208;0;1746;0;0;30;0;0;0;0;1717;0;0;0;0;0;0
08052;2016-06;0;2;0;0;0;0;0;0;0;0;11;0;26;0;0;0;0;0;0;0;0;0;0;0;0;0;0;0;0;0;7;0;4;0;0;0;0;0;0;0;38;0;0;0;0;0;0
08053;2016-06;0;140;0;0;0;0;0;0;0;0;396;0;305;0;0;0;0;0;0;0;0;0;26;0;3;0;0;0;0;0;179;0;269;0;0;1;0;0;0;0;264;0;0;0;0;0;0
08054;2016-06;0;870;0;0;0;0;0;0;0;0;1811;0;998;0;0;0;0;0;0;0;0;0;122;0;5;0;0;0;0;0;743;0;961;0;0;19;0;0;0;0;556;0;0;0;0;0;0
08055;2016-06;0;24;0;0;0;0;0;0;0;0;66;0;117;0;0;0;0;0;0;0;0;0;6;0;0;0;0;0;0;0;22;0;22;0;0;0;0;0;0;0;66;0;0;0;0;0;0
08056;2016-06;0;4823;0;0;0;0;0;0;0;0;7237;0;2969;0;0;0;0;0;0;0;0;0;640;0;33;0;0;0;0;0;5275;0;4582;0;0;93;0;0;0;0;2068;0;0;0;0;0;0
08057;2016-06;0;0;0;0;0;0;0;0;0;0;7;0;17;0;0;0;0;0;0;0;0;0;0;0;0;0;0;0;0;0;0;0;2;0;0;0;0;0;0;0;17;0;0;0;0;0;0
08058;2016-06;0;102;0;0;0;0;0;0;0;0;325;0;180;0;0;0;0;0;0;0;0;0;34;0;4;0;0;0;0;0;131;0;167;0;0;3;0;0;0;0;143;0;0;0;0;0;0
08059;2016-06;0;11;0;0;0;0;0;0;0;0;37;0;79;0;0;0;0;0;0;0;0;0;1;0;0;0;0;0;0;0;12;0;4;0;0;0;0;0;0;0;49;0;0;0;0;0;0
08060;2016-06;0;1;0;0;0;0;0;0;0;0;12;0;21;0;0;0;0;0;0;0;0;0;0;0;0;0;0;0;0;0;16;0;0;0;0;0;0;0;0;0;37;0;0;0;0;0;0
08061;2016-06;0;93;0;0;0;0;0;0;0;0;303;0;154;0;0;0;0;0;0;0;0;0;18;0;1;0;0;0;0;0;127;0;141;0;0;3;0;0;0;0;129;0;0;0;0;0;0
08062;2016-06;0;58;0;0;0;0;0;0;0;0;106;0;178;0;0;0;0;0;0;0;0;0;16;0;1;0;0;0;0;0;62;0;67;0;0;1;0;0;0;0;125;0;0;0;0;0;0
08063;2016-06;0;8;0;0;0;0;0;0;0;0;44;0;122;0;0;0;0;0;0;0;0;0;4;0;1;0;0;0;0;0;12;0;19;0;0;1;0;0;0;0;121;0;0;0;0;0;0
08064;2016-06;0;55;0;0;0;0;0;0;0;0;231;0;392;0;0;0;0;0;0;0;0;0;22;0;1;0;0;0;0;0;66;0;101;0;0;0;0;0;0;0;353;0;0;0;0;0;0
08065;2016-06;0;32;0;0;0;0;0;0;0;0;113;0;225;0;0;0;0;0;0;0;0;0;17;0;1;0;0;0;0;0;63;0;62;0;0;2;0;0;0;0;259;0;0;0;0;0;0
08066;2016-06;0;104;0;0;0;0;0;0;0;0;229;0;198;0;0;0;0;0;0;0;0;0;10;0;1;0;0;0;0;0;119;0;131;0;0;2;0;0;0;0;119;0;0;0;0;0;0
08067;2016-06;0;183;0;0;0;0;0;0;0;0;645;0;1082;0;0;0;0;0;0;0;0;0;50;0;3;0;0;0;0;0;264;0;369;0;0;6;0;0;0;0;928;0;0;0;0;0;0
08068;2016-06;0;516;0;0;0;0;0;0;0;0;1187;0;847;0;0;0;0;0;0;0;0;0;94;0;0;0;0;0;0;0;614;0;557;0;0;19;0;0;0;0;476;0;0;0;0;0;0
08069;2016-06;0;230;0;0;0;0;0;0;0;0;522;0;563;0;0;0;0;0;0;0;0;0;26;0;5;0;0;0;0;0;256;0;231;0;0;7;0;0;0;0;276;0;0;0;0;0;0
08070;2016-06;0;3;0;0;0;0;0;0;0;0;23;0;70;0;0;0;0;0;0;0;0;0;1;0;0;0;0;0;0;0;7;0;8;0;0;2;0;0;0;0;75;0;0;0;0;0;0
08071;2016-06;0;1;0;0;0;0;0;0;0;0;30;0;60;0;0;0;0;0;0;0;0;0;3;0;0;0;0;0;0;0;7;0;13;0;0;0;0;0;0;0;43;0;0;0;0;0;0
08072;2016-06;0;750;0;0;0;0;0;0;0;0;1760;0;1305;0;0;0;0;0;0;0;0;0;137;0;8;0;0;0;0;0;829;0;764;0;0;10;0;0;0;0;817;0;0;0;0;0;0
08073;2016-06;0;5287;0;0;0;0;0;0;0;0;13465;0;3335;0;0;0;0;0;0;0;0;0;772;0;74;0;0;0;0;0;6067;0;11258;0;0;138;0;0;0;0;1335;0;0;0;0;0;0
08074;2016-06;0;975;0;0;0;0;0;0;0;0;2080;0;907;0;0;0;0;0;0;0;0;0;150;0;8;0;0;0;0;0;898;0;1087;0;0;14;0;0;0;0;508;0;0;0;0;0;0
08075;2016-06;0;292;0;0;0;0;0;0;0;0;675;0;479;0;0;0;0;0;0;0;0;0;48;0;3;0;0;0;0;0;358;0;297;0;0;2;0;0;0;0;299;0;0;0;0;0;0
08076;2016-06;0;1142;0;0;0;0;0;0;0;0;3223;0;1735;0;0;0;0;0;0;0;0;0;199;0;13;0;0;0;0;0;1264;0;1961;0;0;39;0;0;0;0;912;0;0;0;0;0;0
08077;2016-06;0;3326;0;0;0;0;0;0;0;0;6172;0;2409;0;0;0;0;0;0;0;0;0;413;0;22;0;0;0;0;0;4304;0;5374;0;0;85;0;0;0;0;1724;0;0;0;0;0;0
08078;2016-06;0;1;0;0;0;0;0;0;0;0;11;0;35;0;0;0;0;0;0;0;0;0;2;0;0;0;0;0;0;0;6;0;1;0;0;0;0;0;0;0;52;0;0;0;0;0;0
08079;2016-06;0;11;0;0;0;0;0;0;0;0;14;0;105;0;0;0;0;0;0;0;0;0;2;0;1;0;0;0;0;0;12;0;17;0;0;0;0;0;0;0;89;0;0;0;0;0;0
08080;2016-06;0;0;0;0;0;0;0;0;0;0;0;0;7;0;0;0;0;0;0;0;0;0;3;0;0;0;0;0;0;0;5;0;1;0;0;0;0;0;0;0;7;0;0;0;0;0;0
08081;2016-06;0;11;0;0;0;0;0;0;0;0;30;0;65;0;0;0;0;0;0;0;0;0;3;0;1;0;0;0;0;0;9;0;5;0;0;0;0;0;0;0;94;0;0;0;0;0;0
08082;2016-06;0;94;0;0;0;0;0;0;0;0;208;0;83;0;0;0;0;0;0;0;0;0;24;0;0;0;0;0;0;0;110;0;108;0;0;1;0;0;0;0;76;0;0;0;0;0;0
08083;2016-06;0;30;0;0;0;0;0;0;0;0;91;0;494;0;0;0;0;0;0;0;0;0;3;0;0;0;0;0;0;0;32;0;43;0;0;1;0;0;0;0;441;0;0;0;0;0;0
08084;2016-06;0;42;0;0;0;0;0;0;0;0;158;0;232;0;0;0;0;0;0;0;0;0;11;0;0;0;0;0;0;0;60;0;67;0;0;1;0;0;0;0;183;0;0;0;0;0;0
08085;2016-06;0;18;0;0;0;0;0;0;0;0;76;0;195;0;0;0;0;0;0;0;0;0;13;0;1;0;0;0;0;0;59;0;40;0;0;0;0;0;0;0;251;0;0;0;0;0;0
08086;2016-06;0;1295;0;0;0;0;0;0;0;0;2274;0;1344;0;0;0;0;0;0;0;0;0;166;0;6;0;0;0;0;0;996;0;1391;0;0;33;0;0;0;0;977;0;0;0;0;0;0
08087;2016-06;0;11;0;0;0;0;0;0;0;0;14;0;36;0;0;0;0;0;0;0;0;0;1;0;0;0;0;0;0;0;8;0;4;0;0;0;0;0;0;0;45;0;0;0;0;0;0
08088;2016-06;0;739;0;0;0;0;0;0;0;0;1539;0;2295;0;0;0;0;0;0;0;0;0;117;0;15;0;0;0;0;0;720;0;846;0;0;14;0;0;0;0;1743;0;0;0;0;0;0
08089;2016-06;0;3412;0;0;0;0;0;0;0;0;6121;0;2244;0;0;0;0;0;0;0;0;0;438;0;42;0;0;0;0;0;3324;0;4813;0;0;65;0;0;0;0;1467;0;0;0;0;0;0
08090;2016-06;0;0;0;0;0;0;0;0;0;0;7;0;30;0;0;0;0;0;0;0;0;0;1;0;0;0;0;0;0;0;8;0;7;0;0;0;0;0;0;0;46;0;0;0;0;0;0
08091;2016-06;0;325;0;0;0;0;0;0;0;0;1052;0;799;0;0;0;0;0;0;0;0;0;52;0;8;0;0;0;0;0;336;0;564;0;0;6;0;0;0;0;425;0;0;0;0;0;0
08092;2016-06;0;82;0;0;0;0;0;0;0;0;327;0;755;0;0;0;0;0;0;0;0;0;26;0;2;0;0;0;0;0;192;0;241;0;0;2;0;0;0;0;702;0;0;0;0;0;0
08093;2016-06;0;1;0;0;0;0;0;0;0;0;2;0;10;0;0;0;0;0;0;0;0;0;0;0;0;0;0;0;0;0;0;0;0;0;0;0;0;0;0;0;8;0;0;0;0;0;0
08094;2016-06;0;54;0;0;0;0;0;0;0;0;192;0;328;0;0;0;0;0;0;0;0;0;23;0;0;0;0;0;0;0;98;0;128;0;0;2;0;0;0;0;258;0;0;0;0;0;0
08095;2016-06;0;1;0;0;0;0;0;0;0;0;8;0;10;0;0;0;0;0;0;0;0;0;0;0;0;0;0;0;0;0;2;0;4;0;0;0;0;0;0;0;22;0;0;0;0;0;0
08096;2016-06;0;3338;0;0;0;0;0;0;0;0;6421;0;4813;0;0;0;0;0;0;0;0;0;576;0;33;0;0;0;0;0;3588;0;5260;0;0;94;0;0;0;0;4229;0;0;0;0;0;0
08097;2016-06;0;47;0;0;0;0;0;0;0;0;168;0;233;0;0;0;0;0;0;0;0;0;10;0;0;0;0;0;0;0;34;0;61;0;0;0;0;0;0;0;151;0;0;0;0;0;0
08098;2016-06;0;153;0;0;0;0;0;0;0;0;383;0;324;0;0;0;0;0;0;0;0;0;32;0;4;0;0;0;0;0;181;0;165;0;0;5;0;0;0;0;282;0;0;0;0;0;0
08099;2016-06;0;21;0;0;0;0;0;0;0;0;113;0;139;0;0;0;0;0;0;0;0;0;6;0;0;0;0;0;0;0;34;0;68;0;0;0;0;0;0;0;102;0;0;0;0;0;0
08100;2016-06;0;53;0;0;0;0;0;0;0;0;105;0;468;0;0;0;0;0;0;0;0;0;9;0;1;0;0;0;0;0;79;0;36;0;0;1;0;0;0;0;603;0;0;0;0;0;0
08101;2016-06;0;14039;0;0;0;0;0;0;0;0;32825;0;9450;0;0;0;0;0;0;0;0;0;2003;0;222;0;0;0;0;0;18585;0;29889;0;0;500;0;0;0;0;4582;0;0;0;0;0;0
08102;2016-06;0;1497;0;0;0;0;0;0;0;0;3218;0;4591;0;0;0;0;0;0;0;0;0;262;0;18;0;0;0;0;0;2071;0;2247;0;0;33;0;0;0;0;4258;0;0;0;0;0;0
08103;2016-06;0;26;0;0;0;0;0;0;0;0;63;0;138;0;0;0;0;0;0;0;0;0;10;0;0;0;0;0;0;0;45;0;24;0;0;1;0;0;0;0;86;0;0;0;0;0;0
08104;2016-06;0;7;0;0;0;0;0;0;0;0;54;0;173;0;0;0;0;0;0;0;0;0;5;0;0;0;0;0;0;0;29;0;26;0;0;0;0;0;0;0;133;0;0;0;0;0;0
08105;2016-06;0;856;0;0;0;0;0;0;0;0;2025;0;355;0;0;0;0;0;0;0;0;0;95;0;10;0;0;0;0;0;1013;0;1716;0;0;21;0;0;0;0;199;0;0;0;0;0;0
08106;2016-06;0;493;0;0;0;0;0;0;0;0;1119;0;1135;0;0;0;0;0;0;0;0;0;109;0;10;0;0;0;0;0;582;0;664;0;0;10;0;0;0;0;683;0;0;0;0;0;0
08107;2016-06;0;1012;0;0;0;0;0;0;0;0;2258;0;1018;0;0;0;0;0;0;0;0;0;164;0;11;0;0;0;0;0;1123;0;1216;0;0;22;0;0;0;0;554;0;0;0;0;0;0
08108;2016-06;0;468;0;0;0;0;0;0;0;0;941;0;472;0;0;0;0;0;0;0;0;0;72;0;3;0;0;0;0;0;587;0;516;0;0;8;0;0;0;0;386;0;0;0;0;0;0
08109;2016-06;0;1;0;0;0;0;0;0;0;0;28;0;81;0;0;0;0;0;0;0;0;0;0;0;0;0;0;0;0;0;11;0;0;0;0;0;0;0;0;0;40;0;0;0;0;0;0
08110;2016-06;0;815;0;0;0;0;0;0;0;0;2106;0;1494;0;0;0;0;0;0;0;0;0;123;0;13;0;0;0;0;0;977;0;1597;0;0;29;0;0;0;0;1141;0;0;0;0;0;0
08111;2016-06;0;7;0;0;0;0;0;0;0;0;17;0;55;0;0;0;0;0;0;0;0;0;1;0;0;0;0;0;0;0;12;0;1;0;0;0;0;0;0;0;88;0;0;0;0;0;0
08112;2016-06;0;504;0;0;0;0;0;0;0;0;1187;0;2068;0;0;0;0;0;0;0;0;0;83;0;12;0;0;0;0;0;661;0;1022;0;0;15;0;0;0;0;2097;0;0;0;0;0;0
08113;2016-06;0;2363;0;0;0;0;0;0;0;0;6220;0;7808;0;0;0;0;0;0;0;0;0;419;0;23;0;0;0;0;0;3396;0;4366;0;0;56;0;0;0;0;7245;0;0;0;0;0;0
08114;2016-06;0;1438;0;0;0;0;0;0;0;0;3549;0;1614;0;0;0;0;0;0;0;0;0;205;0;19;0;0;0;0;0;1462;0;2451;0;0;31;0;0;0;0;1168;0;0;0;0;0;0
08115;2016-06;0;260;0;0;0;0;0;0;0;0;808;0;368;0;0;0;0;0;0;0;0;0;53;0;3;0;0;0;0;0;298;0;458;0;0;9;0;0;0;0;298;0;0;0;0;0;0
08116;2016-06;0;9;0;0;0;0;0;0;0;0;34;0;129;0;0;0;0;0;0;0;0;0;4;0;0;0;0;0;0;0;19;0;19;0;0;1;0;0;0;0;166;0;0;0;0;0;0
08117;2016-06;0;98;0;0;0;0;0;0;0;0;235;0;511;0;0;0;0;0;0;0;0;0;12;0;2;0;0;0;0;0;119;0;167;0;0;0;0;0;0;0;439;0;0;0;0;0;0
08118;2016-06;0;1203;0;0;0;0;0;0;0;0;3085;0;2814;0;0;0;0;0;0;0;0;0;219;0;13;0;0;0;0;0;1358;0;1255;0;0;37;0;0;0;0;2019;0;0;0;0;0;0
08119;2016-06;0;526;0;0;0;0;0;0;0;0;1290;0;631;0;0;0;0;0;0;0;0;0;94;0;6;0;0;0;0;0;544;0;634;0;0;22;0;0;0;0;348;0;0;0;0;0;0
08120;2016-06;0;422;0;0;0;0;0;0;0;0;332;0;1051;0;0;0;0;0;0;0;0;0;70;0;1;0;0;0;0;0;648;0;149;0;0;5;0;0;0;0;1966;0;0;0;0;0;0
08121;2016-06;0;7122;0;0;0;0;0;0;0;0;13405;0;9121;0;0;0;0;0;0;0;0;0;1177;0;71;0;0;0;0;0;8206;0;10242;0;0;162;0;0;0;0;6703;0;0;0;0;0;0
08122;2016-06;0;58;0;0;0;0;0;0;0;0;289;0;310;0;0;0;0;0;0;0;0;0;21;0;0;0;0;0;0;0;90;0;152;0;0;0;0;0;0;0;148;0;0;0;0;0;0
08123;2016-06;0;1324;0;0;0;0;0;0;0;0;3595;0;2964;0;0;0;0;0;0;0;0;0;271;0;18;0;0;0;0;0;1174;0;2138;0;0;43;0;0;0;0;1851;0;0;0;0;0;0
08124;2016-06;0;3134;0;0;0;0;0;0;0;0;7826;0;2782;0;0;0;0;0;0;0;0;0;482;0;37;0;0;0;0;0;2922;0;5562;0;0;92;0;0;0;0;1611;0;0;0;0;0;0
08125;2016-06;0;2112;0;0;0;0;0;0;0;0;5681;0;1759;0;0;0;0;0;0;0;0;0;325;0;23;0;0;0;0;0;1984;0;3314;0;0;61;0;0;0;0;906;0;0;0;0;0;0
08126;2016-06;0;848;0;0;0;0;0;0;0;0;1777;0;1073;0;0;0;0;0;0;0;0;0;115;0;6;0;0;0;0;0;681;0;772;0;0;9;0;0;0;0;558;0;0;0;0;0;0
08127;2016-06;0;74;0;0;0;0;0;0;0;0;300;0;304;0;0;0;0;0;0;0;0;0;25;0;2;0;0;0;0;0;154;0;229;0;0;3;0;0;0;0;229;0;0;0;0;0;0
08128;2016-06;0;6;0;0;0;0;0;0;0;0;59;0;111;0;0;0;0;0;0;0;0;0;1;0;1;0;0;0;0;0;22;0;56;0;0;2;0;0;0;0;112;0;0;0;0;0;0
08129;2016-06;0;12;0;0;0;0;0;0;0;0;70;0;118;0;0;0;0;0;0;0;0;0;2;0;0;0;0;0;0;0;14;0;17;0;0;0;0;0;0;0;80;0;0;0;0;0;0
08130;2016-06;0;2;0;0;0;0;0;0;0;0;5;0;21;0;0;0;0;0;0;0;0;0;1;0;0;0;0;0;0;0;5;0;0;0;0;0;0;0;0;0;21;0;0;0;0;0;0
08131;2016-06;0;4;0;0;0;0;0;0;0;0;83;0;169;0;0;0;0;0;0;0;0;0;1;0;0;0;0;0;0;0;24;0;44;0;0;1;0;0;0;0;135;0;0;0;0;0;0
08132;2016-06;0;5;0;0;0;0;0;0;0;0;15;0;58;0;0;0;0;0;0;0;0;0;1;0;1;0;0;0;0;0;21;0;14;0;0;0;0;0;0;0;93;0;0;0;0;0;0
08133;2016-06;0;3;0;0;0;0;0;0;0;0;2;0;8;0;0;0;0;0;0;0;0;0;0;0;0;0;0;0;0;0;18;0;2;0;0;1;0;0;0;0;38;0;0;0;0;0;0
08134;2016-06;0;22;0;0;0;0;0;0;0;0;115;0;171;0;0;0;0;0;0;0;0;0;16;0;0;0;0;0;0;0;52;0;44;0;0;0;0;0;0;0;111;0;0;0;0;0;0
08135;2016-06;0;510;0;0;0;0;0;0;0;0;1509;0;478;0;0;0;0;0;0;0;0;0;83;0;5;0;0;0;0;0;703;0;1116;0;0;11;0;0;0;0;309;0;0;0;0;0;0
08136;2016-06;0;1080;0;0;0;0;0;0;0;0;2518;0;586;0;0;0;0;0;0;0;0;0;192;0;8;0;0;0;0;0;1201;0;1570;0;0;21;0;0;0;0;381;0;0;0;0;0;0
08137;2016-06;0;3;0;0;0;0;0;0;0;0;34;0;52;0;0;0;0;0;0;0;0;0;2;0;0;0;0;0;0;0;12;0;19;0;0;2;0;0;0;0;61;0;0;0;0;0;0
08138;2016-06;0;136;0;0;0;0;0;0;0;0;460;0;932;0;0;0;0;0;0;0;0;0;41;0;3;0;0;0;0;0;184;0;256;0;0;3;0;0;0;0;576;0;0;0;0;0;0
08139;2016-06;0;2;0;0;0;0;0;0;0;0;27;0;42;0;0;0;0;0;0;0;0;0;0;0;0;0;0;0;0;0;1;0;19;0;0;0;0;0;0;0;39;0;0;0;0;0;0
08140;2016-06;0;224;0;0;0;0;0;0;0;0;651;0;681;0;0;0;0;0;0;0;0;0;60;0;4;0;0;0;0;0;286;0;468;0;0;7;0;0;0;0;694;0;0;0;0;0;0
08141;2016-06;0;124;0;0;0;0;0;0;0;0;464;0;916;0;0;0;0;0;0;0;0;0;20;0;2;0;0;0;0;0;259;0;360;0;0;0;0;0;0;0;750;0;0;0;0;0;0
08142;2016-06;0;4;0;0;0;0;0;0;0;0;17;0;25;0;0;0;0;0;0;0;0;0;0;0;0;0;0;0;0;0;2;0;6;0;0;1;0;0;0;0;41;0;0;0;0;0;0
08143;2016-06;0;132;0;0;0;0;0;0;0;0;383;0;328;0;0;0;0;0;0;0;0;0;25;0;1;0;0;0;0;0;202;0;325;0;0;4;0;0;0;0;290;0;0;0;0;0;0
08144;2016-06;0;12;0;0;0;0;0;0;0;0;49;0;151;0;0;0;0;0;0;0;0;0;3;0;0;0;0;0;0;0;45;0;36;0;0;1;0;0;0;0;135;0;0;0;0;0;0
08145;2016-06;0;172;0;0;0;0;0;0;0;0;401;0;429;0;0;0;0;0;0;0;0;0;31;0;3;0;0;0;0;0;134;0;221;0;0;1;0;0;0;0;358;0;0;0;0;0;0
08146;2016-06;0;103;0;0;0;0;0;0;0;0;247;0;169;0;0;0;0;0;0;0;0;0;14;0;0;0;0;0;0;0;108;0;160;0;0;1;0;0;0;0;67;0;0;0;0;0;0
08147;2016-06;0;1326;0;0;0;0;0;0;0;0;3377;0;2034;0;0;0;0;0;0;0;0;0;225;0;9;0;0;0;0;0;1123;0;1839;0;0;22;0;0;0;0;1118;0;0;0;0;0;0
08148;2016-06;0;226;0;0;0;0;0;0;0;0;458;0;223;0;0;0;0;0;0;0;0;0;26;0;3;0;0;0;0;0;229;0;228;0;0;2;0;0;0;0;81;0;0;0;0;0;0
08149;2016-06;0;12;0;0;0;0;0;0;0;0;61;0;226;0;0;0;0;0;0;0;0;0;11;0;0;0;0;0;0;0;40;0;19;0;0;1;0;0;0;0;187;0;0;0;0;0;0
08150;2016-06;0;11;0;0;0;0;0;0;0;0;25;0;63;0;0;0;0;0;0;0;0;0;2;0;0;0;0;0;0;0;10;0;5;0;0;0;0;0;0;0;69;0;0;0;0;0;0
08151;2016-06;0;6;0;0;0;0;0;0;0;0;19;0;86;0;0;0;0;0;0;0;0;0;2;0;0;0;0;0;0;0;19;0;9;0;0;0;0;0;0;0;144;0;0;0;0;0;0
08152;2016-06;0;0;0;0;0;0;0;0;0;0;4;0;39;0;0;0;0;0;0;0;0;0;0;0;0;0;0;0;0;0;3;0;2;0;0;0;0;0;0;0;31;0;0;0;0;0;0
08153;2016-06;0;18;0;0;0;0;0;0;0;0;72;0;149;0;0;0;0;0;0;0;0;0;2;0;0;0;0;0;0;0;24;0;19;0;0;1;0;0;0;0;98;0;0;0;0;0;0
08154;2016-06;0;47;0;0;0;0;0;0;0;0;101;0;104;0;0;0;0;0;0;0;0;0;12;0;0;0;0;0;0;0;45;0;53;0;0;1;0;0;0;0;120;0;0;0;0;0;0
08155;2016-06;0;504;0;0;0;0;0;0;0;0;1356;0;721;0;0;0;0;0;0;0;0;0;89;0;4;0;0;0;0;0;484;0;675;0;0;8;0;0;0;0;440;0;0;0;0;0;0
08156;2016-06;0;984;0;0;0;0;0;0;0;0;2020;0;1186;0;0;0;0;0;0;0;0;0;157;0;6;0;0;0;0;0;914;0;963;0;0;23;0;0;0;0;963;0;0;0;0;0;0
08157;2016-06;0;803;0;0;0;0;0;0;0;0;1693;0;830;0;0;0;0;0;0;0;0;0;105;0;6;0;0;0;0;0;715;0;1057;0;0;23;0;0;0;0;512;0;0;0;0;0;0
08158;2016-06;0;213;0;0;0;0;0;0;0;0;518;0;457;0;0;0;0;0;0;0;0;0;44;0;6;0;0;0;0;0;179;0;327;0;0;13;0;0;0;0;263;0;0;0;0;0;0
08159;2016-06;0;1230;0;0;0;0;0;0;0;0;2917;0;1493;0;0;0;0;0;0;0;0;0;204;0;7;0;0;0;0;0;1069;0;1653;0;0;33;0;0;0;0;665;0;0;0;0;0;0
08160;2016-06;0;4;0;0;0;0;0;0;0;0;21;0;77;0;0;0;0;0;0;0;0;0;1;0;0;0;0;0;0;0;11;0;8;0;0;0;0;0;0;0;85;0;0;0;0;0;0
08161;2016-06;0;768;0;0;0;0;0;0;0;0;2002;0;1089;0;0;0;0;0;0;0;0;0;171;0;9;0;0;0;0;0;923;0;1134;0;0;24;0;0;0;0;745;0;0;0;0;0;0
08162;2016-06;0;156;0;0;0;0;0;0;0;0;381;0;318;0;0;0;0;0;0;0;0;0;33;0;3;0;0;0;0;0;157;0;180;0;0;5;0;0;0;0;152;0;0;0;0;0;0
08163;2016-06;0;1314;0;0;0;0;0;0;0;0;2686;0;1821;0;0;0;0;0;0;0;0;0;252;0;13;0;0;0;0;0;1932;0;2432;0;0;18;0;0;0;0;1193;0;0;0;0;0;0
08164;2016-06;0;23;0;0;0;0;0;0;0;0;113;0;198;0;0;0;0;0;0;0;0;0;7;0;1;0;0;0;0;0;40;0;47;0;0;0;0;0;0;0;173;0;0;0;0;0;0
08165;2016-06;0;89;0;0;0;0;0;0;0;0;233;0;220;0;0;0;0;0;0;0;0;0;22;0;0;0;0;0;0;0;106;0;163;0;0;3;0;0;0;0;240;0;0;0;0;0;0
08166;2016-06;0;21;0;0;0;0;0;0;0;0;80;0;196;0;0;0;0;0;0;0;0;0;3;0;0;0;0;0;0;0;53;0;81;0;0;0;0;0;0;0;184;0;0;0;0;0;0
08167;2016-06;0;640;0;0;0;0;0;0;0;0;1421;0;347;0;0;0;0;0;0;0;0;0;98;0;5;0;0;0;0;0;464;0;809;0;0;19;0;0;0;0;208;0;0;0;0;0;0
08168;2016-06;0;7;0;0;0;0;0;0;0;0;39;0;40;0;0;0;0;0;0;0;0;0;10;0;0;0;0;0;0;0;65;0;9;0;0;1;0;0;0;0;55;0;0;0;0;0;0
08169;2016-06;0;3964;0;0;0;0;0;0;0;0;11393;0;2575;0;0;0;0;0;0;0;0;0;636;0;51;0;0;0;0;0;4209;0;7733;0;0;117;0;0;0;0;1518;0;0;0;0;0;0
08170;2016-06;0;11;0;0;0;0;0;0;0;0;31;0;83;0;0;0;0;0;0;0;0;0;8;0;0;0;0;0;0;0;22;0;19;0;0;1;0;0;0;0;92;0;0;0;0;0;0
08171;2016-06;0;26;0;0;0;0;0;0;0;0;108;0;501;0;0;0;0;0;0;0;0;0;9;0;1;0;0;0;0;0;90;0;54;0;0;1;0;0;0;0;478;0;0;0;0;0;0
08172;2016-06;0;1589;0;0;0;0;0;0;0;0;3756;0;2719;0;0;0;0;0;0;0;0;0;273;0;17;0;0;0;0;0;1652;0;1925;0;0;31;0;0;0;0;1748;0;0;0;0;0;0
08174;2016-06;0;22;0;0;0;0;0;0;0;0;48;0;98;0;0;0;0;0;0;0;0;0;3;0;0;0;0;0;0;0;19;0;18;0;0;0;0;0;0;0;68;0;0;0;0;0;0
08175;2016-06;0;81;0;0;0;0;0;0;0;0;246;0;701;0;0;0;0;0;0;0;0;0;27;0;2;0;0;0;0;0;187;0;183;0;0;3;0;0;0;0;614;0;0;0;0;0;0
08176;2016-06;0;1;0;0;0;0;0;0;0;0;8;0;31;0;0;0;0;0;0;0;0;0;1;0;0;0;0;0;0;0;19;0;1;0;0;0;0;0;0;0;44;0;0;0;0;0;0
08177;2016-06;0;0;0;0;0;0;0;0;0;0;8;0;9;0;0;0;0;0;0;0;0;0;0;0;0;0;0;0;0;0;2;0;1;0;0;0;0;0;0;0;10;0;0;0;0;0;0
08178;2016-06;0;19;0;0;0;0;0;0;0;0;57;0;81;0;0;0;0;0;0;0;0;0;5;0;1;0;0;0;0;0;31;0;30;0;0;0;0;0;0;0;80;0;0;0;0;0;0
08179;2016-06;0;27;0;0;0;0;0;0;0;0;108;0;115;0;0;0;0;0;0;0;0;0;5;0;1;0;0;0;0;0;28;0;38;0;0;1;0;0;0;0;68;0;0;0;0;0;0
08180;2016-06;0;2510;0;0;0;0;0;0;0;0;6026;0;1475;0;0;0;0;0;0;0;0;0;321;0;23;0;0;0;0;0;2387;0;3746;0;0;75;0;0;0;0;774;0;0;0;0;0;0
08181;2016-06;0;604;0;0;0;0;0;0;0;0;1212;0;1123;0;0;0;0;0;0;0;0;0;106;0;5;0;0;0;0;0;626;0;665;0;0;12;0;0;0;0;743;0;0;0;0;0;0
08182;2016-06;0;235;0;0;0;0;0;0;0;0;498;0;237;0;0;0;0;0;0;0;0;0;24;0;1;0;0;0;0;0;200;0;413;0;0;3;0;0;0;0;156;0;0;0;0;0;0
08183;2016-06;0;103;0;0;0;0;0;0;0;0;441;0;932;0;0;0;0;0;0;0;0;0;25;0;3;0;0;0;0;0;152;0;287;0;0;2;0;0;0;0;831;0;0;0;0;0;0
08184;2016-06;0;4803;0;0;0;0;0;0;0;0;10693;0;4173;0;0;0;0;0;0;0;0;0;750;0;53;0;0;0;0;0;4627;0;7081;0;0;111;0;0;0;0;1990;0;0;0;0;0;0
08185;2016-06;0;7;0;0;0;0;0;0;0;0;22;0;35;0;0;0;0;0;0;0;0;0;1;0;0;0;0;0;0;0;19;0;6;0;0;0;0;0;0;0;30;0;0;0;0;0;0
08187;2016-06;0;11496;0;0;0;0;0;0;0;0;29055;0;16195;0;0;0;0;0;0;0;0;0;2025;0;155;0;0;0;0;0;11691;0;19015;0;0;303;0;0;0;0;11459;0;0;0;0;0;0
08188;2016-06;0;2;0;0;0;0;0;0;0;0;7;0;34;0;0;0;0;0;0;0;0;0;1;0;0;0;0;0;0;0;8;0;4;0;0;0;0;0;0;0;22;0;0;0;0;0;0
08189;2016-06;0;1;0;0;0;0;0;0;0;0;7;0;30;0;0;0;0;0;0;0;0;0;0;0;0;0;0;0;0;0;5;0;4;0;0;0;0;0;0;0;39;0;0;0;0;0;0
08190;2016-06;0;1;0;0;0;0;0;0;0;0;23;0;63;0;0;0;0;0;0;0;0;0;0;0;0;0;0;0;0;0;17;0;11;0;0;0;0;0;0;0;48;0;0;0;0;0;0
08191;2016-06;0;181;0;0;0;0;0;0;0;0;770;0;775;0;0;0;0;0;0;0;0;0;44;0;4;0;0;0;0;0;289;0;607;0;0;4;0;0;0;0;737;0;0;0;0;0;0
08192;2016-06;0;223;0;0;0;0;0;0;0;0;713;0;1170;0;0;0;0;0;0;0;0;0;38;0;4;0;0;0;0;0;297;0;378;0;0;7;0;0;0;0;842;0;0;0;0;0;0
08193;2016-06;0;44;0;0;0;0;0;0;0;0;156;0;162;0;0;0;0;0;0;0;0;0;8;0;1;0;0;0;0;0;71;0;38;0;0;0;0;0;0;0;104;0;0;0;0;0;0
08194;2016-06;0;2069;0;0;0;0;0;0;0;0;4464;0;1307;0;0;0;0;0;0;0;0;0;357;0;23;0;0;0;0;0;2440;0;3439;0;0;140;0;0;0;0;580;0;0;0;0;0;0
08195;2016-06;0;2;0;0;0;0;0;0;0;0;8;0;17;0;0;0;0;0;0;0;0;0;0;0;0;0;0;0;0;0;4;0;0;0;0;0;0;0;0;0;32;0;0;0;0;0;0
08196;2016-06;0;1902;0;0;0;0;0;0;0;0;3872;0;1059;0;0;0;0;0;0;0;0;0;210;0;19;0;0;0;0;0;1685;0;3302;0;0;30;0;0;0;0;498;0;0;0;0;0;0
08197;2016-06;0;653;0;0;0;0;0;0;0;0;841;0;1017;0;0;0;0;0;0;0;0;0;103;0;2;0;0;0;0;0;875;0;465;0;0;7;0;0;0;0;1000;0;0;0;0;0;0
08198;2016-06;0;279;0;0;0;0;0;0;0;0;646;0;849;0;0;0;0;0;0;0;0;0;60;0;8;0;0;0;0;0;275;0;237;0;0;11;0;0;0;0;566;0;0;0;0;0;0
08199;2016-06;0;24;0;0;0;0;0;0;0;0;51;0;116;0;0;0;0;0;0;0;0;0;7;0;0;0;0;0;0;0;33;0;35;0;0;1;0;0;0;0;172;0;0;0;0;0;0
08200;2016-06;0;5336;0;0;0;0;0;0;0;0;13663;0;3856;0;0;0;0;0;0;0;0;0;810;0;65;0;0;0;0;0;5287;0;9717;0;0;145;0;0;0;0;1833;0;0;0;0;0;0
08201;2016-06;0;4;0;0;0;0;0;0;0;0;45;0;100;0;0;0;0;0;0;0;0;0;5;0;0;0;0;0;0;0;17;0;15;0;0;1;0;0;0;0;87;0;0;0;0;0;0
08202;2016-06;0;589;0;0;0;0;0;0;0;0;1726;0;1913;0;0;0;0;0;0;0;0;0;145;0;9;0;0;0;0;0;811;0;1244;0;0;20;0;0;0;0;1746;0;0;0;0;0;0
08203;2016-06;0;132;0;0;0;0;0;0;0;0;410;0;328;0;0;0;0;0;0;0;0;0;46;0;1;0;0;0;0;0;164;0;143;0;0;5;0;0;0;0;219;0;0;0;0;0;0
08204;2016-06;0;247;0;0;0;0;0;0;0;0;595;0;382;0;0;0;0;0;0;0;0;0;37;0;1;0;0;0;0;0;155;0;323;0;0;11;0;0;0;0;314;0;0;0;0;0;0
08205;2016-06;0;5636;0;0;0;0;0;0;0;0;8271;0;9080;0;0;0;0;0;0;0;0;0;688;0;29;0;0;0;0;0;6273;0;3782;0;0;77;0;0;0;0;8937;0;0;0;0;0;0
08206;2016-06;0;23;0;0;0;0;0;0;0;0;73;0;159;0;0;0;0;0;0;0;0;0;11;0;0;0;0;0;0;0;32;0;79;0;0;1;0;0;0;0;132;0;0;0;0;0;0
08207;2016-06;0;65;0;0;0;0;0;0;0;0;204;0;591;0;0;0;0;0;0;0;0;0;15;0;1;0;0;0;0;0;60;0;43;0;0;5;0;0;0;0;399;0;0;0;0;0;0
08208;2016-06;0;517;0;0;0;0;0;0;0;0;1149;0;709;0;0;0;0;0;0;0;0;0;90;0;8;0;0;0;0;0;450;0;617;0;0;9;0;0;0;0;373;0;0;0;0;0;0
08209;2016-06;0;528;0;0;0;0;0;0;0;0;1239;0;723;0;0;0;0;0;0;0;0;0;88;0;6;0;0;0;0;0;738;0;560;0;0;6;0;0;0;0;465;0;0;0;0;0;0
08210;2016-06;0;159;0;0;0;0;0;0;0;0;592;0;743;0;0;0;0;0;0;0;0;0;59;0;7;0;0;0;0;0;197;0;231;0;0;3;0;0;0;0;572;0;0;0;0;0;0
08211;2016-06;0;3225;0;0;0;0;0;0;0;0;6727;0;2874;0;0;0;0;0;0;0;0;0;502;0;12;0;0;0;0;0;3173;0;4731;0;0;88;0;0;0;0;1855;0;0;0;0;0;0
08212;2016-06;0;9;0;0;0;0;0;0;0;0;16;0;107;0;0;0;0;0;0;0;0;0;0;0;0;0;0;0;0;0;21;0;10;0;0;0;0;0;0;0;153;0;0;0;0;0;0
08213;2016-06;0;283;0;0;0;0;0;0;0;0;861;0;922;0;0;0;0;0;0;0;0;0;64;0;7;0;0;0;0;0;352;0;508;0;0;3;0;0;0;0;898;0;0;0;0;0;0
08214;2016-06;0;459;0;0;0;0;0;0;0;0;901;0;1237;0;0;0;0;0;0;0;0;0;100;0;11;0;0;0;0;0;484;0;443;0;0;7;0;0;0;0;986;0;0;0;0;0;0
08215;2016-06;0;58;0;0;0;0;0;0;0;0;204;0;521;0;0;0;0;0;0;0;0;0;18;0;1;0;0;0;0;0;138;0;189;0;0;5;0;0;0;0;497;0;0;0;0;0;0
08216;2016-06;0;0;0;0;0;0;0;0;0;0;8;0;5;0;0;0;0;0;0;0;0;0;0;0;0;0;0;0;0;0;0;0;0;0;0;0;0;0;0;0;1;0;0;0;0;0;0
08217;2016-06;0;2503;0;0;0;0;0;0;0;0;5153;0;1919;0;0;0;0;0;0;0;0;0;321;0;25;0;0;0;0;0;2303;0;4021;0;0;65;0;0;0;0;1237;0;0;0;0;0;0
08218;2016-06;0;529;0;0;0;0;0;0;0;0;1264;0;915;0;0;0;0;0;0;0;0;0;63;0;7;0;0;0;0;0;492;0;942;0;0;5;0;0;0;0;799;0;0;0;0;0;0
08219;2016-06;0;1080;0;0;0;0;0;0;0;0;2273;0;2586;0;0;0;0;0;0;0;0;0;192;0;7;0;0;0;0;0;1149;0;1128;0;0;17;0;0;0;0;2089;0;0;0;0;0;0
08220;2016-06;0;40;0;0;0;0;0;0;0;0;115;0;707;0;0;0;0;0;0;0;0;0;8;0;0;0;0;0;0;0;69;0;45;0;0;2;0;0;0;0;679;0;0;0;0;0;0
08221;2016-06;0;1057;0;0;0;0;0;0;0;0;1769;0;1809;0;0;0;0;0;0;0;0;0;136;0;7;0;0;0;0;0;1284;0;1055;0;0;27;0;0;0;0;1552;0;0;0;0;0;0
08222;2016-06;0;82;0;0;0;0;0;0;0;0;397;0;391;0;0;0;0;0;0;0;0;0;18;0;3;0;0;0;0;0;115;0;127;0;0;1;0;0;0;0;203;0;0;0;0;0;0
08223;2016-06;0;77;0;0;0;0;0;0;0;0;206;0;385;0;0;0;0;0;0;0;0;0;11;0;2;0;0;0;0;0;102;0;94;0;0;4;0;0;0;0;278;0;0;0;0;0;0
08224;2016-06;0;32;0;0;0;0;0;0;0;0;150;0;155;0;0;0;0;0;0;0;0;0;13;0;0;0;0;0;0;0;46;0;54;0;0;1;0;0;0;0;98;0;0;0;0;0;0
08225;2016-06;0;0;0;0;0;0;0;0;0;0;4;0;15;0;0;0;0;0;0;0;0;0;2;0;0;0;0;0;0;0;2;0;0;0;0;0;0;0;0;0;39;0;0;0;0;0;0
08226;2016-06;0;25;0;0;0;0;0;0;0;0;67;0;244;0;0;0;0;0;0;0;0;0;7;0;0;0;0;0;0;0;40;0;43;0;0;0;0;0;0;0;213;0;0;0;0;0;0
08227;2016-06;0;123;0;0;0;0;0;0;0;0;285;0;360;0;0;0;0;0;0;0;0;0;29;0;1;0;0;0;0;0;121;0;153;0;0;2;0;0;0;0;393;0;0;0;0;0;0
08228;2016-06;0;14;0;0;0;0;0;0;0;0;35;0;55;0;0;0;0;0;0;0;0;0;3;0;1;0;0;0;0;0;17;0;14;0;0;0;0;0;0;0;52;0;0;0;0;0;0
08229;2016-06;0;14;0;0;0;0;0;0;0;0;25;0;122;0;0;0;0;0;0;0;0;0;3;0;0;0;0;0;0;0;30;0;9;0;0;0;0;0;0;0;142;0;0;0;0;0;0
08230;2016-06;0;723;0;0;0;0;0;0;0;0;911;0;970;0;0;0;0;0;0;0;0;0;94;0;2;0;0;0;0;0;743;0;678;0;0;15;0;0;0;0;931;0;0;0;0;0;0
08231;2016-06;0;1754;0;0;0;0;0;0;0;0;3587;0;2064;0;0;0;0;0;0;0;0;0;279;0;7;0;0;0;0;0;1656;0;2355;0;0;43;0;0;0;0;1111;0;0;0;0;0;0
08232;2016-06;0;56;0;0;0;0;0;0;0;0;236;0;346;0;0;0;0;0;0;0;0;0;17;0;2;0;0;0;0;0;83;0;136;0;0;2;0;0;0;0;292;0;0;0;0;0;0
08233;2016-06;0;26;0;0;0;0;0;0;0;0;132;0;457;0;0;0;0;0;0;0;0;0;12;0;2;0;0;0;0;0;45;0;55;0;0;2;0;0;0;0;393;0;0;0;0;0;0
08234;2016-06;0;216;0;0;0;0;0;0;0;0;570;0;544;0;0;0;0;0;0;0;0;0;54;0;1;0;0;0;0;0;198;0;192;0;0;3;0;0;0;0;315;0;0;0;0;0;0
08235;2016-06;0;145;0;0;0;0;0;0;0;0;431;0;790;0;0;0;0;0;0;0;0;0;33;0;1;0;0;0;0;0;182;0;188;0;0;5;0;0;0;0;679;0;0;0;0;0;0
08236;2016-06;0;39;0;0;0;0;0;0;0;0;170;0;382;0;0;0;0;0;0;0;0;0;17;0;3;0;0;0;0;0;105;0;80;0;0;2;0;0;0;0;197;0;0;0;0;0;0
08237;2016-06;0;33;0;0;0;0;0;0;0;0;131;0;365;0;0;0;0;0;0;0;0;0;6;0;0;0;0;0;0;0;57;0;97;0;0;1;0;0;0;0;398;0;0;0;0;0;0
08238;2016-06;0;1280;0;0;0;0;0;0;0;0;2394;0;2388;0;0;0;0;0;0;0;0;0;170;0;7;0;0;0;0;0;1146;0;1134;0;0;24;0;0;0;0;1684;0;0;0;0;0;0
08239;2016-06;0;27;0;0;0;0;0;0;0;0;60;0;83;0;0;0;0;0;0;0;0;0;9;0;0;0;0;0;0;0;27;0;15;0;0;1;0;0;0;0;77;0;0;0;0;0;0
08240;2016-06;0;414;0;0;0;0;0;0;0;0;1487;0;1730;0;0;0;0;0;0;0;0;0;84;0;6;0;0;0;0;0;489;0;1023;0;0;16;0;0;0;0;1196;0;0;0;0;0;0
08241;2016-06;0;3;0;0;0;0;0;0;0;0;8;0;13;0;0;0;0;0;0;0;0;0;0;0;0;0;0;0;0;0;7;0;0;0;0;0;0;0;0;0;21;0;0;0;0;0;0
08242;2016-06;0;7;0;0;0;0;0;0;0;0;24;0;49;0;0;0;0;0;0;0;0;0;5;0;0;0;0;0;0;0;12;0;6;0;0;0;0;0;0;0;46;0;0;0;0;0;0
08243;2016-06;0;2;0;0;0;0;0;0;0;0;3;0;44;0;0;0;0;0;0;0;0;0;0;0;0;0;0;0;0;0;3;0;1;0;0;0;0;0;0;0;53;0;0;0;0;0;0
08244;2016-06;0;573;0;0;0;0;0;0;0;0;1338;0;729;0;0;0;0;0;0;0;0;0;54;0;7;0;0;0;0;0;382;0;551;0;0;18;0;0;0;0;370;0;0;0;0;0;0
08245;2016-06;0;6353;0;0;0;0;0;0;0;0;15673;0;2929;0;0;0;0;0;0;0;0;0;965;0;100;0;0;0;0;0;8025;0;14750;0;0;178;0;0;0;0;1181;0;0;0;0;0;0
08246;2016-06;0;25;0;0;0;0;0;0;0;0;109;0;398;0;0;0;0;0;0;0;0;0;28;0;0;0;0;0;0;0;44;0;41;0;0;0;0;0;0;0;424;0;0;0;0;0;0
08247;2016-06;0;13;0;0;0;0;0;0;0;0;60;0;247;0;0;0;0;0;0;0;0;0;7;0;0;0;0;0;0;0;29;0;30;0;0;1;0;0;0;0;243;0;0;0;0;0;0
08248;2016-06;0;369;0;0;0;0;0;0;0;0;911;0;814;0;0;0;0;0;0;0;0;0;68;0;3;0;0;0;0;0;382;0;412;0;0;0;0;0;0;0;542;0;0;0;0;0;0
08249;2016-06;0;6;0;0;0;0;0;0;0;0;43;0;75;0;0;0;0;0;0;0;0;0;3;0;0;0;0;0;0;0;7;0;12;0;0;0;0;0;0;0;61;0;0;0;0;0;0
08250;2016-06;0;582;0;0;0;0;0;0;0;0;1169;0;464;0;0;0;0;0;0;0;0;0;67;0;7;0;0;0;0;0;670;0;1172;0;0;25;0;0;0;0;244;0;0;0;0;0;0
08251;2016-06;0;335;0;0;0;0;0;0;0;0;805;0;553;0;0;0;0;0;0;0;0;0;62;0;8;0;0;0;0;0;364;0;708;0;0;6;0;0;0;0;383;0;0;0;0;0;0
08252;2016-06;0;2541;0;0;0;0;0;0;0;0;5827;0;1357;0;0;0;0;0;0;0;0;0;357;0;18;0;0;0;0;0;2454;0;3516;0;0;59;0;0;0;0;627;0;0;0;0;0;0
08253;2016-06;0;0;0;0;0;0;0;0;0;0;13;0;24;0;0;0;0;0;0;0;0;0;0;0;0;0;0;0;0;0;0;0;2;0;0;0;0;0;0;0;40;0;0;0;0;0;0
08254;2016-06;0;17;0;0;0;0;0;0;0;0;122;0;526;0;0;0;0;0;0;0;0;0;9;0;2;0;0;0;0;0;33;0;32;0;0;1;0;0;0;0;404;0;0;0;0;0;0
08255;2016-06;0;0;0;0;0;0;0;0;0;0;14;0;28;0;0;0;0;0;0;0;0;0;1;0;0;0;0;0;0;0;0;0;0;0;0;0;0;0;0;0;35;0;0;0;0;0;0
08256;2016-06;0;23;0;0;0;0;0;0;0;0;172;0;111;0;0;0;0;0;0;0;0;0;13;0;0;0;0;0;0;0;50;0;39;0;0;0;0;0;0;0;71;0;0;0;0;0;0
08257;2016-06;0;1;0;0;0;0;0;0;0;0;11;0;15;0;0;0;0;0;0;0;0;0;1;0;0;0;0;0;0;0;1;0;2;0;0;0;0;0;0;0;40;0;0;0;0;0;0
08258;2016-06;0;9;0;0;0;0;0;0;0;0;58;0;264;0;0;0;0;0;0;0;0;0;6;0;0;0;0;0;0;0;21;0;17;0;0;0;0;0;0;0;170;0;0;0;0;0;0
08259;2016-06;0;291;0;0;0;0;0;0;0;0;968;0;1247;0;0;0;0;0;0;0;0;0;70;0;13;0;0;0;0;0;414;0;557;0;0;7;0;0;0;0;971;0;0;0;0;0;0
08260;2016-06;0;1790;0;0;0;0;0;0;0;0;3997;0;1363;0;0;0;0;0;0;0;0;0;244;0;11;0;0;0;0;0;1639;0;2305;0;0;51;0;0;0;0;757;0;0;0;0;0;0
08261;2016-06;0;211;0;0;0;0;0;0;0;0;371;0;304;0;0;0;0;0;0;0;0;0;29;0;1;0;0;0;0;0;209;0;136;0;0;1;0;0;0;0;220;0;0;0;0;0;0
08262;2016-06;0;308;0;0;0;0;0;0;0;0;1031;0;946;0;0;0;0;0;0;0;0;0;80;0;6;0;0;0;0;0;444;0;712;0;0;6;0;0;0;0;561;0;0;0;0;0;0
08263;2016-06;0;1768;0;0;0;0;0;0;0;0;3824;0;2031;0;0;0;0;0;0;0;0;0;287;0;15;0;0;0;0;0;1903;0;2802;0;0;41;0;0;0;0;763;0;0;0;0;0;0
08264;2016-06;0;421;0;0;0;0;0;0;0;0;434;0;628;0;0;0;0;0;0;0;0;0;50;0;1;0;0;0;0;0;436;0;232;0;0;8;0;0;0;0;672;0;0;0;0;0;0
08265;2016-06;0;42;0;0;0;0;0;0;0;0;130;0;430;0;0;0;0;0;0;0;0;0;12;0;0;0;0;0;0;0;34;0;55;0;0;1;0;0;0;0;303;0;0;0;0;0;0
08266;2016-06;0;3990;0;0;0;0;0;0;0;0;9264;0;3863;0;0;0;0;0;0;0;0;0;588;0;41;0;0;0;0;0;4071;0;5626;0;0;96;0;0;0;0;2271;0;0;0;0;0;0
08267;2016-06;0;435;0;0;0;0;0;0;0;0;1221;0;744;0;0;0;0;0;0;0;0;0;100;0;3;0;0;0;0;0;396;0;740;0;0;7;0;0;0;0;548;0;0;0;0;0;0
08268;2016-06;0;36;0;0;0;0;0;0;0;0;114;0;176;0;0;0;0;0;0;0;0;0;14;0;4;0;0;0;0;0;60;0;119;0;0;0;0;0;0;0;132;0;0;0;0;0;0
08269;2016-06;0;77;0;0;0;0;0;0;0;0;245;0;616;0;0;0;0;0;0;0;0;0;11;0;3;0;0;0;0;0;100;0;84;0;0;1;0;0;0;0;625;0;0;0;0;0;0
08270;2016-06;0;1755;0;0;0;0;0;0;0;0;2543;0;2245;0;0;0;0;0;0;0;0;0;248;0;12;0;0;0;0;0;1969;0;1548;0;0;26;0;0;0;0;1835;0;0;0;0;0;0
08271;2016-06;0;1;0;0;0;0;0;0;0;0;9;0;20;0;0;0;0;0;0;0;0;0;1;0;0;0;0;0;0;0;2;0;0;0;0;0;0;0;0;0;15;0;0;0;0;0;0
08272;2016-06;0;2;0;0;0;0;0;0;0;0;10;0;37;0;0;0;0;0;0;0;0;0;0;0;0;0;0;0;0;0;0;0;2;0;0;0;0;0;0;0;38;0;0;0;0;0;0
08273;2016-06;0;63;0;0;0;0;0;0;0;0;307;0;551;0;0;0;0;0;0;0;0;0;23;0;2;0;0;0;0;0;113;0;111;0;0;5;0;0;0;0;452;0;0;0;0;0;0
08274;2016-06;0;254;0;0;0;0;0;0;0;0;628;0;573;0;0;0;0;0;0;0;0;0;45;0;2;0;0;0;0;0;251;0;694;0;0;13;0;0;0;0;523;0;0;0;0;0;0
08275;2016-06;0;0;0;0;0;0;0;0;0;0;12;0;66;0;0;0;0;0;0;0;0;0;4;0;0;0;0;0;0;0;7;0;8;0;0;1;0;0;0;0;77;0;0;0;0;0;0
08276;2016-06;0;8;0;0;0;0;0;0;0;0;35;0;61;0;0;0;0;0;0;0;0;0;0;0;1;0;0;0;0;0;10;0;8;0;0;1;0;0;0;0;39;0;0;0;0;0;0
08277;2016-06;0;0;0;0;0;0;0;0;0;0;16;0;31;0;0;0;0;0;0;0;0;0;4;0;1;0;0;0;0;0;8;0;5;0;0;0;0;0;0;0;42;0;0;0;0;0;0
08278;2016-06;0;79;0;0;0;0;0;0;0;0;345;0;1040;0;0;0;0;0;0;0;0;0;38;0;3;0;0;0;0;0;150;0;117;0;0;1;0;0;0;0;1355;0;0;0;0;0;0
08279;2016-06;0;12766;0;0;0;0;0;0;0;0;28602;0;14924;0;0;0;0;0;0;0;0;0;1984;0;144;0;0;0;0;0;12355;0;18130;0;0;367;0;0;0;0;10509;0;0;0;0;0;0
08280;2016-06;0;3;0;0;0;0;0;0;0;0;12;0;23;0;0;0;0;0;0;0;0;0;0;0;1;0;0;0;0;0;2;0;1;0;0;0;0;0;0;0;22;0;0;0;0;0;0
08281;2016-06;0;348;0;0;0;0;0;0;0;0;624;0;873;0;0;0;0;0;0;0;0;0;67;0;1;0;0;0;0;0;339;0;242;0;0;5;0;0;0;0;802;0;0;0;0;0;0
08282;2016-06;0;476;0;0;0;0;0;0;0;0;1032;0;1172;0;0;0;0;0;0;0;0;0;80;0;7;0;0;0;0;0;503;0;429;0;0;11;0;0;0;0;935;0;0;0;0;0;0
08283;2016-06;0;160;0;0;0;0;0;0;0;0;490;0;1181;0;0;0;0;0;0;0;0;0;57;0;4;0;0;0;0;0;273;0;319;0;0;6;0;0;0;0;1128;0;0;0;0;0;0
08284;2016-06;0;741;0;0;0;0;0;0;0;0;1899;0;1221;0;0;0;0;0;0;0;0;0;124;0;12;0;0;0;0;0;779;0;1103;0;0;20;0;0;0;0;1131;0;0;0;0;0;0
08285;2016-06;0;331;0;0;0;0;0;0;0;0;1040;0;1929;0;0;0;0;0;0;0;0;0;63;0;10;0;0;0;0;0;364;0;759;0;0;10;0;0;0;0;1784;0;0;0;0;0;0
08286;2016-06;0;232;0;0;0;0;0;0;0;0;444;0;259;0;0;0;0;0;0;0;0;0;45;0;4;0;0;0;0;0;245;0;328;0;0;7;0;0;0;0;219;0;0;0;0;0;0
08287;2016-06;0;26;0;0;0;0;0;0;0;0;122;0;245;0;0;0;0;0;0;0;0;0;5;0;1;0;0;0;0;0;32;0;53;0;0;0;0;0;0;0;249;0;0;0;0;0;0
08288;2016-06;0;84;0;0;0;0;0;0;0;0;268;0;159;0;0;0;0;0;0;0;0;0;23;0;1;0;0;0;0;0;118;0;189;0;0;0;0;0;0;0;145;0;0;0;0;0;0
08289;2016-06;0;292;0;0;0;0;0;0;0;0;836;0;800;0;0;0;0;0;0;0;0;0;57;0;1;0;0;0;0;0;221;0;267;0;0;6;0;0;0;0;391;0;0;0;0;0;0
08290;2016-06;0;76;0;0;0;0;0;0;0;0;236;0;352;0;0;0;0;0;0;0;0;0;28;0;0;0;0;0;0;0;69;0;77;0;0;2;0;0;0;0;258;0;0;0;0;0;0
08291;2016-06;0;399;0;0;0;0;0;0;0;0;853;0;601;0;0;0;0;0;0;0;0;0;73;0;3;0;0;0;0;0;314;0;409;0;0;11;0;0;0;0;281;0;0;0;0;0;0
08292;2016-06;0;45;0;0;0;0;0;0;0;0;142;0;223;0;0;0;0;0;0;0;0;0;19;0;2;0;0;0;0;0;70;0;109;0;0;1;0;0;0;0;108;0;0;0;0;0;0
08293;2016-06;0;3;0;0;0;0;0;0;0;0;18;0;63;0;0;0;0;0;0;0;0;0;1;0;1;0;0;0;0;0;6;0;13;0;0;0;0;0;0;0;62;0;0;0;0;0;0
08294;2016-06;0;91;0;0;0;0;0;0;0;0;334;0;377;0;0;0;0;0;0;0;0;0;28;0;2;0;0;0;0;0;93;0;81;0;0;2;0;0;0;0;255;0;0;0;0;0;0
08295;2016-06;0;952;0;0;0;0;0;0;0;0;1997;0;989;0;0;0;0;0;0;0;0;0;141;0;4;0;0;0;0;0;922;0;1219;0;0;27;0;0;0;0;616;0;0;0;0;0;0
08296;2016-06;0;166;0;0;0;0;0;0;0;0;210;0;314;0;0;0;0;0;0;0;0;0;16;0;1;0;0;0;0;0;171;0;76;0;0;3;0;0;0;0;267;0;0;0;0;0;0
08297;2016-06;0;1;0;0;0;0;0;0;0;0;8;0;21;0;0;0;0;0;0;0;0;0;1;0;0;0;0;0;0;0;5;0;4;0;0;1;0;0;0;0;43;0;0;0;0;0;0
08298;2016-06;0;820;0;0;0;0;0;0;0;0;2104;0;5225;0;0;0;0;0;0;0;0;0;152;0;12;0;0;0;0;0;1320;0;1551;0;0;20;0;0;0;0;5248;0;0;0;0;0;0
08299;2016-06;0;1;0;0;0;0;0;0;0;0;21;0;93;0;0;0;0;0;0;0;0;0;4;0;0;0;0;0;0;0;15;0;17;0;0;0;0;0;0;0;88;0;0;0;0;0;0
08300;2016-06;0;518;0;0;0;0;0;0;0;0;1112;0;739;0;0;0;0;0;0;0;0;0;65;0;1;0;0;0;0;0;490;0;537;0;0;18;0;0;0;0;449;0;0;0;0;0;0
08301;2016-06;0;4961;0;0;0;0;0;0;0;0;10045;0;2478;0;0;0;0;0;0;0;0;0;654;0;55;0;0;0;0;0;4654;0;8086;0;0;129;0;0;0;0;1218;0;0;0;0;0;0
08302;2016-06;0;892;0;0;0;0;0;0;0;0;1712;0;552;0;0;0;0;0;0;0;0;0;137;0;9;0;0;0;0;0;834;0;1379;0;0;16;0;0;0;0;278;0;0;0;0;0;0
08303;2016-06;0;8;0;0;0;0;0;0;0;0;33;0;65;0;0;0;0;0;0;0;0;0;3;0;0;0;0;0;0;0;5;0;16;0;0;0;0;0;0;0;60;0;0;0;0;0;0
08304;2016-06;0;37;0;0;0;0;0;0;0;0;94;0;196;0;0;0;0;0;0;0;0;0;4;0;1;0;0;0;0;0;29;0;41;0;0;0;0;0;0;0;153;0;0;0;0;0;0
08305;2016-06;0;1410;0;0;0;0;0;0;0;0;3726;0;4402;0;0;0;0;0;0;0;0;0;280;0;33;0;0;0;0;0;1756;0;2656;0;0;37;0;0;0;0;3362;0;0;0;0;0;0
08306;2016-06;0;25;0;0;0;0;0;0;0;0;73;0;72;0;0;0;0;0;0;0;0;0;7;0;0;0;0;0;0;0;32;0;19;0;0;3;0;0;0;0;61;0;0;0;0;0;0
08307;2016-06;0;3493;0;0;0;0;0;0;0;0;8866;0;5885;0;0;0;0;0;0;0;0;0;574;0;27;0;0;0;0;0;3428;0;5559;0;0;88;0;0;0;0;3683;0;0;0;0;0;0
08308;2016-06;0;0;0;0;0;0;0;0;0;0;4;0;9;0;0;0;0;0;0;0;0;0;0;0;0;0;0;0;0;0;2;0;2;0;0;0;0;0;0;0;69;0;0;0;0;0;0
08901;2016-06;0;5;0;0;0;0;0;0;0;0;11;0;52;0;0;0;0;0;0;0;0;0;0;0;0;0;0;0;0;0;4;0;3;0;0;0;0;0;0;0;69;0;0;0;0;0;0
08902;2016-06;0;349;0;0;0;0;0;0;0;0;610;0;479;0;0;0;0;0;0;0;0;0;50;0;0;0;0;0;0;0;317;0;299;0;0;4;0;0;0;0;419;0;0;0;0;0;0
08903;2016-06;0;1;0;0;0;0;0;0;0;0;14;0;76;0;0;0;0;0;0;0;0;0;0;0;0;0;0;0;0;0;4;0;4;0;0;0;0;0;0;0;66;0;0;0;0;0;0
08904;2016-06;0;813;0;0;0;0;0;0;0;0;2372;0;244;0;0;0;0;0;0;0;0;0;151;0;14;0;0;0;0;0;1013;0;1843;0;0;16;0;0;0;0;61;0;0;0;0;0;0
08905;2016-06;0;159;0;0;0;0;0;0;0;0;429;0;376;0;0;0;0;0;0;0;0;0;40;0;3;0;0;0;0;0;147;0;177;0;0;4;0;0;0;0;320;0;0;0;0;0;0
09001;2016-06;0;1;0;0;0;0;0;0;0;0;0;0;0;0;0;0;0;0;0;0;0;0;0;0;0;0;0;0;0;0;7;0;14;0;0;0;0;0;0;0;0;0;0;0;0;0;0
09003;2016-06;0;11;0;0;0;0;0;0;0;0;0;0;0;0;0;0;0;0;0;0;0;0;2;0;0;0;0;0;0;36;56;0;39;0;0;1;0;0;0;0;0;0;0;0;0;1;0
09006;2016-06;0;4;0;0;0;0;0;0;0;0;0;0;0;0;0;0;1;0;0;0;0;0;2;0;0;0;0;0;0;7;19;0;6;0;0;0;0;0;0;0;0;0;0;0;0;0;0
09007;2016-06;0;3;0;0;0;0;0;0;0;0;0;0;0;0;0;0;0;0;0;0;0;0;0;0;0;0;0;0;0;0;30;0;6;0;0;0;0;0;0;0;0;0;0;0;0;0;0
09009;2016-06;0;29;0;0;0;0;0;0;0;0;0;0;0;0;0;0;0;0;0;0;0;0;2;0;2;0;0;0;0;10;60;0;24;0;0;2;0;0;0;0;0;0;0;0;0;0;0
09010;2016-06;0;1;0;0;0;0;0;0;0;0;0;0;0;0;0;0;0;0;0;0;0;0;0;0;0;0;0;0;0;0;18;0;3;0;0;0;0;0;0;0;0;0;0;0;0;0;0
09011;2016-06;0;5;0;0;0;0;0;0;0;0;0;0;0;0;0;0;0;0;0;0;0;0;0;0;0;0;0;0;0;8;29;0;5;0;0;0;0;0;0;0;0;0;0;0;0;1;0
09012;2016-06;0;7;0;0;0;0;0;0;0;0;0;0;0;0;0;0;0;0;0;0;0;0;2;0;0;0;0;0;0;5;30;0;17;0;0;1;0;0;0;0;0;0;0;0;0;1;0
09013;2016-06;0;3;0;0;0;0;0;0;0;0;0;0;0;0;0;0;0;0;0;0;0;0;1;0;0;0;0;0;0;7;23;0;3;0;0;0;0;0;0;0;0;0;0;0;0;0;0
09014;2016-06;0;11;0;0;0;0;0;0;0;0;0;0;0;0;0;0;1;0;0;0;0;0;4;0;0;0;0;0;0;12;52;0;32;0;0;0;0;1;0;0;0;0;0;0;0;0;0
09016;2016-06;0;7;0;0;0;0;0;0;0;0;0;0;0;0;0;0;0;0;0;0;0;0;1;0;0;0;0;0;0;8;25;0;12;0;0;1;0;0;0;0;0;0;0;0;0;2;0
09017;2016-06;0;6;0;0;0;0;0;0;0;0;0;0;0;0;0;0;0;0;0;0;0;0;0;0;0;0;0;0;0;0;27;0;30;0;0;0;0;0;0;0;0;0;0;0;0;0;0
09018;2016-06;0;2857;0;0;0;0;0;0;0;0;0;0;0;0;0;0;10;0;0;0;0;0;139;0;22;0;0;0;0;2876;6959;0;4233;0;0;43;0;7;0;0;0;0;0;0;0;68;44
09019;2016-06;0;10;0;0;0;0;0;0;0;0;0;0;0;0;0;0;0;0;0;0;0;0;1;0;0;0;0;0;0;13;48;0;18;0;0;0;0;0;0;0;0;0;0;0;0;0;0
09020;2016-06;0;23;0;0;0;0;0;0;0;0;0;0;0;0;0;0;0;0;0;0;0;0;0;0;0;0;0;0;0;15;102;0;40;0;0;0;0;0;0;0;0;0;0;0;0;0;3
09021;2016-06;0;4;0;0;0;0;0;0;0;0;0;0;0;0;0;0;0;0;0;0;0;0;2;0;0;0;0;0;0;7;14;0;1;0;0;0;0;0;0;0;0;0;0;0;0;1;1
09022;2016-06;0;13;0;0;0;0;0;0;0;0;0;0;0;0;0;0;1;0;0;0;0;0;0;0;0;0;0;0;0;5;30;0;6;0;0;0;0;0;0;0;0;0;0;0;0;0;1
09023;2016-06;0;164;0;0;0;0;0;0;0;0;0;0;0;0;0;0;3;0;0;0;0;0;4;0;0;0;0;0;0;166;320;0;131;0;0;3;0;3;0;0;0;0;0;0;0;3;3
09024;2016-06;0;6;0;0;0;0;0;0;0;0;0;0;0;0;0;0;1;0;0;0;0;0;0;0;0;0;0;0;0;14;69;0;18;0;0;0;0;0;0;0;0;0;0;0;0;0;1
09025;2016-06;0;9;0;0;0;0;0;0;0;0;0;0;0;0;0;0;0;0;0;0;0;0;1;0;0;0;0;0;0;8;47;0;15;0;0;0;0;0;0;0;0;0;0;0;0;0;2
09026;2016-06;0;52;0;0;0;0;0;0;0;0;0;0;0;0;0;0;0;0;0;0;0;0;7;0;1;0;0;0;0;50;125;0;61;0;0;1;0;1;0;0;0;0;0;0;0;1;1
09027;2016-06;0;2;0;0;0;0;0;0;0;0;0;0;0;0;0;0;0;0;0;0;0;0;0;0;0;0;0;0;0;11;14;0;12;0;0;2;0;0;0;0;0;0;0;0;0;0;0
09029;2016-06;0;20;0;0;0;0;0;0;0;0;0;0;0;0;0;0;0;0;0;0;0;0;5;0;1;0;0;0;0;26;51;0;18;0;0;1;0;0;0;0;0;0;0;0;0;2;1
09030;2016-06;0;11;0;0;0;0;0;0;0;0;0;0;0;0;0;0;0;0;0;0;0;0;1;0;0;0;0;0;0;6;41;0;13;0;0;0;0;0;0;0;0;0;0;0;0;0;0
09032;2016-06;0;7;0;0;0;0;0;0;0;0;0;0;0;0;0;0;0;0;0;0;0;0;0;0;0;0;0;0;0;10;25;0;31;0;0;0;0;0;0;0;0;0;0;0;0;0;0
09033;2016-06;0;9;0;0;0;0;0;0;0;0;0;0;0;0;0;0;0;0;0;0;0;0;0;0;0;0;0;0;0;7;43;0;11;0;0;0;0;0;0;0;0;0;0;0;0;3;0
09034;2016-06;0;31;0;0;0;0;0;0;0;0;0;0;0;0;0;0;0;0;0;0;0;0;0;0;0;0;0;0;0;11;134;0;48;0;0;0;0;0;0;0;0;0;0;0;0;1;0
09035;2016-06;0;33;0;0;0;0;0;0;0;0;0;0;0;0;0;0;0;0;0;0;0;0;0;0;0;0;0;0;0;49;86;0;51;0;0;0;0;2;0;0;0;0;0;0;0;0;2
09036;2016-06;0;4;0;0;0;0;0;0;0;0;0;0;0;0;0;0;0;0;0;0;0;0;1;0;0;0;0;0;0;4;19;0;1;0;0;0;0;0;0;0;0;0;0;0;0;0;0
09037;2016-06;0;15;0;0;0;0;0;0;0;0;0;0;0;0;0;0;0;0;0;0;0;0;2;0;0;0;0;0;0;15;15;0;43;0;0;0;0;0;0;0;0;0;0;0;0;0;1
09038;2016-06;0;0;0;0;0;0;0;0;0;0;0;0;0;0;0;0;0;0;0;0;0;0;0;0;0;0;0;0;0;12;40;0;28;0;0;0;0;0;0;0;0;0;0;0;0;20;0
09039;2016-06;0;6;0;0;0;0;0;0;0;0;0;0;0;0;0;0;0;0;0;0;0;0;0;0;0;0;0;0;0;4;34;0;0;0;0;0;0;0;0;0;0;0;0;0;0;0;0
09041;2016-06;0;3;0;0;0;0;0;0;0;0;0;0;0;0;0;0;0;0;0;0;0;0;0;0;0;0;0;0;0;4;12;0;8;0;0;0;0;0;0;0;0;0;0;0;0;0;0
09043;2016-06;0;18;0;0;0;0;0;0;0;0;0;0;0;0;0;0;0;0;0;0;0;0;1;0;0;0;0;0;0;18;70;0;24;0;0;0;0;0;0;0;0;0;0;0;0;1;0
09044;2016-06;0;5;0;0;0;0;0;0;0;0;0;0;0;0;0;0;0;0;0;0;0;0;0;0;1;0;0;0;0;3;15;0;9;0;0;0;0;0;0;0;0;0;0;0;0;0;0
09045;2016-06;0;23;0;0;0;0;0;0;0;0;0;0;0;0;0;0;0;0;0;0;0;0;0;0;0;0;0;0;0;27;104;0;22;0;0;0;0;0;0;0;0;0;0;0;0;0;1
09046;2016-06;0;0;0;0;0;0;0;0;0;0;0;0;0;0;0;0;0;0;0;0;0;0;0;0;0;0;0;0;0;9;12;0;4;0;0;0;0;0;0;0;0;0;0;0;0;0;0
09047;2016-06;0;5;0;0;0;0;0;0;0;0;0;0;0;0;0;0;0;0;0;0;0;0;0;0;0;0;0;0;0;6;29;0;5;0;0;0;0;0;0;0;0;0;0;0;0;0;0
09048;2016-06;0;126;0;0;0;0;0;0;0;0;0;0;0;0;0;0;1;0;0;0;0;0;6;0;5;0;0;0;0;190;456;0;224;0;0;3;0;1;0;0;0;0;0;0;0;6;2
09050;2016-06;0;1;0;0;0;0;0;0;0;0;0;0;0;0;0;0;0;0;0;0;0;0;1;0;0;0;0;0;0;21;24;0;6;0;0;0;0;0;0;0;0;0;0;0;0;0;1
09051;2016-06;0;7;0;0;0;0;0;0;0;0;0;0;0;0;0;0;0;0;0;0;0;0;2;0;1;0;0;0;0;18;80;0;18;0;0;0;0;0;0;0;0;0;0;0;0;2;0
09052;2016-06;0;4;0;0;0;0;0;0;0;0;0;0;0;0;0;0;0;0;0;0;0;0;0;0;0;0;0;0;0;1;16;0;1;0;0;0;0;0;0;0;0;0;0;0;0;1;0
09054;2016-06;0;8;0;0;0;0;0;0;0;0;0;0;0;0;0;0;1;0;0;0;0;0;1;0;1;0;0;0;0;17;30;0;7;0;0;0;0;0;0;0;0;0;0;0;0;0;0
09055;2016-06;0;4;0;0;0;0;0;0;0;0;0;0;0;0;0;0;0;0;0;0;0;0;0;0;0;0;0;0;0;3;21;0;12;0;0;0;0;0;0;0;0;0;0;0;0;0;0
09056;2016-06;0;506;0;0;0;0;0;0;0;0;0;0;0;0;0;0;3;0;0;0;0;0;24;0;12;0;0;0;0;512;1597;0;643;0;0;7;0;5;0;0;0;0;0;0;0;8;7
09057;2016-06;0;11;0;0;0;0;0;0;0;0;0;0;0;0;0;0;0;0;0;0;0;0;0;0;0;0;0;0;0;30;47;0;19;0;0;0;0;0;0;0;0;0;0;0;0;0;1
09058;2016-06;0;53;0;0;0;0;0;0;0;0;0;0;0;0;0;0;1;0;0;0;0;0;5;0;0;0;0;0;0;53;112;0;48;0;0;1;0;0;0;0;0;0;0;0;0;4;1
09059;2016-06;0;16259;0;0;0;0;0;0;0;0;0;0;0;0;0;0;98;0;0;0;0;0;956;0;126;0;0;0;0;17182;42251;0;21486;0;0;235;0;187;0;0;0;0;0;0;0;389;387
09060;2016-06;0;9;0;0;0;0;0;0;0;0;0;0;0;0;0;0;0;0;0;0;0;0;1;0;0;0;0;0;0;5;74;0;21;0;0;0;0;0;0;0;0;0;0;0;0;0;1
09061;2016-06;0;2;0;0;0;0;0;0;0;0;0;0;0;0;0;0;0;0;0;0;0;0;0;0;0;0;0;0;0;5;106;0;9;0;0;0;0;0;0;0;0;0;0;0;0;1;0
09062;2016-06;0;4;0;0;0;0;0;0;0;0;0;0;0;0;0;0;0;0;0;0;0;0;0;0;0;0;0;0;0;6;20;0;9;0;0;0;0;0;0;0;0;0;0;0;0;0;0
09063;2016-06;0;24;0;0;0;0;0;0;0;0;0;0;0;0;0;0;1;0;0;0;0;0;3;0;1;0;0;0;0;10;107;0;16;0;0;0;0;0;0;0;0;0;0;0;0;2;1
09064;2016-06;0;80;0;0;0;0;0;0;0;0;0;0;0;0;0;0;0;0;0;0;0;0;4;0;0;0;0;0;0;21;127;0;33;0;0;0;0;0;0;0;0;0;0;0;0;0;1
09065;2016-06;0;15;0;0;0;0;0;0;0;0;0;0;0;0;0;0;0;0;0;0;0;0;0;0;0;0;0;0;0;17;61;0;28;0;0;0;0;0;0;0;0;0;0;0;0;0;0
09066;2016-06;0;8;0;0;0;0;0;0;0;0;0;0;0;0;0;0;0;0;0;0;0;0;0;0;0;0;0;0;0;6;17;0;16;0;0;0;0;0;0;0;0;0;0;0;0;0;0
09067;2016-06;0;26;0;0;0;0;0;0;0;0;0;0;0;0;0;0;0;0;0;0;0;0;1;0;0;0;0;0;0;30;175;0;54;0;0;0;0;0;0;0;0;0;0;0;0;1;1
09068;2016-06;0;2;0;0;0;0;0;0;0;0;0;0;0;0;0;0;0;0;0;0;0;0;1;0;0;0;0;0;0;6;9;0;6;0;0;0;0;0;0;0;0;0;0;0;0;0;0
09070;2016-06;0;2;0;0;0;0;0;0;0;0;0;0;0;0;0;0;0;0;0;0;0;0;0;0;0;0;0;0;0;6;11;0;7;0;0;0;0;0;0;0;0;0;0;0;0;0;0
09071;2016-06;0;6;0;0;0;0;0;0;0;0;0;0;0;0;0;0;0;0;0;0;0;0;1;0;0;0;0;0;0;3;17;0;7;0;0;0;0;0;0;0;0;0;0;0;0;0;0
09072;2016-06;0;45;0;0;0;0;0;0;0;0;0;0;0;0;0;0;0;0;0;0;0;0;3;0;1;0;0;0;0;37;88;0;64;0;0;1;0;0;0;0;0;0;0;0;0;2;0
09073;2016-06;0;131;0;0;0;0;0;0;0;0;0;0;0;0;0;0;0;0;0;0;0;0;6;0;1;0;0;0;0;148;256;0;134;0;0;2;0;0;0;0;0;0;0;0;0;3;1
09074;2016-06;0;129;0;0;0;0;0;0;0;0;0;0;0;0;0;0;0;0;0;0;0;0;4;0;0;0;0;0;0;91;220;0;114;0;0;1;0;1;0;0;0;0;0;0;0;1;2
09075;2016-06;0;14;0;0;0;0;0;0;0;0;0;0;0;0;0;0;0;0;0;0;0;0;1;0;0;0;0;0;0;11;47;0;14;0;0;0;0;0;0;0;0;0;0;0;0;0;1
09076;2016-06;0;6;0;0;0;0;0;0;0;0;0;0;0;0;0;0;0;0;0;0;0;0;0;0;1;0;0;0;0;0;8;0;1;0;0;0;0;0;0;0;0;0;0;0;0;0;0
09077;2016-06;0;6;0;0;0;0;0;0;0;0;0;0;0;0;0;0;0;0;0;0;0;0;0;0;0;0;0;0;0;4;12;0;5;0;0;0;0;0;0;0;0;0;0;0;0;0;0
09078;2016-06;0;5;0;0;0;0;0;0;0;0;0;0;0;0;0;0;0;0;0;0;0;0;0;0;0;0;0;0;0;2;13;0;9;0;0;0;0;0;0;0;0;0;0;0;0;0;0
09079;2016-06;0;2;0;0;0;0;0;0;0;0;0;0;0;0;0;0;0;0;0;0;0;0;1;0;0;0;0;0;0;3;37;0;1;0;0;0;0;0;0;0;0;0;0;0;0;1;0
09082;2016-06;0;1;0;0;0;0;0;0;0;0;0;0;0;0;0;0;0;0;0;0;0;0;0;0;0;0;0;0;0;0;34;0;1;0;0;0;0;0;0;0;0;0;0;0;0;0;0
09083;2016-06;0;2;0;0;0;0;0;0;0;0;0;0;0;0;0;0;0;0;0;0;0;0;0;0;0;0;0;0;0;5;25;0;1;0;0;0;0;0;0;0;0;0;0;0;0;0;0
09084;2016-06;0;12;0;0;0;0;0;0;0;0;0;0;0;0;0;0;0;0;0;0;0;0;0;0;0;0;0;0;0;16;78;0;25;0;0;0;0;0;0;0;0;0;0;0;0;0;0
09085;2016-06;0;58;0;0;0;0;0;0;0;0;0;0;0;0;0;0;1;0;0;0;0;0;3;0;1;0;0;0;0;52;141;0;81;0;0;0;0;1;0;0;0;0;0;0;0;0;2
09086;2016-06;0;80;0;0;0;0;0;0;0;0;0;0;0;0;0;0;1;0;0;0;0;0;5;0;0;0;0;0;0;66;240;0;61;0;0;1;0;0;0;0;0;0;0;0;0;2;1
09088;2016-06;0;4;0;0;0;0;0;0;0;0;0;0;0;0;0;0;0;0;0;0;0;0;1;0;0;0;0;0;0;11;18;0;10;0;0;0;0;0;0;0;0;0;0;0;0;1;0
09090;2016-06;0;5;0;0;0;0;0;0;0;0;0;0;0;0;0;0;0;0;0;0;0;0;0;0;0;0;0;0;0;5;34;0;3;0;0;0;0;0;0;0;0;0;0;0;0;1;0
09091;2016-06;0;57;0;0;0;0;0;0;0;0;0;0;0;0;0;0;1;0;0;0;0;0;0;0;1;0;0;0;0;44;299;0;84;0;0;0;0;0;0;0;0;0;0;0;0;0;0
09093;2016-06;0;16;0;0;0;0;0;0;0;0;0;0;0;0;0;0;0;0;0;0;0;0;3;0;0;0;0;0;0;16;55;0;28;0;0;0;0;0;0;0;0;0;0;0;0;0;1
09094;2016-06;0;6;0;0;0;0;0;0;0;0;0;0;0;0;0;0;0;0;0;0;0;0;0;0;0;0;0;0;0;3;22;0;5;0;0;0;0;4;0;0;0;0;0;0;0;1;0
09095;2016-06;0;6;0;0;0;0;0;0;0;0;0;0;0;0;0;0;0;0;0;0;0;0;0;0;0;0;0;0;0;1;45;0;8;0;0;0;0;1;0;0;0;0;0;0;0;0;0
09098;2016-06;0;44;0;0;0;0;0;0;0;0;0;0;0;0;0;0;1;0;0;0;0;0;1;0;0;0;0;0;0;42;169;0;99;0;0;1;0;0;0;0;0;0;0;0;0;0;0
09100;2016-06;0;5;0;0;0;0;0;0;0;0;0;0;0;0;0;0;0;0;0;0;0;0;0;0;0;0;0;0;0;2;31;0;4;0;0;0;0;0;0;0;0;0;0;0;0;1;1
09101;2016-06;0;4;0;0;0;0;0;0;0;0;0;0;0;0;0;0;0;0;0;0;0;0;0;0;0;0;0;0;0;7;36;0;6;0;0;0;0;0;0;0;0;0;0;0;0;0;1
09102;2016-06;0;1;0;0;0;0;0;0;0;0;0;0;0;0;0;0;0;0;0;0;0;0;0;0;0;0;0;0;0;8;17;0;4;0;0;0;0;0;0;0;0;0;0;0;0;0;0
09103;2016-06;0;9;0;0;0;0;0;0;0;0;0;0;0;0;0;0;0;0;0;0;0;0;0;0;0;0;0;0;0;22;80;0;71;0;0;0;0;0;0;0;0;0;0;0;0;0;0
09104;2016-06;0;3;0;0;0;0;0;0;0;0;0;0;0;0;0;0;0;0;0;0;0;0;1;0;0;0;0;0;0;3;35;0;0;0;0;0;0;0;0;0;0;0;0;0;0;0;0
09105;2016-06;0;14;0;0;0;0;0;0;0;0;0;0;0;0;0;0;0;0;0;0;0;0;1;0;0;0;0;0;0;19;34;0;11;0;0;0;0;0;0;0;0;0;0;0;0;0;1
09108;2016-06;0;56;0;0;0;0;0;0;0;0;0;0;0;0;0;0;2;0;0;0;0;0;3;0;0;0;0;0;0;53;92;0;69;0;0;0;0;1;0;0;0;0;0;0;0;2;0
09109;2016-06;0;72;0;0;0;0;0;0;0;0;0;0;0;0;0;0;1;0;0;0;0;0;14;0;3;0;0;0;0;264;147;0;79;0;0;4;0;1;0;0;0;0;0;0;0;2;0
09110;2016-06;0;11;0;0;0;0;0;0;0;0;0;0;0;0;0;0;0;0;0;0;0;0;0;0;0;0;0;0;0;1;40;0;11;0;0;0;0;0;0;0;0;0;0;0;0;0;0
09112;2016-06;0;12;0;0;0;0;0;0;0;0;0;0;0;0;0;0;0;0;0;0;0;0;1;0;0;0;0;0;0;11;41;0;20;0;0;0;0;0;0;0;0;0;0;0;0;0;0
09113;2016-06;0;46;0;0;0;0;0;0;0;0;0;0;0;0;0;0;0;0;0;0;0;0;0;0;0;0;0;0;0;58;145;0;76;0;0;0;0;1;0;0;0;0;0;0;0;2;0
09114;2016-06;0;8;0;0;0;0;0;0;0;0;0;0;0;0;0;0;0;0;0;0;0;0;0;0;0;0;0;0;0;4;38;0;16;0;0;0;0;0;0;0;0;0;0;0;0;0;0
09115;2016-06;0;2;0;0;0;0;0;0;0;0;0;0;0;0;0;0;0;0;0;0;0;0;0;0;0;0;0;0;0;14;47;0;2;0;0;0;0;1;0;0;0;0;0;0;0;1;0
09117;2016-06;0;5;0;0;0;0;0;0;0;0;0;0;0;0;0;0;0;0;0;0;0;0;1;0;0;0;0;0;0;4;37;0;13;0;0;0;0;0;0;0;0;0;0;0;0;0;0
09119;2016-06;0;2;0;0;0;0;0;0;0;0;0;0;0;0;0;0;0;0;0;0;0;0;0;0;0;0;0;0;0;3;14;0;9;0;0;0;0;0;0;0;0;0;0;0;0;0;0
09120;2016-06;0;6;0;0;0;0;0;0;0;0;0;0;0;0;0;0;0;0;0;0;0;0;0;0;0;0;0;0;0;8;11;0;6;0;0;0;0;0;0;0;0;0;0;0;0;0;0
09122;2016-06;0;3;0;0;0;0;0;0;0;0;0;0;0;0;0;0;0;0;0;0;0;0;1;0;0;0;0;0;0;1;48;0;12;0;0;0;0;0;0;0;0;0;0;0;0;0;0
09123;2016-06;0;0;0;0;0;0;0;0;0;0;0;0;0;0;0;0;0;0;0;0;0;0;0;0;0;0;0;0;0;6;17;0;12;0;0;0;0;0;0;0;0;0;0;0;0;0;0
09124;2016-06;0;102;0;0;0;0;0;0;0;0;0;0;0;0;0;0;6;0;0;0;0;0;5;0;2;0;0;0;0;126;433;0;333;0;0;3;0;1;0;0;0;0;0;0;0;6;5
09125;2016-06;0;41;0;0;0;0;0;0;0;0;0;0;0;0;0;0;0;0;0;0;0;0;0;0;0;0;0;0;0;40;277;0;69;0;0;2;0;0;0;0;0;0;0;0;0;0;0
09127;2016-06;0;3;0;0;0;0;0;0;0;0;0;0;0;0;0;0;0;0;0;0;0;0;0;0;0;0;0;0;0;4;29;0;3;0;0;0;0;0;0;0;0;0;0;0;0;0;0
09128;2016-06;0;5;0;0;0;0;0;0;0;0;0;0;0;0;0;0;0;0;0;0;0;0;2;0;0;0;0;0;0;10;27;0;19;0;0;0;0;0;0;0;0;0;0;0;0;0;0
09129;2016-06;0;6;0;0;0;0;0;0;0;0;0;0;0;0;0;0;0;0;0;0;0;0;0;0;0;0;0;0;0;8;28;0;41;0;0;0;0;0;0;0;0;0;0;0;0;0;0
09130;2016-06;0;2;0;0;0;0;0;0;0;0;0;0;0;0;0;0;0;0;0;0;0;0;0;0;0;0;0;0;0;4;37;0;6;0;0;0;0;0;0;0;0;0;0;0;0;0;0
09131;2016-06;0;55;0;0;0;0;0;0;0;0;0;0;0;0;0;0;0;0;0;0;0;0;3;0;0;0;0;0;0;68;123;0;112;0;0;0;0;0;0;0;0;0;0;0;0;0;1
09132;2016-06;0;17;0;0;0;0;0;0;0;0;0;0;0;0;0;0;0;0;0;0;0;0;0;0;1;0;0;0;0;9;72;0;18;0;0;0;0;0;0;0;0;0;0;0;0;2;1
09133;2016-06;0;4;0;0;0;0;0;0;0;0;0;0;0;0;0;0;0;0;0;0;0;0;0;0;0;0;0;0;0;8;15;0;5;0;0;0;0;0;0;0;0;0;0;0;0;0;0
09134;2016-06;0;15;0;0;0;0;0;0;0;0;0;0;0;0;0;0;1;0;0;0;0;0;2;0;0;0;0;0;0;47;42;0;42;0;0;0;0;0;0;0;0;0;0;0;0;0;0
09135;2016-06;0;2;0;0;0;0;0;0;0;0;0;0;0;0;0;0;1;0;0;0;0;0;0;0;0;0;0;0;0;2;18;0;7;0;0;0;0;0;0;0;0;0;0;0;0;0;0
09136;2016-06;0;14;0;0;0;0;0;0;0;0;0;0;0;0;0;0;0;0;0;0;0;0;2;0;0;0;0;0;0;25;70;0;23;0;0;0;0;0;0;0;0;0;0;0;0;1;0
09137;2016-06;0;18;0;0;0;0;0;0;0;0;0;0;0;0;0;0;0;0;0;0;0;0;0;0;1;0;0;0;0;19;68;0;21;0;0;0;0;0;0;0;0;0;0;0;0;1;0
09138;2016-06;0;6;0;0;0;0;0;0;0;0;0;0;0;0;0;0;0;0;0;0;0;0;0;0;0;0;0;0;0;2;48;0;13;0;0;0;0;0;0;0;0;0;0;0;0;1;0
09139;2016-06;0;6;0;0;0;0;0;0;0;0;0;0;0;0;0;0;0;0;0;0;0;0;1;0;0;0;0;0;0;13;37;0;23;0;0;0;0;0;0;0;0;0;0;0;0;2;0
09140;2016-06;0;6;0;0;0;0;0;0;0;0;0;0;0;0;0;0;0;0;0;0;0;0;1;0;0;0;0;0;0;5;36;0;31;0;0;0;0;0;0;0;0;0;0;0;0;0;0
09141;2016-06;0;65;0;0;0;0;0;0;0;0;0;0;0;0;0;0;1;0;0;0;0;0;4;0;0;0;0;0;0;78;194;0;127;0;0;2;0;1;0;0;0;0;0;0;0;4;2
09143;2016-06;0;0;0;0;0;0;0;0;0;0;0;0;0;0;0;0;0;0;0;0;0;0;0;0;0;0;0;0;0;3;15;0;0;0;0;0;0;0;0;0;0;0;0;0;0;0;0
09144;2016-06;0;3;0;0;0;0;0;0;0;0;0;0;0;0;0;0;0;0;0;0;0;0;0;0;0;0;0;0;0;2;28;0;7;0;0;0;0;0;0;0;0;0;0;0;0;0;0
09148;2016-06;0;8;0;0;0;0;0;0;0;0;0;0;0;0;0;0;0;0;0;0;0;0;0;0;0;0;0;0;0;11;30;0;16;0;0;0;0;0;0;0;0;0;0;0;0;0;0
09149;2016-06;0;1;0;0;0;0;0;0;0;0;0;0;0;0;0;0;0;0;0;0;0;0;0;0;0;0;0;0;0;3;13;0;4;0;0;0;0;0;0;0;0;0;0;0;0;1;0
09151;2016-06;0;42;0;0;0;0;0;0;0;0;0;0;0;0;0;0;0;0;0;0;0;0;3;0;1;0;0;0;0;62;138;0;107;0;0;0;0;0;0;0;0;0;0;0;0;1;0
09152;2016-06;0;17;0;0;0;0;0;0;0;0;0;0;0;0;0;0;0;0;0;0;0;0;0;0;0;0;0;0;0;24;98;0;43;0;0;0;0;0;0;0;0;0;0;0;0;0;1
09154;2016-06;0;12;0;0;0;0;0;0;0;0;0;0;0;0;0;0;0;0;0;0;0;0;1;0;0;0;0;0;0;7;58;0;17;0;0;0;0;0;0;0;0;0;0;0;0;0;0
09155;2016-06;0;0;0;0;0;0;0;0;0;0;0;0;0;0;0;0;0;0;0;0;0;0;0;0;0;0;0;0;0;0;15;0;5;0;0;0;0;0;0;0;0;0;0;0;0;0;0
09159;2016-06;0;3;0;0;0;0;0;0;0;0;0;0;0;0;0;0;0;0;0;0;0;0;0;0;0;0;0;0;0;8;35;0;3;0;0;0;0;0;0;0;0;0;0;0;0;0;0
09160;2016-06;0;6;0;0;0;0;0;0;0;0;0;0;0;0;0;0;0;0;0;0;0;0;0;0;0;0;0;0;0;9;39;0;10;0;0;0;0;0;0;0;0;0;0;0;0;0;0
09162;2016-06;0;17;0;0;0;0;0;0;0;0;0;0;0;0;0;0;0;0;0;0;0;0;2;0;0;0;0;0;0;30;35;0;17;0;0;0;0;0;0;0;0;0;0;0;0;0;0
09163;2016-06;0;55;0;0;0;0;0;0;0;0;0;0;0;0;0;0;0;0;0;0;0;0;1;0;0;0;0;0;0;47;218;0;135;0;0;1;0;0;0;0;0;0;0;0;0;0;0
09164;2016-06;0;14;0;0;0;0;0;0;0;0;0;0;0;0;0;0;0;0;0;0;0;0;0;0;0;0;0;0;0;15;73;0;22;0;0;1;0;0;0;0;0;0;0;0;0;1;0
09166;2016-06;0;10;0;0;0;0;0;0;0;0;0;0;0;0;0;0;0;0;0;0;0;0;1;0;0;0;0;0;0;6;61;0;3;0;0;0;0;0;0;0;0;0;0;0;0;0;0
09167;2016-06;0;3;0;0;0;0;0;0;0;0;0;0;0;0;0;0;0;0;0;0;0;0;0;0;1;0;0;0;0;2;32;0;2;0;0;0;0;0;0;0;0;0;0;0;0;0;0
09168;2016-06;0;16;0;0;0;0;0;0;0;0;0;0;0;0;0;0;0;0;0;0;0;0;0;0;1;0;0;0;0;17;90;0;89;0;0;0;0;0;0;0;0;0;0;0;0;1;0
09169;2016-06;0;13;0;0;0;0;0;0;0;0;0;0;0;0;0;0;1;0;0;0;0;0;0;0;0;0;0;0;0;13;35;0;16;0;0;0;0;0;0;0;0;0;0;0;0;0;0
09170;2016-06;0;23;0;0;0;0;0;0;0;0;0;0;0;0;0;0;0;0;0;0;0;0;1;0;0;0;0;0;0;14;95;0;26;0;0;1;0;0;0;0;0;0;0;0;0;0;1
09172;2016-06;0;14;0;0;0;0;0;0;0;0;0;0;0;0;0;0;1;0;0;0;0;0;1;0;0;0;0;0;0;13;54;0;15;0;0;0;0;0;0;0;0;0;0;0;0;2;0
09173;2016-06;0;7;0;0;0;0;0;0;0;0;0;0;0;0;0;0;0;0;0;0;0;0;0;0;0;0;0;0;0;8;61;0;21;0;0;0;0;0;0;0;0;0;0;0;0;0;0
09174;2016-06;0;59;0;0;0;0;0;0;0;0;0;0;0;0;0;0;0;0;0;0;0;0;1;0;1;0;0;0;0;72;276;0;137;0;0;0;0;0;0;0;0;0;0;0;0;2;0
09175;2016-06;0;5;0;0;0;0;0;0;0;0;0;0;0;0;0;0;0;0;0;0;0;0;1;0;0;0;0;0;0;11;70;0;4;0;0;0;0;0;0;0;0;0;0;0;0;0;0
09176;2016-06;0;2;0;0;0;0;0;0;0;0;0;0;0;0;0;0;0;0;0;0;0;0;0;0;0;0;0;0;0;6;29;0;6;0;0;0;0;0;0;0;0;0;0;0;0;1;0
09177;2016-06;0;105;0;0;0;0;0;0;0;0;0;0;0;0;0;0;1;0;0;0;0;0;2;0;0;0;0;0;0;114;367;0;140;0;0;3;0;2;0;0;0;0;0;0;0;3;3
09178;2016-06;0;0;0;0;0;0;0;0;0;0;0;0;0;0;0;0;0;0;0;0;0;0;0;0;0;0;0;0;0;4;25;0;6;0;0;0;0;0;0;0;0;0;0;0;0;0;0
09179;2016-06;0;2;0;0;0;0;0;0;0;0;0;0;0;0;0;0;0;0;0;0;0;0;0;0;0;0;0;0;0;6;17;0;6;0;0;0;0;0;0;0;0;0;0;0;0;0;0
09180;2016-06;0;19;0;0;0;0;0;0;0;0;0;0;0;0;0;0;0;0;0;0;0;0;0;0;0;0;0;0;0;16;44;0;20;0;0;0;0;2;0;0;0;0;0;0;0;0;0
09181;2016-06;0;28;0;0;0;0;0;0;0;0;0;0;0;0;0;0;0;0;0;0;0;0;1;0;0;0;0;0;0;27;139;0;24;0;0;0;0;0;0;0;0;0;0;0;0;1;1
09182;2016-06;0;7;0;0;0;0;0;0;0;0;0;0;0;0;0;0;0;0;0;0;0;0;0;0;0;0;0;0;0;2;47;0;10;0;0;0;0;0;0;0;0;0;0;0;0;0;0
09183;2016-06;0;4;0;0;0;0;0;0;0;0;0;0;0;0;0;0;0;0;0;0;0;0;0;0;0;0;0;0;0;2;25;0;9;0;0;0;0;0;0;0;0;0;0;0;0;0;1
09184;2016-06;0;1;0;0;0;0;0;0;0;0;0;0;0;0;0;0;0;0;0;0;0;0;0;0;0;0;0;0;0;1;2;0;0;0;0;0;0;0;0;0;0;0;0;0;0;0;0
09189;2016-06;0;10;0;0;0;0;0;0;0;0;0;0;0;0;0;0;2;0;0;0;0;0;1;0;0;0;0;0;0;6;47;0;19;0;0;0;0;0;0;0;0;0;0;0;0;0;0
09190;2016-06;0;5;0;0;0;0;0;0;0;0;0;0;0;0;0;0;0;0;0;0;0;0;2;0;0;0;0;0;0;14;28;0;7;0;0;0;0;0;0;0;0;0;0;0;0;0;0
09191;2016-06;0;2;0;0;0;0;0;0;0;0;0;0;0;0;0;0;0;0;0;0;0;0;0;0;0;0;0;0;0;1;18;0;6;0;0;0;0;0;0;0;0;0;0;0;0;0;0
09192;2016-06;0;1;0;0;0;0;0;0;0;0;0;0;0;0;0;0;2;0;0;0;0;0;1;0;0;0;0;0;0;16;13;0;10;0;0;0;0;0;0;0;0;0;0;0;0;0;0
09194;2016-06;0;218;0;0;0;0;0;0;0;0;0;0;0;0;0;0;3;0;0;0;0;0;9;0;5;0;0;0;0;225;683;0;298;0;0;1;0;0;0;0;0;0;0;0;0;8;0
09195;2016-06;0;3;0;0;0;0;0;0;0;0;0;0;0;0;0;0;0;0;0;0;0;0;0;0;0;0;0;0;0;8;18;0;5;0;0;0;0;0;0;0;0;0;0;0;0;0;0
09196;2016-06;0;4;0;0;0;0;0;0;0;0;0;0;0;0;0;0;0;0;0;0;0;0;0;0;0;0;0;0;0;20;48;0;30;0;0;0;0;0;0;0;0;0;0;0;0;0;0
09197;2016-06;0;9;0;0;0;0;0;0;0;0;0;0;0;0;0;0;0;0;0;0;0;0;0;0;0;0;0;0;0;22;55;0;20;0;0;0;0;0;0;0;0;0;0;0;0;1;1
09198;2016-06;0;6;0;0;0;0;0;0;0;0;0;0;0;0;0;0;0;0;0;0;0;0;0;0;1;0;0;0;0;14;32;0;24;0;0;0;0;0;0;0;0;0;0;0;0;1;3
09199;2016-06;0;6;0;0;0;0;0;0;0;0;0;0;0;0;0;0;0;0;0;0;0;0;1;0;1;0;0;0;0;4;49;0;9;0;0;0;0;0;0;0;0;0;0;0;0;0;0
09200;2016-06;0;3;0;0;0;0;0;0;0;0;0;0;0;0;0;0;0;0;0;0;0;0;0;0;0;0;0;0;0;3;17;0;8;0;0;0;0;0;0;0;0;0;0;0;0;0;0
09201;2016-06;0;1;0;0;0;0;0;0;0;0;0;0;0;0;0;0;0;0;0;0;0;0;0;0;0;0;0;0;0;0;11;0;5;0;0;0;0;0;0;0;0;0;0;0;0;0;0
09202;2016-06;0;1;0;0;0;0;0;0;0;0;0;0;0;0;0;0;0;0;0;0;0;0;0;0;0;0;0;0;0;0;19;0;1;0;0;0;0;0;0;0;0;0;0;0;0;0;0
09206;2016-06;0;1;0;0;0;0;0;0;0;0;0;0;0;0;0;0;0;0;0;0;0;0;0;0;0;0;0;0;0;1;34;0;7;0;0;0;0;0;0;0;0;0;0;0;0;1;1
09208;2016-06;0;16;0;0;0;0;0;0;0;0;0;0;0;0;0;0;0;0;0;0;0;0;0;0;0;0;0;0;0;11;82;0;20;0;0;0;0;1;0;0;0;0;0;0;0;0;1
09209;2016-06;0;446;0;0;0;0;0;0;0;0;0;0;0;0;0;0;16;0;0;0;0;0;30;0;1;0;0;0;0;481;1616;0;560;0;0;11;0;3;0;0;0;0;0;0;0;4;4
09211;2016-06;0;108;0;0;0;0;0;0;0;0;0;0;0;0;0;0;0;0;0;0;0;0;1;0;0;0;0;0;0;108;605;0;203;0;0;1;0;1;0;0;0;0;0;0;0;1;2
09213;2016-06;0;22;0;0;0;0;0;0;0;0;0;0;0;0;0;0;0;0;0;0;0;0;1;0;1;0;0;0;0;45;109;0;37;0;0;0;0;0;0;0;0;0;0;0;0;0;1
09214;2016-06;0;27;0;0;0;0;0;0;0;0;0;0;0;0;0;0;2;0;0;0;0;0;0;0;1;0;0;0;0;109;177;0;104;0;0;1;0;0;0;0;0;0;0;0;0;2;0
09215;2016-06;0;27;0;0;0;0;0;0;0;0;0;0;0;0;0;0;1;0;0;0;0;0;2;0;0;0;0;0;0;47;131;0;43;0;0;2;0;0;0;0;0;0;0;0;0;0;1
09216;2016-06;0;25;0;0;0;0;0;0;0;0;0;0;0;0;0;0;4;0;0;0;0;0;4;0;0;0;0;0;0;56;131;0;43;0;0;0;0;0;0;0;0;0;0;0;0;0;1
09217;2016-06;0;20;0;0;0;0;0;0;0;0;0;0;0;0;0;0;2;0;0;0;0;0;1;0;0;0;0;0;0;53;123;0;43;0;0;0;0;0;0;0;0;0;0;0;0;1;0
09218;2016-06;0;40;0;0;0;0;0;0;0;0;0;0;0;0;0;0;0;0;0;0;0;0;4;0;1;0;0;0;0;38;113;0;74;0;0;2;0;0;0;0;0;0;0;0;0;2;0
09219;2016-06;0;2280;0;0;0;0;0;0;0;0;0;0;0;0;0;0;26;0;0;0;0;0;194;0;20;0;0;0;0;4805;5752;0;5474;0;0;42;0;14;0;0;0;0;0;0;0;65;41
09220;2016-06;0;4;0;0;0;0;0;0;0;0;0;0;0;0;0;0;0;0;0;0;0;0;0;0;0;0;0;0;0;5;31;0;13;0;0;0;0;0;0;0;0;0;0;0;0;0;0
09221;2016-06;0;60;0;0;0;0;0;0;0;0;0;0;0;0;0;0;1;0;0;0;0;0;0;0;2;0;0;0;0;85;114;0;66;0;0;1;0;2;0;0;0;0;0;0;0;4;0
09223;2016-06;0;6;0;0;0;0;0;0;0;0;0;0;0;0;0;0;0;0;0;0;0;0;0;0;0;0;0;0;0;6;21;0;2;0;0;1;0;0;0;0;0;0;0;0;0;1;0
09224;2016-06;0;20;0;0;0;0;0;0;0;0;0;0;0;0;0;0;0;0;0;0;0;0;2;0;1;0;0;0;0;6;76;0;25;0;0;0;0;0;0;0;0;0;0;0;0;0;0
09225;2016-06;0;2;0;0;0;0;0;0;0;0;0;0;0;0;0;0;0;0;0;0;0;0;0;0;0;0;0;0;0;2;31;0;17;0;0;0;0;0;0;0;0;0;0;0;0;0;2
09226;2016-06;0;4;0;0;0;0;0;0;0;0;0;0;0;0;0;0;0;0;0;0;0;0;1;0;0;0;0;0;0;4;36;0;9;0;0;0;0;0;0;0;0;0;0;0;0;0;0
09227;2016-06;0;10;0;0;0;0;0;0;0;0;0;0;0;0;0;0;1;0;0;0;0;0;1;0;0;0;0;0;0;19;32;0;19;0;0;0;0;0;0;0;0;0;0;0;0;0;3
09228;2016-06;0;17;0;0;0;0;0;0;0;0;0;0;0;0;0;0;0;0;0;0;0;0;0;0;0;0;0;0;0;20;79;0;18;0;0;0;0;0;0;0;0;0;0;0;0;0;1
09229;2016-06;0;5;0;0;0;0;0;0;0;0;0;0;0;0;0;0;0;0;0;0;0;0;0;0;0;0;0;0;0;11;83;0;43;0;0;0;0;0;0;0;0;0;0;0;0;1;0
09230;2016-06;0;3;0;0;0;0;0;0;0;0;0;0;0;0;0;0;0;0;0;0;0;0;0;0;0;0;0;0;0;2;26;0;1;0;0;0;0;0;0;0;0;0;0;0;0;0;0
09231;2016-06;0;6;0;0;0;0;0;0;0;0;0;0;0;0;0;0;0;0;0;0;0;0;0;0;0;0;0;0;0;1;21;0;9;0;0;0;0;0;0;0;0;0;0;0;0;0;0
09232;2016-06;0;9;0;0;0;0;0;0;0;0;0;0;0;0;0;0;0;0;0;0;0;0;0;0;0;0;0;0;0;6;57;0;44;0;0;0;0;0;0;0;0;0;0;0;0;0;0
09235;2016-06;0;10;0;0;0;0;0;0;0;0;0;0;0;0;0;0;0;0;0;0;0;0;0;0;0;0;0;0;0;21;63;0;34;0;0;0;0;0;0;0;0;0;0;0;0;0;0
09236;2016-06;0;2;0;0;0;0;0;0;0;0;0;0;0;0;0;0;0;0;0;0;0;0;0;0;0;0;0;0;0;1;29;0;0;0;0;0;0;0;0;0;0;0;0;0;0;0;0
09238;2016-06;0;59;0;0;0;0;0;0;0;0;0;0;0;0;0;0;3;0;0;0;0;0;4;0;0;0;0;0;0;77;247;0;165;0;0;1;0;0;0;0;0;0;0;0;0;0;1
09239;2016-06;0;6;0;0;0;0;0;0;0;0;0;0;0;0;0;0;0;0;0;0;0;0;0;0;0;0;0;0;0;1;29;0;3;0;0;0;0;0;0;0;0;0;0;0;0;0;0
09241;2016-06;0;30;0;0;0;0;0;0;0;0;0;0;0;0;0;0;2;0;0;0;0;0;4;0;1;0;0;0;0;24;51;0;33;0;0;0;0;0;0;0;0;0;0;0;0;2;3
09242;2016-06;0;4;0;0;0;0;0;0;0;0;0;0;0;0;0;0;0;0;0;0;0;0;0;0;0;0;0;0;0;0;38;0;22;0;0;0;0;0;0;0;0;0;0;0;0;0;0
09243;2016-06;0;3;0;0;0;0;0;0;0;0;0;0;0;0;0;0;0;0;0;0;0;0;0;0;0;0;0;0;0;12;26;0;15;0;0;0;0;0;0;0;0;0;0;0;0;0;0
09244;2016-06;0;1;0;0;0;0;0;0;0;0;0;0;0;0;0;0;1;0;0;0;0;0;0;0;0;0;0;0;0;2;19;0;10;0;0;0;0;0;0;0;0;0;0;0;0;0;0
09246;2016-06;0;68;0;0;0;0;0;0;0;0;0;0;0;0;0;0;1;0;0;0;0;0;1;0;0;0;0;0;0;88;199;0;83;0;0;0;0;0;0;0;0;0;0;0;0;1;1
09247;2016-06;0;1;0;0;0;0;0;0;0;0;0;0;0;0;0;0;0;0;0;0;0;0;0;0;0;0;0;0;0;0;18;0;1;0;0;0;0;0;0;0;0;0;0;0;0;0;0
09248;2016-06;0;9;0;0;0;0;0;0;0;0;0;0;0;0;0;0;0;0;0;0;0;0;0;0;0;0;0;0;0;6;28;0;11;0;0;0;0;2;0;0;0;0;0;0;0;0;2
09249;2016-06;0;2;0;0;0;0;0;0;0;0;0;0;0;0;0;0;0;0;0;0;0;0;1;0;0;0;0;0;0;3;18;0;9;0;0;0;0;0;0;0;0;0;0;0;0;0;0
09250;2016-06;0;9;0;0;0;0;0;0;0;0;0;0;0;0;0;0;0;0;0;0;0;0;3;0;0;0;0;0;0;16;103;0;59;0;0;0;0;0;0;0;0;0;0;0;0;2;1
09251;2016-06;0;33;0;0;0;0;0;0;0;0;0;0;0;0;0;0;0;0;0;0;0;0;2;0;0;0;0;0;0;55;142;0;35;0;0;1;0;0;0;0;0;0;0;0;0;1;1
09253;2016-06;0;14;0;0;0;0;0;0;0;0;0;0;0;0;0;0;0;0;0;0;0;0;0;0;0;0;0;0;0;9;41;0;25;0;0;0;0;1;0;0;0;0;0;0;0;0;0
09255;2016-06;0;9;0;0;0;0;0;0;0;0;0;0;0;0;0;0;0;0;0;0;0;0;0;0;0;0;0;0;0;6;34;0;13;0;0;0;0;0;0;0;0;0;0;0;0;0;0
09256;2016-06;0;30;0;0;0;0;0;0;0;0;0;0;0;0;0;0;1;0;0;0;0;0;2;0;1;0;0;0;0;36;136;0;46;0;0;2;0;0;0;0;0;0;0;0;0;2;0
09257;2016-06;0;6;0;0;0;0;0;0;0;0;0;0;0;0;0;0;0;0;0;0;0;0;0;0;1;0;0;0;0;8;58;0;2;0;0;0;0;0;0;0;0;0;0;0;0;0;1
09258;2016-06;0;12;0;0;0;0;0;0;0;0;0;0;0;0;0;0;0;0;0;0;0;0;1;0;0;0;0;0;0;4;89;0;27;0;0;0;0;1;0;0;0;0;0;0;0;0;0
09259;2016-06;0;17;0;0;0;0;0;0;0;0;0;0;0;0;0;0;0;0;0;0;0;0;1;0;1;0;0;0;0;13;101;0;46;0;0;0;0;0;0;0;0;0;0;0;0;1;1
09261;2016-06;0;55;0;0;0;0;0;0;0;0;0;0;0;0;0;0;0;0;0;0;0;0;2;0;1;0;0;0;0;42;143;0;81;0;0;0;0;0;0;0;0;0;0;0;0;2;1
09262;2016-06;0;8;0;0;0;0;0;0;0;0;0;0;0;0;0;0;0;0;0;0;0;0;0;0;0;0;0;0;0;8;79;0;31;0;0;0;0;0;0;0;0;0;0;0;0;0;0
09265;2016-06;0;5;0;0;0;0;0;0;0;0;0;0;0;0;0;0;0;0;0;0;0;0;0;0;0;0;0;0;0;1;19;0;3;0;0;0;0;0;0;0;0;0;0;0;0;0;0
09266;2016-06;0;3;0;0;0;0;0;0;0;0;0;0;0;0;0;0;0;0;0;0;0;0;0;0;0;0;0;0;0;4;36;0;28;0;0;0;0;0;0;0;0;0;0;0;0;0;3
09267;2016-06;0;13;0;0;0;0;0;0;0;0;0;0;0;0;0;0;0;0;0;0;0;0;0;0;0;0;0;0;0;3;66;0;14;0;0;0;0;0;0;0;0;0;0;0;0;0;0
09268;2016-06;0;2;0;0;0;0;0;0;0;0;0;0;0;0;0;0;0;0;0;0;0;0;0;0;0;0;0;0;0;10;29;0;23;0;0;1;0;0;0;0;0;0;0;0;0;1;0
09269;2016-06;0;1;0;0;0;0;0;0;0;0;0;0;0;0;0;0;0;0;0;0;0;0;0;0;0;0;0;0;0;2;18;0;4;0;0;0;0;0;0;0;0;0;0;0;0;0;0
09270;2016-06;0;22;0;0;0;0;0;0;0;0;0;0;0;0;0;0;0;0;0;0;0;0;0;0;0;0;0;0;0;4;69;0;18;0;0;0;0;0;0;0;0;0;0;0;0;1;1
09272;2016-06;0;20;0;0;0;0;0;0;0;0;0;0;0;0;0;0;0;0;0;0;0;0;0;0;0;0;0;0;0;20;109;0;51;0;0;1;0;2;0;0;0;0;0;0;0;0;0
09273;2016-06;0;1;0;0;0;0;0;0;0;0;0;0;0;0;0;0;0;0;0;0;0;0;0;0;0;0;0;0;0;7;23;0;6;0;0;0;0;0;0;0;0;0;0;0;0;0;0
09274;2016-06;0;78;0;0;0;0;0;0;0;0;0;0;0;0;0;0;0;0;0;0;0;0;4;0;5;0;0;0;0;128;369;0;231;0;0;2;0;0;0;0;0;0;0;0;0;4;2
09275;2016-06;0;12;0;0;0;0;0;0;0;0;0;0;0;0;0;0;1;0;0;0;0;0;0;0;0;0;0;0;0;14;77;0;23;0;0;0;0;0;0;0;0;0;0;0;0;0;0
09276;2016-06;0;22;0;0;0;0;0;0;0;0;0;0;0;0;0;0;0;0;0;0;0;0;4;0;0;0;0;0;0;104;54;0;48;0;0;3;0;0;0;0;0;0;0;0;0;2;0
09277;2016-06;0;6;0;0;0;0;0;0;0;0;0;0;0;0;0;0;0;0;0;0;0;0;0;0;0;0;0;0;0;32;26;0;34;0;0;0;0;0;0;0;0;0;0;0;0;1;0
09279;2016-06;0;12;0;0;0;0;0;0;0;0;0;0;0;0;0;0;0;0;0;0;0;0;0;0;0;0;0;0;0;7;85;0;22;0;0;1;0;0;0;0;0;0;0;0;0;0;0
09280;2016-06;0;1;0;0;0;0;0;0;0;0;0;0;0;0;0;0;0;0;0;0;0;0;0;0;0;0;0;0;0;0;15;0;4;0;0;0;0;0;0;0;0;0;0;0;0;0;0
09281;2016-06;0;21;0;0;0;0;0;0;0;0;0;0;0;0;0;0;0;0;0;0;0;0;0;0;0;0;0;0;0;8;49;0;29;0;0;0;0;0;0;0;0;0;0;0;0;0;1
09283;2016-06;0;3;0;0;0;0;0;0;0;0;0;0;0;0;0;0;0;0;0;0;0;0;1;0;0;0;0;0;0;2;22;0;3;0;0;0;0;0;0;0;0;0;0;0;0;0;0
09287;2016-06;0;26;0;0;0;0;0;0;0;0;0;0;0;0;0;0;0;0;0;0;0;0;0;0;0;0;0;0;0;33;49;0;44;0;0;0;0;0;0;0;0;0;0;0;0;0;1
09288;2016-06;0;6;0;0;0;0;0;0;0;0;0;0;0;0;0;0;0;0;0;0;0;0;0;0;0;0;0;0;0;8;43;0;13;0;0;0;0;0;0;0;0;0;0;0;0;0;0
09289;2016-06;0;118;0;0;0;0;0;0;0;0;0;0;0;0;0;0;0;0;0;0;0;0;8;0;0;0;0;0;0;114;495;0;252;0;0;2;0;0;0;0;0;0;0;0;0;5;1
09292;2016-06;0;11;0;0;0;0;0;0;0;0;0;0;0;0;0;0;2;0;0;0;0;0;1;0;0;0;0;0;0;10;30;0;18;0;0;0;0;0;0;0;0;0;0;0;0;0;0
09294;2016-06;0;3;0;0;0;0;0;0;0;0;0;0;0;0;0;0;0;0;0;0;0;0;0;0;0;0;0;0;0;16;33;0;28;0;0;0;0;0;0;0;0;0;0;0;0;2;0
09295;2016-06;0;4;0;0;0;0;0;0;0;0;0;0;0;0;0;0;0;0;0;0;0;0;0;0;0;0;0;0;0;2;35;0;3;0;0;0;0;0;0;0;0;0;0;0;0;0;0
09297;2016-06;0;45;0;0;0;0;0;0;0;0;0;0;0;0;0;0;0;0;0;0;0;0;3;0;1;0;0;0;0;23;142;0;29;0;0;0;0;0;0;0;0;0;0;0;0;1;0
09298;2016-06;0;13;0;0;0;0;0;0;0;0;0;0;0;0;0;0;0;0;0;0;0;0;0;0;0;0;0;0;0;4;50;0;0;0;0;0;0;0;0;0;0;0;0;0;0;1;0
09301;2016-06;0;83;0;0;0;0;0;0;0;0;0;0;0;0;0;0;0;0;0;0;0;0;5;0;2;0;0;0;0;76;207;0;90;0;0;1;0;0;0;0;0;0;0;0;0;0;1
09302;2016-06;0;15;0;0;0;0;0;0;0;0;0;0;0;0;0;0;0;0;0;0;0;0;0;0;0;0;0;0;0;11;45;0;11;0;0;0;0;0;0;0;0;0;0;0;0;0;0
09303;2016-06;0;3;0;0;0;0;0;0;0;0;0;0;0;0;0;0;0;0;0;0;0;0;0;0;0;0;0;0;0;4;48;0;13;0;0;0;0;0;0;0;0;0;0;0;0;0;0
09304;2016-06;0;26;0;0;0;0;0;0;0;0;0;0;0;0;0;0;0;0;0;0;0;0;0;0;0;0;0;0;0;10;103;0;13;0;0;0;0;0;0;0;0;0;0;0;0;0;0
09306;2016-06;0;12;0;0;0;0;0;0;0;0;0;0;0;0;0;0;0;0;0;0;0;0;0;0;0;0;0;0;0;6;50;0;13;0;0;0;0;0;0;0;0;0;0;0;0;0;0
09307;2016-06;0;8;0;0;0;0;0;0;0;0;0;0;0;0;0;0;0;0;0;0;0;0;1;0;0;0;0;0;0;10;27;0;34;0;0;0;0;0;0;0;0;0;0;0;0;0;0
09308;2016-06;0;8;0;0;0;0;0;0;0;0;0;0;0;0;0;0;0;0;0;0;0;0;0;0;0;0;0;0;0;6;23;0;4;0;0;0;0;0;0;0;0;0;0;0;0;0;0
09309;2016-06;0;22;0;0;0;0;0;0;0;0;0;0;0;0;0;0;0;0;0;0;0;0;3;0;0;0;0;0;0;33;123;0;37;0;0;1;0;0;0;0;0;0;0;0;0;1;0
09310;2016-06;0;2;0;0;0;0;0;0;0;0;0;0;0;0;0;0;0;0;0;0;0;0;0;0;0;0;0;0;0;3;1;0;2;0;0;0;0;0;0;0;0;0;0;0;0;0;0
09311;2016-06;0;2;0;0;0;0;0;0;0;0;0;0;0;0;0;0;0;0;0;0;0;0;0;0;0;0;0;0;0;8;13;0;22;0;0;0;0;0;0;0;0;0;0;0;0;0;0
09312;2016-06;0;4;0;0;0;0;0;0;0;0;0;0;0;0;0;0;0;0;0;0;0;0;2;0;1;0;0;0;0;12;49;0;9;0;0;0;0;0;0;0;0;0;0;0;0;0;0
09314;2016-06;0;6;0;0;0;0;0;0;0;0;0;0;0;0;0;0;1;0;0;0;0;0;0;0;0;0;0;0;0;10;25;0;25;0;0;0;0;1;0;0;0;0;0;0;0;0;2
09315;2016-06;0;54;0;0;0;0;0;0;0;0;0;0;0;0;0;0;0;0;0;0;0;0;3;0;0;0;0;0;0;61;99;0;24;0;0;1;0;0;0;0;0;0;0;0;0;0;0
09316;2016-06;0;11;0;0;0;0;0;0;0;0;0;0;0;0;0;0;0;0;0;0;0;0;0;0;0;0;0;0;0;8;42;0;18;0;0;0;0;0;0;0;0;0;0;0;0;0;0
09317;2016-06;0;0;0;0;0;0;0;0;0;0;0;0;0;0;0;0;0;0;0;0;0;0;0;0;0;0;0;0;0;7;6;0;3;0;0;0;0;0;0;0;0;0;0;0;0;0;0
09318;2016-06;0;3;0;0;0;0;0;0;0;0;0;0;0;0;0;0;0;0;0;0;0;0;0;0;0;0;0;0;0;5;20;0;12;0;0;0;0;0;0;0;0;0;0;0;0;1;0
09321;2016-06;0;175;0;0;0;0;0;0;0;0;0;0;0;0;0;0;0;0;0;0;0;0;8;0;2;0;0;0;0;94;574;0;360;0;0;0;0;0;0;0;0;0;0;0;0;3;3
09323;2016-06;0;6;0;0;0;0;0;0;0;0;0;0;0;0;0;0;0;0;0;0;0;0;0;0;0;0;0;0;0;8;27;0;4;0;0;0;0;0;0;0;0;0;0;0;0;0;0
09325;2016-06;0;7;0;0;0;0;0;0;0;0;0;0;0;0;0;0;0;0;0;0;0;0;0;0;0;0;0;0;0;14;85;0;18;0;0;0;0;0;0;0;0;0;0;0;0;3;0
09326;2016-06;0;27;0;0;0;0;0;0;0;0;0;0;0;0;0;0;0;0;0;0;0;0;0;0;0;0;0;0;0;14;42;0;23;0;0;1;0;0;0;0;0;0;0;0;0;4;0
09327;2016-06;0;4;0;0;0;0;0;0;0;0;0;0;0;0;0;0;0;0;0;0;0;0;1;0;1;0;0;0;0;7;6;0;5;0;0;0;0;0;0;0;0;0;0;0;0;0;0
09328;2016-06;0;5;0;0;0;0;0;0;0;0;0;0;0;0;0;0;0;0;0;0;0;0;1;0;0;0;0;0;0;8;31;0;8;0;0;0;0;1;0;0;0;0;0;0;0;1;1
09329;2016-06;0;7;0;0;0;0;0;0;0;0;0;0;0;0;0;0;1;0;0;0;0;0;1;0;0;0;0;0;0;23;27;0;24;0;0;2;0;0;0;0;0;0;0;0;0;1;0
09330;2016-06;0;148;0;0;0;0;0;0;0;0;0;0;0;0;0;0;2;0;0;0;0;0;6;0;2;0;0;0;0;192;483;0;241;0;0;3;0;0;0;0;0;0;0;0;0;4;1
09332;2016-06;0;23;0;0;0;0;0;0;0;0;0;0;0;0;0;0;0;0;0;0;0;0;2;0;0;0;0;0;0;12;50;0;16;0;0;1;0;0;0;0;0;0;0;0;0;0;0
09334;2016-06;0;7;0;0;0;0;0;0;0;0;0;0;0;0;0;0;0;0;0;0;0;0;0;0;0;0;0;0;0;7;15;0;7;0;0;1;0;0;0;0;0;0;0;0;0;0;0
09335;2016-06;0;10;0;0;0;0;0;0;0;0;0;0;0;0;0;0;0;0;0;0;0;0;0;0;0;0;0;0;0;12;24;0;21;0;0;1;0;0;0;0;0;0;0;0;0;0;0
09337;2016-06;0;13;0;0;0;0;0;0;0;0;0;0;0;0;0;0;0;0;0;0;0;0;0;0;0;0;0;0;0;15;39;0;23;0;0;1;0;0;0;0;0;0;0;0;0;0;0
09338;2016-06;0;34;0;0;0;0;0;0;0;0;0;0;0;0;0;0;0;0;0;0;0;0;4;0;0;0;0;0;0;20;65;0;45;0;0;0;0;0;0;0;0;0;0;0;0;0;1
09339;2016-06;0;11;0;0;0;0;0;0;0;0;0;0;0;0;0;0;0;0;0;0;0;0;0;0;0;0;0;0;0;14;56;0;28;0;0;0;0;0;0;0;0;0;0;0;0;1;0
09340;2016-06;0;3;0;0;0;0;0;0;0;0;0;0;0;0;0;0;0;0;0;0;0;0;0;0;0;0;0;0;0;1;36;0;9;0;0;0;0;0;0;0;0;0;0;0;0;0;0
09343;2016-06;0;4;0;0;0;0;0;0;0;0;0;0;0;0;0;0;0;0;0;0;0;0;0;0;0;0;0;0;0;3;48;0;10;0;0;0;0;0;0;0;0;0;0;0;0;0;0
09345;2016-06;0;5;0;0;0;0;0;0;0;0;0;0;0;0;0;0;0;0;0;0;0;0;1;0;0;0;0;0;0;11;37;0;35;0;0;0;0;0;0;0;0;0;0;0;0;0;0
09346;2016-06;0;4;0;0;0;0;0;0;0;0;0;0;0;0;0;0;0;0;0;0;0;0;0;0;1;0;0;0;0;8;36;0;13;0;0;0;0;0;0;0;0;0;0;0;0;0;0
09347;2016-06;0;16;0;0;0;0;0;0;0;0;0;0;0;0;0;0;1;0;0;0;0;0;1;0;0;0;0;0;0;29;56;0;10;0;0;0;0;0;0;0;0;0;0;0;0;0;0
09348;2016-06;0;4;0;0;0;0;0;0;0;0;0;0;0;0;0;0;0;0;0;0;0;0;0;0;0;0;0;0;0;14;62;0;28;0;0;0;0;0;0;0;0;0;0;0;0;0;0
09350;2016-06;0;48;0;0;0;0;0;0;0;0;0;0;0;0;0;0;0;0;0;0;0;0;0;0;0;0;0;0;0;18;236;0;39;0;0;0;0;0;0;0;0;0;0;0;0;0;0
09351;2016-06;0;6;0;0;0;0;0;0;0;0;0;0;0;0;0;0;0;0;0;0;0;0;0;0;0;0;0;0;0;4;30;0;4;0;0;0;0;0;0;0;0;0;0;0;0;1;2
09352;2016-06;0;18;0;0;0;0;0;0;0;0;0;0;0;0;0;0;0;0;0;0;0;0;0;0;0;0;0;0;0;5;44;0;23;0;0;0;0;0;0;0;0;0;0;0;0;1;0
09353;2016-06;0;15;0;0;0;0;0;0;0;0;0;0;0;0;0;0;0;0;0;0;0;0;0;0;1;0;0;0;0;10;22;0;5;0;0;0;0;0;0;0;0;0;0;0;0;2;0
09354;2016-06;0;4;0;0;0;0;0;0;0;0;0;0;0;0;0;0;0;0;0;0;0;0;1;0;0;0;0;0;0;2;15;0;3;0;0;0;0;0;0;0;0;0;0;0;0;1;0
09355;2016-06;0;6;0;0;0;0;0;0;0;0;0;0;0;0;0;0;0;0;0;0;0;0;0;0;0;0;0;0;0;0;65;0;3;0;0;0;0;0;0;0;0;0;0;0;0;1;0
09356;2016-06;0;10;0;0;0;0;0;0;0;0;0;0;0;0;0;0;0;0;0;0;0;0;0;0;0;0;0;0;0;3;16;0;3;0;0;0;0;0;0;0;0;0;0;0;0;0;0
09358;2016-06;0;15;0;0;0;0;0;0;0;0;0;0;0;0;0;0;0;0;0;0;0;0;0;0;1;0;0;0;0;12;126;0;31;0;0;0;0;1;0;0;0;0;0;0;0;0;1
09360;2016-06;0;4;0;0;0;0;0;0;0;0;0;0;0;0;0;0;0;0;0;0;0;0;0;0;0;0;0;0;0;1;13;0;5;0;0;0;0;0;0;0;0;0;0;0;0;0;0
09361;2016-06;0;9;0;0;0;0;0;0;0;0;0;0;0;0;0;0;0;0;0;0;0;0;1;0;1;0;0;0;0;8;58;0;12;0;0;0;0;0;0;0;0;0;0;0;0;0;0
09362;2016-06;0;22;0;0;0;0;0;0;0;0;0;0;0;0;0;0;0;0;0;0;0;0;1;0;0;0;0;0;0;33;69;0;38;0;0;3;0;0;0;0;0;0;0;0;0;1;2
09363;2016-06;0;83;0;0;0;0;0;0;0;0;0;0;0;0;0;0;0;0;0;0;0;0;0;0;2;0;0;0;0;62;505;0;71;0;0;1;0;0;0;0;0;0;0;0;0;5;3
09365;2016-06;0;0;0;0;0;0;0;0;0;0;0;0;0;0;0;0;0;0;0;0;0;0;0;0;0;0;0;0;0;1;14;0;4;0;0;0;0;0;0;0;0;0;0;0;0;0;0
09366;2016-06;0;10;0;0;0;0;0;0;0;0;0;0;0;0;0;0;0;0;0;0;0;0;0;0;0;0;0;0;0;8;32;0;9;0;0;0;0;0;0;0;0;0;0;0;0;1;0
09368;2016-06;0;2;0;0;0;0;0;0;0;0;0;0;0;0;0;0;0;0;0;0;0;0;0;0;0;0;0;0;0;0;13;0;0;0;0;0;0;0;0;0;0;0;0;0;0;0;0
09369;2016-06;0;40;0;0;0;0;0;0;0;0;0;0;0;0;0;0;0;0;0;0;0;0;3;0;0;0;0;0;0;38;134;0;96;0;0;3;0;1;0;0;0;0;0;0;0;0;0
09372;2016-06;0;28;0;0;0;0;0;0;0;0;0;0;0;0;0;0;0;0;0;0;0;0;3;0;0;0;0;0;0;34;81;0;26;0;0;0;0;0;0;0;0;0;0;0;0;0;0
09373;2016-06;0;21;0;0;0;0;0;0;0;0;0;0;0;0;0;0;0;0;0;0;0;0;0;0;0;0;0;0;0;19;224;0;19;0;0;0;0;0;0;0;0;0;0;0;0;0;0
09374;2016-06;0;10;0;0;0;0;0;0;0;0;0;0;0;0;0;0;0;0;0;0;0;0;0;0;0;0;0;0;0;12;34;0;13;0;0;0;0;0;0;0;0;0;0;0;0;0;0
09375;2016-06;0;8;0;0;0;0;0;0;0;0;0;0;0;0;0;0;0;0;0;0;0;0;0;0;0;0;0;0;0;2;17;0;4;0;0;0;0;0;0;0;0;0;0;0;0;0;0
09377;2016-06;0;99;0;0;0;0;0;0;0;0;0;0;0;0;0;0;0;0;0;0;0;0;5;0;0;0;0;0;0;34;266;0;73;0;0;1;0;0;0;0;0;0;0;0;0;1;0
09378;2016-06;0;7;0;0;0;0;0;0;0;0;0;0;0;0;0;0;0;0;0;0;0;0;0;0;0;0;0;0;0;4;7;0;5;0;0;0;0;0;0;0;0;0;0;0;0;0;0
09380;2016-06;0;4;0;0;0;0;0;0;0;0;0;0;0;0;0;0;0;0;0;0;0;0;0;0;0;0;0;0;0;12;35;0;7;0;0;0;0;0;0;0;0;0;0;0;0;0;0
09381;2016-06;0;1;0;0;0;0;0;0;0;0;0;0;0;0;0;0;0;0;0;0;0;0;0;0;0;0;0;0;0;2;16;0;4;0;0;0;0;0;0;0;0;0;0;0;0;0;0
09382;2016-06;0;3;0;0;0;0;0;0;0;0;0;0;0;0;0;0;0;0;0;0;0;0;0;0;1;0;0;0;0;2;21;0;1;0;0;0;0;0;0;0;0;0;0;0;0;0;0
09384;2016-06;0;26;0;0;0;0;0;0;0;0;0;0;0;0;0;0;0;0;0;0;0;0;2;0;1;0;0;0;0;24;114;0;36;0;0;1;0;0;0;0;0;0;0;0;0;1;1
09386;2016-06;0;6;0;0;0;0;0;0;0;0;0;0;0;0;0;0;0;0;0;0;0;0;0;0;0;0;0;0;0;4;26;0;1;0;0;0;0;0;0;0;0;0;0;0;0;0;0
09387;2016-06;0;12;0;0;0;0;0;0;0;0;0;0;0;0;0;0;0;0;0;0;0;0;0;0;0;0;0;0;0;26;25;0;27;0;0;0;0;0;0;0;0;0;0;0;0;0;0
09388;2016-06;0;4;0;0;0;0;0;0;0;0;0;0;0;0;0;0;0;0;0;0;0;0;0;0;0;0;0;0;0;6;9;0;7;0;0;0;0;0;0;0;0;0;0;0;0;0;0
09389;2016-06;0;1;0;0;0;0;0;0;0;0;0;0;0;0;0;0;0;0;0;0;0;0;0;0;0;0;0;0;0;9;35;0;13;0;0;1;0;0;0;0;0;0;0;0;0;0;0
09390;2016-06;0;76;0;0;0;0;0;0;0;0;0;0;0;0;0;0;1;0;0;0;0;0;2;0;0;0;0;0;0;68;220;0;110;0;0;0;0;0;0;0;0;0;0;0;0;0;2
09391;2016-06;0;26;0;0;0;0;0;0;0;0;0;0;0;0;0;0;1;0;0;0;0;0;2;0;1;0;0;0;0;17;145;0;65;0;0;1;0;1;0;0;0;0;0;0;0;1;0
09392;2016-06;0;11;0;0;0;0;0;0;0;0;0;0;0;0;0;0;0;0;0;0;0;0;0;0;0;0;0;0;0;9;11;0;5;0;0;0;0;0;0;0;0;0;0;0;0;0;0
09394;2016-06;0;56;0;0;0;0;0;0;0;0;0;0;0;0;0;0;9;0;0;0;0;0;3;0;0;0;0;0;0;81;211;0;157;0;0;1;0;0;0;0;0;0;0;0;0;0;0
09395;2016-06;0;7;0;0;0;0;0;0;0;0;0;0;0;0;0;0;0;0;0;0;0;0;0;0;0;0;0;0;0;17;62;0;18;0;0;0;0;0;0;0;0;0;0;0;0;0;0
09396;2016-06;0;11;0;0;0;0;0;0;0;0;0;0;0;0;0;0;0;0;0;0;0;0;1;0;1;0;0;0;0;14;81;0;11;0;0;0;0;0;0;0;0;0;0;0;0;1;1
09398;2016-06;0;5;0;0;0;0;0;0;0;0;0;0;0;0;0;0;0;0;0;0;0;0;0;0;0;0;0;0;0;0;31;0;20;0;0;0;0;0;0;0;0;0;0;0;0;0;0
09400;2016-06;0;22;0;0;0;0;0;0;0;0;0;0;0;0;0;0;0;0;0;0;0;0;0;0;0;0;0;0;0;59;89;0;73;0;0;1;0;0;0;0;0;0;0;0;0;0;0
09403;2016-06;0;10;0;0;0;0;0;0;0;0;0;0;0;0;0;0;0;0;0;0;0;0;2;0;0;0;0;0;0;2;47;0;15;0;0;0;0;1;0;0;0;0;0;0;0;0;0
09405;2016-06;0;9;0;0;0;0;0;0;0;0;0;0;0;0;0;0;0;0;0;0;0;0;0;0;0;0;0;0;0;4;60;0;21;0;0;1;0;0;0;0;0;0;0;0;0;1;0
09406;2016-06;0;34;0;0;0;0;0;0;0;0;0;0;0;0;0;0;0;0;0;0;0;0;1;0;0;0;0;0;0;68;56;0;27;0;0;0;0;1;0;0;0;0;0;0;0;1;1
09407;2016-06;0;0;0;0;0;0;0;0;0;0;0;0;0;0;0;0;0;0;0;0;0;0;0;0;0;0;0;0;0;8;10;0;5;0;0;0;0;0;0;0;0;0;0;0;0;0;0
09408;2016-06;0;5;0;0;0;0;0;0;0;0;0;0;0;0;0;0;0;0;0;0;0;0;0;0;0;0;0;0;0;3;24;0;4;0;0;0;0;0;0;0;0;0;0;0;0;0;0
09409;2016-06;0;3;0;0;0;0;0;0;0;0;0;0;0;0;0;0;1;0;0;0;0;0;1;0;0;0;0;0;0;30;25;0;22;0;0;0;0;0;0;0;0;0;0;0;0;0;0
09410;2016-06;0;177;0;0;0;0;0;0;0;0;0;0;0;0;0;0;6;0;0;0;0;0;27;0;6;0;0;0;0;592;614;0;644;0;0;3;0;2;0;0;0;0;0;0;0;6;2
09411;2016-06;0;5;0;0;0;0;0;0;0;0;0;0;0;0;0;0;0;0;0;0;0;0;2;0;0;0;0;0;0;22;46;0;26;0;0;0;0;0;0;0;0;0;0;0;0;0;0
09412;2016-06;0;46;0;0;0;0;0;0;0;0;0;0;0;0;0;0;0;0;0;0;0;0;1;0;0;0;0;0;0;105;269;0;97;0;0;0;0;0;0;0;0;0;0;0;0;1;0
09413;2016-06;0;26;0;0;0;0;0;0;0;0;0;0;0;0;0;0;5;0;0;0;0;0;2;0;1;0;0;0;0;58;167;0;41;0;0;0;0;0;0;0;0;0;0;0;0;0;0
09414;2016-06;0;16;0;0;0;0;0;0;0;0;0;0;0;0;0;0;0;0;0;0;0;0;1;0;0;0;0;0;0;8;84;0;37;0;0;0;0;0;0;0;0;0;0;0;0;0;0
09415;2016-06;0;32;0;0;0;0;0;0;0;0;0;0;0;0;0;0;0;0;0;0;0;0;0;0;0;0;0;0;0;11;105;0;22;0;0;0;0;0;0;0;0;0;0;0;0;1;2
09416;2016-06;0;0;0;0;0;0;0;0;0;0;0;0;0;0;0;0;0;0;0;0;0;0;1;0;0;0;0;0;0;20;10;0;3;0;0;0;0;0;0;0;0;0;0;0;0;1;0
09417;2016-06;0;0;0;0;0;0;0;0;0;0;0;0;0;0;0;0;0;0;0;0;0;0;0;0;0;0;0;0;0;0;28;0;3;0;0;0;0;0;0;0;0;0;0;0;0;0;0
09418;2016-06;0;7;0;0;0;0;0;0;0;0;0;0;0;0;0;0;0;0;0;0;0;0;0;0;0;0;0;0;0;3;43;0;7;0;0;0;0;0;0;0;0;0;0;0;0;0;0
09419;2016-06;0;6;0;0;0;0;0;0;0;0;0;0;0;0;0;0;0;0;0;0;0;0;0;0;0;0;0;0;0;1;45;0;3;0;0;0;0;0;0;0;0;0;0;0;0;0;0
09421;2016-06;0;12;0;0;0;0;0;0;0;0;0;0;0;0;0;0;0;0;0;0;0;0;0;0;0;0;0;0;0;23;78;0;46;0;0;0;0;0;0;0;0;0;0;0;0;1;0
09422;2016-06;0;0;0;0;0;0;0;0;0;0;0;0;0;0;0;0;0;0;0;0;0;0;0;0;0;0;0;0;0;0;11;0;0;0;0;0;0;0;0;0;0;0;0;0;0;0;0
09423;2016-06;0;1;0;0;0;0;0;0;0;0;0;0;0;0;0;0;0;0;0;0;0;0;0;0;0;0;0;0;0;2;18;0;3;0;0;0;0;0;0;0;0;0;0;0;0;0;0
09424;2016-06;0;1;0;0;0;0;0;0;0;0;0;0;0;0;0;0;0;0;0;0;0;0;0;0;0;0;0;0;0;3;20;0;4;0;0;0;0;0;0;0;0;0;0;0;0;0;0
09425;2016-06;0;28;0;0;0;0;0;0;0;0;0;0;0;0;0;0;0;0;0;0;0;0;0;0;0;0;0;0;0;89;141;0;119;0;0;0;0;0;0;0;0;0;0;0;0;1;0
09427;2016-06;0;100;0;0;0;0;0;0;0;0;0;0;0;0;0;0;2;0;0;0;0;0;8;0;2;0;0;0;0;130;567;0;129;0;0;1;0;2;0;0;0;0;0;0;0;7;3
09428;2016-06;0;8;0;0;0;0;0;0;0;0;0;0;0;0;0;0;0;0;0;0;0;0;0;0;0;0;0;0;0;9;51;0;21;0;0;0;0;0;0;0;0;0;0;0;0;2;0
09429;2016-06;0;3;0;0;0;0;0;0;0;0;0;0;0;0;0;0;0;0;0;0;0;0;0;0;0;0;0;0;0;4;27;0;7;0;0;0;0;0;0;0;0;0;0;0;0;0;0
09430;2016-06;0;3;0;0;0;0;0;0;0;0;0;0;0;0;0;0;0;0;0;0;0;0;0;0;0;0;0;0;0;1;7;0;4;0;0;0;0;0;0;0;0;0;0;0;0;2;0
09431;2016-06;0;9;0;0;0;0;0;0;0;0;0;0;0;0;0;0;0;0;0;0;0;0;0;0;0;0;0;0;0;12;59;0;17;0;0;0;0;0;0;0;0;0;0;0;0;1;0
09432;2016-06;0;14;0;0;0;0;0;0;0;0;0;0;0;0;0;0;0;0;0;0;0;0;0;0;0;0;0;0;0;30;63;0;30;0;0;0;0;0;0;0;0;0;0;0;0;0;1
09433;2016-06;0;2;0;0;0;0;0;0;0;0;0;0;0;0;0;0;0;0;0;0;0;0;0;0;0;0;0;0;0;12;22;0;8;0;0;0;0;0;0;0;0;0;0;0;0;0;0
09434;2016-06;0;183;0;0;0;0;0;0;0;0;0;0;0;0;0;0;2;0;0;0;0;0;10;0;1;0;0;0;0;182;341;0;170;0;0;2;0;2;0;0;0;0;0;0;0;2;8
09437;2016-06;0;23;0;0;0;0;0;0;0;0;0;0;0;0;0;0;0;0;0;0;0;0;1;0;0;0;0;0;0;14;115;0;61;0;0;0;0;0;0;0;0;0;0;0;0;0;1
09438;2016-06;0;75;0;0;0;0;0;0;0;0;0;0;0;0;0;0;0;0;0;0;0;0;2;0;0;0;0;0;0;46;193;0;106;0;0;2;0;0;0;0;0;0;0;0;0;3;0
09439;2016-06;0;166;0;0;0;0;0;0;0;0;0;0;0;0;0;0;0;0;0;0;0;0;10;0;3;0;0;0;0;136;274;0;136;0;0;2;0;1;0;0;0;0;0;0;0;5;2
09440;2016-06;0;12;0;0;0;0;0;0;0;0;0;0;0;0;0;0;0;0;0;0;0;0;0;0;0;0;0;0;0;8;35;0;20;0;0;0;0;0;0;0;0;0;0;0;0;0;1
09441;2016-06;0;4;0;0;0;0;0;0;0;0;0;0;0;0;0;0;0;0;0;0;0;0;0;0;0;0;0;0;0;1;60;0;0;0;0;0;0;0;0;0;0;0;0;0;0;0;0
09442;2016-06;0;29;0;0;0;0;0;0;0;0;0;0;0;0;0;0;1;0;0;0;0;0;1;0;0;0;0;0;0;33;137;0;72;0;0;0;0;0;0;0;0;0;0;0;0;1;1
09443;2016-06;0;10;0;0;0;0;0;0;0;0;0;0;0;0;0;0;0;0;0;0;0;0;0;0;0;0;0;0;0;15;84;0;15;0;0;0;0;0;0;0;0;0;0;0;0;0;0
09444;2016-06;0;3;0;0;0;0;0;0;0;0;0;0;0;0;0;0;0;0;0;0;0;0;0;0;0;0;0;0;0;4;42;0;6;0;0;0;0;0;0;0;0;0;0;0;0;0;0
09445;2016-06;0;0;0;0;0;0;0;0;0;0;0;0;0;0;0;0;0;0;0;0;0;0;1;0;0;0;0;0;0;3;17;0;8;0;0;0;0;0;0;0;0;0;0;0;0;0;0
09446;2016-06;0;1;0;0;0;0;0;0;0;0;0;0;0;0;0;0;0;0;0;0;0;0;0;0;0;0;0;0;0;1;4;0;1;0;0;0;0;0;0;0;0;0;0;0;0;0;0
09447;2016-06;0;4;0;0;0;0;0;0;0;0;0;0;0;0;0;0;0;0;0;0;0;0;0;0;0;0;0;0;0;2;21;0;14;0;0;0;0;0;0;0;0;0;0;0;0;0;0
09448;2016-06;0;14;0;0;0;0;0;0;0;0;0;0;0;0;0;0;0;0;0;0;0;0;0;0;1;0;0;0;0;12;119;0;17;0;0;1;0;0;0;0;0;0;0;0;0;1;0
09449;2016-06;0;21;0;0;0;0;0;0;0;0;0;0;0;0;0;0;0;0;0;0;0;0;0;0;0;0;0;0;0;1;39;0;3;0;0;0;0;1;0;0;0;0;0;0;0;0;1
09450;2016-06;0;1;0;0;0;0;0;0;0;0;0;0;0;0;0;0;0;0;0;0;0;0;0;0;0;0;0;0;0;4;10;0;6;0;0;0;0;0;0;0;0;0;0;0;0;0;0
09451;2016-06;0;19;0;0;0;0;0;0;0;0;0;0;0;0;0;0;0;0;0;0;0;0;3;0;0;0;0;0;0;39;67;0;62;0;0;0;0;0;0;0;0;0;0;0;0;0;0
09454;2016-06;0;7;0;0;0;0;0;0;0;0;0;0;0;0;0;0;0;0;0;0;0;0;1;0;0;0;0;0;0;6;14;0;5;0;0;0;0;0;0;0;0;0;0;0;0;0;0
09455;2016-06;0;4;0;0;0;0;0;0;0;0;0;0;0;0;0;0;0;0;0;0;0;0;0;0;0;0;0;0;0;1;22;0;5;0;0;0;0;0;0;0;0;0;0;0;0;0;1
09456;2016-06;0;7;0;0;0;0;0;0;0;0;0;0;0;0;0;0;0;0;0;0;0;0;0;0;0;0;0;0;0;6;50;0;33;0;0;0;0;0;0;0;0;0;0;0;0;0;0
09458;2016-06;0;76;0;0;0;0;0;0;0;0;0;0;0;0;0;0;0;0;0;0;0;0;4;0;0;0;0;0;0;84;96;0;66;0;0;2;0;0;0;0;0;0;0;0;0;1;2
09460;2016-06;0;14;0;0;0;0;0;0;0;0;0;0;0;0;0;0;0;0;0;0;0;0;0;0;1;0;0;0;0;12;81;0;19;0;0;0;0;3;0;0;0;0;0;0;0;0;0
09463;2016-06;0;23;0;0;0;0;0;0;0;0;0;0;0;0;0;0;0;0;0;0;0;0;0;0;0;0;0;0;0;28;90;0;47;0;0;0;0;0;0;0;0;0;0;0;0;0;0
09464;2016-06;0;0;0;0;0;0;0;0;0;0;0;0;0;0;0;0;0;0;0;0;0;0;1;0;0;0;0;0;0;2;21;0;2;0;0;0;0;0;0;0;0;0;0;0;0;0;1
09466;2016-06;0;5;0;0;0;0;0;0;0;0;0;0;0;0;0;0;0;0;0;0;0;0;0;0;0;0;0;0;0;6;69;0;14;0;0;1;0;0;0;0;0;0;0;0;0;0;1
09467;2016-06;0;2;0;0;0;0;0;0;0;0;0;0;0;0;0;0;0;0;0;0;0;0;1;0;0;0;0;0;0;3;27;0;7;0;0;1;0;0;0;0;0;0;0;0;0;0;0
09471;2016-06;0;18;0;0;0;0;0;0;0;0;0;0;0;0;0;0;0;0;0;0;0;0;0;0;0;0;0;0;0;24;52;0;16;0;0;0;0;1;0;0;0;0;0;0;0;1;1
09472;2016-06;0;6;0;0;0;0;0;0;0;0;0;0;0;0;0;0;0;0;0;0;0;0;0;0;0;0;0;0;0;2;23;0;13;0;0;0;0;0;0;0;0;0;0;0;0;0;0
09473;2016-06;0;5;0;0;0;0;0;0;0;0;0;0;0;0;0;0;0;0;0;0;0;0;0;0;1;0;0;0;0;6;43;0;8;0;0;1;0;0;0;0;0;0;0;0;0;0;0
09476;2016-06;0;7;0;0;0;0;0;0;0;0;0;0;0;0;0;0;0;0;0;0;0;0;0;0;0;0;0;0;0;7;19;0;10;0;0;0;0;0;0;0;0;0;0;0;0;0;0
09478;2016-06;0;1;0;0;0;0;0;0;0;0;0;0;0;0;0;0;0;0;0;0;0;0;0;0;1;0;0;0;0;5;13;0;11;0;0;0;0;0;0;0;0;0;0;0;0;0;0
09480;2016-06;0;10;0;0;0;0;0;0;0;0;0;0;0;0;0;0;0;0;0;0;0;0;1;0;0;0;0;0;0;5;59;0;12;0;0;0;0;0;0;0;0;0;0;0;0;0;2
09482;2016-06;0;4;0;0;0;0;0;0;0;0;0;0;0;0;0;0;0;0;0;0;0;0;0;0;0;0;0;0;0;5;16;0;2;0;0;0;0;0;0;0;0;0;0;0;0;1;0
09483;2016-06;0;19;0;0;0;0;0;0;0;0;0;0;0;0;0;0;0;0;0;0;0;0;0;0;2;0;0;0;0;11;76;0;49;0;0;0;0;0;0;0;0;0;0;0;0;0;0
09485;2016-06;0;1;0;0;0;0;0;0;0;0;0;0;0;0;0;0;0;0;0;0;0;0;1;0;0;0;0;0;0;0;35;0;4;0;0;0;0;1;0;0;0;0;0;0;0;0;0
09901;2016-06;0;43;0;0;0;0;0;0;0;0;0;0;0;0;0;0;0;0;0;0;0;0;2;0;1;0;0;0;0;24;139;0;43;0;0;1;0;1;0;0;0;0;0;0;0;1;0
09902;2016-06;0;27;0;0;0;0;0;0;0;0;0;0;0;0;0;0;0;0;0;0;0;0;6;0;2;0;0;0;0;71;145;0;70;0;0;3;0;0;0;0;0;0;0;0;0;0;0
09903;2016-06;0;257;0;0;0;0;0;0;0;0;0;0;0;0;0;0;96;0;0;0;0;0;13;0;4;0;0;0;0;372;1011;0;489;0;0;2;0;0;0;0;0;0;0;0;0;3;7
09904;2016-06;0;45;0;0;0;0;0;0;0;0;0;0;0;0;0;0;0;0;0;0;0;0;1;0;1;0;0;0;0;47;181;0;87;0;0;1;0;1;0;0;0;0;0;0;0;0;1
09905;2016-06;0;33;0;0;0;0;0;0;0;0;0;0;0;0;0;0;1;0;0;0;0;0;1;0;0;0;0;0;0;73;123;0;43;0;0;0;0;0;0;0;0;0;0;0;0;2;1
09906;2016-06;0;103;0;0;0;0;0;0;0;0;0;0;0;0;0;0;1;0;0;0;0;0;6;0;4;0;0;0;0;136;470;0;165;0;0;1;0;2;0;0;0;0;0;0;0;0;2
09907;2016-06;0;193;0;0;0;0;0;0;0;0;0;0;0;0;0;0;3;0;0;0;0;0;15;0;1;0;0;0;0;246;363;0;197;0;0;1;0;0;0;0;0;0;0;0;0;6;4
09908;2016-06;0;34;0;0;0;0;0;0;0;0;0;0;0;0;0;0;5;0;0;0;0;0;3;0;0;0;0;0;0;70;142;0;49;0;0;0;0;0;0;0;0;0;0;0;0;0;0
10001;2016-06;0;12;0;0;0;0;0;0;0;0;0;0;0;0;0;0;0;0;0;0;0;0;1;0;0;0;0;0;0;25;68;0;111;0;0;0;0;0;0;0;0;0;0;0;0;2;1
10002;2016-06;0;21;0;0;0;0;0;0;0;0;0;0;0;0;0;0;0;0;0;0;0;0;0;0;0;0;0;0;0;39;99;0;110;0;0;1;0;0;0;0;0;0;0;0;0;0;0
10003;2016-06;0;16;0;0;0;0;0;0;0;0;0;0;0;0;0;0;0;0;0;0;0;0;1;0;0;0;0;0;0;69;204;0;114;0;0;0;0;0;0;0;0;0;0;0;0;2;1
10004;2016-06;0;31;0;0;0;0;0;0;0;0;0;0;0;0;0;0;0;0;0;0;0;0;0;0;0;0;0;0;0;37;192;0;213;0;0;0;0;0;0;0;0;0;0;0;0;0;0
10005;2016-06;0;28;0;0;0;0;0;0;0;0;0;0;0;0;0;0;0;0;0;0;0;0;3;0;0;0;0;0;0;25;160;0;143;0;0;0;0;0;0;0;0;0;0;0;0;0;0
10006;2016-06;0;54;0;0;0;0;0;0;0;0;0;0;0;0;0;0;0;0;0;0;0;0;0;0;0;0;0;0;0;60;391;0;459;0;0;4;0;0;0;0;0;0;0;0;0;0;0
10007;2016-06;0;31;0;0;0;0;0;0;0;0;0;0;0;0;0;0;0;0;0;0;0;0;0;0;0;0;0;0;0;24;247;0;146;0;0;1;0;0;0;0;0;0;0;0;0;0;0
10008;2016-06;0;79;0;0;0;0;0;0;0;0;0;0;0;0;0;0;0;0;0;0;0;0;2;0;0;0;0;0;0;113;438;0;364;0;0;2;0;0;0;0;0;0;0;0;0;1;3
10009;2016-06;0;5;0;0;0;0;0;0;0;0;0;0;0;0;0;0;0;0;0;0;0;0;1;0;0;0;0;0;0;15;112;0;61;0;0;0;0;0;0;0;0;0;0;0;0;0;0
10010;2016-06;0;96;0;0;0;0;0;0;0;0;0;0;0;0;0;0;0;0;0;0;0;0;2;0;0;0;0;0;0;166;475;0;587;0;0;3;0;0;0;0;0;0;0;0;0;1;4
10011;2016-06;0;44;0;0;0;0;0;0;0;0;0;0;0;0;0;0;0;0;0;0;0;0;3;0;0;0;0;0;0;25;131;0;240;0;0;0;0;0;0;0;0;0;0;0;0;0;0
10012;2016-06;0;23;0;0;0;0;0;0;0;0;0;0;0;0;0;0;0;0;0;0;0;0;0;0;0;0;0;0;0;54;151;0;231;0;0;0;0;0;0;0;0;0;0;0;0;0;0
10013;2016-06;0;15;0;0;0;0;0;0;0;0;0;0;0;0;0;0;0;0;0;0;0;0;0;0;0;0;0;0;0;23;100;0;57;0;0;0;0;0;0;0;0;0;0;0;0;4;1
10014;2016-06;0;79;0;0;0;0;0;0;0;0;0;0;0;0;0;0;0;0;0;0;0;0;1;0;0;0;0;0;0;141;578;0;537;0;0;0;0;0;0;0;0;0;0;0;0;3;1
10015;2016-06;0;52;0;0;0;0;0;0;0;0;0;0;0;0;0;0;0;0;0;0;0;0;1;0;0;0;0;0;0;71;179;0;167;0;0;0;0;0;0;0;0;0;0;0;0;0;0
10016;2016-06;0;28;0;0;0;0;0;0;0;0;0;0;0;0;0;0;0;0;0;0;0;0;4;0;0;0;0;0;0;29;68;0;105;0;0;1;0;0;0;0;0;0;0;0;0;0;0
10017;2016-06;0;29;0;0;0;0;0;0;0;0;0;0;0;0;0;0;0;0;0;0;0;0;2;0;0;0;0;0;0;46;309;0;221;0;0;0;0;0;0;0;0;0;0;0;0;0;1
10018;2016-06;0;80;0;0;0;0;0;0;0;0;0;0;0;0;0;0;0;0;0;0;0;0;7;0;0;0;0;0;0;156;323;0;505;0;0;1;0;0;0;0;0;0;0;0;0;1;2
10019;2016-06;0;119;0;0;0;0;0;0;0;0;0;0;0;0;0;0;0;0;0;0;0;0;16;0;0;0;0;0;0;160;472;0;275;0;0;1;0;0;0;0;0;0;0;0;0;5;3
10020;2016-06;0;56;0;0;0;0;0;0;0;0;0;0;0;0;0;0;0;0;0;0;0;0;4;0;0;0;0;0;0;129;453;0;515;0;0;1;0;0;0;0;0;0;0;0;0;1;1
10021;2016-06;0;350;0;0;0;0;0;0;0;0;0;0;0;0;0;0;0;0;0;0;0;0;17;0;0;0;0;0;0;652;1071;0;1506;0;0;10;0;0;0;0;0;0;0;0;0;8;3
10022;2016-06;0;17;0;0;0;0;0;0;0;0;0;0;0;0;0;0;0;0;0;0;0;0;0;0;0;0;0;0;0;58;133;0;133;0;0;0;0;0;0;0;0;0;0;0;0;0;0
10023;2016-06;0;39;0;0;0;0;0;0;0;0;0;0;0;0;0;0;0;0;0;0;0;0;1;0;0;0;0;0;0;38;198;0;325;0;0;2;0;0;0;0;0;0;0;0;0;0;2
10024;2016-06;0;64;0;0;0;0;0;0;0;0;0;0;0;0;0;0;0;0;0;0;0;0;1;0;0;0;0;0;0;67;274;0;104;0;0;4;0;0;0;0;0;0;0;0;0;2;1
10025;2016-06;0;27;0;0;0;0;0;0;0;0;0;0;0;0;0;0;0;0;0;0;0;0;2;0;0;0;0;0;0;48;111;0;124;0;0;2;0;0;0;0;0;0;0;0;0;2;1
10026;2016-06;0;62;0;0;0;0;0;0;0;0;0;0;0;0;0;0;0;0;0;0;0;0;3;0;0;0;0;0;0;97;176;0;144;0;0;0;0;0;0;0;0;0;0;0;0;2;1
10027;2016-06;0;8;0;0;0;0;0;0;0;0;0;0;0;0;0;0;0;0;0;0;0;0;1;0;0;0;0;0;0;5;22;0;32;0;0;0;0;0;0;0;0;0;0;0;0;0;0
10028;2016-06;0;3;0;0;0;0;0;0;0;0;0;0;0;0;0;0;0;0;0;0;0;0;0;0;0;0;0;0;0;9;31;0;30;0;0;0;0;0;0;0;0;0;0;0;0;0;0
10029;2016-06;0;19;0;0;0;0;0;0;0;0;0;0;0;0;0;0;0;0;0;0;0;0;0;0;0;0;0;0;0;36;98;0;177;0;0;0;0;0;0;0;0;0;0;0;0;0;3
10030;2016-06;0;25;0;0;0;0;0;0;0;0;0;0;0;0;0;0;0;0;0;0;0;0;2;0;0;0;0;0;0;17;153;0;111;0;0;0;0;0;0;0;0;0;0;0;0;0;0
10031;2016-06;0;19;0;0;0;0;0;0;0;0;0;0;0;0;0;0;0;0;0;0;0;0;0;0;0;0;0;0;0;11;60;0;41;0;0;1;0;0;0;0;0;0;0;0;0;0;1
10032;2016-06;0;101;0;0;0;0;0;0;0;0;0;0;0;0;0;0;0;0;0;0;0;0;1;0;0;0;0;0;0;119;562;0;448;0;0;0;0;0;0;0;0;0;0;0;0;0;1
10033;2016-06;0;8;0;0;0;0;0;0;0;0;0;0;0;0;0;0;0;0;0;0;0;0;0;0;0;0;0;0;0;13;197;0;102;0;0;0;0;0;0;0;0;0;0;0;0;0;0
10034;2016-06;0;12;0;0;0;0;0;0;0;0;0;0;0;0;0;0;0;0;0;0;0;0;0;0;0;0;0;0;0;20;116;0;107;0;0;0;0;0;0;0;0;0;0;0;0;0;0
10035;2016-06;0;68;0;0;0;0;0;0;0;0;0;0;0;0;0;0;0;0;0;0;0;0;11;0;0;0;0;0;0;225;385;0;620;0;0;1;0;0;0;0;0;0;0;0;0;0;0
10036;2016-06;0;5;0;0;0;0;0;0;0;0;0;0;0;0;0;0;0;0;0;0;0;0;0;0;0;0;0;0;0;34;70;0;127;0;0;1;0;0;0;0;0;0;0;0;0;0;0
10037;2016-06;0;8081;0;0;0;0;0;0;0;0;0;0;0;0;0;0;0;0;0;0;0;0;604;0;0;0;0;0;0;9173;23333;0;12452;0;0;151;0;0;0;0;0;0;0;0;0;138;114
10038;2016-06;0;3;0;0;0;0;0;0;0;0;0;0;0;0;0;0;0;0;0;0;0;0;0;0;0;0;0;0;0;5;43;0;16;0;0;0;0;0;0;0;0;0;0;0;0;0;1
10039;2016-06;0;21;0;0;0;0;0;0;0;0;0;0;0;0;0;0;0;0;0;0;0;0;1;0;0;0;0;0;0;33;135;0;101;0;0;0;0;0;0;0;0;0;0;0;0;0;0
10040;2016-06;0;15;0;0;0;0;0;0;0;0;0;0;0;0;0;0;0;0;0;0;0;0;1;0;0;0;0;0;0;40;119;0;128;0;0;0;0;0;0;0;0;0;0;0;0;0;0
10041;2016-06;0;53;0;0;0;0;0;0;0;0;0;0;0;0;0;0;0;0;0;0;0;0;6;0;0;0;0;0;0;85;322;0;306;0;0;0;0;0;0;0;0;0;0;0;0;0;5
10042;2016-06;0;1;0;0;0;0;0;0;0;0;0;0;0;0;0;0;0;0;0;0;0;0;0;0;0;0;0;0;0;12;21;0;29;0;0;0;0;0;0;0;0;0;0;0;0;0;0
10043;2016-06;0;27;0;0;0;0;0;0;0;0;0;0;0;0;0;0;0;0;0;0;0;0;0;0;0;0;0;0;0;86;189;0;248;0;0;0;0;0;0;0;0;0;0;0;0;0;0
10044;2016-06;0;110;0;0;0;0;0;0;0;0;0;0;0;0;0;0;0;0;0;0;0;0;7;0;0;0;0;0;0;123;250;0;523;0;0;2;0;0;0;0;0;0;0;0;0;5;0
10045;2016-06;0;42;0;0;0;0;0;0;0;0;0;0;0;0;0;0;0;0;0;0;0;0;1;0;0;0;0;0;0;101;272;0;332;0;0;1;0;0;0;0;0;0;0;0;0;2;1
10046;2016-06;0;18;0;0;0;0;0;0;0;0;0;0;0;0;0;0;0;0;0;0;0;0;0;0;0;0;0;0;0;22;58;0;68;0;0;1;0;0;0;0;0;0;0;0;0;0;0
10047;2016-06;0;73;0;0;0;0;0;0;0;0;0;0;0;0;0;0;0;0;0;0;0;0;6;0;0;0;0;0;0;153;176;0;314;0;0;3;0;0;0;0;0;0;0;0;0;1;0
10048;2016-06;0;16;0;0;0;0;0;0;0;0;0;0;0;0;0;0;0;0;0;0;0;0;0;0;0;0;0;0;0;13;102;0;34;0;0;0;0;0;0;0;0;0;0;0;0;1;2
10049;2016-06;0;230;0;0;0;0;0;0;0;0;0;0;0;0;0;0;0;0;0;0;0;0;26;0;0;0;0;0;0;310;1115;0;1242;0;0;6;0;0;0;0;0;0;0;0;0;1;2
10050;2016-06;0;35;0;0;0;0;0;0;0;0;0;0;0;0;0;0;0;0;0;0;0;0;0;0;0;0;0;0;0;30;433;0;332;0;0;0;0;0;0;0;0;0;0;0;0;0;1
10051;2016-06;0;2;0;0;0;0;0;0;0;0;0;0;0;0;0;0;0;0;0;0;0;0;0;0;0;0;0;0;0;6;156;0;132;0;0;0;0;0;0;0;0;0;0;0;0;0;0
10052;2016-06;0;11;0;0;0;0;0;0;0;0;0;0;0;0;0;0;0;0;0;0;0;0;5;0;0;0;0;0;0;10;85;0;18;0;0;0;0;0;0;0;0;0;0;0;0;0;0
10053;2016-06;0;13;0;0;0;0;0;0;0;0;0;0;0;0;0;0;0;0;0;0;0;0;0;0;0;0;0;0;0;11;109;0;76;0;0;0;0;0;0;0;0;0;0;0;0;0;0
10054;2016-06;0;29;0;0;0;0;0;0;0;0;0;0;0;0;0;0;0;0;0;0;0;0;1;0;0;0;0;0;0;69;158;0;163;0;0;0;0;0;0;0;0;0;0;0;0;0;0
10055;2016-06;0;47;0;0;0;0;0;0;0;0;0;0;0;0;0;0;0;0;0;0;0;0;3;0;0;0;0;0;0;78;245;0;122;0;0;0;0;0;0;0;0;0;0;0;0;0;1
10056;2016-06;0;21;0;0;0;0;0;0;0;0;0;0;0;0;0;0;0;0;0;0;0;0;3;0;0;0;0;0;0;57;175;0;191;0;0;1;0;0;0;0;0;0;0;0;0;0;0
10057;2016-06;0;5;0;0;0;0;0;0;0;0;0;0;0;0;0;0;0;0;0;0;0;0;0;0;0;0;0;0;0;15;30;0;66;0;0;0;0;0;0;0;0;0;0;0;0;0;0
10058;2016-06;0;64;0;0;0;0;0;0;0;0;0;0;0;0;0;0;0;0;0;0;0;0;4;0;0;0;0;0;0;87;237;0;299;0;0;2;0;0;0;0;0;0;0;0;0;11;2
10059;2016-06;0;9;0;0;0;0;0;0;0;0;0;0;0;0;0;0;0;0;0;0;0;0;0;0;0;0;0;0;0;11;98;0;128;0;0;0;0;0;0;0;0;0;0;0;0;0;1
10060;2016-06;0;49;0;0;0;0;0;0;0;0;0;0;0;0;0;0;0;0;0;0;0;0;1;0;0;0;0;0;0;62;257;0;267;0;0;0;0;0;0;0;0;0;0;0;0;0;2
10061;2016-06;0;77;0;0;0;0;0;0;0;0;0;0;0;0;0;0;0;0;0;0;0;0;3;0;0;0;0;0;0;114;348;0;482;0;0;0;0;0;0;0;0;0;0;0;0;2;1
10062;2016-06;0;30;0;0;0;0;0;0;0;0;0;0;0;0;0;0;0;0;0;0;0;0;0;0;0;0;0;0;0;71;63;0;167;0;0;0;0;0;0;0;0;0;0;0;0;0;0
10063;2016-06;0;13;0;0;0;0;0;0;0;0;0;0;0;0;0;0;0;0;0;0;0;0;0;0;0;0;0;0;0;20;68;0;36;0;0;0;0;0;0;0;0;0;0;0;0;0;0
10064;2016-06;0;62;0;0;0;0;0;0;0;0;0;0;0;0;0;0;0;0;0;0;0;0;3;0;0;0;0;0;0;75;491;0;432;0;0;0;0;0;0;0;0;0;0;0;0;2;0
10065;2016-06;0;12;0;0;0;0;0;0;0;0;0;0;0;0;0;0;0;0;0;0;0;0;1;0;0;0;0;0;0;30;40;0;69;0;0;0;0;0;0;0;0;0;0;0;0;0;2
10066;2016-06;0;2;0;0;0;0;0;0;0;0;0;0;0;0;0;0;0;0;0;0;0;0;2;0;0;0;0;0;0;13;54;0;51;0;0;0;0;0;0;0;0;0;0;0;0;0;0
10067;2016-06;0;751;0;0;0;0;0;0;0;0;0;0;0;0;0;0;0;0;0;0;0;0;38;0;0;0;0;0;0;923;2899;0;2298;0;0;9;0;0;0;0;0;0;0;0;0;17;17
10068;2016-06;0;43;0;0;0;0;0;0;0;0;0;0;0;0;0;0;0;0;0;0;0;0;4;0;0;0;0;0;0;95;236;0;174;0;0;1;0;0;0;0;0;0;0;0;0;0;2
10069;2016-06;0;63;0;0;0;0;0;0;0;0;0;0;0;0;0;0;0;0;0;0;0;0;2;0;0;0;0;0;0;45;235;0;261;0;0;2;0;0;0;0;0;0;0;0;0;1;4
10070;2016-06;0;27;0;0;0;0;0;0;0;0;0;0;0;0;0;0;0;0;0;0;0;0;1;0;0;0;0;0;0;39;281;0;190;0;0;3;0;0;0;0;0;0;0;0;0;0;0
10071;2016-06;0;6;0;0;0;0;0;0;0;0;0;0;0;0;0;0;0;0;0;0;0;0;1;0;0;0;0;0;0;6;44;0;37;0;0;0;0;0;0;0;0;0;0;0;0;0;0
10072;2016-06;0;29;0;0;0;0;0;0;0;0;0;0;0;0;0;0;0;0;0;0;0;0;3;0;0;0;0;0;0;76;177;0;325;0;0;0;0;0;0;0;0;0;0;0;0;0;0
10073;2016-06;0;21;0;0;0;0;0;0;0;0;0;0;0;0;0;0;0;0;0;0;0;0;1;0;0;0;0;0;0;62;218;0;208;0;0;2;0;0;0;0;0;0;0;0;0;0;0
10075;2016-06;0;16;0;0;0;0;0;0;0;0;0;0;0;0;0;0;0;0;0;0;0;0;1;0;0;0;0;0;0;37;50;0;60;0;0;1;0;0;0;0;0;0;0;0;0;0;0
10076;2016-06;0;63;0;0;0;0;0;0;0;0;0;0;0;0;0;0;0;0;0;0;0;0;0;0;0;0;0;0;0;43;197;0;236;0;0;0;0;0;0;0;0;0;0;0;0;1;0
10077;2016-06;0;66;0;0;0;0;0;0;0;0;0;0;0;0;0;0;0;0;0;0;0;0;4;0;0;0;0;0;0;55;183;0;161;0;0;0;0;0;0;0;0;0;0;0;0;0;2
10078;2016-06;0;18;0;0;0;0;0;0;0;0;0;0;0;0;0;0;0;0;0;0;0;0;2;0;0;0;0;0;0;49;116;0;123;0;0;0;0;0;0;0;0;0;0;0;0;0;0
10079;2016-06;0;66;0;0;0;0;0;0;0;0;0;0;0;0;0;0;0;0;0;0;0;0;0;0;0;0;0;0;0;70;318;0;182;0;0;2;0;0;0;0;0;0;0;0;0;1;2
10080;2016-06;0;10;0;0;0;0;0;0;0;0;0;0;0;0;0;0;0;0;0;0;0;0;0;0;0;0;0;0;0;13;111;0;120;0;0;0;0;0;0;0;0;0;0;0;0;0;0
10081;2016-06;0;7;0;0;0;0;0;0;0;0;0;0;0;0;0;0;0;0;0;0;0;0;0;0;0;0;0;0;0;19;70;0;37;0;0;0;0;0;0;0;0;0;0;0;0;0;0
10082;2016-06;0;83;0;0;0;0;0;0;0;0;0;0;0;0;0;0;0;0;0;0;0;0;5;0;0;0;0;0;0;201;508;0;602;0;0;0;0;0;0;0;0;0;0;0;0;1;1
10083;2016-06;0;2;0;0;0;0;0;0;0;0;0;0;0;0;0;0;0;0;0;0;0;0;1;0;0;0;0;0;0;15;28;0;11;0;0;0;0;0;0;0;0;0;0;0;0;0;0
10084;2016-06;0;60;0;0;0;0;0;0;0;0;0;0;0;0;0;0;0;0;0;0;0;0;2;0;0;0;0;0;0;99;336;0;368;0;0;2;0;0;0;0;0;0;0;0;0;3;1
10085;2016-06;0;29;0;0;0;0;0;0;0;0;0;0;0;0;0;0;0;0;0;0;0;0;1;0;0;0;0;0;0;19;119;0;65;0;0;0;0;0;0;0;0;0;0;0;0;0;0
10086;2016-06;0;26;0;0;0;0;0;0;0;0;0;0;0;0;0;0;0;0;0;0;0;0;1;0;0;0;0;0;0;11;118;0;76;0;0;0;0;0;0;0;0;0;0;0;0;0;0
10087;2016-06;0;99;0;0;0;0;0;0;0;0;0;0;0;0;0;0;0;0;0;0;0;0;4;0;0;0;0;0;0;97;527;0;476;0;0;1;0;0;0;0;0;0;0;0;0;0;2
10088;2016-06;0;6;0;0;0;0;0;0;0;0;0;0;0;0;0;0;0;0;0;0;0;0;0;0;0;0;0;0;0;10;68;0;43;0;0;0;0;0;0;0;0;0;0;0;0;0;0
10089;2016-06;0;91;0;0;0;0;0;0;0;0;0;0;0;0;0;0;0;0;0;0;0;0;3;0;0;0;0;0;0;129;222;0;413;0;0;2;0;0;0;0;0;0;0;0;0;2;3
10090;2016-06;0;15;0;0;0;0;0;0;0;0;0;0;0;0;0;0;0;0;0;0;0;0;0;0;0;0;0;0;0;32;160;0;144;0;0;0;0;0;0;0;0;0;0;0;0;0;0
10091;2016-06;0;37;0;0;0;0;0;0;0;0;0;0;0;0;0;0;0;0;0;0;0;0;2;0;0;0;0;0;0;35;129;0;81;0;0;0;0;0;0;0;0;0;0;0;0;0;0
10092;2016-06;0;22;0;0;0;0;0;0;0;0;0;0;0;0;0;0;0;0;0;0;0;0;2;0;0;0;0;0;0;15;73;0;122;0;0;0;0;0;0;0;0;0;0;0;0;0;0
10093;2016-06;0;29;0;0;0;0;0;0;0;0;0;0;0;0;0;0;0;0;0;0;0;0;3;0;0;0;0;0;0;35;66;0;175;0;0;0;0;0;0;0;0;0;0;0;0;0;0
10094;2016-06;0;9;0;0;0;0;0;0;0;0;0;0;0;0;0;0;0;0;0;0;0;0;2;0;0;0;0;0;0;26;53;0;105;0;0;0;0;0;0;0;0;0;0;0;0;0;0
10095;2016-06;0;20;0;0;0;0;0;0;0;0;0;0;0;0;0;0;0;0;0;0;0;0;3;0;0;0;0;0;0;13;95;0;119;0;0;0;0;0;0;0;0;0;0;0;0;0;0
10096;2016-06;0;212;0;0;0;0;0;0;0;0;0;0;0;0;0;0;0;0;0;0;0;0;14;0;0;0;0;0;0;467;746;0;932;0;0;1;0;0;0;0;0;0;0;0;0;1;6
10097;2016-06;0;12;0;0;0;0;0;0;0;0;0;0;0;0;0;0;0;0;0;0;0;0;0;0;0;0;0;0;0;6;26;0;30;0;0;0;0;0;0;0;0;0;0;0;0;0;0
10098;2016-06;0;24;0;0;0;0;0;0;0;0;0;0;0;0;0;0;0;0;0;0;0;0;1;0;0;0;0;0;0;36;134;0;89;0;0;0;0;0;0;0;0;0;0;0;0;0;2
10099;2016-06;0;33;0;0;0;0;0;0;0;0;0;0;0;0;0;0;0;0;0;0;0;0;0;0;0;0;0;0;0;24;131;0;184;0;0;0;0;0;0;0;0;0;0;0;0;0;0
10100;2016-06;0;36;0;0;0;0;0;0;0;0;0;0;0;0;0;0;0;0;0;0;0;0;4;0;0;0;0;0;0;94;165;0;270;0;0;0;0;0;0;0;0;0;0;0;0;0;1
10101;2016-06;0;11;0;0;0;0;0;0;0;0;0;0;0;0;0;0;0;0;0;0;0;0;2;0;0;0;0;0;0;21;53;0;52;0;0;0;0;0;0;0;0;0;0;0;0;1;0
10102;2016-06;0;19;0;0;0;0;0;0;0;0;0;0;0;0;0;0;0;0;0;0;0;0;2;0;0;0;0;0;0;31;158;0;189;0;0;0;0;0;0;0;0;0;0;0;0;0;1
10103;2016-06;0;16;0;0;0;0;0;0;0;0;0;0;0;0;0;0;0;0;0;0;0;0;2;0;0;0;0;0;0;25;118;0;156;0;0;0;0;0;0;0;0;0;0;0;0;0;0
10104;2016-06;0;417;0;0;0;0;0;0;0;0;0;0;0;0;0;0;0;0;0;0;0;0;36;0;0;0;0;0;0;403;1572;0;1120;0;0;6;0;0;0;0;0;0;0;0;0;5;11
10105;2016-06;0;164;0;0;0;0;0;0;0;0;0;0;0;0;0;0;0;0;0;0;0;0;10;0;0;0;0;0;0;182;730;0;512;0;0;4;0;0;0;0;0;0;0;0;0;3;3
10106;2016-06;0;7;0;0;0;0;0;0;0;0;0;0;0;0;0;0;0;0;0;0;0;0;0;0;0;0;0;0;0;10;43;0;46;0;0;0;0;0;0;0;0;0;0;0;0;0;0
10107;2016-06;0;43;0;0;0;0;0;0;0;0;0;0;0;0;0;0;0;0;0;0;0;0;3;0;0;0;0;0;0;140;260;0;341;0;0;1;0;0;0;0;0;0;0;0;0;0;1
10108;2016-06;0;18;0;0;0;0;0;0;0;0;0;0;0;0;0;0;0;0;0;0;0;0;0;0;0;0;0;0;0;8;81;0;38;0;0;0;0;0;0;0;0;0;0;0;0;0;1
10109;2016-06;0;88;0;0;0;0;0;0;0;0;0;0;0;0;0;0;0;0;0;0;0;0;5;0;0;0;0;0;0;116;468;0;423;0;0;3;0;0;0;0;0;0;0;0;0;4;4
10110;2016-06;0;129;0;0;0;0;0;0;0;0;0;0;0;0;0;0;0;0;0;0;0;0;14;0;0;0;0;0;0;200;709;0;504;0;0;4;0;0;0;0;0;0;0;0;0;2;1
10111;2016-06;0;86;0;0;0;0;0;0;0;0;0;0;0;0;0;0;0;0;0;0;0;0;5;0;0;0;0;0;0;107;396;0;342;0;0;4;0;0;0;0;0;0;0;0;0;6;1
10112;2016-06;0;42;0;0;0;0;0;0;0;0;0;0;0;0;0;0;0;0;0;0;0;0;5;0;0;0;0;0;0;78;534;0;411;0;0;1;0;0;0;0;0;0;0;0;0;1;0
10113;2016-06;0;130;0;0;0;0;0;0;0;0;0;0;0;0;0;0;0;0;0;0;0;0;16;0;0;0;0;0;0;324;518;0;637;0;0;2;0;0;0;0;0;0;0;0;0;1;1
10114;2016-06;0;47;0;0;0;0;0;0;0;0;0;0;0;0;0;0;0;0;0;0;0;0;2;0;0;0;0;0;0;170;119;0;316;0;0;3;0;0;0;0;0;0;0;0;0;0;0
10115;2016-06;0;294;0;0;0;0;0;0;0;0;0;0;0;0;0;0;0;0;0;0;0;0;24;0;0;0;0;0;0;404;1014;0;884;0;0;7;0;0;0;0;0;0;0;0;0;6;3
10116;2016-06;0;269;0;0;0;0;0;0;0;0;0;0;0;0;0;0;0;0;0;0;0;0;15;0;0;0;0;0;0;502;803;0;1043;0;0;8;0;0;0;0;0;0;0;0;0;4;5
10117;2016-06;0;6;0;0;0;0;0;0;0;0;0;0;0;0;0;0;0;0;0;0;0;0;0;0;0;0;0;0;0;11;46;0;71;0;0;0;0;0;0;0;0;0;0;0;0;0;0
10118;2016-06;0;13;0;0;0;0;0;0;0;0;0;0;0;0;0;0;0;0;0;0;0;0;0;0;0;0;0;0;0;30;97;0;107;0;0;0;0;0;0;0;0;0;0;0;0;1;0
10119;2016-06;0;31;0;0;0;0;0;0;0;0;0;0;0;0;0;0;0;0;0;0;0;0;2;0;0;0;0;0;0;65;152;0;200;0;0;0;0;0;0;0;0;0;0;0;0;0;1
10120;2016-06;0;4;0;0;0;0;0;0;0;0;0;0;0;0;0;0;0;0;0;0;0;0;1;0;0;0;0;0;0;11;64;0;35;0;0;1;0;0;0;0;0;0;0;0;0;0;0
10121;2016-06;0;465;0;0;0;0;0;0;0;0;0;0;0;0;0;0;0;0;0;0;0;0;24;0;0;0;0;0;0;689;2221;0;1977;0;0;9;0;0;0;0;0;0;0;0;0;3;6
10122;2016-06;0;11;0;0;0;0;0;0;0;0;0;0;0;0;0;0;0;0;0;0;0;0;0;0;0;0;0;0;0;23;61;0;55;0;0;0;0;0;0;0;0;0;0;0;0;0;0
10123;2016-06;0;23;0;0;0;0;0;0;0;0;0;0;0;0;0;0;0;0;0;0;0;0;0;0;0;0;0;0;0;55;147;0;247;0;0;2;0;0;0;0;0;0;0;0;0;0;0
10124;2016-06;0;30;0;0;0;0;0;0;0;0;0;0;0;0;0;0;0;0;0;0;0;0;2;0;0;0;0;0;0;85;209;0;321;0;0;0;0;0;0;0;0;0;0;0;0;1;5
10125;2016-06;0;27;0;0;0;0;0;0;0;0;0;0;0;0;0;0;0;0;0;0;0;0;3;0;0;0;0;0;0;69;273;0;244;0;0;0;0;0;0;0;0;0;0;0;0;1;1
10126;2016-06;0;65;0;0;0;0;0;0;0;0;0;0;0;0;0;0;0;0;0;0;0;0;1;0;0;0;0;0;0;71;503;0;446;0;0;2;0;0;0;0;0;0;0;0;0;2;4
10127;2016-06;0;357;0;0;0;0;0;0;0;0;0;0;0;0;0;0;0;0;0;0;0;0;23;0;0;0;0;0;0;484;1129;0;1103;0;0;5;0;0;0;0;0;0;0;0;0;5;5
10128;2016-06;0;328;0;0;0;0;0;0;0;0;0;0;0;0;0;0;0;0;0;0;0;0;25;0;0;0;0;0;0;475;1488;0;1520;0;0;7;0;0;0;0;0;0;0;0;0;15;1
10129;2016-06;0;23;0;0;0;0;0;0;0;0;0;0;0;0;0;0;0;0;0;0;0;0;0;0;0;0;0;0;0;42;80;0;123;0;0;1;0;0;0;0;0;0;0;0;0;0;2
10130;2016-06;0;64;0;0;0;0;0;0;0;0;0;0;0;0;0;0;0;0;0;0;0;0;7;0;0;0;0;0;0;289;410;0;500;0;0;1;0;0;0;0;0;0;0;0;0;0;0
10131;2016-06;0;1067;0;0;0;0;0;0;0;0;0;0;0;0;0;0;0;0;0;0;0;0;91;0;0;0;0;0;0;1209;4012;0;2238;0;0;11;0;0;0;0;0;0;0;0;0;22;19
10132;2016-06;0;8;0;0;0;0;0;0;0;0;0;0;0;0;0;0;0;0;0;0;0;0;0;0;0;0;0;0;0;17;84;0;163;0;0;0;0;0;0;0;0;0;0;0;0;0;3
10133;2016-06;0;53;0;0;0;0;0;0;0;0;0;0;0;0;0;0;0;0;0;0;0;0;4;0;0;0;0;0;0;147;146;0;588;0;0;1;0;0;0;0;0;0;0;0;0;0;1
10134;2016-06;0;28;0;0;0;0;0;0;0;0;0;0;0;0;0;0;0;0;0;0;0;0;3;0;0;0;0;0;0;17;221;0;125;0;0;0;0;0;0;0;0;0;0;0;0;0;0
10135;2016-06;0;44;0;0;0;0;0;0;0;0;0;0;0;0;0;0;0;0;0;0;0;0;3;0;0;0;0;0;0;73;466;0;378;0;0;1;0;0;0;0;0;0;0;0;0;0;1
10136;2016-06;0;17;0;0;0;0;0;0;0;0;0;0;0;0;0;0;0;0;0;0;0;0;1;0;0;0;0;0;0;29;81;0;82;0;0;0;0;0;0;0;0;0;0;0;0;1;0
10137;2016-06;0;4;0;0;0;0;0;0;0;0;0;0;0;0;0;0;0;0;0;0;0;0;0;0;0;0;0;0;0;23;131;0;155;0;0;0;0;0;0;0;0;0;0;0;0;0;1
10138;2016-06;0;31;0;0;0;0;0;0;0;0;0;0;0;0;0;0;0;0;0;0;0;0;2;0;0;0;0;0;0;89;101;0;221;0;0;0;0;0;0;0;0;0;0;0;0;0;0
10139;2016-06;0;4;0;0;0;0;0;0;0;0;0;0;0;0;0;0;0;0;0;0;0;0;0;0;0;0;0;0;0;7;37;0;29;0;0;0;0;0;0;0;0;0;0;0;0;0;0
10140;2016-06;0;70;0;0;0;0;0;0;0;0;0;0;0;0;0;0;0;0;0;0;0;0;5;0;0;0;0;0;0;59;407;0;260;0;0;0;0;0;0;0;0;0;0;0;0;1;2
10141;2016-06;0;1;0;0;0;0;0;0;0;0;0;0;0;0;0;0;0;0;0;0;0;0;0;0;0;0;0;0;0;10;101;0;81;0;0;0;0;0;0;0;0;0;0;0;0;0;1
10142;2016-06;0;46;0;0;0;0;0;0;0;0;0;0;0;0;0;0;0;0;0;0;0;0;0;0;0;0;0;0;0;111;192;0;265;0;0;1;0;0;0;0;0;0;0;0;0;0;1
10143;2016-06;0;5;0;0;0;0;0;0;0;0;0;0;0;0;0;0;0;0;0;0;0;0;1;0;0;0;0;0;0;5;52;0;49;0;0;0;0;0;0;0;0;0;0;0;0;0;0
10144;2016-06;0;79;0;0;0;0;0;0;0;0;0;0;0;0;0;0;0;0;0;0;0;0;1;0;0;0;0;0;0;60;310;0;281;0;0;0;0;0;0;0;0;0;0;0;0;1;0
10145;2016-06;0;1;0;0;0;0;0;0;0;0;0;0;0;0;0;0;0;0;0;0;0;0;0;0;0;0;0;0;0;1;39;0;53;0;0;0;0;0;0;0;0;0;0;0;0;0;1
10146;2016-06;0;62;0;0;0;0;0;0;0;0;0;0;0;0;0;0;0;0;0;0;0;0;4;0;0;0;0;0;0;102;384;0;414;0;0;1;0;0;0;0;0;0;0;0;0;3;0
10147;2016-06;0;49;0;0;0;0;0;0;0;0;0;0;0;0;0;0;0;0;0;0;0;0;2;0;0;0;0;0;0;175;234;0;455;0;0;2;0;0;0;0;0;0;0;0;0;0;1
10148;2016-06;0;2913;0;0;0;0;0;0;0;0;0;0;0;0;0;0;0;0;0;0;0;0;221;0;0;0;0;0;0;3762;8605;0;6019;0;0;77;0;0;0;0;0;0;0;0;0;42;40
10149;2016-06;0;22;0;0;0;0;0;0;0;0;0;0;0;0;0;0;0;0;0;0;0;0;1;0;0;0;0;0;0;35;123;0;96;0;0;0;0;0;0;0;0;0;0;0;0;1;1
10150;2016-06;0;15;0;0;0;0;0;0;0;0;0;0;0;0;0;0;0;0;0;0;0;0;1;0;0;0;0;0;0;20;79;0;158;0;0;2;0;0;0;0;0;0;0;0;0;0;1
10151;2016-06;0;7;0;0;0;0;0;0;0;0;0;0;0;0;0;0;0;0;0;0;0;0;0;0;0;0;0;0;0;8;79;0;68;0;0;0;0;0;0;0;0;0;0;0;0;0;0
10152;2016-06;0;17;0;0;0;0;0;0;0;0;0;0;0;0;0;0;0;0;0;0;0;0;0;0;0;0;0;0;0;29;137;0;147;0;0;0;0;0;0;0;0;0;0;0;0;0;1
10153;2016-06;0;11;0;0;0;0;0;0;0;0;0;0;0;0;0;0;0;0;0;0;0;0;2;0;0;0;0;0;0;28;121;0;56;0;0;0;0;0;0;0;0;0;0;0;0;0;0
10154;2016-06;0;9;0;0;0;0;0;0;0;0;0;0;0;0;0;0;0;0;0;0;0;0;0;0;0;0;0;0;0;20;52;0;48;0;0;0;0;0;0;0;0;0;0;0;0;0;0
10155;2016-06;0;58;0;0;0;0;0;0;0;0;0;0;0;0;0;0;0;0;0;0;0;0;3;0;0;0;0;0;0;117;281;0;296;0;0;1;0;0;0;0;0;0;0;0;0;1;1
10156;2016-06;0;1;0;0;0;0;0;0;0;0;0;0;0;0;0;0;0;0;0;0;0;0;1;0;0;0;0;0;0;14;18;0;37;0;0;0;0;0;0;0;0;0;0;0;0;0;0
10157;2016-06;0;14;0;0;0;0;0;0;0;0;0;0;0;0;0;0;0;0;0;0;0;0;0;0;0;0;0;0;0;39;89;0;59;0;0;0;0;0;0;0;0;0;0;0;0;0;0
10158;2016-06;0;8;0;0;0;0;0;0;0;0;0;0;0;0;0;0;0;0;0;0;0;0;0;0;0;0;0;0;0;20;78;0;161;0;0;0;0;0;0;0;0;0;0;0;0;0;0
10159;2016-06;0;26;0;0;0;0;0;0;0;0;0;0;0;0;0;0;0;0;0;0;0;0;0;0;0;0;0;0;0;12;111;0;99;0;0;1;0;0;0;0;0;0;0;0;0;0;1
10160;2016-06;0;10;0;0;0;0;0;0;0;0;0;0;0;0;0;0;0;0;0;0;0;0;1;0;0;0;0;0;0;22;56;0;97;0;0;0;0;0;0;0;0;0;0;0;0;0;1
10161;2016-06;0;3;0;0;0;0;0;0;0;0;0;0;0;0;0;0;0;0;0;0;0;0;0;0;0;0;0;0;0;5;25;0;20;0;0;0;0;0;0;0;0;0;0;0;0;0;0
10162;2016-06;0;28;0;0;0;0;0;0;0;0;0;0;0;0;0;0;0;0;0;0;0;0;0;0;0;0;0;0;0;54;143;0;205;0;0;1;0;0;0;0;0;0;0;0;0;0;0
10163;2016-06;0;19;0;0;0;0;0;0;0;0;0;0;0;0;0;0;0;0;0;0;0;0;1;0;0;0;0;0;0;18;153;0;95;0;0;0;0;0;0;0;0;0;0;0;0;0;2
10164;2016-06;0;24;0;0;0;0;0;0;0;0;0;0;0;0;0;0;0;0;0;0;0;0;0;0;0;0;0;0;0;73;179;0;196;0;0;0;0;0;0;0;0;0;0;0;0;0;0
10165;2016-06;0;12;0;0;0;0;0;0;0;0;0;0;0;0;0;0;0;0;0;0;0;0;0;0;0;0;0;0;0;12;104;0;79;0;0;0;0;0;0;0;0;0;0;0;0;0;0
10166;2016-06;0;5;0;0;0;0;0;0;0;0;0;0;0;0;0;0;0;0;0;0;0;0;0;0;0;0;0;0;0;16;132;0;51;0;0;0;0;0;0;0;0;0;0;0;0;0;0
10167;2016-06;0;4;0;0;0;0;0;0;0;0;0;0;0;0;0;0;0;0;0;0;0;0;0;0;0;0;0;0;0;7;125;0;102;0;0;0;0;0;0;0;0;0;0;0;0;0;0
10168;2016-06;0;18;0;0;0;0;0;0;0;0;0;0;0;0;0;0;0;0;0;0;0;0;1;0;0;0;0;0;0;16;92;0;81;0;0;0;0;0;0;0;0;0;0;0;0;0;0
10169;2016-06;0;31;0;0;0;0;0;0;0;0;0;0;0;0;0;0;0;0;0;0;0;0;0;0;0;0;0;0;0;33;207;0;135;0;0;0;0;0;0;0;0;0;0;0;0;0;1
10170;2016-06;0;23;0;0;0;0;0;0;0;0;0;0;0;0;0;0;0;0;0;0;0;0;0;0;0;0;0;0;0;23;99;0;58;0;0;0;0;0;0;0;0;0;0;0;0;0;0
10171;2016-06;0;5;0;0;0;0;0;0;0;0;0;0;0;0;0;0;0;0;0;0;0;0;0;0;0;0;0;0;0;9;101;0;129;0;0;0;0;0;0;0;0;0;0;0;0;0;0
10172;2016-06;0;31;0;0;0;0;0;0;0;0;0;0;0;0;0;0;0;0;0;0;0;0;2;0;0;0;0;0;0;75;197;0;158;0;0;1;0;0;0;0;0;0;0;0;0;1;0
10173;2016-06;0;36;0;0;0;0;0;0;0;0;0;0;0;0;0;0;0;0;0;0;0;0;1;0;0;0;0;0;0;52;175;0;130;0;0;0;0;0;0;0;0;0;0;0;0;0;0
10174;2016-06;0;6;0;0;0;0;0;0;0;0;0;0;0;0;0;0;0;0;0;0;0;0;5;0;0;0;0;0;0;11;69;0;41;0;0;0;0;0;0;0;0;0;0;0;0;0;0
10175;2016-06;0;81;0;0;0;0;0;0;0;0;0;0;0;0;0;0;0;0;0;0;0;0;7;0;0;0;0;0;0;148;389;0;348;0;0;1;0;0;0;0;0;0;0;0;0;1;1
10176;2016-06;0;24;0;0;0;0;0;0;0;0;0;0;0;0;0;0;0;0;0;0;0;0;0;0;0;0;0;0;0;43;76;0;115;0;0;0;0;0;0;0;0;0;0;0;0;2;1
10177;2016-06;0;202;0;0;0;0;0;0;0;0;0;0;0;0;0;0;0;0;0;0;0;0;9;0;0;0;0;0;0;168;384;0;430;0;0;0;0;0;0;0;0;0;0;0;0;2;1
10178;2016-06;0;26;0;0;0;0;0;0;0;0;0;0;0;0;0;0;0;0;0;0;0;0;4;0;0;0;0;0;0;76;263;0;179;0;0;2;0;0;0;0;0;0;0;0;0;0;0
10179;2016-06;0;11;0;0;0;0;0;0;0;0;0;0;0;0;0;0;0;0;0;0;0;0;1;0;0;0;0;0;0;46;98;0;71;0;0;0;0;0;0;0;0;0;0;0;0;0;0
10180;2016-06;0;306;0;0;0;0;0;0;0;0;0;0;0;0;0;0;0;0;0;0;0;0;8;0;0;0;0;0;0;290;1094;0;868;0;0;4;0;0;0;0;0;0;0;0;0;2;4
10181;2016-06;0;43;0;0;0;0;0;0;0;0;0;0;0;0;0;0;0;0;0;0;0;0;0;0;0;0;0;0;0;71;177;0;231;0;0;0;0;0;0;0;0;0;0;0;0;0;0
10182;2016-06;0;11;0;0;0;0;0;0;0;0;0;0;0;0;0;0;0;0;0;0;0;0;0;0;0;0;0;0;0;15;39;0;30;0;0;0;0;0;0;0;0;0;0;0;0;0;0
10183;2016-06;0;51;0;0;0;0;0;0;0;0;0;0;0;0;0;0;0;0;0;0;0;0;3;0;0;0;0;0;0;101;287;0;282;0;0;0;0;0;0;0;0;0;0;0;0;1;2
10184;2016-06;0;31;0;0;0;0;0;0;0;0;0;0;0;0;0;0;0;0;0;0;0;0;1;0;0;0;0;0;0;84;275;0;202;0;0;0;0;0;0;0;0;0;0;0;0;0;1
10185;2016-06;0;25;0;0;0;0;0;0;0;0;0;0;0;0;0;0;0;0;0;0;0;0;1;0;0;0;0;0;0;47;175;0;152;0;0;1;0;0;0;0;0;0;0;0;0;2;0
10186;2016-06;0;42;0;0;0;0;0;0;0;0;0;0;0;0;0;0;0;0;0;0;0;0;4;0;0;0;0;0;0;72;337;0;319;0;0;1;0;0;0;0;0;0;0;0;0;0;2
10187;2016-06;0;24;0;0;0;0;0;0;0;0;0;0;0;0;0;0;0;0;0;0;0;0;3;0;0;0;0;0;0;74;88;0;115;0;0;0;0;0;0;0;0;0;0;0;0;0;0
10188;2016-06;0;21;0;0;0;0;0;0;0;0;0;0;0;0;0;0;0;0;0;0;0;0;2;0;0;0;0;0;0;31;136;0;178;0;0;2;0;0;0;0;0;0;0;0;0;0;0
10189;2016-06;0;158;0;0;0;0;0;0;0;0;0;0;0;0;0;0;0;0;0;0;0;0;11;0;0;0;0;0;0;281;657;0;735;0;0;2;0;0;0;0;0;0;0;0;0;1;2
10190;2016-06;0;37;0;0;0;0;0;0;0;0;0;0;0;0;0;0;0;0;0;0;0;0;3;0;0;0;0;0;0;39;135;0;175;0;0;0;0;0;0;0;0;0;0;0;0;3;1
10191;2016-06;0;49;0;0;0;0;0;0;0;0;0;0;0;0;0;0;0;0;0;0;0;0;4;0;0;0;0;0;0;69;157;0;114;0;0;0;0;0;0;0;0;0;0;0;0;0;2
10192;2016-06;0;29;0;0;0;0;0;0;0;0;0;0;0;0;0;0;0;0;0;0;0;0;1;0;0;0;0;0;0;60;298;0;195;0;0;0;0;0;0;0;0;0;0;0;0;0;0
10193;2016-06;0;124;0;0;0;0;0;0;0;0;0;0;0;0;0;0;0;0;0;0;0;0;8;0;0;0;0;0;0;57;576;0;302;0;0;3;0;0;0;0;0;0;0;0;0;1;1
10194;2016-06;0;48;0;0;0;0;0;0;0;0;0;0;0;0;0;0;0;0;0;0;0;0;3;0;0;0;0;0;0;53;175;0;124;0;0;1;0;0;0;0;0;0;0;0;0;1;0
10195;2016-06;0;497;0;0;0;0;0;0;0;0;0;0;0;0;0;0;0;0;0;0;0;0;46;0;0;0;0;0;0;623;2719;0;1530;0;0;7;0;0;0;0;0;0;0;0;0;10;12
10196;2016-06;0;8;0;0;0;0;0;0;0;0;0;0;0;0;0;0;0;0;0;0;0;0;4;0;0;0;0;0;0;19;98;0;95;0;0;0;0;0;0;0;0;0;0;0;0;0;0
10197;2016-06;0;9;0;0;0;0;0;0;0;0;0;0;0;0;0;0;0;0;0;0;0;0;0;0;0;0;0;0;0;9;44;0;27;0;0;0;0;0;0;0;0;0;0;0;0;0;0
10198;2016-06;0;44;0;0;0;0;0;0;0;0;0;0;0;0;0;0;0;0;0;0;0;0;4;0;0;0;0;0;0;28;505;0;375;0;0;1;0;0;0;0;0;0;0;0;0;1;0
10199;2016-06;0;20;0;0;0;0;0;0;0;0;0;0;0;0;0;0;0;0;0;0;0;0;0;0;0;0;0;0;0;6;49;0;34;0;0;1;0;0;0;0;0;0;0;0;0;0;0
10200;2016-06;0;10;0;0;0;0;0;0;0;0;0;0;0;0;0;0;0;0;0;0;0;0;2;0;0;0;0;0;0;18;145;0;126;0;0;0;0;0;0;0;0;0;0;0;0;0;0
10201;2016-06;0;13;0;0;0;0;0;0;0;0;0;0;0;0;0;0;0;0;0;0;0;0;1;0;0;0;0;0;0;6;57;0;63;0;0;0;0;0;0;0;0;0;0;0;0;0;0
10202;2016-06;0;38;0;0;0;0;0;0;0;0;0;0;0;0;0;0;0;0;0;0;0;0;3;0;0;0;0;0;0;61;156;0;198;0;0;1;0;0;0;0;0;0;0;0;0;0;2
10203;2016-06;0;280;0;0;0;0;0;0;0;0;0;0;0;0;0;0;0;0;0;0;0;0;23;0;0;0;0;0;0;335;1401;0;1007;0;0;2;0;0;0;0;0;0;0;0;0;5;6
10204;2016-06;0;21;0;0;0;0;0;0;0;0;0;0;0;0;0;0;0;0;0;0;0;0;1;0;0;0;0;0;0;59;153;0;88;0;0;0;0;0;0;0;0;0;0;0;0;0;1
10205;2016-06;0;81;0;0;0;0;0;0;0;0;0;0;0;0;0;0;0;0;0;0;0;0;9;0;0;0;0;0;0;275;421;0;494;0;0;5;0;0;0;0;0;0;0;0;0;2;1
10206;2016-06;0;15;0;0;0;0;0;0;0;0;0;0;0;0;0;0;0;0;0;0;0;0;0;0;0;0;0;0;0;21;56;0;62;0;0;0;0;0;0;0;0;0;0;0;0;0;0
10207;2016-06;0;16;0;0;0;0;0;0;0;0;0;0;0;0;0;0;0;0;0;0;0;0;3;0;0;0;0;0;0;25;150;0;150;0;0;0;0;0;0;0;0;0;0;0;0;0;0
10208;2016-06;0;5;0;0;0;0;0;0;0;0;0;0;0;0;0;0;0;0;0;0;0;0;0;0;0;0;0;0;0;7;33;0;47;0;0;0;0;0;0;0;0;0;0;0;0;0;0
10209;2016-06;0;5;0;0;0;0;0;0;0;0;0;0;0;0;0;0;0;0;0;0;0;0;1;0;0;0;0;0;0;27;57;0;86;0;0;0;0;0;0;0;0;0;0;0;0;0;0
10210;2016-06;0;17;0;0;0;0;0;0;0;0;0;0;0;0;0;0;0;0;0;0;0;0;2;0;0;0;0;0;0;24;133;0;178;0;0;0;0;0;0;0;0;0;0;0;0;0;0
10211;2016-06;0;16;0;0;0;0;0;0;0;0;0;0;0;0;0;0;0;0;0;0;0;0;5;0;0;0;0;0;0;31;114;0;169;0;0;0;0;0;0;0;0;0;0;0;0;0;1
10212;2016-06;0;115;0;0;0;0;0;0;0;0;0;0;0;0;0;0;0;0;0;0;0;0;7;0;0;0;0;0;0;325;344;0;393;0;0;3;0;0;0;0;0;0;0;0;0;3;6
10213;2016-06;0;29;0;0;0;0;0;0;0;0;0;0;0;0;0;0;0;0;0;0;0;0;1;0;0;0;0;0;0;31;242;0;157;0;0;1;0;0;0;0;0;0;0;0;0;0;2
10214;2016-06;0;8;0;0;0;0;0;0;0;0;0;0;0;0;0;0;0;0;0;0;0;0;2;0;0;0;0;0;0;18;103;0;44;0;0;0;0;0;0;0;0;0;0;0;0;0;0
10215;2016-06;0;23;0;0;0;0;0;0;0;0;0;0;0;0;0;0;0;0;0;0;0;0;0;0;0;0;0;0;0;33;95;0;154;0;0;1;0;0;0;0;0;0;0;0;0;0;0
10216;2016-06;0;73;0;0;0;0;0;0;0;0;0;0;0;0;0;0;0;0;0;0;0;0;3;0;0;0;0;0;0;139;494;0;443;0;0;3;0;0;0;0;0;0;0;0;0;3;0
10217;2016-06;0;26;0;0;0;0;0;0;0;0;0;0;0;0;0;0;0;0;0;0;0;0;0;0;0;0;0;0;0;26;217;0;132;0;0;0;0;0;0;0;0;0;0;0;0;0;0
10218;2016-06;0;44;0;0;0;0;0;0;0;0;0;0;0;0;0;0;0;0;0;0;0;0;3;0;0;0;0;0;0;42;278;0;424;0;0;0;0;0;0;0;0;0;0;0;0;0;1
10219;2016-06;0;69;0;0;0;0;0;0;0;0;0;0;0;0;0;0;0;0;0;0;0;0;1;0;0;0;0;0;0;109;316;0;283;0;0;2;0;0;0;0;0;0;0;0;0;2;1
10901;2016-06;0;70;0;0;0;0;0;0;0;0;0;0;0;0;0;0;0;0;0;0;0;0;8;0;0;0;0;0;0;102;287;0;266;0;0;1;0;0;0;0;0;0;0;0;0;0;3
10902;2016-06;0;35;0;0;0;0;0;0;0;0;0;0;0;0;0;0;0;0;0;0;0;0;1;0;0;0;0;0;0;18;227;0;254;0;0;0;0;0;0;0;0;0;0;0;0;1;0
10903;2016-06;0;55;0;0;0;0;0;0;0;0;0;0;0;0;0;0;0;0;0;0;0;0;4;0;0;0;0;0;0;78;164;0;265;0;0;0;0;0;0;0;0;0;0;0;0;0;0
10904;2016-06;0;74;0;0;0;0;0;0;0;0;0;0;0;0;0;0;0;0;0;0;0;0;2;0;0;0;0;0;0;51;190;0;177;0;0;1;0;0;0;0;0;0;0;0;0;1;0
10905;2016-06;0;62;0;0;0;0;0;0;0;0;0;0;0;0;0;0;0;0;0;0;0;0;3;0;0;0;0;0;0;54;174;0;140;0;0;1;0;0;0;0;0;0;0;0;0;2;1
11001;2016-06;0;235;0;0;0;0;0;2;0;0;0;0;0;0;3;0;0;0;0;0;0;0;9;0;2;0;0;0;0;310;737;0;1450;0;0;3;0;0;0;0;0;0;0;0;0;1;4
11002;2016-06;0;86;0;0;0;0;0;0;0;0;0;0;0;0;0;0;0;0;0;0;0;0;6;0;2;0;0;0;0;1331;195;0;1175;0;0;0;0;0;0;0;0;0;0;0;0;3;1
11003;2016-06;0;70;0;0;0;0;0;0;0;0;0;0;0;0;1;0;0;0;0;0;0;0;5;0;0;0;0;0;0;73;295;0;369;0;0;2;0;0;0;0;0;0;0;0;0;0;0
11004;2016-06;0;8746;0;0;0;0;0;27;0;0;0;0;0;0;44;0;0;0;0;0;0;0;726;0;51;0;0;0;0;8434;18383;0;13648;0;0;118;0;0;0;0;0;0;0;0;0;210;115
11005;2016-06;0;241;0;0;0;0;0;3;0;0;0;0;0;0;0;0;0;0;0;0;0;0;23;0;4;0;0;0;0;520;695;0;1444;0;0;5;0;0;0;0;0;0;0;0;0;6;1
11006;2016-06;0;1990;0;0;0;0;0;6;0;0;0;0;0;0;10;0;0;0;0;0;0;0;150;0;19;0;0;0;0;2204;4655;0;6311;0;0;14;0;0;0;0;0;0;0;0;0;20;15
11007;2016-06;0;1155;0;0;0;0;0;8;0;0;0;0;0;0;9;0;0;0;0;0;0;0;111;0;20;0;0;0;0;1862;3386;0;3058;0;0;19;0;0;0;0;0;0;0;0;0;19;12
11008;2016-06;0;1795;0;0;0;0;0;2;0;0;0;0;0;0;8;0;0;0;0;0;0;0;134;0;15;0;0;0;0;2034;3231;0;3391;0;0;19;0;0;0;0;0;0;0;0;0;37;18
11009;2016-06;0;30;0;0;0;0;0;0;0;0;0;0;0;0;0;0;0;0;0;0;0;0;3;0;0;0;0;0;0;55;180;0;139;0;0;0;0;0;0;0;0;0;0;0;0;1;1
11010;2016-06;0;388;0;0;0;0;0;5;0;0;0;0;0;0;0;0;0;0;0;0;0;0;22;0;1;0;0;0;0;989;1036;0;1583;0;0;11;0;0;0;0;0;0;0;0;0;4;3
11011;2016-06;0;143;0;0;0;0;0;0;0;0;0;0;0;0;2;0;0;0;0;0;0;0;14;0;0;0;0;0;0;183;383;0;416;0;0;2;0;0;0;0;0;0;0;0;0;3;7
11012;2016-06;0;8541;0;0;0;0;0;61;0;0;0;0;0;0;63;0;0;0;0;0;0;0;1747;0;61;0;0;0;0;20377;22985;0;14488;0;0;256;0;0;0;0;0;0;0;0;0;246;155
11013;2016-06;0;210;0;0;0;0;0;0;0;0;0;0;0;0;3;0;0;0;0;0;0;0;11;0;2;0;0;0;0;244;380;0;644;0;0;0;0;0;0;0;0;0;0;0;0;4;5
11014;2016-06;0;1527;0;0;0;0;0;5;0;0;0;0;0;0;8;0;0;0;0;0;0;0;96;0;10;0;0;0;0;2302;3204;0;2887;0;0;22;0;0;0;0;0;0;0;0;0;15;16
11015;2016-06;0;6277;0;0;0;0;0;18;0;0;0;0;0;0;31;0;0;0;0;0;0;0;700;0;47;0;0;0;0;7314;12871;0;9864;0;0;68;0;0;0;0;0;0;0;0;0;107;90
11016;2016-06;0;1232;0;0;0;0;0;1;0;0;0;0;0;0;8;0;0;0;0;0;0;0;133;0;9;0;0;0;0;1628;3440;0;2677;0;0;13;0;0;0;0;0;0;0;0;0;15;23
11017;2016-06;0;158;0;0;0;0;0;0;0;0;0;0;0;0;1;0;0;0;0;0;0;0;12;0;2;0;0;0;0;383;587;0;1015;0;0;1;0;0;0;0;0;0;0;0;0;4;1
11018;2016-06;0;79;0;0;0;0;0;1;0;0;0;0;0;0;0;0;0;0;0;0;0;0;9;0;1;0;0;0;0;100;402;0;428;0;0;1;0;0;0;0;0;0;0;0;0;0;1
11019;2016-06;0;124;0;0;0;0;0;2;0;0;0;0;0;0;5;0;0;0;0;0;0;0;11;0;2;0;0;0;0;174;436;0;478;0;0;2;0;0;0;0;0;0;0;0;0;3;4
11020;2016-06;0;17195;0;0;0;0;0;99;0;0;0;0;0;0;88;0;0;0;0;0;0;0;1569;0;133;0;0;0;0;22806;35994;0;28950;0;0;268;0;0;0;0;0;0;0;0;0;318;222
11021;2016-06;0;525;0;0;0;0;0;2;0;0;0;0;0;0;1;0;0;0;0;0;0;0;23;0;2;0;0;0;0;729;1135;0;1885;0;0;0;0;0;0;0;0;0;0;0;0;2;6
11022;2016-06;0;3728;0;0;0;0;0;11;0;0;0;0;0;0;16;0;0;0;0;0;0;0;490;0;37;0;0;0;0;4619;8250;0;8659;0;0;69;0;0;0;0;0;0;0;0;0;45;62
11023;2016-06;0;646;0;0;0;0;0;4;0;0;0;0;0;0;1;0;0;0;0;0;0;0;65;0;5;0;0;0;0;1213;1407;0;2919;0;0;3;0;0;0;0;0;0;0;0;0;14;8
11024;2016-06;0;504;0;0;0;0;0;1;0;0;0;0;0;0;0;0;0;0;0;0;0;0;18;0;5;0;0;0;0;741;1338;0;1972;0;0;3;0;0;0;0;0;0;0;0;0;6;2
11025;2016-06;0;240;0;0;0;0;0;0;0;0;0;0;0;0;2;0;0;0;0;0;0;0;28;0;12;0;0;0;0;419;530;0;1552;0;0;3;0;0;0;0;0;0;0;0;0;7;4
11026;2016-06;0;511;0;0;0;0;0;4;0;0;0;0;0;0;4;0;0;0;0;0;0;0;19;0;7;0;0;0;0;373;1225;0;1194;0;0;6;0;0;0;0;0;0;0;0;0;4;5
11027;2016-06;0;7196;0;0;0;0;0;27;0;0;0;0;0;0;37;0;0;0;0;0;0;0;692;0;74;0;0;0;0;9927;16620;0;9382;0;0;115;0;0;0;0;0;0;0;0;0;177;132
11028;2016-06;0;2456;0;0;0;0;0;15;0;0;0;0;0;0;15;0;0;0;0;0;0;0;464;0;32;0;0;0;0;7708;3690;0;6767;0;0;69;0;0;0;0;0;0;0;0;0;95;45
11029;2016-06;0;178;0;0;0;0;0;2;0;0;0;0;0;0;0;0;0;0;0;0;0;0;20;0;1;0;0;0;0;736;654;0;1353;0;0;5;0;0;0;0;0;0;0;0;0;2;5
11030;2016-06;0;2465;0;0;0;0;0;12;0;0;0;0;0;0;10;0;0;0;0;0;0;0;237;0;20;0;0;0;0;2672;5571;0;3716;0;0;27;0;0;0;0;0;0;0;0;0;61;18
11031;2016-06;0;8130;0;0;0;0;0;33;0;0;0;0;0;0;46;0;0;0;0;0;0;0;1069;0;51;0;0;0;0;10367;16614;0;12099;0;0;155;0;0;0;0;0;0;0;0;0;160;146
11032;2016-06;0;4435;0;0;0;0;0;17;0;0;0;0;0;0;20;0;0;0;0;0;0;0;512;0;59;0;0;0;0;6794;9182;0;9507;0;0;38;0;0;0;0;0;0;0;0;0;53;43
11033;2016-06;0;1688;0;0;0;0;0;1;0;0;0;0;0;0;5;0;0;0;0;0;0;0;160;0;16;0;0;0;0;2295;4114;0;4252;0;0;21;0;0;0;0;0;0;0;0;0;32;23
11034;2016-06;0;172;0;0;0;0;0;0;0;0;0;0;0;0;0;0;0;0;0;0;0;0;4;0;5;0;0;0;0;141;384;0;796;0;0;0;0;0;0;0;0;0;0;0;0;0;1
11035;2016-06;0;993;0;0;0;0;0;9;0;0;0;0;0;0;8;0;0;0;0;0;0;0;97;0;5;0;0;0;0;1492;2853;0;2674;0;0;13;0;0;0;0;0;0;0;0;0;18;24
11036;2016-06;0;11;0;0;0;0;0;0;0;0;0;0;0;0;0;0;0;0;0;0;0;0;2;0;0;0;0;0;0;62;153;0;167;0;0;1;0;0;0;0;0;0;0;0;0;1;0
11037;2016-06;0;160;0;0;0;0;0;0;0;0;0;0;0;0;1;0;0;0;0;0;0;0;22;0;13;0;0;0;0;2589;448;0;993;0;0;3;0;0;0;0;0;0;0;0;0;1;2
11038;2016-06;0;1351;0;0;0;0;0;5;0;0;0;0;0;0;8;0;0;0;0;0;0;0;113;0;19;0;0;0;0;1126;3949;0;3316;0;0;14;0;0;0;0;0;0;0;0;0;19;15
11039;2016-06;0;726;0;0;0;0;0;5;0;0;0;0;0;0;4;0;0;0;0;0;0;0;65;0;6;0;0;0;0;765;2348;0;2063;0;0;8;0;0;0;0;0;0;0;0;0;13;3
11040;2016-06;0;35;0;0;0;0;0;0;0;0;0;0;0;0;0;0;0;0;0;0;0;0;1;0;0;0;0;0;0;25;59;0;170;0;0;0;0;0;0;0;0;0;0;0;0;1;0
11041;2016-06;0;727;0;0;0;0;0;1;0;0;0;0;0;0;1;0;0;0;0;0;0;0;43;0;4;0;0;0;0;918;2341;0;2270;0;0;18;0;0;0;0;0;0;0;0;0;4;6
11042;2016-06;0;81;0;0;0;0;0;0;0;0;0;0;0;0;2;0;0;0;0;0;0;0;8;0;0;0;0;0;0;60;293;0;403;0;0;3;0;0;0;0;0;0;0;0;0;1;0
11901;2016-06;0;346;0;0;0;0;0;2;0;0;0;0;0;0;4;0;0;0;0;0;0;0;26;0;5;0;0;0;0;523;858;0;1788;0;0;6;0;0;0;0;0;0;0;0;0;6;0
11902;2016-06;0;178;0;0;0;0;0;0;0;0;0;0;0;0;1;0;0;0;0;0;0;0;9;0;4;0;0;0;0;247;895;0;889;0;0;2;0;0;0;0;0;0;0;0;0;1;1
12001;2016-06;0;64;5;0;0;0;0;0;0;0;0;0;0;0;1;0;0;0;0;0;0;0;1;0;0;0;0;155;0;0;335;0;233;0;0;0;0;0;0;1;0;0;0;0;0;1;0
12002;2016-06;0;5;0;0;0;0;0;0;0;0;0;0;0;0;0;0;0;0;0;0;0;0;0;0;0;0;0;45;0;0;12;0;35;0;0;0;0;0;0;0;0;0;0;0;0;0;0
12003;2016-06;0;92;2;0;0;0;0;0;0;0;0;0;0;0;1;0;0;0;0;0;0;0;3;0;1;0;0;166;0;0;375;0;89;0;0;0;0;0;0;1;0;0;0;0;0;0;0
12004;2016-06;0;415;10;0;0;0;0;0;0;0;0;0;0;0;6;0;0;0;0;0;0;0;23;0;3;0;0;742;0;0;1174;0;671;0;0;7;0;0;0;2;0;0;0;0;0;9;7
12005;2016-06;0;832;33;0;0;0;0;0;0;0;0;0;0;0;7;0;0;0;0;0;0;0;51;0;10;0;0;1451;0;0;1937;0;1343;0;0;3;0;0;0;6;0;0;0;0;0;8;9
12006;2016-06;0;6;1;0;0;0;0;0;0;0;0;0;0;0;0;0;0;0;0;0;0;0;1;0;0;0;0;36;0;0;41;0;48;0;0;0;0;0;0;0;0;0;0;0;0;0;0
12007;2016-06;0;49;1;0;0;0;0;0;0;0;0;0;0;0;2;0;0;0;0;0;0;0;0;0;0;0;0;201;0;0;291;0;85;0;0;1;0;0;0;2;0;0;0;0;0;1;0
12008;2016-06;0;7;0;0;0;0;0;0;0;0;0;0;0;0;0;0;0;0;0;0;0;0;0;0;0;0;0;48;0;0;87;0;48;0;0;0;0;0;0;1;0;0;0;0;0;0;0
12009;2016-06;0;2004;68;0;0;0;0;0;0;0;0;0;0;0;16;0;0;0;0;0;0;0;127;0;11;0;0;2701;0;0;4108;0;2801;0;0;17;0;0;0;18;0;0;0;0;0;28;25
12010;2016-06;0;23;0;0;0;0;0;0;0;0;0;0;0;0;0;0;0;0;0;0;0;0;3;0;0;0;0;35;0;0;82;0;63;0;0;0;0;0;0;0;0;0;0;0;0;0;0
12011;2016-06;0;399;17;0;0;0;0;0;0;0;0;0;0;0;3;0;0;0;0;0;0;0;35;0;6;0;0;884;0;0;918;0;973;0;0;4;0;0;0;10;0;0;0;0;0;10;4
12012;2016-06;0;209;1;0;0;0;0;0;0;0;0;0;0;0;6;0;0;0;0;0;0;0;16;0;4;0;0;516;0;0;794;0;634;0;0;1;0;0;0;4;0;0;0;0;0;2;2
12013;2016-06;0;8;0;0;0;0;0;0;0;0;0;0;0;0;0;0;0;0;0;0;0;0;0;0;0;0;0;39;0;0;45;0;27;0;0;0;0;0;0;0;0;0;0;0;0;0;0
12014;2016-06;0;12;0;0;0;0;0;0;0;0;0;0;0;0;0;0;0;0;0;0;0;0;0;0;1;0;0;31;0;0;59;0;38;0;0;0;0;0;0;0;0;0;0;0;0;0;0
12015;2016-06;0;3;0;0;0;0;0;0;0;0;0;0;0;0;0;0;0;0;0;0;0;0;1;0;0;0;0;37;0;0;32;0;5;0;0;0;0;0;0;0;0;0;0;0;0;0;0
12016;2016-06;0;134;7;0;0;0;0;0;0;0;0;0;0;0;1;0;0;0;0;0;0;0;3;0;1;0;0;217;0;0;590;0;329;0;0;0;0;0;0;3;0;0;0;0;0;1;5
12017;2016-06;0;12;0;0;0;0;0;0;0;0;0;0;0;0;0;0;0;0;0;0;0;0;1;0;0;0;0;15;0;0;71;0;29;0;0;0;0;0;0;0;0;0;0;0;0;0;0
12018;2016-06;0;31;1;0;0;0;0;0;0;0;0;0;0;0;0;0;0;0;0;0;0;0;2;0;0;0;0;44;0;0;84;0;77;0;0;0;0;0;0;0;0;0;0;0;0;1;1
12020;2016-06;0;14;0;0;0;0;0;0;0;0;0;0;0;0;0;0;0;0;0;0;0;0;0;0;0;0;0;8;0;0;74;0;7;0;0;0;0;0;0;0;0;0;0;0;0;0;2
12021;2016-06;0;416;25;0;0;0;0;0;0;0;0;0;0;0;7;0;0;0;0;0;0;0;26;0;2;0;0;911;0;0;1052;0;842;0;0;6;0;0;0;6;0;0;0;0;0;2;10
12022;2016-06;0;20;0;0;0;0;0;0;0;0;0;0;0;0;0;0;0;0;0;0;0;0;2;0;1;0;0;65;0;0;110;0;62;0;0;0;0;0;0;0;0;0;0;0;0;0;0
12024;2016-06;0;8;0;0;0;0;0;0;0;0;0;0;0;0;0;0;0;0;0;0;0;0;0;0;0;0;0;33;0;0;42;0;39;0;0;0;0;0;0;0;0;0;0;0;0;1;1
12025;2016-06;0;2;0;0;0;0;0;0;0;0;0;0;0;0;0;0;0;0;0;0;0;0;0;0;0;0;0;24;0;0;55;0;23;0;0;0;0;0;0;0;0;0;0;0;0;0;0
12026;2016-06;0;81;2;0;0;0;0;0;0;0;0;0;0;0;0;0;0;0;0;0;0;0;0;0;0;0;0;103;0;0;314;0;148;0;0;1;0;0;0;0;0;0;0;0;0;1;0
12027;2016-06;0;1834;50;0;0;0;0;0;0;0;0;0;0;0;25;0;0;0;0;0;0;0;160;0;15;0;0;3053;0;0;4148;0;2423;0;0;32;0;0;0;21;0;0;0;0;0;22;16
12028;2016-06;0;1937;41;0;0;0;0;0;0;0;0;0;0;0;13;0;0;0;0;0;0;0;120;0;7;0;0;2258;0;0;3720;0;1457;0;0;16;0;0;0;6;0;0;0;0;0;18;21
12029;2016-06;0;45;1;0;0;0;0;0;0;0;0;0;0;0;0;0;0;0;0;0;0;0;4;0;2;0;0;176;0;0;180;0;139;0;0;0;0;0;0;0;0;0;0;0;0;1;3
12031;2016-06;0;483;16;0;0;0;0;0;0;0;0;0;0;0;10;0;0;0;0;0;0;0;21;0;4;0;0;861;0;0;923;0;530;0;0;4;0;0;0;0;0;0;0;0;0;7;11
12032;2016-06;0;2779;108;0;0;0;0;0;0;0;0;0;0;0;26;0;0;0;0;0;0;0;209;0;23;0;0;3671;0;0;6361;0;3519;0;0;34;0;0;0;56;0;0;0;0;0;36;40
12033;2016-06;0;174;4;0;0;0;0;0;0;0;0;0;0;0;1;0;0;0;0;0;0;0;14;0;2;0;0;299;0;0;534;0;354;0;0;0;0;0;0;1;0;0;0;0;0;1;1
12034;2016-06;0;126;4;0;0;0;0;0;0;0;0;0;0;0;0;0;0;0;0;0;0;0;4;0;2;0;0;220;0;0;352;0;317;0;0;0;0;0;0;4;0;0;0;0;0;3;0
12036;2016-06;0;39;2;0;0;0;0;0;0;0;0;0;0;0;1;0;0;0;0;0;0;0;1;0;0;0;0;56;0;0;199;0;109;0;0;0;0;0;0;3;0;0;0;0;0;1;0
12037;2016-06;0;1;0;0;0;0;0;0;0;0;0;0;0;0;0;0;0;0;0;0;0;0;0;0;0;0;0;3;0;0;4;0;5;0;0;0;0;0;0;0;0;0;0;0;0;1;0
12038;2016-06;0;15;1;0;0;0;0;0;0;0;0;0;0;0;0;0;0;0;0;0;0;0;1;0;0;0;0;8;0;0;66;0;24;0;0;1;0;0;0;0;0;0;0;0;0;0;0
12039;2016-06;0;69;4;0;0;0;0;0;0;0;0;0;0;0;0;0;0;0;0;0;0;0;4;0;0;0;0;101;0;0;304;0;220;0;0;1;0;0;0;2;0;0;0;0;0;1;0
12040;2016-06;0;14244;579;0;0;0;0;0;0;0;0;0;0;0;118;0;0;0;0;0;0;0;1011;0;108;0;0;21579;0;0;28784;0;17202;0;0;219;0;0;0;68;0;0;0;0;0;255;283
12041;2016-06;0;13;0;0;0;0;0;0;0;0;0;0;0;0;0;0;0;0;0;0;0;0;1;0;0;0;0;6;0;0;46;0;15;0;0;0;0;0;0;0;0;0;0;0;0;0;0
12042;2016-06;0;43;1;0;0;0;0;0;0;0;0;0;0;0;3;0;0;0;0;0;0;0;1;0;0;0;0;31;0;0;334;0;86;0;0;0;0;0;0;0;0;0;0;0;0;0;1
12043;2016-06;0;36;2;0;0;0;0;0;0;0;0;0;0;0;0;0;0;0;0;0;0;0;4;0;0;0;0;97;0;0;200;0;97;0;0;1;0;0;0;2;0;0;0;0;0;0;1
12044;2016-06;0;24;0;0;0;0;0;0;0;0;0;0;0;0;0;0;0;0;0;0;0;0;0;0;0;0;0;72;0;0;150;0;162;0;0;0;0;0;0;0;0;0;0;0;0;0;1
12045;2016-06;0;18;0;0;0;0;0;0;0;0;0;0;0;0;0;0;0;0;0;0;0;0;1;0;1;0;0;62;0;0;73;0;102;0;0;0;0;0;0;0;0;0;0;0;0;0;1
12046;2016-06;0;14;0;0;0;0;0;0;0;0;0;0;0;0;0;0;0;0;0;0;0;0;1;0;0;0;0;30;0;0;50;0;53;0;0;0;0;0;0;0;0;0;0;0;0;0;0
12048;2016-06;0;21;0;0;0;0;0;0;0;0;0;0;0;0;0;0;0;0;0;0;0;0;0;0;0;0;0;26;0;0;80;0;55;0;0;0;0;0;0;0;0;0;0;0;0;0;0
12049;2016-06;0;42;0;0;0;0;0;0;0;0;0;0;0;0;0;0;0;0;0;0;0;0;1;0;0;0;0;109;0;0;67;0;92;0;0;0;0;0;0;0;0;0;0;0;0;0;0
12050;2016-06;0;67;4;0;0;0;0;0;0;0;0;0;0;0;1;0;0;0;0;0;0;0;5;0;0;0;0;223;0;0;367;0;321;0;0;1;0;0;0;2;0;0;0;0;0;3;0
12051;2016-06;0;17;0;0;0;0;0;0;0;0;0;0;0;0;0;0;0;0;0;0;0;0;0;0;0;0;0;27;0;0;260;0;28;0;0;0;0;0;0;1;0;0;0;0;0;1;0
12052;2016-06;0;37;2;0;0;0;0;0;0;0;0;0;0;0;0;0;0;0;0;0;0;0;3;0;0;0;0;58;0;0;227;0;105;0;0;0;0;0;0;0;0;0;0;0;0;0;0
12053;2016-06;0;172;9;0;0;0;0;0;0;0;0;0;0;0;1;0;0;0;0;0;0;0;6;0;3;0;0;348;0;0;645;0;439;0;0;0;0;0;0;2;0;0;0;0;0;1;1
12055;2016-06;0;11;0;0;0;0;0;0;0;0;0;0;0;0;0;0;0;0;0;0;0;0;0;0;0;0;0;32;0;0;30;0;4;0;0;1;0;0;0;1;0;0;0;0;0;0;0
12056;2016-06;0;30;0;0;0;0;0;0;0;0;0;0;0;0;0;0;0;0;0;0;0;0;1;0;0;0;0;79;0;0;74;0;45;0;0;0;0;0;0;0;0;0;0;0;0;0;1
12057;2016-06;0;51;3;0;0;0;0;0;0;0;0;0;0;0;0;0;0;0;0;0;0;0;2;0;1;0;0;111;0;0;169;0;129;0;0;0;0;0;0;1;0;0;0;0;0;1;1
12058;2016-06;0;7;2;0;0;0;0;0;0;0;0;0;0;0;0;0;0;0;0;0;0;0;0;0;0;0;0;13;0;0;33;0;6;0;0;0;0;0;0;0;0;0;0;0;0;0;0
12059;2016-06;0;11;1;0;0;0;0;0;0;0;0;0;0;0;0;0;0;0;0;0;0;0;1;0;1;0;0;51;0;0;71;0;50;0;0;0;0;0;0;0;0;0;0;0;0;0;0
12060;2016-06;0;33;2;0;0;0;0;0;0;0;0;0;0;0;0;0;0;0;0;0;0;0;1;0;0;0;0;93;0;0;169;0;62;0;0;0;0;0;0;0;0;0;0;0;0;0;0
12061;2016-06;0;29;0;0;0;0;0;0;0;0;0;0;0;0;0;0;0;0;0;0;0;0;0;0;0;0;0;57;0;0;100;0;90;0;0;1;0;0;0;0;0;0;0;0;0;2;0
12063;2016-06;0;3;0;0;0;0;0;0;0;0;0;0;0;0;0;0;0;0;0;0;0;0;1;0;0;0;0;12;0;0;3;0;9;0;0;0;0;0;0;0;0;0;0;0;0;0;0
12064;2016-06;0;9;0;0;0;0;0;0;0;0;0;0;0;0;0;0;0;0;0;0;0;0;0;0;0;0;0;21;0;0;24;0;25;0;0;0;0;0;0;0;0;0;0;0;0;0;0
12065;2016-06;0;0;11;0;0;0;0;0;0;0;0;0;0;0;0;0;0;0;0;0;0;0;0;0;0;0;0;15;0;0;97;0;44;0;0;0;0;0;0;0;0;0;0;0;0;0;0
12067;2016-06;0;33;0;0;0;0;0;0;0;0;0;0;0;0;0;0;0;0;0;0;0;0;4;0;1;0;0;68;0;0;189;0;131;0;0;0;0;0;0;0;0;0;0;0;0;0;1
12068;2016-06;0;3;0;0;0;0;0;0;0;0;0;0;0;0;0;0;0;0;0;0;0;0;0;0;1;0;0;7;0;0;17;0;6;0;0;0;0;0;0;0;0;0;0;0;0;0;0
12069;2016-06;0;13;1;0;0;0;0;0;0;0;0;0;0;0;1;0;0;0;0;0;0;0;0;0;0;0;0;8;0;0;17;0;8;0;0;0;0;0;0;0;0;0;0;0;0;0;0
12070;2016-06;0;33;0;0;0;0;0;0;0;0;0;0;0;0;0;0;0;0;0;0;0;0;2;0;1;0;0;73;0;0;168;0;124;0;0;0;0;0;0;0;0;0;0;0;0;0;0
12071;2016-06;0;99;3;0;0;0;0;0;0;0;0;0;0;0;1;0;0;0;0;0;0;0;4;0;3;0;0;186;0;0;405;0;270;0;0;3;0;0;0;1;0;0;0;0;0;1;0
12072;2016-06;0;100;10;0;0;0;0;0;0;0;0;0;0;0;1;0;0;0;0;0;0;0;3;0;3;0;0;114;0;0;390;0;271;0;0;1;0;0;0;2;0;0;0;0;0;2;3
12073;2016-06;0;11;0;0;0;0;0;0;0;0;0;0;0;0;0;0;0;0;0;0;0;0;2;0;0;0;0;21;0;0;50;0;32;0;0;0;0;0;0;0;0;0;0;0;0;1;0
12074;2016-06;0;62;6;0;0;0;0;0;0;0;0;0;0;0;2;0;0;0;0;0;0;0;1;0;1;0;0;87;0;0;266;0;215;0;0;0;0;0;0;0;0;0;0;0;0;2;1
12075;2016-06;0;5;1;0;0;0;0;0;0;0;0;0;0;0;1;0;0;0;0;0;0;0;0;0;0;0;0;25;0;0;34;0;22;0;0;0;0;0;0;0;0;0;0;0;0;0;0
12076;2016-06;0;4;2;0;0;0;0;0;0;0;0;0;0;0;0;0;0;0;0;0;0;0;1;0;0;0;0;11;0;0;31;0;20;0;0;0;0;0;0;0;0;0;0;0;0;0;0
12077;2016-06;0;453;15;0;0;0;0;0;0;0;0;0;0;0;10;0;0;0;0;0;0;0;27;0;4;0;0;860;0;0;1139;0;843;0;0;1;0;0;0;6;0;0;0;0;0;7;2
12078;2016-06;0;16;0;0;0;0;0;0;0;0;0;0;0;0;0;0;0;0;0;0;0;0;2;0;0;0;0;47;0;0;119;0;48;0;0;1;0;0;0;0;0;0;0;0;0;0;0
12079;2016-06;0;34;0;0;0;0;0;0;0;0;0;0;0;0;1;0;0;0;0;0;0;0;1;0;2;0;0;37;0;0;154;0;81;0;0;0;0;0;0;0;0;0;0;0;0;0;2
12080;2016-06;0;162;8;0;0;0;0;0;0;0;0;0;0;0;1;0;0;0;0;0;0;0;3;0;1;0;0;265;0;0;521;0;587;0;0;3;0;0;0;3;0;0;0;0;0;0;6
12081;2016-06;0;49;2;0;0;0;0;0;0;0;0;0;0;0;0;0;0;0;0;0;0;0;4;0;0;0;0;102;0;0;198;0;115;0;0;1;0;0;0;1;0;0;0;0;0;3;0
12082;2016-06;0;1012;104;0;0;0;0;0;0;0;0;0;0;0;17;0;0;0;0;0;0;0;74;0;7;0;0;1439;0;0;2945;0;1527;0;0;11;0;0;0;11;0;0;0;0;0;15;23
12083;2016-06;0;13;0;0;0;0;0;0;0;0;0;0;0;0;0;0;0;0;0;0;0;0;0;0;0;0;0;8;0;0;31;0;24;0;0;0;0;0;0;0;0;0;0;0;0;0;0
12084;2016-06;0;1831;71;0;0;0;0;0;0;0;0;0;0;0;15;0;0;0;0;0;0;0;133;0;9;0;0;2576;0;0;4770;0;3036;0;0;29;0;0;0;13;0;0;0;0;0;12;44
12085;2016-06;0;507;7;0;0;0;0;0;0;0;0;0;0;0;9;0;0;0;0;0;0;0;35;0;5;0;0;726;0;0;1257;0;618;0;0;9;0;0;0;5;0;0;0;0;0;4;11
12087;2016-06;0;1;0;0;0;0;0;0;0;0;0;0;0;0;0;0;0;0;0;0;0;0;0;0;0;0;0;0;0;0;11;0;2;0;0;0;0;0;0;0;0;0;0;0;0;0;0
12088;2016-06;0;0;0;0;0;0;0;0;0;0;0;0;0;0;0;0;0;0;0;0;0;0;0;0;0;0;0;12;0;0;36;0;10;0;0;0;0;0;0;0;0;0;0;0;0;1;0
12089;2016-06;0;426;15;0;0;0;0;0;0;0;0;0;0;0;9;0;0;0;0;0;0;0;29;0;4;0;0;693;0;0;1324;0;486;0;0;5;0;0;0;3;0;0;0;0;0;7;4
12090;2016-06;0;7;0;0;0;0;0;0;0;0;0;0;0;0;0;0;0;0;0;0;0;0;0;0;0;0;0;11;0;0;56;0;9;0;0;0;0;0;0;0;0;0;0;0;0;0;1
12091;2016-06;0;14;0;0;0;0;0;0;0;0;0;0;0;0;0;0;0;0;0;0;0;0;1;0;0;0;0;11;0;0;65;0;21;0;0;0;0;0;0;0;0;0;0;0;0;0;0
12092;2016-06;0;10;0;0;0;0;0;0;0;0;0;0;0;0;0;0;0;0;0;0;0;0;1;0;0;0;0;10;0;0;52;0;17;0;0;0;0;0;0;0;0;0;0;0;0;0;0
12093;2016-06;0;5;1;0;0;0;0;0;0;0;0;0;0;0;0;0;0;0;0;0;0;0;0;0;0;0;0;37;0;0;60;0;28;0;0;2;0;0;0;1;0;0;0;0;0;0;0
12094;2016-06;0;82;1;0;0;0;0;0;0;0;0;0;0;0;1;0;0;0;0;0;0;0;5;0;6;0;0;246;0;0;140;0;175;0;0;0;0;0;0;1;0;0;0;0;0;2;1
12095;2016-06;0;77;2;0;0;0;0;0;0;0;0;0;0;0;0;0;0;0;0;0;0;0;4;0;0;0;0;168;0;0;259;0;220;0;0;1;0;0;0;0;0;0;0;0;0;0;3
12096;2016-06;0;40;0;0;0;0;0;0;0;0;0;0;0;0;0;0;0;0;0;0;0;0;4;0;0;0;0;135;0;0;188;0;202;0;0;1;0;0;0;0;0;0;0;0;0;0;1
12097;2016-06;0;6;0;0;0;0;0;0;0;0;0;0;0;0;0;0;0;0;0;0;0;0;1;0;0;0;0;13;0;0;22;0;6;0;0;0;0;0;0;0;0;0;0;0;0;1;0
12098;2016-06;0;57;2;0;0;0;0;0;0;0;0;0;0;0;0;0;0;0;0;0;0;0;0;0;0;0;0;84;0;0;210;0;88;0;0;0;0;0;0;0;0;0;0;0;0;0;1
12099;2016-06;0;57;0;0;0;0;0;0;0;0;0;0;0;0;1;0;0;0;0;0;0;0;2;0;0;0;0;75;0;0;193;0;65;0;0;1;0;0;0;0;0;0;0;0;0;0;2
12100;2016-06;0;94;2;0;0;0;0;0;0;0;0;0;0;0;0;0;0;0;0;0;0;0;11;0;1;0;0;193;0;0;437;0;292;0;0;1;0;0;0;0;0;0;0;0;0;2;4
12101;2016-06;0;32;0;0;0;0;0;0;0;0;0;0;0;0;1;0;0;0;0;0;0;0;3;0;1;0;0;77;0;0;101;0;56;0;0;0;0;0;0;0;0;0;0;0;0;1;0
12102;2016-06;0;47;1;0;0;0;0;0;0;0;0;0;0;0;1;0;0;0;0;0;0;0;6;0;0;0;0;57;0;0;141;0;163;0;0;0;0;0;0;1;0;0;0;0;0;0;0
12103;2016-06;0;5;1;0;0;0;0;0;0;0;0;0;0;0;0;0;0;0;0;0;0;0;1;0;0;0;0;5;0;0;49;0;5;0;0;0;0;0;0;1;0;0;0;0;0;0;0
12104;2016-06;0;717;21;0;0;0;0;0;0;0;0;0;0;0;7;0;0;0;0;0;0;0;31;0;3;0;0;1157;0;0;2153;0;1189;0;0;10;0;0;0;9;0;0;0;0;0;10;10
12105;2016-06;0;79;1;0;0;0;0;0;0;0;0;0;0;0;1;0;0;0;0;0;0;0;2;0;1;0;0;74;0;0;378;0;95;0;0;1;0;0;0;0;0;0;0;0;0;3;1
12106;2016-06;0;104;2;0;0;0;0;0;0;0;0;0;0;0;0;0;0;0;0;0;0;0;10;0;0;0;0;218;0;0;252;0;339;0;0;3;0;0;0;2;0;0;0;0;0;3;1
12107;2016-06;0;26;0;0;0;0;0;0;0;0;0;0;0;0;0;0;0;0;0;0;0;0;0;0;0;0;0;53;0;0;125;0;88;0;0;1;0;0;0;0;0;0;0;0;0;0;2
12108;2016-06;0;51;1;0;0;0;0;0;0;0;0;0;0;0;0;0;0;0;0;0;0;0;2;0;0;0;0;70;0;0;153;0;90;0;0;0;0;0;0;0;0;0;0;0;0;1;1
12109;2016-06;0;55;0;0;0;0;0;0;0;0;0;0;0;0;1;0;0;0;0;0;0;0;15;0;1;0;0;85;0;0;196;0;165;0;0;0;0;0;0;0;0;0;0;0;0;0;0
12110;2016-06;0;21;3;0;0;0;0;0;0;0;0;0;0;0;0;0;0;0;0;0;0;0;1;0;0;0;0;30;0;0;49;0;68;0;0;0;0;0;0;1;0;0;0;0;0;0;0
12111;2016-06;0;18;0;0;0;0;0;0;0;0;0;0;0;0;0;0;0;0;0;0;0;0;1;0;1;0;0;67;0;0;120;0;87;0;0;0;0;0;0;2;0;0;0;0;0;0;0
12112;2016-06;0;7;0;0;0;0;0;0;0;0;0;0;0;0;0;0;0;0;0;0;0;0;1;0;0;0;0;1;0;0;36;0;29;0;0;0;0;0;0;0;0;0;0;0;0;1;0
12113;2016-06;0;1;0;0;0;0;0;0;0;0;0;0;0;0;0;0;0;0;0;0;0;0;0;0;1;0;0;12;0;0;36;0;12;0;0;0;0;0;0;0;0;0;0;0;0;0;1
12114;2016-06;0;17;0;0;0;0;0;0;0;0;0;0;0;0;0;0;0;0;0;0;0;0;0;0;0;0;0;34;0;0;62;0;28;0;0;0;0;0;0;2;0;0;0;0;0;0;0
12115;2016-06;0;38;1;0;0;0;0;0;0;0;0;0;0;0;0;0;0;0;0;0;0;0;0;0;0;0;0;18;0;0;91;0;29;0;0;0;0;0;0;0;0;0;0;0;0;0;0
12116;2016-06;0;6;1;0;0;0;0;0;0;0;0;0;0;0;1;0;0;0;0;0;0;0;0;0;0;0;0;4;0;0;26;0;11;0;0;0;0;0;0;0;0;0;0;0;0;0;0
12117;2016-06;0;332;11;0;0;0;0;0;0;0;0;0;0;0;3;0;0;0;0;0;0;0;21;0;1;0;0;688;0;0;958;0;624;0;0;6;0;0;0;5;0;0;0;0;0;3;5
12118;2016-06;0;3;0;0;0;0;0;0;0;0;0;0;0;0;1;0;0;0;0;0;0;0;0;0;0;0;0;11;0;0;25;0;12;0;0;1;0;0;0;0;0;0;0;0;0;0;0
12119;2016-06;0;7;0;0;0;0;0;0;0;0;0;0;0;0;0;0;0;0;0;0;0;0;0;0;0;0;0;11;0;0;57;0;17;0;0;1;0;0;0;0;0;0;0;0;0;0;0
12120;2016-06;0;13;0;0;0;0;0;0;0;0;0;0;0;0;0;0;0;0;0;0;0;0;1;0;0;0;0;17;0;0;79;0;42;0;0;0;0;0;0;0;0;0;0;0;0;0;0
12121;2016-06;0;43;2;0;0;0;0;0;0;0;0;0;0;0;0;0;0;0;0;0;0;0;1;0;0;0;0;124;0;0;388;0;330;0;0;0;0;0;0;0;0;0;0;0;0;1;0
12122;2016-06;0;68;3;0;0;0;0;0;0;0;0;0;0;0;0;0;0;0;0;0;0;0;1;0;0;0;0;84;0;0;305;0;165;0;0;0;0;0;0;0;0;0;0;0;0;1;0
12123;2016-06;0;4;0;0;0;0;0;0;0;0;0;0;0;0;0;0;0;0;0;0;0;0;0;0;0;0;0;10;0;0;18;0;3;0;0;0;0;0;0;0;0;0;0;0;0;0;2
12124;2016-06;0;164;4;0;0;0;0;0;0;0;0;0;0;0;0;0;0;0;0;0;0;0;1;0;0;0;0;200;0;0;705;0;270;0;0;1;0;0;0;0;0;0;0;0;0;0;3
12125;2016-06;0;9;1;0;0;0;0;0;0;0;0;0;0;0;0;0;0;0;0;0;0;0;0;0;0;0;0;33;0;0;87;0;46;0;0;1;0;0;0;0;0;0;0;0;0;0;0
12126;2016-06;0;2432;83;0;0;0;0;0;0;0;0;0;0;0;20;0;0;0;0;0;0;0;135;0;39;0;0;5156;0;0;6161;0;4057;0;0;19;0;0;0;27;0;0;0;0;0;61;28
12127;2016-06;0;3;0;0;0;0;0;0;0;0;0;0;0;0;0;0;0;0;0;0;0;0;0;0;0;0;0;12;0;0;17;0;23;0;0;0;0;0;0;0;0;0;0;0;0;0;0
12128;2016-06;0;163;8;0;0;0;0;0;0;0;0;0;0;0;1;0;0;0;0;0;0;0;3;0;1;0;0;302;0;0;313;0;267;0;0;0;0;0;0;0;0;0;0;0;0;0;4
12129;2016-06;0;125;9;0;0;0;0;0;0;0;0;0;0;0;3;0;0;0;0;0;0;0;4;0;8;0;0;407;0;0;331;0;393;0;0;3;0;0;0;1;0;0;0;0;0;2;1
12130;2016-06;0;23;0;0;0;0;0;0;0;0;0;0;0;0;0;0;0;0;0;0;0;0;1;0;0;0;0;30;0;0;253;0;28;0;0;0;0;0;0;0;0;0;0;0;0;0;0
12131;2016-06;0;0;3;0;0;0;0;0;0;0;0;0;0;0;0;0;0;0;0;0;0;0;0;0;0;0;0;3;0;0;38;0;8;0;0;0;0;0;0;0;0;0;0;0;0;0;0
12132;2016-06;0;32;2;0;0;0;0;0;0;0;0;0;0;0;1;0;0;0;0;0;0;0;4;0;0;0;0;135;0;0;138;0;73;0;0;0;0;0;0;1;0;0;0;0;0;0;0
12133;2016-06;0;5;0;0;0;0;0;0;0;0;0;0;0;0;0;0;0;0;0;0;0;0;1;0;0;0;0;5;0;0;28;0;13;0;0;0;0;0;0;0;0;0;0;0;0;0;0
12134;2016-06;0;8;0;0;0;0;0;0;0;0;0;0;0;0;0;0;0;0;0;0;0;0;0;0;0;0;0;29;0;0;35;0;21;0;0;0;0;0;0;0;0;0;0;0;0;1;0
12135;2016-06;0;4091;196;0;0;0;0;0;0;0;0;0;0;0;69;0;0;0;0;0;0;0;314;0;60;0;0;6454;0;0;8279;0;5938;0;0;60;0;0;0;37;0;0;0;0;0;56;43
12136;2016-06;0;266;14;0;0;0;0;0;0;0;0;0;0;0;6;0;0;0;0;0;0;0;10;0;2;0;0;227;0;0;1160;0;455;0;0;1;0;0;0;0;0;0;0;0;0;1;11
12137;2016-06;0;0;0;0;0;0;0;0;0;0;0;0;0;0;0;0;0;0;0;0;0;0;1;0;0;0;0;4;0;0;7;0;11;0;0;0;0;0;0;0;0;0;0;0;0;0;0
12138;2016-06;0;1623;43;0;0;0;0;0;0;0;0;0;0;0;27;0;0;0;0;0;0;0;144;0;14;0;0;4067;0;0;3890;0;2794;0;0;23;0;0;0;43;0;0;0;0;0;19;31
12139;2016-06;0;15;2;0;0;0;0;0;0;0;0;0;0;0;1;0;0;0;0;0;0;0;0;0;0;0;0;78;0;0;114;0;23;0;0;0;0;0;0;0;0;0;0;0;0;0;0
12140;2016-06;0;96;1;0;0;0;0;0;0;0;0;0;0;0;4;0;0;0;0;0;0;0;2;0;4;0;0;222;0;0;333;0;260;0;0;0;0;0;0;0;0;0;0;0;0;0;2
12141;2016-06;0;12;0;0;0;0;0;0;0;0;0;0;0;0;0;0;0;0;0;0;0;0;0;0;0;0;0;15;0;0;44;0;12;0;0;0;0;0;0;0;0;0;0;0;0;0;0
12142;2016-06;0;19;0;0;0;0;0;0;0;0;0;0;0;0;0;0;0;0;0;0;0;0;0;0;0;0;0;4;0;0;71;0;22;0;0;0;0;0;0;0;0;0;0;0;0;0;0
12901;2016-06;0;409;17;0;0;0;0;0;0;0;0;0;0;0;7;0;0;0;0;0;0;0;20;0;4;0;0;546;0;0;864;0;687;0;0;3;0;0;0;8;0;0;0;0;0;8;2
12902;2016-06;0;209;7;0;0;0;0;0;0;0;0;0;0;0;0;0;0;0;0;0;0;0;11;0;2;0;0;311;0;0;627;0;298;0;0;2;0;0;0;2;0;0;0;0;0;4;2
13001;2016-06;0;50;0;0;0;0;0;0;0;0;0;0;0;0;0;0;0;0;0;0;0;0;2;0;0;0;0;0;0;96;342;0;428;0;0;0;0;0;0;0;0;0;0;0;0;1;0
13002;2016-06;0;71;0;0;0;0;0;0;0;0;0;0;0;0;0;0;0;0;0;0;0;0;2;0;0;0;0;0;0;80;510;0;329;0;0;0;0;0;0;0;0;0;0;0;0;3;0
13003;2016-06;0;19;0;0;0;0;0;0;0;0;0;0;0;0;0;0;0;0;0;0;0;0;1;0;0;0;0;0;0;31;189;0;138;0;0;0;0;0;0;0;0;0;0;0;0;1;0
13004;2016-06;0;32;0;0;0;0;0;0;0;0;0;0;0;0;0;0;0;0;0;0;0;0;0;0;0;0;0;0;0;63;381;0;319;0;0;0;0;0;0;0;0;0;0;0;0;1;0
13005;2016-06;0;2413;0;0;0;0;0;0;0;0;0;0;0;0;0;0;0;0;0;0;0;0;140;0;0;0;0;0;0;3018;6380;0;4897;0;0;37;0;0;0;0;0;0;0;0;0;45;0
13006;2016-06;0;17;0;0;0;0;0;0;0;0;0;0;0;0;0;0;0;0;0;0;0;0;1;0;0;0;0;0;0;22;206;0;196;0;0;1;0;0;0;0;0;0;0;0;0;0;0
13007;2016-06;0;47;0;0;0;0;0;0;0;0;0;0;0;0;0;0;0;0;0;0;0;0;8;0;0;0;0;0;0;163;383;0;366;0;0;1;0;0;0;0;0;0;0;0;0;1;0
13008;2016-06;0;23;0;0;0;0;0;0;0;0;0;0;0;0;0;0;0;0;0;0;0;0;1;0;0;0;0;0;0;21;153;0;96;0;0;0;0;0;0;0;0;0;0;0;0;1;0
13009;2016-06;0;128;0;0;0;0;0;0;0;0;0;0;0;0;0;0;0;0;0;0;0;0;5;0;0;0;0;0;0;63;635;0;256;0;0;2;0;0;0;0;0;0;0;0;0;0;0
13010;2016-06;0;42;0;0;0;0;0;0;0;0;0;0;0;0;0;0;0;0;0;0;0;0;1;0;0;0;0;0;0;53;304;0;228;0;0;3;0;0;0;0;0;0;0;0;0;0;0
13011;2016-06;0;298;0;0;0;0;0;0;0;0;0;0;0;0;0;0;0;0;0;0;0;0;18;0;0;0;0;0;0;359;1087;0;1293;0;0;2;0;0;0;0;0;0;0;0;0;6;0
13012;2016-06;0;17;0;0;0;0;0;0;0;0;0;0;0;0;0;0;0;0;0;0;0;0;1;0;0;0;0;0;0;30;93;0;131;0;0;0;0;0;0;0;0;0;0;0;0;0;0
13013;2016-06;0;659;0;0;0;0;0;0;0;0;0;0;0;0;0;0;0;0;0;0;0;0;24;0;0;0;0;0;0;500;2490;0;1351;0;0;5;0;0;0;0;0;0;0;0;0;9;0
13014;2016-06;0;16;0;0;0;0;0;0;0;0;0;0;0;0;0;0;0;0;0;0;0;0;0;0;0;0;0;0;0;44;180;0;156;0;0;0;0;0;0;0;0;0;0;0;0;0;0
13015;2016-06;0;299;0;0;0;0;0;0;0;0;0;0;0;0;0;0;0;0;0;0;0;0;10;0;0;0;0;0;0;413;1752;0;1450;0;0;6;0;0;0;0;0;0;0;0;0;3;0
13016;2016-06;0;57;0;0;0;0;0;0;0;0;0;0;0;0;0;0;0;0;0;0;0;0;5;0;0;0;0;0;0;36;272;0;134;0;0;0;0;0;0;0;0;0;0;0;0;1;0
13017;2016-06;0;8;0;0;0;0;0;0;0;0;0;0;0;0;0;0;0;0;0;0;0;0;0;0;0;0;0;0;0;18;100;0;71;0;0;0;0;0;0;0;0;0;0;0;0;0;0
13018;2016-06;0;46;0;0;0;0;0;0;0;0;0;0;0;0;0;0;0;0;0;0;0;0;4;0;0;0;0;0;0;63;252;0;267;0;0;1;0;0;0;0;0;0;0;0;0;1;0
13019;2016-06;0;418;0;0;0;0;0;0;0;0;0;0;0;0;0;0;0;0;0;0;0;0;22;0;0;0;0;0;0;777;1387;0;947;0;0;3;0;0;0;0;0;0;0;0;0;7;0
13020;2016-06;0;337;0;0;0;0;0;0;0;0;0;0;0;0;0;0;0;0;0;0;0;0;44;0;0;0;0;0;0;540;1095;0;1095;0;0;11;0;0;0;0;0;0;0;0;0;8;0
13021;2016-06;0;12;0;0;0;0;0;0;0;0;0;0;0;0;0;0;0;0;0;0;0;0;1;0;0;0;0;0;0;48;163;0;135;0;0;0;0;0;0;0;0;0;0;0;0;0;0
13022;2016-06;0;17;0;0;0;0;0;0;0;0;0;0;0;0;0;0;0;0;0;0;0;0;0;0;0;0;0;0;0;14;106;0;117;0;0;0;0;0;0;0;0;0;0;0;0;0;0
13023;2016-06;0;673;0;0;0;0;0;0;0;0;0;0;0;0;0;0;0;0;0;0;0;0;41;0;0;0;0;0;0;359;4069;0;1044;0;0;6;0;0;0;0;0;0;0;0;0;6;0
13024;2016-06;0;42;0;0;0;0;0;0;0;0;0;0;0;0;0;0;0;0;0;0;0;0;2;0;0;0;0;0;0;37;298;0;243;0;0;0;0;0;0;0;0;0;0;0;0;2;0
13025;2016-06;0;10;0;0;0;0;0;0;0;0;0;0;0;0;0;0;0;0;0;0;0;0;0;0;0;0;0;0;0;13;129;0;90;0;0;0;0;0;0;0;0;0;0;0;0;1;0
13026;2016-06;0;19;0;0;0;0;0;0;0;0;0;0;0;0;0;0;0;0;0;0;0;0;0;0;0;0;0;0;0;87;112;0;123;0;0;0;0;0;0;0;0;0;0;0;0;0;0
13027;2016-06;0;175;0;0;0;0;0;0;0;0;0;0;0;0;0;0;0;0;0;0;0;0;15;0;0;0;0;0;0;186;1047;0;921;0;0;4;0;0;0;0;0;0;0;0;0;2;0
13028;2016-06;0;940;0;0;0;0;0;0;0;0;0;0;0;0;0;0;0;0;0;0;0;0;54;0;0;0;0;0;0;906;3768;0;2212;0;0;7;0;0;0;0;0;0;0;0;0;37;0
13029;2016-06;0;8;0;0;0;0;0;0;0;0;0;0;0;0;0;0;0;0;0;0;0;0;2;0;0;0;0;0;0;8;33;0;19;0;0;0;0;0;0;0;0;0;0;0;0;1;0
13030;2016-06;0;12;0;0;0;0;0;0;0;0;0;0;0;0;0;0;0;0;0;0;0;0;3;0;0;0;0;0;0;2;44;0;35;0;0;0;0;0;0;0;0;0;0;0;0;0;0
13031;2016-06;0;213;0;0;0;0;0;0;0;0;0;0;0;0;0;0;0;0;0;0;0;0;34;0;0;0;0;0;0;161;884;0;602;0;0;1;0;0;0;0;0;0;0;0;0;3;0
13032;2016-06;0;62;0;0;0;0;0;0;0;0;0;0;0;0;0;0;0;0;0;0;0;0;10;0;0;0;0;0;0;78;357;0;323;0;0;2;0;0;0;0;0;0;0;0;0;1;0
13033;2016-06;0;92;0;0;0;0;0;0;0;0;0;0;0;0;0;0;0;0;0;0;0;0;9;0;0;0;0;0;0;112;458;0;612;0;0;2;0;0;0;0;0;0;0;0;0;1;0
13034;2016-06;0;6202;0;0;0;0;0;0;0;0;0;0;0;0;0;0;0;0;0;0;0;0;487;0;0;0;0;0;0;6488;19605;0;8724;0;0;96;0;0;0;0;0;0;0;0;0;134;0
13035;2016-06;0;40;0;0;0;0;0;0;0;0;0;0;0;0;0;0;0;0;0;0;0;0;4;0;0;0;0;0;0;112;254;0;313;0;0;0;0;0;0;0;0;0;0;0;0;0;0
13036;2016-06;0;32;0;0;0;0;0;0;0;0;0;0;0;0;0;0;0;0;0;0;0;0;6;0;0;0;0;0;0;50;281;0;218;0;0;5;0;0;0;0;0;0;0;0;0;1;0
13037;2016-06;0;38;0;0;0;0;0;0;0;0;0;0;0;0;0;0;0;0;0;0;0;0;2;0;0;0;0;0;0;52;310;0;249;0;0;0;0;0;0;0;0;0;0;0;0;0;0
13038;2016-06;0;88;0;0;0;0;0;0;0;0;0;0;0;0;0;0;0;0;0;0;0;0;6;0;0;0;0;0;0;104;372;0;627;0;0;0;0;0;0;0;0;0;0;0;0;3;0
13039;2016-06;0;1353;0;0;0;0;0;0;0;0;0;0;0;0;0;0;0;0;0;0;0;0;78;0;0;0;0;0;0;1498;4357;0;2775;0;0;19;0;0;0;0;0;0;0;0;0;24;0
13040;2016-06;0;47;0;0;0;0;0;0;0;0;0;0;0;0;0;0;0;0;0;0;0;0;5;0;0;0;0;0;0;96;284;0;233;0;0;2;0;0;0;0;0;0;0;0;0;1;0
13041;2016-06;0;13;0;0;0;0;0;0;0;0;0;0;0;0;0;0;0;0;0;0;0;0;0;0;0;0;0;0;0;32;67;0;52;0;0;0;0;0;0;0;0;0;0;0;0;0;0
13042;2016-06;0;54;0;0;0;0;0;0;0;0;0;0;0;0;0;0;0;0;0;0;0;0;4;0;0;0;0;0;0;40;308;0;236;0;0;2;0;0;0;0;0;0;0;0;0;2;0
13043;2016-06;0;9;0;0;0;0;0;0;0;0;0;0;0;0;0;0;0;0;0;0;0;0;2;0;0;0;0;0;0;6;95;0;66;0;0;0;0;0;0;0;0;0;0;0;0;0;0
13044;2016-06;0;183;0;0;0;0;0;0;0;0;0;0;0;0;0;0;0;0;0;0;0;0;14;0;0;0;0;0;0;204;870;0;647;0;0;4;0;0;0;0;0;0;0;0;0;1;0
13045;2016-06;0;48;0;0;0;0;0;0;0;0;0;0;0;0;0;0;0;0;0;0;0;0;1;0;0;0;0;0;0;37;260;0;150;0;0;1;0;0;0;0;0;0;0;0;0;1;0
13046;2016-06;0;30;0;0;0;0;0;0;0;0;0;0;0;0;0;0;0;0;0;0;0;0;0;0;0;0;0;0;0;42;227;0;223;0;0;0;0;0;0;0;0;0;0;0;0;2;0
13047;2016-06;0;517;0;0;0;0;0;0;0;0;0;0;0;0;0;0;0;0;0;0;0;0;30;0;0;0;0;0;0;453;1820;0;1362;0;0;7;0;0;0;0;0;0;0;0;0;12;0
13048;2016-06;0;13;0;0;0;0;0;0;0;0;0;0;0;0;0;0;0;0;0;0;0;0;1;0;0;0;0;0;0;85;170;0;114;0;0;0;0;0;0;0;0;0;0;0;0;2;0
13049;2016-06;0;43;0;0;0;0;0;0;0;0;0;0;0;0;0;0;0;0;0;0;0;0;2;0;0;0;0;0;0;54;282;0;149;0;0;0;0;0;0;0;0;0;0;0;0;1;0
13050;2016-06;0;29;0;0;0;0;0;0;0;0;0;0;0;0;0;0;0;0;0;0;0;0;3;0;0;0;0;0;0;19;211;0;109;0;0;1;0;0;0;0;0;0;0;0;0;0;0
13051;2016-06;0;15;0;0;0;0;0;0;0;0;0;0;0;0;0;0;0;0;0;0;0;0;0;0;0;0;0;0;0;30;117;0;100;0;0;1;0;0;0;0;0;0;0;0;0;0;0
13052;2016-06;0;429;0;0;0;0;0;0;0;0;0;0;0;0;0;0;0;0;0;0;0;0;40;0;0;0;0;0;0;466;2302;0;1278;0;0;12;0;0;0;0;0;0;0;0;0;7;0
13053;2016-06;0;1381;0;0;0;0;0;0;0;0;0;0;0;0;0;0;0;0;0;0;0;0;98;0;0;0;0;0;0;1438;4073;0;2904;0;0;16;0;0;0;0;0;0;0;0;0;59;0
13054;2016-06;0;409;0;0;0;0;0;0;0;0;0;0;0;0;0;0;0;0;0;0;0;0;16;0;0;0;0;0;0;296;1947;0;969;0;0;2;0;0;0;0;0;0;0;0;0;12;0
13055;2016-06;0;34;0;0;0;0;0;0;0;0;0;0;0;0;0;0;0;0;0;0;0;0;1;0;0;0;0;0;0;71;182;0;190;0;0;2;0;0;0;0;0;0;0;0;0;2;0
13056;2016-06;0;1114;0;0;0;0;0;0;0;0;0;0;0;0;0;0;0;0;0;0;0;0;102;0;0;0;0;0;0;1699;2890;0;2275;0;0;17;0;0;0;0;0;0;0;0;0;31;0
13057;2016-06;0;68;0;0;0;0;0;0;0;0;0;0;0;0;0;0;0;0;0;0;0;0;3;0;0;0;0;0;0;66;467;0;346;0;0;2;0;0;0;0;0;0;0;0;0;1;0
13058;2016-06;0;322;0;0;0;0;0;0;0;0;0;0;0;0;0;0;0;0;0;0;0;0;17;0;0;0;0;0;0;201;1321;0;1062;0;0;5;0;0;0;0;0;0;0;0;0;1;0
13059;2016-06;0;10;0;0;0;0;0;0;0;0;0;0;0;0;0;0;0;0;0;0;0;0;0;0;0;0;0;0;0;25;67;0;54;0;0;0;0;0;0;0;0;0;0;0;0;0;0
13060;2016-06;0;18;0;0;0;0;0;0;0;0;0;0;0;0;0;0;0;0;0;0;0;0;0;0;0;0;0;0;0;30;75;0;71;0;0;0;0;0;0;0;0;0;0;0;0;0;0
13061;2016-06;0;488;0;0;0;0;0;0;0;0;0;0;0;0;0;0;0;0;0;0;0;0;29;0;0;0;0;0;0;474;1598;0;1193;0;0;7;0;0;0;0;0;0;0;0;0;5;0
13062;2016-06;0;35;0;0;0;0;0;0;0;0;0;0;0;0;0;0;0;0;0;0;0;0;1;0;0;0;0;0;0;51;197;0;161;0;0;0;0;0;0;0;0;0;0;0;0;0;0
13063;2016-06;0;241;0;0;0;0;0;0;0;0;0;0;0;0;0;0;0;0;0;0;0;0;15;0;0;0;0;0;0;365;1079;0;776;0;0;2;0;0;0;0;0;0;0;0;0;3;0
13064;2016-06;0;185;0;0;0;0;0;0;0;0;0;0;0;0;0;0;0;0;0;0;0;0;17;0;0;0;0;0;0;189;443;0;377;0;0;2;0;0;0;0;0;0;0;0;0;3;0
13065;2016-06;0;126;0;0;0;0;0;0;0;0;0;0;0;0;0;0;0;0;0;0;0;0;6;0;0;0;0;0;0;162;1032;0;551;0;0;2;0;0;0;0;0;0;0;0;0;0;0
13066;2016-06;0;145;0;0;0;0;0;0;0;0;0;0;0;0;0;0;0;0;0;0;0;0;16;0;0;0;0;0;0;188;918;0;666;0;0;1;0;0;0;0;0;0;0;0;0;2;0
13067;2016-06;0;10;0;0;0;0;0;0;0;0;0;0;0;0;0;0;0;0;0;0;0;0;1;0;0;0;0;0;0;52;96;0;120;0;0;0;0;0;0;0;0;0;0;0;0;0;0
13068;2016-06;0;67;0;0;0;0;0;0;0;0;0;0;0;0;0;0;0;0;0;0;0;0;3;0;0;0;0;0;0;78;324;0;264;0;0;0;0;0;0;0;0;0;0;0;0;0;0
13069;2016-06;0;25;0;0;0;0;0;0;0;0;0;0;0;0;0;0;0;0;0;0;0;0;0;0;0;0;0;0;0;49;200;0;218;0;0;0;0;0;0;0;0;0;0;0;0;0;0
13070;2016-06;0;27;0;0;0;0;0;0;0;0;0;0;0;0;0;0;0;0;0;0;0;0;2;0;0;0;0;0;0;63;268;0;200;0;0;1;0;0;0;0;0;0;0;0;0;2;0
13071;2016-06;0;2983;0;0;0;0;0;0;0;0;0;0;0;0;0;0;0;0;0;0;0;0;236;0;0;0;0;0;0;4994;8382;0;9219;0;0;53;0;0;0;0;0;0;0;0;0;57;0
13072;2016-06;0;54;0;0;0;0;0;0;0;0;0;0;0;0;0;0;0;0;0;0;0;0;1;0;0;0;0;0;0;40;292;0;178;0;0;2;0;0;0;0;0;0;0;0;0;0;0
13073;2016-06;0;15;0;0;0;0;0;0;0;0;0;0;0;0;0;0;0;0;0;0;0;0;1;0;0;0;0;0;0;26;198;0;148;0;0;0;0;0;0;0;0;0;0;0;0;0;0
13074;2016-06;0;69;0;0;0;0;0;0;0;0;0;0;0;0;0;0;0;0;0;0;0;0;0;0;0;0;0;0;0;96;360;0;298;0;0;0;0;0;0;0;0;0;0;0;0;2;0
13075;2016-06;0;14;0;0;0;0;0;0;0;0;0;0;0;0;0;0;0;0;0;0;0;0;0;0;0;0;0;0;0;7;97;0;42;0;0;0;0;0;0;0;0;0;0;0;0;0;0
13076;2016-06;0;14;0;0;0;0;0;0;0;0;0;0;0;0;0;0;0;0;0;0;0;0;0;0;0;0;0;0;0;26;206;0;147;0;0;0;0;0;0;0;0;0;0;0;0;0;0
13077;2016-06;0;260;0;0;0;0;0;0;0;0;0;0;0;0;0;0;0;0;0;0;0;0;12;0;0;0;0;0;0;287;894;0;675;0;0;6;0;0;0;0;0;0;0;0;0;0;0
13078;2016-06;0;715;0;0;0;0;0;0;0;0;0;0;0;0;0;0;0;0;0;0;0;0;44;0;0;0;0;0;0;662;2806;0;1970;0;0;7;0;0;0;0;0;0;0;0;0;15;0
13079;2016-06;0;875;0;0;0;0;0;0;0;0;0;0;0;0;0;0;0;0;0;0;0;0;74;0;0;0;0;0;0;965;3451;0;2990;0;0;7;0;0;0;0;0;0;0;0;0;16;0
13080;2016-06;0;13;0;0;0;0;0;0;0;0;0;0;0;0;0;0;0;0;0;0;0;0;0;0;0;0;0;0;0;35;138;0;78;0;0;0;0;0;0;0;0;0;0;0;0;0;0
13081;2016-06;0;15;0;0;0;0;0;0;0;0;0;0;0;0;0;0;0;0;0;0;0;0;2;0;0;0;0;0;0;40;188;0;217;0;0;1;0;0;0;0;0;0;0;0;0;0;0
13082;2016-06;0;2307;0;0;0;0;0;0;0;0;0;0;0;0;0;0;0;0;0;0;0;0;183;0;0;0;0;0;0;1794;8403;0;3811;0;0;32;0;0;0;0;0;0;0;0;0;56;0
13083;2016-06;0;140;0;0;0;0;0;0;0;0;0;0;0;0;0;0;0;0;0;0;0;0;8;0;0;0;0;0;0;171;894;0;429;0;0;1;0;0;0;0;0;0;0;0;0;0;0
13084;2016-06;0;54;0;0;0;0;0;0;0;0;0;0;0;0;0;0;0;0;0;0;0;0;2;0;0;0;0;0;0;66;315;0;242;0;0;0;0;0;0;0;0;0;0;0;0;0;0
13085;2016-06;0;153;0;0;0;0;0;0;0;0;0;0;0;0;0;0;0;0;0;0;0;0;4;0;0;0;0;0;0;186;829;0;671;0;0;1;0;0;0;0;0;0;0;0;0;1;0
13086;2016-06;0;8;0;0;0;0;0;0;0;0;0;0;0;0;0;0;0;0;0;0;0;0;0;0;0;0;0;0;0;10;67;0;49;0;0;0;0;0;0;0;0;0;0;0;0;0;0
13087;2016-06;0;2359;0;0;0;0;0;0;0;0;0;0;0;0;0;0;0;0;0;0;0;0;185;0;0;0;0;0;0;2437;6305;0;3985;0;0;24;0;0;0;0;0;0;0;0;0;52;0
13088;2016-06;0;40;0;0;0;0;0;0;0;0;0;0;0;0;0;0;0;0;0;0;0;0;0;0;0;0;0;0;0;33;164;0;210;0;0;0;0;0;0;0;0;0;0;0;0;0;0
13089;2016-06;0;106;0;0;0;0;0;0;0;0;0;0;0;0;0;0;0;0;0;0;0;0;2;0;0;0;0;0;0;107;640;0;467;0;0;0;0;0;0;0;0;0;0;0;0;2;0
13090;2016-06;0;45;0;0;0;0;0;0;0;0;0;0;0;0;0;0;0;0;0;0;0;0;3;0;0;0;0;0;0;46;403;0;326;0;0;0;0;0;0;0;0;0;0;0;0;1;0
13091;2016-06;0;20;0;0;0;0;0;0;0;0;0;0;0;0;0;0;0;0;0;0;0;0;0;0;0;0;0;0;0;28;230;0;167;0;0;0;0;0;0;0;0;0;0;0;0;1;0
13092;2016-06;0;98;0;0;0;0;0;0;0;0;0;0;0;0;0;0;0;0;0;0;0;0;1;0;0;0;0;0;0;92;726;0;539;0;0;0;0;0;0;0;0;0;0;0;0;1;0
13093;2016-06;0;381;0;0;0;0;0;0;0;0;0;0;0;0;0;0;0;0;0;0;0;0;25;0;0;0;0;0;0;330;1376;0;789;0;0;4;0;0;0;0;0;0;0;0;0;3;0
13094;2016-06;0;17;0;0;0;0;0;0;0;0;0;0;0;0;0;0;0;0;0;0;0;0;0;0;0;0;0;0;0;14;141;0;74;0;0;0;0;0;0;0;0;0;0;0;0;0;0
13095;2016-06;0;5;0;0;0;0;0;0;0;0;0;0;0;0;0;0;0;0;0;0;0;0;0;0;0;0;0;0;0;5;43;0;13;0;0;0;0;0;0;0;0;0;0;0;0;0;0
13096;2016-06;0;713;0;0;0;0;0;0;0;0;0;0;0;0;0;0;0;0;0;0;0;0;35;0;0;0;0;0;0;563;2440;0;1634;0;0;7;0;0;0;0;0;0;0;0;0;4;0
13097;2016-06;0;113;0;0;0;0;0;0;0;0;0;0;0;0;0;0;0;0;0;0;0;0;7;0;0;0;0;0;0;169;812;0;562;0;0;1;0;0;0;0;0;0;0;0;0;0;0
13098;2016-06;0;111;0;0;0;0;0;0;0;0;0;0;0;0;0;0;0;0;0;0;0;0;12;0;0;0;0;0;0;122;759;0;445;0;0;3;0;0;0;0;0;0;0;0;0;1;0
13901;2016-06;0;55;0;0;0;0;0;0;0;0;0;0;0;0;0;0;0;0;0;0;0;0;4;0;0;0;0;0;0;53;302;0;235;0;0;0;0;0;0;0;0;0;0;0;0;1;0
13902;2016-06;0;42;0;0;0;0;0;0;0;0;0;0;0;0;0;0;0;0;0;0;0;0;0;0;0;0;0;0;0;45;140;0;135;0;0;1;0;0;0;0;0;0;0;0;0;0;0
13903;2016-06;0;28;0;0;0;0;0;0;0;0;0;0;0;0;0;0;0;0;0;0;0;0;0;0;0;0;0;0;0;23;264;0;95;0;0;0;0;0;0;0;0;0;0;0;0;2;0
13904;2016-06;0;30;0;0;0;0;0;0;0;0;0;0;0;0;0;0;0;0;0;0;0;0;8;0;0;0;0;0;0;54;181;0;114;0;0;1;0;0;0;0;0;0;0;0;0;0;0
14001;2016-06;0;177;0;0;0;0;0;0;0;3;0;0;0;0;0;0;0;0;0;0;0;0;9;4;5;0;0;0;0;444;968;0;1147;0;0;1;0;0;0;0;0;0;0;0;0;1;2
14002;2016-06;0;667;0;0;0;0;0;0;0;5;0;0;0;0;8;0;0;0;0;0;0;0;46;9;103;0;0;0;0;1421;1734;0;3530;0;0;7;0;0;0;0;0;0;0;0;0;3;4
14003;2016-06;0;97;0;0;0;0;0;0;0;0;0;0;0;0;0;0;0;0;0;0;0;0;4;0;0;0;0;0;0;69;336;0;417;0;0;2;0;0;0;0;0;0;0;0;0;3;0
14004;2016-06;0;150;0;0;0;0;0;0;0;0;0;0;0;0;3;0;0;0;0;0;0;0;8;1;1;0;0;0;0;123;583;0;629;0;0;4;0;0;0;0;0;0;0;0;0;2;0
14005;2016-06;0;376;0;0;0;0;0;0;0;6;0;0;0;0;2;0;0;0;0;0;0;0;34;13;17;0;0;0;0;1257;932;0;1368;0;0;0;0;0;0;0;0;0;0;0;0;5;2
14006;2016-06;0;110;0;0;0;0;0;0;0;0;0;0;0;0;0;0;0;0;0;0;0;0;2;0;1;0;0;0;0;117;496;0;365;0;0;1;0;0;0;0;0;0;0;0;0;0;1
14007;2016-06;0;1295;0;0;0;0;0;0;0;9;0;0;0;0;12;0;0;0;0;0;0;0;59;22;10;0;0;0;0;1528;3072;0;4275;0;0;17;0;0;0;0;0;0;0;0;0;22;14
14008;2016-06;0;192;0;0;0;0;0;0;0;3;0;0;0;0;0;0;0;0;0;0;0;0;10;0;1;0;0;0;0;187;672;0;810;0;0;0;0;0;0;0;0;0;0;0;0;1;0
14009;2016-06;0;185;0;0;0;0;0;0;0;0;0;0;0;0;3;0;0;0;0;0;0;0;7;1;1;0;0;0;0;227;582;0;792;0;0;1;0;0;0;0;0;0;0;0;0;14;1
14010;2016-06;0;238;0;0;0;0;0;0;0;1;0;0;0;0;1;0;0;0;0;0;0;0;22;2;5;0;0;0;0;319;784;0;1406;0;0;1;0;0;0;0;0;0;0;0;0;5;4
14011;2016-06;0;31;0;0;0;0;0;0;0;0;0;0;0;0;0;0;0;0;0;0;0;0;2;0;0;0;0;0;0;33;193;0;199;0;0;0;0;0;0;0;0;0;0;0;0;0;0
14012;2016-06;0;272;0;0;0;0;0;0;0;0;0;0;0;0;0;0;0;0;0;0;0;0;15;9;7;0;0;0;0;911;1204;0;1829;0;0;5;0;0;0;0;0;0;0;0;0;1;3
14013;2016-06;0;1555;0;0;0;0;0;0;0;25;0;0;0;0;14;0;0;0;0;0;0;0;153;13;22;0;0;0;0;1512;4568;0;3561;0;0;17;0;0;0;0;0;0;0;0;0;20;27
14014;2016-06;0;142;0;0;0;0;0;0;0;5;0;0;0;0;1;0;0;0;0;0;0;0;18;1;1;0;0;0;0;330;573;0;921;0;0;2;0;0;0;0;0;0;0;0;0;3;1
14015;2016-06;0;158;0;0;0;0;0;0;0;0;0;0;0;0;1;0;0;0;0;0;0;0;11;2;4;0;0;0;0;281;520;0;565;0;0;0;0;0;0;0;0;0;0;0;0;1;1
14016;2016-06;0;58;0;0;0;0;0;0;0;4;0;0;0;0;1;0;0;0;0;0;0;0;8;3;2;0;0;0;0;136;321;0;524;0;0;0;0;0;0;0;0;0;0;0;0;1;0
14017;2016-06;0;908;0;0;0;0;0;0;0;7;0;0;0;0;3;0;0;0;0;0;0;0;63;6;5;0;0;0;0;997;2075;0;3503;0;0;6;0;0;0;0;0;0;0;0;0;12;9
14018;2016-06;0;252;0;0;0;0;0;0;0;2;0;0;0;0;0;0;0;0;0;0;0;0;16;2;2;0;0;0;0;544;871;0;923;0;0;3;0;0;0;0;0;0;0;0;0;2;10
14019;2016-06;0;466;0;0;0;0;0;0;0;14;0;0;0;0;3;0;0;0;0;0;0;0;29;6;5;0;0;0;0;1257;1134;0;1930;0;0;3;0;0;0;0;0;0;0;0;0;9;4
14020;2016-06;0;15;0;0;0;0;0;0;0;0;0;0;0;0;0;0;0;0;0;0;0;0;0;0;0;0;0;0;0;21;87;0;139;0;0;0;0;0;0;0;0;0;0;0;0;0;0
14021;2016-06;0;25564;0;0;0;0;0;0;0;361;0;0;0;0;140;0;0;0;0;0;0;0;2296;244;213;0;0;0;0;38254;71843;0;38548;0;0;241;0;0;0;0;0;0;0;0;0;388;384
14022;2016-06;0;205;0;0;0;0;0;0;0;1;0;0;0;0;3;0;0;0;0;0;0;0;16;3;5;0;0;0;0;1110;438;0;1145;0;0;1;0;0;0;0;0;0;0;0;0;3;2
14023;2016-06;0;150;0;0;0;0;0;0;0;1;0;0;0;0;1;0;0;0;0;0;0;0;11;1;0;0;0;0;0;78;803;0;585;0;0;0;0;0;0;0;0;0;0;0;0;0;1
14024;2016-06;0;140;0;0;0;0;0;0;0;0;0;0;0;0;1;0;0;0;0;0;0;0;17;7;1;0;0;0;0;224;364;0;598;0;0;1;0;0;0;0;0;0;0;0;0;4;3
14025;2016-06;0;108;0;0;0;0;0;0;0;1;0;0;0;0;0;0;0;0;0;0;0;0;21;2;7;0;0;0;0;892;447;0;922;0;0;2;0;0;0;0;0;0;0;0;0;3;3
14026;2016-06;0;150;0;0;0;0;0;0;0;0;0;0;0;0;0;0;0;0;0;0;0;0;4;1;2;0;0;0;0;185;437;0;615;0;0;0;0;0;0;0;0;0;0;0;0;2;5
14027;2016-06;0;567;0;0;0;0;0;0;0;4;0;0;0;0;2;0;0;0;0;0;0;0;52;8;8;0;0;0;0;1851;1332;0;1853;0;0;2;0;0;0;0;0;0;0;0;0;7;2
14028;2016-06;0;18;0;0;0;0;0;0;0;0;0;0;0;0;0;0;0;0;0;0;0;0;3;0;0;0;0;0;0;24;77;0;124;0;0;1;0;0;0;0;0;0;0;0;0;1;0
14029;2016-06;0;255;0;0;0;0;0;0;0;2;0;0;0;0;5;0;0;0;0;0;0;0;17;7;2;0;0;0;0;388;985;0;1311;0;0;2;0;0;0;0;0;0;0;0;0;5;2
14030;2016-06;0;551;0;0;0;0;0;0;0;8;0;0;0;0;1;0;0;0;0;0;0;0;38;12;9;0;0;0;0;1423;1393;0;2676;0;0;5;0;0;0;0;0;0;0;0;0;7;5
14031;2016-06;0;29;0;0;0;0;0;0;0;0;0;0;0;0;0;0;0;0;0;0;0;0;0;1;0;0;0;0;0;48;155;0;223;0;0;0;0;0;0;0;0;0;0;0;0;0;0
14032;2016-06;0;25;0;0;0;0;0;0;0;0;0;0;0;0;0;0;0;0;0;0;0;0;1;0;1;0;0;0;0;19;148;0;130;0;0;0;0;0;0;0;0;0;0;0;0;2;0
14033;2016-06;0;120;0;0;0;0;0;0;0;1;0;0;0;0;0;0;0;0;0;0;0;0;9;0;2;0;0;0;0;124;218;0;475;0;0;1;0;0;0;0;0;0;0;0;0;0;0
14034;2016-06;0;23;0;0;0;0;0;0;0;0;0;0;0;0;0;0;0;0;0;0;0;0;1;1;0;0;0;0;0;20;110;0;87;0;0;0;0;0;0;0;0;0;0;0;0;0;0
14035;2016-06;0;366;0;0;0;0;0;0;0;2;0;0;0;0;6;0;0;0;0;0;0;0;14;1;2;0;0;0;0;263;1890;0;1586;0;0;3;0;0;0;0;0;0;0;0;0;2;3
14036;2016-06;0;254;0;0;0;0;0;0;0;0;0;0;0;0;0;0;0;0;0;0;0;0;14;9;1;0;0;0;0;513;583;0;1296;0;0;1;0;0;0;0;0;0;0;0;0;1;0
14037;2016-06;0;192;0;0;0;0;0;0;0;1;0;0;0;0;2;0;0;0;0;0;0;0;18;1;2;0;0;0;0;166;836;0;1074;0;0;2;0;0;0;0;0;0;0;0;0;2;2
14038;2016-06;0;3626;0;0;0;0;0;0;0;23;0;0;0;0;7;0;0;0;0;0;0;0;185;16;26;0;0;0;0;2592;8878;0;6266;0;0;14;0;0;0;0;0;0;0;0;0;39;36
14039;2016-06;0;152;0;0;0;0;0;0;0;1;0;0;0;0;3;0;0;0;0;0;0;0;12;2;4;0;0;0;0;226;626;0;980;0;0;2;0;0;0;0;0;0;0;0;0;0;1
14040;2016-06;0;207;0;0;0;0;0;0;0;6;0;0;0;0;1;0;0;0;0;0;0;0;13;6;4;0;0;0;0;1348;614;0;589;0;0;1;0;0;0;0;0;0;0;0;0;3;9
14041;2016-06;0;244;0;0;0;0;0;0;0;0;0;0;0;0;0;0;0;0;0;0;0;0;12;11;8;0;0;0;0;898;395;0;641;0;0;2;0;0;0;0;0;0;0;0;0;3;4
14042;2016-06;0;1837;0;0;0;0;0;0;0;31;0;0;0;0;14;0;0;0;0;0;0;0;143;35;33;0;0;0;0;3314;3811;0;4370;0;0;25;0;0;0;0;0;0;0;0;0;25;20
14043;2016-06;0;519;0;0;0;0;0;0;0;2;0;0;0;0;9;0;0;0;0;0;0;0;28;10;12;0;0;0;0;687;1401;0;2680;0;0;2;0;0;0;0;0;0;0;0;0;7;5
14044;2016-06;0;151;0;0;0;0;0;0;0;1;0;0;0;0;2;0;0;0;0;0;0;0;10;1;0;0;0;0;0;97;252;0;639;0;0;0;0;0;0;0;0;0;0;0;0;1;4
14045;2016-06;0;247;0;0;0;0;0;0;0;1;0;0;0;0;2;0;0;0;0;0;0;0;11;0;4;0;0;0;0;180;578;0;1292;0;0;3;0;0;0;0;0;0;0;0;0;0;6
14046;2016-06;0;157;0;0;0;0;0;0;0;2;0;0;0;0;1;0;0;0;0;0;0;0;33;7;3;0;0;0;0;1412;477;0;1079;0;0;0;0;0;0;0;0;0;0;0;0;2;2
14047;2016-06;0;171;0;0;0;0;0;0;0;1;0;0;0;0;1;0;0;0;0;0;0;0;11;2;1;0;0;0;0;165;343;0;466;0;0;0;0;0;0;0;0;0;0;0;0;0;3
14048;2016-06;0;76;0;0;0;0;0;0;0;0;0;0;0;0;0;0;0;0;0;0;0;0;11;2;2;0;0;0;0;119;212;0;431;0;0;2;0;0;0;0;0;0;0;0;0;0;1
14049;2016-06;0;1337;0;0;0;0;0;0;0;11;0;0;0;0;11;0;0;0;0;0;0;0;100;29;21;0;0;0;0;2308;3246;0;4289;0;0;12;0;0;0;0;0;0;0;0;0;17;19
14050;2016-06;0;142;0;0;0;0;0;0;0;1;0;0;0;0;0;0;0;0;0;0;0;0;17;7;1;0;0;0;0;529;558;0;507;0;0;1;0;0;0;0;0;0;0;0;0;3;7
14051;2016-06;0;57;0;0;0;0;0;0;0;0;0;0;0;0;1;0;0;0;0;0;0;0;1;1;0;0;0;0;0;91;376;0;469;0;0;0;0;0;0;0;0;0;0;0;0;2;0
14052;2016-06;0;604;0;0;0;0;0;0;0;6;0;0;0;0;3;0;0;0;0;0;0;0;44;9;1;0;0;0;0;827;2039;0;2238;0;0;4;0;0;0;0;0;0;0;0;0;6;5
14053;2016-06;0;411;0;0;0;0;0;0;0;4;0;0;0;0;0;0;0;0;0;0;0;0;40;9;11;0;0;0;0;937;1142;0;1619;0;0;1;0;0;0;0;0;0;0;0;0;8;1
14054;2016-06;0;1321;0;0;0;0;0;0;0;10;0;0;0;0;2;0;0;0;0;0;0;0;66;9;4;0;0;0;0;1217;3912;0;3435;0;0;8;0;0;0;0;0;0;0;0;0;20;12
14055;2016-06;0;2013;0;0;0;0;0;0;0;12;0;0;0;0;20;0;0;0;0;0;0;0;99;11;7;0;0;0;0;1533;4761;0;4090;0;0;17;0;0;0;0;0;0;0;0;0;15;8
14056;2016-06;0;1980;0;0;0;0;0;0;0;7;0;0;0;0;13;0;0;0;0;0;0;0;120;9;31;0;0;0;0;2456;4575;0;6578;0;0;10;0;0;0;0;0;0;0;0;0;14;22
14057;2016-06;0;480;0;0;0;0;0;0;0;5;0;0;0;0;3;0;0;0;0;0;0;0;31;16;7;0;0;0;0;1344;1268;0;1424;0;0;1;0;0;0;0;0;0;0;0;0;2;3
14058;2016-06;0;686;0;0;0;0;0;0;0;6;0;0;0;0;2;0;0;0;0;0;0;0;48;3;6;0;0;0;0;678;1862;0;2036;0;0;7;0;0;0;0;0;0;0;0;0;6;11
14059;2016-06;0;57;0;0;0;0;0;0;0;0;0;0;0;0;0;0;0;0;0;0;0;0;4;0;2;0;0;0;0;53;212;0;195;0;0;0;0;0;0;0;0;0;0;0;0;1;0
14060;2016-06;0;354;0;0;0;0;0;0;0;1;0;0;0;0;4;0;0;0;0;0;0;0;20;9;2;0;0;0;0;572;858;0;1543;0;0;4;0;0;0;0;0;0;0;0;0;3;1
14061;2016-06;0;22;0;0;0;0;0;0;0;0;0;0;0;0;0;0;0;0;0;0;0;0;1;1;1;0;0;0;0;91;164;0;300;0;0;0;0;0;0;0;0;0;0;0;0;1;0
14062;2016-06;0;53;0;0;0;0;0;0;0;0;0;0;0;0;0;0;0;0;0;0;0;0;1;1;1;0;0;0;0;67;309;0;353;0;0;0;0;0;0;0;0;0;0;0;0;0;1
14063;2016-06;0;71;0;0;0;0;0;0;0;0;0;0;0;0;2;0;0;0;0;0;0;0;8;2;1;0;0;0;0;44;301;0;293;0;0;0;0;0;0;0;0;0;0;0;0;0;1
14064;2016-06;0;17;0;0;0;0;0;0;0;0;0;0;0;0;0;0;0;0;0;0;0;0;0;0;0;0;0;0;0;23;90;0;104;0;0;0;0;0;0;0;0;0;0;0;0;0;0
14065;2016-06;0;167;0;0;0;0;0;0;0;2;0;0;0;0;1;0;0;0;0;0;0;0;9;4;1;0;0;0;0;248;448;0;477;0;0;1;0;0;0;0;0;0;0;0;0;1;2
14066;2016-06;0;440;0;0;0;0;0;0;0;1;0;0;0;0;3;0;0;0;0;0;0;0;31;9;8;0;0;0;0;1098;1138;0;1311;0;0;1;0;0;0;0;0;0;0;0;0;4;3
14067;2016-06;0;330;0;0;0;0;0;0;0;3;0;0;0;0;3;0;0;0;0;0;0;0;17;3;3;0;0;0;0;529;958;0;1004;0;0;3;0;0;0;0;0;0;0;0;0;6;11
14068;2016-06;0;29;0;0;0;0;0;0;0;0;0;0;0;0;0;0;0;0;0;0;0;0;2;1;0;0;0;0;0;70;96;0;190;0;0;0;0;0;0;0;0;0;0;0;0;0;0
14069;2016-06;0;503;0;0;0;0;0;0;0;3;0;0;0;0;4;0;0;0;0;0;0;0;25;2;3;0;0;0;0;630;1747;0;2420;0;0;6;0;0;0;0;0;0;0;0;0;4;2
14070;2016-06;0;49;0;0;0;0;0;0;0;1;0;0;0;0;0;0;0;0;0;0;0;0;0;0;3;0;0;0;0;50;489;0;369;0;0;0;0;0;0;0;0;0;0;0;0;0;3
14071;2016-06;0;58;0;0;0;0;0;0;0;0;0;0;0;0;1;0;0;0;0;0;0;0;1;1;1;0;0;0;0;69;189;0;306;0;0;2;0;0;0;0;0;0;0;0;0;0;0
14072;2016-06;0;65;0;0;0;0;0;0;0;0;0;0;0;0;1;0;0;0;0;0;0;0;8;0;1;0;0;0;0;127;176;0;409;0;0;1;0;0;0;0;0;0;0;0;0;1;0
14073;2016-06;0;179;0;0;0;0;0;0;0;2;0;0;0;0;0;0;0;0;0;0;0;0;7;1;0;0;0;0;0;309;521;0;979;0;0;0;0;0;0;0;0;0;0;0;0;2;3
14074;2016-06;0;143;0;0;0;0;0;0;0;3;0;0;0;0;1;0;0;0;0;0;0;0;4;2;0;0;0;0;0;234;541;0;920;0;0;0;0;0;0;0;0;0;0;0;0;1;1
14075;2016-06;0;36;0;0;0;0;0;0;0;0;0;0;0;0;0;0;0;0;0;0;0;0;1;1;0;0;0;0;0;78;94;0;215;0;0;1;0;0;0;0;0;0;0;0;0;1;0
15001;2016-06;0;359;0;0;0;0;0;0;0;0;0;0;0;0;0;0;0;0;0;0;0;0;26;0;6;0;0;0;606;0;1609;0;583;0;0;11;0;1;0;0;0;0;0;0;0;0;11
15002;2016-06;0;1959;0;0;0;0;0;0;0;0;0;0;0;0;0;0;0;0;0;0;0;0;221;0;20;0;0;0;4337;0;5867;0;3214;0;0;50;0;18;0;0;0;0;0;0;0;0;44
15003;2016-06;0;69;0;0;0;0;0;0;0;0;0;0;0;0;0;0;0;0;0;0;0;0;6;0;0;0;0;0;119;0;737;0;267;0;0;1;0;1;0;0;0;0;0;0;0;0;1
15004;2016-06;0;267;0;0;0;0;0;0;0;0;0;0;0;0;0;0;0;0;0;0;0;0;26;0;3;0;0;0;847;0;1421;0;777;0;0;4;0;2;0;0;0;0;0;0;0;0;14
15005;2016-06;0;1669;0;0;0;0;0;0;0;0;0;0;0;0;0;0;0;0;0;0;0;0;248;0;20;0;0;0;4222;0;5672;0;3401;0;0;42;0;14;0;0;0;0;0;0;0;0;36
15006;2016-06;0;218;0;0;0;0;0;0;0;0;0;0;0;0;0;0;0;0;0;0;0;0;16;0;6;0;0;0;526;0;1814;0;641;0;0;5;0;2;0;0;0;0;0;0;0;0;6
15007;2016-06;0;122;0;0;0;0;0;0;0;0;0;0;0;0;0;0;0;0;0;0;0;0;12;0;0;0;0;0;261;0;1240;0;589;0;0;4;0;1;0;0;0;0;0;0;0;0;2
15008;2016-06;0;407;0;0;0;0;0;0;0;0;0;0;0;0;0;0;0;0;0;0;0;0;49;0;4;0;0;0;798;0;1862;0;901;0;0;9;0;2;0;0;0;0;0;0;0;0;4
15009;2016-06;0;717;0;0;0;0;0;0;0;0;0;0;0;0;0;0;0;0;0;0;0;0;85;0;8;0;0;0;1675;0;3228;0;1756;0;0;16;0;4;0;0;0;0;0;0;0;0;16
15010;2016-06;0;53;0;0;0;0;0;0;0;0;0;0;0;0;0;0;0;0;0;0;0;0;12;0;0;0;0;0;94;0;710;0;267;0;0;0;0;1;0;0;0;0;0;0;0;0;0
15011;2016-06;0;1103;0;0;0;0;0;0;0;0;0;0;0;0;0;0;0;0;0;0;0;0;129;0;22;0;0;0;2381;0;4469;0;2019;0;0;29;0;4;0;0;0;0;0;0;0;0;18
15012;2016-06;0;222;0;0;0;0;0;0;0;0;0;0;0;0;0;0;0;0;0;0;0;0;21;0;3;0;0;0;385;0;1450;0;488;0;0;4;0;0;0;0;0;0;0;0;0;0;1
15013;2016-06;0;394;0;0;0;0;0;0;0;0;0;0;0;0;0;0;0;0;0;0;0;0;51;0;11;0;0;0;929;0;1866;0;875;0;0;7;0;5;0;0;0;0;0;0;0;0;3
15014;2016-06;0;162;0;0;0;0;0;0;0;0;0;0;0;0;0;0;0;0;0;0;0;0;13;0;3;0;0;0;354;0;1409;0;546;0;0;6;0;0;0;0;0;0;0;0;0;0;3
15015;2016-06;0;150;0;0;0;0;0;0;0;0;0;0;0;0;0;0;0;0;0;0;0;0;22;0;3;0;0;0;471;0;930;0;402;0;0;4;0;0;0;0;0;0;0;0;0;0;2
15016;2016-06;0;139;0;0;0;0;0;0;0;0;0;0;0;0;0;0;0;0;0;0;0;0;15;0;3;0;0;0;311;0;1364;0;1161;0;0;5;0;1;0;0;0;0;0;0;0;0;2
15017;2016-06;0;1626;0;0;0;0;0;0;0;0;0;0;0;0;0;0;0;0;0;0;0;0;176;0;16;0;0;0;3696;0;4648;0;3075;0;0;51;0;9;0;0;0;0;0;0;0;0;33
15018;2016-06;0;38;0;0;0;0;0;0;0;0;0;0;0;0;0;0;0;0;0;0;0;0;2;0;0;0;0;0;167;0;246;0;258;0;0;3;0;0;0;0;0;0;0;0;0;0;0
15019;2016-06;0;1656;0;0;0;0;0;0;0;0;0;0;0;0;0;0;0;0;0;0;0;0;162;0;17;0;0;0;3204;0;7422;0;3755;0;0;35;0;9;0;0;0;0;0;0;0;0;14
15020;2016-06;0;152;0;0;0;0;0;0;0;0;0;0;0;0;0;0;0;0;0;0;0;0;17;0;5;0;0;0;466;0;1183;0;605;0;0;1;0;0;0;0;0;0;0;0;0;0;1
15021;2016-06;0;336;0;0;0;0;0;0;0;0;0;0;0;0;0;0;0;0;0;0;0;0;31;0;3;0;0;0;653;0;1626;0;849;0;0;3;0;0;0;0;0;0;0;0;0;0;4
15022;2016-06;0;235;0;0;0;0;0;0;0;0;0;0;0;0;0;0;0;0;0;0;0;0;32;0;8;0;0;0;907;0;1832;0;712;0;0;8;0;2;0;0;0;0;0;0;0;0;2
15023;2016-06;0;349;0;0;0;0;0;0;0;0;0;0;0;0;0;0;0;0;0;0;0;0;34;0;6;0;0;0;849;0;1868;0;1100;0;0;11;0;2;0;0;0;0;0;0;0;0;6
15024;2016-06;0;205;0;0;0;0;0;0;0;0;0;0;0;0;0;0;0;0;0;0;0;0;28;0;3;0;0;0;378;0;1606;0;810;0;0;4;0;2;0;0;0;0;0;0;0;0;5
15025;2016-06;0;36;0;0;0;0;0;0;0;0;0;0;0;0;0;0;0;0;0;0;0;0;3;0;1;0;0;0;54;0;350;0;172;0;0;0;0;0;0;0;0;0;0;0;0;0;0
15027;2016-06;0;101;0;0;0;0;0;0;0;0;0;0;0;0;0;0;0;0;0;0;0;0;9;0;0;0;0;0;164;0;620;0;251;0;0;3;0;0;0;0;0;0;0;0;0;0;1
15028;2016-06;0;67;0;0;0;0;0;0;0;0;0;0;0;0;0;0;0;0;0;0;0;0;12;0;1;0;0;0;268;0;400;0;266;0;0;2;0;2;0;0;0;0;0;0;0;0;0
15029;2016-06;0;261;0;0;0;0;0;0;0;0;0;0;0;0;0;0;0;0;0;0;0;0;16;0;4;0;0;0;458;0;1861;0;903;0;0;8;0;0;0;0;0;0;0;0;0;0;1
15030;2016-06;0;14944;0;0;0;0;0;0;0;0;0;0;0;0;0;0;0;0;0;0;0;0;1683;0;134;0;0;0;37446;0;54234;0;31476;0;0;341;0;81;0;0;0;0;0;0;0;0;279
15031;2016-06;0;2012;0;0;0;0;0;0;0;0;0;0;0;0;0;0;0;0;0;0;0;0;199;0;19;0;0;0;4360;0;5143;0;4251;0;0;31;0;9;0;0;0;0;0;0;0;0;20
15032;2016-06;0;158;0;0;0;0;0;0;0;0;0;0;0;0;0;0;0;0;0;0;0;0;11;0;0;0;0;0;316;0;1352;0;387;0;0;6;0;0;0;0;0;0;0;0;0;0;9
15033;2016-06;0;109;0;0;0;0;0;0;0;0;0;0;0;0;0;0;0;0;0;0;0;0;16;0;3;0;0;0;380;0;955;0;367;0;0;5;0;0;0;0;0;0;0;0;0;0;2
15034;2016-06;0;114;0;0;0;0;0;0;0;0;0;0;0;0;0;0;0;0;0;0;0;0;11;0;0;0;0;0;202;0;678;0;733;0;0;1;0;0;0;0;0;0;0;0;0;0;3
15035;2016-06;0;576;0;0;0;0;0;0;0;0;0;0;0;0;0;0;0;0;0;0;0;0;87;0;13;0;0;0;2291;0;2831;0;1681;0;0;17;0;7;0;0;0;0;0;0;0;0;10
15036;2016-06;0;3590;0;0;0;0;0;0;0;0;0;0;0;0;0;0;0;0;0;0;0;0;436;0;86;0;0;0;10722;0;15307;0;8356;0;0;98;0;17;0;0;0;0;0;0;0;0;67
15037;2016-06;0;155;0;0;0;0;0;0;0;0;0;0;0;0;0;0;0;0;0;0;0;0;10;0;5;0;0;0;465;0;1322;0;568;0;0;7;0;0;0;0;0;0;0;0;0;0;1
15038;2016-06;0;104;0;0;0;0;0;0;0;0;0;0;0;0;0;0;0;0;0;0;0;0;9;0;0;0;0;0;179;0;781;0;343;0;0;1;0;0;0;0;0;0;0;0;0;0;1
15039;2016-06;0;66;0;0;0;0;0;0;0;0;0;0;0;0;0;0;0;0;0;0;0;0;11;0;2;0;0;0;127;0;491;0;165;0;0;5;0;0;0;0;0;0;0;0;0;0;1
15040;2016-06;0;122;0;0;0;0;0;0;0;0;0;0;0;0;0;0;0;0;0;0;0;0;7;0;3;0;0;0;291;0;1007;0;442;0;0;2;0;0;0;0;0;0;0;0;0;0;1
15041;2016-06;0;598;0;0;0;0;0;0;0;0;0;0;0;0;0;0;0;0;0;0;0;0;58;0;7;0;0;0;1256;0;3249;0;1438;0;0;14;0;4;0;0;0;0;0;0;0;0;11
15042;2016-06;0;144;0;0;0;0;0;0;0;0;0;0;0;0;0;0;0;0;0;0;0;0;7;0;2;0;0;0;336;0;1042;0;439;0;0;8;0;1;0;0;0;0;0;0;0;0;2
15043;2016-06;0;259;0;0;0;0;0;0;0;0;0;0;0;0;0;0;0;0;0;0;0;0;31;0;4;0;0;0;691;0;1627;0;729;0;0;10;0;2;0;0;0;0;0;0;0;0;1
15044;2016-06;0;53;0;0;0;0;0;0;0;0;0;0;0;0;0;0;0;0;0;0;0;0;9;0;0;0;0;0;128;0;538;0;185;0;0;5;0;0;0;0;0;0;0;0;0;0;1
15045;2016-06;0;90;0;0;0;0;0;0;0;0;0;0;0;0;0;0;0;0;0;0;0;0;9;0;0;0;0;0;211;0;1424;0;403;0;0;4;0;0;0;0;0;0;0;0;0;0;2
15046;2016-06;0;285;0;0;0;0;0;0;0;0;0;0;0;0;0;0;0;0;0;0;0;0;19;0;5;0;0;0;658;0;2426;0;806;0;0;16;0;2;0;0;0;0;0;0;0;0;5
15047;2016-06;0;94;0;0;0;0;0;0;0;0;0;0;0;0;0;0;0;0;0;0;0;0;3;0;6;0;0;0;229;0;783;0;411;0;0;2;0;0;0;0;0;0;0;0;0;0;2
15048;2016-06;0;305;0;0;0;0;0;0;0;0;0;0;0;0;0;0;0;0;0;0;0;0;35;0;6;0;0;0;712;0;1558;0;750;0;0;7;0;0;0;0;0;0;0;0;0;0;5
15049;2016-06;0;45;0;0;0;0;0;0;0;0;0;0;0;0;0;0;0;0;0;0;0;0;1;0;1;0;0;0;86;0;512;0;97;0;0;1;0;0;0;0;0;0;0;0;0;0;2
15050;2016-06;0;56;0;0;0;0;0;0;0;0;0;0;0;0;0;0;0;0;0;0;0;0;3;0;3;0;0;0;122;0;476;0;310;0;0;2;0;1;0;0;0;0;0;0;0;0;2
15051;2016-06;0;241;0;0;0;0;0;0;0;0;0;0;0;0;0;0;0;0;0;0;0;0;33;0;8;0;0;0;894;0;1157;0;766;0;0;3;0;1;0;0;0;0;0;0;0;0;6
15052;2016-06;0;146;0;0;0;0;0;0;0;0;0;0;0;0;0;0;0;0;0;0;0;0;17;0;2;0;0;0;358;0;1400;0;885;0;0;3;0;2;0;0;0;0;0;0;0;0;4
15053;2016-06;0;256;0;0;0;0;0;0;0;0;0;0;0;0;0;0;0;0;0;0;0;0;43;0;7;0;0;0;1157;0;2343;0;1166;0;0;14;0;5;0;0;0;0;0;0;0;0;3
15054;2016-06;0;2209;0;0;0;0;0;0;0;0;0;0;0;0;0;0;0;0;0;0;0;0;311;0;32;0;0;0;5871;0;7820;0;4156;0;0;71;0;10;0;0;0;0;0;0;0;0;33
15055;2016-06;0;207;0;0;0;0;0;0;0;0;0;0;0;0;0;0;0;0;0;0;0;0;35;0;9;0;0;0;762;0;1176;0;785;0;0;6;0;3;0;0;0;0;0;0;0;0;3
15056;2016-06;0;368;0;0;0;0;0;0;0;0;0;0;0;0;0;0;0;0;0;0;0;0;22;0;2;0;0;0;570;0;1809;0;991;0;0;4;0;1;0;0;0;0;0;0;0;0;5
15057;2016-06;0;651;0;0;0;0;0;0;0;0;0;0;0;0;0;0;0;0;0;0;0;0;88;0;11;0;0;0;1780;0;4042;0;1718;0;0;15;0;1;0;0;0;0;0;0;0;0;5
15058;2016-06;0;2661;0;0;0;0;0;0;0;0;0;0;0;0;0;0;0;0;0;0;0;0;262;0;13;0;0;0;4978;0;7973;0;4030;0;0;46;0;3;0;0;0;0;0;0;0;0;48
15059;2016-06;0;576;0;0;0;0;0;0;0;0;0;0;0;0;0;0;0;0;0;0;0;0;52;0;3;0;0;0;1106;0;3735;0;1510;0;0;19;0;7;0;0;0;0;0;0;0;0;7
15060;2016-06;0;385;0;0;0;0;0;0;0;0;0;0;0;0;0;0;0;0;0;0;0;0;38;0;11;0;0;0;792;0;1726;0;941;0;0;8;0;4;0;0;0;0;0;0;0;0;7
15061;2016-06;0;251;0;0;0;0;0;0;0;0;0;0;0;0;0;0;0;0;0;0;0;0;41;0;1;0;0;0;499;0;2019;0;841;0;0;9;0;3;0;0;0;0;0;0;0;0;0
15062;2016-06;0;238;0;0;0;0;0;0;0;0;0;0;0;0;0;0;0;0;0;0;0;0;39;0;5;0;0;0;650;0;2033;0;671;0;0;13;0;4;0;0;0;0;0;0;0;0;12
15064;2016-06;0;127;0;0;0;0;0;0;0;0;0;0;0;0;0;0;0;0;0;0;0;0;24;0;1;0;0;0;211;0;696;0;473;0;0;0;0;0;0;0;0;0;0;0;0;0;3
15065;2016-06;0;426;0;0;0;0;0;0;0;0;0;0;0;0;0;0;0;0;0;0;0;0;45;0;6;0;0;0;1134;0;2407;0;1027;0;0;8;0;3;0;0;0;0;0;0;0;0;1
15066;2016-06;0;218;0;0;0;0;0;0;0;0;0;0;0;0;0;0;0;0;0;0;0;0;15;0;0;0;0;0;388;0;1603;0;508;0;0;6;0;2;0;0;0;0;0;0;0;0;3
15067;2016-06;0;423;0;0;0;0;0;0;0;0;0;0;0;0;0;0;0;0;0;0;0;0;56;0;5;0;0;0;1646;0;2314;0;1228;0;0;12;0;6;0;0;0;0;0;0;0;0;5
15068;2016-06;0;217;0;0;0;0;0;0;0;0;0;0;0;0;0;0;0;0;0;0;0;0;20;0;3;0;0;0;575;0;1631;0;648;0;0;6;0;2;0;0;0;0;0;0;0;0;2
15069;2016-06;0;316;0;0;0;0;0;0;0;0;0;0;0;0;0;0;0;0;0;0;0;0;53;0;4;0;0;0;1341;0;1937;0;1132;0;0;11;0;4;0;0;0;0;0;0;0;0;9
15070;2016-06;0;340;0;0;0;0;0;0;0;0;0;0;0;0;0;0;0;0;0;0;0;0;64;0;9;0;0;0;1704;0;1994;0;1750;0;0;12;0;4;0;0;0;0;0;0;0;0;5
15071;2016-06;0;421;0;0;0;0;0;0;0;0;0;0;0;0;0;0;0;0;0;0;0;0;55;0;10;0;0;0;1107;0;2370;0;1143;0;0;14;0;1;0;0;0;0;0;0;0;0;7
15072;2016-06;0;443;0;0;0;0;0;0;0;0;0;0;0;0;0;0;0;0;0;0;0;0;67;0;11;0;0;0;1542;0;2801;0;1638;0;0;17;0;0;0;0;0;0;0;0;0;0;8
15073;2016-06;0;1452;0;0;0;0;0;0;0;0;0;0;0;0;0;0;0;0;0;0;0;0;151;0;12;0;0;0;2901;0;6822;0;2339;0;0;42;0;4;0;0;0;0;0;0;0;0;15
15074;2016-06;0;237;0;0;0;0;0;0;0;0;0;0;0;0;0;0;0;0;0;0;0;0;19;0;5;0;0;0;453;0;1600;0;457;0;0;3;0;1;0;0;0;0;0;0;0;0;1
15075;2016-06;0;1025;0;0;0;0;0;0;0;0;0;0;0;0;0;0;0;0;0;0;0;0;114;0;7;0;0;0;2069;0;3683;0;1705;0;0;19;0;1;0;0;0;0;0;0;0;0;11
15076;2016-06;0;117;0;0;0;0;0;0;0;0;0;0;0;0;0;0;0;0;0;0;0;0;13;0;5;0;0;0;274;0;976;0;334;0;0;3;0;0;0;0;0;0;0;0;0;0;0
15077;2016-06;0;378;0;0;0;0;0;0;0;0;0;0;0;0;0;0;0;0;0;0;0;0;28;0;0;0;0;0;541;0;2998;0;1089;0;0;5;0;3;0;0;0;0;0;0;0;0;2
15078;2016-06;0;5255;0;0;0;0;0;0;0;0;0;0;0;0;0;0;0;0;0;0;0;0;590;0;45;0;0;0;13640;0;23906;0;11244;0;0;166;0;68;0;0;0;0;0;0;0;0;107
15079;2016-06;0;40;0;0;0;0;0;0;0;0;0;0;0;0;0;0;0;0;0;0;0;0;2;0;1;0;0;0;121;0;626;0;199;0;0;2;0;0;0;0;0;0;0;0;0;0;0
15080;2016-06;0;73;0;0;0;0;0;0;0;0;0;0;0;0;0;0;0;0;0;0;0;0;5;0;0;0;0;0;93;0;638;0;291;0;0;2;0;2;0;0;0;0;0;0;0;0;2
15081;2016-06;0;19;0;0;0;0;0;0;0;0;0;0;0;0;0;0;0;0;0;0;0;0;2;0;0;0;0;0;85;0;569;0;95;0;0;1;0;0;0;0;0;0;0;0;0;0;0
15082;2016-06;0;1221;0;0;0;0;0;0;0;0;0;0;0;0;0;0;0;0;0;0;0;0;116;0;6;0;0;0;2671;0;4580;0;1965;0;0;34;0;14;0;0;0;0;0;0;0;0;17
15083;2016-06;0;29;0;0;0;0;0;0;0;0;0;0;0;0;0;0;0;0;0;0;0;0;1;0;2;0;0;0;66;0;529;0;111;0;0;3;0;0;0;0;0;0;0;0;0;0;0
15084;2016-06;0;105;0;0;0;0;0;0;0;0;0;0;0;0;0;0;0;0;0;0;0;0;15;0;4;0;0;0;171;0;1481;0;378;0;0;8;0;1;0;0;0;0;0;0;0;0;1
15085;2016-06;0;151;0;0;0;0;0;0;0;0;0;0;0;0;0;0;0;0;0;0;0;0;10;0;3;0;0;0;309;0;1315;0;428;0;0;4;0;1;0;0;0;0;0;0;0;0;1
15086;2016-06;0;158;0;0;0;0;0;0;0;0;0;0;0;0;0;0;0;0;0;0;0;0;10;0;1;0;0;0;247;0;1144;0;366;0;0;7;0;2;0;0;0;0;0;0;0;0;2
15087;2016-06;0;256;0;0;0;0;0;0;0;0;0;0;0;0;0;0;0;0;0;0;0;0;24;0;4;0;0;0;739;0;1763;0;881;0;0;9;0;1;0;0;0;0;0;0;0;0;3
15088;2016-06;0;148;0;0;0;0;0;0;0;0;0;0;0;0;0;0;0;0;0;0;0;0;14;0;1;0;0;0;370;0;1268;0;441;0;0;1;0;0;0;0;0;0;0;0;0;0;0
15089;2016-06;0;242;0;0;0;0;0;0;0;0;0;0;0;0;0;0;0;0;0;0;0;0;19;0;7;0;0;0;557;0;1515;0;597;0;0;4;0;1;0;0;0;0;0;0;0;0;2
15090;2016-06;0;37;0;0;0;0;0;0;0;0;0;0;0;0;0;0;0;0;0;0;0;0;5;0;1;0;0;0;56;0;580;0;116;0;0;0;0;0;0;0;0;0;0;0;0;0;0
15091;2016-06;0;44;0;0;0;0;0;0;0;0;0;0;0;0;0;0;0;0;0;0;0;0;8;0;1;0;0;0;143;0;404;0;144;0;0;3;0;0;0;0;0;0;0;0;0;0;0
15092;2016-06;0;225;0;0;0;0;0;0;0;0;0;0;0;0;0;0;0;0;0;0;0;0;27;0;2;0;0;0;570;0;1991;0;1052;0;0;4;0;2;0;0;0;0;0;0;0;0;2
15093;2016-06;0;159;0;0;0;0;0;0;0;0;0;0;0;0;0;0;0;0;0;0;0;0;16;0;3;0;0;0;310;0;1500;0;478;0;0;1;0;0;0;0;0;0;0;0;0;0;1
15901;2016-06;0;148;0;0;0;0;0;0;0;0;0;0;0;0;0;0;0;0;0;0;0;0;16;0;2;0;0;0;472;0;967;0;588;0;0;8;0;1;0;0;0;0;0;0;0;0;2
15902;2016-06;0;273;0;0;0;0;0;0;0;0;0;0;0;0;0;0;0;0;0;0;0;0;11;0;3;0;0;0;398;0;1724;0;674;0;0;7;0;2;0;0;0;0;0;0;0;0;6
16001;2016-06;0;2;0;0;0;0;0;0;0;0;0;0;0;0;0;0;0;0;0;0;0;0;0;0;0;0;0;0;0;4;41;0;13;0;0;0;0;0;0;0;0;0;0;0;0;1;0
16002;2016-06;0;19;0;0;0;0;0;0;0;0;0;0;0;0;0;0;0;0;0;0;0;0;2;0;0;0;0;0;0;7;89;0;38;0;0;1;0;0;0;0;0;0;0;0;0;0;1
16003;2016-06;0;14;0;0;0;0;0;0;0;0;0;0;0;0;0;0;0;0;0;0;0;0;0;0;0;0;0;0;0;7;45;0;38;0;0;0;0;0;0;0;0;0;0;0;0;0;0
16004;2016-06;0;8;0;0;0;0;0;0;0;0;0;0;0;0;0;0;0;0;0;0;0;0;0;0;0;0;0;0;0;10;116;0;59;0;0;0;0;0;0;0;0;0;0;0;0;2;0
16005;2016-06;0;12;0;0;0;0;0;0;0;0;0;0;0;0;0;0;0;0;0;0;0;0;0;0;0;0;0;0;0;33;89;0;42;0;0;0;0;0;0;0;0;0;0;0;0;0;0
16006;2016-06;0;5;0;0;0;0;0;0;0;0;0;0;0;0;0;0;0;0;0;0;0;0;0;0;0;0;0;0;0;8;47;0;33;0;0;0;0;0;0;0;0;0;0;0;0;0;0
16007;2016-06;0;52;0;0;0;0;0;0;0;0;0;0;0;0;0;0;0;0;0;0;0;0;1;0;0;0;0;0;0;47;482;0;291;0;0;0;0;0;0;0;0;0;0;0;0;0;0
16008;2016-06;0;1;0;0;0;0;0;0;0;0;0;0;0;0;0;0;0;0;0;0;0;0;0;0;0;0;0;0;0;14;26;0;27;0;0;1;0;0;0;0;0;0;0;0;0;0;0
16009;2016-06;0;4;0;0;0;0;0;0;0;0;0;0;0;0;0;0;0;0;0;0;0;0;0;0;0;0;0;0;0;7;31;0;7;0;0;0;0;0;0;0;0;0;0;0;0;1;0
16010;2016-06;0;12;0;0;0;0;0;0;0;0;0;0;0;0;0;0;0;0;0;0;0;0;0;0;0;0;0;0;0;2;79;0;18;0;0;0;0;0;0;0;0;0;0;0;0;1;0
16011;2016-06;0;1;0;0;0;0;0;0;0;0;0;0;0;0;0;0;0;0;0;0;0;0;0;0;0;0;0;0;0;4;13;0;3;0;0;0;0;0;0;0;0;0;0;0;0;0;0
16012;2016-06;0;0;0;0;0;0;0;0;0;0;0;0;0;0;0;0;0;0;0;0;0;0;0;0;0;0;0;0;0;6;33;0;32;0;0;0;0;0;0;0;0;0;0;0;0;0;0
16013;2016-06;0;4;0;0;0;0;0;0;0;0;0;0;0;0;0;0;0;0;0;0;0;0;0;0;0;0;0;0;0;5;13;0;2;0;0;0;0;0;0;0;0;0;0;0;0;0;0
16014;2016-06;0;23;0;0;0;0;0;0;0;0;0;0;0;0;0;0;0;0;0;0;0;0;0;0;0;0;0;0;0;71;195;0;194;0;0;0;0;0;0;0;0;0;0;0;0;0;0
16015;2016-06;0;18;0;0;0;0;0;0;0;0;0;0;0;0;0;0;0;0;0;0;0;0;1;0;0;0;0;0;0;23;167;0;47;0;0;1;0;0;0;0;0;0;0;0;0;0;1
16016;2016-06;0;15;0;0;0;0;0;0;0;0;0;0;0;0;0;0;0;0;0;0;0;0;0;0;1;0;0;0;0;5;96;0;51;0;0;0;0;0;0;0;0;0;0;0;0;0;0
16017;2016-06;0;9;0;0;0;0;0;0;0;0;0;0;0;0;0;0;0;0;0;0;0;0;4;0;1;0;0;0;0;42;133;0;101;0;0;0;0;0;0;0;0;0;0;0;0;1;1
16018;2016-06;0;22;0;0;0;0;0;0;0;0;0;0;0;0;0;0;0;0;0;0;0;0;1;0;0;0;0;0;0;15;196;0;76;0;0;0;0;0;0;0;0;0;0;0;0;0;4
16019;2016-06;0;4;0;0;0;0;0;0;0;0;0;0;0;0;0;0;0;0;0;0;0;0;1;0;1;0;0;0;0;8;98;0;40;0;0;0;0;0;0;0;0;0;0;0;0;0;0
16020;2016-06;0;0;0;0;0;0;0;0;0;0;0;0;0;0;0;0;0;0;0;0;0;0;0;0;0;0;0;0;0;1;7;0;2;0;0;0;0;0;0;0;0;0;0;0;0;0;0
16022;2016-06;0;3;0;0;0;0;0;0;0;0;0;0;0;0;0;0;0;0;0;0;0;0;1;0;0;0;0;0;0;9;28;0;25;0;0;0;0;0;0;0;0;0;0;0;0;0;0
16023;2016-06;0;48;0;0;0;0;0;0;0;0;0;0;0;0;0;0;0;0;0;0;0;0;2;0;0;0;0;0;0;85;103;0;88;0;0;0;0;0;0;0;0;0;0;0;0;2;5
16024;2016-06;0;10;0;0;0;0;0;0;0;0;0;0;0;0;0;0;0;0;0;0;0;0;1;0;0;0;0;0;0;18;34;0;34;0;0;0;0;0;0;0;0;0;0;0;0;0;0
16025;2016-06;0;3;0;0;0;0;0;0;0;0;0;0;0;0;0;0;0;0;0;0;0;0;0;0;0;0;0;0;0;1;15;0;4;0;0;0;0;0;0;0;0;0;0;0;0;0;0
16026;2016-06;0;5;0;0;0;0;0;0;0;0;0;0;0;0;0;0;0;0;0;0;0;0;1;0;0;0;0;0;0;1;29;0;23;0;0;0;0;0;0;0;0;0;0;0;0;0;0
16027;2016-06;0;40;0;0;0;0;0;0;0;0;0;0;0;0;0;0;0;0;0;0;0;0;6;0;0;0;0;0;0;84;214;0;189;0;0;0;0;0;0;0;0;0;0;0;0;0;0
16029;2016-06;0;10;0;0;0;0;0;0;0;0;0;0;0;0;0;0;0;0;0;0;0;0;0;0;0;0;0;0;0;14;36;0;10;0;0;0;0;0;0;0;0;0;0;0;0;0;0
16030;2016-06;0;0;0;0;0;0;0;0;0;0;0;0;0;0;0;0;0;0;0;0;0;0;0;0;0;0;0;0;0;3;11;0;5;0;0;0;0;0;0;0;0;0;0;0;0;0;0
16031;2016-06;0;3;0;0;0;0;0;0;0;0;0;0;0;0;0;0;0;0;0;0;0;0;0;0;0;0;0;0;0;3;11;0;10;0;0;0;0;0;0;0;0;0;0;0;0;0;0
16032;2016-06;0;10;0;0;0;0;0;0;0;0;0;0;0;0;0;0;0;0;0;0;0;0;0;0;1;0;0;0;0;28;108;0;72;0;0;0;0;0;0;0;0;0;0;0;0;0;1
16033;2016-06;0;114;0;0;0;0;0;0;0;0;0;0;0;0;0;0;0;0;0;0;0;0;9;0;2;0;0;0;0;173;561;0;433;0;0;3;0;0;0;0;0;0;0;0;0;2;2
16034;2016-06;0;11;0;0;0;0;0;0;0;0;0;0;0;0;0;0;0;0;0;0;0;0;0;0;0;0;0;0;0;14;69;0;47;0;0;1;0;0;0;0;0;0;0;0;0;0;0
16035;2016-06;0;24;0;0;0;0;0;0;0;0;0;0;0;0;0;0;0;0;0;0;0;0;2;0;0;0;0;0;0;30;63;0;75;0;0;0;0;0;0;0;0;0;0;0;0;0;0
16036;2016-06;0;14;0;0;0;0;0;0;0;0;0;0;0;0;0;0;0;0;0;0;0;0;1;0;0;0;0;0;0;28;31;0;32;0;0;0;0;0;0;0;0;0;0;0;0;0;0
16038;2016-06;0;2;0;0;0;0;0;0;0;0;0;0;0;0;0;0;0;0;0;0;0;0;0;0;0;0;0;0;0;1;21;0;7;0;0;0;0;0;0;0;0;0;0;0;0;0;0
16039;2016-06;0;26;0;0;0;0;0;0;0;0;0;0;0;0;0;0;0;0;0;0;0;0;1;0;0;0;0;0;0;22;115;0;88;0;0;1;0;0;0;0;0;0;0;0;0;0;0
16040;2016-06;0;7;0;0;0;0;0;0;0;0;0;0;0;0;0;0;0;0;0;0;0;0;1;0;1;0;0;0;0;9;41;0;3;0;0;0;0;0;0;0;0;0;0;0;0;0;0
16041;2016-06;0;28;0;0;0;0;0;0;0;0;0;0;0;0;0;0;0;0;0;0;0;0;0;0;0;0;0;0;0;33;137;0;72;0;0;1;0;0;0;0;0;0;0;0;0;0;0
16042;2016-06;0;75;0;0;0;0;0;0;0;0;0;0;0;0;0;0;0;0;0;0;0;0;4;0;0;0;0;0;0;99;344;0;393;0;0;0;0;0;0;0;0;0;0;0;0;2;0
16043;2016-06;0;4;0;0;0;0;0;0;0;0;0;0;0;0;0;0;0;0;0;0;0;0;0;0;0;0;0;0;0;6;47;0;15;0;0;0;0;0;0;0;0;0;0;0;0;0;0
16044;2016-06;0;1;0;0;0;0;0;0;0;0;0;0;0;0;0;0;0;0;0;0;0;0;0;0;0;0;0;0;0;1;17;0;11;0;0;0;0;0;0;0;0;0;0;0;0;0;0
16045;2016-06;0;5;0;0;0;0;0;0;0;0;0;0;0;0;0;0;0;0;0;0;0;0;0;0;0;0;0;0;0;27;75;0;63;0;0;0;0;0;0;0;0;0;0;0;0;0;0
16046;2016-06;0;18;0;0;0;0;0;0;0;0;0;0;0;0;0;0;0;0;0;0;0;0;1;0;0;0;0;0;0;2;90;0;68;0;0;0;0;0;0;0;0;0;0;0;0;0;0
16047;2016-06;0;26;0;0;0;0;0;0;0;0;0;0;0;0;0;0;0;0;0;0;0;0;2;0;0;0;0;0;0;19;85;0;41;0;0;0;0;0;0;0;0;0;0;0;0;0;0
16048;2016-06;0;22;0;0;0;0;0;0;0;0;0;0;0;0;0;0;0;0;0;0;0;0;2;0;0;0;0;0;0;33;182;0;72;0;0;0;0;0;0;0;0;0;0;0;0;0;0
16049;2016-06;0;4;0;0;0;0;0;0;0;0;0;0;0;0;0;0;0;0;0;0;0;0;1;0;0;0;0;0;0;4;47;0;54;0;0;0;0;0;0;0;0;0;0;0;0;0;0
16050;2016-06;0;13;0;0;0;0;0;0;0;0;0;0;0;0;0;0;0;0;0;0;0;0;0;0;0;0;0;0;0;18;97;0;65;0;0;0;0;0;0;0;0;0;0;0;0;0;1
16051;2016-06;0;4;0;0;0;0;0;0;0;0;0;0;0;0;0;0;0;0;0;0;0;0;0;0;0;0;0;0;0;8;67;0;40;0;0;0;0;0;0;0;0;0;0;0;0;0;0
16052;2016-06;0;51;0;0;0;0;0;0;0;0;0;0;0;0;0;0;0;0;0;0;0;0;7;0;0;0;0;0;0;56;178;0;120;0;0;0;0;0;0;0;0;0;0;0;0;2;0
16053;2016-06;0;30;0;0;0;0;0;0;0;0;0;0;0;0;0;0;0;0;0;0;0;0;2;0;0;0;0;0;0;67;115;0;126;0;0;1;0;0;0;0;0;0;0;0;0;0;1
16055;2016-06;0;56;0;0;0;0;0;0;0;0;0;0;0;0;0;0;0;0;0;0;0;0;0;0;0;0;0;0;0;47;216;0;139;0;0;1;0;0;0;0;0;0;0;0;0;0;2
16056;2016-06;0;31;0;0;0;0;0;0;0;0;0;0;0;0;0;0;0;0;0;0;0;0;0;0;0;0;0;0;0;36;119;0;116;0;0;0;0;0;0;0;0;0;0;0;0;0;0
16057;2016-06;0;3;0;0;0;0;0;0;0;0;0;0;0;0;0;0;0;0;0;0;0;0;0;0;0;0;0;0;0;9;25;0;26;0;0;0;0;0;0;0;0;0;0;0;0;0;0
16058;2016-06;0;3;0;0;0;0;0;0;0;0;0;0;0;0;0;0;0;0;0;0;0;0;0;0;0;0;0;0;0;7;29;0;36;0;0;0;0;0;0;0;0;0;0;0;0;2;0
16060;2016-06;0;43;0;0;0;0;0;0;0;0;0;0;0;0;0;0;0;0;0;0;0;0;1;0;1;0;0;0;0;62;257;0;181;0;0;1;0;0;0;0;0;0;0;0;0;0;1
16061;2016-06;0;67;0;0;0;0;0;0;0;0;0;0;0;0;0;0;0;0;0;0;0;0;6;0;1;0;0;0;0;62;294;0;318;0;0;2;0;0;0;0;0;0;0;0;0;0;0
16062;2016-06;0;2;0;0;0;0;0;0;0;0;0;0;0;0;0;0;0;0;0;0;0;0;0;0;0;0;0;0;0;10;5;0;6;0;0;0;0;0;0;0;0;0;0;0;0;0;0
16063;2016-06;0;4;0;0;0;0;0;0;0;0;0;0;0;0;0;0;0;0;0;0;0;0;1;0;0;0;0;0;0;5;42;0;31;0;0;0;0;0;0;0;0;0;0;0;0;0;0
16064;2016-06;0;52;0;0;0;0;0;0;0;0;0;0;0;0;0;0;0;0;0;0;0;0;4;0;0;0;0;0;0;43;293;0;164;0;0;0;0;0;0;0;0;0;0;0;0;1;1
16065;2016-06;0;23;0;0;0;0;0;0;0;0;0;0;0;0;0;0;0;0;0;0;0;0;1;0;1;0;0;0;0;28;176;0;80;0;0;0;0;0;0;0;0;0;0;0;0;1;2
16066;2016-06;0;161;0;0;0;0;0;0;0;0;0;0;0;0;0;0;0;0;0;0;0;0;8;0;4;0;0;0;0;255;901;0;393;0;0;1;0;0;0;0;0;0;0;0;0;2;1
16067;2016-06;0;2;0;0;0;0;0;0;0;0;0;0;0;0;0;0;0;0;0;0;0;0;0;0;0;0;0;0;0;18;52;0;14;0;0;0;0;0;0;0;0;0;0;0;0;0;1
16068;2016-06;0;6;0;0;0;0;0;0;0;0;0;0;0;0;0;0;0;0;0;0;0;0;0;0;0;0;0;0;0;4;48;0;38;0;0;0;0;0;0;0;0;0;0;0;0;0;0
16070;2016-06;0;2;0;0;0;0;0;0;0;0;0;0;0;0;0;0;0;0;0;0;0;0;0;0;0;0;0;0;0;0;8;0;15;0;0;0;0;0;0;0;0;0;0;0;0;0;0
16071;2016-06;0;4;0;0;0;0;0;0;0;0;0;0;0;0;0;0;0;0;0;0;0;0;0;0;0;0;0;0;0;5;8;0;2;0;0;0;0;0;0;0;0;0;0;0;0;0;1
16072;2016-06;0;5;0;0;0;0;0;0;0;0;0;0;0;0;0;0;0;0;0;0;0;0;1;0;0;0;0;0;0;5;49;0;41;0;0;0;0;0;0;0;0;0;0;0;0;0;0
16073;2016-06;0;11;0;0;0;0;0;0;0;0;0;0;0;0;0;0;0;0;0;0;0;0;1;0;0;0;0;0;0;7;79;0;65;0;0;0;0;0;0;0;0;0;0;0;0;0;0
16074;2016-06;0;1;0;0;0;0;0;0;0;0;0;0;0;0;0;0;0;0;0;0;0;0;0;0;0;0;0;0;0;3;14;0;11;0;0;0;0;0;0;0;0;0;0;0;0;0;0
16078;2016-06;0;3600;0;0;0;0;0;0;0;0;0;0;0;0;0;0;0;0;0;0;0;0;229;0;14;0;0;0;0;4951;13029;0;7491;0;0;52;0;0;0;0;0;0;0;0;0;77;97
16079;2016-06;0;0;0;0;0;0;0;0;0;0;0;0;0;0;0;0;0;0;0;0;0;0;0;0;0;0;0;0;0;1;5;0;12;0;0;0;0;0;0;0;0;0;0;0;0;0;0
16081;2016-06;0;7;0;0;0;0;0;0;0;0;0;0;0;0;0;0;0;0;0;0;0;0;0;0;0;0;0;0;0;8;12;0;6;0;0;0;0;0;0;0;0;0;0;0;0;1;0
16082;2016-06;0;4;0;0;0;0;0;0;0;0;0;0;0;0;0;0;0;0;0;0;0;0;0;0;0;0;0;0;0;25;82;0;101;0;0;0;0;0;0;0;0;0;0;0;0;0;0
16083;2016-06;0;3;0;0;0;0;0;0;0;0;0;0;0;0;0;0;0;0;0;0;0;0;0;0;0;0;0;0;0;3;20;0;7;0;0;0;0;0;0;0;0;0;0;0;0;0;0
16084;2016-06;0;4;0;0;0;0;0;0;0;0;0;0;0;0;0;0;0;0;0;0;0;0;0;0;0;0;0;0;0;1;13;0;18;0;0;0;0;0;0;0;0;0;0;0;0;0;0
16085;2016-06;0;12;0;0;0;0;0;0;0;0;0;0;0;0;0;0;0;0;0;0;0;0;3;0;0;0;0;0;0;12;57;0;28;0;0;0;0;0;0;0;0;0;0;0;0;0;0
16086;2016-06;0;47;0;0;0;0;0;0;0;0;0;0;0;0;0;0;0;0;0;0;0;0;1;0;1;0;0;0;0;73;364;0;242;0;0;0;0;0;0;0;0;0;0;0;0;0;1
16087;2016-06;0;7;0;0;0;0;0;0;0;0;0;0;0;0;0;0;0;0;0;0;0;0;0;0;0;0;0;0;0;10;106;0;49;0;0;0;0;0;0;0;0;0;0;0;0;0;0
16088;2016-06;0;7;0;0;0;0;0;0;0;0;0;0;0;0;0;0;0;0;0;0;0;0;0;0;0;0;0;0;0;14;33;0;33;0;0;0;0;0;0;0;0;0;0;0;0;0;0
16089;2016-06;0;34;0;0;0;0;0;0;0;0;0;0;0;0;0;0;0;0;0;0;0;0;0;0;0;0;0;0;0;33;145;0;84;0;0;0;0;0;0;0;0;0;0;0;0;1;0
16091;2016-06;0;5;0;0;0;0;0;0;0;0;0;0;0;0;0;0;0;0;0;0;0;0;0;0;0;0;0;0;0;12;12;0;24;0;0;0;0;0;0;0;0;0;0;0;0;0;0
16092;2016-06;0;8;0;0;0;0;0;0;0;0;0;0;0;0;0;0;0;0;0;0;0;0;0;0;0;0;0;0;0;13;83;0;19;0;0;0;0;0;0;0;0;0;0;0;0;0;1
16093;2016-06;0;0;0;0;0;0;0;0;0;0;0;0;0;0;0;0;0;0;0;0;0;0;0;0;0;0;0;0;0;6;31;0;10;0;0;0;0;0;0;0;0;0;0;0;0;0;0
16094;2016-06;0;15;0;0;0;0;0;0;0;0;0;0;0;0;0;0;0;0;0;0;0;0;0;0;0;0;0;0;0;5;56;0;16;0;0;0;0;0;0;0;0;0;0;0;0;0;2
16095;2016-06;0;1;0;0;0;0;0;0;0;0;0;0;0;0;0;0;0;0;0;0;0;0;0;0;0;0;0;0;0;5;45;0;12;0;0;0;0;0;0;0;0;0;0;0;0;0;0
16096;2016-06;0;15;0;0;0;0;0;0;0;0;0;0;0;0;0;0;0;0;0;0;0;0;2;0;0;0;0;0;0;19;93;0;98;0;0;0;0;0;0;0;0;0;0;0;0;1;0
16097;2016-06;0;3;0;0;0;0;0;0;0;0;0;0;0;0;0;0;0;0;0;0;0;0;0;0;0;0;0;0;0;11;52;0;55;0;0;0;0;0;0;0;0;0;0;0;0;0;0
16098;2016-06;0;40;0;0;0;0;0;0;0;0;0;0;0;0;0;0;0;0;0;0;0;0;6;0;1;0;0;0;0;60;167;0;175;0;0;1;0;0;0;0;0;0;0;0;0;1;0
16099;2016-06;0;17;0;0;0;0;0;0;0;0;0;0;0;0;0;0;0;0;0;0;0;0;0;0;0;0;0;0;0;16;76;0;35;0;0;0;0;0;0;0;0;0;0;0;0;0;3
16100;2016-06;0;25;0;0;0;0;0;0;0;0;0;0;0;0;0;0;0;0;0;0;0;0;1;0;1;0;0;0;0;51;298;0;183;0;0;0;0;0;0;0;0;0;0;0;0;0;0
16101;2016-06;0;3;0;0;0;0;0;0;0;0;0;0;0;0;0;0;0;0;0;0;0;0;0;0;0;0;0;0;0;13;63;0;52;0;0;0;0;0;0;0;0;0;0;0;0;0;1
16102;2016-06;0;78;0;0;0;0;0;0;0;0;0;0;0;0;0;0;0;0;0;0;0;0;0;0;0;0;0;0;0;63;506;0;246;0;0;0;0;0;0;0;0;0;0;0;0;0;0
16103;2016-06;0;20;0;0;0;0;0;0;0;0;0;0;0;0;0;0;0;0;0;0;0;0;0;0;0;0;0;0;0;12;136;0;54;0;0;0;0;0;0;0;0;0;0;0;0;0;0
16104;2016-06;0;5;0;0;0;0;0;0;0;0;0;0;0;0;0;0;0;0;0;0;0;0;0;0;0;0;0;0;0;5;14;0;16;0;0;0;0;0;0;0;0;0;0;0;0;1;0
16106;2016-06;0;124;0;0;0;0;0;0;0;0;0;0;0;0;0;0;0;0;0;0;0;0;6;0;0;0;0;0;0;212;907;0;724;0;0;0;0;0;0;0;0;0;0;0;0;0;4
16107;2016-06;0;8;0;0;0;0;0;0;0;0;0;0;0;0;0;0;0;0;0;0;0;0;0;0;0;0;0;0;0;6;38;0;32;0;0;0;0;0;0;0;0;0;0;0;0;0;0
16108;2016-06;0;3;0;0;0;0;0;0;0;0;0;0;0;0;0;0;0;0;0;0;0;0;2;0;0;0;0;0;0;14;8;0;15;0;0;0;0;0;0;0;0;0;0;0;0;0;0
16109;2016-06;0;3;0;0;0;0;0;0;0;0;0;0;0;0;0;0;0;0;0;0;0;0;0;0;0;0;0;0;0;3;18;0;12;0;0;0;0;0;0;0;0;0;0;0;0;1;0
16110;2016-06;0;7;0;0;0;0;0;0;0;0;0;0;0;0;0;0;0;0;0;0;0;0;0;0;0;0;0;0;0;1;60;0;2;0;0;0;0;0;0;0;0;0;0;0;0;0;0
16111;2016-06;0;4;0;0;0;0;0;0;0;0;0;0;0;0;0;0;0;0;0;0;0;0;0;0;1;0;0;0;0;28;50;0;39;0;0;0;0;0;0;0;0;0;0;0;0;0;0
16112;2016-06;0;50;0;0;0;0;0;0;0;0;0;0;0;0;0;0;0;0;0;0;0;0;3;0;1;0;0;0;0;135;472;0;346;0;0;1;0;0;0;0;0;0;0;0;0;2;2
16113;2016-06;0;238;0;0;0;0;0;0;0;0;0;0;0;0;0;0;0;0;0;0;0;0;16;0;0;0;0;0;0;217;1079;0;635;0;0;2;0;0;0;0;0;0;0;0;0;3;2
16115;2016-06;0;2;0;0;0;0;0;0;0;0;0;0;0;0;0;0;0;0;0;0;0;0;0;0;0;0;0;0;0;5;15;0;12;0;0;0;0;0;0;0;0;0;0;0;0;0;0
16116;2016-06;0;5;0;0;0;0;0;0;0;0;0;0;0;0;0;0;0;0;0;0;0;0;0;0;0;0;0;0;0;12;29;0;22;0;0;0;0;0;0;0;0;0;0;0;0;0;0
16117;2016-06;0;69;0;0;0;0;0;0;0;0;0;0;0;0;0;0;0;0;0;0;0;0;1;0;0;0;0;0;0;99;313;0;286;0;0;1;0;0;0;0;0;0;0;0;0;1;3
16118;2016-06;0;67;0;0;0;0;0;0;0;0;0;0;0;0;0;0;0;0;0;0;0;0;5;0;1;0;0;0;0;137;599;0;259;0;0;2;0;0;0;0;0;0;0;0;0;2;1
16119;2016-06;0;4;0;0;0;0;0;0;0;0;0;0;0;0;0;0;0;0;0;0;0;0;0;0;0;0;0;0;0;29;55;0;38;0;0;0;0;0;0;0;0;0;0;0;0;1;0
16121;2016-06;0;13;0;0;0;0;0;0;0;0;0;0;0;0;0;0;0;0;0;0;0;0;0;0;0;0;0;0;0;41;71;0;72;0;0;0;0;0;0;0;0;0;0;0;0;1;1
16122;2016-06;0;23;0;0;0;0;0;0;0;0;0;0;0;0;0;0;0;0;0;0;0;0;0;0;0;0;0;0;0;21;84;0;59;0;0;0;0;0;0;0;0;0;0;0;0;0;0
16123;2016-06;0;7;0;0;0;0;0;0;0;0;0;0;0;0;0;0;0;0;0;0;0;0;0;0;0;0;0;0;0;10;22;0;18;0;0;0;0;0;0;0;0;0;0;0;0;0;1
16124;2016-06;0;102;0;0;0;0;0;0;0;0;0;0;0;0;0;0;0;0;0;0;0;0;4;0;2;0;0;0;0;280;633;0;422;0;0;1;0;0;0;0;0;0;0;0;0;1;2
16125;2016-06;0;136;0;0;0;0;0;0;0;0;0;0;0;0;0;0;0;0;0;0;0;0;8;0;0;0;0;0;0;109;607;0;363;0;0;0;0;0;0;0;0;0;0;0;0;1;4
16126;2016-06;0;40;0;0;0;0;0;0;0;0;0;0;0;0;0;0;0;0;0;0;0;0;0;0;0;0;0;0;0;82;289;0;207;0;0;0;0;0;0;0;0;0;0;0;0;0;3
16128;2016-06;0;2;0;0;0;0;0;0;0;0;0;0;0;0;0;0;0;0;0;0;0;0;0;0;0;0;0;0;0;1;31;0;16;0;0;0;0;0;0;0;0;0;0;0;0;0;0
16129;2016-06;0;13;0;0;0;0;0;0;0;0;0;0;0;0;0;0;0;0;0;0;0;0;1;0;0;0;0;0;0;3;46;0;16;0;0;0;0;0;0;0;0;0;0;0;0;0;0
16130;2016-06;0;34;0;0;0;0;0;0;0;0;0;0;0;0;0;0;0;0;0;0;0;0;2;0;0;0;0;0;0;29;171;0;209;0;0;1;0;0;0;0;0;0;0;0;0;1;0
16131;2016-06;0;7;0;0;0;0;0;0;0;0;0;0;0;0;0;0;0;0;0;0;0;0;0;0;2;0;0;0;0;7;50;0;29;0;0;0;0;0;0;0;0;0;0;0;0;0;0
16132;2016-06;0;3;0;0;0;0;0;0;0;0;0;0;0;0;0;0;0;0;0;0;0;0;0;0;1;0;0;0;0;2;10;0;10;0;0;0;0;0;0;0;0;0;0;0;0;0;0
16133;2016-06;0;322;0;0;0;0;0;0;0;0;0;0;0;0;0;0;0;0;0;0;0;0;19;0;8;0;0;0;0;909;1161;0;858;0;0;2;0;0;0;0;0;0;0;0;0;4;9
16134;2016-06;0;439;0;0;0;0;0;0;0;0;0;0;0;0;0;0;0;0;0;0;0;0;35;0;3;0;0;0;0;494;1427;0;820;0;0;6;0;0;0;0;0;0;0;0;0;6;4
16135;2016-06;0;9;0;0;0;0;0;0;0;0;0;0;0;0;0;0;0;0;0;0;0;0;0;0;0;0;0;0;0;11;47;0;23;0;0;0;0;0;0;0;0;0;0;0;0;0;0
16137;2016-06;0;1;0;0;0;0;0;0;0;0;0;0;0;0;0;0;0;0;0;0;0;0;0;0;0;0;0;0;0;2;19;0;4;0;0;0;0;0;0;0;0;0;0;0;0;0;4
16139;2016-06;0;17;0;0;0;0;0;0;0;0;0;0;0;0;0;0;0;0;0;0;0;0;0;0;0;0;0;0;0;30;141;0;63;0;0;0;0;0;0;0;0;0;0;0;0;0;2
16140;2016-06;0;0;0;0;0;0;0;0;0;0;0;0;0;0;0;0;0;0;0;0;0;0;0;0;0;0;0;0;0;1;7;0;8;0;0;0;0;0;0;0;0;0;0;0;0;0;0
16141;2016-06;0;5;0;0;0;0;0;0;0;0;0;0;0;0;0;0;0;0;0;0;0;0;0;0;0;0;0;0;0;11;41;0;45;0;0;0;0;0;0;0;0;0;0;0;0;0;0
16142;2016-06;0;3;0;0;0;0;0;0;0;0;0;0;0;0;0;0;0;0;0;0;0;0;0;0;0;0;0;0;0;14;47;0;36;0;0;0;0;0;0;0;0;0;0;0;0;0;0
16143;2016-06;0;0;0;0;0;0;0;0;0;0;0;0;0;0;0;0;0;0;0;0;0;0;0;0;0;0;0;0;0;2;7;0;2;0;0;0;0;0;0;0;0;0;0;0;0;0;1
16145;2016-06;0;28;0;0;0;0;0;0;0;0;0;0;0;0;0;0;0;0;0;0;0;0;3;0;0;0;0;0;0;52;125;0;147;0;0;0;0;0;0;0;0;0;0;0;0;0;1
16146;2016-06;0;4;0;0;0;0;0;0;0;0;0;0;0;0;0;0;0;0;0;0;0;0;0;0;0;0;0;0;0;1;37;0;15;0;0;0;0;0;0;0;0;0;0;0;0;0;0
16147;2016-06;0;8;0;0;0;0;0;0;0;0;0;0;0;0;0;0;0;0;0;0;0;0;0;0;0;0;0;0;0;3;19;0;14;0;0;1;0;0;0;0;0;0;0;0;0;0;0
16148;2016-06;0;27;0;0;0;0;0;0;0;0;0;0;0;0;0;0;0;0;0;0;0;0;0;0;0;0;0;0;0;30;326;0;111;0;0;0;0;0;0;0;0;0;0;0;0;1;1
16149;2016-06;0;16;0;0;0;0;0;0;0;0;0;0;0;0;0;0;0;0;0;0;0;0;3;0;0;0;0;0;0;27;31;0;42;0;0;0;0;0;0;0;0;0;0;0;0;0;1
16150;2016-06;0;7;0;0;0;0;0;0;0;0;0;0;0;0;0;0;0;0;0;0;0;0;2;0;0;0;0;0;0;6;36;0;21;0;0;0;0;0;0;0;0;0;0;0;0;0;0
16151;2016-06;0;13;0;0;0;0;0;0;0;0;0;0;0;0;0;0;0;0;0;0;0;0;0;0;0;0;0;0;0;6;34;0;6;0;0;0;0;0;0;0;0;0;0;0;0;0;0
16152;2016-06;0;2;0;0;0;0;0;0;0;0;0;0;0;0;0;0;0;0;0;0;0;0;0;0;0;0;0;0;0;5;22;0;3;0;0;0;0;0;0;0;0;0;0;0;0;0;0
16153;2016-06;0;57;0;0;0;0;0;0;0;0;0;0;0;0;0;0;0;0;0;0;0;0;2;0;0;0;0;0;0;66;350;0;289;0;0;0;0;0;0;0;0;0;0;0;0;1;0
16154;2016-06;0;342;0;0;0;0;0;0;0;0;0;0;0;0;0;0;0;0;0;0;0;0;31;0;0;0;0;0;0;455;1639;0;1001;0;0;5;0;0;0;0;0;0;0;0;0;7;5
16155;2016-06;0;37;0;0;0;0;0;0;0;0;0;0;0;0;0;0;0;0;0;0;0;0;0;0;1;0;0;0;0;32;224;0;94;0;0;0;0;0;0;0;0;0;0;0;0;1;0
16156;2016-06;0;2;0;0;0;0;0;0;0;0;0;0;0;0;0;0;0;0;0;0;0;0;2;0;0;0;0;0;0;9;35;0;28;0;0;0;0;0;0;0;0;0;0;0;0;0;1
16157;2016-06;0;8;0;0;0;0;0;0;0;0;0;0;0;0;0;0;0;0;0;0;0;0;1;0;0;0;0;0;0;14;95;0;59;0;0;0;0;0;0;0;0;0;0;0;0;0;0
16158;2016-06;0;38;0;0;0;0;0;0;0;0;0;0;0;0;0;0;0;0;0;0;0;0;1;0;0;0;0;0;0;73;190;0;105;0;0;0;0;0;0;0;0;0;0;0;0;0;1
16159;2016-06;0;8;0;0;0;0;0;0;0;0;0;0;0;0;0;0;0;0;0;0;0;0;0;0;0;0;0;0;0;6;90;0;54;0;0;0;0;0;0;0;0;0;0;0;0;1;0
16160;2016-06;0;1;0;0;0;0;0;0;0;0;0;0;0;0;0;0;0;0;0;0;0;0;0;0;0;0;0;0;0;1;31;0;8;0;0;0;0;0;0;0;0;0;0;0;0;0;0
16161;2016-06;0;6;0;0;0;0;0;0;0;0;0;0;0;0;0;0;0;0;0;0;0;0;0;0;0;0;0;0;0;3;32;0;5;0;0;0;0;0;0;0;0;0;0;0;0;0;0
16162;2016-06;0;0;0;0;0;0;0;0;0;0;0;0;0;0;0;0;0;0;0;0;0;0;0;0;0;0;0;0;0;0;22;0;12;0;0;0;0;0;0;0;0;0;0;0;0;0;0
16163;2016-06;0;4;0;0;0;0;0;0;0;0;0;0;0;0;0;0;0;0;0;0;0;0;0;0;0;0;0;0;0;14;19;0;25;0;0;0;0;0;0;0;0;0;0;0;0;0;0
16165;2016-06;0;5;0;0;0;0;0;0;0;0;0;0;0;0;0;0;0;0;0;0;0;0;1;0;0;0;0;0;0;9;17;0;20;0;0;0;0;0;0;0;0;0;0;0;0;1;0
16166;2016-06;0;11;0;0;0;0;0;0;0;0;0;0;0;0;0;0;0;0;0;0;0;0;1;0;0;0;0;0;0;13;73;0;75;0;0;0;0;0;0;0;0;0;0;0;0;0;0
16167;2016-06;0;16;0;0;0;0;0;0;0;0;0;0;0;0;0;0;0;0;0;0;0;0;2;0;0;0;0;0;0;31;82;0;112;0;0;0;0;0;0;0;0;0;0;0;0;0;0
16169;2016-06;0;4;0;0;0;0;0;0;0;0;0;0;0;0;0;0;0;0;0;0;0;0;0;0;0;0;0;0;0;1;15;0;11;0;0;0;0;0;0;0;0;0;0;0;0;0;3
16170;2016-06;0;28;0;0;0;0;0;0;0;0;0;0;0;0;0;0;0;0;0;0;0;0;6;0;1;0;0;0;0;64;208;0;174;0;0;1;0;0;0;0;0;0;0;0;0;0;7
16171;2016-06;0;68;0;0;0;0;0;0;0;0;0;0;0;0;0;0;0;0;0;0;0;0;5;0;2;0;0;0;0;97;752;0;508;0;0;1;0;0;0;0;0;0;0;0;0;1;1
16172;2016-06;0;17;0;0;0;0;0;0;0;0;0;0;0;0;0;0;0;0;0;0;0;0;0;0;0;0;0;0;0;2;155;0;92;0;0;0;0;0;0;0;0;0;0;0;0;0;0
16173;2016-06;0;5;0;0;0;0;0;0;0;0;0;0;0;0;0;0;0;0;0;0;0;0;0;0;0;0;0;0;0;18;77;0;55;0;0;0;0;0;0;0;0;0;0;0;0;0;1
16174;2016-06;0;12;0;0;0;0;0;0;0;0;0;0;0;0;0;0;0;0;0;0;0;0;2;0;0;0;0;0;0;9;67;0;51;0;0;0;0;0;0;0;0;0;0;0;0;1;1
16175;2016-06;0;288;0;0;0;0;0;0;0;0;0;0;0;0;0;0;0;0;0;0;0;0;13;0;1;0;0;0;0;351;1614;0;1596;0;0;3;0;0;0;0;0;0;0;0;0;4;9
16176;2016-06;0;5;0;0;0;0;0;0;0;0;0;0;0;0;0;0;0;0;0;0;0;0;0;0;0;0;0;0;0;3;7;0;15;0;0;0;0;0;0;0;0;0;0;0;0;0;0
16177;2016-06;0;3;0;0;0;0;0;0;0;0;0;0;0;0;0;0;0;0;0;0;0;0;0;0;0;0;0;0;0;9;37;0;14;0;0;1;0;0;0;0;0;0;0;0;0;0;0
16181;2016-06;0;0;0;0;0;0;0;0;0;0;0;0;0;0;0;0;0;0;0;0;0;0;0;0;0;0;0;0;0;2;34;0;14;0;0;0;0;0;0;0;0;0;0;0;0;0;0
16185;2016-06;0;1;0;0;0;0;0;0;0;0;0;0;0;0;0;0;0;0;0;0;0;0;1;0;0;0;0;0;0;5;15;0;15;0;0;0;0;0;0;0;0;0;0;0;0;0;0
16186;2016-06;0;19;0;0;0;0;0;0;0;0;0;0;0;0;0;0;0;0;0;0;0;0;3;0;0;0;0;0;0;36;175;0;133;0;0;1;0;0;0;0;0;0;0;0;0;1;3
16187;2016-06;0;4;0;0;0;0;0;0;0;0;0;0;0;0;0;0;0;0;0;0;0;0;0;0;0;0;0;0;0;7;29;0;14;0;0;0;0;0;0;0;0;0;0;0;0;0;0
16188;2016-06;0;6;0;0;0;0;0;0;0;0;0;0;0;0;0;0;0;0;0;0;0;0;1;0;0;0;0;0;0;13;25;0;20;0;0;0;0;0;0;0;0;0;0;0;0;0;0
16189;2016-06;0;25;0;0;0;0;0;0;0;0;0;0;0;0;0;0;0;0;0;0;0;0;1;0;0;0;0;0;0;17;120;0;38;0;0;0;0;0;0;0;0;0;0;0;0;0;0
16190;2016-06;0;422;0;0;0;0;0;0;0;0;0;0;0;0;0;0;0;0;0;0;0;0;20;0;4;0;0;0;0;322;1966;0;1122;0;0;3;0;0;0;0;0;0;0;0;0;5;6
16191;2016-06;0;69;0;0;0;0;0;0;0;0;0;0;0;0;0;0;0;0;0;0;0;0;2;0;0;0;0;0;0;43;318;0;234;0;0;0;0;0;0;0;0;0;0;0;0;1;2
16192;2016-06;0;3;0;0;0;0;0;0;0;0;0;0;0;0;0;0;0;0;0;0;0;0;0;0;0;0;0;0;0;3;10;0;13;0;0;0;0;0;0;0;0;0;0;0;0;0;0
16193;2016-06;0;2;0;0;0;0;0;0;0;0;0;0;0;0;0;0;0;0;0;0;0;0;1;0;0;0;0;0;0;1;17;0;27;0;0;0;0;0;0;0;0;0;0;0;0;0;0
16194;2016-06;0;15;0;0;0;0;0;0;0;0;0;0;0;0;0;0;0;0;0;0;0;0;0;0;0;0;0;0;0;18;50;0;95;0;0;0;0;0;0;0;0;0;0;0;0;0;0
16195;2016-06;0;18;0;0;0;0;0;0;0;0;0;0;0;0;0;0;0;0;0;0;0;0;2;0;1;0;0;0;0;14;157;0;195;0;0;1;0;0;0;0;0;0;0;0;0;0;1
16196;2016-06;0;26;0;0;0;0;0;0;0;0;0;0;0;0;0;0;0;0;0;0;0;0;1;0;0;0;0;0;0;73;193;0;207;0;0;1;0;0;0;0;0;0;0;0;0;0;0
16197;2016-06;0;8;0;0;0;0;0;0;0;0;0;0;0;0;0;0;0;0;0;0;0;0;0;0;0;0;0;0;0;3;12;0;19;0;0;0;0;0;0;0;0;0;0;0;0;0;0
16198;2016-06;0;94;0;0;0;0;0;0;0;0;0;0;0;0;0;0;0;0;0;0;0;0;6;0;0;0;0;0;0;98;348;0;413;0;0;0;0;0;0;0;0;0;0;0;0;0;2
16199;2016-06;0;4;0;0;0;0;0;0;0;0;0;0;0;0;0;0;0;0;0;0;0;0;1;0;0;0;0;0;0;0;17;0;2;0;0;0;0;0;0;0;0;0;0;0;0;0;0
16202;2016-06;0;48;0;0;0;0;0;0;0;0;0;0;0;0;0;0;0;0;0;0;0;0;2;0;0;0;0;0;0;80;255;0;172;0;0;1;0;0;0;0;0;0;0;0;0;0;0
16203;2016-06;0;646;0;0;0;0;0;0;0;0;0;0;0;0;0;0;0;0;0;0;0;0;186;0;12;0;0;0;0;969;2821;0;2305;0;0;6;0;0;0;0;0;0;0;0;0;12;16
16204;2016-06;0;24;0;0;0;0;0;0;0;0;0;0;0;0;0;0;0;0;0;0;0;0;0;0;0;0;0;0;0;27;86;0;60;0;0;1;0;0;0;0;0;0;0;0;0;0;0
16205;2016-06;0;5;0;0;0;0;0;0;0;0;0;0;0;0;0;0;0;0;0;0;0;0;0;0;0;0;0;0;0;25;49;0;8;0;0;0;0;0;0;0;0;0;0;0;0;0;0
16206;2016-06;0;6;0;0;0;0;0;0;0;0;0;0;0;0;0;0;0;0;0;0;0;0;1;0;0;0;0;0;0;25;74;0;44;0;0;0;0;0;0;0;0;0;0;0;0;0;1
16209;2016-06;0;5;0;0;0;0;0;0;0;0;0;0;0;0;0;0;0;0;0;0;0;0;0;0;0;0;0;0;0;14;49;0;29;0;0;0;0;0;0;0;0;0;0;0;0;1;1
16211;2016-06;0;17;0;0;0;0;0;0;0;0;0;0;0;0;0;0;0;0;0;0;0;0;1;0;0;0;0;0;0;23;118;0;100;0;0;0;0;0;0;0;0;0;0;0;0;0;1
16212;2016-06;0;19;0;0;0;0;0;0;0;0;0;0;0;0;0;0;0;0;0;0;0;0;1;0;1;0;0;0;0;21;93;0;66;0;0;0;0;0;0;0;0;0;0;0;0;1;0
16213;2016-06;0;6;0;0;0;0;0;0;0;0;0;0;0;0;0;0;0;0;0;0;0;0;0;0;0;0;0;0;0;8;12;0;8;0;0;0;0;0;0;0;0;0;0;0;0;0;0
16215;2016-06;0;13;0;0;0;0;0;0;0;0;0;0;0;0;0;0;0;0;0;0;0;0;0;0;0;0;0;0;0;34;50;0;70;0;0;0;0;0;0;0;0;0;0;0;0;0;0
16216;2016-06;0;8;0;0;0;0;0;0;0;0;0;0;0;0;0;0;0;0;0;0;0;0;0;0;0;0;0;0;0;53;106;0;96;0;0;0;0;0;0;0;0;0;0;0;0;1;0
16217;2016-06;0;4;0;0;0;0;0;0;0;0;0;0;0;0;0;0;0;0;0;0;0;0;0;0;0;0;0;0;0;4;35;0;19;0;0;0;0;0;0;0;0;0;0;0;0;0;0
16218;2016-06;0;11;0;0;0;0;0;0;0;0;0;0;0;0;0;0;0;0;0;0;0;0;0;0;0;0;0;0;0;8;65;0;63;0;0;0;0;0;0;0;0;0;0;0;0;0;0
16219;2016-06;0;4;0;0;0;0;0;0;0;0;0;0;0;0;0;0;0;0;0;0;0;0;0;0;0;0;0;0;0;13;22;0;32;0;0;0;0;0;0;0;0;0;0;0;0;0;0
16224;2016-06;0;7;0;0;0;0;0;0;0;0;0;0;0;0;0;0;0;0;0;0;0;0;0;0;0;0;0;0;0;15;28;0;13;0;0;0;0;0;0;0;0;0;0;0;0;1;0
16225;2016-06;0;2;0;0;0;0;0;0;0;0;0;0;0;0;0;0;0;0;0;0;0;0;1;0;0;0;0;0;0;4;35;0;12;0;0;0;0;0;0;0;0;0;0;0;0;0;0
16227;2016-06;0;7;0;0;0;0;0;0;0;0;0;0;0;0;0;0;0;0;0;0;0;0;0;0;0;0;0;0;0;17;48;0;21;0;0;0;0;0;0;0;0;0;0;0;0;0;0
16228;2016-06;0;10;0;0;0;0;0;0;0;0;0;0;0;0;0;0;0;0;0;0;0;0;0;0;0;0;0;0;0;3;95;0;25;0;0;0;0;0;0;0;0;0;0;0;0;0;0
16231;2016-06;0;4;0;0;0;0;0;0;0;0;0;0;0;0;0;0;0;0;0;0;0;0;0;0;0;0;0;0;0;5;19;0;8;0;0;0;0;0;0;0;0;0;0;0;0;1;0
16234;2016-06;0;0;0;0;0;0;0;0;0;0;0;0;0;0;0;0;0;0;0;0;0;0;0;0;0;0;0;0;0;4;2;0;12;0;0;0;0;0;0;0;0;0;0;0;0;0;0
16236;2016-06;0;76;0;0;0;0;0;0;0;0;0;0;0;0;0;0;0;0;0;0;0;0;5;0;0;0;0;0;0;36;376;0;153;0;0;1;0;0;0;0;0;0;0;0;0;0;0
16237;2016-06;0;15;0;0;0;0;0;0;0;0;0;0;0;0;0;0;0;0;0;0;0;0;0;0;0;0;0;0;0;17;42;0;13;0;0;0;0;0;0;0;0;0;0;0;0;0;0
16238;2016-06;0;21;0;0;0;0;0;0;0;0;0;0;0;0;0;0;0;0;0;0;0;0;1;0;0;0;0;0;0;35;197;0;165;0;0;0;0;0;0;0;0;0;0;0;0;0;0
16239;2016-06;0;9;0;0;0;0;0;0;0;0;0;0;0;0;0;0;0;0;0;0;0;0;0;0;0;0;0;0;0;24;32;0;39;0;0;0;0;0;0;0;0;0;0;0;0;1;0
16240;2016-06;0;6;0;0;0;0;0;0;0;0;0;0;0;0;0;0;0;0;0;0;0;0;0;0;0;0;0;0;0;12;33;0;27;0;0;0;0;0;0;0;0;0;0;0;0;0;0
16242;2016-06;0;14;0;0;0;0;0;0;0;0;0;0;0;0;0;0;0;0;0;0;0;0;3;0;0;0;0;0;0;21;181;0;50;0;0;0;0;0;0;0;0;0;0;0;0;0;0
16243;2016-06;0;17;0;0;0;0;0;0;0;0;0;0;0;0;0;0;0;0;0;0;0;0;1;0;1;0;0;0;0;59;163;0;88;0;0;0;0;0;0;0;0;0;0;0;0;1;1
16244;2016-06;0;45;0;0;0;0;0;0;0;0;0;0;0;0;0;0;0;0;0;0;0;0;5;0;0;0;0;0;0;52;302;0;177;0;0;0;0;0;0;0;0;0;0;0;0;0;0
16245;2016-06;0;39;0;0;0;0;0;0;0;0;0;0;0;0;0;0;0;0;0;0;0;0;5;0;0;0;0;0;0;32;152;0;87;0;0;0;0;0;0;0;0;0;0;0;0;0;1
16246;2016-06;0;11;0;0;0;0;0;0;0;0;0;0;0;0;0;0;0;0;0;0;0;0;1;0;0;0;0;0;0;17;198;0;124;0;0;0;0;0;0;0;0;0;0;0;0;1;0
16247;2016-06;0;0;0;0;0;0;0;0;0;0;0;0;0;0;0;0;0;0;0;0;0;0;0;0;0;0;0;0;0;5;27;0;20;0;0;0;0;0;0;0;0;0;0;0;0;6;0
16248;2016-06;0;60;0;0;0;0;0;0;0;0;0;0;0;0;0;0;0;0;0;0;0;0;4;0;1;0;0;0;0;117;280;0;157;0;0;1;0;0;0;0;0;0;0;0;0;2;9
16249;2016-06;0;114;0;0;0;0;0;0;0;0;0;0;0;0;0;0;0;0;0;0;0;0;3;0;1;0;0;0;0;160;662;0;550;0;0;2;0;0;0;0;0;0;0;0;0;0;1
16250;2016-06;0;2;0;0;0;0;0;0;0;0;0;0;0;0;0;0;0;0;0;0;0;0;0;0;0;0;0;0;0;4;41;0;12;0;0;0;0;0;0;0;0;0;0;0;0;0;0
16251;2016-06;0;150;0;0;0;0;0;0;0;0;0;0;0;0;0;0;0;0;0;0;0;0;3;0;0;0;0;0;0;125;777;0;293;0;0;3;0;0;0;0;0;0;0;0;0;4;4
16253;2016-06;0;24;0;0;0;0;0;0;0;0;0;0;0;0;0;0;0;0;0;0;0;0;0;0;1;0;0;0;0;18;163;0;52;0;0;0;0;0;0;0;0;0;0;0;0;1;2
16254;2016-06;0;20;0;0;0;0;0;0;0;0;0;0;0;0;0;0;0;0;0;0;0;0;0;0;0;0;0;0;0;27;82;0;37;0;0;1;0;0;0;0;0;0;0;0;0;0;1
16255;2016-06;0;9;0;0;0;0;0;0;0;0;0;0;0;0;0;0;0;0;0;0;0;0;0;0;0;0;0;0;0;3;58;0;51;0;0;0;0;0;0;0;0;0;0;0;0;0;0
16258;2016-06;0;7;0;0;0;0;0;0;0;0;0;0;0;0;0;0;0;0;0;0;0;0;0;0;0;0;0;0;0;10;90;0;41;0;0;0;0;0;0;0;0;0;0;0;0;0;1
16259;2016-06;0;1;0;0;0;0;0;0;0;0;0;0;0;0;0;0;0;0;0;0;0;0;0;0;0;0;0;0;0;0;13;0;7;0;0;0;0;0;0;0;0;0;0;0;0;0;0
16263;2016-06;0;50;0;0;0;0;0;0;0;0;0;0;0;0;0;0;0;0;0;0;0;0;5;0;0;0;0;0;0;100;270;0;284;0;0;2;0;0;0;0;0;0;0;0;0;0;0
16264;2016-06;0;23;0;0;0;0;0;0;0;0;0;0;0;0;0;0;0;0;0;0;0;0;1;0;0;0;0;0;0;13;200;0;124;0;0;0;0;0;0;0;0;0;0;0;0;0;1
16265;2016-06;0;0;0;0;0;0;0;0;0;0;0;0;0;0;0;0;0;0;0;0;0;0;0;0;0;0;0;0;0;0;9;0;10;0;0;0;0;0;0;0;0;0;0;0;0;0;0
16266;2016-06;0;15;0;0;0;0;0;0;0;0;0;0;0;0;0;0;0;0;0;0;0;0;1;0;0;0;0;0;0;9;182;0;51;0;0;0;0;0;0;0;0;0;0;0;0;0;0
16269;2016-06;0;17;0;0;0;0;0;0;0;0;0;0;0;0;0;0;0;0;0;0;0;0;1;0;0;0;0;0;0;22;191;0;99;0;0;0;0;0;0;0;0;0;0;0;0;0;0
16270;2016-06;0;10;0;0;0;0;0;0;0;0;0;0;0;0;0;0;0;0;0;0;0;0;0;0;0;0;0;0;0;12;92;0;20;0;0;0;0;0;0;0;0;0;0;0;0;1;2
16271;2016-06;0;26;0;0;0;0;0;0;0;0;0;0;0;0;0;0;0;0;0;0;0;0;0;0;0;0;0;0;0;85;265;0;134;0;0;1;0;0;0;0;0;0;0;0;0;1;0
16272;2016-06;0;13;0;0;0;0;0;0;0;0;0;0;0;0;0;0;0;0;0;0;0;0;0;0;1;0;0;0;0;17;116;0;28;0;0;0;0;0;0;0;0;0;0;0;0;0;0
16273;2016-06;0;9;0;0;0;0;0;0;0;0;0;0;0;0;0;0;0;0;0;0;0;0;2;0;0;0;0;0;0;14;175;0;33;0;0;0;0;0;0;0;0;0;0;0;0;0;0
16274;2016-06;0;3;0;0;0;0;0;0;0;0;0;0;0;0;0;0;0;0;0;0;0;0;0;0;0;0;0;0;0;13;35;0;41;0;0;0;0;0;0;0;0;0;0;0;0;0;0
16275;2016-06;0;1;0;0;0;0;0;0;0;0;0;0;0;0;0;0;0;0;0;0;0;0;0;0;0;0;0;0;0;0;5;0;4;0;0;0;0;0;0;0;0;0;0;0;0;0;0
16276;2016-06;0;2;0;0;0;0;0;0;0;0;0;0;0;0;0;0;0;0;0;0;0;0;0;0;0;0;0;0;0;2;8;0;3;0;0;0;0;0;0;0;0;0;0;0;0;0;0
16277;2016-06;0;9;0;0;0;0;0;0;0;0;0;0;0;0;0;0;0;0;0;0;0;0;0;0;0;0;0;0;0;4;63;0;6;0;0;0;0;0;0;0;0;0;0;0;0;0;0
16278;2016-06;0;1;0;0;0;0;0;0;0;0;0;0;0;0;0;0;0;0;0;0;0;0;0;0;0;0;0;0;0;3;29;0;22;0;0;0;0;0;0;0;0;0;0;0;0;0;0
16279;2016-06;0;6;0;0;0;0;0;0;0;0;0;0;0;0;0;0;0;0;0;0;0;0;0;0;0;0;0;0;0;10;74;0;34;0;0;2;0;0;0;0;0;0;0;0;0;0;0
16280;2016-06;0;7;0;0;0;0;0;0;0;0;0;0;0;0;0;0;0;0;0;0;0;0;0;0;0;0;0;0;0;10;90;0;53;0;0;0;0;0;0;0;0;0;0;0;0;0;0
16901;2016-06;0;43;0;0;0;0;0;0;0;0;0;0;0;0;0;0;0;0;0;0;0;0;0;0;1;0;0;0;0;50;266;0;126;0;0;3;0;0;0;0;0;0;0;0;0;1;5
16902;2016-06;0;6;0;0;0;0;0;0;0;0;0;0;0;0;0;0;0;0;0;0;0;0;0;0;0;0;0;0;0;15;53;0;33;0;0;0;0;0;0;0;0;0;0;0;0;0;0
16903;2016-06;0;59;0;0;0;0;0;0;0;0;0;0;0;0;0;0;0;0;0;0;0;0;3;0;0;0;0;0;0;37;522;0;138;0;0;0;0;0;0;0;0;0;0;0;0;0;2
16904;2016-06;0;51;0;0;0;0;0;0;0;0;0;0;0;0;0;0;0;0;0;0;0;0;3;0;0;0;0;0;0;64;158;0;91;0;0;0;0;0;0;0;0;0;0;0;0;1;1
16905;2016-06;0;138;0;0;0;0;0;0;0;0;0;0;0;0;0;0;0;0;0;0;0;0;3;0;1;0;0;0;0;167;346;0;245;0;0;4;0;0;0;0;0;0;0;0;0;2;0
16906;2016-06;0;2;0;0;0;0;0;0;0;0;0;0;0;0;0;0;0;0;0;0;0;0;0;0;0;0;0;0;0;6;39;0;19;0;0;0;0;0;0;0;0;0;0;0;0;0;0
16908;2016-06;0;1;0;0;0;0;0;0;0;0;0;0;0;0;0;0;0;0;0;0;0;0;0;0;0;0;0;0;0;40;49;0;59;0;0;0;0;0;0;0;0;0;0;0;0;2;0
16909;2016-06;0;34;0;0;0;0;0;0;0;0;0;0;0;0;0;0;0;0;0;0;0;0;5;0;1;0;0;0;0;77;178;0;236;0;0;0;0;0;0;0;0;0;0;0;0;0;1
16910;2016-06;0;4;0;0;0;0;0;0;0;0;0;0;0;0;0;0;0;0;0;0;0;0;0;0;0;0;0;0;0;16;24;0;24;0;0;0;0;0;0;0;0;0;0;0;0;0;0
17001;2016-06;0;31;0;0;0;0;0;0;0;0;76;0;139;0;0;0;0;0;0;0;0;0;14;0;0;0;0;0;0;0;17;0;23;0;0;1;0;0;0;0;95;0;0;0;0;0;0
17002;2016-06;0;24;0;0;0;0;0;0;0;0;50;0;127;0;0;0;0;0;0;0;0;0;3;0;0;0;0;0;0;0;31;0;28;0;1;0;0;0;0;0;132;0;0;0;0;0;0
17003;2016-06;0;0;0;0;0;0;0;0;0;0;7;0;24;0;0;0;0;0;0;0;0;0;2;0;0;0;0;0;0;0;2;0;6;0;0;0;0;0;0;0;25;0;0;0;0;0;0
17004;2016-06;0;16;0;0;0;0;0;0;0;0;63;0;115;0;0;0;0;0;0;0;0;0;3;0;0;0;0;0;0;0;16;0;26;0;0;1;0;0;0;0;90;0;0;0;0;0;0
17005;2016-06;0;16;0;0;0;0;0;0;0;0;44;0;74;0;0;0;0;0;0;0;0;0;5;0;1;0;0;0;0;0;19;0;20;0;1;0;0;0;0;0;69;0;0;0;0;0;0
17006;2016-06;0;36;0;0;0;0;0;0;0;0;121;0;185;0;0;0;0;0;0;0;0;0;18;0;0;0;0;0;0;0;48;0;49;0;1;2;0;0;0;0;221;0;0;0;0;0;0
17007;2016-06;0;27;0;0;0;0;0;0;0;0;116;0;360;0;0;0;0;0;0;0;0;0;12;0;1;0;0;0;0;0;67;0;84;0;1;0;0;0;0;0;507;0;0;0;0;0;0
17008;2016-06;0;78;0;0;0;0;0;0;0;0;314;0;644;0;0;0;0;0;0;0;0;0;25;0;2;0;0;0;0;0;147;0;206;0;9;2;0;0;0;0;728;0;0;0;0;0;0
17009;2016-06;0;66;0;0;0;0;0;0;0;0;404;0;906;0;0;0;0;0;0;0;0;0;27;0;2;0;0;0;0;0;158;0;168;0;4;5;0;0;0;0;813;0;0;0;0;0;0
17010;2016-06;0;2;0;0;0;0;0;0;0;0;38;0;96;0;0;0;0;0;0;0;0;0;2;0;1;0;0;0;0;0;6;0;6;0;0;0;0;0;0;0;70;0;0;0;0;0;0
17011;2016-06;0;8;0;0;0;0;0;0;0;0;50;0;166;0;0;0;0;0;0;0;0;0;5;0;0;0;0;0;0;0;23;0;35;0;0;0;0;0;0;0;146;0;0;0;0;0;0
17012;2016-06;0;62;0;0;0;0;0;0;0;0;166;0;203;0;0;0;0;0;0;0;0;0;7;0;0;0;0;0;0;0;74;0;64;0;3;0;0;0;0;0;110;0;0;0;0;0;0
17013;2016-06;0;181;0;0;0;0;0;0;0;0;311;0;420;0;0;0;0;0;0;0;0;0;26;0;2;0;0;0;0;0;221;0;276;0;3;3;0;0;0;0;302;0;0;0;0;0;0
17014;2016-06;0;5;0;0;0;0;0;0;0;0;4;0;18;0;0;0;0;0;0;0;0;0;1;0;0;0;0;0;0;0;4;0;7;0;0;0;0;0;0;0;8;0;0;0;0;0;0
17015;2016-06;0;305;0;0;0;0;0;0;0;0;1021;0;2866;0;0;0;0;0;0;0;0;0;80;0;7;0;0;0;0;0;451;0;488;0;12;7;0;0;0;0;2474;0;0;0;0;0;0
17016;2016-06;0;29;0;0;0;0;0;0;0;0;65;0;181;0;0;0;0;0;0;0;0;0;4;0;0;0;0;0;0;0;48;0;22;0;2;0;0;0;0;0;144;0;0;0;0;0;0
17018;2016-06;0;11;0;0;0;0;0;0;0;0;47;0;112;0;0;0;0;0;0;0;0;0;5;0;0;0;0;0;0;0;11;0;29;0;0;0;0;0;0;0;105;0;0;0;0;0;0
17019;2016-06;0;32;0;0;0;0;0;0;0;0;128;0;377;0;0;0;0;0;0;0;0;0;8;0;0;0;0;0;0;0;58;0;111;0;2;0;0;0;0;0;465;0;0;0;0;0;0
17020;2016-06;0;104;0;0;0;0;0;0;0;0;355;0;874;0;0;0;0;0;0;0;0;0;46;0;1;0;0;0;0;0;97;0;131;0;3;2;0;0;0;0;682;0;0;0;0;0;0
17021;2016-06;0;3;0;0;0;0;0;0;0;0;30;0;16;0;0;0;0;0;0;0;0;0;0;0;0;0;0;0;0;0;2;0;6;0;0;0;0;0;0;0;24;0;0;0;0;0;0
17022;2016-06;0;182;0;0;0;0;0;0;0;0;702;0;1421;0;0;0;0;0;0;0;0;0;54;0;3;0;0;0;0;0;314;0;574;0;15;6;0;0;0;0;855;0;0;0;0;0;0
17023;2016-06;0;1925;0;0;0;0;0;0;0;0;4663;0;2456;0;0;0;0;0;0;0;0;0;284;0;27;0;0;0;0;0;2223;0;3356;0;28;48;0;0;0;0;1900;0;0;0;0;0;0
17024;2016-06;0;8;0;0;0;0;0;0;0;0;15;0;45;0;0;0;0;0;0;0;0;0;3;0;0;0;0;0;0;0;21;0;4;0;0;0;0;0;0;0;55;0;0;0;0;0;0
17025;2016-06;0;24;0;0;0;0;0;0;0;0;89;0;290;0;0;0;0;0;0;0;0;0;5;0;0;0;0;0;0;0;54;0;53;0;1;1;0;0;0;0;264;0;0;0;0;0;0
17026;2016-06;0;18;0;0;0;0;0;0;0;0;33;0;107;0;0;0;0;0;0;0;0;0;3;0;1;0;0;0;0;0;27;0;20;0;1;0;0;0;0;0;152;0;0;0;0;0;0
17027;2016-06;0;87;0;0;0;0;0;0;0;0;311;0;686;0;0;0;0;0;0;0;0;0;10;0;0;0;0;0;0;0;138;0;177;0;2;3;0;0;0;0;458;0;0;0;0;0;0
17028;2016-06;0;3;0;0;0;0;0;0;0;0;17;0;76;0;0;0;0;0;0;0;0;0;3;0;0;0;0;0;0;0;17;0;3;0;0;0;0;0;0;0;79;0;0;0;0;0;0
17029;2016-06;0;10;0;0;0;0;0;0;0;0;18;0;41;0;0;0;0;0;0;0;0;0;3;0;0;0;0;0;0;0;8;0;11;0;1;0;0;0;0;0;34;0;0;0;0;0;0
17030;2016-06;0;27;0;0;0;0;0;0;0;0;53;0;106;0;0;0;0;0;0;0;0;0;4;0;0;0;0;0;0;0;62;0;34;0;0;0;0;0;0;0;111;0;0;0;0;0;0
17031;2016-06;0;3;0;0;0;0;0;0;0;0;18;0;29;0;0;0;0;0;0;0;0;0;0;0;0;0;0;0;0;0;10;0;0;0;0;0;0;0;0;0;34;0;0;0;0;0;0
17032;2016-06;0;50;0;0;0;0;0;0;0;0;189;0;291;0;0;0;0;0;0;0;0;0;21;0;2;0;0;0;0;0;54;0;109;0;4;3;0;0;0;0;228;0;0;0;0;0;0
17033;2016-06;0;275;0;0;0;0;0;0;0;0;780;0;796;0;0;0;0;0;0;0;0;0;43;0;4;0;0;0;0;0;313;0;385;0;14;10;0;0;0;0;592;0;0;0;0;0;0
17034;2016-06;0;366;0;0;0;0;0;0;0;0;777;0;1031;0;0;0;0;0;0;0;0;0;65;0;4;0;0;0;0;0;442;0;553;0;9;11;0;0;0;0;863;0;0;0;0;0;0
17035;2016-06;0;14;0;0;0;0;0;0;0;0;37;0;146;0;0;0;0;0;0;0;0;0;2;0;0;0;0;0;0;0;22;0;12;0;0;0;0;0;0;0;141;0;0;0;0;0;0
17036;2016-06;0;87;0;0;0;0;0;0;0;0;321;0;495;0;0;0;0;0;0;0;0;0;18;0;2;0;0;0;0;0;129;0;166;0;4;3;0;0;0;0;476;0;0;0;0;0;0
17037;2016-06;0;3;0;0;0;0;0;0;0;0;4;0;17;0;0;0;0;0;0;0;0;0;0;0;0;0;0;0;0;0;5;0;0;0;0;0;0;0;0;0;39;0;0;0;0;0;0
17038;2016-06;0;4;0;0;0;0;0;0;0;0;31;0;72;0;0;0;0;0;0;0;0;0;7;0;0;0;0;0;0;0;16;0;7;0;0;0;0;0;0;0;89;0;0;0;0;0;0
17039;2016-06;0;35;0;0;0;0;0;0;0;0;135;0;335;0;0;0;0;0;0;0;0;0;8;0;1;0;0;0;0;0;93;0;142;0;2;0;0;0;0;0;380;0;0;0;0;0;0
17040;2016-06;0;14;0;0;0;0;0;0;0;0;52;0;115;0;0;0;0;0;0;0;0;0;5;0;0;0;0;0;0;0;13;0;13;0;0;1;0;0;0;0;129;0;0;0;0;0;0
17041;2016-06;0;3;0;0;0;0;0;0;0;0;24;0;52;0;0;0;0;0;0;0;0;0;0;0;0;0;0;0;0;0;11;0;14;0;0;1;0;0;0;0;22;0;0;0;0;0;0
17042;2016-06;0;17;0;0;0;0;0;0;0;0;58;0;69;0;0;0;0;0;0;0;0;0;3;0;0;0;0;0;0;0;22;0;14;0;0;0;0;0;0;0;87;0;0;0;0;0;0
17043;2016-06;0;3;0;0;0;0;0;0;0;0;22;0;28;0;0;0;0;0;0;0;0;0;2;0;2;0;0;0;0;0;7;0;4;0;0;0;0;0;0;0;48;0;0;0;0;0;0
17044;2016-06;0;276;0;0;0;0;0;0;0;0;568;0;1457;0;0;0;0;0;0;0;0;0;69;0;3;0;0;0;0;0;262;0;387;0;10;5;0;0;0;0;1306;0;0;0;0;0;0
17046;2016-06;0;10;0;0;0;0;0;0;0;0;61;0;154;0;0;0;0;0;0;0;0;0;9;0;1;0;0;0;0;0;37;0;51;0;0;2;0;0;0;0;129;0;0;0;0;0;0
17047;2016-06;0;297;0;0;0;0;0;0;0;0;464;0;658;0;0;0;0;0;0;0;0;0;45;0;2;0;0;0;0;0;493;0;324;0;6;3;0;0;0;0;437;0;0;0;0;0;0
17048;2016-06;0;422;0;0;0;0;0;0;0;0;628;0;619;0;0;0;0;0;0;0;0;0;75;0;2;0;0;0;0;0;552;0;620;0;3;10;0;0;0;0;834;0;0;0;0;0;0
17049;2016-06;0;141;0;0;0;0;0;0;0;0;400;0;806;0;0;0;0;0;0;0;0;0;19;0;3;0;0;0;0;0;98;0;205;0;6;6;0;0;0;0;374;0;0;0;0;0;0
17050;2016-06;0;23;0;0;0;0;0;0;0;0;43;0;203;0;0;0;0;0;0;0;0;0;5;0;0;0;0;0;0;0;24;0;18;0;0;0;0;0;0;0;134;0;0;0;0;0;0
17051;2016-06;0;5;0;0;0;0;0;0;0;0;23;0;45;0;0;0;0;0;0;0;0;0;1;0;0;0;0;0;0;0;11;0;6;0;0;0;0;0;0;0;50;0;0;0;0;0;0
17052;2016-06;0;2;0;0;0;0;0;0;0;0;17;0;21;0;0;0;0;0;0;0;0;0;2;0;0;0;0;0;0;0;7;0;4;0;0;1;0;0;0;0;24;0;0;0;0;0;0
17054;2016-06;0;17;0;0;0;0;0;0;0;0;37;0;74;0;0;0;0;0;0;0;0;0;0;0;2;0;0;0;0;0;26;0;26;0;0;0;0;0;0;0;53;0;0;0;0;0;0
17055;2016-06;0;1;0;0;0;0;0;0;0;0;15;0;43;0;0;0;0;0;0;0;0;0;1;0;0;0;0;0;0;0;3;0;7;0;0;0;0;0;0;0;39;0;0;0;0;0;0
17056;2016-06;0;47;0;0;0;0;0;0;0;0;154;0;332;0;0;0;0;0;0;0;0;0;7;0;2;0;0;0;0;0;69;0;50;0;3;1;0;0;0;0;425;0;0;0;0;0;0
17057;2016-06;0;23;0;0;0;0;0;0;0;0;117;0;231;0;0;0;0;0;0;0;0;0;4;0;0;0;0;0;0;0;38;0;46;0;0;4;0;0;0;0;162;0;0;0;0;0;0
17058;2016-06;0;5;0;0;0;0;0;0;0;0;22;0;30;0;0;0;0;0;0;0;0;0;1;0;0;0;0;0;0;0;10;0;1;0;0;0;0;0;0;0;28;0;0;0;0;0;0
17060;2016-06;0;12;0;0;0;0;0;0;0;0;31;0;79;0;0;0;0;0;0;0;0;0;2;0;0;0;0;0;0;0;48;0;24;0;0;0;0;0;0;0;65;0;0;0;0;0;0
17061;2016-06;0;4;0;0;0;0;0;0;0;0;11;0;41;0;0;0;0;0;0;0;0;0;0;0;0;0;0;0;0;0;11;0;0;0;0;0;0;0;0;0;35;0;0;0;0;0;0
17062;2016-06;0;232;0;0;0;0;0;0;0;0;630;0;855;0;0;0;0;0;0;0;0;0;50;0;48;0;0;0;0;0;394;0;474;0;6;3;0;0;0;0;727;0;0;0;0;0;0
17063;2016-06;0;3;0;0;0;0;0;0;0;0;17;0;49;0;0;0;0;0;0;0;0;0;0;0;0;0;0;0;0;0;5;0;1;0;0;0;0;0;0;0;34;0;0;0;0;0;0
17064;2016-06;0;15;0;0;0;0;0;0;0;0;24;0;65;0;0;0;0;0;0;0;0;0;0;0;0;0;0;0;0;0;22;0;25;0;0;0;0;0;0;0;56;0;0;0;0;0;0
17065;2016-06;0;8;0;0;0;0;0;0;0;0;26;0;78;0;0;0;0;0;0;0;0;0;1;0;0;0;0;0;0;0;4;0;5;0;0;0;0;0;0;0;107;0;0;0;0;0;0
17066;2016-06;0;1676;0;0;0;0;0;0;0;0;2522;0;3134;0;0;0;0;0;0;0;0;0;214;0;22;0;0;0;0;0;2445;0;2256;0;43;109;0;0;0;0;2516;0;0;0;0;0;0
17067;2016-06;0;14;0;0;0;0;0;0;0;0;61;0;150;0;0;0;0;0;0;0;0;0;7;0;3;0;0;0;0;0;16;0;46;0;2;0;0;0;0;0;160;0;0;0;0;0;0
17068;2016-06;0;10;0;0;0;0;0;0;0;0;14;0;47;0;0;0;0;0;0;0;0;0;4;0;0;0;0;0;0;0;3;0;15;0;1;1;0;0;0;0;60;0;0;0;0;0;0
17069;2016-06;0;12;0;0;0;0;0;0;0;0;30;0;65;0;0;0;0;0;0;0;0;0;3;0;0;0;0;0;0;0;43;0;10;0;0;0;0;0;0;0;88;0;0;0;0;0;0
17070;2016-06;0;7;0;0;0;0;0;0;0;0;3;0;23;0;0;0;0;0;0;0;0;0;1;0;0;0;0;0;0;0;2;0;2;0;0;0;0;0;0;0;36;0;0;0;0;0;0
17071;2016-06;0;23;0;0;0;0;0;0;0;0;98;0;311;0;0;0;0;0;0;0;0;0;10;0;1;0;0;0;0;0;41;0;34;0;2;0;0;0;0;0;244;0;0;0;0;0;0
17073;2016-06;0;99;0;0;0;0;0;0;0;0;120;0;459;0;0;0;0;0;0;0;0;0;23;0;1;0;0;0;0;0;107;0;53;0;3;2;0;0;0;0;474;0;0;0;0;0;0
17074;2016-06;0;32;0;0;0;0;0;0;0;0;69;0;85;0;0;0;0;0;0;0;0;0;5;0;0;0;0;0;0;0;39;0;41;0;0;0;0;0;0;0;62;0;0;0;0;0;0
17075;2016-06;0;13;0;0;0;0;0;0;0;0;29;0;85;0;0;0;0;0;0;0;0;0;2;0;0;0;0;0;0;0;17;0;7;0;1;0;0;0;0;0;50;0;0;0;0;0;0
17076;2016-06;0;3;0;0;0;0;0;0;0;0;9;0;30;0;0;0;0;0;0;0;0;0;2;0;0;0;0;0;0;0;7;0;2;0;2;1;0;0;0;0;25;0;0;0;0;0;0
17077;2016-06;0;35;0;0;0;0;0;0;0;0;62;0;94;0;0;0;0;0;0;0;0;0;6;0;0;0;0;0;0;0;33;0;26;0;0;0;0;0;0;0;111;0;0;0;0;0;0
17078;2016-06;0;14;0;0;0;0;0;0;0;0;12;0;65;0;0;0;0;0;0;0;0;0;1;0;1;0;0;0;0;0;20;0;5;0;0;0;0;0;0;0;96;0;0;0;0;0;0
17079;2016-06;0;3369;0;0;0;0;0;0;0;0;6949;0;10415;0;0;0;0;0;0;0;0;0;699;0;42;0;0;0;0;0;4281;0;5243;0;85;66;0;0;0;0;9208;0;0;0;0;0;0
17080;2016-06;0;7;0;0;0;0;0;0;0;0;11;0;36;0;0;0;0;0;0;0;0;0;1;0;0;0;0;0;0;0;17;0;4;0;0;0;0;0;0;0;19;0;0;0;0;0;0
17081;2016-06;0;5;0;0;0;0;0;0;0;0;25;0;48;0;0;0;0;0;0;0;0;0;1;0;0;0;0;0;0;0;8;0;12;0;0;0;0;0;0;0;61;0;0;0;0;0;0
17082;2016-06;0;29;0;0;0;0;0;0;0;0;39;0;49;0;0;0;0;0;0;0;0;0;3;0;0;0;0;0;0;0;30;0;2;0;1;0;0;0;0;0;98;0;0;0;0;0;0
17083;2016-06;0;126;0;0;0;0;0;0;0;0;479;0;413;0;0;0;0;0;0;0;0;0;24;0;2;0;0;0;0;0;174;0;257;0;0;4;0;0;0;0;381;0;0;0;0;0;0
17084;2016-06;0;8;0;0;0;0;0;0;0;0;14;0;54;0;0;0;0;0;0;0;0;0;0;0;0;0;0;0;0;0;6;0;10;0;0;1;0;0;0;0;46;0;0;0;0;0;0
17085;2016-06;0;4;0;0;0;0;0;0;0;0;23;0;90;0;0;0;0;0;0;0;0;0;5;0;0;0;0;0;0;0;11;0;9;0;0;0;0;0;0;0;67;0;0;0;0;0;0
17086;2016-06;0;113;0;0;0;0;0;0;0;0;183;0;199;0;0;0;0;0;0;0;0;0;15;0;0;0;0;0;0;0;201;0;188;0;3;3;0;0;0;0;146;0;0;0;0;0;0
17087;2016-06;0;4;0;0;0;0;0;0;0;0;25;0;42;0;0;0;0;0;0;0;0;0;2;0;0;0;0;0;0;0;10;0;5;0;0;0;0;0;0;0;59;0;0;0;0;0;0
17088;2016-06;0;7;0;0;0;0;0;0;0;0;53;0;161;0;0;0;0;0;0;0;0;0;2;0;0;0;0;0;0;0;16;0;14;0;1;0;0;0;0;0;108;0;0;0;0;0;0
17089;2016-06;0;213;0;0;0;0;0;0;0;0;583;0;859;0;0;0;0;0;0;0;0;0;64;0;8;0;0;0;0;0;281;0;382;0;4;3;0;0;0;0;907;0;0;0;0;0;0
17090;2016-06;0;20;0;0;0;0;0;0;0;0;43;0;119;0;0;0;0;0;0;0;0;0;1;0;2;0;0;0;0;0;23;0;24;0;1;0;0;0;0;0;131;0;0;0;0;0;0
17091;2016-06;0;10;0;0;0;0;0;0;0;0;29;0;79;0;0;0;0;0;0;0;0;0;0;0;0;0;0;0;0;0;12;0;12;0;0;1;0;0;0;0;105;0;0;0;0;0;0
17092;2016-06;0;202;0;0;0;0;0;0;0;0;351;0;623;0;0;0;0;0;0;0;0;0;39;0;4;0;0;0;0;0;225;0;302;0;9;5;0;0;0;0;445;0;0;0;0;0;0
17093;2016-06;0;40;0;0;0;0;0;0;0;0;86;0;170;0;0;0;0;0;0;0;0;0;1;0;0;0;0;0;0;0;57;0;41;0;3;0;0;0;0;0;156;0;0;0;0;0;0
17094;2016-06;0;53;0;0;0;0;0;0;0;0;81;0;166;0;0;0;0;0;0;0;0;0;5;0;0;0;0;0;0;0;74;0;43;0;0;1;0;0;0;0;173;0;0;0;0;0;0
17095;2016-06;0;1554;0;0;0;0;0;0;0;0;2539;0;1515;0;0;0;0;0;0;0;0;0;235;0;10;0;0;0;0;0;1714;0;2248;0;19;24;0;0;0;0;1481;0;0;0;0;0;0
17096;2016-06;0;2;0;0;0;0;0;0;0;0;22;0;34;0;0;0;0;0;0;0;0;0;1;0;1;0;0;0;0;0;4;0;1;0;1;0;0;0;0;0;38;0;0;0;0;0;0
17097;2016-06;0;8;0;0;0;0;0;0;0;0;17;0;57;0;0;0;0;0;0;0;0;0;2;0;0;0;0;0;0;0;7;0;4;0;0;1;0;0;0;0;49;0;0;0;0;0;0
17098;2016-06;0;16;0;0;0;0;0;0;0;0;38;0;59;0;0;0;0;0;0;0;0;0;2;0;0;0;0;0;0;0;15;0;18;0;1;1;0;0;0;0;36;0;0;0;0;0;0
17099;2016-06;0;4;0;0;0;0;0;0;0;0;9;0;11;0;0;0;0;0;0;0;0;0;0;0;0;0;0;0;0;0;13;0;3;0;0;0;0;0;0;0;16;0;0;0;0;0;0
17100;2016-06;0;8;0;0;0;0;0;0;0;0;11;0;35;0;0;0;0;0;0;0;0;0;0;0;3;0;0;0;0;0;9;0;7;0;0;0;0;0;0;0;55;0;0;0;0;0;0
17101;2016-06;0;18;0;0;0;0;0;0;0;0;90;0;80;0;0;0;0;0;0;0;0;0;10;0;0;0;0;0;0;0;39;0;41;0;0;0;0;0;0;0;58;0;0;0;0;0;0
17102;2016-06;0;12;0;0;0;0;0;0;0;0;47;0;155;0;0;0;0;0;0;0;0;0;3;0;1;0;0;0;0;0;36;0;24;0;1;0;0;0;0;0;115;0;0;0;0;0;0
17103;2016-06;0;291;0;0;0;0;0;0;0;0;782;0;488;0;0;0;0;0;0;0;0;0;62;0;5;0;0;0;0;0;329;0;453;0;10;3;0;0;0;0;402;0;0;0;0;0;0
17105;2016-06;0;8;0;0;0;0;0;0;0;0;31;0;54;0;0;0;0;0;0;0;0;0;3;0;0;0;0;0;0;0;13;0;5;0;0;1;0;0;0;0;31;0;0;0;0;0;0
17106;2016-06;0;2;0;0;0;0;0;0;0;0;8;0;31;0;0;0;0;0;0;0;0;0;2;0;0;0;0;0;0;0;6;0;8;0;1;2;0;0;0;0;42;0;0;0;0;0;0
17107;2016-06;0;4;0;0;0;0;0;0;0;0;15;0;54;0;0;0;0;0;0;0;0;0;1;0;0;0;0;0;0;0;10;0;4;0;0;0;0;0;0;0;69;0;0;0;0;0;0
17109;2016-06;0;10;0;0;0;0;0;0;0;0;75;0;153;0;0;0;0;0;0;0;0;0;7;0;1;0;0;0;0;0;21;0;20;0;1;0;0;0;0;0;130;0;0;0;0;0;0
17110;2016-06;0;96;0;0;0;0;0;0;0;0;134;0;207;0;0;0;0;0;0;0;0;0;8;0;0;0;0;0;0;0;109;0;130;0;4;1;0;0;0;0;161;0;0;0;0;0;0
17111;2016-06;0;37;0;0;0;0;0;0;0;0;95;0;179;0;0;0;0;0;0;0;0;0;2;0;0;0;0;0;0;0;34;0;29;0;0;0;0;0;0;0;203;0;0;0;0;0;0
17112;2016-06;0;3;0;0;0;0;0;0;0;0;16;0;35;0;0;0;0;0;0;0;0;0;0;0;0;0;0;0;0;0;10;0;6;0;1;0;0;0;0;0;52;0;0;0;0;0;0
17114;2016-06;0;624;0;0;0;0;0;0;0;0;2012;0;4207;0;0;0;0;0;0;0;0;0;122;0;20;0;0;0;0;0;1025;0;1676;0;42;12;0;0;0;0;4005;0;0;0;0;0;0
17115;2016-06;0;12;0;0;0;0;0;0;0;0;20;0;75;0;0;0;0;0;0;0;0;0;1;0;0;0;0;0;0;0;17;0;9;0;0;0;0;0;0;0;48;0;0;0;0;0;0
17116;2016-06;0;8;0;0;0;0;0;0;0;0;40;0;77;0;0;0;0;0;0;0;0;0;6;0;0;0;0;0;0;0;11;0;12;0;0;0;0;0;0;0;67;0;0;0;0;0;0
17117;2016-06;0;751;0;0;0;0;0;0;0;0;1493;0;1911;0;0;0;0;0;0;0;0;0;129;0;10;0;0;0;0;0;984;0;1489;0;26;11;0;0;0;0;1573;0;0;0;0;0;0
17118;2016-06;0;705;0;0;0;0;0;0;0;0;1290;0;2026;0;0;0;0;0;0;0;0;0;106;0;8;0;0;0;0;0;775;0;1124;0;11;8;0;0;0;0;1420;0;0;0;0;0;0
17119;2016-06;0;0;0;0;0;0;0;0;0;0;16;0;22;0;0;0;0;0;0;0;0;0;0;0;0;0;0;0;0;0;0;0;4;0;0;0;0;0;0;0;12;0;0;0;0;0;0
17120;2016-06;0;54;0;0;0;0;0;0;0;0;79;0;152;0;0;0;0;0;0;0;0;0;5;0;0;0;0;0;0;0;48;0;30;0;0;1;0;0;0;0;135;0;0;0;0;0;0
17121;2016-06;0;5;0;0;0;0;0;0;0;0;15;0;42;0;0;0;0;0;0;0;0;0;1;0;0;0;0;0;0;0;7;0;8;0;0;0;0;0;0;0;61;0;0;0;0;0;0
17123;2016-06;0;9;0;0;0;0;0;0;0;0;28;0;73;0;0;0;0;0;0;0;0;0;2;0;2;0;0;0;0;0;11;0;6;0;0;0;0;0;0;0;132;0;0;0;0;0;0
17124;2016-06;0;51;0;0;0;0;0;0;0;0;109;0;334;0;0;0;0;0;0;0;0;0;8;0;0;0;0;0;0;0;74;0;131;0;1;0;0;0;0;0;288;0;0;0;0;0;0
17125;2016-06;0;0;0;0;0;0;0;0;0;0;5;0;33;0;0;0;0;0;0;0;0;0;1;0;0;0;0;0;0;0;3;0;1;0;0;0;0;0;0;0;37;0;0;0;0;0;0
17126;2016-06;0;9;0;0;0;0;0;0;0;0;21;0;105;0;0;0;0;0;0;0;0;0;3;0;1;0;0;0;0;0;5;0;3;0;1;0;0;0;0;0;86;0;0;0;0;0;0
17128;2016-06;0;19;0;0;0;0;0;0;0;0;15;0;75;0;0;0;0;0;0;0;0;0;4;0;0;0;0;0;0;0;16;0;19;0;0;0;0;0;0;0;52;0;0;0;0;0;0
17129;2016-06;0;9;0;0;0;0;0;0;0;0;10;0;38;0;0;0;0;0;0;0;0;0;2;0;0;0;0;0;0;0;18;0;8;0;1;0;0;0;0;0;14;0;0;0;0;0;0
17130;2016-06;0;8;0;0;0;0;0;0;0;0;21;0;89;0;0;0;0;0;0;0;0;0;1;0;1;0;0;0;0;0;4;0;2;0;0;0;0;0;0;0;93;0;0;0;0;0;0
17132;2016-06;0;62;0;0;0;0;0;0;0;0;97;0;261;0;0;0;0;0;0;0;0;0;9;0;1;0;0;0;0;0;84;0;56;0;2;0;0;0;0;0;293;0;0;0;0;0;0
17133;2016-06;0;20;0;0;0;0;0;0;0;0;76;0;259;0;0;0;0;0;0;0;0;0;9;0;2;0;0;0;0;0;33;0;33;0;1;1;0;0;0;0;353;0;0;0;0;0;0
17134;2016-06;0;2;0;0;0;0;0;0;0;0;49;0;52;0;0;0;0;0;0;0;0;0;6;0;0;0;0;0;0;0;2;0;5;0;0;0;0;0;0;0;45;0;0;0;0;0;0
17135;2016-06;0;30;0;0;0;0;0;0;0;0;45;0;78;0;0;0;0;0;0;0;0;0;5;0;1;0;0;0;0;0;34;0;21;0;0;0;0;0;0;0;38;0;0;0;0;0;0
17136;2016-06;0;5;0;0;0;0;0;0;0;0;24;0;23;0;0;0;0;0;0;0;0;0;0;0;0;0;0;0;0;0;20;0;8;0;0;0;0;0;0;0;44;0;0;0;0;0;0
17137;2016-06;0;76;0;0;0;0;0;0;0;0;278;0;868;0;0;0;0;0;0;0;0;0;30;0;3;0;0;0;0;0;120;0;159;0;8;7;0;0;0;0;707;0;0;0;0;0;0
17138;2016-06;0;37;0;0;0;0;0;0;0;0;108;0;132;0;0;0;0;0;0;0;0;0;16;0;2;0;0;0;0;0;89;0;142;0;2;1;0;0;0;0;100;0;0;0;0;0;0
17139;2016-06;0;18;0;0;0;0;0;0;0;0;120;0;285;0;0;0;0;0;0;0;0;0;5;0;0;0;0;0;0;0;53;0;81;0;3;1;0;0;0;0;291;0;0;0;0;0;0
17140;2016-06;0;37;0;0;0;0;0;0;0;0;53;0;130;0;0;0;0;0;0;0;0;0;3;0;0;0;0;0;0;0;29;0;44;0;1;0;0;0;0;0;171;0;0;0;0;0;0
17141;2016-06;0;340;0;0;0;0;0;0;0;0;512;0;611;0;0;0;0;0;0;0;0;0;70;0;5;0;0;0;0;0;511;0;427;0;1;5;0;0;0;0;649;0;0;0;0;0;0
17142;2016-06;0;169;0;0;0;0;0;0;0;0;313;0;503;0;0;0;0;0;0;0;0;0;28;0;0;0;0;0;0;0;177;0;173;0;7;0;0;0;0;0;397;0;0;0;0;0;0
17143;2016-06;0;6;0;0;0;0;0;0;0;0;16;0;24;0;0;0;0;0;0;0;0;0;0;0;0;0;0;0;0;0;7;0;5;0;0;0;0;0;0;0;40;0;0;0;0;0;0
17144;2016-06;0;2;0;0;0;0;0;0;0;0;21;0;49;0;0;0;0;0;0;0;0;0;4;0;0;0;0;0;0;0;13;0;7;0;0;1;0;0;0;0;41;0;0;0;0;0;0
17145;2016-06;0;30;0;0;0;0;0;0;0;0;135;0;295;0;0;0;0;0;0;0;0;0;12;0;0;0;0;0;0;0;65;0;77;0;1;2;0;0;0;0;331;0;0;0;0;0;0
17146;2016-06;0;124;0;0;0;0;0;0;0;0;574;0;405;0;0;0;0;0;0;0;0;0;49;0;2;0;0;0;0;0;180;0;241;0;2;5;0;0;0;0;265;0;0;0;0;0;0
17147;2016-06;0;276;0;0;0;0;0;0;0;0;781;0;1291;0;0;0;0;0;0;0;0;0;81;0;9;0;0;0;0;0;448;0;668;0;14;12;0;0;0;0;1301;0;0;0;0;0;0
17148;2016-06;0;94;0;0;0;0;0;0;0;0;160;0;211;0;0;0;0;0;0;0;0;0;25;0;4;0;0;0;0;0;92;0;115;0;5;2;0;0;0;0;260;0;0;0;0;0;0
17149;2016-06;0;5;0;0;0;0;0;0;0;0;40;0;107;0;0;0;0;0;0;0;0;0;2;0;0;0;0;0;0;0;5;0;9;0;0;0;0;0;0;0;80;0;0;0;0;0;0
17150;2016-06;0;45;0;0;0;0;0;0;0;0;121;0;277;0;0;0;0;0;0;0;0;0;16;0;0;0;0;0;0;0;49;0;69;0;0;0;0;0;0;0;368;0;0;0;0;0;0
17151;2016-06;0;3;0;0;0;0;0;0;0;0;12;0;40;0;0;0;0;0;0;0;0;0;1;0;0;0;0;0;0;0;19;0;8;0;0;0;0;0;0;0;24;0;0;0;0;0;0
17152;2016-06;0;865;0;0;0;0;0;0;0;0;1043;0;1030;0;0;0;0;0;0;0;0;0;101;0;4;0;0;0;0;0;1156;0;1012;0;21;9;0;0;0;0;966;0;0;0;0;0;0
17153;2016-06;0;2;0;0;0;0;0;0;0;0;27;0;52;0;0;0;0;0;0;0;0;0;1;0;0;0;0;0;0;0;6;0;6;0;0;1;0;0;0;0;38;0;0;0;0;0;0
17154;2016-06;0;0;0;0;0;0;0;0;0;0;27;0;23;0;0;0;0;0;0;0;0;0;0;0;0;0;0;0;0;0;0;0;10;0;0;0;0;0;0;0;6;0;0;0;0;0;0
17155;2016-06;0;703;0;0;0;0;0;0;0;0;1600;0;1837;0;0;0;0;0;0;0;0;0;166;0;13;0;0;0;0;0;879;0;1552;0;73;25;0;0;0;0;1417;0;0;0;0;0;0
17157;2016-06;0;8;0;0;0;0;0;0;0;0;12;0;27;0;0;0;0;0;0;0;0;0;0;0;0;0;0;0;0;0;0;0;0;0;0;0;0;0;0;0;47;0;0;0;0;0;0
17158;2016-06;0;28;0;0;0;0;0;0;0;0;39;0;73;0;0;0;0;0;0;0;0;0;5;0;1;0;0;0;0;0;41;0;29;0;0;0;0;0;0;0;57;0;0;0;0;0;0
17159;2016-06;0;16;0;0;0;0;0;0;0;0;73;0;114;0;0;0;0;0;0;0;0;0;4;0;2;0;0;0;0;0;41;0;22;0;1;2;0;0;0;0;128;0;0;0;0;0;0
17160;2016-06;0;809;0;0;0;0;0;0;0;0;1921;0;1915;0;0;0;0;0;0;0;0;0;165;0;10;0;0;0;0;0;937;0;1648;0;24;21;0;0;0;0;1614;0;0;0;0;0;0
17161;2016-06;0;21;0;0;0;0;0;0;0;0;85;0;283;0;0;0;0;0;0;0;0;0;5;0;2;0;0;0;0;0;44;0;31;0;0;1;0;0;0;0;239;0;0;0;0;0;0
17162;2016-06;0;1;0;0;0;0;0;0;0;0;23;0;25;0;0;0;0;0;0;0;0;0;0;0;0;0;0;0;0;0;10;0;6;0;0;0;0;0;0;0;20;0;0;0;0;0;0
17163;2016-06;0;74;0;0;0;0;0;0;0;0;241;0;649;0;0;0;0;0;0;0;0;0;24;0;3;0;0;0;0;0;74;0;91;0;3;1;0;0;0;0;577;0;0;0;0;0;0
17164;2016-06;0;81;0;0;0;0;0;0;0;0;307;0;745;0;0;0;0;0;0;0;0;0;20;0;1;0;0;0;0;0;142;0;265;0;6;0;0;0;0;0;772;0;0;0;0;0;0
17165;2016-06;0;14;0;0;0;0;0;0;0;0;49;0;133;0;0;0;0;0;0;0;0;0;7;0;2;0;0;0;0;0;28;0;39;0;0;0;0;0;0;0;160;0;0;0;0;0;0
17166;2016-06;0;3;0;0;0;0;0;0;0;0;52;0;166;0;0;0;0;0;0;0;0;0;2;0;0;0;0;0;0;0;26;0;4;0;0;2;0;0;0;0;111;0;0;0;0;0;0
17167;2016-06;0;54;0;0;0;0;0;0;0;0;215;0;520;0;0;0;0;0;0;0;0;0;17;0;0;0;0;0;0;0;114;0;220;0;1;1;0;0;0;0;570;0;0;0;0;0;0
17168;2016-06;0;10;0;0;0;0;0;0;0;0;29;0;91;0;0;0;0;0;0;0;0;0;2;0;1;0;0;0;0;0;13;0;23;0;2;0;0;0;0;0;87;0;0;0;0;0;0
17169;2016-06;0;159;0;0;0;0;0;0;0;0;272;0;445;0;0;0;0;0;0;0;0;0;24;0;2;0;0;0;0;0;134;0;212;0;2;2;0;0;0;0;338;0;0;0;0;0;0
17170;2016-06;0;1;0;0;0;0;0;0;0;0;10;0;64;0;0;0;0;0;0;0;0;0;1;0;0;0;0;0;0;0;4;0;0;0;1;0;0;0;0;0;41;0;0;0;0;0;0
17171;2016-06;0;3;0;0;0;0;0;0;0;0;21;0;38;0;0;0;0;0;0;0;0;0;1;0;0;0;0;0;0;0;9;0;6;0;0;0;0;0;0;0;36;0;0;0;0;0;0
17172;2016-06;0;4;0;0;0;0;0;0;0;0;69;0;98;0;0;0;0;0;0;0;0;0;8;0;0;0;0;0;0;0;13;0;15;0;1;0;0;0;0;0;89;0;0;0;0;0;0
17173;2016-06;0;5;0;0;0;0;0;0;0;0;17;0;51;0;0;0;0;0;0;0;0;0;0;0;0;0;0;0;0;0;6;0;17;0;0;0;0;0;0;0;35;0;0;0;0;0;0
17174;2016-06;0;3;0;0;0;0;0;0;0;0;12;0;48;0;0;0;0;0;0;0;0;0;0;0;0;0;0;0;0;0;4;0;1;0;0;1;0;0;0;0;26;0;0;0;0;0;0
17175;2016-06;0;26;0;0;0;0;0;0;0;0;54;0;64;0;0;0;0;0;0;0;0;0;6;0;0;0;0;0;0;0;45;0;74;0;3;1;0;0;0;0;34;0;0;0;0;0;0
17176;2016-06;0;15;0;0;0;0;0;0;0;0;10;0;28;0;0;0;0;0;0;0;0;0;2;0;0;0;0;0;0;0;7;0;10;0;0;0;0;0;0;0;19;0;0;0;0;0;0
17177;2016-06;0;12;0;0;0;0;0;0;0;0;37;0;115;0;0;0;0;0;0;0;0;0;2;0;2;0;0;0;0;0;31;0;18;0;0;1;0;0;0;0;112;0;0;0;0;0;0
17178;2016-06;0;35;0;0;0;0;0;0;0;0;82;0;229;0;0;0;0;0;0;0;0;0;12;0;0;0;0;0;0;0;50;0;56;0;0;1;0;0;0;0;178;0;0;0;0;0;0
17180;2016-06;0;267;0;0;0;0;0;0;0;0;744;0;1560;0;0;0;0;0;0;0;0;0;81;0;3;0;0;0;0;0;386;0;477;0;17;5;0;0;0;0;1359;0;0;0;0;0;0
17181;2016-06;0;243;0;0;0;0;0;0;0;0;398;0;500;0;0;0;0;0;0;0;0;0;43;0;2;0;0;0;0;0;258;0;225;0;1;5;0;0;0;0;425;0;0;0;0;0;0
17182;2016-06;0;26;0;0;0;0;0;0;0;0;29;0;15;0;0;0;0;0;0;0;0;0;6;0;0;0;0;0;0;0;37;0;47;0;0;0;0;0;0;0;15;0;0;0;0;0;0
17183;2016-06;0;6;0;0;0;0;0;0;0;0;22;0;59;0;0;0;0;0;0;0;0;0;9;0;0;0;0;0;0;0;12;0;7;0;0;0;0;0;0;0;63;0;0;0;0;0;0
17184;2016-06;0;27;0;0;0;0;0;0;0;0;102;0;283;0;0;0;0;0;0;0;0;0;5;0;0;0;0;0;0;0;37;0;33;0;0;0;0;0;0;0;316;0;0;0;0;0;0
17185;2016-06;0;59;0;0;0;0;0;0;0;0;184;0;381;0;0;0;0;0;0;0;0;0;14;0;1;0;0;0;0;0;75;0;155;0;2;1;0;0;0;0;517;0;0;0;0;0;0
17186;2016-06;0;203;0;0;0;0;0;0;0;0;485;0;700;0;0;0;0;0;0;0;0;0;47;0;0;0;0;0;0;0;180;0;430;0;10;8;0;0;0;0;436;0;0;0;0;0;0
17187;2016-06;0;24;0;0;0;0;0;0;0;0;91;0;160;0;0;0;0;0;0;0;0;0;1;0;0;0;0;0;0;0;16;0;34;0;1;0;0;0;0;0;112;0;0;0;0;0;0
17188;2016-06;0;8;0;0;0;0;0;0;0;0;29;0;34;0;0;0;0;0;0;0;0;0;0;0;1;0;0;0;0;0;3;0;3;0;0;0;0;0;0;0;45;0;0;0;0;0;0
17189;2016-06;0;19;0;0;0;0;0;0;0;0;108;0;425;0;0;0;0;0;0;0;0;0;2;0;0;0;0;0;0;0;25;0;79;0;3;0;0;0;0;0;404;0;0;0;0;0;0
17190;2016-06;0;18;0;0;0;0;0;0;0;0;91;0;193;0;0;0;0;0;0;0;0;0;2;0;0;0;0;0;0;0;34;0;26;0;1;0;0;0;0;0;160;0;0;0;0;0;0
17191;2016-06;0;3;0;0;0;0;0;0;0;0;7;0;28;0;0;0;0;0;0;0;0;0;1;0;0;0;0;0;0;0;2;0;2;0;1;0;0;0;0;0;44;0;0;0;0;0;0
17192;2016-06;0;2;0;0;0;0;0;0;0;0;5;0;17;0;0;0;0;0;0;0;0;0;0;0;0;0;0;0;0;0;9;0;9;0;2;0;0;0;0;0;48;0;0;0;0;0;0
17193;2016-06;0;266;0;0;0;0;0;0;0;0;572;0;538;0;0;0;0;0;0;0;0;0;47;0;3;0;0;0;0;0;282;0;319;0;3;3;0;0;0;0;476;0;0;0;0;0;0
17194;2016-06;0;1;0;0;0;0;0;0;0;0;5;0;27;0;0;0;0;0;0;0;0;0;2;0;0;0;0;0;0;0;1;0;1;0;0;0;0;0;0;0;17;0;0;0;0;0;0
17195;2016-06;0;6;0;0;0;0;0;0;0;0;35;0;103;0;0;0;0;0;0;0;0;0;2;0;0;0;0;0;0;0;8;0;19;0;0;0;0;0;0;0;61;0;0;0;0;0;0
17196;2016-06;0;6;0;0;0;0;0;0;0;0;26;0;55;0;0;0;0;0;0;0;0;0;7;0;0;0;0;0;0;0;17;0;6;0;1;0;0;0;0;0;28;0;0;0;0;0;0
17197;2016-06;0;5;0;0;0;0;0;0;0;0;25;0;29;0;0;0;0;0;0;0;0;0;3;0;0;0;0;0;0;0;6;0;9;0;0;0;0;0;0;0;23;0;0;0;0;0;0
17198;2016-06;0;28;0;0;0;0;0;0;0;0;58;0;77;0;0;0;0;0;0;0;0;0;6;0;0;0;0;0;0;0;12;0;17;0;2;0;0;0;0;0;65;0;0;0;0;0;0
17199;2016-06;0;344;0;0;0;0;0;0;0;0;579;0;1237;0;0;0;0;0;0;0;0;0;68;0;4;0;0;0;0;0;366;0;424;0;14;9;0;0;0;0;1050;0;0;0;0;0;0
17200;2016-06;0;8;0;0;0;0;0;0;0;0;87;0;140;0;0;0;0;0;0;0;0;0;2;0;1;0;0;0;0;0;24;0;41;0;0;0;0;0;0;0;114;0;0;0;0;0;0
17201;2016-06;0;2;0;0;0;0;0;0;0;0;13;0;33;0;0;0;0;0;0;0;0;0;1;0;0;0;0;0;0;0;4;0;1;0;0;1;0;0;0;0;29;0;0;0;0;0;0
17202;2016-06;0;208;0;0;0;0;0;0;0;0;434;0;513;0;0;0;0;0;0;0;0;0;43;0;3;0;0;0;0;0;270;0;310;0;4;2;0;0;0;0;458;0;0;0;0;0;0
17203;2016-06;0;2;0;0;0;0;0;0;0;0;15;0;38;0;0;0;0;0;0;0;0;0;1;0;0;0;0;0;0;0;4;0;6;0;0;0;0;0;0;0;33;0;0;0;0;0;0
17204;2016-06;0;26;0;0;0;0;0;0;0;0;64;0;81;0;0;0;0;0;0;0;0;0;2;0;2;0;0;0;0;0;40;0;47;0;2;0;0;0;0;0;86;0;0;0;0;0;0
17205;2016-06;0;2;0;0;0;0;0;0;0;0;16;0;55;0;0;0;0;0;0;0;0;0;4;0;0;0;0;0;0;0;3;0;6;0;0;0;0;0;0;0;68;0;0;0;0;0;0
17206;2016-06;0;4;0;0;0;0;0;0;0;0;12;0;34;0;0;0;0;0;0;0;0;0;0;0;0;0;0;0;0;0;7;0;3;0;0;2;0;0;0;0;23;0;0;0;0;0;0
17207;2016-06;0;31;0;0;0;0;0;0;0;0;181;0;615;0;0;0;0;0;0;0;0;0;11;0;0;0;0;0;0;0;63;0;60;0;0;0;0;0;0;0;607;0;0;0;0;0;0
17208;2016-06;0;14;0;0;0;0;0;0;0;0;77;0;201;0;0;0;0;0;0;0;0;0;8;0;0;0;0;0;0;0;41;0;31;0;0;1;0;0;0;0;209;0;0;0;0;0;0
17209;2016-06;0;52;0;0;0;0;0;0;0;0;69;0;144;0;0;0;0;0;0;0;0;0;9;0;1;0;0;0;0;0;25;0;35;0;2;3;0;0;0;0;91;0;0;0;0;0;0
17210;2016-06;0;17;0;0;0;0;0;0;0;0;43;0;101;0;0;0;0;0;0;0;0;0;7;0;0;0;0;0;0;0;46;0;19;0;0;0;0;0;0;0;107;0;0;0;0;0;0
17211;2016-06;0;18;0;0;0;0;0;0;0;0;59;0;210;0;0;0;0;0;0;0;0;0;8;0;0;0;0;0;0;0;25;0;31;0;0;1;0;0;0;0;218;0;0;0;0;0;0
17212;2016-06;0;2;0;0;0;0;0;0;0;0;9;0;34;0;0;0;0;0;0;0;0;0;0;0;0;0;0;0;0;0;3;0;2;0;0;1;0;0;0;0;51;0;0;0;0;0;0
17213;2016-06;0;256;0;0;0;0;0;0;0;0;693;0;682;0;0;0;0;0;0;0;0;0;54;0;3;0;0;0;0;0;373;0;371;0;13;6;0;0;0;0;744;0;0;0;0;0;0
17214;2016-06;0;18;0;0;0;0;0;0;0;0;50;0;153;0;0;0;0;0;0;0;0;0;3;0;0;0;0;0;0;0;39;0;26;0;1;0;0;0;0;0;127;0;0;0;0;0;0
17215;2016-06;0;91;0;0;0;0;0;0;0;0;209;0;543;0;0;0;0;0;0;0;0;0;28;0;1;0;0;0;0;0;103;0;158;0;2;3;0;0;0;0;321;0;0;0;0;0;0
17216;2016-06;0;1;0;0;0;0;0;0;0;0;12;0;43;0;0;0;0;0;0;0;0;0;4;0;0;0;0;0;0;0;7;0;3;0;0;0;0;0;0;0;39;0;0;0;0;0;0
17217;2016-06;0;3;0;0;0;0;0;0;0;0;35;0;114;0;0;0;0;0;0;0;0;0;1;0;0;0;0;0;0;0;14;0;13;0;0;2;0;0;0;0;79;0;0;0;0;0;0
17218;2016-06;0;17;0;0;0;0;0;0;0;0;83;0;139;0;0;0;0;0;0;0;0;0;4;0;0;0;0;0;0;0;24;0;11;0;0;0;0;0;0;0;122;0;0;0;0;0;0
17220;2016-06;0;18;0;0;0;0;0;0;0;0;49;0;213;0;0;0;0;0;0;0;0;0;3;0;1;0;0;0;0;0;37;0;26;0;1;0;0;0;0;0;183;0;0;0;0;0;0
17221;2016-06;0;325;0;0;0;0;0;0;0;0;392;0;555;0;0;0;0;0;0;0;0;0;47;0;1;0;0;0;0;0;392;0;399;0;5;6;0;0;0;0;415;0;0;0;0;0;0
17222;2016-06;0;4;0;0;0;0;0;0;0;0;12;0;24;0;0;0;0;0;0;0;0;0;0;0;0;0;0;0;0;0;3;0;3;0;0;0;0;0;0;0;29;0;0;0;0;0;0
17223;2016-06;0;39;0;0;0;0;0;0;0;0;97;0;137;0;0;0;0;0;0;0;0;0;2;0;0;0;0;0;0;0;60;0;58;0;0;1;0;0;0;0;103;0;0;0;0;0;0
17224;2016-06;0;2;0;0;0;0;0;0;0;0;15;0;57;0;0;0;0;0;0;0;0;0;3;0;0;0;0;0;0;0;18;0;12;0;0;0;0;0;0;0;79;0;0;0;0;0;0
17225;2016-06;0;5;0;0;0;0;0;0;0;0;6;0;70;0;0;0;0;0;0;0;0;0;0;0;0;0;0;0;0;0;15;0;3;0;0;0;0;0;0;0;37;0;0;0;0;0;0
17226;2016-06;0;102;0;0;0;0;0;0;0;0;73;0;70;0;0;0;0;0;0;0;0;0;9;0;0;0;0;0;0;0;118;0;69;0;3;1;0;0;0;0;93;0;0;0;0;0;0
17227;2016-06;0;3;0;0;0;0;0;0;0;0;11;0;36;0;0;0;0;0;0;0;0;0;1;0;0;0;0;0;0;0;2;0;6;0;0;0;0;0;0;0;21;0;0;0;0;0;0
17228;2016-06;0;15;0;0;0;0;0;0;0;0;30;0;59;0;0;0;0;0;0;0;0;0;0;0;0;0;0;0;0;0;9;0;15;0;0;0;0;0;0;0;47;0;0;0;0;0;0
17230;2016-06;0;39;0;0;0;0;0;0;0;0;26;0;76;0;0;0;0;0;0;0;0;0;8;0;0;0;0;0;0;0;47;0;42;0;0;0;0;0;0;0;76;0;0;0;0;0;0
17232;2016-06;0;3;0;0;0;0;0;0;0;0;16;0;33;0;0;0;0;0;0;0;0;0;0;0;0;0;0;0;0;0;4;0;5;0;1;0;0;0;0;0;28;0;0;0;0;0;0
17233;2016-06;0;78;0;0;0;0;0;0;0;0;198;0;472;0;0;0;0;0;0;0;0;0;27;0;2;0;0;0;0;0;103;0;104;0;2;1;0;0;0;0;504;0;0;0;0;0;0
17234;2016-06;0;6;0;0;0;0;0;0;0;0;20;0;37;0;0;0;0;0;0;0;0;0;2;0;0;0;0;0;0;0;13;0;16;0;0;0;0;0;0;0;20;0;0;0;0;0;0
17901;2016-06;0;18;0;0;0;0;0;0;0;0;106;0;225;0;0;0;0;0;0;0;0;0;12;0;1;0;0;0;0;0;36;0;50;0;2;0;0;0;0;0;161;0;0;0;0;0;0
17902;2016-06;0;58;0;0;0;0;0;0;0;0;116;0;258;0;0;0;0;0;0;0;0;0;12;0;3;0;0;0;0;0;58;0;63;0;1;0;0;0;0;0;296;0;0;0;0;0;0
17903;2016-06;0;21;0;0;0;0;0;0;0;0;73;0;188;0;0;0;0;0;0;0;0;0;3;0;0;0;0;0;0;0;39;0;43;0;1;1;0;0;0;0;192;0;0;0;0;0;0
18001;2016-06;0;6;0;0;0;0;0;0;0;0;0;0;0;0;0;0;0;0;0;0;0;0;0;0;0;0;0;0;0;7;56;0;92;0;0;1;0;0;0;0;0;0;0;0;0;0;0
18002;2016-06;0;22;0;0;0;0;0;0;0;0;0;0;0;0;0;0;0;0;1;0;0;0;0;0;1;0;0;0;0;20;101;0;247;0;0;0;0;0;0;0;0;0;0;0;0;0;0
18003;2016-06;0;1587;0;0;0;0;0;0;0;0;0;0;0;0;0;0;0;0;4;0;0;0;125;0;11;0;0;0;0;2045;3252;0;2658;0;0;18;0;0;0;0;0;0;0;0;0;16;24
18004;2016-06;0;22;0;0;0;0;0;0;0;0;0;0;0;0;0;0;0;0;0;0;0;0;1;0;1;0;0;0;0;30;242;0;209;0;0;0;0;0;0;0;0;0;0;0;0;1;1
18005;2016-06;0;29;0;0;0;0;0;0;0;0;0;0;0;0;0;0;0;0;0;0;0;0;1;0;1;0;0;0;0;31;37;0;157;0;0;0;0;0;0;0;0;0;0;0;0;0;2
18006;2016-06;0;262;0;0;0;0;0;0;0;0;0;0;0;0;0;0;0;0;0;0;0;0;11;0;5;0;0;0;0;322;1174;0;1068;0;0;4;0;0;0;0;0;0;0;0;0;4;1
18007;2016-06;0;41;0;0;0;0;0;0;0;0;0;0;0;0;0;0;0;0;0;0;0;0;3;0;2;0;0;0;0;29;142;0;287;0;0;0;0;0;0;0;0;0;0;0;0;2;1
18010;2016-06;0;42;0;0;0;0;0;0;0;0;0;0;0;0;0;0;0;0;1;0;0;0;8;0;1;0;0;0;0;87;108;0;172;0;0;1;0;0;0;0;0;0;0;0;0;0;0
18011;2016-06;0;384;0;0;0;0;0;0;0;0;0;0;0;0;0;0;0;0;1;0;0;0;40;0;5;0;0;0;0;556;990;0;1003;0;0;5;0;0;0;0;0;0;0;0;0;6;5
18012;2016-06;0;145;0;0;0;0;0;0;0;0;0;0;0;0;0;0;0;0;0;0;0;0;7;0;4;0;0;0;0;114;697;0;655;0;0;2;0;0;0;0;0;0;0;0;0;2;2
18013;2016-06;0;365;0;0;0;0;0;0;0;0;0;0;0;0;0;0;0;0;2;0;0;0;12;0;6;0;0;0;0;360;1124;0;1091;0;0;5;0;0;0;0;0;0;0;0;0;4;2
18014;2016-06;0;862;0;0;0;0;0;0;0;0;0;0;0;0;0;0;0;0;2;0;0;0;61;0;6;0;0;0;0;804;1589;0;1150;0;0;9;0;0;0;0;0;0;0;0;0;16;9
18015;2016-06;0;18;0;0;0;0;0;0;0;0;0;0;0;0;0;0;0;0;0;0;0;0;0;0;1;0;0;0;0;46;109;0;159;0;0;0;0;0;0;0;0;0;0;0;0;0;0
18016;2016-06;0;13;0;0;0;0;0;0;0;0;0;0;0;0;0;0;0;0;1;0;0;0;0;0;0;0;0;0;0;26;80;0;112;0;0;0;0;0;0;0;0;0;0;0;0;0;1
18017;2016-06;0;1780;0;0;0;0;0;0;0;0;0;0;0;0;0;0;0;0;4;0;0;0;138;0;14;0;0;0;0;1835;4741;0;2847;0;0;19;0;0;0;0;0;0;0;0;0;33;22
18018;2016-06;0;37;0;0;0;0;0;0;0;0;0;0;0;0;0;0;0;0;0;0;0;0;2;0;0;0;0;0;0;61;148;0;215;0;0;0;0;0;0;0;0;0;0;0;0;0;0
18020;2016-06;0;49;0;0;0;0;0;0;0;0;0;0;0;0;0;0;0;0;0;0;0;0;3;0;0;0;0;0;0;80;213;0;334;0;0;1;0;0;0;0;0;0;0;0;0;1;2
18021;2016-06;0;2063;0;0;0;0;0;0;0;0;0;0;0;0;0;0;0;0;2;0;0;0;179;0;16;0;0;0;0;2332;3708;0;3194;0;0;22;0;0;0;0;0;0;0;0;0;26;32
18022;2016-06;0;1362;0;0;0;0;0;0;0;0;0;0;0;0;0;0;0;0;5;0;0;0;117;0;8;0;0;0;0;2047;2114;0;2654;0;0;8;0;0;0;0;0;0;0;0;0;11;14
18023;2016-06;0;1640;0;0;0;0;0;0;0;0;0;0;0;0;0;0;0;0;10;0;0;0;105;0;18;0;0;0;0;1263;4070;0;3545;0;0;9;0;0;0;0;0;0;0;0;0;18;14
18024;2016-06;0;68;0;0;0;0;0;0;0;0;0;0;0;0;0;0;0;0;0;0;0;0;4;0;1;0;0;0;0;119;217;0;236;0;0;1;0;0;0;0;0;0;0;0;0;1;0
18025;2016-06;0;23;0;0;0;0;0;0;0;0;0;0;0;0;0;0;0;0;0;0;0;0;0;0;0;0;0;0;0;21;60;0;115;0;0;0;0;0;0;0;0;0;0;0;0;0;0
18027;2016-06;0;161;0;0;0;0;0;0;0;0;0;0;0;0;0;0;0;0;3;0;0;0;11;0;0;0;0;0;0;387;385;0;734;0;0;5;0;0;0;0;0;0;0;0;0;0;1
18028;2016-06;0;27;0;0;0;0;0;0;0;0;0;0;0;0;0;0;0;0;0;0;0;0;1;0;1;0;0;0;0;77;356;0;292;0;0;1;0;0;0;0;0;0;0;0;0;0;1
18029;2016-06;0;129;0;0;0;0;0;0;0;0;0;0;0;0;0;0;0;0;0;0;0;0;1;0;0;0;0;0;0;116;304;0;625;0;0;1;0;0;0;0;0;0;0;0;0;1;1
18030;2016-06;0;38;0;0;0;0;0;0;0;0;0;0;0;0;0;0;0;0;0;0;0;0;1;0;2;0;0;0;0;47;156;0;158;0;0;0;0;0;0;0;0;0;0;0;0;1;0
18032;2016-06;0;26;0;0;0;0;0;0;0;0;0;0;0;0;0;0;0;0;0;0;0;0;0;0;2;0;0;0;0;36;68;0;40;0;0;0;0;0;0;0;0;0;0;0;0;0;0
18033;2016-06;0;9;0;0;0;0;0;0;0;0;0;0;0;0;0;0;0;0;0;0;0;0;0;0;0;0;0;0;0;18;60;0;107;0;0;0;0;0;0;0;0;0;0;0;0;1;0
18034;2016-06;0;13;0;0;0;0;0;0;0;0;0;0;0;0;0;0;0;0;0;0;0;0;0;0;1;0;0;0;0;115;101;0;132;0;0;0;0;0;0;0;0;0;0;0;0;0;1
18035;2016-06;0;85;0;0;0;0;0;0;0;0;0;0;0;0;0;0;0;0;0;0;0;0;2;0;0;0;0;0;0;103;420;0;371;0;0;0;0;0;0;0;0;0;0;0;0;1;0
18036;2016-06;0;483;0;0;0;0;0;0;0;0;0;0;0;0;0;0;0;0;1;0;0;0;42;0;0;0;0;0;0;510;1145;0;622;0;0;5;0;0;0;0;0;0;0;0;0;6;10
18037;2016-06;0;59;0;0;0;0;0;0;0;0;0;0;0;0;0;0;0;0;0;0;0;0;5;0;0;0;0;0;0;38;160;0;127;0;0;2;0;0;0;0;0;0;0;0;0;2;1
18038;2016-06;0;50;0;0;0;0;0;0;0;0;0;0;0;0;0;0;0;0;0;0;0;0;6;0;5;0;0;0;0;143;219;0;374;0;0;0;0;0;0;0;0;0;0;0;0;1;3
18039;2016-06;0;304;0;0;0;0;0;0;0;0;0;0;0;0;0;0;0;0;0;0;0;0;13;0;1;0;0;0;0;162;798;0;1059;0;0;6;0;0;0;0;0;0;0;0;0;0;2
18040;2016-06;0;10;0;0;0;0;0;0;0;0;0;0;0;0;0;0;0;0;0;0;0;0;1;0;0;0;0;0;0;42;34;0;45;0;0;0;0;0;0;0;0;0;0;0;0;1;0
18042;2016-06;0;56;0;0;0;0;0;0;0;0;0;0;0;0;0;0;0;0;0;0;0;0;0;0;1;0;0;0;0;68;99;0;95;0;0;1;0;0;0;0;0;0;0;0;0;0;0
18043;2016-06;0;5;0;0;0;0;0;0;0;0;0;0;0;0;0;0;0;0;0;0;0;0;2;0;1;0;0;0;0;24;35;0;11;0;0;0;0;0;0;0;0;0;0;0;0;0;0
18044;2016-06;0;10;0;0;0;0;0;0;0;0;0;0;0;0;0;0;0;0;0;0;0;0;0;0;0;0;0;0;0;6;48;0;43;0;0;0;0;0;0;0;0;0;0;0;0;0;0
18045;2016-06;0;54;0;0;0;0;0;0;0;0;0;0;0;0;0;0;0;0;0;0;0;0;3;0;0;0;0;0;0;61;233;0;385;0;0;2;0;0;0;0;0;0;0;0;0;0;0
18046;2016-06;0;122;0;0;0;0;0;0;0;0;0;0;0;0;0;0;0;0;1;0;0;0;7;0;1;0;0;0;0;115;405;0;479;0;0;0;0;0;0;0;0;0;0;0;0;0;4
18047;2016-06;0;612;0;0;0;0;0;0;0;0;0;0;0;0;0;0;0;0;0;0;0;0;65;0;6;0;0;0;0;999;1143;0;975;0;0;11;0;0;0;0;0;0;0;0;0;10;8
18048;2016-06;0;239;0;0;0;0;0;0;0;0;0;0;0;0;0;0;0;0;1;0;0;0;25;0;2;0;0;0;0;338;383;0;660;0;0;2;0;0;0;0;0;0;0;0;0;2;2
18049;2016-06;0;41;0;0;0;0;0;0;0;0;0;0;0;0;0;0;0;0;0;0;0;0;0;0;1;0;0;0;0;63;165;0;178;0;0;0;0;0;0;0;0;0;0;0;0;0;1
18050;2016-06;0;118;0;0;0;0;0;0;0;0;0;0;0;0;0;0;0;0;0;0;0;0;13;0;0;0;0;0;0;214;369;0;425;0;0;3;0;0;0;0;0;0;0;0;0;4;3
18051;2016-06;0;65;0;0;0;0;0;0;0;0;0;0;0;0;0;0;0;0;1;0;0;0;5;0;0;0;0;0;0;63;224;0;444;0;0;0;0;0;0;0;0;0;0;0;0;0;0
18053;2016-06;0;107;0;0;0;0;0;0;0;0;0;0;0;0;0;0;0;0;1;0;0;0;8;0;4;0;0;0;0;106;349;0;489;0;0;4;0;0;0;0;0;0;0;0;0;0;0
18054;2016-06;0;64;0;0;0;0;0;0;0;0;0;0;0;0;0;0;0;0;0;0;0;0;3;0;0;0;0;0;0;79;262;0;187;0;0;1;0;0;0;0;0;0;0;0;0;1;1
18056;2016-06;0;254;0;0;0;0;0;0;0;0;0;0;0;0;0;0;0;0;1;0;0;0;16;0;4;0;0;0;0;457;805;0;1041;0;0;3;0;0;0;0;0;0;0;0;0;3;6
18057;2016-06;0;674;0;0;0;0;0;0;0;0;0;0;0;0;0;0;0;0;0;0;0;0;53;0;4;0;0;0;0;712;1231;0;1056;0;0;14;0;0;0;0;0;0;0;0;0;8;12
18059;2016-06;0;358;0;0;0;0;0;0;0;0;0;0;0;0;0;0;0;0;0;0;0;0;20;0;5;0;0;0;0;639;709;0;1113;0;0;2;0;0;0;0;0;0;0;0;0;1;3
18061;2016-06;0;52;0;0;0;0;0;0;0;0;0;0;0;0;0;0;0;0;0;0;0;0;3;0;0;0;0;0;0;181;321;0;245;0;0;0;0;0;0;0;0;0;0;0;0;1;0
18062;2016-06;0;1249;0;0;0;0;0;0;0;0;0;0;0;0;0;0;0;0;3;0;0;0;104;0;9;0;0;0;0;1263;2389;0;2037;0;0;13;0;0;0;0;0;0;0;0;0;13;18
18063;2016-06;0;58;0;0;0;0;0;0;0;0;0;0;0;0;0;0;0;0;0;0;0;0;0;0;0;0;0;0;0;35;265;0;313;0;0;0;0;0;0;0;0;0;0;0;0;1;1
18064;2016-06;0;21;0;0;0;0;0;0;0;0;0;0;0;0;0;0;0;0;0;0;0;0;0;0;0;0;0;0;0;18;120;0;129;0;0;0;0;0;0;0;0;0;0;0;0;0;0
18065;2016-06;0;36;0;0;0;0;0;0;0;0;0;0;0;0;0;0;0;0;0;0;0;0;5;0;2;0;0;0;0;233;45;0;146;0;0;0;0;0;0;0;0;0;0;0;0;0;0
18066;2016-06;0;104;0;0;0;0;0;0;0;0;0;0;0;0;0;0;0;0;0;0;0;0;3;0;5;0;0;0;0;277;305;0;685;0;0;0;0;0;0;0;0;0;0;0;0;1;0
18067;2016-06;0;36;0;0;0;0;0;0;0;0;0;0;0;0;0;0;0;0;0;0;0;0;1;0;0;0;0;0;0;32;181;0;215;0;0;0;0;0;0;0;0;0;0;0;0;0;1
18068;2016-06;0;161;0;0;0;0;0;0;0;0;0;0;0;0;0;0;0;0;1;0;0;0;10;0;3;0;0;0;0;247;456;0;276;0;0;1;0;0;0;0;0;0;0;0;0;2;3
18069;2016-06;0;24;0;0;0;0;0;0;0;0;0;0;0;0;0;0;0;0;0;0;0;0;0;0;0;0;0;0;0;49;139;0;138;0;0;1;0;0;0;0;0;0;0;0;0;4;2
18070;2016-06;0;34;0;0;0;0;0;0;0;0;0;0;0;0;0;0;0;0;0;0;0;0;0;0;1;0;0;0;0;36;85;0;68;0;0;1;0;0;0;0;0;0;0;0;0;0;1
18071;2016-06;0;580;0;0;0;0;0;0;0;0;0;0;0;0;0;0;0;0;1;0;0;0;44;0;5;0;0;0;0;855;1067;0;1378;0;0;6;0;0;0;0;0;0;0;0;0;7;5
18072;2016-06;0;55;0;0;0;0;0;0;0;0;0;0;0;0;0;0;0;0;0;0;0;0;2;0;1;0;0;0;0;59;114;0;189;0;0;0;0;0;0;0;0;0;0;0;0;0;0
18074;2016-06;0;18;0;0;0;0;0;0;0;0;0;0;0;0;0;0;0;0;0;0;0;0;0;0;0;0;0;0;0;10;76;0;94;0;0;0;0;0;0;0;0;0;0;0;0;0;0
18076;2016-06;0;28;0;0;0;0;0;0;0;0;0;0;0;0;0;0;0;0;0;0;0;0;1;0;0;0;0;0;0;49;108;0;362;0;0;0;0;0;0;0;0;0;0;0;0;0;0
18078;2016-06;0;28;0;0;0;0;0;0;0;0;0;0;0;0;0;0;0;0;0;0;0;0;2;0;1;0;0;0;0;113;152;0;267;0;0;0;0;0;0;0;0;0;0;0;0;0;1
18079;2016-06;0;159;0;0;0;0;0;0;0;0;0;0;0;0;0;0;0;0;0;0;0;0;18;0;13;0;0;0;0;576;369;0;1252;0;0;7;0;0;0;0;0;0;0;0;0;1;0
18082;2016-06;0;70;0;0;0;0;0;0;0;0;0;0;0;0;0;0;0;0;1;0;0;0;2;0;1;0;0;0;0;68;244;0;218;0;0;2;0;0;0;0;0;0;0;0;0;0;0
18083;2016-06;0;15;0;0;0;0;0;0;0;0;0;0;0;0;0;0;0;0;0;0;0;0;0;0;1;0;0;0;0;21;94;0;64;0;0;0;0;0;0;0;0;0;0;0;0;0;1
18084;2016-06;0;481;0;0;0;0;0;0;0;0;0;0;0;0;0;0;0;0;2;0;0;0;33;0;3;0;0;0;0;569;1180;0;753;0;0;2;0;0;0;0;0;0;0;0;0;19;7
18085;2016-06;0;49;0;0;0;0;0;0;0;0;0;0;0;0;0;0;0;0;0;0;0;0;1;0;0;0;0;0;0;40;172;0;234;0;0;0;0;0;0;0;0;0;0;0;0;0;0
18086;2016-06;0;14;0;0;0;0;0;0;0;0;0;0;0;0;0;0;0;0;0;0;0;0;1;0;0;0;0;0;0;35;35;0;187;0;0;0;0;0;0;0;0;0;0;0;0;0;0
18087;2016-06;0;19308;0;0;0;0;0;0;0;0;0;0;0;0;0;0;0;0;58;0;0;0;1505;0;124;0;0;0;0;24004;57523;0;29027;0;0;247;0;0;0;0;0;0;0;0;0;487;379
18088;2016-06;0;44;0;0;0;0;0;0;0;0;0;0;0;0;0;0;0;0;0;0;0;0;3;0;1;0;0;0;0;383;227;0;453;0;0;0;0;0;0;0;0;0;0;0;0;1;0
18089;2016-06;0;1153;0;0;0;0;0;0;0;0;0;0;0;0;0;0;0;0;1;0;0;0;67;0;9;0;0;0;0;1280;4034;0;3451;0;0;11;0;0;0;0;0;0;0;0;0;12;18
18093;2016-06;0;189;0;0;0;0;0;0;0;0;0;0;0;0;0;0;0;0;2;0;0;0;8;0;1;0;0;0;0;187;705;0;669;0;0;2;0;0;0;0;0;0;0;0;0;0;6
18094;2016-06;0;168;0;0;0;0;0;0;0;0;0;0;0;0;0;0;0;0;0;0;0;0;13;0;0;0;0;0;0;200;739;0;577;0;0;1;0;0;0;0;0;0;0;0;0;3;5
18095;2016-06;0;179;0;0;0;0;0;0;0;0;0;0;0;0;0;0;0;0;1;0;0;0;18;0;3;0;0;0;0;267;377;0;566;0;0;3;0;0;0;0;0;0;0;0;0;3;2
18096;2016-06;0;5;0;0;0;0;0;0;0;0;0;0;0;0;0;0;0;0;0;0;0;0;0;0;0;0;0;0;0;12;69;0;134;0;0;1;0;0;0;0;0;0;0;0;0;0;0
18097;2016-06;0;81;0;0;0;0;0;0;0;0;0;0;0;0;0;0;0;0;0;0;0;0;1;0;0;0;0;0;0;92;244;0;261;0;0;0;0;0;0;0;0;0;0;0;0;1;0
18098;2016-06;0;437;0;0;0;0;0;0;0;0;0;0;0;0;0;0;0;0;3;0;0;0;24;0;5;0;0;0;0;453;1516;0;1683;0;0;4;0;0;0;0;0;0;0;0;0;10;5
18099;2016-06;0;155;0;0;0;0;0;0;0;0;0;0;0;0;0;0;0;0;1;0;0;0;8;0;3;0;0;0;0;238;374;0;406;0;0;4;0;0;0;0;0;0;0;0;0;0;3
18100;2016-06;0;565;0;0;0;0;0;0;0;0;0;0;0;0;0;0;0;0;1;0;0;0;46;0;9;0;0;0;0;751;1504;0;2443;0;0;5;0;0;0;0;0;0;0;0;0;16;8
18101;2016-06;0;1128;0;0;0;0;0;0;0;0;0;0;0;0;0;0;0;0;3;0;0;0;100;0;8;0;0;0;0;1370;2274;0;1560;0;0;15;0;0;0;0;0;0;0;0;0;21;22
18102;2016-06;0;509;0;0;0;0;0;0;0;0;0;0;0;0;0;0;0;0;0;0;0;0;48;0;9;0;0;0;0;982;1343;0;2557;0;0;5;0;0;0;0;0;0;0;0;0;3;4
18103;2016-06;0;56;0;0;0;0;0;0;0;0;0;0;0;0;0;0;0;0;0;0;0;0;1;0;0;0;0;0;0;25;211;0;277;0;0;0;0;0;0;0;0;0;0;0;0;1;0
18105;2016-06;0;219;0;0;0;0;0;0;0;0;0;0;0;0;0;0;0;0;1;0;0;0;9;0;4;0;0;0;0;408;562;0;1198;0;0;0;0;0;0;0;0;0;0;0;0;2;0
18106;2016-06;0;28;0;0;0;0;0;0;0;0;0;0;0;0;0;0;0;0;0;0;0;0;1;0;1;0;0;0;0;25;96;0;136;0;0;0;0;0;0;0;0;0;0;0;0;1;2
18107;2016-06;0;36;0;0;0;0;0;0;0;0;0;0;0;0;0;0;0;0;0;0;0;0;3;0;0;0;0;0;0;75;194;0;346;0;0;0;0;0;0;0;0;0;0;0;0;0;0
18108;2016-06;0;81;0;0;0;0;0;0;0;0;0;0;0;0;0;0;0;0;1;0;0;0;8;0;1;0;0;0;0;92;206;0;263;0;0;1;0;0;0;0;0;0;0;0;0;0;0
18109;2016-06;0;37;0;0;0;0;0;0;0;0;0;0;0;0;0;0;0;0;1;0;0;0;4;0;0;0;0;0;0;19;204;0;140;0;0;0;0;0;0;0;0;0;0;0;0;1;0
18111;2016-06;0;303;0;0;0;0;0;0;0;0;0;0;0;0;0;0;0;0;2;0;0;0;21;0;0;0;0;0;0;445;529;0;606;0;0;3;0;0;0;0;0;0;0;0;0;5;4
18112;2016-06;0;9;0;0;0;0;0;0;0;0;0;0;0;0;0;0;0;0;0;0;0;0;0;0;0;0;0;0;0;13;28;0;30;0;0;0;0;0;0;0;0;0;0;0;0;0;0
18114;2016-06;0;22;0;0;0;0;0;0;0;0;0;0;0;0;0;0;0;0;2;0;0;0;1;0;0;0;0;0;0;78;124;0;187;0;0;0;0;0;0;0;0;0;0;0;0;0;0
18115;2016-06;0;189;0;0;0;0;0;0;0;0;0;0;0;0;0;0;0;0;0;0;0;0;8;0;3;0;0;0;0;434;467;0;657;0;0;0;0;0;0;0;0;0;0;0;0;1;5
18116;2016-06;0;205;0;0;0;0;0;0;0;0;0;0;0;0;0;0;0;0;0;0;0;0;12;0;5;0;0;0;0;325;774;0;674;0;0;2;0;0;0;0;0;0;0;0;0;5;3
18117;2016-06;0;20;0;0;0;0;0;0;0;0;0;0;0;0;0;0;0;0;0;0;0;0;1;0;1;0;0;0;0;68;107;0;171;0;0;3;0;0;0;0;0;0;0;0;0;1;0
18119;2016-06;0;171;0;0;0;0;0;0;0;0;0;0;0;0;0;0;0;0;1;0;0;0;5;0;3;0;0;0;0;166;456;0;464;0;0;1;0;0;0;0;0;0;0;0;0;0;3
18120;2016-06;0;12;0;0;0;0;0;0;0;0;0;0;0;0;0;0;0;0;0;0;0;0;1;0;0;0;0;0;0;15;44;0;135;0;0;0;0;0;0;0;0;0;0;0;0;0;0
18121;2016-06;0;15;0;0;0;0;0;0;0;0;0;0;0;0;0;0;0;0;0;0;0;0;0;0;1;0;0;0;0;20;29;0;32;0;0;0;0;0;0;0;0;0;0;0;0;0;0
18122;2016-06;0;1532;0;0;0;0;0;0;0;0;0;0;0;0;0;0;0;0;6;0;0;0;122;0;19;0;0;0;0;1091;3855;0;4191;0;0;14;0;0;0;0;0;0;0;0;0;24;8
18123;2016-06;0;27;0;0;0;0;0;0;0;0;0;0;0;0;0;0;0;0;0;0;0;0;4;0;0;0;0;0;0;17;66;0;107;0;0;0;0;0;0;0;0;0;0;0;0;0;0
18124;2016-06;0;17;0;0;0;0;0;0;0;0;0;0;0;0;0;0;0;0;0;0;0;0;0;0;0;0;0;0;0;15;173;0;69;0;0;0;0;0;0;0;0;0;0;0;0;0;1
18126;2016-06;0;83;0;0;0;0;0;0;0;0;0;0;0;0;0;0;0;0;1;0;0;0;7;0;2;0;0;0;0;394;193;0;375;0;0;2;0;0;0;0;0;0;0;0;0;2;0
18127;2016-06;0;1803;0;0;0;0;0;0;0;0;0;0;0;0;0;0;0;0;3;0;0;0;191;0;22;0;0;0;0;2561;2919;0;3657;0;0;29;0;0;0;0;0;0;0;0;0;31;25
18128;2016-06;0;21;0;0;0;0;0;0;0;0;0;0;0;0;0;0;0;0;0;0;0;0;3;0;0;0;0;0;0;57;111;0;76;0;0;0;0;0;0;0;0;0;0;0;0;0;0
18132;2016-06;0;176;0;0;0;0;0;0;0;0;0;0;0;0;0;0;0;0;0;0;0;0;29;0;11;0;0;0;0;536;439;0;1286;0;0;4;0;0;0;0;0;0;0;0;0;4;0
18133;2016-06;0;95;0;0;0;0;0;0;0;0;0;0;0;0;0;0;0;0;1;0;0;0;5;0;1;0;0;0;0;165;808;0;551;0;0;2;0;0;0;0;0;0;0;0;0;1;1
18134;2016-06;0;575;0;0;0;0;0;0;0;0;0;0;0;0;0;0;0;0;0;0;0;0;46;0;3;0;0;0;0;833;1296;0;983;0;0;5;0;0;0;0;0;0;0;0;0;14;9
18135;2016-06;0;291;0;0;0;0;0;0;0;0;0;0;0;0;0;0;0;0;1;0;0;0;34;0;4;0;0;0;0;310;897;0;1393;0;0;7;0;0;0;0;0;0;0;0;0;4;6
18136;2016-06;0;76;0;0;0;0;0;0;0;0;0;0;0;0;0;0;0;0;0;0;0;0;2;0;9;0;0;0;0;186;325;0;732;0;0;0;0;0;0;0;0;0;0;0;0;2;0
18137;2016-06;0;43;0;0;0;0;0;0;0;0;0;0;0;0;0;0;0;0;0;0;0;0;3;0;0;0;0;0;0;45;380;0;278;0;0;0;0;0;0;0;0;0;0;0;0;2;2
18138;2016-06;0;98;0;0;0;0;0;0;0;0;0;0;0;0;0;0;0;0;2;0;0;0;2;0;5;0;0;0;0;442;360;0;683;0;0;0;0;0;0;0;0;0;0;0;0;1;0
18140;2016-06;0;3536;0;0;0;0;0;0;0;0;0;0;0;0;0;0;0;0;7;0;0;0;307;0;25;0;0;0;0;5569;9429;0;8654;0;0;45;0;0;0;0;0;0;0;0;0;44;44
18141;2016-06;0;17;0;0;0;0;0;0;0;0;0;0;0;0;0;0;0;0;2;0;0;0;0;0;0;0;0;0;0;14;187;0;61;0;0;0;0;0;0;0;0;0;0;0;0;0;1
18143;2016-06;0;61;0;0;0;0;0;0;0;0;0;0;0;0;0;0;0;0;1;0;0;0;7;0;2;0;0;0;0;223;163;0;263;0;0;1;0;0;0;0;0;0;0;0;0;1;3
18144;2016-06;0;87;0;0;0;0;0;0;0;0;0;0;0;0;0;0;0;0;1;0;0;0;3;0;1;0;0;0;0;121;221;0;114;0;0;0;0;0;0;0;0;0;0;0;0;2;4
18145;2016-06;0;1387;0;0;0;0;0;0;0;0;0;0;0;0;0;0;0;0;6;0;0;0;101;0;6;0;0;0;0;1381;2739;0;1750;0;0;11;0;0;0;0;0;0;0;0;0;25;12
18146;2016-06;0;85;0;0;0;0;0;0;0;0;0;0;0;0;0;0;0;0;0;0;0;0;3;0;1;0;0;0;0;55;231;0;297;0;0;3;0;0;0;0;0;0;0;0;0;1;0
18147;2016-06;0;258;0;0;0;0;0;0;0;0;0;0;0;0;0;0;0;0;2;0;0;0;18;0;1;0;0;0;0;486;666;0;847;0;0;2;0;0;0;0;0;0;0;0;0;1;7
18148;2016-06;0;57;0;0;0;0;0;0;0;0;0;0;0;0;0;0;0;0;0;0;0;0;5;0;0;0;0;0;0;66;275;0;226;0;0;0;0;0;0;0;0;0;0;0;0;0;0
18149;2016-06;0;672;0;0;0;0;0;0;0;0;0;0;0;0;0;0;0;0;0;0;0;0;49;0;6;0;0;0;0;600;1585;0;905;0;0;6;0;0;0;0;0;0;0;0;0;6;15
18150;2016-06;0;646;0;0;0;0;0;0;0;0;0;0;0;0;0;0;0;0;2;0;0;0;45;0;7;0;0;0;0;921;1411;0;1603;0;0;7;0;0;0;0;0;0;0;0;0;9;6
18151;2016-06;0;16;0;0;0;0;0;0;0;0;0;0;0;0;0;0;0;0;0;0;0;0;3;0;0;0;0;0;0;30;42;0;76;0;0;0;0;0;0;0;0;0;0;0;0;0;0
18152;2016-06;0;36;0;0;0;0;0;0;0;0;0;0;0;0;0;0;0;0;0;0;0;0;3;0;1;0;0;0;0;55;118;0;488;0;0;2;0;0;0;0;0;0;0;0;0;0;0
18153;2016-06;0;880;0;0;0;0;0;0;0;0;0;0;0;0;0;0;0;0;2;0;0;0;101;0;20;0;0;0;0;1489;1843;0;1555;0;0;8;0;0;0;0;0;0;0;0;0;19;15
18154;2016-06;0;39;0;0;0;0;0;0;0;0;0;0;0;0;0;0;0;0;0;0;0;0;1;0;0;0;0;0;0;40;325;0;251;0;0;1;0;0;0;0;0;0;0;0;0;1;0
18157;2016-06;0;120;0;0;0;0;0;0;0;0;0;0;0;0;0;0;0;0;1;0;0;0;7;0;2;0;0;0;0;157;294;0;214;0;0;2;0;0;0;0;0;0;0;0;0;2;1
18158;2016-06;0;459;0;0;0;0;0;0;0;0;0;0;0;0;0;0;0;0;3;0;0;0;40;0;15;0;0;0;0;1188;1008;0;2277;0;0;3;0;0;0;0;0;0;0;0;0;7;3
18159;2016-06;0;21;0;0;0;0;0;0;0;0;0;0;0;0;0;0;0;0;0;0;0;0;4;0;2;0;0;0;0;325;136;0;305;0;0;0;0;0;0;0;0;0;0;0;0;0;0
18161;2016-06;0;14;0;0;0;0;0;0;0;0;0;0;0;0;0;0;0;0;0;0;0;0;0;0;0;0;0;0;0;21;64;0;70;0;0;1;0;0;0;0;0;0;0;0;0;0;1
18162;2016-06;0;55;0;0;0;0;0;0;0;0;0;0;0;0;0;0;0;0;0;0;0;0;4;0;2;0;0;0;0;68;281;0;271;0;0;3;0;0;0;0;0;0;0;0;0;0;1
18163;2016-06;0;21;0;0;0;0;0;0;0;0;0;0;0;0;0;0;0;0;0;0;0;0;2;0;0;0;0;0;0;30;92;0;85;0;0;0;0;0;0;0;0;0;0;0;0;0;1
18164;2016-06;0;142;0;0;0;0;0;0;0;0;0;0;0;0;0;0;0;0;0;0;0;0;3;0;3;0;0;0;0;107;503;0;360;0;0;0;0;0;0;0;0;0;0;0;0;0;2
18165;2016-06;0;429;0;0;0;0;0;0;0;0;0;0;0;0;0;0;0;0;1;0;0;0;55;0;5;0;0;0;0;568;660;0;1010;0;0;6;0;0;0;0;0;0;0;0;0;3;3
18167;2016-06;0;101;0;0;0;0;0;0;0;0;0;0;0;0;0;0;0;0;1;0;0;0;9;0;1;0;0;0;0;187;399;0;548;0;0;0;0;0;0;0;0;0;0;0;0;0;0
18168;2016-06;0;85;0;0;0;0;0;0;0;0;0;0;0;0;0;0;0;0;0;0;0;0;4;0;0;0;0;0;0;90;178;0;179;0;0;0;0;0;0;0;0;0;0;0;0;0;0
18170;2016-06;0;16;0;0;0;0;0;0;0;0;0;0;0;0;0;0;0;0;0;0;0;0;0;0;0;0;0;0;0;27;59;0;114;0;0;0;0;0;0;0;0;0;0;0;0;1;0
18171;2016-06;0;106;0;0;0;0;0;0;0;0;0;0;0;0;0;0;0;0;0;0;0;0;7;0;3;0;0;0;0;401;367;0;655;0;0;2;0;0;0;0;0;0;0;0;0;0;1
18173;2016-06;0;631;0;0;0;0;0;0;0;0;0;0;0;0;0;0;0;0;1;0;0;0;67;0;6;0;0;0;0;1262;1670;0;2153;0;0;0;0;0;0;0;0;0;0;0;0;9;8
18174;2016-06;0;26;0;0;0;0;0;0;0;0;0;0;0;0;0;0;0;0;0;0;0;0;1;0;0;0;0;0;0;38;124;0;133;0;0;0;0;0;0;0;0;0;0;0;0;0;0
18175;2016-06;0;1121;0;0;0;0;0;0;0;0;0;0;0;0;0;0;0;0;4;0;0;0;65;0;6;0;0;0;0;1222;2690;0;2923;0;0;9;0;0;0;0;0;0;0;0;0;11;10
18176;2016-06;0;10;0;0;0;0;0;0;0;0;0;0;0;0;0;0;0;0;0;0;0;0;1;0;0;0;0;0;0;42;21;0;112;0;0;1;0;0;0;0;0;0;0;0;0;0;0
18177;2016-06;0;10;0;0;0;0;0;0;0;0;0;0;0;0;0;0;0;0;0;0;0;0;2;0;0;0;0;0;0;16;115;0;112;0;0;0;0;0;0;0;0;0;0;0;0;1;0
18178;2016-06;0;22;0;0;0;0;0;0;0;0;0;0;0;0;0;0;0;0;0;0;0;0;1;0;0;0;0;0;0;39;223;0;255;0;0;0;0;0;0;0;0;0;0;0;0;0;0
18179;2016-06;0;23;0;0;0;0;0;0;0;0;0;0;0;0;0;0;0;0;0;0;0;0;0;0;0;0;0;0;0;42;150;0;153;0;0;0;0;0;0;0;0;0;0;0;0;0;0
18180;2016-06;0;55;0;0;0;0;0;0;0;0;0;0;0;0;0;0;0;0;0;0;0;0;2;0;1;0;0;0;0;73;72;0;203;0;0;0;0;0;0;0;0;0;0;0;0;1;0
18181;2016-06;0;6;0;0;0;0;0;0;0;0;0;0;0;0;0;0;0;0;0;0;0;0;2;0;0;0;0;0;0;5;128;0;31;0;0;0;0;0;0;0;0;0;0;0;0;0;0
18182;2016-06;0;137;0;0;0;0;0;0;0;0;0;0;0;0;0;0;0;0;0;0;0;0;5;0;3;0;0;0;0;78;423;0;624;0;0;0;0;0;0;0;0;0;0;0;0;3;11
18183;2016-06;0;39;0;0;0;0;0;0;0;0;0;0;0;0;0;0;0;0;0;0;0;0;2;0;0;0;0;0;0;37;186;0;166;0;0;0;0;0;0;0;0;0;0;0;0;1;0
18184;2016-06;0;110;0;0;0;0;0;0;0;0;0;0;0;0;0;0;0;0;1;0;0;0;12;0;2;0;0;0;0;330;465;0;669;0;0;1;0;0;0;0;0;0;0;0;0;1;3
18185;2016-06;0;48;0;0;0;0;0;0;0;0;0;0;0;0;0;0;0;0;0;0;0;0;3;0;0;0;0;0;0;80;160;0;137;0;0;0;0;0;0;0;0;0;0;0;0;0;2
18187;2016-06;0;24;0;0;0;0;0;0;0;0;0;0;0;0;0;0;0;0;0;0;0;0;3;0;0;0;0;0;0;62;94;0;196;0;0;0;0;0;0;0;0;0;0;0;0;0;0
18188;2016-06;0;108;0;0;0;0;0;0;0;0;0;0;0;0;0;0;0;0;0;0;0;0;6;0;2;0;0;0;0;124;355;0;571;0;0;2;0;0;0;0;0;0;0;0;0;2;0
18189;2016-06;0;73;0;0;0;0;0;0;0;0;0;0;0;0;0;0;0;0;1;0;0;0;7;0;1;0;0;0;0;148;178;0;157;0;0;2;0;0;0;0;0;0;0;0;0;1;2
18192;2016-06;0;103;0;0;0;0;0;0;0;0;0;0;0;0;0;0;0;0;0;0;0;0;3;0;2;0;0;0;0;207;333;0;464;0;0;2;0;0;0;0;0;0;0;0;0;1;2
18193;2016-06;0;1661;0;0;0;0;0;0;0;0;0;0;0;0;0;0;0;0;2;0;0;0;172;0;18;0;0;0;0;2024;3271;0;2531;0;0;17;0;0;0;0;0;0;0;0;0;26;32
18194;2016-06;0;181;0;0;0;0;0;0;0;0;0;0;0;0;0;0;0;0;2;0;0;0;8;0;1;0;0;0;0;200;324;0;712;0;0;0;0;0;0;0;0;0;0;0;0;0;0
18901;2016-06;0;30;0;0;0;0;0;0;0;0;0;0;0;0;0;0;0;0;0;0;0;0;3;0;0;0;0;0;0;85;134;0;100;0;0;0;0;0;0;0;0;0;0;0;0;0;0
18902;2016-06;0;47;0;0;0;0;0;0;0;0;0;0;0;0;0;0;0;0;0;0;0;0;4;0;0;0;0;0;0;84;191;0;288;0;0;1;0;0;0;0;0;0;0;0;0;1;0
18903;2016-06;0;59;0;0;0;0;0;0;0;0;0;0;0;0;0;0;0;0;0;0;0;0;5;0;1;0;0;0;0;44;277;0;267;0;0;0;0;0;0;0;0;0;0;0;0;3;0
18904;2016-06;0;61;0;0;0;0;0;0;0;0;0;0;0;0;0;0;0;0;0;0;0;0;0;0;2;0;0;0;0;79;160;0;253;0;0;1;0;0;0;0;0;0;0;0;0;0;1
18905;2016-06;0;1737;0;0;0;0;0;0;0;0;0;0;0;0;0;0;0;0;3;0;0;0;200;0;14;0;0;0;0;1905;2842;0;2794;0;0;22;0;0;0;0;0;0;0;0;0;36;19
18906;2016-06;0;43;0;0;0;0;0;0;0;0;0;0;0;0;0;0;0;0;1;0;0;0;3;0;0;0;0;0;0;84;293;0;228;0;0;0;0;0;0;0;0;0;0;0;0;0;2
18907;2016-06;0;100;0;0;0;0;0;0;0;0;0;0;0;0;0;0;0;0;1;0;0;0;2;0;1;0;0;0;0;106;548;0;621;0;0;1;0;0;0;0;0;0;0;0;0;1;3
18908;2016-06;0;69;0;0;0;0;0;0;0;0;0;0;0;0;0;0;0;0;0;0;0;0;3;0;3;0;0;0;0;88;171;0;251;0;0;0;0;0;0;0;0;0;0;0;0;0;0
18909;2016-06;0;30;0;0;0;0;0;0;0;0;0;0;0;0;0;0;0;0;0;0;0;0;0;0;0;0;0;0;0;27;172;0;200;0;0;0;0;0;0;0;0;0;0;0;0;0;0
18910;2016-06;0;63;0;0;0;0;0;0;0;0;0;0;0;0;0;0;0;0;0;0;0;0;2;0;1;0;0;0;0;68;199;0;200;0;0;0;0;0;0;0;0;0;0;0;0;0;0
18911;2016-06;0;927;0;0;0;0;0;0;0;0;0;0;0;0;0;0;0;0;3;0;0;0;67;0;6;0;0;0;0;1000;1532;0;1411;0;0;12;0;0;0;0;0;0;0;0;0;14;12
18912;2016-06;0;94;0;0;0;0;0;0;0;0;0;0;0;0;0;0;0;0;0;0;0;0;2;0;1;0;0;0;0;80;252;0;547;0;0;0;0;0;0;0;0;0;0;0;0;0;0
18913;2016-06;0;61;0;0;0;0;0;0;0;0;0;0;0;0;0;0;0;0;0;0;0;0;3;0;0;0;0;0;0;23;332;0;137;0;0;0;0;0;0;0;0;0;0;0;0;0;1
18914;2016-06;0;95;0;0;0;0;0;0;0;0;0;0;0;0;0;0;0;0;1;0;0;0;12;0;5;0;0;0;0;295;245;0;556;0;0;0;0;0;0;0;0;0;0;0;0;1;0
18915;2016-06;0;28;0;0;0;0;0;0;0;0;0;0;0;0;0;0;0;0;0;0;0;0;4;0;2;0;0;0;0;63;130;0;295;0;0;1;0;0;0;0;0;0;0;0;0;0;0
19001;2016-06;0;2;0;0;0;0;0;0;0;0;0;0;0;0;0;0;0;0;0;0;0;0;0;0;0;0;0;0;0;3;34;0;3;0;0;0;0;0;0;0;0;0;0;0;0;0;0
19002;2016-06;0;4;0;0;0;0;0;0;0;0;0;0;0;0;0;0;0;0;0;0;0;0;0;0;0;0;0;0;0;4;24;0;25;0;0;0;0;0;0;0;0;0;0;0;0;0;0
19003;2016-06;0;1;0;0;0;0;0;0;0;0;0;0;0;0;0;0;0;0;0;0;0;0;0;0;0;0;0;0;0;13;5;0;14;0;0;0;0;0;0;0;0;0;0;0;0;0;0
19004;2016-06;0;5;0;0;0;0;0;0;0;0;0;0;0;0;0;0;0;0;0;0;0;0;0;0;0;0;0;0;0;2;41;0;4;0;0;0;0;0;0;0;0;0;0;0;0;0;0
19005;2016-06;0;8;0;0;0;0;0;0;0;0;0;0;0;0;0;0;0;0;0;0;0;0;0;0;0;0;0;0;0;19;24;0;15;0;0;0;0;0;0;0;0;0;0;0;0;0;0
19006;2016-06;0;69;0;0;0;0;0;0;0;0;0;0;0;0;0;0;0;0;0;0;0;0;6;0;0;0;0;0;0;110;205;0;147;0;0;0;0;0;0;0;0;0;0;0;0;0;1
19007;2016-06;0;29;0;0;0;0;0;0;0;0;0;0;0;0;1;0;0;0;0;0;0;0;0;1;0;0;0;0;0;35;170;0;99;0;0;0;0;0;0;0;0;0;0;0;0;0;1
19008;2016-06;0;3;0;0;0;0;0;0;0;0;0;0;0;0;0;0;0;0;0;0;0;0;0;0;0;0;0;0;0;10;8;0;2;0;0;0;0;0;0;0;0;0;0;0;0;1;2
19009;2016-06;0;14;0;0;0;0;0;0;0;0;0;0;0;0;2;0;0;0;0;0;0;0;2;0;0;0;0;0;0;22;86;0;62;0;0;0;0;0;0;0;0;0;0;0;0;0;1
19010;2016-06;0;1;0;0;0;0;0;0;0;0;0;0;0;0;0;0;0;0;0;0;0;0;0;0;0;0;0;0;0;1;2;0;2;0;0;0;0;0;0;0;0;0;0;0;0;0;2
19011;2016-06;0;23;0;0;0;0;0;0;0;0;0;0;0;0;0;0;0;0;0;0;0;0;1;0;0;0;0;0;0;26;66;0;68;0;0;0;0;0;0;0;0;0;0;0;0;0;0
19013;2016-06;0;2;0;0;0;0;0;0;0;0;0;0;0;0;0;0;0;0;0;0;0;0;0;0;0;0;0;0;0;23;30;0;51;0;0;0;0;0;0;0;0;0;0;0;0;1;0
19015;2016-06;0;9;0;0;0;0;0;0;0;0;0;0;0;0;0;0;0;0;0;0;0;0;0;0;0;0;0;0;0;8;28;0;23;0;0;0;0;0;0;0;0;0;0;0;0;0;0
19016;2016-06;0;6;0;0;0;0;0;0;0;0;0;0;0;0;0;0;0;0;0;0;0;0;0;0;0;0;0;0;0;7;17;0;17;0;0;0;0;2;0;0;0;0;0;0;0;0;0
19017;2016-06;0;3;0;0;0;0;0;0;0;0;0;0;0;0;0;0;0;0;0;0;0;0;0;0;0;0;0;0;0;9;30;0;15;0;0;0;0;0;0;0;0;0;0;0;0;0;0
19018;2016-06;0;10;0;0;0;0;0;0;0;0;0;0;0;0;0;0;0;0;0;0;0;0;0;0;0;0;0;0;0;11;74;0;20;0;0;0;0;0;0;0;0;0;0;0;0;0;0
19019;2016-06;0;1;0;0;0;0;0;0;0;0;0;0;0;0;0;0;0;0;0;0;0;0;0;0;0;0;0;0;0;3;10;0;3;0;0;0;0;0;0;0;0;0;0;0;0;0;0
19020;2016-06;0;3;0;0;0;0;0;0;0;0;0;0;0;0;0;0;0;0;0;0;0;0;1;0;0;0;0;0;0;2;20;0;3;0;0;0;0;0;0;0;0;0;0;0;0;0;0
19021;2016-06;0;81;0;0;0;0;0;0;0;0;0;0;0;0;0;0;0;0;0;0;0;0;5;2;0;0;0;0;0;94;339;0;213;0;0;2;0;0;0;0;0;0;0;0;0;0;1
19022;2016-06;0;64;0;0;0;0;0;0;0;0;0;0;0;0;2;0;0;0;0;0;0;0;1;2;0;0;0;0;0;53;266;0;75;0;0;0;0;0;0;0;0;0;0;0;0;0;3
19023;2016-06;0;15;0;0;0;0;0;0;0;0;0;0;0;0;0;0;0;0;0;0;0;0;0;0;0;0;0;0;0;16;43;0;22;0;0;0;0;0;0;0;0;0;0;0;0;0;0
19024;2016-06;0;1199;0;0;0;0;0;0;0;0;0;0;0;0;9;0;0;0;0;0;0;0;92;3;0;0;0;0;0;1230;1817;0;1124;0;0;19;0;0;0;0;0;0;0;0;0;29;13
19027;2016-06;0;7;0;0;0;0;0;0;0;0;0;0;0;0;1;0;0;0;0;0;0;0;0;0;0;0;0;0;0;24;44;0;27;0;0;1;0;0;0;0;0;0;0;0;0;0;0
19031;2016-06;0;0;0;0;0;0;0;0;0;0;0;0;0;0;0;0;0;0;0;0;0;0;0;0;0;0;0;0;0;2;5;0;2;0;0;0;0;0;0;0;0;0;0;0;0;0;0
19032;2016-06;0;7;0;0;0;0;0;0;0;0;0;0;0;0;0;0;0;0;0;0;0;0;0;0;0;0;0;0;0;28;51;0;36;0;0;0;0;0;0;0;0;0;0;0;0;0;1
19033;2016-06;0;3;0;0;0;0;0;0;0;0;0;0;0;0;0;0;0;0;0;0;0;0;0;0;0;0;0;0;0;3;31;0;11;0;0;0;0;0;0;0;0;0;0;0;0;1;0
19034;2016-06;0;2;0;0;0;0;0;0;0;0;0;0;0;0;0;0;0;0;0;0;0;0;0;0;0;0;0;0;0;1;7;0;6;0;0;0;0;0;0;0;0;0;0;0;0;0;0
19036;2016-06;0;23;0;0;0;0;0;0;0;0;0;0;0;0;0;0;0;0;0;0;0;0;0;0;0;0;0;0;0;24;118;0;64;0;0;0;0;0;0;0;0;0;0;0;0;0;0
19037;2016-06;0;9;0;0;0;0;0;0;0;0;0;0;0;0;1;0;0;0;0;0;0;0;0;0;0;0;0;0;0;13;61;0;25;0;0;0;0;0;0;0;0;0;0;0;0;0;4
19038;2016-06;0;5;0;0;0;0;0;0;0;0;0;0;0;0;0;0;0;0;0;0;0;0;0;0;0;0;0;0;0;1;15;0;2;0;0;0;0;0;0;0;0;0;0;0;0;0;0
19039;2016-06;0;2;0;0;0;0;0;0;0;0;0;0;0;0;0;0;0;0;0;0;0;0;0;0;0;0;0;0;0;5;32;0;14;0;0;0;0;0;0;0;0;0;0;0;0;0;0
19040;2016-06;0;4;0;0;0;0;0;0;0;0;0;0;0;0;0;0;0;0;0;0;0;0;0;0;0;0;0;0;0;9;10;0;15;0;0;0;0;0;0;0;0;0;0;0;0;1;0
19041;2016-06;0;21;0;0;0;0;0;0;0;0;0;0;0;0;0;0;0;0;0;0;0;0;1;2;0;0;0;0;0;31;26;0;43;0;0;1;0;0;0;0;0;0;0;0;0;1;0
19042;2016-06;0;3;0;0;0;0;0;0;0;0;0;0;0;0;0;0;0;0;0;0;0;0;0;0;0;0;0;0;0;5;8;0;8;0;0;0;0;0;0;0;0;0;0;0;0;0;0
19043;2016-06;0;5;0;0;0;0;0;0;0;0;0;0;0;0;0;0;0;0;0;0;0;0;0;0;0;0;0;0;0;5;42;0;20;0;0;0;0;0;0;0;0;0;0;0;0;0;0
19044;2016-06;0;17;0;0;0;0;0;0;0;0;0;0;0;0;0;0;0;0;0;0;0;0;0;1;0;0;0;0;0;28;153;0;45;0;0;0;0;0;0;0;0;0;0;0;0;0;0
19045;2016-06;0;8;0;0;0;0;0;0;0;0;0;0;0;0;0;0;0;0;0;0;0;0;0;0;0;0;0;0;0;4;90;0;18;0;0;0;0;0;0;0;0;0;0;0;0;0;0
19046;2016-06;0;2769;0;0;0;0;0;0;0;0;0;0;0;0;38;0;0;0;0;0;0;0;244;16;0;0;0;0;0;3334;4666;0;4186;0;0;38;0;4;0;0;0;0;0;0;0;66;72
19047;2016-06;0;5;0;0;0;0;0;0;0;0;0;0;0;0;0;0;0;0;0;0;0;0;0;0;0;0;0;0;0;19;20;0;11;0;0;0;0;0;0;0;0;0;0;0;0;0;0
19048;2016-06;0;1;0;0;0;0;0;0;0;0;0;0;0;0;0;0;0;0;0;0;0;0;0;0;0;0;0;0;0;4;9;0;0;0;0;0;0;0;0;0;0;0;0;0;0;0;0
19049;2016-06;0;2;0;0;0;0;0;0;0;0;0;0;0;0;0;0;0;0;0;0;0;0;0;0;0;0;0;0;0;0;2;0;5;0;0;0;0;0;0;0;0;0;0;0;0;0;0
19050;2016-06;0;1;0;0;0;0;0;0;0;0;0;0;0;0;0;0;0;0;0;0;0;0;0;0;0;0;0;0;0;2;4;0;8;0;0;0;0;0;0;0;0;0;0;0;0;0;0
19051;2016-06;0;1;0;0;0;0;0;0;0;0;0;0;0;0;0;0;0;0;0;0;0;0;0;0;0;0;0;0;0;6;37;0;19;0;0;0;0;0;0;0;0;0;0;0;0;0;0
19052;2016-06;0;3;0;0;0;0;0;0;0;0;0;0;0;0;0;0;0;0;0;0;0;0;0;1;0;0;0;0;0;0;5;0;11;0;0;0;0;0;0;0;0;0;0;0;0;0;0
19053;2016-06;0;126;0;0;0;0;0;0;0;0;0;0;0;0;0;0;0;0;0;0;0;0;6;0;0;0;0;0;0;207;675;0;371;0;0;1;0;1;0;0;0;0;0;0;0;2;5
19054;2016-06;0;16;0;0;0;0;0;0;0;0;0;0;0;0;0;0;0;0;0;0;0;0;1;1;0;0;0;0;0;8;93;0;44;0;0;0;0;0;0;0;0;0;0;0;0;0;0
19055;2016-06;0;2;0;0;0;0;0;0;0;0;0;0;0;0;0;0;0;0;0;0;0;0;0;0;0;0;0;0;0;6;23;0;8;0;0;0;0;0;0;0;0;0;0;0;0;0;1
19057;2016-06;0;0;0;0;0;0;0;0;0;0;0;0;0;0;0;0;0;0;0;0;0;0;0;0;0;0;0;0;0;27;12;0;17;0;0;1;0;0;0;0;0;0;0;0;0;1;0
19058;2016-06;0;1123;0;0;0;0;0;0;0;0;0;0;0;0;5;0;0;0;0;0;0;0;66;2;0;0;0;0;0;1089;1814;0;1050;0;0;7;0;1;0;0;0;0;0;0;0;14;28
19059;2016-06;0;9;0;0;0;0;0;0;0;0;0;0;0;0;1;0;0;0;0;0;0;0;0;1;0;0;0;0;0;0;34;0;12;0;0;0;0;0;0;0;0;0;0;0;0;0;0
19060;2016-06;0;13;0;0;0;0;0;0;0;0;0;0;0;0;0;0;0;0;0;0;0;0;4;0;0;0;0;0;0;58;22;0;19;0;0;0;0;0;0;0;0;0;0;0;0;1;0
19061;2016-06;0;4;0;0;0;0;0;0;0;0;0;0;0;0;0;0;0;0;0;0;0;0;0;0;0;0;0;0;0;6;23;0;9;0;0;0;0;0;0;0;0;0;0;0;0;0;0
19064;2016-06;0;6;0;0;0;0;0;0;0;0;0;0;0;0;0;0;0;0;0;0;0;0;0;0;0;0;0;0;0;5;39;0;12;0;0;0;0;0;0;0;0;0;0;0;0;0;0
19065;2016-06;0;7;0;0;0;0;0;0;0;0;0;0;0;0;0;0;0;0;0;0;0;0;1;0;0;0;0;0;0;21;42;0;30;0;0;0;0;0;0;0;0;0;0;0;0;0;0
19066;2016-06;0;6;0;0;0;0;0;0;0;0;0;0;0;0;0;0;0;0;0;0;0;0;2;0;0;0;0;0;0;7;31;0;2;0;0;0;0;0;0;0;0;0;0;0;0;0;0
19067;2016-06;0;3;0;0;0;0;0;0;0;0;0;0;0;0;0;0;0;0;0;0;0;0;0;0;0;0;0;0;0;14;16;0;17;0;0;0;0;0;0;0;0;0;0;0;0;0;0
19070;2016-06;0;2;0;0;0;0;0;0;0;0;0;0;0;0;0;0;0;0;0;0;0;0;0;0;0;0;0;0;0;6;32;0;13;0;0;0;0;0;0;0;0;0;0;0;0;0;0
19071;2016-06;0;1235;0;0;0;0;0;0;0;0;0;0;0;0;12;0;0;0;0;0;0;0;73;3;0;0;0;0;0;1051;2128;0;883;0;0;11;0;1;0;0;0;0;0;0;0;13;34
19073;2016-06;0;3;0;0;0;0;0;0;0;0;0;0;0;0;0;0;0;0;0;0;0;0;0;0;0;0;0;0;0;3;7;0;6;0;0;0;0;0;0;0;0;0;0;0;0;0;0
19074;2016-06;0;11;0;0;0;0;0;0;0;0;0;0;0;0;0;0;0;0;0;0;0;0;0;0;0;0;0;0;0;29;10;0;12;0;0;0;0;0;0;0;0;0;0;0;0;0;0
19075;2016-06;0;5;0;0;0;0;0;0;0;0;0;0;0;0;0;0;0;0;0;0;0;0;0;0;0;0;0;0;0;2;25;0;5;0;0;0;0;2;0;0;0;0;0;0;0;0;0
19076;2016-06;0;0;0;0;0;0;0;0;0;0;0;0;0;0;0;0;0;0;0;0;0;0;0;0;0;0;0;0;0;0;16;0;3;0;0;0;0;0;0;0;0;0;0;0;0;0;0
19078;2016-06;0;1;0;0;0;0;0;0;0;0;0;0;0;0;0;0;0;0;0;0;0;0;0;0;0;0;0;0;0;10;5;0;27;0;0;0;0;0;0;0;0;0;0;0;0;0;0
19079;2016-06;0;0;0;0;0;0;0;0;0;0;0;0;0;0;0;0;0;0;0;0;0;0;0;0;0;0;0;0;0;0;7;0;0;0;0;0;0;0;0;0;0;0;0;0;0;0;0
19080;2016-06;0;1;0;0;0;0;0;0;0;0;0;0;0;0;1;0;0;0;0;0;0;0;0;0;0;0;0;0;0;6;25;0;8;0;0;0;0;0;0;0;0;0;0;0;0;0;0
19081;2016-06;0;0;0;0;0;0;0;0;0;0;0;0;0;0;0;0;0;0;0;0;0;0;0;0;0;0;0;0;0;0;17;0;4;0;0;0;0;0;0;0;0;0;0;0;0;0;0
19082;2016-06;0;11;0;0;0;0;0;0;0;0;0;0;0;0;1;0;0;0;0;0;0;0;0;0;0;0;0;0;0;16;16;0;20;0;0;0;0;0;0;0;0;0;0;0;0;0;0
19086;2016-06;0;94;0;0;0;0;0;0;0;0;0;0;0;0;0;0;0;0;0;0;0;0;5;2;0;0;0;0;0;150;486;0;366;0;0;0;0;0;0;0;0;0;0;0;0;1;0
19087;2016-06;0;1;0;0;0;0;0;0;0;0;0;0;0;0;0;0;0;0;0;0;0;0;0;0;0;0;0;0;0;1;9;0;7;0;0;0;0;0;0;0;0;0;0;0;0;0;0
19088;2016-06;0;6;0;0;0;0;0;0;0;0;0;0;0;0;0;0;0;0;0;0;0;0;0;0;0;0;0;0;0;7;36;0;12;0;0;0;0;0;0;0;0;0;0;0;0;0;0
19089;2016-06;0;1;0;0;0;0;0;0;0;0;0;0;0;0;0;0;0;0;0;0;0;0;0;0;0;0;0;0;0;2;4;0;15;0;0;0;0;0;0;0;0;0;0;0;0;0;0
19090;2016-06;0;1;0;0;0;0;0;0;0;0;0;0;0;0;0;0;0;0;0;0;0;0;0;0;0;0;0;0;0;16;31;0;24;0;0;0;0;0;0;0;0;0;0;0;0;0;0
19091;2016-06;0;2;0;0;0;0;0;0;0;0;0;0;0;0;0;0;0;0;0;0;0;0;0;0;0;0;0;0;0;0;12;0;6;0;0;0;0;0;0;0;0;0;0;0;0;0;0
19092;2016-06;0;47;0;0;0;0;0;0;0;0;0;0;0;0;0;0;0;0;0;0;0;0;0;0;0;0;0;0;0;39;138;0;74;0;0;0;0;0;0;0;0;0;0;0;0;0;1
19095;2016-06;0;0;0;0;0;0;0;0;0;0;0;0;0;0;0;0;0;0;0;0;0;0;0;1;0;0;0;0;0;0;7;0;1;0;0;0;0;0;0;0;0;0;0;0;0;0;0
19096;2016-06;0;6;0;0;0;0;0;0;0;0;0;0;0;0;0;0;0;0;0;0;0;0;0;0;0;0;0;0;0;15;33;0;14;0;0;0;0;0;0;0;0;0;0;0;0;0;1
19097;2016-06;0;0;0;0;0;0;0;0;0;0;0;0;0;0;0;0;0;0;0;0;0;0;0;0;0;0;0;0;0;0;10;0;0;0;0;0;0;0;0;0;0;0;0;0;0;0;0
19098;2016-06;0;2;0;0;0;0;0;0;0;0;0;0;0;0;0;0;0;0;0;0;0;0;0;0;0;0;0;0;0;3;5;0;7;0;0;0;0;0;0;0;0;0;0;0;0;0;0
19099;2016-06;0;9;0;0;0;0;0;0;0;0;0;0;0;0;0;0;0;0;0;0;0;0;0;0;0;0;0;0;0;44;78;0;61;0;0;0;0;0;0;0;0;0;0;0;0;0;1
19102;2016-06;0;5;0;0;0;0;0;0;0;0;0;0;0;0;0;0;0;0;0;0;0;0;1;0;0;0;0;0;0;8;41;0;23;0;0;0;0;0;0;0;0;0;0;0;0;0;0
19103;2016-06;0;23;0;0;0;0;0;0;0;0;0;0;0;0;0;0;0;0;0;0;0;0;0;0;0;0;0;0;0;19;91;0;73;0;0;0;0;0;0;0;0;0;0;0;0;0;0
19104;2016-06;0;0;0;0;0;0;0;0;0;0;0;0;0;0;0;0;0;0;0;0;0;0;0;0;0;0;0;0;0;0;6;0;5;0;0;0;0;0;0;0;0;0;0;0;0;0;0
19105;2016-06;0;354;0;0;0;0;0;0;0;0;0;0;0;0;1;0;0;0;0;0;0;0;16;0;0;0;0;0;0;349;668;0;324;0;0;2;0;0;0;0;0;0;0;0;0;8;9
19106;2016-06;0;8;0;0;0;0;0;0;0;0;0;0;0;0;0;0;0;0;0;0;0;0;0;0;0;0;0;0;0;7;25;0;19;0;0;0;0;0;0;0;0;0;0;0;0;0;0
19107;2016-06;0;18;0;0;0;0;0;0;0;0;0;0;0;0;1;0;0;0;0;0;0;0;1;0;0;0;0;0;0;16;120;0;80;0;0;0;0;0;0;0;0;0;0;0;0;0;1
19108;2016-06;0;17;0;0;0;0;0;0;0;0;0;0;0;0;0;0;0;0;0;0;0;0;2;0;0;0;0;0;0;20;36;0;19;0;0;1;0;0;0;0;0;0;0;0;0;0;1
19109;2016-06;0;4;0;0;0;0;0;0;0;0;0;0;0;0;0;0;0;0;0;0;0;0;0;0;0;0;0;0;0;1;26;0;1;0;0;0;0;0;0;0;0;0;0;0;0;0;0
19110;2016-06;0;5;0;0;0;0;0;0;0;0;0;0;0;0;0;0;0;0;0;0;0;0;0;1;0;0;0;0;0;3;32;0;9;0;0;0;0;0;0;0;0;0;0;0;0;0;0
19111;2016-06;0;4;0;0;0;0;0;0;0;0;0;0;0;0;0;0;0;0;0;0;0;0;1;0;0;0;0;0;0;13;74;0;30;0;0;0;0;1;0;0;0;0;0;0;0;2;0
19112;2016-06;0;6;0;0;0;0;0;0;0;0;0;0;0;0;1;0;0;0;0;0;0;0;0;0;0;0;0;0;0;6;29;0;4;0;0;0;0;0;0;0;0;0;0;0;0;0;0
19113;2016-06;0;30;0;0;0;0;0;0;0;0;0;0;0;0;0;0;0;0;0;0;0;0;1;0;0;0;0;0;0;46;143;0;139;0;0;0;0;0;0;0;0;0;0;0;0;0;4
19114;2016-06;0;1;0;0;0;0;0;0;0;0;0;0;0;0;0;0;0;0;0;0;0;0;0;0;0;0;0;0;0;2;11;0;12;0;0;0;0;0;0;0;0;0;0;0;0;0;0
19115;2016-06;0;5;0;0;0;0;0;0;0;0;0;0;0;0;0;0;0;0;0;0;0;0;0;0;0;0;0;0;0;0;11;0;2;0;0;0;0;0;0;0;0;0;0;0;0;0;0
19116;2016-06;0;1;0;0;0;0;0;0;0;0;0;0;0;0;0;0;0;0;0;0;0;0;0;0;0;0;0;0;0;3;5;0;0;0;0;0;0;0;0;0;0;0;0;0;0;0;0
19117;2016-06;0;188;0;0;0;0;0;0;0;0;0;0;0;0;2;0;0;0;0;0;0;0;7;0;0;0;0;0;0;267;319;0;327;0;0;2;0;0;0;0;0;0;0;0;0;3;0
19118;2016-06;0;1;0;0;0;0;0;0;0;0;0;0;0;0;0;0;0;0;0;0;0;0;0;0;0;0;0;0;0;2;0;0;6;0;0;0;0;0;0;0;0;0;0;0;0;0;0
19119;2016-06;0;10;0;0;0;0;0;0;0;0;0;0;0;0;0;0;0;0;0;0;0;0;1;0;0;0;0;0;0;10;33;0;15;0;0;0;0;0;0;0;0;0;0;0;0;1;0
19120;2016-06;0;6;0;0;0;0;0;0;0;0;0;0;0;0;0;0;0;0;0;0;0;0;0;0;0;0;0;0;0;17;50;0;14;0;0;0;0;0;0;0;0;0;0;0;0;0;0
19121;2016-06;0;13;0;0;0;0;0;0;0;0;0;0;0;0;1;0;0;0;0;0;0;0;0;0;0;0;0;0;0;17;83;0;77;0;0;0;0;0;0;0;0;0;0;0;0;0;2
19122;2016-06;0;4;0;0;0;0;0;0;0;0;0;0;0;0;1;0;0;0;0;0;0;0;0;1;0;0;0;0;0;14;30;0;17;0;0;0;0;0;0;0;0;0;0;0;0;0;0
19123;2016-06;0;6;0;0;0;0;0;0;0;0;0;0;0;0;0;0;0;0;0;0;0;0;0;0;0;0;0;0;0;4;15;0;5;0;0;0;0;0;0;0;0;0;0;0;0;0;0
19124;2016-06;0;25;0;0;0;0;0;0;0;0;0;0;0;0;1;0;0;0;0;0;0;0;2;0;0;0;0;0;0;48;106;0;73;0;0;2;0;0;0;0;0;0;0;0;0;0;0
19125;2016-06;0;5;0;0;0;0;0;0;0;0;0;0;0;0;0;0;0;0;0;0;0;0;0;0;0;0;0;0;0;5;17;0;4;0;0;0;0;0;0;0;0;0;0;0;0;1;0
19126;2016-06;0;237;0;0;0;0;0;0;0;0;0;0;0;0;1;0;0;0;0;0;0;0;24;0;0;0;0;0;0;238;430;0;185;0;0;3;0;0;0;0;0;0;0;0;0;0;5
19127;2016-06;0;2;0;0;0;0;0;0;0;0;0;0;0;0;0;0;0;0;0;0;0;0;1;0;0;0;0;0;0;3;46;0;12;0;0;0;0;0;0;0;0;0;0;0;0;0;0
19129;2016-06;0;3;0;0;0;0;0;0;0;0;0;0;0;0;0;0;0;0;0;0;0;0;0;0;0;0;0;0;0;3;17;0;3;0;0;0;0;0;0;0;0;0;0;0;0;0;0
19130;2016-06;0;7724;0;0;0;0;0;0;0;0;0;0;0;0;53;0;0;0;0;0;0;0;363;27;0;0;0;0;0;7465;18871;0;9852;0;0;82;0;18;0;0;0;0;0;0;0;134;210
19132;2016-06;0;15;0;0;0;0;0;0;0;0;0;0;0;0;0;0;0;0;0;0;0;0;0;0;0;0;0;0;0;4;46;0;16;0;0;0;0;0;0;0;0;0;0;0;0;0;0
19133;2016-06;0;4;0;0;0;0;0;0;0;0;0;0;0;0;0;0;0;0;0;0;0;0;0;0;0;0;0;0;0;3;26;0;39;0;0;0;0;0;0;0;0;0;0;0;0;0;0
19134;2016-06;0;3;0;0;0;0;0;0;0;0;0;0;0;0;0;0;0;0;0;0;0;0;0;0;0;0;0;0;0;3;5;0;4;0;0;0;0;0;0;0;0;0;0;0;0;0;0
19135;2016-06;0;6;0;0;0;0;0;0;0;0;0;0;0;0;0;0;0;0;0;0;0;0;1;0;0;0;0;0;0;4;53;0;23;0;0;0;0;0;0;0;0;0;0;0;0;0;0
19136;2016-06;0;1;0;0;0;0;0;0;0;0;0;0;0;0;0;0;0;0;0;0;0;0;0;0;0;0;0;0;0;1;4;0;8;0;0;0;0;0;0;0;0;0;0;0;0;0;0
19138;2016-06;0;17;0;0;0;0;0;0;0;0;0;0;0;0;0;0;0;0;0;0;0;0;0;2;0;0;0;0;0;45;70;0;65;0;0;0;0;0;0;0;0;0;0;0;0;0;0
19139;2016-06;0;2;0;0;0;0;0;0;0;0;0;0;0;0;0;0;0;0;0;0;0;0;0;0;0;0;0;0;0;3;8;0;5;0;0;0;0;0;0;0;0;0;0;0;0;0;0
19142;2016-06;0;14;0;0;0;0;0;0;0;0;0;0;0;0;0;0;0;0;0;0;0;0;6;0;0;0;0;0;0;43;45;0;69;0;0;0;0;0;0;0;0;0;0;0;0;0;0
19143;2016-06;0;189;0;0;0;0;0;0;0;0;0;0;0;0;1;0;0;0;0;0;0;0;10;0;0;0;0;0;0;165;584;0;329;0;0;0;0;1;0;0;0;0;0;0;0;5;1
19145;2016-06;0;5;0;0;0;0;0;0;0;0;0;0;0;0;0;0;0;0;0;0;0;0;0;0;0;0;0;0;0;3;31;0;1;0;0;0;0;0;0;0;0;0;0;0;0;0;0
19146;2016-06;0;2;0;0;0;0;0;0;0;0;0;0;0;0;0;0;0;0;0;0;0;0;0;0;0;0;0;0;0;11;8;0;11;0;0;0;0;0;0;0;0;0;0;0;0;0;0
19147;2016-06;0;1;0;0;0;0;0;0;0;0;0;0;0;0;0;0;0;0;0;0;0;0;0;0;0;0;0;0;0;9;11;0;12;0;0;0;0;0;0;0;0;0;0;0;0;0;0
19148;2016-06;0;8;0;0;0;0;0;0;0;0;0;0;0;0;1;0;0;0;0;0;0;0;0;0;0;0;0;0;0;4;14;0;4;0;0;0;0;0;0;0;0;0;0;0;0;0;0
19150;2016-06;0;8;0;0;0;0;0;0;0;0;0;0;0;0;0;0;0;0;0;0;0;0;0;0;0;0;0;0;0;10;53;0;27;0;0;0;0;0;0;0;0;0;0;0;0;0;0
19151;2016-06;0;105;0;0;0;0;0;0;0;0;0;0;0;0;0;0;0;0;0;0;0;0;6;2;0;0;0;0;0;137;299;0;174;0;0;0;0;0;0;0;0;0;0;0;0;1;1
19152;2016-06;0;24;0;0;0;0;0;0;0;0;0;0;0;0;1;0;0;0;0;0;0;0;0;2;0;0;0;0;0;66;166;0;117;0;0;0;0;0;0;0;0;0;0;0;0;2;3
19153;2016-06;0;0;0;0;0;0;0;0;0;0;0;0;0;0;0;0;0;0;0;0;0;0;0;0;0;0;0;0;0;7;1;0;9;0;0;0;0;0;0;0;0;0;0;0;0;0;0
19154;2016-06;0;2;0;0;0;0;0;0;0;0;0;0;0;0;0;0;0;0;0;0;0;0;0;0;0;0;0;0;0;3;45;0;4;0;0;0;0;0;0;0;0;0;0;0;0;0;0
19155;2016-06;0;11;0;0;0;0;0;0;0;0;0;0;0;0;0;0;0;0;0;0;0;0;0;0;0;0;0;0;0;7;20;0;16;0;0;0;0;0;0;0;0;0;0;0;0;2;0
19156;2016-06;0;75;0;0;0;0;0;0;0;0;0;0;0;0;1;0;0;0;0;0;0;0;3;1;0;0;0;0;0;73;363;0;174;0;0;2;0;0;0;0;0;0;0;0;0;1;2
19157;2016-06;0;5;0;0;0;0;0;0;0;0;0;0;0;0;0;0;0;0;0;0;0;0;0;0;0;0;0;0;0;8;20;0;12;0;0;0;0;0;0;0;0;0;0;0;0;1;0
19159;2016-06;0;5;0;0;0;0;0;0;0;0;0;0;0;0;0;0;0;0;0;0;0;0;0;1;0;0;0;0;0;11;51;0;9;0;0;0;0;0;0;0;0;0;0;0;0;0;0
19160;2016-06;0;71;0;0;0;0;0;0;0;0;0;0;0;0;1;0;0;0;0;0;0;0;13;0;0;0;0;0;0;138;219;0;104;0;0;2;0;0;0;0;0;0;0;0;0;0;2
19161;2016-06;0;17;0;0;0;0;0;0;0;0;0;0;0;0;1;0;0;0;0;0;0;0;2;0;0;0;0;0;0;24;58;0;52;0;0;1;0;0;0;0;0;0;0;0;0;0;1
19162;2016-06;0;7;0;0;0;0;0;0;0;0;0;0;0;0;0;0;0;0;0;0;0;0;1;0;0;0;0;0;0;8;15;0;16;0;0;0;0;0;0;0;0;0;0;0;0;0;0
19163;2016-06;0;3;0;0;0;0;0;0;0;0;0;0;0;0;0;0;0;0;0;0;0;0;0;0;0;0;0;0;0;14;17;0;6;0;0;0;0;0;0;0;0;0;0;0;0;0;0
19165;2016-06;0;1;0;0;0;0;0;0;0;0;0;0;0;0;0;0;0;0;0;0;0;0;0;0;0;0;0;0;0;12;13;0;15;0;0;0;0;0;0;0;0;0;0;0;0;0;0
19166;2016-06;0;14;0;0;0;0;0;0;0;0;0;0;0;0;0;0;0;0;0;0;0;0;0;0;0;0;0;0;0;26;56;0;20;0;0;0;0;0;0;0;0;0;0;0;0;1;1
19167;2016-06;0;14;0;0;0;0;0;0;0;0;0;0;0;0;1;0;0;0;0;0;0;0;1;0;0;0;0;0;0;10;59;0;14;0;0;0;0;0;0;0;0;0;0;0;0;0;0
19168;2016-06;0;20;0;0;0;0;0;0;0;0;0;0;0;0;0;0;0;0;0;0;0;0;1;1;0;0;0;0;0;34;82;0;59;0;0;0;0;0;0;0;0;0;0;0;0;0;0
19169;2016-06;0;2;0;0;0;0;0;0;0;0;0;0;0;0;0;0;0;0;0;0;0;0;0;0;0;0;0;0;0;12;8;0;10;0;0;1;0;0;0;0;0;0;0;0;0;1;0
19170;2016-06;0;15;0;0;0;0;0;0;0;0;0;0;0;0;1;0;0;0;0;0;0;0;1;0;0;0;0;0;0;29;61;0;28;0;0;0;0;0;0;0;0;0;0;0;0;0;0
19171;2016-06;0;561;0;0;0;0;0;0;0;0;0;0;0;0;3;0;0;0;0;0;0;0;45;2;0;0;0;0;0;815;1057;0;1073;0;0;8;0;1;0;0;0;0;0;0;0;23;13
19172;2016-06;0;4;0;0;0;0;0;0;0;0;0;0;0;0;0;0;0;0;0;0;0;0;0;0;0;0;0;0;0;9;23;0;11;0;0;0;0;0;0;0;0;0;0;0;0;0;0
19173;2016-06;0;2;0;0;0;0;0;0;0;0;0;0;0;0;2;0;0;0;0;0;0;0;2;0;0;0;0;0;0;5;14;0;11;0;0;0;0;0;0;0;0;0;0;0;0;0;0
19174;2016-06;0;4;0;0;0;0;0;0;0;0;0;0;0;0;0;0;0;0;0;0;0;0;0;0;0;0;0;0;0;24;38;0;13;0;0;0;0;0;0;0;0;0;0;0;0;0;0
19175;2016-06;0;0;0;0;0;0;0;0;0;0;0;0;0;0;0;0;0;0;0;0;0;0;0;0;0;0;0;0;0;2;22;0;4;0;0;0;0;0;0;0;0;0;0;0;0;0;0
19176;2016-06;0;17;0;0;0;0;0;0;0;0;0;0;0;0;0;0;0;0;0;0;0;0;2;0;0;0;0;0;0;8;115;0;39;0;0;0;0;0;0;0;0;0;0;0;0;0;0
19177;2016-06;0;5;0;0;0;0;0;0;0;0;0;0;0;0;0;0;0;0;0;0;0;0;0;0;0;0;0;0;0;9;20;0;25;0;0;0;0;0;0;0;0;0;0;0;0;0;0
19178;2016-06;0;2;0;0;0;0;0;0;0;0;0;0;0;0;0;0;0;0;0;0;0;0;0;1;0;0;0;0;0;5;6;0;8;0;0;0;0;0;0;0;0;0;0;0;0;0;0
19179;2016-06;0;0;0;0;0;0;0;0;0;0;0;0;0;0;0;0;0;0;0;0;0;0;0;1;0;0;0;0;0;8;24;0;21;0;0;0;0;0;0;0;0;0;0;0;0;0;1
19181;2016-06;0;1;0;0;0;0;0;0;0;0;0;0;0;0;0;0;0;0;0;0;0;0;0;0;0;0;0;0;0;6;29;0;6;0;0;0;0;0;0;0;0;0;0;0;0;0;0
19182;2016-06;0;4;0;0;0;0;0;0;0;0;0;0;0;0;0;0;0;0;0;0;0;0;0;0;0;0;0;0;0;10;11;0;8;0;0;0;0;0;0;0;0;0;0;0;0;0;0
19183;2016-06;0;4;0;0;0;0;0;0;0;0;0;0;0;0;0;0;0;0;0;0;0;0;1;0;0;0;0;0;0;10;21;0;29;0;0;0;0;0;0;0;0;0;0;0;0;0;0
19184;2016-06;0;6;0;0;0;0;0;0;0;0;0;0;0;0;0;0;0;0;0;0;0;0;0;1;0;0;0;0;0;0;31;0;10;0;0;0;0;0;0;0;0;0;0;0;0;0;0
19185;2016-06;0;2;0;0;0;0;0;0;0;0;0;0;0;0;0;0;0;0;0;0;0;0;0;0;0;0;0;0;0;6;7;0;5;0;0;0;0;0;0;0;0;0;0;0;0;0;0
19186;2016-06;0;3;0;0;0;0;0;0;0;0;0;0;0;0;0;0;0;0;0;0;0;0;0;0;0;0;0;0;0;6;33;0;26;0;0;0;0;0;0;0;0;0;0;0;0;0;0
19187;2016-06;0;7;0;0;0;0;0;0;0;0;0;0;0;0;0;0;0;0;0;0;0;0;0;0;0;0;0;0;0;2;21;0;13;0;0;0;0;0;0;0;0;0;0;0;0;0;0
19188;2016-06;0;1;0;0;0;0;0;0;0;0;0;0;0;0;0;0;0;0;0;0;0;0;0;0;0;0;0;0;0;6;21;0;5;0;0;0;0;0;0;0;0;0;0;0;0;0;2
19189;2016-06;0;10;0;0;0;0;0;0;0;0;0;0;0;0;2;0;0;0;0;0;0;0;0;0;0;0;0;0;0;18;41;0;16;0;0;0;0;0;0;0;0;0;0;0;0;0;1
19190;2016-06;0;211;0;0;0;0;0;0;0;0;0;0;0;0;0;0;0;0;0;0;0;0;9;0;0;0;0;0;0;352;664;0;489;0;0;2;0;1;0;0;0;0;0;0;0;7;0
19191;2016-06;0;0;0;0;0;0;0;0;0;0;0;0;0;0;0;0;0;0;0;0;0;0;0;0;0;0;0;0;0;3;4;0;5;0;0;0;0;0;0;0;0;0;0;0;0;0;0
19192;2016-06;0;122;0;0;0;0;0;0;0;0;0;0;0;0;3;0;0;0;0;0;0;0;5;1;0;0;0;0;0;102;686;0;379;0;0;0;0;0;0;0;0;0;0;0;0;1;1
19193;2016-06;0;4;0;0;0;0;0;0;0;0;0;0;0;0;0;0;0;0;0;0;0;0;0;0;0;0;0;0;0;2;3;0;9;0;0;0;0;0;0;0;0;0;0;0;0;0;0
19194;2016-06;0;4;0;0;0;0;0;0;0;0;0;0;0;0;0;0;0;0;0;0;0;0;0;0;0;0;0;0;0;12;30;0;21;0;0;1;0;0;0;0;0;0;0;0;0;0;0
19195;2016-06;0;0;0;0;0;0;0;0;0;0;0;0;0;0;0;0;0;0;0;0;0;0;0;0;0;0;0;0;0;5;12;0;14;0;0;0;0;0;0;0;0;0;0;0;0;0;0
19196;2016-06;0;10;0;0;0;0;0;0;0;0;0;0;0;0;0;0;0;0;0;0;0;0;0;0;0;0;0;0;0;8;46;0;17;0;0;0;0;0;0;0;0;0;0;0;0;0;0
19197;2016-06;0;2;0;0;0;0;0;0;0;0;0;0;0;0;1;0;0;0;0;0;0;0;0;0;0;0;0;0;0;7;3;0;9;0;0;0;0;0;0;0;0;0;0;0;0;0;0
19198;2016-06;0;1;0;0;0;0;0;0;0;0;0;0;0;0;0;0;0;0;0;0;0;0;0;0;0;0;0;0;0;1;5;0;5;0;0;0;0;0;0;0;0;0;0;0;0;0;0
19199;2016-06;0;2;0;0;0;0;0;0;0;0;0;0;0;0;0;0;0;0;0;0;0;0;0;0;0;0;0;0;0;2;4;0;8;0;0;0;0;0;0;0;0;0;0;0;0;0;0
19200;2016-06;0;4;0;0;0;0;0;0;0;0;0;0;0;0;0;0;0;0;0;0;0;0;1;0;0;0;0;0;0;12;18;0;16;0;0;0;0;0;0;0;0;0;0;0;0;0;0
19201;2016-06;0;8;0;0;0;0;0;0;0;0;0;0;0;0;0;0;0;0;0;0;0;0;0;0;0;0;0;0;0;6;22;0;7;0;0;0;0;0;0;0;0;0;0;0;0;0;4
19202;2016-06;0;0;0;0;0;0;0;0;0;0;0;0;0;0;0;0;0;0;0;0;0;0;0;0;0;0;0;0;0;2;1;0;3;0;0;0;0;0;0;0;0;0;0;0;0;0;0
19203;2016-06;0;3;0;0;0;0;0;0;0;0;0;0;0;0;0;0;0;0;0;0;0;0;0;0;0;0;0;0;0;5;9;0;7;0;0;0;0;0;0;0;0;0;0;0;0;0;0
19204;2016-06;0;16;0;0;0;0;0;0;0;0;0;0;0;0;0;0;0;0;0;0;0;0;1;0;0;0;0;0;0;19;39;0;44;0;0;0;0;0;0;0;0;0;0;0;0;0;1
19208;2016-06;0;3;0;0;0;0;0;0;0;0;0;0;0;0;0;0;0;0;0;0;0;0;0;0;0;0;0;0;0;4;18;0;5;0;0;0;0;0;0;0;0;0;0;0;0;0;0
19209;2016-06;0;4;0;0;0;0;0;0;0;0;0;0;0;0;0;0;0;0;0;0;0;0;0;0;0;0;0;0;0;2;13;0;9;0;0;0;0;0;0;0;0;0;0;0;0;0;0
19210;2016-06;0;0;0;0;0;0;0;0;0;0;0;0;0;0;0;0;0;0;0;0;0;0;0;0;0;0;0;0;0;1;15;0;1;0;0;0;0;0;0;0;0;0;0;0;0;0;0
19211;2016-06;0;28;0;0;0;0;0;0;0;0;0;0;0;0;0;0;0;0;0;0;0;0;2;0;0;0;0;0;0;44;139;0;71;0;0;0;0;0;0;0;0;0;0;0;0;0;0
19212;2016-06;0;66;0;0;0;0;0;0;0;0;0;0;0;0;0;0;0;0;0;0;0;0;1;0;0;0;0;0;0;68;284;0;104;0;0;0;0;0;0;0;0;0;0;0;0;3;2
19213;2016-06;0;7;0;0;0;0;0;0;0;0;0;0;0;0;0;0;0;0;0;0;0;0;0;0;0;0;0;0;0;1;32;0;18;0;0;0;0;0;0;0;0;0;0;0;0;1;0
19214;2016-06;0;2;0;0;0;0;0;0;0;0;0;0;0;0;0;0;0;0;0;0;0;0;0;0;0;0;0;0;0;4;33;0;19;0;0;0;0;0;0;0;0;0;0;0;0;0;0
19215;2016-06;0;11;0;0;0;0;0;0;0;0;0;0;0;0;1;0;0;0;0;0;0;0;0;0;0;0;0;0;0;10;91;0;24;0;0;0;0;0;0;0;0;0;0;0;0;1;2
19216;2016-06;0;11;0;0;0;0;0;0;0;0;0;0;0;0;1;0;0;0;0;0;0;0;2;0;0;0;0;0;0;34;30;0;20;0;0;0;0;0;0;0;0;0;0;0;0;0;0
19217;2016-06;0;4;0;0;0;0;0;0;0;0;0;0;0;0;0;0;0;0;0;0;0;0;0;0;0;0;0;0;0;3;18;0;14;0;0;0;0;0;0;0;0;0;0;0;0;0;0
19218;2016-06;0;6;0;0;0;0;0;0;0;0;0;0;0;0;0;0;0;0;0;0;0;0;0;0;0;0;0;0;0;3;16;0;7;0;0;0;0;0;0;0;0;0;0;0;0;0;1
19219;2016-06;0;0;0;0;0;0;0;0;0;0;0;0;0;0;0;0;0;0;0;0;0;0;0;5;0;0;0;0;0;3;1;0;0;0;0;0;0;0;0;0;0;0;0;0;0;0;0
19220;2016-06;0;315;0;0;0;0;0;0;0;0;0;0;0;0;4;0;0;0;0;0;0;0;42;2;0;0;0;0;0;409;460;0;249;0;0;6;0;0;0;0;0;0;0;0;0;6;7
19221;2016-06;0;1;0;0;0;0;0;0;0;0;0;0;0;0;0;0;0;0;0;0;0;0;0;0;0;0;0;0;0;1;21;0;13;0;0;0;0;0;0;0;0;0;0;0;0;0;0
19222;2016-06;0;11;0;0;0;0;0;0;0;0;0;0;0;0;0;0;0;0;0;0;0;0;0;0;0;0;0;0;0;11;38;0;22;0;0;0;0;0;0;0;0;0;0;0;0;0;0
19223;2016-06;0;6;0;0;0;0;0;0;0;0;0;0;0;0;0;0;0;0;0;0;0;0;0;1;0;0;0;0;0;6;36;0;31;0;0;0;0;0;0;0;0;0;0;0;0;0;0
19224;2016-06;0;5;0;0;0;0;0;0;0;0;0;0;0;0;0;0;0;0;0;0;0;0;0;0;0;0;0;0;0;3;72;0;6;0;0;0;0;0;0;0;0;0;0;0;0;0;1
19225;2016-06;0;107;0;0;0;0;0;0;0;0;0;0;0;0;4;0;0;0;0;0;0;0;8;0;0;0;0;0;0;118;203;0;167;0;0;0;0;0;0;0;0;0;0;0;0;5;4
19226;2016-06;0;2;0;0;0;0;0;0;0;0;0;0;0;0;0;0;0;0;0;0;0;0;0;0;0;0;0;0;0;5;13;0;18;0;0;0;0;0;0;0;0;0;0;0;0;0;0
19227;2016-06;0;7;0;0;0;0;0;0;0;0;0;0;0;0;0;0;0;0;0;0;0;0;0;0;0;0;0;0;0;4;15;0;15;0;0;0;0;0;0;0;0;0;0;0;0;0;0
19228;2016-06;0;1;0;0;0;0;0;0;0;0;0;0;0;0;1;0;0;0;0;0;0;0;1;0;0;0;0;0;0;7;2;0;8;0;0;0;0;0;0;0;0;0;0;0;0;0;0
19229;2016-06;0;7;0;0;0;0;0;0;0;0;0;0;0;0;0;0;0;0;0;0;0;0;0;0;0;0;0;0;0;7;30;0;12;0;0;0;0;0;0;0;0;0;0;0;0;0;0
19230;2016-06;0;85;0;0;0;0;0;0;0;0;0;0;0;0;2;0;0;0;0;0;0;0;10;0;0;0;0;0;0;74;109;0;66;0;0;1;0;0;0;0;0;0;0;0;0;5;2
19231;2016-06;0;0;0;0;0;0;0;0;0;0;0;0;0;0;0;0;0;0;0;0;0;0;0;0;0;0;0;0;0;0;9;0;0;0;0;0;0;0;0;0;0;0;0;0;0;0;0
19232;2016-06;0;4;0;0;0;0;0;0;0;0;0;0;0;0;0;0;0;0;0;0;0;0;0;0;0;0;0;0;0;4;40;0;8;0;0;0;0;0;0;0;0;0;0;0;0;0;0
19233;2016-06;0;4;0;0;0;0;0;0;0;0;0;0;0;0;0;0;0;0;0;0;0;0;1;0;0;0;0;0;0;21;24;0;10;0;0;0;0;0;0;0;0;0;0;0;0;2;0
19234;2016-06;0;6;0;0;0;0;0;0;0;0;0;0;0;0;0;0;0;0;0;0;0;0;1;1;0;0;0;0;0;3;14;0;8;0;0;0;0;0;0;0;0;0;0;0;0;0;0
19235;2016-06;0;4;0;0;0;0;0;0;0;0;0;0;0;0;0;0;0;0;0;0;0;0;0;0;0;0;0;0;0;11;20;0;34;0;0;0;0;0;0;0;0;0;0;0;0;1;0
19237;2016-06;0;4;0;0;0;0;0;0;0;0;0;0;0;0;0;0;0;0;0;0;0;0;0;0;0;0;0;0;0;9;16;0;9;0;0;0;0;0;0;0;0;0;0;0;0;0;0
19238;2016-06;0;2;0;0;0;0;0;0;0;0;0;0;0;0;0;0;0;0;0;0;0;0;1;0;0;0;0;0;0;2;20;0;3;0;0;0;0;0;0;0;0;0;0;0;0;0;0
19239;2016-06;0;4;0;0;0;0;0;0;0;0;0;0;0;0;0;0;0;0;0;0;0;0;0;0;0;0;0;0;0;6;35;0;16;0;0;0;0;0;0;0;0;0;0;0;0;0;0
19240;2016-06;0;0;0;0;0;0;0;0;0;0;0;0;0;0;0;0;0;0;0;0;0;0;0;0;0;0;0;0;0;8;21;0;11;0;0;1;0;0;0;0;0;0;0;0;0;1;0
19241;2016-06;0;2;0;0;0;0;0;0;0;0;0;0;0;0;0;0;0;0;0;0;0;0;0;0;0;0;0;0;0;5;23;0;2;0;0;0;0;0;0;0;0;0;0;0;0;1;0
19242;2016-06;0;3;0;0;0;0;0;0;0;0;0;0;0;0;0;0;0;0;0;0;0;0;1;1;0;0;0;0;0;7;50;0;1;0;0;1;0;0;0;0;0;0;0;0;0;0;0
19243;2016-06;0;1;0;0;0;0;0;0;0;0;0;0;0;0;0;0;0;0;0;0;0;0;0;1;0;0;0;0;0;5;18;0;6;0;0;0;0;0;0;0;0;0;0;0;0;0;0
19244;2016-06;0;8;0;0;0;0;0;0;0;0;0;0;0;0;0;0;0;0;0;0;0;0;0;0;0;0;0;0;0;5;41;0;9;0;0;0;0;0;0;0;0;0;0;0;0;0;0
19245;2016-06;0;86;0;0;0;0;0;0;0;0;0;0;0;0;0;0;0;0;0;0;0;0;6;0;0;0;0;0;0;88;413;0;235;0;0;0;0;0;0;0;0;0;0;0;0;0;2
19246;2016-06;0;3;0;0;0;0;0;0;0;0;0;0;0;0;0;0;0;0;0;0;0;0;0;0;0;0;0;0;0;5;12;0;12;0;0;0;0;0;0;0;0;0;0;0;0;0;0
19247;2016-06;0;5;0;0;0;0;0;0;0;0;0;0;0;0;0;0;0;0;0;0;0;0;1;1;0;0;0;0;0;19;36;0;35;0;0;0;0;0;0;0;0;0;0;0;0;1;1
19248;2016-06;0;12;0;0;0;0;0;0;0;0;0;0;0;0;0;0;0;0;0;0;0;0;0;0;0;0;0;0;0;10;26;0;11;0;0;1;0;1;0;0;0;0;0;0;0;2;0
19249;2016-06;0;0;0;0;0;0;0;0;0;0;0;0;0;0;0;0;0;0;0;0;0;0;0;0;0;0;0;0;0;0;23;0;6;0;0;0;0;0;0;0;0;0;0;0;0;0;0
19250;2016-06;0;1;0;0;0;0;0;0;0;0;0;0;0;0;0;0;0;0;0;0;0;0;0;0;0;0;0;0;0;3;9;0;4;0;0;0;0;0;0;0;0;0;0;0;0;0;0
19251;2016-06;0;1;0;0;0;0;0;0;0;0;0;0;0;0;0;0;0;0;0;0;0;0;0;0;0;0;0;0;0;1;17;0;9;0;0;0;0;0;0;0;0;0;0;0;0;0;0
19252;2016-06;0;4;0;0;0;0;0;0;0;0;0;0;0;0;0;0;0;0;0;0;0;0;0;0;0;0;0;0;0;5;38;0;13;0;0;0;0;0;0;0;0;0;0;0;0;0;0
19254;2016-06;0;6;0;0;0;0;0;0;0;0;0;0;0;0;0;0;0;0;0;0;0;0;0;0;0;0;0;0;0;2;18;0;8;0;0;0;0;0;0;0;0;0;0;0;0;0;0
19255;2016-06;0;3;0;0;0;0;0;0;0;0;0;0;0;0;0;0;0;0;0;0;0;0;1;0;0;0;0;0;0;6;32;0;18;0;0;0;0;0;0;0;0;0;0;0;0;0;0
19256;2016-06;0;4;0;0;0;0;0;0;0;0;0;0;0;0;0;0;0;0;0;0;0;0;0;0;0;0;0;0;0;3;23;0;6;0;0;0;0;0;0;0;0;0;0;0;0;0;0
19257;2016-06;0;276;0;0;0;0;0;0;0;0;0;0;0;0;7;0;0;0;0;0;0;0;16;1;0;0;0;0;0;336;1237;0;493;0;0;4;0;1;0;0;0;0;0;0;0;7;5
19258;2016-06;0;3;0;0;0;0;0;0;0;0;0;0;0;0;0;0;0;0;0;0;0;0;1;0;0;0;0;0;0;10;45;0;18;0;0;0;0;0;0;0;0;0;0;0;0;0;0
19259;2016-06;0;0;0;0;0;0;0;0;0;0;0;0;0;0;0;0;0;0;0;0;0;0;0;0;0;0;0;0;0;9;7;0;8;0;0;0;0;0;0;0;0;0;0;0;0;0;0
19260;2016-06;0;0;0;0;0;0;0;0;0;0;0;0;0;0;0;0;0;0;0;0;0;0;0;0;0;0;0;0;0;4;13;0;19;0;0;0;0;0;0;0;0;0;0;0;0;0;2
19261;2016-06;0;1;0;0;0;0;0;0;0;0;0;0;0;0;0;0;0;0;0;0;0;0;0;0;0;0;0;0;0;1;17;0;4;0;0;0;0;0;0;0;0;0;0;0;0;1;0
19262;2016-06;0;4;0;0;0;0;0;0;0;0;0;0;0;0;1;0;0;0;0;0;0;0;0;0;0;0;0;0;0;17;57;0;21;0;0;0;0;0;0;0;0;0;0;0;0;0;0
19263;2016-06;0;0;0;0;0;0;0;0;0;0;0;0;0;0;0;0;0;0;0;0;0;0;0;0;0;0;0;0;0;2;8;0;4;0;0;0;0;0;0;0;0;0;0;0;0;0;0
19264;2016-06;0;3;0;0;0;0;0;0;0;0;0;0;0;0;0;0;0;0;0;0;0;0;0;0;0;0;0;0;0;5;8;0;10;0;0;0;0;0;0;0;0;0;0;0;0;0;0
19265;2016-06;0;12;0;0;0;0;0;0;0;0;0;0;0;0;0;0;0;0;0;0;0;0;0;0;0;0;0;0;0;7;60;0;14;0;0;0;0;0;0;0;0;0;0;0;0;0;0
19266;2016-06;0;25;0;0;0;0;0;0;0;0;0;0;0;0;0;0;0;0;0;0;0;0;0;0;0;0;0;0;0;13;115;0;33;0;0;0;0;0;0;0;0;0;0;0;0;0;1
19267;2016-06;0;1;0;0;0;0;0;0;0;0;0;0;0;0;0;0;0;0;0;0;0;0;0;0;0;0;0;0;0;0;8;0;4;0;0;0;0;0;0;0;0;0;0;0;0;0;0
19268;2016-06;0;4;0;0;0;0;0;0;0;0;0;0;0;0;0;0;0;0;0;0;0;0;0;0;0;0;0;0;0;6;8;0;5;0;0;0;0;0;0;0;0;0;0;0;0;0;0
19269;2016-06;0;5;0;0;0;0;0;0;0;0;0;0;0;0;0;0;0;0;0;0;0;0;0;1;0;0;0;0;0;24;20;0;30;0;0;0;0;0;0;0;0;0;0;0;0;0;0
19270;2016-06;0;2;0;0;0;0;0;0;0;0;0;0;0;0;0;0;0;0;0;0;0;0;0;0;0;0;0;0;0;5;9;0;1;0;0;0;0;0;0;0;0;0;0;0;0;0;0
19271;2016-06;0;1;0;0;0;0;0;0;0;0;0;0;0;0;0;0;0;0;0;0;0;0;0;0;0;0;0;0;0;5;25;0;8;0;0;0;0;0;0;0;0;0;0;0;0;0;0
19272;2016-06;0;3;0;0;0;0;0;0;0;0;0;0;0;0;0;0;0;0;0;0;0;0;0;0;0;0;0;0;0;9;20;0;20;0;0;0;0;0;0;0;0;0;0;0;0;0;0
19274;2016-06;0;78;0;0;0;0;0;0;0;0;0;0;0;0;1;0;0;0;0;0;0;0;9;0;0;0;0;0;0;124;246;0;180;0;0;4;0;0;0;0;0;0;0;0;0;0;2
19277;2016-06;0;1;0;0;0;0;0;0;0;0;0;0;0;0;0;0;0;0;0;0;0;0;0;0;0;0;0;0;0;2;4;0;6;0;0;0;0;0;0;0;0;0;0;0;0;0;0
19278;2016-06;0;1;0;0;0;0;0;0;0;0;0;0;0;0;0;0;0;0;0;0;0;0;0;0;0;0;0;0;0;0;21;0;4;0;0;0;0;0;0;0;0;0;0;0;0;0;0
19279;2016-06;0;4;0;0;0;0;0;0;0;0;0;0;0;0;0;0;0;0;0;0;0;0;0;0;0;0;0;0;0;3;36;0;12;0;0;0;0;0;0;0;0;0;0;0;0;0;0
19280;2016-06;0;479;0;0;0;0;0;0;0;0;0;0;0;0;3;0;0;0;0;0;0;0;38;3;0;0;0;0;0;594;806;0;478;0;0;3;0;0;0;0;0;0;0;0;0;5;15
19281;2016-06;0;2;0;0;0;0;0;0;0;0;0;0;0;0;0;0;0;0;0;0;0;0;0;1;0;0;0;0;0;2;4;0;4;0;0;0;0;0;0;0;0;0;0;0;0;0;0
19282;2016-06;0;7;0;0;0;0;0;0;0;0;0;0;0;0;0;0;0;0;0;0;0;0;0;0;0;0;0;0;0;7;97;0;12;0;0;0;0;0;0;0;0;0;0;0;0;0;0
19283;2016-06;0;0;0;0;0;0;0;0;0;0;0;0;0;0;0;0;0;0;0;0;0;0;0;0;0;0;0;0;0;1;12;0;11;0;0;1;0;0;0;0;0;0;0;0;0;0;0
19284;2016-06;0;0;0;0;0;0;0;0;0;0;0;0;0;0;0;0;0;0;0;0;0;0;0;0;0;0;0;0;0;1;3;0;5;0;0;0;0;0;0;0;0;0;0;0;0;0;0
19285;2016-06;0;2;0;0;0;0;0;0;0;0;0;0;0;0;0;0;0;0;0;0;0;0;0;0;0;0;0;0;0;1;6;0;11;0;0;0;0;0;0;0;0;0;0;0;0;0;0
19286;2016-06;0;110;0;0;0;0;0;0;0;0;0;0;0;0;1;0;0;0;0;0;0;0;4;1;0;0;0;0;0;98;213;0;106;0;0;0;0;0;0;0;0;0;0;0;0;2;6
19287;2016-06;0;11;0;0;0;0;0;0;0;0;0;0;0;0;0;0;0;0;0;0;0;0;0;0;0;0;0;0;0;3;72;0;22;0;0;0;0;0;0;0;0;0;0;0;0;0;0
19288;2016-06;0;2;0;0;0;0;0;0;0;0;0;0;0;0;0;0;0;0;0;0;0;0;0;0;0;0;0;0;0;0;11;0;7;0;0;0;0;0;0;0;0;0;0;0;0;0;0
19289;2016-06;0;2;0;0;0;0;0;0;0;0;0;0;0;0;0;0;0;0;0;0;0;0;0;0;0;0;0;0;0;5;12;0;2;0;0;0;0;0;0;0;0;0;0;0;0;2;0
19290;2016-06;0;74;0;0;0;0;0;0;0;0;0;0;0;0;2;0;0;0;0;0;0;0;9;1;0;0;0;0;0;143;212;0;100;0;0;3;0;0;0;0;0;0;0;0;0;3;6
19291;2016-06;0;97;0;0;0;0;0;0;0;0;0;0;0;0;2;0;0;0;0;0;0;0;5;2;0;0;0;0;0;148;387;0;218;0;0;4;0;0;0;0;0;0;0;0;0;1;2
19293;2016-06;0;226;0;0;0;0;0;0;0;0;0;0;0;0;5;0;0;0;0;0;0;0;19;2;0;0;0;0;0;365;448;0;245;0;0;8;0;0;0;0;0;0;0;0;0;10;7
19294;2016-06;0;1;0;0;0;0;0;0;0;0;0;0;0;0;0;0;0;0;0;0;0;0;0;0;0;0;0;0;0;10;11;0;5;0;0;0;0;0;0;0;0;0;0;0;0;0;0
19296;2016-06;0;2;0;0;0;0;0;0;0;0;0;0;0;0;0;0;0;0;0;0;0;0;0;0;0;0;0;0;0;2;11;0;3;0;0;0;0;0;0;0;0;0;0;0;0;0;0
19297;2016-06;0;2;0;0;0;0;0;0;0;0;0;0;0;0;0;0;0;0;0;0;0;0;1;0;0;0;0;0;0;0;18;0;2;0;0;0;0;0;0;0;0;0;0;0;0;0;0
19298;2016-06;0;10;0;0;0;0;0;0;0;0;0;0;0;0;0;0;0;0;0;0;0;0;0;0;0;0;0;0;0;5;14;0;15;0;0;0;0;0;0;0;0;0;0;0;0;0;1
19299;2016-06;0;11;0;0;0;0;0;0;0;0;0;0;0;0;0;0;0;0;0;0;0;0;1;0;0;0;0;0;0;6;32;0;26;0;0;0;0;0;0;0;0;0;0;0;0;0;0
19300;2016-06;0;115;0;0;0;0;0;0;0;0;0;0;0;0;0;0;0;0;0;0;0;0;6;1;0;0;0;0;0;162;224;0;72;0;0;3;0;0;0;0;0;0;0;0;0;1;2
19301;2016-06;0;5;0;0;0;0;0;0;0;0;0;0;0;0;0;0;0;0;0;0;0;0;0;0;0;0;0;0;0;0;22;0;5;0;0;0;0;0;0;0;0;0;0;0;0;0;0
19302;2016-06;0;3;0;0;0;0;0;0;0;0;0;0;0;0;0;0;0;0;0;0;0;0;0;0;0;0;0;0;0;4;25;0;15;0;0;0;0;0;0;0;0;0;0;0;0;0;1
19303;2016-06;0;0;0;0;0;0;0;0;0;0;0;0;0;0;0;0;0;0;0;0;0;0;0;0;0;0;0;0;0;1;27;0;7;0;0;0;0;0;0;0;0;0;0;0;0;0;0
19304;2016-06;0;21;0;0;0;0;0;0;0;0;0;0;0;0;0;0;0;0;0;0;0;0;4;0;0;0;0;0;0;41;48;0;53;0;0;0;0;0;0;0;0;0;0;0;0;0;1
19305;2016-06;0;12;0;0;0;0;0;0;0;0;0;0;0;0;0;0;0;0;0;0;0;0;0;0;0;0;0;0;0;12;62;0;28;0;0;0;0;0;0;0;0;0;0;0;0;1;0
19306;2016-06;0;1;0;0;0;0;0;0;0;0;0;0;0;0;0;0;0;0;0;0;0;0;0;0;0;0;0;0;0;1;15;0;2;0;0;0;0;0;0;0;0;0;0;0;0;0;0
19307;2016-06;0;1;0;0;0;0;0;0;0;0;0;0;0;0;0;0;0;0;0;0;0;0;1;0;0;0;0;0;0;3;16;0;2;0;0;0;0;0;0;0;0;0;0;0;0;0;0
19308;2016-06;0;2;0;0;0;0;0;0;0;0;0;0;0;0;0;0;0;0;0;0;0;0;0;0;0;0;0;0;0;5;24;0;22;0;0;0;0;0;0;0;0;0;0;0;0;0;0
19309;2016-06;0;2;0;0;0;0;0;0;0;0;0;0;0;0;0;0;0;0;0;0;0;0;0;0;0;0;0;0;0;8;10;0;1;0;0;0;0;0;0;0;0;0;0;0;0;0;0
19310;2016-06;0;0;0;0;0;0;0;0;0;0;0;0;0;0;0;0;0;0;0;0;0;0;0;0;0;0;0;0;0;3;2;0;2;0;0;0;0;0;0;0;0;0;0;0;0;0;0
19311;2016-06;0;7;0;0;0;0;0;0;0;0;0;0;0;0;0;0;0;0;0;0;0;0;0;1;0;0;0;0;0;7;37;0;15;0;0;0;0;0;0;0;0;0;0;0;0;0;0
19314;2016-06;0;4;0;0;0;0;0;0;0;0;0;0;0;0;0;0;0;0;0;0;0;0;0;0;0;0;0;0;0;1;19;0;12;0;0;0;0;0;0;0;0;0;0;0;0;0;0
19317;2016-06;0;8;0;0;0;0;0;0;0;0;0;0;0;0;1;0;0;0;0;0;0;0;0;0;0;0;0;0;0;29;53;0;17;0;0;0;0;0;0;0;0;0;0;0;0;0;0
19318;2016-06;0;2;0;0;0;0;0;0;0;0;0;0;0;0;0;0;0;0;0;0;0;0;0;0;0;0;0;0;0;1;4;0;11;0;0;0;0;0;0;0;0;0;0;0;0;0;0
19319;2016-06;0;662;0;0;0;0;0;0;0;0;0;0;0;0;11;0;0;0;0;0;0;0;58;4;0;0;0;0;0;717;1018;0;550;0;0;6;0;0;0;0;0;0;0;0;0;4;8
19321;2016-06;0;0;0;0;0;0;0;0;0;0;0;0;0;0;0;0;0;0;0;0;0;0;0;0;0;0;0;0;0;4;11;0;14;0;0;0;0;0;0;0;0;0;0;0;0;0;0
19322;2016-06;0;1;0;0;0;0;0;0;0;0;0;0;0;0;1;0;0;0;0;0;0;0;0;0;0;0;0;0;0;1;14;0;8;0;0;0;0;0;0;0;0;0;0;0;0;0;0
19323;2016-06;0;6;0;0;0;0;0;0;0;0;0;0;0;0;0;0;0;0;0;0;0;0;0;0;0;0;0;0;0;4;9;0;11;0;0;0;0;0;0;0;0;0;0;0;0;0;1
19324;2016-06;0;15;0;0;0;0;0;0;0;0;0;0;0;0;0;0;0;0;0;0;0;0;0;1;0;0;0;0;0;4;58;0;44;0;0;0;0;0;0;0;0;0;0;0;0;0;0
19325;2016-06;0;12;0;0;0;0;0;0;0;0;0;0;0;0;0;0;0;0;0;0;0;0;0;0;0;0;0;0;0;6;55;0;9;0;0;0;0;0;0;0;0;0;0;0;0;0;0
19326;2016-06;0;341;0;0;0;0;0;0;0;0;0;0;0;0;1;0;0;0;0;0;0;0;20;2;0;0;0;0;0;259;430;0;185;0;0;5;0;1;0;0;0;0;0;0;0;14;13
19327;2016-06;0;33;0;0;0;0;0;0;0;0;0;0;0;0;1;0;0;0;0;0;0;0;0;0;0;0;0;0;0;11;258;0;43;0;0;0;0;1;0;0;0;0;0;0;0;0;0
19329;2016-06;0;10;0;0;0;0;0;0;0;0;0;0;0;0;0;0;0;0;0;0;0;0;1;0;0;0;0;0;0;4;23;0;11;0;0;0;0;0;0;0;0;0;0;0;0;0;0
19330;2016-06;0;6;0;0;0;0;0;0;0;0;0;0;0;0;0;0;0;0;0;0;0;0;0;0;0;0;0;0;0;4;26;0;25;0;0;0;0;0;0;0;0;0;0;0;0;0;0
19331;2016-06;0;300;0;0;0;0;0;0;0;0;0;0;0;0;0;0;0;0;0;0;0;0;28;4;0;0;0;0;0;290;670;0;532;0;0;3;0;0;0;0;0;0;0;0;0;2;3
19332;2016-06;0;8;0;0;0;0;0;0;0;0;0;0;0;0;1;0;0;0;0;0;0;0;0;0;0;0;0;0;0;8;37;0;14;0;0;0;0;0;0;0;0;0;0;0;0;0;0
19333;2016-06;0;5;0;0;0;0;0;0;0;0;0;0;0;0;0;0;0;0;0;0;0;0;0;0;0;0;0;0;0;15;35;0;27;0;0;0;0;0;0;0;0;0;0;0;0;0;0
19334;2016-06;0;2;0;0;0;0;0;0;0;0;0;0;0;0;0;0;0;0;0;0;0;0;0;1;0;0;0;0;0;1;13;0;14;0;0;0;0;0;0;0;0;0;0;0;0;0;0
19335;2016-06;0;8;0;0;0;0;0;0;0;0;0;0;0;0;0;0;0;0;0;0;0;0;0;0;0;0;0;0;0;3;14;0;22;0;0;0;0;0;0;0;0;0;0;0;0;0;0
19901;2016-06;0;3;0;0;0;0;0;0;0;0;0;0;0;0;0;0;0;0;0;0;0;0;0;0;0;0;0;0;0;5;21;0;7;0;0;0;0;0;0;0;0;0;0;0;0;1;0
20001;2016-06;0;0;0;0;0;0;0;0;47;0;0;0;0;0;0;0;0;0;0;0;0;0;0;0;0;0;0;0;0;15;2;0;3;0;0;0;0;0;0;0;0;63;0;0;0;0;0
20002;2016-06;0;2;0;0;0;0;0;0;45;0;0;0;0;0;0;0;0;0;0;0;0;0;0;0;0;0;0;0;0;51;2;0;4;0;0;0;0;0;0;0;0;95;0;0;0;0;0
20003;2016-06;0;1;0;0;0;0;0;0;69;0;0;0;0;0;0;0;0;0;0;0;0;0;1;0;1;0;0;0;0;81;1;0;8;0;0;0;0;0;0;0;0;143;0;0;0;0;0
20004;2016-06;0;0;0;0;0;0;0;1;57;0;0;0;0;0;0;0;0;0;0;0;0;0;1;0;0;0;0;0;0;30;0;0;10;0;0;1;0;0;0;0;0;21;0;0;0;0;0
20005;2016-06;0;8;0;0;0;0;0;0;206;0;0;0;0;0;0;0;0;0;0;0;0;0;9;0;0;0;0;0;0;154;40;0;38;0;0;1;0;0;0;0;0;269;0;0;0;0;0
20006;2016-06;0;0;0;0;0;0;0;0;43;0;0;0;0;0;0;0;0;0;0;0;0;0;4;0;0;0;0;0;0;36;3;0;1;0;0;0;0;0;0;0;0;53;0;0;0;0;0
20007;2016-06;0;1;0;0;0;0;0;0;46;0;0;0;0;0;0;0;0;0;0;0;0;0;3;0;0;0;0;0;0;50;3;0;0;0;0;0;0;0;0;0;0;112;0;0;0;0;0
20008;2016-06;0;0;0;0;0;0;0;0;101;0;0;0;0;0;0;0;0;0;0;0;0;0;0;0;0;0;0;0;0;89;13;0;9;0;0;0;0;0;0;0;0;143;0;0;0;0;0
20009;2016-06;0;230;0;0;0;0;0;2;1263;0;0;0;0;0;0;0;0;0;0;0;0;0;63;0;8;0;0;0;0;2378;636;0;1383;0;0;18;0;0;0;0;0;1300;0;0;0;2;0
20010;2016-06;0;12;0;0;0;0;0;0;220;0;0;0;0;0;0;0;0;0;0;0;0;0;10;0;1;0;0;0;0;235;64;0;83;0;0;0;0;0;0;0;0;352;0;0;0;0;0
20011;2016-06;0;8;0;0;0;0;0;0;320;0;0;0;0;0;0;0;0;0;0;0;0;0;3;0;0;0;0;0;0;264;31;0;105;0;0;2;0;0;0;0;0;469;0;0;0;1;0
20012;2016-06;0;1;0;0;0;0;0;0;32;0;0;0;0;0;0;0;0;0;0;0;0;0;0;0;0;0;0;0;0;9;4;0;2;0;0;0;0;0;0;0;0;45;0;0;0;0;0
20013;2016-06;0;43;0;0;0;0;0;2;1021;0;0;0;0;0;0;0;0;0;0;0;0;0;18;0;3;0;0;0;0;1009;176;0;365;0;0;8;0;0;0;0;0;913;0;0;0;2;0
20014;2016-06;0;4;0;0;0;0;0;0;144;0;0;0;0;0;0;0;0;0;0;0;0;0;5;0;0;0;0;0;0;155;21;0;25;0;0;2;0;0;0;0;0;249;0;0;0;0;0
20015;2016-06;0;2;0;0;0;0;0;0;245;0;0;0;0;0;0;0;0;0;0;0;0;0;1;0;0;0;0;0;0;127;3;0;6;0;0;0;0;0;0;0;0;460;0;0;0;0;0
20016;2016-06;0;7;0;0;0;0;0;0;347;0;0;0;0;0;0;0;0;0;0;0;0;0;9;0;0;0;0;0;0;206;14;0;20;0;0;0;0;0;0;0;0;216;0;0;0;0;0
20017;2016-06;0;73;0;0;0;0;0;2;2014;0;0;0;0;0;0;0;0;0;0;0;0;0;38;0;5;0;0;0;0;1245;272;0;490;0;0;14;0;0;0;0;0;1254;0;0;0;4;0
20018;2016-06;0;71;0;0;0;0;0;1;2542;0;0;0;0;0;0;0;0;0;0;0;0;0;12;0;3;0;0;0;0;1116;274;0;332;0;0;6;0;0;0;0;0;2286;0;0;0;6;0
20019;2016-06;0;148;0;0;0;0;0;3;1987;0;0;0;0;0;0;0;0;0;0;0;0;0;45;0;10;0;0;0;0;1740;427;0;826;0;0;8;0;0;0;0;0;1145;0;0;0;5;0
20020;2016-06;0;0;0;0;0;0;0;0;27;0;0;0;0;0;0;0;0;0;0;0;0;0;0;0;0;0;0;0;0;10;1;0;0;0;0;0;0;0;0;0;0;28;0;0;0;0;0
20021;2016-06;0;2;0;0;0;0;0;0;37;0;0;0;0;0;0;0;0;0;0;0;0;0;0;0;0;0;0;0;0;22;1;0;1;0;0;1;0;0;0;0;0;34;0;0;0;0;0
20022;2016-06;0;2;0;0;0;0;0;0;169;0;0;0;0;0;0;0;0;0;0;0;0;0;2;0;0;0;0;0;0;90;13;0;11;0;0;0;0;0;0;0;0;181;0;0;0;0;0
20023;2016-06;0;5;0;0;0;0;0;0;50;0;0;0;0;0;0;0;0;0;0;0;0;0;2;0;0;0;0;0;0;63;14;0;15;0;0;1;0;0;0;0;0;100;0;0;0;0;0
20024;2016-06;0;3;0;0;0;0;0;0;58;0;0;0;0;0;0;0;0;0;0;0;0;0;0;0;1;0;0;0;0;37;5;0;4;0;0;0;0;0;0;0;0;98;0;0;0;0;0
20025;2016-06;0;3;0;0;0;0;0;1;282;0;0;0;0;0;0;0;0;0;0;0;0;0;3;0;1;0;0;0;0;139;6;0;23;0;0;0;0;0;0;0;0;294;0;0;0;0;0
20026;2016-06;0;0;0;0;0;0;0;0;61;0;0;0;0;0;0;0;0;0;0;0;0;0;0;0;0;0;0;0;0;12;0;0;1;0;0;0;0;0;0;0;0;59;0;0;0;0;0
20027;2016-06;0;9;0;0;0;0;0;0;562;0;0;0;0;0;0;0;0;0;0;0;0;0;4;0;1;0;0;0;0;401;31;0;74;0;0;3;0;0;0;0;0;649;0;0;0;1;0
20028;2016-06;0;18;0;0;0;0;0;0;296;0;0;0;0;0;0;0;0;0;0;0;0;0;8;0;1;0;0;0;0;344;89;0;155;0;0;2;0;0;0;0;0;441;0;0;0;0;0
20029;2016-06;0;44;0;0;0;0;0;1;958;0;0;0;0;0;0;0;0;0;0;0;0;0;16;0;1;0;0;0;0;737;136;0;203;0;0;2;0;0;0;0;0;684;0;0;0;1;0
20030;2016-06;0;339;0;0;0;0;0;8;3053;0;0;0;0;0;0;0;0;0;0;0;0;0;100;0;16;0;0;0;0;3950;1363;0;3000;0;0;44;0;0;0;0;0;1913;0;0;0;11;0
20031;2016-06;0;0;0;0;0;0;0;0;32;0;0;0;0;0;0;0;0;0;0;0;0;0;0;0;0;0;0;0;0;16;2;0;0;0;0;0;0;0;0;0;0;40;0;0;0;0;0
20032;2016-06;0;141;0;0;0;0;0;2;1834;0;0;0;0;0;0;0;0;0;0;0;0;0;37;0;3;0;0;0;0;1337;441;0;686;0;0;5;0;0;0;0;0;1097;0;0;0;7;0
20033;2016-06;0;4;0;0;0;0;0;0;188;0;0;0;0;0;0;0;0;0;0;0;0;0;4;0;0;0;0;0;0;148;15;0;24;0;0;1;0;0;0;0;0;214;0;0;0;0;0
20034;2016-06;0;29;0;0;0;0;0;0;534;0;0;0;0;0;0;0;0;0;0;0;0;0;18;0;2;0;0;0;0;546;80;0;287;0;0;2;0;0;0;0;0;500;0;0;0;2;0
20035;2016-06;0;1;0;0;0;0;0;1;108;0;0;0;0;0;0;0;0;0;0;0;0;0;2;0;0;0;0;0;0;69;9;0;8;0;0;1;0;0;0;0;0;134;0;0;0;0;0
20036;2016-06;0;309;0;0;0;0;0;6;2819;0;0;0;0;0;0;0;0;0;0;0;0;0;63;0;6;0;0;0;0;2678;754;0;806;0;0;12;0;0;0;0;0;949;0;0;0;6;0
20037;2016-06;0;3;0;0;0;0;0;0;22;0;0;0;0;0;0;0;0;0;0;0;0;0;1;0;0;0;0;0;0;7;0;0;0;0;0;0;0;0;0;0;0;29;0;0;0;0;0
20038;2016-06;0;1;0;0;0;0;0;0;100;0;0;0;0;0;0;0;0;0;0;0;0;0;1;0;0;0;0;0;0;40;3;0;5;0;0;0;0;0;0;0;0;109;0;0;0;0;0
20039;2016-06;0;12;0;0;0;0;0;0;565;0;0;0;0;0;0;0;0;0;0;0;0;0;10;0;0;0;0;0;0;256;24;0;35;0;0;1;0;0;0;0;0;554;0;0;0;1;0
20040;2016-06;0;186;0;0;0;0;0;9;1492;0;0;0;0;0;0;0;0;0;0;0;0;0;62;0;7;0;0;0;0;2866;587;0;1071;0;0;143;0;0;0;0;0;2879;0;0;0;5;0
20041;2016-06;0;5;0;0;0;0;0;0;42;0;0;0;0;0;0;0;0;0;0;0;0;0;0;0;0;0;0;0;0;35;2;0;1;0;0;0;0;0;0;0;0;38;0;0;0;0;0
20042;2016-06;0;25;0;0;0;0;0;0;466;0;0;0;0;0;0;0;0;0;0;0;0;0;11;0;1;0;0;0;0;562;102;0;215;0;0;0;0;0;0;0;0;546;0;0;0;3;0
20043;2016-06;0;8;0;0;0;0;0;0;445;0;0;0;0;0;0;0;0;0;0;0;0;0;3;0;1;0;0;0;0;174;43;0;40;0;0;2;0;0;0;0;0;363;0;0;0;0;0
20044;2016-06;0;2;0;0;0;0;0;0;53;0;0;0;0;0;0;0;0;0;0;0;0;0;2;0;0;0;0;0;0;62;6;0;14;0;0;1;0;0;0;0;0;96;0;0;0;0;0
20045;2016-06;0;1637;0;0;0;0;0;23;4888;0;0;0;0;0;0;0;0;0;0;0;0;0;351;0;26;0;0;0;0;10086;4197;0;6643;0;0;99;0;0;0;0;0;2133;0;0;0;73;0
20046;2016-06;0;25;0;0;0;0;0;0;203;0;0;0;0;0;0;0;0;0;0;0;0;0;7;0;1;0;0;0;0;204;47;0;42;0;0;1;0;0;0;0;0;201;0;0;0;1;0
20047;2016-06;0;3;0;0;0;0;0;0;72;0;0;0;0;0;0;0;0;0;0;0;0;0;0;0;1;0;0;0;0;54;10;0;10;0;0;0;0;0;0;0;0;149;0;0;0;0;0
20048;2016-06;0;0;0;0;0;0;0;0;13;0;0;0;0;0;0;0;0;0;0;0;0;0;3;0;0;0;0;0;0;31;2;0;3;0;0;0;0;0;0;0;0;44;0;0;0;0;0
20049;2016-06;0;30;0;0;0;0;0;1;664;0;0;0;0;0;0;0;0;0;0;0;0;0;23;0;1;0;0;0;0;653;130;0;273;0;0;5;0;0;0;0;0;869;0;0;0;2;0
20050;2016-06;0;1;0;0;0;0;0;0;49;0;0;0;0;0;0;0;0;0;0;0;0;0;0;0;0;0;0;0;0;20;4;0;1;0;0;0;0;0;0;0;0;93;0;0;0;0;0
20051;2016-06;0;68;0;0;0;0;0;1;1244;0;0;0;0;0;0;0;0;0;0;0;0;0;17;0;8;0;0;0;0;1340;334;0;643;0;0;10;0;0;0;0;0;978;0;0;0;2;0
20052;2016-06;0;10;0;0;0;0;0;0;216;0;0;0;0;0;0;0;0;0;0;0;0;0;2;0;0;0;0;0;0;220;29;0;53;0;0;4;0;0;0;0;0;233;0;0;0;1;0
20053;2016-06;0;64;0;0;0;0;0;1;457;0;0;0;0;0;0;0;0;0;0;0;0;0;16;0;5;0;0;0;0;1098;169;0;303;0;0;3;0;0;0;0;0;821;0;0;0;3;0
20054;2016-06;0;0;0;0;0;0;0;0;47;0;0;0;0;0;0;0;0;0;0;0;0;0;0;0;0;0;0;0;0;40;6;0;0;0;0;0;0;0;0;0;0;189;0;0;0;0;0
20055;2016-06;0;200;0;0;0;0;0;7;2655;0;0;0;0;0;0;0;0;0;0;0;0;0;62;0;5;0;0;0;0;3161;710;0;1488;0;0;20;0;0;0;0;0;2630;0;0;0;3;0
20056;2016-06;0;25;0;0;0;0;0;0;900;0;0;0;0;0;0;0;0;0;0;0;0;0;8;0;1;0;0;0;0;679;103;0;107;0;0;3;0;0;0;0;0;717;0;0;0;0;0
20057;2016-06;0;1;0;0;0;0;0;0;22;0;0;0;0;0;0;0;0;0;0;0;0;0;0;0;0;0;0;0;0;34;0;0;1;0;0;0;0;0;0;0;0;64;0;0;0;0;0
20058;2016-06;0;18;0;0;0;0;0;0;141;0;0;0;0;0;0;0;0;0;0;0;0;0;9;0;0;0;0;0;0;130;43;0;83;0;0;2;0;0;0;0;0;95;0;0;0;1;0
20059;2016-06;0;45;0;0;0;0;0;1;1899;0;0;0;0;0;0;0;0;0;0;0;0;0;17;0;2;0;0;0;0;1296;215;0;370;0;0;7;0;0;0;0;0;1971;0;0;0;3;0
20060;2016-06;0;0;0;0;0;0;0;0;1;0;0;0;0;0;0;0;0;0;0;0;0;0;0;0;0;0;0;0;0;0;0;0;0;0;0;0;0;0;0;0;0;64;0;0;0;0;0
20061;2016-06;0;28;0;0;0;0;0;1;919;0;0;0;0;0;0;0;0;0;0;0;0;0;16;0;2;0;0;0;0;690;109;0;186;0;0;1;0;0;0;0;0;614;0;0;0;3;0
20062;2016-06;0;6;0;0;0;0;0;0;248;0;0;0;0;0;0;0;0;0;0;0;0;0;6;0;0;0;0;0;0;124;25;0;21;0;0;2;0;0;0;0;0;209;0;0;0;1;0
20063;2016-06;0;58;0;0;0;0;0;0;1005;0;0;0;0;0;0;0;0;0;0;0;0;0;30;0;4;0;0;0;0;1472;182;0;224;0;0;4;0;0;0;0;0;2209;0;0;0;8;0
20064;2016-06;0;205;0;0;0;0;0;2;1411;0;0;0;0;0;0;0;0;0;0;0;0;0;97;0;10;0;0;0;0;2697;674;0;1173;0;0;20;0;0;0;0;0;1397;0;0;0;17;0
20065;2016-06;0;34;0;0;0;0;0;0;472;0;0;0;0;0;0;0;0;0;0;0;0;0;7;0;5;0;0;0;0;452;188;0;259;0;0;7;0;0;0;0;0;527;0;0;0;4;0
20066;2016-06;0;0;0;0;0;0;0;0;62;0;0;0;0;0;0;0;0;0;0;0;0;0;0;0;0;0;0;0;0;14;0;0;0;0;0;0;0;0;0;0;0;157;0;0;0;0;0
20067;2016-06;0;682;0;0;0;0;0;8;2404;0;0;0;0;0;0;0;0;0;0;0;0;0;198;0;14;0;0;0;0;7407;1692;0;4021;0;0;52;0;0;0;0;0;3247;0;0;0;17;0
20068;2016-06;0;0;0;0;0;0;0;0;39;0;0;0;0;0;0;0;0;0;0;0;0;0;0;0;0;0;0;0;0;30;0;0;0;0;0;0;0;0;0;0;0;63;0;0;0;0;0
20069;2016-06;0;4972;0;0;0;0;0;69;21512;0;0;0;0;0;0;0;0;0;0;0;0;0;913;0;71;0;0;0;0;28354;15555;0;15439;0;0;263;0;0;0;0;0;12044;0;0;0;204;0
20070;2016-06;0;5;0;0;0;0;0;0;268;0;0;0;0;0;0;0;0;0;0;0;0;0;1;0;2;0;0;0;0;99;10;0;19;0;0;0;0;0;0;0;0;337;0;0;0;0;0
20071;2016-06;0;161;0;0;0;0;0;4;2934;0;0;0;0;0;0;0;0;0;0;0;0;0;46;0;6;0;0;0;0;2568;553;0;798;0;0;14;0;0;0;0;0;2271;0;0;0;6;0
20072;2016-06;0;108;0;0;0;0;0;2;646;0;0;0;0;0;0;0;0;0;0;0;0;0;25;0;3;0;0;0;0;933;250;0;435;0;0;15;0;0;0;0;0;444;0;0;0;4;0
20073;2016-06;0;55;0;0;0;0;0;0;550;0;0;0;0;0;0;0;0;0;0;0;0;0;17;0;2;0;0;0;0;868;129;0;245;0;0;4;0;0;0;0;0;1109;0;0;0;1;0
20074;2016-06;0;87;0;0;0;0;0;1;2270;0;0;0;0;0;0;0;0;0;0;0;0;0;26;0;5;0;0;0;0;2157;351;0;702;0;0;8;0;0;0;0;0;2261;0;0;0;1;0
20075;2016-06;0;61;0;0;0;0;0;0;685;0;0;0;0;0;0;0;0;0;0;0;0;0;17;0;1;0;0;0;0;681;167;0;270;0;0;2;0;0;0;0;0;774;0;0;0;3;0
20076;2016-06;0;79;0;0;0;0;0;12;1183;0;0;0;0;0;0;0;0;0;0;0;0;0;16;0;3;0;0;0;0;1129;340;0;544;0;0;153;0;0;0;0;0;1153;0;0;0;7;0
20077;2016-06;0;59;0;0;0;0;0;17;1009;0;0;0;0;0;0;0;0;0;0;0;0;0;25;0;2;0;0;0;0;868;222;0;541;0;0;97;0;0;0;0;0;712;0;0;0;3;0
20078;2016-06;0;4;0;0;0;0;0;0;133;0;0;0;0;0;0;0;0;0;0;0;0;0;2;0;1;0;0;0;0;126;13;0;29;0;0;0;0;0;0;0;0;534;0;0;0;0;0
20079;2016-06;0;253;0;0;0;0;0;4;3826;0;0;0;0;0;0;0;0;0;0;0;0;0;67;0;9;0;0;0;0;3135;878;0;1183;0;0;15;0;0;0;0;0;2333;0;0;0;5;0
20080;2016-06;0;161;0;0;0;0;0;1;1035;0;0;0;0;0;0;0;0;0;0;0;0;0;43;0;5;0;0;0;0;1626;410;0;1246;0;0;13;0;0;0;0;0;664;0;0;0;7;0
20081;2016-06;0;91;0;0;0;0;0;2;1390;0;0;0;0;0;0;0;0;0;0;0;0;0;22;0;1;0;0;0;0;1317;213;0;549;0;0;12;0;0;0;0;0;1191;0;0;0;5;0
20901;2016-06;0;11;0;0;0;0;0;0;285;0;0;0;0;0;0;0;0;0;0;0;0;0;2;0;0;0;0;0;0;290;45;0;100;0;0;2;0;0;0;0;0;169;0;0;0;0;0
20902;2016-06;0;407;0;0;0;0;0;8;1233;0;0;0;0;0;0;0;0;0;0;0;0;0;83;0;10;0;0;0;0;2822;1056;0;2493;0;0;29;0;0;0;0;0;1378;0;0;0;20;0
20903;2016-06;0;83;0;0;0;0;0;0;592;0;0;0;0;0;0;0;0;0;0;0;0;0;14;0;3;0;0;0;0;961;164;0;253;0;0;8;0;0;0;0;0;625;0;0;0;3;0
20904;2016-06;0;0;0;0;0;0;0;0;8;0;0;0;0;0;0;0;0;0;0;0;0;0;1;0;0;0;0;0;0;8;0;0;1;0;0;0;0;0;0;0;0;24;0;0;0;0;0
20905;2016-06;0;0;0;0;0;0;0;0;31;0;0;0;0;0;0;0;0;0;0;0;0;0;0;0;0;0;0;0;0;16;0;0;0;0;0;0;0;0;0;0;0;52;0;0;0;0;0
20906;2016-06;0;1;0;0;0;0;0;0;25;0;0;0;0;0;0;0;0;0;0;0;0;0;1;0;0;0;0;0;0;19;1;0;1;0;0;0;0;0;0;0;0;38;0;0;0;0;0
20907;2016-06;0;0;0;0;0;0;0;0;22;0;0;0;0;0;0;0;0;0;0;0;0;0;0;0;0;0;0;0;0;23;2;0;0;0;0;0;0;0;0;0;0;36;0;0;0;0;0
21001;2016-06;0;26;0;0;0;0;0;0;0;0;0;0;0;0;0;0;0;0;0;0;0;0;3;0;0;0;0;0;0;111;98;0;210;0;0;0;0;0;0;0;0;0;0;0;0;1;0
21002;2016-06;0;1900;0;0;0;0;0;0;0;0;0;0;0;0;0;0;0;0;0;0;0;0;168;0;10;0;0;0;0;2212;3645;0;2421;0;0;16;0;0;0;0;0;0;0;0;0;25;16
21003;2016-06;0;25;0;0;0;0;0;0;0;0;0;0;0;0;0;0;0;0;0;0;0;0;5;0;2;0;0;0;0;116;43;0;261;0;0;0;0;0;0;0;0;0;0;0;0;0;0
21004;2016-06;0;68;0;0;0;0;0;0;0;0;0;0;0;0;0;0;0;0;0;0;0;0;15;0;0;0;0;0;0;176;236;0;508;0;0;5;0;0;0;0;0;0;0;0;0;3;4
21005;2016-06;0;838;0;0;0;0;0;0;0;0;0;0;0;0;0;0;0;0;0;0;0;0;73;0;12;0;0;0;0;1317;2765;0;3818;0;0;7;0;0;0;0;0;0;0;0;0;11;16
21006;2016-06;0;154;0;0;0;0;0;0;0;0;0;0;0;0;0;0;0;0;0;0;0;0;14;0;0;0;0;0;0;372;381;0;1208;0;0;2;0;0;0;0;0;0;0;0;0;1;1
21007;2016-06;0;468;0;0;0;0;0;0;0;0;0;0;0;0;0;0;0;0;0;0;0;0;27;0;6;0;0;0;0;930;1088;0;1405;0;0;15;0;0;0;0;0;0;0;0;0;3;5
21008;2016-06;0;106;0;0;0;0;0;0;0;0;0;0;0;0;0;0;0;0;0;0;0;0;7;0;1;0;0;0;0;141;421;0;948;0;0;1;0;0;0;0;0;0;0;0;0;0;1
21009;2016-06;0;41;0;0;0;0;0;0;0;0;0;0;0;0;0;0;0;0;0;0;0;0;1;0;1;0;0;0;0;121;125;0;226;0;0;2;0;0;0;0;0;0;0;0;0;1;1
21010;2016-06;0;980;0;0;0;0;0;0;0;0;0;0;0;0;0;0;0;0;0;0;0;0;115;0;15;0;0;0;0;1448;2926;0;2611;0;0;9;0;0;0;0;0;0;0;0;0;13;11
21011;2016-06;0;261;0;0;0;0;0;0;0;0;0;0;0;0;0;0;0;0;0;0;0;0;23;0;4;0;0;0;0;342;627;0;1143;0;0;1;0;0;0;0;0;0;0;0;0;2;1
21012;2016-06;0;12;0;0;0;0;0;0;0;0;0;0;0;0;0;0;0;0;0;0;0;0;0;0;0;0;0;0;0;48;81;0;90;0;0;0;0;0;0;0;0;0;0;0;0;0;0
21013;2016-06;0;660;0;0;0;0;0;0;0;0;0;0;0;0;0;0;0;0;0;0;0;0;84;0;9;0;0;0;0;1248;2094;0;2265;0;0;15;0;0;0;0;0;0;0;0;0;7;15
21014;2016-06;0;267;0;0;0;0;0;0;0;0;0;0;0;0;0;0;0;0;0;0;0;0;17;0;4;0;0;0;0;345;826;0;1498;0;0;6;0;0;0;0;0;0;0;0;0;5;2
21015;2016-06;0;40;0;0;0;0;0;0;0;0;0;0;0;0;0;0;0;0;0;0;0;0;2;0;0;0;0;0;0;62;57;0;220;0;0;3;0;0;0;0;0;0;0;0;0;0;1
21016;2016-06;0;61;0;0;0;0;0;0;0;0;0;0;0;0;0;0;0;0;0;0;0;0;4;0;0;0;0;0;0;136;124;0;393;0;0;0;0;0;0;0;0;0;0;0;0;0;1
21017;2016-06;0;134;0;0;0;0;0;0;0;0;0;0;0;0;0;0;0;0;0;0;0;0;12;0;11;0;0;0;0;305;552;0;1110;0;0;5;0;0;0;0;0;0;0;0;0;5;4
21018;2016-06;0;73;0;0;0;0;0;0;0;0;0;0;0;0;0;0;0;0;0;0;0;0;5;0;0;0;0;0;0;190;218;0;595;0;0;1;0;0;0;0;0;0;0;0;0;1;1
21019;2016-06;0;26;0;0;0;0;0;0;0;0;0;0;0;0;0;0;0;0;0;0;0;0;2;0;0;0;0;0;0;81;85;0;193;0;0;2;0;0;0;0;0;0;0;0;0;0;0
21020;2016-06;0;15;0;0;0;0;0;0;0;0;0;0;0;0;0;0;0;0;0;0;0;0;0;0;0;0;0;0;0;27;79;0;99;0;0;0;0;0;0;0;0;0;0;0;0;0;1
21021;2016-06;0;970;0;0;0;0;0;0;0;0;0;0;0;0;0;0;0;0;0;0;0;0;60;0;6;0;0;0;0;965;2721;0;2410;0;0;13;0;0;0;0;0;0;0;0;0;12;9
21022;2016-06;0;7;0;0;0;0;0;0;0;0;0;0;0;0;0;0;0;0;0;0;0;0;0;0;0;0;0;0;0;16;32;0;49;0;0;0;0;0;0;0;0;0;0;0;0;1;0
21023;2016-06;0;99;0;0;0;0;0;0;0;0;0;0;0;0;0;0;0;0;0;0;0;0;7;0;1;0;0;0;0;196;310;0;638;0;0;3;0;0;0;0;0;0;0;0;0;2;1
21024;2016-06;0;16;0;0;0;0;0;0;0;0;0;0;0;0;0;0;0;0;0;0;0;0;0;0;1;0;0;0;0;67;77;0;159;0;0;0;0;0;0;0;0;0;0;0;0;0;0
21025;2016-06;0;226;0;0;0;0;0;0;0;0;0;0;0;0;0;0;0;0;0;0;0;0;26;0;1;0;0;0;0;382;794;0;929;0;0;3;0;0;0;0;0;0;0;0;0;2;3
21026;2016-06;0;29;0;0;0;0;0;0;0;0;0;0;0;0;0;0;0;0;0;0;0;0;2;0;1;0;0;0;0;27;29;0;68;0;0;0;0;0;0;0;0;0;0;0;0;0;0
21027;2016-06;0;0;0;0;0;0;0;0;0;0;0;0;0;0;0;0;0;0;0;0;0;0;0;0;0;0;0;0;0;3;11;0;20;0;0;0;0;0;0;0;0;0;0;0;0;0;0
21028;2016-06;0;45;0;0;0;0;0;0;0;0;0;0;0;0;0;0;0;0;0;0;0;0;0;0;0;0;0;0;0;11;65;0;145;0;0;0;0;0;0;0;0;0;0;0;0;1;2
21029;2016-06;0;98;0;0;0;0;0;0;0;0;0;0;0;0;0;0;0;0;0;0;0;0;5;0;1;0;0;0;0;99;384;0;491;0;0;5;0;0;0;0;0;0;0;0;0;0;0
21030;2016-06;0;72;0;0;0;0;0;0;0;0;0;0;0;0;0;0;0;0;0;0;0;0;8;0;1;0;0;0;0;87;514;0;729;0;0;1;0;0;0;0;0;0;0;0;0;0;5
21031;2016-06;0;59;0;0;0;0;0;0;0;0;0;0;0;0;0;0;0;0;0;0;0;0;2;0;1;0;0;0;0;86;284;0;398;0;0;0;0;0;0;0;0;0;0;0;0;0;1
21032;2016-06;0;61;0;0;0;0;0;0;0;0;0;0;0;0;0;0;0;0;0;0;0;0;6;0;2;0;0;0;0;323;373;0;483;0;0;0;0;0;0;0;0;0;0;0;0;1;0
21033;2016-06;0;29;0;0;0;0;0;0;0;0;0;0;0;0;0;0;0;0;0;0;0;0;2;0;1;0;0;0;0;113;61;0;160;0;0;1;0;0;0;0;0;0;0;0;0;0;0
21034;2016-06;0;58;0;0;0;0;0;0;0;0;0;0;0;0;0;0;0;0;0;0;0;0;7;0;4;0;0;0;0;130;231;0;341;0;0;0;0;0;0;0;0;0;0;0;0;2;5
21035;2016-06;0;511;0;0;0;0;0;0;0;0;0;0;0;0;0;0;0;0;0;0;0;0;47;0;9;0;0;0;0;823;2070;0;2393;0;0;7;0;0;0;0;0;0;0;0;0;3;4
21036;2016-06;0;4;0;0;0;0;0;0;0;0;0;0;0;0;0;0;0;0;0;0;0;0;1;0;1;0;0;0;0;10;58;0;63;0;0;0;0;0;0;0;0;0;0;0;0;1;1
21037;2016-06;0;45;0;0;0;0;0;0;0;0;0;0;0;0;0;0;0;0;0;0;0;0;0;0;0;0;0;0;0;50;61;0;176;0;0;1;0;0;0;0;0;0;0;0;0;1;0
21038;2016-06;0;60;0;0;0;0;0;0;0;0;0;0;0;0;0;0;0;0;0;0;0;0;7;0;1;0;0;0;0;121;245;0;252;0;0;0;0;0;0;0;0;0;0;0;0;1;2
21039;2016-06;0;14;0;0;0;0;0;0;0;0;0;0;0;0;0;0;0;0;0;0;0;0;3;0;1;0;0;0;0;26;58;0;120;0;0;0;0;0;0;0;0;0;0;0;0;0;0
21040;2016-06;0;210;0;0;0;0;0;0;0;0;0;0;0;0;0;0;0;0;0;0;0;0;29;0;1;0;0;0;0;270;640;0;894;0;0;2;0;0;0;0;0;0;0;0;0;0;5
21041;2016-06;0;10481;0;0;0;0;0;0;0;0;0;0;0;0;0;0;0;0;0;0;0;0;1188;0;115;0;0;0;0;13667;23987;0;20875;0;0;196;0;0;0;0;0;0;0;0;0;210;170
21042;2016-06;0;939;0;0;0;0;0;0;0;0;0;0;0;0;0;0;0;0;0;0;0;0;92;0;7;0;0;0;0;1193;3045;0;2081;0;0;18;0;0;0;0;0;0;0;0;0;16;15
21043;2016-06;0;121;0;0;0;0;0;0;0;0;0;0;0;0;0;0;0;0;0;0;0;0;17;0;1;0;0;0;0;173;273;0;680;0;0;6;0;0;0;0;0;0;0;0;0;3;2
21044;2016-06;0;1283;0;0;0;0;0;0;0;0;0;0;0;0;0;0;0;0;0;0;0;0;123;0;12;0;0;0;0;1081;5216;0;2686;0;0;12;0;0;0;0;0;0;0;0;0;13;14
21045;2016-06;0;19;0;0;0;0;0;0;0;0;0;0;0;0;0;0;0;0;0;0;0;0;0;0;1;0;0;0;0;43;26;0;86;0;0;0;0;0;0;0;0;0;0;0;0;0;0
21046;2016-06;0;65;0;0;0;0;0;0;0;0;0;0;0;0;0;0;0;0;0;0;0;0;5;0;7;0;0;0;0;36;534;0;328;0;0;1;0;0;0;0;0;0;0;0;0;3;1
21047;2016-06;0;66;0;0;0;0;0;0;0;0;0;0;0;0;0;0;0;0;0;0;0;0;4;0;1;0;0;0;0;187;326;0;464;0;0;0;0;0;0;0;0;0;0;0;0;1;1
21048;2016-06;0;28;0;0;0;0;0;0;0;0;0;0;0;0;0;0;0;0;0;0;0;0;4;0;0;0;0;0;0;28;51;0;94;0;0;0;0;0;0;0;0;0;0;0;0;0;1
21049;2016-06;0;153;0;0;0;0;0;0;0;0;0;0;0;0;0;0;0;0;0;0;0;0;17;0;6;0;0;0;0;463;468;0;851;0;0;4;0;0;0;0;0;0;0;0;0;2;3
21050;2016-06;0;848;0;0;0;0;0;0;0;0;0;0;0;0;0;0;0;0;0;0;0;0;56;0;14;0;0;0;0;770;3159;0;3015;0;0;5;0;0;0;0;0;0;0;0;0;8;14
21051;2016-06;0;20;0;0;0;0;0;0;0;0;0;0;0;0;0;0;0;0;0;0;0;0;0;0;0;0;0;0;0;21;49;0;79;0;0;0;0;0;0;0;0;0;0;0;0;0;0
21052;2016-06;0;162;0;0;0;0;0;0;0;0;0;0;0;0;0;0;0;0;0;0;0;0;45;0;5;0;0;0;0;735;446;0;1238;0;0;4;0;0;0;0;0;0;0;0;0;4;2
21053;2016-06;0;201;0;0;0;0;0;0;0;0;0;0;0;0;0;0;0;0;0;0;0;0;12;0;5;0;0;0;0;262;656;0;942;0;0;6;0;0;0;0;0;0;0;0;0;5;1
21054;2016-06;0;721;0;0;0;0;0;0;0;0;0;0;0;0;0;0;0;0;0;0;0;0;58;0;5;0;0;0;0;447;2841;0;1432;0;0;9;0;0;0;0;0;0;0;0;0;5;7
21055;2016-06;0;590;0;0;0;0;0;0;0;0;0;0;0;0;0;0;0;0;0;0;0;0;56;0;5;0;0;0;0;473;2683;0;1369;0;0;9;0;0;0;0;0;0;0;0;0;8;0
21056;2016-06;0;127;0;0;0;0;0;0;0;0;0;0;0;0;0;0;0;0;0;0;0;0;14;0;0;0;0;0;0;464;451;0;819;0;0;4;0;0;0;0;0;0;0;0;0;7;2
21057;2016-06;0;37;0;0;0;0;0;0;0;0;0;0;0;0;0;0;0;0;0;0;0;0;2;0;2;0;0;0;0;51;194;0;358;0;0;0;0;0;0;0;0;0;0;0;0;1;0
21058;2016-06;0;104;0;0;0;0;0;0;0;0;0;0;0;0;0;0;0;0;0;0;0;0;6;0;0;0;0;0;0;201;330;0;1190;0;0;1;0;0;0;0;0;0;0;0;0;1;0
21059;2016-06;0;10;0;0;0;0;0;0;0;0;0;0;0;0;0;0;0;0;0;0;0;0;0;0;0;0;0;0;0;21;16;0;111;0;0;0;0;0;0;0;0;0;0;0;0;0;0
21060;2016-06;0;956;0;0;0;0;0;0;0;0;0;0;0;0;0;0;0;0;0;0;0;0;117;0;8;0;0;0;0;1229;2487;0;2349;0;0;13;0;0;0;0;0;0;0;0;0;20;12
21061;2016-06;0;253;0;0;0;0;0;0;0;0;0;0;0;0;0;0;0;0;0;0;0;0;10;0;3;0;0;0;0;247;1035;0;1596;0;0;3;0;0;0;0;0;0;0;0;0;1;1
21062;2016-06;0;88;0;0;0;0;0;0;0;0;0;0;0;0;0;0;0;0;0;0;0;0;5;0;2;0;0;0;0;43;322;0;411;0;0;0;0;0;0;0;0;0;0;0;0;1;1
21063;2016-06;0;145;0;0;0;0;0;0;0;0;0;0;0;0;0;0;0;0;0;0;0;0;9;0;1;0;0;0;0;194;362;0;1220;0;0;3;0;0;0;0;0;0;0;0;0;1;0
21064;2016-06;0;427;0;0;0;0;0;0;0;0;0;0;0;0;0;0;0;0;0;0;0;0;48;0;2;0;0;0;0;628;1234;0;1729;0;0;12;0;0;0;0;0;0;0;0;0;14;4
21065;2016-06;0;24;0;0;0;0;0;0;0;0;0;0;0;0;0;0;0;0;0;0;0;0;0;0;1;0;0;0;0;12;83;0;64;0;0;0;0;0;0;0;0;0;0;0;0;0;0
21066;2016-06;0;30;0;0;0;0;0;0;0;0;0;0;0;0;0;0;0;0;0;0;0;0;1;0;1;0;0;0;0;30;83;0;236;0;0;4;0;0;0;0;0;0;0;0;0;1;0
21067;2016-06;0;18;0;0;0;0;0;0;0;0;0;0;0;0;0;0;0;0;0;0;0;0;1;0;0;0;0;0;0;71;47;0;148;0;0;0;0;0;0;0;0;0;0;0;0;1;0
21068;2016-06;0;29;0;0;0;0;0;0;0;0;0;0;0;0;0;0;0;0;0;0;0;0;4;0;0;0;0;0;0;36;205;0;302;0;0;1;0;0;0;0;0;0;0;0;0;1;3
21069;2016-06;0;99;0;0;0;0;0;0;0;0;0;0;0;0;0;0;0;0;0;0;0;0;6;0;2;0;0;0;0;96;358;0;579;0;0;0;0;0;0;0;0;0;0;0;0;2;1
21070;2016-06;0;370;0;0;0;0;0;0;0;0;0;0;0;0;0;0;0;0;0;0;0;0;30;0;6;0;0;0;0;880;1013;0;1725;0;0;6;0;0;0;0;0;0;0;0;0;5;9
21071;2016-06;0;8;0;0;0;0;0;0;0;0;0;0;0;0;0;0;0;0;0;0;0;0;0;0;0;0;0;0;0;16;50;0;73;0;0;1;0;0;0;0;0;0;0;0;0;0;1
21072;2016-06;0;873;0;0;0;0;0;0;0;0;0;0;0;0;0;0;0;0;0;0;0;0;77;0;13;0;0;0;0;1336;1948;0;2935;0;0;16;0;0;0;0;0;0;0;0;0;16;8
21073;2016-06;0;109;0;0;0;0;0;0;0;0;0;0;0;0;0;0;0;0;0;0;0;0;5;0;0;0;0;0;0;112;430;0;441;0;0;1;0;0;0;0;0;0;0;0;0;2;1
21074;2016-06;0;94;0;0;0;0;0;0;0;0;0;0;0;0;0;0;0;0;0;0;0;0;6;0;1;0;0;0;0;108;655;0;853;0;0;0;0;0;0;0;0;0;0;0;0;2;1
21075;2016-06;0;22;0;0;0;0;0;0;0;0;0;0;0;0;0;0;0;0;0;0;0;0;5;0;0;0;0;0;0;18;88;0;133;0;0;0;0;0;0;0;0;0;0;0;0;0;0
21076;2016-06;0;96;0;0;0;0;0;0;0;0;0;0;0;0;0;0;0;0;0;0;0;0;5;0;3;0;0;0;0;295;302;0;716;0;0;1;0;0;0;0;0;0;0;0;0;2;0
21077;2016-06;0;79;0;0;0;0;0;0;0;0;0;0;0;0;0;0;0;0;0;0;0;0;7;0;0;0;0;0;0;79;439;0;589;0;0;2;0;0;0;0;0;0;0;0;0;1;3
21078;2016-06;0;105;0;0;0;0;0;0;0;0;0;0;0;0;0;0;0;0;0;0;0;0;12;0;4;0;0;0;0;467;326;0;835;0;0;1;0;0;0;0;0;0;0;0;0;1;0
21079;2016-06;0;28;0;0;0;0;0;0;0;0;0;0;0;0;0;0;0;0;0;0;0;0;2;0;2;0;0;0;0;95;137;0;220;0;0;0;0;0;0;0;0;0;0;0;0;0;1
22001;2016-06;0;28;0;0;0;0;0;0;0;0;0;0;0;0;0;0;0;0;0;0;0;0;0;0;0;0;0;0;0;14;87;0;21;0;0;0;0;0;0;0;0;0;0;0;0;0;0
22002;2016-06;0;11;0;0;0;0;0;0;0;0;0;0;0;0;0;0;0;0;0;0;0;0;0;0;0;0;0;0;0;15;41;0;28;0;0;0;0;0;0;0;0;0;0;0;0;0;0
22003;2016-06;0;15;0;0;0;0;0;0;0;0;0;0;0;0;0;0;0;0;0;0;0;0;3;0;0;0;0;0;0;17;46;0;24;0;0;0;0;0;0;0;0;0;0;0;0;1;0
22004;2016-06;0;6;0;0;0;0;0;0;0;0;0;0;0;0;0;0;0;0;0;0;0;0;0;0;0;0;0;0;0;18;33;0;22;0;0;0;0;0;0;0;0;0;0;0;0;1;0
22006;2016-06;0;23;0;0;0;0;0;0;0;3;0;0;0;0;0;0;0;0;0;0;0;0;0;0;0;0;0;0;0;60;60;0;51;0;0;1;0;0;0;0;0;0;0;0;0;0;1
22007;2016-06;0;71;0;0;0;0;0;0;0;0;0;0;0;0;0;0;0;0;0;0;0;0;5;0;0;0;0;0;0;67;289;0;139;0;0;0;0;0;0;0;0;0;0;0;0;2;0
22008;2016-06;0;11;0;0;0;0;0;0;0;1;0;0;0;0;0;0;0;0;0;0;0;0;1;0;0;0;0;0;0;20;72;0;24;0;0;0;0;0;0;0;0;0;0;0;0;1;0
22009;2016-06;0;52;0;0;0;0;0;0;0;2;0;0;0;0;0;0;0;0;0;0;0;0;1;0;1;0;0;0;0;114;117;0;144;0;0;1;0;0;0;0;0;0;0;0;0;2;1
22011;2016-06;0;10;0;0;0;0;0;0;0;0;0;1;0;0;0;0;0;0;0;0;0;0;0;0;0;0;0;0;0;11;34;0;13;0;0;0;0;0;0;0;0;0;0;0;0;0;0
22012;2016-06;0;11;0;0;0;0;0;0;0;0;0;0;0;0;0;0;0;0;0;0;0;0;1;0;0;0;0;0;0;11;45;0;15;0;0;0;0;0;0;0;0;0;0;0;0;0;0
22013;2016-06;0;30;0;0;0;0;0;0;0;1;0;0;0;0;0;0;0;0;0;0;0;0;0;0;0;0;0;0;0;29;77;0;69;0;0;0;0;0;0;0;0;0;0;0;0;1;0
22014;2016-06;0;20;0;0;0;0;0;0;0;0;0;1;0;0;0;0;0;0;0;0;0;0;1;0;0;0;0;0;0;22;70;0;68;0;0;0;0;0;0;0;0;0;0;0;0;3;0
22015;2016-06;0;33;0;0;0;0;0;0;0;0;0;0;0;0;0;0;0;0;0;0;0;0;0;0;0;0;0;0;0;43;95;0;50;0;0;0;0;0;0;0;0;0;0;0;0;2;2
22016;2016-06;0;37;0;0;0;0;0;0;0;1;0;0;0;0;0;0;0;0;0;0;0;0;4;0;0;0;0;0;0;82;139;0;140;0;0;2;0;0;0;0;0;0;0;0;0;0;0
22017;2016-06;0;86;0;0;0;0;0;0;0;2;0;1;0;0;0;0;0;0;0;0;0;0;3;0;3;0;0;0;0;94;256;0;192;0;0;0;0;0;0;0;0;0;0;0;0;0;0
22018;2016-06;0;27;0;0;0;0;0;0;0;0;0;0;0;0;0;0;0;0;0;0;0;0;1;0;0;0;0;0;0;43;95;0;75;0;0;0;0;0;0;0;0;0;0;0;0;0;0
22019;2016-06;0;25;0;0;0;0;0;0;0;2;0;0;0;0;0;0;0;0;0;0;0;0;1;0;0;0;0;0;0;29;44;0;44;0;0;2;0;0;0;0;0;0;0;0;0;0;1
22020;2016-06;0;14;0;0;0;0;0;0;0;2;0;0;0;0;0;0;0;0;0;0;0;0;0;0;0;0;0;0;0;15;36;0;18;0;0;0;0;0;0;0;0;0;0;0;0;0;0
22021;2016-06;0;204;0;0;0;0;0;0;0;5;0;3;0;0;0;0;0;0;0;0;0;2;3;0;3;0;0;0;0;222;449;0;484;0;0;3;0;0;0;0;0;0;0;0;0;0;3
22022;2016-06;0;66;0;0;0;0;0;0;0;3;0;4;0;0;0;0;0;0;0;0;0;1;3;0;0;0;0;0;0;74;117;0;131;0;0;0;0;0;0;0;0;0;0;0;0;3;0
22023;2016-06;0;35;0;0;0;0;0;0;0;0;0;0;0;0;0;0;0;0;0;0;0;2;1;0;1;0;0;0;0;29;141;0;93;0;0;0;0;0;0;0;0;0;0;0;0;0;1
22024;2016-06;0;36;0;0;0;0;0;0;0;1;0;1;0;0;0;0;0;0;0;0;0;0;1;0;0;0;0;0;0;49;35;0;43;0;0;2;0;0;0;0;0;0;0;0;0;0;0
22025;2016-06;0;84;0;0;0;0;0;0;0;4;0;2;0;0;0;0;0;0;0;0;0;0;4;0;1;0;0;0;0;102;272;0;181;0;0;0;0;0;0;0;0;0;0;0;0;0;1
22027;2016-06;0;33;0;0;0;0;0;0;0;1;0;0;0;0;0;0;0;0;0;0;0;0;0;0;0;0;0;0;0;28;94;0;61;0;0;0;0;0;0;0;0;0;0;0;0;1;0
22028;2016-06;0;40;0;0;0;0;0;0;0;0;0;0;0;0;0;0;0;0;0;0;0;0;3;0;0;0;0;0;0;61;101;0;70;0;0;0;0;0;0;0;0;0;0;0;0;1;1
22029;2016-06;0;11;0;0;0;0;0;0;0;1;0;0;0;0;0;0;0;0;0;0;0;0;0;0;0;0;0;0;0;9;48;0;30;0;0;0;0;0;0;0;0;0;0;0;0;0;1
22032;2016-06;0;10;0;0;0;0;0;0;0;0;0;0;0;0;0;0;0;0;0;0;0;0;0;0;0;0;0;0;0;17;20;0;26;0;0;1;0;0;0;0;0;0;0;0;0;0;0
22035;2016-06;0;18;0;0;0;0;0;0;0;0;0;1;0;0;0;0;0;0;0;0;0;0;1;0;0;0;0;0;0;34;31;0;70;0;0;0;0;0;0;0;0;0;0;0;0;1;0
22036;2016-06;0;13;0;0;0;0;0;0;0;0;0;0;0;0;0;0;0;0;0;0;0;0;0;0;0;0;0;0;0;9;46;0;9;0;0;0;0;0;0;0;0;0;0;0;0;0;0
22037;2016-06;0;9;0;0;0;0;0;0;0;2;0;2;0;0;0;0;0;0;0;0;0;0;1;0;0;0;0;0;0;33;34;0;5;0;0;0;0;0;0;0;0;0;0;0;0;0;0
22039;2016-06;0;75;0;0;0;0;0;0;0;0;0;2;0;0;0;0;0;0;0;0;0;0;4;0;0;0;0;0;0;176;232;0;174;0;0;0;0;0;0;0;0;0;0;0;0;0;0
22040;2016-06;0;14;0;0;0;0;0;0;0;0;0;0;0;0;0;0;0;0;0;0;0;0;1;0;0;0;0;0;0;19;53;0;26;0;0;1;0;0;0;0;0;0;0;0;0;0;0
22041;2016-06;0;15;0;0;0;0;0;0;0;0;0;0;0;0;0;0;0;0;0;0;0;0;2;0;0;0;0;0;0;7;73;0;36;0;0;0;0;0;0;0;0;0;0;0;0;0;0
22042;2016-06;0;7;0;0;0;0;0;0;0;1;0;0;0;0;0;0;0;0;0;0;0;0;1;0;0;0;0;0;0;17;39;0;26;0;0;0;0;0;0;0;0;0;0;0;0;1;0
22043;2016-06;0;4;0;0;0;0;0;0;0;0;0;0;0;0;0;0;0;0;0;0;0;0;0;0;0;0;0;0;0;14;35;0;12;0;0;0;0;0;0;0;0;0;0;0;0;0;0
22044;2016-06;0;33;0;0;0;0;0;0;0;0;0;2;0;0;0;0;0;0;0;0;0;0;1;0;0;0;0;0;0;50;57;0;53;0;0;0;0;0;0;0;0;0;0;0;0;1;0
22045;2016-06;0;8;0;0;0;0;0;0;0;0;0;0;0;0;0;0;0;0;0;0;0;0;4;0;0;0;0;0;0;14;19;0;18;0;0;0;0;0;0;0;0;0;0;0;0;0;0
22046;2016-06;0;56;0;0;0;0;0;0;0;2;0;0;0;0;0;0;0;0;0;0;0;0;2;0;1;0;0;0;0;72;220;0;200;0;0;1;0;0;0;0;0;0;0;0;0;0;2
22047;2016-06;0;39;0;0;0;0;0;0;0;0;0;1;0;0;0;0;0;0;0;0;0;0;2;0;0;0;0;0;0;32;93;0;32;0;0;1;0;0;0;0;0;0;0;0;0;0;1
22048;2016-06;0;1445;0;0;0;0;0;0;0;20;0;137;0;0;0;0;0;0;0;0;0;7;70;0;195;0;0;0;0;1400;3182;0;2054;0;0;22;0;0;0;0;0;0;0;0;0;16;92
22049;2016-06;0;11;0;0;0;0;0;0;0;0;0;0;0;0;0;0;0;0;0;0;0;0;0;0;0;0;0;0;0;6;34;0;12;0;0;0;0;0;0;0;0;0;0;0;0;0;1
22050;2016-06;0;6;0;0;0;0;0;0;0;0;0;0;0;0;0;0;0;0;0;0;0;0;0;0;0;0;0;0;0;5;42;0;23;0;0;0;0;0;0;0;0;0;0;0;0;0;1
22051;2016-06;0;5;0;0;0;0;0;0;0;0;0;0;0;0;0;0;0;0;0;0;0;0;0;0;0;0;0;0;0;13;38;0;24;0;0;1;0;0;0;0;0;0;0;0;0;0;0
22052;2016-06;0;79;0;0;0;0;0;0;0;1;0;0;0;0;0;0;0;0;0;0;0;0;6;0;0;0;0;0;0;108;257;0;246;0;0;2;0;0;0;0;0;0;0;0;0;1;2
22053;2016-06;0;46;0;0;0;0;0;0;0;3;0;1;0;0;0;0;0;0;0;0;0;0;4;0;1;0;0;0;0;94;196;0;155;0;0;0;0;0;0;0;0;0;0;0;0;2;2
22054;2016-06;0;186;0;0;0;0;0;0;0;10;0;1;0;0;0;0;0;0;0;0;0;0;9;0;0;0;0;0;0;280;357;0;211;0;0;2;0;0;0;0;0;0;0;0;0;5;3
22055;2016-06;0;33;0;0;0;0;0;0;0;0;0;0;0;0;0;0;0;0;0;0;0;0;1;0;1;0;0;0;0;24;99;0;78;0;0;0;0;0;0;0;0;0;0;0;0;0;0
22057;2016-06;0;31;0;0;0;0;0;0;0;3;0;0;0;0;0;0;0;0;0;0;0;2;1;0;0;0;0;0;0;60;55;0;115;0;0;0;0;0;0;0;0;0;0;0;0;0;0
22058;2016-06;0;22;0;0;0;0;0;0;0;1;0;1;0;0;0;0;0;0;0;0;0;0;2;0;1;0;0;0;0;40;46;0;48;0;0;0;0;0;0;0;0;0;0;0;0;0;0
22059;2016-06;0;131;0;0;0;0;0;0;0;9;0;1;0;0;0;0;0;0;0;0;0;2;6;0;2;0;0;0;0;200;256;0;187;0;0;2;0;0;0;0;0;0;0;0;0;0;1
22060;2016-06;0;119;0;0;0;0;0;0;0;1;0;0;0;0;0;0;0;0;0;0;0;2;4;0;2;0;0;0;0;177;291;0;248;0;0;0;0;0;0;0;0;0;0;0;0;0;3
22061;2016-06;0;747;0;0;0;0;0;0;0;20;0;6;0;0;0;0;0;0;0;0;0;5;32;0;6;0;0;0;0;813;1733;0;1098;0;0;7;0;0;0;0;0;0;0;0;0;10;9
22062;2016-06;0;15;0;0;0;0;0;0;0;0;0;0;0;0;0;0;0;0;0;0;0;0;1;0;0;0;0;0;0;31;51;0;17;0;0;0;0;0;0;0;0;0;0;0;0;0;0
22063;2016-06;0;11;0;0;0;0;0;0;0;3;0;0;0;0;0;0;0;0;0;0;0;0;0;0;0;0;0;0;0;38;51;0;25;0;0;0;0;0;0;0;0;0;0;0;0;0;0
22064;2016-06;0;6;0;0;0;0;0;0;0;0;0;0;0;0;0;0;0;0;0;0;0;0;1;0;0;0;0;0;0;28;41;0;43;0;0;0;0;0;0;0;0;0;0;0;0;1;0
22066;2016-06;0;50;0;0;0;0;0;0;0;0;0;1;0;0;0;0;0;0;0;0;0;2;9;0;0;0;0;0;0;159;140;0;124;0;0;1;0;0;0;0;0;0;0;0;0;3;2
22067;2016-06;0;4;0;0;0;0;0;0;0;2;0;0;0;0;0;0;0;0;0;0;0;0;1;0;0;0;0;0;0;12;6;0;24;0;0;0;0;0;0;0;0;0;0;0;0;0;0
22068;2016-06;0;7;0;0;0;0;0;0;0;0;0;1;0;0;0;0;0;0;0;0;0;1;1;0;1;0;0;0;0;15;19;0;15;0;0;0;0;0;0;0;0;0;0;0;0;0;0
22069;2016-06;0;56;0;0;0;0;0;0;0;0;0;0;0;0;0;0;0;0;0;0;0;2;1;0;0;0;0;0;0;61;138;0;70;0;0;0;0;0;0;0;0;0;0;0;0;1;0
22072;2016-06;0;14;0;0;0;0;0;0;0;2;0;0;0;0;0;0;0;0;0;0;0;0;0;0;0;0;0;0;0;37;40;0;40;0;0;0;0;0;0;0;0;0;0;0;0;2;0
22074;2016-06;0;31;0;0;0;0;0;0;0;1;0;2;0;0;0;0;0;0;0;0;0;0;1;0;1;0;0;0;0;62;70;0;52;0;0;1;0;0;0;0;0;0;0;0;0;0;0
22075;2016-06;0;11;0;0;0;0;0;0;0;0;0;0;0;0;0;0;0;0;0;0;0;0;1;0;1;0;0;0;0;18;18;0;33;0;0;0;0;0;0;0;0;0;0;0;0;0;0
22076;2016-06;0;23;0;0;0;0;0;0;0;1;0;0;0;0;0;0;0;0;0;0;0;0;2;0;0;0;0;0;0;39;84;0;50;0;0;0;0;0;0;0;0;0;0;0;0;0;0
22077;2016-06;0;35;0;0;0;0;0;0;0;0;0;0;0;0;0;0;0;0;0;0;0;0;0;0;0;0;0;0;0;31;100;0;104;0;0;0;0;0;0;0;0;0;0;0;0;0;1
22078;2016-06;0;48;0;0;0;0;0;0;0;4;0;0;0;0;0;0;0;0;0;0;0;0;4;0;0;0;0;0;0;109;74;0;71;0;0;2;0;0;0;0;0;0;0;0;0;1;0
22079;2016-06;0;9;0;0;0;0;0;0;0;1;0;0;0;0;0;0;0;0;0;0;0;0;1;0;0;0;0;0;0;8;28;0;35;0;0;0;0;0;0;0;0;0;0;0;0;0;0
22080;2016-06;0;25;0;0;0;0;0;0;0;1;0;0;0;0;0;0;0;0;0;0;0;0;1;0;0;0;0;0;0;22;102;0;36;0;0;1;0;0;0;0;0;0;0;0;0;0;0
22081;2016-06;0;40;0;0;0;0;0;0;0;1;0;0;0;0;0;0;0;0;0;0;0;0;0;0;0;0;0;0;0;15;98;0;27;0;0;0;0;0;0;0;0;0;0;0;0;0;0
22082;2016-06;0;43;0;0;0;0;0;0;0;0;0;2;0;0;0;0;0;0;0;0;0;1;3;0;0;0;0;0;0;23;93;0;44;0;0;2;0;0;0;0;0;0;0;0;0;0;0
22083;2016-06;0;31;0;0;0;0;0;0;0;0;0;1;0;0;0;0;0;0;0;0;0;0;1;0;1;0;0;0;0;42;175;0;133;0;0;0;0;0;0;0;0;0;0;0;0;0;1
22084;2016-06;0;44;0;0;0;0;0;0;0;1;0;2;0;0;0;0;0;0;0;0;0;0;4;0;0;0;0;0;0;98;153;0;88;0;0;2;0;0;0;0;0;0;0;0;0;0;3
22085;2016-06;0;10;0;0;0;0;0;0;0;0;0;0;0;0;0;0;0;0;0;0;0;0;1;0;0;0;0;0;0;16;25;0;34;0;0;0;0;0;0;0;0;0;0;0;0;0;0
22086;2016-06;0;22;0;0;0;0;0;0;0;0;0;0;0;0;0;0;0;0;0;0;0;0;1;0;1;0;0;0;0;40;62;0;30;0;0;2;0;0;0;0;0;0;0;0;0;0;0
22087;2016-06;0;5;0;0;0;0;0;0;0;0;0;0;0;0;0;0;0;0;0;0;0;0;0;0;0;0;0;0;0;0;29;0;9;0;0;0;0;0;0;0;0;0;0;0;0;0;0
22088;2016-06;0;5;0;0;0;0;0;0;0;0;0;0;0;0;0;0;0;0;0;0;0;0;2;0;0;0;0;0;0;27;40;0;34;0;0;0;0;0;0;0;0;0;0;0;0;0;0
22089;2016-06;0;20;0;0;0;0;0;0;0;4;0;0;0;0;0;0;0;0;0;0;0;0;1;0;1;0;0;0;0;44;89;0;59;0;0;0;0;0;0;0;0;0;0;0;0;1;4
22090;2016-06;0;7;0;0;0;0;0;0;0;0;0;0;0;0;0;0;0;0;0;0;0;0;0;0;0;0;0;0;0;16;28;0;20;0;0;0;0;0;0;0;0;0;0;0;0;0;0
22094;2016-06;0;10;0;0;0;0;0;0;0;0;0;0;0;0;0;0;0;0;0;0;0;0;2;0;0;0;0;0;0;10;28;0;23;0;0;0;0;0;0;0;0;0;0;0;0;0;0
22095;2016-06;0;6;0;0;0;0;0;0;0;0;0;0;0;0;0;0;0;0;0;0;0;0;0;0;0;0;0;0;0;14;17;0;20;0;0;0;0;0;0;0;0;0;0;0;0;0;0
22096;2016-06;0;47;0;0;0;0;0;0;0;0;0;0;0;0;0;0;0;0;0;0;0;0;1;0;0;0;0;0;0;47;94;0;45;0;0;2;0;0;0;0;0;0;0;0;0;3;1
22099;2016-06;0;33;0;0;0;0;0;0;0;0;0;0;0;0;0;0;0;0;0;0;0;0;0;0;0;0;0;0;0;61;152;0;126;0;0;1;0;0;0;0;0;0;0;0;0;0;0
22102;2016-06;0;33;0;0;0;0;0;0;0;1;0;0;0;0;0;0;0;0;0;0;0;0;0;0;0;0;0;0;0;25;46;0;30;0;0;0;0;0;0;0;0;0;0;0;0;0;1
22103;2016-06;0;79;0;0;0;0;0;0;0;0;0;2;0;0;0;0;0;0;0;0;0;0;5;0;0;0;0;0;0;79;156;0;176;0;0;0;0;0;0;0;0;0;0;0;0;0;2
22105;2016-06;0;7;0;0;0;0;0;0;0;0;0;0;0;0;0;0;0;0;0;0;0;0;0;0;0;0;0;0;0;14;28;0;26;0;0;0;0;0;0;0;0;0;0;0;0;0;0
22106;2016-06;0;1;0;0;0;0;0;0;0;0;0;0;0;0;0;0;0;0;0;0;0;0;0;0;0;0;0;0;0;2;5;0;3;0;0;1;0;0;0;0;0;0;0;0;0;2;0
22107;2016-06;0;7;0;0;0;0;0;0;0;0;0;0;0;0;0;0;0;0;0;0;0;0;0;0;0;0;0;0;0;20;32;0;14;0;0;0;0;0;0;0;0;0;0;0;0;0;1
22109;2016-06;0;40;0;0;0;0;0;0;0;0;0;0;0;0;0;0;0;0;0;0;0;0;1;0;0;0;0;0;0;36;79;0;33;0;0;0;0;0;0;0;0;0;0;0;0;0;0
22110;2016-06;0;60;0;0;0;0;0;0;0;0;0;0;0;0;0;0;0;0;0;0;0;0;2;0;1;0;0;0;0;104;196;0;153;0;0;1;0;0;0;0;0;0;0;0;0;3;3
22111;2016-06;0;16;0;0;0;0;0;0;0;0;0;0;0;0;0;0;0;0;0;0;0;0;2;0;0;0;0;0;0;9;51;0;23;0;0;0;0;0;0;0;0;0;0;0;0;1;0
22112;2016-06;0;1091;0;0;0;0;0;0;0;16;0;8;0;0;0;0;0;0;0;0;0;7;49;0;3;0;0;0;0;1117;2502;0;1422;0;0;6;0;0;0;0;0;0;0;0;0;5;23
22113;2016-06;0;63;0;0;0;0;0;0;0;2;0;0;0;0;0;0;0;0;0;0;0;0;1;0;0;0;0;0;0;71;129;0;97;0;0;1;0;0;0;0;0;0;0;0;0;0;0
22114;2016-06;0;7;0;0;0;0;0;0;0;0;0;0;0;0;0;0;0;0;0;0;0;0;0;0;0;0;0;0;0;7;43;0;24;0;0;0;0;0;0;0;0;0;0;0;0;0;0
22115;2016-06;0;22;0;0;0;0;0;0;0;0;0;1;0;0;0;0;0;0;0;0;0;0;1;0;0;0;0;0;0;38;122;0;63;0;0;0;0;0;0;0;0;0;0;0;0;0;6
22116;2016-06;0;152;0;0;0;0;0;0;0;4;0;3;0;0;0;0;0;0;0;0;0;1;5;0;1;0;0;0;0;119;409;0;292;0;0;0;0;0;0;0;0;0;0;0;0;2;1
22117;2016-06;0;229;0;0;0;0;0;0;0;9;0;2;0;0;0;0;0;0;0;0;0;0;13;0;3;0;0;0;0;327;723;0;356;0;0;2;0;0;0;0;0;0;0;0;0;6;1
22119;2016-06;0;103;0;0;0;0;0;0;0;4;0;1;0;0;0;0;0;0;0;0;0;0;5;0;1;0;0;0;0;175;378;0;261;0;0;1;0;0;0;0;0;0;0;0;0;0;1
22122;2016-06;0;4;0;0;0;0;0;0;0;0;0;0;0;0;0;0;0;0;0;0;0;0;0;0;0;0;0;0;0;12;26;0;13;0;0;0;0;0;0;0;0;0;0;0;0;0;0
22124;2016-06;0;19;0;0;0;0;0;0;0;0;0;0;0;0;0;0;0;0;0;0;0;0;1;0;0;0;0;0;0;32;50;0;38;0;0;0;0;0;0;0;0;0;0;0;0;0;2
22125;2016-06;0;4599;0;0;0;0;0;0;0;146;0;100;0;0;0;0;0;0;0;0;0;20;254;0;27;0;0;0;0;5651;9018;0;6411;0;0;57;0;0;0;0;0;0;0;0;0;77;114
22126;2016-06;0;7;0;0;0;0;0;0;0;0;0;0;0;0;0;0;0;0;0;0;0;0;0;0;0;0;0;0;0;2;40;0;15;0;0;0;0;0;0;0;0;0;0;0;0;0;0
22127;2016-06;0;96;0;0;0;0;0;0;0;0;0;2;0;0;0;0;0;0;0;0;0;0;6;0;0;0;0;0;0;78;110;0;72;0;0;3;0;0;0;0;0;0;0;0;0;0;1
22128;2016-06;0;20;0;0;0;0;0;0;0;0;0;0;0;0;0;0;0;0;0;0;0;0;0;0;0;0;0;0;0;13;65;0;43;0;0;0;0;0;0;0;0;0;0;0;0;0;0
22129;2016-06;0;21;0;0;0;0;0;0;0;0;0;0;0;0;0;0;0;0;0;0;0;0;0;0;0;0;0;0;0;13;61;0;22;0;0;0;0;0;0;0;0;0;0;0;0;0;0
22130;2016-06;0;1160;0;0;0;0;0;0;0;27;0;15;0;0;0;0;0;0;0;0;0;3;49;0;15;0;0;0;0;1470;2128;0;1627;0;0;20;0;0;0;0;0;0;0;0;0;14;21
22131;2016-06;0;15;0;0;0;0;0;0;0;0;0;0;0;0;0;0;0;0;0;0;0;0;1;0;0;0;0;0;0;7;17;0;23;0;0;0;0;0;0;0;0;0;0;0;0;0;0
22133;2016-06;0;13;0;0;0;0;0;0;0;0;0;0;0;0;0;0;0;0;0;0;0;0;0;0;0;0;0;0;0;14;19;0;33;0;0;0;0;0;0;0;0;0;0;0;0;0;0
22135;2016-06;0;23;0;0;0;0;0;0;0;1;0;0;0;0;0;0;0;0;0;0;0;0;0;0;0;0;0;0;0;21;57;0;25;0;0;0;0;0;0;0;0;0;0;0;0;0;0
22136;2016-06;0;70;0;0;0;0;0;0;0;1;0;0;0;0;0;0;0;0;0;0;0;2;0;0;1;0;0;0;0;78;263;0;167;0;0;0;0;0;0;0;0;0;0;0;0;0;1
22137;2016-06;0;97;0;0;0;0;0;0;0;0;0;0;0;0;0;0;0;0;0;0;0;0;4;0;2;0;0;0;0;100;235;0;273;0;0;1;0;0;0;0;0;0;0;0;0;2;1
22139;2016-06;0;5;0;0;0;0;0;0;0;1;0;0;0;0;0;0;0;0;0;0;0;0;0;0;0;0;0;0;0;11;40;0;5;0;0;0;0;0;0;0;0;0;0;0;0;1;0
22141;2016-06;0;6;0;0;0;0;0;0;0;0;0;1;0;0;0;0;0;0;0;0;0;0;0;0;0;0;0;0;0;10;51;0;21;0;0;0;0;0;0;0;0;0;0;0;0;0;0
22142;2016-06;0;0;0;0;0;0;0;0;0;0;0;0;0;0;0;0;0;0;0;0;0;0;1;0;0;0;0;0;0;16;48;0;8;0;0;0;0;0;0;0;0;0;0;0;0;0;0
22143;2016-06;0;25;0;0;0;0;0;0;0;1;0;0;0;0;0;0;0;0;0;0;0;0;0;0;0;0;0;0;0;23;73;0;17;0;0;0;0;0;0;0;0;0;0;0;0;1;0
22144;2016-06;0;11;0;0;0;0;0;0;0;0;0;0;0;0;0;0;0;0;0;0;0;0;0;0;1;0;0;0;0;27;93;0;54;0;0;0;0;0;0;0;0;0;0;0;0;0;0
22149;2016-06;0;24;0;0;0;0;0;0;0;0;0;0;0;0;0;0;0;0;0;0;0;1;1;0;2;0;0;0;0;44;90;0;65;0;0;0;0;0;0;0;0;0;0;0;0;0;1
22150;2016-06;0;35;0;0;0;0;0;0;0;4;0;2;0;0;0;0;0;0;0;0;0;0;3;0;2;0;0;0;0;79;118;0;84;0;0;0;0;0;0;0;0;0;0;0;0;2;0
22151;2016-06;0;12;0;0;0;0;0;0;0;0;0;0;0;0;0;0;0;0;0;0;0;0;0;0;0;0;0;0;0;11;35;0;5;0;0;0;0;0;0;0;0;0;0;0;0;0;0
22155;2016-06;0;9;0;0;0;0;0;0;0;0;0;0;0;0;0;0;0;0;0;0;0;0;0;0;0;0;0;0;0;8;26;0;8;0;0;0;0;0;0;0;0;0;0;0;0;0;0
22156;2016-06;0;37;0;0;0;0;0;0;0;5;0;2;0;0;0;0;0;0;0;0;0;0;7;0;0;0;0;0;0;33;77;0;54;0;0;2;0;0;0;0;0;0;0;0;0;0;1
22157;2016-06;0;8;0;0;0;0;0;0;0;0;0;0;0;0;0;0;0;0;0;0;0;2;3;0;2;0;0;0;0;21;37;0;50;0;0;1;0;0;0;0;0;0;0;0;0;0;1
22158;2016-06;0;1277;0;0;0;0;0;0;0;45;0;15;0;0;0;0;0;0;0;0;0;6;79;0;22;0;0;0;0;1631;2735;0;2202;0;0;13;0;0;0;0;0;0;0;0;0;15;24
22160;2016-06;0;18;0;0;0;0;0;0;0;0;0;0;0;0;0;0;0;0;0;0;0;0;1;0;0;0;0;0;0;44;57;0;42;0;0;0;0;0;0;0;0;0;0;0;0;0;0
22162;2016-06;0;27;0;0;0;0;0;0;0;1;0;0;0;0;0;0;0;0;0;0;0;0;1;0;1;0;0;0;0;5;46;0;21;0;0;0;0;0;0;0;0;0;0;0;0;0;0
22163;2016-06;0;79;0;0;0;0;0;0;0;1;0;0;0;0;0;0;0;0;0;0;0;0;7;0;0;0;0;0;0;60;133;0;69;0;0;1;0;0;0;0;0;0;0;0;0;2;3
22164;2016-06;0;4;0;0;0;0;0;0;0;0;0;0;0;0;0;0;0;0;0;0;0;0;0;0;0;0;0;0;0;3;14;0;7;0;0;0;0;0;0;0;0;0;0;0;0;0;0
22165;2016-06;0;38;0;0;0;0;0;0;0;1;0;0;0;0;0;0;0;0;0;0;0;0;1;0;0;0;0;0;0;45;176;0;93;0;0;0;0;0;0;0;0;0;0;0;0;0;0
22167;2016-06;0;44;0;0;0;0;0;0;0;1;0;0;0;0;0;0;0;0;0;0;0;0;0;0;0;0;0;0;0;57;169;0;101;0;0;0;0;0;0;0;0;0;0;0;0;0;0
22168;2016-06;0;8;0;0;0;0;0;0;0;0;0;0;0;0;0;0;0;0;0;0;0;0;0;0;0;0;0;0;0;3;2;0;5;0;0;0;0;0;0;0;0;0;0;0;0;0;0
22170;2016-06;0;55;0;0;0;0;0;0;0;1;0;0;0;0;0;0;0;0;0;0;0;1;6;0;1;0;0;0;0;123;203;0;91;0;0;2;0;0;0;0;0;0;0;0;0;2;1
22172;2016-06;0;61;0;0;0;0;0;0;0;1;0;0;0;0;0;0;0;0;0;0;0;0;0;0;1;0;0;0;0;35;196;0;66;0;0;1;0;0;0;0;0;0;0;0;0;0;3
22173;2016-06;0;13;0;0;0;0;0;0;0;0;0;0;0;0;0;0;0;0;0;0;0;0;5;0;0;0;0;0;0;47;46;0;38;0;0;0;0;0;0;0;0;0;0;0;0;0;0
22174;2016-06;0;32;0;0;0;0;0;0;0;0;0;0;0;0;0;0;0;0;0;0;0;0;3;0;1;0;0;0;0;43;201;0;95;0;0;0;0;0;0;0;0;0;0;0;0;0;1
22175;2016-06;0;20;0;0;0;0;0;0;0;1;0;1;0;0;0;0;0;0;0;0;0;0;4;0;4;0;0;0;0;24;56;0;31;0;0;0;0;0;0;0;0;0;0;0;0;0;0
22176;2016-06;0;21;0;0;0;0;0;0;0;0;0;0;0;0;0;0;0;0;0;0;0;0;1;0;0;0;0;0;0;13;76;0;18;0;0;0;0;0;0;0;0;0;0;0;0;0;0
22177;2016-06;0;8;0;0;0;0;0;0;0;1;0;0;0;0;0;0;0;0;0;0;0;0;0;0;0;0;0;0;0;9;35;0;22;0;0;0;0;0;0;0;0;0;0;0;0;0;0
22178;2016-06;0;21;0;0;0;0;0;0;0;0;0;0;0;0;0;0;0;0;0;0;0;0;0;0;0;0;0;0;0;7;33;0;20;0;0;0;0;0;0;0;0;0;0;0;0;0;0
22181;2016-06;0;9;0;0;0;0;0;0;0;1;0;0;0;0;0;0;0;0;0;0;0;0;0;0;0;0;0;0;0;12;28;0;8;0;0;0;0;0;0;0;0;0;0;0;0;1;0
22182;2016-06;0;19;0;0;0;0;0;0;0;0;0;0;0;0;0;0;0;0;0;0;0;0;0;0;1;0;0;0;0;37;57;0;43;0;0;0;0;0;0;0;0;0;0;0;0;0;0
22184;2016-06;0;20;0;0;0;0;0;0;0;1;0;0;0;0;0;0;0;0;0;0;0;0;1;0;0;0;0;0;0;19;77;0;32;0;0;1;0;0;0;0;0;0;0;0;0;0;1
22186;2016-06;0;14;0;0;0;0;0;0;0;0;0;0;0;0;0;0;0;0;0;0;0;0;0;0;0;0;0;0;0;16;46;0;52;0;0;0;0;0;0;0;0;0;0;0;0;0;0
22187;2016-06;0;21;0;0;0;0;0;0;0;3;0;0;0;0;0;0;0;0;0;0;0;1;2;0;0;0;0;0;0;64;83;0;40;0;0;0;0;0;0;0;0;0;0;0;0;0;0
22188;2016-06;0;2;0;0;0;0;0;0;0;0;0;0;0;0;0;0;0;0;0;0;0;0;0;0;0;0;0;0;0;13;16;0;22;0;0;0;0;0;0;0;0;0;0;0;0;0;0
22189;2016-06;0;16;0;0;0;0;0;0;0;0;0;0;0;0;0;0;0;0;0;0;0;0;2;0;0;0;0;0;0;19;59;0;43;0;0;0;0;0;0;0;0;0;0;0;0;0;0
22190;2016-06;0;7;0;0;0;0;0;0;0;0;0;0;0;0;0;0;0;0;0;0;0;0;2;0;0;0;0;0;0;21;21;0;32;0;0;1;0;0;0;0;0;0;0;0;0;0;1
22193;2016-06;0;24;0;0;0;0;0;0;0;1;0;0;0;0;0;0;0;0;0;0;0;0;2;0;1;0;0;0;0;42;93;0;59;0;0;0;0;0;0;0;0;0;0;0;0;0;0
22195;2016-06;0;35;0;0;0;0;0;0;0;0;0;0;0;0;0;0;0;0;0;0;0;0;3;0;1;0;0;0;0;31;83;0;24;0;0;0;0;0;0;0;0;0;0;0;0;0;1
22197;2016-06;0;51;0;0;0;0;0;0;0;0;0;3;0;0;0;0;0;0;0;0;0;0;1;0;0;0;0;0;0;54;143;0;100;0;0;0;0;0;0;0;0;0;0;0;0;0;1
22199;2016-06;0;706;0;0;0;0;0;0;0;10;0;11;0;0;0;0;0;0;0;0;0;6;41;0;6;0;0;0;0;1034;1368;0;1379;0;0;10;0;0;0;0;0;0;0;0;0;10;3
22200;2016-06;0;28;0;0;0;0;0;0;0;0;0;0;0;0;0;0;0;0;0;0;0;1;0;0;0;0;0;0;0;42;62;0;44;0;0;0;0;0;0;0;0;0;0;0;0;0;0
22201;2016-06;0;24;0;0;0;0;0;0;0;0;0;0;0;0;0;0;0;0;0;0;0;0;2;0;0;0;0;0;0;32;45;0;80;0;0;1;0;0;0;0;0;0;0;0;0;0;0
22202;2016-06;0;18;0;0;0;0;0;0;0;1;0;0;0;0;0;0;0;0;0;0;0;0;0;0;0;0;0;0;0;23;37;0;40;0;0;0;0;0;0;0;0;0;0;0;0;0;0
22203;2016-06;0;6;0;0;0;0;0;0;0;0;0;0;0;0;0;0;0;0;0;0;0;0;0;0;0;0;0;0;0;10;32;0;17;0;0;0;0;0;0;0;0;0;0;0;0;1;0
22204;2016-06;0;119;0;0;0;0;0;0;0;3;0;0;0;0;0;0;0;0;0;0;0;0;9;0;1;0;0;0;0;161;324;0;102;0;0;3;0;0;0;0;0;0;0;0;0;2;3
22205;2016-06;0;27;0;0;0;0;0;0;0;0;0;0;0;0;0;0;0;0;0;0;0;0;3;0;0;0;0;0;0;54;86;0;150;0;0;0;0;0;0;0;0;0;0;0;0;0;0
22206;2016-06;0;17;0;0;0;0;0;0;0;2;0;0;0;0;0;0;0;0;0;0;0;0;1;0;0;0;0;0;0;26;28;0;53;0;0;0;0;0;0;0;0;0;0;0;0;0;0
22207;2016-06;0;11;0;0;0;0;0;0;0;0;0;0;0;0;0;0;0;0;0;0;0;1;0;0;0;0;0;0;0;18;20;0;19;0;0;0;0;0;0;0;0;0;0;0;0;0;0
22208;2016-06;0;21;0;0;0;0;0;0;0;2;0;0;0;0;0;0;0;0;0;0;0;1;1;0;1;0;0;0;0;52;32;0;35;0;0;0;0;0;0;0;0;0;0;0;0;0;0
22209;2016-06;0;17;0;0;0;0;0;0;0;3;0;0;0;0;0;0;0;0;0;0;0;0;0;0;0;0;0;0;0;38;21;0;36;0;0;2;0;0;0;0;0;0;0;0;0;0;0
22212;2016-06;0;6;0;0;0;0;0;0;0;0;0;0;0;0;0;0;0;0;0;0;0;0;1;0;0;0;0;0;0;14;14;0;26;0;0;0;0;0;0;0;0;0;0;0;0;1;0
22213;2016-06;0;278;0;0;0;0;0;0;0;5;0;3;0;0;0;0;0;0;0;0;0;0;16;0;2;0;0;0;0;323;843;0;638;0;0;0;0;0;0;0;0;0;0;0;0;3;1
22214;2016-06;0;19;0;0;0;0;0;0;0;0;0;0;0;0;0;0;0;0;0;0;0;0;0;0;0;0;0;0;0;14;56;0;12;0;0;0;0;0;0;0;0;0;0;0;0;0;1
22215;2016-06;0;13;0;0;0;0;0;0;0;1;0;1;0;0;0;0;0;0;0;0;0;0;0;0;0;0;0;0;0;17;28;0;35;0;0;0;0;0;0;0;0;0;0;0;0;0;0
22217;2016-06;0;51;0;0;0;0;0;0;0;0;0;0;0;0;0;0;0;0;0;0;0;0;1;0;0;0;0;0;0;34;103;0;89;0;0;0;0;0;0;0;0;0;0;0;0;0;2
22218;2016-06;0;6;0;0;0;0;0;0;0;0;0;0;0;0;0;0;0;0;0;0;0;0;0;0;0;0;0;0;0;4;12;0;11;0;0;0;0;0;0;0;0;0;0;0;0;0;0
22220;2016-06;0;21;0;0;0;0;0;0;0;0;0;0;0;0;0;0;0;0;0;0;0;0;2;0;1;0;0;0;0;15;46;0;37;0;0;0;0;0;0;0;0;0;0;0;0;1;0
22221;2016-06;0;13;0;0;0;0;0;0;0;0;0;0;0;0;0;0;0;0;0;0;0;0;1;0;0;0;0;0;0;16;23;0;4;0;0;0;0;0;0;0;0;0;0;0;0;0;1
22222;2016-06;0;84;0;0;0;0;0;0;0;3;0;1;0;0;0;0;0;0;0;0;0;0;4;0;0;0;0;0;0;84;136;0;59;0;0;1;0;0;0;0;0;0;0;0;0;0;4
22223;2016-06;0;7;0;0;0;0;0;0;0;0;0;0;0;0;0;0;0;0;0;0;0;1;0;0;0;0;0;0;0;22;8;0;19;0;0;0;0;0;0;0;0;0;0;0;0;1;0
22225;2016-06;0;214;0;0;0;0;0;0;0;9;0;5;0;0;0;0;0;0;0;0;0;2;10;0;3;0;0;0;0;298;748;0;353;0;0;2;0;0;0;0;0;0;0;0;0;3;1
22226;2016-06;0;63;0;0;0;0;0;0;0;4;0;3;0;0;0;0;0;0;0;0;0;0;2;0;0;0;0;0;0;77;208;0;185;0;0;2;0;0;0;0;0;0;0;0;0;0;8
22227;2016-06;0;15;0;0;0;0;0;0;0;0;0;1;0;0;0;0;0;0;0;0;0;0;1;0;0;0;0;0;0;24;52;0;62;0;0;1;0;0;0;0;0;0;0;0;0;1;0
22228;2016-06;0;89;0;0;0;0;0;0;0;2;0;0;0;0;0;0;0;0;0;0;0;0;7;0;1;0;0;0;0;73;123;0;58;0;0;0;0;0;0;0;0;0;0;0;0;0;2
22229;2016-06;0;12;0;0;0;0;0;0;0;0;0;0;0;0;0;0;0;0;0;0;0;0;0;0;0;0;0;0;0;16;29;0;21;0;0;1;0;0;0;0;0;0;0;0;0;0;0
22230;2016-06;0;30;0;0;0;0;0;0;0;2;0;1;0;0;0;0;0;0;0;0;0;1;0;0;0;0;0;0;0;45;80;0;54;0;0;1;0;0;0;0;0;0;0;0;0;1;0
22232;2016-06;0;9;0;0;0;0;0;0;0;0;0;0;0;0;0;0;0;0;0;0;0;0;0;0;0;0;0;0;0;6;37;0;15;0;0;0;0;0;0;0;0;0;0;0;0;0;1
22233;2016-06;0;5;0;0;0;0;0;0;0;0;0;0;0;0;0;0;0;0;0;0;0;0;0;0;0;0;0;0;0;2;26;0;21;0;0;0;0;0;0;0;0;0;0;0;0;0;0
22234;2016-06;0;97;0;0;0;0;0;0;0;2;0;0;0;0;0;0;0;0;0;0;0;2;2;0;1;0;0;0;0;67;223;0;140;0;0;4;0;0;0;0;0;0;0;0;0;3;0
22235;2016-06;0;4;0;0;0;0;0;0;0;0;0;0;0;0;0;0;0;0;0;0;0;0;0;0;0;0;0;0;0;5;36;0;30;0;0;0;0;0;0;0;0;0;0;0;0;0;0
22236;2016-06;0;26;0;0;0;0;0;0;0;1;0;0;0;0;0;0;0;0;0;0;0;0;2;0;0;0;0;0;0;19;82;0;68;0;0;1;0;0;0;0;0;0;0;0;0;0;1
22239;2016-06;0;5;0;0;0;0;0;0;0;0;0;1;0;0;0;0;0;0;0;0;0;0;0;0;0;0;0;0;0;6;41;0;18;0;0;0;0;0;0;0;0;0;0;0;0;0;1
22242;2016-06;0;4;0;0;0;0;0;0;0;0;0;0;0;0;0;0;0;0;0;0;0;0;1;0;0;0;0;0;0;0;26;0;12;0;0;1;0;0;0;0;0;0;0;0;0;0;0
22243;2016-06;0;4;0;0;0;0;0;0;0;0;0;0;0;0;0;0;0;0;0;0;0;0;0;0;0;0;0;0;0;0;12;0;12;0;0;0;0;0;0;0;0;0;0;0;0;0;0
22244;2016-06;0;5;0;0;0;0;0;0;0;0;0;0;0;0;0;0;0;0;0;0;0;0;0;0;0;0;0;0;0;8;15;0;9;0;0;0;0;0;0;0;0;0;0;0;0;0;0
22245;2016-06;0;40;0;0;0;0;0;0;0;0;0;0;0;0;0;0;0;0;0;0;0;1;1;0;0;0;0;0;0;17;150;0;51;0;0;0;0;0;0;0;0;0;0;0;0;0;0
22246;2016-06;0;4;0;0;0;0;0;0;0;0;0;0;0;0;0;0;0;0;0;0;0;0;0;0;0;0;0;0;0;13;18;0;15;0;0;0;0;0;0;0;0;0;0;0;0;0;0
22247;2016-06;0;0;0;0;0;0;0;0;0;0;0;0;0;0;0;0;0;0;0;0;0;0;0;0;0;0;0;0;0;5;4;0;11;0;0;0;0;0;0;0;0;0;0;0;0;0;0
22248;2016-06;0;17;0;0;0;0;0;0;0;0;0;0;0;0;0;0;0;0;0;0;0;0;0;0;0;0;0;0;0;14;25;0;33;0;0;0;0;0;0;0;0;0;0;0;0;0;0
22249;2016-06;0;15;0;0;0;0;0;0;0;2;0;0;0;0;0;0;0;0;0;0;0;0;3;0;0;0;0;0;0;26;24;0;20;0;0;0;0;0;0;0;0;0;0;0;0;0;1
22250;2016-06;0;35;0;0;0;0;0;0;0;0;0;0;0;0;0;0;0;0;0;0;0;0;3;0;1;0;0;0;0;77;83;0;54;0;0;0;0;0;0;0;0;0;0;0;0;1;0
22251;2016-06;0;61;0;0;0;0;0;0;0;1;0;0;0;0;0;0;0;0;0;0;0;0;2;0;0;0;0;0;0;22;150;0;48;0;0;0;0;0;0;0;0;0;0;0;0;0;0
22252;2016-06;0;10;0;0;0;0;0;0;0;2;0;0;0;0;0;0;0;0;0;0;0;0;0;0;0;0;0;0;0;11;29;0;29;0;0;0;0;0;0;0;0;0;0;0;0;0;0
22253;2016-06;0;5;0;0;0;0;0;0;0;0;0;0;0;0;0;0;0;0;0;0;0;0;0;0;0;0;0;0;0;8;20;0;19;0;0;0;0;0;0;0;0;0;0;0;0;0;0
22254;2016-06;0;116;0;0;0;0;0;0;0;1;0;0;0;0;0;0;0;0;0;0;0;0;1;0;1;0;0;0;0;99;279;0;281;0;0;0;0;0;0;0;0;0;0;0;0;1;2
22901;2016-06;0;47;0;0;0;0;0;0;0;1;0;4;0;0;0;0;0;0;0;0;0;0;1;0;1;0;0;0;0;131;139;0;141;0;0;0;0;0;0;0;0;0;0;0;0;0;0
22902;2016-06;0;25;0;0;0;0;0;0;0;1;0;0;0;0;0;0;0;0;0;0;0;0;2;0;0;0;0;0;0;30;72;0;26;0;0;0;0;0;0;0;0;0;0;0;0;0;0
22903;2016-06;0;71;0;0;0;0;0;0;0;3;0;1;0;0;0;0;0;0;0;0;0;1;2;0;1;0;0;0;0;76;200;0;151;0;0;0;0;0;0;0;0;0;0;0;0;0;0
22904;2016-06;0;57;0;0;0;0;0;0;0;3;0;0;0;0;0;0;0;0;0;0;0;0;4;0;3;0;0;0;0;97;263;0;137;0;0;1;0;0;0;0;0;0;0;0;0;1;1
22905;2016-06;0;40;0;0;0;0;0;0;0;4;0;0;0;0;0;0;0;0;0;0;0;0;4;0;0;0;0;0;0;23;100;0;35;0;0;1;0;0;0;0;0;0;0;0;0;0;1
22906;2016-06;0;15;0;0;0;0;0;0;0;2;0;1;0;0;0;0;0;0;0;0;0;0;0;0;1;0;0;0;0;24;39;0;53;0;0;1;0;0;0;0;0;0;0;0;0;0;0
22907;2016-06;0;149;0;0;0;0;0;0;0;7;0;5;0;0;0;0;0;0;0;0;0;0;2;0;2;0;0;0;0;246;358;0;250;0;0;0;0;0;0;0;0;0;0;0;0;4;5
22908;2016-06;0;13;0;0;0;0;0;0;0;1;0;1;0;0;0;0;0;0;0;0;0;0;1;0;0;0;0;0;0;37;44;0;39;0;0;1;0;0;0;0;0;0;0;0;0;0;0
22909;2016-06;0;18;0;0;0;0;0;0;0;2;0;0;0;0;0;0;0;0;0;0;0;1;2;0;0;0;0;0;0;35;76;0;87;0;0;0;0;0;0;0;0;0;0;0;0;0;0
23001;2016-06;0;29;0;0;0;0;1;0;0;0;0;0;0;0;0;0;0;0;0;0;0;0;5;0;0;0;0;0;0;97;335;0;326;0;0;0;0;0;0;0;0;0;0;0;0;2;3
23002;2016-06;0;1607;0;0;0;0;36;0;0;0;0;0;0;0;0;0;0;0;0;0;0;0;108;0;28;0;0;0;0;1291;4186;0;5249;0;0;16;0;0;0;0;0;0;0;0;0;25;28
23003;2016-06;0;511;0;0;0;0;16;0;0;0;0;0;0;0;0;0;0;0;0;0;0;0;41;0;4;0;0;0;0;428;2324;0;2864;0;0;4;0;0;0;0;0;0;0;0;0;7;6
23004;2016-06;0;21;0;0;0;0;0;0;0;0;0;0;0;0;0;0;0;0;0;0;0;0;3;0;0;0;0;0;0;35;183;0;115;0;0;0;0;0;0;0;0;0;0;0;0;0;0
23005;2016-06;0;2699;0;0;0;0;28;0;0;0;0;0;0;0;0;0;0;0;0;0;0;0;194;0;26;0;0;0;0;2650;7869;0;6916;0;0;25;0;0;0;0;0;0;0;0;0;19;27
23006;2016-06;0;276;0;0;0;0;10;0;0;0;0;0;0;0;0;0;0;0;0;0;0;0;19;0;1;0;0;0;0;258;887;0;2166;0;0;1;0;0;0;0;0;0;0;0;0;4;1
23007;2016-06;0;190;0;0;0;0;1;0;0;0;0;0;0;0;0;0;0;0;0;0;0;0;19;0;1;0;0;0;0;176;703;0;1080;0;0;7;0;0;0;0;0;0;0;0;0;2;2
23008;2016-06;0;56;0;0;0;0;3;0;0;0;0;0;0;0;0;0;0;0;0;0;0;0;5;0;2;0;0;0;0;195;249;0;610;0;0;1;0;0;0;0;0;0;0;0;0;0;1
23009;2016-06;0;1089;0;0;0;0;10;0;0;0;0;0;0;0;0;0;0;0;0;0;0;0;60;0;11;0;0;0;0;1038;4019;0;3194;0;0;6;0;0;0;0;0;0;0;0;0;13;31
23010;2016-06;0;1108;0;0;0;0;21;0;0;0;0;0;0;0;0;0;0;0;0;0;0;0;81;0;7;0;0;0;0;1145;3767;0;3315;0;0;5;0;0;0;0;0;0;0;0;0;10;15
23011;2016-06;0;127;0;0;0;0;4;0;0;0;0;0;0;0;0;0;0;0;0;0;0;0;10;0;9;0;0;0;0;287;326;0;721;0;0;3;0;0;0;0;0;0;0;0;0;1;1
23012;2016-06;0;223;0;0;0;0;2;0;0;0;0;0;0;0;0;0;0;0;0;0;0;0;8;0;1;0;0;0;0;286;990;0;1349;0;0;4;0;0;0;0;0;0;0;0;0;1;11
23014;2016-06;0;128;0;0;0;0;9;0;0;0;0;0;0;0;0;0;0;0;0;0;0;0;14;0;11;0;0;0;0;387;656;0;720;0;0;1;0;0;0;0;0;0;0;0;0;1;2
23015;2016-06;0;74;0;0;0;0;2;0;0;0;0;0;0;0;0;0;0;0;0;0;0;0;5;0;2;0;0;0;0;93;323;0;513;0;0;1;0;0;0;0;0;0;0;0;0;1;0
23016;2016-06;0;14;0;0;0;0;2;0;0;0;0;0;0;0;0;0;0;0;0;0;0;0;0;0;0;0;0;0;0;38;88;0;176;0;0;1;0;0;0;0;0;0;0;0;0;0;1
23017;2016-06;0;63;0;0;0;0;1;0;0;0;0;0;0;0;0;0;0;0;0;0;0;0;3;0;0;0;0;0;0;114;408;0;663;0;0;0;0;0;0;0;0;0;0;0;0;1;0
23018;2016-06;0;123;0;0;0;0;2;0;0;0;0;0;0;0;0;0;0;0;0;0;0;0;8;0;4;0;0;0;0;274;326;0;906;0;0;0;0;0;0;0;0;0;0;0;0;0;0
23019;2016-06;0;92;0;0;0;0;2;0;0;0;0;0;0;0;0;0;0;0;0;0;0;0;1;0;4;0;0;0;0;197;353;0;511;0;0;0;0;0;0;0;0;0;0;0;0;12;0
23020;2016-06;0;108;0;0;0;0;1;0;0;0;0;0;0;0;0;0;0;0;0;0;0;0;10;0;3;0;0;0;0;427;354;0;434;0;0;1;0;0;0;0;0;0;0;0;0;2;0
23021;2016-06;0;28;0;0;0;0;1;0;0;0;0;0;0;0;0;0;0;0;0;0;0;0;0;0;2;0;0;0;0;48;128;0;222;0;0;0;0;0;0;0;0;0;0;0;0;0;0
23024;2016-06;0;984;0;0;0;0;32;0;0;0;0;0;0;0;0;0;0;0;0;0;0;0;104;0;10;0;0;0;0;1470;3206;0;2922;0;0;12;0;0;0;0;0;0;0;0;0;18;20
23025;2016-06;0;104;0;0;0;0;0;0;0;0;0;0;0;0;0;0;0;0;0;0;0;0;13;0;2;0;0;0;0;169;846;0;892;0;0;0;0;0;0;0;0;0;0;0;0;1;1
23026;2016-06;0;165;0;0;0;0;3;0;0;0;0;0;0;0;0;0;0;0;0;0;0;0;10;0;0;0;0;0;0;182;1065;0;1140;0;0;1;0;0;0;0;0;0;0;0;0;1;2
23027;2016-06;0;37;0;0;0;0;2;0;0;0;0;0;0;0;0;0;0;0;0;0;0;0;2;0;1;0;0;0;0;20;186;0;321;0;0;0;0;0;0;0;0;0;0;0;0;0;0
23028;2016-06;0;412;0;0;0;0;7;0;0;0;0;0;0;0;0;0;0;0;0;0;0;0;41;0;6;0;0;0;0;567;1469;0;1820;0;0;8;0;0;0;0;0;0;0;0;0;9;7
23029;2016-06;0;22;0;0;0;0;0;0;0;0;0;0;0;0;0;0;0;0;0;0;0;0;1;0;0;0;0;0;0;26;295;0;277;0;0;0;0;0;0;0;0;0;0;0;0;0;1
23030;2016-06;0;33;0;0;0;0;1;0;0;0;0;0;0;0;0;0;0;0;0;0;0;0;1;0;1;0;0;0;0;38;272;0;609;0;0;1;0;0;0;0;0;0;0;0;0;0;1
23031;2016-06;0;29;0;0;0;0;2;0;0;0;0;0;0;0;0;0;0;0;0;0;0;0;4;0;1;0;0;0;0;102;98;0;383;0;0;0;0;0;0;0;0;0;0;0;0;0;0
23032;2016-06;0;18;0;0;0;0;0;0;0;0;0;0;0;0;0;0;0;0;0;0;0;0;1;0;0;0;0;0;0;54;74;0;297;0;0;0;0;0;0;0;0;0;0;0;0;0;0
23033;2016-06;0;107;0;0;0;0;5;0;0;0;0;0;0;0;0;0;0;0;0;0;0;0;6;0;1;0;0;0;0;32;422;0;443;0;0;3;0;0;0;0;0;0;0;0;0;2;1
23034;2016-06;0;139;0;0;0;0;0;0;0;0;0;0;0;0;0;0;0;0;0;0;0;0;6;0;0;0;0;0;0;86;603;0;1086;0;0;0;0;0;0;0;0;0;0;0;0;0;0
23035;2016-06;0;48;0;0;0;0;1;0;0;0;0;0;0;0;0;0;0;0;0;0;0;0;5;0;0;0;0;0;0;58;323;0;414;0;0;2;0;0;0;0;0;0;0;0;0;2;1
23037;2016-06;0;27;0;0;0;0;0;0;0;0;0;0;0;0;0;0;0;0;0;0;0;0;3;0;0;0;0;0;0;31;113;0;220;0;0;0;0;0;0;0;0;0;0;0;0;0;0
23038;2016-06;0;361;0;0;0;0;2;0;0;0;0;0;0;0;0;0;0;0;0;0;0;0;33;0;5;0;0;0;0;385;1219;0;738;0;0;3;0;0;0;0;0;0;0;0;0;4;4
23039;2016-06;0;114;0;0;0;0;0;0;0;0;0;0;0;0;0;0;0;0;0;0;0;0;9;0;0;0;0;0;0;172;522;0;722;0;0;2;0;0;0;0;0;0;0;0;0;1;5
23040;2016-06;0;92;0;0;0;0;0;0;0;0;0;0;0;0;0;0;0;0;0;0;0;0;7;0;12;0;0;0;0;388;271;0;417;0;0;0;0;0;0;0;0;0;0;0;0;1;2
23041;2016-06;0;38;0;0;0;0;1;0;0;0;0;0;0;0;0;0;0;0;0;0;0;0;0;0;0;0;0;0;0;25;178;0;147;0;0;1;0;0;0;0;0;0;0;0;0;0;2
23042;2016-06;0;13;0;0;0;0;0;0;0;0;0;0;0;0;0;0;0;0;0;0;0;0;6;0;0;0;0;0;0;11;99;0;83;0;0;0;0;0;0;0;0;0;0;0;0;0;0
23043;2016-06;0;30;0;0;0;0;1;0;0;0;0;0;0;0;0;0;0;0;0;0;0;0;0;0;2;0;0;0;0;31;159;0;169;0;0;1;0;0;0;0;0;0;0;0;0;0;0
23044;2016-06;0;288;0;0;0;0;9;0;0;0;0;0;0;0;0;0;0;0;0;0;0;0;34;0;12;0;0;0;0;660;1248;0;1281;0;0;3;0;0;0;0;0;0;0;0;0;1;6
23045;2016-06;0;75;0;0;0;0;0;0;0;0;0;0;0;0;0;0;0;0;0;0;0;0;7;0;4;0;0;0;0;321;293;0;538;0;0;0;0;0;0;0;0;0;0;0;0;1;3
23046;2016-06;0;120;0;0;0;0;1;0;0;0;0;0;0;0;0;0;0;0;0;0;0;0;12;0;3;0;0;0;0;263;508;0;979;0;0;1;0;0;0;0;0;0;0;0;0;2;0
23047;2016-06;0;89;0;0;0;0;1;0;0;0;0;0;0;0;0;0;0;0;0;0;0;0;12;0;0;0;0;0;0;162;372;0;602;0;0;0;0;0;0;0;0;0;0;0;0;1;1
23048;2016-06;0;45;0;0;0;0;2;0;0;0;0;0;0;0;0;0;0;0;0;0;0;0;2;0;0;0;0;0;0;58;308;0;195;0;0;1;0;0;0;0;0;0;0;0;0;0;1
23049;2016-06;0;69;0;0;0;0;21;0;0;0;0;0;0;0;0;0;0;0;0;0;0;0;4;0;5;0;0;0;0;286;255;0;571;0;0;0;0;0;0;0;0;0;0;0;0;2;0
23050;2016-06;0;8458;0;0;0;0;136;0;0;0;0;0;0;0;0;0;0;0;0;0;0;0;912;0;65;0;0;0;0;9465;27903;0;16306;0;0;108;0;0;0;0;0;0;0;0;0;183;197
23051;2016-06;0;143;0;0;0;0;10;0;0;0;0;0;0;0;0;0;0;0;0;0;0;0;20;0;0;0;0;0;0;163;784;0;1006;0;0;2;0;0;0;0;0;0;0;0;0;5;2
23052;2016-06;0;38;0;0;0;0;0;0;0;0;0;0;0;0;0;0;0;0;0;0;0;0;4;0;1;0;0;0;0;52;299;0;522;0;0;0;0;0;0;0;0;0;0;0;0;0;2
23053;2016-06;0;221;0;0;0;0;3;0;0;0;0;0;0;0;0;0;0;0;0;0;0;0;43;0;14;0;0;0;0;2523;1170;0;2638;0;0;2;0;0;0;0;0;0;0;0;0;5;2
23054;2016-06;0;9;0;0;0;0;2;0;0;0;0;0;0;0;0;0;0;0;0;0;0;0;1;0;0;0;0;0;0;8;89;0;171;0;0;0;0;0;0;0;0;0;0;0;0;0;0
23055;2016-06;0;4142;0;0;0;0;164;0;0;0;0;0;0;0;0;0;0;0;0;0;0;0;313;0;44;0;0;0;0;6021;10244;0;9866;0;0;37;0;0;0;0;0;0;0;0;0;50;53
23056;2016-06;0;156;0;0;0;0;3;0;0;0;0;0;0;0;0;0;0;0;0;0;0;0;17;0;8;0;0;0;0;535;603;0;858;0;0;0;0;0;0;0;0;0;0;0;0;4;4
23057;2016-06;0;24;0;0;0;0;1;0;0;0;0;0;0;0;0;0;0;0;0;0;0;0;3;0;2;0;0;0;0;219;117;0;248;0;0;1;0;0;0;0;0;0;0;0;0;0;0
23058;2016-06;0;743;0;0;0;0;14;0;0;0;0;0;0;0;0;0;0;0;0;0;0;0;57;0;4;0;0;0;0;1014;2141;0;2431;0;0;8;0;0;0;0;0;0;0;0;0;6;6
23059;2016-06;0;479;0;0;0;0;3;0;0;0;0;0;0;0;0;0;0;0;0;0;0;0;47;0;5;0;0;0;0;442;1176;0;2106;0;0;3;0;0;0;0;0;0;0;0;0;6;3
23060;2016-06;0;1640;0;0;0;0;25;0;0;0;0;0;0;0;0;0;0;0;0;0;0;0;69;0;12;0;0;0;0;1279;4195;0;5426;0;0;12;0;0;0;0;0;0;0;0;0;29;23
23061;2016-06;0;526;0;0;0;0;10;0;0;0;0;0;0;0;0;0;0;0;0;0;0;0;36;0;4;0;0;0;0;445;1915;0;2256;0;0;4;0;0;0;0;0;0;0;0;0;3;6
23062;2016-06;0;47;0;0;0;0;1;0;0;0;0;0;0;0;0;0;0;0;0;0;0;0;0;0;0;0;0;0;0;65;439;0;574;0;0;0;0;0;0;0;0;0;0;0;0;0;1
23063;2016-06;0;156;0;0;0;0;7;0;0;0;0;0;0;0;0;0;0;0;0;0;0;0;6;0;7;0;0;0;0;404;741;0;1176;0;0;1;0;0;0;0;0;0;0;0;0;0;3
23064;2016-06;0;59;0;0;0;0;4;0;0;0;0;0;0;0;0;0;0;0;0;0;0;0;3;0;0;0;0;0;0;79;601;0;605;0;0;0;0;0;0;0;0;0;0;0;0;0;1
23065;2016-06;0;87;0;0;0;0;5;0;0;0;0;0;0;0;0;0;0;0;0;0;0;0;3;0;3;0;0;0;0;75;432;0;542;0;0;0;0;0;0;0;0;0;0;0;0;0;0
23066;2016-06;0;320;0;0;0;0;9;0;0;0;0;0;0;0;0;0;0;0;0;0;0;0;27;0;4;0;0;0;0;294;1364;0;1361;0;0;5;0;0;0;0;0;0;0;0;0;5;6
23067;2016-06;0;99;0;0;0;0;4;0;0;0;0;0;0;0;0;0;0;0;0;0;0;0;8;0;7;0;0;0;0;550;544;0;573;0;0;4;0;0;0;0;0;0;0;0;0;0;5
23069;2016-06;0;309;0;0;0;0;9;0;0;0;0;0;0;0;0;0;0;0;0;0;0;0;28;0;4;0;0;0;0;436;1587;0;1786;0;0;6;0;0;0;0;0;0;0;0;0;8;12
23070;2016-06;0;255;0;0;0;0;2;0;0;0;0;0;0;0;0;0;0;0;0;0;0;0;9;0;0;0;0;0;0;184;1019;0;920;0;0;1;0;0;0;0;0;0;0;0;0;3;0
23071;2016-06;0;118;0;0;0;0;2;0;0;0;0;0;0;0;0;0;0;0;0;0;0;0;7;0;1;0;0;0;0;111;504;0;524;0;0;2;0;0;0;0;0;0;0;0;0;2;0
23072;2016-06;0;123;0;0;0;0;1;0;0;0;0;0;0;0;0;0;0;0;0;0;0;0;6;0;4;0;0;0;0;147;515;0;722;0;0;3;0;0;0;0;0;0;0;0;0;2;0
23073;2016-06;0;255;0;0;0;0;4;0;0;0;0;0;0;0;0;0;0;0;0;0;0;0;23;0;4;0;0;0;0;329;1103;0;1447;0;0;6;0;0;0;0;0;0;0;0;0;8;8
23074;2016-06;0;171;0;0;0;0;1;0;0;0;0;0;0;0;0;0;0;0;0;0;0;0;9;0;1;0;0;0;0;359;771;0;968;0;0;1;0;0;0;0;0;0;0;0;0;2;1
23075;2016-06;0;165;0;0;0;0;2;0;0;0;0;0;0;0;0;0;0;0;0;0;0;0;13;0;5;0;0;0;0;304;856;0;1173;0;0;3;0;0;0;0;0;0;0;0;0;2;0
23076;2016-06;0;38;0;0;0;0;0;0;0;0;0;0;0;0;0;0;0;0;0;0;0;0;6;0;1;0;0;0;0;64;240;0;276;0;0;1;0;0;0;0;0;0;0;0;0;3;0
23077;2016-06;0;31;0;0;0;0;0;0;0;0;0;0;0;0;0;0;0;0;0;0;0;0;0;0;0;0;0;0;0;40;169;0;250;0;0;1;0;0;0;0;0;0;0;0;0;0;0
23079;2016-06;0;207;0;0;0;0;3;0;0;0;0;0;0;0;0;0;0;0;0;0;0;0;10;0;2;0;0;0;0;231;1055;0;1259;0;0;3;0;0;0;0;0;0;0;0;0;1;2
23080;2016-06;0;74;0;0;0;0;2;0;0;0;0;0;0;0;0;0;0;0;0;0;0;0;4;0;0;0;0;0;0;58;400;0;780;0;0;0;0;0;0;0;0;0;0;0;0;0;0
23081;2016-06;0;119;0;0;0;0;4;0;0;0;0;0;0;0;0;0;0;0;0;0;0;0;6;0;0;0;0;0;0;119;265;0;560;0;0;0;0;0;0;0;0;0;0;0;0;1;0
23082;2016-06;0;110;0;0;0;0;3;0;0;0;0;0;0;0;0;0;0;0;0;0;0;0;4;0;0;0;0;0;0;114;578;0;595;0;0;1;0;0;0;0;0;0;0;0;0;1;2
23084;2016-06;0;28;0;0;0;0;1;0;0;0;0;0;0;0;0;0;0;0;0;0;0;0;2;0;0;0;0;0;0;40;225;0;346;0;0;0;0;0;0;0;0;0;0;0;0;0;4
23085;2016-06;0;85;0;0;0;0;2;0;0;0;0;0;0;0;0;0;0;0;0;0;0;0;9;0;1;0;0;0;0;193;414;0;929;0;0;1;0;0;0;0;0;0;0;0;0;3;1
23086;2016-06;0;893;0;0;0;0;12;0;0;0;0;0;0;0;0;0;0;0;0;0;0;0;108;0;29;0;0;0;0;1125;2130;0;3426;0;0;35;0;0;0;0;0;0;0;0;0;16;9
23087;2016-06;0;864;0;0;0;0;18;0;0;0;0;0;0;0;0;0;0;0;0;0;0;0;97;0;31;0;0;0;0;1946;2654;0;2363;0;0;21;0;0;0;0;0;0;0;0;0;21;10
23088;2016-06;0;375;0;0;0;0;12;0;0;0;0;0;0;0;0;0;0;0;0;0;0;0;36;0;8;0;0;0;0;1361;965;0;1671;0;0;4;0;0;0;0;0;0;0;0;0;2;4
23090;2016-06;0;46;0;0;0;0;2;0;0;0;0;0;0;0;0;0;0;0;0;0;0;0;5;0;1;0;0;0;0;81;483;0;386;0;0;1;0;0;0;0;0;0;0;0;0;1;7
23091;2016-06;0;23;0;0;0;0;0;0;0;0;0;0;0;0;0;0;0;0;0;0;0;0;0;0;0;0;0;0;0;35;238;0;252;0;0;0;0;0;0;0;0;0;0;0;0;0;0
23092;2016-06;0;2576;0;0;0;0;44;0;0;0;0;0;0;0;0;0;0;0;0;0;0;0;180;0;19;0;0;0;0;3292;7170;0;6001;0;0;33;0;0;0;0;0;0;0;0;0;24;27
23093;2016-06;0;180;0;0;0;0;0;0;0;0;0;0;0;0;0;0;0;0;0;0;0;0;14;0;2;0;0;0;0;228;486;0;1342;0;0;1;0;0;0;0;0;0;0;0;0;1;0
23094;2016-06;0;215;0;0;0;0;7;0;0;0;0;0;0;0;0;0;0;0;0;0;0;0;26;0;2;0;0;0;0;732;599;0;1350;0;0;3;0;0;0;0;0;0;0;0;0;3;3
23095;2016-06;0;540;0;0;0;0;6;0;0;0;0;0;0;0;0;0;0;0;0;0;0;0;41;0;0;0;0;0;0;595;2634;0;2459;0;0;4;0;0;0;0;0;0;0;0;0;5;12
23096;2016-06;0;161;0;0;0;0;1;0;0;0;0;0;0;0;0;0;0;0;0;0;0;0;10;0;2;0;0;0;0;330;400;0;1220;0;0;0;0;0;0;0;0;0;0;0;0;4;1
23097;2016-06;0;469;0;0;0;0;19;0;0;0;0;0;0;0;0;0;0;0;0;0;0;0;22;0;6;0;0;0;0;366;1471;0;1664;0;0;5;0;0;0;0;0;0;0;0;0;12;8
23098;2016-06;0;27;0;0;0;0;1;0;0;0;0;0;0;0;0;0;0;0;0;0;0;0;5;0;2;0;0;0;0;59;280;0;324;0;0;2;0;0;0;0;0;0;0;0;0;0;0
23099;2016-06;0;297;0;0;0;0;4;0;0;0;0;0;0;0;0;0;0;0;0;0;0;0;35;0;2;0;0;0;0;418;1364;0;1159;0;0;1;0;0;0;0;0;0;0;0;0;2;11
23101;2016-06;0;22;0;0;0;0;0;0;0;0;0;0;0;0;0;0;0;0;0;0;0;0;1;0;0;0;0;0;0;26;71;0;150;0;0;0;0;0;0;0;0;0;0;0;0;0;0
23901;2016-06;0;58;0;0;0;0;2;0;0;0;0;0;0;0;0;0;0;0;0;0;0;0;1;0;0;0;0;0;0;79;351;0;465;0;0;3;0;0;0;0;0;0;0;0;0;1;1
23902;2016-06;0;83;0;0;0;0;2;0;0;0;0;0;0;0;0;0;0;0;0;0;0;0;7;0;2;0;0;0;0;162;451;0;1131;0;0;3;0;0;0;0;0;0;0;0;0;2;0
23903;2016-06;0;181;0;0;0;0;11;0;0;0;0;0;0;0;0;0;0;0;0;0;0;0;7;0;2;0;0;0;0;401;889;0;1120;0;0;3;0;0;0;0;0;0;0;0;0;2;5
23904;2016-06;0;168;0;0;0;0;4;0;0;0;0;0;0;0;0;0;0;0;0;0;0;0;6;0;2;0;0;0;0;146;563;0;891;0;0;1;0;0;0;0;0;0;0;0;0;3;6
23905;2016-06;0;118;0;0;0;0;4;0;0;0;0;0;0;0;0;0;0;0;0;0;0;0;3;0;0;0;0;0;0;92;488;0;560;0;0;1;0;0;0;0;0;0;0;0;0;0;0
24001;2016-06;0;11;0;0;0;0;0;0;0;0;0;0;0;0;0;0;0;0;0;0;0;0;0;0;0;0;0;0;0;10;67;0;31;0;0;0;0;0;0;0;0;0;0;0;2;1;0
24002;2016-06;0;25;0;0;0;0;0;0;0;0;0;0;0;0;0;0;0;0;0;0;0;0;2;0;0;0;0;0;0;10;81;0;50;0;0;0;0;0;0;0;0;0;0;0;2;0;1
24003;2016-06;0;36;0;0;0;0;0;0;0;0;0;0;0;0;0;0;0;0;0;0;0;0;0;0;0;0;0;0;0;32;235;0;138;0;0;0;0;0;0;0;0;0;0;0;2;2;1
24004;2016-06;0;41;0;0;0;0;0;0;0;0;0;0;0;0;0;0;0;0;0;0;0;0;0;0;0;0;0;0;0;28;177;0;92;0;0;0;0;0;0;0;0;0;0;0;6;0;0
24005;2016-06;0;13;0;0;0;0;0;0;0;0;0;0;0;0;0;0;0;0;0;0;0;0;2;0;0;0;0;0;0;19;159;0;62;0;0;0;0;0;0;0;0;0;0;0;0;0;0
24006;2016-06;0;35;0;0;0;0;0;0;0;0;0;0;0;0;0;0;0;0;0;0;0;0;5;0;2;0;0;0;0;25;176;1;90;0;0;0;0;0;0;0;0;0;0;0;12;0;1
24007;2016-06;0;44;0;0;0;0;0;0;0;0;0;0;0;0;0;0;0;0;0;0;0;0;2;0;0;0;0;0;0;140;149;0;207;0;0;1;0;0;0;0;0;0;0;0;0;0;1
24008;2016-06;5;822;0;0;0;0;0;0;0;0;0;0;0;0;0;0;0;0;0;0;0;0;40;0;6;0;0;0;0;905;3449;5;1249;0;0;9;0;0;0;0;0;0;0;0;31;13;17
24009;2016-06;0;15;0;0;0;0;0;0;0;0;0;0;0;0;0;0;0;0;0;0;0;0;0;0;0;0;0;0;0;38;65;0;31;0;0;0;0;0;0;0;0;0;0;0;1;0;0
24010;2016-06;5;704;0;0;0;0;0;0;0;0;0;0;0;0;0;0;0;0;0;0;0;0;62;0;7;0;0;0;0;666;2680;6;1359;0;0;10;0;0;0;0;0;0;0;0;41;9;23
24011;2016-06;0;7;0;0;0;0;0;0;0;0;0;0;0;0;0;0;0;0;0;0;0;0;0;0;0;0;0;0;0;12;14;0;99;0;0;0;0;0;0;0;0;0;0;0;0;0;0
24012;2016-06;0;31;0;0;0;0;0;0;0;0;0;0;0;0;0;0;0;0;0;0;0;0;0;0;0;0;0;0;0;25;112;1;29;0;0;1;0;0;0;0;0;0;0;0;4;1;0
24014;2016-06;1;484;0;0;0;0;0;0;0;0;0;0;0;0;0;0;0;0;0;0;0;0;32;0;3;0;0;0;0;987;1914;2;1564;0;0;8;0;0;0;0;0;0;0;0;9;9;8
24015;2016-06;0;202;0;0;0;0;0;0;0;0;0;0;0;0;0;0;0;0;0;0;0;0;6;0;1;0;0;0;0;154;868;3;357;0;0;1;0;0;0;0;0;0;0;0;18;2;5
24016;2016-06;0;17;0;0;0;0;0;0;0;0;0;0;0;0;0;0;0;0;0;0;0;0;0;0;0;0;0;0;0;22;146;1;82;0;0;0;0;0;0;0;0;0;0;0;0;0;0
24017;2016-06;0;30;0;0;0;0;0;0;0;0;0;0;0;0;0;0;0;0;0;0;0;0;1;0;1;0;0;0;0;54;225;0;103;0;0;0;0;0;0;0;0;0;0;0;2;1;0
24018;2016-06;0;7;0;0;0;0;0;0;0;0;0;0;0;0;0;0;0;0;0;0;0;0;1;0;0;0;0;0;0;17;99;0;17;0;0;0;0;0;0;0;0;0;0;0;0;0;0
24019;2016-06;0;24;0;0;0;0;0;0;0;0;0;0;0;0;0;0;0;0;0;0;0;0;2;0;0;0;0;0;0;62;80;0;95;0;0;0;0;0;0;0;0;0;0;0;0;0;1
24020;2016-06;0;59;0;0;0;0;0;0;0;0;0;0;0;0;0;0;0;0;0;0;0;0;2;0;0;0;0;0;0;30;133;0;75;0;0;0;0;0;0;0;0;0;0;0;4;0;0
24021;2016-06;0;89;0;0;0;0;0;0;0;0;0;0;0;0;0;0;0;0;0;0;0;0;9;0;2;0;0;0;0;218;445;2;352;0;0;0;0;0;0;0;0;0;0;0;16;2;1
24022;2016-06;0;14;0;0;0;0;0;0;0;0;0;0;0;0;0;0;0;0;0;0;0;0;4;0;0;0;0;0;0;49;113;0;45;0;0;3;0;0;0;0;0;0;0;0;0;1;0
24023;2016-06;0;15;0;0;0;0;0;0;0;0;0;0;0;0;0;0;0;0;0;0;0;0;0;0;0;0;0;0;0;42;106;1;22;0;0;0;0;0;0;0;0;0;0;0;1;0;0
24024;2016-06;0;36;0;0;0;0;0;0;0;0;0;0;0;0;0;0;0;0;0;0;0;0;6;0;0;0;0;0;0;65;284;1;91;0;0;1;0;0;0;0;0;0;0;0;3;0;0
24025;2016-06;0;32;0;0;0;0;0;0;0;0;0;0;0;0;0;0;0;0;0;0;0;0;1;0;1;0;0;0;0;12;140;1;36;0;0;0;0;0;0;0;0;0;0;0;4;0;0
24026;2016-06;0;88;0;0;0;0;0;0;0;0;0;0;0;0;0;0;0;0;0;0;0;0;8;0;2;0;0;0;0;68;530;4;133;0;0;2;0;0;0;0;0;0;0;0;5;1;1
24027;2016-06;1;99;0;0;0;0;0;0;0;0;0;0;0;0;0;0;0;0;0;0;0;0;10;0;3;0;0;0;0;178;298;1;247;0;0;0;0;0;0;0;0;0;0;0;1;0;1
24028;2016-06;0;36;0;0;0;0;0;0;0;0;0;0;0;0;0;0;0;0;0;0;0;0;2;0;2;0;0;0;0;33;117;0;86;0;0;1;0;0;0;0;0;0;0;0;9;0;0
24029;2016-06;0;33;0;0;0;0;0;0;0;0;0;0;0;0;0;0;0;0;0;0;0;0;2;0;0;0;0;0;0;133;168;0;187;0;0;0;0;0;0;0;0;0;0;0;8;0;1
24030;2016-06;1;310;0;0;0;0;0;0;0;0;0;0;0;0;0;0;0;0;0;0;0;0;18;0;8;0;0;0;0;680;1056;0;914;0;0;4;0;0;0;0;0;0;0;0;1;1;3
24031;2016-06;0;20;0;0;0;0;0;0;0;0;0;0;0;0;0;0;0;0;0;0;0;0;0;0;0;0;0;0;0;22;74;0;46;0;0;0;0;0;0;0;0;0;0;0;4;2;0
24032;2016-06;0;4;0;0;0;0;0;0;0;0;0;0;0;0;0;0;0;0;0;0;0;0;1;0;0;0;0;0;0;11;40;0;32;0;0;0;0;0;0;0;0;0;0;0;0;0;1
24033;2016-06;0;6;0;0;0;0;0;0;0;0;0;0;0;0;0;0;0;0;0;0;0;0;0;0;0;0;0;0;0;18;99;0;32;0;0;0;0;0;0;0;0;0;0;0;2;0;0
24034;2016-06;0;245;0;0;0;0;0;0;0;0;0;0;0;0;0;0;0;0;0;0;0;0;23;0;0;0;0;0;0;553;640;0;845;0;0;2;0;0;0;0;0;0;0;0;3;1;2
24036;2016-06;0;16;0;0;0;0;0;0;0;0;0;0;0;0;0;0;0;0;0;0;0;0;0;0;0;0;0;0;0;33;68;0;65;0;0;0;0;0;0;0;0;0;0;0;0;0;0
24037;2016-06;0;22;0;0;0;0;0;0;0;0;0;0;0;0;0;0;0;0;0;0;0;0;0;0;2;0;0;0;0;37;142;0;44;0;0;0;0;0;0;0;0;0;0;0;1;0;0
24038;2016-06;0;211;0;0;0;0;0;0;0;0;0;0;0;0;0;0;0;0;0;0;0;0;8;0;4;0;0;0;0;529;768;0;727;0;0;2;0;0;0;0;0;0;0;0;2;1;4
24039;2016-06;0;214;0;0;0;0;0;0;0;0;0;0;0;0;0;0;0;0;0;0;0;0;5;0;0;0;0;0;0;173;796;0;341;0;0;1;0;0;0;0;0;0;0;0;21;1;3
24040;2016-06;0;39;0;0;0;0;0;0;0;0;0;0;0;0;0;0;0;0;0;0;0;0;5;0;0;0;0;0;0;53;133;0;91;0;0;0;0;0;0;0;0;0;0;0;1;0;1
24041;2016-06;0;25;0;0;0;0;0;0;0;0;0;0;0;0;0;0;0;0;0;0;0;0;3;0;1;0;0;0;0;48;180;0;102;0;0;2;0;0;0;0;0;0;0;0;1;1;0
24042;2016-06;0;2;0;0;0;0;0;0;0;0;0;0;0;0;0;0;0;0;0;0;0;0;0;0;0;0;0;0;0;2;32;0;18;0;0;0;0;0;0;0;0;0;0;0;0;1;0
24043;2016-06;0;3;0;0;0;0;0;0;0;0;0;0;0;0;0;0;0;0;0;0;0;0;0;0;0;0;0;0;0;14;29;0;27;0;0;0;0;0;0;0;0;0;0;0;1;0;0
24044;2016-06;0;8;0;0;0;0;0;0;0;0;0;0;0;0;0;0;0;0;0;0;0;0;1;0;0;0;0;0;0;19;63;0;26;0;0;0;0;0;0;0;0;0;0;0;0;0;0
24046;2016-06;1;52;0;0;0;0;0;0;0;0;0;0;0;0;0;0;0;0;0;0;0;0;3;0;2;0;0;0;0;89;258;3;210;0;0;0;0;0;0;0;0;0;0;0;6;2;2
24047;2016-06;1;45;0;0;0;0;0;0;0;0;0;0;0;0;0;0;0;0;0;0;0;0;2;0;0;0;0;0;0;48;293;0;126;0;0;1;0;0;0;0;0;0;0;0;20;1;1
24049;2016-06;0;82;0;0;0;0;0;0;0;0;0;0;0;0;0;0;0;0;0;0;0;0;8;0;1;0;0;0;0;177;441;0;329;0;0;0;0;0;0;0;0;0;0;0;0;2;2
24050;2016-06;0;2;0;0;0;0;0;0;0;0;0;0;0;0;0;0;0;0;0;0;0;0;0;0;0;0;0;0;0;4;49;0;19;0;0;0;0;0;0;0;0;0;0;0;1;0;1
24051;2016-06;0;17;0;0;0;0;0;0;0;0;0;0;0;0;0;0;0;0;0;0;0;0;6;0;0;0;0;0;0;28;179;0;73;0;0;0;0;0;0;0;0;0;0;0;2;2;0
24052;2016-06;0;3;0;0;0;0;0;0;0;0;0;0;0;0;0;0;0;0;0;0;0;0;0;0;0;0;0;0;0;18;45;0;36;0;0;0;0;0;0;0;0;0;0;0;0;0;0
24053;2016-06;0;27;0;0;0;0;0;0;0;0;0;0;0;0;0;0;0;0;0;0;0;0;0;0;2;0;0;0;0;21;168;0;55;0;0;0;0;0;0;0;0;0;0;0;4;2;0
24054;2016-06;0;30;0;0;0;0;0;0;0;0;0;0;0;0;0;0;0;0;0;0;0;0;0;0;0;0;0;0;0;10;194;3;74;0;0;0;0;0;0;0;0;0;0;0;1;0;0
24055;2016-06;1;46;0;0;0;0;0;0;0;0;0;0;0;0;0;0;0;0;0;0;0;0;2;0;0;0;0;0;0;48;270;0;132;0;0;3;0;0;0;0;0;0;0;0;8;0;2
24056;2016-06;1;218;0;0;0;0;0;0;0;0;0;0;0;0;0;0;0;0;0;0;0;0;9;0;0;0;0;0;0;261;785;1;659;0;0;1;0;0;0;0;0;0;0;0;51;2;4
24057;2016-06;0;111;0;0;0;0;0;0;0;0;0;0;0;0;0;0;0;0;0;0;0;0;2;0;0;0;0;0;0;177;401;0;311;0;0;4;0;0;0;0;0;0;0;0;1;2;3
24058;2016-06;0;11;0;0;0;0;0;0;0;0;0;0;0;0;0;0;0;0;0;0;0;0;1;0;0;0;0;0;0;12;82;0;42;0;0;0;0;0;0;0;0;0;0;0;3;0;0
24059;2016-06;0;29;0;0;0;0;0;0;0;0;0;0;0;0;0;0;0;0;0;0;0;0;1;0;0;0;0;0;0;68;219;0;213;0;0;1;0;0;0;0;0;0;0;0;0;0;0
24060;2016-06;0;31;0;0;0;0;0;0;0;0;0;0;0;0;0;0;0;0;0;0;0;0;0;0;0;0;0;0;0;51;181;0;90;0;0;0;0;0;0;0;0;0;0;0;4;0;1
24061;2016-06;0;169;0;0;0;0;0;0;0;0;0;0;0;0;0;0;0;0;0;0;0;0;13;0;4;0;0;0;0;211;474;1;309;0;0;1;0;0;0;0;0;0;0;0;7;3;3
24062;2016-06;0;5;0;0;0;0;0;0;0;0;0;0;0;0;0;0;0;0;0;0;0;0;0;0;1;0;0;0;0;18;35;0;33;0;0;0;0;0;0;0;0;0;0;0;5;0;0
24063;2016-06;0;32;0;0;0;0;0;0;0;0;0;0;0;0;0;0;0;0;0;0;0;0;0;0;0;0;0;0;0;22;144;0;49;0;0;1;0;0;0;0;0;0;0;0;1;1;0
24064;2016-06;0;120;0;0;0;0;0;0;0;0;0;0;0;0;0;0;0;0;0;0;0;0;7;0;2;0;0;0;0;270;329;1;350;0;0;0;0;0;0;0;0;0;0;0;0;2;3
24065;2016-06;0;227;0;0;0;0;0;0;0;0;0;0;0;0;0;0;0;0;0;0;0;0;13;0;4;0;0;0;0;230;597;1;363;0;0;1;0;0;0;0;0;0;0;0;14;1;6
24066;2016-06;0;27;0;0;0;0;0;0;0;0;0;0;0;0;0;0;0;0;0;0;0;0;3;0;0;0;0;0;0;30;235;0;64;0;0;0;0;0;0;0;0;0;0;0;2;1;0
24067;2016-06;0;31;0;0;0;0;0;0;0;0;0;0;0;0;0;0;0;0;0;0;0;0;1;0;0;0;0;0;0;19;255;0;76;0;0;0;0;0;0;0;0;0;0;0;1;0;1
24068;2016-06;0;26;0;0;0;0;0;0;0;0;0;0;0;0;0;0;0;0;0;0;0;0;0;0;0;0;0;0;0;48;101;1;161;0;0;0;0;0;0;0;0;0;0;0;2;1;0
24069;2016-06;0;1;0;0;0;0;0;0;0;0;0;0;0;0;0;0;0;0;0;0;0;0;0;0;0;0;0;0;0;1;30;0;2;0;0;0;0;0;0;0;0;0;0;0;0;1;0
24070;2016-06;0;195;0;0;0;0;0;0;0;0;0;0;0;0;0;0;0;0;0;0;0;0;27;0;7;0;0;0;0;923;666;2;1124;0;0;4;0;0;0;0;0;0;0;0;7;4;2
24071;2016-06;0;49;0;0;0;0;0;0;0;0;0;0;0;0;0;0;0;0;0;0;0;0;5;0;0;0;0;0;0;125;309;0;230;0;0;1;0;0;0;0;0;0;0;0;3;2;0
24073;2016-06;0;44;0;0;0;0;0;0;0;0;0;0;0;0;0;0;0;0;0;0;0;0;1;0;0;0;0;0;0;51;140;0;79;0;0;1;0;0;0;0;0;0;0;0;8;2;0
24074;2016-06;0;5;0;0;0;0;0;0;0;0;0;0;0;0;0;0;0;0;0;0;0;0;0;0;0;0;0;0;0;3;51;0;12;0;0;0;0;0;0;0;0;0;0;0;3;0;0
24076;2016-06;0;114;0;0;0;0;0;0;0;0;0;0;0;0;0;0;0;0;0;0;0;0;8;0;1;0;0;0;0;198;346;4;259;0;0;1;0;0;0;0;0;0;0;0;10;2;0
24077;2016-06;0;27;0;0;0;0;0;0;0;0;0;0;0;0;0;0;0;0;0;0;0;0;0;0;0;0;0;0;0;9;90;0;58;0;0;0;0;0;0;0;0;0;0;0;1;0;0
24078;2016-06;0;44;0;0;0;0;0;0;0;0;0;0;0;0;0;0;0;0;0;0;0;0;2;0;0;0;0;0;0;34;117;0;79;0;0;0;0;0;0;0;0;0;0;0;1;0;0
24079;2016-06;0;93;0;0;0;0;0;0;0;0;0;0;0;0;0;0;0;0;0;0;0;0;5;0;3;0;0;0;0;84;329;2;124;0;0;1;0;0;0;0;0;0;0;0;8;0;0
24080;2016-06;0;13;0;0;0;0;0;0;0;0;0;0;0;0;0;0;0;0;0;0;0;0;0;0;0;0;0;0;0;23;83;1;38;0;0;0;0;0;0;0;0;0;0;0;0;0;0
24081;2016-06;0;5;0;0;0;0;0;0;0;0;0;0;0;0;0;0;0;0;0;0;0;0;0;0;0;0;0;0;0;3;70;0;14;0;0;0;0;0;0;0;0;0;0;0;0;0;0
24082;2016-06;1;59;0;0;0;0;0;0;0;0;0;0;0;0;0;0;0;0;0;0;0;0;3;0;1;0;0;0;0;111;195;0;226;0;0;1;0;0;0;0;0;0;0;0;2;1;6
24083;2016-06;1;44;0;0;0;0;0;0;0;0;0;0;0;0;0;0;0;0;0;0;0;0;2;0;2;0;0;0;0;114;244;1;292;0;0;0;0;0;0;0;0;0;0;0;5;2;2
24084;2016-06;0;17;0;0;0;0;0;0;0;0;0;0;0;0;0;0;0;0;0;0;0;0;0;0;0;0;0;0;0;10;53;0;35;0;0;0;0;0;0;0;0;0;0;0;0;1;0
24086;2016-06;0;13;0;0;0;0;0;0;0;0;0;0;0;0;0;0;0;0;0;0;0;0;0;0;0;0;0;0;0;9;143;0;48;0;0;0;0;0;0;0;0;0;0;0;4;0;1
24087;2016-06;0;62;0;0;0;0;0;0;0;0;0;0;0;0;0;0;0;0;0;0;0;0;2;0;0;0;0;0;0;51;287;0;50;0;0;2;0;0;0;0;0;0;0;0;2;0;3
24088;2016-06;0;76;0;0;0;0;0;0;0;0;0;0;0;0;0;0;0;0;0;0;0;0;1;0;1;0;0;0;0;98;393;1;202;0;0;0;0;0;0;0;0;0;0;0;6;0;1
24089;2016-06;19;11244;0;0;0;0;0;0;0;0;0;0;0;0;0;0;0;0;0;0;0;0;660;0;110;0;0;0;0;12032;30509;85;17207;0;0;115;0;0;0;0;0;0;0;0;631;211;234
24090;2016-06;0;18;0;0;0;0;0;0;0;0;0;0;0;0;0;0;0;0;0;0;0;0;2;0;0;0;0;0;0;31;130;1;48;0;0;0;0;0;0;0;0;0;0;0;2;0;0
24091;2016-06;0;44;0;0;0;0;0;0;0;0;0;0;0;0;0;0;0;0;0;0;0;0;0;0;0;0;0;0;0;75;231;0;95;0;0;0;0;0;0;0;0;0;0;0;4;0;1
24092;2016-06;0;48;0;0;0;0;0;0;0;0;0;0;0;0;0;0;0;0;0;0;0;0;2;0;0;0;0;0;0;88;286;2;170;0;0;0;0;0;0;0;0;0;0;0;3;0;2
24093;2016-06;1;22;0;0;0;0;0;0;0;0;0;0;0;0;0;0;0;0;0;0;0;0;1;0;0;0;0;0;0;35;117;0;68;0;0;0;0;0;0;0;0;0;0;0;2;0;0
24094;2016-06;1;111;0;0;0;0;0;0;0;0;0;0;0;0;0;0;0;0;0;0;0;0;16;0;1;0;0;0;0;169;420;3;219;0;0;2;0;0;0;0;0;0;0;0;12;1;2
24095;2016-06;0;21;0;0;0;0;0;0;0;0;0;0;0;0;0;0;0;0;0;0;0;0;2;0;0;0;0;0;0;30;129;1;46;0;0;0;0;0;0;0;0;0;0;0;2;1;0
24096;2016-06;0;7;0;0;0;0;0;0;0;0;0;0;0;0;0;0;0;0;0;0;0;0;1;0;0;0;0;0;0;11;39;0;20;0;0;0;0;0;0;0;0;0;0;0;0;0;0
24097;2016-06;0;14;0;0;0;0;0;0;0;0;0;0;0;0;0;0;0;0;0;0;0;0;0;0;0;0;0;0;0;20;70;0;22;0;0;0;0;0;0;0;0;0;0;0;10;0;0
24098;2016-06;0;105;0;0;0;0;0;0;0;0;0;0;0;0;0;0;0;0;0;0;0;0;3;0;0;0;0;0;0;188;215;0;294;0;0;0;0;0;0;0;0;0;0;0;12;1;2
24099;2016-06;0;8;0;0;0;0;0;0;0;0;0;0;0;0;0;0;0;0;0;0;0;0;0;0;0;0;0;0;0;19;64;0;40;0;0;0;0;0;0;0;0;0;0;0;0;0;1
24100;2016-06;1;61;0;0;0;0;0;0;0;0;0;0;0;0;0;0;0;0;0;0;0;0;0;0;1;0;0;0;0;129;259;0;96;0;0;0;0;0;0;0;0;0;0;0;0;0;1
24101;2016-06;0;20;0;0;0;0;0;0;0;0;0;0;0;0;0;0;0;0;0;0;0;0;1;0;1;0;0;0;0;42;80;0;109;0;0;0;0;0;0;0;0;0;0;0;0;0;1
24102;2016-06;0;36;0;0;0;0;0;0;0;0;0;0;0;0;0;0;0;0;0;0;0;0;2;0;0;0;0;0;0;55;193;1;177;0;0;0;0;0;0;0;0;0;0;0;1;0;0
24103;2016-06;0;9;0;0;0;0;0;0;0;0;0;0;0;0;0;0;0;0;0;0;0;0;0;0;1;0;0;0;0;10;100;0;36;0;0;0;0;0;0;0;0;0;0;0;0;0;0
24104;2016-06;0;21;0;0;0;0;0;0;0;0;0;0;0;0;0;0;0;0;0;0;0;0;1;0;1;0;0;0;0;26;80;0;39;0;0;0;0;0;0;0;0;0;0;0;1;0;0
24105;2016-06;0;186;0;0;0;0;0;0;0;0;0;0;0;0;0;0;0;0;0;0;0;0;11;0;0;0;0;0;0;146;396;1;253;0;0;4;0;0;0;0;0;0;0;0;8;1;3
24106;2016-06;0;28;0;0;0;0;0;0;0;0;0;0;0;0;0;0;0;0;0;0;0;0;0;0;0;0;0;0;0;10;87;0;39;0;0;0;0;0;0;0;0;0;0;0;1;0;0
24107;2016-06;0;14;0;0;0;0;0;0;0;0;0;0;0;0;0;0;0;0;0;0;0;0;0;0;0;0;0;0;0;15;74;0;67;0;0;0;0;0;0;0;0;0;0;0;3;0;0
24108;2016-06;0;25;0;0;0;0;0;0;0;0;0;0;0;0;0;0;0;0;0;0;0;0;2;0;0;0;0;0;0;28;164;0;54;0;0;0;0;0;0;0;0;0;0;0;2;0;0
24109;2016-06;0;38;0;0;0;0;0;0;0;0;0;0;0;0;0;0;0;0;0;0;0;0;1;0;1;0;0;0;0;138;206;3;233;0;0;0;0;0;0;0;0;0;0;0;1;0;0
24110;2016-06;0;54;0;0;0;0;0;0;0;0;0;0;0;0;0;0;0;0;0;0;0;0;2;0;0;0;0;0;0;238;237;0;349;0;0;1;0;0;0;0;0;0;0;0;2;1;2
24112;2016-06;0;16;0;0;0;0;0;0;0;0;0;0;0;0;0;0;0;0;0;0;0;0;0;0;2;0;0;0;0;40;52;0;114;0;0;0;0;0;0;0;0;0;0;0;2;0;0
24113;2016-06;0;41;0;0;0;0;0;0;0;0;0;0;0;0;0;0;0;0;0;0;0;0;1;0;0;0;0;0;0;11;156;1;68;0;0;1;0;0;0;0;0;0;0;0;3;0;0
24114;2016-06;0;156;0;0;0;0;0;0;0;0;0;0;0;0;0;0;0;0;0;0;0;0;14;0;7;0;0;0;0;379;621;1;771;0;0;1;0;0;0;0;0;0;0;0;27;3;5
24115;2016-06;14;4754;0;0;0;0;0;0;0;0;0;0;0;0;0;0;0;0;0;0;0;0;313;0;31;0;0;0;0;8668;12647;14;10298;0;0;85;0;0;0;0;0;0;0;0;54;91;80
24116;2016-06;0;37;0;0;0;0;0;0;0;0;0;0;0;0;0;0;0;0;0;0;0;0;0;0;0;0;0;0;0;31;159;2;77;0;0;0;0;0;0;0;0;0;0;0;0;1;1
24117;2016-06;0;21;0;0;0;0;0;0;0;0;0;0;0;0;0;0;0;0;0;0;0;0;0;0;0;0;0;0;0;18;250;0;39;0;0;1;0;0;0;0;0;0;0;0;1;0;0
24118;2016-06;0;5;0;0;0;0;0;0;0;0;0;0;0;0;0;0;0;0;0;0;0;0;0;0;0;0;0;0;0;8;23;1;47;0;0;0;0;0;0;0;0;0;0;0;3;0;0
24119;2016-06;0;52;0;0;0;0;0;0;0;0;0;0;0;0;0;0;0;0;0;0;0;0;4;0;1;0;0;0;0;73;199;0;145;0;0;1;0;0;0;0;0;0;0;0;0;0;3
24120;2016-06;0;31;0;0;0;0;0;0;0;0;0;0;0;0;0;0;0;0;0;0;0;0;0;0;0;0;0;0;0;34;145;0;30;0;0;0;0;0;0;0;0;0;0;0;3;0;0
24121;2016-06;0;34;0;0;0;0;0;0;0;0;0;0;0;0;0;0;0;0;0;0;0;0;0;0;1;0;0;0;0;117;205;0;127;0;0;0;0;0;0;0;0;0;0;0;2;0;0
24122;2016-06;0;82;0;0;0;0;0;0;0;0;0;0;0;0;0;0;0;0;0;0;0;0;3;0;1;0;0;0;0;118;407;0;303;0;0;0;0;0;0;0;0;0;0;0;1;0;1
24123;2016-06;0;46;0;0;0;0;0;0;0;0;0;0;0;0;0;0;0;0;0;0;0;0;2;0;1;0;0;0;0;52;218;0;158;0;0;0;0;0;0;0;0;0;0;0;6;0;0
24124;2016-06;0;14;0;0;0;0;0;0;0;0;0;0;0;0;0;0;0;0;0;0;0;0;0;0;0;0;0;0;0;27;137;0;50;0;0;0;0;0;0;0;0;0;0;0;2;0;0
24125;2016-06;0;29;0;0;0;0;0;0;0;0;0;0;0;0;0;0;0;0;0;0;0;0;1;0;0;0;0;0;0;28;153;0;69;0;0;0;0;0;0;0;0;0;0;0;2;0;0
24127;2016-06;0;22;0;0;0;0;0;0;0;0;0;0;0;0;0;0;0;0;0;0;0;0;0;0;0;0;0;0;0;13;127;1;46;0;0;0;0;0;0;0;0;0;0;0;2;0;0
24129;2016-06;0;16;0;0;0;0;0;0;0;0;0;0;0;0;0;0;0;0;0;0;0;0;2;0;0;0;0;0;0;9;44;0;15;0;0;0;0;0;0;0;0;0;0;0;2;0;0
24130;2016-06;0;51;0;0;0;0;0;0;0;0;0;0;0;0;0;0;0;0;0;0;0;0;3;0;0;0;0;0;0;40;159;2;56;0;0;6;0;0;0;0;0;0;0;0;0;0;0
24131;2016-06;1;43;0;0;0;0;0;0;0;0;0;0;0;0;0;0;0;0;0;0;0;0;3;0;0;0;0;0;0;43;300;1;105;0;0;1;0;0;0;0;0;0;0;0;5;2;0
24132;2016-06;0;29;0;0;0;0;0;0;0;0;0;0;0;0;0;0;0;0;0;0;0;0;1;0;0;0;0;0;0;62;192;0;89;0;0;0;0;0;0;0;0;0;0;0;1;0;0
24133;2016-06;0;22;0;0;0;0;0;0;0;0;0;0;0;0;0;0;0;0;0;0;0;0;2;0;0;0;0;0;0;27;142;0;59;0;0;1;0;0;0;0;0;0;0;0;3;0;0
24134;2016-06;1;243;0;0;0;0;0;0;0;0;0;0;0;0;0;0;0;0;0;0;0;0;9;0;0;0;0;0;0;458;634;8;1005;0;0;6;0;0;0;0;0;0;0;0;31;2;1
24136;2016-06;0;37;0;0;0;0;0;0;0;0;0;0;0;0;0;0;0;0;0;0;0;0;0;0;1;0;0;0;0;32;230;0;74;0;0;0;0;0;0;0;0;0;0;0;4;1;0
24137;2016-06;0;53;0;0;0;0;0;0;0;0;0;0;0;0;0;0;0;0;0;0;0;0;5;0;2;0;0;0;0;155;250;1;282;0;0;2;0;0;0;0;0;0;0;0;19;2;0
24139;2016-06;0;172;0;0;0;0;0;0;0;0;0;0;0;0;0;0;0;0;0;0;0;0;7;0;1;0;0;0;0;182;730;1;391;0;0;2;0;0;0;0;0;0;0;0;8;10;5
24141;2016-06;2;6;0;0;0;0;0;0;0;0;0;0;0;0;0;0;0;0;0;0;0;0;0;0;0;0;0;0;0;11;34;0;29;0;0;0;0;0;0;0;0;0;0;0;2;0;0
24142;2016-06;4;2751;0;0;0;0;0;0;0;0;0;0;0;0;0;0;0;0;0;0;0;0;186;0;30;0;0;0;0;3502;5452;21;4706;0;0;41;0;0;0;0;0;0;0;0;218;40;36
24143;2016-06;0;16;0;0;0;0;0;0;0;0;0;0;0;0;0;0;0;0;0;0;0;0;0;0;0;0;0;0;0;78;123;0;132;0;0;0;0;0;0;0;0;0;0;0;0;0;0
24144;2016-06;2;56;0;0;0;0;0;0;0;0;0;0;0;0;0;0;0;0;0;0;0;0;4;0;0;0;0;0;0;76;221;1;94;0;0;2;0;0;0;0;0;0;0;0;4;3;0
24145;2016-06;0;47;0;0;0;0;0;0;0;0;0;0;0;0;0;0;0;0;0;0;0;0;0;0;1;0;0;0;0;50;173;0;184;0;0;0;0;0;0;0;0;0;0;0;3;0;1
24146;2016-06;0;9;0;0;0;0;0;0;0;0;0;0;0;0;0;0;0;0;0;0;0;0;0;0;0;0;0;0;0;17;124;0;56;0;0;0;0;0;0;0;0;0;0;0;0;0;0
24148;2016-06;1;146;0;0;0;0;0;0;0;0;0;0;0;0;0;0;0;0;0;0;0;0;11;0;2;0;0;0;0;133;679;0;228;0;0;2;0;0;0;0;0;0;0;0;12;1;3
24149;2016-06;0;5;0;0;0;0;0;0;0;0;0;0;0;0;0;0;0;0;0;0;0;0;0;0;0;0;0;0;0;7;77;0;23;0;0;0;0;0;0;0;0;0;0;0;1;0;0
24150;2016-06;1;12;0;0;0;0;0;0;0;0;0;0;0;0;0;0;0;0;0;0;0;0;2;0;0;0;0;0;0;28;91;0;29;0;0;0;0;0;0;0;0;0;0;0;2;1;0
24151;2016-06;0;28;0;0;0;0;0;0;0;0;0;0;0;0;0;0;0;0;0;0;0;0;1;0;0;0;0;0;0;38;191;0;90;0;0;0;0;0;0;0;0;0;0;0;1;2;0
24152;2016-06;0;22;0;0;0;0;0;0;0;0;0;0;0;0;0;0;0;0;0;0;0;0;4;0;0;0;0;0;0;36;181;0;41;0;0;0;0;0;0;0;0;0;0;0;2;1;3
24153;2016-06;0;25;0;0;0;0;0;0;0;0;0;0;0;0;0;0;0;0;0;0;0;0;4;0;0;0;0;0;0;21;77;0;43;0;0;0;0;0;0;0;0;0;0;0;5;0;0
24154;2016-06;4;86;0;0;0;0;0;0;0;0;0;0;0;0;0;0;0;0;0;0;0;0;0;0;0;0;0;0;0;94;279;1;198;0;0;0;0;0;0;0;0;0;0;0;0;0;0
24155;2016-06;0;35;0;0;0;0;0;0;0;0;0;0;0;0;0;0;0;0;0;0;0;0;2;0;0;0;0;0;0;40;174;0;117;0;0;0;0;0;0;0;0;0;0;0;10;0;0
24156;2016-06;0;10;0;0;0;0;0;0;0;0;0;0;0;0;0;0;0;0;0;0;0;0;0;0;1;0;0;0;0;22;92;0;31;0;0;0;0;0;0;0;0;0;0;0;1;0;0
24157;2016-06;1;274;0;0;0;0;0;0;0;0;0;0;0;0;0;0;0;0;0;0;0;0;12;0;2;0;0;0;0;236;879;2;402;0;0;4;0;0;0;0;0;0;0;0;70;6;1
24158;2016-06;0;31;0;0;0;0;0;0;0;0;0;0;0;0;0;0;0;0;0;0;0;0;0;0;0;0;0;0;0;15;108;0;47;0;0;0;0;0;0;0;0;0;0;0;0;0;0
24159;2016-06;1;154;0;0;0;0;0;0;0;0;0;0;0;0;0;0;0;0;0;0;0;0;2;0;0;0;0;0;0;106;815;3;254;0;0;1;0;0;0;0;0;0;0;0;19;4;1
24160;2016-06;0;51;0;0;0;0;0;0;0;0;0;0;0;0;0;0;0;0;0;0;0;0;4;0;0;0;0;0;0;87;237;1;76;0;0;0;0;0;0;0;0;0;0;0;6;3;3
24161;2016-06;0;16;0;0;0;0;0;0;0;0;0;0;0;0;0;0;0;0;0;0;0;0;0;0;0;0;0;0;0;41;105;0;34;0;0;0;0;0;0;0;0;0;0;0;0;2;0
24162;2016-06;0;196;0;0;0;0;0;0;0;0;0;0;0;0;0;0;0;0;0;0;0;0;17;0;1;0;0;0;0;246;439;2;306;0;0;1;0;0;0;0;0;0;0;0;17;5;3
24163;2016-06;0;562;0;0;0;0;0;0;0;0;0;0;0;0;0;0;0;0;0;0;0;0;30;0;3;0;0;0;0;507;1186;1;567;0;0;4;0;0;0;0;0;0;0;0;28;16;5
24164;2016-06;0;21;0;0;0;0;0;0;0;0;0;0;0;0;0;0;0;0;0;0;0;0;2;0;0;0;0;0;0;27;114;0;51;0;0;0;0;0;0;0;0;0;0;0;2;0;0
24165;2016-06;0;17;0;0;0;0;0;0;0;0;0;0;0;0;0;0;0;0;0;0;0;0;0;0;1;0;0;0;0;27;138;0;53;0;0;0;0;0;0;0;0;0;0;0;0;0;0
24166;2016-06;0;131;0;0;0;0;0;0;0;0;0;0;0;0;0;0;0;0;0;0;0;0;6;0;0;0;0;0;0;109;448;0;280;0;0;0;0;0;0;0;0;0;0;0;5;4;2
24167;2016-06;0;79;0;0;0;0;0;0;0;0;0;0;0;0;0;0;0;0;0;0;0;0;2;0;2;0;0;0;0;68;213;1;125;0;0;1;0;0;0;0;0;0;0;0;4;0;0
24168;2016-06;0;46;0;0;0;0;0;0;0;0;0;0;0;0;0;0;0;0;0;0;0;0;1;0;2;0;0;0;0;33;168;1;106;0;0;0;0;0;0;0;0;0;0;0;2;0;0
24169;2016-06;1;130;0;0;0;0;0;0;0;0;0;0;0;0;0;0;0;0;0;0;0;0;12;0;7;0;0;0;0;580;575;1;794;0;0;2;0;0;0;0;0;0;0;0;1;2;0
24170;2016-06;0;114;0;0;0;0;0;0;0;0;0;0;0;0;0;0;0;0;0;0;0;0;15;0;3;0;0;0;0;318;434;0;441;0;0;2;0;0;0;0;0;0;0;0;6;4;0
24171;2016-06;0;8;0;0;0;0;0;0;0;0;0;0;0;0;0;0;0;0;0;0;0;0;0;0;0;0;0;0;0;27;108;1;51;0;0;0;0;0;0;0;0;0;0;0;0;0;1
24172;2016-06;0;18;0;0;0;0;0;0;0;0;0;0;0;0;0;0;0;0;0;0;0;0;0;0;1;0;0;0;0;29;147;0;51;0;0;1;0;0;0;0;0;0;0;0;1;0;0
24173;2016-06;2;68;0;0;0;0;0;0;0;0;0;0;0;0;0;0;0;0;0;0;0;0;3;0;0;0;0;0;0;44;369;0;176;0;0;0;0;0;0;0;0;0;0;0;1;0;2
24174;2016-06;0;14;0;0;0;0;0;0;0;0;0;0;0;0;0;0;0;0;0;0;0;0;2;0;1;0;0;0;0;58;162;0;96;0;0;0;0;0;0;0;0;0;0;0;5;0;0
24175;2016-06;0;228;0;0;0;0;0;0;0;0;0;0;0;0;0;0;0;0;0;0;0;0;8;0;1;0;0;0;0;233;523;0;273;0;0;1;0;0;0;0;0;0;0;0;11;3;2
24176;2016-06;0;26;0;0;0;0;0;0;0;0;0;0;0;0;0;0;0;0;0;0;0;0;1;0;0;0;0;0;0;18;142;0;49;0;0;0;0;0;0;0;0;0;0;0;7;0;0
24177;2016-06;0;36;0;0;0;0;0;0;0;0;0;0;0;0;0;0;0;0;0;0;0;0;3;0;0;0;0;0;0;26;188;0;63;0;0;0;0;0;0;0;0;0;0;0;1;0;2
24178;2016-06;0;4;0;0;0;0;0;0;0;0;0;0;0;0;0;0;0;0;0;0;0;0;0;0;0;0;0;0;0;6;39;0;9;0;0;0;0;0;0;0;0;0;0;0;0;0;0
24179;2016-06;0;21;0;0;0;0;0;0;0;0;0;0;0;0;0;0;0;0;0;0;0;0;0;0;0;0;0;0;0;34;75;0;56;0;0;0;0;0;0;0;0;0;0;0;1;0;1
24180;2016-06;0;96;0;0;0;0;0;0;0;0;0;0;0;0;0;0;0;0;0;0;0;0;5;0;3;0;0;0;0;64;464;0;149;0;0;2;0;0;0;0;0;0;0;0;2;3;3
24181;2016-06;0;74;0;0;0;0;0;0;0;0;0;0;0;0;0;0;0;0;0;0;0;0;0;0;0;0;0;0;0;70;536;0;350;0;0;0;0;0;0;0;0;0;0;0;1;0;9
24182;2016-06;1;24;0;0;0;0;0;0;0;0;0;0;0;0;0;0;0;0;0;0;0;0;2;0;0;0;0;0;0;39;156;0;62;0;0;0;0;0;0;0;0;0;0;0;3;1;0
24183;2016-06;0;59;0;0;0;0;0;0;0;0;0;0;0;0;0;0;0;0;0;0;0;0;0;0;2;0;0;0;0;83;241;1;148;0;0;0;0;0;0;0;0;0;0;0;7;1;1
24184;2016-06;0;11;0;0;0;0;0;0;0;0;0;0;0;0;0;0;0;0;0;0;0;0;1;0;0;0;0;0;0;27;55;0;22;0;0;0;0;0;0;0;0;0;0;0;0;0;1
24185;2016-06;0;60;0;0;0;0;0;0;0;0;0;0;0;0;0;0;0;0;0;0;0;0;1;0;0;0;0;0;0;49;148;0;84;0;0;0;0;0;0;0;0;0;0;0;5;0;0
24187;2016-06;1;60;0;0;0;0;0;0;0;0;0;0;0;0;0;0;0;0;0;0;0;0;6;0;0;0;0;0;0;61;316;2;133;0;0;1;0;0;0;0;0;0;0;0;4;2;0
24188;2016-06;3;390;0;0;0;0;0;0;0;0;0;0;0;0;0;0;0;0;0;0;0;0;22;0;8;0;0;0;0;369;1269;2;700;0;0;4;0;0;0;0;0;0;0;0;22;1;8
24189;2016-06;2;831;0;0;0;0;0;0;0;0;0;0;0;0;0;0;0;0;0;0;0;0;58;0;6;0;0;0;0;680;1469;4;749;0;0;10;0;0;0;0;0;0;0;0;33;5;7
24190;2016-06;0;10;0;0;0;0;0;0;0;0;0;0;0;0;0;0;0;0;0;0;0;0;0;0;0;0;0;0;0;6;75;1;26;0;0;0;0;0;0;0;0;0;0;0;1;0;1
24191;2016-06;0;8;0;0;0;0;0;0;0;0;0;0;0;0;0;0;0;0;0;0;0;0;1;0;0;0;0;0;0;7;38;1;19;0;0;0;0;0;0;0;0;0;0;0;5;0;0
24193;2016-06;0;34;0;0;0;0;0;0;0;0;0;0;0;0;0;0;0;0;0;0;0;0;2;0;1;0;0;0;0;59;110;0;55;0;0;0;0;0;0;0;0;0;0;0;2;0;0
24194;2016-06;0;13;0;0;0;0;0;0;0;0;0;0;0;0;0;0;0;0;0;0;0;0;0;0;0;0;0;0;0;22;45;0;129;0;0;0;0;0;0;0;0;0;0;0;0;0;0
24196;2016-06;1;105;0;0;0;0;0;0;0;0;0;0;0;0;0;0;0;0;0;0;0;0;3;0;3;0;0;0;0;357;496;1;500;0;0;5;0;0;0;0;0;0;0;0;2;2;1
24197;2016-06;0;66;0;0;0;0;0;0;0;0;0;0;0;0;0;0;0;0;0;0;0;0;3;0;3;0;0;0;0;65;254;3;131;0;0;0;0;0;0;0;0;0;0;0;3;3;1
24198;2016-06;0;27;0;0;0;0;0;0;0;0;0;0;0;0;0;0;0;0;0;0;0;0;3;0;0;0;0;0;0;52;106;0;217;0;0;0;0;0;0;0;0;0;0;0;0;0;0
24199;2016-06;0;30;0;0;0;0;0;0;0;0;0;0;0;0;0;0;0;0;0;0;0;0;1;0;0;0;0;0;0;48;136;0;80;0;0;1;0;0;0;0;0;0;0;0;3;1;1
24201;2016-06;0;102;0;0;0;0;0;0;0;0;0;0;0;0;0;0;0;0;0;0;0;0;5;0;1;0;0;0;0;99;325;0;199;0;0;4;0;0;0;0;0;0;0;0;9;3;2
24202;2016-06;0;423;0;0;0;0;0;0;0;0;0;0;0;0;0;0;0;0;0;0;0;0;17;0;25;0;0;0;0;1563;1417;5;1743;0;0;6;0;0;0;0;0;0;0;0;15;6;3
24203;2016-06;0;1;0;0;0;0;0;0;0;0;0;0;0;0;0;0;0;0;0;0;0;0;0;0;0;0;0;0;0;11;45;0;10;0;0;0;0;0;0;0;0;0;0;0;1;0;0
24205;2016-06;2;69;0;0;0;0;0;0;0;0;0;0;0;0;0;0;0;0;0;0;0;0;7;0;0;0;0;0;0;96;350;0;143;0;0;1;0;0;0;0;0;0;0;0;3;1;2
24206;2016-06;1;110;0;0;0;0;0;0;0;0;0;0;0;0;0;0;0;0;0;0;0;0;6;0;1;0;0;0;0;171;446;0;491;0;0;1;0;0;0;0;0;0;0;0;0;0;1
24207;2016-06;1;24;0;0;0;0;0;0;0;0;0;0;0;0;0;0;0;0;0;0;0;0;0;0;0;0;0;0;0;26;105;0;75;0;0;0;0;0;0;0;0;0;0;0;3;0;1
24209;2016-06;1;126;0;0;0;0;0;0;0;0;0;0;0;0;0;0;0;0;0;0;0;0;8;0;2;0;0;0;0;314;825;1;572;0;0;0;0;0;0;0;0;0;0;0;3;0;1
24210;2016-06;1;23;0;0;0;0;0;0;0;0;0;0;0;0;0;0;0;0;0;0;0;0;0;0;0;0;0;0;0;57;152;0;115;0;0;1;0;0;0;0;0;0;0;0;4;0;0
24211;2016-06;0;27;0;0;0;0;0;0;0;0;0;0;0;0;0;0;0;0;0;0;0;0;0;0;1;0;0;0;0;13;110;1;50;0;0;0;0;0;0;0;0;0;0;0;1;0;0
24212;2016-06;0;78;0;0;0;0;0;0;0;0;0;0;0;0;0;0;0;0;0;0;0;0;5;0;1;0;0;0;0;79;342;0;232;0;0;1;0;0;0;0;0;0;0;0;16;2;0
24213;2016-06;0;8;0;0;0;0;0;0;0;0;0;0;0;0;0;0;0;0;0;0;0;0;0;0;0;0;0;0;0;4;80;1;23;0;0;1;0;0;0;0;0;0;0;0;4;0;0
24214;2016-06;0;24;0;0;0;0;0;0;0;0;0;0;0;0;0;0;0;0;0;0;0;0;1;0;0;0;0;0;0;68;215;0;170;0;0;1;0;0;0;0;0;0;0;0;1;1;1
24215;2016-06;0;12;0;0;0;0;0;0;0;0;0;0;0;0;0;0;0;0;0;0;0;0;0;0;0;0;0;0;0;6;82;0;13;0;0;0;0;0;0;0;0;0;0;0;0;0;0
24216;2016-06;2;38;0;0;0;0;0;0;0;0;0;0;0;0;0;0;0;0;0;0;0;0;6;0;0;0;0;0;0;38;321;0;110;0;0;0;0;0;0;0;0;0;0;0;0;1;1
24217;2016-06;0;15;0;0;0;0;0;0;0;0;0;0;0;0;0;0;0;0;0;0;0;0;0;0;0;0;0;0;0;6;56;0;29;0;0;0;0;0;0;0;0;0;0;0;1;0;0
24218;2016-06;0;40;0;0;0;0;0;0;0;0;0;0;0;0;0;0;0;0;0;0;0;0;3;0;0;0;0;0;0;58;152;0;63;0;0;0;0;0;0;0;0;0;0;0;3;2;2
24219;2016-06;0;33;0;0;0;0;0;0;0;0;0;0;0;0;0;0;0;0;0;0;0;0;1;0;0;0;0;0;0;53;195;1;94;0;0;0;0;0;0;0;0;0;0;0;3;1;1
24221;2016-06;0;55;0;0;0;0;0;0;0;0;0;0;0;0;0;0;0;0;0;0;0;0;1;0;0;0;0;0;0;68;275;1;126;0;0;0;0;0;0;0;0;0;0;0;5;0;0
24222;2016-06;0;1818;0;0;0;0;0;0;0;0;0;0;0;0;0;0;0;0;0;0;0;0;126;0;10;0;0;0;0;2036;3216;16;2393;0;0;11;0;0;0;0;0;0;0;0;101;38;18
24223;2016-06;3;164;0;0;0;0;0;0;0;0;0;0;0;0;0;0;0;0;0;0;0;0;13;0;6;0;0;0;0;283;823;3;556;0;0;2;0;0;0;0;0;0;0;0;11;3;2
24224;2016-06;1;36;0;0;0;0;0;0;0;0;0;0;0;0;0;0;0;0;0;0;0;0;2;0;1;0;0;0;0;50;234;0;119;0;0;1;0;0;0;0;0;0;0;0;3;0;0
24225;2016-06;0;92;0;0;0;0;0;0;0;0;0;0;0;0;0;0;0;0;0;0;0;0;5;0;1;0;0;0;0;119;357;0;149;0;0;1;0;0;0;0;0;0;0;0;4;0;1
24226;2016-06;0;7;0;0;0;0;0;0;0;0;0;0;0;0;0;0;0;0;0;0;0;0;0;0;0;0;0;0;0;14;101;0;14;0;0;0;0;0;0;0;0;0;0;0;0;0;1
24227;2016-06;0;172;0;0;0;0;0;0;0;0;0;0;0;0;0;0;0;0;0;0;0;0;17;0;0;0;0;0;0;153;486;0;231;0;0;3;0;0;0;0;0;0;0;0;27;4;1
24228;2016-06;0;43;0;0;0;0;0;0;0;0;0;0;0;0;0;0;0;0;0;0;0;0;2;0;0;0;0;0;0;58;243;1;57;0;0;2;0;0;0;0;0;0;0;0;6;2;2
24229;2016-06;0;27;0;0;0;0;0;0;0;0;0;0;0;0;0;0;0;0;0;0;0;0;2;0;0;0;0;0;0;16;182;0;81;0;0;0;0;0;0;0;0;0;0;0;7;2;0
24230;2016-06;0;32;0;0;0;0;0;0;0;0;0;0;0;0;0;0;0;0;0;0;0;0;4;0;0;0;0;0;0;37;166;0;70;0;0;0;0;0;0;0;0;0;0;0;3;3;0
24901;2016-06;1;51;0;0;0;0;0;0;0;0;0;0;0;0;0;0;0;0;0;0;0;0;2;0;0;0;0;0;0;128;238;2;190;0;0;0;0;0;0;0;0;0;0;0;4;1;1
24902;2016-06;0;18;0;0;0;0;0;0;0;0;0;0;0;0;0;0;0;0;0;0;0;0;2;0;0;0;0;0;0;23;134;0;90;0;0;0;0;0;0;0;0;0;0;0;0;0;0
25001;2016-06;0;1;0;0;0;0;0;0;0;0;10;0;29;0;0;0;0;0;0;0;0;0;0;0;0;0;0;0;0;0;3;0;7;0;0;0;0;0;0;0;23;0;0;0;0;0;0
25002;2016-06;0;6;0;0;0;0;0;0;0;0;45;0;116;0;0;0;0;0;0;0;0;0;4;0;0;0;0;0;0;0;29;0;20;0;0;0;0;0;0;0;92;0;0;0;0;0;0
25003;2016-06;0;120;0;0;0;0;0;0;0;0;267;0;757;0;0;0;0;0;0;0;0;0;21;0;2;0;0;0;0;0;270;0;188;0;0;1;0;0;0;0;544;0;0;0;0;0;3
25004;2016-06;0;14;0;0;0;0;0;0;0;0;44;0;121;0;0;0;0;0;0;0;0;0;1;0;0;0;0;0;0;0;35;0;36;0;0;1;0;0;0;0;118;0;0;0;0;0;0
25005;2016-06;0;6;0;0;0;0;0;0;0;0;26;0;57;0;0;0;0;0;0;0;0;0;2;0;0;0;0;0;0;0;18;0;12;0;0;0;0;0;0;0;50;0;0;0;0;0;0
25006;2016-06;0;19;0;0;0;0;0;0;0;0;24;0;56;0;0;0;0;0;0;0;0;0;3;0;0;0;0;0;0;0;23;0;34;0;0;1;0;0;0;0;32;0;0;0;0;0;2
25007;2016-06;0;90;0;0;0;0;0;0;0;0;186;0;208;0;0;0;0;0;0;0;0;0;18;0;1;0;0;0;0;0;83;0;94;0;0;1;0;0;0;0;150;0;0;0;0;0;2
25008;2016-06;0;35;0;0;0;0;0;0;0;0;59;0;171;0;0;0;0;0;0;0;0;0;4;0;1;0;0;0;0;0;96;0;46;0;0;0;0;0;0;0;279;0;0;0;0;0;1
25009;2016-06;0;15;0;0;0;0;0;0;0;0;55;0;115;0;0;0;0;0;0;0;0;0;0;0;0;0;0;0;0;0;66;0;31;0;0;0;0;0;0;0;150;0;0;0;0;0;0
25010;2016-06;0;2;0;0;0;0;0;0;0;0;22;0;51;0;0;0;0;0;0;0;0;0;0;0;0;0;0;0;0;0;4;0;9;0;0;0;0;0;0;0;21;0;0;0;0;0;2
25011;2016-06;0;199;0;0;0;0;0;0;0;0;545;0;720;0;0;0;0;0;0;0;0;0;39;0;3;0;0;0;0;0;358;0;324;0;0;14;0;0;0;0;542;0;0;0;0;0;0
25012;2016-06;0;126;0;0;0;0;0;0;0;0;297;0;313;0;0;0;0;0;0;0;0;0;30;0;3;0;0;0;0;0;137;0;174;0;0;2;0;0;0;0;219;0;0;0;0;0;1
25013;2016-06;0;68;0;0;0;0;0;0;0;0;246;0;214;0;0;0;0;0;0;0;0;0;20;0;1;0;0;0;0;0;207;0;250;0;0;3;0;0;0;0;199;0;0;0;0;0;2
25014;2016-06;0;2;0;0;0;0;0;0;0;0;13;0;68;0;0;0;0;0;0;0;0;0;0;0;0;0;0;0;0;0;11;0;8;0;0;0;0;0;0;0;58;0;0;0;0;0;0
25015;2016-06;0;7;0;0;0;0;0;0;0;0;39;0;70;0;0;0;0;0;0;0;0;0;2;0;0;0;0;0;0;0;30;0;12;0;0;0;0;0;0;0;57;0;0;0;0;0;0
25016;2016-06;0;46;0;0;0;0;0;0;0;0;193;0;396;0;0;0;0;0;0;0;0;0;4;0;2;0;0;0;0;0;122;0;146;0;0;2;0;0;0;0;334;0;0;0;0;0;0
25017;2016-06;0;1;0;0;0;0;0;0;0;0;22;0;52;0;0;0;0;0;0;0;0;0;0;0;0;0;0;0;0;0;5;0;14;0;0;0;0;0;0;0;66;0;0;0;0;0;0
25019;2016-06;0;235;0;0;0;0;0;0;0;0;563;0;521;0;0;0;0;0;0;0;0;0;28;0;3;0;0;0;0;0;435;0;392;0;0;6;0;0;0;0;478;0;0;0;0;0;3
25020;2016-06;0;8;0;0;0;0;0;0;0;0;16;0;65;0;0;0;0;0;0;0;0;0;0;0;1;0;0;0;0;0;28;0;14;0;0;0;0;0;0;0;70;0;0;0;0;0;0
25021;2016-06;0;53;0;0;0;0;0;0;0;0;273;0;476;0;0;0;0;0;0;0;0;0;11;0;3;0;0;0;0;0;143;0;186;0;0;0;0;0;0;0;315;0;0;0;0;0;1
25022;2016-06;0;1;0;0;0;0;0;0;0;0;9;0;28;0;0;0;0;0;0;0;0;0;0;0;0;0;0;0;0;0;2;0;3;0;0;0;0;0;0;0;36;0;0;0;0;0;0
25023;2016-06;0;288;0;0;0;0;0;0;0;0;452;0;605;0;0;0;0;0;0;0;0;0;34;0;2;0;0;0;0;0;429;0;288;0;0;3;0;0;0;0;625;0;0;0;0;0;7
25024;2016-06;0;2;0;0;0;0;0;0;0;0;31;0;85;0;0;0;0;0;0;0;0;0;0;0;0;0;0;0;0;0;10;0;34;0;0;0;0;0;0;0;59;0;0;0;0;0;0
25025;2016-06;0;139;0;0;0;0;0;0;0;0;169;0;74;0;0;0;0;0;0;0;0;0;7;0;0;0;0;0;0;0;198;0;146;0;0;2;0;0;0;0;113;0;0;0;0;0;0
25027;2016-06;0;17;0;0;0;0;0;0;0;0;67;0;233;0;0;0;0;0;0;0;0;0;1;0;1;0;0;0;0;0;64;0;32;0;0;1;0;0;0;0;207;0;0;0;0;0;0
25029;2016-06;0;16;0;0;0;0;0;0;0;0;144;0;325;0;0;0;0;0;0;0;0;0;10;0;0;0;0;0;0;0;88;0;133;0;0;0;0;0;0;0;298;0;0;0;0;0;0
25030;2016-06;0;1;0;0;0;0;0;0;0;0;9;0;24;0;0;0;0;0;0;0;0;0;1;0;0;0;0;0;0;0;0;0;4;0;0;0;0;0;0;0;32;0;0;0;0;0;0
25031;2016-06;0;7;0;0;0;0;0;0;0;0;5;0;1;0;0;0;0;0;0;0;0;0;0;0;0;0;0;0;0;0;13;0;2;0;0;0;0;0;0;0;1;0;0;0;0;0;0
25032;2016-06;0;2;0;0;0;0;0;0;0;0;8;0;24;0;0;0;0;0;0;0;0;0;1;0;0;0;0;0;0;0;2;0;0;0;0;0;0;0;0;0;6;0;0;0;0;0;0
25033;2016-06;0;36;0;0;0;0;0;0;0;0;138;0;242;0;0;0;0;0;0;0;0;0;6;0;1;0;0;0;0;0;47;0;58;0;0;1;0;0;0;0;190;0;0;0;0;0;0
25034;2016-06;0;45;0;0;0;0;0;0;0;0;122;0;454;0;0;0;0;0;0;0;0;0;9;0;1;0;0;0;0;0;155;0;82;0;0;2;0;0;0;0;454;0;0;0;0;0;1
25035;2016-06;0;16;0;0;0;0;0;0;0;0;52;0;62;0;0;0;0;0;0;0;0;0;3;0;0;0;0;0;0;0;29;0;22;0;0;0;0;0;0;0;59;0;0;0;0;0;2
25036;2016-06;0;3;0;0;0;0;0;0;0;0;19;0;25;0;0;0;0;0;0;0;0;0;0;0;0;0;0;0;0;0;22;0;16;0;0;0;0;0;0;0;22;0;0;0;0;0;0
25037;2016-06;0;4;0;0;0;0;0;0;0;0;24;0;89;0;0;0;0;0;0;0;0;0;0;0;0;0;0;0;0;0;40;0;12;0;0;1;0;0;0;0;71;0;0;0;0;0;0
25038;2016-06;0;42;0;0;0;0;0;0;0;0;95;0;204;0;0;0;0;0;0;0;0;0;4;0;1;0;0;0;0;0;232;0;64;0;0;1;0;0;0;0;326;0;0;0;0;0;0
25039;2016-06;0;2;0;0;0;0;0;0;0;0;44;0;58;0;0;0;0;0;0;0;0;0;1;0;1;0;0;0;0;0;11;0;18;0;0;0;0;0;0;0;42;0;0;0;0;0;0
25040;2016-06;0;398;0;0;0;0;0;0;0;0;1083;0;1547;0;0;0;0;0;0;0;0;0;48;0;8;0;0;0;0;0;851;0;1001;0;0;11;0;0;0;0;1289;0;0;0;0;0;3
25041;2016-06;0;14;0;0;0;0;0;0;0;0;52;0;99;0;0;0;0;0;0;0;0;0;10;0;1;0;0;0;0;0;41;0;39;0;0;2;0;0;0;0;82;0;0;0;0;0;0
25042;2016-06;0;7;0;0;0;0;0;0;0;0;12;0;25;0;0;0;0;0;0;0;0;0;1;0;0;0;0;0;0;0;19;0;9;0;0;0;0;0;0;0;47;0;0;0;0;0;0
25043;2016-06;0;13;0;0;0;0;0;0;0;0;103;0;196;0;0;0;0;0;0;0;0;0;3;0;0;0;0;0;0;0;20;0;40;0;0;2;0;0;0;0;108;0;0;0;0;0;1
25044;2016-06;0;5;0;0;0;0;0;0;0;0;13;0;21;0;0;0;0;0;0;0;0;0;0;0;0;0;0;0;0;0;28;0;5;0;0;0;0;0;0;0;41;0;0;0;0;0;0
25045;2016-06;0;2;0;0;0;0;0;0;0;0;3;0;5;0;0;0;0;0;0;0;0;0;1;0;0;0;0;0;0;0;6;0;17;0;0;2;0;0;0;0;4;0;0;0;0;0;0
25046;2016-06;0;9;0;0;0;0;0;0;0;0;36;0;98;0;0;0;0;0;0;0;0;0;4;0;0;0;0;0;0;0;35;0;18;0;0;1;0;0;0;0;72;0;0;0;0;0;0
25047;2016-06;0;29;0;0;0;0;0;0;0;0;66;0;239;0;0;0;0;0;0;0;0;0;4;0;0;0;0;0;0;0;46;0;51;0;0;0;0;0;0;0;231;0;0;0;0;0;0
25048;2016-06;0;53;0;0;0;0;0;0;0;0;117;0;337;0;0;0;0;0;0;0;0;0;3;0;2;0;0;0;0;0;122;0;100;0;0;0;0;0;0;0;295;0;0;0;0;0;0
25049;2016-06;0;7;0;0;0;0;0;0;0;0;11;0;27;0;0;0;0;0;0;0;0;0;2;0;0;0;0;0;0;0;9;0;4;0;0;0;0;0;0;0;47;0;0;0;0;0;0
25050;2016-06;0;75;0;0;0;0;0;0;0;0;273;0;600;0;0;0;0;0;0;0;0;0;12;0;6;0;0;0;0;0;190;0;161;0;0;2;0;0;0;0;565;0;0;0;0;0;3
25051;2016-06;0;53;0;0;0;0;0;0;0;0;128;0;318;0;0;0;0;0;0;0;0;0;7;0;0;0;0;0;0;0;75;0;67;0;0;1;0;0;0;0;260;0;0;0;0;0;0
25052;2016-06;0;28;0;0;0;0;0;0;0;0;121;0;411;0;0;0;0;0;0;0;0;0;8;0;1;0;0;0;0;0;68;0;79;0;0;1;0;0;0;0;284;0;0;0;0;0;1
25053;2016-06;0;39;0;0;0;0;0;0;0;0;99;0;176;0;0;0;0;0;0;0;0;0;4;0;0;0;0;0;0;0;76;0;73;0;0;0;0;0;0;0;187;0;0;0;0;0;0
25055;2016-06;0;5;0;0;0;0;0;0;0;0;9;0;16;0;0;0;0;0;0;0;0;0;1;0;0;0;0;0;0;0;11;0;5;0;0;0;0;0;0;0;53;0;0;0;0;0;0
25056;2016-06;0;1;0;0;0;0;0;0;0;0;23;0;39;0;0;0;0;0;0;0;0;0;2;0;0;0;0;0;0;0;7;0;13;0;0;0;0;0;0;0;56;0;0;0;0;0;0
25057;2016-06;0;22;0;0;0;0;0;0;0;0;34;0;16;0;0;0;0;0;0;0;0;0;2;0;0;0;0;0;0;0;30;0;22;0;0;1;0;0;0;0;13;0;0;0;0;0;0
25058;2016-06;0;92;0;0;0;0;0;0;0;0;358;0;901;0;0;0;0;0;0;0;0;0;29;0;2;0;0;0;0;0;215;0;214;0;0;6;0;0;0;0;755;0;0;0;0;0;3
25059;2016-06;0;67;0;0;0;0;0;0;0;0;61;0;30;0;0;0;0;0;0;0;0;0;2;0;0;0;0;0;0;0;145;0;159;0;0;0;0;0;0;0;50;0;0;0;0;0;2
25060;2016-06;0;0;0;0;0;0;0;0;0;0;5;0;13;0;0;0;0;0;0;0;0;0;0;0;0;0;0;0;0;0;8;0;0;0;0;0;0;0;0;0;17;0;0;0;0;0;0
25061;2016-06;0;2;0;0;0;0;0;0;0;0;2;0;6;0;0;0;0;0;0;0;0;0;1;0;0;0;0;0;0;0;3;0;5;0;0;1;0;0;0;0;26;0;0;0;0;0;0
25062;2016-06;0;23;0;0;0;0;0;0;0;0;68;0;169;0;0;0;0;0;0;0;0;0;1;0;2;0;0;0;0;0;50;0;36;0;0;1;0;0;0;0;131;0;0;0;0;0;0
25063;2016-06;0;7;0;0;0;0;0;0;0;0;5;0;6;0;0;0;0;0;0;0;0;0;2;0;0;0;0;0;0;0;11;0;19;0;0;0;0;0;0;0;6;0;0;0;0;0;1
25064;2016-06;0;1;0;0;0;0;0;0;0;0;4;0;21;0;0;0;0;0;0;0;0;0;1;0;0;0;0;0;0;0;6;0;1;0;0;0;0;0;0;0;32;0;0;0;0;0;0
25067;2016-06;0;31;0;0;0;0;0;0;0;0;71;0;132;0;0;0;0;0;0;0;0;0;1;0;0;0;0;0;0;0;91;0;27;0;0;0;0;0;0;0;100;0;0;0;0;0;0
25068;2016-06;0;8;0;0;0;0;0;0;0;0;34;0;81;0;0;0;0;0;0;0;0;0;3;0;0;0;0;0;0;0;24;0;22;0;0;0;0;0;0;0;157;0;0;0;0;0;1
25069;2016-06;0;7;0;0;0;0;0;0;0;0;35;0;86;0;0;0;0;0;0;0;0;0;3;0;0;0;0;0;0;0;24;0;17;0;0;2;0;0;0;0;68;0;0;0;0;0;0
25070;2016-06;0;16;0;0;0;0;0;0;0;0;61;0;170;0;0;0;0;0;0;0;0;0;2;0;0;0;0;0;0;0;48;0;52;0;0;0;0;0;0;0;185;0;0;0;0;0;0
25071;2016-06;0;0;0;0;0;0;0;0;0;0;3;0;17;0;0;0;0;0;0;0;0;0;0;0;0;0;0;0;0;0;1;0;0;0;0;0;0;0;0;0;10;0;0;0;0;0;0
25072;2016-06;0;248;0;0;0;0;0;0;0;0;554;0;903;0;0;0;0;0;0;0;0;0;48;0;1;0;0;0;0;0;453;0;353;0;0;3;0;0;0;0;846;0;0;0;0;0;6
25073;2016-06;0;12;0;0;0;0;0;0;0;0;68;0;113;0;0;0;0;0;0;0;0;0;3;0;0;0;0;0;0;0;16;0;14;0;0;0;0;0;0;0;90;0;0;0;0;0;0
25074;2016-06;0;5;0;0;0;0;0;0;0;0;10;0;52;0;0;0;0;0;0;0;0;0;0;0;0;0;0;0;0;0;7;0;10;0;0;0;0;0;0;0;38;0;0;0;0;0;0
25075;2016-06;0;1;0;0;0;0;0;0;0;0;9;0;28;0;0;0;0;0;0;0;0;0;0;0;0;0;0;0;0;0;3;0;3;0;0;0;0;0;0;0;26;0;0;0;0;0;0
25076;2016-06;0;2;0;0;0;0;0;0;0;0;10;0;24;0;0;0;0;0;0;0;0;0;2;0;0;0;0;0;0;0;3;0;11;0;0;0;0;0;0;0;27;0;0;0;0;0;0
25077;2016-06;0;9;0;0;0;0;0;0;0;0;30;0;111;0;0;0;0;0;0;0;0;0;2;0;0;0;0;0;0;0;20;0;16;0;0;0;0;0;0;0;58;0;0;0;0;0;1
25078;2016-06;0;29;0;0;0;0;0;0;0;0;105;0;202;0;0;0;0;0;0;0;0;0;11;0;2;0;0;0;0;0;59;0;39;0;0;0;0;0;0;0;171;0;0;0;0;0;2
25079;2016-06;0;4;0;0;0;0;0;0;0;0;16;0;57;0;0;0;0;0;0;0;0;0;0;0;0;0;0;0;0;0;22;0;10;0;0;0;0;0;0;0;82;0;0;0;0;0;0
25081;2016-06;0;5;0;0;0;0;0;0;0;0;30;0;44;0;0;0;0;0;0;0;0;0;2;0;0;0;0;0;0;0;20;0;12;0;0;0;0;0;0;0;74;0;0;0;0;0;0
25082;2016-06;0;6;0;0;0;0;0;0;0;0;14;0;61;0;0;0;0;0;0;0;0;0;4;0;1;0;0;0;0;0;11;0;25;0;0;2;0;0;0;0;49;0;0;0;0;0;0
25085;2016-06;0;3;0;0;0;0;0;0;0;0;12;0;31;0;0;0;0;0;0;0;0;0;0;0;0;0;0;0;0;0;25;0;7;0;0;0;0;0;0;0;29;0;0;0;0;0;0
25086;2016-06;0;8;0;0;0;0;0;0;0;0;48;0;131;0;0;0;0;0;0;0;0;0;2;0;0;0;0;0;0;0;6;0;32;0;0;1;0;0;0;0;111;0;0;0;0;0;0
25087;2016-06;0;0;0;0;0;0;0;0;0;0;5;0;17;0;0;0;0;0;0;0;0;0;0;0;0;0;0;0;0;0;0;0;5;0;0;0;0;0;0;0;16;0;0;0;0;0;0
25088;2016-06;0;2;0;0;0;0;0;0;0;0;4;0;14;0;0;0;0;0;0;0;0;0;0;0;2;0;0;0;0;0;3;0;2;0;0;0;0;0;0;0;45;0;0;0;0;0;0
25089;2016-06;0;2;0;0;0;0;0;0;0;0;21;0;19;0;0;0;0;0;0;0;0;0;0;0;1;0;0;0;0;0;0;0;2;0;0;0;0;0;0;0;14;0;0;0;0;0;0
25092;2016-06;0;4;0;0;0;0;0;0;0;0;8;0;40;0;0;0;0;0;0;0;0;0;5;0;0;0;0;0;0;0;5;0;2;0;0;0;0;0;0;0;29;0;0;0;0;0;0
25093;2016-06;0;23;0;0;0;0;0;0;0;0;53;0;99;0;0;0;0;0;0;0;0;0;2;0;1;0;0;0;0;0;40;0;41;0;0;0;0;0;0;0;128;0;0;0;0;0;1
25094;2016-06;0;1;0;0;0;0;0;0;0;0;16;0;22;0;0;0;0;0;0;0;0;0;0;0;0;0;0;0;0;0;18;0;6;0;0;0;0;0;0;0;31;0;0;0;0;0;0
25096;2016-06;0;21;0;0;0;0;0;0;0;0;75;0;163;0;0;0;0;0;0;0;0;0;2;0;0;0;0;0;0;0;80;0;45;0;0;0;0;0;0;0;129;0;0;0;0;0;0
25097;2016-06;0;1;0;0;0;0;0;0;0;0;6;0;28;0;0;0;0;0;0;0;0;0;0;0;0;0;0;0;0;0;12;0;1;0;0;0;0;0;0;0;14;0;0;0;0;0;0
25098;2016-06;0;1;0;0;0;0;0;0;0;0;19;0;48;0;0;0;0;0;0;0;0;0;2;0;0;0;0;0;0;0;9;0;12;0;0;0;0;0;0;0;59;0;0;0;0;0;0
25099;2016-06;0;37;0;0;0;0;0;0;0;0;103;0;219;0;0;0;0;0;0;0;0;0;6;0;0;0;0;0;0;0;65;0;47;0;0;1;0;0;0;0;267;0;0;0;0;0;0
25100;2016-06;0;3;0;0;0;0;0;0;0;0;18;0;36;0;0;0;0;0;0;0;0;0;1;0;1;0;0;0;0;0;2;0;13;0;0;0;0;0;0;0;49;0;0;0;0;0;0
25101;2016-06;0;7;0;0;0;0;0;0;0;0;46;0;157;0;0;0;0;0;0;0;0;0;4;0;2;0;0;0;0;0;8;0;27;0;0;0;0;0;0;0;105;0;0;0;0;0;0
25102;2016-06;0;32;0;0;0;0;0;0;0;0;65;0;77;0;0;0;0;0;0;0;0;0;3;0;3;0;0;0;0;0;54;0;46;0;0;2;0;0;0;0;119;0;0;0;0;0;0
25103;2016-06;0;2;0;0;0;0;0;0;0;0;12;0;23;0;0;0;0;0;0;0;0;0;0;0;0;0;0;0;0;0;12;0;1;0;0;0;0;0;0;0;22;0;0;0;0;0;0
25104;2016-06;0;4;0;0;0;0;0;0;0;0;6;0;18;0;0;0;0;0;0;0;0;0;0;0;0;0;0;0;0;0;7;0;4;0;0;0;0;0;0;0;34;0;0;0;0;0;0
25105;2016-06;0;5;0;0;0;0;0;0;0;0;13;0;24;0;0;0;0;0;0;0;0;0;1;0;0;0;0;0;0;0;7;0;2;0;0;0;0;0;0;0;37;0;0;0;0;0;1
25109;2016-06;0;2;0;0;0;0;0;0;0;0;10;0;40;0;0;0;0;0;0;0;0;0;3;0;0;0;0;0;0;0;12;0;5;0;0;1;0;0;0;0;87;0;0;0;0;0;0
25110;2016-06;0;72;0;0;0;0;0;0;0;0;227;0;442;0;0;0;0;0;0;0;0;0;18;0;1;0;0;0;0;0;131;0;239;0;0;3;0;0;0;0;447;0;0;0;0;0;0
25111;2016-06;0;2;0;0;0;0;0;0;0;0;5;0;12;0;0;0;0;0;0;0;0;0;2;0;0;0;0;0;0;0;8;0;1;0;0;0;0;0;0;0;38;0;0;0;0;0;0
25112;2016-06;0;10;0;0;0;0;0;0;0;0;23;0;42;0;0;0;0;0;0;0;0;0;2;0;1;0;0;0;0;0;28;0;18;0;0;1;0;0;0;0;59;0;0;0;0;0;0
25113;2016-06;0;21;0;0;0;0;0;0;0;0;107;0;269;0;0;0;0;0;0;0;0;0;5;0;2;0;0;0;0;0;75;0;72;0;0;1;0;0;0;0;243;0;0;0;0;0;0
25114;2016-06;0;0;0;0;0;0;0;0;0;0;3;0;24;0;0;0;0;0;0;0;0;0;2;0;0;0;0;0;0;0;2;0;1;0;0;0;0;0;0;0;40;0;0;0;0;0;0
25115;2016-06;0;20;0;0;0;0;0;0;0;0;49;0;119;0;0;0;0;0;0;0;0;0;5;0;0;0;0;0;0;0;37;0;32;0;0;0;0;0;0;0;217;0;0;0;0;0;1
25118;2016-06;0;5;0;0;0;0;0;0;0;0;20;0;50;0;0;0;0;0;0;0;0;0;0;0;0;0;0;0;0;0;35;0;10;0;0;0;0;0;0;0;66;0;0;0;0;0;0
25119;2016-06;0;41;0;0;0;0;0;0;0;0;185;0;483;0;0;0;0;0;0;0;0;0;9;0;1;0;0;0;0;0;123;0;130;0;0;1;0;0;0;0;452;0;0;0;0;0;2
25120;2016-06;0;5700;0;0;0;0;0;0;0;0;10983;0;10054;0;0;0;0;0;0;0;0;0;768;0;69;0;0;0;0;0;10080;0;8846;0;0;103;0;0;0;0;7952;0;0;0;0;0;72
25121;2016-06;0;45;0;0;0;0;0;0;0;0;66;0;33;0;0;0;0;0;0;0;0;0;3;0;1;0;0;0;0;0;82;0;127;0;0;0;0;0;0;0;45;0;0;0;0;0;0
25122;2016-06;0;55;0;0;0;0;0;0;0;0;164;0;466;0;0;0;0;0;0;0;0;0;5;0;0;0;0;0;0;0;92;0;101;0;0;1;0;0;0;0;295;0;0;0;0;0;2
25123;2016-06;0;5;0;0;0;0;0;0;0;0;21;0;55;0;0;0;0;0;0;0;0;0;0;0;0;0;0;0;0;0;1;0;8;0;0;0;0;0;0;0;39;0;0;0;0;0;0
25124;2016-06;0;9;0;0;0;0;0;0;0;0;7;0;31;0;0;0;0;0;0;0;0;0;2;0;0;0;0;0;0;0;13;0;1;0;0;0;0;0;0;0;41;0;0;0;0;0;0
25125;2016-06;0;8;0;0;0;0;0;0;0;0;25;0;106;0;0;0;0;0;0;0;0;0;1;0;0;0;0;0;0;0;32;0;7;0;0;0;0;0;0;0;66;0;0;0;0;0;0
25126;2016-06;0;4;0;0;0;0;0;0;0;0;32;0;57;0;0;0;0;0;0;0;0;0;1;0;0;0;0;0;0;0;17;0;31;0;0;0;0;0;0;0;54;0;0;0;0;0;0
25127;2016-06;0;1;0;0;0;0;0;0;0;0;12;0;72;0;0;0;0;0;0;0;0;0;0;0;0;0;0;0;0;0;3;0;8;0;0;0;0;0;0;0;37;0;0;0;0;0;1
25128;2016-06;0;5;0;0;0;0;0;0;0;0;15;0;23;0;0;0;0;0;0;0;0;0;2;0;0;0;0;0;0;0;6;0;5;0;0;0;0;0;0;0;19;0;0;0;0;0;0
25129;2016-06;0;4;0;0;0;0;0;0;0;0;7;0;30;0;0;0;0;0;0;0;0;0;0;0;0;0;0;0;0;0;4;0;1;0;0;0;0;0;0;0;35;0;0;0;0;0;0
25130;2016-06;0;3;0;0;0;0;0;0;0;0;8;0;46;0;0;0;0;0;0;0;0;0;1;0;0;0;0;0;0;0;4;0;8;0;0;0;0;0;0;0;39;0;0;0;0;0;1
25131;2016-06;0;11;0;0;0;0;0;0;0;0;46;0;63;0;0;0;0;0;0;0;0;0;3;0;0;0;0;0;0;0;30;0;38;0;0;0;0;0;0;0;42;0;0;0;0;0;1
25132;2016-06;0;5;0;0;0;0;0;0;0;0;12;0;27;0;0;0;0;0;0;0;0;0;2;0;0;0;0;0;0;0;4;0;11;0;0;0;0;0;0;0;26;0;0;0;0;0;0
25133;2016-06;0;6;0;0;0;0;0;0;0;0;51;0;99;0;0;0;0;0;0;0;0;0;0;0;1;0;0;0;0;0;52;0;29;0;0;0;0;0;0;0;181;0;0;0;0;0;0
25134;2016-06;0;6;0;0;0;0;0;0;0;0;55;0;121;0;0;0;0;0;0;0;0;0;0;0;2;0;0;0;0;0;46;0;31;0;0;0;0;0;0;0;102;0;0;0;0;0;0
25135;2016-06;0;20;0;0;0;0;0;0;0;0;77;0;166;0;0;0;0;0;0;0;0;0;9;0;1;0;0;0;0;0;50;0;72;0;0;2;0;0;0;0;186;0;0;0;0;0;0
25136;2016-06;0;1;0;0;0;0;0;0;0;0;7;0;22;0;0;0;0;0;0;0;0;0;0;0;0;0;0;0;0;0;9;0;1;0;0;0;0;0;0;0;23;0;0;0;0;0;0
25137;2016-06;0;315;0;0;0;0;0;0;0;0;834;0;1237;0;0;0;0;0;0;0;0;0;48;0;8;0;0;0;0;0;575;0;718;0;0;4;0;0;0;0;1295;0;0;0;0;0;5
25138;2016-06;0;12;0;0;0;0;0;0;0;0;31;0;119;0;0;0;0;0;0;0;0;0;4;0;0;0;0;0;0;0;51;0;31;0;0;0;0;0;0;0;108;0;0;0;0;0;0
25139;2016-06;0;13;0;0;0;0;0;0;0;0;34;0;122;0;0;0;0;0;0;0;0;0;1;0;1;0;0;0;0;0;12;0;20;0;0;0;0;0;0;0;83;0;0;0;0;0;0
25140;2016-06;0;23;0;0;0;0;0;0;0;0;100;0;114;0;0;0;0;0;0;0;0;0;1;0;1;0;0;0;0;0;40;0;24;0;0;1;0;0;0;0;116;0;0;0;0;0;1
25141;2016-06;0;3;0;0;0;0;0;0;0;0;19;0;32;0;0;0;0;0;0;0;0;0;0;0;0;0;0;0;0;0;10;0;0;0;0;0;0;0;0;0;31;0;0;0;0;0;0
25142;2016-06;0;10;0;0;0;0;0;0;0;0;37;0;103;0;0;0;0;0;0;0;0;0;2;0;0;0;0;0;0;0;17;0;11;0;0;0;0;0;0;0;42;0;0;0;0;0;1
25143;2016-06;0;4;0;0;0;0;0;0;0;0;5;0;13;0;0;0;0;0;0;0;0;0;0;0;0;0;0;0;0;0;7;0;7;0;0;0;0;0;0;0;19;0;0;0;0;0;0
25145;2016-06;0;1;0;0;0;0;0;0;0;0;7;0;20;0;0;0;0;0;0;0;0;0;0;0;0;0;0;0;0;0;3;0;3;0;0;0;0;0;0;0;29;0;0;0;0;0;0
25146;2016-06;0;4;0;0;0;0;0;0;0;0;9;0;40;0;0;0;0;0;0;0;0;0;3;0;0;0;0;0;0;0;15;0;2;0;0;0;0;0;0;0;64;0;0;0;0;0;0
25148;2016-06;0;5;0;0;0;0;0;0;0;0;2;0;44;0;0;0;0;0;0;0;0;0;0;0;0;0;0;0;0;0;13;0;2;0;0;0;0;0;0;0;58;0;0;0;0;0;0
25149;2016-06;0;26;0;0;0;0;0;0;0;0;109;0;251;0;0;0;0;0;0;0;0;0;3;0;0;0;0;0;0;0;112;0;94;0;0;1;0;0;0;0;352;0;0;0;0;0;2
25150;2016-06;0;8;0;0;0;0;0;0;0;0;7;0;31;0;0;0;0;0;0;0;0;0;0;0;0;0;0;0;0;0;18;0;3;0;0;1;0;0;0;0;42;0;0;0;0;0;0
25151;2016-06;0;22;0;0;0;0;0;0;0;0;48;0;131;0;0;0;0;0;0;0;0;0;8;0;0;0;0;0;0;0;37;0;24;0;0;0;0;0;0;0;142;0;0;0;0;0;0
25152;2016-06;0;4;0;0;0;0;0;0;0;0;8;0;27;0;0;0;0;0;0;0;0;0;1;0;0;0;0;0;0;0;11;0;4;0;0;0;0;0;0;0;30;0;0;0;0;0;0
25153;2016-06;0;10;0;0;0;0;0;0;0;0;15;0;32;0;0;0;0;0;0;0;0;0;1;0;0;0;0;0;0;0;33;0;12;0;0;0;0;0;0;0;23;0;0;0;0;0;0
25154;2016-06;0;0;0;0;0;0;0;0;0;0;9;0;27;0;0;0;0;0;0;0;0;0;1;0;0;0;0;0;0;0;9;0;2;0;0;0;0;0;0;0;24;0;0;0;0;0;0
25155;2016-06;0;8;0;0;0;0;0;0;0;0;41;0;123;0;0;0;0;0;0;0;0;0;4;0;0;0;0;0;0;0;59;0;38;0;0;1;0;0;0;0;144;0;0;0;0;0;0
25156;2016-06;0;29;0;0;0;0;0;0;0;0;95;0;160;0;0;0;0;0;0;0;0;0;5;0;0;0;0;0;0;0;46;0;48;0;0;1;0;0;0;0;145;0;0;0;0;0;1
25157;2016-06;0;3;0;0;0;0;0;0;0;0;9;0;35;0;0;0;0;0;0;0;0;0;4;0;1;0;0;0;0;0;21;0;2;0;0;1;0;0;0;0;31;0;0;0;0;0;0
25158;2016-06;0;68;0;0;0;0;0;0;0;0;142;0;313;0;0;0;0;0;0;0;0;0;5;0;0;0;0;0;0;0;61;0;61;0;0;1;0;0;0;0;346;0;0;0;0;0;0
25161;2016-06;0;4;0;0;0;0;0;0;0;0;42;0;85;0;0;0;0;0;0;0;0;0;1;0;0;0;0;0;0;0;11;0;21;0;0;1;0;0;0;0;51;0;0;0;0;0;0
25163;2016-06;0;5;0;0;0;0;0;0;0;0;14;0;44;0;0;0;0;0;0;0;0;0;1;0;0;0;0;0;0;0;12;0;1;0;0;0;0;0;0;0;52;0;0;0;0;0;1
25164;2016-06;0;11;0;0;0;0;0;0;0;0;23;0;59;0;0;0;0;0;0;0;0;0;1;0;2;0;0;0;0;0;18;0;16;0;0;1;0;0;0;0;101;0;0;0;0;0;2
25165;2016-06;0;7;0;0;0;0;0;0;0;0;15;0;54;0;0;0;0;0;0;0;0;0;0;0;1;0;0;0;0;0;16;0;8;0;0;0;0;0;0;0;73;0;0;0;0;0;0
25166;2016-06;0;2;0;0;0;0;0;0;0;0;9;0;42;0;0;0;0;0;0;0;0;0;0;0;0;0;0;0;0;0;19;0;3;0;0;0;0;0;0;0;32;0;0;0;0;0;0
25167;2016-06;0;4;0;0;0;0;0;0;0;0;22;0;45;0;0;0;0;0;0;0;0;0;0;0;0;0;0;0;0;0;22;0;0;0;0;0;0;0;0;0;42;0;0;0;0;0;0
25168;2016-06;0;26;0;0;0;0;0;0;0;0;22;0;114;0;0;0;0;0;0;0;0;0;2;0;1;0;0;0;0;0;49;0;21;0;0;0;0;0;0;0;110;0;0;0;0;0;0
25169;2016-06;0;0;0;0;0;0;0;0;0;0;20;0;34;0;0;0;0;0;0;0;0;0;1;0;0;0;0;0;0;0;11;0;10;0;0;0;0;0;0;0;32;0;0;0;0;0;0
25170;2016-06;0;7;0;0;0;0;0;0;0;0;25;0;56;0;0;0;0;0;0;0;0;0;1;0;0;0;0;0;0;0;12;0;14;0;0;0;0;0;0;0;50;0;0;0;0;0;1
25171;2016-06;0;43;0;0;0;0;0;0;0;0;216;0;511;0;0;0;0;0;0;0;0;0;11;0;2;0;0;0;0;0;88;0;190;0;0;1;0;0;0;0;340;0;0;0;0;0;0
25172;2016-06;0;26;0;0;0;0;0;0;0;0;125;0;385;0;0;0;0;0;0;0;0;0;12;0;2;0;0;0;0;0;156;0;74;0;0;1;0;0;0;0;355;0;0;0;0;0;0
25173;2016-06;0;82;0;0;0;0;0;0;0;0;272;0;182;0;0;0;0;0;0;0;0;0;12;0;3;0;0;0;0;0;139;0;261;0;0;4;0;0;0;0;173;0;0;0;0;0;1
25174;2016-06;0;17;0;0;0;0;0;0;0;0;46;0;58;0;0;0;0;0;0;0;0;0;2;0;0;0;0;0;0;0;32;0;35;0;0;1;0;0;0;0;87;0;0;0;0;0;0
25175;2016-06;0;5;0;0;0;0;0;0;0;0;23;0;28;0;0;0;0;0;0;0;0;0;0;0;0;0;0;0;0;0;20;0;2;0;0;0;0;0;0;0;38;0;0;0;0;0;0
25176;2016-06;0;7;0;0;0;0;0;0;0;0;24;0;59;0;0;0;0;0;0;0;0;0;0;0;0;0;0;0;0;0;37;0;5;0;0;0;0;0;0;0;78;0;0;0;0;0;0
25177;2016-06;0;7;0;0;0;0;0;0;0;0;42;0;71;0;0;0;0;0;0;0;0;0;0;0;1;0;0;0;0;0;21;0;17;0;0;0;0;0;0;0;67;0;0;0;0;0;0
25179;2016-06;0;3;0;0;0;0;0;0;0;0;8;0;38;0;0;0;0;0;0;0;0;0;0;0;0;0;0;0;0;0;4;0;5;0;0;0;0;0;0;0;43;0;0;0;0;0;0
25180;2016-06;0;6;0;0;0;0;0;0;0;0;25;0;36;0;0;0;0;0;0;0;0;0;0;0;0;0;0;0;0;0;16;0;6;0;0;0;0;0;0;0;53;0;0;0;0;0;0
25181;2016-06;0;3;0;0;0;0;0;0;0;0;14;0;32;0;0;0;0;0;0;0;0;0;1;0;0;0;0;0;0;0;14;0;12;0;0;0;0;0;0;0;39;0;0;0;0;0;1
25182;2016-06;0;52;0;0;0;0;0;0;0;0;127;0;166;0;0;0;0;0;0;0;0;0;5;0;0;0;0;0;0;0;85;0;96;0;0;0;0;0;0;0;115;0;0;0;0;0;0
25183;2016-06;0;7;0;0;0;0;0;0;0;0;59;0;92;0;0;0;0;0;0;0;0;0;9;0;1;0;0;0;0;0;21;0;28;0;0;0;0;0;0;0;97;0;0;0;0;0;2
25185;2016-06;0;19;0;0;0;0;0;0;0;0;58;0;130;0;0;0;0;0;0;0;0;0;3;0;1;0;0;0;0;0;37;0;49;0;0;0;0;0;0;0;94;0;0;0;0;0;0
25186;2016-06;0;7;0;0;0;0;0;0;0;0;14;0;39;0;0;0;0;0;0;0;0;0;0;0;0;0;0;0;0;0;10;0;2;0;0;0;0;0;0;0;47;0;0;0;0;0;0
25189;2016-06;0;102;0;0;0;0;0;0;0;0;281;0;294;0;0;0;0;0;0;0;0;0;17;0;0;0;0;0;0;0;120;0;133;0;0;4;0;0;0;0;223;0;0;0;0;0;2
25190;2016-06;0;4;0;0;0;0;0;0;0;0;30;0;77;0;0;0;0;0;0;0;0;0;3;0;0;0;0;0;0;0;2;0;24;0;0;0;0;0;0;0;43;0;0;0;0;0;0
25191;2016-06;0;4;0;0;0;0;0;0;0;0;22;0;58;0;0;0;0;0;0;0;0;0;2;0;1;0;0;0;0;0;32;0;16;0;0;0;0;0;0;0;65;0;0;0;0;0;0
25192;2016-06;0;18;0;0;0;0;0;0;0;0;51;0;150;0;0;0;0;0;0;0;0;0;1;0;3;0;0;0;0;0;56;0;24;0;0;0;0;0;0;0;131;0;0;0;0;0;0
25193;2016-06;0;5;0;0;0;0;0;0;0;0;28;0;178;0;0;0;0;0;0;0;0;0;0;0;1;0;0;0;0;0;31;0;21;0;0;0;0;0;0;0;213;0;0;0;0;0;1
25194;2016-06;0;8;0;0;0;0;0;0;0;0;22;0;56;0;0;0;0;0;0;0;0;0;2;0;1;0;0;0;0;0;36;0;7;0;0;1;0;0;0;0;105;0;0;0;0;0;0
25196;2016-06;0;3;0;0;0;0;0;0;0;0;10;0;12;0;0;0;0;0;0;0;0;0;0;0;0;0;0;0;0;0;6;0;4;0;0;0;0;0;0;0;22;0;0;0;0;0;0
25197;2016-06;0;2;0;0;0;0;0;0;0;0;9;0;35;0;0;0;0;0;0;0;0;0;0;0;0;0;0;0;0;0;6;0;4;0;0;0;0;0;0;0;31;0;0;0;0;0;0
25200;2016-06;0;2;0;0;0;0;0;0;0;0;31;0;104;0;0;0;0;0;0;0;0;0;1;0;0;0;0;0;0;0;7;0;24;0;0;0;0;0;0;0;44;0;0;0;0;0;0
25201;2016-06;0;12;0;0;0;0;0;0;0;0;5;0;17;0;0;0;0;0;0;0;0;0;0;0;0;0;0;0;0;0;8;0;4;0;0;0;0;0;0;0;23;0;0;0;0;0;0
25202;2016-06;0;1;0;0;0;0;0;0;0;0;17;0;23;0;0;0;0;0;0;0;0;0;0;0;0;0;0;0;0;0;4;0;13;0;0;0;0;0;0;0;14;0;0;0;0;0;0
25203;2016-06;0;361;0;0;0;0;0;0;0;0;807;0;1098;0;0;0;0;0;0;0;0;0;62;0;11;0;0;0;0;0;652;0;804;0;0;10;0;0;0;0;1075;0;0;0;0;0;3
25204;2016-06;0;36;0;0;0;0;0;0;0;0;83;0;216;0;0;0;0;0;0;0;0;0;6;0;1;0;0;0;0;0;100;0;100;0;0;0;0;0;0;0;175;0;0;0;0;0;2
25205;2016-06;0;24;0;0;0;0;0;0;0;0;73;0;86;0;0;0;0;0;0;0;0;0;7;0;0;0;0;0;0;0;37;0;28;0;0;1;0;0;0;0;107;0;0;0;0;0;1
25206;2016-06;0;0;0;0;0;0;0;0;0;0;8;0;62;0;0;0;0;0;0;0;0;0;0;0;1;0;0;0;0;0;5;0;7;0;0;0;0;0;0;0;62;0;0;0;0;0;0
25207;2016-06;0;167;0;0;0;0;0;0;0;0;484;0;1352;0;0;0;0;0;0;0;0;0;27;0;56;0;0;0;0;0;293;0;344;0;0;7;0;0;0;0;903;0;0;0;0;0;0
25208;2016-06;0;3;0;0;0;0;0;0;0;0;55;0;71;0;0;0;0;0;0;0;0;0;3;0;0;0;0;0;0;0;8;0;13;0;0;0;0;0;0;0;28;0;0;0;0;0;0
25209;2016-06;0;34;0;0;0;0;0;0;0;0;199;0;297;0;0;0;0;0;0;0;0;0;10;0;0;0;0;0;0;0;84;0;93;0;0;1;0;0;0;0;248;0;0;0;0;0;3
25210;2016-06;0;33;0;0;0;0;0;0;0;0;63;0;163;0;0;0;0;0;0;0;0;0;4;0;0;0;0;0;0;0;73;0;93;0;0;0;0;0;0;0;244;0;0;0;0;0;1
25211;2016-06;0;15;0;0;0;0;0;0;0;0;47;0;155;0;0;0;0;0;0;0;0;0;6;0;0;0;0;0;0;0;42;0;27;0;0;2;0;0;0;0;81;0;0;0;0;0;0
25212;2016-06;0;12;0;0;0;0;0;0;0;0;16;0;36;0;0;0;0;0;0;0;0;0;4;0;0;0;0;0;0;0;15;0;9;0;0;0;0;0;0;0;55;0;0;0;0;0;0
25215;2016-06;0;27;0;0;0;0;0;0;0;0;46;0;66;0;0;0;0;0;0;0;0;0;1;0;2;0;0;0;0;0;32;0;21;0;0;0;0;0;0;0;40;0;0;0;0;0;1
25216;2016-06;0;3;0;0;0;0;0;0;0;0;15;0;41;0;0;0;0;0;0;0;0;0;0;0;0;0;0;0;0;0;23;0;0;0;0;0;0;0;0;0;53;0;0;0;0;0;0
25217;2016-06;0;332;0;0;0;0;0;0;0;0;1089;0;1682;0;0;0;0;0;0;0;0;0;72;0;4;0;0;0;0;0;584;0;703;0;0;8;0;0;0;0;1678;0;0;0;0;0;9
25218;2016-06;0;1;0;0;0;0;0;0;0;0;3;0;27;0;0;0;0;0;0;0;0;0;1;0;0;0;0;0;0;0;0;0;2;0;0;0;0;0;0;0;28;0;0;0;0;0;0
25219;2016-06;0;3;0;0;0;0;0;0;0;0;22;0;39;0;0;0;0;0;0;0;0;0;0;0;0;0;0;0;0;0;12;0;0;0;0;0;0;0;0;0;25;0;0;0;0;0;0
25220;2016-06;0;27;0;0;0;0;0;0;0;0;81;0;183;0;0;0;0;0;0;0;0;0;4;0;0;0;0;0;0;0;94;0;56;0;0;1;0;0;0;0;185;0;0;0;0;0;0
25221;2016-06;0;0;0;0;0;0;0;0;0;0;17;0;26;0;0;0;0;0;0;0;0;0;1;0;0;0;0;0;0;0;6;0;7;0;0;0;0;0;0;0;24;0;0;0;0;0;0
25222;2016-06;0;1;0;0;0;0;0;0;0;0;2;0;11;0;0;0;0;0;0;0;0;0;0;0;0;0;0;0;0;0;11;0;2;0;0;0;0;0;0;0;24;0;0;0;0;0;0
25223;2016-06;0;17;0;0;0;0;0;0;0;0;61;0;209;0;0;0;0;0;0;0;0;0;7;0;0;0;0;0;0;0;27;0;29;0;0;1;0;0;0;0;183;0;0;0;0;0;1
25224;2016-06;0;0;0;0;0;0;0;0;0;0;15;0;23;0;0;0;0;0;0;0;0;0;0;0;0;0;0;0;0;0;3;0;3;0;0;0;0;0;0;0;21;0;0;0;0;0;0
25225;2016-06;0;14;0;0;0;0;0;0;0;0;28;0;136;0;0;0;0;0;0;0;0;0;2;0;0;0;0;0;0;0;31;0;12;0;0;0;0;0;0;0;132;0;0;0;0;0;0
25226;2016-06;0;9;0;0;0;0;0;0;0;0;22;0;35;0;0;0;0;0;0;0;0;0;0;0;1;0;0;0;0;0;12;0;9;0;0;0;0;0;0;0;61;0;0;0;0;0;0
25227;2016-06;0;10;0;0;0;0;0;0;0;0;53;0;144;0;0;0;0;0;0;0;0;0;0;0;0;0;0;0;0;0;22;0;37;0;0;0;0;0;0;0;130;0;0;0;0;0;0
25228;2016-06;0;166;0;0;0;0;0;0;0;0;312;0;465;0;0;0;0;0;0;0;0;0;26;0;2;0;0;0;0;0;214;0;227;0;0;4;0;0;0;0;477;0;0;0;0;0;2
25230;2016-06;0;46;0;0;0;0;0;0;0;0;110;0;292;0;0;0;0;0;0;0;0;0;6;0;0;0;0;0;0;0;144;0;149;0;0;0;0;0;0;0;232;0;0;0;0;0;1
25231;2016-06;0;13;0;0;0;0;0;0;0;0;31;0;133;0;0;0;0;0;0;0;0;0;4;0;1;0;0;0;0;0;31;0;23;0;0;0;0;0;0;0;90;0;0;0;0;0;0
25232;2016-06;0;32;0;0;0;0;0;0;0;0;158;0;217;0;0;0;0;0;0;0;0;0;5;0;1;0;0;0;0;0;126;0;111;0;0;1;0;0;0;0;208;0;0;0;0;0;0
25233;2016-06;0;10;0;0;0;0;0;0;0;0;41;0;38;0;0;0;0;0;0;0;0;0;2;0;0;0;0;0;0;0;20;0;26;0;0;0;0;0;0;0;37;0;0;0;0;0;0
25234;2016-06;0;127;0;0;0;0;0;0;0;0;399;0;663;0;0;0;0;0;0;0;0;0;24;0;1;0;0;0;0;0;270;0;330;0;0;4;0;0;0;0;664;0;0;0;0;0;3
25238;2016-06;0;5;0;0;0;0;0;0;0;0;23;0;45;0;0;0;0;0;0;0;0;0;0;0;0;0;0;0;0;0;9;0;6;0;0;0;0;0;0;0;46;0;0;0;0;0;0
25239;2016-06;0;14;0;0;0;0;0;0;0;0;37;0;81;0;0;0;0;0;0;0;0;0;1;0;0;0;0;0;0;0;28;0;20;0;0;0;0;0;0;0;70;0;0;0;0;0;0
25240;2016-06;0;58;0;0;0;0;0;0;0;0;159;0;245;0;0;0;0;0;0;0;0;0;10;0;1;0;0;0;0;0;139;0;86;0;0;1;0;0;0;0;203;0;0;0;0;0;1
25242;2016-06;0;18;0;0;0;0;0;0;0;0;57;0;137;0;0;0;0;0;0;0;0;0;5;0;1;0;0;0;0;0;46;0;35;0;0;0;0;0;0;0;148;0;0;0;0;0;1
25243;2016-06;0;314;0;0;0;0;0;0;0;0;402;0;196;0;0;0;0;0;0;0;0;0;23;0;1;0;0;0;0;0;538;0;429;0;0;8;0;0;0;0;217;0;0;0;0;0;6
25244;2016-06;0;7;0;0;0;0;0;0;0;0;21;0;66;0;0;0;0;0;0;0;0;0;2;0;0;0;0;0;0;0;36;0;27;0;0;0;0;0;0;0;56;0;0;0;0;0;0
25245;2016-06;0;26;0;0;0;0;0;0;0;0;51;0;69;0;0;0;0;0;0;0;0;0;0;0;2;0;0;0;0;0;31;0;59;0;0;0;0;0;0;0;36;0;0;0;0;0;1
25247;2016-06;0;11;0;0;0;0;0;0;0;0;18;0;6;0;0;0;0;0;0;0;0;0;0;0;0;0;0;0;0;0;15;0;9;0;0;0;0;0;0;0;6;0;0;0;0;0;0
25248;2016-06;0;9;0;0;0;0;0;0;0;0;68;0;209;0;0;0;0;0;0;0;0;0;2;0;0;0;0;0;0;0;28;0;19;0;0;1;0;0;0;0;244;0;0;0;0;0;0
25249;2016-06;0;6;0;0;0;0;0;0;0;0;5;0;45;0;0;0;0;0;0;0;0;0;1;0;0;0;0;0;0;0;15;0;4;0;0;0;0;0;0;0;21;0;0;0;0;0;0
25250;2016-06;0;3;0;0;0;0;0;0;0;0;29;0;74;0;0;0;0;0;0;0;0;0;1;0;0;0;0;0;0;0;15;0;14;0;0;1;0;0;0;0;67;0;0;0;0;0;0
25251;2016-06;0;27;0;0;0;0;0;0;0;0;87;0;117;0;0;0;0;0;0;0;0;0;6;0;1;0;0;0;0;0;56;0;29;0;0;1;0;0;0;0;115;0;0;0;0;0;1
25252;2016-06;0;19;0;0;0;0;0;0;0;0;59;0;80;0;0;0;0;0;0;0;0;0;5;0;0;0;0;0;0;0;46;0;19;0;0;1;0;0;0;0;102;0;0;0;0;0;2
25253;2016-06;0;2;0;0;0;0;0;0;0;0;12;0;41;0;0;0;0;0;0;0;0;0;0;0;0;0;0;0;0;0;10;0;5;0;0;0;0;0;0;0;34;0;0;0;0;0;0
25254;2016-06;0;26;0;0;0;0;0;0;0;0;67;0;124;0;0;0;0;0;0;0;0;0;5;0;0;0;0;0;0;0;68;0;55;0;0;0;0;0;0;0;104;0;0;0;0;0;0
25255;2016-06;0;9;0;0;0;0;0;0;0;0;55;0;86;0;0;0;0;0;0;0;0;0;3;0;0;0;0;0;0;0;33;0;26;0;0;0;0;0;0;0;82;0;0;0;0;0;0
25901;2016-06;0;10;0;0;0;0;0;0;0;0;16;0;76;0;0;0;0;0;0;0;0;0;3;0;1;0;0;0;0;0;22;0;19;0;0;1;0;0;0;0;47;0;0;0;0;0;0
25902;2016-06;0;8;0;0;0;0;0;0;0;0;42;0;121;0;0;0;0;0;0;0;0;0;0;0;1;0;0;0;0;0;54;0;15;0;0;0;0;0;0;0;105;0;0;0;0;0;2
25903;2016-06;0;3;0;0;0;0;0;0;0;0;23;0;59;0;0;0;0;0;0;0;0;0;0;0;0;0;0;0;0;0;5;0;11;0;0;0;0;0;0;0;57;0;0;0;0;0;0
25904;2016-06;0;0;0;0;0;0;0;0;0;0;15;0;32;0;0;0;0;0;0;0;0;0;1;0;0;0;0;0;0;0;10;0;10;0;0;0;0;0;0;0;41;0;0;0;0;0;0
25905;2016-06;0;13;0;0;0;0;0;0;0;0;26;0;62;0;0;0;0;0;0;0;0;0;9;0;0;0;0;0;0;0;40;0;13;0;0;0;0;0;0;0;80;0;0;0;0;0;0
25906;2016-06;0;5;0;0;0;0;0;0;0;0;21;0;38;0;0;0;0;0;0;0;0;0;0;0;0;0;0;0;0;0;9;0;20;0;0;0;0;0;0;0;31;0;0;0;0;0;0
25907;2016-06;0;4;0;0;0;0;0;0;0;0;40;0;97;0;0;0;0;0;0;0;0;0;6;0;1;0;0;0;0;0;34;0;8;0;0;2;0;0;0;0;67;0;0;0;0;0;0
25908;2016-06;0;2;0;0;0;0;0;0;0;0;23;0;39;0;0;0;0;0;0;0;0;0;1;0;0;0;0;0;0;0;12;0;19;0;0;0;0;0;0;0;44;0;0;0;0;0;0
25909;2016-06;0;1;0;0;0;0;0;0;0;0;26;0;28;0;0;0;0;0;0;0;0;0;1;0;1;0;0;0;0;0;6;0;2;0;0;0;0;0;0;0;25;0;0;0;0;0;0
25910;2016-06;0;0;0;0;0;0;0;0;0;0;11;0;25;0;0;0;0;0;0;0;0;0;0;0;1;0;0;0;0;0;1;0;4;0;0;0;0;0;0;0;17;0;0;0;0;0;0
25911;2016-06;0;14;0;0;0;0;0;0;0;0;19;0;84;0;0;0;0;0;0;0;0;0;2;0;0;0;0;0;0;0;18;0;9;0;0;0;0;0;0;0;116;0;0;0;0;0;2
25912;2016-06;0;64;0;0;0;0;0;0;0;0;86;0;70;0;0;0;0;0;0;0;0;0;6;0;0;0;0;0;0;0;103;0;130;0;0;5;0;0;0;0;74;0;0;0;0;0;0
25913;2016-06;0;2;0;0;0;0;0;0;0;0;8;0;23;0;0;0;0;0;0;0;0;0;0;0;0;0;0;0;0;0;2;0;5;0;0;0;0;0;0;0;24;0;0;0;0;0;0
26001;2016-06;0;12;0;0;0;0;0;0;0;0;0;0;0;0;0;0;0;0;0;0;0;0;1;0;1;0;0;0;0;16;75;0;49;0;0;0;0;0;0;0;0;0;0;0;0;1;0
26002;2016-06;0;69;0;0;0;1;0;0;0;0;0;0;0;0;0;0;0;0;0;0;0;0;3;0;1;0;0;0;0;60;293;0;194;0;0;0;0;0;0;0;0;0;0;0;0;0;1
26003;2016-06;0;18;0;0;0;0;0;0;0;0;0;0;0;0;0;0;0;0;0;0;0;0;1;0;0;0;0;0;0;20;208;0;79;0;0;0;0;0;0;0;0;0;0;0;0;0;1
26004;2016-06;0;3;0;0;0;0;0;0;0;0;0;0;0;0;0;0;0;0;0;0;0;0;0;0;0;0;0;0;0;1;40;0;6;0;0;0;0;0;0;0;0;0;0;0;0;0;0
26005;2016-06;0;184;0;0;0;0;0;0;0;1;0;0;0;0;0;0;0;0;0;0;0;0;13;0;0;0;0;0;0;245;748;0;356;0;0;2;0;0;0;0;0;0;0;0;0;0;5
26006;2016-06;0;128;0;0;0;1;0;0;0;3;0;0;0;0;0;0;0;0;0;0;0;0;13;0;1;0;0;0;0;187;615;0;442;0;0;1;0;0;0;0;0;0;0;0;0;4;2
26007;2016-06;0;32;0;0;0;2;0;0;0;0;0;0;0;0;0;0;0;0;0;0;0;0;1;0;0;0;0;0;0;109;134;0;96;0;0;0;0;0;0;0;0;0;0;0;0;0;1
26008;2016-06;0;134;0;0;0;1;0;0;0;0;0;0;0;0;0;0;0;0;0;0;0;0;2;0;0;0;0;0;0;104;664;0;473;0;0;0;0;0;0;0;0;0;0;0;0;0;4
26009;2016-06;0;24;0;0;0;0;0;0;0;0;0;0;0;0;0;0;0;0;0;0;0;0;1;0;1;0;0;0;0;62;143;0;85;0;0;0;0;0;0;0;0;0;0;0;0;0;1
26010;2016-06;0;7;0;0;0;0;0;0;0;0;0;0;0;0;0;0;0;0;0;0;0;0;0;0;0;0;0;0;0;5;49;0;17;0;0;0;0;0;0;0;0;0;0;0;0;0;0
26011;2016-06;0;643;0;0;0;3;0;0;0;10;0;0;0;0;0;0;0;0;0;0;0;0;33;0;2;0;0;0;0;756;2156;0;1419;0;0;4;0;0;0;0;0;0;0;0;0;16;3
26012;2016-06;0;0;0;0;0;0;0;0;0;0;0;0;0;0;0;0;0;0;0;0;0;0;0;0;0;0;0;0;0;3;16;0;3;0;0;0;0;0;0;0;0;0;0;0;0;0;0
26013;2016-06;0;30;0;0;0;0;0;0;0;1;0;0;0;0;0;0;0;0;0;0;0;0;8;0;1;0;0;0;0;50;82;0;71;0;0;0;0;0;0;0;0;0;0;0;0;1;0
26014;2016-06;0;22;0;0;0;0;0;0;0;0;0;0;0;0;0;0;0;0;0;0;0;0;1;0;0;0;0;0;0;45;130;0;121;0;0;1;0;0;0;0;0;0;0;0;0;1;2
26015;2016-06;0;12;0;0;0;0;0;0;0;0;0;0;0;0;0;0;0;0;0;0;0;0;2;0;1;0;0;0;0;14;101;0;23;0;0;0;0;0;0;0;0;0;0;0;0;1;1
26016;2016-06;0;3;0;0;0;0;0;0;0;0;0;0;0;0;0;0;0;0;0;0;0;0;0;0;0;0;0;0;0;1;11;0;8;0;0;0;0;0;0;0;0;0;0;0;0;0;0
26017;2016-06;0;27;0;0;0;0;0;0;0;0;0;0;0;0;0;0;0;0;0;0;0;0;1;0;0;0;0;0;0;77;79;0;101;0;0;1;0;0;0;0;0;0;0;0;0;2;0
26018;2016-06;0;1155;0;0;0;2;0;0;0;4;0;0;0;0;0;0;0;0;0;0;0;0;44;0;5;0;0;0;0;1352;2811;0;2494;0;0;8;0;0;0;0;0;0;0;0;0;10;6
26019;2016-06;0;34;0;0;0;0;0;0;0;0;0;0;0;0;0;0;0;0;0;0;0;0;3;0;0;0;0;0;0;31;118;0;81;0;0;1;0;0;0;0;0;0;0;0;0;1;1
26020;2016-06;0;19;0;0;0;0;0;0;0;0;0;0;0;0;0;0;0;0;0;0;0;0;1;0;0;0;0;0;0;25;207;0;78;0;0;2;0;0;0;0;0;0;0;0;0;0;4
26021;2016-06;0;217;0;0;0;0;0;0;0;0;0;0;0;0;0;0;0;0;0;0;0;0;14;0;2;0;0;0;0;213;1107;0;497;0;0;0;0;0;0;0;0;0;0;0;0;7;4
26022;2016-06;0;10;0;0;0;0;0;0;0;0;0;0;0;0;0;0;0;0;0;0;0;0;0;0;0;0;0;0;0;9;125;0;17;0;0;0;0;0;0;0;0;0;0;0;0;1;0
26023;2016-06;0;27;0;0;0;0;0;0;0;0;0;0;0;0;0;0;0;0;0;0;0;0;3;0;0;0;0;0;0;32;188;0;103;0;0;0;0;0;0;0;0;0;0;0;0;1;0
26024;2016-06;0;13;0;0;0;0;0;0;0;1;0;0;0;0;0;0;0;0;0;0;0;0;1;0;0;0;0;0;0;24;93;0;48;0;0;0;0;0;0;0;0;0;0;0;0;0;1
26025;2016-06;0;3;0;0;0;0;0;0;0;0;0;0;0;0;0;0;0;0;0;0;0;0;1;0;0;0;0;0;0;9;29;0;27;0;0;0;0;0;0;0;0;0;0;0;0;0;0
26026;2016-06;0;94;0;0;0;1;0;0;0;0;0;0;0;0;0;0;0;0;0;0;0;0;7;0;0;0;0;0;0;63;536;0;317;0;0;0;0;0;0;0;0;0;0;0;0;0;1
26027;2016-06;0;4;0;0;0;0;0;0;0;1;0;0;0;0;0;0;0;0;0;0;0;0;0;0;0;0;0;0;0;13;60;0;30;0;0;0;0;0;0;0;0;0;0;0;0;0;0
26028;2016-06;0;11;0;0;0;0;0;0;0;0;0;0;0;0;0;0;0;0;0;0;0;0;0;0;0;0;0;0;0;14;69;0;18;0;0;0;0;0;0;0;0;0;0;0;0;0;0
26029;2016-06;0;1;0;0;0;0;0;0;0;0;0;0;0;0;0;0;0;0;0;0;0;0;0;0;0;0;0;0;0;4;17;0;10;0;0;0;0;0;0;0;0;0;0;0;0;0;0
26030;2016-06;0;4;0;0;0;0;0;0;0;0;0;0;0;0;0;0;0;0;0;0;0;0;0;0;0;0;0;0;0;0;10;0;1;0;0;0;0;0;0;0;0;0;0;0;0;0;0
26031;2016-06;0;3;0;0;0;0;0;0;0;0;0;0;0;0;0;0;0;0;0;0;0;0;2;0;0;0;0;0;0;4;38;0;36;0;0;0;0;0;0;0;0;0;0;0;0;0;0
26032;2016-06;0;4;0;0;0;0;0;0;0;0;0;0;0;0;0;0;0;0;0;0;0;0;1;0;0;0;0;0;0;6;14;0;14;0;0;0;0;0;0;0;0;0;0;0;0;0;0
26033;2016-06;0;9;0;0;0;0;0;0;0;0;0;0;0;0;0;0;0;0;0;0;0;0;2;0;1;0;0;0;0;19;47;0;50;0;0;0;0;0;0;0;0;0;0;0;0;0;0
26034;2016-06;0;37;0;0;0;0;0;0;0;1;0;0;0;0;0;0;0;0;0;0;0;0;2;0;0;0;0;0;0;77;205;0;165;0;0;0;0;0;0;0;0;0;0;0;0;1;0
26035;2016-06;0;0;0;0;0;0;0;0;0;0;0;0;0;0;0;0;0;0;0;0;0;0;0;0;0;0;0;0;0;0;5;0;6;0;0;0;0;0;0;0;0;0;0;0;0;0;0
26036;2016-06;0;1790;0;0;0;9;0;0;0;30;0;0;0;0;0;0;0;0;0;0;0;0;89;0;13;0;0;0;0;1693;5324;0;2711;0;0;24;0;0;0;0;0;0;0;0;0;29;38
26037;2016-06;0;3;0;0;0;0;0;0;0;0;0;0;0;0;0;0;0;0;0;0;0;0;0;0;0;0;0;0;0;17;52;0;34;0;0;0;0;0;0;0;0;0;0;0;0;0;0
26038;2016-06;0;5;0;0;0;0;0;0;0;0;0;0;0;0;0;0;0;0;0;0;0;0;0;0;0;0;0;0;0;9;25;0;25;0;0;0;0;0;0;0;0;0;0;0;0;2;1
26039;2016-06;0;2;0;0;0;0;0;0;0;0;0;0;0;0;0;0;0;0;0;0;0;0;0;0;0;0;0;0;0;3;19;0;9;0;0;0;0;0;0;0;0;0;0;0;0;0;0
26040;2016-06;0;10;0;0;0;0;0;0;0;0;0;0;0;0;0;0;0;0;0;0;0;0;1;0;0;0;0;0;0;2;34;0;12;0;0;0;0;0;0;0;0;0;0;0;0;1;0
26041;2016-06;0;3;0;0;0;0;0;0;0;2;0;0;0;0;0;0;0;0;0;0;0;0;1;0;0;0;0;0;0;2;65;0;18;0;0;0;0;0;0;0;0;0;0;0;0;0;0
26042;2016-06;0;44;0;0;0;0;0;0;0;0;0;0;0;0;0;0;0;0;0;0;0;0;3;0;0;0;0;0;0;81;251;0;239;0;0;2;0;0;0;0;0;0;0;0;0;0;0
26043;2016-06;0;30;0;0;0;0;0;0;0;0;0;0;0;0;0;0;0;0;0;0;0;0;2;0;0;0;0;0;0;49;110;0;88;0;0;0;0;0;0;0;0;0;0;0;0;1;0
26044;2016-06;0;7;0;0;0;0;0;0;0;0;0;0;0;0;0;0;0;0;0;0;0;0;1;0;0;0;0;0;0;4;20;0;14;0;0;0;0;0;0;0;0;0;0;0;0;0;0
26045;2016-06;0;1;0;0;0;0;0;0;0;0;0;0;0;0;0;0;0;0;0;0;0;0;0;0;0;0;0;0;0;0;4;0;7;0;0;0;0;0;0;0;0;0;0;0;0;0;0
26046;2016-06;0;113;0;0;0;0;0;0;0;1;0;0;0;0;0;0;0;0;0;0;0;0;4;0;3;0;0;0;0;187;556;0;286;0;0;5;0;0;0;0;0;0;0;0;0;0;0
26047;2016-06;0;94;0;0;0;0;0;0;0;3;0;0;0;0;0;0;0;0;0;0;0;0;4;0;0;0;0;0;0;138;784;0;528;0;0;2;0;0;0;0;0;0;0;0;0;2;0
26048;2016-06;0;2;0;0;0;0;0;0;0;0;0;0;0;0;0;0;0;0;0;0;0;0;0;0;0;0;0;0;0;4;11;0;5;0;0;0;0;0;0;0;0;0;0;0;0;0;0
26049;2016-06;0;19;0;0;0;0;0;0;0;0;0;0;0;0;0;0;0;0;0;0;0;0;0;0;0;0;0;0;0;16;69;0;14;0;0;0;0;0;0;0;0;0;0;0;0;0;3
26050;2016-06;0;10;0;0;0;0;0;0;0;0;0;0;0;0;0;0;0;0;0;0;0;0;1;0;0;0;0;0;0;14;49;0;11;0;0;0;0;0;0;0;0;0;0;0;0;0;0
26051;2016-06;0;18;0;0;0;0;0;0;0;0;0;0;0;0;0;0;0;0;0;0;0;0;1;0;0;0;0;0;0;30;113;0;26;0;0;2;0;0;0;0;0;0;0;0;0;0;0
26052;2016-06;0;11;0;0;0;0;0;0;0;0;0;0;0;0;0;0;0;0;0;0;0;0;0;0;1;0;0;0;0;11;69;0;25;0;0;0;0;0;0;0;0;0;0;0;0;0;0
26053;2016-06;0;13;0;0;0;0;0;0;0;1;0;0;0;0;0;0;0;0;0;0;0;0;0;0;0;0;0;0;0;26;74;0;45;0;0;0;0;0;0;0;0;0;0;0;0;0;0
26054;2016-06;0;15;0;0;0;0;0;0;0;0;0;0;0;0;0;0;0;0;0;0;0;0;1;0;0;0;0;0;0;14;129;0;96;0;0;0;0;0;0;0;0;0;0;0;0;1;0
26055;2016-06;0;2;0;0;0;0;0;0;0;0;0;0;0;0;0;0;0;0;0;0;0;0;0;0;0;0;0;0;0;7;20;0;3;0;0;0;0;0;0;0;0;0;0;0;0;0;0
26056;2016-06;0;14;0;0;0;0;0;0;0;2;0;0;0;0;0;0;0;0;0;0;0;0;1;0;0;0;0;0;0;52;151;0;107;0;0;3;0;0;0;0;0;0;0;0;0;1;0
26057;2016-06;0;5;0;0;0;0;0;0;0;0;0;0;0;0;0;0;0;0;0;0;0;0;0;0;0;0;0;0;0;3;17;0;13;0;0;0;0;0;0;0;0;0;0;0;0;0;0
26058;2016-06;0;9;0;0;0;0;0;0;0;0;0;0;0;0;0;0;0;0;0;0;0;0;0;0;0;0;0;0;0;26;63;0;17;0;0;0;0;0;0;0;0;0;0;0;0;0;0
26059;2016-06;0;102;0;0;0;0;0;0;0;0;0;0;0;0;0;0;0;0;0;0;0;0;3;0;0;0;0;0;0;92;401;0;206;0;0;1;0;0;0;0;0;0;0;0;0;2;0
26060;2016-06;0;5;0;0;0;0;0;0;0;0;0;0;0;0;0;0;0;0;0;0;0;0;1;0;1;0;0;0;0;10;32;0;11;0;0;0;0;0;0;0;0;0;0;0;0;0;0
26061;2016-06;0;148;0;0;0;0;0;0;0;1;0;0;0;0;0;0;0;0;0;0;0;0;9;0;0;0;0;0;0;228;454;0;282;0;0;3;0;0;0;0;0;0;0;0;0;2;1
26062;2016-06;0;8;0;0;0;0;0;0;0;0;0;0;0;0;0;0;0;0;0;0;0;0;0;0;0;0;0;0;0;5;48;0;8;0;0;0;0;0;0;0;0;0;0;0;0;0;0
26063;2016-06;0;7;0;0;0;0;0;0;0;0;0;0;0;0;0;0;0;0;0;0;0;0;1;0;1;0;0;0;0;9;50;0;24;0;0;0;0;0;0;0;0;0;0;0;0;0;0
26064;2016-06;0;177;0;0;0;1;0;0;0;2;0;0;0;0;0;0;0;0;0;0;0;0;8;0;6;0;0;0;0;289;698;0;431;0;0;5;0;0;0;0;0;0;0;0;0;3;1
26065;2016-06;0;4;0;0;0;0;0;0;0;0;0;0;0;0;0;0;0;0;0;0;0;0;0;0;0;0;0;0;0;5;31;0;1;0;0;0;0;0;0;0;0;0;0;0;0;1;0
26066;2016-06;0;26;0;0;0;0;0;0;0;0;0;0;0;0;0;0;0;0;0;0;0;0;3;0;0;0;0;0;0;20;111;0;32;0;0;1;0;0;0;0;0;0;0;0;0;0;0
26067;2016-06;0;4;0;0;0;0;0;0;0;0;0;0;0;0;0;0;0;0;0;0;0;0;0;0;0;0;0;0;0;2;7;0;1;0;0;0;0;0;0;0;0;0;0;0;0;0;0
26068;2016-06;0;5;0;0;0;1;0;0;0;0;0;0;0;0;0;0;0;0;0;0;0;0;0;0;0;0;0;0;0;12;24;0;18;0;0;0;0;0;0;0;0;0;0;0;0;0;0
26069;2016-06;0;19;0;0;0;0;0;0;0;0;0;0;0;0;0;0;0;0;0;0;0;0;1;0;0;0;0;0;0;19;109;0;41;0;0;0;0;0;0;0;0;0;0;0;0;0;0
26070;2016-06;0;8;0;0;0;1;0;0;0;0;0;0;0;0;0;0;0;0;0;0;0;0;0;0;0;0;0;0;0;9;98;0;36;0;0;0;0;0;0;0;0;0;0;0;0;0;0
26071;2016-06;0;781;0;0;0;0;0;0;0;16;0;0;0;0;0;0;0;0;0;0;0;0;68;0;14;0;0;0;0;1202;2133;0;1458;0;0;11;0;0;0;0;0;0;0;0;0;18;13
26072;2016-06;0;20;0;0;0;0;0;0;0;0;0;0;0;0;0;0;0;0;0;0;0;0;0;0;1;0;0;0;0;29;112;0;89;0;0;1;0;0;0;0;0;0;0;0;0;1;1
26073;2016-06;0;6;0;0;0;0;0;0;0;0;0;0;0;0;0;0;0;0;0;0;0;0;0;0;0;0;0;0;0;18;32;0;22;0;0;0;0;0;0;0;0;0;0;0;0;0;0
26074;2016-06;0;14;0;0;0;0;0;0;0;0;0;0;0;0;0;0;0;0;0;0;0;0;1;0;0;0;0;0;0;8;40;0;20;0;0;0;0;0;0;0;0;0;0;0;0;1;0
26075;2016-06;0;42;0;0;0;0;0;0;0;1;0;0;0;0;0;0;0;0;0;0;0;0;0;0;0;0;0;0;0;19;110;0;88;0;0;1;0;0;0;0;0;0;0;0;0;1;0
26076;2016-06;0;12;0;0;0;0;0;0;0;0;0;0;0;0;0;0;0;0;0;0;0;0;0;0;0;0;0;0;0;4;55;0;35;0;0;0;0;0;0;0;0;0;0;0;0;0;0
26077;2016-06;0;0;0;0;0;0;0;0;0;0;0;0;0;0;0;0;0;0;0;0;0;0;0;0;0;0;0;0;0;1;15;0;4;0;0;0;0;0;0;0;0;0;0;0;0;0;0
26078;2016-06;0;8;0;0;0;0;0;0;0;0;0;0;0;0;0;0;0;0;0;0;0;0;0;0;0;0;0;0;0;7;31;0;24;0;0;0;0;0;0;0;0;0;0;0;0;0;0
26079;2016-06;0;46;0;0;0;0;0;0;0;0;0;0;0;0;0;0;0;0;0;0;0;0;2;0;1;0;0;0;0;56;304;0;94;0;0;0;0;0;0;0;0;0;0;0;0;1;4
26080;2016-06;0;49;0;0;0;0;0;0;0;0;0;0;0;0;0;0;0;0;0;0;0;0;0;0;0;0;0;0;0;24;234;0;80;0;0;0;0;0;0;0;0;0;0;0;0;0;2
26081;2016-06;0;1;0;0;0;0;0;0;0;0;0;0;0;0;0;0;0;0;0;0;0;0;0;0;0;0;0;0;0;1;11;0;1;0;0;0;0;0;0;0;0;0;0;0;0;0;0
26082;2016-06;0;14;0;0;0;0;0;0;0;0;0;0;0;0;0;0;0;0;0;0;0;0;0;0;0;0;0;0;0;10;41;0;21;0;0;0;0;0;0;0;0;0;0;0;0;0;0
26083;2016-06;0;13;0;0;0;0;0;0;0;2;0;0;0;0;0;0;0;0;0;0;0;0;0;0;1;0;0;0;0;29;104;0;53;0;0;0;0;0;0;0;0;0;0;0;0;1;0
26084;2016-06;0;927;0;0;0;2;0;0;0;4;0;0;0;0;0;0;0;0;0;0;0;0;70;0;9;0;0;0;0;809;2207;0;854;0;0;12;0;0;0;0;0;0;0;0;0;13;13
26086;2016-06;0;0;0;0;0;0;0;0;0;0;0;0;0;0;0;0;0;0;0;0;0;0;0;0;0;0;0;0;0;0;14;0;0;0;0;0;0;0;0;0;0;0;0;0;0;0;0
26087;2016-06;0;22;0;0;0;0;0;0;0;0;0;0;0;0;0;0;0;0;0;0;0;0;0;0;0;0;0;0;0;23;77;0;21;0;0;2;0;0;0;0;0;0;0;0;0;1;0
26088;2016-06;0;1;0;0;0;0;0;0;0;0;0;0;0;0;0;0;0;0;0;0;0;0;0;0;0;0;0;0;0;6;15;0;8;0;0;0;0;0;0;0;0;0;0;0;0;1;0
26089;2016-06;0;13000;0;0;0;42;0;0;0;171;0;0;0;0;0;0;0;0;0;0;0;0;703;0;148;0;0;0;0;15401;33023;0;18485;0;0;179;0;0;0;0;0;0;0;0;0;241;205
26091;2016-06;0;9;0;0;0;0;0;0;0;0;0;0;0;0;0;0;0;0;0;0;0;0;0;0;0;0;0;0;0;7;107;0;23;0;0;0;0;0;0;0;0;0;0;0;0;0;0
26092;2016-06;0;14;0;0;0;0;0;0;0;0;0;0;0;0;0;0;0;0;0;0;0;0;0;0;0;0;0;0;0;4;54;0;18;0;0;0;0;0;0;0;0;0;0;0;0;0;0
26093;2016-06;0;5;0;0;0;0;0;0;0;0;0;0;0;0;0;0;0;0;0;0;0;0;0;0;0;0;0;0;0;7;14;0;12;0;0;0;0;0;0;0;0;0;0;0;0;0;0
26094;2016-06;0;4;0;0;0;0;0;0;0;1;0;0;0;0;0;0;0;0;0;0;0;0;0;0;0;0;0;0;0;7;48;0;10;0;0;0;0;0;0;0;0;0;0;0;0;0;0
26095;2016-06;0;6;0;0;0;0;0;0;0;0;0;0;0;0;0;0;0;0;0;0;0;0;1;0;0;0;0;0;0;20;15;0;40;0;0;0;0;0;0;0;0;0;0;0;0;0;0
26096;2016-06;0;29;0;0;0;0;0;0;0;0;0;0;0;0;0;0;0;0;0;0;0;0;0;0;1;0;0;0;0;39;83;0;36;0;0;1;0;0;0;0;0;0;0;0;0;0;0
26098;2016-06;0;6;0;0;0;0;0;0;0;0;0;0;0;0;0;0;0;0;0;0;0;0;1;0;0;0;0;0;0;23;32;0;10;0;0;0;0;0;0;0;0;0;0;0;0;0;0
26099;2016-06;0;88;0;0;0;0;0;0;0;0;0;0;0;0;0;0;0;0;0;0;0;0;4;0;1;0;0;0;0;127;456;0;305;0;0;0;0;0;0;0;0;0;0;0;0;0;1
26100;2016-06;0;6;0;0;0;0;0;0;0;0;0;0;0;0;0;0;0;0;0;0;0;0;0;0;0;0;0;0;0;1;19;0;17;0;0;0;0;0;0;0;0;0;0;0;0;0;0
26101;2016-06;0;3;0;0;0;0;0;0;0;0;0;0;0;0;0;0;0;0;0;0;0;0;1;0;0;0;0;0;0;2;15;0;14;0;0;0;0;0;0;0;0;0;0;0;0;0;0
26102;2016-06;0;533;0;0;0;2;0;0;0;5;0;0;0;0;0;0;0;0;0;0;0;0;32;0;3;0;0;0;0;609;2064;0;1139;0;0;4;0;0;0;0;0;0;0;0;0;12;4
26103;2016-06;0;43;0;0;0;0;0;0;0;0;0;0;0;0;0;0;0;0;0;0;0;0;10;0;0;0;0;0;0;94;283;0;171;0;0;3;0;0;0;0;0;0;0;0;0;0;0
26104;2016-06;0;1;0;0;0;0;0;0;0;0;0;0;0;0;0;0;0;0;0;0;0;0;0;0;0;0;0;0;0;2;5;0;2;0;0;0;0;0;0;0;0;0;0;0;0;0;0
26105;2016-06;0;227;0;0;0;0;0;0;0;5;0;0;0;0;0;0;0;0;0;0;0;0;12;0;0;0;0;0;0;227;659;0;510;0;0;0;0;0;0;0;0;0;0;0;0;4;2
26106;2016-06;0;12;0;0;0;0;0;0;0;0;0;0;0;0;0;0;0;0;0;0;0;0;0;0;0;0;0;0;0;14;27;0;17;0;0;0;0;0;0;0;0;0;0;0;0;2;0
26107;2016-06;0;9;0;0;0;0;0;0;0;0;0;0;0;0;0;0;0;0;0;0;0;0;0;0;0;0;0;0;0;9;36;0;21;0;0;0;0;0;0;0;0;0;0;0;0;0;0
26108;2016-06;0;17;0;0;0;0;0;0;0;0;0;0;0;0;0;0;0;0;0;0;0;0;3;0;0;0;0;0;0;27;120;0;45;0;0;0;0;0;0;0;0;0;0;0;0;0;1
26109;2016-06;0;4;0;0;0;0;0;0;0;0;0;0;0;0;0;0;0;0;0;0;0;0;1;0;0;0;0;0;0;10;31;0;23;0;0;0;0;0;0;0;0;0;0;0;0;0;0
26110;2016-06;0;11;0;0;0;0;0;0;0;1;0;0;0;0;0;0;0;0;0;0;0;0;0;0;0;0;0;0;0;16;78;0;23;0;0;0;0;0;0;0;0;0;0;0;0;0;0
26111;2016-06;0;9;0;0;0;0;0;0;0;0;0;0;0;0;0;0;0;0;0;0;0;0;4;0;0;0;0;0;0;45;55;0;61;0;0;1;0;0;0;0;0;0;0;0;0;1;0
26112;2016-06;0;20;0;0;0;0;0;0;0;0;0;0;0;0;0;0;0;0;0;0;0;0;0;0;0;0;0;0;0;14;103;0;51;0;0;0;0;0;0;0;0;0;0;0;0;0;1
26113;2016-06;0;2;0;0;0;0;0;0;0;0;0;0;0;0;0;0;0;0;0;0;0;0;0;0;0;0;0;0;0;0;29;0;3;0;0;0;0;0;0;0;0;0;0;0;0;0;0
26114;2016-06;0;7;0;0;0;0;0;0;0;1;0;0;0;0;0;0;0;0;0;0;0;0;0;0;0;0;0;0;0;4;31;0;21;0;0;0;0;0;0;0;0;0;0;0;0;0;0
26115;2016-06;0;0;0;0;0;0;0;0;0;0;0;0;0;0;0;0;0;0;0;0;0;0;0;0;0;0;0;0;0;1;12;0;3;0;0;0;0;0;0;0;0;0;0;0;0;0;0
26117;2016-06;0;164;0;0;0;0;0;0;0;2;0;0;0;0;0;0;0;0;0;0;0;0;9;0;1;0;0;0;0;213;740;0;460;0;0;4;0;0;0;0;0;0;0;0;0;2;0
26118;2016-06;0;4;0;0;0;0;0;0;0;0;0;0;0;0;0;0;0;0;0;0;0;0;0;0;0;0;0;0;0;12;23;0;6;0;0;0;0;0;0;0;0;0;0;0;0;1;0
26119;2016-06;0;5;0;0;0;0;0;0;0;1;0;0;0;0;0;0;0;0;0;0;0;0;0;0;0;0;0;0;0;29;42;0;74;0;0;0;0;0;0;0;0;0;0;0;0;0;0
26120;2016-06;0;119;0;0;0;0;0;0;0;1;0;0;0;0;0;0;0;0;0;0;0;0;5;0;1;0;0;0;0;162;522;0;307;0;0;0;0;0;0;0;0;0;0;0;0;2;0
26121;2016-06;0;1;0;0;0;0;0;0;0;0;0;0;0;0;0;0;0;0;0;0;0;0;0;0;0;0;0;0;0;2;11;0;8;0;0;0;0;0;0;0;0;0;0;0;0;0;0
26122;2016-06;0;17;0;0;0;0;0;0;0;0;0;0;0;0;0;0;0;0;0;0;0;0;2;0;1;0;0;0;0;18;40;0;24;0;0;0;0;0;0;0;0;0;0;0;0;0;0
26123;2016-06;0;7;0;0;0;0;0;0;0;0;0;0;0;0;0;0;0;0;0;0;0;0;0;0;0;0;0;0;0;12;62;0;24;0;0;0;0;0;0;0;0;0;0;0;0;0;0
26124;2016-06;0;28;0;0;0;0;0;0;0;0;0;0;0;0;0;0;0;0;0;0;0;0;3;0;0;0;0;0;0;53;341;0;206;0;0;0;0;0;0;0;0;0;0;0;0;0;1
26125;2016-06;0;221;0;0;0;0;0;0;0;3;0;0;0;0;0;0;0;0;0;0;0;0;6;0;0;0;0;0;0;152;884;0;613;0;0;1;0;0;0;0;0;0;0;0;0;4;0
26126;2016-06;0;2;0;0;0;0;0;0;0;0;0;0;0;0;0;0;0;0;0;0;0;0;0;0;0;0;0;0;0;1;20;0;4;0;0;0;0;0;0;0;0;0;0;0;0;0;0
26127;2016-06;0;11;0;0;0;0;0;0;0;0;0;0;0;0;0;0;0;0;0;0;0;0;0;0;0;0;0;0;0;15;90;0;60;0;0;0;0;0;0;0;0;0;0;0;0;0;0
26128;2016-06;0;8;0;0;0;0;0;0;0;0;0;0;0;0;0;0;0;0;0;0;0;0;1;0;0;0;0;0;0;15;29;0;27;0;0;0;0;0;0;0;0;0;0;0;0;0;0
26129;2016-06;0;71;0;0;0;0;0;0;0;1;0;0;0;0;0;0;0;0;0;0;0;0;1;0;0;0;0;0;0;67;397;0;220;0;0;2;0;0;0;0;0;0;0;0;0;0;1
26130;2016-06;0;16;0;0;0;0;0;0;0;0;0;0;0;0;0;0;0;0;0;0;0;0;0;0;0;0;0;0;0;8;99;0;42;0;0;0;0;0;0;0;0;0;0;0;0;0;1
26131;2016-06;0;0;0;0;0;0;0;0;0;0;0;0;0;0;0;0;0;0;0;0;0;0;0;0;0;0;0;0;0;5;22;0;5;0;0;0;0;0;0;0;0;0;0;0;0;0;0
26132;2016-06;0;5;0;0;0;0;0;0;0;0;0;0;0;0;0;0;0;0;0;0;0;0;0;0;0;0;0;0;0;14;37;0;26;0;0;0;0;0;0;0;0;0;0;0;0;0;0
26134;2016-06;0;2;0;0;0;0;0;0;0;0;0;0;0;0;0;0;0;0;0;0;0;0;1;0;0;0;0;0;0;11;39;0;13;0;0;0;0;0;0;0;0;0;0;0;0;0;0
26135;2016-06;0;10;0;0;0;0;0;0;0;0;0;0;0;0;0;0;0;0;0;0;0;0;0;0;1;0;0;0;0;17;67;0;27;0;0;0;0;0;0;0;0;0;0;0;0;0;1
26136;2016-06;0;9;0;0;0;0;0;0;0;0;0;0;0;0;0;0;0;0;0;0;0;0;0;0;1;0;0;0;0;25;34;0;15;0;0;1;0;0;0;0;0;0;0;0;0;0;0
26138;2016-06;0;419;0;0;0;3;0;0;0;2;0;0;0;0;0;0;0;0;0;0;0;0;16;0;4;0;0;0;0;449;1532;0;800;0;0;2;0;0;0;0;0;0;0;0;0;1;4
26139;2016-06;0;5;0;0;0;0;0;0;0;0;0;0;0;0;0;0;0;0;0;0;0;0;0;0;0;0;0;0;0;6;30;0;3;0;0;0;0;0;0;0;0;0;0;0;0;0;0
26140;2016-06;0;13;0;0;0;0;0;0;0;0;0;0;0;0;0;0;0;0;0;0;0;0;0;0;0;0;0;0;0;49;98;0;46;0;0;0;0;0;0;0;0;0;0;0;0;0;0
26141;2016-06;0;9;0;0;0;0;0;0;0;0;0;0;0;0;0;0;0;0;0;0;0;0;0;0;0;0;0;0;0;11;52;0;10;0;0;0;0;0;0;0;0;0;0;0;0;0;0
26142;2016-06;0;60;0;0;0;3;0;0;0;3;0;0;0;0;0;0;0;0;0;0;0;0;7;0;0;0;0;0;0;71;291;0;165;0;0;2;0;0;0;0;0;0;0;0;0;1;0
26143;2016-06;0;32;0;0;0;0;0;0;0;0;0;0;0;0;0;0;0;0;0;0;0;0;1;0;0;0;0;0;0;33;68;0;37;0;0;0;0;0;0;0;0;0;0;0;0;0;1
26144;2016-06;0;8;0;0;0;0;0;0;0;0;0;0;0;0;0;0;0;0;0;0;0;0;1;0;0;0;0;0;0;10;107;0;22;0;0;0;0;0;0;0;0;0;0;0;0;0;4
26145;2016-06;0;23;0;0;0;0;0;0;0;0;0;0;0;0;0;0;0;0;0;0;0;0;0;0;2;0;0;0;0;25;107;0;36;0;0;1;0;0;0;0;0;0;0;0;0;0;1
26146;2016-06;0;4;0;0;0;0;0;0;0;0;0;0;0;0;0;0;0;0;0;0;0;0;0;0;0;0;0;0;0;11;42;0;15;0;0;0;0;0;0;0;0;0;0;0;0;0;0
26147;2016-06;0;3;0;0;0;0;0;0;0;0;0;0;0;0;0;0;0;0;0;0;0;0;0;0;0;0;0;0;0;6;6;0;12;0;0;0;0;0;0;0;0;0;0;0;0;0;0
26148;2016-06;0;18;0;0;0;0;0;0;0;0;0;0;0;0;0;0;0;0;0;0;0;0;0;0;0;0;0;0;0;22;54;0;38;0;0;0;0;0;0;0;0;0;0;0;0;0;0
26149;2016-06;0;7;0;0;0;0;0;0;0;0;0;0;0;0;0;0;0;0;0;0;0;0;1;0;0;0;0;0;0;10;12;0;16;0;0;0;0;0;0;0;0;0;0;0;0;0;0
26150;2016-06;0;3;0;0;0;0;0;0;0;0;0;0;0;0;0;0;0;0;0;0;0;0;1;0;0;0;0;0;0;14;48;0;29;0;0;0;0;0;0;0;0;0;0;0;0;0;0
26151;2016-06;0;38;0;0;0;0;0;0;0;0;0;0;0;0;0;0;0;0;0;0;0;0;3;0;0;0;0;0;0;34;162;0;128;0;0;2;0;0;0;0;0;0;0;0;0;0;0
26152;2016-06;0;2;0;0;0;0;0;0;0;0;0;0;0;0;0;0;0;0;0;0;0;0;0;0;0;0;0;0;0;3;18;0;3;0;0;0;0;0;0;0;0;0;0;0;0;0;1
26153;2016-06;0;0;0;0;0;0;0;0;0;0;0;0;0;0;0;0;0;0;0;0;0;0;0;0;0;0;0;0;0;5;1;0;5;0;0;0;0;0;0;0;0;0;0;0;0;0;0
26154;2016-06;0;2;0;0;0;0;0;0;0;0;0;0;0;0;0;0;0;0;0;0;0;0;0;0;0;0;0;0;0;2;4;0;2;0;0;0;0;0;0;0;0;0;0;0;0;0;0
26155;2016-06;0;4;0;0;0;0;0;0;0;0;0;0;0;0;0;0;0;0;0;0;0;0;1;0;1;0;0;0;0;17;58;0;51;0;0;0;0;0;0;0;0;0;0;0;0;0;0
26157;2016-06;0;31;0;0;0;0;0;0;0;0;0;0;0;0;0;0;0;0;0;0;0;0;1;0;0;0;0;0;0;25;132;0;43;0;0;0;0;0;0;0;0;0;0;0;0;1;0
26158;2016-06;0;15;0;0;0;0;0;0;0;0;0;0;0;0;0;0;0;0;0;0;0;0;0;0;0;0;0;0;0;16;131;0;48;0;0;0;0;0;0;0;0;0;0;0;0;0;0
26160;2016-06;0;55;0;0;0;0;0;0;0;3;0;0;0;0;0;0;0;0;0;0;0;0;10;0;2;0;0;0;0;69;269;0;136;0;0;2;0;0;0;0;0;0;0;0;0;1;0
26161;2016-06;0;0;0;0;0;0;0;0;0;0;0;0;0;0;0;0;0;0;0;0;0;0;0;0;0;0;0;0;0;0;7;0;0;0;0;0;0;0;0;0;0;0;0;0;0;0;0
26162;2016-06;0;12;0;0;0;0;0;0;0;0;0;0;0;0;0;0;0;0;0;0;0;0;1;0;1;0;0;0;0;18;39;0;27;0;0;0;0;0;0;0;0;0;0;0;0;0;0
26163;2016-06;0;15;0;0;0;0;0;0;0;0;0;0;0;0;0;0;0;0;0;0;0;0;0;0;0;0;0;0;0;18;48;0;35;0;0;0;0;0;0;0;0;0;0;0;0;1;1
26164;2016-06;0;8;0;0;0;0;0;0;0;1;0;0;0;0;0;0;0;0;0;0;0;0;0;0;0;0;0;0;0;3;16;0;14;0;0;0;0;0;0;0;0;0;0;0;0;1;0
26165;2016-06;0;33;0;0;0;0;0;0;0;0;0;0;0;0;0;0;0;0;0;0;0;0;1;0;0;0;0;0;0;38;129;0;96;0;0;0;0;0;0;0;0;0;0;0;0;0;0
26166;2016-06;0;13;0;0;0;0;0;0;0;0;0;0;0;0;0;0;0;0;0;0;0;0;2;0;0;0;0;0;0;6;91;0;9;0;0;0;0;0;0;0;0;0;0;0;0;0;1
26167;2016-06;0;3;0;0;0;0;0;0;0;0;0;0;0;0;0;0;0;0;0;0;0;0;0;0;0;0;0;0;0;6;32;0;4;0;0;0;0;0;0;0;0;0;0;0;0;0;0
26168;2016-06;0;656;0;0;0;4;0;0;0;12;0;0;0;0;0;0;0;0;0;0;0;0;45;0;12;0;0;0;0;896;1328;0;717;0;0;8;0;0;0;0;0;0;0;0;0;9;8
26169;2016-06;0;5;0;0;0;0;0;0;0;0;0;0;0;0;0;0;0;0;0;0;0;0;0;0;0;0;0;0;0;5;35;0;14;0;0;1;0;0;0;0;0;0;0;0;0;0;0
26170;2016-06;0;26;0;0;0;0;0;0;0;1;0;0;0;0;0;0;0;0;0;0;0;0;1;0;0;0;0;0;0;38;186;0;70;0;0;0;0;0;0;0;0;0;0;0;0;1;1
26171;2016-06;0;16;0;0;0;0;0;0;0;0;0;0;0;0;0;0;0;0;0;0;0;0;0;0;0;0;0;0;0;12;79;0;25;0;0;0;0;0;0;0;0;0;0;0;0;0;0
26172;2016-06;0;4;0;0;0;0;0;0;0;0;0;0;0;0;0;0;0;0;0;0;0;0;0;0;0;0;0;0;0;4;7;0;8;0;0;0;0;0;0;0;0;0;0;0;0;0;0
26173;2016-06;0;0;0;0;0;0;0;0;0;0;0;0;0;0;0;0;0;0;0;0;0;0;0;0;0;0;0;0;0;0;3;0;2;0;0;0;0;0;0;0;0;0;0;0;0;0;0
26174;2016-06;0;7;0;0;0;0;0;0;0;1;0;0;0;0;0;0;0;0;0;0;0;0;0;0;0;0;0;0;0;15;60;0;18;0;0;0;0;0;0;0;0;0;0;0;0;1;1
26175;2016-06;0;2;0;0;0;0;0;0;0;0;0;0;0;0;0;0;0;0;0;0;0;0;0;0;0;0;0;0;0;4;21;0;14;0;0;0;0;0;0;0;0;0;0;0;0;0;0
26176;2016-06;0;1;0;0;0;0;0;0;0;0;0;0;0;0;0;0;0;0;0;0;0;0;0;0;0;0;0;0;0;3;35;0;4;0;0;0;0;0;0;0;0;0;0;0;0;0;0
26177;2016-06;0;17;0;0;0;0;0;0;0;0;0;0;0;0;0;0;0;0;0;0;0;0;0;0;0;0;0;0;0;30;140;0;60;0;0;0;0;0;0;0;0;0;0;0;0;0;0
26178;2016-06;0;7;0;0;0;0;0;0;0;0;0;0;0;0;0;0;0;0;0;0;0;0;0;0;0;0;0;0;0;8;23;0;16;0;0;0;0;0;0;0;0;0;0;0;0;0;0
26179;2016-06;0;3;0;0;0;0;0;0;0;0;0;0;0;0;0;0;0;0;0;0;0;0;0;0;0;0;0;0;0;0;15;0;13;0;0;0;0;0;0;0;0;0;0;0;0;0;0
26180;2016-06;0;28;0;0;0;0;0;0;0;0;0;0;0;0;0;0;0;0;0;0;0;0;1;0;1;0;0;0;0;18;97;0;27;0;0;0;0;0;0;0;0;0;0;0;0;0;0
26181;2016-06;0;1;0;0;0;0;0;0;0;0;0;0;0;0;0;0;0;0;0;0;0;0;0;0;0;0;0;0;0;0;9;0;4;0;0;0;0;0;0;0;0;0;0;0;0;0;0
26183;2016-06;0;12;0;0;0;0;0;0;0;0;0;0;0;0;0;0;0;0;0;0;0;0;2;0;0;0;0;0;0;6;21;0;8;0;0;0;0;0;0;0;0;0;0;0;0;0;0
27001;2016-06;0;57;0;0;0;0;0;0;0;0;0;0;0;0;0;0;0;0;0;0;0;0;11;0;0;0;0;0;114;0;861;0;199;0;0;1;0;0;0;0;0;0;0;0;0;0;0
27002;2016-06;0;48;0;0;0;0;0;0;0;0;0;0;0;0;0;0;0;0;0;0;0;0;10;0;0;0;0;0;130;0;559;0;349;0;0;3;0;0;0;0;0;0;0;0;0;0;0
27003;2016-06;0;81;0;0;0;0;0;0;0;0;0;0;0;0;0;0;0;0;0;0;0;0;5;0;0;0;0;0;159;0;806;0;254;0;0;3;0;0;0;0;0;0;0;0;0;0;0
27004;2016-06;0;33;0;0;0;0;0;0;0;0;0;0;0;0;0;0;0;0;0;0;0;0;3;0;0;0;0;0;56;0;466;0;182;0;0;2;0;0;0;0;0;0;0;0;0;0;0
27005;2016-06;0;106;0;0;0;0;0;0;0;0;0;0;0;0;0;0;0;0;0;0;0;0;18;0;0;0;0;0;268;0;1068;0;339;0;0;4;0;0;0;0;0;0;0;0;0;0;0
27006;2016-06;0;95;0;0;0;0;0;0;0;0;0;0;0;0;0;0;0;0;0;0;0;0;15;0;0;0;0;0;216;0;881;0;410;0;0;3;0;0;0;0;0;0;0;0;0;0;0
27007;2016-06;0;114;0;0;0;0;0;0;0;0;0;0;0;0;0;0;0;0;0;0;0;0;11;0;0;0;0;0;208;0;1323;0;383;0;0;1;0;0;0;0;0;0;0;0;0;0;0
27008;2016-06;0;42;0;0;0;0;0;0;0;0;0;0;0;0;0;0;0;0;0;0;0;0;7;0;0;0;0;0;140;0;560;0;223;0;0;1;0;0;0;0;0;0;0;0;0;0;0
27009;2016-06;0;70;0;0;0;0;0;0;0;0;0;0;0;0;0;0;0;0;0;0;0;0;1;0;0;0;0;0;143;0;981;0;295;0;0;5;0;0;0;0;0;0;0;0;0;0;0
27010;2016-06;0;183;0;0;0;0;0;0;0;0;0;0;0;0;0;0;0;0;0;0;0;0;23;0;0;0;0;0;416;0;1568;0;582;0;0;12;0;0;0;0;0;0;0;0;0;0;0
27011;2016-06;0;77;0;0;0;0;0;0;0;0;0;0;0;0;0;0;0;0;0;0;0;0;6;0;0;0;0;0;203;0;694;0;465;0;0;3;0;0;0;0;0;0;0;0;0;0;0
27012;2016-06;0;29;0;0;0;0;0;0;0;0;0;0;0;0;0;0;0;0;0;0;0;0;4;0;0;0;0;0;51;0;367;0;271;0;0;2;0;0;0;0;0;0;0;0;0;0;0
27013;2016-06;0;120;0;0;0;0;0;0;0;0;0;0;0;0;0;0;0;0;0;0;0;0;24;0;0;0;0;0;830;0;1179;0;665;0;0;8;0;0;0;0;0;0;0;0;0;0;0
27014;2016-06;0;139;0;0;0;0;0;0;0;0;0;0;0;0;0;0;0;0;0;0;0;0;8;0;0;0;0;0;240;0;1115;0;541;0;0;3;0;0;0;0;0;0;0;0;0;0;0
27015;2016-06;0;129;0;0;0;0;0;0;0;0;0;0;0;0;0;0;0;0;0;0;0;0;17;0;0;0;0;0;379;0;1591;0;612;0;0;8;0;0;0;0;0;0;0;0;0;0;0
27016;2016-06;0;343;0;0;0;0;0;0;0;0;0;0;0;0;0;0;0;0;0;0;0;0;56;0;0;0;0;0;792;0;2472;0;1119;0;0;13;0;0;0;0;0;0;0;0;0;0;0
27017;2016-06;0;10;0;0;0;0;0;0;0;0;0;0;0;0;0;0;0;0;0;0;0;0;2;0;0;0;0;0;105;0;387;0;161;0;0;1;0;0;0;0;0;0;0;0;0;0;0
27018;2016-06;0;109;0;0;0;0;0;0;0;0;0;0;0;0;0;0;0;0;0;0;0;0;12;0;0;0;0;0;301;0;859;0;755;0;0;3;0;0;0;0;0;0;0;0;0;0;0
27019;2016-06;0;433;0;0;0;0;0;0;0;0;0;0;0;0;0;0;0;0;0;0;0;0;87;0;0;0;0;0;1167;0;2572;0;1352;0;0;16;0;0;0;0;0;0;0;0;0;0;0
27020;2016-06;0;99;0;0;0;0;0;0;0;0;0;0;0;0;0;0;0;0;0;0;0;0;20;0;0;0;0;0;202;0;1836;0;565;0;0;11;0;0;0;0;0;0;0;0;0;0;0
27021;2016-06;0;61;0;0;0;0;0;0;0;0;0;0;0;0;0;0;0;0;0;0;0;0;8;0;0;0;0;0;127;0;581;0;265;0;0;2;0;0;0;0;0;0;0;0;0;0;0
27022;2016-06;0;176;0;0;0;0;0;0;0;0;0;0;0;0;0;0;0;0;0;0;0;0;22;0;0;0;0;0;473;0;1490;0;759;0;0;4;0;0;0;0;0;0;0;0;0;0;0
27023;2016-06;0;81;0;0;0;0;0;0;0;0;0;0;0;0;0;0;0;0;0;0;0;0;7;0;0;0;0;0;131;0;1179;0;442;0;0;2;0;0;0;0;0;0;0;0;0;0;0
27024;2016-06;0;34;0;0;0;0;0;0;0;0;0;0;0;0;0;0;0;0;0;0;0;0;5;0;0;0;0;0;122;0;620;0;368;0;0;1;0;0;0;0;0;0;0;0;0;0;0
27025;2016-06;0;164;0;0;0;0;0;0;0;0;0;0;0;0;0;0;0;0;0;0;0;0;21;0;0;0;0;0;403;0;1134;0;371;0;0;0;0;0;0;0;0;0;0;0;0;0;0
27026;2016-06;0;81;0;0;0;0;0;0;0;0;0;0;0;0;0;0;0;0;0;0;0;0;8;0;0;0;0;0;176;0;766;0;430;0;0;1;0;0;0;0;0;0;0;0;0;0;0
27027;2016-06;0;84;0;0;0;0;0;0;0;0;0;0;0;0;0;0;0;0;0;0;0;0;10;0;0;0;0;0;205;0;621;0;408;0;0;3;0;0;0;0;0;0;0;0;0;0;0
27028;2016-06;0;5013;0;0;0;0;0;0;0;0;0;0;0;0;0;0;0;0;0;0;0;0;719;0;0;0;0;0;11277;0;22987;0;12628;0;0;172;0;0;0;0;0;0;0;0;0;0;0
27029;2016-06;0;63;0;0;0;0;0;0;0;0;0;0;0;0;0;0;0;0;0;0;0;0;5;0;0;0;0;0;126;0;547;0;250;0;0;0;0;0;0;0;0;0;0;0;0;0;0
27030;2016-06;0;114;0;0;0;0;0;0;0;0;0;0;0;0;0;0;0;0;0;0;0;0;28;0;0;0;0;0;341;0;1138;0;502;0;0;5;0;0;0;0;0;0;0;0;0;0;0
27031;2016-06;0;745;0;0;0;0;0;0;0;0;0;0;0;0;0;0;0;0;0;0;0;0;111;0;0;0;0;0;2114;0;4737;0;2566;0;0;29;0;0;0;0;0;0;0;0;0;0;0
27032;2016-06;0;147;0;0;0;0;0;0;0;0;0;0;0;0;0;0;0;0;0;0;0;0;20;0;0;0;0;0;307;0;1162;0;437;0;0;1;0;0;0;0;0;0;0;0;0;0;0
27033;2016-06;0;13;0;0;0;0;0;0;0;0;0;0;0;0;0;0;0;0;0;0;0;0;0;0;0;0;0;0;36;0;233;0;119;0;0;0;0;0;0;0;0;0;0;0;0;0;0
27034;2016-06;0;23;0;0;0;0;0;0;0;0;0;0;0;0;0;0;0;0;0;0;0;0;4;0;0;0;0;0;81;0;347;0;211;0;0;2;0;0;0;0;0;0;0;0;0;0;0
27035;2016-06;0;10;0;0;0;0;0;0;0;0;0;0;0;0;0;0;0;0;0;0;0;0;0;0;0;0;0;0;27;0;37;0;46;0;0;0;0;0;0;0;0;0;0;0;0;0;0
27037;2016-06;0;23;0;0;0;0;0;0;0;0;0;0;0;0;0;0;0;0;0;0;0;0;1;0;0;0;0;0;55;0;450;0;199;0;0;1;0;0;0;0;0;0;0;0;0;0;0
27038;2016-06;0;33;0;0;0;0;0;0;0;0;0;0;0;0;0;0;0;0;0;0;0;0;3;0;0;0;0;0;74;0;305;0;246;0;0;3;0;0;0;0;0;0;0;0;0;0;0
27039;2016-06;0;231;0;0;0;0;0;0;0;0;0;0;0;0;0;0;0;0;0;0;0;0;19;0;0;0;0;0;417;0;1799;0;569;0;0;10;0;0;0;0;0;0;0;0;0;0;0
27040;2016-06;0;89;0;0;0;0;0;0;0;0;0;0;0;0;0;0;0;0;0;0;0;0;11;0;0;0;0;0;200;0;1432;0;556;0;0;1;0;0;0;0;0;0;0;0;0;0;0
27041;2016-06;0;91;0;0;0;0;0;0;0;0;0;0;0;0;0;0;0;0;0;0;0;0;10;0;0;0;0;0;208;0;1045;0;333;0;0;2;0;0;0;0;0;0;0;0;0;0;0
27042;2016-06;0;42;0;0;0;0;0;0;0;0;0;0;0;0;0;0;0;0;0;0;0;0;1;0;0;0;0;0;80;0;821;0;262;0;0;0;0;0;0;0;0;0;0;0;0;0;0
27043;2016-06;0;56;0;0;0;0;0;0;0;0;0;0;0;0;0;0;0;0;0;0;0;0;9;0;0;0;0;0;80;0;461;0;178;0;0;0;0;0;0;0;0;0;0;0;0;0;0
27044;2016-06;0;73;0;0;0;0;0;0;0;0;0;0;0;0;0;0;0;0;0;0;0;0;9;0;0;0;0;0;213;0;998;0;337;0;0;5;0;0;0;0;0;0;0;0;0;0;0
27045;2016-06;0;29;0;0;0;0;0;0;0;0;0;0;0;0;0;0;0;0;0;0;0;0;3;0;0;0;0;0;47;0;211;0;303;0;0;0;0;0;0;0;0;0;0;0;0;0;0
27046;2016-06;0;44;0;0;0;0;0;0;0;0;0;0;0;0;0;0;0;0;0;0;0;0;5;0;0;0;0;0;143;0;462;0;344;0;0;0;0;0;0;0;0;0;0;0;0;0;0
27047;2016-06;0;49;0;0;0;0;0;0;0;0;0;0;0;0;0;0;0;0;0;0;0;0;8;0;0;0;0;0;158;0;589;0;274;0;0;3;0;0;0;0;0;0;0;0;0;0;0
27048;2016-06;0;77;0;0;0;0;0;0;0;0;0;0;0;0;0;0;0;0;0;0;0;0;3;0;0;0;0;0;153;0;719;0;494;0;0;1;0;0;0;0;0;0;0;0;0;0;0
27049;2016-06;0;54;0;0;0;0;0;0;0;0;0;0;0;0;0;0;0;0;0;0;0;0;7;0;0;0;0;0;74;0;576;0;191;0;0;0;0;0;0;0;0;0;0;0;0;0;0
27050;2016-06;0;96;0;0;0;0;0;0;0;0;0;0;0;0;0;0;0;0;0;0;0;0;15;0;0;0;0;0;305;0;1309;0;410;0;0;3;0;0;0;0;0;0;0;0;0;0;0
27051;2016-06;0;434;0;0;0;0;0;0;0;0;0;0;0;0;0;0;0;0;0;0;0;0;63;0;0;0;0;0;1135;0;2610;0;1106;0;0;14;0;0;0;0;0;0;0;0;0;0;0
27052;2016-06;0;36;0;0;0;0;0;0;0;0;0;0;0;0;0;0;0;0;0;0;0;0;2;0;0;0;0;0;59;0;298;0;265;0;0;1;0;0;0;0;0;0;0;0;0;0;0
27053;2016-06;0;8;0;0;0;0;0;0;0;0;0;0;0;0;0;0;0;0;0;0;0;0;0;0;0;0;0;0;15;0;145;0;136;0;0;1;0;0;0;0;0;0;0;0;0;0;0
27054;2016-06;0;20;0;0;0;0;0;0;0;0;0;0;0;0;0;0;0;0;0;0;0;0;2;0;0;0;0;0;105;0;518;0;204;0;0;2;0;0;0;0;0;0;0;0;0;0;0
27055;2016-06;0;46;0;0;0;0;0;0;0;0;0;0;0;0;0;0;0;0;0;0;0;0;2;0;0;0;0;0;72;0;429;0;254;0;0;0;0;0;0;0;0;0;0;0;0;0;0
27056;2016-06;0;48;0;0;0;0;0;0;0;0;0;0;0;0;0;0;0;0;0;0;0;0;16;0;0;0;0;0;145;0;422;0;190;0;0;6;0;0;0;0;0;0;0;0;0;0;0
27057;2016-06;0;607;0;0;0;0;0;0;0;0;0;0;0;0;0;0;0;0;0;0;0;0;50;0;0;0;0;0;1230;0;3664;0;1735;0;0;21;0;0;0;0;0;0;0;0;0;0;0
27058;2016-06;0;105;0;0;0;0;0;0;0;0;0;0;0;0;0;0;0;0;0;0;0;0;11;0;0;0;0;0;212;0;1531;0;588;0;0;3;0;0;0;0;0;0;0;0;0;0;0
27059;2016-06;0;72;0;0;0;0;0;0;0;0;0;0;0;0;0;0;0;0;0;0;0;0;9;0;0;0;0;0;192;0;978;0;273;0;0;2;0;0;0;0;0;0;0;0;0;0;0
27060;2016-06;0;87;0;0;0;0;0;0;0;0;0;0;0;0;0;0;0;0;0;0;0;0;7;0;0;0;0;0;240;0;956;0;350;0;0;6;0;0;0;0;0;0;0;0;0;0;0
27061;2016-06;0;25;0;0;0;0;0;0;0;0;0;0;0;0;0;0;0;0;0;0;0;0;7;0;0;0;0;0;87;0;383;0;219;0;0;5;0;0;0;0;0;0;0;0;0;0;0
27062;2016-06;0;8;0;0;0;0;0;0;0;0;0;0;0;0;0;0;0;0;0;0;0;0;1;0;0;0;0;0;51;0;251;0;132;0;0;0;0;0;0;0;0;0;0;0;0;0;0
27063;2016-06;0;41;0;0;0;0;0;0;0;0;0;0;0;0;0;0;0;0;0;0;0;0;8;0;0;0;0;0;197;0;571;0;352;0;0;3;0;0;0;0;0;0;0;0;0;0;0
27064;2016-06;0;59;0;0;0;0;0;0;0;0;0;0;0;0;0;0;0;0;0;0;0;0;11;0;0;0;0;0;128;0;658;0;199;0;0;1;0;0;0;0;0;0;0;0;0;0;0
27065;2016-06;0;452;0;0;0;0;0;0;0;0;0;0;0;0;0;0;0;0;0;0;0;0;62;0;0;0;0;0;1165;0;4586;0;1654;0;0;25;0;0;0;0;0;0;0;0;0;0;0
27066;2016-06;0;620;0;0;0;0;0;0;0;0;0;0;0;0;0;0;0;0;0;0;0;0;116;0;0;0;0;0;1798;0;3678;0;2191;0;0;36;0;0;0;0;0;0;0;0;0;0;0
27901;2016-06;0;81;0;0;0;0;0;0;0;0;0;0;0;0;0;0;0;0;0;0;0;0;10;0;0;0;0;0;171;0;954;0;326;0;0;2;0;0;0;0;0;0;0;0;0;0;0
27902;2016-06;0;358;0;0;0;0;0;0;0;0;0;0;0;0;0;0;0;0;0;0;0;0;95;0;0;0;0;0;1096;0;2131;0;1007;0;0;14;0;0;0;0;0;0;0;0;0;0;0
28001;2016-06;0;1;0;0;0;0;0;0;0;0;0;0;0;0;0;0;0;0;0;0;0;0;0;0;0;0;0;0;0;8;30;0;5;0;0;1;0;0;0;0;0;0;0;0;0;0;0
28002;2016-06;0;447;0;0;0;0;0;1;0;0;0;0;0;0;7;0;0;0;0;0;0;0;24;0;3;0;0;0;0;282;910;0;366;0;0;2;0;1;0;0;0;0;0;0;0;5;12
28003;2016-06;0;20;0;0;0;0;0;0;0;0;0;0;0;0;0;0;0;0;0;0;0;0;2;0;0;0;0;0;0;27;51;0;39;0;0;0;0;0;0;0;0;0;0;0;0;0;2
28004;2016-06;0;666;0;0;0;0;0;1;0;0;0;0;0;0;4;0;0;0;0;0;0;0;41;0;1;0;0;0;0;770;1785;0;839;0;0;9;0;1;0;0;0;0;0;0;0;3;31
28005;2016-06;0;17776;0;0;0;0;0;39;0;0;0;0;0;0;174;0;0;0;0;0;0;0;1217;0;94;0;69;0;0;20960;33949;0;22498;0;0;235;0;69;0;0;0;0;0;0;0;437;381
28006;2016-06;0;11139;0;0;0;0;0;19;0;0;0;0;0;0;59;0;0;0;0;0;0;0;631;0;53;0;47;0;0;10562;23888;0;11361;0;0;115;0;10;0;0;0;0;0;0;0;273;274
28007;2016-06;0;15892;0;0;0;0;0;21;0;0;0;0;0;0;78;0;0;0;0;0;0;0;1096;0;75;0;59;0;0;21020;33088;0;20679;0;0;221;0;27;0;0;0;0;0;0;0;357;417
28008;2016-06;0;159;0;0;0;0;0;0;0;0;0;0;0;0;3;0;0;0;0;0;0;0;19;0;1;0;0;0;0;211;519;0;249;0;0;3;0;0;0;0;0;0;0;0;0;0;6
28009;2016-06;0;2221;0;0;0;0;0;3;0;0;0;0;0;0;25;0;0;0;0;0;0;0;141;0;10;0;8;0;0;1755;4394;0;1819;0;0;16;0;5;0;0;0;0;0;0;0;42;49
28010;2016-06;0;1604;0;0;0;0;0;3;0;0;0;0;0;0;2;0;0;0;0;0;0;0;92;0;3;0;6;0;0;1523;3231;0;1113;0;0;11;0;2;0;0;0;0;0;0;0;36;37
28011;2016-06;0;47;0;0;0;0;0;0;0;0;0;0;0;0;4;0;0;0;0;0;0;0;3;0;0;0;0;0;0;66;136;0;56;0;0;1;0;0;0;0;0;0;0;0;0;1;1
28012;2016-06;0;129;0;0;0;0;0;0;0;0;0;0;0;0;2;0;0;0;0;0;0;0;4;0;1;0;0;0;0;98;286;0;131;0;0;0;0;0;0;0;0;0;0;0;0;4;4
28013;2016-06;0;4676;0;0;0;0;0;5;0;0;0;0;0;0;33;0;0;0;0;0;0;0;329;0;32;0;18;0;0;5963;10670;0;6326;0;0;38;0;2;0;0;0;0;0;0;0;81;129
28014;2016-06;0;4506;0;0;0;0;0;4;0;0;0;0;0;0;31;0;0;0;0;0;0;0;313;0;47;0;17;0;0;4698;8810;0;4712;0;0;50;0;7;0;0;0;0;0;0;0;90;68
28015;2016-06;0;3993;0;0;0;0;0;7;0;0;0;0;0;0;18;0;0;0;0;0;0;0;206;0;10;0;6;0;0;2590;5133;0;1982;0;0;12;0;2;0;0;0;0;0;0;0;42;58
28016;2016-06;0;6;0;0;0;0;0;0;0;0;0;0;0;0;0;0;0;0;0;0;0;0;0;0;1;0;0;0;0;11;19;0;13;0;0;0;0;0;0;0;0;0;0;0;0;0;1
28017;2016-06;0;152;0;0;0;0;0;0;0;0;0;0;0;0;2;0;0;0;0;0;0;0;11;0;1;0;0;0;0;246;333;0;136;0;0;1;0;0;0;0;0;0;0;0;0;4;6
28018;2016-06;0;497;0;0;0;0;0;1;0;0;0;0;0;0;2;0;0;0;0;0;0;0;20;0;2;0;0;0;0;548;1310;0;521;0;0;4;0;0;0;0;0;0;0;0;0;5;9
28019;2016-06;0;129;0;0;0;0;0;0;0;0;0;0;0;0;6;0;0;0;0;0;0;0;11;0;1;0;0;0;0;169;286;0;270;0;0;1;0;0;0;0;0;0;0;0;0;4;4
28020;2016-06;0;9;0;0;0;0;0;0;0;0;0;0;0;0;0;0;0;0;0;0;0;0;0;0;0;0;0;0;0;36;38;0;10;0;0;0;0;0;0;0;0;0;0;0;0;1;0
28021;2016-06;0;49;0;0;0;0;0;0;0;0;0;0;0;0;0;0;0;0;0;0;0;0;6;0;1;0;0;0;0;122;135;0;44;0;0;0;0;0;0;0;0;0;0;0;0;4;0
28022;2016-06;0;6372;0;0;0;0;0;8;0;0;0;0;0;0;17;0;0;0;0;0;0;0;204;0;14;0;9;0;0;2893;14235;0;2849;0;0;22;0;4;0;0;0;0;0;0;0;80;197
28023;2016-06;0;706;0;0;0;0;0;2;0;0;0;0;0;0;5;0;0;0;0;0;0;0;45;0;2;0;3;0;0;906;1507;0;507;0;0;6;0;0;0;0;0;0;0;0;0;18;16
28024;2016-06;0;19;0;0;0;0;0;0;0;0;0;0;0;0;0;0;0;0;0;0;0;0;0;0;0;0;0;0;0;19;66;0;18;0;0;0;0;0;0;0;0;0;0;0;0;0;1
28025;2016-06;0;25;0;0;0;0;0;0;0;0;0;0;0;0;0;0;0;0;0;0;0;0;1;0;0;0;0;0;0;43;182;0;58;0;0;0;0;0;0;0;0;0;0;0;0;0;2
28026;2016-06;0;890;0;0;0;0;0;1;0;0;0;0;0;0;7;0;0;0;0;0;0;0;64;0;2;0;1;0;0;918;2104;0;622;0;0;6;0;1;0;0;0;0;0;0;0;21;31
28027;2016-06;0;167;0;0;0;0;0;0;0;0;0;0;0;0;0;0;0;0;0;0;0;0;5;0;1;0;0;0;0;153;356;0;164;0;0;2;0;0;0;0;0;0;0;0;0;4;2
28028;2016-06;0;175;0;0;0;0;0;0;0;0;0;0;0;0;5;0;0;0;0;0;0;0;14;0;1;0;0;0;0;498;419;0;212;0;0;0;0;1;0;0;0;0;0;0;0;11;2
28029;2016-06;0;75;0;0;0;0;0;1;0;0;0;0;0;0;0;0;0;0;0;0;0;0;4;0;0;0;0;0;0;97;173;0;52;0;0;1;0;0;0;0;0;0;0;0;0;1;2
28030;2016-06;0;203;0;0;0;0;0;0;0;0;0;0;0;0;0;0;0;0;0;0;0;0;12;0;0;0;2;0;0;319;517;0;230;0;0;3;0;0;0;0;0;0;0;0;0;3;2
28031;2016-06;0;122;0;0;0;0;0;0;0;0;0;0;0;0;3;0;0;0;0;0;0;0;5;0;0;0;1;0;0;184;718;0;443;0;0;2;0;0;0;0;0;0;0;0;0;2;3
28032;2016-06;0;699;0;0;0;0;0;1;0;0;0;0;0;0;7;0;0;0;0;0;0;0;41;0;7;0;1;0;0;653;1295;0;646;0;0;2;0;0;0;0;0;0;0;0;0;14;16
28033;2016-06;0;514;0;0;0;0;0;0;0;0;0;0;0;0;11;0;0;0;0;0;0;0;43;0;2;0;2;0;0;439;1290;0;466;0;0;1;0;2;0;0;0;0;0;0;0;4;7
28034;2016-06;0;28;0;0;0;0;0;0;0;0;0;0;0;0;0;0;0;0;0;0;0;0;1;0;0;0;0;0;0;42;147;0;50;0;0;0;0;0;0;0;0;0;0;0;0;0;0
28035;2016-06;0;144;0;0;0;0;0;0;0;0;0;0;0;0;0;0;0;0;0;0;0;0;14;0;0;0;1;0;0;202;395;0;233;0;0;1;0;1;0;0;0;0;0;0;0;3;2
28036;2016-06;0;368;0;0;0;0;0;0;0;0;0;0;0;0;7;0;0;0;0;0;0;0;40;0;6;0;2;0;0;504;630;0;292;0;0;3;0;0;0;0;0;0;0;0;0;10;5
28037;2016-06;0;80;0;0;0;0;0;0;0;0;0;0;0;0;0;0;0;0;0;0;0;0;8;0;0;0;1;0;0;153;468;0;447;0;0;1;0;0;0;0;0;0;0;0;0;0;3
28038;2016-06;0;567;0;0;0;0;0;1;0;0;0;0;0;0;7;0;0;0;0;0;0;0;43;0;8;0;1;0;0;954;1345;0;699;0;0;5;0;3;0;0;0;0;0;0;0;12;9
28039;2016-06;0;6;0;0;0;0;0;0;0;0;0;0;0;0;0;0;0;0;0;0;0;0;0;0;1;0;0;0;0;18;43;0;26;0;0;0;0;0;0;0;0;0;0;0;0;1;0
28040;2016-06;0;1742;0;0;0;0;0;2;0;0;0;0;0;0;18;0;0;0;0;0;0;0;146;0;10;0;5;0;0;2457;3386;0;2103;0;0;22;0;1;0;0;0;0;0;0;0;28;33
28041;2016-06;0;891;0;0;0;0;0;2;0;0;0;0;0;0;7;0;0;0;0;0;0;0;57;0;2;0;5;0;0;586;1380;0;496;0;0;9;0;5;0;0;0;0;0;0;0;16;14
28042;2016-06;0;129;0;0;0;0;0;0;0;0;0;0;0;0;1;0;0;0;0;0;0;0;14;0;0;0;3;0;0;156;436;0;131;0;0;0;0;0;0;0;0;0;0;0;0;5;5
28043;2016-06;0;495;0;0;0;0;0;0;0;0;0;0;0;0;3;0;0;0;0;0;0;0;28;0;2;0;2;0;0;667;1669;0;849;0;0;4;0;1;0;0;0;0;0;0;0;3;18
28044;2016-06;0;896;0;0;0;0;0;3;0;0;0;0;0;0;17;0;0;0;0;0;0;0;48;0;6;0;4;0;0;997;1623;0;729;0;0;17;0;2;0;0;0;0;0;0;0;21;22
28045;2016-06;0;4857;0;0;0;0;0;7;0;0;0;0;0;0;39;0;0;0;0;0;0;0;278;0;29;0;14;0;0;4941;9359;0;4404;0;0;53;0;4;0;0;0;0;0;0;0;172;131
28046;2016-06;0;613;0;0;0;0;0;0;0;0;0;0;0;0;1;0;0;0;0;0;0;0;33;0;3;0;1;0;0;720;1464;0;535;0;0;4;0;0;0;0;0;0;0;0;0;19;13
28047;2016-06;0;5650;0;0;0;0;0;7;0;0;0;0;0;0;42;0;0;0;0;0;0;0;449;0;20;0;15;0;0;6679;10738;0;5619;0;0;63;0;14;0;0;0;0;0;0;0;196;127
28048;2016-06;0;49;0;0;0;0;0;0;0;0;0;0;0;0;1;0;0;0;0;0;0;0;5;0;0;0;0;0;0;122;116;0;88;0;0;2;0;0;0;0;0;0;0;0;0;0;1
28049;2016-06;0;7778;0;0;0;0;0;24;0;0;0;0;0;0;45;0;0;0;0;0;0;0;615;0;70;0;36;0;0;12076;12947;0;10536;0;0;138;0;9;0;0;0;0;0;0;0;182;122
28050;2016-06;0;619;0;0;0;0;0;1;0;0;0;0;0;0;5;0;0;0;0;0;0;0;42;0;3;0;2;0;0;476;1209;0;427;0;0;6;0;0;0;0;0;0;0;0;0;13;15
28051;2016-06;0;199;0;0;0;0;0;1;0;0;0;0;0;0;2;0;0;0;0;0;0;0;20;0;4;0;2;0;0;211;468;0;222;0;0;5;0;1;0;0;0;0;0;0;0;3;10
28052;2016-06;0;367;0;0;0;0;0;0;0;0;0;0;0;0;3;0;0;0;0;0;0;0;29;0;0;0;1;0;0;389;1331;0;428;0;0;2;0;0;0;0;0;0;0;0;0;7;19
28053;2016-06;0;1158;0;0;0;0;0;2;0;0;0;0;0;0;5;0;0;0;0;0;0;0;47;0;5;0;3;0;0;1046;1794;0;810;0;0;6;0;4;0;0;0;0;0;0;0;26;21
28054;2016-06;0;1541;0;0;0;0;0;3;0;0;0;0;0;0;10;0;0;0;0;0;0;0;87;0;4;0;3;0;0;1719;3375;0;1360;0;0;11;0;1;0;0;0;0;0;0;0;36;68
28055;2016-06;0;73;0;0;0;0;0;0;0;0;0;0;0;0;4;0;0;0;0;0;0;0;7;0;0;0;1;0;0;60;327;0;208;0;0;0;0;0;0;0;0;0;0;0;0;0;2
28056;2016-06;0;77;0;0;0;0;0;0;0;0;0;0;0;0;0;0;0;0;0;0;0;0;7;0;1;0;0;0;0;184;228;0;110;0;0;0;0;1;0;0;0;0;0;0;0;4;1
28057;2016-06;0;243;0;0;0;0;0;1;0;0;0;0;0;0;3;0;0;0;0;0;0;0;15;0;0;0;0;0;0;221;419;0;173;0;0;2;0;0;0;0;0;0;0;0;0;2;6
28058;2016-06;0;18179;0;0;0;0;0;33;0;0;0;0;0;0;167;0;0;0;0;0;0;0;1812;0;124;0;77;0;0;24316;27325;0;26003;0;0;350;0;22;0;0;0;0;0;0;0;412;299
28059;2016-06;0;610;0;0;0;0;0;0;0;0;0;0;0;0;2;0;0;0;0;0;0;0;35;0;3;0;0;0;0;551;1339;0;572;0;0;8;0;0;0;0;0;0;0;0;0;14;12
28060;2016-06;0;129;0;0;0;0;0;0;0;0;0;0;0;0;3;0;0;0;0;0;0;0;22;0;1;0;0;0;0;230;290;0;434;0;0;1;0;0;0;0;0;0;0;0;0;4;2
28061;2016-06;0;3232;0;0;0;0;0;7;0;0;0;0;0;0;26;0;0;0;0;0;0;0;222;0;9;0;4;0;0;3184;6649;0;2538;0;0;26;0;9;0;0;0;0;0;0;0;65;97
28062;2016-06;0;37;0;0;0;0;0;0;0;0;0;0;0;0;0;0;0;0;0;0;0;0;2;0;0;0;0;0;0;42;118;0;26;0;0;0;0;0;0;0;0;0;0;0;0;0;0
28063;2016-06;0;30;0;0;0;0;0;0;0;0;0;0;0;0;1;0;0;0;0;0;0;0;3;0;0;0;0;0;0;47;75;0;36;0;0;0;0;0;0;0;0;0;0;0;0;0;0
28064;2016-06;0;15;0;0;0;0;0;0;0;0;0;0;0;0;0;0;0;0;0;0;0;0;0;0;0;0;0;0;0;8;53;0;28;0;0;0;0;0;0;0;0;0;0;0;0;0;0
28065;2016-06;0;15670;0;0;0;0;0;22;0;0;0;0;0;0;120;0;0;0;0;0;0;0;1203;0;103;0;62;0;0;25592;28270;0;23692;0;0;213;0;19;0;0;0;0;0;0;0;418;321
28066;2016-06;0;1065;0;0;0;0;0;1;0;0;0;0;0;0;5;0;0;0;0;0;0;0;40;0;1;0;2;0;0;793;2734;0;654;0;0;7;0;4;0;0;0;0;0;0;0;20;28
28067;2016-06;0;515;0;0;0;0;0;1;0;0;0;0;0;0;3;0;0;0;0;0;0;0;45;0;1;0;4;0;0;571;1168;0;737;0;0;4;0;0;0;0;0;0;0;0;0;10;17
28068;2016-06;0;1467;0;0;0;0;0;0;0;0;0;0;0;0;14;0;0;0;0;0;0;0;91;0;12;0;4;0;0;1415;3590;0;1329;0;0;15;0;3;0;0;0;0;0;0;0;28;59
28069;2016-06;0;5;0;0;0;0;0;0;0;0;0;0;0;0;0;0;0;0;0;0;0;0;0;0;0;0;0;0;0;12;15;0;9;0;0;0;0;0;0;0;0;0;0;0;0;0;0
28070;2016-06;0;13;0;0;0;0;0;0;0;0;0;0;0;0;0;0;0;0;0;0;0;0;0;0;0;0;0;0;0;23;48;0;7;0;0;0;0;0;0;0;0;0;0;0;0;0;0
28071;2016-06;0;7;0;0;0;0;0;0;0;0;0;0;0;0;0;0;0;0;0;0;0;0;0;0;0;0;0;0;0;7;29;0;9;0;0;0;0;0;0;0;0;0;0;0;0;0;0
28072;2016-06;0;895;0;0;0;0;0;1;0;0;0;0;0;0;5;0;0;0;0;0;0;0;63;0;2;0;1;0;0;813;1846;0;621;0;0;2;0;3;0;0;0;0;0;0;0;10;40
28073;2016-06;0;1814;0;0;0;0;0;3;0;0;0;0;0;0;11;0;0;0;0;0;0;0;146;0;10;0;9;0;0;1875;2861;0;1832;0;0;25;0;3;0;0;0;0;0;0;0;26;32
28074;2016-06;0;16347;0;0;0;0;0;33;0;0;0;0;0;0;147;0;0;0;0;0;0;0;1243;0;120;0;101;0;0;25940;29905;0;27135;0;0;308;0;27;0;0;0;0;0;0;0;479;357
28075;2016-06;0;805;0;0;0;0;0;2;0;0;0;0;0;0;11;0;0;0;0;0;0;0;90;0;5;0;3;0;0;982;1443;0;755;0;0;3;0;2;0;0;0;0;0;0;0;13;8
28076;2016-06;0;43;0;0;0;0;0;0;0;0;0;0;0;0;1;0;0;0;0;0;0;0;0;0;1;0;0;0;0;60;139;0;67;0;0;0;0;0;0;0;0;0;0;0;0;1;4
28078;2016-06;0;5;0;0;0;0;0;0;0;0;0;0;0;0;0;0;0;0;0;0;0;0;1;0;0;0;0;0;0;11;14;0;1;0;0;0;0;0;0;0;0;0;0;0;0;0;0
28079;2016-06;0;287711;0;0;0;0;0;557;0;0;0;0;0;0;1648;0;0;0;0;0;0;0;17028;0;1477;0;1034;0;0;367526;696804;0;329947;0;0;3651;0;524;0;0;0;0;0;0;0;7336;9252
28080;2016-06;0;8289;0;0;0;0;0;5;0;0;0;0;0;0;37;0;0;0;0;0;0;0;325;0;10;0;14;0;0;4277;20354;0;4793;0;0;38;0;8;0;0;0;0;0;0;0;135;242
28082;2016-06;0;730;0;0;0;0;0;2;0;0;0;0;0;0;1;0;0;0;0;0;0;0;52;0;4;0;1;0;0;1350;1442;0;639;0;0;15;0;0;0;0;0;0;0;0;0;16;9
28083;2016-06;0;1400;0;0;0;0;0;2;0;0;0;0;0;0;15;0;0;0;0;0;0;0;93;0;9;0;8;0;0;1372;2212;0;1125;0;0;16;0;3;0;0;0;0;0;0;0;31;24
28084;2016-06;0;1932;0;0;0;0;0;3;0;0;0;0;0;0;22;0;0;0;0;0;0;0;182;0;19;0;11;0;0;2814;3359;0;2462;0;0;31;0;4;0;0;0;0;0;0;0;123;32
28085;2016-06;0;482;0;0;0;0;0;1;0;0;0;0;0;0;2;0;0;0;0;0;0;0;31;0;0;0;0;0;0;553;1167;0;682;0;0;7;0;0;0;0;0;0;0;0;0;5;10
28086;2016-06;0;675;0;0;0;0;0;2;0;0;0;0;0;0;11;0;0;0;0;0;0;0;29;0;1;0;3;0;0;607;1454;0;652;0;0;8;0;3;0;0;0;0;0;0;0;9;26
28087;2016-06;0;370;0;0;0;0;0;0;0;0;0;0;0;0;4;0;0;0;0;0;0;0;11;0;1;0;0;0;0;429;1188;0;437;0;0;1;0;0;0;0;0;0;0;0;0;5;22
28088;2016-06;0;28;0;0;0;0;0;0;0;0;0;0;0;0;0;0;0;0;0;0;0;0;0;0;0;0;0;0;0;46;55;0;47;0;0;1;0;0;0;0;0;0;0;0;0;0;1
28089;2016-06;0;553;0;0;0;0;0;2;0;0;0;0;0;0;3;0;0;0;0;0;0;0;37;0;2;0;1;0;0;465;1187;0;444;0;0;3;0;1;0;0;0;0;0;0;0;14;8
28090;2016-06;0;1337;0;0;0;0;0;0;0;0;0;0;0;0;10;0;0;0;0;0;0;0;67;0;8;0;3;0;0;1351;2674;0;1046;0;0;16;0;0;0;0;0;0;0;0;0;29;35
28091;2016-06;0;400;0;0;0;0;0;1;0;0;0;0;0;0;5;0;0;0;0;0;0;0;25;0;5;0;2;0;0;730;1451;0;895;0;0;3;0;0;0;0;0;0;0;0;0;10;7
28092;2016-06;0;18788;0;0;0;0;0;49;0;0;0;0;0;0;144;0;0;0;0;0;0;0;1586;0;98;0;75;0;0;25416;36419;0;25736;0;0;278;0;22;0;0;0;0;0;0;0;381;380
28093;2016-06;0;268;0;0;0;0;0;0;0;0;0;0;0;0;3;0;0;0;0;0;0;0;16;0;3;0;0;0;0;238;820;0;280;0;0;2;0;0;0;0;0;0;0;0;0;4;9
28094;2016-06;0;104;0;0;0;0;0;0;0;0;0;0;0;0;4;0;0;0;0;0;0;0;12;0;0;0;0;0;0;195;222;0;72;0;0;0;0;0;0;0;0;0;0;0;0;3;6
28095;2016-06;0;175;0;0;0;0;0;0;0;0;0;0;0;0;4;0;0;0;0;0;0;0;17;0;2;0;0;0;0;253;485;0;156;0;0;1;0;0;0;0;0;0;0;0;0;3;4
28096;2016-06;0;2777;0;0;0;0;0;4;0;0;0;0;0;0;23;0;0;0;0;0;0;0;139;0;9;0;11;0;0;2283;5196;0;2563;0;0;26;0;1;0;0;0;0;0;0;0;51;54
28097;2016-06;0;13;0;0;0;0;0;1;0;0;0;0;0;0;0;0;0;0;0;0;0;0;1;0;0;0;0;0;0;22;23;0;34;0;0;0;0;0;0;0;0;0;0;0;0;0;0
28099;2016-06;0;194;0;0;0;0;0;1;0;0;0;0;0;0;5;0;0;0;0;0;0;0;8;0;3;0;0;0;0;207;650;0;202;0;0;2;0;0;0;0;0;0;0;0;0;2;2
28100;2016-06;0;508;0;0;0;0;0;1;0;0;0;0;0;0;5;0;0;0;0;0;0;0;55;0;3;0;3;0;0;769;1109;0;433;0;0;7;0;7;0;0;0;0;0;0;0;34;7
28101;2016-06;0;39;0;0;0;0;0;0;0;0;0;0;0;0;0;0;0;0;0;0;0;0;0;0;0;0;0;0;0;44;67;0;35;0;0;2;0;0;0;0;0;0;0;0;0;0;0
28102;2016-06;0;85;0;0;0;0;0;0;0;0;0;0;0;0;0;0;0;0;0;0;0;0;6;0;0;0;0;0;0;106;204;0;225;0;0;3;0;0;0;0;0;0;0;0;0;1;0
28104;2016-06;0;3049;0;0;0;0;0;2;0;0;0;0;0;0;18;0;0;0;0;0;0;0;128;0;11;0;4;0;0;1972;4232;0;1513;0;0;18;0;1;0;0;0;0;0;0;0;38;53
28106;2016-06;0;9268;0;0;0;0;0;33;0;0;0;0;0;0;113;0;0;0;0;0;0;0;1018;0;88;0;61;0;0;14191;13982;0;12518;0;0;164;0;22;0;0;0;0;0;0;0;201;221
28107;2016-06;0;50;0;0;0;0;0;0;0;0;0;0;0;0;1;0;0;0;0;0;0;0;0;0;0;0;0;0;0;45;97;0;113;0;0;4;0;0;0;0;0;0;0;0;0;1;1
28108;2016-06;0;571;0;0;0;0;0;0;0;0;0;0;0;0;8;0;0;0;0;0;0;0;26;0;1;0;2;0;0;560;886;0;369;0;0;7;0;0;0;0;0;0;0;0;0;7;18
28109;2016-06;0;141;0;0;0;0;0;0;0;0;0;0;0;0;4;0;0;0;0;0;0;0;24;0;0;0;0;0;0;188;561;0;167;0;0;3;0;0;0;0;0;0;0;0;0;2;7
28110;2016-06;0;157;0;0;0;0;0;0;0;0;0;0;0;0;0;0;0;0;0;0;0;0;6;0;0;0;1;0;0;225;656;0;407;0;0;1;0;0;0;0;0;0;0;0;0;3;3
28111;2016-06;0;65;0;0;0;0;0;0;0;0;0;0;0;0;0;0;0;0;0;0;0;0;3;0;0;0;0;0;0;100;191;0;101;0;0;1;0;0;0;0;0;0;0;0;0;0;3
28112;2016-06;0;33;0;0;0;0;0;0;0;0;0;0;0;0;0;0;0;0;0;0;0;0;0;0;0;0;0;0;0;19;45;0;38;0;0;0;0;0;0;0;0;0;0;0;0;0;0
28113;2016-06;0;5236;0;0;0;0;0;12;0;0;0;0;0;0;32;0;0;0;0;0;0;0;395;0;28;0;8;0;0;6449;7658;0;5424;0;0;45;0;5;0;0;0;0;0;0;0;112;88
28114;2016-06;0;16;0;0;0;0;0;0;0;0;0;0;0;0;5;0;0;0;0;0;0;0;1;0;0;0;0;0;0;22;50;0;5;0;0;0;0;0;0;0;0;0;0;0;0;0;0
28115;2016-06;0;10160;0;0;0;0;0;13;0;0;0;0;0;0;23;0;0;0;0;0;0;0;370;0;11;0;16;0;0;4724;27523;0;5834;0;0;46;0;9;0;0;0;0;0;0;0;192;380
28116;2016-06;0;110;0;0;0;0;0;0;0;0;0;0;0;0;0;0;0;0;0;0;0;0;7;0;0;0;0;0;0;129;187;0;81;0;0;0;0;0;0;0;0;0;0;0;0;2;5
28117;2016-06;0;12;0;0;0;0;0;0;0;0;0;0;0;0;0;0;0;0;0;0;0;0;1;0;0;0;0;0;0;24;38;0;12;0;0;1;0;0;0;0;0;0;0;0;0;0;0
28118;2016-06;0;4;0;0;0;0;0;0;0;0;0;0;0;0;0;0;0;0;0;0;0;0;0;0;0;0;0;0;0;10;20;0;10;0;0;0;0;0;0;0;0;0;0;0;0;0;1
28119;2016-06;0;323;0;0;0;0;0;4;0;0;0;0;0;0;5;0;0;0;0;0;0;0;20;0;2;0;1;0;0;270;725;0;213;0;0;2;0;0;0;0;0;0;0;0;0;3;2
28120;2016-06;0;131;0;0;0;0;0;0;0;0;0;0;0;0;2;0;0;0;0;0;0;0;2;0;2;0;2;0;0;144;353;0;232;0;0;0;0;1;0;0;0;0;0;0;0;7;6
28121;2016-06;0;18;0;0;0;0;0;0;0;0;0;0;0;0;1;0;0;0;0;0;0;0;2;0;0;0;1;0;0;17;77;0;39;0;0;0;0;1;0;0;0;0;0;0;0;0;1
28122;2016-06;0;55;0;0;0;0;0;1;0;0;0;0;0;0;0;0;0;0;0;0;0;0;2;0;0;0;0;0;0;60;161;0;85;0;0;0;0;0;0;0;0;0;0;0;0;0;4
28123;2016-06;0;9324;0;0;0;0;0;10;0;0;0;0;0;0;32;0;0;0;0;0;0;0;581;0;36;0;28;0;0;15314;10589;0;8471;0;0;91;0;6;0;0;0;0;0;0;0;180;115
28124;2016-06;0;9;0;0;0;0;0;0;0;0;0;0;0;0;0;0;0;0;0;0;0;0;1;0;1;0;0;0;0;15;19;0;8;0;0;0;0;0;0;0;0;0;0;0;0;0;0
28125;2016-06;0;342;0;0;0;0;0;0;0;0;0;0;0;0;2;0;0;0;0;0;0;0;37;0;1;0;2;0;0;397;998;0;353;0;0;4;0;0;0;0;0;0;0;0;0;5;11
28126;2016-06;0;2;0;0;0;0;0;0;0;0;0;0;0;0;0;0;0;0;0;0;0;0;0;0;0;0;0;0;0;1;19;0;7;0;0;0;0;0;0;0;0;0;0;0;0;0;0
28127;2016-06;0;12162;0;0;0;0;0;11;0;0;0;0;0;0;43;0;0;0;0;0;0;0;486;0;21;0;20;0;0;6208;25537;0;6235;0;0;61;0;9;0;0;0;0;0;0;0;247;353
28128;2016-06;0;42;0;0;0;0;0;0;0;0;0;0;0;0;0;0;0;0;0;0;0;0;2;0;0;0;0;0;0;50;132;0;87;0;0;0;0;0;0;0;0;0;0;0;0;1;0
28129;2016-06;0;1376;0;0;0;0;0;1;0;0;0;0;0;0;9;0;0;0;0;0;0;0;60;0;6;0;7;0;0;991;2445;0;958;0;0;7;0;0;0;0;0;0;0;0;0;21;18
28130;2016-06;0;3887;0;0;0;0;0;6;0;0;0;0;0;0;24;0;0;0;0;0;0;0;371;0;31;0;20;0;0;5623;5788;0;4975;0;0;60;0;7;0;0;0;0;0;0;0;75;57
28131;2016-06;0;1801;0;0;0;0;0;4;0;0;0;0;0;0;17;0;0;0;0;0;0;0;104;0;8;0;4;0;0;1859;3945;0;1491;0;0;17;0;4;0;0;0;0;0;0;0;45;96
28132;2016-06;0;1456;0;0;0;0;0;4;0;0;0;0;0;0;16;0;0;0;0;0;0;0;121;0;14;0;1;0;0;1801;2554;0;1966;0;0;16;0;2;0;0;0;0;0;0;0;25;30
28133;2016-06;0;490;0;0;0;0;0;0;0;0;0;0;0;0;4;0;0;0;0;0;0;0;44;0;3;0;2;0;0;724;1746;0;1041;0;0;5;0;0;0;0;0;0;0;0;0;5;16
28134;2016-06;0;9210;0;0;0;0;0;11;0;0;0;0;0;0;52;0;0;0;0;0;0;0;554;0;40;0;30;0;0;9520;15667;0;9106;0;0;105;0;5;0;0;0;0;0;0;0;180;161
28135;2016-06;0;99;0;0;0;0;0;0;0;0;0;0;0;0;1;0;0;0;0;0;0;0;4;0;1;0;0;0;0;168;321;0;106;0;0;1;0;0;0;0;0;0;0;0;0;1;3
28136;2016-06;0;88;0;0;0;0;0;0;0;0;0;0;0;0;0;0;0;0;0;0;0;0;3;0;0;0;0;0;0;91;231;0;99;0;0;0;0;0;0;0;0;0;0;0;0;2;2
28137;2016-06;0;194;0;0;0;0;0;0;0;0;0;0;0;0;2;0;0;0;0;0;0;0;18;0;2;0;0;0;0;247;489;0;251;0;0;3;0;0;0;0;0;0;0;0;0;3;4
28138;2016-06;0;7;0;0;0;0;0;0;0;0;0;0;0;0;0;0;0;0;0;0;0;0;1;0;0;0;0;0;0;13;22;0;3;0;0;0;0;0;0;0;0;0;0;0;0;0;0
28140;2016-06;0;433;0;0;0;0;0;1;0;0;0;0;0;0;5;0;0;0;0;0;0;0;44;0;0;0;3;0;0;394;977;0;366;0;0;9;0;1;0;0;0;0;0;0;0;5;11
28141;2016-06;0;964;0;0;0;0;0;2;0;0;0;0;0;0;7;0;0;0;0;0;0;0;65;0;4;0;2;0;0;825;1739;0;570;0;0;13;0;1;0;0;0;0;0;0;0;21;20
28143;2016-06;0;8;0;0;0;0;0;0;0;0;0;0;0;0;0;0;0;0;0;0;0;0;0;0;0;0;0;0;0;2;34;0;11;0;0;0;0;0;0;0;0;0;0;0;0;1;0
28144;2016-06;0;835;0;0;0;0;0;2;0;0;0;0;0;0;2;0;0;0;0;0;0;0;53;0;1;0;1;0;0;826;2120;0;736;0;0;5;0;0;0;0;0;0;0;0;0;14;27
28145;2016-06;0;345;0;0;0;0;0;0;0;0;0;0;0;0;2;0;0;0;0;0;0;0;19;0;4;0;2;0;0;345;577;0;416;0;0;9;0;3;0;0;0;0;0;0;0;3;5
28146;2016-06;0;123;0;0;0;0;0;0;0;0;0;0;0;0;2;0;0;0;0;0;0;0;5;0;0;0;0;0;0;188;541;0;330;0;0;0;0;0;0;0;0;0;0;0;0;2;3
28147;2016-06;0;81;0;0;0;0;0;0;0;0;0;0;0;0;1;0;0;0;0;0;0;0;10;0;1;0;0;0;0;146;279;0;193;0;0;1;0;0;0;0;0;0;0;0;0;0;3
28148;2016-06;0;11747;0;0;0;0;0;15;0;0;0;0;0;0;102;0;0;0;0;0;0;0;928;0;57;0;51;0;0;13772;20741;0;13416;0;0;155;0;23;0;0;0;0;0;0;0;313;194
28149;2016-06;0;1027;0;0;0;0;0;7;0;0;0;0;0;0;8;0;0;0;0;0;0;0;69;0;5;0;2;0;0;866;1546;0;693;0;0;7;0;1;0;0;0;0;0;0;0;35;19
28150;2016-06;0;415;0;0;0;0;0;2;0;0;0;0;0;0;5;0;0;0;0;0;0;0;19;0;2;0;2;0;0;462;1000;0;341;0;0;7;0;0;0;0;0;0;0;0;0;3;9
28151;2016-06;0;408;0;0;0;0;0;1;0;0;0;0;0;0;2;0;0;0;0;0;0;0;17;0;0;0;0;0;0;419;804;0;508;0;0;8;0;5;0;0;0;0;0;0;0;10;9
28152;2016-06;0;2951;0;0;0;0;0;5;0;0;0;0;0;0;15;0;0;0;0;0;0;0;131;0;4;0;5;0;0;1702;6298;0;1533;0;0;16;0;2;0;0;0;0;0;0;0;44;113
28153;2016-06;0;89;0;0;0;0;0;0;0;0;0;0;0;0;0;0;0;0;0;0;0;0;5;0;1;0;0;0;0;191;113;0;91;0;0;0;0;6;0;0;0;0;0;0;0;1;1
28154;2016-06;0;669;0;0;0;0;0;2;0;0;0;0;0;0;9;0;0;0;0;0;0;0;46;0;3;0;0;0;0;661;1448;0;874;0;0;4;0;2;0;0;0;0;0;0;0;21;12
28155;2016-06;0;47;0;0;0;0;0;0;0;0;0;0;0;0;0;0;0;0;0;0;0;0;2;0;0;0;0;0;0;50;160;0;152;0;0;0;0;0;0;0;0;0;0;0;0;0;0
28156;2016-06;0;126;0;0;0;0;0;0;0;0;0;0;0;0;2;0;0;0;0;0;0;0;8;0;0;0;0;0;0;139;309;0;140;0;0;2;0;0;0;0;0;0;0;0;0;5;4
28157;2016-06;0;60;0;0;0;0;0;0;0;0;0;0;0;0;0;0;0;0;0;0;0;0;7;0;0;0;0;0;0;56;233;0;71;0;0;1;0;0;0;0;0;0;0;0;0;0;1
28158;2016-06;0;90;0;0;0;0;0;0;0;0;0;0;0;0;0;0;0;0;0;0;0;0;3;0;0;0;0;0;0;91;281;0;54;0;0;1;0;0;0;0;0;0;0;0;0;3;6
28159;2016-06;0;60;0;0;0;0;0;0;0;0;0;0;0;0;0;0;0;0;0;0;0;0;11;0;0;0;0;0;0;57;217;0;115;0;0;0;0;0;0;0;0;0;0;0;0;1;2
28160;2016-06;0;1250;0;0;0;0;0;3;0;0;0;0;0;0;9;0;0;0;0;0;0;0;87;0;3;0;2;0;0;1163;2562;0;865;0;0;7;0;3;0;0;0;0;0;0;0;26;48
28161;2016-06;0;8290;0;0;0;0;0;6;0;0;0;0;0;0;53;0;0;0;0;0;0;0;521;0;53;0;33;0;0;7384;12369;0;5880;0;0;87;0;6;0;0;0;0;0;0;0;135;176
28162;2016-06;0;468;0;0;0;0;0;0;0;0;0;0;0;0;2;0;0;0;0;0;0;0;25;0;1;0;1;0;0;314;908;0;272;0;0;3;0;0;0;0;0;0;0;0;0;10;6
28163;2016-06;0;54;0;0;0;0;0;0;0;0;0;0;0;0;0;0;0;0;0;0;0;0;4;0;0;0;0;0;0;86;114;0;80;0;0;0;0;0;0;0;0;0;0;0;0;0;0
28164;2016-06;0;380;0;0;0;0;0;0;0;0;0;0;0;0;5;0;0;0;0;0;0;0;23;0;2;0;0;0;0;400;952;0;374;0;0;1;0;0;0;0;0;0;0;0;0;6;17
28165;2016-06;0;188;0;0;0;0;0;1;0;0;0;0;0;0;1;0;0;0;0;0;0;0;5;0;2;0;0;0;0;154;672;0;255;0;0;0;0;0;0;0;0;0;0;0;0;1;3
28166;2016-06;0;38;0;0;0;0;0;1;0;0;0;0;0;0;0;0;0;0;0;0;0;0;3;0;0;0;0;0;0;52;89;0;63;0;0;2;0;0;0;0;0;0;0;0;0;1;0
28167;2016-06;0;1347;0;0;0;0;0;1;0;0;0;0;0;0;7;0;0;0;0;0;0;0;121;0;4;0;3;0;0;1500;1763;0;1243;0;0;11;0;1;0;0;0;0;0;0;0;44;15
28168;2016-06;0;112;0;0;0;0;0;1;0;0;0;0;0;0;1;0;0;0;0;0;0;0;6;0;0;0;0;0;0;201;386;0;161;0;0;3;0;0;0;0;0;0;0;0;0;3;2
28169;2016-06;0;265;0;0;0;0;0;0;0;0;0;0;0;0;0;0;0;0;0;0;0;0;6;0;0;0;0;0;0;184;479;0;151;0;0;1;0;0;0;0;0;0;0;0;0;4;18
28170;2016-06;0;218;0;0;0;0;0;0;0;0;0;0;0;0;1;0;0;0;0;0;0;0;11;0;1;0;1;0;0;310;625;0;436;0;0;1;0;0;0;0;0;0;0;0;0;1;4
28171;2016-06;0;343;0;0;0;0;0;1;0;0;0;0;0;0;3;0;0;0;0;0;0;0;27;0;1;0;1;0;0;380;1437;0;596;0;0;5;0;0;0;0;0;0;0;0;0;4;3
28172;2016-06;0;1605;0;0;0;0;0;4;0;0;0;0;0;0;8;0;0;0;0;0;0;0;90;0;3;0;3;0;0;1212;2957;0;948;0;0;9;0;0;0;0;0;0;0;0;0;41;25
28173;2016-06;0;37;0;0;0;0;0;0;0;0;0;0;0;0;2;0;0;0;0;0;0;0;4;0;0;0;0;0;0;61;170;0;109;0;0;0;0;0;0;0;0;0;0;0;0;0;4
28174;2016-06;0;187;0;0;0;0;0;0;0;0;0;0;0;0;1;0;0;0;0;0;0;0;14;0;1;0;1;0;0;174;585;0;243;0;0;1;0;0;0;0;0;0;0;0;0;3;4
28175;2016-06;0;132;0;0;0;0;0;0;0;0;0;0;0;0;3;0;0;0;0;0;0;0;7;0;0;0;0;0;0;144;288;0;83;0;0;0;0;0;0;0;0;0;0;0;0;3;3
28176;2016-06;0;2074;0;0;0;0;0;2;0;0;0;0;0;0;12;0;0;0;0;0;0;0;118;0;3;0;3;0;0;1085;5240;0;1000;0;0;9;0;2;0;0;0;0;0;0;0;37;45
28177;2016-06;0;2013;0;0;0;0;0;5;0;0;0;0;0;0;10;0;0;0;0;0;0;0;95;0;6;0;5;0;0;1078;3566;0;1126;0;0;6;0;1;0;0;0;0;0;0;0;30;53
28178;2016-06;0;162;0;0;0;0;0;0;0;0;0;0;0;0;0;0;0;0;0;0;0;0;16;0;0;0;0;0;0;143;327;0;155;0;0;1;0;0;0;0;0;0;0;0;0;6;3
28179;2016-06;0;178;0;0;0;0;0;0;0;0;0;0;0;0;1;0;0;0;0;0;0;0;16;0;2;0;0;0;0;211;467;0;147;0;0;1;0;0;0;0;0;0;0;0;0;6;4
28180;2016-06;0;612;0;0;0;0;0;0;0;0;0;0;0;0;3;0;0;0;0;0;0;0;33;0;1;0;0;0;0;613;1449;0;1151;0;0;6;0;1;0;0;0;0;0;0;0;6;11
28181;2016-06;0;3236;0;0;0;0;0;4;0;0;0;0;0;0;11;0;0;0;0;0;0;0;142;0;6;0;6;0;0;2097;8307;0;2043;0;0;7;0;4;0;0;0;0;0;0;0;56;93
28182;2016-06;0;28;0;0;0;0;0;0;0;0;0;0;0;0;0;0;0;0;0;0;0;0;5;0;0;0;0;0;0;49;57;0;27;0;0;0;0;0;0;0;0;0;0;0;0;2;1
28183;2016-06;0;91;0;0;0;0;0;0;0;0;0;0;0;0;4;0;0;0;0;0;0;0;15;0;1;0;0;0;0;226;265;0;121;0;0;1;0;0;0;0;0;0;0;0;0;5;4
28901;2016-06;0;86;0;0;0;0;0;0;0;0;0;0;0;0;3;0;0;0;0;0;0;0;5;0;2;0;0;0;0;134;186;0;131;0;0;2;0;0;0;0;0;0;0;0;0;1;4
28902;2016-06;0;52;0;0;0;0;0;0;0;0;0;0;0;0;0;0;0;0;0;0;0;0;4;0;1;0;0;0;0;89;165;0;38;0;0;0;0;0;0;0;0;0;0;0;0;2;1
28903;2016-06;0;6409;0;0;0;0;0;10;0;0;0;0;0;0;22;0;0;0;0;0;0;0;250;0;14;0;15;0;0;5768;9445;0;4459;0;0;39;0;5;0;0;0;0;0;0;0;175;157
29001;2016-06;0;192;0;0;0;0;0;0;0;0;0;0;0;0;0;0;0;0;1;0;0;0;26;0;3;0;0;0;0;1003;554;0;1269;0;0;0;0;0;0;0;0;0;0;0;0;0;1
29002;2016-06;0;108;0;0;0;0;0;0;0;0;0;0;0;0;0;0;0;0;1;0;0;0;4;0;2;0;0;0;0;75;269;0;316;0;0;0;0;0;0;0;0;0;0;0;0;3;6
29003;2016-06;0;65;0;0;0;0;0;0;0;0;0;0;0;0;0;0;0;0;1;0;0;0;2;0;2;0;0;0;0;117;190;0;362;0;0;0;0;0;0;0;0;0;0;0;0;2;1
29004;2016-06;0;19;0;0;0;0;0;0;0;0;0;0;0;0;0;0;0;0;0;0;0;0;4;0;1;0;0;0;0;19;84;0;104;0;0;0;0;0;0;0;0;0;0;0;0;0;0
29005;2016-06;0;350;0;0;0;0;0;0;0;0;0;0;0;0;0;0;0;0;4;0;0;0;30;0;1;0;0;0;0;298;1163;0;924;0;0;3;0;0;0;0;0;0;0;0;0;4;12
29006;2016-06;0;31;0;0;0;0;0;0;0;0;0;0;0;0;0;0;0;0;0;0;0;0;1;0;0;0;0;0;0;37;147;0;202;0;0;0;0;0;0;0;0;0;0;0;0;1;0
29007;2016-06;0;3885;0;0;0;0;0;0;0;0;0;0;0;0;0;0;0;0;8;0;0;0;366;0;25;0;0;0;0;3744;6656;0;3942;0;0;33;0;0;0;0;0;0;0;0;0;48;50
29008;2016-06;0;1709;0;0;0;0;0;0;0;0;0;0;0;0;0;0;0;0;2;0;0;0;111;0;8;0;0;0;0;1084;3657;0;2705;0;0;5;0;0;0;0;0;0;0;0;0;12;20
29009;2016-06;0;56;0;0;0;0;0;0;0;0;0;0;0;0;0;0;0;0;0;0;0;0;8;0;2;0;0;0;0;299;181;0;489;0;0;0;0;0;0;0;0;0;0;0;0;2;0
29010;2016-06;0;68;0;0;0;0;0;0;0;0;0;0;0;0;0;0;0;0;0;0;0;0;4;0;3;0;0;0;0;156;352;0;649;0;0;0;0;0;0;0;0;0;0;0;0;1;0
29011;2016-06;0;208;0;0;0;0;0;0;0;0;0;0;0;0;0;0;0;0;0;0;0;0;9;0;0;0;0;0;0;201;425;0;945;0;0;1;0;0;0;0;0;0;0;0;0;2;3
29012;2016-06;0;659;0;0;0;0;0;0;0;0;0;0;0;0;0;0;0;0;15;0;0;0;53;0;4;0;0;0;0;1147;1842;0;2784;0;0;7;0;0;0;0;0;0;0;0;0;12;5
29013;2016-06;0;134;0;0;0;0;0;0;0;0;0;0;0;0;0;0;0;0;3;0;0;0;8;0;0;0;0;0;0;256;268;0;526;0;0;0;0;0;0;0;0;0;0;0;0;1;2
29014;2016-06;0;12;0;0;0;0;0;0;0;0;0;0;0;0;0;0;0;0;0;0;0;0;0;0;1;0;0;0;0;27;43;0;53;0;0;0;0;0;0;0;0;0;0;0;0;0;0
29015;2016-06;0;3136;0;0;0;0;0;0;0;0;0;0;0;0;0;0;0;0;10;0;0;0;215;0;36;0;0;0;0;2873;8109;0;7291;0;0;30;0;0;0;0;0;0;0;0;0;37;25
29016;2016-06;0;16;0;0;0;0;0;0;0;0;0;0;0;0;0;0;0;0;0;0;0;0;0;0;0;0;0;0;0;21;88;0;62;0;0;0;0;0;0;0;0;0;0;0;0;0;0
29017;2016-06;0;520;0;0;0;0;0;0;0;0;0;0;0;0;0;0;0;0;4;0;0;0;33;0;7;0;0;0;0;865;1153;0;2050;0;0;1;0;0;0;0;0;0;0;0;0;0;2
29018;2016-06;0;148;0;0;0;0;0;0;0;0;0;0;0;0;0;0;0;0;0;0;0;0;11;0;1;0;0;0;0;244;369;0;636;0;0;1;0;0;0;0;0;0;0;0;0;0;1
29019;2016-06;0;21;0;0;0;0;0;0;0;0;0;0;0;0;0;0;0;0;0;0;0;0;2;0;1;0;0;0;0;194;249;0;166;0;0;0;0;0;0;0;0;0;0;0;0;0;0
29020;2016-06;0;241;0;0;0;0;0;0;0;0;0;0;0;0;0;0;0;0;0;0;0;0;18;0;2;0;0;0;0;930;475;0;670;0;0;2;0;0;0;0;0;0;0;0;0;2;3
29021;2016-06;0;3;0;0;0;0;0;0;0;0;0;0;0;0;0;0;0;0;0;0;0;0;1;0;1;0;0;0;0;17;47;0;33;0;0;0;0;0;0;0;0;0;0;0;0;1;0
29022;2016-06;0;13;0;0;0;0;0;0;0;0;0;0;0;0;0;0;0;0;0;0;0;0;1;0;0;0;0;0;0;35;26;0;60;0;0;0;0;0;0;0;0;0;0;0;0;0;1
29023;2016-06;0;268;0;0;0;0;0;0;0;0;0;0;0;0;0;0;0;0;1;0;0;0;23;0;0;0;0;0;0;158;654;0;226;0;0;1;0;0;0;0;0;0;0;0;0;3;2
29024;2016-06;0;34;0;0;0;0;0;0;0;0;0;0;0;0;0;0;0;0;0;0;0;0;2;0;0;0;0;0;0;17;62;0;102;0;0;0;0;0;0;0;0;0;0;0;0;0;0
29025;2016-06;0;4811;0;0;0;0;0;0;0;0;0;0;0;0;0;0;0;0;11;0;0;0;442;0;18;0;0;0;0;5487;9080;0;5506;0;0;48;0;0;0;0;0;0;0;0;0;62;57
29026;2016-06;0;42;0;0;0;0;0;0;0;0;0;0;0;0;0;0;0;0;3;0;0;0;4;0;2;0;0;0;0;166;245;0;279;0;0;0;0;0;0;0;0;0;0;0;0;0;2
29027;2016-06;0;153;0;0;0;0;0;0;0;0;0;0;0;0;0;0;0;0;1;0;0;0;9;0;1;0;0;0;0;213;626;0;589;0;0;0;0;0;0;0;0;0;0;0;0;1;4
29028;2016-06;0;67;0;0;0;0;0;0;0;0;0;0;0;0;0;0;0;0;0;0;0;0;9;0;0;0;0;0;0;165;202;0;375;0;0;0;0;0;0;0;0;0;0;0;0;1;1
29029;2016-06;0;21;0;0;0;0;0;0;0;0;0;0;0;0;0;0;0;0;0;0;0;0;2;0;0;0;0;0;0;43;132;0;93;0;0;0;0;0;0;0;0;0;0;0;0;0;1
29030;2016-06;0;26;0;0;0;0;0;0;0;0;0;0;0;0;0;0;0;0;0;0;0;0;3;0;1;0;0;0;0;212;48;0;318;0;0;0;0;0;0;0;0;0;0;0;0;2;0
29031;2016-06;0;98;0;0;0;0;0;0;0;0;0;0;0;0;0;0;0;0;0;0;0;0;9;0;1;0;0;0;0;294;156;0;522;0;0;1;0;0;0;0;0;0;0;0;0;0;0
29032;2016-06;0;490;0;0;0;0;0;0;0;0;0;0;0;0;0;0;0;0;1;0;0;0;45;0;18;0;0;0;0;1333;1195;0;1845;0;0;5;0;0;0;0;0;0;0;0;0;8;4
29033;2016-06;0;66;0;0;0;0;0;0;0;0;0;0;0;0;0;0;0;0;2;0;0;0;8;0;1;0;0;0;0;83;232;0;332;0;0;1;0;0;0;0;0;0;0;0;0;1;0
29034;2016-06;0;32;0;0;0;0;0;0;0;0;0;0;0;0;0;0;0;0;0;0;0;0;4;0;1;0;0;0;0;23;191;0;103;0;0;0;0;0;0;0;0;0;0;0;0;1;1
29035;2016-06;0;38;0;0;0;0;0;0;0;0;0;0;0;0;0;0;0;0;0;0;0;0;3;0;4;0;0;0;0;329;212;0;545;0;0;1;0;0;0;0;0;0;0;0;0;1;0
29036;2016-06;0;23;0;0;0;0;0;0;0;0;0;0;0;0;0;0;0;0;0;0;0;0;1;0;0;0;0;0;0;80;96;0;213;0;0;1;0;0;0;0;0;0;0;0;0;0;0
29037;2016-06;0;5;0;0;0;0;0;0;0;0;0;0;0;0;0;0;0;0;0;0;0;0;0;0;0;0;0;0;0;13;86;0;52;0;0;0;0;0;0;0;0;0;0;0;0;0;0
29038;2016-06;0;1853;0;0;0;0;0;0;0;0;0;0;0;0;0;0;0;0;3;0;0;0;180;0;5;0;0;0;0;2088;3061;0;3566;0;0;20;0;0;0;0;0;0;0;0;0;32;21
29039;2016-06;0;192;0;0;0;0;0;0;0;0;0;0;0;0;0;0;0;0;3;0;0;0;19;0;10;0;0;0;0;683;437;0;500;0;0;3;0;0;0;0;0;0;0;0;0;2;2
29040;2016-06;0;155;0;0;0;0;0;0;0;0;0;0;0;0;0;0;0;0;1;0;0;0;10;0;2;0;0;0;0;149;472;0;470;0;0;2;0;0;0;0;0;0;0;0;0;4;1
29041;2016-06;0;286;0;0;0;0;0;0;0;0;0;0;0;0;0;0;0;0;2;0;0;0;17;0;4;0;0;0;0;561;504;0;635;0;0;3;0;0;0;0;0;0;0;0;0;5;4
29042;2016-06;0;1932;0;0;0;0;0;0;0;0;0;0;0;0;0;0;0;0;6;0;0;0;91;0;6;0;0;0;0;1286;3258;0;2472;0;0;9;0;0;0;0;0;0;0;0;0;37;7
29043;2016-06;0;175;0;0;0;0;0;0;0;0;0;0;0;0;0;0;0;0;2;0;0;0;18;0;5;0;0;0;0;263;489;0;600;0;0;1;0;0;0;0;0;0;0;0;0;0;5
29044;2016-06;0;62;0;0;0;0;0;0;0;0;0;0;0;0;0;0;0;0;0;0;0;0;2;0;0;0;0;0;0;45;240;0;207;0;0;1;0;0;0;0;0;0;0;0;0;1;0
29045;2016-06;0;143;0;0;0;0;0;0;0;0;0;0;0;0;0;0;0;0;0;0;0;0;25;0;0;0;0;0;0;157;487;0;340;0;0;5;0;0;0;0;0;0;0;0;0;1;2
29046;2016-06;0;215;0;0;0;0;0;0;0;0;0;0;0;0;0;0;0;0;1;0;0;0;10;0;0;0;0;0;0;211;533;0;817;0;0;2;0;0;0;0;0;0;0;0;0;2;2
29047;2016-06;0;56;0;0;0;0;0;0;0;0;0;0;0;0;0;0;0;0;0;0;0;0;5;0;2;0;0;0;0;277;117;0;405;0;0;2;0;0;0;0;0;0;0;0;0;1;0
29048;2016-06;0;41;0;0;0;0;0;0;0;0;0;0;0;0;0;0;0;0;0;0;0;0;2;0;1;0;0;0;0;460;119;0;478;0;0;0;0;0;0;0;0;0;0;0;0;0;1
29049;2016-06;0;161;0;0;0;0;0;0;0;0;0;0;0;0;0;0;0;0;2;0;0;0;12;0;0;0;0;0;0;436;482;0;1008;0;0;2;0;0;0;0;0;0;0;0;0;2;0
29050;2016-06;0;49;0;0;0;0;0;0;0;0;0;0;0;0;0;0;0;0;0;0;0;0;3;0;0;0;0;0;0;37;97;0;113;0;0;0;0;0;0;0;0;0;0;0;0;0;0
29051;2016-06;0;4231;0;0;0;0;0;0;0;0;0;0;0;0;0;0;0;0;11;0;0;0;327;0;19;0;0;0;0;4293;10197;0;5975;0;0;34;0;0;0;0;0;0;0;0;0;44;56
29052;2016-06;0;17;0;0;0;0;0;0;0;0;0;0;0;0;0;0;0;0;0;0;0;0;2;0;0;0;0;0;0;5;62;0;54;0;0;1;0;0;0;0;0;0;0;0;0;0;0
29053;2016-06;0;181;0;0;0;0;0;0;0;0;0;0;0;0;0;0;0;0;2;0;0;0;21;0;1;0;0;0;0;192;416;0;258;0;0;0;0;0;0;0;0;0;0;0;0;5;1
29054;2016-06;0;4854;0;0;0;0;0;0;0;0;0;0;0;0;0;0;0;0;10;0;0;0;420;0;20;0;0;0;0;4622;11795;0;6133;0;0;62;0;0;0;0;0;0;0;0;0;69;64
29055;2016-06;0;140;0;0;0;0;0;0;0;0;0;0;0;0;0;0;0;0;1;0;0;0;20;0;1;0;0;0;0;243;392;0;521;0;0;3;0;0;0;0;0;0;0;0;0;1;3
29056;2016-06;0;90;0;0;0;0;0;0;0;0;0;0;0;0;0;0;0;0;0;0;0;0;6;0;1;0;0;0;0;56;291;0;299;0;0;2;0;0;0;0;0;0;0;0;0;0;0
29057;2016-06;0;15;0;0;0;0;0;0;0;0;0;0;0;0;0;0;0;0;0;0;0;0;1;0;0;0;0;0;0;21;75;0;124;0;0;0;0;0;0;0;0;0;0;0;0;1;0
29058;2016-06;0;100;0;0;0;0;0;0;0;0;0;0;0;0;0;0;0;0;0;0;0;0;4;0;2;0;0;0;0;68;293;0;418;0;0;0;0;0;0;0;0;0;0;0;0;1;4
29059;2016-06;0;117;0;0;0;0;0;0;0;0;0;0;0;0;0;0;0;0;2;0;0;0;7;0;1;0;0;0;0;850;341;0;582;0;0;4;0;0;0;0;0;0;0;0;0;3;1
29060;2016-06;0;45;0;0;0;0;0;0;0;0;0;0;0;0;0;0;0;0;0;0;0;0;1;0;0;0;0;0;0;15;285;0;161;0;0;0;0;0;0;0;0;0;0;0;0;0;0
29061;2016-06;0;97;0;0;0;0;0;0;0;0;0;0;0;0;0;0;0;0;0;0;0;0;7;0;3;0;0;0;0;251;195;0;205;0;0;1;0;0;0;0;0;0;0;0;0;0;2
29062;2016-06;0;16;0;0;0;0;0;0;0;0;0;0;0;0;0;0;0;0;0;0;0;0;0;0;0;0;0;0;0;27;224;0;276;0;0;0;0;0;0;0;0;0;0;0;0;0;0
29063;2016-06;0;23;0;0;0;0;0;0;0;0;0;0;0;0;0;0;0;0;0;0;0;0;0;0;0;0;0;0;0;31;111;0;77;0;0;1;0;0;0;0;0;0;0;0;0;1;0
29064;2016-06;0;24;0;0;0;0;0;0;0;0;0;0;0;0;0;0;0;0;0;0;0;0;4;0;1;0;0;0;0;25;148;0;129;0;0;0;0;0;0;0;0;0;0;0;0;0;0
29065;2016-06;0;11;0;0;0;0;0;0;0;0;0;0;0;0;0;0;0;0;0;0;0;0;1;0;0;0;0;0;0;11;69;0;43;0;0;0;0;0;0;0;0;0;0;0;0;1;0
29066;2016-06;0;15;0;0;0;0;0;0;0;0;0;0;0;0;0;0;0;0;0;0;0;0;3;0;0;0;0;0;0;56;76;0;78;0;0;1;0;0;0;0;0;0;0;0;0;0;0
29067;2016-06;0;48456;0;0;0;0;0;0;0;0;0;0;0;0;0;0;0;0;169;0;0;0;5491;0;406;0;0;0;0;59282;96359;0;69670;0;0;747;0;0;0;0;0;0;0;0;0;858;900
29068;2016-06;0;737;0;0;0;0;0;0;0;0;0;0;0;0;0;0;0;0;0;0;0;0;37;0;2;0;0;0;0;649;1571;0;1202;0;0;2;0;0;0;0;0;0;0;0;0;3;6
29069;2016-06;0;9237;0;0;0;0;0;0;0;0;0;0;0;0;0;0;0;0;18;0;0;0;740;0;44;0;0;0;0;8424;19870;0;14484;0;0;102;0;0;0;0;0;0;0;0;0;129;118
29070;2016-06;0;5445;0;0;0;0;0;0;0;0;0;0;0;0;0;0;0;0;15;0;0;0;484;0;21;0;0;0;0;4927;7997;0;6405;0;0;82;0;0;0;0;0;0;0;0;0;78;60
29071;2016-06;0;61;0;0;0;0;0;0;0;0;0;0;0;0;0;0;0;0;0;0;0;0;4;0;0;0;0;0;0;82;211;0;226;0;0;0;0;0;0;0;0;0;0;0;0;0;1
29072;2016-06;0;252;0;0;0;0;0;0;0;0;0;0;0;0;0;0;0;0;1;0;0;0;23;0;3;0;0;0;0;406;686;0;958;0;0;3;0;0;0;0;0;0;0;0;0;2;1
29073;2016-06;0;93;0;0;0;0;0;0;0;0;0;0;0;0;0;0;0;0;0;0;0;0;8;0;1;0;0;0;0;294;262;0;411;0;0;2;0;0;0;0;0;0;0;0;0;1;1
29074;2016-06;0;60;0;0;0;0;0;0;0;0;0;0;0;0;0;0;0;0;0;0;0;0;2;0;0;0;0;0;0;58;178;0;282;0;0;0;0;0;0;0;0;0;0;0;0;1;0
29075;2016-06;0;974;0;0;0;0;0;0;0;0;0;0;0;0;0;0;0;0;2;0;0;0;80;0;9;0;0;0;0;1522;3342;0;2126;0;0;5;0;0;0;0;0;0;0;0;0;3;15
29076;2016-06;0;232;0;0;0;0;0;0;0;0;0;0;0;0;0;0;0;0;0;0;0;0;16;0;4;0;0;0;0;190;333;0;570;0;0;1;0;0;0;0;0;0;0;0;0;0;4
29077;2016-06;0;6;0;0;0;0;0;0;0;0;0;0;0;0;0;0;0;0;0;0;0;0;0;0;0;0;0;0;0;16;46;0;76;0;0;0;0;0;0;0;0;0;0;0;0;0;0
29079;2016-06;0;149;0;0;0;0;0;0;0;0;0;0;0;0;0;0;0;0;0;0;0;0;11;0;0;0;0;0;0;295;473;0;823;0;0;1;0;0;0;0;0;0;0;0;0;2;0
29080;2016-06;0;608;0;0;0;0;0;0;0;0;0;0;0;0;0;0;0;0;1;0;0;0;58;0;9;0;0;0;0;768;1342;0;1580;0;0;7;0;0;0;0;0;0;0;0;0;6;5
29081;2016-06;0;16;0;0;0;0;0;0;0;0;0;0;0;0;0;0;0;0;0;0;0;0;0;0;0;0;0;0;0;7;104;0;69;0;0;0;0;0;0;0;0;0;0;0;0;0;0
29082;2016-06;0;4608;0;0;0;0;0;0;0;0;0;0;0;0;0;0;0;0;5;0;0;0;359;0;98;0;0;0;0;4415;8043;0;4554;0;0;42;0;0;0;0;0;0;0;0;0;88;36
29083;2016-06;0;128;0;0;0;0;0;0;0;0;0;0;0;0;0;0;0;0;0;0;0;0;10;0;0;0;0;0;0;117;540;0;707;0;0;1;0;0;0;0;0;0;0;0;0;0;0
29084;2016-06;0;3023;0;0;0;0;0;0;0;0;0;0;0;0;0;0;0;0;6;0;0;0;167;0;10;0;0;0;0;2518;6148;0;5492;0;0;19;0;0;0;0;0;0;0;0;0;33;35
29085;2016-06;0;4;0;0;0;0;0;0;0;0;0;0;0;0;0;0;0;0;0;0;0;0;0;0;0;0;0;0;0;7;41;0;55;0;0;1;0;0;0;0;0;0;0;0;0;0;0
29086;2016-06;0;41;0;0;0;0;0;0;0;0;0;0;0;0;0;0;0;0;1;0;0;0;3;0;1;0;0;0;0;55;174;0;191;0;0;0;0;0;0;0;0;0;0;0;0;1;0
29087;2016-06;0;33;0;0;0;0;0;0;0;0;0;0;0;0;0;0;0;0;0;0;0;0;2;0;1;0;0;0;0;68;65;0;96;0;0;0;0;0;0;0;0;0;0;0;0;0;0
29088;2016-06;0;153;0;0;0;0;0;0;0;0;0;0;0;0;0;0;0;0;0;0;0;0;9;0;2;0;0;0;0;289;491;0;839;0;0;0;0;0;0;0;0;0;0;0;0;3;2
29089;2016-06;0;101;0;0;0;0;0;0;0;0;0;0;0;0;0;0;0;0;0;0;0;0;14;0;26;0;0;0;0;963;393;0;810;0;0;0;0;0;0;0;0;0;0;0;0;3;1
29090;2016-06;0;164;0;0;0;0;0;0;0;0;0;0;0;0;0;0;0;0;1;0;0;0;9;0;3;0;0;0;0;81;515;0;343;0;0;1;0;0;0;0;0;0;0;0;0;1;1
29091;2016-06;0;686;0;0;0;0;0;0;0;0;0;0;0;0;0;0;0;0;2;0;0;0;63;0;7;0;0;0;0;1182;2409;0;1651;0;0;7;0;0;0;0;0;0;0;0;0;8;7
29092;2016-06;0;46;0;0;0;0;0;0;0;0;0;0;0;0;0;0;0;0;1;0;0;0;4;0;0;0;0;0;0;107;76;0;147;0;0;1;0;0;0;0;0;0;0;0;0;3;1
29093;2016-06;0;103;0;0;0;0;0;0;0;0;0;0;0;0;0;0;0;0;0;0;0;0;15;0;3;0;0;0;0;310;503;0;680;0;0;2;0;0;0;0;0;0;0;0;0;0;2
29094;2016-06;0;5844;0;0;0;0;0;0;0;0;0;0;0;0;0;0;0;0;19;0;0;0;493;0;44;0;0;0;0;5775;14248;0;10735;0;0;49;0;0;0;0;0;0;0;0;0;65;85
29095;2016-06;0;177;0;0;0;0;0;0;0;0;0;0;0;0;0;0;0;0;0;0;0;0;26;0;9;0;0;0;0;434;582;0;1046;0;0;7;0;0;0;0;0;0;0;0;0;0;2
29096;2016-06;0;183;0;0;0;0;0;0;0;0;0;0;0;0;0;0;0;0;2;0;0;0;16;0;8;0;0;0;0;356;403;0;902;0;0;7;0;0;0;0;0;0;0;0;0;1;0
29097;2016-06;0;357;0;0;0;0;0;0;0;0;0;0;0;0;0;0;0;0;4;0;0;0;17;0;3;0;0;0;0;367;675;0;1352;0;0;1;0;0;0;0;0;0;0;0;0;5;3
29098;2016-06;0;83;0;0;0;0;0;0;0;0;0;0;0;0;0;0;0;0;2;0;0;0;5;0;0;0;0;0;0;102;259;0;430;0;0;1;0;0;0;0;0;0;0;0;0;2;2
29099;2016-06;0;75;0;0;0;0;0;0;0;0;0;0;0;0;0;0;0;0;0;0;0;0;5;0;0;0;0;0;0;83;202;0;315;0;0;1;0;0;0;0;0;0;0;0;0;0;0
29100;2016-06;0;202;0;0;0;0;0;0;0;0;0;0;0;0;0;0;0;0;0;0;0;0;10;0;0;0;0;0;0;180;412;0;854;0;0;1;0;0;0;0;0;0;0;0;0;2;1
29901;2016-06;0;5192;0;0;0;0;0;0;0;0;0;0;0;0;0;0;0;0;21;0;0;0;577;0;26;0;0;0;0;5532;11010;0;6298;0;0;49;0;0;0;0;0;0;0;0;0;77;75
29902;2016-06;0;166;0;0;0;0;0;0;0;0;0;0;0;0;0;0;0;0;2;0;0;0;10;0;0;0;0;0;0;194;370;0;801;0;0;3;0;0;0;0;0;0;0;0;0;2;0
29903;2016-06;0;27;0;0;0;0;0;0;0;0;0;0;0;0;0;0;0;0;0;0;0;0;4;0;0;0;0;0;0;46;91;0;178;0;0;0;0;0;0;0;0;0;0;0;0;0;0
29904;2016-06;0;15;0;0;0;0;0;0;0;0;0;0;0;0;0;0;0;0;0;0;0;0;2;0;0;0;0;0;0;37;24;0;254;0;0;0;0;0;0;0;0;0;0;0;0;0;0
30001;2016-06;0;341;0;0;0;0;0;0;0;9;0;0;0;0;0;1;0;0;0;0;0;0;25;0;5;0;0;0;0;248;1979;0;949;0;0;3;0;0;0;0;0;0;0;0;0;7;9
30002;2016-06;0;769;0;0;0;0;0;0;0;12;0;0;0;0;0;1;0;0;0;0;0;0;62;0;6;0;0;0;0;816;3674;0;1534;0;0;7;0;5;0;0;0;0;0;0;0;18;11
30003;2016-06;0;2029;0;0;0;0;0;0;0;13;0;0;0;0;0;3;0;0;0;0;0;0;133;0;14;0;0;0;0;2398;6748;0;4533;0;0;19;0;1;0;0;0;0;0;0;0;10;35
30004;2016-06;0;26;0;0;0;0;0;0;0;0;0;0;0;0;0;0;0;0;0;0;0;0;2;0;0;0;0;0;0;91;417;0;318;0;0;0;0;0;0;0;0;0;0;0;0;0;5
30005;2016-06;0;3368;0;0;0;0;0;0;0;26;0;0;0;0;0;6;0;0;0;0;0;0;282;0;11;0;0;0;0;2800;9978;0;3742;0;0;30;0;2;0;0;0;0;0;0;0;67;93
30006;2016-06;0;37;0;0;0;0;0;0;0;0;0;0;0;0;0;0;0;0;0;0;0;0;5;0;0;0;0;0;0;69;392;0;180;0;0;0;0;0;0;0;0;0;0;0;0;0;0
30007;2016-06;0;581;0;0;0;0;0;0;0;3;0;0;0;0;0;1;0;0;0;0;0;0;55;0;2;0;0;0;0;550;2100;0;979;0;0;7;0;0;0;0;0;0;0;0;0;9;18
30008;2016-06;0;1418;0;0;0;0;0;0;0;16;0;0;0;0;0;4;0;0;0;0;0;0;84;0;11;0;0;0;0;1876;4106;0;1962;0;0;30;0;4;0;0;0;0;0;0;0;41;34
30009;2016-06;0;1173;0;0;0;0;0;0;0;7;0;0;0;0;0;4;0;0;0;0;0;0;101;0;10;0;0;0;0;1344;4467;0;2307;0;0;11;0;2;0;0;0;0;0;0;0;10;26
30010;2016-06;0;579;0;0;0;0;0;0;0;7;0;0;0;0;0;1;0;0;0;0;0;0;61;0;4;0;0;0;0;572;2643;0;1217;0;0;13;0;1;0;0;0;0;0;0;0;6;17
30011;2016-06;0;388;0;0;0;0;0;0;0;10;0;0;0;0;0;1;0;0;0;0;0;0;31;0;4;0;0;0;0;371;1765;0;773;0;0;7;0;1;0;0;0;0;0;0;0;5;12
30012;2016-06;0;761;0;0;0;0;0;0;0;2;0;0;0;0;0;1;0;0;0;0;0;0;71;0;4;0;0;0;0;1190;2440;0;2369;0;0;6;0;1;0;0;0;0;0;0;0;6;10
30013;2016-06;0;560;0;0;0;0;0;0;0;3;0;0;0;0;0;1;0;0;0;0;0;0;25;0;2;0;0;0;0;646;1769;0;2039;0;0;2;0;0;0;0;0;0;0;0;0;15;8
30014;2016-06;0;72;0;0;0;0;0;0;0;0;0;0;0;0;0;1;0;0;0;0;0;0;24;0;1;0;0;0;0;126;444;0;480;0;0;0;0;0;0;0;0;0;0;0;0;4;0
30015;2016-06;0;1907;0;0;0;0;0;0;0;10;0;0;0;0;0;0;0;0;0;0;0;0;99;0;5;0;0;0;0;1323;6506;0;3475;0;0;10;0;11;0;0;0;0;0;0;0;9;48
30016;2016-06;0;18265;0;0;0;0;0;0;0;204;0;0;0;0;0;48;0;0;0;0;0;0;1406;0;96;0;0;0;0;15650;45138;0;19085;0;0;241;0;31;0;0;0;0;0;0;0;320;395
30017;2016-06;0;1116;0;0;0;0;0;0;0;5;0;0;0;0;0;1;0;0;0;0;0;0;81;0;3;0;0;0;0;955;3997;0;2226;0;0;5;0;1;0;0;0;0;0;0;0;4;11
30018;2016-06;0;762;0;0;0;0;0;0;0;4;0;0;0;0;0;3;0;0;0;0;0;0;80;0;2;0;0;0;0;689;2531;0;1652;0;0;11;0;2;0;0;0;0;0;0;0;17;28
30019;2016-06;0;1953;0;0;0;0;0;0;0;20;0;0;0;0;0;6;0;0;0;0;0;0;195;0;15;0;0;0;0;2952;8518;0;3445;0;0;22;0;7;0;0;0;0;0;0;0;50;66
30020;2016-06;0;380;0;0;0;0;0;0;0;1;0;0;0;0;0;0;0;0;0;0;0;0;13;0;3;0;0;0;0;672;2441;0;952;0;0;0;0;2;0;0;0;0;0;0;0;5;3
30021;2016-06;0;831;0;0;0;0;0;0;0;4;0;0;0;0;0;6;0;0;0;0;0;0;33;0;4;0;0;0;0;501;3309;0;1283;0;0;14;0;5;0;0;0;0;0;0;0;16;19
30022;2016-06;0;1383;0;0;0;0;0;0;0;17;0;0;0;0;0;2;0;0;0;0;0;0;91;0;21;0;0;0;0;1390;5343;0;2809;0;0;17;0;4;0;0;0;0;0;0;0;24;20
30023;2016-06;0;399;0;0;0;0;0;0;0;1;0;0;0;0;0;1;0;0;0;0;0;0;32;0;2;0;0;0;0;515;1231;0;640;0;0;8;0;0;0;0;0;0;0;0;0;7;2
30024;2016-06;0;6343;0;0;0;0;0;0;0;37;0;0;0;0;0;9;0;0;0;0;0;0;301;0;23;0;0;0;0;4861;19227;0;10491;0;0;68;0;10;0;0;0;0;0;0;0;52;103
30025;2016-06;0;462;0;0;0;0;0;0;0;2;0;0;0;0;0;1;0;0;0;0;0;0;39;0;4;0;0;0;0;450;1486;0;1148;0;0;4;0;0;0;0;0;0;0;0;0;8;10
30026;2016-06;0;1430;0;0;0;0;0;0;0;5;0;0;0;0;0;0;0;0;0;0;0;0;74;0;5;0;0;0;0;1257;4822;0;2212;0;0;9;0;0;0;0;0;0;0;0;0;20;16
30027;2016-06;0;6356;0;0;0;0;0;0;0;63;0;0;0;0;0;9;0;0;0;0;0;0;489;0;32;0;0;0;0;5635;15732;0;6484;0;0;60;0;15;0;0;0;0;0;0;0;133;105
30028;2016-06;0;546;0;0;0;0;0;0;0;3;0;0;0;0;0;1;0;0;0;0;0;0;23;0;6;0;0;0;0;966;1469;0;1668;0;0;4;0;1;0;0;0;0;0;0;0;6;12
30029;2016-06;0;1016;0;0;0;0;0;0;0;15;0;0;0;0;0;2;0;0;0;0;0;0;67;0;6;0;0;0;0;999;3492;0;2360;0;0;7;0;1;0;0;0;0;0;0;0;13;7
30030;2016-06;0;39102;0;0;0;0;0;0;0;363;0;0;0;0;0;57;0;0;0;0;0;0;2978;0;221;0;0;0;0;35120;109773;0;38700;0;0;489;0;96;0;0;0;0;0;0;0;935;1144
30031;2016-06;0;55;0;0;0;0;0;0;0;0;0;0;0;0;0;0;0;0;0;0;0;0;4;0;0;0;0;0;0;26;244;0;70;0;0;0;0;0;0;0;0;0;0;0;0;0;2
30032;2016-06;0;213;0;0;0;0;0;0;0;0;0;0;0;0;0;0;0;0;0;0;0;0;17;0;1;0;0;0;0;201;1061;0;639;0;0;1;0;0;0;0;0;0;0;0;0;3;2
30033;2016-06;0;1095;0;0;0;0;0;0;0;9;0;0;0;0;0;0;0;0;0;0;0;0;73;0;7;0;0;0;0;853;3513;0;1632;0;0;14;0;1;0;0;0;0;0;0;0;5;15
30034;2016-06;0;44;0;0;0;0;0;0;0;0;0;0;0;0;0;0;0;0;0;0;0;0;5;0;1;0;0;0;0;92;436;0;258;0;0;0;0;0;0;0;0;0;0;0;0;0;1
30035;2016-06;0;2316;0;0;0;0;0;0;0;19;0;0;0;0;0;7;0;0;0;0;0;0;179;0;12;0;0;0;0;1911;6426;0;1956;0;0;17;0;4;0;0;0;0;0;0;0;26;52
30036;2016-06;0;1498;0;0;0;0;0;0;0;14;0;0;0;0;0;0;0;0;0;0;0;0;104;0;2;0;0;0;0;1245;5109;0;1642;0;0;17;0;0;0;0;0;0;0;0;0;22;40
30037;2016-06;0;2019;0;0;0;0;0;0;0;17;0;0;0;0;0;3;0;0;0;0;0;0;159;0;11;0;0;0;0;1331;6996;0;2336;0;0;25;0;4;0;0;0;0;0;0;0;27;28
30038;2016-06;0;1721;0;0;0;0;0;0;0;11;0;0;0;0;0;3;0;0;0;0;0;0;105;0;7;0;0;0;0;1416;5254;0;2129;0;0;17;0;2;0;0;0;0;0;0;0;26;30
30039;2016-06;0;1847;0;0;0;0;0;0;0;29;0;0;0;0;0;1;0;0;0;0;0;0;146;0;14;0;0;0;0;1913;6324;0;2641;0;0;21;0;6;0;0;0;0;0;0;0;17;20
30040;2016-06;0;31;0;0;0;0;0;0;0;1;0;0;0;0;0;0;0;0;0;0;0;0;6;0;1;0;0;0;0;74;302;0;185;0;0;0;0;0;0;0;0;0;0;0;0;1;4
30041;2016-06;0;1319;0;0;0;0;0;0;0;15;0;0;0;0;0;4;0;0;0;0;0;0;106;0;7;0;0;0;0;1323;3719;0;2285;0;0;17;0;0;0;0;0;0;0;0;0;31;17
30042;2016-06;0;170;0;0;0;0;0;0;0;42;0;0;0;0;0;0;0;0;0;0;0;0;18;0;0;0;0;0;0;158;710;0;377;0;0;3;0;0;0;0;0;0;0;0;0;0;6
30043;2016-06;0;3069;0;0;0;0;0;0;0;22;0;0;0;0;0;3;0;0;0;0;0;0;152;0;22;0;0;0;0;3212;8513;0;3428;0;0;30;0;8;0;0;0;0;0;0;0;44;81
30901;2016-06;0;1028;0;0;0;0;0;0;0;11;0;0;0;0;0;3;0;0;0;0;0;0;79;0;8;0;0;0;0;1216;3552;0;1714;0;0;11;0;2;0;0;0;0;0;0;0;31;20
30902;2016-06;0;796;0;0;0;0;0;0;0;5;0;0;0;0;0;3;0;0;0;0;0;0;43;0;6;0;0;0;0;849;2341;0;1164;0;0;10;0;1;0;0;0;0;0;0;0;13;18
31001;2016-06;0;2;0;0;0;0;0;0;8;0;0;0;0;0;0;0;0;0;0;0;0;0;1;0;0;0;0;0;0;18;15;0;8;0;0;0;0;0;0;0;0;10;0;0;0;0;0
31002;2016-06;0;19;0;0;0;0;0;0;21;0;0;0;0;0;0;0;0;0;0;0;1;0;3;0;0;0;0;0;0;100;103;0;15;0;0;2;0;0;0;0;0;19;0;0;0;1;0
31003;2016-06;0;4;0;0;0;0;0;0;7;0;0;0;0;0;0;0;0;0;0;0;0;0;0;0;0;0;0;0;0;20;13;0;10;0;0;2;0;0;0;0;0;31;0;0;0;0;0
31004;2016-06;0;0;0;0;0;0;0;0;3;0;0;0;0;0;0;0;0;0;0;0;0;0;1;0;0;0;0;0;0;4;9;0;2;0;0;0;0;0;0;0;0;2;0;0;0;0;0
31005;2016-06;0;11;0;0;0;0;0;0;4;0;0;0;0;0;0;0;0;0;0;0;2;0;2;0;0;0;0;0;0;62;78;0;33;0;0;1;0;0;0;0;0;14;0;0;0;1;0
31006;2016-06;0;73;0;0;0;0;0;0;11;0;0;0;0;0;0;0;0;0;0;0;0;0;4;0;0;0;0;0;0;334;498;0;375;0;0;3;0;1;0;0;0;16;0;0;0;4;0
31007;2016-06;0;3;0;0;0;0;0;0;2;0;0;0;0;0;0;0;0;0;0;0;1;0;1;0;0;0;0;0;0;22;37;0;11;0;0;0;0;0;0;0;0;8;0;0;0;0;0
31008;2016-06;0;4;0;0;0;0;0;0;5;0;0;0;0;0;0;0;0;0;0;0;0;0;0;0;0;0;0;0;0;4;24;0;12;0;0;0;0;0;0;0;0;3;0;0;0;0;0
31009;2016-06;0;15;0;0;0;0;0;0;14;0;0;0;0;0;0;0;0;0;0;0;0;0;2;0;0;0;0;0;0;199;132;0;92;0;0;1;0;0;0;0;0;45;0;0;0;0;0
31010;2016-06;0;121;0;0;0;0;0;0;397;0;0;0;0;0;0;0;0;0;0;0;3;0;30;0;0;0;0;0;0;1283;630;0;543;0;0;12;0;2;0;0;0;623;0;0;0;7;0
31011;2016-06;0;29;0;0;0;0;0;0;18;0;0;0;0;0;0;0;0;0;0;0;0;0;4;0;0;0;0;0;0;150;164;0;40;0;0;3;0;0;0;0;0;39;0;0;0;1;0
31012;2016-06;0;21;0;0;0;0;0;0;13;0;0;0;0;0;0;0;0;0;0;0;2;0;6;0;0;0;0;0;0;166;192;0;126;0;0;3;0;0;0;0;0;18;0;0;0;2;0
31013;2016-06;0;17;0;0;0;0;0;0;18;0;0;0;0;0;0;0;0;0;0;0;1;0;0;0;0;0;0;0;0;156;119;0;37;0;0;0;0;1;0;0;0;51;0;0;0;0;0
31014;2016-06;0;7;0;0;0;0;0;0;3;0;0;0;0;0;0;0;0;0;0;0;0;0;1;0;0;0;0;0;0;60;70;0;16;0;0;3;0;0;0;0;0;28;0;0;0;0;0
31015;2016-06;0;97;0;0;0;0;0;0;17;0;0;0;0;0;0;0;0;0;0;0;1;0;14;0;0;0;0;0;0;340;521;0;321;0;0;4;0;1;0;0;0;51;0;0;0;0;0
31016;2016-06;0;260;0;0;0;0;0;0;228;0;0;0;0;0;0;0;0;0;0;0;7;0;55;0;0;0;0;0;0;2273;695;0;1103;0;0;19;0;6;0;0;0;710;0;0;0;7;0
31017;2016-06;0;20;0;0;0;0;0;0;28;0;0;0;0;0;0;0;0;0;0;0;0;0;3;0;0;0;0;0;0;64;56;0;24;0;0;0;0;0;0;0;0;44;0;0;0;0;0
31018;2016-06;0;14;0;0;0;0;0;0;11;0;0;0;0;0;0;0;0;0;0;0;0;0;3;0;0;0;0;0;0;92;85;0;53;0;0;1;0;0;0;0;0;21;0;0;0;1;0
31019;2016-06;0;57;0;0;0;0;0;0;54;0;0;0;0;0;0;0;0;0;0;0;2;0;6;0;0;0;0;0;0;381;240;0;141;0;0;5;0;0;0;0;0;342;0;0;0;1;0
31020;2016-06;0;2;0;0;0;0;0;0;28;0;0;0;0;0;0;0;0;0;0;0;1;0;1;0;0;0;0;0;0;73;13;0;4;0;0;0;0;0;0;0;0;103;0;0;0;0;0
31021;2016-06;0;0;0;0;0;0;0;0;2;0;0;0;0;0;0;0;0;0;0;0;0;0;0;0;0;0;0;0;0;11;10;0;6;0;0;0;0;0;0;0;0;9;0;0;0;0;0
31022;2016-06;0;6;0;0;0;0;0;0;79;0;0;0;0;0;0;0;0;0;0;0;0;0;0;0;0;0;0;0;0;88;27;0;12;0;0;0;0;0;0;0;0;114;0;0;0;1;0
31023;2016-06;0;572;0;0;0;0;0;0;220;0;0;0;0;0;0;0;0;0;0;0;7;0;59;0;0;0;0;0;0;1516;1863;0;653;0;0;23;0;15;0;0;0;267;0;0;0;9;0
31024;2016-06;0;1;0;0;0;0;0;0;9;0;0;0;0;0;0;0;0;0;0;0;0;0;0;0;0;0;0;0;0;13;2;0;0;0;0;1;0;0;0;0;0;16;0;0;0;0;0
31025;2016-06;0;10;0;0;0;0;0;0;45;0;0;0;0;0;0;0;0;0;0;0;1;0;4;0;0;0;0;0;0;164;139;0;45;0;0;0;0;0;0;0;0;103;0;0;0;1;0
31026;2016-06;0;7;0;0;0;0;0;0;4;0;0;0;0;0;0;0;0;0;0;0;0;0;1;0;0;0;0;0;0;17;48;0;36;0;0;0;0;0;0;0;0;4;0;0;0;0;0
31027;2016-06;0;10;0;0;0;0;0;0;102;0;0;0;0;0;0;0;0;0;0;0;0;0;4;0;0;0;0;0;0;98;48;0;17;0;0;0;0;0;0;0;0;249;0;0;0;0;0
31028;2016-06;0;0;0;0;0;0;0;0;12;0;0;0;0;0;0;0;0;0;0;0;0;0;0;0;0;0;0;0;0;46;30;0;10;0;0;0;0;0;0;0;0;33;0;0;0;0;0
31029;2016-06;0;24;0;0;0;0;0;0;15;0;0;0;0;0;0;0;0;0;0;0;1;0;1;0;0;0;0;0;0;157;267;0;119;0;0;1;0;0;0;0;0;31;0;0;0;3;0
31030;2016-06;0;2;0;0;0;0;0;0;4;0;0;0;0;0;0;0;0;0;0;0;0;0;0;0;0;0;0;0;0;37;25;0;8;0;0;1;0;0;0;0;0;20;0;0;0;2;0
31031;2016-06;0;0;0;0;0;0;0;0;21;0;0;0;0;0;0;0;0;0;0;0;0;0;0;0;0;0;0;0;0;24;22;0;6;0;0;0;0;0;0;0;0;56;0;0;0;0;0
31032;2016-06;0;77;0;0;0;0;0;0;5;0;0;0;0;0;0;0;0;0;0;0;2;0;3;0;0;0;0;0;0;270;367;0;430;0;0;1;0;0;0;0;0;14;0;0;0;0;0
31033;2016-06;0;0;0;0;0;0;0;0;1;0;0;0;0;0;0;0;0;0;0;0;0;0;0;0;0;0;0;0;0;13;7;0;2;0;0;0;0;0;0;0;0;7;0;0;0;0;0
31034;2016-06;0;0;0;0;0;0;0;0;2;0;0;0;0;0;0;0;0;0;0;0;0;0;0;0;0;0;0;0;0;7;7;0;0;0;0;0;0;0;0;0;0;9;0;0;0;0;0
31035;2016-06;0;1;0;0;0;0;0;0;2;0;0;0;0;0;0;0;0;0;0;0;2;0;1;0;0;0;0;0;0;5;19;0;11;0;0;0;0;0;0;0;0;2;0;0;0;0;0
31036;2016-06;0;30;0;0;0;0;0;0;24;0;0;0;0;0;0;0;0;0;0;0;0;0;3;0;0;0;0;0;0;175;195;0;146;0;0;5;0;4;0;0;0;38;0;0;0;1;0
31037;2016-06;0;0;0;0;0;0;0;0;15;0;0;0;0;0;0;0;0;0;0;0;0;0;1;0;0;0;0;0;0;15;5;0;2;0;0;0;0;0;0;0;0;27;0;0;0;0;0
31038;2016-06;0;63;0;0;0;0;0;0;24;0;0;0;0;0;0;0;0;0;0;0;5;0;3;0;0;0;0;0;0;239;345;0;197;0;0;6;0;1;0;0;0;47;0;0;0;1;0
31039;2016-06;0;1;0;0;0;0;0;0;2;0;0;0;0;0;0;0;0;0;0;0;0;0;0;0;0;0;0;0;0;16;15;0;12;0;0;0;0;0;0;0;0;14;0;0;0;0;0
31040;2016-06;0;5;0;0;0;0;0;0;5;0;0;0;0;0;0;0;0;0;0;0;0;0;0;0;0;0;0;0;0;32;50;0;16;0;0;0;0;0;0;0;0;26;0;0;0;0;0
31041;2016-06;0;102;0;0;0;0;0;0;39;0;0;0;0;0;0;0;0;0;0;0;2;0;14;0;0;0;0;0;0;358;311;0;170;0;0;1;0;0;0;0;0;87;0;0;0;2;0
31042;2016-06;0;117;0;0;0;0;0;0;6;0;0;0;0;0;0;0;0;0;0;0;2;0;10;0;0;0;0;0;0;237;727;0;810;0;0;1;0;0;0;0;0;9;0;0;0;1;0
31043;2016-06;0;1;0;0;0;0;0;0;5;0;0;0;0;0;0;0;0;0;0;0;1;0;0;0;0;0;0;0;0;1;10;0;10;0;0;1;0;0;0;0;0;0;0;0;0;0;0
31044;2016-06;0;0;0;0;0;0;0;0;43;0;0;0;0;0;0;0;0;0;0;0;1;0;0;0;0;0;0;0;0;45;44;0;8;0;0;0;0;0;0;0;0;85;0;0;0;0;0
31045;2016-06;0;22;0;0;0;0;0;0;9;0;0;0;0;0;0;0;0;0;0;0;2;0;3;0;0;0;0;0;0;137;84;0;63;0;0;1;0;0;0;0;0;17;0;0;0;4;0
31046;2016-06;0;2;0;0;0;0;0;0;0;0;0;0;0;0;0;0;0;0;0;0;0;0;0;0;0;0;0;0;0;3;26;0;5;0;0;0;0;0;0;0;0;2;0;0;0;0;0
31047;2016-06;0;7;0;0;0;0;0;0;15;0;0;0;0;0;0;0;0;0;0;0;0;0;2;0;0;0;0;0;0;23;81;0;38;0;0;0;0;0;0;0;0;20;0;0;0;0;0
31048;2016-06;0;11;0;0;0;0;0;0;0;0;0;0;0;0;0;0;0;0;0;0;0;0;0;0;0;0;0;0;0;13;87;0;12;0;0;1;0;0;0;0;0;1;0;0;0;1;0
31049;2016-06;0;12;0;0;0;0;0;0;22;0;0;0;0;0;0;0;0;0;0;0;0;0;0;0;0;0;0;0;0;138;80;0;14;0;0;1;0;0;0;0;0;196;0;0;0;0;0
31050;2016-06;0;99;0;0;0;0;0;0;372;0;0;0;0;0;0;0;0;0;0;0;3;0;23;0;0;0;0;0;0;812;885;0;326;0;0;9;0;2;0;0;0;860;0;0;0;2;0
31051;2016-06;0;14;0;0;0;0;0;0;5;0;0;0;0;0;0;0;0;0;0;0;0;0;1;0;0;0;0;0;0;44;57;0;40;0;0;0;0;0;0;0;0;7;0;0;0;0;0
31052;2016-06;0;3;0;0;0;0;0;0;4;0;0;0;0;0;0;0;0;0;0;0;0;0;0;0;0;0;0;0;0;21;23;0;8;0;0;0;0;0;0;0;0;2;0;0;0;0;0
31053;2016-06;0;22;0;0;0;0;0;0;8;0;0;0;0;0;0;0;0;0;0;0;0;0;0;0;0;0;0;0;0;101;131;0;73;0;0;1;0;0;0;0;0;29;0;0;0;2;0
31054;2016-06;0;12;0;0;0;0;0;0;17;0;0;0;0;0;0;0;0;0;0;0;0;0;1;0;0;0;0;0;0;68;50;0;28;0;0;0;0;1;0;0;0;69;0;0;0;0;0
31055;2016-06;0;0;0;0;0;0;0;0;43;0;0;0;0;0;0;0;0;0;0;0;3;0;2;0;0;0;0;0;0;50;21;0;10;0;0;0;0;1;0;0;0;40;0;0;0;0;0
31056;2016-06;0;6;0;0;0;0;0;0;3;0;0;0;0;0;0;0;0;0;0;0;0;0;5;0;0;0;0;0;0;35;43;0;14;0;0;0;0;0;0;0;0;14;0;0;0;0;0
31057;2016-06;0;88;0;0;0;0;0;0;5;0;0;0;0;0;0;0;0;0;0;0;14;0;3;0;0;0;0;0;0;225;518;0;398;0;0;4;0;0;0;0;0;2;0;0;0;1;0
31058;2016-06;0;7;0;0;0;0;0;0;22;0;0;0;0;0;0;0;0;0;0;0;2;0;0;0;0;0;0;0;0;36;44;0;9;0;0;0;0;0;0;0;0;21;0;0;0;0;0
31059;2016-06;0;4;0;0;0;0;0;0;6;0;0;0;0;0;0;0;0;0;0;0;1;0;0;0;0;0;0;0;0;38;29;0;22;0;0;0;0;0;0;0;0;30;0;0;0;0;0
31060;2016-06;0;441;0;0;0;0;0;0;366;0;0;0;0;0;0;0;0;0;0;0;33;0;122;0;0;0;0;0;0;3421;2226;0;1616;0;0;50;0;15;0;0;0;942;0;0;0;16;0
31061;2016-06;0;0;0;0;0;0;0;0;2;0;0;0;0;0;0;0;0;0;0;0;0;0;2;0;0;0;0;0;0;5;32;0;8;0;0;0;0;0;0;0;0;0;0;0;0;0;0
31062;2016-06;0;51;0;0;0;0;0;0;2;0;0;0;0;0;0;0;0;0;0;0;0;0;5;0;0;0;0;0;0;168;276;0;298;0;0;2;0;3;0;0;0;10;0;0;0;0;0
31063;2016-06;0;0;0;0;0;0;0;0;3;0;0;0;0;0;0;0;0;0;0;0;0;0;0;0;0;0;0;0;0;7;40;0;10;0;0;0;0;0;0;0;0;11;0;0;0;0;0
31064;2016-06;0;65;0;0;0;0;0;0;10;0;0;0;0;0;0;0;0;0;0;0;1;0;7;0;0;0;0;0;0;232;443;0;324;0;0;2;0;0;0;0;0;17;0;0;0;0;0
31065;2016-06;0;75;0;0;0;0;0;0;5;0;0;0;0;0;0;0;0;0;0;0;6;0;4;0;0;0;0;0;0;316;532;0;333;0;0;0;0;2;0;0;0;30;0;0;0;3;0
31066;2016-06;0;23;0;0;0;0;0;0;3;0;0;0;0;0;0;0;0;0;0;0;0;0;3;0;0;0;0;0;0;98;250;0;180;0;0;1;0;0;0;0;0;11;0;0;0;2;0
31067;2016-06;0;62;0;0;0;0;0;0;19;0;0;0;0;0;0;0;0;0;0;0;1;0;5;0;0;0;0;0;0;326;462;0;359;0;0;4;0;1;0;0;0;41;0;0;0;4;0
31068;2016-06;0;172;0;0;0;0;0;0;11;0;0;0;0;0;0;0;0;0;0;0;0;0;12;0;0;0;0;0;0;465;671;0;637;0;0;6;0;1;0;0;0;23;0;0;0;9;0
31069;2016-06;0;26;0;0;0;0;0;0;16;0;0;0;0;0;0;0;0;0;0;0;0;0;3;0;0;0;0;0;0;160;249;0;125;0;0;1;0;0;0;0;0;52;0;0;0;0;0
31070;2016-06;0;149;0;0;0;0;0;0;7;0;0;0;0;0;0;0;0;0;0;0;1;0;13;0;0;0;0;0;0;460;600;0;489;0;0;6;0;0;0;0;0;35;0;0;0;4;0
31071;2016-06;0;0;0;0;0;0;0;0;0;0;0;0;0;0;0;0;0;0;0;0;0;0;0;0;0;0;0;0;0;2;6;0;8;0;0;0;0;0;0;0;0;0;0;0;0;0;0
31072;2016-06;0;345;0;0;0;0;0;0;24;0;0;0;0;0;0;0;0;0;0;0;2;0;33;0;0;0;0;0;0;700;1501;0;983;0;0;8;0;1;0;0;0;38;0;0;0;4;0
31073;2016-06;0;9;0;0;0;0;0;0;15;0;0;0;0;0;0;0;0;0;0;0;2;0;2;0;0;0;0;0;0;50;26;0;17;0;0;1;0;0;0;0;0;84;0;0;0;0;0
31074;2016-06;0;5;0;0;0;0;0;0;12;0;0;0;0;0;0;0;0;0;0;0;0;0;4;0;0;0;0;0;0;99;59;0;29;0;0;0;0;0;0;0;0;73;0;0;0;0;0
31075;2016-06;0;0;0;0;0;0;0;0;4;0;0;0;0;0;0;0;0;0;0;0;0;0;1;0;0;0;0;0;0;33;14;0;2;0;0;0;0;1;0;0;0;8;0;0;0;0;0
31076;2016-06;0;136;0;0;0;0;0;0;96;0;0;0;0;0;0;0;0;0;0;0;1;0;11;0;0;0;0;0;0;300;1058;0;162;0;0;8;0;15;0;0;0;109;0;0;0;1;0
31077;2016-06;0;342;0;0;0;0;0;0;24;0;0;0;0;0;0;0;0;0;0;0;4;0;22;0;0;0;0;0;0;751;1598;0;1001;0;0;15;0;2;0;0;0;44;0;0;0;4;0
31078;2016-06;0;140;0;0;0;0;0;0;6;0;0;0;0;0;0;0;0;0;0;0;3;0;6;0;0;0;0;0;0;429;618;0;509;0;0;5;0;0;0;0;0;33;0;0;0;3;0
31079;2016-06;0;3;0;0;0;0;0;0;2;0;0;0;0;0;0;0;0;0;0;0;0;0;2;0;0;0;0;0;0;16;24;0;5;0;0;1;0;0;0;0;0;0;0;0;0;0;0
31080;2016-06;0;8;0;0;0;0;0;0;18;0;0;0;0;0;0;0;0;0;0;0;1;0;3;0;0;0;0;0;0;130;122;0;67;0;0;0;0;0;0;0;0;33;0;0;0;0;0
31081;2016-06;0;6;0;0;0;0;0;0;38;0;0;0;0;0;0;0;0;0;0;0;6;0;0;0;0;0;0;0;0;42;44;0;13;0;0;1;0;2;0;0;0;55;0;0;0;1;0
31082;2016-06;0;5;0;0;0;0;0;0;36;0;0;0;0;0;0;0;0;0;0;0;0;0;0;0;0;0;0;0;0;135;69;0;23;0;0;2;0;0;0;0;0;85;0;0;0;0;0
31083;2016-06;0;0;0;0;0;0;0;0;6;0;0;0;0;0;0;0;0;0;0;0;0;0;2;0;0;0;0;0;0;13;10;0;0;0;0;0;0;0;0;0;0;6;0;0;0;0;0
31084;2016-06;0;18;0;0;0;0;0;0;157;0;0;0;0;0;0;0;0;0;0;0;3;0;3;0;0;0;0;0;0;317;159;0;47;0;0;0;0;0;0;0;0;554;0;0;0;0;0
31085;2016-06;0;4;0;0;0;0;0;0;16;0;0;0;0;0;0;0;0;0;0;0;1;0;1;0;0;0;0;0;0;153;45;0;27;0;0;0;0;0;0;0;0;101;0;0;0;0;0
31086;2016-06;0;829;0;0;0;0;0;0;482;0;0;0;0;0;0;0;0;0;0;0;13;0;98;0;0;0;0;0;0;3257;2992;0;1091;0;0;44;0;31;0;0;0;674;0;0;0;20;0
31087;2016-06;0;1;0;0;0;0;0;0;12;0;0;0;0;0;0;0;0;0;0;0;0;0;0;0;0;0;0;0;0;41;25;0;14;0;0;1;0;0;0;0;0;28;0;0;0;0;0
31088;2016-06;0;319;0;0;0;0;0;0;122;0;0;0;0;0;0;0;0;0;0;0;8;0;53;0;0;0;0;0;0;1203;1172;0;664;0;0;18;0;5;0;0;0;245;0;0;0;9;0
31089;2016-06;0;9;0;0;0;0;0;0;5;0;0;0;0;0;0;0;0;0;0;0;0;0;4;0;0;0;0;0;0;36;90;0;11;0;0;1;0;2;0;0;0;5;0;0;0;6;0
31090;2016-06;0;2;0;0;0;0;0;0;25;0;0;0;0;0;0;0;0;0;0;0;0;0;0;0;0;0;0;0;0;16;20;0;6;0;0;1;0;0;0;0;0;6;0;0;0;0;0
31091;2016-06;0;7;0;0;0;0;0;0;35;0;0;0;0;0;0;0;0;0;0;0;2;0;0;0;0;0;0;0;0;53;28;0;14;0;0;1;0;1;0;0;0;75;0;0;0;0;0
31092;2016-06;0;12;0;0;0;0;0;0;47;0;0;0;0;0;0;0;0;0;0;0;1;0;0;0;0;0;0;0;0;121;122;0;39;0;0;1;0;0;0;0;0;88;0;0;0;0;0
31093;2016-06;0;2;0;0;0;0;0;0;16;0;0;0;0;0;0;0;0;0;0;0;0;0;0;0;0;0;0;0;0;43;44;0;37;0;0;0;0;1;0;0;0;43;0;0;0;0;0
31094;2016-06;0;2;0;0;0;0;0;0;0;0;0;0;0;0;0;0;0;0;0;0;0;0;2;0;0;0;0;0;0;9;46;0;19;0;0;0;0;0;0;0;0;4;0;0;0;0;0
31095;2016-06;0;0;0;0;0;0;0;0;4;0;0;0;0;0;0;0;0;0;0;0;1;0;1;0;0;0;0;0;0;12;11;0;11;0;0;1;0;1;0;0;0;16;0;0;0;0;0
31096;2016-06;0;1;0;0;0;0;0;0;1;0;0;0;0;0;0;0;0;0;0;0;2;0;0;0;0;0;0;0;0;0;44;0;18;0;0;0;0;0;0;0;0;13;0;0;0;0;0
31097;2016-06;0;386;0;0;0;0;0;0;275;0;0;0;0;0;0;0;0;0;0;0;9;0;48;0;0;0;0;0;0;1808;2471;0;1087;0;0;27;0;2;0;0;0;804;0;0;0;10;0
31098;2016-06;0;116;0;0;0;0;0;0;81;0;0;0;0;0;0;0;0;0;0;0;3;0;13;0;0;0;0;0;0;444;415;0;141;0;0;6;0;4;0;0;0;176;0;0;0;1;0
31099;2016-06;0;1;0;0;0;0;0;0;1;0;0;0;0;0;0;0;0;0;0;0;0;0;0;0;0;0;0;0;0;6;20;0;8;0;0;0;0;0;0;0;0;9;0;0;0;0;0
31100;2016-06;0;20;0;0;0;0;0;0;7;0;0;0;0;0;0;0;0;0;0;0;2;0;0;0;0;0;0;0;0;38;75;0;8;0;0;0;0;0;0;0;0;17;0;0;0;0;0
31101;2016-06;0;56;0;0;0;0;0;0;33;0;0;0;0;0;0;0;0;0;0;0;1;0;17;0;0;0;0;0;0;343;277;0;86;0;0;6;0;0;0;0;0;137;0;0;0;2;0
31102;2016-06;0;0;0;0;0;0;0;0;12;0;0;0;0;0;0;0;0;0;0;0;0;0;0;0;0;0;0;0;0;16;19;0;4;0;0;0;0;0;0;0;0;18;0;0;0;0;0
31103;2016-06;0;0;0;0;0;0;0;0;0;0;0;0;0;0;0;0;0;0;0;0;0;0;0;0;0;0;0;0;0;3;23;0;3;0;0;0;0;0;0;0;0;3;0;0;0;0;0
31104;2016-06;0;55;0;0;0;0;0;0;23;0;0;0;0;0;0;0;0;0;0;0;1;0;7;0;0;0;0;0;0;348;402;0;321;0;0;7;0;1;0;0;0;53;0;0;0;1;0
31105;2016-06;0;65;0;0;0;0;0;0;5;0;0;0;0;0;0;0;0;0;0;0;1;0;6;0;0;0;0;0;0;177;579;0;295;0;0;0;0;0;0;0;0;7;0;0;0;0;0
31106;2016-06;0;58;0;0;0;0;0;0;2;0;0;0;0;0;0;0;0;0;0;0;0;0;5;0;0;0;0;0;0;87;203;0;158;0;0;2;0;0;0;0;0;11;0;0;0;0;0
31107;2016-06;0;83;0;0;0;0;0;0;7;0;0;0;0;0;0;0;0;0;0;0;2;0;6;0;0;0;0;0;0;142;736;0;236;0;0;2;0;0;0;0;0;9;0;0;0;4;0
31108;2016-06;0;78;0;0;0;0;0;0;10;0;0;0;0;0;0;0;0;0;0;0;3;0;10;0;0;0;0;0;0;225;602;0;388;0;0;1;0;0;0;0;0;22;0;0;0;2;0
31109;2016-06;0;64;0;0;0;0;0;0;41;0;0;0;0;0;0;0;0;0;0;0;1;0;6;0;0;0;0;0;0;379;370;0;117;0;0;6;0;2;0;0;0;152;0;0;0;3;0
31110;2016-06;0;1;0;0;0;0;0;0;0;0;0;0;0;0;0;0;0;0;0;0;1;0;1;0;0;0;0;0;0;21;17;0;13;0;0;0;0;0;0;0;0;3;0;0;0;0;0
31111;2016-06;0;1;0;0;0;0;0;0;9;0;0;0;0;0;0;0;0;0;0;0;0;0;3;0;0;0;0;0;0;14;17;0;4;0;0;0;0;0;0;0;0;15;0;0;0;0;0
31112;2016-06;0;3;0;0;0;0;0;0;5;0;0;0;0;0;0;0;0;0;0;0;0;0;0;0;0;0;0;0;0;20;16;0;7;0;0;0;0;0;0;0;0;11;0;0;0;0;0
31113;2016-06;0;4;0;0;0;0;0;0;7;0;0;0;0;0;0;0;0;0;0;0;2;0;0;0;0;0;0;0;0;21;30;0;14;0;0;1;0;0;0;0;0;7;0;0;0;0;0
31114;2016-06;0;8;0;0;0;0;0;0;5;0;0;0;0;0;0;0;0;0;0;0;0;0;1;0;0;0;0;0;0;96;60;0;40;0;0;0;0;0;0;0;0;22;0;0;0;1;0
31115;2016-06;0;4;0;0;0;0;0;0;12;0;0;0;0;0;0;0;0;0;0;0;0;0;0;0;0;0;0;0;0;25;20;0;5;0;0;1;0;0;0;0;0;33;0;0;0;0;0
31116;2016-06;0;4;0;0;0;0;0;0;3;0;0;0;0;0;0;0;0;0;0;0;0;0;0;0;0;0;0;0;0;3;34;0;3;0;0;0;0;0;0;0;0;2;0;0;0;0;0
31117;2016-06;0;1;0;0;0;0;0;0;45;0;0;0;0;0;0;0;0;0;0;0;0;0;1;0;0;0;0;0;0;49;15;0;7;0;0;1;0;0;0;0;0;253;0;0;0;0;0
31118;2016-06;0;1;0;0;0;0;0;0;15;0;0;0;0;0;0;0;0;0;0;0;0;0;0;0;0;0;0;0;0;35;29;0;18;0;0;0;0;0;0;0;0;12;0;0;0;0;0
31119;2016-06;0;0;0;0;0;0;0;0;5;0;0;0;0;0;0;0;0;0;0;0;0;0;0;0;0;0;0;0;0;8;6;0;4;0;0;0;0;0;0;0;0;3;0;0;0;0;0
31120;2016-06;0;4;0;0;0;0;0;0;9;0;0;0;0;0;0;0;0;0;0;0;0;0;1;0;0;0;0;0;0;83;84;0;30;0;0;0;0;0;0;0;0;35;0;0;0;0;0
31121;2016-06;0;1;0;0;0;0;0;0;1;0;0;0;0;0;0;0;0;0;0;0;0;0;2;0;0;0;0;0;0;14;17;0;4;0;0;1;0;0;0;0;0;3;0;0;0;0;0
31122;2016-06;0;236;0;0;0;0;0;0;186;0;0;0;0;0;0;0;0;0;0;0;22;0;26;0;0;0;0;0;0;1295;817;0;424;0;0;17;0;9;0;0;0;440;0;0;0;8;0
31123;2016-06;0;12;0;0;0;0;0;0;44;0;0;0;0;0;0;0;0;0;0;0;1;0;2;0;0;0;0;0;0;91;91;0;22;0;0;5;0;1;0;0;0;87;0;0;0;0;0
31124;2016-06;0;5;0;0;0;0;0;0;4;0;0;0;0;0;0;0;0;0;0;0;0;0;7;0;0;0;0;0;0;30;79;0;9;0;0;0;0;0;0;0;0;11;0;0;0;1;0
31125;2016-06;0;16;0;0;0;0;0;0;8;0;0;0;0;0;0;0;0;0;0;0;2;0;0;0;0;0;0;0;0;50;74;0;19;0;0;2;0;0;0;0;0;16;0;0;0;0;0
31126;2016-06;0;6;0;0;0;0;0;0;16;0;0;0;0;0;0;0;0;0;0;0;0;0;0;0;0;0;0;0;0;68;43;0;16;0;0;0;0;0;0;0;0;72;0;0;0;0;0
31127;2016-06;0;3;0;0;0;0;0;0;12;0;0;0;0;0;0;0;0;0;0;0;0;0;2;0;0;0;0;0;0;19;35;0;3;0;0;0;0;0;0;0;0;19;0;0;0;2;0
31128;2016-06;0;7;0;0;0;0;0;0;15;0;0;0;0;0;0;0;0;0;0;0;2;0;1;0;0;0;0;0;0;74;72;0;38;0;0;1;0;0;0;0;0;53;0;0;0;0;0
31129;2016-06;0;1;0;0;0;0;0;0;37;0;0;0;0;0;0;0;0;0;0;0;0;0;1;0;0;0;0;0;0;38;16;0;23;0;0;0;0;0;0;0;0;118;0;0;0;0;0
31130;2016-06;0;6;0;0;0;0;0;0;19;0;0;0;0;0;0;0;0;0;0;0;1;0;0;0;0;0;0;0;0;55;60;0;17;0;0;0;0;0;0;0;0;52;0;0;0;0;0
31131;2016-06;0;55;0;0;0;0;0;0;48;0;0;0;0;0;0;0;0;0;0;0;1;0;10;0;0;0;0;0;0;152;269;0;50;0;0;1;0;0;0;0;0;45;0;0;0;0;0
31132;2016-06;0;8;0;0;0;0;0;0;2;0;0;0;0;0;0;0;0;0;0;0;0;0;1;0;0;0;0;0;0;10;49;0;11;0;0;1;0;0;0;0;0;27;0;0;0;0;0
31133;2016-06;0;2;0;0;0;0;0;0;4;0;0;0;0;0;0;0;0;0;0;0;0;0;0;0;0;0;0;0;0;3;3;0;4;0;0;0;0;0;0;0;0;12;0;0;0;0;0
31134;2016-06;0;3;0;0;0;0;0;0;9;0;0;0;0;0;0;0;0;0;0;0;0;0;0;0;0;0;0;0;0;33;45;0;17;0;0;0;0;0;0;0;0;17;0;0;0;0;0
31135;2016-06;0;10;0;0;0;0;0;0;2;0;0;0;0;0;0;0;0;0;0;0;0;0;0;0;0;0;0;0;0;4;39;0;5;0;0;1;0;1;0;0;0;0;0;0;0;2;0
31136;2016-06;0;9;0;0;0;0;0;0;17;0;0;0;0;0;0;0;0;0;0;0;0;0;2;0;0;0;0;0;0;124;61;0;28;0;0;3;0;1;0;0;0;51;0;0;0;0;0
31137;2016-06;0;7;0;0;0;0;0;0;16;0;0;0;0;0;0;0;0;0;0;0;0;0;0;0;0;0;0;0;0;27;32;0;9;0;0;1;0;0;0;0;0;10;0;0;0;1;0
31138;2016-06;0;12;0;0;0;0;0;0;99;0;0;0;0;0;0;0;0;0;0;0;1;0;7;0;0;0;0;0;0;137;64;0;46;0;0;1;0;0;0;0;0;227;0;0;0;3;0
31139;2016-06;0;6;0;0;0;0;0;0;5;0;0;0;0;0;0;0;0;0;0;0;0;0;0;0;0;0;0;0;0;24;41;0;9;0;0;0;0;0;0;0;0;10;0;0;0;0;0
31140;2016-06;0;3;0;0;0;0;0;0;12;0;0;0;0;0;0;0;0;0;0;0;0;0;0;0;0;0;0;0;0;25;28;0;3;0;0;0;0;0;0;0;0;12;0;0;0;0;0
31141;2016-06;0;1;0;0;0;0;0;0;4;0;0;0;0;0;0;0;0;0;0;0;0;0;0;0;0;0;0;0;0;16;43;0;5;0;0;0;0;0;0;0;0;0;0;0;0;0;0
31142;2016-06;0;37;0;0;0;0;0;0;16;0;0;0;0;0;0;0;0;0;0;0;2;0;3;0;0;0;0;0;0;189;383;0;209;0;0;0;0;1;0;0;0;99;0;0;0;0;0
31143;2016-06;0;2;0;0;0;0;0;0;5;0;0;0;0;0;0;0;0;0;0;0;0;0;0;0;0;0;0;0;0;9;27;0;2;0;0;0;0;0;0;0;0;7;0;0;0;1;0
31144;2016-06;0;9;0;0;0;0;0;0;38;0;0;0;0;0;0;0;0;0;0;0;0;0;1;0;0;0;0;0;0;118;91;0;35;0;0;1;0;0;0;0;0;145;0;0;0;0;0
31145;2016-06;0;6;0;0;0;0;0;0;2;0;0;0;0;0;0;0;0;0;0;0;0;0;2;0;0;0;0;0;0;11;80;0;22;0;0;0;0;0;0;0;0;1;0;0;0;0;0
31146;2016-06;0;0;0;0;0;0;0;0;0;0;0;0;0;0;0;0;0;0;0;0;0;0;0;0;0;0;0;0;0;3;17;0;5;0;0;1;0;0;0;0;0;2;0;0;0;0;0
31147;2016-06;0;4;0;0;0;0;0;0;6;0;0;0;0;0;0;0;0;0;0;0;0;0;2;0;0;0;0;0;0;20;34;0;11;0;0;0;0;0;0;0;0;3;0;0;0;0;0
31148;2016-06;0;5;0;0;0;0;0;0;3;0;0;0;0;0;0;0;0;0;0;0;0;0;0;0;0;0;0;0;0;15;18;0;20;0;0;0;0;0;0;0;0;3;0;0;0;0;0
31149;2016-06;0;14;0;0;0;0;0;0;139;0;0;0;0;0;0;0;0;0;0;0;1;0;2;0;0;0;0;0;0;378;169;0;92;0;0;2;0;1;0;0;0;635;0;0;0;0;0
31150;2016-06;0;3;0;0;0;0;0;0;7;0;0;0;0;0;0;0;0;0;0;0;0;0;0;0;0;0;0;0;0;65;31;0;14;0;0;0;0;0;0;0;0;34;0;0;0;0;0
31151;2016-06;0;4;0;0;0;0;0;0;1;0;0;0;0;0;0;0;0;0;0;0;0;0;0;0;0;0;0;0;0;16;17;0;4;0;0;0;0;0;0;0;0;3;0;0;0;0;0
31152;2016-06;0;45;0;0;0;0;0;0;17;0;0;0;0;0;0;0;0;0;0;0;4;0;3;0;0;0;0;0;0;246;356;0;177;0;0;6;0;1;0;0;0;32;0;0;0;2;0
31153;2016-06;0;50;0;0;0;0;0;0;200;0;0;0;0;0;0;0;0;0;0;0;4;0;4;0;0;0;0;0;0;441;147;0;154;0;0;5;0;0;0;0;0;370;0;0;0;0;0
31154;2016-06;0;3;0;0;0;0;0;0;15;0;0;0;0;0;0;0;0;0;0;0;1;0;0;0;0;0;0;0;0;44;24;0;11;0;0;0;0;0;0;0;0;24;0;0;0;1;0
31155;2016-06;0;14;0;0;0;0;0;0;2;0;0;0;0;0;0;0;0;0;0;0;0;0;1;0;0;0;0;0;0;41;48;0;50;0;0;2;0;0;0;0;0;5;0;0;0;2;0
31156;2016-06;0;5;0;0;0;0;0;0;12;0;0;0;0;0;0;0;0;0;0;0;1;0;0;0;0;0;0;0;0;73;40;0;25;0;0;0;0;0;0;0;0;32;0;0;0;0;0
31157;2016-06;0;167;0;0;0;0;0;0;27;0;0;0;0;0;0;0;0;0;0;0;5;0;17;0;0;0;0;0;0;565;811;0;569;0;0;1;0;2;0;0;0;78;0;0;0;2;0
31158;2016-06;0;8;0;0;0;0;0;0;9;0;0;0;0;0;0;0;0;0;0;0;0;0;0;0;0;0;0;0;0;72;51;0;10;0;0;0;0;0;0;0;0;26;0;0;0;0;0
31159;2016-06;0;28;0;0;0;0;0;0;47;0;0;0;0;0;0;0;0;0;0;0;3;0;3;0;0;0;0;0;0;265;286;0;58;0;0;0;0;0;0;0;0;135;0;0;0;2;0
31160;2016-06;0;1;0;0;0;0;0;0;3;0;0;0;0;0;0;0;0;0;0;0;0;0;1;0;0;0;0;0;0;25;37;0;11;0;0;0;0;0;0;0;0;8;0;0;0;0;0
31161;2016-06;0;6;0;0;0;0;0;0;7;0;0;0;0;0;0;0;0;0;0;0;2;0;4;0;0;0;0;0;0;103;48;0;44;0;0;4;0;1;0;0;0;38;0;0;0;0;0
31162;2016-06;0;0;0;0;0;0;0;0;1;0;0;0;0;0;0;0;0;0;0;0;0;0;0;0;0;0;0;0;0;7;8;0;11;0;0;0;0;0;0;0;0;4;0;0;0;0;0
31163;2016-06;0;80;0;0;0;0;0;0;16;0;0;0;0;0;0;0;0;0;0;0;1;0;19;0;0;0;0;0;0;272;560;0;391;0;0;4;0;1;0;0;0;26;0;0;0;0;0
31164;2016-06;0;20;0;0;0;0;0;0;0;0;0;0;0;0;0;0;0;0;0;0;0;0;3;0;0;0;0;0;0;79;173;0;136;0;0;0;0;0;0;0;0;1;0;0;0;0;0
31165;2016-06;0;105;0;0;0;0;0;0;12;0;0;0;0;0;0;0;0;0;0;0;0;0;11;0;0;0;0;0;0;454;739;0;576;0;0;5;0;1;0;0;0;26;0;0;0;1;0
31166;2016-06;0;9;0;0;0;0;0;0;6;0;0;0;0;0;0;0;0;0;0;0;0;0;0;0;0;0;0;0;0;39;100;0;16;0;0;0;0;0;0;0;0;10;0;0;0;0;0
31167;2016-06;0;34;0;0;0;0;0;0;24;0;0;0;0;0;0;0;0;0;0;0;2;0;6;0;0;0;0;0;0;183;211;0;67;0;0;6;0;1;0;0;0;52;0;0;0;1;0
31168;2016-06;0;9;0;0;0;0;0;0;11;0;0;0;0;0;0;0;0;0;0;0;0;0;2;0;0;0;0;0;0;38;72;0;18;0;0;0;0;0;0;0;0;20;0;0;0;0;0
31169;2016-06;0;52;0;0;0;0;0;0;6;0;0;0;0;0;0;0;0;0;0;0;2;0;3;0;0;0;0;0;0;231;597;0;527;0;0;1;0;0;0;0;0;17;0;0;0;0;0
31170;2016-06;0;2;0;0;0;0;0;0;3;0;0;0;0;0;0;0;0;0;0;0;0;0;0;0;0;0;0;0;0;12;12;0;4;0;0;1;0;0;0;0;0;5;0;0;0;0;0
31171;2016-06;0;10;0;0;0;0;0;0;7;0;0;0;0;0;0;0;0;0;0;0;0;0;0;0;0;0;0;0;0;170;115;0;154;0;0;1;0;2;0;0;0;17;0;0;0;2;0
31172;2016-06;0;29;0;0;0;0;0;0;9;0;0;0;0;0;0;0;0;0;0;0;1;0;4;0;0;0;0;0;0;71;100;0;26;0;0;5;0;2;0;0;0;22;0;0;0;0;0
31173;2016-06;0;21;0;0;0;0;0;0;1;0;0;0;0;0;0;0;0;0;0;0;0;0;5;0;0;0;0;0;0;95;322;0;217;0;0;0;0;0;0;0;0;2;0;0;0;1;0
31174;2016-06;0;3;0;0;0;0;0;0;2;0;0;0;0;0;0;0;0;0;0;0;0;0;0;0;0;0;0;0;0;19;24;0;9;0;0;0;0;0;0;0;0;6;0;0;0;0;0
31175;2016-06;0;0;0;0;0;0;0;0;3;0;0;0;0;0;0;0;0;0;0;0;0;0;0;0;0;0;0;0;0;11;23;0;8;0;0;0;0;0;0;0;0;3;0;0;0;0;0
31176;2016-06;0;187;0;0;0;0;0;0;5;0;0;0;0;0;0;0;0;0;0;0;1;0;25;0;0;0;0;0;0;407;722;0;536;0;0;15;0;0;0;0;0;29;0;0;0;3;0
31177;2016-06;0;6;0;0;0;0;0;0;8;0;0;0;0;0;0;0;0;0;0;0;1;0;2;0;0;0;0;0;0;52;56;0;31;0;0;1;0;0;0;0;0;7;0;0;0;0;0
31178;2016-06;0;13;0;0;0;0;0;0;6;0;0;0;0;0;0;0;0;0;0;0;0;0;1;0;0;0;0;0;0;84;110;0;119;0;0;2;0;1;0;0;0;2;0;0;0;1;0
31179;2016-06;0;24;0;0;0;0;0;0;4;0;0;0;0;0;0;0;0;0;0;0;0;0;0;0;0;0;0;0;0;66;139;0;101;0;0;0;0;0;0;0;0;11;0;0;0;0;0
31180;2016-06;0;12;0;0;0;0;0;0;5;0;0;0;0;0;0;0;0;0;0;0;2;0;0;0;0;0;0;0;0;43;59;0;17;0;0;0;0;0;0;0;0;11;0;0;0;0;0
31181;2016-06;0;1;0;0;0;0;0;0;4;0;0;0;0;0;0;0;0;0;0;0;1;0;0;0;0;0;0;0;0;12;39;0;15;0;0;0;0;0;0;0;0;40;0;0;0;0;0
31182;2016-06;0;1;0;0;0;0;0;0;0;0;0;0;0;0;0;0;0;0;0;0;0;0;0;0;0;0;0;0;0;10;11;0;4;0;0;0;0;0;0;0;0;2;0;0;0;0;0
31183;2016-06;0;36;0;0;0;0;0;0;37;0;0;0;0;0;0;0;0;0;0;0;1;0;5;0;0;0;0;0;0;139;204;0;61;0;0;2;0;0;0;0;0;53;0;0;0;0;0
31184;2016-06;0;3;0;0;0;0;0;0;3;0;0;0;0;0;0;0;0;0;0;0;0;0;0;0;0;0;0;0;0;6;16;0;0;0;0;0;0;0;0;0;0;13;0;0;0;0;0
31185;2016-06;0;11;0;0;0;0;0;0;35;0;0;0;0;0;0;0;0;0;0;0;4;0;0;0;0;0;0;0;0;58;127;0;28;0;0;0;0;0;0;0;0;76;0;0;0;1;0
31186;2016-06;0;8;0;0;0;0;0;0;14;0;0;0;0;0;0;0;0;0;0;0;1;0;2;0;0;0;0;0;0;62;37;0;13;0;0;1;0;1;0;0;0;51;0;0;0;1;0
31187;2016-06;0;0;0;0;0;0;0;0;12;0;0;0;0;0;0;0;0;0;0;0;0;0;0;0;0;0;0;0;0;18;12;0;5;0;0;0;0;0;0;0;0;15;0;0;0;0;0
31188;2016-06;0;4;0;0;0;0;0;0;12;0;0;0;0;0;0;0;0;0;0;0;1;0;4;0;0;0;0;0;0;51;51;0;12;0;0;0;0;0;0;0;0;24;0;0;0;0;0
31189;2016-06;0;15;0;0;0;0;0;0;58;0;0;0;0;0;0;0;0;0;0;0;0;0;5;0;0;0;0;0;0;203;110;0;109;0;0;1;0;0;0;0;0;202;0;0;0;0;0
31190;2016-06;0;0;0;0;0;0;0;0;2;0;0;0;0;0;0;0;0;0;0;0;0;0;0;0;0;0;0;0;0;2;15;0;6;0;0;0;0;0;0;0;0;5;0;0;0;0;0
31191;2016-06;0;138;0;0;0;0;0;0;76;0;0;0;0;0;0;0;0;0;0;0;3;0;17;0;0;0;0;0;0;636;694;0;475;0;0;9;0;1;0;0;0;66;0;0;0;10;0
31192;2016-06;0;5;0;0;0;0;0;0;6;0;0;0;0;0;0;0;0;0;0;0;0;0;0;0;0;0;0;0;0;56;42;0;8;0;0;0;0;0;0;0;0;7;0;0;0;0;0
31193;2016-06;0;42;0;0;0;0;0;0;55;0;0;0;0;0;0;0;0;0;0;0;1;0;3;0;0;0;0;0;0;347;302;0;104;0;0;2;0;2;0;0;0;142;0;0;0;0;0
31194;2016-06;0;9;0;0;0;0;0;0;24;0;0;0;0;0;0;0;0;0;0;0;0;0;0;0;0;0;0;0;0;72;54;0;19;0;0;0;0;0;0;0;0;35;0;0;0;0;0
31195;2016-06;0;2;0;0;0;0;0;0;17;0;0;0;0;0;0;0;0;0;0;0;0;0;0;0;0;0;0;0;0;33;27;0;8;0;0;0;0;1;0;0;0;40;0;0;0;0;0
31196;2016-06;0;2;0;0;0;0;0;0;0;0;0;0;0;0;0;0;0;0;0;0;0;0;0;0;0;0;0;0;0;12;10;0;3;0;0;0;0;0;0;0;0;7;0;0;0;0;0
31197;2016-06;0;3;0;0;0;0;0;0;1;0;0;0;0;0;0;0;0;0;0;0;0;0;0;0;0;0;0;0;0;15;15;0;14;0;0;0;0;0;0;0;0;6;0;0;0;0;0
31198;2016-06;0;1;0;0;0;0;0;0;1;0;0;0;0;0;0;0;0;0;0;0;0;0;0;0;0;0;0;0;0;9;3;0;1;0;0;0;0;0;0;0;0;10;0;0;0;0;0
31199;2016-06;0;0;0;0;0;0;0;0;13;0;0;0;0;0;0;0;0;0;0;0;0;0;0;0;0;0;0;0;0;12;32;0;7;0;0;0;0;0;0;0;0;22;0;0;0;0;0
31200;2016-06;0;17;0;0;0;0;0;0;14;0;0;0;0;0;0;0;0;0;0;0;0;0;2;0;0;0;0;0;0;171;104;0;120;0;0;1;0;0;0;0;0;76;0;0;0;0;0
31201;2016-06;0;5879;0;0;0;0;0;0;5045;0;0;0;0;0;0;0;0;0;0;0;149;0;814;0;0;0;0;0;0;29417;36344;0;15644;0;0;303;0;277;0;0;0;9576;0;0;0;203;0
31202;2016-06;0;211;0;0;0;0;0;0;27;0;0;0;0;0;0;0;0;0;0;0;1;0;14;0;0;0;0;0;0;749;1168;0;553;0;0;7;0;1;0;0;0;36;0;0;0;5;0
31203;2016-06;0;0;0;0;0;0;0;0;2;0;0;0;0;0;0;0;0;0;0;0;0;0;0;0;0;0;0;0;0;2;10;0;11;0;0;0;0;0;0;0;0;3;0;0;0;0;0
31204;2016-06;0;1;0;0;0;0;0;0;1;0;0;0;0;0;0;0;0;0;0;0;0;0;0;0;0;0;0;0;0;4;18;0;2;0;0;0;0;0;0;0;0;1;0;0;0;0;0
31205;2016-06;0;10;0;0;0;0;0;0;2;0;0;0;0;0;0;0;0;0;0;0;0;0;3;0;0;0;0;0;0;82;87;0;99;0;0;1;0;0;0;0;0;9;0;0;0;0;0
31206;2016-06;0;70;0;0;0;0;0;0;62;0;0;0;0;0;0;0;0;0;0;0;3;0;14;0;0;0;0;0;0;399;465;0;176;0;0;11;0;2;0;0;0;213;0;0;0;3;0
31207;2016-06;0;1;0;0;0;0;0;0;8;0;0;0;0;0;0;0;0;0;0;0;0;0;1;0;0;0;0;0;0;46;48;0;16;0;0;0;0;0;0;0;0;55;0;0;0;0;0
31208;2016-06;0;143;0;0;0;0;0;0;27;0;0;0;0;0;0;0;0;0;0;0;1;0;7;0;0;0;0;0;0;475;506;0;724;0;0;3;0;1;0;0;0;14;0;0;0;3;0
31209;2016-06;0;1;0;0;0;0;0;0;2;0;0;0;0;0;0;0;0;0;0;0;0;0;3;0;0;0;0;0;0;54;29;0;7;0;0;1;0;0;0;0;0;9;0;0;0;0;0
31210;2016-06;0;4;0;0;0;0;0;0;20;0;0;0;0;0;0;0;0;0;0;0;0;0;1;0;0;0;0;0;0;24;45;0;23;0;0;2;0;1;0;0;0;30;0;0;0;0;0
31211;2016-06;0;2;0;0;0;0;0;0;1;0;0;0;0;0;0;0;0;0;0;0;0;0;0;0;0;0;0;0;0;0;11;0;0;0;0;0;0;0;0;0;0;0;0;0;0;0;0
31212;2016-06;0;5;0;0;0;0;0;0;2;0;0;0;0;0;0;0;0;0;0;0;0;0;1;0;0;0;0;0;0;18;57;0;14;0;0;0;0;0;0;0;0;1;0;0;0;0;0
31213;2016-06;0;1;0;0;0;0;0;0;10;0;0;0;0;0;0;0;0;0;0;0;0;0;0;0;0;0;0;0;0;17;8;0;2;0;0;0;0;0;0;0;0;14;0;0;0;0;0
31214;2016-06;0;1;0;0;0;0;0;0;10;0;0;0;0;0;0;0;0;0;0;0;0;0;1;0;0;0;0;0;0;15;14;0;8;0;0;0;0;0;0;0;0;12;0;0;0;0;0
31215;2016-06;0;322;0;0;0;0;0;0;22;0;0;0;0;0;0;0;0;0;0;0;3;0;30;0;0;0;0;0;0;558;1219;0;1003;0;0;6;0;2;0;0;0;28;0;0;0;11;0
31216;2016-06;0;172;0;0;0;0;0;0;63;0;0;0;0;0;0;0;0;0;0;0;9;0;27;0;0;0;0;0;0;830;842;0;509;0;0;10;0;2;0;0;0;172;0;0;0;2;0
31217;2016-06;0;4;0;0;0;0;0;0;5;0;0;0;0;0;0;0;0;0;0;0;1;0;1;0;0;0;0;0;0;55;106;0;37;0;0;1;0;0;0;0;0;12;0;0;0;0;0
31219;2016-06;0;5;0;0;0;0;0;0;0;0;0;0;0;0;0;0;0;0;0;0;0;0;1;0;0;0;0;0;0;17;25;0;16;0;0;1;0;0;0;0;0;0;0;0;0;1;0
31220;2016-06;0;33;0;0;0;0;0;0;2;0;0;0;0;0;0;0;0;0;0;0;2;0;2;0;0;0;0;0;0;102;261;0;158;0;0;2;0;1;0;0;0;7;0;0;0;1;0
31221;2016-06;0;39;0;0;0;0;0;0;82;0;0;0;0;0;0;0;0;0;0;0;1;0;5;0;0;0;0;0;0;216;167;0;93;0;0;2;0;2;0;0;0;167;0;0;0;0;0
31222;2016-06;0;0;0;0;0;0;0;0;5;0;0;0;0;0;0;0;0;0;0;0;0;0;0;0;0;0;0;0;0;11;1;0;7;0;0;0;0;1;0;0;0;6;0;0;0;0;0
31223;2016-06;0;46;0;0;0;0;0;0;11;0;0;0;0;0;0;0;0;0;0;0;0;0;7;0;0;0;0;0;0;161;199;0;170;0;0;1;0;0;0;0;0;99;0;0;0;0;0
31224;2016-06;0;23;0;0;0;0;0;0;11;0;0;0;0;0;0;0;0;0;0;0;1;0;1;0;0;0;0;0;0;110;294;0;207;0;0;0;0;0;0;0;0;12;0;0;0;0;0
31225;2016-06;0;6;0;0;0;0;0;0;1;0;0;0;0;0;0;0;0;0;0;0;0;0;0;0;0;0;0;0;0;6;6;0;7;0;0;0;0;0;0;0;0;1;0;0;0;0;0
31226;2016-06;0;7;0;0;0;0;0;0;42;0;0;0;0;0;0;0;0;0;0;0;1;0;1;0;0;0;0;0;0;113;32;0;31;0;0;1;0;0;0;0;0;110;0;0;0;0;0
31227;2016-06;0;263;0;0;0;0;0;0;154;0;0;0;0;0;0;0;0;0;0;0;12;0;38;0;0;0;0;0;0;2012;1369;0;1130;0;0;17;0;3;0;0;0;724;0;0;0;11;0
31228;2016-06;0;34;0;0;0;0;0;0;11;0;0;0;0;0;0;0;0;0;0;0;0;0;2;0;0;0;0;0;0;105;107;0;60;0;0;3;0;1;0;0;0;12;0;0;0;0;0
31229;2016-06;0;3;0;0;0;0;0;0;1;0;0;0;0;0;0;0;0;0;0;0;0;0;0;0;0;0;0;0;0;9;14;0;3;0;0;0;0;0;0;0;0;5;0;0;0;0;0
31230;2016-06;0;3;0;0;0;0;0;0;5;0;0;0;0;0;0;0;0;0;0;0;0;0;3;0;0;0;0;0;0;18;28;0;18;0;0;0;0;0;0;0;0;5;0;0;0;1;0
31231;2016-06;0;8;0;0;0;0;0;0;0;0;0;0;0;0;0;0;0;0;0;0;2;0;0;0;0;0;0;0;0;6;35;0;16;0;0;1;0;0;0;0;0;4;0;0;0;0;0
31232;2016-06;0;1788;0;0;0;0;0;0;164;0;0;0;0;0;0;0;0;0;0;0;14;0;204;0;0;0;0;0;0;4179;6683;0;3765;0;0;54;0;18;0;0;0;333;0;0;0;52;0
31233;2016-06;0;12;0;0;0;0;0;0;1;0;0;0;0;0;0;0;0;0;0;0;0;0;0;0;0;0;0;0;0;9;36;0;16;0;0;0;0;0;0;0;0;0;0;0;0;0;0
31234;2016-06;0;5;0;0;0;0;0;0;3;0;0;0;0;0;0;0;0;0;0;0;0;0;0;0;0;0;0;0;0;28;40;0;16;0;0;1;0;0;0;0;0;8;0;0;0;1;0
31235;2016-06;0;4;0;0;0;0;0;0;3;0;0;0;0;0;0;0;0;0;0;0;1;0;0;0;0;0;0;0;0;28;33;0;22;0;0;0;0;0;0;0;0;22;0;0;0;0;0
31236;2016-06;0;35;0;0;0;0;0;0;78;0;0;0;0;0;0;0;0;0;0;0;2;0;3;0;0;0;0;0;0;247;280;0;57;0;0;1;0;1;0;0;0;145;0;0;0;0;0
31237;2016-06;0;6;0;0;0;0;0;0;9;0;0;0;0;0;0;0;0;0;0;0;1;0;2;0;0;0;0;0;0;44;58;0;23;0;0;2;0;0;0;0;0;6;0;0;0;0;0
31238;2016-06;0;7;0;0;0;0;0;0;3;0;0;0;0;0;0;0;0;0;0;0;1;0;0;0;0;0;0;0;0;34;17;0;18;0;0;1;0;0;0;0;0;12;0;0;0;0;0
31239;2016-06;0;7;0;0;0;0;0;0;31;0;0;0;0;0;0;0;0;0;0;0;0;0;0;0;0;0;0;0;0;36;84;0;10;0;0;0;0;0;0;0;0;38;0;0;0;0;0
31240;2016-06;0;5;0;0;0;0;0;0;54;0;0;0;0;0;0;0;0;0;0;0;0;0;0;0;0;0;0;0;0;93;35;0;15;0;0;1;0;1;0;0;0;119;0;0;0;1;0
31241;2016-06;0;6;0;0;0;0;0;0;6;0;0;0;0;0;0;0;0;0;0;0;0;0;2;0;0;0;0;0;0;20;40;0;12;0;0;0;0;0;0;0;0;10;0;0;0;0;0
31242;2016-06;0;5;0;0;0;0;0;0;8;0;0;0;0;0;0;0;0;0;0;0;0;0;1;0;0;0;0;0;0;55;57;0;16;0;0;0;0;0;0;0;0;19;0;0;0;1;0
31243;2016-06;0;15;0;0;0;0;0;0;7;0;0;0;0;0;0;0;0;0;0;0;0;0;1;0;0;0;0;0;0;80;58;0;22;0;0;1;0;0;0;0;0;35;0;0;0;0;0
31244;2016-06;0;3;0;0;0;0;0;0;25;0;0;0;0;0;0;0;0;0;0;0;1;0;0;0;0;0;0;0;0;11;23;0;9;0;0;0;0;0;0;0;0;12;0;0;0;1;0
31245;2016-06;0;1;0;0;0;0;0;0;8;0;0;0;0;0;0;0;0;0;0;0;2;0;0;0;0;0;0;0;0;9;21;0;1;0;0;0;0;0;0;0;0;11;0;0;0;0;0
31246;2016-06;0;7;0;0;0;0;0;0;7;0;0;0;0;0;0;0;0;0;0;0;0;0;2;0;0;0;0;0;0;27;33;0;19;0;0;0;0;2;0;0;0;9;0;0;0;0;0
31247;2016-06;0;1;0;0;0;0;0;0;14;0;0;0;0;0;0;0;0;0;0;0;0;0;1;0;0;0;0;0;0;18;37;0;8;0;0;0;0;0;0;0;0;34;0;0;0;0;0
31248;2016-06;0;8;0;0;0;0;0;0;14;0;0;0;0;0;0;0;0;0;0;0;0;0;2;0;0;0;0;0;0;25;59;0;25;0;0;1;0;0;0;0;0;27;0;0;0;1;0
31249;2016-06;0;65;0;0;0;0;0;0;8;0;0;0;0;0;0;0;0;0;0;0;2;0;3;0;0;0;0;0;0;260;416;0;483;0;0;3;0;0;0;0;0;19;0;0;0;0;0
31250;2016-06;0;92;0;0;0;0;0;0;188;0;0;0;0;0;0;0;0;0;0;0;3;0;4;0;0;0;0;0;0;670;225;0;183;0;0;5;0;2;0;0;0;379;0;0;0;0;0
31251;2016-06;0;159;0;0;0;0;0;0;81;0;0;0;0;0;0;0;0;0;0;0;3;0;22;0;0;0;0;0;0;592;743;0;480;0;0;5;0;1;0;0;0;102;0;0;0;2;0
31252;2016-06;0;4;0;0;0;0;0;0;3;0;0;0;0;0;0;0;0;0;0;0;0;0;1;0;0;0;0;0;0;16;21;0;0;0;0;0;0;0;0;0;0;16;0;0;0;0;0
31253;2016-06;0;0;0;0;0;0;0;0;7;0;0;0;0;0;0;0;0;0;0;0;0;0;0;0;0;0;0;0;0;42;8;0;12;0;0;0;0;0;0;0;0;40;0;0;0;0;0
31254;2016-06;0;76;0;0;0;0;0;0;22;0;0;0;0;0;0;0;0;0;0;0;2;0;8;0;0;0;0;0;0;322;485;0;431;0;0;8;0;2;0;0;0;52;0;0;0;0;0
31255;2016-06;0;2;0;0;0;0;0;0;2;0;0;0;0;0;0;0;0;0;0;0;0;0;1;0;0;0;0;0;0;15;37;0;17;0;0;0;0;0;0;0;0;4;0;0;0;0;0
31256;2016-06;0;1;0;0;0;0;0;0;10;0;0;0;0;0;0;0;0;0;0;0;0;0;0;0;0;0;0;0;0;9;16;0;3;0;0;0;0;0;0;0;0;20;0;0;0;0;0
31257;2016-06;0;46;0;0;0;0;0;0;20;0;0;0;0;0;0;0;0;0;0;0;1;0;11;0;0;0;0;0;0;190;176;0;115;0;0;5;0;0;0;0;0;52;0;0;0;1;0
31258;2016-06;0;263;0;0;0;0;0;0;335;0;0;0;0;0;0;0;0;0;0;0;13;0;48;0;0;0;0;0;0;2075;1128;0;784;0;0;23;0;5;0;0;0;933;0;0;0;9;0
31259;2016-06;0;6;0;0;0;0;0;0;58;0;0;0;0;0;0;0;0;0;0;0;0;0;3;0;0;0;0;0;0;79;35;0;27;0;0;0;0;0;0;0;0;76;0;0;0;0;0
31260;2016-06;0;31;0;0;0;0;0;0;36;0;0;0;0;0;0;0;0;0;0;0;0;0;5;0;0;0;0;0;0;208;295;0;84;0;0;4;0;0;0;0;0;112;0;0;0;1;0
31261;2016-06;0;14;0;0;0;0;0;0;6;0;0;0;0;0;0;0;0;0;0;0;0;0;2;0;0;0;0;0;0;41;69;0;31;0;0;0;0;0;0;0;0;3;0;0;0;0;0
31262;2016-06;0;4;0;0;0;0;0;0;12;0;0;0;0;0;0;0;0;0;0;0;1;0;2;0;0;0;0;0;0;78;45;0;13;0;0;0;0;0;0;0;0;18;0;0;0;0;0
31263;2016-06;0;0;0;0;0;0;0;0;17;0;0;0;0;0;0;0;0;0;0;0;0;0;0;0;0;0;0;0;0;40;14;0;6;0;0;1;0;1;0;0;0;56;0;0;0;0;0
31264;2016-06;0;2;0;0;0;0;0;0;7;0;0;0;0;0;0;0;0;0;0;0;0;0;0;0;0;0;0;0;0;29;24;0;6;0;0;0;0;0;0;0;0;30;0;0;0;1;0
31265;2016-06;0;2;0;0;0;0;0;0;7;0;0;0;0;0;0;0;0;0;0;0;0;0;0;0;0;0;0;0;0;14;16;0;4;0;0;1;0;0;0;0;0;7;0;0;0;0;0
31901;2016-06;0;667;0;0;0;0;0;0;475;0;0;0;0;0;0;0;0;0;0;0;20;0;110;0;0;0;0;0;0;3647;3081;0;1997;0;0;31;0;9;0;0;0;862;0;0;0;19;0
31902;2016-06;0;328;0;0;0;0;0;0;155;0;0;0;0;0;0;0;0;0;0;0;0;0;38;0;0;0;0;0;0;1020;842;0;369;0;0;13;0;4;0;0;0;263;0;0;0;4;0
31903;2016-06;0;273;0;0;0;0;0;0;88;0;0;0;0;0;0;0;0;0;0;0;7;0;69;0;0;0;0;0;0;1570;764;0;910;0;0;18;0;7;0;0;0;609;0;0;0;1;0
31904;2016-06;0;40;0;0;0;0;0;0;43;0;0;0;0;0;0;0;0;0;0;0;1;0;13;0;0;0;0;0;0;318;224;0;146;0;0;0;0;1;0;0;0;212;0;0;0;1;0
31905;2016-06;0;145;0;0;0;0;0;0;25;0;0;0;0;0;0;0;0;0;0;0;1;0;38;0;0;0;0;0;0;703;521;0;429;0;0;9;0;7;0;0;0;68;0;0;0;5;0
31906;2016-06;0;122;0;0;0;0;0;0;50;0;0;0;0;0;0;0;0;0;0;0;6;0;18;0;0;0;0;0;0;680;440;0;289;0;0;9;0;5;0;0;0;130;0;0;0;4;0
31907;2016-06;0;622;0;0;0;0;0;0;477;0;0;0;0;0;0;0;0;0;0;0;10;0;91;0;0;0;0;0;0;2719;2165;0;1073;0;0;38;0;15;0;0;0;666;0;0;0;17;0
31908;2016-06;0;37;0;0;0;0;0;0;93;0;0;0;0;0;0;0;0;0;0;0;1;0;4;0;0;0;0;0;0;260;110;0;56;0;0;1;0;0;0;0;0;118;0;0;0;0;0
32001;2016-06;0;204;0;0;0;0;0;0;0;0;0;0;0;0;0;0;0;0;0;0;0;0;34;0;4;0;0;0;729;0;1848;0;595;0;0;4;0;0;0;0;0;0;0;0;0;0;0
32002;2016-06;0;84;0;0;0;0;0;0;0;0;0;0;0;0;0;0;0;0;0;0;0;0;7;0;4;0;0;0;175;0;694;0;417;0;0;1;0;0;0;0;0;0;0;0;0;0;0
32003;2016-06;0;25;0;0;0;0;0;0;0;0;0;0;0;0;0;0;0;0;0;0;0;0;5;0;3;0;0;0;84;0;394;0;131;0;0;2;0;0;0;0;0;0;0;0;0;0;0
32004;2016-06;0;25;0;0;0;0;0;0;0;0;0;0;0;0;0;0;0;0;0;0;0;0;5;0;0;0;0;0;30;0;907;0;51;0;0;1;0;0;0;0;0;0;0;0;0;0;0
32005;2016-06;0;31;0;0;0;0;0;0;0;0;0;0;0;0;0;0;0;0;0;0;0;0;2;0;0;0;0;0;47;0;451;0;111;0;0;1;0;0;0;0;0;0;0;0;0;0;0
32006;2016-06;0;56;0;0;0;0;0;0;0;0;0;0;0;0;0;0;0;0;0;0;0;0;4;0;1;0;0;0;101;0;733;0;184;0;0;1;0;0;0;0;0;0;0;0;0;0;0
32007;2016-06;0;49;0;0;0;0;0;0;0;0;0;0;0;0;0;0;0;0;0;0;0;0;6;0;2;0;0;0;104;0;647;0;212;0;0;0;0;0;0;0;0;0;0;0;0;0;0
32008;2016-06;0;607;0;0;0;0;0;0;0;0;0;0;0;0;0;0;0;0;0;0;0;0;68;0;9;0;0;0;1091;0;2349;0;1305;0;0;22;0;0;0;0;0;0;0;0;0;0;0
32009;2016-06;0;550;0;0;0;0;0;0;0;0;0;0;0;0;0;0;0;0;0;0;0;0;75;0;7;0;0;0;1070;0;3465;0;1996;0;0;16;0;0;0;0;0;0;0;0;0;0;0
32010;2016-06;0;7;0;0;0;0;0;0;0;0;0;0;0;0;0;0;0;0;0;0;0;0;1;0;2;0;0;0;36;0;186;0;64;0;0;0;0;0;0;0;0;0;0;0;0;0;0
32011;2016-06;0;12;0;0;0;0;0;0;0;0;0;0;0;0;0;0;0;0;0;0;0;0;1;0;0;0;0;0;26;0;536;0;36;0;0;1;0;0;0;0;0;0;0;0;0;0;0
32012;2016-06;0;30;0;0;0;0;0;0;0;0;0;0;0;0;0;0;0;0;0;0;0;0;2;0;2;0;0;0;70;0;269;0;121;0;0;1;0;0;0;0;0;0;0;0;0;0;0
32013;2016-06;0;91;0;0;0;0;0;0;0;0;0;0;0;0;0;0;0;0;0;0;0;0;11;0;4;0;0;0;100;0;987;0;221;0;0;3;0;0;0;0;0;0;0;0;0;0;0
32014;2016-06;0;39;0;0;0;0;0;0;0;0;0;0;0;0;0;0;0;0;0;0;0;0;1;0;1;0;0;0;87;0;561;0;139;0;0;0;0;0;0;0;0;0;0;0;0;0;0
32015;2016-06;0;25;0;0;0;0;0;0;0;0;0;0;0;0;0;0;0;0;0;0;0;0;0;0;2;0;0;0;51;0;398;0;93;0;0;0;0;0;0;0;0;0;0;0;0;0;0
32016;2016-06;0;14;0;0;0;0;0;0;0;0;0;0;0;0;0;0;0;0;0;0;0;0;5;0;0;0;0;0;24;0;244;0;254;0;0;0;0;0;0;0;0;0;0;0;0;0;0
32017;2016-06;0;43;0;0;0;0;0;0;0;0;0;0;0;0;0;0;0;0;0;0;0;0;3;0;2;0;0;0;58;0;543;0;200;0;0;2;0;0;0;0;0;0;0;0;0;0;0
32018;2016-06;0;48;0;0;0;0;0;0;0;0;0;0;0;0;0;0;0;0;0;0;0;0;3;0;1;0;0;0;129;0;372;0;399;0;0;1;0;0;0;0;0;0;0;0;0;0;0
32019;2016-06;0;568;0;0;0;0;0;0;0;0;0;0;0;0;0;0;0;0;0;0;0;0;77;0;11;0;0;0;1080;0;4371;0;1681;0;0;17;0;0;0;0;0;0;0;0;0;0;0
32020;2016-06;0;44;0;0;0;0;0;0;0;0;0;0;0;0;0;0;0;0;0;0;0;0;9;0;2;0;0;0;208;0;1225;0;406;0;0;0;0;0;0;0;0;0;0;0;0;0;0
32021;2016-06;0;22;0;0;0;0;0;0;0;0;0;0;0;0;0;0;0;0;0;0;0;0;4;0;4;0;0;0;85;0;279;0;231;0;0;0;0;0;0;0;0;0;0;0;0;0;0
32022;2016-06;0;34;0;0;0;0;0;0;0;0;0;0;0;0;0;0;0;0;0;0;0;0;4;0;0;0;0;0;103;0;491;0;243;0;0;0;0;0;0;0;0;0;0;0;0;0;0
32023;2016-06;0;33;0;0;0;0;0;0;0;0;0;0;0;0;0;0;0;0;0;0;0;0;7;0;0;0;0;0;112;0;433;0;259;0;0;1;0;0;0;0;0;0;0;0;0;0;0
32024;2016-06;0;244;0;0;0;0;0;0;0;0;0;0;0;0;0;0;0;0;0;0;0;0;21;0;5;0;0;0;401;0;1859;0;683;0;0;7;0;0;0;0;0;0;0;0;0;0;0
32025;2016-06;0;40;0;0;0;0;0;0;0;0;0;0;0;0;0;0;0;0;0;0;0;0;7;0;2;0;0;0;104;0;469;0;153;0;0;1;0;0;0;0;0;0;0;0;0;0;0
32026;2016-06;0;141;0;0;0;0;0;0;0;0;0;0;0;0;0;0;0;0;0;0;0;0;17;0;4;0;0;0;314;0;828;0;567;0;0;3;0;0;0;0;0;0;0;0;0;0;0
32027;2016-06;0;36;0;0;0;0;0;0;0;0;0;0;0;0;0;0;0;0;0;0;0;0;8;0;1;0;0;0;73;0;440;0;187;0;0;2;0;0;0;0;0;0;0;0;0;0;0
32028;2016-06;0;59;0;0;0;0;0;0;0;0;0;0;0;0;0;0;0;0;0;0;0;0;3;0;3;0;0;0;87;0;869;0;152;0;0;0;0;0;0;0;0;0;0;0;0;0;0
32029;2016-06;0;13;0;0;0;0;0;0;0;0;0;0;0;0;0;0;0;0;0;0;0;0;0;0;2;0;0;0;29;0;251;0;51;0;0;2;0;0;0;0;0;0;0;0;0;0;0
32030;2016-06;0;18;0;0;0;0;0;0;0;0;0;0;0;0;0;0;0;0;0;0;0;0;1;0;0;0;0;0;78;0;263;0;363;0;0;0;0;0;0;0;0;0;0;0;0;0;0
32031;2016-06;0;46;0;0;0;0;0;0;0;0;0;0;0;0;0;0;0;0;0;0;0;0;8;0;1;0;0;0;73;0;530;0;132;0;0;1;0;0;0;0;0;0;0;0;0;0;0
32032;2016-06;0;393;0;0;0;0;0;0;0;0;0;0;0;0;0;0;0;0;0;0;0;0;19;0;5;0;0;0;879;0;3163;0;1073;0;0;18;0;0;0;0;0;0;0;0;0;0;0
32033;2016-06;0;17;0;0;0;0;0;0;0;0;0;0;0;0;0;0;0;0;0;0;0;0;4;0;0;0;0;0;47;0;310;0;94;0;0;1;0;0;0;0;0;0;0;0;0;0;0
32034;2016-06;0;18;0;0;0;0;0;0;0;0;0;0;0;0;0;0;0;0;0;0;0;0;9;0;0;0;0;0;91;0;521;0;193;0;0;2;0;0;0;0;0;0;0;0;0;0;0
32035;2016-06;0;56;0;0;0;0;0;0;0;0;0;0;0;0;0;0;0;0;0;0;0;0;3;0;1;0;0;0;83;0;648;0;146;0;0;2;0;0;0;0;0;0;0;0;0;0;0
32036;2016-06;0;64;0;0;0;0;0;0;0;0;0;0;0;0;0;0;0;0;0;0;0;0;4;0;2;0;0;0;80;0;657;0;130;0;0;2;0;0;0;0;0;0;0;0;0;0;0
32037;2016-06;0;25;0;0;0;0;0;0;0;0;0;0;0;0;0;0;0;0;0;0;0;0;2;0;0;0;0;0;43;0;335;0;97;0;0;1;0;0;0;0;0;0;0;0;0;0;0
32038;2016-06;0;11;0;0;0;0;0;0;0;0;0;0;0;0;0;0;0;0;0;0;0;0;1;0;0;0;0;0;35;0;140;0;81;0;0;1;0;0;0;0;0;0;0;0;0;0;0
32039;2016-06;0;52;0;0;0;0;0;0;0;0;0;0;0;0;0;0;0;0;0;0;0;0;5;0;2;0;0;0;100;0;615;0;161;0;0;0;0;0;0;0;0;0;0;0;0;0;0
32040;2016-06;0;43;0;0;0;0;0;0;0;0;0;0;0;0;0;0;0;0;0;0;0;0;3;0;2;0;0;0;113;0;708;0;206;0;0;2;0;0;0;0;0;0;0;0;0;0;0
32041;2016-06;0;17;0;0;0;0;0;0;0;0;0;0;0;0;0;0;0;0;0;0;0;0;2;0;1;0;0;0;56;0;329;0;106;0;0;0;0;0;0;0;0;0;0;0;0;0;0
32042;2016-06;0;57;0;0;0;0;0;0;0;0;0;0;0;0;0;0;0;0;0;0;0;0;9;0;2;0;0;0;115;0;643;0;242;0;0;1;0;0;0;0;0;0;0;0;0;0;0
32043;2016-06;0;103;0;0;0;0;0;0;0;0;0;0;0;0;0;0;0;0;0;0;0;0;9;0;1;0;0;0;293;0;1010;0;347;0;0;2;0;0;0;0;0;0;0;0;0;0;0
32044;2016-06;0;50;0;0;0;0;0;0;0;0;0;0;0;0;0;0;0;0;0;0;0;0;6;0;0;0;0;0;115;0;340;0;119;0;0;2;0;0;0;0;0;0;0;0;0;0;0
32045;2016-06;0;100;0;0;0;0;0;0;0;0;0;0;0;0;0;0;0;0;0;0;0;0;11;0;3;0;0;0;189;0;969;0;403;0;0;1;0;0;0;0;0;0;0;0;0;0;0
32046;2016-06;0;52;0;0;0;0;0;0;0;0;0;0;0;0;0;0;0;0;0;0;0;0;4;0;1;0;0;0;96;0;447;0;174;0;0;1;0;0;0;0;0;0;0;0;0;0;0
32047;2016-06;0;59;0;0;0;0;0;0;0;0;0;0;0;0;0;0;0;0;0;0;0;0;5;0;0;0;0;0;114;0;845;0;207;0;0;5;0;0;0;0;0;0;0;0;0;0;0
32048;2016-06;0;13;0;0;0;0;0;0;0;0;0;0;0;0;0;0;0;0;0;0;0;0;3;0;2;0;0;0;78;0;245;0;222;0;0;1;0;0;0;0;0;0;0;0;0;0;0
32049;2016-06;0;9;0;0;0;0;0;0;0;0;0;0;0;0;0;0;0;0;0;0;0;0;2;0;1;0;0;0;52;0;288;0;145;0;0;1;0;0;0;0;0;0;0;0;0;0;0
32050;2016-06;0;69;0;0;0;0;0;0;0;0;0;0;0;0;0;0;0;0;0;0;0;0;8;0;2;0;0;0;169;0;1187;0;366;0;0;1;0;0;0;0;0;0;0;0;0;0;0
32051;2016-06;0;44;0;0;0;0;0;0;0;0;0;0;0;0;0;0;0;0;0;0;0;0;6;0;0;0;0;0;60;0;836;0;219;0;0;1;0;0;0;0;0;0;0;0;0;0;0
32052;2016-06;0;79;0;0;0;0;0;0;0;0;0;0;0;0;0;0;0;0;0;0;0;0;9;0;1;0;0;0;156;0;884;0;242;0;0;2;0;0;0;0;0;0;0;0;0;0;0
32053;2016-06;0;48;0;0;0;0;0;0;0;0;0;0;0;0;0;0;0;0;0;0;0;0;6;0;0;0;0;0;139;0;758;0;181;0;0;1;0;0;0;0;0;0;0;0;0;0;0
32054;2016-06;0;5505;0;0;0;0;0;0;0;0;0;0;0;0;0;0;0;0;0;0;0;0;744;0;64;0;0;0;12497;0;25160;0;14662;0;0;161;0;0;0;0;0;0;0;0;0;0;0
32055;2016-06;0;49;0;0;0;0;0;0;0;0;0;0;0;0;0;0;0;0;0;0;0;0;7;0;1;0;0;0;116;0;535;0;166;0;0;0;0;0;0;0;0;0;0;0;0;0;0
32056;2016-06;0;42;0;0;0;0;0;0;0;0;0;0;0;0;0;0;0;0;0;0;0;0;0;0;0;0;0;0;70;0;737;0;262;0;0;0;0;0;0;0;0;0;0;0;0;0;0
32057;2016-06;0;18;0;0;0;0;0;0;0;0;0;0;0;0;0;0;0;0;0;0;0;0;2;0;0;0;0;0;46;0;156;0;188;0;0;1;0;0;0;0;0;0;0;0;0;0;0
32058;2016-06;0;372;0;0;0;0;0;0;0;0;0;0;0;0;0;0;0;0;0;0;0;0;38;0;2;0;0;0;579;0;1849;0;719;0;0;14;0;0;0;0;0;0;0;0;0;0;0
32059;2016-06;0;75;0;0;0;0;0;0;0;0;0;0;0;0;0;0;0;0;0;0;0;0;6;0;0;0;0;0;124;0;721;0;324;0;0;6;0;0;0;0;0;0;0;0;0;0;0
32060;2016-06;0;27;0;0;0;0;0;0;0;0;0;0;0;0;0;0;0;0;0;0;0;0;6;0;0;0;0;0;135;0;200;0;199;0;0;1;0;0;0;0;0;0;0;0;0;0;0
32061;2016-06;0;49;0;0;0;0;0;0;0;0;0;0;0;0;0;0;0;0;0;0;0;0;5;0;0;0;0;0;57;0;464;0;229;0;0;1;0;0;0;0;0;0;0;0;0;0;0
32062;2016-06;0;11;0;0;0;0;0;0;0;0;0;0;0;0;0;0;0;0;0;0;0;0;2;0;1;0;0;0;53;0;426;0;118;0;0;0;0;0;0;0;0;0;0;0;0;0;0
32063;2016-06;0;73;0;0;0;0;0;0;0;0;0;0;0;0;0;0;0;0;0;0;0;0;7;0;1;0;0;0;223;0;635;0;321;0;0;3;0;0;0;0;0;0;0;0;0;0;0
32064;2016-06;0;21;0;0;0;0;0;0;0;0;0;0;0;0;0;0;0;0;0;0;0;0;2;0;0;0;0;0;27;0;281;0;53;0;0;1;0;0;0;0;0;0;0;0;0;0;0
32065;2016-06;0;23;0;0;0;0;0;0;0;0;0;0;0;0;0;0;0;0;0;0;0;0;7;0;0;0;0;0;51;0;240;0;130;0;0;0;0;0;0;0;0;0;0;0;0;0;0
32066;2016-06;0;8;0;0;0;0;0;0;0;0;0;0;0;0;0;0;0;0;0;0;0;0;2;0;0;0;0;0;19;0;331;0;56;0;0;0;0;0;0;0;0;0;0;0;0;0;0
32067;2016-06;0;49;0;0;0;0;0;0;0;0;0;0;0;0;0;0;0;0;0;0;0;0;5;0;1;0;0;0;115;0;479;0;167;0;0;2;0;0;0;0;0;0;0;0;0;0;0
32068;2016-06;0;51;0;0;0;0;0;0;0;0;0;0;0;0;0;0;0;0;0;0;0;0;5;0;2;0;0;0;92;0;597;0;224;0;0;2;0;0;0;0;0;0;0;0;0;0;0
32069;2016-06;0;199;0;0;0;0;0;0;0;0;0;0;0;0;0;0;0;0;0;0;0;0;35;0;3;0;0;0;631;0;1341;0;921;0;0;7;0;0;0;0;0;0;0;0;0;0;0
32070;2016-06;0;14;0;0;0;0;0;0;0;0;0;0;0;0;0;0;0;0;0;0;0;0;2;0;1;0;0;0;34;0;193;0;81;0;0;1;0;0;0;0;0;0;0;0;0;0;0
32071;2016-06;0;31;0;0;0;0;0;0;0;0;0;0;0;0;0;0;0;0;0;0;0;0;5;0;0;0;0;0;119;0;586;0;261;0;0;0;0;0;0;0;0;0;0;0;0;0;0
32072;2016-06;0;137;0;0;0;0;0;0;0;0;0;0;0;0;0;0;0;0;0;0;0;0;7;0;1;0;0;0;594;0;1206;0;692;0;0;6;0;0;0;0;0;0;0;0;0;0;0
32073;2016-06;0;41;0;0;0;0;0;0;0;0;0;0;0;0;0;0;0;0;0;0;0;0;6;0;3;0;0;0;121;0;493;0;287;0;0;4;0;0;0;0;0;0;0;0;0;0;0
32074;2016-06;0;43;0;0;0;0;0;0;0;0;0;0;0;0;0;0;0;0;0;0;0;0;8;0;2;0;0;0;60;0;428;0;158;0;0;1;0;0;0;0;0;0;0;0;0;0;0
32075;2016-06;0;268;0;0;0;0;0;0;0;0;0;0;0;0;0;0;0;0;0;0;0;0;31;0;1;0;0;0;427;0;1649;0;623;0;0;12;0;0;0;0;0;0;0;0;0;0;0
32076;2016-06;0;80;0;0;0;0;0;0;0;0;0;0;0;0;0;0;0;0;0;0;0;0;3;0;2;0;0;0;103;0;979;0;286;0;0;1;0;0;0;0;0;0;0;0;0;0;0
32077;2016-06;0;48;0;0;0;0;0;0;0;0;0;0;0;0;0;0;0;0;0;0;0;0;8;0;0;0;0;0;95;0;397;0;223;0;0;0;0;0;0;0;0;0;0;0;0;0;0
32078;2016-06;0;41;0;0;0;0;0;0;0;0;0;0;0;0;0;0;0;0;0;0;0;0;4;0;0;0;0;0;70;0;546;0;172;0;0;1;0;0;0;0;0;0;0;0;0;0;0
32079;2016-06;0;52;0;0;0;0;0;0;0;0;0;0;0;0;0;0;0;0;0;0;0;0;3;0;0;0;0;0;105;0;512;0;251;0;0;5;0;0;0;0;0;0;0;0;0;0;0
32080;2016-06;0;10;0;0;0;0;0;0;0;0;0;0;0;0;0;0;0;0;0;0;0;0;0;0;0;0;0;0;20;0;175;0;33;0;0;1;0;0;0;0;0;0;0;0;0;0;0
32081;2016-06;0;96;0;0;0;0;0;0;0;0;0;0;0;0;0;0;0;0;0;0;0;0;9;0;4;0;0;0;211;0;778;0;384;0;0;4;0;0;0;0;0;0;0;0;0;0;0
32082;2016-06;0;44;0;0;0;0;0;0;0;0;0;0;0;0;0;0;0;0;0;0;0;0;2;0;1;0;0;0;71;0;548;0;211;0;0;0;0;0;0;0;0;0;0;0;0;0;0
32083;2016-06;0;28;0;0;0;0;0;0;0;0;0;0;0;0;0;0;0;0;0;0;0;0;3;0;2;0;0;0;42;0;343;0;125;0;0;3;0;0;0;0;0;0;0;0;0;0;0
32084;2016-06;0;39;0;0;0;0;0;0;0;0;0;0;0;0;0;0;0;0;0;0;0;0;1;0;2;0;0;0;50;0;370;0;169;0;0;1;0;0;0;0;0;0;0;0;0;0;0
32085;2016-06;0;454;0;0;0;0;0;0;0;0;0;0;0;0;0;0;0;0;0;0;0;0;42;0;8;0;0;0;1053;0;3776;0;1745;0;0;8;0;0;0;0;0;0;0;0;0;0;0
32086;2016-06;0;89;0;0;0;0;0;0;0;0;0;0;0;0;0;0;0;0;0;0;0;0;8;0;1;0;0;0;193;0;1020;0;350;0;0;3;0;0;0;0;0;0;0;0;0;0;0
32087;2016-06;0;77;0;0;0;0;0;0;0;0;0;0;0;0;0;0;0;0;0;0;0;0;8;0;2;0;0;0;146;0;846;0;248;0;0;3;0;0;0;0;0;0;0;0;0;0;0
32088;2016-06;0;59;0;0;0;0;0;0;0;0;0;0;0;0;0;0;0;0;0;0;0;0;5;0;1;0;0;0;150;0;489;0;287;0;0;3;0;0;0;0;0;0;0;0;0;0;0
32089;2016-06;0;37;0;0;0;0;0;0;0;0;0;0;0;0;0;0;0;0;0;0;0;0;9;0;0;0;0;0;57;0;586;0;181;0;0;1;0;0;0;0;0;0;0;0;0;0;0
32090;2016-06;0;26;0;0;0;0;0;0;0;0;0;0;0;0;0;0;0;0;0;0;0;0;3;0;0;0;0;0;137;0;263;0;74;0;0;4;0;0;0;0;0;0;0;0;0;0;0
32091;2016-06;0;30;0;0;0;0;0;0;0;0;0;0;0;0;0;0;0;0;0;0;0;0;0;0;0;0;0;0;99;0;771;0;456;0;0;0;0;0;0;0;0;0;0;0;0;0;0
32092;2016-06;0;18;0;0;0;0;0;0;0;0;0;0;0;0;0;0;0;0;0;0;0;0;3;0;0;0;0;0;51;0;187;0;52;0;0;3;0;0;0;0;0;0;0;0;0;0;0
33001;2016-06;0;53;0;0;0;0;0;0;0;1;0;0;0;0;0;0;0;0;0;0;0;0;1;0;0;0;1;0;0;91;445;0;278;0;0;0;0;0;0;0;0;0;0;0;0;2;0
33002;2016-06;0;505;0;0;0;0;0;0;0;28;0;0;0;0;0;0;0;0;0;0;0;0;53;0;23;0;6;0;0;1642;2201;0;2147;4;0;4;0;0;0;0;0;0;0;0;0;3;9
33003;2016-06;0;16;0;0;0;0;0;0;0;2;0;0;0;0;0;0;0;0;0;0;0;0;1;0;0;0;4;0;0;50;154;0;114;0;0;0;0;0;0;0;0;0;0;0;0;1;1
33004;2016-06;0;5532;0;0;0;0;0;0;0;156;0;0;0;0;0;0;0;0;0;0;0;0;619;0;124;0;33;0;0;12252;15145;0;11357;24;0;86;0;0;0;0;0;0;0;0;0;103;103
33005;2016-06;0;39;0;0;0;0;0;0;0;5;0;0;0;0;0;0;0;0;0;0;0;0;3;0;3;0;1;0;0;115;405;0;336;0;0;0;0;0;0;0;0;0;0;0;0;3;3
33006;2016-06;0;72;0;0;0;0;0;0;0;1;0;0;0;0;0;0;0;0;0;0;0;0;8;0;3;0;1;0;0;292;261;0;355;2;0;2;0;0;0;0;0;0;0;0;0;0;1
33007;2016-06;0;51;0;0;0;0;0;0;0;0;0;0;0;0;0;0;0;0;0;0;0;0;2;0;2;0;0;0;0;157;376;0;335;2;0;1;0;0;0;0;0;0;0;0;0;2;2
33008;2016-06;0;94;0;0;0;0;0;0;0;2;0;0;0;0;0;0;0;0;0;0;0;0;3;0;3;0;2;0;0;167;557;0;395;1;0;0;0;0;0;0;0;0;0;0;0;1;1
33009;2016-06;0;72;0;0;0;0;0;0;0;1;0;0;0;0;0;0;0;0;0;0;0;0;5;0;1;0;0;0;0;135;246;0;144;0;0;2;0;0;0;0;0;0;0;0;0;0;0
33010;2016-06;0;126;0;0;0;0;0;0;0;3;0;0;0;0;0;0;0;0;0;0;0;0;11;0;2;0;0;0;0;254;381;0;380;2;0;0;0;0;0;0;0;0;0;0;0;1;3
33011;2016-06;0;636;0;0;0;0;0;0;0;15;0;0;0;0;0;0;0;0;0;0;0;0;26;0;13;0;11;0;0;1029;2884;0;1441;5;0;6;0;0;0;0;0;0;0;0;0;7;7
33012;2016-06;0;332;0;0;0;0;0;0;0;9;0;0;0;0;0;0;0;0;0;0;0;0;22;0;9;0;1;0;0;549;1593;0;877;1;0;4;0;0;0;0;0;0;0;0;0;6;4
33013;2016-06;0;17;0;0;0;0;0;0;0;3;0;0;0;0;0;0;0;0;0;0;0;0;0;0;3;0;1;0;0;59;146;0;84;0;0;0;0;0;0;0;0;0;0;0;0;0;2
33014;2016-06;0;614;0;0;0;0;0;0;0;17;0;0;0;0;0;0;0;0;0;0;0;0;67;0;29;0;3;0;0;1787;1795;0;1538;4;0;10;0;0;0;0;0;0;0;0;0;9;12
33015;2016-06;0;83;0;0;0;0;0;0;0;4;0;0;0;0;0;0;0;0;0;0;0;0;1;0;7;0;1;0;0;280;348;0;251;1;0;0;0;0;0;0;0;0;0;0;0;1;1
33016;2016-06;0;1778;0;0;0;0;0;0;0;48;0;0;0;0;0;0;0;0;0;0;0;0;158;0;20;0;13;0;0;3398;5016;0;2885;9;0;15;0;0;0;0;0;0;0;0;0;24;37
33017;2016-06;0;169;0;0;0;0;0;0;0;7;0;0;0;0;0;0;0;0;0;0;0;0;9;0;0;0;1;0;0;352;837;0;648;1;0;3;0;0;0;0;0;0;0;0;0;7;2
33018;2016-06;0;216;0;0;0;0;0;0;0;14;0;0;0;0;0;0;0;0;0;0;0;0;16;0;3;0;0;0;0;393;871;0;437;1;0;4;0;0;0;0;0;0;0;0;0;1;2
33019;2016-06;0;202;0;0;0;0;0;0;0;10;0;0;0;0;0;0;0;0;0;0;0;0;11;0;5;0;2;0;0;299;921;0;523;0;0;3;0;0;0;0;0;0;0;0;0;5;6
33020;2016-06;0;938;0;0;0;0;0;0;0;41;0;0;0;0;0;0;0;0;0;0;0;0;108;0;31;0;4;0;0;2456;2526;0;2648;7;0;21;0;0;0;0;0;0;0;0;0;18;17
33021;2016-06;0;289;0;0;0;0;0;0;0;5;0;0;0;0;0;0;0;0;0;0;0;0;32;0;4;0;0;0;0;492;1164;0;944;2;0;7;0;0;0;0;0;0;0;0;0;4;6
33022;2016-06;0;40;0;0;0;0;0;0;0;1;0;0;0;0;0;0;0;0;0;0;0;0;2;0;25;0;0;0;0;140;142;0;200;1;0;1;0;0;0;0;0;0;0;0;0;1;3
33023;2016-06;0;225;0;0;0;0;0;0;0;11;0;0;0;0;0;0;0;0;0;0;0;0;14;0;2;0;2;0;0;448;854;0;672;2;0;2;0;0;0;0;0;0;0;0;0;1;1
33024;2016-06;0;22309;0;0;0;0;0;0;0;699;0;0;0;0;0;0;0;0;0;0;0;0;1937;0;318;0;113;0;0;40800;51127;0;37722;106;0;367;0;0;0;0;0;0;0;0;0;416;441
33025;2016-06;0;659;0;0;0;0;0;0;0;29;0;0;0;0;0;0;0;0;0;0;0;0;50;0;10;0;1;0;0;1371;2019;0;1568;3;0;6;0;0;0;0;0;0;0;0;0;8;5
33026;2016-06;0;562;0;0;0;0;0;0;0;28;0;0;0;0;0;0;0;0;0;0;0;0;27;0;15;0;3;0;0;1282;1953;0;1393;2;0;5;0;0;0;0;0;0;0;0;0;8;11
33027;2016-06;0;37;0;0;0;0;0;0;0;2;0;0;0;0;0;0;0;0;0;0;0;0;5;0;1;0;0;0;0;87;174;0;187;0;0;1;0;0;0;0;0;0;0;0;0;0;0
33028;2016-06;0;44;0;0;0;0;0;0;0;0;0;0;0;0;0;0;0;0;0;0;0;0;5;0;1;0;1;0;0;102;243;0;239;1;0;0;0;0;0;0;0;0;0;0;0;1;0
33029;2016-06;0;11;0;0;0;0;0;0;0;0;0;0;0;0;0;0;0;0;0;0;0;0;0;0;0;0;0;0;0;31;50;0;80;0;0;0;0;0;0;0;0;0;0;0;0;0;0
33030;2016-06;0;57;0;0;0;0;0;0;0;3;0;0;0;0;0;0;0;0;0;0;0;0;6;0;4;0;0;0;0;150;296;0;140;0;0;0;0;0;0;0;0;0;0;0;0;1;0
33031;2016-06;0;1930;0;0;0;0;0;0;0;86;0;0;0;0;0;0;0;0;0;0;0;0;254;0;86;0;24;0;0;7385;5571;0;6309;8;0;31;0;0;0;0;0;0;0;0;0;28;41
33032;2016-06;0;645;0;0;0;0;0;0;0;36;0;0;0;0;0;0;0;0;0;0;0;0;54;0;23;0;2;0;0;2122;1962;0;2484;5;0;9;0;0;0;0;0;0;0;0;0;15;18
33033;2016-06;0;541;0;0;0;0;0;0;0;28;0;0;0;0;0;0;0;0;0;0;0;0;42;0;23;0;4;0;0;1816;1856;0;2016;4;0;7;0;0;0;0;0;0;0;0;0;11;15
33034;2016-06;0;615;0;0;0;0;0;0;0;31;0;0;0;0;0;0;0;0;0;0;0;0;53;0;15;0;2;0;0;1054;2842;0;1823;4;0;12;0;0;0;0;0;0;0;0;0;14;9
33035;2016-06;0;1114;0;0;0;0;0;0;0;26;0;0;0;0;0;0;0;0;0;0;0;0;98;0;7;0;2;0;0;1669;2727;0;1862;6;0;8;0;0;0;0;0;0;0;0;0;8;21
33036;2016-06;0;926;0;0;0;0;0;0;0;82;0;0;0;0;0;0;0;0;0;0;0;0;76;0;14;0;6;0;0;1204;3210;0;2375;2;0;9;0;0;0;0;0;0;0;0;0;12;11
33037;2016-06;0;1936;0;0;0;0;0;0;0;108;0;0;0;0;0;0;0;0;0;0;0;0;248;0;132;0;15;0;0;7747;5678;0;6350;16;0;40;0;0;0;0;0;0;0;0;0;43;30
33038;2016-06;0;167;0;0;0;0;0;0;0;15;0;0;0;0;0;0;0;0;0;0;0;0;10;0;5;0;0;0;0;435;413;0;492;1;0;1;0;0;0;0;0;0;0;0;0;4;3
33039;2016-06;0;113;0;0;0;0;0;0;0;9;0;0;0;0;0;0;0;0;0;0;0;0;5;0;2;0;0;0;0;263;411;0;388;0;0;1;0;0;0;0;0;0;0;0;0;4;1
33040;2016-06;0;320;0;0;0;0;0;0;0;11;0;0;0;0;0;0;0;0;0;0;0;0;36;0;4;0;6;0;0;607;1067;0;845;1;0;4;0;0;0;0;0;0;0;0;0;3;3
33041;2016-06;0;516;0;0;0;0;0;0;0;17;0;0;0;0;0;0;0;0;0;0;0;0;48;0;6;0;2;0;0;1085;1792;0;1335;2;0;6;0;0;0;0;0;0;0;0;0;8;8
33042;2016-06;0;407;0;0;0;0;0;0;0;15;0;0;0;0;0;0;0;0;0;0;0;0;29;0;5;0;1;0;0;709;1080;0;662;1;0;6;0;0;0;0;0;0;0;0;0;9;11
33043;2016-06;0;17;0;0;0;0;0;0;0;1;0;0;0;0;0;0;0;0;0;0;0;0;1;0;3;0;0;0;0;73;151;0;189;0;0;1;0;0;0;0;0;0;0;0;0;3;0
33044;2016-06;0;19302;0;0;0;0;0;0;0;552;0;0;0;0;0;0;0;0;0;0;0;0;1393;0;201;0;72;0;0;25227;50887;0;24714;51;0;224;0;0;0;0;0;0;0;0;0;398;409
33045;2016-06;0;303;0;0;0;0;0;0;0;12;0;0;0;0;0;0;0;0;0;0;0;0;19;0;3;0;3;0;0;585;1075;0;952;3;0;2;0;0;0;0;0;0;0;0;0;10;4
33046;2016-06;0;19;0;0;0;0;0;0;0;0;0;0;0;0;0;0;0;0;0;0;0;0;2;0;0;0;0;0;0;30;217;0;91;0;0;2;0;0;0;0;0;0;0;0;0;1;0
33047;2016-06;0;70;0;0;0;0;0;0;0;0;0;0;0;0;0;0;0;0;0;0;0;0;2;0;0;0;0;0;0;88;457;0;212;1;0;2;0;0;0;0;0;0;0;0;0;0;2
33048;2016-06;0;4;0;0;0;0;0;0;0;0;0;0;0;0;0;0;0;0;0;0;0;0;0;0;0;0;0;0;0;9;46;0;35;0;0;0;0;0;0;0;0;0;0;0;0;0;0
33049;2016-06;0;435;0;0;0;0;0;0;0;6;0;0;0;0;0;0;0;0;0;0;0;0;41;0;4;0;3;0;0;728;1537;0;1245;3;0;6;0;0;0;0;0;0;0;0;0;6;5
33050;2016-06;0;21;0;0;0;0;0;0;0;0;0;0;0;0;0;0;0;0;0;0;0;0;2;0;1;0;0;0;0;62;161;0;126;0;0;0;0;0;0;0;0;0;0;0;0;1;0
33051;2016-06;0;557;0;0;0;0;0;0;0;11;0;0;0;0;0;0;0;0;0;0;0;0;37;0;3;0;4;0;0;755;1926;0;1249;0;0;4;0;0;0;0;0;0;0;0;0;6;8
33052;2016-06;0;49;0;0;0;0;0;0;0;0;0;0;0;0;0;0;0;0;0;0;0;0;1;0;2;0;0;0;0;68;157;0;199;0;0;2;0;0;0;0;0;0;0;0;0;1;0
33053;2016-06;0;57;0;0;0;0;0;0;0;0;0;0;0;0;0;0;0;0;0;0;0;0;2;0;5;0;0;0;0;184;181;0;292;0;0;1;0;0;0;0;0;0;0;0;0;1;3
33054;2016-06;0;133;0;0;0;0;0;0;0;8;0;0;0;0;0;0;0;0;0;0;0;0;6;0;2;0;1;0;0;169;454;0;355;0;0;7;0;0;0;0;0;0;0;0;0;1;1
33055;2016-06;0;137;0;0;0;0;0;0;0;1;0;0;0;0;0;0;0;0;0;0;0;0;3;0;0;0;2;0;0;137;449;0;352;0;0;2;0;0;0;0;0;0;0;0;0;1;3
33056;2016-06;0;374;0;0;0;0;0;0;0;6;0;0;0;0;0;0;0;0;0;0;0;0;19;0;7;0;0;0;0;641;1424;0;740;1;0;1;0;0;0;0;0;0;0;0;0;7;2
33057;2016-06;0;110;0;0;0;0;0;0;0;4;0;0;0;0;0;0;0;0;0;0;0;0;17;0;2;0;0;0;0;253;293;0;344;0;0;3;0;0;0;0;0;0;0;0;0;2;5
33058;2016-06;0;86;0;0;0;0;0;0;0;6;0;0;0;0;0;0;0;0;0;0;0;0;7;0;11;0;1;0;0;400;242;0;434;4;0;2;0;0;0;0;0;0;0;0;0;3;2
33059;2016-06;0;230;0;0;0;0;0;0;0;6;0;0;0;0;0;0;0;0;0;0;0;0;14;0;4;0;3;0;0;509;1518;0;707;1;0;5;0;0;0;0;0;0;0;0;0;6;1
33060;2016-06;0;612;0;0;0;0;0;0;0;36;0;0;0;0;0;0;0;0;0;0;0;0;80;0;39;0;2;0;0;3000;2189;0;3391;9;0;17;0;0;0;0;0;0;0;0;0;13;14
33061;2016-06;0;17;0;0;0;0;0;0;0;1;0;0;0;0;0;0;0;0;0;0;0;0;1;0;0;0;1;0;0;23;83;0;74;0;0;0;0;0;0;0;0;0;0;0;0;0;0
33062;2016-06;0;17;0;0;0;0;0;0;0;4;0;0;0;0;0;0;0;0;0;0;0;0;0;0;0;0;0;0;0;40;76;0;94;0;0;0;0;0;0;0;0;0;0;0;0;0;0
33063;2016-06;0;19;0;0;0;0;0;0;0;0;0;0;0;0;0;0;0;0;0;0;0;0;1;0;0;0;0;0;0;31;174;0;89;0;0;0;0;0;0;0;0;0;0;0;0;1;0
33064;2016-06;0;14;0;0;0;0;0;0;0;2;0;0;0;0;0;0;0;0;0;0;0;0;1;0;0;0;0;0;0;35;51;0;63;0;0;0;0;0;0;0;0;0;0;0;0;0;0
33065;2016-06;0;79;0;0;0;0;0;0;0;2;0;0;0;0;0;0;0;0;0;0;0;0;4;0;0;0;0;0;0;157;308;0;152;0;0;0;0;0;0;0;0;0;0;0;0;3;1
33066;2016-06;0;4129;0;0;0;0;0;0;0;145;0;0;0;0;0;0;0;0;0;0;0;0;335;0;56;0;25;0;0;6492;9813;0;6787;13;0;63;0;0;0;0;0;0;0;0;0;58;66
33067;2016-06;0;44;0;0;0;0;0;0;0;2;0;0;0;0;0;0;0;0;0;0;0;0;2;0;3;0;1;0;0;119;163;0;232;1;0;1;0;0;0;0;0;0;0;0;0;1;1
33068;2016-06;0;39;0;0;0;0;0;0;0;2;0;0;0;0;0;0;0;0;0;0;0;0;3;0;3;0;0;0;0;79;248;0;260;1;0;1;0;0;0;0;0;0;0;0;0;0;1
33069;2016-06;0;236;0;0;0;0;0;0;0;12;0;0;0;0;0;0;0;0;0;0;0;0;17;0;4;0;0;0;0;497;892;0;700;1;0;6;0;0;0;0;0;0;0;0;0;2;6
33070;2016-06;0;240;0;0;0;0;0;0;0;11;0;0;0;0;0;0;0;0;0;0;0;0;17;0;2;0;0;0;0;517;912;0;636;0;0;5;0;0;0;0;0;0;0;0;0;5;2
33071;2016-06;0;19;0;0;0;0;0;0;0;2;0;0;0;0;0;0;0;0;0;0;0;0;3;0;1;0;0;0;0;30;148;0;216;0;0;1;0;0;0;0;0;0;0;0;0;0;0
33072;2016-06;0;85;0;0;0;0;0;0;0;1;0;0;0;0;0;0;0;0;0;0;0;0;5;0;2;0;2;0;0;249;323;0;313;0;0;0;0;0;0;0;0;0;0;0;0;1;2
33073;2016-06;0;463;0;0;0;0;0;0;0;19;0;0;0;0;0;0;0;0;0;0;0;0;20;0;6;0;3;0;0;603;2361;0;1345;6;0;5;0;0;0;0;0;0;0;0;0;7;5
33074;2016-06;0;184;0;0;0;0;0;0;0;3;0;0;0;0;0;0;0;0;0;0;0;0;16;0;4;0;2;0;0;314;975;0;743;0;0;3;0;0;0;0;0;0;0;0;0;4;2
33075;2016-06;0;8;0;0;0;0;0;0;0;1;0;0;0;0;0;0;0;0;0;0;0;0;0;0;0;0;0;0;0;27;59;0;56;0;0;0;0;0;0;0;0;0;0;0;0;0;0
33076;2016-06;0;1080;0;0;0;0;0;0;0;33;0;0;0;0;0;0;0;0;0;0;0;0;63;0;10;0;5;0;0;1372;3672;0;1676;4;0;8;0;0;0;0;0;0;0;0;0;16;29
33077;2016-06;0;41;0;0;0;0;0;0;0;1;0;0;0;0;0;0;0;0;0;0;0;0;4;0;0;0;1;0;0;79;485;0;189;1;0;1;0;0;0;0;0;0;0;0;0;1;0
33078;2016-06;0;2;0;0;0;0;0;0;0;0;0;0;0;0;0;0;0;0;0;0;0;0;1;0;0;0;0;0;0;21;39;0;35;1;0;0;0;0;0;0;0;0;0;0;0;0;0
34001;2016-06;0;5;0;0;0;0;0;0;0;0;0;0;0;0;0;0;0;0;0;0;0;0;0;0;0;0;0;0;0;6;10;0;5;0;0;0;0;0;0;0;0;0;0;0;0;0;0
34003;2016-06;0;17;0;0;0;0;0;0;0;0;0;0;0;0;0;0;0;0;0;0;0;0;0;0;0;0;0;0;0;12;80;0;9;0;0;0;0;0;0;0;0;0;0;0;0;1;0
34004;2016-06;0;483;0;0;0;0;0;0;0;0;0;0;0;0;8;0;0;0;0;0;0;0;37;0;5;0;0;0;0;703;1895;0;870;0;0;9;0;2;0;0;0;0;0;0;0;8;0
34005;2016-06;0;65;0;0;0;0;0;0;0;0;0;0;0;0;0;0;0;0;0;0;0;0;6;0;1;0;0;0;0;74;335;0;168;0;0;2;0;1;0;0;0;0;0;0;0;2;0
34006;2016-06;0;6;0;0;0;0;0;0;0;0;0;0;0;0;0;0;0;0;0;0;0;0;0;0;0;0;0;0;0;6;46;0;6;0;0;0;0;0;0;0;0;0;0;0;0;0;0
34009;2016-06;0;0;0;0;0;0;0;0;0;0;0;0;0;0;0;0;0;0;0;0;0;0;0;0;0;0;0;0;0;2;24;0;2;0;0;0;0;0;0;0;0;0;0;0;0;0;0
34010;2016-06;0;64;0;0;0;0;0;0;0;0;0;0;0;0;1;0;0;0;0;0;0;0;1;0;0;0;0;0;0;36;243;0;85;0;0;0;0;0;0;0;0;0;0;0;0;3;0
34011;2016-06;0;31;0;0;0;0;0;0;0;0;0;0;0;0;1;0;0;0;0;0;0;0;1;0;0;0;0;0;0;27;160;0;94;0;0;1;0;0;0;0;0;0;0;0;0;0;0
34012;2016-06;0;30;0;0;0;0;0;0;0;0;0;0;0;0;0;0;0;0;0;0;0;0;1;0;0;0;0;0;0;30;134;0;61;0;0;0;0;1;0;0;0;0;0;0;0;2;0
34015;2016-06;0;2;0;0;0;0;0;0;0;0;0;0;0;0;0;0;0;0;0;0;0;0;0;0;0;0;0;0;0;3;23;0;4;0;0;0;0;0;0;0;0;0;0;0;0;0;0
34017;2016-06;0;55;0;0;0;0;0;0;0;0;0;0;0;0;2;0;0;0;0;0;0;0;1;0;2;0;0;0;0;90;381;0;193;0;0;0;0;1;0;0;0;0;0;0;0;2;0
34018;2016-06;0;26;0;0;0;0;0;0;0;0;0;0;0;0;0;0;0;0;0;0;0;0;0;0;0;0;0;0;0;22;83;0;30;0;0;1;0;1;0;0;0;0;0;0;0;0;0
34019;2016-06;0;17;0;0;0;0;0;0;0;0;0;0;0;0;0;0;0;0;0;0;0;0;1;0;0;0;0;0;0;8;59;0;18;0;0;1;0;0;0;0;0;0;0;0;0;1;0
34020;2016-06;0;3;0;0;0;0;0;0;0;0;0;0;0;0;0;0;0;0;0;0;0;0;0;0;0;0;0;0;0;4;23;0;9;0;0;0;0;0;0;0;0;0;0;0;0;0;0
34022;2016-06;0;67;0;0;0;0;0;0;0;0;0;0;0;0;0;0;0;0;0;0;0;0;5;0;1;0;0;0;0;104;376;0;295;0;0;0;0;1;0;0;0;0;0;0;0;3;0
34023;2016-06;0;441;0;0;0;0;0;0;0;0;0;0;0;0;6;0;0;0;0;0;0;0;35;0;3;0;0;0;0;847;1201;0;1054;0;0;6;0;1;0;0;0;0;0;0;0;12;0
34024;2016-06;0;2;0;0;0;0;0;0;0;0;0;0;0;0;0;0;0;0;0;0;0;0;0;0;0;0;0;0;0;3;13;0;2;0;0;0;0;0;0;0;0;0;0;0;0;0;0
34025;2016-06;0;3;0;0;0;0;0;0;0;0;0;0;0;0;1;0;0;0;0;0;0;0;0;0;0;0;0;0;0;4;25;0;5;0;0;0;0;0;0;0;0;0;0;0;0;0;0
34027;2016-06;0;64;0;0;0;0;0;0;0;0;0;0;0;0;1;0;0;0;0;0;0;0;3;0;0;0;0;0;0;106;320;0;238;0;0;1;0;0;0;0;0;0;0;0;0;2;0
34028;2016-06;0;4;0;0;0;0;0;0;0;0;0;0;0;0;0;0;0;0;0;0;0;0;2;0;0;0;0;0;0;18;74;0;14;0;0;0;0;0;0;0;0;0;0;0;0;0;0
34029;2016-06;0;47;0;0;0;0;0;0;0;0;0;0;0;0;0;0;0;0;0;0;0;0;1;0;0;0;0;0;0;35;367;0;116;0;0;0;0;0;0;0;0;0;0;0;0;1;0
34031;2016-06;0;3;0;0;0;0;0;0;0;0;0;0;0;0;0;0;0;0;0;0;0;0;0;0;0;0;0;0;0;1;22;0;3;0;0;0;0;0;0;0;0;0;0;0;0;0;0
34032;2016-06;0;3;0;0;0;0;0;0;0;0;0;0;0;0;0;0;0;0;0;0;0;0;0;0;0;0;0;0;0;8;18;0;3;0;0;0;0;0;0;0;0;0;0;0;0;0;0
34033;2016-06;0;3;0;0;0;0;0;0;0;0;0;0;0;0;0;0;0;0;0;0;0;0;0;0;0;0;0;0;0;1;12;0;1;0;0;0;0;0;0;0;0;0;0;0;0;0;0
34034;2016-06;0;8;0;0;0;0;0;0;0;0;0;0;0;0;1;0;0;0;0;0;0;0;1;0;0;0;0;0;0;17;41;0;26;0;0;0;0;0;0;0;0;0;0;0;0;0;0
34035;2016-06;0;2;0;0;0;0;0;0;0;0;0;0;0;0;0;0;0;0;0;0;0;0;0;0;0;0;0;0;0;7;51;0;35;0;0;0;0;0;0;0;0;0;0;0;0;2;0
34036;2016-06;0;17;0;0;0;0;0;0;0;0;0;0;0;0;0;0;0;0;0;0;0;0;0;0;0;0;0;0;0;31;51;0;49;0;0;0;0;0;0;0;0;0;0;0;0;2;0
34037;2016-06;0;26;0;0;0;0;0;0;0;0;0;0;0;0;0;0;0;0;0;0;0;0;0;0;0;0;0;0;0;20;135;0;33;0;0;1;0;0;0;0;0;0;0;0;0;0;0
34038;2016-06;0;31;0;0;0;0;0;0;0;0;0;0;0;0;0;0;0;0;0;0;0;0;5;0;0;0;0;0;0;10;128;0;28;0;0;0;0;0;0;0;0;0;0;0;0;0;0
34039;2016-06;0;2;0;0;0;0;0;0;0;0;0;0;0;0;0;0;0;0;0;0;0;0;0;0;0;0;0;0;0;1;42;0;2;0;0;0;0;0;0;0;0;0;0;0;0;0;0
34041;2016-06;0;5;0;0;0;0;0;0;0;0;0;0;0;0;1;0;0;0;0;0;0;0;0;0;0;0;0;0;0;7;43;0;11;0;0;1;0;0;0;0;0;0;0;0;0;2;0
34042;2016-06;0;23;0;0;0;0;0;0;0;0;0;0;0;0;0;0;0;0;0;0;0;0;7;0;0;0;0;0;0;12;127;0;63;0;0;1;0;0;0;0;0;0;0;0;0;0;0
34045;2016-06;0;3;0;0;0;0;0;0;0;0;0;0;0;0;0;0;0;0;0;0;0;0;0;0;0;0;0;0;0;4;43;0;14;0;0;0;0;0;0;0;0;0;0;0;0;0;0
34046;2016-06;0;2;0;0;0;0;0;0;0;0;0;0;0;0;0;0;0;0;0;0;0;0;0;0;0;0;0;0;0;2;17;0;14;0;0;0;0;0;0;0;0;0;0;0;0;0;0
34047;2016-06;0;168;0;0;0;0;0;0;0;0;0;0;0;0;6;0;0;0;0;0;0;0;5;0;0;0;0;0;0;85;865;0;229;0;0;2;0;1;0;0;0;0;0;0;0;1;0
34048;2016-06;0;6;0;0;0;0;0;0;0;0;0;0;0;0;0;0;0;0;0;0;0;0;0;0;0;0;0;0;0;12;28;0;12;0;0;0;0;0;0;0;0;0;0;0;0;0;0
34049;2016-06;0;30;0;0;0;0;0;0;0;0;0;0;0;0;1;0;0;0;0;0;0;0;4;0;0;0;0;0;0;31;126;0;66;0;0;0;0;0;0;0;0;0;0;0;0;1;0
34050;2016-06;0;4;0;0;0;0;0;0;0;0;0;0;0;0;0;0;0;0;0;0;0;0;0;0;0;0;0;0;0;20;90;0;38;0;0;0;0;0;0;0;0;0;0;0;0;0;0
34051;2016-06;0;18;0;0;0;0;0;0;0;0;0;0;0;0;2;0;0;0;0;0;0;0;1;0;0;0;0;0;0;7;51;0;4;0;0;0;0;0;0;0;0;0;0;0;0;0;0
34052;2016-06;0;14;0;0;0;0;0;0;0;0;0;0;0;0;0;0;0;0;0;0;0;0;1;0;1;0;0;0;0;23;78;0;14;0;0;0;0;0;0;0;0;0;0;0;0;2;0
34053;2016-06;0;10;0;0;0;0;0;0;0;0;0;0;0;0;1;0;0;0;0;0;0;0;0;0;0;0;0;0;0;12;102;0;40;0;0;0;0;0;0;0;0;0;0;0;0;1;0
34055;2016-06;0;24;0;0;0;0;0;0;0;0;0;0;0;0;0;0;0;0;0;0;0;0;0;0;0;0;0;0;0;7;128;0;43;0;0;0;0;1;0;0;0;0;0;0;0;2;0
34056;2016-06;0;208;0;0;0;0;0;0;0;0;0;0;0;0;1;0;0;0;0;0;0;0;8;0;3;0;0;0;0;215;704;0;284;0;0;2;0;1;0;0;0;0;0;0;0;5;0
34057;2016-06;0;41;0;0;0;0;0;0;0;0;0;0;0;0;0;0;0;0;0;0;0;0;6;0;0;0;0;0;0;40;174;0;73;0;0;2;0;0;0;0;0;0;0;0;0;1;0
34058;2016-06;0;10;0;0;0;0;0;0;0;0;0;0;0;0;0;0;0;0;0;0;0;0;0;0;0;0;0;0;0;16;87;0;56;0;0;1;0;0;0;0;0;0;0;0;0;0;0
34059;2016-06;0;29;0;0;0;0;0;0;0;0;0;0;0;0;3;0;0;0;0;0;0;0;0;0;1;0;0;0;0;28;178;0;96;0;0;1;0;0;0;0;0;0;0;0;0;0;0
34060;2016-06;0;9;0;0;0;0;0;0;0;0;0;0;0;0;0;0;0;0;0;0;0;0;2;0;0;0;0;0;0;13;57;0;26;0;0;1;0;0;0;0;0;0;0;0;0;0;0
34061;2016-06;0;21;0;0;0;0;0;0;0;0;0;0;0;0;0;0;0;0;0;0;0;0;0;0;0;0;0;0;0;9;48;0;3;0;0;0;0;0;0;0;0;0;0;0;0;0;0
34062;2016-06;0;10;0;0;0;0;0;0;0;0;0;0;0;0;1;0;0;0;0;0;0;0;1;0;0;0;0;0;0;12;74;0;16;0;0;1;0;0;0;0;0;0;0;0;0;1;0
34063;2016-06;0;2;0;0;0;0;0;0;0;0;0;0;0;0;0;0;0;0;0;0;0;0;0;0;0;0;0;0;0;5;46;0;21;0;0;0;0;0;0;0;0;0;0;0;0;0;0
34066;2016-06;0;7;0;0;0;0;0;0;0;0;0;0;0;0;0;0;0;0;0;0;0;0;0;0;0;0;0;0;0;5;31;0;5;0;0;0;0;0;0;0;0;0;0;0;0;0;0
34067;2016-06;0;7;0;0;0;0;0;0;0;0;0;0;0;0;0;0;0;0;0;0;0;0;0;0;0;0;0;0;0;13;45;0;26;0;0;1;0;0;0;0;0;0;0;0;0;0;0
34068;2016-06;0;0;0;0;0;0;0;0;0;0;0;0;0;0;0;0;0;0;0;0;0;0;0;0;0;0;0;0;0;5;15;0;2;0;0;0;0;0;0;0;0;0;0;0;0;0;0
34069;2016-06;0;212;0;0;0;0;0;0;0;0;0;0;0;0;1;0;0;0;0;0;0;0;8;0;1;0;0;0;0;258;627;0;514;0;0;2;0;0;0;0;0;0;0;0;0;3;0
34070;2016-06;0;3;0;0;0;0;0;0;0;0;0;0;0;0;0;0;0;0;0;0;0;0;0;0;1;0;0;0;0;20;66;0;31;0;0;0;0;0;0;0;0;0;0;0;0;0;0
34071;2016-06;0;10;0;0;0;0;0;0;0;0;0;0;0;0;0;0;0;0;0;0;0;0;0;0;0;0;0;0;0;14;91;0;16;0;0;0;0;0;0;0;0;0;0;0;0;0;0
34072;2016-06;0;7;0;0;0;0;0;0;0;0;0;0;0;0;0;0;0;0;0;0;0;0;2;0;0;0;0;0;0;9;95;0;20;0;0;0;0;0;0;0;0;0;0;0;0;0;0
34073;2016-06;0;17;0;0;0;0;0;0;0;0;0;0;0;0;0;0;0;0;0;0;0;0;0;0;0;0;0;0;0;12;74;0;44;0;0;0;0;0;0;0;0;0;0;0;0;2;0
34074;2016-06;0;64;0;0;0;0;0;0;0;0;0;0;0;0;2;0;0;0;0;0;0;0;0;0;0;0;0;0;0;48;240;0;164;0;0;3;0;0;0;0;0;0;0;0;0;1;0
34076;2016-06;0;36;0;0;0;0;0;0;0;0;0;0;0;0;0;0;0;0;0;0;0;0;2;0;0;0;0;0;0;33;304;0;100;0;0;1;0;0;0;0;0;0;0;0;0;1;0
34077;2016-06;0;43;0;0;0;0;0;0;0;0;0;0;0;0;0;0;0;0;0;0;0;0;0;0;0;0;0;0;0;34;88;0;67;0;0;1;0;1;0;0;0;0;0;0;0;0;0
34079;2016-06;0;227;0;0;0;0;0;0;0;0;0;0;0;0;1;0;0;0;0;0;0;0;13;0;0;0;0;0;0;173;480;0;303;0;0;2;0;0;0;0;0;0;0;0;0;1;0
34080;2016-06;0;426;0;0;0;0;0;0;0;0;0;0;0;0;5;0;0;0;0;0;0;0;29;0;4;0;0;0;0;498;1705;0;946;0;0;6;0;2;0;0;0;0;0;0;0;12;0
34081;2016-06;0;6;0;0;0;0;0;0;0;0;0;0;0;0;0;0;0;0;0;0;0;0;2;0;0;0;0;0;0;4;34;0;6;0;0;0;0;0;0;0;0;0;0;0;0;0;0
34082;2016-06;0;10;0;0;0;0;0;0;0;0;0;0;0;0;1;0;0;0;0;0;0;0;0;0;0;0;0;0;0;0;41;0;20;0;0;0;0;0;0;0;0;0;0;0;0;1;0
34083;2016-06;0;125;0;0;0;0;0;0;0;0;0;0;0;0;3;0;0;0;0;0;0;0;9;0;0;0;0;0;0;163;653;0;233;0;0;3;0;0;0;0;0;0;0;0;0;2;0
34084;2016-06;0;8;0;0;0;0;0;0;0;0;0;0;0;0;0;0;0;0;0;0;0;0;0;0;1;0;0;0;0;5;77;0;16;0;0;0;0;0;0;0;0;0;0;0;0;0;0
34086;2016-06;0;14;0;0;0;0;0;0;0;0;0;0;0;0;1;0;0;0;0;0;0;0;2;0;0;0;0;0;0;9;43;0;18;0;0;0;0;0;0;0;0;0;0;0;0;1;0
34087;2016-06;0;10;0;0;0;0;0;0;0;0;0;0;0;0;0;0;0;0;0;0;0;0;1;0;1;0;0;0;0;8;58;0;23;0;0;0;0;0;0;0;0;0;0;0;0;0;0
34088;2016-06;0;25;0;0;0;0;0;0;0;0;0;0;0;0;2;0;0;0;0;0;0;0;1;0;0;0;0;0;0;26;81;0;50;0;0;0;0;0;0;0;0;0;0;0;0;0;0
34089;2016-06;0;10;0;0;0;0;0;0;0;0;0;0;0;0;0;0;0;0;0;0;0;0;1;0;0;0;0;0;0;25;71;0;14;0;0;0;0;0;0;0;0;0;0;0;0;1;0
34091;2016-06;0;9;0;0;0;0;0;0;0;0;0;0;0;0;0;0;0;0;0;0;0;0;2;0;0;0;0;0;0;8;52;0;18;0;0;0;0;0;0;0;0;0;0;0;0;1;0
34092;2016-06;0;8;0;0;0;0;0;0;0;0;0;0;0;0;0;0;0;0;0;0;0;0;2;0;1;0;0;0;0;8;141;0;64;0;0;0;0;1;0;0;0;0;0;0;0;0;0
34093;2016-06;0;7;0;0;0;0;0;0;0;0;0;0;0;0;0;0;0;0;0;0;0;0;1;0;0;0;0;0;0;3;57;0;1;0;0;0;0;0;0;0;0;0;0;0;0;1;0
34094;2016-06;0;8;0;0;0;0;0;0;0;0;0;0;0;0;0;0;0;0;0;0;0;0;0;0;0;0;0;0;0;2;28;0;6;0;0;0;0;0;0;0;0;0;0;0;0;0;0
34096;2016-06;0;5;0;0;0;0;0;0;0;0;0;0;0;0;0;0;0;0;0;0;0;0;0;0;0;0;0;0;0;4;24;0;9;0;0;0;0;0;0;0;0;0;0;0;0;0;0
34098;2016-06;0;75;0;0;0;0;0;0;0;0;0;0;0;0;2;0;0;0;0;0;0;0;3;0;1;0;0;0;0;98;213;0;142;0;0;1;0;0;0;0;0;0;0;0;0;2;0
34099;2016-06;0;6;0;0;0;0;0;0;0;0;0;0;0;0;0;0;0;0;0;0;0;0;0;0;0;0;0;0;0;4;35;0;3;0;0;0;0;0;0;0;0;0;0;0;0;0;0
34100;2016-06;0;13;0;0;0;0;0;0;0;0;0;0;0;0;1;0;0;0;0;0;0;0;1;0;0;0;0;0;0;7;58;0;25;0;0;1;0;0;0;0;0;0;0;0;0;1;0
34101;2016-06;0;5;0;0;0;0;0;0;0;0;0;0;0;0;0;0;0;0;0;0;0;0;0;0;0;0;0;0;0;3;23;0;10;0;0;0;0;0;0;0;0;0;0;0;0;0;0
34102;2016-06;0;20;0;0;0;0;0;0;0;0;0;0;0;0;0;0;0;0;0;0;0;0;0;0;0;0;0;0;0;12;106;0;28;0;0;0;0;0;0;0;0;0;0;0;0;1;0
34103;2016-06;0;7;0;0;0;0;0;0;0;0;0;0;0;0;1;0;0;0;0;0;0;0;0;0;0;0;0;0;0;2;54;0;12;0;0;0;0;0;0;0;0;0;0;0;0;0;0
34104;2016-06;0;17;0;0;0;0;0;0;0;0;0;0;0;0;0;0;0;0;0;0;0;0;0;0;1;0;0;0;0;9;122;0;32;0;0;0;0;0;0;0;0;0;0;0;0;0;0
34106;2016-06;0;13;0;0;0;0;0;0;0;0;0;0;0;0;0;0;0;0;0;0;0;0;1;0;0;0;0;0;0;3;58;0;9;0;0;0;0;0;0;0;0;0;0;0;0;0;0
34107;2016-06;0;1;0;0;0;0;0;0;0;0;0;0;0;0;0;0;0;0;0;0;0;0;0;0;0;0;0;0;0;4;35;0;6;0;0;0;0;0;0;0;0;0;0;0;0;0;0
34108;2016-06;0;42;0;0;0;0;0;0;0;0;0;0;0;0;0;0;0;0;0;0;0;0;3;0;0;0;0;0;0;41;176;0;151;0;0;1;0;0;0;0;0;0;0;0;0;0;0
34109;2016-06;0;1;0;0;0;0;0;0;0;0;0;0;0;0;0;0;0;0;0;0;0;0;0;0;0;0;0;0;0;8;38;0;1;0;0;0;0;0;0;0;0;0;0;0;0;0;0
34110;2016-06;0;2;0;0;0;0;0;0;0;0;0;0;0;0;0;0;0;0;0;0;0;0;0;0;0;0;0;0;0;18;28;0;22;0;0;0;0;0;0;0;0;0;0;0;0;0;0
34112;2016-06;0;1;0;0;0;0;0;0;0;0;0;0;0;0;0;0;0;0;0;0;0;0;0;0;0;0;0;0;0;2;28;0;6;0;0;0;0;0;0;0;0;0;0;0;0;0;0
34113;2016-06;0;5;0;0;0;0;0;0;0;0;0;0;0;0;0;0;0;0;0;0;0;0;0;0;0;0;0;0;0;3;22;0;6;0;0;0;0;0;0;0;0;0;0;0;0;0;0
34114;2016-06;0;8;0;0;0;0;0;0;0;0;0;0;0;0;0;0;0;0;0;0;0;0;1;0;0;0;0;0;0;6;115;0;14;0;0;0;0;0;0;0;0;0;0;0;0;0;0
34116;2016-06;0;3;0;0;0;0;0;0;0;0;0;0;0;0;0;0;0;0;0;0;0;0;0;0;0;0;0;0;0;4;33;0;9;0;0;0;0;0;0;0;0;0;0;0;0;0;0
34120;2016-06;0;6330;0;0;0;0;0;0;0;0;0;0;0;0;78;0;0;0;0;0;0;0;393;0;38;0;0;0;0;7773;19552;0;11905;0;0;108;0;28;0;0;0;0;0;0;0;147;0
34121;2016-06;0;15;0;0;0;0;0;0;0;0;0;0;0;0;0;0;0;0;0;0;0;0;1;0;0;0;0;0;0;7;101;0;21;0;0;0;0;0;0;0;0;0;0;0;0;0;0
34122;2016-06;0;11;0;0;0;0;0;0;0;0;0;0;0;0;0;0;0;0;0;0;0;0;0;0;0;0;0;0;0;4;27;0;18;0;0;0;0;0;0;0;0;0;0;0;0;0;0
34123;2016-06;0;131;0;0;0;0;0;0;0;0;0;0;0;0;1;0;0;0;0;0;0;0;2;0;1;0;0;0;0;139;637;0;331;0;0;1;0;1;0;0;0;0;0;0;0;2;0
34124;2016-06;0;4;0;0;0;0;0;0;0;0;0;0;0;0;1;0;0;0;0;0;0;0;0;0;0;0;0;0;0;1;32;0;11;0;0;0;0;0;0;0;0;0;0;0;0;0;0
34125;2016-06;0;8;0;0;0;0;0;0;0;0;0;0;0;0;0;0;0;0;0;0;0;0;0;0;0;0;0;0;0;7;42;0;7;0;0;0;0;0;0;0;0;0;0;0;0;0;0
34126;2016-06;0;16;0;0;0;0;0;0;0;0;0;0;0;0;0;0;0;0;0;0;0;0;2;0;0;0;0;0;0;25;131;0;23;0;0;0;0;0;0;0;0;0;0;0;0;0;0
34127;2016-06;0;5;0;0;0;0;0;0;0;0;0;0;0;0;0;0;0;0;0;0;0;0;0;0;0;0;0;0;0;10;38;0;9;0;0;1;0;0;0;0;0;0;0;0;0;0;0
34129;2016-06;0;7;0;0;0;0;0;0;0;0;0;0;0;0;0;0;0;0;0;0;0;0;1;0;1;0;0;0;0;6;95;0;17;0;0;0;0;0;0;0;0;0;0;0;0;1;0
34130;2016-06;0;14;0;0;0;0;0;0;0;0;0;0;0;0;0;0;0;0;0;0;0;0;0;0;0;0;0;0;0;8;84;0;54;0;0;0;0;1;0;0;0;0;0;0;0;1;0
34131;2016-06;0;2;0;0;0;0;0;0;0;0;0;0;0;0;1;0;0;0;0;0;0;0;0;0;0;0;0;0;0;0;45;0;3;0;0;0;0;0;0;0;0;0;0;0;0;0;0
34132;2016-06;0;7;0;0;0;0;0;0;0;0;0;0;0;0;0;0;0;0;0;0;0;0;0;0;0;0;0;0;0;17;43;0;19;0;0;0;0;0;0;0;0;0;0;0;0;0;0
34133;2016-06;0;5;0;0;0;0;0;0;0;0;0;0;0;0;0;0;0;0;0;0;0;0;0;0;0;0;0;0;0;7;66;0;12;0;0;0;0;0;0;0;0;0;0;0;0;0;0
34134;2016-06;0;0;0;0;0;0;0;0;0;0;0;0;0;0;0;0;0;0;0;0;0;0;0;0;0;0;0;0;0;6;23;0;8;0;0;0;0;0;0;0;0;0;0;0;0;1;0
34135;2016-06;0;37;0;0;0;0;0;0;0;0;0;0;0;0;0;0;0;0;0;0;0;0;2;0;0;0;0;0;0;39;158;0;52;0;0;0;0;0;0;0;0;0;0;0;0;1;0
34136;2016-06;0;7;0;0;0;0;0;0;0;0;0;0;0;0;0;0;0;0;0;0;0;0;0;0;0;0;0;0;0;1;75;0;24;0;0;0;0;1;0;0;0;0;0;0;0;1;0
34137;2016-06;0;0;0;0;0;0;0;0;0;0;0;0;0;0;0;0;0;0;0;0;0;0;0;0;0;0;0;0;0;1;9;0;12;0;0;0;0;0;0;0;0;0;0;0;0;0;0
34139;2016-06;0;10;0;0;0;0;0;0;0;0;0;0;0;0;0;0;0;0;0;0;0;0;1;0;0;0;0;0;0;11;64;0;19;0;0;0;0;0;0;0;0;0;0;0;0;0;0
34140;2016-06;0;3;0;0;0;0;0;0;0;0;0;0;0;0;1;0;0;0;0;0;0;0;0;0;0;0;0;0;0;5;40;0;18;0;0;0;0;0;0;0;0;0;0;0;0;0;0
34141;2016-06;0;16;0;0;0;0;0;0;0;0;0;0;0;0;1;0;0;0;0;0;0;0;0;0;0;0;0;0;0;16;82;0;28;0;0;0;0;0;0;0;0;0;0;0;0;0;0
34143;2016-06;0;11;0;0;0;0;0;0;0;0;0;0;0;0;0;0;0;0;0;0;0;0;0;0;0;0;0;0;0;8;72;0;26;0;0;0;0;0;0;0;0;0;0;0;0;1;0
34146;2016-06;0;3;0;0;0;0;0;0;0;0;0;0;0;0;0;0;0;0;0;0;0;0;0;0;0;0;0;0;0;6;21;0;9;0;0;0;0;0;0;0;0;0;0;0;0;0;0
34147;2016-06;0;12;0;0;0;0;0;0;0;0;0;0;0;0;0;0;0;0;0;0;0;0;0;0;0;0;0;0;0;11;80;0;14;0;0;0;0;0;0;0;0;0;0;0;0;0;0
34149;2016-06;0;6;0;0;0;0;0;0;0;0;0;0;0;0;0;0;0;0;0;0;0;0;0;0;0;0;0;0;0;2;9;0;1;0;0;0;0;0;0;0;0;0;0;0;0;0;0
34151;2016-06;0;16;0;0;0;0;0;0;0;0;0;0;0;0;0;0;0;0;0;0;0;0;0;0;0;0;0;0;0;10;61;0;16;0;0;0;0;0;0;0;0;0;0;0;0;0;0
34152;2016-06;0;11;0;0;0;0;0;0;0;0;0;0;0;0;0;0;0;0;0;0;0;0;0;0;1;0;0;0;0;9;43;0;27;0;0;0;0;0;0;0;0;0;0;0;0;0;0
34154;2016-06;0;1;0;0;0;0;0;0;0;0;0;0;0;0;0;0;0;0;0;0;0;0;0;0;0;0;0;0;0;7;34;0;9;0;0;1;0;0;0;0;0;0;0;0;0;0;0
34155;2016-06;0;10;0;0;0;0;0;0;0;0;0;0;0;0;0;0;0;0;0;0;0;0;0;0;0;0;0;0;0;6;37;0;47;0;0;0;0;1;0;0;0;0;0;0;0;0;0
34156;2016-06;0;3;0;0;0;0;0;0;0;0;0;0;0;0;0;0;0;0;0;0;0;0;0;0;0;0;0;0;0;2;36;0;4;0;0;0;0;0;0;0;0;0;0;0;0;0;0
34157;2016-06;0;202;0;0;0;0;0;0;0;0;0;0;0;0;4;0;0;0;0;0;0;0;6;0;3;0;0;0;0;281;878;0;369;0;0;3;0;0;0;0;0;0;0;0;0;1;0
34158;2016-06;0;26;0;0;0;0;0;0;0;0;0;0;0;0;0;0;0;0;0;0;0;0;1;0;0;0;0;0;0;31;66;0;57;0;0;0;0;0;0;0;0;0;0;0;0;0;0
34159;2016-06;0;16;0;0;0;0;0;0;0;0;0;0;0;0;0;0;0;0;0;0;0;0;0;0;0;0;0;0;0;52;89;0;86;0;0;0;0;1;0;0;0;0;0;0;0;0;0
34160;2016-06;0;11;0;0;0;0;0;0;0;0;0;0;0;0;0;0;0;0;0;0;0;0;0;0;0;0;0;0;0;16;31;0;52;0;0;1;0;0;0;0;0;0;0;0;0;0;0
34161;2016-06;0;2;0;0;0;0;0;0;0;0;0;0;0;0;0;0;0;0;0;0;0;0;0;0;0;0;0;0;0;0;10;0;4;0;0;0;0;0;0;0;0;0;0;0;0;0;0
34163;2016-06;0;2;0;0;0;0;0;0;0;0;0;0;0;0;0;0;0;0;0;0;0;0;0;0;0;0;0;0;0;1;24;0;11;0;0;0;0;0;0;0;0;0;0;0;0;0;0
34165;2016-06;0;4;0;0;0;0;0;0;0;0;0;0;0;0;0;0;0;0;0;0;0;0;0;0;0;0;0;0;0;0;52;0;1;0;0;0;0;0;0;0;0;0;0;0;0;0;0
34167;2016-06;0;9;0;0;0;0;0;0;0;0;0;0;0;0;0;0;0;0;0;0;0;0;0;0;0;0;0;0;0;10;55;0;19;0;0;0;0;1;0;0;0;0;0;0;0;0;0
34168;2016-06;0;5;0;0;0;0;0;0;0;0;0;0;0;0;0;0;0;0;0;0;0;0;0;0;0;0;0;0;0;5;26;0;8;0;0;1;0;0;0;0;0;0;0;0;0;0;0
34169;2016-06;0;34;0;0;0;0;0;0;0;0;0;0;0;0;0;0;0;0;0;0;0;0;0;0;0;0;0;0;0;24;179;0;46;0;0;3;0;0;0;0;0;0;0;0;0;0;0
34170;2016-06;0;7;0;0;0;0;0;0;0;0;0;0;0;0;0;0;0;0;0;0;0;0;0;0;0;0;0;0;0;1;30;0;4;0;0;0;0;0;0;0;0;0;0;0;0;0;0
34171;2016-06;0;65;0;0;0;0;0;0;0;0;0;0;0;0;1;0;0;0;0;0;0;0;6;0;0;0;0;0;0;102;373;0;144;0;0;2;0;0;0;0;0;0;0;0;0;5;0
34174;2016-06;0;10;0;0;0;0;0;0;0;0;0;0;0;0;0;0;0;0;0;0;0;0;0;0;0;0;0;0;0;13;109;0;16;0;0;1;0;0;0;0;0;0;0;0;0;0;0
34175;2016-06;0;8;0;0;0;0;0;0;0;0;0;0;0;0;0;0;0;0;0;0;0;0;0;0;0;0;0;0;0;9;48;0;5;0;0;0;0;0;0;0;0;0;0;0;0;0;0
34176;2016-06;0;15;0;0;0;0;0;0;0;0;0;0;0;0;0;0;0;0;0;0;0;0;0;0;0;0;0;0;0;8;70;0;8;0;0;0;0;0;0;0;0;0;0;0;0;0;0
34177;2016-06;0;12;0;0;0;0;0;0;0;0;0;0;0;0;1;0;0;0;0;0;0;0;0;0;0;0;0;0;0;17;85;0;32;0;0;0;0;0;0;0;0;0;0;0;0;0;0
34178;2016-06;0;9;0;0;0;0;0;0;0;0;0;0;0;0;0;0;0;0;0;0;0;0;0;0;0;0;0;0;0;11;71;0;12;0;0;0;0;0;0;0;0;0;0;0;0;0;0
34179;2016-06;0;4;0;0;0;0;0;0;0;0;0;0;0;0;0;0;0;0;0;0;0;0;0;0;0;0;0;0;0;0;15;0;1;0;0;0;0;0;0;0;0;0;0;0;0;0;0
34180;2016-06;0;6;0;0;0;0;0;0;0;0;0;0;0;0;3;0;0;0;0;0;0;0;0;0;0;0;0;0;0;2;34;0;9;0;0;0;0;0;0;0;0;0;0;0;0;0;0
34181;2016-06;0;38;0;0;0;0;0;0;0;0;0;0;0;0;1;0;0;0;0;0;0;0;4;0;0;0;0;0;0;50;92;0;125;0;0;2;0;0;0;0;0;0;0;0;0;0;0
34182;2016-06;0;47;0;0;0;0;0;0;0;0;0;0;0;0;0;0;0;0;0;0;0;0;4;0;0;0;0;0;0;53;296;0;185;0;0;2;0;0;0;0;0;0;0;0;0;0;0
34184;2016-06;0;1;0;0;0;0;0;0;0;0;0;0;0;0;0;0;0;0;0;0;0;0;0;0;0;0;0;0;0;7;32;0;5;0;0;0;0;0;0;0;0;0;0;0;0;0;0
34185;2016-06;0;4;0;0;0;0;0;0;0;0;0;0;0;0;0;0;0;0;0;0;0;0;0;0;0;0;0;0;0;9;15;0;7;0;0;0;0;0;0;0;0;0;0;0;0;0;0
34186;2016-06;0;5;0;0;0;0;0;0;0;0;0;0;0;0;0;0;0;0;0;0;0;0;0;0;0;0;0;0;0;1;29;0;10;0;0;0;0;0;0;0;0;0;0;0;0;0;0
34189;2016-06;0;4;0;0;0;0;0;0;0;0;0;0;0;0;0;0;0;0;0;0;0;0;0;0;0;0;0;0;0;3;28;0;8;0;0;0;0;0;0;0;0;0;0;0;0;0;0
34190;2016-06;0;5;0;0;0;0;0;0;0;0;0;0;0;0;0;0;0;0;0;0;0;0;0;0;0;0;0;0;0;1;26;0;6;0;0;0;0;0;0;0;0;0;0;0;0;0;0
34192;2016-06;0;4;0;0;0;0;0;0;0;0;0;0;0;0;0;0;0;0;0;0;0;0;0;0;0;0;0;0;0;8;50;0;10;0;0;0;0;0;0;0;0;0;0;0;0;0;0
34196;2016-06;0;10;0;0;0;0;0;0;0;0;0;0;0;0;1;0;0;0;0;0;0;0;0;0;1;0;0;0;0;4;40;0;11;0;0;0;0;0;0;0;0;0;0;0;0;0;0
34199;2016-06;0;114;0;0;0;0;0;0;0;0;0;0;0;0;2;0;0;0;0;0;0;0;15;0;0;0;0;0;0;140;369;0;245;0;0;2;0;0;0;0;0;0;0;0;0;2;0
34201;2016-06;0;17;0;0;0;0;0;0;0;0;0;0;0;0;0;0;0;0;0;0;0;0;0;0;0;0;0;0;0;17;87;0;33;0;0;0;0;0;0;0;0;0;0;0;0;0;0
34202;2016-06;0;3;0;0;0;0;0;0;0;0;0;0;0;0;0;0;0;0;0;0;0;0;0;0;0;0;0;0;0;1;12;0;1;0;0;0;0;0;0;0;0;0;0;0;0;0;0
34204;2016-06;0;5;0;0;0;0;0;0;0;0;0;0;0;0;0;0;0;0;0;0;0;0;0;0;0;0;0;0;0;0;30;0;6;0;0;0;0;0;0;0;0;0;0;0;0;0;0
34205;2016-06;0;4;0;0;0;0;0;0;0;0;0;0;0;0;0;0;0;0;0;0;0;0;0;0;0;0;0;0;0;3;30;0;13;0;0;0;0;0;0;0;0;0;0;0;0;0;0
34206;2016-06;0;66;0;0;0;0;0;0;0;0;0;0;0;0;2;0;0;0;0;0;0;0;1;0;0;0;0;0;0;53;291;0;234;0;0;0;0;1;0;0;0;0;0;0;0;2;0
34208;2016-06;0;5;0;0;0;0;0;0;0;0;0;0;0;0;0;0;0;0;0;0;0;0;1;0;0;0;0;0;0;1;32;0;3;0;0;0;0;0;0;0;0;0;0;0;0;0;0
34210;2016-06;0;5;0;0;0;0;0;0;0;0;0;0;0;0;0;0;0;0;0;0;0;0;0;0;0;0;0;0;0;10;59;0;16;0;0;0;0;0;0;0;0;0;0;0;0;0;0
34211;2016-06;0;16;0;0;0;0;0;0;0;0;0;0;0;0;0;0;0;0;0;0;0;0;0;0;0;0;0;0;0;3;111;0;21;0;0;0;0;0;0;0;0;0;0;0;0;0;0
34213;2016-06;0;2;0;0;0;0;0;0;0;0;0;0;0;0;0;0;0;0;0;0;0;0;0;0;0;0;0;0;0;9;27;0;5;0;0;0;0;0;0;0;0;0;0;0;0;0;0
34214;2016-06;0;14;0;0;0;0;0;0;0;0;0;0;0;0;1;0;0;0;0;0;0;0;3;0;0;0;0;0;0;13;60;0;52;0;0;0;0;0;0;0;0;0;0;0;0;1;0
34215;2016-06;0;15;0;0;0;0;0;0;0;0;0;0;0;0;0;0;0;0;0;0;0;0;1;0;0;0;0;0;0;17;65;0;41;0;0;0;0;0;0;0;0;0;0;0;0;0;0
34216;2016-06;0;10;0;0;0;0;0;0;0;0;0;0;0;0;0;0;0;0;0;0;0;0;0;0;0;0;0;0;0;2;36;0;2;0;0;0;0;0;0;0;0;0;0;0;0;0;0
34217;2016-06;0;169;0;0;0;0;0;0;0;0;0;0;0;0;3;0;0;0;0;0;0;0;13;0;1;0;0;0;0;179;365;0;181;0;0;3;0;0;0;0;0;0;0;0;0;1;0
34218;2016-06;0;37;0;0;0;0;0;0;0;0;0;0;0;0;5;0;0;0;0;0;0;0;2;0;0;0;0;0;0;23;224;0;45;0;0;1;0;0;0;0;0;0;0;0;0;0;0
34220;2016-06;0;28;0;0;0;0;0;0;0;0;0;0;0;0;0;0;0;0;0;0;0;0;1;0;0;0;0;0;0;7;48;0;37;0;0;0;0;0;0;0;0;0;0;0;0;1;0
34221;2016-06;0;14;0;0;0;0;0;0;0;0;0;0;0;0;1;0;0;0;0;0;0;0;5;0;0;0;0;0;0;18;61;0;41;0;0;0;0;0;0;0;0;0;0;0;0;1;0
34222;2016-06;0;5;0;0;0;0;0;0;0;0;0;0;0;0;0;0;0;0;0;0;0;0;1;0;0;0;0;0;0;4;72;0;2;0;0;0;0;0;0;0;0;0;0;0;0;0;0
34223;2016-06;0;21;0;0;0;0;0;0;0;0;0;0;0;0;0;0;0;0;0;0;0;0;0;0;0;0;0;0;0;8;109;0;16;0;0;0;0;0;0;0;0;0;0;0;0;0;0
34224;2016-06;0;6;0;0;0;0;0;0;0;0;0;0;0;0;0;0;0;0;0;0;0;0;0;0;0;0;0;0;0;0;20;0;10;0;0;0;0;0;0;0;0;0;0;0;0;0;0
34225;2016-06;0;539;0;0;0;0;0;0;0;0;0;0;0;0;8;0;0;0;0;0;0;0;42;0;7;0;0;0;0;843;1072;0;1000;0;0;7;0;3;0;0;0;0;0;0;0;8;0
34227;2016-06;0;7;0;0;0;0;0;0;0;0;0;0;0;0;0;0;0;0;0;0;0;0;0;0;1;0;0;0;0;3;41;0;7;0;0;0;0;0;0;0;0;0;0;0;0;0;0
34228;2016-06;0;7;0;0;0;0;0;0;0;0;0;0;0;0;0;0;0;0;0;0;0;0;3;0;0;0;0;0;0;9;35;0;19;0;0;0;0;0;0;0;0;0;0;0;0;0;0
34229;2016-06;0;3;0;0;0;0;0;0;0;0;0;0;0;0;0;0;0;0;0;0;0;0;0;0;0;0;0;0;0;9;37;0;5;0;0;0;0;0;0;0;0;0;0;0;0;1;0
34230;2016-06;0;1;0;0;0;0;0;0;0;0;0;0;0;0;0;0;0;0;0;0;0;0;0;0;0;0;0;0;0;1;8;0;2;0;0;0;0;0;0;0;0;0;0;0;0;0;0
34231;2016-06;0;19;0;0;0;0;0;0;0;0;0;0;0;0;0;0;0;0;0;0;0;0;0;0;0;0;0;0;0;13;106;0;28;0;0;0;0;0;0;0;0;0;0;0;0;0;0
34232;2016-06;0;36;0;0;0;0;0;0;0;0;0;0;0;0;1;0;0;0;0;0;0;0;3;0;2;0;0;0;0;59;273;0;182;0;0;1;0;0;0;0;0;0;0;0;0;0;0
34233;2016-06;0;7;0;0;0;0;0;0;0;0;0;0;0;0;1;0;0;0;0;0;0;0;1;0;0;0;0;0;0;2;78;0;17;0;0;0;0;0;0;0;0;0;0;0;0;0;0
34234;2016-06;0;2;0;0;0;0;0;0;0;0;0;0;0;0;0;0;0;0;0;0;0;0;1;0;0;0;0;0;0;6;33;0;7;0;0;0;0;1;0;0;0;0;0;0;0;0;0
34236;2016-06;0;11;0;0;0;0;0;0;0;0;0;0;0;0;0;0;0;0;0;0;0;0;0;0;0;0;0;0;0;5;86;0;16;0;0;0;0;1;0;0;0;0;0;0;0;0;0
34237;2016-06;0;32;0;0;0;0;0;0;0;0;0;0;0;0;2;0;0;0;0;0;0;0;2;0;3;0;0;0;0;30;267;0;110;0;0;0;0;0;0;0;0;0;0;0;0;0;0
34238;2016-06;0;27;0;0;0;0;0;0;0;0;0;0;0;0;0;0;0;0;0;0;0;0;0;0;1;0;0;0;0;34;111;0;88;0;0;0;0;0;0;0;0;0;0;0;0;2;0
34240;2016-06;0;4;0;0;0;0;0;0;0;0;0;0;0;0;0;0;0;0;0;0;0;0;0;0;0;0;0;0;0;7;44;0;8;0;0;0;0;1;0;0;0;0;0;0;0;0;0
34241;2016-06;0;2;0;0;0;0;0;0;0;0;0;0;0;0;0;0;0;0;0;0;0;0;0;0;0;0;0;0;0;0;8;0;2;0;0;0;0;0;0;0;0;0;0;0;0;0;0
34242;2016-06;0;5;0;0;0;0;0;0;0;0;0;0;0;0;0;0;0;0;0;0;0;0;0;0;0;0;0;0;0;4;39;0;17;0;0;0;0;0;0;0;0;0;0;0;0;0;0
34243;2016-06;0;15;0;0;0;0;0;0;0;0;0;0;0;0;0;0;0;0;0;0;0;0;0;0;0;0;0;0;0;23;143;0;66;0;0;0;0;1;0;0;0;0;0;0;0;0;0
34245;2016-06;0;18;0;0;0;0;0;0;0;0;0;0;0;0;3;0;0;0;0;0;0;0;0;0;0;0;0;0;0;10;129;0;42;0;0;1;0;0;0;0;0;0;0;0;0;0;0
34246;2016-06;0;6;0;0;0;0;0;0;0;0;0;0;0;0;0;0;0;0;0;0;0;0;0;0;0;0;0;0;0;2;30;0;13;0;0;0;0;0;0;0;0;0;0;0;0;0;0
34901;2016-06;0;84;0;0;0;0;0;0;0;0;0;0;0;0;1;0;0;0;0;0;0;0;9;0;0;0;0;0;0;59;486;0;164;0;0;2;0;0;0;0;0;0;0;0;0;4;0
34902;2016-06;0;5;0;0;0;0;0;0;0;0;0;0;0;0;0;0;0;0;0;0;0;0;0;0;0;0;0;0;0;10;75;0;16;0;0;0;0;0;0;0;0;0;0;0;0;0;0
34903;2016-06;0;5;0;0;0;0;0;0;0;0;0;0;0;0;0;0;0;0;0;0;0;0;0;0;0;0;0;0;0;8;88;0;28;0;0;1;0;0;0;0;0;0;0;0;0;0;0
34904;2016-06;0;19;0;0;0;0;0;0;0;0;0;0;0;0;0;0;0;0;0;0;0;0;1;0;0;0;0;0;0;31;106;0;71;0;0;0;0;0;0;0;0;0;0;0;0;0;0
35001;2016-06;0;225;0;0;51;0;0;0;0;0;0;0;0;0;0;0;0;0;0;5;0;0;30;0;4;0;2;0;0;566;1347;0;943;0;0;9;0;2;0;0;0;0;0;3;0;6;3
35002;2016-06;0;1961;0;0;671;0;0;0;0;0;0;0;0;0;0;0;0;0;0;17;0;0;180;0;24;0;10;0;0;3653;4942;0;3660;0;0;38;0;3;0;0;0;0;0;15;0;17;28
35003;2016-06;0;355;0;0;152;0;0;0;0;0;0;0;0;0;0;0;0;0;0;2;0;0;22;0;4;0;5;0;0;695;1024;0;621;0;0;3;0;1;0;0;0;0;0;4;0;2;5
35004;2016-06;0;2235;0;0;1627;0;0;0;0;0;0;0;0;0;0;0;0;0;0;11;0;0;313;0;38;0;11;0;0;4631;5427;0;5689;0;0;46;0;7;0;0;0;0;0;25;0;33;61
35005;2016-06;0;57;0;0;7;0;0;0;0;0;0;0;0;0;0;0;0;0;0;0;0;0;5;0;0;0;0;0;0;90;322;0;246;0;0;0;0;0;0;0;0;0;0;0;0;1;1
35006;2016-06;0;2664;0;0;1047;0;0;0;0;0;0;0;0;0;0;0;0;0;0;22;0;0;297;0;28;0;17;0;0;4711;6418;0;5560;0;0;82;0;14;0;0;0;0;0;22;0;33;41
35007;2016-06;0;25;0;0;41;0;0;0;0;0;0;0;0;0;0;0;0;0;0;0;0;0;2;0;1;0;0;0;0;46;118;0;73;0;0;1;0;0;0;0;0;0;0;0;0;0;0
35008;2016-06;0;578;0;0;234;0;0;0;0;0;0;0;0;0;0;0;0;0;0;5;0;0;39;0;3;0;5;0;0;852;1625;0;1041;0;0;15;0;4;0;0;0;0;0;10;0;4;10
35009;2016-06;0;1469;0;0;600;0;0;0;0;0;0;0;0;0;0;0;0;0;0;12;0;0;163;0;33;0;8;0;0;2556;4982;0;3973;0;0;28;0;7;0;0;0;0;0;14;0;19;8
35010;2016-06;0;233;0;0;444;0;0;0;0;0;0;0;0;0;0;0;0;0;0;1;0;0;13;0;4;0;0;0;0;415;640;0;510;0;0;1;0;0;0;0;0;0;0;2;0;7;3
35011;2016-06;0;1979;0;0;604;0;0;0;0;0;0;0;0;0;0;0;0;0;0;26;0;0;204;0;18;0;8;0;0;3535;5223;0;3855;0;0;56;0;7;0;0;0;0;0;11;0;37;26
35012;2016-06;0;552;0;0;91;0;0;0;0;0;0;0;0;0;0;0;0;0;0;6;0;0;55;0;9;0;7;0;0;941;2432;0;1253;0;0;12;0;0;0;0;0;0;0;8;0;6;3
35013;2016-06;0;476;0;0;123;0;0;0;0;0;0;0;0;0;0;0;0;0;0;3;0;0;44;0;1;0;4;0;0;738;2384;0;940;0;0;7;0;3;0;0;0;0;0;3;0;8;6
35014;2016-06;0;667;0;0;252;0;0;0;0;0;0;0;0;0;0;0;0;0;0;3;0;0;78;0;13;0;5;0;0;1567;2023;0;1148;0;0;17;0;3;0;0;0;0;0;12;0;23;64
35015;2016-06;0;475;0;0;352;0;0;0;0;0;0;0;0;0;0;0;0;0;0;7;0;0;58;0;17;0;6;0;0;1200;1330;0;1562;0;0;16;0;0;0;0;0;0;0;4;0;5;9
35016;2016-06;0;26740;0;0;3039;0;0;0;0;0;0;0;0;0;0;0;0;0;0;205;0;0;2892;0;425;0;205;0;0;45622;64080;0;43871;0;0;692;0;76;0;0;0;0;0;219;0;450;354
35017;2016-06;0;1897;0;0;980;0;0;0;0;0;0;0;0;0;0;0;0;0;0;8;0;0;177;0;17;0;16;0;0;3837;4674;0;2876;0;0;38;0;9;0;0;0;0;0;28;0;32;33
35018;2016-06;0;1036;0;0;487;0;0;0;0;0;0;0;0;0;0;0;0;0;0;3;0;0;105;0;12;0;6;0;0;1994;2058;0;1739;0;0;17;0;3;0;0;0;0;0;9;0;13;11
35019;2016-06;0;2307;0;0;517;0;0;0;0;0;0;0;0;0;0;0;0;0;0;23;0;0;266;0;22;0;18;0;0;4034;6800;0;4824;0;0;51;0;6;0;0;0;0;0;19;0;34;23
35020;2016-06;0;218;0;0;205;0;0;0;0;0;0;0;0;0;0;0;0;0;0;4;0;0;31;0;11;0;2;0;0;473;1286;0;1672;0;0;4;0;0;0;0;0;0;0;2;0;4;2
35021;2016-06;0;1744;0;0;84;0;0;0;0;0;0;0;0;0;0;0;0;0;0;12;0;0;120;0;19;0;8;0;0;2176;4134;0;1958;0;0;21;0;1;0;0;0;0;0;5;0;18;25
35022;2016-06;0;3589;0;0;878;0;0;0;0;0;0;0;0;0;0;0;0;0;0;34;0;0;445;0;37;0;12;0;0;6579;9295;0;7684;0;0;82;0;14;0;0;0;0;0;157;0;49;27
35023;2016-06;0;823;0;0;613;0;0;0;0;0;0;0;0;0;0;0;0;0;0;14;0;0;68;0;18;0;4;0;0;1452;3130;0;1848;0;0;24;0;2;0;0;0;0;0;9;0;10;6
35024;2016-06;0;1284;0;0;1047;0;0;0;0;0;0;0;0;0;0;0;0;0;0;2;0;0;82;0;4;0;7;0;0;1856;2250;0;1788;0;0;12;0;1;0;0;0;0;0;5;0;8;16
35025;2016-06;0;108;0;0;15;0;0;0;0;0;0;0;0;0;0;0;0;0;0;1;0;0;6;0;7;0;2;0;0;189;679;0;227;0;0;2;0;1;0;0;0;0;0;1;0;3;0
35026;2016-06;0;6954;0;0;2028;0;0;0;0;0;0;0;0;0;0;0;0;0;0;69;0;0;656;0;75;0;53;0;0;11396;17654;0;11487;0;0;172;0;23;0;0;0;0;0;62;0;89;70
35027;2016-06;0;856;0;0;249;0;0;0;0;0;0;0;0;0;0;0;0;0;0;4;0;0;64;0;13;0;7;0;0;1232;2922;0;1772;0;0;15;0;9;0;0;0;0;0;2;0;18;3
35028;2016-06;0;726;0;0;225;0;0;0;0;0;0;0;0;0;0;0;0;0;0;3;0;0;63;0;8;0;3;0;0;1057;1964;0;1269;0;0;12;0;2;0;0;0;0;0;7;0;4;15
35029;2016-06;0;302;0;0;362;0;0;0;0;0;0;0;0;0;0;0;0;0;0;0;0;0;15;0;2;0;2;0;0;421;690;0;650;0;0;11;0;0;0;0;0;0;0;5;0;4;2
35030;2016-06;0;547;0;0;497;0;0;0;0;0;0;0;0;0;0;0;0;0;0;6;0;0;37;0;10;0;3;0;0;1035;1864;0;1264;0;0;8;0;2;0;0;0;0;0;5;0;8;6
35031;2016-06;0;606;0;0;52;0;0;0;0;0;0;0;0;0;0;0;0;0;0;6;0;0;50;0;2;0;3;0;0;1077;2177;0;899;0;0;22;0;2;0;0;0;0;0;6;0;7;4
35032;2016-06;0;233;0;0;23;0;0;0;0;0;0;0;0;0;0;0;0;0;0;4;0;0;22;0;7;0;4;0;0;376;1218;0;500;0;0;3;0;4;0;0;0;0;0;1;0;9;4
35033;2016-06;0;575;0;0;62;0;0;0;0;0;0;0;0;0;0;0;0;0;0;10;0;0;42;0;6;0;3;0;0;772;1684;0;1060;0;0;17;0;2;0;0;0;0;0;5;0;6;3
35034;2016-06;0;493;0;0;297;0;0;0;0;0;0;0;0;0;0;0;0;0;0;5;0;0;68;0;4;0;4;0;0;1038;1252;0;724;0;0;11;0;3;0;0;0;0;0;4;0;4;9
36001;2016-06;0;126;0;0;0;0;0;0;0;0;0;0;0;0;0;0;0;0;0;0;0;0;15;0;1;0;0;0;300;0;1031;0;364;0;0;2;0;0;0;0;0;0;0;0;0;4;0
36002;2016-06;0;166;0;0;0;0;0;0;0;2;0;0;0;0;0;0;0;0;0;0;0;0;6;0;5;0;0;0;279;0;1259;0;422;0;0;4;0;0;0;0;0;0;0;0;0;6;0
36003;2016-06;0;704;0;0;0;0;0;0;0;6;0;0;0;0;0;0;0;0;0;0;0;0;57;0;8;0;0;0;1703;0;3283;0;1258;0;0;12;0;0;0;0;0;0;0;0;0;12;0
36004;2016-06;0;570;0;0;0;0;0;0;0;10;0;0;0;0;0;0;0;0;0;0;0;0;79;0;14;0;0;0;1791;0;3132;0;1158;0;0;12;0;0;0;0;0;0;0;0;0;15;0
36005;2016-06;0;417;0;0;0;0;0;0;0;8;0;0;0;0;0;0;0;0;0;0;0;0;53;0;5;0;0;0;974;0;2441;0;1434;0;0;10;0;0;0;0;0;0;0;0;0;6;0
36006;2016-06;0;657;0;0;0;0;0;0;0;9;0;0;0;0;0;0;0;0;0;0;0;0;116;0;16;0;0;0;1723;0;4243;0;1545;0;0;13;0;0;0;0;0;0;0;0;0;11;0
36007;2016-06;0;66;0;0;0;0;0;0;0;0;0;0;0;0;0;0;0;0;0;0;0;0;9;0;3;0;0;0;126;0;591;0;294;0;0;2;0;0;0;0;0;0;0;0;0;0;0
36008;2016-06;0;1212;0;0;0;0;0;0;0;25;0;0;0;0;0;0;0;0;0;0;0;0;177;0;17;0;0;0;5819;0;5327;0;2492;0;0;43;0;0;0;0;0;0;0;0;0;22;0
36009;2016-06;0;227;0;0;0;0;0;0;0;2;0;0;0;0;0;0;0;0;0;0;0;0;14;0;9;0;0;0;470;0;1619;0;629;0;0;13;0;0;0;0;0;0;0;0;0;3;0
36010;2016-06;0;121;0;0;0;0;0;0;0;3;0;0;0;0;0;0;0;0;0;0;0;0;17;0;0;0;0;0;527;0;855;0;531;0;0;3;0;0;0;0;0;0;0;0;0;6;0
36011;2016-06;0;43;0;0;0;0;0;0;0;1;0;0;0;0;0;0;0;0;0;0;0;0;4;0;1;0;0;0;113;0;690;0;259;0;0;2;0;0;0;0;0;0;0;0;0;1;0
36012;2016-06;0;165;0;0;0;0;0;0;0;4;0;0;0;0;0;0;0;0;0;0;0;0;36;0;2;0;0;0;479;0;1289;0;723;0;0;8;0;0;0;0;0;0;0;0;0;2;0
36013;2016-06;0;90;0;0;0;0;0;0;0;1;0;0;0;0;0;0;0;0;0;0;0;0;12;0;4;0;0;0;232;0;899;0;264;0;0;1;0;0;0;0;0;0;0;0;0;0;0
36014;2016-06;0;70;0;0;0;0;0;0;0;2;0;0;0;0;0;0;0;0;0;0;0;0;11;0;6;0;0;0;201;0;884;0;257;0;0;2;0;0;0;0;0;0;0;0;0;2;0
36015;2016-06;0;186;0;0;0;0;0;0;0;7;0;0;0;0;0;0;0;0;0;0;0;0;20;0;0;0;0;0;433;0;1264;0;737;0;0;2;0;0;0;0;0;0;0;0;0;5;0
36016;2016-06;0;29;0;0;0;0;0;0;0;0;0;0;0;0;0;0;0;0;0;0;0;0;2;0;0;0;0;0;35;0;563;0;76;0;0;3;0;0;0;0;0;0;0;0;0;0;0
36017;2016-06;0;805;0;0;0;0;0;0;0;24;0;0;0;0;0;0;0;0;0;0;0;0;85;0;16;0;0;0;2141;0;6340;0;2663;0;0;27;0;0;0;0;0;0;0;0;0;22;0
36018;2016-06;0;154;0;0;0;0;0;0;0;3;0;0;0;0;0;0;0;0;0;0;0;0;10;0;1;0;0;0;252;0;1296;0;441;0;0;1;0;0;0;0;0;0;0;0;0;2;0
36019;2016-06;0;60;0;0;0;0;0;0;0;4;0;0;0;0;0;0;0;0;0;0;0;0;5;0;0;0;0;0;126;0;403;0;422;0;0;0;0;0;0;0;0;0;0;0;0;0;0
36020;2016-06;0;102;0;0;0;0;0;0;0;0;0;0;0;0;0;0;0;0;0;0;0;0;15;0;0;0;0;0;123;0;1060;0;299;0;0;1;0;0;0;0;0;0;0;0;0;2;0
36021;2016-06;0;813;0;0;0;0;0;0;0;7;0;0;0;0;0;0;0;0;0;0;0;0;114;0;8;0;0;0;2116;0;3359;0;1803;0;0;17;0;0;0;0;0;0;0;0;0;16;0
36022;2016-06;0;446;0;0;0;0;0;0;0;5;0;0;0;0;0;0;0;0;0;0;0;0;58;0;13;0;0;0;2080;0;2181;0;1316;0;0;11;0;0;0;0;0;0;0;0;0;13;0
36023;2016-06;0;482;0;0;0;0;0;0;0;7;0;0;0;0;0;0;0;0;0;0;0;0;59;0;10;0;0;0;1475;0;2798;0;991;0;0;7;0;0;0;0;0;0;0;0;0;14;0
36024;2016-06;0;1138;0;0;0;0;0;0;0;14;0;0;0;0;0;0;0;0;0;0;0;0;92;0;11;0;0;0;1429;0;7094;0;1855;0;0;23;0;0;0;0;0;0;0;0;0;16;0
36025;2016-06;0;126;0;0;0;0;0;0;0;5;0;0;0;0;0;0;0;0;0;0;0;0;8;0;1;0;0;0;170;0;844;0;182;0;0;1;0;0;0;0;0;0;0;0;0;3;0
36026;2016-06;0;1319;0;0;0;0;0;0;0;21;0;0;0;0;0;0;0;0;0;0;0;0;158;0;11;0;0;0;3084;0;6270;0;2531;0;0;33;0;0;0;0;0;0;0;0;0;28;0
36027;2016-06;0;221;0;0;0;0;0;0;0;4;0;0;0;0;0;0;0;0;0;0;0;0;23;0;5;0;0;0;442;0;1758;0;621;0;0;8;0;0;0;0;0;0;0;0;0;4;0
36028;2016-06;0;202;0;0;0;0;0;0;0;6;0;0;0;0;0;0;0;0;0;0;0;0;19;0;4;0;0;0;443;0;1526;0;638;0;0;9;0;0;0;0;0;0;0;0;0;4;0
36029;2016-06;0;1017;0;0;0;0;0;0;0;9;0;0;0;0;0;0;0;0;0;0;0;0;107;0;15;0;0;0;3722;0;4431;0;2020;0;0;24;0;0;0;0;0;0;0;0;0;26;0
36030;2016-06;0;172;0;0;0;0;0;0;0;2;0;0;0;0;0;0;0;0;0;0;0;0;25;0;6;0;0;0;590;0;1354;0;596;0;0;4;0;0;0;0;0;0;0;0;0;9;0
36031;2016-06;0;33;0;0;0;0;0;0;0;2;0;0;0;0;0;0;0;0;0;0;0;0;5;0;0;0;0;0;94;0;250;0;66;0;0;1;0;0;0;0;0;0;0;0;0;1;0
36032;2016-06;0;164;0;0;0;0;0;0;0;1;0;0;0;0;0;0;0;0;0;0;0;0;23;0;2;0;0;0;332;0;1335;0;657;0;0;4;0;0;0;0;0;0;0;0;0;1;0
36033;2016-06;0;697;0;0;0;0;0;0;0;14;0;0;0;0;0;0;0;0;0;0;0;0;91;0;16;0;0;0;2331;0;3408;0;2138;0;0;25;0;0;0;0;0;0;0;0;0;15;0
36034;2016-06;0;172;0;0;0;0;0;0;0;4;0;0;0;0;0;0;0;0;0;0;0;0;24;0;7;0;0;0;417;0;1218;0;504;0;0;9;0;0;0;0;0;0;0;0;0;1;0
36035;2016-06;0;1094;0;0;0;0;0;0;0;14;0;0;0;0;0;0;0;0;0;0;0;0;131;0;13;0;0;0;2382;0;4295;0;2132;0;0;30;0;0;0;0;0;0;0;0;0;18;0
36036;2016-06;0;105;0;0;0;0;0;0;0;4;0;0;0;0;0;0;0;0;0;0;0;0;18;0;4;0;0;0;379;0;891;0;379;0;0;1;0;0;0;0;0;0;0;0;0;2;0
36037;2016-06;0;104;0;0;0;0;0;0;0;5;0;0;0;0;0;0;0;0;0;0;0;0;12;0;3;0;0;0;395;0;876;0;289;0;0;3;0;0;0;0;0;0;0;0;0;9;0
36038;2016-06;0;4571;0;0;0;0;0;0;0;70;0;0;0;0;0;0;0;0;0;0;0;0;537;0;42;0;0;0;10917;0;19920;0;10559;0;0;101;0;0;0;0;0;0;0;0;0;107;0
36039;2016-06;0;1047;0;0;0;0;0;0;0;14;0;0;0;0;0;0;0;0;0;0;0;0;137;0;13;0;0;0;3004;0;4292;0;1974;0;0;39;0;0;0;0;0;0;0;0;0;18;0
36040;2016-06;0;121;0;0;0;0;0;0;0;2;0;0;0;0;0;0;0;0;0;0;0;0;12;0;1;0;0;0;270;0;884;0;374;0;0;0;0;0;0;0;0;0;0;0;0;1;0
36041;2016-06;0;996;0;0;0;0;0;0;0;13;0;0;0;0;0;0;0;0;0;0;0;0;104;0;10;0;0;0;1776;0;4389;0;1798;0;0;18;0;0;0;0;0;0;0;0;0;11;0
36042;2016-06;0;1107;0;0;0;0;0;0;0;24;0;0;0;0;0;0;0;0;0;0;0;0;152;0;15;0;0;0;3431;0;4589;0;2533;0;0;30;0;0;0;0;0;0;0;0;0;29;0
36043;2016-06;0;243;0;0;0;0;0;0;0;6;0;0;0;0;0;0;0;0;0;0;0;0;36;0;2;0;0;0;538;0;1548;0;759;0;0;4;0;0;0;0;0;0;0;0;0;6;0
36044;2016-06;0;140;0;0;0;0;0;0;0;1;0;0;0;0;0;0;0;0;0;0;0;0;15;0;0;0;0;0;397;0;807;0;274;0;0;4;0;0;0;0;0;0;0;0;0;1;0
36045;2016-06;0;1252;0;0;0;0;0;0;0;26;0;0;0;0;0;0;0;0;0;0;0;0;211;0;26;0;0;0;5350;0;5943;0;4330;0;0;44;0;0;0;0;0;0;0;0;0;25;0
36046;2016-06;0;254;0;0;0;0;0;0;0;9;0;0;0;0;0;0;0;0;0;0;0;0;21;0;7;0;0;0;523;0;1388;0;688;0;0;11;0;0;0;0;0;0;0;0;0;5;0
36047;2016-06;0;64;0;0;0;0;0;0;0;3;0;0;0;0;0;0;0;0;0;0;0;0;2;0;4;0;0;0;119;0;982;0;434;0;0;0;0;0;0;0;0;0;0;0;0;0;0
36048;2016-06;0;284;0;0;0;0;0;0;0;5;0;0;0;0;0;0;0;0;0;0;0;0;39;0;4;0;0;0;841;0;1629;0;764;0;0;8;0;0;0;0;0;0;0;0;0;7;0
36049;2016-06;0;506;0;0;0;0;0;0;0;9;0;0;0;0;0;0;0;0;0;0;0;0;49;0;8;0;0;0;1323;0;2069;0;838;0;0;13;0;0;0;0;0;0;0;0;0;9;0
36050;2016-06;0;442;0;0;0;0;0;0;0;9;0;0;0;0;0;0;0;0;0;0;0;0;60;0;5;0;0;0;1222;0;2033;0;1365;0;0;13;0;0;0;0;0;0;0;0;0;14;0
36051;2016-06;0;939;0;0;0;0;0;0;0;12;0;0;0;0;0;0;0;0;0;0;0;0;103;0;12;0;0;0;1820;0;4711;0;1788;0;0;21;0;0;0;0;0;0;0;0;0;16;0
36052;2016-06;0;402;0;0;0;0;0;0;0;7;0;0;0;0;0;0;0;0;0;0;0;0;31;0;8;0;0;0;658;0;2602;0;1144;0;0;6;0;0;0;0;0;0;0;0;0;4;0
36053;2016-06;0;328;0;0;0;0;0;0;0;4;0;0;0;0;0;0;0;0;0;0;0;0;37;0;6;0;0;0;922;0;2014;0;693;0;0;3;0;0;0;0;0;0;0;0;0;5;0
36054;2016-06;0;635;0;0;0;0;0;0;0;5;0;0;0;0;0;0;0;0;0;0;0;0;67;0;13;0;0;0;1631;0;3336;0;1579;0;0;11;0;0;0;0;0;0;0;0;0;19;0
36055;2016-06;0;931;0;0;0;0;0;0;0;21;0;0;0;0;0;0;0;0;0;0;0;0;133;0;19;0;0;0;1961;0;4423;0;1811;0;0;21;0;0;0;0;0;0;0;0;0;18;0
36056;2016-06;0;275;0;0;0;0;0;0;0;5;0;0;0;0;0;0;0;0;0;0;0;0;35;0;4;0;0;0;614;0;1927;0;619;0;0;2;0;0;0;0;0;0;0;0;0;4;0
36057;2016-06;0;15912;0;0;0;0;0;0;0;253;0;0;0;0;0;0;0;0;0;0;0;0;2396;0;213;0;0;0;50830;0;55598;0;40205;0;0;524;0;0;0;0;0;0;0;0;0;308;0
36058;2016-06;0;245;0;0;0;0;0;0;0;4;0;0;0;0;0;0;0;0;0;0;0;0;26;0;5;0;0;0;724;0;1385;0;812;0;0;3;0;0;0;0;0;0;0;0;0;6;0
36059;2016-06;0;205;0;0;0;0;0;0;0;3;0;0;0;0;0;0;0;0;0;0;0;0;35;0;5;0;0;0;384;0;1895;0;515;0;0;12;0;0;0;0;0;0;0;0;0;3;0
36060;2016-06;0;2013;0;0;0;0;0;0;0;23;0;0;0;0;0;0;0;0;0;0;0;0;311;0;36;0;0;0;5312;0;8243;0;4981;0;0;50;0;0;0;0;0;0;0;0;0;29;0
36061;2016-06;0;490;0;0;0;0;0;0;0;9;0;0;0;0;0;0;0;0;0;0;0;0;84;0;4;0;0;0;919;0;3512;0;1056;0;0;9;0;0;0;0;0;0;0;0;0;9;0
36901;2016-06;0;228;0;0;0;0;0;0;0;4;0;0;0;0;0;0;0;0;0;0;0;0;21;0;1;0;0;0;747;0;937;0;1137;0;0;5;0;0;0;0;0;0;0;0;0;3;0
37001;2016-06;0;23;0;0;0;0;0;0;0;0;0;0;0;0;0;0;0;0;0;0;0;0;0;0;1;0;0;0;0;15;78;0;31;0;0;0;0;0;0;0;0;0;0;0;0;0;0
37002;2016-06;0;15;0;0;0;0;0;0;0;0;0;0;0;0;0;0;0;0;0;0;0;0;0;0;0;0;0;0;0;4;42;1;24;0;0;0;0;0;0;0;0;0;0;0;0;0;0
37003;2016-06;0;8;0;0;0;0;0;0;0;0;0;0;0;0;0;0;0;0;0;0;0;0;0;0;1;0;0;0;0;3;58;0;23;0;0;0;0;0;0;0;0;0;0;0;0;0;0
37004;2016-06;0;2;0;0;0;0;0;0;0;0;0;0;0;0;0;0;0;0;0;0;0;0;0;0;0;0;0;0;0;2;14;0;3;0;0;0;0;0;0;0;0;0;0;0;0;0;0
37005;2016-06;0;6;0;0;0;0;0;0;0;0;0;0;0;0;0;0;0;0;0;0;0;0;0;0;0;0;0;0;0;3;35;0;8;0;0;0;0;0;0;0;0;0;0;0;0;0;0
37006;2016-06;0;8;0;0;0;0;0;0;0;0;0;0;0;0;0;0;0;0;0;0;0;0;0;0;0;0;0;0;0;20;60;0;11;0;0;1;0;0;0;0;0;0;0;0;0;1;0
37007;2016-06;0;33;0;0;0;0;0;0;0;0;0;0;0;0;0;0;0;0;0;0;0;0;1;0;0;0;0;0;0;21;152;1;94;0;0;1;0;0;0;0;0;0;0;0;0;0;0
37008;2016-06;0;444;0;0;0;0;0;0;0;0;0;0;0;0;0;0;0;0;0;0;0;0;20;0;2;0;0;0;0;305;1741;1;657;0;0;4;0;0;0;0;0;0;0;0;0;4;0
37009;2016-06;0;17;0;0;0;0;0;0;0;0;0;0;0;0;0;0;0;0;0;0;0;0;1;0;0;0;0;0;0;14;100;0;36;0;0;0;0;0;0;0;0;0;0;0;0;0;0
37010;2016-06;0;109;0;0;0;0;0;0;0;0;0;0;0;0;0;0;0;0;0;0;0;0;2;0;1;0;0;0;0;97;324;0;166;0;0;1;0;0;0;0;0;0;0;0;0;2;0
37011;2016-06;0;15;0;0;0;0;0;0;0;0;0;0;0;0;0;0;0;0;0;0;0;0;0;0;1;0;0;0;0;9;41;0;21;0;0;0;0;0;0;0;0;0;0;0;0;1;0
37012;2016-06;0;14;0;0;0;0;0;0;0;0;0;0;0;0;0;0;0;0;0;0;0;0;0;0;0;0;0;0;0;7;66;1;25;0;0;0;0;0;0;0;0;0;0;0;0;1;0
37013;2016-06;0;11;0;0;0;0;0;0;0;0;0;0;0;0;0;0;0;0;0;0;0;0;0;0;0;0;0;0;0;8;50;0;7;0;0;0;0;0;0;0;0;0;0;0;0;0;0
37014;2016-06;0;89;0;0;0;0;0;0;0;0;0;0;0;0;0;0;0;0;0;0;0;0;1;0;0;0;0;0;0;86;361;0;261;0;0;1;0;0;0;0;0;0;0;0;0;2;0
37015;2016-06;0;13;0;0;0;0;0;0;0;0;0;0;0;0;0;0;0;0;0;0;0;0;1;0;0;0;0;0;0;19;74;1;35;0;0;0;0;0;0;0;0;0;0;0;0;0;0
37016;2016-06;0;78;0;0;0;0;0;0;0;0;0;0;0;0;0;0;0;0;0;0;0;0;5;0;0;0;0;0;0;47;189;0;80;0;0;0;0;0;0;0;0;0;0;0;0;0;0
37017;2016-06;0;13;0;0;0;0;0;0;0;0;0;0;0;0;0;0;0;0;0;0;0;0;2;0;0;0;0;0;0;13;137;0;11;0;0;0;0;0;0;0;0;0;0;0;0;0;0
37018;2016-06;0;6;0;0;0;0;0;0;0;0;0;0;0;0;0;0;0;0;0;0;0;0;0;0;0;0;0;0;0;7;47;0;18;0;0;0;0;0;0;0;0;0;0;0;0;1;0
37019;2016-06;0;15;0;0;0;0;0;0;0;0;0;0;0;0;0;0;0;0;0;0;0;0;0;0;0;0;0;0;0;2;95;0;8;0;0;0;0;0;0;0;0;0;0;0;0;0;0
37020;2016-06;0;38;0;0;0;0;0;0;0;0;0;0;0;0;0;0;0;0;0;0;0;0;5;0;0;0;0;0;0;38;154;2;81;0;0;1;0;0;0;0;0;0;0;0;0;1;0
37021;2016-06;0;10;0;0;0;0;0;0;0;0;0;0;0;0;0;0;0;0;0;0;0;0;0;0;0;0;0;0;0;1;35;0;14;0;0;0;0;0;0;0;0;0;0;0;0;0;0
37022;2016-06;0;23;0;0;0;0;0;0;0;0;0;0;0;0;0;0;0;0;0;0;0;0;0;0;1;0;0;0;0;16;140;0;33;0;0;0;0;0;0;0;0;0;0;0;0;0;0
37023;2016-06;0;279;0;0;0;0;0;0;0;0;0;0;0;0;0;0;0;0;0;0;0;0;9;0;1;0;0;0;0;165;403;0;194;0;0;1;0;0;0;0;0;0;0;0;0;3;0
37024;2016-06;0;7;0;0;0;0;0;0;0;0;0;0;0;0;0;0;0;0;0;0;0;0;0;0;0;0;0;0;0;1;41;0;18;0;0;0;0;0;0;0;0;0;0;0;0;0;0
37025;2016-06;0;32;0;0;0;0;0;0;0;0;0;0;0;0;0;0;0;0;0;0;0;0;0;0;1;0;0;0;0;10;116;0;57;0;0;0;0;0;0;0;0;0;0;0;0;0;0
37026;2016-06;0;18;0;0;0;0;0;0;0;0;0;0;0;0;0;0;0;0;0;0;0;0;0;0;1;0;0;0;0;9;68;0;50;0;0;0;0;0;0;0;0;0;0;0;0;0;0
37027;2016-06;0;15;0;0;0;0;0;0;0;0;0;0;0;0;0;0;0;0;0;0;0;0;0;0;0;0;0;0;0;29;93;0;34;0;0;0;0;0;0;0;0;0;0;0;0;0;0
37028;2016-06;0;5;0;0;0;0;0;0;0;0;0;0;0;0;0;0;0;0;0;0;0;0;0;0;0;0;0;0;0;4;81;0;22;0;0;0;0;0;0;0;0;0;0;0;0;0;0
37029;2016-06;0;19;0;0;0;0;0;0;0;0;0;0;0;0;0;0;0;0;0;0;0;0;1;0;0;0;0;0;0;7;59;0;48;0;0;0;0;0;0;0;0;0;0;0;0;0;0
37030;2016-06;0;12;0;0;0;0;0;0;0;0;0;0;0;0;0;0;0;0;0;0;0;0;0;0;0;0;0;0;0;9;35;0;8;0;0;0;0;0;0;0;0;0;0;0;0;2;0
37031;2016-06;0;40;0;0;0;0;0;0;0;0;0;0;0;0;0;0;0;0;0;0;0;0;0;0;0;0;0;0;0;19;158;1;46;0;0;0;0;0;0;0;0;0;0;0;0;0;0
37032;2016-06;0;64;0;0;0;0;0;0;0;0;0;0;0;0;0;0;0;0;0;0;0;0;3;0;0;0;0;0;0;52;213;0;66;0;0;1;0;0;0;0;0;0;0;0;0;0;0
37033;2016-06;0;7;0;0;0;0;0;0;0;0;0;0;0;0;0;0;0;0;0;0;0;0;1;0;1;0;0;0;0;7;33;0;13;0;0;0;0;0;0;0;0;0;0;0;0;1;0
37034;2016-06;0;14;0;0;0;0;0;0;0;0;0;0;0;0;0;0;0;0;0;0;0;0;0;0;0;0;0;0;0;6;25;0;20;0;0;0;0;0;0;0;0;0;0;0;0;0;0
37035;2016-06;0;16;0;0;0;0;0;0;0;0;0;0;0;0;0;0;0;0;0;0;0;0;0;0;1;0;0;0;0;21;80;0;30;0;0;0;0;0;0;0;0;0;0;0;0;0;0
37036;2016-06;0;3;0;0;0;0;0;0;0;0;0;0;0;0;0;0;0;0;0;0;0;0;0;0;0;0;0;0;0;5;30;0;5;0;0;0;0;0;0;0;0;0;0;0;0;0;0
37037;2016-06;0;22;0;0;0;0;0;0;0;0;0;0;0;0;0;0;0;0;0;0;0;0;0;0;0;0;0;0;0;3;47;0;10;0;0;0;0;0;0;0;0;0;0;0;0;0;0
37038;2016-06;0;75;0;0;0;0;0;0;0;0;0;0;0;0;0;0;0;0;0;0;0;0;6;0;0;0;0;0;0;59;270;1;166;0;0;1;0;0;0;0;0;0;0;0;0;1;0
37039;2016-06;0;25;0;0;0;0;0;0;0;0;0;0;0;0;0;0;0;0;0;0;0;0;0;0;0;0;0;0;0;15;112;0;60;0;0;0;0;0;0;0;0;0;0;0;0;1;0
37040;2016-06;0;39;0;0;0;0;0;0;0;0;0;0;0;0;0;0;0;0;0;0;0;0;0;0;1;0;0;0;0;25;135;0;95;0;0;0;0;0;0;0;0;0;0;0;0;0;0
37041;2016-06;0;8;0;0;0;0;0;0;0;0;0;0;0;0;0;0;0;0;0;0;0;0;0;0;0;0;0;0;0;2;40;0;2;0;0;0;0;0;0;0;0;0;0;0;0;0;0
37042;2016-06;0;5;0;0;0;0;0;0;0;0;0;0;0;0;0;0;0;0;0;0;0;0;0;0;0;0;0;0;0;0;21;0;1;0;0;0;0;0;0;0;0;0;0;0;0;0;0
37044;2016-06;0;66;0;0;0;0;0;0;0;0;0;0;0;0;0;0;0;0;0;0;0;0;2;0;0;0;0;0;0;34;186;0;69;0;0;0;0;0;0;0;0;0;0;0;0;1;0
37045;2016-06;0;4;0;0;0;0;0;0;0;0;0;0;0;0;0;0;0;0;0;0;0;0;0;0;0;0;0;0;0;1;8;0;8;0;0;0;0;0;0;0;0;0;0;0;0;0;0
37046;2016-06;0;1259;0;0;0;0;0;0;0;0;0;0;0;0;0;0;0;0;0;0;0;0;57;0;9;0;0;0;0;1097;3434;7;1747;0;0;13;0;0;0;0;0;0;0;0;0;21;0
37047;2016-06;0;7;0;0;0;0;0;0;0;0;0;0;0;0;0;0;0;0;0;0;0;0;1;0;0;0;0;0;0;7;58;0;11;0;0;0;0;0;0;0;0;0;0;0;0;0;0
37049;2016-06;0;8;0;0;0;0;0;0;0;0;0;0;0;0;0;0;0;0;0;0;0;0;0;0;0;0;0;0;0;7;53;0;27;0;0;0;0;0;0;0;0;0;0;0;0;0;0
37050;2016-06;0;7;0;0;0;0;0;0;0;0;0;0;0;0;0;0;0;0;0;0;0;0;1;0;0;0;0;0;0;0;29;0;15;0;0;0;0;0;0;0;0;0;0;0;0;0;0
37051;2016-06;0;3;0;0;0;0;0;0;0;0;0;0;0;0;0;0;0;0;0;0;0;0;0;0;0;0;0;0;0;3;40;0;19;0;0;1;0;0;0;0;0;0;0;0;0;0;0
37052;2016-06;0;15;0;0;0;0;0;0;0;0;0;0;0;0;0;0;0;0;0;0;0;0;1;0;0;0;0;0;0;20;105;0;66;0;0;0;0;0;0;0;0;0;0;0;0;0;0
37054;2016-06;0;12;0;0;0;0;0;0;0;0;0;0;0;0;0;0;0;0;0;0;0;0;1;0;0;0;0;0;0;26;86;0;66;0;0;0;0;0;0;0;0;0;0;0;0;0;0
37055;2016-06;0;4;0;0;0;0;0;0;0;0;0;0;0;0;0;0;0;0;0;0;0;0;0;0;0;0;0;0;0;6;64;0;20;0;0;0;0;0;0;0;0;0;0;0;0;0;0
37056;2016-06;0;3;0;0;0;0;0;0;0;0;0;0;0;0;0;0;0;0;0;0;0;0;0;0;0;0;0;0;0;0;25;0;1;0;0;0;0;0;0;0;0;0;0;0;0;0;0
37057;2016-06;0;11;0;0;0;0;0;0;0;0;0;0;0;0;0;0;0;0;0;0;0;0;0;0;0;0;0;0;0;9;121;0;29;0;0;0;0;0;0;0;0;0;0;0;0;0;0
37058;2016-06;0;5;0;0;0;0;0;0;0;0;0;0;0;0;0;0;0;0;0;0;0;0;0;0;0;0;0;0;0;0;28;0;11;0;0;0;0;0;0;0;0;0;0;0;0;1;0
37059;2016-06;0;12;0;0;0;0;0;0;0;0;0;0;0;0;0;0;0;0;0;0;0;0;0;0;0;0;0;0;0;5;48;0;27;0;0;0;0;0;0;0;0;0;0;0;0;0;0
37060;2016-06;0;51;0;0;0;0;0;0;0;0;0;0;0;0;0;0;0;0;0;0;0;0;3;0;1;0;0;0;0;23;68;0;37;0;0;2;0;0;0;0;0;0;0;0;0;1;0
37061;2016-06;0;22;0;0;0;0;0;0;0;0;0;0;0;0;0;0;0;0;0;0;0;0;1;0;0;0;0;0;0;8;96;1;38;0;0;1;0;0;0;0;0;0;0;0;0;0;0
37062;2016-06;0;8;0;0;0;0;0;0;0;0;0;0;0;0;0;0;0;0;0;0;0;0;1;0;0;0;0;0;0;0;44;0;8;0;0;0;0;0;0;0;0;0;0;0;0;2;0
37063;2016-06;0;10;0;0;0;0;0;0;0;0;0;0;0;0;0;0;0;0;0;0;0;0;0;0;0;0;0;0;0;3;27;0;18;0;0;0;0;0;0;0;0;0;0;0;0;0;0
37065;2016-06;0;11;0;0;0;0;0;0;0;0;0;0;0;0;0;0;0;0;0;0;0;0;0;0;0;0;0;0;0;13;148;0;47;0;0;0;0;0;0;0;0;0;0;0;0;0;0
37067;2016-06;0;543;0;0;0;0;0;0;0;0;0;0;0;0;0;0;0;0;0;0;0;0;26;0;2;0;0;0;0;443;970;2;442;0;0;2;0;0;0;0;0;0;0;0;0;6;0
37068;2016-06;0;28;0;0;0;0;0;0;0;0;0;0;0;0;0;0;0;0;0;0;0;0;0;0;0;0;0;0;0;23;162;0;53;0;0;0;0;0;0;0;0;0;0;0;0;0;0
37069;2016-06;0;111;0;0;0;0;0;0;0;0;0;0;0;0;0;0;0;0;0;0;0;0;4;0;1;0;0;0;0;89;325;1;148;0;0;2;0;0;0;0;0;0;0;0;0;1;0
37070;2016-06;0;59;0;0;0;0;0;0;0;0;0;0;0;0;0;0;0;0;0;0;0;0;1;0;0;0;0;0;0;52;197;0;80;0;0;1;0;0;0;0;0;0;0;0;0;1;0
37071;2016-06;0;10;0;0;0;0;0;0;0;0;0;0;0;0;0;0;0;0;0;0;0;0;0;0;0;0;0;0;0;1;18;0;34;0;0;1;0;0;0;0;0;0;0;0;0;0;0
37072;2016-06;0;11;0;0;0;0;0;0;0;0;0;0;0;0;0;0;0;0;0;0;0;0;1;0;1;0;0;0;0;3;102;0;20;0;0;0;0;0;0;0;0;0;0;0;0;0;0
37073;2016-06;0;80;0;0;0;0;0;0;0;0;0;0;0;0;0;0;0;0;0;0;0;0;2;0;1;0;0;0;0;26;233;0;88;0;0;0;0;0;0;0;0;0;0;0;0;6;0
37074;2016-06;0;7;0;0;0;0;0;0;0;0;0;0;0;0;0;0;0;0;0;0;0;0;0;0;0;0;0;0;0;8;56;0;49;0;0;0;0;0;0;0;0;0;0;0;0;0;0
37077;2016-06;0;24;0;0;0;0;0;0;0;0;0;0;0;0;0;0;0;0;0;0;0;0;0;0;0;0;0;0;0;17;86;0;93;0;0;0;0;0;0;0;0;0;0;0;0;2;0
37078;2016-06;0;78;0;0;0;0;0;0;0;0;0;0;0;0;0;0;0;0;0;0;0;0;4;0;1;0;0;0;0;74;325;0;172;0;0;0;0;0;0;0;0;0;0;0;0;2;0
37079;2016-06;0;13;0;0;0;0;0;0;0;0;0;0;0;0;0;0;0;0;0;0;0;0;2;0;0;0;0;0;0;6;40;0;9;0;0;0;0;0;0;0;0;0;0;0;0;2;0
37080;2016-06;0;31;0;0;0;0;0;0;0;0;0;0;0;0;0;0;0;0;0;0;0;0;0;0;0;0;0;0;0;14;85;0;37;0;0;0;0;0;0;0;0;0;0;0;0;0;0
37081;2016-06;0;48;0;0;0;0;0;0;0;0;0;0;0;0;0;0;0;0;0;0;0;0;3;0;0;0;0;0;0;32;348;0;286;0;0;2;0;0;0;0;0;0;0;0;0;0;0
37082;2016-06;0;46;0;0;0;0;0;0;0;0;0;0;0;0;0;0;0;0;0;0;0;0;1;0;0;0;0;0;0;59;249;0;180;0;0;1;0;0;0;0;0;0;0;0;0;4;0
37083;2016-06;0;14;0;0;0;0;0;0;0;0;0;0;0;0;0;0;0;0;0;0;0;0;0;0;2;0;0;0;0;17;78;0;44;0;0;0;0;0;0;0;0;0;0;0;0;0;0
37085;2016-06;0;860;0;0;0;0;0;0;0;0;0;0;0;0;0;0;0;0;0;0;0;0;44;0;2;0;0;0;0;443;1386;2;545;0;0;9;0;0;0;0;0;0;0;0;0;15;0
37086;2016-06;0;7;0;0;0;0;0;0;0;0;0;0;0;0;0;0;0;0;0;0;0;0;0;0;0;0;0;0;0;4;44;0;15;0;0;0;0;0;0;0;0;0;0;0;0;0;0
37087;2016-06;0;164;0;0;0;0;0;0;0;0;0;0;0;0;0;0;0;0;0;0;0;0;9;0;0;0;0;0;0;108;269;2;76;0;0;1;0;0;0;0;0;0;0;0;0;4;0
37088;2016-06;0;16;0;0;0;0;0;0;0;0;0;0;0;0;0;0;0;0;0;0;0;0;0;0;0;0;0;0;0;9;79;0;55;0;0;0;0;0;0;0;0;0;0;0;0;0;0
37089;2016-06;0;12;0;0;0;0;0;0;0;0;0;0;0;0;0;0;0;0;0;0;0;0;2;0;0;0;0;0;0;3;26;0;12;0;0;0;0;0;0;0;0;0;0;0;0;1;0
37090;2016-06;0;1;0;0;0;0;0;0;0;0;0;0;0;0;0;0;0;0;0;0;0;0;0;0;0;0;0;0;0;11;25;0;5;0;0;0;0;0;0;0;0;0;0;0;0;1;0
37091;2016-06;0;12;0;0;0;0;0;0;0;0;0;0;0;0;0;0;0;0;0;0;0;0;0;0;0;0;0;0;0;6;76;0;21;0;0;0;0;0;0;0;0;0;0;0;0;0;0
37092;2016-06;0;332;0;0;0;0;0;0;0;0;0;0;0;0;0;0;0;0;0;0;0;0;14;0;0;0;0;0;0;183;478;0;194;0;0;3;0;0;0;0;0;0;0;0;0;3;0
37096;2016-06;0;12;0;0;0;0;0;0;0;0;0;0;0;0;0;0;0;0;0;0;0;0;0;0;0;0;0;0;0;10;109;0;30;0;0;0;0;0;0;0;0;0;0;0;0;0;0
37097;2016-06;0;0;0;0;0;0;0;0;0;0;0;0;0;0;0;0;0;0;0;0;0;0;0;0;0;0;0;0;0;0;18;0;8;0;0;0;0;0;0;0;0;0;0;0;0;0;0
37098;2016-06;0;26;0;0;0;0;0;0;0;0;0;0;0;0;0;0;0;0;0;0;0;0;1;0;0;0;0;0;0;40;83;0;95;0;0;0;0;0;0;0;0;0;0;0;0;1;0
37099;2016-06;0;1;0;0;0;0;0;0;0;0;0;0;0;0;0;0;0;0;0;0;0;0;0;0;0;0;0;0;0;0;34;0;6;0;0;0;0;0;0;0;0;0;0;0;0;0;0
37100;2016-06;0;10;0;0;0;0;0;0;0;0;0;0;0;0;0;0;0;0;0;0;0;0;0;0;0;0;0;0;0;1;48;0;1;0;0;0;0;0;0;0;0;0;0;0;0;0;0
37101;2016-06;0;7;0;0;0;0;0;0;0;0;0;0;0;0;0;0;0;0;0;0;0;0;0;0;0;0;0;0;0;12;90;0;15;0;0;1;0;0;0;0;0;0;0;0;0;0;0
37102;2016-06;0;31;0;0;0;0;0;0;0;0;0;0;0;0;0;0;0;0;0;0;0;0;1;0;0;0;0;0;0;26;167;0;74;0;0;0;0;0;0;0;0;0;0;0;0;4;0
37103;2016-06;0;27;0;0;0;0;0;0;0;0;0;0;0;0;0;0;0;0;0;0;0;0;2;0;1;0;0;0;0;27;175;0;68;0;0;0;0;0;0;0;0;0;0;0;0;0;0
37104;2016-06;0;3;0;0;0;0;0;0;0;0;0;0;0;0;0;0;0;0;0;0;0;0;0;0;0;0;0;0;0;0;10;0;9;0;0;0;0;0;0;0;0;0;0;0;0;0;0
37106;2016-06;0;25;0;0;0;0;0;0;0;0;0;0;0;0;0;0;0;0;0;0;0;0;0;0;0;0;0;0;0;7;98;0;32;0;0;0;0;0;0;0;0;0;0;0;0;0;0
37107;2016-06;0;1043;0;0;0;0;0;0;0;0;0;0;0;0;0;0;0;0;0;0;0;0;36;0;5;0;0;0;0;696;3813;6;1580;0;0;11;0;0;0;0;0;0;0;0;0;18;0
37108;2016-06;0;9;0;0;0;0;0;0;0;0;0;0;0;0;0;0;0;0;0;0;0;0;0;0;0;0;0;0;0;6;41;0;21;0;0;0;0;0;0;0;0;0;0;0;0;1;0
37109;2016-06;0;11;0;0;0;0;0;0;0;0;0;0;0;0;0;0;0;0;0;0;0;0;0;0;0;0;0;0;0;1;91;0;24;0;0;0;0;0;0;0;0;0;0;0;0;0;0
37110;2016-06;0;12;0;0;0;0;0;0;0;0;0;0;0;0;0;0;0;0;0;0;0;0;0;0;0;0;0;0;0;8;44;0;21;0;0;0;0;0;0;0;0;0;0;0;0;0;0
37112;2016-06;0;5;0;0;0;0;0;0;0;0;0;0;0;0;0;0;0;0;0;0;0;0;0;0;0;0;0;0;0;14;64;0;25;0;0;1;0;0;0;0;0;0;0;0;0;0;0
37113;2016-06;0;42;0;0;0;0;0;0;0;0;0;0;0;0;0;0;0;0;0;0;0;0;1;0;1;0;0;0;0;20;145;0;121;0;0;0;0;0;0;0;0;0;0;0;0;0;0
37114;2016-06;0;4;0;0;0;0;0;0;0;0;0;0;0;0;0;0;0;0;0;0;0;0;0;0;0;0;0;0;0;1;41;0;21;0;0;0;0;0;0;0;0;0;0;0;0;0;0
37115;2016-06;0;2;0;0;0;0;0;0;0;0;0;0;0;0;0;0;0;0;0;0;0;0;0;0;0;0;0;0;0;3;71;0;11;0;0;0;0;0;0;0;0;0;0;0;0;0;0
37116;2016-06;0;4;0;0;0;0;0;0;0;0;0;0;0;0;0;0;0;0;0;0;0;0;0;0;0;0;0;0;0;10;30;0;6;0;0;0;0;0;0;0;0;0;0;0;0;0;0
37117;2016-06;0;258;0;0;0;0;0;0;0;0;0;0;0;0;0;0;0;0;0;0;0;0;16;0;1;0;0;0;0;149;403;0;211;0;0;3;0;0;0;0;0;0;0;0;0;4;0
37118;2016-06;0;9;0;0;0;0;0;0;0;0;0;0;0;0;0;0;0;0;0;0;0;0;0;0;0;0;0;0;0;6;48;1;24;0;0;1;0;0;0;0;0;0;0;0;0;1;0
37119;2016-06;0;9;0;0;0;0;0;0;0;0;0;0;0;0;0;0;0;0;0;0;0;0;0;0;0;0;0;0;0;16;29;0;28;0;0;0;0;0;0;0;0;0;0;0;0;0;0
37120;2016-06;0;9;0;0;0;0;0;0;0;0;0;0;0;0;0;0;0;0;0;0;0;0;0;0;0;0;0;0;0;4;49;0;16;0;0;0;0;0;0;0;0;0;0;0;0;0;0
37121;2016-06;0;54;0;0;0;0;0;0;0;0;0;0;0;0;0;0;0;0;0;0;0;0;2;0;0;0;0;0;0;47;174;1;132;0;0;0;0;0;0;0;0;0;0;0;0;0;0
37122;2016-06;0;27;0;0;0;0;0;0;0;0;0;0;0;0;0;0;0;0;0;0;0;0;0;0;0;0;0;0;0;6;61;0;54;0;0;0;0;0;0;0;0;0;0;0;0;0;0
37123;2016-06;0;9;0;0;0;0;0;0;0;0;0;0;0;0;0;0;0;0;0;0;0;0;0;0;0;0;0;0;0;1;97;0;16;0;0;0;0;0;0;0;0;0;0;0;0;3;0
37124;2016-06;0;11;0;0;0;0;0;0;0;0;0;0;0;0;0;0;0;0;0;0;0;0;0;0;0;0;0;0;0;19;78;0;35;0;0;0;0;0;0;0;0;0;0;0;0;0;0
37125;2016-06;0;22;0;0;0;0;0;0;0;0;0;0;0;0;0;0;0;0;0;0;0;0;1;0;0;0;0;0;0;17;79;0;34;0;0;2;0;0;0;0;0;0;0;0;0;1;0
37126;2016-06;0;1;0;0;0;0;0;0;0;0;0;0;0;0;0;0;0;0;0;0;0;0;0;0;0;0;0;0;0;0;20;0;3;0;0;0;0;0;0;0;0;0;0;0;0;0;0
37127;2016-06;0;19;0;0;0;0;0;0;0;0;0;0;0;0;0;0;0;0;0;0;0;0;1;0;0;0;0;0;0;23;54;0;53;0;0;0;0;0;0;0;0;0;0;0;0;0;0
37128;2016-06;0;24;0;0;0;0;0;0;0;0;0;0;0;0;0;0;0;0;0;0;0;0;0;0;0;0;0;0;0;37;84;0;51;0;0;0;0;0;0;0;0;0;0;0;0;0;0
37129;2016-06;0;36;0;0;0;0;0;0;0;0;0;0;0;0;0;0;0;0;0;0;0;0;0;0;0;0;0;0;0;32;86;0;42;0;0;1;0;0;0;0;0;0;0;0;0;1;0
37130;2016-06;0;21;0;0;0;0;0;0;0;0;0;0;0;0;0;0;0;0;0;0;0;0;1;0;0;0;0;0;0;2;113;0;13;0;0;0;0;0;0;0;0;0;0;0;0;0;0
37131;2016-06;0;28;0;0;0;0;0;0;0;0;0;0;0;0;0;0;0;0;0;0;0;0;0;0;0;0;0;0;0;8;77;0;26;0;0;0;0;0;0;0;0;0;0;0;0;0;0
37132;2016-06;0;13;0;0;0;0;0;0;0;0;0;0;0;0;0;0;0;0;0;0;0;0;0;0;0;0;0;0;0;27;121;2;86;0;0;1;0;0;0;0;0;0;0;0;0;1;0
37133;2016-06;0;9;0;0;0;0;0;0;0;0;0;0;0;0;0;0;0;0;0;0;0;0;0;0;0;0;0;0;0;6;38;1;18;0;0;0;0;0;0;0;0;0;0;0;0;0;0
37134;2016-06;0;16;0;0;0;0;0;0;0;0;0;0;0;0;0;0;0;0;0;0;0;0;1;0;0;0;0;0;0;18;68;0;62;0;0;0;0;0;0;0;0;0;0;0;0;0;0
37135;2016-06;0;117;0;0;0;0;0;0;0;0;0;0;0;0;0;0;0;0;0;0;0;0;5;0;0;0;0;0;0;105;444;0;211;0;0;2;0;0;0;0;0;0;0;0;0;0;0
37136;2016-06;0;61;0;0;0;0;0;0;0;0;0;0;0;0;0;0;0;0;0;0;0;0;0;0;2;0;0;0;0;41;171;0;154;0;0;3;0;0;0;0;0;0;0;0;0;0;0
37137;2016-06;0;0;0;0;0;0;0;0;0;0;0;0;0;0;0;0;0;0;0;0;0;0;0;0;0;0;0;0;0;1;59;0;5;0;0;1;0;0;0;0;0;0;0;0;0;0;0
37138;2016-06;0;15;0;0;0;0;0;0;0;0;0;0;0;0;0;0;0;0;0;0;0;0;0;0;0;0;0;0;0;1;87;0;42;0;0;0;0;0;0;0;0;0;0;0;0;1;0
37139;2016-06;0;33;0;0;0;0;0;0;0;0;0;0;0;0;0;0;0;0;0;0;0;0;0;0;0;0;0;0;0;30;83;0;20;0;0;0;0;0;0;0;0;0;0;0;0;0;0
37140;2016-06;0;60;0;0;0;0;0;0;0;0;0;0;0;0;0;0;0;0;0;0;0;0;4;0;2;0;0;0;0;28;265;1;72;0;0;1;0;0;0;0;0;0;0;0;0;1;0
37141;2016-06;0;16;0;0;0;0;0;0;0;0;0;0;0;0;0;0;0;0;0;0;0;0;1;0;0;0;0;0;0;19;44;0;40;0;0;0;0;0;0;0;0;0;0;0;0;0;0
37142;2016-06;0;83;0;0;0;0;0;0;0;0;0;0;0;0;0;0;0;0;0;0;0;0;4;0;0;0;0;0;0;59;187;0;94;0;0;0;0;0;0;0;0;0;0;0;0;1;0
37143;2016-06;0;32;0;0;0;0;0;0;0;0;0;0;0;0;0;0;0;0;0;0;0;0;1;0;1;0;0;0;0;24;154;0;82;0;0;0;0;0;0;0;0;0;0;0;0;0;0
37144;2016-06;0;22;0;0;0;0;0;0;0;0;0;0;0;0;0;0;0;0;0;0;0;0;1;0;0;0;0;0;0;17;164;1;70;0;0;0;0;0;0;0;0;0;0;0;0;0;0
37145;2016-06;0;21;0;0;0;0;0;0;0;0;0;0;0;0;0;0;0;0;0;0;0;0;0;0;0;0;0;0;0;8;90;1;67;0;0;0;0;0;0;0;0;0;0;0;0;0;0
37146;2016-06;0;7;0;0;0;0;0;0;0;0;0;0;0;0;0;0;0;0;0;0;0;0;0;0;0;0;0;0;0;8;71;0;8;0;0;0;0;0;0;0;0;0;0;0;0;0;0
37147;2016-06;0;9;0;0;0;0;0;0;0;0;0;0;0;0;0;0;0;0;0;0;0;0;0;0;0;0;0;0;0;22;62;0;37;0;0;0;0;0;0;0;0;0;0;0;0;1;0
37148;2016-06;0;32;0;0;0;0;0;0;0;0;0;0;0;0;0;0;0;0;0;0;0;0;1;0;0;0;0;0;0;19;182;1;57;0;0;0;0;0;0;0;0;0;0;0;0;0;0
37149;2016-06;0;5;0;0;0;0;0;0;0;0;0;0;0;0;0;0;0;0;0;0;0;0;1;0;0;0;0;0;0;3;47;0;8;0;0;0;0;0;0;0;0;0;0;0;0;0;0
37150;2016-06;0;0;0;0;0;0;0;0;0;0;0;0;0;0;0;0;0;0;0;0;0;0;0;0;0;0;0;0;0;1;33;0;0;0;0;0;0;0;0;0;0;0;0;0;0;0;0
37151;2016-06;0;12;0;0;0;0;0;0;0;0;0;0;0;0;0;0;0;0;0;0;0;0;0;0;1;0;0;0;0;2;99;0;8;0;0;0;0;0;0;0;0;0;0;0;0;0;0
37152;2016-06;0;39;0;0;0;0;0;0;0;0;0;0;0;0;0;0;0;0;0;0;0;0;3;0;0;0;0;0;0;27;158;0;57;0;0;0;0;0;0;0;0;0;0;0;0;0;0
37154;2016-06;0;6;0;0;0;0;0;0;0;0;0;0;0;0;0;0;0;0;0;0;0;0;0;0;0;0;0;0;0;3;82;1;15;0;0;0;0;0;0;0;0;0;0;0;0;0;0
37155;2016-06;0;4;0;0;0;0;0;0;0;0;0;0;0;0;0;0;0;0;0;0;0;0;0;0;0;0;0;0;0;7;23;0;23;0;0;0;0;0;0;0;0;0;0;0;0;0;0
37156;2016-06;0;411;0;0;0;0;0;0;0;0;0;0;0;0;0;0;0;0;0;0;0;0;22;0;0;0;0;0;0;214;1669;4;619;0;0;0;0;0;0;0;0;0;0;0;0;3;0
37157;2016-06;0;7;0;0;0;0;0;0;0;0;0;0;0;0;0;0;0;0;0;0;0;0;0;0;0;0;0;0;0;5;28;0;22;0;0;0;0;0;0;0;0;0;0;0;0;0;0
37158;2016-06;0;16;0;0;0;0;0;0;0;0;0;0;0;0;0;0;0;0;0;0;0;0;0;0;1;0;0;0;0;36;76;0;52;0;0;1;0;0;0;0;0;0;0;0;0;1;0
37159;2016-06;0;10;0;0;0;0;0;0;0;0;0;0;0;0;0;0;0;0;0;0;0;0;0;0;0;0;0;0;0;4;37;0;18;0;0;0;0;0;0;0;0;0;0;0;0;0;0
37160;2016-06;0;32;0;0;0;0;0;0;0;0;0;0;0;0;0;0;0;0;0;0;0;0;2;0;1;0;0;0;0;28;206;0;151;0;0;0;0;0;0;0;0;0;0;0;0;1;0
37161;2016-06;0;8;0;0;0;0;0;0;0;0;0;0;0;0;0;0;0;0;0;0;0;0;0;0;0;0;0;0;0;4;70;0;23;0;0;0;0;0;0;0;0;0;0;0;0;0;0
37162;2016-06;0;11;0;0;0;0;0;0;0;0;0;0;0;0;0;0;0;0;0;0;0;0;2;0;0;0;0;0;0;8;95;0;35;0;0;0;0;0;0;0;0;0;0;0;0;0;0
37163;2016-06;0;5;0;0;0;0;0;0;0;0;0;0;0;0;0;0;0;0;0;0;0;0;0;0;0;0;0;0;0;8;18;0;2;0;0;0;0;0;0;0;0;0;0;0;0;1;0
37164;2016-06;0;24;0;0;0;0;0;0;0;0;0;0;0;0;0;0;0;0;0;0;0;0;0;0;0;0;0;0;0;42;81;0;37;0;0;0;0;0;0;0;0;0;0;0;0;0;0
37165;2016-06;0;4;0;0;0;0;0;0;0;0;0;0;0;0;0;0;0;0;0;0;0;0;0;0;0;0;0;0;0;2;18;0;1;0;0;0;0;0;0;0;0;0;0;0;0;0;0
37166;2016-06;0;15;0;0;0;0;0;0;0;0;0;0;0;0;0;0;0;0;0;0;0;0;0;0;0;0;0;0;0;6;93;0;35;0;0;0;0;0;0;0;0;0;0;0;0;0;0
37167;2016-06;0;16;0;0;0;0;0;0;0;0;0;0;0;0;0;0;0;0;0;0;0;0;0;0;0;0;0;0;0;25;38;0;59;0;0;0;0;0;0;0;0;0;0;0;0;0;0
37168;2016-06;0;25;0;0;0;0;0;0;0;0;0;0;0;0;0;0;0;0;0;0;0;0;0;0;0;0;0;0;0;33;171;0;81;0;0;0;0;0;0;0;0;0;0;0;0;1;0
37169;2016-06;0;15;0;0;0;0;0;0;0;0;0;0;0;0;0;0;0;0;0;0;0;0;0;0;0;0;0;0;0;7;56;0;47;0;0;0;0;0;0;0;0;0;0;0;0;1;0
37170;2016-06;0;136;0;0;0;0;0;0;0;0;0;0;0;0;0;0;0;0;0;0;0;0;2;0;2;0;0;0;0;91;542;1;191;0;0;0;0;0;0;0;0;0;0;0;0;3;0
37171;2016-06;0;64;0;0;0;0;0;0;0;0;0;0;0;0;0;0;0;0;0;0;0;0;1;0;0;0;0;0;0;8;194;0;41;0;0;0;0;0;0;0;0;0;0;0;0;0;0
37172;2016-06;0;72;0;0;0;0;0;0;0;0;0;0;0;0;0;0;0;0;0;0;0;0;0;0;1;0;0;0;0;65;335;4;85;0;0;0;0;0;0;0;0;0;0;0;0;1;0
37173;2016-06;0;119;0;0;0;0;0;0;0;0;0;0;0;0;0;0;0;0;0;0;0;0;0;0;0;0;0;0;0;123;569;0;293;0;0;1;0;0;0;0;0;0;0;0;0;5;0
37174;2016-06;0;93;0;0;0;0;0;0;0;0;0;0;0;0;0;0;0;0;0;0;0;0;1;0;0;0;0;0;0;77;412;2;222;0;0;2;0;0;0;0;0;0;0;0;0;0;0
37175;2016-06;0;34;0;0;0;0;0;0;0;0;0;0;0;0;0;0;0;0;0;0;0;0;2;0;1;0;0;0;0;24;189;0;54;0;0;0;0;0;0;0;0;0;0;0;0;2;0
37176;2016-06;0;9;0;0;0;0;0;0;0;0;0;0;0;0;0;0;0;0;0;0;0;0;0;0;0;0;0;0;0;7;62;0;32;0;0;0;0;0;0;0;0;0;0;0;0;0;0
37177;2016-06;0;24;0;0;0;0;0;0;0;0;0;0;0;0;0;0;0;0;0;0;0;0;0;0;1;0;0;0;0;26;124;0;41;0;0;0;0;0;0;0;0;0;0;0;0;1;0
37178;2016-06;0;9;0;0;0;0;0;0;0;0;0;0;0;0;0;0;0;0;0;0;0;0;0;0;0;0;0;0;0;1;49;0;16;0;0;0;0;0;0;0;0;0;0;0;0;0;0
37179;2016-06;0;9;0;0;0;0;0;0;0;0;0;0;0;0;0;0;0;0;0;0;0;0;0;0;0;0;0;0;0;16;112;0;42;0;0;0;0;0;0;0;0;0;0;0;0;1;0
37180;2016-06;0;4;0;0;0;0;0;0;0;0;0;0;0;0;0;0;0;0;0;0;0;0;0;0;0;0;0;0;0;6;35;1;10;0;0;0;0;0;0;0;0;0;0;0;0;0;0
37181;2016-06;0;11;0;0;0;0;0;0;0;0;0;0;0;0;0;0;0;0;0;0;0;0;0;0;0;0;0;0;0;13;121;0;58;0;0;0;0;0;0;0;0;0;0;0;0;0;0
37182;2016-06;0;8;0;0;0;0;0;0;0;0;0;0;0;0;0;0;0;0;0;0;0;0;1;0;0;0;0;0;0;3;38;0;5;0;0;0;0;0;0;0;0;0;0;0;0;0;0
37183;2016-06;0;22;0;0;0;0;0;0;0;0;0;0;0;0;0;0;0;0;0;0;0;0;1;0;0;0;0;0;0;30;146;2;101;0;0;0;0;0;0;0;0;0;0;0;0;2;0
37184;2016-06;0;25;0;0;0;0;0;0;0;0;0;0;0;0;0;0;0;0;0;0;0;0;0;0;0;0;0;0;0;17;139;0;67;0;0;0;0;0;0;0;0;0;0;0;0;2;0
37185;2016-06;0;92;0;0;0;0;0;0;0;0;0;0;0;0;0;0;0;0;0;0;0;0;4;0;0;0;0;0;0;47;206;2;61;0;0;2;0;0;0;0;0;0;0;0;0;1;0
37186;2016-06;0;11;0;0;0;0;0;0;0;0;0;0;0;0;0;0;0;0;0;0;0;0;0;0;0;0;0;0;0;8;53;0;11;0;0;0;0;0;0;0;0;0;0;0;0;0;0
37187;2016-06;0;48;0;0;0;0;0;0;0;0;0;0;0;0;0;0;0;0;0;0;0;0;1;0;0;0;0;0;0;13;243;0;116;0;0;1;0;0;0;0;0;0;0;0;0;0;0
37188;2016-06;0;17;0;0;0;0;0;0;0;0;0;0;0;0;0;0;0;0;0;0;0;0;0;0;0;0;0;0;0;11;61;0;35;0;0;2;0;0;0;0;0;0;0;0;0;0;0
37189;2016-06;0;10;0;0;0;0;0;0;0;0;0;0;0;0;0;0;0;0;0;0;0;0;0;0;0;0;0;0;0;4;45;0;29;0;0;0;0;0;0;0;0;0;0;0;0;0;0
37190;2016-06;0;9;0;0;0;0;0;0;0;0;0;0;0;0;0;0;0;0;0;0;0;0;0;0;0;0;0;0;0;7;112;0;42;0;0;0;0;0;0;0;0;0;0;0;0;0;0
37191;2016-06;0;3;0;0;0;0;0;0;0;0;0;0;0;0;0;0;0;0;0;0;0;0;0;0;0;0;0;0;0;1;50;0;20;0;0;0;0;0;0;0;0;0;0;0;0;0;0
37192;2016-06;0;50;0;0;0;0;0;0;0;0;0;0;0;0;0;0;0;0;0;0;0;0;2;0;0;0;0;0;0;54;85;0;34;0;0;0;0;0;0;0;0;0;0;0;0;0;0
37193;2016-06;0;28;0;0;0;0;0;0;0;0;0;0;0;0;0;0;0;0;0;0;0;0;0;0;1;0;0;0;0;34;117;0;91;0;0;0;0;0;0;0;0;0;0;0;0;0;0
37194;2016-06;0;12;0;0;0;0;0;0;0;0;0;0;0;0;0;0;0;0;0;0;0;0;0;0;0;0;0;0;0;31;92;0;59;0;0;0;0;0;0;0;0;0;0;0;0;0;0
37195;2016-06;0;3;0;0;0;0;0;0;0;0;0;0;0;0;0;0;0;0;0;0;0;0;0;0;0;0;0;0;0;8;7;0;17;0;0;0;0;0;0;0;0;0;0;0;0;0;0
37196;2016-06;0;11;0;0;0;0;0;0;0;0;0;0;0;0;0;0;0;0;0;0;0;0;0;0;0;0;0;0;0;2;31;0;20;0;0;0;0;0;0;0;0;0;0;0;0;0;0
37197;2016-06;0;8;0;0;0;0;0;0;0;0;0;0;0;0;0;0;0;0;0;0;0;0;0;0;0;0;0;0;0;9;30;0;8;0;0;0;0;0;0;0;0;0;0;0;0;0;0
37198;2016-06;0;21;0;0;0;0;0;0;0;0;0;0;0;0;0;0;0;0;0;0;0;0;0;0;0;0;0;0;0;31;61;1;38;0;0;0;0;0;0;0;0;0;0;0;0;2;0
37199;2016-06;0;19;0;0;0;0;0;0;0;0;0;0;0;0;0;0;0;0;0;0;0;0;0;0;0;0;0;0;0;8;37;0;38;0;0;0;0;0;0;0;0;0;0;0;0;2;0
37200;2016-06;0;10;0;0;0;0;0;0;0;0;0;0;0;0;0;0;0;0;0;0;0;0;0;0;0;0;0;0;0;6;72;0;48;0;0;0;0;0;0;0;0;0;0;0;0;0;0
37201;2016-06;0;34;0;0;0;0;0;0;0;0;0;0;0;0;0;0;0;0;0;0;0;0;0;0;0;0;0;0;0;17;86;0;48;0;0;0;0;0;0;0;0;0;0;0;0;0;0
37202;2016-06;0;167;0;0;0;0;0;0;0;0;0;0;0;0;0;0;0;0;0;0;0;0;9;0;1;0;0;0;0;132;268;1;134;0;0;1;0;0;0;0;0;0;0;0;0;4;0
37203;2016-06;0;22;0;0;0;0;0;0;0;0;0;0;0;0;0;0;0;0;0;0;0;0;0;0;0;0;0;0;0;13;55;0;26;0;0;1;0;0;0;0;0;0;0;0;0;0;0
37204;2016-06;0;15;0;0;0;0;0;0;0;0;0;0;0;0;0;0;0;0;0;0;0;0;1;0;0;0;0;0;0;17;123;0;37;0;0;1;0;0;0;0;0;0;0;0;0;0;0
37205;2016-06;0;23;0;0;0;0;0;0;0;0;0;0;0;0;0;0;0;0;0;0;0;0;0;0;0;0;0;0;0;21;75;0;62;0;0;1;0;0;0;0;0;0;0;0;0;0;0
37206;2016-06;0;12;0;0;0;0;0;0;0;0;0;0;0;0;0;0;0;0;0;0;0;0;0;0;0;0;0;0;0;5;34;0;19;0;0;0;0;0;0;0;0;0;0;0;0;0;0
37207;2016-06;0;54;0;0;0;0;0;0;0;0;0;0;0;0;0;0;0;0;0;0;0;0;1;0;0;0;0;0;0;27;88;0;21;0;0;0;0;0;0;0;0;0;0;0;0;1;0
37208;2016-06;0;3;0;0;0;0;0;0;0;0;0;0;0;0;0;0;0;0;0;0;0;0;0;0;0;0;0;0;0;7;40;0;3;0;0;0;0;0;0;0;0;0;0;0;0;0;0
37209;2016-06;0;40;0;0;0;0;0;0;0;0;0;0;0;0;0;0;0;0;0;0;0;0;1;0;1;0;0;0;0;33;87;0;100;0;0;0;0;0;0;0;0;0;0;0;0;1;0
37211;2016-06;0;29;0;0;0;0;0;0;0;0;0;0;0;0;0;0;0;0;0;0;0;0;0;0;0;0;0;0;0;12;101;0;25;0;0;0;0;0;0;0;0;0;0;0;0;1;0
37212;2016-06;0;17;0;0;0;0;0;0;0;0;0;0;0;0;0;0;0;0;0;0;0;0;0;0;0;0;0;0;0;11;30;0;15;0;0;0;0;0;0;0;0;0;0;0;0;1;0
37213;2016-06;0;5;0;0;0;0;0;0;0;0;0;0;0;0;0;0;0;0;0;0;0;0;1;0;0;0;0;0;0;12;46;0;8;0;0;1;0;0;0;0;0;0;0;0;0;0;0
37214;2016-06;0;19;0;0;0;0;0;0;0;0;0;0;0;0;0;0;0;0;0;0;0;0;1;0;0;0;0;0;0;11;39;1;20;0;0;0;0;0;0;0;0;0;0;0;0;0;0
37215;2016-06;0;3;0;0;0;0;0;0;0;0;0;0;0;0;0;0;0;0;0;0;0;0;0;0;0;0;0;0;0;9;55;0;33;0;0;2;0;0;0;0;0;0;0;0;0;0;0
37216;2016-06;0;37;0;0;0;0;0;0;0;0;0;0;0;0;0;0;0;0;0;0;0;0;0;0;0;0;0;0;0;14;140;0;54;0;0;0;0;0;0;0;0;0;0;0;0;0;0
37217;2016-06;0;4;0;0;0;0;0;0;0;0;0;0;0;0;0;0;0;0;0;0;0;0;0;0;0;0;0;0;0;6;20;0;14;0;0;0;0;0;0;0;0;0;0;0;0;0;0
37218;2016-06;0;2;0;0;0;0;0;0;0;0;0;0;0;0;0;0;0;0;0;0;0;0;0;0;0;0;0;0;0;1;30;0;8;0;0;0;0;0;0;0;0;0;0;0;0;0;0
37219;2016-06;0;11;0;0;0;0;0;0;0;0;0;0;0;0;0;0;0;0;0;0;0;0;0;0;0;0;0;0;0;13;66;0;18;0;0;0;0;0;0;0;0;0;0;0;0;0;0
37221;2016-06;0;15;0;0;0;0;0;0;0;0;0;0;0;0;0;0;0;0;0;0;0;0;0;0;1;0;0;0;0;28;154;0;91;0;0;1;0;0;0;0;0;0;0;0;0;0;0
37222;2016-06;0;8;0;0;0;0;0;0;0;0;0;0;0;0;0;0;0;0;0;0;0;0;1;0;0;0;0;0;0;11;42;0;9;0;0;1;0;0;0;0;0;0;0;0;0;0;0
37223;2016-06;0;5;0;0;0;0;0;0;0;0;0;0;0;0;0;0;0;0;0;0;0;0;0;0;0;0;0;0;0;2;49;0;27;0;0;0;0;0;0;0;0;0;0;0;0;0;0
37224;2016-06;0;23;0;0;0;0;0;0;0;0;0;0;0;0;0;0;0;0;0;0;0;0;0;0;0;0;0;0;0;8;119;0;22;0;0;0;0;0;0;0;0;0;0;0;0;0;0
37225;2016-06;0;16;0;0;0;0;0;0;0;0;0;0;0;0;0;0;0;0;0;0;0;0;0;0;0;0;0;0;0;5;50;0;15;0;0;0;0;0;0;0;0;0;0;0;0;0;0
37226;2016-06;0;11;0;0;0;0;0;0;0;0;0;0;0;0;0;0;0;0;0;0;0;0;0;0;0;0;0;0;0;4;95;0;11;0;0;0;0;0;0;0;0;0;0;0;0;0;0
37228;2016-06;0;32;0;0;0;0;0;0;0;0;0;0;0;0;0;0;0;0;0;0;0;0;0;0;0;0;0;0;0;19;141;0;101;0;0;0;0;0;0;0;0;0;0;0;0;0;0
37229;2016-06;0;18;0;0;0;0;0;0;0;0;0;0;0;0;0;0;0;0;0;0;0;0;0;0;0;0;0;0;0;7;77;1;9;0;0;0;0;0;0;0;0;0;0;0;0;0;0
37230;2016-06;0;19;0;0;0;0;0;0;0;0;0;0;0;0;0;0;0;0;0;0;0;0;1;0;0;0;0;0;0;15;74;0;47;0;0;0;0;0;0;0;0;0;0;0;0;1;0
37231;2016-06;0;27;0;0;0;0;0;0;0;0;0;0;0;0;0;0;0;0;0;0;0;0;1;0;0;0;0;0;0;29;89;0;43;0;0;0;0;0;0;0;0;0;0;0;0;0;0
37232;2016-06;0;35;0;0;0;0;0;0;0;0;0;0;0;0;0;0;0;0;0;0;0;0;1;0;0;0;0;0;0;36;206;0;59;0;0;0;0;0;0;0;0;0;0;0;0;1;0
37233;2016-06;0;2;0;0;0;0;0;0;0;0;0;0;0;0;0;0;0;0;0;0;0;0;0;0;1;0;0;0;0;5;18;0;19;0;0;0;0;0;0;0;0;0;0;0;0;1;0
37234;2016-06;0;16;0;0;0;0;0;0;0;0;0;0;0;0;0;0;0;0;0;0;0;0;0;0;0;0;0;0;0;16;131;0;82;0;0;0;0;0;0;0;0;0;0;0;0;1;0
37235;2016-06;0;21;0;0;0;0;0;0;0;0;0;0;0;0;0;0;0;0;0;0;0;0;0;0;0;0;0;0;0;13;75;0;36;0;0;0;0;0;0;0;0;0;0;0;0;1;0
37236;2016-06;0;18;0;0;0;0;0;0;0;0;0;0;0;0;0;0;0;0;0;0;0;0;1;0;0;0;0;0;0;2;58;1;22;0;0;0;0;0;0;0;0;0;0;0;0;0;0
37237;2016-06;0;25;0;0;0;0;0;0;0;0;0;0;0;0;0;0;0;0;0;0;0;0;2;0;0;0;0;0;0;29;90;0;91;0;0;0;0;0;0;0;0;0;0;0;0;2;0
37238;2016-06;0;13;0;0;0;0;0;0;0;0;0;0;0;0;0;0;0;0;0;0;0;0;0;0;0;0;0;0;0;16;35;0;21;0;0;0;0;0;0;0;0;0;0;0;0;0;0
37239;2016-06;0;18;0;0;0;0;0;0;0;0;0;0;0;0;0;0;0;0;0;0;0;0;0;0;1;0;0;0;0;37;80;1;42;0;0;0;0;0;0;0;0;0;0;0;0;1;0
37240;2016-06;0;152;0;0;0;0;0;0;0;0;0;0;0;0;0;0;0;0;0;0;0;0;4;0;0;0;0;0;0;85;258;0;110;0;0;0;0;0;0;0;0;0;0;0;0;5;0
37241;2016-06;0;7;0;0;0;0;0;0;0;0;0;0;0;0;0;0;0;0;0;0;0;0;2;0;0;0;0;0;0;3;100;1;17;0;0;0;0;0;0;0;0;0;0;0;0;0;0
37242;2016-06;0;11;0;0;0;0;0;0;0;0;0;0;0;0;0;0;0;0;0;0;0;0;1;0;0;0;0;0;0;3;37;0;21;0;0;0;0;0;0;0;0;0;0;0;0;0;0
37243;2016-06;0;5;0;0;0;0;0;0;0;0;0;0;0;0;0;0;0;0;0;0;0;0;0;0;0;0;0;0;0;3;56;0;5;0;0;0;0;0;0;0;0;0;0;0;0;0;0
37244;2016-06;0;11;0;0;0;0;0;0;0;0;0;0;0;0;0;0;0;0;0;0;0;0;0;0;1;0;0;0;0;20;58;0;7;0;0;0;0;0;0;0;0;0;0;0;0;1;0
37245;2016-06;0;10;0;0;0;0;0;0;0;0;0;0;0;0;0;0;0;0;0;0;0;0;0;0;0;0;0;0;0;20;130;0;97;0;0;0;0;0;0;0;0;0;0;0;0;0;0
37246;2016-06;0;517;0;0;0;0;0;0;0;0;0;0;0;0;0;0;0;0;0;0;0;0;22;0;3;0;0;0;0;403;1802;4;1154;0;0;8;0;0;0;0;0;0;0;0;0;10;0
37247;2016-06;0;18;0;0;0;0;0;0;0;0;0;0;0;0;0;0;0;0;0;0;0;0;0;0;0;0;0;0;0;12;104;0;25;0;0;0;0;0;0;0;0;0;0;0;0;0;0
37248;2016-06;0;20;0;0;0;0;0;0;0;0;0;0;0;0;0;0;0;0;0;0;0;0;1;0;0;0;0;0;0;7;84;0;12;0;0;0;0;0;0;0;0;0;0;0;0;0;0
37249;2016-06;0;2;0;0;0;0;0;0;0;0;0;0;0;0;0;0;0;0;0;0;0;0;0;0;0;0;0;0;0;5;17;0;5;0;0;0;0;0;0;0;0;0;0;0;0;0;0
37250;2016-06;0;19;0;0;0;0;0;0;0;0;0;0;0;0;0;0;0;0;0;0;0;0;2;0;0;0;0;0;0;31;105;0;70;0;0;0;0;0;0;0;0;0;0;0;0;1;0
37251;2016-06;0;18;0;0;0;0;0;0;0;0;0;0;0;0;0;0;0;0;0;0;0;0;0;0;0;0;0;0;0;0;58;1;10;0;0;3;0;0;0;0;0;0;0;0;0;1;0
37252;2016-06;0;8;0;0;0;0;0;0;0;0;0;0;0;0;0;0;0;0;0;0;0;0;2;0;0;0;0;0;0;4;58;0;7;0;0;0;0;0;0;0;0;0;0;0;0;0;0
37253;2016-06;0;22;0;0;0;0;0;0;0;0;0;0;0;0;0;0;0;0;0;0;0;0;1;0;0;0;0;0;0;10;52;1;21;0;0;0;0;0;0;0;0;0;0;0;0;0;0
37254;2016-06;0;17;0;0;0;0;0;0;0;0;0;0;0;0;0;0;0;0;0;0;0;0;0;0;0;0;0;0;0;13;79;0;32;0;0;0;0;0;0;0;0;0;0;0;0;0;0
37255;2016-06;0;2;0;0;0;0;0;0;0;0;0;0;0;0;0;0;0;0;0;0;0;0;0;0;0;0;0;0;0;0;24;0;7;0;0;0;0;0;0;0;0;0;0;0;0;0;0
37256;2016-06;0;18;0;0;0;0;0;0;0;0;0;0;0;0;0;0;0;0;0;0;0;0;0;0;0;0;0;0;0;8;81;0;44;0;0;0;0;0;0;0;0;0;0;0;0;0;0
37257;2016-06;0;5;0;0;0;0;0;0;0;0;0;0;0;0;0;0;0;0;0;0;0;0;0;0;0;0;0;0;0;7;30;0;3;0;0;0;0;0;0;0;0;0;0;0;0;1;0
37258;2016-06;0;12;0;0;0;0;0;0;0;0;0;0;0;0;0;0;0;0;0;0;0;0;1;0;0;0;0;0;0;5;59;0;35;0;0;0;0;0;0;0;0;0;0;0;0;0;0
37259;2016-06;0;4;0;0;0;0;0;0;0;0;0;0;0;0;0;0;0;0;0;0;0;0;1;0;0;0;0;0;0;0;19;0;4;0;0;0;0;0;0;0;0;0;0;0;0;0;0
37260;2016-06;0;19;0;0;0;0;0;0;0;0;0;0;0;0;0;0;0;0;0;0;0;0;0;0;0;0;0;0;0;18;44;0;34;0;0;0;0;0;0;0;0;0;0;0;0;0;0
37261;2016-06;0;11;0;0;0;0;0;0;0;0;0;0;0;0;0;0;0;0;0;0;0;0;0;0;0;0;0;0;0;18;100;0;30;0;0;0;0;0;0;0;0;0;0;0;0;0;0
37262;2016-06;0;6;0;0;0;0;0;0;0;0;0;0;0;0;0;0;0;0;0;0;0;0;0;0;0;0;0;0;0;1;52;0;4;0;0;0;0;0;0;0;0;0;0;0;0;0;0
37263;2016-06;0;15;0;0;0;0;0;0;0;0;0;0;0;0;0;0;0;0;0;0;0;0;0;0;1;0;0;0;0;35;115;0;63;0;0;0;0;0;0;0;0;0;0;0;0;0;0
37264;2016-06;0;3;0;0;0;0;0;0;0;0;0;0;0;0;0;0;0;0;0;0;0;0;0;0;0;0;0;0;0;4;25;0;8;0;0;0;0;0;0;0;0;0;0;0;0;0;0
37265;2016-06;0;24;0;0;0;0;0;0;0;0;0;0;0;0;0;0;0;0;0;0;0;0;0;0;0;0;0;0;0;15;60;0;82;0;0;0;0;0;0;0;0;0;0;0;0;0;0
37266;2016-06;0;4;0;0;0;0;0;0;0;0;0;0;0;0;0;0;0;0;0;0;0;0;1;0;0;0;0;0;0;10;39;0;7;0;0;0;0;0;0;0;0;0;0;0;0;0;0
37267;2016-06;0;25;0;0;0;0;0;0;0;0;0;0;0;0;0;0;0;0;0;0;0;0;0;0;0;0;0;0;0;25;56;1;37;0;0;0;0;0;0;0;0;0;0;0;0;1;0
37268;2016-06;0;13;0;0;0;0;0;0;0;0;0;0;0;0;0;0;0;0;0;0;0;0;0;0;0;0;0;0;0;3;54;0;6;0;0;0;0;0;0;0;0;0;0;0;0;0;0
37269;2016-06;0;42;0;0;0;0;0;0;0;0;0;0;0;0;0;0;0;0;0;0;0;0;0;0;0;0;0;0;0;39;148;1;93;0;0;0;0;0;0;0;0;0;0;0;0;0;0
37270;2016-06;0;19;0;0;0;0;0;0;0;0;0;0;0;0;0;0;0;0;0;0;0;0;1;0;3;0;0;0;0;4;89;0;33;0;0;0;0;0;0;0;0;0;0;0;0;0;0
37271;2016-06;0;28;0;0;0;0;0;0;0;0;0;0;0;0;0;0;0;0;0;0;0;0;5;0;0;0;0;0;0;9;159;2;91;0;0;0;0;0;0;0;0;0;0;0;0;2;0
37272;2016-06;0;10;0;0;0;0;0;0;0;0;0;0;0;0;0;0;0;0;0;0;0;0;0;0;0;0;0;0;0;7;59;0;28;0;0;0;0;0;0;0;0;0;0;0;0;0;0
37273;2016-06;0;6;0;0;0;0;0;0;0;0;0;0;0;0;0;0;0;0;0;0;0;0;0;0;0;0;0;0;0;4;49;0;11;0;0;0;0;0;0;0;0;0;0;0;0;0;0
37274;2016-06;0;14028;0;0;0;0;0;0;0;0;0;0;0;0;0;0;0;0;0;0;0;0;665;0;90;0;0;0;0;12178;39627;110;17019;0;0;139;0;0;0;0;0;0;0;0;0;342;0
37275;2016-06;0;1;0;0;0;0;0;0;0;0;0;0;0;0;0;0;0;0;0;0;0;0;0;0;1;0;0;0;0;5;35;0;27;0;0;0;0;0;0;0;0;0;0;0;0;0;0
37276;2016-06;0;14;0;0;0;0;0;0;0;0;0;0;0;0;0;0;0;0;0;0;0;0;0;0;0;0;0;0;0;4;66;0;18;0;0;0;0;0;0;0;0;0;0;0;0;0;0
37277;2016-06;0;10;0;0;0;0;0;0;0;0;0;0;0;0;0;0;0;0;0;0;0;0;0;0;0;0;0;0;0;0;40;0;8;0;0;0;0;0;0;0;0;0;0;0;0;0;0
37278;2016-06;0;166;0;0;0;0;0;0;0;0;0;0;0;0;0;0;0;0;0;0;0;0;6;0;2;0;0;0;0;103;170;0;74;0;0;0;0;0;0;0;0;0;0;0;0;4;0
37279;2016-06;0;67;0;0;0;0;0;0;0;0;0;0;0;0;0;0;0;0;0;0;0;0;4;0;1;0;0;0;0;38;270;0;124;0;0;1;0;0;0;0;0;0;0;0;0;4;0
37280;2016-06;0;2;0;0;0;0;0;0;0;0;0;0;0;0;0;0;0;0;0;0;0;0;0;0;0;0;0;0;0;3;42;0;6;0;0;0;0;0;0;0;0;0;0;0;0;0;0
37281;2016-06;0;1;0;0;0;0;0;0;0;0;0;0;0;0;0;0;0;0;0;0;0;0;0;0;0;0;0;0;0;5;16;0;8;0;0;1;0;0;0;0;0;0;0;0;0;0;0
37282;2016-06;0;20;0;0;0;0;0;0;0;0;0;0;0;0;0;0;0;0;0;0;0;0;0;0;1;0;0;0;0;9;77;1;39;0;0;0;0;0;0;0;0;0;0;0;0;0;0
37283;2016-06;0;6;0;0;0;0;0;0;0;0;0;0;0;0;0;0;0;0;0;0;0;0;1;0;1;0;0;0;0;10;47;0;23;0;0;1;0;0;0;0;0;0;0;0;0;1;0
37284;2016-06;0;26;0;0;0;0;0;0;0;0;0;0;0;0;0;0;0;0;0;0;0;0;0;0;0;0;0;0;0;36;105;0;66;0;0;0;0;0;0;0;0;0;0;0;0;1;0
37285;2016-06;0;23;0;0;0;0;0;0;0;0;0;0;0;0;0;0;0;0;0;0;0;0;1;0;0;0;0;0;0;29;173;1;77;0;0;1;0;0;0;0;0;0;0;0;0;1;0
37286;2016-06;0;8;0;0;0;0;0;0;0;0;0;0;0;0;0;0;0;0;0;0;0;0;1;0;0;0;0;0;0;33;46;0;51;0;0;2;0;0;0;0;0;0;0;0;0;0;0
37287;2016-06;0;31;0;0;0;0;0;0;0;0;0;0;0;0;0;0;0;0;0;0;0;0;1;0;0;0;0;0;0;14;130;1;30;0;0;0;0;0;0;0;0;0;0;0;0;1;0
37288;2016-06;0;30;0;0;0;0;0;0;0;0;0;0;0;0;0;0;0;0;0;0;0;0;2;0;1;0;0;0;0;18;94;0;32;0;0;0;0;0;0;0;0;0;0;0;0;0;0
37289;2016-06;0;20;0;0;0;0;0;0;0;0;0;0;0;0;0;0;0;0;0;0;0;0;0;0;0;0;0;0;0;9;98;0;36;0;0;0;0;0;0;0;0;0;0;0;0;0;0
37290;2016-06;0;20;0;0;0;0;0;0;0;0;0;0;0;0;0;0;0;0;0;0;0;0;0;0;0;0;0;0;0;14;53;0;24;0;0;2;0;0;0;0;0;0;0;0;0;0;0
37291;2016-06;0;27;0;0;0;0;0;0;0;0;0;0;0;0;0;0;0;0;0;0;0;0;0;0;0;0;0;0;0;23;96;0;60;0;0;0;0;0;0;0;0;0;0;0;0;0;0
37292;2016-06;0;15;0;0;0;0;0;0;0;0;0;0;0;0;0;0;0;0;0;0;0;0;0;0;0;0;0;0;0;3;52;0;6;0;0;0;0;0;0;0;0;0;0;0;0;0;0
37293;2016-06;0;17;0;0;0;0;0;0;0;0;0;0;0;0;0;0;0;0;0;0;0;0;0;0;0;0;0;0;0;5;48;0;12;0;0;0;0;0;0;0;0;0;0;0;0;1;0
37294;2016-06;0;1666;0;0;0;0;0;0;0;0;0;0;0;0;0;0;0;0;0;0;0;0;89;0;9;0;0;0;0;1333;3433;7;1554;0;0;16;0;0;0;0;0;0;0;0;0;43;0
37296;2016-06;0;6;0;0;0;0;0;0;0;0;0;0;0;0;0;0;0;0;0;0;0;0;0;0;0;0;0;0;0;10;126;0;110;0;0;0;0;0;0;0;0;0;0;0;0;0;0
37297;2016-06;0;43;0;0;0;0;0;0;0;0;0;0;0;0;0;0;0;0;0;0;0;0;2;0;0;0;0;0;0;12;179;0;83;0;0;0;0;0;0;0;0;0;0;0;0;1;0
37298;2016-06;0;6;0;0;0;0;0;0;0;0;0;0;0;0;0;0;0;0;0;0;0;0;1;0;0;0;0;0;0;9;78;0;32;0;0;0;0;0;0;0;0;0;0;0;0;0;0
37299;2016-06;0;28;0;0;0;0;0;0;0;0;0;0;0;0;0;0;0;0;0;0;0;0;1;0;0;0;0;0;0;9;89;0;32;0;0;0;0;0;0;0;0;0;0;0;0;0;0
37300;2016-06;0;59;0;0;0;0;0;0;0;0;0;0;0;0;0;0;0;0;0;0;0;0;3;0;0;0;0;0;0;68;169;2;93;0;0;0;0;0;0;0;0;0;0;0;0;1;0
37301;2016-06;0;9;0;0;0;0;0;0;0;0;0;0;0;0;0;0;0;0;0;0;0;0;0;0;0;0;0;0;0;4;39;0;11;0;0;0;0;0;0;0;0;0;0;0;0;0;0
37302;2016-06;0;22;0;0;0;0;0;0;0;0;0;0;0;0;0;0;0;0;0;0;0;0;1;0;0;0;0;0;0;5;110;0;55;0;0;0;0;0;0;0;0;0;0;0;0;0;0
37303;2016-06;0;28;0;0;0;0;0;0;0;0;0;0;0;0;0;0;0;0;0;0;0;0;1;0;1;0;0;0;0;9;63;1;35;0;0;0;0;0;0;0;0;0;0;0;0;0;0
37304;2016-06;0;9;0;0;0;0;0;0;0;0;0;0;0;0;0;0;0;0;0;0;0;0;0;0;0;0;0;0;0;5;87;0;23;0;0;0;0;0;0;0;0;0;0;0;0;0;0
37305;2016-06;0;23;0;0;0;0;0;0;0;0;0;0;0;0;0;0;0;0;0;0;0;0;3;0;0;0;0;0;0;19;88;2;31;0;0;2;0;0;0;0;0;0;0;0;0;2;0
37306;2016-06;0;26;0;0;0;0;0;0;0;0;0;0;0;0;0;0;0;0;0;0;0;0;1;0;0;0;0;0;0;5;110;0;39;0;0;0;0;0;0;0;0;0;0;0;0;1;0
37307;2016-06;0;4;0;0;0;0;0;0;0;0;0;0;0;0;0;0;0;0;0;0;0;0;0;0;0;0;0;0;0;6;72;0;19;0;0;1;0;0;0;0;0;0;0;0;0;0;0
37309;2016-06;0;4;0;0;0;0;0;0;0;0;0;0;0;0;0;0;0;0;0;0;0;0;0;0;0;0;0;0;0;5;15;0;5;0;0;0;0;0;0;0;0;0;0;0;0;0;0
37310;2016-06;0;6;0;0;0;0;0;0;0;0;0;0;0;0;0;0;0;0;0;0;0;0;0;0;0;0;0;0;0;11;49;0;56;0;0;0;0;0;0;0;0;0;0;0;0;0;0
37311;2016-06;0;30;0;0;0;0;0;0;0;0;0;0;0;0;0;0;0;0;0;0;0;0;0;0;0;0;0;0;0;16;96;0;36;0;0;0;0;0;0;0;0;0;0;0;0;1;0
37312;2016-06;0;18;0;0;0;0;0;0;0;0;0;0;0;0;0;0;0;0;0;0;0;0;0;0;0;0;0;0;0;1;122;0;57;0;0;0;0;0;0;0;0;0;0;0;0;0;0
37313;2016-06;0;36;0;0;0;0;0;0;0;0;0;0;0;0;0;0;0;0;0;0;0;0;0;0;0;0;0;0;0;19;217;1;109;0;0;0;0;0;0;0;0;0;0;0;0;0;0
37314;2016-06;0;8;0;0;0;0;0;0;0;0;0;0;0;0;0;0;0;0;0;0;0;0;1;0;0;0;0;0;0;8;47;0;1;0;0;0;0;0;0;0;0;0;0;0;0;0;0
37315;2016-06;0;5;0;0;0;0;0;0;0;0;0;0;0;0;0;0;0;0;0;0;0;0;0;0;0;0;0;0;0;4;52;0;9;0;0;0;0;0;0;0;0;0;0;0;0;0;0
37316;2016-06;0;62;0;0;0;0;0;0;0;0;0;0;0;0;0;0;0;0;0;0;0;0;2;0;0;0;0;0;0;42;364;2;81;0;0;0;0;0;0;0;0;0;0;0;0;2;0
37317;2016-06;0;24;0;0;0;0;0;0;0;0;0;0;0;0;0;0;0;0;0;0;0;0;0;0;0;0;0;0;0;18;140;0;51;0;0;0;0;0;0;0;0;0;0;0;0;0;0
37318;2016-06;0;28;0;0;0;0;0;0;0;0;0;0;0;0;0;0;0;0;0;0;0;0;0;0;0;0;0;0;0;10;92;0;23;0;0;2;0;0;0;0;0;0;0;0;0;2;0
37319;2016-06;0;8;0;0;0;0;0;0;0;0;0;0;0;0;0;0;0;0;0;0;0;0;1;0;0;0;0;0;0;15;33;0;17;0;0;0;0;0;0;0;0;0;0;0;0;0;0
37320;2016-06;0;2;0;0;0;0;0;0;0;0;0;0;0;0;0;0;0;0;0;0;0;0;0;0;0;0;0;0;0;4;49;0;17;0;0;0;0;0;0;0;0;0;0;0;0;0;0
37321;2016-06;0;17;0;0;0;0;0;0;0;0;0;0;0;0;0;0;0;0;0;0;0;0;0;0;0;0;0;0;0;18;61;0;34;0;0;0;0;0;0;0;0;0;0;0;0;0;0
37322;2016-06;0;269;0;0;0;0;0;0;0;0;0;0;0;0;0;0;0;0;0;0;0;0;20;0;1;0;0;0;0;284;603;1;370;0;0;3;0;0;0;0;0;0;0;0;0;5;0
37323;2016-06;0;49;0;0;0;0;0;0;0;0;0;0;0;0;0;0;0;0;0;0;0;0;0;0;0;0;0;0;0;20;218;1;76;0;0;0;0;0;0;0;0;0;0;0;0;3;0
37324;2016-06;0;28;0;0;0;0;0;0;0;0;0;0;0;0;0;0;0;0;0;0;0;0;1;0;1;0;0;0;0;13;164;0;66;0;0;0;0;0;0;0;0;0;0;0;0;0;0
37325;2016-06;0;1;0;0;0;0;0;0;0;0;0;0;0;0;0;0;0;0;0;0;0;0;1;0;0;0;0;0;0;8;42;0;10;0;0;0;0;0;0;0;0;0;0;0;0;0;0
37327;2016-06;0;30;0;0;0;0;0;0;0;0;0;0;0;0;0;0;0;0;0;0;0;0;1;0;0;0;0;0;0;20;61;0;30;0;0;1;0;0;0;0;0;0;0;0;0;0;0
37328;2016-06;0;13;0;0;0;0;0;0;0;0;0;0;0;0;0;0;0;0;0;0;0;0;0;0;0;0;0;0;0;33;49;0;34;0;0;0;0;0;0;0;0;0;0;0;0;1;0
37329;2016-06;0;6;0;0;0;0;0;0;0;0;0;0;0;0;0;0;0;0;0;0;0;0;0;0;0;0;0;0;0;1;26;0;1;0;0;0;0;0;0;0;0;0;0;0;0;0;0
37330;2016-06;0;21;0;0;0;0;0;0;0;0;0;0;0;0;0;0;0;0;0;0;0;0;1;0;0;0;0;0;0;24;135;2;63;0;0;0;0;0;0;0;0;0;0;0;0;0;0
37331;2016-06;0;9;0;0;0;0;0;0;0;0;0;0;0;0;0;0;0;0;0;0;0;0;0;0;0;0;0;0;0;9;95;0;22;0;0;0;0;0;0;0;0;0;0;0;0;0;0
37332;2016-06;0;7;0;0;0;0;0;0;0;0;0;0;0;0;0;0;0;0;0;0;0;0;0;0;1;0;0;0;0;2;35;0;5;0;0;0;0;0;0;0;0;0;0;0;0;0;0
37333;2016-06;0;27;0;0;0;0;0;0;0;0;0;0;0;0;0;0;0;0;0;0;0;0;0;0;0;0;0;0;0;17;67;0;28;0;0;0;0;0;0;0;0;0;0;0;0;2;0
37334;2016-06;0;2;0;0;0;0;0;0;0;0;0;0;0;0;0;0;0;0;0;0;0;0;0;0;0;0;0;0;0;2;31;0;12;0;0;0;0;0;0;0;0;0;0;0;0;0;0
37335;2016-06;0;50;0;0;0;0;0;0;0;0;0;0;0;0;0;0;0;0;0;0;0;0;1;0;0;0;0;0;0;18;165;0;55;0;0;0;0;0;0;0;0;0;0;0;0;1;0
37336;2016-06;0;4;0;0;0;0;0;0;0;0;0;0;0;0;0;0;0;0;0;0;0;0;0;0;0;0;0;0;0;6;28;0;11;0;0;0;0;0;0;0;0;0;0;0;0;0;0
37337;2016-06;0;14;0;0;0;0;0;0;0;0;0;0;0;0;0;0;0;0;0;0;0;0;0;0;0;0;0;0;0;0;103;0;7;0;0;0;0;0;0;0;0;0;0;0;0;0;0
37338;2016-06;0;5;0;0;0;0;0;0;0;0;0;0;0;0;0;0;0;0;0;0;0;0;0;0;0;0;0;0;0;7;41;0;11;0;0;0;0;0;0;0;0;0;0;0;0;0;0
37339;2016-06;0;10;0;0;0;0;0;0;0;0;0;0;0;0;0;0;0;0;0;0;0;0;1;0;0;0;0;0;0;20;159;1;56;0;0;0;0;0;0;0;0;0;0;0;0;0;0
37340;2016-06;0;7;0;0;0;0;0;0;0;0;0;0;0;0;0;0;0;0;0;0;0;0;0;0;0;0;0;0;0;2;79;0;17;0;0;0;0;0;0;0;0;0;0;0;0;0;0
37341;2016-06;0;5;0;0;0;0;0;0;0;0;0;0;0;0;0;0;0;0;0;0;0;0;2;0;0;0;0;0;0;5;23;0;4;0;0;0;0;0;0;0;0;0;0;0;0;0;0
37342;2016-06;0;33;0;0;0;0;0;0;0;0;0;0;0;0;0;0;0;0;0;0;0;0;1;0;0;0;0;0;0;15;101;0;36;0;0;0;0;0;0;0;0;0;0;0;0;0;0
37343;2016-06;0;17;0;0;0;0;0;0;0;0;0;0;0;0;0;0;0;0;0;0;0;0;0;0;0;0;0;0;0;9;16;0;5;0;0;0;0;0;0;0;0;0;0;0;0;0;0
37344;2016-06;0;20;0;0;0;0;0;0;0;0;0;0;0;0;0;0;0;0;0;0;0;0;1;0;0;0;0;0;0;4;88;0;59;0;0;0;0;0;0;0;0;0;0;0;0;0;0
37345;2016-06;0;15;0;0;0;0;0;0;0;0;0;0;0;0;0;0;0;0;0;0;0;0;0;0;1;0;0;0;0;0;73;0;26;0;0;10;0;0;0;0;0;0;0;0;0;0;0
37346;2016-06;0;20;0;0;0;0;0;0;0;0;0;0;0;0;0;0;0;0;0;0;0;0;0;0;0;0;0;0;0;11;144;0;35;0;0;0;0;0;0;0;0;0;0;0;0;0;0
37347;2016-06;0;54;0;0;0;0;0;0;0;0;0;0;0;0;0;0;0;0;0;0;0;0;4;0;1;0;0;0;0;63;154;0;68;0;0;0;0;0;0;0;0;0;0;0;0;0;0
37348;2016-06;0;9;0;0;0;0;0;0;0;0;0;0;0;0;0;0;0;0;0;0;0;0;0;0;0;0;0;0;0;12;66;0;8;0;0;0;0;0;0;0;0;0;0;0;0;0;0
37349;2016-06;0;12;0;0;0;0;0;0;0;0;0;0;0;0;0;0;0;0;0;0;0;0;0;0;0;0;0;0;0;3;61;1;11;0;0;0;0;0;0;0;0;0;0;0;0;0;0
37350;2016-06;0;54;0;0;0;0;0;0;0;0;0;0;0;0;0;0;0;0;0;0;0;0;2;0;0;0;0;0;0;21;204;1;26;0;0;1;0;0;0;0;0;0;0;0;0;0;0
37351;2016-06;0;29;0;0;0;0;0;0;0;0;0;0;0;0;0;0;0;0;0;0;0;0;0;0;0;0;0;0;0;6;122;0;69;0;0;1;0;0;0;0;0;0;0;0;0;0;0
37352;2016-06;0;26;0;0;0;0;0;0;0;0;0;0;0;0;0;0;0;0;0;0;0;0;0;0;0;0;0;0;0;16;70;0;39;0;0;0;0;0;0;0;0;0;0;0;0;0;0
37353;2016-06;0;7;0;0;0;0;0;0;0;0;0;0;0;0;0;0;0;0;0;0;0;0;0;0;0;0;0;0;0;9;52;0;28;0;0;0;0;0;0;0;0;0;0;0;0;0;0
37354;2016-06;0;792;0;0;0;0;0;0;0;0;0;0;0;0;0;0;0;0;0;0;0;0;50;0;2;0;0;0;0;588;1582;5;682;0;0;9;0;0;0;0;0;0;0;0;0;22;0
37355;2016-06;0;16;0;0;0;0;0;0;0;0;0;0;0;0;0;0;0;0;0;0;0;0;0;0;0;0;0;0;0;20;78;0;27;0;0;0;0;0;0;0;0;0;0;0;0;0;0
37356;2016-06;0;9;0;0;0;0;0;0;0;0;0;0;0;0;0;0;0;0;0;0;0;0;2;0;0;0;0;0;0;2;36;0;16;0;0;0;0;0;0;0;0;0;0;0;0;0;0
37357;2016-06;0;19;0;0;0;0;0;0;0;0;0;0;0;0;0;0;0;0;0;0;0;0;0;0;0;0;0;0;0;14;114;0;55;0;0;0;0;0;0;0;0;0;0;0;0;0;0
37358;2016-06;0;24;0;0;0;0;0;0;0;0;0;0;0;0;0;0;0;0;0;0;0;0;0;0;0;0;0;0;0;12;75;0;22;0;0;0;0;0;0;0;0;0;0;0;0;0;0
37359;2016-06;0;7;0;0;0;0;0;0;0;0;0;0;0;0;0;0;0;0;0;0;0;0;0;0;1;0;0;0;0;12;92;0;16;0;0;0;0;0;0;0;0;0;0;0;0;1;0
37360;2016-06;0;28;0;0;0;0;0;0;0;0;0;0;0;0;0;0;0;0;0;0;0;0;0;0;0;0;0;0;0;10;91;0;42;0;0;1;0;0;0;0;0;0;0;0;0;0;0
37361;2016-06;0;6;0;0;0;0;0;0;0;0;0;0;0;0;0;0;0;0;0;0;0;0;0;0;0;0;0;0;0;3;48;0;9;0;0;0;0;0;0;0;0;0;0;0;0;0;0
37362;2016-06;0;825;0;0;0;0;0;0;0;0;0;0;0;0;0;0;0;0;0;0;0;0;25;0;6;0;0;0;0;513;1458;6;476;0;0;6;0;0;0;0;0;0;0;0;0;11;0
37363;2016-06;0;12;0;0;0;0;0;0;0;0;0;0;0;0;0;0;0;0;0;0;0;0;0;0;0;0;0;0;0;8;36;0;31;0;0;0;0;0;0;0;0;0;0;0;0;0;0
37364;2016-06;0;65;0;0;0;0;0;0;0;0;0;0;0;0;0;0;0;0;0;0;0;0;2;0;0;0;0;0;0;49;316;0;159;0;0;1;0;0;0;0;0;0;0;0;0;0;0
37365;2016-06;0;19;0;0;0;0;0;0;0;0;0;0;0;0;0;0;0;0;0;0;0;0;0;0;0;0;0;0;0;8;85;1;18;0;0;0;0;0;0;0;0;0;0;0;0;1;0
37366;2016-06;0;2;0;0;0;0;0;0;0;0;0;0;0;0;0;0;0;0;0;0;0;0;0;0;0;0;0;0;0;5;21;0;4;0;0;0;0;0;0;0;0;0;0;0;0;0;0
37367;2016-06;0;18;0;0;0;0;0;0;0;0;0;0;0;0;0;0;0;0;0;0;0;0;0;0;0;0;0;0;0;6;115;0;22;0;0;0;0;0;0;0;0;0;0;0;0;0;0
37368;2016-06;0;5;0;0;0;0;0;0;0;0;0;0;0;0;0;0;0;0;0;0;0;0;0;0;0;0;0;0;0;4;8;0;0;0;0;0;0;0;0;0;0;0;0;0;0;0;0
37369;2016-06;0;6;0;0;0;0;0;0;0;0;0;0;0;0;0;0;0;0;0;0;0;0;0;0;0;0;0;0;0;18;53;0;17;0;0;0;0;0;0;0;0;0;0;0;0;0;0
37370;2016-06;0;34;0;0;0;0;0;0;0;0;0;0;0;0;0;0;0;0;0;0;0;0;0;0;0;0;0;0;0;18;157;1;42;0;0;0;0;0;0;0;0;0;0;0;0;1;0
37371;2016-06;0;13;0;0;0;0;0;0;0;0;0;0;0;0;0;0;0;0;0;0;0;0;0;0;1;0;0;0;0;8;92;0;45;0;0;1;0;0;0;0;0;0;0;0;0;1;0
37372;2016-06;0;8;0;0;0;0;0;0;0;0;0;0;0;0;0;0;0;0;0;0;0;0;0;0;0;0;0;0;0;5;57;0;38;0;0;0;0;0;0;0;0;0;0;0;0;0;0
37373;2016-06;0;53;0;0;0;0;0;0;0;0;0;0;0;0;0;0;0;0;0;0;0;0;2;0;0;0;0;0;0;84;150;0;208;0;0;0;0;0;0;0;0;0;0;0;0;1;0
37374;2016-06;0;88;0;0;0;0;0;0;0;0;0;0;0;0;0;0;0;0;0;0;0;0;1;0;1;0;0;0;0;63;474;0;280;0;0;1;0;0;0;0;0;0;0;0;0;2;0
37375;2016-06;0;82;0;0;0;0;0;0;0;0;0;0;0;0;0;0;0;0;0;0;0;0;0;0;1;0;0;0;0;39;205;0;238;0;0;1;0;0;0;0;0;0;0;0;0;0;0
37376;2016-06;0;225;0;0;0;0;0;0;0;0;0;0;0;0;0;0;0;0;0;0;0;0;0;0;1;0;0;0;0;136;878;1;264;0;0;2;0;0;0;0;0;0;0;0;0;2;0
37377;2016-06;0;23;0;0;0;0;0;0;0;0;0;0;0;0;0;0;0;0;0;0;0;0;0;0;0;0;0;0;0;10;125;0;40;0;0;0;0;0;0;0;0;0;0;0;0;0;0
37378;2016-06;0;6;0;0;0;0;0;0;0;0;0;0;0;0;0;0;0;0;0;0;0;0;0;0;0;0;0;0;0;2;41;0;23;0;0;0;0;0;0;0;0;0;0;0;0;1;0
37379;2016-06;0;12;0;0;0;0;0;0;0;0;0;0;0;0;0;0;0;0;0;0;0;0;1;0;2;0;0;0;0;7;62;1;45;0;0;0;0;0;0;0;0;0;0;0;0;0;0
37380;2016-06;0;10;0;0;0;0;0;0;0;0;0;0;0;0;0;0;0;0;0;0;0;0;0;0;0;0;0;0;0;8;13;0;14;0;0;0;0;0;0;0;0;0;0;0;0;0;0
37381;2016-06;0;17;0;0;0;0;0;0;0;0;0;0;0;0;0;0;0;0;0;0;0;0;0;0;0;0;0;0;0;13;62;0;13;0;0;0;0;0;0;0;0;0;0;0;0;0;0
37382;2016-06;0;8;0;0;0;0;0;0;0;0;0;0;0;0;0;0;0;0;0;0;0;0;0;0;0;0;0;0;0;3;82;0;44;0;0;0;0;0;0;0;0;0;0;0;0;0;0
38001;2016-06;0;1393;0;0;816;0;0;0;0;8;0;0;0;0;0;0;0;0;0;7;0;0;161;0;4;0;0;0;0;2140;3323;0;3007;0;0;30;0;0;0;0;0;0;0;0;0;0;0
38002;2016-06;0;48;0;0;131;0;0;0;0;0;0;0;0;0;0;0;0;0;0;0;0;0;5;0;2;0;0;0;0;59;197;0;232;0;0;1;0;0;0;0;0;0;0;0;0;0;0
38003;2016-06;0;51;0;0;68;0;0;0;0;2;0;0;0;0;0;0;0;0;0;0;0;0;7;0;0;0;0;0;0;120;335;0;357;0;0;2;0;0;0;0;0;0;0;0;0;0;0
38004;2016-06;0;332;0;0;364;0;0;0;0;3;0;0;0;0;0;0;0;0;0;7;0;0;49;0;4;0;0;0;0;515;946;0;731;0;0;9;0;0;0;0;0;0;0;0;0;0;0
38005;2016-06;0;308;0;0;505;0;0;0;0;2;0;0;0;0;0;0;0;0;0;2;0;0;41;0;5;0;0;0;0;495;991;0;1020;0;0;5;0;0;0;0;0;0;0;0;0;0;0
38006;2016-06;0;2243;0;0;1751;0;0;0;0;28;0;0;0;0;0;0;0;0;0;17;0;0;355;0;31;0;0;0;0;3757;7284;0;4943;0;0;39;0;0;0;0;0;0;0;0;0;0;0
38007;2016-06;0;86;0;0;109;0;0;0;0;1;0;0;0;0;0;0;0;0;0;1;0;0;15;0;2;0;0;0;0;130;443;0;308;0;0;2;0;0;0;0;0;0;0;0;0;0;0
38008;2016-06;0;402;0;0;486;0;0;0;0;1;0;0;0;0;0;0;0;0;0;1;0;0;40;0;6;0;0;0;0;485;1448;0;874;0;0;6;0;0;0;0;0;0;0;0;0;0;0
38009;2016-06;0;353;0;0;362;0;0;0;0;2;0;0;0;0;0;0;0;0;0;0;0;0;40;0;3;0;0;0;0;482;1085;0;514;0;0;7;0;0;0;0;0;0;0;0;0;0;0
38010;2016-06;0;147;0;0;195;0;0;0;0;2;0;0;0;0;0;0;0;0;0;1;0;0;33;0;2;0;0;0;0;508;960;0;790;0;0;4;0;0;0;0;0;0;0;0;0;0;0
38011;2016-06;0;1883;0;0;1396;0;0;0;0;20;0;0;0;0;0;0;0;0;0;23;0;0;261;0;16;0;0;0;0;2665;4389;0;2925;0;0;45;0;0;0;0;0;0;0;0;0;0;0
38012;2016-06;0;121;0;0;228;0;0;0;0;2;0;0;0;0;0;0;0;0;0;1;0;0;20;0;3;0;0;0;0;295;495;0;456;0;0;2;0;0;0;0;0;0;0;0;0;0;0
38013;2016-06;0;148;0;0;401;0;0;0;0;1;0;0;0;0;0;0;0;0;0;1;0;0;17;0;6;0;0;0;0;212;706;0;357;0;0;1;0;0;0;0;0;0;0;0;0;0;0
38014;2016-06;0;88;0;0;215;0;0;0;0;1;0;0;0;0;0;0;0;0;0;0;0;0;7;0;1;0;0;0;0;129;329;0;152;0;0;1;0;0;0;0;0;0;0;0;0;0;0
38015;2016-06;0;204;0;0;587;0;0;0;0;3;0;0;0;0;0;0;0;0;0;4;0;0;23;0;4;0;0;0;0;311;1122;0;562;0;0;6;0;0;0;0;0;0;0;0;0;0;0
38016;2016-06;0;24;0;0;66;0;0;0;0;0;0;0;0;0;0;0;0;0;0;2;0;0;5;0;1;0;0;0;0;127;200;0;190;0;0;5;0;0;0;0;0;0;0;0;0;0;0
38017;2016-06;0;1962;0;0;1872;0;0;0;0;19;0;0;0;0;0;0;0;0;0;18;0;0;281;0;26;0;0;0;0;2980;5299;0;3490;0;0;33;0;0;0;0;0;0;0;0;0;0;0
38018;2016-06;0;207;0;0;623;0;0;0;0;3;0;0;0;0;0;0;0;0;0;2;0;0;51;0;7;0;0;0;0;310;1173;0;615;0;0;4;0;0;0;0;0;0;0;0;0;0;0
38019;2016-06;0;633;0;0;1043;0;0;0;0;9;0;0;0;0;0;0;0;0;0;6;0;0;70;0;9;0;0;0;0;826;2731;0;2677;0;0;7;0;0;0;0;0;0;0;0;0;0;0
38020;2016-06;0;1035;0;0;1351;0;0;0;0;13;0;0;0;0;0;0;0;0;0;21;0;0;139;0;11;0;0;0;0;1817;3301;0;2060;0;0;23;0;0;0;0;0;0;0;0;0;0;0
38021;2016-06;0;58;0;0;212;0;0;0;0;0;0;0;0;0;0;0;0;0;0;1;0;0;12;0;0;0;0;0;0;116;352;0;261;0;0;1;0;0;0;0;0;0;0;0;0;0;0
38022;2016-06;0;1109;0;0;1976;0;0;0;0;9;0;0;0;0;0;0;0;0;0;12;0;0;136;0;12;0;0;0;0;1050;5442;0;2340;0;0;12;0;0;0;0;0;0;0;0;0;0;0
38023;2016-06;0;8773;0;0;10829;0;0;0;0;120;0;0;0;0;0;0;0;0;0;161;0;0;1716;0;126;0;0;0;0;19018;23539;0;15240;0;0;317;0;0;0;0;0;0;0;0;0;0;0
38024;2016-06;0;1260;0;0;1215;0;0;0;0;8;0;0;0;0;0;0;0;0;0;6;0;0;144;0;15;0;0;0;0;1109;3878;0;1639;0;0;27;0;0;0;0;0;0;0;0;0;0;0
38025;2016-06;0;515;0;0;477;0;0;0;0;5;0;0;0;0;0;0;0;0;0;1;0;0;71;0;6;0;0;0;0;514;1839;0;1293;0;0;10;0;0;0;0;0;0;0;0;0;0;0
38026;2016-06;0;2341;0;0;4855;0;0;0;0;35;0;0;0;0;0;0;0;0;0;34;0;0;342;0;30;0;0;0;0;3192;8618;0;4581;0;0;39;0;0;0;0;0;0;0;0;0;0;0
38027;2016-06;0;366;0;0;601;0;0;0;0;5;0;0;0;0;0;0;0;0;0;1;0;0;42;0;6;0;0;0;0;407;1412;0;712;0;0;3;0;0;0;0;0;0;0;0;0;0;0
38028;2016-06;0;1371;0;0;1001;0;0;0;0;16;0;0;0;0;0;0;0;0;0;35;0;0;243;0;14;0;0;0;0;2421;5434;0;4199;0;0;25;0;0;0;0;0;0;0;0;0;0;0
38029;2016-06;0;79;0;0;40;0;0;0;0;0;0;0;0;0;0;0;0;0;0;2;0;0;13;0;1;0;0;0;0;126;294;0;177;0;0;1;0;0;0;0;0;0;0;0;0;0;0
38030;2016-06;0;117;0;0;265;0;0;0;0;3;0;0;0;0;0;0;0;0;0;0;0;0;14;0;2;0;0;0;0;146;339;0;401;0;0;1;0;0;0;0;0;0;0;0;0;0;0
38031;2016-06;0;1902;0;0;1899;0;0;0;0;54;0;0;0;0;0;0;0;0;0;18;0;0;365;0;16;0;0;0;0;2534;8647;0;5284;0;0;35;0;0;0;0;0;0;0;0;0;0;0
38032;2016-06;0;1296;0;0;752;0;0;0;0;14;0;0;0;0;0;0;0;0;0;5;0;0;146;0;6;0;0;0;0;1742;3083;0;1706;0;0;26;0;0;0;0;0;0;0;0;0;0;0
38033;2016-06;0;210;0;0;250;0;0;0;0;4;0;0;0;0;0;0;0;0;0;0;0;0;23;0;3;0;0;0;0;261;929;0;770;0;0;6;0;0;0;0;0;0;0;0;0;0;0
38034;2016-06;0;251;0;0;360;0;0;0;0;3;0;0;0;0;0;0;0;0;0;3;0;0;32;0;3;0;0;0;0;328;1143;0;662;0;0;3;0;0;0;0;0;0;0;0;0;0;0
38035;2016-06;0;693;0;0;857;0;0;0;0;2;0;0;0;0;0;0;0;0;0;9;0;0;91;0;6;0;0;0;0;802;1947;0;1108;0;0;13;0;0;0;0;0;0;0;0;0;0;0
38036;2016-06;0;435;0;0;653;0;0;0;0;10;0;0;0;0;0;0;0;0;0;10;0;0;76;0;12;0;0;0;0;762;1073;0;1350;0;0;14;0;0;0;0;0;0;0;0;0;0;0
38037;2016-06;0;781;0;0;742;0;0;0;0;5;0;0;0;0;0;0;0;0;0;10;0;0;140;0;11;0;0;0;0;1295;3029;0;2063;0;0;23;0;0;0;0;0;0;0;0;0;0;0
38038;2016-06;0;13491;0;0;11655;0;0;0;0;175;0;0;0;0;0;0;0;0;0;163;0;0;2263;0;161;0;0;0;0;22038;33326;0;19691;0;0;497;0;0;0;0;0;0;0;0;0;0;0
38039;2016-06;0;861;0;0;1256;0;0;0;0;8;0;0;0;0;0;0;0;0;0;12;0;0;115;0;4;0;0;0;0;760;3285;0;1091;0;0;18;0;0;0;0;0;0;0;0;0;0;0
38040;2016-06;0;289;0;0;440;0;0;0;0;2;0;0;0;0;0;0;0;0;0;0;0;0;27;0;3;0;0;0;0;330;1507;0;485;0;0;5;0;0;0;0;0;0;0;0;0;0;0
38041;2016-06;0;521;0;0;1080;0;0;0;0;4;0;0;0;0;0;0;0;0;0;7;0;0;58;0;0;0;0;0;0;826;1525;0;783;0;0;17;0;0;0;0;0;0;0;0;0;0;0
38042;2016-06;0;161;0;0;247;0;0;0;0;0;0;0;0;0;0;0;0;0;0;5;0;0;13;0;3;0;0;0;0;328;958;0;895;0;0;1;0;0;0;0;0;0;0;0;0;0;0
38043;2016-06;0;1448;0;0;1692;0;0;0;0;25;0;0;0;0;0;0;0;0;0;17;0;0;220;0;21;0;0;0;0;2247;4531;0;2598;0;0;42;0;0;0;0;0;0;0;0;0;0;0
38044;2016-06;0;107;0;0;168;0;0;0;0;1;0;0;0;0;0;0;0;0;0;2;0;0;5;0;1;0;0;0;0;87;642;0;314;0;0;1;0;0;0;0;0;0;0;0;0;0;0
38045;2016-06;0;152;0;0;354;0;0;0;0;4;0;0;0;0;0;0;0;0;0;1;0;0;17;0;0;0;0;0;0;396;605;0;567;0;0;3;0;0;0;0;0;0;0;0;0;0;0
38046;2016-06;0;827;0;0;868;0;0;0;0;5;0;0;0;0;0;0;0;0;0;10;0;0;115;0;10;0;0;0;0;1638;2175;0;1076;0;0;11;0;0;0;0;0;0;0;0;0;0;0
38047;2016-06;0;129;0;0;200;0;0;0;0;0;0;0;0;0;0;0;0;0;0;0;0;0;11;0;4;0;0;0;0;120;454;0;247;0;0;1;0;0;0;0;0;0;0;0;0;0;0
38048;2016-06;0;218;0;0;536;0;0;0;0;1;0;0;0;0;0;0;0;0;0;1;0;0;38;0;3;0;0;0;0;485;884;0;446;0;0;5;0;0;0;0;0;0;0;0;0;0;0
38049;2016-06;0;133;0;0;207;0;0;0;0;1;0;0;0;0;0;0;0;0;0;1;0;0;17;0;4;0;0;0;0;240;637;0;378;0;0;1;0;0;0;0;0;0;0;0;0;0;0
38050;2016-06;0;71;0;0;316;0;0;0;0;3;0;0;0;0;0;0;0;0;0;3;0;0;20;0;4;0;0;0;0;183;604;0;389;0;0;3;0;0;0;0;0;0;0;0;0;0;0
38051;2016-06;0;340;0;0;840;0;0;0;0;1;0;0;0;0;0;0;0;0;0;2;0;0;43;0;5;0;0;0;0;434;2353;0;1027;0;0;4;0;0;0;0;0;0;0;0;0;0;0
38052;2016-06;0;80;0;0;100;0;0;0;0;1;0;0;0;0;0;0;0;0;0;2;0;0;5;0;0;0;0;0;0;98;388;0;197;0;0;2;0;0;0;0;0;0;0;0;0;0;0
38053;2016-06;0;278;0;0;403;0;0;0;0;0;0;0;0;0;0;0;0;0;0;2;0;0;23;0;7;0;0;0;0;309;887;0;502;0;0;7;0;0;0;0;0;0;0;0;0;0;0
38901;2016-06;0;53;0;0;209;0;0;0;0;1;0;0;0;0;0;0;0;0;0;1;0;0;4;0;3;0;0;0;0;144;231;0;234;0;0;4;0;0;0;0;0;0;0;0;0;0;0
39001;2016-06;0;176;0;0;0;0;0;0;0;3;0;0;0;0;0;0;0;0;0;0;0;0;9;0;1;0;0;0;0;315;710;0;358;0;0;2;0;1;0;0;0;0;0;0;0;4;4
39002;2016-06;0;297;0;0;0;0;0;1;0;5;0;0;0;0;0;0;0;0;0;0;0;0;14;0;1;0;0;0;0;389;892;0;688;0;0;5;0;0;0;0;0;0;0;0;0;3;1
39003;2016-06;0;14;0;0;0;0;0;1;0;0;0;0;0;0;0;0;0;0;0;0;0;0;0;0;1;0;0;0;0;38;93;0;67;0;0;0;0;0;0;0;0;0;0;0;0;1;0
39004;2016-06;0;117;0;0;0;0;0;0;0;1;0;0;0;0;0;0;0;0;0;0;0;0;5;0;3;0;0;0;0;171;447;0;322;0;0;1;0;0;0;0;0;0;0;0;0;2;1
39005;2016-06;0;139;0;0;0;0;0;0;0;2;0;0;0;0;0;0;0;0;0;0;0;0;18;0;3;0;0;0;0;150;525;0;196;0;0;2;0;0;0;0;0;0;0;0;0;1;1
39006;2016-06;0;166;0;0;0;0;0;0;0;1;0;0;0;0;0;0;0;0;0;0;0;0;4;0;3;0;0;0;0;147;704;0;244;0;0;0;0;0;0;0;0;0;0;0;0;3;5
39007;2016-06;0;19;0;0;0;0;0;0;0;0;0;0;0;0;0;0;0;0;0;0;0;0;1;0;0;0;0;0;0;50;146;0;55;0;0;1;0;0;0;0;0;0;0;0;0;0;1
39008;2016-06;0;1545;0;0;0;0;0;3;0;7;0;0;0;0;0;0;0;0;0;0;0;0;136;0;8;0;0;0;0;2083;3539;0;2659;0;0;13;0;9;0;0;0;0;0;0;0;41;14
39009;2016-06;0;327;0;0;0;0;0;2;0;3;0;0;0;0;0;0;0;0;0;0;0;0;20;0;2;0;0;0;0;390;1017;0;542;0;0;3;0;1;0;0;0;0;0;0;0;4;9
39010;2016-06;0;43;0;0;0;0;0;0;0;1;0;0;0;0;0;0;0;0;0;0;0;0;7;0;0;0;0;0;0;73;189;0;153;0;0;0;0;0;0;0;0;0;0;0;0;1;1
39011;2016-06;0;170;0;0;0;0;0;0;0;2;0;0;0;0;0;0;0;0;0;0;0;0;9;0;0;0;0;0;0;148;653;0;167;0;0;2;0;0;0;0;0;0;0;0;0;4;0
39012;2016-06;0;691;0;0;0;0;0;2;0;6;0;0;0;0;0;0;0;0;0;0;0;0;41;0;6;0;0;0;0;1058;1801;0;1275;0;0;11;0;1;0;0;0;0;0;0;0;7;7
39013;2016-06;0;31;0;0;0;0;0;0;0;0;0;0;0;0;0;0;0;0;0;0;0;0;0;0;0;0;0;0;0;34;264;0;65;0;0;0;0;0;0;0;0;0;0;0;0;0;1
39014;2016-06;0;77;0;0;0;0;0;0;0;0;0;0;0;0;0;0;0;0;0;0;0;0;6;0;1;0;0;0;0;131;258;0;134;0;0;0;0;1;0;0;0;0;0;0;0;0;0
39015;2016-06;0;96;0;0;0;0;0;0;0;0;0;0;0;0;0;0;0;0;0;0;0;0;4;0;0;0;0;0;0;57;368;0;111;0;0;0;0;0;0;0;0;0;0;0;0;0;2
39016;2016-06;0;2934;0;0;0;0;0;5;0;38;0;0;0;0;0;0;0;0;0;0;0;0;186;0;25;0;0;0;0;3201;6859;0;4199;0;0;27;0;6;0;0;0;0;0;0;0;58;41
39017;2016-06;0;44;0;0;0;0;0;0;0;3;0;0;0;0;0;0;0;0;0;0;0;0;3;0;2;0;0;0;0;29;248;0;57;0;0;0;0;0;0;0;0;0;0;0;0;0;1
39018;2016-06;0;524;0;0;0;0;0;3;0;4;0;0;0;0;0;0;0;0;0;0;0;0;32;0;9;0;0;0;0;758;846;0;972;0;0;8;0;0;0;0;0;0;0;0;0;10;3
39019;2016-06;0;233;0;0;0;0;0;1;0;1;0;0;0;0;0;0;0;0;0;0;0;0;14;0;2;0;0;0;0;309;616;0;342;0;0;2;0;0;0;0;0;0;0;0;0;0;1
39020;2016-06;0;1917;0;0;0;0;0;9;0;39;0;0;0;0;0;0;0;0;0;0;0;0;181;0;25;0;0;0;0;4679;4453;0;3839;0;0;36;0;5;0;0;0;0;0;0;0;41;32
39021;2016-06;0;20;0;0;0;0;0;0;0;0;0;0;0;0;0;0;0;0;0;0;0;0;1;0;0;0;0;0;0;47;204;0;100;0;0;0;0;0;0;0;0;0;0;0;0;1;1
39022;2016-06;0;88;0;0;0;0;0;0;0;0;0;0;0;0;0;0;0;0;0;0;0;0;1;0;0;0;0;0;0;67;408;0;145;0;0;0;0;0;0;0;0;0;0;0;0;2;0
39023;2016-06;0;627;0;0;0;0;0;1;0;14;0;0;0;0;0;0;0;0;0;0;0;0;59;0;5;0;0;0;0;756;1656;0;1503;0;0;3;0;8;0;0;0;0;0;0;0;12;3
39024;2016-06;0;167;0;0;0;0;0;0;0;1;0;0;0;0;0;0;0;0;0;0;0;0;9;0;1;0;0;0;0;272;542;0;375;0;0;1;0;0;0;0;0;0;0;0;0;2;0
39025;2016-06;0;834;0;0;0;0;0;2;0;4;0;0;0;0;0;0;0;0;0;0;0;0;57;0;9;0;0;0;0;1110;2272;0;2011;0;0;9;0;3;0;0;0;0;0;0;0;7;13
39026;2016-06;0;118;0;0;0;0;0;0;0;1;0;0;0;0;0;0;0;0;0;0;0;0;8;0;1;0;0;0;0;181;643;0;258;0;0;1;0;0;0;0;0;0;0;0;0;1;1
39027;2016-06;0;321;0;0;0;0;0;0;0;3;0;0;0;0;0;0;0;0;0;0;0;0;13;0;3;0;0;0;0;331;1087;0;498;0;0;5;0;0;0;0;0;0;0;0;0;5;3
39028;2016-06;0;533;0;0;0;0;0;2;0;4;0;0;0;0;0;0;0;0;0;0;0;0;30;0;4;0;0;0;0;474;1250;0;485;0;0;5;0;0;0;0;0;0;0;0;0;10;4
39029;2016-06;0;64;0;0;0;0;0;0;0;0;0;0;0;0;0;0;0;0;0;0;0;0;2;0;0;0;0;0;0;84;252;0;74;0;0;0;0;0;0;0;0;0;0;0;0;2;0
39030;2016-06;0;138;0;0;0;0;0;0;0;3;0;0;0;0;0;0;0;0;0;0;0;0;11;0;0;0;0;0;0;262;512;0;271;0;0;2;0;0;0;0;0;0;0;0;0;0;3
39031;2016-06;0;150;0;0;0;0;0;0;0;1;0;0;0;0;0;0;0;0;0;0;0;0;3;0;0;0;0;0;0;116;448;0;144;0;0;0;0;0;0;0;0;0;0;0;0;1;1
39032;2016-06;0;116;0;0;0;0;0;0;0;1;0;0;0;0;0;0;0;0;0;0;0;0;10;0;0;0;0;0;0;117;581;0;246;0;0;1;0;1;0;0;0;0;0;0;0;0;1
39033;2016-06;0;45;0;0;0;0;0;0;0;0;0;0;0;0;0;0;0;0;0;0;0;0;2;0;0;0;0;0;0;67;158;0;141;0;0;0;0;0;0;0;0;0;0;0;0;0;0
39034;2016-06;0;8;0;0;0;0;0;0;0;0;0;0;0;0;0;0;0;0;0;0;0;0;2;0;1;0;0;0;0;17;115;0;37;0;0;0;0;0;0;0;0;0;0;0;0;0;0
39035;2016-06;0;909;0;0;0;0;0;2;0;20;0;0;0;0;0;0;0;0;0;0;0;0;86;0;7;0;0;0;0;1148;2866;0;1800;0;0;11;0;2;0;0;0;0;0;0;0;15;5
39036;2016-06;0;94;0;0;0;0;0;0;0;2;0;0;0;0;0;0;0;0;0;0;0;0;6;0;0;0;0;0;0;129;349;0;153;0;0;0;0;0;0;0;0;0;0;0;0;3;1
39037;2016-06;0;188;0;0;0;0;0;1;0;2;0;0;0;0;0;0;0;0;0;0;0;0;11;0;1;0;0;0;0;226;791;0;271;0;0;2;0;0;0;0;0;0;0;0;0;2;0
39038;2016-06;0;120;0;0;0;0;0;2;0;1;0;0;0;0;0;0;0;0;0;0;0;0;9;0;4;0;0;0;0;215;408;0;216;0;0;2;0;0;0;0;0;0;0;0;0;2;3
39039;2016-06;0;21;0;0;0;0;0;0;0;0;0;0;0;0;0;0;0;0;0;0;0;0;1;0;0;0;0;0;0;36;212;0;108;0;0;0;0;1;0;0;0;0;0;0;0;0;0
39040;2016-06;0;478;0;0;0;0;0;1;0;10;0;0;0;0;0;0;0;0;0;0;0;0;23;0;5;0;0;0;0;469;1451;0;694;0;0;3;0;0;0;0;0;0;0;0;0;12;6
39041;2016-06;0;183;0;0;0;0;0;1;0;4;0;0;0;0;0;0;0;0;0;0;0;0;5;0;4;0;0;0;0;250;552;0;336;0;0;1;0;0;0;0;0;0;0;0;0;5;4
39042;2016-06;0;769;0;0;0;0;0;0;0;10;0;0;0;0;0;0;0;0;0;0;0;0;36;0;8;0;0;0;0;596;2082;0;916;0;0;2;0;3;0;0;0;0;0;0;0;26;5
39043;2016-06;0;149;0;0;0;0;0;0;0;3;0;0;0;0;0;0;0;0;0;0;0;0;15;0;0;0;0;0;0;152;654;0;127;0;0;0;0;0;0;0;0;0;0;0;0;2;4
39044;2016-06;0;433;0;0;0;0;0;1;0;6;0;0;0;0;0;0;0;0;0;0;0;0;33;0;4;0;0;0;0;544;1049;0;631;0;0;3;0;1;0;0;0;0;0;0;0;4;2
39045;2016-06;0;14;0;0;0;0;0;0;0;0;0;0;0;0;0;0;0;0;0;0;0;0;0;0;0;0;0;0;0;34;148;0;70;0;0;0;0;0;0;0;0;0;0;0;0;0;1
39046;2016-06;0;77;0;0;0;0;0;0;0;2;0;0;0;0;0;0;0;0;0;0;0;0;6;0;2;0;0;0;0;215;317;0;339;0;0;0;0;0;0;0;0;0;0;0;0;4;5
39047;2016-06;0;206;0;0;0;0;0;0;0;1;0;0;0;0;0;0;0;0;0;0;0;0;23;0;2;0;0;0;0;210;630;0;279;0;0;4;0;0;0;0;0;0;0;0;0;3;3
39048;2016-06;0;178;0;0;0;0;0;0;0;4;0;0;0;0;0;0;0;0;0;0;0;0;4;0;1;0;0;0;0;223;628;0;256;0;0;0;0;0;0;0;0;0;0;0;0;2;4
39049;2016-06;0;24;0;0;0;0;0;0;0;1;0;0;0;0;0;0;0;0;0;0;0;0;1;0;1;0;0;0;0;23;108;0;71;0;0;0;0;0;0;0;0;0;0;0;0;0;0
39050;2016-06;0;27;0;0;0;0;0;0;0;0;0;0;0;0;0;0;0;0;0;0;0;0;0;0;1;0;0;0;0;25;102;0;31;0;0;0;0;0;0;0;0;0;0;0;0;0;0
39051;2016-06;0;9;0;0;0;0;0;0;0;0;0;0;0;0;0;0;0;0;0;0;0;0;1;0;0;0;0;0;0;11;27;0;9;0;0;0;0;0;0;0;0;0;0;0;0;0;0
39052;2016-06;0;2549;0;0;0;0;0;10;0;27;0;0;0;0;0;0;0;0;0;0;0;0;166;0;11;0;0;0;0;2465;5419;0;2496;0;0;20;0;4;0;0;0;0;0;0;0;57;46
39053;2016-06;0;19;0;0;0;0;0;0;0;0;0;0;0;0;0;0;0;0;0;0;0;0;0;0;0;0;0;0;0;16;77;0;36;0;0;1;0;0;0;0;0;0;0;0;0;1;0
39054;2016-06;0;567;0;0;0;0;0;0;0;5;0;0;0;0;0;0;0;0;0;0;0;0;51;0;5;0;0;0;0;707;1094;0;858;0;0;1;0;0;0;0;0;0;0;0;0;9;4
39055;2016-06;0;101;0;0;0;0;0;0;0;1;0;0;0;0;0;0;0;0;0;0;0;0;3;0;3;0;0;0;0;86;471;0;137;0;0;0;0;0;0;0;0;0;0;0;0;1;7
39056;2016-06;0;255;0;0;0;0;0;0;0;2;0;0;0;0;0;0;0;0;0;0;0;0;11;0;5;0;0;0;0;270;744;0;378;0;0;5;0;1;0;0;0;0;0;0;0;2;3
39057;2016-06;0;207;0;0;0;0;0;1;0;0;0;0;0;0;0;0;0;0;0;0;0;0;16;0;6;0;0;0;0;286;678;0;436;0;0;2;0;0;0;0;0;0;0;0;0;3;3
39058;2016-06;0;48;0;0;0;0;0;0;0;0;0;0;0;0;0;0;0;0;0;0;0;0;0;0;0;0;0;0;0;122;185;0;197;0;0;0;0;0;0;0;0;0;0;0;0;1;2
39059;2016-06;0;677;0;0;0;0;0;4;0;11;0;0;0;0;0;0;0;0;0;0;0;0;47;0;9;0;0;0;0;909;2670;0;1411;0;0;5;0;0;0;0;0;0;0;0;0;12;6
39060;2016-06;0;724;0;0;0;0;0;1;0;10;0;0;0;0;0;0;0;0;0;0;0;0;45;0;9;0;0;0;0;1086;1801;0;1380;0;0;5;0;4;0;0;0;0;0;0;0;20;7
39061;2016-06;0;437;0;0;0;0;0;2;0;6;0;0;0;0;0;0;0;0;0;0;0;0;33;0;5;0;0;0;0;391;1418;0;361;0;0;1;0;0;0;0;0;0;0;0;0;5;5
39062;2016-06;0;213;0;0;0;0;0;0;0;4;0;0;0;0;0;0;0;0;0;0;0;0;8;0;1;0;0;0;0;162;759;0;207;0;0;2;0;0;0;0;0;0;0;0;0;3;2
39063;2016-06;0;63;0;0;0;0;0;0;0;1;0;0;0;0;0;0;0;0;0;0;0;0;3;0;1;0;0;0;0;118;332;0;160;0;0;1;0;0;0;0;0;0;0;0;0;0;2
39064;2016-06;0;139;0;0;0;0;0;2;0;0;0;0;0;0;0;0;0;0;0;0;0;0;12;0;6;0;0;0;0;104;529;0;210;0;0;1;0;0;0;0;0;0;0;0;0;3;2
39065;2016-06;0;21;0;0;0;0;0;1;0;0;0;0;0;0;0;0;0;0;0;0;0;0;1;0;0;0;0;0;0;38;82;0;44;0;0;0;0;0;0;0;0;0;0;0;0;1;0
39066;2016-06;0;95;0;0;0;0;0;0;0;1;0;0;0;0;0;0;0;0;0;0;0;0;1;0;2;0;0;0;0;130;243;0;180;0;0;4;0;0;0;0;0;0;0;0;0;1;0
39067;2016-06;0;46;0;0;0;0;0;0;0;0;0;0;0;0;0;0;0;0;0;0;0;0;6;0;1;0;0;0;0;57;244;0;149;0;0;0;0;0;0;0;0;0;0;0;0;0;1
39068;2016-06;0;57;0;0;0;0;0;0;0;0;0;0;0;0;0;0;0;0;0;0;0;0;7;0;0;0;0;0;0;80;189;0;99;0;0;1;0;1;0;0;0;0;0;0;0;1;8
39069;2016-06;0;234;0;0;0;0;0;1;0;3;0;0;0;0;0;0;0;0;0;0;0;0;27;0;7;0;0;0;0;272;484;0;436;0;0;2;0;0;0;0;0;0;0;0;0;6;5
39070;2016-06;0;6;0;0;0;0;0;0;0;1;0;0;0;0;0;0;0;0;0;0;0;0;6;0;1;0;0;0;0;10;43;0;25;0;0;0;0;0;0;0;0;0;0;0;0;0;0
39071;2016-06;0;19;0;0;0;0;0;3;0;1;0;0;0;0;0;0;0;0;0;0;0;0;0;0;0;0;0;0;0;9;181;0;41;0;0;0;0;0;0;0;0;0;0;0;0;1;0
39072;2016-06;0;15;0;0;0;0;0;0;0;0;0;0;0;0;0;0;0;0;0;0;0;0;1;0;0;0;0;0;0;26;130;0;22;0;0;0;0;0;0;0;0;0;0;0;0;0;0
39073;2016-06;0;1400;0;0;0;0;0;3;0;16;0;0;0;0;0;0;0;0;0;0;0;0;86;0;6;0;0;0;0;1231;2999;0;1461;0;0;10;0;2;0;0;0;0;0;0;0;33;20
39074;2016-06;0;775;0;0;0;0;0;2;0;10;0;0;0;0;0;0;0;0;0;0;0;0;45;0;1;0;0;0;0;767;2431;0;931;0;0;8;0;1;0;0;0;0;0;0;0;22;6
39075;2016-06;0;14728;0;0;0;0;0;45;0;201;0;0;0;0;0;0;0;0;0;0;0;0;1034;0;111;0;0;0;0;16264;43755;0;21288;0;0;150;0;63;0;0;0;0;0;0;0;387;304
39076;2016-06;0;391;0;0;0;0;0;1;0;2;0;0;0;0;0;0;0;0;0;0;0;0;22;0;2;0;0;0;0;420;1040;0;647;0;0;3;0;1;0;0;0;0;0;0;0;10;1
39077;2016-06;0;9;0;0;0;0;0;1;0;1;0;0;0;0;0;0;0;0;0;0;0;0;0;0;0;0;0;0;0;15;91;0;52;0;0;0;0;1;0;0;0;0;0;0;0;0;0
39078;2016-06;0;173;0;0;0;0;0;0;0;1;0;0;0;0;0;0;0;0;0;0;0;0;5;0;3;0;0;0;0;159;406;0;210;0;0;0;0;0;0;0;0;0;0;0;0;1;0
39079;2016-06;0;787;0;0;0;0;0;2;0;5;0;0;0;0;0;0;0;0;0;0;0;0;81;0;16;0;0;0;0;797;3046;0;1670;0;0;6;0;2;0;0;0;0;0;0;0;13;6
39080;2016-06;0;342;0;0;0;0;0;1;0;1;0;0;0;0;0;0;0;0;0;0;0;0;20;0;1;0;0;0;0;398;1183;0;651;0;0;6;0;1;0;0;0;0;0;0;0;2;2
39081;2016-06;0;28;0;0;0;0;0;0;0;0;0;0;0;0;0;0;0;0;0;0;0;0;2;0;0;0;0;0;0;34;227;0;37;0;0;0;0;0;0;0;0;0;0;0;0;0;0
39082;2016-06;0;138;0;0;0;0;0;0;0;0;0;0;0;0;0;0;0;0;0;0;0;0;8;0;2;0;0;0;0;100;698;0;196;0;0;1;0;0;0;0;0;0;0;0;0;2;1
39083;2016-06;0;65;0;0;0;0;0;0;0;0;0;0;0;0;0;0;0;0;0;0;0;0;3;0;0;0;0;0;0;103;282;0;205;0;0;0;0;0;0;0;0;0;0;0;0;2;2
39084;2016-06;0;68;0;0;0;0;0;0;0;2;0;0;0;0;0;0;0;0;0;0;0;0;3;0;1;0;0;0;0;65;384;0;98;0;0;1;0;0;0;0;0;0;0;0;0;0;0
39085;2016-06;0;893;0;0;0;0;0;2;0;4;0;0;0;0;0;0;0;0;0;0;0;0;46;0;3;0;0;0;0;811;2012;0;1196;0;0;6;0;2;0;0;0;0;0;0;0;8;5
39086;2016-06;0;29;0;0;0;0;0;0;0;0;0;0;0;0;0;0;0;0;0;0;0;0;2;0;0;0;0;0;0;29;117;0;74;0;0;1;0;0;0;0;0;0;0;0;0;0;1
39087;2016-06;0;3953;0;0;0;0;0;15;0;50;0;0;0;0;0;0;0;0;0;0;0;0;300;0;80;0;0;0;0;6350;10434;0;9174;0;0;48;0;20;0;0;0;0;0;0;0;105;48
39088;2016-06;0;4;0;0;0;0;0;0;0;0;0;0;0;0;0;0;0;0;0;0;0;0;0;0;0;0;0;0;0;6;14;0;28;0;0;0;0;0;0;0;0;0;0;0;0;0;0
39089;2016-06;0;8;0;0;0;0;0;0;0;0;0;0;0;0;0;0;0;0;0;0;0;0;0;0;0;0;0;0;0;10;64;0;17;0;0;0;0;0;0;0;0;0;0;0;0;0;0
39090;2016-06;0;81;0;0;0;0;0;2;0;0;0;0;0;0;0;0;0;0;0;0;0;0;5;0;0;0;0;0;0;115;231;0;105;0;0;0;0;0;0;0;0;0;0;0;0;2;1
39091;2016-06;0;151;0;0;0;0;0;0;0;0;0;0;0;0;0;0;0;0;0;0;0;0;3;0;0;0;0;0;0;178;774;0;352;0;0;3;0;1;0;0;0;0;0;0;0;1;3
39092;2016-06;0;40;0;0;0;0;0;1;0;1;0;0;0;0;0;0;0;0;0;0;0;0;4;0;0;0;0;0;0;80;298;0;192;0;0;0;0;0;0;0;0;0;0;0;0;2;1
39093;2016-06;0;34;0;0;0;0;0;0;0;1;0;0;0;0;0;0;0;0;0;0;0;0;0;0;0;0;0;0;0;45;99;0;42;0;0;0;0;1;0;0;0;0;0;0;0;0;0
39094;2016-06;0;75;0;0;0;0;0;0;0;1;0;0;0;0;0;0;0;0;0;0;0;0;5;0;1;0;0;0;0;92;321;0;150;0;0;0;0;0;0;0;0;0;0;0;0;2;1
39095;2016-06;0;193;0;0;0;0;0;1;0;1;0;0;0;0;0;0;0;0;0;0;0;0;9;0;1;0;0;0;0;319;658;0;527;0;0;2;0;0;0;0;0;0;0;0;0;1;0
39096;2016-06;0;57;0;0;0;0;0;0;0;1;0;0;0;0;0;0;0;0;0;0;0;0;1;0;0;0;0;0;0;35;268;0;110;0;0;0;0;0;0;0;0;0;0;0;0;2;1
39097;2016-06;0;40;0;0;0;0;0;0;0;1;0;0;0;0;0;0;0;0;0;0;0;0;0;0;0;0;0;0;0;20;226;0;79;0;0;0;0;0;0;0;0;0;0;0;0;0;0
39098;2016-06;0;138;0;0;0;0;0;1;0;0;0;0;0;0;0;0;0;0;0;0;0;0;6;0;2;0;0;0;0;105;611;0;158;0;0;4;0;1;0;0;0;0;0;0;0;2;0
39099;2016-06;0;328;0;0;0;0;0;0;0;1;0;0;0;0;0;0;0;0;0;0;0;0;22;0;1;0;0;0;0;432;893;0;576;0;0;7;0;1;0;0;0;0;0;0;0;8;0
39100;2016-06;0;81;0;0;0;0;0;0;0;0;0;0;0;0;0;0;0;0;0;0;0;0;8;0;1;0;0;0;0;63;344;0;115;0;0;1;0;0;0;0;0;0;0;0;0;1;0
39101;2016-06;0;11;0;0;0;0;0;0;0;0;0;0;0;0;0;0;0;0;0;0;0;0;4;0;1;0;0;0;0;46;47;0;78;0;0;1;0;0;0;0;0;0;0;0;0;1;0
39102;2016-06;0;200;0;0;0;0;0;2;0;5;0;0;0;0;0;0;0;0;0;0;0;0;8;0;3;0;0;0;0;245;762;0;357;0;0;2;0;0;0;0;0;0;0;0;0;1;4
40001;2016-06;0;88;0;0;0;0;0;0;0;0;0;0;0;0;0;0;0;0;0;0;0;0;0;0;0;0;0;0;0;55;289;0;115;0;0;0;0;0;0;0;0;0;0;0;0;2;2
40002;2016-06;0;4;0;0;0;0;0;0;0;0;0;0;0;0;0;0;0;0;0;0;0;0;0;0;0;0;0;0;0;6;20;0;2;0;0;0;0;0;0;0;0;0;0;0;0;0;0
40003;2016-06;0;7;0;0;0;0;0;0;0;0;0;0;0;0;0;0;0;0;0;0;0;0;0;0;1;0;0;0;0;8;78;0;10;0;0;0;0;0;0;0;0;0;0;0;0;0;0
40004;2016-06;0;37;0;0;0;0;0;0;0;0;0;0;0;0;0;0;0;0;0;0;0;0;0;0;0;0;0;0;0;39;178;0;92;0;0;0;0;0;0;0;0;0;0;0;0;1;3
40005;2016-06;0;0;0;0;0;0;0;0;0;0;0;0;0;0;0;0;0;0;0;0;0;0;0;0;0;0;0;0;0;2;19;0;2;0;0;0;0;0;0;0;0;0;0;0;0;0;0
40006;2016-06;0;2;0;0;0;0;0;0;0;0;0;0;0;0;0;0;0;0;0;0;0;0;0;0;0;0;0;0;0;4;9;0;3;0;0;0;0;0;0;0;0;0;0;0;0;0;0
40007;2016-06;0;7;0;0;0;0;0;0;0;0;0;0;0;0;0;0;0;0;0;0;0;0;0;0;0;0;0;0;0;3;43;0;8;0;0;0;0;0;0;0;0;0;0;0;0;0;0
40008;2016-06;0;2;0;0;0;0;0;0;0;0;0;0;0;0;0;0;0;0;0;0;0;0;0;0;0;0;0;0;0;3;24;0;9;0;0;0;0;0;0;0;0;0;0;0;0;0;0
40009;2016-06;0;3;0;0;0;0;0;0;0;0;0;0;0;0;0;0;0;0;0;0;0;0;0;0;0;0;0;0;0;5;25;0;9;0;0;0;0;0;0;0;0;0;0;0;0;0;1
40010;2016-06;0;9;0;0;0;0;0;0;0;0;0;0;0;0;0;0;0;0;0;0;0;0;1;0;0;0;0;0;0;3;76;0;10;0;0;0;0;0;0;0;0;0;0;0;0;1;0
40012;2016-06;0;21;0;0;0;0;0;0;0;0;0;0;0;0;0;0;0;0;0;0;0;0;0;0;0;0;0;0;0;9;110;0;47;0;0;0;0;0;0;0;0;0;0;0;0;0;2
40013;2016-06;0;4;0;0;0;0;0;0;0;0;0;0;0;0;0;0;0;0;0;0;0;0;0;0;0;0;0;0;0;1;38;0;5;0;0;0;0;0;0;0;0;0;0;0;0;0;0
40014;2016-06;0;7;0;0;0;0;0;0;0;0;0;0;0;0;0;0;0;0;0;0;0;0;0;0;0;0;0;0;0;4;20;0;14;0;0;0;0;0;0;0;0;0;0;0;0;0;0
40015;2016-06;0;4;0;0;0;0;0;0;0;0;0;0;0;0;0;0;0;0;0;0;0;0;0;0;0;0;0;0;0;0;16;0;5;0;0;0;0;0;0;0;0;0;0;0;0;0;0
40016;2016-06;0;8;0;0;0;0;0;0;0;0;0;0;0;0;0;0;0;0;0;0;0;0;0;0;0;0;0;0;0;3;27;0;9;0;0;1;0;0;0;0;0;0;0;0;0;1;0
40017;2016-06;0;16;0;0;0;0;0;0;0;0;0;0;0;0;0;0;0;0;0;0;0;0;0;0;0;0;0;0;0;5;43;0;9;0;0;0;0;0;0;0;0;0;0;0;0;2;0
40018;2016-06;0;12;0;0;0;0;0;0;0;0;0;0;0;0;1;0;0;0;0;0;0;0;0;0;0;0;0;0;0;8;43;0;7;0;0;0;0;0;0;0;0;0;0;0;0;0;0
40019;2016-06;0;5;0;0;0;0;0;0;0;0;0;0;0;0;0;0;0;0;0;0;0;0;0;0;0;0;0;0;0;4;15;0;6;0;0;0;0;0;0;0;0;0;0;0;0;0;0
40020;2016-06;0;16;0;0;0;0;0;0;0;0;0;0;0;0;1;0;0;0;0;0;0;0;0;0;0;0;0;0;0;22;52;0;20;0;0;0;0;0;0;0;0;0;0;0;0;2;3
40021;2016-06;0;1;0;0;0;0;0;0;0;0;0;0;0;0;0;0;0;0;0;0;0;0;1;0;0;0;0;0;0;3;16;0;5;0;0;0;0;0;0;0;0;0;0;0;0;0;0
40022;2016-06;0;23;0;0;0;0;0;0;0;0;0;0;0;0;0;0;0;0;0;0;0;0;0;0;1;0;0;0;0;34;64;0;35;0;0;0;0;0;0;0;0;0;0;0;0;2;0
40024;2016-06;0;97;0;0;0;0;0;0;0;0;0;0;0;0;1;0;0;0;0;0;0;0;2;0;0;0;0;0;0;70;328;0;132;0;0;3;0;0;0;0;0;0;0;0;0;0;0
40025;2016-06;0;7;0;0;0;0;0;0;0;0;0;0;0;0;0;0;0;0;0;0;0;0;0;0;1;0;0;0;0;14;76;0;17;0;0;0;0;0;0;0;0;0;0;0;0;0;0
40026;2016-06;0;12;0;0;0;0;0;0;0;0;0;0;0;0;0;0;0;0;0;0;0;0;0;0;0;0;0;0;0;37;41;0;19;0;0;0;0;0;0;0;0;0;0;0;0;0;0
40028;2016-06;0;11;0;0;0;0;0;0;0;0;0;0;0;0;1;0;0;0;0;0;0;0;0;0;0;0;0;0;0;14;53;0;9;0;0;0;0;0;0;0;0;0;0;0;0;0;0
40029;2016-06;0;1;0;0;0;0;0;0;0;0;0;0;0;0;0;0;0;0;0;0;0;0;0;0;0;0;0;0;0;4;16;0;5;0;0;0;0;0;0;0;0;0;0;0;0;0;0
40030;2016-06;0;26;0;0;0;0;0;0;0;0;0;0;0;0;1;0;0;0;0;0;0;0;1;0;1;0;0;0;0;73;146;0;108;0;0;2;0;0;0;0;0;0;0;0;0;2;0
40031;2016-06;0;83;0;0;0;0;0;0;0;0;0;0;0;0;1;0;0;0;0;0;0;0;12;0;0;0;0;0;0;84;125;0;83;0;0;2;0;0;0;0;0;0;0;0;0;2;2
40032;2016-06;0;58;0;0;0;0;0;0;0;0;0;0;0;0;1;0;0;0;0;0;0;0;1;0;0;0;0;0;0;22;150;0;50;0;0;0;0;0;0;0;0;0;0;0;0;0;1
40033;2016-06;0;9;0;0;0;0;0;0;0;0;0;0;0;0;0;0;0;0;0;0;0;0;0;0;0;0;0;0;0;13;19;0;9;0;0;0;0;0;0;0;0;0;0;0;0;1;0
40034;2016-06;0;18;0;0;0;0;0;0;0;0;0;0;0;0;1;0;0;0;0;0;0;0;1;0;0;0;0;0;0;3;35;0;11;0;0;0;0;0;0;0;0;0;0;0;0;0;1
40035;2016-06;0;27;0;0;0;0;0;0;0;0;0;0;0;0;1;0;0;0;0;0;0;0;0;0;0;0;0;0;0;21;41;0;14;0;0;0;0;0;0;0;0;0;0;0;0;0;0
40036;2016-06;0;47;0;0;0;0;0;0;0;0;0;0;0;0;0;0;0;0;0;0;0;0;0;0;1;0;0;0;0;24;264;0;65;0;0;0;0;0;0;0;0;0;0;0;0;3;3
40037;2016-06;0;2;0;0;0;0;0;0;0;0;0;0;0;0;0;0;0;0;0;0;0;0;0;0;0;0;0;0;0;6;15;0;6;0;0;0;0;0;0;0;0;0;0;0;0;0;0
40039;2016-06;0;13;0;0;0;0;0;0;0;0;0;0;0;0;1;0;0;0;0;0;0;0;0;0;0;0;0;0;0;22;97;0;13;0;0;1;0;0;0;0;0;0;0;0;0;1;2
40040;2016-06;0;266;0;0;0;0;0;0;0;0;0;0;0;0;2;0;0;0;0;0;0;0;9;0;1;0;0;0;0;163;1013;0;344;0;0;2;0;0;0;0;0;0;0;0;0;6;3
40041;2016-06;0;121;0;0;0;0;0;0;0;0;0;0;0;0;1;0;0;0;0;0;0;0;1;0;0;0;0;0;0;72;345;0;166;0;0;0;0;0;0;0;0;0;0;0;0;3;3
40043;2016-06;0;179;0;0;0;0;0;0;0;0;0;0;0;0;1;0;0;0;0;0;0;0;5;0;0;0;0;0;0;126;751;0;303;0;0;2;0;0;0;0;0;0;0;0;0;5;1
40044;2016-06;0;19;0;0;0;0;0;0;0;0;0;0;0;0;0;0;0;0;0;0;0;0;1;0;1;0;0;0;0;10;58;0;22;0;0;0;0;0;0;0;0;0;0;0;0;0;0
40045;2016-06;0;9;0;0;0;0;0;0;0;0;0;0;0;0;2;0;0;0;0;0;0;0;3;0;0;0;0;0;0;8;41;0;19;0;0;0;0;0;0;0;0;0;0;0;0;1;0
40046;2016-06;0;7;0;0;0;0;0;0;0;0;0;0;0;0;0;0;0;0;0;0;0;0;0;0;0;0;0;0;0;16;30;0;20;0;0;0;0;0;0;0;0;0;0;0;0;1;0
40047;2016-06;0;2;0;0;0;0;0;0;0;0;0;0;0;0;0;0;0;0;0;0;0;0;0;0;0;0;0;0;0;1;14;0;7;0;0;0;0;0;0;0;0;0;0;0;0;0;1
40048;2016-06;0;1;0;0;0;0;0;0;0;0;0;0;0;0;0;0;0;0;0;0;0;0;0;0;0;0;0;0;0;3;16;0;7;0;0;0;0;0;0;0;0;0;0;0;0;0;0
40049;2016-06;0;2;0;0;0;0;0;0;0;0;0;0;0;0;0;0;0;0;0;0;0;0;0;0;0;0;0;0;0;7;26;0;8;0;0;0;0;0;0;0;0;0;0;0;0;0;0
40051;2016-06;0;2;0;0;0;0;0;0;0;0;0;0;0;0;0;0;0;0;0;0;0;0;0;0;0;0;0;0;0;4;19;0;9;0;0;0;0;0;0;0;0;0;0;0;0;0;0
40052;2016-06;0;6;0;0;0;0;0;0;0;0;0;0;0;0;0;0;0;0;0;0;0;0;0;0;0;0;0;0;0;12;24;0;18;0;0;0;0;0;0;0;0;0;0;0;0;0;0
40053;2016-06;0;7;0;0;0;0;0;0;0;0;0;0;0;0;0;0;0;0;0;0;0;0;0;0;0;0;0;0;0;6;30;0;21;0;0;1;0;0;0;0;0;0;0;0;0;0;0
40054;2016-06;0;7;0;0;0;0;0;0;0;0;0;0;0;0;0;0;0;0;0;0;0;0;0;0;0;0;0;0;0;19;46;0;18;0;0;0;0;0;0;0;0;0;0;0;0;0;0
40055;2016-06;0;7;0;0;0;0;0;0;0;0;0;0;0;0;0;0;0;0;0;0;0;0;0;0;0;0;0;0;0;2;9;0;8;0;0;0;0;0;0;0;0;0;0;0;0;0;0
40056;2016-06;0;1;0;0;0;0;0;0;0;0;0;0;0;0;0;0;0;0;0;0;0;0;0;0;0;0;0;0;0;2;21;0;3;0;0;0;0;0;0;0;0;0;0;0;0;0;0
40057;2016-06;0;121;0;0;0;0;0;0;0;0;0;0;0;0;2;0;0;0;0;0;0;0;7;0;3;0;0;0;0;214;434;0;357;0;0;1;0;0;0;0;0;0;0;0;0;0;2
40058;2016-06;0;18;0;0;0;0;0;0;0;0;0;0;0;0;0;0;0;0;0;0;0;0;0;0;0;0;0;0;0;9;195;0;50;0;0;0;0;0;0;0;0;0;0;0;0;0;0
40059;2016-06;0;11;0;0;0;0;0;0;0;0;0;0;0;0;0;0;0;0;0;0;0;0;0;0;0;0;0;0;0;12;56;0;15;0;0;0;0;0;0;0;0;0;0;0;0;0;0
40060;2016-06;0;5;0;0;0;0;0;0;0;0;0;0;0;0;0;0;0;0;0;0;0;0;0;0;0;0;0;0;0;4;45;0;7;0;0;0;0;0;0;0;0;0;0;0;0;0;0
40061;2016-06;0;3;0;0;0;0;0;0;0;0;0;0;0;0;0;0;0;0;0;0;0;0;0;0;0;0;0;0;0;6;33;0;11;0;0;0;0;0;0;0;0;0;0;0;0;0;0
40062;2016-06;0;11;0;0;0;0;0;0;0;0;0;0;0;0;0;0;0;0;0;0;0;0;0;0;0;0;0;0;0;2;26;0;9;0;0;0;0;0;0;0;0;0;0;0;0;0;0
40063;2016-06;0;681;0;0;0;0;0;0;0;0;0;0;0;0;14;0;0;0;0;0;0;0;25;0;5;0;0;0;0;941;2251;0;1108;0;0;5;0;0;0;0;0;0;0;0;0;20;14
40065;2016-06;0;67;0;0;0;0;0;0;0;0;0;0;0;0;1;0;0;0;0;0;0;0;0;0;0;0;0;0;0;39;189;0;73;0;0;0;0;0;0;0;0;0;0;0;0;1;0
40068;2016-06;0;5;0;0;0;0;0;0;0;0;0;0;0;0;0;0;0;0;0;0;0;0;1;0;0;0;0;0;0;1;17;0;0;0;0;0;0;0;0;0;0;0;0;0;0;0;0
40069;2016-06;0;3;0;0;0;0;0;0;0;0;0;0;0;0;1;0;0;0;0;0;0;0;0;0;0;0;0;0;0;3;46;0;8;0;0;1;0;0;0;0;0;0;0;0;0;1;0
40070;2016-06;0;9;0;0;0;0;0;0;0;0;0;0;0;0;0;0;0;0;0;0;0;0;1;0;1;0;0;0;0;24;54;0;15;0;0;0;0;0;0;0;0;0;0;0;0;0;0
40071;2016-06;0;2;0;0;0;0;0;0;0;0;0;0;0;0;0;0;0;0;0;0;0;0;0;0;0;0;0;0;0;6;22;0;5;0;0;0;0;0;0;0;0;0;0;0;0;2;0
40072;2016-06;0;41;0;0;0;0;0;0;0;0;0;0;0;0;0;0;0;0;0;0;0;0;5;0;0;0;0;0;0;39;50;0;22;0;0;0;0;0;0;0;0;0;0;0;0;0;1
40073;2016-06;0;53;0;0;0;0;0;0;0;0;0;0;0;0;1;0;0;0;0;0;0;0;1;0;0;0;0;0;0;10;192;0;80;0;0;0;0;0;0;0;0;0;0;0;0;3;0
40074;2016-06;0;39;0;0;0;0;0;0;0;0;0;0;0;0;1;0;0;0;0;0;0;0;2;0;1;0;0;0;0;24;117;0;32;0;0;1;0;0;0;0;0;0;0;0;0;0;0
40075;2016-06;0;26;0;0;0;0;0;0;0;0;0;0;0;0;1;0;0;0;0;0;0;0;0;0;0;0;0;0;0;12;69;0;31;0;0;0;0;0;0;0;0;0;0;0;0;0;0
40076;2016-06;0;809;0;0;0;0;0;0;0;0;0;0;0;0;4;0;0;0;0;0;0;0;41;0;12;0;0;0;0;897;1958;0;929;0;0;3;0;0;0;0;0;0;0;0;0;11;10
40077;2016-06;0;144;0;0;0;0;0;0;0;0;0;0;0;0;1;0;0;0;0;0;0;0;7;0;1;0;0;0;0;143;206;0;100;0;0;4;0;0;0;0;0;0;0;0;0;9;1
40078;2016-06;0;10;0;0;0;0;0;0;0;0;0;0;0;0;0;0;0;0;0;0;0;0;0;0;0;0;0;0;0;16;55;0;39;0;0;1;0;0;0;0;0;0;0;0;0;0;1
40079;2016-06;0;18;0;0;0;0;0;0;0;0;0;0;0;0;0;0;0;0;0;0;0;0;1;0;1;0;0;0;0;26;85;0;42;0;0;1;0;0;0;0;0;0;0;0;0;2;0
40080;2016-06;0;3;0;0;0;0;0;0;0;0;0;0;0;0;0;0;0;0;0;0;0;0;1;0;0;0;0;0;0;0;30;0;5;0;0;0;0;0;0;0;0;0;0;0;0;1;1
40081;2016-06;0;10;0;0;0;0;0;0;0;0;0;0;0;0;0;0;0;0;0;0;0;0;1;0;0;0;0;0;0;14;48;0;16;0;0;0;0;0;0;0;0;0;0;0;0;0;1
40082;2016-06;0;11;0;0;0;0;0;0;0;0;0;0;0;0;0;0;0;0;0;0;0;0;0;0;0;0;0;0;0;2;56;0;12;0;0;0;0;0;0;0;0;0;0;0;0;0;0
40083;2016-06;0;2;0;0;0;0;0;0;0;0;0;0;0;0;0;0;0;0;0;0;0;0;0;0;1;0;0;0;0;7;45;0;4;0;0;0;0;0;0;0;0;0;0;0;0;0;0
40084;2016-06;0;6;0;0;0;0;0;0;0;0;0;0;0;0;0;0;0;0;0;0;0;0;0;0;0;0;0;0;0;8;29;0;9;0;0;0;0;0;0;0;0;0;0;0;0;0;0
40086;2016-06;0;72;0;0;0;0;0;0;0;0;0;0;0;0;0;0;0;0;0;0;0;0;3;0;0;0;0;0;0;86;259;0;127;0;0;0;0;0;0;0;0;0;0;0;0;0;1
40087;2016-06;0;6;0;0;0;0;0;0;0;0;0;0;0;0;0;0;0;0;0;0;0;0;0;0;2;0;0;0;0;2;52;0;6;0;0;0;0;0;0;0;0;0;0;0;0;1;0
40088;2016-06;0;26;0;0;0;0;0;0;0;0;0;0;0;0;0;0;0;0;0;0;0;0;3;0;0;0;0;0;0;33;122;0;39;0;0;1;0;0;0;0;0;0;0;0;0;0;0
40089;2016-06;0;23;0;0;0;0;0;0;0;0;0;0;0;0;0;0;0;0;0;0;0;0;2;0;1;0;0;0;0;21;98;0;18;0;0;1;0;0;0;0;0;0;0;0;0;0;0
40091;2016-06;0;15;0;0;0;0;0;0;0;0;0;0;0;0;0;0;0;0;0;0;0;0;0;0;0;0;0;0;0;5;55;0;19;0;0;0;0;0;0;0;0;0;0;0;0;0;0
40092;2016-06;0;9;0;0;0;0;0;0;0;0;0;0;0;0;0;0;0;0;0;0;0;0;0;0;0;0;0;0;0;7;56;0;12;0;0;2;0;0;0;0;0;0;0;0;0;0;0
40093;2016-06;0;10;0;0;0;0;0;0;0;0;0;0;0;0;0;0;0;0;0;0;0;0;0;0;0;0;0;0;0;13;34;0;7;0;0;0;0;0;0;0;0;0;0;0;0;0;0
40094;2016-06;0;43;0;0;0;0;0;0;0;0;0;0;0;0;0;0;0;0;0;0;0;0;1;0;0;0;0;0;0;31;142;0;54;0;0;1;0;0;0;0;0;0;0;0;0;1;1
40095;2016-06;0;40;0;0;0;0;0;0;0;0;0;0;0;0;1;0;0;0;0;0;0;0;0;0;0;0;0;0;0;29;258;0;40;0;0;0;0;0;0;0;0;0;0;0;0;0;1
40097;2016-06;0;12;0;0;0;0;0;0;0;0;0;0;0;0;0;0;0;0;0;0;0;0;1;0;0;0;0;0;0;9;34;0;34;0;0;2;0;0;0;0;0;0;0;0;0;0;0
40099;2016-06;0;1;0;0;0;0;0;0;0;0;0;0;0;0;0;0;0;0;0;0;0;0;0;0;0;0;0;0;0;5;25;0;11;0;0;0;0;0;0;0;0;0;0;0;0;0;0
40100;2016-06;0;31;0;0;0;0;0;0;0;0;0;0;0;0;0;0;0;0;0;0;0;0;0;0;0;0;0;0;0;21;128;0;26;0;0;0;0;0;0;0;0;0;0;0;0;3;0
40101;2016-06;0;166;0;0;0;0;0;0;0;0;0;0;0;0;3;0;0;0;0;0;0;0;5;0;2;0;0;0;0;99;191;0;145;0;0;2;0;0;0;0;0;0;0;0;0;4;3
40103;2016-06;0;18;0;0;0;0;0;0;0;0;0;0;0;0;3;0;0;0;0;0;0;0;0;0;0;0;0;0;0;17;52;0;30;0;0;0;0;0;0;0;0;0;0;0;0;1;0
40104;2016-06;0;16;0;0;0;0;0;0;0;0;0;0;0;0;0;0;0;0;0;0;0;0;4;0;0;0;0;0;0;51;83;0;38;0;0;0;0;0;0;0;0;0;0;0;0;0;3
40105;2016-06;0;9;0;0;0;0;0;0;0;0;0;0;0;0;0;0;0;0;0;0;0;0;0;0;0;0;0;0;0;4;20;0;7;0;0;0;0;0;0;0;0;0;0;0;0;0;0
40106;2016-06;0;10;0;0;0;0;0;0;0;0;0;0;0;0;0;0;0;0;0;0;0;0;0;0;0;0;0;0;0;12;80;0;54;0;0;0;0;0;0;0;0;0;0;0;0;0;0
40107;2016-06;0;9;0;0;0;0;0;0;0;0;0;0;0;0;0;0;0;0;0;0;0;0;0;0;0;0;0;0;0;4;52;0;7;0;0;0;0;0;0;0;0;0;0;0;0;0;0
40108;2016-06;0;6;0;0;0;0;0;0;0;0;0;0;0;0;0;0;0;0;0;0;0;0;0;0;0;0;0;0;0;13;44;0;18;0;0;0;0;0;0;0;0;0;0;0;0;0;1
40109;2016-06;0;7;0;0;0;0;0;0;0;0;0;0;0;0;0;0;0;0;0;0;0;0;1;0;0;0;0;0;0;0;39;0;10;0;0;0;0;0;0;0;0;0;0;0;0;1;0
40110;2016-06;0;27;0;0;0;0;0;0;0;0;0;0;0;0;0;0;0;0;0;0;0;0;1;0;0;0;0;0;0;45;121;0;65;0;0;0;0;0;0;0;0;0;0;0;0;1;0
40111;2016-06;0;4;0;0;0;0;0;0;0;0;0;0;0;0;0;0;0;0;0;0;0;0;1;0;0;0;0;0;0;6;29;0;9;0;0;0;0;0;0;0;0;0;0;0;0;0;0
40112;2016-06;0;391;0;0;0;0;0;0;0;0;0;0;0;0;2;0;0;0;0;0;0;0;20;0;5;0;0;0;0;303;803;0;348;0;0;7;0;0;0;0;0;0;0;0;0;14;8
40113;2016-06;0;44;0;0;0;0;0;0;0;0;0;0;0;0;1;0;0;0;0;0;0;0;1;0;1;0;0;0;0;91;99;0;75;0;0;0;0;0;0;0;0;0;0;0;0;3;1
40115;2016-06;0;10;0;0;0;0;0;0;0;0;0;0;0;0;0;0;0;0;0;0;0;0;0;0;0;0;0;0;0;9;40;0;25;0;0;0;0;0;0;0;0;0;0;0;0;0;0
40118;2016-06;0;5;0;0;0;0;0;0;0;0;0;0;0;0;0;0;0;0;0;0;0;0;0;0;0;0;0;0;0;3;14;0;10;0;0;0;0;0;0;0;0;0;0;0;0;1;0
40119;2016-06;0;26;0;0;0;0;0;0;0;0;0;0;0;0;0;0;0;0;0;0;0;0;1;0;0;0;0;0;0;13;77;0;14;0;0;0;0;0;0;0;0;0;0;0;0;1;0
40120;2016-06;0;27;0;0;0;0;0;0;0;0;0;0;0;0;0;0;0;0;0;0;0;0;1;0;0;0;0;0;0;25;71;0;42;0;0;0;0;0;0;0;0;0;0;0;0;0;0
40121;2016-06;0;21;0;0;0;0;0;0;0;0;0;0;0;0;0;0;0;0;0;0;0;0;1;0;0;0;0;0;0;22;120;0;50;0;0;0;0;0;0;0;0;0;0;0;0;1;0
40122;2016-06;0;43;0;0;0;0;0;0;0;0;0;0;0;0;0;0;0;0;0;0;0;0;9;0;2;0;0;0;0;85;160;0;86;0;0;4;0;0;0;0;0;0;0;0;0;3;0
40123;2016-06;0;21;0;0;0;0;0;0;0;0;0;0;0;0;0;0;0;0;0;0;0;0;0;0;0;0;0;0;0;24;43;0;18;0;0;0;0;0;0;0;0;0;0;0;0;0;0
40124;2016-06;0;17;0;0;0;0;0;0;0;0;0;0;0;0;2;0;0;0;0;0;0;0;0;0;2;0;0;0;0;31;74;0;43;0;0;1;0;0;0;0;0;0;0;0;0;0;1
40125;2016-06;0;9;0;0;0;0;0;0;0;0;0;0;0;0;0;0;0;0;0;0;0;0;0;0;0;0;0;0;0;11;29;0;6;0;0;2;0;0;0;0;0;0;0;0;0;0;0
40126;2016-06;0;3;0;0;0;0;0;0;0;0;0;0;0;0;0;0;0;0;0;0;0;0;0;0;0;0;0;0;0;10;37;0;3;0;0;0;0;0;0;0;0;0;0;0;0;0;1
40127;2016-06;0;1;0;0;0;0;0;0;0;0;0;0;0;0;0;0;0;0;0;0;0;0;0;0;0;0;0;0;0;1;19;0;4;0;0;0;0;0;0;0;0;0;0;0;0;0;0
40128;2016-06;0;5;0;0;0;0;0;0;0;0;0;0;0;0;0;0;0;0;0;0;0;0;5;0;0;0;0;0;0;13;48;0;21;0;0;0;0;0;0;0;0;0;0;0;0;0;1
40129;2016-06;0;16;0;0;0;0;0;0;0;0;0;0;0;0;2;0;0;0;0;0;0;0;0;0;0;0;0;0;0;7;93;0;26;0;0;0;0;0;0;0;0;0;0;0;0;0;2
40130;2016-06;0;6;0;0;0;0;0;0;0;0;0;0;0;0;0;0;0;0;0;0;0;0;1;0;0;0;0;0;0;15;61;0;22;0;0;0;0;0;0;0;0;0;0;0;0;0;0
40131;2016-06;0;8;0;0;0;0;0;0;0;0;0;0;0;0;1;0;0;0;0;0;0;0;0;0;0;0;0;0;0;4;21;0;8;0;0;0;0;0;0;0;0;0;0;0;0;0;0
40132;2016-06;0;1;0;0;0;0;0;0;0;0;0;0;0;0;1;0;0;0;0;0;0;0;0;0;0;0;0;0;0;2;26;0;5;0;0;0;0;0;0;0;0;0;0;0;0;0;0
40134;2016-06;0;86;0;0;0;0;0;0;0;0;0;0;0;0;0;0;0;0;0;0;0;0;4;0;3;0;0;0;0;54;249;0;169;0;0;0;0;0;0;0;0;0;0;0;0;2;2
40135;2016-06;0;18;0;0;0;0;0;0;0;0;0;0;0;0;0;0;0;0;0;0;0;0;0;0;0;0;0;0;0;9;120;0;80;0;0;0;0;0;0;0;0;0;0;0;0;2;0
40136;2016-06;0;18;0;0;0;0;0;0;0;0;0;0;0;0;0;0;0;0;0;0;0;0;1;0;0;0;0;0;0;19;40;0;9;0;0;0;0;0;0;0;0;0;0;0;0;0;0
40138;2016-06;0;209;0;0;0;0;0;0;0;0;0;0;0;0;0;0;0;0;0;0;0;0;6;0;0;0;0;0;0;280;753;0;390;0;0;1;0;0;0;0;0;0;0;0;0;3;7
40139;2016-06;0;32;0;0;0;0;0;0;0;0;0;0;0;0;0;0;0;0;0;0;0;0;0;0;0;0;0;0;0;19;95;0;49;0;0;0;0;0;0;0;0;0;0;0;0;1;1
40140;2016-06;0;6;0;0;0;0;0;0;0;0;0;0;0;0;0;0;0;0;0;0;0;0;1;0;0;0;0;0;0;5;37;0;18;0;0;0;0;0;0;0;0;0;0;0;0;0;0
40141;2016-06;0;71;0;0;0;0;0;0;0;0;0;0;0;0;0;0;0;0;0;0;0;0;2;0;0;0;0;0;0;59;302;0;136;0;0;0;0;0;0;0;0;0;0;0;0;2;2
40142;2016-06;0;7;0;0;0;0;0;0;0;0;0;0;0;0;0;0;0;0;0;0;0;0;0;0;0;0;0;0;0;1;17;0;12;0;0;0;0;0;0;0;0;0;0;0;0;0;0
40143;2016-06;0;7;0;0;0;0;0;0;0;0;0;0;0;0;0;0;0;0;0;0;0;0;0;0;1;0;0;0;0;5;42;0;16;0;0;0;0;0;0;0;0;0;0;0;0;2;1
40144;2016-06;0;2;0;0;0;0;0;0;0;0;0;0;0;0;0;0;0;0;0;0;0;0;0;0;0;0;0;0;0;1;9;0;2;0;0;0;0;0;0;0;0;0;0;0;0;0;0
40145;2016-06;0;88;0;0;0;0;0;0;0;0;0;0;0;0;1;0;0;0;0;0;0;0;1;0;0;0;0;0;0;156;417;0;199;0;0;3;0;0;0;0;0;0;0;0;0;1;2
40146;2016-06;0;21;0;0;0;0;0;0;0;0;0;0;0;0;2;0;0;0;0;0;0;0;1;0;0;0;0;0;0;14;103;0;52;0;0;2;0;0;0;0;0;0;0;0;0;1;0
40148;2016-06;0;19;0;0;0;0;0;0;0;0;0;0;0;0;0;0;0;0;0;0;0;0;0;0;1;0;0;0;0;23;98;0;39;0;0;0;0;0;0;0;0;0;0;0;0;3;2
40149;2016-06;0;38;0;0;0;0;0;0;0;0;0;0;0;0;0;0;0;0;0;0;0;0;3;0;2;0;0;0;0;55;211;0;53;0;0;0;0;0;0;0;0;0;0;0;0;0;2
40150;2016-06;0;10;0;0;0;0;0;0;0;0;0;0;0;0;0;0;0;0;0;0;0;0;0;0;0;0;0;0;0;7;30;0;12;0;0;0;0;0;0;0;0;0;0;0;0;1;0
40151;2016-06;0;2;0;0;0;0;0;0;0;0;0;0;0;0;0;0;0;0;0;0;0;0;1;0;0;0;0;0;0;5;22;0;3;0;0;0;0;0;0;0;0;0;0;0;0;0;0
40152;2016-06;0;105;0;0;0;0;0;0;0;0;0;0;0;0;0;0;0;0;0;0;0;0;2;0;0;0;0;0;0;107;211;0;143;0;0;3;0;0;0;0;0;0;0;0;0;5;5
40154;2016-06;0;0;0;0;0;0;0;0;0;0;0;0;0;0;0;0;0;0;0;0;0;0;0;0;0;0;0;0;0;0;8;0;7;0;0;0;0;0;0;0;0;0;0;0;0;0;0
40155;2016-06;0;641;0;0;0;0;0;0;0;0;0;0;0;0;7;0;0;0;0;0;0;0;32;0;5;0;0;0;0;522;875;0;480;0;0;10;0;0;0;0;0;0;0;0;0;7;8
40156;2016-06;0;30;0;0;0;0;0;0;0;0;0;0;0;0;0;0;0;0;0;0;0;0;3;0;0;0;0;0;0;31;129;0;40;0;0;0;0;0;0;0;0;0;0;0;0;1;0
40157;2016-06;0;7;0;0;0;0;0;0;0;0;0;0;0;0;0;0;0;0;0;0;0;0;2;0;0;0;0;0;0;4;21;0;10;0;0;0;0;0;0;0;0;0;0;0;0;0;0
40158;2016-06;0;1;0;0;0;0;0;0;0;0;0;0;0;0;0;0;0;0;0;0;0;0;0;0;0;0;0;0;0;1;10;0;0;0;0;0;0;0;0;0;0;0;0;0;0;0;0
40159;2016-06;0;10;0;0;0;0;0;0;0;0;0;0;0;0;0;0;0;0;0;0;0;0;0;0;0;0;0;0;0;6;61;0;20;0;0;1;0;0;0;0;0;0;0;0;0;0;0
40160;2016-06;0;10;0;0;0;0;0;0;0;0;0;0;0;0;0;0;0;0;0;0;0;0;0;0;0;0;0;0;0;3;53;0;3;0;0;0;0;0;0;0;0;0;0;0;0;0;0
40161;2016-06;0;3;0;0;0;0;0;0;0;0;0;0;0;0;0;0;0;0;0;0;0;0;0;0;0;0;0;0;0;1;22;0;0;0;0;0;0;0;0;0;0;0;0;0;0;0;0
40162;2016-06;0;35;0;0;0;0;0;0;0;0;0;0;0;0;3;0;0;0;0;0;0;0;1;0;0;0;0;0;0;29;193;0;36;0;0;1;0;0;0;0;0;0;0;0;0;2;1
40163;2016-06;0;5;0;0;0;0;0;0;0;0;0;0;0;0;0;0;0;0;0;0;0;0;0;0;1;0;0;0;0;5;29;0;3;0;0;0;0;0;0;0;0;0;0;0;0;0;0
40164;2016-06;0;7;0;0;0;0;0;0;0;0;0;0;0;0;0;0;0;0;0;0;0;0;0;0;0;0;0;0;0;5;100;0;24;0;0;0;0;0;0;0;0;0;0;0;0;1;1
40165;2016-06;0;4;0;0;0;0;0;0;0;0;0;0;0;0;0;0;0;0;0;0;0;0;0;0;0;0;0;0;0;9;33;0;16;0;0;0;0;0;0;0;0;0;0;0;0;0;1
40166;2016-06;0;25;0;0;0;0;0;0;0;0;0;0;0;0;0;0;0;0;0;0;0;0;1;0;0;0;0;0;0;11;142;0;35;0;0;0;0;0;0;0;0;0;0;0;0;0;0
40168;2016-06;0;2;0;0;0;0;0;0;0;0;0;0;0;0;0;0;0;0;0;0;0;0;0;0;0;0;0;0;0;8;14;0;4;0;0;0;0;0;0;0;0;0;0;0;0;0;0
40170;2016-06;0;136;0;0;0;0;0;0;0;0;0;0;0;0;2;0;0;0;0;0;0;0;2;0;0;0;0;0;0;104;580;0;187;0;0;2;0;0;0;0;0;0;0;0;0;0;1
40171;2016-06;0;1;0;0;0;0;0;0;0;0;0;0;0;0;0;0;0;0;0;0;0;0;0;0;0;0;0;0;0;1;17;0;4;0;0;0;0;0;0;0;0;0;0;0;0;0;0
40172;2016-06;0;1;0;0;0;0;0;0;0;0;0;0;0;0;0;0;0;0;0;0;0;0;0;0;0;0;0;0;0;4;20;0;9;0;0;0;0;0;0;0;0;0;0;0;0;0;0
40173;2016-06;0;21;0;0;0;0;0;0;0;0;0;0;0;0;1;0;0;0;0;0;0;0;2;0;1;0;0;0;0;17;39;0;11;0;0;0;0;0;0;0;0;0;0;0;0;0;0
40174;2016-06;0;27;0;0;0;0;0;0;0;0;0;0;0;0;1;0;0;0;0;0;0;0;0;0;1;0;0;0;0;16;174;0;26;0;0;0;0;0;0;0;0;0;0;0;0;1;3
40176;2016-06;0;25;0;0;0;0;0;0;0;0;0;0;0;0;0;0;0;0;0;0;0;0;0;0;1;0;0;0;0;55;122;0;99;0;0;0;0;0;0;0;0;0;0;0;0;1;0
40177;2016-06;0;10;0;0;0;0;0;0;0;0;0;0;0;0;0;0;0;0;0;0;0;0;0;0;0;0;0;0;0;12;73;0;28;0;0;1;0;0;0;0;0;0;0;0;0;0;0
40178;2016-06;0;2;0;0;0;0;0;0;0;0;0;0;0;0;0;0;0;0;0;0;0;0;0;0;0;0;0;0;0;3;58;0;7;0;0;0;0;0;0;0;0;0;0;0;0;0;0
40179;2016-06;0;58;0;0;0;0;0;0;0;0;0;0;0;0;0;0;0;0;0;0;0;0;3;0;0;0;0;0;0;67;243;0;117;0;0;0;0;0;0;0;0;0;0;0;0;0;3
40180;2016-06;0;29;0;0;0;0;0;0;0;0;0;0;0;0;1;0;0;0;0;0;0;0;0;0;1;0;0;0;0;18;142;0;44;0;0;0;0;0;0;0;0;0;0;0;0;2;3
40181;2016-06;0;557;0;0;0;0;0;0;0;0;0;0;0;0;2;0;0;0;0;0;0;0;11;0;7;0;0;0;0;625;1061;0;912;0;0;3;0;0;0;0;0;0;0;0;0;12;6
40182;2016-06;0;12;0;0;0;0;0;0;0;0;0;0;0;0;0;0;0;0;0;0;0;0;2;0;0;0;0;0;0;22;59;0;33;0;0;0;0;0;0;0;0;0;0;0;0;0;0
40183;2016-06;0;6;0;0;0;0;0;0;0;0;0;0;0;0;0;0;0;0;0;0;0;0;0;0;0;0;0;0;0;3;103;0;5;0;0;0;0;0;0;0;0;0;0;0;0;0;0
40184;2016-06;0;25;0;0;0;0;0;0;0;0;0;0;0;0;0;0;0;0;0;0;0;0;1;0;0;0;0;0;0;14;144;0;22;0;0;0;0;0;0;0;0;0;0;0;0;2;0
40185;2016-06;0;65;0;0;0;0;0;0;0;0;0;0;0;0;1;0;0;0;0;0;0;0;0;0;1;0;0;0;0;61;363;0;145;0;0;1;0;0;0;0;0;0;0;0;0;1;1
40186;2016-06;0;4;0;0;0;0;0;0;0;0;0;0;0;0;0;0;0;0;0;0;0;0;0;0;0;0;0;0;0;2;17;0;6;0;0;0;0;0;0;0;0;0;0;0;0;0;0
40188;2016-06;0;10;0;0;0;0;0;0;0;0;0;0;0;0;0;0;0;0;0;0;0;0;1;0;0;0;0;0;0;7;41;0;10;0;0;1;0;0;0;0;0;0;0;0;0;0;0
40189;2016-06;0;39;0;0;0;0;0;0;0;0;0;0;0;0;2;0;0;0;0;0;0;0;3;0;0;0;0;0;0;52;162;0;132;0;0;0;0;0;0;0;0;0;0;0;0;0;0
40190;2016-06;0;10;0;0;0;0;0;0;0;0;0;0;0;0;0;0;0;0;0;0;0;0;0;0;0;0;0;0;0;7;20;0;6;0;0;0;0;0;0;0;0;0;0;0;0;0;1
40191;2016-06;0;17;0;0;0;0;0;0;0;0;0;0;0;0;0;0;0;0;0;0;0;0;3;0;0;0;0;0;0;23;108;0;25;0;0;1;0;0;0;0;0;0;0;0;0;1;0
40192;2016-06;0;13;0;0;0;0;0;0;0;0;0;0;0;0;0;0;0;0;0;0;0;0;1;0;1;0;0;0;0;10;54;0;34;0;0;2;0;0;0;0;0;0;0;0;0;0;0
40193;2016-06;0;36;0;0;0;0;0;0;0;0;0;0;0;0;0;0;0;0;0;0;0;0;2;0;0;0;0;0;0;11;75;0;45;0;0;0;0;0;0;0;0;0;0;0;0;0;0
40194;2016-06;0;4700;0;0;0;0;0;0;0;0;0;0;0;0;30;0;0;0;0;0;0;0;258;0;36;0;0;0;0;4664;12149;0;6654;0;0;94;0;0;0;0;0;0;0;0;0;136;115
40195;2016-06;0;71;0;0;0;0;0;0;0;0;0;0;0;0;3;0;0;0;0;0;0;0;1;0;0;0;0;0;0;71;359;0;151;0;0;1;0;0;0;0;0;0;0;0;0;7;4
40196;2016-06;0;2;0;0;0;0;0;0;0;0;0;0;0;0;1;0;0;0;0;0;0;0;0;0;0;0;0;0;0;0;19;0;3;0;0;0;0;0;0;0;0;0;0;0;0;0;0
40198;2016-06;0;1;0;0;0;0;0;0;0;0;0;0;0;0;0;0;0;0;0;0;0;0;0;0;0;0;0;0;0;0;15;0;3;0;0;0;0;0;0;0;0;0;0;0;0;0;0
40199;2016-06;0;32;0;0;0;0;0;0;0;0;0;0;0;0;0;0;0;0;0;0;0;0;0;0;0;0;0;0;0;8;33;0;11;0;0;0;0;0;0;0;0;0;0;0;0;0;0
40200;2016-06;0;2;0;0;0;0;0;0;0;0;0;0;0;0;0;0;0;0;0;0;0;0;0;0;0;0;0;0;0;3;13;0;12;0;0;1;0;0;0;0;0;0;0;0;0;0;0
40201;2016-06;0;4;0;0;0;0;0;0;0;0;0;0;0;0;0;0;0;0;0;0;0;0;3;0;0;0;0;0;0;2;30;0;3;0;0;0;0;0;0;0;0;0;0;0;0;0;0
40202;2016-06;0;5;0;0;0;0;0;0;0;0;0;0;0;0;0;0;0;0;0;0;0;0;1;0;0;0;0;0;0;3;29;0;8;0;0;0;0;0;0;0;0;0;0;0;0;0;0
40203;2016-06;0;139;0;0;0;0;0;0;0;0;0;0;0;0;2;0;0;0;0;0;0;0;12;0;1;0;0;0;0;138;270;0;145;0;0;0;0;0;0;0;0;0;0;0;0;1;3
40204;2016-06;0;10;0;0;0;0;0;0;0;0;0;0;0;0;0;0;0;0;0;0;0;0;1;0;0;0;0;0;0;16;67;0;13;0;0;0;0;0;0;0;0;0;0;0;0;2;0
40205;2016-06;0;22;0;0;0;0;0;0;0;0;0;0;0;0;0;0;0;0;0;0;0;0;3;0;1;0;0;0;0;29;108;0;31;0;0;1;0;0;0;0;0;0;0;0;0;1;0
40206;2016-06;0;23;0;0;0;0;0;0;0;0;0;0;0;0;1;0;0;0;0;0;0;0;1;0;0;0;0;0;0;33;59;0;14;0;0;0;0;0;0;0;0;0;0;0;0;3;0
40207;2016-06;0;162;0;0;0;0;0;0;0;0;0;0;0;0;1;0;0;0;0;0;0;0;6;0;1;0;0;0;0;127;197;0;94;0;0;2;0;0;0;0;0;0;0;0;0;0;0
40208;2016-06;0;86;0;0;0;0;0;0;0;0;0;0;0;0;0;0;0;0;0;0;0;0;2;0;1;0;0;0;0;66;327;0;103;0;0;1;0;0;0;0;0;0;0;0;0;0;0
40210;2016-06;0;9;0;0;0;0;0;0;0;0;0;0;0;0;0;0;0;0;0;0;0;0;0;0;0;0;0;0;0;10;38;0;13;0;0;1;0;0;0;0;0;0;0;0;0;0;0
40211;2016-06;0;7;0;0;0;0;0;0;0;0;0;0;0;0;1;0;0;0;0;0;0;0;0;0;0;0;0;0;0;8;38;0;10;0;0;0;0;0;0;0;0;0;0;0;0;0;0
40212;2016-06;0;1;0;0;0;0;0;0;0;0;0;0;0;0;0;0;0;0;0;0;0;0;0;0;0;0;0;0;0;6;9;0;3;0;0;1;0;0;0;0;0;0;0;0;0;0;0
40213;2016-06;0;7;0;0;0;0;0;0;0;0;0;0;0;0;2;0;0;0;0;0;0;0;0;0;0;0;0;0;0;4;32;0;17;0;0;0;0;0;0;0;0;0;0;0;0;0;0
40214;2016-06;0;24;0;0;0;0;0;0;0;0;0;0;0;0;0;0;0;0;0;0;0;0;1;0;0;0;0;0;0;16;87;0;38;0;0;0;0;0;0;0;0;0;0;0;0;0;0
40215;2016-06;0;8;0;0;0;0;0;0;0;0;0;0;0;0;0;0;0;0;0;0;0;0;0;0;0;0;0;0;0;4;42;0;6;0;0;0;0;0;0;0;0;0;0;0;0;0;0
40216;2016-06;0;113;0;0;0;0;0;0;0;0;0;0;0;0;1;0;0;0;0;0;0;0;6;0;0;0;0;0;0;59;256;0;125;0;0;1;0;0;0;0;0;0;0;0;0;1;6
40218;2016-06;0;3;0;0;0;0;0;0;0;0;0;0;0;0;0;0;0;0;0;0;0;0;0;0;0;0;0;0;0;4;48;0;8;0;0;0;0;0;0;0;0;0;0;0;0;0;0
40219;2016-06;0;59;0;0;0;0;0;0;0;0;0;0;0;0;0;0;0;0;0;0;0;0;3;0;0;0;0;0;0;39;314;0;19;0;0;1;0;0;0;0;0;0;0;0;0;2;2
40220;2016-06;0;8;0;0;0;0;0;0;0;0;0;0;0;0;1;0;0;0;0;0;0;0;1;0;0;0;0;0;0;7;20;0;7;0;0;0;0;0;0;0;0;0;0;0;0;1;0
40221;2016-06;0;14;0;0;0;0;0;0;0;0;0;0;0;0;0;0;0;0;0;0;0;0;0;0;0;0;0;0;0;5;17;0;3;0;0;0;0;0;0;0;0;0;0;0;0;0;0
40222;2016-06;0;17;0;0;0;0;0;0;0;0;0;0;0;0;0;0;0;0;0;0;0;0;2;0;0;0;0;0;0;19;64;0;40;0;0;0;0;0;0;0;0;0;0;0;0;2;0
40223;2016-06;0;22;0;0;0;0;0;0;0;0;0;0;0;0;0;0;0;0;0;0;0;0;1;0;0;0;0;0;0;29;70;0;40;0;0;0;0;0;0;0;0;0;0;0;0;0;0
40224;2016-06;0;1;0;0;0;0;0;0;0;0;0;0;0;0;0;0;0;0;0;0;0;0;0;0;0;0;0;0;0;2;16;0;2;0;0;0;0;0;0;0;0;0;0;0;0;0;0
40225;2016-06;0;113;0;0;0;0;0;0;0;0;0;0;0;0;1;0;0;0;0;0;0;0;6;0;0;0;0;0;0;82;470;0;183;0;0;3;0;0;0;0;0;0;0;0;0;4;2
40228;2016-06;0;27;0;0;0;0;0;0;0;0;0;0;0;0;0;0;0;0;0;0;0;0;0;0;0;0;0;0;0;37;233;0;82;0;0;1;0;0;0;0;0;0;0;0;0;1;0
40229;2016-06;0;0;0;0;0;0;0;0;0;0;0;0;0;0;0;0;0;0;0;0;0;0;0;0;0;0;0;0;0;5;13;0;6;0;0;0;0;0;0;0;0;0;0;0;0;0;0
40230;2016-06;0;11;0;0;0;0;0;0;0;0;0;0;0;0;0;0;0;0;0;0;0;0;0;0;0;0;0;0;0;8;22;0;25;0;0;0;0;0;0;0;0;0;0;0;0;0;0
40231;2016-06;0;11;0;0;0;0;0;0;0;0;0;0;0;0;0;0;0;0;0;0;0;0;0;0;0;0;0;0;0;10;47;0;21;0;0;0;0;0;0;0;0;0;0;0;0;0;0
40233;2016-06;0;38;0;0;0;0;0;0;0;0;0;0;0;0;1;0;0;0;0;0;0;0;1;0;0;0;0;0;0;53;140;0;71;0;0;0;0;0;0;0;0;0;0;0;0;3;0
40234;2016-06;0;49;0;0;0;0;0;0;0;0;0;0;0;0;2;0;0;0;0;0;0;0;1;0;1;0;0;0;0;24;125;0;86;0;0;2;0;0;0;0;0;0;0;0;0;0;0
40901;2016-06;0;67;0;0;0;0;0;0;0;0;0;0;0;0;0;0;0;0;0;0;0;0;1;0;0;0;0;0;0;56;122;0;53;0;0;0;0;0;0;0;0;0;0;0;0;3;1
40902;2016-06;0;2;0;0;0;0;0;0;0;0;0;0;0;0;0;0;0;0;0;0;0;0;0;0;0;0;0;0;0;4;77;0;11;0;0;0;0;0;0;0;0;0;0;0;0;1;0
40903;2016-06;0;5;0;0;0;0;0;0;0;0;0;0;0;0;0;0;0;0;0;0;0;0;0;0;0;0;0;0;0;5;46;0;10;0;0;0;0;0;0;0;0;0;0;0;0;1;0
40904;2016-06;0;55;0;0;0;0;0;0;0;0;0;0;0;0;0;0;0;0;0;0;0;0;2;0;0;0;0;0;0;60;157;0;25;0;0;2;0;0;0;0;0;0;0;0;0;0;2
40905;2016-06;0;8;0;0;0;0;0;0;0;0;0;0;0;0;0;0;0;0;0;0;0;0;0;0;0;0;0;0;0;1;76;0;13;0;0;0;0;0;0;0;0;0;0;0;0;1;0
40906;2016-06;0;318;0;0;0;0;0;0;0;0;0;0;0;0;1;0;0;0;0;0;0;0;13;0;3;0;0;0;0;315;549;0;329;0;0;4;0;0;0;0;0;0;0;0;0;2;4
41001;2016-06;0;94;0;0;0;0;0;0;0;0;0;0;0;0;1;0;0;0;0;0;0;0;9;1;0;0;0;0;0;293;274;0;479;0;0;1;0;0;0;0;0;0;0;0;0;1;1
41002;2016-06;0;76;0;0;0;0;0;0;0;0;0;0;0;0;1;0;0;0;0;0;0;0;8;0;0;0;0;0;0;109;368;0;443;0;0;0;0;0;0;0;0;0;0;0;0;0;0
41003;2016-06;0;149;0;0;0;0;0;0;0;0;0;0;0;0;0;0;0;0;0;0;0;0;19;0;1;0;0;0;0;217;573;0;692;0;0;3;0;0;0;0;0;0;0;0;0;1;3
41004;2016-06;0;5700;0;0;0;0;0;0;0;0;0;0;0;0;46;0;0;0;0;0;0;0;729;51;39;0;0;0;0;8159;9194;0;11911;0;0;120;0;0;0;0;0;0;0;0;0;171;89
41005;2016-06;0;840;0;0;0;0;0;0;0;0;0;0;0;0;4;0;0;0;0;0;0;0;76;9;8;0;0;0;0;1283;1497;0;2480;0;0;6;0;0;0;0;0;0;0;0;0;16;4
41006;2016-06;0;115;0;0;0;0;0;0;0;0;0;0;0;0;0;0;0;0;0;0;0;0;8;2;1;0;0;0;0;196;435;0;996;0;0;0;0;0;0;0;0;0;0;0;0;1;0
41007;2016-06;0;856;0;0;0;0;0;0;0;0;0;0;0;0;12;0;0;0;0;0;0;0;97;16;15;0;0;0;0;1944;1620;0;3146;0;0;14;0;0;0;0;0;0;0;0;0;15;6
41008;2016-06;0;59;0;0;0;0;0;0;0;0;0;0;0;0;0;0;0;0;0;0;0;0;5;3;0;0;0;0;0;82;101;0;476;0;0;1;0;0;0;0;0;0;0;0;0;2;0
41009;2016-06;0;85;0;0;0;0;0;0;0;0;0;0;0;0;0;0;0;0;0;0;0;0;2;2;0;0;0;0;0;76;247;0;382;0;0;2;0;0;0;0;0;0;0;0;0;3;3
41010;2016-06;0;398;0;0;0;0;0;0;0;0;0;0;0;0;1;0;0;0;0;0;0;0;57;5;9;0;0;0;0;848;701;0;847;0;0;3;0;0;0;0;0;0;0;0;0;11;6
41011;2016-06;0;872;0;0;0;0;0;0;0;0;0;0;0;0;11;0;0;0;0;0;0;0;69;11;8;0;0;0;0;1979;2074;0;4817;0;0;13;0;0;0;0;0;0;0;0;0;10;11
41012;2016-06;0;200;0;0;0;0;0;0;0;0;0;0;0;0;2;0;0;0;0;0;0;0;24;2;1;0;0;0;0;289;619;0;864;0;0;4;0;0;0;0;0;0;0;0;0;2;3
41013;2016-06;0;149;0;0;0;0;0;0;0;0;0;0;0;0;1;0;0;0;0;0;0;0;6;5;10;0;0;0;0;812;478;0;1593;0;0;4;0;0;0;0;0;0;0;0;0;1;2
41014;2016-06;0;94;0;0;0;0;0;0;0;0;0;0;0;0;0;0;0;0;0;0;0;0;5;1;5;0;0;0;0;934;191;0;610;0;0;0;0;0;0;0;0;0;0;0;0;1;0
41015;2016-06;0;487;0;0;0;0;0;0;0;0;0;0;0;0;2;0;0;0;0;0;0;0;34;3;5;0;0;0;0;510;798;0;1511;0;0;3;0;0;0;0;0;0;0;0;0;5;6
41016;2016-06;0;844;0;0;0;0;0;0;0;0;0;0;0;0;5;0;0;0;0;0;0;0;68;5;6;0;0;0;0;1114;1686;0;1371;0;0;7;0;0;0;0;0;0;0;0;0;10;8
41017;2016-06;0;1964;0;0;0;0;0;0;0;0;0;0;0;0;8;0;0;0;0;0;0;0;161;12;97;0;0;0;0;1895;3524;0;2771;0;0;19;0;0;0;0;0;0;0;0;0;45;28
41018;2016-06;0;598;0;0;0;0;0;0;0;0;0;0;0;0;3;0;0;0;0;0;0;0;61;13;19;0;0;0;0;1619;1060;0;3013;0;0;7;0;0;0;0;0;0;0;0;0;5;4
41019;2016-06;0;425;0;0;0;0;0;0;0;0;0;0;0;0;5;0;0;0;0;0;0;0;38;9;4;0;0;0;0;567;822;0;1146;0;0;3;0;0;0;0;0;0;0;0;0;2;8
41020;2016-06;0;715;0;0;0;0;0;0;0;0;0;0;0;0;6;0;0;0;0;0;0;0;39;5;10;0;0;0;0;1164;1818;0;4244;0;0;14;0;0;0;0;0;0;0;0;0;8;13
41021;2016-06;0;1709;0;0;0;0;0;0;0;0;0;0;0;0;13;0;0;0;0;0;0;0;229;22;22;0;0;0;0;3277;3049;0;4988;0;0;29;0;0;0;0;0;0;0;0;0;62;25
41022;2016-06;0;246;0;0;0;0;0;0;0;0;0;0;0;0;1;0;0;0;0;0;0;0;11;7;0;0;0;0;0;752;492;0;1318;0;0;2;0;0;0;0;0;0;0;0;0;1;0
41023;2016-06;0;530;0;0;0;0;0;0;0;0;0;0;0;0;3;0;0;0;0;0;0;0;36;3;6;0;0;0;0;855;1546;0;2310;0;0;4;0;0;0;0;0;0;0;0;0;11;2
41024;2016-06;0;1765;0;0;0;0;0;0;0;0;0;0;0;0;6;0;0;0;0;0;0;0;170;22;10;0;0;0;0;2166;4070;0;5619;0;0;49;0;0;0;0;0;0;0;0;0;16;27
41025;2016-06;0;114;0;0;0;0;0;0;0;0;0;0;0;0;2;0;0;0;0;0;0;0;9;1;2;0;0;0;0;243;462;0;470;0;0;2;0;0;0;0;0;0;0;0;0;6;2
41026;2016-06;0;190;0;0;0;0;0;0;0;0;0;0;0;0;4;0;0;0;0;0;0;0;16;4;7;0;0;0;0;1455;347;0;1277;0;0;3;0;0;0;0;0;0;0;0;0;0;1
41027;2016-06;0;289;0;0;0;0;0;0;0;0;0;0;0;0;2;0;0;0;0;0;0;0;41;3;3;0;0;0;0;668;721;0;851;0;0;1;0;0;0;0;0;0;0;0;0;1;1
41028;2016-06;0;277;0;0;0;0;0;0;0;0;0;0;0;0;1;0;0;0;0;0;0;0;28;0;2;0;0;0;0;410;369;0;390;0;0;1;0;0;0;0;0;0;0;0;0;8;16
41029;2016-06;0;1349;0;0;0;0;0;0;0;0;0;0;0;0;10;0;0;0;0;0;0;0;180;13;9;0;0;0;0;1847;2676;0;3193;0;0;20;0;0;0;0;0;0;0;0;0;30;11
41030;2016-06;0;21;0;0;0;0;0;0;0;0;0;0;0;0;0;0;0;0;0;0;0;0;5;1;0;0;0;0;0;69;112;0;161;0;0;0;0;0;0;0;0;0;0;0;0;0;1
41031;2016-06;0;48;0;0;0;0;0;0;0;0;0;0;0;0;1;0;0;0;0;0;0;0;2;2;1;0;0;0;0;101;165;0;481;0;0;0;0;0;0;0;0;0;0;0;0;2;0
41032;2016-06;0;286;0;0;0;0;0;0;0;0;0;0;0;0;2;0;0;0;0;0;0;0;31;3;4;0;0;0;0;377;755;0;1228;0;0;7;0;0;0;0;0;0;0;0;0;5;0
41033;2016-06;0;346;0;0;0;0;0;0;0;0;0;0;0;0;4;0;0;0;0;0;0;0;20;4;4;0;0;0;0;267;1031;0;1556;0;0;3;0;0;0;0;0;0;0;0;0;3;5
41034;2016-06;0;1974;0;0;0;0;0;0;0;0;0;0;0;0;17;0;0;0;0;0;0;0;197;8;16;0;0;0;0;2952;3214;0;5971;0;0;20;0;0;0;0;0;0;0;0;0;43;27
41035;2016-06;0;54;0;0;0;0;0;0;0;0;0;0;0;0;1;0;0;0;0;0;0;0;2;1;0;0;0;0;0;80;276;0;357;0;0;2;0;0;0;0;0;0;0;0;0;0;0
41036;2016-06;0;153;0;0;0;0;0;0;0;0;0;0;0;0;1;0;0;0;0;0;0;0;21;2;0;0;0;0;0;1127;390;0;921;0;0;2;0;0;0;0;0;0;0;0;0;1;1
41037;2016-06;0;123;0;0;0;0;0;0;0;0;0;0;0;0;2;0;0;0;0;0;0;0;14;3;2;0;0;0;0;758;321;0;1084;0;0;2;0;0;0;0;0;0;0;0;0;0;3
41038;2016-06;0;10901;0;0;0;0;0;0;0;0;0;0;0;0;97;0;0;0;0;0;0;0;1179;92;88;0;0;0;0;15682;16395;0;20972;0;0;171;0;0;0;0;0;0;0;0;0;220;130
41039;2016-06;0;3079;0;0;0;0;0;0;0;0;0;0;0;0;9;0;0;0;0;0;0;0;232;14;16;0;0;0;0;3170;7923;0;7107;0;0;30;0;0;0;0;0;0;0;0;0;30;27
41040;2016-06;0;1495;0;0;0;0;0;0;0;0;0;0;0;0;7;0;0;0;0;0;0;0;109;2;8;0;0;0;0;1407;3086;0;1458;0;0;23;0;0;0;0;0;0;0;0;0;23;12
41041;2016-06;0;897;0;0;0;0;0;0;0;0;0;0;0;0;5;0;0;0;0;0;0;0;54;0;4;0;0;0;0;1121;2268;0;2713;0;0;6;0;0;0;0;0;0;0;0;0;5;11
41042;2016-06;0;323;0;0;0;0;0;0;0;0;0;0;0;0;3;0;0;0;0;0;0;0;21;5;2;0;0;0;0;1250;814;0;1904;0;0;3;0;0;0;0;0;0;0;0;0;11;2
41043;2016-06;0;42;0;0;0;0;0;0;0;0;0;0;0;0;0;0;0;0;0;0;0;0;2;2;0;0;0;0;0;71;74;0;226;0;0;1;0;0;0;0;0;0;0;0;0;1;3
41044;2016-06;0;844;0;0;0;0;0;0;0;0;0;0;0;0;10;0;0;0;0;0;0;0;87;2;3;0;0;0;0;992;1692;0;1536;0;0;8;0;0;0;0;0;0;0;0;0;23;10
41045;2016-06;0;445;0;0;0;0;0;0;0;0;0;0;0;0;3;0;0;0;0;0;0;0;44;5;9;0;0;0;0;1085;763;0;1491;0;0;9;0;0;0;0;0;0;0;0;0;12;5
41046;2016-06;0;202;0;0;0;0;0;0;0;0;0;0;0;0;0;0;0;0;0;0;0;0;13;4;1;0;0;0;0;705;322;0;925;0;0;1;0;0;0;0;0;0;0;0;0;2;3
41047;2016-06;0;1257;0;0;0;0;0;0;0;0;0;0;0;0;7;0;0;0;0;0;0;0;121;3;5;0;0;0;0;1431;2654;0;1813;0;0;22;0;0;0;0;0;0;0;0;0;18;17
41048;2016-06;0;153;0;0;0;0;0;0;0;0;0;0;0;0;1;0;0;0;0;0;0;0;22;2;0;0;0;0;0;143;395;0;706;0;0;5;0;0;0;0;0;0;0;0;0;2;3
41049;2016-06;0;664;0;0;0;0;0;0;0;0;0;0;0;0;0;0;0;0;0;0;0;0;54;3;15;0;0;0;0;1857;1384;0;2669;0;0;10;0;0;0;0;0;0;0;0;0;9;8
41050;2016-06;0;375;0;0;0;0;0;0;0;0;0;0;0;0;1;0;0;0;0;0;0;0;31;3;9;0;0;0;0;622;1247;0;1450;0;0;4;0;0;0;0;0;0;0;0;0;9;7
41051;2016-06;0;118;0;0;0;0;0;0;0;0;0;0;0;0;1;0;0;0;0;0;0;0;14;0;1;0;0;0;0;242;498;0;618;0;0;1;0;0;0;0;0;0;0;0;0;2;4
41052;2016-06;0;140;0;0;0;0;0;0;0;0;0;0;0;0;0;0;0;0;0;0;0;0;17;6;1;0;0;0;0;378;415;0;1082;0;0;4;0;0;0;0;0;0;0;0;0;4;3
41053;2016-06;0;2192;0;0;0;0;0;0;0;0;0;0;0;0;12;0;0;0;0;0;0;0;129;20;26;0;0;0;0;2836;3678;0;5745;0;0;18;0;0;0;0;0;0;0;0;0;34;31
41054;2016-06;0;58;0;0;0;0;0;0;0;0;0;0;0;0;2;0;0;0;0;0;0;0;4;0;0;0;0;0;0;102;120;0;256;0;0;0;0;0;0;0;0;0;0;0;0;0;1
41055;2016-06;0;1134;0;0;0;0;0;0;0;0;0;0;0;0;10;0;0;0;0;0;0;0;62;12;10;0;0;0;0;1438;3182;0;4002;0;0;5;0;0;0;0;0;0;0;0;0;14;12
41056;2016-06;0;239;0;0;0;0;0;0;0;0;0;0;0;0;1;0;0;0;0;0;0;0;18;2;3;0;0;0;0;548;402;0;1561;0;0;2;0;0;0;0;0;0;0;0;0;4;2
41057;2016-06;0;6;0;0;0;0;0;0;0;0;0;0;0;0;0;0;0;0;0;0;0;0;1;0;0;0;0;0;0;33;59;0;81;0;0;0;0;0;0;0;0;0;0;0;0;1;0
41058;2016-06;0;1849;0;0;0;0;0;0;0;0;0;0;0;0;17;0;0;0;0;0;0;0;188;19;11;0;0;0;0;2125;3757;0;4188;0;0;16;0;0;0;0;0;0;0;0;0;26;25
41059;2016-06;0;4389;0;0;0;0;0;0;0;0;0;0;0;0;8;0;0;0;0;0;0;0;417;32;33;0;0;0;0;5950;6979;0;6515;0;0;63;0;0;0;0;0;0;0;0;0;74;53
41060;2016-06;0;1379;0;0;0;0;0;0;0;0;0;0;0;0;8;0;0;0;0;0;0;0;112;10;6;0;0;0;0;1571;3065;0;3567;0;0;14;0;0;0;0;0;0;0;0;0;14;15
41061;2016-06;0;56;0;0;0;0;0;0;0;0;0;0;0;0;0;0;0;0;0;0;0;0;3;0;1;0;0;0;0;1196;176;0;259;0;0;0;0;0;0;0;0;0;0;0;0;1;0
41062;2016-06;0;74;0;0;0;0;0;0;0;0;0;0;0;0;0;0;0;0;0;0;0;0;3;1;0;0;0;0;0;765;107;0;678;0;0;2;0;0;0;0;0;0;0;0;0;0;0
41063;2016-06;0;132;0;0;0;0;0;0;0;0;0;0;0;0;1;0;0;0;0;0;0;0;12;2;1;0;0;0;0;524;307;0;830;0;0;1;0;0;0;0;0;0;0;0;0;2;5
41064;2016-06;0;291;0;0;0;0;0;0;0;0;0;0;0;0;2;0;0;0;0;0;0;0;30;4;0;0;0;0;0;491;685;0;1890;0;0;4;0;0;0;0;0;0;0;0;0;2;2
41065;2016-06;0;1735;0;0;0;0;0;0;0;0;0;0;0;0;3;0;0;0;0;0;0;0;106;6;8;0;0;0;0;3317;3023;0;6251;0;0;22;0;0;0;0;0;0;0;0;0;19;14
41066;2016-06;0;54;0;0;0;0;0;0;0;0;0;0;0;0;0;0;0;0;0;0;0;0;3;1;2;0;0;0;0;188;175;0;499;0;0;1;0;0;0;0;0;0;0;0;0;0;2
41067;2016-06;0;494;0;0;0;0;0;0;0;0;0;0;0;0;1;0;0;0;0;0;0;0;47;7;3;0;0;0;0;808;1578;0;1869;0;0;3;0;0;0;0;0;0;0;0;0;11;8
41068;2016-06;0;949;0;0;0;0;0;0;0;0;0;0;0;0;3;0;0;0;0;0;0;0;59;6;5;0;0;0;0;1630;2253;0;4669;0;0;12;0;0;0;0;0;0;0;0;0;10;6
41069;2016-06;0;2753;0;0;0;0;0;0;0;0;0;0;0;0;35;0;0;0;0;0;0;0;217;35;41;0;0;0;0;3851;5466;0;5834;0;0;43;0;0;0;0;0;0;0;0;0;50;17
41070;2016-06;0;807;0;0;0;0;0;0;0;0;0;0;0;0;5;0;0;0;0;0;0;0;71;3;8;0;0;0;0;1091;1208;0;984;0;0;13;0;0;0;0;0;0;0;0;0;8;16
41071;2016-06;0;348;0;0;0;0;0;0;0;0;0;0;0;0;2;0;0;0;0;0;0;0;27;0;4;0;0;0;0;893;833;0;1517;0;0;5;0;0;0;0;0;0;0;0;0;6;4
41072;2016-06;0;174;0;0;0;0;0;0;0;0;0;0;0;0;1;0;0;0;0;0;0;0;12;1;0;0;0;0;0;1261;300;0;1167;0;0;1;0;0;0;0;0;0;0;0;0;1;1
41073;2016-06;0;101;0;0;0;0;0;0;0;0;0;0;0;0;1;0;0;0;0;0;0;0;8;4;0;0;0;0;0;159;315;0;443;0;0;3;0;0;0;0;0;0;0;0;0;2;0
41074;2016-06;0;173;0;0;0;0;0;0;0;0;0;0;0;0;0;0;0;0;0;0;0;0;7;3;2;0;0;0;0;626;529;0;896;0;0;1;0;0;0;0;0;0;0;0;0;1;1
41075;2016-06;0;682;0;0;0;0;0;0;0;0;0;0;0;0;5;0;0;0;0;0;0;0;69;7;5;0;0;0;0;1046;2327;0;2079;0;0;6;0;0;0;0;0;0;0;0;0;5;15
41076;2016-06;0;46;0;0;0;0;0;0;0;0;0;0;0;0;1;0;0;0;0;0;0;0;1;3;13;0;0;0;0;340;353;0;546;0;0;5;0;0;0;0;0;0;0;0;0;0;0
41077;2016-06;0;620;0;0;0;0;0;0;0;0;0;0;0;0;3;0;0;0;0;0;0;0;49;8;7;0;0;0;0;1445;1333;0;2355;0;0;9;0;0;0;0;0;0;0;0;0;5;12
41078;2016-06;0;87;0;0;0;0;0;0;0;0;0;0;0;0;0;0;0;0;0;0;0;0;5;3;1;0;0;0;0;331;445;0;919;0;0;0;0;0;0;0;0;0;0;0;0;0;0
41079;2016-06;0;888;0;0;0;0;0;0;0;0;0;0;0;0;2;0;0;0;0;0;0;0;72;6;7;0;0;0;0;1192;1312;0;3011;0;0;6;0;0;0;0;0;0;0;0;0;19;14
41080;2016-06;0;80;0;0;0;0;0;0;0;0;0;0;0;0;0;0;0;0;0;0;0;0;8;0;1;0;0;0;0;105;256;0;433;0;0;1;0;0;0;0;0;0;0;0;0;1;1
41081;2016-06;0;2549;0;0;0;0;0;0;0;0;0;0;0;0;17;0;0;0;0;0;0;0;326;24;25;0;0;0;0;5072;3340;0;8337;0;0;37;0;0;0;0;0;0;0;0;0;66;26
41082;2016-06;0;217;0;0;0;0;0;0;0;0;0;0;0;0;1;0;0;0;0;0;0;0;24;2;0;0;0;0;0;507;566;0;1307;0;0;4;0;0;0;0;0;0;0;0;0;1;2
41083;2016-06;0;59;0;0;0;0;0;0;0;0;0;0;0;0;1;0;0;0;0;0;0;0;2;0;1;0;0;0;0;139;182;0;467;0;0;0;0;0;0;0;0;0;0;0;0;1;0
41084;2016-06;0;125;0;0;0;0;0;0;0;0;0;0;0;0;4;0;0;0;0;0;0;0;16;0;0;0;0;0;0;348;532;0;1047;0;0;0;0;0;0;0;0;0;0;0;0;0;0
41085;2016-06;0;409;0;0;0;0;0;0;0;0;0;0;0;0;2;0;0;0;0;0;0;0;37;5;3;0;0;0;0;543;1009;0;964;0;0;0;0;0;0;0;0;0;0;0;0;10;8
41086;2016-06;0;1359;0;0;0;0;0;0;0;0;0;0;0;0;10;0;0;0;0;0;0;0;159;13;20;0;0;0;0;2033;2382;0;3967;0;0;21;0;0;0;0;0;0;0;0;0;36;15
41087;2016-06;0;1029;0;0;0;0;0;0;0;0;0;0;0;0;3;0;0;0;0;0;0;0;100;4;7;0;0;0;0;1205;2234;0;2103;0;0;4;0;0;0;0;0;0;0;0;0;18;19
41088;2016-06;0;16;0;0;0;0;0;0;0;0;0;0;0;0;1;0;0;0;0;0;0;0;0;0;0;0;0;0;0;43;91;0;205;0;0;0;0;0;0;0;0;0;0;0;0;0;0
41089;2016-06;0;566;0;0;0;0;0;0;0;0;0;0;0;0;3;0;0;0;0;0;0;0;56;7;9;0;0;0;0;1000;855;0;1764;0;0;11;0;0;0;0;0;0;0;0;0;9;8
41090;2016-06;0;222;0;0;0;0;0;0;0;0;0;0;0;0;1;0;0;0;0;0;0;0;20;5;7;0;0;0;0;522;700;0;1008;0;0;1;0;0;0;0;0;0;0;0;0;6;7
41091;2016-06;0;52401;0;0;0;0;0;0;0;0;0;0;0;0;308;0;0;0;0;0;0;0;5382;330;404;0;0;0;0;79912;129961;0;107150;0;0;772;0;0;0;0;0;0;0;0;0;1095;1078
41092;2016-06;0;515;0;0;0;0;0;0;0;0;0;0;0;0;5;0;0;0;0;0;0;0;40;2;8;0;0;0;0;734;1072;0;2843;0;0;9;0;0;0;0;0;0;0;0;0;10;18
41093;2016-06;0;2478;0;0;0;0;0;0;0;0;0;0;0;0;5;0;0;0;0;0;0;0;177;9;65;0;0;0;0;2523;5769;0;2635;0;0;30;0;0;0;0;0;0;0;0;0;42;42
41094;2016-06;0;552;0;0;0;0;0;0;0;0;0;0;0;0;5;0;0;0;0;0;0;0;60;1;3;0;0;0;0;704;1394;0;1667;0;0;9;0;0;0;0;0;0;0;0;0;4;12
41095;2016-06;0;3985;0;0;0;0;0;0;0;0;0;0;0;0;19;0;0;0;0;0;0;0;338;20;26;0;0;0;0;4297;6836;0;10704;0;0;65;0;0;0;0;0;0;0;0;0;153;35
41096;2016-06;0;663;0;0;0;0;0;0;0;0;0;0;0;0;5;0;0;0;0;0;0;0;50;8;2;0;0;0;0;1024;1519;0;1146;0;0;9;0;0;0;0;0;0;0;0;0;10;8
41097;2016-06;0;170;0;0;0;0;0;0;0;0;0;0;0;0;3;0;0;0;0;0;0;0;6;1;1;0;0;0;0;218;553;0;1160;0;0;2;0;0;0;0;0;0;0;0;0;2;0
41098;2016-06;0;391;0;0;0;0;0;0;0;0;0;0;0;0;4;0;0;0;0;0;0;0;57;1;1;0;0;0;0;593;1424;0;1118;0;0;6;0;0;0;0;0;0;0;0;0;4;5
41099;2016-06;0;229;0;0;0;0;0;0;0;0;0;0;0;0;2;0;0;0;0;0;0;0;25;1;2;0;0;0;0;353;527;0;1190;0;0;1;0;0;0;0;0;0;0;0;0;5;0
41100;2016-06;0;37;0;0;0;0;0;0;0;0;0;0;0;0;1;0;0;0;0;0;0;0;5;2;0;0;0;0;0;57;190;0;372;0;0;1;0;0;0;0;0;0;0;0;0;1;1
41101;2016-06;0;303;0;0;0;0;0;0;0;0;0;0;0;0;0;0;0;0;0;0;0;0;24;9;7;0;0;0;0;722;1283;0;1800;0;0;1;0;0;0;0;0;0;0;0;0;5;1
41102;2016-06;0;1376;0;0;0;0;0;0;0;0;0;0;0;0;6;0;0;0;0;0;0;0;88;21;13;0;0;0;0;2049;2516;0;3648;0;0;17;0;0;0;0;0;0;0;0;0;23;20
41901;2016-06;0;126;0;0;0;0;0;0;0;0;0;0;0;0;0;0;0;0;0;0;0;0;17;3;2;0;0;0;0;397;170;0;1339;0;0;2;0;0;0;0;0;0;0;0;0;2;0
41902;2016-06;0;206;0;0;0;0;0;0;0;0;0;0;0;0;0;0;0;0;0;0;0;0;28;4;5;0;0;0;0;385;633;0;1354;0;0;1;0;0;0;0;0;0;0;0;0;4;3
41903;2016-06;0;639;0;0;0;0;0;0;0;0;0;0;0;0;2;0;0;0;0;0;0;0;49;3;9;0;0;0;0;564;1173;0;1997;0;0;11;0;0;0;0;0;0;0;0;0;5;1
42001;2016-06;0;23;0;0;0;0;0;0;0;0;0;0;0;0;1;0;0;0;0;0;0;0;1;0;0;0;0;0;0;25;91;0;65;0;0;0;0;0;0;0;0;0;0;0;0;0;1
42003;2016-06;0;8;0;0;0;0;0;0;0;0;0;0;0;0;1;0;0;0;0;0;0;0;0;0;0;0;0;0;0;3;22;0;13;0;0;0;0;0;0;0;0;0;0;0;0;0;0
42004;2016-06;0;192;0;0;0;0;0;0;0;0;0;0;0;0;2;0;0;0;0;0;0;0;3;0;1;0;0;0;0;151;945;0;406;0;0;2;0;0;0;0;0;0;0;0;0;9;11
42006;2016-06;0;15;0;0;0;0;0;0;0;0;0;0;0;0;1;0;0;0;0;0;0;0;1;0;0;0;0;0;0;19;52;0;16;0;0;1;0;0;0;0;0;0;0;0;0;0;0
42007;2016-06;0;8;0;0;0;0;0;0;0;0;0;0;0;0;0;0;0;0;0;0;0;0;0;0;0;0;0;0;0;6;51;0;15;0;0;0;0;0;0;0;0;0;0;0;0;1;0
42008;2016-06;0;4;0;0;0;0;0;0;0;0;0;0;0;0;0;0;0;0;0;0;0;0;0;0;1;0;0;0;0;5;29;0;4;0;0;0;0;0;0;0;0;0;0;0;0;0;0
42009;2016-06;0;12;0;0;0;0;0;0;0;0;0;0;0;0;0;0;0;0;0;0;0;0;0;0;0;0;0;0;0;3;42;0;5;0;0;0;0;0;0;0;0;0;0;0;0;1;0
42010;2016-06;0;0;0;0;0;0;0;0;0;0;0;0;0;0;0;0;0;0;0;0;0;0;0;0;1;0;0;0;0;2;9;0;1;0;0;0;0;0;0;0;0;0;0;0;0;0;0
42011;2016-06;0;3;0;0;0;0;0;0;0;0;0;0;0;0;0;0;0;0;0;0;0;0;0;0;0;0;0;0;0;0;6;0;0;0;0;0;0;0;0;0;0;0;0;0;0;0;0
42012;2016-06;0;3;0;0;0;0;0;0;0;0;0;0;0;0;2;0;0;0;0;0;0;0;0;0;1;0;0;0;0;6;10;0;6;0;0;0;0;0;0;0;0;0;0;0;0;0;0
42013;2016-06;0;3;0;0;0;0;0;0;0;0;0;0;0;0;0;0;0;0;0;0;0;0;0;0;0;0;0;0;0;5;13;0;6;0;0;0;0;0;0;0;0;0;0;0;0;0;0
42014;2016-06;0;7;0;0;0;0;0;0;0;0;0;0;0;0;0;0;0;0;0;0;0;0;0;0;0;0;0;0;0;1;25;0;9;0;0;0;0;0;0;0;0;0;0;0;0;0;0
42015;2016-06;0;0;0;0;0;0;0;0;0;0;0;0;0;0;0;0;0;0;0;0;0;0;0;0;0;0;0;0;0;0;15;0;3;0;0;0;0;0;0;0;0;0;0;0;0;0;0
42016;2016-06;0;1;0;0;0;0;0;0;0;0;0;0;0;0;0;0;0;0;0;0;0;0;0;0;0;0;0;0;0;2;8;0;3;0;0;0;0;0;0;0;0;0;0;0;0;0;0
42017;2016-06;0;5;0;0;0;0;0;0;0;0;0;0;0;0;0;0;0;0;0;0;0;0;0;0;0;0;0;0;0;26;41;0;40;0;0;0;0;0;0;0;0;0;0;0;0;0;0
42018;2016-06;0;17;0;0;0;0;0;0;0;0;0;0;0;0;0;0;0;0;0;0;0;0;0;0;0;0;0;0;0;10;74;0;14;0;0;0;0;0;0;0;0;0;0;0;0;0;0
42019;2016-06;0;52;0;0;0;0;0;0;0;0;0;0;0;0;2;0;0;0;0;0;0;0;2;0;0;0;0;0;0;60;162;0;74;0;0;0;0;0;0;0;0;0;0;0;0;0;1
42020;2016-06;0;307;0;0;0;0;0;0;0;0;0;0;0;0;0;0;0;0;0;0;0;0;18;0;3;0;0;0;0;420;1273;0;751;0;0;2;0;0;0;0;0;0;0;0;0;7;5
42021;2016-06;0;3;0;0;0;0;0;0;0;0;0;0;0;0;0;0;0;0;0;0;0;0;0;0;0;0;0;0;0;3;40;0;6;0;0;0;0;0;0;0;0;0;0;0;0;0;0
42022;2016-06;0;23;0;0;0;0;0;0;0;0;0;0;0;0;1;0;0;0;0;0;0;0;1;0;0;0;0;0;0;9;115;0;17;0;0;0;0;0;0;0;0;0;0;0;0;0;0
42023;2016-06;0;5;0;0;0;0;0;0;0;0;0;0;0;0;0;0;0;0;0;0;0;0;1;0;0;0;0;0;0;3;30;0;12;0;0;0;0;0;0;0;0;0;0;0;0;0;0
42024;2016-06;0;7;0;0;0;0;0;0;0;0;0;0;0;0;0;0;0;0;0;0;0;0;0;0;0;0;0;0;0;3;37;0;11;0;0;0;0;0;0;0;0;0;0;0;0;1;0
42025;2016-06;0;76;0;0;0;0;0;0;0;0;0;0;0;0;2;0;0;0;0;0;0;0;3;0;0;0;0;0;0;100;364;0;278;0;0;0;0;0;0;0;0;0;0;0;0;2;6
42026;2016-06;0;3;0;0;0;0;0;0;0;0;0;0;0;0;0;0;0;0;0;0;0;0;0;0;0;0;0;0;0;2;10;0;4;0;0;0;0;0;0;0;0;0;0;0;0;1;0
42027;2016-06;0;5;0;0;0;0;0;0;0;0;0;0;0;0;0;0;0;0;0;0;0;0;0;0;0;0;0;0;0;10;31;0;14;0;0;0;0;0;0;0;0;0;0;0;0;0;0
42028;2016-06;0;5;0;0;0;0;0;0;0;0;0;0;0;0;0;0;0;0;0;0;0;0;0;0;0;0;0;0;0;19;19;0;8;0;0;0;0;0;0;0;0;0;0;0;0;0;0
42029;2016-06;0;11;0;0;0;0;0;0;0;0;0;0;0;0;0;0;0;0;0;0;0;0;0;0;0;0;0;0;0;7;65;0;18;0;0;1;0;0;0;0;0;0;0;0;0;0;0
42030;2016-06;0;13;0;0;0;0;0;0;0;0;0;0;0;0;0;0;0;0;0;0;0;0;0;0;0;0;0;0;0;0;58;0;5;0;0;0;0;0;0;0;0;0;0;0;0;1;0
42031;2016-06;0;2;0;0;0;0;0;0;0;0;0;0;0;0;0;0;0;0;0;0;0;0;0;0;0;0;0;0;0;2;17;0;0;0;0;0;0;0;0;0;0;0;0;0;0;0;0
42032;2016-06;0;4;0;0;0;0;0;0;0;0;0;0;0;0;0;0;0;0;0;0;0;0;0;0;0;0;0;0;0;8;82;0;23;0;0;0;0;0;0;0;0;0;0;0;0;1;0
42033;2016-06;0;0;0;0;0;0;0;0;0;0;0;0;0;0;0;0;0;0;0;0;0;0;0;0;0;0;0;0;0;1;37;0;6;0;0;0;0;0;0;0;0;0;0;0;0;0;0
42034;2016-06;0;1;0;0;0;0;0;0;0;0;0;0;0;0;0;0;0;0;0;0;0;0;0;0;0;0;0;0;0;2;13;0;6;0;0;0;0;0;0;0;0;0;0;0;0;0;0
42035;2016-06;0;41;0;0;0;0;0;0;0;0;0;0;0;0;1;0;0;0;0;0;0;0;2;0;0;0;0;0;0;53;291;0;123;0;0;0;0;0;0;0;0;0;0;0;0;1;2
42036;2016-06;0;3;0;0;0;0;0;0;0;0;0;0;0;0;0;0;0;0;0;0;0;0;0;0;0;0;0;0;0;11;9;0;17;0;0;0;0;0;0;0;0;0;0;0;0;0;0
42037;2016-06;0;2;0;0;0;0;0;0;0;0;0;0;0;0;0;0;0;0;0;0;0;0;0;0;0;0;0;0;0;0;19;0;2;0;0;0;0;0;0;0;0;0;0;0;0;0;0
42038;2016-06;0;2;0;0;0;0;0;0;0;0;0;0;0;0;0;0;0;0;0;0;0;0;0;0;0;0;0;0;0;1;23;0;1;0;0;0;0;0;0;0;0;0;0;0;0;0;0
42039;2016-06;0;17;0;0;0;0;0;0;0;0;0;0;0;0;0;0;0;0;0;0;0;0;1;0;0;0;0;0;0;23;53;0;39;0;0;0;0;0;0;0;0;0;0;0;0;0;1
42041;2016-06;0;5;0;0;0;0;0;0;0;0;0;0;0;0;0;0;0;0;0;0;0;0;0;0;0;0;0;0;0;1;14;0;5;0;0;0;0;0;0;0;0;0;0;0;0;0;0
42042;2016-06;0;3;0;0;0;0;0;0;0;0;0;0;0;0;0;0;0;0;0;0;0;0;0;0;0;0;0;0;0;3;26;0;2;0;0;0;0;0;0;0;0;0;0;0;0;0;1
42043;2016-06;0;285;0;0;0;0;0;0;0;0;0;0;0;0;3;0;0;0;0;0;0;0;19;0;5;0;0;0;0;371;1483;0;475;0;0;6;0;0;0;0;0;0;0;0;0;6;4
42044;2016-06;0;2;0;0;0;0;0;0;0;0;0;0;0;0;0;0;0;0;0;0;0;0;0;0;0;0;0;0;0;4;30;0;3;0;0;0;0;0;0;0;0;0;0;0;0;0;0
42045;2016-06;0;18;0;0;0;0;0;0;0;0;0;0;0;0;0;0;0;0;0;0;0;0;0;0;0;0;0;0;0;22;108;0;47;0;0;0;0;0;0;0;0;0;0;0;0;0;0
42046;2016-06;0;3;0;0;0;0;0;0;0;0;0;0;0;0;0;0;0;0;0;0;0;0;1;0;1;0;0;0;0;16;10;0;8;0;0;0;0;0;0;0;0;0;0;0;0;0;0
42048;2016-06;0;2;0;0;0;0;0;0;0;0;0;0;0;0;0;0;0;0;0;0;0;0;0;0;0;0;0;0;0;3;36;0;10;0;0;0;0;0;0;0;0;0;0;0;0;0;0
42049;2016-06;0;3;0;0;0;0;0;0;0;0;0;0;0;0;0;0;0;0;0;0;0;0;0;0;0;0;0;0;0;6;60;0;10;0;0;0;0;0;0;0;0;0;0;0;0;0;1
42050;2016-06;0;1;0;0;0;0;0;0;0;0;0;0;0;0;0;0;0;0;0;0;0;0;0;0;0;0;0;0;0;0;16;0;1;0;0;0;0;0;0;0;0;0;0;0;0;0;0
42051;2016-06;0;1;0;0;0;0;0;0;0;0;0;0;0;0;0;0;0;0;0;0;0;0;0;0;0;0;0;0;0;0;12;0;0;0;0;0;0;0;0;0;0;0;0;0;0;0;0
42052;2016-06;0;1;0;0;0;0;0;0;0;0;0;0;0;0;0;0;0;0;0;0;0;0;0;0;0;0;0;0;0;3;9;0;0;0;0;0;0;0;0;0;0;0;0;0;0;0;0
42053;2016-06;0;0;0;0;0;0;0;0;0;0;0;0;0;0;0;0;0;0;0;0;0;0;0;0;0;0;0;0;0;0;18;0;0;0;0;0;0;0;0;0;0;0;0;0;0;0;0
42054;2016-06;0;0;0;0;0;0;0;0;0;0;0;0;0;0;0;0;0;0;0;0;0;0;0;0;0;0;0;0;0;4;5;0;7;0;0;0;0;0;0;0;0;0;0;0;0;0;0
42055;2016-06;0;7;0;0;0;0;0;0;0;0;0;0;0;0;0;0;0;0;0;0;0;0;1;0;0;0;0;0;0;12;66;0;34;0;0;1;0;0;0;0;0;0;0;0;0;0;0
42056;2016-06;0;2;0;0;0;0;0;0;0;0;0;0;0;0;0;0;0;0;0;0;0;0;0;0;0;0;0;0;0;2;14;0;2;0;0;0;0;0;0;0;0;0;0;0;0;0;0
42057;2016-06;0;9;0;0;0;0;0;0;0;0;0;0;0;0;0;0;0;0;0;0;0;0;3;0;0;0;0;0;0;7;69;0;13;0;0;1;0;0;0;0;0;0;0;0;0;0;0
42058;2016-06;0;12;0;0;0;0;0;0;0;0;0;0;0;0;1;0;0;0;0;0;0;0;1;0;0;0;0;0;0;5;55;0;13;0;0;0;0;0;0;0;0;0;0;0;0;1;1
42059;2016-06;0;5;0;0;0;0;0;0;0;0;0;0;0;0;0;0;0;0;0;0;0;0;0;0;0;0;0;0;0;0;6;0;3;0;0;0;0;0;0;0;0;0;0;0;0;0;0
42060;2016-06;0;2;0;0;0;0;0;0;0;0;0;0;0;0;0;0;0;0;0;0;0;0;0;0;0;0;0;0;0;1;15;0;0;0;0;0;0;0;0;0;0;0;0;0;0;0;0
42061;2016-06;0;25;0;0;0;0;0;0;0;0;0;0;0;0;0;0;0;0;0;0;0;0;2;0;1;0;0;0;0;38;93;0;50;0;0;0;0;0;0;0;0;0;0;0;0;1;0
42062;2016-06;0;0;0;0;0;0;0;0;0;0;0;0;0;0;0;0;0;0;0;0;0;0;0;0;0;0;0;0;0;3;4;0;5;0;0;0;0;0;0;0;0;0;0;0;0;0;0
42063;2016-06;0;4;0;0;0;0;0;0;0;0;0;0;0;0;0;0;0;0;0;0;0;0;0;0;0;0;0;0;0;2;19;0;10;0;0;0;0;0;0;0;0;0;0;0;0;0;0
42064;2016-06;0;4;0;0;0;0;0;0;0;0;0;0;0;0;0;0;0;0;0;0;0;0;0;0;0;0;0;0;0;7;29;0;27;0;0;1;0;0;0;0;0;0;0;0;0;0;0
42065;2016-06;0;2;0;0;0;0;0;0;0;0;0;0;0;0;0;0;0;0;0;0;0;0;0;0;0;0;0;0;0;3;8;0;4;0;0;0;0;0;0;0;0;0;0;0;0;1;0
42068;2016-06;0;10;0;0;0;0;0;0;0;0;0;0;0;0;0;0;0;0;0;0;0;0;1;0;0;0;0;0;0;0;34;0;13;0;0;0;0;0;0;0;0;0;0;0;0;1;0
42069;2016-06;0;66;0;0;0;0;0;0;0;0;0;0;0;0;1;0;0;0;0;0;0;0;7;0;2;0;0;0;0;242;427;0;263;0;0;2;0;0;0;0;0;0;0;0;0;0;3
42070;2016-06;0;0;0;0;0;0;0;0;0;0;0;0;0;0;0;0;0;0;0;0;0;0;1;0;0;0;0;0;0;5;8;0;11;0;0;0;0;0;0;0;0;0;0;0;0;0;0
42071;2016-06;0;4;0;0;0;0;0;0;0;0;0;0;0;0;0;0;0;0;0;0;0;0;0;0;1;0;0;0;0;10;74;0;23;0;0;0;0;0;0;0;0;0;0;0;0;0;0
42073;2016-06;0;13;0;0;0;0;0;0;0;0;0;0;0;0;1;0;0;0;0;0;0;0;0;0;0;0;0;0;0;5;27;0;10;0;0;1;0;0;0;0;0;0;0;0;0;1;0
42075;2016-06;0;9;0;0;0;0;0;0;0;0;0;0;0;0;0;0;0;0;0;0;0;0;0;0;0;0;0;0;0;4;35;0;14;0;0;0;0;0;0;0;0;0;0;0;0;0;0
42076;2016-06;0;14;0;0;0;0;0;0;0;0;0;0;0;0;0;0;0;0;0;0;0;0;1;0;1;0;0;0;0;27;83;0;43;0;0;0;0;0;0;0;0;0;0;0;0;0;0
42078;2016-06;0;61;0;0;0;0;0;0;0;0;0;0;0;0;0;0;0;0;0;0;0;0;2;0;1;0;0;0;0;94;362;0;175;0;0;0;0;0;0;0;0;0;0;0;0;0;1
42079;2016-06;0;1;0;0;0;0;0;0;0;0;0;0;0;0;0;0;0;0;0;0;0;0;0;0;0;0;0;0;0;0;16;0;0;0;0;0;0;0;0;0;0;0;0;0;0;0;0
42080;2016-06;0;6;0;0;0;0;0;0;0;0;0;0;0;0;0;0;0;0;0;0;0;0;1;0;0;0;0;0;0;7;71;0;29;0;0;0;0;0;0;0;0;0;0;0;0;0;1
42081;2016-06;0;9;0;0;0;0;0;0;0;0;0;0;0;0;0;0;0;0;0;0;0;0;0;0;0;0;0;0;0;9;52;0;28;0;0;1;0;0;0;0;0;0;0;0;0;0;0
42082;2016-06;0;1;0;0;0;0;0;0;0;0;0;0;0;0;0;0;0;0;0;0;0;0;0;0;0;0;0;0;0;2;4;0;0;0;0;0;0;0;0;0;0;0;0;0;0;0;0
42083;2016-06;0;1;0;0;0;0;0;0;0;0;0;0;0;0;0;0;0;0;0;0;0;0;0;0;0;0;0;0;0;3;13;0;2;0;0;0;0;0;0;0;0;0;0;0;0;1;0
42084;2016-06;0;0;0;0;0;0;0;0;0;0;0;0;0;0;0;0;0;0;0;0;0;0;0;0;0;0;0;0;0;0;18;0;2;0;0;0;0;0;0;0;0;0;0;0;0;1;0
42085;2016-06;0;6;0;0;0;0;0;0;0;0;0;0;0;0;0;0;0;0;0;0;0;0;0;0;0;0;0;0;0;6;91;0;21;0;0;0;0;0;0;0;0;0;0;0;0;0;0
42086;2016-06;0;1;0;0;0;0;0;0;0;0;0;0;0;0;0;0;0;0;0;0;0;0;0;0;0;0;0;0;0;2;16;0;5;0;0;0;0;0;0;0;0;0;0;0;0;0;0
42087;2016-06;0;7;0;0;0;0;0;0;0;0;0;0;0;0;0;0;0;0;0;0;0;0;0;0;0;0;0;0;0;14;17;0;4;0;0;0;0;0;0;0;0;0;0;0;0;0;0
42088;2016-06;0;4;0;0;0;0;0;0;0;0;0;0;0;0;0;0;0;0;0;0;0;0;0;0;0;0;0;0;0;1;33;0;8;0;0;0;0;0;0;0;0;0;0;0;0;0;0
42089;2016-06;0;3;0;0;0;0;0;0;0;0;0;0;0;0;0;0;0;0;0;0;0;0;0;0;0;0;0;0;0;5;24;0;12;0;0;0;0;0;0;0;0;0;0;0;0;0;0
42090;2016-06;0;4;0;0;0;0;0;0;0;0;0;0;0;0;0;0;0;0;0;0;0;0;0;0;0;0;0;0;0;3;36;0;23;0;0;0;0;0;0;0;0;0;0;0;0;0;0
42092;2016-06;0;8;0;0;0;0;0;0;0;0;0;0;0;0;0;0;0;0;0;0;0;0;1;0;0;0;0;0;0;0;25;0;7;0;0;0;0;0;0;0;0;0;0;0;0;0;0
42093;2016-06;0;2;0;0;0;0;0;0;0;0;0;0;0;0;0;0;0;0;0;0;0;0;0;0;0;0;0;0;0;2;22;0;1;0;0;0;0;0;0;0;0;0;0;0;0;0;0
42094;2016-06;0;68;0;0;0;0;0;0;0;0;0;0;0;0;2;0;0;0;0;0;0;0;5;0;0;0;0;0;0;87;175;0;85;0;0;0;0;0;0;0;0;0;0;0;0;1;0
42095;2016-06;0;214;0;0;0;0;0;0;0;0;0;0;0;0;2;0;0;0;0;0;0;0;7;0;2;0;0;0;0;233;454;0;311;0;0;2;0;0;0;0;0;0;0;0;0;2;9
42096;2016-06;0;12;0;0;0;0;0;0;0;0;0;0;0;0;0;0;0;0;0;0;0;0;0;0;0;0;0;0;0;25;101;0;26;0;0;0;0;0;0;0;0;0;0;0;0;0;0
42097;2016-06;0;2;0;0;0;0;0;0;0;0;0;0;0;0;0;0;0;0;0;0;0;0;0;0;0;0;0;0;0;0;1;0;7;0;0;1;0;0;0;0;0;0;0;0;0;0;0
42098;2016-06;0;1;0;0;0;0;0;0;0;0;0;0;0;0;0;0;0;0;0;0;0;0;0;0;0;0;0;0;0;1;2;0;2;0;0;0;0;0;0;0;0;0;0;0;0;0;0
42100;2016-06;0;3;0;0;0;0;0;0;0;0;0;0;0;0;0;0;0;0;0;0;0;0;0;0;0;0;0;0;0;2;17;0;7;0;0;1;0;0;0;0;0;0;0;0;0;0;0
42103;2016-06;0;49;0;0;0;0;0;0;0;0;0;0;0;0;2;0;0;0;0;0;0;0;1;0;0;0;0;0;0;34;253;0;105;0;0;0;0;0;0;0;0;0;0;0;0;0;0
42105;2016-06;0;3;0;0;0;0;0;0;0;0;0;0;0;0;0;0;0;0;0;0;0;0;0;0;0;0;0;0;0;1;40;0;1;0;0;0;0;0;0;0;0;0;0;0;0;0;0
42106;2016-06;0;2;0;0;0;0;0;0;0;0;0;0;0;0;0;0;0;0;0;0;0;0;0;0;0;0;0;0;0;0;8;0;0;0;0;0;0;0;0;0;0;0;0;0;0;0;0
42107;2016-06;0;2;0;0;0;0;0;0;0;0;0;0;0;0;1;0;0;0;0;0;0;0;1;0;0;0;0;0;0;9;28;0;10;0;0;0;0;0;0;0;0;0;0;0;0;0;0
42108;2016-06;0;0;0;0;0;0;0;0;0;0;0;0;0;0;0;0;0;0;0;0;0;0;0;0;0;0;0;0;0;0;6;0;2;0;0;0;0;0;0;0;0;0;0;0;0;0;0
42110;2016-06;0;4;0;0;0;0;0;0;0;0;0;0;0;0;0;0;0;0;0;0;0;0;0;0;0;0;0;0;0;9;22;0;8;0;0;0;0;0;0;0;0;0;0;0;0;0;0
42111;2016-06;0;17;0;0;0;0;0;0;0;0;0;0;0;0;0;0;0;0;0;0;0;0;1;0;0;0;0;0;0;32;123;0;49;0;0;0;0;0;0;0;0;0;0;0;0;1;2
42113;2016-06;0;36;0;0;0;0;0;0;0;0;0;0;0;0;0;0;0;0;0;0;0;0;1;0;1;0;0;0;0;38;235;0;83;0;0;0;0;0;0;0;0;0;0;0;0;0;4
42115;2016-06;0;4;0;0;0;0;0;0;0;0;0;0;0;0;0;0;0;0;0;0;0;0;0;0;0;0;0;0;0;6;34;0;2;0;0;0;0;0;0;0;0;0;0;0;0;0;0
42116;2016-06;0;2;0;0;0;0;0;0;0;0;0;0;0;0;0;0;0;0;0;0;0;0;0;0;0;0;0;0;0;2;17;0;13;0;0;0;0;0;0;0;0;0;0;0;0;0;1
42117;2016-06;0;18;0;0;0;0;0;0;0;0;0;0;0;0;0;0;0;0;0;0;0;0;0;0;0;0;0;0;0;13;50;0;17;0;0;0;0;0;0;0;0;0;0;0;0;0;1
42118;2016-06;0;0;0;0;0;0;0;0;0;0;0;0;0;0;0;0;0;0;0;0;0;0;0;0;0;0;0;0;0;1;16;0;0;0;0;0;0;0;0;0;0;0;0;0;0;0;0
42119;2016-06;0;13;0;0;0;0;0;0;0;0;0;0;0;0;0;0;0;0;0;0;0;0;1;0;1;0;0;0;0;6;64;0;10;0;0;0;0;0;0;0;0;0;0;0;0;1;0
42120;2016-06;0;5;0;0;0;0;0;0;0;0;0;0;0;0;0;0;0;0;0;0;0;0;1;0;1;0;0;0;0;16;42;0;22;0;0;0;0;0;0;0;0;0;0;0;0;0;0
42121;2016-06;0;7;0;0;0;0;0;0;0;0;0;0;0;0;0;0;0;0;0;0;0;0;0;0;0;0;0;0;0;5;19;0;16;0;0;0;0;0;0;0;0;0;0;0;0;0;0
42123;2016-06;0;20;0;0;0;0;0;0;0;0;0;0;0;0;0;0;0;0;0;0;0;0;2;0;0;0;0;0;0;6;63;0;20;0;0;1;0;0;0;0;0;0;0;0;0;0;0
42124;2016-06;0;3;0;0;0;0;0;0;0;0;0;0;0;0;0;0;0;0;0;0;0;0;0;0;0;0;0;0;0;4;26;0;16;0;0;0;0;0;0;0;0;0;0;0;0;0;0
42125;2016-06;0;6;0;0;0;0;0;0;0;0;0;0;0;0;0;0;0;0;0;0;0;0;0;0;0;0;0;0;0;3;25;0;24;0;0;0;0;0;0;0;0;0;0;0;0;0;0
42127;2016-06;0;2;0;0;0;0;0;0;0;0;0;0;0;0;0;0;0;0;0;0;0;0;1;0;0;0;0;0;0;1;21;0;5;0;0;0;0;0;0;0;0;0;0;0;0;0;0
42128;2016-06;0;3;0;0;0;0;0;0;0;0;0;0;0;0;0;0;0;0;0;0;0;0;0;0;0;0;0;0;0;7;21;0;9;0;0;0;0;0;0;0;0;0;0;0;0;0;0
42129;2016-06;0;47;0;0;0;0;0;0;0;0;0;0;0;0;1;0;0;0;0;0;0;0;0;0;0;0;0;0;0;53;231;0;158;0;0;0;0;0;0;0;0;0;0;0;0;2;0
42130;2016-06;0;1;0;0;0;0;0;0;0;0;0;0;0;0;0;0;0;0;0;0;0;0;0;0;0;0;0;0;0;4;36;0;3;0;0;0;0;0;0;0;0;0;0;0;0;0;0
42131;2016-06;0;2;0;0;0;0;0;0;0;0;0;0;0;0;0;0;0;0;0;0;0;0;0;0;0;0;0;0;0;3;22;0;9;0;0;0;0;0;0;0;0;0;0;0;0;0;0
42132;2016-06;0;6;0;0;0;0;0;0;0;0;0;0;0;0;0;0;0;0;0;0;0;0;1;0;0;0;0;0;0;7;69;0;31;0;0;0;0;0;0;0;0;0;0;0;0;0;0
42134;2016-06;0;266;0;0;0;0;0;0;0;0;0;0;0;0;2;0;0;0;0;0;0;0;8;0;0;0;0;0;0;319;757;0;508;0;0;6;0;0;0;0;0;0;0;0;0;5;0
42135;2016-06;0;3;0;0;0;0;0;0;0;0;0;0;0;0;0;0;0;0;0;0;0;0;0;0;0;0;0;0;0;10;24;0;13;0;0;1;0;0;0;0;0;0;0;0;0;0;0
42139;2016-06;0;3;0;0;0;0;0;0;0;0;0;0;0;0;0;0;0;0;0;0;0;0;0;0;0;0;0;0;0;1;10;0;0;0;0;0;0;0;0;0;0;0;0;0;0;0;0
42140;2016-06;0;0;0;0;0;0;0;0;0;0;0;0;0;0;0;0;0;0;0;0;0;0;0;0;0;0;0;0;0;0;12;0;0;0;0;0;0;0;0;0;0;0;0;0;0;0;0
42141;2016-06;0;5;0;0;0;0;0;0;0;0;0;0;0;0;1;0;0;0;0;0;0;0;0;0;0;0;0;0;0;8;43;0;22;0;0;0;0;0;0;0;0;0;0;0;0;0;1
42142;2016-06;0;4;0;0;0;0;0;0;0;0;0;0;0;0;0;0;0;0;0;0;0;0;0;0;0;0;0;0;0;3;22;0;4;0;0;0;0;0;0;0;0;0;0;0;0;1;0
42144;2016-06;0;31;0;0;0;0;0;0;0;0;0;0;0;0;0;0;0;0;0;0;0;0;0;0;0;0;0;0;0;69;146;0;98;0;0;0;0;0;0;0;0;0;0;0;0;1;1
42145;2016-06;0;11;0;0;0;0;0;0;0;0;0;0;0;0;0;0;0;0;0;0;0;0;1;0;0;0;0;0;0;11;52;0;29;0;0;0;0;0;0;0;0;0;0;0;0;1;0
42148;2016-06;0;0;0;0;0;0;0;0;0;0;0;0;0;0;0;0;0;0;0;0;0;0;0;0;0;0;0;0;0;0;8;0;1;0;0;0;0;0;0;0;0;0;0;0;0;0;0
42149;2016-06;0;36;0;0;0;0;0;0;0;0;0;0;0;0;0;0;0;0;0;0;0;0;2;0;0;0;0;0;0;45;116;0;69;0;0;1;0;0;0;0;0;0;0;0;0;2;0
42151;2016-06;0;8;0;0;0;0;0;0;0;0;0;0;0;0;0;0;0;0;0;0;0;0;0;0;0;0;0;0;0;0;11;0;7;0;0;0;0;0;0;0;0;0;0;0;0;0;0
42152;2016-06;0;8;0;0;0;0;0;0;0;0;0;0;0;0;0;0;0;0;0;0;0;0;1;0;0;0;0;0;0;1;40;0;5;0;0;0;0;0;0;0;0;0;0;0;0;0;0
42153;2016-06;0;1;0;0;0;0;0;0;0;0;0;0;0;0;0;0;0;0;0;0;0;0;0;0;0;0;0;0;0;0;9;0;2;0;0;0;0;0;0;0;0;0;0;0;0;0;0
42154;2016-06;0;9;0;0;0;0;0;0;0;0;0;0;0;0;0;0;0;0;0;0;0;0;2;0;0;0;0;0;0;11;25;0;20;0;0;0;0;0;0;0;0;0;0;0;0;1;0
42155;2016-06;0;4;0;0;0;0;0;0;0;0;0;0;0;0;0;0;0;0;0;0;0;0;0;0;0;0;0;0;0;6;77;0;13;0;0;1;0;0;0;0;0;0;0;0;0;0;0
42156;2016-06;0;4;0;0;0;0;0;0;0;0;0;0;0;0;0;0;0;0;0;0;0;0;0;0;0;0;0;0;0;0;8;0;3;0;0;0;0;0;0;0;0;0;0;0;0;0;0
42157;2016-06;0;1;0;0;0;0;0;0;0;0;0;0;0;0;0;0;0;0;0;0;0;0;0;0;0;0;0;0;0;0;9;0;0;0;0;0;0;0;0;0;0;0;0;0;0;0;0
42158;2016-06;0;7;0;0;0;0;0;0;0;0;0;0;0;0;0;0;0;0;0;0;0;0;0;0;0;0;0;0;0;15;34;0;20;0;0;0;0;0;0;0;0;0;0;0;0;0;0
42159;2016-06;0;4;0;0;0;0;0;0;0;0;0;0;0;0;0;0;0;0;0;0;0;0;0;0;0;0;0;0;0;2;17;0;6;0;0;0;0;0;0;0;0;0;0;0;0;0;0
42160;2016-06;0;16;0;0;0;0;0;0;0;0;0;0;0;0;0;0;0;0;0;0;0;0;1;0;2;0;0;0;0;49;80;0;56;0;0;1;0;0;0;0;0;0;0;0;0;0;0
42161;2016-06;0;8;0;0;0;0;0;0;0;0;0;0;0;0;0;0;0;0;0;0;0;0;0;0;0;0;0;0;0;12;68;0;13;0;0;0;0;0;0;0;0;0;0;0;0;0;0
42162;2016-06;0;222;0;0;0;0;0;0;0;0;0;0;0;0;1;0;0;0;0;0;0;0;4;0;1;0;0;0;0;150;907;0;288;0;0;2;0;0;0;0;0;0;0;0;0;7;3
42163;2016-06;0;3;0;0;0;0;0;0;0;0;0;0;0;0;0;0;0;0;0;0;0;0;0;0;0;0;0;0;0;17;11;0;7;0;0;0;0;0;0;0;0;0;0;0;0;0;2
42164;2016-06;0;150;0;0;0;0;0;0;0;0;0;0;0;0;2;0;0;0;0;0;0;0;5;0;0;0;0;0;0;152;530;0;271;0;0;4;0;0;0;0;0;0;0;0;0;1;4
42165;2016-06;0;26;0;0;0;0;0;0;0;0;0;0;0;0;0;0;0;0;0;0;0;0;0;0;1;0;0;0;0;30;121;0;73;0;0;0;0;0;0;0;0;0;0;0;0;0;0
42166;2016-06;0;4;0;0;0;0;0;0;0;0;0;0;0;0;0;0;0;0;0;0;0;0;0;0;0;0;0;0;0;4;30;0;7;0;0;0;0;0;0;0;0;0;0;0;0;0;0
42167;2016-06;0;15;0;0;0;0;0;0;0;0;0;0;0;0;0;0;0;0;0;0;0;0;0;0;0;0;0;0;0;22;90;0;43;0;0;0;0;0;0;0;0;0;0;0;0;0;0
42168;2016-06;0;4;0;0;0;0;0;0;0;0;0;0;0;0;0;0;0;0;0;0;0;0;0;0;0;0;0;0;0;13;40;0;22;0;0;1;0;0;0;0;0;0;0;0;0;0;0
42171;2016-06;0;7;0;0;0;0;0;0;0;0;0;0;0;0;0;0;0;0;0;0;0;0;0;0;0;0;0;0;0;2;57;0;13;0;0;0;0;0;0;0;0;0;0;0;0;0;0
42172;2016-06;0;3;0;0;0;0;0;0;0;0;0;0;0;0;0;0;0;0;0;0;0;0;0;0;0;0;0;0;0;0;21;0;2;0;0;0;0;0;0;0;0;0;0;0;0;0;0
42173;2016-06;0;2469;0;0;0;0;0;0;0;0;0;0;0;0;27;0;0;0;0;0;0;0;123;0;25;0;0;0;0;3728;7369;0;5904;0;0;41;0;0;0;0;0;0;0;0;0;52;36
42174;2016-06;0;16;0;0;0;0;0;0;0;0;0;0;0;0;0;0;0;0;0;0;0;0;1;0;0;0;0;0;0;40;29;0;42;0;0;1;0;0;0;0;0;0;0;0;0;0;1
42175;2016-06;0;1;0;0;0;0;0;0;0;0;0;0;0;0;0;0;0;0;0;0;0;0;0;0;0;0;0;0;0;0;15;0;0;0;0;0;0;0;0;0;0;0;0;0;0;0;0
42176;2016-06;0;2;0;0;0;0;0;0;0;0;0;0;0;0;0;0;0;0;0;0;0;0;0;0;0;0;0;0;0;1;20;0;2;0;0;0;0;0;0;0;0;0;0;0;0;0;0
42177;2016-06;0;5;0;0;0;0;0;0;0;0;0;0;0;0;0;0;0;0;0;0;0;0;0;0;1;0;0;0;0;3;29;0;20;0;0;0;0;0;0;0;0;0;0;0;0;1;0
42178;2016-06;0;4;0;0;0;0;0;0;0;0;0;0;0;0;0;0;0;0;0;0;0;0;0;0;0;0;0;0;0;4;57;0;18;0;0;0;0;0;0;0;0;0;0;0;0;0;0
42181;2016-06;0;24;0;0;0;0;0;0;0;0;0;0;0;0;0;0;0;0;0;0;0;0;0;0;0;0;0;0;0;48;98;0;134;0;0;0;0;0;0;0;0;0;0;0;0;1;0
42182;2016-06;0;2;0;0;0;0;0;0;0;0;0;0;0;0;0;0;0;0;0;0;0;0;0;0;0;0;0;0;0;1;30;0;5;0;0;1;0;0;0;0;0;0;0;0;0;0;1
42183;2016-06;0;2;0;0;0;0;0;0;0;0;0;0;0;0;0;0;0;0;0;0;0;0;0;0;0;0;0;0;0;6;69;0;3;0;0;0;0;0;0;0;0;0;0;0;0;0;0
42184;2016-06;0;6;0;0;0;0;0;0;0;0;0;0;0;0;1;0;0;0;0;0;0;0;1;0;0;0;0;0;0;1;22;0;10;0;0;0;0;0;0;0;0;0;0;0;0;0;2
42185;2016-06;0;1;0;0;0;0;0;0;0;0;0;0;0;0;0;0;0;0;0;0;0;0;0;0;0;0;0;0;0;2;13;0;6;0;0;0;0;0;0;0;0;0;0;0;0;0;0
42187;2016-06;0;3;0;0;0;0;0;0;0;0;0;0;0;0;0;0;0;0;0;0;0;0;0;0;0;0;0;0;0;3;35;0;3;0;0;0;0;0;0;0;0;0;0;0;0;0;0
42188;2016-06;0;5;0;0;0;0;0;0;0;0;0;0;0;0;0;0;0;0;0;0;0;0;0;0;0;0;0;0;0;2;17;0;14;0;0;0;0;0;0;0;0;0;0;0;0;0;0
42189;2016-06;0;7;0;0;0;0;0;0;0;0;0;0;0;0;0;0;0;0;0;0;0;0;0;0;0;0;0;0;0;5;25;0;8;0;0;0;0;0;0;0;0;0;0;0;0;0;0
42190;2016-06;0;8;0;0;0;0;0;0;0;0;0;0;0;0;0;0;0;0;0;0;0;0;0;0;0;0;0;0;0;8;22;0;26;0;0;0;0;0;0;0;0;0;0;0;0;0;0
42191;2016-06;0;17;0;0;0;0;0;0;0;0;0;0;0;0;0;0;0;0;0;0;0;0;0;0;0;0;0;0;0;15;58;0;42;0;0;0;0;0;0;0;0;0;0;0;0;0;1
42192;2016-06;0;4;0;0;0;0;0;0;0;0;0;0;0;0;0;0;0;0;0;0;0;0;0;0;0;0;0;0;0;1;7;0;13;0;0;0;0;0;0;0;0;0;0;0;0;0;0
42193;2016-06;0;1;0;0;0;0;0;0;0;0;0;0;0;0;0;0;0;0;0;0;0;0;0;0;0;0;0;0;0;1;8;0;0;0;0;0;0;0;0;0;0;0;0;0;0;0;0
42194;2016-06;0;9;0;0;0;0;0;0;0;0;0;0;0;0;1;0;0;0;0;0;0;0;0;0;0;0;0;0;0;7;65;0;31;0;0;0;0;0;0;0;0;0;0;0;0;0;0
42195;2016-06;0;5;0;0;0;0;0;0;0;0;0;0;0;0;0;0;0;0;0;0;0;0;0;0;0;0;0;0;0;5;32;0;19;0;0;0;0;0;0;0;0;0;0;0;0;1;0
42196;2016-06;0;0;0;0;0;0;0;0;0;0;0;0;0;0;0;0;0;0;0;0;0;0;0;0;0;0;0;0;0;0;6;0;1;0;0;0;0;0;0;0;0;0;0;0;0;0;0
42197;2016-06;0;2;0;0;0;0;0;0;0;0;0;0;0;0;0;0;0;0;0;0;0;0;0;0;0;0;0;0;0;10;34;0;10;0;0;0;0;0;0;0;0;0;0;0;0;0;0
42198;2016-06;0;2;0;0;0;0;0;0;0;0;0;0;0;0;0;0;0;0;0;0;0;0;0;0;0;0;0;0;0;1;8;0;1;0;0;0;0;0;0;0;0;0;0;0;0;0;0
42200;2016-06;0;7;0;0;0;0;0;0;0;0;0;0;0;0;0;0;0;0;0;0;0;0;0;0;0;0;0;0;0;1;40;0;7;0;0;0;0;0;0;0;0;0;0;0;0;0;1
42201;2016-06;0;0;0;0;0;0;0;0;0;0;0;0;0;0;0;0;0;0;0;0;0;0;0;0;0;0;0;0;0;0;12;0;8;0;0;1;0;0;0;0;0;0;0;0;0;0;0
42202;2016-06;0;1;0;0;0;0;0;0;0;0;0;0;0;0;0;0;0;0;0;0;0;0;0;0;0;0;0;0;0;0;11;0;1;0;0;0;0;0;0;0;0;0;0;0;0;0;0
42204;2016-06;0;5;0;0;0;0;0;0;0;0;0;0;0;0;0;0;0;0;0;0;0;0;0;0;0;0;0;0;0;7;17;0;8;0;0;0;0;0;0;0;0;0;0;0;0;0;0
42205;2016-06;0;8;0;0;0;0;0;0;0;0;0;0;0;0;0;0;0;0;0;0;0;0;0;0;0;0;0;0;0;5;35;0;18;0;0;1;0;0;0;0;0;0;0;0;0;1;1
42206;2016-06;0;1;0;0;0;0;0;0;0;0;0;0;0;0;0;0;0;0;0;0;0;0;0;0;0;0;0;0;0;2;4;0;0;0;0;0;0;0;0;0;0;0;0;0;0;0;0
42207;2016-06;0;3;0;0;0;0;0;0;0;0;0;0;0;0;0;0;0;0;0;0;0;0;0;0;0;0;0;0;0;5;18;0;5;0;0;1;0;0;0;0;0;0;0;0;0;0;0
42208;2016-06;0;1;0;0;0;0;0;0;0;0;0;0;0;0;0;0;0;0;0;0;0;0;0;0;0;0;0;0;0;0;8;0;2;0;0;0;0;0;0;0;0;0;0;0;0;0;0
42209;2016-06;0;2;0;0;0;0;0;0;0;0;0;0;0;0;0;0;0;0;0;0;0;0;1;0;0;0;0;0;0;17;61;0;20;0;0;1;0;0;0;0;0;0;0;0;0;0;0
42211;2016-06;0;11;0;0;0;0;0;0;0;0;0;0;0;0;0;0;0;0;0;0;0;0;0;0;0;0;0;0;0;11;35;0;8;0;0;0;0;0;0;0;0;0;0;0;0;0;0
42212;2016-06;0;6;0;0;0;0;0;0;0;0;0;0;0;0;0;0;0;0;0;0;0;0;0;0;1;0;0;0;0;2;25;0;5;0;0;0;0;0;0;0;0;0;0;0;0;2;1
42213;2016-06;0;2;0;0;0;0;0;0;0;0;0;0;0;0;0;0;0;0;0;0;0;0;0;0;0;0;0;0;0;1;15;0;2;0;0;0;0;0;0;0;0;0;0;0;0;0;0
42215;2016-06;0;49;0;0;0;0;0;0;0;0;0;0;0;0;0;0;0;0;0;0;0;0;2;0;1;0;0;0;0;41;265;0;150;0;0;0;0;0;0;0;0;0;0;0;0;1;4
42216;2016-06;0;0;0;0;0;0;0;0;0;0;0;0;0;0;0;0;0;0;0;0;0;0;1;0;0;0;0;0;0;1;13;0;8;0;0;0;0;0;0;0;0;0;0;0;0;0;0
42217;2016-06;0;3;0;0;0;0;0;0;0;0;0;0;0;0;0;0;0;0;0;0;0;0;0;0;0;0;0;0;0;3;6;0;12;0;0;0;0;0;0;0;0;0;0;0;0;0;0
42218;2016-06;0;7;0;0;0;0;0;0;0;0;0;0;0;0;0;0;0;0;0;0;0;0;0;0;0;0;0;0;0;9;31;0;6;0;0;0;0;0;0;0;0;0;0;0;0;0;2
42219;2016-06;0;4;0;0;0;0;0;0;0;0;0;0;0;0;0;0;0;0;0;0;0;0;0;0;0;0;0;0;0;7;11;0;7;0;0;0;0;0;0;0;0;0;0;0;0;0;1
43001;2016-06;0;28;0;0;0;0;0;0;0;0;102;0;115;0;0;0;0;0;0;0;0;0;2;0;0;0;0;0;0;0;39;0;50;0;0;0;0;0;0;0;99;0;0;0;0;0;0
43002;2016-06;0;143;0;0;0;0;0;0;0;0;271;0;102;0;0;0;0;0;0;0;0;0;25;0;0;0;0;0;0;0;155;0;263;0;0;5;0;0;0;0;157;0;0;0;0;0;0
43003;2016-06;0;15;0;0;0;0;0;0;0;0;65;0;40;0;0;0;0;0;0;0;0;0;0;0;0;0;0;0;0;0;34;0;28;0;0;1;0;0;0;0;31;0;0;0;0;0;0
43004;2016-06;0;237;0;0;0;0;0;0;0;0;860;0;1339;0;0;0;0;0;0;0;0;0;33;0;6;0;0;0;0;0;593;0;478;0;0;3;0;0;0;0;342;0;0;0;0;0;0
43005;2016-06;0;197;0;0;0;0;0;0;0;0;416;0;542;0;0;0;0;0;0;0;0;0;31;0;1;0;0;0;0;0;258;0;319;0;0;4;0;0;0;0;341;0;0;0;0;0;0
43006;2016-06;0;22;0;0;0;0;0;0;0;0;112;0;90;0;0;0;0;0;0;0;0;0;4;0;0;0;0;0;0;0;55;0;90;0;0;0;0;0;0;0;55;0;0;0;0;0;0
43007;2016-06;0;29;0;0;0;0;0;0;0;0;80;0;141;0;0;0;0;0;0;0;0;0;8;0;1;0;0;0;0;0;41;0;25;0;0;0;0;0;0;0;127;0;0;0;0;0;0
43008;2016-06;0;11;0;0;0;0;0;0;0;0;21;0;25;0;0;0;0;0;0;0;0;0;0;0;4;0;0;0;0;0;33;0;44;0;0;1;0;0;0;0;9;0;0;0;0;0;0
43009;2016-06;0;61;0;0;0;0;0;0;0;0;211;0;283;0;0;0;0;0;0;0;0;0;16;0;2;0;0;0;0;0;52;0;113;0;0;2;0;0;0;0;151;0;0;0;0;0;0
43010;2016-06;0;14;0;0;0;0;0;0;0;0;38;0;69;0;0;0;0;0;0;0;0;0;3;0;0;0;0;0;0;0;18;0;28;0;0;2;0;0;0;0;55;0;0;0;0;0;0
43011;2016-06;0;44;0;0;0;0;0;0;0;0;104;0;256;0;0;0;0;0;0;0;0;0;11;0;2;0;0;0;0;0;82;0;50;0;0;0;0;0;0;0;186;0;0;0;0;0;0
43012;2016-06;0;294;0;0;0;0;0;0;0;0;620;0;570;0;0;0;0;0;0;0;0;0;74;0;0;0;0;0;0;0;328;0;265;0;0;7;0;0;0;0;356;0;0;0;0;0;0
43013;2016-06;0;196;0;0;0;0;0;0;0;0;615;0;877;0;0;0;0;0;0;0;0;0;41;0;3;0;0;0;0;0;319;0;252;0;0;7;0;0;0;0;410;0;0;0;0;0;0
43014;2016-06;0;605;0;0;0;0;0;0;0;0;2217;0;2386;0;0;0;0;0;0;0;0;0;66;0;22;0;0;0;0;0;953;0;1291;0;0;16;0;0;0;0;967;0;0;0;0;0;0
43015;2016-06;0;2;0;0;0;0;0;0;0;0;18;0;37;0;0;0;0;0;0;0;0;0;0;0;0;0;0;0;0;0;0;0;1;0;0;0;0;0;0;0;28;0;0;0;0;0;0
43016;2016-06;0;269;0;0;0;0;0;0;0;0;586;0;346;0;0;0;0;0;0;0;0;0;53;0;1;0;0;0;0;0;227;0;534;0;0;7;0;0;0;0;271;0;0;0;0;0;0
43017;2016-06;0;3;0;0;0;0;0;0;0;0;12;0;44;0;0;0;0;0;0;0;0;0;1;0;0;0;0;0;0;0;2;0;6;0;0;0;0;0;0;0;32;0;0;0;0;0;0
43018;2016-06;0;5;0;0;0;0;0;0;0;0;32;0;88;0;0;0;0;0;0;0;0;0;3;0;0;0;0;0;0;0;13;0;10;0;0;0;0;0;0;0;166;0;0;0;0;0;0
43019;2016-06;0;58;0;0;0;0;0;0;0;0;173;0;203;0;0;0;0;0;0;0;0;0;12;0;1;0;0;0;0;0;117;0;109;0;0;0;0;0;0;0;161;0;0;0;0;0;0
43020;2016-06;0;230;0;0;0;0;0;0;0;0;370;0;199;0;0;0;0;0;0;0;0;0;33;0;5;0;0;0;0;0;150;0;297;0;0;9;0;0;0;0;195;0;0;0;0;0;0
43021;2016-06;0;18;0;0;0;0;0;0;0;0;39;0;67;0;0;0;0;0;0;0;0;0;5;0;0;0;0;0;0;0;13;0;18;0;0;2;0;0;0;0;63;0;0;0;0;0;0
43022;2016-06;0;56;0;0;0;0;0;0;0;0;139;0;196;0;0;0;0;0;0;0;0;0;2;0;0;0;0;0;0;0;217;0;140;0;0;0;0;0;0;0;125;0;0;0;0;0;0
43023;2016-06;0;9;0;0;0;0;0;0;0;0;34;0;50;0;0;0;0;0;0;0;0;0;1;0;0;0;0;0;0;0;8;0;40;0;0;0;0;0;0;0;27;0;0;0;0;0;0
43024;2016-06;0;128;0;0;0;0;0;0;0;0;238;0;141;0;0;0;0;0;0;0;0;0;22;0;0;0;0;0;0;0;169;0;167;0;0;0;0;0;0;0;110;0;0;0;0;0;0
43025;2016-06;0;20;0;0;0;0;0;0;0;0;74;0;97;0;0;0;0;0;0;0;0;0;2;0;0;0;0;0;0;0;56;0;105;0;0;0;0;0;0;0;48;0;0;0;0;0;0
43026;2016-06;0;20;0;0;0;0;0;0;0;0;50;0;221;0;0;0;0;0;0;0;0;0;6;0;0;0;0;0;0;0;51;0;45;0;0;0;0;0;0;0;121;0;0;0;0;0;0
43027;2016-06;0;2;0;0;0;0;0;0;0;0;10;0;27;0;0;0;0;0;0;0;0;0;3;0;0;0;0;0;0;0;7;0;2;0;0;1;0;0;0;0;49;0;0;0;0;0;0
43028;2016-06;0;166;0;0;0;0;0;0;0;0;500;0;211;0;0;0;0;0;0;0;0;0;29;0;8;0;0;0;0;0;188;0;266;0;0;6;0;0;0;0;259;0;0;0;0;0;0
43029;2016-06;0;1;0;0;0;0;0;0;0;0;29;0;121;0;0;0;0;0;0;0;0;0;3;0;1;0;0;0;0;0;8;0;4;0;0;0;0;0;0;0;41;0;0;0;0;0;0
43030;2016-06;0;25;0;0;0;0;0;0;0;0;73;0;63;0;0;0;0;0;0;0;0;0;5;0;0;0;0;0;0;0;29;0;25;0;0;0;0;0;0;0;62;0;0;0;0;0;0
43031;2016-06;0;68;0;0;0;0;0;0;0;0;145;0;293;0;0;0;0;0;0;0;0;0;7;0;2;0;0;0;0;0;77;0;121;0;0;5;0;0;0;0;281;0;0;0;0;0;0
43032;2016-06;0;14;0;0;0;0;0;0;0;0;49;0;74;0;0;0;0;0;0;0;0;0;1;0;0;0;0;0;0;0;30;0;68;0;0;0;0;0;0;0;88;0;0;0;0;0;0
43033;2016-06;0;28;0;0;0;0;0;0;0;0;115;0;157;0;0;0;0;0;0;0;0;0;17;0;0;0;0;0;0;0;54;0;56;0;0;2;0;0;0;0;97;0;0;0;0;0;0
43034;2016-06;0;16;0;0;0;0;0;0;0;0;45;0;99;0;0;0;0;0;0;0;0;0;5;0;0;0;0;0;0;0;49;0;41;0;0;0;0;0;0;0;78;0;0;0;0;0;0
43035;2016-06;0;4;0;0;0;0;0;0;0;0;17;0;43;0;0;0;0;0;0;0;0;0;6;0;0;0;0;0;0;0;24;0;8;0;0;0;0;0;0;0;51;0;0;0;0;0;0
43036;2016-06;0;31;0;0;0;0;0;0;0;0;137;0;103;0;0;0;0;0;0;0;0;0;7;0;0;0;0;0;0;0;58;0;60;0;0;2;0;0;0;0;83;0;0;0;0;0;0
43037;2016-06;0;1424;0;0;0;0;0;0;0;0;2835;0;1305;0;0;0;0;0;0;0;0;0;222;0;9;0;0;0;0;0;1691;0;1785;0;0;27;0;0;0;0;896;0;0;0;0;0;0
43038;2016-06;0;2015;0;0;0;0;0;0;0;0;2581;0;2136;0;0;0;0;0;0;0;0;0;228;0;10;0;0;0;0;0;2454;0;1814;0;0;23;0;0;0;0;1571;0;0;0;0;0;0
43039;2016-06;0;2;0;0;0;0;0;0;0;0;5;0;34;0;0;0;0;0;0;0;0;0;0;0;0;0;0;0;0;0;6;0;3;0;0;0;0;0;0;0;16;0;0;0;0;0;0
43040;2016-06;0;5;0;0;0;0;0;0;0;0;37;0;105;0;0;0;0;0;0;0;0;0;1;0;0;0;0;0;0;0;20;0;15;0;0;0;0;0;0;0;67;0;0;0;0;0;0
43041;2016-06;0;10;0;0;0;0;0;0;0;0;26;0;32;0;0;0;0;0;0;0;0;0;2;0;0;0;0;0;0;0;43;0;18;0;0;0;0;0;0;0;20;0;0;0;0;0;0
43042;2016-06;0;150;0;0;0;0;0;0;0;0;220;0;424;0;0;0;0;0;0;0;0;0;23;0;1;0;0;0;0;0;195;0;120;0;0;4;0;0;0;0;288;0;0;0;0;0;0
43043;2016-06;0;263;0;0;0;0;0;0;0;0;540;0;401;0;0;0;0;0;0;0;0;0;39;0;0;0;0;0;0;0;253;0;308;0;0;5;0;0;0;0;209;0;0;0;0;0;0
43044;2016-06;0;280;0;0;0;0;0;0;0;0;673;0;413;0;0;0;0;0;0;0;0;0;20;0;6;0;0;0;0;0;537;0;473;0;0;6;0;0;0;0;199;0;0;0;0;0;0
43045;2016-06;0;1;0;0;0;0;0;0;0;0;9;0;49;0;0;0;0;0;0;0;0;0;0;0;0;0;0;0;0;0;1;0;10;0;0;0;0;0;0;0;38;0;0;0;0;0;0
43046;2016-06;0;1;0;0;0;0;0;0;0;0;11;0;25;0;0;0;0;0;0;0;0;0;0;0;0;0;0;0;0;0;6;0;4;0;0;0;0;0;0;0;17;0;0;0;0;0;0
43047;2016-06;0;303;0;0;0;0;0;0;0;0;438;0;334;0;0;0;0;0;0;0;0;0;48;0;4;0;0;0;0;0;418;0;559;0;0;7;0;0;0;0;203;0;0;0;0;0;0
43048;2016-06;0;15;0;0;0;0;0;0;0;0;117;0;106;0;0;0;0;0;0;0;0;0;6;0;0;0;0;0;0;0;118;0;54;0;0;3;0;0;0;0;86;0;0;0;0;0;0
43049;2016-06;0;12;0;0;0;0;0;0;0;0;61;0;202;0;0;0;0;0;0;0;0;0;6;0;1;0;0;0;0;0;22;0;26;0;0;2;0;0;0;0;125;0;0;0;0;0;0
43050;2016-06;0;168;0;0;0;0;0;0;0;0;416;0;191;0;0;0;0;0;0;0;0;0;28;0;0;0;0;0;0;0;262;0;272;0;0;2;0;0;0;0;145;0;0;0;0;0;0
43051;2016-06;0;800;0;0;0;0;0;0;0;0;1617;0;447;0;0;0;0;0;0;0;0;0;112;0;4;0;0;0;0;0;986;0;1064;0;0;10;0;0;0;0;294;0;0;0;0;0;0
43052;2016-06;0;35;0;0;0;0;0;0;0;0;147;0;196;0;0;0;0;0;0;0;0;0;10;0;0;0;0;0;0;0;53;0;67;0;0;0;0;0;0;0;101;0;0;0;0;0;0
43053;2016-06;0;1;0;0;0;0;0;0;0;0;44;0;42;0;0;0;0;0;0;0;0;0;0;0;0;0;0;0;0;0;9;0;13;0;0;1;0;0;0;0;30;0;0;0;0;0;0
43054;2016-06;0;96;0;0;0;0;0;0;0;0;223;0;607;0;0;0;0;0;0;0;0;0;21;0;5;0;0;0;0;0;143;0;170;0;0;3;0;0;0;0;455;0;0;0;0;0;0
43055;2016-06;0;48;0;0;0;0;0;0;0;0;203;0;517;0;0;0;0;0;0;0;0;0;18;0;0;0;0;0;0;0;88;0;149;0;0;2;0;0;0;0;333;0;0;0;0;0;0
43056;2016-06;0;14;0;0;0;0;0;0;0;0;68;0;209;0;0;0;0;0;0;0;0;0;0;0;1;0;0;0;0;0;66;0;27;0;0;0;0;0;0;0;80;0;0;0;0;0;0
43057;2016-06;0;0;0;0;0;0;0;0;0;0;4;0;9;0;0;0;0;0;0;0;0;0;1;0;0;0;0;0;0;0;1;0;2;0;0;0;0;0;0;0;7;0;0;0;0;0;0
43058;2016-06;0;1;0;0;0;0;0;0;0;0;7;0;28;0;0;0;0;0;0;0;0;0;0;0;0;0;0;0;0;0;2;0;2;0;0;0;0;0;0;0;23;0;0;0;0;0;0
43059;2016-06;0;6;0;0;0;0;0;0;0;0;19;0;70;0;0;0;0;0;0;0;0;0;1;0;1;0;0;0;0;0;5;0;11;0;0;0;0;0;0;0;73;0;0;0;0;0;0
43060;2016-06;0;71;0;0;0;0;0;0;0;0;371;0;638;0;0;0;0;0;0;0;0;0;15;0;3;0;0;0;0;0;176;0;271;0;0;1;0;0;0;0;368;0;0;0;0;0;0
43061;2016-06;0;0;0;0;0;0;0;0;0;0;3;0;6;0;0;0;0;0;0;0;0;0;0;0;0;0;0;0;0;0;2;0;3;0;0;0;0;0;0;0;15;0;0;0;0;0;0
43062;2016-06;0;17;0;0;0;0;0;0;0;0;39;0;30;0;0;0;0;0;0;0;0;0;5;0;0;0;0;0;0;0;39;0;32;0;0;0;0;0;0;0;51;0;0;0;0;0;0
43063;2016-06;0;4;0;0;0;0;0;0;0;0;69;0;63;0;0;0;0;0;0;0;0;0;2;0;0;0;0;0;0;0;77;0;34;0;0;0;0;0;0;0;91;0;0;0;0;0;0
43064;2016-06;0;78;0;0;0;0;0;0;0;0;195;0;354;0;0;0;0;0;0;0;0;0;6;0;0;0;0;0;0;0;165;0;129;0;0;1;0;0;0;0;345;0;0;0;0;0;0
43065;2016-06;0;7;0;0;0;0;0;0;0;0;27;0;89;0;0;0;0;0;0;0;0;0;1;0;0;0;0;0;0;0;20;0;32;0;0;0;0;0;0;0;72;0;0;0;0;0;0
43066;2016-06;0;9;0;0;0;0;0;0;0;0;23;0;20;0;0;0;0;0;0;0;0;0;2;0;1;0;0;0;0;0;11;0;9;0;0;2;0;0;0;0;16;0;0;0;0;0;0
43067;2016-06;0;5;0;0;0;0;0;0;0;0;47;0;167;0;0;0;0;0;0;0;0;0;6;0;0;0;0;0;0;0;27;0;48;0;0;0;0;0;0;0;91;0;0;0;0;0;0
43068;2016-06;0;15;0;0;0;0;0;0;0;0;37;0;71;0;0;0;0;0;0;0;0;0;1;0;0;0;0;0;0;0;73;0;97;0;0;0;0;0;0;0;25;0;0;0;0;0;0
43069;2016-06;0;12;0;0;0;0;0;0;0;0;24;0;36;0;0;0;0;0;0;0;0;0;2;0;0;0;0;0;0;0;14;0;20;0;0;0;0;0;0;0;25;0;0;0;0;0;0
43070;2016-06;0;6;0;0;0;0;0;0;0;0;33;0;79;0;0;0;0;0;0;0;0;0;5;0;0;0;0;0;0;0;14;0;18;0;0;1;0;0;0;0;34;0;0;0;0;0;0
43071;2016-06;0;27;0;0;0;0;0;0;0;0;94;0;135;0;0;0;0;0;0;0;0;0;2;0;1;0;0;0;0;0;100;0;48;0;0;0;0;0;0;0;194;0;0;0;0;0;0
43072;2016-06;0;2;0;0;0;0;0;0;0;0;8;0;28;0;0;0;0;0;0;0;0;0;0;0;0;0;0;0;0;0;15;0;3;0;0;0;0;0;0;0;16;0;0;0;0;0;0
43073;2016-06;0;4;0;0;0;0;0;0;0;0;11;0;18;0;0;0;0;0;0;0;0;0;3;0;0;0;0;0;0;0;1;0;1;0;0;1;0;0;0;0;19;0;0;0;0;0;0
43074;2016-06;0;83;0;0;0;0;0;0;0;0;232;0;360;0;0;0;0;0;0;0;0;0;13;0;2;0;0;0;0;0;82;0;101;0;0;1;0;0;0;0;274;0;0;0;0;0;0
43075;2016-06;0;5;0;0;0;0;0;0;0;0;9;0;17;0;0;0;0;0;0;0;0;0;0;0;0;0;0;0;0;0;2;0;4;0;0;0;0;0;0;0;22;0;0;0;0;0;0
43076;2016-06;0;12;0;0;0;0;0;0;0;0;59;0;143;0;0;0;0;0;0;0;0;0;0;0;0;0;0;0;0;0;8;0;21;0;0;1;0;0;0;0;55;0;0;0;0;0;0
43077;2016-06;0;23;0;0;0;0;0;0;0;0;26;0;36;0;0;0;0;0;0;0;0;0;3;0;0;0;0;0;0;0;61;0;102;0;0;0;0;0;0;0;16;0;0;0;0;0;0
43078;2016-06;0;46;0;0;0;0;0;0;0;0;68;0;136;0;0;0;0;0;0;0;0;0;3;0;1;0;0;0;0;0;72;0;65;0;0;0;0;0;0;0;132;0;0;0;0;0;0
43079;2016-06;0;4;0;0;0;0;0;0;0;0;50;0;69;0;0;0;0;0;0;0;0;0;4;0;0;0;0;0;0;0;15;0;23;0;0;0;0;0;0;0;83;0;0;0;0;0;0
43080;2016-06;0;12;0;0;0;0;0;0;0;0;14;0;66;0;0;0;0;0;0;0;0;0;4;0;0;0;0;0;0;0;17;0;13;0;0;0;0;0;0;0;55;0;0;0;0;0;0
43081;2016-06;0;24;0;0;0;0;0;0;0;0;96;0;112;0;0;0;0;0;0;0;0;0;10;0;0;0;0;0;0;0;26;0;24;0;0;0;0;0;0;0;100;0;0;0;0;0;0
43082;2016-06;0;5;0;0;0;0;0;0;0;0;34;0;88;0;0;0;0;0;0;0;0;0;3;0;0;0;0;0;0;0;23;0;32;0;0;0;0;0;0;0;96;0;0;0;0;0;0
43083;2016-06;0;12;0;0;0;0;0;0;0;0;17;0;16;0;0;0;0;0;0;0;0;0;3;0;1;0;0;0;0;0;21;0;6;0;0;0;0;0;0;0;32;0;0;0;0;0;0
43084;2016-06;0;7;0;0;0;0;0;0;0;0;71;0;142;0;0;0;0;0;0;0;0;0;6;0;1;0;0;0;0;0;25;0;42;0;0;2;0;0;0;0;55;0;0;0;0;0;0
43085;2016-06;0;5;0;0;0;0;0;0;0;0;35;0;58;0;0;0;0;0;0;0;0;0;2;0;0;0;0;0;0;0;12;0;29;0;0;0;0;0;0;0;38;0;0;0;0;0;0
43086;2016-06;0;182;0;0;0;0;0;0;0;0;625;0;1110;0;0;0;0;0;0;0;0;0;58;0;4;0;0;0;0;0;234;0;401;0;0;11;0;0;0;0;582;0;0;0;0;0;0
43088;2016-06;0;100;0;0;0;0;0;0;0;0;237;0;425;0;0;0;0;0;0;0;0;0;23;0;0;0;0;0;0;0;157;0;75;0;0;3;0;0;0;0;228;0;0;0;0;0;0
43089;2016-06;0;22;0;0;0;0;0;0;0;0;57;0;20;0;0;0;0;0;0;0;0;0;4;0;0;0;0;0;0;0;17;0;28;0;0;2;0;0;0;0;36;0;0;0;0;0;0
43090;2016-06;0;62;0;0;0;0;0;0;0;0;170;0;41;0;0;0;0;0;0;0;0;0;9;0;3;0;0;0;0;0;94;0;145;0;0;1;0;0;0;0;27;0;0;0;0;0;0
43091;2016-06;0;2;0;0;0;0;0;0;0;0;32;0;26;0;0;0;0;0;0;0;0;0;2;0;0;0;0;0;0;0;2;0;2;0;0;0;0;0;0;0;20;0;0;0;0;0;0
43092;2016-06;0;592;0;0;0;0;0;0;0;0;810;0;649;0;0;0;0;0;0;0;0;0;67;0;5;0;0;0;0;0;800;0;684;0;0;9;0;0;0;0;530;0;0;0;0;0;0
43093;2016-06;0;169;0;0;0;0;0;0;0;0;441;0;567;0;0;0;0;0;0;0;0;0;31;0;6;0;0;0;0;0;281;0;390;0;0;6;0;0;0;0;496;0;0;0;0;0;0
43094;2016-06;0;68;0;0;0;0;0;0;0;0;254;0;411;0;0;0;0;0;0;0;0;0;13;0;1;0;0;0;0;0;127;0;196;0;0;3;0;0;0;0;289;0;0;0;0;0;0
43095;2016-06;0;199;0;0;0;0;0;0;0;0;300;0;330;0;0;0;0;0;0;0;0;0;37;0;5;0;0;0;0;0;187;0;208;0;0;8;0;0;0;0;260;0;0;0;0;0;0
43096;2016-06;0;1;0;0;0;0;0;0;0;0;13;0;26;0;0;0;0;0;0;0;0;0;3;0;1;0;0;0;0;0;2;0;9;0;0;0;0;0;0;0;24;0;0;0;0;0;0
43097;2016-06;0;22;0;0;0;0;0;0;0;0;50;0;77;0;0;0;0;0;0;0;0;0;4;0;0;0;0;0;0;0;18;0;33;0;0;1;0;0;0;0;83;0;0;0;0;0;0
43098;2016-06;0;21;0;0;0;0;0;0;0;0;38;0;64;0;0;0;0;0;0;0;0;0;4;0;0;0;0;0;0;0;18;0;15;0;0;0;0;0;0;0;68;0;0;0;0;0;0
43099;2016-06;0;11;0;0;0;0;0;0;0;0;28;0;46;0;0;0;0;0;0;0;0;0;1;0;0;0;0;0;0;0;10;0;21;0;0;0;0;0;0;0;105;0;0;0;0;0;0
43100;2016-06;0;306;0;0;0;0;0;0;0;0;613;0;350;0;0;0;0;0;0;0;0;0;53;0;6;0;0;0;0;0;289;0;331;0;0;7;0;0;0;0;193;0;0;0;0;0;0
43101;2016-06;0;0;0;0;0;0;0;0;0;0;17;0;37;0;0;0;0;0;0;0;0;0;0;0;0;0;0;0;0;0;7;0;5;0;0;0;0;0;0;0;33;0;0;0;0;0;0
43102;2016-06;0;12;0;0;0;0;0;0;0;0;44;0;112;0;0;0;0;0;0;0;0;0;4;0;0;0;0;0;0;0;22;0;71;0;0;0;0;0;0;0;56;0;0;0;0;0;0
43103;2016-06;0;82;0;0;0;0;0;0;0;0;143;0;91;0;0;0;0;0;0;0;0;0;7;0;2;0;0;0;0;0;69;0;78;0;0;0;0;0;0;0;69;0;0;0;0;0;0
43104;2016-06;0;27;0;0;0;0;0;0;0;0;179;0;490;0;0;0;0;0;0;0;0;0;7;0;1;0;0;0;0;0;62;0;153;0;0;0;0;0;0;0;213;0;0;0;0;0;0
43105;2016-06;0;1;0;0;0;0;0;0;0;0;21;0;55;0;0;0;0;0;0;0;0;0;1;0;0;0;0;0;0;0;7;0;10;0;0;0;0;0;0;0;25;0;0;0;0;0;0
43106;2016-06;0;17;0;0;0;0;0;0;0;0;122;0;143;0;0;0;0;0;0;0;0;0;1;0;0;0;0;0;0;0;73;0;66;0;0;0;0;0;0;0;93;0;0;0;0;0;0
43107;2016-06;0;16;0;0;0;0;0;0;0;0;50;0;96;0;0;0;0;0;0;0;0;0;3;0;0;0;0;0;0;0;9;0;18;0;0;0;0;0;0;0;38;0;0;0;0;0;0
43108;2016-06;0;75;0;0;0;0;0;0;0;0;206;0;326;0;0;0;0;0;0;0;0;0;17;0;2;0;0;0;0;0;124;0;119;0;0;3;0;0;0;0;274;0;0;0;0;0;0
43109;2016-06;0;272;0;0;0;0;0;0;0;0;353;0;142;0;0;0;0;0;0;0;0;0;35;0;5;0;0;0;0;0;238;0;231;0;0;5;0;0;0;0;174;0;0;0;0;0;0
43110;2016-06;0;17;0;0;0;0;0;0;0;0;23;0;42;0;0;0;0;0;0;0;0;0;0;0;1;0;0;0;0;0;16;0;22;0;0;0;0;0;0;0;48;0;0;0;0;0;0
43111;2016-06;0;160;0;0;0;0;0;0;0;0;356;0;213;0;0;0;0;0;0;0;0;0;32;0;3;0;0;0;0;0;198;0;192;0;0;3;0;0;0;0;109;0;0;0;0;0;0
43112;2016-06;0;2;0;0;0;0;0;0;0;0;36;0;65;0;0;0;0;0;0;0;0;0;0;0;0;0;0;0;0;0;5;0;14;0;0;2;0;0;0;0;50;0;0;0;0;0;0
43113;2016-06;0;12;0;0;0;0;0;0;0;0;48;0;57;0;0;0;0;0;0;0;0;0;2;0;0;0;0;0;0;0;30;0;27;0;0;1;0;0;0;0;96;0;0;0;0;0;0
43114;2016-06;0;0;0;0;0;0;0;0;0;0;74;0;119;0;0;0;0;0;0;0;0;0;1;0;0;0;0;0;0;0;6;0;19;0;0;0;0;0;0;0;47;0;0;0;0;0;0
43115;2016-06;0;1;0;0;0;0;0;0;0;0;12;0;23;0;0;0;0;0;0;0;0;0;0;0;0;0;0;0;0;0;2;0;11;0;0;1;0;0;0;0;46;0;0;0;0;0;0
43116;2016-06;0;9;0;0;0;0;0;0;0;0;53;0;113;0;0;0;0;0;0;0;0;0;4;0;0;0;0;0;0;0;12;0;35;0;0;0;0;0;0;0;86;0;0;0;0;0;0
43117;2016-06;0;6;0;0;0;0;0;0;0;0;21;0;20;0;0;0;0;0;0;0;0;0;0;0;0;0;0;0;0;0;15;0;12;0;0;0;0;0;0;0;31;0;0;0;0;0;0
43118;2016-06;0;14;0;0;0;0;0;0;0;0;42;0;122;0;0;0;0;0;0;0;0;0;3;0;0;0;0;0;0;0;25;0;27;0;0;0;0;0;0;0;70;0;0;0;0;0;0
43119;2016-06;0;60;0;0;0;0;0;0;0;0;106;0;100;0;0;0;0;0;0;0;0;0;16;0;1;0;0;0;0;0;59;0;53;0;0;2;0;0;0;0;63;0;0;0;0;0;0
43120;2016-06;0;20;0;0;0;0;0;0;0;0;88;0;38;0;0;0;0;0;0;0;0;0;3;0;0;0;0;0;0;0;46;0;46;0;0;0;0;0;0;0;25;0;0;0;0;0;0
43121;2016-06;0;3;0;0;0;0;0;0;0;0;86;0;155;0;0;0;0;0;0;0;0;0;2;0;1;0;0;0;0;0;18;0;22;0;0;0;0;0;0;0;60;0;0;0;0;0;0
43122;2016-06;0;4;0;0;0;0;0;0;0;0;28;0;17;0;0;0;0;0;0;0;0;0;1;0;0;0;0;0;0;0;4;0;7;0;0;0;0;0;0;0;12;0;0;0;0;0;0
43123;2016-06;0;5716;0;0;0;0;0;0;0;0;8402;0;7911;0;0;0;0;0;0;0;0;0;895;0;53;0;0;0;0;0;6982;0;7284;0;0;128;0;0;0;0;5959;0;0;0;0;0;0
43124;2016-06;0;18;0;0;0;0;0;0;0;0;58;0;72;0;0;0;0;0;0;0;0;0;5;0;0;0;0;0;0;0;27;0;37;0;0;1;0;0;0;0;87;0;0;0;0;0;0
43125;2016-06;0;24;0;0;0;0;0;0;0;0;192;0;140;0;0;0;0;0;0;0;0;0;6;0;3;0;0;0;0;0;83;0;108;0;0;4;0;0;0;0;103;0;0;0;0;0;0
43126;2016-06;0;78;0;0;0;0;0;0;0;0;154;0;208;0;0;0;0;0;0;0;0;0;13;0;0;0;0;0;0;0;89;0;74;0;0;2;0;0;0;0;150;0;0;0;0;0;0
43127;2016-06;0;37;0;0;0;0;0;0;0;0;79;0;184;0;0;0;0;0;0;0;0;0;5;0;0;0;0;0;0;0;50;0;20;0;0;2;0;0;0;0;148;0;0;0;0;0;0
43128;2016-06;0;38;0;0;0;0;0;0;0;0;125;0;134;0;0;0;0;0;0;0;0;0;13;0;0;0;0;0;0;0;39;0;113;0;0;0;0;0;0;0;110;0;0;0;0;0;0
43129;2016-06;0;256;0;0;0;0;0;0;0;0;374;0;625;0;0;0;0;0;0;0;0;0;47;0;4;0;0;0;0;0;337;0;308;0;0;6;0;0;0;0;825;0;0;0;0;0;0
43130;2016-06;0;3;0;0;0;0;0;0;0;0;9;0;49;0;0;0;0;0;0;0;0;0;2;0;2;0;0;0;0;0;14;0;17;0;0;1;0;0;0;0;29;0;0;0;0;0;0
43131;2016-06;0;465;0;0;0;0;0;0;0;0;687;0;293;0;0;0;0;0;0;0;0;0;41;0;1;0;0;0;0;0;557;0;565;0;0;12;0;0;0;0;274;0;0;0;0;0;0
43132;2016-06;0;19;0;0;0;0;0;0;0;0;32;0;91;0;0;0;0;0;0;0;0;0;3;0;0;0;0;0;0;0;17;0;22;0;0;0;0;0;0;0;73;0;0;0;0;0;0
43133;2016-06;0;304;0;0;0;0;0;0;0;0;902;0;787;0;0;0;0;0;0;0;0;0;34;0;7;0;0;0;0;0;441;0;514;0;0;11;0;0;0;0;329;0;0;0;0;0;0
43134;2016-06;0;16;0;0;0;0;0;0;0;0;55;0;36;0;0;0;0;0;0;0;0;0;5;0;1;0;0;0;0;0;19;0;23;0;0;0;0;0;0;0;32;0;0;0;0;0;0
43135;2016-06;0;11;0;0;0;0;0;0;0;0;31;0;61;0;0;0;0;0;0;0;0;0;1;0;0;0;0;0;0;0;21;0;12;0;0;0;0;0;0;0;96;0;0;0;0;0;0
43136;2016-06;0;379;0;0;0;0;0;0;0;0;1612;0;1772;0;0;0;0;0;0;0;0;0;32;0;9;0;0;0;0;0;672;0;904;0;0;12;0;0;0;0;763;0;0;0;0;0;0
43137;2016-06;0;134;0;0;0;0;0;0;0;0;307;0;276;0;0;0;0;0;0;0;0;0;20;0;0;0;0;0;0;0;134;0;177;0;0;3;0;0;0;0;180;0;0;0;0;0;0
43138;2016-06;0;136;0;0;0;0;0;0;0;0;362;0;240;0;0;0;0;0;0;0;0;0;14;0;3;0;0;0;0;0;295;0;216;0;0;2;0;0;0;0;280;0;0;0;0;0;0
43139;2016-06;0;46;0;0;0;0;0;0;0;0;139;0;387;0;0;0;0;0;0;0;0;0;12;0;0;0;0;0;0;0;98;0;80;0;0;0;0;0;0;0;421;0;0;0;0;0;0
43140;2016-06;0;213;0;0;0;0;0;0;0;0;398;0;215;0;0;0;0;0;0;0;0;0;23;0;2;0;0;0;0;0;223;0;321;0;0;5;0;0;0;0;128;0;0;0;0;0;0
43141;2016-06;0;2;0;0;0;0;0;0;0;0;11;0;22;0;0;0;0;0;0;0;0;0;1;0;0;0;0;0;0;0;9;0;9;0;0;0;0;0;0;0;13;0;0;0;0;0;0
43142;2016-06;0;52;0;0;0;0;0;0;0;0;122;0;205;0;0;0;0;0;0;0;0;0;7;0;1;0;0;0;0;0;55;0;59;0;0;0;0;0;0;0;182;0;0;0;0;0;0
43143;2016-06;0;1;0;0;0;0;0;0;0;0;8;0;9;0;0;0;0;0;0;0;0;0;0;0;0;0;0;0;0;0;0;0;7;0;0;0;0;0;0;0;19;0;0;0;0;0;0
43144;2016-06;0;98;0;0;0;0;0;0;0;0;176;0;245;0;0;0;0;0;0;0;0;0;29;0;2;0;0;0;0;0;93;0;71;0;0;2;0;0;0;0;114;0;0;0;0;0;0
43145;2016-06;0;223;0;0;0;0;0;0;0;0;497;0;668;0;0;0;0;0;0;0;0;0;39;0;4;0;0;0;0;0;246;0;481;0;0;6;0;0;0;0;577;0;0;0;0;0;0
43146;2016-06;0;1;0;0;0;0;0;0;0;0;2;0;16;0;0;0;0;0;0;0;0;0;0;0;0;0;0;0;0;0;1;0;2;0;0;0;0;0;0;0;6;0;0;0;0;0;0
43147;2016-06;0;4;0;0;0;0;0;0;0;0;46;0;139;0;0;0;0;0;0;0;0;0;2;0;0;0;0;0;0;0;36;0;21;0;0;0;0;0;0;0;121;0;0;0;0;0;0
43148;2016-06;0;8709;0;0;0;0;0;0;0;0;13237;0;8596;0;0;0;0;0;0;0;0;0;1086;0;72;0;0;0;0;0;10874;0;10139;0;0;188;0;0;0;0;5468;0;0;0;0;0;0
43149;2016-06;0;26;0;0;0;0;0;0;0;0;53;0;93;0;0;0;0;0;0;0;0;0;8;0;0;0;0;0;0;0;56;0;115;0;0;0;0;0;0;0;84;0;0;0;0;0;0
43150;2016-06;0;28;0;0;0;0;0;0;0;0;187;0;277;0;0;0;0;0;0;0;0;0;12;0;2;0;0;0;0;0;123;0;61;0;0;0;0;0;0;0;227;0;0;0;0;0;0
43151;2016-06;0;1;0;0;0;0;0;0;0;0;13;0;47;0;0;0;0;0;0;0;0;0;3;0;1;0;0;0;0;0;9;0;2;0;0;0;0;0;0;0;13;0;0;0;0;0;0
43152;2016-06;0;5;0;0;0;0;0;0;0;0;42;0;98;0;0;0;0;0;0;0;0;0;4;0;0;0;0;0;0;0;13;0;50;0;0;0;0;0;0;0;106;0;0;0;0;0;0
43153;2016-06;0;805;0;0;0;0;0;0;0;0;1551;0;1347;0;0;0;0;0;0;0;0;0;97;0;7;0;0;0;0;0;991;0;1053;0;0;13;0;0;0;0;712;0;0;0;0;0;0
43154;2016-06;0;3;0;0;0;0;0;0;0;0;12;0;52;0;0;0;0;0;0;0;0;0;0;0;1;0;0;0;0;0;5;0;8;0;0;0;0;0;0;0;19;0;0;0;0;0;0
43155;2016-06;0;1119;0;0;0;0;0;0;0;0;3437;0;2867;0;0;0;0;0;0;0;0;0;150;0;13;0;0;0;0;0;1854;0;2070;0;0;31;0;0;0;0;2388;0;0;0;0;0;0
43156;2016-06;0;169;0;0;0;0;0;0;0;0;582;0;505;0;0;0;0;0;0;0;0;0;24;0;3;0;0;0;0;0;461;0;366;0;0;11;0;0;0;0;321;0;0;0;0;0;0
43157;2016-06;0;2;0;0;0;0;0;0;0;0;39;0;101;0;0;0;0;0;0;0;0;0;1;0;0;0;0;0;0;0;25;0;20;0;0;0;0;0;0;0;71;0;0;0;0;0;0
43158;2016-06;0;0;0;0;0;0;0;0;0;0;11;0;16;0;0;0;0;0;0;0;0;0;0;0;0;0;0;0;0;0;4;0;0;0;0;0;0;0;0;0;20;0;0;0;0;0;0
43159;2016-06;0;2;0;0;0;0;0;0;0;0;2;0;17;0;0;0;0;0;0;0;0;0;0;0;0;0;0;0;0;0;2;0;7;0;0;0;0;0;0;0;29;0;0;0;0;0;0
43160;2016-06;0;92;0;0;0;0;0;0;0;0;181;0;169;0;0;0;0;0;0;0;0;0;18;0;1;0;0;0;0;0;109;0;145;0;0;1;0;0;0;0;102;0;0;0;0;0;0
43161;2016-06;0;782;0;0;0;0;0;0;0;0;1853;0;2733;0;0;0;0;0;0;0;0;0;167;0;11;0;0;0;0;0;1152;0;1457;0;0;23;0;0;0;0;2127;0;0;0;0;0;0
43162;2016-06;0;439;0;0;0;0;0;0;0;0;574;0;551;0;0;0;0;0;0;0;0;0;36;0;2;0;0;0;0;0;438;0;464;0;0;3;0;0;0;0;430;0;0;0;0;0;0
43163;2016-06;0;2171;0;0;0;0;0;0;0;0;4065;0;2263;0;0;0;0;0;0;0;0;0;330;0;19;0;0;0;0;0;2404;0;2734;0;0;42;0;0;0;0;1531;0;0;0;0;0;0
43164;2016-06;0;11;0;0;0;0;0;0;0;0;58;0;24;0;0;0;0;0;0;0;0;0;5;0;2;0;0;0;0;0;48;0;46;0;0;0;0;0;0;0;8;0;0;0;0;0;0
43165;2016-06;0;17;0;0;0;0;0;0;0;0;72;0;136;0;0;0;0;0;0;0;0;0;6;0;1;0;0;0;0;0;23;0;42;0;0;0;0;0;0;0;133;0;0;0;0;0;0
43166;2016-06;0;89;0;0;0;0;0;0;0;0;193;0;271;0;0;0;0;0;0;0;0;0;23;0;0;0;0;0;0;0;153;0;138;0;0;8;0;0;0;0;141;0;0;0;0;0;0
43167;2016-06;0;11;0;0;0;0;0;0;0;0;42;0;91;0;0;0;0;0;0;0;0;0;5;0;0;0;0;0;0;0;27;0;9;0;0;0;0;0;0;0;81;0;0;0;0;0;0
43168;2016-06;0;2;0;0;0;0;0;0;0;0;6;0;21;0;0;0;0;0;0;0;0;0;2;0;0;0;0;0;0;0;1;0;4;0;0;0;0;0;0;0;18;0;0;0;0;0;0
43169;2016-06;0;7;0;0;0;0;0;0;0;0;54;0;174;0;0;0;0;0;0;0;0;0;4;0;1;0;0;0;0;0;14;0;26;0;0;0;0;0;0;0;77;0;0;0;0;0;0
43170;2016-06;0;26;0;0;0;0;0;0;0;0;112;0;171;0;0;0;0;0;0;0;0;0;6;0;0;0;0;0;0;0;43;0;58;0;0;0;0;0;0;0;141;0;0;0;0;0;0
43171;2016-06;0;1694;0;0;0;0;0;0;0;0;2113;0;722;0;0;0;0;0;0;0;0;0;223;0;8;0;0;0;0;0;1548;0;1807;0;0;31;0;0;0;0;793;0;0;0;0;0;0
43172;2016-06;0;12;0;0;0;0;0;0;0;0;38;0;73;0;0;0;0;0;0;0;0;0;2;0;1;0;0;0;0;0;24;0;7;0;0;0;0;0;0;0;48;0;0;0;0;0;0
43173;2016-06;0;0;0;0;0;0;0;0;0;0;10;0;26;0;0;0;0;0;0;0;0;0;0;0;0;0;0;0;0;0;2;0;2;0;0;0;0;0;0;0;11;0;0;0;0;0;0
43174;2016-06;0;2;0;0;0;0;0;0;0;0;9;0;51;0;0;0;0;0;0;0;0;0;1;0;1;0;0;0;0;0;3;0;3;0;0;0;0;0;0;0;29;0;0;0;0;0;0
43175;2016-06;0;23;0;0;0;0;0;0;0;0;32;0;103;0;0;0;0;0;0;0;0;0;1;0;0;0;0;0;0;0;63;0;26;0;0;2;0;0;0;0;105;0;0;0;0;0;0
43176;2016-06;0;21;0;0;0;0;0;0;0;0;69;0;207;0;0;0;0;0;0;0;0;0;1;0;0;0;0;0;0;0;35;0;24;0;0;1;0;0;0;0;158;0;0;0;0;0;0
43177;2016-06;0;13;0;0;0;0;0;0;0;0;30;0;72;0;0;0;0;0;0;0;0;0;9;0;1;0;0;0;0;0;21;0;23;0;0;0;0;0;0;0;55;0;0;0;0;0;0
43178;2016-06;0;95;0;0;0;0;0;0;0;0;138;0;186;0;0;0;0;0;0;0;0;0;11;0;0;0;0;0;0;0;120;0;89;0;0;0;0;0;0;0;200;0;0;0;0;0;0
43901;2016-06;0;178;0;0;0;0;0;0;0;0;1284;0;995;0;0;0;0;0;0;0;0;0;33;0;7;0;0;0;0;0;549;0;835;0;0;6;0;0;0;0;690;0;0;0;0;0;0
43902;2016-06;0;63;0;0;0;0;0;0;0;0;383;0;270;0;0;0;0;0;0;0;0;0;1;0;3;0;0;0;0;0;220;0;409;0;0;2;0;0;0;0;157;0;0;0;0;0;0
43903;2016-06;0;63;0;0;0;0;0;0;0;0;274;0;408;0;0;0;0;0;0;0;0;0;1;0;1;0;0;0;0;0;147;0;202;0;0;1;0;0;0;0;206;0;0;0;0;0;0
43904;2016-06;0;113;0;0;0;0;0;0;0;0;331;0;407;0;0;0;0;0;0;0;0;0;8;0;1;0;0;0;0;0;221;0;257;0;0;4;0;0;0;0;199;0;0;0;0;0;0
43905;2016-06;0;1536;0;0;0;0;0;0;0;0;1813;0;839;0;0;0;0;0;0;0;0;0;198;0;9;0;0;0;0;0;1884;0;1355;0;0;18;0;0;0;0;696;0;0;0;0;0;0
43906;2016-06;0;107;0;0;0;0;0;0;0;0;290;0;277;0;0;0;0;0;0;0;0;0;8;0;0;0;0;0;0;0;188;0;125;0;0;2;0;0;0;0;334;0;0;0;0;0;0
43907;2016-06;0;407;0;0;0;0;0;0;0;0;665;0;214;0;0;0;0;0;0;0;0;0;59;0;1;0;0;0;0;0;402;0;805;0;0;10;0;0;0;0;196;0;0;0;0;0;0
44001;2016-06;0;7;0;0;0;0;0;0;0;0;0;0;0;0;1;0;0;0;0;0;0;0;1;0;1;0;0;0;0;10;26;0;5;0;0;0;0;0;0;0;0;0;0;0;0;0;0
44002;2016-06;0;1;0;0;0;0;0;0;0;0;0;0;0;0;0;0;0;0;0;0;0;0;0;0;0;0;0;0;0;13;12;0;14;0;0;0;0;0;0;0;0;0;0;0;0;0;0
44003;2016-06;0;2;0;0;0;0;0;0;0;0;0;0;0;0;0;0;0;0;0;0;0;1;0;0;0;0;0;0;0;1;10;0;3;0;0;0;0;0;0;0;0;0;0;0;0;0;0
44004;2016-06;0;25;0;0;0;0;0;0;0;0;0;0;0;0;0;0;0;0;0;0;0;2;1;0;0;0;0;0;0;83;133;0;53;0;0;0;0;0;0;0;0;0;0;0;0;0;0
44005;2016-06;0;9;0;0;0;0;0;0;0;0;0;0;0;0;0;0;0;0;0;0;0;0;0;0;0;0;0;0;0;0;16;0;5;0;0;0;0;0;0;0;0;0;0;0;0;0;0
44006;2016-06;0;13;0;0;0;0;0;0;0;1;0;0;0;0;0;0;0;0;0;0;0;0;1;0;0;0;0;0;0;24;79;0;63;0;0;0;0;0;0;0;0;0;0;0;0;0;0
44007;2016-06;0;16;0;0;0;0;0;0;0;1;0;0;0;0;1;0;0;0;0;0;0;0;0;0;0;0;0;0;0;3;70;0;26;0;0;0;0;0;0;0;0;0;0;0;0;0;0
44008;2016-06;0;129;0;0;0;0;0;0;0;4;0;0;0;0;1;0;0;0;0;0;0;1;1;0;0;0;0;0;0;169;395;0;446;0;0;1;0;0;0;0;0;0;0;0;0;0;0
44009;2016-06;0;83;0;0;0;0;0;0;0;2;0;0;0;0;1;0;0;0;0;0;0;0;3;0;0;0;0;0;0;107;217;0;173;0;0;0;0;0;0;0;0;0;0;0;0;0;0
44010;2016-06;0;12;0;0;0;0;0;0;0;0;0;0;0;0;0;0;0;0;0;0;0;0;0;0;0;0;0;0;0;22;54;0;39;0;0;0;0;0;0;0;0;0;0;0;0;0;0
44011;2016-06;0;6;0;0;0;0;0;0;0;0;0;0;0;0;1;0;0;0;0;0;0;0;2;0;0;0;0;0;0;5;16;0;8;0;0;0;0;0;0;0;0;0;0;0;0;0;0
44012;2016-06;0;25;0;0;0;0;0;0;0;0;0;0;0;0;0;0;0;0;0;0;0;0;1;0;0;0;0;0;0;39;140;0;51;0;0;0;0;0;0;0;0;0;0;0;0;0;0
44013;2016-06;0;1254;0;0;0;0;0;0;0;26;0;0;0;0;30;0;0;2;0;0;0;6;65;0;9;0;0;0;0;1485;2922;0;1810;0;0;14;0;0;0;0;0;0;7;0;0;0;0
44014;2016-06;0;202;0;0;0;0;0;0;0;15;0;0;0;0;2;0;0;1;0;0;0;7;12;0;2;0;0;0;0;451;626;0;532;0;0;7;0;0;0;0;0;0;2;0;0;0;0
44016;2016-06;0;56;0;0;0;0;0;0;0;1;0;0;0;0;2;0;0;0;0;0;0;0;2;0;0;0;0;0;0;32;160;0;105;0;0;0;0;0;0;0;0;0;0;0;0;0;0
44017;2016-06;0;35;0;0;0;0;0;0;0;0;0;0;0;0;2;0;0;0;0;0;0;0;0;0;0;0;0;0;0;30;89;0;62;0;0;1;0;0;0;0;0;0;0;0;0;0;0
44018;2016-06;0;0;0;0;0;0;0;0;0;0;0;0;0;0;0;0;0;0;0;0;0;0;0;0;0;0;0;0;0;0;18;0;1;0;0;0;0;0;0;0;0;0;0;0;0;0;0
44019;2016-06;0;11;0;0;0;0;0;0;0;0;0;0;0;0;1;0;0;0;0;0;0;0;0;0;1;0;0;0;0;2;24;0;10;0;0;0;0;0;0;0;0;0;0;0;0;0;0
44020;2016-06;0;2;0;0;0;0;0;0;0;0;0;0;0;0;0;0;0;0;0;0;0;0;0;0;0;0;0;0;0;1;12;0;3;0;0;0;0;0;0;0;0;0;0;0;0;0;0
44021;2016-06;0;5;0;0;0;0;0;0;0;0;0;0;0;0;0;0;0;0;0;0;0;0;0;0;1;0;0;0;0;19;44;0;19;0;0;0;0;0;0;0;0;0;0;0;0;0;0
44022;2016-06;0;40;0;0;0;0;0;0;0;0;0;0;0;0;1;0;0;0;0;0;0;0;2;0;0;0;0;0;0;65;115;0;87;0;0;1;0;0;0;0;0;0;0;0;0;0;0
44023;2016-06;0;0;0;0;0;0;0;0;0;0;0;0;0;0;0;0;0;0;0;0;0;0;0;0;0;0;0;0;0;0;15;0;1;0;0;0;0;0;0;0;0;0;0;0;0;0;0
44024;2016-06;0;3;0;0;0;0;0;0;0;0;0;0;0;0;0;0;0;0;0;0;0;0;0;0;0;0;0;0;0;0;18;0;4;0;0;0;0;0;0;0;0;0;0;0;0;0;0
44025;2016-06;0;517;0;0;0;0;0;0;0;10;0;0;0;0;8;0;0;2;0;0;0;2;34;0;6;0;0;0;0;955;1094;0;1340;0;0;3;0;0;0;0;0;0;1;0;0;0;0
44026;2016-06;0;4;0;0;0;0;0;0;0;2;0;0;0;0;2;0;0;0;0;0;0;1;2;0;0;0;0;0;0;12;39;0;14;0;0;0;0;0;0;0;0;0;0;0;0;0;0
44027;2016-06;0;3;0;0;0;0;0;0;0;1;0;0;0;0;0;0;0;0;0;0;0;0;1;0;0;0;0;0;0;22;50;0;45;0;0;0;0;0;0;0;0;0;0;0;0;0;0
44028;2016-06;0;14;0;0;0;0;0;0;0;0;0;0;0;0;0;0;0;0;0;0;0;0;0;0;0;0;0;0;0;12;80;0;40;0;0;0;0;0;0;0;0;0;0;0;0;0;0
44029;2016-06;0;32;0;0;0;0;0;0;0;1;0;0;0;0;0;0;0;1;0;0;0;0;1;0;0;0;0;0;0;54;151;0;179;0;0;0;0;0;0;0;0;0;0;0;0;0;0
44031;2016-06;0;9;0;0;0;0;0;0;0;0;0;0;0;0;0;0;0;0;0;0;0;0;0;0;0;0;0;0;0;2;30;0;21;0;0;0;0;0;0;0;0;0;0;0;0;0;0
44032;2016-06;0;4;0;0;0;0;0;0;0;0;0;0;0;0;0;0;0;0;0;0;0;0;0;0;0;0;0;0;0;0;2;0;5;0;0;0;0;0;0;0;0;0;0;0;0;0;0
44033;2016-06;0;13;0;0;0;0;0;0;0;1;0;0;0;0;1;0;0;0;0;0;0;0;0;0;0;0;0;0;0;22;100;0;52;0;0;1;0;0;0;0;0;0;0;0;0;0;0
44034;2016-06;0;10;0;0;0;0;0;0;0;0;0;0;0;0;0;0;0;0;0;0;0;0;0;0;0;0;0;0;0;11;62;0;24;0;0;0;0;0;0;0;0;0;1;0;0;0;0
44035;2016-06;0;10;0;0;0;0;0;0;0;0;0;0;0;0;0;0;0;0;0;0;0;1;1;0;0;0;0;0;0;6;51;0;18;0;0;0;0;0;0;0;0;0;0;0;0;0;0
44036;2016-06;0;1;0;0;0;0;0;0;0;0;0;0;0;0;0;0;0;0;0;0;0;0;0;0;0;0;0;0;0;1;16;0;3;0;0;0;0;0;0;0;0;0;0;0;0;0;0
44037;2016-06;0;30;0;0;0;0;0;0;0;0;0;0;0;0;4;0;0;0;0;0;0;0;1;0;1;0;0;0;0;76;144;0;58;0;0;1;0;0;0;0;0;0;0;0;0;0;0
44038;2016-06;0;7;0;0;0;0;0;0;0;0;0;0;0;0;1;0;0;0;0;0;0;0;0;0;0;0;0;0;0;10;35;0;29;0;0;0;0;0;0;0;0;0;0;0;0;0;0
44039;2016-06;0;15;0;0;0;0;0;0;0;0;0;0;0;0;1;0;0;0;0;0;0;0;0;0;0;0;0;0;0;6;109;0;28;0;0;0;0;0;0;0;0;0;0;0;0;0;0
44040;2016-06;0;13;0;0;0;0;0;0;0;0;0;0;0;0;0;0;0;0;0;0;0;0;1;0;0;0;0;0;0;28;62;0;52;0;0;0;0;0;0;0;0;0;0;0;0;0;0
44041;2016-06;0;0;0;0;0;0;0;0;0;0;0;0;0;0;0;0;0;0;0;0;0;0;1;0;0;0;0;0;0;13;18;0;11;0;0;0;0;0;0;0;0;0;0;0;0;0;0
44042;2016-06;0;6;0;0;0;0;0;0;0;0;0;0;0;0;0;0;0;0;0;0;0;0;0;0;0;0;0;0;0;9;43;0;32;0;0;0;0;0;0;0;0;0;0;0;0;0;0
44043;2016-06;0;17;0;0;0;0;0;0;0;0;0;0;0;0;0;0;0;0;0;0;0;0;0;0;0;0;0;0;0;10;35;0;10;0;0;0;0;0;0;0;0;0;0;0;0;0;0
44044;2016-06;0;6;0;0;0;0;0;0;0;0;0;0;0;0;0;0;0;0;0;0;0;0;3;0;1;0;0;0;0;3;47;0;9;0;0;0;0;0;0;0;0;0;0;0;0;0;0
44045;2016-06;0;27;0;0;0;0;0;0;0;2;0;0;0;0;1;0;0;0;0;0;0;1;0;0;0;0;0;0;0;42;124;0;70;0;0;0;0;0;0;0;0;0;0;0;0;0;0
44046;2016-06;0;3;0;0;0;0;0;0;0;0;0;0;0;0;0;0;0;0;0;0;0;0;0;0;0;0;0;0;0;3;13;0;14;0;0;0;0;0;0;0;0;0;0;0;0;0;0
44047;2016-06;0;7;0;0;0;0;0;0;0;0;0;0;0;0;0;0;0;0;0;0;0;0;3;0;0;0;0;0;0;18;76;0;25;0;0;1;0;0;0;0;0;0;0;0;0;0;0
44048;2016-06;0;4;0;0;0;0;0;0;0;0;0;0;0;0;0;0;0;0;0;0;0;0;0;0;0;0;0;0;0;6;27;0;15;0;0;0;0;0;0;0;0;0;0;0;0;0;0
44049;2016-06;0;69;0;0;0;0;0;0;0;0;0;0;0;0;1;0;0;0;0;0;0;0;4;0;0;0;0;0;0;93;264;0;163;0;0;1;0;0;0;0;0;0;0;0;0;0;0
44050;2016-06;0;324;0;0;0;0;0;0;0;11;0;0;0;0;3;0;0;0;0;0;0;0;8;0;2;0;0;0;0;273;947;0;498;0;0;9;0;0;0;0;0;0;0;0;0;0;0
44051;2016-06;0;205;0;0;0;0;0;0;0;4;0;0;0;0;6;0;0;1;0;0;0;1;17;0;3;0;0;0;0;247;853;0;591;0;0;1;0;0;0;0;0;0;0;0;0;0;0
44052;2016-06;0;4;0;0;0;0;0;0;0;0;0;0;0;0;0;0;0;0;0;0;0;0;0;0;0;0;0;0;0;7;33;0;12;0;0;0;0;0;0;0;0;0;0;0;0;0;0
44053;2016-06;0;16;0;0;0;0;0;0;0;0;0;0;0;0;1;0;0;0;0;0;0;1;0;0;0;0;0;0;0;1;37;0;21;0;0;1;0;0;0;0;0;0;0;0;0;0;0
44054;2016-06;0;8;0;0;0;0;0;0;0;0;0;0;0;0;0;0;0;0;0;0;0;0;0;0;1;0;0;0;0;14;44;0;16;0;0;0;0;0;0;0;0;0;0;0;0;0;0
44055;2016-06;0;7;0;0;0;0;0;0;0;0;0;0;0;0;0;0;0;0;0;0;0;0;0;0;0;0;0;0;0;4;29;0;11;0;0;0;0;0;0;0;0;0;1;0;0;0;0
44056;2016-06;0;32;0;0;0;0;0;0;0;0;0;0;0;0;0;0;0;0;0;0;0;0;3;0;0;0;0;0;0;35;201;0;69;0;0;0;0;0;0;0;0;0;0;0;0;0;0
44059;2016-06;0;57;0;0;0;0;0;0;0;0;0;0;0;0;0;0;0;0;0;0;0;0;1;0;1;0;0;0;0;38;219;0;87;0;0;0;0;0;0;0;0;0;0;0;0;0;0
44060;2016-06;0;1;0;0;0;0;0;0;0;0;0;0;0;0;0;0;0;0;0;0;0;0;0;0;0;0;0;0;0;5;22;0;4;0;0;0;0;0;0;0;0;0;0;0;0;0;0
44061;2016-06;0;7;0;0;0;0;0;0;0;0;0;0;0;0;0;0;0;0;0;0;0;0;2;0;0;0;0;0;0;8;26;0;8;0;0;0;0;0;0;0;0;0;0;0;0;0;0
44062;2016-06;0;1;0;0;0;0;0;0;0;0;0;0;0;0;0;0;0;0;0;0;0;0;0;0;0;0;0;0;0;0;15;0;6;0;0;0;0;0;0;0;0;0;0;0;0;0;0
44063;2016-06;0;9;0;0;0;0;0;0;0;0;0;0;0;0;0;0;0;0;0;0;0;0;0;0;0;0;0;0;0;14;18;0;13;0;0;0;0;0;0;0;0;0;0;0;0;0;0
44064;2016-06;0;4;0;0;0;0;0;0;0;0;0;0;0;0;1;0;0;0;0;0;0;0;2;0;0;0;0;0;0;5;28;0;9;0;0;0;0;0;0;0;0;0;0;0;0;0;0
44065;2016-06;0;6;0;0;0;0;0;0;0;0;0;0;0;0;0;0;0;0;0;0;0;0;0;0;0;0;0;0;0;3;30;0;1;0;0;0;0;0;0;0;0;0;0;0;0;0;0
44066;2016-06;0;3;0;0;0;0;0;0;0;0;0;0;0;0;0;0;0;0;0;0;0;0;1;0;0;0;0;0;0;10;30;0;30;0;0;0;0;0;0;0;0;0;0;0;0;0;0
44067;2016-06;0;4;0;0;0;0;0;0;0;0;0;0;0;0;0;0;0;0;0;0;0;0;0;0;1;0;0;0;0;22;31;0;22;0;0;0;0;0;0;0;0;0;0;0;0;0;0
44068;2016-06;0;59;0;0;0;0;0;0;0;0;0;0;0;0;2;0;0;0;0;0;0;0;2;0;0;0;0;0;0;80;217;0;140;0;0;0;0;0;0;0;0;0;0;0;0;0;0
44070;2016-06;0;1;0;0;0;0;0;0;0;0;0;0;0;0;0;0;0;0;0;0;0;0;0;0;0;0;0;0;0;4;34;0;9;0;0;0;0;0;0;0;0;0;0;0;0;0;0
44071;2016-06;0;35;0;0;0;0;0;0;0;2;0;0;0;0;2;0;0;0;0;0;0;1;0;0;0;0;0;0;0;92;178;0;81;0;0;2;0;0;0;0;0;0;0;0;0;0;0
44074;2016-06;0;42;0;0;0;0;0;0;0;0;0;0;0;0;0;0;0;0;0;0;0;0;0;0;0;0;0;0;0;16;163;0;100;0;0;1;0;0;0;0;0;0;0;0;0;0;0
44075;2016-06;0;32;0;0;0;0;0;0;0;2;0;0;0;0;0;0;0;0;0;0;0;0;1;0;0;0;0;0;0;19;148;0;43;0;0;1;0;0;0;0;0;0;0;0;0;0;0
44076;2016-06;0;190;0;0;0;0;0;0;0;2;0;0;0;0;1;0;0;0;0;0;0;2;3;0;1;0;0;0;0;261;619;0;560;0;0;1;0;0;0;0;0;0;5;0;0;0;0
44077;2016-06;0;5;0;0;0;0;0;0;0;0;0;0;0;0;0;0;0;0;0;0;0;0;0;0;0;0;0;0;0;8;16;0;29;0;0;0;0;0;0;0;0;0;0;0;0;0;0
44080;2016-06;0;15;0;0;0;0;0;0;0;1;0;0;0;0;1;0;0;0;0;0;0;0;0;0;1;0;0;0;0;56;71;0;74;0;0;1;0;0;0;0;0;0;0;0;0;0;0
44082;2016-06;0;11;0;0;0;0;0;0;0;2;0;0;0;0;0;0;0;0;0;0;0;0;1;0;0;0;0;0;0;9;30;0;24;0;0;0;0;0;0;0;0;0;0;0;0;0;0
44084;2016-06;0;6;0;0;0;0;0;0;0;0;0;0;0;0;0;0;0;0;0;0;0;0;0;0;0;0;0;0;0;2;20;0;13;0;0;0;0;0;0;0;0;0;0;0;0;0;0
44085;2016-06;0;3;0;0;0;0;0;0;0;0;0;0;0;0;0;0;0;0;0;0;0;0;0;0;0;0;0;0;0;0;31;0;1;0;0;0;0;0;0;0;0;0;0;0;0;0;0
44086;2016-06;0;46;0;0;0;0;0;0;0;2;0;0;0;0;1;0;0;0;0;0;0;0;1;0;0;0;0;0;0;71;124;0;88;0;0;0;0;0;0;0;0;0;0;0;0;0;0
44087;2016-06;0;4;0;0;0;0;0;0;0;0;0;0;0;0;0;0;0;0;0;0;0;0;0;0;0;0;0;0;0;7;31;0;24;0;0;0;0;0;0;0;0;0;0;0;0;0;0
44088;2016-06;0;2;0;0;0;0;0;0;0;0;0;0;0;0;0;0;0;0;0;0;0;0;0;0;0;0;0;0;0;0;16;0;3;0;0;0;0;0;0;0;0;0;0;0;0;0;0
44089;2016-06;0;7;0;0;0;0;0;0;0;0;0;0;0;0;1;0;0;0;0;0;0;0;0;0;0;0;0;0;0;4;21;0;5;0;0;0;0;0;0;0;0;0;0;0;0;0;0
44090;2016-06;0;2;0;0;0;0;0;0;0;0;0;0;0;0;0;0;0;0;0;0;0;0;0;0;0;0;0;0;0;4;44;0;3;0;0;0;0;0;0;0;0;0;0;0;0;0;0
44092;2016-06;0;6;0;0;0;0;0;0;0;0;0;0;0;0;0;0;0;0;0;0;0;0;0;0;0;0;0;0;0;12;26;0;13;0;0;0;0;0;0;0;0;0;0;0;0;0;0
44093;2016-06;0;3;0;0;0;0;0;0;0;0;0;0;0;0;0;0;0;0;0;0;0;0;0;0;0;0;0;0;0;14;21;0;28;0;0;0;0;0;0;0;0;0;0;0;0;0;0
44094;2016-06;0;10;0;0;0;0;0;0;0;0;0;0;0;0;0;0;0;0;0;0;0;1;1;0;0;0;0;0;0;5;62;0;14;0;0;1;0;0;0;0;0;0;0;0;0;0;0
44096;2016-06;0;7;0;0;0;0;0;0;0;0;0;0;0;0;1;0;0;0;0;0;0;0;2;0;0;0;0;0;0;33;49;0;40;0;0;0;0;0;0;0;0;0;0;0;0;0;0
44097;2016-06;0;12;0;0;0;0;0;0;0;1;0;0;0;0;0;0;0;0;0;0;0;1;0;0;0;0;0;0;0;3;55;0;20;0;0;0;0;0;0;0;0;0;0;0;0;0;0
44099;2016-06;0;36;0;0;0;0;0;0;0;1;0;0;0;0;1;0;0;1;0;0;0;0;4;0;3;0;0;0;0;86;111;0;216;0;0;0;0;0;0;0;0;0;0;0;0;0;0
44100;2016-06;0;10;0;0;0;0;0;0;0;0;0;0;0;0;0;0;0;0;0;0;0;0;2;0;0;0;0;0;0;41;43;0;55;0;0;0;0;0;0;0;0;0;0;0;0;0;0
44101;2016-06;0;10;0;0;0;0;0;0;0;0;0;0;0;0;0;0;0;0;0;0;0;0;1;0;0;0;0;0;0;4;17;0;12;0;0;0;0;0;0;0;0;0;0;0;0;0;0
44102;2016-06;0;5;0;0;0;0;0;0;0;0;0;0;0;0;0;0;0;0;0;0;0;0;0;0;0;0;0;0;0;1;18;0;2;0;0;0;0;0;0;0;0;0;0;0;0;0;0
44103;2016-06;0;9;0;0;0;0;0;0;0;0;0;0;0;0;0;0;0;0;0;0;0;0;0;0;0;0;0;0;0;11;62;0;19;0;0;0;0;0;0;0;0;0;0;0;0;0;0
44105;2016-06;0;7;0;0;0;0;0;0;0;1;0;0;0;0;0;0;0;0;0;0;0;0;0;0;0;0;0;0;0;14;23;0;19;0;0;0;0;0;0;0;0;0;0;0;0;0;0
44106;2016-06;0;6;0;0;0;0;0;0;0;1;0;0;0;0;1;0;0;0;0;0;0;0;0;0;0;0;0;0;0;24;41;0;35;0;0;1;0;0;0;0;0;0;0;0;0;0;0
44107;2016-06;0;18;0;0;0;0;0;0;0;1;0;0;0;0;0;0;0;0;0;0;0;1;2;0;0;0;0;0;0;27;49;0;49;0;0;0;0;0;0;0;0;0;0;0;0;0;0
44108;2016-06;0;28;0;0;0;0;0;0;0;0;0;0;0;0;2;0;0;0;0;0;0;0;2;0;0;0;0;0;0;47;95;0;47;0;0;0;0;0;0;0;0;0;0;0;0;0;0
44109;2016-06;0;10;0;0;0;0;0;0;0;0;0;0;0;0;0;0;0;0;0;0;0;0;0;0;0;0;0;0;0;11;26;0;26;0;0;0;0;0;0;0;0;0;0;0;0;0;0
44110;2016-06;0;2;0;0;0;0;0;0;0;0;0;0;0;0;0;0;0;0;0;0;0;0;0;0;0;0;0;0;0;0;29;0;10;0;0;0;0;0;0;0;0;0;0;0;0;0;0
44111;2016-06;0;7;0;0;0;0;0;0;0;0;0;0;0;0;0;0;0;0;0;0;0;0;0;0;0;0;0;0;0;19;13;0;29;0;0;0;0;0;0;0;0;0;0;0;0;0;0
44112;2016-06;0;26;0;0;0;0;0;0;0;3;0;0;0;0;1;0;0;0;0;0;0;0;0;0;0;0;0;0;0;45;131;0;81;0;0;0;0;0;0;0;0;0;1;0;0;0;0
44113;2016-06;0;0;0;0;0;0;0;0;0;0;0;0;0;0;1;0;0;0;0;0;0;1;0;0;0;0;0;0;0;35;4;0;11;0;0;0;0;0;0;0;0;0;0;0;0;0;0
44114;2016-06;0;32;0;0;0;0;0;0;0;3;0;0;0;0;0;0;0;2;0;0;0;0;0;0;0;0;0;0;0;28;74;0;34;0;0;0;0;0;0;0;0;0;0;0;0;0;0
44115;2016-06;0;1;0;0;0;0;0;0;0;0;0;0;0;0;0;0;0;0;0;0;0;0;0;0;0;0;0;0;0;27;32;0;27;0;0;0;0;0;0;0;0;0;0;0;0;0;0
44116;2016-06;0;9;0;0;0;0;0;0;0;0;0;0;0;0;0;0;0;0;0;0;0;0;1;0;0;0;0;0;0;4;36;0;9;0;0;0;0;0;0;0;0;0;0;0;0;0;0
44117;2016-06;0;32;0;0;0;0;0;0;0;0;0;0;0;0;1;0;0;0;0;0;0;0;1;0;0;0;0;0;0;38;96;0;94;0;0;2;0;0;0;0;0;0;0;0;0;0;0
44118;2016-06;0;21;0;0;0;0;0;0;0;1;0;0;0;0;0;0;0;0;0;0;0;0;0;0;0;0;0;0;0;6;61;0;40;0;0;0;0;0;0;0;0;0;0;0;0;0;0
44119;2016-06;0;8;0;0;0;0;0;0;0;0;0;0;0;0;0;0;0;0;0;0;0;1;0;0;0;0;0;0;0;23;24;0;32;0;0;0;0;0;0;0;0;0;0;0;0;0;0
44120;2016-06;0;18;0;0;0;0;0;0;0;1;0;0;0;0;0;0;0;0;0;0;0;0;0;0;2;0;0;0;0;28;67;0;32;0;0;0;0;0;0;0;0;0;0;0;0;0;0
44121;2016-06;0;2;0;0;0;0;0;0;0;0;0;0;0;0;0;0;0;0;0;0;0;0;0;0;0;0;0;0;0;6;29;0;8;0;0;0;0;0;0;0;0;0;0;0;0;0;0
44122;2016-06;0;133;0;0;0;0;0;0;0;2;0;0;0;0;0;0;0;0;0;0;0;0;3;0;1;0;0;0;0;159;383;0;224;0;0;0;0;0;0;0;0;0;0;0;0;0;0
44123;2016-06;0;3;0;0;0;0;0;0;0;0;0;0;0;0;0;0;0;0;0;0;0;0;0;0;0;0;0;0;0;12;38;0;16;0;0;0;0;0;0;0;0;0;0;0;0;0;0
44124;2016-06;0;9;0;0;0;0;0;0;0;0;0;0;0;0;0;0;0;0;0;0;0;0;1;0;0;0;0;0;0;12;15;0;24;0;0;0;0;0;0;0;0;0;0;0;0;0;0
44125;2016-06;0;9;0;0;0;0;0;0;0;0;0;0;0;0;0;0;0;0;0;0;0;0;0;0;0;0;0;0;0;4;22;0;9;0;0;0;0;0;0;0;0;0;0;0;0;0;0
44126;2016-06;0;20;0;0;0;0;0;0;0;1;0;0;0;0;0;0;0;0;0;0;0;0;1;0;0;0;0;0;0;44;99;0;58;0;0;2;0;0;0;0;0;0;0;0;0;0;0
44127;2016-06;0;4;0;0;0;0;0;0;0;0;0;0;0;0;0;0;0;0;0;0;0;0;1;0;0;0;0;0;0;11;18;0;17;0;0;0;0;0;0;0;0;0;0;0;0;0;0
44128;2016-06;0;6;0;0;0;0;0;0;0;0;0;0;0;0;0;0;0;0;0;0;0;0;0;0;0;0;0;0;0;5;21;0;21;0;0;0;0;0;0;0;0;0;0;0;0;0;0
44129;2016-06;0;5;0;0;0;0;0;0;0;0;0;0;0;0;0;0;0;0;0;0;0;0;1;0;0;0;0;0;0;6;11;0;9;0;0;0;0;0;0;0;0;0;0;0;0;0;0
44130;2016-06;0;8;0;0;0;0;0;0;0;0;0;0;0;0;0;0;0;0;0;0;0;0;0;0;0;0;0;0;0;1;15;0;0;0;0;0;0;0;0;0;0;0;0;0;0;0;0
44131;2016-06;0;2;0;0;0;0;0;0;0;0;0;0;0;0;0;0;0;0;0;0;0;0;2;0;0;0;0;0;0;7;6;0;3;0;0;0;0;0;0;0;0;0;0;0;0;0;0
44132;2016-06;0;5;0;0;0;0;0;0;0;0;0;0;0;0;0;0;0;0;0;0;0;0;0;0;0;0;0;0;0;4;31;0;13;0;0;0;0;0;0;0;0;0;0;0;0;0;0
44133;2016-06;0;5;0;0;0;0;0;0;0;1;0;0;0;0;0;0;0;0;0;0;0;0;0;0;1;0;0;0;0;0;5;0;2;0;0;1;0;0;0;0;0;0;0;0;0;0;0
44135;2016-06;0;3;0;0;0;0;0;0;0;0;0;0;0;0;1;0;0;0;0;0;0;0;0;0;0;0;0;0;0;7;43;0;33;0;0;0;0;0;0;0;0;0;0;0;0;0;0
44136;2016-06;0;3;0;0;0;0;0;0;0;0;0;0;0;0;0;0;0;0;0;0;0;0;0;0;0;0;0;0;0;1;28;0;10;0;0;0;0;0;0;0;0;0;0;0;0;0;0
44137;2016-06;0;28;0;0;0;0;0;0;0;0;0;0;0;0;0;0;0;0;0;0;0;0;0;0;0;0;0;0;0;13;92;0;15;0;0;0;0;0;0;0;0;0;0;0;0;0;0
44138;2016-06;0;9;0;0;0;0;0;0;0;1;0;0;0;0;0;0;0;0;0;0;0;0;0;0;0;0;0;0;0;11;51;0;22;0;0;0;0;0;0;0;0;0;0;0;0;0;0
44141;2016-06;0;13;0;0;0;0;0;0;0;0;0;0;0;0;0;0;0;0;0;0;0;0;2;0;0;0;0;0;0;19;41;0;20;0;0;0;0;0;0;0;0;0;0;0;0;0;0
44142;2016-06;0;3;0;0;0;0;0;0;0;0;0;0;0;0;0;0;0;0;0;0;0;0;1;0;0;0;0;0;0;3;14;0;6;0;0;0;0;0;0;0;0;0;0;0;0;0;0
44143;2016-06;0;41;0;0;0;0;0;0;0;0;0;0;0;0;2;0;0;0;0;0;0;0;5;0;3;0;0;0;0;29;120;0;104;0;0;0;0;0;0;0;0;0;0;0;0;0;0
44144;2016-06;0;24;0;0;0;0;0;0;0;0;0;0;0;0;0;0;0;0;0;0;0;0;2;0;0;0;0;0;0;33;82;0;102;0;0;0;0;0;0;0;0;0;0;0;0;0;0
44145;2016-06;0;88;0;0;0;0;0;0;0;0;0;0;0;0;0;0;0;1;0;0;0;0;1;0;0;0;0;0;0;130;299;0;181;0;0;0;0;0;0;0;0;0;0;0;0;0;0
44146;2016-06;0;12;0;0;0;0;0;0;0;2;0;0;0;0;0;0;0;1;0;0;0;0;3;0;1;0;0;0;0;9;57;0;65;0;0;0;0;0;0;0;0;0;0;0;0;0;0
44147;2016-06;0;35;0;0;0;0;0;0;0;0;0;0;0;0;1;0;0;2;0;0;0;0;5;0;0;0;0;0;0;52;121;0;71;0;0;1;0;0;0;0;0;0;0;0;0;0;0
44148;2016-06;0;14;0;0;0;0;0;0;0;0;0;0;0;0;0;0;0;0;0;0;0;0;0;0;0;0;0;0;0;6;26;0;25;0;0;0;0;0;0;0;0;0;0;0;0;0;0
44149;2016-06;0;7;0;0;0;0;0;0;0;0;0;0;0;0;0;0;0;0;0;0;0;0;0;0;0;0;0;0;0;13;33;0;22;0;0;0;0;0;0;0;0;0;0;0;0;0;0
44150;2016-06;0;2;0;0;0;0;0;0;0;0;0;0;0;0;0;0;0;0;0;0;0;0;0;0;0;0;0;0;0;3;10;0;6;0;0;0;0;0;0;0;0;0;0;0;0;0;0
44151;2016-06;0;10;0;0;0;0;0;0;0;0;0;0;0;0;0;0;0;0;0;0;0;0;2;0;0;0;0;0;0;40;60;0;35;0;0;1;0;0;0;0;0;0;0;0;0;0;0
44152;2016-06;0;6;0;0;0;0;0;0;0;0;0;0;0;0;0;0;0;0;0;0;0;0;0;0;0;0;0;0;0;1;37;0;1;0;0;0;0;0;0;0;0;0;0;0;0;0;0
44153;2016-06;0;143;0;0;0;0;0;0;0;5;0;0;0;0;1;0;0;0;0;0;0;3;3;0;1;0;0;0;0;193;464;0;299;0;0;4;0;0;0;0;0;0;0;0;0;0;0
44154;2016-06;0;32;0;0;0;0;0;0;0;0;0;0;0;0;0;0;0;0;0;0;0;0;1;0;0;0;0;0;0;32;96;0;24;0;0;0;0;0;0;0;0;0;0;0;0;0;0
44155;2016-06;0;65;0;0;0;0;0;0;0;6;0;0;0;0;1;0;0;0;0;0;0;0;3;0;0;0;0;0;0;191;201;0;308;0;0;2;0;0;0;0;0;0;1;0;0;0;0
44156;2016-06;0;3;0;0;0;0;0;0;0;1;0;0;0;0;0;0;0;0;0;0;0;0;0;0;0;0;0;0;0;1;23;0;2;0;0;0;0;0;0;0;0;0;0;0;0;0;0
44157;2016-06;0;1;0;0;0;0;0;0;0;0;0;0;0;0;0;0;0;0;0;0;0;0;0;0;0;0;0;0;0;7;22;0;17;0;0;0;0;0;0;0;0;0;0;0;0;0;0
44158;2016-06;0;138;0;0;0;0;0;0;0;1;0;0;0;0;4;0;0;2;0;0;0;1;2;0;1;0;0;0;0;117;367;0;218;0;0;1;0;0;0;0;0;0;0;0;0;0;0
44159;2016-06;0;2;0;0;0;0;0;0;0;0;0;0;0;0;0;0;0;0;0;0;0;0;0;0;0;0;0;0;0;5;19;0;4;0;0;0;0;0;0;0;0;0;0;0;0;0;0
44160;2016-06;0;51;0;0;0;0;0;0;0;1;0;0;0;0;0;0;0;0;0;0;0;0;0;0;0;0;0;0;0;47;153;0;47;0;0;0;0;0;0;0;0;0;0;0;0;0;0
44161;2016-06;0;34;0;0;0;0;0;0;0;2;0;0;0;0;1;0;0;0;0;0;0;0;0;0;0;0;0;0;0;37;158;0;79;0;0;0;0;0;0;0;0;0;0;0;0;0;0
44163;2016-06;0;10;0;0;0;0;0;0;0;0;0;0;0;0;0;0;0;0;0;0;0;0;0;0;0;0;0;0;0;16;38;0;29;0;0;0;0;0;0;0;0;0;0;0;0;0;0
44164;2016-06;0;2;0;0;0;0;0;0;0;0;0;0;0;0;0;0;0;0;0;0;0;0;0;0;0;0;0;0;0;4;13;0;4;0;0;0;0;0;0;0;0;0;0;0;0;0;0
44165;2016-06;0;11;0;0;0;0;0;0;0;0;0;0;0;0;0;0;0;0;0;0;0;0;0;0;0;0;0;0;0;12;75;0;33;0;0;0;0;0;0;0;0;0;0;0;0;0;0
44167;2016-06;0;1;0;0;0;0;0;0;0;0;0;0;0;0;0;0;0;1;0;0;0;0;0;0;0;0;0;0;0;5;12;0;12;0;0;0;0;0;0;0;0;0;0;0;0;0;0
44168;2016-06;0;16;0;0;0;0;0;0;0;0;0;0;0;0;0;0;0;0;0;0;0;0;0;0;0;0;0;0;0;13;82;0;25;0;0;0;0;0;0;0;0;0;0;0;0;0;0
44169;2016-06;0;31;0;0;0;0;0;0;0;0;0;0;0;0;0;0;0;0;0;0;0;0;0;0;0;0;0;0;0;32;102;0;82;0;0;1;0;0;0;0;0;0;1;0;0;0;0
44171;2016-06;0;10;0;0;0;0;0;0;0;0;0;0;0;0;0;0;0;0;0;0;0;0;4;0;0;0;0;0;0;67;26;0;14;0;0;0;0;0;0;0;0;0;1;0;0;0;0
44172;2016-06;0;8;0;0;0;0;0;0;0;0;0;0;0;0;1;0;0;0;0;0;0;0;0;0;0;0;0;0;0;18;131;0;54;0;0;0;0;0;0;0;0;0;0;0;0;0;0
44173;2016-06;0;10;0;0;0;0;0;0;0;0;0;0;0;0;0;0;0;0;0;0;0;0;0;0;0;0;0;0;0;18;40;0;9;0;0;0;0;0;0;0;0;0;0;0;0;0;0
44174;2016-06;0;51;0;0;0;0;0;0;0;0;0;0;0;0;0;0;0;0;0;0;0;0;0;0;0;0;0;0;0;27;139;0;83;0;0;1;0;0;0;0;0;0;0;0;0;0;0
44175;2016-06;0;5;0;0;0;0;0;0;0;1;0;0;0;0;0;0;0;0;0;0;0;0;0;0;0;0;0;0;0;11;43;0;23;0;0;0;0;0;0;0;0;0;0;0;0;0;0
44176;2016-06;0;5;0;0;0;0;0;0;0;0;0;0;0;0;0;0;0;0;0;0;0;0;0;0;1;0;0;0;0;13;43;0;52;0;0;0;0;0;0;0;0;0;0;0;0;0;0
44177;2016-06;0;9;0;0;0;0;0;0;0;0;0;0;0;0;0;0;0;0;0;0;0;0;0;0;0;0;0;0;0;14;29;0;31;0;0;0;0;0;0;0;0;0;0;0;0;0;0
44178;2016-06;0;5;0;0;0;0;0;0;0;0;0;0;0;0;0;0;0;0;0;0;0;0;0;0;0;0;0;0;0;2;25;0;5;0;0;0;0;0;0;0;0;0;0;0;0;0;0
44179;2016-06;0;26;0;0;0;0;0;0;0;0;0;0;0;0;0;0;0;0;0;0;0;1;1;0;0;0;0;0;0;48;93;0;56;0;0;0;0;0;0;0;0;0;0;0;0;0;0
44180;2016-06;0;8;0;0;0;0;0;0;0;0;0;0;0;0;0;0;0;0;0;0;0;0;0;0;0;0;0;0;0;1;34;0;18;0;0;0;0;0;0;0;0;0;0;0;0;0;0
44181;2016-06;0;4;0;0;0;0;0;0;0;0;0;0;0;0;0;0;0;0;0;0;0;0;0;0;0;0;0;0;0;3;37;0;12;0;0;0;0;0;0;0;0;0;0;0;0;0;0
44182;2016-06;0;22;0;0;0;0;0;0;0;1;0;0;0;0;0;0;0;0;0;0;0;0;0;0;0;0;0;0;0;12;71;0;45;0;0;2;0;0;0;0;0;0;4;0;0;0;0
44183;2016-06;0;12;0;0;0;0;0;0;0;0;0;0;0;0;0;0;0;0;0;0;0;0;0;0;0;0;0;0;0;6;16;0;15;0;0;0;0;0;0;0;0;0;0;0;0;0;0
44184;2016-06;0;0;0;0;0;0;0;0;0;0;0;0;0;0;0;0;0;0;0;0;0;0;1;0;0;0;0;0;0;2;26;0;5;0;0;0;0;0;0;0;0;0;0;0;0;0;0
44185;2016-06;0;6;0;0;0;0;0;0;0;0;0;0;0;0;0;0;0;0;0;0;0;0;0;0;0;0;0;0;0;11;50;0;8;0;0;0;0;0;0;0;0;0;0;0;0;0;0
44187;2016-06;0;28;0;0;0;0;0;0;0;0;0;0;0;0;0;0;0;0;0;0;0;0;0;0;0;0;0;0;0;16;80;0;21;0;0;0;0;0;0;0;0;0;0;0;0;0;0
44189;2016-06;0;4;0;0;0;0;0;0;0;0;0;0;0;0;3;0;0;0;0;0;0;0;1;0;0;0;0;0;0;0;19;0;14;0;0;0;0;0;0;0;0;0;0;0;0;0;0
44190;2016-06;0;6;0;0;0;0;0;0;0;0;0;0;0;0;0;0;0;0;0;0;0;0;1;0;0;0;0;0;0;4;30;0;15;0;0;0;0;0;0;0;0;0;0;0;0;0;0
44191;2016-06;0;49;0;0;0;0;0;0;0;0;0;0;0;0;2;0;0;0;0;0;0;0;1;0;2;0;0;0;0;183;170;0;167;0;0;3;0;0;0;0;0;0;0;0;0;0;0
44192;2016-06;0;31;0;0;0;0;0;0;0;1;0;0;0;0;1;0;0;0;0;0;0;1;0;0;0;0;0;0;0;30;134;0;75;0;0;1;0;0;0;0;0;0;0;0;0;0;0
44193;2016-06;0;6;0;0;0;0;0;0;0;0;0;0;0;0;1;0;0;0;0;0;0;0;0;0;0;0;0;0;0;10;21;0;15;0;0;0;0;0;0;0;0;0;0;0;0;0;0
44194;2016-06;0;9;0;0;0;0;0;0;0;0;0;0;0;0;0;0;0;0;0;0;0;0;0;0;1;0;0;0;0;13;36;0;11;0;0;0;0;0;0;0;0;0;0;0;0;0;0
44195;2016-06;0;9;0;0;0;0;0;0;0;0;0;0;0;0;0;0;0;0;0;0;0;0;0;0;0;0;0;0;0;6;30;0;14;0;0;0;0;0;0;0;0;0;0;0;0;0;0
44196;2016-06;0;10;0;0;0;0;0;0;0;1;0;0;0;0;0;0;0;0;0;0;0;0;0;0;0;0;0;0;0;14;33;0;38;0;0;0;0;0;0;0;0;0;0;0;0;0;0
44197;2016-06;0;1;0;0;0;0;0;0;0;0;0;0;0;0;0;0;0;0;0;0;0;0;0;0;0;0;0;0;0;5;21;0;9;0;0;0;0;0;0;0;0;0;0;0;0;0;0
44198;2016-06;0;16;0;0;0;0;0;0;0;1;0;0;0;0;0;0;0;0;0;0;0;0;0;0;0;0;0;0;0;8;82;0;35;0;0;0;0;0;0;0;0;0;0;0;0;0;0
44199;2016-06;0;7;0;0;0;0;0;0;0;1;0;0;0;0;1;0;0;0;0;0;0;0;0;0;0;0;0;0;0;4;16;0;10;0;0;0;0;0;0;0;0;0;0;0;0;0;0
44200;2016-06;0;0;0;0;0;0;0;0;0;0;0;0;0;0;0;0;0;0;0;0;0;0;0;0;0;0;0;0;0;0;23;0;3;0;0;0;0;0;0;0;0;0;0;0;0;0;0
44201;2016-06;0;50;0;0;0;0;0;0;0;1;0;0;0;0;1;0;0;0;0;0;0;0;1;0;1;0;0;0;0;82;121;0;149;0;0;0;0;0;0;0;0;0;0;0;0;0;0
44203;2016-06;0;0;0;0;0;0;0;0;0;0;0;0;0;0;0;0;0;0;0;0;0;0;0;0;0;0;0;0;0;0;7;0;3;0;0;0;0;0;0;0;0;0;0;0;0;0;0
44204;2016-06;0;0;0;0;0;0;0;0;0;0;0;0;0;0;0;0;0;0;0;0;0;0;0;0;0;0;0;0;0;3;7;0;11;0;0;0;0;0;0;0;0;0;0;0;0;0;0
44205;2016-06;0;50;0;0;0;0;0;0;0;0;0;0;0;0;0;0;0;0;0;0;0;0;0;0;0;0;0;0;0;53;206;0;140;0;0;0;0;0;0;0;0;0;0;0;0;0;0
44206;2016-06;0;12;0;0;0;0;0;0;0;0;0;0;0;0;1;0;0;0;0;0;0;0;3;0;1;0;0;0;0;21;36;0;13;0;0;0;0;0;0;0;0;0;0;0;0;0;0
44207;2016-06;0;7;0;0;0;0;0;0;0;0;0;0;0;0;0;0;0;0;0;0;0;0;0;0;0;0;0;0;0;20;38;0;46;0;0;0;0;0;0;0;0;0;0;0;0;0;0
44208;2016-06;0;5;0;0;0;0;0;0;0;0;0;0;0;0;0;0;0;0;0;0;0;0;0;0;0;0;0;0;0;2;11;0;4;0;0;0;0;0;0;0;0;0;0;0;0;0;0
44209;2016-06;0;59;0;0;0;0;0;0;0;1;0;0;0;0;0;0;0;1;0;0;0;0;1;0;0;0;0;0;0;85;281;0;168;0;0;0;0;0;0;0;0;0;0;0;0;0;0
44210;2016-06;0;57;0;0;0;0;0;0;0;3;0;0;0;0;1;0;0;0;0;0;0;0;1;0;0;0;0;0;0;91;205;0;183;0;0;1;0;0;0;0;0;0;0;0;0;0;0
44211;2016-06;0;3;0;0;0;0;0;0;0;0;0;0;0;0;0;0;0;0;0;0;0;0;0;0;0;0;0;0;0;7;15;0;10;0;0;0;0;0;0;0;0;0;0;0;0;0;0
44212;2016-06;0;9;0;0;0;0;0;0;0;0;0;0;0;0;1;0;0;0;0;0;0;0;0;0;0;0;0;0;0;3;15;0;7;0;0;1;0;0;0;0;0;0;0;0;0;0;0
44213;2016-06;0;3;0;0;0;0;0;0;0;1;0;0;0;0;0;0;0;0;0;0;0;0;0;0;0;0;0;0;0;2;35;0;9;0;0;0;0;0;0;0;0;0;0;0;0;0;0
44215;2016-06;0;17;0;0;0;0;0;0;0;0;0;0;0;0;0;0;0;0;0;0;0;0;1;0;0;0;0;0;0;30;36;0;23;0;0;0;0;0;0;0;0;0;0;0;0;0;0
44216;2016-06;0;3039;0;0;0;0;0;0;0;78;0;0;0;0;37;0;0;11;0;0;0;13;99;0;13;0;0;0;0;3069;8125;0;4027;0;0;39;0;0;0;0;0;0;19;0;0;0;0
44217;2016-06;0;3;0;0;0;0;0;0;0;0;0;0;0;0;0;0;0;0;0;0;0;0;0;0;0;0;0;0;0;2;9;0;8;0;0;0;0;0;0;0;0;0;0;0;0;0;0
44218;2016-06;0;3;0;0;0;0;0;0;0;0;0;0;0;0;0;0;0;0;0;0;0;0;0;0;0;0;0;0;0;2;21;0;1;0;0;0;0;0;0;0;0;0;0;0;0;0;0
44219;2016-06;0;18;0;0;0;0;0;0;0;0;0;0;0;0;0;0;0;0;0;0;0;0;0;0;0;0;0;0;0;19;79;0;26;0;0;0;0;0;0;0;0;0;0;0;0;0;0
44220;2016-06;0;10;0;0;0;0;0;0;0;0;0;0;0;0;1;0;0;0;0;0;0;0;0;0;0;0;0;0;0;9;53;0;9;0;0;0;0;0;0;0;0;0;0;0;0;0;0
44221;2016-06;0;31;0;0;0;0;0;0;0;0;0;0;0;0;0;0;0;0;0;0;0;0;1;0;0;0;0;0;0;63;144;0;60;0;0;0;0;0;0;0;0;0;0;0;0;0;0
44222;2016-06;0;14;0;0;0;0;0;0;0;0;0;0;0;0;0;0;0;0;0;0;0;0;0;0;0;0;0;0;0;8;52;0;24;0;0;0;0;0;0;0;0;0;0;0;0;0;0
44223;2016-06;0;2;0;0;0;0;0;0;0;0;0;0;0;0;0;0;0;0;0;0;0;0;0;0;0;0;0;0;0;16;28;0;8;0;0;0;0;0;0;0;0;0;0;0;0;0;0
44224;2016-06;0;1;0;0;0;0;0;0;0;0;0;0;0;0;0;0;0;0;0;0;0;0;0;0;0;0;0;0;0;0;6;0;7;0;0;0;0;0;0;0;0;0;0;0;0;0;0
44225;2016-06;0;14;0;0;0;0;0;0;0;0;0;0;0;0;0;0;0;0;0;0;0;0;0;0;0;0;0;0;0;21;21;0;17;0;0;0;0;0;0;0;0;0;0;0;0;0;0
44226;2016-06;0;4;0;0;0;0;0;0;0;0;0;0;0;0;0;0;0;0;0;0;0;0;0;0;0;0;0;0;0;18;41;0;33;0;0;0;0;0;0;0;0;0;0;0;0;0;0
44227;2016-06;0;3;0;0;0;0;0;0;0;0;0;0;0;0;0;0;0;0;0;0;0;0;0;0;0;0;0;0;0;2;36;0;21;0;0;0;0;0;0;0;0;0;0;0;0;0;0
44228;2016-06;0;12;0;0;0;0;0;0;0;0;0;0;0;0;0;0;0;0;0;0;0;0;0;0;0;0;0;0;0;5;41;0;23;0;0;0;0;0;0;0;0;0;1;0;0;0;0
44229;2016-06;0;15;0;0;0;0;0;0;0;0;0;0;0;0;0;0;0;1;0;0;0;0;0;0;0;0;0;0;0;29;43;0;20;0;0;0;0;0;0;0;0;0;0;0;0;0;0
44230;2016-06;0;11;0;0;0;0;0;0;0;2;0;0;0;0;0;0;0;0;0;0;0;0;1;0;0;0;0;0;0;20;36;0;51;0;0;0;0;0;0;0;0;0;0;0;0;0;0
44231;2016-06;0;5;0;0;0;0;0;0;0;0;0;0;0;0;0;0;0;0;0;0;0;0;0;0;0;0;0;0;0;10;14;0;4;0;0;0;0;0;0;0;0;0;0;0;0;0;0
44232;2016-06;0;28;0;0;0;0;0;0;0;0;0;0;0;0;0;0;0;1;0;0;0;0;0;0;0;0;0;0;0;28;134;0;79;0;0;0;0;0;0;0;0;0;0;0;0;0;0
44234;2016-06;0;5;0;0;0;0;0;0;0;0;0;0;0;0;0;0;0;0;0;0;0;0;0;0;0;0;0;0;0;14;20;0;11;0;0;0;0;0;0;0;0;0;0;0;0;0;0
44235;2016-06;0;5;0;0;0;0;0;0;0;0;0;0;0;0;0;0;0;0;0;0;0;0;0;0;0;0;0;0;0;9;32;0;14;0;0;0;0;0;0;0;0;0;0;0;0;0;0
44236;2016-06;0;5;0;0;0;0;0;0;0;0;0;0;0;0;0;0;0;0;0;0;0;1;0;0;0;0;0;0;0;8;29;0;4;0;0;0;0;0;0;0;0;0;0;0;0;0;0
44237;2016-06;0;16;0;0;0;0;0;0;0;1;0;0;0;0;0;0;0;0;0;0;0;0;0;0;0;0;0;0;0;31;144;0;105;0;0;0;0;0;0;0;0;0;0;0;0;0;0
44238;2016-06;0;160;0;0;0;0;0;0;0;6;0;0;0;0;2;0;0;3;0;0;0;5;27;0;3;0;0;0;0;272;347;0;759;0;0;1;0;0;0;0;0;0;0;0;0;0;0
44239;2016-06;0;2;0;0;0;0;0;0;0;0;0;0;0;0;0;0;0;0;0;0;0;0;0;0;0;0;0;0;0;5;13;0;0;0;0;0;0;0;0;0;0;0;0;0;0;0;0
44240;2016-06;0;18;0;0;0;0;0;0;0;0;0;0;0;0;0;0;0;0;0;0;0;0;0;0;0;0;0;0;0;11;59;0;41;0;0;0;0;0;0;0;0;0;0;0;0;0;0
44241;2016-06;0;59;0;0;0;0;0;0;0;1;0;0;0;0;0;0;0;0;0;0;0;1;4;0;1;0;0;0;0;65;169;0;89;0;0;0;0;0;0;0;0;0;0;0;0;0;0
44243;2016-06;0;3;0;0;0;0;0;0;0;0;0;0;0;0;0;0;0;0;0;0;0;0;0;0;0;0;0;0;0;2;12;0;3;0;0;0;0;0;0;0;0;0;0;0;0;0;0
44244;2016-06;0;4;0;0;0;0;0;0;0;0;0;0;0;0;0;0;0;0;0;0;0;0;1;0;0;0;0;0;0;4;26;0;10;0;0;0;0;0;0;0;0;0;1;0;0;0;0
44245;2016-06;0;20;0;0;0;0;0;0;0;0;0;0;0;0;0;0;0;0;0;0;0;0;0;0;0;0;0;0;0;19;90;0;45;0;0;0;0;0;0;0;0;0;0;0;0;0;0
44246;2016-06;0;157;0;0;0;0;0;0;0;3;0;0;0;0;1;0;0;1;0;0;0;0;6;0;1;0;0;0;0;237;366;0;238;0;0;4;0;0;0;0;0;0;1;0;0;0;0
44247;2016-06;0;18;0;0;0;0;0;0;0;0;0;0;0;0;0;0;0;2;0;0;0;0;2;0;1;0;0;0;0;42;84;0;61;0;0;1;0;0;0;0;0;0;1;0;0;0;0
44249;2016-06;0;3;0;0;0;0;0;0;0;0;0;0;0;0;0;0;0;0;0;0;0;0;0;0;0;0;0;0;0;5;20;0;14;0;0;0;0;0;0;0;0;0;0;0;0;0;0
44250;2016-06;0;1;0;0;0;0;0;0;0;0;0;0;0;0;0;0;0;0;0;0;0;0;0;0;0;0;0;0;0;2;6;0;3;0;0;0;0;0;0;0;0;0;0;0;0;0;0
44251;2016-06;0;17;0;0;0;0;0;0;0;0;0;0;0;0;0;0;0;0;0;0;0;0;0;0;0;0;0;0;0;5;132;0;36;0;0;0;0;0;0;0;0;0;0;0;0;0;0
44252;2016-06;0;9;0;0;0;0;0;0;0;0;0;0;0;0;0;0;0;0;0;0;0;0;0;0;0;0;0;0;0;5;44;0;7;0;0;0;0;0;0;0;0;0;0;0;0;0;0
44256;2016-06;0;11;0;0;0;0;0;0;0;0;0;0;0;0;0;0;0;0;0;0;0;0;0;0;0;0;0;0;0;3;15;0;5;0;0;0;0;0;0;0;0;0;0;0;0;0;0
44257;2016-06;0;12;0;0;0;0;0;0;0;2;0;0;0;0;0;0;0;0;0;0;0;0;0;0;0;0;0;0;0;14;53;0;37;0;0;0;0;0;0;0;0;0;0;0;0;0;0
44258;2016-06;0;3;0;0;0;0;0;0;0;1;0;0;0;0;0;0;0;0;0;0;0;0;0;0;0;0;0;0;0;4;29;0;10;0;0;0;0;0;0;0;0;0;0;0;0;0;0
44260;2016-06;0;9;0;0;0;0;0;0;0;0;0;0;0;0;1;0;0;0;0;0;0;0;0;0;0;0;0;0;0;10;44;0;22;0;0;0;0;0;0;0;0;0;0;0;0;0;0
44261;2016-06;0;40;0;0;0;0;0;0;0;3;0;0;0;0;0;0;0;0;0;0;0;0;0;0;0;0;0;0;0;72;214;0;194;0;0;0;0;0;0;0;0;0;0;0;0;0;0
44262;2016-06;0;25;0;0;0;0;0;0;0;0;0;0;0;0;0;0;0;0;0;0;0;0;0;0;0;0;0;0;0;8;47;0;25;0;0;0;0;0;0;0;0;0;0;0;0;0;0
44263;2016-06;0;37;0;0;0;0;0;0;0;3;0;0;0;0;1;0;0;1;0;0;0;2;1;0;0;0;0;0;0;52;90;0;73;0;0;0;0;0;0;0;0;0;0;0;0;0;0
44264;2016-06;0;27;0;0;0;0;0;0;0;2;0;0;0;0;2;0;0;0;0;0;0;0;1;0;0;0;0;0;0;32;63;0;60;0;0;1;0;0;0;0;0;0;0;0;0;0;0
44265;2016-06;0;18;0;0;0;0;0;0;0;1;0;0;0;0;0;0;0;0;0;0;0;0;0;0;0;0;0;0;0;7;88;0;22;0;0;0;0;0;0;0;0;0;0;0;0;0;0
44266;2016-06;0;4;0;0;0;0;0;0;0;1;0;0;0;0;1;0;0;1;0;0;0;0;0;0;0;0;0;0;0;4;61;0;18;0;0;0;0;0;0;0;0;0;0;0;0;0;0
44267;2016-06;0;6;0;0;0;0;0;0;0;0;0;0;0;0;1;0;0;0;0;0;0;0;0;0;0;0;0;0;0;4;33;0;12;0;0;0;0;0;0;0;0;0;0;0;0;0;0
44268;2016-06;0;7;0;0;0;0;0;0;0;0;0;0;0;0;0;0;0;0;0;0;0;0;0;0;0;0;0;0;0;2;7;0;8;0;0;0;0;0;0;0;0;0;0;0;0;0;0
45001;2016-06;0;155;0;0;0;0;0;0;0;0;0;0;0;3;3;0;0;0;0;0;0;0;8;0;3;0;0;0;0;155;512;0;407;0;0;0;0;0;0;0;0;0;0;0;0;1;1
45002;2016-06;0;184;0;0;0;0;0;0;0;0;0;0;0;2;4;0;0;0;0;0;0;0;12;0;2;0;0;0;0;256;669;0;514;0;0;2;0;0;0;0;0;0;0;0;0;2;1
45003;2016-06;0;43;0;0;0;0;0;0;0;0;0;0;0;1;0;0;0;0;0;0;0;0;6;0;0;0;0;0;0;33;206;0;108;0;0;0;0;0;0;0;0;0;0;0;0;0;4
45004;2016-06;0;39;0;0;0;0;0;0;0;0;0;0;0;0;1;0;0;0;0;0;0;0;3;0;3;0;0;0;0;53;175;0;128;0;0;2;0;0;0;0;0;0;0;0;0;1;0
45005;2016-06;0;7;0;0;0;0;0;0;0;0;0;0;0;0;0;0;0;0;0;0;0;0;1;0;0;0;0;0;0;32;91;0;58;0;0;0;0;0;0;0;0;0;0;0;0;0;0
45006;2016-06;0;70;0;0;0;0;0;0;0;0;0;0;0;0;1;0;0;0;0;0;0;0;2;0;1;0;0;0;0;105;366;0;380;0;0;1;0;0;0;0;0;0;0;0;0;0;1
45007;2016-06;0;30;0;0;0;0;0;0;0;0;0;0;0;0;0;0;0;0;0;0;0;0;7;0;0;0;0;0;0;61;161;0;259;0;0;0;0;0;0;0;0;0;0;0;0;0;1
45008;2016-06;0;5;0;0;0;0;0;0;0;0;0;0;0;0;0;0;0;0;0;0;0;0;0;0;0;0;0;0;0;6;58;0;48;0;0;0;0;0;0;0;0;0;0;0;0;0;0
45009;2016-06;0;10;0;0;0;0;0;0;0;0;0;0;0;1;0;0;0;0;0;0;0;0;1;0;0;0;0;0;0;36;206;0;84;0;0;0;0;0;0;0;0;0;0;0;0;0;1
45010;2016-06;0;13;0;0;0;0;0;0;0;0;0;0;0;0;0;0;0;0;0;0;0;0;1;0;0;0;0;0;0;35;123;0;136;0;0;0;0;0;0;0;0;0;0;0;0;0;0
45011;2016-06;0;19;0;0;0;0;0;0;0;0;0;0;0;0;0;0;0;0;0;0;0;0;0;0;1;0;0;0;0;10;127;0;74;0;0;0;0;0;0;0;0;0;0;0;0;0;1
45012;2016-06;0;42;0;0;0;0;0;0;0;0;0;0;0;0;1;0;0;0;0;0;0;0;2;0;0;0;0;0;0;107;252;0;92;0;0;0;0;0;0;0;0;0;0;0;0;0;1
45013;2016-06;0;93;0;0;0;0;0;0;0;0;0;0;0;0;3;0;0;0;0;0;0;0;7;0;0;0;0;0;0;88;755;0;372;0;0;0;0;0;0;0;0;0;0;0;0;3;0
45014;2016-06;0;264;0;0;0;0;0;0;0;0;0;0;0;1;5;0;0;0;0;0;0;0;22;0;5;0;0;0;0;521;818;0;943;0;0;10;0;0;0;0;0;0;0;0;0;4;1
45015;2016-06;0;57;0;0;0;0;0;0;0;0;0;0;0;1;0;0;0;0;0;0;0;0;7;0;2;0;0;0;0;60;172;0;122;0;0;3;0;0;0;0;0;0;0;0;0;7;0
45016;2016-06;0;505;0;0;0;0;0;0;0;0;0;0;0;3;5;0;0;0;0;0;0;0;42;0;3;0;0;0;0;552;1213;0;732;0;0;6;0;0;0;0;0;0;0;0;0;12;10
45017;2016-06;0;17;0;0;0;0;0;0;0;0;0;0;0;0;0;0;0;0;0;0;0;0;3;0;0;0;0;0;0;24;75;0;84;0;0;0;0;0;0;0;0;0;0;0;0;0;0
45018;2016-06;0;46;0;0;0;0;0;0;0;0;0;0;0;0;1;0;0;0;0;0;0;0;4;0;0;0;0;0;0;92;101;0;76;0;0;3;0;0;0;0;0;0;0;0;0;0;3
45019;2016-06;0;795;0;0;0;0;0;0;0;0;0;0;0;2;7;0;0;0;0;0;0;0;63;0;11;0;0;0;0;1026;1763;0;1506;0;0;11;0;0;0;0;0;0;0;0;0;10;20
45020;2016-06;0;67;0;0;0;0;0;0;0;0;0;0;0;0;1;0;0;0;0;0;0;0;3;0;0;0;0;0;0;73;558;0;313;0;0;1;0;0;0;0;0;0;0;0;0;0;4
45021;2016-06;0;236;0;0;0;0;0;0;0;0;0;0;0;3;4;0;0;0;0;0;0;0;27;0;2;0;0;0;0;241;663;0;467;0;0;4;0;0;0;0;0;0;0;0;0;3;3
45022;2016-06;0;19;0;0;0;0;0;0;0;0;0;0;0;0;0;0;0;0;0;0;0;0;3;0;0;0;0;0;0;24;148;0;82;0;0;0;0;0;0;0;0;0;0;0;0;0;2
45023;2016-06;0;285;0;0;0;0;0;0;0;0;0;0;0;2;1;0;0;0;0;0;0;0;16;0;0;0;0;0;0;299;566;0;369;0;0;3;0;0;0;0;0;0;0;0;0;3;6
45024;2016-06;0;47;0;0;0;0;0;0;0;0;0;0;0;0;0;0;0;0;0;0;0;0;3;0;1;0;0;0;0;46;467;0;214;0;0;1;0;0;0;0;0;0;0;0;0;2;0
45025;2016-06;0;104;0;0;0;0;0;0;0;0;0;0;0;1;1;0;0;0;0;0;0;0;12;0;1;0;0;0;0;142;301;0;262;0;0;0;0;0;0;0;0;0;0;0;0;1;0
45026;2016-06;0;8;0;0;0;0;0;0;0;0;0;0;0;0;0;0;0;0;0;0;0;0;0;0;0;0;0;0;0;19;68;0;69;0;0;0;0;0;0;0;0;0;0;0;0;0;0
45027;2016-06;0;14;0;0;0;0;0;0;0;0;0;0;0;0;0;0;0;0;0;0;0;0;2;0;0;0;0;0;0;34;129;0;92;0;0;0;0;0;0;0;0;0;0;0;0;1;0
45028;2016-06;0;269;0;0;0;0;0;0;0;0;0;0;0;1;2;0;0;0;0;0;0;0;17;0;4;0;0;0;0;285;1080;0;994;0;0;3;0;0;0;0;0;0;0;0;0;2;4
45029;2016-06;0;20;0;0;0;0;0;0;0;0;0;0;0;0;0;0;0;0;0;0;0;0;0;0;0;0;0;0;0;24;67;0;58;0;0;1;0;0;0;0;0;0;0;0;0;0;0
45030;2016-06;0;22;0;0;0;0;0;0;0;0;0;0;0;0;0;0;0;0;0;0;0;0;1;0;0;0;0;0;0;67;136;0;131;0;0;0;0;0;0;0;0;0;0;0;0;0;1
45031;2016-06;0;214;0;0;0;0;0;0;0;0;0;0;0;3;2;0;0;0;0;0;0;0;18;0;1;0;0;0;0;324;792;0;448;0;0;3;0;0;0;0;0;0;0;0;0;0;5
45032;2016-06;0;42;0;0;0;0;0;0;0;0;0;0;0;0;1;0;0;0;0;0;0;0;0;0;0;0;0;0;0;47;93;0;90;0;0;1;0;0;0;0;0;0;0;0;0;0;0
45033;2016-06;0;7;0;0;0;0;0;0;0;0;0;0;0;0;0;0;0;0;0;0;0;0;2;0;0;0;0;0;0;18;120;0;92;0;0;1;0;0;0;0;0;0;0;0;0;1;0
45034;2016-06;0;131;0;0;0;0;0;0;0;0;0;0;0;0;0;0;0;0;0;0;0;0;8;0;1;0;0;0;0;197;443;0;290;0;0;0;0;0;0;0;0;0;0;0;0;2;0
45035;2016-06;0;10;0;0;0;0;0;0;0;0;0;0;0;0;1;0;0;0;0;0;0;0;2;0;0;0;0;0;0;59;73;0;62;0;0;1;0;0;0;0;0;0;0;0;0;0;0
45036;2016-06;0;23;0;0;0;0;0;0;0;0;0;0;0;0;1;0;0;0;0;0;0;0;2;0;1;0;0;0;0;63;249;0;125;0;0;0;0;0;0;0;0;0;0;0;0;0;3
45037;2016-06;0;85;0;0;0;0;0;0;0;0;0;0;0;0;0;0;0;0;0;0;0;0;4;0;0;0;0;0;0;153;486;0;369;0;0;1;0;0;0;0;0;0;0;0;0;0;8
45038;2016-06;0;422;0;0;0;0;0;0;0;0;0;0;0;5;5;0;0;0;0;0;0;0;47;0;3;0;0;0;0;476;983;0;368;0;0;3;0;0;0;0;0;0;0;0;0;7;16
45039;2016-06;0;35;0;0;0;0;0;0;0;0;0;0;0;1;1;0;0;0;0;0;0;0;2;0;0;0;0;0;0;8;102;0;41;0;0;0;0;0;0;0;0;0;0;0;0;0;0
45040;2016-06;0;55;0;0;0;0;0;0;0;0;0;0;0;0;0;0;0;0;0;0;0;0;4;0;1;0;0;0;0;147;388;0;236;0;0;0;0;0;0;0;0;0;0;0;0;1;2
45041;2016-06;0;413;0;0;0;0;0;0;0;0;0;0;0;3;5;0;0;0;0;0;0;0;35;0;3;0;0;0;0;490;1058;0;566;0;0;7;0;0;0;0;0;0;0;0;0;2;3
45042;2016-06;0;6;0;0;0;0;0;0;0;0;0;0;0;0;0;0;0;0;0;0;0;0;1;0;0;0;0;0;0;17;78;0;37;0;0;1;0;0;0;0;0;0;0;0;0;0;0
45043;2016-06;0;57;0;0;0;0;0;0;0;0;0;0;0;1;1;0;0;0;0;0;0;0;0;0;0;0;0;0;0;51;335;0;199;0;0;0;0;0;0;0;0;0;0;0;0;2;2
45045;2016-06;0;99;0;0;0;0;0;0;0;0;0;0;0;1;1;0;0;0;0;0;0;0;7;0;1;0;0;0;0;112;395;0;267;0;0;0;0;0;0;0;0;0;0;0;0;0;0
45046;2016-06;0;128;0;0;0;0;0;0;0;0;0;0;0;0;3;0;0;0;0;0;0;0;5;0;0;0;0;0;0;204;697;0;604;0;0;4;0;0;0;0;0;0;0;0;0;1;1
45047;2016-06;0;273;0;0;0;0;0;0;0;0;0;0;0;1;3;0;0;0;0;0;0;0;32;0;2;0;0;0;0;301;755;0;255;0;0;5;0;0;0;0;0;0;0;0;0;1;13
45048;2016-06;0;25;0;0;0;0;0;0;0;0;0;0;0;0;1;0;0;0;0;0;0;0;0;0;1;0;0;0;0;16;137;0;92;0;0;1;0;0;0;0;0;0;0;0;0;0;1
45049;2016-06;0;29;0;0;0;0;0;0;0;0;0;0;0;1;0;0;0;0;0;0;0;0;0;0;0;0;0;0;0;35;161;0;76;0;0;0;0;0;0;0;0;0;0;0;0;0;1
45050;2016-06;0;33;0;0;0;0;0;0;0;0;0;0;0;0;0;0;0;0;0;0;0;0;5;0;0;0;0;0;0;55;146;0;87;0;0;1;0;0;0;0;0;0;0;0;0;0;0
45051;2016-06;0;114;0;0;0;0;0;0;0;0;0;0;0;1;1;0;0;0;0;0;0;0;4;0;3;0;0;0;0;85;497;0;439;0;0;1;0;0;0;0;0;0;0;0;0;1;1
45052;2016-06;0;413;0;0;0;0;0;0;0;0;0;0;0;1;2;0;0;0;0;0;0;0;36;0;5;0;0;0;0;419;889;0;494;0;0;7;0;0;0;0;0;0;0;0;0;7;6
45053;2016-06;0;709;0;0;0;0;0;0;0;0;0;0;0;2;2;0;0;0;0;0;0;0;35;0;1;0;0;0;0;684;2599;0;2043;0;0;2;0;0;0;0;0;0;0;0;0;8;13
45054;2016-06;0;370;0;0;0;0;0;0;0;0;0;0;0;1;1;0;0;0;0;0;0;0;16;0;4;0;0;0;0;266;1420;0;752;0;0;3;0;0;0;0;0;0;0;0;0;2;1
45055;2016-06;0;59;0;0;0;0;0;0;0;0;0;0;0;1;1;0;0;0;0;0;0;0;3;0;0;0;0;0;0;63;389;0;266;0;0;0;0;0;0;0;0;0;0;0;0;1;1
45056;2016-06;0;192;0;0;0;0;0;0;0;0;0;0;0;4;1;0;0;0;0;0;0;0;17;0;2;0;0;0;0;225;454;0;324;0;0;3;0;0;0;0;0;0;0;0;0;5;4
45057;2016-06;0;10;0;0;0;0;0;0;0;0;0;0;0;0;0;0;0;0;0;0;0;0;1;0;0;0;0;0;0;9;97;0;59;0;0;0;0;0;0;0;0;0;0;0;0;0;0
45058;2016-06;0;10;0;0;0;0;0;0;0;0;0;0;0;0;0;0;0;0;0;0;0;0;1;0;0;0;0;0;0;51;149;0;91;0;0;0;0;0;0;0;0;0;0;0;0;0;1
45059;2016-06;0;144;0;0;0;0;0;0;0;0;0;0;0;1;0;0;0;0;0;0;0;0;6;0;3;0;0;0;0;60;753;0;334;0;0;2;0;0;0;0;0;0;0;0;0;0;7
45060;2016-06;0;12;0;0;0;0;0;0;0;0;0;0;0;0;1;0;0;0;0;0;0;0;0;0;0;0;0;0;0;11;26;0;73;0;0;1;0;0;0;0;0;0;0;0;0;0;0
45061;2016-06;0;156;0;0;0;0;0;0;0;0;0;0;0;1;1;0;0;0;0;0;0;0;17;0;0;0;0;0;0;218;687;0;595;0;0;1;0;0;0;0;0;0;0;0;0;1;0
45062;2016-06;0;81;0;0;0;0;0;0;0;0;0;0;0;0;0;0;0;0;0;0;0;0;3;0;0;0;0;0;0;61;464;0;250;0;0;0;0;0;0;0;0;0;0;0;0;2;2
45063;2016-06;0;21;0;0;0;0;0;0;0;0;0;0;0;0;0;0;0;0;0;0;0;0;2;0;0;0;0;0;0;35;145;0;98;0;0;0;0;0;0;0;0;0;0;0;0;0;1
45064;2016-06;0;402;0;0;0;0;0;0;0;0;0;0;0;0;2;0;0;0;0;0;0;0;30;0;1;0;0;0;0;689;990;0;610;0;0;3;0;0;0;0;0;0;0;0;0;7;9
45065;2016-06;0;10;0;0;0;0;0;0;0;0;0;0;0;0;0;0;0;0;0;0;0;0;0;0;0;0;0;0;0;28;92;0;75;0;0;0;0;0;0;0;0;0;0;0;0;0;0
45066;2016-06;0;675;0;0;0;0;0;0;0;0;0;0;0;5;6;0;0;0;0;0;0;0;55;0;4;0;0;0;0;709;2894;0;1085;0;0;6;0;0;0;0;0;0;0;0;0;7;13
45067;2016-06;0;153;0;0;0;0;0;0;0;0;0;0;0;1;1;0;0;0;0;0;0;0;6;0;1;0;0;0;0;154;964;0;444;0;0;2;0;0;0;0;0;0;0;0;0;2;5
45068;2016-06;0;7;0;0;0;0;0;0;0;0;0;0;0;0;0;0;0;0;0;0;0;0;4;0;0;0;0;0;0;18;38;0;56;0;0;0;0;0;0;0;0;0;0;0;0;2;1
45069;2016-06;0;120;0;0;0;0;0;0;0;0;0;0;0;1;2;0;0;0;0;0;0;0;7;0;0;0;0;0;0;202;650;0;382;0;0;1;0;0;0;0;0;0;0;0;0;1;4
45070;2016-06;0;111;0;0;0;0;0;0;0;0;0;0;0;0;1;0;0;0;0;0;0;0;9;0;4;0;0;0;0;172;538;0;303;0;0;0;0;0;0;0;0;0;0;0;0;2;1
45071;2016-06;0;102;0;0;0;0;0;0;0;0;0;0;0;0;0;0;0;0;0;0;0;0;3;0;2;0;0;0;0;269;511;0;512;0;0;3;0;0;0;0;0;0;0;0;0;0;1
45072;2016-06;0;41;0;0;0;0;0;0;0;0;0;0;0;0;0;0;0;0;0;0;0;0;5;0;1;0;0;0;0;57;221;0;156;0;0;0;0;0;0;0;0;0;0;0;0;0;0
45073;2016-06;0;3;0;0;0;0;0;0;0;0;0;0;0;0;0;0;0;0;0;0;0;0;1;0;0;0;0;0;0;46;114;0;67;0;0;1;0;0;0;0;0;0;0;0;0;0;0
45074;2016-06;0;34;0;0;0;0;0;0;0;0;0;0;0;0;0;0;0;0;0;0;0;0;1;0;0;0;0;0;0;39;156;0;92;0;0;0;0;0;0;0;0;0;0;0;0;0;0
45075;2016-06;0;14;0;0;0;0;0;0;0;0;0;0;0;0;0;0;0;0;0;0;0;0;4;0;0;0;0;0;0;18;52;0;20;0;0;0;0;0;0;0;0;0;0;0;0;0;0
45076;2016-06;0;30;0;0;0;0;0;0;0;0;0;0;0;1;0;0;0;0;0;0;0;0;2;0;0;0;0;0;0;47;170;0;110;0;0;1;0;0;0;0;0;0;0;0;0;0;0
45077;2016-06;0;57;0;0;0;0;0;0;0;0;0;0;0;1;0;0;0;0;0;0;0;0;5;0;0;0;0;0;0;46;181;0;133;0;0;2;0;0;0;0;0;0;0;0;0;0;1
45078;2016-06;0;83;0;0;0;0;0;0;0;0;0;0;0;0;2;0;0;0;0;0;0;0;10;0;0;0;0;0;0;89;547;0;377;0;0;0;0;0;0;0;0;0;0;0;0;0;5
45079;2016-06;0;20;0;0;0;0;0;0;0;0;0;0;0;0;0;0;0;0;0;0;0;0;1;0;0;0;0;0;0;43;132;0;86;0;0;0;0;0;0;0;0;0;0;0;0;0;1
45080;2016-06;0;0;0;0;0;0;0;0;0;0;0;0;0;0;0;0;0;0;0;0;0;0;0;0;0;0;0;0;0;0;4;0;1;0;0;0;0;0;0;0;0;0;0;0;0;1;0
45081;2016-06;0;2374;0;0;0;0;0;0;0;0;0;0;0;16;16;0;0;0;0;0;0;0;229;0;10;0;0;0;0;2202;5014;0;2483;0;0;25;0;0;0;0;0;0;0;0;0;22;60
45082;2016-06;0;58;0;0;0;0;0;0;0;0;0;0;0;0;0;0;0;0;0;0;0;0;1;0;0;0;0;0;0;132;460;0;351;0;0;0;0;0;0;0;0;0;0;0;0;0;1
45083;2016-06;0;35;0;0;0;0;0;0;0;0;0;0;0;0;0;0;0;0;0;0;0;0;4;0;1;0;0;0;0;34;212;0;69;0;0;2;0;0;0;0;0;0;0;0;0;2;6
45084;2016-06;0;114;0;0;0;0;0;0;0;0;0;0;0;0;5;0;0;0;0;0;0;0;10;0;1;0;0;0;0;246;665;0;597;0;0;1;0;0;0;0;0;0;0;0;0;3;1
45085;2016-06;0;127;0;0;0;0;0;0;0;0;0;0;0;4;2;0;0;0;0;0;0;0;10;0;0;0;0;0;0;135;548;0;162;0;0;1;0;0;0;0;0;0;0;0;0;2;4
45086;2016-06;0;19;0;0;0;0;0;0;0;0;0;0;0;0;0;0;0;0;0;0;0;0;5;0;0;0;0;0;0;34;173;0;108;0;0;1;0;0;0;0;0;0;0;0;0;0;1
45087;2016-06;0;750;0;0;0;0;0;0;0;0;0;0;0;2;1;0;0;0;0;0;0;0;38;0;5;0;0;0;0;612;2775;0;1491;0;0;4;0;0;0;0;0;0;0;0;0;14;12
45088;2016-06;0;230;0;0;0;0;0;0;0;0;0;0;0;2;3;0;0;0;0;0;0;0;20;0;5;0;0;0;0;203;505;0;358;0;0;3;0;0;0;0;0;0;0;0;0;1;4
45089;2016-06;0;114;0;0;0;0;0;0;0;0;0;0;0;0;0;0;0;0;0;0;0;0;4;0;0;0;0;0;0;260;311;0;404;0;0;1;0;0;0;0;0;0;0;0;0;0;0
45090;2016-06;0;24;0;0;0;0;0;0;0;0;0;0;0;0;0;0;0;0;0;0;0;0;0;0;0;0;0;0;0;19;134;0;112;0;0;0;0;0;0;0;0;0;0;0;0;1;0
45091;2016-06;0;40;0;0;0;0;0;0;0;0;0;0;0;0;0;0;0;0;0;0;0;0;2;0;0;0;0;0;0;20;95;0;107;0;0;0;0;0;0;0;0;0;0;0;0;0;0
45092;2016-06;0;11;0;0;0;0;0;0;0;0;0;0;0;0;1;0;0;0;0;0;0;0;0;0;0;0;0;0;0;6;114;0;59;0;0;0;0;0;0;0;0;0;0;0;0;0;0
45093;2016-06;0;15;0;0;0;0;0;0;0;0;0;0;0;0;0;0;0;0;0;0;0;0;1;0;0;0;0;0;0;6;83;0;21;0;0;0;0;0;0;0;0;0;0;0;0;0;0
45094;2016-06;0;25;0;0;0;0;0;0;0;0;0;0;0;0;1;0;0;0;0;0;0;0;1;0;0;0;0;0;0;44;138;0;86;0;0;0;0;0;0;0;0;0;0;0;0;0;1
45095;2016-06;0;48;0;0;0;0;0;0;0;0;0;0;0;1;0;0;0;0;0;0;0;0;2;0;0;0;0;0;0;21;273;0;158;0;0;1;0;0;0;0;0;0;0;0;0;1;0
45096;2016-06;0;61;0;0;0;0;0;0;0;0;0;0;0;0;1;0;0;0;0;0;0;0;4;0;0;0;0;0;0;228;320;0;179;0;0;0;0;0;0;0;0;0;0;0;0;2;3
45097;2016-06;0;88;0;0;0;0;0;0;0;0;0;0;0;0;1;0;0;0;0;0;0;0;1;0;0;0;0;0;0;39;397;0;302;0;0;0;0;0;0;0;0;0;0;0;0;1;1
45098;2016-06;0;97;0;0;0;0;0;0;0;0;0;0;0;0;2;0;0;0;0;0;0;0;2;0;1;0;0;0;0;151;1123;0;216;0;0;0;0;0;0;0;0;0;0;0;0;1;4
45099;2016-06;0;323;0;0;0;0;0;0;0;0;0;0;0;5;0;0;0;0;0;0;0;0;22;0;3;0;0;0;0;497;936;0;556;0;0;7;0;0;0;0;0;0;0;0;0;0;3
45100;2016-06;0;5;0;0;0;0;0;0;0;0;0;0;0;0;1;0;0;0;0;0;0;0;3;0;2;0;0;0;0;12;59;0;68;0;0;0;0;0;0;0;0;0;0;0;0;0;0
45101;2016-06;0;307;0;0;0;0;0;0;0;0;0;0;0;0;5;0;0;0;0;0;0;0;15;0;1;0;0;0;0;333;1657;0;641;0;0;2;0;0;0;0;0;0;0;0;0;3;8
45102;2016-06;0;296;0;0;0;0;0;0;0;0;0;0;0;0;0;0;0;0;0;0;0;0;12;0;1;0;0;0;0;340;1142;0;651;0;0;5;0;0;0;0;0;0;0;0;0;3;6
45103;2016-06;0;5;0;0;0;0;0;0;0;0;0;0;0;0;0;0;0;0;0;0;0;0;0;0;0;0;0;0;0;10;183;0;126;0;0;0;0;0;0;0;0;0;0;0;0;0;0
45104;2016-06;0;27;0;0;0;0;0;0;0;0;0;0;0;0;0;0;0;0;0;0;0;0;3;0;1;0;0;0;0;59;92;0;140;0;0;0;0;0;0;0;0;0;0;0;0;0;0
45105;2016-06;0;29;0;0;0;0;0;0;0;0;0;0;0;0;0;0;0;0;0;0;0;0;0;0;0;0;0;0;0;11;146;0;103;0;0;1;0;0;0;0;0;0;0;0;0;1;3
45106;2016-06;0;467;0;0;0;0;0;0;0;0;0;0;0;4;7;0;0;0;0;0;0;0;33;0;9;0;0;0;0;887;2361;0;1686;0;0;4;0;0;0;0;0;0;0;0;0;9;15
45107;2016-06;0;422;0;0;0;0;0;0;0;0;0;0;0;0;1;0;0;0;0;0;0;0;29;0;2;0;0;0;0;441;1016;0;532;0;0;2;0;0;0;0;0;0;0;0;0;5;7
45108;2016-06;0;22;0;0;0;0;0;0;0;0;0;0;0;0;0;0;0;0;0;0;0;0;0;0;0;0;0;0;0;9;215;0;164;0;0;0;0;0;0;0;0;0;0;0;0;0;0
45109;2016-06;0;165;0;0;0;0;0;0;0;0;0;0;0;3;3;0;0;0;0;0;0;0;16;0;1;0;0;0;0;200;1224;0;583;0;0;1;0;0;0;0;0;0;0;0;0;4;5
45110;2016-06;0;69;0;0;0;0;0;0;0;0;0;0;0;0;0;0;0;0;0;0;0;0;0;0;0;0;0;0;0;48;659;0;616;0;0;0;0;0;0;0;0;0;0;0;0;0;1
45111;2016-06;0;1;0;0;0;0;0;0;0;0;0;0;0;0;0;0;0;0;0;0;0;0;1;0;0;0;0;0;0;4;21;0;23;0;0;0;0;0;0;0;0;0;0;0;0;0;0
45112;2016-06;0;108;0;0;0;0;0;0;0;0;0;0;0;0;1;0;0;0;0;0;0;0;3;0;2;0;0;0;0;155;573;0;360;0;0;1;0;0;0;0;0;0;0;0;0;0;2
45113;2016-06;0;103;0;0;0;0;0;0;0;0;0;0;0;0;0;0;0;0;0;0;0;0;6;0;2;0;0;0;0;106;765;0;375;0;0;2;0;0;0;0;0;0;0;0;0;1;0
45114;2016-06;0;44;0;0;0;0;0;0;0;0;0;0;0;0;0;0;0;0;0;0;0;0;4;0;0;0;0;0;0;37;186;0;176;0;0;0;0;0;0;0;0;0;0;0;0;0;0
45115;2016-06;0;262;0;0;0;0;0;0;0;0;0;0;0;0;2;0;0;0;0;0;0;0;8;0;0;0;0;0;0;161;868;0;638;0;0;4;0;0;0;0;0;0;0;0;0;2;13
45116;2016-06;0;41;0;0;0;0;0;0;0;0;0;0;0;0;0;0;0;0;0;0;0;0;3;0;0;0;0;0;0;35;279;0;146;0;0;0;0;0;0;0;0;0;0;0;0;0;0
45117;2016-06;0;49;0;0;0;0;0;0;0;0;0;0;0;0;0;0;0;0;0;0;0;0;1;0;0;0;0;0;0;39;236;0;271;0;0;0;0;0;0;0;0;0;0;0;0;1;0
45118;2016-06;0;144;0;0;0;0;0;0;0;0;0;0;0;0;3;0;0;0;0;0;0;0;15;0;0;0;0;0;0;196;591;0;373;0;0;5;0;0;0;0;0;0;0;0;0;1;5
45119;2016-06;0;276;0;0;0;0;0;0;0;0;0;0;0;0;3;0;0;0;0;0;0;0;38;0;4;0;0;0;0;461;781;0;482;0;0;5;0;0;0;0;0;0;0;0;0;2;0
45120;2016-06;0;12;0;0;0;0;0;0;0;0;0;0;0;0;0;0;0;0;0;0;0;0;0;0;0;0;0;0;0;9;39;0;43;0;0;0;0;0;0;0;0;0;0;0;0;0;0
45121;2016-06;0;696;0;0;0;0;0;0;0;0;0;0;0;7;5;0;0;0;0;0;0;0;39;0;2;0;0;0;0;567;2240;0;1072;0;0;4;0;0;0;0;0;0;0;0;0;9;29
45122;2016-06;0;678;0;0;0;0;0;0;0;0;0;0;0;2;3;0;0;0;0;0;0;0;42;0;5;0;0;0;0;619;1712;0;852;0;0;9;0;0;0;0;0;0;0;0;0;9;14
45123;2016-06;0;417;0;0;0;0;0;0;0;0;0;0;0;1;1;0;0;0;0;0;0;0;29;0;1;0;0;0;0;486;647;0;524;0;0;7;0;0;0;0;0;0;0;0;0;3;4
45124;2016-06;0;132;0;0;0;0;0;0;0;0;0;0;0;1;4;0;0;0;0;0;0;0;14;0;0;0;0;0;0;134;795;0;549;0;0;0;0;0;0;0;0;0;0;0;0;1;1
45125;2016-06;0;164;0;0;0;0;0;0;0;0;0;0;0;1;1;0;0;0;0;0;0;0;10;0;3;0;0;0;0;228;771;0;644;0;0;3;0;0;0;0;0;0;0;0;0;5;3
45126;2016-06;0;22;0;0;0;0;0;0;0;0;0;0;0;0;0;0;0;0;0;0;0;0;1;0;0;0;0;0;0;32;46;0;68;0;0;3;0;0;0;0;0;0;0;0;0;0;0
45127;2016-06;0;48;0;0;0;0;0;0;0;0;0;0;0;0;0;0;0;0;0;0;0;0;6;0;0;0;0;0;0;97;280;0;73;0;0;2;0;0;0;0;0;0;0;0;0;1;1
45128;2016-06;0;229;0;0;0;0;0;0;0;0;0;0;0;0;1;0;0;0;0;0;0;0;13;0;2;0;0;0;0;219;648;0;545;0;0;0;0;0;0;0;0;0;0;0;0;1;4
45129;2016-06;0;5;0;0;0;0;0;0;0;0;0;0;0;0;0;0;0;0;0;0;0;0;0;0;0;0;0;0;0;24;40;0;23;0;0;0;0;0;0;0;0;0;0;0;0;0;0
45130;2016-06;0;26;0;0;0;0;0;0;0;0;0;0;0;0;0;0;0;0;0;0;0;0;0;0;0;0;0;0;0;23;124;0;75;0;0;0;0;0;0;0;0;0;0;0;0;0;1
45131;2016-06;0;16;0;0;0;0;0;0;0;0;0;0;0;0;0;0;0;0;0;0;0;0;1;0;0;0;0;0;0;34;110;0;68;0;0;0;0;0;0;0;0;0;0;0;0;1;0
45132;2016-06;0;244;0;0;0;0;0;0;0;0;0;0;0;0;0;0;0;0;0;0;0;0;13;0;0;0;0;0;0;165;940;0;247;0;0;1;0;0;0;0;0;0;0;0;0;6;2
45133;2016-06;0;226;0;0;0;0;0;0;0;0;0;0;0;2;0;0;0;0;0;0;0;0;9;0;0;0;0;0;0;258;884;0;647;0;0;3;0;0;0;0;0;0;0;0;0;1;5
45134;2016-06;0;104;0;0;0;0;0;0;0;0;0;0;0;0;1;0;0;0;0;0;0;0;5;0;1;0;0;0;0;186;571;0;313;0;0;1;0;0;0;0;0;0;0;0;0;2;2
45135;2016-06;0;309;0;0;0;0;0;0;0;0;0;0;0;4;2;0;0;0;0;0;0;0;29;0;3;0;0;0;0;703;1321;0;898;0;0;2;0;0;0;0;0;0;0;0;0;2;7
45136;2016-06;0;426;0;0;0;0;0;0;0;0;0;0;0;0;0;0;0;0;0;0;0;0;25;0;2;0;0;0;0;420;2027;0;1088;0;0;1;0;0;0;0;0;0;0;0;0;2;3
45137;2016-06;0;104;0;0;0;0;0;0;0;0;0;0;0;0;0;0;0;0;0;0;0;0;3;0;0;0;0;0;0;167;330;0;414;0;0;0;0;0;0;0;0;0;0;0;0;1;1
45138;2016-06;0;67;0;0;0;0;0;0;0;0;0;0;0;0;2;0;0;0;0;0;0;0;11;0;0;0;0;0;0;75;442;0;268;0;0;0;0;0;0;0;0;0;0;0;0;1;1
45139;2016-06;0;3;0;0;0;0;0;0;0;0;0;0;0;0;0;0;0;0;0;0;0;0;1;0;0;0;0;0;0;9;51;0;74;0;0;0;0;0;0;0;0;0;0;0;0;0;0
45140;2016-06;0;58;0;0;0;0;0;0;0;0;0;0;0;0;2;0;0;0;0;0;0;0;0;0;1;0;0;0;0;92;321;0;345;0;0;1;0;0;0;0;0;0;0;0;0;0;0
45141;2016-06;0;46;0;0;0;0;0;0;0;0;0;0;0;0;0;0;0;0;0;0;0;0;1;0;2;0;0;0;0;85;310;0;240;0;0;0;0;0;0;0;0;0;0;0;0;1;1
45142;2016-06;0;682;0;0;0;0;0;0;0;0;0;0;0;2;6;0;0;0;0;0;0;0;57;0;1;0;0;0;0;759;2810;0;1555;0;0;2;0;0;0;0;0;0;0;0;0;5;11
45143;2016-06;0;67;0;0;0;0;0;0;0;0;0;0;0;1;2;0;0;0;0;0;0;0;9;0;2;0;0;0;0;186;400;0;202;0;0;0;0;0;0;0;0;0;0;0;0;0;1
45144;2016-06;0;35;0;0;0;0;0;0;0;0;0;0;0;2;2;0;0;0;0;0;0;0;2;0;1;0;0;0;0;76;267;0;229;0;0;0;0;0;0;0;0;0;0;0;0;1;0
45145;2016-06;0;257;0;0;0;0;0;0;0;0;0;0;0;0;1;0;0;0;0;0;0;0;25;0;2;0;0;0;0;242;774;0;350;0;0;5;0;0;0;0;0;0;0;0;0;3;4
45146;2016-06;0;1;0;0;0;0;0;0;0;0;0;0;0;0;0;0;0;0;0;0;0;0;1;0;0;0;0;0;0;5;60;0;16;0;0;0;0;0;0;0;0;0;0;0;0;0;0
45147;2016-06;0;53;0;0;0;0;0;0;0;0;0;0;0;3;0;0;0;0;0;0;0;0;4;0;0;0;0;0;0;64;169;0;150;0;0;0;0;0;0;0;0;0;0;0;0;2;0
45148;2016-06;0;12;0;0;0;0;0;0;0;0;0;0;0;0;1;0;0;0;0;0;0;0;0;0;0;0;0;0;0;10;128;0;71;0;0;1;0;0;0;0;0;0;0;0;0;0;0
45149;2016-06;0;26;0;0;0;0;0;0;0;0;0;0;0;0;2;0;0;0;0;0;0;0;2;0;0;0;0;0;0;38;232;0;138;0;0;0;0;0;0;0;0;0;0;0;0;0;2
45150;2016-06;0;15;0;0;0;0;0;0;0;0;0;0;0;0;0;0;0;0;0;0;0;0;0;0;0;0;0;0;0;19;126;0;193;0;0;1;0;0;0;0;0;0;0;0;0;0;0
45151;2016-06;0;26;0;0;0;0;0;0;0;0;0;0;0;0;1;0;0;0;0;0;0;0;3;0;0;0;0;0;0;80;164;0;140;0;0;0;0;0;0;0;0;0;0;0;0;0;0
45152;2016-06;0;35;0;0;0;0;0;0;0;0;0;0;0;0;0;0;0;0;0;0;0;0;5;0;3;0;0;0;0;35;175;0;197;0;0;1;0;0;0;0;0;0;0;0;0;0;0
45153;2016-06;0;143;0;0;0;0;0;0;0;0;0;0;0;0;3;0;0;0;0;0;0;0;5;0;0;0;0;0;0;161;586;0;332;0;0;2;0;0;0;0;0;0;0;0;0;1;3
45154;2016-06;0;186;0;0;0;0;0;0;0;0;0;0;0;6;2;0;0;0;0;0;0;0;11;0;2;0;0;0;0;172;434;0;245;0;0;1;0;0;0;0;0;0;0;0;0;3;6
45155;2016-06;0;15;0;0;0;0;0;0;0;0;0;0;0;0;0;0;0;0;0;0;0;0;2;0;0;0;0;0;0;29;115;0;124;0;0;0;0;0;0;0;0;0;0;0;0;0;0
45156;2016-06;0;327;0;0;0;0;0;0;0;0;0;0;0;1;1;0;0;0;0;0;0;0;14;0;2;0;0;0;0;480;1053;0;811;0;0;3;0;0;0;0;0;0;0;0;0;0;6
45157;2016-06;0;187;0;0;0;0;0;0;0;0;0;0;0;4;1;0;0;0;0;0;0;0;9;0;2;0;0;0;0;262;704;0;234;0;0;6;0;0;0;0;0;0;0;0;0;3;2
45158;2016-06;0;151;0;0;0;0;0;0;0;0;0;0;0;0;3;0;0;0;0;0;0;0;13;0;1;0;0;0;0;248;862;0;469;0;0;1;0;0;0;0;0;0;0;0;0;1;0
45159;2016-06;0;6;0;0;0;0;0;0;0;0;0;0;0;0;0;0;0;0;0;0;0;0;0;0;0;0;0;0;0;5;40;0;24;0;0;0;0;0;0;0;0;0;0;0;0;0;0
45160;2016-06;0;97;0;0;0;0;0;0;0;0;0;0;0;0;0;0;0;0;0;0;0;0;5;0;0;0;0;0;0;92;452;0;205;0;0;2;0;0;0;0;0;0;0;0;0;1;4
45161;2016-06;0;1848;0;0;0;0;0;0;0;0;0;0;0;11;14;0;0;0;0;0;0;0;201;0;19;0;0;0;0;2176;2936;0;1570;0;0;31;0;0;0;0;0;0;0;0;0;24;40
45162;2016-06;0;36;0;0;0;0;0;0;0;0;0;0;0;0;0;0;0;0;0;0;0;0;2;0;1;0;0;0;0;37;245;0;162;0;0;0;0;0;0;0;0;0;0;0;0;1;0
45163;2016-06;0;978;0;0;0;0;0;0;0;0;0;0;0;8;3;0;0;0;0;0;0;0;40;0;7;0;0;0;0;920;2384;0;1457;0;0;6;0;0;0;0;0;0;0;0;0;8;16
45164;2016-06;0;17;0;0;0;0;0;0;0;0;0;0;0;0;0;0;0;0;0;0;0;0;0;0;0;0;0;0;0;10;89;0;42;0;0;1;0;0;0;0;0;0;0;0;0;0;0
45165;2016-06;0;6501;0;0;0;0;0;0;0;0;0;0;0;33;25;0;0;0;0;0;0;0;450;0;26;0;0;0;0;6245;19148;0;11031;0;0;79;0;0;0;0;0;0;0;0;0;121;111
45166;2016-06;0;123;0;0;0;0;0;0;0;0;0;0;0;0;0;0;0;0;0;0;0;0;5;0;0;0;0;0;0;127;481;0;538;0;0;1;0;0;0;0;0;0;0;0;0;0;3
45167;2016-06;0;106;0;0;0;0;0;0;0;0;0;0;0;0;2;0;0;0;0;0;0;0;7;0;0;0;0;0;0;104;553;0;346;0;0;4;0;0;0;0;0;0;0;0;0;1;4
45168;2016-06;0;7147;0;0;0;0;0;0;0;0;0;0;0;23;34;0;0;0;0;0;0;0;440;0;60;0;0;0;0;7767;20309;0;10230;0;0;104;0;0;0;0;0;0;0;0;0;140;202
45169;2016-06;0;18;0;0;0;0;0;0;0;0;0;0;0;0;0;0;0;0;0;0;0;0;2;0;0;0;0;0;0;5;56;0;56;0;0;0;0;0;0;0;0;0;0;0;0;0;1
45170;2016-06;0;8;0;0;0;0;0;0;0;0;0;0;0;0;0;0;0;0;0;0;0;0;0;0;0;0;0;0;0;19;94;0;46;0;0;0;0;0;0;0;0;0;0;0;0;0;0
45171;2016-06;0;123;0;0;0;0;0;0;0;0;0;0;0;0;0;0;0;0;0;0;0;0;12;0;4;0;0;0;0;114;450;0;313;0;0;0;0;0;0;0;0;0;0;0;0;1;6
45172;2016-06;0;82;0;0;0;0;0;0;0;0;0;0;0;0;0;0;0;0;0;0;0;0;1;0;0;0;0;0;0;38;249;0;150;0;0;0;0;0;0;0;0;0;0;0;0;0;0
45173;2016-06;0;993;0;0;0;0;0;0;0;0;0;0;0;7;4;0;0;0;0;0;0;0;65;0;5;0;0;0;0;819;3289;0;1601;0;0;8;0;0;0;0;0;0;0;0;0;22;21
45174;2016-06;0;12;0;0;0;0;0;0;0;0;0;0;0;0;0;0;0;0;0;0;0;0;2;0;0;0;0;0;0;10;134;0;74;0;0;0;0;0;0;0;0;0;0;0;0;0;0
45175;2016-06;0;27;0;0;0;0;0;0;0;0;0;0;0;1;0;0;0;0;0;0;0;0;1;0;0;0;0;0;0;30;297;0;182;0;0;0;0;0;0;0;0;0;0;0;0;0;0
45176;2016-06;0;518;0;0;0;0;0;0;0;0;0;0;0;1;7;0;0;0;0;0;0;0;49;0;0;0;0;0;0;522;900;0;483;0;0;10;0;0;0;0;0;0;0;0;0;4;5
45177;2016-06;0;142;0;0;0;0;0;0;0;0;0;0;0;0;0;0;0;0;0;0;0;0;10;0;0;0;0;0;0;217;734;0;545;0;0;1;0;0;0;0;0;0;0;0;0;2;2
45179;2016-06;0;31;0;0;0;0;0;0;0;0;0;0;0;0;0;0;0;0;0;0;0;0;0;0;1;0;0;0;0;34;189;0;127;0;0;1;0;0;0;0;0;0;0;0;0;0;0
45180;2016-06;0;278;0;0;0;0;0;0;0;0;0;0;0;1;2;0;0;0;0;0;0;0;17;0;1;0;0;0;0;239;987;0;399;0;0;0;0;0;0;0;0;0;0;0;0;1;6
45181;2016-06;0;153;0;0;0;0;0;0;0;0;0;0;0;0;0;0;0;0;0;0;0;0;2;0;1;0;0;0;0;97;811;0;565;0;0;1;0;0;0;0;0;0;0;0;0;2;1
45182;2016-06;0;51;0;0;0;0;0;0;0;0;0;0;0;2;0;0;0;0;0;0;0;0;3;0;0;0;0;0;0;118;361;0;252;0;0;0;0;0;0;0;0;0;0;0;0;1;2
45183;2016-06;0;253;0;0;0;0;0;0;0;0;0;0;0;1;0;0;0;0;0;0;0;0;21;0;7;0;0;0;0;294;551;0;272;0;0;2;0;0;0;0;0;0;0;0;0;18;6
45184;2016-06;0;11;0;0;0;0;0;0;0;0;0;0;0;0;0;0;0;0;0;0;0;0;6;0;0;0;0;0;0;22;27;0;62;0;0;0;0;0;0;0;0;0;0;0;0;0;1
45185;2016-06;0;715;0;0;0;0;0;0;0;0;0;0;0;3;5;0;0;0;0;0;0;0;32;0;1;0;0;0;0;759;2178;0;1950;0;0;5;0;0;0;0;0;0;0;0;0;13;10
45186;2016-06;0;136;0;0;0;0;0;0;0;0;0;0;0;2;2;0;0;0;0;0;0;0;13;0;1;0;0;0;0;645;931;0;463;0;0;2;0;0;0;0;0;0;0;0;0;3;5
45187;2016-06;0;254;0;0;0;0;0;0;0;0;0;0;0;2;3;0;0;0;0;0;0;0;20;0;0;0;0;0;0;355;1343;0;1232;0;0;1;0;0;0;0;0;0;0;0;0;5;3
45188;2016-06;0;286;0;0;0;0;0;0;0;0;0;0;0;2;1;0;0;0;0;0;0;0;18;0;3;0;0;0;0;300;669;0;635;0;0;2;0;0;0;0;0;0;0;0;0;2;5
45189;2016-06;0;50;0;0;0;0;0;0;0;0;0;0;0;0;1;0;0;0;0;0;0;0;10;0;0;0;0;0;0;82;203;0;110;0;0;1;0;0;0;0;0;0;0;0;0;0;3
45190;2016-06;0;21;0;0;0;0;0;0;0;0;0;0;0;1;0;0;0;0;0;0;0;0;2;0;2;0;0;0;0;36;162;0;140;0;0;0;0;0;0;0;0;0;0;0;0;0;2
45191;2016-06;0;28;0;0;0;0;0;0;0;0;0;0;0;0;0;0;0;0;0;0;0;0;0;0;0;0;0;0;0;40;198;0;197;0;0;1;0;0;0;0;0;0;0;0;0;1;0
45192;2016-06;0;192;0;0;0;0;0;0;0;0;0;0;0;3;0;0;0;0;0;0;0;0;11;0;0;0;0;0;0;156;954;0;725;0;0;0;0;0;0;0;0;0;0;0;0;4;2
45193;2016-06;0;23;0;0;0;0;0;0;0;0;0;0;0;1;1;0;0;0;0;0;0;0;2;0;0;0;0;0;0;65;282;0;120;0;0;0;0;0;0;0;0;0;0;0;0;0;2
45194;2016-06;0;7;0;0;0;0;0;0;0;0;0;0;0;0;0;0;0;0;0;0;0;0;0;0;0;0;0;0;0;2;24;0;20;0;0;0;0;0;0;0;0;0;0;0;0;0;0
45195;2016-06;0;133;0;0;0;0;0;0;0;0;0;0;0;1;1;0;0;0;0;0;0;0;6;0;2;0;0;0;0;236;579;0;633;0;0;0;0;0;0;0;0;0;0;0;0;4;4
45196;2016-06;0;150;0;0;0;0;0;0;0;0;0;0;0;0;1;0;0;0;0;0;0;0;2;0;0;0;0;0;0;93;446;0;334;0;0;0;0;0;0;0;0;0;0;0;0;1;1
45197;2016-06;0;85;0;0;0;0;0;0;0;0;0;0;0;0;1;0;0;0;0;0;0;0;10;0;3;0;0;0;0;70;616;0;632;0;0;3;0;0;0;0;0;0;0;0;0;1;1
45198;2016-06;0;103;0;0;0;0;0;0;0;0;0;0;0;0;2;0;0;0;0;0;0;0;9;0;0;0;0;0;0;127;732;0;459;0;0;0;0;0;0;0;0;0;0;0;0;1;2
45199;2016-06;0;298;0;0;0;0;0;0;0;0;0;0;0;2;3;0;0;0;0;0;0;0;39;0;3;0;0;0;0;405;661;0;357;0;0;6;0;0;0;0;0;0;0;0;0;3;14
45200;2016-06;0;423;0;0;0;0;0;0;0;0;0;0;0;0;2;0;0;0;0;0;0;0;17;0;1;0;0;0;0;311;1431;0;1261;0;0;7;0;0;0;0;0;0;0;0;0;6;3
45201;2016-06;0;347;0;0;0;0;0;0;0;0;0;0;0;3;7;0;0;0;0;0;0;0;29;0;3;0;0;0;0;433;702;0;492;0;0;7;0;0;0;0;0;0;0;0;0;7;11
45202;2016-06;0;267;0;0;0;0;0;0;0;0;0;0;0;1;6;0;0;0;0;0;0;0;11;0;2;0;0;0;0;292;1334;0;803;0;0;1;0;0;0;0;0;0;0;0;0;5;8
45203;2016-06;0;255;0;0;0;0;0;0;0;0;0;0;0;1;2;0;0;0;0;0;0;0;33;0;1;0;0;0;0;289;626;0;545;0;0;3;0;0;0;0;0;0;0;0;0;3;5
45204;2016-06;0;55;0;0;0;0;0;0;0;0;0;0;0;0;1;0;0;0;0;0;0;0;5;0;0;0;0;0;0;54;236;0;134;0;0;0;0;0;0;0;0;0;0;0;0;0;1
45205;2016-06;0;743;0;0;0;0;0;0;0;0;0;0;0;4;4;0;0;0;0;0;0;0;62;0;5;0;0;0;0;812;1570;0;1107;0;0;8;0;0;0;0;0;0;0;0;0;10;15
45901;2016-06;0;61;0;0;0;0;0;0;0;0;0;0;0;8;1;0;0;0;0;0;0;0;7;0;0;0;0;0;0;72;239;0;152;0;0;1;0;0;0;0;0;0;0;0;0;0;0
46001;2016-06;0;35;0;0;0;0;0;1;0;0;0;0;0;0;0;0;0;0;0;0;0;0;2;0;1;0;0;107;0;0;274;0;165;0;0;1;0;0;0;0;0;0;0;0;0;1;2
46002;2016-06;0;92;3;0;0;0;0;1;0;0;0;0;0;0;2;0;0;0;0;0;0;0;8;0;4;0;0;341;0;0;287;0;175;0;0;0;0;0;0;7;0;0;0;0;0;2;5
46003;2016-06;0;62;2;0;0;0;0;1;0;0;0;0;0;0;1;0;0;0;0;0;0;0;3;0;0;0;0;201;0;0;300;0;190;0;0;0;0;0;0;8;0;0;0;0;0;0;0
46004;2016-06;0;238;7;0;0;0;0;1;0;0;0;0;0;0;0;0;0;0;0;0;0;0;26;0;1;0;0;482;0;0;491;0;282;0;0;3;1;0;0;1;0;0;0;0;0;1;2
46005;2016-06;0;2597;68;0;0;0;0;7;0;0;0;0;0;0;21;0;0;0;0;0;0;0;260;0;21;0;0;4909;0;0;4678;0;4004;0;0;32;5;0;0;58;0;0;0;0;0;28;37
46006;2016-06;0;420;6;0;0;0;0;0;0;0;0;0;0;0;1;0;0;0;0;0;0;0;26;0;0;0;0;971;0;0;1465;0;702;0;0;1;0;0;0;5;0;0;0;0;0;3;3
46007;2016-06;0;1364;29;0;0;0;0;4;0;0;0;0;0;0;6;0;0;0;0;0;0;0;129;0;10;0;0;2155;0;0;3108;0;1718;0;0;21;2;0;0;67;0;0;0;0;0;18;13
46008;2016-06;0;178;6;0;0;0;0;1;0;0;0;0;0;0;2;0;0;0;0;0;0;0;10;0;3;0;0;793;0;0;623;0;439;0;0;3;0;0;0;5;0;0;0;0;0;2;3
46009;2016-06;0;340;9;0;0;0;0;1;0;0;0;0;0;0;3;0;0;0;0;0;0;0;27;0;4;0;0;694;0;0;762;0;550;0;0;7;2;0;0;6;0;0;0;0;0;4;10
46010;2016-06;0;90;1;0;0;0;0;1;0;0;0;0;0;0;0;0;0;0;0;0;0;0;6;0;1;0;0;253;0;0;242;0;113;0;0;3;0;0;0;5;0;0;0;0;0;1;3
46011;2016-06;0;673;10;0;0;0;0;3;0;0;0;0;0;0;5;0;0;0;0;0;0;0;77;0;3;0;0;1414;0;0;1983;0;960;0;0;2;3;0;0;20;0;0;0;0;0;4;8
46012;2016-06;0;95;1;0;0;0;0;0;0;0;0;0;0;0;1;0;0;0;0;0;0;0;9;0;0;0;0;154;0;0;257;0;144;0;0;0;0;0;0;0;0;0;0;0;0;1;0
46013;2016-06;0;2463;30;0;0;0;0;4;0;0;0;0;0;0;15;0;0;0;0;0;0;0;190;0;13;0;0;3834;0;0;4344;0;2345;0;0;22;3;0;0;73;0;0;0;0;0;30;35
46014;2016-06;0;346;1;0;0;0;0;2;0;0;0;0;0;0;2;0;0;0;0;0;0;0;30;0;5;0;0;661;0;0;795;0;467;0;0;1;1;0;0;6;0;0;0;0;0;1;12
46015;2016-06;0;776;27;0;0;0;0;5;0;0;0;0;0;0;10;0;0;0;0;0;0;0;62;0;4;0;0;1592;0;0;1791;0;1167;0;0;8;3;0;0;62;0;0;0;0;0;4;9
46016;2016-06;0;54;5;0;0;0;0;1;0;0;0;0;0;0;0;0;0;0;0;0;0;0;8;0;0;0;0;260;0;0;236;0;285;0;0;0;0;0;0;2;0;0;0;0;0;0;0
46017;2016-06;0;3445;79;0;0;0;0;14;0;0;0;0;0;0;32;0;0;0;0;0;0;0;365;0;17;0;0;6531;0;0;8551;0;4197;0;0;46;12;0;0;160;0;0;0;0;0;45;49
46018;2016-06;0;35;5;0;0;0;0;0;0;0;0;0;0;0;1;0;0;0;0;0;0;0;3;0;1;0;0;90;0;0;238;0;134;0;0;0;0;0;0;0;0;0;0;0;0;1;3
46019;2016-06;0;655;29;0;0;0;0;1;0;0;0;0;0;0;7;0;0;0;0;0;0;0;62;0;6;0;0;1815;0;0;2025;0;2322;0;0;12;5;0;0;14;0;0;0;0;0;6;12
46020;2016-06;0;328;5;0;0;0;0;3;0;0;0;0;0;0;1;0;0;0;0;0;0;0;19;0;2;0;0;780;0;0;1059;0;628;0;0;3;2;0;0;9;0;0;0;0;0;2;3
46021;2016-06;0;2711;56;0;0;0;0;12;0;0;0;0;0;0;17;0;0;0;0;0;0;0;231;0;32;0;0;4715;0;0;4790;0;4303;0;0;62;10;0;0;44;0;0;0;0;0;46;24
46022;2016-06;0;1517;38;0;0;0;0;4;0;0;0;0;0;0;18;0;0;0;0;0;0;0;175;0;13;0;0;2997;0;0;3446;0;2634;0;0;19;9;0;0;37;0;0;0;0;0;14;17
46023;2016-06;0;25;1;0;0;0;0;0;0;0;0;0;0;0;0;0;0;0;0;0;0;0;11;0;0;0;0;92;0;0;104;0;41;0;0;2;0;0;0;0;0;0;0;0;0;0;0
46024;2016-06;0;24;0;0;0;0;0;0;0;0;0;0;0;0;0;0;0;0;0;0;0;0;1;0;1;0;0;36;0;0;146;0;102;0;0;1;0;0;0;0;0;0;0;0;0;0;0
46025;2016-06;0;285;6;0;0;0;0;4;0;0;0;0;0;0;1;0;0;0;0;0;0;0;38;0;0;0;0;557;0;0;597;0;402;0;0;8;0;0;0;20;0;0;0;0;0;3;5
46026;2016-06;0;94;2;0;0;0;0;0;0;0;0;0;0;0;0;0;0;0;0;0;0;0;5;0;0;0;0;296;0;0;386;0;211;0;0;4;1;0;0;0;0;0;0;0;0;2;0
46027;2016-06;0;72;1;0;0;0;0;0;0;0;0;0;0;0;3;0;0;0;0;0;0;0;2;0;1;0;0;176;0;0;306;0;192;0;0;0;1;0;0;5;0;0;0;0;0;0;7
46028;2016-06;0;48;0;0;0;0;0;1;0;0;0;0;0;0;1;0;0;0;0;0;0;0;0;0;0;0;0;95;0;0;118;0;61;0;0;0;0;0;0;1;0;0;0;0;0;0;0
46029;2016-06;0;2315;79;0;0;0;0;5;0;0;0;0;0;0;20;0;0;0;0;0;0;0;121;0;6;0;0;3794;0;0;5454;0;2852;0;0;42;7;0;0;36;0;0;0;0;0;13;42
46030;2016-06;0;52;0;0;0;0;0;0;0;0;0;0;0;0;0;0;0;0;0;0;0;0;1;0;2;0;0;168;0;0;222;0;161;0;0;0;0;0;0;3;0;0;0;0;0;0;0
46031;2016-06;0;955;19;0;0;0;0;3;0;0;0;0;0;0;4;0;0;0;0;0;0;0;80;0;7;0;0;2337;0;0;2200;0;1702;0;0;14;1;0;0;38;0;0;0;0;0;7;18
46032;2016-06;0;630;18;0;0;0;0;4;0;0;0;0;0;0;13;0;0;0;0;0;0;0;56;0;4;0;0;1345;0;0;1351;0;858;0;0;11;2;0;0;21;0;0;0;0;0;8;7
46033;2016-06;0;9;0;0;0;0;0;0;0;0;0;0;0;0;0;0;0;0;0;0;0;0;6;0;0;0;0;28;0;0;78;0;33;0;0;0;0;0;0;1;0;0;0;0;0;0;0
46034;2016-06;0;198;6;0;0;0;0;0;0;0;0;0;0;0;2;0;0;0;0;0;0;0;21;0;2;0;0;448;0;0;441;0;245;0;0;3;2;0;0;2;0;0;0;0;0;3;2
46035;2016-06;0;661;29;0;0;0;0;1;0;0;0;0;0;0;5;0;0;0;0;0;0;0;66;0;2;0;0;1482;0;0;1403;0;1402;0;0;5;3;0;0;24;0;0;0;0;0;6;10
46036;2016-06;0;42;4;0;0;0;0;0;0;0;0;0;0;0;0;0;0;0;0;0;0;0;0;0;0;0;0;74;0;0;183;0;65;0;0;0;0;0;0;1;0;0;0;0;0;0;4
46037;2016-06;0;93;2;0;0;0;0;0;0;0;0;0;0;0;1;0;0;0;0;0;0;0;9;0;2;0;0;238;0;0;311;0;255;0;0;1;0;0;0;4;0;0;0;0;0;1;2
46038;2016-06;0;18;0;0;0;0;0;0;0;0;0;0;0;0;0;0;0;0;0;0;0;0;2;0;1;0;0;69;0;0;89;0;55;0;0;1;1;0;0;3;0;0;0;0;0;0;0
46039;2016-06;0;193;2;0;0;0;0;0;0;0;0;0;0;0;0;0;0;0;0;0;0;0;13;0;1;0;0;390;0;0;658;0;422;0;0;1;2;0;0;5;0;0;0;0;0;0;4
46040;2016-06;0;56;3;0;0;0;0;0;0;0;0;0;0;0;0;0;0;0;0;0;0;0;5;0;2;0;0;267;0;0;322;0;211;0;0;2;0;0;0;2;0;0;0;0;0;1;0
46041;2016-06;0;26;0;0;0;0;0;0;0;0;0;0;0;0;0;0;0;0;0;0;0;0;1;0;3;0;0;84;0;0;70;0;62;0;0;1;0;0;0;0;0;0;0;0;0;0;0
46042;2016-06;0;235;10;0;0;0;0;2;0;0;0;0;0;0;2;0;0;0;0;0;0;0;13;0;0;0;0;637;0;0;1151;0;679;0;0;0;0;0;0;2;0;0;0;0;0;4;0
46043;2016-06;0;9;0;0;0;0;0;0;0;0;0;0;0;0;0;0;0;0;0;0;0;0;1;0;0;0;0;28;0;0;68;0;17;0;0;1;0;0;0;0;0;0;0;0;0;0;0
46044;2016-06;0;440;19;0;0;0;0;0;0;0;0;0;0;0;5;0;0;0;0;0;0;0;22;0;3;0;0;641;0;0;1132;0;864;0;0;3;0;0;0;1;0;0;0;0;0;4;6
46045;2016-06;0;101;4;0;0;0;0;1;0;0;0;0;0;0;0;0;0;0;0;0;0;0;9;0;2;0;0;446;0;0;312;0;129;0;0;0;0;0;0;3;0;0;0;0;0;0;0
46046;2016-06;0;106;0;0;0;0;0;0;0;0;0;0;0;0;1;0;0;0;0;0;0;0;1;0;0;0;0;214;0;0;267;0;76;0;0;0;0;0;0;1;0;0;0;0;0;1;0
46047;2016-06;0;29;3;0;0;0;0;0;0;0;0;0;0;0;0;0;0;0;0;0;0;0;8;0;0;0;0;114;0;0;134;0;145;0;0;1;0;0;0;0;0;0;0;0;0;1;0
46048;2016-06;0;263;7;0;0;0;0;1;0;0;0;0;0;0;4;0;0;0;0;0;0;0;25;0;9;0;0;948;0;0;824;0;599;0;0;4;0;0;0;8;0;0;0;0;0;2;5
46049;2016-06;0;13;1;0;0;0;0;0;0;0;0;0;0;0;0;0;0;0;0;0;0;0;3;0;1;0;0;38;0;0;119;0;48;0;0;0;0;0;0;0;0;0;0;0;0;0;1
46050;2016-06;0;12;1;0;0;0;0;0;0;0;0;0;0;0;1;0;0;0;0;0;0;0;4;0;0;0;0;41;0;0;38;0;52;0;0;0;0;0;0;0;0;0;0;0;0;0;0
46051;2016-06;0;818;14;0;0;0;0;3;0;0;0;0;0;0;6;0;0;0;0;0;0;0;60;0;1;0;0;1396;0;0;2784;0;1130;0;0;8;1;0;0;32;0;0;0;0;0;11;14
46052;2016-06;0;47;1;0;0;0;0;0;0;0;0;0;0;0;0;0;0;0;0;0;0;0;0;0;0;0;0;93;0;0;162;0;110;0;0;1;0;0;0;1;0;0;0;0;0;0;0
46053;2016-06;0;36;0;0;0;0;0;0;0;0;0;0;0;0;1;0;0;0;0;0;0;0;7;0;1;0;0;147;0;0;105;0;137;0;0;0;0;0;0;0;0;0;0;0;0;0;0
46054;2016-06;0;1074;19;0;0;0;0;1;0;0;0;0;0;0;37;0;0;0;0;0;0;0;108;0;13;0;0;2454;0;0;2617;0;1958;0;0;20;1;0;0;34;0;0;0;0;0;11;15
46055;2016-06;0;131;1;0;0;0;0;0;0;0;0;0;0;0;1;0;0;0;0;0;0;0;20;0;1;0;0;342;0;0;315;0;190;0;0;1;0;0;0;2;0;0;0;0;0;0;3
46056;2016-06;0;12;0;0;0;0;0;1;0;0;0;0;0;0;0;0;0;0;0;0;0;0;0;0;1;0;0;54;0;0;52;0;42;0;0;0;1;0;0;2;0;0;0;0;0;0;0
46057;2016-06;0;24;1;0;0;0;0;0;0;0;0;0;0;0;1;0;0;0;0;0;0;0;4;0;1;0;0;69;0;0;158;0;58;0;0;0;0;0;0;0;0;0;0;0;0;0;0
46058;2016-06;0;131;2;0;0;0;0;0;0;0;0;0;0;0;1;0;0;0;0;0;0;0;21;0;4;0;0;340;0;0;409;0;439;0;0;1;1;0;0;5;0;0;0;0;0;2;2
46059;2016-06;0;71;1;0;0;0;0;0;0;0;0;0;0;0;0;0;0;0;0;0;0;0;8;0;2;0;0;482;0;0;238;0;204;0;0;1;0;0;0;1;0;0;0;0;0;2;0
46060;2016-06;0;942;20;0;0;0;0;2;0;0;0;0;0;0;5;0;0;0;0;0;0;0;104;0;8;0;0;1793;0;0;2474;0;1534;0;0;8;1;0;0;29;0;0;0;0;0;13;18
46061;2016-06;0;48;0;0;0;0;0;0;0;0;0;0;0;0;0;0;0;0;0;0;0;0;5;0;2;0;0;91;0;0;77;0;43;0;0;0;0;0;0;5;0;0;0;0;0;0;0
46062;2016-06;0;399;11;0;0;0;0;0;0;0;0;0;0;0;2;0;0;0;0;0;0;0;25;0;1;0;0;807;0;0;1402;0;777;0;0;5;0;0;0;10;0;0;0;0;0;5;3
46063;2016-06;0;152;2;0;0;0;0;0;0;0;0;0;0;0;2;0;0;0;0;0;0;0;8;0;4;0;0;452;0;0;413;0;292;0;0;0;1;0;0;3;0;0;0;0;0;1;0
46064;2016-06;0;45;0;0;0;0;0;0;0;0;0;0;0;0;1;0;0;0;0;0;0;0;2;0;1;0;0;118;0;0;145;0;82;0;0;1;0;0;0;2;0;0;0;0;0;0;1
46065;2016-06;0;161;2;0;0;0;0;0;0;0;0;0;0;0;0;0;0;0;0;0;0;0;12;0;1;0;0;408;0;0;356;0;199;0;0;0;0;0;0;15;0;0;0;0;0;1;0
46066;2016-06;0;149;2;0;0;0;0;0;0;0;0;0;0;0;1;0;0;0;0;0;0;0;13;0;0;0;0;261;0;0;316;0;254;0;0;1;0;0;0;10;0;0;0;0;0;2;0
46067;2016-06;0;204;7;0;0;0;0;0;0;0;0;0;0;0;1;0;0;0;0;0;0;0;8;0;1;0;0;316;0;0;502;0;332;0;0;8;1;0;0;10;0;0;0;0;0;1;1
46068;2016-06;0;37;1;0;0;0;0;0;0;0;0;0;0;0;0;0;0;0;0;0;0;0;2;0;0;0;0;53;0;0;97;0;70;0;0;0;0;0;0;0;0;0;0;0;0;0;0
46069;2016-06;0;10;0;0;0;0;0;0;0;0;0;0;0;0;0;0;0;0;0;0;0;0;0;0;0;0;0;20;0;0;48;0;45;0;0;0;0;0;0;0;0;0;0;0;0;0;0
46070;2016-06;0;2543;56;0;0;0;0;4;0;0;0;0;0;0;16;0;0;0;0;0;0;0;186;0;17;0;0;3116;0;0;4657;0;1880;0;0;27;0;0;0;50;0;0;0;0;0;35;28
46071;2016-06;0;30;2;0;0;0;0;0;0;0;0;0;0;0;0;0;0;0;0;0;0;0;2;0;0;0;0;109;0;0;136;0;97;0;0;0;0;0;0;0;0;0;0;0;0;1;0
46072;2016-06;0;328;8;0;0;0;0;1;0;0;0;0;0;0;5;0;0;0;0;0;0;0;22;0;1;0;0;828;0;0;987;0;611;0;0;1;0;0;0;5;0;0;0;0;0;1;0
46073;2016-06;0;71;1;0;0;0;0;0;0;0;0;0;0;0;0;0;0;0;0;0;0;0;5;0;0;0;0;223;0;0;309;0;265;0;0;1;0;0;0;1;0;0;0;0;0;1;1
46074;2016-06;0;351;3;0;0;0;0;1;0;0;0;0;0;0;2;0;0;0;0;0;0;0;25;0;1;0;0;624;0;0;554;0;441;0;0;6;0;0;0;9;0;0;0;0;0;2;5
46075;2016-06;0;16;1;0;0;0;0;0;0;0;0;0;0;0;0;0;0;0;0;0;0;0;1;0;0;0;0;26;0;0;42;0;35;0;0;0;0;0;0;0;0;0;0;0;0;1;0
46076;2016-06;0;16;0;0;0;0;0;1;0;0;0;0;0;0;0;0;0;0;0;0;0;0;2;0;0;0;0;112;0;0;209;0;103;0;0;0;0;0;0;0;0;0;0;0;0;0;0
46077;2016-06;0;500;11;0;0;0;0;2;0;0;0;0;0;0;2;0;0;0;0;0;0;0;41;0;11;0;0;2578;0;0;1278;0;1329;0;0;7;3;0;0;5;0;0;0;0;0;11;4
46078;2016-06;0;2765;49;0;0;0;0;16;0;0;0;0;0;0;17;0;0;0;0;0;0;0;328;0;31;0;0;6123;0;0;5590;0;4829;0;0;42;35;0;0;107;0;0;0;0;0;52;27
46079;2016-06;0;21;2;0;0;0;0;1;0;0;0;0;0;0;0;0;0;0;0;0;0;0;2;0;0;0;0;33;0;0;123;0;49;0;0;0;0;0;0;0;0;0;0;0;0;0;0
46080;2016-06;0;61;0;0;0;0;0;0;0;0;0;0;0;0;0;0;0;0;0;0;0;0;3;0;0;0;0;187;0;0;297;0;241;0;0;2;0;0;0;0;0;0;0;0;0;1;0
46081;2016-06;0;1026;27;0;0;0;0;1;0;0;0;0;0;0;4;0;0;0;0;0;0;0;101;0;6;0;0;2076;0;0;2853;0;1495;0;0;13;1;0;0;27;0;0;0;0;0;8;23
46082;2016-06;0;685;10;0;0;0;0;0;0;0;0;0;0;0;2;0;0;0;0;0;0;0;34;0;4;0;0;1128;0;0;1146;0;637;0;0;8;0;0;0;15;0;0;0;0;0;9;1
46083;2016-06;0;1412;34;0;0;0;0;6;0;0;0;0;0;0;15;0;0;0;0;0;0;0;210;0;8;0;0;3334;0;0;4042;0;1812;0;0;18;3;0;0;42;0;0;0;0;0;9;18
46084;2016-06;0;108;0;0;0;0;0;0;0;0;0;0;0;0;0;0;0;0;0;0;0;0;11;0;0;0;0;327;0;0;487;0;294;0;0;1;0;0;0;3;0;0;0;0;0;1;5
46085;2016-06;0;959;28;0;0;0;0;3;0;0;0;0;0;0;6;0;0;0;0;0;0;0;78;0;8;0;0;2069;0;0;2860;0;1743;0;0;10;0;0;0;29;0;0;0;0;0;17;10
46086;2016-06;0;2;0;0;0;0;0;0;0;0;0;0;0;0;0;0;0;0;0;0;0;0;0;0;0;0;0;36;0;0;7;0;23;0;0;0;0;0;0;0;0;0;0;0;0;0;0
46087;2016-06;0;5;0;0;0;0;0;0;0;0;0;0;0;0;0;0;0;0;0;0;0;0;2;0;0;0;0;23;0;0;28;0;37;0;0;0;0;0;0;0;0;0;0;0;0;1;1
46088;2016-06;0;7;0;0;0;0;0;0;0;0;0;0;0;0;0;0;0;0;0;0;0;0;1;0;0;0;0;40;0;0;46;0;27;0;0;0;0;0;0;0;0;0;0;0;0;0;0
46089;2016-06;0;187;3;0;0;0;0;2;0;0;0;0;0;0;1;0;0;0;0;0;0;0;12;0;1;0;0;448;0;0;611;0;288;0;0;2;0;0;0;5;0;0;0;0;0;3;2
46090;2016-06;0;140;3;0;0;0;0;0;0;0;0;0;0;0;1;0;0;0;0;0;0;0;9;0;0;0;0;354;0;0;496;0;354;0;0;0;0;0;0;6;0;0;0;0;0;0;1
46091;2016-06;0;12;0;0;0;0;0;0;0;0;0;0;0;0;0;0;0;0;0;0;0;0;1;0;0;0;0;15;0;0;57;0;8;0;0;0;0;0;0;1;0;0;0;0;0;0;0
46092;2016-06;0;11;0;0;0;0;0;0;0;0;0;0;0;0;0;0;0;0;0;0;0;0;3;0;0;0;0;40;0;0;108;0;26;0;0;0;0;0;0;0;0;0;0;0;0;0;1
46093;2016-06;0;136;1;0;0;0;0;0;0;0;0;0;0;0;5;0;0;0;0;0;0;0;14;0;1;0;0;374;0;0;657;0;423;0;0;2;0;0;0;4;0;0;0;0;0;3;0
46094;2016-06;0;2588;58;0;0;0;0;7;0;0;0;0;0;0;26;0;0;0;0;0;0;0;223;0;11;0;0;4377;0;0;4904;0;2696;0;0;40;8;0;0;119;0;0;0;0;0;38;37
46095;2016-06;0;52;0;0;0;0;0;1;0;0;0;0;0;0;1;0;0;0;0;0;0;0;5;0;2;0;0;64;0;0;220;0;112;0;0;0;0;0;0;1;0;0;0;0;0;0;0
46096;2016-06;0;27;2;0;0;0;0;0;0;0;0;0;0;0;0;0;0;0;0;0;0;0;1;0;0;0;0;57;0;0;65;0;51;0;0;2;0;0;0;1;0;0;0;0;0;2;0
46097;2016-06;0;156;2;0;0;0;0;0;0;0;0;0;0;0;0;0;0;0;0;0;0;0;10;0;1;0;0;133;0;0;262;0;144;0;0;4;0;0;0;3;0;0;0;0;0;1;8
46098;2016-06;0;210;5;0;0;0;0;0;0;0;0;0;0;0;3;0;0;0;0;0;0;0;14;0;1;0;0;688;0;0;603;0;343;0;0;3;0;0;0;6;0;0;0;0;0;2;0
46099;2016-06;0;78;0;0;0;0;0;0;0;0;0;0;0;0;0;0;0;0;0;0;0;0;6;0;1;0;0;143;0;0;227;0;226;0;0;0;0;0;0;1;0;0;0;0;0;0;1
46100;2016-06;0;17;2;0;0;0;0;1;0;0;0;0;0;0;0;0;0;0;0;0;0;0;4;0;3;0;0;62;0;0;88;0;49;0;0;0;1;0;0;2;0;0;0;0;0;0;0
46101;2016-06;0;47;2;0;0;0;0;0;0;0;0;0;0;0;0;0;0;0;0;0;0;0;7;0;4;0;0;215;0;0;232;0;191;0;0;2;0;0;0;1;0;0;0;0;0;0;1
46102;2016-06;0;1788;47;0;0;0;0;11;0;0;0;0;0;0;18;0;0;0;0;0;0;0;240;0;8;0;0;4226;0;0;3963;0;4495;0;0;29;9;0;0;41;0;0;0;0;0;41;33
46103;2016-06;0;96;1;0;0;0;0;0;0;0;0;0;0;0;1;0;0;0;0;0;0;0;3;0;10;0;0;295;0;0;353;0;210;0;0;2;0;0;0;5;0;0;0;0;0;1;0
46104;2016-06;0;89;2;0;0;0;0;1;0;0;0;0;0;0;0;0;0;0;0;0;0;0;17;0;1;0;0;441;0;0;572;0;347;0;0;0;0;0;0;9;0;0;0;0;0;0;1
46105;2016-06;0;1241;31;0;0;0;0;6;0;0;0;0;0;0;18;0;0;0;0;0;0;0;107;0;9;0;0;2622;0;0;4111;0;2922;0;0;9;10;0;0;33;0;0;0;0;0;17;26
46106;2016-06;0;96;3;0;0;0;0;0;0;0;0;0;0;0;0;0;0;0;0;0;0;0;10;0;1;0;0;253;0;0;463;0;294;0;0;5;0;0;0;0;0;0;0;0;0;2;3
46107;2016-06;0;117;4;0;0;0;0;1;0;0;0;0;0;0;0;0;0;0;0;0;0;0;18;0;4;0;0;373;0;0;558;0;422;0;0;1;0;0;0;1;0;0;0;0;0;0;0
46108;2016-06;0;29;0;0;0;0;0;0;0;0;0;0;0;0;0;0;0;0;0;0;0;0;5;0;0;0;0;44;0;0;162;0;134;0;0;0;0;0;0;0;0;0;0;0;0;0;0
46109;2016-06;0;642;12;0;0;0;0;0;0;0;0;0;0;0;5;0;0;0;0;0;0;0;42;0;6;0;0;1221;0;0;1558;0;1018;0;0;5;3;0;0;3;0;0;0;0;0;9;7
46110;2016-06;0;2308;70;0;0;0;0;13;0;0;0;0;0;0;18;0;0;0;0;0;0;0;252;0;20;0;0;4354;0;0;4660;0;3483;0;0;49;3;0;0;52;0;0;0;0;0;44;31
46111;2016-06;0;1249;46;0;0;0;0;3;0;0;0;0;0;0;11;0;0;0;0;0;0;0;91;0;5;0;0;2138;0;0;2746;0;1435;0;0;15;5;0;0;8;0;0;0;0;0;17;15
46112;2016-06;0;33;2;0;0;0;0;0;0;0;0;0;0;0;0;0;0;0;0;0;0;0;0;0;0;0;0;92;0;0;209;0;110;0;0;0;0;0;0;1;0;0;0;0;0;0;1
46113;2016-06;0;251;10;0;0;0;0;0;0;0;0;0;0;0;1;0;0;0;0;0;0;0;18;0;0;0;0;484;0;0;708;0;288;0;0;1;0;0;0;9;0;0;0;0;0;3;3
46114;2016-06;0;65;2;0;0;0;0;0;0;0;0;0;0;0;0;0;0;0;0;0;0;0;2;0;0;0;0;74;0;0;208;0;103;0;0;0;0;0;0;0;0;0;0;0;0;3;0
46115;2016-06;0;20;1;0;0;0;0;0;0;0;0;0;0;0;0;0;0;0;0;0;0;0;0;0;0;0;0;24;0;0;163;0;73;0;0;0;0;0;0;0;0;0;0;0;0;0;0
46116;2016-06;0;1700;26;0;0;0;0;3;0;0;0;0;0;0;2;0;0;0;0;0;0;0;172;0;8;0;0;2690;0;0;3563;0;1842;0;0;12;2;0;0;29;0;0;0;0;0;14;19
46117;2016-06;0;58;3;0;0;0;0;0;0;0;0;0;0;0;0;0;0;0;0;0;0;0;11;0;0;0;0;105;0;0;131;0;81;0;0;2;0;0;0;2;0;0;0;0;0;1;0
46118;2016-06;0;293;12;0;0;0;0;1;0;0;0;0;0;0;4;0;0;0;0;0;0;0;26;0;0;0;0;606;0;0;1072;0;871;0;0;1;0;0;0;1;0;0;0;0;0;4;1
46119;2016-06;0;49;2;0;0;0;0;0;0;0;0;0;0;0;0;0;0;0;0;0;0;0;7;0;3;0;0;204;0;0;193;0;178;0;0;2;1;0;0;2;0;0;0;0;0;1;0
46120;2016-06;0;100;3;0;0;0;0;0;0;0;0;0;0;0;1;0;0;0;0;0;0;0;5;0;1;0;0;246;0;0;315;0;197;0;0;2;0;0;0;2;0;0;0;0;0;1;0
46121;2016-06;0;6;0;0;0;0;0;0;0;0;0;0;0;0;0;0;0;0;0;0;0;0;1;0;1;0;0;15;0;0;45;0;25;0;0;0;0;0;0;0;0;0;0;0;0;1;0
46122;2016-06;0;212;11;0;0;0;0;0;0;0;0;0;0;0;0;0;0;0;0;0;0;0;25;0;1;0;0;603;0;0;584;0;608;0;0;1;1;0;0;2;0;0;0;0;0;2;3
46123;2016-06;0;190;1;0;0;0;0;0;0;0;0;0;0;0;1;0;0;0;0;0;0;0;29;0;3;0;0;518;0;0;390;0;243;0;0;0;0;0;0;3;0;0;0;0;0;1;2
46124;2016-06;0;77;6;0;0;0;0;0;0;0;0;0;0;0;1;0;0;0;0;0;0;0;5;0;1;0;0;192;0;0;243;0;108;0;0;1;0;0;0;1;0;0;0;0;0;1;2
46125;2016-06;0;44;1;0;0;0;0;0;0;0;0;0;0;0;1;0;0;0;0;0;0;0;3;0;0;0;0;205;0;0;224;0;197;0;0;2;0;0;0;2;0;0;0;0;0;0;0
46126;2016-06;0;639;13;0;0;0;0;1;0;0;0;0;0;0;8;0;0;0;0;0;0;0;52;0;2;0;0;1370;0;0;1318;0;932;0;0;8;5;0;0;18;0;0;0;0;0;6;9
46127;2016-06;0;171;10;0;0;0;0;1;0;0;0;0;0;0;2;0;0;0;0;0;0;0;24;0;3;0;0;627;0;0;737;0;487;0;0;4;0;0;0;5;0;0;0;0;0;2;0
46128;2016-06;0;140;3;0;0;0;0;0;0;0;0;0;0;0;0;0;0;0;0;0;0;0;7;0;1;0;0;331;0;0;481;0;276;0;0;0;0;0;0;2;0;0;0;0;0;2;2
46129;2016-06;0;21;2;0;0;0;0;1;0;0;0;0;0;0;0;0;0;0;0;0;0;0;4;0;2;0;0;175;0;0;94;0;105;0;0;0;0;0;0;1;0;0;0;0;0;2;1
46130;2016-06;0;63;1;0;0;0;0;0;0;0;0;0;0;0;0;0;0;0;0;0;0;0;6;0;1;0;0;218;0;0;218;0;162;0;0;5;0;0;0;2;0;0;0;0;0;4;0
46131;2016-06;0;4934;120;0;0;0;0;12;0;0;0;0;0;0;44;0;0;0;0;0;0;0;510;0;33;0;0;9091;0;0;13854;0;7024;0;0;54;8;0;0;128;0;0;0;0;0;89;95
46132;2016-06;0;229;2;0;0;0;0;1;0;0;0;0;0;0;3;0;0;0;0;0;0;0;14;0;2;0;0;461;0;0;705;0;351;0;0;0;2;0;0;0;0;0;0;0;0;3;4
46133;2016-06;0;19;0;0;0;0;0;0;0;0;0;0;0;0;0;0;0;0;0;0;0;0;2;0;0;0;0;55;0;0;140;0;188;0;0;0;0;0;0;0;0;0;0;0;0;0;0
46134;2016-06;0;256;2;0;0;0;0;3;0;0;0;0;0;0;1;0;0;0;0;0;0;0;32;0;2;0;0;553;0;0;516;0;314;0;0;3;1;0;0;2;0;0;0;0;0;6;7
46135;2016-06;0;1249;12;0;0;0;0;5;0;0;0;0;0;0;5;0;0;0;0;0;0;0;88;0;8;0;0;2177;0;0;2745;0;1244;0;0;14;0;0;0;16;0;0;0;0;0;21;14
46136;2016-06;0;244;8;0;0;0;0;2;0;0;0;0;0;0;1;0;0;0;0;0;0;0;22;0;4;0;0;544;0;0;628;0;454;0;0;4;0;0;0;1;0;0;0;0;0;1;6
46137;2016-06;0;12;0;0;0;0;0;0;0;0;0;0;0;0;0;0;0;0;0;0;0;0;3;0;1;0;0;48;0;0;88;0;51;0;0;0;0;0;0;0;0;0;0;0;0;0;0
46138;2016-06;0;23;0;0;0;0;0;0;0;0;0;0;0;0;0;0;0;0;0;0;0;0;3;0;0;0;0;58;0;0;114;0;71;0;0;1;0;0;0;0;0;0;0;0;0;0;1
46139;2016-06;0;407;11;0;0;0;0;0;0;0;0;0;0;0;4;0;0;0;0;0;0;0;35;0;0;0;0;910;0;0;1361;0;812;0;0;3;0;0;0;2;0;0;0;0;0;2;9
46140;2016-06;0;55;1;0;0;0;0;0;0;0;0;0;0;0;0;0;0;0;0;0;0;0;2;0;0;0;0;89;0;0;86;0;45;0;0;0;1;0;0;0;0;0;0;0;0;0;0
46141;2016-06;0;20;1;0;0;0;0;0;0;0;0;0;0;0;0;0;0;0;0;0;0;0;4;0;1;0;0;82;0;0;174;0;56;0;0;2;0;0;0;0;0;0;0;0;0;0;0
46142;2016-06;0;66;3;0;0;0;0;0;0;0;0;0;0;0;2;0;0;0;0;0;0;0;3;0;0;0;0;108;0;0;266;0;148;0;0;1;1;0;0;1;0;0;0;0;0;2;0
46143;2016-06;0;306;16;0;0;0;0;2;0;0;0;0;0;0;2;0;0;0;0;0;0;0;34;0;3;0;0;911;0;0;1105;0;639;0;0;1;0;0;0;10;0;0;0;0;0;8;2
46144;2016-06;0;48;4;0;0;0;0;0;0;0;0;0;0;0;1;0;0;0;0;0;0;0;2;0;0;0;0;80;0;0;284;0;102;0;0;2;0;0;0;0;0;0;0;0;0;1;3
46145;2016-06;0;2221;34;0;0;0;0;6;0;0;0;0;0;0;18;0;0;0;0;0;0;0;266;0;10;0;0;4834;0;0;5248;0;3327;0;0;25;8;0;0;52;0;0;0;0;0;24;21
46146;2016-06;0;144;3;0;0;0;0;0;0;0;0;0;0;0;2;0;0;0;0;0;0;0;23;0;0;0;0;410;0;0;446;0;229;0;0;2;0;0;0;3;0;0;0;0;0;2;7
46147;2016-06;0;1525;41;0;0;0;0;4;0;0;0;0;0;0;16;0;0;0;0;0;0;0;152;0;15;0;0;3225;0;0;4312;0;2300;0;0;16;7;0;0;49;0;0;0;0;0;33;35
46148;2016-06;0;203;2;0;0;0;0;0;0;0;0;0;0;0;3;0;0;0;0;0;0;0;15;0;0;0;0;233;0;0;450;0;219;0;0;3;0;0;0;4;0;0;0;0;0;3;4
46149;2016-06;0;33;0;0;0;0;0;0;0;0;0;0;0;0;0;0;0;0;0;0;0;0;1;0;0;0;0;41;0;0;147;0;43;0;0;1;0;0;0;0;0;0;0;0;0;0;0
46150;2016-06;0;105;1;0;0;0;0;1;0;0;0;0;0;0;0;0;0;0;0;0;0;0;16;0;0;0;0;274;0;0;568;0;357;0;0;1;1;0;0;2;0;0;0;0;0;0;0
46151;2016-06;0;75;1;0;0;0;0;0;0;0;0;0;0;0;1;0;0;0;0;0;0;0;6;0;0;0;0;185;0;0;158;0;111;0;0;2;0;0;0;0;0;0;0;0;0;0;2
46152;2016-06;0;4;2;0;0;0;0;0;0;0;0;0;0;0;0;0;0;0;0;0;0;0;1;0;0;0;0;13;0;0;33;0;15;0;0;0;0;0;0;0;0;0;0;0;0;0;0
46153;2016-06;0;26;0;0;0;0;0;0;0;0;0;0;0;0;1;0;0;0;0;0;0;0;6;0;0;0;0;117;0;0;104;0;94;0;0;1;0;0;0;1;0;0;0;0;0;0;0
46154;2016-06;0;97;5;0;0;0;0;0;0;0;0;0;0;0;0;0;0;0;0;0;0;0;10;0;0;0;0;97;0;0;306;0;102;0;0;1;2;0;0;6;0;0;0;0;0;0;0
46155;2016-06;0;66;0;0;0;0;0;3;0;0;0;0;0;0;0;0;0;0;0;0;0;0;5;0;0;0;0;282;0;0;258;0;204;0;0;0;0;0;0;0;0;0;0;0;0;0;0
46156;2016-06;0;167;2;0;0;0;0;0;0;0;0;0;0;0;2;0;0;0;0;0;0;0;14;0;3;0;0;465;0;0;611;0;385;0;0;3;2;0;0;7;0;0;0;0;0;1;3
46157;2016-06;0;214;2;0;0;0;0;2;0;0;0;0;0;0;3;0;0;0;0;0;0;0;29;0;1;0;0;540;0;0;1006;0;474;0;0;1;0;0;0;6;0;0;0;0;0;0;10
46158;2016-06;0;70;1;0;0;0;0;0;0;0;0;0;0;0;0;0;0;0;0;0;0;0;3;0;1;0;0;244;0;0;268;0;196;0;0;2;0;0;0;0;0;0;0;0;0;1;3
46159;2016-06;0;2442;57;0;0;0;0;11;0;0;0;0;0;0;23;0;0;0;0;0;0;0;272;0;30;0;0;4887;0;0;5016;0;3631;0;0;46;7;0;0;77;0;0;0;0;0;45;25
46160;2016-06;0;130;4;0;0;0;0;0;0;0;0;0;0;0;1;0;0;0;0;0;0;0;12;0;0;0;0;526;0;0;329;0;415;0;0;3;2;0;0;6;0;0;0;0;0;1;6
46161;2016-06;0;122;3;0;0;0;0;0;0;0;0;0;0;0;2;0;0;0;0;0;0;0;16;0;0;0;0;324;0;0;400;0;285;0;0;2;1;0;0;3;0;0;0;0;0;2;6
46162;2016-06;0;78;2;0;0;0;0;0;0;0;0;0;0;0;5;0;0;0;0;0;0;0;4;0;1;0;0;163;0;0;360;0;295;0;0;1;0;0;0;2;0;0;0;0;0;1;14
46163;2016-06;0;222;2;0;0;0;0;15;0;0;0;0;0;0;2;0;0;0;0;0;0;0;10;0;2;0;0;472;0;0;489;0;239;0;0;1;1;0;0;8;0;0;0;0;0;6;3
46164;2016-06;0;1307;35;0;0;0;0;7;0;0;0;0;0;0;7;0;0;0;0;0;0;0;88;0;9;0;0;2191;0;0;2767;0;1940;0;0;13;11;0;0;24;0;0;0;0;0;14;6
46165;2016-06;0;782;10;0;0;0;0;0;0;0;0;0;0;0;13;0;0;0;0;0;0;0;98;0;5;0;0;1510;0;0;1858;0;1007;0;0;13;0;0;0;39;0;0;0;0;0;16;12
46166;2016-06;0;875;27;0;0;0;0;3;0;0;0;0;0;0;4;0;0;0;0;0;0;0;84;0;7;0;0;1960;0;0;2073;0;1123;0;0;15;2;0;0;33;0;0;0;0;0;8;7
46167;2016-06;0;14;1;0;0;0;0;0;0;0;0;0;0;0;0;0;0;0;0;0;0;0;0;0;0;0;0;50;0;0;106;0;92;0;0;0;0;0;0;0;0;0;0;0;0;1;0
46168;2016-06;0;203;0;0;0;0;0;0;0;0;0;0;0;0;2;0;0;0;0;0;0;0;19;0;0;0;0;427;0;0;473;0;353;0;0;0;1;0;0;1;0;0;0;0;0;5;0
46169;2016-06;0;3599;80;0;0;0;0;6;0;0;0;0;0;0;24;0;0;0;0;0;0;0;367;0;24;0;0;6830;0;0;7031;0;5652;0;0;90;16;0;0;87;0;0;0;0;0;47;46
46170;2016-06;0;360;14;0;0;0;0;0;0;0;0;0;0;0;4;0;0;0;0;0;0;0;23;0;2;0;0;404;0;0;1038;0;820;0;0;2;1;0;0;3;0;0;0;0;0;2;5
46171;2016-06;0;1819;43;0;0;0;0;4;0;0;0;0;0;0;16;0;0;0;0;0;0;0;178;0;15;0;0;3484;0;0;3679;0;2660;0;0;32;2;0;0;56;0;0;0;0;0;31;24
46172;2016-06;0;501;2;0;0;0;0;1;0;0;0;0;0;0;4;0;0;0;0;0;0;0;61;0;2;0;0;1015;0;0;1215;0;627;0;0;7;1;0;0;12;0;0;0;0;0;3;4
46173;2016-06;0;110;3;0;0;0;0;0;0;0;0;0;0;0;0;0;0;0;0;0;0;0;7;0;0;0;0;322;0;0;374;0;232;0;0;0;0;0;0;3;0;0;0;0;0;1;1
46174;2016-06;0;44;2;0;0;0;0;0;0;0;0;0;0;0;1;0;0;0;0;0;0;0;8;0;2;0;0;185;0;0;234;0;270;0;0;2;0;0;0;1;0;0;0;0;0;0;1
46175;2016-06;0;15;3;0;0;0;0;0;0;0;0;0;0;0;0;0;0;0;0;0;0;0;0;0;0;0;0;136;0;0;150;0;77;0;0;0;0;0;0;3;0;0;0;0;0;0;0
46176;2016-06;0;185;5;0;0;0;0;1;0;0;0;0;0;0;2;0;0;0;0;0;0;0;22;0;4;0;0;341;0;0;495;0;274;0;0;1;1;0;0;9;0;0;0;0;0;2;2
46177;2016-06;0;436;6;0;0;0;0;1;0;0;0;0;0;0;2;0;0;0;0;0;0;0;37;0;8;0;0;1113;0;0;952;0;920;0;0;4;3;0;0;15;0;0;0;0;0;5;5
46178;2016-06;0;609;13;0;0;0;0;0;0;0;0;0;0;0;4;0;0;0;0;0;0;0;54;0;0;0;0;930;0;0;1245;0;442;0;0;8;0;0;0;21;0;0;0;0;0;4;24
46179;2016-06;0;180;5;0;0;0;0;0;0;0;0;0;0;0;0;0;0;0;0;0;0;0;15;0;1;0;0;418;0;0;675;0;421;0;0;1;0;0;0;0;0;0;0;0;0;2;3
46180;2016-06;0;62;0;0;0;0;0;0;0;0;0;0;0;0;1;0;0;0;0;0;0;0;16;0;1;0;0;178;0;0;139;0;148;0;0;1;0;0;0;2;0;0;0;0;0;0;1
46181;2016-06;0;1477;40;0;0;0;0;4;0;0;0;0;0;0;11;0;0;0;0;0;0;0;170;0;8;0;0;3451;0;0;4299;0;2503;0;0;15;4;0;0;31;0;0;0;0;0;15;25
46182;2016-06;0;137;0;0;0;0;0;0;0;0;0;0;0;0;4;0;0;0;0;0;0;0;15;0;3;0;0;336;0;0;248;0;164;0;0;5;0;0;0;2;0;0;0;0;0;1;1
46183;2016-06;0;554;9;0;0;0;0;3;0;0;0;0;0;0;5;0;0;0;0;0;0;0;46;0;2;0;0;1099;0;0;1903;0;713;0;0;4;0;0;0;7;0;0;0;0;0;8;9
46184;2016-06;0;2673;81;0;0;0;0;11;0;0;0;0;0;0;25;0;0;0;0;0;0;0;250;0;24;0;0;6307;0;0;6196;0;4412;0;0;31;9;0;0;25;0;0;0;0;0;29;35
46185;2016-06;0;22;0;0;0;0;0;0;0;0;0;0;0;0;0;0;0;0;0;0;0;0;3;0;0;0;0;182;0;0;44;0;60;0;0;0;0;0;0;0;0;0;0;0;0;0;0
46186;2016-06;0;2570;58;0;0;0;0;2;0;0;0;0;0;0;17;0;0;0;0;0;0;0;209;0;8;0;0;4012;0;0;4309;0;3050;0;0;48;4;0;0;58;0;0;0;0;0;37;23
46187;2016-06;0;104;1;0;0;0;0;0;0;0;0;0;0;0;1;0;0;0;0;0;0;0;10;0;0;0;0;287;0;0;370;0;218;0;0;2;0;0;0;5;0;0;0;0;0;1;1
46188;2016-06;0;75;2;0;0;0;0;0;0;0;0;0;0;0;0;0;0;0;0;0;0;0;8;0;0;0;0;183;0;0;167;0;91;0;0;1;1;0;0;0;0;0;0;0;0;0;1
46189;2016-06;0;40;0;0;0;0;0;0;0;0;0;0;0;0;0;0;0;0;0;0;0;0;8;0;0;0;0;135;0;0;98;0;106;0;0;0;0;0;0;1;0;0;0;0;0;0;0
46190;2016-06;0;6421;190;0;0;0;0;9;0;0;0;0;0;0;42;0;0;0;0;0;0;0;556;0;50;0;0;10030;0;0;10510;0;6987;0;0;103;9;0;0;113;0;0;0;0;0;110;78
46191;2016-06;0;118;6;0;0;0;0;0;0;0;0;0;0;0;2;0;0;0;0;0;0;0;12;0;3;0;0;403;0;0;596;0;354;0;0;2;1;0;0;0;0;0;0;0;0;0;3
46192;2016-06;0;88;3;0;0;0;0;0;0;0;0;0;0;0;1;0;0;0;0;0;0;0;6;0;0;0;0;158;0;0;171;0;133;0;0;1;0;0;0;2;0;0;0;0;0;2;0
46193;2016-06;0;1120;18;0;0;0;0;4;0;0;0;0;0;0;6;0;0;0;0;0;0;0;113;0;3;0;0;2048;0;0;1875;0;1574;0;0;8;3;0;0;28;0;0;0;0;0;10;11
46194;2016-06;0;1611;48;0;0;0;0;0;0;0;0;0;0;0;13;0;0;0;0;0;0;0;180;0;15;0;0;2957;0;0;3629;0;2373;0;0;22;7;0;0;55;0;0;0;0;0;22;26
46195;2016-06;0;175;2;0;0;0;0;0;0;0;0;0;0;0;3;0;0;0;0;0;0;0;15;0;0;0;0;413;0;0;492;0;388;0;0;2;0;0;0;7;0;0;0;0;0;2;6
46196;2016-06;0;11;0;0;0;0;0;0;0;0;0;0;0;0;0;0;0;0;0;0;0;0;2;0;0;0;0;14;0;0;66;0;30;0;0;0;0;0;0;0;0;0;0;0;0;0;1
46197;2016-06;0;179;3;0;0;0;0;0;0;0;0;0;0;0;0;0;0;0;0;0;0;0;19;0;0;0;0;665;0;0;350;0;285;0;0;1;0;0;0;4;0;0;0;0;0;2;1
46198;2016-06;0;54;2;0;0;0;0;0;0;0;0;0;0;0;0;0;0;0;0;0;0;0;14;0;2;0;0;292;0;0;160;0;140;0;0;1;1;0;0;3;0;0;0;0;0;1;0
46199;2016-06;0;610;11;0;0;0;0;1;0;0;0;0;0;0;3;0;0;0;0;0;0;0;50;0;4;0;0;1011;0;0;1579;0;922;0;0;7;3;0;0;19;0;0;0;0;0;11;7
46200;2016-06;0;159;3;0;0;0;0;0;0;0;0;0;0;0;1;0;0;0;0;0;0;0;12;0;2;0;0;400;0;0;541;0;405;0;0;2;0;0;0;6;0;0;0;0;0;4;1
46201;2016-06;0;1;0;0;0;0;0;0;0;0;0;0;0;0;0;0;0;0;0;0;0;0;0;0;0;0;0;8;0;0;10;0;31;0;0;0;0;0;0;0;0;0;0;0;0;0;0
46202;2016-06;0;2390;63;0;0;0;0;5;0;0;0;0;0;0;10;0;0;0;0;0;0;0;189;0;9;0;0;3665;0;0;4315;0;1857;0;0;37;3;0;0;49;0;0;0;0;0;24;15
46203;2016-06;0;289;4;0;0;0;0;3;0;0;0;0;0;0;1;0;0;0;0;0;0;0;33;0;2;0;0;1053;0;0;757;0;679;0;0;4;1;0;0;5;0;0;0;0;0;2;2
46204;2016-06;0;816;14;0;0;0;0;0;0;0;0;0;0;0;6;0;0;0;0;0;0;0;30;0;2;0;0;1329;0;0;1548;0;1377;0;0;9;3;0;0;17;0;0;0;0;0;14;5
46205;2016-06;0;1703;42;0;0;0;0;6;0;0;0;0;0;0;7;0;0;0;0;0;0;0;111;0;7;0;0;2771;0;0;3564;0;2460;0;0;20;8;0;0;34;0;0;0;0;0;27;23
46206;2016-06;0;38;2;0;0;0;0;0;0;0;0;0;0;0;0;0;0;0;0;0;0;0;5;0;0;0;0;93;0;0;140;0;159;0;0;1;0;0;0;0;0;0;0;0;0;2;3
46207;2016-06;0;713;17;0;0;0;0;1;0;0;0;0;0;0;5;0;0;0;0;0;0;0;75;0;2;0;0;1383;0;0;1777;0;967;0;0;10;8;0;0;20;0;0;0;0;0;12;9
46208;2016-06;0;67;2;0;0;0;0;0;0;0;0;0;0;0;0;0;0;0;0;0;0;0;9;0;0;0;0;260;0;0;300;0;235;0;0;1;0;0;0;1;0;0;0;0;0;1;1
46209;2016-06;0;127;8;0;0;0;0;2;0;0;0;0;0;0;0;0;0;0;0;0;0;0;12;0;0;0;0;354;0;0;511;0;383;0;0;5;0;0;0;5;0;0;0;0;0;3;0
46210;2016-06;0;34;0;0;0;0;0;0;0;0;0;0;0;0;0;0;0;0;0;0;0;0;6;0;0;0;0;75;0;0;102;0;58;0;0;0;0;0;0;0;0;0;0;0;0;0;0
46211;2016-06;0;189;5;0;0;0;0;0;0;0;0;0;0;0;1;0;0;0;0;0;0;0;18;0;0;0;0;310;0;0;529;0;306;0;0;1;0;0;0;6;0;0;0;0;0;1;4
46212;2016-06;0;130;2;0;0;0;0;0;0;0;0;0;0;0;1;0;0;0;0;0;0;0;12;0;0;0;0;370;0;0;379;0;218;0;0;1;0;0;0;1;0;0;0;0;0;1;0
46213;2016-06;0;1816;31;0;0;0;0;3;0;0;0;0;0;0;8;0;0;0;0;0;0;0;120;0;14;0;0;1977;0;0;4053;0;2570;0;0;25;9;0;0;9;0;0;0;0;0;32;41
46214;2016-06;0;2045;23;0;0;0;0;3;0;0;0;0;0;0;15;0;0;0;0;0;0;0;194;0;8;0;0;3271;0;0;3843;0;2481;0;0;19;2;0;0;48;0;0;0;0;0;26;16
46215;2016-06;0;69;2;0;0;0;0;0;0;0;0;0;0;0;0;0;0;0;0;0;0;0;15;0;0;0;0;555;0;0;236;0;258;0;0;0;0;0;0;2;0;0;0;0;0;0;1
46216;2016-06;0;758;3;0;0;0;0;2;0;0;0;0;0;0;3;0;0;0;0;0;0;0;47;0;1;0;0;984;0;0;1663;0;569;0;0;4;1;0;0;11;0;0;0;0;0;12;18
46217;2016-06;0;74;5;0;0;0;0;0;0;0;0;0;0;0;0;0;0;0;0;0;0;0;7;0;0;0;0;197;0;0;225;0;164;0;0;0;0;0;0;0;0;0;0;0;0;0;0
46218;2016-06;0;75;1;0;0;0;0;0;0;0;0;0;0;0;1;0;0;0;0;0;0;0;10;0;0;0;0;243;0;0;386;0;157;0;0;1;0;0;0;4;0;0;0;0;0;0;0
46219;2016-06;0;9;0;0;0;0;0;0;0;0;0;0;0;0;0;0;0;0;0;0;0;0;1;0;0;0;0;22;0;0;53;0;26;0;0;0;0;0;0;0;0;0;0;0;0;0;0
46220;2016-06;0;4736;114;0;0;0;0;8;0;0;0;0;0;0;39;0;0;0;0;0;0;0;420;0;73;0;0;12175;0;0;9588;0;6537;0;0;86;12;0;0;72;0;0;0;0;0;100;53
46221;2016-06;0;31;0;0;0;0;0;1;0;0;0;0;0;0;0;0;0;0;0;0;0;0;2;0;0;0;0;79;0;0;115;0;76;0;0;0;0;0;0;0;0;0;0;0;0;0;0
46222;2016-06;0;37;0;0;0;0;0;0;0;0;0;0;0;0;0;0;0;0;0;0;0;0;1;0;0;0;0;126;0;0;61;0;75;0;0;1;0;0;0;2;0;0;0;0;0;0;0
46223;2016-06;0;869;13;0;0;0;0;4;0;0;0;0;0;0;15;0;0;0;0;0;0;0;74;0;4;0;0;1503;0;0;2060;0;1269;0;0;7;0;0;0;24;0;0;0;0;0;11;12
46224;2016-06;0;12;3;0;0;0;0;0;0;0;0;0;0;0;0;0;0;0;0;0;0;0;0;0;0;0;0;29;0;0;52;0;25;0;0;0;0;0;0;0;0;0;0;0;0;0;0
46225;2016-06;0;35;1;0;0;0;0;0;0;0;0;0;0;0;0;0;0;0;0;0;0;0;5;0;1;0;0;79;0;0;109;0;43;0;0;2;0;0;0;1;0;0;0;0;0;0;0
46226;2016-06;0;0;0;0;0;0;0;0;0;0;0;0;0;0;1;0;0;0;0;0;0;0;0;0;0;0;0;9;0;0;4;0;21;0;0;0;0;0;0;0;0;0;0;0;0;0;0
46227;2016-06;0;62;2;0;0;0;0;0;0;0;0;0;0;0;0;0;0;0;0;0;0;0;7;0;1;0;0;251;0;0;161;0;208;0;0;3;0;0;0;2;0;0;0;0;0;2;2
46228;2016-06;0;269;1;0;0;0;0;0;0;0;0;0;0;0;2;0;0;0;0;0;0;0;15;0;5;0;0;447;0;0;688;0;322;0;0;5;0;0;0;8;0;0;0;0;0;8;17
46229;2016-06;0;71;1;0;0;0;0;1;0;0;0;0;0;0;1;0;0;0;0;0;0;0;1;0;0;0;0;185;0;0;305;0;188;0;0;2;0;0;0;0;0;0;0;0;0;1;2
46230;2016-06;0;1486;20;0;0;0;0;5;0;0;0;0;0;0;14;0;0;0;0;0;0;0;139;0;9;0;0;2778;0;0;3103;0;2510;0;0;14;5;0;0;70;0;0;0;0;0;19;15
46231;2016-06;0;143;5;0;0;0;0;0;0;0;0;0;0;0;2;0;0;0;0;0;0;0;24;0;2;0;0;725;0;0;438;0;350;0;0;1;0;0;0;2;0;0;0;0;0;0;2
46232;2016-06;0;76;1;0;0;0;0;0;0;0;0;0;0;0;0;0;0;0;0;0;0;0;6;0;4;0;0;94;0;0;259;0;249;0;0;0;1;0;0;0;0;0;0;0;0;0;1
46233;2016-06;0;322;7;0;0;0;0;1;0;0;0;0;0;0;2;0;0;0;0;0;0;0;37;0;0;0;0;766;0;0;1033;0;600;0;0;5;2;0;0;28;0;0;0;0;0;2;2
46234;2016-06;0;29;0;0;0;0;0;0;0;0;0;0;0;0;0;0;0;0;0;0;0;0;1;0;0;0;0;62;0;0;108;0;70;0;0;0;0;0;0;2;0;0;0;0;0;0;0
46235;2016-06;0;1884;68;0;0;0;0;7;0;0;0;0;0;0;10;0;0;0;0;0;0;0;192;0;22;0;0;5660;0;0;4518;0;3165;0;0;31;2;0;0;55;0;0;0;0;0;17;19
46236;2016-06;0;65;1;0;0;0;0;0;0;0;0;0;0;0;0;0;0;0;0;0;0;0;7;0;1;0;0;271;0;0;249;0;211;0;0;0;0;0;0;2;0;0;0;0;0;0;0
46237;2016-06;0;816;14;0;0;0;0;3;0;0;0;0;0;0;6;0;0;0;0;0;0;0;76;0;3;0;0;1517;0;0;1544;0;1259;0;0;10;2;0;0;30;0;0;0;0;0;8;13
46238;2016-06;0;1071;14;0;0;0;0;5;0;0;0;0;0;0;5;0;0;0;0;0;0;0;130;0;23;0;0;3604;0;0;3145;0;1605;0;0;6;3;0;0;26;0;0;0;0;0;17;6
46239;2016-06;0;33;0;0;0;0;0;0;0;0;0;0;0;0;1;0;0;0;0;0;0;0;3;0;1;0;0;42;0;0;151;0;104;0;0;0;0;0;0;0;0;0;0;0;0;0;0
46240;2016-06;0;19;1;0;0;0;0;0;0;0;0;0;0;0;0;0;0;0;0;0;0;0;4;0;0;0;0;37;0;0;77;0;22;0;0;0;0;0;0;0;0;0;0;0;0;0;0
46241;2016-06;0;40;1;0;0;0;0;0;0;0;0;0;0;0;1;0;0;0;0;0;0;0;4;0;0;0;0;82;0;0;86;0;72;0;0;1;0;0;0;1;0;0;0;0;0;0;2
46242;2016-06;0;28;2;0;0;0;0;0;0;0;0;0;0;0;3;0;0;0;0;0;0;0;0;0;1;0;0;34;0;0;154;0;42;0;0;1;0;0;0;0;0;0;0;0;0;0;1
46243;2016-06;0;11;0;0;0;0;0;0;0;0;0;0;0;0;1;0;0;0;0;0;0;0;2;0;0;0;0;27;0;0;46;0;22;0;0;0;0;0;0;1;0;0;0;0;0;1;0
46244;2016-06;0;6784;165;0;0;0;0;8;0;0;0;0;0;0;52;0;0;0;0;0;0;0;651;0;65;0;0;9777;0;0;14376;0;9176;0;0;111;21;0;0;179;0;0;0;0;0;104;128
46245;2016-06;0;44;0;0;0;0;0;0;0;0;0;0;0;0;0;0;0;0;0;0;0;0;9;0;0;0;0;120;0;0;139;0;99;0;0;1;0;0;0;1;0;0;0;0;0;1;1
46246;2016-06;0;94;1;0;0;0;0;1;0;0;0;0;0;0;1;0;0;0;0;0;0;0;2;0;1;0;0;131;0;0;397;0;181;0;0;0;0;0;0;2;0;0;0;0;0;0;7
46247;2016-06;0;70;2;0;0;0;0;0;0;0;0;0;0;0;0;0;0;0;0;0;0;0;5;0;1;0;0;160;0;0;352;0;115;0;0;0;0;0;0;0;0;0;0;0;0;1;1
46248;2016-06;0;397;5;0;0;0;0;0;0;0;0;0;0;0;4;0;0;0;0;0;0;0;42;0;1;0;0;815;0;0;1416;0;826;0;0;1;0;0;0;9;0;0;0;0;0;7;3
46249;2016-06;0;967;20;0;0;0;0;2;0;0;0;0;0;0;6;0;0;0;0;0;0;0;53;0;6;0;0;1233;0;0;2446;0;1839;0;0;8;1;0;0;2;0;0;0;0;0;18;19
46250;2016-06;0;67957;1368;0;0;0;0;189;0;0;0;0;0;0;389;0;0;0;0;0;0;0;6210;0;484;0;0;119236;0;0;159079;0;76793;0;0;1056;178;0;0;2149;0;0;0;0;0;1066;1459
46251;2016-06;0;194;3;0;0;0;0;4;0;0;0;0;0;0;3;0;0;0;0;0;0;0;11;0;2;0;0;552;0;0;659;0;514;0;0;5;0;0;0;1;0;0;0;0;0;1;1
46252;2016-06;0;7;0;0;0;0;0;0;0;0;0;0;0;0;0;0;0;0;0;0;0;0;0;0;0;0;0;6;0;0;54;0;30;0;0;0;0;0;0;0;0;0;0;0;0;0;1
46253;2016-06;0;9;0;0;0;0;0;0;0;0;0;0;0;0;0;0;0;0;0;0;0;0;3;0;2;0;0;24;0;0;22;0;20;0;0;0;0;0;0;0;0;0;0;0;0;1;1
46254;2016-06;0;77;1;0;0;0;0;0;0;0;0;0;0;0;0;0;0;0;0;0;0;0;5;0;2;0;0;128;0;0;334;0;220;0;0;0;0;0;0;1;0;0;0;0;0;2;3
46255;2016-06;0;280;9;0;0;0;0;1;0;0;0;0;0;0;2;0;0;0;0;0;0;0;28;0;5;0;0;721;0;0;844;0;487;0;0;7;0;0;0;8;0;0;0;0;0;5;5
46256;2016-06;0;641;14;0;0;0;0;2;0;0;0;0;0;0;7;0;0;0;0;0;0;0;58;0;7;0;0;1303;0;0;1915;0;862;0;0;5;2;0;0;33;0;0;0;0;0;8;8
46257;2016-06;0;321;13;0;0;0;0;1;0;0;0;0;0;0;5;0;0;0;0;0;0;0;50;0;9;0;0;1602;0;0;1317;0;856;0;0;8;0;0;0;12;0;0;0;0;0;4;1
46258;2016-06;0;181;5;0;0;0;0;1;0;0;0;0;0;0;0;0;0;0;0;0;0;0;17;0;1;0;0;521;0;0;851;0;452;0;0;2;2;0;0;2;0;0;0;0;0;7;4
46259;2016-06;0;47;1;0;0;0;0;0;0;0;0;0;0;0;0;0;0;0;0;0;0;0;3;0;0;0;0;77;0;0;145;0;111;0;0;3;0;0;0;0;0;0;0;0;0;0;2
46260;2016-06;0;296;10;0;0;0;0;0;0;0;0;0;0;0;2;0;0;0;0;0;0;0;24;0;1;0;0;604;0;0;628;0;457;0;0;6;0;0;0;14;0;0;0;0;0;2;2
46261;2016-06;0;108;3;0;0;0;0;3;0;0;0;0;0;0;0;0;0;0;0;0;0;0;9;0;0;0;0;329;0;0;536;0;335;0;0;0;0;0;0;2;0;0;0;0;0;2;5
46262;2016-06;0;23;1;0;0;0;0;0;0;0;0;0;0;0;1;0;0;0;0;0;0;0;0;0;1;0;0;32;0;0;76;0;23;0;0;0;0;0;0;0;0;0;0;0;0;0;0
46263;2016-06;0;10;0;0;0;0;0;0;0;0;0;0;0;0;0;0;0;0;0;0;0;0;1;0;0;0;0;46;0;0;55;0;98;0;0;0;0;0;0;0;0;0;0;0;0;1;1
46902;2016-06;0;50;2;0;0;0;0;1;0;0;0;0;0;0;0;0;0;0;0;0;0;0;3;0;0;0;0;68;0;0;59;0;115;0;0;0;2;0;0;2;0;0;0;0;0;0;1
46903;2016-06;0;1179;14;0;0;0;0;3;0;0;0;0;0;0;2;0;0;0;0;0;0;0;95;0;1;0;0;1064;0;0;1712;0;632;0;0;6;1;0;0;17;0;0;0;0;0;6;13
46904;2016-06;0;71;2;0;0;0;0;1;0;0;0;0;0;0;0;0;0;0;0;0;0;0;6;0;2;0;0;207;0;0;171;0;123;0;0;1;1;0;0;7;0;0;0;0;0;3;0
47001;2016-06;0;3;0;0;0;0;0;0;0;0;0;0;0;0;1;0;0;0;0;0;0;0;0;0;0;0;0;0;0;5;35;0;2;0;0;0;0;0;0;0;0;0;0;0;0;0;0
47002;2016-06;0;1;0;3;0;0;0;0;0;0;0;0;0;0;0;0;0;0;0;0;0;0;0;0;0;0;0;0;0;1;12;0;2;0;0;0;0;0;0;0;0;0;0;0;0;0;0
47003;2016-06;0;8;0;1;0;0;0;0;0;0;0;0;0;0;0;0;0;0;0;0;0;0;2;0;0;0;0;0;0;10;115;0;39;0;0;0;0;0;0;0;0;0;0;0;0;0;1
47004;2016-06;1;101;0;2;0;0;0;0;0;0;0;0;0;0;2;0;0;0;0;0;0;0;0;0;0;0;0;0;0;70;396;0;348;0;0;0;0;0;0;0;0;0;0;0;0;2;1
47005;2016-06;1;48;0;8;0;0;0;0;0;0;0;0;0;0;1;0;0;0;0;0;0;0;4;0;0;0;0;0;0;47;198;0;97;0;0;0;0;0;0;0;0;0;0;0;0;0;2
47006;2016-06;0;13;0;1;0;0;0;0;0;0;0;0;0;0;0;0;0;0;0;0;0;0;0;0;0;0;0;0;0;41;43;0;35;0;0;0;0;0;0;0;0;0;0;0;0;0;1
47007;2016-06;3;625;0;35;0;0;0;0;0;0;0;0;0;0;5;0;0;0;0;0;0;0;32;0;3;0;0;0;0;558;902;0;525;0;0;8;0;0;0;0;0;0;0;0;0;7;9
47008;2016-06;0;1;0;0;0;0;0;0;0;0;0;0;0;0;0;0;0;0;0;0;0;0;0;0;0;0;0;0;0;4;13;0;0;0;0;0;0;0;0;0;0;0;0;0;0;0;0
47009;2016-06;0;10;0;0;0;0;0;0;0;0;0;0;0;0;1;0;0;0;0;0;0;0;0;0;0;0;0;0;0;11;39;0;23;0;0;0;0;0;0;0;0;0;0;0;0;0;1
47010;2016-06;0;2593;0;98;0;0;0;2;0;0;0;0;0;0;16;0;0;0;0;0;0;0;120;0;7;0;0;0;0;1812;3920;0;1704;0;0;19;0;6;0;0;0;0;0;0;0;50;26
47011;2016-06;0;37;0;2;0;0;0;0;0;0;0;0;0;0;0;0;0;0;0;0;0;0;0;0;0;0;0;0;0;24;285;0;105;0;0;0;0;0;0;0;0;0;0;0;0;0;0
47012;2016-06;0;10;0;0;0;0;0;0;0;0;0;0;0;0;0;0;0;0;0;0;0;0;1;0;0;0;0;0;0;9;58;0;15;0;0;0;0;0;0;0;0;0;0;0;0;0;0
47013;2016-06;0;9;0;0;0;0;0;0;0;0;0;0;0;0;0;0;0;0;0;0;0;0;0;0;0;0;0;0;0;6;27;0;38;0;0;0;0;0;0;0;0;0;0;0;0;0;0
47014;2016-06;0;7;0;0;0;0;0;0;0;0;0;0;0;0;0;0;0;0;0;0;0;0;0;0;0;0;0;0;0;2;26;0;10;0;0;0;0;0;0;0;0;0;0;0;0;0;0
47015;2016-06;0;12;0;0;0;0;0;0;0;0;0;0;0;0;0;0;0;0;0;0;0;0;1;0;0;0;0;0;0;19;89;0;38;0;0;0;0;0;0;0;0;0;0;0;0;0;1
47016;2016-06;0;6;0;0;0;0;0;0;0;0;0;0;0;0;0;0;0;0;0;0;0;0;1;0;0;0;0;0;0;6;32;0;10;0;0;0;0;0;0;0;0;0;0;0;0;0;0
47017;2016-06;0;13;0;2;0;0;0;0;0;0;0;0;0;0;0;0;0;0;0;0;0;0;2;0;0;0;0;0;0;9;117;0;7;0;0;0;0;1;0;0;0;0;0;0;0;0;1
47018;2016-06;0;0;0;1;0;0;0;0;0;0;0;0;0;0;0;0;0;0;0;0;0;0;0;0;0;0;0;0;0;2;25;0;0;0;0;0;0;0;0;0;0;0;0;0;0;0;0
47019;2016-06;0;3;0;0;0;0;0;0;0;0;0;0;0;0;0;0;0;0;0;0;0;0;0;0;0;0;0;0;0;8;50;0;11;0;0;0;0;0;0;0;0;0;0;0;0;0;1
47020;2016-06;0;12;0;3;0;0;0;0;0;0;0;0;0;0;2;0;0;0;0;0;0;0;0;0;1;0;0;0;0;7;145;0;58;0;0;0;0;0;0;0;0;0;0;0;0;1;0
47021;2016-06;0;12;0;1;0;0;0;0;0;0;0;0;0;0;1;0;0;0;0;0;0;0;0;0;0;0;0;0;0;9;33;0;8;0;0;0;0;0;0;0;0;0;0;0;0;0;0
47022;2016-06;0;6;0;0;0;0;0;0;0;0;0;0;0;0;1;0;0;0;0;0;0;0;0;0;0;0;0;0;0;2;38;0;2;0;0;0;0;0;0;0;0;0;0;0;0;0;0
47023;2016-06;0;498;0;22;0;0;0;2;0;0;0;0;0;0;3;0;0;0;0;0;0;0;14;0;2;0;0;0;0;422;948;0;377;0;0;3;0;0;0;0;0;0;0;0;0;8;9
47024;2016-06;0;22;0;0;0;0;0;0;0;0;0;0;0;0;0;0;0;0;0;0;0;0;0;0;1;0;0;0;0;21;98;0;64;0;0;0;0;0;0;0;0;0;0;0;0;0;0
47025;2016-06;0;9;0;0;0;0;0;0;0;0;0;0;0;0;0;0;0;0;0;0;0;0;0;0;0;0;0;0;0;7;52;0;25;0;0;0;0;0;0;0;0;0;0;0;0;0;0
47026;2016-06;0;3;0;0;0;0;0;0;0;0;0;0;0;0;1;0;0;0;0;0;0;0;0;0;0;0;0;0;0;2;30;0;3;0;0;0;0;0;0;0;0;0;0;0;0;0;0
47027;2016-06;3;370;0;6;0;0;0;0;0;0;0;0;0;0;0;0;0;0;0;0;0;0;13;0;2;0;0;0;0;366;709;0;524;0;0;6;0;0;0;0;0;0;0;0;0;5;5
47028;2016-06;0;2;0;0;0;0;0;0;0;0;0;0;0;0;0;0;0;0;0;0;0;0;0;0;0;0;0;0;0;3;15;0;1;0;0;0;0;0;0;0;0;0;0;0;0;0;0
47029;2016-06;0;7;0;0;0;0;0;0;0;0;0;0;0;0;0;0;0;0;0;0;0;0;0;0;0;0;0;0;0;4;29;0;12;0;0;0;0;0;0;0;0;0;0;0;0;0;0
47030;2016-06;0;83;0;6;0;0;0;0;0;0;0;0;0;0;1;0;0;0;0;0;0;0;2;0;0;0;0;0;0;143;366;0;142;0;0;1;0;1;0;0;0;0;0;0;0;0;0
47031;2016-06;0;16;0;1;0;0;0;0;0;0;0;0;0;0;0;0;0;0;0;0;0;0;0;0;0;0;0;0;0;6;91;0;29;0;0;0;0;0;0;0;0;0;0;0;0;0;1
47032;2016-06;0;7;0;5;0;0;0;0;0;0;0;0;0;0;1;0;0;0;0;0;0;0;1;0;0;0;0;0;0;9;83;0;8;0;0;0;0;0;0;0;0;0;0;0;0;1;0
47033;2016-06;0;28;0;2;0;0;0;0;0;0;0;0;0;0;0;0;0;0;0;0;0;0;0;0;0;0;0;0;0;9;85;0;28;0;0;0;0;0;0;0;0;0;0;0;0;1;0
47034;2016-06;0;3;0;0;0;0;0;0;0;0;0;0;0;0;1;0;0;0;0;0;0;0;0;0;0;0;0;0;0;5;38;0;8;0;0;0;0;0;0;0;0;0;0;0;0;0;0
47035;2016-06;0;62;0;8;0;0;0;0;0;0;0;0;0;0;2;0;0;0;0;0;0;0;0;0;0;0;0;0;0;55;373;0;208;0;0;0;0;0;0;0;0;0;0;0;0;3;1
47036;2016-06;0;19;0;1;0;0;0;0;0;0;0;0;0;0;0;0;0;0;0;0;0;0;0;0;0;0;0;0;0;10;94;0;54;0;0;0;0;0;0;0;0;0;0;0;0;0;0
47037;2016-06;0;5;0;3;0;0;0;0;0;0;0;0;0;0;0;0;0;0;0;0;0;0;0;0;0;0;0;0;0;4;91;0;28;0;0;1;0;0;0;0;0;0;0;0;0;0;1
47038;2016-06;1;3;0;0;0;0;0;0;0;0;0;0;0;0;0;0;0;0;0;0;0;0;0;0;0;0;0;0;0;10;37;0;26;0;0;0;0;0;0;0;0;0;0;0;0;0;0
47039;2016-06;0;5;0;0;0;0;0;0;0;0;0;0;0;0;0;0;0;0;0;0;0;0;0;0;0;0;0;0;0;14;65;0;55;0;0;0;0;0;0;0;0;0;0;0;0;1;0
47040;2016-06;0;5;0;1;0;0;0;0;0;0;0;0;0;0;1;0;0;0;0;0;0;0;0;0;0;0;0;0;0;3;33;0;10;0;0;0;0;0;0;0;0;0;0;0;0;0;0
47041;2016-06;0;6;0;0;0;0;0;0;0;0;0;0;0;0;1;0;0;0;0;0;0;0;1;0;0;0;0;0;0;7;66;0;27;0;0;0;0;0;0;0;0;0;0;0;0;0;0
47042;2016-06;0;2;0;0;0;0;0;0;0;0;0;0;0;0;0;0;0;0;0;0;0;0;0;0;0;0;0;0;0;7;18;0;10;0;0;0;0;0;0;0;0;0;0;0;0;0;0
47043;2016-06;0;15;0;1;0;0;0;0;0;0;0;0;0;0;0;0;0;0;0;0;0;0;0;0;1;0;0;0;0;14;123;0;83;0;0;0;0;0;0;0;0;0;0;0;0;0;0
47044;2016-06;0;45;0;4;0;0;0;0;0;0;0;0;0;0;0;0;0;0;0;0;0;0;3;0;0;0;0;0;0;53;112;0;70;0;0;0;0;0;0;0;0;0;0;0;0;1;0
47045;2016-06;1;38;0;18;0;0;0;0;0;0;0;0;0;0;2;0;0;0;0;0;0;0;0;0;2;0;0;0;0;124;198;0;180;0;0;0;0;0;0;0;0;0;0;0;0;1;2
47046;2016-06;0;12;0;1;0;0;0;0;0;0;0;0;0;0;0;0;0;0;0;0;0;0;0;0;0;0;0;0;0;6;37;0;33;0;0;0;0;0;0;0;0;0;0;0;0;0;0
47047;2016-06;0;8;0;0;0;0;0;0;0;0;0;0;0;0;0;0;0;0;0;0;0;0;0;0;0;0;0;0;0;9;115;0;21;0;0;0;0;0;0;0;0;0;0;0;0;0;1
47048;2016-06;0;26;0;0;0;0;0;0;0;0;0;0;0;0;1;0;0;0;0;0;0;0;0;0;0;0;0;0;0;7;85;0;21;0;0;0;0;0;0;0;0;0;0;0;0;0;3
47049;2016-06;0;4;0;0;0;0;0;0;0;0;0;0;0;0;1;0;0;0;0;0;0;0;0;0;0;0;0;0;0;9;36;0;17;0;0;1;0;0;0;0;0;0;0;0;0;0;0
47050;2016-06;0;496;0;19;0;0;0;1;0;0;0;0;0;0;3;0;0;0;0;0;0;0;24;0;3;0;0;0;0;485;917;0;601;0;0;9;0;0;0;0;0;0;0;0;0;8;6
47051;2016-06;0;51;0;0;0;0;0;0;0;0;0;0;0;0;3;0;0;0;0;0;0;0;0;0;0;0;0;0;0;42;110;0;48;0;0;0;0;0;0;0;0;0;0;0;0;1;6
47052;2016-06;1;1046;0;44;0;0;0;3;0;0;0;0;0;0;10;0;0;0;0;0;0;0;56;0;6;0;0;0;0;977;1604;0;1109;0;0;12;0;1;0;0;0;0;0;0;0;29;6
47053;2016-06;0;12;0;1;0;0;0;0;0;0;0;0;0;0;0;0;0;0;0;0;0;0;0;0;0;0;0;0;0;25;42;0;15;0;0;0;0;0;0;0;0;0;0;0;0;1;0
47054;2016-06;0;54;0;2;0;0;0;0;0;0;0;0;0;0;0;0;0;0;0;0;0;0;0;0;0;0;0;0;0;48;279;0;99;0;0;0;0;1;0;0;0;0;0;0;0;0;3
47055;2016-06;0;11;0;0;0;0;0;0;0;0;0;0;0;0;0;0;0;0;0;0;0;0;1;0;0;0;0;0;0;20;71;0;59;0;0;0;0;0;0;0;0;0;0;0;0;1;0
47056;2016-06;0;7;0;0;0;0;0;0;0;0;0;0;0;0;0;0;0;0;0;0;0;0;0;0;0;0;0;0;0;3;46;0;11;0;0;0;0;0;0;0;0;0;0;0;0;0;0
47057;2016-06;0;25;0;1;0;0;0;0;0;0;0;0;0;0;0;0;0;0;0;0;0;0;2;0;0;0;0;0;0;28;119;0;20;0;0;0;0;0;0;0;0;0;0;0;0;1;0
47058;2016-06;1;9;0;0;0;0;0;0;0;0;0;0;0;0;0;0;0;0;0;0;0;0;1;0;0;0;0;0;0;19;68;0;39;0;0;1;0;0;0;0;0;0;0;0;0;1;4
47059;2016-06;0;12;0;1;0;0;0;0;0;0;0;0;0;0;0;0;0;0;0;0;0;0;0;0;0;0;0;0;0;18;29;0;13;0;0;0;0;0;0;0;0;0;0;0;0;0;1
47060;2016-06;0;32;0;1;0;0;0;0;0;0;0;0;0;0;0;0;0;0;0;0;0;0;1;0;0;0;0;0;0;37;97;0;43;0;0;1;0;0;0;0;0;0;0;0;0;1;0
47061;2016-06;0;13;0;5;0;0;0;0;0;0;0;0;0;0;0;0;0;0;0;0;0;0;0;0;0;0;0;0;0;19;94;0;76;0;0;0;0;0;0;0;0;0;0;0;0;1;1
47062;2016-06;0;20;0;1;0;0;0;0;0;0;0;0;0;0;1;0;0;0;0;0;0;0;0;0;1;0;0;0;0;3;96;0;7;0;0;0;0;0;0;0;0;0;0;0;0;1;0
47063;2016-06;1;9;0;0;0;0;0;0;0;0;0;0;0;0;0;0;0;0;0;0;0;0;1;0;0;0;0;0;0;17;41;0;10;0;0;0;0;0;0;0;0;0;0;0;0;0;0
47064;2016-06;0;2;0;0;0;0;0;0;0;0;0;0;0;0;0;0;0;0;0;0;0;0;0;0;0;0;0;0;0;8;13;0;2;0;0;0;0;0;0;0;0;0;0;0;0;0;0
47065;2016-06;0;63;0;3;0;0;0;0;0;0;0;0;0;0;1;0;0;0;0;0;0;0;1;0;0;0;0;0;0;39;328;0;228;0;0;1;0;0;0;0;0;0;0;0;0;3;1
47066;2016-06;0;159;0;12;0;0;0;2;0;0;0;0;0;0;4;0;0;0;0;0;0;0;5;0;0;0;0;0;0;140;422;0;214;0;0;2;0;1;0;0;0;0;0;0;0;3;1
47067;2016-06;0;9;0;2;0;0;0;0;0;0;0;0;0;0;0;0;0;0;0;0;0;0;0;0;0;0;0;0;0;10;91;0;12;0;0;0;0;0;0;0;0;0;0;0;0;1;1
47068;2016-06;0;0;0;0;0;0;0;0;0;0;0;0;0;0;0;0;0;0;0;0;0;0;0;0;0;0;0;0;0;2;17;0;6;0;0;0;0;0;0;0;0;0;0;0;0;1;0
47069;2016-06;0;12;0;0;0;0;0;0;0;0;0;0;0;0;0;0;0;0;0;0;0;0;0;0;1;0;0;0;0;1;53;0;34;0;0;2;0;0;0;0;0;0;0;0;0;0;0
47070;2016-06;0;1;0;0;0;0;0;0;0;0;0;0;0;0;0;0;0;0;0;0;0;0;0;0;0;0;0;0;0;2;24;0;0;0;0;0;0;0;0;0;0;0;0;0;0;0;0
47071;2016-06;0;53;0;1;0;0;0;0;0;0;0;0;0;0;0;0;0;0;0;0;0;0;3;0;0;0;0;0;0;65;142;0;45;0;0;1;0;1;0;0;0;0;0;0;0;3;3
47073;2016-06;0;7;0;0;0;0;0;0;0;0;0;0;0;0;0;0;0;0;0;0;0;0;0;0;0;0;0;0;0;2;69;0;22;0;0;0;0;0;0;0;0;0;0;0;0;0;0
47074;2016-06;0;7;0;0;0;0;0;0;0;0;0;0;0;0;0;0;0;0;0;0;0;0;0;0;0;0;0;0;0;21;39;0;44;0;0;0;0;0;0;0;0;0;0;0;0;0;3
47075;2016-06;1;554;0;37;0;0;0;0;0;0;0;0;0;0;8;0;0;0;0;0;0;0;12;0;2;0;0;0;0;351;1942;0;685;0;0;6;0;0;0;0;0;0;0;0;0;6;9
47076;2016-06;4;2389;0;113;0;0;0;8;0;0;0;0;0;0;18;0;0;0;0;0;0;0;116;0;13;0;0;0;0;2612;4590;0;2899;0;0;21;0;9;0;0;0;0;0;0;0;50;38
47077;2016-06;0;31;0;1;0;0;0;0;0;0;0;0;0;0;0;0;0;0;0;0;0;0;0;0;0;0;0;0;0;10;126;0;22;0;0;0;0;0;0;0;0;0;0;0;0;0;0
47078;2016-06;0;15;0;3;0;0;0;0;0;0;0;0;0;0;0;0;0;0;0;0;0;0;0;0;0;0;0;0;0;6;79;0;21;0;0;0;0;0;0;0;0;0;0;0;0;0;0
47079;2016-06;0;6;0;0;0;0;0;0;0;0;0;0;0;0;0;0;0;0;0;0;0;0;0;0;0;0;0;0;0;2;36;0;3;0;0;0;0;0;0;0;0;0;0;0;0;0;0
47080;2016-06;0;3;0;0;0;0;0;0;0;0;0;0;0;0;0;0;0;0;0;0;0;0;0;0;0;0;0;0;0;2;15;0;1;0;0;0;0;0;0;0;0;0;0;0;0;0;0
47081;2016-06;0;3;0;2;0;0;0;0;0;0;0;0;0;0;0;0;0;0;0;0;0;0;0;0;0;0;0;0;0;6;10;0;13;0;0;0;0;0;0;0;0;0;0;0;0;0;0
47082;2016-06;1;67;0;2;0;0;0;0;0;0;0;0;0;0;2;0;0;0;0;0;0;0;0;0;0;0;0;0;0;75;369;0;97;0;0;4;0;0;0;0;0;0;0;0;0;2;1
47083;2016-06;0;4;0;0;0;0;0;0;0;0;0;0;0;0;2;0;0;0;0;0;0;0;1;0;0;0;0;0;0;14;27;0;2;0;0;0;0;0;0;0;0;0;0;0;0;3;0
47084;2016-06;0;75;0;9;0;0;0;1;0;0;0;0;0;0;1;0;0;0;0;0;0;0;3;0;0;0;0;0;0;71;421;0;279;0;0;0;0;0;0;0;0;0;0;0;0;1;2
47085;2016-06;3;1711;0;106;0;0;0;6;0;0;0;0;0;0;18;0;0;0;0;0;0;0;76;0;12;0;0;0;0;1733;4897;0;2957;0;0;16;0;6;0;0;0;0;0;0;0;18;33
47086;2016-06;0;326;0;24;0;0;0;0;0;0;0;0;0;0;5;0;0;0;0;0;0;0;14;0;7;0;0;0;0;284;1279;0;962;0;0;4;0;2;0;0;0;0;0;0;0;2;3
47087;2016-06;0;53;0;0;0;0;0;0;0;0;0;0;0;0;0;0;0;0;0;0;0;0;0;0;0;0;0;0;0;41;125;0;74;0;0;0;0;0;0;0;0;0;0;0;0;0;1
47088;2016-06;0;7;0;1;0;0;0;0;0;0;0;0;0;0;0;0;0;0;0;0;0;0;0;0;0;0;0;0;0;7;54;0;15;0;0;0;0;0;0;0;0;0;0;0;0;0;0
47089;2016-06;0;15;0;1;0;0;0;0;0;0;0;0;0;0;0;0;0;0;0;0;0;0;0;0;0;0;0;0;0;7;89;0;12;0;0;0;0;0;0;0;0;0;0;0;0;0;0
47090;2016-06;0;186;0;12;0;0;0;3;0;0;0;0;0;0;2;0;0;0;0;0;0;0;9;0;1;0;0;0;0;227;790;0;452;0;0;1;0;0;0;0;0;0;0;0;0;3;5
47091;2016-06;0;4;0;0;0;0;0;0;0;0;0;0;0;0;0;0;0;0;0;0;0;0;0;0;0;0;0;0;0;16;29;0;20;0;0;0;0;0;0;0;0;0;0;0;0;0;0
47092;2016-06;0;16;0;1;0;0;0;1;0;0;0;0;0;0;1;0;0;0;0;0;0;0;0;0;0;0;0;0;0;8;48;0;11;0;0;0;0;0;0;0;0;0;0;0;0;0;1
47093;2016-06;0;65;0;3;0;0;0;0;0;0;0;0;0;0;0;0;0;0;0;0;0;0;4;0;0;0;0;0;0;100;261;0;160;0;0;0;0;0;0;0;0;0;0;0;0;1;1
47094;2016-06;0;4;0;0;0;0;0;0;0;0;0;0;0;0;0;0;0;0;0;0;0;0;3;0;0;0;0;0;0;10;64;0;32;0;0;0;0;0;0;0;0;0;0;0;0;0;0
47095;2016-06;0;2;0;0;0;0;0;0;0;0;0;0;0;0;0;0;0;0;0;0;0;0;0;0;0;0;0;0;0;4;22;0;3;0;0;0;0;0;0;0;0;0;0;0;0;0;0
47096;2016-06;0;13;0;0;0;0;0;0;0;0;0;0;0;0;0;0;0;0;0;0;0;0;0;0;0;0;0;0;0;8;63;0;25;0;0;0;0;0;0;0;0;0;0;0;0;1;0
47097;2016-06;1;21;0;4;0;0;0;0;0;0;0;0;0;0;0;0;0;0;0;0;0;0;0;0;0;0;0;0;0;32;109;0;98;0;0;0;0;0;0;0;0;0;0;0;0;0;0
47098;2016-06;1;65;0;2;0;0;0;0;0;0;0;0;0;0;1;0;0;0;0;0;0;0;5;0;0;0;0;0;0;60;227;0;86;0;0;0;0;0;0;0;0;0;0;0;0;0;1
47099;2016-06;0;11;0;8;0;0;0;0;0;0;0;0;0;0;0;0;0;0;0;0;0;0;1;0;0;0;0;0;0;6;80;0;27;0;0;0;0;1;0;0;0;0;0;0;0;0;0
47100;2016-06;0;7;0;1;0;0;0;0;0;0;0;0;0;0;0;0;0;0;0;0;0;0;0;0;0;0;0;0;0;6;64;0;38;0;0;0;0;0;0;0;0;0;0;0;0;0;0
47101;2016-06;0;104;0;26;0;0;0;0;0;0;0;0;0;0;1;0;0;0;0;0;0;0;5;0;2;0;0;0;0;170;561;0;447;0;0;1;0;0;0;0;0;0;0;0;0;2;1
47102;2016-06;0;17;0;1;0;0;0;0;0;0;0;0;0;0;2;0;0;0;0;0;0;0;2;0;1;0;0;0;0;13;113;0;70;0;0;0;0;0;0;0;0;0;0;0;0;0;0
47103;2016-06;0;16;0;0;0;0;0;0;0;0;0;0;0;0;0;0;0;0;0;0;0;0;1;0;0;0;0;0;0;21;85;0;64;0;0;0;0;0;0;0;0;0;0;0;0;0;0
47104;2016-06;0;263;0;29;0;0;0;0;0;0;0;0;0;0;2;0;0;0;0;0;0;0;4;0;3;0;0;0;0;174;1178;0;442;0;0;1;0;1;0;0;0;0;0;0;0;1;4
47105;2016-06;0;14;0;0;0;0;0;1;0;0;0;0;0;0;1;0;0;0;0;0;0;0;1;0;0;0;0;0;0;18;68;0;52;0;0;0;0;0;0;0;0;0;0;0;0;0;1
47106;2016-06;0;1;0;0;0;0;0;0;0;0;0;0;0;0;0;0;0;0;0;0;0;0;0;0;0;0;0;0;0;2;26;0;9;0;0;0;0;0;0;0;0;0;0;0;0;1;0
47109;2016-06;0;23;0;0;0;0;0;0;0;0;0;0;0;0;0;0;0;0;0;0;0;0;0;0;0;0;0;0;0;17;53;0;39;0;0;0;0;1;0;0;0;0;0;0;0;1;2
47110;2016-06;0;27;0;5;0;0;0;0;0;0;0;0;0;0;0;0;0;0;0;0;0;0;0;0;0;0;0;0;0;60;139;0;111;0;0;1;0;0;0;0;0;0;0;0;0;0;2
47111;2016-06;0;101;0;3;0;0;0;0;0;0;0;0;0;0;0;0;0;0;0;0;0;0;4;0;0;0;0;0;0;71;307;0;236;0;0;0;0;0;0;0;0;0;0;0;0;0;3
47112;2016-06;2;212;0;16;0;0;0;1;0;0;0;0;0;0;1;0;0;0;0;0;0;0;8;0;0;0;0;0;0;145;1151;0;432;0;0;1;0;1;0;0;0;0;0;0;0;4;7
47113;2016-06;0;9;0;1;0;0;0;0;0;0;0;0;0;0;0;0;0;0;0;0;0;0;0;0;0;0;0;0;0;11;63;0;44;0;0;0;0;0;0;0;0;0;0;0;0;0;0
47114;2016-06;1;392;0;28;0;0;0;1;0;0;0;0;0;0;3;0;0;0;0;0;0;0;6;0;2;0;0;0;0;327;1302;0;657;0;0;4;0;0;0;0;0;0;0;0;0;5;8
47115;2016-06;0;25;0;3;0;0;0;0;0;0;0;0;0;0;0;0;0;0;0;0;0;0;0;0;0;0;0;0;0;7;155;0;36;0;0;0;0;0;0;0;0;0;0;0;0;0;4
47116;2016-06;0;33;0;0;0;0;0;0;0;0;0;0;0;0;0;0;0;0;0;0;0;0;0;0;0;0;0;0;0;35;185;0;84;0;0;0;0;0;0;0;0;0;0;0;0;0;2
47117;2016-06;0;41;0;3;0;0;0;0;0;0;0;0;0;0;1;0;0;0;0;0;0;0;2;0;3;0;0;0;0;9;121;0;42;0;0;0;0;0;0;0;0;0;0;0;0;2;1
47118;2016-06;0;8;0;1;0;0;0;0;0;0;0;0;0;0;0;0;0;0;0;0;0;0;2;0;0;0;0;0;0;18;64;0;31;0;0;0;0;1;0;0;0;0;0;0;0;0;0
47119;2016-06;0;6;0;3;0;0;0;0;0;0;0;0;0;0;0;0;0;0;0;0;0;0;0;0;0;0;0;0;0;10;44;0;14;0;0;0;0;0;0;0;0;0;0;0;0;0;1
47121;2016-06;0;27;0;14;0;0;0;0;0;0;0;0;0;0;3;0;0;0;0;0;0;0;0;0;0;0;0;0;0;24;186;0;159;0;0;0;0;0;0;0;0;0;0;0;0;1;5
47122;2016-06;0;176;0;9;0;0;0;1;0;0;0;0;0;0;1;0;0;0;0;0;0;0;5;0;1;0;0;0;0;240;699;0;391;0;0;0;0;0;0;0;0;0;0;0;0;4;1
47123;2016-06;0;44;0;1;0;0;0;0;0;0;0;0;0;0;0;0;0;0;0;0;0;0;1;0;0;0;0;0;0;66;170;0;65;0;0;1;0;0;0;0;0;0;0;0;0;0;0
47124;2016-06;0;43;0;0;0;0;0;0;0;0;0;0;0;0;0;0;0;0;0;0;0;0;2;0;0;0;0;0;0;36;146;0;77;0;0;0;0;0;0;0;0;0;0;0;0;3;1
47125;2016-06;0;5;0;0;0;0;0;0;0;0;0;0;0;0;1;0;0;0;0;0;0;0;0;0;0;0;0;0;0;3;32;0;4;0;0;0;0;1;0;0;0;0;0;0;0;0;0
47126;2016-06;0;2;0;0;0;0;0;0;0;0;0;0;0;0;0;0;0;0;0;0;0;0;1;0;1;0;0;0;0;3;31;0;3;0;0;0;0;0;0;0;0;0;0;0;0;0;0
47127;2016-06;0;9;0;0;0;0;0;0;0;0;0;0;0;0;0;0;0;0;0;0;0;0;0;0;2;0;0;0;0;14;52;0;19;0;0;0;0;0;0;0;0;0;0;0;0;0;1
47128;2016-06;0;2;0;0;0;0;0;0;0;0;0;0;0;0;0;0;0;0;0;0;0;0;0;0;0;0;0;0;0;4;45;0;0;0;0;0;0;0;0;0;0;0;0;0;0;0;0
47129;2016-06;5;84;0;8;0;0;0;0;0;0;0;0;0;0;0;0;0;0;0;0;0;0;3;0;0;0;0;0;0;90;282;0;178;0;0;0;0;0;0;0;0;0;0;0;0;3;2
47130;2016-06;0;18;0;1;0;0;0;0;0;0;0;0;0;0;0;0;0;0;0;0;0;0;0;0;0;0;0;0;0;5;35;0;13;0;0;0;0;0;0;0;0;0;0;0;0;0;0
47131;2016-06;0;6;0;2;0;0;0;0;0;0;0;0;0;0;0;0;0;0;0;0;0;0;0;0;0;0;0;0;0;9;61;0;47;0;0;0;0;0;0;0;0;0;0;0;0;0;1
47132;2016-06;0;1;0;0;0;0;0;0;0;0;0;0;0;0;0;0;0;0;0;0;0;0;0;0;0;0;0;0;0;1;27;0;3;0;0;0;0;0;0;0;0;0;0;0;0;0;0
47133;2016-06;0;409;0;26;0;0;0;1;0;0;0;0;0;0;7;0;0;0;0;0;0;0;17;0;0;0;0;0;0;433;697;0;395;0;0;5;0;1;0;0;0;0;0;0;0;6;2
47134;2016-06;0;11;0;1;0;0;0;0;0;0;0;0;0;0;0;0;0;0;0;0;0;0;0;0;0;0;0;0;0;6;69;0;36;0;0;0;0;0;0;0;0;0;0;0;0;0;1
47135;2016-06;0;10;0;0;0;0;0;0;0;0;0;0;0;0;1;0;0;0;0;0;0;0;1;0;0;0;0;0;0;0;36;0;21;0;0;0;0;0;0;0;0;0;0;0;0;0;1
47137;2016-06;0;1;0;0;0;0;0;0;0;0;0;0;0;0;0;0;0;0;0;0;0;0;0;0;0;0;0;0;0;3;17;0;3;0;0;0;0;0;0;0;0;0;0;0;0;0;0
47138;2016-06;0;9;0;7;0;0;0;0;0;0;0;0;0;0;0;0;0;0;0;0;0;0;1;0;0;0;0;0;0;14;83;0;47;0;0;0;0;0;0;0;0;0;0;0;0;2;0
47139;2016-06;2;76;0;10;0;0;0;0;0;0;0;0;0;0;1;0;0;0;0;0;0;0;0;0;1;0;0;0;0;96;369;0;203;0;0;1;0;0;0;0;0;0;0;0;0;1;1
47140;2016-06;1;6;0;0;0;0;0;0;0;0;0;0;0;0;0;0;0;0;0;0;0;0;0;0;0;0;0;0;0;0;70;0;24;0;0;0;0;0;0;0;0;0;0;0;0;0;0
47141;2016-06;0;6;0;0;0;0;0;0;0;0;0;0;0;0;0;0;0;0;0;0;0;0;0;0;1;0;0;0;0;2;84;0;17;0;0;0;0;0;0;0;0;0;0;0;0;0;0
47142;2016-06;0;14;0;0;0;0;0;1;0;0;0;0;0;0;0;0;0;0;0;0;0;0;0;0;0;0;0;0;0;3;58;0;20;0;0;0;0;0;0;0;0;0;0;0;0;0;1
47143;2016-06;0;6;0;0;0;0;0;0;0;0;0;0;0;0;0;0;0;0;0;0;0;0;0;0;0;0;0;0;0;5;65;0;13;0;0;0;0;0;0;0;0;0;0;0;0;1;0
47144;2016-06;0;5;0;1;0;0;0;0;0;0;0;0;0;0;1;0;0;0;0;0;0;0;2;0;0;0;0;0;0;4;42;0;8;0;0;0;0;0;0;0;0;0;0;0;0;0;0
47145;2016-06;0;44;0;11;0;0;0;0;0;0;0;0;0;0;1;0;0;0;0;0;0;0;1;0;1;0;0;0;0;73;246;0;59;0;0;0;0;0;0;0;0;0;0;0;0;0;2
47146;2016-06;1;32;0;3;0;0;0;1;0;0;0;0;0;0;0;0;0;0;0;0;0;0;5;0;1;0;0;0;0;29;65;0;62;0;0;1;0;0;0;0;0;0;0;0;0;2;1
47147;2016-06;0;8;0;3;0;0;0;0;0;0;0;0;0;0;0;0;0;0;0;0;0;0;0;0;0;0;0;0;0;6;60;0;14;0;0;0;0;0;0;0;0;0;0;0;0;0;1
47148;2016-06;0;55;0;4;0;0;0;0;0;0;0;0;0;0;0;0;0;0;0;0;0;0;0;0;0;0;0;0;0;22;172;0;81;0;0;0;0;0;0;0;0;0;0;0;0;0;2
47149;2016-06;0;4;0;0;0;0;0;0;0;0;0;0;0;0;0;0;0;0;0;0;0;0;0;0;0;0;0;0;0;12;14;0;1;0;0;0;0;0;0;0;0;0;0;0;0;0;0
47150;2016-06;0;16;0;5;0;0;0;0;0;0;0;0;0;0;0;0;0;0;0;0;0;0;0;0;0;0;0;0;0;39;107;0;37;0;0;0;0;0;0;0;0;0;0;0;0;0;1
47151;2016-06;0;3;0;0;0;0;0;0;0;0;0;0;0;0;0;0;0;0;0;0;0;0;0;0;0;0;0;0;0;2;18;0;1;0;0;0;0;0;0;0;0;0;0;0;0;0;0
47152;2016-06;0;6;0;0;0;0;0;0;0;0;0;0;0;0;1;0;0;0;0;0;0;0;0;0;0;0;0;0;0;15;16;0;21;0;0;0;0;0;0;0;0;0;0;0;0;0;1
47153;2016-06;0;2;0;0;0;0;0;0;0;0;0;0;0;0;0;0;0;0;0;0;0;0;0;0;0;0;0;0;0;10;49;0;15;0;0;0;0;0;0;0;0;0;0;0;0;1;0
47154;2016-06;0;10;0;2;0;0;0;0;0;0;0;0;0;0;1;0;0;0;0;0;0;0;0;0;1;0;0;0;0;22;60;0;28;0;0;0;0;0;0;0;0;0;0;0;0;0;0
47155;2016-06;1;392;0;19;0;0;0;5;0;0;0;0;0;0;8;0;0;0;0;0;0;0;45;0;5;0;0;0;0;439;815;0;490;0;0;3;0;0;0;0;0;0;0;0;0;5;9
47156;2016-06;0;11;0;4;0;0;0;0;0;0;0;0;0;0;1;0;0;0;0;0;0;0;0;0;0;0;0;0;0;13;76;0;28;0;0;0;0;0;0;0;0;0;0;0;0;0;0
47157;2016-06;0;47;0;1;0;0;0;0;0;0;0;0;0;0;1;0;0;0;0;0;0;0;2;0;0;0;0;0;0;60;184;0;127;0;0;0;0;0;0;0;0;0;0;0;0;0;0
47158;2016-06;0;75;0;3;0;0;0;0;0;0;0;0;0;0;1;0;0;0;0;0;0;0;1;0;0;0;0;0;0;98;221;0;249;0;0;1;0;0;0;0;0;0;0;0;0;1;1
47159;2016-06;0;71;0;8;0;0;0;1;0;0;0;0;0;0;1;0;0;0;0;0;0;0;0;0;0;0;0;0;0;66;275;0;210;0;0;1;0;0;0;0;0;0;0;0;0;2;0
47160;2016-06;0;15;0;8;0;0;0;0;0;0;0;0;0;0;2;0;0;0;0;0;0;0;0;0;0;0;0;0;0;50;162;0;64;0;0;0;0;0;0;0;0;0;0;0;0;0;2
47161;2016-06;0;585;0;20;0;0;0;1;0;0;0;0;0;0;4;0;0;0;0;0;0;0;16;0;4;0;0;0;0;344;1690;0;421;0;0;2;0;4;0;0;0;0;0;0;0;7;16
47162;2016-06;0;12;0;0;0;0;0;0;0;0;0;0;0;0;0;0;0;0;0;0;0;0;1;0;0;0;0;0;0;6;35;0;6;0;0;0;0;0;0;0;0;0;0;0;0;0;0
47163;2016-06;0;27;0;0;0;0;0;0;0;0;0;0;0;0;0;0;0;0;0;0;0;0;0;0;0;0;0;0;0;43;76;0;79;0;0;0;0;0;0;0;0;0;0;0;0;0;0
47164;2016-06;0;23;0;1;0;0;0;0;0;0;0;0;0;0;0;0;0;0;0;0;0;0;1;0;0;0;0;0;0;18;179;0;86;0;0;0;0;0;0;0;0;0;0;0;0;1;1
47165;2016-06;12;727;0;65;0;0;0;2;0;0;0;0;0;0;15;0;0;0;0;0;0;0;12;0;3;0;0;0;0;545;2149;0;599;0;0;9;0;0;0;0;0;0;0;0;0;9;90
47166;2016-06;0;22;0;0;0;0;0;0;0;0;0;0;0;0;1;0;0;0;0;0;0;0;1;0;0;0;0;0;0;11;112;0;45;0;0;0;0;0;0;0;0;0;0;0;0;1;2
47167;2016-06;0;22;0;0;0;0;0;0;0;0;0;0;0;0;1;0;0;0;0;0;0;0;0;0;0;0;0;0;0;7;103;0;68;0;0;0;0;0;0;0;0;0;0;0;0;0;2
47168;2016-06;0;4;0;0;0;0;0;0;0;0;0;0;0;0;0;0;0;0;0;0;0;0;1;0;0;0;0;0;0;1;19;0;0;0;0;0;0;0;0;0;0;0;0;0;0;0;0
47169;2016-06;0;6;0;0;0;0;0;0;0;0;0;0;0;0;0;0;0;0;0;0;0;0;1;0;0;0;0;0;0;4;47;0;1;0;0;0;0;0;0;0;0;0;0;0;0;0;0
47170;2016-06;0;4;0;0;0;0;0;0;0;0;0;0;0;0;0;0;0;0;0;0;0;0;0;0;0;0;0;0;0;1;12;0;8;0;0;0;0;0;0;0;0;0;0;0;0;0;0
47171;2016-06;0;45;0;6;0;0;0;0;0;0;0;0;0;0;0;0;0;0;0;0;0;0;0;0;0;0;0;0;0;17;171;0;49;0;0;1;0;0;0;0;0;0;0;0;0;3;3
47172;2016-06;0;19;0;0;0;0;0;0;0;0;0;0;0;0;0;0;0;0;0;0;0;0;0;0;0;0;0;0;0;27;54;0;22;0;0;0;0;0;0;0;0;0;0;0;0;0;0
47173;2016-06;0;66;0;5;0;0;0;0;0;0;0;0;0;0;1;0;0;0;0;0;0;0;3;0;0;0;0;0;0;124;200;0;217;0;0;1;0;0;0;0;0;0;0;0;0;0;1
47174;2016-06;0;27;0;0;0;0;0;0;0;0;0;0;0;0;1;0;0;0;0;0;0;0;3;0;0;0;0;0;0;50;89;0;42;0;0;0;0;0;0;0;0;0;0;0;0;2;0
47175;2016-06;2;750;0;45;0;0;0;2;0;0;0;0;0;0;6;0;0;0;0;0;0;0;38;0;6;0;0;0;0;945;1590;0;1258;0;0;6;0;1;0;0;0;0;0;0;0;26;14
47176;2016-06;0;10;0;0;0;0;0;0;0;0;0;0;0;0;0;0;0;0;0;0;0;0;0;0;0;0;0;0;0;14;82;0;32;0;0;0;0;0;0;0;0;0;0;0;0;0;0
47177;2016-06;0;9;0;0;0;0;0;0;0;0;0;0;0;0;0;0;0;0;0;0;0;0;1;0;1;0;0;0;0;13;28;0;19;0;0;0;0;0;0;0;0;0;0;0;0;1;0
47178;2016-06;0;12;0;2;0;0;0;0;0;0;0;0;0;0;0;0;0;0;0;0;0;0;2;0;0;0;0;0;0;14;77;0;28;0;0;2;0;0;0;0;0;0;0;0;0;0;0
47179;2016-06;0;50;0;2;0;0;0;0;0;0;0;0;0;0;0;0;0;0;0;0;0;0;0;0;0;0;0;0;0;43;133;0;58;0;0;1;0;0;0;0;0;0;0;0;0;0;0
47180;2016-06;0;9;0;1;0;0;0;0;0;0;0;0;0;0;0;0;0;0;0;0;0;0;0;0;0;0;0;0;0;5;29;0;11;0;0;1;0;0;0;0;0;0;0;0;0;0;0
47181;2016-06;0;19;0;2;0;0;0;0;0;0;0;0;0;0;0;0;0;0;0;0;0;0;0;0;0;0;0;0;0;19;52;0;36;0;0;0;0;0;0;0;0;0;0;0;0;0;1
47182;2016-06;0;116;0;5;0;0;0;1;0;0;0;0;0;0;0;0;0;0;0;0;0;0;7;0;0;0;0;0;0;125;408;0;296;0;0;0;0;0;0;0;0;0;0;0;0;0;1
47183;2016-06;0;12;0;1;0;0;0;0;0;0;0;0;0;0;1;0;0;0;0;0;0;0;0;0;0;0;0;0;0;5;58;0;28;0;0;0;0;0;0;0;0;0;0;0;0;0;0
47184;2016-06;0;60;0;5;0;0;0;1;0;0;0;0;0;0;1;0;0;0;0;0;0;0;2;0;2;0;0;0;0;51;246;0;78;0;0;2;0;0;0;0;0;0;0;0;0;1;1
47185;2016-06;0;16;0;0;0;0;0;0;0;0;0;0;0;0;0;0;0;0;0;0;0;0;0;0;1;0;0;0;0;10;33;0;11;0;0;0;0;0;0;0;0;0;0;0;0;0;0
47186;2016-06;59;28775;0;1450;0;0;0;88;0;0;0;0;0;0;221;0;0;0;0;0;0;0;1370;0;194;0;0;0;0;31897;75414;0;42241;0;0;337;0;165;0;0;0;0;0;0;0;698;626
47187;2016-06;0;5;0;1;0;0;0;0;0;0;0;0;0;0;0;0;0;0;0;0;0;0;0;0;0;0;0;0;0;4;43;0;5;0;0;0;0;0;0;0;0;0;0;0;0;0;0
47188;2016-06;0;7;0;1;0;0;0;0;0;0;0;0;0;0;0;0;0;0;0;0;0;0;0;0;0;0;0;0;0;6;52;0;18;0;0;0;0;0;0;0;0;0;0;0;0;1;0
47189;2016-06;0;14;0;1;0;0;0;0;0;0;0;0;0;0;0;0;0;0;0;0;0;0;0;0;0;0;0;0;0;4;76;0;23;0;0;0;0;0;0;0;0;0;0;0;0;0;0
47190;2016-06;0;13;0;0;0;0;0;0;0;0;0;0;0;0;0;0;0;0;0;0;0;0;0;0;0;0;0;0;0;4;53;0;8;0;0;0;0;0;0;0;0;0;0;0;0;1;0
47191;2016-06;0;11;0;0;0;0;0;0;0;0;0;0;0;0;0;0;0;0;0;0;0;0;1;0;0;0;0;0;0;13;41;0;13;0;0;0;0;0;0;0;0;0;0;0;0;0;0
47192;2016-06;0;10;0;0;0;0;0;0;0;0;0;0;0;0;0;0;0;0;0;0;0;0;0;0;0;0;0;0;0;15;42;0;13;0;0;0;0;0;0;0;0;0;0;0;0;0;0
47193;2016-06;1;219;0;12;0;0;0;0;0;0;0;0;0;0;4;0;0;0;0;0;0;0;13;0;4;0;0;0;0;259;444;0;270;0;0;0;0;0;0;0;0;0;0;0;0;3;5
47194;2016-06;0;24;0;3;0;0;0;1;0;0;0;0;0;0;0;0;0;0;0;0;0;0;2;0;1;0;0;0;0;89;70;0;42;0;0;1;0;0;0;0;0;0;0;0;0;1;1
47195;2016-06;0;39;0;4;0;0;0;2;0;0;0;0;0;0;0;0;0;0;0;0;0;0;3;0;0;0;0;0;0;65;110;0;117;0;0;0;0;0;0;0;0;0;0;0;0;0;0
47196;2016-06;0;2;0;1;0;0;0;0;0;0;0;0;0;0;0;0;0;0;0;0;0;0;0;0;0;0;0;0;0;0;23;0;1;0;0;0;0;0;0;0;0;0;0;0;0;0;0
47197;2016-06;0;51;0;8;0;0;0;1;0;0;0;0;0;0;0;0;0;0;0;0;0;0;1;0;0;0;0;0;0;43;354;0;200;0;0;0;0;0;0;0;0;0;0;0;0;0;2
47198;2016-06;0;2;0;0;0;0;0;0;0;0;0;0;0;0;0;0;0;0;0;0;0;0;0;0;0;0;0;0;0;7;34;0;6;0;0;0;0;0;0;0;0;0;0;0;0;0;1
47199;2016-06;0;5;0;0;0;0;0;0;0;0;0;0;0;0;0;0;0;0;0;0;0;0;0;0;0;0;0;0;0;9;34;0;15;0;0;0;0;0;0;0;0;0;0;0;0;0;0
47200;2016-06;0;3;0;0;0;0;0;1;0;0;0;0;0;0;0;0;0;0;0;0;0;0;0;0;0;0;0;0;0;12;46;0;3;0;0;0;0;0;0;0;0;0;0;0;0;0;1
47203;2016-06;0;6;0;0;0;0;0;0;0;0;0;0;0;0;0;0;0;0;0;0;0;0;0;0;0;0;0;0;0;2;39;0;5;0;0;0;0;0;0;0;0;0;0;0;0;0;0
47204;2016-06;0;17;0;12;0;0;0;0;0;0;0;0;0;0;0;0;0;0;0;0;0;0;2;0;0;0;0;0;0;15;105;0;45;0;0;0;0;0;0;0;0;0;0;0;0;0;2
47205;2016-06;0;38;0;2;0;0;0;0;0;0;0;0;0;0;1;0;0;0;0;0;0;0;0;0;0;0;0;0;0;21;166;0;31;0;0;0;0;0;0;0;0;0;0;0;0;1;0
47206;2016-06;0;8;0;0;0;0;0;0;0;0;0;0;0;0;0;0;0;0;0;0;0;0;0;0;0;0;0;0;0;11;33;0;28;0;0;0;0;0;0;0;0;0;0;0;0;0;0
47207;2016-06;0;18;0;0;0;0;0;0;0;0;0;0;0;0;0;0;0;0;0;0;0;0;1;0;0;0;0;0;0;6;132;0;51;0;0;0;0;0;0;0;0;0;0;0;0;0;1
47208;2016-06;0;3;0;0;0;0;0;0;0;0;0;0;0;0;0;0;0;0;0;0;0;0;0;0;0;0;0;0;0;10;18;0;3;0;0;1;0;0;0;0;0;0;0;0;0;0;0
47209;2016-06;0;5;0;0;0;0;0;0;0;0;0;0;0;0;1;0;0;0;0;0;0;0;0;0;0;0;0;0;0;13;11;0;4;0;0;0;0;0;0;0;0;0;0;0;0;0;0
47210;2016-06;0;21;0;3;0;0;0;0;0;0;0;0;0;0;0;0;0;0;0;0;0;0;0;0;0;0;0;0;0;15;162;0;69;0;0;0;0;0;0;0;0;0;0;0;0;1;0
47211;2016-06;0;6;0;0;0;0;0;0;0;0;0;0;0;0;0;0;0;0;0;0;0;0;0;0;0;0;0;0;0;0;27;0;1;0;0;0;0;0;0;0;0;0;0;0;0;0;0
47212;2016-06;0;24;0;1;0;0;0;0;0;0;0;0;0;0;4;0;0;0;0;0;0;0;3;0;0;0;0;0;0;14;196;0;73;0;0;0;0;0;0;0;0;0;0;0;0;0;5
47213;2016-06;0;7;0;0;0;0;0;0;0;0;0;0;0;0;0;0;0;0;0;0;0;0;0;0;0;0;0;0;0;3;47;0;25;0;0;0;0;0;0;0;0;0;0;0;0;0;0
47214;2016-06;1;118;0;7;0;0;0;0;0;0;0;0;0;0;3;0;0;0;0;0;0;0;1;0;2;0;0;0;0;125;551;0;243;0;0;1;0;0;0;0;0;0;0;0;0;0;3
47215;2016-06;0;4;0;0;0;0;0;0;0;0;0;0;0;0;0;0;0;0;0;0;0;0;0;0;0;0;0;0;0;8;30;0;3;0;0;0;0;0;0;0;0;0;0;0;0;0;0
47216;2016-06;0;11;0;2;0;0;0;0;0;0;0;0;0;0;10;0;0;0;0;0;0;0;0;0;0;0;0;0;0;2;62;0;0;0;0;0;0;0;0;0;0;0;0;0;0;0;0
47217;2016-06;0;241;0;17;0;0;0;1;0;0;0;0;0;0;2;0;0;0;0;0;0;0;15;0;5;0;0;0;0;252;541;0;282;0;0;2;0;0;0;0;0;0;0;0;0;6;1
47218;2016-06;0;82;0;5;0;0;0;1;0;0;0;0;0;0;1;0;0;0;0;0;0;0;7;0;0;0;0;0;0;194;231;0;209;0;0;1;0;0;0;0;0;0;0;0;0;0;1
47219;2016-06;0;4;0;0;0;0;0;0;0;0;0;0;0;0;1;0;0;0;0;0;0;0;0;0;0;0;0;0;0;2;12;0;14;0;0;0;0;0;0;0;0;0;0;0;0;0;1
47220;2016-06;0;16;0;2;0;0;0;0;0;0;0;0;0;0;1;0;0;0;0;0;0;0;0;0;0;0;0;0;0;13;77;0;20;0;0;0;0;0;0;0;0;0;0;0;0;0;0
47221;2016-06;0;5;0;0;0;0;0;0;0;0;0;0;0;0;0;0;0;0;0;0;0;0;0;0;0;0;0;0;0;8;61;0;20;0;0;0;0;0;0;0;0;0;0;0;0;0;0
47222;2016-06;0;6;0;1;0;0;0;0;0;0;0;0;0;0;0;0;0;0;0;0;0;0;0;0;1;0;0;0;0;3;34;0;18;0;0;0;0;0;0;0;0;0;0;0;0;0;0
47223;2016-06;0;15;0;1;0;0;0;0;0;0;0;0;0;0;0;0;0;0;0;0;0;0;1;0;0;0;0;0;0;14;51;0;33;0;0;0;0;0;0;0;0;0;0;0;0;0;1
47224;2016-06;0;10;0;1;0;0;0;0;0;0;0;0;0;0;0;0;0;0;0;0;0;0;0;0;0;0;0;0;0;11;37;0;17;0;0;0;0;0;0;0;0;0;0;0;0;0;0
47225;2016-06;0;9;0;2;0;0;0;0;0;0;0;0;0;0;0;0;0;0;0;0;0;0;1;0;0;0;0;0;0;2;38;0;10;0;0;0;0;0;0;0;0;0;0;0;0;0;1
47226;2016-06;0;3;0;0;0;0;0;1;0;0;0;0;0;0;0;0;0;0;0;0;0;0;0;0;0;0;0;0;0;17;50;0;52;0;0;0;0;0;0;0;0;0;0;0;0;0;0
47227;2016-06;0;4;0;0;0;0;0;0;0;0;0;0;0;0;0;0;0;0;0;0;0;0;2;0;0;0;0;0;0;1;24;0;19;0;0;0;0;0;0;0;0;0;0;0;0;0;0
47228;2016-06;0;54;0;0;0;0;0;0;0;0;0;0;0;0;0;0;0;0;0;0;0;0;0;0;0;0;0;0;0;33;165;0;74;0;0;0;0;1;0;0;0;0;0;0;0;0;2
47229;2016-06;0;14;0;1;0;0;0;0;0;0;0;0;0;0;0;0;0;0;0;0;0;0;0;0;0;0;0;0;0;13;77;0;41;0;0;0;0;0;0;0;0;0;0;0;0;0;0
47230;2016-06;1;38;0;3;0;0;0;0;0;0;0;0;0;0;0;0;0;0;0;0;0;0;0;0;0;0;0;0;0;19;117;0;60;0;0;0;0;0;0;0;0;0;0;0;0;1;1
47231;2016-06;0;695;0;37;0;0;0;0;0;0;0;0;0;0;6;0;0;0;0;0;0;0;35;0;2;0;0;0;0;587;1175;0;691;0;0;5;0;1;0;0;0;0;0;0;0;9;10
47232;2016-06;0;9;0;1;0;0;0;0;0;0;0;0;0;0;0;0;0;0;0;0;0;0;0;0;0;0;0;0;0;5;40;0;18;0;0;0;0;0;0;0;0;0;0;0;0;0;0
48001;2016-06;0;116;0;0;0;0;0;0;852;2;0;0;0;0;0;0;0;0;0;0;0;0;40;0;4;0;0;0;0;1063;419;0;525;0;0;12;0;0;0;0;0;835;0;0;0;0;2
48002;2016-06;0;137;0;0;0;0;0;0;1371;4;0;0;0;0;0;0;0;0;0;0;0;0;28;0;3;0;0;0;0;2254;256;0;821;0;0;3;0;0;0;0;0;520;0;0;0;2;8
48003;2016-06;0;173;0;0;0;0;0;0;3346;15;0;0;0;0;0;0;0;0;0;0;0;0;77;0;2;0;0;0;0;2696;539;0;1012;0;0;18;0;0;0;0;0;1895;0;0;0;5;7
48004;2016-06;0;0;0;0;0;0;0;0;109;0;0;0;0;0;0;0;0;0;0;0;0;0;0;0;0;0;0;0;0;22;0;0;1;0;0;0;0;0;0;0;0;90;0;0;0;0;0
48005;2016-06;0;0;0;0;0;0;0;0;18;0;0;0;0;0;0;0;0;0;0;0;0;0;0;0;0;0;0;0;0;22;1;0;2;0;0;0;0;0;0;0;0;18;0;0;0;0;0
48006;2016-06;0;2;0;0;0;0;0;0;94;0;0;0;0;0;0;0;0;0;0;0;0;0;1;0;0;0;0;0;0;47;1;0;2;0;0;0;0;0;0;0;0;90;0;0;0;0;0
48007;2016-06;0;0;0;0;0;0;0;0;99;0;0;0;0;0;0;0;0;0;0;0;0;0;1;0;0;0;0;0;0;25;0;0;2;0;0;1;0;0;0;0;0;107;0;0;0;0;0
48008;2016-06;0;1;0;0;0;0;0;0;214;1;0;0;0;0;0;0;0;0;0;0;0;0;2;0;0;0;0;0;0;107;22;0;15;0;0;0;0;0;0;0;0;46;0;0;0;0;0
48009;2016-06;0;7;0;0;0;0;0;0;210;0;0;0;0;0;0;0;0;0;0;0;0;0;4;0;1;0;0;0;0;107;20;0;26;0;0;0;0;0;0;0;0;199;0;0;0;0;0
48010;2016-06;0;4;0;0;0;0;0;0;164;0;0;0;0;0;0;0;0;0;0;0;0;0;2;0;0;0;0;0;0;70;3;0;7;0;0;0;0;0;0;0;0;67;0;0;0;0;0
48011;2016-06;0;187;0;0;0;0;0;0;1673;14;0;0;0;0;0;0;0;0;0;0;0;0;53;0;2;0;0;0;0;2244;503;0;859;0;0;14;0;0;0;0;0;821;0;0;0;2;6
48012;2016-06;0;15;0;0;0;0;0;0;672;2;0;0;0;0;0;0;0;0;0;0;0;0;4;0;0;0;0;0;0;310;60;0;44;0;0;1;0;0;0;0;0;397;0;0;0;0;0
48013;2016-06;0;2022;0;0;0;0;0;0;9618;75;0;0;0;0;0;0;0;0;0;0;0;0;523;0;59;0;0;0;0;18849;6944;0;11186;0;0;136;0;0;0;0;0;3052;0;0;0;101;87
48014;2016-06;0;27;0;0;0;0;0;0;267;1;0;0;0;0;0;0;0;0;0;0;0;0;5;0;0;0;0;0;0;233;63;0;60;0;0;0;0;0;0;0;0;138;0;0;0;0;0
48015;2016-06;0;695;0;0;0;0;0;0;5561;26;0;0;0;0;0;0;0;0;0;0;0;0;199;0;16;0;0;0;0;7059;2672;0;4427;0;0;43;0;0;0;0;0;1657;0;0;0;34;17
48016;2016-06;0;167;0;0;0;0;0;0;1126;5;0;0;0;0;0;0;0;0;0;0;0;0;35;0;2;0;0;0;0;1014;474;0;350;0;0;5;0;0;0;0;0;466;0;0;0;5;1
48017;2016-06;0;65;0;0;0;0;0;0;3722;3;0;0;0;0;0;0;0;0;0;0;0;0;47;0;1;0;0;0;0;2070;228;0;404;0;0;13;0;0;0;0;0;1884;0;0;0;1;2
48018;2016-06;0;3;0;0;0;0;0;0;211;2;0;0;0;0;0;0;0;0;0;0;0;0;3;0;1;0;0;0;0;82;6;0;8;0;0;1;0;0;0;0;0;203;0;0;0;0;0
48019;2016-06;0;62;0;0;0;0;0;0;685;4;0;0;0;0;0;0;0;0;0;0;0;0;13;0;2;0;0;0;0;681;168;0;306;0;0;5;0;0;0;0;0;452;0;0;0;1;0
48020;2016-06;0;7477;0;0;0;0;0;0;50722;402;0;0;0;0;0;0;0;0;0;0;0;0;1534;0;126;0;0;0;0;50083;31165;0;26257;0;0;366;0;0;0;0;0;13791;0;0;0;286;234
48021;2016-06;0;16;0;0;0;0;0;0;383;0;0;0;0;0;0;0;0;0;0;0;0;0;7;0;3;0;0;0;0;191;36;0;60;0;0;1;0;0;0;0;0;200;0;0;0;0;1
48022;2016-06;0;17;0;0;0;0;0;0;647;1;0;0;0;0;0;0;0;0;0;0;0;0;4;0;1;0;0;0;0;422;97;0;128;0;0;2;0;0;0;0;0;107;0;0;0;1;0
48023;2016-06;0;2;0;0;0;0;0;0;198;0;0;0;0;0;0;0;0;0;0;0;0;0;1;0;0;0;0;0;0;83;17;0;13;0;0;0;0;0;0;0;0;138;0;0;0;0;0
48024;2016-06;0;2;0;0;0;0;0;0;365;4;0;0;0;0;0;0;0;0;0;0;0;0;5;0;0;0;0;0;0;127;12;0;2;0;0;0;0;0;0;0;0;230;0;0;0;0;0
48025;2016-06;0;1;0;0;0;0;0;0;290;1;0;0;0;0;0;0;0;0;0;0;0;0;4;0;0;0;0;0;0;120;15;0;8;0;0;0;0;0;0;0;0;191;0;0;0;0;0
48026;2016-06;0;3;0;0;0;0;0;0;294;0;0;0;0;0;0;0;0;0;0;0;0;0;0;0;0;0;0;0;0;153;10;0;6;0;0;0;0;0;0;0;0;352;0;0;0;0;0
48027;2016-06;0;411;0;0;0;0;0;0;4648;27;0;0;0;0;0;0;0;0;0;0;0;0;100;0;11;0;0;0;0;4084;1526;0;1603;0;0;17;0;0;0;0;0;2456;0;0;0;10;11
48028;2016-06;0;1;0;0;0;0;0;0;225;2;0;0;0;0;0;0;0;0;0;0;0;0;1;0;0;0;0;0;0;57;9;0;1;0;0;0;0;0;0;0;0;238;0;0;0;0;0
48029;2016-06;0;308;0;0;0;0;0;0;1106;16;0;0;0;0;0;0;0;0;0;0;0;0;67;0;1;0;0;0;0;2230;589;0;980;0;0;20;0;0;0;0;0;315;0;0;0;7;7
48030;2016-06;0;1;0;0;0;0;0;0;229;0;0;0;0;0;0;0;0;0;0;0;0;0;0;0;0;0;0;0;0;55;9;0;4;0;0;0;0;0;0;0;0;140;0;0;0;0;0
48031;2016-06;0;2;0;0;0;0;0;0;127;0;0;0;0;0;0;0;0;0;0;0;0;0;1;0;0;0;0;0;0;28;2;0;1;0;0;2;0;0;0;0;0;67;0;0;0;0;0
48032;2016-06;0;55;0;0;0;0;0;0;1146;8;0;0;0;0;0;0;0;0;0;0;0;0;22;0;3;0;0;0;0;898;323;0;403;0;0;5;0;0;0;0;0;1150;0;0;0;1;5
48033;2016-06;0;0;0;0;0;0;0;0;66;0;0;0;0;0;0;0;0;0;0;0;0;0;1;0;0;0;0;0;0;29;1;0;0;0;0;0;0;0;0;0;0;52;0;0;0;0;0
48034;2016-06;0;447;0;0;0;0;0;0;1027;16;0;0;0;0;0;0;0;0;0;0;0;0;70;0;15;0;0;0;0;2726;1666;0;2082;0;0;36;0;0;0;0;0;604;0;0;0;10;5
48035;2016-06;0;4;0;0;0;0;0;0;157;0;0;0;0;0;0;0;0;0;0;0;0;0;1;0;0;0;0;0;0;60;3;0;3;0;0;0;0;0;0;0;0;63;0;0;0;0;0
48036;2016-06;0;450;0;0;0;0;0;0;4709;13;0;0;0;0;0;0;0;0;0;0;0;0;135;0;8;0;0;0;0;5043;1394;0;2042;0;0;38;0;0;0;0;0;2023;0;0;0;22;8
48037;2016-06;0;3;0;0;0;0;0;0;217;1;0;0;0;0;0;0;0;0;0;0;0;0;4;0;0;0;0;0;0;119;14;0;26;0;0;0;0;0;0;0;0;88;0;0;0;1;0
48038;2016-06;0;9;0;0;0;0;0;0;387;0;0;0;0;0;0;0;0;0;0;0;0;0;1;0;1;0;0;0;0;188;41;0;19;0;0;0;0;0;0;0;0;145;0;0;0;0;0
48039;2016-06;0;6;0;0;0;0;0;0;96;2;0;0;0;0;0;0;0;0;0;0;0;0;1;0;0;0;0;0;0;21;10;0;5;0;0;2;0;0;0;0;0;45;0;0;0;0;0
48040;2016-06;0;11;0;0;0;0;0;0;405;0;0;0;0;0;0;0;0;0;0;0;0;0;4;0;0;0;0;0;0;211;37;0;33;0;0;0;0;0;0;0;0;165;0;0;0;0;0
48041;2016-06;0;13;0;0;0;0;0;0;260;1;0;0;0;0;0;0;0;0;0;0;0;0;6;0;0;0;0;0;0;99;13;0;14;0;0;0;0;0;0;0;0;118;0;0;0;1;1
48042;2016-06;0;34;0;0;0;0;0;0;487;1;0;0;0;0;0;0;0;0;0;0;0;0;13;0;1;0;0;0;0;259;118;0;66;0;0;2;0;0;0;0;0;63;0;0;0;0;2
48043;2016-06;0;64;0;0;0;0;0;0;1200;10;0;0;0;0;0;0;0;0;0;0;0;0;31;0;0;0;0;0;0;886;247;0;211;0;0;4;0;0;0;0;0;434;0;0;0;0;4
48044;2016-06;0;2328;0;0;0;0;0;0;13647;81;0;0;0;0;0;0;0;0;0;0;0;0;283;0;31;0;0;0;0;9408;11152;0;4130;0;0;66;0;0;0;0;0;3857;0;0;0;65;64
48045;2016-06;0;56;0;0;0;0;0;0;1517;3;0;0;0;0;0;0;0;0;0;0;0;0;34;0;1;0;0;0;0;1037;194;0;399;0;0;4;0;0;0;0;0;483;0;0;0;1;0
48046;2016-06;0;144;0;0;0;0;0;0;3458;6;0;0;0;0;0;0;0;0;0;0;0;0;42;0;5;0;0;0;0;2002;446;0;610;0;0;9;0;0;0;0;0;2023;0;0;0;1;9
48047;2016-06;0;0;0;0;0;0;0;0;29;0;0;0;0;0;0;0;0;0;0;0;0;0;0;0;0;0;0;0;0;21;1;0;0;0;0;0;0;0;0;0;0;60;0;0;0;0;0
48048;2016-06;0;2;0;0;0;0;0;0;162;0;0;0;0;0;0;0;0;0;0;0;0;0;2;0;0;0;0;0;0;79;10;0;7;0;0;1;0;0;0;0;0;123;0;0;0;2;0
48049;2016-06;0;3;0;0;0;0;0;0;198;0;0;0;0;0;0;0;0;0;0;0;0;0;2;0;0;0;0;0;0;87;11;0;0;0;0;1;0;0;0;0;0;112;0;0;0;1;0
48050;2016-06;0;0;0;0;0;0;0;0;58;0;0;0;0;0;0;0;0;0;0;0;0;0;0;0;0;0;0;0;0;19;6;0;1;0;0;0;0;0;0;0;0;62;0;0;0;0;0
48051;2016-06;0;3;0;0;0;0;0;0;60;0;0;0;0;0;0;0;0;0;0;0;0;0;3;0;0;0;0;0;0;45;16;0;19;0;0;0;0;0;0;0;0;17;0;0;0;0;0
48052;2016-06;0;13;0;0;0;0;0;0;379;4;0;0;0;0;0;0;0;0;0;0;0;0;1;0;2;0;0;0;0;209;32;0;20;0;0;2;0;0;0;0;0;484;0;0;0;0;0
48053;2016-06;0;30;0;0;0;0;0;0;313;0;0;0;0;0;0;0;0;0;0;0;0;0;5;0;0;0;0;0;0;76;105;0;36;0;0;0;0;0;0;0;0;91;0;0;0;0;0
48054;2016-06;0;766;0;0;0;0;0;0;4672;32;0;0;0;0;0;0;0;0;0;0;0;0;178;0;15;0;0;0;0;5135;2217;0;2305;0;0;45;0;0;0;0;0;1197;0;0;0;18;13
48055;2016-06;0;28;0;0;0;0;0;0;642;5;0;0;0;0;0;0;0;0;0;0;0;0;12;0;1;0;0;0;0;446;81;0;116;0;0;5;0;0;0;0;0;500;0;0;0;1;1
48056;2016-06;0;9;0;0;0;0;0;0;315;0;0;0;0;0;0;0;0;0;0;0;0;0;4;0;0;0;0;0;0;188;13;0;9;0;0;2;0;0;0;0;0;154;0;0;0;1;0
48057;2016-06;0;20;0;0;0;0;0;0;1558;1;0;0;0;0;0;0;0;0;0;0;0;0;9;0;2;0;0;0;0;717;78;0;82;0;0;1;0;0;0;0;0;1468;0;0;0;0;0
48058;2016-06;0;13;0;0;0;0;0;0;213;2;0;0;0;0;0;0;0;0;0;0;0;0;1;0;1;0;0;0;0;129;27;0;54;0;0;1;0;0;0;0;0;203;0;0;0;0;0
48059;2016-06;0;3;0;0;0;0;0;0;128;0;0;0;0;0;0;0;0;0;0;0;0;0;1;0;0;0;0;0;0;41;10;0;7;0;0;0;0;0;0;0;0;101;0;0;0;0;0
48060;2016-06;0;15;0;0;0;0;0;0;941;3;0;0;0;0;0;0;0;0;0;0;0;0;2;0;2;0;0;0;0;388;60;0;51;0;0;1;0;0;0;0;0;663;0;0;0;1;0
48061;2016-06;0;18;0;0;0;0;0;0;278;1;0;0;0;0;0;0;0;0;0;0;0;0;1;0;0;0;0;0;0;114;37;0;15;0;0;0;0;0;0;0;0;94;0;0;0;2;1
48062;2016-06;0;3;0;0;0;0;0;0;114;1;0;0;0;0;0;0;0;0;0;0;0;0;1;0;0;0;0;0;0;35;3;0;2;0;0;1;0;0;0;0;0;72;0;0;0;0;0
48063;2016-06;0;0;0;0;0;0;0;0;116;0;0;0;0;0;0;0;0;0;0;0;0;0;2;0;0;0;0;0;0;60;9;0;4;0;0;2;0;0;0;0;0;82;0;0;0;0;0
48064;2016-06;0;2;0;0;0;0;0;0;176;0;0;0;0;0;0;0;0;0;0;0;0;0;2;0;0;0;0;0;0;94;9;0;8;0;0;1;0;0;0;0;0;149;0;0;0;0;0
48065;2016-06;0;36;0;0;0;0;0;0;738;3;0;0;0;0;0;0;0;0;0;0;0;0;5;0;0;0;0;0;0;687;135;0;203;0;0;4;0;0;0;0;0;417;0;0;0;1;0
48066;2016-06;0;0;0;0;0;0;0;0;151;1;0;0;0;0;0;0;0;0;0;0;0;0;2;0;0;0;0;0;0;32;5;0;0;0;0;0;0;0;0;0;0;66;0;0;0;0;0
48067;2016-06;0;7;0;0;0;0;0;0;312;0;0;0;0;0;0;0;0;0;0;0;0;0;1;0;0;0;0;0;0;164;8;0;14;0;0;0;0;0;0;0;0;301;0;0;0;0;1
48068;2016-06;0;3;0;0;0;0;0;0;600;3;0;0;0;0;0;0;0;0;0;0;0;0;4;0;1;0;0;0;0;222;21;0;24;0;0;0;0;0;0;0;0;228;0;0;0;0;0
48069;2016-06;0;262;0;0;0;0;0;0;3566;11;0;0;0;0;0;0;0;0;0;0;0;0;52;0;3;0;0;0;0;2094;828;0;591;0;0;17;0;0;0;0;0;1122;0;0;0;7;4
48070;2016-06;0;3;0;0;0;0;0;0;101;0;0;0;0;0;0;0;0;0;0;0;0;0;0;0;0;0;0;0;0;32;6;0;0;0;0;0;0;0;0;0;0;216;0;0;0;0;0
48071;2016-06;0;72;0;0;0;0;0;0;1383;1;0;0;0;0;0;0;0;0;0;0;0;0;33;0;3;0;0;0;0;1456;224;0;684;0;0;6;0;0;0;0;0;353;0;0;0;5;2
48072;2016-06;0;1;0;0;0;0;0;0;243;0;0;0;0;0;0;0;0;0;0;0;0;0;1;0;0;0;0;0;0;141;19;0;21;0;0;1;0;0;0;0;0;282;0;0;0;0;0
48073;2016-06;0;18;0;0;0;0;0;0;1393;5;0;0;0;0;0;0;0;0;0;0;0;0;15;0;1;0;0;0;0;857;183;0;123;0;0;1;0;0;0;0;0;1640;0;0;0;2;2
48074;2016-06;0;39;0;0;0;0;0;0;770;2;0;0;0;0;0;0;0;0;0;0;0;0;10;0;2;0;0;0;0;609;214;0;225;0;0;5;0;0;0;0;0;421;0;0;0;3;3
48075;2016-06;0;17;0;0;0;0;0;0;582;1;0;0;0;0;0;0;0;0;0;0;0;0;4;0;0;0;0;0;0;362;80;0;55;0;0;1;0;0;0;0;0;248;0;0;0;3;0
48076;2016-06;0;1;0;0;0;0;0;0;129;0;0;0;0;0;0;0;0;0;0;0;0;0;0;0;0;0;0;0;0;29;9;0;4;0;0;0;0;0;0;0;0;43;0;0;0;0;0
48077;2016-06;0;73;0;0;0;0;0;0;991;2;0;0;0;0;0;0;0;0;0;0;0;0;24;0;1;0;0;0;0;653;196;0;129;0;0;3;0;0;0;0;0;338;0;0;0;0;3
48078;2016-06;0;851;0;0;0;0;0;0;5315;43;0;0;0;0;0;0;0;0;0;0;0;0;225;0;41;0;0;0;0;8774;3282;0;5790;0;0;39;0;0;0;0;0;1643;0;0;0;33;18
48079;2016-06;0;1;0;0;0;0;0;0;126;1;0;0;0;0;0;0;0;0;0;0;0;0;3;0;0;0;0;0;0;54;12;0;3;0;0;0;0;0;0;0;0;102;0;0;0;0;0
48080;2016-06;0;148;0;0;0;0;0;0;1585;2;0;0;0;0;0;0;0;0;0;0;0;0;57;0;5;0;0;0;0;2431;526;0;1321;0;0;20;0;0;0;0;0;592;0;0;0;7;7
48081;2016-06;0;21;0;0;0;0;0;0;619;0;0;0;0;0;0;0;0;0;0;0;0;0;9;0;0;0;0;0;0;312;67;0;69;0;0;2;0;0;0;0;0;247;0;0;0;0;0
48082;2016-06;0;720;0;0;0;0;0;0;5547;30;0;0;0;0;0;0;0;0;0;0;0;0;186;0;20;0;0;0;0;8819;2614;0;4583;0;0;38;0;0;0;0;0;2154;0;0;0;27;24
48083;2016-06;0;79;0;0;0;0;0;0;1003;7;0;0;0;0;0;0;0;0;0;0;0;0;47;0;7;0;0;0;0;2106;278;0;908;0;0;11;0;0;0;0;0;361;0;0;0;8;1
48084;2016-06;0;348;0;0;0;0;0;0;2916;29;0;0;0;0;0;0;0;0;0;0;0;0;129;0;16;0;0;0;0;5274;1546;0;3181;0;0;29;0;0;0;0;0;953;0;0;0;19;23
48085;2016-06;0;216;0;0;0;0;0;0;2227;17;0;0;0;0;0;0;0;0;0;0;0;0;77;0;6;0;0;0;0;2402;469;0;571;0;0;18;0;0;0;0;0;1100;0;0;0;5;6
48086;2016-06;0;33;0;0;0;0;0;0;459;1;0;0;0;0;0;0;0;0;0;0;0;0;12;0;0;0;0;0;0;501;70;0;131;0;0;0;0;0;0;0;0;188;0;0;0;0;1
48087;2016-06;0;8;0;0;0;0;0;0;164;1;0;0;0;0;0;0;0;0;0;0;0;0;1;0;0;0;0;0;0;71;39;0;27;0;0;0;0;0;0;0;0;27;0;0;0;0;0
48088;2016-06;0;1;0;0;0;0;0;0;27;0;0;0;0;0;0;0;0;0;0;0;0;0;0;0;0;0;0;0;0;18;3;0;2;0;0;0;0;0;0;0;0;51;0;0;0;0;0
48089;2016-06;0;56;0;0;0;0;0;0;862;3;0;0;0;0;0;0;0;0;0;0;0;0;19;0;2;0;0;0;0;733;139;0;157;0;0;2;0;0;0;0;0;328;0;0;0;5;3
48090;2016-06;0;97;0;0;0;0;0;0;1453;5;0;0;0;0;0;0;0;0;0;0;0;0;24;0;4;0;0;0;0;1246;327;0;716;0;0;6;0;0;0;0;0;378;0;0;0;8;3
48091;2016-06;0;7;0;0;0;0;0;0;266;0;0;0;0;0;0;0;0;0;0;0;0;0;4;0;0;0;0;0;0;181;34;0;52;0;0;0;0;0;0;0;0;214;0;0;0;0;0
48092;2016-06;0;7;0;0;0;0;0;0;306;1;0;0;0;0;0;0;0;0;0;0;0;0;6;0;0;0;0;0;0;132;37;0;31;0;0;1;0;0;0;0;0;86;0;0;0;1;0
48093;2016-06;0;7;0;0;0;0;0;0;244;1;0;0;0;0;0;0;0;0;0;0;0;0;3;0;0;0;0;0;0;112;36;0;18;0;0;1;0;0;0;0;0;214;0;0;0;0;0
48094;2016-06;0;17;0;0;0;0;0;0;829;2;0;0;0;0;0;0;0;0;0;0;0;0;9;0;1;0;0;0;0;443;72;0;91;0;0;2;0;0;0;0;0;593;0;0;0;0;2
48095;2016-06;0;39;0;0;0;0;0;0;348;2;0;0;0;0;0;0;0;0;0;0;0;0;8;0;0;0;0;0;0;395;158;0;255;0;0;1;0;0;0;0;0;326;0;0;0;2;0
48096;2016-06;0;99;0;0;0;0;0;0;1824;6;0;0;0;0;0;0;0;0;0;0;0;0;39;0;1;0;0;0;0;1492;293;0;518;0;0;13;0;0;0;0;0;403;0;0;0;4;5
48097;2016-06;0;20;0;0;0;0;0;0;266;0;0;0;0;0;0;0;0;0;0;0;0;0;11;0;3;0;0;0;0;280;73;0;96;0;0;1;0;0;0;0;0;136;0;0;0;0;0
48901;2016-06;0;85;0;0;0;0;0;0;982;9;0;0;0;0;0;0;0;0;0;0;0;0;32;0;1;0;0;0;0;1049;322;0;570;0;0;3;0;0;0;0;0;336;0;0;0;2;3
48902;2016-06;0;351;0;0;0;0;0;0;3400;23;0;0;0;0;0;0;0;0;0;0;0;0;102;0;17;0;0;0;0;4165;1086;0;2084;0;0;39;0;0;0;0;0;1089;0;0;0;8;7
48903;2016-06;0;41;0;0;0;0;0;0;688;0;0;0;0;0;0;0;0;0;0;0;0;0;6;0;0;0;0;0;0;261;169;0;62;0;0;0;0;0;0;0;0;116;0;0;0;0;1
48904;2016-06;0;80;0;0;0;0;0;0;1104;3;0;0;0;0;0;0;0;0;0;0;0;0;22;0;1;0;0;0;0;615;260;0;213;0;0;2;0;0;0;0;0;275;0;0;0;2;1
48905;2016-06;0;39;0;0;0;0;0;0;735;1;0;0;0;0;0;0;0;0;0;0;0;0;3;0;2;0;0;0;0;408;85;0;141;0;0;4;0;0;0;0;0;340;0;0;0;1;0
48906;2016-06;0;1;0;0;0;0;0;0;259;1;0;0;0;0;0;0;0;0;0;0;0;0;2;0;0;0;0;0;0;95;17;0;14;0;0;0;0;0;0;0;0;155;0;0;0;0;0
48907;2016-06;0;0;0;0;0;0;0;0;132;0;0;0;0;0;0;0;0;0;0;0;0;0;0;0;0;0;0;0;0;43;6;0;5;0;0;0;0;0;0;0;0;78;0;0;0;0;0
48908;2016-06;0;1;0;0;0;0;0;0;83;0;0;0;0;0;0;0;0;0;0;0;0;0;0;0;0;0;0;0;0;35;5;0;5;0;0;1;0;0;0;0;0;51;0;0;0;0;0
48909;2016-06;0;0;0;0;0;0;0;0;50;0;0;0;0;0;0;0;0;0;0;0;0;0;1;0;0;0;0;0;0;30;0;0;0;0;0;0;0;0;0;0;0;80;0;0;0;0;0
48910;2016-06;0;53;0;0;0;0;0;0;499;2;0;0;0;0;0;0;0;0;0;0;0;0;14;0;1;0;0;0;0;464;205;0;298;0;0;1;0;0;0;0;0;386;0;0;0;2;2
48911;2016-06;0;0;0;0;0;0;0;0;75;0;0;0;0;0;0;0;0;0;0;0;0;0;0;0;0;0;0;0;0;39;2;0;2;0;0;0;0;0;0;0;0;153;0;0;0;0;0
48912;2016-06;0;50;0;0;0;0;0;0;581;5;0;0;0;0;0;0;0;0;0;0;0;0;5;0;1;0;0;0;0;473;84;0;195;0;0;3;0;0;0;0;0;260;0;0;0;1;7
48913;2016-06;0;14;0;0;0;0;0;0;348;0;0;0;0;0;0;0;0;0;0;0;0;0;7;0;1;0;0;0;0;298;39;0;52;0;0;0;0;0;0;0;0;97;0;0;0;0;3
48914;2016-06;0;0;0;0;0;0;0;0;135;0;0;0;0;0;0;0;0;0;0;0;0;0;0;0;0;0;0;0;0;42;0;0;2;0;0;0;0;0;0;0;0;92;0;0;0;0;0
48915;2016-06;0;3;0;0;0;0;0;0;81;0;0;0;0;0;0;0;0;0;0;0;0;0;2;0;0;0;0;0;0;18;4;0;2;0;0;1;0;0;0;0;0;115;0;0;0;0;0
49002;2016-06;0;8;0;0;0;0;0;0;0;0;0;0;0;0;0;0;0;0;0;0;0;0;0;0;0;0;0;0;0;2;23;0;16;0;0;0;0;0;0;0;0;0;0;0;0;0;0
49003;2016-06;0;44;0;0;0;0;0;0;0;0;0;0;0;0;0;0;0;0;0;0;0;0;5;0;0;0;0;0;0;48;348;0;146;0;0;0;0;0;0;0;0;0;0;0;2;1;0
49004;2016-06;0;12;0;0;0;0;0;0;0;0;0;0;0;0;0;0;0;0;0;0;0;0;1;0;0;0;0;0;0;9;47;0;27;0;0;0;0;0;0;0;0;0;0;0;0;0;0
49005;2016-06;0;17;0;0;0;0;0;0;0;0;0;0;0;0;0;0;0;0;0;0;0;0;0;0;0;0;0;0;0;3;48;0;20;0;0;0;0;0;0;0;0;0;0;0;0;1;0
49006;2016-06;0;12;0;0;0;0;0;0;0;0;0;0;0;0;0;0;0;0;0;0;0;0;1;0;0;0;0;0;0;11;47;0;23;0;0;0;0;0;0;0;0;0;0;0;0;1;0
49007;2016-06;0;23;0;0;0;0;0;0;0;0;0;0;0;0;0;0;0;0;0;0;0;0;0;0;0;0;0;0;0;40;97;0;86;0;0;2;0;0;0;0;0;0;0;0;0;0;0
49008;2016-06;0;19;0;0;0;0;0;0;0;0;0;0;0;0;0;0;0;0;0;0;0;0;0;0;0;0;0;0;0;29;183;0;94;0;0;0;0;0;0;0;0;0;0;0;0;1;0
49009;2016-06;0;24;0;0;0;0;0;0;0;0;0;0;0;0;0;0;0;0;0;0;0;0;1;0;0;0;0;0;0;33;180;0;47;0;0;1;0;0;0;0;0;0;0;0;0;0;0
49010;2016-06;0;37;0;0;0;0;0;0;0;0;0;0;0;0;0;0;0;0;0;0;0;0;1;0;2;0;0;0;0;54;85;0;85;0;0;0;0;0;0;0;0;0;0;0;1;3;0
49011;2016-06;0;7;0;0;0;0;0;0;0;0;0;0;0;0;0;0;0;0;0;0;0;0;1;0;0;0;0;0;0;20;109;0;19;0;0;2;0;0;0;0;0;0;0;0;1;0;0
49012;2016-06;0;6;0;0;0;0;0;0;0;0;0;0;0;0;0;0;0;0;0;0;0;0;0;0;0;0;0;0;0;5;24;0;8;0;0;0;0;0;0;0;0;0;0;0;0;0;0
49013;2016-06;0;21;0;0;0;0;0;0;0;0;0;0;0;0;0;0;0;0;0;0;0;0;0;0;1;0;0;0;0;22;93;0;42;0;0;0;0;0;0;0;0;0;0;0;0;0;0
49014;2016-06;0;9;0;0;0;0;0;0;0;0;0;0;0;0;0;0;0;0;0;0;0;0;0;0;1;0;0;0;0;8;51;0;20;0;0;0;0;0;0;0;0;0;0;0;0;0;0
49015;2016-06;0;9;0;0;0;0;0;0;0;0;0;0;0;0;0;0;0;0;0;0;0;0;0;0;0;0;0;0;0;13;105;0;50;0;0;0;0;0;0;0;0;0;0;0;0;0;0
49016;2016-06;0;14;0;0;0;0;0;0;0;0;0;0;0;0;0;0;0;0;0;0;0;0;1;0;0;0;0;0;0;18;90;0;45;0;0;0;0;0;0;0;0;0;0;0;0;1;0
49017;2016-06;0;9;0;0;0;0;0;0;0;0;0;0;0;0;0;0;0;0;0;0;0;0;0;0;0;0;0;0;0;17;129;0;21;0;0;0;0;0;0;0;0;0;0;0;0;0;0
49018;2016-06;0;10;0;0;0;0;0;0;0;0;0;0;0;0;0;0;0;0;0;0;0;0;0;0;0;0;0;0;0;14;128;0;99;0;0;0;0;0;0;0;0;0;0;0;3;0;0
49019;2016-06;0;32;0;0;0;0;0;0;0;0;0;0;0;0;0;0;0;0;0;0;0;0;0;0;0;0;0;0;0;19;84;0;44;0;0;1;0;0;0;0;0;0;0;0;0;0;0
49020;2016-06;0;10;0;0;0;0;0;0;0;0;0;0;0;0;0;0;0;0;0;0;0;0;1;0;0;0;0;0;0;37;104;0;59;0;0;1;0;0;0;0;0;0;0;0;0;0;0
49021;2016-06;0;1237;0;0;0;0;0;0;0;0;0;0;0;0;0;0;0;0;0;0;0;0;35;0;9;0;0;0;0;1533;4260;14;2517;0;0;7;0;0;0;0;0;0;0;0;34;17;0
49022;2016-06;0;22;0;0;0;0;0;0;0;0;0;0;0;0;0;0;0;0;0;0;0;0;0;0;0;0;0;0;0;34;87;0;79;0;0;0;0;0;0;0;0;0;0;0;0;0;0
49023;2016-06;0;87;0;0;0;0;0;0;0;0;0;0;0;0;0;0;0;0;0;0;0;0;1;0;1;0;0;0;0;68;369;0;124;0;0;0;0;0;0;0;0;0;0;0;1;1;0
49024;2016-06;0;65;0;0;0;0;0;0;0;0;0;0;0;0;0;0;0;0;0;0;0;0;1;0;0;0;0;0;0;50;209;1;123;0;0;0;0;0;0;0;0;0;0;0;0;0;0
49025;2016-06;0;8;0;0;0;0;0;0;0;0;0;0;0;0;0;0;0;0;0;0;0;0;0;0;0;0;0;0;0;12;61;0;51;0;0;0;0;0;0;0;0;0;0;0;0;0;0
49026;2016-06;0;10;0;0;0;0;0;0;0;0;0;0;0;0;0;0;0;0;0;0;0;0;0;0;0;0;0;0;0;13;98;0;54;0;0;0;0;0;0;0;0;0;0;0;0;1;0
49027;2016-06;0;14;0;0;0;0;0;0;0;0;0;0;0;0;0;0;0;0;0;0;0;0;0;0;1;0;0;0;0;10;70;0;12;0;0;0;0;0;0;0;0;0;0;0;0;0;0
49028;2016-06;0;4;0;0;0;0;0;0;0;0;0;0;0;0;0;0;0;0;0;0;0;0;1;0;0;0;0;0;0;8;83;0;6;0;0;0;0;0;0;0;0;0;0;0;0;0;0
49029;2016-06;0;60;0;0;0;0;0;0;0;0;0;0;0;0;0;0;0;0;0;0;0;0;4;0;1;0;0;0;0;41;303;1;68;0;0;2;0;0;0;0;0;0;0;0;3;2;0
49030;2016-06;0;5;0;0;0;0;0;0;0;0;0;0;0;0;0;0;0;0;0;0;0;0;0;0;0;0;0;0;0;3;55;0;6;0;0;0;0;0;0;0;0;0;0;0;0;0;0
49031;2016-06;0;5;0;0;0;0;0;0;0;0;0;0;0;0;0;0;0;0;0;0;0;0;1;0;0;0;0;0;0;6;71;0;29;0;0;0;0;0;0;0;0;0;0;0;1;0;0
49032;2016-06;0;18;0;0;0;0;0;0;0;0;0;0;0;0;0;0;0;0;0;0;0;0;0;0;1;0;0;0;0;15;161;1;62;0;0;0;0;0;0;0;0;0;0;0;0;0;0
49033;2016-06;0;46;0;0;0;0;0;0;0;0;0;0;0;0;0;0;0;0;0;0;0;0;2;0;0;0;0;0;0;50;280;0;123;0;0;2;0;0;0;0;0;0;0;0;0;1;0
49034;2016-06;0;30;0;0;0;0;0;0;0;0;0;0;0;0;0;0;0;0;0;0;0;0;1;0;1;0;0;0;0;48;180;0;63;0;0;0;0;0;0;0;0;0;0;0;0;0;0
49035;2016-06;0;18;0;0;0;0;0;0;0;0;0;0;0;0;0;0;0;0;0;0;0;0;0;0;0;0;0;0;0;28;99;0;48;0;0;0;0;0;0;0;0;0;0;0;0;0;0
49036;2016-06;0;17;0;0;0;0;0;0;0;0;0;0;0;0;0;0;0;0;0;0;0;0;2;0;1;0;0;0;0;67;183;0;94;0;0;0;0;0;0;0;0;0;0;0;1;0;0
49037;2016-06;0;17;0;0;0;0;0;0;0;0;0;0;0;0;0;0;0;0;0;0;0;0;2;0;0;0;0;0;0;11;89;0;32;0;0;0;0;0;0;0;0;0;0;0;0;0;0
49038;2016-06;0;7;0;0;0;0;0;0;0;0;0;0;0;0;0;0;0;0;0;0;0;0;0;0;0;0;0;0;0;10;36;0;11;0;0;0;0;0;0;0;0;0;0;0;0;0;0
49039;2016-06;0;31;0;0;0;0;0;0;0;0;0;0;0;0;0;0;0;0;0;0;0;0;1;0;1;0;0;0;0;39;95;1;66;0;0;0;0;0;0;0;0;0;0;0;1;1;0
49040;2016-06;0;5;0;0;0;0;0;0;0;0;0;0;0;0;0;0;0;0;0;0;0;0;0;0;0;0;0;0;0;9;41;0;46;0;0;0;0;0;0;0;0;0;0;0;0;0;0
49041;2016-06;0;35;0;0;0;0;0;0;0;0;0;0;0;0;0;0;0;0;0;0;0;0;1;0;0;0;0;0;0;36;125;0;120;0;0;0;0;0;0;0;0;0;0;0;0;0;0
49042;2016-06;0;19;0;0;0;0;0;0;0;0;0;0;0;0;0;0;0;0;0;0;0;0;0;0;0;0;0;0;0;22;105;0;29;0;0;0;0;0;0;0;0;0;0;0;0;0;0
49043;2016-06;0;12;0;0;0;0;0;0;0;0;0;0;0;0;0;0;0;0;0;0;0;0;0;0;1;0;0;0;0;21;97;0;80;0;0;0;0;0;0;0;0;0;0;0;0;1;0
49044;2016-06;0;7;0;0;0;0;0;0;0;0;0;0;0;0;0;0;0;0;0;0;0;0;0;0;0;0;0;0;0;4;26;0;21;0;0;0;0;0;0;0;0;0;0;0;0;0;0
49046;2016-06;0;21;0;0;0;0;0;0;0;0;0;0;0;0;0;0;0;0;0;0;0;0;0;0;0;0;0;0;0;21;111;0;50;0;0;0;0;0;0;0;0;0;0;0;0;0;0
49047;2016-06;0;6;0;0;0;0;0;0;0;0;0;0;0;0;0;0;0;0;0;0;0;0;0;0;0;0;0;0;0;5;47;0;16;0;0;0;0;0;0;0;0;0;0;0;0;1;0
49048;2016-06;0;15;0;0;0;0;0;0;0;0;0;0;0;0;0;0;0;0;0;0;0;0;0;0;0;0;0;0;0;3;65;1;11;0;0;0;0;0;0;0;0;0;0;0;0;0;0
49050;2016-06;0;37;0;0;0;0;0;0;0;0;0;0;0;0;0;0;0;0;0;0;0;0;0;0;1;0;0;0;0;33;215;1;49;0;0;1;0;0;0;0;0;0;0;0;0;0;0
49052;2016-06;0;13;0;0;0;0;0;0;0;0;0;0;0;0;0;0;0;0;0;0;0;0;0;0;0;0;0;0;0;8;78;0;32;0;0;0;0;0;0;0;0;0;0;0;0;0;0
49053;2016-06;0;86;0;0;0;0;0;0;0;0;0;0;0;0;0;0;0;0;0;0;0;0;0;0;0;0;0;0;0;85;313;1;206;0;0;0;0;0;0;0;0;0;0;0;0;0;0
49054;2016-06;0;90;0;0;0;0;0;0;0;0;0;0;0;0;0;0;0;0;0;0;0;0;1;0;3;0;0;0;0;60;275;1;155;0;0;2;0;0;0;0;0;0;0;0;1;0;0
49055;2016-06;0;9;0;0;0;0;0;0;0;0;0;0;0;0;0;0;0;0;0;0;0;0;1;0;0;0;0;0;0;6;37;0;27;0;0;0;0;0;0;0;0;0;0;0;0;0;0
49056;2016-06;0;22;0;0;0;0;0;0;0;0;0;0;0;0;0;0;0;0;0;0;0;0;1;0;0;0;0;0;0;19;101;0;62;0;0;0;0;0;0;0;0;0;0;0;1;0;0
49057;2016-06;0;4;0;0;0;0;0;0;0;0;0;0;0;0;0;0;0;0;0;0;0;0;0;0;0;0;0;0;0;8;52;0;18;0;0;0;0;0;0;0;0;0;0;0;0;0;0
49058;2016-06;0;26;0;0;0;0;0;0;0;0;0;0;0;0;0;0;0;0;0;0;0;0;0;0;0;0;0;0;0;8;124;0;75;0;0;0;0;0;0;0;0;0;0;0;0;0;0
49059;2016-06;0;7;0;0;0;0;0;0;0;0;0;0;0;0;0;0;0;0;0;0;0;0;0;0;0;0;0;0;0;4;41;0;10;0;0;0;0;0;0;0;0;0;0;0;0;2;0
49061;2016-06;0;13;0;0;0;0;0;0;0;0;0;0;0;0;0;0;0;0;0;0;0;0;0;0;0;0;0;0;0;13;48;1;34;0;0;0;0;0;0;0;0;0;0;0;0;1;0
49062;2016-06;0;9;0;0;0;0;0;0;0;0;0;0;0;0;0;0;0;0;0;0;0;0;0;0;1;0;0;0;0;10;49;0;20;0;0;0;0;0;0;0;0;0;0;0;0;0;0
49063;2016-06;0;18;0;0;0;0;0;0;0;0;0;0;0;0;0;0;0;0;0;0;0;0;0;0;0;0;0;0;0;24;145;1;69;0;0;0;0;0;0;0;0;0;0;0;2;3;0
49064;2016-06;0;25;0;0;0;0;0;0;0;0;0;0;0;0;0;0;0;0;0;0;0;0;0;0;0;0;0;0;0;41;197;0;69;0;0;0;0;0;0;0;0;0;0;0;0;0;0
49065;2016-06;0;77;0;0;0;0;0;0;0;0;0;0;0;0;0;0;0;0;0;0;0;0;4;0;2;0;0;0;0;58;463;0;210;0;0;0;0;0;0;0;0;0;0;0;1;1;0
49066;2016-06;0;29;0;0;0;0;0;0;0;0;0;0;0;0;0;0;0;0;0;0;0;0;2;0;0;0;0;0;0;25;201;0;69;0;0;0;0;0;0;0;0;0;0;0;0;2;0
49067;2016-06;0;50;0;0;0;0;0;0;0;0;0;0;0;0;0;0;0;0;0;0;0;0;1;0;0;0;0;0;0;16;126;1;53;0;0;0;0;0;0;0;0;0;0;0;2;0;0
49068;2016-06;0;10;0;0;0;0;0;0;0;0;0;0;0;0;0;0;0;0;0;0;0;0;0;0;0;0;0;0;0;23;214;0;53;0;0;0;0;0;0;0;0;0;0;0;0;0;0
49069;2016-06;0;17;0;0;0;0;0;0;0;0;0;0;0;0;0;0;0;0;0;0;0;0;1;0;0;0;0;0;0;13;162;0;55;0;0;1;0;0;0;0;0;0;0;0;0;0;0
49071;2016-06;0;35;0;0;0;0;0;0;0;0;0;0;0;0;0;0;0;0;0;0;0;0;1;0;0;0;0;0;0;31;317;0;103;0;0;0;0;0;0;0;0;0;0;0;1;0;0
49075;2016-06;0;8;0;0;0;0;0;0;0;0;0;0;0;0;0;0;0;0;0;0;0;0;0;0;0;0;0;0;0;0;72;1;38;0;0;0;0;0;0;0;0;0;0;0;0;0;0
49076;2016-06;0;32;0;0;0;0;0;0;0;0;0;0;0;0;0;0;0;0;0;0;0;0;1;0;0;0;0;0;0;10;124;1;45;0;0;0;0;0;0;0;0;0;0;0;1;1;0
49077;2016-06;0;8;0;0;0;0;0;0;0;0;0;0;0;0;0;0;0;0;0;0;0;0;0;0;0;0;0;0;0;3;68;0;23;0;0;0;0;0;0;0;0;0;0;0;0;1;0
49078;2016-06;0;7;0;0;0;0;0;0;0;0;0;0;0;0;0;0;0;0;0;0;0;0;0;0;0;0;0;0;0;20;73;0;38;0;0;0;0;0;0;0;0;0;0;0;1;0;0
49079;2016-06;0;7;0;0;0;0;0;0;0;0;0;0;0;0;0;0;0;0;0;0;0;0;0;0;0;0;0;0;0;8;59;1;16;0;0;0;0;0;0;0;0;0;0;0;0;0;0
49080;2016-06;0;51;0;0;0;0;0;0;0;0;0;0;0;0;0;0;0;0;0;0;0;0;2;0;1;0;0;0;0;52;229;0;176;0;0;0;0;0;0;0;0;0;0;0;0;1;0
49081;2016-06;0;120;0;0;0;0;0;0;0;0;0;0;0;0;0;0;0;0;0;0;0;0;1;0;0;0;0;0;0;139;427;0;307;0;0;0;0;0;0;0;0;0;0;0;0;0;0
49082;2016-06;0;25;0;0;0;0;0;0;0;0;0;0;0;0;0;0;0;0;0;0;0;0;0;0;1;0;0;0;0;24;130;0;114;0;0;0;0;0;0;0;0;0;0;0;0;1;0
49083;2016-06;0;1;0;0;0;0;0;0;0;0;0;0;0;0;0;0;0;0;0;0;0;0;0;0;0;0;0;0;0;1;32;0;8;0;0;0;0;0;0;0;0;0;0;0;0;0;0
49084;2016-06;0;30;0;0;0;0;0;0;0;0;0;0;0;0;0;0;0;0;0;0;0;0;0;0;4;0;0;0;0;43;96;1;49;0;0;0;0;0;0;0;0;0;0;0;0;1;0
49085;2016-06;0;57;0;0;0;0;0;0;0;0;0;0;0;0;0;0;0;0;0;0;0;0;1;0;0;0;0;0;0;87;356;2;174;0;0;0;0;0;0;0;0;0;0;0;0;1;0
49086;2016-06;0;10;0;0;0;0;0;0;0;0;0;0;0;0;0;0;0;0;0;0;0;0;0;0;1;0;0;0;0;9;46;0;24;0;0;0;0;0;0;0;0;0;0;0;1;0;0
49087;2016-06;0;26;0;0;0;0;0;0;0;0;0;0;0;0;0;0;0;0;0;0;0;0;0;0;0;0;0;0;0;9;227;0;54;0;0;1;0;0;0;0;0;0;0;0;0;1;0
49088;2016-06;0;5;0;0;0;0;0;0;0;0;0;0;0;0;0;0;0;0;0;0;0;0;0;0;0;0;0;0;0;2;41;0;12;0;0;0;0;0;0;0;0;0;0;0;0;0;0
49090;2016-06;0;16;0;0;0;0;0;0;0;0;0;0;0;0;0;0;0;0;0;0;0;0;1;0;0;0;0;0;0;11;77;0;30;0;0;0;0;0;0;0;0;0;0;0;0;0;0
49091;2016-06;0;13;0;0;0;0;0;0;0;0;0;0;0;0;0;0;0;0;0;0;0;0;0;0;0;0;0;0;0;16;100;0;63;0;0;0;0;0;0;0;0;0;0;0;1;0;0
49092;2016-06;0;3;0;0;0;0;0;0;0;0;0;0;0;0;0;0;0;0;0;0;0;0;0;0;0;0;0;0;0;5;51;0;27;0;0;0;0;0;0;0;0;0;0;0;0;2;0
49093;2016-06;0;28;0;0;0;0;0;0;0;0;0;0;0;0;0;0;0;0;0;0;0;0;0;0;0;0;0;0;0;13;102;0;77;0;0;0;0;0;0;0;0;0;0;0;1;0;0
49094;2016-06;0;14;0;0;0;0;0;0;0;0;0;0;0;0;0;0;0;0;0;0;0;0;0;0;0;0;0;0;0;23;79;0;30;0;0;1;0;0;0;0;0;0;0;0;0;0;0
49095;2016-06;0;30;0;0;0;0;0;0;0;0;0;0;0;0;0;0;0;0;0;0;0;0;1;0;0;0;0;0;0;24;108;0;56;0;0;0;0;0;0;0;0;0;0;0;1;0;0
49096;2016-06;0;11;0;0;0;0;0;0;0;0;0;0;0;0;0;0;0;0;0;0;0;0;1;0;0;0;0;0;0;14;54;0;42;0;0;0;0;0;0;0;0;0;0;0;0;0;0
49097;2016-06;0;5;0;0;0;0;0;0;0;0;0;0;0;0;0;0;0;0;0;0;0;0;0;0;0;0;0;0;0;2;29;0;15;0;0;0;0;0;0;0;0;0;0;0;0;0;0
49098;2016-06;0;10;0;0;0;0;0;0;0;0;0;0;0;0;0;0;0;0;0;0;0;0;0;0;0;0;0;0;0;14;105;0;36;0;0;0;0;0;0;0;0;0;0;0;0;0;0
49099;2016-06;0;10;0;0;0;0;0;0;0;0;0;0;0;0;0;0;0;0;0;0;0;0;0;0;0;0;0;0;0;5;42;0;30;0;0;0;0;0;0;0;0;0;0;0;0;0;0
49100;2016-06;0;11;0;0;0;0;0;0;0;0;0;0;0;0;0;0;0;0;0;0;0;0;0;0;3;0;0;0;0;23;94;0;71;0;0;1;0;0;0;0;0;0;0;0;0;0;0
49101;2016-06;0;16;0;0;0;0;0;0;0;0;0;0;0;0;0;0;0;0;0;0;0;0;0;0;1;0;0;0;0;9;56;0;17;0;0;0;0;0;0;0;0;0;0;0;0;0;0
49102;2016-06;0;13;0;0;0;0;0;0;0;0;0;0;0;0;0;0;0;0;0;0;0;0;0;0;0;0;0;0;0;9;75;1;38;0;0;0;0;0;0;0;0;0;0;0;0;1;0
49103;2016-06;0;33;0;0;0;0;0;0;0;0;0;0;0;0;0;0;0;0;0;0;0;0;3;0;0;0;0;0;0;36;205;1;45;0;0;0;0;0;0;0;0;0;0;0;0;0;0
49104;2016-06;0;9;0;0;0;0;0;0;0;0;0;0;0;0;0;0;0;0;0;0;0;0;2;0;0;0;0;0;0;9;159;1;52;0;0;0;0;0;0;0;0;0;0;0;0;0;0
49105;2016-06;0;10;0;0;0;0;0;0;0;0;0;0;0;0;0;0;0;0;0;0;0;0;0;0;0;0;0;0;0;6;74;0;16;0;0;1;0;0;0;0;0;0;0;0;0;1;0
49107;2016-06;0;3;0;0;0;0;0;0;0;0;0;0;0;0;0;0;0;0;0;0;0;0;0;0;0;0;0;0;0;11;40;0;37;0;0;0;0;0;0;0;0;0;0;0;0;0;0
49108;2016-06;0;28;0;0;0;0;0;0;0;0;0;0;0;0;0;0;0;0;0;0;0;0;2;0;0;0;0;0;0;39;182;0;91;0;0;0;0;0;0;0;0;0;0;0;2;0;0
49109;2016-06;0;34;0;0;0;0;0;0;0;0;0;0;0;0;0;0;0;0;0;0;0;0;1;0;0;0;0;0;0;26;283;1;124;0;0;0;0;0;0;0;0;0;0;0;3;0;0
49110;2016-06;0;25;0;0;0;0;0;0;0;0;0;0;0;0;0;0;0;0;0;0;0;0;0;0;0;0;0;0;0;26;117;0;59;0;0;0;0;0;0;0;0;0;0;0;1;1;0
49111;2016-06;0;5;0;0;0;0;0;0;0;0;0;0;0;0;0;0;0;0;0;0;0;0;0;0;0;0;0;0;0;8;56;0;23;0;0;0;0;0;0;0;0;0;0;0;0;0;0
49112;2016-06;0;5;0;0;0;0;0;0;0;0;0;0;0;0;0;0;0;0;0;0;0;0;1;0;0;0;0;0;0;11;36;1;20;0;0;1;0;0;0;0;0;0;0;0;0;0;0
49113;2016-06;0;12;0;0;0;0;0;0;0;0;0;0;0;0;0;0;0;0;0;0;0;0;0;0;1;0;0;0;0;5;102;0;14;0;0;0;0;0;0;0;0;0;0;0;0;0;0
49114;2016-06;0;3;0;0;0;0;0;0;0;0;0;0;0;0;0;0;0;0;0;0;0;0;0;0;0;0;0;0;0;5;13;1;9;0;0;0;0;0;0;0;0;0;0;0;0;2;0
49115;2016-06;0;10;0;0;0;0;0;0;0;0;0;0;0;0;0;0;0;0;0;0;0;0;0;0;0;0;0;0;0;13;78;0;34;0;0;0;0;0;0;0;0;0;0;0;0;0;0
49116;2016-06;0;15;0;0;0;0;0;0;0;0;0;0;0;0;0;0;0;0;0;0;0;0;1;0;0;0;0;0;0;27;160;0;61;0;0;0;0;0;0;0;0;0;0;0;2;0;0
49117;2016-06;0;31;0;0;0;0;0;0;0;0;0;0;0;0;0;0;0;0;0;0;0;0;0;0;0;0;0;0;0;37;167;0;83;0;0;0;0;0;0;0;0;0;0;0;0;0;0
49118;2016-06;0;18;0;0;0;0;0;0;0;0;0;0;0;0;0;0;0;0;0;0;0;0;4;0;2;0;0;0;0;9;92;0;33;0;0;0;0;0;0;0;0;0;0;0;0;1;0
49119;2016-06;0;16;0;0;0;0;0;0;0;0;0;0;0;0;0;0;0;0;0;0;0;0;0;0;0;0;0;0;0;36;53;0;63;0;0;0;0;0;0;0;0;0;0;0;0;0;0
49120;2016-06;0;7;0;0;0;0;0;0;0;0;0;0;0;0;0;0;0;0;0;0;0;0;0;0;0;0;0;0;0;2;26;0;17;0;0;0;0;0;0;0;0;0;0;0;0;0;0
49121;2016-06;0;43;0;0;0;0;0;0;0;0;0;0;0;0;0;0;0;0;0;0;0;0;1;0;0;0;0;0;0;44;136;0;45;0;0;0;0;0;0;0;0;0;0;0;2;0;0
49122;2016-06;0;90;0;0;0;0;0;0;0;0;0;0;0;0;0;0;0;0;0;0;0;0;7;0;1;0;0;0;0;87;214;2;109;0;0;1;0;0;0;0;0;0;0;0;1;3;0
49123;2016-06;0;25;0;0;0;0;0;0;0;0;0;0;0;0;0;0;0;0;0;0;0;0;1;0;0;0;0;0;0;50;183;1;120;0;0;1;0;0;0;0;0;0;0;0;1;1;0
49124;2016-06;0;9;0;0;0;0;0;0;0;0;0;0;0;0;0;0;0;0;0;0;0;0;0;0;0;0;0;0;0;27;89;0;41;0;0;1;0;0;0;0;0;0;0;0;0;1;0
49125;2016-06;0;112;0;0;0;0;0;0;0;0;0;0;0;0;0;0;0;0;0;0;0;0;8;0;2;0;0;0;0;175;377;0;229;0;0;1;0;0;0;0;0;0;0;0;1;3;0
49126;2016-06;0;12;0;0;0;0;0;0;0;0;0;0;0;0;0;0;0;0;0;0;0;0;0;0;0;0;0;0;0;19;81;0;39;0;0;1;0;0;0;0;0;0;0;0;0;0;0
49127;2016-06;0;289;0;0;0;0;0;0;0;0;0;0;0;0;0;0;0;0;0;0;0;0;10;0;2;0;0;0;0;311;671;5;334;0;0;3;0;0;0;0;0;0;0;0;2;7;0
49128;2016-06;0;30;0;0;0;0;0;0;0;0;0;0;0;0;0;0;0;0;0;0;0;0;2;0;2;0;0;0;0;44;212;1;117;0;0;0;0;0;0;0;0;0;0;0;0;3;0
49129;2016-06;0;37;0;0;0;0;0;0;0;0;0;0;0;0;0;0;0;0;0;0;0;0;2;0;1;0;0;0;0;92;234;0;199;0;0;0;0;0;0;0;0;0;0;0;0;0;0
49130;2016-06;0;11;0;0;0;0;0;0;0;0;0;0;0;0;0;0;0;0;0;0;0;0;0;0;0;0;0;0;0;14;78;0;33;0;0;0;0;0;0;0;0;0;0;0;0;0;0
49131;2016-06;0;18;0;0;0;0;0;0;0;0;0;0;0;0;0;0;0;0;0;0;0;0;1;0;1;0;0;0;0;13;104;0;49;0;0;0;0;0;0;0;0;0;0;0;0;0;0
49132;2016-06;0;22;0;0;0;0;0;0;0;0;0;0;0;0;0;0;0;0;0;0;0;0;0;0;0;0;0;0;0;11;153;1;44;0;0;0;0;0;0;0;0;0;0;0;0;0;0
49133;2016-06;0;21;0;0;0;0;0;0;0;0;0;0;0;0;0;0;0;0;0;0;0;0;1;0;0;0;0;0;0;20;111;0;59;0;0;0;0;0;0;0;0;0;0;0;0;0;0
49134;2016-06;0;8;0;0;0;0;0;0;0;0;0;0;0;0;0;0;0;0;0;0;0;0;1;0;0;0;0;0;0;25;63;0;21;0;0;1;0;0;0;0;0;0;0;0;0;0;0
49135;2016-06;0;43;0;0;0;0;0;0;0;0;0;0;0;0;0;0;0;0;0;0;0;0;3;0;2;0;0;0;0;57;205;2;111;0;0;2;0;0;0;0;0;0;0;0;1;3;0
49136;2016-06;0;26;0;0;0;0;0;0;0;0;0;0;0;0;0;0;0;0;0;0;0;0;1;0;0;0;0;0;0;13;147;2;28;0;0;0;0;0;0;0;0;0;0;0;0;0;0
49137;2016-06;0;11;0;0;0;0;0;0;0;0;0;0;0;0;0;0;0;0;0;0;0;0;1;0;0;0;0;0;0;10;76;0;39;0;0;1;0;0;0;0;0;0;0;0;0;0;0
49138;2016-06;0;19;0;0;0;0;0;0;0;0;0;0;0;0;0;0;0;0;0;0;0;0;0;0;0;0;0;0;0;15;109;0;38;0;0;0;0;0;0;0;0;0;0;0;0;0;0
49139;2016-06;0;11;0;0;0;0;0;0;0;0;0;0;0;0;0;0;0;0;0;0;0;0;1;0;0;0;0;0;0;17;63;0;41;0;0;1;0;0;0;0;0;0;0;0;1;0;0
49141;2016-06;0;17;0;0;0;0;0;0;0;0;0;0;0;0;0;0;0;0;0;0;0;0;1;0;0;0;0;0;0;28;129;0;71;0;0;0;0;0;0;0;0;0;0;0;0;0;0
49142;2016-06;0;12;0;0;0;0;0;0;0;0;0;0;0;0;0;0;0;0;0;0;0;0;1;0;1;0;0;0;0;28;81;1;55;0;0;0;0;0;0;0;0;0;0;0;0;0;0
49143;2016-06;0;9;0;0;0;0;0;0;0;0;0;0;0;0;0;0;0;0;0;0;0;0;1;0;0;0;0;0;0;19;107;0;25;0;0;0;0;0;0;0;0;0;0;0;0;1;0
49145;2016-06;0;10;0;0;0;0;0;0;0;0;0;0;0;0;0;0;0;0;0;0;0;0;0;0;1;0;0;0;0;13;106;1;26;0;0;0;0;0;0;0;0;0;0;0;0;0;0
49146;2016-06;0;9;0;0;0;0;0;0;0;0;0;0;0;0;0;0;0;0;0;0;0;0;0;0;0;0;0;0;0;38;103;0;59;0;0;0;0;0;0;0;0;0;0;0;0;1;0
49147;2016-06;0;26;0;0;0;0;0;0;0;0;0;0;0;0;0;0;0;0;0;0;0;0;0;0;0;0;0;0;0;9;99;0;51;0;0;0;0;0;0;0;0;0;0;0;0;1;0
49148;2016-06;0;11;0;0;0;0;0;0;0;0;0;0;0;0;0;0;0;0;0;0;0;0;4;0;0;0;0;0;0;27;56;1;34;0;0;0;0;0;0;0;0;0;0;0;0;0;0
49149;2016-06;0;23;0;0;0;0;0;0;0;0;0;0;0;0;0;0;0;0;0;0;0;0;1;0;0;0;0;0;0;27;164;1;49;0;0;0;0;0;0;0;0;0;0;0;0;0;0
49150;2016-06;0;4;0;0;0;0;0;0;0;0;0;0;0;0;0;0;0;0;0;0;0;0;0;0;0;0;0;0;0;5;65;0;36;0;0;0;0;0;0;0;0;0;0;0;0;0;0
49151;2016-06;0;34;0;0;0;0;0;0;0;0;0;0;0;0;0;0;0;0;0;0;0;0;0;0;1;0;0;0;0;86;194;0;136;0;0;1;0;0;0;0;0;0;0;0;0;2;0
49152;2016-06;0;41;0;0;0;0;0;0;0;0;0;0;0;0;0;0;0;0;0;0;0;0;1;0;0;0;0;0;0;44;189;0;57;0;0;0;0;0;0;0;0;0;0;0;0;0;0
49153;2016-06;0;23;0;0;0;0;0;0;0;0;0;0;0;0;0;0;0;0;0;0;0;0;0;0;0;0;0;0;0;18;70;0;20;0;0;1;0;0;0;0;0;0;0;0;0;0;0
49154;2016-06;0;4;0;0;0;0;0;0;0;0;0;0;0;0;0;0;0;0;0;0;0;0;0;0;0;0;0;0;0;4;30;0;39;0;0;0;0;0;0;0;0;0;0;0;0;0;0
49155;2016-06;0;4;0;0;0;0;0;0;0;0;0;0;0;0;0;0;0;0;0;0;0;0;0;0;0;0;0;0;0;3;43;0;7;0;0;0;0;0;0;0;0;0;0;0;0;0;0
49156;2016-06;0;15;0;0;0;0;0;0;0;0;0;0;0;0;0;0;0;0;0;0;0;0;0;0;0;0;0;0;0;21;99;2;37;0;0;0;0;0;0;0;0;0;0;0;0;1;0
49157;2016-06;0;13;0;0;0;0;0;0;0;0;0;0;0;0;0;0;0;0;0;0;0;0;0;0;0;0;0;0;0;21;81;0;43;0;0;0;0;0;0;0;0;0;0;0;0;0;0
49158;2016-06;0;18;0;0;0;0;0;0;0;0;0;0;0;0;0;0;0;0;0;0;0;0;0;0;0;0;0;0;0;17;72;0;56;0;0;1;0;0;0;0;0;0;0;0;0;0;0
49159;2016-06;0;18;0;0;0;0;0;0;0;0;0;0;0;0;0;0;0;0;0;0;0;0;0;0;0;0;0;0;0;36;90;0;56;0;0;0;0;0;0;0;0;0;0;0;0;1;0
49160;2016-06;0;3;0;0;0;0;0;0;0;0;0;0;0;0;0;0;0;0;0;0;0;0;0;0;1;0;0;0;0;1;10;0;17;0;0;1;0;0;0;0;0;0;0;0;0;0;0
49162;2016-06;0;22;0;0;0;0;0;0;0;0;0;0;0;0;0;0;0;0;0;0;0;0;0;0;0;0;0;0;0;20;61;0;36;0;0;0;0;0;0;0;0;0;0;0;0;0;0
49163;2016-06;0;19;0;0;0;0;0;0;0;0;0;0;0;0;0;0;0;0;0;0;0;0;0;0;1;0;0;0;0;12;94;1;22;0;0;0;0;0;0;0;0;0;0;0;0;0;0
49164;2016-06;0;17;0;0;0;0;0;0;0;0;0;0;0;0;0;0;0;0;0;0;0;0;1;0;1;0;0;0;0;13;41;0;39;0;0;0;0;0;0;0;0;0;0;0;1;0;0
49165;2016-06;0;9;0;0;0;0;0;0;0;0;0;0;0;0;0;0;0;0;0;0;0;0;0;0;0;0;0;0;0;4;28;0;10;0;0;0;0;0;0;0;0;0;0;0;0;0;0
49166;2016-06;0;111;0;0;0;0;0;0;0;0;0;0;0;0;0;0;0;0;0;0;0;0;4;0;7;0;0;0;0;193;373;0;235;0;0;2;0;0;0;0;0;0;0;0;0;2;0
49167;2016-06;0;15;0;0;0;0;0;0;0;0;0;0;0;0;0;0;0;0;0;0;0;0;3;0;0;0;0;0;0;21;78;0;27;0;0;0;0;0;0;0;0;0;0;0;0;1;0
49168;2016-06;0;10;0;0;0;0;0;0;0;0;0;0;0;0;0;0;0;0;0;0;0;0;0;0;0;0;0;0;0;3;47;0;14;0;0;0;0;0;0;0;0;0;0;0;0;0;0
49169;2016-06;0;5;0;0;0;0;0;0;0;0;0;0;0;0;0;0;0;0;0;0;0;0;0;0;0;0;0;0;0;2;11;0;8;0;0;0;0;0;0;0;0;0;0;0;0;0;0
49170;2016-06;0;8;0;0;0;0;0;0;0;0;0;0;0;0;0;0;0;0;0;0;0;0;0;0;0;0;0;0;0;8;35;0;20;0;0;0;0;0;0;0;0;0;0;0;0;0;0
49171;2016-06;0;45;0;0;0;0;0;0;0;0;0;0;0;0;0;0;0;0;0;0;0;0;3;0;0;0;0;0;0;60;273;0;115;0;0;0;0;0;0;0;0;0;0;0;1;1;0
49172;2016-06;0;20;0;0;0;0;0;0;0;0;0;0;0;0;0;0;0;0;0;0;0;0;0;0;0;0;0;0;0;13;262;0;47;0;0;0;0;0;0;0;0;0;0;0;0;0;0
49173;2016-06;0;9;0;0;0;0;0;0;0;0;0;0;0;0;0;0;0;0;0;0;0;0;2;0;0;0;0;0;0;17;142;0;48;0;0;0;0;0;0;0;0;0;0;0;0;0;0
49174;2016-06;0;9;0;0;0;0;0;0;0;0;0;0;0;0;0;0;0;0;0;0;0;0;0;0;0;0;0;0;0;9;58;0;15;0;0;0;0;0;0;0;0;0;0;0;0;0;0
49175;2016-06;0;10;0;0;0;0;0;0;0;0;0;0;0;0;0;0;0;0;0;0;0;0;0;0;0;0;0;0;0;14;91;0;55;0;0;0;0;0;0;0;0;0;0;0;0;0;0
49176;2016-06;0;18;0;0;0;0;0;0;0;0;0;0;0;0;0;0;0;0;0;0;0;0;0;0;0;0;0;0;0;17;332;0;63;0;0;0;0;0;0;0;0;0;0;0;0;0;0
49177;2016-06;0;13;0;0;0;0;0;0;0;0;0;0;0;0;0;0;0;0;0;0;0;0;2;0;0;0;0;0;0;23;78;1;59;0;0;0;0;0;0;0;0;0;0;0;0;0;0
49178;2016-06;0;77;0;0;0;0;0;0;0;0;0;0;0;0;0;0;0;0;0;0;0;0;2;0;0;0;0;0;0;119;202;0;78;0;0;1;0;0;0;0;0;0;0;0;4;0;0
49179;2016-06;0;16;0;0;0;0;0;0;0;0;0;0;0;0;0;0;0;0;0;0;0;0;3;0;0;0;0;0;0;18;152;0;46;0;0;0;0;0;0;0;0;0;0;0;0;2;0
49180;2016-06;0;12;0;0;0;0;0;0;0;0;0;0;0;0;0;0;0;0;0;0;0;0;0;0;0;0;0;0;0;16;49;0;23;0;0;0;0;0;0;0;0;0;0;0;0;0;0
49181;2016-06;0;6;0;0;0;0;0;0;0;0;0;0;0;0;0;0;0;0;0;0;0;0;0;0;0;0;0;0;0;16;216;0;35;0;0;0;0;0;0;0;0;0;0;0;0;1;0
49183;2016-06;0;8;0;0;0;0;0;0;0;0;0;0;0;0;0;0;0;0;0;0;0;0;0;0;0;0;0;0;0;2;54;0;10;0;0;0;0;0;0;0;0;0;0;0;0;1;0
49184;2016-06;0;6;0;0;0;0;0;0;0;0;0;0;0;0;0;0;0;0;0;0;0;0;0;0;0;0;0;0;0;4;91;0;10;0;0;1;0;0;0;0;0;0;0;0;0;0;0
49185;2016-06;0;22;0;0;0;0;0;0;0;0;0;0;0;0;0;0;0;0;0;0;0;0;1;0;0;0;0;0;0;7;64;0;26;0;0;0;0;0;0;0;0;0;0;0;0;0;0
49186;2016-06;0;16;0;0;0;0;0;0;0;0;0;0;0;0;0;0;0;0;0;0;0;0;0;0;0;0;0;0;0;14;127;0;27;0;0;0;0;0;0;0;0;0;0;0;0;1;0
49187;2016-06;0;99;0;0;0;0;0;0;0;0;0;0;0;0;0;0;0;0;0;0;0;0;1;0;0;0;0;0;0;79;475;0;227;0;0;1;0;0;0;0;0;0;0;0;0;2;0
49188;2016-06;0;9;0;0;0;0;0;0;0;0;0;0;0;0;0;0;0;0;0;0;0;0;1;0;0;0;0;0;0;12;51;0;15;0;0;0;0;0;0;0;0;0;0;0;0;0;0
49189;2016-06;0;4;0;0;0;0;0;0;0;0;0;0;0;0;0;0;0;0;0;0;0;0;0;0;0;0;0;0;0;11;111;0;14;0;0;0;0;0;0;0;0;0;0;0;1;0;0
49190;2016-06;0;3;0;0;0;0;0;0;0;0;0;0;0;0;0;0;0;0;0;0;0;0;0;0;0;0;0;0;0;2;24;0;16;0;0;0;0;0;0;0;0;0;0;0;0;0;0
49191;2016-06;0;13;0;0;0;0;0;0;0;0;0;0;0;0;0;0;0;0;0;0;0;0;0;0;0;0;0;0;0;23;73;0;95;0;0;0;0;0;0;0;0;0;0;0;0;0;0
49192;2016-06;0;12;0;0;0;0;0;0;0;0;0;0;0;0;0;0;0;0;0;0;0;0;0;0;0;0;0;0;0;4;46;0;45;0;0;0;0;0;0;0;0;0;0;0;0;0;0
49193;2016-06;0;40;0;0;0;0;0;0;0;0;0;0;0;0;0;0;0;0;0;0;0;0;3;0;0;0;0;0;0;33;179;1;45;0;0;2;0;0;0;0;0;0;0;0;1;0;0
49194;2016-06;0;19;0;0;0;0;0;0;0;0;0;0;0;0;0;0;0;0;0;0;0;0;0;0;0;0;0;0;0;23;111;0;59;0;0;0;0;0;0;0;0;0;0;0;3;0;0
49197;2016-06;0;12;0;0;0;0;0;0;0;0;0;0;0;0;0;0;0;0;0;0;0;0;0;0;0;0;0;0;0;22;57;0;31;0;0;0;0;0;0;0;0;0;0;0;0;0;0
49199;2016-06;0;9;0;0;0;0;0;0;0;0;0;0;0;0;0;0;0;0;0;0;0;0;0;0;0;0;0;0;0;34;86;0;56;0;0;1;0;0;0;0;0;0;0;0;0;0;0
49200;2016-06;0;63;0;0;0;0;0;0;0;0;0;0;0;0;0;0;0;0;0;0;0;0;3;0;0;0;0;0;0;92;361;0;182;0;0;1;0;0;0;0;0;0;0;0;0;3;0
49201;2016-06;0;21;0;0;0;0;0;0;0;0;0;0;0;0;0;0;0;0;0;0;0;0;1;0;0;0;0;0;0;25;97;0;121;0;0;0;0;0;0;0;0;0;0;0;0;0;0
49202;2016-06;0;12;0;0;0;0;0;0;0;0;0;0;0;0;0;0;0;0;0;0;0;0;0;0;0;0;0;0;0;17;69;0;27;0;0;1;0;0;0;0;0;0;0;0;0;0;0
49203;2016-06;0;21;0;0;0;0;0;0;0;0;0;0;0;0;0;0;0;0;0;0;0;0;0;0;0;0;0;0;0;4;133;0;74;0;0;0;0;0;0;0;0;0;0;0;0;0;0
49204;2016-06;0;1;0;0;0;0;0;0;0;0;0;0;0;0;0;0;0;0;0;0;0;0;0;0;1;0;0;0;0;4;37;0;8;0;0;0;0;0;0;0;0;0;0;0;0;0;0
49205;2016-06;0;22;0;0;0;0;0;0;0;0;0;0;0;0;0;0;0;0;0;0;0;0;0;0;0;0;0;0;0;17;199;1;49;0;0;1;0;0;0;0;0;0;0;0;0;0;0
49206;2016-06;0;38;0;0;0;0;0;0;0;0;0;0;0;0;0;0;0;0;0;0;0;0;1;0;0;0;0;0;0;50;313;0;185;0;0;0;0;0;0;0;0;0;0;0;7;1;0
49207;2016-06;0;9;0;0;0;0;0;0;0;0;0;0;0;0;0;0;0;0;0;0;0;0;0;0;0;0;0;0;0;14;79;1;43;0;0;0;0;0;0;0;0;0;0;0;0;0;0
49208;2016-06;0;13;0;0;0;0;0;0;0;0;0;0;0;0;0;0;0;0;0;0;0;0;1;0;0;0;0;0;0;12;189;0;26;0;0;0;0;0;0;0;0;0;0;0;0;1;0
49209;2016-06;0;30;0;0;0;0;0;0;0;0;0;0;0;0;0;0;0;0;0;0;0;0;0;0;1;0;0;0;0;19;207;0;82;0;0;0;0;0;0;0;0;0;0;0;0;0;0
49210;2016-06;0;15;0;0;0;0;0;0;0;0;0;0;0;0;0;0;0;0;0;0;0;0;1;0;1;0;0;0;0;62;152;2;130;0;0;1;0;0;0;0;0;0;0;0;0;0;0
49214;2016-06;0;66;0;0;0;0;0;0;0;0;0;0;0;0;0;0;0;0;0;0;0;0;2;0;0;0;0;0;0;51;260;1;126;0;0;2;0;0;0;0;0;0;0;0;0;1;0
49216;2016-06;0;17;0;0;0;0;0;0;0;0;0;0;0;0;0;0;0;0;0;0;0;0;0;0;0;0;0;0;0;21;53;0;51;0;0;0;0;0;0;0;0;0;0;0;0;0;0
49219;2016-06;0;586;0;0;0;0;0;0;0;0;0;0;0;0;0;0;0;0;0;0;0;0;20;0;4;0;0;0;0;752;2134;2;1343;0;0;7;0;0;0;0;0;0;0;0;7;6;0
49220;2016-06;0;7;0;0;0;0;0;0;0;0;0;0;0;0;0;0;0;0;0;0;0;0;0;0;0;0;0;0;0;13;41;0;48;0;0;0;0;0;0;0;0;0;0;0;0;0;0
49221;2016-06;0;16;0;0;0;0;0;0;0;0;0;0;0;0;0;0;0;0;0;0;0;0;0;0;0;0;0;0;0;15;66;0;28;0;0;0;0;0;0;0;0;0;0;0;1;0;0
49222;2016-06;0;32;0;0;0;0;0;0;0;0;0;0;0;0;0;0;0;0;0;0;0;0;0;0;1;0;0;0;0;52;70;2;114;0;0;0;0;0;0;0;0;0;0;0;0;1;0
49223;2016-06;0;47;0;0;0;0;0;0;0;0;0;0;0;0;0;0;0;0;0;0;0;0;3;0;0;0;0;0;0;34;399;1;111;0;0;0;0;0;0;0;0;0;0;0;0;1;0
49224;2016-06;0;8;0;0;0;0;0;0;0;0;0;0;0;0;0;0;0;0;0;0;0;0;3;0;0;0;0;0;0;20;59;0;14;0;0;0;0;0;0;0;0;0;0;0;7;0;0
49225;2016-06;0;6;0;0;0;0;0;0;0;0;0;0;0;0;0;0;0;0;0;0;0;0;0;0;0;0;0;0;0;13;57;0;12;0;0;0;0;0;0;0;0;0;0;0;2;0;0
49226;2016-06;0;20;0;0;0;0;0;0;0;0;0;0;0;0;0;0;0;0;0;0;0;0;0;0;0;0;0;0;0;24;91;0;57;0;0;1;0;0;0;0;0;0;0;0;1;1;0
49227;2016-06;0;31;0;0;0;0;0;0;0;0;0;0;0;0;0;0;0;0;0;0;0;0;1;0;0;0;0;0;0;30;111;0;53;0;0;0;0;0;0;0;0;0;0;0;0;0;0
49228;2016-06;0;2;0;0;0;0;0;0;0;0;0;0;0;0;0;0;0;0;0;0;0;0;0;0;0;0;0;0;0;0;30;0;9;0;0;0;0;0;0;0;0;0;0;0;0;2;0
49229;2016-06;0;10;0;0;0;0;0;0;0;0;0;0;0;0;0;0;0;0;0;0;0;0;3;0;0;0;0;0;0;9;44;0;27;0;0;0;0;0;0;0;0;0;0;0;0;0;0
49230;2016-06;0;4;0;0;0;0;0;0;0;0;0;0;0;0;0;0;0;0;0;0;0;0;0;0;0;0;0;0;0;6;30;0;32;0;0;0;0;0;0;0;0;0;0;0;0;0;0
49231;2016-06;0;27;0;0;0;0;0;0;0;0;0;0;0;0;0;0;0;0;0;0;0;0;0;0;0;0;0;0;0;22;134;0;45;0;0;0;0;0;0;0;0;0;0;0;0;2;0
49232;2016-06;0;6;0;0;0;0;0;0;0;0;0;0;0;0;0;0;0;0;0;0;0;0;0;0;0;0;0;0;0;6;42;0;18;0;0;0;0;0;0;0;0;0;0;0;0;1;0
49233;2016-06;0;5;0;0;0;0;0;0;0;0;0;0;0;0;0;0;0;0;0;0;0;0;0;0;0;0;0;0;0;0;38;0;12;0;0;0;0;0;0;0;0;0;0;0;0;0;0
49234;2016-06;0;32;0;0;0;0;0;0;0;0;0;0;0;0;0;0;0;0;0;0;0;0;0;0;0;0;0;0;0;28;158;0;105;0;0;1;0;0;0;0;0;0;0;0;0;0;0
49235;2016-06;0;36;0;0;0;0;0;0;0;0;0;0;0;0;0;0;0;0;0;0;0;0;3;0;1;0;0;0;0;47;128;0;74;0;0;2;0;0;0;0;0;0;0;0;0;1;0
49236;2016-06;0;8;0;0;0;0;0;0;0;0;0;0;0;0;0;0;0;0;0;0;0;0;1;0;0;0;0;0;0;1;37;0;11;0;0;0;0;0;0;0;0;0;0;0;0;0;0
49237;2016-06;0;6;0;0;0;0;0;0;0;0;0;0;0;0;0;0;0;0;0;0;0;0;0;0;0;0;0;0;0;10;64;0;34;0;0;0;0;0;0;0;0;0;0;0;0;1;0
49238;2016-06;0;19;0;0;0;0;0;0;0;0;0;0;0;0;0;0;0;0;0;0;0;0;1;0;1;0;0;0;0;12;98;0;60;0;0;0;0;0;0;0;0;0;0;0;1;0;0
49239;2016-06;0;30;0;0;0;0;0;0;0;0;0;0;0;0;0;0;0;0;0;0;0;0;0;0;2;0;0;0;0;51;180;0;182;0;0;0;0;0;0;0;0;0;0;0;0;0;0
49240;2016-06;0;10;0;0;0;0;0;0;0;0;0;0;0;0;0;0;0;0;0;0;0;0;0;0;0;0;0;0;0;20;96;0;33;0;0;0;0;0;0;0;0;0;0;0;0;0;0
49241;2016-06;0;20;0;0;0;0;0;0;0;0;0;0;0;0;0;0;0;0;0;0;0;0;0;0;0;0;0;0;0;3;124;0;30;0;0;0;0;0;0;0;0;0;0;0;0;0;0
49242;2016-06;0;36;0;0;0;0;0;0;0;0;0;0;0;0;0;0;0;0;0;0;0;0;0;0;0;0;0;0;0;33;198;0;84;0;0;1;0;0;0;0;0;0;0;0;0;0;0
49243;2016-06;0;6;0;0;0;0;0;0;0;0;0;0;0;0;0;0;0;0;0;0;0;0;0;0;0;0;0;0;0;11;65;0;11;0;0;0;0;0;0;0;0;0;0;0;0;0;0
49244;2016-06;0;1;0;0;0;0;0;0;0;0;0;0;0;0;0;0;0;0;0;0;0;0;0;0;0;0;0;0;0;2;18;0;8;0;0;0;0;0;0;0;0;0;0;0;0;0;0
49245;2016-06;0;21;0;0;0;0;0;0;0;0;0;0;0;0;0;0;0;0;0;0;0;0;1;0;0;0;0;0;0;36;81;0;31;0;0;1;0;0;0;0;0;0;0;0;0;0;0
49246;2016-06;0;15;0;0;0;0;0;0;0;0;0;0;0;0;0;0;0;0;0;0;0;0;0;0;0;0;0;0;0;11;125;0;29;0;0;1;0;0;0;0;0;0;0;0;0;0;0
49247;2016-06;0;29;0;0;0;0;0;0;0;0;0;0;0;0;0;0;0;0;0;0;0;0;0;0;0;0;0;0;0;31;161;0;55;0;0;0;0;0;0;0;0;0;0;0;0;1;0
49248;2016-06;0;9;0;0;0;0;0;0;0;0;0;0;0;0;0;0;0;0;0;0;0;0;0;0;1;0;0;0;0;16;78;0;45;0;0;0;0;0;0;0;0;0;0;0;0;0;0
49249;2016-06;0;2;0;0;0;0;0;0;0;0;0;0;0;0;0;0;0;0;0;0;0;0;0;0;0;0;0;0;0;5;47;0;3;0;0;0;0;0;0;0;0;0;0;0;0;0;0
49250;2016-06;0;129;0;0;0;0;0;0;0;0;0;0;0;0;0;0;0;0;0;0;0;0;2;0;2;0;0;0;0;78;468;2;227;0;0;1;0;0;0;0;0;0;0;0;2;2;0
49251;2016-06;0;7;0;0;0;0;0;0;0;0;0;0;0;0;0;0;0;0;0;0;0;0;0;0;1;0;0;0;0;12;64;0;36;0;0;0;0;0;0;0;0;0;0;0;0;0;0
49252;2016-06;0;26;0;0;0;0;0;0;0;0;0;0;0;0;0;0;0;0;0;0;0;0;1;0;0;0;0;0;0;28;123;0;69;0;0;0;0;0;0;0;0;0;0;0;0;0;0
49255;2016-06;0;18;0;0;0;0;0;0;0;0;0;0;0;0;0;0;0;0;0;0;0;0;0;0;0;0;0;0;0;29;210;0;57;0;0;0;0;0;0;0;0;0;0;0;0;1;0
49256;2016-06;0;10;0;0;0;0;0;0;0;0;0;0;0;0;0;0;0;0;0;0;0;0;0;0;0;0;0;0;0;29;132;0;33;0;0;0;0;0;0;0;0;0;0;0;0;0;0
49257;2016-06;0;21;0;0;0;0;0;0;0;0;0;0;0;0;0;0;0;0;0;0;0;0;0;0;0;0;0;0;0;25;83;0;53;0;0;1;0;0;0;0;0;0;0;0;0;0;0
49258;2016-06;0;4;0;0;0;0;0;0;0;0;0;0;0;0;0;0;0;0;0;0;0;0;0;0;0;0;0;0;0;12;46;0;27;0;0;0;0;0;0;0;0;0;0;0;0;0;0
49259;2016-06;0;8;0;0;0;0;0;0;0;0;0;0;0;0;0;0;0;0;0;0;0;0;0;0;0;0;0;0;0;1;53;0;2;0;0;0;0;0;0;0;0;0;0;0;0;0;0
49260;2016-06;0;48;0;0;0;0;0;0;0;0;0;0;0;0;0;0;0;0;0;0;0;0;3;0;2;0;0;0;0;50;296;0;177;0;0;1;0;0;0;0;0;0;0;0;0;1;0
49261;2016-06;0;131;0;0;0;0;0;0;0;0;0;0;0;0;0;0;0;0;0;0;0;0;5;0;3;0;0;0;0;185;427;1;266;0;0;2;0;0;0;0;0;0;0;0;4;1;0
49262;2016-06;0;14;0;0;0;0;0;0;0;0;0;0;0;0;0;0;0;0;0;0;0;0;0;0;0;0;0;0;0;48;154;0;56;0;0;1;0;0;0;0;0;0;0;0;0;0;0
49263;2016-06;0;1;0;0;0;0;0;0;0;0;0;0;0;0;0;0;0;0;0;0;0;0;0;0;0;0;0;0;0;0;33;0;2;0;0;0;0;0;0;0;0;0;0;0;0;0;0
49264;2016-06;0;24;0;0;0;0;0;0;0;0;0;0;0;0;0;0;0;0;0;0;0;0;3;0;0;0;0;0;0;35;242;1;66;0;0;0;0;0;0;0;0;0;0;0;0;1;0
49265;2016-06;0;9;0;0;0;0;0;0;0;0;0;0;0;0;0;0;0;0;0;0;0;0;0;0;0;0;0;0;0;3;51;1;26;0;0;0;0;0;0;0;0;0;0;0;0;0;0
49266;2016-06;0;7;0;0;0;0;0;0;0;0;0;0;0;0;0;0;0;0;0;0;0;0;0;0;0;0;0;0;0;3;30;0;19;0;0;0;0;0;0;0;0;0;0;0;0;0;0
49267;2016-06;0;7;0;0;0;0;0;0;0;0;0;0;0;0;0;0;0;0;0;0;0;0;0;0;0;0;0;0;0;9;33;0;16;0;0;1;0;0;0;0;0;0;0;0;0;1;0
49268;2016-06;0;31;0;0;0;0;0;0;0;0;0;0;0;0;0;0;0;0;0;0;0;0;0;0;0;0;0;0;0;15;222;0;38;0;0;0;0;0;0;0;0;0;0;0;0;2;0
49269;2016-06;0;16;0;0;0;0;0;0;0;0;0;0;0;0;0;0;0;0;0;0;0;0;1;0;1;0;0;0;0;11;91;0;40;0;0;1;0;0;0;0;0;0;0;0;0;0;0
49270;2016-06;0;12;0;0;0;0;0;0;0;0;0;0;0;0;0;0;0;0;0;0;0;0;1;0;0;0;0;0;0;19;35;0;31;0;0;0;0;0;0;0;0;0;0;0;0;0;0
49271;2016-06;0;7;0;0;0;0;0;0;0;0;0;0;0;0;0;0;0;0;0;0;0;0;0;0;0;0;0;0;0;14;65;0;54;0;0;0;0;0;0;0;0;0;0;0;0;0;0
49272;2016-06;0;4;0;0;0;0;0;0;0;0;0;0;0;0;0;0;0;0;0;0;0;0;1;0;0;0;0;0;0;4;52;0;7;0;0;0;0;0;0;0;0;0;0;0;0;0;0
49273;2016-06;0;6;0;0;0;0;0;0;0;0;0;0;0;0;0;0;0;0;0;0;0;0;0;0;0;0;0;0;0;13;77;0;16;0;0;0;0;0;0;0;0;0;0;0;0;0;0
49275;2016-06;0;4973;0;0;0;0;0;0;0;0;0;0;0;0;0;0;0;0;0;0;0;0;272;0;41;0;0;0;0;6600;15370;74;7780;0;0;88;0;0;0;0;0;0;0;0;74;126;0
50001;2016-06;0;4;0;0;0;0;0;0;0;0;0;0;0;0;0;0;0;0;0;0;0;0;0;0;0;0;0;0;0;6;52;0;15;0;0;0;0;0;0;0;0;0;0;0;0;0;0
50002;2016-06;0;8;0;0;0;0;0;0;0;0;0;0;0;0;0;0;0;0;0;0;0;0;0;0;0;0;0;0;0;1;72;0;22;0;0;0;0;0;0;0;0;0;0;0;0;0;0
50003;2016-06;0;15;0;0;0;0;0;0;0;1;0;0;0;0;0;0;0;0;0;0;0;0;1;0;0;0;0;0;0;6;34;0;32;0;0;1;0;0;0;0;0;0;0;0;0;0;0
50004;2016-06;0;43;0;0;0;0;0;0;0;0;0;0;0;0;0;0;0;0;0;0;0;0;1;0;0;0;0;0;0;49;146;0;148;0;0;0;0;0;0;0;0;0;0;0;0;0;1
50005;2016-06;0;23;0;0;0;0;0;0;0;1;0;0;0;0;0;0;0;0;0;0;0;0;0;0;1;0;0;0;0;12;111;0;37;0;0;0;0;0;0;0;0;0;0;0;0;0;3
50006;2016-06;0;88;0;0;0;0;0;0;0;0;0;0;0;0;0;0;0;0;0;0;0;0;5;0;0;0;0;0;0;100;222;0;235;0;0;1;0;0;0;0;0;0;0;0;0;0;0
50007;2016-06;0;3;0;0;0;0;0;0;0;2;0;0;0;0;0;0;0;0;0;0;0;0;0;0;1;0;0;0;0;8;14;0;5;0;0;0;0;0;0;0;0;0;0;0;0;0;0
50008;2016-06;0;489;0;0;0;0;0;0;0;10;0;0;0;0;0;0;0;3;0;0;0;7;37;0;3;0;0;0;0;910;947;0;954;0;0;14;0;0;0;0;0;0;0;0;0;7;5
50009;2016-06;0;16;0;0;0;0;0;0;0;0;0;0;0;0;0;0;0;0;0;0;0;0;0;0;0;0;0;0;0;5;51;0;8;0;0;0;0;0;0;0;0;0;0;0;0;0;0
50010;2016-06;0;5;0;0;0;0;0;0;0;0;0;0;0;0;0;0;0;0;0;0;0;0;0;0;0;0;0;0;0;4;46;0;3;0;0;0;0;0;0;0;0;0;0;0;0;0;0
50011;2016-06;0;9;0;0;0;0;0;0;0;1;0;0;0;0;0;0;0;0;0;0;0;0;1;0;0;0;0;0;0;10;27;0;45;0;0;0;0;0;0;0;0;0;0;0;0;0;0
50012;2016-06;0;4;0;0;0;0;0;0;0;0;0;0;0;0;0;0;0;0;0;0;0;0;0;0;1;0;0;0;0;9;24;0;38;0;0;1;0;0;0;0;0;0;0;0;0;0;0
50013;2016-06;0;9;0;0;0;0;0;0;0;0;0;0;0;0;0;0;0;0;0;0;0;0;1;0;0;0;0;0;0;24;69;0;73;0;0;0;0;0;0;0;0;0;0;0;0;0;4
50014;2016-06;0;12;0;0;0;0;0;0;0;0;0;0;0;0;0;0;0;0;0;0;0;1;0;0;0;0;0;0;0;24;35;0;21;0;0;0;0;0;0;0;0;0;0;0;0;1;0
50015;2016-06;0;9;0;0;0;0;0;0;0;0;0;0;0;0;0;0;0;0;0;0;0;0;0;0;0;0;0;0;0;5;19;0;33;0;0;0;0;0;0;0;0;0;0;0;0;1;0
50016;2016-06;0;3;0;0;0;0;0;0;0;0;0;0;0;0;0;0;0;0;0;0;0;0;0;0;0;0;0;0;0;8;17;0;11;0;0;0;0;0;0;0;0;0;0;0;0;0;1
50017;2016-06;0;244;0;0;0;0;0;0;0;8;0;0;0;0;0;0;0;2;0;0;0;2;7;0;1;0;0;0;0;276;442;0;262;0;0;5;0;0;0;0;0;0;0;0;0;2;5
50018;2016-06;0;51;0;0;0;0;0;0;0;1;0;0;0;0;0;0;0;0;0;0;0;0;3;0;0;0;0;0;0;57;251;0;289;0;0;0;0;0;0;0;0;0;0;0;0;1;1
50019;2016-06;0;2;0;0;0;0;0;0;0;0;0;0;0;0;0;0;0;0;0;0;0;0;0;0;0;0;0;0;0;3;20;0;13;0;0;2;0;0;0;0;0;0;0;0;0;1;0
50020;2016-06;0;78;0;0;0;0;0;0;0;3;0;0;0;0;0;0;0;1;0;0;0;1;6;0;0;0;0;0;0;80;234;0;150;0;0;2;0;0;0;0;0;0;0;0;0;1;1
50021;2016-06;0;3;0;0;0;0;0;0;0;0;0;0;0;0;0;0;0;0;0;0;0;0;2;0;0;0;0;0;0;2;14;0;0;0;0;0;0;0;0;0;0;0;0;0;0;0;0
50022;2016-06;0;36;0;0;0;0;0;0;0;2;0;0;0;0;0;0;0;1;0;0;0;0;3;0;0;0;0;0;0;25;207;0;109;0;0;0;0;0;0;0;0;0;0;0;0;0;0
50023;2016-06;0;21;0;0;0;0;0;0;0;0;0;0;0;0;0;0;0;0;0;0;0;0;0;0;0;0;0;0;0;15;96;0;42;0;0;1;0;0;0;0;0;0;0;0;0;0;0
50024;2016-06;0;44;0;0;0;0;0;0;0;1;0;0;0;0;0;0;0;0;0;0;0;0;1;0;1;0;0;0;0;52;133;0;199;0;0;0;0;0;0;0;0;0;0;0;0;0;0
50025;2016-06;0;493;0;0;0;0;0;0;0;8;0;0;0;0;0;0;0;2;0;0;0;1;20;0;3;0;0;0;0;402;1316;0;826;0;0;0;0;0;0;0;0;0;0;0;0;7;15
50026;2016-06;0;33;0;0;0;0;0;0;0;3;0;0;0;0;0;0;0;0;0;0;0;0;0;0;1;0;0;0;0;53;108;0;113;0;0;0;0;0;0;0;0;0;0;0;0;3;1
50027;2016-06;0;19;0;0;0;0;0;0;0;1;0;0;0;0;0;0;0;0;0;0;0;0;1;0;0;0;0;0;0;22;66;0;64;0;0;0;0;0;0;0;0;0;0;0;0;1;1
50028;2016-06;0;5;0;0;0;0;0;0;0;1;0;0;0;0;0;0;0;0;0;0;0;0;1;0;0;0;0;0;0;9;16;0;19;0;0;0;0;0;0;0;0;0;0;0;0;0;0
50029;2016-06;0;48;0;0;0;0;0;0;0;4;0;0;0;0;0;0;0;0;0;0;0;0;4;0;0;0;0;0;0;47;112;0;232;0;0;0;0;0;0;0;0;0;0;0;0;0;0
50030;2016-06;0;1;0;0;0;0;0;0;0;0;0;0;0;0;0;0;0;0;0;0;0;0;0;0;0;0;0;0;0;33;60;0;36;0;0;0;0;0;0;0;0;0;0;0;0;9;0
50031;2016-06;0;8;0;0;0;0;0;0;0;0;0;0;0;0;0;0;0;0;0;0;0;0;0;0;1;0;0;0;0;18;35;0;31;0;0;0;0;0;0;0;0;0;0;0;0;0;0
50032;2016-06;0;14;0;0;0;0;0;0;0;6;0;0;0;0;0;0;0;0;0;0;0;0;2;0;0;0;0;0;0;41;66;0;55;0;0;0;0;0;0;0;0;0;0;0;0;0;0
50033;2016-06;0;1;0;0;0;0;0;0;0;0;0;0;0;0;0;0;0;0;0;0;0;0;0;0;0;0;0;0;0;14;21;0;12;0;0;0;0;0;0;0;0;0;0;0;0;0;0
50034;2016-06;0;71;0;0;0;0;0;0;0;1;0;0;0;0;0;0;0;0;0;0;0;0;2;0;2;0;0;0;0;92;201;0;186;0;0;1;0;0;0;0;0;0;0;0;0;1;1
50035;2016-06;0;0;0;0;0;0;0;0;0;0;0;0;0;0;0;0;0;0;0;0;0;0;1;0;0;0;0;0;0;44;5;0;2;0;0;0;0;0;0;0;0;0;0;0;0;0;0
50036;2016-06;0;8;0;0;0;0;0;0;0;0;0;0;0;0;0;0;0;0;0;0;0;0;0;0;0;0;0;0;0;16;35;0;31;0;0;0;0;0;0;0;0;0;0;0;0;0;0
50037;2016-06;0;20;0;0;0;0;0;0;0;1;0;0;0;0;0;0;0;0;0;0;0;0;0;0;0;0;0;0;0;8;47;0;20;0;0;0;0;0;0;0;0;0;0;0;0;0;0
50038;2016-06;0;117;0;0;0;0;0;0;0;5;0;0;0;0;0;0;0;0;0;0;0;1;3;0;0;0;0;0;0;189;362;0;420;0;0;4;0;0;0;0;0;0;0;0;0;2;1
50039;2016-06;0;28;0;0;0;0;0;0;0;3;0;0;0;0;0;0;0;0;0;0;0;0;6;0;0;0;0;0;0;88;136;0;125;0;0;0;0;0;0;0;0;0;0;0;0;2;0
50040;2016-06;0;12;0;0;0;0;0;0;0;0;0;0;0;0;0;0;0;0;0;0;0;0;0;0;0;0;0;0;0;7;36;0;20;0;0;0;0;0;0;0;0;0;0;0;0;0;0
50041;2016-06;0;0;0;0;0;0;0;0;0;0;0;0;0;0;0;0;0;0;0;0;0;0;0;0;0;0;0;0;0;1;2;0;6;0;0;0;0;0;0;0;0;0;0;0;0;0;0
50042;2016-06;0;0;0;0;0;0;0;0;0;0;0;0;0;0;0;0;0;0;0;0;0;0;0;0;0;0;0;0;0;0;11;0;3;0;0;0;0;0;0;0;0;0;0;0;0;0;0
50043;2016-06;0;26;0;0;0;0;0;0;0;0;0;0;0;0;0;0;0;0;0;0;0;0;3;0;0;0;0;0;0;24;70;0;47;0;0;1;0;0;0;0;0;0;0;0;0;0;0
50044;2016-06;0;11;0;0;0;0;0;0;0;0;0;0;0;0;0;0;0;0;0;0;0;0;1;0;0;0;0;0;0;20;46;0;66;0;0;0;0;0;0;0;0;0;0;0;0;0;0
50045;2016-06;0;101;0;0;0;0;0;0;0;4;0;0;0;0;0;0;0;4;0;0;0;0;3;0;1;0;0;0;0;119;442;0;237;0;0;2;0;0;0;0;0;0;0;0;0;2;4
50046;2016-06;0;17;0;0;0;0;0;0;0;3;0;0;0;0;0;0;0;0;0;0;0;0;1;0;0;0;0;0;0;11;74;0;21;0;0;1;0;0;0;0;0;0;0;0;0;0;0
50047;2016-06;0;4;0;0;0;0;0;0;0;0;0;0;0;0;0;0;0;1;0;0;0;0;0;0;0;0;0;0;0;5;10;0;14;0;0;2;0;0;0;0;0;0;0;0;0;0;0
50048;2016-06;0;0;0;0;0;0;0;0;0;0;0;0;0;0;0;0;0;0;0;0;0;0;0;0;0;0;0;0;0;8;9;0;12;0;0;0;0;0;0;0;0;0;0;0;0;0;0
50050;2016-06;0;7;0;0;0;0;0;0;0;0;0;0;0;0;0;0;0;0;0;0;0;0;1;0;0;0;0;0;0;11;15;0;27;0;0;1;0;0;0;0;0;0;0;0;0;0;0
50051;2016-06;0;49;0;0;0;0;0;0;0;4;0;0;0;0;0;0;0;0;0;0;0;0;1;0;0;0;0;0;0;36;234;0;286;0;0;0;0;0;0;0;0;0;0;0;0;0;2
50052;2016-06;0;8;0;0;0;0;0;0;0;0;0;0;0;0;0;0;0;0;0;0;0;0;1;0;0;0;0;0;0;2;45;0;12;0;0;0;0;0;0;0;0;0;0;0;0;0;0
50053;2016-06;0;40;0;0;0;0;0;0;0;0;0;0;0;0;0;0;0;0;0;0;0;0;7;0;0;0;0;0;0;36;219;0;206;0;0;0;0;0;0;0;0;0;0;0;0;0;0
50054;2016-06;0;4;0;0;0;0;0;0;0;0;0;0;0;0;0;0;0;0;0;0;0;0;0;0;0;0;0;0;0;10;23;0;13;0;0;0;0;0;0;0;0;0;0;0;0;0;0
50055;2016-06;0;431;0;0;0;0;0;0;0;15;0;0;0;0;0;0;0;1;0;0;0;2;32;0;3;0;0;0;0;428;897;0;565;0;0;6;0;0;0;0;0;0;0;0;0;3;2
50056;2016-06;0;52;0;0;0;0;0;0;0;1;0;0;0;0;0;0;0;0;0;0;0;0;1;0;0;0;0;0;0;69;108;0;65;0;0;0;0;0;0;0;0;0;0;0;0;1;0
50057;2016-06;0;142;0;0;0;0;0;0;0;2;0;0;0;0;0;0;0;3;0;0;0;0;3;0;0;0;0;0;0;93;402;0;248;0;0;1;0;0;0;0;0;0;0;0;0;0;2
50058;2016-06;0;4;0;0;0;0;0;0;0;0;0;0;0;0;0;0;0;0;0;0;0;0;1;0;0;0;0;0;0;4;21;0;9;0;0;0;0;0;0;0;0;0;0;0;0;0;0
50059;2016-06;0;74;0;0;0;0;0;0;0;0;0;0;0;0;0;0;0;1;0;0;0;0;0;0;0;0;0;0;0;68;228;0;163;0;0;1;0;0;0;0;0;0;0;0;0;0;1
50060;2016-06;0;16;0;0;0;0;0;0;0;0;0;0;0;0;0;0;0;1;0;0;0;0;1;0;0;0;0;0;0;28;51;0;28;0;0;1;0;0;0;0;0;0;0;0;0;0;0
50061;2016-06;0;5;0;0;0;0;0;0;0;0;0;0;0;0;0;0;0;0;0;0;0;0;1;0;0;0;0;0;0;13;86;0;64;0;0;0;0;0;0;0;0;0;0;0;0;0;0
50062;2016-06;0;212;0;0;0;0;0;0;0;4;0;0;0;0;0;0;0;0;0;0;0;5;17;0;5;0;0;0;0;265;423;0;337;0;0;1;0;0;0;0;0;0;0;0;0;2;3
50063;2016-06;0;0;0;0;0;0;0;0;0;0;0;0;0;0;0;0;0;0;0;0;0;0;0;0;0;0;0;0;0;3;20;0;28;0;0;0;0;0;0;0;0;0;0;0;0;0;0
50064;2016-06;0;33;0;0;0;0;0;0;0;2;0;0;0;0;0;0;0;1;0;0;0;0;3;0;0;0;0;0;0;39;128;0;133;0;0;0;0;0;0;0;0;0;0;0;0;0;0
50065;2016-06;0;4;0;0;0;0;0;0;0;0;0;0;0;0;0;0;0;0;0;0;0;0;1;0;0;0;0;0;0;12;15;0;11;0;0;0;0;0;0;0;0;0;0;0;0;0;0
50066;2016-06;0;361;0;0;0;0;0;0;0;9;0;0;0;0;0;0;0;0;0;0;0;2;32;0;5;0;0;0;0;399;745;0;275;0;0;3;0;0;0;0;0;0;0;0;0;5;6
50067;2016-06;0;1593;0;0;0;0;0;0;0;52;0;0;0;0;0;0;0;6;0;0;0;10;89;0;8;0;0;0;0;1440;3955;0;2496;0;0;15;0;0;0;0;0;0;0;0;0;19;24
50068;2016-06;0;156;0;0;0;0;0;0;0;2;0;0;0;0;0;0;0;2;0;0;0;2;2;0;1;0;0;0;0;191;522;0;447;0;0;1;0;0;0;0;0;0;0;0;0;1;0
50069;2016-06;0;12;0;0;0;0;0;0;0;1;0;0;0;0;0;0;0;0;0;0;0;0;0;0;0;0;0;0;0;8;8;0;22;0;0;0;0;0;0;0;0;0;0;0;0;0;1
50070;2016-06;0;2;0;0;0;0;0;0;0;0;0;0;0;0;0;0;0;0;0;0;0;0;1;0;0;0;0;0;0;1;12;0;20;0;0;0;0;0;0;0;0;0;0;0;0;0;0
50071;2016-06;0;5;0;0;0;0;0;0;0;0;0;0;0;0;0;0;0;0;0;0;0;0;0;0;0;0;0;0;0;5;75;0;7;0;0;0;0;0;0;0;0;0;0;0;0;0;0
50072;2016-06;0;13;0;0;0;0;0;0;0;1;0;0;0;0;0;0;0;0;0;0;0;0;2;0;0;0;0;0;0;14;67;0;26;0;0;0;0;0;0;0;0;0;0;0;0;1;1
50073;2016-06;0;188;0;0;0;0;0;0;0;6;0;0;0;0;0;0;0;2;0;0;0;1;10;0;0;0;0;0;0;219;726;0;415;0;0;0;0;0;0;0;0;0;0;0;0;1;2
50074;2016-06;0;717;0;0;0;0;0;0;0;19;0;0;0;0;0;0;0;4;0;0;0;5;41;0;8;0;0;0;0;751;1247;0;1320;0;0;4;0;0;0;0;0;0;0;0;0;6;12
50075;2016-06;0;1;0;0;0;0;0;0;0;1;0;0;0;0;0;0;0;0;0;0;0;0;0;0;0;0;0;0;0;0;46;0;11;0;0;1;0;0;0;0;0;0;0;0;0;0;0
50076;2016-06;0;6;0;0;0;0;0;0;0;0;0;0;0;0;0;0;0;0;0;0;0;0;1;0;0;0;0;0;0;18;17;0;23;0;0;0;0;0;0;0;0;0;0;0;0;0;0
50077;2016-06;0;10;0;0;0;0;0;0;0;0;0;0;0;0;0;0;0;0;0;0;0;0;0;0;0;0;0;0;0;20;62;0;74;0;0;0;0;0;0;0;0;0;0;0;0;0;0
50078;2016-06;0;9;0;0;0;0;0;0;0;0;0;0;0;0;0;0;0;0;0;0;0;0;0;0;0;0;0;0;0;30;58;0;76;0;0;0;0;0;0;0;0;0;0;0;0;0;0
50079;2016-06;0;21;0;0;0;0;0;0;0;0;0;0;0;0;0;0;0;0;0;0;0;0;0;0;0;0;0;0;0;23;75;0;55;0;0;0;0;0;0;0;0;0;0;0;0;0;0
50080;2016-06;0;4;0;0;0;0;0;0;0;0;0;0;0;0;0;0;0;0;0;0;0;0;1;0;0;0;0;0;0;10;7;0;5;0;0;0;0;0;0;0;0;0;0;0;0;0;0
50081;2016-06;0;26;0;0;0;0;0;0;0;1;0;0;0;0;0;0;0;0;0;0;0;0;1;0;0;0;0;0;0;49;176;0;119;0;0;0;0;0;0;0;0;0;0;0;0;0;2
50082;2016-06;0;9;0;0;0;0;0;0;0;0;0;0;0;0;0;0;0;0;0;0;0;0;0;0;0;0;0;0;0;6;33;0;16;0;0;0;0;0;0;0;0;0;0;0;0;0;0
50083;2016-06;0;11;0;0;0;0;0;0;0;0;0;0;0;0;0;0;0;0;0;0;0;0;1;0;0;0;0;0;0;19;14;0;29;0;0;0;0;0;0;0;0;0;0;0;0;0;0
50084;2016-06;0;8;0;0;0;0;0;0;0;2;0;0;0;0;0;0;0;0;0;0;0;0;0;0;0;0;0;0;0;7;26;0;14;0;0;0;0;0;0;0;0;0;0;0;0;0;0
50085;2016-06;0;10;0;0;0;0;0;0;0;0;0;0;0;0;0;0;0;0;0;0;0;0;2;0;0;0;0;0;0;11;71;0;31;0;0;0;0;0;0;0;0;0;0;0;0;0;0
50086;2016-06;0;14;0;0;0;0;0;0;0;1;0;0;0;0;0;0;0;0;0;0;0;0;1;0;0;0;0;0;0;19;29;0;61;0;0;1;0;0;0;0;0;0;0;0;0;0;0
50087;2016-06;0;3;0;0;0;0;0;0;0;0;0;0;0;0;0;0;0;0;0;0;0;0;0;0;0;0;0;0;0;2;9;0;2;0;0;0;0;0;0;0;0;0;0;0;0;0;0
50088;2016-06;0;22;0;0;0;0;0;0;0;0;0;0;0;0;0;0;0;0;0;0;0;0;0;0;0;0;0;0;0;17;105;0;87;0;0;0;0;0;0;0;0;0;0;0;0;1;0
50089;2016-06;0;1586;0;0;0;0;0;0;0;45;0;0;0;0;0;0;0;3;0;0;0;9;85;0;6;0;0;0;0;1155;2163;0;899;0;0;14;0;0;0;0;0;0;0;0;0;16;19
50090;2016-06;0;19;0;0;0;0;0;0;0;0;0;0;0;0;0;0;0;0;0;0;0;0;0;0;0;0;0;0;0;6;71;0;15;0;0;0;0;0;0;0;0;0;0;0;0;0;1
50091;2016-06;0;6;0;0;0;0;0;0;0;0;0;0;0;0;0;0;0;0;0;0;0;0;0;0;0;0;0;0;0;2;21;0;7;0;0;0;0;0;0;0;0;0;0;0;0;0;0
50092;2016-06;0;36;0;0;0;0;0;0;0;1;0;0;0;0;0;0;0;0;0;0;0;0;0;0;0;0;0;0;0;18;89;0;86;0;0;0;0;0;0;0;0;0;0;0;0;0;1
50093;2016-06;0;6;0;0;0;0;0;0;0;0;0;0;0;0;0;0;0;1;0;0;0;0;1;0;0;0;0;0;0;14;26;0;17;0;0;0;0;0;0;0;0;0;0;0;0;0;0
50094;2016-06;0;124;0;0;0;0;0;0;0;15;0;0;0;0;0;0;0;1;0;0;0;0;11;0;3;0;0;0;0;165;492;0;331;0;0;2;0;0;0;0;0;0;0;0;0;2;1
50095;2016-06;0;926;0;0;0;0;0;0;0;28;0;0;0;0;0;0;0;7;0;0;0;7;43;0;10;0;0;0;0;1500;2666;0;3227;0;0;5;0;0;0;0;0;0;0;0;0;10;11
50096;2016-06;0;1;0;0;0;0;0;0;0;1;0;0;0;0;0;0;0;0;0;0;0;0;0;0;0;0;0;0;0;8;11;0;6;0;0;0;0;0;0;0;0;0;0;0;0;0;0
50098;2016-06;0;14;0;0;0;0;0;0;0;4;0;0;0;0;0;0;0;0;0;0;0;0;0;0;1;0;0;0;0;14;50;0;40;0;0;1;0;0;0;0;0;0;0;0;0;0;0
50099;2016-06;0;255;0;0;0;0;0;0;0;3;0;0;0;0;0;0;0;1;0;0;0;0;12;0;1;0;0;0;0;266;782;0;796;0;0;0;0;0;0;0;0;0;0;0;0;0;3
50100;2016-06;0;20;0;0;0;0;0;0;0;2;0;0;0;0;0;0;0;0;0;0;0;0;1;0;0;0;0;0;0;26;100;0;90;0;0;1;0;0;0;0;0;0;0;0;0;0;0
50101;2016-06;0;55;0;0;0;0;0;0;0;2;0;0;0;0;0;0;0;0;0;0;0;0;5;0;2;0;0;0;0;95;201;0;226;0;0;0;0;0;0;0;0;0;0;0;0;1;2
50102;2016-06;0;77;0;0;0;0;0;0;0;2;0;0;0;0;0;0;0;0;0;0;0;0;2;0;0;0;0;0;0;114;234;0;215;0;0;0;0;0;0;0;0;0;0;0;0;1;0
50104;2016-06;0;46;0;0;0;0;0;0;0;0;0;0;0;0;0;0;0;0;0;0;0;0;1;0;0;0;0;0;0;12;108;0;100;0;0;0;0;0;0;0;0;0;0;0;0;0;0
50105;2016-06;0;14;0;0;0;0;0;0;0;0;0;0;0;0;0;0;0;0;0;0;0;2;1;0;1;0;0;0;0;36;88;0;68;0;0;0;0;0;0;0;0;0;0;0;0;0;0
50106;2016-06;0;10;0;0;0;0;0;0;0;1;0;0;0;0;0;0;0;0;0;0;0;0;1;0;0;0;0;0;0;13;42;0;37;0;0;0;0;0;0;0;0;0;0;0;0;0;0
50107;2016-06;0;120;0;0;0;0;0;0;0;5;0;0;0;0;0;0;0;0;0;0;0;5;5;0;0;0;0;0;0;82;306;0;199;0;0;0;0;0;0;0;0;0;0;0;0;3;4
50108;2016-06;0;7;0;0;0;0;0;0;0;1;0;0;0;0;0;0;0;0;0;0;0;0;0;0;0;0;0;0;0;5;15;0;10;0;0;0;0;0;0;0;0;0;0;0;0;0;0
50109;2016-06;0;12;0;0;0;0;0;0;0;1;0;0;0;0;0;0;0;0;0;0;0;0;1;0;1;0;0;0;0;17;32;0;11;0;0;0;0;0;0;0;0;0;0;0;0;0;0
50110;2016-06;0;23;0;0;0;0;0;0;0;0;0;0;0;0;0;0;0;0;0;0;0;0;1;0;0;0;0;0;0;21;110;0;98;0;0;0;0;0;0;0;0;0;0;0;0;1;0
50111;2016-06;0;13;0;0;0;0;0;0;0;0;0;0;0;0;0;0;0;0;0;0;0;0;1;0;0;0;0;0;0;35;63;0;30;0;0;0;0;0;0;0;0;0;0;0;0;0;1
50113;2016-06;0;35;0;0;0;0;0;0;0;1;0;0;0;0;0;0;0;0;0;0;0;0;1;0;0;0;0;0;0;60;172;0;213;0;0;0;0;0;0;0;0;0;0;0;0;0;0
50114;2016-06;0;12;0;0;0;0;0;0;0;1;0;0;0;0;0;0;0;0;0;0;0;0;0;0;0;0;0;0;0;15;32;0;27;0;0;0;0;0;0;0;0;0;0;0;0;1;0
50115;2016-06;0;315;0;0;0;0;0;0;0;7;0;0;0;0;0;0;0;0;0;0;0;1;9;0;2;0;0;0;0;263;826;0;667;0;0;1;0;0;0;0;0;0;0;0;0;0;4
50116;2016-06;0;7;0;0;0;0;0;0;0;0;0;0;0;0;0;0;0;0;0;0;0;0;1;0;0;0;0;0;0;21;71;0;32;0;0;0;0;0;0;0;0;0;0;0;0;0;0
50117;2016-06;0;9;0;0;0;0;0;0;0;0;0;0;0;0;0;0;0;0;0;0;0;0;0;0;0;0;0;0;0;17;47;0;28;0;0;1;0;0;0;0;0;0;0;0;0;0;0
50118;2016-06;0;148;0;0;0;0;0;0;0;7;0;0;0;0;0;0;0;0;0;0;0;0;14;0;0;0;0;0;0;234;517;0;603;0;0;5;0;0;0;0;0;0;0;0;0;0;2
50119;2016-06;0;94;0;0;0;0;0;0;0;1;0;0;0;0;0;0;0;0;0;0;0;0;3;0;0;0;0;0;0;56;321;0;230;0;0;0;0;0;0;0;0;0;0;0;0;0;3
50120;2016-06;0;7;0;0;0;0;0;0;0;0;0;0;0;0;0;0;0;0;0;0;0;0;1;0;0;0;0;0;0;7;11;0;13;0;0;0;0;0;0;0;0;0;0;0;0;0;0
50121;2016-06;0;13;0;0;0;0;0;0;0;2;0;0;0;0;0;0;0;1;0;0;0;0;1;0;0;0;0;0;0;20;97;0;78;0;0;0;0;0;0;0;0;0;0;0;0;1;0
50122;2016-06;0;4;0;0;0;0;0;0;0;0;0;0;0;0;0;0;0;0;0;0;0;0;2;0;0;0;0;0;0;9;26;0;10;0;0;0;0;0;0;0;0;0;0;0;0;0;0
50123;2016-06;0;38;0;0;0;0;0;0;0;1;0;0;0;0;0;0;0;0;0;0;0;0;1;0;0;0;0;0;0;31;95;0;163;0;0;1;0;0;0;0;0;0;0;0;0;0;0
50124;2016-06;0;65;0;0;0;0;0;0;0;7;0;0;0;0;0;0;0;0;0;0;0;0;1;0;1;0;0;0;0;16;174;0;51;0;0;0;0;0;0;0;0;0;0;0;0;0;0
50125;2016-06;0;11;0;0;0;0;0;0;0;1;0;0;0;0;0;0;0;0;0;0;0;0;0;0;0;0;0;0;0;25;131;0;73;0;0;1;0;0;0;0;0;0;0;0;0;0;1
50126;2016-06;0;199;0;0;0;0;0;0;0;7;0;0;0;0;0;0;0;1;0;0;0;1;3;0;1;0;0;0;0;150;775;0;401;0;0;1;0;0;0;0;0;0;0;0;0;1;0
50128;2016-06;0;1;0;0;0;0;0;0;0;0;0;0;0;0;0;0;0;0;0;0;0;0;0;0;0;0;0;0;0;5;12;0;6;0;0;0;0;0;0;0;0;0;0;0;0;0;0
50129;2016-06;0;17;0;0;0;0;0;0;0;0;0;0;0;0;0;0;0;0;0;0;0;0;4;0;0;0;0;0;0;22;67;0;46;0;0;0;0;0;0;0;0;0;0;0;0;0;0
50130;2016-06;0;31;0;0;0;0;0;0;0;0;0;0;0;0;0;0;0;0;0;0;0;0;2;0;0;0;0;0;0;26;95;0;81;0;0;0;0;0;0;0;0;0;0;0;0;1;0
50131;2016-06;0;23;0;0;0;0;0;0;0;2;0;0;0;0;0;0;0;0;0;0;0;0;1;0;1;0;0;0;0;13;76;0;47;0;0;0;0;0;0;0;0;0;0;0;0;0;2
50132;2016-06;0;90;0;0;0;0;0;0;0;5;0;0;0;0;0;0;0;1;0;0;0;0;8;0;1;0;0;0;0;116;210;0;103;0;0;0;0;0;0;0;0;0;0;0;0;1;1
50133;2016-06;0;4;0;0;0;0;0;0;0;0;0;0;0;0;0;0;0;0;0;0;0;0;1;0;0;0;0;0;0;15;27;0;28;0;0;1;0;0;0;0;0;0;0;0;0;0;0
50134;2016-06;0;12;0;0;0;0;0;0;0;0;0;0;0;0;0;0;0;0;0;0;0;0;1;0;0;0;0;0;0;3;44;0;25;0;0;0;0;0;0;0;0;0;0;0;0;1;1
50135;2016-06;0;3;0;0;0;0;0;0;0;0;0;0;0;0;0;0;0;0;0;0;0;0;0;0;0;0;0;0;0;13;30;0;19;0;0;0;0;0;0;0;0;0;0;0;0;2;0
50136;2016-06;0;54;0;0;0;0;0;0;0;0;0;0;0;0;0;0;0;0;0;0;0;0;2;0;0;0;0;0;0;25;252;0;75;0;0;0;0;0;0;0;0;0;0;0;0;0;0
50137;2016-06;0;90;0;0;0;0;0;0;0;1;0;0;0;0;0;0;0;0;0;0;0;0;1;0;0;0;0;0;0;95;308;0;260;0;0;0;0;0;0;0;0;0;0;0;0;0;1
50138;2016-06;0;1;0;0;0;0;0;0;0;0;0;0;0;0;0;0;0;0;0;0;0;0;0;0;0;0;0;0;0;6;24;0;4;0;0;0;0;0;0;0;0;0;0;0;0;0;0
50139;2016-06;0;15;0;0;0;0;0;0;0;0;0;0;0;0;0;0;0;0;0;0;0;0;0;0;0;0;0;0;0;25;120;0;74;0;0;0;0;0;0;0;0;0;0;0;0;0;2
50140;2016-06;0;10;0;0;0;0;0;0;0;0;0;0;0;0;0;0;0;0;0;0;0;0;1;0;0;0;0;0;0;18;62;0;24;0;0;0;0;0;0;0;0;0;0;0;0;0;0
50141;2016-06;0;5;0;0;0;0;0;0;0;0;0;0;0;0;0;0;0;0;0;0;0;0;1;0;0;0;0;0;0;14;54;0;15;0;0;0;0;0;0;0;0;0;0;0;0;0;0
50142;2016-06;0;2;0;0;0;0;0;0;0;0;0;0;0;0;0;0;0;0;0;0;0;0;0;0;0;0;0;0;0;10;2;0;3;0;0;0;0;0;0;0;0;0;0;0;0;0;0
50143;2016-06;0;46;0;0;0;0;0;0;0;1;0;0;0;0;0;0;0;0;0;0;0;0;1;0;1;0;0;0;0;64;156;0;109;0;0;0;0;0;0;0;0;0;0;0;0;1;6
50144;2016-06;0;6;0;0;0;0;0;0;0;0;0;0;0;0;0;0;0;0;0;0;0;0;0;0;0;0;0;0;0;5;12;0;4;0;0;0;0;0;0;0;0;0;0;0;0;0;0
50146;2016-06;0;5;0;0;0;0;0;0;0;0;0;0;0;0;0;0;0;0;0;0;0;0;0;0;1;0;0;0;0;21;54;0;59;0;0;1;0;0;0;0;0;0;0;0;0;0;0
50147;2016-06;0;43;0;0;0;0;0;0;0;4;0;0;0;0;0;0;0;2;0;0;0;0;2;0;0;0;0;0;0;131;174;0;194;0;0;0;0;0;0;0;0;0;0;0;0;0;0
50148;2016-06;0;30;0;0;0;0;0;0;0;1;0;0;0;0;0;0;0;0;0;0;0;0;0;0;0;0;0;0;0;26;92;0;76;0;0;0;0;0;0;0;0;0;0;0;0;0;0
50149;2016-06;0;0;0;0;0;0;0;0;0;2;0;0;0;0;0;0;0;0;0;0;0;0;0;0;0;0;0;0;0;0;19;0;3;0;0;0;0;0;0;0;0;0;0;0;0;0;0
50150;2016-06;0;42;0;0;0;0;0;0;0;4;0;0;0;0;0;0;0;0;0;0;0;0;3;0;0;0;0;0;0;47;187;0;111;0;0;0;0;0;0;0;0;0;0;0;0;1;0
50151;2016-06;0;60;0;0;0;0;0;0;0;0;0;0;0;0;0;0;0;1;0;0;0;0;0;0;0;0;0;0;0;54;188;0;192;0;0;3;0;0;0;0;0;0;0;0;0;0;1
50152;2016-06;0;103;0;0;0;0;0;0;0;5;0;0;0;0;0;0;0;0;0;0;0;0;1;0;0;0;0;0;0;99;464;0;300;0;0;0;0;0;0;0;0;0;0;0;0;1;7
50153;2016-06;0;56;0;0;0;0;0;0;0;2;0;0;0;0;0;0;0;0;0;0;0;0;4;0;0;0;0;0;0;116;222;0;301;0;0;1;0;0;0;0;0;0;0;0;0;0;0
50154;2016-06;0;15;0;0;0;0;0;0;0;1;0;0;0;0;0;0;0;0;0;0;0;0;3;0;0;0;0;0;0;5;64;0;7;0;0;0;0;0;0;0;0;0;0;0;0;0;1
50155;2016-06;0;16;0;0;0;0;0;0;0;0;0;0;0;0;0;0;0;0;0;0;0;0;1;0;0;0;0;0;0;4;36;0;21;0;0;0;0;0;0;0;0;0;0;0;0;0;0
50156;2016-06;0;21;0;0;0;0;0;0;0;0;0;0;0;0;0;0;0;0;0;0;0;1;0;0;1;0;0;0;0;37;53;0;63;0;0;0;0;0;0;0;0;0;0;0;0;0;0
50157;2016-06;0;9;0;0;0;0;0;0;0;0;0;0;0;0;0;0;0;0;0;0;0;1;2;0;0;0;0;0;0;37;84;0;82;0;0;0;0;0;0;0;0;0;0;0;0;0;0
50159;2016-06;0;45;0;0;0;0;0;0;0;0;0;0;0;0;0;0;0;0;0;0;0;0;0;0;0;0;0;0;0;65;228;0;166;0;0;0;0;0;0;0;0;0;0;0;0;1;0
50160;2016-06;0;185;0;0;0;0;0;0;0;3;0;0;0;0;0;0;0;1;0;0;0;0;7;0;0;0;0;0;0;289;428;0;602;0;0;0;0;0;0;0;0;0;0;0;0;0;1
50161;2016-06;0;11;0;0;0;0;0;0;0;0;0;0;0;0;0;0;0;0;0;0;0;0;0;0;0;0;0;0;0;7;37;0;16;0;0;0;0;0;0;0;0;0;0;0;0;1;0
50162;2016-06;0;9;0;0;0;0;0;0;0;0;0;0;0;0;0;0;0;0;0;0;0;0;1;0;0;0;0;0;0;7;41;0;43;0;0;0;0;0;0;0;0;0;0;0;0;0;0
50163;2016-06;0;628;0;0;0;0;0;0;0;18;0;0;0;0;0;0;0;0;0;0;0;3;23;0;7;0;0;0;0;603;931;0;409;0;0;6;0;0;0;0;0;0;0;0;0;9;6
50164;2016-06;0;31;0;0;0;0;0;0;0;2;0;0;0;0;0;0;0;0;0;0;0;1;1;0;0;0;0;0;0;39;96;0;69;0;0;0;0;0;0;0;0;0;0;0;0;0;1
50165;2016-06;0;191;0;0;0;0;0;0;0;5;0;0;0;0;0;0;0;0;0;0;0;2;4;0;1;0;0;0;0;267;355;0;406;0;0;2;0;0;0;0;0;0;0;0;0;2;3
50166;2016-06;0;19;0;0;0;0;0;0;0;1;0;0;0;0;0;0;0;0;0;0;0;0;0;0;0;0;0;0;0;44;88;0;50;0;0;0;0;0;0;0;0;0;0;0;0;1;1
50167;2016-06;0;14;0;0;0;0;0;0;0;0;0;0;0;0;0;0;0;0;0;0;0;1;0;0;0;0;0;0;0;25;101;0;36;0;0;0;0;0;0;0;0;0;0;0;0;0;0
50168;2016-06;0;1;0;0;0;0;0;0;0;0;0;0;0;0;0;0;0;0;0;0;0;0;1;0;0;0;0;0;0;6;12;0;7;0;0;0;0;0;0;0;0;0;0;0;0;0;0
50169;2016-06;0;26;0;0;0;0;0;0;0;4;0;0;0;0;0;0;0;2;0;0;0;0;1;0;0;0;0;0;0;42;120;0;67;0;0;0;0;0;0;0;0;0;0;0;0;1;2
50170;2016-06;0;31;0;0;0;0;0;0;0;0;0;0;0;0;0;0;0;0;0;0;0;0;0;0;0;0;0;0;0;17;104;0;128;0;0;0;0;0;0;0;0;0;0;0;0;0;0
50171;2016-06;0;12;0;0;0;0;0;0;0;3;0;0;0;0;0;0;0;0;0;0;0;0;0;0;1;0;0;0;0;2;47;0;13;0;0;0;0;0;0;0;0;0;0;0;0;0;1
50172;2016-06;0;24;0;0;0;0;0;0;0;1;0;0;0;0;0;0;0;0;0;0;0;0;0;0;0;0;0;0;0;15;61;0;26;0;0;0;0;0;0;0;0;0;0;0;0;0;1
50173;2016-06;0;10;0;0;0;0;0;0;0;0;0;0;0;0;0;0;0;0;0;0;0;0;0;0;0;0;0;0;0;20;74;0;26;0;0;0;0;0;0;0;0;0;0;0;0;0;0
50174;2016-06;0;3;0;0;0;0;0;0;0;0;0;0;0;0;0;0;0;0;0;0;0;0;0;0;0;0;0;0;0;5;42;0;17;0;0;0;0;0;0;0;0;0;0;0;0;1;0
50175;2016-06;0;93;0;0;0;0;0;0;0;3;0;0;0;0;0;0;0;0;0;0;0;0;3;0;3;0;0;0;0;129;214;0;233;0;0;1;0;0;0;0;0;0;0;0;0;4;0
50176;2016-06;0;21;0;0;0;0;0;0;0;0;0;0;0;0;0;0;0;0;0;0;0;0;0;0;2;0;0;0;0;14;65;0;58;0;0;1;0;0;0;0;0;0;0;0;0;1;0
50177;2016-06;0;30;0;0;0;0;0;0;0;1;0;0;0;0;0;0;0;1;0;0;0;0;2;0;1;0;0;0;0;25;110;0;68;0;0;1;0;0;0;0;0;0;0;0;0;0;1
50178;2016-06;0;26;0;0;0;0;0;0;0;0;0;0;0;0;0;0;0;0;0;0;0;0;1;0;2;0;0;0;0;28;62;0;66;0;0;1;0;0;0;0;0;0;0;0;0;1;0
50179;2016-06;0;9;0;0;0;0;0;0;0;0;0;0;0;0;0;0;0;0;0;0;0;0;0;0;0;0;0;0;0;17;102;0;83;0;0;0;0;0;0;0;0;0;0;0;0;0;0
50180;2016-06;0;10;0;0;0;0;0;0;0;0;0;0;0;0;0;0;0;0;0;0;0;0;1;0;0;0;0;0;0;22;38;0;26;0;0;0;0;0;0;0;0;0;0;0;0;0;0
50181;2016-06;0;80;0;0;0;0;0;0;0;1;0;0;0;0;0;0;0;1;0;0;0;0;6;0;0;0;0;0;0;140;298;0;182;0;0;1;0;0;0;0;0;0;0;0;0;2;4
50182;2016-06;0;508;0;0;0;0;0;0;0;9;0;0;0;0;0;0;0;4;0;0;0;4;35;0;2;0;0;0;0;478;902;0;348;0;0;6;0;0;0;0;0;0;0;0;0;7;11
50183;2016-06;0;35;0;0;0;0;0;0;0;2;0;0;0;0;0;0;0;0;0;0;0;0;2;0;0;0;0;0;0;18;119;0;65;0;0;0;0;0;0;0;0;0;0;0;0;0;2
50184;2016-06;0;7;0;0;0;0;0;0;0;0;0;0;0;0;0;0;0;0;0;0;0;0;0;0;0;0;0;0;0;12;46;0;20;0;0;0;0;0;0;0;0;0;0;0;0;0;0
50185;2016-06;0;13;0;0;0;0;0;0;0;0;0;0;0;0;0;0;0;0;0;0;0;0;0;0;0;0;0;0;0;46;32;0;15;0;0;1;0;0;0;0;0;0;0;0;0;0;0
50186;2016-06;0;4;0;0;0;0;0;0;0;0;0;0;0;0;0;0;0;1;0;0;0;1;1;0;0;0;0;0;0;8;9;0;7;0;0;0;0;0;0;0;0;0;0;0;0;0;0
50187;2016-06;0;0;0;0;0;0;0;0;0;0;0;0;0;0;0;0;0;0;0;0;0;0;0;0;0;0;0;0;0;13;19;0;12;0;0;0;0;0;0;0;0;0;0;0;0;0;0
50188;2016-06;0;1;0;0;0;0;0;0;0;0;0;0;0;0;0;0;0;0;0;0;0;0;0;0;0;0;0;0;0;1;15;0;8;0;0;0;0;0;0;0;0;0;0;0;0;0;0
50189;2016-06;0;44;0;0;0;0;0;0;0;1;0;0;0;0;0;0;0;0;0;0;0;0;0;0;0;0;0;0;0;83;244;0;131;0;0;0;0;0;0;0;0;0;0;0;0;0;3
50190;2016-06;0;48;0;0;0;0;0;0;0;0;0;0;0;0;0;0;0;0;0;0;0;0;2;0;0;0;0;0;0;63;181;0;218;0;0;0;0;0;0;0;0;0;0;0;0;0;0
50191;2016-06;0;38;0;0;0;0;0;0;0;4;0;0;0;0;0;0;0;1;0;0;0;0;2;0;1;0;0;0;0;41;133;0;87;0;0;0;0;0;0;0;0;0;0;0;0;0;0
50192;2016-06;0;21;0;0;0;0;0;0;0;0;0;0;0;0;0;0;0;0;0;0;0;0;3;0;0;0;0;0;0;20;71;0;63;0;0;0;0;0;0;0;0;0;0;0;0;0;0
50193;2016-06;0;100;0;0;0;0;0;0;0;1;0;0;0;0;0;0;0;2;0;0;0;0;8;0;1;0;0;0;0;119;159;0;106;0;0;0;0;0;0;0;0;0;0;0;0;3;0
50194;2016-06;0;5;0;0;0;0;0;0;0;0;0;0;0;0;0;0;0;0;0;0;0;0;0;0;0;0;0;0;0;6;36;0;15;0;0;0;0;0;0;0;0;0;0;0;0;0;0
50195;2016-06;0;6;0;0;0;0;0;0;0;1;0;0;0;0;0;0;0;0;0;0;0;0;0;0;0;0;0;0;0;7;19;0;7;0;0;0;0;0;0;0;0;0;0;0;0;0;0
50196;2016-06;0;4;0;0;0;0;0;0;0;2;0;0;0;0;0;0;0;0;0;0;0;0;0;0;0;0;0;0;0;17;12;0;50;0;0;0;0;0;0;0;0;0;0;0;0;0;1
50197;2016-06;0;10;0;0;0;0;0;0;0;0;0;0;0;0;0;0;0;0;0;0;0;0;0;0;0;0;0;0;0;2;41;0;12;0;0;0;0;0;0;0;0;0;0;0;0;0;0
50198;2016-06;0;6;0;0;0;0;0;0;0;0;0;0;0;0;0;0;0;0;0;0;0;0;0;0;0;0;0;0;0;2;20;0;12;0;0;0;0;0;0;0;0;0;0;0;0;0;0
50199;2016-06;0;27;0;0;0;0;0;0;0;3;0;0;0;0;0;0;0;0;0;0;0;1;6;0;0;0;0;0;0;35;89;0;76;0;0;0;0;0;0;0;0;0;0;0;0;2;0
50200;2016-06;0;75;0;0;0;0;0;0;0;1;0;0;0;0;0;0;0;0;0;0;0;0;3;0;0;0;0;0;0;56;88;0;178;0;0;0;0;0;0;0;0;0;0;0;0;0;0
50201;2016-06;0;55;0;0;0;0;0;0;0;2;0;0;0;0;0;0;0;0;0;0;0;0;0;0;0;0;0;0;0;40;126;0;104;0;0;0;0;0;0;0;0;0;0;0;0;0;1
50202;2016-06;0;5;0;0;0;0;0;0;0;0;0;0;0;0;0;0;0;0;0;0;0;0;0;0;0;0;0;0;0;7;54;0;32;0;0;0;0;0;0;0;0;0;0;0;0;0;0
50203;2016-06;0;133;0;0;0;0;0;0;0;6;0;0;0;0;0;0;0;0;0;0;0;3;8;0;0;0;0;0;0;184;216;0;178;0;0;1;0;0;0;0;0;0;0;0;0;0;3
50204;2016-06;0;172;0;0;0;0;0;0;0;4;0;0;0;0;0;0;0;0;0;0;0;4;7;0;5;0;0;0;0;325;441;0;802;0;0;3;0;0;0;0;0;0;0;0;0;0;4
50205;2016-06;0;10;0;0;0;0;0;0;0;0;0;0;0;0;0;0;0;1;0;0;0;0;1;0;0;0;0;0;0;5;15;0;26;0;0;1;0;0;0;0;0;0;0;0;0;2;0
50206;2016-06;0;50;0;0;0;0;0;0;0;4;0;0;0;0;0;0;0;0;0;0;0;0;3;0;1;0;0;0;0;62;158;0;74;0;0;0;0;0;0;0;0;0;0;0;0;0;1
50207;2016-06;0;13;0;0;0;0;0;0;0;0;0;0;0;0;0;0;0;0;0;0;0;0;0;0;0;0;0;0;0;17;37;0;24;0;0;1;0;0;0;0;0;0;0;0;0;0;0
50208;2016-06;0;166;0;0;0;0;0;0;0;3;0;0;0;0;0;0;0;1;0;0;0;1;9;0;0;0;0;0;0;177;402;0;415;0;0;1;0;0;0;0;0;0;0;0;0;3;7
50209;2016-06;0;305;0;0;0;0;0;0;0;5;0;0;0;0;0;0;0;4;0;0;0;0;25;0;1;0;0;0;0;342;625;0;386;0;0;6;0;0;0;0;0;0;0;0;0;7;2
50210;2016-06;0;1;0;0;0;0;0;0;0;0;0;0;0;0;0;0;0;0;0;0;0;0;0;0;0;0;0;0;0;3;14;0;11;0;0;0;0;0;0;0;0;0;0;0;0;0;0
50211;2016-06;0;22;0;0;0;0;0;0;0;0;0;0;0;0;0;0;0;0;0;0;0;0;0;0;0;0;0;0;0;11;92;0;48;0;0;0;0;0;0;0;0;0;0;0;0;0;0
50212;2016-06;0;4;0;0;0;0;0;0;0;0;0;0;0;0;0;0;0;0;0;0;0;0;1;0;0;0;0;0;0;6;13;0;11;0;0;0;0;0;0;0;0;0;0;0;0;0;1
50213;2016-06;0;4;0;0;0;0;0;0;0;0;0;0;0;0;0;0;0;0;0;0;0;0;0;0;0;0;0;0;0;4;56;0;10;0;0;0;0;0;0;0;0;0;0;0;0;0;0
50214;2016-06;0;0;0;0;0;0;0;0;0;0;0;0;0;0;0;0;0;0;0;0;0;0;0;0;0;0;0;0;0;4;10;0;3;0;0;0;0;0;0;0;0;0;0;0;0;0;0
50215;2016-06;0;1;0;0;0;0;0;0;0;0;0;0;0;0;0;0;0;0;0;0;0;0;1;0;0;0;0;0;0;10;7;0;0;0;0;0;0;0;0;0;0;0;0;0;0;0;0
50216;2016-06;0;16;0;0;0;0;0;0;0;0;0;0;0;0;0;0;0;0;0;0;0;0;0;0;0;0;0;0;0;16;101;0;44;0;0;0;0;0;0;0;0;0;0;0;0;1;1
50217;2016-06;0;25;0;0;0;0;0;0;0;0;0;0;0;0;0;0;0;1;0;0;0;0;1;0;0;0;0;0;0;20;135;0;158;0;0;0;0;0;0;0;0;0;0;0;0;0;1
50218;2016-06;0;12;0;0;0;0;0;0;0;0;0;0;0;0;0;0;0;0;0;0;0;0;0;0;0;0;0;0;0;9;52;0;17;0;0;0;0;0;0;0;0;0;0;0;0;0;0
50219;2016-06;0;626;0;0;0;0;0;0;0;26;0;0;0;0;0;0;0;6;0;0;0;8;56;0;3;0;0;0;0;651;831;0;556;0;0;9;0;0;0;0;0;0;0;0;0;3;10
50220;2016-06;0;3;0;0;0;0;0;0;0;0;0;0;0;0;0;0;0;0;0;0;0;0;0;0;0;0;0;0;0;8;8;0;11;0;0;2;0;0;0;0;0;0;0;0;0;0;0
50221;2016-06;0;2;0;0;0;0;0;0;0;0;0;0;0;0;0;0;0;0;0;0;0;0;0;0;0;0;0;0;0;0;5;0;7;0;0;0;0;0;0;0;0;0;0;0;0;3;0
50222;2016-06;0;103;0;0;0;0;0;0;0;6;0;0;0;0;0;0;0;1;0;0;0;1;4;0;4;0;0;0;0;125;405;0;411;0;0;0;0;0;0;0;0;0;0;0;0;3;1
50223;2016-06;0;51;0;0;0;0;0;0;0;0;0;0;0;0;0;0;0;0;0;0;0;0;0;0;1;0;0;0;0;88;219;0;338;0;0;0;0;0;0;0;0;0;0;0;0;0;0
50224;2016-06;0;5;0;0;0;0;0;0;0;0;0;0;0;0;0;0;0;0;0;0;0;0;0;0;0;0;0;0;0;4;36;0;9;0;0;0;0;0;0;0;0;0;0;0;0;0;0
50225;2016-06;0;105;0;0;0;0;0;0;0;6;0;0;0;0;0;0;0;0;0;0;0;0;5;0;2;0;0;0;0;105;477;0;239;0;0;2;0;0;0;0;0;0;0;0;0;1;5
50227;2016-06;0;8;0;0;0;0;0;0;0;0;0;0;0;0;0;0;0;0;0;0;0;0;0;0;0;0;0;0;0;13;40;0;18;0;0;0;0;0;0;0;0;0;0;0;0;0;0
50228;2016-06;0;31;0;0;0;0;0;0;0;0;0;0;0;0;0;0;0;0;0;0;0;0;0;0;1;0;0;0;0;9;119;0;40;0;0;2;0;0;0;0;0;0;0;0;0;0;1
50229;2016-06;0;4;0;0;0;0;0;0;0;0;0;0;0;0;0;0;0;0;0;0;0;0;0;0;0;0;0;0;0;18;11;0;12;0;0;0;0;0;0;0;0;0;0;0;0;0;0
50230;2016-06;0;75;0;0;0;0;0;0;0;1;0;0;0;0;0;0;0;0;0;0;0;2;1;0;0;0;0;0;0;118;360;0;261;0;0;0;0;0;0;0;0;0;0;0;0;2;0
50231;2016-06;0;18;0;0;0;0;0;0;0;2;0;0;0;0;0;0;0;0;0;0;0;0;1;0;0;0;0;0;0;25;78;0;64;0;0;0;0;0;0;0;0;0;0;0;0;0;0
50232;2016-06;0;8;0;0;0;0;0;0;0;3;0;0;0;0;0;0;0;0;0;0;0;0;0;0;0;0;0;0;0;30;47;0;19;0;0;0;0;0;0;0;0;0;0;0;0;0;0
50233;2016-06;0;14;0;0;0;0;0;0;0;0;0;0;0;0;0;0;0;0;0;0;0;0;1;0;0;0;0;0;0;4;46;0;15;0;0;0;0;0;0;0;0;0;0;0;0;0;1
50234;2016-06;0;34;0;0;0;0;0;0;0;2;0;0;0;0;0;0;0;0;0;0;0;0;0;0;0;0;0;0;0;24;87;0;31;0;0;0;0;0;0;0;0;0;0;0;0;0;1
50235;2016-06;0;307;0;0;0;0;0;0;0;4;0;0;0;0;0;0;0;4;0;0;0;1;19;0;2;0;0;0;0;348;600;0;341;0;0;2;0;0;0;0;0;0;0;0;0;5;4
50236;2016-06;0;5;0;0;0;0;0;0;0;1;0;0;0;0;0;0;0;0;0;0;0;0;0;0;0;0;0;0;0;3;47;0;21;0;0;0;0;0;0;0;0;0;0;0;0;0;0
50237;2016-06;0;6;0;0;0;0;0;0;0;0;0;0;0;0;0;0;0;0;0;0;0;0;0;0;0;0;0;0;0;15;33;0;16;0;0;0;0;0;0;0;0;0;0;0;0;2;0
50238;2016-06;0;7;0;0;0;0;0;0;0;0;0;0;0;0;0;0;0;0;0;0;0;0;0;0;0;0;0;0;0;12;32;0;13;0;0;1;0;0;0;0;0;0;0;0;0;0;0
50239;2016-06;0;3;0;0;0;0;0;0;0;0;0;0;0;0;0;0;0;0;0;0;0;0;0;0;0;0;0;0;0;3;35;0;7;0;0;0;0;0;0;0;0;0;0;0;0;0;0
50240;2016-06;0;82;0;0;0;0;0;0;0;1;0;0;0;0;0;0;0;0;0;0;0;0;1;0;0;0;0;0;0;114;244;0;261;0;0;0;0;0;0;0;0;0;0;0;0;3;2
50241;2016-06;0;37;0;0;0;0;0;0;0;2;0;0;0;0;0;0;0;0;0;0;0;0;2;0;1;0;0;0;0;35;206;0;121;0;0;2;0;0;0;0;0;0;0;0;0;0;0
50242;2016-06;0;7;0;0;0;0;0;0;0;1;0;0;0;0;0;0;0;0;0;0;0;0;0;0;0;0;0;0;0;19;28;0;17;0;0;0;0;0;0;0;0;0;0;0;0;0;0
50243;2016-06;0;32;0;0;0;0;0;0;0;1;0;0;0;0;0;0;0;0;0;0;0;0;0;0;1;0;0;0;0;12;121;0;76;0;0;0;0;0;0;0;0;0;0;0;0;0;3
50244;2016-06;0;23;0;0;0;0;0;0;0;0;0;0;0;0;0;0;0;0;0;0;0;0;0;0;0;0;0;0;0;15;81;0;37;0;0;1;0;0;0;0;0;0;0;0;0;1;2
50245;2016-06;0;6;0;0;0;0;0;0;0;0;0;0;0;0;0;0;0;0;0;0;0;1;0;0;0;0;0;0;0;12;26;0;19;0;0;0;0;0;0;0;0;0;0;0;0;0;0
50246;2016-06;0;0;0;0;0;0;0;0;0;0;0;0;0;0;0;0;0;0;0;0;0;0;0;0;0;0;0;0;0;2;21;0;5;0;0;0;0;0;0;0;0;0;0;0;0;0;0
50247;2016-06;0;115;0;0;0;0;0;0;0;6;0;0;0;0;0;0;0;2;0;0;0;1;3;0;1;0;0;0;0;69;261;0;117;0;0;0;0;0;0;0;0;0;0;0;0;1;2
50248;2016-06;0;34;0;0;0;0;0;0;0;0;0;0;0;0;0;0;0;0;0;0;0;0;1;0;0;0;0;0;0;67;139;0;129;0;0;1;0;0;0;0;0;0;0;0;0;1;0
50249;2016-06;0;18;0;0;0;0;0;0;0;0;0;0;0;0;0;0;0;0;0;0;0;1;0;0;0;0;0;0;0;17;146;0;33;0;0;4;0;0;0;0;0;0;0;0;0;0;1
50250;2016-06;0;6;0;0;0;0;0;0;0;0;0;0;0;0;0;0;0;0;0;0;0;0;0;0;0;0;0;0;0;11;19;0;8;0;0;0;0;0;0;0;0;0;0;0;0;0;0
50251;2016-06;0;891;0;0;0;0;0;0;0;15;0;0;0;0;0;0;0;6;0;0;0;6;33;0;6;0;0;0;0;1145;2282;0;1420;0;0;9;0;0;0;0;0;0;0;0;0;7;8
50252;2016-06;0;477;0;0;0;0;0;0;0;7;0;0;0;0;0;0;0;2;0;0;0;2;10;0;1;0;0;0;0;466;1665;0;940;0;0;1;0;0;0;0;0;0;0;0;0;5;11
50253;2016-06;0;31;0;0;0;0;0;0;0;0;0;0;0;0;0;0;0;0;0;0;0;0;2;0;0;0;0;0;0;30;174;0;84;0;0;3;0;0;0;0;0;0;0;0;0;0;0
50254;2016-06;0;10;0;0;0;0;0;0;0;0;0;0;0;0;0;0;0;0;0;0;0;0;0;0;0;0;0;0;0;16;55;0;34;0;0;0;0;0;0;0;0;0;0;0;0;0;0
50255;2016-06;0;11;0;0;0;0;0;0;0;1;0;0;0;0;0;0;0;0;0;0;0;0;0;0;0;0;0;0;0;15;23;0;108;0;0;0;0;0;0;0;0;0;0;0;0;0;0
50256;2016-06;0;5;0;0;0;0;0;0;0;0;0;0;0;0;0;0;0;0;0;0;0;0;0;0;0;0;0;0;0;3;39;0;6;0;0;0;0;0;0;0;0;0;0;0;0;0;0
50257;2016-06;0;11;0;0;0;0;0;0;0;0;0;0;0;0;0;0;0;0;0;0;0;0;1;0;0;0;0;0;0;23;44;0;53;0;0;0;0;0;0;0;0;0;0;0;0;0;0
50258;2016-06;0;6;0;0;0;0;0;0;0;0;0;0;0;0;0;0;0;1;0;0;0;0;1;0;0;0;0;0;0;3;19;0;4;0;0;0;0;0;0;0;0;0;0;0;0;0;0
50259;2016-06;0;10;0;0;0;0;0;0;0;0;0;0;0;0;0;0;0;0;0;0;0;0;0;0;0;0;0;0;0;2;44;0;10;0;0;0;0;0;0;0;0;0;0;0;0;0;0
50260;2016-06;0;3;0;0;0;0;0;0;0;0;0;0;0;0;0;0;0;0;0;0;0;0;0;0;0;0;0;0;0;4;19;0;6;0;0;0;0;0;0;0;0;0;0;0;0;0;0
50261;2016-06;0;14;0;0;0;0;0;0;0;0;0;0;0;0;0;0;0;0;0;0;0;0;0;0;0;0;0;0;0;43;32;0;68;0;0;0;0;0;0;0;0;0;0;0;0;0;0
50262;2016-06;0;96;0;0;0;0;0;0;0;0;0;0;0;0;0;0;0;1;0;0;0;1;4;0;0;0;0;0;0;210;230;0;327;0;0;0;0;0;0;0;0;0;0;0;0;1;2
50263;2016-06;0;12;0;0;0;0;0;0;0;1;0;0;0;0;0;0;0;1;0;0;0;0;2;0;0;0;0;0;0;18;43;0;43;0;0;1;0;0;0;0;0;0;0;0;0;0;0
50264;2016-06;0;9;0;0;0;0;0;0;0;1;0;0;0;0;0;0;0;0;0;0;0;0;4;0;1;0;0;0;0;19;29;0;51;0;0;0;0;0;0;0;0;0;0;0;0;1;0
50265;2016-06;0;4;0;0;0;0;0;0;0;0;0;0;0;0;0;0;0;1;0;0;0;0;0;0;0;0;0;0;0;16;29;0;11;0;0;0;0;0;0;0;0;0;0;0;0;0;0
50266;2016-06;0;6;0;0;0;0;0;0;0;0;0;0;0;0;0;0;0;0;0;0;0;0;0;0;1;0;0;0;0;5;49;0;29;0;0;0;0;0;0;0;0;0;0;0;0;0;0
50267;2016-06;0;45;0;0;0;0;0;0;0;2;0;0;0;0;0;0;0;1;0;0;0;1;1;0;1;0;0;0;0;64;137;0;168;0;0;1;0;0;0;0;0;0;0;0;0;0;1
50268;2016-06;0;3;0;0;0;0;0;0;0;1;0;0;0;0;0;0;0;0;0;0;0;0;0;0;0;0;0;0;0;11;18;0;4;0;0;0;0;0;0;0;0;0;0;0;0;0;0
50269;2016-06;0;15;0;0;0;0;0;0;0;0;0;0;0;0;0;0;0;0;0;0;0;0;1;0;0;0;0;0;0;16;106;0;50;0;0;0;0;0;0;0;0;0;0;0;0;0;0
50270;2016-06;0;2;0;0;0;0;0;0;0;2;0;0;0;0;0;0;0;0;0;0;0;0;0;0;0;0;0;0;0;8;10;0;3;0;0;1;0;0;0;0;0;0;0;0;0;0;0
50271;2016-06;0;25;0;0;0;0;0;0;0;1;0;0;0;0;0;0;0;0;0;0;0;0;0;0;0;0;0;0;0;14;106;0;48;0;0;0;0;0;0;0;0;0;0;0;0;0;1
50272;2016-06;0;1860;0;0;0;0;0;0;0;60;0;0;0;0;0;0;0;10;0;0;0;16;117;0;7;0;0;0;0;1938;2562;0;2082;0;0;24;0;0;0;0;0;0;0;0;0;27;32
50273;2016-06;0;0;0;0;0;0;0;0;0;0;0;0;0;0;0;0;0;0;0;0;0;0;0;0;0;0;0;0;0;1;14;0;6;0;0;0;0;0;0;0;0;0;0;0;0;1;0
50274;2016-06;0;7;0;0;0;0;0;0;0;0;0;0;0;0;0;0;0;0;0;0;0;0;0;0;0;0;0;0;0;8;28;0;11;0;0;1;0;0;0;0;0;0;0;0;0;0;0
50275;2016-06;0;1;0;0;0;0;0;0;0;0;0;0;0;0;0;0;0;0;0;0;0;0;0;0;1;0;0;0;0;5;35;0;13;0;0;0;0;0;0;0;0;0;0;0;0;0;0
50276;2016-06;0;7;0;0;0;0;0;0;0;1;0;0;0;0;0;0;0;0;0;0;0;0;0;0;2;0;0;0;0;11;46;0;33;0;0;0;0;0;0;0;0;0;0;0;0;0;1
50277;2016-06;0;3;0;0;0;0;0;0;0;0;0;0;0;0;0;0;0;0;0;0;0;0;2;0;0;0;0;0;0;7;27;0;2;0;0;0;0;0;0;0;0;0;0;0;0;0;0
50278;2016-06;0;14;0;0;0;0;0;0;0;0;0;0;0;0;0;0;0;0;0;0;0;0;1;0;1;0;0;0;0;14;77;0;36;0;0;0;0;0;0;0;0;0;0;0;0;1;1
50279;2016-06;0;4;0;0;0;0;0;0;0;0;0;0;0;0;0;0;0;0;0;0;0;0;1;0;0;0;0;0;0;5;13;0;41;0;0;0;0;0;0;0;0;0;0;0;0;0;0
50280;2016-06;0;39;0;0;0;0;0;0;0;2;0;0;0;0;0;0;0;0;0;0;0;0;1;0;1;0;0;0;0;45;76;0;80;0;0;6;0;0;0;0;0;0;0;0;0;0;0
50281;2016-06;0;5;0;0;0;0;0;0;0;0;0;0;0;0;0;0;0;0;0;0;0;0;0;0;0;0;0;0;0;4;36;0;5;0;0;0;0;0;0;0;0;0;0;0;0;0;0
50282;2016-06;0;11;0;0;0;0;0;0;0;0;0;0;0;0;0;0;0;0;0;0;0;0;0;0;0;0;0;0;0;6;28;0;9;0;0;0;0;0;0;0;0;0;0;0;0;0;0
50283;2016-06;0;2;0;0;0;0;0;0;0;1;0;0;0;0;0;0;0;0;0;0;0;0;0;0;0;0;0;0;0;6;30;0;16;0;0;1;0;0;0;0;0;0;0;0;0;0;0
50284;2016-06;0;5;0;0;0;0;0;0;0;0;0;0;0;0;0;0;0;0;0;0;0;0;0;0;0;0;0;0;0;15;42;0;42;0;0;0;0;0;0;0;0;0;0;0;0;0;0
50285;2016-06;0;57;0;0;0;0;0;0;0;2;0;0;0;0;0;0;0;0;0;0;0;2;9;0;0;0;0;0;0;59;175;0;126;0;0;1;0;0;0;0;0;0;0;0;0;1;0
50286;2016-06;0;6;0;0;0;0;0;0;0;0;0;0;0;0;0;0;0;0;0;0;0;0;0;0;0;0;0;0;0;6;18;0;17;0;0;0;0;0;0;0;0;0;0;0;0;0;0
50287;2016-06;0;19;0;0;0;0;0;0;0;0;0;0;0;0;0;0;0;0;0;0;0;0;1;0;0;0;0;0;0;30;89;0;52;0;0;0;0;0;0;0;0;0;0;0;0;0;0
50288;2016-06;0;543;0;0;0;0;0;0;0;7;0;0;0;0;0;0;0;1;0;0;0;2;20;0;3;0;0;0;0;384;940;0;457;0;0;2;0;0;0;0;0;0;0;0;0;3;5
50289;2016-06;0;0;0;0;0;0;0;0;0;0;0;0;0;0;0;0;0;0;0;0;0;0;0;0;0;0;0;0;0;3;21;0;14;0;0;0;0;0;0;0;0;0;0;0;0;0;0
50290;2016-06;0;23;0;0;0;0;0;0;0;3;0;0;0;0;0;0;0;0;0;0;0;0;1;0;0;0;0;0;0;44;116;0;93;0;0;0;0;0;0;0;0;0;0;0;0;0;1
50291;2016-06;0;3;0;0;0;0;0;0;0;0;0;0;0;0;0;0;0;0;0;0;0;1;0;0;0;0;0;0;0;5;43;0;19;0;0;0;0;0;0;0;0;0;0;0;0;0;3
50292;2016-06;0;11;0;0;0;0;0;0;0;0;0;0;0;0;0;0;0;0;0;0;0;1;0;0;0;0;0;0;0;6;66;0;17;0;0;0;0;0;0;0;0;0;0;0;0;0;0
50293;2016-06;0;22;0;0;0;0;0;0;0;1;0;0;0;0;0;0;0;0;0;0;0;0;0;0;0;0;0;0;0;60;91;0;97;0;0;0;0;0;0;0;0;0;0;0;0;0;0
50294;2016-06;0;7;0;0;0;0;0;0;0;0;0;0;0;0;0;0;0;0;0;0;0;0;1;0;0;0;0;0;0;5;32;0;18;0;0;0;0;0;0;0;0;0;0;0;0;0;0
50295;2016-06;0;6;0;0;0;0;0;0;0;0;0;0;0;0;0;0;0;0;0;0;0;0;0;0;0;0;0;0;0;5;18;0;13;0;0;0;0;0;0;0;0;0;0;0;0;0;0
50296;2016-06;0;42;0;0;0;0;0;0;0;3;0;0;0;0;0;0;0;0;0;0;0;1;1;0;0;0;0;0;0;64;51;0;107;0;0;1;0;0;0;0;0;0;0;0;0;1;0
50297;2016-06;0;63727;0;0;0;0;0;0;0;2379;0;0;0;0;0;0;0;393;0;0;0;424;3854;0;409;0;0;0;0;78527;121660;0;82192;0;0;891;0;0;0;0;0;0;0;0;0;1114;1240
50298;2016-06;0;620;0;0;0;0;0;0;0;13;0;0;0;0;0;0;0;4;0;0;0;5;36;0;4;0;0;0;0;608;1489;0;1058;0;0;0;0;0;0;0;0;0;0;0;0;7;19
50901;2016-06;0;11;0;0;0;0;0;0;0;0;0;0;0;0;0;0;0;0;0;0;0;0;1;0;0;0;0;0;0;17;42;0;33;0;0;0;0;0;0;0;0;0;0;0;0;1;0
50902;2016-06;0;8;0;0;0;0;0;0;0;0;0;0;0;0;0;0;0;0;0;0;0;0;0;0;0;0;0;0;0;4;50;0;14;0;0;0;0;0;0;0;0;0;0;0;0;1;0
50903;2016-06;0;259;0;0;0;0;0;0;0;5;0;0;0;0;0;0;0;0;0;0;0;2;19;0;0;0;0;0;0;387;546;0;346;0;0;5;0;0;0;0;0;0;0;0;0;4;4
51001;2016-06;0;3542;0;0;0;0;0;0;0;0;0;0;0;0;0;0;0;0;0;0;0;0;327;0;0;0;0;0;0;3322;15956;0;6947;0;0;117;0;0;0;0;0;0;0;0;0;71;139
52001;2016-06;0;3343;0;0;0;0;0;0;0;0;0;0;0;0;0;0;0;0;0;0;0;0;316;0;0;0;0;0;0;2638;13478;0;6783;0;0;43;0;0;0;0;0;0;0;0;0;144;0
